compound_id,parent_id,canonical_smiles,inchikey,generation_method,attachment_site,reaction_smarts,building_block_id,building_block_smiles,generator_config,seed,provenance_hash,timestamp,design_index,substitution_depth,sanitization_status,desalting_status,valence_status,molecular_weight,clogp,tpsa,hbd,hba,rotatable_bonds,lipinski_pass,veber_pass,pains_warnings,reactive_warnings,warning_count,qc_status,rejection_reason,absolute_formal_charge,ring_count,fraction_csp3,scaffold,filter_status,hard_failure_reasons,warning_reasons,filter_protocol_id,filter_hash,attempt,cached,canonical_smiles_vina,completed_at,elapsed_seconds,ligand_sha256,pose_centroid,pose_count,pose_qc,pose_sha256,protocol_id,scaffold_vina,scope,signature,started_at,status,stderr_sha256,stdout_sha256,training,vina_affinity,folder,similarity_to_IN2,vina_utility,rank_boundary_proximity,scaffold_novelty,evidence_completeness_before,evidence_gap,protocol_uncertainty,protocol_uncertainty_status,acquisition_priority,acquisition_scope,acquisition_rank,existing_open_mmgbsa_evidence
ATP-RDL-FC76E2D041DBC392,ATP-REF-IN2,C[NH+](C)Cc1ccc(C[NH2+]Cc2cc3ccccc3nc2SCc2ccc(C3CCC3)c(O)c2)cc1,WFYFFUAKCDUSCQ-UHFFFAOYSA-P,scaffold_preserving_R_group_enumeration,26;27,[cH:1].[*:2]-[*:3]>>[c:1]-[*:3],R_cBu;R_OH,[*:1]C1CCC1;[*:1]O,0edaacdb8a4b66f6f28108efa09d111887870a2ef58b4953eddeaca48e82dd6b,20260903,50465c76216f6a8bcef638cb5136ef63d5aa6e0b16f7f15e6aa21ce711fc2b68,2026-09-02T19:24:56.199851+00:00,203764,2,pass,unchanged,pass,499.724,4.4083,54.17,3,3,10,True,True,,,0,accepted,,2,5,0.3225806451612903,c1ccc(C[NH2+]Cc2cc3ccccc3nc2SCc2ccc(C3CCC3)cc2)cc1,accepted,,,open_physchem_structural_filter_v1,d92427f281c4690cf9034ca006ecd000dadc0a5711555781c0279b1b88e8ac6a,1,True,C[NH+](C)Cc1ccc(C[NH2+]Cc2cc3ccccc3nc2SCc2ccc(C3CCC3)c(O)c2)cc1,2026-09-02T18:21:11.149555+00:00,152.2308704853058,7015737e4d2abee1f9fb23a86f3220c507153ede2883d1ade7beb1d98740128a,"[195.4077777777778, 188.99869444444442, 160.56847222222223]",9,pass,0d3cf81c7ad2094944b637f2983b099292fd809f095d58c9b064a7364cc34526,vina_7p3w_v1,c1ccc(C[NH2+]Cc2cc3ccccc3nc2SCc2ccc(C3CCC3)cc2)cc1,computational docking evidence; not biological activity,9fd77bcdd14402cc651e9cd96de7270ec5f62e45a6e7fd5dfa22eb9163b936c8,2026-09-02T18:18:38.937262+00:00,success,e3b0c44298fc1c149afbf4c8996fb92427ae41e4649b934ca495991b7852b855,2486a9a40c83b2c7e042301e3f48cd1ff153efa5a3d160fcc8ccfe2d5e751adc,False,-8.574,workspace_local/library_generation/in2_smoke_100_v1/vina_jobs/9f/9fd77bcdd14402cc651e9cd96de7270ec5f62e45a6e7fd5dfa22eb9163b936c8,0.6885245901639344,0.9508196721311475,0.8114754098360657,1.0,0.5,0.5,,unavailable_single_docking_protocol,0.8614754098360657,next expensive evidence priority; NOT biological hit ranking,1,True
ATP-RDL-C7B0FC4CAE17E985,ATP-REF-IN2,C[NH+](C)Cc1ccc(C[NH2+]Cc2cc3ccc(C4CCC4)cc3nc2SCc2cccc(O)c2)cc1,ACEKYWUTYMSJSI-UHFFFAOYSA-P,scaffold_preserving_R_group_enumeration,16;25,[cH:1].[*:2]-[*:3]>>[c:1]-[*:3],R_cBu;R_OH,[*:1]C1CCC1;[*:1]O,0edaacdb8a4b66f6f28108efa09d111887870a2ef58b4953eddeaca48e82dd6b,20260903,3d65ca358ec3f3a120835b1fd2bb6396ddbd03e38b45602672be1ea609ac33dd,2026-09-02T19:24:56.199851+00:00,143764,2,pass,unchanged,pass,499.724,4.4083,54.17,3,3,10,True,True,,,0,accepted,,2,5,0.3225806451612903,c1ccc(C[NH2+]Cc2cc3ccc(C4CCC4)cc3nc2SCc2ccccc2)cc1,accepted,,,open_physchem_structural_filter_v1,d92427f281c4690cf9034ca006ecd000dadc0a5711555781c0279b1b88e8ac6a,1,True,C[NH+](C)Cc1ccc(C[NH2+]Cc2cc3ccc(C4CCC4)cc3nc2SCc2cccc(O)c2)cc1,2026-09-03T07:29:19.154405+00:00,152.15703058242798,9d96fe035848080b0071115961769aa12dfa25225d4b2bda285843a8d1155f67,"[196.33927777777777, 190.0146388888889, 159.462]",9,pass,b0aae5110b067ab956faf0d4be5922cda97b659665f2eb42a4364472d4765d60,vina_7p3w_v1,c1ccc(C[NH2+]Cc2cc3ccc(C4CCC4)cc3nc2SCc2ccccc2)cc1,computational docking evidence; not biological activity,3bf86b8cb03ee5c9c656bf8ced664e24b1ade21dd87bccd3a0f1477dcb4de0b1,2026-09-03T07:26:47.018477+00:00,success,e3b0c44298fc1c149afbf4c8996fb92427ae41e4649b934ca495991b7852b855,e102aebaba84e63ba819b108d273a6181f515b6a070b079a332cbb1681cd66f5,False,-8.578,workspace_local/reference_workflow/vina_cache/3b/3bf86b8cb03ee5c9c656bf8ced664e24b1ade21dd87bccd3a0f1477dcb4de0b1,0.5909090909090909,0.9672131147540983,0.7909836065573772,1.0,0.5,0.5,,unavailable_single_docking_protocol,0.8541728763040239,next expensive evidence priority; NOT biological hit ranking,2,True
ATP-RDL-45D33411FCB29216,ATP-REF-IN2,Cc1cc(C[NH2+]Cc2cc3ccccc3nc2SCc2ccccc2)c(C2CC2)cc1C[NH+](C)C,YFKVBBKQLSBSJZ-UHFFFAOYSA-P,scaffold_preserving_R_group_enumeration,5;29,[cH:1].[*:2]-[*:3]>>[c:1]-[*:3],R_Me;R_cPr,[*:1]C;[*:1]C1CC1,0edaacdb8a4b66f6f28108efa09d111887870a2ef58b4953eddeaca48e82dd6b,20260903,d453a8ad22b9b38819dc87ce5480c20e0688ea70c1c5a7035bd09f009a35e214,2026-09-02T19:24:56.199851+00:00,28410,2,pass,unchanged,pass,483.725,4.62102,33.94,2,2,10,True,True,,,0,accepted,,2,5,0.3225806451612903,c1ccc(CSc2nc3ccccc3cc2C[NH2+]Cc2ccccc2C2CC2)cc1,accepted,,,open_physchem_structural_filter_v1,d92427f281c4690cf9034ca006ecd000dadc0a5711555781c0279b1b88e8ac6a,1,True,Cc1cc(C[NH2+]Cc2cc3ccccc3nc2SCc2ccccc2)c(C2CC2)cc1C[NH+](C)C,2026-09-03T07:57:10.218771+00:00,346.78524899482727,550cce8eb462b2002faab347855abd8db1a07e55cf16c583126117aa1e9aab68,"[194.49522857142856, 188.9127142857143, 162.1076857142857]",9,pass,58d5b5c34c150faad6fa831cc7abc1fe525ca3fb36009f60f722a3b83295df93,vina_7p3w_v1,c1ccc(CSc2nc3ccccc3cc2C[NH2+]Cc2ccccc2C2CC2)cc1,computational docking evidence; not biological activity,2c21efb4b2f8daf1a147d8b00a3441f990605d82059954cd995e15e3b8a07c96,2026-09-03T07:51:23.459873+00:00,success,e3b0c44298fc1c149afbf4c8996fb92427ae41e4649b934ca495991b7852b855,4484744d76c3810ef01cb621b81ac239cbd6b96217d5694a7ab7ead1e074042c,False,-8.381,workspace_local/reference_workflow/vina_cache/2c/2c21efb4b2f8daf1a147d8b00a3441f990605d82059954cd995e15e3b8a07c96,0.6666666666666666,0.7540983606557377,0.942622950819672,0.7071067811865475,0.5,0.5,,unavailable_single_docking_protocol,0.7482519573302058,next expensive evidence priority; NOT biological hit ranking,3,False
ATP-RDL-8F532EB6C9924E81,ATP-REF-IN2,C[NH+](C)Cc1ccc(C[NH2+]Cc2c(SCc3ccccc3O)nc3ccccc3c2C2CCC2)cc1,FVNQQNXDZBJVPA-UHFFFAOYSA-P,scaffold_preserving_R_group_enumeration,12;28,[cH:1].[*:2]-[*:3]>>[c:1]-[*:3],R_cBu;R_OH,[*:1]C1CCC1;[*:1]O,0edaacdb8a4b66f6f28108efa09d111887870a2ef58b4953eddeaca48e82dd6b,20260903,05da226d6f07ac321218ece57f730b0dca2fcf5da5695fd1ef137f835e61af20,2026-09-02T19:24:56.199851+00:00,83764,2,pass,unchanged,pass,499.724,4.4083,54.17,3,3,10,True,True,,,0,accepted,,2,5,0.3225806451612903,c1ccc(C[NH2+]Cc2c(SCc3ccccc3)nc3ccccc3c2C2CCC2)cc1,accepted,,,open_physchem_structural_filter_v1,d92427f281c4690cf9034ca006ecd000dadc0a5711555781c0279b1b88e8ac6a,1,True,C[NH+](C)Cc1ccc(C[NH2+]Cc2c(SCc3ccccc3O)nc3ccccc3c2C2CCC2)cc1,2026-09-03T07:24:45.657758+00:00,155.6202347278595,8f9192fca4cbb32f8e734e4beb6ccc0d9a459e85ac79c18787c87c67f78e06ee,"[195.73402777777778, 188.1516111111111, 160.3728888888889]",9,pass,7f3fb7e5f7aec5d8484cc468aeaaf647902e05a791b161c2b37803ea2fa549bd,vina_7p3w_v1,c1ccc(C[NH2+]Cc2c(SCc3ccccc3)nc3ccccc3c2C2CCC2)cc1,computational docking evidence; not biological activity,a5ab04e3fedb9feaf2b9c0ec5ef8fba4f57b3aa8b1d31650718f60ff8ac83954,2026-09-03T07:22:10.060079+00:00,success,e3b0c44298fc1c149afbf4c8996fb92427ae41e4649b934ca495991b7852b855,a1c42dabae0479241977eba0904140340e8e8179d1078d05a964104aad8a4354,False,-8.347,workspace_local/reference_workflow/vina_cache/a5/a5ab04e3fedb9feaf2b9c0ec5ef8fba4f57b3aa8b1d31650718f60ff8ac83954,0.4927536231884058,0.6721311475409836,0.8401639344262294,1.0,0.5,0.5,,unavailable_single_docking_protocol,0.73616060822048,next expensive evidence priority; NOT biological hit ranking,4,False
ATP-RDL-EB5772BE51F423EF,ATP-REF-IN2,C[NH+](C)Cc1ccc(C[NH2+]Cc2cc3cccc(N)c3nc2SCc2ccccc2)cc1F,VMLANSPBDFXVAI-UHFFFAOYSA-P,scaffold_preserving_R_group_enumeration,17;30,[cH:1].[*:2]-[*:3]>>[c:1]-[*:3],R_NH2;R_F,[*:1]N;[*:1]F,0edaacdb8a4b66f6f28108efa09d111887870a2ef58b4953eddeaca48e82dd6b,20260903,1b624cd5253dd672966612f0ed602ef001b4652ead5e91f252cea7cfd693de06,2026-09-02T19:24:56.199851+00:00,174600,2,pass,unchanged,pass,462.638,3.1565,59.96,3,3,9,True,True,,,0,accepted,,2,4,0.2222222222222222,c1ccc(C[NH2+]Cc2cc3ccccc3nc2SCc2ccccc2)cc1,accepted,,,open_physchem_structural_filter_v1,d92427f281c4690cf9034ca006ecd000dadc0a5711555781c0279b1b88e8ac6a,1,True,C[NH+](C)Cc1ccc(C[NH2+]Cc2cc3cccc(N)c3nc2SCc2ccccc2)cc1F,2026-09-03T07:33:47.592589+00:00,128.94421887397766,fc732ce3cc06ec37aef7b5056c9b5ec60c25d31523ad6830d8b9d56423fb3057,"[193.70978787878786, 188.92227272727274, 162.39069696969696]",9,pass,4c260e0115ade03d5704953fff3410fd9072ff3bb612deedb6cdf08a953b882f,vina_7p3w_v1,c1ccc(C[NH2+]Cc2cc3ccccc3nc2SCc2ccccc2)cc1,computational docking evidence; not biological activity,b29fef3da27ae1382a50768e8d60d5143f1e526916084499db723520243129dc,2026-09-03T07:31:38.669540+00:00,success,e3b0c44298fc1c149afbf4c8996fb92427ae41e4649b934ca495991b7852b855,5b9ee31cb97f126abb1142038e960d94acf7391cf28b58ebfbcfe9f5f68bf78f,False,-8.723,workspace_local/reference_workflow/vina_cache/b2/b29fef3da27ae1382a50768e8d60d5143f1e526916084499db723520243129dc,0.5873015873015873,1.0,0.75,0.1386750490563073,0.5,0.5,,unavailable_single_docking_protocol,0.6864651685414203,next expensive evidence priority; NOT biological hit ranking,5,False
ATP-RDL-58410A3914BAC138,ATP-REF-IN2,CNc1cc(C[NH2+]Cc2cc3cccc(O)c3nc2SCc2ccccc2)ccc1C[NH+](C)C,UPVVBPRCUYPPHS-UHFFFAOYSA-P,scaffold_preserving_R_group_enumeration,5;17,[cH:1].[*:2]-[*:3]>>[c:1]-[*:3],R_NHMe;R_OH,[*:1]NC;[*:1]O,0edaacdb8a4b66f6f28108efa09d111887870a2ef58b4953eddeaca48e82dd6b,20260903,d24e6cc8d719e5c46c669937c9414f2a7ba3670d43dcadc533a33de870b976aa,2026-09-02T19:24:56.199851+00:00,14664,2,pass,unchanged,pass,474.674,3.1825,66.2,4,4,10,True,True,,,0,accepted,,2,4,0.25,c1ccc(C[NH2+]Cc2cc3ccccc3nc2SCc2ccccc2)cc1,accepted,,,open_physchem_structural_filter_v1,d92427f281c4690cf9034ca006ecd000dadc0a5711555781c0279b1b88e8ac6a,1,True,CNc1cc(C[NH2+]Cc2cc3cccc(O)c3nc2SCc2ccccc2)ccc1C[NH+](C)C,2026-09-03T07:17:13.633121+00:00,132.17160773277283,5ad65863c939c87553a24e79ba6f10fa71e7928ce3efea00ebcf3adae118276e,"[193.777, 189.2019411764706, 162.32885294117648]",9,pass,0b373ae3308da780e562ae095ebeb0e707294dc40266acfe2207e8a4edf935b8,vina_7p3w_v1,c1ccc(C[NH2+]Cc2cc3ccccc3nc2SCc2ccccc2)cc1,computational docking evidence; not biological activity,891c12f122c426fc9556376831b23f0879f60dfbde4038017f60c2f493b5d794,2026-09-03T07:15:01.482514+00:00,success,e3b0c44298fc1c149afbf4c8996fb92427ae41e4649b934ca495991b7852b855,1c9bd9793cddf890ff9dc67af026595d7147b683a8bf5633580e1dd5f957cbef,False,-8.705,workspace_local/reference_workflow/vina_cache/89/891c12f122c426fc9556376831b23f0879f60dfbde4038017f60c2f493b5d794,0.5692307692307692,0.9836065573770492,0.7704918032786886,0.1386750490563073,0.5,0.5,,unavailable_single_docking_protocol,0.6821990703408959,next expensive evidence priority; NOT biological hit ranking,6,False
ATP-RDL-09249830AB23A99B,ATP-REF-IN2,C[NH+](C)Cc1ccc(C[NH2+]Cc2cc3c(F)ccc(Cl)c3nc2SCc2ccccc2)cc1,MTHRUYBDUMUHAU-UHFFFAOYSA-P,scaffold_preserving_R_group_enumeration,14;17,[cH:1].[*:2]-[*:3]>>[c:1]-[*:3],R_F;R_Cl,[*:1]F;[*:1]Cl,0edaacdb8a4b66f6f28108efa09d111887870a2ef58b4953eddeaca48e82dd6b,20260903,279f0cf9054eff0067c3d69f4dca25f161d306f967cd478ca6f411c97d3562a3,2026-09-02T19:24:56.199851+00:00,95701,2,pass,unchanged,pass,482.068,4.2277,33.94,2,2,9,True,True,,,0,accepted,,2,4,0.2222222222222222,c1ccc(C[NH2+]Cc2cc3ccccc3nc2SCc2ccccc2)cc1,accepted,,,open_physchem_structural_filter_v1,d92427f281c4690cf9034ca006ecd000dadc0a5711555781c0279b1b88e8ac6a,1,True,C[NH+](C)Cc1ccc(C[NH2+]Cc2cc3c(F)ccc(Cl)c3nc2SCc2ccccc2)cc1,2026-09-02T18:02:28.606097+00:00,156.95338559150696,6257e819edc5f8fceab43e99fdc88973761898c16ae28c2ae7b3b6ffb9e4c66e,"[193.44490909090908, 189.3909696969697, 162.79151515151514]",9,pass,1ad81cf9c9a0fd066c3568b553db2a5faad1c92c756469e06cb476dbd93053a1,vina_7p3w_v1,c1ccc(C[NH2+]Cc2cc3ccccc3nc2SCc2ccccc2)cc1,computational docking evidence; not biological activity,3678df103ae6fe77bf1e861e7da7ff31d894892445f5f6cf90135cd51a79aaa8,2026-09-02T17:59:51.673799+00:00,success,e3b0c44298fc1c149afbf4c8996fb92427ae41e4649b934ca495991b7852b855,40f3993fd8958c5355bf2661f9bfa7ea5a165c38097ec073da5981b07e330dfb,False,-8.503,workspace_local/library_generation/in2_smoke_100_v1/vina_jobs/36/3678df103ae6fe77bf1e861e7da7ff31d894892445f5f6cf90135cd51a79aaa8,0.6333333333333333,0.9180327868852459,0.8524590163934427,0.1386750490563073,0.5,0.5,,unavailable_single_docking_protocol,0.6787732611773818,next expensive evidence priority; NOT biological hit ranking,7,False
ATP-RDL-3106AE4D333DE8DF,ATP-REF-IN2,C[NH+](C)Cc1ccc(C[NH2+]Cc2cc3cccc(CF)c3nc2SCc2ccccc2)cc1F,XEGIOBSZKZUCDK-UHFFFAOYSA-P,scaffold_preserving_R_group_enumeration,5;17,[cH:1].[*:2]-[*:3]>>[c:1]-[*:3],R_F;R_CH2F,[*:1]F;[*:1]CF,0edaacdb8a4b66f6f28108efa09d111887870a2ef58b4953eddeaca48e82dd6b,20260903,b22ce1ff179c988ec7ea3f1af1c11013fdc9d195f0d5faca210a0ea0cce782da,2026-09-02T19:24:56.199851+00:00,13225,2,pass,unchanged,pass,479.64,4.0438,33.94,2,2,10,True,True,,,0,accepted,,2,4,0.25,c1ccc(C[NH2+]Cc2cc3ccccc3nc2SCc2ccccc2)cc1,accepted,,,open_physchem_structural_filter_v1,d92427f281c4690cf9034ca006ecd000dadc0a5711555781c0279b1b88e8ac6a,1,True,C[NH+](C)Cc1ccc(C[NH2+]Cc2cc3cccc(CF)c3nc2SCc2ccccc2)cc1F,2026-09-03T07:33:42.094106+00:00,129.72602486610413,df9c6f0d0ab8af4c943c14b5b5e327471374f5b0f817e78a5afcfb6e1379ec35,"[193.50688235294118, 188.9455588235294, 162.62697058823528]",9,pass,5f4a1df7cadf22a65076df59fe1e7f8e3f29e0ea7a49e7e3a69dba97bb1aab85,vina_7p3w_v1,c1ccc(C[NH2+]Cc2cc3ccccc3nc2SCc2ccccc2)cc1,computational docking evidence; not biological activity,55bc46609b9b70f2c94660f16abe4850cd363768ee0e5f435e403cba35da2757,2026-09-03T07:31:32.387155+00:00,success,e3b0c44298fc1c149afbf4c8996fb92427ae41e4649b934ca495991b7852b855,43605180b0d36bd94d76a9392f9b20b12dda85dd494ab878eb5850284c9f8e7b,False,-8.521,workspace_local/reference_workflow/vina_cache/55/55bc46609b9b70f2c94660f16abe4850cd363768ee0e5f435e403cba35da2757,0.5873015873015873,0.9344262295081968,0.8319672131147541,0.1386750490563073,0.5,0.5,,unavailable_single_docking_protocol,0.6766291029676498,next expensive evidence priority; NOT biological hit ranking,8,False
ATP-RDL-71642F6654637DAC,ATP-REF-IN2,COC(=O)c1cc(C[NH2+]Cc2cc3ccccc3nc2SCc2ccccc2)ccc1C[NH+](C)C,NUIYRUBMBVJNEG-UHFFFAOYSA-P,scaffold_preserving_R_group_enumeration,30,[cH:1].[*:2]-[*:3]>>[c:1]-[*:3],R_CO2Me,[*:1]C(=O)OC,0edaacdb8a4b66f6f28108efa09d111887870a2ef58b4953eddeaca48e82dd6b,20260903,2ba8d128d7f15af291166a490fe622d43cd18a5c77ace5e0608d45bd8c8b7994,2026-09-02T19:24:56.199851+00:00,685,1,pass,unchanged,pass,487.669,3.2218,60.24,2,4,10,True,True,,,0,accepted,,2,4,0.2413793103448276,c1ccc(C[NH2+]Cc2cc3ccccc3nc2SCc2ccccc2)cc1,accepted,,,open_physchem_structural_filter_v1,d92427f281c4690cf9034ca006ecd000dadc0a5711555781c0279b1b88e8ac6a,1,True,COC(=O)c1cc(C[NH2+]Cc2cc3ccccc3nc2SCc2ccccc2)ccc1C[NH+](C)C,2026-09-03T07:17:31.625439+00:00,146.99541807174683,c66335076472529bbf5ab2c783b6b744d7554a12ed5624f86b6fe88d8cc6b61d,"[194.26085714285713, 188.4328285714286, 162.10788571428571]",9,pass,97b4364f47b1e597d1d314fb3f73cd5822bf592af20564a7ddc1c8689a9cda19,vina_7p3w_v1,c1ccc(C[NH2+]Cc2cc3ccccc3nc2SCc2ccccc2)cc1,computational docking evidence; not biological activity,35d29635c7bb2ddc2d8669ec6526a6c89af4c49378877869df76d52af179a276,2026-09-03T07:15:04.651752+00:00,success,e3b0c44298fc1c149afbf4c8996fb92427ae41e4649b934ca495991b7852b855,b4084998877ec65cf76fea4853d657127803ac3e7e56993c18f0f2a4b7103647,False,-8.444,workspace_local/reference_workflow/vina_cache/35/35d29635c7bb2ddc2d8669ec6526a6c89af4c49378877869df76d52af179a276,0.7,0.8442622950819673,0.944672131147541,0.1386750490563073,0.5,0.5,,unavailable_single_docking_protocol,0.6743743540735565,next expensive evidence priority; NOT biological hit ranking,9,False
ATP-RDL-3C68984737EFB02C,ATP-REF-IN2,C[NH+](C)Cc1c(N)cc(C[NH2+]Cc2cc3ccccc3nc2SCc2ccccc2)cc1C(F)F,PHQHJGVOEFNWCO-UHFFFAOYSA-P,scaffold_preserving_R_group_enumeration,5;30,[cH:1].[*:2]-[*:3]>>[c:1]-[*:3],R_NH2;R_CHF2,[*:1]N;[*:1]C(F)F,0edaacdb8a4b66f6f28108efa09d111887870a2ef58b4953eddeaca48e82dd6b,20260903,12bbee5dba42d5f0f325f3dd89b2f99ceeda7f5b791a078f15614add858be144,2026-09-02T19:24:56.199851+00:00,32124,2,pass,unchanged,pass,494.655,3.955,59.96,3,3,10,True,True,,,0,accepted,,2,4,0.25,c1ccc(C[NH2+]Cc2cc3ccccc3nc2SCc2ccccc2)cc1,accepted,,,open_physchem_structural_filter_v1,d92427f281c4690cf9034ca006ecd000dadc0a5711555781c0279b1b88e8ac6a,1,True,C[NH+](C)Cc1c(N)cc(C[NH2+]Cc2cc3ccccc3nc2SCc2ccccc2)cc1C(F)F,2026-09-03T07:21:48.958816+00:00,154.69381499290466,207b27e4699160d545303769575a93c1643827e01e2e1cf67424ce452ac88331,"[194.3764285714286, 188.61325714285715, 162.10154285714285]",9,pass,b6f05d964f1c045fb7513bcdc96596a3bed4d6624603d4be77f89b64ea1f8aa2,vina_7p3w_v1,c1ccc(C[NH2+]Cc2cc3ccccc3nc2SCc2ccccc2)cc1,computational docking evidence; not biological activity,6d2106634e438b69d825bddbedb8c9a791396646af498434cd9ff7d7d0aebe6d,2026-09-03T07:19:14.285151+00:00,success,e3b0c44298fc1c149afbf4c8996fb92427ae41e4649b934ca495991b7852b855,9f9d96965d5e18ac8c43b7acab558e2434080197bb1ee84ac8346e11c85cfb33,False,-8.45,workspace_local/reference_workflow/vina_cache/6d/6d2106634e438b69d825bddbedb8c9a791396646af498434cd9ff7d7d0aebe6d,0.6612903225806451,0.8688524590163934,0.9139344262295083,0.1386750490563073,0.5,0.5,,unavailable_single_docking_protocol,0.6741919109217851,next expensive evidence priority; NOT biological hit ranking,10,False
ATP-RDL-8772E98F1BCF1253,ATP-REF-IN2,CNc1cc(C[NH+](C)C)ccc1C[NH2+]Cc1cc2ccccc2nc1SCc1ccccc1C#N,MSJUBUDZYIGYHO-UHFFFAOYSA-P,scaffold_preserving_R_group_enumeration,6;24,[cH:1].[*:2]-[*:3]>>[c:1]-[*:3],R_NHMe;R_CN,[*:1]NC;[*:1]C#N,0edaacdb8a4b66f6f28108efa09d111887870a2ef58b4953eddeaca48e82dd6b,20260903,97f75f077332bce69323a018b6e4d04a2ededce62570c201c23ece31ec493eaa,2026-09-02T19:24:56.199851+00:00,47172,2,pass,unchanged,pass,483.685,3.34858,69.76,3,4,10,True,True,,,0,accepted,,2,4,0.2413793103448276,c1ccc(C[NH2+]Cc2cc3ccccc3nc2SCc2ccccc2)cc1,accepted,,,open_physchem_structural_filter_v1,d92427f281c4690cf9034ca006ecd000dadc0a5711555781c0279b1b88e8ac6a,1,True,CNc1cc(C[NH+](C)C)ccc1C[NH2+]Cc1cc2ccccc2nc1SCc1ccccc1C#N,2026-09-03T07:17:10.386784+00:00,131.48625707626343,eb2246ba03511cc03f46061dffcadd2f79ff7b69c17a459c54fd6990275e1447,"[195.37791428571427, 189.2000285714286, 160.98554285714286]",9,pass,adf8038350e88219e4641eb6832e0eb6de21a8bde5090cff9360b7bf58d73120,vina_7p3w_v1,c1ccc(C[NH2+]Cc2cc3ccccc3nc2SCc2ccccc2)cc1,computational docking evidence; not biological activity,696173ad5d8d6ed75d85759ef05f2993a681adde65aec09c35d9e734d7160859,2026-09-03T07:14:58.921565+00:00,success,e3b0c44298fc1c149afbf4c8996fb92427ae41e4649b934ca495991b7852b855,67106fa3a14042765a5fa1df5e51ace2cd16fcf69b8b9a7413354e54e397822b,False,-8.499,workspace_local/reference_workflow/vina_cache/69/696173ad5d8d6ed75d85759ef05f2993a681adde65aec09c35d9e734d7160859,0.5757575757575758,0.9016393442622951,0.8729508196721312,0.1386750490563073,0.5,0.5,,unavailable_single_docking_protocol,0.6705566690263634,next expensive evidence priority; NOT biological hit ranking,11,False
ATP-RDL-2168501FE5B22A2A,ATP-REF-IN2,COc1cccc2cc(C[NH2+]Cc3ccc(C[NH+](C)C)cc3)c(SCc3ccccc3)nc12,GRBHCUAWKAXCMF-UHFFFAOYSA-P,scaffold_preserving_R_group_enumeration,17,[cH:1].[*:2]-[*:3]>>[c:1]-[*:3],R_OMe,[*:1]OC,0edaacdb8a4b66f6f28108efa09d111887870a2ef58b4953eddeaca48e82dd6b,20260903,5fe252c27ddcbfa0d50f55bf286b5ecb914842bba2864e677f4e8a0092374cbf,2026-09-02T19:24:56.199851+00:00,315,1,pass,unchanged,pass,459.659,3.4438,43.17,2,3,10,True,True,,,0,accepted,,2,4,0.25,c1ccc(C[NH2+]Cc2cc3ccccc3nc2SCc2ccccc2)cc1,accepted,,,open_physchem_structural_filter_v1,d92427f281c4690cf9034ca006ecd000dadc0a5711555781c0279b1b88e8ac6a,1,True,COc1cccc2cc(C[NH2+]Cc3ccc(C[NH+](C)C)cc3)c(SCc3ccccc3)nc12,2026-09-03T07:19:14.260078+00:00,123.87363386154176,cca3d2a268e632c9794c13f31d0e39e869b3d42ab261205a0e8da5e6682e1ec1,"[193.82063636363637, 189.03266666666664, 163.04130303030303]",9,pass,4c2264abbb2930942ed3631ae39df2117162542d23976882b0f0a0559a1dfe21,vina_7p3w_v1,c1ccc(C[NH2+]Cc2cc3ccccc3nc2SCc2ccccc2)cc1,computational docking evidence; not biological activity,1b81131dd85edab4fd09299f1250761e959198228c9132bb6f6956dd2ef9f680,2026-09-03T07:17:10.410821+00:00,success,e3b0c44298fc1c149afbf4c8996fb92427ae41e4649b934ca495991b7852b855,0b20eb3d0477f9d8d241d6e71ae02fe7254d3ed296ff7ebab41bb751ad39a29b,False,-8.414,workspace_local/reference_workflow/vina_cache/1b/1b81131dd85edab4fd09299f1250761e959198228c9132bb6f6956dd2ef9f680,0.7142857142857143,0.8032786885245902,0.9959016393442623,0.1386750490563073,0.5,0.5,,unavailable_single_docking_protocol,0.6696553845185214,next expensive evidence priority; NOT biological hit ranking,12,False
ATP-RDL-3547F3609812B072,ATP-REF-IN2,CNc1cc(C[NH+](C)C)ccc1C[NH2+]Cc1cc2cccc(O)c2nc1SCc1ccccc1,LAFZRZKMGHVWNG-UHFFFAOYSA-P,scaffold_preserving_R_group_enumeration,6;17,[cH:1].[*:2]-[*:3]>>[c:1]-[*:3],R_NHMe;R_OH,[*:1]NC;[*:1]O,0edaacdb8a4b66f6f28108efa09d111887870a2ef58b4953eddeaca48e82dd6b,20260903,c392fbbd9725eaeb60496e22417af13e8bf39f748ccb63131f4f62dc115d5117,2026-09-02T19:24:56.199851+00:00,44664,2,pass,unchanged,pass,474.674,3.1825,66.2,4,4,10,True,True,,,0,accepted,,2,4,0.25,c1ccc(C[NH2+]Cc2cc3ccccc3nc2SCc2ccccc2)cc1,accepted,,,open_physchem_structural_filter_v1,d92427f281c4690cf9034ca006ecd000dadc0a5711555781c0279b1b88e8ac6a,1,True,CNc1cc(C[NH+](C)C)ccc1C[NH2+]Cc1cc2cccc(O)c2nc1SCc1ccccc1,2026-09-03T07:15:04.371999+00:00,144.77290558815002,a612f4ac83edbc5520d21475c9a2f0fb397faec5c50c779585617a947a20281f,"[194.1179117647059, 188.8959705882353, 162.6246176470588]",9,pass,dd3373c2f9aa6f35ff1291b71f18b198f4f45b6991a4da6d146065959a3fc6d4,vina_7p3w_v1,c1ccc(C[NH2+]Cc2cc3ccccc3nc2SCc2ccccc2)cc1,computational docking evidence; not biological activity,70e10818742d05c8aa1063c5cd0403cb148e0002c9f9b9f7650f9354be183dbe,2026-09-03T07:12:39.618094+00:00,success,e3b0c44298fc1c149afbf4c8996fb92427ae41e4649b934ca495991b7852b855,4c8f100f1eda3988e4287efbd5b339c6d455ba15eb8ccc7b2b3635deea971075,False,-8.495,workspace_local/reference_workflow/vina_cache/70/70e10818742d05c8aa1063c5cd0403cb148e0002c9f9b9f7650f9354be183dbe,0.5692307692307692,0.8852459016393442,0.8934426229508198,0.1386750490563073,0.5,0.5,,unavailable_single_docking_protocol,0.6674449719802401,next expensive evidence priority; NOT biological hit ranking,13,False
ATP-RDL-198CB2243DBF82FC,ATP-REF-IN2,C[NH+](C)Cc1ccc(C[NH2+]Cc2cc3cccc(CF)c3nc2SCc2ccccc2)c(F)c1,LNYQQHROUTVUSD-UHFFFAOYSA-P,scaffold_preserving_R_group_enumeration,6;17,[cH:1].[*:2]-[*:3]>>[c:1]-[*:3],R_F;R_CH2F,[*:1]F;[*:1]CF,0edaacdb8a4b66f6f28108efa09d111887870a2ef58b4953eddeaca48e82dd6b,20260903,8d5a4f26d36e586a052fc2ac6f631ea3f77ac99242d3e8d4adcb6268f9119c1a,2026-09-02T19:24:56.199851+00:00,43225,2,pass,unchanged,pass,479.64,4.0438,33.94,2,2,10,True,True,,,0,accepted,,2,4,0.25,c1ccc(C[NH2+]Cc2cc3ccccc3nc2SCc2ccccc2)cc1,accepted,,,open_physchem_structural_filter_v1,d92427f281c4690cf9034ca006ecd000dadc0a5711555781c0279b1b88e8ac6a,1,True,C[NH+](C)Cc1ccc(C[NH2+]Cc2cc3cccc(CF)c3nc2SCc2ccccc2)c(F)c1,2026-09-03T07:33:21.410606+00:00,135.94999313354492,6cdc32e576c19df49dd19b9b9cdac117073e0b9f5570e7d1bfd83c378fc15e00,"[193.53476470588234, 189.20929411764706, 162.5036176470588]",9,pass,999c0340827d07db9caa10907e985dd79fe8a0d271d55898c0e02f7c51c97dbd,vina_7p3w_v1,c1ccc(C[NH2+]Cc2cc3ccccc3nc2SCc2ccccc2)cc1,computational docking evidence; not biological activity,0a8a30d5bafbdc4aed65d890427e2ba0a851df5e436d80f9c4cbe6162da990e6,2026-09-03T07:31:05.481911+00:00,success,e3b0c44298fc1c149afbf4c8996fb92427ae41e4649b934ca495991b7852b855,d9f6603523d525002f0f0f79a47017bff53d43d2b0f785cd4c00181a57ac445f,False,-8.444,workspace_local/reference_workflow/vina_cache/0a/0a8a30d5bafbdc4aed65d890427e2ba0a851df5e436d80f9c4cbe6162da990e6,0.5873015873015873,0.8442622950819673,0.944672131147541,0.1386750490563073,0.5,0.5,,unavailable_single_docking_protocol,0.6631045128037153,next expensive evidence priority; NOT biological hit ranking,14,False
ATP-RDL-0F220D2A9D7B48E2,ATP-REF-IN2,C[NH+](C)Cc1ccc(C[NH2+]Cc2cc3c(CO)cccc3nc2SCc2ccccc2)c(C#N)c1,YYWGHGWSCBGENT-UHFFFAOYSA-P,scaffold_preserving_R_group_enumeration,14;29,[cH:1].[*:2]-[*:3]>>[c:1]-[*:3],R_CH2OH;R_CN,[*:1]CO;[*:1]C#N,0edaacdb8a4b66f6f28108efa09d111887870a2ef58b4953eddeaca48e82dd6b,20260903,1f8e98d9ebc6cd459ebad909c74418f88cc595637f8a2a4c7df6b8425e84bac2,2026-09-02T19:24:56.199851+00:00,111722,2,pass,unchanged,pass,484.669,2.79918,77.96,3,4,10,True,True,,,0,accepted,,2,4,0.2413793103448276,c1ccc(C[NH2+]Cc2cc3ccccc3nc2SCc2ccccc2)cc1,accepted,,,open_physchem_structural_filter_v1,d92427f281c4690cf9034ca006ecd000dadc0a5711555781c0279b1b88e8ac6a,1,True,C[NH+](C)Cc1ccc(C[NH2+]Cc2cc3c(CO)cccc3nc2SCc2ccccc2)c(C#N)c1,2026-09-03T07:26:12.889029+00:00,149.19011211395264,2d1fb9ba57bc208e306fbf4dbe53a9e22b3f8045877b27f96179202f0ac757b6,"[195.18040000000002, 187.89328571428572, 161.04525714285714]",9,pass,1d736d92d85995f2e43d839e9413ded693771f9aeb85da7d82417629021d547a,vina_7p3w_v1,c1ccc(C[NH2+]Cc2cc3ccccc3nc2SCc2ccccc2)cc1,computational docking evidence; not biological activity,9fbd95347c5f6ad67b3cca2f95d1f16fe6a8815b1b89ec0c11ff970f2201d7b2,2026-09-03T07:23:43.720628+00:00,success,e3b0c44298fc1c149afbf4c8996fb92427ae41e4649b934ca495991b7852b855,0647c66d5b16002210bb64116038a2dc1a1dc71990b22bb4f2ab8c11d113d416,False,-8.442,workspace_local/reference_workflow/vina_cache/9f/9fbd95347c5f6ad67b3cca2f95d1f16fe6a8815b1b89ec0c11ff970f2201d7b2,0.5846153846153846,0.819672131147541,0.9754098360655739,0.1386750490563073,0.5,0.5,,unavailable_single_docking_protocol,0.6591473679449311,next expensive evidence priority; NOT biological hit ranking,15,False
ATP-RDL-C306495B9E11F1BC,ATP-REF-IN2,C[NH+](C)Cc1ccc(C[NH2+]Cc2cc3cccc(C4CCC4)c3nc2SCc2ccccc2)cc1O,KMHNSOGGPQGTOU-UHFFFAOYSA-P,scaffold_preserving_R_group_enumeration,17;30,[cH:1].[*:2]-[*:3]>>[c:1]-[*:3],R_cBu;R_OH,[*:1]C1CCC1;[*:1]O,0edaacdb8a4b66f6f28108efa09d111887870a2ef58b4953eddeaca48e82dd6b,20260903,f09638d215e499aa2c2a2912b2db74019a3d6c07365cb39f25d2c9dc11f7f5ff,2026-09-02T19:24:56.199851+00:00,173764,2,pass,unchanged,pass,499.724,4.4083,54.17,3,3,10,True,True,mannich_A(296),,1,accepted,,2,5,0.3225806451612903,c1ccc(C[NH2+]Cc2cc3cccc(C4CCC4)c3nc2SCc2ccccc2)cc1,accepted,,pains_warning,open_physchem_structural_filter_v1,d92427f281c4690cf9034ca006ecd000dadc0a5711555781c0279b1b88e8ac6a,1,True,C[NH+](C)Cc1ccc(C[NH2+]Cc2cc3cccc(C4CCC4)c3nc2SCc2ccccc2)cc1O,2026-09-03T07:33:31.831730+00:00,156.0680890083313,68ae8eeef54da9492279eccfb8027cf602f97c49d5fb7973fbe8cdc0bc8e7af4,"[195.61, 187.7778888888889, 160.54105555555554]",9,pass,6bf135e9b460e6496963eef071552fd124e7ba87d72bcc8b952ad1b8f726b4d7,vina_7p3w_v1,c1ccc(C[NH2+]Cc2cc3cccc(C4CCC4)c3nc2SCc2ccccc2)cc1,computational docking evidence; not biological activity,42d71ede2e3a2b64eae8acb7ef15a9b4a46e0725ab8182d33d0a49ebeeb1dadd,2026-09-03T07:30:55.781404+00:00,success,e3b0c44298fc1c149afbf4c8996fb92427ae41e4649b934ca495991b7852b855,6c05c5f30941bbdeb7ac40edc173b8bb8a31fa988aa8a9a14763554b3a107590,False,-8.185,workspace_local/reference_workflow/vina_cache/42/42d71ede2e3a2b64eae8acb7ef15a9b4a46e0725ab8182d33d0a49ebeeb1dadd,0.5441176470588235,0.5409836065573771,0.6762295081967213,1.0,0.5,0.5,,unavailable_single_docking_protocol,0.6560511089681775,next expensive evidence priority; NOT biological hit ranking,16,False
ATP-RDL-B927AF2EAFB809EF,ATP-REF-IN2,CNc1cc(C[NH2+]Cc2cc3ccccc3nc2SCc2ccccc2C#N)ccc1C[NH+](C)C,FNUXNIKHTSNQJG-UHFFFAOYSA-P,scaffold_preserving_R_group_enumeration,5;24,[cH:1].[*:2]-[*:3]>>[c:1]-[*:3],R_NHMe;R_CN,[*:1]NC;[*:1]C#N,0edaacdb8a4b66f6f28108efa09d111887870a2ef58b4953eddeaca48e82dd6b,20260903,c5b296c8d46a72659702677f8d3e308e616188201c35bbf54300881b4af8874c,2026-09-02T19:24:56.199851+00:00,17172,2,pass,unchanged,pass,483.685,3.34858,69.76,3,4,10,True,True,,,0,accepted,,2,4,0.2413793103448276,c1ccc(C[NH2+]Cc2cc3ccccc3nc2SCc2ccccc2)cc1,accepted,,,open_physchem_structural_filter_v1,d92427f281c4690cf9034ca006ecd000dadc0a5711555781c0279b1b88e8ac6a,1,True,CNc1cc(C[NH2+]Cc2cc3ccccc3nc2SCc2ccccc2C#N)ccc1C[NH+](C)C,2026-09-03T07:17:27.718923+00:00,143.3457453250885,a7fbba2c509deef581537437378c371194328f6ab2cef39cdfbd6a77a75712b7,"[193.95702857142857, 188.69480000000001, 162.4]",9,pass,adeaa90f65672f278bbed3393b1c62f3a698b6b7c407516407cc3d2c9cf60dda,vina_7p3w_v1,c1ccc(C[NH2+]Cc2cc3ccccc3nc2SCc2ccccc2)cc1,computational docking evidence; not biological activity,6356b75b620e1bae4c3c840ccc6fdb9d4c9463d7be67fc6aee06de9f2c5a7ab3,2026-09-03T07:15:04.394994+00:00,success,e3b0c44298fc1c149afbf4c8996fb92427ae41e4649b934ca495991b7852b855,25e18f932483e3640eea9b8cf884a5d3ed9e8e490fcdc32a24fad3692261ec40,False,-8.405,workspace_local/reference_workflow/vina_cache/63/6356b75b620e1bae4c3c840ccc6fdb9d4c9463d7be67fc6aee06de9f2c5a7ab3,0.5909090909090909,0.7868852459016393,0.9836065573770492,0.1386750490563073,0.5,0.5,,unavailable_single_docking_protocol,0.6483013287382362,next expensive evidence priority; NOT biological hit ranking,17,False
ATP-RDL-421B632BB05790AE,ATP-REF-IN2,C[NH+](C)Cc1ccc(C[NH2+]Cc2cc3ccccc3nc2SCc2ccc(O)cc2)cc1CF,NWFVUFHHLBRMMG-UHFFFAOYSA-P,scaffold_preserving_R_group_enumeration,26;30,[cH:1].[*:2]-[*:3]>>[c:1]-[*:3],R_OH;R_CH2F,[*:1]O;[*:1]CF,0edaacdb8a4b66f6f28108efa09d111887870a2ef58b4953eddeaca48e82dd6b,20260903,ab53e40ff2d72b6de967754550219dd00082f7fb0cf89b893b5a0cbfd3458c88,2026-09-02T19:24:56.199851+00:00,211425,2,pass,unchanged,pass,477.649,3.6103,54.17,3,3,10,True,True,,,0,accepted,,2,4,0.25,c1ccc(C[NH2+]Cc2cc3ccccc3nc2SCc2ccccc2)cc1,accepted,,,open_physchem_structural_filter_v1,d92427f281c4690cf9034ca006ecd000dadc0a5711555781c0279b1b88e8ac6a,1,True,C[NH+](C)Cc1ccc(C[NH2+]Cc2cc3ccccc3nc2SCc2ccc(O)cc2)cc1CF,2026-09-03T07:39:29.216025+00:00,185.7039406299591,0df68b6f90989a386225c43a43c5cb6a27dc77d10f6505f19ec303f411c5f6c4,"[194.05223529411765, 188.6779705882353, 162.41973529411763]",9,pass,c3356159367a33cb391b5ed48fe46d35865286b9a79d56b2ec4629e2405224ad,vina_7p3w_v1,c1ccc(C[NH2+]Cc2cc3ccccc3nc2SCc2ccccc2)cc1,computational docking evidence; not biological activity,caaae9c718a5acd6b895b7d8a1e0af90f38b5adbfe2b2e9d585757c5349c0414,2026-09-03T07:36:23.542313+00:00,success,e3b0c44298fc1c149afbf4c8996fb92427ae41e4649b934ca495991b7852b855,eb36a74a3735d5b864b77716ed9dac13019a1dcd684bf50fa52c9d0e042df94b,False,-8.4,workspace_local/reference_workflow/vina_cache/ca/caaae9c718a5acd6b895b7d8a1e0af90f38b5adbfe2b2e9d585757c5349c0414,0.6779661016949152,0.7704918032786885,0.9631147540983606,0.1386750490563073,0.5,0.5,,unavailable_single_docking_protocol,0.6463512921119006,next expensive evidence priority; NOT biological hit ranking,18,False
ATP-RDL-BD446AEE9698FE33,ATP-REF-IN2,C[NH+](C)Cc1ccc(C[NH2+]Cc2cc3c(Cl)cccc3nc2SCc2ccccc2)c(F)c1,TZFZPUMPUZITKB-UHFFFAOYSA-P,scaffold_preserving_R_group_enumeration,6;14,[cH:1].[*:2]-[*:3]>>[c:1]-[*:3],R_F;R_Cl,[*:1]F;[*:1]Cl,0edaacdb8a4b66f6f28108efa09d111887870a2ef58b4953eddeaca48e82dd6b,20260903,7f3c542e6c2a6d17010ebf52f2fab6fcce1d6f7cf2badb7e06137696d3b88e3b,2026-09-02T19:24:56.199851+00:00,35701,2,pass,unchanged,pass,482.068,4.2277,33.94,2,2,9,True,True,,,0,accepted,,2,4,0.2222222222222222,c1ccc(C[NH2+]Cc2cc3ccccc3nc2SCc2ccccc2)cc1,accepted,,,open_physchem_structural_filter_v1,d92427f281c4690cf9034ca006ecd000dadc0a5711555781c0279b1b88e8ac6a,1,True,C[NH+](C)Cc1ccc(C[NH2+]Cc2cc3c(Cl)cccc3nc2SCc2ccccc2)c(F)c1,2026-09-03T07:26:43.737889+00:00,118.07652187347412,ec26b3dd05a651179961649842f10856c63484a9ae90d36658a35f76ed76611f,"[194.09484848484848, 189.2098787878788, 162.81572727272726]",9,pass,a673365c24e6fb0cce0c4f2c2bcb70116161463b9ed9424b10a98e32e2d0395c,vina_7p3w_v1,c1ccc(C[NH2+]Cc2cc3ccccc3nc2SCc2ccccc2)cc1,computational docking evidence; not biological activity,b7a2abaff52bff21e152a71281236cdffcaa553ca82d9e3ba39c235c4f70d507,2026-09-03T07:24:45.682848+00:00,success,e3b0c44298fc1c149afbf4c8996fb92427ae41e4649b934ca495991b7852b855,97390e2e1f4c47f3a6d755d5533c9d5066c0bb0494d3dc972dbb63e43bfaaec0,False,-8.374,workspace_local/reference_workflow/vina_cache/b7/b7a2abaff52bff21e152a71281236cdffcaa553ca82d9e3ba39c235c4f70d507,0.6229508196721312,0.7377049180327869,0.9221311475409836,0.1386750490563073,0.5,0.5,,unavailable_single_docking_protocol,0.6195382884997861,next expensive evidence priority; NOT biological hit ranking,19,False
ATP-RDL-3051F0BC4E36FC9C,ATP-REF-IN2,Cc1c(C[NH2+]Cc2ccc(C[NH+](C)C)c(C3CC3)c2)c(SCc2ccccc2)nc2ccccc12,VCPVXVKELLXYCC-UHFFFAOYSA-P,scaffold_preserving_R_group_enumeration,12;30,[cH:1].[*:2]-[*:3]>>[c:1]-[*:3],R_Me;R_cPr,[*:1]C;[*:1]C1CC1,0edaacdb8a4b66f6f28108efa09d111887870a2ef58b4953eddeaca48e82dd6b,20260903,284e2850485805c0b36f66b11a92653cb95ffa776255aadd38bd0b5723eaa1aa,2026-09-02T19:24:56.199851+00:00,88410,2,pass,unchanged,pass,483.725,4.62102,33.94,2,2,10,True,True,,,0,accepted,,2,5,0.3225806451612903,c1ccc(CSc2nc3ccccc3cc2C[NH2+]Cc2cccc(C3CC3)c2)cc1,accepted,,,open_physchem_structural_filter_v1,d92427f281c4690cf9034ca006ecd000dadc0a5711555781c0279b1b88e8ac6a,1,True,Cc1c(C[NH2+]Cc2ccc(C[NH+](C)C)c(C3CC3)c2)c(SCc2ccccc2)nc2ccccc12,2026-09-03T07:45:34.092429+00:00,364.8642964363098,c729cb6bb7979be0a9b20e8586284396023f31146e8fd9a1c83b93e17f41b0fd,"[193.84879999999998, 189.54785714285714, 162.0831142857143]",9,pass,354ee6a00b182aef3147040ba4416a741cde76a9516e241deea66481e028930c,vina_7p3w_v1,c1ccc(CSc2nc3ccccc3cc2C[NH2+]Cc2cccc(C3CC3)c2)cc1,computational docking evidence; not biological activity,52e43cb431b535edeb3aa980a710b62d39a5fd6dce8274e6350f225775e13a93,2026-09-03T07:39:29.251761+00:00,success,e3b0c44298fc1c149afbf4c8996fb92427ae41e4649b934ca495991b7852b855,4472a33224dcade3191522c51771fa115917f78f1110e952bde1805130b88725,False,-8.075,workspace_local/reference_workflow/vina_cache/52/52e43cb431b535edeb3aa980a710b62d39a5fd6dce8274e6350f225775e13a93,0.5303030303030303,0.47540983606557374,0.5942622950819672,1.0,0.5,0.5,,unavailable_single_docking_protocol,0.612046696472926,next expensive evidence priority; NOT biological hit ranking,20,False
ATP-RDL-EE453858DE36AA5A,ATP-REF-IN2,C[NH+](C)Cc1ccc(C[NH2+]Cc2cc3ccccc3nc2SCc2ccc(C#N)cc2)cc1CO,NTVDZJHWAKGSEJ-UHFFFAOYSA-P,scaffold_preserving_R_group_enumeration,5;26,[cH:1].[*:2]-[*:3]>>[c:1]-[*:3],R_CH2OH;R_CN,[*:1]CO;[*:1]C#N,0edaacdb8a4b66f6f28108efa09d111887870a2ef58b4953eddeaca48e82dd6b,20260903,52a821bd917a4a82039f8b79a2f8ab608d5e1ce7ef952575e89248fe8875e0b1,2026-09-02T19:24:56.199851+00:00,21722,2,pass,unchanged,pass,484.669,2.79918,77.96,3,4,10,True,True,,,0,accepted,,2,4,0.2413793103448276,c1ccc(C[NH2+]Cc2cc3ccccc3nc2SCc2ccccc2)cc1,accepted,,,open_physchem_structural_filter_v1,d92427f281c4690cf9034ca006ecd000dadc0a5711555781c0279b1b88e8ac6a,1,True,C[NH+](C)Cc1ccc(C[NH2+]Cc2cc3ccccc3nc2SCc2ccc(C#N)cc2)cc1CO,2026-09-03T07:39:03.651949+00:00,195.79578828811648,62fedf0c1eb669b22714ec022f5f7444ea36eebe3d6c0a559a7ab74414ab4bd5,"[193.6405142857143, 189.3148, 161.8692]",9,pass,5a822d2534389ddd66fc88c4edf3641e9b096fdfa4964328966dce02a851bc0f,vina_7p3w_v1,c1ccc(C[NH2+]Cc2cc3ccccc3nc2SCc2ccccc2)cc1,computational docking evidence; not biological activity,1817162b208f466c71953f05a825e8fc7761a0cabe199ca15c604ea4d819182f,2026-09-03T07:35:47.882591+00:00,success,e3b0c44298fc1c149afbf4c8996fb92427ae41e4649b934ca495991b7852b855,4912419338ceb5ea385ea39319c0847df7170ab2056d4b32a94c4ef17b4c54a8,False,-8.367,workspace_local/reference_workflow/vina_cache/18/1817162b208f466c71953f05a825e8fc7761a0cabe199ca15c604ea4d819182f,0.6451612903225806,0.7213114754098361,0.9016393442622951,0.1386750490563073,0.5,0.5,,unavailable_single_docking_protocol,0.6111035978599131,next expensive evidence priority; NOT biological hit ranking,21,False
ATP-RDL-C81613A871495152,ATP-REF-IN2,Cc1ccccc1CSc1nc2ccccc2cc1C[NH2+]Cc1ccc(C[NH+](C)C)c(N(C)C)c1,OYSLBCGQLDROBM-UHFFFAOYSA-P,scaffold_preserving_R_group_enumeration,5;28,[cH:1].[*:2]-[*:3]>>[c:1]-[*:3],R_NMe2;R_Me,[*:1]N(C)C;[*:1]C,0edaacdb8a4b66f6f28108efa09d111887870a2ef58b4953eddeaca48e82dd6b,20260903,ffac92e5bc70dc50afc3e7700613dcf67a948250762b6e707ec3fb4fb78a1ea1,2026-09-02T19:24:56.199851+00:00,27204,2,pass,unchanged,pass,486.729,3.80962,37.18,2,3,10,True,True,,,0,accepted,,2,4,0.3,c1ccc(C[NH2+]Cc2cc3ccccc3nc2SCc2ccccc2)cc1,accepted,,,open_physchem_structural_filter_v1,d92427f281c4690cf9034ca006ecd000dadc0a5711555781c0279b1b88e8ac6a,1,True,Cc1ccccc1CSc1nc2ccccc2cc1C[NH2+]Cc1ccc(C[NH+](C)C)c(N(C)C)c1,2026-09-02T18:31:35.929956+00:00,124.94348335266112,d69f1ee4fe80266ac017f0767942d57c6ed163bf3c8d4464af51039313ec27d8,"[194.134, 188.7420285714286, 162.38105714285712]",9,pass,aab75fcd47bd8ceef080d5ae88418de9022c9c528bbc17c835dc9e80b52ac260,vina_7p3w_v1,c1ccc(C[NH2+]Cc2cc3ccccc3nc2SCc2ccccc2)cc1,computational docking evidence; not biological activity,244f6680e715fbc5ba7c37a8bbfe0ab13e9e750cd0ba6ce4537a511733d97e4b,2026-09-02T18:29:31.007262+00:00,success,e3b0c44298fc1c149afbf4c8996fb92427ae41e4649b934ca495991b7852b855,dc982674c9bb173dfb82b001879a4e9dc91e3dd575868c14d670504242f97704,False,-8.365,workspace_local/library_generation/in2_smoke_100_v1/vina_jobs/24/244f6680e715fbc5ba7c37a8bbfe0ab13e9e750cd0ba6ce4537a511733d97e4b,0.639344262295082,0.7049180327868853,0.8811475409836065,0.1386750490563073,0.5,0.5,,unavailable_single_docking_protocol,0.5998661573522451,next expensive evidence priority; NOT biological hit ranking,22,False
ATP-RDL-27C09D74E52406A5,ATP-REF-IN2,CSc1cc(C[NH2+]Cc2cc3ccccc3nc2SCc2ccccc2)cc(C)c1C[NH+](C)C,PECFZFKBBMBOOL-UHFFFAOYSA-P,scaffold_preserving_R_group_enumeration,5;30,[cH:1].[*:2]-[*:3]>>[c:1]-[*:3],R_Me;R_SMe,[*:1]C;[*:1]SC,0edaacdb8a4b66f6f28108efa09d111887870a2ef58b4953eddeaca48e82dd6b,20260903,3a5ea299e4bec6a0f78baec4c604e3a653ecb4b93b5b3955d957189d6e0d6e1c,2026-09-02T19:24:56.199851+00:00,30918,2,pass,unchanged,pass,489.754,4.46552,33.94,2,3,10,True,True,,,0,accepted,,2,4,0.2758620689655172,c1ccc(C[NH2+]Cc2cc3ccccc3nc2SCc2ccccc2)cc1,accepted,,,open_physchem_structural_filter_v1,d92427f281c4690cf9034ca006ecd000dadc0a5711555781c0279b1b88e8ac6a,1,True,CSc1cc(C[NH2+]Cc2cc3ccccc3nc2SCc2ccccc2)cc(C)c1C[NH+](C)C,2026-09-03T07:19:41.575272+00:00,129.94637632369995,2dc2e9ff3175804a0fc5b355ed5dbf6a152856ee9ef547e1db039af093661d89,"[194.42394117647058, 188.68726470588237, 162.1151176470588]",9,pass,58acadad72982f0403c53171ee6e05d7703942fdb61516d718cbaddd9b0b0b7b,vina_7p3w_v1,c1ccc(C[NH2+]Cc2cc3ccccc3nc2SCc2ccccc2)cc1,computational docking evidence; not biological activity,f3803ea46c9c7a9ea7e48f3926d41191c223f9a500f4ddedf807affe004fb8f3,2026-09-03T07:17:31.649155+00:00,success,e3b0c44298fc1c149afbf4c8996fb92427ae41e4649b934ca495991b7852b855,4e5ab997eff3e6b70f2027801c73f53c65292cdbd6ee294ccbaa1cf9992b4d45,False,-8.349,workspace_local/reference_workflow/vina_cache/f3/f3803ea46c9c7a9ea7e48f3926d41191c223f9a500f4ddedf807affe004fb8f3,0.6949152542372882,0.6885245901639344,0.860655737704918,0.1386750490563073,0.5,0.5,,unavailable_single_docking_protocol,0.5947675188415477,next expensive evidence priority; NOT biological hit ranking,23,False
ATP-RDL-B03D44CF93473F34,ATP-REF-IN2,C[NH+](C)Cc1ccc(C[NH2+]Cc2cc3c(Cl)cccc3nc2SCc2ccccc2)cc1F,RHRYJUXFPWLDHR-UHFFFAOYSA-P,scaffold_preserving_R_group_enumeration,5;14,[cH:1].[*:2]-[*:3]>>[c:1]-[*:3],R_F;R_Cl,[*:1]F;[*:1]Cl,0edaacdb8a4b66f6f28108efa09d111887870a2ef58b4953eddeaca48e82dd6b,20260903,90710c4b363af4aaed43fe1029fa95d93112f07d4ba2d374c6c1899803bc85e3,2026-09-02T19:24:56.199851+00:00,5701,2,pass,unchanged,pass,482.068,4.2277,33.94,2,2,9,True,True,,,0,accepted,,2,4,0.2222222222222222,c1ccc(C[NH2+]Cc2cc3ccccc3nc2SCc2ccccc2)cc1,accepted,,,open_physchem_structural_filter_v1,d92427f281c4690cf9034ca006ecd000dadc0a5711555781c0279b1b88e8ac6a,1,True,C[NH+](C)Cc1ccc(C[NH2+]Cc2cc3c(Cl)cccc3nc2SCc2ccccc2)cc1F,2026-09-03T07:26:46.994832+00:00,119.46908354759216,a76a8dd800c61d8438610049606156d057bb0fb41be619f5ce47711578757f64,"[194.2100606060606, 189.13433333333333, 162.8323333333333]",9,pass,fd24421feef2e374fd76c65d6f8d47e503d136be283b86a00273cfd77d5898f5,vina_7p3w_v1,c1ccc(C[NH2+]Cc2cc3ccccc3nc2SCc2ccccc2)cc1,computational docking evidence; not biological activity,b15eab38f1813f90409c850eb888306aee29c77dfc12e2c143d3a62eeace5d16,2026-09-03T07:24:47.550102+00:00,success,e3b0c44298fc1c149afbf4c8996fb92427ae41e4649b934ca495991b7852b855,f8ff2bb6c50cf4d88978f5afc4862f9254d992b2e5859f5665a26b715ba8ab96,False,-8.326,workspace_local/reference_workflow/vina_cache/b1/b15eab38f1813f90409c850eb888306aee29c77dfc12e2c143d3a62eeace5d16,0.6229508196721312,0.6557377049180327,0.8196721311475409,0.1386750490563073,0.5,0.5,,unavailable_single_docking_protocol,0.566259599975196,next expensive evidence priority; NOT biological hit ranking,24,False
ATP-RDL-4CAA0A102EC2058D,ATP-REF-IN2,CSc1c(C[NH2+]Cc2cc3ccccc3nc2SCc2ccccc2)ccc(C[NH+](C)C)c1C,RCDAKNHFOSIKOZ-UHFFFAOYSA-P,scaffold_preserving_R_group_enumeration,5;6,[cH:1].[*:2]-[*:3]>>[c:1]-[*:3],R_Me;R_SMe,[*:1]C;[*:1]SC,0edaacdb8a4b66f6f28108efa09d111887870a2ef58b4953eddeaca48e82dd6b,20260903,878df99247e5173f297ae3198338dc692d7153d70f2ed44ad7ca6af55794a464,2026-09-02T19:24:56.199851+00:00,918,2,pass,unchanged,pass,489.754,4.46552,33.94,2,3,10,True,True,,,0,accepted,,2,4,0.2758620689655172,c1ccc(C[NH2+]Cc2cc3ccccc3nc2SCc2ccccc2)cc1,accepted,,,open_physchem_structural_filter_v1,d92427f281c4690cf9034ca006ecd000dadc0a5711555781c0279b1b88e8ac6a,1,True,CSc1c(C[NH2+]Cc2cc3ccccc3nc2SCc2ccccc2)ccc(C[NH+](C)C)c1C,2026-09-03T07:19:21.995694+00:00,128.3609058856964,06cee4d62d5e21786123f6fd0443b375e7f0aa56b175d8e3ca93f2c42ac50432,"[194.34267647058823, 188.65597058823528, 162.2623823529412]",9,pass,54813c8c3b1e3cd19eb70d063d9eaa76fc9e4517264824945506787260b723f6,vina_7p3w_v1,c1ccc(C[NH2+]Cc2cc3ccccc3nc2SCc2ccccc2)cc1,computational docking evidence; not biological activity,99b57468084f9390840b9b7ff7e43a0f972e12f8ed60b393981498027e83e58f,2026-09-03T07:17:13.657121+00:00,success,e3b0c44298fc1c149afbf4c8996fb92427ae41e4649b934ca495991b7852b855,ca1b9516629c4591acc19b6b8bd276c408c822e518a9a601d6b8b069075b170d,False,-8.258,workspace_local/reference_workflow/vina_cache/99/99b57468084f9390840b9b7ff7e43a0f972e12f8ed60b393981498027e83e58f,0.7017543859649122,0.639344262295082,0.7991803278688525,0.1386750490563073,0.5,0.5,,unavailable_single_docking_protocol,0.5634842188995561,next expensive evidence priority; NOT biological hit ranking,25,False
ATP-RDL-00B9531D87097990,ATP-REF-IN2,Cc1cc(C[NH+](C)C)ccc1C[NH2+]Cc1cc2c(C(=O)O)cccc2nc1SCc1ccccc1,AUUSREPVSDAMHG-UHFFFAOYSA-P,scaffold_preserving_R_group_enumeration,6;14,[cH:1].[*:2]-[*:3]>>[c:1]-[*:3],R_Me;R_CO2H,[*:1]C;[*:1]C(=O)O,0edaacdb8a4b66f6f28108efa09d111887870a2ef58b4953eddeaca48e82dd6b,20260903,54d57c6284aeaa3cc795b300c2336728548d330bd5cb8c4fffce4ad8d6680fe0,2026-09-02T19:24:56.199851+00:00,35934,2,pass,unchanged,pass,487.669,3.44182,71.24,3,3,10,True,True,,,0,accepted,,2,4,0.2413793103448276,c1ccc(C[NH2+]Cc2cc3ccccc3nc2SCc2ccccc2)cc1,accepted,,,open_physchem_structural_filter_v1,d92427f281c4690cf9034ca006ecd000dadc0a5711555781c0279b1b88e8ac6a,1,True,Cc1cc(C[NH+](C)C)ccc1C[NH2+]Cc1cc2c(C(=O)O)cccc2nc1SCc1ccccc1,2026-09-03T07:52:07.477401+00:00,369.92384123802185,e63f1063a06b25fd0905f211e0d1012df5118fa3d9ca49d3996ccf80ad28196c,"[194.27011428571427, 189.35899999999998, 163.32888571428572]",9,pass,8359072ccc7ef2edd72df03dfac5fe6a1af8ff8ca09ee2f820a7703ba119666e,vina_7p3w_v1,c1ccc(C[NH2+]Cc2cc3ccccc3nc2SCc2ccccc2)cc1,computational docking evidence; not biological activity,7c7003ee5d12ad3de920ff4d61efd2f3e86bd7bb884d08354b87c5b894490912,2026-09-03T07:45:57.576224+00:00,success,e3b0c44298fc1c149afbf4c8996fb92427ae41e4649b934ca495991b7852b855,04bf390a2de1c0534e238d2c38d52dec782eda39e693c83cb4cb0e426bfebdb0,False,-8.235,workspace_local/reference_workflow/vina_cache/7c/7c7003ee5d12ad3de920ff4d61efd2f3e86bd7bb884d08354b87c5b894490912,0.6031746031746031,0.6229508196721312,0.7786885245901639,0.1386750490563073,0.5,0.5,,unavailable_single_docking_protocol,0.5429705029156071,next expensive evidence priority; NOT biological hit ranking,26,False
ATP-RDL-95B2FB9F253589BE,ATP-REF-IN2,C[NH+](C)Cc1ccc(C[NH2+]Cc2cc3ccccc3nc2SCc2ccc(C#N)cc2)c(CO)c1,MTQNYXHVECLJKN-UHFFFAOYSA-P,scaffold_preserving_R_group_enumeration,6;26,[cH:1].[*:2]-[*:3]>>[c:1]-[*:3],R_CH2OH;R_CN,[*:1]CO;[*:1]C#N,0edaacdb8a4b66f6f28108efa09d111887870a2ef58b4953eddeaca48e82dd6b,20260903,c9b88a94d160188f6839c52819af25bc9284ed01b041a1c06e3f98031c31ae1e,2026-09-02T19:24:56.199851+00:00,51722,2,pass,unchanged,pass,484.669,2.79918,77.96,3,4,10,True,True,,,0,accepted,,2,4,0.2413793103448276,c1ccc(C[NH2+]Cc2cc3ccccc3nc2SCc2ccccc2)cc1,accepted,,,open_physchem_structural_filter_v1,d92427f281c4690cf9034ca006ecd000dadc0a5711555781c0279b1b88e8ac6a,1,True,C[NH+](C)Cc1ccc(C[NH2+]Cc2cc3ccccc3nc2SCc2ccc(C#N)cc2)c(CO)c1,2026-09-03T07:36:21.389941+00:00,153.79520559310913,b07cc307d0ef7b4600c633844c5f1c4c773799eb488238bc903bc9b076def49f,"[196.26482857142858, 190.68502857142857, 159.18454285714284]",9,pass,98bd1f7f25ca321711a3de7b21360a00adbb3cba603e2331e7e9defdb6328dd0,vina_7p3w_v1,c1ccc(C[NH2+]Cc2cc3ccccc3nc2SCc2ccccc2)cc1,computational docking evidence; not biological activity,69bbff7c46cf7cbd4a359aac63996e84c0301a222e259e04c816b6e4c68cad66,2026-09-03T07:33:47.615772+00:00,success,e3b0c44298fc1c149afbf4c8996fb92427ae41e4649b934ca495991b7852b855,4a015ec3fdd108e445f1134f5b7af304f165a2e9074d24d4ebb8a705f93a41a9,False,-8.224,workspace_local/reference_workflow/vina_cache/69/69bbff7c46cf7cbd4a359aac63996e84c0301a222e259e04c816b6e4c68cad66,0.6451612903225806,0.6065573770491803,0.7581967213114753,0.1386750490563073,0.5,0.5,,unavailable_single_docking_protocol,0.5365134339254868,next expensive evidence priority; NOT biological hit ranking,27,False
ATP-RDL-55B26073AF24F177,ATP-REF-IN2,C[NH+](C)Cc1ccc(C[NH2+]Cc2cc3cc(N)ccc3nc2SCc2ccccc2C(F)F)cc1,PFTVEGJSMBUVJZ-UHFFFAOYSA-P,scaffold_preserving_R_group_enumeration,15;24,[cH:1].[*:2]-[*:3]>>[c:1]-[*:3],R_NH2;R_CHF2,[*:1]N;[*:1]C(F)F,0edaacdb8a4b66f6f28108efa09d111887870a2ef58b4953eddeaca48e82dd6b,20260903,1a17fbaf93666b530501c5c7b838322c8165818cc6136ca7f5de51124538c8c8,2026-09-02T19:24:56.199851+00:00,122124,2,pass,unchanged,pass,494.655,3.955,59.96,3,3,10,True,True,,,0,accepted,,2,4,0.25,c1ccc(C[NH2+]Cc2cc3ccccc3nc2SCc2ccccc2)cc1,accepted,,,open_physchem_structural_filter_v1,d92427f281c4690cf9034ca006ecd000dadc0a5711555781c0279b1b88e8ac6a,1,True,C[NH+](C)Cc1ccc(C[NH2+]Cc2cc3cc(N)ccc3nc2SCc2ccccc2C(F)F)cc1,2026-09-03T07:29:17.619151+00:00,153.87776017189026,6c5053b029d389860b17cc434868abc4b869b496120b4fc9ffe038e0f274dcfd,"[196.09057142857142, 190.17522857142856, 159.17622857142857]",9,pass,bd6f184676b5604623b6eaca6f97ed7b46e945f3d65282d279e239cdfc619812,vina_7p3w_v1,c1ccc(C[NH2+]Cc2cc3ccccc3nc2SCc2ccccc2)cc1,computational docking evidence; not biological activity,d7810d5853b47274290aa45258feb6ed85ce8ba29c99e718de95aacb37f89bd7,2026-09-03T07:26:43.761377+00:00,success,e3b0c44298fc1c149afbf4c8996fb92427ae41e4649b934ca495991b7852b855,39a669fa7cbef7a8ed8ccec0dd8e657f4bd5ae9b231705182c0618c8de753c1d,False,-8.214,workspace_local/reference_workflow/vina_cache/d7/d7810d5853b47274290aa45258feb6ed85ce8ba29c99e718de95aacb37f89bd7,0.59375,0.5901639344262295,0.7377049180327868,0.1386750490563073,0.5,0.5,,unavailable_single_docking_protocol,0.5207165671883107,next expensive evidence priority; NOT biological hit ranking,28,False
ATP-RDL-2EF358B551223DD0,ATP-REF-IN2,C[NH+](C)Cc1ccc(C[NH2+]Cc2cc3ccccc3nc2SCc2cccc(O)c2)cc1CO,QOEAIFXZFMTVEE-UHFFFAOYSA-P,scaffold_preserving_R_group_enumeration,5;25,[cH:1].[*:2]-[*:3]>>[c:1]-[*:3],R_CH2OH;R_OH,[*:1]CO;[*:1]O,0edaacdb8a4b66f6f28108efa09d111887870a2ef58b4953eddeaca48e82dd6b,20260903,909ddc520bb063117b4831e8b1c5ea5f70e5ff903e177b5005c69e81863c1489,2026-09-02T19:24:56.199851+00:00,19214,2,pass,unchanged,pass,475.658,2.6331,74.4,4,4,10,True,True,,,0,accepted,,2,4,0.25,c1ccc(C[NH2+]Cc2cc3ccccc3nc2SCc2ccccc2)cc1,accepted,,,open_physchem_structural_filter_v1,d92427f281c4690cf9034ca006ecd000dadc0a5711555781c0279b1b88e8ac6a,1,True,C[NH+](C)Cc1ccc(C[NH2+]Cc2cc3ccccc3nc2SCc2cccc(O)c2)cc1CO,2026-09-03T07:45:57.544600+00:00,396.4994783401489,647e53377da7d771826ec1bbe7b5286ac46a0c4b1f73aca743d7bd3ba354b9b1,"[195.04497058823532, 188.5745, 161.70014705882355]",9,pass,c5b457bb2c75e857dee8dd13d0a018243890c5145d06ea9dee08be57d9e268c2,vina_7p3w_v1,c1ccc(C[NH2+]Cc2cc3ccccc3nc2SCc2ccccc2)cc1,computational docking evidence; not biological activity,11501aff62cd8f7b48e793766813748bc25a75bc88ccf6bef4e6b32e86431715,2026-09-03T07:39:21.066964+00:00,success,e3b0c44298fc1c149afbf4c8996fb92427ae41e4649b934ca495991b7852b855,e02f9ab98c7ea8a0aff4921058aca91339aab4ea8a62b013dead6f7fe76c6e16,False,-8.202,workspace_local/reference_workflow/vina_cache/11/11501aff62cd8f7b48e793766813748bc25a75bc88ccf6bef4e6b32e86431715,0.6721311475409836,0.5737704918032787,0.7172131147540983,0.1386750490563073,0.5,0.5,,unavailable_single_docking_protocol,0.517898944237491,next expensive evidence priority; NOT biological hit ranking,29,False
ATP-RDL-BE8EFC5B7A4D8502,ATP-REF-IN2,C[NH+](C)Cc1ccc(C[NH2+]Cc2cc3ccccc3nc2SCc2ccc(O)c(Cl)c2)cc1,HXPOLZRLGYJWSU-UHFFFAOYSA-P,scaffold_preserving_R_group_enumeration,26;27,[cH:1].[*:2]-[*:3]>>[c:1]-[*:3],R_OH;R_Cl,[*:1]O;[*:1]Cl,0edaacdb8a4b66f6f28108efa09d111887870a2ef58b4953eddeaca48e82dd6b,20260903,5f32c8d186672200c6e8794925b86d85d633109b42b02f02e049d7bd05236e68,2026-09-02T19:24:56.199851+00:00,203901,2,pass,unchanged,pass,480.077,3.7942,54.17,3,3,9,True,True,,,0,accepted,,2,4,0.2222222222222222,c1ccc(C[NH2+]Cc2cc3ccccc3nc2SCc2ccccc2)cc1,accepted,,,open_physchem_structural_filter_v1,d92427f281c4690cf9034ca006ecd000dadc0a5711555781c0279b1b88e8ac6a,1,True,C[NH+](C)Cc1ccc(C[NH2+]Cc2cc3ccccc3nc2SCc2ccc(O)c(Cl)c2)cc1,2026-09-03T07:39:06.999741+00:00,165.6047821044922,2d972d68f759edc20762a963fa6a3681efecd8e5adcda311d7d50aa67b405285,"[196.33751515151516, 190.4688787878788, 159.2697878787879]",9,pass,93300c49fe5e6dc29925e1f1c5a4aa837d74a22de019d508cb4ff36702627cc1,vina_7p3w_v1,c1ccc(C[NH2+]Cc2cc3ccccc3nc2SCc2ccccc2)cc1,computational docking evidence; not biological activity,05a0cd4fd0f185ff2b775be30172a9e4219b6f02691dd9e1fa8ed6f1a6046978,2026-09-03T07:36:21.413962+00:00,success,e3b0c44298fc1c149afbf4c8996fb92427ae41e4649b934ca495991b7852b855,20e127e462cba0e6d712ad8bfca7149cdbba51f553e229d68e2d3c5572289152,False,-8.197,workspace_local/reference_workflow/vina_cache/05/05a0cd4fd0f185ff2b775be30172a9e4219b6f02691dd9e1fa8ed6f1a6046978,0.75,0.5573770491803278,0.6967213114754097,0.1386750490563073,0.5,0.5,,unavailable_single_docking_protocol,0.5150300917784746,next expensive evidence priority; NOT biological hit ranking,30,False
ATP-RDL-7CBFFB7061716425,ATP-REF-IN2,C[NH+](C)Cc1ccc(C[NH2+]Cc2cc3ccccc3nc2SCc2ccc(N)c(F)c2)cc1,TYZCVQJMCXWKIT-UHFFFAOYSA-P,scaffold_preserving_R_group_enumeration,26;27,[cH:1].[*:2]-[*:3]>>[c:1]-[*:3],R_NH2;R_F,[*:1]N;[*:1]F,0edaacdb8a4b66f6f28108efa09d111887870a2ef58b4953eddeaca48e82dd6b,20260903,5f9419dcfbc0bdacbe6d13af50baedc4de14068b775918ceedc5b0bbfc784e3e,2026-09-02T19:24:56.199851+00:00,204600,2,pass,unchanged,pass,462.638,3.1565,59.96,3,3,9,True,True,,,0,accepted,,2,4,0.2222222222222222,c1ccc(C[NH2+]Cc2cc3ccccc3nc2SCc2ccccc2)cc1,accepted,,,open_physchem_structural_filter_v1,d92427f281c4690cf9034ca006ecd000dadc0a5711555781c0279b1b88e8ac6a,1,True,C[NH+](C)Cc1ccc(C[NH2+]Cc2cc3ccccc3nc2SCc2ccc(N)c(F)c2)cc1,2026-09-02T18:20:53.641741+00:00,123.94341588020325,4252ea486380432cbf42df395983b5137c894452b411c84595f38eaf4934b2b8,"[196.32048484848485, 190.5459090909091, 159.2449696969697]",9,pass,18203c1ae698b904ebd683f52ca86044e170c97e8fa007cbd08c06eaa659e3d4,vina_7p3w_v1,c1ccc(C[NH2+]Cc2cc3ccccc3nc2SCc2ccccc2)cc1,computational docking evidence; not biological activity,2a2769a584dce36412a0a54f2817accc0d8a6c8be40b7bcef1d1cd59e0894606,2026-09-02T18:18:49.722400+00:00,success,e3b0c44298fc1c149afbf4c8996fb92427ae41e4649b934ca495991b7852b855,0821909c5cc7af1abadc9edd3b883fa0e16e389b86857663fc1acd98b6709c53,False,-8.176,workspace_local/library_generation/in2_smoke_100_v1/vina_jobs/2a/2a2769a584dce36412a0a54f2817accc0d8a6c8be40b7bcef1d1cd59e0894606,0.75,0.5245901639344263,0.6557377049180328,0.1386750490563073,0.5,0.5,,unavailable_single_docking_protocol,0.49371861636863856,next expensive evidence priority; NOT biological hit ranking,31,False
ATP-RDL-98D2AC6D42EB97D5,ATP-REF-IN2,C[NH+](C)Cc1ccc(C[NH2+]Cc2cc3c(N)cccc3nc2SCc2ccccc2)cc1F,IEMJAMQTUUQUSW-UHFFFAOYSA-P,scaffold_preserving_R_group_enumeration,14;30,[cH:1].[*:2]-[*:3]>>[c:1]-[*:3],R_NH2;R_F,[*:1]N;[*:1]F,0edaacdb8a4b66f6f28108efa09d111887870a2ef58b4953eddeaca48e82dd6b,20260903,bd54b77f0d852e6e7b3a87155028ae716ec08230ad281bed4430e167d5a16da6,2026-09-02T19:24:56.199851+00:00,114600,2,pass,unchanged,pass,462.638,3.1565,59.96,3,3,9,True,True,,,0,accepted,,2,4,0.2222222222222222,c1ccc(C[NH2+]Cc2cc3ccccc3nc2SCc2ccccc2)cc1,accepted,,,open_physchem_structural_filter_v1,d92427f281c4690cf9034ca006ecd000dadc0a5711555781c0279b1b88e8ac6a,1,True,C[NH+](C)Cc1ccc(C[NH2+]Cc2cc3c(N)cccc3nc2SCc2ccccc2)cc1F,2026-09-03T07:28:51.254897+00:00,131.51644110679626,7c6346202d6db41b086ae934c95603af679fa5ae42e7a12d77a6cc7a35bb2ccc,"[195.262, 188.1780909090909, 161.29390909090907]",9,pass,b0db9c28f7c658b7d1eafa0e4d0ad42cf91af11a06c2c2d7d4a68615e6284b5a,vina_7p3w_v1,c1ccc(C[NH2+]Cc2cc3ccccc3nc2SCc2ccccc2)cc1,computational docking evidence; not biological activity,0f1e427d225787fba8d554b201162caa75170b35e91b690759d1cfeae5cbd555,2026-09-03T07:26:39.761068+00:00,success,e3b0c44298fc1c149afbf4c8996fb92427ae41e4649b934ca495991b7852b855,e028cac1ca81658ae0374c655d3acc58124932e2034d44e9f9c29ceabd31807b,False,-8.144,workspace_local/reference_workflow/vina_cache/0f/0f1e427d225787fba8d554b201162caa75170b35e91b690759d1cfeae5cbd555,0.6333333333333333,0.5081967213114754,0.6352459016393442,0.1386750490563073,0.5,0.5,,unavailable_single_docking_protocol,0.47139621199705384,next expensive evidence priority; NOT biological hit ranking,32,False
ATP-RDL-2D263E83A1935349,ATP-REF-IN2,CSc1cc(C[NH2+]Cc2cc3ccccc3nc2SCc2ccccc2)c(C)cc1C[NH+](C)C,LUQKNOWJVYOEFW-UHFFFAOYSA-P,scaffold_preserving_R_group_enumeration,6;30,[cH:1].[*:2]-[*:3]>>[c:1]-[*:3],R_Me;R_SMe,[*:1]C;[*:1]SC,0edaacdb8a4b66f6f28108efa09d111887870a2ef58b4953eddeaca48e82dd6b,20260903,105ace3f46bae532aeebfb0ba212366d9a9941206236ebb88a75ba81936d350a,2026-09-02T19:24:56.199851+00:00,60918,2,pass,unchanged,pass,489.754,4.46552,33.94,2,3,10,True,True,,,0,accepted,,2,4,0.2758620689655172,c1ccc(C[NH2+]Cc2cc3ccccc3nc2SCc2ccccc2)cc1,accepted,,,open_physchem_structural_filter_v1,d92427f281c4690cf9034ca006ecd000dadc0a5711555781c0279b1b88e8ac6a,1,True,CSc1cc(C[NH2+]Cc2cc3ccccc3nc2SCc2ccccc2)c(C)cc1C[NH+](C)C,2026-09-03T07:19:37.858461+00:00,130.13415670394895,b6c1a016637e90ed7d1740754e1b3e88cf26c5f9f597ae2e0aae45043409c338,"[194.43067647058822, 189.13608823529412, 162.03635294117646]",9,pass,cd072483c93a75e9d4dbc29a4d3054ceed002f3d640e8576e907dc9d40bc132f,vina_7p3w_v1,c1ccc(C[NH2+]Cc2cc3ccccc3nc2SCc2ccccc2)cc1,computational docking evidence; not biological activity,8e2a15e7fbac8cd65d72b35a276a416ade888303595107800f01328f5ba8fff2,2026-09-03T07:17:27.743745+00:00,success,e3b0c44298fc1c149afbf4c8996fb92427ae41e4649b934ca495991b7852b855,33496003c121b3bf89278111fc6ce8eb49d5eb1cca097046401bd392d137377e,False,-8.11,workspace_local/reference_workflow/vina_cache/8e/8e2a15e7fbac8cd65d72b35a276a416ade888303595107800f01328f5ba8fff2,0.6896551724137931,0.4918032786885246,0.6147540983606556,0.1386750490563073,0.5,0.5,,unavailable_single_docking_protocol,0.46637265820018176,next expensive evidence priority; NOT biological hit ranking,33,False
ATP-RDL-6803129D8141E706,ATP-REF-IN2,C[NH+](C)Cc1ccc(C[NH2+]Cc2cc3ccccc3nc2SCc2cc(CF)ccc2O)cc1,GNDSYJNGABTFGN-UHFFFAOYSA-P,scaffold_preserving_R_group_enumeration,24;27,[cH:1].[*:2]-[*:3]>>[c:1]-[*:3],R_OH;R_CH2F,[*:1]O;[*:1]CF,0edaacdb8a4b66f6f28108efa09d111887870a2ef58b4953eddeaca48e82dd6b,20260903,3c3f0b0f7bb3e0e39bbb4105f425564c6029884c2618b44cb8cf90ba9a7db202,2026-09-02T19:24:56.199851+00:00,181425,2,pass,unchanged,pass,477.649,3.6103,54.17,3,3,10,True,True,,,0,accepted,,2,4,0.25,c1ccc(C[NH2+]Cc2cc3ccccc3nc2SCc2ccccc2)cc1,accepted,,,open_physchem_structural_filter_v1,d92427f281c4690cf9034ca006ecd000dadc0a5711555781c0279b1b88e8ac6a,1,True,C[NH+](C)Cc1ccc(C[NH2+]Cc2cc3ccccc3nc2SCc2cc(CF)ccc2O)cc1,2026-09-03T07:35:57.523622+00:00,145.6819350719452,437d66b36b2f73e24f919853968e59250b6b3d92a71e353fd5b9d8e67b871656,"[196.2299705882353, 190.72517647058822, 159.4085294117647]",9,pass,2719db8cd40c75b7220a20f7cd62bb9da695ae983d51ee005a6bfa5a6ef83b3f,vina_7p3w_v1,c1ccc(C[NH2+]Cc2cc3ccccc3nc2SCc2ccccc2)cc1,computational docking evidence; not biological activity,7ad7350cc3b658ea663902d29466319a930e40ccf57f0cee9e8cacdc4380d50b,2026-09-03T07:33:31.858733+00:00,success,e3b0c44298fc1c149afbf4c8996fb92427ae41e4649b934ca495991b7852b855,85fb6d6c0565022d1d2b67de22db2a0e079084f372be440135567384749e272d,False,-8.067,workspace_local/reference_workflow/vina_cache/7a/7ad7350cc3b658ea663902d29466319a930e40ccf57f0cee9e8cacdc4380d50b,0.7068965517241379,0.45901639344262296,0.5737704918032787,0.1386750490563073,0.5,0.5,,unavailable_single_docking_protocol,0.44678532072138016,next expensive evidence priority; NOT biological hit ranking,34,False
ATP-RDL-1B17A0277B3EB6D3,ATP-REF-IN2,C[NH+](C)Cc1ccc(C[NH2+]Cc2cc3ccc(CO)cc3nc2SCc2ccccc2C#N)cc1,KEGFNLJRFVYYFT-UHFFFAOYSA-P,scaffold_preserving_R_group_enumeration,16;24,[cH:1].[*:2]-[*:3]>>[c:1]-[*:3],R_CH2OH;R_CN,[*:1]CO;[*:1]C#N,0edaacdb8a4b66f6f28108efa09d111887870a2ef58b4953eddeaca48e82dd6b,20260903,591249da0fb1b9e4daef9ccdbddcf2da4a6bcb8b86e2f57bd97ce6233adee8a8,2026-09-02T19:24:56.199851+00:00,141722,2,pass,unchanged,pass,484.669,2.79918,77.96,3,4,10,True,True,,,0,accepted,,2,4,0.2413793103448276,c1ccc(C[NH2+]Cc2cc3ccccc3nc2SCc2ccccc2)cc1,accepted,,,open_physchem_structural_filter_v1,d92427f281c4690cf9034ca006ecd000dadc0a5711555781c0279b1b88e8ac6a,1,True,C[NH+](C)Cc1ccc(C[NH2+]Cc2cc3ccc(CO)cc3nc2SCc2ccccc2C#N)cc1,2026-09-02T18:10:45.898823+00:00,138.7653341293335,f9376c9701f78048a6294706d0a73dd2002f93bb086f3f6f5a6b99d26ff3fbac,"[198.2629142857143, 181.58228571428572, 155.13182857142857]",9,pass,e86f49f3658ee862e9672246de711b7de7f8b8fe91ba825a4ec28bda1f6c5b39,vina_7p3w_v1,c1ccc(C[NH2+]Cc2cc3ccccc3nc2SCc2ccccc2)cc1,computational docking evidence; not biological activity,d303e3779f9ac28848a5886e3d0be0d3b3835e96508ad4592b1dde74043e43d0,2026-09-02T18:08:27.150109+00:00,success,e3b0c44298fc1c149afbf4c8996fb92427ae41e4649b934ca495991b7852b855,4a259412970e918bae4fc26ddca2eeed4f7c885c5ec746299bfd1c0a504579fa,False,-8.05,workspace_local/library_generation/in2_smoke_100_v1/vina_jobs/d3/d303e3779f9ac28848a5886e3d0be0d3b3835e96508ad4592b1dde74043e43d0,0.59375,0.4426229508196721,0.5532786885245902,0.1386750490563073,0.5,0.5,,unavailable_single_docking_protocol,0.4248149278440484,next expensive evidence priority; NOT biological hit ranking,35,False
ATP-RDL-800C1C16C3011CC1,ATP-REF-IN2,CCc1cc(C[NH2+]Cc2cc3ccc(F)cc3nc2SCc2ccccc2)ccc1C[NH+](C)C,JFHUKTFFAUBKDL-UHFFFAOYSA-P,scaffold_preserving_R_group_enumeration,5;16,[cH:1].[*:2]-[*:3]>>[c:1]-[*:3],R_Et;R_F,[*:1]CC;[*:1]F,0edaacdb8a4b66f6f28108efa09d111887870a2ef58b4953eddeaca48e82dd6b,20260903,c02486591d7800f496de44ed0d4fd59cea892bac737d85378dcf897b98f659a5,2026-09-02T19:24:56.199851+00:00,10950,2,pass,unchanged,pass,475.677,4.1367,33.94,2,2,10,True,True,,,0,accepted,,2,4,0.2758620689655172,c1ccc(C[NH2+]Cc2cc3ccccc3nc2SCc2ccccc2)cc1,accepted,,,open_physchem_structural_filter_v1,d92427f281c4690cf9034ca006ecd000dadc0a5711555781c0279b1b88e8ac6a,1,True,CCc1cc(C[NH2+]Cc2cc3ccc(F)cc3nc2SCc2ccccc2)ccc1C[NH+](C)C,2026-09-03T07:14:58.898209+00:00,139.35510897636414,69f44f87738ef8259eb0cdc1483b86b83b13a519ff68b6447d48c9e43743d27f,"[193.92767647058824, 188.5950588235294, 162.06479411764707]",9,pass,d2ed5da1e0ecdb2465744aa98ad996e876646a3432c85e3e5a9c4348583085cd,vina_7p3w_v1,c1ccc(C[NH2+]Cc2cc3ccccc3nc2SCc2ccccc2)cc1,computational docking evidence; not biological activity,64f8b7345834b02a1ae745a47252f31068d70b3fb901903f045699beefe7f239,2026-09-03T07:12:39.564448+00:00,success,e3b0c44298fc1c149afbf4c8996fb92427ae41e4649b934ca495991b7852b855,6a2b7b2d81222d28d4516b98e72ef3b05f9bd492d312ee035f9cd52d6a934a6a,False,-8.047,workspace_local/reference_workflow/vina_cache/64/64f8b7345834b02a1ae745a47252f31068d70b3fb901903f045699beefe7f239,0.639344262295082,0.4262295081967213,0.5327868852459016,0.1386750490563073,0.5,0.5,,unavailable_single_docking_protocol,0.41871861636863855,next expensive evidence priority; NOT biological hit ranking,36,False
ATP-RDL-0565AAE1B1B00E0E,ATP-REF-IN2,C[NH+](C)Cc1ccc(C[NH2+]Cc2cc3ccccc3nc2SCc2c(F)cccc2C2CC2)cc1,PTKGMNZWSVFIFV-UHFFFAOYSA-P,scaffold_preserving_R_group_enumeration,24;28,[cH:1].[*:2]-[*:3]>>[c:1]-[*:3],R_cPr;R_F,[*:1]C1CC1;[*:1]F,0edaacdb8a4b66f6f28108efa09d111887870a2ef58b4953eddeaca48e82dd6b,20260903,3acca10e988a504dbb0ac3d58ed739371ae4ffeb03307bf37a0c01e9bd9b5f47,2026-09-02T19:24:56.199851+00:00,183700,2,pass,unchanged,pass,487.688,4.4517,33.94,2,2,10,True,True,,,0,accepted,,2,5,0.3,c1ccc(C[NH2+]Cc2cc3ccccc3nc2SCc2ccccc2C2CC2)cc1,accepted,,,open_physchem_structural_filter_v1,d92427f281c4690cf9034ca006ecd000dadc0a5711555781c0279b1b88e8ac6a,1,True,C[NH+](C)Cc1ccc(C[NH2+]Cc2cc3ccccc3nc2SCc2c(F)cccc2C2CC2)cc1,2026-09-03T07:35:47.862458+00:00,146.44067072868347,4bebd99bfc1ed264704b63e23bcbce840016323529b286b8cfa59355a0d578b6,"[196.1282285714286, 187.65317142857143, 160.46377142857142]",9,pass,48dfb77e093e51fc0e0f1ef047e2c1c78faa7e3e2b3524a259a02740fe73cf7d,vina_7p3w_v1,c1ccc(C[NH2+]Cc2cc3ccccc3nc2SCc2ccccc2C2CC2)cc1,computational docking evidence; not biological activity,c2e62c50477ac5c558cd81aa9a558b10be4a0b223bb4dfeb567af2d21590a993,2026-09-03T07:33:21.441859+00:00,success,e3b0c44298fc1c149afbf4c8996fb92427ae41e4649b934ca495991b7852b855,97d451498916042dc5bf2d964ecfe4b5e09269a662bc96990560992eefbfd5f4,False,-7.52,workspace_local/reference_workflow/vina_cache/c2/c2e62c50477ac5c558cd81aa9a558b10be4a0b223bb4dfeb567af2d21590a993,0.6612903225806451,0.13114754098360656,0.16393442622950827,1.0,0.5,0.5,,unavailable_single_docking_protocol,0.4013749338974088,next expensive evidence priority; NOT biological hit ranking,37,False
ATP-RDL-F5C33231E1830E74,ATP-REF-IN2,Cc1cc(C[NH+](C)C)ccc1C[NH2+]Cc1c(SCc2ccccc2)nc2ccccc2c1CN,AIPHEAITAMNTMY-UHFFFAOYSA-P,scaffold_preserving_R_group_enumeration,6;12,[cH:1].[*:2]-[*:3]>>[c:1]-[*:3],R_Me;R_CH2NH2,[*:1]C;[*:1]CN,0edaacdb8a4b66f6f28108efa09d111887870a2ef58b4953eddeaca48e82dd6b,20260903,3d000f2f1b4ea269755eff4bcef88ace786e34b8b109a81a3f8a45ba86b5ae47,2026-09-02T19:24:56.199851+00:00,33426,2,pass,unchanged,pass,472.702,3.20232,59.96,3,3,10,True,True,,,0,accepted,,2,4,0.2758620689655172,c1ccc(C[NH2+]Cc2cc3ccccc3nc2SCc2ccccc2)cc1,accepted,,,open_physchem_structural_filter_v1,d92427f281c4690cf9034ca006ecd000dadc0a5711555781c0279b1b88e8ac6a,1,True,Cc1cc(C[NH+](C)C)ccc1C[NH2+]Cc1c(SCc2ccccc2)nc2ccccc2c1CN,2026-09-03T07:51:23.428246+00:00,349.32946133613586,cfed428b70bf4296635aa1f65a20d00e7e0a76afa2d00ab246a1568eab3bf4dd,"[196.5973529411765, 190.5145294117647, 158.76485294117649]",9,pass,3b99021dc946056e55bbc33b6fc18270fef4f090a4f231d0e885f8edcbbe76e4,vina_7p3w_v1,c1ccc(C[NH2+]Cc2cc3ccccc3nc2SCc2ccccc2)cc1,computational docking evidence; not biological activity,4287fc6a3ca5dc5703c2c5a38b4c62d3551560e1d99afffcd61fd6d1384b7429,2026-09-03T07:45:34.121807+00:00,success,e3b0c44298fc1c149afbf4c8996fb92427ae41e4649b934ca495991b7852b855,5a9d72d97846040bb6c0282e45dce7734aaa6eabede0655ba1db270b2988c975,False,-8.014,workspace_local/reference_workflow/vina_cache/42/4287fc6a3ca5dc5703c2c5a38b4c62d3551560e1d99afffcd61fd6d1384b7429,0.5625,0.4098360655737705,0.5122950819672131,0.1386750490563073,0.5,0.5,,unavailable_single_docking_protocol,0.40037845243421233,next expensive evidence priority; NOT biological hit ranking,38,False
ATP-RDL-E2EE096F1D74885D,ATP-REF-IN2,C[NH+](C)Cc1ccc(C[NH2+]Cc2cc3c(N)c(C(F)F)ccc3nc2SCc2ccccc2)cc1,NCHRXBULXDWJMI-UHFFFAOYSA-P,scaffold_preserving_R_group_enumeration,14;15,[cH:1].[*:2]-[*:3]>>[c:1]-[*:3],R_NH2;R_CHF2,[*:1]N;[*:1]C(F)F,0edaacdb8a4b66f6f28108efa09d111887870a2ef58b4953eddeaca48e82dd6b,20260903,3b40a19b41b0171c0d940d5af93fcaf1c29a469e256c5b917ea3d3d0fa01fc14,2026-09-02T19:24:56.199851+00:00,92124,2,pass,unchanged,pass,494.655,3.955,59.96,3,3,10,True,True,,,0,accepted,,2,4,0.25,c1ccc(C[NH2+]Cc2cc3ccccc3nc2SCc2ccccc2)cc1,accepted,,,open_physchem_structural_filter_v1,d92427f281c4690cf9034ca006ecd000dadc0a5711555781c0279b1b88e8ac6a,1,True,C[NH+](C)Cc1ccc(C[NH2+]Cc2cc3c(N)c(C(F)F)ccc3nc2SCc2ccccc2)cc1,2026-09-03T07:28:42.291679+00:00,149.39601349830627,8e822eb08fc30410e7fc6adb1b60220163d8a8c41c656c70f4a3f149dc9bd625,"[194.08397142857143, 187.87279999999998, 161.29808571428572]",9,pass,0c7ace9eb2a19deca5adbfed09891cf200a1b14ad4b9e3edc726640298df945f,vina_7p3w_v1,c1ccc(C[NH2+]Cc2cc3ccccc3nc2SCc2ccccc2)cc1,computational docking evidence; not biological activity,73c850c91b39b52998e21512cb76618d2c6845c7a1f9646986c336dcf68a37ce,2026-09-03T07:26:12.912675+00:00,success,e3b0c44298fc1c149afbf4c8996fb92427ae41e4649b934ca495991b7852b855,1f63ff912c08b019029c030df0295909cad6f7980d59e434a878c2a370c309b8,False,-7.926,workspace_local/reference_workflow/vina_cache/73/73c850c91b39b52998e21512cb76618d2c6845c7a1f9646986c336dcf68a37ce,0.6779661016949152,0.3770491803278688,0.471311475409836,0.1386750490563073,0.5,0.5,,unavailable_single_docking_protocol,0.39061358719386774,next expensive evidence priority; NOT biological hit ranking,39,False
ATP-RDL-83912CC49F67B6C6,ATP-REF-IN2,Cc1cc(C[NH2+]Cc2c(SCc3ccccc3)nc3ccccc3c2CN)ccc1C[NH+](C)C,ZAMYYOIOGNUJMX-UHFFFAOYSA-P,scaffold_preserving_R_group_enumeration,5;12,[cH:1].[*:2]-[*:3]>>[c:1]-[*:3],R_Me;R_CH2NH2,[*:1]C;[*:1]CN,0edaacdb8a4b66f6f28108efa09d111887870a2ef58b4953eddeaca48e82dd6b,20260903,2dd93bda82ff45eaba7eea009bd0be36f865345f59c8d9bffe63ee7e4eac1e14,2026-09-02T19:24:56.199851+00:00,3426,2,pass,unchanged,pass,472.702,3.20232,59.96,3,3,10,True,True,,,0,accepted,,2,4,0.2758620689655172,c1ccc(C[NH2+]Cc2cc3ccccc3nc2SCc2ccccc2)cc1,accepted,,,open_physchem_structural_filter_v1,d92427f281c4690cf9034ca006ecd000dadc0a5711555781c0279b1b88e8ac6a,1,True,Cc1cc(C[NH2+]Cc2c(SCc3ccccc3)nc3ccccc3c2CN)ccc1C[NH+](C)C,2026-09-03T07:56:37.763584+00:00,354.5302860736847,5a406c4836db1043f30a0a14e62e4d8ab33c57abb9f56ae6490168fc71c89e92,"[195.32679411764707, 188.09050000000002, 160.867]",9,pass,437607f3720331056a80dcb98b687cd043299f5d9ff805dac18ca81d83cfddab,vina_7p3w_v1,c1ccc(C[NH2+]Cc2cc3ccccc3nc2SCc2ccccc2)cc1,computational docking evidence; not biological activity,bf334a359b56427bc6f927104a501f0c59c0eb395c6d3846249c91f5a95e3fbf,2026-09-03T07:50:43.265226+00:00,success,e3b0c44298fc1c149afbf4c8996fb92427ae41e4649b934ca495991b7852b855,be4605541f1717981ce9da98292cbd5b626c5ca91376fab46b063fe4ed12f847,False,-7.998,workspace_local/reference_workflow/vina_cache/bf/bf334a359b56427bc6f927104a501f0c59c0eb395c6d3846249c91f5a95e3fbf,0.546875,0.39344262295081966,0.4918032786885246,0.1386750490563073,0.5,0.5,,unavailable_single_docking_protocol,0.3881602147292943,next expensive evidence priority; NOT biological hit ranking,40,False
ATP-RDL-D08871FBB28E318D,ATP-REF-IN2,C[NH+](C)Cc1ccc(C[NH2+]Cc2cc3ccccc3nc2SCc2cccc(O)c2)c(CO)c1,VITBKBNLAUKRQJ-UHFFFAOYSA-P,scaffold_preserving_R_group_enumeration,6;25,[cH:1].[*:2]-[*:3]>>[c:1]-[*:3],R_CH2OH;R_OH,[*:1]CO;[*:1]O,0edaacdb8a4b66f6f28108efa09d111887870a2ef58b4953eddeaca48e82dd6b,20260903,43208c5ff8a9b202fe98f31e31731fb4cf19e2f24b4d467f692532c9e4cb751e,2026-09-02T19:24:56.199851+00:00,49214,2,pass,unchanged,pass,475.658,2.6331,74.4,4,4,10,True,True,,,0,accepted,,2,4,0.25,c1ccc(C[NH2+]Cc2cc3ccccc3nc2SCc2ccccc2)cc1,accepted,,,open_physchem_structural_filter_v1,d92427f281c4690cf9034ca006ecd000dadc0a5711555781c0279b1b88e8ac6a,1,True,C[NH+](C)Cc1ccc(C[NH2+]Cc2cc3ccccc3nc2SCc2cccc(O)c2)c(CO)c1,2026-09-03T07:45:22.721107+00:00,375.7253589630127,07aa4ac407432368c6f4bbfdab241bd7b812c74175898ee95c47b2cd92894d84,"[194.734, 188.60955882352943, 161.53323529411765]",9,pass,ffae8480b1bf0d0f95dfc31a17a57ed65beb8d0201e06b945571501472694900,vina_7p3w_v1,c1ccc(C[NH2+]Cc2cc3ccccc3nc2SCc2ccccc2)cc1,computational docking evidence; not biological activity,615f430b9a1c28d4f145ef12c8ad4218a1156d267148175c69280f82bbfc6d5e,2026-09-03T07:39:07.020745+00:00,success,e3b0c44298fc1c149afbf4c8996fb92427ae41e4649b934ca495991b7852b855,88bccd86c5db2fa0b39488e674aa9346d877a4344625f3e802630951646469fa,False,-7.916,workspace_local/reference_workflow/vina_cache/61/615f430b9a1c28d4f145ef12c8ad4218a1156d267148175c69280f82bbfc6d5e,0.6557377049180327,0.36065573770491804,0.4508196721311475,0.1386750490563073,0.5,0.5,,unavailable_single_docking_protocol,0.37773500981126146,next expensive evidence priority; NOT biological hit ranking,41,False
ATP-RDL-B111F49E88645016,ATP-REF-IN2,C[NH+](C)Cc1ccc(C[NH2+]Cc2cc3ccccc3nc2SCc2cccc(C3CC3)c2F)cc1,DIULMLOHRIYSRK-UHFFFAOYSA-P,scaffold_preserving_R_group_enumeration,27;28,[cH:1].[*:2]-[*:3]>>[c:1]-[*:3],R_cPr;R_F,[*:1]C1CC1;[*:1]F,0edaacdb8a4b66f6f28108efa09d111887870a2ef58b4953eddeaca48e82dd6b,20260903,a38e68ed81edec16f88b4b21fce03e2b26bb912a0f87196169fd99a13bdcfa1c,2026-09-02T19:24:56.199851+00:00,213700,2,pass,unchanged,pass,487.688,4.4517,33.94,2,2,10,True,True,,,0,accepted,,2,5,0.3,c1ccc(C[NH2+]Cc2cc3ccccc3nc2SCc2cccc(C3CC3)c2)cc1,accepted,,,open_physchem_structural_filter_v1,d92427f281c4690cf9034ca006ecd000dadc0a5711555781c0279b1b88e8ac6a,1,True,C[NH+](C)Cc1ccc(C[NH2+]Cc2cc3ccccc3nc2SCc2cccc(C3CC3)c2F)cc1,2026-09-03T07:44:55.467635+00:00,351.81730484962463,0452782eec76471adcf1e11616762d473f2a33fd19d05230befdb0353c12df75,"[195.075, 188.00254285714286, 161.06217142857145]",9,pass,d5ed5500369325983eb18f5e04c32979f1e519dffe1019ec8a0c5d3bd0951ca6,vina_7p3w_v1,c1ccc(C[NH2+]Cc2cc3ccccc3nc2SCc2cccc(C3CC3)c2)cc1,computational docking evidence; not biological activity,ff74ef36fa71539d7ab12b9f6be52624fe8ee5830ff32dea5faede3cdd98fdb4,2026-09-03T07:39:03.678288+00:00,success,e3b0c44298fc1c149afbf4c8996fb92427ae41e4649b934ca495991b7852b855,ad7dd9dcc45f0612369cd56aeb0f8c4aaeadeb92ee5032e53dca7041fb263f93,False,-7.473,workspace_local/reference_workflow/vina_cache/ff/ff74ef36fa71539d7ab12b9f6be52624fe8ee5830ff32dea5faede3cdd98fdb4,0.6721311475409836,0.08196721311475409,0.10245901639344257,1.0,0.5,0.5,,unavailable_single_docking_protocol,0.3704918032786885,next expensive evidence priority; NOT biological hit ranking,42,False
ATP-RDL-09AD77A471447DA9,ATP-REF-IN2,C[NH+](C)Cc1ccc(C[NH2+]Cc2cc3ccc(CO)c(O)c3nc2SCc2ccccc2)cc1,ABCKCRORWUBBIY-UHFFFAOYSA-P,scaffold_preserving_R_group_enumeration,16;17,[cH:1].[*:2]-[*:3]>>[c:1]-[*:3],R_CH2OH;R_OH,[*:1]CO;[*:1]O,0edaacdb8a4b66f6f28108efa09d111887870a2ef58b4953eddeaca48e82dd6b,20260903,e82af9d7f1756dd1bd15b615618e4cc954e2ec12dba9073e1864cbb0ca4d4ce1,2026-09-02T19:24:56.199851+00:00,139214,2,pass,unchanged,pass,475.658,2.6331,74.4,4,4,10,True,True,,,0,accepted,,2,4,0.25,c1ccc(C[NH2+]Cc2cc3ccccc3nc2SCc2ccccc2)cc1,accepted,,,open_physchem_structural_filter_v1,d92427f281c4690cf9034ca006ecd000dadc0a5711555781c0279b1b88e8ac6a,1,True,C[NH+](C)Cc1ccc(C[NH2+]Cc2cc3ccc(CO)c(O)c3nc2SCc2ccccc2)cc1,2026-09-03T07:31:05.455970+00:00,143.1681878566742,853410a8a2f97f2bd12276b4ed73bcf071816eb19acfd95be808ebd906fde295,"[193.32158823529412, 189.02529411764704, 162.5759117647059]",9,pass,10afb47b4638d527d4f890cf8928161fd2c4366279fdea29a55dd0dfaa4b4806,vina_7p3w_v1,c1ccc(C[NH2+]Cc2cc3ccccc3nc2SCc2ccccc2)cc1,computational docking evidence; not biological activity,235e96b2000a6e6d453a8519bf6cd2a85b46d55f4b377292f8bf26a85d97da0d,2026-09-03T07:28:42.312731+00:00,success,e3b0c44298fc1c149afbf4c8996fb92427ae41e4649b934ca495991b7852b855,bd30f2fe8aa641dbf9cccab4f46682614d68fab332d7fef1282d07bfecf0dd0e,False,-7.893,workspace_local/reference_workflow/vina_cache/23/235e96b2000a6e6d453a8519bf6cd2a85b46d55f4b377292f8bf26a85d97da0d,0.6610169491525424,0.3442622950819672,0.430327868852459,0.1386750490563073,0.5,0.5,,unavailable_single_docking_protocol,0.3676071965297944,next expensive evidence priority; NOT biological hit ranking,43,False
ATP-RDL-E19F409C50B80AF7,ATP-REF-IN2,C[NH+](C)Cc1ccc(C[NH2+]Cc2cc3ccccc3nc2SCc2ccc(CN)cc2)cc1N,UPLGNMUUJCFWJE-UHFFFAOYSA-P,scaffold_preserving_R_group_enumeration,26;30,[cH:1].[*:2]-[*:3]>>[c:1]-[*:3],R_CH2NH2;R_NH2,[*:1]CN;[*:1]N,0edaacdb8a4b66f6f28108efa09d111887870a2ef58b4953eddeaca48e82dd6b,20260903,ddc9074d78031c8c7906723604570c7d9b16d851c08d4a35e096e47be93c5cdd,2026-09-02T19:24:56.199851+00:00,212028,2,pass,unchanged,pass,473.69,2.4761,85.98,4,4,10,True,True,,,0,accepted,,2,4,0.25,c1ccc(C[NH2+]Cc2cc3ccccc3nc2SCc2ccccc2)cc1,accepted,,,open_physchem_structural_filter_v1,d92427f281c4690cf9034ca006ecd000dadc0a5711555781c0279b1b88e8ac6a,1,True,C[NH+](C)Cc1ccc(C[NH2+]Cc2cc3ccccc3nc2SCc2ccc(CN)cc2)cc1N,2026-09-03T07:39:21.038980+00:00,203.52027344703677,e9d1aa3025b413b9e935eed573eeb707a776a6d6aec69355369ef148238fb24a,"[196.35832352941176, 190.5885588235294, 159.25638235294116]",9,pass,449e2b2378f4da488bf388a754bacae4a74d897fa87961358605f3e603dacc49,vina_7p3w_v1,c1ccc(C[NH2+]Cc2cc3ccccc3nc2SCc2ccccc2)cc1,computational docking evidence; not biological activity,22a40755c29303bfcea15cd281e00d78decfe898c8402dfdd23750b57f8ebbf7,2026-09-03T07:35:57.540633+00:00,success,e3b0c44298fc1c149afbf4c8996fb92427ae41e4649b934ca495991b7852b855,dda9a8f56f659a71829d7503c25b00dc210e6738be30d5c64208cdf64db43109,False,-7.873,workspace_local/reference_workflow/vina_cache/22/22a40755c29303bfcea15cd281e00d78decfe898c8402dfdd23750b57f8ebbf7,0.7017543859649122,0.3114754098360656,0.389344262295082,0.1386750490563073,0.5,0.5,,unavailable_single_docking_protocol,0.3503694648011953,next expensive evidence priority; NOT biological hit ranking,44,False
ATP-RDL-D78851C31F8CAA0E,ATP-REF-IN2,C[NH+](C)Cc1ccc(C[NH2+]Cc2cc3ccc(N)cc3nc2SCc2ccccc2C(F)F)cc1,BCSJILSRAMVNHL-UHFFFAOYSA-P,scaffold_preserving_R_group_enumeration,16;28,[cH:1].[*:2]-[*:3]>>[c:1]-[*:3],R_NH2;R_CHF2,[*:1]N;[*:1]C(F)F,0edaacdb8a4b66f6f28108efa09d111887870a2ef58b4953eddeaca48e82dd6b,20260903,aa1d7702074e2f06066126283319cc3aa940ae6dc36fd1b67f2f91f2338e8c9d,2026-09-02T19:24:56.199851+00:00,152124,2,pass,unchanged,pass,494.655,3.955,59.96,3,3,10,True,True,,,0,accepted,,2,4,0.25,c1ccc(C[NH2+]Cc2cc3ccccc3nc2SCc2ccccc2)cc1,accepted,,,open_physchem_structural_filter_v1,d92427f281c4690cf9034ca006ecd000dadc0a5711555781c0279b1b88e8ac6a,1,True,C[NH+](C)Cc1ccc(C[NH2+]Cc2cc3ccc(N)cc3nc2SCc2ccccc2C(F)F)cc1,2026-09-03T07:31:38.651798+00:00,141.02738857269287,eb3cdcaae8a3503f52b353f55f2b387f3d83e86bde21fb248f79dbd93488a914,"[193.659, 188.25177142857143, 161.93591428571426]",9,pass,0f9ecfe0dbe3cb2489002b9716212f7cb183a517ddce904417856afeebaf04b0,vina_7p3w_v1,c1ccc(C[NH2+]Cc2cc3ccccc3nc2SCc2ccccc2)cc1,computational docking evidence; not biological activity,6e6b9528803fb313a3303cdc6974775a99323a82aabba83cc2af975440e46a9a,2026-09-03T07:29:17.643154+00:00,success,e3b0c44298fc1c149afbf4c8996fb92427ae41e4649b934ca495991b7852b855,9e55444a4f51fd4bfbcca7566d27da6d147d65950eb58cd368297f7da0e236f7,False,-7.883,workspace_local/reference_workflow/vina_cache/6e/6e6b9528803fb313a3303cdc6974775a99323a82aabba83cc2af975440e46a9a,0.59375,0.32786885245901637,0.4098360655737704,0.1386750490563073,0.5,0.5,,unavailable_single_docking_protocol,0.3502247639096221,next expensive evidence priority; NOT biological hit ranking,45,False
ATP-RDL-A9A80DD21AC4FD80,ATP-REF-IN2,C[NH+](C)Cc1ccc(C[NH2+]Cc2c(SCc3ccccc3)nc3ccc(Cl)cc3c2F)cc1,XEAJLHJIAZOSAZ-UHFFFAOYSA-P,scaffold_preserving_R_group_enumeration,12;15,[cH:1].[*:2]-[*:3]>>[c:1]-[*:3],R_F;R_Cl,[*:1]F;[*:1]Cl,0edaacdb8a4b66f6f28108efa09d111887870a2ef58b4953eddeaca48e82dd6b,20260903,f49d9febf42bcd13148ba9443a7c8e3b6f0da8816da4465ebb0df78335c29e0c,2026-09-02T19:24:56.199851+00:00,65701,2,pass,unchanged,pass,482.068,4.2277,33.94,2,2,9,True,True,,,0,accepted,,2,4,0.2222222222222222,c1ccc(C[NH2+]Cc2cc3ccccc3nc2SCc2ccccc2)cc1,accepted,,,open_physchem_structural_filter_v1,d92427f281c4690cf9034ca006ecd000dadc0a5711555781c0279b1b88e8ac6a,1,True,C[NH+](C)Cc1ccc(C[NH2+]Cc2c(SCc3ccccc3)nc3ccc(Cl)cc3c2F)cc1,2026-09-03T07:23:43.696546+00:00,114.7383110523224,469e498edbee1abd95f4f2ed508c18dd42a5f0347d1be0b2082b26c6b2e9ec53,"[193.79566666666665, 188.21454545454546, 161.55233333333334]",9,pass,5a2412bd70972ad63f4eca6fe86fa1d52c489696c92207ef02c4412f257ba3b2,vina_7p3w_v1,c1ccc(C[NH2+]Cc2cc3ccccc3nc2SCc2ccccc2)cc1,computational docking evidence; not biological activity,b4f0a52e79237ef69fc0cc9f4107ffdecb02713f10019010538093bb20badece,2026-09-03T07:21:48.980332+00:00,success,e3b0c44298fc1c149afbf4c8996fb92427ae41e4649b934ca495991b7852b855,15c5b1cac6ddf4baefbe8a0f1376a55363ae6c6433db562af23fc0478a5f1a28,False,-7.862,workspace_local/reference_workflow/vina_cache/b4/b4f0a52e79237ef69fc0cc9f4107ffdecb02713f10019010538093bb20badece,0.5806451612903226,0.29508196721311475,0.3688524590163934,0.1386750490563073,0.5,0.5,,unavailable_single_docking_protocol,0.3276028046288183,next expensive evidence priority; NOT biological hit ranking,46,False
ATP-RDL-0584CCA0B989015C,ATP-REF-IN2,Cc1cc(C[NH2+]Cc2cc3c(C(=O)O)cccc3nc2SCc2ccccc2)ccc1C[NH+](C)C,BLPOCOQICILMQY-UHFFFAOYSA-P,scaffold_preserving_R_group_enumeration,5;14,[cH:1].[*:2]-[*:3]>>[c:1]-[*:3],R_Me;R_CO2H,[*:1]C;[*:1]C(=O)O,0edaacdb8a4b66f6f28108efa09d111887870a2ef58b4953eddeaca48e82dd6b,20260903,0064be2ca7b21d4a25bac90930b6f4e46d1deb8b2b5803c007d3aa9697be1f09,2026-09-02T19:24:56.199851+00:00,5934,2,pass,unchanged,pass,487.669,3.44182,71.24,3,3,10,True,True,,,0,accepted,,2,4,0.2413793103448276,c1ccc(C[NH2+]Cc2cc3ccccc3nc2SCc2ccccc2)cc1,accepted,,,open_physchem_structural_filter_v1,d92427f281c4690cf9034ca006ecd000dadc0a5711555781c0279b1b88e8ac6a,1,True,Cc1cc(C[NH2+]Cc2cc3c(C(=O)O)cccc3nc2SCc2ccccc2)ccc1C[NH+](C)C,2026-09-03T07:57:12.648579+00:00,366.6083455085754,1b07ac0254f63afff8105e64945e320f0f8e1120a06c33f621ad3f4c42c44afa,"[195.92894285714286, 188.3056, 161.8887142857143]",9,pass,9e70d3d542d1e3e165bcbb0d67e4c56ec9c6956b17e18e8fe08f222575f533cd,vina_7p3w_v1,c1ccc(C[NH2+]Cc2cc3ccccc3nc2SCc2ccccc2)cc1,computational docking evidence; not biological activity,8ddc9ab6c8c946fc3e618ff6cfe471859dc33990f63b73fb726e7039294b046f,2026-09-03T07:51:06.076951+00:00,success,e3b0c44298fc1c149afbf4c8996fb92427ae41e4649b934ca495991b7852b855,271ef10b59dcddf11b48193d09556f74a1c12304c55bbfbdd2783ea59d56d0c8,False,-7.783,workspace_local/reference_workflow/vina_cache/8d/8ddc9ab6c8c946fc3e618ff6cfe471859dc33990f63b73fb726e7039294b046f,0.6031746031746031,0.2786885245901639,0.3483606557377049,0.1386750490563073,0.5,0.5,,unavailable_single_docking_protocol,0.3192000111123283,next expensive evidence priority; NOT biological hit ranking,47,False
ATP-RDL-98CE62A058D6C905,ATP-REF-IN2,C[NH+](C)Cc1ccc(C[NH2+]Cc2cc3ccc(N)cc3nc2SCc2cccc(F)c2)cc1,FTJLFTZLHJRHAF-UHFFFAOYSA-P,scaffold_preserving_R_group_enumeration,16;25,[cH:1].[*:2]-[*:3]>>[c:1]-[*:3],R_NH2;R_F,[*:1]N;[*:1]F,0edaacdb8a4b66f6f28108efa09d111887870a2ef58b4953eddeaca48e82dd6b,20260903,927e9fa2527700cd5d1cb053dd2800febfc24b3772665f1803354300b90036dd,2026-09-02T19:24:56.199851+00:00,144600,2,pass,unchanged,pass,462.638,3.1565,59.96,3,3,9,True,True,,,0,accepted,,2,4,0.2222222222222222,c1ccc(C[NH2+]Cc2cc3ccccc3nc2SCc2ccccc2)cc1,accepted,,,open_physchem_structural_filter_v1,d92427f281c4690cf9034ca006ecd000dadc0a5711555781c0279b1b88e8ac6a,1,True,C[NH+](C)Cc1ccc(C[NH2+]Cc2cc3ccc(N)cc3nc2SCc2cccc(F)c2)cc1,2026-09-03T07:30:55.760399+00:00,124.49999356269836,1870c654e493ef52d6dc732bc08adffeebda7042968d50a487eac9e715059bf4,"[193.56915151515153, 188.26409090909092, 161.74118181818181]",9,pass,5480ea9942ca53d1e8b2fb7a77490b4af8697a8209c5d31ac861265438b264d6,vina_7p3w_v1,c1ccc(C[NH2+]Cc2cc3ccccc3nc2SCc2ccccc2)cc1,computational docking evidence; not biological activity,bd651c8df8c2e49a5f4268aed5f42a48cdadf6dc7b3da051e3359d6d7eb97a87,2026-09-03T07:28:51.278514+00:00,success,e3b0c44298fc1c149afbf4c8996fb92427ae41e4649b934ca495991b7852b855,1deda0a7f78d6135631280cc4498e724934141277ac1d75a1760d0b2d7fc21fe,False,-7.764,workspace_local/reference_workflow/vina_cache/bd/bd651c8df8c2e49a5f4268aed5f42a48cdadf6dc7b3da051e3359d6d7eb97a87,0.639344262295082,0.26229508196721313,0.3278688524590164,0.1386750490563073,0.5,0.5,,unavailable_single_docking_protocol,0.3121612393194582,next expensive evidence priority; NOT biological hit ranking,48,False
ATP-RDL-2EEC8D4838645138,ATP-REF-IN2,C[NH+](C)Cc1ccc(C[NH2+]Cc2cc3ccccc3nc2SCc2cc(N)ccc2CN)cc1,UQPIFOPEMXVKPX-UHFFFAOYSA-P,scaffold_preserving_R_group_enumeration,24;27,[cH:1].[*:2]-[*:3]>>[c:1]-[*:3],R_CH2NH2;R_NH2,[*:1]CN;[*:1]N,0edaacdb8a4b66f6f28108efa09d111887870a2ef58b4953eddeaca48e82dd6b,20260903,cb43e7350d73a717e2f56b62be8dead1773b57ae55aac220a8e64dcf3b4ec90c,2026-09-02T19:24:56.199851+00:00,182028,2,pass,unchanged,pass,473.69,2.4761,85.98,4,4,10,True,True,,,0,accepted,,2,4,0.25,c1ccc(C[NH2+]Cc2cc3ccccc3nc2SCc2ccccc2)cc1,accepted,,,open_physchem_structural_filter_v1,d92427f281c4690cf9034ca006ecd000dadc0a5711555781c0279b1b88e8ac6a,1,True,C[NH+](C)Cc1ccc(C[NH2+]Cc2cc3ccccc3nc2SCc2cc(N)ccc2CN)cc1,2026-09-03T07:36:23.516215+00:00,161.42511987686157,0d53f6b7e9b35a49b31cd96fec7bbed4c9fbcefd85051d75393815fbf8bde43b,"[195.37982352941177, 188.02335294117646, 159.90732352941177]",9,pass,5ba79227248673c1c07c20bfa58e952bcd7243cbf50edc18b4d5e9aa31b143dd,vina_7p3w_v1,c1ccc(C[NH2+]Cc2cc3ccccc3nc2SCc2ccccc2)cc1,computational docking evidence; not biological activity,d90e1095fb2d5575d0d870b02dfc929719ff13e72657235d326d9e41b843c785,2026-09-03T07:33:42.115106+00:00,success,e3b0c44298fc1c149afbf4c8996fb92427ae41e4649b934ca495991b7852b855,f91a2b64e29b5434a5aa7a74c19b0dc7b765d9fdd88a322976775d2401c8c6af,False,-7.735,workspace_local/reference_workflow/vina_cache/d9/d90e1095fb2d5575d0d870b02dfc929719ff13e72657235d326d9e41b843c785,0.7068965517241379,0.2459016393442623,0.30737704918032793,0.1386750490563073,0.5,0.5,,unavailable_single_docking_protocol,0.30826073055744574,next expensive evidence priority; NOT biological hit ranking,49,False
ATP-RDL-5187738B06C5E8C6,ATP-REF-IN2,C[NH+](C)Cc1ccc(C[NH2+]Cc2cc3c(C4CCC4)cccc3nc2SCc2ccccc2)cc1O,KVMDYCFLPCATHI-UHFFFAOYSA-P,scaffold_preserving_R_group_enumeration,14;30,[cH:1].[*:2]-[*:3]>>[c:1]-[*:3],R_cBu;R_OH,[*:1]C1CCC1;[*:1]O,0edaacdb8a4b66f6f28108efa09d111887870a2ef58b4953eddeaca48e82dd6b,20260903,c973f1ec27b3d7de2eccd780cbdd333c3f3448a575063d3915b0e211406f9853,2026-09-02T19:24:56.199851+00:00,113764,2,pass,unchanged,pass,499.724,4.4083,54.17,3,3,10,True,True,mannich_A(296),,1,accepted,,2,5,0.3225806451612903,c1ccc(C[NH2+]Cc2cc3c(C4CCC4)cccc3nc2SCc2ccccc2)cc1,accepted,,pains_warning,open_physchem_structural_filter_v1,d92427f281c4690cf9034ca006ecd000dadc0a5711555781c0279b1b88e8ac6a,1,True,C[NH+](C)Cc1ccc(C[NH2+]Cc2cc3c(C4CCC4)cccc3nc2SCc2ccccc2)cc1O,2026-09-03T07:24:47.527728+00:00,155.13512063026428,c11d4a310d269e90c4307574007d393c95fb329f3b4224ef56b245c83efd9e25,"[196.27713888888889, 186.73875, 159.74077777777777]",9,pass,7138bc8375abbad430e7706ce1f1669014acbd8e7f13f953b4a4d0d4e2577975,vina_7p3w_v1,c1ccc(C[NH2+]Cc2cc3c(C4CCC4)cccc3nc2SCc2ccccc2)cc1,computational docking evidence; not biological activity,b2a9604745fdc56a5d9b42c2bad8b3a009753847b075d17ebb90b74360c73fef,2026-09-03T07:22:12.410260+00:00,success,e3b0c44298fc1c149afbf4c8996fb92427ae41e4649b934ca495991b7852b855,809e8cff63904e16f10798063019f5e028dcb43eced32fd8855d7db38be95d72,False,-7.154,workspace_local/reference_workflow/vina_cache/b2/b2a9604745fdc56a5d9b42c2bad8b3a009753847b075d17ebb90b74360c73fef,0.5757575757575758,0.0,0.0,1.0,0.5,0.5,,unavailable_single_docking_protocol,0.30757575757575756,next expensive evidence priority; NOT biological hit ranking,50,False
ATP-RDL-998F47727336D401,ATP-REF-IN2,CNC(=O)c1cc(C[NH+](C)C)ccc1C[NH2+]Cc1cc2ccccc2nc1SCc1ccccc1,CDNUZGNRRWGETG-UHFFFAOYSA-P,scaffold_preserving_R_group_enumeration,6,[cH:1].[*:2]-[*:3]>>[c:1]-[*:3],R_CONHMe,[*:1]C(=O)NC,0edaacdb8a4b66f6f28108efa09d111887870a2ef58b4953eddeaca48e82dd6b,20260903,e10f4a42721b56e905e33342a5d085a6677668cd4c93e33fa5926e73ee20c511,2026-09-02T19:24:56.199851+00:00,82,1,pass,unchanged,pass,486.685,2.7948,63.04,3,3,10,True,True,,,0,accepted,,2,4,0.2413793103448276,c1ccc(C[NH2+]Cc2cc3ccccc3nc2SCc2ccccc2)cc1,accepted,,,open_physchem_structural_filter_v1,d92427f281c4690cf9034ca006ecd000dadc0a5711555781c0279b1b88e8ac6a,1,True,CNC(=O)c1cc(C[NH+](C)C)ccc1C[NH2+]Cc1cc2ccccc2nc1SCc1ccccc1,2026-09-03T07:15:04.628682+00:00,145.04230284690857,833d5bb23264d2f7a399cecd528575e0f4e141df19e89632bcad8dc0e96f371d,"[196.54622857142857, 186.25802857142858, 159.7582285714286]",9,pass,ca964d0bf67dcb488cb2ca67226c14feb79c7600eddc4eaf34d9446c847a22b0,vina_7p3w_v1,c1ccc(C[NH2+]Cc2cc3ccccc3nc2SCc2ccccc2)cc1,computational docking evidence; not biological activity,9d090474d7197bedc281996e6aa014c6aaab376e2bd310519763f5eab24ea80e,2026-09-03T07:12:39.607440+00:00,success,e3b0c44298fc1c149afbf4c8996fb92427ae41e4649b934ca495991b7852b855,26a8453f03391fa53d8bf9c5c57fe64e698572d69d4f76a1ac0b0734e0039a7c,False,-7.687,workspace_local/reference_workflow/vina_cache/9d/9d090474d7197bedc281996e6aa014c6aaab376e2bd310519763f5eab24ea80e,0.7,0.21311475409836064,0.26639344262295084,0.1386750490563073,0.5,0.5,,unavailable_single_docking_protocol,0.28625959997519584,next expensive evidence priority; NOT biological hit ranking,51,False
ATP-RDL-3A484CAEA9EC8F12,ATP-REF-IN2,Cc1cc(C[NH+](C)C)cc(C2CC2)c1C[NH2+]Cc1cc2ccccc2nc1SCc1ccccc1,BIFUUGOBRKPEJC-UHFFFAOYSA-P,scaffold_preserving_R_group_enumeration,6;29,[cH:1].[*:2]-[*:3]>>[c:1]-[*:3],R_Me;R_cPr,[*:1]C;[*:1]C1CC1,0edaacdb8a4b66f6f28108efa09d111887870a2ef58b4953eddeaca48e82dd6b,20260903,2294ac6f2f04d1d7d1bc2986a782e31e1483dbbdb828d933ef805e98969be70e,2026-09-02T19:24:56.199851+00:00,58410,2,pass,unchanged,pass,483.725,4.62102,33.94,2,2,10,True,True,,,0,accepted,,2,5,0.3225806451612903,c1ccc(CSc2nc3ccccc3cc2C[NH2+]Cc2ccccc2C2CC2)cc1,accepted,,,open_physchem_structural_filter_v1,d92427f281c4690cf9034ca006ecd000dadc0a5711555781c0279b1b88e8ac6a,1,True,Cc1cc(C[NH+](C)C)cc(C2CC2)c1C[NH2+]Cc1cc2ccccc2nc1SCc1ccccc1,2026-09-03T07:51:06.045559+00:00,343.3141965866089,f7a9d112c83b5f1ba83360eca62b85834e28653206f087f6014bdbafbb4ebe12,"[198.54854285714285, 179.93128571428574, 154.54542857142857]",9,pass,1e1ef71a0af98a471aa9e3b67b6a998da5131d627e09a93b23fea5ab68b7d695,vina_7p3w_v1,c1ccc(CSc2nc3ccccc3cc2C[NH2+]Cc2ccccc2C2CC2)cc1,computational docking evidence; not biological activity,26be65cfb27d1236de1ab1623952fae3b5fcb234f89917687b908352bc72c3cf,2026-09-03T07:45:22.757370+00:00,success,e3b0c44298fc1c149afbf4c8996fb92427ae41e4649b934ca495991b7852b855,5b93800b9ace32f3ff7b5179c1abcb90f2754c5846a1b6ab7d94addc6deacf09,False,-7.347,workspace_local/reference_workflow/vina_cache/26/26be65cfb27d1236de1ab1623952fae3b5fcb234f89917687b908352bc72c3cf,0.6833333333333333,0.03278688524590164,0.040983606557377095,0.7071067811865475,0.5,0.5,,unavailable_single_docking_protocol,0.2810661649804789,next expensive evidence priority; NOT biological hit ranking,52,False
ATP-RDL-7C030B53E8CF8BEC,ATP-REF-IN2,C[NH+](C)Cc1ccc(C[NH2+]Cc2c(SCc3ccccc3F)nc3ccccc3c2N)cc1,ISQAKWOMKBKYNA-UHFFFAOYSA-P,scaffold_preserving_R_group_enumeration,12;28,[cH:1].[*:2]-[*:3]>>[c:1]-[*:3],R_NH2;R_F,[*:1]N;[*:1]F,0edaacdb8a4b66f6f28108efa09d111887870a2ef58b4953eddeaca48e82dd6b,20260903,66bd2d8f5b9ff5fdaeb9e61a1bf07204bb17ce1196d4a62853ba8ea8274661c9,2026-09-02T19:24:56.199851+00:00,84600,2,pass,unchanged,pass,462.638,3.1565,59.96,3,3,9,True,True,,,0,accepted,,2,4,0.2222222222222222,c1ccc(C[NH2+]Cc2cc3ccccc3nc2SCc2ccccc2)cc1,accepted,,,open_physchem_structural_filter_v1,d92427f281c4690cf9034ca006ecd000dadc0a5711555781c0279b1b88e8ac6a,1,True,C[NH+](C)Cc1ccc(C[NH2+]Cc2c(SCc3ccccc3F)nc3ccccc3c2N)cc1,2026-09-03T07:24:06.328069+00:00,131.3183090686798,5b1fbefbdf57e6e9ed6527f1e32f8c1adef5c9ec0f07635c26572d64ad1504ad,"[193.7359696969697, 188.3369696969697, 161.7328484848485]",9,pass,12a75d1fa670139a8abe9074378532820d276e3f9313f5cb04d75a723dae3aa8,vina_7p3w_v1,c1ccc(C[NH2+]Cc2cc3ccccc3nc2SCc2ccccc2)cc1,computational docking evidence; not biological activity,c08d83ea00c640e283cd1bfd6adf30c0cb5ff01783c4d6d22eb359867a80d58e,2026-09-03T07:21:55.031640+00:00,success,e3b0c44298fc1c149afbf4c8996fb92427ae41e4649b934ca495991b7852b855,ec15fd50c66e4df5cb2cf9424435b6c9757c19b3baca6cbdee3b61cbe28558f7,False,-7.704,workspace_local/reference_workflow/vina_cache/c0/c08d83ea00c640e283cd1bfd6adf30c0cb5ff01783c4d6d22eb359867a80d58e,0.5396825396825397,0.22950819672131148,0.28688524590163933,0.1386750490563073,0.5,0.5,,unavailable_single_docking_protocol,0.2808835916483679,next expensive evidence priority; NOT biological hit ranking,53,False
ATP-RDL-B943D28D2C2254E2,ATP-REF-IN2,CSc1ccc2nc(SCc3ccccc3)c(C[NH2+]Cc3ccc(C[NH+](C)C)cc3)cc2c1C,IKBKXSMMKIVNIJ-UHFFFAOYSA-P,scaffold_preserving_R_group_enumeration,14;15,[cH:1].[*:2]-[*:3]>>[c:1]-[*:3],R_Me;R_SMe,[*:1]C;[*:1]SC,0edaacdb8a4b66f6f28108efa09d111887870a2ef58b4953eddeaca48e82dd6b,20260903,8e9a9610fd2cdc3b76e24900bbf74886921397a82f82e2575573f8ecafced4aa,2026-09-02T19:24:56.199851+00:00,90918,2,pass,unchanged,pass,489.754,4.46552,33.94,2,3,10,True,True,,,0,accepted,,2,4,0.2758620689655172,c1ccc(C[NH2+]Cc2cc3ccccc3nc2SCc2ccccc2)cc1,accepted,,,open_physchem_structural_filter_v1,d92427f281c4690cf9034ca006ecd000dadc0a5711555781c0279b1b88e8ac6a,1,True,CSc1ccc2nc(SCc3ccccc3)c(C[NH2+]Cc3ccc(C[NH+](C)C)cc3)cc2c1C,2026-09-02T17:51:08.283916+00:00,156.6905825138092,2e754ebaea351005bf4b6deb2a2a1a49bbb433dcb297d80c5ce32f5add292870,"[193.8964411764706, 187.9990294117647, 161.38750000000002]",9,pass,5fe1492e0398549e99a1d9073240f5159981b280d54e12653f4d8cddeb8b31f4,vina_7p3w_v1,c1ccc(C[NH2+]Cc2cc3ccccc3nc2SCc2ccccc2)cc1,computational docking evidence; not biological activity,75ff328f59da9916e83b6ac248880be48ba4c82287853b782c4caee23ce3ceba,2026-09-02T17:48:31.613342+00:00,success,e3b0c44298fc1c149afbf4c8996fb92427ae41e4649b934ca495991b7852b855,91eaf33966a3aad3f3cca55040fd230e12706d6d79f1077211423c0145b1e375,False,-7.59,workspace_local/library_generation/in2_smoke_100_v1/vina_jobs/75/75ff328f59da9916e83b6ac248880be48ba4c82287853b782c4caee23ce3ceba,0.7017543859649122,0.18032786885245902,0.22540983606557374,0.1386750490563073,0.5,0.5,,unavailable_single_docking_protocol,0.26512356316185104,next expensive evidence priority; NOT biological hit ranking,54,False
ATP-RDL-825F0E537CD877C9,ATP-REF-IN2,CNc1c(C[NH2+]Cc2ccc(C[NH+](C)C)cc2)c(SCc2ccccc2O)nc2ccccc12,MAIXKPOGEUWEID-UHFFFAOYSA-P,scaffold_preserving_R_group_enumeration,12;24,[cH:1].[*:2]-[*:3]>>[c:1]-[*:3],R_NHMe;R_OH,[*:1]NC;[*:1]O,0edaacdb8a4b66f6f28108efa09d111887870a2ef58b4953eddeaca48e82dd6b,20260903,8534c70cb8c2b634a6e37d994bcf3ae86eb5a50c351d01dcf8009c2bfcc97ac7,2026-09-02T19:24:56.199851+00:00,74664,2,pass,unchanged,pass,474.674,3.1825,66.2,4,4,10,True,True,,,0,accepted,,2,4,0.25,c1ccc(C[NH2+]Cc2cc3ccccc3nc2SCc2ccccc2)cc1,accepted,,,open_physchem_structural_filter_v1,d92427f281c4690cf9034ca006ecd000dadc0a5711555781c0279b1b88e8ac6a,1,True,CNc1c(C[NH2+]Cc2ccc(C[NH+](C)C)cc2)c(SCc2ccccc2O)nc2ccccc12,2026-09-03T07:15:01.455720+00:00,141.86341834068298,543b5100b4e6fb167f9e399755444b4fb0078ae27f3d5649545929967540f4cc,"[196.56270588235293, 190.3134705882353, 159.0184705882353]",9,pass,87427f20907ca377cd9145fb507b866c9fdbef5254eccfec6eaa5be9d1505001,vina_7p3w_v1,c1ccc(C[NH2+]Cc2cc3ccccc3nc2SCc2ccccc2)cc1,computational docking evidence; not biological activity,949ba1d6b1ebeff5a60343b81c3a7f3507aebb362bce0c879aeece9f44d8c89c,2026-09-03T07:12:39.617094+00:00,success,e3b0c44298fc1c149afbf4c8996fb92427ae41e4649b934ca495991b7852b855,3b13bb34659e6b08ff2d020230f39e79a33376d2ae10716919fca7dc187ff8d8,False,-7.668,workspace_local/reference_workflow/vina_cache/94/949ba1d6b1ebeff5a60343b81c3a7f3507aebb362bce0c879aeece9f44d8c89c,0.5151515151515151,0.19672131147540983,0.24590163934426224,0.1386750490563073,0.5,0.5,,unavailable_single_docking_protocol,0.25711901378542934,next expensive evidence priority; NOT biological hit ranking,55,False
ATP-RDL-8ACB7C630BBBD53D,ATP-REF-IN2,C[NH+](C)Cc1cc(N)c(C[NH2+]Cc2cc3ccccc3nc2SCc2ccccc2)cc1C(F)F,DLDMMYAGHULWBE-UHFFFAOYSA-P,scaffold_preserving_R_group_enumeration,6;30,[cH:1].[*:2]-[*:3]>>[c:1]-[*:3],R_NH2;R_CHF2,[*:1]N;[*:1]C(F)F,0edaacdb8a4b66f6f28108efa09d111887870a2ef58b4953eddeaca48e82dd6b,20260903,c4e4086e35e70d2337d05743d8dcd203c2f6bdc4ffadab244076187d542fcac9,2026-09-02T19:24:56.199851+00:00,62124,2,pass,unchanged,pass,494.655,3.955,59.96,3,3,10,True,True,,,0,accepted,,2,4,0.25,c1ccc(C[NH2+]Cc2cc3ccccc3nc2SCc2ccccc2)cc1,accepted,,,open_physchem_structural_filter_v1,d92427f281c4690cf9034ca006ecd000dadc0a5711555781c0279b1b88e8ac6a,1,True,C[NH+](C)Cc1cc(N)c(C[NH2+]Cc2cc3ccccc3nc2SCc2ccccc2)cc1C(F)F,2026-09-03T07:21:55.008687+00:00,153.0106189250946,bd87413edac19bc76930d336b636fc384d8f7c3b02aa710e5a8a63ea3bb09a29,"[196.05308571428571, 187.01317142857144, 159.1788]",9,pass,4f1922c6c63a61312fed5542f65e70403990045130bf6d99aa972508352c0711,vina_7p3w_v1,c1ccc(C[NH2+]Cc2cc3ccccc3nc2SCc2ccccc2)cc1,computational docking evidence; not biological activity,b35caf964db89db7be4e84a9ee164c5664e018a8bfb753a9925f08936e91a89f,2026-09-03T07:19:22.019026+00:00,success,e3b0c44298fc1c149afbf4c8996fb92427ae41e4649b934ca495991b7852b855,815f10a50fd5002219c747e70bdc45b25af08532407eede06ea68bcea2061ab9,False,-7.552,workspace_local/reference_workflow/vina_cache/b3/b35caf964db89db7be4e84a9ee164c5664e018a8bfb753a9925f08936e91a89f,0.6557377049180327,0.16393442622950818,0.20491803278688514,0.1386750490563073,0.5,0.5,,unavailable_single_docking_protocol,0.24986615735224504,next expensive evidence priority; NOT biological hit ranking,56,False
ATP-RDL-74D6AE6DBFA41E45,ATP-REF-IN2,C[NH+](C)Cc1ccc(C[NH2+]Cc2c(SCc3ccc(O)cc3)nc3ccccc3c2CO)cc1,SMZQFKLISQFEDR-UHFFFAOYSA-P,scaffold_preserving_R_group_enumeration,12;26,[cH:1].[*:2]-[*:3]>>[c:1]-[*:3],R_CH2OH;R_OH,[*:1]CO;[*:1]O,0edaacdb8a4b66f6f28108efa09d111887870a2ef58b4953eddeaca48e82dd6b,20260903,c021493d285143a433bcc27c372ac46f67e6aaeeccd0ae2aacb1ed7a1983b641,2026-09-02T19:24:56.199851+00:00,79214,2,pass,unchanged,pass,475.658,2.6331,74.4,4,4,10,True,True,,,0,accepted,,2,4,0.25,c1ccc(C[NH2+]Cc2cc3ccccc3nc2SCc2ccccc2)cc1,accepted,,,open_physchem_structural_filter_v1,d92427f281c4690cf9034ca006ecd000dadc0a5711555781c0279b1b88e8ac6a,1,True,C[NH+](C)Cc1ccc(C[NH2+]Cc2c(SCc3ccc(O)cc3)nc3ccccc3c2CO)cc1,2026-09-03T07:22:10.036571+00:00,152.17626476287842,468b74c6177cea7e6482582e187bdbaf9f867cff7660502dae0a91a8f1c4ba6f,"[193.67714705882352, 188.43864705882353, 161.58367647058824]",9,pass,1ba4daa1bc0faac4bd03f2a91e3ce476d2ed50f6cde718735cfaa9464cf72c15,vina_7p3w_v1,c1ccc(C[NH2+]Cc2cc3ccccc3nc2SCc2ccccc2)cc1,computational docking evidence; not biological activity,0c27d094d8354b5a29520731e80ed75e9b31368ec1b501c6a880da1c6dcd8733,2026-09-03T07:19:37.881815+00:00,success,e3b0c44298fc1c149afbf4c8996fb92427ae41e4649b934ca495991b7852b855,7c115d8d43a31712451d380d51c45d78be0fb001e4a4532732174a06d6448ba3,False,-7.55,workspace_local/reference_workflow/vina_cache/0c/0c27d094d8354b5a29520731e80ed75e9b31368ec1b501c6a880da1c6dcd8733,0.5833333333333334,0.14754098360655737,0.18442622950819665,0.1386750490563073,0.5,0.5,,unavailable_single_docking_protocol,0.23196998248885708,next expensive evidence priority; NOT biological hit ranking,57,False
ATP-RDL-9DB1CC1AF16457C7,ATP-REF-IN2,C[NH+](C)Cc1ccc(C[NH2+]Cc2c(SCc3cccc(C#N)c3)nc3ccccc3c2CO)cc1,JGVCGTYGIYNSLA-UHFFFAOYSA-P,scaffold_preserving_R_group_enumeration,12;27,[cH:1].[*:2]-[*:3]>>[c:1]-[*:3],R_CH2OH;R_CN,[*:1]CO;[*:1]C#N,0edaacdb8a4b66f6f28108efa09d111887870a2ef58b4953eddeaca48e82dd6b,20260903,f079608fd7bf47370d8d34f7fc083902a92f693dbfa60e1e5eb0e98449969522,2026-09-02T19:24:56.199851+00:00,81722,2,pass,unchanged,pass,484.669,2.79918,77.96,3,4,10,True,True,,,0,accepted,,2,4,0.2413793103448276,c1ccc(C[NH2+]Cc2cc3ccccc3nc2SCc2ccccc2)cc1,accepted,,,open_physchem_structural_filter_v1,d92427f281c4690cf9034ca006ecd000dadc0a5711555781c0279b1b88e8ac6a,1,True,C[NH+](C)Cc1ccc(C[NH2+]Cc2c(SCc3cccc(C#N)c3)nc3ccccc3c2CO)cc1,2026-09-03T07:22:12.397041+00:00,150.81071424484253,16c5367c6adf4169acb4d48fda7816b12007bc074f74b66bfadc3d6fd1c9c12c,"[194.39908571428572, 188.30265714285713, 161.31325714285714]",9,pass,a87fc38ebb730c8cd5b3fa94594acdaffc57225d1ce7bf0578920eae8f4c59ab,vina_7p3w_v1,c1ccc(C[NH2+]Cc2cc3ccccc3nc2SCc2ccccc2)cc1,computational docking evidence; not biological activity,0592b5b122fb8e43226fb5577e33464b52792844ec007f952e684487bf6ca4d1,2026-09-03T07:19:41.599333+00:00,success,e3b0c44298fc1c149afbf4c8996fb92427ae41e4649b934ca495991b7852b855,73b47b2fbeb0f63f7096032cecbcff7fbf3f74b393374047ba36a26c0e5000c8,False,-7.499,workspace_local/reference_workflow/vina_cache/05/0592b5b122fb8e43226fb5577e33464b52792844ec007f952e684487bf6ca4d1,0.5294117647058824,0.11475409836065574,0.14344262295081966,0.1386750490563073,0.5,0.5,,unavailable_single_docking_protocol,0.20526635021627593,next expensive evidence priority; NOT biological hit ranking,58,False
ATP-RDL-7E4D99F27F6F4500,ATP-REF-IN2,CNc1c(C[NH2+]Cc2ccc(C[NH+](C)C)cc2)c(SCc2cccc(C#N)c2)nc2ccccc12,BIHARPBVJJBDBB-UHFFFAOYSA-P,scaffold_preserving_R_group_enumeration,12;25,[cH:1].[*:2]-[*:3]>>[c:1]-[*:3],R_NHMe;R_CN,[*:1]NC;[*:1]C#N,0edaacdb8a4b66f6f28108efa09d111887870a2ef58b4953eddeaca48e82dd6b,20260903,0d08ea03668a94e06a77b98035a3a41532228ff082db621e42db1256e1fe731b,2026-09-02T19:24:56.199851+00:00,77172,2,pass,unchanged,pass,483.685,3.34858,69.76,3,4,10,True,True,,,0,accepted,,2,4,0.2413793103448276,c1ccc(C[NH2+]Cc2cc3ccccc3nc2SCc2ccccc2)cc1,accepted,,,open_physchem_structural_filter_v1,d92427f281c4690cf9034ca006ecd000dadc0a5711555781c0279b1b88e8ac6a,1,True,CNc1c(C[NH2+]Cc2ccc(C[NH+](C)C)cc2)c(SCc2cccc(C#N)c2)nc2ccccc12,2026-09-02T17:44:01.695368+00:00,133.01697087287903,0f798ec2b40627c6cd9cdf1432fd97a40ccac64e5fc96bd1ee0b836d039a2631,"[194.20185714285714, 188.3510857142857, 161.55725714285714]",9,pass,e4a733d97c50ebfaa545ef2610d548bb60bd149178e1eeb00513de4c60a39a65,vina_7p3w_v1,c1ccc(C[NH2+]Cc2cc3ccccc3nc2SCc2ccccc2)cc1,computational docking evidence; not biological activity,6776f3fd0e93f649e5174b3ec4efb8f9c11d062c6936241c1cab55fcd4152be1,2026-09-02T17:41:48.702936+00:00,success,e3b0c44298fc1c149afbf4c8996fb92427ae41e4649b934ca495991b7852b855,d3b049627ba0d55a42931cd04fa53d3fd5c0cc3ea952eecccb5e478d9c398e75,False,-7.476,workspace_local/library_generation/in2_smoke_100_v1/vina_jobs/67/6776f3fd0e93f649e5174b3ec4efb8f9c11d062c6936241c1cab55fcd4152be1,0.5217391304347826,0.09836065573770492,0.12295081967213117,0.1386750490563073,0.5,0.5,,unavailable_single_docking_protocol,0.19384334908424794,next expensive evidence priority; NOT biological hit ranking,59,False
ATP-RDL-3CDAC3CF3926BC9C,ATP-REF-IN2,C[NH+](C)Cc1ccc(C[NH2+]Cc2cc3ccc(O)cc3nc2SCc2ccccc2CF)cc1,ADSGQLASWONZMB-UHFFFAOYSA-P,scaffold_preserving_R_group_enumeration,16;28,[cH:1].[*:2]-[*:3]>>[c:1]-[*:3],R_OH;R_CH2F,[*:1]O;[*:1]CF,0edaacdb8a4b66f6f28108efa09d111887870a2ef58b4953eddeaca48e82dd6b,20260903,ab68fd977cdb85f15d026d234a8bf588090671cba0cc8f0702a39873a9ce6db9,2026-09-02T19:24:56.199851+00:00,151425,2,pass,unchanged,pass,477.649,3.6103,54.17,3,3,10,True,True,,,0,accepted,,2,4,0.25,c1ccc(C[NH2+]Cc2cc3ccccc3nc2SCc2ccccc2)cc1,accepted,,,open_physchem_structural_filter_v1,d92427f281c4690cf9034ca006ecd000dadc0a5711555781c0279b1b88e8ac6a,1,True,C[NH+](C)Cc1ccc(C[NH2+]Cc2cc3ccc(O)cc3nc2SCc2ccccc2CF)cc1,2026-09-03T07:31:32.367314+00:00,133.2066011428833,dac869ffedc03eede53edd48f7c05a8fe95237e78c69c4bfa327f4bd90a0ee16,"[193.65988235294117, 188.47538235294118, 161.80414705882353]",9,pass,66fccc80781e96e2485009bee137d0ff3f076ac3c9bbf83aa408505335fb3180,vina_7p3w_v1,c1ccc(C[NH2+]Cc2cc3ccccc3nc2SCc2ccccc2)cc1,computational docking evidence; not biological activity,a741ec5c49b4b3f2e5b9a4215df9b5fd4b6fa26f953d551b807316271011fa4f,2026-09-03T07:29:19.177608+00:00,success,e3b0c44298fc1c149afbf4c8996fb92427ae41e4649b934ca495991b7852b855,a4972ab61876a9d71b75c0fb5a3299517d8e7c2b675bc35e61ef6e96d4fbb4e1,False,-7.471,workspace_local/reference_workflow/vina_cache/a7/a741ec5c49b4b3f2e5b9a4215df9b5fd4b6fa26f953d551b807316271011fa4f,0.6229508196721312,0.06557377049180328,0.08196721311475408,0.1386750490563073,0.5,0.5,,unavailable_single_docking_protocol,0.1826530425981467,next expensive evidence priority; NOT biological hit ranking,60,False
ATP-RDL-969060AE0D7DB5F4,ATP-REF-IN2,Cc1c(C[NH2+]Cc2ccc(C[NH+](C)C)cc2)c(SCc2ccccc2)nc2cccc(CN)c12,RYFQSBHCEXBNFP-UHFFFAOYSA-P,scaffold_preserving_R_group_enumeration,12;14,[cH:1].[*:2]-[*:3]>>[c:1]-[*:3],R_Me;R_CH2NH2,[*:1]C;[*:1]CN,0edaacdb8a4b66f6f28108efa09d111887870a2ef58b4953eddeaca48e82dd6b,20260903,bf1f5b9c0c58b4da8d32e3562e594b7b36cd5bf72426fb314794587339d61fd4,2026-09-02T19:24:56.199851+00:00,63426,2,pass,unchanged,pass,472.702,3.20232,59.96,3,3,10,True,True,,,0,accepted,,2,4,0.2758620689655172,c1ccc(C[NH2+]Cc2cc3ccccc3nc2SCc2ccccc2)cc1,accepted,,,open_physchem_structural_filter_v1,d92427f281c4690cf9034ca006ecd000dadc0a5711555781c0279b1b88e8ac6a,1,True,Cc1c(C[NH2+]Cc2ccc(C[NH+](C)C)cc2)c(SCc2ccccc2)nc2cccc(CN)c12,2026-09-03T07:50:43.232730+00:00,347.7550780773163,2ef12d9858f2e9a99c78fba32386a41a326002ab9e5254dec987f4f011675ea8,"[194.00891176470589, 188.16420588235292, 161.52111764705882]",9,pass,54a52a5952acdbdb9b04dd60f8c6c88662ba40343d08a6de005aad4623f12c1d,vina_7p3w_v1,c1ccc(C[NH2+]Cc2cc3ccccc3nc2SCc2ccccc2)cc1,computational docking evidence; not biological activity,8ceb658bfbab4a1d533994604670773e2261b21747bfca03263ebf4440b142d1,2026-09-03T07:44:55.504598+00:00,success,e3b0c44298fc1c149afbf4c8996fb92427ae41e4649b934ca495991b7852b855,eda2267768f0534421ad7a8d7fd1bc40a53043a3e2570a714a68006cd8c35449,False,-7.403,workspace_local/reference_workflow/vina_cache/8c/8ceb658bfbab4a1d533994604670773e2261b21747bfca03263ebf4440b142d1,0.5967741935483871,0.04918032786885246,0.061475409836065587,0.1386750490563073,0.5,0.5,,unavailable_single_docking_protocol,0.16937964228085428,next expensive evidence priority; NOT biological hit ranking,61,False
ATP-RDL-FB5868F2F4D4B709,ATP-REF-IN2,C[NH+](C)Cc1ccc(C[NH2+]Cc2cc3c(CO)cccc3nc2SCc2ccccc2O)cc1,FWKDLMKWDPOSFH-UHFFFAOYSA-P,scaffold_preserving_R_group_enumeration,14;28,[cH:1].[*:2]-[*:3]>>[c:1]-[*:3],R_CH2OH;R_OH,[*:1]CO;[*:1]O,0edaacdb8a4b66f6f28108efa09d111887870a2ef58b4953eddeaca48e82dd6b,20260903,1bec1c0ccfb24d925f5d0c5988a0244c5aa94a82297485abe8eac5c276ed8c76,2026-09-02T19:24:56.199851+00:00,109214,2,pass,unchanged,pass,475.658,2.6331,74.4,4,4,10,True,True,,,0,accepted,,2,4,0.25,c1ccc(C[NH2+]Cc2cc3ccccc3nc2SCc2ccccc2)cc1,accepted,,,open_physchem_structural_filter_v1,d92427f281c4690cf9034ca006ecd000dadc0a5711555781c0279b1b88e8ac6a,1,True,C[NH+](C)Cc1ccc(C[NH2+]Cc2cc3c(CO)cccc3nc2SCc2ccccc2O)cc1,2026-09-03T07:26:39.740019+00:00,153.40711736679077,424e4f703776f1fc8b9f5e789c73ea57d1ced9b27fb3662222fd3ace618f9077,"[194.20605882352942, 188.17735294117645, 161.55167647058823]",9,pass,9e5a1164e80e0442c028c3dbc26b35d1d6f26da7e18f8aaa95afdec350582f8d,vina_7p3w_v1,c1ccc(C[NH2+]Cc2cc3ccccc3nc2SCc2ccccc2)cc1,computational docking evidence; not biological activity,fe5750b69f668f959cf7200fbba5bdb3001e020c60ff163f53d6ba7bed85cd8d,2026-09-03T07:24:06.350951+00:00,success,e3b0c44298fc1c149afbf4c8996fb92427ae41e4649b934ca495991b7852b855,9d8ff28889322c7160c7da7a3e776d60d1936741f5a80f82e62cc9244fd11155,False,-7.278,workspace_local/reference_workflow/vina_cache/fe/fe5750b69f668f959cf7200fbba5bdb3001e020c60ff163f53d6ba7bed85cd8d,0.65,0.01639344262295082,0.020491803278688492,0.1386750490563073,0.5,0.5,,unavailable_single_docking_protocol,0.15339074751617948,next expensive evidence priority; NOT biological hit ranking,62,False
