profile,compound_id,historical_alias,rank,central_rank,final_score,mean_rank,p_top3,p_top5
balanced,ATP-HTVS-0009DAEDE04F,79971,,,,,,
balanced,ATP-HTVS-0015C54A99C8,82625,,,,,,
balanced,ATP-HTVS-003E4D952AAC,76899,,,,,,
balanced,ATP-HTVS-005EEA24BFEA,69987,,,,,,
balanced,ATP-HTVS-0063E4174F09,34081,,,,,,
balanced,ATP-HTVS-0079D40D2121,29921,,,,,,
balanced,ATP-HTVS-007D6F34F923,30817,,,,,,
balanced,ATP-HTVS-00C8034698A8,34403,,,,,,
balanced,ATP-HTVS-00F86A54285D,38369,,,,,,
balanced,ATP-HTVS-011A966B3F21,59203,,,,,,
balanced,ATP-HTVS-0125A5267C6C,70530,,,,,,
balanced,ATP-HTVS-0161AEC2E23E,48867,,,,,,
balanced,ATP-HTVS-017DA1C05B1D,98562,,,,,,
balanced,ATP-HTVS-01DF3EF44742,99137,,,,,,
balanced,ATP-HTVS-01E9987F6BBC,40801,,,,,,
balanced,ATP-HTVS-02393E0D1A46,72513,,,,,,
balanced,ATP-HTVS-02527EDCA73D,62593,,,,,,
balanced,ATP-HTVS-0258CCAE4910,3905,,,,,,
balanced,ATP-HTVS-027CB3113620,20194,,,,,,
balanced,ATP-HTVS-0282D10141FD,57825,,,,,,
balanced,ATP-HTVS-028F2DC4E032,96994,,,,,,
balanced,ATP-HTVS-02AC8E798E60,89826,,,,,,
balanced,ATP-HTVS-02BB8772E392,54466,,,,,,
balanced,ATP-HTVS-02DF9A19852D,45889,,,,,,
balanced,ATP-HTVS-0362648F57EF,78755,,,,,,
balanced,ATP-HTVS-03C3664644A2,98497,,,,,,
balanced,ATP-HTVS-03F3A1A9B60E,77378,,,,,,
balanced,ATP-HTVS-0438281B0112,75297,,,,,,
balanced,ATP-HTVS-0460857F35D6,52162,,,,,,
balanced,ATP-HTVS-04621B482D9F,87427,,,,,,
balanced,ATP-HTVS-04BA495CA0A4,22531,,,,,,
balanced,ATP-HTVS-052AF9B11E6A,34531,,,,,,
balanced,ATP-HTVS-053279755E30,96641,,,,,,
balanced,ATP-HTVS-0587EECAF94B,71363,,,,,,
balanced,ATP-HTVS-05A72EDFB57A,38883,,,,,,
balanced,ATP-HTVS-05E9E2FC066B,70657,,,,,,
balanced,ATP-HTVS-0659C124A83C,70241,,,,,,
balanced,ATP-HTVS-069ABDEDA86E,60193,,,,,,
balanced,ATP-HTVS-06CA19E03C57,93825,,,,,,
balanced,ATP-HTVS-06E5BAB39855,49667,,,,,,
balanced,ATP-HTVS-071084F9408F,96642,,,,,,
balanced,ATP-HTVS-0715C99C3A28,99362,,,,,,
balanced,ATP-HTVS-0743B9964B99,20417,,,,,,
balanced,ATP-HTVS-07D9286D8737,76898,,,,,,
balanced,ATP-HTVS-07F3737128F1,86945,,,,,,
balanced,ATP-HTVS-08126335CB19,67841,,,,,,
balanced,ATP-HTVS-081D95190B15,78402,,,,,,
balanced,ATP-HTVS-08266C4344A3,88675,,,,,,
balanced,ATP-HTVS-0852D38F8C28,46851,,,,,,
balanced,ATP-HTVS-08590B5C6743,87873,,,,,,
balanced,ATP-HTVS-086F5E4227DC,20162,,,,,,
balanced,ATP-HTVS-08A6E1F87809,61538,,,,,,
balanced,ATP-HTVS-093491EAEBEC,53250,,,,,,
balanced,ATP-HTVS-09A5DA8CBD66,30690,,,,,,
balanced,ATP-HTVS-09A833AE3D1D,90339,,,,,,
balanced,ATP-HTVS-09F9B4EC4E97,20514,,,,,,
balanced,ATP-HTVS-0A1AFDA96BE3,90754,,,,,,
balanced,ATP-HTVS-0A1D74055304,29089,,,,,,
balanced,ATP-HTVS-0A30D9D79A37,89123,,,,,,
balanced,ATP-HTVS-0A53D5277C22,24418,,,,,,
balanced,ATP-HTVS-0A81E0DFACE9,19938,,,,,,
balanced,ATP-HTVS-0A8B3D0EFFB7,1954,,,,,,
balanced,ATP-HTVS-0A8D2667A5C6,69794,,,,,,
balanced,ATP-HTVS-0AAFA8CB92ED,43169,,,,,,
balanced,ATP-HTVS-0AE85D2EF5B8,94338,,,,,,
balanced,ATP-HTVS-0B0619B736F3,87937,,,,,,
balanced,ATP-HTVS-0B15CB8240E3,99809,,,,,,
balanced,ATP-HTVS-0B527D484045,76929,,,,,,
balanced,ATP-HTVS-0B76E6A2B6F2,90146,,,,,,
balanced,ATP-HTVS-0BEF59EEEAC9,79426,,,,,,
balanced,ATP-HTVS-0C1598B702AE,55106,,,,,,
balanced,ATP-HTVS-0C253F9D7643,68259,,,,,,
balanced,ATP-HTVS-0C40F7CB6A92,58402,,,,,,
balanced,ATP-HTVS-0C765FB89CD3,40065,,,,,,
balanced,ATP-HTVS-0C924C2A1F00,82563,,,,,,
balanced,ATP-HTVS-0CA591B42E29,85378,,,,,,
balanced,ATP-HTVS-0CB0406266F3,38243,,,,,,
balanced,ATP-HTVS-0CBFB91815ED,70274,,,,,,
balanced,ATP-HTVS-0CC0B448CED2,38179,,,,,,
balanced,ATP-HTVS-0CD00DCFE488,46273,,,,,,
balanced,ATP-HTVS-0CE67B896AED,99842,,,,,,
balanced,ATP-HTVS-0D57BDDB1211,69729,,,,,,
balanced,ATP-HTVS-0D83F5E9F976,52769,,,,,,
balanced,ATP-HTVS-0D8C52C362EE,73825,,,,,,
balanced,ATP-HTVS-0DE7571C9DAC,43267,,,,,,
balanced,ATP-HTVS-0E6472D072C2,1473,,,,,,
balanced,ATP-HTVS-0E76F39BB090,32387,,,,,,
balanced,ATP-HTVS-0E779CFB9E8D,92771,,,,,,
balanced,ATP-HTVS-0EB7A7111FDE,80385,,,,,,
balanced,ATP-HTVS-0F3A12BD04AB,91361,,,,,,
balanced,ATP-HTVS-0F469DA925F8,70337,,,,,,
balanced,ATP-HTVS-0F46F3379ABF,71235,,,,,,
balanced,ATP-HTVS-0F4AF3905209,96993,,,,,,
balanced,ATP-HTVS-0F6915EAEEA3,79267,,,,,,
balanced,ATP-HTVS-0F755B78CCFB,95490,,,,,,
balanced,ATP-HTVS-0F900EB338B9,82082,,,,,,
balanced,ATP-HTVS-0FD0361A2408,93698,,,,,,
balanced,ATP-HTVS-0FDC7A3FF1CA,47107,,,,,,
balanced,ATP-HTVS-103E90EA5971,80961,,,,,,
balanced,ATP-HTVS-106685DD3ACA,70754,,,,,,
balanced,ATP-HTVS-10900B51E20F,58209,,,,,,
balanced,ATP-HTVS-109B405B023F,43907,,,,,,
balanced,ATP-HTVS-10A4E2B2EADA,92833,,,,,,
balanced,ATP-HTVS-11489B74AE1C,69539,,,,,,
balanced,ATP-HTVS-115B93EFBC96,98209,,,,,,
balanced,ATP-HTVS-11C14F34C5FE,35233,,,,,,
balanced,ATP-HTVS-11CEFB3A39DF,61475,,,,,,
balanced,ATP-HTVS-11E35EA06531,61505,,,,,,
balanced,ATP-HTVS-125A7E13CFB1,85089,,,,,,
balanced,ATP-HTVS-12CEF0BA8B10,31426,,,,,,
balanced,ATP-HTVS-132672672DF9,95778,,,,,,
balanced,ATP-HTVS-132BACAA4698,82561,,,,,,
balanced,ATP-HTVS-134FC0CB3694,71041,,,,,,
balanced,ATP-HTVS-1356F7D69808,27907,,,,,,
balanced,ATP-HTVS-1373BD200FA0,72865,,,,,,
balanced,ATP-HTVS-1377A1139B97,96002,,,,,,
balanced,ATP-HTVS-138C9DBD3419,68321,,,,,,
balanced,ATP-HTVS-13A5AE9C2B6A,88258,,,,,,
balanced,ATP-HTVS-1402A7ED8177,450,,,,,,
balanced,ATP-HTVS-143D46541936,71362,,,,,,
balanced,ATP-HTVS-1449F4F4BA71,89058,,,,,,
balanced,ATP-HTVS-14724C615932,53281,,,,,,
balanced,ATP-HTVS-14AE04B6952B,40129,,,,,,
balanced,ATP-HTVS-14BA2D75CE49,449,,,,,,
balanced,ATP-HTVS-1551732D1515,43266,,,,,,
balanced,ATP-HTVS-159795FE363C,92387,,,,,,
balanced,ATP-HTVS-159959ECB567,70723,,,,,,
balanced,ATP-HTVS-159CD8CCFA6D,50978,,,,,,
balanced,ATP-HTVS-159F0F821AF9,96098,,,,,,
balanced,ATP-HTVS-15A0030054C0,69441,,,,,,
balanced,ATP-HTVS-15F2A5DBBD51,68225,,,,,,
balanced,ATP-HTVS-15FA43506D9E,31298,,,,,,
balanced,ATP-HTVS-16140744D8E5,56385,,,,,,
balanced,ATP-HTVS-16316C23D1E4,71169,,,,,,
balanced,ATP-HTVS-167535894C2D,33218,,,,,,
balanced,ATP-HTVS-169071BECF96,81441,,,,,,
balanced,ATP-HTVS-16A35D40F1B5,38337,,,,,,
balanced,ATP-HTVS-16AC68300479,69859,,,,,,
balanced,ATP-HTVS-16D62B7C6E45,82339,,,,,,
balanced,ATP-HTVS-16D892EEAEA4,74883,,,,,,
balanced,ATP-HTVS-1714ADEB4D31,82945,,,,,,
balanced,ATP-HTVS-17511F2B790B,26499,,,,,,
balanced,ATP-HTVS-1776C87C4427,90243,,,,,,
balanced,ATP-HTVS-17940C77D749,73155,,,,,,
balanced,ATP-HTVS-17A38785E483,22881,,,,,,
balanced,ATP-HTVS-17C024B1EE7E,46369,,,,,,
balanced,ATP-HTVS-17D20C07D7F4,84579,,,,,,
balanced,ATP-HTVS-17FF806DFA04,81121,,,,,,
balanced,ATP-HTVS-18044BD9974D,64643,,,,,,
balanced,ATP-HTVS-1817E5512E7A,88034,,,,,,
balanced,ATP-HTVS-18265C9EB86B,7299,,,,,,
balanced,ATP-HTVS-185EDA97C211,76994,,,,,,
balanced,ATP-HTVS-18A7589C7FB7,94049,,,,,,
balanced,ATP-HTVS-18AAC668D3EC,81058,,,,,,
balanced,ATP-HTVS-18CFABF6753A,53793,,,,,,
balanced,ATP-HTVS-18FDFF56F821,38785,,,,,,
balanced,ATP-HTVS-190A8EA9B17C,31297,,,,,,
balanced,ATP-HTVS-1928ECDAF189,20003,,,,,,
balanced,ATP-HTVS-193F5213E1F4,63266,,,,,,
balanced,ATP-HTVS-1940D4055FE9,82787,,,,,,
balanced,ATP-HTVS-1952D56C5A08,95489,,,,,,
balanced,ATP-HTVS-196468D2BF96,87299,,,,,,
balanced,ATP-HTVS-19D22C817A74,93507,,,,,,
balanced,ATP-HTVS-19D9965850C9,38370,,,,,,
balanced,ATP-HTVS-19DB56372FFA,71203,,,,,,
balanced,ATP-HTVS-19E5DD3F936E,48931,,,,,,
balanced,ATP-HTVS-19E7C62EA548,27651,,,,,,
balanced,ATP-HTVS-1A821EC4699A,87905,,,,,,
balanced,ATP-HTVS-1A8854DD1E1A,4003,,,,,,
balanced,ATP-HTVS-1AA1BAAE4A01,84386,,,,,,
balanced,ATP-HTVS-1ACF073F315C,44323,,,,,,
balanced,ATP-HTVS-1AEE198E3D8C,1538,,,,,,
balanced,ATP-HTVS-1B05407455E5,40642,,,,,,
balanced,ATP-HTVS-1B1248DF0721,71426,,,,,,
balanced,ATP-HTVS-1B366D2FDBBA,81123,,,,,,
balanced,ATP-HTVS-1B509C27CE75,60833,,,,,,
balanced,ATP-HTVS-1B60B6D0433D,66017,,,,,,
balanced,ATP-HTVS-1B84D304C2ED,89921,,,,,,
balanced,ATP-HTVS-1B9CB386F0F9,22755,,,,,,
balanced,ATP-HTVS-1C066C79A7D0,44515,,,,,,
balanced,ATP-HTVS-1C1B7F9BB8FF,77346,,,,,,
balanced,ATP-HTVS-1C463A9823EA,77731,,,,,,
balanced,ATP-HTVS-1C4EC58A3066,92899,,,,,,
balanced,ATP-HTVS-1C71F28794EF,86081,,,,,,
balanced,ATP-HTVS-1C9D0B7FE190,98594,,,,,,
balanced,ATP-HTVS-1CAAE7675504,51651,,,,,,
balanced,ATP-HTVS-1CF603621065,85794,,,,,,
balanced,ATP-HTVS-1D0FF5192E4C,80545,,,,,,
balanced,ATP-HTVS-1D1DA7871618,20226,,,,,,
balanced,ATP-HTVS-1D28793FB59B,57954,,,,,,
balanced,ATP-HTVS-1D3C11D6B0D4,95330,,,,,,
balanced,ATP-HTVS-1DC16EDC7F4D,32451,,,,,,
balanced,ATP-HTVS-1DC6D2F4A05D,67233,,,,,,
balanced,ATP-HTVS-1DD46A13AEBB,58369,,,,,,
balanced,ATP-HTVS-1E20B63FDE5F,82850,,,,,,
balanced,ATP-HTVS-1E475A4B97CE,20387,,,,,,
balanced,ATP-HTVS-1E5A6A308B25,86881,,,,,,
balanced,ATP-HTVS-1EBFDE0160CD,86882,,,,,,
balanced,ATP-HTVS-1F874564E13F,80035,,,,,,
balanced,ATP-HTVS-1F9A02273F27,69026,,,,,,
balanced,ATP-HTVS-1FAE7495FCDD,91266,,,,,,
balanced,ATP-HTVS-1FED3714464D,70306,,,,,,
balanced,ATP-HTVS-1FF6C325CA7A,86530,,,,,,
balanced,ATP-HTVS-203210320F32,88033,,,,,,
balanced,ATP-HTVS-20B250E7AB9A,20673,,,,,,
balanced,ATP-HTVS-20FB50B88593,58595,,,,,,
balanced,ATP-HTVS-2118F57CAFF1,72385,,,,,,
balanced,ATP-HTVS-2125555B1DA5,84706,,,,,,
balanced,ATP-HTVS-217395D9F0A5,49825,,,,,,
balanced,ATP-HTVS-217B57A40B61,22753,,,,,,
balanced,ATP-HTVS-218E3E4A28A7,95618,,,,,,
balanced,ATP-HTVS-21B7BD60A2C7,81347,,,,,,
balanced,ATP-HTVS-21B7E8D8DA00,84930,,,,,,
balanced,ATP-HTVS-21BB1C807E7E,36099,,,,,,
balanced,ATP-HTVS-21D2D8C367A1,93506,,,,,,
balanced,ATP-HTVS-22634BBBCB97,66019,,,,,,
balanced,ATP-HTVS-2275AB855C30,82946,,,,,,
balanced,ATP-HTVS-22C0C64F65E9,35330,,,,,,
balanced,ATP-HTVS-22E2482E2999,48354,,,,,,
balanced,ATP-HTVS-22E536A2C0FA,57601,,,,,,
balanced,ATP-HTVS-22FAF80E23F8,94401,,,,,,
balanced,ATP-HTVS-23113A9B9381,33411,,,,,,
balanced,ATP-HTVS-2368A2FD4D76,87745,,,,,,
balanced,ATP-HTVS-239E0EA8BC65,54689,,,,,,
balanced,ATP-HTVS-23EBF8E8F6E9,86787,,,,,,
balanced,ATP-HTVS-23EDEB47FF93,71874,,,,,,
balanced,ATP-HTVS-23F526837945,92834,,,,,,
balanced,ATP-HTVS-244A9AEB7273,5347,,,,,,
balanced,ATP-HTVS-247B97B4CA47,61825,,,,,,
balanced,ATP-HTVS-2485F4B11063,64065,,,,,,
balanced,ATP-HTVS-24E588DA0D03,95714,,,,,,
balanced,ATP-HTVS-2507C3370FB9,84259,,,,,,
balanced,ATP-HTVS-255C97768CDB,63778,,,,,,
balanced,ATP-HTVS-258E82C8B178,35362,,,,,,
balanced,ATP-HTVS-2598958FABEA,76961,,,,,,
balanced,ATP-HTVS-25BEFE000F10,95682,,,,,,
balanced,ATP-HTVS-26104959C4F1,79713,,,,,,
balanced,ATP-HTVS-2641D0EED03A,61889,,,,,,
balanced,ATP-HTVS-267F6CCD1B36,79811,,,,,,
balanced,ATP-HTVS-2699169FE698,4866,,,,,,
balanced,ATP-HTVS-269AF530E7D7,62595,,,,,,
balanced,ATP-HTVS-27050A3A08BE,12355,,,,,,
balanced,ATP-HTVS-27135ACF267B,59107,,,,,,
balanced,ATP-HTVS-27537703FBA2,53635,,,,,,
balanced,ATP-HTVS-277F9700EDE9,62211,,,,,,
balanced,ATP-HTVS-27B53DA4C14D,50115,,,,,,
balanced,ATP-HTVS-27BC230C206A,95937,,,,,,
balanced,ATP-HTVS-27E43B44E6A8,92067,,,,,,
balanced,ATP-HTVS-27FE3E1C2A9E,72194,,,,,,
balanced,ATP-HTVS-2801EC41FD47,97569,,,,,,
balanced,ATP-HTVS-2818D10B14C2,35009,,,,,,
balanced,ATP-HTVS-286379397336,30625,,,,,,
balanced,ATP-HTVS-28D90B8D287A,81475,,,,,,
balanced,ATP-HTVS-28F6129F8E3C,70305,,,,,,
balanced,ATP-HTVS-2912F4F66BA1,81186,,,,,,
balanced,ATP-HTVS-291AE177F52E,43107,,,,,,
balanced,ATP-HTVS-2A14F6A33EFE,2018,,,,,,
balanced,ATP-HTVS-2A420AE0278C,57730,,,,,,
balanced,ATP-HTVS-2A473A7CBE48,82306,,,,,,
balanced,ATP-HTVS-2A6980A94AB8,12579,,,,,,
balanced,ATP-HTVS-2A91244EC1AD,33347,,,,,,
balanced,ATP-HTVS-2AC4031F681F,85858,,,,,,
balanced,ATP-HTVS-2AD5F3716208,34434,,,,,,
balanced,ATP-HTVS-2AFCB32282C0,34529,,,,,,
balanced,ATP-HTVS-2B2381835080,40034,,,,,,
balanced,ATP-HTVS-2B54247B4108,84161,,,,,,
balanced,ATP-HTVS-2B683AA1DF30,89507,,,,,,
balanced,ATP-HTVS-2B725536FCE2,99329,,,,,,
balanced,ATP-HTVS-2B784D1D7344,72482,,,,,,
balanced,ATP-HTVS-2C366CB23264,58529,,,,,,
balanced,ATP-HTVS-2C5504015D66,57538,,,,,,
balanced,ATP-HTVS-2C72C850E8DC,37538,,,,,,
balanced,ATP-HTVS-2C852BECD08A,27585,,,,,,
balanced,ATP-HTVS-2C8A8FE641B8,72034,,,,,,
balanced,ATP-HTVS-2CB691E3F247,42273,,,,,,
balanced,ATP-HTVS-2CD40FD4C79D,61539,,,,,,
balanced,ATP-HTVS-2CDCEBF2F10D,77889,,,,,,
balanced,ATP-HTVS-2D0B83E336C6,42274,,,,,,
balanced,ATP-HTVS-2D571D26B6AC,90529,,,,,,
balanced,ATP-HTVS-2D5D363D0DBE,30818,,,,,,
balanced,ATP-HTVS-2DA674675DE4,42977,,,,,,
balanced,ATP-HTVS-2DB2F1DB5A18,61571,,,,,,
balanced,ATP-HTVS-2DB2F8E5543E,82081,,,,,,
balanced,ATP-HTVS-2DBBB7EE3EAF,40130,,,,,,
balanced,ATP-HTVS-2E0BAC8D644B,87746,,,,,,
balanced,ATP-HTVS-2E3C44D093AA,17857,,,,,,
balanced,ATP-HTVS-2E3E6C1A8749,91843,,,,,,
balanced,ATP-HTVS-2E4BDA1C28D9,99937,,,,,,
balanced,ATP-HTVS-2E7AE7689BA0,25602,,,,,,
balanced,ATP-HTVS-2ECA33AB7628,73634,,,,,,
balanced,ATP-HTVS-2EE3FF4CB435,49219,,,,,,
balanced,ATP-HTVS-2F35A8572662,23459,,,,,,
balanced,ATP-HTVS-2F483D9FE7EF,3937,,,,,,
balanced,ATP-HTVS-2F9574F7896C,85185,,,,,,
balanced,ATP-HTVS-2F9E11536268,92386,,,,,,
balanced,ATP-HTVS-2FD0321978A1,47427,,,,,,
balanced,ATP-HTVS-2FDBF4F6464D,85218,,,,,,
balanced,ATP-HTVS-2FF622879777,92707,,,,,,
balanced,ATP-HTVS-30270CEE1891,59297,,,,,,
balanced,ATP-HTVS-305D97AD9924,74114,,,,,,
balanced,ATP-HTVS-30920D5A25EC,68290,,,,,,
balanced,ATP-HTVS-30B3F39EA660,48035,,,,,,
balanced,ATP-HTVS-30BD0ED907F3,32770,,,,,,
balanced,ATP-HTVS-30D2448AA284,71137,,,,,,
balanced,ATP-HTVS-3100283A95A9,60066,,,,,,
balanced,ATP-HTVS-313D067647DC,54849,,,,,,
balanced,ATP-HTVS-31B048FE5E9A,99298,,,,,,
balanced,ATP-HTVS-322651E221E8,67842,,,,,,
balanced,ATP-HTVS-323526AAC152,84355,,,,,,
balanced,ATP-HTVS-3254A7EDB406,72033,,,,,,
balanced,ATP-HTVS-327AC6849941,85090,,,,,,
balanced,ATP-HTVS-32D1D0195572,89443,,,,,,
balanced,ATP-HTVS-33706D459A7A,91618,,,,,,
balanced,ATP-HTVS-337D10985B1B,47106,,,,,,
balanced,ATP-HTVS-33BC72D3D2BF,81217,,,,,,
balanced,ATP-HTVS-34AD6DA38229,96929,,,,,,
balanced,ATP-HTVS-34E58924FFDD,63425,,,,,,
balanced,ATP-HTVS-351CA3F2F79F,84738,,,,,,
balanced,ATP-HTVS-35279CDCCBE9,29026,,,,,,
balanced,ATP-HTVS-354B8B3BDEB4,62498,,,,,,
balanced,ATP-HTVS-3565F86F920E,47203,,,,,,
balanced,ATP-HTVS-357411F5F88B,74113,,,,,,
balanced,ATP-HTVS-35C3F0A919D0,82019,,,,,,
balanced,ATP-HTVS-35F96912410D,85538,,,,,,
balanced,ATP-HTVS-362E300BB66B,5762,,,,,,
balanced,ATP-HTVS-3634D47351B0,22754,,,,,,
balanced,ATP-HTVS-3654BFD7575B,81409,,,,,,
balanced,ATP-HTVS-366F4BAC4B87,78434,,,,,,
balanced,ATP-HTVS-3676162553B8,62241,,,,,,
balanced,ATP-HTVS-368B62E0C748,29569,,,,,,
balanced,ATP-HTVS-369F0F09D6A7,81955,,,,,,
balanced,ATP-HTVS-36CDFE25DCA8,48866,,,,,,
balanced,ATP-HTVS-37164D6EE04D,58531,,,,,,
balanced,ATP-HTVS-375881F1CECF,69635,,,,,,
balanced,ATP-HTVS-37921E17B72D,72225,,,,,,
balanced,ATP-HTVS-37A579E82C38,28641,,,,,,
balanced,ATP-HTVS-37D34080A09D,36291,,,,,,
balanced,ATP-HTVS-37EC6A305554,73986,,,,,,
balanced,ATP-HTVS-37F8BE6B2288,68929,,,,,,
balanced,ATP-HTVS-381C421540AF,67234,,,,,,
balanced,ATP-HTVS-38928739B049,49763,,,,,,
balanced,ATP-HTVS-389B4B823B19,92545,,,,,,
balanced,ATP-HTVS-38AA30AE7592,4258,,,,,,
balanced,ATP-HTVS-38B17C32C2B1,90305,,,,,,
balanced,ATP-HTVS-38BDED367A54,94307,,,,,,
balanced,ATP-HTVS-391C9D64EC7D,20547,,,,,,
balanced,ATP-HTVS-394457ED9ABE,67073,,,,,,
balanced,ATP-HTVS-3966CEFE893D,72705,,,,,,
balanced,ATP-HTVS-397149B089BD,39490,,,,,,
balanced,ATP-HTVS-3991B5D40CBE,95969,,,,,,
balanced,ATP-HTVS-39B6454C3B57,69027,,,,,,
balanced,ATP-HTVS-39C66FA1D927,91619,,,,,,
balanced,ATP-HTVS-3A2C3DD6A630,99105,,,,,,
balanced,ATP-HTVS-3A4856D72337,84225,,,,,,
balanced,ATP-HTVS-3A71FF84034D,20131,,,,,,
balanced,ATP-HTVS-3A7288617524,95746,,,,,,
balanced,ATP-HTVS-3A96A568DDAE,89089,,,,,,
balanced,ATP-HTVS-3AF3BD852D4F,90753,,,,,,
balanced,ATP-HTVS-3B1236037689,83073,,,,,,
balanced,ATP-HTVS-3B2E01AF7BF8,38881,,,,,,
balanced,ATP-HTVS-3B360A484FEF,85474,,,,,,
balanced,ATP-HTVS-3B3954EE8C13,84897,,,,,,
balanced,ATP-HTVS-3B500C8F5D3A,77442,,,,,,
balanced,ATP-HTVS-3B52AE15A314,74081,,,,,,
balanced,ATP-HTVS-3B591F4F1DA1,4259,,,,,,
balanced,ATP-HTVS-3B615F85BA41,73953,,,,,,
balanced,ATP-HTVS-3B760C3B8D5C,71811,,,,,,
balanced,ATP-HTVS-3B9AE635146A,63874,,,,,,
balanced,ATP-HTVS-3BC1681A99C2,35363,,,,,,
balanced,ATP-HTVS-3BCB6D34D9FC,82627,,,,,,
balanced,ATP-HTVS-3BEA167C6DE4,61442,,,,,,
balanced,ATP-HTVS-3BFEB00B17A1,96386,,,,,,
balanced,ATP-HTVS-3C30D082388E,37539,,,,,,
balanced,ATP-HTVS-3C5237794D05,44097,,,,,,
balanced,ATP-HTVS-3D55EC2CCC26,92001,,,,,,
balanced,ATP-HTVS-3D580430A1F8,89410,,,,,,
balanced,ATP-HTVS-3D9456613EE7,71427,,,,,,
balanced,ATP-HTVS-3DA95123E47A,56993,,,,,,
balanced,ATP-HTVS-3DABA9A3BF24,35619,,,,,,
balanced,ATP-HTVS-3DB1B8B928B3,68034,,,,,,
balanced,ATP-HTVS-3DDAC51E87DA,72514,,,,,,
balanced,ATP-HTVS-3E3A2065ACC9,14370,,,,,,
balanced,ATP-HTVS-3E4E6B1035DE,50531,,,,,,
balanced,ATP-HTVS-3E51FD2FD256,56033,,,,,,
balanced,ATP-HTVS-3E71027F124F,67650,,,,,,
balanced,ATP-HTVS-3E71DFC624D6,82465,,,,,,
balanced,ATP-HTVS-3EAEA7611BE9,52738,,,,,,
balanced,ATP-HTVS-3ED7BF8E1128,59586,,,,,,
balanced,ATP-HTVS-3F61FE181838,65473,,,,,,
balanced,ATP-HTVS-3F7C0C4A7C85,44483,,,,,,
balanced,ATP-HTVS-3FE2C8D8A747,85473,,,,,,
balanced,ATP-HTVS-3FE3F52D89A6,78210,,,,,,
balanced,ATP-HTVS-3FEB13A0176D,79265,,,,,,
balanced,ATP-HTVS-4019997F6E4F,28866,,,,,,
balanced,ATP-HTVS-403847D949CB,95233,,,,,,
balanced,ATP-HTVS-4042CFA848C2,91587,,,,,,
balanced,ATP-HTVS-404DE520584C,71713,,,,,,
balanced,ATP-HTVS-40806E2DA49D,71074,,,,,,
balanced,ATP-HTVS-40CB5FD4F4D8,94114,,,,,,
balanced,ATP-HTVS-40E764CABCB1,58370,,,,,,
balanced,ATP-HTVS-410A75CF1522,26210,,,,,,
balanced,ATP-HTVS-41202D3CA1C8,23139,,,,,,
balanced,ATP-HTVS-4128F66E5F96,34562,,,,,,
balanced,ATP-HTVS-418CD17BC8B0,70595,,,,,,
balanced,ATP-HTVS-41A031E7C6D2,27299,,,,,,
balanced,ATP-HTVS-41C13ED6AFFD,83554,,,,,,
balanced,ATP-HTVS-41DBD56D77D4,56386,,,,,,
balanced,ATP-HTVS-41DE369552E3,91201,,,,,,
balanced,ATP-HTVS-41DF5C276515,95649,,,,,,
balanced,ATP-HTVS-41EB9DEAB7C9,91683,,,,,,
balanced,ATP-HTVS-420A833C3906,29570,,,,,,
balanced,ATP-HTVS-425F81D77C05,85634,,,,,,
balanced,ATP-HTVS-429B4D57A2D0,56417,,,,,,
balanced,ATP-HTVS-42E232F3C181,95425,,,,,,
balanced,ATP-HTVS-4313C7EF8265,78307,,,,,,
balanced,ATP-HTVS-43145D4CE45B,93187,,,,,,
balanced,ATP-HTVS-4322FF013EE1,94306,,,,,,
balanced,ATP-HTVS-433854F3CEDF,69123,,,,,,
balanced,ATP-HTVS-4340E5ABA707,45635,,,,,,
balanced,ATP-HTVS-4382948120BD,74115,,,,,,
balanced,ATP-HTVS-43D1BB82511C,88481,,,,,,
balanced,ATP-HTVS-43DC0EBD36ED,75233,,,,,,
balanced,ATP-HTVS-43DEA6C9D172,31907,,,,,,
balanced,ATP-HTVS-43E54E69D2FC,49761,,,,,,
balanced,ATP-HTVS-440AFC8B752D,31650,,,,,,
balanced,ATP-HTVS-4415AB646F99,82497,,,,,,
balanced,ATP-HTVS-4418320CDB75,92835,,,,,,
balanced,ATP-HTVS-442C36D59863,49602,,,,,,
balanced,ATP-HTVS-443BC3733DB7,97250,,,,,,
balanced,ATP-HTVS-445D8195943B,74209,,,,,,
balanced,ATP-HTVS-44A2C719C105,82307,,,,,,
balanced,ATP-HTVS-44A5767B4738,74882,,,,,,
balanced,ATP-HTVS-44ACC7CEC3D6,83425,,,,,,
balanced,ATP-HTVS-44DE29768EEE,17571,,,,,,
balanced,ATP-HTVS-4503BC70E7F0,38561,,,,,,
balanced,ATP-HTVS-450A55DE989E,48930,,,,,,
balanced,ATP-HTVS-458F3EB1794A,20674,,,,,,
balanced,ATP-HTVS-45908092458F,47809,,,,,,
balanced,ATP-HTVS-459B7E30FD80,76673,,,,,,
balanced,ATP-HTVS-45A004EDB829,35234,,,,,,
balanced,ATP-HTVS-45C9FDCE5200,67554,,,,,,
balanced,ATP-HTVS-45EC04A30F13,45571,,,,,,
balanced,ATP-HTVS-461088EC3581,13442,,,,,,
balanced,ATP-HTVS-4630C8488F7C,77025,,,,,,
balanced,ATP-HTVS-464A50F6807A,88514,,,,,,
balanced,ATP-HTVS-464DF81034BD,92994,,,,,,
balanced,ATP-HTVS-4697491C32F9,77698,,,,,,
balanced,ATP-HTVS-4697A006B393,56194,,,,,,
balanced,ATP-HTVS-469EEFA86A0D,60513,,,,,,
balanced,ATP-HTVS-46A91AAE2D1D,82529,,,,,,
balanced,ATP-HTVS-46F5C2C02CE5,81411,,,,,,
balanced,ATP-HTVS-471B66EC874A,78945,,,,,,
balanced,ATP-HTVS-471CA8009E10,94562,,,,,,
balanced,ATP-HTVS-472161FD1CB3,82882,,,,,,
balanced,ATP-HTVS-47220BE834AE,78051,,,,,,
balanced,ATP-HTVS-47675EC0C4D5,67843,,,,,,
balanced,ATP-HTVS-47A17AC8C7BD,41059,,,,,,
balanced,ATP-HTVS-47BAC8FD9A9F,73409,,,,,,
balanced,ATP-HTVS-4862FE6420AB,72898,,,,,,
balanced,ATP-HTVS-48C487957C1E,66849,,,,,,
balanced,ATP-HTVS-48ECC7021683,96033,,,,,,
balanced,ATP-HTVS-491BAB709F49,88482,,,,,,
balanced,ATP-HTVS-4920657FA6C2,47234,,,,,,
balanced,ATP-HTVS-494FFDA3E05A,79810,,,,,,
balanced,ATP-HTVS-4991CDEEDD30,76385,,,,,,
balanced,ATP-HTVS-49CF595ADD5C,20834,,,,,,
balanced,ATP-HTVS-49D68E9248AF,44739,,,,,,
balanced,ATP-HTVS-4A1EB194D3B6,11747,,,,,,
balanced,ATP-HTVS-4A28AAEEA14A,71714,,,,,,
balanced,ATP-HTVS-4A3DC7D9F888,95777,,,,,,
balanced,ATP-HTVS-4A7957865725,86657,,,,,,
balanced,ATP-HTVS-4AC739BE8539,83970,,,,,,
balanced,ATP-HTVS-4AC96F3AF657,25826,,,,,,
balanced,ATP-HTVS-4AF467728185,61602,,,,,,
balanced,ATP-HTVS-4AF9C9C46A6A,50882,,,,,,
balanced,ATP-HTVS-4B144E96CFBE,75490,,,,,,
balanced,ATP-HTVS-4B5D35D2395E,61409,,,,,,
balanced,ATP-HTVS-4B689B6ED6C6,95234,,,,,,
balanced,ATP-HTVS-4B898DE9EBD2,87971,,,,,,
balanced,ATP-HTVS-4BBA1A792A2F,70529,,,,,,
balanced,ATP-HTVS-4BCACD3FB587,71139,,,,,,
balanced,ATP-HTVS-4BE062240422,80833,,,,,,
balanced,ATP-HTVS-4BFDBDCB8AC3,81857,,,,,,
balanced,ATP-HTVS-4C04B46E023C,67139,,,,,,
balanced,ATP-HTVS-4C091C5F609D,74754,,,,,,
balanced,ATP-HTVS-4C511AF0E5BD,37027,,,,,,
balanced,ATP-HTVS-4C6C1EFD2AA2,72065,,,,,,
balanced,ATP-HTVS-4CC80B7019B2,75234,,,,,,
balanced,ATP-HTVS-4CFD3E435A48,60227,,,,,,
balanced,ATP-HTVS-4D1ED9B826E8,4419,,,,,,
balanced,ATP-HTVS-4D974321991D,51619,,,,,,
balanced,ATP-HTVS-4DC88D9567D5,69986,,,,,,
balanced,ATP-HTVS-4DE86EAA2D32,76034,,,,,,
balanced,ATP-HTVS-4E16F03E37A9,70275,,,,,,
balanced,ATP-HTVS-4E652792F62F,84931,,,,,,
balanced,ATP-HTVS-4E825B07A9DF,20418,,,,,,
balanced,ATP-HTVS-4E9E59A3DA5E,69218,,,,,,
balanced,ATP-HTVS-4EA46F6E6AE0,20450,,,,,,
balanced,ATP-HTVS-4EF6126AB2D8,89666,,,,,,
balanced,ATP-HTVS-4F22ABB48DC5,71586,,,,,,
balanced,ATP-HTVS-4F450E2E91A2,68579,,,,,,
balanced,ATP-HTVS-4F5A90394674,95681,,,,,,
balanced,ATP-HTVS-4F9099514318,87875,,,,,,
balanced,ATP-HTVS-4F9E5F08F37F,89571,,,,,,
balanced,ATP-HTVS-4FCAA645F202,97537,,,,,,
balanced,ATP-HTVS-4FDD59ABF895,4961,,,,,,
balanced,ATP-HTVS-505E03B882A0,11617,,,,,,
balanced,ATP-HTVS-507C96D672B3,5570,,,,,,
balanced,ATP-HTVS-508A27B63548,61411,,,,,,
balanced,ATP-HTVS-50911053B2F5,79745,,,,,,
balanced,ATP-HTVS-50DD7346FE25,89505,,,,,,
balanced,ATP-HTVS-510C24ACBA66,94817,,,,,,
balanced,ATP-HTVS-512766A3F074,87874,,,,,,
balanced,ATP-HTVS-512BF8EF5FA0,50785,,,,,,
balanced,ATP-HTVS-512DB2E888C1,97313,,,,,,
balanced,ATP-HTVS-514A7FD93F10,90115,,,,,,
balanced,ATP-HTVS-515F0CC44DE0,70113,,,,,,
balanced,ATP-HTVS-51861E5F66D2,67938,,,,,,
balanced,ATP-HTVS-518A2BC6902B,53057,,,,,,
balanced,ATP-HTVS-5192BC4864D4,70497,,,,,,
balanced,ATP-HTVS-51A8EA31A006,90307,,,,,,
balanced,ATP-HTVS-51D7DCB6F8E8,85793,,,,,,
balanced,ATP-HTVS-51FD2328387A,515,,,,,,
balanced,ATP-HTVS-523F9B5BEE3B,72899,,,,,,
balanced,ATP-HTVS-52495E42CB55,54529,,,,,,
balanced,ATP-HTVS-524A2C000135,32450,,,,,,
balanced,ATP-HTVS-52625044C5D9,31809,,,,,,
balanced,ATP-HTVS-52816E9DAB39,70209,,,,,,
balanced,ATP-HTVS-52B20567BA88,12577,,,,,,
balanced,ATP-HTVS-52BA94C773EB,97153,,,,,,
balanced,ATP-HTVS-52CC222D68E9,81987,,,,,,
balanced,ATP-HTVS-52D7AA6D1B75,23138,,,,,,
balanced,ATP-HTVS-52F407909F9A,88994,,,,,,
balanced,ATP-HTVS-53075BACB2C6,93475,,,,,,
balanced,ATP-HTVS-531A4B252985,78049,,,,,,
balanced,ATP-HTVS-531EE93584A6,1955,,,,,,
balanced,ATP-HTVS-532EC38BED39,25314,,,,,,
balanced,ATP-HTVS-5359DC82CCCB,23171,,,,,,
balanced,ATP-HTVS-53CB9D69C030,33121,,,,,,
balanced,ATP-HTVS-5401EBEC1B21,77091,,,,,,
balanced,ATP-HTVS-54143804256C,38146,,,,,,
balanced,ATP-HTVS-5425AB1A5C10,35457,,,,,,
balanced,ATP-HTVS-542A37ED863C,14243,,,,,,
balanced,ATP-HTVS-542AD0F295EC,98561,,,,,,
balanced,ATP-HTVS-545253A9A90F,83842,,,,,,
balanced,ATP-HTVS-5494A1B9D9EC,67939,,,,,,
balanced,ATP-HTVS-54A1786C1F00,83457,,,,,,
balanced,ATP-HTVS-54E64C0F11AA,71361,,,,,,
balanced,ATP-HTVS-54ED83DE83DA,86306,,,,,,
balanced,ATP-HTVS-553AACDE3786,19939,,,,,,
balanced,ATP-HTVS-555FA00075E9,85825,,,,,,
balanced,ATP-HTVS-5589B4ED8BC3,58051,,,,,,
balanced,ATP-HTVS-559A97C754E4,23137,,,,,,
balanced,ATP-HTVS-55C340552E65,92289,,,,,,
balanced,ATP-HTVS-560CD6AB75AE,93730,,,,,,
balanced,ATP-HTVS-56362DCB1C38,56802,,,,,,
balanced,ATP-HTVS-563DC51EEC46,75746,,,,,,
balanced,ATP-HTVS-5658ECC62B06,77859,,,,,,
balanced,ATP-HTVS-5694EB72FE49,38083,,,,,,
balanced,ATP-HTVS-569AAE7497B4,63426,,,,,,
balanced,ATP-HTVS-56BFCD0C6B29,72193,,,,,,
balanced,ATP-HTVS-57132EA8AA79,36161,,,,,,
balanced,ATP-HTVS-572BFDBE8187,1059,,,,,,
balanced,ATP-HTVS-57A1B32CE9AA,90337,,,,,,
balanced,ATP-HTVS-57B04A124BC1,76577,,,,,,
balanced,ATP-HTVS-57C145E4C4AF,91107,,,,,,
balanced,ATP-HTVS-57CD8A84B862,69666,,,,,,
balanced,ATP-HTVS-5801E8FB792E,25635,,,,,,
balanced,ATP-HTVS-5850FC4068A9,89729,,,,,,
balanced,ATP-HTVS-586B19FEBC2D,72769,,,,,,
balanced,ATP-HTVS-5890B3ABBA42,51713,,,,,,
balanced,ATP-HTVS-58BA49956E55,50050,,,,,,
balanced,ATP-HTVS-590B92626142,45217,,,,,,
balanced,ATP-HTVS-593FD885E4E3,89665,,,,,,
balanced,ATP-HTVS-595807F16B2C,73795,,,,,,
balanced,ATP-HTVS-5993E100A2C1,94626,,,,,,
balanced,ATP-HTVS-59B1C5906543,73635,,,,,,
balanced,ATP-HTVS-59B957CB7E9F,77507,,,,,,
balanced,ATP-HTVS-59E59E09D09E,55489,,,,,,
balanced,ATP-HTVS-5A1C186863E4,25313,,,,,,
balanced,ATP-HTVS-5A2EB4E9D835,63779,,,,,,
balanced,ATP-HTVS-5A38D2E65B38,77890,,,,,,
balanced,ATP-HTVS-5A3D1DB8098B,55105,,,,,,
balanced,ATP-HTVS-5A74948D5858,90114,,,,,,
balanced,ATP-HTVS-5AAA6558FE6F,81315,,,,,,
balanced,ATP-HTVS-5AC0D5CB90EF,60835,,,,,,
balanced,ATP-HTVS-5B1B34F83C18,97985,,,,,,
balanced,ATP-HTVS-5B32A3AFA3A9,56418,,,,,,
balanced,ATP-HTVS-5B9C564ED935,40865,,,,,,
balanced,ATP-HTVS-5BC6D09DB3F1,87234,,,,,,
balanced,ATP-HTVS-5BCFBB048AA1,79809,,,,,,
balanced,ATP-HTVS-5BE3914F361A,91171,,,,,,
balanced,ATP-HTVS-5BF5224E50DC,52739,,,,,,
balanced,ATP-HTVS-5BFD90183104,77187,,,,,,
balanced,ATP-HTVS-5C08F16C0BFC,24993,,,,,,
balanced,ATP-HTVS-5C1A90E0608A,85537,,,,,,
balanced,ATP-HTVS-5C2621A0B526,36290,,,,,,
balanced,ATP-HTVS-5C29B6179A0F,95362,,,,,,
balanced,ATP-HTVS-5CE7EF7F1B66,84354,,,,,,
balanced,ATP-HTVS-5CEF79319D6B,72323,,,,,,
balanced,ATP-HTVS-5CF527C7FD25,87938,,,,,,
balanced,ATP-HTVS-5CFA0109773F,85506,,,,,,
balanced,ATP-HTVS-5D344E99E653,87266,,,,,,
balanced,ATP-HTVS-5D5940BED632,70627,,,,,,
balanced,ATP-HTVS-5D5A320A0101,84833,,,,,,
balanced,ATP-HTVS-5D7D5B0AFE50,31266,,,,,,
balanced,ATP-HTVS-5DA5A3EB6624,30594,,,,,,
balanced,ATP-HTVS-5DB20AD11BEB,83713,,,,,,
balanced,ATP-HTVS-5E187255B48D,81057,,,,,,
balanced,ATP-HTVS-5E1B9EFD9407,87298,,,,,,
balanced,ATP-HTVS-5E389E326DA0,50337,,,,,,
balanced,ATP-HTVS-5E561F95C670,44705,,,,,,
balanced,ATP-HTVS-5E6DF5CA027C,40866,,,,,,
balanced,ATP-HTVS-5EB936FA5BDD,88803,,,,,,
balanced,ATP-HTVS-5EF6359E179A,71329,,,,,,
balanced,ATP-HTVS-5F569EDABC80,82754,,,,,,
balanced,ATP-HTVS-5FA879ADA4FF,77314,,,,,,
balanced,ATP-HTVS-6012FFC9E47E,77729,,,,,,
balanced,ATP-HTVS-601F520459A4,94209,,,,,,
balanced,ATP-HTVS-602F8E6702A7,98337,,,,,,
balanced,ATP-HTVS-60B21D6CE655,20227,,,,,,
balanced,ATP-HTVS-60B70570E761,62883,,,,,,
balanced,ATP-HTVS-60C7695B6F0C,73410,,,,,,
balanced,ATP-HTVS-60D4F7FF4B6B,48865,,,,,,
balanced,ATP-HTVS-60F8B74A0D7C,66018,,,,,,
balanced,ATP-HTVS-6168063B3267,35105,,,,,,
balanced,ATP-HTVS-61A3D13E339F,4770,,,,,,
balanced,ATP-HTVS-62207831F6CB,69763,,,,,,
balanced,ATP-HTVS-6227313DC6E5,72418,,,,,,
balanced,ATP-HTVS-6286382C1C45,71299,,,,,,
balanced,ATP-HTVS-62D29CE4051A,17858,,,,,,
balanced,ATP-HTVS-631C0C315D5A,76739,,,,,,
balanced,ATP-HTVS-638532F00CCB,72737,,,,,,
balanced,ATP-HTVS-63A2B85F1850,85570,,,,,,
balanced,ATP-HTVS-63DD1309BB6A,79362,,,,,,
balanced,ATP-HTVS-63DFF8A88018,1537,,,,,,
balanced,ATP-HTVS-63E5F33A32FB,23458,,,,,,
balanced,ATP-HTVS-64561A556005,76449,,,,,,
balanced,ATP-HTVS-6480B695D089,74689,,,,,,
balanced,ATP-HTVS-64A2B9E187D2,31651,,,,,,
balanced,ATP-HTVS-64F4A1A461ED,76035,,,,,,
balanced,ATP-HTVS-651F2B2980F4,15906,,,,,,
balanced,ATP-HTVS-65263582E7F4,36450,,,,,,
balanced,ATP-HTVS-654FE4E3AAA7,28929,,,,,,
balanced,ATP-HTVS-655331016ABF,30146,,,,,,
balanced,ATP-HTVS-656A250247D8,81986,,,,,,
balanced,ATP-HTVS-657E323E2351,76481,,,,,,
balanced,ATP-HTVS-65B75474615F,40449,,,,,,
balanced,ATP-HTVS-65F1321BFD60,23330,,,,,,
balanced,ATP-HTVS-65F4836C7042,84577,,,,,,
balanced,ATP-HTVS-6612EA4E183C,54530,,,,,,
balanced,ATP-HTVS-665A86DAD15F,78754,,,,,,
balanced,ATP-HTVS-66618B00A972,44098,,,,,,
balanced,ATP-HTVS-667EB58ED22D,21090,,,,,,
balanced,ATP-HTVS-669A511FBD29,90914,,,,,,
balanced,ATP-HTVS-66A9CC424D71,24770,,,,,,
balanced,ATP-HTVS-66BD7620CABA,87457,,,,,,
balanced,ATP-HTVS-66EE35E24140,84065,,,,,,
balanced,ATP-HTVS-66FFB530802B,85635,,,,,,
balanced,ATP-HTVS-67024B617AFA,96930,,,,,,
balanced,ATP-HTVS-673A54B483CC,85827,,,,,,
balanced,ATP-HTVS-675C8FFFA49B,85475,,,,,,
balanced,ATP-HTVS-675D7E7E37EF,84769,,,,,,
balanced,ATP-HTVS-676B1F951E41,75489,,,,,,
balanced,ATP-HTVS-6778D00A26F1,88097,,,,,,
balanced,ATP-HTVS-677D6479829E,40802,,,,,,
balanced,ATP-HTVS-67830652660F,76674,,,,,,
balanced,ATP-HTVS-67B30DFDD52C,28355,,,,,,
balanced,ATP-HTVS-67E3C63FBC34,48897,,,,,,
balanced,ATP-HTVS-67F14CF2E487,89249,,,,,,
balanced,ATP-HTVS-6804FBE9529D,53249,,,,,,
balanced,ATP-HTVS-681E21A5C336,90402,,,,,,
balanced,ATP-HTVS-684B476D1E6A,72322,,,,,,
balanced,ATP-HTVS-68829DCC26F9,24002,,,,,,
balanced,ATP-HTVS-68B1DBF07479,3426,,,,,,
balanced,ATP-HTVS-69239F8CDE40,84739,,,,,,
balanced,ATP-HTVS-694143BD68F7,98210,,,,,,
balanced,ATP-HTVS-697A85B30C1D,5217,,,,,,
balanced,ATP-HTVS-69A2FC5C8ACC,16515,,,,,,
balanced,ATP-HTVS-69AD6B8D3733,52643,,,,,,
balanced,ATP-HTVS-69DE697C6F69,70082,,,,,,
balanced,ATP-HTVS-6A46373CBB09,79298,,,,,,
balanced,ATP-HTVS-6A615EE15C98,5634,,,,,,
balanced,ATP-HTVS-6A632AA0CEB9,45283,,,,,,
balanced,ATP-HTVS-6A75058F52BE,28289,,,,,,
balanced,ATP-HTVS-6A7606C4C92F,92290,,,,,,
balanced,ATP-HTVS-6A9F3E67E2B3,32321,,,,,,
balanced,ATP-HTVS-6AEF3DDEB613,24577,,,,,,
balanced,ATP-HTVS-6B0687E57A6A,39265,,,,,,
balanced,ATP-HTVS-6B1624881868,95842,,,,,,
balanced,ATP-HTVS-6B545AE439E8,71073,,,,,,
balanced,ATP-HTVS-6B6B8E0C727E,97122,,,,,,
balanced,ATP-HTVS-6B709F2DA304,63171,,,,,,
balanced,ATP-HTVS-6BE395388015,5218,,,,,,
balanced,ATP-HTVS-6BFC96102A75,91009,,,,,,
balanced,ATP-HTVS-6C10A5B04019,55619,,,,,,
balanced,ATP-HTVS-6C50DB0A272F,98305,,,,,,
balanced,ATP-HTVS-6C7D9744EE21,70402,,,,,,
balanced,ATP-HTVS-6C953A1E72F9,84770,,,,,,
balanced,ATP-HTVS-6C98FCD8FCFE,96322,,,,,,
balanced,ATP-HTVS-6CCE19BA0E53,41123,,,,,,
balanced,ATP-HTVS-6D0E62C9397C,87907,,,,,,
balanced,ATP-HTVS-6D22B46DE244,25601,,,,,,
balanced,ATP-HTVS-6D2ED4476584,96450,,,,,,
balanced,ATP-HTVS-6D4BCDFA1C91,75521,,,,,,
balanced,ATP-HTVS-6D7E0E0D5192,75362,,,,,,
balanced,ATP-HTVS-6E0FE1B5DEAA,65857,,,,,,
balanced,ATP-HTVS-6E162A247368,73633,,,,,,
balanced,ATP-HTVS-6E22C1143CC0,63683,,,,,,
balanced,ATP-HTVS-6E53E23A0DE7,86883,,,,,,
balanced,ATP-HTVS-6E858FDBC7BE,81090,,,,,,
balanced,ATP-HTVS-6E87A6CCCD27,96001,,,,,,
balanced,ATP-HTVS-6EB205788321,70434,,,,,,
balanced,ATP-HTVS-6EF9F712D3BB,38274,,,,,,
balanced,ATP-HTVS-6F05C87B1F67,70785,,,,,,
balanced,ATP-HTVS-6F07AE7177E0,48289,,,,,,
balanced,ATP-HTVS-6F1494FEFC60,84675,,,,,,
balanced,ATP-HTVS-6F734E803CC4,90177,,,,,,
balanced,ATP-HTVS-6F858A0E8812,50979,,,,,,
balanced,ATP-HTVS-6FE04A77CC41,71777,,,,,,
balanced,ATP-HTVS-702B49CD2E82,75043,,,,,,
balanced,ATP-HTVS-7075BC6FC110,40003,,,,,,
balanced,ATP-HTVS-708569B81B35,91521,,,,,,
balanced,ATP-HTVS-70C7181F988B,22946,,,,,,
balanced,ATP-HTVS-70E37A6C21BA,87747,,,,,,
balanced,ATP-HTVS-7191B1059E2A,91041,,,,,,
balanced,ATP-HTVS-71BAC3B18036,84419,,,,,,
balanced,ATP-HTVS-71BF5DD28E53,57729,,,,,,
balanced,ATP-HTVS-71D6C35FE659,77570,,,,,,
balanced,ATP-HTVS-7201DD4C282A,6657,,,,,,
balanced,ATP-HTVS-72573E055255,65475,,,,,,
balanced,ATP-HTVS-72B2F4D4EA61,85379,,,,,,
balanced,ATP-HTVS-72BD9FFCF62D,59458,,,,,,
balanced,ATP-HTVS-72D66A1ED57F,85633,,,,,,
balanced,ATP-HTVS-72E6B3102DA2,29953,,,,,,
balanced,ATP-HTVS-7317133B38FB,3522,,,,,,
balanced,ATP-HTVS-73425E104865,17794,,,,,,
balanced,ATP-HTVS-736CCC940701,87841,,,,,,
balanced,ATP-HTVS-738A9E09AC53,76002,,,,,,
balanced,ATP-HTVS-7398D4493E72,77633,,,,,,
balanced,ATP-HTVS-73D804AB38E4,60195,,,,,,
balanced,ATP-HTVS-7418424385E1,74179,,,,,,
balanced,ATP-HTVS-74641C70E223,90850,,,,,,
balanced,ATP-HTVS-74C5B06FA80B,35331,,,,,,
balanced,ATP-HTVS-74E2CC654FC3,78466,,,,,,
balanced,ATP-HTVS-750E4CFCB0FA,69826,,,,,,
balanced,ATP-HTVS-7598FFEE7603,72739,,,,,,
balanced,ATP-HTVS-75A4DAB7424E,78401,,,,,,
balanced,ATP-HTVS-75AC094BF9E0,89827,,,,,,
balanced,ATP-HTVS-75B300C751D2,33282,,,,,,
balanced,ATP-HTVS-75F52EFCCD23,94273,,,,,,
balanced,ATP-HTVS-76416D54A342,23331,,,,,,
balanced,ATP-HTVS-767E37D8A78C,74498,,,,,,
balanced,ATP-HTVS-7694DCD97798,36195,,,,,,
balanced,ATP-HTVS-76CE1997AF40,20163,,,,,,
balanced,ATP-HTVS-76EB0BEAC1B9,37825,,,,,,
balanced,ATP-HTVS-772EF906400E,20706,,,,,,
balanced,ATP-HTVS-773D20A649CC,79681,,,,,,
balanced,ATP-HTVS-7743C5ABCFDD,93987,,,,,,
balanced,ATP-HTVS-7752C713B971,90178,,,,,,
balanced,ATP-HTVS-776FBC5F0312,98786,,,,,,
balanced,ATP-HTVS-77ED8C900CC0,79747,,,,,,
balanced,ATP-HTVS-77F3EA8C01D2,80162,,,,,,
balanced,ATP-HTVS-780990BE0E68,83747,,,,,,
balanced,ATP-HTVS-7820955A714C,43682,,,,,,
balanced,ATP-HTVS-78252FECAF69,68547,,,,,,
balanced,ATP-HTVS-792F02E01A4E,94081,,,,,,
balanced,ATP-HTVS-794646D3B9C8,91617,,,,,,
balanced,ATP-HTVS-795FA74A51DE,66529,,,,,,
balanced,ATP-HTVS-79A32C942736,68642,,,,,,
balanced,ATP-HTVS-79BEB139CB8F,55745,,,,,,
balanced,ATP-HTVS-79C7807006E2,74402,,,,,,
balanced,ATP-HTVS-79E4EBD82D6A,63777,,,,,,
balanced,ATP-HTVS-79EE8ED1543F,88993,,,,,,
balanced,ATP-HTVS-7A394D6CE484,99713,,,,,,
balanced,ATP-HTVS-7A7B7DA644AB,49827,,,,,,
balanced,ATP-HTVS-7A7BCDC0632F,1539,,,,,,
balanced,ATP-HTVS-7AB1442FC022,28993,,,,,,
balanced,ATP-HTVS-7ABEAEA32F74,93505,,,,,,
balanced,ATP-HTVS-7ACA80837BCE,95906,,,,,,
balanced,ATP-HTVS-7AEE8A51E1B1,46561,,,,,,
balanced,ATP-HTVS-7AFD271A302C,56897,,,,,,
balanced,ATP-HTVS-7B1416FC1373,96097,,,,,,
balanced,ATP-HTVS-7B85D20A61B3,83969,,,,,,
balanced,ATP-HTVS-7B98CE40EDFD,70307,,,,,,
balanced,ATP-HTVS-7BBDEC1762B0,28193,,,,,,
balanced,ATP-HTVS-7BEC4E93BD87,81249,,,,,,
balanced,ATP-HTVS-7BF7B7486D45,67138,,,,,,
balanced,ATP-HTVS-7C2B62D08873,63427,,,,,,
balanced,ATP-HTVS-7C2D6468D489,82402,,,,,,
balanced,ATP-HTVS-7C58C2B4F3B5,20035,,,,,,
balanced,ATP-HTVS-7C6049B0D6CE,73154,,,,,,
balanced,ATP-HTVS-7C6F09AC1D4C,90306,,,,,,
balanced,ATP-HTVS-7CA2ECE32076,86177,,,,,,
balanced,ATP-HTVS-7CD79F872AFC,67937,,,,,,
balanced,ATP-HTVS-7CF383CE087B,75810,,,,,,
balanced,ATP-HTVS-7D198ACE4CB8,50529,,,,,,
balanced,ATP-HTVS-7D1C8522A3FA,27619,,,,,,
balanced,ATP-HTVS-7D663BEE19BA,79617,,,,,,
balanced,ATP-HTVS-7DAC8816801F,84385,,,,,,
balanced,ATP-HTVS-7DBCC72663B9,59649,,,,,,
balanced,ATP-HTVS-7DD2E8BA0428,80835,,,,,,
balanced,ATP-HTVS-7DE0A46CB904,32482,,,,,,
balanced,ATP-HTVS-7DE5D821A3A4,82179,,,,,,
balanced,ATP-HTVS-7EF53BD61533,95426,,,,,,
balanced,ATP-HTVS-7EF96EA99BCF,95361,,,,,,
balanced,ATP-HTVS-7F35209A363C,80099,,,,,,
balanced,ATP-HTVS-7F4769B54268,71043,,,,,,
balanced,ATP-HTVS-7F76552361A7,92449,,,,,,
balanced,ATP-HTVS-7F7812FC41A5,72321,,,,,,
balanced,ATP-HTVS-7F83928F0467,70722,,,,,,
balanced,ATP-HTVS-800B0B068CC6,45569,,,,,,
balanced,ATP-HTVS-8033922A69C0,25505,,,,,,
balanced,ATP-HTVS-8095E17D3127,20707,,,,,,
balanced,ATP-HTVS-80A1BADD16E7,72066,,,,,,
balanced,ATP-HTVS-818D9CFDFCEA,71330,,,,,,
balanced,ATP-HTVS-81A5FD53922A,40450,,,,,,
balanced,ATP-HTVS-81EE647F8CA6,20322,,,,,,
balanced,ATP-HTVS-81F0F4B0A07A,32545,,,,,,
balanced,ATP-HTVS-821B647876F5,39105,,,,,,
balanced,ATP-HTVS-822192B7646A,57442,,,,,,
balanced,ATP-HTVS-824DD36F4E64,69665,,,,,,
balanced,ATP-HTVS-8313972BDCAD,69219,,,,,,
balanced,ATP-HTVS-83530B88E656,71585,,,,,,
balanced,ATP-HTVS-8365FF7884A6,64321,,,,,,
balanced,ATP-HTVS-83768D529230,81825,,,,,,
balanced,ATP-HTVS-837D7A211A0E,67522,,,,,,
balanced,ATP-HTVS-83F3A5AEE880,84835,,,,,,
balanced,ATP-HTVS-83F819F668B2,38177,,,,,,
balanced,ATP-HTVS-83F93451062F,20931,,,,,,
balanced,ATP-HTVS-8409CD5E0FE2,36418,,,,,,
balanced,ATP-HTVS-842E20B26D61,12419,,,,,,
balanced,ATP-HTVS-84AF7025C22A,80514,,,,,,
balanced,ATP-HTVS-84B0A2EEAAE5,32771,,,,,,
balanced,ATP-HTVS-84B7FD2F846A,21121,,,,,,
balanced,ATP-HTVS-84C0F320BB18,20865,,,,,,
balanced,ATP-HTVS-8521C9576B2F,26626,,,,,,
balanced,ATP-HTVS-85577F90127E,51907,,,,,,
balanced,ATP-HTVS-8567A07E89C1,63170,,,,,,
balanced,ATP-HTVS-85B092CE3CD6,31969,,,,,,
balanced,ATP-HTVS-85D8FA1817A9,28450,,,,,,
balanced,ATP-HTVS-85E208BF5C05,38787,,,,,,
balanced,ATP-HTVS-8667D2FB5617,48353,,,,,,
balanced,ATP-HTVS-866AD4D93294,90531,,,,,,
balanced,ATP-HTVS-86939B89774E,41027,,,,,,
balanced,ATP-HTVS-869F8AF38162,90401,,,,,,
balanced,ATP-HTVS-86B60B8C3F13,91042,,,,,,
balanced,ATP-HTVS-86C3058B81C7,98306,,,,,,
balanced,ATP-HTVS-86DDC209E59E,63042,,,,,,
balanced,ATP-HTVS-87B93A696720,77730,,,,,,
balanced,ATP-HTVS-87F6BDFAEB44,451,,,,,,
balanced,ATP-HTVS-8843DC2573F9,5091,,,,,,
balanced,ATP-HTVS-88509AB3E069,48258,,,,,,
balanced,ATP-HTVS-8884805DC746,43842,,,,,,
balanced,ATP-HTVS-8892C512F7BC,71491,,,,,,
balanced,ATP-HTVS-88F2ADA8327D,84033,,,,,,
balanced,ATP-HTVS-891CD438FA2D,65635,,,,,,
balanced,ATP-HTVS-892E5C6BD7E4,94849,,,,,,
balanced,ATP-HTVS-89495CC893EC,89889,,,,,,
balanced,ATP-HTVS-894F1E46B14F,48034,,,,,,
balanced,ATP-HTVS-896D1EC960E1,28451,,,,,,
balanced,ATP-HTVS-898AE5CA69D9,41922,,,,,,
balanced,ATP-HTVS-89936433B7DC,96034,,,,,,
balanced,ATP-HTVS-89F3E6A1D8C1,75298,,,,,,
balanced,ATP-HTVS-8A7A96DBFC1E,81218,,,,,,
balanced,ATP-HTVS-8A89FEC9078D,30274,,,,,,
balanced,ATP-HTVS-8B2F0F11D1D9,80515,,,,,,
balanced,ATP-HTVS-8B5B7778DF28,95554,,,,,,
balanced,ATP-HTVS-8BC83C5D0DE9,33889,,,,,,
balanced,ATP-HTVS-8BE0537C7CD3,54531,,,,,,
balanced,ATP-HTVS-8BF32585E280,72579,,,,,,
balanced,ATP-HTVS-8BFFC6150277,53633,,,,,,
balanced,ATP-HTVS-8C1C7F16DF05,82530,,,,,,
balanced,ATP-HTVS-8C32683EF27B,27521,,,,,,
balanced,ATP-HTVS-8CA7F3DFAEDE,5090,,,,,,
balanced,ATP-HTVS-8D220C5D1AB9,73921,,,,,,
balanced,ATP-HTVS-8D32545BC421,99618,,,,,,
balanced,ATP-HTVS-8D4A93BCC2C7,20193,,,,,,
balanced,ATP-HTVS-8D6261309289,77506,,,,,,
balanced,ATP-HTVS-8DFE2090913E,89730,,,,,,
balanced,ATP-HTVS-8E104651B898,59169,,,,,,
balanced,ATP-HTVS-8E17E50AE6CE,18721,,,,,,
balanced,ATP-HTVS-8E1A44B1E9FD,75361,,,,,,
balanced,ATP-HTVS-8E25FC822191,86497,,,,,,
balanced,ATP-HTVS-8E36F3F2ACA8,64322,,,,,,
balanced,ATP-HTVS-8E3D409F2843,55746,,,,,,
balanced,ATP-HTVS-8E434DB2B88E,94115,,,,,,
balanced,ATP-HTVS-8E5D0C8C0586,48226,,,,,,
balanced,ATP-HTVS-8E6E87523B7B,64451,,,,,,
balanced,ATP-HTVS-8E7556763F42,90403,,,,,,
balanced,ATP-HTVS-8EB0CBA3C42A,28354,,,,,,
balanced,ATP-HTVS-8EBB5954A050,85187,,,,,,
balanced,ATP-HTVS-8ECA82FC9C79,20066,,,,,,
balanced,ATP-HTVS-8EDB8C766CED,78306,,,,,,
balanced,ATP-HTVS-8EE5F01B86B2,66145,,,,,,
balanced,ATP-HTVS-8F383301D999,83458,,,,,,
balanced,ATP-HTVS-8F7863C4F42C,32898,,,,,,
balanced,ATP-HTVS-8F8686BB907F,97314,,,,,,
balanced,ATP-HTVS-8FAB3387FC95,74083,,,,,,
balanced,ATP-HTVS-8FAC22D1DEE3,83011,,,,,,
balanced,ATP-HTVS-8FAD4DDE14EC,4418,,,,,,
balanced,ATP-HTVS-8FCE9ABFEDC9,96578,,,,,,
balanced,ATP-HTVS-8FFDF10521D1,34625,,,,,,
balanced,ATP-HTVS-903509DD9171,38371,,,,,,
balanced,ATP-HTVS-906C5B8F4575,46978,,,,,,
balanced,ATP-HTVS-9071C340676C,91907,,,,,,
balanced,ATP-HTVS-90D8E935D6BA,70531,,,,,,
balanced,ATP-HTVS-90E2293F5662,27587,,,,,,
balanced,ATP-HTVS-90F616328265,99169,,,,,,
balanced,ATP-HTVS-9118BAC0F3E5,49857,,,,,,
balanced,ATP-HTVS-9126C22B6E5D,23649,,,,,,
balanced,ATP-HTVS-91559CC1A0CF,77345,,,,,,
balanced,ATP-HTVS-915EA674EB52,76033,,,,,,
balanced,ATP-HTVS-917D65E68C1C,37603,,,,,,
balanced,ATP-HTVS-917EA3B617CA,53634,,,,,,
balanced,ATP-HTVS-91FB2566E9C6,66147,,,,,,
balanced,ATP-HTVS-91FE8B97AF5D,74274,,,,,,
balanced,ATP-HTVS-925A357E73C9,83553,,,,,,
balanced,ATP-HTVS-9261E8E7C16B,37826,,,,,,
balanced,ATP-HTVS-9279E9D3CA8E,26337,,,,,,
balanced,ATP-HTVS-928F3709654C,80577,,,,,,
balanced,ATP-HTVS-92BA88CED8DA,20033,,,,,,
balanced,ATP-HTVS-92C487CB2C4B,64961,,,,,,
balanced,ATP-HTVS-92D1D8A066E2,26498,,,,,,
balanced,ATP-HTVS-92F0D0267220,45570,,,,,,
balanced,ATP-HTVS-9352BEE24C86,93634,,,,,,
balanced,ATP-HTVS-9360F17A3EC6,75329,,,,,,
balanced,ATP-HTVS-9393AACC3570,45122,,,,,,
balanced,ATP-HTVS-93C7314F95B0,68035,,,,,,
balanced,ATP-HTVS-93CB38BE3680,47971,,,,,,
balanced,ATP-HTVS-93E6D0793690,63681,,,,,,
balanced,ATP-HTVS-94036CD3F111,91106,,,,,,
balanced,ATP-HTVS-94448DA501C0,79074,,,,,,
balanced,ATP-HTVS-9480C2297FB5,70563,,,,,,
balanced,ATP-HTVS-94941B52F5EC,56161,,,,,,
balanced,ATP-HTVS-94D8827D88B0,51299,,,,,,
balanced,ATP-HTVS-94FDA1BF8648,94914,,,,,,
balanced,ATP-HTVS-9505CBC4E7EE,64641,,,,,,
balanced,ATP-HTVS-952C6901247D,71138,,,,,,
balanced,ATP-HTVS-9548848ABB82,37537,,,,,,
balanced,ATP-HTVS-954980F32CB7,55906,,,,,,
balanced,ATP-HTVS-95B9B67075F0,77443,,,,,,
balanced,ATP-HTVS-95C9BC6D1CE7,79202,,,,,,
balanced,ATP-HTVS-95D1FAD4F080,71875,,,,,,
balanced,ATP-HTVS-95D98DD03D76,71298,,,,,,
balanced,ATP-HTVS-95EE858F8EEC,89953,,,,,,
balanced,ATP-HTVS-96035055C171,32801,,,,,,
balanced,ATP-HTVS-9640828E0D0B,57411,,,,,,
balanced,ATP-HTVS-96C7A2856398,57953,,,,,,
balanced,ATP-HTVS-9702CFD2E9A2,81985,,,,,,
balanced,ATP-HTVS-970FBD5470AF,37921,,,,,,
balanced,ATP-HTVS-970FD2D7162F,57698,,,,,,
balanced,ATP-HTVS-971CA853FA9A,47075,,,,,,
balanced,ATP-HTVS-976CFBCF515D,13249,,,,,,
balanced,ATP-HTVS-9774402850E8,78433,,,,,,
balanced,ATP-HTVS-980C1FC6FC1E,30689,,,,,,
balanced,ATP-HTVS-985FC5CCBDCC,91523,,,,,,
balanced,ATP-HTVS-986AE7271DA8,70049,,,,,,
balanced,ATP-HTVS-9898F3268698,61313,,,,,,
balanced,ATP-HTVS-98A0502BF743,60257,,,,,,
balanced,ATP-HTVS-98C6C787C9CA,97922,,,,,,
balanced,ATP-HTVS-98E751432A52,90242,,,,,,
balanced,ATP-HTVS-98EFE7D538B2,77379,,,,,,
balanced,ATP-HTVS-99217F2350A2,27618,,,,,,
balanced,ATP-HTVS-99483DBEAA78,20963,,,,,,
balanced,ATP-HTVS-9967BD998929,72578,,,,,,
balanced,ATP-HTVS-99B36318F637,6081,,,,,,
balanced,ATP-HTVS-99E4671812AC,87393,,,,,,
balanced,ATP-HTVS-9A332D1A0286,27617,,,,,,
balanced,ATP-HTVS-9A3A5E055FE2,67235,,,,,,
balanced,ATP-HTVS-9A75570B0E27,83009,,,,,,
balanced,ATP-HTVS-9A76BB66DB1D,70498,,,,,,
balanced,ATP-HTVS-9A86ECE1052E,19937,,,,,,
balanced,ATP-HTVS-9AD82B0B5D2D,80610,,,,,,
balanced,ATP-HTVS-9AEFC257B6AB,94850,,,,,,
balanced,ATP-HTVS-9AF19AD81321,95841,,,,,,
balanced,ATP-HTVS-9B930A3F277B,46658,,,,,,
balanced,ATP-HTVS-9BFBB44B9744,92161,,,,,,
balanced,ATP-HTVS-9C0CB662701B,22849,,,,,,
balanced,ATP-HTVS-9C2287A2D630,61441,,,,,,
balanced,ATP-HTVS-9C588CAB6516,96290,,,,,,
balanced,ATP-HTVS-9C7CAB1133CD,78305,,,,,,
balanced,ATP-HTVS-9C9650448F2C,83841,,,,,,
balanced,ATP-HTVS-9CB3B225923C,39555,,,,,,
balanced,ATP-HTVS-9CE7151F0CF5,20835,,,,,,
balanced,ATP-HTVS-9D3CA67459E0,67746,,,,,,
balanced,ATP-HTVS-9D856A339FA1,23650,,,,,,
balanced,ATP-HTVS-9D863030CFC5,78209,,,,,,
balanced,ATP-HTVS-9DA78F477298,97857,,,,,,
balanced,ATP-HTVS-9DADF577E8AC,41122,,,,,,
balanced,ATP-HTVS-9DBDBA397665,91489,,,,,,
balanced,ATP-HTVS-9DFA3785F0DB,83778,,,,,,
balanced,ATP-HTVS-9E45A7CB1B23,24003,,,,,,
balanced,ATP-HTVS-9E60DE94BDF0,48290,,,,,,
balanced,ATP-HTVS-9F0B8180A605,37283,,,,,,
balanced,ATP-HTVS-9F37D3A44946,93826,,,,,,
balanced,ATP-HTVS-9F5103B68EB9,61826,,,,,,
balanced,ATP-HTVS-9F7EB006111C,2945,,,,,,
balanced,ATP-HTVS-9F81472CEEC6,90627,,,,,,
balanced,ATP-HTVS-9F81613398D9,73347,,,,,,
balanced,ATP-HTVS-9F8F78EE592C,70659,,,,,,
balanced,ATP-HTVS-9F9A426F6493,36611,,,,,,
balanced,ATP-HTVS-A05CBA531631,30147,,,,,,
balanced,ATP-HTVS-A0BE83379585,57251,,,,,,
balanced,ATP-HTVS-A0DD4911ADFC,80834,,,,,,
balanced,ATP-HTVS-A10345D75118,25475,,,,,,
balanced,ATP-HTVS-A11F200701F2,51714,,,,,,
balanced,ATP-HTVS-A12862845571,36162,,,,,,
balanced,ATP-HTVS-A1381500D8FF,28897,,,,,,
balanced,ATP-HTVS-A1F737581FBF,84547,,,,,,
balanced,ATP-HTVS-A20FC30C18FA,37827,,,,,,
balanced,ATP-HTVS-A257C47BE0F3,3587,,,,,,
balanced,ATP-HTVS-A25C4EA68E32,90658,,,,,,
balanced,ATP-HTVS-A27D1CDFC59C,12003,,,,,,
balanced,ATP-HTVS-A286808FA942,81442,,,,,,
balanced,ATP-HTVS-A28F95EF9540,45281,,,,,,
balanced,ATP-HTVS-A2CFD20ABAD2,83203,,,,,,
balanced,ATP-HTVS-A2EC0CC51325,66753,,,,,,
balanced,ATP-HTVS-A2ECE24B89CB,24515,,,,,,
balanced,ATP-HTVS-A2FDB4A8FB56,72417,,,,,,
balanced,ATP-HTVS-A305C0BD9D10,76386,,,,,,
balanced,ATP-HTVS-A343C43AF9EC,23169,,,,,,
balanced,ATP-HTVS-A345DB3E7236,69795,,,,,,
balanced,ATP-HTVS-A361D156A19C,49762,,,,,,
balanced,ATP-HTVS-A38ED211E8B3,94083,,,,,,
balanced,ATP-HTVS-A3A98DB30213,66146,,,,,,
balanced,ATP-HTVS-A3FFA90B66AA,58403,,,,,,
balanced,ATP-HTVS-A44EAAD38847,47618,,,,,,
balanced,ATP-HTVS-A459F36766D8,51650,,,,,,
balanced,ATP-HTVS-A4810EBC0F15,61601,,,,,,
balanced,ATP-HTVS-A4BDF0A6C58A,61058,,,,,,
balanced,ATP-HTVS-A4F2667C3349,72738,,,,,,
balanced,ATP-HTVS-A521B3182CFE,21155,,,,,,
balanced,ATP-HTVS-A5353E166184,71683,,,,,,
balanced,ATP-HTVS-A53B334F5824,50977,,,,,,
balanced,ATP-HTVS-A5A2B8D72F00,38882,,,,,,
balanced,ATP-HTVS-A5C0EA33BE09,60675,,,,,,
balanced,ATP-HTVS-A6599D500180,29250,,,,,,
balanced,ATP-HTVS-A67C5EBB60CA,75841,,,,,,
balanced,ATP-HTVS-A67DD6FB98A9,70562,,,,,,
balanced,ATP-HTVS-A6800539A705,75618,,,,,,
balanced,ATP-HTVS-A693217A85AE,38275,,,,,,
balanced,ATP-HTVS-A6940AB4AD1D,24387,,,,,,
balanced,ATP-HTVS-A6CB9DE84F6F,84034,,,,,,
balanced,ATP-HTVS-A6D74CA540BA,89537,,,,,,
balanced,ATP-HTVS-A7093622CBF0,20771,,,,,,
balanced,ATP-HTVS-A719F0D3C4DA,74594,,,,,,
balanced,ATP-HTVS-A7693842EDE7,83074,,,,,,
balanced,ATP-HTVS-A7BD7D96AE57,4451,,,,,,
balanced,ATP-HTVS-A7EE593102BF,33505,,,,,,
balanced,ATP-HTVS-A8111C46748E,73794,,,,,,
balanced,ATP-HTVS-A820F1D60548,63138,,,,,,
balanced,ATP-HTVS-A844998385F9,77505,,,,,,
balanced,ATP-HTVS-A845026C7E40,91522,,,,,,
balanced,ATP-HTVS-A8555051B7A8,26369,,,,,,
balanced,ATP-HTVS-A86A798575A4,98241,,,,,,
balanced,ATP-HTVS-A89DA5D53108,97121,,,,,,
balanced,ATP-HTVS-A8B79B8D9CE4,98466,,,,,,
balanced,ATP-HTVS-A8F9662136B7,83170,,,,,,
balanced,ATP-HTVS-A8FD4BE75532,89409,,,,,,
balanced,ATP-HTVS-A9326BC55FC3,99138,,,,,,
balanced,ATP-HTVS-A949B56C75C5,93891,,,,,,
balanced,ATP-HTVS-A9572D0B6B20,80417,,,,,,
balanced,ATP-HTVS-A95E57B9EC2C,50113,,,,,,
balanced,ATP-HTVS-A9E2ECE51DBC,47937,,,,,,
balanced,ATP-HTVS-AAAC0953A4ED,31555,,,,,,
balanced,ATP-HTVS-AACA343AA4DE,52321,,,,,,
balanced,ATP-HTVS-AAD4045BFE18,82595,,,,,,
balanced,ATP-HTVS-AAEC409DC9E3,32515,,,,,,
balanced,ATP-HTVS-AB4BD250F7B6,81346,,,,,,
balanced,ATP-HTVS-AB5753B8B47E,40737,,,,,,
balanced,ATP-HTVS-AB5D2E649063,94019,,,,,,
balanced,ATP-HTVS-AB6A0F8FBF12,18977,,,,,,
balanced,ATP-HTVS-ABB27A5BB422,32386,,,,,,
balanced,ATP-HTVS-AC48CD61B4D9,74881,,,,,,
balanced,ATP-HTVS-AC6C82062264,64258,,,,,,
balanced,ATP-HTVS-AC71774ACC4B,91074,,,,,,
balanced,ATP-HTVS-ACBE41267A18,4290,,,,,,
balanced,ATP-HTVS-AD26772F5837,35617,,,,,,
balanced,ATP-HTVS-AD556EC8B5E3,32131,,,,,,
balanced,ATP-HTVS-AD7BC7F537E7,96482,,,,,,
balanced,ATP-HTVS-AD7D334F30DB,88673,,,,,,
balanced,ATP-HTVS-AD7FACE11FDD,91810,,,,,,
balanced,ATP-HTVS-AD7FBCC01633,85217,,,,,,
balanced,ATP-HTVS-ADC6A568E437,96738,,,,,,
balanced,ATP-HTVS-ADEEA10F1B91,88065,,,,,,
balanced,ATP-HTVS-ADF1B73D9E23,85507,,,,,,
balanced,ATP-HTVS-ADFEB0A5CD8C,55939,,,,,,
balanced,ATP-HTVS-AE2593E94038,97890,,,,,,
balanced,ATP-HTVS-AE73BF67DB9D,5410,,,,,,
balanced,ATP-HTVS-AE7F15E1977E,5761,,,,,,
balanced,ATP-HTVS-AE8349DE7653,92993,,,,,,
balanced,ATP-HTVS-AEA5EF37F369,76161,,,,,,
balanced,ATP-HTVS-AEC4D9F1E0F4,72001,,,,,,
balanced,ATP-HTVS-AEE242E516D8,90657,,,,,,
balanced,ATP-HTVS-AF0D06B60C3E,79234,,,,,,
balanced,ATP-HTVS-AF24076E5CF3,48513,,,,,,
balanced,ATP-HTVS-AF546DDC8B5A,39811,,,,,,
balanced,ATP-HTVS-AF6DFEAC4438,77891,,,,,,
balanced,ATP-HTVS-AFAE325C96BD,30114,,,,,,
balanced,ATP-HTVS-AFB94CABAED0,95970,,,,,,
balanced,ATP-HTVS-AFD6D96F704F,43106,,,,,,
balanced,ATP-HTVS-AFF6C4F7FD39,48355,,,,,,
balanced,ATP-HTVS-B00F3517908E,71715,,,,,,
balanced,ATP-HTVS-B0742D29E2ED,92481,,,,,,
balanced,ATP-HTVS-B0A71AB87D72,74467,,,,,,
balanced,ATP-HTVS-B0AB4541452E,78753,,,,,,
balanced,ATP-HTVS-B0B19F009301,74529,,,,,,
balanced,ATP-HTVS-B107F9A324A3,20065,,,,,,
balanced,ATP-HTVS-B13A57A9D1F9,98178,,,,,,
balanced,ATP-HTVS-B13D85D04AEE,97953,,,,,,
balanced,ATP-HTVS-B16CEB425A58,94497,,,,,,
balanced,ATP-HTVS-B1D0FF1C8AAB,46850,,,,,,
balanced,ATP-HTVS-B1DCCC83FEFE,30595,,,,,,
balanced,ATP-HTVS-B1E26FAB67D9,85443,,,,,,
balanced,ATP-HTVS-B1FBA11D65B8,53251,,,,,,
balanced,ATP-HTVS-B23516995CCF,60194,,,,,,
balanced,ATP-HTVS-B262751D15E7,44706,,,,,,
balanced,ATP-HTVS-B278BB2953A5,37281,,,,,,
balanced,ATP-HTVS-B31ECD8B9A27,61603,,,,,,
balanced,ATP-HTVS-B34C30ECDBCB,67107,,,,,,
balanced,ATP-HTVS-B36D0C358EAD,4321,,,,,,
balanced,ATP-HTVS-B383260168BF,80993,,,,,,
balanced,ATP-HTVS-B3F47181DC5D,83746,,,,,,
balanced,ATP-HTVS-B3FE097D1043,69827,,,,,,
balanced,ATP-HTVS-B41566EF3893,35267,,,,,,
balanced,ATP-HTVS-B46E603BFCD4,92482,,,,,,
balanced,ATP-HTVS-B476F40F800C,74499,,,,,,
balanced,ATP-HTVS-B47DAEDE372B,98082,,,,,,
balanced,ATP-HTVS-B48F3FD049EC,23970,,,,,,
balanced,ATP-HTVS-B4E8E29A2CD9,62147,,,,,,
balanced,ATP-HTVS-B4F34B52DEEF,77313,,,,,,
balanced,ATP-HTVS-B4FC20780B21,37219,,,,,,
balanced,ATP-HTVS-B51F80196405,56163,,,,,,
balanced,ATP-HTVS-B56D8AC3A406,90241,,,,,,
balanced,ATP-HTVS-B586963EE7FB,61506,,,,,,
balanced,ATP-HTVS-B5A4F958CC31,90915,,,,,,
balanced,ATP-HTVS-B612A35BE18C,36227,,,,,,
balanced,ATP-HTVS-B6233BB79AF7,58179,,,,,,
balanced,ATP-HTVS-B64EA431F59B,47873,,,,,,
balanced,ATP-HTVS-B64FB026F9D3,80449,,,,,,
balanced,ATP-HTVS-B6843249DE88,60162,,,,,,
balanced,ATP-HTVS-B685FDB22E51,6466,,,,,,
balanced,ATP-HTVS-B699C037922C,89506,,,,,,
balanced,ATP-HTVS-B6BB4D9D6C90,17793,,,,,,
balanced,ATP-HTVS-B6C483C4EE45,81410,,,,,,
balanced,ATP-HTVS-B7334B97F240,76226,,,,,,
balanced,ATP-HTVS-B7368E70BBC8,27201,,,,,,
balanced,ATP-HTVS-B7604789CEBF,58530,,,,,,
balanced,ATP-HTVS-B77025854F9D,70979,,,,,,
balanced,ATP-HTVS-B798CBAC6C44,96577,,,,,,
balanced,ATP-HTVS-B7AB07A15A31,78435,,,,,,
balanced,ATP-HTVS-B7C68EF5FFDC,82755,,,,,,
balanced,ATP-HTVS-B7CF3B4EBACD,53986,,,,,,
balanced,ATP-HTVS-B7FF2C0C64E6,74275,,,,,,
balanced,ATP-HTVS-B8017292FA6C,98081,,,,,,
balanced,ATP-HTVS-B8459B836830,67074,,,,,,
balanced,ATP-HTVS-B847417F307C,85761,,,,,,
balanced,ATP-HTVS-B860A68943EF,83874,,,,,,
balanced,ATP-HTVS-B88C39A42AA7,71075,,,,,,
balanced,ATP-HTVS-B8A979A70D7E,85859,,,,,,
balanced,ATP-HTVS-B8D4F4CA2980,25249,,,,,,
balanced,ATP-HTVS-B976229D01A0,68866,,,,,,
balanced,ATP-HTVS-B989B97EF6F5,36002,,,,,,
balanced,ATP-HTVS-B99F6A8D80C4,82786,,,,,,
balanced,ATP-HTVS-B9C46F2E092C,80163,,,,,,
balanced,ATP-HTVS-B9E16686FC4A,78977,,,,,,
balanced,ATP-HTVS-BA05F8BAE026,80994,,,,,,
balanced,ATP-HTVS-BA0E3BFA8388,95713,,,,,,
balanced,ATP-HTVS-BAB35535B111,81859,,,,,,
balanced,ATP-HTVS-BAD00D53E534,97889,,,,,,
balanced,ATP-HTVS-BAE9605F8CCC,24769,,,,,,
balanced,ATP-HTVS-BAF1AE5D2B14,74082,,,,,,
balanced,ATP-HTVS-BAFA4202ACED,96321,,,,,,
balanced,ATP-HTVS-BB0F51DCED8B,87587,,,,,,
balanced,ATP-HTVS-BB2B7EB3D06A,85442,,,,,,
balanced,ATP-HTVS-BB30DC3CF26F,67810,,,,,,
balanced,ATP-HTVS-BB3EB03EB4C6,57699,,,,,,
balanced,ATP-HTVS-BB81D0256EE3,80641,,,,,,
balanced,ATP-HTVS-BBA3AD223423,28035,,,,,,
balanced,ATP-HTVS-BBB01994AF2B,80578,,,,,,
balanced,ATP-HTVS-BBE6E61B6745,84578,,,,,,
balanced,ATP-HTVS-BBF7556FA5C3,44579,,,,,,
balanced,ATP-HTVS-BC2B8699145A,70561,,,,,,
balanced,ATP-HTVS-BCAE8AB499DF,82881,,,,,,
balanced,ATP-HTVS-BCB25216F396,83875,,,,,,
balanced,ATP-HTVS-BCB37E169801,66851,,,,,,
balanced,ATP-HTVS-BCEA86BEEC0A,20258,,,,,,
balanced,ATP-HTVS-BD03C735BC89,84035,,,,,,
balanced,ATP-HTVS-BD0B30D0980B,63267,,,,,,
balanced,ATP-HTVS-BD172DBF0B92,62243,,,,,,
balanced,ATP-HTVS-BD1ED4B7B841,91779,,,,,,
balanced,ATP-HTVS-BD741E539D0D,23235,,,,,,
balanced,ATP-HTVS-BD9D807D92EC,94305,,,,,,
balanced,ATP-HTVS-BDB37C4B0D07,53090,,,,,,
balanced,ATP-HTVS-BDBBABCD42A1,50114,,,,,,
balanced,ATP-HTVS-BDBFEED18423,61698,,,,,,
balanced,ATP-HTVS-BDC9F9AD9B20,33281,,,,,,
balanced,ATP-HTVS-BDD1C4453981,38147,,,,,,
balanced,ATP-HTVS-BE0949FFEA46,84483,,,,,,
balanced,ATP-HTVS-BE25F64FE980,42785,,,,,,
balanced,ATP-HTVS-BE2C9D7D83B9,57441,,,,,,
balanced,ATP-HTVS-BE963CFE3042,38017,,,,,,
balanced,ATP-HTVS-BEC4D7C74EFC,70658,,,,,,
balanced,ATP-HTVS-BECDF8C854B5,82305,,,,,,
balanced,ATP-HTVS-BF2AFCF05426,93699,,,,,,
balanced,ATP-HTVS-BF383207F30E,28642,,,,,,
balanced,ATP-HTVS-BF68A4285DB1,42338,,,,,,
balanced,ATP-HTVS-BF6C9643780C,85186,,,,,,
balanced,ATP-HTVS-BF826A7B469A,89442,,,,,,
balanced,ATP-HTVS-BF8F947D0493,34082,,,,,,
balanced,ATP-HTVS-BFC0901B6A3C,76930,,,,,,
balanced,ATP-HTVS-BFD5BCAF9717,52961,,,,,,
balanced,ATP-HTVS-BFEA0E4C0B7C,74657,,,,,,
balanced,ATP-HTVS-C038EE4FCBA5,94113,,,,,,
balanced,ATP-HTVS-C0568328686F,39681,,,,,,
balanced,ATP-HTVS-C0772D58369C,99330,,,,,,
balanced,ATP-HTVS-C09627CFBEE5,62882,,,,,,
balanced,ATP-HTVS-C0A883403093,80579,,,,,,
balanced,ATP-HTVS-C0ADD803E371,28353,,,,,,
balanced,ATP-HTVS-C0B01F645FC7,95074,,,,,,
balanced,ATP-HTVS-C0E7239EA73D,94018,,,,,,
balanced,ATP-HTVS-C10AA91B306E,67713,,,,,,
balanced,ATP-HTVS-C12B4C379970,35235,,,,,,
balanced,ATP-HTVS-C13B253881A4,36801,,,,,,
balanced,ATP-HTVS-C1848F46B113,80386,,,,,,
balanced,ATP-HTVS-C188770C1FD9,20962,,,,,,
balanced,ATP-HTVS-C1AB9EDC96AF,72801,,,,,,
balanced,ATP-HTVS-C2A68E9F7CC7,44385,,,,,,
balanced,ATP-HTVS-C2B7985A0F3E,34305,,,,,,
balanced,ATP-HTVS-C302107B3554,71682,,,,,,
balanced,ATP-HTVS-C31215E10DA6,83714,,,,,,
balanced,ATP-HTVS-C36315435956,60258,,,,,,
balanced,ATP-HTVS-C36F7D03654F,89441,,,,,,
balanced,ATP-HTVS-C3768FC48E4A,87394,,,,,,
balanced,ATP-HTVS-C384A8554A98,76354,,,,,,
balanced,ATP-HTVS-C39BEF6539AB,4355,,,,,,
balanced,ATP-HTVS-C3A30B83BBDA,88483,,,,,,
balanced,ATP-HTVS-C3FA166C1ADD,36707,,,,,,
balanced,ATP-HTVS-C3FD34132B6A,71490,,,,,,
balanced,ATP-HTVS-C40016FC0CB2,70721,,,,,,
balanced,ATP-HTVS-C4138656EE80,36610,,,,,,
balanced,ATP-HTVS-C445C351F9C8,47970,,,,,,
balanced,ATP-HTVS-C4778BDFFC37,75843,,,,,,
balanced,ATP-HTVS-C4893C1BFF55,25250,,,,,,
balanced,ATP-HTVS-C4C9929F3284,78403,,,,,,
balanced,ATP-HTVS-C4D43EEF7CE1,98690,,,,,,
balanced,ATP-HTVS-C55276015D5E,97217,,,,,,
balanced,ATP-HTVS-C563D945857F,80867,,,,,,
balanced,ATP-HTVS-C59D75D09D12,68706,,,,,,
balanced,ATP-HTVS-C5A7FD400424,82753,,,,,,
balanced,ATP-HTVS-C615FEE5992B,53122,,,,,,
balanced,ATP-HTVS-C6A6F28FFA03,82401,,,,,,
balanced,ATP-HTVS-C6C7CCEB60F2,73954,,,,,,
balanced,ATP-HTVS-C725FB5B69C4,56739,,,,,,
balanced,ATP-HTVS-C74806D7CD52,53537,,,,,,
balanced,ATP-HTVS-C78E55448419,80034,,,,,,
balanced,ATP-HTVS-C7A4A85DE6AC,94051,,,,,,
balanced,ATP-HTVS-C7C112B42D2F,79778,,,,,,
balanced,ATP-HTVS-C7E1AC016800,99361,,,,,,
balanced,ATP-HTVS-C7F6DF534483,73346,,,,,,
balanced,ATP-HTVS-C81E0B2D019D,80098,,,,,,
balanced,ATP-HTVS-C853ACB1A86B,96802,,,,,,
balanced,ATP-HTVS-C88FA91C4E8E,75201,,,,,,
balanced,ATP-HTVS-C894FAAE5B10,4706,,,,,,
balanced,ATP-HTVS-C8A46F369ED4,99810,,,,,,
balanced,ATP-HTVS-C8D8BA0AA9EF,75042,,,,,,
balanced,ATP-HTVS-C8F29258BF11,76962,,,,,,
balanced,ATP-HTVS-C9013CEACAA9,79266,,,,,,
balanced,ATP-HTVS-C924AED67E53,55841,,,,,,
balanced,ATP-HTVS-C9308A7164FF,83843,,,,,,
balanced,ATP-HTVS-C930A8816DDB,3521,,,,,,
balanced,ATP-HTVS-C97E366A40B5,96353,,,,,,
balanced,ATP-HTVS-C9B00227BFE8,37217,,,,,,
balanced,ATP-HTVS-C9CB4EF32822,20449,,,,,,
balanced,ATP-HTVS-C9E144645171,38689,,,,,,
balanced,ATP-HTVS-CA08B0F5D119,66561,,,,,,
balanced,ATP-HTVS-CA5141603A6E,62146,,,,,,
balanced,ATP-HTVS-CA6523C86104,32322,,,,,,
balanced,ATP-HTVS-CA9A4676B579,80962,,,,,,
balanced,ATP-HTVS-CAF3F282F1EC,86531,,,,,,
balanced,ATP-HTVS-CAF437F0E3C3,42177,,,,,,
balanced,ATP-HTVS-CB056AB5514A,67811,,,,,,
balanced,ATP-HTVS-CB08F8B01966,54499,,,,,,
balanced,ATP-HTVS-CB100B4C9F83,73827,,,,,,
balanced,ATP-HTVS-CB3D9B3FDDC1,36449,,,,,,
balanced,ATP-HTVS-CB3E61D945F3,58177,,,,,,
balanced,ATP-HTVS-CB568D2EE5B9,70083,,,,,,
balanced,ATP-HTVS-CBC473663EF6,80195,,,,,,
balanced,ATP-HTVS-CBCD19AD9C21,69538,,,,,,
balanced,ATP-HTVS-CC01DAB978DA,59971,,,,,,
balanced,ATP-HTVS-CC453EE4B1F8,68963,,,,,,
balanced,ATP-HTVS-CC5603E93E79,80513,,,,,,
balanced,ATP-HTVS-CC671C1EED81,79682,,,,,,
balanced,ATP-HTVS-CC7A8C42BA33,30369,,,,,,
balanced,ATP-HTVS-CC7F9EDA8956,76001,,,,,,
balanced,ATP-HTVS-CC86D79AEE13,84610,,,,,,
balanced,ATP-HTVS-CCF7E888A475,26563,,,,,,
balanced,ATP-HTVS-CD22DC9E9474,28033,,,,,,
balanced,ATP-HTVS-CD3E1774443F,28194,,,,,,
balanced,ATP-HTVS-CD664E950D6F,34817,,,,,,
balanced,ATP-HTVS-CD6AA4CFEADB,78050,,,,,,
balanced,ATP-HTVS-CD84540442E8,70081,,,,,,
balanced,ATP-HTVS-CDA0FA66D084,72961,,,,,,
balanced,ATP-HTVS-CDB030173D15,66242,,,,,,
balanced,ATP-HTVS-CDFFE8C73978,78019,,,,,,
balanced,ATP-HTVS-CE0C62FD8EFC,70435,,,,,,
balanced,ATP-HTVS-CE22382A0684,74817,,,,,,
balanced,ATP-HTVS-CE83EECF0A09,37763,,,,,,
balanced,ATP-HTVS-CE85F8224252,69185,,,,,,
balanced,ATP-HTVS-CEA6734F7F3C,98242,,,,,,
balanced,ATP-HTVS-CEB5A32F933D,98433,,,,,,
balanced,ATP-HTVS-CEC01CDE00B1,94818,,,,,,
balanced,ATP-HTVS-CED8BA7CA394,18338,,,,,,
balanced,ATP-HTVS-CEDCE5F1BEB7,20034,,,,,,
balanced,ATP-HTVS-CEF12CE4FD32,29538,,,,,,
balanced,ATP-HTVS-CF29C556AE01,40739,,,,,,
balanced,ATP-HTVS-CF9A421CD50D,33410,,,,,,
balanced,ATP-HTVS-CFB2EA2F52FD,81570,,,,,,
balanced,ATP-HTVS-D0257FD59117,53153,,,,,,
balanced,ATP-HTVS-D02CBBC5B48D,78915,,,,,,
balanced,ATP-HTVS-D0CA976BC689,29859,,,,,,
balanced,ATP-HTVS-D0D9A6B890A3,89250,,,,,,
balanced,ATP-HTVS-D102EB8CAB11,61025,,,,,,
balanced,ATP-HTVS-D1462A8BE621,82146,,,,,,
balanced,ATP-HTVS-D18D68753065,80611,,,,,,
balanced,ATP-HTVS-D190FC844C9E,99170,,,,,,
balanced,ATP-HTVS-D1A5509321EA,16609,,,,,,
balanced,ATP-HTVS-D1F1286C5AB6,82883,,,,,,
balanced,ATP-HTVS-D22CA90FC022,53539,,,,,,
balanced,ATP-HTVS-D254F911DFD1,51233,,,,,,
balanced,ATP-HTVS-D2D0A1D4326E,73153,,,,,,
balanced,ATP-HTVS-D33A0E291F08,23651,,,,,,
balanced,ATP-HTVS-D35090C63096,84674,,,,,,
balanced,ATP-HTVS-D35FD22B1728,77186,,,,,,
balanced,ATP-HTVS-D3717771288C,76993,,,,,,
balanced,ATP-HTVS-D38DE888E88F,70401,,,,,,
balanced,ATP-HTVS-D3913B8FBCFA,93186,,,,,,
balanced,ATP-HTVS-D3B4C31C9E9F,23329,,,,,,
balanced,ATP-HTVS-D3B596BB619E,74947,,,,,,
balanced,ATP-HTVS-D3D42427DD6F,94017,,,,,,
balanced,ATP-HTVS-D41B937429B7,86307,,,,,,
balanced,ATP-HTVS-D45BC7EA8057,70339,,,,,,
balanced,ATP-HTVS-D4881A2AC8A2,51649,,,,,,
balanced,ATP-HTVS-D49B0A10993C,27586,,,,,,
balanced,ATP-HTVS-D4AE6553B313,87906,,,,,,
balanced,ATP-HTVS-D4B05735BAC4,50594,,,,,,
balanced,ATP-HTVS-D4C1A78D47F2,58401,,,,,,
balanced,ATP-HTVS-D4F4D34A0DC7,514,,,,,,
balanced,ATP-HTVS-D51006C467E8,12578,,,,,,
balanced,ATP-HTVS-D52094086515,83715,,,,,,
balanced,ATP-HTVS-D53BE49171F7,23619,,,,,,
balanced,ATP-HTVS-D57D92118EC0,78850,,,,,,
balanced,ATP-HTVS-D57FDE5925BA,51522,,,,,,
balanced,ATP-HTVS-D5881C68A9EC,95073,,,,,,
balanced,ATP-HTVS-D5ACD41550DD,96737,,,,,,
balanced,ATP-HTVS-D5ACDDA463EA,75745,,,,,,
balanced,ATP-HTVS-D6043925B579,66273,,,,,,
balanced,ATP-HTVS-D60AE40A828F,84162,,,,,,
balanced,ATP-HTVS-D63540CFF382,77571,,,,,,
balanced,ATP-HTVS-D650FAE25B13,75203,,,,,,
balanced,ATP-HTVS-D65E1879A1C4,90530,,,,,,
balanced,ATP-HTVS-D67E347CF5B0,32641,,,,,,
balanced,ATP-HTVS-D68829BAAF56,35266,,,,,,
balanced,ATP-HTVS-D6CA2B69D609,57026,,,,,,
balanced,ATP-HTVS-D7583D638CF7,84707,,,,,,
balanced,ATP-HTVS-D76C38158727,59906,,,,,,
balanced,ATP-HTVS-D773B3DD8BD5,77090,,,,,,
balanced,ATP-HTVS-D78134F4C173,91073,,,,,,
balanced,ATP-HTVS-D7F859CCB519,2849,,,,,,
balanced,ATP-HTVS-D7FBECEDF81C,79746,,,,,,
balanced,ATP-HTVS-D806BF0778F9,63233,,,,,,
balanced,ATP-HTVS-D820D8B9E61C,28163,,,,,,
balanced,ATP-HTVS-D831575BA0F0,75715,,,,,,
balanced,ATP-HTVS-D839BC34DAE7,4771,,,,,,
balanced,ATP-HTVS-D86CED65A6E1,74497,,,,,,
balanced,ATP-HTVS-D8D752145B88,75714,,,,,,
balanced,ATP-HTVS-D8E733A39BE5,30819,,,,,,
balanced,ATP-HTVS-D9159AF95984,74371,,,,,,
balanced,ATP-HTVS-D925B2862DC5,91491,,,,,,
balanced,ATP-HTVS-D928A6F83D7E,93473,,,,,,
balanced,ATP-HTVS-D93071962BA3,31554,,,,,,
balanced,ATP-HTVS-D9724DB0D106,63362,,,,,,
balanced,ATP-HTVS-DAC48F0443BB,71459,,,,,,
balanced,ATP-HTVS-DADEC6686275,95745,,,,,,
balanced,ATP-HTVS-DB2D048ED873,53154,,,,,,
balanced,ATP-HTVS-DB45F9B4D40D,94625,,,,,,
balanced,ATP-HTVS-DB6DF45B456E,23457,,,,,,
balanced,ATP-HTVS-DB94924E5291,95553,,,,,,
balanced,ATP-HTVS-DB99DC1A003A,67553,,,,,,
balanced,ATP-HTVS-DBA84DBB4449,75299,,,,,,
balanced,ATP-HTVS-DBCC5241A393,4707,,,,,,
balanced,ATP-HTVS-DC065C207C84,1282,,,,,,
balanced,ATP-HTVS-DC18FC237305,12291,,,,,,
balanced,ATP-HTVS-DC20B32D34B9,85249,,,,,,
balanced,ATP-HTVS-DC6B7BCD18A9,22914,,,,,,
balanced,ATP-HTVS-DC74BD16E68F,93697,,,,,,
balanced,ATP-HTVS-DCC6353C2378,60993,,,,,,
balanced,ATP-HTVS-DCF81E89AD2E,18466,,,,,,
balanced,ATP-HTVS-DD1946FA5AC5,93185,,,,,,
balanced,ATP-HTVS-DD420CB019C5,66339,,,,,,
balanced,ATP-HTVS-DD59A7F9A26E,30113,,,,,,
balanced,ATP-HTVS-DD7A369608E2,55074,,,,,,
balanced,ATP-HTVS-DDBB6FEB6103,43170,,,,,,
balanced,ATP-HTVS-DDC2C96F44C1,78947,,,,,,
balanced,ATP-HTVS-DDCEA98BB6BE,81569,,,,,,
balanced,ATP-HTVS-DDD75C103081,34241,,,,,,
balanced,ATP-HTVS-DDECBBA12C43,32899,,,,,,
balanced,ATP-HTVS-DE3670B8C5ED,53473,,,,,,
balanced,ATP-HTVS-DED96A59EB26,77315,,,,,,
balanced,ATP-HTVS-DF13A29C86DC,74403,,,,,,
balanced,ATP-HTVS-DF25A3EF4846,92450,,,,,,
balanced,ATP-HTVS-DF2EF65723F2,77667,,,,,,
balanced,ATP-HTVS-DF60AB231AB0,75491,,,,,,
balanced,ATP-HTVS-DF8AF7E8BFB3,30433,,,,,,
balanced,ATP-HTVS-DF95DE08029D,59970,,,,,,
balanced,ATP-HTVS-DF96FF74234A,32323,,,,,,
balanced,ATP-HTVS-DFB30BBC8B3D,65474,,,,,,
balanced,ATP-HTVS-DFD60D9DE448,62242,,,,,,
balanced,ATP-HTVS-DFE69C12D963,69825,,,,,,
balanced,ATP-HTVS-E0074D38582E,55073,,,,,,
balanced,ATP-HTVS-E00D3A602E3C,48993,,,,,,
balanced,ATP-HTVS-E027274C2018,1953,,,,,,
balanced,ATP-HTVS-E0444895C82B,63873,,,,,,
balanced,ATP-HTVS-E05E864FAEC7,61057,,,,,,
balanced,ATP-HTVS-E0849D225AC7,3554,,,,,,
balanced,ATP-HTVS-E08CF4D489F1,75427,,,,,,
balanced,ATP-HTVS-E08F75BAC913,81122,,,,,,
balanced,ATP-HTVS-E0D09F3A28CB,93633,,,,,,
balanced,ATP-HTVS-E0E8748999A4,82849,,,,,,
balanced,ATP-HTVS-E124973F868C,75906,,,,,,
balanced,ATP-HTVS-E14A9B461B4E,20705,,,,,,
balanced,ATP-HTVS-E1C245C409AF,78465,,,,,,
balanced,ATP-HTVS-E1C6EE43BDB1,58563,,,,,,
balanced,ATP-HTVS-E1CE322086D6,92705,,,,,,
balanced,ATP-HTVS-E1EEBF193F90,39106,,,,,,
balanced,ATP-HTVS-E2020C00AE4E,70850,,,,,,
balanced,ATP-HTVS-E20398B5FF99,20961,,,,,,
balanced,ATP-HTVS-E22DE85EEE62,82273,,,,,,
balanced,ATP-HTVS-E2321FC28CB2,69889,,,,,,
balanced,ATP-HTVS-E2660D394356,62850,,,,,,
balanced,ATP-HTVS-E27332E37A66,84834,,,,,,
balanced,ATP-HTVS-E298C966C019,61537,,,,,,
balanced,ATP-HTVS-E2A28C61F774,89313,,,,,,
balanced,ATP-HTVS-E2AE692EC3A5,69985,,,,,,
balanced,ATP-HTVS-E2D3668E21DF,35265,,,,,,
balanced,ATP-HTVS-E317819F970C,32035,,,,,,
balanced,ATP-HTVS-E340B301DB22,93474,,,,,,
balanced,ATP-HTVS-E35DF7DBF452,50818,,,,,,
balanced,ATP-HTVS-E366C71D7075,82403,,,,,,
balanced,ATP-HTVS-E381363CD12F,95042,,,,,,
balanced,ATP-HTVS-E38D6BC47DFC,96385,,,,,,
balanced,ATP-HTVS-E3DAAD165412,4865,,,,,,
balanced,ATP-HTVS-E3E3C457ADC4,20867,,,,,,
balanced,ATP-HTVS-E4024F0AB59A,22913,,,,,,
balanced,ATP-HTVS-E41D62FB159D,67521,,,,,,
balanced,ATP-HTVS-E4A79D64766C,52865,,,,,,
balanced,ATP-HTVS-E4F433E7DDB9,59170,,,,,,
balanced,ATP-HTVS-E4F9B23534EC,95617,,,,,,
balanced,ATP-HTVS-E50B3258D66C,64642,,,,,,
balanced,ATP-HTVS-E5267662EBE5,71810,,,,,,
balanced,ATP-HTVS-E53927646B4E,32802,,,,,,
balanced,ATP-HTVS-E53B79A527AF,80129,,,,,,
balanced,ATP-HTVS-E5655BB07D18,88386,,,,,,
balanced,ATP-HTVS-E5C360ABD75A,8321,,,,,,
balanced,ATP-HTVS-E60052B60ACE,93731,,,,,,
balanced,ATP-HTVS-E624AA265EBA,86593,,,,,,
balanced,ATP-HTVS-E6B57BB86B33,99617,,,,,,
balanced,ATP-HTVS-E6C07A7730FF,89954,,,,,,
balanced,ATP-HTVS-E6E3A92D5598,89731,,,,,,
balanced,ATP-HTVS-E6F8A3974F14,60291,,,,,,
balanced,ATP-HTVS-E71202E475AE,88195,,,,,,
balanced,ATP-HTVS-E78B37070E90,57507,,,,,,
balanced,ATP-HTVS-E79C34F2E4E5,5313,,,,,,
balanced,ATP-HTVS-E7B44E0E6F2B,46529,,,,,,
balanced,ATP-HTVS-E7CE93BF7585,40738,,,,,,
balanced,ATP-HTVS-E7DA22DA6C24,30626,,,,,,
balanced,ATP-HTVS-E80053830AA7,51267,,,,,,
balanced,ATP-HTVS-E80A62EE0257,22690,,,,,,
balanced,ATP-HTVS-E82D7E524403,38786,,,,,,
balanced,ATP-HTVS-E85A4EEDAC38,71681,,,,,,
balanced,ATP-HTVS-E85D4903F0A1,48227,,,,,,
balanced,ATP-HTVS-E888CD26917F,61570,,,,,,
balanced,ATP-HTVS-E89D68A8E825,49475,,,,,,
balanced,ATP-HTVS-E8C4233BC4EE,98946,,,,,,
balanced,ATP-HTVS-E8F6FC3C759E,73411,,,,,,
balanced,ATP-HTVS-E912078D9741,5571,,,,,,
balanced,ATP-HTVS-EAB5C9B34043,90659,,,,,,
balanced,ATP-HTVS-EAC68E01988F,55553,,,,,,
balanced,ATP-HTVS-EAD1C8AFD4A9,38178,,,,,,
balanced,ATP-HTVS-EAE06126CF40,15907,,,,,,
balanced,ATP-HTVS-EB0B96E798C5,89859,,,,,,
balanced,ATP-HTVS-EB12E3425930,44387,,,,,,
balanced,ATP-HTVS-EB1E3022AC0C,49826,,,,,,
balanced,ATP-HTVS-EB500473345C,44738,,,,,,
balanced,ATP-HTVS-EB51C7366B34,83106,,,,,,
balanced,ATP-HTVS-EBA0F745595A,79777,,,,,,
balanced,ATP-HTVS-EBADA6179138,70403,,,,,,
balanced,ATP-HTVS-EBCFEAF5D9E7,28865,,,,,,
balanced,ATP-HTVS-EBFF1A375D8B,77347,,,,,,
balanced,ATP-HTVS-EC2D3AD3168F,83201,,,,,,
balanced,ATP-HTVS-EC4610FFE6DC,42498,,,,,,
balanced,ATP-HTVS-EC5DC094D49F,51715,,,,,,
balanced,ATP-HTVS-ECFCDEE54331,47682,,,,,,
balanced,ATP-HTVS-ED186549DA4C,82466,,,,,,
balanced,ATP-HTVS-ED381154F376,3425,,,,,,
balanced,ATP-HTVS-ED9FB8DD8268,75073,,,,,,
balanced,ATP-HTVS-EDD9885A2235,72929,,,,,,
balanced,ATP-HTVS-EE25A0930777,61857,,,,,,
balanced,ATP-HTVS-EE3EC74621FE,36163,,,,,,
balanced,ATP-HTVS-EE5B82122D17,84066,,,,,,
balanced,ATP-HTVS-EE6CCEFDAAD0,33217,,,,,,
balanced,ATP-HTVS-EE8A818A3017,72097,,,,,,
balanced,ATP-HTVS-EE9B34D8B24D,20323,,,,,,
balanced,ATP-HTVS-EEA70E20167C,92483,,,,,,
balanced,ATP-HTVS-EEBB6926EC22,55779,,,,,,
balanced,ATP-HTVS-EEE4DEAD393E,83169,,,,,,
balanced,ATP-HTVS-EF007D703862,59907,,,,,,
balanced,ATP-HTVS-EF0129487CC6,92769,,,,,,
balanced,ATP-HTVS-EF17DB58F500,88321,,,,,,
balanced,ATP-HTVS-EF3EA56789AA,30145,,,,,,
balanced,ATP-HTVS-EF5E324DB424,43521,,,,,,
balanced,ATP-HTVS-EFBD886B8952,44611,,,,,,
balanced,ATP-HTVS-EFE421C91038,75778,,,,,,
balanced,ATP-HTVS-F056EC0EC7E7,77666,,,,,,
balanced,ATP-HTVS-F05D07B9382E,64417,,,,,,
balanced,ATP-HTVS-F084EE8F7246,75458,,,,,,
balanced,ATP-HTVS-F08817EB9A7A,20546,,,,,,
balanced,ATP-HTVS-F0989AC93CC9,68962,,,,,,
balanced,ATP-HTVS-F0AA189EB18F,6785,,,,,,
balanced,ATP-HTVS-F0B899F1EF1B,71170,,,,,,
balanced,ATP-HTVS-F0EA8E73CD83,77665,,,,,,
balanced,ATP-HTVS-F13E60D2EE86,44546,,,,,,
balanced,ATP-HTVS-F15CD1C1F5FF,30753,,,,,,
balanced,ATP-HTVS-F1ABC01A08C5,11618,,,,,,
balanced,ATP-HTVS-F1D0837E8A30,75426,,,,,,
balanced,ATP-HTVS-F1F8D839F8AD,84801,,,,,,
balanced,ATP-HTVS-F21E42254560,75617,,,,,,
balanced,ATP-HTVS-F223CD517CA5,81858,,,,,,
balanced,ATP-HTVS-F256B691D902,35106,,,,,,
balanced,ATP-HTVS-F2668BF9E9B1,75713,,,,,,
balanced,ATP-HTVS-F282BC43258B,69537,,,,,,
balanced,ATP-HTVS-F2D870036CD8,77057,,,,,,
balanced,ATP-HTVS-F308899F49E6,52515,,,,,,
balanced,ATP-HTVS-F3219ACF1618,57027,,,,,,
balanced,ATP-HTVS-F324B4F6FF43,83745,,,,,,
balanced,ATP-HTVS-F38CDD17995D,90338,,,,,,
balanced,ATP-HTVS-F3AEEA9B80E5,57219,,,,,,
balanced,ATP-HTVS-F3E91D83A828,87939,,,,,,
balanced,ATP-HTVS-F41515D25613,53155,,,,,,
balanced,ATP-HTVS-F41DED161E75,76578,,,,,,
balanced,ATP-HTVS-F42EC288DBA1,90369,,,,,,
balanced,ATP-HTVS-F451F6F34F85,58210,,,,,,
balanced,ATP-HTVS-F4D02DC184DE,81059,,,,,,
balanced,ATP-HTVS-F4EB0A3B6A53,75779,,,,,,
balanced,ATP-HTVS-F4F3BDD05BAD,69409,,,,,,
balanced,ATP-HTVS-F52F884BA0B4,90082,,,,,,
balanced,ATP-HTVS-F53B308249C7,20321,,,,,,
balanced,ATP-HTVS-F54B40793D2A,97538,,,,,,
balanced,ATP-HTVS-F5512CD55A37,82947,,,,,,
balanced,ATP-HTVS-F5557C46ACCD,63875,,,,,,
balanced,ATP-HTVS-F58C213B60A1,42531,,,,,,
balanced,ATP-HTVS-F60BECC0718F,6465,,,,,,
balanced,ATP-HTVS-F62C08D65C28,64449,,,,,,
balanced,ATP-HTVS-F63C80F910BB,35107,,,,,,
balanced,ATP-HTVS-F6463DC49025,85091,,,,,,
balanced,ATP-HTVS-F666156B37DE,83426,,,,,,
balanced,ATP-HTVS-F6E066811CCA,93985,,,,,,
balanced,ATP-HTVS-F716E067906C,34083,,,,,,
balanced,ATP-HTVS-F7366BF3987A,91202,,,,,,
balanced,ATP-HTVS-F7676420B267,82209,,,,,,
balanced,ATP-HTVS-F79E64AB5B06,93986,,,,,,
balanced,ATP-HTVS-F7B411FBCEC8,33283,,,,,,
balanced,ATP-HTVS-F7CD2DD67DA6,82467,,,,,,
balanced,ATP-HTVS-F7D4BFA34903,39425,,,,,,
balanced,ATP-HTVS-F7EFD494BF14,96481,,,,,,
balanced,ATP-HTVS-F89CD1E9CA34,79201,,,,,,
balanced,ATP-HTVS-F8BD3C119C5E,34435,,,,,,
balanced,ATP-HTVS-F8C49F655F6D,82083,,,,,,
balanced,ATP-HTVS-F8CA9C936D19,66177,,,,,,
balanced,ATP-HTVS-F8CD80CEA373,94177,,,,,,
balanced,ATP-HTVS-F8D08A3E140C,71809,,,,,,
balanced,ATP-HTVS-F8D25E752EF8,79427,,,,,,
balanced,ATP-HTVS-F92825C2DD85,36035,,,,,,
balanced,ATP-HTVS-F937C5B79A0E,20675,,,,,,
balanced,ATP-HTVS-F93F310E89BE,68578,,,,,,
balanced,ATP-HTVS-F97015D0DCF4,74337,,,,,,
balanced,ATP-HTVS-F99370747DC9,42113,,,,,,
balanced,ATP-HTVS-F9B5ED51D5DA,81571,,,,,,
balanced,ATP-HTVS-F9EAD73A28F1,29603,,,,,,
balanced,ATP-HTVS-F9F42C67BCEC,77858,,,,,,
balanced,ATP-HTVS-FA0319FBED9B,77281,,,,,,
balanced,ATP-HTVS-FA2DABCA7F05,83075,,,,,,
balanced,ATP-HTVS-FAA4B7BBA523,36065,,,,,,
balanced,ATP-HTVS-FAB6E8368155,91075,,,,,,
balanced,ATP-HTVS-FACA1D344F25,57537,,,,,,
balanced,ATP-HTVS-FACA9080893C,78018,,,,,,
balanced,ATP-HTVS-FB09B772C34B,61507,,,,,,
balanced,ATP-HTVS-FB368C7A9127,88323,,,,,,
balanced,ATP-HTVS-FBBE5B904E6C,68643,,,,,,
balanced,ATP-HTVS-FBE624773B31,69761,,,,,,
balanced,ATP-HTVS-FC258B4525E9,43202,,,,,,
balanced,ATP-HTVS-FC28EB1BA5EE,84353,,,,,,
balanced,ATP-HTVS-FC30DD28CEC3,23971,,,,,,
balanced,ATP-HTVS-FC39CD496C36,2019,,,,,,
balanced,ATP-HTVS-FC732D287CB6,71265,,,,,,
balanced,ATP-HTVS-FC91B4531E6F,71458,,,,,,
balanced,ATP-HTVS-FCCFF683ADF4,53123,,,,,,
balanced,ATP-HTVS-FD26B682FD2E,69634,,,,,,
balanced,ATP-HTVS-FD637A018D73,72994,,,,,,
balanced,ATP-HTVS-FD8D954BBECF,27202,,,,,,
balanced,ATP-HTVS-FDA25AF4FB7A,28449,,,,,,
balanced,ATP-HTVS-FDB0B4A5AF84,91043,,,,,,
balanced,ATP-HTVS-FDB0F1EC6F74,93059,,,,,,
balanced,ATP-HTVS-FDDF48EBDCF8,78017,,,,,,
balanced,ATP-HTVS-FE1522AA7EF8,69793,,,,,,
balanced,ATP-HTVS-FE34E3A925C6,76803,,,,,,
balanced,ATP-HTVS-FE46C3AF7461,49283,,,,,,
balanced,ATP-HTVS-FE5B2EC4EA23,74370,,,,,,
balanced,ATP-HTVS-FE5F78CE8672,67267,,,,,,
balanced,ATP-HTVS-FE6FB0E22990,82851,,,,,,
balanced,ATP-HTVS-FE9A1A55DD78,56195,,,,,,
balanced,ATP-HTVS-FEA784CAFC0E,72481,,,,,,
balanced,ATP-HTVS-FEB80F9C0A7B,34530,,,,,,
balanced,ATP-HTVS-FEE4C5F961F6,56193,,,,,,
balanced,ATP-HTVS-FF081A1D735D,85411,,,,,,
balanced,ATP-HTVS-FF167463AED4,74019,,,,,,
balanced,ATP-HTVS-FF1C1E5A01F9,79491,,,,,,
balanced,ATP-HTVS-FF63783F1DD1,25825,,,,,,
balanced,ATP-HTVS-FF886C71D805,65665,,,,,,
balanced,ATP-HTVS-FFCF51BF8290,81826,,,,,,
balanced,ATP-HTVS-FFD71C24E98D,18978,,,,,,
balanced,ATP-HTVS-FFE3AC9FC45B,90851,,,,,,
binding_focused,ATP-HTVS-0009DAEDE04F,79971,,,,,,
binding_focused,ATP-HTVS-0015C54A99C8,82625,,,,,,
binding_focused,ATP-HTVS-003E4D952AAC,76899,,,,,,
binding_focused,ATP-HTVS-005EEA24BFEA,69987,,,,,,
binding_focused,ATP-HTVS-0063E4174F09,34081,,,,,,
binding_focused,ATP-HTVS-0079D40D2121,29921,,,,,,
binding_focused,ATP-HTVS-007D6F34F923,30817,,,,,,
binding_focused,ATP-HTVS-00C8034698A8,34403,,,,,,
binding_focused,ATP-HTVS-00F86A54285D,38369,,,,,,
binding_focused,ATP-HTVS-011A966B3F21,59203,,,,,,
binding_focused,ATP-HTVS-0125A5267C6C,70530,,,,,,
binding_focused,ATP-HTVS-0161AEC2E23E,48867,,,,,,
binding_focused,ATP-HTVS-017DA1C05B1D,98562,,,,,,
binding_focused,ATP-HTVS-01DF3EF44742,99137,,,,,,
binding_focused,ATP-HTVS-01E9987F6BBC,40801,,,,,,
binding_focused,ATP-HTVS-02393E0D1A46,72513,,,,,,
binding_focused,ATP-HTVS-02527EDCA73D,62593,,,,,,
binding_focused,ATP-HTVS-0258CCAE4910,3905,,,,,,
binding_focused,ATP-HTVS-027CB3113620,20194,,,,,,
binding_focused,ATP-HTVS-0282D10141FD,57825,,,,,,
binding_focused,ATP-HTVS-028F2DC4E032,96994,,,,,,
binding_focused,ATP-HTVS-02AC8E798E60,89826,,,,,,
binding_focused,ATP-HTVS-02BB8772E392,54466,,,,,,
binding_focused,ATP-HTVS-02DF9A19852D,45889,,,,,,
binding_focused,ATP-HTVS-0362648F57EF,78755,,,,,,
binding_focused,ATP-HTVS-03C3664644A2,98497,,,,,,
binding_focused,ATP-HTVS-03F3A1A9B60E,77378,,,,,,
binding_focused,ATP-HTVS-0438281B0112,75297,,,,,,
binding_focused,ATP-HTVS-0460857F35D6,52162,,,,,,
binding_focused,ATP-HTVS-04621B482D9F,87427,,,,,,
binding_focused,ATP-HTVS-04BA495CA0A4,22531,,,,,,
binding_focused,ATP-HTVS-052AF9B11E6A,34531,,,,,,
binding_focused,ATP-HTVS-053279755E30,96641,,,,,,
binding_focused,ATP-HTVS-0587EECAF94B,71363,,,,,,
binding_focused,ATP-HTVS-05A72EDFB57A,38883,,,,,,
binding_focused,ATP-HTVS-05E9E2FC066B,70657,,,,,,
binding_focused,ATP-HTVS-0659C124A83C,70241,,,,,,
binding_focused,ATP-HTVS-069ABDEDA86E,60193,,,,,,
binding_focused,ATP-HTVS-06CA19E03C57,93825,,,,,,
binding_focused,ATP-HTVS-06E5BAB39855,49667,,,,,,
binding_focused,ATP-HTVS-071084F9408F,96642,,,,,,
binding_focused,ATP-HTVS-0715C99C3A28,99362,,,,,,
binding_focused,ATP-HTVS-0743B9964B99,20417,,,,,,
binding_focused,ATP-HTVS-07D9286D8737,76898,,,,,,
binding_focused,ATP-HTVS-07F3737128F1,86945,,,,,,
binding_focused,ATP-HTVS-08126335CB19,67841,,,,,,
binding_focused,ATP-HTVS-081D95190B15,78402,,,,,,
binding_focused,ATP-HTVS-08266C4344A3,88675,,,,,,
binding_focused,ATP-HTVS-0852D38F8C28,46851,,,,,,
binding_focused,ATP-HTVS-08590B5C6743,87873,,,,,,
binding_focused,ATP-HTVS-086F5E4227DC,20162,,,,,,
binding_focused,ATP-HTVS-08A6E1F87809,61538,,,,,,
binding_focused,ATP-HTVS-093491EAEBEC,53250,,,,,,
binding_focused,ATP-HTVS-09A5DA8CBD66,30690,,,,,,
binding_focused,ATP-HTVS-09A833AE3D1D,90339,,,,,,
binding_focused,ATP-HTVS-09F9B4EC4E97,20514,,,,,,
binding_focused,ATP-HTVS-0A1AFDA96BE3,90754,,,,,,
binding_focused,ATP-HTVS-0A1D74055304,29089,,,,,,
binding_focused,ATP-HTVS-0A30D9D79A37,89123,,,,,,
binding_focused,ATP-HTVS-0A53D5277C22,24418,,,,,,
binding_focused,ATP-HTVS-0A81E0DFACE9,19938,,,,,,
binding_focused,ATP-HTVS-0A8B3D0EFFB7,1954,,,,,,
binding_focused,ATP-HTVS-0A8D2667A5C6,69794,,,,,,
binding_focused,ATP-HTVS-0AAFA8CB92ED,43169,,,,,,
binding_focused,ATP-HTVS-0AE85D2EF5B8,94338,,,,,,
binding_focused,ATP-HTVS-0B0619B736F3,87937,,,,,,
binding_focused,ATP-HTVS-0B15CB8240E3,99809,,,,,,
binding_focused,ATP-HTVS-0B527D484045,76929,,,,,,
binding_focused,ATP-HTVS-0B76E6A2B6F2,90146,,,,,,
binding_focused,ATP-HTVS-0BEF59EEEAC9,79426,,,,,,
binding_focused,ATP-HTVS-0C1598B702AE,55106,,,,,,
binding_focused,ATP-HTVS-0C253F9D7643,68259,,,,,,
binding_focused,ATP-HTVS-0C40F7CB6A92,58402,,,,,,
binding_focused,ATP-HTVS-0C765FB89CD3,40065,,,,,,
binding_focused,ATP-HTVS-0C924C2A1F00,82563,,,,,,
binding_focused,ATP-HTVS-0CA591B42E29,85378,,,,,,
binding_focused,ATP-HTVS-0CB0406266F3,38243,,,,,,
binding_focused,ATP-HTVS-0CBFB91815ED,70274,,,,,,
binding_focused,ATP-HTVS-0CC0B448CED2,38179,,,,,,
binding_focused,ATP-HTVS-0CD00DCFE488,46273,,,,,,
binding_focused,ATP-HTVS-0CE67B896AED,99842,,,,,,
binding_focused,ATP-HTVS-0D57BDDB1211,69729,,,,,,
binding_focused,ATP-HTVS-0D83F5E9F976,52769,,,,,,
binding_focused,ATP-HTVS-0D8C52C362EE,73825,,,,,,
binding_focused,ATP-HTVS-0DE7571C9DAC,43267,,,,,,
binding_focused,ATP-HTVS-0E6472D072C2,1473,,,,,,
binding_focused,ATP-HTVS-0E76F39BB090,32387,,,,,,
binding_focused,ATP-HTVS-0E779CFB9E8D,92771,,,,,,
binding_focused,ATP-HTVS-0EB7A7111FDE,80385,,,,,,
binding_focused,ATP-HTVS-0F3A12BD04AB,91361,,,,,,
binding_focused,ATP-HTVS-0F469DA925F8,70337,,,,,,
binding_focused,ATP-HTVS-0F46F3379ABF,71235,,,,,,
binding_focused,ATP-HTVS-0F4AF3905209,96993,,,,,,
binding_focused,ATP-HTVS-0F6915EAEEA3,79267,,,,,,
binding_focused,ATP-HTVS-0F755B78CCFB,95490,,,,,,
binding_focused,ATP-HTVS-0F900EB338B9,82082,,,,,,
binding_focused,ATP-HTVS-0FD0361A2408,93698,,,,,,
binding_focused,ATP-HTVS-0FDC7A3FF1CA,47107,,,,,,
binding_focused,ATP-HTVS-103E90EA5971,80961,,,,,,
binding_focused,ATP-HTVS-106685DD3ACA,70754,,,,,,
binding_focused,ATP-HTVS-10900B51E20F,58209,,,,,,
binding_focused,ATP-HTVS-109B405B023F,43907,,,,,,
binding_focused,ATP-HTVS-10A4E2B2EADA,92833,,,,,,
binding_focused,ATP-HTVS-11489B74AE1C,69539,,,,,,
binding_focused,ATP-HTVS-115B93EFBC96,98209,,,,,,
binding_focused,ATP-HTVS-11C14F34C5FE,35233,,,,,,
binding_focused,ATP-HTVS-11CEFB3A39DF,61475,,,,,,
binding_focused,ATP-HTVS-11E35EA06531,61505,,,,,,
binding_focused,ATP-HTVS-125A7E13CFB1,85089,,,,,,
binding_focused,ATP-HTVS-12CEF0BA8B10,31426,,,,,,
binding_focused,ATP-HTVS-132672672DF9,95778,,,,,,
binding_focused,ATP-HTVS-132BACAA4698,82561,,,,,,
binding_focused,ATP-HTVS-134FC0CB3694,71041,,,,,,
binding_focused,ATP-HTVS-1356F7D69808,27907,,,,,,
binding_focused,ATP-HTVS-1373BD200FA0,72865,,,,,,
binding_focused,ATP-HTVS-1377A1139B97,96002,,,,,,
binding_focused,ATP-HTVS-138C9DBD3419,68321,,,,,,
binding_focused,ATP-HTVS-13A5AE9C2B6A,88258,,,,,,
binding_focused,ATP-HTVS-1402A7ED8177,450,,,,,,
binding_focused,ATP-HTVS-143D46541936,71362,,,,,,
binding_focused,ATP-HTVS-1449F4F4BA71,89058,,,,,,
binding_focused,ATP-HTVS-14724C615932,53281,,,,,,
binding_focused,ATP-HTVS-14AE04B6952B,40129,,,,,,
binding_focused,ATP-HTVS-14BA2D75CE49,449,,,,,,
binding_focused,ATP-HTVS-1551732D1515,43266,,,,,,
binding_focused,ATP-HTVS-159795FE363C,92387,,,,,,
binding_focused,ATP-HTVS-159959ECB567,70723,,,,,,
binding_focused,ATP-HTVS-159CD8CCFA6D,50978,,,,,,
binding_focused,ATP-HTVS-159F0F821AF9,96098,,,,,,
binding_focused,ATP-HTVS-15A0030054C0,69441,,,,,,
binding_focused,ATP-HTVS-15F2A5DBBD51,68225,,,,,,
binding_focused,ATP-HTVS-15FA43506D9E,31298,,,,,,
binding_focused,ATP-HTVS-16140744D8E5,56385,,,,,,
binding_focused,ATP-HTVS-16316C23D1E4,71169,,,,,,
binding_focused,ATP-HTVS-167535894C2D,33218,,,,,,
binding_focused,ATP-HTVS-169071BECF96,81441,,,,,,
binding_focused,ATP-HTVS-16A35D40F1B5,38337,,,,,,
binding_focused,ATP-HTVS-16AC68300479,69859,,,,,,
binding_focused,ATP-HTVS-16D62B7C6E45,82339,,,,,,
binding_focused,ATP-HTVS-16D892EEAEA4,74883,,,,,,
binding_focused,ATP-HTVS-1714ADEB4D31,82945,,,,,,
binding_focused,ATP-HTVS-17511F2B790B,26499,,,,,,
binding_focused,ATP-HTVS-1776C87C4427,90243,,,,,,
binding_focused,ATP-HTVS-17940C77D749,73155,,,,,,
binding_focused,ATP-HTVS-17A38785E483,22881,,,,,,
binding_focused,ATP-HTVS-17C024B1EE7E,46369,,,,,,
binding_focused,ATP-HTVS-17D20C07D7F4,84579,,,,,,
binding_focused,ATP-HTVS-17FF806DFA04,81121,,,,,,
binding_focused,ATP-HTVS-18044BD9974D,64643,,,,,,
binding_focused,ATP-HTVS-1817E5512E7A,88034,,,,,,
binding_focused,ATP-HTVS-18265C9EB86B,7299,,,,,,
binding_focused,ATP-HTVS-185EDA97C211,76994,,,,,,
binding_focused,ATP-HTVS-18A7589C7FB7,94049,,,,,,
binding_focused,ATP-HTVS-18AAC668D3EC,81058,,,,,,
binding_focused,ATP-HTVS-18CFABF6753A,53793,,,,,,
binding_focused,ATP-HTVS-18FDFF56F821,38785,,,,,,
binding_focused,ATP-HTVS-190A8EA9B17C,31297,,,,,,
binding_focused,ATP-HTVS-1928ECDAF189,20003,,,,,,
binding_focused,ATP-HTVS-193F5213E1F4,63266,,,,,,
binding_focused,ATP-HTVS-1940D4055FE9,82787,,,,,,
binding_focused,ATP-HTVS-1952D56C5A08,95489,,,,,,
binding_focused,ATP-HTVS-196468D2BF96,87299,,,,,,
binding_focused,ATP-HTVS-19D22C817A74,93507,,,,,,
binding_focused,ATP-HTVS-19D9965850C9,38370,,,,,,
binding_focused,ATP-HTVS-19DB56372FFA,71203,,,,,,
binding_focused,ATP-HTVS-19E5DD3F936E,48931,,,,,,
binding_focused,ATP-HTVS-19E7C62EA548,27651,,,,,,
binding_focused,ATP-HTVS-1A821EC4699A,87905,,,,,,
binding_focused,ATP-HTVS-1A8854DD1E1A,4003,,,,,,
binding_focused,ATP-HTVS-1AA1BAAE4A01,84386,,,,,,
binding_focused,ATP-HTVS-1ACF073F315C,44323,,,,,,
binding_focused,ATP-HTVS-1AEE198E3D8C,1538,,,,,,
binding_focused,ATP-HTVS-1B05407455E5,40642,,,,,,
binding_focused,ATP-HTVS-1B1248DF0721,71426,,,,,,
binding_focused,ATP-HTVS-1B366D2FDBBA,81123,,,,,,
binding_focused,ATP-HTVS-1B509C27CE75,60833,,,,,,
binding_focused,ATP-HTVS-1B60B6D0433D,66017,,,,,,
binding_focused,ATP-HTVS-1B84D304C2ED,89921,,,,,,
binding_focused,ATP-HTVS-1B9CB386F0F9,22755,,,,,,
binding_focused,ATP-HTVS-1C066C79A7D0,44515,,,,,,
binding_focused,ATP-HTVS-1C1B7F9BB8FF,77346,,,,,,
binding_focused,ATP-HTVS-1C463A9823EA,77731,,,,,,
binding_focused,ATP-HTVS-1C4EC58A3066,92899,,,,,,
binding_focused,ATP-HTVS-1C71F28794EF,86081,,,,,,
binding_focused,ATP-HTVS-1C9D0B7FE190,98594,,,,,,
binding_focused,ATP-HTVS-1CAAE7675504,51651,,,,,,
binding_focused,ATP-HTVS-1CF603621065,85794,,,,,,
binding_focused,ATP-HTVS-1D0FF5192E4C,80545,,,,,,
binding_focused,ATP-HTVS-1D1DA7871618,20226,,,,,,
binding_focused,ATP-HTVS-1D28793FB59B,57954,,,,,,
binding_focused,ATP-HTVS-1D3C11D6B0D4,95330,,,,,,
binding_focused,ATP-HTVS-1DC16EDC7F4D,32451,,,,,,
binding_focused,ATP-HTVS-1DC6D2F4A05D,67233,,,,,,
binding_focused,ATP-HTVS-1DD46A13AEBB,58369,,,,,,
binding_focused,ATP-HTVS-1E20B63FDE5F,82850,,,,,,
binding_focused,ATP-HTVS-1E475A4B97CE,20387,,,,,,
binding_focused,ATP-HTVS-1E5A6A308B25,86881,,,,,,
binding_focused,ATP-HTVS-1EBFDE0160CD,86882,,,,,,
binding_focused,ATP-HTVS-1F874564E13F,80035,,,,,,
binding_focused,ATP-HTVS-1F9A02273F27,69026,,,,,,
binding_focused,ATP-HTVS-1FAE7495FCDD,91266,,,,,,
binding_focused,ATP-HTVS-1FED3714464D,70306,,,,,,
binding_focused,ATP-HTVS-1FF6C325CA7A,86530,,,,,,
binding_focused,ATP-HTVS-203210320F32,88033,,,,,,
binding_focused,ATP-HTVS-20B250E7AB9A,20673,,,,,,
binding_focused,ATP-HTVS-20FB50B88593,58595,,,,,,
binding_focused,ATP-HTVS-2118F57CAFF1,72385,,,,,,
binding_focused,ATP-HTVS-2125555B1DA5,84706,,,,,,
binding_focused,ATP-HTVS-217395D9F0A5,49825,,,,,,
binding_focused,ATP-HTVS-217B57A40B61,22753,,,,,,
binding_focused,ATP-HTVS-218E3E4A28A7,95618,,,,,,
binding_focused,ATP-HTVS-21B7BD60A2C7,81347,,,,,,
binding_focused,ATP-HTVS-21B7E8D8DA00,84930,,,,,,
binding_focused,ATP-HTVS-21BB1C807E7E,36099,,,,,,
binding_focused,ATP-HTVS-21D2D8C367A1,93506,,,,,,
binding_focused,ATP-HTVS-22634BBBCB97,66019,,,,,,
binding_focused,ATP-HTVS-2275AB855C30,82946,,,,,,
binding_focused,ATP-HTVS-22C0C64F65E9,35330,,,,,,
binding_focused,ATP-HTVS-22E2482E2999,48354,,,,,,
binding_focused,ATP-HTVS-22E536A2C0FA,57601,,,,,,
binding_focused,ATP-HTVS-22FAF80E23F8,94401,,,,,,
binding_focused,ATP-HTVS-23113A9B9381,33411,,,,,,
binding_focused,ATP-HTVS-2368A2FD4D76,87745,,,,,,
binding_focused,ATP-HTVS-239E0EA8BC65,54689,,,,,,
binding_focused,ATP-HTVS-23EBF8E8F6E9,86787,,,,,,
binding_focused,ATP-HTVS-23EDEB47FF93,71874,,,,,,
binding_focused,ATP-HTVS-23F526837945,92834,,,,,,
binding_focused,ATP-HTVS-244A9AEB7273,5347,,,,,,
binding_focused,ATP-HTVS-247B97B4CA47,61825,,,,,,
binding_focused,ATP-HTVS-2485F4B11063,64065,,,,,,
binding_focused,ATP-HTVS-24E588DA0D03,95714,,,,,,
binding_focused,ATP-HTVS-2507C3370FB9,84259,,,,,,
binding_focused,ATP-HTVS-255C97768CDB,63778,,,,,,
binding_focused,ATP-HTVS-258E82C8B178,35362,,,,,,
binding_focused,ATP-HTVS-2598958FABEA,76961,,,,,,
binding_focused,ATP-HTVS-25BEFE000F10,95682,,,,,,
binding_focused,ATP-HTVS-26104959C4F1,79713,,,,,,
binding_focused,ATP-HTVS-2641D0EED03A,61889,,,,,,
binding_focused,ATP-HTVS-267F6CCD1B36,79811,,,,,,
binding_focused,ATP-HTVS-2699169FE698,4866,,,,,,
binding_focused,ATP-HTVS-269AF530E7D7,62595,,,,,,
binding_focused,ATP-HTVS-27050A3A08BE,12355,,,,,,
binding_focused,ATP-HTVS-27135ACF267B,59107,,,,,,
binding_focused,ATP-HTVS-27537703FBA2,53635,,,,,,
binding_focused,ATP-HTVS-277F9700EDE9,62211,,,,,,
binding_focused,ATP-HTVS-27B53DA4C14D,50115,,,,,,
binding_focused,ATP-HTVS-27BC230C206A,95937,,,,,,
binding_focused,ATP-HTVS-27E43B44E6A8,92067,,,,,,
binding_focused,ATP-HTVS-27FE3E1C2A9E,72194,,,,,,
binding_focused,ATP-HTVS-2801EC41FD47,97569,,,,,,
binding_focused,ATP-HTVS-2818D10B14C2,35009,,,,,,
binding_focused,ATP-HTVS-286379397336,30625,,,,,,
binding_focused,ATP-HTVS-28D90B8D287A,81475,,,,,,
binding_focused,ATP-HTVS-28F6129F8E3C,70305,,,,,,
binding_focused,ATP-HTVS-2912F4F66BA1,81186,,,,,,
binding_focused,ATP-HTVS-291AE177F52E,43107,,,,,,
binding_focused,ATP-HTVS-2A14F6A33EFE,2018,,,,,,
binding_focused,ATP-HTVS-2A420AE0278C,57730,,,,,,
binding_focused,ATP-HTVS-2A473A7CBE48,82306,,,,,,
binding_focused,ATP-HTVS-2A6980A94AB8,12579,,,,,,
binding_focused,ATP-HTVS-2A91244EC1AD,33347,,,,,,
binding_focused,ATP-HTVS-2AC4031F681F,85858,,,,,,
binding_focused,ATP-HTVS-2AD5F3716208,34434,,,,,,
binding_focused,ATP-HTVS-2AFCB32282C0,34529,,,,,,
binding_focused,ATP-HTVS-2B2381835080,40034,,,,,,
binding_focused,ATP-HTVS-2B54247B4108,84161,,,,,,
binding_focused,ATP-HTVS-2B683AA1DF30,89507,,,,,,
binding_focused,ATP-HTVS-2B725536FCE2,99329,,,,,,
binding_focused,ATP-HTVS-2B784D1D7344,72482,,,,,,
binding_focused,ATP-HTVS-2C366CB23264,58529,,,,,,
binding_focused,ATP-HTVS-2C5504015D66,57538,,,,,,
binding_focused,ATP-HTVS-2C72C850E8DC,37538,,,,,,
binding_focused,ATP-HTVS-2C852BECD08A,27585,,,,,,
binding_focused,ATP-HTVS-2C8A8FE641B8,72034,,,,,,
binding_focused,ATP-HTVS-2CB691E3F247,42273,,,,,,
binding_focused,ATP-HTVS-2CD40FD4C79D,61539,,,,,,
binding_focused,ATP-HTVS-2CDCEBF2F10D,77889,,,,,,
binding_focused,ATP-HTVS-2D0B83E336C6,42274,,,,,,
binding_focused,ATP-HTVS-2D571D26B6AC,90529,,,,,,
binding_focused,ATP-HTVS-2D5D363D0DBE,30818,,,,,,
binding_focused,ATP-HTVS-2DA674675DE4,42977,,,,,,
binding_focused,ATP-HTVS-2DB2F1DB5A18,61571,,,,,,
binding_focused,ATP-HTVS-2DB2F8E5543E,82081,,,,,,
binding_focused,ATP-HTVS-2DBBB7EE3EAF,40130,,,,,,
binding_focused,ATP-HTVS-2E0BAC8D644B,87746,,,,,,
binding_focused,ATP-HTVS-2E3C44D093AA,17857,,,,,,
binding_focused,ATP-HTVS-2E3E6C1A8749,91843,,,,,,
binding_focused,ATP-HTVS-2E4BDA1C28D9,99937,,,,,,
binding_focused,ATP-HTVS-2E7AE7689BA0,25602,,,,,,
binding_focused,ATP-HTVS-2ECA33AB7628,73634,,,,,,
binding_focused,ATP-HTVS-2EE3FF4CB435,49219,,,,,,
binding_focused,ATP-HTVS-2F35A8572662,23459,,,,,,
binding_focused,ATP-HTVS-2F483D9FE7EF,3937,,,,,,
binding_focused,ATP-HTVS-2F9574F7896C,85185,,,,,,
binding_focused,ATP-HTVS-2F9E11536268,92386,,,,,,
binding_focused,ATP-HTVS-2FD0321978A1,47427,,,,,,
binding_focused,ATP-HTVS-2FDBF4F6464D,85218,,,,,,
binding_focused,ATP-HTVS-2FF622879777,92707,,,,,,
binding_focused,ATP-HTVS-30270CEE1891,59297,,,,,,
binding_focused,ATP-HTVS-305D97AD9924,74114,,,,,,
binding_focused,ATP-HTVS-30920D5A25EC,68290,,,,,,
binding_focused,ATP-HTVS-30B3F39EA660,48035,,,,,,
binding_focused,ATP-HTVS-30BD0ED907F3,32770,,,,,,
binding_focused,ATP-HTVS-30D2448AA284,71137,,,,,,
binding_focused,ATP-HTVS-3100283A95A9,60066,,,,,,
binding_focused,ATP-HTVS-313D067647DC,54849,,,,,,
binding_focused,ATP-HTVS-31B048FE5E9A,99298,,,,,,
binding_focused,ATP-HTVS-322651E221E8,67842,,,,,,
binding_focused,ATP-HTVS-323526AAC152,84355,,,,,,
binding_focused,ATP-HTVS-3254A7EDB406,72033,,,,,,
binding_focused,ATP-HTVS-327AC6849941,85090,,,,,,
binding_focused,ATP-HTVS-32D1D0195572,89443,,,,,,
binding_focused,ATP-HTVS-33706D459A7A,91618,,,,,,
binding_focused,ATP-HTVS-337D10985B1B,47106,,,,,,
binding_focused,ATP-HTVS-33BC72D3D2BF,81217,,,,,,
binding_focused,ATP-HTVS-34AD6DA38229,96929,,,,,,
binding_focused,ATP-HTVS-34E58924FFDD,63425,,,,,,
binding_focused,ATP-HTVS-351CA3F2F79F,84738,,,,,,
binding_focused,ATP-HTVS-35279CDCCBE9,29026,,,,,,
binding_focused,ATP-HTVS-354B8B3BDEB4,62498,,,,,,
binding_focused,ATP-HTVS-3565F86F920E,47203,,,,,,
binding_focused,ATP-HTVS-357411F5F88B,74113,,,,,,
binding_focused,ATP-HTVS-35C3F0A919D0,82019,,,,,,
binding_focused,ATP-HTVS-35F96912410D,85538,,,,,,
binding_focused,ATP-HTVS-362E300BB66B,5762,,,,,,
binding_focused,ATP-HTVS-3634D47351B0,22754,,,,,,
binding_focused,ATP-HTVS-3654BFD7575B,81409,,,,,,
binding_focused,ATP-HTVS-366F4BAC4B87,78434,,,,,,
binding_focused,ATP-HTVS-3676162553B8,62241,,,,,,
binding_focused,ATP-HTVS-368B62E0C748,29569,,,,,,
binding_focused,ATP-HTVS-369F0F09D6A7,81955,,,,,,
binding_focused,ATP-HTVS-36CDFE25DCA8,48866,,,,,,
binding_focused,ATP-HTVS-37164D6EE04D,58531,,,,,,
binding_focused,ATP-HTVS-375881F1CECF,69635,,,,,,
binding_focused,ATP-HTVS-37921E17B72D,72225,,,,,,
binding_focused,ATP-HTVS-37A579E82C38,28641,,,,,,
binding_focused,ATP-HTVS-37D34080A09D,36291,,,,,,
binding_focused,ATP-HTVS-37EC6A305554,73986,,,,,,
binding_focused,ATP-HTVS-37F8BE6B2288,68929,,,,,,
binding_focused,ATP-HTVS-381C421540AF,67234,,,,,,
binding_focused,ATP-HTVS-38928739B049,49763,,,,,,
binding_focused,ATP-HTVS-389B4B823B19,92545,,,,,,
binding_focused,ATP-HTVS-38AA30AE7592,4258,,,,,,
binding_focused,ATP-HTVS-38B17C32C2B1,90305,,,,,,
binding_focused,ATP-HTVS-38BDED367A54,94307,,,,,,
binding_focused,ATP-HTVS-391C9D64EC7D,20547,,,,,,
binding_focused,ATP-HTVS-394457ED9ABE,67073,,,,,,
binding_focused,ATP-HTVS-3966CEFE893D,72705,,,,,,
binding_focused,ATP-HTVS-397149B089BD,39490,,,,,,
binding_focused,ATP-HTVS-3991B5D40CBE,95969,,,,,,
binding_focused,ATP-HTVS-39B6454C3B57,69027,,,,,,
binding_focused,ATP-HTVS-39C66FA1D927,91619,,,,,,
binding_focused,ATP-HTVS-3A2C3DD6A630,99105,,,,,,
binding_focused,ATP-HTVS-3A4856D72337,84225,,,,,,
binding_focused,ATP-HTVS-3A71FF84034D,20131,,,,,,
binding_focused,ATP-HTVS-3A7288617524,95746,,,,,,
binding_focused,ATP-HTVS-3A96A568DDAE,89089,,,,,,
binding_focused,ATP-HTVS-3AF3BD852D4F,90753,,,,,,
binding_focused,ATP-HTVS-3B1236037689,83073,,,,,,
binding_focused,ATP-HTVS-3B2E01AF7BF8,38881,,,,,,
binding_focused,ATP-HTVS-3B360A484FEF,85474,,,,,,
binding_focused,ATP-HTVS-3B3954EE8C13,84897,,,,,,
binding_focused,ATP-HTVS-3B500C8F5D3A,77442,,,,,,
binding_focused,ATP-HTVS-3B52AE15A314,74081,,,,,,
binding_focused,ATP-HTVS-3B591F4F1DA1,4259,,,,,,
binding_focused,ATP-HTVS-3B615F85BA41,73953,,,,,,
binding_focused,ATP-HTVS-3B760C3B8D5C,71811,,,,,,
binding_focused,ATP-HTVS-3B9AE635146A,63874,,,,,,
binding_focused,ATP-HTVS-3BC1681A99C2,35363,,,,,,
binding_focused,ATP-HTVS-3BCB6D34D9FC,82627,,,,,,
binding_focused,ATP-HTVS-3BEA167C6DE4,61442,,,,,,
binding_focused,ATP-HTVS-3BFEB00B17A1,96386,,,,,,
binding_focused,ATP-HTVS-3C30D082388E,37539,,,,,,
binding_focused,ATP-HTVS-3C5237794D05,44097,,,,,,
binding_focused,ATP-HTVS-3D55EC2CCC26,92001,,,,,,
binding_focused,ATP-HTVS-3D580430A1F8,89410,,,,,,
binding_focused,ATP-HTVS-3D9456613EE7,71427,,,,,,
binding_focused,ATP-HTVS-3DA95123E47A,56993,,,,,,
binding_focused,ATP-HTVS-3DABA9A3BF24,35619,,,,,,
binding_focused,ATP-HTVS-3DB1B8B928B3,68034,,,,,,
binding_focused,ATP-HTVS-3DDAC51E87DA,72514,,,,,,
binding_focused,ATP-HTVS-3E3A2065ACC9,14370,,,,,,
binding_focused,ATP-HTVS-3E4E6B1035DE,50531,,,,,,
binding_focused,ATP-HTVS-3E51FD2FD256,56033,,,,,,
binding_focused,ATP-HTVS-3E71027F124F,67650,,,,,,
binding_focused,ATP-HTVS-3E71DFC624D6,82465,,,,,,
binding_focused,ATP-HTVS-3EAEA7611BE9,52738,,,,,,
binding_focused,ATP-HTVS-3ED7BF8E1128,59586,,,,,,
binding_focused,ATP-HTVS-3F61FE181838,65473,,,,,,
binding_focused,ATP-HTVS-3F7C0C4A7C85,44483,,,,,,
binding_focused,ATP-HTVS-3FE2C8D8A747,85473,,,,,,
binding_focused,ATP-HTVS-3FE3F52D89A6,78210,,,,,,
binding_focused,ATP-HTVS-3FEB13A0176D,79265,,,,,,
binding_focused,ATP-HTVS-4019997F6E4F,28866,,,,,,
binding_focused,ATP-HTVS-403847D949CB,95233,,,,,,
binding_focused,ATP-HTVS-4042CFA848C2,91587,,,,,,
binding_focused,ATP-HTVS-404DE520584C,71713,,,,,,
binding_focused,ATP-HTVS-40806E2DA49D,71074,,,,,,
binding_focused,ATP-HTVS-40CB5FD4F4D8,94114,,,,,,
binding_focused,ATP-HTVS-40E764CABCB1,58370,,,,,,
binding_focused,ATP-HTVS-410A75CF1522,26210,,,,,,
binding_focused,ATP-HTVS-41202D3CA1C8,23139,,,,,,
binding_focused,ATP-HTVS-4128F66E5F96,34562,,,,,,
binding_focused,ATP-HTVS-418CD17BC8B0,70595,,,,,,
binding_focused,ATP-HTVS-41A031E7C6D2,27299,,,,,,
binding_focused,ATP-HTVS-41C13ED6AFFD,83554,,,,,,
binding_focused,ATP-HTVS-41DBD56D77D4,56386,,,,,,
binding_focused,ATP-HTVS-41DE369552E3,91201,,,,,,
binding_focused,ATP-HTVS-41DF5C276515,95649,,,,,,
binding_focused,ATP-HTVS-41EB9DEAB7C9,91683,,,,,,
binding_focused,ATP-HTVS-420A833C3906,29570,,,,,,
binding_focused,ATP-HTVS-425F81D77C05,85634,,,,,,
binding_focused,ATP-HTVS-429B4D57A2D0,56417,,,,,,
binding_focused,ATP-HTVS-42E232F3C181,95425,,,,,,
binding_focused,ATP-HTVS-4313C7EF8265,78307,,,,,,
binding_focused,ATP-HTVS-43145D4CE45B,93187,,,,,,
binding_focused,ATP-HTVS-4322FF013EE1,94306,,,,,,
binding_focused,ATP-HTVS-433854F3CEDF,69123,,,,,,
binding_focused,ATP-HTVS-4340E5ABA707,45635,,,,,,
binding_focused,ATP-HTVS-4382948120BD,74115,,,,,,
binding_focused,ATP-HTVS-43D1BB82511C,88481,,,,,,
binding_focused,ATP-HTVS-43DC0EBD36ED,75233,,,,,,
binding_focused,ATP-HTVS-43DEA6C9D172,31907,,,,,,
binding_focused,ATP-HTVS-43E54E69D2FC,49761,,,,,,
binding_focused,ATP-HTVS-440AFC8B752D,31650,,,,,,
binding_focused,ATP-HTVS-4415AB646F99,82497,,,,,,
binding_focused,ATP-HTVS-4418320CDB75,92835,,,,,,
binding_focused,ATP-HTVS-442C36D59863,49602,,,,,,
binding_focused,ATP-HTVS-443BC3733DB7,97250,,,,,,
binding_focused,ATP-HTVS-445D8195943B,74209,,,,,,
binding_focused,ATP-HTVS-44A2C719C105,82307,,,,,,
binding_focused,ATP-HTVS-44A5767B4738,74882,,,,,,
binding_focused,ATP-HTVS-44ACC7CEC3D6,83425,,,,,,
binding_focused,ATP-HTVS-44DE29768EEE,17571,,,,,,
binding_focused,ATP-HTVS-4503BC70E7F0,38561,,,,,,
binding_focused,ATP-HTVS-450A55DE989E,48930,,,,,,
binding_focused,ATP-HTVS-458F3EB1794A,20674,,,,,,
binding_focused,ATP-HTVS-45908092458F,47809,,,,,,
binding_focused,ATP-HTVS-459B7E30FD80,76673,,,,,,
binding_focused,ATP-HTVS-45A004EDB829,35234,,,,,,
binding_focused,ATP-HTVS-45C9FDCE5200,67554,,,,,,
binding_focused,ATP-HTVS-45EC04A30F13,45571,,,,,,
binding_focused,ATP-HTVS-461088EC3581,13442,,,,,,
binding_focused,ATP-HTVS-4630C8488F7C,77025,,,,,,
binding_focused,ATP-HTVS-464A50F6807A,88514,,,,,,
binding_focused,ATP-HTVS-464DF81034BD,92994,,,,,,
binding_focused,ATP-HTVS-4697491C32F9,77698,,,,,,
binding_focused,ATP-HTVS-4697A006B393,56194,,,,,,
binding_focused,ATP-HTVS-469EEFA86A0D,60513,,,,,,
binding_focused,ATP-HTVS-46A91AAE2D1D,82529,,,,,,
binding_focused,ATP-HTVS-46F5C2C02CE5,81411,,,,,,
binding_focused,ATP-HTVS-471B66EC874A,78945,,,,,,
binding_focused,ATP-HTVS-471CA8009E10,94562,,,,,,
binding_focused,ATP-HTVS-472161FD1CB3,82882,,,,,,
binding_focused,ATP-HTVS-47220BE834AE,78051,,,,,,
binding_focused,ATP-HTVS-47675EC0C4D5,67843,,,,,,
binding_focused,ATP-HTVS-47A17AC8C7BD,41059,,,,,,
binding_focused,ATP-HTVS-47BAC8FD9A9F,73409,,,,,,
binding_focused,ATP-HTVS-4862FE6420AB,72898,,,,,,
binding_focused,ATP-HTVS-48C487957C1E,66849,,,,,,
binding_focused,ATP-HTVS-48ECC7021683,96033,,,,,,
binding_focused,ATP-HTVS-491BAB709F49,88482,,,,,,
binding_focused,ATP-HTVS-4920657FA6C2,47234,,,,,,
binding_focused,ATP-HTVS-494FFDA3E05A,79810,,,,,,
binding_focused,ATP-HTVS-4991CDEEDD30,76385,,,,,,
binding_focused,ATP-HTVS-49CF595ADD5C,20834,,,,,,
binding_focused,ATP-HTVS-49D68E9248AF,44739,,,,,,
binding_focused,ATP-HTVS-4A1EB194D3B6,11747,,,,,,
binding_focused,ATP-HTVS-4A28AAEEA14A,71714,,,,,,
binding_focused,ATP-HTVS-4A3DC7D9F888,95777,,,,,,
binding_focused,ATP-HTVS-4A7957865725,86657,,,,,,
binding_focused,ATP-HTVS-4AC739BE8539,83970,,,,,,
binding_focused,ATP-HTVS-4AC96F3AF657,25826,,,,,,
binding_focused,ATP-HTVS-4AF467728185,61602,,,,,,
binding_focused,ATP-HTVS-4AF9C9C46A6A,50882,,,,,,
binding_focused,ATP-HTVS-4B144E96CFBE,75490,,,,,,
binding_focused,ATP-HTVS-4B5D35D2395E,61409,,,,,,
binding_focused,ATP-HTVS-4B689B6ED6C6,95234,,,,,,
binding_focused,ATP-HTVS-4B898DE9EBD2,87971,,,,,,
binding_focused,ATP-HTVS-4BBA1A792A2F,70529,,,,,,
binding_focused,ATP-HTVS-4BCACD3FB587,71139,,,,,,
binding_focused,ATP-HTVS-4BE062240422,80833,,,,,,
binding_focused,ATP-HTVS-4BFDBDCB8AC3,81857,,,,,,
binding_focused,ATP-HTVS-4C04B46E023C,67139,,,,,,
binding_focused,ATP-HTVS-4C091C5F609D,74754,,,,,,
binding_focused,ATP-HTVS-4C511AF0E5BD,37027,,,,,,
binding_focused,ATP-HTVS-4C6C1EFD2AA2,72065,,,,,,
binding_focused,ATP-HTVS-4CC80B7019B2,75234,,,,,,
binding_focused,ATP-HTVS-4CFD3E435A48,60227,,,,,,
binding_focused,ATP-HTVS-4D1ED9B826E8,4419,,,,,,
binding_focused,ATP-HTVS-4D974321991D,51619,,,,,,
binding_focused,ATP-HTVS-4DC88D9567D5,69986,,,,,,
binding_focused,ATP-HTVS-4DE86EAA2D32,76034,,,,,,
binding_focused,ATP-HTVS-4E16F03E37A9,70275,,,,,,
binding_focused,ATP-HTVS-4E652792F62F,84931,,,,,,
binding_focused,ATP-HTVS-4E825B07A9DF,20418,,,,,,
binding_focused,ATP-HTVS-4E9E59A3DA5E,69218,,,,,,
binding_focused,ATP-HTVS-4EA46F6E6AE0,20450,,,,,,
binding_focused,ATP-HTVS-4EF6126AB2D8,89666,,,,,,
binding_focused,ATP-HTVS-4F22ABB48DC5,71586,,,,,,
binding_focused,ATP-HTVS-4F450E2E91A2,68579,,,,,,
binding_focused,ATP-HTVS-4F5A90394674,95681,,,,,,
binding_focused,ATP-HTVS-4F9099514318,87875,,,,,,
binding_focused,ATP-HTVS-4F9E5F08F37F,89571,,,,,,
binding_focused,ATP-HTVS-4FCAA645F202,97537,,,,,,
binding_focused,ATP-HTVS-4FDD59ABF895,4961,,,,,,
binding_focused,ATP-HTVS-505E03B882A0,11617,,,,,,
binding_focused,ATP-HTVS-507C96D672B3,5570,,,,,,
binding_focused,ATP-HTVS-508A27B63548,61411,,,,,,
binding_focused,ATP-HTVS-50911053B2F5,79745,,,,,,
binding_focused,ATP-HTVS-50DD7346FE25,89505,,,,,,
binding_focused,ATP-HTVS-510C24ACBA66,94817,,,,,,
binding_focused,ATP-HTVS-512766A3F074,87874,,,,,,
binding_focused,ATP-HTVS-512BF8EF5FA0,50785,,,,,,
binding_focused,ATP-HTVS-512DB2E888C1,97313,,,,,,
binding_focused,ATP-HTVS-514A7FD93F10,90115,,,,,,
binding_focused,ATP-HTVS-515F0CC44DE0,70113,,,,,,
binding_focused,ATP-HTVS-51861E5F66D2,67938,,,,,,
binding_focused,ATP-HTVS-518A2BC6902B,53057,,,,,,
binding_focused,ATP-HTVS-5192BC4864D4,70497,,,,,,
binding_focused,ATP-HTVS-51A8EA31A006,90307,,,,,,
binding_focused,ATP-HTVS-51D7DCB6F8E8,85793,,,,,,
binding_focused,ATP-HTVS-51FD2328387A,515,,,,,,
binding_focused,ATP-HTVS-523F9B5BEE3B,72899,,,,,,
binding_focused,ATP-HTVS-52495E42CB55,54529,,,,,,
binding_focused,ATP-HTVS-524A2C000135,32450,,,,,,
binding_focused,ATP-HTVS-52625044C5D9,31809,,,,,,
binding_focused,ATP-HTVS-52816E9DAB39,70209,,,,,,
binding_focused,ATP-HTVS-52B20567BA88,12577,,,,,,
binding_focused,ATP-HTVS-52BA94C773EB,97153,,,,,,
binding_focused,ATP-HTVS-52CC222D68E9,81987,,,,,,
binding_focused,ATP-HTVS-52D7AA6D1B75,23138,,,,,,
binding_focused,ATP-HTVS-52F407909F9A,88994,,,,,,
binding_focused,ATP-HTVS-53075BACB2C6,93475,,,,,,
binding_focused,ATP-HTVS-531A4B252985,78049,,,,,,
binding_focused,ATP-HTVS-531EE93584A6,1955,,,,,,
binding_focused,ATP-HTVS-532EC38BED39,25314,,,,,,
binding_focused,ATP-HTVS-5359DC82CCCB,23171,,,,,,
binding_focused,ATP-HTVS-53CB9D69C030,33121,,,,,,
binding_focused,ATP-HTVS-5401EBEC1B21,77091,,,,,,
binding_focused,ATP-HTVS-54143804256C,38146,,,,,,
binding_focused,ATP-HTVS-5425AB1A5C10,35457,,,,,,
binding_focused,ATP-HTVS-542A37ED863C,14243,,,,,,
binding_focused,ATP-HTVS-542AD0F295EC,98561,,,,,,
binding_focused,ATP-HTVS-545253A9A90F,83842,,,,,,
binding_focused,ATP-HTVS-5494A1B9D9EC,67939,,,,,,
binding_focused,ATP-HTVS-54A1786C1F00,83457,,,,,,
binding_focused,ATP-HTVS-54E64C0F11AA,71361,,,,,,
binding_focused,ATP-HTVS-54ED83DE83DA,86306,,,,,,
binding_focused,ATP-HTVS-553AACDE3786,19939,,,,,,
binding_focused,ATP-HTVS-555FA00075E9,85825,,,,,,
binding_focused,ATP-HTVS-5589B4ED8BC3,58051,,,,,,
binding_focused,ATP-HTVS-559A97C754E4,23137,,,,,,
binding_focused,ATP-HTVS-55C340552E65,92289,,,,,,
binding_focused,ATP-HTVS-560CD6AB75AE,93730,,,,,,
binding_focused,ATP-HTVS-56362DCB1C38,56802,,,,,,
binding_focused,ATP-HTVS-563DC51EEC46,75746,,,,,,
binding_focused,ATP-HTVS-5658ECC62B06,77859,,,,,,
binding_focused,ATP-HTVS-5694EB72FE49,38083,,,,,,
binding_focused,ATP-HTVS-569AAE7497B4,63426,,,,,,
binding_focused,ATP-HTVS-56BFCD0C6B29,72193,,,,,,
binding_focused,ATP-HTVS-57132EA8AA79,36161,,,,,,
binding_focused,ATP-HTVS-572BFDBE8187,1059,,,,,,
binding_focused,ATP-HTVS-57A1B32CE9AA,90337,,,,,,
binding_focused,ATP-HTVS-57B04A124BC1,76577,,,,,,
binding_focused,ATP-HTVS-57C145E4C4AF,91107,,,,,,
binding_focused,ATP-HTVS-57CD8A84B862,69666,,,,,,
binding_focused,ATP-HTVS-5801E8FB792E,25635,,,,,,
binding_focused,ATP-HTVS-5850FC4068A9,89729,,,,,,
binding_focused,ATP-HTVS-586B19FEBC2D,72769,,,,,,
binding_focused,ATP-HTVS-5890B3ABBA42,51713,,,,,,
binding_focused,ATP-HTVS-58BA49956E55,50050,,,,,,
binding_focused,ATP-HTVS-590B92626142,45217,,,,,,
binding_focused,ATP-HTVS-593FD885E4E3,89665,,,,,,
binding_focused,ATP-HTVS-595807F16B2C,73795,,,,,,
binding_focused,ATP-HTVS-5993E100A2C1,94626,,,,,,
binding_focused,ATP-HTVS-59B1C5906543,73635,,,,,,
binding_focused,ATP-HTVS-59B957CB7E9F,77507,,,,,,
binding_focused,ATP-HTVS-59E59E09D09E,55489,,,,,,
binding_focused,ATP-HTVS-5A1C186863E4,25313,,,,,,
binding_focused,ATP-HTVS-5A2EB4E9D835,63779,,,,,,
binding_focused,ATP-HTVS-5A38D2E65B38,77890,,,,,,
binding_focused,ATP-HTVS-5A3D1DB8098B,55105,,,,,,
binding_focused,ATP-HTVS-5A74948D5858,90114,,,,,,
binding_focused,ATP-HTVS-5AAA6558FE6F,81315,,,,,,
binding_focused,ATP-HTVS-5AC0D5CB90EF,60835,,,,,,
binding_focused,ATP-HTVS-5B1B34F83C18,97985,,,,,,
binding_focused,ATP-HTVS-5B32A3AFA3A9,56418,,,,,,
binding_focused,ATP-HTVS-5B9C564ED935,40865,,,,,,
binding_focused,ATP-HTVS-5BC6D09DB3F1,87234,,,,,,
binding_focused,ATP-HTVS-5BCFBB048AA1,79809,,,,,,
binding_focused,ATP-HTVS-5BE3914F361A,91171,,,,,,
binding_focused,ATP-HTVS-5BF5224E50DC,52739,,,,,,
binding_focused,ATP-HTVS-5BFD90183104,77187,,,,,,
binding_focused,ATP-HTVS-5C08F16C0BFC,24993,,,,,,
binding_focused,ATP-HTVS-5C1A90E0608A,85537,,,,,,
binding_focused,ATP-HTVS-5C2621A0B526,36290,,,,,,
binding_focused,ATP-HTVS-5C29B6179A0F,95362,,,,,,
binding_focused,ATP-HTVS-5CE7EF7F1B66,84354,,,,,,
binding_focused,ATP-HTVS-5CEF79319D6B,72323,,,,,,
binding_focused,ATP-HTVS-5CF527C7FD25,87938,,,,,,
binding_focused,ATP-HTVS-5CFA0109773F,85506,,,,,,
binding_focused,ATP-HTVS-5D344E99E653,87266,,,,,,
binding_focused,ATP-HTVS-5D5940BED632,70627,,,,,,
binding_focused,ATP-HTVS-5D5A320A0101,84833,,,,,,
binding_focused,ATP-HTVS-5D7D5B0AFE50,31266,,,,,,
binding_focused,ATP-HTVS-5DA5A3EB6624,30594,,,,,,
binding_focused,ATP-HTVS-5DB20AD11BEB,83713,,,,,,
binding_focused,ATP-HTVS-5E187255B48D,81057,,,,,,
binding_focused,ATP-HTVS-5E1B9EFD9407,87298,,,,,,
binding_focused,ATP-HTVS-5E389E326DA0,50337,,,,,,
binding_focused,ATP-HTVS-5E561F95C670,44705,,,,,,
binding_focused,ATP-HTVS-5E6DF5CA027C,40866,,,,,,
binding_focused,ATP-HTVS-5EB936FA5BDD,88803,,,,,,
binding_focused,ATP-HTVS-5EF6359E179A,71329,,,,,,
binding_focused,ATP-HTVS-5F569EDABC80,82754,,,,,,
binding_focused,ATP-HTVS-5FA879ADA4FF,77314,,,,,,
binding_focused,ATP-HTVS-6012FFC9E47E,77729,,,,,,
binding_focused,ATP-HTVS-601F520459A4,94209,,,,,,
binding_focused,ATP-HTVS-602F8E6702A7,98337,,,,,,
binding_focused,ATP-HTVS-60B21D6CE655,20227,,,,,,
binding_focused,ATP-HTVS-60B70570E761,62883,,,,,,
binding_focused,ATP-HTVS-60C7695B6F0C,73410,,,,,,
binding_focused,ATP-HTVS-60D4F7FF4B6B,48865,,,,,,
binding_focused,ATP-HTVS-60F8B74A0D7C,66018,,,,,,
binding_focused,ATP-HTVS-6168063B3267,35105,,,,,,
binding_focused,ATP-HTVS-61A3D13E339F,4770,,,,,,
binding_focused,ATP-HTVS-62207831F6CB,69763,,,,,,
binding_focused,ATP-HTVS-6227313DC6E5,72418,,,,,,
binding_focused,ATP-HTVS-6286382C1C45,71299,,,,,,
binding_focused,ATP-HTVS-62D29CE4051A,17858,,,,,,
binding_focused,ATP-HTVS-631C0C315D5A,76739,,,,,,
binding_focused,ATP-HTVS-638532F00CCB,72737,,,,,,
binding_focused,ATP-HTVS-63A2B85F1850,85570,,,,,,
binding_focused,ATP-HTVS-63DD1309BB6A,79362,,,,,,
binding_focused,ATP-HTVS-63DFF8A88018,1537,,,,,,
binding_focused,ATP-HTVS-63E5F33A32FB,23458,,,,,,
binding_focused,ATP-HTVS-64561A556005,76449,,,,,,
binding_focused,ATP-HTVS-6480B695D089,74689,,,,,,
binding_focused,ATP-HTVS-64A2B9E187D2,31651,,,,,,
binding_focused,ATP-HTVS-64F4A1A461ED,76035,,,,,,
binding_focused,ATP-HTVS-651F2B2980F4,15906,,,,,,
binding_focused,ATP-HTVS-65263582E7F4,36450,,,,,,
binding_focused,ATP-HTVS-654FE4E3AAA7,28929,,,,,,
binding_focused,ATP-HTVS-655331016ABF,30146,,,,,,
binding_focused,ATP-HTVS-656A250247D8,81986,,,,,,
binding_focused,ATP-HTVS-657E323E2351,76481,,,,,,
binding_focused,ATP-HTVS-65B75474615F,40449,,,,,,
binding_focused,ATP-HTVS-65F1321BFD60,23330,,,,,,
binding_focused,ATP-HTVS-65F4836C7042,84577,,,,,,
binding_focused,ATP-HTVS-6612EA4E183C,54530,,,,,,
binding_focused,ATP-HTVS-665A86DAD15F,78754,,,,,,
binding_focused,ATP-HTVS-66618B00A972,44098,,,,,,
binding_focused,ATP-HTVS-667EB58ED22D,21090,,,,,,
binding_focused,ATP-HTVS-669A511FBD29,90914,,,,,,
binding_focused,ATP-HTVS-66A9CC424D71,24770,,,,,,
binding_focused,ATP-HTVS-66BD7620CABA,87457,,,,,,
binding_focused,ATP-HTVS-66EE35E24140,84065,,,,,,
binding_focused,ATP-HTVS-66FFB530802B,85635,,,,,,
binding_focused,ATP-HTVS-67024B617AFA,96930,,,,,,
binding_focused,ATP-HTVS-673A54B483CC,85827,,,,,,
binding_focused,ATP-HTVS-675C8FFFA49B,85475,,,,,,
binding_focused,ATP-HTVS-675D7E7E37EF,84769,,,,,,
binding_focused,ATP-HTVS-676B1F951E41,75489,,,,,,
binding_focused,ATP-HTVS-6778D00A26F1,88097,,,,,,
binding_focused,ATP-HTVS-677D6479829E,40802,,,,,,
binding_focused,ATP-HTVS-67830652660F,76674,,,,,,
binding_focused,ATP-HTVS-67B30DFDD52C,28355,,,,,,
binding_focused,ATP-HTVS-67E3C63FBC34,48897,,,,,,
binding_focused,ATP-HTVS-67F14CF2E487,89249,,,,,,
binding_focused,ATP-HTVS-6804FBE9529D,53249,,,,,,
binding_focused,ATP-HTVS-681E21A5C336,90402,,,,,,
binding_focused,ATP-HTVS-684B476D1E6A,72322,,,,,,
binding_focused,ATP-HTVS-68829DCC26F9,24002,,,,,,
binding_focused,ATP-HTVS-68B1DBF07479,3426,,,,,,
binding_focused,ATP-HTVS-69239F8CDE40,84739,,,,,,
binding_focused,ATP-HTVS-694143BD68F7,98210,,,,,,
binding_focused,ATP-HTVS-697A85B30C1D,5217,,,,,,
binding_focused,ATP-HTVS-69A2FC5C8ACC,16515,,,,,,
binding_focused,ATP-HTVS-69AD6B8D3733,52643,,,,,,
binding_focused,ATP-HTVS-69DE697C6F69,70082,,,,,,
binding_focused,ATP-HTVS-6A46373CBB09,79298,,,,,,
binding_focused,ATP-HTVS-6A615EE15C98,5634,,,,,,
binding_focused,ATP-HTVS-6A632AA0CEB9,45283,,,,,,
binding_focused,ATP-HTVS-6A75058F52BE,28289,,,,,,
binding_focused,ATP-HTVS-6A7606C4C92F,92290,,,,,,
binding_focused,ATP-HTVS-6A9F3E67E2B3,32321,,,,,,
binding_focused,ATP-HTVS-6AEF3DDEB613,24577,,,,,,
binding_focused,ATP-HTVS-6B0687E57A6A,39265,,,,,,
binding_focused,ATP-HTVS-6B1624881868,95842,,,,,,
binding_focused,ATP-HTVS-6B545AE439E8,71073,,,,,,
binding_focused,ATP-HTVS-6B6B8E0C727E,97122,,,,,,
binding_focused,ATP-HTVS-6B709F2DA304,63171,,,,,,
binding_focused,ATP-HTVS-6BE395388015,5218,,,,,,
binding_focused,ATP-HTVS-6BFC96102A75,91009,,,,,,
binding_focused,ATP-HTVS-6C10A5B04019,55619,,,,,,
binding_focused,ATP-HTVS-6C50DB0A272F,98305,,,,,,
binding_focused,ATP-HTVS-6C7D9744EE21,70402,,,,,,
binding_focused,ATP-HTVS-6C953A1E72F9,84770,,,,,,
binding_focused,ATP-HTVS-6C98FCD8FCFE,96322,,,,,,
binding_focused,ATP-HTVS-6CCE19BA0E53,41123,,,,,,
binding_focused,ATP-HTVS-6D0E62C9397C,87907,,,,,,
binding_focused,ATP-HTVS-6D22B46DE244,25601,,,,,,
binding_focused,ATP-HTVS-6D2ED4476584,96450,,,,,,
binding_focused,ATP-HTVS-6D4BCDFA1C91,75521,,,,,,
binding_focused,ATP-HTVS-6D7E0E0D5192,75362,,,,,,
binding_focused,ATP-HTVS-6E0FE1B5DEAA,65857,,,,,,
binding_focused,ATP-HTVS-6E162A247368,73633,,,,,,
binding_focused,ATP-HTVS-6E22C1143CC0,63683,,,,,,
binding_focused,ATP-HTVS-6E53E23A0DE7,86883,,,,,,
binding_focused,ATP-HTVS-6E858FDBC7BE,81090,,,,,,
binding_focused,ATP-HTVS-6E87A6CCCD27,96001,,,,,,
binding_focused,ATP-HTVS-6EB205788321,70434,,,,,,
binding_focused,ATP-HTVS-6EF9F712D3BB,38274,,,,,,
binding_focused,ATP-HTVS-6F05C87B1F67,70785,,,,,,
binding_focused,ATP-HTVS-6F07AE7177E0,48289,,,,,,
binding_focused,ATP-HTVS-6F1494FEFC60,84675,,,,,,
binding_focused,ATP-HTVS-6F734E803CC4,90177,,,,,,
binding_focused,ATP-HTVS-6F858A0E8812,50979,,,,,,
binding_focused,ATP-HTVS-6FE04A77CC41,71777,,,,,,
binding_focused,ATP-HTVS-702B49CD2E82,75043,,,,,,
binding_focused,ATP-HTVS-7075BC6FC110,40003,,,,,,
binding_focused,ATP-HTVS-708569B81B35,91521,,,,,,
binding_focused,ATP-HTVS-70C7181F988B,22946,,,,,,
binding_focused,ATP-HTVS-70E37A6C21BA,87747,,,,,,
binding_focused,ATP-HTVS-7191B1059E2A,91041,,,,,,
binding_focused,ATP-HTVS-71BAC3B18036,84419,,,,,,
binding_focused,ATP-HTVS-71BF5DD28E53,57729,,,,,,
binding_focused,ATP-HTVS-71D6C35FE659,77570,,,,,,
binding_focused,ATP-HTVS-7201DD4C282A,6657,,,,,,
binding_focused,ATP-HTVS-72573E055255,65475,,,,,,
binding_focused,ATP-HTVS-72B2F4D4EA61,85379,,,,,,
binding_focused,ATP-HTVS-72BD9FFCF62D,59458,,,,,,
binding_focused,ATP-HTVS-72D66A1ED57F,85633,,,,,,
binding_focused,ATP-HTVS-72E6B3102DA2,29953,,,,,,
binding_focused,ATP-HTVS-7317133B38FB,3522,,,,,,
binding_focused,ATP-HTVS-73425E104865,17794,,,,,,
binding_focused,ATP-HTVS-736CCC940701,87841,,,,,,
binding_focused,ATP-HTVS-738A9E09AC53,76002,,,,,,
binding_focused,ATP-HTVS-7398D4493E72,77633,,,,,,
binding_focused,ATP-HTVS-73D804AB38E4,60195,,,,,,
binding_focused,ATP-HTVS-7418424385E1,74179,,,,,,
binding_focused,ATP-HTVS-74641C70E223,90850,,,,,,
binding_focused,ATP-HTVS-74C5B06FA80B,35331,,,,,,
binding_focused,ATP-HTVS-74E2CC654FC3,78466,,,,,,
binding_focused,ATP-HTVS-750E4CFCB0FA,69826,,,,,,
binding_focused,ATP-HTVS-7598FFEE7603,72739,,,,,,
binding_focused,ATP-HTVS-75A4DAB7424E,78401,,,,,,
binding_focused,ATP-HTVS-75AC094BF9E0,89827,,,,,,
binding_focused,ATP-HTVS-75B300C751D2,33282,,,,,,
binding_focused,ATP-HTVS-75F52EFCCD23,94273,,,,,,
binding_focused,ATP-HTVS-76416D54A342,23331,,,,,,
binding_focused,ATP-HTVS-767E37D8A78C,74498,,,,,,
binding_focused,ATP-HTVS-7694DCD97798,36195,,,,,,
binding_focused,ATP-HTVS-76CE1997AF40,20163,,,,,,
binding_focused,ATP-HTVS-76EB0BEAC1B9,37825,,,,,,
binding_focused,ATP-HTVS-772EF906400E,20706,,,,,,
binding_focused,ATP-HTVS-773D20A649CC,79681,,,,,,
binding_focused,ATP-HTVS-7743C5ABCFDD,93987,,,,,,
binding_focused,ATP-HTVS-7752C713B971,90178,,,,,,
binding_focused,ATP-HTVS-776FBC5F0312,98786,,,,,,
binding_focused,ATP-HTVS-77ED8C900CC0,79747,,,,,,
binding_focused,ATP-HTVS-77F3EA8C01D2,80162,,,,,,
binding_focused,ATP-HTVS-780990BE0E68,83747,,,,,,
binding_focused,ATP-HTVS-7820955A714C,43682,,,,,,
binding_focused,ATP-HTVS-78252FECAF69,68547,,,,,,
binding_focused,ATP-HTVS-792F02E01A4E,94081,,,,,,
binding_focused,ATP-HTVS-794646D3B9C8,91617,,,,,,
binding_focused,ATP-HTVS-795FA74A51DE,66529,,,,,,
binding_focused,ATP-HTVS-79A32C942736,68642,,,,,,
binding_focused,ATP-HTVS-79BEB139CB8F,55745,,,,,,
binding_focused,ATP-HTVS-79C7807006E2,74402,,,,,,
binding_focused,ATP-HTVS-79E4EBD82D6A,63777,,,,,,
binding_focused,ATP-HTVS-79EE8ED1543F,88993,,,,,,
binding_focused,ATP-HTVS-7A394D6CE484,99713,,,,,,
binding_focused,ATP-HTVS-7A7B7DA644AB,49827,,,,,,
binding_focused,ATP-HTVS-7A7BCDC0632F,1539,,,,,,
binding_focused,ATP-HTVS-7AB1442FC022,28993,,,,,,
binding_focused,ATP-HTVS-7ABEAEA32F74,93505,,,,,,
binding_focused,ATP-HTVS-7ACA80837BCE,95906,,,,,,
binding_focused,ATP-HTVS-7AEE8A51E1B1,46561,,,,,,
binding_focused,ATP-HTVS-7AFD271A302C,56897,,,,,,
binding_focused,ATP-HTVS-7B1416FC1373,96097,,,,,,
binding_focused,ATP-HTVS-7B85D20A61B3,83969,,,,,,
binding_focused,ATP-HTVS-7B98CE40EDFD,70307,,,,,,
binding_focused,ATP-HTVS-7BBDEC1762B0,28193,,,,,,
binding_focused,ATP-HTVS-7BEC4E93BD87,81249,,,,,,
binding_focused,ATP-HTVS-7BF7B7486D45,67138,,,,,,
binding_focused,ATP-HTVS-7C2B62D08873,63427,,,,,,
binding_focused,ATP-HTVS-7C2D6468D489,82402,,,,,,
binding_focused,ATP-HTVS-7C58C2B4F3B5,20035,,,,,,
binding_focused,ATP-HTVS-7C6049B0D6CE,73154,,,,,,
binding_focused,ATP-HTVS-7C6F09AC1D4C,90306,,,,,,
binding_focused,ATP-HTVS-7CA2ECE32076,86177,,,,,,
binding_focused,ATP-HTVS-7CD79F872AFC,67937,,,,,,
binding_focused,ATP-HTVS-7CF383CE087B,75810,,,,,,
binding_focused,ATP-HTVS-7D198ACE4CB8,50529,,,,,,
binding_focused,ATP-HTVS-7D1C8522A3FA,27619,,,,,,
binding_focused,ATP-HTVS-7D663BEE19BA,79617,,,,,,
binding_focused,ATP-HTVS-7DAC8816801F,84385,,,,,,
binding_focused,ATP-HTVS-7DBCC72663B9,59649,,,,,,
binding_focused,ATP-HTVS-7DD2E8BA0428,80835,,,,,,
binding_focused,ATP-HTVS-7DE0A46CB904,32482,,,,,,
binding_focused,ATP-HTVS-7DE5D821A3A4,82179,,,,,,
binding_focused,ATP-HTVS-7EF53BD61533,95426,,,,,,
binding_focused,ATP-HTVS-7EF96EA99BCF,95361,,,,,,
binding_focused,ATP-HTVS-7F35209A363C,80099,,,,,,
binding_focused,ATP-HTVS-7F4769B54268,71043,,,,,,
binding_focused,ATP-HTVS-7F76552361A7,92449,,,,,,
binding_focused,ATP-HTVS-7F7812FC41A5,72321,,,,,,
binding_focused,ATP-HTVS-7F83928F0467,70722,,,,,,
binding_focused,ATP-HTVS-800B0B068CC6,45569,,,,,,
binding_focused,ATP-HTVS-8033922A69C0,25505,,,,,,
binding_focused,ATP-HTVS-8095E17D3127,20707,,,,,,
binding_focused,ATP-HTVS-80A1BADD16E7,72066,,,,,,
binding_focused,ATP-HTVS-818D9CFDFCEA,71330,,,,,,
binding_focused,ATP-HTVS-81A5FD53922A,40450,,,,,,
binding_focused,ATP-HTVS-81EE647F8CA6,20322,,,,,,
binding_focused,ATP-HTVS-81F0F4B0A07A,32545,,,,,,
binding_focused,ATP-HTVS-821B647876F5,39105,,,,,,
binding_focused,ATP-HTVS-822192B7646A,57442,,,,,,
binding_focused,ATP-HTVS-824DD36F4E64,69665,,,,,,
binding_focused,ATP-HTVS-8313972BDCAD,69219,,,,,,
binding_focused,ATP-HTVS-83530B88E656,71585,,,,,,
binding_focused,ATP-HTVS-8365FF7884A6,64321,,,,,,
binding_focused,ATP-HTVS-83768D529230,81825,,,,,,
binding_focused,ATP-HTVS-837D7A211A0E,67522,,,,,,
binding_focused,ATP-HTVS-83F3A5AEE880,84835,,,,,,
binding_focused,ATP-HTVS-83F819F668B2,38177,,,,,,
binding_focused,ATP-HTVS-83F93451062F,20931,,,,,,
binding_focused,ATP-HTVS-8409CD5E0FE2,36418,,,,,,
binding_focused,ATP-HTVS-842E20B26D61,12419,,,,,,
binding_focused,ATP-HTVS-84AF7025C22A,80514,,,,,,
binding_focused,ATP-HTVS-84B0A2EEAAE5,32771,,,,,,
binding_focused,ATP-HTVS-84B7FD2F846A,21121,,,,,,
binding_focused,ATP-HTVS-84C0F320BB18,20865,,,,,,
binding_focused,ATP-HTVS-8521C9576B2F,26626,,,,,,
binding_focused,ATP-HTVS-85577F90127E,51907,,,,,,
binding_focused,ATP-HTVS-8567A07E89C1,63170,,,,,,
binding_focused,ATP-HTVS-85B092CE3CD6,31969,,,,,,
binding_focused,ATP-HTVS-85D8FA1817A9,28450,,,,,,
binding_focused,ATP-HTVS-85E208BF5C05,38787,,,,,,
binding_focused,ATP-HTVS-8667D2FB5617,48353,,,,,,
binding_focused,ATP-HTVS-866AD4D93294,90531,,,,,,
binding_focused,ATP-HTVS-86939B89774E,41027,,,,,,
binding_focused,ATP-HTVS-869F8AF38162,90401,,,,,,
binding_focused,ATP-HTVS-86B60B8C3F13,91042,,,,,,
binding_focused,ATP-HTVS-86C3058B81C7,98306,,,,,,
binding_focused,ATP-HTVS-86DDC209E59E,63042,,,,,,
binding_focused,ATP-HTVS-87B93A696720,77730,,,,,,
binding_focused,ATP-HTVS-87F6BDFAEB44,451,,,,,,
binding_focused,ATP-HTVS-8843DC2573F9,5091,,,,,,
binding_focused,ATP-HTVS-88509AB3E069,48258,,,,,,
binding_focused,ATP-HTVS-8884805DC746,43842,,,,,,
binding_focused,ATP-HTVS-8892C512F7BC,71491,,,,,,
binding_focused,ATP-HTVS-88F2ADA8327D,84033,,,,,,
binding_focused,ATP-HTVS-891CD438FA2D,65635,,,,,,
binding_focused,ATP-HTVS-892E5C6BD7E4,94849,,,,,,
binding_focused,ATP-HTVS-89495CC893EC,89889,,,,,,
binding_focused,ATP-HTVS-894F1E46B14F,48034,,,,,,
binding_focused,ATP-HTVS-896D1EC960E1,28451,,,,,,
binding_focused,ATP-HTVS-898AE5CA69D9,41922,,,,,,
binding_focused,ATP-HTVS-89936433B7DC,96034,,,,,,
binding_focused,ATP-HTVS-89F3E6A1D8C1,75298,,,,,,
binding_focused,ATP-HTVS-8A7A96DBFC1E,81218,,,,,,
binding_focused,ATP-HTVS-8A89FEC9078D,30274,,,,,,
binding_focused,ATP-HTVS-8B2F0F11D1D9,80515,,,,,,
binding_focused,ATP-HTVS-8B5B7778DF28,95554,,,,,,
binding_focused,ATP-HTVS-8BC83C5D0DE9,33889,,,,,,
binding_focused,ATP-HTVS-8BE0537C7CD3,54531,,,,,,
binding_focused,ATP-HTVS-8BF32585E280,72579,,,,,,
binding_focused,ATP-HTVS-8BFFC6150277,53633,,,,,,
binding_focused,ATP-HTVS-8C1C7F16DF05,82530,,,,,,
binding_focused,ATP-HTVS-8C32683EF27B,27521,,,,,,
binding_focused,ATP-HTVS-8CA7F3DFAEDE,5090,,,,,,
binding_focused,ATP-HTVS-8D220C5D1AB9,73921,,,,,,
binding_focused,ATP-HTVS-8D32545BC421,99618,,,,,,
binding_focused,ATP-HTVS-8D4A93BCC2C7,20193,,,,,,
binding_focused,ATP-HTVS-8D6261309289,77506,,,,,,
binding_focused,ATP-HTVS-8DFE2090913E,89730,,,,,,
binding_focused,ATP-HTVS-8E104651B898,59169,,,,,,
binding_focused,ATP-HTVS-8E17E50AE6CE,18721,,,,,,
binding_focused,ATP-HTVS-8E1A44B1E9FD,75361,,,,,,
binding_focused,ATP-HTVS-8E25FC822191,86497,,,,,,
binding_focused,ATP-HTVS-8E36F3F2ACA8,64322,,,,,,
binding_focused,ATP-HTVS-8E3D409F2843,55746,,,,,,
binding_focused,ATP-HTVS-8E434DB2B88E,94115,,,,,,
binding_focused,ATP-HTVS-8E5D0C8C0586,48226,,,,,,
binding_focused,ATP-HTVS-8E6E87523B7B,64451,,,,,,
binding_focused,ATP-HTVS-8E7556763F42,90403,,,,,,
binding_focused,ATP-HTVS-8EB0CBA3C42A,28354,,,,,,
binding_focused,ATP-HTVS-8EBB5954A050,85187,,,,,,
binding_focused,ATP-HTVS-8ECA82FC9C79,20066,,,,,,
binding_focused,ATP-HTVS-8EDB8C766CED,78306,,,,,,
binding_focused,ATP-HTVS-8EE5F01B86B2,66145,,,,,,
binding_focused,ATP-HTVS-8F383301D999,83458,,,,,,
binding_focused,ATP-HTVS-8F7863C4F42C,32898,,,,,,
binding_focused,ATP-HTVS-8F8686BB907F,97314,,,,,,
binding_focused,ATP-HTVS-8FAB3387FC95,74083,,,,,,
binding_focused,ATP-HTVS-8FAC22D1DEE3,83011,,,,,,
binding_focused,ATP-HTVS-8FAD4DDE14EC,4418,,,,,,
binding_focused,ATP-HTVS-8FCE9ABFEDC9,96578,,,,,,
binding_focused,ATP-HTVS-8FFDF10521D1,34625,,,,,,
binding_focused,ATP-HTVS-903509DD9171,38371,,,,,,
binding_focused,ATP-HTVS-906C5B8F4575,46978,,,,,,
binding_focused,ATP-HTVS-9071C340676C,91907,,,,,,
binding_focused,ATP-HTVS-90D8E935D6BA,70531,,,,,,
binding_focused,ATP-HTVS-90E2293F5662,27587,,,,,,
binding_focused,ATP-HTVS-90F616328265,99169,,,,,,
binding_focused,ATP-HTVS-9118BAC0F3E5,49857,,,,,,
binding_focused,ATP-HTVS-9126C22B6E5D,23649,,,,,,
binding_focused,ATP-HTVS-91559CC1A0CF,77345,,,,,,
binding_focused,ATP-HTVS-915EA674EB52,76033,,,,,,
binding_focused,ATP-HTVS-917D65E68C1C,37603,,,,,,
binding_focused,ATP-HTVS-917EA3B617CA,53634,,,,,,
binding_focused,ATP-HTVS-91FB2566E9C6,66147,,,,,,
binding_focused,ATP-HTVS-91FE8B97AF5D,74274,,,,,,
binding_focused,ATP-HTVS-925A357E73C9,83553,,,,,,
binding_focused,ATP-HTVS-9261E8E7C16B,37826,,,,,,
binding_focused,ATP-HTVS-9279E9D3CA8E,26337,,,,,,
binding_focused,ATP-HTVS-928F3709654C,80577,,,,,,
binding_focused,ATP-HTVS-92BA88CED8DA,20033,,,,,,
binding_focused,ATP-HTVS-92C487CB2C4B,64961,,,,,,
binding_focused,ATP-HTVS-92D1D8A066E2,26498,,,,,,
binding_focused,ATP-HTVS-92F0D0267220,45570,,,,,,
binding_focused,ATP-HTVS-9352BEE24C86,93634,,,,,,
binding_focused,ATP-HTVS-9360F17A3EC6,75329,,,,,,
binding_focused,ATP-HTVS-9393AACC3570,45122,,,,,,
binding_focused,ATP-HTVS-93C7314F95B0,68035,,,,,,
binding_focused,ATP-HTVS-93CB38BE3680,47971,,,,,,
binding_focused,ATP-HTVS-93E6D0793690,63681,,,,,,
binding_focused,ATP-HTVS-94036CD3F111,91106,,,,,,
binding_focused,ATP-HTVS-94448DA501C0,79074,,,,,,
binding_focused,ATP-HTVS-9480C2297FB5,70563,,,,,,
binding_focused,ATP-HTVS-94941B52F5EC,56161,,,,,,
binding_focused,ATP-HTVS-94D8827D88B0,51299,,,,,,
binding_focused,ATP-HTVS-94FDA1BF8648,94914,,,,,,
binding_focused,ATP-HTVS-9505CBC4E7EE,64641,,,,,,
binding_focused,ATP-HTVS-952C6901247D,71138,,,,,,
binding_focused,ATP-HTVS-9548848ABB82,37537,,,,,,
binding_focused,ATP-HTVS-954980F32CB7,55906,,,,,,
binding_focused,ATP-HTVS-95B9B67075F0,77443,,,,,,
binding_focused,ATP-HTVS-95C9BC6D1CE7,79202,,,,,,
binding_focused,ATP-HTVS-95D1FAD4F080,71875,,,,,,
binding_focused,ATP-HTVS-95D98DD03D76,71298,,,,,,
binding_focused,ATP-HTVS-95EE858F8EEC,89953,,,,,,
binding_focused,ATP-HTVS-96035055C171,32801,,,,,,
binding_focused,ATP-HTVS-9640828E0D0B,57411,,,,,,
binding_focused,ATP-HTVS-96C7A2856398,57953,,,,,,
binding_focused,ATP-HTVS-9702CFD2E9A2,81985,,,,,,
binding_focused,ATP-HTVS-970FBD5470AF,37921,,,,,,
binding_focused,ATP-HTVS-970FD2D7162F,57698,,,,,,
binding_focused,ATP-HTVS-971CA853FA9A,47075,,,,,,
binding_focused,ATP-HTVS-976CFBCF515D,13249,,,,,,
binding_focused,ATP-HTVS-9774402850E8,78433,,,,,,
binding_focused,ATP-HTVS-980C1FC6FC1E,30689,,,,,,
binding_focused,ATP-HTVS-985FC5CCBDCC,91523,,,,,,
binding_focused,ATP-HTVS-986AE7271DA8,70049,,,,,,
binding_focused,ATP-HTVS-9898F3268698,61313,,,,,,
binding_focused,ATP-HTVS-98A0502BF743,60257,,,,,,
binding_focused,ATP-HTVS-98C6C787C9CA,97922,,,,,,
binding_focused,ATP-HTVS-98E751432A52,90242,,,,,,
binding_focused,ATP-HTVS-98EFE7D538B2,77379,,,,,,
binding_focused,ATP-HTVS-99217F2350A2,27618,,,,,,
binding_focused,ATP-HTVS-99483DBEAA78,20963,,,,,,
binding_focused,ATP-HTVS-9967BD998929,72578,,,,,,
binding_focused,ATP-HTVS-99B36318F637,6081,,,,,,
binding_focused,ATP-HTVS-99E4671812AC,87393,,,,,,
binding_focused,ATP-HTVS-9A332D1A0286,27617,,,,,,
binding_focused,ATP-HTVS-9A3A5E055FE2,67235,,,,,,
binding_focused,ATP-HTVS-9A75570B0E27,83009,,,,,,
binding_focused,ATP-HTVS-9A76BB66DB1D,70498,,,,,,
binding_focused,ATP-HTVS-9A86ECE1052E,19937,,,,,,
binding_focused,ATP-HTVS-9AD82B0B5D2D,80610,,,,,,
binding_focused,ATP-HTVS-9AEFC257B6AB,94850,,,,,,
binding_focused,ATP-HTVS-9AF19AD81321,95841,,,,,,
binding_focused,ATP-HTVS-9B930A3F277B,46658,,,,,,
binding_focused,ATP-HTVS-9BFBB44B9744,92161,,,,,,
binding_focused,ATP-HTVS-9C0CB662701B,22849,,,,,,
binding_focused,ATP-HTVS-9C2287A2D630,61441,,,,,,
binding_focused,ATP-HTVS-9C588CAB6516,96290,,,,,,
binding_focused,ATP-HTVS-9C7CAB1133CD,78305,,,,,,
binding_focused,ATP-HTVS-9C9650448F2C,83841,,,,,,
binding_focused,ATP-HTVS-9CB3B225923C,39555,,,,,,
binding_focused,ATP-HTVS-9CE7151F0CF5,20835,,,,,,
binding_focused,ATP-HTVS-9D3CA67459E0,67746,,,,,,
binding_focused,ATP-HTVS-9D856A339FA1,23650,,,,,,
binding_focused,ATP-HTVS-9D863030CFC5,78209,,,,,,
binding_focused,ATP-HTVS-9DA78F477298,97857,,,,,,
binding_focused,ATP-HTVS-9DADF577E8AC,41122,,,,,,
binding_focused,ATP-HTVS-9DBDBA397665,91489,,,,,,
binding_focused,ATP-HTVS-9DFA3785F0DB,83778,,,,,,
binding_focused,ATP-HTVS-9E45A7CB1B23,24003,,,,,,
binding_focused,ATP-HTVS-9E60DE94BDF0,48290,,,,,,
binding_focused,ATP-HTVS-9F0B8180A605,37283,,,,,,
binding_focused,ATP-HTVS-9F37D3A44946,93826,,,,,,
binding_focused,ATP-HTVS-9F5103B68EB9,61826,,,,,,
binding_focused,ATP-HTVS-9F7EB006111C,2945,,,,,,
binding_focused,ATP-HTVS-9F81472CEEC6,90627,,,,,,
binding_focused,ATP-HTVS-9F81613398D9,73347,,,,,,
binding_focused,ATP-HTVS-9F8F78EE592C,70659,,,,,,
binding_focused,ATP-HTVS-9F9A426F6493,36611,,,,,,
binding_focused,ATP-HTVS-A05CBA531631,30147,,,,,,
binding_focused,ATP-HTVS-A0BE83379585,57251,,,,,,
binding_focused,ATP-HTVS-A0DD4911ADFC,80834,,,,,,
binding_focused,ATP-HTVS-A10345D75118,25475,,,,,,
binding_focused,ATP-HTVS-A11F200701F2,51714,,,,,,
binding_focused,ATP-HTVS-A12862845571,36162,,,,,,
binding_focused,ATP-HTVS-A1381500D8FF,28897,,,,,,
binding_focused,ATP-HTVS-A1F737581FBF,84547,,,,,,
binding_focused,ATP-HTVS-A20FC30C18FA,37827,,,,,,
binding_focused,ATP-HTVS-A257C47BE0F3,3587,,,,,,
binding_focused,ATP-HTVS-A25C4EA68E32,90658,,,,,,
binding_focused,ATP-HTVS-A27D1CDFC59C,12003,,,,,,
binding_focused,ATP-HTVS-A286808FA942,81442,,,,,,
binding_focused,ATP-HTVS-A28F95EF9540,45281,,,,,,
binding_focused,ATP-HTVS-A2CFD20ABAD2,83203,,,,,,
binding_focused,ATP-HTVS-A2EC0CC51325,66753,,,,,,
binding_focused,ATP-HTVS-A2ECE24B89CB,24515,,,,,,
binding_focused,ATP-HTVS-A2FDB4A8FB56,72417,,,,,,
binding_focused,ATP-HTVS-A305C0BD9D10,76386,,,,,,
binding_focused,ATP-HTVS-A343C43AF9EC,23169,,,,,,
binding_focused,ATP-HTVS-A345DB3E7236,69795,,,,,,
binding_focused,ATP-HTVS-A361D156A19C,49762,,,,,,
binding_focused,ATP-HTVS-A38ED211E8B3,94083,,,,,,
binding_focused,ATP-HTVS-A3A98DB30213,66146,,,,,,
binding_focused,ATP-HTVS-A3FFA90B66AA,58403,,,,,,
binding_focused,ATP-HTVS-A44EAAD38847,47618,,,,,,
binding_focused,ATP-HTVS-A459F36766D8,51650,,,,,,
binding_focused,ATP-HTVS-A4810EBC0F15,61601,,,,,,
binding_focused,ATP-HTVS-A4BDF0A6C58A,61058,,,,,,
binding_focused,ATP-HTVS-A4F2667C3349,72738,,,,,,
binding_focused,ATP-HTVS-A521B3182CFE,21155,,,,,,
binding_focused,ATP-HTVS-A5353E166184,71683,,,,,,
binding_focused,ATP-HTVS-A53B334F5824,50977,,,,,,
binding_focused,ATP-HTVS-A5A2B8D72F00,38882,,,,,,
binding_focused,ATP-HTVS-A5C0EA33BE09,60675,,,,,,
binding_focused,ATP-HTVS-A6599D500180,29250,,,,,,
binding_focused,ATP-HTVS-A67C5EBB60CA,75841,,,,,,
binding_focused,ATP-HTVS-A67DD6FB98A9,70562,,,,,,
binding_focused,ATP-HTVS-A6800539A705,75618,,,,,,
binding_focused,ATP-HTVS-A693217A85AE,38275,,,,,,
binding_focused,ATP-HTVS-A6940AB4AD1D,24387,,,,,,
binding_focused,ATP-HTVS-A6CB9DE84F6F,84034,,,,,,
binding_focused,ATP-HTVS-A6D74CA540BA,89537,,,,,,
binding_focused,ATP-HTVS-A7093622CBF0,20771,,,,,,
binding_focused,ATP-HTVS-A719F0D3C4DA,74594,,,,,,
binding_focused,ATP-HTVS-A7693842EDE7,83074,,,,,,
binding_focused,ATP-HTVS-A7BD7D96AE57,4451,,,,,,
binding_focused,ATP-HTVS-A7EE593102BF,33505,,,,,,
binding_focused,ATP-HTVS-A8111C46748E,73794,,,,,,
binding_focused,ATP-HTVS-A820F1D60548,63138,,,,,,
binding_focused,ATP-HTVS-A844998385F9,77505,,,,,,
binding_focused,ATP-HTVS-A845026C7E40,91522,,,,,,
binding_focused,ATP-HTVS-A8555051B7A8,26369,,,,,,
binding_focused,ATP-HTVS-A86A798575A4,98241,,,,,,
binding_focused,ATP-HTVS-A89DA5D53108,97121,,,,,,
binding_focused,ATP-HTVS-A8B79B8D9CE4,98466,,,,,,
binding_focused,ATP-HTVS-A8F9662136B7,83170,,,,,,
binding_focused,ATP-HTVS-A8FD4BE75532,89409,,,,,,
binding_focused,ATP-HTVS-A9326BC55FC3,99138,,,,,,
binding_focused,ATP-HTVS-A949B56C75C5,93891,,,,,,
binding_focused,ATP-HTVS-A9572D0B6B20,80417,,,,,,
binding_focused,ATP-HTVS-A95E57B9EC2C,50113,,,,,,
binding_focused,ATP-HTVS-A9E2ECE51DBC,47937,,,,,,
binding_focused,ATP-HTVS-AAAC0953A4ED,31555,,,,,,
binding_focused,ATP-HTVS-AACA343AA4DE,52321,,,,,,
binding_focused,ATP-HTVS-AAD4045BFE18,82595,,,,,,
binding_focused,ATP-HTVS-AAEC409DC9E3,32515,,,,,,
binding_focused,ATP-HTVS-AB4BD250F7B6,81346,,,,,,
binding_focused,ATP-HTVS-AB5753B8B47E,40737,,,,,,
binding_focused,ATP-HTVS-AB5D2E649063,94019,,,,,,
binding_focused,ATP-HTVS-AB6A0F8FBF12,18977,,,,,,
binding_focused,ATP-HTVS-ABB27A5BB422,32386,,,,,,
binding_focused,ATP-HTVS-AC48CD61B4D9,74881,,,,,,
binding_focused,ATP-HTVS-AC6C82062264,64258,,,,,,
binding_focused,ATP-HTVS-AC71774ACC4B,91074,,,,,,
binding_focused,ATP-HTVS-ACBE41267A18,4290,,,,,,
binding_focused,ATP-HTVS-AD26772F5837,35617,,,,,,
binding_focused,ATP-HTVS-AD556EC8B5E3,32131,,,,,,
binding_focused,ATP-HTVS-AD7BC7F537E7,96482,,,,,,
binding_focused,ATP-HTVS-AD7D334F30DB,88673,,,,,,
binding_focused,ATP-HTVS-AD7FACE11FDD,91810,,,,,,
binding_focused,ATP-HTVS-AD7FBCC01633,85217,,,,,,
binding_focused,ATP-HTVS-ADC6A568E437,96738,,,,,,
binding_focused,ATP-HTVS-ADEEA10F1B91,88065,,,,,,
binding_focused,ATP-HTVS-ADF1B73D9E23,85507,,,,,,
binding_focused,ATP-HTVS-ADFEB0A5CD8C,55939,,,,,,
binding_focused,ATP-HTVS-AE2593E94038,97890,,,,,,
binding_focused,ATP-HTVS-AE73BF67DB9D,5410,,,,,,
binding_focused,ATP-HTVS-AE7F15E1977E,5761,,,,,,
binding_focused,ATP-HTVS-AE8349DE7653,92993,,,,,,
binding_focused,ATP-HTVS-AEA5EF37F369,76161,,,,,,
binding_focused,ATP-HTVS-AEC4D9F1E0F4,72001,,,,,,
binding_focused,ATP-HTVS-AEE242E516D8,90657,,,,,,
binding_focused,ATP-HTVS-AF0D06B60C3E,79234,,,,,,
binding_focused,ATP-HTVS-AF24076E5CF3,48513,,,,,,
binding_focused,ATP-HTVS-AF546DDC8B5A,39811,,,,,,
binding_focused,ATP-HTVS-AF6DFEAC4438,77891,,,,,,
binding_focused,ATP-HTVS-AFAE325C96BD,30114,,,,,,
binding_focused,ATP-HTVS-AFB94CABAED0,95970,,,,,,
binding_focused,ATP-HTVS-AFD6D96F704F,43106,,,,,,
binding_focused,ATP-HTVS-AFF6C4F7FD39,48355,,,,,,
binding_focused,ATP-HTVS-B00F3517908E,71715,,,,,,
binding_focused,ATP-HTVS-B0742D29E2ED,92481,,,,,,
binding_focused,ATP-HTVS-B0A71AB87D72,74467,,,,,,
binding_focused,ATP-HTVS-B0AB4541452E,78753,,,,,,
binding_focused,ATP-HTVS-B0B19F009301,74529,,,,,,
binding_focused,ATP-HTVS-B107F9A324A3,20065,,,,,,
binding_focused,ATP-HTVS-B13A57A9D1F9,98178,,,,,,
binding_focused,ATP-HTVS-B13D85D04AEE,97953,,,,,,
binding_focused,ATP-HTVS-B16CEB425A58,94497,,,,,,
binding_focused,ATP-HTVS-B1D0FF1C8AAB,46850,,,,,,
binding_focused,ATP-HTVS-B1DCCC83FEFE,30595,,,,,,
binding_focused,ATP-HTVS-B1E26FAB67D9,85443,,,,,,
binding_focused,ATP-HTVS-B1FBA11D65B8,53251,,,,,,
binding_focused,ATP-HTVS-B23516995CCF,60194,,,,,,
binding_focused,ATP-HTVS-B262751D15E7,44706,,,,,,
binding_focused,ATP-HTVS-B278BB2953A5,37281,,,,,,
binding_focused,ATP-HTVS-B31ECD8B9A27,61603,,,,,,
binding_focused,ATP-HTVS-B34C30ECDBCB,67107,,,,,,
binding_focused,ATP-HTVS-B36D0C358EAD,4321,,,,,,
binding_focused,ATP-HTVS-B383260168BF,80993,,,,,,
binding_focused,ATP-HTVS-B3F47181DC5D,83746,,,,,,
binding_focused,ATP-HTVS-B3FE097D1043,69827,,,,,,
binding_focused,ATP-HTVS-B41566EF3893,35267,,,,,,
binding_focused,ATP-HTVS-B46E603BFCD4,92482,,,,,,
binding_focused,ATP-HTVS-B476F40F800C,74499,,,,,,
binding_focused,ATP-HTVS-B47DAEDE372B,98082,,,,,,
binding_focused,ATP-HTVS-B48F3FD049EC,23970,,,,,,
binding_focused,ATP-HTVS-B4E8E29A2CD9,62147,,,,,,
binding_focused,ATP-HTVS-B4F34B52DEEF,77313,,,,,,
binding_focused,ATP-HTVS-B4FC20780B21,37219,,,,,,
binding_focused,ATP-HTVS-B51F80196405,56163,,,,,,
binding_focused,ATP-HTVS-B56D8AC3A406,90241,,,,,,
binding_focused,ATP-HTVS-B586963EE7FB,61506,,,,,,
binding_focused,ATP-HTVS-B5A4F958CC31,90915,,,,,,
binding_focused,ATP-HTVS-B612A35BE18C,36227,,,,,,
binding_focused,ATP-HTVS-B6233BB79AF7,58179,,,,,,
binding_focused,ATP-HTVS-B64EA431F59B,47873,,,,,,
binding_focused,ATP-HTVS-B64FB026F9D3,80449,,,,,,
binding_focused,ATP-HTVS-B6843249DE88,60162,,,,,,
binding_focused,ATP-HTVS-B685FDB22E51,6466,,,,,,
binding_focused,ATP-HTVS-B699C037922C,89506,,,,,,
binding_focused,ATP-HTVS-B6BB4D9D6C90,17793,,,,,,
binding_focused,ATP-HTVS-B6C483C4EE45,81410,,,,,,
binding_focused,ATP-HTVS-B7334B97F240,76226,,,,,,
binding_focused,ATP-HTVS-B7368E70BBC8,27201,,,,,,
binding_focused,ATP-HTVS-B7604789CEBF,58530,,,,,,
binding_focused,ATP-HTVS-B77025854F9D,70979,,,,,,
binding_focused,ATP-HTVS-B798CBAC6C44,96577,,,,,,
binding_focused,ATP-HTVS-B7AB07A15A31,78435,,,,,,
binding_focused,ATP-HTVS-B7C68EF5FFDC,82755,,,,,,
binding_focused,ATP-HTVS-B7CF3B4EBACD,53986,,,,,,
binding_focused,ATP-HTVS-B7FF2C0C64E6,74275,,,,,,
binding_focused,ATP-HTVS-B8017292FA6C,98081,,,,,,
binding_focused,ATP-HTVS-B8459B836830,67074,,,,,,
binding_focused,ATP-HTVS-B847417F307C,85761,,,,,,
binding_focused,ATP-HTVS-B860A68943EF,83874,,,,,,
binding_focused,ATP-HTVS-B88C39A42AA7,71075,,,,,,
binding_focused,ATP-HTVS-B8A979A70D7E,85859,,,,,,
binding_focused,ATP-HTVS-B8D4F4CA2980,25249,,,,,,
binding_focused,ATP-HTVS-B976229D01A0,68866,,,,,,
binding_focused,ATP-HTVS-B989B97EF6F5,36002,,,,,,
binding_focused,ATP-HTVS-B99F6A8D80C4,82786,,,,,,
binding_focused,ATP-HTVS-B9C46F2E092C,80163,,,,,,
binding_focused,ATP-HTVS-B9E16686FC4A,78977,,,,,,
binding_focused,ATP-HTVS-BA05F8BAE026,80994,,,,,,
binding_focused,ATP-HTVS-BA0E3BFA8388,95713,,,,,,
binding_focused,ATP-HTVS-BAB35535B111,81859,,,,,,
binding_focused,ATP-HTVS-BAD00D53E534,97889,,,,,,
binding_focused,ATP-HTVS-BAE9605F8CCC,24769,,,,,,
binding_focused,ATP-HTVS-BAF1AE5D2B14,74082,,,,,,
binding_focused,ATP-HTVS-BAFA4202ACED,96321,,,,,,
binding_focused,ATP-HTVS-BB0F51DCED8B,87587,,,,,,
binding_focused,ATP-HTVS-BB2B7EB3D06A,85442,,,,,,
binding_focused,ATP-HTVS-BB30DC3CF26F,67810,,,,,,
binding_focused,ATP-HTVS-BB3EB03EB4C6,57699,,,,,,
binding_focused,ATP-HTVS-BB81D0256EE3,80641,,,,,,
binding_focused,ATP-HTVS-BBA3AD223423,28035,,,,,,
binding_focused,ATP-HTVS-BBB01994AF2B,80578,,,,,,
binding_focused,ATP-HTVS-BBE6E61B6745,84578,,,,,,
binding_focused,ATP-HTVS-BBF7556FA5C3,44579,,,,,,
binding_focused,ATP-HTVS-BC2B8699145A,70561,,,,,,
binding_focused,ATP-HTVS-BCAE8AB499DF,82881,,,,,,
binding_focused,ATP-HTVS-BCB25216F396,83875,,,,,,
binding_focused,ATP-HTVS-BCB37E169801,66851,,,,,,
binding_focused,ATP-HTVS-BCEA86BEEC0A,20258,,,,,,
binding_focused,ATP-HTVS-BD03C735BC89,84035,,,,,,
binding_focused,ATP-HTVS-BD0B30D0980B,63267,,,,,,
binding_focused,ATP-HTVS-BD172DBF0B92,62243,,,,,,
binding_focused,ATP-HTVS-BD1ED4B7B841,91779,,,,,,
binding_focused,ATP-HTVS-BD741E539D0D,23235,,,,,,
binding_focused,ATP-HTVS-BD9D807D92EC,94305,,,,,,
binding_focused,ATP-HTVS-BDB37C4B0D07,53090,,,,,,
binding_focused,ATP-HTVS-BDBBABCD42A1,50114,,,,,,
binding_focused,ATP-HTVS-BDBFEED18423,61698,,,,,,
binding_focused,ATP-HTVS-BDC9F9AD9B20,33281,,,,,,
binding_focused,ATP-HTVS-BDD1C4453981,38147,,,,,,
binding_focused,ATP-HTVS-BE0949FFEA46,84483,,,,,,
binding_focused,ATP-HTVS-BE25F64FE980,42785,,,,,,
binding_focused,ATP-HTVS-BE2C9D7D83B9,57441,,,,,,
binding_focused,ATP-HTVS-BE963CFE3042,38017,,,,,,
binding_focused,ATP-HTVS-BEC4D7C74EFC,70658,,,,,,
binding_focused,ATP-HTVS-BECDF8C854B5,82305,,,,,,
binding_focused,ATP-HTVS-BF2AFCF05426,93699,,,,,,
binding_focused,ATP-HTVS-BF383207F30E,28642,,,,,,
binding_focused,ATP-HTVS-BF68A4285DB1,42338,,,,,,
binding_focused,ATP-HTVS-BF6C9643780C,85186,,,,,,
binding_focused,ATP-HTVS-BF826A7B469A,89442,,,,,,
binding_focused,ATP-HTVS-BF8F947D0493,34082,,,,,,
binding_focused,ATP-HTVS-BFC0901B6A3C,76930,,,,,,
binding_focused,ATP-HTVS-BFD5BCAF9717,52961,,,,,,
binding_focused,ATP-HTVS-BFEA0E4C0B7C,74657,,,,,,
binding_focused,ATP-HTVS-C038EE4FCBA5,94113,,,,,,
binding_focused,ATP-HTVS-C0568328686F,39681,,,,,,
binding_focused,ATP-HTVS-C0772D58369C,99330,,,,,,
binding_focused,ATP-HTVS-C09627CFBEE5,62882,,,,,,
binding_focused,ATP-HTVS-C0A883403093,80579,,,,,,
binding_focused,ATP-HTVS-C0ADD803E371,28353,,,,,,
binding_focused,ATP-HTVS-C0B01F645FC7,95074,,,,,,
binding_focused,ATP-HTVS-C0E7239EA73D,94018,,,,,,
binding_focused,ATP-HTVS-C10AA91B306E,67713,,,,,,
binding_focused,ATP-HTVS-C12B4C379970,35235,,,,,,
binding_focused,ATP-HTVS-C13B253881A4,36801,,,,,,
binding_focused,ATP-HTVS-C1848F46B113,80386,,,,,,
binding_focused,ATP-HTVS-C188770C1FD9,20962,,,,,,
binding_focused,ATP-HTVS-C1AB9EDC96AF,72801,,,,,,
binding_focused,ATP-HTVS-C2A68E9F7CC7,44385,,,,,,
binding_focused,ATP-HTVS-C2B7985A0F3E,34305,,,,,,
binding_focused,ATP-HTVS-C302107B3554,71682,,,,,,
binding_focused,ATP-HTVS-C31215E10DA6,83714,,,,,,
binding_focused,ATP-HTVS-C36315435956,60258,,,,,,
binding_focused,ATP-HTVS-C36F7D03654F,89441,,,,,,
binding_focused,ATP-HTVS-C3768FC48E4A,87394,,,,,,
binding_focused,ATP-HTVS-C384A8554A98,76354,,,,,,
binding_focused,ATP-HTVS-C39BEF6539AB,4355,,,,,,
binding_focused,ATP-HTVS-C3A30B83BBDA,88483,,,,,,
binding_focused,ATP-HTVS-C3FA166C1ADD,36707,,,,,,
binding_focused,ATP-HTVS-C3FD34132B6A,71490,,,,,,
binding_focused,ATP-HTVS-C40016FC0CB2,70721,,,,,,
binding_focused,ATP-HTVS-C4138656EE80,36610,,,,,,
binding_focused,ATP-HTVS-C445C351F9C8,47970,,,,,,
binding_focused,ATP-HTVS-C4778BDFFC37,75843,,,,,,
binding_focused,ATP-HTVS-C4893C1BFF55,25250,,,,,,
binding_focused,ATP-HTVS-C4C9929F3284,78403,,,,,,
binding_focused,ATP-HTVS-C4D43EEF7CE1,98690,,,,,,
binding_focused,ATP-HTVS-C55276015D5E,97217,,,,,,
binding_focused,ATP-HTVS-C563D945857F,80867,,,,,,
binding_focused,ATP-HTVS-C59D75D09D12,68706,,,,,,
binding_focused,ATP-HTVS-C5A7FD400424,82753,,,,,,
binding_focused,ATP-HTVS-C615FEE5992B,53122,,,,,,
binding_focused,ATP-HTVS-C6A6F28FFA03,82401,,,,,,
binding_focused,ATP-HTVS-C6C7CCEB60F2,73954,,,,,,
binding_focused,ATP-HTVS-C725FB5B69C4,56739,,,,,,
binding_focused,ATP-HTVS-C74806D7CD52,53537,,,,,,
binding_focused,ATP-HTVS-C78E55448419,80034,,,,,,
binding_focused,ATP-HTVS-C7A4A85DE6AC,94051,,,,,,
binding_focused,ATP-HTVS-C7C112B42D2F,79778,,,,,,
binding_focused,ATP-HTVS-C7E1AC016800,99361,,,,,,
binding_focused,ATP-HTVS-C7F6DF534483,73346,,,,,,
binding_focused,ATP-HTVS-C81E0B2D019D,80098,,,,,,
binding_focused,ATP-HTVS-C853ACB1A86B,96802,,,,,,
binding_focused,ATP-HTVS-C88FA91C4E8E,75201,,,,,,
binding_focused,ATP-HTVS-C894FAAE5B10,4706,,,,,,
binding_focused,ATP-HTVS-C8A46F369ED4,99810,,,,,,
binding_focused,ATP-HTVS-C8D8BA0AA9EF,75042,,,,,,
binding_focused,ATP-HTVS-C8F29258BF11,76962,,,,,,
binding_focused,ATP-HTVS-C9013CEACAA9,79266,,,,,,
binding_focused,ATP-HTVS-C924AED67E53,55841,,,,,,
binding_focused,ATP-HTVS-C9308A7164FF,83843,,,,,,
binding_focused,ATP-HTVS-C930A8816DDB,3521,,,,,,
binding_focused,ATP-HTVS-C97E366A40B5,96353,,,,,,
binding_focused,ATP-HTVS-C9B00227BFE8,37217,,,,,,
binding_focused,ATP-HTVS-C9CB4EF32822,20449,,,,,,
binding_focused,ATP-HTVS-C9E144645171,38689,,,,,,
binding_focused,ATP-HTVS-CA08B0F5D119,66561,,,,,,
binding_focused,ATP-HTVS-CA5141603A6E,62146,,,,,,
binding_focused,ATP-HTVS-CA6523C86104,32322,,,,,,
binding_focused,ATP-HTVS-CA9A4676B579,80962,,,,,,
binding_focused,ATP-HTVS-CAF3F282F1EC,86531,,,,,,
binding_focused,ATP-HTVS-CAF437F0E3C3,42177,,,,,,
binding_focused,ATP-HTVS-CB056AB5514A,67811,,,,,,
binding_focused,ATP-HTVS-CB08F8B01966,54499,,,,,,
binding_focused,ATP-HTVS-CB100B4C9F83,73827,,,,,,
binding_focused,ATP-HTVS-CB3D9B3FDDC1,36449,,,,,,
binding_focused,ATP-HTVS-CB3E61D945F3,58177,,,,,,
binding_focused,ATP-HTVS-CB568D2EE5B9,70083,,,,,,
binding_focused,ATP-HTVS-CBC473663EF6,80195,,,,,,
binding_focused,ATP-HTVS-CBCD19AD9C21,69538,,,,,,
binding_focused,ATP-HTVS-CC01DAB978DA,59971,,,,,,
binding_focused,ATP-HTVS-CC453EE4B1F8,68963,,,,,,
binding_focused,ATP-HTVS-CC5603E93E79,80513,,,,,,
binding_focused,ATP-HTVS-CC671C1EED81,79682,,,,,,
binding_focused,ATP-HTVS-CC7A8C42BA33,30369,,,,,,
binding_focused,ATP-HTVS-CC7F9EDA8956,76001,,,,,,
binding_focused,ATP-HTVS-CC86D79AEE13,84610,,,,,,
binding_focused,ATP-HTVS-CCF7E888A475,26563,,,,,,
binding_focused,ATP-HTVS-CD22DC9E9474,28033,,,,,,
binding_focused,ATP-HTVS-CD3E1774443F,28194,,,,,,
binding_focused,ATP-HTVS-CD664E950D6F,34817,,,,,,
binding_focused,ATP-HTVS-CD6AA4CFEADB,78050,,,,,,
binding_focused,ATP-HTVS-CD84540442E8,70081,,,,,,
binding_focused,ATP-HTVS-CDA0FA66D084,72961,,,,,,
binding_focused,ATP-HTVS-CDB030173D15,66242,,,,,,
binding_focused,ATP-HTVS-CDFFE8C73978,78019,,,,,,
binding_focused,ATP-HTVS-CE0C62FD8EFC,70435,,,,,,
binding_focused,ATP-HTVS-CE22382A0684,74817,,,,,,
binding_focused,ATP-HTVS-CE83EECF0A09,37763,,,,,,
binding_focused,ATP-HTVS-CE85F8224252,69185,,,,,,
binding_focused,ATP-HTVS-CEA6734F7F3C,98242,,,,,,
binding_focused,ATP-HTVS-CEB5A32F933D,98433,,,,,,
binding_focused,ATP-HTVS-CEC01CDE00B1,94818,,,,,,
binding_focused,ATP-HTVS-CED8BA7CA394,18338,,,,,,
binding_focused,ATP-HTVS-CEDCE5F1BEB7,20034,,,,,,
binding_focused,ATP-HTVS-CEF12CE4FD32,29538,,,,,,
binding_focused,ATP-HTVS-CF29C556AE01,40739,,,,,,
binding_focused,ATP-HTVS-CF9A421CD50D,33410,,,,,,
binding_focused,ATP-HTVS-CFB2EA2F52FD,81570,,,,,,
binding_focused,ATP-HTVS-D0257FD59117,53153,,,,,,
binding_focused,ATP-HTVS-D02CBBC5B48D,78915,,,,,,
binding_focused,ATP-HTVS-D0CA976BC689,29859,,,,,,
binding_focused,ATP-HTVS-D0D9A6B890A3,89250,,,,,,
binding_focused,ATP-HTVS-D102EB8CAB11,61025,,,,,,
binding_focused,ATP-HTVS-D1462A8BE621,82146,,,,,,
binding_focused,ATP-HTVS-D18D68753065,80611,,,,,,
binding_focused,ATP-HTVS-D190FC844C9E,99170,,,,,,
binding_focused,ATP-HTVS-D1A5509321EA,16609,,,,,,
binding_focused,ATP-HTVS-D1F1286C5AB6,82883,,,,,,
binding_focused,ATP-HTVS-D22CA90FC022,53539,,,,,,
binding_focused,ATP-HTVS-D254F911DFD1,51233,,,,,,
binding_focused,ATP-HTVS-D2D0A1D4326E,73153,,,,,,
binding_focused,ATP-HTVS-D33A0E291F08,23651,,,,,,
binding_focused,ATP-HTVS-D35090C63096,84674,,,,,,
binding_focused,ATP-HTVS-D35FD22B1728,77186,,,,,,
binding_focused,ATP-HTVS-D3717771288C,76993,,,,,,
binding_focused,ATP-HTVS-D38DE888E88F,70401,,,,,,
binding_focused,ATP-HTVS-D3913B8FBCFA,93186,,,,,,
binding_focused,ATP-HTVS-D3B4C31C9E9F,23329,,,,,,
binding_focused,ATP-HTVS-D3B596BB619E,74947,,,,,,
binding_focused,ATP-HTVS-D3D42427DD6F,94017,,,,,,
binding_focused,ATP-HTVS-D41B937429B7,86307,,,,,,
binding_focused,ATP-HTVS-D45BC7EA8057,70339,,,,,,
binding_focused,ATP-HTVS-D4881A2AC8A2,51649,,,,,,
binding_focused,ATP-HTVS-D49B0A10993C,27586,,,,,,
binding_focused,ATP-HTVS-D4AE6553B313,87906,,,,,,
binding_focused,ATP-HTVS-D4B05735BAC4,50594,,,,,,
binding_focused,ATP-HTVS-D4C1A78D47F2,58401,,,,,,
binding_focused,ATP-HTVS-D4F4D34A0DC7,514,,,,,,
binding_focused,ATP-HTVS-D51006C467E8,12578,,,,,,
binding_focused,ATP-HTVS-D52094086515,83715,,,,,,
binding_focused,ATP-HTVS-D53BE49171F7,23619,,,,,,
binding_focused,ATP-HTVS-D57D92118EC0,78850,,,,,,
binding_focused,ATP-HTVS-D57FDE5925BA,51522,,,,,,
binding_focused,ATP-HTVS-D5881C68A9EC,95073,,,,,,
binding_focused,ATP-HTVS-D5ACD41550DD,96737,,,,,,
binding_focused,ATP-HTVS-D5ACDDA463EA,75745,,,,,,
binding_focused,ATP-HTVS-D6043925B579,66273,,,,,,
binding_focused,ATP-HTVS-D60AE40A828F,84162,,,,,,
binding_focused,ATP-HTVS-D63540CFF382,77571,,,,,,
binding_focused,ATP-HTVS-D650FAE25B13,75203,,,,,,
binding_focused,ATP-HTVS-D65E1879A1C4,90530,,,,,,
binding_focused,ATP-HTVS-D67E347CF5B0,32641,,,,,,
binding_focused,ATP-HTVS-D68829BAAF56,35266,,,,,,
binding_focused,ATP-HTVS-D6CA2B69D609,57026,,,,,,
binding_focused,ATP-HTVS-D7583D638CF7,84707,,,,,,
binding_focused,ATP-HTVS-D76C38158727,59906,,,,,,
binding_focused,ATP-HTVS-D773B3DD8BD5,77090,,,,,,
binding_focused,ATP-HTVS-D78134F4C173,91073,,,,,,
binding_focused,ATP-HTVS-D7F859CCB519,2849,,,,,,
binding_focused,ATP-HTVS-D7FBECEDF81C,79746,,,,,,
binding_focused,ATP-HTVS-D806BF0778F9,63233,,,,,,
binding_focused,ATP-HTVS-D820D8B9E61C,28163,,,,,,
binding_focused,ATP-HTVS-D831575BA0F0,75715,,,,,,
binding_focused,ATP-HTVS-D839BC34DAE7,4771,,,,,,
binding_focused,ATP-HTVS-D86CED65A6E1,74497,,,,,,
binding_focused,ATP-HTVS-D8D752145B88,75714,,,,,,
binding_focused,ATP-HTVS-D8E733A39BE5,30819,,,,,,
binding_focused,ATP-HTVS-D9159AF95984,74371,,,,,,
binding_focused,ATP-HTVS-D925B2862DC5,91491,,,,,,
binding_focused,ATP-HTVS-D928A6F83D7E,93473,,,,,,
binding_focused,ATP-HTVS-D93071962BA3,31554,,,,,,
binding_focused,ATP-HTVS-D9724DB0D106,63362,,,,,,
binding_focused,ATP-HTVS-DAC48F0443BB,71459,,,,,,
binding_focused,ATP-HTVS-DADEC6686275,95745,,,,,,
binding_focused,ATP-HTVS-DB2D048ED873,53154,,,,,,
binding_focused,ATP-HTVS-DB45F9B4D40D,94625,,,,,,
binding_focused,ATP-HTVS-DB6DF45B456E,23457,,,,,,
binding_focused,ATP-HTVS-DB94924E5291,95553,,,,,,
binding_focused,ATP-HTVS-DB99DC1A003A,67553,,,,,,
binding_focused,ATP-HTVS-DBA84DBB4449,75299,,,,,,
binding_focused,ATP-HTVS-DBCC5241A393,4707,,,,,,
binding_focused,ATP-HTVS-DC065C207C84,1282,,,,,,
binding_focused,ATP-HTVS-DC18FC237305,12291,,,,,,
binding_focused,ATP-HTVS-DC20B32D34B9,85249,,,,,,
binding_focused,ATP-HTVS-DC6B7BCD18A9,22914,,,,,,
binding_focused,ATP-HTVS-DC74BD16E68F,93697,,,,,,
binding_focused,ATP-HTVS-DCC6353C2378,60993,,,,,,
binding_focused,ATP-HTVS-DCF81E89AD2E,18466,,,,,,
binding_focused,ATP-HTVS-DD1946FA5AC5,93185,,,,,,
binding_focused,ATP-HTVS-DD420CB019C5,66339,,,,,,
binding_focused,ATP-HTVS-DD59A7F9A26E,30113,,,,,,
binding_focused,ATP-HTVS-DD7A369608E2,55074,,,,,,
binding_focused,ATP-HTVS-DDBB6FEB6103,43170,,,,,,
binding_focused,ATP-HTVS-DDC2C96F44C1,78947,,,,,,
binding_focused,ATP-HTVS-DDCEA98BB6BE,81569,,,,,,
binding_focused,ATP-HTVS-DDD75C103081,34241,,,,,,
binding_focused,ATP-HTVS-DDECBBA12C43,32899,,,,,,
binding_focused,ATP-HTVS-DE3670B8C5ED,53473,,,,,,
binding_focused,ATP-HTVS-DED96A59EB26,77315,,,,,,
binding_focused,ATP-HTVS-DF13A29C86DC,74403,,,,,,
binding_focused,ATP-HTVS-DF25A3EF4846,92450,,,,,,
binding_focused,ATP-HTVS-DF2EF65723F2,77667,,,,,,
binding_focused,ATP-HTVS-DF60AB231AB0,75491,,,,,,
binding_focused,ATP-HTVS-DF8AF7E8BFB3,30433,,,,,,
binding_focused,ATP-HTVS-DF95DE08029D,59970,,,,,,
binding_focused,ATP-HTVS-DF96FF74234A,32323,,,,,,
binding_focused,ATP-HTVS-DFB30BBC8B3D,65474,,,,,,
binding_focused,ATP-HTVS-DFD60D9DE448,62242,,,,,,
binding_focused,ATP-HTVS-DFE69C12D963,69825,,,,,,
binding_focused,ATP-HTVS-E0074D38582E,55073,,,,,,
binding_focused,ATP-HTVS-E00D3A602E3C,48993,,,,,,
binding_focused,ATP-HTVS-E027274C2018,1953,,,,,,
binding_focused,ATP-HTVS-E0444895C82B,63873,,,,,,
binding_focused,ATP-HTVS-E05E864FAEC7,61057,,,,,,
binding_focused,ATP-HTVS-E0849D225AC7,3554,,,,,,
binding_focused,ATP-HTVS-E08CF4D489F1,75427,,,,,,
binding_focused,ATP-HTVS-E08F75BAC913,81122,,,,,,
binding_focused,ATP-HTVS-E0D09F3A28CB,93633,,,,,,
binding_focused,ATP-HTVS-E0E8748999A4,82849,,,,,,
binding_focused,ATP-HTVS-E124973F868C,75906,,,,,,
binding_focused,ATP-HTVS-E14A9B461B4E,20705,,,,,,
binding_focused,ATP-HTVS-E1C245C409AF,78465,,,,,,
binding_focused,ATP-HTVS-E1C6EE43BDB1,58563,,,,,,
binding_focused,ATP-HTVS-E1CE322086D6,92705,,,,,,
binding_focused,ATP-HTVS-E1EEBF193F90,39106,,,,,,
binding_focused,ATP-HTVS-E2020C00AE4E,70850,,,,,,
binding_focused,ATP-HTVS-E20398B5FF99,20961,,,,,,
binding_focused,ATP-HTVS-E22DE85EEE62,82273,,,,,,
binding_focused,ATP-HTVS-E2321FC28CB2,69889,,,,,,
binding_focused,ATP-HTVS-E2660D394356,62850,,,,,,
binding_focused,ATP-HTVS-E27332E37A66,84834,,,,,,
binding_focused,ATP-HTVS-E298C966C019,61537,,,,,,
binding_focused,ATP-HTVS-E2A28C61F774,89313,,,,,,
binding_focused,ATP-HTVS-E2AE692EC3A5,69985,,,,,,
binding_focused,ATP-HTVS-E2D3668E21DF,35265,,,,,,
binding_focused,ATP-HTVS-E317819F970C,32035,,,,,,
binding_focused,ATP-HTVS-E340B301DB22,93474,,,,,,
binding_focused,ATP-HTVS-E35DF7DBF452,50818,,,,,,
binding_focused,ATP-HTVS-E366C71D7075,82403,,,,,,
binding_focused,ATP-HTVS-E381363CD12F,95042,,,,,,
binding_focused,ATP-HTVS-E38D6BC47DFC,96385,,,,,,
binding_focused,ATP-HTVS-E3DAAD165412,4865,,,,,,
binding_focused,ATP-HTVS-E3E3C457ADC4,20867,,,,,,
binding_focused,ATP-HTVS-E4024F0AB59A,22913,,,,,,
binding_focused,ATP-HTVS-E41D62FB159D,67521,,,,,,
binding_focused,ATP-HTVS-E4A79D64766C,52865,,,,,,
binding_focused,ATP-HTVS-E4F433E7DDB9,59170,,,,,,
binding_focused,ATP-HTVS-E4F9B23534EC,95617,,,,,,
binding_focused,ATP-HTVS-E50B3258D66C,64642,,,,,,
binding_focused,ATP-HTVS-E5267662EBE5,71810,,,,,,
binding_focused,ATP-HTVS-E53927646B4E,32802,,,,,,
binding_focused,ATP-HTVS-E53B79A527AF,80129,,,,,,
binding_focused,ATP-HTVS-E5655BB07D18,88386,,,,,,
binding_focused,ATP-HTVS-E5C360ABD75A,8321,,,,,,
binding_focused,ATP-HTVS-E60052B60ACE,93731,,,,,,
binding_focused,ATP-HTVS-E624AA265EBA,86593,,,,,,
binding_focused,ATP-HTVS-E6B57BB86B33,99617,,,,,,
binding_focused,ATP-HTVS-E6C07A7730FF,89954,,,,,,
binding_focused,ATP-HTVS-E6E3A92D5598,89731,,,,,,
binding_focused,ATP-HTVS-E6F8A3974F14,60291,,,,,,
binding_focused,ATP-HTVS-E71202E475AE,88195,,,,,,
binding_focused,ATP-HTVS-E78B37070E90,57507,,,,,,
binding_focused,ATP-HTVS-E79C34F2E4E5,5313,,,,,,
binding_focused,ATP-HTVS-E7B44E0E6F2B,46529,,,,,,
binding_focused,ATP-HTVS-E7CE93BF7585,40738,,,,,,
binding_focused,ATP-HTVS-E7DA22DA6C24,30626,,,,,,
binding_focused,ATP-HTVS-E80053830AA7,51267,,,,,,
binding_focused,ATP-HTVS-E80A62EE0257,22690,,,,,,
binding_focused,ATP-HTVS-E82D7E524403,38786,,,,,,
binding_focused,ATP-HTVS-E85A4EEDAC38,71681,,,,,,
binding_focused,ATP-HTVS-E85D4903F0A1,48227,,,,,,
binding_focused,ATP-HTVS-E888CD26917F,61570,,,,,,
binding_focused,ATP-HTVS-E89D68A8E825,49475,,,,,,
binding_focused,ATP-HTVS-E8C4233BC4EE,98946,,,,,,
binding_focused,ATP-HTVS-E8F6FC3C759E,73411,,,,,,
binding_focused,ATP-HTVS-E912078D9741,5571,,,,,,
binding_focused,ATP-HTVS-EAB5C9B34043,90659,,,,,,
binding_focused,ATP-HTVS-EAC68E01988F,55553,,,,,,
binding_focused,ATP-HTVS-EAD1C8AFD4A9,38178,,,,,,
binding_focused,ATP-HTVS-EAE06126CF40,15907,,,,,,
binding_focused,ATP-HTVS-EB0B96E798C5,89859,,,,,,
binding_focused,ATP-HTVS-EB12E3425930,44387,,,,,,
binding_focused,ATP-HTVS-EB1E3022AC0C,49826,,,,,,
binding_focused,ATP-HTVS-EB500473345C,44738,,,,,,
binding_focused,ATP-HTVS-EB51C7366B34,83106,,,,,,
binding_focused,ATP-HTVS-EBA0F745595A,79777,,,,,,
binding_focused,ATP-HTVS-EBADA6179138,70403,,,,,,
binding_focused,ATP-HTVS-EBCFEAF5D9E7,28865,,,,,,
binding_focused,ATP-HTVS-EBFF1A375D8B,77347,,,,,,
binding_focused,ATP-HTVS-EC2D3AD3168F,83201,,,,,,
binding_focused,ATP-HTVS-EC4610FFE6DC,42498,,,,,,
binding_focused,ATP-HTVS-EC5DC094D49F,51715,,,,,,
binding_focused,ATP-HTVS-ECFCDEE54331,47682,,,,,,
binding_focused,ATP-HTVS-ED186549DA4C,82466,,,,,,
binding_focused,ATP-HTVS-ED381154F376,3425,,,,,,
binding_focused,ATP-HTVS-ED9FB8DD8268,75073,,,,,,
binding_focused,ATP-HTVS-EDD9885A2235,72929,,,,,,
binding_focused,ATP-HTVS-EE25A0930777,61857,,,,,,
binding_focused,ATP-HTVS-EE3EC74621FE,36163,,,,,,
binding_focused,ATP-HTVS-EE5B82122D17,84066,,,,,,
binding_focused,ATP-HTVS-EE6CCEFDAAD0,33217,,,,,,
binding_focused,ATP-HTVS-EE8A818A3017,72097,,,,,,
binding_focused,ATP-HTVS-EE9B34D8B24D,20323,,,,,,
binding_focused,ATP-HTVS-EEA70E20167C,92483,,,,,,
binding_focused,ATP-HTVS-EEBB6926EC22,55779,,,,,,
binding_focused,ATP-HTVS-EEE4DEAD393E,83169,,,,,,
binding_focused,ATP-HTVS-EF007D703862,59907,,,,,,
binding_focused,ATP-HTVS-EF0129487CC6,92769,,,,,,
binding_focused,ATP-HTVS-EF17DB58F500,88321,,,,,,
binding_focused,ATP-HTVS-EF3EA56789AA,30145,,,,,,
binding_focused,ATP-HTVS-EF5E324DB424,43521,,,,,,
binding_focused,ATP-HTVS-EFBD886B8952,44611,,,,,,
binding_focused,ATP-HTVS-EFE421C91038,75778,,,,,,
binding_focused,ATP-HTVS-F056EC0EC7E7,77666,,,,,,
binding_focused,ATP-HTVS-F05D07B9382E,64417,,,,,,
binding_focused,ATP-HTVS-F084EE8F7246,75458,,,,,,
binding_focused,ATP-HTVS-F08817EB9A7A,20546,,,,,,
binding_focused,ATP-HTVS-F0989AC93CC9,68962,,,,,,
binding_focused,ATP-HTVS-F0AA189EB18F,6785,,,,,,
binding_focused,ATP-HTVS-F0B899F1EF1B,71170,,,,,,
binding_focused,ATP-HTVS-F0EA8E73CD83,77665,,,,,,
binding_focused,ATP-HTVS-F13E60D2EE86,44546,,,,,,
binding_focused,ATP-HTVS-F15CD1C1F5FF,30753,,,,,,
binding_focused,ATP-HTVS-F1ABC01A08C5,11618,,,,,,
binding_focused,ATP-HTVS-F1D0837E8A30,75426,,,,,,
binding_focused,ATP-HTVS-F1F8D839F8AD,84801,,,,,,
binding_focused,ATP-HTVS-F21E42254560,75617,,,,,,
binding_focused,ATP-HTVS-F223CD517CA5,81858,,,,,,
binding_focused,ATP-HTVS-F256B691D902,35106,,,,,,
binding_focused,ATP-HTVS-F2668BF9E9B1,75713,,,,,,
binding_focused,ATP-HTVS-F282BC43258B,69537,,,,,,
binding_focused,ATP-HTVS-F2D870036CD8,77057,,,,,,
binding_focused,ATP-HTVS-F308899F49E6,52515,,,,,,
binding_focused,ATP-HTVS-F3219ACF1618,57027,,,,,,
binding_focused,ATP-HTVS-F324B4F6FF43,83745,,,,,,
binding_focused,ATP-HTVS-F38CDD17995D,90338,,,,,,
binding_focused,ATP-HTVS-F3AEEA9B80E5,57219,,,,,,
binding_focused,ATP-HTVS-F3E91D83A828,87939,,,,,,
binding_focused,ATP-HTVS-F41515D25613,53155,,,,,,
binding_focused,ATP-HTVS-F41DED161E75,76578,,,,,,
binding_focused,ATP-HTVS-F42EC288DBA1,90369,,,,,,
binding_focused,ATP-HTVS-F451F6F34F85,58210,,,,,,
binding_focused,ATP-HTVS-F4D02DC184DE,81059,,,,,,
binding_focused,ATP-HTVS-F4EB0A3B6A53,75779,,,,,,
binding_focused,ATP-HTVS-F4F3BDD05BAD,69409,,,,,,
binding_focused,ATP-HTVS-F52F884BA0B4,90082,,,,,,
binding_focused,ATP-HTVS-F53B308249C7,20321,,,,,,
binding_focused,ATP-HTVS-F54B40793D2A,97538,,,,,,
binding_focused,ATP-HTVS-F5512CD55A37,82947,,,,,,
binding_focused,ATP-HTVS-F5557C46ACCD,63875,,,,,,
binding_focused,ATP-HTVS-F58C213B60A1,42531,,,,,,
binding_focused,ATP-HTVS-F60BECC0718F,6465,,,,,,
binding_focused,ATP-HTVS-F62C08D65C28,64449,,,,,,
binding_focused,ATP-HTVS-F63C80F910BB,35107,,,,,,
binding_focused,ATP-HTVS-F6463DC49025,85091,,,,,,
binding_focused,ATP-HTVS-F666156B37DE,83426,,,,,,
binding_focused,ATP-HTVS-F6E066811CCA,93985,,,,,,
binding_focused,ATP-HTVS-F716E067906C,34083,,,,,,
binding_focused,ATP-HTVS-F7366BF3987A,91202,,,,,,
binding_focused,ATP-HTVS-F7676420B267,82209,,,,,,
binding_focused,ATP-HTVS-F79E64AB5B06,93986,,,,,,
binding_focused,ATP-HTVS-F7B411FBCEC8,33283,,,,,,
binding_focused,ATP-HTVS-F7CD2DD67DA6,82467,,,,,,
binding_focused,ATP-HTVS-F7D4BFA34903,39425,,,,,,
binding_focused,ATP-HTVS-F7EFD494BF14,96481,,,,,,
binding_focused,ATP-HTVS-F89CD1E9CA34,79201,,,,,,
binding_focused,ATP-HTVS-F8BD3C119C5E,34435,,,,,,
binding_focused,ATP-HTVS-F8C49F655F6D,82083,,,,,,
binding_focused,ATP-HTVS-F8CA9C936D19,66177,,,,,,
binding_focused,ATP-HTVS-F8CD80CEA373,94177,,,,,,
binding_focused,ATP-HTVS-F8D08A3E140C,71809,,,,,,
binding_focused,ATP-HTVS-F8D25E752EF8,79427,,,,,,
binding_focused,ATP-HTVS-F92825C2DD85,36035,,,,,,
binding_focused,ATP-HTVS-F937C5B79A0E,20675,,,,,,
binding_focused,ATP-HTVS-F93F310E89BE,68578,,,,,,
binding_focused,ATP-HTVS-F97015D0DCF4,74337,,,,,,
binding_focused,ATP-HTVS-F99370747DC9,42113,,,,,,
binding_focused,ATP-HTVS-F9B5ED51D5DA,81571,,,,,,
binding_focused,ATP-HTVS-F9EAD73A28F1,29603,,,,,,
binding_focused,ATP-HTVS-F9F42C67BCEC,77858,,,,,,
binding_focused,ATP-HTVS-FA0319FBED9B,77281,,,,,,
binding_focused,ATP-HTVS-FA2DABCA7F05,83075,,,,,,
binding_focused,ATP-HTVS-FAA4B7BBA523,36065,,,,,,
binding_focused,ATP-HTVS-FAB6E8368155,91075,,,,,,
binding_focused,ATP-HTVS-FACA1D344F25,57537,,,,,,
binding_focused,ATP-HTVS-FACA9080893C,78018,,,,,,
binding_focused,ATP-HTVS-FB09B772C34B,61507,,,,,,
binding_focused,ATP-HTVS-FB368C7A9127,88323,,,,,,
binding_focused,ATP-HTVS-FBBE5B904E6C,68643,,,,,,
binding_focused,ATP-HTVS-FBE624773B31,69761,,,,,,
binding_focused,ATP-HTVS-FC258B4525E9,43202,,,,,,
binding_focused,ATP-HTVS-FC28EB1BA5EE,84353,,,,,,
binding_focused,ATP-HTVS-FC30DD28CEC3,23971,,,,,,
binding_focused,ATP-HTVS-FC39CD496C36,2019,,,,,,
binding_focused,ATP-HTVS-FC732D287CB6,71265,,,,,,
binding_focused,ATP-HTVS-FC91B4531E6F,71458,,,,,,
binding_focused,ATP-HTVS-FCCFF683ADF4,53123,,,,,,
binding_focused,ATP-HTVS-FD26B682FD2E,69634,,,,,,
binding_focused,ATP-HTVS-FD637A018D73,72994,,,,,,
binding_focused,ATP-HTVS-FD8D954BBECF,27202,,,,,,
binding_focused,ATP-HTVS-FDA25AF4FB7A,28449,,,,,,
binding_focused,ATP-HTVS-FDB0B4A5AF84,91043,,,,,,
binding_focused,ATP-HTVS-FDB0F1EC6F74,93059,,,,,,
binding_focused,ATP-HTVS-FDDF48EBDCF8,78017,,,,,,
binding_focused,ATP-HTVS-FE1522AA7EF8,69793,,,,,,
binding_focused,ATP-HTVS-FE34E3A925C6,76803,,,,,,
binding_focused,ATP-HTVS-FE46C3AF7461,49283,,,,,,
binding_focused,ATP-HTVS-FE5B2EC4EA23,74370,,,,,,
binding_focused,ATP-HTVS-FE5F78CE8672,67267,,,,,,
binding_focused,ATP-HTVS-FE6FB0E22990,82851,,,,,,
binding_focused,ATP-HTVS-FE9A1A55DD78,56195,,,,,,
binding_focused,ATP-HTVS-FEA784CAFC0E,72481,,,,,,
binding_focused,ATP-HTVS-FEB80F9C0A7B,34530,,,,,,
binding_focused,ATP-HTVS-FEE4C5F961F6,56193,,,,,,
binding_focused,ATP-HTVS-FF081A1D735D,85411,,,,,,
binding_focused,ATP-HTVS-FF167463AED4,74019,,,,,,
binding_focused,ATP-HTVS-FF1C1E5A01F9,79491,,,,,,
binding_focused,ATP-HTVS-FF63783F1DD1,25825,,,,,,
binding_focused,ATP-HTVS-FF886C71D805,65665,,,,,,
binding_focused,ATP-HTVS-FFCF51BF8290,81826,,,,,,
binding_focused,ATP-HTVS-FFD71C24E98D,18978,,,,,,
binding_focused,ATP-HTVS-FFE3AC9FC45B,90851,,,,,,
atp_mechanism_focused,ATP-HTVS-0009DAEDE04F,79971,,,,,,
atp_mechanism_focused,ATP-HTVS-0015C54A99C8,82625,,,,,,
atp_mechanism_focused,ATP-HTVS-003E4D952AAC,76899,,,,,,
atp_mechanism_focused,ATP-HTVS-005EEA24BFEA,69987,,,,,,
atp_mechanism_focused,ATP-HTVS-0063E4174F09,34081,,,,,,
atp_mechanism_focused,ATP-HTVS-0079D40D2121,29921,,,,,,
atp_mechanism_focused,ATP-HTVS-007D6F34F923,30817,,,,,,
atp_mechanism_focused,ATP-HTVS-00C8034698A8,34403,,,,,,
atp_mechanism_focused,ATP-HTVS-00F86A54285D,38369,,,,,,
atp_mechanism_focused,ATP-HTVS-011A966B3F21,59203,,,,,,
atp_mechanism_focused,ATP-HTVS-0125A5267C6C,70530,,,,,,
atp_mechanism_focused,ATP-HTVS-0161AEC2E23E,48867,,,,,,
atp_mechanism_focused,ATP-HTVS-017DA1C05B1D,98562,,,,,,
atp_mechanism_focused,ATP-HTVS-01DF3EF44742,99137,,,,,,
atp_mechanism_focused,ATP-HTVS-01E9987F6BBC,40801,,,,,,
atp_mechanism_focused,ATP-HTVS-02393E0D1A46,72513,,,,,,
atp_mechanism_focused,ATP-HTVS-02527EDCA73D,62593,,,,,,
atp_mechanism_focused,ATP-HTVS-0258CCAE4910,3905,,,,,,
atp_mechanism_focused,ATP-HTVS-027CB3113620,20194,,,,,,
atp_mechanism_focused,ATP-HTVS-0282D10141FD,57825,,,,,,
atp_mechanism_focused,ATP-HTVS-028F2DC4E032,96994,,,,,,
atp_mechanism_focused,ATP-HTVS-02AC8E798E60,89826,,,,,,
atp_mechanism_focused,ATP-HTVS-02BB8772E392,54466,,,,,,
atp_mechanism_focused,ATP-HTVS-02DF9A19852D,45889,,,,,,
atp_mechanism_focused,ATP-HTVS-0362648F57EF,78755,,,,,,
atp_mechanism_focused,ATP-HTVS-03C3664644A2,98497,,,,,,
atp_mechanism_focused,ATP-HTVS-03F3A1A9B60E,77378,,,,,,
atp_mechanism_focused,ATP-HTVS-0438281B0112,75297,,,,,,
atp_mechanism_focused,ATP-HTVS-0460857F35D6,52162,,,,,,
atp_mechanism_focused,ATP-HTVS-04621B482D9F,87427,,,,,,
atp_mechanism_focused,ATP-HTVS-04BA495CA0A4,22531,,,,,,
atp_mechanism_focused,ATP-HTVS-052AF9B11E6A,34531,,,,,,
atp_mechanism_focused,ATP-HTVS-053279755E30,96641,,,,,,
atp_mechanism_focused,ATP-HTVS-0587EECAF94B,71363,,,,,,
atp_mechanism_focused,ATP-HTVS-05A72EDFB57A,38883,,,,,,
atp_mechanism_focused,ATP-HTVS-05E9E2FC066B,70657,,,,,,
atp_mechanism_focused,ATP-HTVS-0659C124A83C,70241,,,,,,
atp_mechanism_focused,ATP-HTVS-069ABDEDA86E,60193,,,,,,
atp_mechanism_focused,ATP-HTVS-06CA19E03C57,93825,,,,,,
atp_mechanism_focused,ATP-HTVS-06E5BAB39855,49667,,,,,,
atp_mechanism_focused,ATP-HTVS-071084F9408F,96642,,,,,,
atp_mechanism_focused,ATP-HTVS-0715C99C3A28,99362,,,,,,
atp_mechanism_focused,ATP-HTVS-0743B9964B99,20417,,,,,,
atp_mechanism_focused,ATP-HTVS-07D9286D8737,76898,,,,,,
atp_mechanism_focused,ATP-HTVS-07F3737128F1,86945,,,,,,
atp_mechanism_focused,ATP-HTVS-08126335CB19,67841,,,,,,
atp_mechanism_focused,ATP-HTVS-081D95190B15,78402,,,,,,
atp_mechanism_focused,ATP-HTVS-08266C4344A3,88675,,,,,,
atp_mechanism_focused,ATP-HTVS-0852D38F8C28,46851,,,,,,
atp_mechanism_focused,ATP-HTVS-08590B5C6743,87873,,,,,,
atp_mechanism_focused,ATP-HTVS-086F5E4227DC,20162,,,,,,
atp_mechanism_focused,ATP-HTVS-08A6E1F87809,61538,,,,,,
atp_mechanism_focused,ATP-HTVS-093491EAEBEC,53250,,,,,,
atp_mechanism_focused,ATP-HTVS-09A5DA8CBD66,30690,,,,,,
atp_mechanism_focused,ATP-HTVS-09A833AE3D1D,90339,,,,,,
atp_mechanism_focused,ATP-HTVS-09F9B4EC4E97,20514,,,,,,
atp_mechanism_focused,ATP-HTVS-0A1AFDA96BE3,90754,,,,,,
atp_mechanism_focused,ATP-HTVS-0A1D74055304,29089,,,,,,
atp_mechanism_focused,ATP-HTVS-0A30D9D79A37,89123,,,,,,
atp_mechanism_focused,ATP-HTVS-0A53D5277C22,24418,,,,,,
atp_mechanism_focused,ATP-HTVS-0A81E0DFACE9,19938,,,,,,
atp_mechanism_focused,ATP-HTVS-0A8B3D0EFFB7,1954,,,,,,
atp_mechanism_focused,ATP-HTVS-0A8D2667A5C6,69794,,,,,,
atp_mechanism_focused,ATP-HTVS-0AAFA8CB92ED,43169,,,,,,
atp_mechanism_focused,ATP-HTVS-0AE85D2EF5B8,94338,,,,,,
atp_mechanism_focused,ATP-HTVS-0B0619B736F3,87937,,,,,,
atp_mechanism_focused,ATP-HTVS-0B15CB8240E3,99809,,,,,,
atp_mechanism_focused,ATP-HTVS-0B527D484045,76929,,,,,,
atp_mechanism_focused,ATP-HTVS-0B76E6A2B6F2,90146,,,,,,
atp_mechanism_focused,ATP-HTVS-0BEF59EEEAC9,79426,,,,,,
atp_mechanism_focused,ATP-HTVS-0C1598B702AE,55106,,,,,,
atp_mechanism_focused,ATP-HTVS-0C253F9D7643,68259,,,,,,
atp_mechanism_focused,ATP-HTVS-0C40F7CB6A92,58402,,,,,,
atp_mechanism_focused,ATP-HTVS-0C765FB89CD3,40065,,,,,,
atp_mechanism_focused,ATP-HTVS-0C924C2A1F00,82563,,,,,,
atp_mechanism_focused,ATP-HTVS-0CA591B42E29,85378,,,,,,
atp_mechanism_focused,ATP-HTVS-0CB0406266F3,38243,,,,,,
atp_mechanism_focused,ATP-HTVS-0CBFB91815ED,70274,,,,,,
atp_mechanism_focused,ATP-HTVS-0CC0B448CED2,38179,,,,,,
atp_mechanism_focused,ATP-HTVS-0CD00DCFE488,46273,,,,,,
atp_mechanism_focused,ATP-HTVS-0CE67B896AED,99842,,,,,,
atp_mechanism_focused,ATP-HTVS-0D57BDDB1211,69729,,,,,,
atp_mechanism_focused,ATP-HTVS-0D83F5E9F976,52769,,,,,,
atp_mechanism_focused,ATP-HTVS-0D8C52C362EE,73825,,,,,,
atp_mechanism_focused,ATP-HTVS-0DE7571C9DAC,43267,,,,,,
atp_mechanism_focused,ATP-HTVS-0E6472D072C2,1473,,,,,,
atp_mechanism_focused,ATP-HTVS-0E76F39BB090,32387,,,,,,
atp_mechanism_focused,ATP-HTVS-0E779CFB9E8D,92771,,,,,,
atp_mechanism_focused,ATP-HTVS-0EB7A7111FDE,80385,,,,,,
atp_mechanism_focused,ATP-HTVS-0F3A12BD04AB,91361,,,,,,
atp_mechanism_focused,ATP-HTVS-0F469DA925F8,70337,,,,,,
atp_mechanism_focused,ATP-HTVS-0F46F3379ABF,71235,,,,,,
atp_mechanism_focused,ATP-HTVS-0F4AF3905209,96993,,,,,,
atp_mechanism_focused,ATP-HTVS-0F6915EAEEA3,79267,,,,,,
atp_mechanism_focused,ATP-HTVS-0F755B78CCFB,95490,,,,,,
atp_mechanism_focused,ATP-HTVS-0F900EB338B9,82082,,,,,,
atp_mechanism_focused,ATP-HTVS-0FD0361A2408,93698,,,,,,
atp_mechanism_focused,ATP-HTVS-0FDC7A3FF1CA,47107,,,,,,
atp_mechanism_focused,ATP-HTVS-103E90EA5971,80961,,,,,,
atp_mechanism_focused,ATP-HTVS-106685DD3ACA,70754,,,,,,
atp_mechanism_focused,ATP-HTVS-10900B51E20F,58209,,,,,,
atp_mechanism_focused,ATP-HTVS-109B405B023F,43907,,,,,,
atp_mechanism_focused,ATP-HTVS-10A4E2B2EADA,92833,,,,,,
atp_mechanism_focused,ATP-HTVS-11489B74AE1C,69539,,,,,,
atp_mechanism_focused,ATP-HTVS-115B93EFBC96,98209,,,,,,
atp_mechanism_focused,ATP-HTVS-11C14F34C5FE,35233,,,,,,
atp_mechanism_focused,ATP-HTVS-11CEFB3A39DF,61475,,,,,,
atp_mechanism_focused,ATP-HTVS-11E35EA06531,61505,,,,,,
atp_mechanism_focused,ATP-HTVS-125A7E13CFB1,85089,,,,,,
atp_mechanism_focused,ATP-HTVS-12CEF0BA8B10,31426,,,,,,
atp_mechanism_focused,ATP-HTVS-132672672DF9,95778,,,,,,
atp_mechanism_focused,ATP-HTVS-132BACAA4698,82561,,,,,,
atp_mechanism_focused,ATP-HTVS-134FC0CB3694,71041,,,,,,
atp_mechanism_focused,ATP-HTVS-1356F7D69808,27907,,,,,,
atp_mechanism_focused,ATP-HTVS-1373BD200FA0,72865,,,,,,
atp_mechanism_focused,ATP-HTVS-1377A1139B97,96002,,,,,,
atp_mechanism_focused,ATP-HTVS-138C9DBD3419,68321,,,,,,
atp_mechanism_focused,ATP-HTVS-13A5AE9C2B6A,88258,,,,,,
atp_mechanism_focused,ATP-HTVS-1402A7ED8177,450,,,,,,
atp_mechanism_focused,ATP-HTVS-143D46541936,71362,,,,,,
atp_mechanism_focused,ATP-HTVS-1449F4F4BA71,89058,,,,,,
atp_mechanism_focused,ATP-HTVS-14724C615932,53281,,,,,,
atp_mechanism_focused,ATP-HTVS-14AE04B6952B,40129,,,,,,
atp_mechanism_focused,ATP-HTVS-14BA2D75CE49,449,,,,,,
atp_mechanism_focused,ATP-HTVS-1551732D1515,43266,,,,,,
atp_mechanism_focused,ATP-HTVS-159795FE363C,92387,,,,,,
atp_mechanism_focused,ATP-HTVS-159959ECB567,70723,,,,,,
atp_mechanism_focused,ATP-HTVS-159CD8CCFA6D,50978,,,,,,
atp_mechanism_focused,ATP-HTVS-159F0F821AF9,96098,,,,,,
atp_mechanism_focused,ATP-HTVS-15A0030054C0,69441,,,,,,
atp_mechanism_focused,ATP-HTVS-15F2A5DBBD51,68225,,,,,,
atp_mechanism_focused,ATP-HTVS-15FA43506D9E,31298,,,,,,
atp_mechanism_focused,ATP-HTVS-16140744D8E5,56385,,,,,,
atp_mechanism_focused,ATP-HTVS-16316C23D1E4,71169,,,,,,
atp_mechanism_focused,ATP-HTVS-167535894C2D,33218,,,,,,
atp_mechanism_focused,ATP-HTVS-169071BECF96,81441,,,,,,
atp_mechanism_focused,ATP-HTVS-16A35D40F1B5,38337,,,,,,
atp_mechanism_focused,ATP-HTVS-16AC68300479,69859,,,,,,
atp_mechanism_focused,ATP-HTVS-16D62B7C6E45,82339,,,,,,
atp_mechanism_focused,ATP-HTVS-16D892EEAEA4,74883,,,,,,
atp_mechanism_focused,ATP-HTVS-1714ADEB4D31,82945,,,,,,
atp_mechanism_focused,ATP-HTVS-17511F2B790B,26499,,,,,,
atp_mechanism_focused,ATP-HTVS-1776C87C4427,90243,,,,,,
atp_mechanism_focused,ATP-HTVS-17940C77D749,73155,,,,,,
atp_mechanism_focused,ATP-HTVS-17A38785E483,22881,,,,,,
atp_mechanism_focused,ATP-HTVS-17C024B1EE7E,46369,,,,,,
atp_mechanism_focused,ATP-HTVS-17D20C07D7F4,84579,,,,,,
atp_mechanism_focused,ATP-HTVS-17FF806DFA04,81121,,,,,,
atp_mechanism_focused,ATP-HTVS-18044BD9974D,64643,,,,,,
atp_mechanism_focused,ATP-HTVS-1817E5512E7A,88034,,,,,,
atp_mechanism_focused,ATP-HTVS-18265C9EB86B,7299,,,,,,
atp_mechanism_focused,ATP-HTVS-185EDA97C211,76994,,,,,,
atp_mechanism_focused,ATP-HTVS-18A7589C7FB7,94049,,,,,,
atp_mechanism_focused,ATP-HTVS-18AAC668D3EC,81058,,,,,,
atp_mechanism_focused,ATP-HTVS-18CFABF6753A,53793,,,,,,
atp_mechanism_focused,ATP-HTVS-18FDFF56F821,38785,,,,,,
atp_mechanism_focused,ATP-HTVS-190A8EA9B17C,31297,,,,,,
atp_mechanism_focused,ATP-HTVS-1928ECDAF189,20003,,,,,,
atp_mechanism_focused,ATP-HTVS-193F5213E1F4,63266,,,,,,
atp_mechanism_focused,ATP-HTVS-1940D4055FE9,82787,,,,,,
atp_mechanism_focused,ATP-HTVS-1952D56C5A08,95489,,,,,,
atp_mechanism_focused,ATP-HTVS-196468D2BF96,87299,,,,,,
atp_mechanism_focused,ATP-HTVS-19D22C817A74,93507,,,,,,
atp_mechanism_focused,ATP-HTVS-19D9965850C9,38370,,,,,,
atp_mechanism_focused,ATP-HTVS-19DB56372FFA,71203,,,,,,
atp_mechanism_focused,ATP-HTVS-19E5DD3F936E,48931,,,,,,
atp_mechanism_focused,ATP-HTVS-19E7C62EA548,27651,,,,,,
atp_mechanism_focused,ATP-HTVS-1A821EC4699A,87905,,,,,,
atp_mechanism_focused,ATP-HTVS-1A8854DD1E1A,4003,,,,,,
atp_mechanism_focused,ATP-HTVS-1AA1BAAE4A01,84386,,,,,,
atp_mechanism_focused,ATP-HTVS-1ACF073F315C,44323,,,,,,
atp_mechanism_focused,ATP-HTVS-1AEE198E3D8C,1538,,,,,,
atp_mechanism_focused,ATP-HTVS-1B05407455E5,40642,,,,,,
atp_mechanism_focused,ATP-HTVS-1B1248DF0721,71426,,,,,,
atp_mechanism_focused,ATP-HTVS-1B366D2FDBBA,81123,,,,,,
atp_mechanism_focused,ATP-HTVS-1B509C27CE75,60833,,,,,,
atp_mechanism_focused,ATP-HTVS-1B60B6D0433D,66017,,,,,,
atp_mechanism_focused,ATP-HTVS-1B84D304C2ED,89921,,,,,,
atp_mechanism_focused,ATP-HTVS-1B9CB386F0F9,22755,,,,,,
atp_mechanism_focused,ATP-HTVS-1C066C79A7D0,44515,,,,,,
atp_mechanism_focused,ATP-HTVS-1C1B7F9BB8FF,77346,,,,,,
atp_mechanism_focused,ATP-HTVS-1C463A9823EA,77731,,,,,,
atp_mechanism_focused,ATP-HTVS-1C4EC58A3066,92899,,,,,,
atp_mechanism_focused,ATP-HTVS-1C71F28794EF,86081,,,,,,
atp_mechanism_focused,ATP-HTVS-1C9D0B7FE190,98594,,,,,,
atp_mechanism_focused,ATP-HTVS-1CAAE7675504,51651,,,,,,
atp_mechanism_focused,ATP-HTVS-1CF603621065,85794,,,,,,
atp_mechanism_focused,ATP-HTVS-1D0FF5192E4C,80545,,,,,,
atp_mechanism_focused,ATP-HTVS-1D1DA7871618,20226,,,,,,
atp_mechanism_focused,ATP-HTVS-1D28793FB59B,57954,,,,,,
atp_mechanism_focused,ATP-HTVS-1D3C11D6B0D4,95330,,,,,,
atp_mechanism_focused,ATP-HTVS-1DC16EDC7F4D,32451,,,,,,
atp_mechanism_focused,ATP-HTVS-1DC6D2F4A05D,67233,,,,,,
atp_mechanism_focused,ATP-HTVS-1DD46A13AEBB,58369,,,,,,
atp_mechanism_focused,ATP-HTVS-1E20B63FDE5F,82850,,,,,,
atp_mechanism_focused,ATP-HTVS-1E475A4B97CE,20387,,,,,,
atp_mechanism_focused,ATP-HTVS-1E5A6A308B25,86881,,,,,,
atp_mechanism_focused,ATP-HTVS-1EBFDE0160CD,86882,,,,,,
atp_mechanism_focused,ATP-HTVS-1F874564E13F,80035,,,,,,
atp_mechanism_focused,ATP-HTVS-1F9A02273F27,69026,,,,,,
atp_mechanism_focused,ATP-HTVS-1FAE7495FCDD,91266,,,,,,
atp_mechanism_focused,ATP-HTVS-1FED3714464D,70306,,,,,,
atp_mechanism_focused,ATP-HTVS-1FF6C325CA7A,86530,,,,,,
atp_mechanism_focused,ATP-HTVS-203210320F32,88033,,,,,,
atp_mechanism_focused,ATP-HTVS-20B250E7AB9A,20673,,,,,,
atp_mechanism_focused,ATP-HTVS-20FB50B88593,58595,,,,,,
atp_mechanism_focused,ATP-HTVS-2118F57CAFF1,72385,,,,,,
atp_mechanism_focused,ATP-HTVS-2125555B1DA5,84706,,,,,,
atp_mechanism_focused,ATP-HTVS-217395D9F0A5,49825,,,,,,
atp_mechanism_focused,ATP-HTVS-217B57A40B61,22753,,,,,,
atp_mechanism_focused,ATP-HTVS-218E3E4A28A7,95618,,,,,,
atp_mechanism_focused,ATP-HTVS-21B7BD60A2C7,81347,,,,,,
atp_mechanism_focused,ATP-HTVS-21B7E8D8DA00,84930,,,,,,
atp_mechanism_focused,ATP-HTVS-21BB1C807E7E,36099,,,,,,
atp_mechanism_focused,ATP-HTVS-21D2D8C367A1,93506,,,,,,
atp_mechanism_focused,ATP-HTVS-22634BBBCB97,66019,,,,,,
atp_mechanism_focused,ATP-HTVS-2275AB855C30,82946,,,,,,
atp_mechanism_focused,ATP-HTVS-22C0C64F65E9,35330,,,,,,
atp_mechanism_focused,ATP-HTVS-22E2482E2999,48354,,,,,,
atp_mechanism_focused,ATP-HTVS-22E536A2C0FA,57601,,,,,,
atp_mechanism_focused,ATP-HTVS-22FAF80E23F8,94401,,,,,,
atp_mechanism_focused,ATP-HTVS-23113A9B9381,33411,,,,,,
atp_mechanism_focused,ATP-HTVS-2368A2FD4D76,87745,,,,,,
atp_mechanism_focused,ATP-HTVS-239E0EA8BC65,54689,,,,,,
atp_mechanism_focused,ATP-HTVS-23EBF8E8F6E9,86787,,,,,,
atp_mechanism_focused,ATP-HTVS-23EDEB47FF93,71874,,,,,,
atp_mechanism_focused,ATP-HTVS-23F526837945,92834,,,,,,
atp_mechanism_focused,ATP-HTVS-244A9AEB7273,5347,,,,,,
atp_mechanism_focused,ATP-HTVS-247B97B4CA47,61825,,,,,,
atp_mechanism_focused,ATP-HTVS-2485F4B11063,64065,,,,,,
atp_mechanism_focused,ATP-HTVS-24E588DA0D03,95714,,,,,,
atp_mechanism_focused,ATP-HTVS-2507C3370FB9,84259,,,,,,
atp_mechanism_focused,ATP-HTVS-255C97768CDB,63778,,,,,,
atp_mechanism_focused,ATP-HTVS-258E82C8B178,35362,,,,,,
atp_mechanism_focused,ATP-HTVS-2598958FABEA,76961,,,,,,
atp_mechanism_focused,ATP-HTVS-25BEFE000F10,95682,,,,,,
atp_mechanism_focused,ATP-HTVS-26104959C4F1,79713,,,,,,
atp_mechanism_focused,ATP-HTVS-2641D0EED03A,61889,,,,,,
atp_mechanism_focused,ATP-HTVS-267F6CCD1B36,79811,,,,,,
atp_mechanism_focused,ATP-HTVS-2699169FE698,4866,,,,,,
atp_mechanism_focused,ATP-HTVS-269AF530E7D7,62595,,,,,,
atp_mechanism_focused,ATP-HTVS-27050A3A08BE,12355,,,,,,
atp_mechanism_focused,ATP-HTVS-27135ACF267B,59107,,,,,,
atp_mechanism_focused,ATP-HTVS-27537703FBA2,53635,,,,,,
atp_mechanism_focused,ATP-HTVS-277F9700EDE9,62211,,,,,,
atp_mechanism_focused,ATP-HTVS-27B53DA4C14D,50115,,,,,,
atp_mechanism_focused,ATP-HTVS-27BC230C206A,95937,,,,,,
atp_mechanism_focused,ATP-HTVS-27E43B44E6A8,92067,,,,,,
atp_mechanism_focused,ATP-HTVS-27FE3E1C2A9E,72194,,,,,,
atp_mechanism_focused,ATP-HTVS-2801EC41FD47,97569,,,,,,
atp_mechanism_focused,ATP-HTVS-2818D10B14C2,35009,,,,,,
atp_mechanism_focused,ATP-HTVS-286379397336,30625,,,,,,
atp_mechanism_focused,ATP-HTVS-28D90B8D287A,81475,,,,,,
atp_mechanism_focused,ATP-HTVS-28F6129F8E3C,70305,,,,,,
atp_mechanism_focused,ATP-HTVS-2912F4F66BA1,81186,,,,,,
atp_mechanism_focused,ATP-HTVS-291AE177F52E,43107,,,,,,
atp_mechanism_focused,ATP-HTVS-2A14F6A33EFE,2018,,,,,,
atp_mechanism_focused,ATP-HTVS-2A420AE0278C,57730,,,,,,
atp_mechanism_focused,ATP-HTVS-2A473A7CBE48,82306,,,,,,
atp_mechanism_focused,ATP-HTVS-2A6980A94AB8,12579,,,,,,
atp_mechanism_focused,ATP-HTVS-2A91244EC1AD,33347,,,,,,
atp_mechanism_focused,ATP-HTVS-2AC4031F681F,85858,,,,,,
atp_mechanism_focused,ATP-HTVS-2AD5F3716208,34434,,,,,,
atp_mechanism_focused,ATP-HTVS-2AFCB32282C0,34529,,,,,,
atp_mechanism_focused,ATP-HTVS-2B2381835080,40034,,,,,,
atp_mechanism_focused,ATP-HTVS-2B54247B4108,84161,,,,,,
atp_mechanism_focused,ATP-HTVS-2B683AA1DF30,89507,,,,,,
atp_mechanism_focused,ATP-HTVS-2B725536FCE2,99329,,,,,,
atp_mechanism_focused,ATP-HTVS-2B784D1D7344,72482,,,,,,
atp_mechanism_focused,ATP-HTVS-2C366CB23264,58529,,,,,,
atp_mechanism_focused,ATP-HTVS-2C5504015D66,57538,,,,,,
atp_mechanism_focused,ATP-HTVS-2C72C850E8DC,37538,,,,,,
atp_mechanism_focused,ATP-HTVS-2C852BECD08A,27585,,,,,,
atp_mechanism_focused,ATP-HTVS-2C8A8FE641B8,72034,,,,,,
atp_mechanism_focused,ATP-HTVS-2CB691E3F247,42273,,,,,,
atp_mechanism_focused,ATP-HTVS-2CD40FD4C79D,61539,,,,,,
atp_mechanism_focused,ATP-HTVS-2CDCEBF2F10D,77889,,,,,,
atp_mechanism_focused,ATP-HTVS-2D0B83E336C6,42274,,,,,,
atp_mechanism_focused,ATP-HTVS-2D571D26B6AC,90529,,,,,,
atp_mechanism_focused,ATP-HTVS-2D5D363D0DBE,30818,,,,,,
atp_mechanism_focused,ATP-HTVS-2DA674675DE4,42977,,,,,,
atp_mechanism_focused,ATP-HTVS-2DB2F1DB5A18,61571,,,,,,
atp_mechanism_focused,ATP-HTVS-2DB2F8E5543E,82081,,,,,,
atp_mechanism_focused,ATP-HTVS-2DBBB7EE3EAF,40130,,,,,,
atp_mechanism_focused,ATP-HTVS-2E0BAC8D644B,87746,,,,,,
atp_mechanism_focused,ATP-HTVS-2E3C44D093AA,17857,,,,,,
atp_mechanism_focused,ATP-HTVS-2E3E6C1A8749,91843,,,,,,
atp_mechanism_focused,ATP-HTVS-2E4BDA1C28D9,99937,,,,,,
atp_mechanism_focused,ATP-HTVS-2E7AE7689BA0,25602,,,,,,
atp_mechanism_focused,ATP-HTVS-2ECA33AB7628,73634,,,,,,
atp_mechanism_focused,ATP-HTVS-2EE3FF4CB435,49219,,,,,,
atp_mechanism_focused,ATP-HTVS-2F35A8572662,23459,,,,,,
atp_mechanism_focused,ATP-HTVS-2F483D9FE7EF,3937,,,,,,
atp_mechanism_focused,ATP-HTVS-2F9574F7896C,85185,,,,,,
atp_mechanism_focused,ATP-HTVS-2F9E11536268,92386,,,,,,
atp_mechanism_focused,ATP-HTVS-2FD0321978A1,47427,,,,,,
atp_mechanism_focused,ATP-HTVS-2FDBF4F6464D,85218,,,,,,
atp_mechanism_focused,ATP-HTVS-2FF622879777,92707,,,,,,
atp_mechanism_focused,ATP-HTVS-30270CEE1891,59297,,,,,,
atp_mechanism_focused,ATP-HTVS-305D97AD9924,74114,,,,,,
atp_mechanism_focused,ATP-HTVS-30920D5A25EC,68290,,,,,,
atp_mechanism_focused,ATP-HTVS-30B3F39EA660,48035,,,,,,
atp_mechanism_focused,ATP-HTVS-30BD0ED907F3,32770,,,,,,
atp_mechanism_focused,ATP-HTVS-30D2448AA284,71137,,,,,,
atp_mechanism_focused,ATP-HTVS-3100283A95A9,60066,,,,,,
atp_mechanism_focused,ATP-HTVS-313D067647DC,54849,,,,,,
atp_mechanism_focused,ATP-HTVS-31B048FE5E9A,99298,,,,,,
atp_mechanism_focused,ATP-HTVS-322651E221E8,67842,,,,,,
atp_mechanism_focused,ATP-HTVS-323526AAC152,84355,,,,,,
atp_mechanism_focused,ATP-HTVS-3254A7EDB406,72033,,,,,,
atp_mechanism_focused,ATP-HTVS-327AC6849941,85090,,,,,,
atp_mechanism_focused,ATP-HTVS-32D1D0195572,89443,,,,,,
atp_mechanism_focused,ATP-HTVS-33706D459A7A,91618,,,,,,
atp_mechanism_focused,ATP-HTVS-337D10985B1B,47106,,,,,,
atp_mechanism_focused,ATP-HTVS-33BC72D3D2BF,81217,,,,,,
atp_mechanism_focused,ATP-HTVS-34AD6DA38229,96929,,,,,,
atp_mechanism_focused,ATP-HTVS-34E58924FFDD,63425,,,,,,
atp_mechanism_focused,ATP-HTVS-351CA3F2F79F,84738,,,,,,
atp_mechanism_focused,ATP-HTVS-35279CDCCBE9,29026,,,,,,
atp_mechanism_focused,ATP-HTVS-354B8B3BDEB4,62498,,,,,,
atp_mechanism_focused,ATP-HTVS-3565F86F920E,47203,,,,,,
atp_mechanism_focused,ATP-HTVS-357411F5F88B,74113,,,,,,
atp_mechanism_focused,ATP-HTVS-35C3F0A919D0,82019,,,,,,
atp_mechanism_focused,ATP-HTVS-35F96912410D,85538,,,,,,
atp_mechanism_focused,ATP-HTVS-362E300BB66B,5762,,,,,,
atp_mechanism_focused,ATP-HTVS-3634D47351B0,22754,,,,,,
atp_mechanism_focused,ATP-HTVS-3654BFD7575B,81409,,,,,,
atp_mechanism_focused,ATP-HTVS-366F4BAC4B87,78434,,,,,,
atp_mechanism_focused,ATP-HTVS-3676162553B8,62241,,,,,,
atp_mechanism_focused,ATP-HTVS-368B62E0C748,29569,,,,,,
atp_mechanism_focused,ATP-HTVS-369F0F09D6A7,81955,,,,,,
atp_mechanism_focused,ATP-HTVS-36CDFE25DCA8,48866,,,,,,
atp_mechanism_focused,ATP-HTVS-37164D6EE04D,58531,,,,,,
atp_mechanism_focused,ATP-HTVS-375881F1CECF,69635,,,,,,
atp_mechanism_focused,ATP-HTVS-37921E17B72D,72225,,,,,,
atp_mechanism_focused,ATP-HTVS-37A579E82C38,28641,,,,,,
atp_mechanism_focused,ATP-HTVS-37D34080A09D,36291,,,,,,
atp_mechanism_focused,ATP-HTVS-37EC6A305554,73986,,,,,,
atp_mechanism_focused,ATP-HTVS-37F8BE6B2288,68929,,,,,,
atp_mechanism_focused,ATP-HTVS-381C421540AF,67234,,,,,,
atp_mechanism_focused,ATP-HTVS-38928739B049,49763,,,,,,
atp_mechanism_focused,ATP-HTVS-389B4B823B19,92545,,,,,,
atp_mechanism_focused,ATP-HTVS-38AA30AE7592,4258,,,,,,
atp_mechanism_focused,ATP-HTVS-38B17C32C2B1,90305,,,,,,
atp_mechanism_focused,ATP-HTVS-38BDED367A54,94307,,,,,,
atp_mechanism_focused,ATP-HTVS-391C9D64EC7D,20547,,,,,,
atp_mechanism_focused,ATP-HTVS-394457ED9ABE,67073,,,,,,
atp_mechanism_focused,ATP-HTVS-3966CEFE893D,72705,,,,,,
atp_mechanism_focused,ATP-HTVS-397149B089BD,39490,,,,,,
atp_mechanism_focused,ATP-HTVS-3991B5D40CBE,95969,,,,,,
atp_mechanism_focused,ATP-HTVS-39B6454C3B57,69027,,,,,,
atp_mechanism_focused,ATP-HTVS-39C66FA1D927,91619,,,,,,
atp_mechanism_focused,ATP-HTVS-3A2C3DD6A630,99105,,,,,,
atp_mechanism_focused,ATP-HTVS-3A4856D72337,84225,,,,,,
atp_mechanism_focused,ATP-HTVS-3A71FF84034D,20131,,,,,,
atp_mechanism_focused,ATP-HTVS-3A7288617524,95746,,,,,,
atp_mechanism_focused,ATP-HTVS-3A96A568DDAE,89089,,,,,,
atp_mechanism_focused,ATP-HTVS-3AF3BD852D4F,90753,,,,,,
atp_mechanism_focused,ATP-HTVS-3B1236037689,83073,,,,,,
atp_mechanism_focused,ATP-HTVS-3B2E01AF7BF8,38881,,,,,,
atp_mechanism_focused,ATP-HTVS-3B360A484FEF,85474,,,,,,
atp_mechanism_focused,ATP-HTVS-3B3954EE8C13,84897,,,,,,
atp_mechanism_focused,ATP-HTVS-3B500C8F5D3A,77442,,,,,,
atp_mechanism_focused,ATP-HTVS-3B52AE15A314,74081,,,,,,
atp_mechanism_focused,ATP-HTVS-3B591F4F1DA1,4259,,,,,,
atp_mechanism_focused,ATP-HTVS-3B615F85BA41,73953,,,,,,
atp_mechanism_focused,ATP-HTVS-3B760C3B8D5C,71811,,,,,,
atp_mechanism_focused,ATP-HTVS-3B9AE635146A,63874,,,,,,
atp_mechanism_focused,ATP-HTVS-3BC1681A99C2,35363,,,,,,
atp_mechanism_focused,ATP-HTVS-3BCB6D34D9FC,82627,,,,,,
atp_mechanism_focused,ATP-HTVS-3BEA167C6DE4,61442,,,,,,
atp_mechanism_focused,ATP-HTVS-3BFEB00B17A1,96386,,,,,,
atp_mechanism_focused,ATP-HTVS-3C30D082388E,37539,,,,,,
atp_mechanism_focused,ATP-HTVS-3C5237794D05,44097,,,,,,
atp_mechanism_focused,ATP-HTVS-3D55EC2CCC26,92001,,,,,,
atp_mechanism_focused,ATP-HTVS-3D580430A1F8,89410,,,,,,
atp_mechanism_focused,ATP-HTVS-3D9456613EE7,71427,,,,,,
atp_mechanism_focused,ATP-HTVS-3DA95123E47A,56993,,,,,,
atp_mechanism_focused,ATP-HTVS-3DABA9A3BF24,35619,,,,,,
atp_mechanism_focused,ATP-HTVS-3DB1B8B928B3,68034,,,,,,
atp_mechanism_focused,ATP-HTVS-3DDAC51E87DA,72514,,,,,,
atp_mechanism_focused,ATP-HTVS-3E3A2065ACC9,14370,,,,,,
atp_mechanism_focused,ATP-HTVS-3E4E6B1035DE,50531,,,,,,
atp_mechanism_focused,ATP-HTVS-3E51FD2FD256,56033,,,,,,
atp_mechanism_focused,ATP-HTVS-3E71027F124F,67650,,,,,,
atp_mechanism_focused,ATP-HTVS-3E71DFC624D6,82465,,,,,,
atp_mechanism_focused,ATP-HTVS-3EAEA7611BE9,52738,,,,,,
atp_mechanism_focused,ATP-HTVS-3ED7BF8E1128,59586,,,,,,
atp_mechanism_focused,ATP-HTVS-3F61FE181838,65473,,,,,,
atp_mechanism_focused,ATP-HTVS-3F7C0C4A7C85,44483,,,,,,
atp_mechanism_focused,ATP-HTVS-3FE2C8D8A747,85473,,,,,,
atp_mechanism_focused,ATP-HTVS-3FE3F52D89A6,78210,,,,,,
atp_mechanism_focused,ATP-HTVS-3FEB13A0176D,79265,,,,,,
atp_mechanism_focused,ATP-HTVS-4019997F6E4F,28866,,,,,,
atp_mechanism_focused,ATP-HTVS-403847D949CB,95233,,,,,,
atp_mechanism_focused,ATP-HTVS-4042CFA848C2,91587,,,,,,
atp_mechanism_focused,ATP-HTVS-404DE520584C,71713,,,,,,
atp_mechanism_focused,ATP-HTVS-40806E2DA49D,71074,,,,,,
atp_mechanism_focused,ATP-HTVS-40CB5FD4F4D8,94114,,,,,,
atp_mechanism_focused,ATP-HTVS-40E764CABCB1,58370,,,,,,
atp_mechanism_focused,ATP-HTVS-410A75CF1522,26210,,,,,,
atp_mechanism_focused,ATP-HTVS-41202D3CA1C8,23139,,,,,,
atp_mechanism_focused,ATP-HTVS-4128F66E5F96,34562,,,,,,
atp_mechanism_focused,ATP-HTVS-418CD17BC8B0,70595,,,,,,
atp_mechanism_focused,ATP-HTVS-41A031E7C6D2,27299,,,,,,
atp_mechanism_focused,ATP-HTVS-41C13ED6AFFD,83554,,,,,,
atp_mechanism_focused,ATP-HTVS-41DBD56D77D4,56386,,,,,,
atp_mechanism_focused,ATP-HTVS-41DE369552E3,91201,,,,,,
atp_mechanism_focused,ATP-HTVS-41DF5C276515,95649,,,,,,
atp_mechanism_focused,ATP-HTVS-41EB9DEAB7C9,91683,,,,,,
atp_mechanism_focused,ATP-HTVS-420A833C3906,29570,,,,,,
atp_mechanism_focused,ATP-HTVS-425F81D77C05,85634,,,,,,
atp_mechanism_focused,ATP-HTVS-429B4D57A2D0,56417,,,,,,
atp_mechanism_focused,ATP-HTVS-42E232F3C181,95425,,,,,,
atp_mechanism_focused,ATP-HTVS-4313C7EF8265,78307,,,,,,
atp_mechanism_focused,ATP-HTVS-43145D4CE45B,93187,,,,,,
atp_mechanism_focused,ATP-HTVS-4322FF013EE1,94306,,,,,,
atp_mechanism_focused,ATP-HTVS-433854F3CEDF,69123,,,,,,
atp_mechanism_focused,ATP-HTVS-4340E5ABA707,45635,,,,,,
atp_mechanism_focused,ATP-HTVS-4382948120BD,74115,,,,,,
atp_mechanism_focused,ATP-HTVS-43D1BB82511C,88481,,,,,,
atp_mechanism_focused,ATP-HTVS-43DC0EBD36ED,75233,,,,,,
atp_mechanism_focused,ATP-HTVS-43DEA6C9D172,31907,,,,,,
atp_mechanism_focused,ATP-HTVS-43E54E69D2FC,49761,,,,,,
atp_mechanism_focused,ATP-HTVS-440AFC8B752D,31650,,,,,,
atp_mechanism_focused,ATP-HTVS-4415AB646F99,82497,,,,,,
atp_mechanism_focused,ATP-HTVS-4418320CDB75,92835,,,,,,
atp_mechanism_focused,ATP-HTVS-442C36D59863,49602,,,,,,
atp_mechanism_focused,ATP-HTVS-443BC3733DB7,97250,,,,,,
atp_mechanism_focused,ATP-HTVS-445D8195943B,74209,,,,,,
atp_mechanism_focused,ATP-HTVS-44A2C719C105,82307,,,,,,
atp_mechanism_focused,ATP-HTVS-44A5767B4738,74882,,,,,,
atp_mechanism_focused,ATP-HTVS-44ACC7CEC3D6,83425,,,,,,
atp_mechanism_focused,ATP-HTVS-44DE29768EEE,17571,,,,,,
atp_mechanism_focused,ATP-HTVS-4503BC70E7F0,38561,,,,,,
atp_mechanism_focused,ATP-HTVS-450A55DE989E,48930,,,,,,
atp_mechanism_focused,ATP-HTVS-458F3EB1794A,20674,,,,,,
atp_mechanism_focused,ATP-HTVS-45908092458F,47809,,,,,,
atp_mechanism_focused,ATP-HTVS-459B7E30FD80,76673,,,,,,
atp_mechanism_focused,ATP-HTVS-45A004EDB829,35234,,,,,,
atp_mechanism_focused,ATP-HTVS-45C9FDCE5200,67554,,,,,,
atp_mechanism_focused,ATP-HTVS-45EC04A30F13,45571,,,,,,
atp_mechanism_focused,ATP-HTVS-461088EC3581,13442,,,,,,
atp_mechanism_focused,ATP-HTVS-4630C8488F7C,77025,,,,,,
atp_mechanism_focused,ATP-HTVS-464A50F6807A,88514,,,,,,
atp_mechanism_focused,ATP-HTVS-464DF81034BD,92994,,,,,,
atp_mechanism_focused,ATP-HTVS-4697491C32F9,77698,,,,,,
atp_mechanism_focused,ATP-HTVS-4697A006B393,56194,,,,,,
atp_mechanism_focused,ATP-HTVS-469EEFA86A0D,60513,,,,,,
atp_mechanism_focused,ATP-HTVS-46A91AAE2D1D,82529,,,,,,
atp_mechanism_focused,ATP-HTVS-46F5C2C02CE5,81411,,,,,,
atp_mechanism_focused,ATP-HTVS-471B66EC874A,78945,,,,,,
atp_mechanism_focused,ATP-HTVS-471CA8009E10,94562,,,,,,
atp_mechanism_focused,ATP-HTVS-472161FD1CB3,82882,,,,,,
atp_mechanism_focused,ATP-HTVS-47220BE834AE,78051,,,,,,
atp_mechanism_focused,ATP-HTVS-47675EC0C4D5,67843,,,,,,
atp_mechanism_focused,ATP-HTVS-47A17AC8C7BD,41059,,,,,,
atp_mechanism_focused,ATP-HTVS-47BAC8FD9A9F,73409,,,,,,
atp_mechanism_focused,ATP-HTVS-4862FE6420AB,72898,,,,,,
atp_mechanism_focused,ATP-HTVS-48C487957C1E,66849,,,,,,
atp_mechanism_focused,ATP-HTVS-48ECC7021683,96033,,,,,,
atp_mechanism_focused,ATP-HTVS-491BAB709F49,88482,,,,,,
atp_mechanism_focused,ATP-HTVS-4920657FA6C2,47234,,,,,,
atp_mechanism_focused,ATP-HTVS-494FFDA3E05A,79810,,,,,,
atp_mechanism_focused,ATP-HTVS-4991CDEEDD30,76385,,,,,,
atp_mechanism_focused,ATP-HTVS-49CF595ADD5C,20834,,,,,,
atp_mechanism_focused,ATP-HTVS-49D68E9248AF,44739,,,,,,
atp_mechanism_focused,ATP-HTVS-4A1EB194D3B6,11747,,,,,,
atp_mechanism_focused,ATP-HTVS-4A28AAEEA14A,71714,,,,,,
atp_mechanism_focused,ATP-HTVS-4A3DC7D9F888,95777,,,,,,
atp_mechanism_focused,ATP-HTVS-4A7957865725,86657,,,,,,
atp_mechanism_focused,ATP-HTVS-4AC739BE8539,83970,,,,,,
atp_mechanism_focused,ATP-HTVS-4AC96F3AF657,25826,,,,,,
atp_mechanism_focused,ATP-HTVS-4AF467728185,61602,,,,,,
atp_mechanism_focused,ATP-HTVS-4AF9C9C46A6A,50882,,,,,,
atp_mechanism_focused,ATP-HTVS-4B144E96CFBE,75490,,,,,,
atp_mechanism_focused,ATP-HTVS-4B5D35D2395E,61409,,,,,,
atp_mechanism_focused,ATP-HTVS-4B689B6ED6C6,95234,,,,,,
atp_mechanism_focused,ATP-HTVS-4B898DE9EBD2,87971,,,,,,
atp_mechanism_focused,ATP-HTVS-4BBA1A792A2F,70529,,,,,,
atp_mechanism_focused,ATP-HTVS-4BCACD3FB587,71139,,,,,,
atp_mechanism_focused,ATP-HTVS-4BE062240422,80833,,,,,,
atp_mechanism_focused,ATP-HTVS-4BFDBDCB8AC3,81857,,,,,,
atp_mechanism_focused,ATP-HTVS-4C04B46E023C,67139,,,,,,
atp_mechanism_focused,ATP-HTVS-4C091C5F609D,74754,,,,,,
atp_mechanism_focused,ATP-HTVS-4C511AF0E5BD,37027,,,,,,
atp_mechanism_focused,ATP-HTVS-4C6C1EFD2AA2,72065,,,,,,
atp_mechanism_focused,ATP-HTVS-4CC80B7019B2,75234,,,,,,
atp_mechanism_focused,ATP-HTVS-4CFD3E435A48,60227,,,,,,
atp_mechanism_focused,ATP-HTVS-4D1ED9B826E8,4419,,,,,,
atp_mechanism_focused,ATP-HTVS-4D974321991D,51619,,,,,,
atp_mechanism_focused,ATP-HTVS-4DC88D9567D5,69986,,,,,,
atp_mechanism_focused,ATP-HTVS-4DE86EAA2D32,76034,,,,,,
atp_mechanism_focused,ATP-HTVS-4E16F03E37A9,70275,,,,,,
atp_mechanism_focused,ATP-HTVS-4E652792F62F,84931,,,,,,
atp_mechanism_focused,ATP-HTVS-4E825B07A9DF,20418,,,,,,
atp_mechanism_focused,ATP-HTVS-4E9E59A3DA5E,69218,,,,,,
atp_mechanism_focused,ATP-HTVS-4EA46F6E6AE0,20450,,,,,,
atp_mechanism_focused,ATP-HTVS-4EF6126AB2D8,89666,,,,,,
atp_mechanism_focused,ATP-HTVS-4F22ABB48DC5,71586,,,,,,
atp_mechanism_focused,ATP-HTVS-4F450E2E91A2,68579,,,,,,
atp_mechanism_focused,ATP-HTVS-4F5A90394674,95681,,,,,,
atp_mechanism_focused,ATP-HTVS-4F9099514318,87875,,,,,,
atp_mechanism_focused,ATP-HTVS-4F9E5F08F37F,89571,,,,,,
atp_mechanism_focused,ATP-HTVS-4FCAA645F202,97537,,,,,,
atp_mechanism_focused,ATP-HTVS-4FDD59ABF895,4961,,,,,,
atp_mechanism_focused,ATP-HTVS-505E03B882A0,11617,,,,,,
atp_mechanism_focused,ATP-HTVS-507C96D672B3,5570,,,,,,
atp_mechanism_focused,ATP-HTVS-508A27B63548,61411,,,,,,
atp_mechanism_focused,ATP-HTVS-50911053B2F5,79745,,,,,,
atp_mechanism_focused,ATP-HTVS-50DD7346FE25,89505,,,,,,
atp_mechanism_focused,ATP-HTVS-510C24ACBA66,94817,,,,,,
atp_mechanism_focused,ATP-HTVS-512766A3F074,87874,,,,,,
atp_mechanism_focused,ATP-HTVS-512BF8EF5FA0,50785,,,,,,
atp_mechanism_focused,ATP-HTVS-512DB2E888C1,97313,,,,,,
atp_mechanism_focused,ATP-HTVS-514A7FD93F10,90115,,,,,,
atp_mechanism_focused,ATP-HTVS-515F0CC44DE0,70113,,,,,,
atp_mechanism_focused,ATP-HTVS-51861E5F66D2,67938,,,,,,
atp_mechanism_focused,ATP-HTVS-518A2BC6902B,53057,,,,,,
atp_mechanism_focused,ATP-HTVS-5192BC4864D4,70497,,,,,,
atp_mechanism_focused,ATP-HTVS-51A8EA31A006,90307,,,,,,
atp_mechanism_focused,ATP-HTVS-51D7DCB6F8E8,85793,,,,,,
atp_mechanism_focused,ATP-HTVS-51FD2328387A,515,,,,,,
atp_mechanism_focused,ATP-HTVS-523F9B5BEE3B,72899,,,,,,
atp_mechanism_focused,ATP-HTVS-52495E42CB55,54529,,,,,,
atp_mechanism_focused,ATP-HTVS-524A2C000135,32450,,,,,,
atp_mechanism_focused,ATP-HTVS-52625044C5D9,31809,,,,,,
atp_mechanism_focused,ATP-HTVS-52816E9DAB39,70209,,,,,,
atp_mechanism_focused,ATP-HTVS-52B20567BA88,12577,,,,,,
atp_mechanism_focused,ATP-HTVS-52BA94C773EB,97153,,,,,,
atp_mechanism_focused,ATP-HTVS-52CC222D68E9,81987,,,,,,
atp_mechanism_focused,ATP-HTVS-52D7AA6D1B75,23138,,,,,,
atp_mechanism_focused,ATP-HTVS-52F407909F9A,88994,,,,,,
atp_mechanism_focused,ATP-HTVS-53075BACB2C6,93475,,,,,,
atp_mechanism_focused,ATP-HTVS-531A4B252985,78049,,,,,,
atp_mechanism_focused,ATP-HTVS-531EE93584A6,1955,,,,,,
atp_mechanism_focused,ATP-HTVS-532EC38BED39,25314,,,,,,
atp_mechanism_focused,ATP-HTVS-5359DC82CCCB,23171,,,,,,
atp_mechanism_focused,ATP-HTVS-53CB9D69C030,33121,,,,,,
atp_mechanism_focused,ATP-HTVS-5401EBEC1B21,77091,,,,,,
atp_mechanism_focused,ATP-HTVS-54143804256C,38146,,,,,,
atp_mechanism_focused,ATP-HTVS-5425AB1A5C10,35457,,,,,,
atp_mechanism_focused,ATP-HTVS-542A37ED863C,14243,,,,,,
atp_mechanism_focused,ATP-HTVS-542AD0F295EC,98561,,,,,,
atp_mechanism_focused,ATP-HTVS-545253A9A90F,83842,,,,,,
atp_mechanism_focused,ATP-HTVS-5494A1B9D9EC,67939,,,,,,
atp_mechanism_focused,ATP-HTVS-54A1786C1F00,83457,,,,,,
atp_mechanism_focused,ATP-HTVS-54E64C0F11AA,71361,,,,,,
atp_mechanism_focused,ATP-HTVS-54ED83DE83DA,86306,,,,,,
atp_mechanism_focused,ATP-HTVS-553AACDE3786,19939,,,,,,
atp_mechanism_focused,ATP-HTVS-555FA00075E9,85825,,,,,,
atp_mechanism_focused,ATP-HTVS-5589B4ED8BC3,58051,,,,,,
atp_mechanism_focused,ATP-HTVS-559A97C754E4,23137,,,,,,
atp_mechanism_focused,ATP-HTVS-55C340552E65,92289,,,,,,
atp_mechanism_focused,ATP-HTVS-560CD6AB75AE,93730,,,,,,
atp_mechanism_focused,ATP-HTVS-56362DCB1C38,56802,,,,,,
atp_mechanism_focused,ATP-HTVS-563DC51EEC46,75746,,,,,,
atp_mechanism_focused,ATP-HTVS-5658ECC62B06,77859,,,,,,
atp_mechanism_focused,ATP-HTVS-5694EB72FE49,38083,,,,,,
atp_mechanism_focused,ATP-HTVS-569AAE7497B4,63426,,,,,,
atp_mechanism_focused,ATP-HTVS-56BFCD0C6B29,72193,,,,,,
atp_mechanism_focused,ATP-HTVS-57132EA8AA79,36161,,,,,,
atp_mechanism_focused,ATP-HTVS-572BFDBE8187,1059,,,,,,
atp_mechanism_focused,ATP-HTVS-57A1B32CE9AA,90337,,,,,,
atp_mechanism_focused,ATP-HTVS-57B04A124BC1,76577,,,,,,
atp_mechanism_focused,ATP-HTVS-57C145E4C4AF,91107,,,,,,
atp_mechanism_focused,ATP-HTVS-57CD8A84B862,69666,,,,,,
atp_mechanism_focused,ATP-HTVS-5801E8FB792E,25635,,,,,,
atp_mechanism_focused,ATP-HTVS-5850FC4068A9,89729,,,,,,
atp_mechanism_focused,ATP-HTVS-586B19FEBC2D,72769,,,,,,
atp_mechanism_focused,ATP-HTVS-5890B3ABBA42,51713,,,,,,
atp_mechanism_focused,ATP-HTVS-58BA49956E55,50050,,,,,,
atp_mechanism_focused,ATP-HTVS-590B92626142,45217,,,,,,
atp_mechanism_focused,ATP-HTVS-593FD885E4E3,89665,,,,,,
atp_mechanism_focused,ATP-HTVS-595807F16B2C,73795,,,,,,
atp_mechanism_focused,ATP-HTVS-5993E100A2C1,94626,,,,,,
atp_mechanism_focused,ATP-HTVS-59B1C5906543,73635,,,,,,
atp_mechanism_focused,ATP-HTVS-59B957CB7E9F,77507,,,,,,
atp_mechanism_focused,ATP-HTVS-59E59E09D09E,55489,,,,,,
atp_mechanism_focused,ATP-HTVS-5A1C186863E4,25313,,,,,,
atp_mechanism_focused,ATP-HTVS-5A2EB4E9D835,63779,,,,,,
atp_mechanism_focused,ATP-HTVS-5A38D2E65B38,77890,,,,,,
atp_mechanism_focused,ATP-HTVS-5A3D1DB8098B,55105,,,,,,
atp_mechanism_focused,ATP-HTVS-5A74948D5858,90114,,,,,,
atp_mechanism_focused,ATP-HTVS-5AAA6558FE6F,81315,,,,,,
atp_mechanism_focused,ATP-HTVS-5AC0D5CB90EF,60835,,,,,,
atp_mechanism_focused,ATP-HTVS-5B1B34F83C18,97985,,,,,,
atp_mechanism_focused,ATP-HTVS-5B32A3AFA3A9,56418,,,,,,
atp_mechanism_focused,ATP-HTVS-5B9C564ED935,40865,,,,,,
atp_mechanism_focused,ATP-HTVS-5BC6D09DB3F1,87234,,,,,,
atp_mechanism_focused,ATP-HTVS-5BCFBB048AA1,79809,,,,,,
atp_mechanism_focused,ATP-HTVS-5BE3914F361A,91171,,,,,,
atp_mechanism_focused,ATP-HTVS-5BF5224E50DC,52739,,,,,,
atp_mechanism_focused,ATP-HTVS-5BFD90183104,77187,,,,,,
atp_mechanism_focused,ATP-HTVS-5C08F16C0BFC,24993,,,,,,
atp_mechanism_focused,ATP-HTVS-5C1A90E0608A,85537,,,,,,
atp_mechanism_focused,ATP-HTVS-5C2621A0B526,36290,,,,,,
atp_mechanism_focused,ATP-HTVS-5C29B6179A0F,95362,,,,,,
atp_mechanism_focused,ATP-HTVS-5CE7EF7F1B66,84354,,,,,,
atp_mechanism_focused,ATP-HTVS-5CEF79319D6B,72323,,,,,,
atp_mechanism_focused,ATP-HTVS-5CF527C7FD25,87938,,,,,,
atp_mechanism_focused,ATP-HTVS-5CFA0109773F,85506,,,,,,
atp_mechanism_focused,ATP-HTVS-5D344E99E653,87266,,,,,,
atp_mechanism_focused,ATP-HTVS-5D5940BED632,70627,,,,,,
atp_mechanism_focused,ATP-HTVS-5D5A320A0101,84833,,,,,,
atp_mechanism_focused,ATP-HTVS-5D7D5B0AFE50,31266,,,,,,
atp_mechanism_focused,ATP-HTVS-5DA5A3EB6624,30594,,,,,,
atp_mechanism_focused,ATP-HTVS-5DB20AD11BEB,83713,,,,,,
atp_mechanism_focused,ATP-HTVS-5E187255B48D,81057,,,,,,
atp_mechanism_focused,ATP-HTVS-5E1B9EFD9407,87298,,,,,,
atp_mechanism_focused,ATP-HTVS-5E389E326DA0,50337,,,,,,
atp_mechanism_focused,ATP-HTVS-5E561F95C670,44705,,,,,,
atp_mechanism_focused,ATP-HTVS-5E6DF5CA027C,40866,,,,,,
atp_mechanism_focused,ATP-HTVS-5EB936FA5BDD,88803,,,,,,
atp_mechanism_focused,ATP-HTVS-5EF6359E179A,71329,,,,,,
atp_mechanism_focused,ATP-HTVS-5F569EDABC80,82754,,,,,,
atp_mechanism_focused,ATP-HTVS-5FA879ADA4FF,77314,,,,,,
atp_mechanism_focused,ATP-HTVS-6012FFC9E47E,77729,,,,,,
atp_mechanism_focused,ATP-HTVS-601F520459A4,94209,,,,,,
atp_mechanism_focused,ATP-HTVS-602F8E6702A7,98337,,,,,,
atp_mechanism_focused,ATP-HTVS-60B21D6CE655,20227,,,,,,
atp_mechanism_focused,ATP-HTVS-60B70570E761,62883,,,,,,
atp_mechanism_focused,ATP-HTVS-60C7695B6F0C,73410,,,,,,
atp_mechanism_focused,ATP-HTVS-60D4F7FF4B6B,48865,,,,,,
atp_mechanism_focused,ATP-HTVS-60F8B74A0D7C,66018,,,,,,
atp_mechanism_focused,ATP-HTVS-6168063B3267,35105,,,,,,
atp_mechanism_focused,ATP-HTVS-61A3D13E339F,4770,,,,,,
atp_mechanism_focused,ATP-HTVS-62207831F6CB,69763,,,,,,
atp_mechanism_focused,ATP-HTVS-6227313DC6E5,72418,,,,,,
atp_mechanism_focused,ATP-HTVS-6286382C1C45,71299,,,,,,
atp_mechanism_focused,ATP-HTVS-62D29CE4051A,17858,,,,,,
atp_mechanism_focused,ATP-HTVS-631C0C315D5A,76739,,,,,,
atp_mechanism_focused,ATP-HTVS-638532F00CCB,72737,,,,,,
atp_mechanism_focused,ATP-HTVS-63A2B85F1850,85570,,,,,,
atp_mechanism_focused,ATP-HTVS-63DD1309BB6A,79362,,,,,,
atp_mechanism_focused,ATP-HTVS-63DFF8A88018,1537,,,,,,
atp_mechanism_focused,ATP-HTVS-63E5F33A32FB,23458,,,,,,
atp_mechanism_focused,ATP-HTVS-64561A556005,76449,,,,,,
atp_mechanism_focused,ATP-HTVS-6480B695D089,74689,,,,,,
atp_mechanism_focused,ATP-HTVS-64A2B9E187D2,31651,,,,,,
atp_mechanism_focused,ATP-HTVS-64F4A1A461ED,76035,,,,,,
atp_mechanism_focused,ATP-HTVS-651F2B2980F4,15906,,,,,,
atp_mechanism_focused,ATP-HTVS-65263582E7F4,36450,,,,,,
atp_mechanism_focused,ATP-HTVS-654FE4E3AAA7,28929,,,,,,
atp_mechanism_focused,ATP-HTVS-655331016ABF,30146,,,,,,
atp_mechanism_focused,ATP-HTVS-656A250247D8,81986,,,,,,
atp_mechanism_focused,ATP-HTVS-657E323E2351,76481,,,,,,
atp_mechanism_focused,ATP-HTVS-65B75474615F,40449,,,,,,
atp_mechanism_focused,ATP-HTVS-65F1321BFD60,23330,,,,,,
atp_mechanism_focused,ATP-HTVS-65F4836C7042,84577,,,,,,
atp_mechanism_focused,ATP-HTVS-6612EA4E183C,54530,,,,,,
atp_mechanism_focused,ATP-HTVS-665A86DAD15F,78754,,,,,,
atp_mechanism_focused,ATP-HTVS-66618B00A972,44098,,,,,,
atp_mechanism_focused,ATP-HTVS-667EB58ED22D,21090,,,,,,
atp_mechanism_focused,ATP-HTVS-669A511FBD29,90914,,,,,,
atp_mechanism_focused,ATP-HTVS-66A9CC424D71,24770,,,,,,
atp_mechanism_focused,ATP-HTVS-66BD7620CABA,87457,,,,,,
atp_mechanism_focused,ATP-HTVS-66EE35E24140,84065,,,,,,
atp_mechanism_focused,ATP-HTVS-66FFB530802B,85635,,,,,,
atp_mechanism_focused,ATP-HTVS-67024B617AFA,96930,,,,,,
atp_mechanism_focused,ATP-HTVS-673A54B483CC,85827,,,,,,
atp_mechanism_focused,ATP-HTVS-675C8FFFA49B,85475,,,,,,
atp_mechanism_focused,ATP-HTVS-675D7E7E37EF,84769,,,,,,
atp_mechanism_focused,ATP-HTVS-676B1F951E41,75489,,,,,,
atp_mechanism_focused,ATP-HTVS-6778D00A26F1,88097,,,,,,
atp_mechanism_focused,ATP-HTVS-677D6479829E,40802,,,,,,
atp_mechanism_focused,ATP-HTVS-67830652660F,76674,,,,,,
atp_mechanism_focused,ATP-HTVS-67B30DFDD52C,28355,,,,,,
atp_mechanism_focused,ATP-HTVS-67E3C63FBC34,48897,,,,,,
atp_mechanism_focused,ATP-HTVS-67F14CF2E487,89249,,,,,,
atp_mechanism_focused,ATP-HTVS-6804FBE9529D,53249,,,,,,
atp_mechanism_focused,ATP-HTVS-681E21A5C336,90402,,,,,,
atp_mechanism_focused,ATP-HTVS-684B476D1E6A,72322,,,,,,
atp_mechanism_focused,ATP-HTVS-68829DCC26F9,24002,,,,,,
atp_mechanism_focused,ATP-HTVS-68B1DBF07479,3426,,,,,,
atp_mechanism_focused,ATP-HTVS-69239F8CDE40,84739,,,,,,
atp_mechanism_focused,ATP-HTVS-694143BD68F7,98210,,,,,,
atp_mechanism_focused,ATP-HTVS-697A85B30C1D,5217,,,,,,
atp_mechanism_focused,ATP-HTVS-69A2FC5C8ACC,16515,,,,,,
atp_mechanism_focused,ATP-HTVS-69AD6B8D3733,52643,,,,,,
atp_mechanism_focused,ATP-HTVS-69DE697C6F69,70082,,,,,,
atp_mechanism_focused,ATP-HTVS-6A46373CBB09,79298,,,,,,
atp_mechanism_focused,ATP-HTVS-6A615EE15C98,5634,,,,,,
atp_mechanism_focused,ATP-HTVS-6A632AA0CEB9,45283,,,,,,
atp_mechanism_focused,ATP-HTVS-6A75058F52BE,28289,,,,,,
atp_mechanism_focused,ATP-HTVS-6A7606C4C92F,92290,,,,,,
atp_mechanism_focused,ATP-HTVS-6A9F3E67E2B3,32321,,,,,,
atp_mechanism_focused,ATP-HTVS-6AEF3DDEB613,24577,,,,,,
atp_mechanism_focused,ATP-HTVS-6B0687E57A6A,39265,,,,,,
atp_mechanism_focused,ATP-HTVS-6B1624881868,95842,,,,,,
atp_mechanism_focused,ATP-HTVS-6B545AE439E8,71073,,,,,,
atp_mechanism_focused,ATP-HTVS-6B6B8E0C727E,97122,,,,,,
atp_mechanism_focused,ATP-HTVS-6B709F2DA304,63171,,,,,,
atp_mechanism_focused,ATP-HTVS-6BE395388015,5218,,,,,,
atp_mechanism_focused,ATP-HTVS-6BFC96102A75,91009,,,,,,
atp_mechanism_focused,ATP-HTVS-6C10A5B04019,55619,,,,,,
atp_mechanism_focused,ATP-HTVS-6C50DB0A272F,98305,,,,,,
atp_mechanism_focused,ATP-HTVS-6C7D9744EE21,70402,,,,,,
atp_mechanism_focused,ATP-HTVS-6C953A1E72F9,84770,,,,,,
atp_mechanism_focused,ATP-HTVS-6C98FCD8FCFE,96322,,,,,,
atp_mechanism_focused,ATP-HTVS-6CCE19BA0E53,41123,,,,,,
atp_mechanism_focused,ATP-HTVS-6D0E62C9397C,87907,,,,,,
atp_mechanism_focused,ATP-HTVS-6D22B46DE244,25601,,,,,,
atp_mechanism_focused,ATP-HTVS-6D2ED4476584,96450,,,,,,
atp_mechanism_focused,ATP-HTVS-6D4BCDFA1C91,75521,,,,,,
atp_mechanism_focused,ATP-HTVS-6D7E0E0D5192,75362,,,,,,
atp_mechanism_focused,ATP-HTVS-6E0FE1B5DEAA,65857,,,,,,
atp_mechanism_focused,ATP-HTVS-6E162A247368,73633,,,,,,
atp_mechanism_focused,ATP-HTVS-6E22C1143CC0,63683,,,,,,
atp_mechanism_focused,ATP-HTVS-6E53E23A0DE7,86883,,,,,,
atp_mechanism_focused,ATP-HTVS-6E858FDBC7BE,81090,,,,,,
atp_mechanism_focused,ATP-HTVS-6E87A6CCCD27,96001,,,,,,
atp_mechanism_focused,ATP-HTVS-6EB205788321,70434,,,,,,
atp_mechanism_focused,ATP-HTVS-6EF9F712D3BB,38274,,,,,,
atp_mechanism_focused,ATP-HTVS-6F05C87B1F67,70785,,,,,,
atp_mechanism_focused,ATP-HTVS-6F07AE7177E0,48289,,,,,,
atp_mechanism_focused,ATP-HTVS-6F1494FEFC60,84675,,,,,,
atp_mechanism_focused,ATP-HTVS-6F734E803CC4,90177,,,,,,
atp_mechanism_focused,ATP-HTVS-6F858A0E8812,50979,,,,,,
atp_mechanism_focused,ATP-HTVS-6FE04A77CC41,71777,,,,,,
atp_mechanism_focused,ATP-HTVS-702B49CD2E82,75043,,,,,,
atp_mechanism_focused,ATP-HTVS-7075BC6FC110,40003,,,,,,
atp_mechanism_focused,ATP-HTVS-708569B81B35,91521,,,,,,
atp_mechanism_focused,ATP-HTVS-70C7181F988B,22946,,,,,,
atp_mechanism_focused,ATP-HTVS-70E37A6C21BA,87747,,,,,,
atp_mechanism_focused,ATP-HTVS-7191B1059E2A,91041,,,,,,
atp_mechanism_focused,ATP-HTVS-71BAC3B18036,84419,,,,,,
atp_mechanism_focused,ATP-HTVS-71BF5DD28E53,57729,,,,,,
atp_mechanism_focused,ATP-HTVS-71D6C35FE659,77570,,,,,,
atp_mechanism_focused,ATP-HTVS-7201DD4C282A,6657,,,,,,
atp_mechanism_focused,ATP-HTVS-72573E055255,65475,,,,,,
atp_mechanism_focused,ATP-HTVS-72B2F4D4EA61,85379,,,,,,
atp_mechanism_focused,ATP-HTVS-72BD9FFCF62D,59458,,,,,,
atp_mechanism_focused,ATP-HTVS-72D66A1ED57F,85633,,,,,,
atp_mechanism_focused,ATP-HTVS-72E6B3102DA2,29953,,,,,,
atp_mechanism_focused,ATP-HTVS-7317133B38FB,3522,,,,,,
atp_mechanism_focused,ATP-HTVS-73425E104865,17794,,,,,,
atp_mechanism_focused,ATP-HTVS-736CCC940701,87841,,,,,,
atp_mechanism_focused,ATP-HTVS-738A9E09AC53,76002,,,,,,
atp_mechanism_focused,ATP-HTVS-7398D4493E72,77633,,,,,,
atp_mechanism_focused,ATP-HTVS-73D804AB38E4,60195,,,,,,
atp_mechanism_focused,ATP-HTVS-7418424385E1,74179,,,,,,
atp_mechanism_focused,ATP-HTVS-74641C70E223,90850,,,,,,
atp_mechanism_focused,ATP-HTVS-74C5B06FA80B,35331,,,,,,
atp_mechanism_focused,ATP-HTVS-74E2CC654FC3,78466,,,,,,
atp_mechanism_focused,ATP-HTVS-750E4CFCB0FA,69826,,,,,,
atp_mechanism_focused,ATP-HTVS-7598FFEE7603,72739,,,,,,
atp_mechanism_focused,ATP-HTVS-75A4DAB7424E,78401,,,,,,
atp_mechanism_focused,ATP-HTVS-75AC094BF9E0,89827,,,,,,
atp_mechanism_focused,ATP-HTVS-75B300C751D2,33282,,,,,,
atp_mechanism_focused,ATP-HTVS-75F52EFCCD23,94273,,,,,,
atp_mechanism_focused,ATP-HTVS-76416D54A342,23331,,,,,,
atp_mechanism_focused,ATP-HTVS-767E37D8A78C,74498,,,,,,
atp_mechanism_focused,ATP-HTVS-7694DCD97798,36195,,,,,,
atp_mechanism_focused,ATP-HTVS-76CE1997AF40,20163,,,,,,
atp_mechanism_focused,ATP-HTVS-76EB0BEAC1B9,37825,,,,,,
atp_mechanism_focused,ATP-HTVS-772EF906400E,20706,,,,,,
atp_mechanism_focused,ATP-HTVS-773D20A649CC,79681,,,,,,
atp_mechanism_focused,ATP-HTVS-7743C5ABCFDD,93987,,,,,,
atp_mechanism_focused,ATP-HTVS-7752C713B971,90178,,,,,,
atp_mechanism_focused,ATP-HTVS-776FBC5F0312,98786,,,,,,
atp_mechanism_focused,ATP-HTVS-77ED8C900CC0,79747,,,,,,
atp_mechanism_focused,ATP-HTVS-77F3EA8C01D2,80162,,,,,,
atp_mechanism_focused,ATP-HTVS-780990BE0E68,83747,,,,,,
atp_mechanism_focused,ATP-HTVS-7820955A714C,43682,,,,,,
atp_mechanism_focused,ATP-HTVS-78252FECAF69,68547,,,,,,
atp_mechanism_focused,ATP-HTVS-792F02E01A4E,94081,,,,,,
atp_mechanism_focused,ATP-HTVS-794646D3B9C8,91617,,,,,,
atp_mechanism_focused,ATP-HTVS-795FA74A51DE,66529,,,,,,
atp_mechanism_focused,ATP-HTVS-79A32C942736,68642,,,,,,
atp_mechanism_focused,ATP-HTVS-79BEB139CB8F,55745,,,,,,
atp_mechanism_focused,ATP-HTVS-79C7807006E2,74402,,,,,,
atp_mechanism_focused,ATP-HTVS-79E4EBD82D6A,63777,,,,,,
atp_mechanism_focused,ATP-HTVS-79EE8ED1543F,88993,,,,,,
atp_mechanism_focused,ATP-HTVS-7A394D6CE484,99713,,,,,,
atp_mechanism_focused,ATP-HTVS-7A7B7DA644AB,49827,,,,,,
atp_mechanism_focused,ATP-HTVS-7A7BCDC0632F,1539,,,,,,
atp_mechanism_focused,ATP-HTVS-7AB1442FC022,28993,,,,,,
atp_mechanism_focused,ATP-HTVS-7ABEAEA32F74,93505,,,,,,
atp_mechanism_focused,ATP-HTVS-7ACA80837BCE,95906,,,,,,
atp_mechanism_focused,ATP-HTVS-7AEE8A51E1B1,46561,,,,,,
atp_mechanism_focused,ATP-HTVS-7AFD271A302C,56897,,,,,,
atp_mechanism_focused,ATP-HTVS-7B1416FC1373,96097,,,,,,
atp_mechanism_focused,ATP-HTVS-7B85D20A61B3,83969,,,,,,
atp_mechanism_focused,ATP-HTVS-7B98CE40EDFD,70307,,,,,,
atp_mechanism_focused,ATP-HTVS-7BBDEC1762B0,28193,,,,,,
atp_mechanism_focused,ATP-HTVS-7BEC4E93BD87,81249,,,,,,
atp_mechanism_focused,ATP-HTVS-7BF7B7486D45,67138,,,,,,
atp_mechanism_focused,ATP-HTVS-7C2B62D08873,63427,,,,,,
atp_mechanism_focused,ATP-HTVS-7C2D6468D489,82402,,,,,,
atp_mechanism_focused,ATP-HTVS-7C58C2B4F3B5,20035,,,,,,
atp_mechanism_focused,ATP-HTVS-7C6049B0D6CE,73154,,,,,,
atp_mechanism_focused,ATP-HTVS-7C6F09AC1D4C,90306,,,,,,
atp_mechanism_focused,ATP-HTVS-7CA2ECE32076,86177,,,,,,
atp_mechanism_focused,ATP-HTVS-7CD79F872AFC,67937,,,,,,
atp_mechanism_focused,ATP-HTVS-7CF383CE087B,75810,,,,,,
atp_mechanism_focused,ATP-HTVS-7D198ACE4CB8,50529,,,,,,
atp_mechanism_focused,ATP-HTVS-7D1C8522A3FA,27619,,,,,,
atp_mechanism_focused,ATP-HTVS-7D663BEE19BA,79617,,,,,,
atp_mechanism_focused,ATP-HTVS-7DAC8816801F,84385,,,,,,
atp_mechanism_focused,ATP-HTVS-7DBCC72663B9,59649,,,,,,
atp_mechanism_focused,ATP-HTVS-7DD2E8BA0428,80835,,,,,,
atp_mechanism_focused,ATP-HTVS-7DE0A46CB904,32482,,,,,,
atp_mechanism_focused,ATP-HTVS-7DE5D821A3A4,82179,,,,,,
atp_mechanism_focused,ATP-HTVS-7EF53BD61533,95426,,,,,,
atp_mechanism_focused,ATP-HTVS-7EF96EA99BCF,95361,,,,,,
atp_mechanism_focused,ATP-HTVS-7F35209A363C,80099,,,,,,
atp_mechanism_focused,ATP-HTVS-7F4769B54268,71043,,,,,,
atp_mechanism_focused,ATP-HTVS-7F76552361A7,92449,,,,,,
atp_mechanism_focused,ATP-HTVS-7F7812FC41A5,72321,,,,,,
atp_mechanism_focused,ATP-HTVS-7F83928F0467,70722,,,,,,
atp_mechanism_focused,ATP-HTVS-800B0B068CC6,45569,,,,,,
atp_mechanism_focused,ATP-HTVS-8033922A69C0,25505,,,,,,
atp_mechanism_focused,ATP-HTVS-8095E17D3127,20707,,,,,,
atp_mechanism_focused,ATP-HTVS-80A1BADD16E7,72066,,,,,,
atp_mechanism_focused,ATP-HTVS-818D9CFDFCEA,71330,,,,,,
atp_mechanism_focused,ATP-HTVS-81A5FD53922A,40450,,,,,,
atp_mechanism_focused,ATP-HTVS-81EE647F8CA6,20322,,,,,,
atp_mechanism_focused,ATP-HTVS-81F0F4B0A07A,32545,,,,,,
atp_mechanism_focused,ATP-HTVS-821B647876F5,39105,,,,,,
atp_mechanism_focused,ATP-HTVS-822192B7646A,57442,,,,,,
atp_mechanism_focused,ATP-HTVS-824DD36F4E64,69665,,,,,,
atp_mechanism_focused,ATP-HTVS-8313972BDCAD,69219,,,,,,
atp_mechanism_focused,ATP-HTVS-83530B88E656,71585,,,,,,
atp_mechanism_focused,ATP-HTVS-8365FF7884A6,64321,,,,,,
atp_mechanism_focused,ATP-HTVS-83768D529230,81825,,,,,,
atp_mechanism_focused,ATP-HTVS-837D7A211A0E,67522,,,,,,
atp_mechanism_focused,ATP-HTVS-83F3A5AEE880,84835,,,,,,
atp_mechanism_focused,ATP-HTVS-83F819F668B2,38177,,,,,,
atp_mechanism_focused,ATP-HTVS-83F93451062F,20931,,,,,,
atp_mechanism_focused,ATP-HTVS-8409CD5E0FE2,36418,,,,,,
atp_mechanism_focused,ATP-HTVS-842E20B26D61,12419,,,,,,
atp_mechanism_focused,ATP-HTVS-84AF7025C22A,80514,,,,,,
atp_mechanism_focused,ATP-HTVS-84B0A2EEAAE5,32771,,,,,,
atp_mechanism_focused,ATP-HTVS-84B7FD2F846A,21121,,,,,,
atp_mechanism_focused,ATP-HTVS-84C0F320BB18,20865,,,,,,
atp_mechanism_focused,ATP-HTVS-8521C9576B2F,26626,,,,,,
atp_mechanism_focused,ATP-HTVS-85577F90127E,51907,,,,,,
atp_mechanism_focused,ATP-HTVS-8567A07E89C1,63170,,,,,,
atp_mechanism_focused,ATP-HTVS-85B092CE3CD6,31969,,,,,,
atp_mechanism_focused,ATP-HTVS-85D8FA1817A9,28450,,,,,,
atp_mechanism_focused,ATP-HTVS-85E208BF5C05,38787,,,,,,
atp_mechanism_focused,ATP-HTVS-8667D2FB5617,48353,,,,,,
atp_mechanism_focused,ATP-HTVS-866AD4D93294,90531,,,,,,
atp_mechanism_focused,ATP-HTVS-86939B89774E,41027,,,,,,
atp_mechanism_focused,ATP-HTVS-869F8AF38162,90401,,,,,,
atp_mechanism_focused,ATP-HTVS-86B60B8C3F13,91042,,,,,,
atp_mechanism_focused,ATP-HTVS-86C3058B81C7,98306,,,,,,
atp_mechanism_focused,ATP-HTVS-86DDC209E59E,63042,,,,,,
atp_mechanism_focused,ATP-HTVS-87B93A696720,77730,,,,,,
atp_mechanism_focused,ATP-HTVS-87F6BDFAEB44,451,,,,,,
atp_mechanism_focused,ATP-HTVS-8843DC2573F9,5091,,,,,,
atp_mechanism_focused,ATP-HTVS-88509AB3E069,48258,,,,,,
atp_mechanism_focused,ATP-HTVS-8884805DC746,43842,,,,,,
atp_mechanism_focused,ATP-HTVS-8892C512F7BC,71491,,,,,,
atp_mechanism_focused,ATP-HTVS-88F2ADA8327D,84033,,,,,,
atp_mechanism_focused,ATP-HTVS-891CD438FA2D,65635,,,,,,
atp_mechanism_focused,ATP-HTVS-892E5C6BD7E4,94849,,,,,,
atp_mechanism_focused,ATP-HTVS-89495CC893EC,89889,,,,,,
atp_mechanism_focused,ATP-HTVS-894F1E46B14F,48034,,,,,,
atp_mechanism_focused,ATP-HTVS-896D1EC960E1,28451,,,,,,
atp_mechanism_focused,ATP-HTVS-898AE5CA69D9,41922,,,,,,
atp_mechanism_focused,ATP-HTVS-89936433B7DC,96034,,,,,,
atp_mechanism_focused,ATP-HTVS-89F3E6A1D8C1,75298,,,,,,
atp_mechanism_focused,ATP-HTVS-8A7A96DBFC1E,81218,,,,,,
atp_mechanism_focused,ATP-HTVS-8A89FEC9078D,30274,,,,,,
atp_mechanism_focused,ATP-HTVS-8B2F0F11D1D9,80515,,,,,,
atp_mechanism_focused,ATP-HTVS-8B5B7778DF28,95554,,,,,,
atp_mechanism_focused,ATP-HTVS-8BC83C5D0DE9,33889,,,,,,
atp_mechanism_focused,ATP-HTVS-8BE0537C7CD3,54531,,,,,,
atp_mechanism_focused,ATP-HTVS-8BF32585E280,72579,,,,,,
atp_mechanism_focused,ATP-HTVS-8BFFC6150277,53633,,,,,,
atp_mechanism_focused,ATP-HTVS-8C1C7F16DF05,82530,,,,,,
atp_mechanism_focused,ATP-HTVS-8C32683EF27B,27521,,,,,,
atp_mechanism_focused,ATP-HTVS-8CA7F3DFAEDE,5090,,,,,,
atp_mechanism_focused,ATP-HTVS-8D220C5D1AB9,73921,,,,,,
atp_mechanism_focused,ATP-HTVS-8D32545BC421,99618,,,,,,
atp_mechanism_focused,ATP-HTVS-8D4A93BCC2C7,20193,,,,,,
atp_mechanism_focused,ATP-HTVS-8D6261309289,77506,,,,,,
atp_mechanism_focused,ATP-HTVS-8DFE2090913E,89730,,,,,,
atp_mechanism_focused,ATP-HTVS-8E104651B898,59169,,,,,,
atp_mechanism_focused,ATP-HTVS-8E17E50AE6CE,18721,,,,,,
atp_mechanism_focused,ATP-HTVS-8E1A44B1E9FD,75361,,,,,,
atp_mechanism_focused,ATP-HTVS-8E25FC822191,86497,,,,,,
atp_mechanism_focused,ATP-HTVS-8E36F3F2ACA8,64322,,,,,,
atp_mechanism_focused,ATP-HTVS-8E3D409F2843,55746,,,,,,
atp_mechanism_focused,ATP-HTVS-8E434DB2B88E,94115,,,,,,
atp_mechanism_focused,ATP-HTVS-8E5D0C8C0586,48226,,,,,,
atp_mechanism_focused,ATP-HTVS-8E6E87523B7B,64451,,,,,,
atp_mechanism_focused,ATP-HTVS-8E7556763F42,90403,,,,,,
atp_mechanism_focused,ATP-HTVS-8EB0CBA3C42A,28354,,,,,,
atp_mechanism_focused,ATP-HTVS-8EBB5954A050,85187,,,,,,
atp_mechanism_focused,ATP-HTVS-8ECA82FC9C79,20066,,,,,,
atp_mechanism_focused,ATP-HTVS-8EDB8C766CED,78306,,,,,,
atp_mechanism_focused,ATP-HTVS-8EE5F01B86B2,66145,,,,,,
atp_mechanism_focused,ATP-HTVS-8F383301D999,83458,,,,,,
atp_mechanism_focused,ATP-HTVS-8F7863C4F42C,32898,,,,,,
atp_mechanism_focused,ATP-HTVS-8F8686BB907F,97314,,,,,,
atp_mechanism_focused,ATP-HTVS-8FAB3387FC95,74083,,,,,,
atp_mechanism_focused,ATP-HTVS-8FAC22D1DEE3,83011,,,,,,
atp_mechanism_focused,ATP-HTVS-8FAD4DDE14EC,4418,,,,,,
atp_mechanism_focused,ATP-HTVS-8FCE9ABFEDC9,96578,,,,,,
atp_mechanism_focused,ATP-HTVS-8FFDF10521D1,34625,,,,,,
atp_mechanism_focused,ATP-HTVS-903509DD9171,38371,,,,,,
atp_mechanism_focused,ATP-HTVS-906C5B8F4575,46978,,,,,,
atp_mechanism_focused,ATP-HTVS-9071C340676C,91907,,,,,,
atp_mechanism_focused,ATP-HTVS-90D8E935D6BA,70531,,,,,,
atp_mechanism_focused,ATP-HTVS-90E2293F5662,27587,,,,,,
atp_mechanism_focused,ATP-HTVS-90F616328265,99169,,,,,,
atp_mechanism_focused,ATP-HTVS-9118BAC0F3E5,49857,,,,,,
atp_mechanism_focused,ATP-HTVS-9126C22B6E5D,23649,,,,,,
atp_mechanism_focused,ATP-HTVS-91559CC1A0CF,77345,,,,,,
atp_mechanism_focused,ATP-HTVS-915EA674EB52,76033,,,,,,
atp_mechanism_focused,ATP-HTVS-917D65E68C1C,37603,,,,,,
atp_mechanism_focused,ATP-HTVS-917EA3B617CA,53634,,,,,,
atp_mechanism_focused,ATP-HTVS-91FB2566E9C6,66147,,,,,,
atp_mechanism_focused,ATP-HTVS-91FE8B97AF5D,74274,,,,,,
atp_mechanism_focused,ATP-HTVS-925A357E73C9,83553,,,,,,
atp_mechanism_focused,ATP-HTVS-9261E8E7C16B,37826,,,,,,
atp_mechanism_focused,ATP-HTVS-9279E9D3CA8E,26337,,,,,,
atp_mechanism_focused,ATP-HTVS-928F3709654C,80577,,,,,,
atp_mechanism_focused,ATP-HTVS-92BA88CED8DA,20033,,,,,,
atp_mechanism_focused,ATP-HTVS-92C487CB2C4B,64961,,,,,,
atp_mechanism_focused,ATP-HTVS-92D1D8A066E2,26498,,,,,,
atp_mechanism_focused,ATP-HTVS-92F0D0267220,45570,,,,,,
atp_mechanism_focused,ATP-HTVS-9352BEE24C86,93634,,,,,,
atp_mechanism_focused,ATP-HTVS-9360F17A3EC6,75329,,,,,,
atp_mechanism_focused,ATP-HTVS-9393AACC3570,45122,,,,,,
atp_mechanism_focused,ATP-HTVS-93C7314F95B0,68035,,,,,,
atp_mechanism_focused,ATP-HTVS-93CB38BE3680,47971,,,,,,
atp_mechanism_focused,ATP-HTVS-93E6D0793690,63681,,,,,,
atp_mechanism_focused,ATP-HTVS-94036CD3F111,91106,,,,,,
atp_mechanism_focused,ATP-HTVS-94448DA501C0,79074,,,,,,
atp_mechanism_focused,ATP-HTVS-9480C2297FB5,70563,,,,,,
atp_mechanism_focused,ATP-HTVS-94941B52F5EC,56161,,,,,,
atp_mechanism_focused,ATP-HTVS-94D8827D88B0,51299,,,,,,
atp_mechanism_focused,ATP-HTVS-94FDA1BF8648,94914,,,,,,
atp_mechanism_focused,ATP-HTVS-9505CBC4E7EE,64641,,,,,,
atp_mechanism_focused,ATP-HTVS-952C6901247D,71138,,,,,,
atp_mechanism_focused,ATP-HTVS-9548848ABB82,37537,,,,,,
atp_mechanism_focused,ATP-HTVS-954980F32CB7,55906,,,,,,
atp_mechanism_focused,ATP-HTVS-95B9B67075F0,77443,,,,,,
atp_mechanism_focused,ATP-HTVS-95C9BC6D1CE7,79202,,,,,,
atp_mechanism_focused,ATP-HTVS-95D1FAD4F080,71875,,,,,,
atp_mechanism_focused,ATP-HTVS-95D98DD03D76,71298,,,,,,
atp_mechanism_focused,ATP-HTVS-95EE858F8EEC,89953,,,,,,
atp_mechanism_focused,ATP-HTVS-96035055C171,32801,,,,,,
atp_mechanism_focused,ATP-HTVS-9640828E0D0B,57411,,,,,,
atp_mechanism_focused,ATP-HTVS-96C7A2856398,57953,,,,,,
atp_mechanism_focused,ATP-HTVS-9702CFD2E9A2,81985,,,,,,
atp_mechanism_focused,ATP-HTVS-970FBD5470AF,37921,,,,,,
atp_mechanism_focused,ATP-HTVS-970FD2D7162F,57698,,,,,,
atp_mechanism_focused,ATP-HTVS-971CA853FA9A,47075,,,,,,
atp_mechanism_focused,ATP-HTVS-976CFBCF515D,13249,,,,,,
atp_mechanism_focused,ATP-HTVS-9774402850E8,78433,,,,,,
atp_mechanism_focused,ATP-HTVS-980C1FC6FC1E,30689,,,,,,
atp_mechanism_focused,ATP-HTVS-985FC5CCBDCC,91523,,,,,,
atp_mechanism_focused,ATP-HTVS-986AE7271DA8,70049,,,,,,
atp_mechanism_focused,ATP-HTVS-9898F3268698,61313,,,,,,
atp_mechanism_focused,ATP-HTVS-98A0502BF743,60257,,,,,,
atp_mechanism_focused,ATP-HTVS-98C6C787C9CA,97922,,,,,,
atp_mechanism_focused,ATP-HTVS-98E751432A52,90242,,,,,,
atp_mechanism_focused,ATP-HTVS-98EFE7D538B2,77379,,,,,,
atp_mechanism_focused,ATP-HTVS-99217F2350A2,27618,,,,,,
atp_mechanism_focused,ATP-HTVS-99483DBEAA78,20963,,,,,,
atp_mechanism_focused,ATP-HTVS-9967BD998929,72578,,,,,,
atp_mechanism_focused,ATP-HTVS-99B36318F637,6081,,,,,,
atp_mechanism_focused,ATP-HTVS-99E4671812AC,87393,,,,,,
atp_mechanism_focused,ATP-HTVS-9A332D1A0286,27617,,,,,,
atp_mechanism_focused,ATP-HTVS-9A3A5E055FE2,67235,,,,,,
atp_mechanism_focused,ATP-HTVS-9A75570B0E27,83009,,,,,,
atp_mechanism_focused,ATP-HTVS-9A76BB66DB1D,70498,,,,,,
atp_mechanism_focused,ATP-HTVS-9A86ECE1052E,19937,,,,,,
atp_mechanism_focused,ATP-HTVS-9AD82B0B5D2D,80610,,,,,,
atp_mechanism_focused,ATP-HTVS-9AEFC257B6AB,94850,,,,,,
atp_mechanism_focused,ATP-HTVS-9AF19AD81321,95841,,,,,,
atp_mechanism_focused,ATP-HTVS-9B930A3F277B,46658,,,,,,
atp_mechanism_focused,ATP-HTVS-9BFBB44B9744,92161,,,,,,
atp_mechanism_focused,ATP-HTVS-9C0CB662701B,22849,,,,,,
atp_mechanism_focused,ATP-HTVS-9C2287A2D630,61441,,,,,,
atp_mechanism_focused,ATP-HTVS-9C588CAB6516,96290,,,,,,
atp_mechanism_focused,ATP-HTVS-9C7CAB1133CD,78305,,,,,,
atp_mechanism_focused,ATP-HTVS-9C9650448F2C,83841,,,,,,
atp_mechanism_focused,ATP-HTVS-9CB3B225923C,39555,,,,,,
atp_mechanism_focused,ATP-HTVS-9CE7151F0CF5,20835,,,,,,
atp_mechanism_focused,ATP-HTVS-9D3CA67459E0,67746,,,,,,
atp_mechanism_focused,ATP-HTVS-9D856A339FA1,23650,,,,,,
atp_mechanism_focused,ATP-HTVS-9D863030CFC5,78209,,,,,,
atp_mechanism_focused,ATP-HTVS-9DA78F477298,97857,,,,,,
atp_mechanism_focused,ATP-HTVS-9DADF577E8AC,41122,,,,,,
atp_mechanism_focused,ATP-HTVS-9DBDBA397665,91489,,,,,,
atp_mechanism_focused,ATP-HTVS-9DFA3785F0DB,83778,,,,,,
atp_mechanism_focused,ATP-HTVS-9E45A7CB1B23,24003,,,,,,
atp_mechanism_focused,ATP-HTVS-9E60DE94BDF0,48290,,,,,,
atp_mechanism_focused,ATP-HTVS-9F0B8180A605,37283,,,,,,
atp_mechanism_focused,ATP-HTVS-9F37D3A44946,93826,,,,,,
atp_mechanism_focused,ATP-HTVS-9F5103B68EB9,61826,,,,,,
atp_mechanism_focused,ATP-HTVS-9F7EB006111C,2945,,,,,,
atp_mechanism_focused,ATP-HTVS-9F81472CEEC6,90627,,,,,,
atp_mechanism_focused,ATP-HTVS-9F81613398D9,73347,,,,,,
atp_mechanism_focused,ATP-HTVS-9F8F78EE592C,70659,,,,,,
atp_mechanism_focused,ATP-HTVS-9F9A426F6493,36611,,,,,,
atp_mechanism_focused,ATP-HTVS-A05CBA531631,30147,,,,,,
atp_mechanism_focused,ATP-HTVS-A0BE83379585,57251,,,,,,
atp_mechanism_focused,ATP-HTVS-A0DD4911ADFC,80834,,,,,,
atp_mechanism_focused,ATP-HTVS-A10345D75118,25475,,,,,,
atp_mechanism_focused,ATP-HTVS-A11F200701F2,51714,,,,,,
atp_mechanism_focused,ATP-HTVS-A12862845571,36162,,,,,,
atp_mechanism_focused,ATP-HTVS-A1381500D8FF,28897,,,,,,
atp_mechanism_focused,ATP-HTVS-A1F737581FBF,84547,,,,,,
atp_mechanism_focused,ATP-HTVS-A20FC30C18FA,37827,,,,,,
atp_mechanism_focused,ATP-HTVS-A257C47BE0F3,3587,,,,,,
atp_mechanism_focused,ATP-HTVS-A25C4EA68E32,90658,,,,,,
atp_mechanism_focused,ATP-HTVS-A27D1CDFC59C,12003,,,,,,
atp_mechanism_focused,ATP-HTVS-A286808FA942,81442,,,,,,
atp_mechanism_focused,ATP-HTVS-A28F95EF9540,45281,,,,,,
atp_mechanism_focused,ATP-HTVS-A2CFD20ABAD2,83203,,,,,,
atp_mechanism_focused,ATP-HTVS-A2EC0CC51325,66753,,,,,,
atp_mechanism_focused,ATP-HTVS-A2ECE24B89CB,24515,,,,,,
atp_mechanism_focused,ATP-HTVS-A2FDB4A8FB56,72417,,,,,,
atp_mechanism_focused,ATP-HTVS-A305C0BD9D10,76386,,,,,,
atp_mechanism_focused,ATP-HTVS-A343C43AF9EC,23169,,,,,,
atp_mechanism_focused,ATP-HTVS-A345DB3E7236,69795,,,,,,
atp_mechanism_focused,ATP-HTVS-A361D156A19C,49762,,,,,,
atp_mechanism_focused,ATP-HTVS-A38ED211E8B3,94083,,,,,,
atp_mechanism_focused,ATP-HTVS-A3A98DB30213,66146,,,,,,
atp_mechanism_focused,ATP-HTVS-A3FFA90B66AA,58403,,,,,,
atp_mechanism_focused,ATP-HTVS-A44EAAD38847,47618,,,,,,
atp_mechanism_focused,ATP-HTVS-A459F36766D8,51650,,,,,,
atp_mechanism_focused,ATP-HTVS-A4810EBC0F15,61601,,,,,,
atp_mechanism_focused,ATP-HTVS-A4BDF0A6C58A,61058,,,,,,
atp_mechanism_focused,ATP-HTVS-A4F2667C3349,72738,,,,,,
atp_mechanism_focused,ATP-HTVS-A521B3182CFE,21155,,,,,,
atp_mechanism_focused,ATP-HTVS-A5353E166184,71683,,,,,,
atp_mechanism_focused,ATP-HTVS-A53B334F5824,50977,,,,,,
atp_mechanism_focused,ATP-HTVS-A5A2B8D72F00,38882,,,,,,
atp_mechanism_focused,ATP-HTVS-A5C0EA33BE09,60675,,,,,,
atp_mechanism_focused,ATP-HTVS-A6599D500180,29250,,,,,,
atp_mechanism_focused,ATP-HTVS-A67C5EBB60CA,75841,,,,,,
atp_mechanism_focused,ATP-HTVS-A67DD6FB98A9,70562,,,,,,
atp_mechanism_focused,ATP-HTVS-A6800539A705,75618,,,,,,
atp_mechanism_focused,ATP-HTVS-A693217A85AE,38275,,,,,,
atp_mechanism_focused,ATP-HTVS-A6940AB4AD1D,24387,,,,,,
atp_mechanism_focused,ATP-HTVS-A6CB9DE84F6F,84034,,,,,,
atp_mechanism_focused,ATP-HTVS-A6D74CA540BA,89537,,,,,,
atp_mechanism_focused,ATP-HTVS-A7093622CBF0,20771,,,,,,
atp_mechanism_focused,ATP-HTVS-A719F0D3C4DA,74594,,,,,,
atp_mechanism_focused,ATP-HTVS-A7693842EDE7,83074,,,,,,
atp_mechanism_focused,ATP-HTVS-A7BD7D96AE57,4451,,,,,,
atp_mechanism_focused,ATP-HTVS-A7EE593102BF,33505,,,,,,
atp_mechanism_focused,ATP-HTVS-A8111C46748E,73794,,,,,,
atp_mechanism_focused,ATP-HTVS-A820F1D60548,63138,,,,,,
atp_mechanism_focused,ATP-HTVS-A844998385F9,77505,,,,,,
atp_mechanism_focused,ATP-HTVS-A845026C7E40,91522,,,,,,
atp_mechanism_focused,ATP-HTVS-A8555051B7A8,26369,,,,,,
atp_mechanism_focused,ATP-HTVS-A86A798575A4,98241,,,,,,
atp_mechanism_focused,ATP-HTVS-A89DA5D53108,97121,,,,,,
atp_mechanism_focused,ATP-HTVS-A8B79B8D9CE4,98466,,,,,,
atp_mechanism_focused,ATP-HTVS-A8F9662136B7,83170,,,,,,
atp_mechanism_focused,ATP-HTVS-A8FD4BE75532,89409,,,,,,
atp_mechanism_focused,ATP-HTVS-A9326BC55FC3,99138,,,,,,
atp_mechanism_focused,ATP-HTVS-A949B56C75C5,93891,,,,,,
atp_mechanism_focused,ATP-HTVS-A9572D0B6B20,80417,,,,,,
atp_mechanism_focused,ATP-HTVS-A95E57B9EC2C,50113,,,,,,
atp_mechanism_focused,ATP-HTVS-A9E2ECE51DBC,47937,,,,,,
atp_mechanism_focused,ATP-HTVS-AAAC0953A4ED,31555,,,,,,
atp_mechanism_focused,ATP-HTVS-AACA343AA4DE,52321,,,,,,
atp_mechanism_focused,ATP-HTVS-AAD4045BFE18,82595,,,,,,
atp_mechanism_focused,ATP-HTVS-AAEC409DC9E3,32515,,,,,,
atp_mechanism_focused,ATP-HTVS-AB4BD250F7B6,81346,,,,,,
atp_mechanism_focused,ATP-HTVS-AB5753B8B47E,40737,,,,,,
atp_mechanism_focused,ATP-HTVS-AB5D2E649063,94019,,,,,,
atp_mechanism_focused,ATP-HTVS-AB6A0F8FBF12,18977,,,,,,
atp_mechanism_focused,ATP-HTVS-ABB27A5BB422,32386,,,,,,
atp_mechanism_focused,ATP-HTVS-AC48CD61B4D9,74881,,,,,,
atp_mechanism_focused,ATP-HTVS-AC6C82062264,64258,,,,,,
atp_mechanism_focused,ATP-HTVS-AC71774ACC4B,91074,,,,,,
atp_mechanism_focused,ATP-HTVS-ACBE41267A18,4290,,,,,,
atp_mechanism_focused,ATP-HTVS-AD26772F5837,35617,,,,,,
atp_mechanism_focused,ATP-HTVS-AD556EC8B5E3,32131,,,,,,
atp_mechanism_focused,ATP-HTVS-AD7BC7F537E7,96482,,,,,,
atp_mechanism_focused,ATP-HTVS-AD7D334F30DB,88673,,,,,,
atp_mechanism_focused,ATP-HTVS-AD7FACE11FDD,91810,,,,,,
atp_mechanism_focused,ATP-HTVS-AD7FBCC01633,85217,,,,,,
atp_mechanism_focused,ATP-HTVS-ADC6A568E437,96738,,,,,,
atp_mechanism_focused,ATP-HTVS-ADEEA10F1B91,88065,,,,,,
atp_mechanism_focused,ATP-HTVS-ADF1B73D9E23,85507,,,,,,
atp_mechanism_focused,ATP-HTVS-ADFEB0A5CD8C,55939,,,,,,
atp_mechanism_focused,ATP-HTVS-AE2593E94038,97890,,,,,,
atp_mechanism_focused,ATP-HTVS-AE73BF67DB9D,5410,,,,,,
atp_mechanism_focused,ATP-HTVS-AE7F15E1977E,5761,,,,,,
atp_mechanism_focused,ATP-HTVS-AE8349DE7653,92993,,,,,,
atp_mechanism_focused,ATP-HTVS-AEA5EF37F369,76161,,,,,,
atp_mechanism_focused,ATP-HTVS-AEC4D9F1E0F4,72001,,,,,,
atp_mechanism_focused,ATP-HTVS-AEE242E516D8,90657,,,,,,
atp_mechanism_focused,ATP-HTVS-AF0D06B60C3E,79234,,,,,,
atp_mechanism_focused,ATP-HTVS-AF24076E5CF3,48513,,,,,,
atp_mechanism_focused,ATP-HTVS-AF546DDC8B5A,39811,,,,,,
atp_mechanism_focused,ATP-HTVS-AF6DFEAC4438,77891,,,,,,
atp_mechanism_focused,ATP-HTVS-AFAE325C96BD,30114,,,,,,
atp_mechanism_focused,ATP-HTVS-AFB94CABAED0,95970,,,,,,
atp_mechanism_focused,ATP-HTVS-AFD6D96F704F,43106,,,,,,
atp_mechanism_focused,ATP-HTVS-AFF6C4F7FD39,48355,,,,,,
atp_mechanism_focused,ATP-HTVS-B00F3517908E,71715,,,,,,
atp_mechanism_focused,ATP-HTVS-B0742D29E2ED,92481,,,,,,
atp_mechanism_focused,ATP-HTVS-B0A71AB87D72,74467,,,,,,
atp_mechanism_focused,ATP-HTVS-B0AB4541452E,78753,,,,,,
atp_mechanism_focused,ATP-HTVS-B0B19F009301,74529,,,,,,
atp_mechanism_focused,ATP-HTVS-B107F9A324A3,20065,,,,,,
atp_mechanism_focused,ATP-HTVS-B13A57A9D1F9,98178,,,,,,
atp_mechanism_focused,ATP-HTVS-B13D85D04AEE,97953,,,,,,
atp_mechanism_focused,ATP-HTVS-B16CEB425A58,94497,,,,,,
atp_mechanism_focused,ATP-HTVS-B1D0FF1C8AAB,46850,,,,,,
atp_mechanism_focused,ATP-HTVS-B1DCCC83FEFE,30595,,,,,,
atp_mechanism_focused,ATP-HTVS-B1E26FAB67D9,85443,,,,,,
atp_mechanism_focused,ATP-HTVS-B1FBA11D65B8,53251,,,,,,
atp_mechanism_focused,ATP-HTVS-B23516995CCF,60194,,,,,,
atp_mechanism_focused,ATP-HTVS-B262751D15E7,44706,,,,,,
atp_mechanism_focused,ATP-HTVS-B278BB2953A5,37281,,,,,,
atp_mechanism_focused,ATP-HTVS-B31ECD8B9A27,61603,,,,,,
atp_mechanism_focused,ATP-HTVS-B34C30ECDBCB,67107,,,,,,
atp_mechanism_focused,ATP-HTVS-B36D0C358EAD,4321,,,,,,
atp_mechanism_focused,ATP-HTVS-B383260168BF,80993,,,,,,
atp_mechanism_focused,ATP-HTVS-B3F47181DC5D,83746,,,,,,
atp_mechanism_focused,ATP-HTVS-B3FE097D1043,69827,,,,,,
atp_mechanism_focused,ATP-HTVS-B41566EF3893,35267,,,,,,
atp_mechanism_focused,ATP-HTVS-B46E603BFCD4,92482,,,,,,
atp_mechanism_focused,ATP-HTVS-B476F40F800C,74499,,,,,,
atp_mechanism_focused,ATP-HTVS-B47DAEDE372B,98082,,,,,,
atp_mechanism_focused,ATP-HTVS-B48F3FD049EC,23970,,,,,,
atp_mechanism_focused,ATP-HTVS-B4E8E29A2CD9,62147,,,,,,
atp_mechanism_focused,ATP-HTVS-B4F34B52DEEF,77313,,,,,,
atp_mechanism_focused,ATP-HTVS-B4FC20780B21,37219,,,,,,
atp_mechanism_focused,ATP-HTVS-B51F80196405,56163,,,,,,
atp_mechanism_focused,ATP-HTVS-B56D8AC3A406,90241,,,,,,
atp_mechanism_focused,ATP-HTVS-B586963EE7FB,61506,,,,,,
atp_mechanism_focused,ATP-HTVS-B5A4F958CC31,90915,,,,,,
atp_mechanism_focused,ATP-HTVS-B612A35BE18C,36227,,,,,,
atp_mechanism_focused,ATP-HTVS-B6233BB79AF7,58179,,,,,,
atp_mechanism_focused,ATP-HTVS-B64EA431F59B,47873,,,,,,
atp_mechanism_focused,ATP-HTVS-B64FB026F9D3,80449,,,,,,
atp_mechanism_focused,ATP-HTVS-B6843249DE88,60162,,,,,,
atp_mechanism_focused,ATP-HTVS-B685FDB22E51,6466,,,,,,
atp_mechanism_focused,ATP-HTVS-B699C037922C,89506,,,,,,
atp_mechanism_focused,ATP-HTVS-B6BB4D9D6C90,17793,,,,,,
atp_mechanism_focused,ATP-HTVS-B6C483C4EE45,81410,,,,,,
atp_mechanism_focused,ATP-HTVS-B7334B97F240,76226,,,,,,
atp_mechanism_focused,ATP-HTVS-B7368E70BBC8,27201,,,,,,
atp_mechanism_focused,ATP-HTVS-B7604789CEBF,58530,,,,,,
atp_mechanism_focused,ATP-HTVS-B77025854F9D,70979,,,,,,
atp_mechanism_focused,ATP-HTVS-B798CBAC6C44,96577,,,,,,
atp_mechanism_focused,ATP-HTVS-B7AB07A15A31,78435,,,,,,
atp_mechanism_focused,ATP-HTVS-B7C68EF5FFDC,82755,,,,,,
atp_mechanism_focused,ATP-HTVS-B7CF3B4EBACD,53986,,,,,,
atp_mechanism_focused,ATP-HTVS-B7FF2C0C64E6,74275,,,,,,
atp_mechanism_focused,ATP-HTVS-B8017292FA6C,98081,,,,,,
atp_mechanism_focused,ATP-HTVS-B8459B836830,67074,,,,,,
atp_mechanism_focused,ATP-HTVS-B847417F307C,85761,,,,,,
atp_mechanism_focused,ATP-HTVS-B860A68943EF,83874,,,,,,
atp_mechanism_focused,ATP-HTVS-B88C39A42AA7,71075,,,,,,
atp_mechanism_focused,ATP-HTVS-B8A979A70D7E,85859,,,,,,
atp_mechanism_focused,ATP-HTVS-B8D4F4CA2980,25249,,,,,,
atp_mechanism_focused,ATP-HTVS-B976229D01A0,68866,,,,,,
atp_mechanism_focused,ATP-HTVS-B989B97EF6F5,36002,,,,,,
atp_mechanism_focused,ATP-HTVS-B99F6A8D80C4,82786,,,,,,
atp_mechanism_focused,ATP-HTVS-B9C46F2E092C,80163,,,,,,
atp_mechanism_focused,ATP-HTVS-B9E16686FC4A,78977,,,,,,
atp_mechanism_focused,ATP-HTVS-BA05F8BAE026,80994,,,,,,
atp_mechanism_focused,ATP-HTVS-BA0E3BFA8388,95713,,,,,,
atp_mechanism_focused,ATP-HTVS-BAB35535B111,81859,,,,,,
atp_mechanism_focused,ATP-HTVS-BAD00D53E534,97889,,,,,,
atp_mechanism_focused,ATP-HTVS-BAE9605F8CCC,24769,,,,,,
atp_mechanism_focused,ATP-HTVS-BAF1AE5D2B14,74082,,,,,,
atp_mechanism_focused,ATP-HTVS-BAFA4202ACED,96321,,,,,,
atp_mechanism_focused,ATP-HTVS-BB0F51DCED8B,87587,,,,,,
atp_mechanism_focused,ATP-HTVS-BB2B7EB3D06A,85442,,,,,,
atp_mechanism_focused,ATP-HTVS-BB30DC3CF26F,67810,,,,,,
atp_mechanism_focused,ATP-HTVS-BB3EB03EB4C6,57699,,,,,,
atp_mechanism_focused,ATP-HTVS-BB81D0256EE3,80641,,,,,,
atp_mechanism_focused,ATP-HTVS-BBA3AD223423,28035,,,,,,
atp_mechanism_focused,ATP-HTVS-BBB01994AF2B,80578,,,,,,
atp_mechanism_focused,ATP-HTVS-BBE6E61B6745,84578,,,,,,
atp_mechanism_focused,ATP-HTVS-BBF7556FA5C3,44579,,,,,,
atp_mechanism_focused,ATP-HTVS-BC2B8699145A,70561,,,,,,
atp_mechanism_focused,ATP-HTVS-BCAE8AB499DF,82881,,,,,,
atp_mechanism_focused,ATP-HTVS-BCB25216F396,83875,,,,,,
atp_mechanism_focused,ATP-HTVS-BCB37E169801,66851,,,,,,
atp_mechanism_focused,ATP-HTVS-BCEA86BEEC0A,20258,,,,,,
atp_mechanism_focused,ATP-HTVS-BD03C735BC89,84035,,,,,,
atp_mechanism_focused,ATP-HTVS-BD0B30D0980B,63267,,,,,,
atp_mechanism_focused,ATP-HTVS-BD172DBF0B92,62243,,,,,,
atp_mechanism_focused,ATP-HTVS-BD1ED4B7B841,91779,,,,,,
atp_mechanism_focused,ATP-HTVS-BD741E539D0D,23235,,,,,,
atp_mechanism_focused,ATP-HTVS-BD9D807D92EC,94305,,,,,,
atp_mechanism_focused,ATP-HTVS-BDB37C4B0D07,53090,,,,,,
atp_mechanism_focused,ATP-HTVS-BDBBABCD42A1,50114,,,,,,
atp_mechanism_focused,ATP-HTVS-BDBFEED18423,61698,,,,,,
atp_mechanism_focused,ATP-HTVS-BDC9F9AD9B20,33281,,,,,,
atp_mechanism_focused,ATP-HTVS-BDD1C4453981,38147,,,,,,
atp_mechanism_focused,ATP-HTVS-BE0949FFEA46,84483,,,,,,
atp_mechanism_focused,ATP-HTVS-BE25F64FE980,42785,,,,,,
atp_mechanism_focused,ATP-HTVS-BE2C9D7D83B9,57441,,,,,,
atp_mechanism_focused,ATP-HTVS-BE963CFE3042,38017,,,,,,
atp_mechanism_focused,ATP-HTVS-BEC4D7C74EFC,70658,,,,,,
atp_mechanism_focused,ATP-HTVS-BECDF8C854B5,82305,,,,,,
atp_mechanism_focused,ATP-HTVS-BF2AFCF05426,93699,,,,,,
atp_mechanism_focused,ATP-HTVS-BF383207F30E,28642,,,,,,
atp_mechanism_focused,ATP-HTVS-BF68A4285DB1,42338,,,,,,
atp_mechanism_focused,ATP-HTVS-BF6C9643780C,85186,,,,,,
atp_mechanism_focused,ATP-HTVS-BF826A7B469A,89442,,,,,,
atp_mechanism_focused,ATP-HTVS-BF8F947D0493,34082,,,,,,
atp_mechanism_focused,ATP-HTVS-BFC0901B6A3C,76930,,,,,,
atp_mechanism_focused,ATP-HTVS-BFD5BCAF9717,52961,,,,,,
atp_mechanism_focused,ATP-HTVS-BFEA0E4C0B7C,74657,,,,,,
atp_mechanism_focused,ATP-HTVS-C038EE4FCBA5,94113,,,,,,
atp_mechanism_focused,ATP-HTVS-C0568328686F,39681,,,,,,
atp_mechanism_focused,ATP-HTVS-C0772D58369C,99330,,,,,,
atp_mechanism_focused,ATP-HTVS-C09627CFBEE5,62882,,,,,,
atp_mechanism_focused,ATP-HTVS-C0A883403093,80579,,,,,,
atp_mechanism_focused,ATP-HTVS-C0ADD803E371,28353,,,,,,
atp_mechanism_focused,ATP-HTVS-C0B01F645FC7,95074,,,,,,
atp_mechanism_focused,ATP-HTVS-C0E7239EA73D,94018,,,,,,
atp_mechanism_focused,ATP-HTVS-C10AA91B306E,67713,,,,,,
atp_mechanism_focused,ATP-HTVS-C12B4C379970,35235,,,,,,
atp_mechanism_focused,ATP-HTVS-C13B253881A4,36801,,,,,,
atp_mechanism_focused,ATP-HTVS-C1848F46B113,80386,,,,,,
atp_mechanism_focused,ATP-HTVS-C188770C1FD9,20962,,,,,,
atp_mechanism_focused,ATP-HTVS-C1AB9EDC96AF,72801,,,,,,
atp_mechanism_focused,ATP-HTVS-C2A68E9F7CC7,44385,,,,,,
atp_mechanism_focused,ATP-HTVS-C2B7985A0F3E,34305,,,,,,
atp_mechanism_focused,ATP-HTVS-C302107B3554,71682,,,,,,
atp_mechanism_focused,ATP-HTVS-C31215E10DA6,83714,,,,,,
atp_mechanism_focused,ATP-HTVS-C36315435956,60258,,,,,,
atp_mechanism_focused,ATP-HTVS-C36F7D03654F,89441,,,,,,
atp_mechanism_focused,ATP-HTVS-C3768FC48E4A,87394,,,,,,
atp_mechanism_focused,ATP-HTVS-C384A8554A98,76354,,,,,,
atp_mechanism_focused,ATP-HTVS-C39BEF6539AB,4355,,,,,,
atp_mechanism_focused,ATP-HTVS-C3A30B83BBDA,88483,,,,,,
atp_mechanism_focused,ATP-HTVS-C3FA166C1ADD,36707,,,,,,
atp_mechanism_focused,ATP-HTVS-C3FD34132B6A,71490,,,,,,
atp_mechanism_focused,ATP-HTVS-C40016FC0CB2,70721,,,,,,
atp_mechanism_focused,ATP-HTVS-C4138656EE80,36610,,,,,,
atp_mechanism_focused,ATP-HTVS-C445C351F9C8,47970,,,,,,
atp_mechanism_focused,ATP-HTVS-C4778BDFFC37,75843,,,,,,
atp_mechanism_focused,ATP-HTVS-C4893C1BFF55,25250,,,,,,
atp_mechanism_focused,ATP-HTVS-C4C9929F3284,78403,,,,,,
atp_mechanism_focused,ATP-HTVS-C4D43EEF7CE1,98690,,,,,,
atp_mechanism_focused,ATP-HTVS-C55276015D5E,97217,,,,,,
atp_mechanism_focused,ATP-HTVS-C563D945857F,80867,,,,,,
atp_mechanism_focused,ATP-HTVS-C59D75D09D12,68706,,,,,,
atp_mechanism_focused,ATP-HTVS-C5A7FD400424,82753,,,,,,
atp_mechanism_focused,ATP-HTVS-C615FEE5992B,53122,,,,,,
atp_mechanism_focused,ATP-HTVS-C6A6F28FFA03,82401,,,,,,
atp_mechanism_focused,ATP-HTVS-C6C7CCEB60F2,73954,,,,,,
atp_mechanism_focused,ATP-HTVS-C725FB5B69C4,56739,,,,,,
atp_mechanism_focused,ATP-HTVS-C74806D7CD52,53537,,,,,,
atp_mechanism_focused,ATP-HTVS-C78E55448419,80034,,,,,,
atp_mechanism_focused,ATP-HTVS-C7A4A85DE6AC,94051,,,,,,
atp_mechanism_focused,ATP-HTVS-C7C112B42D2F,79778,,,,,,
atp_mechanism_focused,ATP-HTVS-C7E1AC016800,99361,,,,,,
atp_mechanism_focused,ATP-HTVS-C7F6DF534483,73346,,,,,,
atp_mechanism_focused,ATP-HTVS-C81E0B2D019D,80098,,,,,,
atp_mechanism_focused,ATP-HTVS-C853ACB1A86B,96802,,,,,,
atp_mechanism_focused,ATP-HTVS-C88FA91C4E8E,75201,,,,,,
atp_mechanism_focused,ATP-HTVS-C894FAAE5B10,4706,,,,,,
atp_mechanism_focused,ATP-HTVS-C8A46F369ED4,99810,,,,,,
atp_mechanism_focused,ATP-HTVS-C8D8BA0AA9EF,75042,,,,,,
atp_mechanism_focused,ATP-HTVS-C8F29258BF11,76962,,,,,,
atp_mechanism_focused,ATP-HTVS-C9013CEACAA9,79266,,,,,,
atp_mechanism_focused,ATP-HTVS-C924AED67E53,55841,,,,,,
atp_mechanism_focused,ATP-HTVS-C9308A7164FF,83843,,,,,,
atp_mechanism_focused,ATP-HTVS-C930A8816DDB,3521,,,,,,
atp_mechanism_focused,ATP-HTVS-C97E366A40B5,96353,,,,,,
atp_mechanism_focused,ATP-HTVS-C9B00227BFE8,37217,,,,,,
atp_mechanism_focused,ATP-HTVS-C9CB4EF32822,20449,,,,,,
atp_mechanism_focused,ATP-HTVS-C9E144645171,38689,,,,,,
atp_mechanism_focused,ATP-HTVS-CA08B0F5D119,66561,,,,,,
atp_mechanism_focused,ATP-HTVS-CA5141603A6E,62146,,,,,,
atp_mechanism_focused,ATP-HTVS-CA6523C86104,32322,,,,,,
atp_mechanism_focused,ATP-HTVS-CA9A4676B579,80962,,,,,,
atp_mechanism_focused,ATP-HTVS-CAF3F282F1EC,86531,,,,,,
atp_mechanism_focused,ATP-HTVS-CAF437F0E3C3,42177,,,,,,
atp_mechanism_focused,ATP-HTVS-CB056AB5514A,67811,,,,,,
atp_mechanism_focused,ATP-HTVS-CB08F8B01966,54499,,,,,,
atp_mechanism_focused,ATP-HTVS-CB100B4C9F83,73827,,,,,,
atp_mechanism_focused,ATP-HTVS-CB3D9B3FDDC1,36449,,,,,,
atp_mechanism_focused,ATP-HTVS-CB3E61D945F3,58177,,,,,,
atp_mechanism_focused,ATP-HTVS-CB568D2EE5B9,70083,,,,,,
atp_mechanism_focused,ATP-HTVS-CBC473663EF6,80195,,,,,,
atp_mechanism_focused,ATP-HTVS-CBCD19AD9C21,69538,,,,,,
atp_mechanism_focused,ATP-HTVS-CC01DAB978DA,59971,,,,,,
atp_mechanism_focused,ATP-HTVS-CC453EE4B1F8,68963,,,,,,
atp_mechanism_focused,ATP-HTVS-CC5603E93E79,80513,,,,,,
atp_mechanism_focused,ATP-HTVS-CC671C1EED81,79682,,,,,,
atp_mechanism_focused,ATP-HTVS-CC7A8C42BA33,30369,,,,,,
atp_mechanism_focused,ATP-HTVS-CC7F9EDA8956,76001,,,,,,
atp_mechanism_focused,ATP-HTVS-CC86D79AEE13,84610,,,,,,
atp_mechanism_focused,ATP-HTVS-CCF7E888A475,26563,,,,,,
atp_mechanism_focused,ATP-HTVS-CD22DC9E9474,28033,,,,,,
atp_mechanism_focused,ATP-HTVS-CD3E1774443F,28194,,,,,,
atp_mechanism_focused,ATP-HTVS-CD664E950D6F,34817,,,,,,
atp_mechanism_focused,ATP-HTVS-CD6AA4CFEADB,78050,,,,,,
atp_mechanism_focused,ATP-HTVS-CD84540442E8,70081,,,,,,
atp_mechanism_focused,ATP-HTVS-CDA0FA66D084,72961,,,,,,
atp_mechanism_focused,ATP-HTVS-CDB030173D15,66242,,,,,,
atp_mechanism_focused,ATP-HTVS-CDFFE8C73978,78019,,,,,,
atp_mechanism_focused,ATP-HTVS-CE0C62FD8EFC,70435,,,,,,
atp_mechanism_focused,ATP-HTVS-CE22382A0684,74817,,,,,,
atp_mechanism_focused,ATP-HTVS-CE83EECF0A09,37763,,,,,,
atp_mechanism_focused,ATP-HTVS-CE85F8224252,69185,,,,,,
atp_mechanism_focused,ATP-HTVS-CEA6734F7F3C,98242,,,,,,
atp_mechanism_focused,ATP-HTVS-CEB5A32F933D,98433,,,,,,
atp_mechanism_focused,ATP-HTVS-CEC01CDE00B1,94818,,,,,,
atp_mechanism_focused,ATP-HTVS-CED8BA7CA394,18338,,,,,,
atp_mechanism_focused,ATP-HTVS-CEDCE5F1BEB7,20034,,,,,,
atp_mechanism_focused,ATP-HTVS-CEF12CE4FD32,29538,,,,,,
atp_mechanism_focused,ATP-HTVS-CF29C556AE01,40739,,,,,,
atp_mechanism_focused,ATP-HTVS-CF9A421CD50D,33410,,,,,,
atp_mechanism_focused,ATP-HTVS-CFB2EA2F52FD,81570,,,,,,
atp_mechanism_focused,ATP-HTVS-D0257FD59117,53153,,,,,,
atp_mechanism_focused,ATP-HTVS-D02CBBC5B48D,78915,,,,,,
atp_mechanism_focused,ATP-HTVS-D0CA976BC689,29859,,,,,,
atp_mechanism_focused,ATP-HTVS-D0D9A6B890A3,89250,,,,,,
atp_mechanism_focused,ATP-HTVS-D102EB8CAB11,61025,,,,,,
atp_mechanism_focused,ATP-HTVS-D1462A8BE621,82146,,,,,,
atp_mechanism_focused,ATP-HTVS-D18D68753065,80611,,,,,,
atp_mechanism_focused,ATP-HTVS-D190FC844C9E,99170,,,,,,
atp_mechanism_focused,ATP-HTVS-D1A5509321EA,16609,,,,,,
atp_mechanism_focused,ATP-HTVS-D1F1286C5AB6,82883,,,,,,
atp_mechanism_focused,ATP-HTVS-D22CA90FC022,53539,,,,,,
atp_mechanism_focused,ATP-HTVS-D254F911DFD1,51233,,,,,,
atp_mechanism_focused,ATP-HTVS-D2D0A1D4326E,73153,,,,,,
atp_mechanism_focused,ATP-HTVS-D33A0E291F08,23651,,,,,,
atp_mechanism_focused,ATP-HTVS-D35090C63096,84674,,,,,,
atp_mechanism_focused,ATP-HTVS-D35FD22B1728,77186,,,,,,
atp_mechanism_focused,ATP-HTVS-D3717771288C,76993,,,,,,
atp_mechanism_focused,ATP-HTVS-D38DE888E88F,70401,,,,,,
atp_mechanism_focused,ATP-HTVS-D3913B8FBCFA,93186,,,,,,
atp_mechanism_focused,ATP-HTVS-D3B4C31C9E9F,23329,,,,,,
atp_mechanism_focused,ATP-HTVS-D3B596BB619E,74947,,,,,,
atp_mechanism_focused,ATP-HTVS-D3D42427DD6F,94017,,,,,,
atp_mechanism_focused,ATP-HTVS-D41B937429B7,86307,,,,,,
atp_mechanism_focused,ATP-HTVS-D45BC7EA8057,70339,,,,,,
atp_mechanism_focused,ATP-HTVS-D4881A2AC8A2,51649,,,,,,
atp_mechanism_focused,ATP-HTVS-D49B0A10993C,27586,,,,,,
atp_mechanism_focused,ATP-HTVS-D4AE6553B313,87906,,,,,,
atp_mechanism_focused,ATP-HTVS-D4B05735BAC4,50594,,,,,,
atp_mechanism_focused,ATP-HTVS-D4C1A78D47F2,58401,,,,,,
atp_mechanism_focused,ATP-HTVS-D4F4D34A0DC7,514,,,,,,
atp_mechanism_focused,ATP-HTVS-D51006C467E8,12578,,,,,,
atp_mechanism_focused,ATP-HTVS-D52094086515,83715,,,,,,
atp_mechanism_focused,ATP-HTVS-D53BE49171F7,23619,,,,,,
atp_mechanism_focused,ATP-HTVS-D57D92118EC0,78850,,,,,,
atp_mechanism_focused,ATP-HTVS-D57FDE5925BA,51522,,,,,,
atp_mechanism_focused,ATP-HTVS-D5881C68A9EC,95073,,,,,,
atp_mechanism_focused,ATP-HTVS-D5ACD41550DD,96737,,,,,,
atp_mechanism_focused,ATP-HTVS-D5ACDDA463EA,75745,,,,,,
atp_mechanism_focused,ATP-HTVS-D6043925B579,66273,,,,,,
atp_mechanism_focused,ATP-HTVS-D60AE40A828F,84162,,,,,,
atp_mechanism_focused,ATP-HTVS-D63540CFF382,77571,,,,,,
atp_mechanism_focused,ATP-HTVS-D650FAE25B13,75203,,,,,,
atp_mechanism_focused,ATP-HTVS-D65E1879A1C4,90530,,,,,,
atp_mechanism_focused,ATP-HTVS-D67E347CF5B0,32641,,,,,,
atp_mechanism_focused,ATP-HTVS-D68829BAAF56,35266,,,,,,
atp_mechanism_focused,ATP-HTVS-D6CA2B69D609,57026,,,,,,
atp_mechanism_focused,ATP-HTVS-D7583D638CF7,84707,,,,,,
atp_mechanism_focused,ATP-HTVS-D76C38158727,59906,,,,,,
atp_mechanism_focused,ATP-HTVS-D773B3DD8BD5,77090,,,,,,
atp_mechanism_focused,ATP-HTVS-D78134F4C173,91073,,,,,,
atp_mechanism_focused,ATP-HTVS-D7F859CCB519,2849,,,,,,
atp_mechanism_focused,ATP-HTVS-D7FBECEDF81C,79746,,,,,,
atp_mechanism_focused,ATP-HTVS-D806BF0778F9,63233,,,,,,
atp_mechanism_focused,ATP-HTVS-D820D8B9E61C,28163,,,,,,
atp_mechanism_focused,ATP-HTVS-D831575BA0F0,75715,,,,,,
atp_mechanism_focused,ATP-HTVS-D839BC34DAE7,4771,,,,,,
atp_mechanism_focused,ATP-HTVS-D86CED65A6E1,74497,,,,,,
atp_mechanism_focused,ATP-HTVS-D8D752145B88,75714,,,,,,
atp_mechanism_focused,ATP-HTVS-D8E733A39BE5,30819,,,,,,
atp_mechanism_focused,ATP-HTVS-D9159AF95984,74371,,,,,,
atp_mechanism_focused,ATP-HTVS-D925B2862DC5,91491,,,,,,
atp_mechanism_focused,ATP-HTVS-D928A6F83D7E,93473,,,,,,
atp_mechanism_focused,ATP-HTVS-D93071962BA3,31554,,,,,,
atp_mechanism_focused,ATP-HTVS-D9724DB0D106,63362,,,,,,
atp_mechanism_focused,ATP-HTVS-DAC48F0443BB,71459,,,,,,
atp_mechanism_focused,ATP-HTVS-DADEC6686275,95745,,,,,,
atp_mechanism_focused,ATP-HTVS-DB2D048ED873,53154,,,,,,
atp_mechanism_focused,ATP-HTVS-DB45F9B4D40D,94625,,,,,,
atp_mechanism_focused,ATP-HTVS-DB6DF45B456E,23457,,,,,,
atp_mechanism_focused,ATP-HTVS-DB94924E5291,95553,,,,,,
atp_mechanism_focused,ATP-HTVS-DB99DC1A003A,67553,,,,,,
atp_mechanism_focused,ATP-HTVS-DBA84DBB4449,75299,,,,,,
atp_mechanism_focused,ATP-HTVS-DBCC5241A393,4707,,,,,,
atp_mechanism_focused,ATP-HTVS-DC065C207C84,1282,,,,,,
atp_mechanism_focused,ATP-HTVS-DC18FC237305,12291,,,,,,
atp_mechanism_focused,ATP-HTVS-DC20B32D34B9,85249,,,,,,
atp_mechanism_focused,ATP-HTVS-DC6B7BCD18A9,22914,,,,,,
atp_mechanism_focused,ATP-HTVS-DC74BD16E68F,93697,,,,,,
atp_mechanism_focused,ATP-HTVS-DCC6353C2378,60993,,,,,,
atp_mechanism_focused,ATP-HTVS-DCF81E89AD2E,18466,,,,,,
atp_mechanism_focused,ATP-HTVS-DD1946FA5AC5,93185,,,,,,
atp_mechanism_focused,ATP-HTVS-DD420CB019C5,66339,,,,,,
atp_mechanism_focused,ATP-HTVS-DD59A7F9A26E,30113,,,,,,
atp_mechanism_focused,ATP-HTVS-DD7A369608E2,55074,,,,,,
atp_mechanism_focused,ATP-HTVS-DDBB6FEB6103,43170,,,,,,
atp_mechanism_focused,ATP-HTVS-DDC2C96F44C1,78947,,,,,,
atp_mechanism_focused,ATP-HTVS-DDCEA98BB6BE,81569,,,,,,
atp_mechanism_focused,ATP-HTVS-DDD75C103081,34241,,,,,,
atp_mechanism_focused,ATP-HTVS-DDECBBA12C43,32899,,,,,,
atp_mechanism_focused,ATP-HTVS-DE3670B8C5ED,53473,,,,,,
atp_mechanism_focused,ATP-HTVS-DED96A59EB26,77315,,,,,,
atp_mechanism_focused,ATP-HTVS-DF13A29C86DC,74403,,,,,,
atp_mechanism_focused,ATP-HTVS-DF25A3EF4846,92450,,,,,,
atp_mechanism_focused,ATP-HTVS-DF2EF65723F2,77667,,,,,,
atp_mechanism_focused,ATP-HTVS-DF60AB231AB0,75491,,,,,,
atp_mechanism_focused,ATP-HTVS-DF8AF7E8BFB3,30433,,,,,,
atp_mechanism_focused,ATP-HTVS-DF95DE08029D,59970,,,,,,
atp_mechanism_focused,ATP-HTVS-DF96FF74234A,32323,,,,,,
atp_mechanism_focused,ATP-HTVS-DFB30BBC8B3D,65474,,,,,,
atp_mechanism_focused,ATP-HTVS-DFD60D9DE448,62242,,,,,,
atp_mechanism_focused,ATP-HTVS-DFE69C12D963,69825,,,,,,
atp_mechanism_focused,ATP-HTVS-E0074D38582E,55073,,,,,,
atp_mechanism_focused,ATP-HTVS-E00D3A602E3C,48993,,,,,,
atp_mechanism_focused,ATP-HTVS-E027274C2018,1953,,,,,,
atp_mechanism_focused,ATP-HTVS-E0444895C82B,63873,,,,,,
atp_mechanism_focused,ATP-HTVS-E05E864FAEC7,61057,,,,,,
atp_mechanism_focused,ATP-HTVS-E0849D225AC7,3554,,,,,,
atp_mechanism_focused,ATP-HTVS-E08CF4D489F1,75427,,,,,,
atp_mechanism_focused,ATP-HTVS-E08F75BAC913,81122,,,,,,
atp_mechanism_focused,ATP-HTVS-E0D09F3A28CB,93633,,,,,,
atp_mechanism_focused,ATP-HTVS-E0E8748999A4,82849,,,,,,
atp_mechanism_focused,ATP-HTVS-E124973F868C,75906,,,,,,
atp_mechanism_focused,ATP-HTVS-E14A9B461B4E,20705,,,,,,
atp_mechanism_focused,ATP-HTVS-E1C245C409AF,78465,,,,,,
atp_mechanism_focused,ATP-HTVS-E1C6EE43BDB1,58563,,,,,,
atp_mechanism_focused,ATP-HTVS-E1CE322086D6,92705,,,,,,
atp_mechanism_focused,ATP-HTVS-E1EEBF193F90,39106,,,,,,
atp_mechanism_focused,ATP-HTVS-E2020C00AE4E,70850,,,,,,
atp_mechanism_focused,ATP-HTVS-E20398B5FF99,20961,,,,,,
atp_mechanism_focused,ATP-HTVS-E22DE85EEE62,82273,,,,,,
atp_mechanism_focused,ATP-HTVS-E2321FC28CB2,69889,,,,,,
atp_mechanism_focused,ATP-HTVS-E2660D394356,62850,,,,,,
atp_mechanism_focused,ATP-HTVS-E27332E37A66,84834,,,,,,
atp_mechanism_focused,ATP-HTVS-E298C966C019,61537,,,,,,
atp_mechanism_focused,ATP-HTVS-E2A28C61F774,89313,,,,,,
atp_mechanism_focused,ATP-HTVS-E2AE692EC3A5,69985,,,,,,
atp_mechanism_focused,ATP-HTVS-E2D3668E21DF,35265,,,,,,
atp_mechanism_focused,ATP-HTVS-E317819F970C,32035,,,,,,
atp_mechanism_focused,ATP-HTVS-E340B301DB22,93474,,,,,,
atp_mechanism_focused,ATP-HTVS-E35DF7DBF452,50818,,,,,,
atp_mechanism_focused,ATP-HTVS-E366C71D7075,82403,,,,,,
atp_mechanism_focused,ATP-HTVS-E381363CD12F,95042,,,,,,
atp_mechanism_focused,ATP-HTVS-E38D6BC47DFC,96385,,,,,,
atp_mechanism_focused,ATP-HTVS-E3DAAD165412,4865,,,,,,
atp_mechanism_focused,ATP-HTVS-E3E3C457ADC4,20867,,,,,,
atp_mechanism_focused,ATP-HTVS-E4024F0AB59A,22913,,,,,,
atp_mechanism_focused,ATP-HTVS-E41D62FB159D,67521,,,,,,
atp_mechanism_focused,ATP-HTVS-E4A79D64766C,52865,,,,,,
atp_mechanism_focused,ATP-HTVS-E4F433E7DDB9,59170,,,,,,
atp_mechanism_focused,ATP-HTVS-E4F9B23534EC,95617,,,,,,
atp_mechanism_focused,ATP-HTVS-E50B3258D66C,64642,,,,,,
atp_mechanism_focused,ATP-HTVS-E5267662EBE5,71810,,,,,,
atp_mechanism_focused,ATP-HTVS-E53927646B4E,32802,,,,,,
atp_mechanism_focused,ATP-HTVS-E53B79A527AF,80129,,,,,,
atp_mechanism_focused,ATP-HTVS-E5655BB07D18,88386,,,,,,
atp_mechanism_focused,ATP-HTVS-E5C360ABD75A,8321,,,,,,
atp_mechanism_focused,ATP-HTVS-E60052B60ACE,93731,,,,,,
atp_mechanism_focused,ATP-HTVS-E624AA265EBA,86593,,,,,,
atp_mechanism_focused,ATP-HTVS-E6B57BB86B33,99617,,,,,,
atp_mechanism_focused,ATP-HTVS-E6C07A7730FF,89954,,,,,,
atp_mechanism_focused,ATP-HTVS-E6E3A92D5598,89731,,,,,,
atp_mechanism_focused,ATP-HTVS-E6F8A3974F14,60291,,,,,,
atp_mechanism_focused,ATP-HTVS-E71202E475AE,88195,,,,,,
atp_mechanism_focused,ATP-HTVS-E78B37070E90,57507,,,,,,
atp_mechanism_focused,ATP-HTVS-E79C34F2E4E5,5313,,,,,,
atp_mechanism_focused,ATP-HTVS-E7B44E0E6F2B,46529,,,,,,
atp_mechanism_focused,ATP-HTVS-E7CE93BF7585,40738,,,,,,
atp_mechanism_focused,ATP-HTVS-E7DA22DA6C24,30626,,,,,,
atp_mechanism_focused,ATP-HTVS-E80053830AA7,51267,,,,,,
atp_mechanism_focused,ATP-HTVS-E80A62EE0257,22690,,,,,,
atp_mechanism_focused,ATP-HTVS-E82D7E524403,38786,,,,,,
atp_mechanism_focused,ATP-HTVS-E85A4EEDAC38,71681,,,,,,
atp_mechanism_focused,ATP-HTVS-E85D4903F0A1,48227,,,,,,
atp_mechanism_focused,ATP-HTVS-E888CD26917F,61570,,,,,,
atp_mechanism_focused,ATP-HTVS-E89D68A8E825,49475,,,,,,
atp_mechanism_focused,ATP-HTVS-E8C4233BC4EE,98946,,,,,,
atp_mechanism_focused,ATP-HTVS-E8F6FC3C759E,73411,,,,,,
atp_mechanism_focused,ATP-HTVS-E912078D9741,5571,,,,,,
atp_mechanism_focused,ATP-HTVS-EAB5C9B34043,90659,,,,,,
atp_mechanism_focused,ATP-HTVS-EAC68E01988F,55553,,,,,,
atp_mechanism_focused,ATP-HTVS-EAD1C8AFD4A9,38178,,,,,,
atp_mechanism_focused,ATP-HTVS-EAE06126CF40,15907,,,,,,
atp_mechanism_focused,ATP-HTVS-EB0B96E798C5,89859,,,,,,
atp_mechanism_focused,ATP-HTVS-EB12E3425930,44387,,,,,,
atp_mechanism_focused,ATP-HTVS-EB1E3022AC0C,49826,,,,,,
atp_mechanism_focused,ATP-HTVS-EB500473345C,44738,,,,,,
atp_mechanism_focused,ATP-HTVS-EB51C7366B34,83106,,,,,,
atp_mechanism_focused,ATP-HTVS-EBA0F745595A,79777,,,,,,
atp_mechanism_focused,ATP-HTVS-EBADA6179138,70403,,,,,,
atp_mechanism_focused,ATP-HTVS-EBCFEAF5D9E7,28865,,,,,,
atp_mechanism_focused,ATP-HTVS-EBFF1A375D8B,77347,,,,,,
atp_mechanism_focused,ATP-HTVS-EC2D3AD3168F,83201,,,,,,
atp_mechanism_focused,ATP-HTVS-EC4610FFE6DC,42498,,,,,,
atp_mechanism_focused,ATP-HTVS-EC5DC094D49F,51715,,,,,,
atp_mechanism_focused,ATP-HTVS-ECFCDEE54331,47682,,,,,,
atp_mechanism_focused,ATP-HTVS-ED186549DA4C,82466,,,,,,
atp_mechanism_focused,ATP-HTVS-ED381154F376,3425,,,,,,
atp_mechanism_focused,ATP-HTVS-ED9FB8DD8268,75073,,,,,,
atp_mechanism_focused,ATP-HTVS-EDD9885A2235,72929,,,,,,
atp_mechanism_focused,ATP-HTVS-EE25A0930777,61857,,,,,,
atp_mechanism_focused,ATP-HTVS-EE3EC74621FE,36163,,,,,,
atp_mechanism_focused,ATP-HTVS-EE5B82122D17,84066,,,,,,
atp_mechanism_focused,ATP-HTVS-EE6CCEFDAAD0,33217,,,,,,
atp_mechanism_focused,ATP-HTVS-EE8A818A3017,72097,,,,,,
atp_mechanism_focused,ATP-HTVS-EE9B34D8B24D,20323,,,,,,
atp_mechanism_focused,ATP-HTVS-EEA70E20167C,92483,,,,,,
atp_mechanism_focused,ATP-HTVS-EEBB6926EC22,55779,,,,,,
atp_mechanism_focused,ATP-HTVS-EEE4DEAD393E,83169,,,,,,
atp_mechanism_focused,ATP-HTVS-EF007D703862,59907,,,,,,
atp_mechanism_focused,ATP-HTVS-EF0129487CC6,92769,,,,,,
atp_mechanism_focused,ATP-HTVS-EF17DB58F500,88321,,,,,,
atp_mechanism_focused,ATP-HTVS-EF3EA56789AA,30145,,,,,,
atp_mechanism_focused,ATP-HTVS-EF5E324DB424,43521,,,,,,
atp_mechanism_focused,ATP-HTVS-EFBD886B8952,44611,,,,,,
atp_mechanism_focused,ATP-HTVS-EFE421C91038,75778,,,,,,
atp_mechanism_focused,ATP-HTVS-F056EC0EC7E7,77666,,,,,,
atp_mechanism_focused,ATP-HTVS-F05D07B9382E,64417,,,,,,
atp_mechanism_focused,ATP-HTVS-F084EE8F7246,75458,,,,,,
atp_mechanism_focused,ATP-HTVS-F08817EB9A7A,20546,,,,,,
atp_mechanism_focused,ATP-HTVS-F0989AC93CC9,68962,,,,,,
atp_mechanism_focused,ATP-HTVS-F0AA189EB18F,6785,,,,,,
atp_mechanism_focused,ATP-HTVS-F0B899F1EF1B,71170,,,,,,
atp_mechanism_focused,ATP-HTVS-F0EA8E73CD83,77665,,,,,,
atp_mechanism_focused,ATP-HTVS-F13E60D2EE86,44546,,,,,,
atp_mechanism_focused,ATP-HTVS-F15CD1C1F5FF,30753,,,,,,
atp_mechanism_focused,ATP-HTVS-F1ABC01A08C5,11618,,,,,,
atp_mechanism_focused,ATP-HTVS-F1D0837E8A30,75426,,,,,,
atp_mechanism_focused,ATP-HTVS-F1F8D839F8AD,84801,,,,,,
atp_mechanism_focused,ATP-HTVS-F21E42254560,75617,,,,,,
atp_mechanism_focused,ATP-HTVS-F223CD517CA5,81858,,,,,,
atp_mechanism_focused,ATP-HTVS-F256B691D902,35106,,,,,,
atp_mechanism_focused,ATP-HTVS-F2668BF9E9B1,75713,,,,,,
atp_mechanism_focused,ATP-HTVS-F282BC43258B,69537,,,,,,
atp_mechanism_focused,ATP-HTVS-F2D870036CD8,77057,,,,,,
atp_mechanism_focused,ATP-HTVS-F308899F49E6,52515,,,,,,
atp_mechanism_focused,ATP-HTVS-F3219ACF1618,57027,,,,,,
atp_mechanism_focused,ATP-HTVS-F324B4F6FF43,83745,,,,,,
atp_mechanism_focused,ATP-HTVS-F38CDD17995D,90338,,,,,,
atp_mechanism_focused,ATP-HTVS-F3AEEA9B80E5,57219,,,,,,
atp_mechanism_focused,ATP-HTVS-F3E91D83A828,87939,,,,,,
atp_mechanism_focused,ATP-HTVS-F41515D25613,53155,,,,,,
atp_mechanism_focused,ATP-HTVS-F41DED161E75,76578,,,,,,
atp_mechanism_focused,ATP-HTVS-F42EC288DBA1,90369,,,,,,
atp_mechanism_focused,ATP-HTVS-F451F6F34F85,58210,,,,,,
atp_mechanism_focused,ATP-HTVS-F4D02DC184DE,81059,,,,,,
atp_mechanism_focused,ATP-HTVS-F4EB0A3B6A53,75779,,,,,,
atp_mechanism_focused,ATP-HTVS-F4F3BDD05BAD,69409,,,,,,
atp_mechanism_focused,ATP-HTVS-F52F884BA0B4,90082,,,,,,
atp_mechanism_focused,ATP-HTVS-F53B308249C7,20321,,,,,,
atp_mechanism_focused,ATP-HTVS-F54B40793D2A,97538,,,,,,
atp_mechanism_focused,ATP-HTVS-F5512CD55A37,82947,,,,,,
atp_mechanism_focused,ATP-HTVS-F5557C46ACCD,63875,,,,,,
atp_mechanism_focused,ATP-HTVS-F58C213B60A1,42531,,,,,,
atp_mechanism_focused,ATP-HTVS-F60BECC0718F,6465,,,,,,
atp_mechanism_focused,ATP-HTVS-F62C08D65C28,64449,,,,,,
atp_mechanism_focused,ATP-HTVS-F63C80F910BB,35107,,,,,,
atp_mechanism_focused,ATP-HTVS-F6463DC49025,85091,,,,,,
atp_mechanism_focused,ATP-HTVS-F666156B37DE,83426,,,,,,
atp_mechanism_focused,ATP-HTVS-F6E066811CCA,93985,,,,,,
atp_mechanism_focused,ATP-HTVS-F716E067906C,34083,,,,,,
atp_mechanism_focused,ATP-HTVS-F7366BF3987A,91202,,,,,,
atp_mechanism_focused,ATP-HTVS-F7676420B267,82209,,,,,,
atp_mechanism_focused,ATP-HTVS-F79E64AB5B06,93986,,,,,,
atp_mechanism_focused,ATP-HTVS-F7B411FBCEC8,33283,,,,,,
atp_mechanism_focused,ATP-HTVS-F7CD2DD67DA6,82467,,,,,,
atp_mechanism_focused,ATP-HTVS-F7D4BFA34903,39425,,,,,,
atp_mechanism_focused,ATP-HTVS-F7EFD494BF14,96481,,,,,,
atp_mechanism_focused,ATP-HTVS-F89CD1E9CA34,79201,,,,,,
atp_mechanism_focused,ATP-HTVS-F8BD3C119C5E,34435,,,,,,
atp_mechanism_focused,ATP-HTVS-F8C49F655F6D,82083,,,,,,
atp_mechanism_focused,ATP-HTVS-F8CA9C936D19,66177,,,,,,
atp_mechanism_focused,ATP-HTVS-F8CD80CEA373,94177,,,,,,
atp_mechanism_focused,ATP-HTVS-F8D08A3E140C,71809,,,,,,
atp_mechanism_focused,ATP-HTVS-F8D25E752EF8,79427,,,,,,
atp_mechanism_focused,ATP-HTVS-F92825C2DD85,36035,,,,,,
atp_mechanism_focused,ATP-HTVS-F937C5B79A0E,20675,,,,,,
atp_mechanism_focused,ATP-HTVS-F93F310E89BE,68578,,,,,,
atp_mechanism_focused,ATP-HTVS-F97015D0DCF4,74337,,,,,,
atp_mechanism_focused,ATP-HTVS-F99370747DC9,42113,,,,,,
atp_mechanism_focused,ATP-HTVS-F9B5ED51D5DA,81571,,,,,,
atp_mechanism_focused,ATP-HTVS-F9EAD73A28F1,29603,,,,,,
atp_mechanism_focused,ATP-HTVS-F9F42C67BCEC,77858,,,,,,
atp_mechanism_focused,ATP-HTVS-FA0319FBED9B,77281,,,,,,
atp_mechanism_focused,ATP-HTVS-FA2DABCA7F05,83075,,,,,,
atp_mechanism_focused,ATP-HTVS-FAA4B7BBA523,36065,,,,,,
atp_mechanism_focused,ATP-HTVS-FAB6E8368155,91075,,,,,,
atp_mechanism_focused,ATP-HTVS-FACA1D344F25,57537,,,,,,
atp_mechanism_focused,ATP-HTVS-FACA9080893C,78018,,,,,,
atp_mechanism_focused,ATP-HTVS-FB09B772C34B,61507,,,,,,
atp_mechanism_focused,ATP-HTVS-FB368C7A9127,88323,,,,,,
atp_mechanism_focused,ATP-HTVS-FBBE5B904E6C,68643,,,,,,
atp_mechanism_focused,ATP-HTVS-FBE624773B31,69761,,,,,,
atp_mechanism_focused,ATP-HTVS-FC258B4525E9,43202,,,,,,
atp_mechanism_focused,ATP-HTVS-FC28EB1BA5EE,84353,,,,,,
atp_mechanism_focused,ATP-HTVS-FC30DD28CEC3,23971,,,,,,
atp_mechanism_focused,ATP-HTVS-FC39CD496C36,2019,,,,,,
atp_mechanism_focused,ATP-HTVS-FC732D287CB6,71265,,,,,,
atp_mechanism_focused,ATP-HTVS-FC91B4531E6F,71458,,,,,,
atp_mechanism_focused,ATP-HTVS-FCCFF683ADF4,53123,,,,,,
atp_mechanism_focused,ATP-HTVS-FD26B682FD2E,69634,,,,,,
atp_mechanism_focused,ATP-HTVS-FD637A018D73,72994,,,,,,
atp_mechanism_focused,ATP-HTVS-FD8D954BBECF,27202,,,,,,
atp_mechanism_focused,ATP-HTVS-FDA25AF4FB7A,28449,,,,,,
atp_mechanism_focused,ATP-HTVS-FDB0B4A5AF84,91043,,,,,,
atp_mechanism_focused,ATP-HTVS-FDB0F1EC6F74,93059,,,,,,
atp_mechanism_focused,ATP-HTVS-FDDF48EBDCF8,78017,,,,,,
atp_mechanism_focused,ATP-HTVS-FE1522AA7EF8,69793,,,,,,
atp_mechanism_focused,ATP-HTVS-FE34E3A925C6,76803,,,,,,
atp_mechanism_focused,ATP-HTVS-FE46C3AF7461,49283,,,,,,
atp_mechanism_focused,ATP-HTVS-FE5B2EC4EA23,74370,,,,,,
atp_mechanism_focused,ATP-HTVS-FE5F78CE8672,67267,,,,,,
atp_mechanism_focused,ATP-HTVS-FE6FB0E22990,82851,,,,,,
atp_mechanism_focused,ATP-HTVS-FE9A1A55DD78,56195,,,,,,
atp_mechanism_focused,ATP-HTVS-FEA784CAFC0E,72481,,,,,,
atp_mechanism_focused,ATP-HTVS-FEB80F9C0A7B,34530,,,,,,
atp_mechanism_focused,ATP-HTVS-FEE4C5F961F6,56193,,,,,,
atp_mechanism_focused,ATP-HTVS-FF081A1D735D,85411,,,,,,
atp_mechanism_focused,ATP-HTVS-FF167463AED4,74019,,,,,,
atp_mechanism_focused,ATP-HTVS-FF1C1E5A01F9,79491,,,,,,
atp_mechanism_focused,ATP-HTVS-FF63783F1DD1,25825,,,,,,
atp_mechanism_focused,ATP-HTVS-FF886C71D805,65665,,,,,,
atp_mechanism_focused,ATP-HTVS-FFCF51BF8290,81826,,,,,,
atp_mechanism_focused,ATP-HTVS-FFD71C24E98D,18978,,,,,,
atp_mechanism_focused,ATP-HTVS-FFE3AC9FC45B,90851,,,,,,
experimental_validation_focused,ATP-HTVS-0009DAEDE04F,79971,,,,,,
experimental_validation_focused,ATP-HTVS-0015C54A99C8,82625,,,,,,
experimental_validation_focused,ATP-HTVS-003E4D952AAC,76899,,,,,,
experimental_validation_focused,ATP-HTVS-005EEA24BFEA,69987,,,,,,
experimental_validation_focused,ATP-HTVS-0063E4174F09,34081,,,,,,
experimental_validation_focused,ATP-HTVS-0079D40D2121,29921,,,,,,
experimental_validation_focused,ATP-HTVS-007D6F34F923,30817,,,,,,
experimental_validation_focused,ATP-HTVS-00C8034698A8,34403,,,,,,
experimental_validation_focused,ATP-HTVS-00F86A54285D,38369,,,,,,
experimental_validation_focused,ATP-HTVS-011A966B3F21,59203,,,,,,
experimental_validation_focused,ATP-HTVS-0125A5267C6C,70530,,,,,,
experimental_validation_focused,ATP-HTVS-0161AEC2E23E,48867,,,,,,
experimental_validation_focused,ATP-HTVS-017DA1C05B1D,98562,,,,,,
experimental_validation_focused,ATP-HTVS-01DF3EF44742,99137,,,,,,
experimental_validation_focused,ATP-HTVS-01E9987F6BBC,40801,,,,,,
experimental_validation_focused,ATP-HTVS-02393E0D1A46,72513,,,,,,
experimental_validation_focused,ATP-HTVS-02527EDCA73D,62593,,,,,,
experimental_validation_focused,ATP-HTVS-0258CCAE4910,3905,,,,,,
experimental_validation_focused,ATP-HTVS-027CB3113620,20194,,,,,,
experimental_validation_focused,ATP-HTVS-0282D10141FD,57825,,,,,,
experimental_validation_focused,ATP-HTVS-028F2DC4E032,96994,,,,,,
experimental_validation_focused,ATP-HTVS-02AC8E798E60,89826,,,,,,
experimental_validation_focused,ATP-HTVS-02BB8772E392,54466,,,,,,
experimental_validation_focused,ATP-HTVS-02DF9A19852D,45889,,,,,,
experimental_validation_focused,ATP-HTVS-0362648F57EF,78755,,,,,,
experimental_validation_focused,ATP-HTVS-03C3664644A2,98497,,,,,,
experimental_validation_focused,ATP-HTVS-03F3A1A9B60E,77378,,,,,,
experimental_validation_focused,ATP-HTVS-0438281B0112,75297,,,,,,
experimental_validation_focused,ATP-HTVS-0460857F35D6,52162,,,,,,
experimental_validation_focused,ATP-HTVS-04621B482D9F,87427,,,,,,
experimental_validation_focused,ATP-HTVS-04BA495CA0A4,22531,,,,,,
experimental_validation_focused,ATP-HTVS-052AF9B11E6A,34531,,,,,,
experimental_validation_focused,ATP-HTVS-053279755E30,96641,,,,,,
experimental_validation_focused,ATP-HTVS-0587EECAF94B,71363,,,,,,
experimental_validation_focused,ATP-HTVS-05A72EDFB57A,38883,,,,,,
experimental_validation_focused,ATP-HTVS-05E9E2FC066B,70657,,,,,,
experimental_validation_focused,ATP-HTVS-0659C124A83C,70241,,,,,,
experimental_validation_focused,ATP-HTVS-069ABDEDA86E,60193,,,,,,
experimental_validation_focused,ATP-HTVS-06CA19E03C57,93825,,,,,,
experimental_validation_focused,ATP-HTVS-06E5BAB39855,49667,,,,,,
experimental_validation_focused,ATP-HTVS-071084F9408F,96642,,,,,,
experimental_validation_focused,ATP-HTVS-0715C99C3A28,99362,,,,,,
experimental_validation_focused,ATP-HTVS-0743B9964B99,20417,,,,,,
experimental_validation_focused,ATP-HTVS-07D9286D8737,76898,,,,,,
experimental_validation_focused,ATP-HTVS-07F3737128F1,86945,,,,,,
experimental_validation_focused,ATP-HTVS-08126335CB19,67841,,,,,,
experimental_validation_focused,ATP-HTVS-081D95190B15,78402,,,,,,
experimental_validation_focused,ATP-HTVS-08266C4344A3,88675,,,,,,
experimental_validation_focused,ATP-HTVS-0852D38F8C28,46851,,,,,,
experimental_validation_focused,ATP-HTVS-08590B5C6743,87873,,,,,,
experimental_validation_focused,ATP-HTVS-086F5E4227DC,20162,,,,,,
experimental_validation_focused,ATP-HTVS-08A6E1F87809,61538,,,,,,
experimental_validation_focused,ATP-HTVS-093491EAEBEC,53250,,,,,,
experimental_validation_focused,ATP-HTVS-09A5DA8CBD66,30690,,,,,,
experimental_validation_focused,ATP-HTVS-09A833AE3D1D,90339,,,,,,
experimental_validation_focused,ATP-HTVS-09F9B4EC4E97,20514,,,,,,
experimental_validation_focused,ATP-HTVS-0A1AFDA96BE3,90754,,,,,,
experimental_validation_focused,ATP-HTVS-0A1D74055304,29089,,,,,,
experimental_validation_focused,ATP-HTVS-0A30D9D79A37,89123,,,,,,
experimental_validation_focused,ATP-HTVS-0A53D5277C22,24418,,,,,,
experimental_validation_focused,ATP-HTVS-0A81E0DFACE9,19938,,,,,,
experimental_validation_focused,ATP-HTVS-0A8B3D0EFFB7,1954,,,,,,
experimental_validation_focused,ATP-HTVS-0A8D2667A5C6,69794,,,,,,
experimental_validation_focused,ATP-HTVS-0AAFA8CB92ED,43169,,,,,,
experimental_validation_focused,ATP-HTVS-0AE85D2EF5B8,94338,,,,,,
experimental_validation_focused,ATP-HTVS-0B0619B736F3,87937,,,,,,
experimental_validation_focused,ATP-HTVS-0B15CB8240E3,99809,,,,,,
experimental_validation_focused,ATP-HTVS-0B527D484045,76929,,,,,,
experimental_validation_focused,ATP-HTVS-0B76E6A2B6F2,90146,,,,,,
experimental_validation_focused,ATP-HTVS-0BEF59EEEAC9,79426,,,,,,
experimental_validation_focused,ATP-HTVS-0C1598B702AE,55106,,,,,,
experimental_validation_focused,ATP-HTVS-0C253F9D7643,68259,,,,,,
experimental_validation_focused,ATP-HTVS-0C40F7CB6A92,58402,,,,,,
experimental_validation_focused,ATP-HTVS-0C765FB89CD3,40065,,,,,,
experimental_validation_focused,ATP-HTVS-0C924C2A1F00,82563,,,,,,
experimental_validation_focused,ATP-HTVS-0CA591B42E29,85378,,,,,,
experimental_validation_focused,ATP-HTVS-0CB0406266F3,38243,,,,,,
experimental_validation_focused,ATP-HTVS-0CBFB91815ED,70274,,,,,,
experimental_validation_focused,ATP-HTVS-0CC0B448CED2,38179,,,,,,
experimental_validation_focused,ATP-HTVS-0CD00DCFE488,46273,,,,,,
experimental_validation_focused,ATP-HTVS-0CE67B896AED,99842,,,,,,
experimental_validation_focused,ATP-HTVS-0D57BDDB1211,69729,,,,,,
experimental_validation_focused,ATP-HTVS-0D83F5E9F976,52769,,,,,,
experimental_validation_focused,ATP-HTVS-0D8C52C362EE,73825,,,,,,
experimental_validation_focused,ATP-HTVS-0DE7571C9DAC,43267,,,,,,
experimental_validation_focused,ATP-HTVS-0E6472D072C2,1473,,,,,,
experimental_validation_focused,ATP-HTVS-0E76F39BB090,32387,,,,,,
experimental_validation_focused,ATP-HTVS-0E779CFB9E8D,92771,,,,,,
experimental_validation_focused,ATP-HTVS-0EB7A7111FDE,80385,,,,,,
experimental_validation_focused,ATP-HTVS-0F3A12BD04AB,91361,,,,,,
experimental_validation_focused,ATP-HTVS-0F469DA925F8,70337,,,,,,
experimental_validation_focused,ATP-HTVS-0F46F3379ABF,71235,,,,,,
experimental_validation_focused,ATP-HTVS-0F4AF3905209,96993,,,,,,
experimental_validation_focused,ATP-HTVS-0F6915EAEEA3,79267,,,,,,
experimental_validation_focused,ATP-HTVS-0F755B78CCFB,95490,,,,,,
experimental_validation_focused,ATP-HTVS-0F900EB338B9,82082,,,,,,
experimental_validation_focused,ATP-HTVS-0FD0361A2408,93698,,,,,,
experimental_validation_focused,ATP-HTVS-0FDC7A3FF1CA,47107,,,,,,
experimental_validation_focused,ATP-HTVS-103E90EA5971,80961,,,,,,
experimental_validation_focused,ATP-HTVS-106685DD3ACA,70754,,,,,,
experimental_validation_focused,ATP-HTVS-10900B51E20F,58209,,,,,,
experimental_validation_focused,ATP-HTVS-109B405B023F,43907,,,,,,
experimental_validation_focused,ATP-HTVS-10A4E2B2EADA,92833,,,,,,
experimental_validation_focused,ATP-HTVS-11489B74AE1C,69539,,,,,,
experimental_validation_focused,ATP-HTVS-115B93EFBC96,98209,,,,,,
experimental_validation_focused,ATP-HTVS-11C14F34C5FE,35233,,,,,,
experimental_validation_focused,ATP-HTVS-11CEFB3A39DF,61475,,,,,,
experimental_validation_focused,ATP-HTVS-11E35EA06531,61505,,,,,,
experimental_validation_focused,ATP-HTVS-125A7E13CFB1,85089,,,,,,
experimental_validation_focused,ATP-HTVS-12CEF0BA8B10,31426,,,,,,
experimental_validation_focused,ATP-HTVS-132672672DF9,95778,,,,,,
experimental_validation_focused,ATP-HTVS-132BACAA4698,82561,,,,,,
experimental_validation_focused,ATP-HTVS-134FC0CB3694,71041,,,,,,
experimental_validation_focused,ATP-HTVS-1356F7D69808,27907,,,,,,
experimental_validation_focused,ATP-HTVS-1373BD200FA0,72865,,,,,,
experimental_validation_focused,ATP-HTVS-1377A1139B97,96002,,,,,,
experimental_validation_focused,ATP-HTVS-138C9DBD3419,68321,,,,,,
experimental_validation_focused,ATP-HTVS-13A5AE9C2B6A,88258,,,,,,
experimental_validation_focused,ATP-HTVS-1402A7ED8177,450,,,,,,
experimental_validation_focused,ATP-HTVS-143D46541936,71362,,,,,,
experimental_validation_focused,ATP-HTVS-1449F4F4BA71,89058,,,,,,
experimental_validation_focused,ATP-HTVS-14724C615932,53281,,,,,,
experimental_validation_focused,ATP-HTVS-14AE04B6952B,40129,,,,,,
experimental_validation_focused,ATP-HTVS-14BA2D75CE49,449,,,,,,
experimental_validation_focused,ATP-HTVS-1551732D1515,43266,,,,,,
experimental_validation_focused,ATP-HTVS-159795FE363C,92387,,,,,,
experimental_validation_focused,ATP-HTVS-159959ECB567,70723,,,,,,
experimental_validation_focused,ATP-HTVS-159CD8CCFA6D,50978,,,,,,
experimental_validation_focused,ATP-HTVS-159F0F821AF9,96098,,,,,,
experimental_validation_focused,ATP-HTVS-15A0030054C0,69441,,,,,,
experimental_validation_focused,ATP-HTVS-15F2A5DBBD51,68225,,,,,,
experimental_validation_focused,ATP-HTVS-15FA43506D9E,31298,,,,,,
experimental_validation_focused,ATP-HTVS-16140744D8E5,56385,,,,,,
experimental_validation_focused,ATP-HTVS-16316C23D1E4,71169,,,,,,
experimental_validation_focused,ATP-HTVS-167535894C2D,33218,,,,,,
experimental_validation_focused,ATP-HTVS-169071BECF96,81441,,,,,,
experimental_validation_focused,ATP-HTVS-16A35D40F1B5,38337,,,,,,
experimental_validation_focused,ATP-HTVS-16AC68300479,69859,,,,,,
experimental_validation_focused,ATP-HTVS-16D62B7C6E45,82339,,,,,,
experimental_validation_focused,ATP-HTVS-16D892EEAEA4,74883,,,,,,
experimental_validation_focused,ATP-HTVS-1714ADEB4D31,82945,,,,,,
experimental_validation_focused,ATP-HTVS-17511F2B790B,26499,,,,,,
experimental_validation_focused,ATP-HTVS-1776C87C4427,90243,,,,,,
experimental_validation_focused,ATP-HTVS-17940C77D749,73155,,,,,,
experimental_validation_focused,ATP-HTVS-17A38785E483,22881,,,,,,
experimental_validation_focused,ATP-HTVS-17C024B1EE7E,46369,,,,,,
experimental_validation_focused,ATP-HTVS-17D20C07D7F4,84579,,,,,,
experimental_validation_focused,ATP-HTVS-17FF806DFA04,81121,,,,,,
experimental_validation_focused,ATP-HTVS-18044BD9974D,64643,,,,,,
experimental_validation_focused,ATP-HTVS-1817E5512E7A,88034,,,,,,
experimental_validation_focused,ATP-HTVS-18265C9EB86B,7299,,,,,,
experimental_validation_focused,ATP-HTVS-185EDA97C211,76994,,,,,,
experimental_validation_focused,ATP-HTVS-18A7589C7FB7,94049,,,,,,
experimental_validation_focused,ATP-HTVS-18AAC668D3EC,81058,,,,,,
experimental_validation_focused,ATP-HTVS-18CFABF6753A,53793,,,,,,
experimental_validation_focused,ATP-HTVS-18FDFF56F821,38785,,,,,,
experimental_validation_focused,ATP-HTVS-190A8EA9B17C,31297,,,,,,
experimental_validation_focused,ATP-HTVS-1928ECDAF189,20003,,,,,,
experimental_validation_focused,ATP-HTVS-193F5213E1F4,63266,,,,,,
experimental_validation_focused,ATP-HTVS-1940D4055FE9,82787,,,,,,
experimental_validation_focused,ATP-HTVS-1952D56C5A08,95489,,,,,,
experimental_validation_focused,ATP-HTVS-196468D2BF96,87299,,,,,,
experimental_validation_focused,ATP-HTVS-19D22C817A74,93507,,,,,,
experimental_validation_focused,ATP-HTVS-19D9965850C9,38370,,,,,,
experimental_validation_focused,ATP-HTVS-19DB56372FFA,71203,,,,,,
experimental_validation_focused,ATP-HTVS-19E5DD3F936E,48931,,,,,,
experimental_validation_focused,ATP-HTVS-19E7C62EA548,27651,,,,,,
experimental_validation_focused,ATP-HTVS-1A821EC4699A,87905,,,,,,
experimental_validation_focused,ATP-HTVS-1A8854DD1E1A,4003,,,,,,
experimental_validation_focused,ATP-HTVS-1AA1BAAE4A01,84386,,,,,,
experimental_validation_focused,ATP-HTVS-1ACF073F315C,44323,,,,,,
experimental_validation_focused,ATP-HTVS-1AEE198E3D8C,1538,,,,,,
experimental_validation_focused,ATP-HTVS-1B05407455E5,40642,,,,,,
experimental_validation_focused,ATP-HTVS-1B1248DF0721,71426,,,,,,
experimental_validation_focused,ATP-HTVS-1B366D2FDBBA,81123,,,,,,
experimental_validation_focused,ATP-HTVS-1B509C27CE75,60833,,,,,,
experimental_validation_focused,ATP-HTVS-1B60B6D0433D,66017,,,,,,
experimental_validation_focused,ATP-HTVS-1B84D304C2ED,89921,,,,,,
experimental_validation_focused,ATP-HTVS-1B9CB386F0F9,22755,,,,,,
experimental_validation_focused,ATP-HTVS-1C066C79A7D0,44515,,,,,,
experimental_validation_focused,ATP-HTVS-1C1B7F9BB8FF,77346,,,,,,
experimental_validation_focused,ATP-HTVS-1C463A9823EA,77731,,,,,,
experimental_validation_focused,ATP-HTVS-1C4EC58A3066,92899,,,,,,
experimental_validation_focused,ATP-HTVS-1C71F28794EF,86081,,,,,,
experimental_validation_focused,ATP-HTVS-1C9D0B7FE190,98594,,,,,,
experimental_validation_focused,ATP-HTVS-1CAAE7675504,51651,,,,,,
experimental_validation_focused,ATP-HTVS-1CF603621065,85794,,,,,,
experimental_validation_focused,ATP-HTVS-1D0FF5192E4C,80545,,,,,,
experimental_validation_focused,ATP-HTVS-1D1DA7871618,20226,,,,,,
experimental_validation_focused,ATP-HTVS-1D28793FB59B,57954,,,,,,
experimental_validation_focused,ATP-HTVS-1D3C11D6B0D4,95330,,,,,,
experimental_validation_focused,ATP-HTVS-1DC16EDC7F4D,32451,,,,,,
experimental_validation_focused,ATP-HTVS-1DC6D2F4A05D,67233,,,,,,
experimental_validation_focused,ATP-HTVS-1DD46A13AEBB,58369,,,,,,
experimental_validation_focused,ATP-HTVS-1E20B63FDE5F,82850,,,,,,
experimental_validation_focused,ATP-HTVS-1E475A4B97CE,20387,,,,,,
experimental_validation_focused,ATP-HTVS-1E5A6A308B25,86881,,,,,,
experimental_validation_focused,ATP-HTVS-1EBFDE0160CD,86882,,,,,,
experimental_validation_focused,ATP-HTVS-1F874564E13F,80035,,,,,,
experimental_validation_focused,ATP-HTVS-1F9A02273F27,69026,,,,,,
experimental_validation_focused,ATP-HTVS-1FAE7495FCDD,91266,,,,,,
experimental_validation_focused,ATP-HTVS-1FED3714464D,70306,,,,,,
experimental_validation_focused,ATP-HTVS-1FF6C325CA7A,86530,,,,,,
experimental_validation_focused,ATP-HTVS-203210320F32,88033,,,,,,
experimental_validation_focused,ATP-HTVS-20B250E7AB9A,20673,,,,,,
experimental_validation_focused,ATP-HTVS-20FB50B88593,58595,,,,,,
experimental_validation_focused,ATP-HTVS-2118F57CAFF1,72385,,,,,,
experimental_validation_focused,ATP-HTVS-2125555B1DA5,84706,,,,,,
experimental_validation_focused,ATP-HTVS-217395D9F0A5,49825,,,,,,
experimental_validation_focused,ATP-HTVS-217B57A40B61,22753,,,,,,
experimental_validation_focused,ATP-HTVS-218E3E4A28A7,95618,,,,,,
experimental_validation_focused,ATP-HTVS-21B7BD60A2C7,81347,,,,,,
experimental_validation_focused,ATP-HTVS-21B7E8D8DA00,84930,,,,,,
experimental_validation_focused,ATP-HTVS-21BB1C807E7E,36099,,,,,,
experimental_validation_focused,ATP-HTVS-21D2D8C367A1,93506,,,,,,
experimental_validation_focused,ATP-HTVS-22634BBBCB97,66019,,,,,,
experimental_validation_focused,ATP-HTVS-2275AB855C30,82946,,,,,,
experimental_validation_focused,ATP-HTVS-22C0C64F65E9,35330,,,,,,
experimental_validation_focused,ATP-HTVS-22E2482E2999,48354,,,,,,
experimental_validation_focused,ATP-HTVS-22E536A2C0FA,57601,,,,,,
experimental_validation_focused,ATP-HTVS-22FAF80E23F8,94401,,,,,,
experimental_validation_focused,ATP-HTVS-23113A9B9381,33411,,,,,,
experimental_validation_focused,ATP-HTVS-2368A2FD4D76,87745,,,,,,
experimental_validation_focused,ATP-HTVS-239E0EA8BC65,54689,,,,,,
experimental_validation_focused,ATP-HTVS-23EBF8E8F6E9,86787,,,,,,
experimental_validation_focused,ATP-HTVS-23EDEB47FF93,71874,,,,,,
experimental_validation_focused,ATP-HTVS-23F526837945,92834,,,,,,
experimental_validation_focused,ATP-HTVS-244A9AEB7273,5347,,,,,,
experimental_validation_focused,ATP-HTVS-247B97B4CA47,61825,,,,,,
experimental_validation_focused,ATP-HTVS-2485F4B11063,64065,,,,,,
experimental_validation_focused,ATP-HTVS-24E588DA0D03,95714,,,,,,
experimental_validation_focused,ATP-HTVS-2507C3370FB9,84259,,,,,,
experimental_validation_focused,ATP-HTVS-255C97768CDB,63778,,,,,,
experimental_validation_focused,ATP-HTVS-258E82C8B178,35362,,,,,,
experimental_validation_focused,ATP-HTVS-2598958FABEA,76961,,,,,,
experimental_validation_focused,ATP-HTVS-25BEFE000F10,95682,,,,,,
experimental_validation_focused,ATP-HTVS-26104959C4F1,79713,,,,,,
experimental_validation_focused,ATP-HTVS-2641D0EED03A,61889,,,,,,
experimental_validation_focused,ATP-HTVS-267F6CCD1B36,79811,,,,,,
experimental_validation_focused,ATP-HTVS-2699169FE698,4866,,,,,,
experimental_validation_focused,ATP-HTVS-269AF530E7D7,62595,,,,,,
experimental_validation_focused,ATP-HTVS-27050A3A08BE,12355,,,,,,
experimental_validation_focused,ATP-HTVS-27135ACF267B,59107,,,,,,
experimental_validation_focused,ATP-HTVS-27537703FBA2,53635,,,,,,
experimental_validation_focused,ATP-HTVS-277F9700EDE9,62211,,,,,,
experimental_validation_focused,ATP-HTVS-27B53DA4C14D,50115,,,,,,
experimental_validation_focused,ATP-HTVS-27BC230C206A,95937,,,,,,
experimental_validation_focused,ATP-HTVS-27E43B44E6A8,92067,,,,,,
experimental_validation_focused,ATP-HTVS-27FE3E1C2A9E,72194,,,,,,
experimental_validation_focused,ATP-HTVS-2801EC41FD47,97569,,,,,,
experimental_validation_focused,ATP-HTVS-2818D10B14C2,35009,,,,,,
experimental_validation_focused,ATP-HTVS-286379397336,30625,,,,,,
experimental_validation_focused,ATP-HTVS-28D90B8D287A,81475,,,,,,
experimental_validation_focused,ATP-HTVS-28F6129F8E3C,70305,,,,,,
experimental_validation_focused,ATP-HTVS-2912F4F66BA1,81186,,,,,,
experimental_validation_focused,ATP-HTVS-291AE177F52E,43107,,,,,,
experimental_validation_focused,ATP-HTVS-2A14F6A33EFE,2018,,,,,,
experimental_validation_focused,ATP-HTVS-2A420AE0278C,57730,,,,,,
experimental_validation_focused,ATP-HTVS-2A473A7CBE48,82306,,,,,,
experimental_validation_focused,ATP-HTVS-2A6980A94AB8,12579,,,,,,
experimental_validation_focused,ATP-HTVS-2A91244EC1AD,33347,,,,,,
experimental_validation_focused,ATP-HTVS-2AC4031F681F,85858,,,,,,
experimental_validation_focused,ATP-HTVS-2AD5F3716208,34434,,,,,,
experimental_validation_focused,ATP-HTVS-2AFCB32282C0,34529,,,,,,
experimental_validation_focused,ATP-HTVS-2B2381835080,40034,,,,,,
experimental_validation_focused,ATP-HTVS-2B54247B4108,84161,,,,,,
experimental_validation_focused,ATP-HTVS-2B683AA1DF30,89507,,,,,,
experimental_validation_focused,ATP-HTVS-2B725536FCE2,99329,,,,,,
experimental_validation_focused,ATP-HTVS-2B784D1D7344,72482,,,,,,
experimental_validation_focused,ATP-HTVS-2C366CB23264,58529,,,,,,
experimental_validation_focused,ATP-HTVS-2C5504015D66,57538,,,,,,
experimental_validation_focused,ATP-HTVS-2C72C850E8DC,37538,,,,,,
experimental_validation_focused,ATP-HTVS-2C852BECD08A,27585,,,,,,
experimental_validation_focused,ATP-HTVS-2C8A8FE641B8,72034,,,,,,
experimental_validation_focused,ATP-HTVS-2CB691E3F247,42273,,,,,,
experimental_validation_focused,ATP-HTVS-2CD40FD4C79D,61539,,,,,,
experimental_validation_focused,ATP-HTVS-2CDCEBF2F10D,77889,,,,,,
experimental_validation_focused,ATP-HTVS-2D0B83E336C6,42274,,,,,,
experimental_validation_focused,ATP-HTVS-2D571D26B6AC,90529,,,,,,
experimental_validation_focused,ATP-HTVS-2D5D363D0DBE,30818,,,,,,
experimental_validation_focused,ATP-HTVS-2DA674675DE4,42977,,,,,,
experimental_validation_focused,ATP-HTVS-2DB2F1DB5A18,61571,,,,,,
experimental_validation_focused,ATP-HTVS-2DB2F8E5543E,82081,,,,,,
experimental_validation_focused,ATP-HTVS-2DBBB7EE3EAF,40130,,,,,,
experimental_validation_focused,ATP-HTVS-2E0BAC8D644B,87746,,,,,,
experimental_validation_focused,ATP-HTVS-2E3C44D093AA,17857,,,,,,
experimental_validation_focused,ATP-HTVS-2E3E6C1A8749,91843,,,,,,
experimental_validation_focused,ATP-HTVS-2E4BDA1C28D9,99937,,,,,,
experimental_validation_focused,ATP-HTVS-2E7AE7689BA0,25602,,,,,,
experimental_validation_focused,ATP-HTVS-2ECA33AB7628,73634,,,,,,
experimental_validation_focused,ATP-HTVS-2EE3FF4CB435,49219,,,,,,
experimental_validation_focused,ATP-HTVS-2F35A8572662,23459,,,,,,
experimental_validation_focused,ATP-HTVS-2F483D9FE7EF,3937,,,,,,
experimental_validation_focused,ATP-HTVS-2F9574F7896C,85185,,,,,,
experimental_validation_focused,ATP-HTVS-2F9E11536268,92386,,,,,,
experimental_validation_focused,ATP-HTVS-2FD0321978A1,47427,,,,,,
experimental_validation_focused,ATP-HTVS-2FDBF4F6464D,85218,,,,,,
experimental_validation_focused,ATP-HTVS-2FF622879777,92707,,,,,,
experimental_validation_focused,ATP-HTVS-30270CEE1891,59297,,,,,,
experimental_validation_focused,ATP-HTVS-305D97AD9924,74114,,,,,,
experimental_validation_focused,ATP-HTVS-30920D5A25EC,68290,,,,,,
experimental_validation_focused,ATP-HTVS-30B3F39EA660,48035,,,,,,
experimental_validation_focused,ATP-HTVS-30BD0ED907F3,32770,,,,,,
experimental_validation_focused,ATP-HTVS-30D2448AA284,71137,,,,,,
experimental_validation_focused,ATP-HTVS-3100283A95A9,60066,,,,,,
experimental_validation_focused,ATP-HTVS-313D067647DC,54849,,,,,,
experimental_validation_focused,ATP-HTVS-31B048FE5E9A,99298,,,,,,
experimental_validation_focused,ATP-HTVS-322651E221E8,67842,,,,,,
experimental_validation_focused,ATP-HTVS-323526AAC152,84355,,,,,,
experimental_validation_focused,ATP-HTVS-3254A7EDB406,72033,,,,,,
experimental_validation_focused,ATP-HTVS-327AC6849941,85090,,,,,,
experimental_validation_focused,ATP-HTVS-32D1D0195572,89443,,,,,,
experimental_validation_focused,ATP-HTVS-33706D459A7A,91618,,,,,,
experimental_validation_focused,ATP-HTVS-337D10985B1B,47106,,,,,,
experimental_validation_focused,ATP-HTVS-33BC72D3D2BF,81217,,,,,,
experimental_validation_focused,ATP-HTVS-34AD6DA38229,96929,,,,,,
experimental_validation_focused,ATP-HTVS-34E58924FFDD,63425,,,,,,
experimental_validation_focused,ATP-HTVS-351CA3F2F79F,84738,,,,,,
experimental_validation_focused,ATP-HTVS-35279CDCCBE9,29026,,,,,,
experimental_validation_focused,ATP-HTVS-354B8B3BDEB4,62498,,,,,,
experimental_validation_focused,ATP-HTVS-3565F86F920E,47203,,,,,,
experimental_validation_focused,ATP-HTVS-357411F5F88B,74113,,,,,,
experimental_validation_focused,ATP-HTVS-35C3F0A919D0,82019,,,,,,
experimental_validation_focused,ATP-HTVS-35F96912410D,85538,,,,,,
experimental_validation_focused,ATP-HTVS-362E300BB66B,5762,,,,,,
experimental_validation_focused,ATP-HTVS-3634D47351B0,22754,,,,,,
experimental_validation_focused,ATP-HTVS-3654BFD7575B,81409,,,,,,
experimental_validation_focused,ATP-HTVS-366F4BAC4B87,78434,,,,,,
experimental_validation_focused,ATP-HTVS-3676162553B8,62241,,,,,,
experimental_validation_focused,ATP-HTVS-368B62E0C748,29569,,,,,,
experimental_validation_focused,ATP-HTVS-369F0F09D6A7,81955,,,,,,
experimental_validation_focused,ATP-HTVS-36CDFE25DCA8,48866,,,,,,
experimental_validation_focused,ATP-HTVS-37164D6EE04D,58531,,,,,,
experimental_validation_focused,ATP-HTVS-375881F1CECF,69635,,,,,,
experimental_validation_focused,ATP-HTVS-37921E17B72D,72225,,,,,,
experimental_validation_focused,ATP-HTVS-37A579E82C38,28641,,,,,,
experimental_validation_focused,ATP-HTVS-37D34080A09D,36291,,,,,,
experimental_validation_focused,ATP-HTVS-37EC6A305554,73986,,,,,,
experimental_validation_focused,ATP-HTVS-37F8BE6B2288,68929,,,,,,
experimental_validation_focused,ATP-HTVS-381C421540AF,67234,,,,,,
experimental_validation_focused,ATP-HTVS-38928739B049,49763,,,,,,
experimental_validation_focused,ATP-HTVS-389B4B823B19,92545,,,,,,
experimental_validation_focused,ATP-HTVS-38AA30AE7592,4258,,,,,,
experimental_validation_focused,ATP-HTVS-38B17C32C2B1,90305,,,,,,
experimental_validation_focused,ATP-HTVS-38BDED367A54,94307,,,,,,
experimental_validation_focused,ATP-HTVS-391C9D64EC7D,20547,,,,,,
experimental_validation_focused,ATP-HTVS-394457ED9ABE,67073,,,,,,
experimental_validation_focused,ATP-HTVS-3966CEFE893D,72705,,,,,,
experimental_validation_focused,ATP-HTVS-397149B089BD,39490,,,,,,
experimental_validation_focused,ATP-HTVS-3991B5D40CBE,95969,,,,,,
experimental_validation_focused,ATP-HTVS-39B6454C3B57,69027,,,,,,
experimental_validation_focused,ATP-HTVS-39C66FA1D927,91619,,,,,,
experimental_validation_focused,ATP-HTVS-3A2C3DD6A630,99105,,,,,,
experimental_validation_focused,ATP-HTVS-3A4856D72337,84225,,,,,,
experimental_validation_focused,ATP-HTVS-3A71FF84034D,20131,,,,,,
experimental_validation_focused,ATP-HTVS-3A7288617524,95746,,,,,,
experimental_validation_focused,ATP-HTVS-3A96A568DDAE,89089,,,,,,
experimental_validation_focused,ATP-HTVS-3AF3BD852D4F,90753,,,,,,
experimental_validation_focused,ATP-HTVS-3B1236037689,83073,,,,,,
experimental_validation_focused,ATP-HTVS-3B2E01AF7BF8,38881,,,,,,
experimental_validation_focused,ATP-HTVS-3B360A484FEF,85474,,,,,,
experimental_validation_focused,ATP-HTVS-3B3954EE8C13,84897,,,,,,
experimental_validation_focused,ATP-HTVS-3B500C8F5D3A,77442,,,,,,
experimental_validation_focused,ATP-HTVS-3B52AE15A314,74081,,,,,,
experimental_validation_focused,ATP-HTVS-3B591F4F1DA1,4259,,,,,,
experimental_validation_focused,ATP-HTVS-3B615F85BA41,73953,,,,,,
experimental_validation_focused,ATP-HTVS-3B760C3B8D5C,71811,,,,,,
experimental_validation_focused,ATP-HTVS-3B9AE635146A,63874,,,,,,
experimental_validation_focused,ATP-HTVS-3BC1681A99C2,35363,,,,,,
experimental_validation_focused,ATP-HTVS-3BCB6D34D9FC,82627,,,,,,
experimental_validation_focused,ATP-HTVS-3BEA167C6DE4,61442,,,,,,
experimental_validation_focused,ATP-HTVS-3BFEB00B17A1,96386,,,,,,
experimental_validation_focused,ATP-HTVS-3C30D082388E,37539,,,,,,
experimental_validation_focused,ATP-HTVS-3C5237794D05,44097,,,,,,
experimental_validation_focused,ATP-HTVS-3D55EC2CCC26,92001,,,,,,
experimental_validation_focused,ATP-HTVS-3D580430A1F8,89410,,,,,,
experimental_validation_focused,ATP-HTVS-3D9456613EE7,71427,,,,,,
experimental_validation_focused,ATP-HTVS-3DA95123E47A,56993,,,,,,
experimental_validation_focused,ATP-HTVS-3DABA9A3BF24,35619,,,,,,
experimental_validation_focused,ATP-HTVS-3DB1B8B928B3,68034,,,,,,
experimental_validation_focused,ATP-HTVS-3DDAC51E87DA,72514,,,,,,
experimental_validation_focused,ATP-HTVS-3E3A2065ACC9,14370,,,,,,
experimental_validation_focused,ATP-HTVS-3E4E6B1035DE,50531,,,,,,
experimental_validation_focused,ATP-HTVS-3E51FD2FD256,56033,,,,,,
experimental_validation_focused,ATP-HTVS-3E71027F124F,67650,,,,,,
experimental_validation_focused,ATP-HTVS-3E71DFC624D6,82465,,,,,,
experimental_validation_focused,ATP-HTVS-3EAEA7611BE9,52738,,,,,,
experimental_validation_focused,ATP-HTVS-3ED7BF8E1128,59586,,,,,,
experimental_validation_focused,ATP-HTVS-3F61FE181838,65473,,,,,,
experimental_validation_focused,ATP-HTVS-3F7C0C4A7C85,44483,,,,,,
experimental_validation_focused,ATP-HTVS-3FE2C8D8A747,85473,,,,,,
experimental_validation_focused,ATP-HTVS-3FE3F52D89A6,78210,,,,,,
experimental_validation_focused,ATP-HTVS-3FEB13A0176D,79265,,,,,,
experimental_validation_focused,ATP-HTVS-4019997F6E4F,28866,,,,,,
experimental_validation_focused,ATP-HTVS-403847D949CB,95233,,,,,,
experimental_validation_focused,ATP-HTVS-4042CFA848C2,91587,,,,,,
experimental_validation_focused,ATP-HTVS-404DE520584C,71713,,,,,,
experimental_validation_focused,ATP-HTVS-40806E2DA49D,71074,,,,,,
experimental_validation_focused,ATP-HTVS-40CB5FD4F4D8,94114,,,,,,
experimental_validation_focused,ATP-HTVS-40E764CABCB1,58370,,,,,,
experimental_validation_focused,ATP-HTVS-410A75CF1522,26210,,,,,,
experimental_validation_focused,ATP-HTVS-41202D3CA1C8,23139,,,,,,
experimental_validation_focused,ATP-HTVS-4128F66E5F96,34562,,,,,,
experimental_validation_focused,ATP-HTVS-418CD17BC8B0,70595,,,,,,
experimental_validation_focused,ATP-HTVS-41A031E7C6D2,27299,,,,,,
experimental_validation_focused,ATP-HTVS-41C13ED6AFFD,83554,,,,,,
experimental_validation_focused,ATP-HTVS-41DBD56D77D4,56386,,,,,,
experimental_validation_focused,ATP-HTVS-41DE369552E3,91201,,,,,,
experimental_validation_focused,ATP-HTVS-41DF5C276515,95649,,,,,,
experimental_validation_focused,ATP-HTVS-41EB9DEAB7C9,91683,,,,,,
experimental_validation_focused,ATP-HTVS-420A833C3906,29570,,,,,,
experimental_validation_focused,ATP-HTVS-425F81D77C05,85634,,,,,,
experimental_validation_focused,ATP-HTVS-429B4D57A2D0,56417,,,,,,
experimental_validation_focused,ATP-HTVS-42E232F3C181,95425,,,,,,
experimental_validation_focused,ATP-HTVS-4313C7EF8265,78307,,,,,,
experimental_validation_focused,ATP-HTVS-43145D4CE45B,93187,,,,,,
experimental_validation_focused,ATP-HTVS-4322FF013EE1,94306,,,,,,
experimental_validation_focused,ATP-HTVS-433854F3CEDF,69123,,,,,,
experimental_validation_focused,ATP-HTVS-4340E5ABA707,45635,,,,,,
experimental_validation_focused,ATP-HTVS-4382948120BD,74115,,,,,,
experimental_validation_focused,ATP-HTVS-43D1BB82511C,88481,,,,,,
experimental_validation_focused,ATP-HTVS-43DC0EBD36ED,75233,,,,,,
experimental_validation_focused,ATP-HTVS-43DEA6C9D172,31907,,,,,,
experimental_validation_focused,ATP-HTVS-43E54E69D2FC,49761,,,,,,
experimental_validation_focused,ATP-HTVS-440AFC8B752D,31650,,,,,,
experimental_validation_focused,ATP-HTVS-4415AB646F99,82497,,,,,,
experimental_validation_focused,ATP-HTVS-4418320CDB75,92835,,,,,,
experimental_validation_focused,ATP-HTVS-442C36D59863,49602,,,,,,
experimental_validation_focused,ATP-HTVS-443BC3733DB7,97250,,,,,,
experimental_validation_focused,ATP-HTVS-445D8195943B,74209,,,,,,
experimental_validation_focused,ATP-HTVS-44A2C719C105,82307,,,,,,
experimental_validation_focused,ATP-HTVS-44A5767B4738,74882,,,,,,
experimental_validation_focused,ATP-HTVS-44ACC7CEC3D6,83425,,,,,,
experimental_validation_focused,ATP-HTVS-44DE29768EEE,17571,,,,,,
experimental_validation_focused,ATP-HTVS-4503BC70E7F0,38561,,,,,,
experimental_validation_focused,ATP-HTVS-450A55DE989E,48930,,,,,,
experimental_validation_focused,ATP-HTVS-458F3EB1794A,20674,,,,,,
experimental_validation_focused,ATP-HTVS-45908092458F,47809,,,,,,
experimental_validation_focused,ATP-HTVS-459B7E30FD80,76673,,,,,,
experimental_validation_focused,ATP-HTVS-45A004EDB829,35234,,,,,,
experimental_validation_focused,ATP-HTVS-45C9FDCE5200,67554,,,,,,
experimental_validation_focused,ATP-HTVS-45EC04A30F13,45571,,,,,,
experimental_validation_focused,ATP-HTVS-461088EC3581,13442,,,,,,
experimental_validation_focused,ATP-HTVS-4630C8488F7C,77025,,,,,,
experimental_validation_focused,ATP-HTVS-464A50F6807A,88514,,,,,,
experimental_validation_focused,ATP-HTVS-464DF81034BD,92994,,,,,,
experimental_validation_focused,ATP-HTVS-4697491C32F9,77698,,,,,,
experimental_validation_focused,ATP-HTVS-4697A006B393,56194,,,,,,
experimental_validation_focused,ATP-HTVS-469EEFA86A0D,60513,,,,,,
experimental_validation_focused,ATP-HTVS-46A91AAE2D1D,82529,,,,,,
experimental_validation_focused,ATP-HTVS-46F5C2C02CE5,81411,,,,,,
experimental_validation_focused,ATP-HTVS-471B66EC874A,78945,,,,,,
experimental_validation_focused,ATP-HTVS-471CA8009E10,94562,,,,,,
experimental_validation_focused,ATP-HTVS-472161FD1CB3,82882,,,,,,
experimental_validation_focused,ATP-HTVS-47220BE834AE,78051,,,,,,
experimental_validation_focused,ATP-HTVS-47675EC0C4D5,67843,,,,,,
experimental_validation_focused,ATP-HTVS-47A17AC8C7BD,41059,,,,,,
experimental_validation_focused,ATP-HTVS-47BAC8FD9A9F,73409,,,,,,
experimental_validation_focused,ATP-HTVS-4862FE6420AB,72898,,,,,,
experimental_validation_focused,ATP-HTVS-48C487957C1E,66849,,,,,,
experimental_validation_focused,ATP-HTVS-48ECC7021683,96033,,,,,,
experimental_validation_focused,ATP-HTVS-491BAB709F49,88482,,,,,,
experimental_validation_focused,ATP-HTVS-4920657FA6C2,47234,,,,,,
experimental_validation_focused,ATP-HTVS-494FFDA3E05A,79810,,,,,,
experimental_validation_focused,ATP-HTVS-4991CDEEDD30,76385,,,,,,
experimental_validation_focused,ATP-HTVS-49CF595ADD5C,20834,,,,,,
experimental_validation_focused,ATP-HTVS-49D68E9248AF,44739,,,,,,
experimental_validation_focused,ATP-HTVS-4A1EB194D3B6,11747,,,,,,
experimental_validation_focused,ATP-HTVS-4A28AAEEA14A,71714,,,,,,
experimental_validation_focused,ATP-HTVS-4A3DC7D9F888,95777,,,,,,
experimental_validation_focused,ATP-HTVS-4A7957865725,86657,,,,,,
experimental_validation_focused,ATP-HTVS-4AC739BE8539,83970,,,,,,
experimental_validation_focused,ATP-HTVS-4AC96F3AF657,25826,,,,,,
experimental_validation_focused,ATP-HTVS-4AF467728185,61602,,,,,,
experimental_validation_focused,ATP-HTVS-4AF9C9C46A6A,50882,,,,,,
experimental_validation_focused,ATP-HTVS-4B144E96CFBE,75490,,,,,,
experimental_validation_focused,ATP-HTVS-4B5D35D2395E,61409,,,,,,
experimental_validation_focused,ATP-HTVS-4B689B6ED6C6,95234,,,,,,
experimental_validation_focused,ATP-HTVS-4B898DE9EBD2,87971,,,,,,
experimental_validation_focused,ATP-HTVS-4BBA1A792A2F,70529,,,,,,
experimental_validation_focused,ATP-HTVS-4BCACD3FB587,71139,,,,,,
experimental_validation_focused,ATP-HTVS-4BE062240422,80833,,,,,,
experimental_validation_focused,ATP-HTVS-4BFDBDCB8AC3,81857,,,,,,
experimental_validation_focused,ATP-HTVS-4C04B46E023C,67139,,,,,,
experimental_validation_focused,ATP-HTVS-4C091C5F609D,74754,,,,,,
experimental_validation_focused,ATP-HTVS-4C511AF0E5BD,37027,,,,,,
experimental_validation_focused,ATP-HTVS-4C6C1EFD2AA2,72065,,,,,,
experimental_validation_focused,ATP-HTVS-4CC80B7019B2,75234,,,,,,
experimental_validation_focused,ATP-HTVS-4CFD3E435A48,60227,,,,,,
experimental_validation_focused,ATP-HTVS-4D1ED9B826E8,4419,,,,,,
experimental_validation_focused,ATP-HTVS-4D974321991D,51619,,,,,,
experimental_validation_focused,ATP-HTVS-4DC88D9567D5,69986,,,,,,
experimental_validation_focused,ATP-HTVS-4DE86EAA2D32,76034,,,,,,
experimental_validation_focused,ATP-HTVS-4E16F03E37A9,70275,,,,,,
experimental_validation_focused,ATP-HTVS-4E652792F62F,84931,,,,,,
experimental_validation_focused,ATP-HTVS-4E825B07A9DF,20418,,,,,,
experimental_validation_focused,ATP-HTVS-4E9E59A3DA5E,69218,,,,,,
experimental_validation_focused,ATP-HTVS-4EA46F6E6AE0,20450,,,,,,
experimental_validation_focused,ATP-HTVS-4EF6126AB2D8,89666,,,,,,
experimental_validation_focused,ATP-HTVS-4F22ABB48DC5,71586,,,,,,
experimental_validation_focused,ATP-HTVS-4F450E2E91A2,68579,,,,,,
experimental_validation_focused,ATP-HTVS-4F5A90394674,95681,,,,,,
experimental_validation_focused,ATP-HTVS-4F9099514318,87875,,,,,,
experimental_validation_focused,ATP-HTVS-4F9E5F08F37F,89571,,,,,,
experimental_validation_focused,ATP-HTVS-4FCAA645F202,97537,,,,,,
experimental_validation_focused,ATP-HTVS-4FDD59ABF895,4961,,,,,,
experimental_validation_focused,ATP-HTVS-505E03B882A0,11617,,,,,,
experimental_validation_focused,ATP-HTVS-507C96D672B3,5570,,,,,,
experimental_validation_focused,ATP-HTVS-508A27B63548,61411,,,,,,
experimental_validation_focused,ATP-HTVS-50911053B2F5,79745,,,,,,
experimental_validation_focused,ATP-HTVS-50DD7346FE25,89505,,,,,,
experimental_validation_focused,ATP-HTVS-510C24ACBA66,94817,,,,,,
experimental_validation_focused,ATP-HTVS-512766A3F074,87874,,,,,,
experimental_validation_focused,ATP-HTVS-512BF8EF5FA0,50785,,,,,,
experimental_validation_focused,ATP-HTVS-512DB2E888C1,97313,,,,,,
experimental_validation_focused,ATP-HTVS-514A7FD93F10,90115,,,,,,
experimental_validation_focused,ATP-HTVS-515F0CC44DE0,70113,,,,,,
experimental_validation_focused,ATP-HTVS-51861E5F66D2,67938,,,,,,
experimental_validation_focused,ATP-HTVS-518A2BC6902B,53057,,,,,,
experimental_validation_focused,ATP-HTVS-5192BC4864D4,70497,,,,,,
experimental_validation_focused,ATP-HTVS-51A8EA31A006,90307,,,,,,
experimental_validation_focused,ATP-HTVS-51D7DCB6F8E8,85793,,,,,,
experimental_validation_focused,ATP-HTVS-51FD2328387A,515,,,,,,
experimental_validation_focused,ATP-HTVS-523F9B5BEE3B,72899,,,,,,
experimental_validation_focused,ATP-HTVS-52495E42CB55,54529,,,,,,
experimental_validation_focused,ATP-HTVS-524A2C000135,32450,,,,,,
experimental_validation_focused,ATP-HTVS-52625044C5D9,31809,,,,,,
experimental_validation_focused,ATP-HTVS-52816E9DAB39,70209,,,,,,
experimental_validation_focused,ATP-HTVS-52B20567BA88,12577,,,,,,
experimental_validation_focused,ATP-HTVS-52BA94C773EB,97153,,,,,,
experimental_validation_focused,ATP-HTVS-52CC222D68E9,81987,,,,,,
experimental_validation_focused,ATP-HTVS-52D7AA6D1B75,23138,,,,,,
experimental_validation_focused,ATP-HTVS-52F407909F9A,88994,,,,,,
experimental_validation_focused,ATP-HTVS-53075BACB2C6,93475,,,,,,
experimental_validation_focused,ATP-HTVS-531A4B252985,78049,,,,,,
experimental_validation_focused,ATP-HTVS-531EE93584A6,1955,,,,,,
experimental_validation_focused,ATP-HTVS-532EC38BED39,25314,,,,,,
experimental_validation_focused,ATP-HTVS-5359DC82CCCB,23171,,,,,,
experimental_validation_focused,ATP-HTVS-53CB9D69C030,33121,,,,,,
experimental_validation_focused,ATP-HTVS-5401EBEC1B21,77091,,,,,,
experimental_validation_focused,ATP-HTVS-54143804256C,38146,,,,,,
experimental_validation_focused,ATP-HTVS-5425AB1A5C10,35457,,,,,,
experimental_validation_focused,ATP-HTVS-542A37ED863C,14243,,,,,,
experimental_validation_focused,ATP-HTVS-542AD0F295EC,98561,,,,,,
experimental_validation_focused,ATP-HTVS-545253A9A90F,83842,,,,,,
experimental_validation_focused,ATP-HTVS-5494A1B9D9EC,67939,,,,,,
experimental_validation_focused,ATP-HTVS-54A1786C1F00,83457,,,,,,
experimental_validation_focused,ATP-HTVS-54E64C0F11AA,71361,,,,,,
experimental_validation_focused,ATP-HTVS-54ED83DE83DA,86306,,,,,,
experimental_validation_focused,ATP-HTVS-553AACDE3786,19939,,,,,,
experimental_validation_focused,ATP-HTVS-555FA00075E9,85825,,,,,,
experimental_validation_focused,ATP-HTVS-5589B4ED8BC3,58051,,,,,,
experimental_validation_focused,ATP-HTVS-559A97C754E4,23137,,,,,,
experimental_validation_focused,ATP-HTVS-55C340552E65,92289,,,,,,
experimental_validation_focused,ATP-HTVS-560CD6AB75AE,93730,,,,,,
experimental_validation_focused,ATP-HTVS-56362DCB1C38,56802,,,,,,
experimental_validation_focused,ATP-HTVS-563DC51EEC46,75746,,,,,,
experimental_validation_focused,ATP-HTVS-5658ECC62B06,77859,,,,,,
experimental_validation_focused,ATP-HTVS-5694EB72FE49,38083,,,,,,
experimental_validation_focused,ATP-HTVS-569AAE7497B4,63426,,,,,,
experimental_validation_focused,ATP-HTVS-56BFCD0C6B29,72193,,,,,,
experimental_validation_focused,ATP-HTVS-57132EA8AA79,36161,,,,,,
experimental_validation_focused,ATP-HTVS-572BFDBE8187,1059,,,,,,
experimental_validation_focused,ATP-HTVS-57A1B32CE9AA,90337,,,,,,
experimental_validation_focused,ATP-HTVS-57B04A124BC1,76577,,,,,,
experimental_validation_focused,ATP-HTVS-57C145E4C4AF,91107,,,,,,
experimental_validation_focused,ATP-HTVS-57CD8A84B862,69666,,,,,,
experimental_validation_focused,ATP-HTVS-5801E8FB792E,25635,,,,,,
experimental_validation_focused,ATP-HTVS-5850FC4068A9,89729,,,,,,
experimental_validation_focused,ATP-HTVS-586B19FEBC2D,72769,,,,,,
experimental_validation_focused,ATP-HTVS-5890B3ABBA42,51713,,,,,,
experimental_validation_focused,ATP-HTVS-58BA49956E55,50050,,,,,,
experimental_validation_focused,ATP-HTVS-590B92626142,45217,,,,,,
experimental_validation_focused,ATP-HTVS-593FD885E4E3,89665,,,,,,
experimental_validation_focused,ATP-HTVS-595807F16B2C,73795,,,,,,
experimental_validation_focused,ATP-HTVS-5993E100A2C1,94626,,,,,,
experimental_validation_focused,ATP-HTVS-59B1C5906543,73635,,,,,,
experimental_validation_focused,ATP-HTVS-59B957CB7E9F,77507,,,,,,
experimental_validation_focused,ATP-HTVS-59E59E09D09E,55489,,,,,,
experimental_validation_focused,ATP-HTVS-5A1C186863E4,25313,,,,,,
experimental_validation_focused,ATP-HTVS-5A2EB4E9D835,63779,,,,,,
experimental_validation_focused,ATP-HTVS-5A38D2E65B38,77890,,,,,,
experimental_validation_focused,ATP-HTVS-5A3D1DB8098B,55105,,,,,,
experimental_validation_focused,ATP-HTVS-5A74948D5858,90114,,,,,,
experimental_validation_focused,ATP-HTVS-5AAA6558FE6F,81315,,,,,,
experimental_validation_focused,ATP-HTVS-5AC0D5CB90EF,60835,,,,,,
experimental_validation_focused,ATP-HTVS-5B1B34F83C18,97985,,,,,,
experimental_validation_focused,ATP-HTVS-5B32A3AFA3A9,56418,,,,,,
experimental_validation_focused,ATP-HTVS-5B9C564ED935,40865,,,,,,
experimental_validation_focused,ATP-HTVS-5BC6D09DB3F1,87234,,,,,,
experimental_validation_focused,ATP-HTVS-5BCFBB048AA1,79809,,,,,,
experimental_validation_focused,ATP-HTVS-5BE3914F361A,91171,,,,,,
experimental_validation_focused,ATP-HTVS-5BF5224E50DC,52739,,,,,,
experimental_validation_focused,ATP-HTVS-5BFD90183104,77187,,,,,,
experimental_validation_focused,ATP-HTVS-5C08F16C0BFC,24993,,,,,,
experimental_validation_focused,ATP-HTVS-5C1A90E0608A,85537,,,,,,
experimental_validation_focused,ATP-HTVS-5C2621A0B526,36290,,,,,,
experimental_validation_focused,ATP-HTVS-5C29B6179A0F,95362,,,,,,
experimental_validation_focused,ATP-HTVS-5CE7EF7F1B66,84354,,,,,,
experimental_validation_focused,ATP-HTVS-5CEF79319D6B,72323,,,,,,
experimental_validation_focused,ATP-HTVS-5CF527C7FD25,87938,,,,,,
experimental_validation_focused,ATP-HTVS-5CFA0109773F,85506,,,,,,
experimental_validation_focused,ATP-HTVS-5D344E99E653,87266,,,,,,
experimental_validation_focused,ATP-HTVS-5D5940BED632,70627,,,,,,
experimental_validation_focused,ATP-HTVS-5D5A320A0101,84833,,,,,,
experimental_validation_focused,ATP-HTVS-5D7D5B0AFE50,31266,,,,,,
experimental_validation_focused,ATP-HTVS-5DA5A3EB6624,30594,,,,,,
experimental_validation_focused,ATP-HTVS-5DB20AD11BEB,83713,,,,,,
experimental_validation_focused,ATP-HTVS-5E187255B48D,81057,,,,,,
experimental_validation_focused,ATP-HTVS-5E1B9EFD9407,87298,,,,,,
experimental_validation_focused,ATP-HTVS-5E389E326DA0,50337,,,,,,
experimental_validation_focused,ATP-HTVS-5E561F95C670,44705,,,,,,
experimental_validation_focused,ATP-HTVS-5E6DF5CA027C,40866,,,,,,
experimental_validation_focused,ATP-HTVS-5EB936FA5BDD,88803,,,,,,
experimental_validation_focused,ATP-HTVS-5EF6359E179A,71329,,,,,,
experimental_validation_focused,ATP-HTVS-5F569EDABC80,82754,,,,,,
experimental_validation_focused,ATP-HTVS-5FA879ADA4FF,77314,,,,,,
experimental_validation_focused,ATP-HTVS-6012FFC9E47E,77729,,,,,,
experimental_validation_focused,ATP-HTVS-601F520459A4,94209,,,,,,
experimental_validation_focused,ATP-HTVS-602F8E6702A7,98337,,,,,,
experimental_validation_focused,ATP-HTVS-60B21D6CE655,20227,,,,,,
experimental_validation_focused,ATP-HTVS-60B70570E761,62883,,,,,,
experimental_validation_focused,ATP-HTVS-60C7695B6F0C,73410,,,,,,
experimental_validation_focused,ATP-HTVS-60D4F7FF4B6B,48865,,,,,,
experimental_validation_focused,ATP-HTVS-60F8B74A0D7C,66018,,,,,,
experimental_validation_focused,ATP-HTVS-6168063B3267,35105,,,,,,
experimental_validation_focused,ATP-HTVS-61A3D13E339F,4770,,,,,,
experimental_validation_focused,ATP-HTVS-62207831F6CB,69763,,,,,,
experimental_validation_focused,ATP-HTVS-6227313DC6E5,72418,,,,,,
experimental_validation_focused,ATP-HTVS-6286382C1C45,71299,,,,,,
experimental_validation_focused,ATP-HTVS-62D29CE4051A,17858,,,,,,
experimental_validation_focused,ATP-HTVS-631C0C315D5A,76739,,,,,,
experimental_validation_focused,ATP-HTVS-638532F00CCB,72737,,,,,,
experimental_validation_focused,ATP-HTVS-63A2B85F1850,85570,,,,,,
experimental_validation_focused,ATP-HTVS-63DD1309BB6A,79362,,,,,,
experimental_validation_focused,ATP-HTVS-63DFF8A88018,1537,,,,,,
experimental_validation_focused,ATP-HTVS-63E5F33A32FB,23458,,,,,,
experimental_validation_focused,ATP-HTVS-64561A556005,76449,,,,,,
experimental_validation_focused,ATP-HTVS-6480B695D089,74689,,,,,,
experimental_validation_focused,ATP-HTVS-64A2B9E187D2,31651,,,,,,
experimental_validation_focused,ATP-HTVS-64F4A1A461ED,76035,,,,,,
experimental_validation_focused,ATP-HTVS-651F2B2980F4,15906,,,,,,
experimental_validation_focused,ATP-HTVS-65263582E7F4,36450,,,,,,
experimental_validation_focused,ATP-HTVS-654FE4E3AAA7,28929,,,,,,
experimental_validation_focused,ATP-HTVS-655331016ABF,30146,,,,,,
experimental_validation_focused,ATP-HTVS-656A250247D8,81986,,,,,,
experimental_validation_focused,ATP-HTVS-657E323E2351,76481,,,,,,
experimental_validation_focused,ATP-HTVS-65B75474615F,40449,,,,,,
experimental_validation_focused,ATP-HTVS-65F1321BFD60,23330,,,,,,
experimental_validation_focused,ATP-HTVS-65F4836C7042,84577,,,,,,
experimental_validation_focused,ATP-HTVS-6612EA4E183C,54530,,,,,,
experimental_validation_focused,ATP-HTVS-665A86DAD15F,78754,,,,,,
experimental_validation_focused,ATP-HTVS-66618B00A972,44098,,,,,,
experimental_validation_focused,ATP-HTVS-667EB58ED22D,21090,,,,,,
experimental_validation_focused,ATP-HTVS-669A511FBD29,90914,,,,,,
experimental_validation_focused,ATP-HTVS-66A9CC424D71,24770,,,,,,
experimental_validation_focused,ATP-HTVS-66BD7620CABA,87457,,,,,,
experimental_validation_focused,ATP-HTVS-66EE35E24140,84065,,,,,,
experimental_validation_focused,ATP-HTVS-66FFB530802B,85635,,,,,,
experimental_validation_focused,ATP-HTVS-67024B617AFA,96930,,,,,,
experimental_validation_focused,ATP-HTVS-673A54B483CC,85827,,,,,,
experimental_validation_focused,ATP-HTVS-675C8FFFA49B,85475,,,,,,
experimental_validation_focused,ATP-HTVS-675D7E7E37EF,84769,,,,,,
experimental_validation_focused,ATP-HTVS-676B1F951E41,75489,,,,,,
experimental_validation_focused,ATP-HTVS-6778D00A26F1,88097,,,,,,
experimental_validation_focused,ATP-HTVS-677D6479829E,40802,,,,,,
experimental_validation_focused,ATP-HTVS-67830652660F,76674,,,,,,
experimental_validation_focused,ATP-HTVS-67B30DFDD52C,28355,,,,,,
experimental_validation_focused,ATP-HTVS-67E3C63FBC34,48897,,,,,,
experimental_validation_focused,ATP-HTVS-67F14CF2E487,89249,,,,,,
experimental_validation_focused,ATP-HTVS-6804FBE9529D,53249,,,,,,
experimental_validation_focused,ATP-HTVS-681E21A5C336,90402,,,,,,
experimental_validation_focused,ATP-HTVS-684B476D1E6A,72322,,,,,,
experimental_validation_focused,ATP-HTVS-68829DCC26F9,24002,,,,,,
experimental_validation_focused,ATP-HTVS-68B1DBF07479,3426,,,,,,
experimental_validation_focused,ATP-HTVS-69239F8CDE40,84739,,,,,,
experimental_validation_focused,ATP-HTVS-694143BD68F7,98210,,,,,,
experimental_validation_focused,ATP-HTVS-697A85B30C1D,5217,,,,,,
experimental_validation_focused,ATP-HTVS-69A2FC5C8ACC,16515,,,,,,
experimental_validation_focused,ATP-HTVS-69AD6B8D3733,52643,,,,,,
experimental_validation_focused,ATP-HTVS-69DE697C6F69,70082,,,,,,
experimental_validation_focused,ATP-HTVS-6A46373CBB09,79298,,,,,,
experimental_validation_focused,ATP-HTVS-6A615EE15C98,5634,,,,,,
experimental_validation_focused,ATP-HTVS-6A632AA0CEB9,45283,,,,,,
experimental_validation_focused,ATP-HTVS-6A75058F52BE,28289,,,,,,
experimental_validation_focused,ATP-HTVS-6A7606C4C92F,92290,,,,,,
experimental_validation_focused,ATP-HTVS-6A9F3E67E2B3,32321,,,,,,
experimental_validation_focused,ATP-HTVS-6AEF3DDEB613,24577,,,,,,
experimental_validation_focused,ATP-HTVS-6B0687E57A6A,39265,,,,,,
experimental_validation_focused,ATP-HTVS-6B1624881868,95842,,,,,,
experimental_validation_focused,ATP-HTVS-6B545AE439E8,71073,,,,,,
experimental_validation_focused,ATP-HTVS-6B6B8E0C727E,97122,,,,,,
experimental_validation_focused,ATP-HTVS-6B709F2DA304,63171,,,,,,
experimental_validation_focused,ATP-HTVS-6BE395388015,5218,,,,,,
experimental_validation_focused,ATP-HTVS-6BFC96102A75,91009,,,,,,
experimental_validation_focused,ATP-HTVS-6C10A5B04019,55619,,,,,,
experimental_validation_focused,ATP-HTVS-6C50DB0A272F,98305,,,,,,
experimental_validation_focused,ATP-HTVS-6C7D9744EE21,70402,,,,,,
experimental_validation_focused,ATP-HTVS-6C953A1E72F9,84770,,,,,,
experimental_validation_focused,ATP-HTVS-6C98FCD8FCFE,96322,,,,,,
experimental_validation_focused,ATP-HTVS-6CCE19BA0E53,41123,,,,,,
experimental_validation_focused,ATP-HTVS-6D0E62C9397C,87907,,,,,,
experimental_validation_focused,ATP-HTVS-6D22B46DE244,25601,,,,,,
experimental_validation_focused,ATP-HTVS-6D2ED4476584,96450,,,,,,
experimental_validation_focused,ATP-HTVS-6D4BCDFA1C91,75521,,,,,,
experimental_validation_focused,ATP-HTVS-6D7E0E0D5192,75362,,,,,,
experimental_validation_focused,ATP-HTVS-6E0FE1B5DEAA,65857,,,,,,
experimental_validation_focused,ATP-HTVS-6E162A247368,73633,,,,,,
experimental_validation_focused,ATP-HTVS-6E22C1143CC0,63683,,,,,,
experimental_validation_focused,ATP-HTVS-6E53E23A0DE7,86883,,,,,,
experimental_validation_focused,ATP-HTVS-6E858FDBC7BE,81090,,,,,,
experimental_validation_focused,ATP-HTVS-6E87A6CCCD27,96001,,,,,,
experimental_validation_focused,ATP-HTVS-6EB205788321,70434,,,,,,
experimental_validation_focused,ATP-HTVS-6EF9F712D3BB,38274,,,,,,
experimental_validation_focused,ATP-HTVS-6F05C87B1F67,70785,,,,,,
experimental_validation_focused,ATP-HTVS-6F07AE7177E0,48289,,,,,,
experimental_validation_focused,ATP-HTVS-6F1494FEFC60,84675,,,,,,
experimental_validation_focused,ATP-HTVS-6F734E803CC4,90177,,,,,,
experimental_validation_focused,ATP-HTVS-6F858A0E8812,50979,,,,,,
experimental_validation_focused,ATP-HTVS-6FE04A77CC41,71777,,,,,,
experimental_validation_focused,ATP-HTVS-702B49CD2E82,75043,,,,,,
experimental_validation_focused,ATP-HTVS-7075BC6FC110,40003,,,,,,
experimental_validation_focused,ATP-HTVS-708569B81B35,91521,,,,,,
experimental_validation_focused,ATP-HTVS-70C7181F988B,22946,,,,,,
experimental_validation_focused,ATP-HTVS-70E37A6C21BA,87747,,,,,,
experimental_validation_focused,ATP-HTVS-7191B1059E2A,91041,,,,,,
experimental_validation_focused,ATP-HTVS-71BAC3B18036,84419,,,,,,
experimental_validation_focused,ATP-HTVS-71BF5DD28E53,57729,,,,,,
experimental_validation_focused,ATP-HTVS-71D6C35FE659,77570,,,,,,
experimental_validation_focused,ATP-HTVS-7201DD4C282A,6657,,,,,,
experimental_validation_focused,ATP-HTVS-72573E055255,65475,,,,,,
experimental_validation_focused,ATP-HTVS-72B2F4D4EA61,85379,,,,,,
experimental_validation_focused,ATP-HTVS-72BD9FFCF62D,59458,,,,,,
experimental_validation_focused,ATP-HTVS-72D66A1ED57F,85633,,,,,,
experimental_validation_focused,ATP-HTVS-72E6B3102DA2,29953,,,,,,
experimental_validation_focused,ATP-HTVS-7317133B38FB,3522,,,,,,
experimental_validation_focused,ATP-HTVS-73425E104865,17794,,,,,,
experimental_validation_focused,ATP-HTVS-736CCC940701,87841,,,,,,
experimental_validation_focused,ATP-HTVS-738A9E09AC53,76002,,,,,,
experimental_validation_focused,ATP-HTVS-7398D4493E72,77633,,,,,,
experimental_validation_focused,ATP-HTVS-73D804AB38E4,60195,,,,,,
experimental_validation_focused,ATP-HTVS-7418424385E1,74179,,,,,,
experimental_validation_focused,ATP-HTVS-74641C70E223,90850,,,,,,
experimental_validation_focused,ATP-HTVS-74C5B06FA80B,35331,,,,,,
experimental_validation_focused,ATP-HTVS-74E2CC654FC3,78466,,,,,,
experimental_validation_focused,ATP-HTVS-750E4CFCB0FA,69826,,,,,,
experimental_validation_focused,ATP-HTVS-7598FFEE7603,72739,,,,,,
experimental_validation_focused,ATP-HTVS-75A4DAB7424E,78401,,,,,,
experimental_validation_focused,ATP-HTVS-75AC094BF9E0,89827,,,,,,
experimental_validation_focused,ATP-HTVS-75B300C751D2,33282,,,,,,
experimental_validation_focused,ATP-HTVS-75F52EFCCD23,94273,,,,,,
experimental_validation_focused,ATP-HTVS-76416D54A342,23331,,,,,,
experimental_validation_focused,ATP-HTVS-767E37D8A78C,74498,,,,,,
experimental_validation_focused,ATP-HTVS-7694DCD97798,36195,,,,,,
experimental_validation_focused,ATP-HTVS-76CE1997AF40,20163,,,,,,
experimental_validation_focused,ATP-HTVS-76EB0BEAC1B9,37825,,,,,,
experimental_validation_focused,ATP-HTVS-772EF906400E,20706,,,,,,
experimental_validation_focused,ATP-HTVS-773D20A649CC,79681,,,,,,
experimental_validation_focused,ATP-HTVS-7743C5ABCFDD,93987,,,,,,
experimental_validation_focused,ATP-HTVS-7752C713B971,90178,,,,,,
experimental_validation_focused,ATP-HTVS-776FBC5F0312,98786,,,,,,
experimental_validation_focused,ATP-HTVS-77ED8C900CC0,79747,,,,,,
experimental_validation_focused,ATP-HTVS-77F3EA8C01D2,80162,,,,,,
experimental_validation_focused,ATP-HTVS-780990BE0E68,83747,,,,,,
experimental_validation_focused,ATP-HTVS-7820955A714C,43682,,,,,,
experimental_validation_focused,ATP-HTVS-78252FECAF69,68547,,,,,,
experimental_validation_focused,ATP-HTVS-792F02E01A4E,94081,,,,,,
experimental_validation_focused,ATP-HTVS-794646D3B9C8,91617,,,,,,
experimental_validation_focused,ATP-HTVS-795FA74A51DE,66529,,,,,,
experimental_validation_focused,ATP-HTVS-79A32C942736,68642,,,,,,
experimental_validation_focused,ATP-HTVS-79BEB139CB8F,55745,,,,,,
experimental_validation_focused,ATP-HTVS-79C7807006E2,74402,,,,,,
experimental_validation_focused,ATP-HTVS-79E4EBD82D6A,63777,,,,,,
experimental_validation_focused,ATP-HTVS-79EE8ED1543F,88993,,,,,,
experimental_validation_focused,ATP-HTVS-7A394D6CE484,99713,,,,,,
experimental_validation_focused,ATP-HTVS-7A7B7DA644AB,49827,,,,,,
experimental_validation_focused,ATP-HTVS-7A7BCDC0632F,1539,,,,,,
experimental_validation_focused,ATP-HTVS-7AB1442FC022,28993,,,,,,
experimental_validation_focused,ATP-HTVS-7ABEAEA32F74,93505,,,,,,
experimental_validation_focused,ATP-HTVS-7ACA80837BCE,95906,,,,,,
experimental_validation_focused,ATP-HTVS-7AEE8A51E1B1,46561,,,,,,
experimental_validation_focused,ATP-HTVS-7AFD271A302C,56897,,,,,,
experimental_validation_focused,ATP-HTVS-7B1416FC1373,96097,,,,,,
experimental_validation_focused,ATP-HTVS-7B85D20A61B3,83969,,,,,,
experimental_validation_focused,ATP-HTVS-7B98CE40EDFD,70307,,,,,,
experimental_validation_focused,ATP-HTVS-7BBDEC1762B0,28193,,,,,,
experimental_validation_focused,ATP-HTVS-7BEC4E93BD87,81249,,,,,,
experimental_validation_focused,ATP-HTVS-7BF7B7486D45,67138,,,,,,
experimental_validation_focused,ATP-HTVS-7C2B62D08873,63427,,,,,,
experimental_validation_focused,ATP-HTVS-7C2D6468D489,82402,,,,,,
experimental_validation_focused,ATP-HTVS-7C58C2B4F3B5,20035,,,,,,
experimental_validation_focused,ATP-HTVS-7C6049B0D6CE,73154,,,,,,
experimental_validation_focused,ATP-HTVS-7C6F09AC1D4C,90306,,,,,,
experimental_validation_focused,ATP-HTVS-7CA2ECE32076,86177,,,,,,
experimental_validation_focused,ATP-HTVS-7CD79F872AFC,67937,,,,,,
experimental_validation_focused,ATP-HTVS-7CF383CE087B,75810,,,,,,
experimental_validation_focused,ATP-HTVS-7D198ACE4CB8,50529,,,,,,
experimental_validation_focused,ATP-HTVS-7D1C8522A3FA,27619,,,,,,
experimental_validation_focused,ATP-HTVS-7D663BEE19BA,79617,,,,,,
experimental_validation_focused,ATP-HTVS-7DAC8816801F,84385,,,,,,
experimental_validation_focused,ATP-HTVS-7DBCC72663B9,59649,,,,,,
experimental_validation_focused,ATP-HTVS-7DD2E8BA0428,80835,,,,,,
experimental_validation_focused,ATP-HTVS-7DE0A46CB904,32482,,,,,,
experimental_validation_focused,ATP-HTVS-7DE5D821A3A4,82179,,,,,,
experimental_validation_focused,ATP-HTVS-7EF53BD61533,95426,,,,,,
experimental_validation_focused,ATP-HTVS-7EF96EA99BCF,95361,,,,,,
experimental_validation_focused,ATP-HTVS-7F35209A363C,80099,,,,,,
experimental_validation_focused,ATP-HTVS-7F4769B54268,71043,,,,,,
experimental_validation_focused,ATP-HTVS-7F76552361A7,92449,,,,,,
experimental_validation_focused,ATP-HTVS-7F7812FC41A5,72321,,,,,,
experimental_validation_focused,ATP-HTVS-7F83928F0467,70722,,,,,,
experimental_validation_focused,ATP-HTVS-800B0B068CC6,45569,,,,,,
experimental_validation_focused,ATP-HTVS-8033922A69C0,25505,,,,,,
experimental_validation_focused,ATP-HTVS-8095E17D3127,20707,,,,,,
experimental_validation_focused,ATP-HTVS-80A1BADD16E7,72066,,,,,,
experimental_validation_focused,ATP-HTVS-818D9CFDFCEA,71330,,,,,,
experimental_validation_focused,ATP-HTVS-81A5FD53922A,40450,,,,,,
experimental_validation_focused,ATP-HTVS-81EE647F8CA6,20322,,,,,,
experimental_validation_focused,ATP-HTVS-81F0F4B0A07A,32545,,,,,,
experimental_validation_focused,ATP-HTVS-821B647876F5,39105,,,,,,
experimental_validation_focused,ATP-HTVS-822192B7646A,57442,,,,,,
experimental_validation_focused,ATP-HTVS-824DD36F4E64,69665,,,,,,
experimental_validation_focused,ATP-HTVS-8313972BDCAD,69219,,,,,,
experimental_validation_focused,ATP-HTVS-83530B88E656,71585,,,,,,
experimental_validation_focused,ATP-HTVS-8365FF7884A6,64321,,,,,,
experimental_validation_focused,ATP-HTVS-83768D529230,81825,,,,,,
experimental_validation_focused,ATP-HTVS-837D7A211A0E,67522,,,,,,
experimental_validation_focused,ATP-HTVS-83F3A5AEE880,84835,,,,,,
experimental_validation_focused,ATP-HTVS-83F819F668B2,38177,,,,,,
experimental_validation_focused,ATP-HTVS-83F93451062F,20931,,,,,,
experimental_validation_focused,ATP-HTVS-8409CD5E0FE2,36418,,,,,,
experimental_validation_focused,ATP-HTVS-842E20B26D61,12419,,,,,,
experimental_validation_focused,ATP-HTVS-84AF7025C22A,80514,,,,,,
experimental_validation_focused,ATP-HTVS-84B0A2EEAAE5,32771,,,,,,
experimental_validation_focused,ATP-HTVS-84B7FD2F846A,21121,,,,,,
experimental_validation_focused,ATP-HTVS-84C0F320BB18,20865,,,,,,
experimental_validation_focused,ATP-HTVS-8521C9576B2F,26626,,,,,,
experimental_validation_focused,ATP-HTVS-85577F90127E,51907,,,,,,
experimental_validation_focused,ATP-HTVS-8567A07E89C1,63170,,,,,,
experimental_validation_focused,ATP-HTVS-85B092CE3CD6,31969,,,,,,
experimental_validation_focused,ATP-HTVS-85D8FA1817A9,28450,,,,,,
experimental_validation_focused,ATP-HTVS-85E208BF5C05,38787,,,,,,
experimental_validation_focused,ATP-HTVS-8667D2FB5617,48353,,,,,,
experimental_validation_focused,ATP-HTVS-866AD4D93294,90531,,,,,,
experimental_validation_focused,ATP-HTVS-86939B89774E,41027,,,,,,
experimental_validation_focused,ATP-HTVS-869F8AF38162,90401,,,,,,
experimental_validation_focused,ATP-HTVS-86B60B8C3F13,91042,,,,,,
experimental_validation_focused,ATP-HTVS-86C3058B81C7,98306,,,,,,
experimental_validation_focused,ATP-HTVS-86DDC209E59E,63042,,,,,,
experimental_validation_focused,ATP-HTVS-87B93A696720,77730,,,,,,
experimental_validation_focused,ATP-HTVS-87F6BDFAEB44,451,,,,,,
experimental_validation_focused,ATP-HTVS-8843DC2573F9,5091,,,,,,
experimental_validation_focused,ATP-HTVS-88509AB3E069,48258,,,,,,
experimental_validation_focused,ATP-HTVS-8884805DC746,43842,,,,,,
experimental_validation_focused,ATP-HTVS-8892C512F7BC,71491,,,,,,
experimental_validation_focused,ATP-HTVS-88F2ADA8327D,84033,,,,,,
experimental_validation_focused,ATP-HTVS-891CD438FA2D,65635,,,,,,
experimental_validation_focused,ATP-HTVS-892E5C6BD7E4,94849,,,,,,
experimental_validation_focused,ATP-HTVS-89495CC893EC,89889,,,,,,
experimental_validation_focused,ATP-HTVS-894F1E46B14F,48034,,,,,,
experimental_validation_focused,ATP-HTVS-896D1EC960E1,28451,,,,,,
experimental_validation_focused,ATP-HTVS-898AE5CA69D9,41922,,,,,,
experimental_validation_focused,ATP-HTVS-89936433B7DC,96034,,,,,,
experimental_validation_focused,ATP-HTVS-89F3E6A1D8C1,75298,,,,,,
experimental_validation_focused,ATP-HTVS-8A7A96DBFC1E,81218,,,,,,
experimental_validation_focused,ATP-HTVS-8A89FEC9078D,30274,,,,,,
experimental_validation_focused,ATP-HTVS-8B2F0F11D1D9,80515,,,,,,
experimental_validation_focused,ATP-HTVS-8B5B7778DF28,95554,,,,,,
experimental_validation_focused,ATP-HTVS-8BC83C5D0DE9,33889,,,,,,
experimental_validation_focused,ATP-HTVS-8BE0537C7CD3,54531,,,,,,
experimental_validation_focused,ATP-HTVS-8BF32585E280,72579,,,,,,
experimental_validation_focused,ATP-HTVS-8BFFC6150277,53633,,,,,,
experimental_validation_focused,ATP-HTVS-8C1C7F16DF05,82530,,,,,,
experimental_validation_focused,ATP-HTVS-8C32683EF27B,27521,,,,,,
experimental_validation_focused,ATP-HTVS-8CA7F3DFAEDE,5090,,,,,,
experimental_validation_focused,ATP-HTVS-8D220C5D1AB9,73921,,,,,,
experimental_validation_focused,ATP-HTVS-8D32545BC421,99618,,,,,,
experimental_validation_focused,ATP-HTVS-8D4A93BCC2C7,20193,,,,,,
experimental_validation_focused,ATP-HTVS-8D6261309289,77506,,,,,,
experimental_validation_focused,ATP-HTVS-8DFE2090913E,89730,,,,,,
experimental_validation_focused,ATP-HTVS-8E104651B898,59169,,,,,,
experimental_validation_focused,ATP-HTVS-8E17E50AE6CE,18721,,,,,,
experimental_validation_focused,ATP-HTVS-8E1A44B1E9FD,75361,,,,,,
experimental_validation_focused,ATP-HTVS-8E25FC822191,86497,,,,,,
experimental_validation_focused,ATP-HTVS-8E36F3F2ACA8,64322,,,,,,
experimental_validation_focused,ATP-HTVS-8E3D409F2843,55746,,,,,,
experimental_validation_focused,ATP-HTVS-8E434DB2B88E,94115,,,,,,
experimental_validation_focused,ATP-HTVS-8E5D0C8C0586,48226,,,,,,
experimental_validation_focused,ATP-HTVS-8E6E87523B7B,64451,,,,,,
experimental_validation_focused,ATP-HTVS-8E7556763F42,90403,,,,,,
experimental_validation_focused,ATP-HTVS-8EB0CBA3C42A,28354,,,,,,
experimental_validation_focused,ATP-HTVS-8EBB5954A050,85187,,,,,,
experimental_validation_focused,ATP-HTVS-8ECA82FC9C79,20066,,,,,,
experimental_validation_focused,ATP-HTVS-8EDB8C766CED,78306,,,,,,
experimental_validation_focused,ATP-HTVS-8EE5F01B86B2,66145,,,,,,
experimental_validation_focused,ATP-HTVS-8F383301D999,83458,,,,,,
experimental_validation_focused,ATP-HTVS-8F7863C4F42C,32898,,,,,,
experimental_validation_focused,ATP-HTVS-8F8686BB907F,97314,,,,,,
experimental_validation_focused,ATP-HTVS-8FAB3387FC95,74083,,,,,,
experimental_validation_focused,ATP-HTVS-8FAC22D1DEE3,83011,,,,,,
experimental_validation_focused,ATP-HTVS-8FAD4DDE14EC,4418,,,,,,
experimental_validation_focused,ATP-HTVS-8FCE9ABFEDC9,96578,,,,,,
experimental_validation_focused,ATP-HTVS-8FFDF10521D1,34625,,,,,,
experimental_validation_focused,ATP-HTVS-903509DD9171,38371,,,,,,
experimental_validation_focused,ATP-HTVS-906C5B8F4575,46978,,,,,,
experimental_validation_focused,ATP-HTVS-9071C340676C,91907,,,,,,
experimental_validation_focused,ATP-HTVS-90D8E935D6BA,70531,,,,,,
experimental_validation_focused,ATP-HTVS-90E2293F5662,27587,,,,,,
experimental_validation_focused,ATP-HTVS-90F616328265,99169,,,,,,
experimental_validation_focused,ATP-HTVS-9118BAC0F3E5,49857,,,,,,
experimental_validation_focused,ATP-HTVS-9126C22B6E5D,23649,,,,,,
experimental_validation_focused,ATP-HTVS-91559CC1A0CF,77345,,,,,,
experimental_validation_focused,ATP-HTVS-915EA674EB52,76033,,,,,,
experimental_validation_focused,ATP-HTVS-917D65E68C1C,37603,,,,,,
experimental_validation_focused,ATP-HTVS-917EA3B617CA,53634,,,,,,
experimental_validation_focused,ATP-HTVS-91FB2566E9C6,66147,,,,,,
experimental_validation_focused,ATP-HTVS-91FE8B97AF5D,74274,,,,,,
experimental_validation_focused,ATP-HTVS-925A357E73C9,83553,,,,,,
experimental_validation_focused,ATP-HTVS-9261E8E7C16B,37826,,,,,,
experimental_validation_focused,ATP-HTVS-9279E9D3CA8E,26337,,,,,,
experimental_validation_focused,ATP-HTVS-928F3709654C,80577,,,,,,
experimental_validation_focused,ATP-HTVS-92BA88CED8DA,20033,,,,,,
experimental_validation_focused,ATP-HTVS-92C487CB2C4B,64961,,,,,,
experimental_validation_focused,ATP-HTVS-92D1D8A066E2,26498,,,,,,
experimental_validation_focused,ATP-HTVS-92F0D0267220,45570,,,,,,
experimental_validation_focused,ATP-HTVS-9352BEE24C86,93634,,,,,,
experimental_validation_focused,ATP-HTVS-9360F17A3EC6,75329,,,,,,
experimental_validation_focused,ATP-HTVS-9393AACC3570,45122,,,,,,
experimental_validation_focused,ATP-HTVS-93C7314F95B0,68035,,,,,,
experimental_validation_focused,ATP-HTVS-93CB38BE3680,47971,,,,,,
experimental_validation_focused,ATP-HTVS-93E6D0793690,63681,,,,,,
experimental_validation_focused,ATP-HTVS-94036CD3F111,91106,,,,,,
experimental_validation_focused,ATP-HTVS-94448DA501C0,79074,,,,,,
experimental_validation_focused,ATP-HTVS-9480C2297FB5,70563,,,,,,
experimental_validation_focused,ATP-HTVS-94941B52F5EC,56161,,,,,,
experimental_validation_focused,ATP-HTVS-94D8827D88B0,51299,,,,,,
experimental_validation_focused,ATP-HTVS-94FDA1BF8648,94914,,,,,,
experimental_validation_focused,ATP-HTVS-9505CBC4E7EE,64641,,,,,,
experimental_validation_focused,ATP-HTVS-952C6901247D,71138,,,,,,
experimental_validation_focused,ATP-HTVS-9548848ABB82,37537,,,,,,
experimental_validation_focused,ATP-HTVS-954980F32CB7,55906,,,,,,
experimental_validation_focused,ATP-HTVS-95B9B67075F0,77443,,,,,,
experimental_validation_focused,ATP-HTVS-95C9BC6D1CE7,79202,,,,,,
experimental_validation_focused,ATP-HTVS-95D1FAD4F080,71875,,,,,,
experimental_validation_focused,ATP-HTVS-95D98DD03D76,71298,,,,,,
experimental_validation_focused,ATP-HTVS-95EE858F8EEC,89953,,,,,,
experimental_validation_focused,ATP-HTVS-96035055C171,32801,,,,,,
experimental_validation_focused,ATP-HTVS-9640828E0D0B,57411,,,,,,
experimental_validation_focused,ATP-HTVS-96C7A2856398,57953,,,,,,
experimental_validation_focused,ATP-HTVS-9702CFD2E9A2,81985,,,,,,
experimental_validation_focused,ATP-HTVS-970FBD5470AF,37921,,,,,,
experimental_validation_focused,ATP-HTVS-970FD2D7162F,57698,,,,,,
experimental_validation_focused,ATP-HTVS-971CA853FA9A,47075,,,,,,
experimental_validation_focused,ATP-HTVS-976CFBCF515D,13249,,,,,,
experimental_validation_focused,ATP-HTVS-9774402850E8,78433,,,,,,
experimental_validation_focused,ATP-HTVS-980C1FC6FC1E,30689,,,,,,
experimental_validation_focused,ATP-HTVS-985FC5CCBDCC,91523,,,,,,
experimental_validation_focused,ATP-HTVS-986AE7271DA8,70049,,,,,,
experimental_validation_focused,ATP-HTVS-9898F3268698,61313,,,,,,
experimental_validation_focused,ATP-HTVS-98A0502BF743,60257,,,,,,
experimental_validation_focused,ATP-HTVS-98C6C787C9CA,97922,,,,,,
experimental_validation_focused,ATP-HTVS-98E751432A52,90242,,,,,,
experimental_validation_focused,ATP-HTVS-98EFE7D538B2,77379,,,,,,
experimental_validation_focused,ATP-HTVS-99217F2350A2,27618,,,,,,
experimental_validation_focused,ATP-HTVS-99483DBEAA78,20963,,,,,,
experimental_validation_focused,ATP-HTVS-9967BD998929,72578,,,,,,
experimental_validation_focused,ATP-HTVS-99B36318F637,6081,,,,,,
experimental_validation_focused,ATP-HTVS-99E4671812AC,87393,,,,,,
experimental_validation_focused,ATP-HTVS-9A332D1A0286,27617,,,,,,
experimental_validation_focused,ATP-HTVS-9A3A5E055FE2,67235,,,,,,
experimental_validation_focused,ATP-HTVS-9A75570B0E27,83009,,,,,,
experimental_validation_focused,ATP-HTVS-9A76BB66DB1D,70498,,,,,,
experimental_validation_focused,ATP-HTVS-9A86ECE1052E,19937,,,,,,
experimental_validation_focused,ATP-HTVS-9AD82B0B5D2D,80610,,,,,,
experimental_validation_focused,ATP-HTVS-9AEFC257B6AB,94850,,,,,,
experimental_validation_focused,ATP-HTVS-9AF19AD81321,95841,,,,,,
experimental_validation_focused,ATP-HTVS-9B930A3F277B,46658,,,,,,
experimental_validation_focused,ATP-HTVS-9BFBB44B9744,92161,,,,,,
experimental_validation_focused,ATP-HTVS-9C0CB662701B,22849,,,,,,
experimental_validation_focused,ATP-HTVS-9C2287A2D630,61441,,,,,,
experimental_validation_focused,ATP-HTVS-9C588CAB6516,96290,,,,,,
experimental_validation_focused,ATP-HTVS-9C7CAB1133CD,78305,,,,,,
experimental_validation_focused,ATP-HTVS-9C9650448F2C,83841,,,,,,
experimental_validation_focused,ATP-HTVS-9CB3B225923C,39555,,,,,,
experimental_validation_focused,ATP-HTVS-9CE7151F0CF5,20835,,,,,,
experimental_validation_focused,ATP-HTVS-9D3CA67459E0,67746,,,,,,
experimental_validation_focused,ATP-HTVS-9D856A339FA1,23650,,,,,,
experimental_validation_focused,ATP-HTVS-9D863030CFC5,78209,,,,,,
experimental_validation_focused,ATP-HTVS-9DA78F477298,97857,,,,,,
experimental_validation_focused,ATP-HTVS-9DADF577E8AC,41122,,,,,,
experimental_validation_focused,ATP-HTVS-9DBDBA397665,91489,,,,,,
experimental_validation_focused,ATP-HTVS-9DFA3785F0DB,83778,,,,,,
experimental_validation_focused,ATP-HTVS-9E45A7CB1B23,24003,,,,,,
experimental_validation_focused,ATP-HTVS-9E60DE94BDF0,48290,,,,,,
experimental_validation_focused,ATP-HTVS-9F0B8180A605,37283,,,,,,
experimental_validation_focused,ATP-HTVS-9F37D3A44946,93826,,,,,,
experimental_validation_focused,ATP-HTVS-9F5103B68EB9,61826,,,,,,
experimental_validation_focused,ATP-HTVS-9F7EB006111C,2945,,,,,,
experimental_validation_focused,ATP-HTVS-9F81472CEEC6,90627,,,,,,
experimental_validation_focused,ATP-HTVS-9F81613398D9,73347,,,,,,
experimental_validation_focused,ATP-HTVS-9F8F78EE592C,70659,,,,,,
experimental_validation_focused,ATP-HTVS-9F9A426F6493,36611,,,,,,
experimental_validation_focused,ATP-HTVS-A05CBA531631,30147,,,,,,
experimental_validation_focused,ATP-HTVS-A0BE83379585,57251,,,,,,
experimental_validation_focused,ATP-HTVS-A0DD4911ADFC,80834,,,,,,
experimental_validation_focused,ATP-HTVS-A10345D75118,25475,,,,,,
experimental_validation_focused,ATP-HTVS-A11F200701F2,51714,,,,,,
experimental_validation_focused,ATP-HTVS-A12862845571,36162,,,,,,
experimental_validation_focused,ATP-HTVS-A1381500D8FF,28897,,,,,,
experimental_validation_focused,ATP-HTVS-A1F737581FBF,84547,,,,,,
experimental_validation_focused,ATP-HTVS-A20FC30C18FA,37827,,,,,,
experimental_validation_focused,ATP-HTVS-A257C47BE0F3,3587,,,,,,
experimental_validation_focused,ATP-HTVS-A25C4EA68E32,90658,,,,,,
experimental_validation_focused,ATP-HTVS-A27D1CDFC59C,12003,,,,,,
experimental_validation_focused,ATP-HTVS-A286808FA942,81442,,,,,,
experimental_validation_focused,ATP-HTVS-A28F95EF9540,45281,,,,,,
experimental_validation_focused,ATP-HTVS-A2CFD20ABAD2,83203,,,,,,
experimental_validation_focused,ATP-HTVS-A2EC0CC51325,66753,,,,,,
experimental_validation_focused,ATP-HTVS-A2ECE24B89CB,24515,,,,,,
experimental_validation_focused,ATP-HTVS-A2FDB4A8FB56,72417,,,,,,
experimental_validation_focused,ATP-HTVS-A305C0BD9D10,76386,,,,,,
experimental_validation_focused,ATP-HTVS-A343C43AF9EC,23169,,,,,,
experimental_validation_focused,ATP-HTVS-A345DB3E7236,69795,,,,,,
experimental_validation_focused,ATP-HTVS-A361D156A19C,49762,,,,,,
experimental_validation_focused,ATP-HTVS-A38ED211E8B3,94083,,,,,,
experimental_validation_focused,ATP-HTVS-A3A98DB30213,66146,,,,,,
experimental_validation_focused,ATP-HTVS-A3FFA90B66AA,58403,,,,,,
experimental_validation_focused,ATP-HTVS-A44EAAD38847,47618,,,,,,
experimental_validation_focused,ATP-HTVS-A459F36766D8,51650,,,,,,
experimental_validation_focused,ATP-HTVS-A4810EBC0F15,61601,,,,,,
experimental_validation_focused,ATP-HTVS-A4BDF0A6C58A,61058,,,,,,
experimental_validation_focused,ATP-HTVS-A4F2667C3349,72738,,,,,,
experimental_validation_focused,ATP-HTVS-A521B3182CFE,21155,,,,,,
experimental_validation_focused,ATP-HTVS-A5353E166184,71683,,,,,,
experimental_validation_focused,ATP-HTVS-A53B334F5824,50977,,,,,,
experimental_validation_focused,ATP-HTVS-A5A2B8D72F00,38882,,,,,,
experimental_validation_focused,ATP-HTVS-A5C0EA33BE09,60675,,,,,,
experimental_validation_focused,ATP-HTVS-A6599D500180,29250,,,,,,
experimental_validation_focused,ATP-HTVS-A67C5EBB60CA,75841,,,,,,
experimental_validation_focused,ATP-HTVS-A67DD6FB98A9,70562,,,,,,
experimental_validation_focused,ATP-HTVS-A6800539A705,75618,,,,,,
experimental_validation_focused,ATP-HTVS-A693217A85AE,38275,,,,,,
experimental_validation_focused,ATP-HTVS-A6940AB4AD1D,24387,,,,,,
experimental_validation_focused,ATP-HTVS-A6CB9DE84F6F,84034,,,,,,
experimental_validation_focused,ATP-HTVS-A6D74CA540BA,89537,,,,,,
experimental_validation_focused,ATP-HTVS-A7093622CBF0,20771,,,,,,
experimental_validation_focused,ATP-HTVS-A719F0D3C4DA,74594,,,,,,
experimental_validation_focused,ATP-HTVS-A7693842EDE7,83074,,,,,,
experimental_validation_focused,ATP-HTVS-A7BD7D96AE57,4451,,,,,,
experimental_validation_focused,ATP-HTVS-A7EE593102BF,33505,,,,,,
experimental_validation_focused,ATP-HTVS-A8111C46748E,73794,,,,,,
experimental_validation_focused,ATP-HTVS-A820F1D60548,63138,,,,,,
experimental_validation_focused,ATP-HTVS-A844998385F9,77505,,,,,,
experimental_validation_focused,ATP-HTVS-A845026C7E40,91522,,,,,,
experimental_validation_focused,ATP-HTVS-A8555051B7A8,26369,,,,,,
experimental_validation_focused,ATP-HTVS-A86A798575A4,98241,,,,,,
experimental_validation_focused,ATP-HTVS-A89DA5D53108,97121,,,,,,
experimental_validation_focused,ATP-HTVS-A8B79B8D9CE4,98466,,,,,,
experimental_validation_focused,ATP-HTVS-A8F9662136B7,83170,,,,,,
experimental_validation_focused,ATP-HTVS-A8FD4BE75532,89409,,,,,,
experimental_validation_focused,ATP-HTVS-A9326BC55FC3,99138,,,,,,
experimental_validation_focused,ATP-HTVS-A949B56C75C5,93891,,,,,,
experimental_validation_focused,ATP-HTVS-A9572D0B6B20,80417,,,,,,
experimental_validation_focused,ATP-HTVS-A95E57B9EC2C,50113,,,,,,
experimental_validation_focused,ATP-HTVS-A9E2ECE51DBC,47937,,,,,,
experimental_validation_focused,ATP-HTVS-AAAC0953A4ED,31555,,,,,,
experimental_validation_focused,ATP-HTVS-AACA343AA4DE,52321,,,,,,
experimental_validation_focused,ATP-HTVS-AAD4045BFE18,82595,,,,,,
experimental_validation_focused,ATP-HTVS-AAEC409DC9E3,32515,,,,,,
experimental_validation_focused,ATP-HTVS-AB4BD250F7B6,81346,,,,,,
experimental_validation_focused,ATP-HTVS-AB5753B8B47E,40737,,,,,,
experimental_validation_focused,ATP-HTVS-AB5D2E649063,94019,,,,,,
experimental_validation_focused,ATP-HTVS-AB6A0F8FBF12,18977,,,,,,
experimental_validation_focused,ATP-HTVS-ABB27A5BB422,32386,,,,,,
experimental_validation_focused,ATP-HTVS-AC48CD61B4D9,74881,,,,,,
experimental_validation_focused,ATP-HTVS-AC6C82062264,64258,,,,,,
experimental_validation_focused,ATP-HTVS-AC71774ACC4B,91074,,,,,,
experimental_validation_focused,ATP-HTVS-ACBE41267A18,4290,,,,,,
experimental_validation_focused,ATP-HTVS-AD26772F5837,35617,,,,,,
experimental_validation_focused,ATP-HTVS-AD556EC8B5E3,32131,,,,,,
experimental_validation_focused,ATP-HTVS-AD7BC7F537E7,96482,,,,,,
experimental_validation_focused,ATP-HTVS-AD7D334F30DB,88673,,,,,,
experimental_validation_focused,ATP-HTVS-AD7FACE11FDD,91810,,,,,,
experimental_validation_focused,ATP-HTVS-AD7FBCC01633,85217,,,,,,
experimental_validation_focused,ATP-HTVS-ADC6A568E437,96738,,,,,,
experimental_validation_focused,ATP-HTVS-ADEEA10F1B91,88065,,,,,,
experimental_validation_focused,ATP-HTVS-ADF1B73D9E23,85507,,,,,,
experimental_validation_focused,ATP-HTVS-ADFEB0A5CD8C,55939,,,,,,
experimental_validation_focused,ATP-HTVS-AE2593E94038,97890,,,,,,
experimental_validation_focused,ATP-HTVS-AE73BF67DB9D,5410,,,,,,
experimental_validation_focused,ATP-HTVS-AE7F15E1977E,5761,,,,,,
experimental_validation_focused,ATP-HTVS-AE8349DE7653,92993,,,,,,
experimental_validation_focused,ATP-HTVS-AEA5EF37F369,76161,,,,,,
experimental_validation_focused,ATP-HTVS-AEC4D9F1E0F4,72001,,,,,,
experimental_validation_focused,ATP-HTVS-AEE242E516D8,90657,,,,,,
experimental_validation_focused,ATP-HTVS-AF0D06B60C3E,79234,,,,,,
experimental_validation_focused,ATP-HTVS-AF24076E5CF3,48513,,,,,,
experimental_validation_focused,ATP-HTVS-AF546DDC8B5A,39811,,,,,,
experimental_validation_focused,ATP-HTVS-AF6DFEAC4438,77891,,,,,,
experimental_validation_focused,ATP-HTVS-AFAE325C96BD,30114,,,,,,
experimental_validation_focused,ATP-HTVS-AFB94CABAED0,95970,,,,,,
experimental_validation_focused,ATP-HTVS-AFD6D96F704F,43106,,,,,,
experimental_validation_focused,ATP-HTVS-AFF6C4F7FD39,48355,,,,,,
experimental_validation_focused,ATP-HTVS-B00F3517908E,71715,,,,,,
experimental_validation_focused,ATP-HTVS-B0742D29E2ED,92481,,,,,,
experimental_validation_focused,ATP-HTVS-B0A71AB87D72,74467,,,,,,
experimental_validation_focused,ATP-HTVS-B0AB4541452E,78753,,,,,,
experimental_validation_focused,ATP-HTVS-B0B19F009301,74529,,,,,,
experimental_validation_focused,ATP-HTVS-B107F9A324A3,20065,,,,,,
experimental_validation_focused,ATP-HTVS-B13A57A9D1F9,98178,,,,,,
experimental_validation_focused,ATP-HTVS-B13D85D04AEE,97953,,,,,,
experimental_validation_focused,ATP-HTVS-B16CEB425A58,94497,,,,,,
experimental_validation_focused,ATP-HTVS-B1D0FF1C8AAB,46850,,,,,,
experimental_validation_focused,ATP-HTVS-B1DCCC83FEFE,30595,,,,,,
experimental_validation_focused,ATP-HTVS-B1E26FAB67D9,85443,,,,,,
experimental_validation_focused,ATP-HTVS-B1FBA11D65B8,53251,,,,,,
experimental_validation_focused,ATP-HTVS-B23516995CCF,60194,,,,,,
experimental_validation_focused,ATP-HTVS-B262751D15E7,44706,,,,,,
experimental_validation_focused,ATP-HTVS-B278BB2953A5,37281,,,,,,
experimental_validation_focused,ATP-HTVS-B31ECD8B9A27,61603,,,,,,
experimental_validation_focused,ATP-HTVS-B34C30ECDBCB,67107,,,,,,
experimental_validation_focused,ATP-HTVS-B36D0C358EAD,4321,,,,,,
experimental_validation_focused,ATP-HTVS-B383260168BF,80993,,,,,,
experimental_validation_focused,ATP-HTVS-B3F47181DC5D,83746,,,,,,
experimental_validation_focused,ATP-HTVS-B3FE097D1043,69827,,,,,,
experimental_validation_focused,ATP-HTVS-B41566EF3893,35267,,,,,,
experimental_validation_focused,ATP-HTVS-B46E603BFCD4,92482,,,,,,
experimental_validation_focused,ATP-HTVS-B476F40F800C,74499,,,,,,
experimental_validation_focused,ATP-HTVS-B47DAEDE372B,98082,,,,,,
experimental_validation_focused,ATP-HTVS-B48F3FD049EC,23970,,,,,,
experimental_validation_focused,ATP-HTVS-B4E8E29A2CD9,62147,,,,,,
experimental_validation_focused,ATP-HTVS-B4F34B52DEEF,77313,,,,,,
experimental_validation_focused,ATP-HTVS-B4FC20780B21,37219,,,,,,
experimental_validation_focused,ATP-HTVS-B51F80196405,56163,,,,,,
experimental_validation_focused,ATP-HTVS-B56D8AC3A406,90241,,,,,,
experimental_validation_focused,ATP-HTVS-B586963EE7FB,61506,,,,,,
experimental_validation_focused,ATP-HTVS-B5A4F958CC31,90915,,,,,,
experimental_validation_focused,ATP-HTVS-B612A35BE18C,36227,,,,,,
experimental_validation_focused,ATP-HTVS-B6233BB79AF7,58179,,,,,,
experimental_validation_focused,ATP-HTVS-B64EA431F59B,47873,,,,,,
experimental_validation_focused,ATP-HTVS-B64FB026F9D3,80449,,,,,,
experimental_validation_focused,ATP-HTVS-B6843249DE88,60162,,,,,,
experimental_validation_focused,ATP-HTVS-B685FDB22E51,6466,,,,,,
experimental_validation_focused,ATP-HTVS-B699C037922C,89506,,,,,,
experimental_validation_focused,ATP-HTVS-B6BB4D9D6C90,17793,,,,,,
experimental_validation_focused,ATP-HTVS-B6C483C4EE45,81410,,,,,,
experimental_validation_focused,ATP-HTVS-B7334B97F240,76226,,,,,,
experimental_validation_focused,ATP-HTVS-B7368E70BBC8,27201,,,,,,
experimental_validation_focused,ATP-HTVS-B7604789CEBF,58530,,,,,,
experimental_validation_focused,ATP-HTVS-B77025854F9D,70979,,,,,,
experimental_validation_focused,ATP-HTVS-B798CBAC6C44,96577,,,,,,
experimental_validation_focused,ATP-HTVS-B7AB07A15A31,78435,,,,,,
experimental_validation_focused,ATP-HTVS-B7C68EF5FFDC,82755,,,,,,
experimental_validation_focused,ATP-HTVS-B7CF3B4EBACD,53986,,,,,,
experimental_validation_focused,ATP-HTVS-B7FF2C0C64E6,74275,,,,,,
experimental_validation_focused,ATP-HTVS-B8017292FA6C,98081,,,,,,
experimental_validation_focused,ATP-HTVS-B8459B836830,67074,,,,,,
experimental_validation_focused,ATP-HTVS-B847417F307C,85761,,,,,,
experimental_validation_focused,ATP-HTVS-B860A68943EF,83874,,,,,,
experimental_validation_focused,ATP-HTVS-B88C39A42AA7,71075,,,,,,
experimental_validation_focused,ATP-HTVS-B8A979A70D7E,85859,,,,,,
experimental_validation_focused,ATP-HTVS-B8D4F4CA2980,25249,,,,,,
experimental_validation_focused,ATP-HTVS-B976229D01A0,68866,,,,,,
experimental_validation_focused,ATP-HTVS-B989B97EF6F5,36002,,,,,,
experimental_validation_focused,ATP-HTVS-B99F6A8D80C4,82786,,,,,,
experimental_validation_focused,ATP-HTVS-B9C46F2E092C,80163,,,,,,
experimental_validation_focused,ATP-HTVS-B9E16686FC4A,78977,,,,,,
experimental_validation_focused,ATP-HTVS-BA05F8BAE026,80994,,,,,,
experimental_validation_focused,ATP-HTVS-BA0E3BFA8388,95713,,,,,,
experimental_validation_focused,ATP-HTVS-BAB35535B111,81859,,,,,,
experimental_validation_focused,ATP-HTVS-BAD00D53E534,97889,,,,,,
experimental_validation_focused,ATP-HTVS-BAE9605F8CCC,24769,,,,,,
experimental_validation_focused,ATP-HTVS-BAF1AE5D2B14,74082,,,,,,
experimental_validation_focused,ATP-HTVS-BAFA4202ACED,96321,,,,,,
experimental_validation_focused,ATP-HTVS-BB0F51DCED8B,87587,,,,,,
experimental_validation_focused,ATP-HTVS-BB2B7EB3D06A,85442,,,,,,
experimental_validation_focused,ATP-HTVS-BB30DC3CF26F,67810,,,,,,
experimental_validation_focused,ATP-HTVS-BB3EB03EB4C6,57699,,,,,,
experimental_validation_focused,ATP-HTVS-BB81D0256EE3,80641,,,,,,
experimental_validation_focused,ATP-HTVS-BBA3AD223423,28035,,,,,,
experimental_validation_focused,ATP-HTVS-BBB01994AF2B,80578,,,,,,
experimental_validation_focused,ATP-HTVS-BBE6E61B6745,84578,,,,,,
experimental_validation_focused,ATP-HTVS-BBF7556FA5C3,44579,,,,,,
experimental_validation_focused,ATP-HTVS-BC2B8699145A,70561,,,,,,
experimental_validation_focused,ATP-HTVS-BCAE8AB499DF,82881,,,,,,
experimental_validation_focused,ATP-HTVS-BCB25216F396,83875,,,,,,
experimental_validation_focused,ATP-HTVS-BCB37E169801,66851,,,,,,
experimental_validation_focused,ATP-HTVS-BCEA86BEEC0A,20258,,,,,,
experimental_validation_focused,ATP-HTVS-BD03C735BC89,84035,,,,,,
experimental_validation_focused,ATP-HTVS-BD0B30D0980B,63267,,,,,,
experimental_validation_focused,ATP-HTVS-BD172DBF0B92,62243,,,,,,
experimental_validation_focused,ATP-HTVS-BD1ED4B7B841,91779,,,,,,
experimental_validation_focused,ATP-HTVS-BD741E539D0D,23235,,,,,,
experimental_validation_focused,ATP-HTVS-BD9D807D92EC,94305,,,,,,
experimental_validation_focused,ATP-HTVS-BDB37C4B0D07,53090,,,,,,
experimental_validation_focused,ATP-HTVS-BDBBABCD42A1,50114,,,,,,
experimental_validation_focused,ATP-HTVS-BDBFEED18423,61698,,,,,,
experimental_validation_focused,ATP-HTVS-BDC9F9AD9B20,33281,,,,,,
experimental_validation_focused,ATP-HTVS-BDD1C4453981,38147,,,,,,
experimental_validation_focused,ATP-HTVS-BE0949FFEA46,84483,,,,,,
experimental_validation_focused,ATP-HTVS-BE25F64FE980,42785,,,,,,
experimental_validation_focused,ATP-HTVS-BE2C9D7D83B9,57441,,,,,,
experimental_validation_focused,ATP-HTVS-BE963CFE3042,38017,,,,,,
experimental_validation_focused,ATP-HTVS-BEC4D7C74EFC,70658,,,,,,
experimental_validation_focused,ATP-HTVS-BECDF8C854B5,82305,,,,,,
experimental_validation_focused,ATP-HTVS-BF2AFCF05426,93699,,,,,,
experimental_validation_focused,ATP-HTVS-BF383207F30E,28642,,,,,,
experimental_validation_focused,ATP-HTVS-BF68A4285DB1,42338,,,,,,
experimental_validation_focused,ATP-HTVS-BF6C9643780C,85186,,,,,,
experimental_validation_focused,ATP-HTVS-BF826A7B469A,89442,,,,,,
experimental_validation_focused,ATP-HTVS-BF8F947D0493,34082,,,,,,
experimental_validation_focused,ATP-HTVS-BFC0901B6A3C,76930,,,,,,
experimental_validation_focused,ATP-HTVS-BFD5BCAF9717,52961,,,,,,
experimental_validation_focused,ATP-HTVS-BFEA0E4C0B7C,74657,,,,,,
experimental_validation_focused,ATP-HTVS-C038EE4FCBA5,94113,,,,,,
experimental_validation_focused,ATP-HTVS-C0568328686F,39681,,,,,,
experimental_validation_focused,ATP-HTVS-C0772D58369C,99330,,,,,,
experimental_validation_focused,ATP-HTVS-C09627CFBEE5,62882,,,,,,
experimental_validation_focused,ATP-HTVS-C0A883403093,80579,,,,,,
experimental_validation_focused,ATP-HTVS-C0ADD803E371,28353,,,,,,
experimental_validation_focused,ATP-HTVS-C0B01F645FC7,95074,,,,,,
experimental_validation_focused,ATP-HTVS-C0E7239EA73D,94018,,,,,,
experimental_validation_focused,ATP-HTVS-C10AA91B306E,67713,,,,,,
experimental_validation_focused,ATP-HTVS-C12B4C379970,35235,,,,,,
experimental_validation_focused,ATP-HTVS-C13B253881A4,36801,,,,,,
experimental_validation_focused,ATP-HTVS-C1848F46B113,80386,,,,,,
experimental_validation_focused,ATP-HTVS-C188770C1FD9,20962,,,,,,
experimental_validation_focused,ATP-HTVS-C1AB9EDC96AF,72801,,,,,,
experimental_validation_focused,ATP-HTVS-C2A68E9F7CC7,44385,,,,,,
experimental_validation_focused,ATP-HTVS-C2B7985A0F3E,34305,,,,,,
experimental_validation_focused,ATP-HTVS-C302107B3554,71682,,,,,,
experimental_validation_focused,ATP-HTVS-C31215E10DA6,83714,,,,,,
experimental_validation_focused,ATP-HTVS-C36315435956,60258,,,,,,
experimental_validation_focused,ATP-HTVS-C36F7D03654F,89441,,,,,,
experimental_validation_focused,ATP-HTVS-C3768FC48E4A,87394,,,,,,
experimental_validation_focused,ATP-HTVS-C384A8554A98,76354,,,,,,
experimental_validation_focused,ATP-HTVS-C39BEF6539AB,4355,,,,,,
experimental_validation_focused,ATP-HTVS-C3A30B83BBDA,88483,,,,,,
experimental_validation_focused,ATP-HTVS-C3FA166C1ADD,36707,,,,,,
experimental_validation_focused,ATP-HTVS-C3FD34132B6A,71490,,,,,,
experimental_validation_focused,ATP-HTVS-C40016FC0CB2,70721,,,,,,
experimental_validation_focused,ATP-HTVS-C4138656EE80,36610,,,,,,
experimental_validation_focused,ATP-HTVS-C445C351F9C8,47970,,,,,,
experimental_validation_focused,ATP-HTVS-C4778BDFFC37,75843,,,,,,
experimental_validation_focused,ATP-HTVS-C4893C1BFF55,25250,,,,,,
experimental_validation_focused,ATP-HTVS-C4C9929F3284,78403,,,,,,
experimental_validation_focused,ATP-HTVS-C4D43EEF7CE1,98690,,,,,,
experimental_validation_focused,ATP-HTVS-C55276015D5E,97217,,,,,,
experimental_validation_focused,ATP-HTVS-C563D945857F,80867,,,,,,
experimental_validation_focused,ATP-HTVS-C59D75D09D12,68706,,,,,,
experimental_validation_focused,ATP-HTVS-C5A7FD400424,82753,,,,,,
experimental_validation_focused,ATP-HTVS-C615FEE5992B,53122,,,,,,
experimental_validation_focused,ATP-HTVS-C6A6F28FFA03,82401,,,,,,
experimental_validation_focused,ATP-HTVS-C6C7CCEB60F2,73954,,,,,,
experimental_validation_focused,ATP-HTVS-C725FB5B69C4,56739,,,,,,
experimental_validation_focused,ATP-HTVS-C74806D7CD52,53537,,,,,,
experimental_validation_focused,ATP-HTVS-C78E55448419,80034,,,,,,
experimental_validation_focused,ATP-HTVS-C7A4A85DE6AC,94051,,,,,,
experimental_validation_focused,ATP-HTVS-C7C112B42D2F,79778,,,,,,
experimental_validation_focused,ATP-HTVS-C7E1AC016800,99361,,,,,,
experimental_validation_focused,ATP-HTVS-C7F6DF534483,73346,,,,,,
experimental_validation_focused,ATP-HTVS-C81E0B2D019D,80098,,,,,,
experimental_validation_focused,ATP-HTVS-C853ACB1A86B,96802,,,,,,
experimental_validation_focused,ATP-HTVS-C88FA91C4E8E,75201,,,,,,
experimental_validation_focused,ATP-HTVS-C894FAAE5B10,4706,,,,,,
experimental_validation_focused,ATP-HTVS-C8A46F369ED4,99810,,,,,,
experimental_validation_focused,ATP-HTVS-C8D8BA0AA9EF,75042,,,,,,
experimental_validation_focused,ATP-HTVS-C8F29258BF11,76962,,,,,,
experimental_validation_focused,ATP-HTVS-C9013CEACAA9,79266,,,,,,
experimental_validation_focused,ATP-HTVS-C924AED67E53,55841,,,,,,
experimental_validation_focused,ATP-HTVS-C9308A7164FF,83843,,,,,,
experimental_validation_focused,ATP-HTVS-C930A8816DDB,3521,,,,,,
experimental_validation_focused,ATP-HTVS-C97E366A40B5,96353,,,,,,
experimental_validation_focused,ATP-HTVS-C9B00227BFE8,37217,,,,,,
experimental_validation_focused,ATP-HTVS-C9CB4EF32822,20449,,,,,,
experimental_validation_focused,ATP-HTVS-C9E144645171,38689,,,,,,
experimental_validation_focused,ATP-HTVS-CA08B0F5D119,66561,,,,,,
experimental_validation_focused,ATP-HTVS-CA5141603A6E,62146,,,,,,
experimental_validation_focused,ATP-HTVS-CA6523C86104,32322,,,,,,
experimental_validation_focused,ATP-HTVS-CA9A4676B579,80962,,,,,,
experimental_validation_focused,ATP-HTVS-CAF3F282F1EC,86531,,,,,,
experimental_validation_focused,ATP-HTVS-CAF437F0E3C3,42177,,,,,,
experimental_validation_focused,ATP-HTVS-CB056AB5514A,67811,,,,,,
experimental_validation_focused,ATP-HTVS-CB08F8B01966,54499,,,,,,
experimental_validation_focused,ATP-HTVS-CB100B4C9F83,73827,,,,,,
experimental_validation_focused,ATP-HTVS-CB3D9B3FDDC1,36449,,,,,,
experimental_validation_focused,ATP-HTVS-CB3E61D945F3,58177,,,,,,
experimental_validation_focused,ATP-HTVS-CB568D2EE5B9,70083,,,,,,
experimental_validation_focused,ATP-HTVS-CBC473663EF6,80195,,,,,,
experimental_validation_focused,ATP-HTVS-CBCD19AD9C21,69538,,,,,,
experimental_validation_focused,ATP-HTVS-CC01DAB978DA,59971,,,,,,
experimental_validation_focused,ATP-HTVS-CC453EE4B1F8,68963,,,,,,
experimental_validation_focused,ATP-HTVS-CC5603E93E79,80513,,,,,,
experimental_validation_focused,ATP-HTVS-CC671C1EED81,79682,,,,,,
experimental_validation_focused,ATP-HTVS-CC7A8C42BA33,30369,,,,,,
experimental_validation_focused,ATP-HTVS-CC7F9EDA8956,76001,,,,,,
experimental_validation_focused,ATP-HTVS-CC86D79AEE13,84610,,,,,,
experimental_validation_focused,ATP-HTVS-CCF7E888A475,26563,,,,,,
experimental_validation_focused,ATP-HTVS-CD22DC9E9474,28033,,,,,,
experimental_validation_focused,ATP-HTVS-CD3E1774443F,28194,,,,,,
experimental_validation_focused,ATP-HTVS-CD664E950D6F,34817,,,,,,
experimental_validation_focused,ATP-HTVS-CD6AA4CFEADB,78050,,,,,,
experimental_validation_focused,ATP-HTVS-CD84540442E8,70081,,,,,,
experimental_validation_focused,ATP-HTVS-CDA0FA66D084,72961,,,,,,
experimental_validation_focused,ATP-HTVS-CDB030173D15,66242,,,,,,
experimental_validation_focused,ATP-HTVS-CDFFE8C73978,78019,,,,,,
experimental_validation_focused,ATP-HTVS-CE0C62FD8EFC,70435,,,,,,
experimental_validation_focused,ATP-HTVS-CE22382A0684,74817,,,,,,
experimental_validation_focused,ATP-HTVS-CE83EECF0A09,37763,,,,,,
experimental_validation_focused,ATP-HTVS-CE85F8224252,69185,,,,,,
experimental_validation_focused,ATP-HTVS-CEA6734F7F3C,98242,,,,,,
experimental_validation_focused,ATP-HTVS-CEB5A32F933D,98433,,,,,,
experimental_validation_focused,ATP-HTVS-CEC01CDE00B1,94818,,,,,,
experimental_validation_focused,ATP-HTVS-CED8BA7CA394,18338,,,,,,
experimental_validation_focused,ATP-HTVS-CEDCE5F1BEB7,20034,,,,,,
experimental_validation_focused,ATP-HTVS-CEF12CE4FD32,29538,,,,,,
experimental_validation_focused,ATP-HTVS-CF29C556AE01,40739,,,,,,
experimental_validation_focused,ATP-HTVS-CF9A421CD50D,33410,,,,,,
experimental_validation_focused,ATP-HTVS-CFB2EA2F52FD,81570,,,,,,
experimental_validation_focused,ATP-HTVS-D0257FD59117,53153,,,,,,
experimental_validation_focused,ATP-HTVS-D02CBBC5B48D,78915,,,,,,
experimental_validation_focused,ATP-HTVS-D0CA976BC689,29859,,,,,,
experimental_validation_focused,ATP-HTVS-D0D9A6B890A3,89250,,,,,,
experimental_validation_focused,ATP-HTVS-D102EB8CAB11,61025,,,,,,
experimental_validation_focused,ATP-HTVS-D1462A8BE621,82146,,,,,,
experimental_validation_focused,ATP-HTVS-D18D68753065,80611,,,,,,
experimental_validation_focused,ATP-HTVS-D190FC844C9E,99170,,,,,,
experimental_validation_focused,ATP-HTVS-D1A5509321EA,16609,,,,,,
experimental_validation_focused,ATP-HTVS-D1F1286C5AB6,82883,,,,,,
experimental_validation_focused,ATP-HTVS-D22CA90FC022,53539,,,,,,
experimental_validation_focused,ATP-HTVS-D254F911DFD1,51233,,,,,,
experimental_validation_focused,ATP-HTVS-D2D0A1D4326E,73153,,,,,,
experimental_validation_focused,ATP-HTVS-D33A0E291F08,23651,,,,,,
experimental_validation_focused,ATP-HTVS-D35090C63096,84674,,,,,,
experimental_validation_focused,ATP-HTVS-D35FD22B1728,77186,,,,,,
experimental_validation_focused,ATP-HTVS-D3717771288C,76993,,,,,,
experimental_validation_focused,ATP-HTVS-D38DE888E88F,70401,,,,,,
experimental_validation_focused,ATP-HTVS-D3913B8FBCFA,93186,,,,,,
experimental_validation_focused,ATP-HTVS-D3B4C31C9E9F,23329,,,,,,
experimental_validation_focused,ATP-HTVS-D3B596BB619E,74947,,,,,,
experimental_validation_focused,ATP-HTVS-D3D42427DD6F,94017,,,,,,
experimental_validation_focused,ATP-HTVS-D41B937429B7,86307,,,,,,
experimental_validation_focused,ATP-HTVS-D45BC7EA8057,70339,,,,,,
experimental_validation_focused,ATP-HTVS-D4881A2AC8A2,51649,,,,,,
experimental_validation_focused,ATP-HTVS-D49B0A10993C,27586,,,,,,
experimental_validation_focused,ATP-HTVS-D4AE6553B313,87906,,,,,,
experimental_validation_focused,ATP-HTVS-D4B05735BAC4,50594,,,,,,
experimental_validation_focused,ATP-HTVS-D4C1A78D47F2,58401,,,,,,
experimental_validation_focused,ATP-HTVS-D4F4D34A0DC7,514,,,,,,
experimental_validation_focused,ATP-HTVS-D51006C467E8,12578,,,,,,
experimental_validation_focused,ATP-HTVS-D52094086515,83715,,,,,,
experimental_validation_focused,ATP-HTVS-D53BE49171F7,23619,,,,,,
experimental_validation_focused,ATP-HTVS-D57D92118EC0,78850,,,,,,
experimental_validation_focused,ATP-HTVS-D57FDE5925BA,51522,,,,,,
experimental_validation_focused,ATP-HTVS-D5881C68A9EC,95073,,,,,,
experimental_validation_focused,ATP-HTVS-D5ACD41550DD,96737,,,,,,
experimental_validation_focused,ATP-HTVS-D5ACDDA463EA,75745,,,,,,
experimental_validation_focused,ATP-HTVS-D6043925B579,66273,,,,,,
experimental_validation_focused,ATP-HTVS-D60AE40A828F,84162,,,,,,
experimental_validation_focused,ATP-HTVS-D63540CFF382,77571,,,,,,
experimental_validation_focused,ATP-HTVS-D650FAE25B13,75203,,,,,,
experimental_validation_focused,ATP-HTVS-D65E1879A1C4,90530,,,,,,
experimental_validation_focused,ATP-HTVS-D67E347CF5B0,32641,,,,,,
experimental_validation_focused,ATP-HTVS-D68829BAAF56,35266,,,,,,
experimental_validation_focused,ATP-HTVS-D6CA2B69D609,57026,,,,,,
experimental_validation_focused,ATP-HTVS-D7583D638CF7,84707,,,,,,
experimental_validation_focused,ATP-HTVS-D76C38158727,59906,,,,,,
experimental_validation_focused,ATP-HTVS-D773B3DD8BD5,77090,,,,,,
experimental_validation_focused,ATP-HTVS-D78134F4C173,91073,,,,,,
experimental_validation_focused,ATP-HTVS-D7F859CCB519,2849,,,,,,
experimental_validation_focused,ATP-HTVS-D7FBECEDF81C,79746,,,,,,
experimental_validation_focused,ATP-HTVS-D806BF0778F9,63233,,,,,,
experimental_validation_focused,ATP-HTVS-D820D8B9E61C,28163,,,,,,
experimental_validation_focused,ATP-HTVS-D831575BA0F0,75715,,,,,,
experimental_validation_focused,ATP-HTVS-D839BC34DAE7,4771,,,,,,
experimental_validation_focused,ATP-HTVS-D86CED65A6E1,74497,,,,,,
experimental_validation_focused,ATP-HTVS-D8D752145B88,75714,,,,,,
experimental_validation_focused,ATP-HTVS-D8E733A39BE5,30819,,,,,,
experimental_validation_focused,ATP-HTVS-D9159AF95984,74371,,,,,,
experimental_validation_focused,ATP-HTVS-D925B2862DC5,91491,,,,,,
experimental_validation_focused,ATP-HTVS-D928A6F83D7E,93473,,,,,,
experimental_validation_focused,ATP-HTVS-D93071962BA3,31554,,,,,,
experimental_validation_focused,ATP-HTVS-D9724DB0D106,63362,,,,,,
experimental_validation_focused,ATP-HTVS-DAC48F0443BB,71459,,,,,,
experimental_validation_focused,ATP-HTVS-DADEC6686275,95745,,,,,,
experimental_validation_focused,ATP-HTVS-DB2D048ED873,53154,,,,,,
experimental_validation_focused,ATP-HTVS-DB45F9B4D40D,94625,,,,,,
experimental_validation_focused,ATP-HTVS-DB6DF45B456E,23457,,,,,,
experimental_validation_focused,ATP-HTVS-DB94924E5291,95553,,,,,,
experimental_validation_focused,ATP-HTVS-DB99DC1A003A,67553,,,,,,
experimental_validation_focused,ATP-HTVS-DBA84DBB4449,75299,,,,,,
experimental_validation_focused,ATP-HTVS-DBCC5241A393,4707,,,,,,
experimental_validation_focused,ATP-HTVS-DC065C207C84,1282,,,,,,
experimental_validation_focused,ATP-HTVS-DC18FC237305,12291,,,,,,
experimental_validation_focused,ATP-HTVS-DC20B32D34B9,85249,,,,,,
experimental_validation_focused,ATP-HTVS-DC6B7BCD18A9,22914,,,,,,
experimental_validation_focused,ATP-HTVS-DC74BD16E68F,93697,,,,,,
experimental_validation_focused,ATP-HTVS-DCC6353C2378,60993,,,,,,
experimental_validation_focused,ATP-HTVS-DCF81E89AD2E,18466,,,,,,
experimental_validation_focused,ATP-HTVS-DD1946FA5AC5,93185,,,,,,
experimental_validation_focused,ATP-HTVS-DD420CB019C5,66339,,,,,,
experimental_validation_focused,ATP-HTVS-DD59A7F9A26E,30113,,,,,,
experimental_validation_focused,ATP-HTVS-DD7A369608E2,55074,,,,,,
experimental_validation_focused,ATP-HTVS-DDBB6FEB6103,43170,,,,,,
experimental_validation_focused,ATP-HTVS-DDC2C96F44C1,78947,,,,,,
experimental_validation_focused,ATP-HTVS-DDCEA98BB6BE,81569,,,,,,
experimental_validation_focused,ATP-HTVS-DDD75C103081,34241,,,,,,
experimental_validation_focused,ATP-HTVS-DDECBBA12C43,32899,,,,,,
experimental_validation_focused,ATP-HTVS-DE3670B8C5ED,53473,,,,,,
experimental_validation_focused,ATP-HTVS-DED96A59EB26,77315,,,,,,
experimental_validation_focused,ATP-HTVS-DF13A29C86DC,74403,,,,,,
experimental_validation_focused,ATP-HTVS-DF25A3EF4846,92450,,,,,,
experimental_validation_focused,ATP-HTVS-DF2EF65723F2,77667,,,,,,
experimental_validation_focused,ATP-HTVS-DF60AB231AB0,75491,,,,,,
experimental_validation_focused,ATP-HTVS-DF8AF7E8BFB3,30433,,,,,,
experimental_validation_focused,ATP-HTVS-DF95DE08029D,59970,,,,,,
experimental_validation_focused,ATP-HTVS-DF96FF74234A,32323,,,,,,
experimental_validation_focused,ATP-HTVS-DFB30BBC8B3D,65474,,,,,,
experimental_validation_focused,ATP-HTVS-DFD60D9DE448,62242,,,,,,
experimental_validation_focused,ATP-HTVS-DFE69C12D963,69825,,,,,,
experimental_validation_focused,ATP-HTVS-E0074D38582E,55073,,,,,,
experimental_validation_focused,ATP-HTVS-E00D3A602E3C,48993,,,,,,
experimental_validation_focused,ATP-HTVS-E027274C2018,1953,,,,,,
experimental_validation_focused,ATP-HTVS-E0444895C82B,63873,,,,,,
experimental_validation_focused,ATP-HTVS-E05E864FAEC7,61057,,,,,,
experimental_validation_focused,ATP-HTVS-E0849D225AC7,3554,,,,,,
experimental_validation_focused,ATP-HTVS-E08CF4D489F1,75427,,,,,,
experimental_validation_focused,ATP-HTVS-E08F75BAC913,81122,,,,,,
experimental_validation_focused,ATP-HTVS-E0D09F3A28CB,93633,,,,,,
experimental_validation_focused,ATP-HTVS-E0E8748999A4,82849,,,,,,
experimental_validation_focused,ATP-HTVS-E124973F868C,75906,,,,,,
experimental_validation_focused,ATP-HTVS-E14A9B461B4E,20705,,,,,,
experimental_validation_focused,ATP-HTVS-E1C245C409AF,78465,,,,,,
experimental_validation_focused,ATP-HTVS-E1C6EE43BDB1,58563,,,,,,
experimental_validation_focused,ATP-HTVS-E1CE322086D6,92705,,,,,,
experimental_validation_focused,ATP-HTVS-E1EEBF193F90,39106,,,,,,
experimental_validation_focused,ATP-HTVS-E2020C00AE4E,70850,,,,,,
experimental_validation_focused,ATP-HTVS-E20398B5FF99,20961,,,,,,
experimental_validation_focused,ATP-HTVS-E22DE85EEE62,82273,,,,,,
experimental_validation_focused,ATP-HTVS-E2321FC28CB2,69889,,,,,,
experimental_validation_focused,ATP-HTVS-E2660D394356,62850,,,,,,
experimental_validation_focused,ATP-HTVS-E27332E37A66,84834,,,,,,
experimental_validation_focused,ATP-HTVS-E298C966C019,61537,,,,,,
experimental_validation_focused,ATP-HTVS-E2A28C61F774,89313,,,,,,
experimental_validation_focused,ATP-HTVS-E2AE692EC3A5,69985,,,,,,
experimental_validation_focused,ATP-HTVS-E2D3668E21DF,35265,,,,,,
experimental_validation_focused,ATP-HTVS-E317819F970C,32035,,,,,,
experimental_validation_focused,ATP-HTVS-E340B301DB22,93474,,,,,,
experimental_validation_focused,ATP-HTVS-E35DF7DBF452,50818,,,,,,
experimental_validation_focused,ATP-HTVS-E366C71D7075,82403,,,,,,
experimental_validation_focused,ATP-HTVS-E381363CD12F,95042,,,,,,
experimental_validation_focused,ATP-HTVS-E38D6BC47DFC,96385,,,,,,
experimental_validation_focused,ATP-HTVS-E3DAAD165412,4865,,,,,,
experimental_validation_focused,ATP-HTVS-E3E3C457ADC4,20867,,,,,,
experimental_validation_focused,ATP-HTVS-E4024F0AB59A,22913,,,,,,
experimental_validation_focused,ATP-HTVS-E41D62FB159D,67521,,,,,,
experimental_validation_focused,ATP-HTVS-E4A79D64766C,52865,,,,,,
experimental_validation_focused,ATP-HTVS-E4F433E7DDB9,59170,,,,,,
experimental_validation_focused,ATP-HTVS-E4F9B23534EC,95617,,,,,,
experimental_validation_focused,ATP-HTVS-E50B3258D66C,64642,,,,,,
experimental_validation_focused,ATP-HTVS-E5267662EBE5,71810,,,,,,
experimental_validation_focused,ATP-HTVS-E53927646B4E,32802,,,,,,
experimental_validation_focused,ATP-HTVS-E53B79A527AF,80129,,,,,,
experimental_validation_focused,ATP-HTVS-E5655BB07D18,88386,,,,,,
experimental_validation_focused,ATP-HTVS-E5C360ABD75A,8321,,,,,,
experimental_validation_focused,ATP-HTVS-E60052B60ACE,93731,,,,,,
experimental_validation_focused,ATP-HTVS-E624AA265EBA,86593,,,,,,
experimental_validation_focused,ATP-HTVS-E6B57BB86B33,99617,,,,,,
experimental_validation_focused,ATP-HTVS-E6C07A7730FF,89954,,,,,,
experimental_validation_focused,ATP-HTVS-E6E3A92D5598,89731,,,,,,
experimental_validation_focused,ATP-HTVS-E6F8A3974F14,60291,,,,,,
experimental_validation_focused,ATP-HTVS-E71202E475AE,88195,,,,,,
experimental_validation_focused,ATP-HTVS-E78B37070E90,57507,,,,,,
experimental_validation_focused,ATP-HTVS-E79C34F2E4E5,5313,,,,,,
experimental_validation_focused,ATP-HTVS-E7B44E0E6F2B,46529,,,,,,
experimental_validation_focused,ATP-HTVS-E7CE93BF7585,40738,,,,,,
experimental_validation_focused,ATP-HTVS-E7DA22DA6C24,30626,,,,,,
experimental_validation_focused,ATP-HTVS-E80053830AA7,51267,,,,,,
experimental_validation_focused,ATP-HTVS-E80A62EE0257,22690,,,,,,
experimental_validation_focused,ATP-HTVS-E82D7E524403,38786,,,,,,
experimental_validation_focused,ATP-HTVS-E85A4EEDAC38,71681,,,,,,
experimental_validation_focused,ATP-HTVS-E85D4903F0A1,48227,,,,,,
experimental_validation_focused,ATP-HTVS-E888CD26917F,61570,,,,,,
experimental_validation_focused,ATP-HTVS-E89D68A8E825,49475,,,,,,
experimental_validation_focused,ATP-HTVS-E8C4233BC4EE,98946,,,,,,
experimental_validation_focused,ATP-HTVS-E8F6FC3C759E,73411,,,,,,
experimental_validation_focused,ATP-HTVS-E912078D9741,5571,,,,,,
experimental_validation_focused,ATP-HTVS-EAB5C9B34043,90659,,,,,,
experimental_validation_focused,ATP-HTVS-EAC68E01988F,55553,,,,,,
experimental_validation_focused,ATP-HTVS-EAD1C8AFD4A9,38178,,,,,,
experimental_validation_focused,ATP-HTVS-EAE06126CF40,15907,,,,,,
experimental_validation_focused,ATP-HTVS-EB0B96E798C5,89859,,,,,,
experimental_validation_focused,ATP-HTVS-EB12E3425930,44387,,,,,,
experimental_validation_focused,ATP-HTVS-EB1E3022AC0C,49826,,,,,,
experimental_validation_focused,ATP-HTVS-EB500473345C,44738,,,,,,
experimental_validation_focused,ATP-HTVS-EB51C7366B34,83106,,,,,,
experimental_validation_focused,ATP-HTVS-EBA0F745595A,79777,,,,,,
experimental_validation_focused,ATP-HTVS-EBADA6179138,70403,,,,,,
experimental_validation_focused,ATP-HTVS-EBCFEAF5D9E7,28865,,,,,,
experimental_validation_focused,ATP-HTVS-EBFF1A375D8B,77347,,,,,,
experimental_validation_focused,ATP-HTVS-EC2D3AD3168F,83201,,,,,,
experimental_validation_focused,ATP-HTVS-EC4610FFE6DC,42498,,,,,,
experimental_validation_focused,ATP-HTVS-EC5DC094D49F,51715,,,,,,
experimental_validation_focused,ATP-HTVS-ECFCDEE54331,47682,,,,,,
experimental_validation_focused,ATP-HTVS-ED186549DA4C,82466,,,,,,
experimental_validation_focused,ATP-HTVS-ED381154F376,3425,,,,,,
experimental_validation_focused,ATP-HTVS-ED9FB8DD8268,75073,,,,,,
experimental_validation_focused,ATP-HTVS-EDD9885A2235,72929,,,,,,
experimental_validation_focused,ATP-HTVS-EE25A0930777,61857,,,,,,
experimental_validation_focused,ATP-HTVS-EE3EC74621FE,36163,,,,,,
experimental_validation_focused,ATP-HTVS-EE5B82122D17,84066,,,,,,
experimental_validation_focused,ATP-HTVS-EE6CCEFDAAD0,33217,,,,,,
experimental_validation_focused,ATP-HTVS-EE8A818A3017,72097,,,,,,
experimental_validation_focused,ATP-HTVS-EE9B34D8B24D,20323,,,,,,
experimental_validation_focused,ATP-HTVS-EEA70E20167C,92483,,,,,,
experimental_validation_focused,ATP-HTVS-EEBB6926EC22,55779,,,,,,
experimental_validation_focused,ATP-HTVS-EEE4DEAD393E,83169,,,,,,
experimental_validation_focused,ATP-HTVS-EF007D703862,59907,,,,,,
experimental_validation_focused,ATP-HTVS-EF0129487CC6,92769,,,,,,
experimental_validation_focused,ATP-HTVS-EF17DB58F500,88321,,,,,,
experimental_validation_focused,ATP-HTVS-EF3EA56789AA,30145,,,,,,
experimental_validation_focused,ATP-HTVS-EF5E324DB424,43521,,,,,,
experimental_validation_focused,ATP-HTVS-EFBD886B8952,44611,,,,,,
experimental_validation_focused,ATP-HTVS-EFE421C91038,75778,,,,,,
experimental_validation_focused,ATP-HTVS-F056EC0EC7E7,77666,,,,,,
experimental_validation_focused,ATP-HTVS-F05D07B9382E,64417,,,,,,
experimental_validation_focused,ATP-HTVS-F084EE8F7246,75458,,,,,,
experimental_validation_focused,ATP-HTVS-F08817EB9A7A,20546,,,,,,
experimental_validation_focused,ATP-HTVS-F0989AC93CC9,68962,,,,,,
experimental_validation_focused,ATP-HTVS-F0AA189EB18F,6785,,,,,,
experimental_validation_focused,ATP-HTVS-F0B899F1EF1B,71170,,,,,,
experimental_validation_focused,ATP-HTVS-F0EA8E73CD83,77665,,,,,,
experimental_validation_focused,ATP-HTVS-F13E60D2EE86,44546,,,,,,
experimental_validation_focused,ATP-HTVS-F15CD1C1F5FF,30753,,,,,,
experimental_validation_focused,ATP-HTVS-F1ABC01A08C5,11618,,,,,,
experimental_validation_focused,ATP-HTVS-F1D0837E8A30,75426,,,,,,
experimental_validation_focused,ATP-HTVS-F1F8D839F8AD,84801,,,,,,
experimental_validation_focused,ATP-HTVS-F21E42254560,75617,,,,,,
experimental_validation_focused,ATP-HTVS-F223CD517CA5,81858,,,,,,
experimental_validation_focused,ATP-HTVS-F256B691D902,35106,,,,,,
experimental_validation_focused,ATP-HTVS-F2668BF9E9B1,75713,,,,,,
experimental_validation_focused,ATP-HTVS-F282BC43258B,69537,,,,,,
experimental_validation_focused,ATP-HTVS-F2D870036CD8,77057,,,,,,
experimental_validation_focused,ATP-HTVS-F308899F49E6,52515,,,,,,
experimental_validation_focused,ATP-HTVS-F3219ACF1618,57027,,,,,,
experimental_validation_focused,ATP-HTVS-F324B4F6FF43,83745,,,,,,
experimental_validation_focused,ATP-HTVS-F38CDD17995D,90338,,,,,,
experimental_validation_focused,ATP-HTVS-F3AEEA9B80E5,57219,,,,,,
experimental_validation_focused,ATP-HTVS-F3E91D83A828,87939,,,,,,
experimental_validation_focused,ATP-HTVS-F41515D25613,53155,,,,,,
experimental_validation_focused,ATP-HTVS-F41DED161E75,76578,,,,,,
experimental_validation_focused,ATP-HTVS-F42EC288DBA1,90369,,,,,,
experimental_validation_focused,ATP-HTVS-F451F6F34F85,58210,,,,,,
experimental_validation_focused,ATP-HTVS-F4D02DC184DE,81059,,,,,,
experimental_validation_focused,ATP-HTVS-F4EB0A3B6A53,75779,,,,,,
experimental_validation_focused,ATP-HTVS-F4F3BDD05BAD,69409,,,,,,
experimental_validation_focused,ATP-HTVS-F52F884BA0B4,90082,,,,,,
experimental_validation_focused,ATP-HTVS-F53B308249C7,20321,,,,,,
experimental_validation_focused,ATP-HTVS-F54B40793D2A,97538,,,,,,
experimental_validation_focused,ATP-HTVS-F5512CD55A37,82947,,,,,,
experimental_validation_focused,ATP-HTVS-F5557C46ACCD,63875,,,,,,
experimental_validation_focused,ATP-HTVS-F58C213B60A1,42531,,,,,,
experimental_validation_focused,ATP-HTVS-F60BECC0718F,6465,,,,,,
experimental_validation_focused,ATP-HTVS-F62C08D65C28,64449,,,,,,
experimental_validation_focused,ATP-HTVS-F63C80F910BB,35107,,,,,,
experimental_validation_focused,ATP-HTVS-F6463DC49025,85091,,,,,,
experimental_validation_focused,ATP-HTVS-F666156B37DE,83426,,,,,,
experimental_validation_focused,ATP-HTVS-F6E066811CCA,93985,,,,,,
experimental_validation_focused,ATP-HTVS-F716E067906C,34083,,,,,,
experimental_validation_focused,ATP-HTVS-F7366BF3987A,91202,,,,,,
experimental_validation_focused,ATP-HTVS-F7676420B267,82209,,,,,,
experimental_validation_focused,ATP-HTVS-F79E64AB5B06,93986,,,,,,
experimental_validation_focused,ATP-HTVS-F7B411FBCEC8,33283,,,,,,
experimental_validation_focused,ATP-HTVS-F7CD2DD67DA6,82467,,,,,,
experimental_validation_focused,ATP-HTVS-F7D4BFA34903,39425,,,,,,
experimental_validation_focused,ATP-HTVS-F7EFD494BF14,96481,,,,,,
experimental_validation_focused,ATP-HTVS-F89CD1E9CA34,79201,,,,,,
experimental_validation_focused,ATP-HTVS-F8BD3C119C5E,34435,,,,,,
experimental_validation_focused,ATP-HTVS-F8C49F655F6D,82083,,,,,,
experimental_validation_focused,ATP-HTVS-F8CA9C936D19,66177,,,,,,
experimental_validation_focused,ATP-HTVS-F8CD80CEA373,94177,,,,,,
experimental_validation_focused,ATP-HTVS-F8D08A3E140C,71809,,,,,,
experimental_validation_focused,ATP-HTVS-F8D25E752EF8,79427,,,,,,
experimental_validation_focused,ATP-HTVS-F92825C2DD85,36035,,,,,,
experimental_validation_focused,ATP-HTVS-F937C5B79A0E,20675,,,,,,
experimental_validation_focused,ATP-HTVS-F93F310E89BE,68578,,,,,,
experimental_validation_focused,ATP-HTVS-F97015D0DCF4,74337,,,,,,
experimental_validation_focused,ATP-HTVS-F99370747DC9,42113,,,,,,
experimental_validation_focused,ATP-HTVS-F9B5ED51D5DA,81571,,,,,,
experimental_validation_focused,ATP-HTVS-F9EAD73A28F1,29603,,,,,,
experimental_validation_focused,ATP-HTVS-F9F42C67BCEC,77858,,,,,,
experimental_validation_focused,ATP-HTVS-FA0319FBED9B,77281,,,,,,
experimental_validation_focused,ATP-HTVS-FA2DABCA7F05,83075,,,,,,
experimental_validation_focused,ATP-HTVS-FAA4B7BBA523,36065,,,,,,
experimental_validation_focused,ATP-HTVS-FAB6E8368155,91075,,,,,,
experimental_validation_focused,ATP-HTVS-FACA1D344F25,57537,,,,,,
experimental_validation_focused,ATP-HTVS-FACA9080893C,78018,,,,,,
experimental_validation_focused,ATP-HTVS-FB09B772C34B,61507,,,,,,
experimental_validation_focused,ATP-HTVS-FB368C7A9127,88323,,,,,,
experimental_validation_focused,ATP-HTVS-FBBE5B904E6C,68643,,,,,,
experimental_validation_focused,ATP-HTVS-FBE624773B31,69761,,,,,,
experimental_validation_focused,ATP-HTVS-FC258B4525E9,43202,,,,,,
experimental_validation_focused,ATP-HTVS-FC28EB1BA5EE,84353,,,,,,
experimental_validation_focused,ATP-HTVS-FC30DD28CEC3,23971,,,,,,
experimental_validation_focused,ATP-HTVS-FC39CD496C36,2019,,,,,,
experimental_validation_focused,ATP-HTVS-FC732D287CB6,71265,,,,,,
experimental_validation_focused,ATP-HTVS-FC91B4531E6F,71458,,,,,,
experimental_validation_focused,ATP-HTVS-FCCFF683ADF4,53123,,,,,,
experimental_validation_focused,ATP-HTVS-FD26B682FD2E,69634,,,,,,
experimental_validation_focused,ATP-HTVS-FD637A018D73,72994,,,,,,
experimental_validation_focused,ATP-HTVS-FD8D954BBECF,27202,,,,,,
experimental_validation_focused,ATP-HTVS-FDA25AF4FB7A,28449,,,,,,
experimental_validation_focused,ATP-HTVS-FDB0B4A5AF84,91043,,,,,,
experimental_validation_focused,ATP-HTVS-FDB0F1EC6F74,93059,,,,,,
experimental_validation_focused,ATP-HTVS-FDDF48EBDCF8,78017,,,,,,
experimental_validation_focused,ATP-HTVS-FE1522AA7EF8,69793,,,,,,
experimental_validation_focused,ATP-HTVS-FE34E3A925C6,76803,,,,,,
experimental_validation_focused,ATP-HTVS-FE46C3AF7461,49283,,,,,,
experimental_validation_focused,ATP-HTVS-FE5B2EC4EA23,74370,,,,,,
experimental_validation_focused,ATP-HTVS-FE5F78CE8672,67267,,,,,,
experimental_validation_focused,ATP-HTVS-FE6FB0E22990,82851,,,,,,
experimental_validation_focused,ATP-HTVS-FE9A1A55DD78,56195,,,,,,
experimental_validation_focused,ATP-HTVS-FEA784CAFC0E,72481,,,,,,
experimental_validation_focused,ATP-HTVS-FEB80F9C0A7B,34530,,,,,,
experimental_validation_focused,ATP-HTVS-FEE4C5F961F6,56193,,,,,,
experimental_validation_focused,ATP-HTVS-FF081A1D735D,85411,,,,,,
experimental_validation_focused,ATP-HTVS-FF167463AED4,74019,,,,,,
experimental_validation_focused,ATP-HTVS-FF1C1E5A01F9,79491,,,,,,
experimental_validation_focused,ATP-HTVS-FF63783F1DD1,25825,,,,,,
experimental_validation_focused,ATP-HTVS-FF886C71D805,65665,,,,,,
experimental_validation_focused,ATP-HTVS-FFCF51BF8290,81826,,,,,,
experimental_validation_focused,ATP-HTVS-FFD71C24E98D,18978,,,,,,
experimental_validation_focused,ATP-HTVS-FFE3AC9FC45B,90851,,,,,,
