compound_id,historical_alias,profiles_evaluated,top3_profile_count,top5_profile_count,best_rank,worst_rank,mean_profile_rank,interpretation
ATP-HTVS-0009DAEDE04F,79971,4,0,0,,,,cross-profile decision consistency; not experimental hit frequency
ATP-HTVS-0015C54A99C8,82625,4,0,0,,,,cross-profile decision consistency; not experimental hit frequency
ATP-HTVS-003E4D952AAC,76899,4,0,0,,,,cross-profile decision consistency; not experimental hit frequency
ATP-HTVS-005EEA24BFEA,69987,4,0,0,,,,cross-profile decision consistency; not experimental hit frequency
ATP-HTVS-0063E4174F09,34081,4,0,0,,,,cross-profile decision consistency; not experimental hit frequency
ATP-HTVS-0079D40D2121,29921,4,0,0,,,,cross-profile decision consistency; not experimental hit frequency
ATP-HTVS-007D6F34F923,30817,4,0,0,,,,cross-profile decision consistency; not experimental hit frequency
ATP-HTVS-00C8034698A8,34403,4,0,0,,,,cross-profile decision consistency; not experimental hit frequency
ATP-HTVS-00F86A54285D,38369,4,0,0,,,,cross-profile decision consistency; not experimental hit frequency
ATP-HTVS-011A966B3F21,59203,4,0,0,,,,cross-profile decision consistency; not experimental hit frequency
ATP-HTVS-0125A5267C6C,70530,4,0,0,,,,cross-profile decision consistency; not experimental hit frequency
ATP-HTVS-0161AEC2E23E,48867,4,0,0,,,,cross-profile decision consistency; not experimental hit frequency
ATP-HTVS-017DA1C05B1D,98562,4,0,0,,,,cross-profile decision consistency; not experimental hit frequency
ATP-HTVS-01DF3EF44742,99137,4,0,0,,,,cross-profile decision consistency; not experimental hit frequency
ATP-HTVS-01E9987F6BBC,40801,4,0,0,,,,cross-profile decision consistency; not experimental hit frequency
ATP-HTVS-02393E0D1A46,72513,4,0,0,,,,cross-profile decision consistency; not experimental hit frequency
ATP-HTVS-02527EDCA73D,62593,4,0,0,,,,cross-profile decision consistency; not experimental hit frequency
ATP-HTVS-0258CCAE4910,3905,4,0,0,,,,cross-profile decision consistency; not experimental hit frequency
ATP-HTVS-027CB3113620,20194,4,0,0,,,,cross-profile decision consistency; not experimental hit frequency
ATP-HTVS-0282D10141FD,57825,4,0,0,,,,cross-profile decision consistency; not experimental hit frequency
ATP-HTVS-028F2DC4E032,96994,4,0,0,,,,cross-profile decision consistency; not experimental hit frequency
ATP-HTVS-02AC8E798E60,89826,4,0,0,,,,cross-profile decision consistency; not experimental hit frequency
ATP-HTVS-02BB8772E392,54466,4,0,0,,,,cross-profile decision consistency; not experimental hit frequency
ATP-HTVS-02DF9A19852D,45889,4,0,0,,,,cross-profile decision consistency; not experimental hit frequency
ATP-HTVS-0362648F57EF,78755,4,0,0,,,,cross-profile decision consistency; not experimental hit frequency
ATP-HTVS-03C3664644A2,98497,4,0,0,,,,cross-profile decision consistency; not experimental hit frequency
ATP-HTVS-03F3A1A9B60E,77378,4,0,0,,,,cross-profile decision consistency; not experimental hit frequency
ATP-HTVS-0438281B0112,75297,4,0,0,,,,cross-profile decision consistency; not experimental hit frequency
ATP-HTVS-0460857F35D6,52162,4,0,0,,,,cross-profile decision consistency; not experimental hit frequency
ATP-HTVS-04621B482D9F,87427,4,0,0,,,,cross-profile decision consistency; not experimental hit frequency
ATP-HTVS-04BA495CA0A4,22531,4,0,0,,,,cross-profile decision consistency; not experimental hit frequency
ATP-HTVS-052AF9B11E6A,34531,4,0,0,,,,cross-profile decision consistency; not experimental hit frequency
ATP-HTVS-053279755E30,96641,4,0,0,,,,cross-profile decision consistency; not experimental hit frequency
ATP-HTVS-0587EECAF94B,71363,4,0,0,,,,cross-profile decision consistency; not experimental hit frequency
ATP-HTVS-05A72EDFB57A,38883,4,0,0,,,,cross-profile decision consistency; not experimental hit frequency
ATP-HTVS-05E9E2FC066B,70657,4,0,0,,,,cross-profile decision consistency; not experimental hit frequency
ATP-HTVS-0659C124A83C,70241,4,0,0,,,,cross-profile decision consistency; not experimental hit frequency
ATP-HTVS-069ABDEDA86E,60193,4,0,0,,,,cross-profile decision consistency; not experimental hit frequency
ATP-HTVS-06CA19E03C57,93825,4,0,0,,,,cross-profile decision consistency; not experimental hit frequency
ATP-HTVS-06E5BAB39855,49667,4,0,0,,,,cross-profile decision consistency; not experimental hit frequency
ATP-HTVS-071084F9408F,96642,4,0,0,,,,cross-profile decision consistency; not experimental hit frequency
ATP-HTVS-0715C99C3A28,99362,4,0,0,,,,cross-profile decision consistency; not experimental hit frequency
ATP-HTVS-0743B9964B99,20417,4,0,0,,,,cross-profile decision consistency; not experimental hit frequency
ATP-HTVS-07D9286D8737,76898,4,0,0,,,,cross-profile decision consistency; not experimental hit frequency
ATP-HTVS-07F3737128F1,86945,4,0,0,,,,cross-profile decision consistency; not experimental hit frequency
ATP-HTVS-08126335CB19,67841,4,0,0,,,,cross-profile decision consistency; not experimental hit frequency
ATP-HTVS-081D95190B15,78402,4,0,0,,,,cross-profile decision consistency; not experimental hit frequency
ATP-HTVS-08266C4344A3,88675,4,0,0,,,,cross-profile decision consistency; not experimental hit frequency
ATP-HTVS-0852D38F8C28,46851,4,0,0,,,,cross-profile decision consistency; not experimental hit frequency
ATP-HTVS-08590B5C6743,87873,4,0,0,,,,cross-profile decision consistency; not experimental hit frequency
ATP-HTVS-086F5E4227DC,20162,4,0,0,,,,cross-profile decision consistency; not experimental hit frequency
ATP-HTVS-08A6E1F87809,61538,4,0,0,,,,cross-profile decision consistency; not experimental hit frequency
ATP-HTVS-093491EAEBEC,53250,4,0,0,,,,cross-profile decision consistency; not experimental hit frequency
ATP-HTVS-09A5DA8CBD66,30690,4,0,0,,,,cross-profile decision consistency; not experimental hit frequency
ATP-HTVS-09A833AE3D1D,90339,4,0,0,,,,cross-profile decision consistency; not experimental hit frequency
ATP-HTVS-09F9B4EC4E97,20514,4,0,0,,,,cross-profile decision consistency; not experimental hit frequency
ATP-HTVS-0A1AFDA96BE3,90754,4,0,0,,,,cross-profile decision consistency; not experimental hit frequency
ATP-HTVS-0A1D74055304,29089,4,0,0,,,,cross-profile decision consistency; not experimental hit frequency
ATP-HTVS-0A30D9D79A37,89123,4,0,0,,,,cross-profile decision consistency; not experimental hit frequency
ATP-HTVS-0A53D5277C22,24418,4,0,0,,,,cross-profile decision consistency; not experimental hit frequency
ATP-HTVS-0A81E0DFACE9,19938,4,0,0,,,,cross-profile decision consistency; not experimental hit frequency
ATP-HTVS-0A8B3D0EFFB7,1954,4,0,0,,,,cross-profile decision consistency; not experimental hit frequency
ATP-HTVS-0A8D2667A5C6,69794,4,0,0,,,,cross-profile decision consistency; not experimental hit frequency
ATP-HTVS-0AAFA8CB92ED,43169,4,0,0,,,,cross-profile decision consistency; not experimental hit frequency
ATP-HTVS-0AE85D2EF5B8,94338,4,0,0,,,,cross-profile decision consistency; not experimental hit frequency
ATP-HTVS-0B0619B736F3,87937,4,0,0,,,,cross-profile decision consistency; not experimental hit frequency
ATP-HTVS-0B15CB8240E3,99809,4,0,0,,,,cross-profile decision consistency; not experimental hit frequency
ATP-HTVS-0B527D484045,76929,4,0,0,,,,cross-profile decision consistency; not experimental hit frequency
ATP-HTVS-0B76E6A2B6F2,90146,4,0,0,,,,cross-profile decision consistency; not experimental hit frequency
ATP-HTVS-0BEF59EEEAC9,79426,4,0,0,,,,cross-profile decision consistency; not experimental hit frequency
ATP-HTVS-0C1598B702AE,55106,4,0,0,,,,cross-profile decision consistency; not experimental hit frequency
ATP-HTVS-0C253F9D7643,68259,4,0,0,,,,cross-profile decision consistency; not experimental hit frequency
ATP-HTVS-0C40F7CB6A92,58402,4,0,0,,,,cross-profile decision consistency; not experimental hit frequency
ATP-HTVS-0C765FB89CD3,40065,4,0,0,,,,cross-profile decision consistency; not experimental hit frequency
ATP-HTVS-0C924C2A1F00,82563,4,0,0,,,,cross-profile decision consistency; not experimental hit frequency
ATP-HTVS-0CA591B42E29,85378,4,0,0,,,,cross-profile decision consistency; not experimental hit frequency
ATP-HTVS-0CB0406266F3,38243,4,0,0,,,,cross-profile decision consistency; not experimental hit frequency
ATP-HTVS-0CBFB91815ED,70274,4,0,0,,,,cross-profile decision consistency; not experimental hit frequency
ATP-HTVS-0CC0B448CED2,38179,4,0,0,,,,cross-profile decision consistency; not experimental hit frequency
ATP-HTVS-0CD00DCFE488,46273,4,0,0,,,,cross-profile decision consistency; not experimental hit frequency
ATP-HTVS-0CE67B896AED,99842,4,0,0,,,,cross-profile decision consistency; not experimental hit frequency
ATP-HTVS-0D57BDDB1211,69729,4,0,0,,,,cross-profile decision consistency; not experimental hit frequency
ATP-HTVS-0D83F5E9F976,52769,4,0,0,,,,cross-profile decision consistency; not experimental hit frequency
ATP-HTVS-0D8C52C362EE,73825,4,0,0,,,,cross-profile decision consistency; not experimental hit frequency
ATP-HTVS-0DE7571C9DAC,43267,4,0,0,,,,cross-profile decision consistency; not experimental hit frequency
ATP-HTVS-0E6472D072C2,1473,4,0,0,,,,cross-profile decision consistency; not experimental hit frequency
ATP-HTVS-0E76F39BB090,32387,4,0,0,,,,cross-profile decision consistency; not experimental hit frequency
ATP-HTVS-0E779CFB9E8D,92771,4,0,0,,,,cross-profile decision consistency; not experimental hit frequency
ATP-HTVS-0EB7A7111FDE,80385,4,0,0,,,,cross-profile decision consistency; not experimental hit frequency
ATP-HTVS-0F3A12BD04AB,91361,4,0,0,,,,cross-profile decision consistency; not experimental hit frequency
ATP-HTVS-0F469DA925F8,70337,4,0,0,,,,cross-profile decision consistency; not experimental hit frequency
ATP-HTVS-0F46F3379ABF,71235,4,0,0,,,,cross-profile decision consistency; not experimental hit frequency
ATP-HTVS-0F4AF3905209,96993,4,0,0,,,,cross-profile decision consistency; not experimental hit frequency
ATP-HTVS-0F6915EAEEA3,79267,4,0,0,,,,cross-profile decision consistency; not experimental hit frequency
ATP-HTVS-0F755B78CCFB,95490,4,0,0,,,,cross-profile decision consistency; not experimental hit frequency
ATP-HTVS-0F900EB338B9,82082,4,0,0,,,,cross-profile decision consistency; not experimental hit frequency
ATP-HTVS-0FD0361A2408,93698,4,0,0,,,,cross-profile decision consistency; not experimental hit frequency
ATP-HTVS-0FDC7A3FF1CA,47107,4,0,0,,,,cross-profile decision consistency; not experimental hit frequency
ATP-HTVS-103E90EA5971,80961,4,0,0,,,,cross-profile decision consistency; not experimental hit frequency
ATP-HTVS-106685DD3ACA,70754,4,0,0,,,,cross-profile decision consistency; not experimental hit frequency
ATP-HTVS-10900B51E20F,58209,4,0,0,,,,cross-profile decision consistency; not experimental hit frequency
ATP-HTVS-109B405B023F,43907,4,0,0,,,,cross-profile decision consistency; not experimental hit frequency
ATP-HTVS-10A4E2B2EADA,92833,4,0,0,,,,cross-profile decision consistency; not experimental hit frequency
ATP-HTVS-11489B74AE1C,69539,4,0,0,,,,cross-profile decision consistency; not experimental hit frequency
ATP-HTVS-115B93EFBC96,98209,4,0,0,,,,cross-profile decision consistency; not experimental hit frequency
ATP-HTVS-11C14F34C5FE,35233,4,0,0,,,,cross-profile decision consistency; not experimental hit frequency
ATP-HTVS-11CEFB3A39DF,61475,4,0,0,,,,cross-profile decision consistency; not experimental hit frequency
ATP-HTVS-11E35EA06531,61505,4,0,0,,,,cross-profile decision consistency; not experimental hit frequency
ATP-HTVS-125A7E13CFB1,85089,4,0,0,,,,cross-profile decision consistency; not experimental hit frequency
ATP-HTVS-12CEF0BA8B10,31426,4,0,0,,,,cross-profile decision consistency; not experimental hit frequency
ATP-HTVS-132672672DF9,95778,4,0,0,,,,cross-profile decision consistency; not experimental hit frequency
ATP-HTVS-132BACAA4698,82561,4,0,0,,,,cross-profile decision consistency; not experimental hit frequency
ATP-HTVS-134FC0CB3694,71041,4,0,0,,,,cross-profile decision consistency; not experimental hit frequency
ATP-HTVS-1356F7D69808,27907,4,0,0,,,,cross-profile decision consistency; not experimental hit frequency
ATP-HTVS-1373BD200FA0,72865,4,0,0,,,,cross-profile decision consistency; not experimental hit frequency
ATP-HTVS-1377A1139B97,96002,4,0,0,,,,cross-profile decision consistency; not experimental hit frequency
ATP-HTVS-138C9DBD3419,68321,4,0,0,,,,cross-profile decision consistency; not experimental hit frequency
ATP-HTVS-13A5AE9C2B6A,88258,4,0,0,,,,cross-profile decision consistency; not experimental hit frequency
ATP-HTVS-1402A7ED8177,450,4,0,0,,,,cross-profile decision consistency; not experimental hit frequency
ATP-HTVS-143D46541936,71362,4,0,0,,,,cross-profile decision consistency; not experimental hit frequency
ATP-HTVS-1449F4F4BA71,89058,4,0,0,,,,cross-profile decision consistency; not experimental hit frequency
ATP-HTVS-14724C615932,53281,4,0,0,,,,cross-profile decision consistency; not experimental hit frequency
ATP-HTVS-14AE04B6952B,40129,4,0,0,,,,cross-profile decision consistency; not experimental hit frequency
ATP-HTVS-14BA2D75CE49,449,4,0,0,,,,cross-profile decision consistency; not experimental hit frequency
ATP-HTVS-1551732D1515,43266,4,0,0,,,,cross-profile decision consistency; not experimental hit frequency
ATP-HTVS-159795FE363C,92387,4,0,0,,,,cross-profile decision consistency; not experimental hit frequency
ATP-HTVS-159959ECB567,70723,4,0,0,,,,cross-profile decision consistency; not experimental hit frequency
ATP-HTVS-159CD8CCFA6D,50978,4,0,0,,,,cross-profile decision consistency; not experimental hit frequency
ATP-HTVS-159F0F821AF9,96098,4,0,0,,,,cross-profile decision consistency; not experimental hit frequency
ATP-HTVS-15A0030054C0,69441,4,0,0,,,,cross-profile decision consistency; not experimental hit frequency
ATP-HTVS-15F2A5DBBD51,68225,4,0,0,,,,cross-profile decision consistency; not experimental hit frequency
ATP-HTVS-15FA43506D9E,31298,4,0,0,,,,cross-profile decision consistency; not experimental hit frequency
ATP-HTVS-16140744D8E5,56385,4,0,0,,,,cross-profile decision consistency; not experimental hit frequency
ATP-HTVS-16316C23D1E4,71169,4,0,0,,,,cross-profile decision consistency; not experimental hit frequency
ATP-HTVS-167535894C2D,33218,4,0,0,,,,cross-profile decision consistency; not experimental hit frequency
ATP-HTVS-169071BECF96,81441,4,0,0,,,,cross-profile decision consistency; not experimental hit frequency
ATP-HTVS-16A35D40F1B5,38337,4,0,0,,,,cross-profile decision consistency; not experimental hit frequency
ATP-HTVS-16AC68300479,69859,4,0,0,,,,cross-profile decision consistency; not experimental hit frequency
ATP-HTVS-16D62B7C6E45,82339,4,0,0,,,,cross-profile decision consistency; not experimental hit frequency
ATP-HTVS-16D892EEAEA4,74883,4,0,0,,,,cross-profile decision consistency; not experimental hit frequency
ATP-HTVS-1714ADEB4D31,82945,4,0,0,,,,cross-profile decision consistency; not experimental hit frequency
ATP-HTVS-17511F2B790B,26499,4,0,0,,,,cross-profile decision consistency; not experimental hit frequency
ATP-HTVS-1776C87C4427,90243,4,0,0,,,,cross-profile decision consistency; not experimental hit frequency
ATP-HTVS-17940C77D749,73155,4,0,0,,,,cross-profile decision consistency; not experimental hit frequency
ATP-HTVS-17A38785E483,22881,4,0,0,,,,cross-profile decision consistency; not experimental hit frequency
ATP-HTVS-17C024B1EE7E,46369,4,0,0,,,,cross-profile decision consistency; not experimental hit frequency
ATP-HTVS-17D20C07D7F4,84579,4,0,0,,,,cross-profile decision consistency; not experimental hit frequency
ATP-HTVS-17FF806DFA04,81121,4,0,0,,,,cross-profile decision consistency; not experimental hit frequency
ATP-HTVS-18044BD9974D,64643,4,0,0,,,,cross-profile decision consistency; not experimental hit frequency
ATP-HTVS-1817E5512E7A,88034,4,0,0,,,,cross-profile decision consistency; not experimental hit frequency
ATP-HTVS-18265C9EB86B,7299,4,0,0,,,,cross-profile decision consistency; not experimental hit frequency
ATP-HTVS-185EDA97C211,76994,4,0,0,,,,cross-profile decision consistency; not experimental hit frequency
ATP-HTVS-18A7589C7FB7,94049,4,0,0,,,,cross-profile decision consistency; not experimental hit frequency
ATP-HTVS-18AAC668D3EC,81058,4,0,0,,,,cross-profile decision consistency; not experimental hit frequency
ATP-HTVS-18CFABF6753A,53793,4,0,0,,,,cross-profile decision consistency; not experimental hit frequency
ATP-HTVS-18FDFF56F821,38785,4,0,0,,,,cross-profile decision consistency; not experimental hit frequency
ATP-HTVS-190A8EA9B17C,31297,4,0,0,,,,cross-profile decision consistency; not experimental hit frequency
ATP-HTVS-1928ECDAF189,20003,4,0,0,,,,cross-profile decision consistency; not experimental hit frequency
ATP-HTVS-193F5213E1F4,63266,4,0,0,,,,cross-profile decision consistency; not experimental hit frequency
ATP-HTVS-1940D4055FE9,82787,4,0,0,,,,cross-profile decision consistency; not experimental hit frequency
ATP-HTVS-1952D56C5A08,95489,4,0,0,,,,cross-profile decision consistency; not experimental hit frequency
ATP-HTVS-196468D2BF96,87299,4,0,0,,,,cross-profile decision consistency; not experimental hit frequency
ATP-HTVS-19D22C817A74,93507,4,0,0,,,,cross-profile decision consistency; not experimental hit frequency
ATP-HTVS-19D9965850C9,38370,4,0,0,,,,cross-profile decision consistency; not experimental hit frequency
ATP-HTVS-19DB56372FFA,71203,4,0,0,,,,cross-profile decision consistency; not experimental hit frequency
ATP-HTVS-19E5DD3F936E,48931,4,0,0,,,,cross-profile decision consistency; not experimental hit frequency
ATP-HTVS-19E7C62EA548,27651,4,0,0,,,,cross-profile decision consistency; not experimental hit frequency
ATP-HTVS-1A821EC4699A,87905,4,0,0,,,,cross-profile decision consistency; not experimental hit frequency
ATP-HTVS-1A8854DD1E1A,4003,4,0,0,,,,cross-profile decision consistency; not experimental hit frequency
ATP-HTVS-1AA1BAAE4A01,84386,4,0,0,,,,cross-profile decision consistency; not experimental hit frequency
ATP-HTVS-1ACF073F315C,44323,4,0,0,,,,cross-profile decision consistency; not experimental hit frequency
ATP-HTVS-1AEE198E3D8C,1538,4,0,0,,,,cross-profile decision consistency; not experimental hit frequency
ATP-HTVS-1B05407455E5,40642,4,0,0,,,,cross-profile decision consistency; not experimental hit frequency
ATP-HTVS-1B1248DF0721,71426,4,0,0,,,,cross-profile decision consistency; not experimental hit frequency
ATP-HTVS-1B366D2FDBBA,81123,4,0,0,,,,cross-profile decision consistency; not experimental hit frequency
ATP-HTVS-1B509C27CE75,60833,4,0,0,,,,cross-profile decision consistency; not experimental hit frequency
ATP-HTVS-1B60B6D0433D,66017,4,0,0,,,,cross-profile decision consistency; not experimental hit frequency
ATP-HTVS-1B84D304C2ED,89921,4,0,0,,,,cross-profile decision consistency; not experimental hit frequency
ATP-HTVS-1B9CB386F0F9,22755,4,0,0,,,,cross-profile decision consistency; not experimental hit frequency
ATP-HTVS-1C066C79A7D0,44515,4,0,0,,,,cross-profile decision consistency; not experimental hit frequency
ATP-HTVS-1C1B7F9BB8FF,77346,4,0,0,,,,cross-profile decision consistency; not experimental hit frequency
ATP-HTVS-1C463A9823EA,77731,4,0,0,,,,cross-profile decision consistency; not experimental hit frequency
ATP-HTVS-1C4EC58A3066,92899,4,0,0,,,,cross-profile decision consistency; not experimental hit frequency
ATP-HTVS-1C71F28794EF,86081,4,0,0,,,,cross-profile decision consistency; not experimental hit frequency
ATP-HTVS-1C9D0B7FE190,98594,4,0,0,,,,cross-profile decision consistency; not experimental hit frequency
ATP-HTVS-1CAAE7675504,51651,4,0,0,,,,cross-profile decision consistency; not experimental hit frequency
ATP-HTVS-1CF603621065,85794,4,0,0,,,,cross-profile decision consistency; not experimental hit frequency
ATP-HTVS-1D0FF5192E4C,80545,4,0,0,,,,cross-profile decision consistency; not experimental hit frequency
ATP-HTVS-1D1DA7871618,20226,4,0,0,,,,cross-profile decision consistency; not experimental hit frequency
ATP-HTVS-1D28793FB59B,57954,4,0,0,,,,cross-profile decision consistency; not experimental hit frequency
ATP-HTVS-1D3C11D6B0D4,95330,4,0,0,,,,cross-profile decision consistency; not experimental hit frequency
ATP-HTVS-1DC16EDC7F4D,32451,4,0,0,,,,cross-profile decision consistency; not experimental hit frequency
ATP-HTVS-1DC6D2F4A05D,67233,4,0,0,,,,cross-profile decision consistency; not experimental hit frequency
ATP-HTVS-1DD46A13AEBB,58369,4,0,0,,,,cross-profile decision consistency; not experimental hit frequency
ATP-HTVS-1E20B63FDE5F,82850,4,0,0,,,,cross-profile decision consistency; not experimental hit frequency
ATP-HTVS-1E475A4B97CE,20387,4,0,0,,,,cross-profile decision consistency; not experimental hit frequency
ATP-HTVS-1E5A6A308B25,86881,4,0,0,,,,cross-profile decision consistency; not experimental hit frequency
ATP-HTVS-1EBFDE0160CD,86882,4,0,0,,,,cross-profile decision consistency; not experimental hit frequency
ATP-HTVS-1F874564E13F,80035,4,0,0,,,,cross-profile decision consistency; not experimental hit frequency
ATP-HTVS-1F9A02273F27,69026,4,0,0,,,,cross-profile decision consistency; not experimental hit frequency
ATP-HTVS-1FAE7495FCDD,91266,4,0,0,,,,cross-profile decision consistency; not experimental hit frequency
ATP-HTVS-1FED3714464D,70306,4,0,0,,,,cross-profile decision consistency; not experimental hit frequency
ATP-HTVS-1FF6C325CA7A,86530,4,0,0,,,,cross-profile decision consistency; not experimental hit frequency
ATP-HTVS-203210320F32,88033,4,0,0,,,,cross-profile decision consistency; not experimental hit frequency
ATP-HTVS-20B250E7AB9A,20673,4,0,0,,,,cross-profile decision consistency; not experimental hit frequency
ATP-HTVS-20FB50B88593,58595,4,0,0,,,,cross-profile decision consistency; not experimental hit frequency
ATP-HTVS-2118F57CAFF1,72385,4,0,0,,,,cross-profile decision consistency; not experimental hit frequency
ATP-HTVS-2125555B1DA5,84706,4,0,0,,,,cross-profile decision consistency; not experimental hit frequency
ATP-HTVS-217395D9F0A5,49825,4,0,0,,,,cross-profile decision consistency; not experimental hit frequency
ATP-HTVS-217B57A40B61,22753,4,0,0,,,,cross-profile decision consistency; not experimental hit frequency
ATP-HTVS-218E3E4A28A7,95618,4,0,0,,,,cross-profile decision consistency; not experimental hit frequency
ATP-HTVS-21B7BD60A2C7,81347,4,0,0,,,,cross-profile decision consistency; not experimental hit frequency
ATP-HTVS-21B7E8D8DA00,84930,4,0,0,,,,cross-profile decision consistency; not experimental hit frequency
ATP-HTVS-21BB1C807E7E,36099,4,0,0,,,,cross-profile decision consistency; not experimental hit frequency
ATP-HTVS-21D2D8C367A1,93506,4,0,0,,,,cross-profile decision consistency; not experimental hit frequency
ATP-HTVS-22634BBBCB97,66019,4,0,0,,,,cross-profile decision consistency; not experimental hit frequency
ATP-HTVS-2275AB855C30,82946,4,0,0,,,,cross-profile decision consistency; not experimental hit frequency
ATP-HTVS-22C0C64F65E9,35330,4,0,0,,,,cross-profile decision consistency; not experimental hit frequency
ATP-HTVS-22E2482E2999,48354,4,0,0,,,,cross-profile decision consistency; not experimental hit frequency
ATP-HTVS-22E536A2C0FA,57601,4,0,0,,,,cross-profile decision consistency; not experimental hit frequency
ATP-HTVS-22FAF80E23F8,94401,4,0,0,,,,cross-profile decision consistency; not experimental hit frequency
ATP-HTVS-23113A9B9381,33411,4,0,0,,,,cross-profile decision consistency; not experimental hit frequency
ATP-HTVS-2368A2FD4D76,87745,4,0,0,,,,cross-profile decision consistency; not experimental hit frequency
ATP-HTVS-239E0EA8BC65,54689,4,0,0,,,,cross-profile decision consistency; not experimental hit frequency
ATP-HTVS-23EBF8E8F6E9,86787,4,0,0,,,,cross-profile decision consistency; not experimental hit frequency
ATP-HTVS-23EDEB47FF93,71874,4,0,0,,,,cross-profile decision consistency; not experimental hit frequency
ATP-HTVS-23F526837945,92834,4,0,0,,,,cross-profile decision consistency; not experimental hit frequency
ATP-HTVS-244A9AEB7273,5347,4,0,0,,,,cross-profile decision consistency; not experimental hit frequency
ATP-HTVS-247B97B4CA47,61825,4,0,0,,,,cross-profile decision consistency; not experimental hit frequency
ATP-HTVS-2485F4B11063,64065,4,0,0,,,,cross-profile decision consistency; not experimental hit frequency
ATP-HTVS-24E588DA0D03,95714,4,0,0,,,,cross-profile decision consistency; not experimental hit frequency
ATP-HTVS-2507C3370FB9,84259,4,0,0,,,,cross-profile decision consistency; not experimental hit frequency
ATP-HTVS-255C97768CDB,63778,4,0,0,,,,cross-profile decision consistency; not experimental hit frequency
ATP-HTVS-258E82C8B178,35362,4,0,0,,,,cross-profile decision consistency; not experimental hit frequency
ATP-HTVS-2598958FABEA,76961,4,0,0,,,,cross-profile decision consistency; not experimental hit frequency
ATP-HTVS-25BEFE000F10,95682,4,0,0,,,,cross-profile decision consistency; not experimental hit frequency
ATP-HTVS-26104959C4F1,79713,4,0,0,,,,cross-profile decision consistency; not experimental hit frequency
ATP-HTVS-2641D0EED03A,61889,4,0,0,,,,cross-profile decision consistency; not experimental hit frequency
ATP-HTVS-267F6CCD1B36,79811,4,0,0,,,,cross-profile decision consistency; not experimental hit frequency
ATP-HTVS-2699169FE698,4866,4,0,0,,,,cross-profile decision consistency; not experimental hit frequency
ATP-HTVS-269AF530E7D7,62595,4,0,0,,,,cross-profile decision consistency; not experimental hit frequency
ATP-HTVS-27050A3A08BE,12355,4,0,0,,,,cross-profile decision consistency; not experimental hit frequency
ATP-HTVS-27135ACF267B,59107,4,0,0,,,,cross-profile decision consistency; not experimental hit frequency
ATP-HTVS-27537703FBA2,53635,4,0,0,,,,cross-profile decision consistency; not experimental hit frequency
ATP-HTVS-277F9700EDE9,62211,4,0,0,,,,cross-profile decision consistency; not experimental hit frequency
ATP-HTVS-27B53DA4C14D,50115,4,0,0,,,,cross-profile decision consistency; not experimental hit frequency
ATP-HTVS-27BC230C206A,95937,4,0,0,,,,cross-profile decision consistency; not experimental hit frequency
ATP-HTVS-27E43B44E6A8,92067,4,0,0,,,,cross-profile decision consistency; not experimental hit frequency
ATP-HTVS-27FE3E1C2A9E,72194,4,0,0,,,,cross-profile decision consistency; not experimental hit frequency
ATP-HTVS-2801EC41FD47,97569,4,0,0,,,,cross-profile decision consistency; not experimental hit frequency
ATP-HTVS-2818D10B14C2,35009,4,0,0,,,,cross-profile decision consistency; not experimental hit frequency
ATP-HTVS-286379397336,30625,4,0,0,,,,cross-profile decision consistency; not experimental hit frequency
ATP-HTVS-28D90B8D287A,81475,4,0,0,,,,cross-profile decision consistency; not experimental hit frequency
ATP-HTVS-28F6129F8E3C,70305,4,0,0,,,,cross-profile decision consistency; not experimental hit frequency
ATP-HTVS-2912F4F66BA1,81186,4,0,0,,,,cross-profile decision consistency; not experimental hit frequency
ATP-HTVS-291AE177F52E,43107,4,0,0,,,,cross-profile decision consistency; not experimental hit frequency
ATP-HTVS-2A14F6A33EFE,2018,4,0,0,,,,cross-profile decision consistency; not experimental hit frequency
ATP-HTVS-2A420AE0278C,57730,4,0,0,,,,cross-profile decision consistency; not experimental hit frequency
ATP-HTVS-2A473A7CBE48,82306,4,0,0,,,,cross-profile decision consistency; not experimental hit frequency
ATP-HTVS-2A6980A94AB8,12579,4,0,0,,,,cross-profile decision consistency; not experimental hit frequency
ATP-HTVS-2A91244EC1AD,33347,4,0,0,,,,cross-profile decision consistency; not experimental hit frequency
ATP-HTVS-2AC4031F681F,85858,4,0,0,,,,cross-profile decision consistency; not experimental hit frequency
ATP-HTVS-2AD5F3716208,34434,4,0,0,,,,cross-profile decision consistency; not experimental hit frequency
ATP-HTVS-2AFCB32282C0,34529,4,0,0,,,,cross-profile decision consistency; not experimental hit frequency
ATP-HTVS-2B2381835080,40034,4,0,0,,,,cross-profile decision consistency; not experimental hit frequency
ATP-HTVS-2B54247B4108,84161,4,0,0,,,,cross-profile decision consistency; not experimental hit frequency
ATP-HTVS-2B683AA1DF30,89507,4,0,0,,,,cross-profile decision consistency; not experimental hit frequency
ATP-HTVS-2B725536FCE2,99329,4,0,0,,,,cross-profile decision consistency; not experimental hit frequency
ATP-HTVS-2B784D1D7344,72482,4,0,0,,,,cross-profile decision consistency; not experimental hit frequency
ATP-HTVS-2C366CB23264,58529,4,0,0,,,,cross-profile decision consistency; not experimental hit frequency
ATP-HTVS-2C5504015D66,57538,4,0,0,,,,cross-profile decision consistency; not experimental hit frequency
ATP-HTVS-2C72C850E8DC,37538,4,0,0,,,,cross-profile decision consistency; not experimental hit frequency
ATP-HTVS-2C852BECD08A,27585,4,0,0,,,,cross-profile decision consistency; not experimental hit frequency
ATP-HTVS-2C8A8FE641B8,72034,4,0,0,,,,cross-profile decision consistency; not experimental hit frequency
ATP-HTVS-2CB691E3F247,42273,4,0,0,,,,cross-profile decision consistency; not experimental hit frequency
ATP-HTVS-2CD40FD4C79D,61539,4,0,0,,,,cross-profile decision consistency; not experimental hit frequency
ATP-HTVS-2CDCEBF2F10D,77889,4,0,0,,,,cross-profile decision consistency; not experimental hit frequency
ATP-HTVS-2D0B83E336C6,42274,4,0,0,,,,cross-profile decision consistency; not experimental hit frequency
ATP-HTVS-2D571D26B6AC,90529,4,0,0,,,,cross-profile decision consistency; not experimental hit frequency
ATP-HTVS-2D5D363D0DBE,30818,4,0,0,,,,cross-profile decision consistency; not experimental hit frequency
ATP-HTVS-2DA674675DE4,42977,4,0,0,,,,cross-profile decision consistency; not experimental hit frequency
ATP-HTVS-2DB2F1DB5A18,61571,4,0,0,,,,cross-profile decision consistency; not experimental hit frequency
ATP-HTVS-2DB2F8E5543E,82081,4,0,0,,,,cross-profile decision consistency; not experimental hit frequency
ATP-HTVS-2DBBB7EE3EAF,40130,4,0,0,,,,cross-profile decision consistency; not experimental hit frequency
ATP-HTVS-2E0BAC8D644B,87746,4,0,0,,,,cross-profile decision consistency; not experimental hit frequency
ATP-HTVS-2E3C44D093AA,17857,4,0,0,,,,cross-profile decision consistency; not experimental hit frequency
ATP-HTVS-2E3E6C1A8749,91843,4,0,0,,,,cross-profile decision consistency; not experimental hit frequency
ATP-HTVS-2E4BDA1C28D9,99937,4,0,0,,,,cross-profile decision consistency; not experimental hit frequency
ATP-HTVS-2E7AE7689BA0,25602,4,0,0,,,,cross-profile decision consistency; not experimental hit frequency
ATP-HTVS-2ECA33AB7628,73634,4,0,0,,,,cross-profile decision consistency; not experimental hit frequency
ATP-HTVS-2EE3FF4CB435,49219,4,0,0,,,,cross-profile decision consistency; not experimental hit frequency
ATP-HTVS-2F35A8572662,23459,4,0,0,,,,cross-profile decision consistency; not experimental hit frequency
ATP-HTVS-2F483D9FE7EF,3937,4,0,0,,,,cross-profile decision consistency; not experimental hit frequency
ATP-HTVS-2F9574F7896C,85185,4,0,0,,,,cross-profile decision consistency; not experimental hit frequency
ATP-HTVS-2F9E11536268,92386,4,0,0,,,,cross-profile decision consistency; not experimental hit frequency
ATP-HTVS-2FD0321978A1,47427,4,0,0,,,,cross-profile decision consistency; not experimental hit frequency
ATP-HTVS-2FDBF4F6464D,85218,4,0,0,,,,cross-profile decision consistency; not experimental hit frequency
ATP-HTVS-2FF622879777,92707,4,0,0,,,,cross-profile decision consistency; not experimental hit frequency
ATP-HTVS-30270CEE1891,59297,4,0,0,,,,cross-profile decision consistency; not experimental hit frequency
ATP-HTVS-305D97AD9924,74114,4,0,0,,,,cross-profile decision consistency; not experimental hit frequency
ATP-HTVS-30920D5A25EC,68290,4,0,0,,,,cross-profile decision consistency; not experimental hit frequency
ATP-HTVS-30B3F39EA660,48035,4,0,0,,,,cross-profile decision consistency; not experimental hit frequency
ATP-HTVS-30BD0ED907F3,32770,4,0,0,,,,cross-profile decision consistency; not experimental hit frequency
ATP-HTVS-30D2448AA284,71137,4,0,0,,,,cross-profile decision consistency; not experimental hit frequency
ATP-HTVS-3100283A95A9,60066,4,0,0,,,,cross-profile decision consistency; not experimental hit frequency
ATP-HTVS-313D067647DC,54849,4,0,0,,,,cross-profile decision consistency; not experimental hit frequency
ATP-HTVS-31B048FE5E9A,99298,4,0,0,,,,cross-profile decision consistency; not experimental hit frequency
ATP-HTVS-322651E221E8,67842,4,0,0,,,,cross-profile decision consistency; not experimental hit frequency
ATP-HTVS-323526AAC152,84355,4,0,0,,,,cross-profile decision consistency; not experimental hit frequency
ATP-HTVS-3254A7EDB406,72033,4,0,0,,,,cross-profile decision consistency; not experimental hit frequency
ATP-HTVS-327AC6849941,85090,4,0,0,,,,cross-profile decision consistency; not experimental hit frequency
ATP-HTVS-32D1D0195572,89443,4,0,0,,,,cross-profile decision consistency; not experimental hit frequency
ATP-HTVS-33706D459A7A,91618,4,0,0,,,,cross-profile decision consistency; not experimental hit frequency
ATP-HTVS-337D10985B1B,47106,4,0,0,,,,cross-profile decision consistency; not experimental hit frequency
ATP-HTVS-33BC72D3D2BF,81217,4,0,0,,,,cross-profile decision consistency; not experimental hit frequency
ATP-HTVS-34AD6DA38229,96929,4,0,0,,,,cross-profile decision consistency; not experimental hit frequency
ATP-HTVS-34E58924FFDD,63425,4,0,0,,,,cross-profile decision consistency; not experimental hit frequency
ATP-HTVS-351CA3F2F79F,84738,4,0,0,,,,cross-profile decision consistency; not experimental hit frequency
ATP-HTVS-35279CDCCBE9,29026,4,0,0,,,,cross-profile decision consistency; not experimental hit frequency
ATP-HTVS-354B8B3BDEB4,62498,4,0,0,,,,cross-profile decision consistency; not experimental hit frequency
ATP-HTVS-3565F86F920E,47203,4,0,0,,,,cross-profile decision consistency; not experimental hit frequency
ATP-HTVS-357411F5F88B,74113,4,0,0,,,,cross-profile decision consistency; not experimental hit frequency
ATP-HTVS-35C3F0A919D0,82019,4,0,0,,,,cross-profile decision consistency; not experimental hit frequency
ATP-HTVS-35F96912410D,85538,4,0,0,,,,cross-profile decision consistency; not experimental hit frequency
ATP-HTVS-362E300BB66B,5762,4,0,0,,,,cross-profile decision consistency; not experimental hit frequency
ATP-HTVS-3634D47351B0,22754,4,0,0,,,,cross-profile decision consistency; not experimental hit frequency
ATP-HTVS-3654BFD7575B,81409,4,0,0,,,,cross-profile decision consistency; not experimental hit frequency
ATP-HTVS-366F4BAC4B87,78434,4,0,0,,,,cross-profile decision consistency; not experimental hit frequency
ATP-HTVS-3676162553B8,62241,4,0,0,,,,cross-profile decision consistency; not experimental hit frequency
ATP-HTVS-368B62E0C748,29569,4,0,0,,,,cross-profile decision consistency; not experimental hit frequency
ATP-HTVS-369F0F09D6A7,81955,4,0,0,,,,cross-profile decision consistency; not experimental hit frequency
ATP-HTVS-36CDFE25DCA8,48866,4,0,0,,,,cross-profile decision consistency; not experimental hit frequency
ATP-HTVS-37164D6EE04D,58531,4,0,0,,,,cross-profile decision consistency; not experimental hit frequency
ATP-HTVS-375881F1CECF,69635,4,0,0,,,,cross-profile decision consistency; not experimental hit frequency
ATP-HTVS-37921E17B72D,72225,4,0,0,,,,cross-profile decision consistency; not experimental hit frequency
ATP-HTVS-37A579E82C38,28641,4,0,0,,,,cross-profile decision consistency; not experimental hit frequency
ATP-HTVS-37D34080A09D,36291,4,0,0,,,,cross-profile decision consistency; not experimental hit frequency
ATP-HTVS-37EC6A305554,73986,4,0,0,,,,cross-profile decision consistency; not experimental hit frequency
ATP-HTVS-37F8BE6B2288,68929,4,0,0,,,,cross-profile decision consistency; not experimental hit frequency
ATP-HTVS-381C421540AF,67234,4,0,0,,,,cross-profile decision consistency; not experimental hit frequency
ATP-HTVS-38928739B049,49763,4,0,0,,,,cross-profile decision consistency; not experimental hit frequency
ATP-HTVS-389B4B823B19,92545,4,0,0,,,,cross-profile decision consistency; not experimental hit frequency
ATP-HTVS-38AA30AE7592,4258,4,0,0,,,,cross-profile decision consistency; not experimental hit frequency
ATP-HTVS-38B17C32C2B1,90305,4,0,0,,,,cross-profile decision consistency; not experimental hit frequency
ATP-HTVS-38BDED367A54,94307,4,0,0,,,,cross-profile decision consistency; not experimental hit frequency
ATP-HTVS-391C9D64EC7D,20547,4,0,0,,,,cross-profile decision consistency; not experimental hit frequency
ATP-HTVS-394457ED9ABE,67073,4,0,0,,,,cross-profile decision consistency; not experimental hit frequency
ATP-HTVS-3966CEFE893D,72705,4,0,0,,,,cross-profile decision consistency; not experimental hit frequency
ATP-HTVS-397149B089BD,39490,4,0,0,,,,cross-profile decision consistency; not experimental hit frequency
ATP-HTVS-3991B5D40CBE,95969,4,0,0,,,,cross-profile decision consistency; not experimental hit frequency
ATP-HTVS-39B6454C3B57,69027,4,0,0,,,,cross-profile decision consistency; not experimental hit frequency
ATP-HTVS-39C66FA1D927,91619,4,0,0,,,,cross-profile decision consistency; not experimental hit frequency
ATP-HTVS-3A2C3DD6A630,99105,4,0,0,,,,cross-profile decision consistency; not experimental hit frequency
ATP-HTVS-3A4856D72337,84225,4,0,0,,,,cross-profile decision consistency; not experimental hit frequency
ATP-HTVS-3A71FF84034D,20131,4,0,0,,,,cross-profile decision consistency; not experimental hit frequency
ATP-HTVS-3A7288617524,95746,4,0,0,,,,cross-profile decision consistency; not experimental hit frequency
ATP-HTVS-3A96A568DDAE,89089,4,0,0,,,,cross-profile decision consistency; not experimental hit frequency
ATP-HTVS-3AF3BD852D4F,90753,4,0,0,,,,cross-profile decision consistency; not experimental hit frequency
ATP-HTVS-3B1236037689,83073,4,0,0,,,,cross-profile decision consistency; not experimental hit frequency
ATP-HTVS-3B2E01AF7BF8,38881,4,0,0,,,,cross-profile decision consistency; not experimental hit frequency
ATP-HTVS-3B360A484FEF,85474,4,0,0,,,,cross-profile decision consistency; not experimental hit frequency
ATP-HTVS-3B3954EE8C13,84897,4,0,0,,,,cross-profile decision consistency; not experimental hit frequency
ATP-HTVS-3B500C8F5D3A,77442,4,0,0,,,,cross-profile decision consistency; not experimental hit frequency
ATP-HTVS-3B52AE15A314,74081,4,0,0,,,,cross-profile decision consistency; not experimental hit frequency
ATP-HTVS-3B591F4F1DA1,4259,4,0,0,,,,cross-profile decision consistency; not experimental hit frequency
ATP-HTVS-3B615F85BA41,73953,4,0,0,,,,cross-profile decision consistency; not experimental hit frequency
ATP-HTVS-3B760C3B8D5C,71811,4,0,0,,,,cross-profile decision consistency; not experimental hit frequency
ATP-HTVS-3B9AE635146A,63874,4,0,0,,,,cross-profile decision consistency; not experimental hit frequency
ATP-HTVS-3BC1681A99C2,35363,4,0,0,,,,cross-profile decision consistency; not experimental hit frequency
ATP-HTVS-3BCB6D34D9FC,82627,4,0,0,,,,cross-profile decision consistency; not experimental hit frequency
ATP-HTVS-3BEA167C6DE4,61442,4,0,0,,,,cross-profile decision consistency; not experimental hit frequency
ATP-HTVS-3BFEB00B17A1,96386,4,0,0,,,,cross-profile decision consistency; not experimental hit frequency
ATP-HTVS-3C30D082388E,37539,4,0,0,,,,cross-profile decision consistency; not experimental hit frequency
ATP-HTVS-3C5237794D05,44097,4,0,0,,,,cross-profile decision consistency; not experimental hit frequency
ATP-HTVS-3D55EC2CCC26,92001,4,0,0,,,,cross-profile decision consistency; not experimental hit frequency
ATP-HTVS-3D580430A1F8,89410,4,0,0,,,,cross-profile decision consistency; not experimental hit frequency
ATP-HTVS-3D9456613EE7,71427,4,0,0,,,,cross-profile decision consistency; not experimental hit frequency
ATP-HTVS-3DA95123E47A,56993,4,0,0,,,,cross-profile decision consistency; not experimental hit frequency
ATP-HTVS-3DABA9A3BF24,35619,4,0,0,,,,cross-profile decision consistency; not experimental hit frequency
ATP-HTVS-3DB1B8B928B3,68034,4,0,0,,,,cross-profile decision consistency; not experimental hit frequency
ATP-HTVS-3DDAC51E87DA,72514,4,0,0,,,,cross-profile decision consistency; not experimental hit frequency
ATP-HTVS-3E3A2065ACC9,14370,4,0,0,,,,cross-profile decision consistency; not experimental hit frequency
ATP-HTVS-3E4E6B1035DE,50531,4,0,0,,,,cross-profile decision consistency; not experimental hit frequency
ATP-HTVS-3E51FD2FD256,56033,4,0,0,,,,cross-profile decision consistency; not experimental hit frequency
ATP-HTVS-3E71027F124F,67650,4,0,0,,,,cross-profile decision consistency; not experimental hit frequency
ATP-HTVS-3E71DFC624D6,82465,4,0,0,,,,cross-profile decision consistency; not experimental hit frequency
ATP-HTVS-3EAEA7611BE9,52738,4,0,0,,,,cross-profile decision consistency; not experimental hit frequency
ATP-HTVS-3ED7BF8E1128,59586,4,0,0,,,,cross-profile decision consistency; not experimental hit frequency
ATP-HTVS-3F61FE181838,65473,4,0,0,,,,cross-profile decision consistency; not experimental hit frequency
ATP-HTVS-3F7C0C4A7C85,44483,4,0,0,,,,cross-profile decision consistency; not experimental hit frequency
ATP-HTVS-3FE2C8D8A747,85473,4,0,0,,,,cross-profile decision consistency; not experimental hit frequency
ATP-HTVS-3FE3F52D89A6,78210,4,0,0,,,,cross-profile decision consistency; not experimental hit frequency
ATP-HTVS-3FEB13A0176D,79265,4,0,0,,,,cross-profile decision consistency; not experimental hit frequency
ATP-HTVS-4019997F6E4F,28866,4,0,0,,,,cross-profile decision consistency; not experimental hit frequency
ATP-HTVS-403847D949CB,95233,4,0,0,,,,cross-profile decision consistency; not experimental hit frequency
ATP-HTVS-4042CFA848C2,91587,4,0,0,,,,cross-profile decision consistency; not experimental hit frequency
ATP-HTVS-404DE520584C,71713,4,0,0,,,,cross-profile decision consistency; not experimental hit frequency
ATP-HTVS-40806E2DA49D,71074,4,0,0,,,,cross-profile decision consistency; not experimental hit frequency
ATP-HTVS-40CB5FD4F4D8,94114,4,0,0,,,,cross-profile decision consistency; not experimental hit frequency
ATP-HTVS-40E764CABCB1,58370,4,0,0,,,,cross-profile decision consistency; not experimental hit frequency
ATP-HTVS-410A75CF1522,26210,4,0,0,,,,cross-profile decision consistency; not experimental hit frequency
ATP-HTVS-41202D3CA1C8,23139,4,0,0,,,,cross-profile decision consistency; not experimental hit frequency
ATP-HTVS-4128F66E5F96,34562,4,0,0,,,,cross-profile decision consistency; not experimental hit frequency
ATP-HTVS-418CD17BC8B0,70595,4,0,0,,,,cross-profile decision consistency; not experimental hit frequency
ATP-HTVS-41A031E7C6D2,27299,4,0,0,,,,cross-profile decision consistency; not experimental hit frequency
ATP-HTVS-41C13ED6AFFD,83554,4,0,0,,,,cross-profile decision consistency; not experimental hit frequency
ATP-HTVS-41DBD56D77D4,56386,4,0,0,,,,cross-profile decision consistency; not experimental hit frequency
ATP-HTVS-41DE369552E3,91201,4,0,0,,,,cross-profile decision consistency; not experimental hit frequency
ATP-HTVS-41DF5C276515,95649,4,0,0,,,,cross-profile decision consistency; not experimental hit frequency
ATP-HTVS-41EB9DEAB7C9,91683,4,0,0,,,,cross-profile decision consistency; not experimental hit frequency
ATP-HTVS-420A833C3906,29570,4,0,0,,,,cross-profile decision consistency; not experimental hit frequency
ATP-HTVS-425F81D77C05,85634,4,0,0,,,,cross-profile decision consistency; not experimental hit frequency
ATP-HTVS-429B4D57A2D0,56417,4,0,0,,,,cross-profile decision consistency; not experimental hit frequency
ATP-HTVS-42E232F3C181,95425,4,0,0,,,,cross-profile decision consistency; not experimental hit frequency
ATP-HTVS-4313C7EF8265,78307,4,0,0,,,,cross-profile decision consistency; not experimental hit frequency
ATP-HTVS-43145D4CE45B,93187,4,0,0,,,,cross-profile decision consistency; not experimental hit frequency
ATP-HTVS-4322FF013EE1,94306,4,0,0,,,,cross-profile decision consistency; not experimental hit frequency
ATP-HTVS-433854F3CEDF,69123,4,0,0,,,,cross-profile decision consistency; not experimental hit frequency
ATP-HTVS-4340E5ABA707,45635,4,0,0,,,,cross-profile decision consistency; not experimental hit frequency
ATP-HTVS-4382948120BD,74115,4,0,0,,,,cross-profile decision consistency; not experimental hit frequency
ATP-HTVS-43D1BB82511C,88481,4,0,0,,,,cross-profile decision consistency; not experimental hit frequency
ATP-HTVS-43DC0EBD36ED,75233,4,0,0,,,,cross-profile decision consistency; not experimental hit frequency
ATP-HTVS-43DEA6C9D172,31907,4,0,0,,,,cross-profile decision consistency; not experimental hit frequency
ATP-HTVS-43E54E69D2FC,49761,4,0,0,,,,cross-profile decision consistency; not experimental hit frequency
ATP-HTVS-440AFC8B752D,31650,4,0,0,,,,cross-profile decision consistency; not experimental hit frequency
ATP-HTVS-4415AB646F99,82497,4,0,0,,,,cross-profile decision consistency; not experimental hit frequency
ATP-HTVS-4418320CDB75,92835,4,0,0,,,,cross-profile decision consistency; not experimental hit frequency
ATP-HTVS-442C36D59863,49602,4,0,0,,,,cross-profile decision consistency; not experimental hit frequency
ATP-HTVS-443BC3733DB7,97250,4,0,0,,,,cross-profile decision consistency; not experimental hit frequency
ATP-HTVS-445D8195943B,74209,4,0,0,,,,cross-profile decision consistency; not experimental hit frequency
ATP-HTVS-44A2C719C105,82307,4,0,0,,,,cross-profile decision consistency; not experimental hit frequency
ATP-HTVS-44A5767B4738,74882,4,0,0,,,,cross-profile decision consistency; not experimental hit frequency
ATP-HTVS-44ACC7CEC3D6,83425,4,0,0,,,,cross-profile decision consistency; not experimental hit frequency
ATP-HTVS-44DE29768EEE,17571,4,0,0,,,,cross-profile decision consistency; not experimental hit frequency
ATP-HTVS-4503BC70E7F0,38561,4,0,0,,,,cross-profile decision consistency; not experimental hit frequency
ATP-HTVS-450A55DE989E,48930,4,0,0,,,,cross-profile decision consistency; not experimental hit frequency
ATP-HTVS-458F3EB1794A,20674,4,0,0,,,,cross-profile decision consistency; not experimental hit frequency
ATP-HTVS-45908092458F,47809,4,0,0,,,,cross-profile decision consistency; not experimental hit frequency
ATP-HTVS-459B7E30FD80,76673,4,0,0,,,,cross-profile decision consistency; not experimental hit frequency
ATP-HTVS-45A004EDB829,35234,4,0,0,,,,cross-profile decision consistency; not experimental hit frequency
ATP-HTVS-45C9FDCE5200,67554,4,0,0,,,,cross-profile decision consistency; not experimental hit frequency
ATP-HTVS-45EC04A30F13,45571,4,0,0,,,,cross-profile decision consistency; not experimental hit frequency
ATP-HTVS-461088EC3581,13442,4,0,0,,,,cross-profile decision consistency; not experimental hit frequency
ATP-HTVS-4630C8488F7C,77025,4,0,0,,,,cross-profile decision consistency; not experimental hit frequency
ATP-HTVS-464A50F6807A,88514,4,0,0,,,,cross-profile decision consistency; not experimental hit frequency
ATP-HTVS-464DF81034BD,92994,4,0,0,,,,cross-profile decision consistency; not experimental hit frequency
ATP-HTVS-4697491C32F9,77698,4,0,0,,,,cross-profile decision consistency; not experimental hit frequency
ATP-HTVS-4697A006B393,56194,4,0,0,,,,cross-profile decision consistency; not experimental hit frequency
ATP-HTVS-469EEFA86A0D,60513,4,0,0,,,,cross-profile decision consistency; not experimental hit frequency
ATP-HTVS-46A91AAE2D1D,82529,4,0,0,,,,cross-profile decision consistency; not experimental hit frequency
ATP-HTVS-46F5C2C02CE5,81411,4,0,0,,,,cross-profile decision consistency; not experimental hit frequency
ATP-HTVS-471B66EC874A,78945,4,0,0,,,,cross-profile decision consistency; not experimental hit frequency
ATP-HTVS-471CA8009E10,94562,4,0,0,,,,cross-profile decision consistency; not experimental hit frequency
ATP-HTVS-472161FD1CB3,82882,4,0,0,,,,cross-profile decision consistency; not experimental hit frequency
ATP-HTVS-47220BE834AE,78051,4,0,0,,,,cross-profile decision consistency; not experimental hit frequency
ATP-HTVS-47675EC0C4D5,67843,4,0,0,,,,cross-profile decision consistency; not experimental hit frequency
ATP-HTVS-47A17AC8C7BD,41059,4,0,0,,,,cross-profile decision consistency; not experimental hit frequency
ATP-HTVS-47BAC8FD9A9F,73409,4,0,0,,,,cross-profile decision consistency; not experimental hit frequency
ATP-HTVS-4862FE6420AB,72898,4,0,0,,,,cross-profile decision consistency; not experimental hit frequency
ATP-HTVS-48C487957C1E,66849,4,0,0,,,,cross-profile decision consistency; not experimental hit frequency
ATP-HTVS-48ECC7021683,96033,4,0,0,,,,cross-profile decision consistency; not experimental hit frequency
ATP-HTVS-491BAB709F49,88482,4,0,0,,,,cross-profile decision consistency; not experimental hit frequency
ATP-HTVS-4920657FA6C2,47234,4,0,0,,,,cross-profile decision consistency; not experimental hit frequency
ATP-HTVS-494FFDA3E05A,79810,4,0,0,,,,cross-profile decision consistency; not experimental hit frequency
ATP-HTVS-4991CDEEDD30,76385,4,0,0,,,,cross-profile decision consistency; not experimental hit frequency
ATP-HTVS-49CF595ADD5C,20834,4,0,0,,,,cross-profile decision consistency; not experimental hit frequency
ATP-HTVS-49D68E9248AF,44739,4,0,0,,,,cross-profile decision consistency; not experimental hit frequency
ATP-HTVS-4A1EB194D3B6,11747,4,0,0,,,,cross-profile decision consistency; not experimental hit frequency
ATP-HTVS-4A28AAEEA14A,71714,4,0,0,,,,cross-profile decision consistency; not experimental hit frequency
ATP-HTVS-4A3DC7D9F888,95777,4,0,0,,,,cross-profile decision consistency; not experimental hit frequency
ATP-HTVS-4A7957865725,86657,4,0,0,,,,cross-profile decision consistency; not experimental hit frequency
ATP-HTVS-4AC739BE8539,83970,4,0,0,,,,cross-profile decision consistency; not experimental hit frequency
ATP-HTVS-4AC96F3AF657,25826,4,0,0,,,,cross-profile decision consistency; not experimental hit frequency
ATP-HTVS-4AF467728185,61602,4,0,0,,,,cross-profile decision consistency; not experimental hit frequency
ATP-HTVS-4AF9C9C46A6A,50882,4,0,0,,,,cross-profile decision consistency; not experimental hit frequency
ATP-HTVS-4B144E96CFBE,75490,4,0,0,,,,cross-profile decision consistency; not experimental hit frequency
ATP-HTVS-4B5D35D2395E,61409,4,0,0,,,,cross-profile decision consistency; not experimental hit frequency
ATP-HTVS-4B689B6ED6C6,95234,4,0,0,,,,cross-profile decision consistency; not experimental hit frequency
ATP-HTVS-4B898DE9EBD2,87971,4,0,0,,,,cross-profile decision consistency; not experimental hit frequency
ATP-HTVS-4BBA1A792A2F,70529,4,0,0,,,,cross-profile decision consistency; not experimental hit frequency
ATP-HTVS-4BCACD3FB587,71139,4,0,0,,,,cross-profile decision consistency; not experimental hit frequency
ATP-HTVS-4BE062240422,80833,4,0,0,,,,cross-profile decision consistency; not experimental hit frequency
ATP-HTVS-4BFDBDCB8AC3,81857,4,0,0,,,,cross-profile decision consistency; not experimental hit frequency
ATP-HTVS-4C04B46E023C,67139,4,0,0,,,,cross-profile decision consistency; not experimental hit frequency
ATP-HTVS-4C091C5F609D,74754,4,0,0,,,,cross-profile decision consistency; not experimental hit frequency
ATP-HTVS-4C511AF0E5BD,37027,4,0,0,,,,cross-profile decision consistency; not experimental hit frequency
ATP-HTVS-4C6C1EFD2AA2,72065,4,0,0,,,,cross-profile decision consistency; not experimental hit frequency
ATP-HTVS-4CC80B7019B2,75234,4,0,0,,,,cross-profile decision consistency; not experimental hit frequency
ATP-HTVS-4CFD3E435A48,60227,4,0,0,,,,cross-profile decision consistency; not experimental hit frequency
ATP-HTVS-4D1ED9B826E8,4419,4,0,0,,,,cross-profile decision consistency; not experimental hit frequency
ATP-HTVS-4D974321991D,51619,4,0,0,,,,cross-profile decision consistency; not experimental hit frequency
ATP-HTVS-4DC88D9567D5,69986,4,0,0,,,,cross-profile decision consistency; not experimental hit frequency
ATP-HTVS-4DE86EAA2D32,76034,4,0,0,,,,cross-profile decision consistency; not experimental hit frequency
ATP-HTVS-4E16F03E37A9,70275,4,0,0,,,,cross-profile decision consistency; not experimental hit frequency
ATP-HTVS-4E652792F62F,84931,4,0,0,,,,cross-profile decision consistency; not experimental hit frequency
ATP-HTVS-4E825B07A9DF,20418,4,0,0,,,,cross-profile decision consistency; not experimental hit frequency
ATP-HTVS-4E9E59A3DA5E,69218,4,0,0,,,,cross-profile decision consistency; not experimental hit frequency
ATP-HTVS-4EA46F6E6AE0,20450,4,0,0,,,,cross-profile decision consistency; not experimental hit frequency
ATP-HTVS-4EF6126AB2D8,89666,4,0,0,,,,cross-profile decision consistency; not experimental hit frequency
ATP-HTVS-4F22ABB48DC5,71586,4,0,0,,,,cross-profile decision consistency; not experimental hit frequency
ATP-HTVS-4F450E2E91A2,68579,4,0,0,,,,cross-profile decision consistency; not experimental hit frequency
ATP-HTVS-4F5A90394674,95681,4,0,0,,,,cross-profile decision consistency; not experimental hit frequency
ATP-HTVS-4F9099514318,87875,4,0,0,,,,cross-profile decision consistency; not experimental hit frequency
ATP-HTVS-4F9E5F08F37F,89571,4,0,0,,,,cross-profile decision consistency; not experimental hit frequency
ATP-HTVS-4FCAA645F202,97537,4,0,0,,,,cross-profile decision consistency; not experimental hit frequency
ATP-HTVS-4FDD59ABF895,4961,4,0,0,,,,cross-profile decision consistency; not experimental hit frequency
ATP-HTVS-505E03B882A0,11617,4,0,0,,,,cross-profile decision consistency; not experimental hit frequency
ATP-HTVS-507C96D672B3,5570,4,0,0,,,,cross-profile decision consistency; not experimental hit frequency
ATP-HTVS-508A27B63548,61411,4,0,0,,,,cross-profile decision consistency; not experimental hit frequency
ATP-HTVS-50911053B2F5,79745,4,0,0,,,,cross-profile decision consistency; not experimental hit frequency
ATP-HTVS-50DD7346FE25,89505,4,0,0,,,,cross-profile decision consistency; not experimental hit frequency
ATP-HTVS-510C24ACBA66,94817,4,0,0,,,,cross-profile decision consistency; not experimental hit frequency
ATP-HTVS-512766A3F074,87874,4,0,0,,,,cross-profile decision consistency; not experimental hit frequency
ATP-HTVS-512BF8EF5FA0,50785,4,0,0,,,,cross-profile decision consistency; not experimental hit frequency
ATP-HTVS-512DB2E888C1,97313,4,0,0,,,,cross-profile decision consistency; not experimental hit frequency
ATP-HTVS-514A7FD93F10,90115,4,0,0,,,,cross-profile decision consistency; not experimental hit frequency
ATP-HTVS-515F0CC44DE0,70113,4,0,0,,,,cross-profile decision consistency; not experimental hit frequency
ATP-HTVS-51861E5F66D2,67938,4,0,0,,,,cross-profile decision consistency; not experimental hit frequency
ATP-HTVS-518A2BC6902B,53057,4,0,0,,,,cross-profile decision consistency; not experimental hit frequency
ATP-HTVS-5192BC4864D4,70497,4,0,0,,,,cross-profile decision consistency; not experimental hit frequency
ATP-HTVS-51A8EA31A006,90307,4,0,0,,,,cross-profile decision consistency; not experimental hit frequency
ATP-HTVS-51D7DCB6F8E8,85793,4,0,0,,,,cross-profile decision consistency; not experimental hit frequency
ATP-HTVS-51FD2328387A,515,4,0,0,,,,cross-profile decision consistency; not experimental hit frequency
ATP-HTVS-523F9B5BEE3B,72899,4,0,0,,,,cross-profile decision consistency; not experimental hit frequency
ATP-HTVS-52495E42CB55,54529,4,0,0,,,,cross-profile decision consistency; not experimental hit frequency
ATP-HTVS-524A2C000135,32450,4,0,0,,,,cross-profile decision consistency; not experimental hit frequency
ATP-HTVS-52625044C5D9,31809,4,0,0,,,,cross-profile decision consistency; not experimental hit frequency
ATP-HTVS-52816E9DAB39,70209,4,0,0,,,,cross-profile decision consistency; not experimental hit frequency
ATP-HTVS-52B20567BA88,12577,4,0,0,,,,cross-profile decision consistency; not experimental hit frequency
ATP-HTVS-52BA94C773EB,97153,4,0,0,,,,cross-profile decision consistency; not experimental hit frequency
ATP-HTVS-52CC222D68E9,81987,4,0,0,,,,cross-profile decision consistency; not experimental hit frequency
ATP-HTVS-52D7AA6D1B75,23138,4,0,0,,,,cross-profile decision consistency; not experimental hit frequency
ATP-HTVS-52F407909F9A,88994,4,0,0,,,,cross-profile decision consistency; not experimental hit frequency
ATP-HTVS-53075BACB2C6,93475,4,0,0,,,,cross-profile decision consistency; not experimental hit frequency
ATP-HTVS-531A4B252985,78049,4,0,0,,,,cross-profile decision consistency; not experimental hit frequency
ATP-HTVS-531EE93584A6,1955,4,0,0,,,,cross-profile decision consistency; not experimental hit frequency
ATP-HTVS-532EC38BED39,25314,4,0,0,,,,cross-profile decision consistency; not experimental hit frequency
ATP-HTVS-5359DC82CCCB,23171,4,0,0,,,,cross-profile decision consistency; not experimental hit frequency
ATP-HTVS-53CB9D69C030,33121,4,0,0,,,,cross-profile decision consistency; not experimental hit frequency
ATP-HTVS-5401EBEC1B21,77091,4,0,0,,,,cross-profile decision consistency; not experimental hit frequency
ATP-HTVS-54143804256C,38146,4,0,0,,,,cross-profile decision consistency; not experimental hit frequency
ATP-HTVS-5425AB1A5C10,35457,4,0,0,,,,cross-profile decision consistency; not experimental hit frequency
ATP-HTVS-542A37ED863C,14243,4,0,0,,,,cross-profile decision consistency; not experimental hit frequency
ATP-HTVS-542AD0F295EC,98561,4,0,0,,,,cross-profile decision consistency; not experimental hit frequency
ATP-HTVS-545253A9A90F,83842,4,0,0,,,,cross-profile decision consistency; not experimental hit frequency
ATP-HTVS-5494A1B9D9EC,67939,4,0,0,,,,cross-profile decision consistency; not experimental hit frequency
ATP-HTVS-54A1786C1F00,83457,4,0,0,,,,cross-profile decision consistency; not experimental hit frequency
ATP-HTVS-54E64C0F11AA,71361,4,0,0,,,,cross-profile decision consistency; not experimental hit frequency
ATP-HTVS-54ED83DE83DA,86306,4,0,0,,,,cross-profile decision consistency; not experimental hit frequency
ATP-HTVS-553AACDE3786,19939,4,0,0,,,,cross-profile decision consistency; not experimental hit frequency
ATP-HTVS-555FA00075E9,85825,4,0,0,,,,cross-profile decision consistency; not experimental hit frequency
ATP-HTVS-5589B4ED8BC3,58051,4,0,0,,,,cross-profile decision consistency; not experimental hit frequency
ATP-HTVS-559A97C754E4,23137,4,0,0,,,,cross-profile decision consistency; not experimental hit frequency
ATP-HTVS-55C340552E65,92289,4,0,0,,,,cross-profile decision consistency; not experimental hit frequency
ATP-HTVS-560CD6AB75AE,93730,4,0,0,,,,cross-profile decision consistency; not experimental hit frequency
ATP-HTVS-56362DCB1C38,56802,4,0,0,,,,cross-profile decision consistency; not experimental hit frequency
ATP-HTVS-563DC51EEC46,75746,4,0,0,,,,cross-profile decision consistency; not experimental hit frequency
ATP-HTVS-5658ECC62B06,77859,4,0,0,,,,cross-profile decision consistency; not experimental hit frequency
ATP-HTVS-5694EB72FE49,38083,4,0,0,,,,cross-profile decision consistency; not experimental hit frequency
ATP-HTVS-569AAE7497B4,63426,4,0,0,,,,cross-profile decision consistency; not experimental hit frequency
ATP-HTVS-56BFCD0C6B29,72193,4,0,0,,,,cross-profile decision consistency; not experimental hit frequency
ATP-HTVS-57132EA8AA79,36161,4,0,0,,,,cross-profile decision consistency; not experimental hit frequency
ATP-HTVS-572BFDBE8187,1059,4,0,0,,,,cross-profile decision consistency; not experimental hit frequency
ATP-HTVS-57A1B32CE9AA,90337,4,0,0,,,,cross-profile decision consistency; not experimental hit frequency
ATP-HTVS-57B04A124BC1,76577,4,0,0,,,,cross-profile decision consistency; not experimental hit frequency
ATP-HTVS-57C145E4C4AF,91107,4,0,0,,,,cross-profile decision consistency; not experimental hit frequency
ATP-HTVS-57CD8A84B862,69666,4,0,0,,,,cross-profile decision consistency; not experimental hit frequency
ATP-HTVS-5801E8FB792E,25635,4,0,0,,,,cross-profile decision consistency; not experimental hit frequency
ATP-HTVS-5850FC4068A9,89729,4,0,0,,,,cross-profile decision consistency; not experimental hit frequency
ATP-HTVS-586B19FEBC2D,72769,4,0,0,,,,cross-profile decision consistency; not experimental hit frequency
ATP-HTVS-5890B3ABBA42,51713,4,0,0,,,,cross-profile decision consistency; not experimental hit frequency
ATP-HTVS-58BA49956E55,50050,4,0,0,,,,cross-profile decision consistency; not experimental hit frequency
ATP-HTVS-590B92626142,45217,4,0,0,,,,cross-profile decision consistency; not experimental hit frequency
ATP-HTVS-593FD885E4E3,89665,4,0,0,,,,cross-profile decision consistency; not experimental hit frequency
ATP-HTVS-595807F16B2C,73795,4,0,0,,,,cross-profile decision consistency; not experimental hit frequency
ATP-HTVS-5993E100A2C1,94626,4,0,0,,,,cross-profile decision consistency; not experimental hit frequency
ATP-HTVS-59B1C5906543,73635,4,0,0,,,,cross-profile decision consistency; not experimental hit frequency
ATP-HTVS-59B957CB7E9F,77507,4,0,0,,,,cross-profile decision consistency; not experimental hit frequency
ATP-HTVS-59E59E09D09E,55489,4,0,0,,,,cross-profile decision consistency; not experimental hit frequency
ATP-HTVS-5A1C186863E4,25313,4,0,0,,,,cross-profile decision consistency; not experimental hit frequency
ATP-HTVS-5A2EB4E9D835,63779,4,0,0,,,,cross-profile decision consistency; not experimental hit frequency
ATP-HTVS-5A38D2E65B38,77890,4,0,0,,,,cross-profile decision consistency; not experimental hit frequency
ATP-HTVS-5A3D1DB8098B,55105,4,0,0,,,,cross-profile decision consistency; not experimental hit frequency
ATP-HTVS-5A74948D5858,90114,4,0,0,,,,cross-profile decision consistency; not experimental hit frequency
ATP-HTVS-5AAA6558FE6F,81315,4,0,0,,,,cross-profile decision consistency; not experimental hit frequency
ATP-HTVS-5AC0D5CB90EF,60835,4,0,0,,,,cross-profile decision consistency; not experimental hit frequency
ATP-HTVS-5B1B34F83C18,97985,4,0,0,,,,cross-profile decision consistency; not experimental hit frequency
ATP-HTVS-5B32A3AFA3A9,56418,4,0,0,,,,cross-profile decision consistency; not experimental hit frequency
ATP-HTVS-5B9C564ED935,40865,4,0,0,,,,cross-profile decision consistency; not experimental hit frequency
ATP-HTVS-5BC6D09DB3F1,87234,4,0,0,,,,cross-profile decision consistency; not experimental hit frequency
ATP-HTVS-5BCFBB048AA1,79809,4,0,0,,,,cross-profile decision consistency; not experimental hit frequency
ATP-HTVS-5BE3914F361A,91171,4,0,0,,,,cross-profile decision consistency; not experimental hit frequency
ATP-HTVS-5BF5224E50DC,52739,4,0,0,,,,cross-profile decision consistency; not experimental hit frequency
ATP-HTVS-5BFD90183104,77187,4,0,0,,,,cross-profile decision consistency; not experimental hit frequency
ATP-HTVS-5C08F16C0BFC,24993,4,0,0,,,,cross-profile decision consistency; not experimental hit frequency
ATP-HTVS-5C1A90E0608A,85537,4,0,0,,,,cross-profile decision consistency; not experimental hit frequency
ATP-HTVS-5C2621A0B526,36290,4,0,0,,,,cross-profile decision consistency; not experimental hit frequency
ATP-HTVS-5C29B6179A0F,95362,4,0,0,,,,cross-profile decision consistency; not experimental hit frequency
ATP-HTVS-5CE7EF7F1B66,84354,4,0,0,,,,cross-profile decision consistency; not experimental hit frequency
ATP-HTVS-5CEF79319D6B,72323,4,0,0,,,,cross-profile decision consistency; not experimental hit frequency
ATP-HTVS-5CF527C7FD25,87938,4,0,0,,,,cross-profile decision consistency; not experimental hit frequency
ATP-HTVS-5CFA0109773F,85506,4,0,0,,,,cross-profile decision consistency; not experimental hit frequency
ATP-HTVS-5D344E99E653,87266,4,0,0,,,,cross-profile decision consistency; not experimental hit frequency
ATP-HTVS-5D5940BED632,70627,4,0,0,,,,cross-profile decision consistency; not experimental hit frequency
ATP-HTVS-5D5A320A0101,84833,4,0,0,,,,cross-profile decision consistency; not experimental hit frequency
ATP-HTVS-5D7D5B0AFE50,31266,4,0,0,,,,cross-profile decision consistency; not experimental hit frequency
ATP-HTVS-5DA5A3EB6624,30594,4,0,0,,,,cross-profile decision consistency; not experimental hit frequency
ATP-HTVS-5DB20AD11BEB,83713,4,0,0,,,,cross-profile decision consistency; not experimental hit frequency
ATP-HTVS-5E187255B48D,81057,4,0,0,,,,cross-profile decision consistency; not experimental hit frequency
ATP-HTVS-5E1B9EFD9407,87298,4,0,0,,,,cross-profile decision consistency; not experimental hit frequency
ATP-HTVS-5E389E326DA0,50337,4,0,0,,,,cross-profile decision consistency; not experimental hit frequency
ATP-HTVS-5E561F95C670,44705,4,0,0,,,,cross-profile decision consistency; not experimental hit frequency
ATP-HTVS-5E6DF5CA027C,40866,4,0,0,,,,cross-profile decision consistency; not experimental hit frequency
ATP-HTVS-5EB936FA5BDD,88803,4,0,0,,,,cross-profile decision consistency; not experimental hit frequency
ATP-HTVS-5EF6359E179A,71329,4,0,0,,,,cross-profile decision consistency; not experimental hit frequency
ATP-HTVS-5F569EDABC80,82754,4,0,0,,,,cross-profile decision consistency; not experimental hit frequency
ATP-HTVS-5FA879ADA4FF,77314,4,0,0,,,,cross-profile decision consistency; not experimental hit frequency
ATP-HTVS-6012FFC9E47E,77729,4,0,0,,,,cross-profile decision consistency; not experimental hit frequency
ATP-HTVS-601F520459A4,94209,4,0,0,,,,cross-profile decision consistency; not experimental hit frequency
ATP-HTVS-602F8E6702A7,98337,4,0,0,,,,cross-profile decision consistency; not experimental hit frequency
ATP-HTVS-60B21D6CE655,20227,4,0,0,,,,cross-profile decision consistency; not experimental hit frequency
ATP-HTVS-60B70570E761,62883,4,0,0,,,,cross-profile decision consistency; not experimental hit frequency
ATP-HTVS-60C7695B6F0C,73410,4,0,0,,,,cross-profile decision consistency; not experimental hit frequency
ATP-HTVS-60D4F7FF4B6B,48865,4,0,0,,,,cross-profile decision consistency; not experimental hit frequency
ATP-HTVS-60F8B74A0D7C,66018,4,0,0,,,,cross-profile decision consistency; not experimental hit frequency
ATP-HTVS-6168063B3267,35105,4,0,0,,,,cross-profile decision consistency; not experimental hit frequency
ATP-HTVS-61A3D13E339F,4770,4,0,0,,,,cross-profile decision consistency; not experimental hit frequency
ATP-HTVS-62207831F6CB,69763,4,0,0,,,,cross-profile decision consistency; not experimental hit frequency
ATP-HTVS-6227313DC6E5,72418,4,0,0,,,,cross-profile decision consistency; not experimental hit frequency
ATP-HTVS-6286382C1C45,71299,4,0,0,,,,cross-profile decision consistency; not experimental hit frequency
ATP-HTVS-62D29CE4051A,17858,4,0,0,,,,cross-profile decision consistency; not experimental hit frequency
ATP-HTVS-631C0C315D5A,76739,4,0,0,,,,cross-profile decision consistency; not experimental hit frequency
ATP-HTVS-638532F00CCB,72737,4,0,0,,,,cross-profile decision consistency; not experimental hit frequency
ATP-HTVS-63A2B85F1850,85570,4,0,0,,,,cross-profile decision consistency; not experimental hit frequency
ATP-HTVS-63DD1309BB6A,79362,4,0,0,,,,cross-profile decision consistency; not experimental hit frequency
ATP-HTVS-63DFF8A88018,1537,4,0,0,,,,cross-profile decision consistency; not experimental hit frequency
ATP-HTVS-63E5F33A32FB,23458,4,0,0,,,,cross-profile decision consistency; not experimental hit frequency
ATP-HTVS-64561A556005,76449,4,0,0,,,,cross-profile decision consistency; not experimental hit frequency
ATP-HTVS-6480B695D089,74689,4,0,0,,,,cross-profile decision consistency; not experimental hit frequency
ATP-HTVS-64A2B9E187D2,31651,4,0,0,,,,cross-profile decision consistency; not experimental hit frequency
ATP-HTVS-64F4A1A461ED,76035,4,0,0,,,,cross-profile decision consistency; not experimental hit frequency
ATP-HTVS-651F2B2980F4,15906,4,0,0,,,,cross-profile decision consistency; not experimental hit frequency
ATP-HTVS-65263582E7F4,36450,4,0,0,,,,cross-profile decision consistency; not experimental hit frequency
ATP-HTVS-654FE4E3AAA7,28929,4,0,0,,,,cross-profile decision consistency; not experimental hit frequency
ATP-HTVS-655331016ABF,30146,4,0,0,,,,cross-profile decision consistency; not experimental hit frequency
ATP-HTVS-656A250247D8,81986,4,0,0,,,,cross-profile decision consistency; not experimental hit frequency
ATP-HTVS-657E323E2351,76481,4,0,0,,,,cross-profile decision consistency; not experimental hit frequency
ATP-HTVS-65B75474615F,40449,4,0,0,,,,cross-profile decision consistency; not experimental hit frequency
ATP-HTVS-65F1321BFD60,23330,4,0,0,,,,cross-profile decision consistency; not experimental hit frequency
ATP-HTVS-65F4836C7042,84577,4,0,0,,,,cross-profile decision consistency; not experimental hit frequency
ATP-HTVS-6612EA4E183C,54530,4,0,0,,,,cross-profile decision consistency; not experimental hit frequency
ATP-HTVS-665A86DAD15F,78754,4,0,0,,,,cross-profile decision consistency; not experimental hit frequency
ATP-HTVS-66618B00A972,44098,4,0,0,,,,cross-profile decision consistency; not experimental hit frequency
ATP-HTVS-667EB58ED22D,21090,4,0,0,,,,cross-profile decision consistency; not experimental hit frequency
ATP-HTVS-669A511FBD29,90914,4,0,0,,,,cross-profile decision consistency; not experimental hit frequency
ATP-HTVS-66A9CC424D71,24770,4,0,0,,,,cross-profile decision consistency; not experimental hit frequency
ATP-HTVS-66BD7620CABA,87457,4,0,0,,,,cross-profile decision consistency; not experimental hit frequency
ATP-HTVS-66EE35E24140,84065,4,0,0,,,,cross-profile decision consistency; not experimental hit frequency
ATP-HTVS-66FFB530802B,85635,4,0,0,,,,cross-profile decision consistency; not experimental hit frequency
ATP-HTVS-67024B617AFA,96930,4,0,0,,,,cross-profile decision consistency; not experimental hit frequency
ATP-HTVS-673A54B483CC,85827,4,0,0,,,,cross-profile decision consistency; not experimental hit frequency
ATP-HTVS-675C8FFFA49B,85475,4,0,0,,,,cross-profile decision consistency; not experimental hit frequency
ATP-HTVS-675D7E7E37EF,84769,4,0,0,,,,cross-profile decision consistency; not experimental hit frequency
ATP-HTVS-676B1F951E41,75489,4,0,0,,,,cross-profile decision consistency; not experimental hit frequency
ATP-HTVS-6778D00A26F1,88097,4,0,0,,,,cross-profile decision consistency; not experimental hit frequency
ATP-HTVS-677D6479829E,40802,4,0,0,,,,cross-profile decision consistency; not experimental hit frequency
ATP-HTVS-67830652660F,76674,4,0,0,,,,cross-profile decision consistency; not experimental hit frequency
ATP-HTVS-67B30DFDD52C,28355,4,0,0,,,,cross-profile decision consistency; not experimental hit frequency
ATP-HTVS-67E3C63FBC34,48897,4,0,0,,,,cross-profile decision consistency; not experimental hit frequency
ATP-HTVS-67F14CF2E487,89249,4,0,0,,,,cross-profile decision consistency; not experimental hit frequency
ATP-HTVS-6804FBE9529D,53249,4,0,0,,,,cross-profile decision consistency; not experimental hit frequency
ATP-HTVS-681E21A5C336,90402,4,0,0,,,,cross-profile decision consistency; not experimental hit frequency
ATP-HTVS-684B476D1E6A,72322,4,0,0,,,,cross-profile decision consistency; not experimental hit frequency
ATP-HTVS-68829DCC26F9,24002,4,0,0,,,,cross-profile decision consistency; not experimental hit frequency
ATP-HTVS-68B1DBF07479,3426,4,0,0,,,,cross-profile decision consistency; not experimental hit frequency
ATP-HTVS-69239F8CDE40,84739,4,0,0,,,,cross-profile decision consistency; not experimental hit frequency
ATP-HTVS-694143BD68F7,98210,4,0,0,,,,cross-profile decision consistency; not experimental hit frequency
ATP-HTVS-697A85B30C1D,5217,4,0,0,,,,cross-profile decision consistency; not experimental hit frequency
ATP-HTVS-69A2FC5C8ACC,16515,4,0,0,,,,cross-profile decision consistency; not experimental hit frequency
ATP-HTVS-69AD6B8D3733,52643,4,0,0,,,,cross-profile decision consistency; not experimental hit frequency
ATP-HTVS-69DE697C6F69,70082,4,0,0,,,,cross-profile decision consistency; not experimental hit frequency
ATP-HTVS-6A46373CBB09,79298,4,0,0,,,,cross-profile decision consistency; not experimental hit frequency
ATP-HTVS-6A615EE15C98,5634,4,0,0,,,,cross-profile decision consistency; not experimental hit frequency
ATP-HTVS-6A632AA0CEB9,45283,4,0,0,,,,cross-profile decision consistency; not experimental hit frequency
ATP-HTVS-6A75058F52BE,28289,4,0,0,,,,cross-profile decision consistency; not experimental hit frequency
ATP-HTVS-6A7606C4C92F,92290,4,0,0,,,,cross-profile decision consistency; not experimental hit frequency
ATP-HTVS-6A9F3E67E2B3,32321,4,0,0,,,,cross-profile decision consistency; not experimental hit frequency
ATP-HTVS-6AEF3DDEB613,24577,4,0,0,,,,cross-profile decision consistency; not experimental hit frequency
ATP-HTVS-6B0687E57A6A,39265,4,0,0,,,,cross-profile decision consistency; not experimental hit frequency
ATP-HTVS-6B1624881868,95842,4,0,0,,,,cross-profile decision consistency; not experimental hit frequency
ATP-HTVS-6B545AE439E8,71073,4,0,0,,,,cross-profile decision consistency; not experimental hit frequency
ATP-HTVS-6B6B8E0C727E,97122,4,0,0,,,,cross-profile decision consistency; not experimental hit frequency
ATP-HTVS-6B709F2DA304,63171,4,0,0,,,,cross-profile decision consistency; not experimental hit frequency
ATP-HTVS-6BE395388015,5218,4,0,0,,,,cross-profile decision consistency; not experimental hit frequency
ATP-HTVS-6BFC96102A75,91009,4,0,0,,,,cross-profile decision consistency; not experimental hit frequency
ATP-HTVS-6C10A5B04019,55619,4,0,0,,,,cross-profile decision consistency; not experimental hit frequency
ATP-HTVS-6C50DB0A272F,98305,4,0,0,,,,cross-profile decision consistency; not experimental hit frequency
ATP-HTVS-6C7D9744EE21,70402,4,0,0,,,,cross-profile decision consistency; not experimental hit frequency
ATP-HTVS-6C953A1E72F9,84770,4,0,0,,,,cross-profile decision consistency; not experimental hit frequency
ATP-HTVS-6C98FCD8FCFE,96322,4,0,0,,,,cross-profile decision consistency; not experimental hit frequency
ATP-HTVS-6CCE19BA0E53,41123,4,0,0,,,,cross-profile decision consistency; not experimental hit frequency
ATP-HTVS-6D0E62C9397C,87907,4,0,0,,,,cross-profile decision consistency; not experimental hit frequency
ATP-HTVS-6D22B46DE244,25601,4,0,0,,,,cross-profile decision consistency; not experimental hit frequency
ATP-HTVS-6D2ED4476584,96450,4,0,0,,,,cross-profile decision consistency; not experimental hit frequency
ATP-HTVS-6D4BCDFA1C91,75521,4,0,0,,,,cross-profile decision consistency; not experimental hit frequency
ATP-HTVS-6D7E0E0D5192,75362,4,0,0,,,,cross-profile decision consistency; not experimental hit frequency
ATP-HTVS-6E0FE1B5DEAA,65857,4,0,0,,,,cross-profile decision consistency; not experimental hit frequency
ATP-HTVS-6E162A247368,73633,4,0,0,,,,cross-profile decision consistency; not experimental hit frequency
ATP-HTVS-6E22C1143CC0,63683,4,0,0,,,,cross-profile decision consistency; not experimental hit frequency
ATP-HTVS-6E53E23A0DE7,86883,4,0,0,,,,cross-profile decision consistency; not experimental hit frequency
ATP-HTVS-6E858FDBC7BE,81090,4,0,0,,,,cross-profile decision consistency; not experimental hit frequency
ATP-HTVS-6E87A6CCCD27,96001,4,0,0,,,,cross-profile decision consistency; not experimental hit frequency
ATP-HTVS-6EB205788321,70434,4,0,0,,,,cross-profile decision consistency; not experimental hit frequency
ATP-HTVS-6EF9F712D3BB,38274,4,0,0,,,,cross-profile decision consistency; not experimental hit frequency
ATP-HTVS-6F05C87B1F67,70785,4,0,0,,,,cross-profile decision consistency; not experimental hit frequency
ATP-HTVS-6F07AE7177E0,48289,4,0,0,,,,cross-profile decision consistency; not experimental hit frequency
ATP-HTVS-6F1494FEFC60,84675,4,0,0,,,,cross-profile decision consistency; not experimental hit frequency
ATP-HTVS-6F734E803CC4,90177,4,0,0,,,,cross-profile decision consistency; not experimental hit frequency
ATP-HTVS-6F858A0E8812,50979,4,0,0,,,,cross-profile decision consistency; not experimental hit frequency
ATP-HTVS-6FE04A77CC41,71777,4,0,0,,,,cross-profile decision consistency; not experimental hit frequency
ATP-HTVS-702B49CD2E82,75043,4,0,0,,,,cross-profile decision consistency; not experimental hit frequency
ATP-HTVS-7075BC6FC110,40003,4,0,0,,,,cross-profile decision consistency; not experimental hit frequency
ATP-HTVS-708569B81B35,91521,4,0,0,,,,cross-profile decision consistency; not experimental hit frequency
ATP-HTVS-70C7181F988B,22946,4,0,0,,,,cross-profile decision consistency; not experimental hit frequency
ATP-HTVS-70E37A6C21BA,87747,4,0,0,,,,cross-profile decision consistency; not experimental hit frequency
ATP-HTVS-7191B1059E2A,91041,4,0,0,,,,cross-profile decision consistency; not experimental hit frequency
ATP-HTVS-71BAC3B18036,84419,4,0,0,,,,cross-profile decision consistency; not experimental hit frequency
ATP-HTVS-71BF5DD28E53,57729,4,0,0,,,,cross-profile decision consistency; not experimental hit frequency
ATP-HTVS-71D6C35FE659,77570,4,0,0,,,,cross-profile decision consistency; not experimental hit frequency
ATP-HTVS-7201DD4C282A,6657,4,0,0,,,,cross-profile decision consistency; not experimental hit frequency
ATP-HTVS-72573E055255,65475,4,0,0,,,,cross-profile decision consistency; not experimental hit frequency
ATP-HTVS-72B2F4D4EA61,85379,4,0,0,,,,cross-profile decision consistency; not experimental hit frequency
ATP-HTVS-72BD9FFCF62D,59458,4,0,0,,,,cross-profile decision consistency; not experimental hit frequency
ATP-HTVS-72D66A1ED57F,85633,4,0,0,,,,cross-profile decision consistency; not experimental hit frequency
ATP-HTVS-72E6B3102DA2,29953,4,0,0,,,,cross-profile decision consistency; not experimental hit frequency
ATP-HTVS-7317133B38FB,3522,4,0,0,,,,cross-profile decision consistency; not experimental hit frequency
ATP-HTVS-73425E104865,17794,4,0,0,,,,cross-profile decision consistency; not experimental hit frequency
ATP-HTVS-736CCC940701,87841,4,0,0,,,,cross-profile decision consistency; not experimental hit frequency
ATP-HTVS-738A9E09AC53,76002,4,0,0,,,,cross-profile decision consistency; not experimental hit frequency
ATP-HTVS-7398D4493E72,77633,4,0,0,,,,cross-profile decision consistency; not experimental hit frequency
ATP-HTVS-73D804AB38E4,60195,4,0,0,,,,cross-profile decision consistency; not experimental hit frequency
ATP-HTVS-7418424385E1,74179,4,0,0,,,,cross-profile decision consistency; not experimental hit frequency
ATP-HTVS-74641C70E223,90850,4,0,0,,,,cross-profile decision consistency; not experimental hit frequency
ATP-HTVS-74C5B06FA80B,35331,4,0,0,,,,cross-profile decision consistency; not experimental hit frequency
ATP-HTVS-74E2CC654FC3,78466,4,0,0,,,,cross-profile decision consistency; not experimental hit frequency
ATP-HTVS-750E4CFCB0FA,69826,4,0,0,,,,cross-profile decision consistency; not experimental hit frequency
ATP-HTVS-7598FFEE7603,72739,4,0,0,,,,cross-profile decision consistency; not experimental hit frequency
ATP-HTVS-75A4DAB7424E,78401,4,0,0,,,,cross-profile decision consistency; not experimental hit frequency
ATP-HTVS-75AC094BF9E0,89827,4,0,0,,,,cross-profile decision consistency; not experimental hit frequency
ATP-HTVS-75B300C751D2,33282,4,0,0,,,,cross-profile decision consistency; not experimental hit frequency
ATP-HTVS-75F52EFCCD23,94273,4,0,0,,,,cross-profile decision consistency; not experimental hit frequency
ATP-HTVS-76416D54A342,23331,4,0,0,,,,cross-profile decision consistency; not experimental hit frequency
ATP-HTVS-767E37D8A78C,74498,4,0,0,,,,cross-profile decision consistency; not experimental hit frequency
ATP-HTVS-7694DCD97798,36195,4,0,0,,,,cross-profile decision consistency; not experimental hit frequency
ATP-HTVS-76CE1997AF40,20163,4,0,0,,,,cross-profile decision consistency; not experimental hit frequency
ATP-HTVS-76EB0BEAC1B9,37825,4,0,0,,,,cross-profile decision consistency; not experimental hit frequency
ATP-HTVS-772EF906400E,20706,4,0,0,,,,cross-profile decision consistency; not experimental hit frequency
ATP-HTVS-773D20A649CC,79681,4,0,0,,,,cross-profile decision consistency; not experimental hit frequency
ATP-HTVS-7743C5ABCFDD,93987,4,0,0,,,,cross-profile decision consistency; not experimental hit frequency
ATP-HTVS-7752C713B971,90178,4,0,0,,,,cross-profile decision consistency; not experimental hit frequency
ATP-HTVS-776FBC5F0312,98786,4,0,0,,,,cross-profile decision consistency; not experimental hit frequency
ATP-HTVS-77ED8C900CC0,79747,4,0,0,,,,cross-profile decision consistency; not experimental hit frequency
ATP-HTVS-77F3EA8C01D2,80162,4,0,0,,,,cross-profile decision consistency; not experimental hit frequency
ATP-HTVS-780990BE0E68,83747,4,0,0,,,,cross-profile decision consistency; not experimental hit frequency
ATP-HTVS-7820955A714C,43682,4,0,0,,,,cross-profile decision consistency; not experimental hit frequency
ATP-HTVS-78252FECAF69,68547,4,0,0,,,,cross-profile decision consistency; not experimental hit frequency
ATP-HTVS-792F02E01A4E,94081,4,0,0,,,,cross-profile decision consistency; not experimental hit frequency
ATP-HTVS-794646D3B9C8,91617,4,0,0,,,,cross-profile decision consistency; not experimental hit frequency
ATP-HTVS-795FA74A51DE,66529,4,0,0,,,,cross-profile decision consistency; not experimental hit frequency
ATP-HTVS-79A32C942736,68642,4,0,0,,,,cross-profile decision consistency; not experimental hit frequency
ATP-HTVS-79BEB139CB8F,55745,4,0,0,,,,cross-profile decision consistency; not experimental hit frequency
ATP-HTVS-79C7807006E2,74402,4,0,0,,,,cross-profile decision consistency; not experimental hit frequency
ATP-HTVS-79E4EBD82D6A,63777,4,0,0,,,,cross-profile decision consistency; not experimental hit frequency
ATP-HTVS-79EE8ED1543F,88993,4,0,0,,,,cross-profile decision consistency; not experimental hit frequency
ATP-HTVS-7A394D6CE484,99713,4,0,0,,,,cross-profile decision consistency; not experimental hit frequency
ATP-HTVS-7A7B7DA644AB,49827,4,0,0,,,,cross-profile decision consistency; not experimental hit frequency
ATP-HTVS-7A7BCDC0632F,1539,4,0,0,,,,cross-profile decision consistency; not experimental hit frequency
ATP-HTVS-7AB1442FC022,28993,4,0,0,,,,cross-profile decision consistency; not experimental hit frequency
ATP-HTVS-7ABEAEA32F74,93505,4,0,0,,,,cross-profile decision consistency; not experimental hit frequency
ATP-HTVS-7ACA80837BCE,95906,4,0,0,,,,cross-profile decision consistency; not experimental hit frequency
ATP-HTVS-7AEE8A51E1B1,46561,4,0,0,,,,cross-profile decision consistency; not experimental hit frequency
ATP-HTVS-7AFD271A302C,56897,4,0,0,,,,cross-profile decision consistency; not experimental hit frequency
ATP-HTVS-7B1416FC1373,96097,4,0,0,,,,cross-profile decision consistency; not experimental hit frequency
ATP-HTVS-7B85D20A61B3,83969,4,0,0,,,,cross-profile decision consistency; not experimental hit frequency
ATP-HTVS-7B98CE40EDFD,70307,4,0,0,,,,cross-profile decision consistency; not experimental hit frequency
ATP-HTVS-7BBDEC1762B0,28193,4,0,0,,,,cross-profile decision consistency; not experimental hit frequency
ATP-HTVS-7BEC4E93BD87,81249,4,0,0,,,,cross-profile decision consistency; not experimental hit frequency
ATP-HTVS-7BF7B7486D45,67138,4,0,0,,,,cross-profile decision consistency; not experimental hit frequency
ATP-HTVS-7C2B62D08873,63427,4,0,0,,,,cross-profile decision consistency; not experimental hit frequency
ATP-HTVS-7C2D6468D489,82402,4,0,0,,,,cross-profile decision consistency; not experimental hit frequency
ATP-HTVS-7C58C2B4F3B5,20035,4,0,0,,,,cross-profile decision consistency; not experimental hit frequency
ATP-HTVS-7C6049B0D6CE,73154,4,0,0,,,,cross-profile decision consistency; not experimental hit frequency
ATP-HTVS-7C6F09AC1D4C,90306,4,0,0,,,,cross-profile decision consistency; not experimental hit frequency
ATP-HTVS-7CA2ECE32076,86177,4,0,0,,,,cross-profile decision consistency; not experimental hit frequency
ATP-HTVS-7CD79F872AFC,67937,4,0,0,,,,cross-profile decision consistency; not experimental hit frequency
ATP-HTVS-7CF383CE087B,75810,4,0,0,,,,cross-profile decision consistency; not experimental hit frequency
ATP-HTVS-7D198ACE4CB8,50529,4,0,0,,,,cross-profile decision consistency; not experimental hit frequency
ATP-HTVS-7D1C8522A3FA,27619,4,0,0,,,,cross-profile decision consistency; not experimental hit frequency
ATP-HTVS-7D663BEE19BA,79617,4,0,0,,,,cross-profile decision consistency; not experimental hit frequency
ATP-HTVS-7DAC8816801F,84385,4,0,0,,,,cross-profile decision consistency; not experimental hit frequency
ATP-HTVS-7DBCC72663B9,59649,4,0,0,,,,cross-profile decision consistency; not experimental hit frequency
ATP-HTVS-7DD2E8BA0428,80835,4,0,0,,,,cross-profile decision consistency; not experimental hit frequency
ATP-HTVS-7DE0A46CB904,32482,4,0,0,,,,cross-profile decision consistency; not experimental hit frequency
ATP-HTVS-7DE5D821A3A4,82179,4,0,0,,,,cross-profile decision consistency; not experimental hit frequency
ATP-HTVS-7EF53BD61533,95426,4,0,0,,,,cross-profile decision consistency; not experimental hit frequency
ATP-HTVS-7EF96EA99BCF,95361,4,0,0,,,,cross-profile decision consistency; not experimental hit frequency
ATP-HTVS-7F35209A363C,80099,4,0,0,,,,cross-profile decision consistency; not experimental hit frequency
ATP-HTVS-7F4769B54268,71043,4,0,0,,,,cross-profile decision consistency; not experimental hit frequency
ATP-HTVS-7F76552361A7,92449,4,0,0,,,,cross-profile decision consistency; not experimental hit frequency
ATP-HTVS-7F7812FC41A5,72321,4,0,0,,,,cross-profile decision consistency; not experimental hit frequency
ATP-HTVS-7F83928F0467,70722,4,0,0,,,,cross-profile decision consistency; not experimental hit frequency
ATP-HTVS-800B0B068CC6,45569,4,0,0,,,,cross-profile decision consistency; not experimental hit frequency
ATP-HTVS-8033922A69C0,25505,4,0,0,,,,cross-profile decision consistency; not experimental hit frequency
ATP-HTVS-8095E17D3127,20707,4,0,0,,,,cross-profile decision consistency; not experimental hit frequency
ATP-HTVS-80A1BADD16E7,72066,4,0,0,,,,cross-profile decision consistency; not experimental hit frequency
ATP-HTVS-818D9CFDFCEA,71330,4,0,0,,,,cross-profile decision consistency; not experimental hit frequency
ATP-HTVS-81A5FD53922A,40450,4,0,0,,,,cross-profile decision consistency; not experimental hit frequency
ATP-HTVS-81EE647F8CA6,20322,4,0,0,,,,cross-profile decision consistency; not experimental hit frequency
ATP-HTVS-81F0F4B0A07A,32545,4,0,0,,,,cross-profile decision consistency; not experimental hit frequency
ATP-HTVS-821B647876F5,39105,4,0,0,,,,cross-profile decision consistency; not experimental hit frequency
ATP-HTVS-822192B7646A,57442,4,0,0,,,,cross-profile decision consistency; not experimental hit frequency
ATP-HTVS-824DD36F4E64,69665,4,0,0,,,,cross-profile decision consistency; not experimental hit frequency
ATP-HTVS-8313972BDCAD,69219,4,0,0,,,,cross-profile decision consistency; not experimental hit frequency
ATP-HTVS-83530B88E656,71585,4,0,0,,,,cross-profile decision consistency; not experimental hit frequency
ATP-HTVS-8365FF7884A6,64321,4,0,0,,,,cross-profile decision consistency; not experimental hit frequency
ATP-HTVS-83768D529230,81825,4,0,0,,,,cross-profile decision consistency; not experimental hit frequency
ATP-HTVS-837D7A211A0E,67522,4,0,0,,,,cross-profile decision consistency; not experimental hit frequency
ATP-HTVS-83F3A5AEE880,84835,4,0,0,,,,cross-profile decision consistency; not experimental hit frequency
ATP-HTVS-83F819F668B2,38177,4,0,0,,,,cross-profile decision consistency; not experimental hit frequency
ATP-HTVS-83F93451062F,20931,4,0,0,,,,cross-profile decision consistency; not experimental hit frequency
ATP-HTVS-8409CD5E0FE2,36418,4,0,0,,,,cross-profile decision consistency; not experimental hit frequency
ATP-HTVS-842E20B26D61,12419,4,0,0,,,,cross-profile decision consistency; not experimental hit frequency
ATP-HTVS-84AF7025C22A,80514,4,0,0,,,,cross-profile decision consistency; not experimental hit frequency
ATP-HTVS-84B0A2EEAAE5,32771,4,0,0,,,,cross-profile decision consistency; not experimental hit frequency
ATP-HTVS-84B7FD2F846A,21121,4,0,0,,,,cross-profile decision consistency; not experimental hit frequency
ATP-HTVS-84C0F320BB18,20865,4,0,0,,,,cross-profile decision consistency; not experimental hit frequency
ATP-HTVS-8521C9576B2F,26626,4,0,0,,,,cross-profile decision consistency; not experimental hit frequency
ATP-HTVS-85577F90127E,51907,4,0,0,,,,cross-profile decision consistency; not experimental hit frequency
ATP-HTVS-8567A07E89C1,63170,4,0,0,,,,cross-profile decision consistency; not experimental hit frequency
ATP-HTVS-85B092CE3CD6,31969,4,0,0,,,,cross-profile decision consistency; not experimental hit frequency
ATP-HTVS-85D8FA1817A9,28450,4,0,0,,,,cross-profile decision consistency; not experimental hit frequency
ATP-HTVS-85E208BF5C05,38787,4,0,0,,,,cross-profile decision consistency; not experimental hit frequency
ATP-HTVS-8667D2FB5617,48353,4,0,0,,,,cross-profile decision consistency; not experimental hit frequency
ATP-HTVS-866AD4D93294,90531,4,0,0,,,,cross-profile decision consistency; not experimental hit frequency
ATP-HTVS-86939B89774E,41027,4,0,0,,,,cross-profile decision consistency; not experimental hit frequency
ATP-HTVS-869F8AF38162,90401,4,0,0,,,,cross-profile decision consistency; not experimental hit frequency
ATP-HTVS-86B60B8C3F13,91042,4,0,0,,,,cross-profile decision consistency; not experimental hit frequency
ATP-HTVS-86C3058B81C7,98306,4,0,0,,,,cross-profile decision consistency; not experimental hit frequency
ATP-HTVS-86DDC209E59E,63042,4,0,0,,,,cross-profile decision consistency; not experimental hit frequency
ATP-HTVS-87B93A696720,77730,4,0,0,,,,cross-profile decision consistency; not experimental hit frequency
ATP-HTVS-87F6BDFAEB44,451,4,0,0,,,,cross-profile decision consistency; not experimental hit frequency
ATP-HTVS-8843DC2573F9,5091,4,0,0,,,,cross-profile decision consistency; not experimental hit frequency
ATP-HTVS-88509AB3E069,48258,4,0,0,,,,cross-profile decision consistency; not experimental hit frequency
ATP-HTVS-8884805DC746,43842,4,0,0,,,,cross-profile decision consistency; not experimental hit frequency
ATP-HTVS-8892C512F7BC,71491,4,0,0,,,,cross-profile decision consistency; not experimental hit frequency
ATP-HTVS-88F2ADA8327D,84033,4,0,0,,,,cross-profile decision consistency; not experimental hit frequency
ATP-HTVS-891CD438FA2D,65635,4,0,0,,,,cross-profile decision consistency; not experimental hit frequency
ATP-HTVS-892E5C6BD7E4,94849,4,0,0,,,,cross-profile decision consistency; not experimental hit frequency
ATP-HTVS-89495CC893EC,89889,4,0,0,,,,cross-profile decision consistency; not experimental hit frequency
ATP-HTVS-894F1E46B14F,48034,4,0,0,,,,cross-profile decision consistency; not experimental hit frequency
ATP-HTVS-896D1EC960E1,28451,4,0,0,,,,cross-profile decision consistency; not experimental hit frequency
ATP-HTVS-898AE5CA69D9,41922,4,0,0,,,,cross-profile decision consistency; not experimental hit frequency
ATP-HTVS-89936433B7DC,96034,4,0,0,,,,cross-profile decision consistency; not experimental hit frequency
ATP-HTVS-89F3E6A1D8C1,75298,4,0,0,,,,cross-profile decision consistency; not experimental hit frequency
ATP-HTVS-8A7A96DBFC1E,81218,4,0,0,,,,cross-profile decision consistency; not experimental hit frequency
ATP-HTVS-8A89FEC9078D,30274,4,0,0,,,,cross-profile decision consistency; not experimental hit frequency
ATP-HTVS-8B2F0F11D1D9,80515,4,0,0,,,,cross-profile decision consistency; not experimental hit frequency
ATP-HTVS-8B5B7778DF28,95554,4,0,0,,,,cross-profile decision consistency; not experimental hit frequency
ATP-HTVS-8BC83C5D0DE9,33889,4,0,0,,,,cross-profile decision consistency; not experimental hit frequency
ATP-HTVS-8BE0537C7CD3,54531,4,0,0,,,,cross-profile decision consistency; not experimental hit frequency
ATP-HTVS-8BF32585E280,72579,4,0,0,,,,cross-profile decision consistency; not experimental hit frequency
ATP-HTVS-8BFFC6150277,53633,4,0,0,,,,cross-profile decision consistency; not experimental hit frequency
ATP-HTVS-8C1C7F16DF05,82530,4,0,0,,,,cross-profile decision consistency; not experimental hit frequency
ATP-HTVS-8C32683EF27B,27521,4,0,0,,,,cross-profile decision consistency; not experimental hit frequency
ATP-HTVS-8CA7F3DFAEDE,5090,4,0,0,,,,cross-profile decision consistency; not experimental hit frequency
ATP-HTVS-8D220C5D1AB9,73921,4,0,0,,,,cross-profile decision consistency; not experimental hit frequency
ATP-HTVS-8D32545BC421,99618,4,0,0,,,,cross-profile decision consistency; not experimental hit frequency
ATP-HTVS-8D4A93BCC2C7,20193,4,0,0,,,,cross-profile decision consistency; not experimental hit frequency
ATP-HTVS-8D6261309289,77506,4,0,0,,,,cross-profile decision consistency; not experimental hit frequency
ATP-HTVS-8DFE2090913E,89730,4,0,0,,,,cross-profile decision consistency; not experimental hit frequency
ATP-HTVS-8E104651B898,59169,4,0,0,,,,cross-profile decision consistency; not experimental hit frequency
ATP-HTVS-8E17E50AE6CE,18721,4,0,0,,,,cross-profile decision consistency; not experimental hit frequency
ATP-HTVS-8E1A44B1E9FD,75361,4,0,0,,,,cross-profile decision consistency; not experimental hit frequency
ATP-HTVS-8E25FC822191,86497,4,0,0,,,,cross-profile decision consistency; not experimental hit frequency
ATP-HTVS-8E36F3F2ACA8,64322,4,0,0,,,,cross-profile decision consistency; not experimental hit frequency
ATP-HTVS-8E3D409F2843,55746,4,0,0,,,,cross-profile decision consistency; not experimental hit frequency
ATP-HTVS-8E434DB2B88E,94115,4,0,0,,,,cross-profile decision consistency; not experimental hit frequency
ATP-HTVS-8E5D0C8C0586,48226,4,0,0,,,,cross-profile decision consistency; not experimental hit frequency
ATP-HTVS-8E6E87523B7B,64451,4,0,0,,,,cross-profile decision consistency; not experimental hit frequency
ATP-HTVS-8E7556763F42,90403,4,0,0,,,,cross-profile decision consistency; not experimental hit frequency
ATP-HTVS-8EB0CBA3C42A,28354,4,0,0,,,,cross-profile decision consistency; not experimental hit frequency
ATP-HTVS-8EBB5954A050,85187,4,0,0,,,,cross-profile decision consistency; not experimental hit frequency
ATP-HTVS-8ECA82FC9C79,20066,4,0,0,,,,cross-profile decision consistency; not experimental hit frequency
ATP-HTVS-8EDB8C766CED,78306,4,0,0,,,,cross-profile decision consistency; not experimental hit frequency
ATP-HTVS-8EE5F01B86B2,66145,4,0,0,,,,cross-profile decision consistency; not experimental hit frequency
ATP-HTVS-8F383301D999,83458,4,0,0,,,,cross-profile decision consistency; not experimental hit frequency
ATP-HTVS-8F7863C4F42C,32898,4,0,0,,,,cross-profile decision consistency; not experimental hit frequency
ATP-HTVS-8F8686BB907F,97314,4,0,0,,,,cross-profile decision consistency; not experimental hit frequency
ATP-HTVS-8FAB3387FC95,74083,4,0,0,,,,cross-profile decision consistency; not experimental hit frequency
ATP-HTVS-8FAC22D1DEE3,83011,4,0,0,,,,cross-profile decision consistency; not experimental hit frequency
ATP-HTVS-8FAD4DDE14EC,4418,4,0,0,,,,cross-profile decision consistency; not experimental hit frequency
ATP-HTVS-8FCE9ABFEDC9,96578,4,0,0,,,,cross-profile decision consistency; not experimental hit frequency
ATP-HTVS-8FFDF10521D1,34625,4,0,0,,,,cross-profile decision consistency; not experimental hit frequency
ATP-HTVS-903509DD9171,38371,4,0,0,,,,cross-profile decision consistency; not experimental hit frequency
ATP-HTVS-906C5B8F4575,46978,4,0,0,,,,cross-profile decision consistency; not experimental hit frequency
ATP-HTVS-9071C340676C,91907,4,0,0,,,,cross-profile decision consistency; not experimental hit frequency
ATP-HTVS-90D8E935D6BA,70531,4,0,0,,,,cross-profile decision consistency; not experimental hit frequency
ATP-HTVS-90E2293F5662,27587,4,0,0,,,,cross-profile decision consistency; not experimental hit frequency
ATP-HTVS-90F616328265,99169,4,0,0,,,,cross-profile decision consistency; not experimental hit frequency
ATP-HTVS-9118BAC0F3E5,49857,4,0,0,,,,cross-profile decision consistency; not experimental hit frequency
ATP-HTVS-9126C22B6E5D,23649,4,0,0,,,,cross-profile decision consistency; not experimental hit frequency
ATP-HTVS-91559CC1A0CF,77345,4,0,0,,,,cross-profile decision consistency; not experimental hit frequency
ATP-HTVS-915EA674EB52,76033,4,0,0,,,,cross-profile decision consistency; not experimental hit frequency
ATP-HTVS-917D65E68C1C,37603,4,0,0,,,,cross-profile decision consistency; not experimental hit frequency
ATP-HTVS-917EA3B617CA,53634,4,0,0,,,,cross-profile decision consistency; not experimental hit frequency
ATP-HTVS-91FB2566E9C6,66147,4,0,0,,,,cross-profile decision consistency; not experimental hit frequency
ATP-HTVS-91FE8B97AF5D,74274,4,0,0,,,,cross-profile decision consistency; not experimental hit frequency
ATP-HTVS-925A357E73C9,83553,4,0,0,,,,cross-profile decision consistency; not experimental hit frequency
ATP-HTVS-9261E8E7C16B,37826,4,0,0,,,,cross-profile decision consistency; not experimental hit frequency
ATP-HTVS-9279E9D3CA8E,26337,4,0,0,,,,cross-profile decision consistency; not experimental hit frequency
ATP-HTVS-928F3709654C,80577,4,0,0,,,,cross-profile decision consistency; not experimental hit frequency
ATP-HTVS-92BA88CED8DA,20033,4,0,0,,,,cross-profile decision consistency; not experimental hit frequency
ATP-HTVS-92C487CB2C4B,64961,4,0,0,,,,cross-profile decision consistency; not experimental hit frequency
ATP-HTVS-92D1D8A066E2,26498,4,0,0,,,,cross-profile decision consistency; not experimental hit frequency
ATP-HTVS-92F0D0267220,45570,4,0,0,,,,cross-profile decision consistency; not experimental hit frequency
ATP-HTVS-9352BEE24C86,93634,4,0,0,,,,cross-profile decision consistency; not experimental hit frequency
ATP-HTVS-9360F17A3EC6,75329,4,0,0,,,,cross-profile decision consistency; not experimental hit frequency
ATP-HTVS-9393AACC3570,45122,4,0,0,,,,cross-profile decision consistency; not experimental hit frequency
ATP-HTVS-93C7314F95B0,68035,4,0,0,,,,cross-profile decision consistency; not experimental hit frequency
ATP-HTVS-93CB38BE3680,47971,4,0,0,,,,cross-profile decision consistency; not experimental hit frequency
ATP-HTVS-93E6D0793690,63681,4,0,0,,,,cross-profile decision consistency; not experimental hit frequency
ATP-HTVS-94036CD3F111,91106,4,0,0,,,,cross-profile decision consistency; not experimental hit frequency
ATP-HTVS-94448DA501C0,79074,4,0,0,,,,cross-profile decision consistency; not experimental hit frequency
ATP-HTVS-9480C2297FB5,70563,4,0,0,,,,cross-profile decision consistency; not experimental hit frequency
ATP-HTVS-94941B52F5EC,56161,4,0,0,,,,cross-profile decision consistency; not experimental hit frequency
ATP-HTVS-94D8827D88B0,51299,4,0,0,,,,cross-profile decision consistency; not experimental hit frequency
ATP-HTVS-94FDA1BF8648,94914,4,0,0,,,,cross-profile decision consistency; not experimental hit frequency
ATP-HTVS-9505CBC4E7EE,64641,4,0,0,,,,cross-profile decision consistency; not experimental hit frequency
ATP-HTVS-952C6901247D,71138,4,0,0,,,,cross-profile decision consistency; not experimental hit frequency
ATP-HTVS-9548848ABB82,37537,4,0,0,,,,cross-profile decision consistency; not experimental hit frequency
ATP-HTVS-954980F32CB7,55906,4,0,0,,,,cross-profile decision consistency; not experimental hit frequency
ATP-HTVS-95B9B67075F0,77443,4,0,0,,,,cross-profile decision consistency; not experimental hit frequency
ATP-HTVS-95C9BC6D1CE7,79202,4,0,0,,,,cross-profile decision consistency; not experimental hit frequency
ATP-HTVS-95D1FAD4F080,71875,4,0,0,,,,cross-profile decision consistency; not experimental hit frequency
ATP-HTVS-95D98DD03D76,71298,4,0,0,,,,cross-profile decision consistency; not experimental hit frequency
ATP-HTVS-95EE858F8EEC,89953,4,0,0,,,,cross-profile decision consistency; not experimental hit frequency
ATP-HTVS-96035055C171,32801,4,0,0,,,,cross-profile decision consistency; not experimental hit frequency
ATP-HTVS-9640828E0D0B,57411,4,0,0,,,,cross-profile decision consistency; not experimental hit frequency
ATP-HTVS-96C7A2856398,57953,4,0,0,,,,cross-profile decision consistency; not experimental hit frequency
ATP-HTVS-9702CFD2E9A2,81985,4,0,0,,,,cross-profile decision consistency; not experimental hit frequency
ATP-HTVS-970FBD5470AF,37921,4,0,0,,,,cross-profile decision consistency; not experimental hit frequency
ATP-HTVS-970FD2D7162F,57698,4,0,0,,,,cross-profile decision consistency; not experimental hit frequency
ATP-HTVS-971CA853FA9A,47075,4,0,0,,,,cross-profile decision consistency; not experimental hit frequency
ATP-HTVS-976CFBCF515D,13249,4,0,0,,,,cross-profile decision consistency; not experimental hit frequency
ATP-HTVS-9774402850E8,78433,4,0,0,,,,cross-profile decision consistency; not experimental hit frequency
ATP-HTVS-980C1FC6FC1E,30689,4,0,0,,,,cross-profile decision consistency; not experimental hit frequency
ATP-HTVS-985FC5CCBDCC,91523,4,0,0,,,,cross-profile decision consistency; not experimental hit frequency
ATP-HTVS-986AE7271DA8,70049,4,0,0,,,,cross-profile decision consistency; not experimental hit frequency
ATP-HTVS-9898F3268698,61313,4,0,0,,,,cross-profile decision consistency; not experimental hit frequency
ATP-HTVS-98A0502BF743,60257,4,0,0,,,,cross-profile decision consistency; not experimental hit frequency
ATP-HTVS-98C6C787C9CA,97922,4,0,0,,,,cross-profile decision consistency; not experimental hit frequency
ATP-HTVS-98E751432A52,90242,4,0,0,,,,cross-profile decision consistency; not experimental hit frequency
ATP-HTVS-98EFE7D538B2,77379,4,0,0,,,,cross-profile decision consistency; not experimental hit frequency
ATP-HTVS-99217F2350A2,27618,4,0,0,,,,cross-profile decision consistency; not experimental hit frequency
ATP-HTVS-99483DBEAA78,20963,4,0,0,,,,cross-profile decision consistency; not experimental hit frequency
ATP-HTVS-9967BD998929,72578,4,0,0,,,,cross-profile decision consistency; not experimental hit frequency
ATP-HTVS-99B36318F637,6081,4,0,0,,,,cross-profile decision consistency; not experimental hit frequency
ATP-HTVS-99E4671812AC,87393,4,0,0,,,,cross-profile decision consistency; not experimental hit frequency
ATP-HTVS-9A332D1A0286,27617,4,0,0,,,,cross-profile decision consistency; not experimental hit frequency
ATP-HTVS-9A3A5E055FE2,67235,4,0,0,,,,cross-profile decision consistency; not experimental hit frequency
ATP-HTVS-9A75570B0E27,83009,4,0,0,,,,cross-profile decision consistency; not experimental hit frequency
ATP-HTVS-9A76BB66DB1D,70498,4,0,0,,,,cross-profile decision consistency; not experimental hit frequency
ATP-HTVS-9A86ECE1052E,19937,4,0,0,,,,cross-profile decision consistency; not experimental hit frequency
ATP-HTVS-9AD82B0B5D2D,80610,4,0,0,,,,cross-profile decision consistency; not experimental hit frequency
ATP-HTVS-9AEFC257B6AB,94850,4,0,0,,,,cross-profile decision consistency; not experimental hit frequency
ATP-HTVS-9AF19AD81321,95841,4,0,0,,,,cross-profile decision consistency; not experimental hit frequency
ATP-HTVS-9B930A3F277B,46658,4,0,0,,,,cross-profile decision consistency; not experimental hit frequency
ATP-HTVS-9BFBB44B9744,92161,4,0,0,,,,cross-profile decision consistency; not experimental hit frequency
ATP-HTVS-9C0CB662701B,22849,4,0,0,,,,cross-profile decision consistency; not experimental hit frequency
ATP-HTVS-9C2287A2D630,61441,4,0,0,,,,cross-profile decision consistency; not experimental hit frequency
ATP-HTVS-9C588CAB6516,96290,4,0,0,,,,cross-profile decision consistency; not experimental hit frequency
ATP-HTVS-9C7CAB1133CD,78305,4,0,0,,,,cross-profile decision consistency; not experimental hit frequency
ATP-HTVS-9C9650448F2C,83841,4,0,0,,,,cross-profile decision consistency; not experimental hit frequency
ATP-HTVS-9CB3B225923C,39555,4,0,0,,,,cross-profile decision consistency; not experimental hit frequency
ATP-HTVS-9CE7151F0CF5,20835,4,0,0,,,,cross-profile decision consistency; not experimental hit frequency
ATP-HTVS-9D3CA67459E0,67746,4,0,0,,,,cross-profile decision consistency; not experimental hit frequency
ATP-HTVS-9D856A339FA1,23650,4,0,0,,,,cross-profile decision consistency; not experimental hit frequency
ATP-HTVS-9D863030CFC5,78209,4,0,0,,,,cross-profile decision consistency; not experimental hit frequency
ATP-HTVS-9DA78F477298,97857,4,0,0,,,,cross-profile decision consistency; not experimental hit frequency
ATP-HTVS-9DADF577E8AC,41122,4,0,0,,,,cross-profile decision consistency; not experimental hit frequency
ATP-HTVS-9DBDBA397665,91489,4,0,0,,,,cross-profile decision consistency; not experimental hit frequency
ATP-HTVS-9DFA3785F0DB,83778,4,0,0,,,,cross-profile decision consistency; not experimental hit frequency
ATP-HTVS-9E45A7CB1B23,24003,4,0,0,,,,cross-profile decision consistency; not experimental hit frequency
ATP-HTVS-9E60DE94BDF0,48290,4,0,0,,,,cross-profile decision consistency; not experimental hit frequency
ATP-HTVS-9F0B8180A605,37283,4,0,0,,,,cross-profile decision consistency; not experimental hit frequency
ATP-HTVS-9F37D3A44946,93826,4,0,0,,,,cross-profile decision consistency; not experimental hit frequency
ATP-HTVS-9F5103B68EB9,61826,4,0,0,,,,cross-profile decision consistency; not experimental hit frequency
ATP-HTVS-9F7EB006111C,2945,4,0,0,,,,cross-profile decision consistency; not experimental hit frequency
ATP-HTVS-9F81472CEEC6,90627,4,0,0,,,,cross-profile decision consistency; not experimental hit frequency
ATP-HTVS-9F81613398D9,73347,4,0,0,,,,cross-profile decision consistency; not experimental hit frequency
ATP-HTVS-9F8F78EE592C,70659,4,0,0,,,,cross-profile decision consistency; not experimental hit frequency
ATP-HTVS-9F9A426F6493,36611,4,0,0,,,,cross-profile decision consistency; not experimental hit frequency
ATP-HTVS-A05CBA531631,30147,4,0,0,,,,cross-profile decision consistency; not experimental hit frequency
ATP-HTVS-A0BE83379585,57251,4,0,0,,,,cross-profile decision consistency; not experimental hit frequency
ATP-HTVS-A0DD4911ADFC,80834,4,0,0,,,,cross-profile decision consistency; not experimental hit frequency
ATP-HTVS-A10345D75118,25475,4,0,0,,,,cross-profile decision consistency; not experimental hit frequency
ATP-HTVS-A11F200701F2,51714,4,0,0,,,,cross-profile decision consistency; not experimental hit frequency
ATP-HTVS-A12862845571,36162,4,0,0,,,,cross-profile decision consistency; not experimental hit frequency
ATP-HTVS-A1381500D8FF,28897,4,0,0,,,,cross-profile decision consistency; not experimental hit frequency
ATP-HTVS-A1F737581FBF,84547,4,0,0,,,,cross-profile decision consistency; not experimental hit frequency
ATP-HTVS-A20FC30C18FA,37827,4,0,0,,,,cross-profile decision consistency; not experimental hit frequency
ATP-HTVS-A257C47BE0F3,3587,4,0,0,,,,cross-profile decision consistency; not experimental hit frequency
ATP-HTVS-A25C4EA68E32,90658,4,0,0,,,,cross-profile decision consistency; not experimental hit frequency
ATP-HTVS-A27D1CDFC59C,12003,4,0,0,,,,cross-profile decision consistency; not experimental hit frequency
ATP-HTVS-A286808FA942,81442,4,0,0,,,,cross-profile decision consistency; not experimental hit frequency
ATP-HTVS-A28F95EF9540,45281,4,0,0,,,,cross-profile decision consistency; not experimental hit frequency
ATP-HTVS-A2CFD20ABAD2,83203,4,0,0,,,,cross-profile decision consistency; not experimental hit frequency
ATP-HTVS-A2EC0CC51325,66753,4,0,0,,,,cross-profile decision consistency; not experimental hit frequency
ATP-HTVS-A2ECE24B89CB,24515,4,0,0,,,,cross-profile decision consistency; not experimental hit frequency
ATP-HTVS-A2FDB4A8FB56,72417,4,0,0,,,,cross-profile decision consistency; not experimental hit frequency
ATP-HTVS-A305C0BD9D10,76386,4,0,0,,,,cross-profile decision consistency; not experimental hit frequency
ATP-HTVS-A343C43AF9EC,23169,4,0,0,,,,cross-profile decision consistency; not experimental hit frequency
ATP-HTVS-A345DB3E7236,69795,4,0,0,,,,cross-profile decision consistency; not experimental hit frequency
ATP-HTVS-A361D156A19C,49762,4,0,0,,,,cross-profile decision consistency; not experimental hit frequency
ATP-HTVS-A38ED211E8B3,94083,4,0,0,,,,cross-profile decision consistency; not experimental hit frequency
ATP-HTVS-A3A98DB30213,66146,4,0,0,,,,cross-profile decision consistency; not experimental hit frequency
ATP-HTVS-A3FFA90B66AA,58403,4,0,0,,,,cross-profile decision consistency; not experimental hit frequency
ATP-HTVS-A44EAAD38847,47618,4,0,0,,,,cross-profile decision consistency; not experimental hit frequency
ATP-HTVS-A459F36766D8,51650,4,0,0,,,,cross-profile decision consistency; not experimental hit frequency
ATP-HTVS-A4810EBC0F15,61601,4,0,0,,,,cross-profile decision consistency; not experimental hit frequency
ATP-HTVS-A4BDF0A6C58A,61058,4,0,0,,,,cross-profile decision consistency; not experimental hit frequency
ATP-HTVS-A4F2667C3349,72738,4,0,0,,,,cross-profile decision consistency; not experimental hit frequency
ATP-HTVS-A521B3182CFE,21155,4,0,0,,,,cross-profile decision consistency; not experimental hit frequency
ATP-HTVS-A5353E166184,71683,4,0,0,,,,cross-profile decision consistency; not experimental hit frequency
ATP-HTVS-A53B334F5824,50977,4,0,0,,,,cross-profile decision consistency; not experimental hit frequency
ATP-HTVS-A5A2B8D72F00,38882,4,0,0,,,,cross-profile decision consistency; not experimental hit frequency
ATP-HTVS-A5C0EA33BE09,60675,4,0,0,,,,cross-profile decision consistency; not experimental hit frequency
ATP-HTVS-A6599D500180,29250,4,0,0,,,,cross-profile decision consistency; not experimental hit frequency
ATP-HTVS-A67C5EBB60CA,75841,4,0,0,,,,cross-profile decision consistency; not experimental hit frequency
ATP-HTVS-A67DD6FB98A9,70562,4,0,0,,,,cross-profile decision consistency; not experimental hit frequency
ATP-HTVS-A6800539A705,75618,4,0,0,,,,cross-profile decision consistency; not experimental hit frequency
ATP-HTVS-A693217A85AE,38275,4,0,0,,,,cross-profile decision consistency; not experimental hit frequency
ATP-HTVS-A6940AB4AD1D,24387,4,0,0,,,,cross-profile decision consistency; not experimental hit frequency
ATP-HTVS-A6CB9DE84F6F,84034,4,0,0,,,,cross-profile decision consistency; not experimental hit frequency
ATP-HTVS-A6D74CA540BA,89537,4,0,0,,,,cross-profile decision consistency; not experimental hit frequency
ATP-HTVS-A7093622CBF0,20771,4,0,0,,,,cross-profile decision consistency; not experimental hit frequency
ATP-HTVS-A719F0D3C4DA,74594,4,0,0,,,,cross-profile decision consistency; not experimental hit frequency
ATP-HTVS-A7693842EDE7,83074,4,0,0,,,,cross-profile decision consistency; not experimental hit frequency
ATP-HTVS-A7BD7D96AE57,4451,4,0,0,,,,cross-profile decision consistency; not experimental hit frequency
ATP-HTVS-A7EE593102BF,33505,4,0,0,,,,cross-profile decision consistency; not experimental hit frequency
ATP-HTVS-A8111C46748E,73794,4,0,0,,,,cross-profile decision consistency; not experimental hit frequency
ATP-HTVS-A820F1D60548,63138,4,0,0,,,,cross-profile decision consistency; not experimental hit frequency
ATP-HTVS-A844998385F9,77505,4,0,0,,,,cross-profile decision consistency; not experimental hit frequency
ATP-HTVS-A845026C7E40,91522,4,0,0,,,,cross-profile decision consistency; not experimental hit frequency
ATP-HTVS-A8555051B7A8,26369,4,0,0,,,,cross-profile decision consistency; not experimental hit frequency
ATP-HTVS-A86A798575A4,98241,4,0,0,,,,cross-profile decision consistency; not experimental hit frequency
ATP-HTVS-A89DA5D53108,97121,4,0,0,,,,cross-profile decision consistency; not experimental hit frequency
ATP-HTVS-A8B79B8D9CE4,98466,4,0,0,,,,cross-profile decision consistency; not experimental hit frequency
ATP-HTVS-A8F9662136B7,83170,4,0,0,,,,cross-profile decision consistency; not experimental hit frequency
ATP-HTVS-A8FD4BE75532,89409,4,0,0,,,,cross-profile decision consistency; not experimental hit frequency
ATP-HTVS-A9326BC55FC3,99138,4,0,0,,,,cross-profile decision consistency; not experimental hit frequency
ATP-HTVS-A949B56C75C5,93891,4,0,0,,,,cross-profile decision consistency; not experimental hit frequency
ATP-HTVS-A9572D0B6B20,80417,4,0,0,,,,cross-profile decision consistency; not experimental hit frequency
ATP-HTVS-A95E57B9EC2C,50113,4,0,0,,,,cross-profile decision consistency; not experimental hit frequency
ATP-HTVS-A9E2ECE51DBC,47937,4,0,0,,,,cross-profile decision consistency; not experimental hit frequency
ATP-HTVS-AAAC0953A4ED,31555,4,0,0,,,,cross-profile decision consistency; not experimental hit frequency
ATP-HTVS-AACA343AA4DE,52321,4,0,0,,,,cross-profile decision consistency; not experimental hit frequency
ATP-HTVS-AAD4045BFE18,82595,4,0,0,,,,cross-profile decision consistency; not experimental hit frequency
ATP-HTVS-AAEC409DC9E3,32515,4,0,0,,,,cross-profile decision consistency; not experimental hit frequency
ATP-HTVS-AB4BD250F7B6,81346,4,0,0,,,,cross-profile decision consistency; not experimental hit frequency
ATP-HTVS-AB5753B8B47E,40737,4,0,0,,,,cross-profile decision consistency; not experimental hit frequency
ATP-HTVS-AB5D2E649063,94019,4,0,0,,,,cross-profile decision consistency; not experimental hit frequency
ATP-HTVS-AB6A0F8FBF12,18977,4,0,0,,,,cross-profile decision consistency; not experimental hit frequency
ATP-HTVS-ABB27A5BB422,32386,4,0,0,,,,cross-profile decision consistency; not experimental hit frequency
ATP-HTVS-AC48CD61B4D9,74881,4,0,0,,,,cross-profile decision consistency; not experimental hit frequency
ATP-HTVS-AC6C82062264,64258,4,0,0,,,,cross-profile decision consistency; not experimental hit frequency
ATP-HTVS-AC71774ACC4B,91074,4,0,0,,,,cross-profile decision consistency; not experimental hit frequency
ATP-HTVS-ACBE41267A18,4290,4,0,0,,,,cross-profile decision consistency; not experimental hit frequency
ATP-HTVS-AD26772F5837,35617,4,0,0,,,,cross-profile decision consistency; not experimental hit frequency
ATP-HTVS-AD556EC8B5E3,32131,4,0,0,,,,cross-profile decision consistency; not experimental hit frequency
ATP-HTVS-AD7BC7F537E7,96482,4,0,0,,,,cross-profile decision consistency; not experimental hit frequency
ATP-HTVS-AD7D334F30DB,88673,4,0,0,,,,cross-profile decision consistency; not experimental hit frequency
ATP-HTVS-AD7FACE11FDD,91810,4,0,0,,,,cross-profile decision consistency; not experimental hit frequency
ATP-HTVS-AD7FBCC01633,85217,4,0,0,,,,cross-profile decision consistency; not experimental hit frequency
ATP-HTVS-ADC6A568E437,96738,4,0,0,,,,cross-profile decision consistency; not experimental hit frequency
ATP-HTVS-ADEEA10F1B91,88065,4,0,0,,,,cross-profile decision consistency; not experimental hit frequency
ATP-HTVS-ADF1B73D9E23,85507,4,0,0,,,,cross-profile decision consistency; not experimental hit frequency
ATP-HTVS-ADFEB0A5CD8C,55939,4,0,0,,,,cross-profile decision consistency; not experimental hit frequency
ATP-HTVS-AE2593E94038,97890,4,0,0,,,,cross-profile decision consistency; not experimental hit frequency
ATP-HTVS-AE73BF67DB9D,5410,4,0,0,,,,cross-profile decision consistency; not experimental hit frequency
ATP-HTVS-AE7F15E1977E,5761,4,0,0,,,,cross-profile decision consistency; not experimental hit frequency
ATP-HTVS-AE8349DE7653,92993,4,0,0,,,,cross-profile decision consistency; not experimental hit frequency
ATP-HTVS-AEA5EF37F369,76161,4,0,0,,,,cross-profile decision consistency; not experimental hit frequency
ATP-HTVS-AEC4D9F1E0F4,72001,4,0,0,,,,cross-profile decision consistency; not experimental hit frequency
ATP-HTVS-AEE242E516D8,90657,4,0,0,,,,cross-profile decision consistency; not experimental hit frequency
ATP-HTVS-AF0D06B60C3E,79234,4,0,0,,,,cross-profile decision consistency; not experimental hit frequency
ATP-HTVS-AF24076E5CF3,48513,4,0,0,,,,cross-profile decision consistency; not experimental hit frequency
ATP-HTVS-AF546DDC8B5A,39811,4,0,0,,,,cross-profile decision consistency; not experimental hit frequency
ATP-HTVS-AF6DFEAC4438,77891,4,0,0,,,,cross-profile decision consistency; not experimental hit frequency
ATP-HTVS-AFAE325C96BD,30114,4,0,0,,,,cross-profile decision consistency; not experimental hit frequency
ATP-HTVS-AFB94CABAED0,95970,4,0,0,,,,cross-profile decision consistency; not experimental hit frequency
ATP-HTVS-AFD6D96F704F,43106,4,0,0,,,,cross-profile decision consistency; not experimental hit frequency
ATP-HTVS-AFF6C4F7FD39,48355,4,0,0,,,,cross-profile decision consistency; not experimental hit frequency
ATP-HTVS-B00F3517908E,71715,4,0,0,,,,cross-profile decision consistency; not experimental hit frequency
ATP-HTVS-B0742D29E2ED,92481,4,0,0,,,,cross-profile decision consistency; not experimental hit frequency
ATP-HTVS-B0A71AB87D72,74467,4,0,0,,,,cross-profile decision consistency; not experimental hit frequency
ATP-HTVS-B0AB4541452E,78753,4,0,0,,,,cross-profile decision consistency; not experimental hit frequency
ATP-HTVS-B0B19F009301,74529,4,0,0,,,,cross-profile decision consistency; not experimental hit frequency
ATP-HTVS-B107F9A324A3,20065,4,0,0,,,,cross-profile decision consistency; not experimental hit frequency
ATP-HTVS-B13A57A9D1F9,98178,4,0,0,,,,cross-profile decision consistency; not experimental hit frequency
ATP-HTVS-B13D85D04AEE,97953,4,0,0,,,,cross-profile decision consistency; not experimental hit frequency
ATP-HTVS-B16CEB425A58,94497,4,0,0,,,,cross-profile decision consistency; not experimental hit frequency
ATP-HTVS-B1D0FF1C8AAB,46850,4,0,0,,,,cross-profile decision consistency; not experimental hit frequency
ATP-HTVS-B1DCCC83FEFE,30595,4,0,0,,,,cross-profile decision consistency; not experimental hit frequency
ATP-HTVS-B1E26FAB67D9,85443,4,0,0,,,,cross-profile decision consistency; not experimental hit frequency
ATP-HTVS-B1FBA11D65B8,53251,4,0,0,,,,cross-profile decision consistency; not experimental hit frequency
ATP-HTVS-B23516995CCF,60194,4,0,0,,,,cross-profile decision consistency; not experimental hit frequency
ATP-HTVS-B262751D15E7,44706,4,0,0,,,,cross-profile decision consistency; not experimental hit frequency
ATP-HTVS-B278BB2953A5,37281,4,0,0,,,,cross-profile decision consistency; not experimental hit frequency
ATP-HTVS-B31ECD8B9A27,61603,4,0,0,,,,cross-profile decision consistency; not experimental hit frequency
ATP-HTVS-B34C30ECDBCB,67107,4,0,0,,,,cross-profile decision consistency; not experimental hit frequency
ATP-HTVS-B36D0C358EAD,4321,4,0,0,,,,cross-profile decision consistency; not experimental hit frequency
ATP-HTVS-B383260168BF,80993,4,0,0,,,,cross-profile decision consistency; not experimental hit frequency
ATP-HTVS-B3F47181DC5D,83746,4,0,0,,,,cross-profile decision consistency; not experimental hit frequency
ATP-HTVS-B3FE097D1043,69827,4,0,0,,,,cross-profile decision consistency; not experimental hit frequency
ATP-HTVS-B41566EF3893,35267,4,0,0,,,,cross-profile decision consistency; not experimental hit frequency
ATP-HTVS-B46E603BFCD4,92482,4,0,0,,,,cross-profile decision consistency; not experimental hit frequency
ATP-HTVS-B476F40F800C,74499,4,0,0,,,,cross-profile decision consistency; not experimental hit frequency
ATP-HTVS-B47DAEDE372B,98082,4,0,0,,,,cross-profile decision consistency; not experimental hit frequency
ATP-HTVS-B48F3FD049EC,23970,4,0,0,,,,cross-profile decision consistency; not experimental hit frequency
ATP-HTVS-B4E8E29A2CD9,62147,4,0,0,,,,cross-profile decision consistency; not experimental hit frequency
ATP-HTVS-B4F34B52DEEF,77313,4,0,0,,,,cross-profile decision consistency; not experimental hit frequency
ATP-HTVS-B4FC20780B21,37219,4,0,0,,,,cross-profile decision consistency; not experimental hit frequency
ATP-HTVS-B51F80196405,56163,4,0,0,,,,cross-profile decision consistency; not experimental hit frequency
ATP-HTVS-B56D8AC3A406,90241,4,0,0,,,,cross-profile decision consistency; not experimental hit frequency
ATP-HTVS-B586963EE7FB,61506,4,0,0,,,,cross-profile decision consistency; not experimental hit frequency
ATP-HTVS-B5A4F958CC31,90915,4,0,0,,,,cross-profile decision consistency; not experimental hit frequency
ATP-HTVS-B612A35BE18C,36227,4,0,0,,,,cross-profile decision consistency; not experimental hit frequency
ATP-HTVS-B6233BB79AF7,58179,4,0,0,,,,cross-profile decision consistency; not experimental hit frequency
ATP-HTVS-B64EA431F59B,47873,4,0,0,,,,cross-profile decision consistency; not experimental hit frequency
ATP-HTVS-B64FB026F9D3,80449,4,0,0,,,,cross-profile decision consistency; not experimental hit frequency
ATP-HTVS-B6843249DE88,60162,4,0,0,,,,cross-profile decision consistency; not experimental hit frequency
ATP-HTVS-B685FDB22E51,6466,4,0,0,,,,cross-profile decision consistency; not experimental hit frequency
ATP-HTVS-B699C037922C,89506,4,0,0,,,,cross-profile decision consistency; not experimental hit frequency
ATP-HTVS-B6BB4D9D6C90,17793,4,0,0,,,,cross-profile decision consistency; not experimental hit frequency
ATP-HTVS-B6C483C4EE45,81410,4,0,0,,,,cross-profile decision consistency; not experimental hit frequency
ATP-HTVS-B7334B97F240,76226,4,0,0,,,,cross-profile decision consistency; not experimental hit frequency
ATP-HTVS-B7368E70BBC8,27201,4,0,0,,,,cross-profile decision consistency; not experimental hit frequency
ATP-HTVS-B7604789CEBF,58530,4,0,0,,,,cross-profile decision consistency; not experimental hit frequency
ATP-HTVS-B77025854F9D,70979,4,0,0,,,,cross-profile decision consistency; not experimental hit frequency
ATP-HTVS-B798CBAC6C44,96577,4,0,0,,,,cross-profile decision consistency; not experimental hit frequency
ATP-HTVS-B7AB07A15A31,78435,4,0,0,,,,cross-profile decision consistency; not experimental hit frequency
ATP-HTVS-B7C68EF5FFDC,82755,4,0,0,,,,cross-profile decision consistency; not experimental hit frequency
ATP-HTVS-B7CF3B4EBACD,53986,4,0,0,,,,cross-profile decision consistency; not experimental hit frequency
ATP-HTVS-B7FF2C0C64E6,74275,4,0,0,,,,cross-profile decision consistency; not experimental hit frequency
ATP-HTVS-B8017292FA6C,98081,4,0,0,,,,cross-profile decision consistency; not experimental hit frequency
ATP-HTVS-B8459B836830,67074,4,0,0,,,,cross-profile decision consistency; not experimental hit frequency
ATP-HTVS-B847417F307C,85761,4,0,0,,,,cross-profile decision consistency; not experimental hit frequency
ATP-HTVS-B860A68943EF,83874,4,0,0,,,,cross-profile decision consistency; not experimental hit frequency
ATP-HTVS-B88C39A42AA7,71075,4,0,0,,,,cross-profile decision consistency; not experimental hit frequency
ATP-HTVS-B8A979A70D7E,85859,4,0,0,,,,cross-profile decision consistency; not experimental hit frequency
ATP-HTVS-B8D4F4CA2980,25249,4,0,0,,,,cross-profile decision consistency; not experimental hit frequency
ATP-HTVS-B976229D01A0,68866,4,0,0,,,,cross-profile decision consistency; not experimental hit frequency
ATP-HTVS-B989B97EF6F5,36002,4,0,0,,,,cross-profile decision consistency; not experimental hit frequency
ATP-HTVS-B99F6A8D80C4,82786,4,0,0,,,,cross-profile decision consistency; not experimental hit frequency
ATP-HTVS-B9C46F2E092C,80163,4,0,0,,,,cross-profile decision consistency; not experimental hit frequency
ATP-HTVS-B9E16686FC4A,78977,4,0,0,,,,cross-profile decision consistency; not experimental hit frequency
ATP-HTVS-BA05F8BAE026,80994,4,0,0,,,,cross-profile decision consistency; not experimental hit frequency
ATP-HTVS-BA0E3BFA8388,95713,4,0,0,,,,cross-profile decision consistency; not experimental hit frequency
ATP-HTVS-BAB35535B111,81859,4,0,0,,,,cross-profile decision consistency; not experimental hit frequency
ATP-HTVS-BAD00D53E534,97889,4,0,0,,,,cross-profile decision consistency; not experimental hit frequency
ATP-HTVS-BAE9605F8CCC,24769,4,0,0,,,,cross-profile decision consistency; not experimental hit frequency
ATP-HTVS-BAF1AE5D2B14,74082,4,0,0,,,,cross-profile decision consistency; not experimental hit frequency
ATP-HTVS-BAFA4202ACED,96321,4,0,0,,,,cross-profile decision consistency; not experimental hit frequency
ATP-HTVS-BB0F51DCED8B,87587,4,0,0,,,,cross-profile decision consistency; not experimental hit frequency
ATP-HTVS-BB2B7EB3D06A,85442,4,0,0,,,,cross-profile decision consistency; not experimental hit frequency
ATP-HTVS-BB30DC3CF26F,67810,4,0,0,,,,cross-profile decision consistency; not experimental hit frequency
ATP-HTVS-BB3EB03EB4C6,57699,4,0,0,,,,cross-profile decision consistency; not experimental hit frequency
ATP-HTVS-BB81D0256EE3,80641,4,0,0,,,,cross-profile decision consistency; not experimental hit frequency
ATP-HTVS-BBA3AD223423,28035,4,0,0,,,,cross-profile decision consistency; not experimental hit frequency
ATP-HTVS-BBB01994AF2B,80578,4,0,0,,,,cross-profile decision consistency; not experimental hit frequency
ATP-HTVS-BBE6E61B6745,84578,4,0,0,,,,cross-profile decision consistency; not experimental hit frequency
ATP-HTVS-BBF7556FA5C3,44579,4,0,0,,,,cross-profile decision consistency; not experimental hit frequency
ATP-HTVS-BC2B8699145A,70561,4,0,0,,,,cross-profile decision consistency; not experimental hit frequency
ATP-HTVS-BCAE8AB499DF,82881,4,0,0,,,,cross-profile decision consistency; not experimental hit frequency
ATP-HTVS-BCB25216F396,83875,4,0,0,,,,cross-profile decision consistency; not experimental hit frequency
ATP-HTVS-BCB37E169801,66851,4,0,0,,,,cross-profile decision consistency; not experimental hit frequency
ATP-HTVS-BCEA86BEEC0A,20258,4,0,0,,,,cross-profile decision consistency; not experimental hit frequency
ATP-HTVS-BD03C735BC89,84035,4,0,0,,,,cross-profile decision consistency; not experimental hit frequency
ATP-HTVS-BD0B30D0980B,63267,4,0,0,,,,cross-profile decision consistency; not experimental hit frequency
ATP-HTVS-BD172DBF0B92,62243,4,0,0,,,,cross-profile decision consistency; not experimental hit frequency
ATP-HTVS-BD1ED4B7B841,91779,4,0,0,,,,cross-profile decision consistency; not experimental hit frequency
ATP-HTVS-BD741E539D0D,23235,4,0,0,,,,cross-profile decision consistency; not experimental hit frequency
ATP-HTVS-BD9D807D92EC,94305,4,0,0,,,,cross-profile decision consistency; not experimental hit frequency
ATP-HTVS-BDB37C4B0D07,53090,4,0,0,,,,cross-profile decision consistency; not experimental hit frequency
ATP-HTVS-BDBBABCD42A1,50114,4,0,0,,,,cross-profile decision consistency; not experimental hit frequency
ATP-HTVS-BDBFEED18423,61698,4,0,0,,,,cross-profile decision consistency; not experimental hit frequency
ATP-HTVS-BDC9F9AD9B20,33281,4,0,0,,,,cross-profile decision consistency; not experimental hit frequency
ATP-HTVS-BDD1C4453981,38147,4,0,0,,,,cross-profile decision consistency; not experimental hit frequency
ATP-HTVS-BE0949FFEA46,84483,4,0,0,,,,cross-profile decision consistency; not experimental hit frequency
ATP-HTVS-BE25F64FE980,42785,4,0,0,,,,cross-profile decision consistency; not experimental hit frequency
ATP-HTVS-BE2C9D7D83B9,57441,4,0,0,,,,cross-profile decision consistency; not experimental hit frequency
ATP-HTVS-BE963CFE3042,38017,4,0,0,,,,cross-profile decision consistency; not experimental hit frequency
ATP-HTVS-BEC4D7C74EFC,70658,4,0,0,,,,cross-profile decision consistency; not experimental hit frequency
ATP-HTVS-BECDF8C854B5,82305,4,0,0,,,,cross-profile decision consistency; not experimental hit frequency
ATP-HTVS-BF2AFCF05426,93699,4,0,0,,,,cross-profile decision consistency; not experimental hit frequency
ATP-HTVS-BF383207F30E,28642,4,0,0,,,,cross-profile decision consistency; not experimental hit frequency
ATP-HTVS-BF68A4285DB1,42338,4,0,0,,,,cross-profile decision consistency; not experimental hit frequency
ATP-HTVS-BF6C9643780C,85186,4,0,0,,,,cross-profile decision consistency; not experimental hit frequency
ATP-HTVS-BF826A7B469A,89442,4,0,0,,,,cross-profile decision consistency; not experimental hit frequency
ATP-HTVS-BF8F947D0493,34082,4,0,0,,,,cross-profile decision consistency; not experimental hit frequency
ATP-HTVS-BFC0901B6A3C,76930,4,0,0,,,,cross-profile decision consistency; not experimental hit frequency
ATP-HTVS-BFD5BCAF9717,52961,4,0,0,,,,cross-profile decision consistency; not experimental hit frequency
ATP-HTVS-BFEA0E4C0B7C,74657,4,0,0,,,,cross-profile decision consistency; not experimental hit frequency
ATP-HTVS-C038EE4FCBA5,94113,4,0,0,,,,cross-profile decision consistency; not experimental hit frequency
ATP-HTVS-C0568328686F,39681,4,0,0,,,,cross-profile decision consistency; not experimental hit frequency
ATP-HTVS-C0772D58369C,99330,4,0,0,,,,cross-profile decision consistency; not experimental hit frequency
ATP-HTVS-C09627CFBEE5,62882,4,0,0,,,,cross-profile decision consistency; not experimental hit frequency
ATP-HTVS-C0A883403093,80579,4,0,0,,,,cross-profile decision consistency; not experimental hit frequency
ATP-HTVS-C0ADD803E371,28353,4,0,0,,,,cross-profile decision consistency; not experimental hit frequency
ATP-HTVS-C0B01F645FC7,95074,4,0,0,,,,cross-profile decision consistency; not experimental hit frequency
ATP-HTVS-C0E7239EA73D,94018,4,0,0,,,,cross-profile decision consistency; not experimental hit frequency
ATP-HTVS-C10AA91B306E,67713,4,0,0,,,,cross-profile decision consistency; not experimental hit frequency
ATP-HTVS-C12B4C379970,35235,4,0,0,,,,cross-profile decision consistency; not experimental hit frequency
ATP-HTVS-C13B253881A4,36801,4,0,0,,,,cross-profile decision consistency; not experimental hit frequency
ATP-HTVS-C1848F46B113,80386,4,0,0,,,,cross-profile decision consistency; not experimental hit frequency
ATP-HTVS-C188770C1FD9,20962,4,0,0,,,,cross-profile decision consistency; not experimental hit frequency
ATP-HTVS-C1AB9EDC96AF,72801,4,0,0,,,,cross-profile decision consistency; not experimental hit frequency
ATP-HTVS-C2A68E9F7CC7,44385,4,0,0,,,,cross-profile decision consistency; not experimental hit frequency
ATP-HTVS-C2B7985A0F3E,34305,4,0,0,,,,cross-profile decision consistency; not experimental hit frequency
ATP-HTVS-C302107B3554,71682,4,0,0,,,,cross-profile decision consistency; not experimental hit frequency
ATP-HTVS-C31215E10DA6,83714,4,0,0,,,,cross-profile decision consistency; not experimental hit frequency
ATP-HTVS-C36315435956,60258,4,0,0,,,,cross-profile decision consistency; not experimental hit frequency
ATP-HTVS-C36F7D03654F,89441,4,0,0,,,,cross-profile decision consistency; not experimental hit frequency
ATP-HTVS-C3768FC48E4A,87394,4,0,0,,,,cross-profile decision consistency; not experimental hit frequency
ATP-HTVS-C384A8554A98,76354,4,0,0,,,,cross-profile decision consistency; not experimental hit frequency
ATP-HTVS-C39BEF6539AB,4355,4,0,0,,,,cross-profile decision consistency; not experimental hit frequency
ATP-HTVS-C3A30B83BBDA,88483,4,0,0,,,,cross-profile decision consistency; not experimental hit frequency
ATP-HTVS-C3FA166C1ADD,36707,4,0,0,,,,cross-profile decision consistency; not experimental hit frequency
ATP-HTVS-C3FD34132B6A,71490,4,0,0,,,,cross-profile decision consistency; not experimental hit frequency
ATP-HTVS-C40016FC0CB2,70721,4,0,0,,,,cross-profile decision consistency; not experimental hit frequency
ATP-HTVS-C4138656EE80,36610,4,0,0,,,,cross-profile decision consistency; not experimental hit frequency
ATP-HTVS-C445C351F9C8,47970,4,0,0,,,,cross-profile decision consistency; not experimental hit frequency
ATP-HTVS-C4778BDFFC37,75843,4,0,0,,,,cross-profile decision consistency; not experimental hit frequency
ATP-HTVS-C4893C1BFF55,25250,4,0,0,,,,cross-profile decision consistency; not experimental hit frequency
ATP-HTVS-C4C9929F3284,78403,4,0,0,,,,cross-profile decision consistency; not experimental hit frequency
ATP-HTVS-C4D43EEF7CE1,98690,4,0,0,,,,cross-profile decision consistency; not experimental hit frequency
ATP-HTVS-C55276015D5E,97217,4,0,0,,,,cross-profile decision consistency; not experimental hit frequency
ATP-HTVS-C563D945857F,80867,4,0,0,,,,cross-profile decision consistency; not experimental hit frequency
ATP-HTVS-C59D75D09D12,68706,4,0,0,,,,cross-profile decision consistency; not experimental hit frequency
ATP-HTVS-C5A7FD400424,82753,4,0,0,,,,cross-profile decision consistency; not experimental hit frequency
ATP-HTVS-C615FEE5992B,53122,4,0,0,,,,cross-profile decision consistency; not experimental hit frequency
ATP-HTVS-C6A6F28FFA03,82401,4,0,0,,,,cross-profile decision consistency; not experimental hit frequency
ATP-HTVS-C6C7CCEB60F2,73954,4,0,0,,,,cross-profile decision consistency; not experimental hit frequency
ATP-HTVS-C725FB5B69C4,56739,4,0,0,,,,cross-profile decision consistency; not experimental hit frequency
ATP-HTVS-C74806D7CD52,53537,4,0,0,,,,cross-profile decision consistency; not experimental hit frequency
ATP-HTVS-C78E55448419,80034,4,0,0,,,,cross-profile decision consistency; not experimental hit frequency
ATP-HTVS-C7A4A85DE6AC,94051,4,0,0,,,,cross-profile decision consistency; not experimental hit frequency
ATP-HTVS-C7C112B42D2F,79778,4,0,0,,,,cross-profile decision consistency; not experimental hit frequency
ATP-HTVS-C7E1AC016800,99361,4,0,0,,,,cross-profile decision consistency; not experimental hit frequency
ATP-HTVS-C7F6DF534483,73346,4,0,0,,,,cross-profile decision consistency; not experimental hit frequency
ATP-HTVS-C81E0B2D019D,80098,4,0,0,,,,cross-profile decision consistency; not experimental hit frequency
ATP-HTVS-C853ACB1A86B,96802,4,0,0,,,,cross-profile decision consistency; not experimental hit frequency
ATP-HTVS-C88FA91C4E8E,75201,4,0,0,,,,cross-profile decision consistency; not experimental hit frequency
ATP-HTVS-C894FAAE5B10,4706,4,0,0,,,,cross-profile decision consistency; not experimental hit frequency
ATP-HTVS-C8A46F369ED4,99810,4,0,0,,,,cross-profile decision consistency; not experimental hit frequency
ATP-HTVS-C8D8BA0AA9EF,75042,4,0,0,,,,cross-profile decision consistency; not experimental hit frequency
ATP-HTVS-C8F29258BF11,76962,4,0,0,,,,cross-profile decision consistency; not experimental hit frequency
ATP-HTVS-C9013CEACAA9,79266,4,0,0,,,,cross-profile decision consistency; not experimental hit frequency
ATP-HTVS-C924AED67E53,55841,4,0,0,,,,cross-profile decision consistency; not experimental hit frequency
ATP-HTVS-C9308A7164FF,83843,4,0,0,,,,cross-profile decision consistency; not experimental hit frequency
ATP-HTVS-C930A8816DDB,3521,4,0,0,,,,cross-profile decision consistency; not experimental hit frequency
ATP-HTVS-C97E366A40B5,96353,4,0,0,,,,cross-profile decision consistency; not experimental hit frequency
ATP-HTVS-C9B00227BFE8,37217,4,0,0,,,,cross-profile decision consistency; not experimental hit frequency
ATP-HTVS-C9CB4EF32822,20449,4,0,0,,,,cross-profile decision consistency; not experimental hit frequency
ATP-HTVS-C9E144645171,38689,4,0,0,,,,cross-profile decision consistency; not experimental hit frequency
ATP-HTVS-CA08B0F5D119,66561,4,0,0,,,,cross-profile decision consistency; not experimental hit frequency
ATP-HTVS-CA5141603A6E,62146,4,0,0,,,,cross-profile decision consistency; not experimental hit frequency
ATP-HTVS-CA6523C86104,32322,4,0,0,,,,cross-profile decision consistency; not experimental hit frequency
ATP-HTVS-CA9A4676B579,80962,4,0,0,,,,cross-profile decision consistency; not experimental hit frequency
ATP-HTVS-CAF3F282F1EC,86531,4,0,0,,,,cross-profile decision consistency; not experimental hit frequency
ATP-HTVS-CAF437F0E3C3,42177,4,0,0,,,,cross-profile decision consistency; not experimental hit frequency
ATP-HTVS-CB056AB5514A,67811,4,0,0,,,,cross-profile decision consistency; not experimental hit frequency
ATP-HTVS-CB08F8B01966,54499,4,0,0,,,,cross-profile decision consistency; not experimental hit frequency
ATP-HTVS-CB100B4C9F83,73827,4,0,0,,,,cross-profile decision consistency; not experimental hit frequency
ATP-HTVS-CB3D9B3FDDC1,36449,4,0,0,,,,cross-profile decision consistency; not experimental hit frequency
ATP-HTVS-CB3E61D945F3,58177,4,0,0,,,,cross-profile decision consistency; not experimental hit frequency
ATP-HTVS-CB568D2EE5B9,70083,4,0,0,,,,cross-profile decision consistency; not experimental hit frequency
ATP-HTVS-CBC473663EF6,80195,4,0,0,,,,cross-profile decision consistency; not experimental hit frequency
ATP-HTVS-CBCD19AD9C21,69538,4,0,0,,,,cross-profile decision consistency; not experimental hit frequency
ATP-HTVS-CC01DAB978DA,59971,4,0,0,,,,cross-profile decision consistency; not experimental hit frequency
ATP-HTVS-CC453EE4B1F8,68963,4,0,0,,,,cross-profile decision consistency; not experimental hit frequency
ATP-HTVS-CC5603E93E79,80513,4,0,0,,,,cross-profile decision consistency; not experimental hit frequency
ATP-HTVS-CC671C1EED81,79682,4,0,0,,,,cross-profile decision consistency; not experimental hit frequency
ATP-HTVS-CC7A8C42BA33,30369,4,0,0,,,,cross-profile decision consistency; not experimental hit frequency
ATP-HTVS-CC7F9EDA8956,76001,4,0,0,,,,cross-profile decision consistency; not experimental hit frequency
ATP-HTVS-CC86D79AEE13,84610,4,0,0,,,,cross-profile decision consistency; not experimental hit frequency
ATP-HTVS-CCF7E888A475,26563,4,0,0,,,,cross-profile decision consistency; not experimental hit frequency
ATP-HTVS-CD22DC9E9474,28033,4,0,0,,,,cross-profile decision consistency; not experimental hit frequency
ATP-HTVS-CD3E1774443F,28194,4,0,0,,,,cross-profile decision consistency; not experimental hit frequency
ATP-HTVS-CD664E950D6F,34817,4,0,0,,,,cross-profile decision consistency; not experimental hit frequency
ATP-HTVS-CD6AA4CFEADB,78050,4,0,0,,,,cross-profile decision consistency; not experimental hit frequency
ATP-HTVS-CD84540442E8,70081,4,0,0,,,,cross-profile decision consistency; not experimental hit frequency
ATP-HTVS-CDA0FA66D084,72961,4,0,0,,,,cross-profile decision consistency; not experimental hit frequency
ATP-HTVS-CDB030173D15,66242,4,0,0,,,,cross-profile decision consistency; not experimental hit frequency
ATP-HTVS-CDFFE8C73978,78019,4,0,0,,,,cross-profile decision consistency; not experimental hit frequency
ATP-HTVS-CE0C62FD8EFC,70435,4,0,0,,,,cross-profile decision consistency; not experimental hit frequency
ATP-HTVS-CE22382A0684,74817,4,0,0,,,,cross-profile decision consistency; not experimental hit frequency
ATP-HTVS-CE83EECF0A09,37763,4,0,0,,,,cross-profile decision consistency; not experimental hit frequency
ATP-HTVS-CE85F8224252,69185,4,0,0,,,,cross-profile decision consistency; not experimental hit frequency
ATP-HTVS-CEA6734F7F3C,98242,4,0,0,,,,cross-profile decision consistency; not experimental hit frequency
ATP-HTVS-CEB5A32F933D,98433,4,0,0,,,,cross-profile decision consistency; not experimental hit frequency
ATP-HTVS-CEC01CDE00B1,94818,4,0,0,,,,cross-profile decision consistency; not experimental hit frequency
ATP-HTVS-CED8BA7CA394,18338,4,0,0,,,,cross-profile decision consistency; not experimental hit frequency
ATP-HTVS-CEDCE5F1BEB7,20034,4,0,0,,,,cross-profile decision consistency; not experimental hit frequency
ATP-HTVS-CEF12CE4FD32,29538,4,0,0,,,,cross-profile decision consistency; not experimental hit frequency
ATP-HTVS-CF29C556AE01,40739,4,0,0,,,,cross-profile decision consistency; not experimental hit frequency
ATP-HTVS-CF9A421CD50D,33410,4,0,0,,,,cross-profile decision consistency; not experimental hit frequency
ATP-HTVS-CFB2EA2F52FD,81570,4,0,0,,,,cross-profile decision consistency; not experimental hit frequency
ATP-HTVS-D0257FD59117,53153,4,0,0,,,,cross-profile decision consistency; not experimental hit frequency
ATP-HTVS-D02CBBC5B48D,78915,4,0,0,,,,cross-profile decision consistency; not experimental hit frequency
ATP-HTVS-D0CA976BC689,29859,4,0,0,,,,cross-profile decision consistency; not experimental hit frequency
ATP-HTVS-D0D9A6B890A3,89250,4,0,0,,,,cross-profile decision consistency; not experimental hit frequency
ATP-HTVS-D102EB8CAB11,61025,4,0,0,,,,cross-profile decision consistency; not experimental hit frequency
ATP-HTVS-D1462A8BE621,82146,4,0,0,,,,cross-profile decision consistency; not experimental hit frequency
ATP-HTVS-D18D68753065,80611,4,0,0,,,,cross-profile decision consistency; not experimental hit frequency
ATP-HTVS-D190FC844C9E,99170,4,0,0,,,,cross-profile decision consistency; not experimental hit frequency
ATP-HTVS-D1A5509321EA,16609,4,0,0,,,,cross-profile decision consistency; not experimental hit frequency
ATP-HTVS-D1F1286C5AB6,82883,4,0,0,,,,cross-profile decision consistency; not experimental hit frequency
ATP-HTVS-D22CA90FC022,53539,4,0,0,,,,cross-profile decision consistency; not experimental hit frequency
ATP-HTVS-D254F911DFD1,51233,4,0,0,,,,cross-profile decision consistency; not experimental hit frequency
ATP-HTVS-D2D0A1D4326E,73153,4,0,0,,,,cross-profile decision consistency; not experimental hit frequency
ATP-HTVS-D33A0E291F08,23651,4,0,0,,,,cross-profile decision consistency; not experimental hit frequency
ATP-HTVS-D35090C63096,84674,4,0,0,,,,cross-profile decision consistency; not experimental hit frequency
ATP-HTVS-D35FD22B1728,77186,4,0,0,,,,cross-profile decision consistency; not experimental hit frequency
ATP-HTVS-D3717771288C,76993,4,0,0,,,,cross-profile decision consistency; not experimental hit frequency
ATP-HTVS-D38DE888E88F,70401,4,0,0,,,,cross-profile decision consistency; not experimental hit frequency
ATP-HTVS-D3913B8FBCFA,93186,4,0,0,,,,cross-profile decision consistency; not experimental hit frequency
ATP-HTVS-D3B4C31C9E9F,23329,4,0,0,,,,cross-profile decision consistency; not experimental hit frequency
ATP-HTVS-D3B596BB619E,74947,4,0,0,,,,cross-profile decision consistency; not experimental hit frequency
ATP-HTVS-D3D42427DD6F,94017,4,0,0,,,,cross-profile decision consistency; not experimental hit frequency
ATP-HTVS-D41B937429B7,86307,4,0,0,,,,cross-profile decision consistency; not experimental hit frequency
ATP-HTVS-D45BC7EA8057,70339,4,0,0,,,,cross-profile decision consistency; not experimental hit frequency
ATP-HTVS-D4881A2AC8A2,51649,4,0,0,,,,cross-profile decision consistency; not experimental hit frequency
ATP-HTVS-D49B0A10993C,27586,4,0,0,,,,cross-profile decision consistency; not experimental hit frequency
ATP-HTVS-D4AE6553B313,87906,4,0,0,,,,cross-profile decision consistency; not experimental hit frequency
ATP-HTVS-D4B05735BAC4,50594,4,0,0,,,,cross-profile decision consistency; not experimental hit frequency
ATP-HTVS-D4C1A78D47F2,58401,4,0,0,,,,cross-profile decision consistency; not experimental hit frequency
ATP-HTVS-D4F4D34A0DC7,514,4,0,0,,,,cross-profile decision consistency; not experimental hit frequency
ATP-HTVS-D51006C467E8,12578,4,0,0,,,,cross-profile decision consistency; not experimental hit frequency
ATP-HTVS-D52094086515,83715,4,0,0,,,,cross-profile decision consistency; not experimental hit frequency
ATP-HTVS-D53BE49171F7,23619,4,0,0,,,,cross-profile decision consistency; not experimental hit frequency
ATP-HTVS-D57D92118EC0,78850,4,0,0,,,,cross-profile decision consistency; not experimental hit frequency
ATP-HTVS-D57FDE5925BA,51522,4,0,0,,,,cross-profile decision consistency; not experimental hit frequency
ATP-HTVS-D5881C68A9EC,95073,4,0,0,,,,cross-profile decision consistency; not experimental hit frequency
ATP-HTVS-D5ACD41550DD,96737,4,0,0,,,,cross-profile decision consistency; not experimental hit frequency
ATP-HTVS-D5ACDDA463EA,75745,4,0,0,,,,cross-profile decision consistency; not experimental hit frequency
ATP-HTVS-D6043925B579,66273,4,0,0,,,,cross-profile decision consistency; not experimental hit frequency
ATP-HTVS-D60AE40A828F,84162,4,0,0,,,,cross-profile decision consistency; not experimental hit frequency
ATP-HTVS-D63540CFF382,77571,4,0,0,,,,cross-profile decision consistency; not experimental hit frequency
ATP-HTVS-D650FAE25B13,75203,4,0,0,,,,cross-profile decision consistency; not experimental hit frequency
ATP-HTVS-D65E1879A1C4,90530,4,0,0,,,,cross-profile decision consistency; not experimental hit frequency
ATP-HTVS-D67E347CF5B0,32641,4,0,0,,,,cross-profile decision consistency; not experimental hit frequency
ATP-HTVS-D68829BAAF56,35266,4,0,0,,,,cross-profile decision consistency; not experimental hit frequency
ATP-HTVS-D6CA2B69D609,57026,4,0,0,,,,cross-profile decision consistency; not experimental hit frequency
ATP-HTVS-D7583D638CF7,84707,4,0,0,,,,cross-profile decision consistency; not experimental hit frequency
ATP-HTVS-D76C38158727,59906,4,0,0,,,,cross-profile decision consistency; not experimental hit frequency
ATP-HTVS-D773B3DD8BD5,77090,4,0,0,,,,cross-profile decision consistency; not experimental hit frequency
ATP-HTVS-D78134F4C173,91073,4,0,0,,,,cross-profile decision consistency; not experimental hit frequency
ATP-HTVS-D7F859CCB519,2849,4,0,0,,,,cross-profile decision consistency; not experimental hit frequency
ATP-HTVS-D7FBECEDF81C,79746,4,0,0,,,,cross-profile decision consistency; not experimental hit frequency
ATP-HTVS-D806BF0778F9,63233,4,0,0,,,,cross-profile decision consistency; not experimental hit frequency
ATP-HTVS-D820D8B9E61C,28163,4,0,0,,,,cross-profile decision consistency; not experimental hit frequency
ATP-HTVS-D831575BA0F0,75715,4,0,0,,,,cross-profile decision consistency; not experimental hit frequency
ATP-HTVS-D839BC34DAE7,4771,4,0,0,,,,cross-profile decision consistency; not experimental hit frequency
ATP-HTVS-D86CED65A6E1,74497,4,0,0,,,,cross-profile decision consistency; not experimental hit frequency
ATP-HTVS-D8D752145B88,75714,4,0,0,,,,cross-profile decision consistency; not experimental hit frequency
ATP-HTVS-D8E733A39BE5,30819,4,0,0,,,,cross-profile decision consistency; not experimental hit frequency
ATP-HTVS-D9159AF95984,74371,4,0,0,,,,cross-profile decision consistency; not experimental hit frequency
ATP-HTVS-D925B2862DC5,91491,4,0,0,,,,cross-profile decision consistency; not experimental hit frequency
ATP-HTVS-D928A6F83D7E,93473,4,0,0,,,,cross-profile decision consistency; not experimental hit frequency
ATP-HTVS-D93071962BA3,31554,4,0,0,,,,cross-profile decision consistency; not experimental hit frequency
ATP-HTVS-D9724DB0D106,63362,4,0,0,,,,cross-profile decision consistency; not experimental hit frequency
ATP-HTVS-DAC48F0443BB,71459,4,0,0,,,,cross-profile decision consistency; not experimental hit frequency
ATP-HTVS-DADEC6686275,95745,4,0,0,,,,cross-profile decision consistency; not experimental hit frequency
ATP-HTVS-DB2D048ED873,53154,4,0,0,,,,cross-profile decision consistency; not experimental hit frequency
ATP-HTVS-DB45F9B4D40D,94625,4,0,0,,,,cross-profile decision consistency; not experimental hit frequency
ATP-HTVS-DB6DF45B456E,23457,4,0,0,,,,cross-profile decision consistency; not experimental hit frequency
ATP-HTVS-DB94924E5291,95553,4,0,0,,,,cross-profile decision consistency; not experimental hit frequency
ATP-HTVS-DB99DC1A003A,67553,4,0,0,,,,cross-profile decision consistency; not experimental hit frequency
ATP-HTVS-DBA84DBB4449,75299,4,0,0,,,,cross-profile decision consistency; not experimental hit frequency
ATP-HTVS-DBCC5241A393,4707,4,0,0,,,,cross-profile decision consistency; not experimental hit frequency
ATP-HTVS-DC065C207C84,1282,4,0,0,,,,cross-profile decision consistency; not experimental hit frequency
ATP-HTVS-DC18FC237305,12291,4,0,0,,,,cross-profile decision consistency; not experimental hit frequency
ATP-HTVS-DC20B32D34B9,85249,4,0,0,,,,cross-profile decision consistency; not experimental hit frequency
ATP-HTVS-DC6B7BCD18A9,22914,4,0,0,,,,cross-profile decision consistency; not experimental hit frequency
ATP-HTVS-DC74BD16E68F,93697,4,0,0,,,,cross-profile decision consistency; not experimental hit frequency
ATP-HTVS-DCC6353C2378,60993,4,0,0,,,,cross-profile decision consistency; not experimental hit frequency
ATP-HTVS-DCF81E89AD2E,18466,4,0,0,,,,cross-profile decision consistency; not experimental hit frequency
ATP-HTVS-DD1946FA5AC5,93185,4,0,0,,,,cross-profile decision consistency; not experimental hit frequency
ATP-HTVS-DD420CB019C5,66339,4,0,0,,,,cross-profile decision consistency; not experimental hit frequency
ATP-HTVS-DD59A7F9A26E,30113,4,0,0,,,,cross-profile decision consistency; not experimental hit frequency
ATP-HTVS-DD7A369608E2,55074,4,0,0,,,,cross-profile decision consistency; not experimental hit frequency
ATP-HTVS-DDBB6FEB6103,43170,4,0,0,,,,cross-profile decision consistency; not experimental hit frequency
ATP-HTVS-DDC2C96F44C1,78947,4,0,0,,,,cross-profile decision consistency; not experimental hit frequency
ATP-HTVS-DDCEA98BB6BE,81569,4,0,0,,,,cross-profile decision consistency; not experimental hit frequency
ATP-HTVS-DDD75C103081,34241,4,0,0,,,,cross-profile decision consistency; not experimental hit frequency
ATP-HTVS-DDECBBA12C43,32899,4,0,0,,,,cross-profile decision consistency; not experimental hit frequency
ATP-HTVS-DE3670B8C5ED,53473,4,0,0,,,,cross-profile decision consistency; not experimental hit frequency
ATP-HTVS-DED96A59EB26,77315,4,0,0,,,,cross-profile decision consistency; not experimental hit frequency
ATP-HTVS-DF13A29C86DC,74403,4,0,0,,,,cross-profile decision consistency; not experimental hit frequency
ATP-HTVS-DF25A3EF4846,92450,4,0,0,,,,cross-profile decision consistency; not experimental hit frequency
ATP-HTVS-DF2EF65723F2,77667,4,0,0,,,,cross-profile decision consistency; not experimental hit frequency
ATP-HTVS-DF60AB231AB0,75491,4,0,0,,,,cross-profile decision consistency; not experimental hit frequency
ATP-HTVS-DF8AF7E8BFB3,30433,4,0,0,,,,cross-profile decision consistency; not experimental hit frequency
ATP-HTVS-DF95DE08029D,59970,4,0,0,,,,cross-profile decision consistency; not experimental hit frequency
ATP-HTVS-DF96FF74234A,32323,4,0,0,,,,cross-profile decision consistency; not experimental hit frequency
ATP-HTVS-DFB30BBC8B3D,65474,4,0,0,,,,cross-profile decision consistency; not experimental hit frequency
ATP-HTVS-DFD60D9DE448,62242,4,0,0,,,,cross-profile decision consistency; not experimental hit frequency
ATP-HTVS-DFE69C12D963,69825,4,0,0,,,,cross-profile decision consistency; not experimental hit frequency
ATP-HTVS-E0074D38582E,55073,4,0,0,,,,cross-profile decision consistency; not experimental hit frequency
ATP-HTVS-E00D3A602E3C,48993,4,0,0,,,,cross-profile decision consistency; not experimental hit frequency
ATP-HTVS-E027274C2018,1953,4,0,0,,,,cross-profile decision consistency; not experimental hit frequency
ATP-HTVS-E0444895C82B,63873,4,0,0,,,,cross-profile decision consistency; not experimental hit frequency
ATP-HTVS-E05E864FAEC7,61057,4,0,0,,,,cross-profile decision consistency; not experimental hit frequency
ATP-HTVS-E0849D225AC7,3554,4,0,0,,,,cross-profile decision consistency; not experimental hit frequency
ATP-HTVS-E08CF4D489F1,75427,4,0,0,,,,cross-profile decision consistency; not experimental hit frequency
ATP-HTVS-E08F75BAC913,81122,4,0,0,,,,cross-profile decision consistency; not experimental hit frequency
ATP-HTVS-E0D09F3A28CB,93633,4,0,0,,,,cross-profile decision consistency; not experimental hit frequency
ATP-HTVS-E0E8748999A4,82849,4,0,0,,,,cross-profile decision consistency; not experimental hit frequency
ATP-HTVS-E124973F868C,75906,4,0,0,,,,cross-profile decision consistency; not experimental hit frequency
ATP-HTVS-E14A9B461B4E,20705,4,0,0,,,,cross-profile decision consistency; not experimental hit frequency
ATP-HTVS-E1C245C409AF,78465,4,0,0,,,,cross-profile decision consistency; not experimental hit frequency
ATP-HTVS-E1C6EE43BDB1,58563,4,0,0,,,,cross-profile decision consistency; not experimental hit frequency
ATP-HTVS-E1CE322086D6,92705,4,0,0,,,,cross-profile decision consistency; not experimental hit frequency
ATP-HTVS-E1EEBF193F90,39106,4,0,0,,,,cross-profile decision consistency; not experimental hit frequency
ATP-HTVS-E2020C00AE4E,70850,4,0,0,,,,cross-profile decision consistency; not experimental hit frequency
ATP-HTVS-E20398B5FF99,20961,4,0,0,,,,cross-profile decision consistency; not experimental hit frequency
ATP-HTVS-E22DE85EEE62,82273,4,0,0,,,,cross-profile decision consistency; not experimental hit frequency
ATP-HTVS-E2321FC28CB2,69889,4,0,0,,,,cross-profile decision consistency; not experimental hit frequency
ATP-HTVS-E2660D394356,62850,4,0,0,,,,cross-profile decision consistency; not experimental hit frequency
ATP-HTVS-E27332E37A66,84834,4,0,0,,,,cross-profile decision consistency; not experimental hit frequency
ATP-HTVS-E298C966C019,61537,4,0,0,,,,cross-profile decision consistency; not experimental hit frequency
ATP-HTVS-E2A28C61F774,89313,4,0,0,,,,cross-profile decision consistency; not experimental hit frequency
ATP-HTVS-E2AE692EC3A5,69985,4,0,0,,,,cross-profile decision consistency; not experimental hit frequency
ATP-HTVS-E2D3668E21DF,35265,4,0,0,,,,cross-profile decision consistency; not experimental hit frequency
ATP-HTVS-E317819F970C,32035,4,0,0,,,,cross-profile decision consistency; not experimental hit frequency
ATP-HTVS-E340B301DB22,93474,4,0,0,,,,cross-profile decision consistency; not experimental hit frequency
ATP-HTVS-E35DF7DBF452,50818,4,0,0,,,,cross-profile decision consistency; not experimental hit frequency
ATP-HTVS-E366C71D7075,82403,4,0,0,,,,cross-profile decision consistency; not experimental hit frequency
ATP-HTVS-E381363CD12F,95042,4,0,0,,,,cross-profile decision consistency; not experimental hit frequency
ATP-HTVS-E38D6BC47DFC,96385,4,0,0,,,,cross-profile decision consistency; not experimental hit frequency
ATP-HTVS-E3DAAD165412,4865,4,0,0,,,,cross-profile decision consistency; not experimental hit frequency
ATP-HTVS-E3E3C457ADC4,20867,4,0,0,,,,cross-profile decision consistency; not experimental hit frequency
ATP-HTVS-E4024F0AB59A,22913,4,0,0,,,,cross-profile decision consistency; not experimental hit frequency
ATP-HTVS-E41D62FB159D,67521,4,0,0,,,,cross-profile decision consistency; not experimental hit frequency
ATP-HTVS-E4A79D64766C,52865,4,0,0,,,,cross-profile decision consistency; not experimental hit frequency
ATP-HTVS-E4F433E7DDB9,59170,4,0,0,,,,cross-profile decision consistency; not experimental hit frequency
ATP-HTVS-E4F9B23534EC,95617,4,0,0,,,,cross-profile decision consistency; not experimental hit frequency
ATP-HTVS-E50B3258D66C,64642,4,0,0,,,,cross-profile decision consistency; not experimental hit frequency
ATP-HTVS-E5267662EBE5,71810,4,0,0,,,,cross-profile decision consistency; not experimental hit frequency
ATP-HTVS-E53927646B4E,32802,4,0,0,,,,cross-profile decision consistency; not experimental hit frequency
ATP-HTVS-E53B79A527AF,80129,4,0,0,,,,cross-profile decision consistency; not experimental hit frequency
ATP-HTVS-E5655BB07D18,88386,4,0,0,,,,cross-profile decision consistency; not experimental hit frequency
ATP-HTVS-E5C360ABD75A,8321,4,0,0,,,,cross-profile decision consistency; not experimental hit frequency
ATP-HTVS-E60052B60ACE,93731,4,0,0,,,,cross-profile decision consistency; not experimental hit frequency
ATP-HTVS-E624AA265EBA,86593,4,0,0,,,,cross-profile decision consistency; not experimental hit frequency
ATP-HTVS-E6B57BB86B33,99617,4,0,0,,,,cross-profile decision consistency; not experimental hit frequency
ATP-HTVS-E6C07A7730FF,89954,4,0,0,,,,cross-profile decision consistency; not experimental hit frequency
ATP-HTVS-E6E3A92D5598,89731,4,0,0,,,,cross-profile decision consistency; not experimental hit frequency
ATP-HTVS-E6F8A3974F14,60291,4,0,0,,,,cross-profile decision consistency; not experimental hit frequency
ATP-HTVS-E71202E475AE,88195,4,0,0,,,,cross-profile decision consistency; not experimental hit frequency
ATP-HTVS-E78B37070E90,57507,4,0,0,,,,cross-profile decision consistency; not experimental hit frequency
ATP-HTVS-E79C34F2E4E5,5313,4,0,0,,,,cross-profile decision consistency; not experimental hit frequency
ATP-HTVS-E7B44E0E6F2B,46529,4,0,0,,,,cross-profile decision consistency; not experimental hit frequency
ATP-HTVS-E7CE93BF7585,40738,4,0,0,,,,cross-profile decision consistency; not experimental hit frequency
ATP-HTVS-E7DA22DA6C24,30626,4,0,0,,,,cross-profile decision consistency; not experimental hit frequency
ATP-HTVS-E80053830AA7,51267,4,0,0,,,,cross-profile decision consistency; not experimental hit frequency
ATP-HTVS-E80A62EE0257,22690,4,0,0,,,,cross-profile decision consistency; not experimental hit frequency
ATP-HTVS-E82D7E524403,38786,4,0,0,,,,cross-profile decision consistency; not experimental hit frequency
ATP-HTVS-E85A4EEDAC38,71681,4,0,0,,,,cross-profile decision consistency; not experimental hit frequency
ATP-HTVS-E85D4903F0A1,48227,4,0,0,,,,cross-profile decision consistency; not experimental hit frequency
ATP-HTVS-E888CD26917F,61570,4,0,0,,,,cross-profile decision consistency; not experimental hit frequency
ATP-HTVS-E89D68A8E825,49475,4,0,0,,,,cross-profile decision consistency; not experimental hit frequency
ATP-HTVS-E8C4233BC4EE,98946,4,0,0,,,,cross-profile decision consistency; not experimental hit frequency
ATP-HTVS-E8F6FC3C759E,73411,4,0,0,,,,cross-profile decision consistency; not experimental hit frequency
ATP-HTVS-E912078D9741,5571,4,0,0,,,,cross-profile decision consistency; not experimental hit frequency
ATP-HTVS-EAB5C9B34043,90659,4,0,0,,,,cross-profile decision consistency; not experimental hit frequency
ATP-HTVS-EAC68E01988F,55553,4,0,0,,,,cross-profile decision consistency; not experimental hit frequency
ATP-HTVS-EAD1C8AFD4A9,38178,4,0,0,,,,cross-profile decision consistency; not experimental hit frequency
ATP-HTVS-EAE06126CF40,15907,4,0,0,,,,cross-profile decision consistency; not experimental hit frequency
ATP-HTVS-EB0B96E798C5,89859,4,0,0,,,,cross-profile decision consistency; not experimental hit frequency
ATP-HTVS-EB12E3425930,44387,4,0,0,,,,cross-profile decision consistency; not experimental hit frequency
ATP-HTVS-EB1E3022AC0C,49826,4,0,0,,,,cross-profile decision consistency; not experimental hit frequency
ATP-HTVS-EB500473345C,44738,4,0,0,,,,cross-profile decision consistency; not experimental hit frequency
ATP-HTVS-EB51C7366B34,83106,4,0,0,,,,cross-profile decision consistency; not experimental hit frequency
ATP-HTVS-EBA0F745595A,79777,4,0,0,,,,cross-profile decision consistency; not experimental hit frequency
ATP-HTVS-EBADA6179138,70403,4,0,0,,,,cross-profile decision consistency; not experimental hit frequency
ATP-HTVS-EBCFEAF5D9E7,28865,4,0,0,,,,cross-profile decision consistency; not experimental hit frequency
ATP-HTVS-EBFF1A375D8B,77347,4,0,0,,,,cross-profile decision consistency; not experimental hit frequency
ATP-HTVS-EC2D3AD3168F,83201,4,0,0,,,,cross-profile decision consistency; not experimental hit frequency
ATP-HTVS-EC4610FFE6DC,42498,4,0,0,,,,cross-profile decision consistency; not experimental hit frequency
ATP-HTVS-EC5DC094D49F,51715,4,0,0,,,,cross-profile decision consistency; not experimental hit frequency
ATP-HTVS-ECFCDEE54331,47682,4,0,0,,,,cross-profile decision consistency; not experimental hit frequency
ATP-HTVS-ED186549DA4C,82466,4,0,0,,,,cross-profile decision consistency; not experimental hit frequency
ATP-HTVS-ED381154F376,3425,4,0,0,,,,cross-profile decision consistency; not experimental hit frequency
ATP-HTVS-ED9FB8DD8268,75073,4,0,0,,,,cross-profile decision consistency; not experimental hit frequency
ATP-HTVS-EDD9885A2235,72929,4,0,0,,,,cross-profile decision consistency; not experimental hit frequency
ATP-HTVS-EE25A0930777,61857,4,0,0,,,,cross-profile decision consistency; not experimental hit frequency
ATP-HTVS-EE3EC74621FE,36163,4,0,0,,,,cross-profile decision consistency; not experimental hit frequency
ATP-HTVS-EE5B82122D17,84066,4,0,0,,,,cross-profile decision consistency; not experimental hit frequency
ATP-HTVS-EE6CCEFDAAD0,33217,4,0,0,,,,cross-profile decision consistency; not experimental hit frequency
ATP-HTVS-EE8A818A3017,72097,4,0,0,,,,cross-profile decision consistency; not experimental hit frequency
ATP-HTVS-EE9B34D8B24D,20323,4,0,0,,,,cross-profile decision consistency; not experimental hit frequency
ATP-HTVS-EEA70E20167C,92483,4,0,0,,,,cross-profile decision consistency; not experimental hit frequency
ATP-HTVS-EEBB6926EC22,55779,4,0,0,,,,cross-profile decision consistency; not experimental hit frequency
ATP-HTVS-EEE4DEAD393E,83169,4,0,0,,,,cross-profile decision consistency; not experimental hit frequency
ATP-HTVS-EF007D703862,59907,4,0,0,,,,cross-profile decision consistency; not experimental hit frequency
ATP-HTVS-EF0129487CC6,92769,4,0,0,,,,cross-profile decision consistency; not experimental hit frequency
ATP-HTVS-EF17DB58F500,88321,4,0,0,,,,cross-profile decision consistency; not experimental hit frequency
ATP-HTVS-EF3EA56789AA,30145,4,0,0,,,,cross-profile decision consistency; not experimental hit frequency
ATP-HTVS-EF5E324DB424,43521,4,0,0,,,,cross-profile decision consistency; not experimental hit frequency
ATP-HTVS-EFBD886B8952,44611,4,0,0,,,,cross-profile decision consistency; not experimental hit frequency
ATP-HTVS-EFE421C91038,75778,4,0,0,,,,cross-profile decision consistency; not experimental hit frequency
ATP-HTVS-F056EC0EC7E7,77666,4,0,0,,,,cross-profile decision consistency; not experimental hit frequency
ATP-HTVS-F05D07B9382E,64417,4,0,0,,,,cross-profile decision consistency; not experimental hit frequency
ATP-HTVS-F084EE8F7246,75458,4,0,0,,,,cross-profile decision consistency; not experimental hit frequency
ATP-HTVS-F08817EB9A7A,20546,4,0,0,,,,cross-profile decision consistency; not experimental hit frequency
ATP-HTVS-F0989AC93CC9,68962,4,0,0,,,,cross-profile decision consistency; not experimental hit frequency
ATP-HTVS-F0AA189EB18F,6785,4,0,0,,,,cross-profile decision consistency; not experimental hit frequency
ATP-HTVS-F0B899F1EF1B,71170,4,0,0,,,,cross-profile decision consistency; not experimental hit frequency
ATP-HTVS-F0EA8E73CD83,77665,4,0,0,,,,cross-profile decision consistency; not experimental hit frequency
ATP-HTVS-F13E60D2EE86,44546,4,0,0,,,,cross-profile decision consistency; not experimental hit frequency
ATP-HTVS-F15CD1C1F5FF,30753,4,0,0,,,,cross-profile decision consistency; not experimental hit frequency
ATP-HTVS-F1ABC01A08C5,11618,4,0,0,,,,cross-profile decision consistency; not experimental hit frequency
ATP-HTVS-F1D0837E8A30,75426,4,0,0,,,,cross-profile decision consistency; not experimental hit frequency
ATP-HTVS-F1F8D839F8AD,84801,4,0,0,,,,cross-profile decision consistency; not experimental hit frequency
ATP-HTVS-F21E42254560,75617,4,0,0,,,,cross-profile decision consistency; not experimental hit frequency
ATP-HTVS-F223CD517CA5,81858,4,0,0,,,,cross-profile decision consistency; not experimental hit frequency
ATP-HTVS-F256B691D902,35106,4,0,0,,,,cross-profile decision consistency; not experimental hit frequency
ATP-HTVS-F2668BF9E9B1,75713,4,0,0,,,,cross-profile decision consistency; not experimental hit frequency
ATP-HTVS-F282BC43258B,69537,4,0,0,,,,cross-profile decision consistency; not experimental hit frequency
ATP-HTVS-F2D870036CD8,77057,4,0,0,,,,cross-profile decision consistency; not experimental hit frequency
ATP-HTVS-F308899F49E6,52515,4,0,0,,,,cross-profile decision consistency; not experimental hit frequency
ATP-HTVS-F3219ACF1618,57027,4,0,0,,,,cross-profile decision consistency; not experimental hit frequency
ATP-HTVS-F324B4F6FF43,83745,4,0,0,,,,cross-profile decision consistency; not experimental hit frequency
ATP-HTVS-F38CDD17995D,90338,4,0,0,,,,cross-profile decision consistency; not experimental hit frequency
ATP-HTVS-F3AEEA9B80E5,57219,4,0,0,,,,cross-profile decision consistency; not experimental hit frequency
ATP-HTVS-F3E91D83A828,87939,4,0,0,,,,cross-profile decision consistency; not experimental hit frequency
ATP-HTVS-F41515D25613,53155,4,0,0,,,,cross-profile decision consistency; not experimental hit frequency
ATP-HTVS-F41DED161E75,76578,4,0,0,,,,cross-profile decision consistency; not experimental hit frequency
ATP-HTVS-F42EC288DBA1,90369,4,0,0,,,,cross-profile decision consistency; not experimental hit frequency
ATP-HTVS-F451F6F34F85,58210,4,0,0,,,,cross-profile decision consistency; not experimental hit frequency
ATP-HTVS-F4D02DC184DE,81059,4,0,0,,,,cross-profile decision consistency; not experimental hit frequency
ATP-HTVS-F4EB0A3B6A53,75779,4,0,0,,,,cross-profile decision consistency; not experimental hit frequency
ATP-HTVS-F4F3BDD05BAD,69409,4,0,0,,,,cross-profile decision consistency; not experimental hit frequency
ATP-HTVS-F52F884BA0B4,90082,4,0,0,,,,cross-profile decision consistency; not experimental hit frequency
ATP-HTVS-F53B308249C7,20321,4,0,0,,,,cross-profile decision consistency; not experimental hit frequency
ATP-HTVS-F54B40793D2A,97538,4,0,0,,,,cross-profile decision consistency; not experimental hit frequency
ATP-HTVS-F5512CD55A37,82947,4,0,0,,,,cross-profile decision consistency; not experimental hit frequency
ATP-HTVS-F5557C46ACCD,63875,4,0,0,,,,cross-profile decision consistency; not experimental hit frequency
ATP-HTVS-F58C213B60A1,42531,4,0,0,,,,cross-profile decision consistency; not experimental hit frequency
ATP-HTVS-F60BECC0718F,6465,4,0,0,,,,cross-profile decision consistency; not experimental hit frequency
ATP-HTVS-F62C08D65C28,64449,4,0,0,,,,cross-profile decision consistency; not experimental hit frequency
ATP-HTVS-F63C80F910BB,35107,4,0,0,,,,cross-profile decision consistency; not experimental hit frequency
ATP-HTVS-F6463DC49025,85091,4,0,0,,,,cross-profile decision consistency; not experimental hit frequency
ATP-HTVS-F666156B37DE,83426,4,0,0,,,,cross-profile decision consistency; not experimental hit frequency
ATP-HTVS-F6E066811CCA,93985,4,0,0,,,,cross-profile decision consistency; not experimental hit frequency
ATP-HTVS-F716E067906C,34083,4,0,0,,,,cross-profile decision consistency; not experimental hit frequency
ATP-HTVS-F7366BF3987A,91202,4,0,0,,,,cross-profile decision consistency; not experimental hit frequency
ATP-HTVS-F7676420B267,82209,4,0,0,,,,cross-profile decision consistency; not experimental hit frequency
ATP-HTVS-F79E64AB5B06,93986,4,0,0,,,,cross-profile decision consistency; not experimental hit frequency
ATP-HTVS-F7B411FBCEC8,33283,4,0,0,,,,cross-profile decision consistency; not experimental hit frequency
ATP-HTVS-F7CD2DD67DA6,82467,4,0,0,,,,cross-profile decision consistency; not experimental hit frequency
ATP-HTVS-F7D4BFA34903,39425,4,0,0,,,,cross-profile decision consistency; not experimental hit frequency
ATP-HTVS-F7EFD494BF14,96481,4,0,0,,,,cross-profile decision consistency; not experimental hit frequency
ATP-HTVS-F89CD1E9CA34,79201,4,0,0,,,,cross-profile decision consistency; not experimental hit frequency
ATP-HTVS-F8BD3C119C5E,34435,4,0,0,,,,cross-profile decision consistency; not experimental hit frequency
ATP-HTVS-F8C49F655F6D,82083,4,0,0,,,,cross-profile decision consistency; not experimental hit frequency
ATP-HTVS-F8CA9C936D19,66177,4,0,0,,,,cross-profile decision consistency; not experimental hit frequency
ATP-HTVS-F8CD80CEA373,94177,4,0,0,,,,cross-profile decision consistency; not experimental hit frequency
ATP-HTVS-F8D08A3E140C,71809,4,0,0,,,,cross-profile decision consistency; not experimental hit frequency
ATP-HTVS-F8D25E752EF8,79427,4,0,0,,,,cross-profile decision consistency; not experimental hit frequency
ATP-HTVS-F92825C2DD85,36035,4,0,0,,,,cross-profile decision consistency; not experimental hit frequency
ATP-HTVS-F937C5B79A0E,20675,4,0,0,,,,cross-profile decision consistency; not experimental hit frequency
ATP-HTVS-F93F310E89BE,68578,4,0,0,,,,cross-profile decision consistency; not experimental hit frequency
ATP-HTVS-F97015D0DCF4,74337,4,0,0,,,,cross-profile decision consistency; not experimental hit frequency
ATP-HTVS-F99370747DC9,42113,4,0,0,,,,cross-profile decision consistency; not experimental hit frequency
ATP-HTVS-F9B5ED51D5DA,81571,4,0,0,,,,cross-profile decision consistency; not experimental hit frequency
ATP-HTVS-F9EAD73A28F1,29603,4,0,0,,,,cross-profile decision consistency; not experimental hit frequency
ATP-HTVS-F9F42C67BCEC,77858,4,0,0,,,,cross-profile decision consistency; not experimental hit frequency
ATP-HTVS-FA0319FBED9B,77281,4,0,0,,,,cross-profile decision consistency; not experimental hit frequency
ATP-HTVS-FA2DABCA7F05,83075,4,0,0,,,,cross-profile decision consistency; not experimental hit frequency
ATP-HTVS-FAA4B7BBA523,36065,4,0,0,,,,cross-profile decision consistency; not experimental hit frequency
ATP-HTVS-FAB6E8368155,91075,4,0,0,,,,cross-profile decision consistency; not experimental hit frequency
ATP-HTVS-FACA1D344F25,57537,4,0,0,,,,cross-profile decision consistency; not experimental hit frequency
ATP-HTVS-FACA9080893C,78018,4,0,0,,,,cross-profile decision consistency; not experimental hit frequency
ATP-HTVS-FB09B772C34B,61507,4,0,0,,,,cross-profile decision consistency; not experimental hit frequency
ATP-HTVS-FB368C7A9127,88323,4,0,0,,,,cross-profile decision consistency; not experimental hit frequency
ATP-HTVS-FBBE5B904E6C,68643,4,0,0,,,,cross-profile decision consistency; not experimental hit frequency
ATP-HTVS-FBE624773B31,69761,4,0,0,,,,cross-profile decision consistency; not experimental hit frequency
ATP-HTVS-FC258B4525E9,43202,4,0,0,,,,cross-profile decision consistency; not experimental hit frequency
ATP-HTVS-FC28EB1BA5EE,84353,4,0,0,,,,cross-profile decision consistency; not experimental hit frequency
ATP-HTVS-FC30DD28CEC3,23971,4,0,0,,,,cross-profile decision consistency; not experimental hit frequency
ATP-HTVS-FC39CD496C36,2019,4,0,0,,,,cross-profile decision consistency; not experimental hit frequency
ATP-HTVS-FC732D287CB6,71265,4,0,0,,,,cross-profile decision consistency; not experimental hit frequency
ATP-HTVS-FC91B4531E6F,71458,4,0,0,,,,cross-profile decision consistency; not experimental hit frequency
ATP-HTVS-FCCFF683ADF4,53123,4,0,0,,,,cross-profile decision consistency; not experimental hit frequency
ATP-HTVS-FD26B682FD2E,69634,4,0,0,,,,cross-profile decision consistency; not experimental hit frequency
ATP-HTVS-FD637A018D73,72994,4,0,0,,,,cross-profile decision consistency; not experimental hit frequency
ATP-HTVS-FD8D954BBECF,27202,4,0,0,,,,cross-profile decision consistency; not experimental hit frequency
ATP-HTVS-FDA25AF4FB7A,28449,4,0,0,,,,cross-profile decision consistency; not experimental hit frequency
ATP-HTVS-FDB0B4A5AF84,91043,4,0,0,,,,cross-profile decision consistency; not experimental hit frequency
ATP-HTVS-FDB0F1EC6F74,93059,4,0,0,,,,cross-profile decision consistency; not experimental hit frequency
ATP-HTVS-FDDF48EBDCF8,78017,4,0,0,,,,cross-profile decision consistency; not experimental hit frequency
ATP-HTVS-FE1522AA7EF8,69793,4,0,0,,,,cross-profile decision consistency; not experimental hit frequency
ATP-HTVS-FE34E3A925C6,76803,4,0,0,,,,cross-profile decision consistency; not experimental hit frequency
ATP-HTVS-FE46C3AF7461,49283,4,0,0,,,,cross-profile decision consistency; not experimental hit frequency
ATP-HTVS-FE5B2EC4EA23,74370,4,0,0,,,,cross-profile decision consistency; not experimental hit frequency
ATP-HTVS-FE5F78CE8672,67267,4,0,0,,,,cross-profile decision consistency; not experimental hit frequency
ATP-HTVS-FE6FB0E22990,82851,4,0,0,,,,cross-profile decision consistency; not experimental hit frequency
ATP-HTVS-FE9A1A55DD78,56195,4,0,0,,,,cross-profile decision consistency; not experimental hit frequency
ATP-HTVS-FEA784CAFC0E,72481,4,0,0,,,,cross-profile decision consistency; not experimental hit frequency
ATP-HTVS-FEB80F9C0A7B,34530,4,0,0,,,,cross-profile decision consistency; not experimental hit frequency
ATP-HTVS-FEE4C5F961F6,56193,4,0,0,,,,cross-profile decision consistency; not experimental hit frequency
ATP-HTVS-FF081A1D735D,85411,4,0,0,,,,cross-profile decision consistency; not experimental hit frequency
ATP-HTVS-FF167463AED4,74019,4,0,0,,,,cross-profile decision consistency; not experimental hit frequency
ATP-HTVS-FF1C1E5A01F9,79491,4,0,0,,,,cross-profile decision consistency; not experimental hit frequency
ATP-HTVS-FF63783F1DD1,25825,4,0,0,,,,cross-profile decision consistency; not experimental hit frequency
ATP-HTVS-FF886C71D805,65665,4,0,0,,,,cross-profile decision consistency; not experimental hit frequency
ATP-HTVS-FFCF51BF8290,81826,4,0,0,,,,cross-profile decision consistency; not experimental hit frequency
ATP-HTVS-FFD71C24E98D,18978,4,0,0,,,,cross-profile decision consistency; not experimental hit frequency
ATP-HTVS-FFE3AC9FC45B,90851,4,0,0,,,,cross-profile decision consistency; not experimental hit frequency
