compound_id,compound_code,canonical_smiles,scaffold,historical_HTVS_score,docking_rank_utility,reference_similarity,parent_reference_similarity,reference_compound,reference_key,reference_doi,source_file
ATP-HTVS-0009DAEDE04F,79971,N#CCN(c1ccccc1)c1cnc(NC(=O)CCc2ccc(S)cc2)c2ccccc12,O=C(CCc1ccccc1)Nc1ncc(Nc2ccccc2)c2ccccc12,-3.58525470579908,0.25674019607843135,0.19753086419753085,0.19753086419753085,compound 8 (Steed 2022),ROJPDORYZONAPF-UHFFFAOYSA-N,10.1021/acsomega.2c03127,运行/运行/ATP-VSW/ATP-VSW-DOCK_HTVS_1-003_lib/ATP-VSW-DOCK_HTVS_1-003_lib.mae
ATP-HTVS-0015C54A99C8,82625,C[NH+](C)Cc1ccccc1C(=O)Nc1c(N[C@H](C#N)c2c(F)cccc2F)cnc2ccccc12,O=C(Nc1c(NCc2ccccc2)cnc2ccccc12)c1ccccc1,-3.84066710724475,0.3529411764705882,0.2127659574468085,0.2235294117647059,compound 19 (Steed 2022),DHQKBEDPXLHXAJ-OAQYLSRUSA-N,10.1021/acsomega.2c03127,运行/运行/ATP-VSW/ATP-VSW-DOCK_HTVS_1-001_lib/ATP-VSW-DOCK_HTVS_1-001_lib
ATP-HTVS-003E4D952AAC,76899,CC(=O)[C@@H](Nc1cnc2ccccc2c1NC(=O)c1ccccc1C[NH+](C)C)c1ccccc1,O=C(Nc1c(NCc2ccccc2)cnc2ccccc12)c1ccccc1,-4.13615387037502,0.46568627450980393,0.2289156626506024,0.24050632911392406,compound 15 (Steed 2022),RIDDIWJTDCGXDH-NRFANRHFSA-N,10.1021/acsomega.2c03127,运行/运行/ATP-VSW/ATP-VSW-DOCK_HTVS_1-003_lib/ATP-VSW-DOCK_HTVS_1-003_lib.mae
ATP-HTVS-005EEA24BFEA,69987,CN(c1cc2ccccc2nc1NC(=O)c1ccccc1C[NH+](C)C)[C@H](C#N)c1ccccc1,O=C(Nc1nc2ccccc2cc1NCc1ccccc1)c1ccccc1,-4.35640294669943,0.5594362745098039,0.2804878048780488,0.3055555555555556,compound 15 (Steed 2022),RIDDIWJTDCGXDH-NRFANRHFSA-N,10.1021/acsomega.2c03127,运行/运行/ATP-VSW/ATP-VSW-DOCK_HTVS_1-003_lib/ATP-VSW-DOCK_HTVS_1-003_lib.mae
ATP-HTVS-0063E4174F09,34081,O=C1CN(Cc2ccc(Cl)cc2I)[C@H](c2ccccc2)c2ccccc2N1,O=C1CN(Cc2ccccc2)C(c2ccccc2)c2ccccc2N1,-1.03468293307069,0.011642156862745057,0.18518518518518517,0.18518518518518517,WSA249,YEMLSUARMQTHJO-UHFFFAOYSA-N,10.1002/cmdc.202400952,运行/运行/ATP-VSW/ATP-VSW-DOCK_HTVS_1-001_lib/ATP-VSW-DOCK_HTVS_1-001_lib
ATP-HTVS-0079D40D2121,29921,Cc1ccccc1C[C@@H](CO)NCc1nc2ccccc2c(-c2ccccc2)c1Cl,c1ccc(CCNCc2cc(-c3ccccc3)c3ccccc3n2)cc1,-3.34092399123274,0.20404411764705888,0.25,0.2625,compound 18 (Steed 2022),DCLANSSFVIGXHQ-OAQYLSRUSA-N,10.1021/acsomega.2c03127,运行/运行/ATP-VSW/ATP-VSW-DOCK_HTVS_1-001_lib/ATP-VSW-DOCK_HTVS_1-001_lib
ATP-HTVS-007D6F34F923,30817,C[NH+](C)Cc1ccccc1CNc1nc2ccccc2nc1N[C@@H](CCO)c1ccccc1,c1ccc(CNc2nc3ccccc3nc2NCc2ccccc2)cc1,-3.4850388695678,0.23100490196078427,0.24,0.2898550724637681,compound 15 (Steed 2022),RIDDIWJTDCGXDH-NRFANRHFSA-N,10.1021/acsomega.2c03127,运行/运行/ATP-VSW/ATP-VSW-DOCK_HTVS_1-001_lib/ATP-VSW-DOCK_HTVS_1-001_lib
ATP-HTVS-00C8034698A8,34403,C[NH+](C)Cc1ccc(CC[NH2+]Cc2nc(-c3ccco3)n3ccccc23)cc1,c1ccc(CC[NH2+]Cc2nc(-c3ccco3)n3ccccc23)cc1,-5.81163963281027,0.9626225490196079,0.16483516483516483,0.3,WSA278,JWHCVPMRQDOIHA-UHFFFAOYSA-N,10.1021/acsomega.5c06380,运行/运行/ATP-VSW/ATP-VSW-DOCK_HTVS_1-003_lib/ATP-VSW-DOCK_HTVS_1-003_lib.mae
ATP-HTVS-00F86A54285D,38369,C[NH+](C)Cc1ccccc1CNc1nc(NCc2ccccc2CO)[nH+]c2ccccc12,c1ccc(CNc2nc(NCc3ccccc3)c3ccccc3[nH+]2)cc1,-3.90724208104371,0.3756127450980392,0.20833333333333334,0.3114754098360656,compound 8 (Steed 2022),ROJPDORYZONAPF-UHFFFAOYSA-N,10.1021/acsomega.2c03127,运行/运行/ATP-VSW/ATP-VSW-DOCK_HTVS_1-001_lib/ATP-VSW-DOCK_HTVS_1-001_lib
ATP-HTVS-011A966B3F21,59203,Cc1cccc(C[C@@H](CO)C[NH2+][C@H](c2ccccn2)c2cc3ccccc3o2)c1,c1ccc(CCC[NH2+]C(c2ccccn2)c2cc3ccccc3o2)cc1,-5.69314528862896,0.9491421568627451,0.22784810126582278,0.21686746987951808,Ward2024 compound 19,PXXYITLVUSHXPN-UHFFFAOYSA-N,10.1021/acsmedchemlett.3c00480,运行/运行/ATP-VSW/ATP-VSW-DOCK_HTVS_1-003_lib/ATP-VSW-DOCK_HTVS_1-003_lib.mae
ATP-HTVS-0125A5267C6C,70530,C[NH+](C)Cc1cccc(CNc2cnc(NC(=O)c3ccc(O)cc3)c3ccccc23)c1,O=C(Nc1ncc(NCc2ccccc2)c2ccccc12)c1ccccc1,-4.51418145101,0.6348039215686274,0.25,0.2602739726027397,compound 1 (Fraunfelter 2023),WIDVPHSBAXLSEU-LJQANCHMSA-N,10.1021/acsinfecdis.3c00317,运行/运行/ATP-VSW/ATP-VSW-DOCK_HTVS_1-002_lib.maegz
ATP-HTVS-0161AEC2E23E,48867,C[C@@H]([NH2+]Cc1ccccc1C[NH+](C)C)c1ccc(-c2ccccc2[N+](=O)[O-])s1,c1ccc(C[NH2+]Cc2ccc(-c3ccccc3)s2)cc1,-4.83483869865031,0.7653186274509804,0.12941176470588237,0.21518987341772153,compound 15 (Steed 2022),RIDDIWJTDCGXDH-NRFANRHFSA-N,10.1021/acsomega.2c03127,运行/运行/ATP-VSW/ATP-VSW-DOCK_HTVS_1-003_lib/ATP-VSW-DOCK_HTVS_1-003_lib.mae
ATP-HTVS-017DA1C05B1D,98562,C[C@H]([NH2+]CC#Cc1cnc(NC(=O)Cc2ccccc2C#N)c2ccccc12)c1ccccc1,O=C(Cc1ccccc1)Nc1ncc(C#CC[NH2+]Cc2ccccc2)c2ccccc12,-4.47627817522789,0.6158088235294117,0.23809523809523808,0.24691358024691357,compound 15 (Steed 2022),RIDDIWJTDCGXDH-NRFANRHFSA-N,10.1021/acsomega.2c03127,运行/运行/ATP-VSW/ATP-VSW-DOCK_HTVS_1-003_lib/ATP-VSW-DOCK_HTVS_1-003_lib.mae
ATP-HTVS-01DF3EF44742,99137,C[NH+](C)Cc1cccc(Nc2cnccc2C(=O)N(CCO)c2ccccc2)c1,O=C(Nc1ccccc1)c1ccncc1Nc1ccccc1,-4.47878814702221,0.616421568627451,0.24358974358974358,0.3142857142857143,compound 8 (Steed 2022),ROJPDORYZONAPF-UHFFFAOYSA-N,10.1021/acsomega.2c03127,运行/运行/ATP-VSW/ATP-VSW-DOCK_HTVS_1-002_lib.maegz
ATP-HTVS-01E9987F6BBC,40801,O=C1CN(Cc2c(F)ccc(F)c2F)[C@@H](c2ccccc2)c2ccccc2N1,O=C1CN(Cc2ccccc2)C(c2ccccc2)c2ccccc2N1,-1.40856773004933,0.026960784313725505,0.1686746987951807,0.1686746987951807,WSA298,IZWVLJVCXHHUOO-UHFFFAOYSA-N,10.1021/acsomega.5c06380,运行/运行/ATP-VSW/ATP-VSW-DOCK_HTVS_1-001_lib/ATP-VSW-DOCK_HTVS_1-001_lib
ATP-HTVS-02393E0D1A46,72513,Cc1cccc([C@H](O)CNc2c(NC(=O)c3ccccc3)c[nH+]c3ccccc23)c1,O=C(Nc1c[nH+]c2ccccc2c1NCCc1ccccc1)c1ccccc1,-4.68860698749509,0.7144607843137255,0.19318181818181818,0.21951219512195122,compound 18 (Steed 2022),DCLANSSFVIGXHQ-OAQYLSRUSA-N,10.1021/acsomega.2c03127,运行/运行/ATP-VSW/ATP-VSW-DOCK_HTVS_1-001_lib/ATP-VSW-DOCK_HTVS_1-001_lib
ATP-HTVS-02527EDCA73D,62593,O[C@@H](C[NH2+]Cc1nc2ccccc2n1Cc1ccc(Cl)cc1)c1cccc(Cl)c1,c1ccc(CC[NH2+]Cc2nc3ccccc3n2Cc2ccccc2)cc1,-5.15716390255472,0.8694852941176471,0.2125,0.27631578947368424,WSA249,YEMLSUARMQTHJO-UHFFFAOYSA-N,10.1002/cmdc.202400952,运行/运行/ATP-VSW/ATP-VSW-DOCK_HTVS_1-001_lib/ATP-VSW-DOCK_HTVS_1-001_lib
ATP-HTVS-0258CCAE4910,3905,C[NH+](C)CCNc1ccc(CNC(=O)c2cn(-c3ccccc3)c(=O)c3ccccc23)cc1,O=C(NCc1ccccc1)c1cn(-c2ccccc2)c(=O)c2ccccc12,-3.77278250253085,0.32475490196078427,0.1875,0.22666666666666666,compound 8 (Steed 2022),ROJPDORYZONAPF-UHFFFAOYSA-N,10.1021/acsomega.2c03127,运行/运行/ATP-VSW/ATP-VSW-DOCK_HTVS_1-001_lib/ATP-VSW-DOCK_HTVS_1-001_lib
ATP-HTVS-027CB3113620,20194,CC[C@H](c1ccccc1)N(C)C(=O)c1nn2ccccc2c1C(=O)NCc1ccc(CN(C)C)cc1,O=C(NCc1ccccc1)c1nn2ccccc2c1C(=O)NCc1ccccc1,-2.49226291162582,0.1207107843137255,0.2631578947368421,0.2631578947368421,Ward2024 compound 1,DVUDEYVEBQKKMF-UHFFFAOYSA-N,10.1021/acsmedchemlett.3c00480,运行/运行/ATP-VSW/ATP-VSW-DOCK_HTVS_1-002_lib.maegz
ATP-HTVS-0282D10141FD,57825,Cc1cccc(O)c1C[NH2+]Cc1cn(-c2ccccc2)nc1-c1ccncc1,c1ccc(C[NH2+]Cc2cn(-c3ccccc3)nc2-c2ccncc2)cc1,-4.7455117172325,0.735906862745098,0.16666666666666666,0.22784810126582278,WSA280,XQBWCRMKNUAPEC-UHFFFAOYSA-N,10.1021/acsomega.5c06380,运行/运行/ATP-VSW/ATP-VSW-DOCK_HTVS_1-001_lib/ATP-VSW-DOCK_HTVS_1-001_lib
ATP-HTVS-028F2DC4E032,96994,C[NH+](C)Cc1ccc(Cn2c(-c3ccccc3Br)nc3cccc(F)c3c2=O)cc1,O=c1c2ccccc2nc(-c2ccccc2)n1Cc1ccccc1,-4.69863757955225,0.7205882352941176,0.20512820512820512,0.30434782608695654,Ward2024 compound 19,PXXYITLVUSHXPN-UHFFFAOYSA-N,10.1021/acsmedchemlett.3c00480,运行/运行/ATP-VSW/ATP-VSW-DOCK_HTVS_1-003_lib/ATP-VSW-DOCK_HTVS_1-003_lib.mae
ATP-HTVS-02AC8E798E60,89826,C[NH+](C)[C@H](Cc1cc(-c2ccncc2)nc2ccccc12)c1ccccc1Cl,c1ccc(CCc2cc(-c3ccncc3)nc3ccccc23)cc1,-4.27581637536966,0.5220588235294117,0.24324324324324326,0.2608695652173913,WSA249,YEMLSUARMQTHJO-UHFFFAOYSA-N,10.1002/cmdc.202400952,运行/运行/ATP-VSW/ATP-VSW-DOCK_HTVS_1-002_lib.maegz
ATP-HTVS-02BB8772E392,54466,Cc1c(CN2CC(=O)Nc3ccccc3[C@@H]2c2ccccc2)cccc1C(F)(F)F,O=C1CN(Cc2ccccc2)C(c2ccccc2)c2ccccc2N1,-1.68205076672122,0.05147058823529416,0.16666666666666666,0.16666666666666666,Ward2024 compound 13,SVSBIDILOVJTHE-UHFFFAOYSA-N,10.1021/acsmedchemlett.3c00480,运行/运行/ATP-VSW/ATP-VSW-DOCK_HTVS_1-002_lib.maegz
ATP-HTVS-02DF9A19852D,45889,c1ccc(Cn2c(C[NH2+]CC[C@@H](c3ccccc3)[NH+]3CCCC3)nc3ccccc32)cc1,c1ccc(Cn2c(C[NH2+]CCC(c3ccccc3)[NH+]3CCCC3)nc3ccccc32)cc1,-4.97657782986944,0.8149509803921569,0.2597402597402597,0.3380281690140845,WSA249,YEMLSUARMQTHJO-UHFFFAOYSA-N,10.1002/cmdc.202400952,运行/运行/ATP-VSW/ATP-VSW-DOCK_HTVS_1-001_lib/ATP-VSW-DOCK_HTVS_1-001_lib
ATP-HTVS-0362648F57EF,78755,Cc1ccc(N(C)C(=O)c2cc(NCc3ccc(C[NH+](C)C)cc3)c(Cl)s2)cc1Cl,O=C(Nc1ccccc1)c1cc(NCc2ccccc2)cs1,-3.94325468056887,0.39522058823529416,0.19480519480519481,0.2676056338028169,Ward2024 compound 11,IIRFHYMEOYQCBC-UHFFFAOYSA-N,10.1021/acsmedchemlett.3c00480,运行/运行/ATP-VSW/ATP-VSW-DOCK_HTVS_1-003_lib/ATP-VSW-DOCK_HTVS_1-003_lib.mae
ATP-HTVS-03C3664644A2,98497,C[C@@H](C#N)N(c1ccccc1)c1c(CN(C)C(=O)Cc2ccc(O)cc2)sc2ccccc12,O=C(Cc1ccccc1)NCc1sc2ccccc2c1Nc1ccccc1,-4.15070282757494,0.47058823529411764,0.2289156626506024,0.2289156626506024,compound 15 (Steed 2022),RIDDIWJTDCGXDH-NRFANRHFSA-N,10.1021/acsomega.2c03127,运行/运行/ATP-VSW/ATP-VSW-DOCK_HTVS_1-002_lib.maegz
ATP-HTVS-03F3A1A9B60E,77378,CN(C(=O)c1sccc1NCc1ccc(C[NH+](C)C)cc1)c1ccccc1N,O=C(Nc1ccccc1)c1sccc1NCc1ccccc1,-2.87454592440143,0.14583333333333337,0.2125,0.2835820895522388,compound 1 (Fraunfelter 2023),WIDVPHSBAXLSEU-LJQANCHMSA-N,10.1021/acsinfecdis.3c00317,运行/运行/ATP-VSW/ATP-VSW-DOCK_HTVS_1-002_lib.maegz
ATP-HTVS-0438281B0112,75297,C[NH+](C)Cc1ccccc1Nc1nc2ccccc2nc1-c1ccccc1,c1ccc(Nc2nc3ccccc3nc2-c2ccccc2)cc1,-4.14983282792689,0.4699754901960784,0.23076923076923078,0.3103448275862069,Ward2024 compound 6,LKLACXNGVWXYAW-UHFFFAOYSA-N,10.1021/acsmedchemlett.3c00480,运行/运行/ATP-VSW/ATP-VSW-DOCK_HTVS_1-001_lib/ATP-VSW-DOCK_HTVS_1-001_lib
ATP-HTVS-0460857F35D6,52162,OCCOc1ccc(CNCc2cn(Cc3ccccc3)nc2-c2ccccc2)cc1,c1ccc(CNCc2cn(Cc3ccccc3)nc2-c2ccccc2)cc1,-3.06745979615094,0.1654411764705882,0.40298507462686567,0.40298507462686567,WSA294,FPTVNOKSIHPUTA-UHFFFAOYSA-N,10.1021/acsomega.5c06380,运行/运行/ATP-VSW/ATP-VSW-DOCK_HTVS_1-002_lib.maegz
ATP-HTVS-04621B482D9F,87427,C[NH+](C)Cc1ccc(CNc2ccsc2C(=O)N(C#N)c2ccccc2)cc1,O=C(Nc1ccccc1)c1sccc1NCc1ccccc1,-4.54855997419821,0.6513480392156863,0.2,0.29850746268656714,compound 1 (Fraunfelter 2023),WIDVPHSBAXLSEU-LJQANCHMSA-N,10.1021/acsinfecdis.3c00317,运行/运行/ATP-VSW/ATP-VSW-DOCK_HTVS_1-003_lib/ATP-VSW-DOCK_HTVS_1-003_lib.mae
ATP-HTVS-04BA495CA0A4,22531,Cc1cccc([C@@H](CN(C)C)[NH2+]Cc2nc3ccccc3c(-c3ccccc3)c2Cl)c1,c1ccc(C[NH2+]Cc2cc(-c3ccccc3)c3ccccc3n2)cc1,-3.00531349655571,0.15931372549019607,0.2236842105263158,0.25675675675675674,Ward2024 compound 6,LKLACXNGVWXYAW-UHFFFAOYSA-N,10.1021/acsmedchemlett.3c00480,运行/运行/ATP-VSW/ATP-VSW-DOCK_HTVS_1-003_lib/ATP-VSW-DOCK_HTVS_1-003_lib.mae
ATP-HTVS-052AF9B11E6A,34531,CCCN(C)[C@H](CNCc1ccc(OCc2ccccc2)cn1)c1ccc(Cl)cc1,c1ccc(CCNCc2ccc(OCc3ccccc3)cn2)cc1,-1.36010897797717,0.02450980392156865,0.27380952380952384,0.25882352941176473,WSA296,HCBCVTVDQQQYPH-UHFFFAOYSA-N,10.1021/acsomega.5c06380,运行/运行/ATP-VSW/ATP-VSW-DOCK_HTVS_1-003_lib/ATP-VSW-DOCK_HTVS_1-003_lib.mae
ATP-HTVS-053279755E30,96641,CN(C(=O)CC(C)(C)c1ccccc1)c1[nH+]cccc1NCc1ccc(C[NH+](C)C)cc1,O=C(CCc1ccccc1)Nc1[nH+]cccc1NCc1ccccc1,-2.01240354385726,0.07904411764705888,0.2077922077922078,0.2898550724637681,Ward2024 compound 6,LKLACXNGVWXYAW-UHFFFAOYSA-N,10.1021/acsmedchemlett.3c00480,运行/运行/ATP-VSW/ATP-VSW-DOCK_HTVS_1-002_lib.maegz
ATP-HTVS-0587EECAF94B,71363,CN(Cc1ccccc1)C(=O)c1sccc1NCc1ccc(C[NH+](C)C)cc1,O=C(NCc1ccccc1)c1sccc1NCc1ccccc1,-3.96144137791356,0.40379901960784315,0.2318840579710145,0.3064516129032258,Ward2024 compound 1,DVUDEYVEBQKKMF-UHFFFAOYSA-N,10.1021/acsmedchemlett.3c00480,运行/运行/ATP-VSW/ATP-VSW-DOCK_HTVS_1-003_lib/ATP-VSW-DOCK_HTVS_1-003_lib.mae
ATP-HTVS-05A72EDFB57A,38883,O=C1c2ccccc2[C@@H](C[NH2+]Cc2cccc(O)c2Cl)N1Cc1ccccc1,O=C1c2ccccc2C(C[NH2+]Cc2ccccc2)N1Cc1ccccc1,-5.97314811529865,0.9730392156862745,0.16470588235294117,0.2236842105263158,WSA236,CJWSCOKTAUPKHM-UHFFFAOYSA-N,10.1002/cmdc.202400952,运行/运行/ATP-VSW/ATP-VSW-DOCK_HTVS_1-003_lib/ATP-VSW-DOCK_HTVS_1-003_lib.mae
ATP-HTVS-05E9E2FC066B,70657,CCN(c1c(NC(=O)c2ccccc2C[NH+](C)C)c[nH+]c2ccccc12)[C@@H](C#N)c1ccccc1,O=C(Nc1c[nH+]c2ccccc2c1NCc1ccccc1)c1ccccc1,-4.72622512874464,0.7285539215686274,0.17391304347826086,0.2222222222222222,compound 15 (Steed 2022),RIDDIWJTDCGXDH-NRFANRHFSA-N,10.1021/acsomega.2c03127,运行/运行/ATP-VSW/ATP-VSW-DOCK_HTVS_1-001_lib/ATP-VSW-DOCK_HTVS_1-001_lib
ATP-HTVS-0659C124A83C,70241,C[NH+](C)Cc1ccc(CNc2cc(CO)nc(Cl)c2OCc2ccccc2)cc1,c1ccc(CNc2ccncc2OCc2ccccc2)cc1,-3.45404571440084,0.22426470588235292,0.28378378378378377,0.3384615384615385,compound 15 (Steed 2022),RIDDIWJTDCGXDH-NRFANRHFSA-N,10.1021/acsomega.2c03127,运行/运行/ATP-VSW/ATP-VSW-DOCK_HTVS_1-001_lib/ATP-VSW-DOCK_HTVS_1-001_lib
ATP-HTVS-069ABDEDA86E,60193,C[NH+](C)Cc1ccc(CNc2nc(NCc3cccc(OCC#N)c3)c3ccccc3[nH+]2)cc1,c1ccc(CNc2nc(NCc3ccccc3)c3ccccc3[nH+]2)cc1,-4.26179409221933,0.5177696078431373,0.23076923076923078,0.34285714285714286,WSA296,HCBCVTVDQQQYPH-UHFFFAOYSA-N,10.1021/acsomega.5c06380,运行/运行/ATP-VSW/ATP-VSW-DOCK_HTVS_1-001_lib/ATP-VSW-DOCK_HTVS_1-001_lib
ATP-HTVS-06CA19E03C57,93825,CC(=O)c1ccccc1C(=O)Nc1c[nH+]c2ccccc2c1NCCc1ccc(N(C)C)cc1,O=C(Nc1c[nH+]c2ccccc2c1NCCc1ccccc1)c1ccccc1,-4.2587937861896,0.5165441176470589,0.2236842105263158,0.273972602739726,Ward2024 compound 11,IIRFHYMEOYQCBC-UHFFFAOYSA-N,10.1021/acsmedchemlett.3c00480,运行/运行/ATP-VSW/ATP-VSW-DOCK_HTVS_1-001_lib/ATP-VSW-DOCK_HTVS_1-001_lib
ATP-HTVS-06E5BAB39855,49667,OC[C@H](Cc1ccccc1Cl)[NH2+]Cc1nc2ccccc2n1Cc1ccccc1,c1ccc(CC[NH2+]Cc2nc3ccccc3n2Cc2ccccc2)cc1,-5.39055779577526,0.9099264705882353,0.23376623376623376,0.26666666666666666,WSA249,YEMLSUARMQTHJO-UHFFFAOYSA-N,10.1002/cmdc.202400952,运行/运行/ATP-VSW/ATP-VSW-DOCK_HTVS_1-003_lib/ATP-VSW-DOCK_HTVS_1-003_lib.mae
ATP-HTVS-071084F9408F,96642,CN(C(=O)CC(C)(C)c1ccccc1)c1cc(NCc2cccc(C[NH+](C)C)c2)cc[nH+]1,O=C(CCc1ccccc1)Nc1cc(NCc2ccccc2)cc[nH+]1,-4.35035063556848,0.5563725490196079,0.2289156626506024,0.25,compound 15 (Steed 2022),RIDDIWJTDCGXDH-NRFANRHFSA-N,10.1021/acsomega.2c03127,运行/运行/ATP-VSW/ATP-VSW-DOCK_HTVS_1-003_lib/ATP-VSW-DOCK_HTVS_1-003_lib.mae
ATP-HTVS-0715C99C3A28,99362,C[NH+](C)Cc1cccc(CNc2cc(Cl)sc2C(=O)Nc2ccc(N)cc2)c1,O=C(Nc1ccccc1)c1sccc1NCc1ccccc1,-4.31020815903779,0.5373774509803921,0.21518987341772153,0.21518987341772153,compound 8 (Steed 2022),ROJPDORYZONAPF-UHFFFAOYSA-N,10.1021/acsomega.2c03127,运行/运行/ATP-VSW/ATP-VSW-DOCK_HTVS_1-003_lib/ATP-VSW-DOCK_HTVS_1-003_lib.mae
ATP-HTVS-0743B9964B99,20417,CN(C(=O)c1cc(-c2ccc(C[NH+](C)C)c(F)c2)nc2ccccc12)c1cccc(N)c1,O=C(Nc1ccccc1)c1cc(-c2ccccc2)nc2ccccc12,-4.32395435766192,0.5428921568627452,0.25842696629213485,0.2631578947368421,compound 19 (Steed 2022),DHQKBEDPXLHXAJ-OAQYLSRUSA-N,10.1021/acsomega.2c03127,运行/运行/ATP-VSW/ATP-VSW-DOCK_HTVS_1-001_lib/ATP-VSW-DOCK_HTVS_1-001_lib
ATP-HTVS-07D9286D8737,76898,CC(=O)[C@H](Nc1cnc2ccccc2c1NC(=O)c1ccc(C[NH+](C)C)cc1)c1ccccc1,O=C(Nc1c(NCc2ccccc2)cnc2ccccc12)c1ccccc1,-4.23957689882345,0.5042892156862745,0.24390243902439024,0.2876712328767123,compound 15 (Steed 2022),RIDDIWJTDCGXDH-NRFANRHFSA-N,10.1021/acsomega.2c03127,运行/运行/ATP-VSW/ATP-VSW-DOCK_HTVS_1-002_lib.maegz
ATP-HTVS-07F3737128F1,86945,CCN(c1cc2ccccc2nc1NC(=O)c1ccc(C)cc1)[C@H](C#N)c1ccccc1,O=C(Nc1nc2ccccc2cc1NCc1ccccc1)c1ccccc1,-2.91614400004075,0.147671568627451,0.275,0.2597402597402597,compound 15 (Steed 2022),RIDDIWJTDCGXDH-NRFANRHFSA-N,10.1021/acsomega.2c03127,运行/运行/ATP-VSW/ATP-VSW-DOCK_HTVS_1-001_lib/ATP-VSW-DOCK_HTVS_1-001_lib
ATP-HTVS-08126335CB19,67841,Cc1ccc(C[C@H](NCc2ccc(OCc3ccccc3)c(OCc3ccccc3)c2)C(=O)[O-])cc1,c1ccc(CCNCc2ccc(OCc3ccccc3)c(OCc3ccccc3)c2)cc1,-2.40929881919301,0.11029411764705888,0.34782608695652173,0.3582089552238806,compound 15 (Steed 2022),RIDDIWJTDCGXDH-NRFANRHFSA-N,10.1021/acsomega.2c03127,运行/运行/ATP-VSW/ATP-VSW-DOCK_HTVS_1-001_lib/ATP-VSW-DOCK_HTVS_1-001_lib
ATP-HTVS-081D95190B15,78402,[NH3+][C@@H](C#Cc1cnc2ccccc2c1NC(=O)C#Cc1ccccc1)Cc1cccc(F)c1,O=C(C#Cc1ccccc1)Nc1c(C#CCCc2ccccc2)cnc2ccccc12,-6.07449494060147,0.9779411764705882,0.24719101123595505,0.23529411764705882,WSA298,IZWVLJVCXHHUOO-UHFFFAOYSA-N,10.1021/acsomega.5c06380,运行/运行/ATP-VSW/ATP-VSW-DOCK_HTVS_1-002_lib.maegz
ATP-HTVS-08266C4344A3,88675,[NH3+][C@H](C#Cc1cnc2ccccc2c1NC(=O)c1cc(F)cc(F)c1)Cc1cccc(F)c1,O=C(Nc1c(C#CCCc2ccccc2)cnc2ccccc12)c1ccccc1,-5.33799910271163,0.9013480392156863,0.24444444444444444,0.22093023255813954,compound 19 (Steed 2022),DHQKBEDPXLHXAJ-OAQYLSRUSA-N,10.1021/acsomega.2c03127,运行/运行/ATP-VSW/ATP-VSW-DOCK_HTVS_1-003_lib/ATP-VSW-DOCK_HTVS_1-003_lib.mae
ATP-HTVS-0852D38F8C28,46851,CN(Cc1ccc(C[NH+](C)C)cc1)C(=O)Nc1c(-c2ccccc2)c2cc(Cl)ccc2[nH]c1=O,O=C(NCc1ccccc1)Nc1c(-c2ccccc2)c2ccccc2[nH]c1=O,-1.52630325310868,0.03615196078431371,0.1875,0.24324324324324326,Ward2024 compound 1,DVUDEYVEBQKKMF-UHFFFAOYSA-N,10.1021/acsmedchemlett.3c00480,运行/运行/ATP-VSW/ATP-VSW-DOCK_HTVS_1-003_lib/ATP-VSW-DOCK_HTVS_1-003_lib.mae
ATP-HTVS-08590B5C6743,87873,C[NH+](C)Cc1ccccc1C(=O)Nc1ncc(C#Cc2cccc(O)c2)nc1-c1ccccc1,O=C(Nc1ncc(C#Cc2ccccc2)nc1-c1ccccc1)c1ccccc1,-4.88985591725625,0.7849264705882353,0.21839080459770116,0.23255813953488372,compound 15 (Steed 2022),RIDDIWJTDCGXDH-NRFANRHFSA-N,10.1021/acsomega.2c03127,运行/运行/ATP-VSW/ATP-VSW-DOCK_HTVS_1-001_lib/ATP-VSW-DOCK_HTVS_1-001_lib
ATP-HTVS-086F5E4227DC,20162,C[NH+](C)Cc1ccc(CNc2ccc(-c3ccc(C#N)cc3)s2)cc1,c1ccc(CNc2ccc(-c3ccccc3)s2)cc1,-4.91629733977056,0.7928921568627451,0.1566265060240964,0.2698412698412698,WSA296,HCBCVTVDQQQYPH-UHFFFAOYSA-N,10.1021/acsomega.5c06380,运行/运行/ATP-VSW/ATP-VSW-DOCK_HTVS_1-002_lib.maegz
ATP-HTVS-08A6E1F87809,61538,Cc1c(N)cccc1CNc1nc(NCc2ccc(C[NH+](C)C)cc2)c2ccccc2[nH+]1,c1ccc(CNc2nc(NCc3ccccc3)c3ccccc3[nH+]2)cc1,-4.18003369774354,0.48100490196078427,0.19736842105263158,0.36923076923076925,Ward2024 compound 1,DVUDEYVEBQKKMF-UHFFFAOYSA-N,10.1021/acsmedchemlett.3c00480,运行/运行/ATP-VSW/ATP-VSW-DOCK_HTVS_1-002_lib.maegz
ATP-HTVS-093491EAEBEC,53250,C[NH+](C)Cc1cc(F)ccc1CNc1nc(NCc2ccc(N)cc2Cl)c2ccccc2[nH+]1,c1ccc(CNc2nc(NCc3ccccc3)c3ccccc3[nH+]2)cc1,-3.78030398240935,0.3272058823529411,0.2073170731707317,0.2916666666666667,Ward2024 compound 17,UYSBYFPUEOTVDZ-UHFFFAOYSA-N,10.1021/acsmedchemlett.3c00480,运行/运行/ATP-VSW/ATP-VSW-DOCK_HTVS_1-002_lib.maegz
ATP-HTVS-09A5DA8CBD66,30690,C[NH+](C)Cc1ccc(CCNc2nc(NC[C@H](c3ccccc3)[NH+](C)C)c3ccccc3[nH+]2)cc1,c1ccc(CCNc2nc(NCCc3ccccc3)c3ccccc3[nH+]2)cc1,-4.32064354787896,0.5404411764705883,0.20253164556962025,0.3181818181818182,Ward2024 compound 8,APMKTVCBYUVFFM-UHFFFAOYSA-N,10.1021/acsmedchemlett.3c00480,运行/运行/ATP-VSW/ATP-VSW-DOCK_HTVS_1-002_lib.maegz
ATP-HTVS-09A833AE3D1D,90339,C[NH+](C)Cc1ccccc1C(=O)Nc1nc2ccccc2cc1-c1ccnc(Cl)c1,O=C(Nc1nc2ccccc2cc1-c1ccncc1)c1ccccc1,-3.68111560471429,0.2849264705882353,0.2894736842105263,0.32857142857142857,compound 8 (Steed 2022),ROJPDORYZONAPF-UHFFFAOYSA-N,10.1021/acsomega.2c03127,运行/运行/ATP-VSW/ATP-VSW-DOCK_HTVS_1-003_lib/ATP-VSW-DOCK_HTVS_1-003_lib.mae
ATP-HTVS-09F9B4EC4E97,20514,CCCc1ccc(C[NH2+]Cc2ncc(-c3ccccc3C)cn2)cc1,c1ccc(C[NH2+]Cc2ncc(-c3ccccc3)cn2)cc1,-4.0071540234108,0.4209558823529411,0.2222222222222222,0.2835820895522388,WSA280,XQBWCRMKNUAPEC-UHFFFAOYSA-N,10.1021/acsomega.5c06380,运行/运行/ATP-VSW/ATP-VSW-DOCK_HTVS_1-002_lib.maegz
ATP-HTVS-0A1AFDA96BE3,90754,CN(Cc1ccccc1)[C@H]1C(=O)N(Cc2ccccc2)c2ccccc21,O=C1C(NCc2ccccc2)c2ccccc2N1Cc1ccccc1,-4.20118108704855,0.48897058823529416,0.2222222222222222,0.21875,Ward2024 compound 6,LKLACXNGVWXYAW-UHFFFAOYSA-N,10.1021/acsmedchemlett.3c00480,运行/运行/ATP-VSW/ATP-VSW-DOCK_HTVS_1-002_lib.maegz
ATP-HTVS-0A1D74055304,29089,OCc1ccc(CC[NH2+]Cc2c(OCc3ccccc3)ccc3ccccc23)cc1,c1ccc(CC[NH2+]Cc2c(OCc3ccccc3)ccc3ccccc23)cc1,-5.16115024103222,0.8713235294117647,0.2608695652173913,0.2857142857142857,compound 8 (Steed 2022),ROJPDORYZONAPF-UHFFFAOYSA-N,10.1021/acsomega.2c03127,运行/运行/ATP-VSW/ATP-VSW-DOCK_HTVS_1-001_lib/ATP-VSW-DOCK_HTVS_1-001_lib
ATP-HTVS-0A30D9D79A37,89123,CN(Cc1ccccc1C[NH+]1CCCC1)c1c(NC(=O)c2ccccc2)cnc2ccccc12,O=C(Nc1cnc2ccccc2c1NCc1ccccc1C[NH+]1CCCC1)c1ccccc1,-1.8144976552467,0.06617647058823528,0.22727272727272727,0.25925925925925924,compound 19 (Steed 2022),DHQKBEDPXLHXAJ-OAQYLSRUSA-N,10.1021/acsomega.2c03127,运行/运行/ATP-VSW/ATP-VSW-DOCK_HTVS_1-003_lib/ATP-VSW-DOCK_HTVS_1-003_lib.mae
ATP-HTVS-0A53D5277C22,24418,COc1ccc([C@@H](CN(C)C)NCc2nc3ccccc3c(-c3ccccc3)c2Cl)cc1,c1ccc(CNCc2cc(-c3ccccc3)c3ccccc3n2)cc1,-2.02757734796739,0.07965686274509809,0.2619047619047619,0.26506024096385544,WSA296,HCBCVTVDQQQYPH-UHFFFAOYSA-N,10.1021/acsomega.5c06380,运行/运行/ATP-VSW/ATP-VSW-DOCK_HTVS_1-002_lib.maegz
ATP-HTVS-0A81E0DFACE9,19938,COc1ccccc1-c1cnc(C[NH2+]Cc2ccc(C[NH+](C)C)cc2)nc1,c1ccc(C[NH2+]Cc2ncc(-c3ccccc3)cn2)cc1,-4.7467795765273,0.7371323529411764,0.24390243902439024,0.3898305084745763,WSA297,GXYVJEJKTGYEDL-UHFFFAOYSA-N,10.1021/acsomega.5c06380,运行/运行/ATP-VSW/ATP-VSW-DOCK_HTVS_1-002_lib.maegz
ATP-HTVS-0A8B3D0EFFB7,1954,Cc1ccc([C@@H](O)CNc2cc(-c3ccncc3)[nH+]c3c(F)cccc23)cc1,c1ccc(CCNc2cc(-c3ccncc3)[nH+]c3ccccc23)cc1,-5.05094522348199,0.8388480392156863,0.1744186046511628,0.18823529411764706,WSA280,XQBWCRMKNUAPEC-UHFFFAOYSA-N,10.1021/acsomega.5c06380,运行/运行/ATP-VSW/ATP-VSW-DOCK_HTVS_1-002_lib.maegz
ATP-HTVS-0A8D2667A5C6,69794,C[NH+](C)Cc1ccc(CNc2cnc3ccccc3c2NC(=O)Cc2cccc(Cl)c2)cc1,O=C(Cc1ccccc1)Nc1c(NCc2ccccc2)cnc2ccccc12,-3.43908277029645,0.22058823529411764,0.25609756097560976,0.3380281690140845,compound 15 (Steed 2022),RIDDIWJTDCGXDH-NRFANRHFSA-N,10.1021/acsomega.2c03127,运行/运行/ATP-VSW/ATP-VSW-DOCK_HTVS_1-002_lib.maegz
ATP-HTVS-0AAFA8CB92ED,43169,C[NH+](C)Cc1ccccc1CNc1nc(NCCc2ccc(N)cc2)c2ccccc2[nH+]1,c1ccc(CCNc2nc(NCc3ccccc3)[nH+]c3ccccc23)cc1,-4.84593814132737,0.7689950980392157,0.20987654320987653,0.31343283582089554,compound 15 (Steed 2022),RIDDIWJTDCGXDH-NRFANRHFSA-N,10.1021/acsomega.2c03127,运行/运行/ATP-VSW/ATP-VSW-DOCK_HTVS_1-001_lib/ATP-VSW-DOCK_HTVS_1-001_lib
ATP-HTVS-0AE85D2EF5B8,94338,C[NH+](C)Cc1ccccc1C(=O)Nc1ncc(C#Cc2ccccc2C[NH3+])nc1-c1ccccc1,O=C(Nc1ncc(C#Cc2ccccc2)nc1-c1ccccc1)c1ccccc1,-5.19876401981564,0.8786764705882353,0.2,0.2289156626506024,compound 15 (Steed 2022),RIDDIWJTDCGXDH-NRFANRHFSA-N,10.1021/acsomega.2c03127,运行/运行/ATP-VSW/ATP-VSW-DOCK_HTVS_1-003_lib/ATP-VSW-DOCK_HTVS_1-003_lib.mae
ATP-HTVS-0B0619B736F3,87937,N#CCN(c1ccccc1)c1cc2ccccc2nc1NC(=O)c1cc(F)cc(F)c1,O=C(Nc1nc2ccccc2cc1Nc1ccccc1)c1ccccc1,-3.55560968432524,0.25183823529411764,0.26865671641791045,0.28378378378378377,Ward2024 compound 5,BMTCMYDFINDWQK-UHFFFAOYSA-N,10.1021/acsmedchemlett.3c00480,运行/运行/ATP-VSW/ATP-VSW-DOCK_HTVS_1-001_lib/ATP-VSW-DOCK_HTVS_1-001_lib
ATP-HTVS-0B15CB8240E3,99809,CC(=O)c1ccccc1C(=O)Nc1nc2ccccc2cc1C#CCN[C@@H](C)c1ccccc1F,O=C(Nc1nc2ccccc2cc1C#CCNCc1ccccc1)c1ccccc1,-3.92893107291661,0.38664215686274506,0.2987012987012987,0.3116883116883117,compound 17 (Steed 2022),HXWNUGNSPIOUKJ-HNNXBMFYSA-N,10.1021/acsomega.2c03127,运行/运行/ATP-VSW/ATP-VSW-DOCK_HTVS_1-002_lib.maegz
ATP-HTVS-0B527D484045,76929,C[C@H](Nc1cc(Cl)ccc1[C@H](C[NH3+])N(C)C)c1cc2cccc(Cl)c2c(=O)n1-c1ccccc1,O=c1c2ccccc2cc(CNc2ccccc2)n1-c1ccccc1,-4.70705017394486,0.7242647058823529,0.19753086419753085,0.18292682926829268,Ward2024 compound 11,IIRFHYMEOYQCBC-UHFFFAOYSA-N,10.1021/acsmedchemlett.3c00480,运行/运行/ATP-VSW/ATP-VSW-DOCK_HTVS_1-001_lib/ATP-VSW-DOCK_HTVS_1-001_lib
ATP-HTVS-0B76E6A2B6F2,90146,C[C@@H](C#N)N(C(=O)c1[nH]c2ccccc2c1Nc1ccc(NCCO)cc1)c1ccccc1,O=C(Nc1ccccc1)c1[nH]c2ccccc2c1Nc1ccccc1,-3.61221120442026,0.2647058823529411,0.2,0.2,compound 18 (Steed 2022),DCLANSSFVIGXHQ-OAQYLSRUSA-N,10.1021/acsomega.2c03127,运行/运行/ATP-VSW/ATP-VSW-DOCK_HTVS_1-002_lib.maegz
ATP-HTVS-0BEF59EEEAC9,79426,O=C1CN(Cc2cccc(C(=O)NCCO)c2)[C@H](c2ccccc2)c2ccccc2N1,O=C1CN(Cc2ccccc2)C(c2ccccc2)c2ccccc2N1,-4.29629478093592,0.5300245098039216,0.17391304347826086,0.17391304347826086,WSA236,CJWSCOKTAUPKHM-UHFFFAOYSA-N,10.1002/cmdc.202400952,运行/运行/ATP-VSW/ATP-VSW-DOCK_HTVS_1-002_lib.maegz
ATP-HTVS-0C1598B702AE,55106,COCCNc1ccccc1C[NH2+]Cc1c(-c2ccccc2)cc2ccccn12,c1ccc(C[NH2+]Cc2c(-c3ccccc3)cc3ccccn23)cc1,-3.15858840715297,0.1740196078431373,0.20930232558139536,0.2328767123287671,WSA278,JWHCVPMRQDOIHA-UHFFFAOYSA-N,10.1021/acsomega.5c06380,运行/运行/ATP-VSW/ATP-VSW-DOCK_HTVS_1-002_lib.maegz
ATP-HTVS-0C253F9D7643,68259,O=C([O-])C[N@H+](Cc1ccc(Cl)cc1)Cc1cc(OCc2ccccc2)c2ccccc2c1,c1ccc(C[NH2+]Cc2cc(OCc3ccccc3)c3ccccc3c2)cc1,-3.61118922669315,0.2640931372549019,0.28378378378378377,0.2876712328767123,compound 15 (Steed 2022),RIDDIWJTDCGXDH-NRFANRHFSA-N,10.1021/acsomega.2c03127,运行/运行/ATP-VSW/ATP-VSW-DOCK_HTVS_1-003_lib/ATP-VSW-DOCK_HTVS_1-003_lib.mae
ATP-HTVS-0C40F7CB6A92,58402,Cc1ccc([C@@](C)(CO)C[NH2+]Cc2cn(-c3ccccc3)nc2-c2ccncc2)cc1,c1ccc(CC[NH2+]Cc2cn(-c3ccccc3)nc2-c2ccncc2)cc1,-5.00496722494702,0.8241421568627451,0.2,0.25925925925925924,WSA280,XQBWCRMKNUAPEC-UHFFFAOYSA-N,10.1021/acsomega.5c06380,运行/运行/ATP-VSW/ATP-VSW-DOCK_HTVS_1-002_lib.maegz
ATP-HTVS-0C765FB89CD3,40065,CC[N@@H+](C)Cc1cccc(CNc2nc3ccccc3nc2N(C)CCc2cccc([N+](=O)[O-])c2)c1,c1ccc(CCNc2nc3ccccc3nc2NCc2ccccc2)cc1,-4.11182705426906,0.4595588235294118,0.2289156626506024,0.24358974358974358,Ward2024 compound 6,LKLACXNGVWXYAW-UHFFFAOYSA-N,10.1021/acsmedchemlett.3c00480,运行/运行/ATP-VSW/ATP-VSW-DOCK_HTVS_1-001_lib/ATP-VSW-DOCK_HTVS_1-001_lib
ATP-HTVS-0C924C2A1F00,82563,O=C(Nc1c[nH+]c2ccccc2c1NCc1ccc(NCCO)cc1)c1cccc(CS)c1,O=C(Nc1c[nH+]c2ccccc2c1NCc1ccccc1)c1ccccc1,-3.96699931810985,0.40441176470588236,0.21951219512195122,0.25925925925925924,compound 8 (Steed 2022),ROJPDORYZONAPF-UHFFFAOYSA-N,10.1021/acsomega.2c03127,运行/运行/ATP-VSW/ATP-VSW-DOCK_HTVS_1-003_lib/ATP-VSW-DOCK_HTVS_1-003_lib.mae
ATP-HTVS-0CA591B42E29,85378,C[NH+](C)Cc1cccc(CN[C@H](C#Cc2ccc(C(=O)[O-])cc2)c2coc3ccccc23)c1,C(#CC(NCc1ccccc1)c1coc2ccccc12)c1ccccc1,-5.49807264992147,0.923406862745098,0.20689655172413793,0.24675324675324675,compound 1 (Fraunfelter 2023),WIDVPHSBAXLSEU-LJQANCHMSA-N,10.1021/acsinfecdis.3c00317,运行/运行/ATP-VSW/ATP-VSW-DOCK_HTVS_1-002_lib.maegz
ATP-HTVS-0CB0406266F3,38243,CN(Cc1ccc(C[NH+](C)C)cc1)C(=O)Cn1c(COc2ccc(Cl)cc2)nc2ccccc21,O=C(Cn1c(COc2ccccc2)nc2ccccc21)NCc1ccccc1,-3.43878014204707,0.21997549019607843,0.23076923076923078,0.2916666666666667,Ward2024 compound 1,DVUDEYVEBQKKMF-UHFFFAOYSA-N,10.1021/acsmedchemlett.3c00480,运行/运行/ATP-VSW/ATP-VSW-DOCK_HTVS_1-003_lib/ATP-VSW-DOCK_HTVS_1-003_lib.mae
ATP-HTVS-0CBFB91815ED,70274,CN(Cc1sc2ccccc2c1NCc1cccc(C[NH+](C)C)c1)C(=O)[C@@H](O)c1ccccc1,O=C(Cc1ccccc1)NCc1sc2ccccc2c1NCc1ccccc1,-4.4755885529581,0.6151960784313726,0.20689655172413793,0.22077922077922077,compound 15 (Steed 2022),RIDDIWJTDCGXDH-NRFANRHFSA-N,10.1021/acsomega.2c03127,运行/运行/ATP-VSW/ATP-VSW-DOCK_HTVS_1-002_lib.maegz
ATP-HTVS-0CC0B448CED2,38179,c1ccc(-n2cc(C[NH2+]Cc3ccccc3C[NH+]3CCCC3)c(-c3cccnc3)n2)cc1,c1ccc(-n2cc(C[NH2+]Cc3ccccc3C[NH+]3CCCC3)c(-c3cccnc3)n2)cc1,-4.12199800493643,0.46262254901960786,0.1951219512195122,0.39705882352941174,WSA294,FPTVNOKSIHPUTA-UHFFFAOYSA-N,10.1021/acsomega.5c06380,运行/运行/ATP-VSW/ATP-VSW-DOCK_HTVS_1-003_lib/ATP-VSW-DOCK_HTVS_1-003_lib.mae
ATP-HTVS-0CD00DCFE488,46273,CC(C)N(C)Cc1cccc(CNC(=O)Cn2c(COc3ccc(Cl)cc3)nc3ccccc32)c1,O=C(Cn1c(COc2ccccc2)nc2ccccc21)NCc1ccccc1,-0.727471403035266,0.005514705882352922,0.27586206896551724,0.29069767441860467,compound 15 (Steed 2022),RIDDIWJTDCGXDH-NRFANRHFSA-N,10.1021/acsomega.2c03127,运行/运行/ATP-VSW/ATP-VSW-DOCK_HTVS_1-001_lib/ATP-VSW-DOCK_HTVS_1-001_lib
ATP-HTVS-0CE67B896AED,99842,CNc1cccc(CNC(=O)c2cnc3ccc(F)cc3c2N(C)c2ccccc2F)c1,O=C(NCc1ccccc1)c1cnc2ccccc2c1Nc1ccccc1,-4.50629604942923,0.6317401960784313,0.22988505747126436,0.22988505747126436,compound 15 (Steed 2022),RIDDIWJTDCGXDH-NRFANRHFSA-N,10.1021/acsomega.2c03127,运行/运行/ATP-VSW/ATP-VSW-DOCK_HTVS_1-003_lib/ATP-VSW-DOCK_HTVS_1-003_lib.mae
ATP-HTVS-0D57BDDB1211,69729,CN(C)Cc1cccc(CNc2c(NC(=O)[C@@H](F)c3ccc(Cl)cc3)c[nH+]c3ccccc23)c1,O=C(Cc1ccccc1)Nc1c[nH+]c2ccccc2c1NCc1ccccc1,-2.14571084498983,0.08578431372549022,0.2073170731707317,0.25316455696202533,Ward2024 compound 1,DVUDEYVEBQKKMF-UHFFFAOYSA-N,10.1021/acsmedchemlett.3c00480,运行/运行/ATP-VSW/ATP-VSW-DOCK_HTVS_1-001_lib/ATP-VSW-DOCK_HTVS_1-001_lib
ATP-HTVS-0D83F5E9F976,52769,CC[N@@H+](C)Cc1cccc(CNc2nc(NCc3ccccc3C#N)c3ccccc3[nH+]2)c1,c1ccc(CNc2nc(NCc3ccccc3)c3ccccc3[nH+]2)cc1,-3.48376880382318,0.22977941176470584,0.1978021978021978,0.2597402597402597,WSA236,CJWSCOKTAUPKHM-UHFFFAOYSA-N,10.1002/cmdc.202400952,运行/运行/ATP-VSW/ATP-VSW-DOCK_HTVS_1-001_lib/ATP-VSW-DOCK_HTVS_1-001_lib
ATP-HTVS-0D8C52C362EE,73825,C#CCN(Cc1ccccc1)C(=O)c1cc(NCc2cccc(C[NH+](C)C)c2)c(Cl)s1,O=C(NCc1ccccc1)c1cc(NCc2ccccc2)cs1,-2.43691677875083,0.11274509803921573,0.18181818181818182,0.23684210526315788,compound 15 (Steed 2022),RIDDIWJTDCGXDH-NRFANRHFSA-N,10.1021/acsomega.2c03127,运行/运行/ATP-VSW/ATP-VSW-DOCK_HTVS_1-001_lib/ATP-VSW-DOCK_HTVS_1-001_lib
ATP-HTVS-0DE7571C9DAC,43267,Cc1c(Cl)cccc1OCc1ccc(C[NH2+]Cc2ccccc2NCCO)o1,c1ccc(C[NH2+]Cc2ccc(COc3ccccc3)o2)cc1,-4.60852371036615,0.6813725490196079,0.1686746987951807,0.20270270270270271,compound 8 (Steed 2022),ROJPDORYZONAPF-UHFFFAOYSA-N,10.1021/acsomega.2c03127,运行/运行/ATP-VSW/ATP-VSW-DOCK_HTVS_1-003_lib/ATP-VSW-DOCK_HTVS_1-003_lib.mae
ATP-HTVS-0E6472D072C2,1473,C[NH+](C)[C@H](CNc1nc(C(C)(C)c2ccccc2)nc2ccccc12)c1ccc(O)cc1,c1ccc(CCNc2nc(Cc3ccccc3)nc3ccccc23)cc1,-3.87174706925944,0.36274509803921573,0.22077922077922077,0.22666666666666666,compound 15 (Steed 2022),RIDDIWJTDCGXDH-NRFANRHFSA-N,10.1021/acsomega.2c03127,运行/运行/ATP-VSW/ATP-VSW-DOCK_HTVS_1-001_lib/ATP-VSW-DOCK_HTVS_1-001_lib
ATP-HTVS-0E76F39BB090,32387,C[NH+](C)Cc1cccc(CNc2nc3ccccc3nc2NCc2ccccc2N)c1,c1ccc(CNc2nc3ccccc3nc2NCc2ccccc2)cc1,-4.91384379869376,0.7916666666666666,0.25,0.36666666666666664,Ward2024 compound 6,LKLACXNGVWXYAW-UHFFFAOYSA-N,10.1021/acsmedchemlett.3c00480,运行/运行/ATP-VSW/ATP-VSW-DOCK_HTVS_1-003_lib/ATP-VSW-DOCK_HTVS_1-003_lib.mae
ATP-HTVS-0E779CFB9E8D,92771,C[NH+](C)Cc1ccc(C(=O)Nc2ccc([C@@H](C#N)c3ccccc3)c(-c3ccc(C[NH3+])cc3)c2)cc1,O=C(Nc1ccc(Cc2ccccc2)c(-c2ccccc2)c1)c1ccccc1,-4.64095293720157,0.6936274509803921,0.21428571428571427,0.24358974358974358,compound 8 (Steed 2022),ROJPDORYZONAPF-UHFFFAOYSA-N,10.1021/acsomega.2c03127,运行/运行/ATP-VSW/ATP-VSW-DOCK_HTVS_1-003_lib/ATP-VSW-DOCK_HTVS_1-003_lib.mae
ATP-HTVS-0EB7A7111FDE,80385,CN(Cc1sc2ccccc2c1NCc1ccc(NCCO)cc1)C(=O)c1cc(F)ccc1F,O=C(NCc1sc2ccccc2c1NCc1ccccc1)c1ccccc1,-2.77832980422911,0.13725490196078427,0.2073170731707317,0.2073170731707317,Ward2024 compound 1,DVUDEYVEBQKKMF-UHFFFAOYSA-N,10.1021/acsmedchemlett.3c00480,运行/运行/ATP-VSW/ATP-VSW-DOCK_HTVS_1-001_lib/ATP-VSW-DOCK_HTVS_1-001_lib
ATP-HTVS-0F3A12BD04AB,91361,CC(=O)c1ccc(CC(=O)Nc2c[nH+]c3ccccc3c2NCc2ccc(NCCO)cc2)c(F)c1,O=C(Cc1ccccc1)Nc1c[nH+]c2ccccc2c1NCc1ccccc1,-6.07159898960278,0.977328431372549,0.25301204819277107,0.2804878048780488,compound 8 (Steed 2022),ROJPDORYZONAPF-UHFFFAOYSA-N,10.1021/acsomega.2c03127,运行/运行/ATP-VSW/ATP-VSW-DOCK_HTVS_1-001_lib/ATP-VSW-DOCK_HTVS_1-001_lib
ATP-HTVS-0F469DA925F8,70337,C#Cc1ccc(C(=O)Nc2c(NCc3cccc(C[NH+](C)C)c3)cnc3ccccc23)cc1,O=C(Nc1c(NCc2ccccc2)cnc2ccccc12)c1ccccc1,-3.94088849150865,0.39399509803921573,0.21978021978021978,0.2597402597402597,compound 18 (Steed 2022),DCLANSSFVIGXHQ-OAQYLSRUSA-N,10.1021/acsomega.2c03127,运行/运行/ATP-VSW/ATP-VSW-DOCK_HTVS_1-001_lib/ATP-VSW-DOCK_HTVS_1-001_lib
ATP-HTVS-0F46F3379ABF,71235,C[NH+](C)Cc1cccc(CNc2cc3ccccc3nc2NC(=O)Cc2cccc(C#N)c2)c1,O=C(Cc1ccccc1)Nc1nc2ccccc2cc1NCc1ccccc1,-3.90607429563462,0.375,0.3037974683544304,0.35714285714285715,compound 15 (Steed 2022),RIDDIWJTDCGXDH-NRFANRHFSA-N,10.1021/acsomega.2c03127,运行/运行/ATP-VSW/ATP-VSW-DOCK_HTVS_1-003_lib/ATP-VSW-DOCK_HTVS_1-003_lib.mae
ATP-HTVS-0F4AF3905209,96993,C[NH+](C)Cc1cccc(Cn2c(-c3cccc(Br)c3)nc3cccc(F)c3c2=O)c1,O=c1c2ccccc2nc(-c2ccccc2)n1Cc1ccccc1,-3.52113327150541,0.24019607843137258,0.19540229885057472,0.2602739726027397,WSA257,NLTZNXHLSWPGMA-UHFFFAOYSA-N,10.1002/cmdc.202400952,运行/运行/ATP-VSW/ATP-VSW-DOCK_HTVS_1-002_lib.maegz
ATP-HTVS-0F6915EAEEA3,79267,C[C@H]([NH2+]Cc1ccc(C[NH+](C)C)cc1)c1cn(Cc2cccc(C(F)(F)F)c2)nn1,c1ccc(C[NH2+]Cc2cn(Cc3ccccc3)nn2)cc1,-5.92798196044923,0.9718137254901961,0.17708333333333334,0.28169014084507044,WSA297,GXYVJEJKTGYEDL-UHFFFAOYSA-N,10.1021/acsomega.5c06380,运行/运行/ATP-VSW/ATP-VSW-DOCK_HTVS_1-003_lib/ATP-VSW-DOCK_HTVS_1-003_lib.mae
ATP-HTVS-0F755B78CCFB,95490,C[NH+](C)Cc1ccc(C(=O)Nc2ncc(NCc3ccc(NCCO)cc3)c3ccccc23)cc1,O=C(Nc1ncc(NCc2ccccc2)c2ccccc12)c1ccccc1,-4.35514726578573,0.5588235294117647,0.225,0.2702702702702703,compound 8 (Steed 2022),ROJPDORYZONAPF-UHFFFAOYSA-N,10.1021/acsomega.2c03127,运行/运行/ATP-VSW/ATP-VSW-DOCK_HTVS_1-003_lib/ATP-VSW-DOCK_HTVS_1-003_lib.mae
ATP-HTVS-0F900EB338B9,82082,CN(CC(=O)Nc1c(Nc2ccc(NCCO)cc2)cnc2ccccc12)c1ccccc1,O=C(CNc1ccccc1)Nc1c(Nc2ccccc2)cnc2ccccc12,-5.14238362081274,0.8633578431372549,0.24050632911392406,0.24050632911392406,compound 8 (Steed 2022),ROJPDORYZONAPF-UHFFFAOYSA-N,10.1021/acsomega.2c03127,运行/运行/ATP-VSW/ATP-VSW-DOCK_HTVS_1-002_lib.maegz
ATP-HTVS-0FD0361A2408,93698,C[NH+](C)Cc1cccc(CNc2cc(F)cnc2NC(=O)C(F)(F)c2ccccc2)c1,O=C(Cc1ccccc1)Nc1ncccc1NCc1ccccc1,-4.34741831969368,0.553921568627451,0.21428571428571427,0.25333333333333335,compound 15 (Steed 2022),RIDDIWJTDCGXDH-NRFANRHFSA-N,10.1021/acsomega.2c03127,运行/运行/ATP-VSW/ATP-VSW-DOCK_HTVS_1-002_lib.maegz
ATP-HTVS-0FDC7A3FF1CA,47107,CC[NH+](CC)Cc1ccccc1C[NH2+]Cc1cn(CCC#N)nc1-c1ccc(Cl)cc1,c1ccc(C[NH2+]Cc2c[nH]nc2-c2ccccc2)cc1,-5.88013714765497,0.96875,0.15306122448979592,0.23076923076923078,WSA297,GXYVJEJKTGYEDL-UHFFFAOYSA-N,10.1021/acsomega.5c06380,运行/运行/ATP-VSW/ATP-VSW-DOCK_HTVS_1-003_lib/ATP-VSW-DOCK_HTVS_1-003_lib.mae
ATP-HTVS-103E90EA5971,80961,C[C@H](c1ccc(Cl)cc1)N(C)C(=O)c1cc(NCc2cccc(C[NH+](C)C)c2)cs1,O=C(NCc1ccccc1)c1cc(NCc2ccccc2)cs1,-4.4936951823295,0.6237745098039216,0.2,0.21052631578947367,compound 15 (Steed 2022),RIDDIWJTDCGXDH-NRFANRHFSA-N,10.1021/acsomega.2c03127,运行/运行/ATP-VSW/ATP-VSW-DOCK_HTVS_1-001_lib/ATP-VSW-DOCK_HTVS_1-001_lib
ATP-HTVS-106685DD3ACA,70754,C[NH+](C)Cc1ccc(CNc2cnc3ccccc3c2NC(=O)c2cccc(F)c2F)cc1,O=C(Nc1c(NCc2ccccc2)cnc2ccccc12)c1ccccc1,-4.01924083094669,0.42647058823529416,0.2261904761904762,0.323943661971831,compound 1 (Fraunfelter 2023),WIDVPHSBAXLSEU-LJQANCHMSA-N,10.1021/acsinfecdis.3c00317,运行/运行/ATP-VSW/ATP-VSW-DOCK_HTVS_1-002_lib.maegz
ATP-HTVS-10900B51E20F,58209,CC[NH+](CC)Cc1ccccc1C[NH2+]Cc1csc(N(C(C)=O)c2ccc(C)cc2)n1,c1ccc(C[NH2+]Cc2csc(Nc3ccccc3)n2)cc1,-4.99358231560657,0.8204656862745098,0.19047619047619047,0.28169014084507044,compound 1 (Fraunfelter 2023),WIDVPHSBAXLSEU-LJQANCHMSA-N,10.1021/acsinfecdis.3c00317,运行/运行/ATP-VSW/ATP-VSW-DOCK_HTVS_1-001_lib/ATP-VSW-DOCK_HTVS_1-001_lib
ATP-HTVS-109B405B023F,43907,CC(C)Oc1ccc(CN2CC(=O)Nc3ccccc3[C@@H]2c2ccccc2)c(Cl)c1,O=C1CN(Cc2ccccc2)C(c2ccccc2)c2ccccc2N1,-1.38503096339242,0.02573529411764708,0.1956521739130435,0.1956521739130435,WSA296,HCBCVTVDQQQYPH-UHFFFAOYSA-N,10.1021/acsomega.5c06380,运行/运行/ATP-VSW/ATP-VSW-DOCK_HTVS_1-003_lib/ATP-VSW-DOCK_HTVS_1-003_lib.mae
ATP-HTVS-10A4E2B2EADA,92833,C[NH+](C)Cc1ccc(C(=O)Nc2nccc(Nc3ccccc3N)c2C(=O)c2ccccc2)cc1,O=C(Nc1nccc(Nc2ccccc2)c1C(=O)c1ccccc1)c1ccccc1,-4.57477617344155,0.6660539215686274,0.19753086419753085,0.24324324324324326,compound 8 (Steed 2022),ROJPDORYZONAPF-UHFFFAOYSA-N,10.1021/acsomega.2c03127,运行/运行/ATP-VSW/ATP-VSW-DOCK_HTVS_1-001_lib/ATP-VSW-DOCK_HTVS_1-001_lib
ATP-HTVS-11489B74AE1C,69539,C[NH+](C)Cc1cccc(CNc2c(NC(=O)[C@](C)(O)c3ccccc3)c[nH+]c3ccccc23)c1,O=C(Cc1ccccc1)Nc1c[nH+]c2ccccc2c1NCc1ccccc1,-5.03834344879853,0.835171568627451,0.18823529411764706,0.26666666666666666,compound 15 (Steed 2022),RIDDIWJTDCGXDH-NRFANRHFSA-N,10.1021/acsomega.2c03127,运行/运行/ATP-VSW/ATP-VSW-DOCK_HTVS_1-003_lib/ATP-VSW-DOCK_HTVS_1-003_lib.mae
ATP-HTVS-115B93EFBC96,98209,CN(c1cc2ccccc2nc1NC(=O)COc1ccccc1Cl)[C@H](C#N)c1ccccc1,O=C(COc1ccccc1)Nc1nc2ccccc2cc1NCc1ccccc1,-3.64122190653447,0.272671568627451,0.2926829268292683,0.2804878048780488,compound 15 (Steed 2022),RIDDIWJTDCGXDH-NRFANRHFSA-N,10.1021/acsomega.2c03127,运行/运行/ATP-VSW/ATP-VSW-DOCK_HTVS_1-002_lib.maegz
ATP-HTVS-11C14F34C5FE,35233,OC[C@H](NCc1nc2ccccc2c(-c2ccccc2)c1Cl)c1cccc(F)c1,c1ccc(CNCc2cc(-c3ccccc3)c3ccccc3n2)cc1,-4.15555608176031,0.4724264705882353,0.23809523809523808,0.24096385542168675,compound 19 (Steed 2022),DHQKBEDPXLHXAJ-OAQYLSRUSA-N,10.1021/acsomega.2c03127,运行/运行/ATP-VSW/ATP-VSW-DOCK_HTVS_1-001_lib/ATP-VSW-DOCK_HTVS_1-001_lib
ATP-HTVS-11CEFB3A39DF,61475,CN(CCC#N)c1ccc(C[NH2+]Cc2cn(-c3ccccc3)nc2-c2ccncc2)cc1,c1ccc(C[NH2+]Cc2cn(-c3ccccc3)nc2-c2ccncc2)cc1,-5.0306086001535,0.8345588235294118,0.20253164556962025,0.323943661971831,Ward2024 compound 11,IIRFHYMEOYQCBC-UHFFFAOYSA-N,10.1021/acsmedchemlett.3c00480,运行/运行/ATP-VSW/ATP-VSW-DOCK_HTVS_1-003_lib/ATP-VSW-DOCK_HTVS_1-003_lib.mae
ATP-HTVS-11E35EA06531,61505,Cc1ccc(N)cc1CNc1nc(NCc2ccccc2C[NH+](C)C)[nH+]c2ccccc12,c1ccc(CNc2nc(NCc3ccccc3)c3ccccc3[nH+]2)cc1,-4.23623957512344,0.5030637254901961,0.19230769230769232,0.29411764705882354,Ward2024 compound 6,LKLACXNGVWXYAW-UHFFFAOYSA-N,10.1021/acsmedchemlett.3c00480,运行/运行/ATP-VSW/ATP-VSW-DOCK_HTVS_1-001_lib/ATP-VSW-DOCK_HTVS_1-001_lib
ATP-HTVS-125A7E13CFB1,85089,C[C@H](C#N)N(c1ccccc1)c1c(NC(=O)[C@@H](c2ccc(Cl)cc2)N(C)C)cnc2ccccc12,O=C(Cc1ccccc1)Nc1cnc2ccccc2c1Nc1ccccc1,-3.1340226312072,0.1697303921568627,0.2235294117647059,0.21176470588235294,compound 15 (Steed 2022),RIDDIWJTDCGXDH-NRFANRHFSA-N,10.1021/acsomega.2c03127,运行/运行/ATP-VSW/ATP-VSW-DOCK_HTVS_1-001_lib/ATP-VSW-DOCK_HTVS_1-001_lib
ATP-HTVS-12CEF0BA8B10,31426,CN(CCOc1cccc(C#N)c1)c1nc2ccccc2nc1NCc1ccccc1C[NH+](C)C,c1ccc(CNc2nc3ccccc3nc2NCCOc2ccccc2)cc1,-4.16872499718825,0.4767156862745098,0.23076923076923078,0.28,Ward2024 compound 5,BMTCMYDFINDWQK-UHFFFAOYSA-N,10.1021/acsmedchemlett.3c00480,运行/运行/ATP-VSW/ATP-VSW-DOCK_HTVS_1-002_lib.maegz
ATP-HTVS-132672672DF9,95778,C[NH+](C)Cc1ccc(C(=O)Nc2nc3ccccc3cc2NCc2ccc(NCCO)cc2)cc1,O=C(Nc1nc2ccccc2cc1NCc1ccccc1)c1ccccc1,-4.42873461631719,0.5900735294117647,0.3333333333333333,0.39705882352941174,compound 8 (Steed 2022),ROJPDORYZONAPF-UHFFFAOYSA-N,10.1021/acsomega.2c03127,运行/运行/ATP-VSW/ATP-VSW-DOCK_HTVS_1-003_lib/ATP-VSW-DOCK_HTVS_1-003_lib.mae
ATP-HTVS-132BACAA4698,82561,N#Cc1ccc(C(=O)Nc2c[nH+]c3ccccc3c2NCc2ccc(NCCO)cc2)cc1,O=C(Nc1c[nH+]c2ccccc2c1NCc1ccccc1)c1ccccc1,-4.75722904561426,0.741421568627451,0.20481927710843373,0.23170731707317074,compound 8 (Steed 2022),ROJPDORYZONAPF-UHFFFAOYSA-N,10.1021/acsomega.2c03127,运行/运行/ATP-VSW/ATP-VSW-DOCK_HTVS_1-001_lib/ATP-VSW-DOCK_HTVS_1-001_lib
ATP-HTVS-134FC0CB3694,71041,C[NH+](C)Cc1ccc(CNc2c(NC(=O)Cc3ccc(Cl)cc3F)c[nH+]c3ccccc23)cc1,O=C(Cc1ccccc1)Nc1c[nH+]c2ccccc2c1NCc1ccccc1,-4.5836821116938,0.6709558823529411,0.2289156626506024,0.352112676056338,compound 8 (Steed 2022),ROJPDORYZONAPF-UHFFFAOYSA-N,10.1021/acsomega.2c03127,运行/运行/ATP-VSW/ATP-VSW-DOCK_HTVS_1-001_lib/ATP-VSW-DOCK_HTVS_1-001_lib
ATP-HTVS-1356F7D69808,27907,C[NH+](C)Cc1ccc(NC(=O)NC[C@H]2c3ccccc3C(=O)N2Cc2ccccc2)c(F)c1,O=C(NCC1c2ccccc2C(=O)N1Cc1ccccc1)Nc1ccccc1,-4.76216215558839,0.7432598039215687,0.1978021978021978,0.24358974358974358,WSA298,IZWVLJVCXHHUOO-UHFFFAOYSA-N,10.1021/acsomega.5c06380,运行/运行/ATP-VSW/ATP-VSW-DOCK_HTVS_1-003_lib/ATP-VSW-DOCK_HTVS_1-003_lib.mae
ATP-HTVS-1373BD200FA0,72865,CC(=O)c1ccc(CC(=O)Nc2[nH+]cc(NCc3ccc(C[NH+](C)C)cc3)c3ccccc23)cc1,O=C(Cc1ccccc1)Nc1[nH+]cc(NCc2ccccc2)c2ccccc12,-4.37759148920313,0.5698529411764706,0.2261904761904762,0.30434782608695654,compound 18 (Steed 2022),DCLANSSFVIGXHQ-OAQYLSRUSA-N,10.1021/acsomega.2c03127,运行/运行/ATP-VSW/ATP-VSW-DOCK_HTVS_1-001_lib/ATP-VSW-DOCK_HTVS_1-001_lib
ATP-HTVS-1377A1139B97,96002,CC(=O)c1ccccc1C(=O)Nc1nc2ccccc2cc1C#CC[NH2+]Cc1ccccc1,O=C(Nc1nc2ccccc2cc1C#CC[NH2+]Cc1ccccc1)c1ccccc1,-4.68563003207059,0.7126225490196079,0.28205128205128205,0.3235294117647059,compound 15 (Steed 2022),RIDDIWJTDCGXDH-NRFANRHFSA-N,10.1021/acsomega.2c03127,运行/运行/ATP-VSW/ATP-VSW-DOCK_HTVS_1-003_lib/ATP-VSW-DOCK_HTVS_1-003_lib.mae
ATP-HTVS-138C9DBD3419,68321,CC[N@@H+](CCOc1ccc(OC)c2ccccc12)Cc1ccc(C[NH+](C)C)cc1,c1ccc(C[NH2+]CCOc2cccc3ccccc23)cc1,-4.92660496634571,0.7990196078431373,0.19047619047619047,0.27419354838709675,WSA297,GXYVJEJKTGYEDL-UHFFFAOYSA-N,10.1021/acsomega.5c06380,运行/运行/ATP-VSW/ATP-VSW-DOCK_HTVS_1-001_lib/ATP-VSW-DOCK_HTVS_1-001_lib
ATP-HTVS-13A5AE9C2B6A,88258,C#C[C@H](C)NC(=O)c1cccc(CNCc2[nH+]c3ccccc3n2Cc2ccccc2)c1,c1ccc(CNCc2[nH+]c3ccccc3n2Cc2ccccc2)cc1,-3.76780447123084,0.31985294117647056,0.23157894736842105,0.2839506172839506,WSA297,GXYVJEJKTGYEDL-UHFFFAOYSA-N,10.1021/acsomega.5c06380,运行/运行/ATP-VSW/ATP-VSW-DOCK_HTVS_1-002_lib.maegz
ATP-HTVS-1402A7ED8177,450,C[NH+](C)[C@@H](CNc1cc(COc2ccccc2)[nH+]c2ccc(O)cc12)c1ccc(F)cc1,c1ccc(CCNc2cc(COc3ccccc3)[nH+]c3ccccc23)cc1,-5.06327281392812,0.8406862745098039,0.2,0.2345679012345679,compound 15 (Steed 2022),RIDDIWJTDCGXDH-NRFANRHFSA-N,10.1021/acsomega.2c03127,运行/运行/ATP-VSW/ATP-VSW-DOCK_HTVS_1-002_lib.maegz
ATP-HTVS-143D46541936,71362,CN(Cc1ccccc1)C(=O)c1cc(NCc2ccc(C[NH+](C)C)cc2)cs1,O=C(NCc1ccccc1)c1cc(NCc2ccccc2)cs1,-3.86812266389345,0.3621323529411765,0.25,0.32786885245901637,Ward2024 compound 1,DVUDEYVEBQKKMF-UHFFFAOYSA-N,10.1021/acsmedchemlett.3c00480,运行/运行/ATP-VSW/ATP-VSW-DOCK_HTVS_1-002_lib.maegz
ATP-HTVS-1449F4F4BA71,89058,Cc1ccc(C(=O)c2cnc3ccc(F)cc3c2N(CC[NH3+])Cc2ccc(F)cc2)cc1,O=C(c1ccccc1)c1cnc2ccccc2c1NCc1ccccc1,-6.21958526920677,0.9883578431372549,0.19480519480519481,0.20238095238095238,Ward2024 compound 1,DVUDEYVEBQKKMF-UHFFFAOYSA-N,10.1021/acsmedchemlett.3c00480,运行/运行/ATP-VSW/ATP-VSW-DOCK_HTVS_1-002_lib.maegz
ATP-HTVS-14724C615932,53281,Cc1cc(C)c(C[NH2+][C@@H](Cc2ccccc2)CN(C)C)c(OCc2ccccc2)n1,c1ccc(CC[NH2+]Cc2cccnc2OCc2ccccc2)cc1,-3.29507612750316,0.1924019607843137,0.28378378378378377,0.3380281690140845,compound 15 (Steed 2022),RIDDIWJTDCGXDH-NRFANRHFSA-N,10.1021/acsomega.2c03127,运行/运行/ATP-VSW/ATP-VSW-DOCK_HTVS_1-001_lib/ATP-VSW-DOCK_HTVS_1-001_lib
ATP-HTVS-14AE04B6952B,40129,CC(C)Nc1ccc(CNc2nc(N[C@@H](CC(N)=O)c3ccccc3)c3ccccc3[nH+]2)cc1,c1ccc(CNc2nc(NCc3ccccc3)c3ccccc3[nH+]2)cc1,-4.47370169161169,0.6133578431372548,0.2716049382716049,0.28205128205128205,compound 15 (Steed 2022),RIDDIWJTDCGXDH-NRFANRHFSA-N,10.1021/acsomega.2c03127,运行/运行/ATP-VSW/ATP-VSW-DOCK_HTVS_1-001_lib/ATP-VSW-DOCK_HTVS_1-001_lib
ATP-HTVS-14BA2D75CE49,449,C[NH+](C)[C@@H](CNc1cc(COc2ccccc2)[nH+]c2c([O-])cccc12)c1ccc(F)cc1,c1ccc(CCNc2cc(COc3ccccc3)[nH+]c3ccccc23)cc1,-3.54257727891752,0.24693627450980393,0.2,0.2413793103448276,WSA298,IZWVLJVCXHHUOO-UHFFFAOYSA-N,10.1021/acsomega.5c06380,运行/运行/ATP-VSW/ATP-VSW-DOCK_HTVS_1-001_lib/ATP-VSW-DOCK_HTVS_1-001_lib
ATP-HTVS-1551732D1515,43266,Cc1cc(OCc2ccc(C[NH2+]Cc3ccccc3NCCO)o2)ccc1Cl,c1ccc(C[NH2+]Cc2ccc(COc3ccccc3)o2)cc1,-3.86577494528237,0.3615196078431373,0.18292682926829268,0.22988505747126436,compound 8 (Steed 2022),ROJPDORYZONAPF-UHFFFAOYSA-N,10.1021/acsomega.2c03127,运行/运行/ATP-VSW/ATP-VSW-DOCK_HTVS_1-002_lib.maegz
ATP-HTVS-159795FE363C,92387,N#Cc1ccccc1CC(=O)Nc1nc2ccccc2cc1C#C[C@@H]([NH3+])Cc1cccc(F)c1,O=C(Cc1ccccc1)Nc1nc2ccccc2cc1C#CCCc1ccccc1,-5.28912059855985,0.8946078431372549,0.3132530120481928,0.3333333333333333,compound 1 (Fraunfelter 2023),WIDVPHSBAXLSEU-LJQANCHMSA-N,10.1021/acsinfecdis.3c00317,运行/运行/ATP-VSW/ATP-VSW-DOCK_HTVS_1-003_lib/ATP-VSW-DOCK_HTVS_1-003_lib.mae
ATP-HTVS-159959ECB567,70723,C[NH+](C)Cc1cccc(CNc2c(NC(=O)c3cc(F)cc(F)c3)c[nH+]c3ccccc23)c1,O=C(Nc1c[nH+]c2ccccc2c1NCc1ccccc1)c1ccccc1,-5.28054980478574,0.8933823529411765,0.18681318681318682,0.28378378378378377,compound 18 (Steed 2022),DCLANSSFVIGXHQ-OAQYLSRUSA-N,10.1021/acsomega.2c03127,运行/运行/ATP-VSW/ATP-VSW-DOCK_HTVS_1-003_lib/ATP-VSW-DOCK_HTVS_1-003_lib.mae
ATP-HTVS-159CD8CCFA6D,50978,COc1cccc(F)c1C[NH2+]C[C@H]1c2ccccc2C(=O)N1Cc1ccccc1,O=C1c2ccccc2C(C[NH2+]Cc2ccccc2)N1Cc1ccccc1,-5.41069228280643,0.9142156862745098,0.23333333333333334,0.28735632183908044,WSA297,GXYVJEJKTGYEDL-UHFFFAOYSA-N,10.1021/acsomega.5c06380,运行/运行/ATP-VSW/ATP-VSW-DOCK_HTVS_1-002_lib.maegz
ATP-HTVS-159F0F821AF9,96098,C#Cc1ccccc1NC(=O)c1sc(Cl)cc1NCc1cccc(C[NH+](C)C)c1,O=C(Nc1ccccc1)c1sccc1NCc1ccccc1,-4.07684671932549,0.44975490196078427,0.18604651162790697,0.22077922077922077,compound 15 (Steed 2022),RIDDIWJTDCGXDH-NRFANRHFSA-N,10.1021/acsomega.2c03127,运行/运行/ATP-VSW/ATP-VSW-DOCK_HTVS_1-003_lib/ATP-VSW-DOCK_HTVS_1-003_lib.mae
ATP-HTVS-15A0030054C0,69441,C[NH+](C)Cc1ccc(CNc2cnc3ccccc3c2NC(=O)C#Cc2ccccc2)cc1,O=C(C#Cc1ccccc1)Nc1c(NCc2ccccc2)cnc2ccccc12,-4.26158179087582,0.517156862745098,0.23170731707317074,0.3333333333333333,compound 1 (Fraunfelter 2023),WIDVPHSBAXLSEU-LJQANCHMSA-N,10.1021/acsinfecdis.3c00317,运行/运行/ATP-VSW/ATP-VSW-DOCK_HTVS_1-001_lib/ATP-VSW-DOCK_HTVS_1-001_lib
ATP-HTVS-15F2A5DBBD51,68225,CC[N@H+](Cc1ccc(C[NH+](C)C)cc1)Cc1ccc(COc2ccc(Cl)c(C)c2)o1,c1ccc(C[NH2+]Cc2ccc(COc3ccccc3)o2)cc1,-5.75577483810029,0.9595588235294118,0.1590909090909091,0.2112676056338028,WSA296,HCBCVTVDQQQYPH-UHFFFAOYSA-N,10.1021/acsomega.5c06380,运行/运行/ATP-VSW/ATP-VSW-DOCK_HTVS_1-001_lib/ATP-VSW-DOCK_HTVS_1-001_lib
ATP-HTVS-15FA43506D9E,31298,CC[N@@H+](Cc1ccc(C[NH+](C)C)cc1)Cc1cn(Cc2ccccc2)nc1-c1cccnc1,c1ccc(C[NH2+]Cc2cn(Cc3ccccc3)nc2-c2cccnc2)cc1,-4.32346194669473,0.5422794117647058,0.2597402597402597,0.27631578947368424,WSA294,FPTVNOKSIHPUTA-UHFFFAOYSA-N,10.1021/acsomega.5c06380,运行/运行/ATP-VSW/ATP-VSW-DOCK_HTVS_1-002_lib.maegz
ATP-HTVS-16140744D8E5,56385,Cc1ccc(CN2C(=O)c3ccccc3N[C@H]2c2ccccc2I)cc1,O=C1c2ccccc2NC(c2ccccc2)N1Cc1ccccc1,-3.44500000443843,0.22242647058823528,0.17721518987341772,0.1728395061728395,WSA280,XQBWCRMKNUAPEC-UHFFFAOYSA-N,10.1021/acsomega.5c06380,运行/运行/ATP-VSW/ATP-VSW-DOCK_HTVS_1-001_lib/ATP-VSW-DOCK_HTVS_1-001_lib
ATP-HTVS-16316C23D1E4,71169,CC[NH+](CC)Cc1ccc(CNc2cnc3ccccc3c2NC(=O)CN(C)c2ccccc2)cc1,O=C(CNc1ccccc1)Nc1c(NCc2ccccc2)cnc2ccccc12,-3.9335371092757,0.39031862745098034,0.23076923076923078,0.26666666666666666,Ward2024 compound 1,DVUDEYVEBQKKMF-UHFFFAOYSA-N,10.1021/acsmedchemlett.3c00480,运行/运行/ATP-VSW/ATP-VSW-DOCK_HTVS_1-001_lib/ATP-VSW-DOCK_HTVS_1-001_lib
ATP-HTVS-167535894C2D,33218,CN(Cc1ccc(N)[nH+]c1)c1nc2ccccc2nc1NCCc1ccc(C[NH+](C)C)cc1,c1ccc(CCNc2nc3ccccc3nc2NCc2ccc[nH+]c2)cc1,-4.2337937922233,0.5018382352941176,0.22666666666666666,0.31343283582089554,Ward2024 compound 1,DVUDEYVEBQKKMF-UHFFFAOYSA-N,10.1021/acsmedchemlett.3c00480,运行/运行/ATP-VSW/ATP-VSW-DOCK_HTVS_1-002_lib.maegz
ATP-HTVS-169071BECF96,81441,Cc1cccc(Cl)c1C(=O)Nc1cnc2ccccc2c1N(CC#N)c1ccccc1,O=C(Nc1cnc2ccccc2c1Nc1ccccc1)c1ccccc1,-3.45555133972806,0.22487745098039214,0.2222222222222222,0.2222222222222222,Ward2024 compound 19,PXXYITLVUSHXPN-UHFFFAOYSA-N,10.1021/acsmedchemlett.3c00480,运行/运行/ATP-VSW/ATP-VSW-DOCK_HTVS_1-001_lib/ATP-VSW-DOCK_HTVS_1-001_lib
ATP-HTVS-16A35D40F1B5,38337,COC[C@H](Nc1nc(NCc2ccc(F)c(C[NH+](C)C)c2)nc2ccccc12)c1ccccc1,c1ccc(CNc2nc(NCc3ccccc3)c3ccccc3n2)cc1,-2.22015345546122,0.09313725490196079,0.26506024096385544,0.3150684931506849,compound 15 (Steed 2022),RIDDIWJTDCGXDH-NRFANRHFSA-N,10.1021/acsomega.2c03127,运行/运行/ATP-VSW/ATP-VSW-DOCK_HTVS_1-001_lib/ATP-VSW-DOCK_HTVS_1-001_lib
ATP-HTVS-16AC68300479,69859,CN(C(=O)c1sc2cc(F)ccc2c1NCc1ccc(C[NH+](C)C)cc1)c1cccc(O)c1,O=C(Nc1ccccc1)c1sc2ccccc2c1NCc1ccccc1,-3.75054118131307,0.31004901960784315,0.22093023255813954,0.28378378378378377,compound 1 (Fraunfelter 2023),WIDVPHSBAXLSEU-LJQANCHMSA-N,10.1021/acsinfecdis.3c00317,运行/运行/ATP-VSW/ATP-VSW-DOCK_HTVS_1-003_lib/ATP-VSW-DOCK_HTVS_1-003_lib.mae
ATP-HTVS-16D62B7C6E45,82339,C[NH+](C)Cc1ccc(Nc2nc(CO)ccc2OCc2ccccc2)cc1,c1ccc(COc2cccnc2Nc2ccccc2)cc1,-4.29624229911156,0.5294117647058824,0.2676056338028169,0.2916666666666667,compound 8 (Steed 2022),ROJPDORYZONAPF-UHFFFAOYSA-N,10.1021/acsomega.2c03127,运行/运行/ATP-VSW/ATP-VSW-DOCK_HTVS_1-003_lib/ATP-VSW-DOCK_HTVS_1-003_lib.mae
ATP-HTVS-16D892EEAEA4,74883,C[NH+](C)Cc1ccccc1C(=O)Nc1c[nH+]c2ccccc2c1NCCSc1ccccc1,O=C(Nc1c[nH+]c2ccccc2c1NCCSc1ccccc1)c1ccccc1,-4.95125760465499,0.8082107843137255,0.1744186046511628,0.24050632911392406,compound 17 (Steed 2022),HXWNUGNSPIOUKJ-HNNXBMFYSA-N,10.1021/acsomega.2c03127,运行/运行/ATP-VSW/ATP-VSW-DOCK_HTVS_1-003_lib/ATP-VSW-DOCK_HTVS_1-003_lib.mae
ATP-HTVS-1714ADEB4D31,82945,C[C@H](NCC#Cc1c(NC(=O)c2ccccc2O)cnc2ccccc12)c1ccc(F)cc1,O=C(Nc1cnc2ccccc2c1C#CCNCc1ccccc1)c1ccccc1,-3.77942895653008,0.3265931372549019,0.24096385542168675,0.25,compound 15 (Steed 2022),RIDDIWJTDCGXDH-NRFANRHFSA-N,10.1021/acsomega.2c03127,运行/运行/ATP-VSW/ATP-VSW-DOCK_HTVS_1-001_lib/ATP-VSW-DOCK_HTVS_1-001_lib
ATP-HTVS-17511F2B790B,26499,C[NH+](C)Cc1ccc(CCNc2nc(NCc3ccc(N)cc3Cl)[nH+]c3ccccc23)cc1,c1ccc(CCNc2nc(NCc3ccccc3)[nH+]c3ccccc23)cc1,-3.92368364209873,0.383578431372549,0.20930232558139536,0.34285714285714286,WSA250,SSOJQSHUAQGPLD-UHFFFAOYSA-N,10.1002/cmdc.202400952,运行/运行/ATP-VSW/ATP-VSW-DOCK_HTVS_1-003_lib/ATP-VSW-DOCK_HTVS_1-003_lib.mae
ATP-HTVS-1776C87C4427,90243,C[NH+](C)Cc1ccc(CNc2cc(NC(=O)C#Cc3ccccc3)ncc2F)cc1,O=C(C#Cc1ccccc1)Nc1cc(NCc2ccccc2)ccn1,-4.07652503564157,0.44914215686274506,0.24175824175824176,0.3333333333333333,WSA297,GXYVJEJKTGYEDL-UHFFFAOYSA-N,10.1021/acsomega.5c06380,运行/运行/ATP-VSW/ATP-VSW-DOCK_HTVS_1-003_lib/ATP-VSW-DOCK_HTVS_1-003_lib.mae
ATP-HTVS-17940C77D749,73155,C#C[C@H](c1ccccc1Cl)N1CC(=O)Nc2ccccc2[C@H]1c1ccccc1,O=C1CN(Cc2ccccc2)C(c2ccccc2)c2ccccc2N1,-1.41615362191532,0.02757352941176472,0.1511627906976744,0.1511627906976744,WSA298,IZWVLJVCXHHUOO-UHFFFAOYSA-N,10.1021/acsomega.5c06380,运行/运行/ATP-VSW/ATP-VSW-DOCK_HTVS_1-003_lib/ATP-VSW-DOCK_HTVS_1-003_lib.mae
ATP-HTVS-17A38785E483,22881,O=C1c2ccccc2[C@@H](C[NH2+]Cc2ccc(CCF)cc2)N1Cc1ccccc1,O=C1c2ccccc2C(C[NH2+]Cc2ccccc2)N1Cc1ccccc1,-4.82600227547684,0.7622549019607843,0.18292682926829268,0.24358974358974358,WSA298,IZWVLJVCXHHUOO-UHFFFAOYSA-N,10.1021/acsomega.5c06380,运行/运行/ATP-VSW/ATP-VSW-DOCK_HTVS_1-001_lib/ATP-VSW-DOCK_HTVS_1-001_lib
ATP-HTVS-17C024B1EE7E,46369,O[C@H](CNc1nc(-c2ccc(Br)cc2)nc2ccccc12)c1ccccc1F,c1ccc(CCNc2nc(-c3ccccc3)nc3ccccc23)cc1,-3.63222262321622,0.27083333333333337,0.21686746987951808,0.20238095238095238,compound 19 (Steed 2022),DHQKBEDPXLHXAJ-OAQYLSRUSA-N,10.1021/acsomega.2c03127,运行/运行/ATP-VSW/ATP-VSW-DOCK_HTVS_1-001_lib/ATP-VSW-DOCK_HTVS_1-001_lib
ATP-HTVS-17D20C07D7F4,84579,CN(Cc1sc2ccccc2c1C#C[C@@H](N)Cc1cccc(F)c1)C(=O)c1ccc(O)cc1,O=C(NCc1sc2ccccc2c1C#CCCc1ccccc1)c1ccccc1,-3.57264819833477,0.2542892156862745,0.25287356321839083,0.2413793103448276,compound 1 (Fraunfelter 2023),WIDVPHSBAXLSEU-LJQANCHMSA-N,10.1021/acsinfecdis.3c00317,运行/运行/ATP-VSW/ATP-VSW-DOCK_HTVS_1-003_lib/ATP-VSW-DOCK_HTVS_1-003_lib.mae
ATP-HTVS-17FF806DFA04,81121,COC(=O)c1cccc(C(=O)Nc2c[nH+]c3ccccc3c2NCc2ccc(C[NH+](C)C)cc2)c1F,O=C(Nc1c[nH+]c2ccccc2c1NCc1ccccc1)c1ccccc1,-4.53086050427011,0.642156862745098,0.19767441860465115,0.30666666666666664,compound 8 (Steed 2022),ROJPDORYZONAPF-UHFFFAOYSA-N,10.1021/acsomega.2c03127,运行/运行/ATP-VSW/ATP-VSW-DOCK_HTVS_1-001_lib/ATP-VSW-DOCK_HTVS_1-001_lib
ATP-HTVS-18044BD9974D,64643,C[NH+](C)Cc1ccc(CCNc2nc(NCc3ccc4c(c3)OCO4)[nH+]c3ccccc23)cc1,c1ccc(CCNc2nc(NCc3ccc4c(c3)OCO4)[nH+]c3ccccc23)cc1,-4.02113095192044,0.4276960784313726,0.22727272727272727,0.35294117647058826,WSA236,CJWSCOKTAUPKHM-UHFFFAOYSA-N,10.1002/cmdc.202400952,运行/运行/ATP-VSW/ATP-VSW-DOCK_HTVS_1-003_lib/ATP-VSW-DOCK_HTVS_1-003_lib.mae
ATP-HTVS-1817E5512E7A,88034,CCCc1ccc(C(=O)Nc2ncc(NCc3ccc(NCCO)cc3)c3ccccc23)cc1,O=C(Nc1ncc(NCc2ccccc2)c2ccccc12)c1ccccc1,-3.67639043964646,0.2818627450980392,0.225,0.225,compound 8 (Steed 2022),ROJPDORYZONAPF-UHFFFAOYSA-N,10.1021/acsomega.2c03127,运行/运行/ATP-VSW/ATP-VSW-DOCK_HTVS_1-002_lib.maegz
ATP-HTVS-18265C9EB86B,7299,C[NH+](C)Cc1cc(CNc2ncccc2OCc2ccccc2)ccc1O,c1ccc(CNc2ncccc2OCc2ccccc2)cc1,-4.85844997584357,0.7714460784313726,0.28,0.3013698630136986,compound 15 (Steed 2022),RIDDIWJTDCGXDH-NRFANRHFSA-N,10.1021/acsomega.2c03127,运行/运行/ATP-VSW/ATP-VSW-DOCK_HTVS_1-003_lib/ATP-VSW-DOCK_HTVS_1-003_lib.mae
ATP-HTVS-185EDA97C211,76994,CC(=O)[C@H](Nc1cnc(NC(=O)c2ccccc2C[NH+](C)C)c2ccccc12)c1ccccc1,O=C(Nc1ncc(NCc2ccccc2)c2ccccc12)c1ccccc1,-4.88499758951559,0.7824754901960784,0.2222222222222222,0.21794871794871795,compound 15 (Steed 2022),RIDDIWJTDCGXDH-NRFANRHFSA-N,10.1021/acsomega.2c03127,运行/运行/ATP-VSW/ATP-VSW-DOCK_HTVS_1-002_lib.maegz
ATP-HTVS-18A7589C7FB7,94049,C[C@H]([NH2+]CC#Cc1cnc2ccccc2c1NC(=O)Cc1ccc(C#N)c(Cl)c1)c1cccc(F)c1,O=C(Cc1ccccc1)Nc1c(C#CC[NH2+]Cc2ccccc2)cnc2ccccc12,-4.66481018694111,0.7009803921568627,0.22916666666666666,0.23655913978494625,compound 15 (Steed 2022),RIDDIWJTDCGXDH-NRFANRHFSA-N,10.1021/acsomega.2c03127,运行/运行/ATP-VSW/ATP-VSW-DOCK_HTVS_1-001_lib/ATP-VSW-DOCK_HTVS_1-001_lib
ATP-HTVS-18AAC668D3EC,81058,N#CCN(c1ccccc1)c1cnc2ccccc2c1NC(=O)c1cccc(F)c1,O=C(Nc1c(Nc2ccccc2)cnc2ccccc12)c1ccccc1,-3.28459744012558,0.19056372549019607,0.22988505747126436,0.21951219512195122,compound 19 (Steed 2022),DHQKBEDPXLHXAJ-OAQYLSRUSA-N,10.1021/acsomega.2c03127,运行/运行/ATP-VSW/ATP-VSW-DOCK_HTVS_1-002_lib.maegz
ATP-HTVS-18CFABF6753A,53793,CN(CC(=O)NCc1ccccc1)c1nc(NCc2cccc(C[NH+](C)C)c2)c2ccccc2[nH+]1,O=C(CNc1nc(NCc2ccccc2)c2ccccc2[nH+]1)NCc1ccccc1,-4.48878660048069,0.6207107843137255,0.225,0.3235294117647059,Ward2024 compound 6,LKLACXNGVWXYAW-UHFFFAOYSA-N,10.1021/acsmedchemlett.3c00480,运行/运行/ATP-VSW/ATP-VSW-DOCK_HTVS_1-001_lib/ATP-VSW-DOCK_HTVS_1-001_lib
ATP-HTVS-18FDFF56F821,38785,C[NH+](C)Cc1cccc(CNc2nc(NCc3ccc(N)c(Cl)c3)c3ccccc3[nH+]2)c1,c1ccc(CNc2nc(NCc3ccccc3)c3ccccc3[nH+]2)cc1,-3.54183362214925,0.24632352941176472,0.19047619047619047,0.3235294117647059,WSA249,YEMLSUARMQTHJO-UHFFFAOYSA-N,10.1002/cmdc.202400952,运行/运行/ATP-VSW/ATP-VSW-DOCK_HTVS_1-001_lib/ATP-VSW-DOCK_HTVS_1-001_lib
ATP-HTVS-190A8EA9B17C,31297,C[C@H]([NH2+][C@H](C)c1nc(-c2ccc(F)c(Cl)c2)cs1)c1cccc(C[NH+](C)C)c1,c1ccc(C[NH2+]Cc2nc(-c3ccccc3)cs2)cc1,-5.31774251887787,0.8982843137254902,0.17346938775510204,0.23684210526315788,WSA297,GXYVJEJKTGYEDL-UHFFFAOYSA-N,10.1021/acsomega.5c06380,运行/运行/ATP-VSW/ATP-VSW-DOCK_HTVS_1-001_lib/ATP-VSW-DOCK_HTVS_1-001_lib
ATP-HTVS-1928ECDAF189,20003,CN(Cc1ccccc1)C(=O)c1c(C(=O)NCc2ccc(C[NH+](C)C)cc2)nn2ccccc12,O=C(NCc1ccccc1)c1nn2ccccc2c1C(=O)NCc1ccccc1,-3.73769009275821,0.30575980392156865,0.22666666666666666,0.29411764705882354,Ward2024 compound 1,DVUDEYVEBQKKMF-UHFFFAOYSA-N,10.1021/acsmedchemlett.3c00480,运行/运行/ATP-VSW/ATP-VSW-DOCK_HTVS_1-003_lib/ATP-VSW-DOCK_HTVS_1-003_lib.mae
ATP-HTVS-193F5213E1F4,63266,Cc1ccc2nc(-c3ccc(F)cc3)c(C[NH2+]Cc3ccc(F)cc3C[NH+](C)C)n2c1,c1ccc(C[NH2+]Cc2c(-c3ccccc3)nc3ccccn23)cc1,-5.4077521026514,0.9123774509803921,0.19540229885057472,0.3283582089552239,WSA298,IZWVLJVCXHHUOO-UHFFFAOYSA-N,10.1021/acsomega.5c06380,运行/运行/ATP-VSW/ATP-VSW-DOCK_HTVS_1-002_lib.maegz
ATP-HTVS-1940D4055FE9,82787,C[C@@H](NCC#C[C@H](NCC(=O)c1ccccc1)c1cc2ccccc2s1)c1cccc(F)c1,O=C(CNC(C#CCNCc1ccccc1)c1cc2ccccc2s1)c1ccccc1,-4.81153592350679,0.7604166666666666,0.23809523809523808,0.21176470588235294,compound 15 (Steed 2022),RIDDIWJTDCGXDH-NRFANRHFSA-N,10.1021/acsomega.2c03127,运行/运行/ATP-VSW/ATP-VSW-DOCK_HTVS_1-003_lib/ATP-VSW-DOCK_HTVS_1-003_lib.mae
ATP-HTVS-1952D56C5A08,95489,C[NH+](C)Cc1ccccc1C(=O)Nc1ncc(NCc2ccc(NCCO)cc2)c2ccccc12,O=C(Nc1ncc(NCc2ccccc2)c2ccccc12)c1ccccc1,-3.49607907335307,0.2322303921568627,0.2375,0.25,compound 8 (Steed 2022),ROJPDORYZONAPF-UHFFFAOYSA-N,10.1021/acsomega.2c03127,运行/运行/ATP-VSW/ATP-VSW-DOCK_HTVS_1-001_lib/ATP-VSW-DOCK_HTVS_1-001_lib
ATP-HTVS-196468D2BF96,87299,C[C@@H]([NH2+]CC#Cc1c(NC(=O)Cc2ccc(C#N)cc2)cnc2ccccc12)c1ccc(F)cc1,O=C(Cc1ccccc1)Nc1cnc2ccccc2c1C#CC[NH2+]Cc1ccccc1,-4.75946844775766,0.7420343137254901,0.23333333333333334,0.2558139534883721,compound 15 (Steed 2022),RIDDIWJTDCGXDH-NRFANRHFSA-N,10.1021/acsomega.2c03127,运行/运行/ATP-VSW/ATP-VSW-DOCK_HTVS_1-003_lib/ATP-VSW-DOCK_HTVS_1-003_lib.mae
ATP-HTVS-19D22C817A74,93507,Cc1c([C@H](C#Cc2ccc(C(=O)[O-])cc2)[NH2+]Cc2ccc(C[NH+](C)C)cc2)sc2ccccc12,C(#CC([NH2+]Cc1ccccc1)c1cc2ccccc2s1)c1ccccc1,-4.63545781705695,0.6893382352941176,0.16666666666666666,0.2631578947368421,compound 1 (Fraunfelter 2023),WIDVPHSBAXLSEU-LJQANCHMSA-N,10.1021/acsinfecdis.3c00317,运行/运行/ATP-VSW/ATP-VSW-DOCK_HTVS_1-003_lib/ATP-VSW-DOCK_HTVS_1-003_lib.mae
ATP-HTVS-19D9965850C9,38370,C[NH+](C)Cc1ccccc1CNc1nc(NCc2ccccc2CO)c2ccccc2[nH+]1,c1ccc(CNc2nc(NCc3ccccc3)c3ccccc3[nH+]2)cc1,-4.34190893737063,0.5508578431372548,0.20833333333333334,0.3114754098360656,compound 8 (Steed 2022),ROJPDORYZONAPF-UHFFFAOYSA-N,10.1021/acsomega.2c03127,运行/运行/ATP-VSW/ATP-VSW-DOCK_HTVS_1-002_lib.maegz
ATP-HTVS-19DB56372FFA,71203,C[NH+](C)Cc1ccc(CNc2c[nH+]c(NC(=O)Cc3cccc(C#N)c3)c3ccccc23)cc1,O=C(Cc1ccccc1)Nc1[nH+]cc(NCc2ccccc2)c2ccccc12,-4.98827267664352,0.8180147058823529,0.20238095238095238,0.2972972972972973,compound 8 (Steed 2022),ROJPDORYZONAPF-UHFFFAOYSA-N,10.1021/acsomega.2c03127,运行/运行/ATP-VSW/ATP-VSW-DOCK_HTVS_1-003_lib/ATP-VSW-DOCK_HTVS_1-003_lib.mae
ATP-HTVS-19E5DD3F936E,48931,CC(C)[NH2+]c1cccc(CNc2nc(N[C@@H](C)c3cccc(C#N)c3)c3ccccc3[nH+]2)c1,c1ccc(CNc2nc(NCc3ccccc3)c3ccccc3[nH+]2)cc1,-3.53201472588921,0.24264705882352944,0.23255813953488372,0.24096385542168675,compound 15 (Steed 2022),RIDDIWJTDCGXDH-NRFANRHFSA-N,10.1021/acsomega.2c03127,运行/运行/ATP-VSW/ATP-VSW-DOCK_HTVS_1-003_lib/ATP-VSW-DOCK_HTVS_1-003_lib.mae
ATP-HTVS-19E7C62EA548,27651,COc1ccccc1OCc1ccc(C[NH2+]Cc2ccc(F)cc2C[NH+](C)C)o1,c1ccc(C[NH2+]Cc2ccc(COc3ccccc3)o2)cc1,-5.5831877775816,0.9325980392156863,0.2,0.2926829268292683,WSA297,GXYVJEJKTGYEDL-UHFFFAOYSA-N,10.1021/acsomega.5c06380,运行/运行/ATP-VSW/ATP-VSW-DOCK_HTVS_1-003_lib/ATP-VSW-DOCK_HTVS_1-003_lib.mae
ATP-HTVS-1A821EC4699A,87905,C[NH+](C)Cc1cccc(CNc2cccnc2C(=O)N(CC#N)Cc2ccc(F)cc2)c1,O=C(NCc1ccccc1)c1ncccc1NCc1ccccc1,-3.94813074125732,0.397671568627451,0.1927710843373494,0.2597402597402597,Ward2024 compound 1,DVUDEYVEBQKKMF-UHFFFAOYSA-N,10.1021/acsmedchemlett.3c00480,运行/运行/ATP-VSW/ATP-VSW-DOCK_HTVS_1-001_lib/ATP-VSW-DOCK_HTVS_1-001_lib
ATP-HTVS-1A8854DD1E1A,4003,Cc1nc2ccccc2c(NC[C@H](O)c2cccc(Cl)c2)c1C(=O)Nc1ccccc1,O=C(Nc1ccccc1)c1cnc2ccccc2c1NCCc1ccccc1,-1.4760904096421,0.03308823529411764,0.2564102564102564,0.2564102564102564,compound 8 (Steed 2022),ROJPDORYZONAPF-UHFFFAOYSA-N,10.1021/acsomega.2c03127,运行/运行/ATP-VSW/ATP-VSW-DOCK_HTVS_1-003_lib/ATP-VSW-DOCK_HTVS_1-003_lib.mae
ATP-HTVS-1AA1BAAE4A01,84386,CC[NH+](CC)Cc1ccc(CNc2c(NC(=O)c3ccc(C#N)c(F)c3)c[nH+]c3ccccc23)cc1,O=C(Nc1c[nH+]c2ccccc2c1NCc1ccccc1)c1ccccc1,-4.60521932510959,0.678921568627451,0.18085106382978725,0.24390243902439024,compound 1 (Fraunfelter 2023),WIDVPHSBAXLSEU-LJQANCHMSA-N,10.1021/acsinfecdis.3c00317,运行/运行/ATP-VSW/ATP-VSW-DOCK_HTVS_1-002_lib.maegz
ATP-HTVS-1ACF073F315C,44323,O=C([O-])CCCc1ccc(C[NH2+]Cc2cn(Cc3ccccc3)nc2-c2ccc(Cl)cc2)cc1,c1ccc(C[NH2+]Cc2cn(Cc3ccccc3)nc2-c2ccccc2)cc1,-5.67982151086328,0.9479166666666666,0.23255813953488372,0.33783783783783783,WSA298,IZWVLJVCXHHUOO-UHFFFAOYSA-N,10.1021/acsomega.5c06380,运行/运行/ATP-VSW/ATP-VSW-DOCK_HTVS_1-003_lib/ATP-VSW-DOCK_HTVS_1-003_lib.mae
ATP-HTVS-1AEE198E3D8C,1538,Cc1ccc([C@H](O)CNc2cc(N(C)Cc3ccccc3)nc(Nc3ccccc3O)[nH+]2)cc1,c1ccc(CCNc2cc(NCc3ccccc3)nc(Nc3ccccc3)[nH+]2)cc1,-4.57250055963347,0.6636029411764706,0.20987654320987653,0.21428571428571427,Ward2024 compound 6,LKLACXNGVWXYAW-UHFFFAOYSA-N,10.1021/acsmedchemlett.3c00480,运行/运行/ATP-VSW/ATP-VSW-DOCK_HTVS_1-002_lib.maegz
ATP-HTVS-1B05407455E5,40642,COc1ccc(-c2nc(C)c([C@@H](C)[NH2+]CCc3ccc(C[NH+](C)C)cc3)s2)cc1,c1ccc(CC[NH2+]Cc2cnc(-c3ccccc3)s2)cc1,-4.53372223897668,0.6452205882352942,0.20238095238095238,0.25,WSA278,JWHCVPMRQDOIHA-UHFFFAOYSA-N,10.1021/acsomega.5c06380,运行/运行/ATP-VSW/ATP-VSW-DOCK_HTVS_1-002_lib.maegz
ATP-HTVS-1B1248DF0721,71426,C[NH+](C)Cc1ccc(CNc2cc3ccccc3nc2NC(=O)[C@H](C#N)Cc2ccccc2)cc1,O=C(CCc1ccccc1)Nc1nc2ccccc2cc1NCc1ccccc1,-4.03567341540009,0.4325980392156863,0.31645569620253167,0.39705882352941174,compound 1 (Fraunfelter 2023),WIDVPHSBAXLSEU-LJQANCHMSA-N,10.1021/acsinfecdis.3c00317,运行/运行/ATP-VSW/ATP-VSW-DOCK_HTVS_1-002_lib.maegz
ATP-HTVS-1B366D2FDBBA,81123,COC(=O)c1ccc(F)cc1C(=O)Nc1c(NCc2cccc(C[NH+](C)C)c2)c[nH+]c2ccccc12,O=C(Nc1c(NCc2ccccc2)c[nH+]c2ccccc12)c1ccccc1,-3.7617370020744,0.31556372549019607,0.18888888888888888,0.25925925925925924,compound 8 (Steed 2022),ROJPDORYZONAPF-UHFFFAOYSA-N,10.1021/acsomega.2c03127,运行/运行/ATP-VSW/ATP-VSW-DOCK_HTVS_1-003_lib/ATP-VSW-DOCK_HTVS_1-003_lib.mae
ATP-HTVS-1B509C27CE75,60833,C[C@@H](Nc1nc2ccccc2nc1NCCc1ccc(CN(C)C)cc1)c1cncc(F)c1,c1ccc(CCNc2nc3ccccc3nc2NCc2cccnc2)cc1,-2.95866885265271,0.1519607843137255,0.3382352941176471,0.3333333333333333,Ward2024 compound 1,DVUDEYVEBQKKMF-UHFFFAOYSA-N,10.1021/acsmedchemlett.3c00480,运行/运行/ATP-VSW/ATP-VSW-DOCK_HTVS_1-001_lib/ATP-VSW-DOCK_HTVS_1-001_lib
ATP-HTVS-1B60B6D0433D,66017,C[NH+](C)Cc1cc(CNc2nc(NCc3ccc([N+](=O)[O-])cc3)[nH+]c3ccccc23)ccc1F,c1ccc(CNc2nc(NCc3ccccc3)c3ccccc3[nH+]2)cc1,-3.8549943186462,0.35968137254901966,0.2125,0.34782608695652173,Ward2024 compound 1,DVUDEYVEBQKKMF-UHFFFAOYSA-N,10.1021/acsmedchemlett.3c00480,运行/运行/ATP-VSW/ATP-VSW-DOCK_HTVS_1-001_lib/ATP-VSW-DOCK_HTVS_1-001_lib
ATP-HTVS-1B84D304C2ED,89921,Cc1nc(F)c(C(=O)Nc2cccc(C[NH+](C)C)c2)cc1N(CC#N)c1ccccc1,O=C(Nc1ccccc1)c1cncc(Nc2ccccc2)c1,-4.5155421637591,0.6366421568627452,0.21686746987951808,0.2631578947368421,compound 8 (Steed 2022),ROJPDORYZONAPF-UHFFFAOYSA-N,10.1021/acsomega.2c03127,运行/运行/ATP-VSW/ATP-VSW-DOCK_HTVS_1-001_lib/ATP-VSW-DOCK_HTVS_1-001_lib
ATP-HTVS-1B9CB386F0F9,22755,Cc1ccccc1[C@H](C)NC[C@H]1c2ccccc2C(=O)N1Cc1ccccc1,O=C1c2ccccc2C(CNCc2ccccc2)N1Cc1ccccc1,-2.1833100640541,0.0894607843137255,0.21052631578947367,0.24,compound 15 (Steed 2022),RIDDIWJTDCGXDH-NRFANRHFSA-N,10.1021/acsomega.2c03127,运行/运行/ATP-VSW/ATP-VSW-DOCK_HTVS_1-003_lib/ATP-VSW-DOCK_HTVS_1-003_lib.mae
ATP-HTVS-1C066C79A7D0,44515,COc1cc(C[NH2+]C[C@@H](C[NH+](C)C)c2ccccc2)cc(O)c1OCc1ccccc1,c1ccc(CC[NH2+]Cc2ccc(OCc3ccccc3)cc2)cc1,-3.68331279187064,0.2861519607843137,0.2564102564102564,0.27586206896551724,compound 15 (Steed 2022),RIDDIWJTDCGXDH-NRFANRHFSA-N,10.1021/acsomega.2c03127,运行/运行/ATP-VSW/ATP-VSW-DOCK_HTVS_1-003_lib/ATP-VSW-DOCK_HTVS_1-003_lib.mae
ATP-HTVS-1C1B7F9BB8FF,77346,CN(C(=O)c1sccc1NCc1ccc(C[NH+](C)C)cc1)c1ccc(O)cc1,O=C(Nc1ccccc1)c1sccc1NCc1ccccc1,-4.60996629174081,0.6825980392156863,0.2702702702702703,0.296875,compound 1 (Fraunfelter 2023),WIDVPHSBAXLSEU-LJQANCHMSA-N,10.1021/acsinfecdis.3c00317,运行/运行/ATP-VSW/ATP-VSW-DOCK_HTVS_1-002_lib.maegz
ATP-HTVS-1C463A9823EA,77731,CN(CC(=O)N(C)c1ccccc1)c1c(NC(=O)c2ccc(C[NH+](C)C)cc2)c[nH+]c2ccccc12,O=C(CNc1c(NC(=O)c2ccccc2)c[nH+]c2ccccc12)Nc1ccccc1,-4.36776645444333,0.5655637254901961,0.1927710843373494,0.30985915492957744,compound 8 (Steed 2022),ROJPDORYZONAPF-UHFFFAOYSA-N,10.1021/acsomega.2c03127,运行/运行/ATP-VSW/ATP-VSW-DOCK_HTVS_1-003_lib/ATP-VSW-DOCK_HTVS_1-003_lib.mae
ATP-HTVS-1C4EC58A3066,92899,N#C[C@H](Cc1ccccc1)Nc1c(NC(=O)c2ccccc2)c[nH+]c2ccccc12,O=C(Nc1c[nH+]c2ccccc2c1NCCc1ccccc1)c1ccccc1,-4.57375810894154,0.6654411764705883,0.18823529411764706,0.23076923076923078,compound 18 (Steed 2022),DCLANSSFVIGXHQ-OAQYLSRUSA-N,10.1021/acsomega.2c03127,运行/运行/ATP-VSW/ATP-VSW-DOCK_HTVS_1-003_lib/ATP-VSW-DOCK_HTVS_1-003_lib.mae
ATP-HTVS-1C71F28794EF,86081,CC(C)(C(=O)Nc1cnc2ccccc2c1N(C#N)c1ccccc1)c1ccc(Cl)cc1,O=C(Cc1ccccc1)Nc1cnc2ccccc2c1Nc1ccccc1,-3.31265923241522,0.19424019607843135,0.19753086419753085,0.19753086419753085,Ward2024 compound 19,PXXYITLVUSHXPN-UHFFFAOYSA-N,10.1021/acsmedchemlett.3c00480,运行/运行/ATP-VSW/ATP-VSW-DOCK_HTVS_1-001_lib/ATP-VSW-DOCK_HTVS_1-001_lib
ATP-HTVS-1C9D0B7FE190,98594,COc1ccc([C@H](C)n2c(-c3ccccc3)cc(=O)c3cc(F)ccc32)c(C[NH+](C)C)c1,O=c1cc(-c2ccccc2)n(Cc2ccccc2)c2ccccc12,-3.95778110112639,0.4019607843137255,0.23076923076923078,0.24719101123595505,WSA296,HCBCVTVDQQQYPH-UHFFFAOYSA-N,10.1021/acsomega.5c06380,运行/运行/ATP-VSW/ATP-VSW-DOCK_HTVS_1-003_lib/ATP-VSW-DOCK_HTVS_1-003_lib.mae
ATP-HTVS-1CAAE7675504,51651,CC[N@@H+](C)Cc1cccc(CNc2nc(NCc3ccc(F)cc3N)c3ccccc3[nH+]2)c1,c1ccc(CNc2nc(NCc3ccccc3)c3ccccc3[nH+]2)cc1,-4.60608640578991,0.6795343137254901,0.2087912087912088,0.2727272727272727,WSA236,CJWSCOKTAUPKHM-UHFFFAOYSA-N,10.1002/cmdc.202400952,运行/运行/ATP-VSW/ATP-VSW-DOCK_HTVS_1-003_lib/ATP-VSW-DOCK_HTVS_1-003_lib.mae
ATP-HTVS-1CF603621065,85794,Cc1ccc([C@@H](C#N)Nc2nc3ccccc3cc2C(=O)Nc2ccccc2)cc1,O=C(Nc1ccccc1)c1cc2ccccc2nc1NCc1ccccc1,-3.42917628372208,0.21629901960784315,0.2876712328767123,0.2876712328767123,compound 8 (Steed 2022),ROJPDORYZONAPF-UHFFFAOYSA-N,10.1021/acsomega.2c03127,运行/运行/ATP-VSW/ATP-VSW-DOCK_HTVS_1-002_lib.maegz
ATP-HTVS-1D0FF5192E4C,80545,COC(=O)Nc1cccc(C(=O)Nc2c[nH+]c3ccccc3c2NCc2cccc(C[NH+](C)C)c2)c1,O=C(Nc1c[nH+]c2ccccc2c1NCc1ccccc1)c1ccccc1,-5.16069768672787,0.8707107843137255,0.23529411764705882,0.26506024096385544,compound 8 (Steed 2022),ROJPDORYZONAPF-UHFFFAOYSA-N,10.1021/acsomega.2c03127,运行/运行/ATP-VSW/ATP-VSW-DOCK_HTVS_1-001_lib/ATP-VSW-DOCK_HTVS_1-001_lib
ATP-HTVS-1D1DA7871618,20226,C[NH+](C)Cc1cccc(-c2cc(C(=O)N(CCO)Cc3ccccc3)c3ccccc3n2)c1,O=C(NCc1ccccc1)c1cc(-c2ccccc2)nc2ccccc12,-3.67743152136295,0.2824754901960784,0.2345679012345679,0.30434782608695654,compound 15 (Steed 2022),RIDDIWJTDCGXDH-NRFANRHFSA-N,10.1021/acsomega.2c03127,运行/运行/ATP-VSW/ATP-VSW-DOCK_HTVS_1-002_lib.maegz
ATP-HTVS-1D28793FB59B,57954,Clc1cccc([C@@H](C[NH2+]Cc2cn(-c3ccccc3)nc2-c2cccnc2)N2CCCC2)c1,c1ccc(C(C[NH2+]Cc2cn(-c3ccccc3)nc2-c2cccnc2)N2CCCC2)cc1,-3.73559927193115,0.3033088235294118,0.2413793103448276,0.325,WSA294,FPTVNOKSIHPUTA-UHFFFAOYSA-N,10.1021/acsomega.5c06380,运行/运行/ATP-VSW/ATP-VSW-DOCK_HTVS_1-002_lib.maegz
ATP-HTVS-1D3C11D6B0D4,95330,N#Cc1cc(C(=O)Nc2c(C#CC[NH2+]Cc3ccccc3)cnc3ccccc23)ccc1Cl,O=C(Nc1c(C#CC[NH2+]Cc2ccccc2)cnc2ccccc12)c1ccccc1,-5.87800754081715,0.9681372549019608,0.20430107526881722,0.23255813953488372,compound 18 (Steed 2022),DCLANSSFVIGXHQ-OAQYLSRUSA-N,10.1021/acsomega.2c03127,运行/运行/ATP-VSW/ATP-VSW-DOCK_HTVS_1-003_lib/ATP-VSW-DOCK_HTVS_1-003_lib.mae
ATP-HTVS-1DC16EDC7F4D,32451,C[NH+](C)Cc1ccccc1C[NH2+]Cc1c(-c2ccc(F)cc2)nc2ccc(F)cn12,c1ccc(C[NH2+]Cc2c(-c3ccccc3)nc3ccccn23)cc1,-5.49655662372381,0.9227941176470589,0.20481927710843373,0.36507936507936506,WSA298,IZWVLJVCXHHUOO-UHFFFAOYSA-N,10.1021/acsomega.5c06380,运行/运行/ATP-VSW/ATP-VSW-DOCK_HTVS_1-003_lib/ATP-VSW-DOCK_HTVS_1-003_lib.mae
ATP-HTVS-1DC6D2F4A05D,67233,C[NH+](C)Cc1cc(F)ccc1CNc1nc(NCc2ccc(CO)cc2F)c2ccccc2[nH+]1,c1ccc(CNc2nc(NCc3ccccc3)c3ccccc3[nH+]2)cc1,-3.9843455195567,0.4111519607843137,0.23170731707317074,0.32857142857142857,compound 8 (Steed 2022),ROJPDORYZONAPF-UHFFFAOYSA-N,10.1021/acsomega.2c03127,运行/运行/ATP-VSW/ATP-VSW-DOCK_HTVS_1-001_lib/ATP-VSW-DOCK_HTVS_1-001_lib
ATP-HTVS-1DD46A13AEBB,58369,O=C1c2ccccc2N[C@H](c2ccccc2Cl)N1Cc1ccccc1,O=C1c2ccccc2NC(c2ccccc2)N1Cc1ccccc1,-3.75454992945662,0.3125,0.2,0.18666666666666668,WSA298,IZWVLJVCXHHUOO-UHFFFAOYSA-N,10.1021/acsomega.5c06380,运行/运行/ATP-VSW/ATP-VSW-DOCK_HTVS_1-001_lib/ATP-VSW-DOCK_HTVS_1-001_lib
ATP-HTVS-1E20B63FDE5F,82850,C[NH+](C)Cc1cccc(CNc2cnc3ccccc3c2NC(=O)Cc2ncccc2Cl)c1,O=C(Cc1ccccn1)Nc1c(NCc2ccccc2)cnc2ccccc12,-4.03302644202815,0.43137254901960786,0.24175824175824176,0.26582278481012656,compound 18 (Steed 2022),DCLANSSFVIGXHQ-OAQYLSRUSA-N,10.1021/acsomega.2c03127,运行/运行/ATP-VSW/ATP-VSW-DOCK_HTVS_1-002_lib.maegz
ATP-HTVS-1E475A4B97CE,20387,C[NH+](C)Cc1ccc(-c2cc(C(=O)N(CCO)Cc3ccccc3)c3ccccc3n2)cc1F,O=C(NCc1ccccc1)c1cc(-c2ccccc2)nc2ccccc12,-4.27826615907258,0.5232843137254901,0.24358974358974358,0.3013698630136986,Ward2024 compound 1,DVUDEYVEBQKKMF-UHFFFAOYSA-N,10.1021/acsmedchemlett.3c00480,运行/运行/ATP-VSW/ATP-VSW-DOCK_HTVS_1-003_lib/ATP-VSW-DOCK_HTVS_1-003_lib.mae
ATP-HTVS-1E5A6A308B25,86881,CN(C(=O)c1ccccc1F)c1ccncc1NCc1ccc(C[NH+](C)C)cc1,O=C(Nc1ccncc1NCc1ccccc1)c1ccccc1,-3.79637454853526,0.335171568627451,0.22972972972972974,0.3283582089552239,Ward2024 compound 1,DVUDEYVEBQKKMF-UHFFFAOYSA-N,10.1021/acsmedchemlett.3c00480,运行/运行/ATP-VSW/ATP-VSW-DOCK_HTVS_1-001_lib/ATP-VSW-DOCK_HTVS_1-001_lib
ATP-HTVS-1EBFDE0160CD,86882,C[NH+](C)Cc1ccc(C(=O)Nc2ccc([C@@H](C#N)c3ccccc3)c(-c3cccc(O)c3)c2)cc1,O=C(Nc1ccc(Cc2ccccc2)c(-c2ccccc2)c1)c1ccccc1,-4.82272061344761,0.7616421568627451,0.21176470588235294,0.24050632911392406,compound 8 (Steed 2022),ROJPDORYZONAPF-UHFFFAOYSA-N,10.1021/acsomega.2c03127,运行/运行/ATP-VSW/ATP-VSW-DOCK_HTVS_1-002_lib.maegz
ATP-HTVS-1F874564E13F,80035,C[NH+](C)Cc1ccc(CNc2cc(C(=O)Nc3ccccc3)sc2Cl)cc1,O=C(Nc1ccccc1)c1cc(NCc2ccccc2)cs1,-3.72808344435626,0.30147058823529416,0.22972972972972974,0.30303030303030304,compound 8 (Steed 2022),ROJPDORYZONAPF-UHFFFAOYSA-N,10.1021/acsomega.2c03127,运行/运行/ATP-VSW/ATP-VSW-DOCK_HTVS_1-003_lib/ATP-VSW-DOCK_HTVS_1-003_lib.mae
ATP-HTVS-1F9A02273F27,69026,CN(c1c(C(=O)NCc2ccc(C[NH+](C)C)cc2)cnc2ccc(F)cc12)[C@H](C#N)c1ccccc1,O=C(NCc1ccccc1)c1cnc2ccccc2c1NCc1ccccc1,-4.58450927429136,0.6715686274509804,0.23157894736842105,0.2948717948717949,WSA298,IZWVLJVCXHHUOO-UHFFFAOYSA-N,10.1021/acsomega.5c06380,运行/运行/ATP-VSW/ATP-VSW-DOCK_HTVS_1-002_lib.maegz
ATP-HTVS-1FAE7495FCDD,91266,C#Cc1ccc(CNc2c(NC(=O)c3ccccc3)c[nH+]c3ccccc23)cc1,O=C(Nc1c[nH+]c2ccccc2c1NCc1ccccc1)c1ccccc1,-4.97918472610383,0.8155637254901961,0.17721518987341772,0.21518987341772153,compound 8 (Steed 2022),ROJPDORYZONAPF-UHFFFAOYSA-N,10.1021/acsomega.2c03127,运行/运行/ATP-VSW/ATP-VSW-DOCK_HTVS_1-002_lib.maegz
ATP-HTVS-1FED3714464D,70306,C#Cc1ccc(C(=O)Nc2ncc(NCc3ccc(C[NH+](C)C)cc3)c3ccccc23)cc1,O=C(Nc1ncc(NCc2ccccc2)c2ccccc12)c1ccccc1,-4.32176616689075,0.5410539215686274,0.18823529411764706,0.2777777777777778,compound 1 (Fraunfelter 2023),WIDVPHSBAXLSEU-LJQANCHMSA-N,10.1021/acsinfecdis.3c00317,运行/运行/ATP-VSW/ATP-VSW-DOCK_HTVS_1-002_lib.maegz
ATP-HTVS-1FF6C325CA7A,86530,N#CCN(c1ccccc1)c1c(NC(=O)c2cccc(C[NH+]3CCCC3)c2)cnc2ccccc12,O=C(Nc1cnc2ccccc2c1Nc1ccccc1)c1cccc(C[NH+]2CCCC2)c1,-3.48306168637278,0.22916666666666663,0.22988505747126436,0.30120481927710846,compound 15 (Steed 2022),RIDDIWJTDCGXDH-NRFANRHFSA-N,10.1021/acsomega.2c03127,运行/运行/ATP-VSW/ATP-VSW-DOCK_HTVS_1-002_lib.maegz
ATP-HTVS-203210320F32,88033,O=C(Nc1ncc(NCc2ccc(NCCO)cc2)c2ccccc12)c1cccc(C2CC2)c1,O=C(Nc1ncc(NCc2ccccc2)c2ccccc12)c1cccc(C2CC2)c1,-3.67749536382082,0.28308823529411764,0.2289156626506024,0.2289156626506024,compound 8 (Steed 2022),ROJPDORYZONAPF-UHFFFAOYSA-N,10.1021/acsomega.2c03127,运行/运行/ATP-VSW/ATP-VSW-DOCK_HTVS_1-001_lib/ATP-VSW-DOCK_HTVS_1-001_lib
ATP-HTVS-20B250E7AB9A,20673,C[C@](N)(C(=O)n1nc(-c2ccc(F)cc2F)cc1CC[NH2+]Cc1ccccc1)c1ccccc1,O=C(Cc1ccccc1)n1nc(-c2ccccc2)cc1CC[NH2+]Cc1ccccc1,-6.11096576140097,0.9816176470588235,0.2247191011235955,0.2823529411764706,WSA298,IZWVLJVCXHHUOO-UHFFFAOYSA-N,10.1021/acsomega.5c06380,运行/运行/ATP-VSW/ATP-VSW-DOCK_HTVS_1-001_lib/ATP-VSW-DOCK_HTVS_1-001_lib
ATP-HTVS-20FB50B88593,58595,C#CCN(C)Cc1cccc(C(=O)Nc2ccnc(SCc3ccccc3)c2)c1,O=C(Nc1ccnc(SCc2ccccc2)c1)c1ccccc1,-3.99504551780237,0.41360294117647056,0.2727272727272727,0.2727272727272727,Ward2024 compound 6,LKLACXNGVWXYAW-UHFFFAOYSA-N,10.1021/acsmedchemlett.3c00480,运行/运行/ATP-VSW/ATP-VSW-DOCK_HTVS_1-003_lib/ATP-VSW-DOCK_HTVS_1-003_lib.mae
ATP-HTVS-2118F57CAFF1,72385,C[NH+](C)Cc1cccc(CNc2c(NC(=O)c3c(Cl)cccc3Cl)c[nH+]c3ccccc23)c1,O=C(Nc1c[nH+]c2ccccc2c1NCc1ccccc1)c1ccccc1,-4.2535308868053,0.5128676470588236,0.18604651162790697,0.2702702702702703,compound 15 (Steed 2022),RIDDIWJTDCGXDH-NRFANRHFSA-N,10.1021/acsomega.2c03127,运行/运行/ATP-VSW/ATP-VSW-DOCK_HTVS_1-001_lib/ATP-VSW-DOCK_HTVS_1-001_lib
ATP-HTVS-2125555B1DA5,84706,C[NH2+]Cc1ccc(CNC(=O)c2[nH]c3ccccc3c2C#CCOc2ccccc2F)cc1,O=C(NCc1ccccc1)c1[nH]c2ccccc2c1C#CCOc1ccccc1,-4.30569328835689,0.5330882352941176,0.23076923076923078,0.2247191011235955,compound 19 (Steed 2022),DHQKBEDPXLHXAJ-OAQYLSRUSA-N,10.1021/acsomega.2c03127,运行/运行/ATP-VSW/ATP-VSW-DOCK_HTVS_1-002_lib.maegz
ATP-HTVS-217395D9F0A5,49825,C[NH+](C)Cc1cccc(CNc2nc(NC[C@@H](c3ccccc3)[NH+](C)C)[nH+]c3ccccc23)c1,c1ccc(CCNc2nc(NCc3ccccc3)c3ccccc3[nH+]2)cc1,-4.13221768042895,0.4650735294117647,0.22093023255813954,0.31343283582089554,WSA236,CJWSCOKTAUPKHM-UHFFFAOYSA-N,10.1002/cmdc.202400952,运行/运行/ATP-VSW/ATP-VSW-DOCK_HTVS_1-001_lib/ATP-VSW-DOCK_HTVS_1-001_lib
ATP-HTVS-217B57A40B61,22753,Cc1ccc([C@@H](C)[NH2+]C[C@@H]2c3ccccc3C(=O)N2Cc2ccccc2)cc1,O=C1c2ccccc2C(C[NH2+]Cc2ccccc2)N1Cc1ccccc1,-4.67922983872584,0.7083333333333333,0.20253164556962025,0.21518987341772153,WSA280,XQBWCRMKNUAPEC-UHFFFAOYSA-N,10.1021/acsomega.5c06380,运行/运行/ATP-VSW/ATP-VSW-DOCK_HTVS_1-001_lib/ATP-VSW-DOCK_HTVS_1-001_lib
ATP-HTVS-218E3E4A28A7,95618,C[NH+](C)Cc1ccc(C(=O)Nc2ccc([C@H](C#N)c3ccccc3)c(-c3cc(O)cc(F)c3)c2)cc1,O=C(Nc1ccc(Cc2ccccc2)c(-c2ccccc2)c1)c1ccccc1,-4.3836149192389,0.5723039215686274,0.2087912087912088,0.24691358024691357,compound 1 (Fraunfelter 2023),WIDVPHSBAXLSEU-LJQANCHMSA-N,10.1021/acsinfecdis.3c00317,运行/运行/ATP-VSW/ATP-VSW-DOCK_HTVS_1-003_lib/ATP-VSW-DOCK_HTVS_1-003_lib.mae
ATP-HTVS-21B7BD60A2C7,81347,CNc1cccc(Nc2c(C(=O)N(c3ccccc3)[C@H](C)C#N)cnc3ccc(F)cc23)c1,O=C(Nc1ccccc1)c1cnc2ccccc2c1Nc1ccccc1,-3.14434477210409,0.17156862745098034,0.20689655172413793,0.20689655172413793,compound 15 (Steed 2022),RIDDIWJTDCGXDH-NRFANRHFSA-N,10.1021/acsomega.2c03127,运行/运行/ATP-VSW/ATP-VSW-DOCK_HTVS_1-003_lib/ATP-VSW-DOCK_HTVS_1-003_lib.mae
ATP-HTVS-21B7E8D8DA00,84930,C[NH+](C)Cc1ccc(CNc2cc(Cl)sc2C(=O)N[C@@H](C#N)c2ccccc2)cc1,O=C(NCc1ccccc1)c1sccc1NCc1ccccc1,-4.74104503430893,0.7346813725490196,0.20238095238095238,0.2702702702702703,compound 15 (Steed 2022),RIDDIWJTDCGXDH-NRFANRHFSA-N,10.1021/acsomega.2c03127,运行/运行/ATP-VSW/ATP-VSW-DOCK_HTVS_1-002_lib.maegz
ATP-HTVS-21BB1C807E7E,36099,C[C@@H](O)Cc1ccc(C[NH2+]Cc2cccnc2OCc2ccccc2)cc1,c1ccc(C[NH2+]Cc2cccnc2OCc2ccccc2)cc1,-4.86452904460303,0.772671568627451,0.3188405797101449,0.3582089552238806,compound 15 (Steed 2022),RIDDIWJTDCGXDH-NRFANRHFSA-N,10.1021/acsomega.2c03127,运行/运行/ATP-VSW/ATP-VSW-DOCK_HTVS_1-003_lib/ATP-VSW-DOCK_HTVS_1-003_lib.mae
ATP-HTVS-21D2D8C367A1,93506,Cc1sc2ccccc2c1[C@H](C#Cc1ccc(C(=O)[O-])cc1)[NH2+]Cc1ccc(C[NH+](C)C)cc1,C(#CC([NH2+]Cc1ccccc1)c1csc2ccccc12)c1ccccc1,-4.58217851065818,0.670343137254902,0.16483516483516483,0.2631578947368421,compound 1 (Fraunfelter 2023),WIDVPHSBAXLSEU-LJQANCHMSA-N,10.1021/acsinfecdis.3c00317,运行/运行/ATP-VSW/ATP-VSW-DOCK_HTVS_1-002_lib.maegz
ATP-HTVS-22634BBBCB97,66019,CCNc1ccc(CNc2nc(NCc3ccc(F)cc3CN(C)C)[nH+]c3ccccc23)cc1,c1ccc(CNc2nc(NCc3ccccc3)c3ccccc3[nH+]2)cc1,-2.64904714563674,0.1299019607843137,0.3055555555555556,0.34782608695652173,Ward2024 compound 1,DVUDEYVEBQKKMF-UHFFFAOYSA-N,10.1021/acsmedchemlett.3c00480,运行/运行/ATP-VSW/ATP-VSW-DOCK_HTVS_1-003_lib/ATP-VSW-DOCK_HTVS_1-003_lib.mae
ATP-HTVS-2275AB855C30,82946,C[C@@H]([NH2+]CC#Cc1cnc2ccccc2c1NC(=O)c1ccc(O)cc1)c1ccc(F)cc1,O=C(Nc1c(C#CC[NH2+]Cc2ccccc2)cnc2ccccc12)c1ccccc1,-4.55068115608745,0.6525735294117647,0.2441860465116279,0.24096385542168675,compound 1 (Fraunfelter 2023),WIDVPHSBAXLSEU-LJQANCHMSA-N,10.1021/acsinfecdis.3c00317,运行/运行/ATP-VSW/ATP-VSW-DOCK_HTVS_1-002_lib.maegz
ATP-HTVS-22C0C64F65E9,35330,CC[N@@H+](C)Cc1cccc(C(=O)NC[C@H]2c3ccccc3C(=O)N2Cc2ccccc2)c1,O=C(NCC1c2ccccc2C(=O)N1Cc1ccccc1)c1ccccc1,-4.66340162849872,0.7003676470588236,0.20689655172413793,0.2159090909090909,WSA236,CJWSCOKTAUPKHM-UHFFFAOYSA-N,10.1002/cmdc.202400952,运行/运行/ATP-VSW/ATP-VSW-DOCK_HTVS_1-002_lib.maegz
ATP-HTVS-22E2482E2999,48354,C[NH+](C)Cc1ccc(CNc2nc(NCc3ccc(F)c(CO)c3)[nH+]c3ccccc23)cc1,c1ccc(CNc2nc(NCc3ccccc3)c3ccccc3[nH+]2)cc1,-5.66681419218853,0.9448529411764706,0.23076923076923078,0.4126984126984127,compound 8 (Steed 2022),ROJPDORYZONAPF-UHFFFAOYSA-N,10.1021/acsomega.2c03127,运行/运行/ATP-VSW/ATP-VSW-DOCK_HTVS_1-002_lib.maegz
ATP-HTVS-22E536A2C0FA,57601,C[NH+](C)Cc1ccccc1NC(=O)NCCc1nc2ccccc2n1-c1ccccc1,O=C(NCCc1nc2ccccc2n1-c1ccccc1)Nc1ccccc1,-4.34738871908122,0.5533088235294117,0.23376623376623376,0.25,compound 8 (Steed 2022),ROJPDORYZONAPF-UHFFFAOYSA-N,10.1021/acsomega.2c03127,运行/运行/ATP-VSW/ATP-VSW-DOCK_HTVS_1-001_lib/ATP-VSW-DOCK_HTVS_1-001_lib
ATP-HTVS-22FAF80E23F8,94401,CC(=O)Nc1ccc(CCNc2[nH+]nc(-c3ccccc3)c3ccccc23)cc1,c1ccc(CCNc2[nH+]nc(-c3ccccc3)c3ccccc23)cc1,-3.63891699807897,0.2720588235294118,0.25,0.2571428571428571,compound 8 (Steed 2022),ROJPDORYZONAPF-UHFFFAOYSA-N,10.1021/acsomega.2c03127,运行/运行/ATP-VSW/ATP-VSW-DOCK_HTVS_1-001_lib/ATP-VSW-DOCK_HTVS_1-001_lib
ATP-HTVS-23113A9B9381,33411,C[C@H](Nc1nc(NCc2ccc(F)c(CN(C)C)c2)[nH+]c2ccccc12)c1ccccc1F,c1ccc(CNc2nc(NCc3ccccc3)c3ccccc3[nH+]2)cc1,-2.18838654799351,0.09129901960784315,0.28378378378378377,0.32857142857142857,Ward2024 compound 1,DVUDEYVEBQKKMF-UHFFFAOYSA-N,10.1021/acsmedchemlett.3c00480,运行/运行/ATP-VSW/ATP-VSW-DOCK_HTVS_1-003_lib/ATP-VSW-DOCK_HTVS_1-003_lib.mae
ATP-HTVS-2368A2FD4D76,87745,COc1ccc([C@H](C#N)Nc2cnc3ccccc3c2NC(=O)c2ccccc2C[NH+](C)C)cc1,O=C(Nc1c(NCc2ccccc2)cnc2ccccc12)c1ccccc1,-4.02253006518207,0.4283088235294118,0.25,0.23655913978494625,compound 18 (Steed 2022),DCLANSSFVIGXHQ-OAQYLSRUSA-N,10.1021/acsomega.2c03127,运行/运行/ATP-VSW/ATP-VSW-DOCK_HTVS_1-001_lib/ATP-VSW-DOCK_HTVS_1-001_lib
ATP-HTVS-239E0EA8BC65,54689,C[NH+](C)Cc1ccc(NC(=O)Nc2ccnc(SCc3ccccc3)c2)cc1Cl,O=C(Nc1ccccc1)Nc1ccnc(SCc2ccccc2)c1,-4.04262620061258,0.4362745098039216,0.273972602739726,0.32857142857142857,Ward2024 compound 6,LKLACXNGVWXYAW-UHFFFAOYSA-N,10.1021/acsmedchemlett.3c00480,运行/运行/ATP-VSW/ATP-VSW-DOCK_HTVS_1-001_lib/ATP-VSW-DOCK_HTVS_1-001_lib
ATP-HTVS-23EBF8E8F6E9,86787,CN(c1cnc(NC(=O)[C@@H](c2ccccc2)[NH+](C)C)c2ccccc12)[C@@H](C#N)c1ccccc1,O=C(Cc1ccccc1)Nc1ncc(NCc2ccccc2)c2ccccc12,-3.87515742667407,0.36335784313725494,0.18072289156626506,0.1794871794871795,compound 15 (Steed 2022),RIDDIWJTDCGXDH-NRFANRHFSA-N,10.1021/acsomega.2c03127,运行/运行/ATP-VSW/ATP-VSW-DOCK_HTVS_1-003_lib/ATP-VSW-DOCK_HTVS_1-003_lib.mae
ATP-HTVS-23EDEB47FF93,71874,C[NH+](C)Cc1ccc(CNc2cnc(NC(=O)c3ccccc3C#N)c3ccccc23)cc1,O=C(Nc1ncc(NCc2ccccc2)c2ccccc12)c1ccccc1,-4.51334298919268,0.6341911764705883,0.19753086419753085,0.273972602739726,compound 8 (Steed 2022),ROJPDORYZONAPF-UHFFFAOYSA-N,10.1021/acsomega.2c03127,运行/运行/ATP-VSW/ATP-VSW-DOCK_HTVS_1-002_lib.maegz
ATP-HTVS-23F526837945,92834,C[NH+](C)Cc1ccccc1C(=O)Nc1nccc(Nc2ccc(N)cc2)c1C(=O)c1ccccc1,O=C(Nc1nccc(Nc2ccccc2)c1C(=O)c1ccccc1)c1ccccc1,-4.36904068807982,0.5667892156862745,0.2073170731707317,0.21428571428571427,compound 8 (Steed 2022),ROJPDORYZONAPF-UHFFFAOYSA-N,10.1021/acsomega.2c03127,运行/运行/ATP-VSW/ATP-VSW-DOCK_HTVS_1-002_lib.maegz
ATP-HTVS-244A9AEB7273,5347,C[C@@H](c1ccc(C[NH2+]C[C@@H]2c3ccccc3C(=O)N2Cc2ccccc2)cc1)[NH+](C)C,O=C1c2ccccc2C(C[NH2+]Cc2ccccc2)N1Cc1ccccc1,-5.75459768677577,0.9589460784313726,0.1724137931034483,0.24358974358974358,WSA298,IZWVLJVCXHHUOO-UHFFFAOYSA-N,10.1021/acsomega.5c06380,运行/运行/ATP-VSW/ATP-VSW-DOCK_HTVS_1-003_lib/ATP-VSW-DOCK_HTVS_1-003_lib.mae
ATP-HTVS-247B97B4CA47,61825,COc1cc2ccccc2c(CNc2ccc(Cl)c(C[N@H+](C)CCO)c2)c1OC,c1ccc(NCc2cccc3ccccc23)cc1,-5.08465606620702,0.8480392156862745,0.24050632911392406,0.27631578947368424,compound 8 (Steed 2022),ROJPDORYZONAPF-UHFFFAOYSA-N,10.1021/acsomega.2c03127,运行/运行/ATP-VSW/ATP-VSW-DOCK_HTVS_1-001_lib/ATP-VSW-DOCK_HTVS_1-001_lib
ATP-HTVS-2485F4B11063,64065,Cc1cc([C@@H](O)C[NH2+]Cc2nc3ccccc3n2Cc2ccc(Cl)cc2)ccc1F,c1ccc(CC[NH2+]Cc2nc3ccccc3n2Cc2ccccc2)cc1,-5.66278016806593,0.9436274509803921,0.20238095238095238,0.2625,WSA249,YEMLSUARMQTHJO-UHFFFAOYSA-N,10.1002/cmdc.202400952,运行/运行/ATP-VSW/ATP-VSW-DOCK_HTVS_1-001_lib/ATP-VSW-DOCK_HTVS_1-001_lib
ATP-HTVS-24E588DA0D03,95714,CNc1cccc(CNc2c(NC(=O)c3ccc(C[NH+](C)C)cc3)c[nH+]c3ccccc23)c1,O=C(Nc1c[nH+]c2ccccc2c1NCc1ccccc1)c1ccccc1,-4.62906080972694,0.6881127450980392,0.21428571428571427,0.3108108108108108,compound 8 (Steed 2022),ROJPDORYZONAPF-UHFFFAOYSA-N,10.1021/acsomega.2c03127,运行/运行/ATP-VSW/ATP-VSW-DOCK_HTVS_1-003_lib/ATP-VSW-DOCK_HTVS_1-003_lib.mae
ATP-HTVS-2507C3370FB9,84259,CC[NH+](CC)Cc1ccc(CNc2c[nH+]c3ccccc3c2NC(=O)c2ccc(C(C)=O)cc2)cc1,O=C(Nc1c(NCc2ccccc2)c[nH+]c2ccccc12)c1ccccc1,-4.2291968922238,0.5006127450980392,0.19101123595505617,0.24,compound 18 (Steed 2022),DCLANSSFVIGXHQ-OAQYLSRUSA-N,10.1021/acsomega.2c03127,运行/运行/ATP-VSW/ATP-VSW-DOCK_HTVS_1-003_lib/ATP-VSW-DOCK_HTVS_1-003_lib.mae
ATP-HTVS-255C97768CDB,63778,C[NH+](C)Cc1cccc(CNc2nc(NCC(=O)Nc3cccc(F)c3)c3ccccc3[nH+]2)c1,O=C(CNc1nc(NCc2ccccc2)[nH+]c2ccccc12)Nc1ccccc1,-3.95866292265843,0.4025735294117647,0.20930232558139536,0.29333333333333333,compound 8 (Steed 2022),ROJPDORYZONAPF-UHFFFAOYSA-N,10.1021/acsomega.2c03127,运行/运行/ATP-VSW/ATP-VSW-DOCK_HTVS_1-002_lib.maegz
ATP-HTVS-258E82C8B178,35362,CCNc1ccccc1C[NH2+]Cc1csc(N(C(C)=O)c2ccccc2)n1,c1ccc(C[NH2+]Cc2csc(Nc3ccccc3)n2)cc1,-4.79198758585312,0.7555147058823529,0.20253164556962025,0.2753623188405797,compound 17 (Steed 2022),HXWNUGNSPIOUKJ-HNNXBMFYSA-N,10.1021/acsomega.2c03127,运行/运行/ATP-VSW/ATP-VSW-DOCK_HTVS_1-002_lib.maegz
ATP-HTVS-2598958FABEA,76961,Cc1ccc(C)c(C(=O)Nc2c(NCc3cccc(C[NH+](C)C)c3)cnc3ccccc23)c1,O=C(Nc1c(NCc2ccccc2)cnc2ccccc12)c1ccccc1,-4.84376240773032,0.767156862745098,0.23529411764705882,0.27631578947368424,compound 15 (Steed 2022),RIDDIWJTDCGXDH-NRFANRHFSA-N,10.1021/acsomega.2c03127,运行/运行/ATP-VSW/ATP-VSW-DOCK_HTVS_1-001_lib/ATP-VSW-DOCK_HTVS_1-001_lib
ATP-HTVS-25BEFE000F10,95682,CN(C(=O)Cc1ccccc1Cl)c1ncccc1NCc1ccc(C[NH+](C)C)cc1,O=C(Cc1ccccc1)Nc1ncccc1NCc1ccccc1,-4.22544251153651,0.49754901960784315,0.21333333333333335,0.3088235294117647,Ward2024 compound 1,DVUDEYVEBQKKMF-UHFFFAOYSA-N,10.1021/acsmedchemlett.3c00480,运行/运行/ATP-VSW/ATP-VSW-DOCK_HTVS_1-003_lib/ATP-VSW-DOCK_HTVS_1-003_lib.mae
ATP-HTVS-26104959C4F1,79713,C[NH2+]CCc1ccc(Nc2cnc3ccccc3c2NC(=O)[C@H](Br)c2ccccc2)cc1,O=C(Cc1ccccc1)Nc1c(Nc2ccccc2)cnc2ccccc12,-4.74613420248316,0.7365196078431373,0.25,0.24050632911392406,compound 8 (Steed 2022),ROJPDORYZONAPF-UHFFFAOYSA-N,10.1021/acsomega.2c03127,运行/运行/ATP-VSW/ATP-VSW-DOCK_HTVS_1-001_lib/ATP-VSW-DOCK_HTVS_1-001_lib
ATP-HTVS-2641D0EED03A,61889,Cc1ccc(CN2C(=O)c3ccccc3N[C@H]2c2ccccc2)cc1,O=C1c2ccccc2NC(c2ccccc2)N1Cc1ccccc1,-3.94843068410777,0.3982843137254902,0.2054794520547945,0.20270270270270271,WSA280,XQBWCRMKNUAPEC-UHFFFAOYSA-N,10.1021/acsomega.5c06380,运行/运行/ATP-VSW/ATP-VSW-DOCK_HTVS_1-001_lib/ATP-VSW-DOCK_HTVS_1-001_lib
ATP-HTVS-267F6CCD1B36,79811,C[NH+](C)Cc1ccccc1NC(=O)c1cn(-c2ccccc2)c(=O)c2ccccc12,O=C(Nc1ccccc1)c1cn(-c2ccccc2)c(=O)c2ccccc12,-4.24209775183825,0.5055147058823529,0.17721518987341772,0.19718309859154928,compound 15 (Steed 2022),RIDDIWJTDCGXDH-NRFANRHFSA-N,10.1021/acsomega.2c03127,运行/运行/ATP-VSW/ATP-VSW-DOCK_HTVS_1-003_lib/ATP-VSW-DOCK_HTVS_1-003_lib.mae
ATP-HTVS-2699169FE698,4866,Cc1ccc([C@@H](CNC(=O)c2cc(=O)c3ccccc3n2CCc2ccccc2)N(C)C)cc1,O=C(NCCc1ccccc1)c1cc(=O)c2ccccc2n1CCc1ccccc1,-3.14832764757807,0.17218137254901966,0.25,0.25301204819277107,WSA280,XQBWCRMKNUAPEC-UHFFFAOYSA-N,10.1021/acsomega.5c06380,运行/运行/ATP-VSW/ATP-VSW-DOCK_HTVS_1-002_lib.maegz
ATP-HTVS-269AF530E7D7,62595,O[C@H](CNCc1[nH+]c2ccccc2n1Cc1ccc(Cl)cc1)c1ccccc1Cl,c1ccc(CCNCc2[nH+]c3ccccc3n2Cc2ccccc2)cc1,-3.31438144217332,0.19485294117647056,0.20512820512820512,0.2702702702702703,WSA249,YEMLSUARMQTHJO-UHFFFAOYSA-N,10.1002/cmdc.202400952,运行/运行/ATP-VSW/ATP-VSW-DOCK_HTVS_1-003_lib/ATP-VSW-DOCK_HTVS_1-003_lib.mae
ATP-HTVS-27050A3A08BE,12355,C[NH+](C)Cc1ccc(C[NH2+]Cc2c(-c3ccccc3)[nH]c3ccccc23)cc1,c1ccc(C[NH2+]Cc2c(-c3ccccc3)[nH]c3ccccc23)cc1,-4.70799181464544,0.7248774509803921,0.15384615384615385,0.38596491228070173,compound 18 (Steed 2022),DCLANSSFVIGXHQ-OAQYLSRUSA-N,10.1021/acsomega.2c03127,运行/运行/ATP-VSW/ATP-VSW-DOCK_HTVS_1-003_lib/ATP-VSW-DOCK_HTVS_1-003_lib.mae
ATP-HTVS-27135ACF267B,59107,C[C@H](c1ccc(Cl)cc1)n1cc(C[N@H+](C)Cc2ccc(C[NH+](C)C)cc2)nn1,c1ccc(C[NH2+]Cc2cn(Cc3ccccc3)nn2)cc1,-4.19816809497186,0.48774509803921573,0.14444444444444443,0.22388059701492538,WSA297,GXYVJEJKTGYEDL-UHFFFAOYSA-N,10.1021/acsomega.5c06380,运行/运行/ATP-VSW/ATP-VSW-DOCK_HTVS_1-003_lib/ATP-VSW-DOCK_HTVS_1-003_lib.mae
ATP-HTVS-27537703FBA2,53635,CN(C)Cc1cc(F)ccc1CNc1nc2ccccc2nc1NCc1c(N)cccc1F,c1ccc(CNc2nc3ccccc3nc2NCc2ccccc2)cc1,-1.76403197384115,0.06372549019607843,0.31343283582089554,0.31343283582089554,Ward2024 compound 1,DVUDEYVEBQKKMF-UHFFFAOYSA-N,10.1021/acsmedchemlett.3c00480,运行/运行/ATP-VSW/ATP-VSW-DOCK_HTVS_1-003_lib/ATP-VSW-DOCK_HTVS_1-003_lib.mae
ATP-HTVS-277F9700EDE9,62211,C[NH+](C)CCNc1ccccc1C[NH2+]Cc1c(-c2ccccc2)nc2ccccn12,c1ccc(C[NH2+]Cc2c(-c3ccccc3)nc3ccccn23)cc1,-4.46033636090095,0.6090686274509804,0.22666666666666666,0.328125,Ward2024 compound 17,UYSBYFPUEOTVDZ-UHFFFAOYSA-N,10.1021/acsmedchemlett.3c00480,运行/运行/ATP-VSW/ATP-VSW-DOCK_HTVS_1-003_lib/ATP-VSW-DOCK_HTVS_1-003_lib.mae
ATP-HTVS-27B53DA4C14D,50115,C[NH+](C)Cc1cccc(CNc2nc3ccccc3nc2NCc2ccc(CO)c(F)c2)c1,c1ccc(CNc2nc3ccccc3nc2NCc2ccccc2)cc1,-4.24285460340491,0.5067401960784313,0.2647058823529412,0.3870967741935484,Ward2024 compound 1,DVUDEYVEBQKKMF-UHFFFAOYSA-N,10.1021/acsmedchemlett.3c00480,运行/运行/ATP-VSW/ATP-VSW-DOCK_HTVS_1-003_lib/ATP-VSW-DOCK_HTVS_1-003_lib.mae
ATP-HTVS-27BC230C206A,95937,N#Cc1c(F)cccc1C(=O)Nc1nc2ccccc2cc1C#CCNCc1ccccc1,O=C(Nc1nc2ccccc2cc1C#CCNCc1ccccc1)c1ccccc1,-4.5255986912866,0.6409313725490196,0.30666666666666664,0.30666666666666664,Ward2024 compound 1,DVUDEYVEBQKKMF-UHFFFAOYSA-N,10.1021/acsmedchemlett.3c00480,运行/运行/ATP-VSW/ATP-VSW-DOCK_HTVS_1-001_lib/ATP-VSW-DOCK_HTVS_1-001_lib
ATP-HTVS-27E43B44E6A8,92067,CC[NH+](CC)[C@@H](C(=O)Nc1c(N(C#N)c2ccccc2)cnc2ccccc12)c1ccccc1,O=C(Cc1ccccc1)Nc1c(Nc2ccccc2)cnc2ccccc12,-3.08375895148985,0.16605392156862742,0.2289156626506024,0.21686746987951808,compound 15 (Steed 2022),RIDDIWJTDCGXDH-NRFANRHFSA-N,10.1021/acsomega.2c03127,运行/运行/ATP-VSW/ATP-VSW-DOCK_HTVS_1-003_lib/ATP-VSW-DOCK_HTVS_1-003_lib.mae
ATP-HTVS-27FE3E1C2A9E,72194,CCN(CC)Cc1ccc(CNc2c(NC(=O)c3cccc(F)c3)c[nH+]c3ccccc23)cc1,O=C(Nc1c[nH+]c2ccccc2c1NCc1ccccc1)c1ccccc1,-2.17959898057809,0.08884803921568629,0.2125,0.2597402597402597,Ward2024 compound 1,DVUDEYVEBQKKMF-UHFFFAOYSA-N,10.1021/acsmedchemlett.3c00480,运行/运行/ATP-VSW/ATP-VSW-DOCK_HTVS_1-002_lib.maegz
ATP-HTVS-2801EC41FD47,97569,C[C@H](CF)Nc1ccccc1CC(=O)N1c2ccccc2C(=O)C[C@H]1c1ccc(F)cc1,O=C1CC(c2ccccc2)N(C(=O)Cc2ccccc2)c2ccccc21,-3.54789906091208,0.24877450980392157,0.19101123595505617,0.19318181818181818,WSA298,IZWVLJVCXHHUOO-UHFFFAOYSA-N,10.1021/acsomega.5c06380,运行/运行/ATP-VSW/ATP-VSW-DOCK_HTVS_1-002_lib.maegz
ATP-HTVS-2818D10B14C2,35009,Cc1ccc(C[NH+](C)C)cc1NCc1ccc(OCc2ccccc2)cn1,c1ccc(COc2ccc(CNc3ccccc3)nc2)cc1,-4.57000787430811,0.6605392156862745,0.25,0.27941176470588236,compound 15 (Steed 2022),RIDDIWJTDCGXDH-NRFANRHFSA-N,10.1021/acsomega.2c03127,运行/运行/ATP-VSW/ATP-VSW-DOCK_HTVS_1-001_lib/ATP-VSW-DOCK_HTVS_1-001_lib
ATP-HTVS-286379397336,30625,CC(C)[NH2+]c1ccc(CNc2nc(N(C)Cc3ccccc3S(N)(=O)=O)[nH+]c3ccccc23)cc1,c1ccc(CNc2nc(NCc3ccccc3)c3ccccc3[nH+]2)cc1,-3.50002117519494,0.2328431372549019,0.2222222222222222,0.273972602739726,Ward2024 compound 1,DVUDEYVEBQKKMF-UHFFFAOYSA-N,10.1021/acsmedchemlett.3c00480,运行/运行/ATP-VSW/ATP-VSW-DOCK_HTVS_1-001_lib/ATP-VSW-DOCK_HTVS_1-001_lib
ATP-HTVS-28D90B8D287A,81475,CC[NH+](CC)Cc1ccc(CNc2cnc3ccccc3c2NC(=O)Cc2ccc(C(C)=O)cc2)cc1,O=C(Cc1ccccc1)Nc1c(NCc2ccccc2)cnc2ccccc12,-4.45658966501272,0.6072303921568627,0.27380952380952384,0.25333333333333335,compound 18 (Steed 2022),DCLANSSFVIGXHQ-OAQYLSRUSA-N,10.1021/acsomega.2c03127,运行/运行/ATP-VSW/ATP-VSW-DOCK_HTVS_1-003_lib/ATP-VSW-DOCK_HTVS_1-003_lib.mae
ATP-HTVS-28F6129F8E3C,70305,C#Cc1cccc(C(=O)Nc2ncc(NCc3cccc(C[NH+](C)C)c3)c3ccccc23)c1,O=C(Nc1ncc(NCc2ccccc2)c2ccccc12)c1ccccc1,-4.409200336205,0.5802696078431373,0.19540229885057472,0.22784810126582278,compound 15 (Steed 2022),RIDDIWJTDCGXDH-NRFANRHFSA-N,10.1021/acsomega.2c03127,运行/运行/ATP-VSW/ATP-VSW-DOCK_HTVS_1-001_lib/ATP-VSW-DOCK_HTVS_1-001_lib
ATP-HTVS-2912F4F66BA1,81186,CN(C(=O)c1[nH]c2ccccc2c1Nc1ccc(CC[NH+](C)C)cc1)[C@H](C#N)c1ccccc1,O=C(NCc1ccccc1)c1[nH]c2ccccc2c1Nc1ccccc1,-3.6441329314009,0.2732843137254902,0.1956521739130435,0.22727272727272727,compound 18 (Steed 2022),DCLANSSFVIGXHQ-OAQYLSRUSA-N,10.1021/acsomega.2c03127,运行/运行/ATP-VSW/ATP-VSW-DOCK_HTVS_1-002_lib.maegz
ATP-HTVS-291AE177F52E,43107,C[C@H](Nc1nc(NCc2ccccc2C[NH+](C)C)c2ccccc2[nH+]1)c1ccc(C#N)cc1,c1ccc(CNc2nc(NCc3ccccc3)c3ccccc3[nH+]2)cc1,-4.36716167786867,0.5649509803921569,0.1724137931034483,0.25675675675675674,WSA250,SSOJQSHUAQGPLD-UHFFFAOYSA-N,10.1002/cmdc.202400952,运行/运行/ATP-VSW/ATP-VSW-DOCK_HTVS_1-003_lib/ATP-VSW-DOCK_HTVS_1-003_lib.mae
ATP-HTVS-2A14F6A33EFE,2018,Cc1ccc([C@@H](CNc2cc(-c3cccnc3)[nH+]c3ccccc23)[NH+](C)C)cc1,c1ccc(CCNc2cc(-c3cccnc3)[nH+]c3ccccc23)cc1,-5.24980933887412,0.8884803921568627,0.2,0.2289156626506024,WSA280,XQBWCRMKNUAPEC-UHFFFAOYSA-N,10.1021/acsomega.5c06380,运行/运行/ATP-VSW/ATP-VSW-DOCK_HTVS_1-002_lib.maegz
ATP-HTVS-2A420AE0278C,57730,C[NH+](C)Cc1ccc(NC(=O)NCc2cn(-c3ccccc3)nc2-c2ccncc2)c(F)c1,O=C(NCc1cn(-c2ccccc2)nc1-c1ccncc1)Nc1ccccc1,-3.66995424935913,0.2800245098039216,0.21348314606741572,0.2692307692307692,compound 1 (Fraunfelter 2023),WIDVPHSBAXLSEU-LJQANCHMSA-N,10.1021/acsinfecdis.3c00317,运行/运行/ATP-VSW/ATP-VSW-DOCK_HTVS_1-002_lib.maegz
ATP-HTVS-2A473A7CBE48,82306,CN(C(=O)c1sccc1NCc1cccc(C[NH+](C)C)c1)c1ccc(C#N)cc1,O=C(Nc1ccccc1)c1sccc1NCc1ccccc1,-3.69621438825461,0.289828431372549,0.2,0.2328767123287671,compound 1 (Fraunfelter 2023),WIDVPHSBAXLSEU-LJQANCHMSA-N,10.1021/acsinfecdis.3c00317,运行/运行/ATP-VSW/ATP-VSW-DOCK_HTVS_1-002_lib.maegz
ATP-HTVS-2A6980A94AB8,12579,Oc1ccc([C@H](O)CNc2cc(-c3ccccc3)nc(-c3ccccc3)n2)cc1,c1ccc(CCNc2cc(-c3ccccc3)nc(-c3ccccc3)n2)cc1,-5.02705879123109,0.8327205882352942,0.2608695652173913,0.24285714285714285,compound 15 (Steed 2022),RIDDIWJTDCGXDH-NRFANRHFSA-N,10.1021/acsomega.2c03127,运行/运行/ATP-VSW/ATP-VSW-DOCK_HTVS_1-003_lib/ATP-VSW-DOCK_HTVS_1-003_lib.mae
ATP-HTVS-2A91244EC1AD,33347,CN(CC(=O)NCc1ccccc1)c1nc2ccccc2nc1NCCc1ccc(C[NH+](C)C)cc1,O=C(CNc1nc2ccccc2nc1NCCc1ccccc1)NCc1ccccc1,-5.00113179091921,0.8223039215686274,0.24691358024691357,0.3382352941176471,compound 15 (Steed 2022),RIDDIWJTDCGXDH-NRFANRHFSA-N,10.1021/acsomega.2c03127,运行/运行/ATP-VSW/ATP-VSW-DOCK_HTVS_1-003_lib/ATP-VSW-DOCK_HTVS_1-003_lib.mae
ATP-HTVS-2AC4031F681F,85858,CC#CCNC(=O)c1ccc(CNCc2[nH+]c3ccccc3n2Cc2ccccc2)cc1,c1ccc(CNCc2[nH+]c3ccccc3n2Cc2ccccc2)cc1,-3.63036145484555,0.27022058823529416,0.2345679012345679,0.3026315789473684,WSA249,YEMLSUARMQTHJO-UHFFFAOYSA-N,10.1002/cmdc.202400952,运行/运行/ATP-VSW/ATP-VSW-DOCK_HTVS_1-002_lib.maegz
ATP-HTVS-2AD5F3716208,34434,O[C@H](C[NH2+][C@H](c1ccccn1)c1cc2ccccc2o1)c1cccc(Cl)c1,c1ccc(CC[NH2+]C(c2ccccn2)c2cc3ccccc3o2)cc1,-6.46875032106379,0.9957107843137255,0.17721518987341772,0.1875,Ward2024 compound 19,PXXYITLVUSHXPN-UHFFFAOYSA-N,10.1021/acsmedchemlett.3c00480,运行/运行/ATP-VSW/ATP-VSW-DOCK_HTVS_1-002_lib.maegz
ATP-HTVS-2AFCB32282C0,34529,C[NH+](C)[C@@H](CNc1nc2ccccc2n1CC(=O)c1ccccc1)c1cccc(F)c1,O=C(Cn1c(NCCc2ccccc2)nc2ccccc21)c1ccccc1,-3.8960089217014,0.3694852941176471,0.2289156626506024,0.23376623376623376,compound 15 (Steed 2022),RIDDIWJTDCGXDH-NRFANRHFSA-N,10.1021/acsomega.2c03127,运行/运行/ATP-VSW/ATP-VSW-DOCK_HTVS_1-001_lib/ATP-VSW-DOCK_HTVS_1-001_lib
ATP-HTVS-2B2381835080,40034,CN(C(=O)c1cc(NCc2ccccc2)nc2ccccc12)[C@H](C(=O)[O-])c1ccccc1,O=C(NCc1ccccc1)c1cc(NCc2ccccc2)nc2ccccc12,-2.9945143731801,0.15625,0.3150684931506849,0.2898550724637681,compound 15 (Steed 2022),RIDDIWJTDCGXDH-NRFANRHFSA-N,10.1021/acsomega.2c03127,运行/运行/ATP-VSW/ATP-VSW-DOCK_HTVS_1-002_lib.maegz
ATP-HTVS-2B54247B4108,84161,CCN(CC)Cc1ccc(CNc2cnc(NC(=O)c3cccc(F)c3C#N)c3ccccc23)cc1,O=C(Nc1ncc(NCc2ccccc2)c2ccccc12)c1ccccc1,-3.75512751001344,0.31433823529411764,0.20481927710843373,0.20481927710843373,Ward2024 compound 1,DVUDEYVEBQKKMF-UHFFFAOYSA-N,10.1021/acsmedchemlett.3c00480,运行/运行/ATP-VSW/ATP-VSW-DOCK_HTVS_1-001_lib/ATP-VSW-DOCK_HTVS_1-001_lib
ATP-HTVS-2B683AA1DF30,89507,C[NH+](C)Cc1cccc(CNc2cscc2C(=O)NCc2ccccc2F)c1,O=C(NCc1ccccc1)c1cscc1NCc1ccccc1,-4.48351303923302,0.6194852941176471,0.2375,0.28169014084507044,compound 15 (Steed 2022),RIDDIWJTDCGXDH-NRFANRHFSA-N,10.1021/acsomega.2c03127,运行/运行/ATP-VSW/ATP-VSW-DOCK_HTVS_1-003_lib/ATP-VSW-DOCK_HTVS_1-003_lib.mae
ATP-HTVS-2B725536FCE2,99329,CNc1cccc(N(C)c2c(C(=O)N(C)[C@@H](C#N)c3ccccc3)cnc3ccc(F)cc23)c1,O=C(NCc1ccccc1)c1cnc2ccccc2c1Nc1ccccc1,-3.74931666490995,0.30943627450980393,0.2111111111111111,0.2127659574468085,compound 15 (Steed 2022),RIDDIWJTDCGXDH-NRFANRHFSA-N,10.1021/acsomega.2c03127,运行/运行/ATP-VSW/ATP-VSW-DOCK_HTVS_1-002_lib.maegz
ATP-HTVS-2B784D1D7344,72482,C[C@@H](c1ccccc1)N(C)C(=O)c1c(NCc2cccc(CN(C)C)c2)c2ccccc2[nH]c1=O,O=C(NCc1ccccc1)c1c(NCc2ccccc2)c2ccccc2[nH]c1=O,-1.12001739879818,0.015318627450980338,0.2247191011235955,0.2247191011235955,compound 18 (Steed 2022),DCLANSSFVIGXHQ-OAQYLSRUSA-N,10.1021/acsomega.2c03127,运行/运行/ATP-VSW/ATP-VSW-DOCK_HTVS_1-002_lib.maegz
ATP-HTVS-2C366CB23264,58529,C[NH+](C)Cc1ccc(C[N@@H+](C)Cc2cn(-c3cccc(Cl)c3)nn2)cc1,c1ccc(C[NH2+]Cc2cn(-c3ccccc3)nn2)cc1,-4.72014352318489,0.7261029411764706,0.15384615384615385,0.26153846153846155,WSA249,YEMLSUARMQTHJO-UHFFFAOYSA-N,10.1002/cmdc.202400952,运行/运行/ATP-VSW/ATP-VSW-DOCK_HTVS_1-001_lib/ATP-VSW-DOCK_HTVS_1-001_lib
ATP-HTVS-2C5504015D66,57538,O[C@H](C[NH2+][C@@H](c1ccccn1)c1cc2ccccc2o1)c1c(F)cccc1F,c1ccc(CC[NH2+]C(c2ccccn2)c2cc3ccccc3o2)cc1,-6.06653263710345,0.9767156862745098,0.2,0.2077922077922078,Ward2024 compound 19,PXXYITLVUSHXPN-UHFFFAOYSA-N,10.1021/acsmedchemlett.3c00480,运行/运行/ATP-VSW/ATP-VSW-DOCK_HTVS_1-002_lib.maegz
ATP-HTVS-2C72C850E8DC,37538,CC(C)Nc1ccc(CNC(=O)NC[C@H]2c3ccccc3C(=O)N2Cc2ccccc2)cc1,O=C(NCc1ccccc1)NCC1c2ccccc2C(=O)N1Cc1ccccc1,-5.09073610364331,0.8504901960784313,0.20689655172413793,0.21951219512195122,WSA298,IZWVLJVCXHHUOO-UHFFFAOYSA-N,10.1021/acsomega.5c06380,运行/运行/ATP-VSW/ATP-VSW-DOCK_HTVS_1-002_lib.maegz
ATP-HTVS-2C852BECD08A,27585,C[NH+](C)Cc1cccc(C[NH2+]Cc2cn(CCC#N)nc2-c2ccc(Cl)cc2)c1,c1ccc(C[NH2+]Cc2c[nH]nc2-c2ccccc2)cc1,-5.32917125483599,0.9001225490196079,0.18888888888888888,0.2916666666666667,WSA298,IZWVLJVCXHHUOO-UHFFFAOYSA-N,10.1021/acsomega.5c06380,运行/运行/ATP-VSW/ATP-VSW-DOCK_HTVS_1-001_lib/ATP-VSW-DOCK_HTVS_1-001_lib
ATP-HTVS-2C8A8FE641B8,72034,Cc1cc(C(=O)Nc2c[nH+]c3ccccc3c2NCc2cccc(C[NH+](C)C)c2)ccc1Cl,O=C(Nc1c[nH+]c2ccccc2c1NCc1ccccc1)c1ccccc1,-4.21524671014147,0.49387254901960786,0.17894736842105263,0.25316455696202533,compound 18 (Steed 2022),DCLANSSFVIGXHQ-OAQYLSRUSA-N,10.1021/acsomega.2c03127,运行/运行/ATP-VSW/ATP-VSW-DOCK_HTVS_1-002_lib.maegz
ATP-HTVS-2CB691E3F247,42273,CCCNc1ccc(CNCc2c(Oc3ccc(F)cc3)nc3ccccn23)cc1,c1ccc(CNCc2c(Oc3ccccc3)nc3ccccn23)cc1,-3.38635953523702,0.21139705882352944,0.29577464788732394,0.29577464788732394,Ward2024 compound 1,DVUDEYVEBQKKMF-UHFFFAOYSA-N,10.1021/acsmedchemlett.3c00480,运行/运行/ATP-VSW/ATP-VSW-DOCK_HTVS_1-001_lib/ATP-VSW-DOCK_HTVS_1-001_lib
ATP-HTVS-2CD40FD4C79D,61539,Cc1cc(N)ccc1CNc1nc(NCc2cccc(C[NH+](C)C)c2)c2ccccc2[nH+]1,c1ccc(CNc2nc(NCc3ccccc3)c3ccccc3[nH+]2)cc1,-3.90604274600031,0.3743872549019608,0.2,0.3142857142857143,compound 15 (Steed 2022),RIDDIWJTDCGXDH-NRFANRHFSA-N,10.1021/acsomega.2c03127,运行/运行/ATP-VSW/ATP-VSW-DOCK_HTVS_1-003_lib/ATP-VSW-DOCK_HTVS_1-003_lib.mae
ATP-HTVS-2CDCEBF2F10D,77889,C[NH+](C)Cc1ccccc1C(=O)Nc1nc2ccccc2cc1C#CC(=O)c1cccc(Cl)c1,O=C(C#Cc1cc2ccccc2nc1NC(=O)c1ccccc1)c1ccccc1,-4.21433846910375,0.49325980392156865,0.27380952380952384,0.32432432432432434,compound 1 (Fraunfelter 2023),WIDVPHSBAXLSEU-LJQANCHMSA-N,10.1021/acsinfecdis.3c00317,运行/运行/ATP-VSW/ATP-VSW-DOCK_HTVS_1-001_lib/ATP-VSW-DOCK_HTVS_1-001_lib
ATP-HTVS-2D0B83E336C6,42274,CN(CCO)c1ccc(CN2CC(=O)Nc3ccc(Cl)cc3[C@H]2c2ccccc2F)cc1,O=C1CN(Cc2ccccc2)C(c2ccccc2)c2ccccc2N1,-1.71288152632491,0.05575980392156865,0.1951219512195122,0.1951219512195122,Ward2024 compound 11,IIRFHYMEOYQCBC-UHFFFAOYSA-N,10.1021/acsmedchemlett.3c00480,运行/运行/ATP-VSW/ATP-VSW-DOCK_HTVS_1-002_lib.maegz
ATP-HTVS-2D571D26B6AC,90529,CCCN(C(=O)c1sccc1Nc1cccc(C[NH+](C)C)c1)c1ccccc1,O=C(Nc1ccccc1)c1sccc1Nc1ccccc1,-4.00028605360224,0.41666666666666663,0.21176470588235294,0.2714285714285714,WSA236,CJWSCOKTAUPKHM-UHFFFAOYSA-N,10.1002/cmdc.202400952,运行/运行/ATP-VSW/ATP-VSW-DOCK_HTVS_1-001_lib/ATP-VSW-DOCK_HTVS_1-001_lib
ATP-HTVS-2D5D363D0DBE,30818,COC[C@H](Nc1nc2ccccc2nc1NCc1ccccc1C[NH+](C)C)c1ccccc1,c1ccc(CNc2nc3ccccc3nc2NCc2ccccc2)cc1,-4.43765946592724,0.5949754901960784,0.25333333333333335,0.2835820895522388,compound 15 (Steed 2022),RIDDIWJTDCGXDH-NRFANRHFSA-N,10.1021/acsomega.2c03127,运行/运行/ATP-VSW/ATP-VSW-DOCK_HTVS_1-002_lib.maegz
ATP-HTVS-2DA674675DE4,42977,CCc1ccccc1[C@H](N)CNc1nc(-c2ccc(Br)cc2)nc2ccccc12,c1ccc(CCNc2nc(-c3ccccc3)nc3ccccc23)cc1,-1.06394517209285,0.013480392156862697,0.24691358024691357,0.23170731707317074,compound 18 (Steed 2022),DCLANSSFVIGXHQ-OAQYLSRUSA-N,10.1021/acsomega.2c03127,运行/运行/ATP-VSW/ATP-VSW-DOCK_HTVS_1-001_lib/ATP-VSW-DOCK_HTVS_1-001_lib
ATP-HTVS-2DB2F1DB5A18,61571,CCOc1cccc(CN2CC(=O)Nc3ccc(Br)cc3[C@H]2c2ccccc2)c1,O=C1CN(Cc2ccccc2)C(c2ccccc2)c2ccccc2N1,-1.42005166263302,0.028186274509803932,0.2441860465116279,0.2441860465116279,WSA257,NLTZNXHLSWPGMA-UHFFFAOYSA-N,10.1002/cmdc.202400952,运行/运行/ATP-VSW/ATP-VSW-DOCK_HTVS_1-003_lib/ATP-VSW-DOCK_HTVS_1-003_lib.mae
ATP-HTVS-2DB2F8E5543E,82081,CN(CC(=O)Nc1c[nH+]c2ccccc2c1Nc1ccc(NCCO)cc1)c1ccccc1,O=C(CNc1ccccc1)Nc1c[nH+]c2ccccc2c1Nc1ccccc1,-3.93640990047433,0.3927696078431373,0.2125,0.24050632911392406,compound 8 (Steed 2022),ROJPDORYZONAPF-UHFFFAOYSA-N,10.1021/acsomega.2c03127,运行/运行/ATP-VSW/ATP-VSW-DOCK_HTVS_1-001_lib/ATP-VSW-DOCK_HTVS_1-001_lib
ATP-HTVS-2DBBB7EE3EAF,40130,CC(C)Nc1ccc(CNc2nc(N[C@@H](CC(N)=O)c3ccccc3)[nH+]c3ccccc23)cc1,c1ccc(CNc2nc(NCc3ccccc3)c3ccccc3[nH+]2)cc1,-5.00875136571722,0.826593137254902,0.25316455696202533,0.2692307692307692,compound 8 (Steed 2022),ROJPDORYZONAPF-UHFFFAOYSA-N,10.1021/acsomega.2c03127,运行/运行/ATP-VSW/ATP-VSW-DOCK_HTVS_1-002_lib.maegz
ATP-HTVS-2E0BAC8D644B,87746,COc1ccc([C@@H](C#N)Nc2cnc3ccccc3c2NC(=O)c2ccc(C[NH+](C)C)cc2)cc1,O=C(Nc1c(NCc2ccccc2)cnc2ccccc12)c1ccccc1,-4.39510740702187,0.5759803921568627,0.25882352941176473,0.25925925925925924,compound 8 (Steed 2022),ROJPDORYZONAPF-UHFFFAOYSA-N,10.1021/acsomega.2c03127,运行/运行/ATP-VSW/ATP-VSW-DOCK_HTVS_1-002_lib.maegz
ATP-HTVS-2E3C44D093AA,17857,C[C@H](c1ccc(CNc2ccc(Oc3ccccc3F)nc2)cc1)[NH+](C)C,c1ccc(CNc2ccc(Oc3ccccc3)nc2)cc1,-4.47457655044689,0.6139705882352942,0.2441860465116279,0.2441860465116279,WSA297,GXYVJEJKTGYEDL-UHFFFAOYSA-N,10.1021/acsomega.5c06380,运行/运行/ATP-VSW/ATP-VSW-DOCK_HTVS_1-001_lib/ATP-VSW-DOCK_HTVS_1-001_lib
ATP-HTVS-2E3E6C1A8749,91843,CN(Cc1sc2ccccc2c1N(C)[C@@H](C#N)c1ccccc1)C(=O)Cc1ccc(O)cc1,O=C(Cc1ccccc1)NCc1sc2ccccc2c1NCc1ccccc1,-5.1012505243429,0.8529411764705882,0.2261904761904762,0.21686746987951808,compound 1 (Fraunfelter 2023),WIDVPHSBAXLSEU-LJQANCHMSA-N,10.1021/acsinfecdis.3c00317,运行/运行/ATP-VSW/ATP-VSW-DOCK_HTVS_1-003_lib/ATP-VSW-DOCK_HTVS_1-003_lib.mae
ATP-HTVS-2E4BDA1C28D9,99937,CN(Cc1ccccc1C[NH+]1CCCC1)c1c(C(=O)N(CC#N)c2ccccc2)[nH]c2ccccc12,O=C(Nc1ccccc1)c1[nH]c2ccccc2c1NCc1ccccc1C[NH+]1CCCC1,-2.55762200684525,0.12438725490196079,0.1956521739130435,0.2087912087912088,compound 18 (Steed 2022),DCLANSSFVIGXHQ-OAQYLSRUSA-N,10.1021/acsomega.2c03127,运行/运行/ATP-VSW/ATP-VSW-DOCK_HTVS_1-002_lib.maegz
ATP-HTVS-2E7AE7689BA0,25602,CN(C)Cc1ccc(CNc2nc(NCc3ccc(F)cc3)[nH+]c3ccccc23)cc1,c1ccc(CNc2nc(NCc3ccccc3)c3ccccc3[nH+]2)cc1,-1.29539637949352,0.02267156862745101,0.36065573770491804,0.42105263157894735,Ward2024 compound 1,DVUDEYVEBQKKMF-UHFFFAOYSA-N,10.1021/acsmedchemlett.3c00480,运行/运行/ATP-VSW/ATP-VSW-DOCK_HTVS_1-002_lib.maegz
ATP-HTVS-2ECA33AB7628,73634,C[NH+](C)Cc1cccc(CNc2ccsc2C(=O)N(CC[NH3+])c2ccccc2)c1,O=C(Nc1ccccc1)c1sccc1NCc1ccccc1,-4.80153473462974,0.7591911764705882,0.2222222222222222,0.2676056338028169,compound 15 (Steed 2022),RIDDIWJTDCGXDH-NRFANRHFSA-N,10.1021/acsomega.2c03127,运行/运行/ATP-VSW/ATP-VSW-DOCK_HTVS_1-002_lib.maegz
ATP-HTVS-2EE3FF4CB435,49219,COc1cc(CN(C)Cc2ccc(C[NH+](C)C)cc2)cc(Br)c1OCc1ccccc1,c1ccc(CNCc2ccc(OCc3ccccc3)cc2)cc1,-2.77759502533193,0.13664215686274506,0.22077922077922077,0.26153846153846155,compound 15 (Steed 2022),RIDDIWJTDCGXDH-NRFANRHFSA-N,10.1021/acsomega.2c03127,运行/运行/ATP-VSW/ATP-VSW-DOCK_HTVS_1-003_lib/ATP-VSW-DOCK_HTVS_1-003_lib.mae
ATP-HTVS-2F35A8572662,23459,COc1ccccc1OCc1ccc(C[NH2+]Cc2ccc(C[NH+](C)C)cc2)o1,c1ccc(C[NH2+]Cc2ccc(COc3ccccc3)o2)cc1,-4.070623198666,0.4430147058823529,0.1917808219178082,0.36666666666666664,compound 8 (Steed 2022),ROJPDORYZONAPF-UHFFFAOYSA-N,10.1021/acsomega.2c03127,运行/运行/ATP-VSW/ATP-VSW-DOCK_HTVS_1-003_lib/ATP-VSW-DOCK_HTVS_1-003_lib.mae
ATP-HTVS-2F483D9FE7EF,3937,Cc1[nH]c2ccccc2/c(=[NH+]/C[C@H](c2ccc(O)cc2)[NH+](C)C)c1C(=O)Nc1ccccc1,O=C(Nc1ccccc1)c1c[nH]c2ccccc2c1=[NH+]CCc1ccccc1,-5.18208981650727,0.8756127450980392,0.20454545454545456,0.21839080459770116,compound 18 (Steed 2022),DCLANSSFVIGXHQ-OAQYLSRUSA-N,10.1021/acsomega.2c03127,运行/运行/ATP-VSW/ATP-VSW-DOCK_HTVS_1-001_lib/ATP-VSW-DOCK_HTVS_1-001_lib
ATP-HTVS-2F9574F7896C,85185,C[NH+](C)[C@@H](C(=O)Nc1nc2ccccc2cc1N(CC#N)c1ccccc1)c1ccccc1,O=C(Cc1ccccc1)Nc1nc2ccccc2cc1Nc1ccccc1,-4.88693887294164,0.7843137254901961,0.2857142857142857,0.2894736842105263,compound 15 (Steed 2022),RIDDIWJTDCGXDH-NRFANRHFSA-N,10.1021/acsomega.2c03127,运行/运行/ATP-VSW/ATP-VSW-DOCK_HTVS_1-001_lib/ATP-VSW-DOCK_HTVS_1-001_lib
ATP-HTVS-2F9E11536268,92386,N#Cc1cccc(CC(=O)Nc2nc3ccccc3cc2C#C[C@H]([NH3+])Cc2cccc(F)c2)c1,O=C(Cc1ccccc1)Nc1nc2ccccc2cc1C#CCCc1ccccc1,-5.14884966862369,0.866421568627451,0.2823529411764706,0.3170731707317073,compound 1 (Fraunfelter 2023),WIDVPHSBAXLSEU-LJQANCHMSA-N,10.1021/acsinfecdis.3c00317,运行/运行/ATP-VSW/ATP-VSW-DOCK_HTVS_1-002_lib.maegz
ATP-HTVS-2FD0321978A1,47427,C[NH+]1CCN(c2ccc(CN3CC(=O)Nc4ccc(Cl)cc4[C@@H]3c3ccccc3F)cc2F)CC1,O=C1CN(Cc2ccc(N3CC[NH2+]CC3)cc2)C(c2ccccc2)c2ccccc2N1,-1.59297605584643,0.04166666666666663,0.17525773195876287,0.18888888888888888,WSA298,IZWVLJVCXHHUOO-UHFFFAOYSA-N,10.1021/acsomega.5c06380,运行/运行/ATP-VSW/ATP-VSW-DOCK_HTVS_1-003_lib/ATP-VSW-DOCK_HTVS_1-003_lib.mae
ATP-HTVS-2FDBF4F6464D,85218,[NH3+][C@@H](C#Cc1cnc2ccccc2c1NC(=O)Cc1ccc(O)cc1)Cc1cccc(F)c1,O=C(Cc1ccccc1)Nc1c(C#CCCc2ccccc2)cnc2ccccc12,-5.5539810490699,0.9283088235294118,0.2891566265060241,0.2926829268292683,compound 1 (Fraunfelter 2023),WIDVPHSBAXLSEU-LJQANCHMSA-N,10.1021/acsinfecdis.3c00317,运行/运行/ATP-VSW/ATP-VSW-DOCK_HTVS_1-002_lib.maegz
ATP-HTVS-2FF622879777,92707,C[C@H](C#N)N(c1ccccc1)c1cnc2ccccc2c1NC(=O)c1ccc([S-])cc1,O=C(Nc1c(Nc2ccccc2)cnc2ccccc12)c1ccccc1,-3.69766458878502,0.2904411764705882,0.23170731707317074,0.21686746987951808,compound 15 (Steed 2022),RIDDIWJTDCGXDH-NRFANRHFSA-N,10.1021/acsomega.2c03127,运行/运行/ATP-VSW/ATP-VSW-DOCK_HTVS_1-003_lib/ATP-VSW-DOCK_HTVS_1-003_lib.mae
ATP-HTVS-30270CEE1891,59297,C[C@@H](Nc1nc(NCc2ccc(F)cc2C[NH+](C)C)[nH+]c2ccccc12)c1cccc(C#N)c1,c1ccc(CNc2nc(NCc3ccccc3)c3ccccc3[nH+]2)cc1,-4.21263417633159,0.49264705882352944,0.20652173913043478,0.26582278481012656,compound 15 (Steed 2022),RIDDIWJTDCGXDH-NRFANRHFSA-N,10.1021/acsomega.2c03127,运行/运行/ATP-VSW/ATP-VSW-DOCK_HTVS_1-001_lib/ATP-VSW-DOCK_HTVS_1-001_lib
ATP-HTVS-305D97AD9924,74114,CC(=O)c1cccc(C(=O)Nc2nc3ccccc3cc2NCc2ccc(C[NH+](C)C)cc2)c1,O=C(Nc1nc2ccccc2cc1NCc1ccccc1)c1ccccc1,-3.83900291155566,0.35110294117647056,0.2948717948717949,0.4153846153846154,compound 1 (Fraunfelter 2023),WIDVPHSBAXLSEU-LJQANCHMSA-N,10.1021/acsinfecdis.3c00317,运行/运行/ATP-VSW/ATP-VSW-DOCK_HTVS_1-002_lib.maegz
ATP-HTVS-30920D5A25EC,68290,CC[N@H+](C)Cc1cccc(C[NH2+]Cc2cn(C)nc2-c2ccc(C#N)cc2)c1,c1ccc(C[NH2+]Cc2c[nH]nc2-c2ccccc2)cc1,-5.40486676914334,0.9111519607843137,0.1839080459770115,0.27710843373493976,WSA280,XQBWCRMKNUAPEC-UHFFFAOYSA-N,10.1021/acsomega.5c06380,运行/运行/ATP-VSW/ATP-VSW-DOCK_HTVS_1-002_lib.maegz
ATP-HTVS-30B3F39EA660,48035,C[NH+](C)Cc1ccc(CCNc2nc(NCC(=O)NCc3ccccc3)[nH+]c3ccccc23)cc1,O=C(CNc1nc(NCCc2ccccc2)c2ccccc2[nH+]1)NCc1ccccc1,-4.12517906913131,0.4638480392156863,0.21951219512195122,0.34328358208955223,compound 15 (Steed 2022),RIDDIWJTDCGXDH-NRFANRHFSA-N,10.1021/acsomega.2c03127,运行/运行/ATP-VSW/ATP-VSW-DOCK_HTVS_1-003_lib/ATP-VSW-DOCK_HTVS_1-003_lib.mae
ATP-HTVS-30BD0ED907F3,32770,CN(CC(=O)NCc1ccccc1)c1nc(NCCc2ccc(C[NH+](C)C)cc2)[nH+]c2ccccc12,O=C(CNc1nc(NCCc2ccccc2)[nH+]c2ccccc12)NCc1ccccc1,-4.92501627768015,0.7977941176470589,0.2261904761904762,0.3382352941176471,compound 15 (Steed 2022),RIDDIWJTDCGXDH-NRFANRHFSA-N,10.1021/acsomega.2c03127,运行/运行/ATP-VSW/ATP-VSW-DOCK_HTVS_1-002_lib.maegz
ATP-HTVS-30D2448AA284,71137,COc1ccccc1CC(=O)Nc1nc2ccccc2cc1NCc1cccc(C[NH+](C)C)c1,O=C(Cc1ccccc1)Nc1nc2ccccc2cc1NCc1ccccc1,-4.4917818030911,0.6231617647058824,0.35526315789473684,0.37333333333333335,compound 15 (Steed 2022),RIDDIWJTDCGXDH-NRFANRHFSA-N,10.1021/acsomega.2c03127,运行/运行/ATP-VSW/ATP-VSW-DOCK_HTVS_1-001_lib/ATP-VSW-DOCK_HTVS_1-001_lib
ATP-HTVS-3100283A95A9,60066,CN(Cc1ccc(C[NH+](C)C)cc1)c1nc2ccccc2nc1NCc1c(N)cccc1Cl,c1ccc(CNc2nc3ccccc3nc2NCc2ccccc2)cc1,-4.09687910409603,0.45649509803921573,0.2602739726027397,0.3333333333333333,Ward2024 compound 1,DVUDEYVEBQKKMF-UHFFFAOYSA-N,10.1021/acsmedchemlett.3c00480,运行/运行/ATP-VSW/ATP-VSW-DOCK_HTVS_1-002_lib.maegz
ATP-HTVS-313D067647DC,54849,Cc1c(CN2CC(=O)Nc3ccccc3[C@H]2c2ccccc2)cc(F)cc1[N+](=O)[O-],O=C1CN(Cc2ccccc2)C(c2ccccc2)c2ccccc2N1,-2.92076872489903,0.14828431372549022,0.2,0.2,WSA298,IZWVLJVCXHHUOO-UHFFFAOYSA-N,10.1021/acsomega.5c06380,运行/运行/ATP-VSW/ATP-VSW-DOCK_HTVS_1-001_lib/ATP-VSW-DOCK_HTVS_1-001_lib
ATP-HTVS-31B048FE5E9A,99298,N#C[C@H](Nc1cnc(NC(=O)Cc2ccc(F)cc2)c2ccccc12)c1ccc(F)cc1,O=C(Cc1ccccc1)Nc1ncc(NCc2ccccc2)c2ccccc12,-4.0113738311198,0.4234068627450981,0.2289156626506024,0.2289156626506024,WSA298,IZWVLJVCXHHUOO-UHFFFAOYSA-N,10.1021/acsomega.5c06380,运行/运行/ATP-VSW/ATP-VSW-DOCK_HTVS_1-003_lib/ATP-VSW-DOCK_HTVS_1-003_lib.mae
ATP-HTVS-322651E221E8,67842,Cc1cccc(C[C@H]([NH2+]Cc2ccc(OCc3ccccc3)c(OCc3ccccc3)c2)C(=O)[O-])c1,c1ccc(CC[NH2+]Cc2ccc(OCc3ccccc3)c(OCc3ccccc3)c2)cc1,-4.25380853854629,0.5134803921568627,0.26666666666666666,0.34782608695652173,compound 15 (Steed 2022),RIDDIWJTDCGXDH-NRFANRHFSA-N,10.1021/acsomega.2c03127,运行/运行/ATP-VSW/ATP-VSW-DOCK_HTVS_1-002_lib.maegz
ATP-HTVS-323526AAC152,84355,CC[NH+](CC)Cc1cccc(CNc2c(NC(=O)c3cc(F)cc(C#N)c3)c[nH+]c3ccccc23)c1,O=C(Nc1c[nH+]c2ccccc2c1NCc1ccccc1)c1ccccc1,-4.9462186774937,0.8057598039215687,0.16831683168316833,0.21505376344086022,compound 18 (Steed 2022),DCLANSSFVIGXHQ-OAQYLSRUSA-N,10.1021/acsomega.2c03127,运行/运行/ATP-VSW/ATP-VSW-DOCK_HTVS_1-003_lib/ATP-VSW-DOCK_HTVS_1-003_lib.mae
ATP-HTVS-3254A7EDB406,72033,Cc1cc(C(=O)Nc2c[nH+]c3ccccc3c2NCc2ccc(C[NH+](C)C)cc2)ccc1Cl,O=C(Nc1c[nH+]c2ccccc2c1NCc1ccccc1)c1ccccc1,-3.83573268873361,0.3492647058823529,0.18604651162790697,0.3108108108108108,compound 8 (Steed 2022),ROJPDORYZONAPF-UHFFFAOYSA-N,10.1021/acsomega.2c03127,运行/运行/ATP-VSW/ATP-VSW-DOCK_HTVS_1-001_lib/ATP-VSW-DOCK_HTVS_1-001_lib
ATP-HTVS-327AC6849941,85090,C[C@H](C#N)N(c1ccccc1)c1cnc2ccccc2c1NC(=O)[C@H](c1ccc(Cl)cc1)N(C)C,O=C(Cc1ccccc1)Nc1c(Nc2ccccc2)cnc2ccccc12,-3.2895630535721,0.19117647058823528,0.22093023255813954,0.20689655172413793,compound 15 (Steed 2022),RIDDIWJTDCGXDH-NRFANRHFSA-N,10.1021/acsomega.2c03127,运行/运行/ATP-VSW/ATP-VSW-DOCK_HTVS_1-002_lib.maegz
ATP-HTVS-32D1D0195572,89443,CN(C(=O)Cc1ccc(F)cc1)c1ccncc1NCc1cccc(C[NH+](C)C)c1,O=C(Cc1ccccc1)Nc1ccncc1NCc1ccccc1,-5.01774885186118,0.8314950980392157,0.22988505747126436,0.29577464788732394,WSA298,IZWVLJVCXHHUOO-UHFFFAOYSA-N,10.1021/acsomega.5c06380,运行/运行/ATP-VSW/ATP-VSW-DOCK_HTVS_1-003_lib/ATP-VSW-DOCK_HTVS_1-003_lib.mae
ATP-HTVS-33706D459A7A,91618,C[NH+]1CCN(c2ccc(F)cc2C(=O)Nc2c(N(CC#N)c3ccccc3)cnc3ccccc23)CC1,O=C(Nc1c(Nc2ccccc2)cnc2ccccc12)c1ccccc1N1CC[NH2+]CC1,-3.58202856024223,0.25612745098039214,0.20202020202020202,0.24175824175824176,WSA236,CJWSCOKTAUPKHM-UHFFFAOYSA-N,10.1002/cmdc.202400952,运行/运行/ATP-VSW/ATP-VSW-DOCK_HTVS_1-002_lib.maegz
ATP-HTVS-337D10985B1B,47106,CC[NH+](CC)Cc1ccc(C[NH2+]Cc2cn(CCC#N)nc2-c2ccc(Cl)cc2)cc1,c1ccc(C[NH2+]Cc2c[nH]nc2-c2ccccc2)cc1,-3.84044138129612,0.352328431372549,0.15384615384615385,0.2638888888888889,WSA298,IZWVLJVCXHHUOO-UHFFFAOYSA-N,10.1021/acsomega.5c06380,运行/运行/ATP-VSW/ATP-VSW-DOCK_HTVS_1-002_lib.maegz
ATP-HTVS-33BC72D3D2BF,81217,C[NH+](C)Cc1cccc(CNc2cnc(N)c(OCc3ccccc3)n2)c1,c1ccc(CNc2cncc(OCc3ccccc3)n2)cc1,-3.74541522522029,0.3075980392156863,0.34782608695652173,0.34782608695652173,compound 15 (Steed 2022),RIDDIWJTDCGXDH-NRFANRHFSA-N,10.1021/acsomega.2c03127,运行/运行/ATP-VSW/ATP-VSW-DOCK_HTVS_1-001_lib/ATP-VSW-DOCK_HTVS_1-001_lib
ATP-HTVS-34AD6DA38229,96929,C[C@H]([NH2+]CC#Cc1c(CN(C)C(=O)Cc2ccccc2C#N)sc2ccccc12)c1ccccc1F,O=C(Cc1ccccc1)NCc1sc2ccccc2c1C#CC[NH2+]Cc1ccccc1,-3.81980623817494,0.3425245098039216,0.16831683168316833,0.1827956989247312,compound 19 (Steed 2022),DHQKBEDPXLHXAJ-OAQYLSRUSA-N,10.1021/acsomega.2c03127,运行/运行/ATP-VSW/ATP-VSW-DOCK_HTVS_1-002_lib.maegz
ATP-HTVS-34E58924FFDD,63425,C[NH+](C)Cc1ccccc1CNc1nc2ccccc2nc1NCc1cccc(S(N)(=O)=O)c1,c1ccc(CNc2nc3ccccc3nc2NCc2ccccc2)cc1,-3.89709667639251,0.3700980392156863,0.25,0.3181818181818182,compound 15 (Steed 2022),RIDDIWJTDCGXDH-NRFANRHFSA-N,10.1021/acsomega.2c03127,运行/运行/ATP-VSW/ATP-VSW-DOCK_HTVS_1-001_lib/ATP-VSW-DOCK_HTVS_1-001_lib
ATP-HTVS-351CA3F2F79F,84738,CN(C)Cc1ccccc1Nc1c(C(=O)N(C)Cc2cccc(F)c2)c(=O)[nH]c2ccccc12,O=C(NCc1ccccc1)c1c(Nc2ccccc2)c2ccccc2[nH]c1=O,0.243459768400692,0.0,0.21518987341772153,0.21518987341772153,Ward2024 compound 1,DVUDEYVEBQKKMF-UHFFFAOYSA-N,10.1021/acsmedchemlett.3c00480,运行/运行/ATP-VSW/ATP-VSW-DOCK_HTVS_1-002_lib.maegz
ATP-HTVS-35279CDCCBE9,29026,Cc1cccc(-c2nn(Cc3ccccc3)cc2CNCc2ccccc2O)c1,c1ccc(CNCc2cn(Cc3ccccc3)nc2-c2ccccc2)cc1,-4.75400232538984,0.7383578431372548,0.36764705882352944,0.36764705882352944,WSA294,FPTVNOKSIHPUTA-UHFFFAOYSA-N,10.1021/acsomega.5c06380,运行/运行/ATP-VSW/ATP-VSW-DOCK_HTVS_1-002_lib.maegz
ATP-HTVS-354B8B3BDEB4,62498,CN(C)Cc1cc(NCc2c(-c3ccccc3)nn3ccccc23)ccc1Cl,c1ccc(NCc2c(-c3ccccc3)nn3ccccc23)cc1,-2.16189403409841,0.08762254901960786,0.2361111111111111,0.2361111111111111,Ward2024 compound 1,DVUDEYVEBQKKMF-UHFFFAOYSA-N,10.1021/acsmedchemlett.3c00480,运行/运行/ATP-VSW/ATP-VSW-DOCK_HTVS_1-002_lib.maegz
ATP-HTVS-3565F86F920E,47203,CN(C)Cc1ccccc1CNC(=O)c1cc(-c2nc3ccccc3s2)nc2ccccc12,O=C(NCc1ccccc1)c1cc(-c2nc3ccccc3s2)nc2ccccc12,-3.316784259701,0.196078431372549,0.28169014084507044,0.28169014084507044,Ward2024 compound 1,DVUDEYVEBQKKMF-UHFFFAOYSA-N,10.1021/acsmedchemlett.3c00480,运行/运行/ATP-VSW/ATP-VSW-DOCK_HTVS_1-003_lib/ATP-VSW-DOCK_HTVS_1-003_lib.mae
ATP-HTVS-357411F5F88B,74113,CC(=O)c1ccc(C(=O)Nc2c[nH+]c3ccccc3c2NCc2ccc(C[NH+](C)C)cc2)cc1,O=C(Nc1c[nH+]c2ccccc2c1NCc1ccccc1)c1ccccc1,-4.19577157448646,0.4871323529411765,0.19540229885057472,0.3188405797101449,compound 18 (Steed 2022),DCLANSSFVIGXHQ-OAQYLSRUSA-N,10.1021/acsomega.2c03127,运行/运行/ATP-VSW/ATP-VSW-DOCK_HTVS_1-001_lib/ATP-VSW-DOCK_HTVS_1-001_lib
ATP-HTVS-35C3F0A919D0,82019,C[C@H]([NH2+]CC#Cc1cnc(NC(=O)Cc2ccc(O)cc2)c2ccccc12)c1ccccc1F,O=C(Cc1ccccc1)Nc1ncc(C#CC[NH2+]Cc2ccccc2)c2ccccc12,-3.92972442664194,0.3884803921568627,0.24705882352941178,0.275,compound 1 (Fraunfelter 2023),WIDVPHSBAXLSEU-LJQANCHMSA-N,10.1021/acsinfecdis.3c00317,运行/运行/ATP-VSW/ATP-VSW-DOCK_HTVS_1-003_lib/ATP-VSW-DOCK_HTVS_1-003_lib.mae
ATP-HTVS-35F96912410D,85538,N#C[C@@H](N[C@H](C#CCNCc1ccccc1)c1csc2ccccc12)c1ccc(F)cc1,C(#CC(NCc1ccccc1)c1csc2ccccc12)CNCc1ccccc1,-3.68509788036763,0.2867647058823529,0.22988505747126436,0.23255813953488372,WSA298,IZWVLJVCXHHUOO-UHFFFAOYSA-N,10.1021/acsomega.5c06380,运行/运行/ATP-VSW/ATP-VSW-DOCK_HTVS_1-002_lib.maegz
ATP-HTVS-362E300BB66B,5762,C[C@@H]([NH2+]Cc1ccccc1OCC[NH+](C)C)c1cc2cccc(Cl)c2c(=O)n1-c1ccccc1,O=c1c2ccccc2cc(C[NH2+]Cc2ccccc2)n1-c1ccccc1,-4.44153497713176,0.5968137254901961,0.19101123595505617,0.2619047619047619,compound 15 (Steed 2022),RIDDIWJTDCGXDH-NRFANRHFSA-N,10.1021/acsomega.2c03127,运行/运行/ATP-VSW/ATP-VSW-DOCK_HTVS_1-002_lib.maegz
ATP-HTVS-3634D47351B0,22754,Cc1cccc([C@@H](C)[NH2+]C[C@@H]2c3ccccc3C(=O)N2Cc2ccccc2)c1,O=C1c2ccccc2C(C[NH2+]Cc2ccccc2)N1Cc1ccccc1,-5.52014451029596,0.9258578431372549,0.1875,0.21518987341772153,compound 15 (Steed 2022),RIDDIWJTDCGXDH-NRFANRHFSA-N,10.1021/acsomega.2c03127,运行/运行/ATP-VSW/ATP-VSW-DOCK_HTVS_1-002_lib.maegz
ATP-HTVS-3654BFD7575B,81409,C[NH+](C)Cc1ccc(CNc2cscc2C(=O)N(CC[NH3+])c2ccc(Cl)cc2)cc1,O=C(Nc1ccccc1)c1cscc1NCc1ccccc1,-3.71645058261148,0.29656862745098034,0.21686746987951808,0.30434782608695654,compound 1 (Fraunfelter 2023),WIDVPHSBAXLSEU-LJQANCHMSA-N,10.1021/acsinfecdis.3c00317,运行/运行/ATP-VSW/ATP-VSW-DOCK_HTVS_1-001_lib/ATP-VSW-DOCK_HTVS_1-001_lib
ATP-HTVS-366F4BAC4B87,78434,COc1ccccc1-c1ccnc(NC(=O)c2ccc(C[NH+](C)C)cc2)c1C(=O)c1ccccc1,O=C(Nc1nccc(-c2ccccc2)c1C(=O)c1ccccc1)c1ccccc1,-4.01338528609497,0.4240196078431373,0.25,0.2638888888888889,compound 8 (Steed 2022),ROJPDORYZONAPF-UHFFFAOYSA-N,10.1021/acsomega.2c03127,运行/运行/ATP-VSW/ATP-VSW-DOCK_HTVS_1-002_lib.maegz
ATP-HTVS-3676162553B8,62241,[NH3+]Cc1ccc(CNC(=O)c2oc3ccccc3c2CSc2ccc(F)cc2)cc1,O=C(NCc1ccccc1)c1oc2ccccc2c1CSc1ccccc1,-5.01328621734618,0.8284313725490196,0.24390243902439024,0.24390243902439024,WSA298,IZWVLJVCXHHUOO-UHFFFAOYSA-N,10.1021/acsomega.5c06380,运行/运行/ATP-VSW/ATP-VSW-DOCK_HTVS_1-001_lib/ATP-VSW-DOCK_HTVS_1-001_lib
ATP-HTVS-368B62E0C748,29569,O=C1CN(Cc2c(F)cccc2F)[C@H](c2ccccc2)c2ccccc2N1,O=C1CN(Cc2ccccc2)C(c2ccccc2)c2ccccc2N1,-1.40309381742981,0.026348039215686292,0.1728395061728395,0.1728395061728395,WSA298,IZWVLJVCXHHUOO-UHFFFAOYSA-N,10.1021/acsomega.5c06380,运行/运行/ATP-VSW/ATP-VSW-DOCK_HTVS_1-001_lib/ATP-VSW-DOCK_HTVS_1-001_lib
ATP-HTVS-369F0F09D6A7,81955,C[NH2+]CCc1ccc(Nc2c(NC(=O)CN(C)c3ccccc3)cnc3ccccc23)cc1,O=C(CNc1ccccc1)Nc1cnc2ccccc2c1Nc1ccccc1,-4.56461486732011,0.6574754901960784,0.2625,0.25,compound 8 (Steed 2022),ROJPDORYZONAPF-UHFFFAOYSA-N,10.1021/acsomega.2c03127,运行/运行/ATP-VSW/ATP-VSW-DOCK_HTVS_1-003_lib/ATP-VSW-DOCK_HTVS_1-003_lib.mae
ATP-HTVS-36CDFE25DCA8,48866,C[C@H]([NH2+]Cc1ccc(-c2ccccc2[N+](=O)[O-])s1)c1ccc(C[NH+](C)C)cc1,c1ccc(C[NH2+]Cc2ccc(-c3ccccc3)s2)cc1,-4.56079973996032,0.6568627450980392,0.13953488372093023,0.25,compound 15 (Steed 2022),RIDDIWJTDCGXDH-NRFANRHFSA-N,10.1021/acsomega.2c03127,运行/运行/ATP-VSW/ATP-VSW-DOCK_HTVS_1-002_lib.maegz
ATP-HTVS-37164D6EE04D,58531,Cc1cccc2sc(N(Cc3ccccc3)C(=O)C[NH2+][C@@H](C)c3ccc(C[NH+](C)C)cc3)nc12,O=C(C[NH2+]Cc1ccccc1)N(Cc1ccccc1)c1nc2ccccc2s1,-5.62296516979156,0.9362745098039216,0.20224719101123595,0.2631578947368421,compound 15 (Steed 2022),RIDDIWJTDCGXDH-NRFANRHFSA-N,10.1021/acsomega.2c03127,运行/运行/ATP-VSW/ATP-VSW-DOCK_HTVS_1-003_lib/ATP-VSW-DOCK_HTVS_1-003_lib.mae
ATP-HTVS-375881F1CECF,69635,C[NH+](C)Cc1ccc(CNc2cnc(NC(=O)Cc3ccccc3)c(-n3cccc3)c2)cc1,O=C(Cc1ccccc1)Nc1ncc(NCc2ccccc2)cc1-n1cccc1,-3.48036158988344,0.22855392156862742,0.25316455696202533,0.3188405797101449,compound 15 (Steed 2022),RIDDIWJTDCGXDH-NRFANRHFSA-N,10.1021/acsomega.2c03127,运行/运行/ATP-VSW/ATP-VSW-DOCK_HTVS_1-003_lib/ATP-VSW-DOCK_HTVS_1-003_lib.mae
ATP-HTVS-37921E17B72D,72225,Cc1ccc([C@@H](O)CNc2cnc3ccccc3c2NC(=O)[C@@H](Cl)c2ccccc2)cc1,O=C(Cc1ccccc1)Nc1c(NCCc2ccccc2)cnc2ccccc12,-4.62169262245687,0.6868872549019608,0.2375,0.2073170731707317,compound 15 (Steed 2022),RIDDIWJTDCGXDH-NRFANRHFSA-N,10.1021/acsomega.2c03127,运行/运行/ATP-VSW/ATP-VSW-DOCK_HTVS_1-001_lib/ATP-VSW-DOCK_HTVS_1-001_lib
ATP-HTVS-37A579E82C38,28641,C[NH+](C)Cc1cccc(CNc2nc3ccccc3nc2NCc2ccccc2Cl)c1,c1ccc(CNc2nc3ccccc3nc2NCc2ccccc2)cc1,-4.25561128381459,0.5147058823529411,0.26865671641791045,0.36666666666666664,Ward2024 compound 6,LKLACXNGVWXYAW-UHFFFAOYSA-N,10.1021/acsmedchemlett.3c00480,运行/运行/ATP-VSW/ATP-VSW-DOCK_HTVS_1-001_lib/ATP-VSW-DOCK_HTVS_1-001_lib
ATP-HTVS-37D34080A09D,36291,Cc1ccc(-c2nn(Cc3ccccc3)cc2C[NH2+]C[C@H](c2cccnc2)N(C)C)cc1,c1ccc(Cn2cc(C[NH2+]CCc3cccnc3)c(-c3ccccc3)n2)cc1,-4.73466550433163,0.7316176470588236,0.24705882352941178,0.3291139240506329,WSA280,XQBWCRMKNUAPEC-UHFFFAOYSA-N,10.1021/acsomega.5c06380,运行/运行/ATP-VSW/ATP-VSW-DOCK_HTVS_1-003_lib/ATP-VSW-DOCK_HTVS_1-003_lib.mae
ATP-HTVS-37EC6A305554,73986,CCc1ccc(CC(=O)Nc2nc3ccccc3cc2N(CC#N)c2ccccc2)cc1,O=C(Cc1ccccc1)Nc1nc2ccccc2cc1Nc1ccccc1,-4.77778887211193,0.7493872549019608,0.34285714285714286,0.34285714285714286,compound 8 (Steed 2022),ROJPDORYZONAPF-UHFFFAOYSA-N,10.1021/acsomega.2c03127,运行/运行/ATP-VSW/ATP-VSW-DOCK_HTVS_1-002_lib.maegz
ATP-HTVS-37F8BE6B2288,68929,C[NH+](C)Cc1cccc(CNC(=O)c2cnc3ccc(F)cc3c2N(CC#N)c2ccccc2)c1,O=C(NCc1ccccc1)c1cnc2ccccc2c1Nc1ccccc1,-5.04750284427241,0.8382352941176471,0.2247191011235955,0.2625,compound 15 (Steed 2022),RIDDIWJTDCGXDH-NRFANRHFSA-N,10.1021/acsomega.2c03127,运行/运行/ATP-VSW/ATP-VSW-DOCK_HTVS_1-001_lib/ATP-VSW-DOCK_HTVS_1-001_lib
ATP-HTVS-381C421540AF,67234,C[NH+](C)Cc1cc(CNc2nc(NCc3ccc(CO)cc3F)c3ccccc3n2)ccc1F,c1ccc(CNc2nc(NCc3ccccc3)c3ccccc3n2)cc1,-4.09567655452952,0.4552696078431373,0.25316455696202533,0.32857142857142857,compound 8 (Steed 2022),ROJPDORYZONAPF-UHFFFAOYSA-N,10.1021/acsomega.2c03127,运行/运行/ATP-VSW/ATP-VSW-DOCK_HTVS_1-002_lib.maegz
ATP-HTVS-38928739B049,49763,O=C1CN(Cc2cccc(F)c2Cl)[C@H](c2ccccc2F)c2cc(Cl)ccc2N1,O=C1CN(Cc2ccccc2)C(c2ccccc2)c2ccccc2N1,-1.75347106647538,0.06066176470588236,0.1724137931034483,0.1724137931034483,WSA298,IZWVLJVCXHHUOO-UHFFFAOYSA-N,10.1021/acsomega.5c06380,运行/运行/ATP-VSW/ATP-VSW-DOCK_HTVS_1-003_lib/ATP-VSW-DOCK_HTVS_1-003_lib.mae
ATP-HTVS-389B4B823B19,92545,Cc1cc(F)c(C(=O)Nc2c[nH+]c3ccccc3c2N(C)[C@@H](C#N)c2ccccc2)c(Cl)c1,O=C(Nc1c[nH+]c2ccccc2c1NCc1ccccc1)c1ccccc1,-3.66019273289197,0.2757352941176471,0.16483516483516483,0.21052631578947367,compound 17 (Steed 2022),HXWNUGNSPIOUKJ-HNNXBMFYSA-N,10.1021/acsomega.2c03127,运行/运行/ATP-VSW/ATP-VSW-DOCK_HTVS_1-001_lib/ATP-VSW-DOCK_HTVS_1-001_lib
ATP-HTVS-38AA30AE7592,4258,C[NH+](C)[C@H](CNc1cc(-c2ccc(F)cc2)[nH+]c2ccccc12)c1ccc(O)cc1,c1ccc(CCNc2cc(-c3ccccc3)[nH+]c3ccccc23)cc1,-4.86895670152561,0.7745098039215687,0.2073170731707317,0.25,compound 1 (Fraunfelter 2023),WIDVPHSBAXLSEU-LJQANCHMSA-N,10.1021/acsinfecdis.3c00317,运行/运行/ATP-VSW/ATP-VSW-DOCK_HTVS_1-002_lib.maegz
ATP-HTVS-38B17C32C2B1,90305,CN(C(=O)c1c(NCc2ccc(C[NH+](C)C)cc2)c2ccccc2[nH]c1=O)c1cccnc1,O=C(Nc1cccnc1)c1c(NCc2ccccc2)c2ccccc2[nH]c1=O,-2.51345438485887,0.12193627450980393,0.2413793103448276,0.28378378378378377,compound 18 (Steed 2022),DCLANSSFVIGXHQ-OAQYLSRUSA-N,10.1021/acsomega.2c03127,运行/运行/ATP-VSW/ATP-VSW-DOCK_HTVS_1-001_lib/ATP-VSW-DOCK_HTVS_1-001_lib
ATP-HTVS-38BDED367A54,94307,C[NH+](C)Cc1ccccc1C(=O)Nc1ncc(C#Cc2ccc(C#N)cc2)nc1-c1ccccc1,O=C(Nc1ncc(C#Cc2ccccc2)nc1-c1ccccc1)c1ccccc1,-4.48054021797437,0.6176470588235294,0.19540229885057472,0.2222222222222222,compound 15 (Steed 2022),RIDDIWJTDCGXDH-NRFANRHFSA-N,10.1021/acsomega.2c03127,运行/运行/ATP-VSW/ATP-VSW-DOCK_HTVS_1-003_lib/ATP-VSW-DOCK_HTVS_1-003_lib.mae
ATP-HTVS-391C9D64EC7D,20547,CCCc1ccc(C[NH2+]Cc2ncc(-c3cccc(O)c3)cn2)cc1,c1ccc(C[NH2+]Cc2ncc(-c3ccccc3)cn2)cc1,-5.35635909721554,0.9044117647058824,0.2054794520547945,0.29411764705882354,WSA294,FPTVNOKSIHPUTA-UHFFFAOYSA-N,10.1021/acsomega.5c06380,运行/运行/ATP-VSW/ATP-VSW-DOCK_HTVS_1-003_lib/ATP-VSW-DOCK_HTVS_1-003_lib.mae
ATP-HTVS-394457ED9ABE,67073,CCOCCN(CC)Cc1ccc(C[N@@H+](C)Cc2cn(-c3ccccc3)nc2-c2cccnc2)cc1,c1ccc(C[NH2+]Cc2cn(-c3ccccc3)nc2-c2cccnc2)cc1,-2.53753789034158,0.12316176470588236,0.19148936170212766,0.19753086419753085,WSA236,CJWSCOKTAUPKHM-UHFFFAOYSA-N,10.1002/cmdc.202400952,运行/运行/ATP-VSW/ATP-VSW-DOCK_HTVS_1-001_lib/ATP-VSW-DOCK_HTVS_1-001_lib
ATP-HTVS-3966CEFE893D,72705,CCN(CC)Cc1cccc(CNc2c(C(=O)N(CC#N)c3ccccc3)[nH]c3ccccc23)c1,O=C(Nc1ccccc1)c1[nH]c2ccccc2c1NCc1ccccc1,-0.810725355427255,0.008578431372548989,0.20652173913043478,0.21978021978021978,compound 18 (Steed 2022),DCLANSSFVIGXHQ-OAQYLSRUSA-N,10.1021/acsomega.2c03127,运行/运行/ATP-VSW/ATP-VSW-DOCK_HTVS_1-001_lib/ATP-VSW-DOCK_HTVS_1-001_lib
ATP-HTVS-397149B089BD,39490,Cc1cccc(-c2nn(Cc3ccccc3)cc2C[NH2+]Cc2cccc3c2CCN3)c1,c1ccc(Cn2cc(C[NH2+]Cc3cccc4c3CCN4)c(-c3ccccc3)n2)cc1,-5.85385473217396,0.9669117647058824,0.2625,0.34210526315789475,WSA294,FPTVNOKSIHPUTA-UHFFFAOYSA-N,10.1021/acsomega.5c06380,运行/运行/ATP-VSW/ATP-VSW-DOCK_HTVS_1-002_lib.maegz
ATP-HTVS-3991B5D40CBE,95969,CCN(CC)Cc1ccc(CNc2c(C(=O)N(CC(=O)OC)c3ccccc3)[nH]c3ccccc23)cc1,O=C(Nc1ccccc1)c1[nH]c2ccccc2c1NCc1ccccc1,-0.876885055141267,0.009803921568627416,0.22988505747126436,0.22988505747126436,compound 18 (Steed 2022),DCLANSSFVIGXHQ-OAQYLSRUSA-N,10.1021/acsomega.2c03127,运行/运行/ATP-VSW/ATP-VSW-DOCK_HTVS_1-001_lib/ATP-VSW-DOCK_HTVS_1-001_lib
ATP-HTVS-39B6454C3B57,69027,CN(c1c(C(=O)NCc2cccc(C[NH+](C)C)c2)cnc2ccc(F)cc12)[C@@H](C#N)c1ccccc1,O=C(NCc1ccccc1)c1cnc2ccccc2c1NCc1ccccc1,-4.7740120789223,0.7475490196078431,0.2268041237113402,0.24096385542168675,WSA298,IZWVLJVCXHHUOO-UHFFFAOYSA-N,10.1021/acsomega.5c06380,运行/运行/ATP-VSW/ATP-VSW-DOCK_HTVS_1-003_lib/ATP-VSW-DOCK_HTVS_1-003_lib.mae
ATP-HTVS-39C66FA1D927,91619,C[NH+]1CCN(c2ccc(F)cc2C(=O)Nc2cnc3ccccc3c2N(CC#N)c2ccccc2)CC1,O=C(Nc1cnc2ccccc2c1Nc1ccccc1)c1ccccc1N1CC[NH2+]CC1,-2.65834069502136,0.13174019607843135,0.20618556701030927,0.24444444444444444,WSA298,IZWVLJVCXHHUOO-UHFFFAOYSA-N,10.1021/acsomega.5c06380,运行/运行/ATP-VSW/ATP-VSW-DOCK_HTVS_1-003_lib/ATP-VSW-DOCK_HTVS_1-003_lib.mae
ATP-HTVS-3A2C3DD6A630,99105,C[NH+](C)Cc1ccc(Nc2ccsc2C(=O)N(CC#N)Cc2ccccc2)cc1,O=C(NCc1ccccc1)c1sccc1Nc1ccccc1,-4.79414075359446,0.7561274509803921,0.18518518518518517,0.2571428571428571,compound 8 (Steed 2022),ROJPDORYZONAPF-UHFFFAOYSA-N,10.1021/acsomega.2c03127,运行/运行/ATP-VSW/ATP-VSW-DOCK_HTVS_1-002_lib.maegz
ATP-HTVS-3A4856D72337,84225,CC[NH+](CC)Cc1cccc(CNc2cc3ccccc3nc2NC(=O)c2ccccc2C(C)=O)c1,O=C(Nc1nc2ccccc2cc1NCc1ccccc1)c1ccccc1,-4.20593604890683,0.491421568627451,0.275,0.2911392405063291,compound 15 (Steed 2022),RIDDIWJTDCGXDH-NRFANRHFSA-N,10.1021/acsomega.2c03127,运行/运行/ATP-VSW/ATP-VSW-DOCK_HTVS_1-001_lib/ATP-VSW-DOCK_HTVS_1-001_lib
ATP-HTVS-3A71FF84034D,20131,C[NH+](C)Cc1ccc(C[NH2+]Cc2ccc(-c3cc(F)ccc3F)cn2)cc1,c1ccc(C[NH2+]Cc2ccc(-c3ccccc3)cn2)cc1,-5.65337754442706,0.9417892156862745,0.23376623376623376,0.38333333333333336,WSA298,IZWVLJVCXHHUOO-UHFFFAOYSA-N,10.1021/acsomega.5c06380,运行/运行/ATP-VSW/ATP-VSW-DOCK_HTVS_1-003_lib/ATP-VSW-DOCK_HTVS_1-003_lib.mae
ATP-HTVS-3A7288617524,95746,C[NH+](C)Cc1ccccc1C(=O)Nc1cnc2ccccc2c1-c1cc(Cl)nc(Cl)c1,O=C(Nc1cnc2ccccc2c1-c1ccncc1)c1ccccc1,-4.18835185540106,0.4852941176470589,0.24675324675324675,0.2638888888888889,compound 8 (Steed 2022),ROJPDORYZONAPF-UHFFFAOYSA-N,10.1021/acsomega.2c03127,运行/运行/ATP-VSW/ATP-VSW-DOCK_HTVS_1-003_lib/ATP-VSW-DOCK_HTVS_1-003_lib.mae
ATP-HTVS-3A96A568DDAE,89089,N[C@H](C#Cc1cnc2ccccc2c1NC(=O)c1ccc(C(F)(F)F)cc1)Cc1cccc(F)c1,O=C(Nc1c(C#CCCc2ccccc2)cnc2ccccc12)c1ccccc1,-2.87247311627957,0.14460784313725494,0.23595505617977527,0.2111111111111111,compound 1 (Fraunfelter 2023),WIDVPHSBAXLSEU-LJQANCHMSA-N,10.1021/acsinfecdis.3c00317,运行/运行/ATP-VSW/ATP-VSW-DOCK_HTVS_1-001_lib/ATP-VSW-DOCK_HTVS_1-001_lib
ATP-HTVS-3AF3BD852D4F,90753,N#C[C@@H](Cc1ccccc1)Nc1cc2ccccc2nc1NC(=O)[C@H](Cl)c1ccccc1,O=C(Cc1ccccc1)Nc1nc2ccccc2cc1NCCc1ccccc1,-4.60081449875776,0.6770833333333333,0.30666666666666664,0.2894736842105263,compound 15 (Steed 2022),RIDDIWJTDCGXDH-NRFANRHFSA-N,10.1021/acsomega.2c03127,运行/运行/ATP-VSW/ATP-VSW-DOCK_HTVS_1-001_lib/ATP-VSW-DOCK_HTVS_1-001_lib
ATP-HTVS-3B1236037689,83073,C[NH+](C)Cc1ccc(C(=O)Nc2c[nH+]c3ccccc3c2NCC(=O)c2ccc(Cl)cc2)cc1,O=C(CNc1c(NC(=O)c2ccccc2)c[nH+]c2ccccc12)c1ccccc1,-5.21467093159992,0.8799019607843137,0.17857142857142858,0.2702702702702703,compound 8 (Steed 2022),ROJPDORYZONAPF-UHFFFAOYSA-N,10.1021/acsomega.2c03127,运行/运行/ATP-VSW/ATP-VSW-DOCK_HTVS_1-001_lib/ATP-VSW-DOCK_HTVS_1-001_lib
ATP-HTVS-3B2E01AF7BF8,38881,Cc1ccc(OCc2nc(C[N@H+](C)Cc3ccc(C[NH+](C)C)cc3)cs2)cc1,c1ccc(C[NH2+]Cc2csc(COc3ccccc3)n2)cc1,-5.55679982869003,0.9301470588235294,0.16666666666666666,0.24242424242424243,WSA296,HCBCVTVDQQQYPH-UHFFFAOYSA-N,10.1021/acsomega.5c06380,运行/运行/ATP-VSW/ATP-VSW-DOCK_HTVS_1-001_lib/ATP-VSW-DOCK_HTVS_1-001_lib
ATP-HTVS-3B360A484FEF,85474,C[C@@H](C#N)N(C(=O)c1[nH]c2ccccc2c1NC[C@H](c1ccccc1Cl)[NH+](C)C)c1ccccc1,O=C(Nc1ccccc1)c1[nH]c2ccccc2c1NCCc1ccccc1,-3.60133061218091,0.2598039215686274,0.18947368421052632,0.1978021978021978,compound 18 (Steed 2022),DCLANSSFVIGXHQ-OAQYLSRUSA-N,10.1021/acsomega.2c03127,运行/运行/ATP-VSW/ATP-VSW-DOCK_HTVS_1-002_lib.maegz
ATP-HTVS-3B3954EE8C13,84897,[NH3+][C@@H](C#Cc1cnc2ccccc2c1NC(=O)C#Cc1cccc(F)c1)Cc1cccc(F)c1,O=C(C#Cc1ccccc1)Nc1c(C#CCCc2ccccc2)cnc2ccccc12,-6.32225078624524,0.9938725490196079,0.22826086956521738,0.22093023255813954,compound 19 (Steed 2022),DHQKBEDPXLHXAJ-OAQYLSRUSA-N,10.1021/acsomega.2c03127,运行/运行/ATP-VSW/ATP-VSW-DOCK_HTVS_1-001_lib/ATP-VSW-DOCK_HTVS_1-001_lib
ATP-HTVS-3B500C8F5D3A,77442,C#CCCNC(=O)c1cccc(CN2CC(=O)Nc3ccccc3[C@@H]2c2ccccc2)c1,O=C1CN(Cc2ccccc2)C(c2ccccc2)c2ccccc2N1,-3.3589120722721,0.20833333333333337,0.17894736842105263,0.17894736842105263,WSA298,IZWVLJVCXHHUOO-UHFFFAOYSA-N,10.1021/acsomega.5c06380,运行/运行/ATP-VSW/ATP-VSW-DOCK_HTVS_1-002_lib.maegz
ATP-HTVS-3B52AE15A314,74081,O=C1CN(Cc2cccc(C(=O)NCCF)c2)[C@H](c2ccccc2)c2ccccc2N1,O=C1CN(Cc2ccccc2)C(c2ccccc2)c2ccccc2N1,-3.91827207669053,0.38112745098039214,0.18478260869565216,0.18478260869565216,WSA298,IZWVLJVCXHHUOO-UHFFFAOYSA-N,10.1021/acsomega.5c06380,运行/运行/ATP-VSW/ATP-VSW-DOCK_HTVS_1-001_lib/ATP-VSW-DOCK_HTVS_1-001_lib
ATP-HTVS-3B591F4F1DA1,4259,C[NH+](C)[C@@H](CNc1cc(-c2ccccc2F)[nH+]c2ccccc12)c1ccc(O)cc1,c1ccc(CCNc2cc(-c3ccccc3)[nH+]c3ccccc23)cc1,-5.37618783153956,0.9074754901960784,0.2073170731707317,0.25,compound 1 (Fraunfelter 2023),WIDVPHSBAXLSEU-LJQANCHMSA-N,10.1021/acsinfecdis.3c00317,运行/运行/ATP-VSW/ATP-VSW-DOCK_HTVS_1-003_lib/ATP-VSW-DOCK_HTVS_1-003_lib.mae
ATP-HTVS-3B615F85BA41,73953,CC(=O)c1cccc(C(=O)Nc2ncc(NCc3ccc(C[NH+](C)C)cc3)c3ccccc23)c1,O=C(Nc1ncc(NCc2ccccc2)c2ccccc12)c1ccccc1,-4.78799657709764,0.7536764705882353,0.20481927710843373,0.29577464788732394,compound 1 (Fraunfelter 2023),WIDVPHSBAXLSEU-LJQANCHMSA-N,10.1021/acsinfecdis.3c00317,运行/运行/ATP-VSW/ATP-VSW-DOCK_HTVS_1-001_lib/ATP-VSW-DOCK_HTVS_1-001_lib
ATP-HTVS-3B760C3B8D5C,71811,COc1ccccc1C(=O)Nc1c[nH+]c2ccccc2c1NCc1ccc(C[NH+](C)C)cc1,O=C(Nc1c[nH+]c2ccccc2c1NCc1ccccc1)c1ccccc1,-5.14442994870982,0.8651960784313726,0.2222222222222222,0.3055555555555556,compound 8 (Steed 2022),ROJPDORYZONAPF-UHFFFAOYSA-N,10.1021/acsomega.2c03127,运行/运行/ATP-VSW/ATP-VSW-DOCK_HTVS_1-003_lib/ATP-VSW-DOCK_HTVS_1-003_lib.mae
ATP-HTVS-3B9AE635146A,63874,Cc1cc(N)ccc1CNc1nc2ccccc2nc1NCc1ccccc1C[NH+](C)C,c1ccc(CNc2nc3ccccc3nc2NCc2ccccc2)cc1,-4.26933921246392,0.5202205882352942,0.23076923076923078,0.3225806451612903,Ward2024 compound 5,BMTCMYDFINDWQK-UHFFFAOYSA-N,10.1021/acsmedchemlett.3c00480,运行/运行/ATP-VSW/ATP-VSW-DOCK_HTVS_1-002_lib.maegz
ATP-HTVS-3BC1681A99C2,35363,CCNc1ccc(C[NH2+]Cc2csc(N(C(C)=O)c3ccccc3)n2)cc1,c1ccc(C[NH2+]Cc2csc(Nc3ccccc3)n2)cc1,-5.51048708846831,0.9252450980392157,0.23684210526315788,0.29850746268656714,compound 8 (Steed 2022),ROJPDORYZONAPF-UHFFFAOYSA-N,10.1021/acsomega.2c03127,运行/运行/ATP-VSW/ATP-VSW-DOCK_HTVS_1-003_lib/ATP-VSW-DOCK_HTVS_1-003_lib.mae
ATP-HTVS-3BCB6D34D9FC,82627,CNc1cccc(CNc2cc(C(=O)N(C)Cc3ccccc3)sc2Cl)c1,O=C(NCc1ccccc1)c1cc(NCc2ccccc2)cs1,-3.77091312601177,0.32352941176470584,0.2222222222222222,0.23076923076923078,Ward2024 compound 1,DVUDEYVEBQKKMF-UHFFFAOYSA-N,10.1021/acsmedchemlett.3c00480,运行/运行/ATP-VSW/ATP-VSW-DOCK_HTVS_1-003_lib/ATP-VSW-DOCK_HTVS_1-003_lib.mae
ATP-HTVS-3BEA167C6DE4,61442,C[NH+](C)Cc1ccc(C[N@@H+](C)Cc2cn(CCC#N)nc2-c2ccccc2Br)cc1,c1ccc(C[NH2+]Cc2c[nH]nc2-c2ccccc2)cc1,-5.22632509337337,0.8829656862745098,0.16470588235294117,0.2608695652173913,WSA257,NLTZNXHLSWPGMA-UHFFFAOYSA-N,10.1002/cmdc.202400952,运行/运行/ATP-VSW/ATP-VSW-DOCK_HTVS_1-002_lib.maegz
ATP-HTVS-3BFEB00B17A1,96386,C#Cc1ccc(C[C@@H](Nc2c(NC(=O)Cc3ccccc3)c[nH+]c3ccccc23)C(=O)[O-])cc1,O=C(Cc1ccccc1)Nc1c[nH+]c2ccccc2c1NCCc1ccccc1,-3.05692705921609,0.164828431372549,0.21348314606741572,0.2625,compound 18 (Steed 2022),DCLANSSFVIGXHQ-OAQYLSRUSA-N,10.1021/acsomega.2c03127,运行/运行/ATP-VSW/ATP-VSW-DOCK_HTVS_1-003_lib/ATP-VSW-DOCK_HTVS_1-003_lib.mae
ATP-HTVS-3C30D082388E,37539,OCCNc1ccccc1C[NH2+]Cc1c(-c2ccccc2)nc2ccccn12,c1ccc(C[NH2+]Cc2c(-c3ccccc3)nc3ccccn23)cc1,-3.87803402041954,0.36397058823529416,0.2191780821917808,0.2753623188405797,Ward2024 compound 17,UYSBYFPUEOTVDZ-UHFFFAOYSA-N,10.1021/acsmedchemlett.3c00480,运行/运行/ATP-VSW/ATP-VSW-DOCK_HTVS_1-003_lib/ATP-VSW-DOCK_HTVS_1-003_lib.mae
ATP-HTVS-3C5237794D05,44097,C[NH+](C)Cc1ccc(Br)cc1NC(=O)c1cc(-c2cccnc2)nc2ccccc12,O=C(Nc1ccccc1)c1cc(-c2cccnc2)nc2ccccc12,-5.07722467557056,0.8455882352941176,0.2345679012345679,0.24675324675324675,compound 8 (Steed 2022),ROJPDORYZONAPF-UHFFFAOYSA-N,10.1021/acsomega.2c03127,运行/运行/ATP-VSW/ATP-VSW-DOCK_HTVS_1-001_lib/ATP-VSW-DOCK_HTVS_1-001_lib
ATP-HTVS-3D55EC2CCC26,92001,Cc1nc(F)cc(C(=O)NCc2cccc(C[NH+](C)C)c2)c1N(CC#N)c1ccccc1,O=C(NCc1ccccc1)c1ccncc1Nc1ccccc1,-4.96741474429546,0.8131127450980392,0.2235294117647059,0.28,compound 15 (Steed 2022),RIDDIWJTDCGXDH-NRFANRHFSA-N,10.1021/acsomega.2c03127,运行/运行/ATP-VSW/ATP-VSW-DOCK_HTVS_1-001_lib/ATP-VSW-DOCK_HTVS_1-001_lib
ATP-HTVS-3D580430A1F8,89410,CCN(c1c[nH+]c2ccccc2c1NC(=O)c1ccc(OCC[NH+](C)C)cc1)[C@@H](C#N)c1ccccc1,O=C(Nc1c(NCc2ccccc2)c[nH+]c2ccccc12)c1ccccc1,-4.03828325377154,0.43443627450980393,0.16831683168316833,0.23255813953488372,compound 18 (Steed 2022),DCLANSSFVIGXHQ-OAQYLSRUSA-N,10.1021/acsomega.2c03127,运行/运行/ATP-VSW/ATP-VSW-DOCK_HTVS_1-002_lib.maegz
ATP-HTVS-3D9456613EE7,71427,C[NH+](C)Cc1ccc(CNc2c(NC(=O)[C@H](C#N)Cc3ccccc3)c[nH+]c3ccccc23)cc1,O=C(CCc1ccccc1)Nc1c[nH+]c2ccccc2c1NCc1ccccc1,-4.92433878231059,0.7971813725490196,0.19101123595505617,0.2972972972972973,compound 1 (Fraunfelter 2023),WIDVPHSBAXLSEU-LJQANCHMSA-N,10.1021/acsinfecdis.3c00317,运行/运行/ATP-VSW/ATP-VSW-DOCK_HTVS_1-003_lib/ATP-VSW-DOCK_HTVS_1-003_lib.mae
ATP-HTVS-3DA95123E47A,56993,C[NH+]1CCN(c2ccc(CNCc3oc4ccc(F)cc4c3-c3ccccc3)cc2)CC1,c1ccc(-c2c(CNCc3ccc(N4CC[NH2+]CC4)cc3)oc3ccccc23)cc1,-2.79904934128025,0.14031862745098034,0.3375,0.34615384615384615,WSA298,IZWVLJVCXHHUOO-UHFFFAOYSA-N,10.1021/acsomega.5c06380,运行/运行/ATP-VSW/ATP-VSW-DOCK_HTVS_1-001_lib/ATP-VSW-DOCK_HTVS_1-001_lib
ATP-HTVS-3DABA9A3BF24,35619,CN(C)Cc1ccc(CNc2nc(N[C@@H](C[S@@](C)=O)c3ccccc3)c3ccccc3[nH+]2)cc1,c1ccc(CNc2nc(NCc3ccccc3)c3ccccc3[nH+]2)cc1,-2.86234116642759,0.14399509803921573,0.2916666666666667,0.34328358208955223,Ward2024 compound 1,DVUDEYVEBQKKMF-UHFFFAOYSA-N,10.1021/acsmedchemlett.3c00480,运行/运行/ATP-VSW/ATP-VSW-DOCK_HTVS_1-003_lib/ATP-VSW-DOCK_HTVS_1-003_lib.mae
ATP-HTVS-3DB1B8B928B3,68034,COc1cc(CN[C@@H](C[NH+](C)C)c2ccc(F)cc2)cc(O)c1OCc1ccccc1,c1ccc(CNCc2ccc(OCc3ccccc3)cc2)cc1,-5.01712861315892,0.8302696078431373,0.2948717948717949,0.27848101265822783,compound 15 (Steed 2022),RIDDIWJTDCGXDH-NRFANRHFSA-N,10.1021/acsomega.2c03127,运行/运行/ATP-VSW/ATP-VSW-DOCK_HTVS_1-002_lib.maegz
ATP-HTVS-3DDAC51E87DA,72514,CN(Cc1sc2ccccc2c1NCc1ccc(NCCO)cc1)C(=O)Cc1ccccc1,O=C(Cc1ccccc1)NCc1sc2ccccc2c1NCc1ccccc1,-4.00842325765357,0.42218137254901966,0.23076923076923078,0.23076923076923078,Ward2024 compound 6,LKLACXNGVWXYAW-UHFFFAOYSA-N,10.1021/acsmedchemlett.3c00480,运行/运行/ATP-VSW/ATP-VSW-DOCK_HTVS_1-002_lib.maegz
ATP-HTVS-3E3A2065ACC9,14370,Cc1ccc(C[NH2+]Cc2cn(-c3ccccc3)nc2-c2ccc(F)cc2)cc1O,c1ccc(C[NH2+]Cc2cn(-c3ccccc3)nc2-c2ccccc2)cc1,-4.76204452470596,0.7426470588235294,0.2911392405063291,0.3783783783783784,WSA298,IZWVLJVCXHHUOO-UHFFFAOYSA-N,10.1021/acsomega.5c06380,运行/运行/ATP-VSW/ATP-VSW-DOCK_HTVS_1-002_lib.maegz
ATP-HTVS-3E4E6B1035DE,50531,Cc1cccc(C[C@H](C[NH2+]Cc2cc(OCc3ccccc3)c3ccccc3c2)C(=O)[O-])c1,c1ccc(CCC[NH2+]Cc2cc(OCc3ccccc3)c3ccccc3c2)cc1,-4.25094305295474,0.5110294117647058,0.27848101265822783,0.3157894736842105,compound 15 (Steed 2022),RIDDIWJTDCGXDH-NRFANRHFSA-N,10.1021/acsomega.2c03127,运行/运行/ATP-VSW/ATP-VSW-DOCK_HTVS_1-003_lib/ATP-VSW-DOCK_HTVS_1-003_lib.mae
ATP-HTVS-3E51FD2FD256,56033,C[NH+](C)Cc1cc(F)ccc1C[NH2+]Cc1ccc(Oc2ccc(Br)cc2)nc1,c1ccc(C[NH2+]Cc2ccc(Oc3ccccc3)nc2)cc1,-4.99026263354057,0.8186274509803921,0.19767441860465115,0.31343283582089554,WSA298,IZWVLJVCXHHUOO-UHFFFAOYSA-N,10.1021/acsomega.5c06380,运行/运行/ATP-VSW/ATP-VSW-DOCK_HTVS_1-001_lib/ATP-VSW-DOCK_HTVS_1-001_lib
ATP-HTVS-3E71027F124F,67650,CN(CCC#N)c1ccc(C[NH2+]Cc2cn(C)nc2OCc2ccccc2)cc1,c1ccc(C[NH2+]Cc2c[nH]nc2OCc2ccccc2)cc1,-6.04277285789881,0.9761029411764706,0.2625,0.3333333333333333,compound 15 (Steed 2022),RIDDIWJTDCGXDH-NRFANRHFSA-N,10.1021/acsomega.2c03127,运行/运行/ATP-VSW/ATP-VSW-DOCK_HTVS_1-002_lib.maegz
ATP-HTVS-3E71DFC624D6,82465,C[NH+](C)Cc1cccc(CNc2c(NC(=O)CCc3ccc4c(c3)OCO4)c[nH+]c3ccccc23)c1,O=C(CCc1ccc2c(c1)OCO2)Nc1c[nH+]c2ccccc2c1NCc1ccccc1,-5.69093713493627,0.9485294117647058,0.18478260869565216,0.2716049382716049,compound 8 (Steed 2022),ROJPDORYZONAPF-UHFFFAOYSA-N,10.1021/acsomega.2c03127,运行/运行/ATP-VSW/ATP-VSW-DOCK_HTVS_1-001_lib/ATP-VSW-DOCK_HTVS_1-001_lib
ATP-HTVS-3EAEA7611BE9,52738,Cc1ccc(CCNCc2nc3ccccc3n2Cc2ccccc2)cc1C#N,c1ccc(CCNCc2nc3ccccc3n2Cc2ccccc2)cc1,-2.48516848408361,0.12009803921568629,0.2876712328767123,0.2876712328767123,Ward2024 compound 8,APMKTVCBYUVFFM-UHFFFAOYSA-N,10.1021/acsmedchemlett.3c00480,运行/运行/ATP-VSW/ATP-VSW-DOCK_HTVS_1-002_lib.maegz
ATP-HTVS-3ED7BF8E1128,59586,Cc1cc(F)c(C[NH2+]C[C@H]2c3ccccc3C(=O)N2Cc2ccccc2)c(Br)c1,O=C1c2ccccc2C(C[NH2+]Cc2ccccc2)N1Cc1ccccc1,-5.58421481194661,0.9338235294117647,0.18181818181818182,0.23076923076923078,WSA298,IZWVLJVCXHHUOO-UHFFFAOYSA-N,10.1021/acsomega.5c06380,运行/运行/ATP-VSW/ATP-VSW-DOCK_HTVS_1-002_lib.maegz
ATP-HTVS-3F61FE181838,65473,Cc1cccc(-c2nn(Cc3ccccc3)cc2CNC[C@H](c2cccnc2)[NH+]2CCCC2)c1,c1ccc(Cn2cc(CNCC(c3cccnc3)[NH+]3CCCC3)c(-c3ccccc3)n2)cc1,-3.18080804827734,0.17524509803921573,0.35802469135802467,0.3974358974358974,WSA294,FPTVNOKSIHPUTA-UHFFFAOYSA-N,10.1021/acsomega.5c06380,运行/运行/ATP-VSW/ATP-VSW-DOCK_HTVS_1-001_lib/ATP-VSW-DOCK_HTVS_1-001_lib
ATP-HTVS-3F7C0C4A7C85,44483,C[C@@H](Nc1nc2ccccc2nc1NCc1cccc(C[NH+](C)C)c1)c1ccc(C#N)cc1,c1ccc(CNc2nc3ccccc3nc2NCc2ccccc2)cc1,-4.51870913472249,0.6384803921568627,0.24050632911392406,0.3,compound 15 (Steed 2022),RIDDIWJTDCGXDH-NRFANRHFSA-N,10.1021/acsomega.2c03127,运行/运行/ATP-VSW/ATP-VSW-DOCK_HTVS_1-003_lib/ATP-VSW-DOCK_HTVS_1-003_lib.mae
ATP-HTVS-3FE2C8D8A747,85473,C[C@@H](C#N)N(C(=O)c1[nH]c2ccccc2c1NC[C@@H](c1ccc(Cl)cc1)[NH+](C)C)c1ccccc1,O=C(Nc1ccccc1)c1[nH]c2ccccc2c1NCCc1ccccc1,-3.83062090527101,0.34681372549019607,0.18947368421052632,0.1956521739130435,compound 18 (Steed 2022),DCLANSSFVIGXHQ-OAQYLSRUSA-N,10.1021/acsomega.2c03127,运行/运行/ATP-VSW/ATP-VSW-DOCK_HTVS_1-001_lib/ATP-VSW-DOCK_HTVS_1-001_lib
ATP-HTVS-3FE3F52D89A6,78210,O=C(Nc1ncc(NCc2ccc(NCCO)cc2)c2ccccc12)c1cccc([S-])c1,O=C(Nc1ncc(NCc2ccccc2)c2ccccc12)c1ccccc1,-2.78535707475528,0.1384803921568627,0.2222222222222222,0.2222222222222222,compound 8 (Steed 2022),ROJPDORYZONAPF-UHFFFAOYSA-N,10.1021/acsomega.2c03127,运行/运行/ATP-VSW/ATP-VSW-DOCK_HTVS_1-002_lib.maegz
ATP-HTVS-3FEB13A0176D,79265,N#C[C@H](N[C@@H](C#CC[NH2+]Cc1ccccc1)c1cc2ccccc2s1)c1ccccc1,C(#CC(NCc1ccccc1)c1cc2ccccc2s1)C[NH2+]Cc1ccccc1,-6.10497051782088,0.9810049019607843,0.18292682926829268,0.23076923076923078,compound 15 (Steed 2022),RIDDIWJTDCGXDH-NRFANRHFSA-N,10.1021/acsomega.2c03127,运行/运行/ATP-VSW/ATP-VSW-DOCK_HTVS_1-001_lib/ATP-VSW-DOCK_HTVS_1-001_lib
ATP-HTVS-4019997F6E4F,28866,C[NH+](C)Cc1ccc(CCNc2nc(NCCOc3cccc(C#N)c3)c3ccccc3[nH+]2)cc1,c1ccc(CCNc2nc(NCCOc3ccccc3)c3ccccc3[nH+]2)cc1,-4.36889418856391,0.5661764705882353,0.19791666666666666,0.2857142857142857,WSA278,JWHCVPMRQDOIHA-UHFFFAOYSA-N,10.1021/acsomega.5c06380,运行/运行/ATP-VSW/ATP-VSW-DOCK_HTVS_1-002_lib.maegz
ATP-HTVS-403847D949CB,95233,CN(C(=O)c1ccc(Br)cc1)c1cc(NCc2cccc(C[NH+](C)C)c2)ccn1,O=C(Nc1cc(NCc2ccccc2)ccn1)c1ccccc1,-4.87086214172474,0.7769607843137255,0.20481927710843373,0.2328767123287671,compound 15 (Steed 2022),RIDDIWJTDCGXDH-NRFANRHFSA-N,10.1021/acsomega.2c03127,运行/运行/ATP-VSW/ATP-VSW-DOCK_HTVS_1-001_lib/ATP-VSW-DOCK_HTVS_1-001_lib
ATP-HTVS-4042CFA848C2,91587,C[C@H](NC(=O)c1cc(NCc2ccc(CN(C)C)cc2)c(Cl)s1)c1ccc(Cl)cc1,O=C(NCc1ccccc1)c1cc(NCc2ccccc2)cs1,-1.47067840689923,0.031862745098039214,0.25,0.25,Ward2024 compound 1,DVUDEYVEBQKKMF-UHFFFAOYSA-N,10.1021/acsmedchemlett.3c00480,运行/运行/ATP-VSW/ATP-VSW-DOCK_HTVS_1-003_lib/ATP-VSW-DOCK_HTVS_1-003_lib.mae
ATP-HTVS-404DE520584C,71713,C[NH+](C)Cc1cccc(CNc2c(NC(=O)c3cccc(F)c3Cl)c[nH+]c3ccccc23)c1,O=C(Nc1c[nH+]c2ccccc2c1NCc1ccccc1)c1ccccc1,-4.78069389832173,0.7512254901960784,0.17582417582417584,0.2692307692307692,compound 15 (Steed 2022),RIDDIWJTDCGXDH-NRFANRHFSA-N,10.1021/acsomega.2c03127,运行/运行/ATP-VSW/ATP-VSW-DOCK_HTVS_1-001_lib/ATP-VSW-DOCK_HTVS_1-001_lib
ATP-HTVS-40806E2DA49D,71074,C[NH+](C)Cc1ccc(Nc2cnc(NC(=O)c3ccccc3)c3ccccc23)cc1,O=C(Nc1ncc(Nc2ccccc2)c2ccccc12)c1ccccc1,-3.48778814053638,0.23161764705882348,0.2328767123287671,0.2835820895522388,compound 8 (Steed 2022),ROJPDORYZONAPF-UHFFFAOYSA-N,10.1021/acsomega.2c03127,运行/运行/ATP-VSW/ATP-VSW-DOCK_HTVS_1-002_lib.maegz
ATP-HTVS-40CB5FD4F4D8,94114,C[NH+](C)Cc1cccc(CNc2ccc(NC(=O)c3ccc(F)cc3)nc2F)c1,O=C(Nc1ccc(NCc2ccccc2)cn1)c1ccccc1,-4.82706740620175,0.7628676470588236,0.2073170731707317,0.2676056338028169,compound 1 (Fraunfelter 2023),WIDVPHSBAXLSEU-LJQANCHMSA-N,10.1021/acsinfecdis.3c00317,运行/运行/ATP-VSW/ATP-VSW-DOCK_HTVS_1-003_lib/ATP-VSW-DOCK_HTVS_1-003_lib.mae
ATP-HTVS-40E764CABCB1,58370,O=C1c2ccccc2N[C@@H](c2ccc(Cl)cc2)N1Cc1ccccc1,O=C1c2ccccc2NC(c2ccccc2)N1Cc1ccccc1,-4.26714661104976,0.5189950980392157,0.2028985507246377,0.18421052631578946,WSA249,YEMLSUARMQTHJO-UHFFFAOYSA-N,10.1002/cmdc.202400952,运行/运行/ATP-VSW/ATP-VSW-DOCK_HTVS_1-002_lib.maegz
ATP-HTVS-410A75CF1522,26210,C[NH+](C)Cc1ccc(CCNc2nc(NCc3ccc(CO)cc3)[nH+]c3ccccc23)cc1,c1ccc(CCNc2nc(NCc3ccccc3)[nH+]c3ccccc23)cc1,-4.92172580803418,0.7959558823529411,0.24,0.36507936507936506,compound 8 (Steed 2022),ROJPDORYZONAPF-UHFFFAOYSA-N,10.1021/acsomega.2c03127,运行/运行/ATP-VSW/ATP-VSW-DOCK_HTVS_1-002_lib.maegz
ATP-HTVS-41202D3CA1C8,23139,Cc1ccc(OCc2nc(C[NH2+]Cc3ccc(C[NH+](C)C)cc3)cs2)cc1,c1ccc(C[NH2+]Cc2csc(COc3ccccc3)n2)cc1,-5.44286236205763,0.9185049019607843,0.16091954022988506,0.3548387096774194,WSA296,HCBCVTVDQQQYPH-UHFFFAOYSA-N,10.1021/acsomega.5c06380,运行/运行/ATP-VSW/ATP-VSW-DOCK_HTVS_1-003_lib/ATP-VSW-DOCK_HTVS_1-003_lib.mae
ATP-HTVS-4128F66E5F96,34562,C[C@H](Nc1nc(NCc2cccc(CN(C)C)c2)c2ccccc2[nH+]1)c1cccc(F)c1F,c1ccc(CNc2nc(NCc3ccccc3)c3ccccc3[nH+]2)cc1,-1.59177629781537,0.041053921568627416,0.2631578947368421,0.3194444444444444,Ward2024 compound 1,DVUDEYVEBQKKMF-UHFFFAOYSA-N,10.1021/acsmedchemlett.3c00480,运行/运行/ATP-VSW/ATP-VSW-DOCK_HTVS_1-002_lib.maegz
ATP-HTVS-418CD17BC8B0,70595,CN(C)Cc1cccc(CNc2cc3ccccc3nc2NC(=O)c2ccccc2[S-])c1,O=C(Nc1nc2ccccc2cc1NCc1ccccc1)c1ccccc1,-2.01145088281975,0.07843137254901966,0.34782608695652173,0.34782608695652173,Ward2024 compound 1,DVUDEYVEBQKKMF-UHFFFAOYSA-N,10.1021/acsmedchemlett.3c00480,运行/运行/ATP-VSW/ATP-VSW-DOCK_HTVS_1-003_lib/ATP-VSW-DOCK_HTVS_1-003_lib.mae
ATP-HTVS-41A031E7C6D2,27299,C[C@H](Nc1nc(NCc2cccc(C[NH+](C)C)c2)c2ccccc2[nH+]1)c1ccccc1F,c1ccc(CNc2nc(NCc3ccccc3)c3ccccc3[nH+]2)cc1,-4.44995463980795,0.6017156862745099,0.18888888888888888,0.30985915492957744,WSA236,CJWSCOKTAUPKHM-UHFFFAOYSA-N,10.1002/cmdc.202400952,运行/运行/ATP-VSW/ATP-VSW-DOCK_HTVS_1-003_lib/ATP-VSW-DOCK_HTVS_1-003_lib.mae
ATP-HTVS-41C13ED6AFFD,83554,COc1ccc(Cn2cc([C@H](C)[NH2+]Cc3ccc(C[NH+](C)C)cc3)nn2)cc1,c1ccc(C[NH2+]Cc2cn(Cc3ccccc3)nn2)cc1,-5.73485067766242,0.9552696078431373,0.24691358024691357,0.3116883116883117,WSA296,HCBCVTVDQQQYPH-UHFFFAOYSA-N,10.1021/acsomega.5c06380,运行/运行/ATP-VSW/ATP-VSW-DOCK_HTVS_1-002_lib.maegz
ATP-HTVS-41DBD56D77D4,56386,Cc1ccc(CN2C(=O)c3ccccc3N[C@H]2c2cccc(I)c2)cc1,O=C1c2ccccc2NC(c2ccccc2)N1Cc1ccccc1,-3.30626984612687,0.19362745098039214,0.20253164556962025,0.2,WSA280,XQBWCRMKNUAPEC-UHFFFAOYSA-N,10.1021/acsomega.5c06380,运行/运行/ATP-VSW/ATP-VSW-DOCK_HTVS_1-002_lib.maegz
ATP-HTVS-41DE369552E3,91201,C[C@@H]([NH2+]CC#Cc1c(NC(=O)c2ccccc2O)cnc2ccccc12)c1ccccc1,O=C(Nc1cnc2ccccc2c1C#CC[NH2+]Cc1ccccc1)c1ccccc1,-4.07355133035679,0.446078431372549,0.24390243902439024,0.25316455696202533,compound 15 (Steed 2022),RIDDIWJTDCGXDH-NRFANRHFSA-N,10.1021/acsomega.2c03127,运行/运行/ATP-VSW/ATP-VSW-DOCK_HTVS_1-001_lib/ATP-VSW-DOCK_HTVS_1-001_lib
ATP-HTVS-41DF5C276515,95649,COc1cc(CC(=O)Nc2cnc3ccccc3c2N(CC#N)c2ccccc2)ccc1O,O=C(Cc1ccccc1)Nc1cnc2ccccc2c1Nc1ccccc1,-3.55185647299314,0.2493872549019608,0.3,0.3176470588235294,compound 8 (Steed 2022),ROJPDORYZONAPF-UHFFFAOYSA-N,10.1021/acsomega.2c03127,运行/运行/ATP-VSW/ATP-VSW-DOCK_HTVS_1-001_lib/ATP-VSW-DOCK_HTVS_1-001_lib
ATP-HTVS-41EB9DEAB7C9,91683,N#C[C@@H](Nc1c(C(=O)N(CC[NH3+])c2ccccc2)sc2ccccc12)c1ccc(F)cc1,O=C(Nc1ccccc1)c1sc2ccccc2c1NCc1ccccc1,-6.00527091150475,0.9748774509803921,0.1827956989247312,0.1978021978021978,compound 19 (Steed 2022),DHQKBEDPXLHXAJ-OAQYLSRUSA-N,10.1021/acsomega.2c03127,运行/运行/ATP-VSW/ATP-VSW-DOCK_HTVS_1-003_lib/ATP-VSW-DOCK_HTVS_1-003_lib.mae
ATP-HTVS-420A833C3906,29570,O=C1CN(Cc2cccc(F)c2F)[C@@H](c2ccccc2)c2ccccc2N1,O=C1CN(Cc2ccccc2)C(c2ccccc2)c2ccccc2N1,-1.52740875756109,0.03676470588235292,0.18072289156626506,0.18072289156626506,WSA298,IZWVLJVCXHHUOO-UHFFFAOYSA-N,10.1021/acsomega.5c06380,运行/运行/ATP-VSW/ATP-VSW-DOCK_HTVS_1-002_lib.maegz
ATP-HTVS-425F81D77C05,85634,C[NH+](C)Cc1ccc(C(=O)Nc2nc3ccccc3cc2N(CC(=O)NN)c2ccc(F)cc2)cc1,O=C(Nc1nc2ccccc2cc1Nc1ccccc1)c1ccccc1,-4.60340827905249,0.6783088235294117,0.30120481927710846,0.3611111111111111,compound 1 (Fraunfelter 2023),WIDVPHSBAXLSEU-LJQANCHMSA-N,10.1021/acsinfecdis.3c00317,运行/运行/ATP-VSW/ATP-VSW-DOCK_HTVS_1-002_lib.maegz
ATP-HTVS-429B4D57A2D0,56417,COc1cc(CNC(=O)NCc2cccc(NC(C)C)c2)c2ccccc2n1,O=C(NCc1ccccc1)NCc1ccnc2ccccc12,-3.93352685457372,0.3897058823529411,0.3472222222222222,0.3472222222222222,compound 15 (Steed 2022),RIDDIWJTDCGXDH-NRFANRHFSA-N,10.1021/acsomega.2c03127,运行/运行/ATP-VSW/ATP-VSW-DOCK_HTVS_1-001_lib/ATP-VSW-DOCK_HTVS_1-001_lib
ATP-HTVS-42E232F3C181,95425,C#Cc1ccccc1C(=O)N(C)c1ccc(NCc2cccc(C[NH+](C)C)c2)cn1,O=C(Nc1ccc(NCc2ccccc2)cn1)c1ccccc1,-3.81884371568142,0.34129901960784315,0.21176470588235294,0.24,compound 15 (Steed 2022),RIDDIWJTDCGXDH-NRFANRHFSA-N,10.1021/acsomega.2c03127,运行/运行/ATP-VSW/ATP-VSW-DOCK_HTVS_1-001_lib/ATP-VSW-DOCK_HTVS_1-001_lib
ATP-HTVS-4313C7EF8265,78307,CN(C(=O)c1cc(NCc2ccc(C[NH+](C)C)cc2)c(Cl)s1)c1cccc(C#N)c1,O=C(Nc1ccccc1)c1cc(NCc2ccccc2)cs1,-4.51531622944651,0.6360294117647058,0.1875,0.2702702702702703,Ward2024 compound 1,DVUDEYVEBQKKMF-UHFFFAOYSA-N,10.1021/acsmedchemlett.3c00480,运行/运行/ATP-VSW/ATP-VSW-DOCK_HTVS_1-003_lib/ATP-VSW-DOCK_HTVS_1-003_lib.mae
ATP-HTVS-43145D4CE45B,93187,CN(C(=O)C(C)(C)c1ccccc1)c1ccc(NCc2ccc(C[NH+](C)C)cc2)cn1,O=C(Cc1ccccc1)Nc1ccc(NCc2ccccc2)cn1,-4.60812034415477,0.6807598039215687,0.21518987341772153,0.30303030303030304,compound 15 (Steed 2022),RIDDIWJTDCGXDH-NRFANRHFSA-N,10.1021/acsomega.2c03127,运行/运行/ATP-VSW/ATP-VSW-DOCK_HTVS_1-003_lib/ATP-VSW-DOCK_HTVS_1-003_lib.mae
ATP-HTVS-4322FF013EE1,94306,C[NH+](C)CCOc1ccccc1C(=O)Nc1c(N(C#N)c2ccccc2)cnc2ccccc12,O=C(Nc1c(Nc2ccccc2)cnc2ccccc12)c1ccccc1,-4.13092325497253,0.4644607843137255,0.21978021978021978,0.2345679012345679,compound 18 (Steed 2022),DCLANSSFVIGXHQ-OAQYLSRUSA-N,10.1021/acsomega.2c03127,运行/运行/ATP-VSW/ATP-VSW-DOCK_HTVS_1-003_lib/ATP-VSW-DOCK_HTVS_1-003_lib.mae
ATP-HTVS-433854F3CEDF,69123,C[NH+](C)Cc1cccc(CNc2cnc3ccccc3c2NC(=O)[C@H](Cl)c2ccccc2)c1,O=C(Cc1ccccc1)Nc1c(NCc2ccccc2)cnc2ccccc12,-4.75281141532495,0.7377450980392157,0.2682926829268293,0.2682926829268293,compound 15 (Steed 2022),RIDDIWJTDCGXDH-NRFANRHFSA-N,10.1021/acsomega.2c03127,运行/运行/ATP-VSW/ATP-VSW-DOCK_HTVS_1-003_lib/ATP-VSW-DOCK_HTVS_1-003_lib.mae
ATP-HTVS-4340E5ABA707,45635,C[C@@H]([NH2+]C[C@H]1c2ccccc2C(=O)N1Cc1ccccc1)c1cccc(C#N)c1,O=C1c2ccccc2C(C[NH2+]Cc2ccccc2)N1Cc1ccccc1,-5.37424942440475,0.9068627450980392,0.17857142857142858,0.20481927710843373,compound 15 (Steed 2022),RIDDIWJTDCGXDH-NRFANRHFSA-N,10.1021/acsomega.2c03127,运行/运行/ATP-VSW/ATP-VSW-DOCK_HTVS_1-003_lib/ATP-VSW-DOCK_HTVS_1-003_lib.mae
ATP-HTVS-4382948120BD,74115,CC(=O)c1cccc(C(=O)Nc2c[nH+]c3ccccc3c2NCc2ccc(C[NH+](C)C)cc2)c1,O=C(Nc1c[nH+]c2ccccc2c1NCc1ccccc1)c1ccccc1,-4.87880406948413,0.7794117647058824,0.1927710843373494,0.323943661971831,compound 8 (Steed 2022),ROJPDORYZONAPF-UHFFFAOYSA-N,10.1021/acsomega.2c03127,运行/运行/ATP-VSW/ATP-VSW-DOCK_HTVS_1-003_lib/ATP-VSW-DOCK_HTVS_1-003_lib.mae
ATP-HTVS-43D1BB82511C,88481,CN(c1c(NC(=O)c2cccc(C[NH+]3CCCC3)c2)c[nH+]c2ccccc12)[C@@H](C#N)c1ccccc1,O=C(Nc1c[nH+]c2ccccc2c1NCc1ccccc1)c1cccc(C[NH+]2CCCC2)c1,-5.54449315498084,0.9276960784313726,0.19148936170212766,0.29069767441860467,compound 15 (Steed 2022),RIDDIWJTDCGXDH-NRFANRHFSA-N,10.1021/acsomega.2c03127,运行/运行/ATP-VSW/ATP-VSW-DOCK_HTVS_1-001_lib/ATP-VSW-DOCK_HTVS_1-001_lib
ATP-HTVS-43DC0EBD36ED,75233,Cc1nc(-c2ccc(Cl)cc2)sc1[C@@H](C)NCc1cccc(C[NH+](C)C)c1,c1ccc(CNCc2cnc(-c3ccccc3)s2)cc1,-4.66778385561318,0.701593137254902,0.21518987341772153,0.2571428571428571,compound 15 (Steed 2022),RIDDIWJTDCGXDH-NRFANRHFSA-N,10.1021/acsomega.2c03127,运行/运行/ATP-VSW/ATP-VSW-DOCK_HTVS_1-001_lib/ATP-VSW-DOCK_HTVS_1-001_lib
ATP-HTVS-43DEA6C9D172,31907,O=C1c2ccccc2[C@H](C[NH2+]Cc2cccc3c2NCCC3)N1Cc1ccccc1,O=C1c2ccccc2C(C[NH2+]Cc2cccc3c2NCCC3)N1Cc1ccccc1,-5.40917104855102,0.9136029411764706,0.19101123595505617,0.22988505747126436,WSA298,IZWVLJVCXHHUOO-UHFFFAOYSA-N,10.1021/acsomega.5c06380,运行/运行/ATP-VSW/ATP-VSW-DOCK_HTVS_1-003_lib/ATP-VSW-DOCK_HTVS_1-003_lib.mae
ATP-HTVS-43E54E69D2FC,49761,O=C1CN(Cc2ccc(F)cc2Cl)[C@H](c2ccccc2F)c2cc(Cl)ccc2N1,O=C1CN(Cc2ccccc2)C(c2ccccc2)c2ccccc2N1,-1.47586439099717,0.03247549019607843,0.21176470588235294,0.21176470588235294,WSA298,IZWVLJVCXHHUOO-UHFFFAOYSA-N,10.1021/acsomega.5c06380,运行/运行/ATP-VSW/ATP-VSW-DOCK_HTVS_1-001_lib/ATP-VSW-DOCK_HTVS_1-001_lib
ATP-HTVS-440AFC8B752D,31650,C[NH+](C)CCOc1ccc(CN2CC(=O)Nc3ccc(Cl)cc3[C@H]2c2ccccc2F)cc1,O=C1CN(Cc2ccccc2)C(c2ccccc2)c2ccccc2N1,-2.03160493086571,0.08088235294117652,0.18811881188118812,0.2,WSA297,GXYVJEJKTGYEDL-UHFFFAOYSA-N,10.1021/acsomega.5c06380,运行/运行/ATP-VSW/ATP-VSW-DOCK_HTVS_1-002_lib.maegz
ATP-HTVS-4415AB646F99,82497,CN(C)Cc1ccc(C(=O)NCc2ccc(N(CC#N)Cc3ccccc3)c3ccccc23)cc1,O=C(NCc1ccc(NCc2ccccc2)c2ccccc12)c1ccccc1,-1.99049961236672,0.07659313725490191,0.28169014084507044,0.28169014084507044,Ward2024 compound 1,DVUDEYVEBQKKMF-UHFFFAOYSA-N,10.1021/acsmedchemlett.3c00480,运行/运行/ATP-VSW/ATP-VSW-DOCK_HTVS_1-001_lib/ATP-VSW-DOCK_HTVS_1-001_lib
ATP-HTVS-4418320CDB75,92835,C[NH+](C)Cc1ccc(C(=O)Nc2nccc(Nc3ccc(N)cc3)c2C(=O)c2ccccc2)cc1,O=C(Nc1nccc(Nc2ccccc2)c1C(=O)c1ccccc1)c1ccccc1,-3.52108650206718,0.23958333333333337,0.225,0.25675675675675674,compound 8 (Steed 2022),ROJPDORYZONAPF-UHFFFAOYSA-N,10.1021/acsomega.2c03127,运行/运行/ATP-VSW/ATP-VSW-DOCK_HTVS_1-003_lib/ATP-VSW-DOCK_HTVS_1-003_lib.mae
ATP-HTVS-442C36D59863,49602,C[NH+]1CCN(c2ccc(C[NH2+]CCc3nc4ccccc4n3-c3ccccc3)cc2)CC1,c1ccc(-n2c(CC[NH2+]Cc3ccc(N4CC[NH2+]CC4)cc3)nc3ccccc32)cc1,-5.63752501034488,0.9387254901960784,0.19767441860465115,0.352112676056338,WSA236,CJWSCOKTAUPKHM-UHFFFAOYSA-N,10.1002/cmdc.202400952,运行/运行/ATP-VSW/ATP-VSW-DOCK_HTVS_1-002_lib.maegz
ATP-HTVS-443BC3733DB7,97250,C[C@H](NCC#Cc1c(NC(=O)c2ccc(C#N)c(Cl)c2)cnc2ccccc12)c1cccc(F)c1,O=C(Nc1cnc2ccccc2c1C#CCNCc1ccccc1)c1ccccc1,-3.79226143644072,0.3308823529411765,0.22580645161290322,0.2127659574468085,compound 15 (Steed 2022),RIDDIWJTDCGXDH-NRFANRHFSA-N,10.1021/acsomega.2c03127,运行/运行/ATP-VSW/ATP-VSW-DOCK_HTVS_1-003_lib/ATP-VSW-DOCK_HTVS_1-003_lib.mae
ATP-HTVS-445D8195943B,74209,CN(C)Cc1cccc(CNc2cnc(NC(=O)c3cc(F)ccc3C#N)c3ccccc23)c1,O=C(Nc1ncc(NCc2ccccc2)c2ccccc12)c1ccccc1,-2.99892868060241,0.1568627450980392,0.23170731707317074,0.23170731707317074,Ward2024 compound 1,DVUDEYVEBQKKMF-UHFFFAOYSA-N,10.1021/acsmedchemlett.3c00480,运行/运行/ATP-VSW/ATP-VSW-DOCK_HTVS_1-001_lib/ATP-VSW-DOCK_HTVS_1-001_lib
ATP-HTVS-44A2C719C105,82307,CN(C(=O)c1cscc1NCc1cccc(C[NH+](C)C)c1)c1ccc(C#N)cc1,O=C(Nc1ccccc1)c1cscc1NCc1ccccc1,-3.81365800673213,0.3400735294117647,0.2289156626506024,0.2602739726027397,compound 15 (Steed 2022),RIDDIWJTDCGXDH-NRFANRHFSA-N,10.1021/acsomega.2c03127,运行/运行/ATP-VSW/ATP-VSW-DOCK_HTVS_1-003_lib/ATP-VSW-DOCK_HTVS_1-003_lib.mae
ATP-HTVS-44A5767B4738,74882,CN(C)Cc1ccccc1C(=O)Nc1c(NCCSc2ccccc2)cnc2ccccc12,O=C(Nc1c(NCCSc2ccccc2)cnc2ccccc12)c1ccccc1,-2.23090589847899,0.09375,0.24050632911392406,0.24050632911392406,Ward2024 compound 6,LKLACXNGVWXYAW-UHFFFAOYSA-N,10.1021/acsmedchemlett.3c00480,运行/运行/ATP-VSW/ATP-VSW-DOCK_HTVS_1-002_lib.maegz
ATP-HTVS-44ACC7CEC3D6,83425,CN(C(=O)c1sccc1NCc1cccc(C[NH+](C)C)c1)c1ccc(Cl)cc1N,O=C(Nc1ccccc1)c1sccc1NCc1ccccc1,-3.77799119400494,0.3259803921568627,0.1839080459770115,0.21052631578947367,compound 15 (Steed 2022),RIDDIWJTDCGXDH-NRFANRHFSA-N,10.1021/acsomega.2c03127,运行/运行/ATP-VSW/ATP-VSW-DOCK_HTVS_1-001_lib/ATP-VSW-DOCK_HTVS_1-001_lib
ATP-HTVS-44DE29768EEE,17571,Oc1ccc([C@@H](O)CNc2nc(-c3ccccc3)c3ccccc3n2)cc1,c1ccc(CCNc2nc(-c3ccccc3)c3ccccc3n2)cc1,-5.67669422905585,0.9466911764705882,0.22857142857142856,0.24285714285714285,compound 15 (Steed 2022),RIDDIWJTDCGXDH-NRFANRHFSA-N,10.1021/acsomega.2c03127,运行/运行/ATP-VSW/ATP-VSW-DOCK_HTVS_1-003_lib/ATP-VSW-DOCK_HTVS_1-003_lib.mae
ATP-HTVS-4503BC70E7F0,38561,Cc1ccc(F)c([C@H](O)C[NH2+]Cc2nc3ccccc3n2Cc2ccccc2)c1,c1ccc(CC[NH2+]Cc2nc3ccccc3n2Cc2ccccc2)cc1,-4.93238473626858,0.8033088235294118,0.20689655172413793,0.26582278481012656,WSA236,CJWSCOKTAUPKHM-UHFFFAOYSA-N,10.1002/cmdc.202400952,运行/运行/ATP-VSW/ATP-VSW-DOCK_HTVS_1-001_lib/ATP-VSW-DOCK_HTVS_1-001_lib
ATP-HTVS-450A55DE989E,48930,CC(C)Nc1cccc(CNc2nc(N[C@@H](C)c3ccc(C#N)cc3)nc3ccccc23)c1,c1ccc(CNc2nc(NCc3ccccc3)c3ccccc3n2)cc1,-0.485217582185325,0.0018382352941176405,0.24096385542168675,0.2261904761904762,compound 15 (Steed 2022),RIDDIWJTDCGXDH-NRFANRHFSA-N,10.1021/acsomega.2c03127,运行/运行/ATP-VSW/ATP-VSW-DOCK_HTVS_1-002_lib.maegz
ATP-HTVS-458F3EB1794A,20674,C[C@](N)(C(=O)n1nc(-c2ccc(F)c(F)c2)cc1CC[NH2+]Cc1ccccc1)c1ccccc1,O=C(Cc1ccccc1)n1nc(-c2ccccc2)cc1CC[NH2+]Cc1ccccc1,-5.66081942024154,0.9424019607843137,0.20833333333333334,0.2727272727272727,WSA297,GXYVJEJKTGYEDL-UHFFFAOYSA-N,10.1021/acsomega.5c06380,运行/运行/ATP-VSW/ATP-VSW-DOCK_HTVS_1-002_lib.maegz
ATP-HTVS-45908092458F,47809,C[NH+](C)Cc1ccc(CCNc2nc3ccccc3nc2NCC(=O)NCc2ccccc2)cc1,O=C(CNc1nc2ccccc2nc1NCCc1ccccc1)NCc1ccccc1,-4.61060269011311,0.6832107843137255,0.26666666666666666,0.359375,compound 15 (Steed 2022),RIDDIWJTDCGXDH-NRFANRHFSA-N,10.1021/acsomega.2c03127,运行/运行/ATP-VSW/ATP-VSW-DOCK_HTVS_1-001_lib/ATP-VSW-DOCK_HTVS_1-001_lib
ATP-HTVS-459B7E30FD80,76673,C[NH+](C)Cc1cccc(CNc2c(C(=O)Nc3ccc(C#N)cc3)sc3ccccc23)c1,O=C(Nc1ccccc1)c1sc2ccccc2c1NCc1ccccc1,-4.59371584733431,0.673406862745098,0.20238095238095238,0.21518987341772153,compound 8 (Steed 2022),ROJPDORYZONAPF-UHFFFAOYSA-N,10.1021/acsomega.2c03127,运行/运行/ATP-VSW/ATP-VSW-DOCK_HTVS_1-001_lib/ATP-VSW-DOCK_HTVS_1-001_lib
ATP-HTVS-45A004EDB829,35234,OC[C@@H]([NH2+]Cc1nc2ccccc2c(-c2ccccc2)c1Cl)c1ccccc1F,c1ccc(C[NH2+]Cc2cc(-c3ccccc3)c3ccccc3n2)cc1,-5.63462685379644,0.9381127450980392,0.17857142857142858,0.2345679012345679,compound 19 (Steed 2022),DHQKBEDPXLHXAJ-OAQYLSRUSA-N,10.1021/acsomega.2c03127,运行/运行/ATP-VSW/ATP-VSW-DOCK_HTVS_1-002_lib.maegz
ATP-HTVS-45C9FDCE5200,67554,C[NH+](C)CCc1cccc(NC(=O)c2cc(-c3cccnc3)nc3ccccc23)c1,O=C(Nc1ccccc1)c1cc(-c2cccnc2)nc2ccccc12,-4.79069052465564,0.7549019607843137,0.25316455696202533,0.2727272727272727,compound 8 (Steed 2022),ROJPDORYZONAPF-UHFFFAOYSA-N,10.1021/acsomega.2c03127,运行/运行/ATP-VSW/ATP-VSW-DOCK_HTVS_1-002_lib.maegz
ATP-HTVS-45EC04A30F13,45571,COc1ccc(CN(C)Cc2ccc(C[NH+](C)C)cc2)cc1OCc1ccccc1,c1ccc(CNCc2cccc(OCc3ccccc3)c2)cc1,-2.71323008229637,0.13235294117647056,0.24390243902439024,0.2878787878787879,WSA297,GXYVJEJKTGYEDL-UHFFFAOYSA-N,10.1021/acsomega.5c06380,运行/运行/ATP-VSW/ATP-VSW-DOCK_HTVS_1-003_lib/ATP-VSW-DOCK_HTVS_1-003_lib.mae
ATP-HTVS-461088EC3581,13442,COc1cccc(CN[C@H](C)c2cc3cccc(Cl)c3c(=O)n2-c2ccccc2)c1,O=c1c2ccccc2cc(CNCc2ccccc2)n1-c1ccccc1,-2.44915932591984,0.11397058823529416,0.28205128205128205,0.26582278481012656,compound 15 (Steed 2022),RIDDIWJTDCGXDH-NRFANRHFSA-N,10.1021/acsomega.2c03127,运行/运行/ATP-VSW/ATP-VSW-DOCK_HTVS_1-002_lib.maegz
ATP-HTVS-4630C8488F7C,77025,Cc1ccc(C(=O)Nc2c(NCc3cccc(C[NH+](C)C)c3)cnc3ccccc23)cc1[S-],O=C(Nc1c(NCc2ccccc2)cnc2ccccc12)c1ccccc1,-4.36397363292611,0.5637254901960784,0.21978021978021978,0.25316455696202533,WSA236,CJWSCOKTAUPKHM-UHFFFAOYSA-N,10.1002/cmdc.202400952,运行/运行/ATP-VSW/ATP-VSW-DOCK_HTVS_1-001_lib/ATP-VSW-DOCK_HTVS_1-001_lib
ATP-HTVS-464A50F6807A,88514,N#CN(c1ccccc1)c1cnc(NC(=O)Cc2ccc(O)cc2)c2ccccc12,O=C(Cc1ccccc1)Nc1ncc(Nc2ccccc2)c2ccccc12,-4.0729361307378,0.4454656862745098,0.28169014084507044,0.28169014084507044,compound 8 (Steed 2022),ROJPDORYZONAPF-UHFFFAOYSA-N,10.1021/acsomega.2c03127,运行/运行/ATP-VSW/ATP-VSW-DOCK_HTVS_1-002_lib.maegz
ATP-HTVS-464DF81034BD,92994,C[NH+](C)Cc1cccc(CNc2c(C(=O)Nc3cccc(F)c3)sc3ncccc23)c1,O=C(Nc1ccccc1)c1sc2ncccc2c1NCc1ccccc1,-5.9427851521281,0.9724264705882353,0.18085106382978725,0.22784810126582278,WSA298,IZWVLJVCXHHUOO-UHFFFAOYSA-N,10.1021/acsomega.5c06380,运行/运行/ATP-VSW/ATP-VSW-DOCK_HTVS_1-002_lib.maegz
ATP-HTVS-4697491C32F9,77698,CC[NH+](CC)Cc1ccc(CNc2c(NC(=O)Cc3ccccc3C#N)c[nH+]c3ccccc23)cc1,O=C(Cc1ccccc1)Nc1c[nH+]c2ccccc2c1NCc1ccccc1,-4.2474975969623,0.5079656862745099,0.2,0.24358974358974358,compound 8 (Steed 2022),ROJPDORYZONAPF-UHFFFAOYSA-N,10.1021/acsomega.2c03127,运行/运行/ATP-VSW/ATP-VSW-DOCK_HTVS_1-002_lib.maegz
ATP-HTVS-4697A006B393,56194,C[NH+](C)Cc1cccc(NC(=O)Cn2c(Cc3ccccc3)[nH+]c3ccccc32)c1,O=C(Cn1c(Cc2ccccc2)[nH+]c2ccccc21)Nc1ccccc1,-4.02395167822352,0.428921568627451,0.19230769230769232,0.30434782608695654,compound 8 (Steed 2022),ROJPDORYZONAPF-UHFFFAOYSA-N,10.1021/acsomega.2c03127,运行/运行/ATP-VSW/ATP-VSW-DOCK_HTVS_1-002_lib.maegz
ATP-HTVS-469EEFA86A0D,60513,CC(C)Nc1ccccc1C[NH2+]C[C@@H](O)Cn1ccc2ccccc2c1=O,O=c1c2ccccc2ccn1CCC[NH2+]Cc1ccccc1,-5.1114067324417,0.8541666666666666,0.19047619047619047,0.21621621621621623,compound 18 (Steed 2022),DCLANSSFVIGXHQ-OAQYLSRUSA-N,10.1021/acsomega.2c03127,运行/运行/ATP-VSW/ATP-VSW-DOCK_HTVS_1-001_lib/ATP-VSW-DOCK_HTVS_1-001_lib
ATP-HTVS-46A91AAE2D1D,82529,Cc1ccc(F)c([C@H](C)N2CC(=O)Nc3ccccc3[C@H]2c2ccccc2)c1F,O=C1CN(Cc2ccccc2)C(c2ccccc2)c2ccccc2N1,-1.23008682170189,0.020220588235294157,0.14606741573033707,0.15294117647058825,compound 19 (Steed 2022),DHQKBEDPXLHXAJ-OAQYLSRUSA-N,10.1021/acsomega.2c03127,运行/运行/ATP-VSW/ATP-VSW-DOCK_HTVS_1-001_lib/ATP-VSW-DOCK_HTVS_1-001_lib
ATP-HTVS-46F5C2C02CE5,81411,C[NH+](C)Cc1cccc(CNc2csc(C(=O)N(CC#N)c3ccc(Cl)cc3)c2)c1,O=C(Nc1ccccc1)c1cc(NCc2ccccc2)cs1,-5.15240839453565,0.8682598039215687,0.16666666666666666,0.21794871794871795,compound 15 (Steed 2022),RIDDIWJTDCGXDH-NRFANRHFSA-N,10.1021/acsomega.2c03127,运行/运行/ATP-VSW/ATP-VSW-DOCK_HTVS_1-003_lib/ATP-VSW-DOCK_HTVS_1-003_lib.mae
ATP-HTVS-471B66EC874A,78945,CN(c1cnc2ccccc2c1NC(=O)c1ccccc1Cl)[C@H](C#N)c1ccccc1,O=C(Nc1c(NCc2ccccc2)cnc2ccccc12)c1ccccc1,-3.76479820066214,0.3174019607843137,0.20481927710843373,0.19540229885057472,compound 15 (Steed 2022),RIDDIWJTDCGXDH-NRFANRHFSA-N,10.1021/acsomega.2c03127,运行/运行/ATP-VSW/ATP-VSW-DOCK_HTVS_1-001_lib/ATP-VSW-DOCK_HTVS_1-001_lib
ATP-HTVS-471CA8009E10,94562,CN(c1cc2ccccc2nc1NC(=O)c1ccc([S-])c(Cl)c1)[C@H](C#N)c1ccccc1,O=C(Nc1nc2ccccc2cc1NCc1ccccc1)c1ccccc1,-3.97060511347441,0.40625,0.25316455696202533,0.2692307692307692,Ward2024 compound 6,LKLACXNGVWXYAW-UHFFFAOYSA-N,10.1021/acsmedchemlett.3c00480,运行/运行/ATP-VSW/ATP-VSW-DOCK_HTVS_1-003_lib/ATP-VSW-DOCK_HTVS_1-003_lib.mae
ATP-HTVS-472161FD1CB3,82882,Cc1ccc(Cl)cc1N(C)C(=O)c1sccc1NCc1cccc(CN(C)C)c1,O=C(Nc1ccccc1)c1sccc1NCc1ccccc1,-2.60245460393226,0.12683823529411764,0.21333333333333335,0.21333333333333335,Ward2024 compound 1,DVUDEYVEBQKKMF-UHFFFAOYSA-N,10.1021/acsmedchemlett.3c00480,运行/运行/ATP-VSW/ATP-VSW-DOCK_HTVS_1-002_lib.maegz
ATP-HTVS-47220BE834AE,78051,C[NH+](C)Cc1ccc(C(=O)Nc2nc3ccccc3cc2N(CC#N)Cc2cccc(Cl)c2)cc1,O=C(Nc1nc2ccccc2cc1NCc1ccccc1)c1ccccc1,-5.55803664405348,0.9307598039215687,0.2619047619047619,0.35135135135135137,Ward2024 compound 8,APMKTVCBYUVFFM-UHFFFAOYSA-N,10.1021/acsmedchemlett.3c00480,运行/运行/ATP-VSW/ATP-VSW-DOCK_HTVS_1-003_lib/ATP-VSW-DOCK_HTVS_1-003_lib.mae
ATP-HTVS-47675EC0C4D5,67843,Cc1ccccc1C[C@@H]([NH2+]Cc1ccc(OCc2ccccc2)c(OCc2ccccc2)c1)C(=O)[O-],c1ccc(CC[NH2+]Cc2ccc(OCc3ccccc3)c(OCc3ccccc3)c2)cc1,-5.4109022547373,0.914828431372549,0.28378378378378377,0.36764705882352944,compound 15 (Steed 2022),RIDDIWJTDCGXDH-NRFANRHFSA-N,10.1021/acsomega.2c03127,运行/运行/ATP-VSW/ATP-VSW-DOCK_HTVS_1-003_lib/ATP-VSW-DOCK_HTVS_1-003_lib.mae
ATP-HTVS-47A17AC8C7BD,41059,CC(C)c1ccc([C@H]([NH3+])CNc2nc(-c3ccccc3)nc3ccccc23)cc1,c1ccc(CCNc2nc(-c3ccccc3)nc3ccccc23)cc1,-5.0080116053514,0.8253676470588236,0.24,0.25333333333333335,compound 18 (Steed 2022),DCLANSSFVIGXHQ-OAQYLSRUSA-N,10.1021/acsomega.2c03127,运行/运行/ATP-VSW/ATP-VSW-DOCK_HTVS_1-003_lib/ATP-VSW-DOCK_HTVS_1-003_lib.mae
ATP-HTVS-47BAC8FD9A9F,73409,C[NH+](C)Cc1cccc(CNc2c(C(=O)Nc3ccccc3N)sc3ccccc23)c1,O=C(Nc1ccccc1)c1sc2ccccc2c1NCc1ccccc1,-4.6952770336704,0.7181372549019608,0.20238095238095238,0.2236842105263158,compound 15 (Steed 2022),RIDDIWJTDCGXDH-NRFANRHFSA-N,10.1021/acsomega.2c03127,运行/运行/ATP-VSW/ATP-VSW-DOCK_HTVS_1-001_lib/ATP-VSW-DOCK_HTVS_1-001_lib
ATP-HTVS-4862FE6420AB,72898,CC(=O)c1ccc(CC(=O)Nc2c[nH+]c3ccccc3c2NCc2cccc(C[NH+](C)C)c2)cc1,O=C(Cc1ccccc1)Nc1c[nH+]c2ccccc2c1NCc1ccccc1,-5.04320666313949,0.8370098039215687,0.23863636363636365,0.2972972972972973,compound 18 (Steed 2022),DCLANSSFVIGXHQ-OAQYLSRUSA-N,10.1021/acsomega.2c03127,运行/运行/ATP-VSW/ATP-VSW-DOCK_HTVS_1-002_lib.maegz
ATP-HTVS-48C487957C1E,66849,NC(=O)CN(C(=O)c1sc2ccccc2c1CSc1ccccc1Cl)c1ccccc1,O=C(Nc1ccccc1)c1sc2ccccc2c1CSc1ccccc1,-3.83958463930576,0.3517156862745098,0.1875,0.18292682926829268,compound 17 (Steed 2022),HXWNUGNSPIOUKJ-HNNXBMFYSA-N,10.1021/acsomega.2c03127,运行/运行/ATP-VSW/ATP-VSW-DOCK_HTVS_1-001_lib/ATP-VSW-DOCK_HTVS_1-001_lib
ATP-HTVS-48ECC7021683,96033,C[NH+](C)Cc1cccc(CNc2csc(C(=O)NCc3cccc(Cl)c3)c2)c1,O=C(NCc1ccccc1)c1cc(NCc2ccccc2)cs1,-4.40656122353877,0.5790441176470589,0.17073170731707318,0.22535211267605634,compound 15 (Steed 2022),RIDDIWJTDCGXDH-NRFANRHFSA-N,10.1021/acsomega.2c03127,运行/运行/ATP-VSW/ATP-VSW-DOCK_HTVS_1-001_lib/ATP-VSW-DOCK_HTVS_1-001_lib
ATP-HTVS-491BAB709F49,88482,CN(c1cc2ccccc2nc1NC(=O)c1ccc(C[NH+]2CCCC2)cc1)[C@@H](C#N)c1ccccc1,O=C(Nc1nc2ccccc2cc1NCc1ccccc1)c1ccc(C[NH+]2CCCC2)cc1,-4.15817163114907,0.4736519607843137,0.2875,0.38461538461538464,Ward2024 compound 6,LKLACXNGVWXYAW-UHFFFAOYSA-N,10.1021/acsmedchemlett.3c00480,运行/运行/ATP-VSW/ATP-VSW-DOCK_HTVS_1-002_lib.maegz
ATP-HTVS-4920657FA6C2,47234,CN(C)Cc1ccc(CCNC(=O)/N=c2\[nH]c3ccccc3n2Cc2ccccc2)cc1,O=C(N=c1[nH]c2ccccc2n1Cc1ccccc1)NCCc1ccccc1,-3.04995452842007,0.16360294117647056,0.22972972972972974,0.2361111111111111,Ward2024 compound 1,DVUDEYVEBQKKMF-UHFFFAOYSA-N,10.1021/acsmedchemlett.3c00480,运行/运行/ATP-VSW/ATP-VSW-DOCK_HTVS_1-002_lib.maegz
ATP-HTVS-494FFDA3E05A,79810,C[NH+](C)Cc1ccc(NC(=O)c2cn(-c3ccccc3)c(=O)c3ccccc23)cc1,O=C(Nc1ccccc1)c1cn(-c2ccccc2)c(=O)c2ccccc12,-3.71641509158904,0.2959558823529411,0.2328767123287671,0.25,compound 8 (Steed 2022),ROJPDORYZONAPF-UHFFFAOYSA-N,10.1021/acsomega.2c03127,运行/运行/ATP-VSW/ATP-VSW-DOCK_HTVS_1-002_lib.maegz
ATP-HTVS-4991CDEEDD30,76385,C[NH+](C)Cc1ccc(C[NH2+][C@@H](C#Cc2cccc(O)c2)c2cc3ccccc3o2)cc1,C(#CC([NH2+]Cc1ccccc1)c1cc2ccccc2o1)c1ccccc1,-4.93109589081269,0.8020833333333334,0.20238095238095238,0.3333333333333333,compound 1 (Fraunfelter 2023),WIDVPHSBAXLSEU-LJQANCHMSA-N,10.1021/acsinfecdis.3c00317,运行/运行/ATP-VSW/ATP-VSW-DOCK_HTVS_1-001_lib/ATP-VSW-DOCK_HTVS_1-001_lib
ATP-HTVS-49CF595ADD5C,20834,C[NH+](C)Cc1ccc(-n2c3ccccc3c(=O)n2Cc2ccccc2)cc1,O=c1c2ccccc2n(-c2ccccc2)n1Cc1ccccc1,-4.07488023381237,0.44791666666666663,0.17567567567567569,0.25396825396825395,WSA249,YEMLSUARMQTHJO-UHFFFAOYSA-N,10.1002/cmdc.202400952,运行/运行/ATP-VSW/ATP-VSW-DOCK_HTVS_1-002_lib.maegz
ATP-HTVS-49D68E9248AF,44739,NC(=O)[C@@H]([NH2+]Cc1cc(OCc2ccccc2)c2ccccc2c1)c1ccccc1,c1ccc(C[NH2+]Cc2cc(OCc3ccccc3)c3ccccc3c2)cc1,-5.70465144918072,0.9509803921568627,0.32857142857142857,0.36764705882352944,compound 15 (Steed 2022),RIDDIWJTDCGXDH-NRFANRHFSA-N,10.1021/acsomega.2c03127,运行/运行/ATP-VSW/ATP-VSW-DOCK_HTVS_1-003_lib/ATP-VSW-DOCK_HTVS_1-003_lib.mae
ATP-HTVS-4A1EB194D3B6,11747,Cc1ccc(Br)cc1C[NH2+]C[C@H]1c2ccccc2C(=O)N1Cc1ccccc1,O=C1c2ccccc2C(C[NH2+]Cc2ccccc2)N1Cc1ccccc1,-4.85779636585634,0.7708333333333334,0.25,0.3116883116883117,WSA257,NLTZNXHLSWPGMA-UHFFFAOYSA-N,10.1002/cmdc.202400952,运行/运行/ATP-VSW/ATP-VSW-DOCK_HTVS_1-003_lib/ATP-VSW-DOCK_HTVS_1-003_lib.mae
ATP-HTVS-4A28AAEEA14A,71714,C[NH+](C)Cc1cccc(CNc2c(NC(=O)c3cc(F)ccc3Cl)c[nH+]c3ccccc23)c1,O=C(Nc1c[nH+]c2ccccc2c1NCc1ccccc1)c1ccccc1,-5.08545475115908,0.8492647058823529,0.17894736842105263,0.2692307692307692,WSA298,IZWVLJVCXHHUOO-UHFFFAOYSA-N,10.1021/acsomega.5c06380,运行/运行/ATP-VSW/ATP-VSW-DOCK_HTVS_1-002_lib.maegz
ATP-HTVS-4A3DC7D9F888,95777,C[NH+](C)Cc1ccccc1C(=O)Nc1c[nH+]c2ccccc2c1NCc1ccc(NCCO)cc1,O=C(Nc1c[nH+]c2ccccc2c1NCc1ccccc1)c1ccccc1,-4.77335035771705,0.7469362745098039,0.2289156626506024,0.2727272727272727,compound 8 (Steed 2022),ROJPDORYZONAPF-UHFFFAOYSA-N,10.1021/acsomega.2c03127,运行/运行/ATP-VSW/ATP-VSW-DOCK_HTVS_1-001_lib/ATP-VSW-DOCK_HTVS_1-001_lib
ATP-HTVS-4A7957865725,86657,C[NH+](C)Cc1c(N)cccc1Nc1nc(Br)c2ccccc2c1-c1ccccc1,c1ccc(Nc2ncc3ccccc3c2-c2ccccc2)cc1,-3.47010221209868,0.22671568627450978,0.15584415584415584,0.21428571428571427,Ward2024 compound 6,LKLACXNGVWXYAW-UHFFFAOYSA-N,10.1021/acsmedchemlett.3c00480,运行/运行/ATP-VSW/ATP-VSW-DOCK_HTVS_1-001_lib/ATP-VSW-DOCK_HTVS_1-001_lib
ATP-HTVS-4AC739BE8539,83970,CC[NH+](CC)Cc1cccc(CNc2c[nH]c3ccccc3/c2=[NH+]/C(=O)c2cccc(C#N)c2Cl)c1,O=C([NH+]=c1c(NCc2ccccc2)c[nH]c2ccccc12)c1ccccc1,-2.77467908775875,0.13602941176470584,0.24210526315789474,0.24468085106382978,compound 18 (Steed 2022),DCLANSSFVIGXHQ-OAQYLSRUSA-N,10.1021/acsomega.2c03127,运行/运行/ATP-VSW/ATP-VSW-DOCK_HTVS_1-002_lib.maegz
ATP-HTVS-4AC96F3AF657,25826,CCNC(=O)c1ccccc1C[NH2+]C[C@H]1c2ccccc2C(=O)N1Cc1ccccc1,O=C1c2ccccc2C(C[NH2+]Cc2ccccc2)N1Cc1ccccc1,-5.37701549450929,0.9080882352941176,0.19540229885057472,0.2235294117647059,WSA236,CJWSCOKTAUPKHM-UHFFFAOYSA-N,10.1002/cmdc.202400952,运行/运行/ATP-VSW/ATP-VSW-DOCK_HTVS_1-002_lib.maegz
ATP-HTVS-4AF467728185,61602,C[NH2+]Cc1ccc(CNC(=O)c2cc(-c3ccncc3)nc3ccccc23)cc1,O=C(NCc1ccccc1)c1cc(-c2ccncc2)nc2ccccc12,-5.0736909948387,0.8431372549019608,0.2631578947368421,0.25675675675675674,compound 15 (Steed 2022),RIDDIWJTDCGXDH-NRFANRHFSA-N,10.1021/acsomega.2c03127,运行/运行/ATP-VSW/ATP-VSW-DOCK_HTVS_1-002_lib.maegz
ATP-HTVS-4AF9C9C46A6A,50882,COc1ccc([C@@H](C[NH+](C)C)NC(=O)Cn2c(COc3ccccc3)nc3ccccc32)cc1,O=C(Cn1c(COc2ccccc2)nc2ccccc21)NCc1ccccc1,-4.33034179670516,0.545343137254902,0.2682926829268293,0.25301204819277107,compound 15 (Steed 2022),RIDDIWJTDCGXDH-NRFANRHFSA-N,10.1021/acsomega.2c03127,运行/运行/ATP-VSW/ATP-VSW-DOCK_HTVS_1-002_lib.maegz
ATP-HTVS-4B144E96CFBE,75490,C[NH2+]Cc1ccc(CNc2cnc(NC(=O)Cc3ccccc3F)c3ccccc23)cc1,O=C(Cc1ccccc1)Nc1ncc(NCc2ccccc2)c2ccccc12,-6.09847068944256,0.9803921568627451,0.22077922077922077,0.22666666666666666,compound 8 (Steed 2022),ROJPDORYZONAPF-UHFFFAOYSA-N,10.1021/acsomega.2c03127,运行/运行/ATP-VSW/ATP-VSW-DOCK_HTVS_1-002_lib.maegz
ATP-HTVS-4B5D35D2395E,61409,CC[N@@H+](C)Cc1cccc(CNc2nc3ccccc3nc2N[C@H](C)c2cccc(C#N)c2)c1,c1ccc(CNc2nc3ccccc3nc2NCc2ccccc2)cc1,-4.24902805223689,0.5098039215686274,0.2289156626506024,0.24050632911392406,compound 15 (Steed 2022),RIDDIWJTDCGXDH-NRFANRHFSA-N,10.1021/acsomega.2c03127,运行/运行/ATP-VSW/ATP-VSW-DOCK_HTVS_1-001_lib/ATP-VSW-DOCK_HTVS_1-001_lib
ATP-HTVS-4B689B6ED6C6,95234,CN(C(=O)c1ccccc1Br)c1ncccc1NCc1cccc(C[NH+](C)C)c1,O=C(Nc1ncccc1NCc1ccccc1)c1ccccc1,-3.75595679724793,0.31495098039215685,0.21951219512195122,0.2676056338028169,compound 15 (Steed 2022),RIDDIWJTDCGXDH-NRFANRHFSA-N,10.1021/acsomega.2c03127,运行/运行/ATP-VSW/ATP-VSW-DOCK_HTVS_1-003_lib/ATP-VSW-DOCK_HTVS_1-003_lib.mae
ATP-HTVS-4B898DE9EBD2,87971,C[C@H]([NH2+]CC#Cc1cnc(NC(=O)Cc2ccc(C#N)cc2)c2ccccc12)c1cccc(F)c1,O=C(Cc1ccccc1)Nc1ncc(C#CC[NH2+]Cc2ccccc2)c2ccccc12,-4.5337690678731,0.6458333333333333,0.21739130434782608,0.2247191011235955,compound 15 (Steed 2022),RIDDIWJTDCGXDH-NRFANRHFSA-N,10.1021/acsomega.2c03127,运行/运行/ATP-VSW/ATP-VSW-DOCK_HTVS_1-003_lib/ATP-VSW-DOCK_HTVS_1-003_lib.mae
ATP-HTVS-4BBA1A792A2F,70529,C[NH+](C)Cc1cccc(CNc2cnc(NC(=O)c3cccc(O)c3)c3ccccc23)c1,O=C(Nc1ncc(NCc2ccccc2)c2ccccc12)c1ccccc1,-4.75445047012433,0.7395833333333333,0.2345679012345679,0.25675675675675674,compound 15 (Steed 2022),RIDDIWJTDCGXDH-NRFANRHFSA-N,10.1021/acsomega.2c03127,运行/运行/ATP-VSW/ATP-VSW-DOCK_HTVS_1-001_lib/ATP-VSW-DOCK_HTVS_1-001_lib
ATP-HTVS-4BCACD3FB587,71139,COc1ccccc1CC(=O)Nc1cnc2ccccc2c1NCc1ccc(C[NH+](C)C)cc1,O=C(Cc1ccccc1)Nc1cnc2ccccc2c1NCc1ccccc1,-2.63140354448131,0.1292892156862745,0.2891566265060241,0.323943661971831,compound 18 (Steed 2022),DCLANSSFVIGXHQ-OAQYLSRUSA-N,10.1021/acsomega.2c03127,运行/运行/ATP-VSW/ATP-VSW-DOCK_HTVS_1-003_lib/ATP-VSW-DOCK_HTVS_1-003_lib.mae
ATP-HTVS-4BE062240422,80833,COC(=O)Cc1ccc(C(=O)Nc2ncc(NCc3cccc(C[NH+](C)C)c3)c3ccccc23)cc1,O=C(Nc1ncc(NCc2ccccc2)c2ccccc12)c1ccccc1,-3.60181278136993,0.26041666666666663,0.2413793103448276,0.2597402597402597,compound 18 (Steed 2022),DCLANSSFVIGXHQ-OAQYLSRUSA-N,10.1021/acsomega.2c03127,运行/运行/ATP-VSW/ATP-VSW-DOCK_HTVS_1-001_lib/ATP-VSW-DOCK_HTVS_1-001_lib
ATP-HTVS-4BFDBDCB8AC3,81857,CN(C(=O)Cc1ccccc1)c1ccc(NCc2cccc(C[NH+](C)C)c2)cn1,O=C(Cc1ccccc1)Nc1ccc(NCc2ccccc2)cn1,-4.09028534747273,0.45343137254901966,0.2631578947368421,0.2948717948717949,compound 15 (Steed 2022),RIDDIWJTDCGXDH-NRFANRHFSA-N,10.1021/acsomega.2c03127,运行/运行/ATP-VSW/ATP-VSW-DOCK_HTVS_1-001_lib/ATP-VSW-DOCK_HTVS_1-001_lib
ATP-HTVS-4C04B46E023C,67139,Cc1cc(CNc2nc(NCc3ccccc3C[NH+](C)C)c3ccccc3[nH+]2)ccc1CO,c1ccc(CNc2nc(NCc3ccccc3)c3ccccc3[nH+]2)cc1,-4.00518449043666,0.4203431372549019,0.24358974358974358,0.3235294117647059,compound 8 (Steed 2022),ROJPDORYZONAPF-UHFFFAOYSA-N,10.1021/acsomega.2c03127,运行/运行/ATP-VSW/ATP-VSW-DOCK_HTVS_1-003_lib/ATP-VSW-DOCK_HTVS_1-003_lib.mae
ATP-HTVS-4C091C5F609D,74754,CC[NH+](CC)Cc1ccc(CNc2c(C(=O)N(C#N)c3ccccc3)sc3ccccc23)cc1,O=C(Nc1ccccc1)c1sc2ccccc2c1NCc1ccccc1,-3.82166575294196,0.3449754901960784,0.17582417582417584,0.2077922077922078,compound 18 (Steed 2022),DCLANSSFVIGXHQ-OAQYLSRUSA-N,10.1021/acsomega.2c03127,运行/运行/ATP-VSW/ATP-VSW-DOCK_HTVS_1-002_lib.maegz
ATP-HTVS-4C511AF0E5BD,37027,COc1ccc(-c2ccc(C[NH2+][C@H](C)c3ccc(CN(C)C)cc3)s2)cc1,c1ccc(C[NH2+]Cc2ccc(-c3ccccc3)s2)cc1,-4.70375095023499,0.7230392156862745,0.21686746987951808,0.25,WSA296,HCBCVTVDQQQYPH-UHFFFAOYSA-N,10.1021/acsomega.5c06380,运行/运行/ATP-VSW/ATP-VSW-DOCK_HTVS_1-003_lib/ATP-VSW-DOCK_HTVS_1-003_lib.mae
ATP-HTVS-4C6C1EFD2AA2,72065,C[NH+](C)Cc1cccc(CNc2c(NC(=O)c3ccc([S-])c(F)c3)c[nH+]c3ccccc23)c1,O=C(Nc1c[nH+]c2ccccc2c1NCc1ccccc1)c1ccccc1,-3.9503569591684,0.39950980392156865,0.17708333333333334,0.26582278481012656,compound 18 (Steed 2022),DCLANSSFVIGXHQ-OAQYLSRUSA-N,10.1021/acsomega.2c03127,运行/运行/ATP-VSW/ATP-VSW-DOCK_HTVS_1-001_lib/ATP-VSW-DOCK_HTVS_1-001_lib
ATP-HTVS-4CC80B7019B2,75234,Cc1nc(-c2ccc(Cl)cc2)sc1[C@H](C)[NH2+]Cc1ccc(C[NH+](C)C)cc1,c1ccc(C[NH2+]Cc2cnc(-c3ccccc3)s2)cc1,-5.14583920167387,0.8658088235294118,0.13793103448275862,0.2923076923076923,WSA296,HCBCVTVDQQQYPH-UHFFFAOYSA-N,10.1021/acsomega.5c06380,运行/运行/ATP-VSW/ATP-VSW-DOCK_HTVS_1-002_lib.maegz
ATP-HTVS-4CFD3E435A48,60227,CN(C)c1ccc(CC[NH2+]Cc2cn(-c3ccccc3)nc2-c2ccncc2)cc1,c1ccc(CC[NH2+]Cc2cn(-c3ccccc3)nc2-c2ccncc2)cc1,-5.64869376221623,0.9411764705882353,0.2682926829268293,0.37333333333333335,WSA276,AVMFLQZOZFHZLB-UHFFFAOYSA-N,10.1021/acsomega.5c06380,运行/运行/ATP-VSW/ATP-VSW-DOCK_HTVS_1-003_lib/ATP-VSW-DOCK_HTVS_1-003_lib.mae
ATP-HTVS-4D1ED9B826E8,4419,CN(C)[C@@H](CNC(=O)c1cc(=O)c2ccccc2n1CCc1ccccc1)c1ccc(F)cc1,O=C(NCCc1ccccc1)c1cc(=O)c2ccccc2n1CCc1ccccc1,-3.09401990408603,0.16666666666666663,0.21348314606741572,0.2159090909090909,WSA298,IZWVLJVCXHHUOO-UHFFFAOYSA-N,10.1021/acsomega.5c06380,运行/运行/ATP-VSW/ATP-VSW-DOCK_HTVS_1-003_lib/ATP-VSW-DOCK_HTVS_1-003_lib.mae
ATP-HTVS-4D974321991D,51619,COc1ccc(CNc2nc(NCc3ccc(F)cc3CN(C)C)c3ccccc3[nH+]2)cc1,c1ccc(CNc2nc(NCc3ccccc3)c3ccccc3[nH+]2)cc1,-2.16155537020466,0.08700980392156865,0.3055555555555556,0.35294117647058826,Ward2024 compound 1,DVUDEYVEBQKKMF-UHFFFAOYSA-N,10.1021/acsmedchemlett.3c00480,运行/运行/ATP-VSW/ATP-VSW-DOCK_HTVS_1-003_lib/ATP-VSW-DOCK_HTVS_1-003_lib.mae
ATP-HTVS-4DC88D9567D5,69986,CN(c1c(NC(=O)c2ccccc2C[NH+](C)C)c[nH+]c2ccccc12)[C@@H](C#N)c1ccccc1,O=C(Nc1c[nH+]c2ccccc2c1NCc1ccccc1)c1ccccc1,-4.57272995839587,0.6642156862745099,0.17777777777777778,0.23376623376623376,compound 15 (Steed 2022),RIDDIWJTDCGXDH-NRFANRHFSA-N,10.1021/acsomega.2c03127,运行/运行/ATP-VSW/ATP-VSW-DOCK_HTVS_1-002_lib.maegz
ATP-HTVS-4DE86EAA2D32,76034,C[NH+](C)Cc1ccc(CN[C@@H](C#Cc2ccncc2)c2[nH+]ccn2OCc2ccccc2)cc1,C(#CC(NCc1ccccc1)c1[nH+]ccn1OCc1ccccc1)c1ccncc1,-5.40904442602518,0.9129901960784313,0.20689655172413793,0.28378378378378377,compound 15 (Steed 2022),RIDDIWJTDCGXDH-NRFANRHFSA-N,10.1021/acsomega.2c03127,运行/运行/ATP-VSW/ATP-VSW-DOCK_HTVS_1-002_lib.maegz
ATP-HTVS-4E16F03E37A9,70275,CN(Cc1sc2ccccc2c1NCc1ccc(C[NH+](C)C)cc1)C(=O)[C@H](O)c1ccccc1,O=C(Cc1ccccc1)NCc1sc2ccccc2c1NCc1ccccc1,-3.51409520180293,0.23529411764705888,0.19230769230769232,0.2638888888888889,Ward2024 compound 1,DVUDEYVEBQKKMF-UHFFFAOYSA-N,10.1021/acsmedchemlett.3c00480,运行/运行/ATP-VSW/ATP-VSW-DOCK_HTVS_1-003_lib/ATP-VSW-DOCK_HTVS_1-003_lib.mae
ATP-HTVS-4E652792F62F,84931,C#C[C@@H](NC(=O)c1sc(Cl)cc1NCc1cccc(C[NH+](C)C)c1)c1ccccc1,O=C(NCc1ccccc1)c1sccc1NCc1ccccc1,-3.96789359037915,0.4050245098039216,0.20930232558139536,0.21518987341772153,compound 15 (Steed 2022),RIDDIWJTDCGXDH-NRFANRHFSA-N,10.1021/acsomega.2c03127,运行/运行/ATP-VSW/ATP-VSW-DOCK_HTVS_1-003_lib/ATP-VSW-DOCK_HTVS_1-003_lib.mae
ATP-HTVS-4E825B07A9DF,20418,CN(C(=O)c1cc(-c2cccc(C[NH+](C)C)c2F)nc2ccccc12)c1cccc(N)c1,O=C(Nc1ccccc1)c1cc(-c2ccccc2)nc2ccccc12,-4.54758226872434,0.6507352941176471,0.25,0.273972602739726,compound 19 (Steed 2022),DHQKBEDPXLHXAJ-OAQYLSRUSA-N,10.1021/acsomega.2c03127,运行/运行/ATP-VSW/ATP-VSW-DOCK_HTVS_1-002_lib.maegz
ATP-HTVS-4E9E59A3DA5E,69218,CN(C)Cc1ccc(CNc2c(C(=O)N(C)[C@H](C#N)c3ccccc3)sc3ccccc23)cc1,O=C(NCc1ccccc1)c1sc2ccccc2c1NCc1ccccc1,-1.45009554591698,0.030637254901960786,0.2602739726027397,0.25675675675675674,Ward2024 compound 1,DVUDEYVEBQKKMF-UHFFFAOYSA-N,10.1021/acsmedchemlett.3c00480,运行/运行/ATP-VSW/ATP-VSW-DOCK_HTVS_1-002_lib.maegz
ATP-HTVS-4EA46F6E6AE0,20450,CN(C)Cc1ccc(CNC(=O)C[C@@H](Cc2csc3ccccc23)NC(=O)Cc2ccccc2)cc1,O=C(CC(Cc1csc2ccccc12)NC(=O)Cc1ccccc1)NCc1ccccc1,-2.24459138248723,0.09620098039215685,0.28169014084507044,0.28169014084507044,Ward2024 compound 1,DVUDEYVEBQKKMF-UHFFFAOYSA-N,10.1021/acsmedchemlett.3c00480,运行/运行/ATP-VSW/ATP-VSW-DOCK_HTVS_1-002_lib.maegz
ATP-HTVS-4EF6126AB2D8,89666,CC[N@H+](Cc1cccc(C)c1)c1c(C(=O)N(CC[NH3+])c2ccccc2)sc2ccccc12,O=C(Nc1ccccc1)c1sc2ccccc2c1[NH2+]Cc1ccccc1,-5.72493211292033,0.9546568627450981,0.19767441860465115,0.21176470588235294,compound 15 (Steed 2022),RIDDIWJTDCGXDH-NRFANRHFSA-N,10.1021/acsomega.2c03127,运行/运行/ATP-VSW/ATP-VSW-DOCK_HTVS_1-002_lib.maegz
ATP-HTVS-4F22ABB48DC5,71586,COC(=O)c1ccc(N(C)C(=O)c2sc3ccccc3c2NCc2ccc(C[NH+](C)C)cc2)cc1,O=C(Nc1ccccc1)c1sc2ccccc2c1NCc1ccccc1,-3.15489676990073,0.17279411764705888,0.23809523809523808,0.273972602739726,compound 1 (Fraunfelter 2023),WIDVPHSBAXLSEU-LJQANCHMSA-N,10.1021/acsinfecdis.3c00317,运行/运行/ATP-VSW/ATP-VSW-DOCK_HTVS_1-002_lib.maegz
ATP-HTVS-4F450E2E91A2,68579,C[NH+](C)Cc1cc(F)ccc1CNc1nc2ccccc2nc1NCc1ccc(C#N)c(Cl)c1,c1ccc(CNc2nc3ccccc3nc2NCc2ccccc2)cc1,-4.9457723187918,0.8051470588235294,0.25333333333333335,0.32857142857142857,Ward2024 compound 1,DVUDEYVEBQKKMF-UHFFFAOYSA-N,10.1021/acsmedchemlett.3c00480,运行/运行/ATP-VSW/ATP-VSW-DOCK_HTVS_1-003_lib/ATP-VSW-DOCK_HTVS_1-003_lib.mae
ATP-HTVS-4F5A90394674,95681,CN(C(=O)Cc1ccccc1Cl)c1ccncc1NCc1cccc(C[NH+](C)C)c1,O=C(Cc1ccccc1)Nc1ccncc1NCc1ccccc1,-3.62268826025007,0.2677696078431373,0.2261904761904762,0.273972602739726,compound 15 (Steed 2022),RIDDIWJTDCGXDH-NRFANRHFSA-N,10.1021/acsomega.2c03127,运行/运行/ATP-VSW/ATP-VSW-DOCK_HTVS_1-001_lib/ATP-VSW-DOCK_HTVS_1-001_lib
ATP-HTVS-4F9099514318,87875,C[NH+](C)Cc1ccc(C(=O)Nc2ncc(C#Cc3cccc(O)c3)nc2-c2ccccc2)cc1,O=C(Nc1ncc(C#Cc2ccccc2)nc1-c1ccccc1)c1ccccc1,-2.24190123643593,0.09497549019607843,0.22988505747126436,0.2564102564102564,compound 1 (Fraunfelter 2023),WIDVPHSBAXLSEU-LJQANCHMSA-N,10.1021/acsinfecdis.3c00317,运行/运行/ATP-VSW/ATP-VSW-DOCK_HTVS_1-003_lib/ATP-VSW-DOCK_HTVS_1-003_lib.mae
ATP-HTVS-4F9E5F08F37F,89571,C[C@H]([NH2+]CC#Cc1cc2ccccc2nc1NC(=O)c1ccccc1C#N)c1cccc(F)c1,O=C(Nc1nc2ccccc2cc1C#CC[NH2+]Cc1ccccc1)c1ccccc1,-4.3077129247582,0.5349264705882353,0.26436781609195403,0.2962962962962963,compound 15 (Steed 2022),RIDDIWJTDCGXDH-NRFANRHFSA-N,10.1021/acsomega.2c03127,运行/运行/ATP-VSW/ATP-VSW-DOCK_HTVS_1-003_lib/ATP-VSW-DOCK_HTVS_1-003_lib.mae
ATP-HTVS-4FCAA645F202,97537,N#C[C@H](Nc1c(NC(=O)c2ccccc2)c[nH+]c2ccccc12)c1ccc(F)cc1,O=C(Nc1c[nH+]c2ccccc2c1NCc1ccccc1)c1ccccc1,-3.88704986552746,0.3670343137254902,0.17045454545454544,0.20689655172413793,compound 18 (Steed 2022),DCLANSSFVIGXHQ-OAQYLSRUSA-N,10.1021/acsomega.2c03127,运行/运行/ATP-VSW/ATP-VSW-DOCK_HTVS_1-002_lib.maegz
ATP-HTVS-4FDD59ABF895,4961,CC(C)N(C(=O)c1cc(CC(=O)Nc2ccccc2)nc2ccccc12)c1ccccc1,O=C(Cc1cc(C(=O)Nc2ccccc2)c2ccccc2n1)Nc1ccccc1,-3.70166899493297,0.29227941176470584,0.3142857142857143,0.3142857142857143,compound 8 (Steed 2022),ROJPDORYZONAPF-UHFFFAOYSA-N,10.1021/acsomega.2c03127,运行/运行/ATP-VSW/ATP-VSW-DOCK_HTVS_1-001_lib/ATP-VSW-DOCK_HTVS_1-001_lib
ATP-HTVS-505E03B882A0,11617,C[NH+](C)Cc1ccc(CNc2cccnc2Oc2ccc(F)cc2)cc1,c1ccc(CNc2cccnc2Oc2ccccc2)cc1,-3.80434624440615,0.33639705882352944,0.21518987341772153,0.31746031746031744,WSA298,IZWVLJVCXHHUOO-UHFFFAOYSA-N,10.1021/acsomega.5c06380,运行/运行/ATP-VSW/ATP-VSW-DOCK_HTVS_1-001_lib/ATP-VSW-DOCK_HTVS_1-001_lib
ATP-HTVS-507C96D672B3,5570,C[NH+](C)CCOc1cccc(C[NH2+]C[C@H]2c3ccccc3C(=O)N2Cc2ccccc2)c1,O=C1c2ccccc2C(C[NH2+]Cc2ccccc2)N1Cc1ccccc1,-5.71813257964719,0.9540441176470589,0.2111111111111111,0.26436781609195403,WSA296,HCBCVTVDQQQYPH-UHFFFAOYSA-N,10.1021/acsomega.5c06380,运行/运行/ATP-VSW/ATP-VSW-DOCK_HTVS_1-002_lib.maegz
ATP-HTVS-508A27B63548,61411,CC[N@@H+](C)Cc1cccc(CNc2nc3ccccc3nc2N[C@H](C)c2ccc(C#N)cc2)c1,c1ccc(CNc2nc3ccccc3nc2NCc2ccccc2)cc1,-5.15063493037038,0.8670343137254902,0.23255813953488372,0.24358974358974358,WSA236,CJWSCOKTAUPKHM-UHFFFAOYSA-N,10.1002/cmdc.202400952,运行/运行/ATP-VSW/ATP-VSW-DOCK_HTVS_1-003_lib/ATP-VSW-DOCK_HTVS_1-003_lib.mae
ATP-HTVS-50911053B2F5,79745,O=C(Nc1nc2ccccc2cc1Nc1ccc([NH2+]CCO)cc1)[C@@H](Br)c1ccccc1,O=C(Cc1ccccc1)Nc1nc2ccccc2cc1Nc1ccccc1,-3.73858985895772,0.30637254901960786,0.3108108108108108,0.3013698630136986,compound 8 (Steed 2022),ROJPDORYZONAPF-UHFFFAOYSA-N,10.1021/acsomega.2c03127,运行/运行/ATP-VSW/ATP-VSW-DOCK_HTVS_1-001_lib/ATP-VSW-DOCK_HTVS_1-001_lib
ATP-HTVS-50DD7346FE25,89505,C[NH+](C)Cc1cccc(CNc2csc(C(=O)NCc3cccc(F)c3)c2)c1,O=C(NCc1ccccc1)c1cc(NCc2ccccc2)cs1,-4.03709772507433,0.4338235294117647,0.1744186046511628,0.24285714285714285,WSA236,CJWSCOKTAUPKHM-UHFFFAOYSA-N,10.1002/cmdc.202400952,运行/运行/ATP-VSW/ATP-VSW-DOCK_HTVS_1-001_lib/ATP-VSW-DOCK_HTVS_1-001_lib
ATP-HTVS-510C24ACBA66,94817,C[NH+](C)Cc1ccc(C(=O)Nc2ncc(C#Cc3ccccc3NN)nc2-c2ccccc2)cc1,O=C(Nc1ncc(C#Cc2ccccc2)nc1-c1ccccc1)c1ccccc1,-2.16502644605714,0.08823529411764708,0.20930232558139536,0.24675324675324675,compound 15 (Steed 2022),RIDDIWJTDCGXDH-NRFANRHFSA-N,10.1021/acsomega.2c03127,运行/运行/ATP-VSW/ATP-VSW-DOCK_HTVS_1-001_lib/ATP-VSW-DOCK_HTVS_1-001_lib
ATP-HTVS-512766A3F074,87874,C[NH+](C)Cc1ccc(C(=O)Nc2ncc(C#Cc3ccc(O)cc3)nc2-c2ccccc2)cc1,O=C(Nc1ncc(C#Cc2ccccc2)nc1-c1ccccc1)c1ccccc1,-2.05307596639122,0.08149509803921573,0.2682926829268293,0.2875,compound 1 (Fraunfelter 2023),WIDVPHSBAXLSEU-LJQANCHMSA-N,10.1021/acsinfecdis.3c00317,运行/运行/ATP-VSW/ATP-VSW-DOCK_HTVS_1-002_lib.maegz
ATP-HTVS-512BF8EF5FA0,50785,CN(C)Cc1ccc(CCNc2nc3ccccc3nc2NCC#Cc2cccnc2)cc1,C(#Cc1cccnc1)CNc1nc2ccccc2nc1NCCc1ccccc1,-2.30799305500322,0.10049019607843135,0.3088235294117647,0.3088235294117647,Ward2024 compound 1,DVUDEYVEBQKKMF-UHFFFAOYSA-N,10.1021/acsmedchemlett.3c00480,运行/运行/ATP-VSW/ATP-VSW-DOCK_HTVS_1-001_lib/ATP-VSW-DOCK_HTVS_1-001_lib
ATP-HTVS-512DB2E888C1,97313,[NH3+][C@H](C#Cc1c(NC(=O)c2ccc(CS)cc2)cnc2ccccc12)Cc1cccc(F)c1,O=C(Nc1cnc2ccccc2c1C#CCCc1ccccc1)c1ccccc1,-5.17019705043283,0.8731617647058824,0.23595505617977527,0.23863636363636365,compound 1 (Fraunfelter 2023),WIDVPHSBAXLSEU-LJQANCHMSA-N,10.1021/acsinfecdis.3c00317,运行/运行/ATP-VSW/ATP-VSW-DOCK_HTVS_1-002_lib.maegz
ATP-HTVS-514A7FD93F10,90115,Cc1ccccc1C[C@H](Nc1nc(N)c(Cc2ccccc2)c2ccccc12)C(=O)[O-],c1ccc(CCNc2ncc(Cc3ccccc3)c3ccccc23)cc1,-3.19134530307272,0.17769607843137258,0.28,0.2631578947368421,compound 15 (Steed 2022),RIDDIWJTDCGXDH-NRFANRHFSA-N,10.1021/acsomega.2c03127,运行/运行/ATP-VSW/ATP-VSW-DOCK_HTVS_1-003_lib/ATP-VSW-DOCK_HTVS_1-003_lib.mae
ATP-HTVS-515F0CC44DE0,70113,CN(C)Cc1ccc(CNc2cnc3ccccc3c2NC(=O)c2ccccc2Cl)cc1,O=C(Nc1c(NCc2ccccc2)cnc2ccccc12)c1ccccc1,-1.11964385990209,0.014705882352941124,0.3188405797101449,0.3188405797101449,Ward2024 compound 1,DVUDEYVEBQKKMF-UHFFFAOYSA-N,10.1021/acsmedchemlett.3c00480,运行/运行/ATP-VSW/ATP-VSW-DOCK_HTVS_1-001_lib/ATP-VSW-DOCK_HTVS_1-001_lib
ATP-HTVS-51861E5F66D2,67938,C[NH+](C)Cc1cccc(CNc2nc(NCc3cccc[nH+]3)[nH+]c3ccccc23)c1,c1ccc(CNc2nc(NCc3cccc[nH+]3)[nH+]c3ccccc23)cc1,-4.86805691570754,0.7738970588235294,0.19767441860465115,0.31343283582089554,WSA236,CJWSCOKTAUPKHM-UHFFFAOYSA-N,10.1002/cmdc.202400952,运行/运行/ATP-VSW/ATP-VSW-DOCK_HTVS_1-002_lib.maegz
ATP-HTVS-518A2BC6902B,53057,C[NH+](C)Cc1ccc(C[N@@H+](C)Cc2cn(-c3cccc(Br)c3)nn2)cc1,c1ccc(C[NH2+]Cc2cn(-c3ccccc3)nn2)cc1,-4.53556201259022,0.6470588235294117,0.189873417721519,0.26153846153846155,WSA257,NLTZNXHLSWPGMA-UHFFFAOYSA-N,10.1002/cmdc.202400952,运行/运行/ATP-VSW/ATP-VSW-DOCK_HTVS_1-001_lib/ATP-VSW-DOCK_HTVS_1-001_lib
ATP-HTVS-5192BC4864D4,70497,CC[NH+](CC)Cc1ccc(CNc2cnc(NC(=O)[C@@H](O)c3ccccc3)c3ccccc23)cc1,O=C(Cc1ccccc1)Nc1ncc(NCc2ccccc2)c2ccccc12,-4.55831101802539,0.6556372549019608,0.2222222222222222,0.21951219512195122,compound 15 (Steed 2022),RIDDIWJTDCGXDH-NRFANRHFSA-N,10.1021/acsomega.2c03127,运行/运行/ATP-VSW/ATP-VSW-DOCK_HTVS_1-001_lib/ATP-VSW-DOCK_HTVS_1-001_lib
ATP-HTVS-51A8EA31A006,90307,CN(C(=O)c1c(NCc2cccc(C[NH+](C)C)c2)c2ccccc2[nH]c1=O)c1ccccn1,O=C(Nc1ccccn1)c1c(NCc2ccccc2)c2ccccc2[nH]c1=O,-2.07323333519145,0.08333333333333337,0.21978021978021978,0.22784810126582278,compound 18 (Steed 2022),DCLANSSFVIGXHQ-OAQYLSRUSA-N,10.1021/acsomega.2c03127,运行/运行/ATP-VSW/ATP-VSW-DOCK_HTVS_1-003_lib/ATP-VSW-DOCK_HTVS_1-003_lib.mae
ATP-HTVS-51D7DCB6F8E8,85793,O=C(Nc1c[nH+]c2ccccc2c1Nc1ccc(NCCO)cc1)c1cccc(F)c1,O=C(Nc1c[nH+]c2ccccc2c1Nc1ccccc1)c1ccccc1,-3.97125230999212,0.4068627450980392,0.2,0.22784810126582278,compound 8 (Steed 2022),ROJPDORYZONAPF-UHFFFAOYSA-N,10.1021/acsomega.2c03127,运行/运行/ATP-VSW/ATP-VSW-DOCK_HTVS_1-001_lib/ATP-VSW-DOCK_HTVS_1-001_lib
ATP-HTVS-51FD2328387A,515,Cc1ccc([C@H](CNc2cc(COc3ccccc3)[nH+]c3c([O-])cccc23)[NH+](C)C)cc1,c1ccc(CCNc2cc(COc3ccccc3)[nH+]c3ccccc23)cc1,-3.66917737483488,0.27941176470588236,0.20689655172413793,0.2159090909090909,WSA280,XQBWCRMKNUAPEC-UHFFFAOYSA-N,10.1021/acsomega.5c06380,运行/运行/ATP-VSW/ATP-VSW-DOCK_HTVS_1-003_lib/ATP-VSW-DOCK_HTVS_1-003_lib.mae
ATP-HTVS-523F9B5BEE3B,72899,CC(=O)c1ccc(CC(=O)Nc2c(NCc3cccc(C[NH+](C)C)c3)cnc3ccccc23)cc1,O=C(Cc1ccccc1)Nc1c(NCc2ccccc2)cnc2ccccc12,-4.98086634625415,0.8161764705882353,0.2823529411764706,0.2972972972972973,compound 18 (Steed 2022),DCLANSSFVIGXHQ-OAQYLSRUSA-N,10.1021/acsomega.2c03127,运行/运行/ATP-VSW/ATP-VSW-DOCK_HTVS_1-003_lib/ATP-VSW-DOCK_HTVS_1-003_lib.mae
ATP-HTVS-52495E42CB55,54529,C[C@@H](Nc1nc(NCc2ccccc2C[NH+](C)C)c2ccccc2[nH+]1)c1ccc(C#N)cc1F,c1ccc(CNc2nc(NCc3ccccc3)c3ccccc3[nH+]2)cc1,-4.24639373005308,0.5073529411764706,0.19540229885057472,0.2692307692307692,Ward2024 compound 19,PXXYITLVUSHXPN-UHFFFAOYSA-N,10.1021/acsmedchemlett.3c00480,运行/运行/ATP-VSW/ATP-VSW-DOCK_HTVS_1-001_lib/ATP-VSW-DOCK_HTVS_1-001_lib
ATP-HTVS-524A2C000135,32450,C[NH+](C)Cc1cccc(CNCc2c(-c3ccc(F)cc3)nc3ccc(F)cn23)c1,c1ccc(CNCc2c(-c3ccccc3)nc3ccccn23)cc1,-3.33972778406477,0.20281862745098034,0.27848101265822783,0.375,WSA298,IZWVLJVCXHHUOO-UHFFFAOYSA-N,10.1021/acsomega.5c06380,运行/运行/ATP-VSW/ATP-VSW-DOCK_HTVS_1-002_lib.maegz
ATP-HTVS-52625044C5D9,31809,C[C@H](Nc1nc(NCc2cccc(C[NH+](C)C)c2)nc2ccccc12)c1ccc(Br)cc1,c1ccc(CNc2nc(NCc3ccccc3)c3ccccc3n2)cc1,-0.872092791012185,0.009191176470588203,0.2716049382716049,0.29577464788732394,WSA257,NLTZNXHLSWPGMA-UHFFFAOYSA-N,10.1002/cmdc.202400952,运行/运行/ATP-VSW/ATP-VSW-DOCK_HTVS_1-001_lib/ATP-VSW-DOCK_HTVS_1-001_lib
ATP-HTVS-52816E9DAB39,70209,CCN(CC)Cc1cccc(CNc2cnc(NC(=O)Cc3ccccc3)c3ccccc23)c1,O=C(Cc1ccccc1)Nc1ncc(NCc2ccccc2)c2ccccc12,-3.39630258537511,0.21262254901960786,0.2564102564102564,0.2727272727272727,compound 15 (Steed 2022),RIDDIWJTDCGXDH-NRFANRHFSA-N,10.1021/acsomega.2c03127,运行/运行/ATP-VSW/ATP-VSW-DOCK_HTVS_1-001_lib/ATP-VSW-DOCK_HTVS_1-001_lib
ATP-HTVS-52B20567BA88,12577,Oc1ccc([C@H](O)CNc2cnc(-c3ccccc3)c(-c3ccccc3)n2)cc1,c1ccc(CCNc2cnc(-c3ccccc3)c(-c3ccccc3)n2)cc1,-4.50267727696198,0.6286764705882353,0.24285714285714285,0.22535211267605634,compound 15 (Steed 2022),RIDDIWJTDCGXDH-NRFANRHFSA-N,10.1021/acsomega.2c03127,运行/运行/ATP-VSW/ATP-VSW-DOCK_HTVS_1-001_lib/ATP-VSW-DOCK_HTVS_1-001_lib
ATP-HTVS-52BA94C773EB,97153,C[C@H]([NH2+]CC#Cc1cc2ccccc2nc1NC(=O)c1cc(Cl)cc(C#N)c1)c1ccccc1F,O=C(Nc1nc2ccccc2cc1C#CC[NH2+]Cc1ccccc1)c1ccccc1,-4.24212693476088,0.5061274509803921,0.26666666666666666,0.2976190476190476,compound 1 (Fraunfelter 2023),WIDVPHSBAXLSEU-LJQANCHMSA-N,10.1021/acsinfecdis.3c00317,运行/运行/ATP-VSW/ATP-VSW-DOCK_HTVS_1-002_lib.maegz
ATP-HTVS-52CC222D68E9,81987,C[NH+](C)Cc1ccc(CNc2cc(F)cnc2NC(=O)Cc2ccccc2)cc1,O=C(Cc1ccccc1)Nc1ncccc1NCc1ccccc1,-4.35969023596325,0.5618872549019608,0.2631578947368421,0.35384615384615387,compound 15 (Steed 2022),RIDDIWJTDCGXDH-NRFANRHFSA-N,10.1021/acsomega.2c03127,运行/运行/ATP-VSW/ATP-VSW-DOCK_HTVS_1-003_lib/ATP-VSW-DOCK_HTVS_1-003_lib.mae
ATP-HTVS-52D7AA6D1B75,23138,Cc1ccc(OCc2nc(C[NH2+]Cc3ccccc3C[NH+](C)C)cs2)cc1,c1ccc(C[NH2+]Cc2csc(COc3ccccc3)n2)cc1,-4.32193306910399,0.5416666666666667,0.1728395061728395,0.30303030303030304,compound 15 (Steed 2022),RIDDIWJTDCGXDH-NRFANRHFSA-N,10.1021/acsomega.2c03127,运行/运行/ATP-VSW/ATP-VSW-DOCK_HTVS_1-002_lib.maegz
ATP-HTVS-52F407909F9A,88994,CN(C)c1ccc([C@@H](O)Cc2cc(-c3ccccn3)nc3ccccc23)cc1,c1ccc(CCc2cc(-c3ccccn3)nc3ccccc23)cc1,-5.22710969195354,0.883578431372549,0.3125,0.3125,Ward2024 compound 11,IIRFHYMEOYQCBC-UHFFFAOYSA-N,10.1021/acsmedchemlett.3c00480,运行/运行/ATP-VSW/ATP-VSW-DOCK_HTVS_1-002_lib.maegz
ATP-HTVS-53075BACB2C6,93475,C[NH+](C)Cc1cccc(CNc2cc(Cl)sc2C(=O)N[C@@H](C#N)c2ccc(F)cc2)c1,O=C(NCc1ccccc1)c1sccc1NCc1ccccc1,-4.80489479019906,0.7598039215686274,0.18085106382978725,0.2073170731707317,WSA298,IZWVLJVCXHHUOO-UHFFFAOYSA-N,10.1021/acsomega.5c06380,运行/运行/ATP-VSW/ATP-VSW-DOCK_HTVS_1-003_lib/ATP-VSW-DOCK_HTVS_1-003_lib.mae
ATP-HTVS-531A4B252985,78049,C[NH+](C)Cc1ccc(C(=O)Nc2c[nH+]c3ccccc3c2N(CC#N)Cc2cccc(Cl)c2)cc1,O=C(Nc1c[nH+]c2ccccc2c1NCc1ccccc1)c1ccccc1,-4.3066981691611,0.5337009803921569,0.17204301075268819,0.2948717948717949,compound 8 (Steed 2022),ROJPDORYZONAPF-UHFFFAOYSA-N,10.1021/acsomega.2c03127,运行/运行/ATP-VSW/ATP-VSW-DOCK_HTVS_1-001_lib/ATP-VSW-DOCK_HTVS_1-001_lib
ATP-HTVS-531EE93584A6,1955,Cc1ccc([C@H](O)CNc2cc(-c3ccccn3)nc3c(F)cccc23)cc1,c1ccc(CCNc2cc(-c3ccccn3)nc3ccccc23)cc1,-4.76411348371322,0.7438725490196079,0.20253164556962025,0.20253164556962025,Ward2024 compound 19,PXXYITLVUSHXPN-UHFFFAOYSA-N,10.1021/acsmedchemlett.3c00480,运行/运行/ATP-VSW/ATP-VSW-DOCK_HTVS_1-003_lib/ATP-VSW-DOCK_HTVS_1-003_lib.mae
ATP-HTVS-532EC38BED39,25314,C[NH+](C)Cc1ccc(CCNc2nc(N[C@H](CC(N)=O)c3ccccc3)c3ccccc3[nH+]2)cc1,c1ccc(CCNc2nc(NCc3ccccc3)c3ccccc3[nH+]2)cc1,-3.99743382120538,0.414828431372549,0.23809523809523808,0.2876712328767123,compound 15 (Steed 2022),RIDDIWJTDCGXDH-NRFANRHFSA-N,10.1021/acsomega.2c03127,运行/运行/ATP-VSW/ATP-VSW-DOCK_HTVS_1-002_lib.maegz
ATP-HTVS-5359DC82CCCB,23171,Cc1ccc([C@H](O)CNCc2c(OCc3ccccc3)ccc3ccccc23)cc1,c1ccc(CCNCc2c(OCc3ccccc3)ccc3ccccc23)cc1,-2.1582596766007,0.08639705882352944,0.3055555555555556,0.3055555555555556,compound 15 (Steed 2022),RIDDIWJTDCGXDH-NRFANRHFSA-N,10.1021/acsomega.2c03127,运行/运行/ATP-VSW/ATP-VSW-DOCK_HTVS_1-003_lib/ATP-VSW-DOCK_HTVS_1-003_lib.mae
ATP-HTVS-53CB9D69C030,33121,C=CC[N@H+](C)Cc1ccc(CN(C)Cc2cn(-c3ccccc3)nc2-c2cccc(Cl)c2)cc1,c1ccc(CNCc2cn(-c3ccccc3)nc2-c2ccccc2)cc1,-3.13087056742927,0.16911764705882348,0.21839080459770116,0.2345679012345679,WSA294,FPTVNOKSIHPUTA-UHFFFAOYSA-N,10.1021/acsomega.5c06380,运行/运行/ATP-VSW/ATP-VSW-DOCK_HTVS_1-001_lib/ATP-VSW-DOCK_HTVS_1-001_lib
ATP-HTVS-5401EBEC1B21,77091,C[NH+](C)[C@@H](CNc1cnc2ccccc2c1NC(=O)c1ccccc1)c1ccccc1Cl,O=C(Nc1c(NCCc2ccccc2)cnc2ccccc12)c1ccccc1,-3.97850563115708,0.40931372549019607,0.22727272727272727,0.20987654320987653,compound 19 (Steed 2022),DHQKBEDPXLHXAJ-OAQYLSRUSA-N,10.1021/acsomega.2c03127,运行/运行/ATP-VSW/ATP-VSW-DOCK_HTVS_1-003_lib/ATP-VSW-DOCK_HTVS_1-003_lib.mae
ATP-HTVS-54143804256C,38146,CC(=O)N(c1nc(C[NH2+][C@@H](C)c2ccc(C[NH+](C)C)cc2)cs1)c1ccccc1F,c1ccc(C[NH2+]Cc2csc(Nc3ccccc3)n2)cc1,-5.62338343586215,0.9368872549019608,0.1839080459770115,0.3013698630136986,compound 15 (Steed 2022),RIDDIWJTDCGXDH-NRFANRHFSA-N,10.1021/acsomega.2c03127,运行/运行/ATP-VSW/ATP-VSW-DOCK_HTVS_1-002_lib.maegz
ATP-HTVS-5425AB1A5C10,35457,C[C@H](Nc1nc2ccccc2nc1NCc1cccc(C[NH+](C)C)c1)c1cc(F)ccc1F,c1ccc(CNc2nc3ccccc3nc2NCc2ccccc2)cc1,-4.0848627410535,0.4509803921568627,0.2261904761904762,0.3188405797101449,WSA236,CJWSCOKTAUPKHM-UHFFFAOYSA-N,10.1002/cmdc.202400952,运行/运行/ATP-VSW/ATP-VSW-DOCK_HTVS_1-001_lib/ATP-VSW-DOCK_HTVS_1-001_lib
ATP-HTVS-542A37ED863C,14243,Cc1ccc(Oc2cc(C(=O)N(C)c3ccccc3)[nH+]c3ccccc23)cc1,O=C(Nc1ccccc1)c1cc(Oc2ccccc2)c2ccccc2[nH+]1,-3.62532293838666,0.26899509803921573,0.19753086419753085,0.28378378378378377,compound 18 (Steed 2022),DCLANSSFVIGXHQ-OAQYLSRUSA-N,10.1021/acsomega.2c03127,运行/运行/ATP-VSW/ATP-VSW-DOCK_HTVS_1-003_lib/ATP-VSW-DOCK_HTVS_1-003_lib.mae
ATP-HTVS-542AD0F295EC,98561,O=C(CCn1c(-c2ccccc2)cc(=O)c2ccccc21)Nc1ccc(NCCO)cc1,O=C(CCn1c(-c2ccccc2)cc(=O)c2ccccc21)Nc1ccccc1,-4.3642374173137,0.5643382352941176,0.20512820512820512,0.20512820512820512,compound 8 (Steed 2022),ROJPDORYZONAPF-UHFFFAOYSA-N,10.1021/acsomega.2c03127,运行/运行/ATP-VSW/ATP-VSW-DOCK_HTVS_1-002_lib.maegz
ATP-HTVS-545253A9A90F,83842,CN(c1cnc(NC(=O)c2ccccc2OCC[NH+](C)C)c2ccccc12)[C@H](C#N)c1ccccc1,O=C(Nc1ncc(NCc2ccccc2)c2ccccc12)c1ccccc1,-3.97688013494276,0.40870098039215685,0.19101123595505617,0.21951219512195122,compound 15 (Steed 2022),RIDDIWJTDCGXDH-NRFANRHFSA-N,10.1021/acsomega.2c03127,运行/运行/ATP-VSW/ATP-VSW-DOCK_HTVS_1-002_lib.maegz
ATP-HTVS-5494A1B9D9EC,67939,C[NH+](C)Cc1cccc(CNc2nc(NCc3cc[nH+]cc3)[nH+]c3ccccc23)c1,c1ccc(CNc2nc(NCc3cc[nH+]cc3)[nH+]c3ccccc23)cc1,-4.57214515526941,0.6623774509803921,0.21333333333333335,0.3709677419354839,Ward2024 compound 10,GALJNXWUVQUDRC-UHFFFAOYSA-N,10.1021/acsmedchemlett.3c00480,运行/运行/ATP-VSW/ATP-VSW-DOCK_HTVS_1-003_lib/ATP-VSW-DOCK_HTVS_1-003_lib.mae
ATP-HTVS-54A1786C1F00,83457,[NH3+][C@H](C#Cc1cc2ccccc2nc1NC(=O)[C@H](O)c1ccc(Cl)cc1)Cc1cccc(F)c1,O=C(Cc1ccccc1)Nc1nc2ccccc2cc1C#CCCc1ccccc1,-6.26897481874173,0.9895833333333334,0.26744186046511625,0.30120481927710846,compound 1 (Fraunfelter 2023),WIDVPHSBAXLSEU-LJQANCHMSA-N,10.1021/acsinfecdis.3c00317,运行/运行/ATP-VSW/ATP-VSW-DOCK_HTVS_1-001_lib/ATP-VSW-DOCK_HTVS_1-001_lib
ATP-HTVS-54E64C0F11AA,71361,CN(Cc1ccccc1)C(=O)c1cscc1NCc1ccc(C[NH+](C)C)cc1,O=C(NCc1ccccc1)c1cscc1NCc1ccccc1,-5.07565913399705,0.8443627450980392,0.2647058823529412,0.3442622950819672,Ward2024 compound 1,DVUDEYVEBQKKMF-UHFFFAOYSA-N,10.1021/acsmedchemlett.3c00480,运行/运行/ATP-VSW/ATP-VSW-DOCK_HTVS_1-001_lib/ATP-VSW-DOCK_HTVS_1-001_lib
ATP-HTVS-54ED83DE83DA,86306,C[C@@H](c1ccccc1)N(C)c1cnc2ccccc2c1NC(=O)c1ccccc1CN(C)C,O=C(Nc1c(NCc2ccccc2)cnc2ccccc12)c1ccccc1,-1.32076819684562,0.023284313725490224,0.25,0.25,compound 15 (Steed 2022),RIDDIWJTDCGXDH-NRFANRHFSA-N,10.1021/acsomega.2c03127,运行/运行/ATP-VSW/ATP-VSW-DOCK_HTVS_1-002_lib.maegz
ATP-HTVS-553AACDE3786,19939,COc1cccc(-c2cnc(C[NH2+]Cc3ccc(C[NH+](C)C)cc3)nc2)c1,c1ccc(C[NH2+]Cc2ncc(-c3ccccc3)cn2)cc1,-5.42432199151396,0.9160539215686274,0.25316455696202533,0.38333333333333336,WSA296,HCBCVTVDQQQYPH-UHFFFAOYSA-N,10.1021/acsomega.5c06380,运行/运行/ATP-VSW/ATP-VSW-DOCK_HTVS_1-003_lib/ATP-VSW-DOCK_HTVS_1-003_lib.mae
ATP-HTVS-555FA00075E9,85825,CCN(c1c(NC(=O)[C@H](O)Cc2ccc(Cl)cc2)c[nH+]c2ccccc12)[C@H](C#N)c1ccccc1,O=C(CCc1ccccc1)Nc1c[nH+]c2ccccc2c1NCc1ccccc1,-5.07013627124325,0.8425245098039216,0.19101123595505617,0.23863636363636365,compound 8 (Steed 2022),ROJPDORYZONAPF-UHFFFAOYSA-N,10.1021/acsomega.2c03127,运行/运行/ATP-VSW/ATP-VSW-DOCK_HTVS_1-001_lib/ATP-VSW-DOCK_HTVS_1-001_lib
ATP-HTVS-5589B4ED8BC3,58051,Fc1cccc(Br)c1C[NH2+]Cc1cn(-c2ccccc2)nc1-c1ccncc1,c1ccc(C[NH2+]Cc2cn(-c3ccccc3)nc2-c2ccncc2)cc1,-4.64091671545693,0.6930147058823529,0.16091954022988506,0.2345679012345679,WSA298,IZWVLJVCXHHUOO-UHFFFAOYSA-N,10.1021/acsomega.5c06380,运行/运行/ATP-VSW/ATP-VSW-DOCK_HTVS_1-003_lib/ATP-VSW-DOCK_HTVS_1-003_lib.mae
ATP-HTVS-559A97C754E4,23137,Cc1ccc(OCc2nc(C[NH2+]Cc3cccc(C[NH+](C)C)c3)cs2)cc1,c1ccc(C[NH2+]Cc2csc(COc3ccccc3)n2)cc1,-4.59022117165874,0.6727941176470589,0.19540229885057472,0.31343283582089554,WSA278,JWHCVPMRQDOIHA-UHFFFAOYSA-N,10.1021/acsomega.5c06380,运行/运行/ATP-VSW/ATP-VSW-DOCK_HTVS_1-001_lib/ATP-VSW-DOCK_HTVS_1-001_lib
ATP-HTVS-55C340552E65,92289,C[NH+](C)Cc1ccc(C(=O)Nc2nc3ccccc3cc2-c2ccccc2)cc1,O=C(Nc1nc2ccccc2cc1-c1ccccc1)c1ccccc1,-4.16592419071402,0.47487745098039214,0.34328358208955223,0.4406779661016949,compound 8 (Steed 2022),ROJPDORYZONAPF-UHFFFAOYSA-N,10.1021/acsomega.2c03127,运行/运行/ATP-VSW/ATP-VSW-DOCK_HTVS_1-001_lib/ATP-VSW-DOCK_HTVS_1-001_lib
ATP-HTVS-560CD6AB75AE,93730,C[NH2+]Cc1ccccc1N1CC(=O)Nc2ccccc2[C@H]1c1ccccc1,O=C1CN(c2ccccc2)C(c2ccccc2)c2ccccc2N1,-4.28847132496355,0.5275735294117647,0.16666666666666666,0.18292682926829268,WSA236,CJWSCOKTAUPKHM-UHFFFAOYSA-N,10.1002/cmdc.202400952,运行/运行/ATP-VSW/ATP-VSW-DOCK_HTVS_1-002_lib.maegz
ATP-HTVS-56362DCB1C38,56802,C[NH+](C)Cc1ccc(CCNc2nc3ccccc3nc2NCc2cncc(Cl)c2)cc1,c1ccc(CCNc2nc3ccccc3nc2NCc2cccnc2)cc1,-4.92077579272637,0.795343137254902,0.24324324324324326,0.359375,Ward2024 compound 10,GALJNXWUVQUDRC-UHFFFAOYSA-N,10.1021/acsmedchemlett.3c00480,运行/运行/ATP-VSW/ATP-VSW-DOCK_HTVS_1-002_lib.maegz
ATP-HTVS-563DC51EEC46,75746,CC[NH+](CC)Cc1ccc(NC(=O)c2c[nH+]c3ccc(F)cc3c2N(C)[C@@H](C#N)c2ccccc2)cc1,O=C(Nc1ccccc1)c1c[nH+]c2ccccc2c1NCc1ccccc1,-3.63307419776756,0.2714460784313726,0.2087912087912088,0.2247191011235955,compound 8 (Steed 2022),ROJPDORYZONAPF-UHFFFAOYSA-N,10.1021/acsomega.2c03127,运行/运行/ATP-VSW/ATP-VSW-DOCK_HTVS_1-002_lib.maegz
ATP-HTVS-5658ECC62B06,77859,C[NH+](C)Cc1ccc(CNc2cc(C(=O)NCc3ccccc3)sc2Cl)cc1,O=C(NCc1ccccc1)c1cc(NCc2ccccc2)cs1,-4.46626985467977,0.610906862745098,0.2077922077922078,0.3076923076923077,compound 15 (Steed 2022),RIDDIWJTDCGXDH-NRFANRHFSA-N,10.1021/acsomega.2c03127,运行/运行/ATP-VSW/ATP-VSW-DOCK_HTVS_1-003_lib/ATP-VSW-DOCK_HTVS_1-003_lib.mae
ATP-HTVS-5694EB72FE49,38083,O=C1CN(Cc2c(F)cc(Cl)cc2F)[C@H](c2ccccc2)c2ccccc2N1,O=C1CN(Cc2ccccc2)C(c2ccccc2)c2ccccc2N1,-1.63937460228471,0.045955882352941124,0.1927710843373494,0.1927710843373494,WSA298,IZWVLJVCXHHUOO-UHFFFAOYSA-N,10.1021/acsomega.5c06380,运行/运行/ATP-VSW/ATP-VSW-DOCK_HTVS_1-003_lib/ATP-VSW-DOCK_HTVS_1-003_lib.mae
ATP-HTVS-569AAE7497B4,63426,C[NH+](C)Cc1cccc(CNc2nc3ccccc3nc2NCc2ccc(S(N)(=O)=O)cc2)c1,c1ccc(CNc2nc3ccccc3nc2NCc2ccccc2)cc1,-4.11476854006704,0.4607843137254902,0.25,0.3709677419354839,Ward2024 compound 1,DVUDEYVEBQKKMF-UHFFFAOYSA-N,10.1021/acsmedchemlett.3c00480,运行/运行/ATP-VSW/ATP-VSW-DOCK_HTVS_1-002_lib.maegz
ATP-HTVS-56BFCD0C6B29,72193,CCN(CC)Cc1ccc(CNc2cnc3ccccc3c2NC(=O)c2cccc(F)c2)cc1,O=C(Nc1c(NCc2ccccc2)cnc2ccccc12)c1ccccc1,-1.75816803631129,0.06127450980392157,0.2597402597402597,0.2597402597402597,Ward2024 compound 1,DVUDEYVEBQKKMF-UHFFFAOYSA-N,10.1021/acsmedchemlett.3c00480,运行/运行/ATP-VSW/ATP-VSW-DOCK_HTVS_1-001_lib/ATP-VSW-DOCK_HTVS_1-001_lib
ATP-HTVS-57132EA8AA79,36161,Cc1ccc(CNc2nc3ccccc3nc2NCCc2ccc(C[NH+](C)C)cc2)c(N)c1,c1ccc(CCNc2nc3ccccc3nc2NCc2ccccc2)cc1,-3.70349317721879,0.29289215686274506,0.24324324324324326,0.375,Ward2024 compound 19,PXXYITLVUSHXPN-UHFFFAOYSA-N,10.1021/acsmedchemlett.3c00480,运行/运行/ATP-VSW/ATP-VSW-DOCK_HTVS_1-001_lib/ATP-VSW-DOCK_HTVS_1-001_lib
ATP-HTVS-572BFDBE8187,1059,Cc1ccc([C@@H](O)CNc2nc(COc3ccccc3)nc3ccccc23)cc1,c1ccc(CCNc2nc(COc3ccccc3)nc3ccccc23)cc1,-3.67871721653425,0.28370098039215685,0.25675675675675674,0.23684210526315788,compound 15 (Steed 2022),RIDDIWJTDCGXDH-NRFANRHFSA-N,10.1021/acsomega.2c03127,运行/运行/ATP-VSW/ATP-VSW-DOCK_HTVS_1-003_lib/ATP-VSW-DOCK_HTVS_1-003_lib.mae
ATP-HTVS-57A1B32CE9AA,90337,C[NH+](C)Cc1ccccc1C(=O)Nc1c(-c2ccncc2Cl)cnc2ccccc12,O=C(Nc1c(-c2ccncc2)cnc2ccccc12)c1ccccc1,-4.34038989314633,0.5496323529411764,0.21839080459770116,0.24,compound 18 (Steed 2022),DCLANSSFVIGXHQ-OAQYLSRUSA-N,10.1021/acsomega.2c03127,运行/运行/ATP-VSW/ATP-VSW-DOCK_HTVS_1-001_lib/ATP-VSW-DOCK_HTVS_1-001_lib
ATP-HTVS-57B04A124BC1,76577,CN(CC(=O)Nc1nc2ccccc2cc1N(C)[C@@H](C#N)c1ccccc1)c1ccccc1,O=C(CNc1ccccc1)Nc1nc2ccccc2cc1NCc1ccccc1,-4.30882911599628,0.5367647058823529,0.2876712328767123,0.273972602739726,Ward2024 compound 6,LKLACXNGVWXYAW-UHFFFAOYSA-N,10.1021/acsmedchemlett.3c00480,运行/运行/ATP-VSW/ATP-VSW-DOCK_HTVS_1-001_lib/ATP-VSW-DOCK_HTVS_1-001_lib
ATP-HTVS-57C145E4C4AF,91107,C[NH+](C)Cc1cccc(CNc2c(NC(=O)c3csc(Cl)c3)c[nH+]c3ccccc23)c1,O=C(Nc1c[nH+]c2ccccc2c1NCc1ccccc1)c1ccsc1,-5.49820002806304,0.9240196078431373,0.18085106382978725,0.2564102564102564,compound 18 (Steed 2022),DCLANSSFVIGXHQ-OAQYLSRUSA-N,10.1021/acsomega.2c03127,运行/运行/ATP-VSW/ATP-VSW-DOCK_HTVS_1-003_lib/ATP-VSW-DOCK_HTVS_1-003_lib.mae
ATP-HTVS-57CD8A84B862,69666,CN(Cc1sc2ccccc2c1NCc1ccc(C[NH+](C)C)cc1)C(=O)[C@@H](Cl)c1ccccc1,O=C(Cc1ccccc1)NCc1sc2ccccc2c1NCc1ccccc1,-4.37433145905507,0.5674019607843137,0.2,0.2602739726027397,compound 15 (Steed 2022),RIDDIWJTDCGXDH-NRFANRHFSA-N,10.1021/acsomega.2c03127,运行/运行/ATP-VSW/ATP-VSW-DOCK_HTVS_1-002_lib.maegz
ATP-HTVS-5801E8FB792E,25635,CNc1ccccc1C[NH2+]Cc1cn(-c2ccccc2)nc1-c1cccnc1,c1ccc(C[NH2+]Cc2cn(-c3ccccc3)nc2-c2cccnc2)cc1,-5.14154727999399,0.8627450980392157,0.1875,0.25675675675675674,WSA294,FPTVNOKSIHPUTA-UHFFFAOYSA-N,10.1021/acsomega.5c06380,运行/运行/ATP-VSW/ATP-VSW-DOCK_HTVS_1-003_lib/ATP-VSW-DOCK_HTVS_1-003_lib.mae
ATP-HTVS-5850FC4068A9,89729,C[NH+](C)Cc1cccc(CNc2csc(CC(=O)Nc3cccc(F)c3)c2)c1,O=C(Cc1cc(NCc2ccccc2)cs1)Nc1ccccc1,-4.50273982707113,0.6292892156862745,0.2,0.2465753424657534,compound 8 (Steed 2022),ROJPDORYZONAPF-UHFFFAOYSA-N,10.1021/acsomega.2c03127,运行/运行/ATP-VSW/ATP-VSW-DOCK_HTVS_1-001_lib/ATP-VSW-DOCK_HTVS_1-001_lib
ATP-HTVS-586B19FEBC2D,72769,C[NH+](C)Cc1ccc(CNc2cnc3ccccc3c2NC(=O)Cc2ccc([N+](=O)[O-])cc2)cc1,O=C(Cc1ccccc1)Nc1c(NCc2ccccc2)cnc2ccccc12,-4.90860704877042,0.7904411764705882,0.2413793103448276,0.3194444444444444,compound 18 (Steed 2022),DCLANSSFVIGXHQ-OAQYLSRUSA-N,10.1021/acsomega.2c03127,运行/运行/ATP-VSW/ATP-VSW-DOCK_HTVS_1-001_lib/ATP-VSW-DOCK_HTVS_1-001_lib
ATP-HTVS-5890B3ABBA42,51713,CNc1ccc(CNc2nc(NCc3ccc(F)c(C[NH+](C)C)c3)[nH+]c3ccccc23)cc1,c1ccc(CNc2nc(NCc3ccccc3)c3ccccc3[nH+]2)cc1,-3.99840567748148,0.4154411764705882,0.24,0.38461538461538464,Ward2024 compound 1,DVUDEYVEBQKKMF-UHFFFAOYSA-N,10.1021/acsmedchemlett.3c00480,运行/运行/ATP-VSW/ATP-VSW-DOCK_HTVS_1-001_lib/ATP-VSW-DOCK_HTVS_1-001_lib
ATP-HTVS-58BA49956E55,50050,COCc1cccc(CNc2nc3ccccc3nc2NCc2ccccc2C[NH+](C)C)c1,c1ccc(CNc2nc3ccccc3nc2NCc2ccccc2)cc1,-3.01212044077228,0.15992647058823528,0.2777777777777778,0.3333333333333333,compound 15 (Steed 2022),RIDDIWJTDCGXDH-NRFANRHFSA-N,10.1021/acsomega.2c03127,运行/运行/ATP-VSW/ATP-VSW-DOCK_HTVS_1-002_lib.maegz
ATP-HTVS-590B92626142,45217,COc1ccc(OCc2nc(CNCc3cccc(C[N@H+](C)C(C)C)c3)cs2)cc1,c1ccc(CNCc2csc(COc3ccccc3)n2)cc1,-2.81135612994034,0.14093137254901966,0.27380952380952384,0.27380952380952384,WSA296,HCBCVTVDQQQYPH-UHFFFAOYSA-N,10.1021/acsomega.5c06380,运行/运行/ATP-VSW/ATP-VSW-DOCK_HTVS_1-001_lib/ATP-VSW-DOCK_HTVS_1-001_lib
ATP-HTVS-593FD885E4E3,89665,CC[N@H+](Cc1ccccc1C)c1c(C(=O)N(CC[NH3+])c2ccccc2)sc2ccccc12,O=C(Nc1ccccc1)c1sc2ccccc2c1[NH2+]Cc1ccccc1,-4.33455882161783,0.5459558823529411,0.17777777777777778,0.19047619047619047,WSA236,CJWSCOKTAUPKHM-UHFFFAOYSA-N,10.1002/cmdc.202400952,运行/运行/ATP-VSW/ATP-VSW-DOCK_HTVS_1-001_lib/ATP-VSW-DOCK_HTVS_1-001_lib
ATP-HTVS-595807F16B2C,73795,CN(C(=O)c1sc(Cl)cc1NCc1cccc(C[NH+](C)C)c1)[C@@H](C#N)c1ccccc1,O=C(NCc1ccccc1)c1sccc1NCc1ccccc1,-4.50392406934781,0.6305147058823529,0.20689655172413793,0.21794871794871795,compound 15 (Steed 2022),RIDDIWJTDCGXDH-NRFANRHFSA-N,10.1021/acsomega.2c03127,运行/运行/ATP-VSW/ATP-VSW-DOCK_HTVS_1-003_lib/ATP-VSW-DOCK_HTVS_1-003_lib.mae
ATP-HTVS-5993E100A2C1,94626,C[NH+](C)Cc1ccccc1NCC(C)(C)C(=O)n1c(-c2ccccc2)cc(=O)c2ccccc21,O=C(CCNc1ccccc1)n1c(-c2ccccc2)cc(=O)c2ccccc21,-4.42551578845515,0.5894607843137255,0.18072289156626506,0.19736842105263158,compound 15 (Steed 2022),RIDDIWJTDCGXDH-NRFANRHFSA-N,10.1021/acsomega.2c03127,运行/运行/ATP-VSW/ATP-VSW-DOCK_HTVS_1-003_lib/ATP-VSW-DOCK_HTVS_1-003_lib.mae
ATP-HTVS-59B1C5906543,73635,C[NH+](C)Cc1ccc(CNc2ccsc2C(=O)N(CCO)c2ccccc2)cc1,O=C(Nc1ccccc1)c1sccc1NCc1ccccc1,-4.57317795157002,0.664828431372549,0.21794871794871795,0.3230769230769231,compound 1 (Fraunfelter 2023),WIDVPHSBAXLSEU-LJQANCHMSA-N,10.1021/acsinfecdis.3c00317,运行/运行/ATP-VSW/ATP-VSW-DOCK_HTVS_1-003_lib/ATP-VSW-DOCK_HTVS_1-003_lib.mae
ATP-HTVS-59B957CB7E9F,77507,CC[NH+](CC)Cc1cccc(CNc2c(CN(C)C(=O)c3cccc(O)c3)sc3ccccc23)c1,O=C(NCc1sc2ccccc2c1NCc1ccccc1)c1ccccc1,-3.81034889998009,0.3388480392156863,0.22093023255813954,0.20930232558139536,compound 1 (Fraunfelter 2023),WIDVPHSBAXLSEU-LJQANCHMSA-N,10.1021/acsinfecdis.3c00317,运行/运行/ATP-VSW/ATP-VSW-DOCK_HTVS_1-003_lib/ATP-VSW-DOCK_HTVS_1-003_lib.mae
ATP-HTVS-59E59E09D09E,55489,CN(CC(=O)NCc1ccccc1)c1nc2ccccc2nc1NCc1cccc(C[NH+](C)C)c1,O=C(CNc1nc2ccccc2nc1NCc1ccccc1)NCc1ccccc1,-3.6193170272175,0.2671568627450981,0.25,0.3235294117647059,Ward2024 compound 6,LKLACXNGVWXYAW-UHFFFAOYSA-N,10.1021/acsmedchemlett.3c00480,运行/运行/ATP-VSW/ATP-VSW-DOCK_HTVS_1-001_lib/ATP-VSW-DOCK_HTVS_1-001_lib
ATP-HTVS-5A1C186863E4,25313,C[NH+](C)Cc1ccc(CCNc2nc(N[C@@H](C[S@@](C)=O)c3ccccc3)c3ccccc3n2)cc1,c1ccc(CCNc2nc(NCc3ccccc3)c3ccccc3n2)cc1,-1.80644285330172,0.06495098039215685,0.21951219512195122,0.29577464788732394,WSA250,SSOJQSHUAQGPLD-UHFFFAOYSA-N,10.1002/cmdc.202400952,运行/运行/ATP-VSW/ATP-VSW-DOCK_HTVS_1-001_lib/ATP-VSW-DOCK_HTVS_1-001_lib
ATP-HTVS-5A2EB4E9D835,63779,C[NH+](C)Cc1ccc(CNc2nc(NCC(=O)Nc3cccc(F)c3)[nH+]c3ccccc23)cc1,O=C(CNc1nc(NCc2ccccc2)c2ccccc2[nH+]1)Nc1ccccc1,-5.66214009987454,0.9430147058823529,0.2261904761904762,0.3472222222222222,compound 8 (Steed 2022),ROJPDORYZONAPF-UHFFFAOYSA-N,10.1021/acsomega.2c03127,运行/运行/ATP-VSW/ATP-VSW-DOCK_HTVS_1-003_lib/ATP-VSW-DOCK_HTVS_1-003_lib.mae
ATP-HTVS-5A38D2E65B38,77890,C[NH+](C)Cc1ccc(C(=O)Nc2cnc3ccccc3c2C#CC(=O)c2ccccc2Cl)cc1,O=C(C#Cc1c(NC(=O)c2ccccc2)cnc2ccccc12)c1ccccc1,-4.37969883780927,0.5704656862745099,0.20930232558139536,0.2631578947368421,compound 15 (Steed 2022),RIDDIWJTDCGXDH-NRFANRHFSA-N,10.1021/acsomega.2c03127,运行/运行/ATP-VSW/ATP-VSW-DOCK_HTVS_1-002_lib.maegz
ATP-HTVS-5A3D1DB8098B,55105,C[NH+](C)Cc1cccc(CNc2nc(NC[C@@H](CO)c3cccc(F)c3)[nH+]c3ccccc23)c1,c1ccc(CCNc2nc(NCc3ccccc3)c3ccccc3[nH+]2)cc1,-4.2751000959887,0.5214460784313726,0.20430107526881722,0.2894736842105263,WSA236,CJWSCOKTAUPKHM-UHFFFAOYSA-N,10.1002/cmdc.202400952,运行/运行/ATP-VSW/ATP-VSW-DOCK_HTVS_1-001_lib/ATP-VSW-DOCK_HTVS_1-001_lib
ATP-HTVS-5A74948D5858,90114,Cc1cccc(C[C@@H](Nc2nc(N)c(Cc3ccccc3)c3ccccc23)C(=O)[O-])c1,c1ccc(CCNc2ncc(Cc3ccccc3)c3ccccc23)cc1,-3.57609795684587,0.2549019607843137,0.25316455696202533,0.2597402597402597,compound 15 (Steed 2022),RIDDIWJTDCGXDH-NRFANRHFSA-N,10.1021/acsomega.2c03127,运行/运行/ATP-VSW/ATP-VSW-DOCK_HTVS_1-002_lib.maegz
ATP-HTVS-5AAA6558FE6F,81315,C[NH+](C)Cc1ccc(C(=O)Nc2nc3ccccc3cc2N[C@@H](C#N)Cc2ccccc2)cc1,O=C(Nc1nc2ccccc2cc1NCCc1ccccc1)c1ccccc1,-4.31511428369591,0.5379901960784313,0.31645569620253167,0.35714285714285715,compound 1 (Fraunfelter 2023),WIDVPHSBAXLSEU-LJQANCHMSA-N,10.1021/acsinfecdis.3c00317,运行/运行/ATP-VSW/ATP-VSW-DOCK_HTVS_1-003_lib/ATP-VSW-DOCK_HTVS_1-003_lib.mae
ATP-HTVS-5AC0D5CB90EF,60835,C=C(CN1CC(=O)Nc2ccc(Cl)cc2[C@H]1c1ccccc1F)c1ccccc1,C=C(CN1CC(=O)Nc2ccccc2C1c1ccccc1)c1ccccc1,-1.75853160780959,0.061887254901960786,0.15555555555555556,0.15555555555555556,WSA298,IZWVLJVCXHHUOO-UHFFFAOYSA-N,10.1021/acsomega.5c06380,运行/运行/ATP-VSW/ATP-VSW-DOCK_HTVS_1-003_lib/ATP-VSW-DOCK_HTVS_1-003_lib.mae
ATP-HTVS-5B1B34F83C18,97985,O=c1c2cc(Cl)ccc2nc(-c2ccccc2Br)n1CCNCc1ccc(F)cc1,O=c1c2ccccc2nc(-c2ccccc2)n1CCNCc1ccccc1,-2.46053830436546,0.1158088235294118,0.27058823529411763,0.27058823529411763,WSA298,IZWVLJVCXHHUOO-UHFFFAOYSA-N,10.1021/acsomega.5c06380,运行/运行/ATP-VSW/ATP-VSW-DOCK_HTVS_1-002_lib.maegz
ATP-HTVS-5B32A3AFA3A9,56418,COc1cc(CNC(=O)NCc2ccc([NH2+]C(C)C)cc2)c2ccccc2n1,O=C(NCc1ccccc1)NCc1ccnc2ccccc12,-3.76487956836908,0.3180147058823529,0.3380281690140845,0.35294117647058826,compound 15 (Steed 2022),RIDDIWJTDCGXDH-NRFANRHFSA-N,10.1021/acsomega.2c03127,运行/运行/ATP-VSW/ATP-VSW-DOCK_HTVS_1-002_lib.maegz
ATP-HTVS-5B9C564ED935,40865,C[NH+](C)CCOc1ccc(C[NH2+]Cc2ccnc(OCc3ccccc3)c2)cc1,c1ccc(C[NH2+]Cc2ccnc(OCc3ccccc3)c2)cc1,-4.41592975128322,0.5845588235294117,0.2236842105263158,0.3492063492063492,compound 15 (Steed 2022),RIDDIWJTDCGXDH-NRFANRHFSA-N,10.1021/acsomega.2c03127,运行/运行/ATP-VSW/ATP-VSW-DOCK_HTVS_1-001_lib/ATP-VSW-DOCK_HTVS_1-001_lib
ATP-HTVS-5BC6D09DB3F1,87234,C[C@H](CF)Nc1cccc(CC(=O)NCc2[nH+]c3ccccc3n2Cc2ccccc2)c1,O=C(Cc1ccccc1)NCc1[nH+]c2ccccc2n1Cc1ccccc1,-2.24325432904981,0.09558823529411764,0.24691358024691357,0.3026315789473684,compound 15 (Steed 2022),RIDDIWJTDCGXDH-NRFANRHFSA-N,10.1021/acsomega.2c03127,运行/运行/ATP-VSW/ATP-VSW-DOCK_HTVS_1-002_lib.maegz
ATP-HTVS-5BCFBB048AA1,79809,CC(F)(F)c1ccc(C(=O)Nc2c[nH+]c3ccccc3c2NCc2ccc(NCCO)cc2)cc1,O=C(Nc1c[nH+]c2ccccc2c1NCc1ccccc1)c1ccccc1,-4.44417172328184,0.5986519607843137,0.2222222222222222,0.25,compound 8 (Steed 2022),ROJPDORYZONAPF-UHFFFAOYSA-N,10.1021/acsomega.2c03127,运行/运行/ATP-VSW/ATP-VSW-DOCK_HTVS_1-001_lib/ATP-VSW-DOCK_HTVS_1-001_lib
ATP-HTVS-5BE3914F361A,91171,O=C(Cc1ccccc1[N+](=O)[O-])Nc1ncc(C#CC[NH2+]Cc2ccccc2)c2ccccc12,O=C(Cc1ccccc1)Nc1ncc(C#CC[NH2+]Cc2ccccc2)c2ccccc12,-5.67579047127189,0.946078431372549,0.21428571428571427,0.23170731707317074,compound 15 (Steed 2022),RIDDIWJTDCGXDH-NRFANRHFSA-N,10.1021/acsomega.2c03127,运行/运行/ATP-VSW/ATP-VSW-DOCK_HTVS_1-003_lib/ATP-VSW-DOCK_HTVS_1-003_lib.mae
ATP-HTVS-5BF5224E50DC,52739,Cc1cc(CC[NH2+]Cc2nc3ccccc3n2Cc2ccccc2)ccc1C#N,c1ccc(CC[NH2+]Cc2nc3ccccc3n2Cc2ccccc2)cc1,-5.19166155522709,0.8774509803921569,0.2222222222222222,0.2702702702702703,WSA249,YEMLSUARMQTHJO-UHFFFAOYSA-N,10.1002/cmdc.202400952,运行/运行/ATP-VSW/ATP-VSW-DOCK_HTVS_1-003_lib/ATP-VSW-DOCK_HTVS_1-003_lib.mae
ATP-HTVS-5BFD90183104,77187,COC(=O)c1ccccc1C(=O)Nc1cnc2ccccc2c1NCc1cccc(C[NH+](C)C)c1,O=C(Nc1cnc2ccccc2c1NCc1ccccc1)c1ccccc1,-2.94120134952684,0.14889705882352944,0.2682926829268293,0.2682926829268293,compound 15 (Steed 2022),RIDDIWJTDCGXDH-NRFANRHFSA-N,10.1021/acsomega.2c03127,运行/运行/ATP-VSW/ATP-VSW-DOCK_HTVS_1-003_lib/ATP-VSW-DOCK_HTVS_1-003_lib.mae
ATP-HTVS-5C08F16C0BFC,24993,CN(C)Cc1ccccc1CNc1nc(N(C)Cc2ccccc2[N+](=O)[O-])[nH+]c2ccccc12,c1ccc(CNc2nc(NCc3ccccc3)c3ccccc3[nH+]2)cc1,-0.740346838781324,0.006740196078431349,0.22666666666666666,0.2676056338028169,Ward2024 compound 1,DVUDEYVEBQKKMF-UHFFFAOYSA-N,10.1021/acsmedchemlett.3c00480,运行/运行/ATP-VSW/ATP-VSW-DOCK_HTVS_1-001_lib/ATP-VSW-DOCK_HTVS_1-001_lib
ATP-HTVS-5C1A90E0608A,85537,N#C[C@@H](N[C@H](C#CCNCc1ccccc1)c1cc2ccccc2s1)c1ccc(F)cc1,C(#CC(NCc1ccccc1)c1cc2ccccc2s1)CNCc1ccccc1,-4.57813248647456,0.6697303921568627,0.24705882352941178,0.24705882352941178,WSA298,IZWVLJVCXHHUOO-UHFFFAOYSA-N,10.1021/acsomega.5c06380,运行/运行/ATP-VSW/ATP-VSW-DOCK_HTVS_1-001_lib/ATP-VSW-DOCK_HTVS_1-001_lib
ATP-HTVS-5C2621A0B526,36290,Cc1cccc(-c2nn(Cc3ccccc3)cc2C[NH2+]C[C@H](c2cccnc2)N(C)C)c1,c1ccc(Cn2cc(C[NH2+]CCc3cccnc3)c(-c3ccccc3)n2)cc1,-4.59011384543317,0.6721813725490196,0.25882352941176473,0.34177215189873417,WSA294,FPTVNOKSIHPUTA-UHFFFAOYSA-N,10.1021/acsomega.5c06380,运行/运行/ATP-VSW/ATP-VSW-DOCK_HTVS_1-002_lib.maegz
ATP-HTVS-5C29B6179A0F,95362,CCN(c1c(NC(=O)c2ccc(C[NH+]3CCCC3)cc2)c[nH+]c2ccccc12)[C@@H](C#N)c1ccccc1,O=C(Nc1c[nH+]c2ccccc2c1NCc1ccccc1)c1ccc(C[NH+]2CCCC2)cc1,-4.29786321202716,0.53125,0.16842105263157894,0.28735632183908044,compound 15 (Steed 2022),RIDDIWJTDCGXDH-NRFANRHFSA-N,10.1021/acsomega.2c03127,运行/运行/ATP-VSW/ATP-VSW-DOCK_HTVS_1-003_lib/ATP-VSW-DOCK_HTVS_1-003_lib.mae
ATP-HTVS-5CE7EF7F1B66,84354,CC[NH+](CC)Cc1ccc(CNc2cnc3ccccc3c2NC(=O)c2ccc(F)c(C#N)c2)cc1,O=C(Nc1c(NCc2ccccc2)cnc2ccccc12)c1ccccc1,-3.76988573921246,0.32291666666666663,0.24719101123595505,0.25925925925925924,compound 1 (Fraunfelter 2023),WIDVPHSBAXLSEU-LJQANCHMSA-N,10.1021/acsinfecdis.3c00317,运行/运行/ATP-VSW/ATP-VSW-DOCK_HTVS_1-002_lib.maegz
ATP-HTVS-5CEF79319D6B,72323,C[NH+](C)Cc1ccc(C(=O)Nc2c(N(CC#N)Cc3ccccc3)cnc3ccccc23)cc1,O=C(Nc1c(NCc2ccccc2)cnc2ccccc12)c1ccccc1,-4.69577605445255,0.71875,0.21839080459770116,0.2876712328767123,compound 1 (Fraunfelter 2023),WIDVPHSBAXLSEU-LJQANCHMSA-N,10.1021/acsinfecdis.3c00317,运行/运行/ATP-VSW/ATP-VSW-DOCK_HTVS_1-003_lib/ATP-VSW-DOCK_HTVS_1-003_lib.mae
ATP-HTVS-5CF527C7FD25,87938,N#CCN(c1ccccc1)c1cc2ccccc2nc1NC(=O)c1ccc(F)c(F)c1,O=C(Nc1nc2ccccc2cc1Nc1ccccc1)c1ccccc1,-3.71512132658056,0.2947303921568627,0.2571428571428571,0.2727272727272727,Ward2024 compound 5,BMTCMYDFINDWQK-UHFFFAOYSA-N,10.1021/acsmedchemlett.3c00480,运行/运行/ATP-VSW/ATP-VSW-DOCK_HTVS_1-002_lib.maegz
ATP-HTVS-5CFA0109773F,85506,CN(Cc1ccccc1N)c1ncc(C(=O)N(C)c2ccc(Cl)cc2)c2ccccc12,O=C(Nc1ccccc1)c1cnc(NCc2ccccc2)c2ccccc12,-3.7902907060125,0.3296568627450981,0.2,0.21428571428571427,compound 18 (Steed 2022),DCLANSSFVIGXHQ-OAQYLSRUSA-N,10.1021/acsomega.2c03127,运行/运行/ATP-VSW/ATP-VSW-DOCK_HTVS_1-002_lib.maegz
ATP-HTVS-5D344E99E653,87266,C[C@H]([NH2+]CC#Cc1c(NC(=O)Cc2ccccc2C#N)cnc2ccccc12)c1ccc(F)cc1,O=C(Cc1ccccc1)Nc1cnc2ccccc2c1C#CC[NH2+]Cc1ccccc1,-3.97982714639169,0.4099264705882353,0.23404255319148937,0.2558139534883721,compound 18 (Steed 2022),DCLANSSFVIGXHQ-OAQYLSRUSA-N,10.1021/acsomega.2c03127,运行/运行/ATP-VSW/ATP-VSW-DOCK_HTVS_1-002_lib.maegz
ATP-HTVS-5D5940BED632,70627,Cc1ccc(C(=O)Nc2c(NCc3cccc(C[NH+](C)C)c3)cnc3ccccc23)cc1,O=C(Nc1c(NCc2ccccc2)cnc2ccccc12)c1ccccc1,-4.24933834696087,0.5104166666666667,0.22988505747126436,0.2702702702702703,compound 18 (Steed 2022),DCLANSSFVIGXHQ-OAQYLSRUSA-N,10.1021/acsomega.2c03127,运行/运行/ATP-VSW/ATP-VSW-DOCK_HTVS_1-003_lib/ATP-VSW-DOCK_HTVS_1-003_lib.mae
ATP-HTVS-5D5A320A0101,84833,CN(C)[C@H](C(=O)Nc1c[nH+]c2ccccc2c1N(C)[C@H](C#N)c1ccccc1)c1ccc(Cl)cc1,O=C(Cc1ccccc1)Nc1c[nH+]c2ccccc2c1NCc1ccccc1,-4.43394181580623,0.5931372549019608,0.14772727272727273,0.1978021978021978,compound 8 (Steed 2022),ROJPDORYZONAPF-UHFFFAOYSA-N,10.1021/acsomega.2c03127,运行/运行/ATP-VSW/ATP-VSW-DOCK_HTVS_1-001_lib/ATP-VSW-DOCK_HTVS_1-001_lib
ATP-HTVS-5D7D5B0AFE50,31266,C[NH+](C)C[C@H](C[NH2+]Cc1cn(-c2ccccc2)nc1-c1cccs1)c1ccccc1,c1ccc(CC[NH2+]Cc2cn(-c3ccccc3)nc2-c2cccs2)cc1,-3.62323809277179,0.2683823529411765,0.1590909090909091,0.25301204819277107,WSA280,XQBWCRMKNUAPEC-UHFFFAOYSA-N,10.1021/acsomega.5c06380,运行/运行/ATP-VSW/ATP-VSW-DOCK_HTVS_1-002_lib.maegz
ATP-HTVS-5DA5A3EB6624,30594,Cc1ccc(CNCc2cn(Cc3ccccc3)nc2-c2ccc(Cl)cc2)cc1N,c1ccc(CNCc2cn(Cc3ccccc3)nc2-c2ccccc2)cc1,-2.75550012588011,0.13480392156862742,0.3424657534246575,0.3424657534246575,WSA294,FPTVNOKSIHPUTA-UHFFFAOYSA-N,10.1021/acsomega.5c06380,运行/运行/ATP-VSW/ATP-VSW-DOCK_HTVS_1-002_lib.maegz
ATP-HTVS-5DB20AD11BEB,83713,C[NH+](C)Cc1cccc(Nc2c(C(=O)N(CC#N)c3ccccc3)c(=O)[nH]c3ccccc23)c1,O=C(Nc1ccccc1)c1c(Nc2ccccc2)c2ccccc2[nH]c1=O,-2.96261088991814,0.15318627450980393,0.1935483870967742,0.2073170731707317,compound 18 (Steed 2022),DCLANSSFVIGXHQ-OAQYLSRUSA-N,10.1021/acsomega.2c03127,运行/运行/ATP-VSW/ATP-VSW-DOCK_HTVS_1-001_lib/ATP-VSW-DOCK_HTVS_1-001_lib
ATP-HTVS-5E187255B48D,81057,N#CCN(c1ccccc1)c1c(NC(=O)c2ccccc2F)cnc2ccccc12,O=C(Nc1cnc2ccccc2c1Nc1ccccc1)c1ccccc1,-3.46280176737967,0.22549019607843135,0.22077922077922077,0.22093023255813954,Ward2024 compound 19,PXXYITLVUSHXPN-UHFFFAOYSA-N,10.1021/acsmedchemlett.3c00480,运行/运行/ATP-VSW/ATP-VSW-DOCK_HTVS_1-001_lib/ATP-VSW-DOCK_HTVS_1-001_lib
ATP-HTVS-5E1B9EFD9407,87298,C[C@H](NCC#Cc1cnc2ccccc2c1NC(=O)Cc1cccc(C#N)c1)c1ccccc1F,O=C(Cc1ccccc1)Nc1c(C#CCNCc2ccccc2)cnc2ccccc12,-4.43349458355397,0.5919117647058824,0.26136363636363635,0.26436781609195403,compound 15 (Steed 2022),RIDDIWJTDCGXDH-NRFANRHFSA-N,10.1021/acsomega.2c03127,运行/运行/ATP-VSW/ATP-VSW-DOCK_HTVS_1-002_lib.maegz
ATP-HTVS-5E389E326DA0,50337,CN(C)[C@H](C[NH2+]Cc1c2ccccc2cc2ccccc12)c1cccc(F)c1,c1ccc(CC[NH2+]Cc2c3ccccc3cc3ccccc23)cc1,-4.50304525647943,0.6299019607843137,0.2,0.26229508196721313,Ward2024 compound 6,LKLACXNGVWXYAW-UHFFFAOYSA-N,10.1021/acsmedchemlett.3c00480,运行/运行/ATP-VSW/ATP-VSW-DOCK_HTVS_1-001_lib/ATP-VSW-DOCK_HTVS_1-001_lib
ATP-HTVS-5E561F95C670,44705,C[NH+](C)Cc1cccc(NC(=O)c2cc(-c3ccccn3)nc3ccccc23)c1,O=C(Nc1ccccc1)c1cc(-c2ccccn2)nc2ccccc12,-5.14077625711294,0.8621323529411764,0.25316455696202533,0.28169014084507044,compound 15 (Steed 2022),RIDDIWJTDCGXDH-NRFANRHFSA-N,10.1021/acsomega.2c03127,运行/运行/ATP-VSW/ATP-VSW-DOCK_HTVS_1-001_lib/ATP-VSW-DOCK_HTVS_1-001_lib
ATP-HTVS-5E6DF5CA027C,40866,C[NH+](C)CCOc1ccc(C[NH2+]Cc2ccncc2OCc2ccccc2)cc1,c1ccc(C[NH2+]Cc2ccncc2OCc2ccccc2)cc1,-5.56952994029835,0.9313725490196079,0.21518987341772153,0.32051282051282054,compound 15 (Steed 2022),RIDDIWJTDCGXDH-NRFANRHFSA-N,10.1021/acsomega.2c03127,运行/运行/ATP-VSW/ATP-VSW-DOCK_HTVS_1-002_lib.maegz
ATP-HTVS-5EB936FA5BDD,88803,C[NH+]1CCN(c2ccccc2CNc2nc(-c3ccccc3)c3ccccc3n2)CC1,c1ccc(-c2nc(NCc3ccccc3N3CC[NH2+]CC3)nc3ccccc23)cc1,-4.06045114259907,0.43995098039215685,0.25333333333333335,0.3333333333333333,WSA250,SSOJQSHUAQGPLD-UHFFFAOYSA-N,10.1002/cmdc.202400952,运行/运行/ATP-VSW/ATP-VSW-DOCK_HTVS_1-003_lib/ATP-VSW-DOCK_HTVS_1-003_lib.mae
ATP-HTVS-5EF6359E179A,71329,C[NH+](C)Cc1ccccc1C(=O)Nc1ncc(N(C#N)c2ccccc2)c2ccccc12,O=C(Nc1ncc(Nc2ccccc2)c2ccccc12)c1ccccc1,-4.67392440734825,0.7064950980392157,0.20512820512820512,0.21621621621621623,compound 8 (Steed 2022),ROJPDORYZONAPF-UHFFFAOYSA-N,10.1021/acsomega.2c03127,运行/运行/ATP-VSW/ATP-VSW-DOCK_HTVS_1-001_lib/ATP-VSW-DOCK_HTVS_1-001_lib
ATP-HTVS-5F569EDABC80,82754,C[NH+](C)[C@@H](C(=O)Nc1c(N(CC#N)c2ccccc2)cnc2ccccc12)c1ccc(Cl)cc1,O=C(Cc1ccccc1)Nc1c(Nc2ccccc2)cnc2ccccc12,-3.23381446655106,0.18382352941176472,0.21839080459770116,0.22093023255813954,compound 15 (Steed 2022),RIDDIWJTDCGXDH-NRFANRHFSA-N,10.1021/acsomega.2c03127,运行/运行/ATP-VSW/ATP-VSW-DOCK_HTVS_1-002_lib.maegz
ATP-HTVS-5FA879ADA4FF,77314,CC[NH+](CC)Cc1ccc(CNc2cnc3ccccc3c2NC(=O)Cc2ccccc2OC)cc1,O=C(Cc1ccccc1)Nc1c(NCc2ccccc2)cnc2ccccc12,-3.2287697992891,0.18198529411764708,0.2823529411764706,0.2839506172839506,compound 18 (Steed 2022),DCLANSSFVIGXHQ-OAQYLSRUSA-N,10.1021/acsomega.2c03127,运行/运行/ATP-VSW/ATP-VSW-DOCK_HTVS_1-002_lib.maegz
ATP-HTVS-6012FFC9E47E,77729,CN(CC(=O)N(C)c1ccccc1)c1cnc2ccccc2c1NC(=O)c1ccc(C[NH+](C)C)cc1,O=C(CNc1cnc2ccccc2c1NC(=O)c1ccccc1)Nc1ccccc1,-3.3461811795043,0.20588235294117652,0.23809523809523808,0.2876712328767123,compound 1 (Fraunfelter 2023),WIDVPHSBAXLSEU-LJQANCHMSA-N,10.1021/acsinfecdis.3c00317,运行/运行/ATP-VSW/ATP-VSW-DOCK_HTVS_1-001_lib/ATP-VSW-DOCK_HTVS_1-001_lib
ATP-HTVS-601F520459A4,94209,CN(Cc1cccc(F)c1)C(=O)c1sccc1Nc1ccc(C[NH+](C)C)cc1Cl,O=C(NCc1ccccc1)c1sccc1Nc1ccccc1,-3.2928013737602,0.1917892156862745,0.175,0.2328767123287671,Ward2024 compound 1,DVUDEYVEBQKKMF-UHFFFAOYSA-N,10.1021/acsmedchemlett.3c00480,运行/运行/ATP-VSW/ATP-VSW-DOCK_HTVS_1-001_lib/ATP-VSW-DOCK_HTVS_1-001_lib
ATP-HTVS-602F8E6702A7,98337,CN(Cc1ccc(N2CC[NH+](C)CC2)cc1)c1c(C(=O)N(CC#N)c2ccccc2)[nH]c2ccccc12,O=C(Nc1ccccc1)c1[nH]c2ccccc2c1NCc1ccc(N2CC[NH2+]CC2)cc1,-3.66335870608387,0.2769607843137255,0.16494845360824742,0.2,compound 18 (Steed 2022),DCLANSSFVIGXHQ-OAQYLSRUSA-N,10.1021/acsomega.2c03127,运行/运行/ATP-VSW/ATP-VSW-DOCK_HTVS_1-002_lib.maegz
ATP-HTVS-60B21D6CE655,20227,C[NH+](C)Cc1ccc(-c2cc(C(=O)N(CCO)Cc3ccccc3)c3ccccc3n2)cc1,O=C(NCc1ccccc1)c1cc(-c2ccccc2)nc2ccccc12,-3.42210988009747,0.21568627450980393,0.25316455696202533,0.3333333333333333,compound 15 (Steed 2022),RIDDIWJTDCGXDH-NRFANRHFSA-N,10.1021/acsomega.2c03127,运行/运行/ATP-VSW/ATP-VSW-DOCK_HTVS_1-003_lib/ATP-VSW-DOCK_HTVS_1-003_lib.mae
ATP-HTVS-60B70570E761,62883,COc1cc(CN(C)Cc2ccc(C[NH+](C)C)cc2)ccc1OCc1ccc(F)cc1,c1ccc(CNCc2ccc(OCc3ccccc3)cc2)cc1,-4.07446621007503,0.4466911764705882,0.2,0.26229508196721313,WSA297,GXYVJEJKTGYEDL-UHFFFAOYSA-N,10.1021/acsomega.5c06380,运行/运行/ATP-VSW/ATP-VSW-DOCK_HTVS_1-003_lib/ATP-VSW-DOCK_HTVS_1-003_lib.mae
ATP-HTVS-60C7695B6F0C,73410,C[NH+](C)Cc1ccc(CNc2c(C(=O)Nc3cccc(N)c3)sc3ccccc23)cc1,O=C(Nc1ccccc1)c1sc2ccccc2c1NCc1ccccc1,-5.86770542169608,0.9675245098039216,0.20987654320987653,0.273972602739726,compound 8 (Steed 2022),ROJPDORYZONAPF-UHFFFAOYSA-N,10.1021/acsomega.2c03127,运行/运行/ATP-VSW/ATP-VSW-DOCK_HTVS_1-002_lib.maegz
ATP-HTVS-60D4F7FF4B6B,48865,C[C@@H]([NH2+]Cc1ccc(-c2ccc([N+](=O)[O-])cc2)s1)c1ccc(C[NH+](C)C)cc1,c1ccc(C[NH2+]Cc2ccc(-c3ccccc3)s2)cc1,-6.28370093518969,0.9908088235294118,0.12371134020618557,0.2222222222222222,WSA297,GXYVJEJKTGYEDL-UHFFFAOYSA-N,10.1021/acsomega.5c06380,运行/运行/ATP-VSW/ATP-VSW-DOCK_HTVS_1-001_lib/ATP-VSW-DOCK_HTVS_1-001_lib
ATP-HTVS-60F8B74A0D7C,66018,C[NH+](C)Cc1cc(F)ccc1CNc1nc(NCc2ccc([N+](=O)[O-])cc2)[nH+]c2ccccc12,c1ccc(CNc2nc(NCc3ccccc3)c3ccccc3[nH+]2)cc1,-5.0072187217735,0.8247549019607843,0.22448979591836735,0.3380281690140845,WSA297,GXYVJEJKTGYEDL-UHFFFAOYSA-N,10.1021/acsomega.5c06380,运行/运行/ATP-VSW/ATP-VSW-DOCK_HTVS_1-002_lib.maegz
ATP-HTVS-6168063B3267,35105,C[C@H](Nc1nc2ccccc2nc1NCc1ccccc1C[NH+](C)C)c1ccccc1N,c1ccc(CNc2nc3ccccc3nc2NCc2ccccc2)cc1,-4.66858866643274,0.7028186274509804,0.2236842105263158,0.2923076923076923,compound 15 (Steed 2022),RIDDIWJTDCGXDH-NRFANRHFSA-N,10.1021/acsomega.2c03127,运行/运行/ATP-VSW/ATP-VSW-DOCK_HTVS_1-001_lib/ATP-VSW-DOCK_HTVS_1-001_lib
ATP-HTVS-61A3D13E339F,4770,[NH3+]Cc1ccc(CNC(=O)c2cn(Cc3ccccc3)c(=O)c3ccccc23)c(F)c1,O=C(NCc1ccccc1)c1cn(Cc2ccccc2)c(=O)c2ccccc12,-4.98689241876596,0.8174019607843137,0.2235294117647059,0.2235294117647059,WSA298,IZWVLJVCXHHUOO-UHFFFAOYSA-N,10.1021/acsomega.5c06380,运行/运行/ATP-VSW/ATP-VSW-DOCK_HTVS_1-002_lib.maegz
ATP-HTVS-62207831F6CB,69763,CN(C)Cc1cccc(CNc2c(C(=O)N(C)[C@@H](C#N)c3ccccc3)sc3cc(F)ccc23)c1,O=C(NCc1ccccc1)c1sc2ccccc2c1NCc1ccccc1,-1.01278276002394,0.011029411764705843,0.23170731707317074,0.21686746987951808,Ward2024 compound 1,DVUDEYVEBQKKMF-UHFFFAOYSA-N,10.1021/acsmedchemlett.3c00480,运行/运行/ATP-VSW/ATP-VSW-DOCK_HTVS_1-003_lib/ATP-VSW-DOCK_HTVS_1-003_lib.mae
ATP-HTVS-6227313DC6E5,72418,C[NH2+]Cc1ccc(CNc2cnc3ccccc3c2NC(=O)Cc2ccccc2)cc1,O=C(Cc1ccccc1)Nc1c(NCc2ccccc2)cnc2ccccc12,-5.41139131934922,0.9154411764705882,0.28,0.2916666666666667,compound 15 (Steed 2022),RIDDIWJTDCGXDH-NRFANRHFSA-N,10.1021/acsomega.2c03127,运行/运行/ATP-VSW/ATP-VSW-DOCK_HTVS_1-002_lib.maegz
ATP-HTVS-6286382C1C45,71299,CN(C)Cc1cccc(CNc2c(CN(C)C(=O)CCc3ccccc3)sc3ccccc23)c1,O=C(CCc1ccccc1)NCc1sc2ccccc2c1NCc1ccccc1,-2.33960549225046,0.10416666666666663,0.22666666666666666,0.22666666666666666,Ward2024 compound 1,DVUDEYVEBQKKMF-UHFFFAOYSA-N,10.1021/acsmedchemlett.3c00480,运行/运行/ATP-VSW/ATP-VSW-DOCK_HTVS_1-003_lib/ATP-VSW-DOCK_HTVS_1-003_lib.mae
ATP-HTVS-62D29CE4051A,17858,C[C@H](c1ccc(CNc2cccnc2Oc2ccccc2F)cc1)N(C)C,c1ccc(CNc2cccnc2Oc2ccccc2)cc1,-2.40287405166579,0.10906862745098034,0.22727272727272727,0.22727272727272727,WSA297,GXYVJEJKTGYEDL-UHFFFAOYSA-N,10.1021/acsomega.5c06380,运行/运行/ATP-VSW/ATP-VSW-DOCK_HTVS_1-002_lib.maegz
ATP-HTVS-631C0C315D5A,76739,C[C@@H](N[C@H](CC[NH+](C)C)c1ccc(O)cc1)c1cc2cccc(Cl)c2c(=O)n1-c1ccccc1,O=c1c2ccccc2cc(CNCc2ccccc2)n1-c1ccccc1,-4.41458575350106,0.5821078431372548,0.24705882352941178,0.2345679012345679,compound 1 (Fraunfelter 2023),WIDVPHSBAXLSEU-LJQANCHMSA-N,10.1021/acsinfecdis.3c00317,运行/运行/ATP-VSW/ATP-VSW-DOCK_HTVS_1-003_lib/ATP-VSW-DOCK_HTVS_1-003_lib.mae
ATP-HTVS-638532F00CCB,72737,C[NH+](C)Cc1ccc(CNc2cnc(NC(=O)Cc3ccccc3[N+](=O)[O-])c3ccccc23)cc1,O=C(Cc1ccccc1)Nc1ncc(NCc2ccccc2)c2ccccc12,-3.30192032259965,0.19301470588235292,0.20987654320987653,0.2876712328767123,compound 8 (Steed 2022),ROJPDORYZONAPF-UHFFFAOYSA-N,10.1021/acsomega.2c03127,运行/运行/ATP-VSW/ATP-VSW-DOCK_HTVS_1-001_lib/ATP-VSW-DOCK_HTVS_1-001_lib
ATP-HTVS-63A2B85F1850,85570,CN(Cc1sc2ccccc2c1NCc1ccc(NCCO)cc1)C(=O)c1cccc(C#N)c1,O=C(NCc1sc2ccccc2c1NCc1ccccc1)c1ccccc1,-3.48496606644906,0.23039215686274506,0.18888888888888888,0.18888888888888888,compound 8 (Steed 2022),ROJPDORYZONAPF-UHFFFAOYSA-N,10.1021/acsomega.2c03127,运行/运行/ATP-VSW/ATP-VSW-DOCK_HTVS_1-002_lib.maegz
ATP-HTVS-63DD1309BB6A,79362,CCN(CC)Cc1ccc(CNc2cnc(NC(=O)c3ccccc3C#N)c3ccccc23)cc1,O=C(Nc1ncc(NCc2ccccc2)c2ccccc12)c1ccccc1,-3.34205032023594,0.2046568627450981,0.20253164556962025,0.20253164556962025,Ward2024 compound 1,DVUDEYVEBQKKMF-UHFFFAOYSA-N,10.1021/acsmedchemlett.3c00480,运行/运行/ATP-VSW/ATP-VSW-DOCK_HTVS_1-002_lib.maegz
ATP-HTVS-63DFF8A88018,1537,Cc1ccc([C@@H](O)CNc2cc(N(C)Cc3ccccc3)[nH+]c(Nc3cccc(O)c3)n2)cc1,c1ccc(CCNc2cc(NCc3ccccc3)[nH+]c(Nc3ccccc3)n2)cc1,-4.7943360024633,0.7567401960784313,0.23255813953488372,0.22093023255813954,compound 15 (Steed 2022),RIDDIWJTDCGXDH-NRFANRHFSA-N,10.1021/acsomega.2c03127,运行/运行/ATP-VSW/ATP-VSW-DOCK_HTVS_1-001_lib/ATP-VSW-DOCK_HTVS_1-001_lib
ATP-HTVS-63E5F33A32FB,23458,COc1ccccc1OCc1ccc(C[NH2+]Cc2ccccc2C[NH+](C)C)o1,c1ccc(C[NH2+]Cc2ccc(COc3ccccc3)o2)cc1,-4.78876578704874,0.7542892156862745,0.17567567567567569,0.265625,compound 8 (Steed 2022),ROJPDORYZONAPF-UHFFFAOYSA-N,10.1021/acsomega.2c03127,运行/运行/ATP-VSW/ATP-VSW-DOCK_HTVS_1-002_lib.maegz
ATP-HTVS-64561A556005,76449,C[NH+](C)Cc1ccc(C(=O)Nc2nc3ccccc3cc2N(CC(N)=O)c2ccccc2)cc1,O=C(Nc1nc2ccccc2cc1Nc1ccccc1)c1ccccc1,-4.72497821014762,0.7279411764705883,0.3108108108108108,0.373134328358209,compound 8 (Steed 2022),ROJPDORYZONAPF-UHFFFAOYSA-N,10.1021/acsomega.2c03127,运行/运行/ATP-VSW/ATP-VSW-DOCK_HTVS_1-001_lib/ATP-VSW-DOCK_HTVS_1-001_lib
ATP-HTVS-6480B695D089,74689,C[NH+](C)[C@@H](CN)c1ccc(Cl)cc1Nc1[nH+]c(-c2ccc(Cl)cc2)cn1/N=C/c1ccccc1,C(=Nn1cc(-c2ccccc2)[nH+]c1Nc1ccccc1)c1ccccc1,-2.45925339690874,0.11519607843137258,0.1782178217821782,0.17525773195876287,WSA297,GXYVJEJKTGYEDL-UHFFFAOYSA-N,10.1021/acsomega.5c06380,运行/运行/ATP-VSW/ATP-VSW-DOCK_HTVS_1-001_lib/ATP-VSW-DOCK_HTVS_1-001_lib
ATP-HTVS-64A2B9E187D2,31651,C[NH+](C)CCOc1cccc(CN2CC(=O)Nc3ccc(Cl)cc3[C@H]2c2ccccc2F)c1,O=C1CN(Cc2ccccc2)C(c2ccccc2)c2ccccc2N1,-2.18765448061502,0.09068627450980393,0.1941747572815534,0.20588235294117646,WSA297,GXYVJEJKTGYEDL-UHFFFAOYSA-N,10.1021/acsomega.5c06380,运行/运行/ATP-VSW/ATP-VSW-DOCK_HTVS_1-003_lib/ATP-VSW-DOCK_HTVS_1-003_lib.mae
ATP-HTVS-64F4A1A461ED,76035,C[NH+](C)Cc1cccc(CN[C@H](C#Cc2ccncc2)c2[nH+]ccn2OCc2ccccc2)c1,C(#CC(NCc1ccccc1)c1[nH+]ccn1OCc1ccccc1)c1ccncc1,-5.28790429343209,0.8939950980392157,0.2159090909090909,0.25,compound 15 (Steed 2022),RIDDIWJTDCGXDH-NRFANRHFSA-N,10.1021/acsomega.2c03127,运行/运行/ATP-VSW/ATP-VSW-DOCK_HTVS_1-003_lib/ATP-VSW-DOCK_HTVS_1-003_lib.mae
ATP-HTVS-651F2B2980F4,15906,C[C@H](c1cccc(C[NH2+]C[C@H](c2cccs2)c2c[nH]c3ccccc23)c1)[NH+](C)C,c1ccc(C[NH2+]CC(c2cccs2)c2c[nH]c3ccccc23)cc1,-5.47772488910743,0.9215686274509804,0.20454545454545456,0.2375,compound 18 (Steed 2022),DCLANSSFVIGXHQ-OAQYLSRUSA-N,10.1021/acsomega.2c03127,运行/运行/ATP-VSW/ATP-VSW-DOCK_HTVS_1-002_lib.maegz
ATP-HTVS-65263582E7F4,36450,Cc1cccc([C@@H](C[NH+](C)C)NC(=O)NC[C@H]2c3ccccc3C(=O)N2Cc2ccccc2)c1,O=C(NCc1ccccc1)NCC1c2ccccc2C(=O)N1Cc1ccccc1,-4.75411914859557,0.7389705882352942,0.1935483870967742,0.19148936170212766,WSA236,CJWSCOKTAUPKHM-UHFFFAOYSA-N,10.1002/cmdc.202400952,运行/运行/ATP-VSW/ATP-VSW-DOCK_HTVS_1-002_lib.maegz
ATP-HTVS-654FE4E3AAA7,28929,CC[N@@H+](C)Cc1cccc(CNc2cc(C(=O)N(C)c3ccccc3)ccn2)c1,O=C(Nc1ccccc1)c1ccnc(NCc2ccccc2)c1,-4.06858602331891,0.4417892156862745,0.26582278481012656,0.2727272727272727,compound 15 (Steed 2022),RIDDIWJTDCGXDH-NRFANRHFSA-N,10.1021/acsomega.2c03127,运行/运行/ATP-VSW/ATP-VSW-DOCK_HTVS_1-001_lib/ATP-VSW-DOCK_HTVS_1-001_lib
ATP-HTVS-655331016ABF,30146,C[NH+](C)Cc1ccc(CCNc2nc(NCc3ccc(CO)c(F)c3)c3ccccc3[nH+]2)cc1,c1ccc(CCNc2nc(NCc3ccccc3)c3ccccc3[nH+]2)cc1,-4.73818123002512,0.7334558823529411,0.21951219512195122,0.36231884057971014,compound 8 (Steed 2022),ROJPDORYZONAPF-UHFFFAOYSA-N,10.1021/acsomega.2c03127,运行/运行/ATP-VSW/ATP-VSW-DOCK_HTVS_1-002_lib.maegz
ATP-HTVS-656A250247D8,81986,C[NH+](C)Cc1cccc(CNc2cc(C(=O)N(C#N)c3ccccc3)sc2Cl)c1,O=C(Nc1ccccc1)c1cc(NCc2ccccc2)cs1,-4.89528858906576,0.7873774509803921,0.20238095238095238,0.24,compound 15 (Steed 2022),RIDDIWJTDCGXDH-NRFANRHFSA-N,10.1021/acsomega.2c03127,运行/运行/ATP-VSW/ATP-VSW-DOCK_HTVS_1-002_lib.maegz
ATP-HTVS-657E323E2351,76481,C[NH+](C)Cc1ccccc1C(=O)Nc1ncc(N(CC(N)=O)c2ccccc2)c2ccccc12,O=C(Nc1ncc(Nc2ccccc2)c2ccccc12)c1ccccc1,-3.94729667946488,0.39583333333333337,0.21518987341772153,0.2345679012345679,compound 8 (Steed 2022),ROJPDORYZONAPF-UHFFFAOYSA-N,10.1021/acsomega.2c03127,运行/运行/ATP-VSW/ATP-VSW-DOCK_HTVS_1-001_lib/ATP-VSW-DOCK_HTVS_1-001_lib
ATP-HTVS-65B75474615F,40449,Nc1ccc(CCNc2nc(-c3ccccc3)nc3ccccc23)cc1,c1ccc(CCNc2nc(-c3ccccc3)nc3ccccc23)cc1,-4.14954648610879,0.4693627450980392,0.22972972972972974,0.22972972972972974,compound 18 (Steed 2022),DCLANSSFVIGXHQ-OAQYLSRUSA-N,10.1021/acsomega.2c03127,运行/运行/ATP-VSW/ATP-VSW-DOCK_HTVS_1-001_lib/ATP-VSW-DOCK_HTVS_1-001_lib
ATP-HTVS-65F1321BFD60,23330,Cc1ccc(F)c(CN2CC(=O)Nc3ccccc3[C@@H]2c2ccccc2)c1,O=C1CN(Cc2ccccc2)C(c2ccccc2)c2ccccc2N1,-1.48038393582607,0.033700980392156854,0.1927710843373494,0.1927710843373494,WSA280,XQBWCRMKNUAPEC-UHFFFAOYSA-N,10.1021/acsomega.5c06380,运行/运行/ATP-VSW/ATP-VSW-DOCK_HTVS_1-002_lib.maegz
ATP-HTVS-65F4836C7042,84577,CN(Cc1sc2ccccc2c1C#C[C@@H]([NH3+])Cc1cccc(F)c1)C(=O)c1ccccc1O,O=C(NCc1sc2ccccc2c1C#CCCc1ccccc1)c1ccccc1,-6.71312251253104,0.9975490196078431,0.2,0.21505376344086022,compound 19 (Steed 2022),DHQKBEDPXLHXAJ-OAQYLSRUSA-N,10.1021/acsomega.2c03127,运行/运行/ATP-VSW/ATP-VSW-DOCK_HTVS_1-001_lib/ATP-VSW-DOCK_HTVS_1-001_lib
ATP-HTVS-6612EA4E183C,54530,C[C@@H](Nc1nc(NCc2cccc(C[NH+](C)C)c2)c2ccccc2[nH+]1)c1ccc(C#N)cc1F,c1ccc(CNc2nc(NCc3ccccc3)c3ccccc3[nH+]2)cc1,-3.92958280169648,0.3878676470588235,0.18556701030927836,0.27848101265822783,WSA236,CJWSCOKTAUPKHM-UHFFFAOYSA-N,10.1002/cmdc.202400952,运行/运行/ATP-VSW/ATP-VSW-DOCK_HTVS_1-002_lib.maegz
ATP-HTVS-665A86DAD15F,78754,Cc1ccc(N(C)C(=O)c2sc(Cl)cc2NCc2ccc(C[NH+](C)C)cc2)cc1Cl,O=C(Nc1ccccc1)c1sccc1NCc1ccccc1,-3.69184794846987,0.2892156862745098,0.19480519480519481,0.2676056338028169,Ward2024 compound 11,IIRFHYMEOYQCBC-UHFFFAOYSA-N,10.1021/acsmedchemlett.3c00480,运行/运行/ATP-VSW/ATP-VSW-DOCK_HTVS_1-002_lib.maegz
ATP-HTVS-66618B00A972,44098,CC[N@@H+](C)Cc1cc(F)ccc1C[NH2+]Cc1csc(COc2ccc(OC)cc2)n1,c1ccc(C[NH2+]Cc2csc(COc3ccccc3)n2)cc1,-6.72891028700809,0.9987745098039216,0.18681318681318682,0.26744186046511625,WSA278,JWHCVPMRQDOIHA-UHFFFAOYSA-N,10.1021/acsomega.5c06380,运行/运行/ATP-VSW/ATP-VSW-DOCK_HTVS_1-002_lib.maegz
ATP-HTVS-667EB58ED22D,21090,CN(C)Cc1ccc(CCNc2nc(-c3ccccc3)nc3ccccc23)cc1,c1ccc(CCNc2nc(-c3ccccc3)nc3ccccc23)cc1,-1.95139084828723,0.07291666666666663,0.35,0.35,Ward2024 compound 1,DVUDEYVEBQKKMF-UHFFFAOYSA-N,10.1021/acsmedchemlett.3c00480,运行/运行/ATP-VSW/ATP-VSW-DOCK_HTVS_1-002_lib.maegz
ATP-HTVS-669A511FBD29,90914,C[C@H](NCC#C[C@H](NCC(=O)c1ccccc1)c1csc2ccccc12)c1ccccc1,O=C(CNC(C#CCNCc1ccccc1)c1csc2ccccc12)c1ccccc1,-4.53832172271697,0.6482843137254901,0.19753086419753085,0.18518518518518517,compound 15 (Steed 2022),RIDDIWJTDCGXDH-NRFANRHFSA-N,10.1021/acsomega.2c03127,运行/运行/ATP-VSW/ATP-VSW-DOCK_HTVS_1-002_lib.maegz
ATP-HTVS-66A9CC424D71,24770,C[NH+](C)Cc1cccc(C[NH2+]Cc2csc(COc3ccc(Cl)cc3)n2)c1,c1ccc(C[NH2+]Cc2csc(COc3ccccc3)n2)cc1,-4.54344253054898,0.6495098039215687,0.19101123595505617,0.3088235294117647,WSA296,HCBCVTVDQQQYPH-UHFFFAOYSA-N,10.1021/acsomega.5c06380,运行/运行/ATP-VSW/ATP-VSW-DOCK_HTVS_1-002_lib.maegz
ATP-HTVS-66BD7620CABA,87457,C[C@@H](C#N)N(c1ccccc1)c1cnc(NC(=O)c2ccccc2N2CC[NH+](C)CC2)c2ccccc12,O=C(Nc1ncc(Nc2ccccc2)c2ccccc12)c1ccccc1N1CC[NH2+]CC1,-3.56273417083815,0.25306372549019607,0.19791666666666666,0.25274725274725274,WSA276,AVMFLQZOZFHZLB-UHFFFAOYSA-N,10.1021/acsomega.5c06380,运行/运行/ATP-VSW/ATP-VSW-DOCK_HTVS_1-001_lib/ATP-VSW-DOCK_HTVS_1-001_lib
ATP-HTVS-66EE35E24140,84065,CC[NH+](CC)Cc1cccc(CNc2cnc(NC(=O)c3ccccc3C(C)=O)c3ccccc23)c1,O=C(Nc1ncc(NCc2ccccc2)c2ccccc12)c1ccccc1,-4.37572311945801,0.5680147058823529,0.2,0.21428571428571427,compound 15 (Steed 2022),RIDDIWJTDCGXDH-NRFANRHFSA-N,10.1021/acsomega.2c03127,运行/运行/ATP-VSW/ATP-VSW-DOCK_HTVS_1-001_lib/ATP-VSW-DOCK_HTVS_1-001_lib
ATP-HTVS-66FFB530802B,85635,C[NH+](C)Cc1ccc(C(=O)Nc2c(N(CC(=O)NN)c3ccc(F)cc3)cnc3ccccc23)cc1,O=C(Nc1c(Nc2ccccc2)cnc2ccccc12)c1ccccc1,-3.74817258135611,0.3088235294117647,0.25,0.28205128205128205,compound 1 (Fraunfelter 2023),WIDVPHSBAXLSEU-LJQANCHMSA-N,10.1021/acsinfecdis.3c00317,运行/运行/ATP-VSW/ATP-VSW-DOCK_HTVS_1-003_lib/ATP-VSW-DOCK_HTVS_1-003_lib.mae
ATP-HTVS-67024B617AFA,96930,C[C@@H]([NH2+]CC#Cc1c(CN(C)C(=O)Cc2ccc(C#N)cc2)sc2ccccc12)c1ccccc1F,O=C(Cc1ccccc1)NCc1sc2ccccc2c1C#CC[NH2+]Cc1ccccc1,-5.08429538675973,0.8474264705882353,0.16853932584269662,0.1935483870967742,Ward2024 compound 1,DVUDEYVEBQKKMF-UHFFFAOYSA-N,10.1021/acsmedchemlett.3c00480,运行/运行/ATP-VSW/ATP-VSW-DOCK_HTVS_1-003_lib/ATP-VSW-DOCK_HTVS_1-003_lib.mae
ATP-HTVS-673A54B483CC,85827,CCN(c1cc2ccccc2nc1NC(=O)[C@@H](O)Cc1ccc(Cl)cc1)[C@@H](C#N)c1ccccc1,O=C(CCc1ccccc1)Nc1nc2ccccc2cc1NCc1ccccc1,-3.724929712115,0.30024509803921573,0.2976190476190476,0.3048780487804878,compound 1 (Fraunfelter 2023),WIDVPHSBAXLSEU-LJQANCHMSA-N,10.1021/acsinfecdis.3c00317,运行/运行/ATP-VSW/ATP-VSW-DOCK_HTVS_1-003_lib/ATP-VSW-DOCK_HTVS_1-003_lib.mae
ATP-HTVS-675C8FFFA49B,85475,C[NH2+]CCc1ccc(Nc2cnc(NC(=O)c3cccc(F)c3)c3ccccc23)cc1,O=C(Nc1ncc(Nc2ccccc2)c2ccccc12)c1ccccc1,-4.96576841477222,0.8118872549019608,0.24050632911392406,0.2222222222222222,compound 8 (Steed 2022),ROJPDORYZONAPF-UHFFFAOYSA-N,10.1021/acsomega.2c03127,运行/运行/ATP-VSW/ATP-VSW-DOCK_HTVS_1-003_lib/ATP-VSW-DOCK_HTVS_1-003_lib.mae
ATP-HTVS-675D7E7E37EF,84769,CC(C)Nc1ccccc1NC(=O)Cn1c(=O)nc(-c2ccccc2)c2ccccc21,O=C(Cn1c(=O)nc(-c2ccccc2)c2ccccc21)Nc1ccccc1,-4.39095491270896,0.5747549019607843,0.2,0.20238095238095238,compound 15 (Steed 2022),RIDDIWJTDCGXDH-NRFANRHFSA-N,10.1021/acsomega.2c03127,运行/运行/ATP-VSW/ATP-VSW-DOCK_HTVS_1-001_lib/ATP-VSW-DOCK_HTVS_1-001_lib
ATP-HTVS-676B1F951E41,75489,C[C@H]([NH2+]Cc1ccc(C[NH+](C)C)cc1)c1cn(Cc2ccc(Cl)cc2)nn1,c1ccc(C[NH2+]Cc2cn(Cc3ccccc3)nn2)cc1,-4.55198972157874,0.6537990196078431,0.16666666666666666,0.27692307692307694,WSA296,HCBCVTVDQQQYPH-UHFFFAOYSA-N,10.1021/acsomega.5c06380,运行/运行/ATP-VSW/ATP-VSW-DOCK_HTVS_1-001_lib/ATP-VSW-DOCK_HTVS_1-001_lib
ATP-HTVS-6778D00A26F1,88097,Cc1cccc([C@H](O)CNc2c(NC(=O)c3ccc([S-])c(F)c3)c[nH+]c3ccccc23)c1,O=C(Nc1c[nH+]c2ccccc2c1NCCc1ccccc1)c1ccccc1,-4.02076398578119,0.42708333333333337,0.17525773195876287,0.20689655172413793,compound 18 (Steed 2022),DCLANSSFVIGXHQ-OAQYLSRUSA-N,10.1021/acsomega.2c03127,运行/运行/ATP-VSW/ATP-VSW-DOCK_HTVS_1-001_lib/ATP-VSW-DOCK_HTVS_1-001_lib
ATP-HTVS-677D6479829E,40802,O=C1CN(Cc2cc(F)c(F)c(F)c2)[C@H](c2ccccc2)c2ccccc2N1,O=C1CN(Cc2ccccc2)C(c2ccccc2)c2ccccc2N1,-1.53874169064262,0.037377450980392135,0.19753086419753085,0.19753086419753085,WSA298,IZWVLJVCXHHUOO-UHFFFAOYSA-N,10.1021/acsomega.5c06380,运行/运行/ATP-VSW/ATP-VSW-DOCK_HTVS_1-002_lib.maegz
ATP-HTVS-67830652660F,76674,C[NH+](C)Cc1ccc(CNc2c(C(=O)Nc3ccccc3C#N)sc3ccccc23)cc1,O=C(Nc1ccccc1)c1sc2ccccc2c1NCc1ccccc1,-3.54475322945027,0.24754901960784315,0.1724137931034483,0.25675675675675674,compound 1 (Fraunfelter 2023),WIDVPHSBAXLSEU-LJQANCHMSA-N,10.1021/acsinfecdis.3c00317,运行/运行/ATP-VSW/ATP-VSW-DOCK_HTVS_1-002_lib.maegz
ATP-HTVS-67B30DFDD52C,28355,CN(Cc1ccccc1S(N)(=O)=O)c1nc(NCc2cccc(C[NH+](C)C)c2)c2ccccc2[nH+]1,c1ccc(CNc2nc(NCc3ccccc3)c3ccccc3[nH+]2)cc1,-4.59460586724192,0.6740196078431373,0.21428571428571427,0.30985915492957744,Ward2024 compound 6,LKLACXNGVWXYAW-UHFFFAOYSA-N,10.1021/acsmedchemlett.3c00480,运行/运行/ATP-VSW/ATP-VSW-DOCK_HTVS_1-003_lib/ATP-VSW-DOCK_HTVS_1-003_lib.mae
ATP-HTVS-67E3C63FBC34,48897,CCc1cccc(CC)c1CN1CC(=O)Nc2ccccc2[C@H]1c1ccccc1,O=C1CN(Cc2ccccc2)C(c2ccccc2)c2ccccc2N1,-1.77896313754051,0.06433823529411764,0.16666666666666666,0.16666666666666666,Ward2024 compound 13,SVSBIDILOVJTHE-UHFFFAOYSA-N,10.1021/acsmedchemlett.3c00480,运行/运行/ATP-VSW/ATP-VSW-DOCK_HTVS_1-001_lib/ATP-VSW-DOCK_HTVS_1-001_lib
ATP-HTVS-67F14CF2E487,89249,CN(Cc1ccccc1)C(=O)c1ncccc1Nc1ccccc1C[NH+](C)C,O=C(NCc1ccccc1)c1ncccc1Nc1ccccc1,-4.57556517881541,0.6666666666666667,0.2236842105263158,0.26153846153846155,compound 15 (Steed 2022),RIDDIWJTDCGXDH-NRFANRHFSA-N,10.1021/acsomega.2c03127,运行/运行/ATP-VSW/ATP-VSW-DOCK_HTVS_1-001_lib/ATP-VSW-DOCK_HTVS_1-001_lib
ATP-HTVS-6804FBE9529D,53249,C[NH+](C)Cc1cc(F)ccc1CNc1nc(NCc2cccc(Cl)c2N)c2ccccc2[nH+]1,c1ccc(CNc2nc(NCc3ccccc3)c3ccccc3[nH+]2)cc1,-4.41470929805527,0.5827205882352942,0.21348314606741572,0.29577464788732394,WSA298,IZWVLJVCXHHUOO-UHFFFAOYSA-N,10.1021/acsomega.5c06380,运行/运行/ATP-VSW/ATP-VSW-DOCK_HTVS_1-001_lib/ATP-VSW-DOCK_HTVS_1-001_lib
ATP-HTVS-681E21A5C336,90402,C[NH+](C)Cc1cccc(N2c3ccccc3C(=O)N[C@H]2c2ccc(Cl)c(Cl)c2)c1,O=C1NC(c2ccccc2)N(c2ccccc2)c2ccccc21,-1.83227151274136,0.0667892156862745,0.1839080459770115,0.22972972972972974,WSA236,CJWSCOKTAUPKHM-UHFFFAOYSA-N,10.1002/cmdc.202400952,运行/运行/ATP-VSW/ATP-VSW-DOCK_HTVS_1-002_lib.maegz
ATP-HTVS-684B476D1E6A,72322,C[NH+](C)Cc1ccccc1C(=O)Nc1c(N(CC#N)Cc2ccccc2)cnc2ccccc12,O=C(Nc1c(NCc2ccccc2)cnc2ccccc12)c1ccccc1,-3.82090535284981,0.34375,0.21978021978021978,0.2631578947368421,WSA236,CJWSCOKTAUPKHM-UHFFFAOYSA-N,10.1002/cmdc.202400952,运行/运行/ATP-VSW/ATP-VSW-DOCK_HTVS_1-002_lib.maegz
ATP-HTVS-68829DCC26F9,24002,CC(C)Nc1cccc(CNC(=O)Cn2c(COc3ccccc3)nc3ccccc32)c1,O=C(Cn1c(COc2ccccc2)nc2ccccc21)NCc1ccccc1,-3.94739536879907,0.3964460784313726,0.3125,0.3125,compound 15 (Steed 2022),RIDDIWJTDCGXDH-NRFANRHFSA-N,10.1021/acsomega.2c03127,运行/运行/ATP-VSW/ATP-VSW-DOCK_HTVS_1-002_lib.maegz
ATP-HTVS-68B1DBF07479,3426,C[NH+](C)[C@@H](CNc1nc(COc2ccccc2Cl)nc2ccccc12)c1ccc(O)cc1,c1ccc(CCNc2nc(COc3ccccc3)nc3ccccc23)cc1,-4.41596673342604,0.585171568627451,0.2375,0.24390243902439024,compound 15 (Steed 2022),RIDDIWJTDCGXDH-NRFANRHFSA-N,10.1021/acsomega.2c03127,运行/运行/ATP-VSW/ATP-VSW-DOCK_HTVS_1-002_lib.maegz
ATP-HTVS-69239F8CDE40,84739,CN(Cc1ccccc1F)C(=O)c1c(Nc2cccc(C[NH+](C)C)c2)c2ccccc2[nH]c1=O,O=C(NCc1ccccc1)c1c(Nc2ccccc2)c2ccccc2[nH]c1=O,-3.05381731133593,0.16421568627450978,0.2,0.22784810126582278,compound 19 (Steed 2022),DHQKBEDPXLHXAJ-OAQYLSRUSA-N,10.1021/acsomega.2c03127,运行/运行/ATP-VSW/ATP-VSW-DOCK_HTVS_1-003_lib/ATP-VSW-DOCK_HTVS_1-003_lib.mae
ATP-HTVS-694143BD68F7,98210,CN(c1c(NC(=O)COc2ccccc2Cl)c[nH+]c2ccccc12)[C@H](C#N)c1ccccc1,O=C(COc1ccccc1)Nc1c[nH+]c2ccccc2c1NCc1ccccc1,-4.03896671740241,0.43504901960784315,0.17894736842105263,0.23076923076923078,compound 18 (Steed 2022),DCLANSSFVIGXHQ-OAQYLSRUSA-N,10.1021/acsomega.2c03127,运行/运行/ATP-VSW/ATP-VSW-DOCK_HTVS_1-003_lib/ATP-VSW-DOCK_HTVS_1-003_lib.mae
ATP-HTVS-697A85B30C1D,5217,CCN(CC)[C@@H](CNC(=O)c1cc(=O)c2ccccc2n1Cc1ccc(C)cc1)c1ccccc1,O=C(NCCc1ccccc1)c1cc(=O)c2ccccc2n1Cc1ccccc1,-1.88928429654037,0.06924019607843135,0.20454545454545456,0.20689655172413793,WSA280,XQBWCRMKNUAPEC-UHFFFAOYSA-N,10.1021/acsomega.5c06380,运行/运行/ATP-VSW/ATP-VSW-DOCK_HTVS_1-001_lib/ATP-VSW-DOCK_HTVS_1-001_lib
ATP-HTVS-69A2FC5C8ACC,16515,Cc1cc(C[NH2+]Cc2cn(-c3ccccc3)nc2-c2ccncc2)ccc1O,c1ccc(C[NH2+]Cc2cn(-c3ccccc3)nc2-c2ccncc2)cc1,-4.95097795180845,0.8075980392156863,0.2073170731707317,0.28378378378378377,WSA280,XQBWCRMKNUAPEC-UHFFFAOYSA-N,10.1021/acsomega.5c06380,运行/运行/ATP-VSW/ATP-VSW-DOCK_HTVS_1-003_lib/ATP-VSW-DOCK_HTVS_1-003_lib.mae
ATP-HTVS-69AD6B8D3733,52643,C[NH+](C)Cc1ccc(C[NH2+]Cc2nc3ccccc3n2Cc2ccccc2)s1,c1ccc(Cn2c(C[NH2+]Cc3cccs3)nc3ccccc32)cc1,-5.81187938311954,0.9632352941176471,0.20512820512820512,0.3230769230769231,WSA249,YEMLSUARMQTHJO-UHFFFAOYSA-N,10.1002/cmdc.202400952,运行/运行/ATP-VSW/ATP-VSW-DOCK_HTVS_1-003_lib/ATP-VSW-DOCK_HTVS_1-003_lib.mae
ATP-HTVS-69DE697C6F69,70082,CN(C(=O)c1[nH]c2ccccc2c1NCc1ccc(C[NH+](C)C)cc1)[C@H](C#N)c1ccccc1,O=C(NCc1ccccc1)c1[nH]c2ccccc2c1NCc1ccccc1,-4.07146256267476,0.44485294117647056,0.2159090909090909,0.25333333333333335,compound 18 (Steed 2022),DCLANSSFVIGXHQ-OAQYLSRUSA-N,10.1021/acsomega.2c03127,运行/运行/ATP-VSW/ATP-VSW-DOCK_HTVS_1-002_lib.maegz
ATP-HTVS-6A46373CBB09,79298,O=C(Nc1ncc(Nc2ccc(NCCO)cc2)c2ccccc12)[C@H](Cl)c1ccccc1,O=C(Cc1ccccc1)Nc1ncc(Nc2ccccc2)c2ccccc12,-3.37109203600224,0.21078431372549022,0.189873417721519,0.189873417721519,compound 8 (Steed 2022),ROJPDORYZONAPF-UHFFFAOYSA-N,10.1021/acsomega.2c03127,运行/运行/ATP-VSW/ATP-VSW-DOCK_HTVS_1-002_lib.maegz
ATP-HTVS-6A615EE15C98,5634,CN(C)Cc1cc(C[NH2+]Cc2cn(-c3ccccc3)nc2-c2ccc(F)cc2)ccc1O,c1ccc(C[NH2+]Cc2cn(-c3ccccc3)nc2-c2ccccc2)cc1,-4.26265472494235,0.5183823529411764,0.2804878048780488,0.35064935064935066,WSA298,IZWVLJVCXHHUOO-UHFFFAOYSA-N,10.1021/acsomega.5c06380,运行/运行/ATP-VSW/ATP-VSW-DOCK_HTVS_1-002_lib.maegz
ATP-HTVS-6A632AA0CEB9,45283,Cc1ccc2nc(-c3ccc(F)cc3)c(C[NH2+]Cc3ccc(CN(C)C)cc3)n2c1,c1ccc(C[NH2+]Cc2c(-c3ccccc3)nc3ccccn23)cc1,-2.71843646918018,0.13296568627450978,0.27941176470588236,0.4032258064516129,Ward2024 compound 1,DVUDEYVEBQKKMF-UHFFFAOYSA-N,10.1021/acsmedchemlett.3c00480,运行/运行/ATP-VSW/ATP-VSW-DOCK_HTVS_1-003_lib/ATP-VSW-DOCK_HTVS_1-003_lib.mae
ATP-HTVS-6A75058F52BE,28289,CC(C)[N@@H+](C)Cc1cccc(C[NH2+]Cc2cn(-c3ccccc3)nc2-c2ccc([N+](=O)[O-])cc2)c1,c1ccc(C[NH2+]Cc2cn(-c3ccccc3)nc2-c2ccccc2)cc1,-4.84010222744144,0.7659313725490196,0.1956521739130435,0.2696629213483146,WSA280,XQBWCRMKNUAPEC-UHFFFAOYSA-N,10.1021/acsomega.5c06380,运行/运行/ATP-VSW/ATP-VSW-DOCK_HTVS_1-001_lib/ATP-VSW-DOCK_HTVS_1-001_lib
ATP-HTVS-6A7606C4C92F,92290,C[NH+](C)Cc1ccccc1C(=O)Nc1c(-c2ccccc2)cnc2ccccc12,O=C(Nc1c(-c2ccccc2)cnc2ccccc12)c1ccccc1,-4.34154304727115,0.5502450980392157,0.22972972972972974,0.2463768115942029,compound 8 (Steed 2022),ROJPDORYZONAPF-UHFFFAOYSA-N,10.1021/acsomega.2c03127,运行/运行/ATP-VSW/ATP-VSW-DOCK_HTVS_1-002_lib.maegz
ATP-HTVS-6A9F3E67E2B3,32321,CC(=O)N(c1ccc(Cl)cc1)c1nc(C[NH2+]Cc2ccccc2C[NH+](C)C)cs1,c1ccc(C[NH2+]Cc2csc(Nc3ccccc3)n2)cc1,-5.24384455386127,0.8866421568627451,0.19047619047619047,0.3283582089552239,compound 1 (Fraunfelter 2023),WIDVPHSBAXLSEU-LJQANCHMSA-N,10.1021/acsinfecdis.3c00317,运行/运行/ATP-VSW/ATP-VSW-DOCK_HTVS_1-001_lib/ATP-VSW-DOCK_HTVS_1-001_lib
ATP-HTVS-6AEF3DDEB613,24577,CCN(CC)Cc1cccc(CNc2[nH+]c3ccccc3n2CC(=O)c2ccccc2)c1,O=C(Cn1c(NCc2ccccc2)[nH+]c2ccccc21)c1ccccc1,-2.44931978858572,0.11458333333333337,0.21176470588235294,0.2692307692307692,WSA236,CJWSCOKTAUPKHM-UHFFFAOYSA-N,10.1002/cmdc.202400952,运行/运行/ATP-VSW/ATP-VSW-DOCK_HTVS_1-001_lib/ATP-VSW-DOCK_HTVS_1-001_lib
ATP-HTVS-6B0687E57A6A,39265,OCc1ccccc1CC[NH2+][C@@H](c1ccccc1)c1cc2ccccc2o1,c1ccc(CC[NH2+]C(c2ccccc2)c2cc3ccccc3o2)cc1,-6.08880138359782,0.9791666666666666,0.2028985507246377,0.2602739726027397,Ward2024 compound 19,PXXYITLVUSHXPN-UHFFFAOYSA-N,10.1021/acsmedchemlett.3c00480,运行/运行/ATP-VSW/ATP-VSW-DOCK_HTVS_1-001_lib/ATP-VSW-DOCK_HTVS_1-001_lib
ATP-HTVS-6B1624881868,95842,CN(C(=O)c1ccncc1Nc1ccc(C[NH+](C)C)cc1)c1ccccc1F,O=C(Nc1ccccc1)c1ccncc1Nc1ccccc1,-4.13656720225586,0.46629901960784315,0.22972972972972974,0.31343283582089554,Ward2024 compound 1,DVUDEYVEBQKKMF-UHFFFAOYSA-N,10.1021/acsmedchemlett.3c00480,运行/运行/ATP-VSW/ATP-VSW-DOCK_HTVS_1-003_lib/ATP-VSW-DOCK_HTVS_1-003_lib.mae
ATP-HTVS-6B545AE439E8,71073,C[NH+](C)Cc1cccc(Nc2cnc(NC(=O)c3ccccc3)c3ccccc23)c1,O=C(Nc1ncc(Nc2ccccc2)c2ccccc12)c1ccccc1,-4.40948614392813,0.5808823529411764,0.21518987341772153,0.2535211267605634,compound 15 (Steed 2022),RIDDIWJTDCGXDH-NRFANRHFSA-N,10.1021/acsomega.2c03127,运行/运行/ATP-VSW/ATP-VSW-DOCK_HTVS_1-001_lib/ATP-VSW-DOCK_HTVS_1-001_lib
ATP-HTVS-6B6B8E0C727E,97122,C[NH+](C)Cc1cccc(CNc2csc(CC(=O)NC(C)(C)c3ccccc3)c2)c1,O=C(Cc1cc(NCc2ccccc2)cs1)NCc1ccccc1,-4.18703629984588,0.48468137254901966,0.2073170731707317,0.2465753424657534,compound 15 (Steed 2022),RIDDIWJTDCGXDH-NRFANRHFSA-N,10.1021/acsomega.2c03127,运行/运行/ATP-VSW/ATP-VSW-DOCK_HTVS_1-003_lib/ATP-VSW-DOCK_HTVS_1-003_lib.mae
ATP-HTVS-6B709F2DA304,63171,CC(C)Oc1ccc(CNCc2cn(C)nc2OCc2ccccc2)cc1,c1ccc(CNCc2c[nH]nc2OCc2ccccc2)cc1,-2.03028213054911,0.0802696078431373,0.3246753246753247,0.3246753246753247,WSA296,HCBCVTVDQQQYPH-UHFFFAOYSA-N,10.1021/acsomega.5c06380,运行/运行/ATP-VSW/ATP-VSW-DOCK_HTVS_1-003_lib/ATP-VSW-DOCK_HTVS_1-003_lib.mae
ATP-HTVS-6BE395388015,5218,CCN(CC)[C@H](CNC(=O)c1cc(=O)c2ccccc2n1Cc1cccc(C)c1)c1ccccc1,O=C(NCCc1ccccc1)c1cc(=O)c2ccccc2n1Cc1ccccc1,-1.36676737681333,0.025122549019607865,0.19318181818181818,0.18888888888888888,compound 15 (Steed 2022),RIDDIWJTDCGXDH-NRFANRHFSA-N,10.1021/acsomega.2c03127,运行/运行/ATP-VSW/ATP-VSW-DOCK_HTVS_1-002_lib.maegz
ATP-HTVS-6BFC96102A75,91009,C[C@H](C#N)N(c1ccccc1)c1c(NC(=O)c2cc(F)cc(F)c2)c[nH+]c2ccccc12,O=C(Nc1c[nH+]c2ccccc2c1Nc1ccccc1)c1ccccc1,-1.68091476433484,0.05085784313725494,0.21428571428571427,0.2413793103448276,compound 15 (Steed 2022),RIDDIWJTDCGXDH-NRFANRHFSA-N,10.1021/acsomega.2c03127,运行/运行/ATP-VSW/ATP-VSW-DOCK_HTVS_1-001_lib/ATP-VSW-DOCK_HTVS_1-001_lib
ATP-HTVS-6C10A5B04019,55619,CC(C)Nc1cccc(CNc2nc(NCc3ccc(CCO)cc3)nc3ccccc23)c1,c1ccc(CNc2nc(NCc3ccccc3)c3ccccc3n2)cc1,-1.51439635407655,0.03492647058823528,0.2564102564102564,0.2564102564102564,compound 15 (Steed 2022),RIDDIWJTDCGXDH-NRFANRHFSA-N,10.1021/acsomega.2c03127,运行/运行/ATP-VSW/ATP-VSW-DOCK_HTVS_1-003_lib/ATP-VSW-DOCK_HTVS_1-003_lib.mae
ATP-HTVS-6C50DB0A272F,98305,C[C@@H](c1ccccc1)N(C)C(=O)c1ccncc1Nc1ccc(C[NH+](C)C)cc1,O=C(NCc1ccccc1)c1ccncc1Nc1ccccc1,-4.30263290393674,0.5324754901960784,0.23076923076923078,0.29411764705882354,compound 8 (Steed 2022),ROJPDORYZONAPF-UHFFFAOYSA-N,10.1021/acsomega.2c03127,运行/运行/ATP-VSW/ATP-VSW-DOCK_HTVS_1-002_lib.maegz
ATP-HTVS-6C7D9744EE21,70402,C[NH+](C)Cc1cccc(NC(=O)c2cnc3ccc(F)cc3c2N(CC#N)c2ccccc2)c1,O=C(Nc1ccccc1)c1cnc2ccccc2c1Nc1ccccc1,-4.69955578174187,0.7212009803921569,0.2111111111111111,0.24691358024691357,compound 15 (Steed 2022),RIDDIWJTDCGXDH-NRFANRHFSA-N,10.1021/acsomega.2c03127,运行/运行/ATP-VSW/ATP-VSW-DOCK_HTVS_1-002_lib.maegz
ATP-HTVS-6C953A1E72F9,84770,Cc1ccc([C@@H](O)CNc2c(CN(C)C(=O)c3ccc(O)cc3)sc3ccccc23)cc1,O=C(NCc1sc2ccccc2c1NCCc1ccccc1)c1ccccc1,-5.08175360039616,0.8462009803921569,0.2,0.18604651162790697,compound 1 (Fraunfelter 2023),WIDVPHSBAXLSEU-LJQANCHMSA-N,10.1021/acsinfecdis.3c00317,运行/运行/ATP-VSW/ATP-VSW-DOCK_HTVS_1-002_lib.maegz
ATP-HTVS-6C98FCD8FCFE,96322,COC(=O)[C@@H](Nc1c(C(=O)N(CCO)c2ccccc2)sc2ccccc12)c1ccccc1C,O=C(Nc1ccccc1)c1sc2ccccc2c1NCc1ccccc1,-2.33099136472721,0.10355392156862742,0.24691358024691357,0.2625,compound 15 (Steed 2022),RIDDIWJTDCGXDH-NRFANRHFSA-N,10.1021/acsomega.2c03127,运行/运行/ATP-VSW/ATP-VSW-DOCK_HTVS_1-003_lib/ATP-VSW-DOCK_HTVS_1-003_lib.mae
ATP-HTVS-6CCE19BA0E53,41123,COc1cc2ccccc2c(CNc2ccc(C[NH+](C)C)c(F)c2)c1OC,c1ccc(NCc2cccc3ccccc23)cc1,-3.93577551738666,0.3921568627450981,0.2345679012345679,0.27941176470588236,compound 18 (Steed 2022),DCLANSSFVIGXHQ-OAQYLSRUSA-N,10.1021/acsomega.2c03127,运行/运行/ATP-VSW/ATP-VSW-DOCK_HTVS_1-003_lib/ATP-VSW-DOCK_HTVS_1-003_lib.mae
ATP-HTVS-6D0E62C9397C,87907,C[NH+](C)Cc1ccc(CNc2cncc(C(=O)N(CC#N)Cc3ccc(F)cc3)c2)cc1,O=C(NCc1ccccc1)c1cncc(NCc2ccccc2)c1,-3.6815938860764,0.2855392156862745,0.20253164556962025,0.2777777777777778,Ward2024 compound 1,DVUDEYVEBQKKMF-UHFFFAOYSA-N,10.1021/acsmedchemlett.3c00480,运行/运行/ATP-VSW/ATP-VSW-DOCK_HTVS_1-003_lib/ATP-VSW-DOCK_HTVS_1-003_lib.mae
ATP-HTVS-6D22B46DE244,25601,C[NH+](C)Cc1cccc(CNc2nc(NCc3ccc(F)cc3)c3ccccc3[nH+]2)c1,c1ccc(CNc2nc(NCc3ccccc3)c3ccccc3[nH+]2)cc1,-4.48541249538658,0.6200980392156863,0.24691358024691357,0.3870967741935484,WSA298,IZWVLJVCXHHUOO-UHFFFAOYSA-N,10.1021/acsomega.5c06380,运行/运行/ATP-VSW/ATP-VSW-DOCK_HTVS_1-001_lib/ATP-VSW-DOCK_HTVS_1-001_lib
ATP-HTVS-6D2ED4476584,96450,C[NH+](C)Cc1ccc(C(=O)Nc2c(NCc3cccc(C#N)c3)cnc3ccccc23)cc1,O=C(Nc1c(NCc2ccccc2)cnc2ccccc12)c1ccccc1,-4.00003509298641,0.4160539215686274,0.22727272727272727,0.2857142857142857,compound 1 (Fraunfelter 2023),WIDVPHSBAXLSEU-LJQANCHMSA-N,10.1021/acsinfecdis.3c00317,运行/运行/ATP-VSW/ATP-VSW-DOCK_HTVS_1-003_lib/ATP-VSW-DOCK_HTVS_1-003_lib.mae
ATP-HTVS-6D4BCDFA1C91,75521,C[NH+](C)[C@H](CNc1cc2ccccc2nc1NC(=O)Cc1ccccc1)c1ccccc1Cl,O=C(Cc1ccccc1)Nc1nc2ccccc2cc1NCCc1ccccc1,-5.09850908229164,0.852328431372549,0.32894736842105265,0.3424657534246575,compound 15 (Steed 2022),RIDDIWJTDCGXDH-NRFANRHFSA-N,10.1021/acsomega.2c03127,运行/运行/ATP-VSW/ATP-VSW-DOCK_HTVS_1-001_lib/ATP-VSW-DOCK_HTVS_1-001_lib
ATP-HTVS-6D7E0E0D5192,75362,O=C(Nc1c[nH+]c2ccccc2c1NC[C@@H](O)c1ccccc1Cl)[C@H](Cl)c1ccccc1,O=C(Cc1ccccc1)Nc1c[nH+]c2ccccc2c1NCCc1ccccc1,-4.9844932944252,0.8167892156862745,0.15476190476190477,0.19047619047619047,compound 8 (Steed 2022),ROJPDORYZONAPF-UHFFFAOYSA-N,10.1021/acsomega.2c03127,运行/运行/ATP-VSW/ATP-VSW-DOCK_HTVS_1-002_lib.maegz
ATP-HTVS-6E0FE1B5DEAA,65857,CN(C)Cc1cc(F)ccc1CNc1nc(NCC(=O)Nc2ccccc2)[nH+]c2ccccc12,O=C(CNc1nc(NCc2ccccc2)c2ccccc2[nH+]1)Nc1ccccc1,-1.95498268451728,0.07414215686274506,0.24358974358974358,0.28378378378378377,Ward2024 compound 1,DVUDEYVEBQKKMF-UHFFFAOYSA-N,10.1021/acsmedchemlett.3c00480,运行/运行/ATP-VSW/ATP-VSW-DOCK_HTVS_1-001_lib/ATP-VSW-DOCK_HTVS_1-001_lib
ATP-HTVS-6E162A247368,73633,CCCN(C(=O)c1sccc1NCc1cccc(C[NH+](C)C)c1)c1ccccc1,O=C(Nc1ccccc1)c1sccc1NCc1ccccc1,-3.47604211570554,0.2279411764705882,0.2261904761904762,0.2714285714285714,WSA236,CJWSCOKTAUPKHM-UHFFFAOYSA-N,10.1002/cmdc.202400952,运行/运行/ATP-VSW/ATP-VSW-DOCK_HTVS_1-001_lib/ATP-VSW-DOCK_HTVS_1-001_lib
ATP-HTVS-6E22C1143CC0,63683,C#Cc1cccc(CNCc2cn(-c3ccccc3)nc2-c2ccncc2)c1,c1ccc(CNCc2cn(-c3ccccc3)nc2-c2ccncc2)cc1,-3.72830328205575,0.30208333333333337,0.2972972972972973,0.2972972972972973,WSA294,FPTVNOKSIHPUTA-UHFFFAOYSA-N,10.1021/acsomega.5c06380,运行/运行/ATP-VSW/ATP-VSW-DOCK_HTVS_1-003_lib/ATP-VSW-DOCK_HTVS_1-003_lib.mae
ATP-HTVS-6E53E23A0DE7,86883,C[NH+](C)Cc1ccc(C(=O)Nc2ccc([C@@H](C#N)c3ccccc3)c(-c3ccc(O)cc3)c2)cc1,O=C(Nc1ccc(Cc2ccccc2)c(-c2ccccc2)c1)c1ccccc1,-4.88500832388325,0.7830882352941176,0.24691358024691357,0.2631578947368421,compound 8 (Steed 2022),ROJPDORYZONAPF-UHFFFAOYSA-N,10.1021/acsomega.2c03127,运行/运行/ATP-VSW/ATP-VSW-DOCK_HTVS_1-003_lib/ATP-VSW-DOCK_HTVS_1-003_lib.mae
ATP-HTVS-6E858FDBC7BE,81090,C[C@@H](NCC#C[C@H](N[C@@H](C#N)c1ccccc1)c1cc2ccccc2s1)c1cccc(F)c1,C(#CC(NCc1ccccc1)c1cc2ccccc2s1)CNCc1ccccc1,-3.98554458005606,0.41237745098039214,0.2,0.1744186046511628,compound 15 (Steed 2022),RIDDIWJTDCGXDH-NRFANRHFSA-N,10.1021/acsomega.2c03127,运行/运行/ATP-VSW/ATP-VSW-DOCK_HTVS_1-002_lib.maegz
ATP-HTVS-6E87A6CCCD27,96001,CC(=O)c1ccc(C(=O)Nc2cnc3ccccc3c2C#CC[NH2+]Cc2ccccc2)cc1,O=C(Nc1cnc2ccccc2c1C#CC[NH2+]Cc1ccccc1)c1ccccc1,-4.17570217850514,0.47916666666666663,0.23170731707317074,0.25316455696202533,compound 15 (Steed 2022),RIDDIWJTDCGXDH-NRFANRHFSA-N,10.1021/acsomega.2c03127,运行/运行/ATP-VSW/ATP-VSW-DOCK_HTVS_1-001_lib/ATP-VSW-DOCK_HTVS_1-001_lib
ATP-HTVS-6EB205788321,70434,CNc1ccccc1[C@@H](C)N1CC(=O)Nc2ccccc2[C@H]1c1ccccc1,O=C1CN(Cc2ccccc2)C(c2ccccc2)c2ccccc2N1,-1.60752349582625,0.04289215686274506,0.1511627906976744,0.16049382716049382,compound 18 (Steed 2022),DCLANSSFVIGXHQ-OAQYLSRUSA-N,10.1021/acsomega.2c03127,运行/运行/ATP-VSW/ATP-VSW-DOCK_HTVS_1-002_lib.maegz
ATP-HTVS-6EF9F712D3BB,38274,C[NH+](C)Cc1ccc(C[NH2+]Cc2ccc(Oc3ccc(Br)cc3)nc2)cc1,c1ccc(C[NH2+]Cc2ccc(Oc3ccccc3)nc2)cc1,-6.27229934947262,0.9901960784313726,0.1566265060240964,0.3559322033898305,WSA296,HCBCVTVDQQQYPH-UHFFFAOYSA-N,10.1021/acsomega.5c06380,运行/运行/ATP-VSW/ATP-VSW-DOCK_HTVS_1-002_lib.maegz
ATP-HTVS-6F05C87B1F67,70785,COC(=O)[C@H](C(=O)Nc1cnc2ccccc2c1NCc1cccc(C[NH+](C)C)c1)c1ccccc1,O=C(Cc1ccccc1)Nc1cnc2ccccc2c1NCc1ccccc1,-2.24887284598629,0.09742647058823528,0.32098765432098764,0.32098765432098764,compound 15 (Steed 2022),RIDDIWJTDCGXDH-NRFANRHFSA-N,10.1021/acsomega.2c03127,运行/运行/ATP-VSW/ATP-VSW-DOCK_HTVS_1-001_lib/ATP-VSW-DOCK_HTVS_1-001_lib
ATP-HTVS-6F07AE7177E0,48289,[NH3+][C@@H](CNC(=O)c1oc2ccccc2c1CSc1ccccc1F)c1ccccc1,O=C(NCCc1ccccc1)c1oc2ccccc2c1CSc1ccccc1,-5.8894698694767,0.9699754901960784,0.1839080459770115,0.1839080459770115,compound 19 (Steed 2022),DHQKBEDPXLHXAJ-OAQYLSRUSA-N,10.1021/acsomega.2c03127,运行/运行/ATP-VSW/ATP-VSW-DOCK_HTVS_1-001_lib/ATP-VSW-DOCK_HTVS_1-001_lib
ATP-HTVS-6F1494FEFC60,84675,N#Cc1ccccc1CC(=O)Nc1c(C#CC[NH2+]Cc2ccccc2)cnc2ccccc12,O=C(Cc1ccccc1)Nc1c(C#CC[NH2+]Cc2ccccc2)cnc2ccccc12,-5.35850679518457,0.9050245098039216,0.2413793103448276,0.2625,compound 18 (Steed 2022),DCLANSSFVIGXHQ-OAQYLSRUSA-N,10.1021/acsomega.2c03127,运行/运行/ATP-VSW/ATP-VSW-DOCK_HTVS_1-003_lib/ATP-VSW-DOCK_HTVS_1-003_lib.mae
ATP-HTVS-6F734E803CC4,90177,COc1ccccc1CC(=O)Nc1nc2ccccc2cc1N(C)[C@H](C#N)c1ccccc1,O=C(Cc1ccccc1)Nc1nc2ccccc2cc1NCc1ccccc1,-3.31592375333773,0.19546568627450978,0.3684210526315789,0.35526315789473684,compound 15 (Steed 2022),RIDDIWJTDCGXDH-NRFANRHFSA-N,10.1021/acsomega.2c03127,运行/运行/ATP-VSW/ATP-VSW-DOCK_HTVS_1-001_lib/ATP-VSW-DOCK_HTVS_1-001_lib
ATP-HTVS-6F858A0E8812,50979,COc1ccc(C[NH2+]C[C@H]2c3ccccc3C(=O)N2Cc2ccccc2)c(F)c1,O=C1c2ccccc2C(C[NH2+]Cc2ccccc2)N1Cc1ccccc1,-5.74835431316884,0.9577205882352942,0.2441860465116279,0.30120481927710846,WSA296,HCBCVTVDQQQYPH-UHFFFAOYSA-N,10.1021/acsomega.5c06380,运行/运行/ATP-VSW/ATP-VSW-DOCK_HTVS_1-003_lib/ATP-VSW-DOCK_HTVS_1-003_lib.mae
ATP-HTVS-6FE04A77CC41,71777,COc1ccccc1C(=O)Nc1ncc(NCc2cccc(C[NH+](C)C)c2)c2ccccc12,O=C(Nc1ncc(NCc2ccccc2)c2ccccc12)c1ccccc1,-5.24355766827584,0.8854166666666666,0.22988505747126436,0.24096385542168675,compound 18 (Steed 2022),DCLANSSFVIGXHQ-OAQYLSRUSA-N,10.1021/acsomega.2c03127,运行/运行/ATP-VSW/ATP-VSW-DOCK_HTVS_1-001_lib/ATP-VSW-DOCK_HTVS_1-001_lib
ATP-HTVS-702B49CD2E82,75043,[NH3+]CCN(c1ccccc1)c1c(NCc2ccccc2)c(Cl)c(O)c2ccccc12,c1ccc(CNc2ccc3ccccc3c2Nc2ccccc2)cc1,-3.57940560478986,0.2555147058823529,0.19736842105263158,0.21518987341772153,WSA249,YEMLSUARMQTHJO-UHFFFAOYSA-N,10.1002/cmdc.202400952,运行/运行/ATP-VSW/ATP-VSW-DOCK_HTVS_1-003_lib/ATP-VSW-DOCK_HTVS_1-003_lib.mae
ATP-HTVS-7075BC6FC110,40003,CN(Cc1cccnc1Cl)c1nc(NCc2ccc(C[NH+](C)C)cc2)[nH+]c2ccccc12,c1ccc(CNc2nc(NCc3cccnc3)c3ccccc3[nH+]2)cc1,-4.74222818605179,0.7352941176470589,0.23376623376623376,0.36363636363636365,Ward2024 compound 1,DVUDEYVEBQKKMF-UHFFFAOYSA-N,10.1021/acsmedchemlett.3c00480,运行/运行/ATP-VSW/ATP-VSW-DOCK_HTVS_1-003_lib/ATP-VSW-DOCK_HTVS_1-003_lib.mae
ATP-HTVS-708569B81B35,91521,C[NH+](C)Cc1ccc(CNC(=O)c2[nH]c3ccccc3c2C#C[C@@H](O)c2cccc(Cl)c2)cc1,O=C(NCc1ccccc1)c1[nH]c2ccccc2c1C#CCc1ccccc1,-4.2478476367007,0.508578431372549,0.20652173913043478,0.2692307692307692,compound 18 (Steed 2022),DCLANSSFVIGXHQ-OAQYLSRUSA-N,10.1021/acsomega.2c03127,运行/运行/ATP-VSW/ATP-VSW-DOCK_HTVS_1-001_lib/ATP-VSW-DOCK_HTVS_1-001_lib
ATP-HTVS-70C7181F988B,22946,CC[N@H+](C)Cc1cccc(CNCc2nc3ccccc3n2Cc2ccc(Cl)cc2)c1,c1ccc(CNCc2nc3ccccc3n2Cc2ccccc2)cc1,-3.59148496402518,0.2579656862745098,0.2894736842105263,0.3188405797101449,WSA249,YEMLSUARMQTHJO-UHFFFAOYSA-N,10.1002/cmdc.202400952,运行/运行/ATP-VSW/ATP-VSW-DOCK_HTVS_1-002_lib.maegz
ATP-HTVS-70E37A6C21BA,87747,COc1ccc([C@@H](C#N)Nc2cc3ccccc3nc2NC(=O)c2ccccc2C[NH+](C)C)cc1,O=C(Nc1nc2ccccc2cc1NCc1ccccc1)c1ccccc1,-4.35087995786348,0.5575980392156863,0.31645569620253167,0.3,compound 8 (Steed 2022),ROJPDORYZONAPF-UHFFFAOYSA-N,10.1021/acsomega.2c03127,运行/运行/ATP-VSW/ATP-VSW-DOCK_HTVS_1-003_lib/ATP-VSW-DOCK_HTVS_1-003_lib.mae
ATP-HTVS-7191B1059E2A,91041,Cc1cc(NC(=O)c2ccccc2)ncc1NCc1ccc(C[NH+](C)C)cc1,O=C(Nc1ccc(NCc2ccccc2)cn1)c1ccccc1,-3.50652486081889,0.23406862745098034,0.21794871794871795,0.3181818181818182,compound 15 (Steed 2022),RIDDIWJTDCGXDH-NRFANRHFSA-N,10.1021/acsomega.2c03127,运行/运行/ATP-VSW/ATP-VSW-DOCK_HTVS_1-001_lib/ATP-VSW-DOCK_HTVS_1-001_lib
ATP-HTVS-71BAC3B18036,84419,CC[NH+](CC)Cc1cccc(CNc2cc3ccccc3nc2NC(=O)c2ccc(C#N)c(F)c2)c1,O=C(Nc1nc2ccccc2cc1NCc1ccccc1)c1ccccc1,-3.52001493936005,0.23835784313725494,0.26436781609195403,0.26744186046511625,compound 1 (Fraunfelter 2023),WIDVPHSBAXLSEU-LJQANCHMSA-N,10.1021/acsinfecdis.3c00317,运行/运行/ATP-VSW/ATP-VSW-DOCK_HTVS_1-003_lib/ATP-VSW-DOCK_HTVS_1-003_lib.mae
ATP-HTVS-71BF5DD28E53,57729,O[C@@H](CN[C@@H](c1ccccc1)c1cc2ccccc2o1)c1ccc(F)c(Cl)c1,c1ccc(CCNC(c2ccccc2)c2cc3ccccc3o2)cc1,-2.57161786217853,0.125,0.2077922077922078,0.19736842105263158,compound 15 (Steed 2022),RIDDIWJTDCGXDH-NRFANRHFSA-N,10.1021/acsomega.2c03127,运行/运行/ATP-VSW/ATP-VSW-DOCK_HTVS_1-001_lib/ATP-VSW-DOCK_HTVS_1-001_lib
ATP-HTVS-71D6C35FE659,77570,C[C@H](C(=O)Nc1c(N(CC#N)c2ccccc2)cnc2ccccc12)c1ccc(Cl)cc1,O=C(Cc1ccccc1)Nc1c(Nc2ccccc2)cnc2ccccc12,-3.36599142927644,0.210171568627451,0.24096385542168675,0.24096385542168675,compound 15 (Steed 2022),RIDDIWJTDCGXDH-NRFANRHFSA-N,10.1021/acsomega.2c03127,运行/运行/ATP-VSW/ATP-VSW-DOCK_HTVS_1-002_lib.maegz
ATP-HTVS-7201DD4C282A,6657,C[NH+](C)Cc1ccccc1Nc1nc(-c2ccccc2)nc2ccccc12,c1ccc(Nc2nc(-c3ccccc3)nc3ccccc23)cc1,-4.54898540263524,0.6519607843137255,0.22666666666666666,0.3,compound 18 (Steed 2022),DCLANSSFVIGXHQ-OAQYLSRUSA-N,10.1021/acsomega.2c03127,运行/运行/ATP-VSW/ATP-VSW-DOCK_HTVS_1-001_lib/ATP-VSW-DOCK_HTVS_1-001_lib
ATP-HTVS-72573E055255,65475,Cc1ccc(NNC(=O)Cn2c(COc3ccccc3)nc3ccccc32)cc1F,O=C(Cn1c(COc2ccccc2)nc2ccccc21)NNc1ccccc1,-3.92562679842299,0.3841911764705882,0.2597402597402597,0.2597402597402597,Ward2024 compound 19,PXXYITLVUSHXPN-UHFFFAOYSA-N,10.1021/acsmedchemlett.3c00480,运行/运行/ATP-VSW/ATP-VSW-DOCK_HTVS_1-003_lib/ATP-VSW-DOCK_HTVS_1-003_lib.mae
ATP-HTVS-72B2F4D4EA61,85379,C[NH+](C)Cc1cccc(CN[C@@H](C#Cc2ccc(C(=O)[O-])cc2)c2cc3ccccc3o2)c1,C(#CC(NCc1ccccc1)c1cc2ccccc2o1)c1ccccc1,-4.91391215989633,0.7922794117647058,0.25,0.28,compound 1 (Fraunfelter 2023),WIDVPHSBAXLSEU-LJQANCHMSA-N,10.1021/acsinfecdis.3c00317,运行/运行/ATP-VSW/ATP-VSW-DOCK_HTVS_1-003_lib/ATP-VSW-DOCK_HTVS_1-003_lib.mae
ATP-HTVS-72BD9FFCF62D,59458,[NH3+][C@H](CNc1nc(NCc2ccccc2)c2ccccc2[nH+]1)c1ccccc1Br,c1ccc(CCNc2nc(NCc3ccccc3)c3ccccc3[nH+]2)cc1,-5.81227878859071,0.9638480392156863,0.20512820512820512,0.22666666666666666,WSA249,YEMLSUARMQTHJO-UHFFFAOYSA-N,10.1002/cmdc.202400952,运行/运行/ATP-VSW/ATP-VSW-DOCK_HTVS_1-002_lib.maegz
ATP-HTVS-72D66A1ED57F,85633,C[NH+](C)Cc1ccccc1C(=O)Nc1nc2ccccc2cc1N(CC(=O)NN)c1ccc(F)cc1,O=C(Nc1nc2ccccc2cc1Nc1ccccc1)c1ccccc1,-4.22519133387632,0.49693627450980393,0.27058823529411763,0.30666666666666664,compound 1 (Fraunfelter 2023),WIDVPHSBAXLSEU-LJQANCHMSA-N,10.1021/acsinfecdis.3c00317,运行/运行/ATP-VSW/ATP-VSW-DOCK_HTVS_1-001_lib/ATP-VSW-DOCK_HTVS_1-001_lib
ATP-HTVS-72E6B3102DA2,29953,CN(C)Cc1cccc(CNc2nc3ccccc3nc2NCc2ccc(Br)cc2)c1,c1ccc(CNc2nc3ccccc3nc2NCc2ccccc2)cc1,-1.61026209167292,0.04350490196078427,0.40350877192982454,0.40350877192982454,Ward2024 compound 1,DVUDEYVEBQKKMF-UHFFFAOYSA-N,10.1021/acsmedchemlett.3c00480,运行/运行/ATP-VSW/ATP-VSW-DOCK_HTVS_1-001_lib/ATP-VSW-DOCK_HTVS_1-001_lib
ATP-HTVS-7317133B38FB,3522,C[C@@H](Cc1ccccc1)c1nc(NC[C@H](c2ccc(O)cc2)[NH+](C)C)c2ccccc2n1,c1ccc(CCNc2nc(CCc3ccccc3)nc3ccccc23)cc1,-4.41507729181029,0.5839460784313726,0.2631578947368421,0.2702702702702703,compound 15 (Steed 2022),RIDDIWJTDCGXDH-NRFANRHFSA-N,10.1021/acsomega.2c03127,运行/运行/ATP-VSW/ATP-VSW-DOCK_HTVS_1-002_lib.maegz
ATP-HTVS-73425E104865,17794,C[NH+](C)Cc1ccc(C(=O)NCc2cn(-c3ccccc3)nc2-c2ccncc2)cc1,O=C(NCc1cn(-c2ccccc2)nc1-c1ccncc1)c1ccccc1,-4.28499138555534,0.5263480392156863,0.21951219512195122,0.28169014084507044,compound 1 (Fraunfelter 2023),WIDVPHSBAXLSEU-LJQANCHMSA-N,10.1021/acsinfecdis.3c00317,运行/运行/ATP-VSW/ATP-VSW-DOCK_HTVS_1-002_lib.maegz
ATP-HTVS-736CCC940701,87841,C[NH+](C)Cc1cc(O)ccc1C#CCNC(=O)c1cc(-c2ccccc2)nc2ccccc12,O=C(NCC#Cc1ccccc1)c1cc(-c2ccccc2)nc2ccccc12,-4.63018250986832,0.6887254901960784,0.24691358024691357,0.2777777777777778,compound 15 (Steed 2022),RIDDIWJTDCGXDH-NRFANRHFSA-N,10.1021/acsomega.2c03127,运行/运行/ATP-VSW/ATP-VSW-DOCK_HTVS_1-001_lib/ATP-VSW-DOCK_HTVS_1-001_lib
ATP-HTVS-738A9E09AC53,76002,C[C@H](C#N)N(c1ccccc1)c1cc2ccccc2nc1NC(=O)Cc1ccc(F)cc1,O=C(Cc1ccccc1)Nc1nc2ccccc2cc1Nc1ccccc1,-3.47106866595984,0.227328431372549,0.3466666666666667,0.32894736842105265,compound 15 (Steed 2022),RIDDIWJTDCGXDH-NRFANRHFSA-N,10.1021/acsomega.2c03127,运行/运行/ATP-VSW/ATP-VSW-DOCK_HTVS_1-002_lib.maegz
ATP-HTVS-7398D4493E72,77633,C[C@@H](Nc1ccc(O)cc1C[NH+](C)C)c1cc2cccc(Cl)c2c(=O)n1-c1ccccc1,O=c1c2ccccc2cc(CNc2ccccc2)n1-c1ccccc1,-5.00867591595487,0.8259803921568627,0.23809523809523808,0.24096385542168675,compound 15 (Steed 2022),RIDDIWJTDCGXDH-NRFANRHFSA-N,10.1021/acsomega.2c03127,运行/运行/ATP-VSW/ATP-VSW-DOCK_HTVS_1-001_lib/ATP-VSW-DOCK_HTVS_1-001_lib
ATP-HTVS-73D804AB38E4,60195,C[NH+](C)Cc1cccc(CNc2nc(NCc3ccc(OCCO)cc3)c3ccccc3[nH+]2)c1,c1ccc(CNc2nc(NCc3ccccc3)c3ccccc3[nH+]2)cc1,-3.71118681470914,0.29350490196078427,0.24719101123595505,0.32857142857142857,WSA296,HCBCVTVDQQQYPH-UHFFFAOYSA-N,10.1021/acsomega.5c06380,运行/运行/ATP-VSW/ATP-VSW-DOCK_HTVS_1-003_lib/ATP-VSW-DOCK_HTVS_1-003_lib.mae
ATP-HTVS-7418424385E1,74179,CCN(C(=O)c1cc(NCc2cccc(C[NH+](C)C)c2)c(Cl)s1)c1ccccc1Cl,O=C(Nc1ccccc1)c1cc(NCc2ccccc2)cs1,-3.69780098901514,0.2910539215686274,0.1724137931034483,0.2236842105263158,compound 15 (Steed 2022),RIDDIWJTDCGXDH-NRFANRHFSA-N,10.1021/acsomega.2c03127,运行/运行/ATP-VSW/ATP-VSW-DOCK_HTVS_1-003_lib/ATP-VSW-DOCK_HTVS_1-003_lib.mae
ATP-HTVS-74641C70E223,90850,CN(c1c(NC(=O)c2cccc(Cl)c2Cl)c[nH+]c2ccccc12)[C@H](C#N)c1ccccc1,O=C(Nc1c[nH+]c2ccccc2c1NCc1ccccc1)c1ccccc1,-4.07128760060566,0.44424019607843135,0.15555555555555556,0.1956521739130435,compound 15 (Steed 2022),RIDDIWJTDCGXDH-NRFANRHFSA-N,10.1021/acsomega.2c03127,运行/运行/ATP-VSW/ATP-VSW-DOCK_HTVS_1-002_lib.maegz
ATP-HTVS-74C5B06FA80B,35331,CC[N@@H+](C)Cc1ccc(C(=O)NC[C@@H]2c3ccccc3C(=O)N2Cc2ccccc2)cc1,O=C(NCC1c2ccccc2C(=O)N1Cc1ccccc1)c1ccccc1,-4.00048611288079,0.41727941176470584,0.19540229885057472,0.20930232558139536,WSA236,CJWSCOKTAUPKHM-UHFFFAOYSA-N,10.1002/cmdc.202400952,运行/运行/ATP-VSW/ATP-VSW-DOCK_HTVS_1-003_lib/ATP-VSW-DOCK_HTVS_1-003_lib.mae
ATP-HTVS-74E2CC654FC3,78466,C#Cc1ccccc1C(=O)N(C)Cc1sc2ccccc2c1NCc1ccc(NCCO)cc1,O=C(NCc1sc2ccccc2c1NCc1ccccc1)c1ccccc1,-4.29443214148555,0.5287990196078431,0.18181818181818182,0.18181818181818182,compound 8 (Steed 2022),ROJPDORYZONAPF-UHFFFAOYSA-N,10.1021/acsomega.2c03127,运行/运行/ATP-VSW/ATP-VSW-DOCK_HTVS_1-002_lib.maegz
ATP-HTVS-750E4CFCB0FA,69826,CN(C(=O)c1sc2ccccc2c1NCc1ccc(C[NH+](C)C)cc1)c1ccc(C#N)cc1,O=C(Nc1ccccc1)c1sc2ccccc2c1NCc1ccccc1,-3.5320177631311,0.24325980392156865,0.20253164556962025,0.273972602739726,Ward2024 compound 11,IIRFHYMEOYQCBC-UHFFFAOYSA-N,10.1021/acsmedchemlett.3c00480,运行/运行/ATP-VSW/ATP-VSW-DOCK_HTVS_1-002_lib.maegz
ATP-HTVS-7598FFEE7603,72739,C[NH+](C)Cc1cccc(CNc2cnc(NC(=O)Cc3ccc([N+](=O)[O-])cc3)c3ccccc23)c1,O=C(Cc1ccccc1)Nc1ncc(NCc2ccccc2)c2ccccc12,-3.31860378293044,0.1966911764705882,0.2235294117647059,0.2597402597402597,compound 15 (Steed 2022),RIDDIWJTDCGXDH-NRFANRHFSA-N,10.1021/acsomega.2c03127,运行/运行/ATP-VSW/ATP-VSW-DOCK_HTVS_1-003_lib/ATP-VSW-DOCK_HTVS_1-003_lib.mae
ATP-HTVS-75A4DAB7424E,78401,[NH3+][C@H](C#Cc1c(NC(=O)C#Cc2ccccc2)cnc2ccccc12)Cc1cccc(F)c1,O=C(C#Cc1ccccc1)Nc1cnc2ccccc2c1C#CCCc1ccccc1,-4.68169985382182,0.7113970588235294,0.24175824175824176,0.24705882352941178,compound 19 (Steed 2022),DHQKBEDPXLHXAJ-OAQYLSRUSA-N,10.1021/acsomega.2c03127,运行/运行/ATP-VSW/ATP-VSW-DOCK_HTVS_1-001_lib/ATP-VSW-DOCK_HTVS_1-001_lib
ATP-HTVS-75AC094BF9E0,89827,C[NH+](C)[C@H](Cc1cc(-c2cccnc2)nc2ccccc12)c1ccc(Cl)cc1,c1ccc(CCc2cc(-c3cccnc3)nc3ccccc23)cc1,-3.90237637645863,0.37316176470588236,0.2375,0.26582278481012656,compound 18 (Steed 2022),DCLANSSFVIGXHQ-OAQYLSRUSA-N,10.1021/acsomega.2c03127,运行/运行/ATP-VSW/ATP-VSW-DOCK_HTVS_1-003_lib/ATP-VSW-DOCK_HTVS_1-003_lib.mae
ATP-HTVS-75B300C751D2,33282,C[NH+]1CCN(c2ccc(C[NH2+]Cc3nc4ccccc4n3Cc3ccccc3)cc2)CC1,c1ccc(Cn2c(C[NH2+]Cc3ccc(N4CC[NH2+]CC4)cc3)nc3ccccc32)cc1,-4.36361801713931,0.5631127450980392,0.24675324675324675,0.35714285714285715,WSA249,YEMLSUARMQTHJO-UHFFFAOYSA-N,10.1002/cmdc.202400952,运行/运行/ATP-VSW/ATP-VSW-DOCK_HTVS_1-002_lib.maegz
ATP-HTVS-75F52EFCCD23,94273,Cc1nc(F)c(C(=O)Nc2ccccc2NC(C)C)cc1N(CC#N)c1ccccc1,O=C(Nc1ccccc1)c1cncc(Nc2ccccc2)c1,-3.60273850692444,0.26102941176470584,0.23170731707317074,0.23170731707317074,compound 15 (Steed 2022),RIDDIWJTDCGXDH-NRFANRHFSA-N,10.1021/acsomega.2c03127,运行/运行/ATP-VSW/ATP-VSW-DOCK_HTVS_1-001_lib/ATP-VSW-DOCK_HTVS_1-001_lib
ATP-HTVS-76416D54A342,23331,Cc1cc(F)cc(CN2CC(=O)Nc3ccccc3[C@H]2c2ccccc2)c1,O=C1CN(Cc2ccccc2)C(c2ccccc2)c2ccccc2N1,-1.56425662177434,0.03860294117647056,0.21951219512195122,0.21951219512195122,WSA298,IZWVLJVCXHHUOO-UHFFFAOYSA-N,10.1021/acsomega.5c06380,运行/运行/ATP-VSW/ATP-VSW-DOCK_HTVS_1-003_lib/ATP-VSW-DOCK_HTVS_1-003_lib.mae
ATP-HTVS-767E37D8A78C,74498,CN(C(=O)c1sc(Cl)cc1NCc1ccc(C[NH+](C)C)cc1)c1ccccc1N,O=C(Nc1ccccc1)c1sccc1NCc1ccccc1,-3.33590904639428,0.2009803921568627,0.20238095238095238,0.2857142857142857,compound 1 (Fraunfelter 2023),WIDVPHSBAXLSEU-LJQANCHMSA-N,10.1021/acsinfecdis.3c00317,运行/运行/ATP-VSW/ATP-VSW-DOCK_HTVS_1-002_lib.maegz
ATP-HTVS-7694DCD97798,36195,OC[C@H](NCc1cc(OCc2ccccc2)c2ccccc2c1)c1cccc(F)c1F,c1ccc(CNCc2cc(OCc3ccccc3)c3ccccc3c2)cc1,-3.91202102521058,0.37806372549019607,0.2894736842105263,0.2894736842105263,compound 15 (Steed 2022),RIDDIWJTDCGXDH-NRFANRHFSA-N,10.1021/acsomega.2c03127,运行/运行/ATP-VSW/ATP-VSW-DOCK_HTVS_1-003_lib/ATP-VSW-DOCK_HTVS_1-003_lib.mae
ATP-HTVS-76CE1997AF40,20163,C[NH+](C)Cc1ccc(CNc2ccc(-c3cccc(C#N)c3)s2)cc1,c1ccc(CNc2ccc(-c3ccccc3)s2)cc1,-4.09464764435884,0.4540441176470589,0.1794871794871795,0.2923076923076923,WSA294,FPTVNOKSIHPUTA-UHFFFAOYSA-N,10.1021/acsomega.5c06380,运行/运行/ATP-VSW/ATP-VSW-DOCK_HTVS_1-003_lib/ATP-VSW-DOCK_HTVS_1-003_lib.mae
ATP-HTVS-76EB0BEAC1B9,37825,C[NH+](C)Cc1ccc(CNc2nc(NCc3ccc(F)cc3N)c3ccccc3[nH+]2)cc1,c1ccc(CNc2nc(NCc3ccccc3)c3ccccc3[nH+]2)cc1,-4.07456484266098,0.4473039215686274,0.23255813953488372,0.4,WSA298,IZWVLJVCXHHUOO-UHFFFAOYSA-N,10.1021/acsomega.5c06380,运行/运行/ATP-VSW/ATP-VSW-DOCK_HTVS_1-001_lib/ATP-VSW-DOCK_HTVS_1-001_lib
ATP-HTVS-772EF906400E,20706,Cc1cc(-c2cc(CC[NH2+]Cc3ccccc3)n(C(=O)[C@@](C)(N)c3ccccc3)n2)ccc1F,O=C(Cc1ccccc1)n1nc(-c2ccccc2)cc1CC[NH2+]Cc1ccccc1,-5.7472783149045,0.9571078431372549,0.1919191919191919,0.26582278481012656,WSA297,GXYVJEJKTGYEDL-UHFFFAOYSA-N,10.1021/acsomega.5c06380,运行/运行/ATP-VSW/ATP-VSW-DOCK_HTVS_1-002_lib.maegz
ATP-HTVS-773D20A649CC,79681,C[NH+](C)Cc1ccc(CNc2cnc(NC(=O)c3cccc(F)c3C#N)c(-n3cccc3)c2)cc1,O=C(Nc1ncc(NCc2ccccc2)cc1-n1cccc1)c1ccccc1,-2.3269318805952,0.1029411764705882,0.19791666666666666,0.25925925925925924,WSA298,IZWVLJVCXHHUOO-UHFFFAOYSA-N,10.1021/acsomega.5c06380,运行/运行/ATP-VSW/ATP-VSW-DOCK_HTVS_1-001_lib/ATP-VSW-DOCK_HTVS_1-001_lib
ATP-HTVS-7743C5ABCFDD,93987,N#CN(c1ccccc1)c1cnc2ccccc2c1NC(=O)c1cccc(F)c1,O=C(Nc1c(Nc2ccccc2)cnc2ccccc12)c1ccccc1,-3.20517045360338,0.17953431372549022,0.21839080459770116,0.1927710843373494,compound 19 (Steed 2022),DHQKBEDPXLHXAJ-OAQYLSRUSA-N,10.1021/acsomega.2c03127,运行/运行/ATP-VSW/ATP-VSW-DOCK_HTVS_1-003_lib/ATP-VSW-DOCK_HTVS_1-003_lib.mae
ATP-HTVS-7752C713B971,90178,CN(C[C@@H]([NH3+])c1ccccc1)c1ncc(C(=O)Nc2ccc(Cl)cc2)c2ccccc12,O=C(Nc1ccccc1)c1cnc(NCCc2ccccc2)c2ccccc12,-5.14328146211405,0.8645833333333334,0.2,0.21518987341772153,compound 8 (Steed 2022),ROJPDORYZONAPF-UHFFFAOYSA-N,10.1021/acsomega.2c03127,运行/运行/ATP-VSW/ATP-VSW-DOCK_HTVS_1-002_lib.maegz
ATP-HTVS-776FBC5F0312,98786,CN(C(=O)c1sc2ncccc2c1NCc1cccc(C[NH+](C)C)c1)c1ccccn1,O=C(Nc1ccccn1)c1sc2ncccc2c1NCc1ccccc1,-4.1395812723486,0.46691176470588236,0.20689655172413793,0.23684210526315788,compound 15 (Steed 2022),RIDDIWJTDCGXDH-NRFANRHFSA-N,10.1021/acsomega.2c03127,运行/运行/ATP-VSW/ATP-VSW-DOCK_HTVS_1-003_lib/ATP-VSW-DOCK_HTVS_1-003_lib.mae
ATP-HTVS-77ED8C900CC0,79747,O=C(Nc1c[nH+]c2ccccc2c1Nc1ccc(NCCO)cc1)[C@@H](Br)c1ccccc1,O=C(Cc1ccccc1)Nc1c[nH+]c2ccccc2c1Nc1ccccc1,-4.90849767233527,0.789828431372549,0.20253164556962025,0.23376623376623376,compound 8 (Steed 2022),ROJPDORYZONAPF-UHFFFAOYSA-N,10.1021/acsomega.2c03127,运行/运行/ATP-VSW/ATP-VSW-DOCK_HTVS_1-003_lib/ATP-VSW-DOCK_HTVS_1-003_lib.mae
ATP-HTVS-77F3EA8C01D2,80162,CN(C)[C@H](C[NH3+])c1ccc(Nc2[nH+]c(-c3ccccc3)cn2/N=C/c2ccc(Cl)cc2)cc1,C(=Nn1cc(-c2ccccc2)[nH+]c1Nc1ccccc1)c1ccccc1,-4.46870218514675,0.6115196078431373,0.14563106796116504,0.1744186046511628,WSA297,GXYVJEJKTGYEDL-UHFFFAOYSA-N,10.1021/acsomega.5c06380,运行/运行/ATP-VSW/ATP-VSW-DOCK_HTVS_1-002_lib.maegz
ATP-HTVS-780990BE0E68,83747,C[C@@H]([NH2+]CC#Cc1cnc(NC(=O)c2cccc(O)c2)c2ccccc12)c1cccc(F)c1,O=C(Nc1ncc(C#CC[NH2+]Cc2ccccc2)c2ccccc12)c1ccccc1,-6.80803117503607,0.9993872549019608,0.2111111111111111,0.22093023255813954,compound 15 (Steed 2022),RIDDIWJTDCGXDH-NRFANRHFSA-N,10.1021/acsomega.2c03127,运行/运行/ATP-VSW/ATP-VSW-DOCK_HTVS_1-003_lib/ATP-VSW-DOCK_HTVS_1-003_lib.mae
ATP-HTVS-7820955A714C,43682,C[C@@](O)(C[NH2+]Cc1cn(-c2ccccc2)nc1-c1ccncc1)c1cccc(F)c1,c1ccc(CC[NH2+]Cc2cn(-c3ccccc3)nc2-c2ccncc2)cc1,-5.31391102473887,0.8970588235294118,0.20224719101123595,0.25,WSA298,IZWVLJVCXHHUOO-UHFFFAOYSA-N,10.1021/acsomega.5c06380,运行/运行/ATP-VSW/ATP-VSW-DOCK_HTVS_1-002_lib.maegz
ATP-HTVS-78252FECAF69,68547,CCNc1cc(C[NH2+]Cc2cn(Cc3ccccc3)nc2-c2cccnc2)ccn1,c1ccc(Cn2cc(C[NH2+]Cc3ccncc3)c(-c3cccnc3)n2)cc1,-4.83265705311331,0.7647058823529411,0.3,0.37333333333333335,WSA294,FPTVNOKSIHPUTA-UHFFFAOYSA-N,10.1021/acsomega.5c06380,运行/运行/ATP-VSW/ATP-VSW-DOCK_HTVS_1-003_lib/ATP-VSW-DOCK_HTVS_1-003_lib.mae
ATP-HTVS-792F02E01A4E,94081,C[NH+](C)CCc1ccc(Nc2c(C(=O)N(CC#N)c3ccccc3)c(=O)[nH]c3ccccc23)cc1,O=C(Nc1ccccc1)c1c(Nc2ccccc2)c2ccccc2[nH]c1=O,-2.13154706187298,0.0845588235294118,0.18181818181818182,0.20652173913043478,compound 8 (Steed 2022),ROJPDORYZONAPF-UHFFFAOYSA-N,10.1021/acsomega.2c03127,运行/运行/ATP-VSW/ATP-VSW-DOCK_HTVS_1-001_lib/ATP-VSW-DOCK_HTVS_1-001_lib
ATP-HTVS-794646D3B9C8,91617,C[NH+]1CCN(c2ccc(F)cc2C(=O)Nc2nc3ccccc3cc2N(CC#N)c2ccccc2)CC1,O=C(Nc1nc2ccccc2cc1Nc1ccccc1)c1ccccc1N1CC[NH2+]CC1,-2.75290965763502,0.1341911764705882,0.23655913978494625,0.29411764705882354,WSA236,CJWSCOKTAUPKHM-UHFFFAOYSA-N,10.1002/cmdc.202400952,运行/运行/ATP-VSW/ATP-VSW-DOCK_HTVS_1-001_lib/ATP-VSW-DOCK_HTVS_1-001_lib
ATP-HTVS-795FA74A51DE,66529,CN(C)C(=O)c1ccc(C[NH2+]C[C@H]2c3ccccc3C(=O)N2Cc2ccccc2)cc1,O=C1c2ccccc2C(C[NH2+]Cc2ccccc2)N1Cc1ccccc1,-5.39740696215501,0.9105392156862745,0.17647058823529413,0.23943661971830985,WSA298,IZWVLJVCXHHUOO-UHFFFAOYSA-N,10.1021/acsomega.5c06380,运行/运行/ATP-VSW/ATP-VSW-DOCK_HTVS_1-001_lib/ATP-VSW-DOCK_HTVS_1-001_lib
ATP-HTVS-79A32C942736,68642,Cc1nc2ccccn2c1[C@@H](CSc1ccccc1)[NH2+]Cc1ccc(CN(C)C)cc1,c1ccc(C[NH2+]C(CSc2ccccc2)c2cnc3ccccn23)cc1,-2.6041470784389,0.12745098039215685,0.3,0.3582089552238806,Ward2024 compound 1,DVUDEYVEBQKKMF-UHFFFAOYSA-N,10.1021/acsmedchemlett.3c00480,运行/运行/ATP-VSW/ATP-VSW-DOCK_HTVS_1-002_lib.maegz
ATP-HTVS-79BEB139CB8F,55745,C[NH+](C)Cc1ccc(CC[NH2+]Cc2ccc(-c3ccccc3[N+](=O)[O-])s2)cc1,c1ccc(CC[NH2+]Cc2ccc(-c3ccccc3)s2)cc1,-4.68131743987993,0.7107843137254901,0.13414634146341464,0.2753623188405797,compound 8 (Steed 2022),ROJPDORYZONAPF-UHFFFAOYSA-N,10.1021/acsomega.2c03127,运行/运行/ATP-VSW/ATP-VSW-DOCK_HTVS_1-001_lib/ATP-VSW-DOCK_HTVS_1-001_lib
ATP-HTVS-79C7807006E2,74402,C[NH+](C)Cc1cccc(CNc2cnc3ccccc3c2NC(=O)c2ccc(C#N)c(F)c2)c1,O=C(Nc1c(NCc2ccccc2)cnc2ccccc12)c1ccccc1,-4.3946210399897,0.5753676470588236,0.21978021978021978,0.25925925925925924,compound 1 (Fraunfelter 2023),WIDVPHSBAXLSEU-LJQANCHMSA-N,10.1021/acsinfecdis.3c00317,运行/运行/ATP-VSW/ATP-VSW-DOCK_HTVS_1-002_lib.maegz
ATP-HTVS-79E4EBD82D6A,63777,CN(C)Cc1ccc(CNc2nc(NCC(=O)Nc3ccc(F)cc3)c3ccccc3[nH+]2)cc1,O=C(CNc1nc(NCc2ccccc2)[nH+]c2ccccc12)Nc1ccccc1,-1.73332368143626,0.05698529411764708,0.3013698630136986,0.34782608695652173,Ward2024 compound 1,DVUDEYVEBQKKMF-UHFFFAOYSA-N,10.1021/acsmedchemlett.3c00480,运行/运行/ATP-VSW/ATP-VSW-DOCK_HTVS_1-001_lib/ATP-VSW-DOCK_HTVS_1-001_lib
ATP-HTVS-79EE8ED1543F,88993,CN(C)c1ccc([C@H](O)Cc2cc(-c3ccncc3)nc3ccccc23)cc1,c1ccc(CCc2cc(-c3ccncc3)nc3ccccc23)cc1,-4.43936529244241,0.5955882352941176,0.3125,0.3125,Ward2024 compound 11,IIRFHYMEOYQCBC-UHFFFAOYSA-N,10.1021/acsmedchemlett.3c00480,运行/运行/ATP-VSW/ATP-VSW-DOCK_HTVS_1-001_lib/ATP-VSW-DOCK_HTVS_1-001_lib
ATP-HTVS-7A394D6CE484,99713,C#CC[NH2+][C@@H](C)c1ccccc1Nc1nc2ccccc2cc1S(=O)(=O)c1ccccc1,O=S(=O)(c1ccccc1)c1cc2ccccc2nc1Nc1ccccc1,-3.97450067174064,0.40808823529411764,0.25,0.30666666666666664,compound 15 (Steed 2022),RIDDIWJTDCGXDH-NRFANRHFSA-N,10.1021/acsomega.2c03127,运行/运行/ATP-VSW/ATP-VSW-DOCK_HTVS_1-002_lib.maegz
ATP-HTVS-7A7B7DA644AB,49827,CN(C)Cc1ccccc1CNc1nc(NC[C@@H](c2ccccc2)[NH+](C)C)[nH+]c2ccccc12,c1ccc(CCNc2nc(NCc3ccccc3)c3ccccc3[nH+]2)cc1,-3.20173177617402,0.1783088235294118,0.23684210526315788,0.2878787878787879,Ward2024 compound 6,LKLACXNGVWXYAW-UHFFFAOYSA-N,10.1021/acsmedchemlett.3c00480,运行/运行/ATP-VSW/ATP-VSW-DOCK_HTVS_1-003_lib/ATP-VSW-DOCK_HTVS_1-003_lib.mae
ATP-HTVS-7A7BCDC0632F,1539,Cc1ccc([C@@H](O)CNc2cc(N(C)Cc3ccccc3)nc(Nc3ccc(O)cc3)[nH+]2)cc1,c1ccc(CCNc2cc(NCc3ccccc3)nc(Nc3ccccc3)[nH+]2)cc1,-4.49099959428896,0.6213235294117647,0.2261904761904762,0.24096385542168675,compound 15 (Steed 2022),RIDDIWJTDCGXDH-NRFANRHFSA-N,10.1021/acsomega.2c03127,运行/运行/ATP-VSW/ATP-VSW-DOCK_HTVS_1-003_lib/ATP-VSW-DOCK_HTVS_1-003_lib.mae
ATP-HTVS-7AB1442FC022,28993,COCC[N@@H+](C)Cc1ccc(C[N@@H+](C)Cc2nc3ccccc3n2Cc2ccccc2)cc1,c1ccc(C[NH2+]Cc2nc3ccccc3n2Cc2ccccc2)cc1,-5.14316799646612,0.8639705882352942,0.24,0.26865671641791045,WSA249,YEMLSUARMQTHJO-UHFFFAOYSA-N,10.1002/cmdc.202400952,运行/运行/ATP-VSW/ATP-VSW-DOCK_HTVS_1-001_lib/ATP-VSW-DOCK_HTVS_1-001_lib
ATP-HTVS-7ABEAEA32F74,93505,Cc1c([C@@H](C#Cc2ccc(C(=O)[O-])cc2)[NH2+]Cc2cccc(C[NH+](C)C)c2)sc2ccccc12,C(#CC([NH2+]Cc1ccccc1)c1cc2ccccc2s1)c1ccccc1,-4.63795800751344,0.6905637254901961,0.17708333333333334,0.2222222222222222,compound 19 (Steed 2022),DHQKBEDPXLHXAJ-OAQYLSRUSA-N,10.1021/acsomega.2c03127,运行/运行/ATP-VSW/ATP-VSW-DOCK_HTVS_1-001_lib/ATP-VSW-DOCK_HTVS_1-001_lib
ATP-HTVS-7ACA80837BCE,95906,N#Cc1ccc(F)c(C(=O)Nc2nc3ccccc3cc2C#CC[NH2+]Cc2ccccc2)c1,O=C(Nc1nc2ccccc2cc1C#CC[NH2+]Cc1ccccc1)c1ccccc1,-3.82497392346877,0.34558823529411764,0.2441860465116279,0.30666666666666664,compound 15 (Steed 2022),RIDDIWJTDCGXDH-NRFANRHFSA-N,10.1021/acsomega.2c03127,运行/运行/ATP-VSW/ATP-VSW-DOCK_HTVS_1-003_lib/ATP-VSW-DOCK_HTVS_1-003_lib.mae
ATP-HTVS-7AEE8A51E1B1,46561,[NH3+]CCc1ccc(CNc2nc(-c3ccccc3)nc3ccccc23)cc1,c1ccc(CNc2nc(-c3ccccc3)nc3ccccc23)cc1,-5.27944754786965,0.8927696078431373,0.24193548387096775,0.23809523809523808,Ward2024 compound 1,DVUDEYVEBQKKMF-UHFFFAOYSA-N,10.1021/acsmedchemlett.3c00480,运行/运行/ATP-VSW/ATP-VSW-DOCK_HTVS_1-001_lib/ATP-VSW-DOCK_HTVS_1-001_lib
ATP-HTVS-7AFD271A302C,56897,C[NH+](C)Cc1ccc(C[N@H+](C)Cc2cn(CCC#N)nc2-c2ccc(Cl)cc2)cc1,c1ccc(C[NH2+]Cc2c[nH]nc2-c2ccccc2)cc1,-4.22779938077392,0.4987745098039216,0.16129032258064516,0.22535211267605634,WSA297,GXYVJEJKTGYEDL-UHFFFAOYSA-N,10.1021/acsomega.5c06380,运行/运行/ATP-VSW/ATP-VSW-DOCK_HTVS_1-001_lib/ATP-VSW-DOCK_HTVS_1-001_lib
ATP-HTVS-7B1416FC1373,96097,C#Cc1ccccc1NC(=O)c1cc(NCc2cccc(C[NH+](C)C)c2)c(Cl)s1,O=C(Nc1ccccc1)c1cc(NCc2ccccc2)cs1,-4.92847526415293,0.8002450980392157,0.18604651162790697,0.22077922077922077,compound 15 (Steed 2022),RIDDIWJTDCGXDH-NRFANRHFSA-N,10.1021/acsomega.2c03127,运行/运行/ATP-VSW/ATP-VSW-DOCK_HTVS_1-001_lib/ATP-VSW-DOCK_HTVS_1-001_lib
ATP-HTVS-7B85D20A61B3,83969,CC[NH+](CC)Cc1ccc(CNc2c[nH+]c3ccccc3c2NC(=O)c2ccc(Cl)c(C#N)c2)cc1,O=C(Nc1c(NCc2ccccc2)c[nH+]c2ccccc12)c1ccccc1,-3.00335568874899,0.15870098039215685,0.17582417582417584,0.2289156626506024,compound 8 (Steed 2022),ROJPDORYZONAPF-UHFFFAOYSA-N,10.1021/acsomega.2c03127,运行/运行/ATP-VSW/ATP-VSW-DOCK_HTVS_1-001_lib/ATP-VSW-DOCK_HTVS_1-001_lib
ATP-HTVS-7B98CE40EDFD,70307,C#Cc1ccccc1C(=O)Nc1ncc(NCc2ccc(C[NH+](C)C)cc2)c2ccccc12,O=C(Nc1ncc(NCc2ccccc2)c2ccccc12)c1ccccc1,-3.93400441519171,0.39093137254901966,0.19753086419753085,0.273972602739726,compound 8 (Steed 2022),ROJPDORYZONAPF-UHFFFAOYSA-N,10.1021/acsomega.2c03127,运行/运行/ATP-VSW/ATP-VSW-DOCK_HTVS_1-003_lib/ATP-VSW-DOCK_HTVS_1-003_lib.mae
ATP-HTVS-7BBDEC1762B0,28193,C[NH+](C)Cc1ccc(CNc2nc(NCc3ccc(Cl)cc3)c3ccccc3[nH+]2)cc1,c1ccc(CNc2nc(NCc3ccccc3)c3ccccc3[nH+]2)cc1,-3.72446897652609,0.2996323529411765,0.2028985507246377,0.39655172413793105,Ward2024 compound 1,DVUDEYVEBQKKMF-UHFFFAOYSA-N,10.1021/acsmedchemlett.3c00480,运行/运行/ATP-VSW/ATP-VSW-DOCK_HTVS_1-001_lib/ATP-VSW-DOCK_HTVS_1-001_lib
ATP-HTVS-7BEC4E93BD87,81249,CN(C)c1ccc(CCNc2c(NC(=O)c3cccc([S-])c3)c[nH+]c3ccccc23)cc1,O=C(Nc1c[nH+]c2ccccc2c1NCCc1ccccc1)c1ccccc1,-3.78499474999287,0.32781862745098034,0.22784810126582278,0.27631578947368424,Ward2024 compound 11,IIRFHYMEOYQCBC-UHFFFAOYSA-N,10.1021/acsmedchemlett.3c00480,运行/运行/ATP-VSW/ATP-VSW-DOCK_HTVS_1-001_lib/ATP-VSW-DOCK_HTVS_1-001_lib
ATP-HTVS-7BF7B7486D45,67138,Cc1cc(CNc2nc(NCc3cccc(C[NH+](C)C)c3)[nH+]c3ccccc23)ccc1CO,c1ccc(CNc2nc(NCc3ccccc3)c3ccccc3[nH+]2)cc1,-3.69880272033171,0.29166666666666663,0.24358974358974358,0.34328358208955223,compound 8 (Steed 2022),ROJPDORYZONAPF-UHFFFAOYSA-N,10.1021/acsomega.2c03127,运行/运行/ATP-VSW/ATP-VSW-DOCK_HTVS_1-002_lib.maegz
ATP-HTVS-7C2B62D08873,63427,C[NH+](C)Cc1cccc(CNc2nc3ccccc3nc2NCc2ccccc2S(N)(=O)=O)c1,c1ccc(CNc2nc3ccccc3nc2NCc2ccccc2)cc1,-3.81730885515424,0.34068627450980393,0.2535211267605634,0.36507936507936506,Ward2024 compound 6,LKLACXNGVWXYAW-UHFFFAOYSA-N,10.1021/acsmedchemlett.3c00480,运行/运行/ATP-VSW/ATP-VSW-DOCK_HTVS_1-003_lib/ATP-VSW-DOCK_HTVS_1-003_lib.mae
ATP-HTVS-7C2D6468D489,82402,CCN(CC)[C@@H](C(=O)Nc1c[nH+]c2ccccc2c1N(C)[C@@H](C#N)c1ccccc1)c1ccccc1,O=C(Cc1ccccc1)Nc1c[nH+]c2ccccc2c1NCc1ccccc1,-3.85298473893764,0.35906862745098034,0.16666666666666666,0.2159090909090909,compound 8 (Steed 2022),ROJPDORYZONAPF-UHFFFAOYSA-N,10.1021/acsomega.2c03127,运行/运行/ATP-VSW/ATP-VSW-DOCK_HTVS_1-002_lib.maegz
ATP-HTVS-7C58C2B4F3B5,20035,C[NH+](C)Cc1ccc(C[NH2+]Cc2ccc(-c3ccc(O)cc3)cn2)cc1,c1ccc(C[NH2+]Cc2ccc(-c3ccccc3)cn2)cc1,-4.37677132058803,0.5686274509803921,0.2,0.39285714285714285,WSA298,IZWVLJVCXHHUOO-UHFFFAOYSA-N,10.1021/acsomega.5c06380,运行/运行/ATP-VSW/ATP-VSW-DOCK_HTVS_1-003_lib/ATP-VSW-DOCK_HTVS_1-003_lib.mae
ATP-HTVS-7C6049B0D6CE,73154,C#C[C@H](c1cccc(Cl)c1)N1CC(=O)Nc2ccccc2[C@H]1c1ccccc1,O=C1CN(Cc2ccccc2)C(c2ccccc2)c2ccccc2N1,-1.44991480964365,0.030024509803921573,0.15730337078651685,0.15730337078651685,WSA298,IZWVLJVCXHHUOO-UHFFFAOYSA-N,10.1021/acsomega.5c06380,运行/运行/ATP-VSW/ATP-VSW-DOCK_HTVS_1-002_lib.maegz
ATP-HTVS-7C6F09AC1D4C,90306,CN(C(=O)c1c(NCc2cccc(C[NH+](C)C)c2)c2ccccc2[nH]c1=O)c1cccnc1,O=C(Nc1cccnc1)c1c(NCc2ccccc2)c2ccccc2[nH]c1=O,-3.00244647884665,0.15747549019607843,0.24719101123595505,0.24719101123595505,compound 18 (Steed 2022),DCLANSSFVIGXHQ-OAQYLSRUSA-N,10.1021/acsomega.2c03127,运行/运行/ATP-VSW/ATP-VSW-DOCK_HTVS_1-002_lib.maegz
ATP-HTVS-7CA2ECE32076,86177,O=C1CN(Cc2cccc(C(=O)NCCO)c2F)[C@@H](c2ccccc2)c2ccccc2N1,O=C1CN(Cc2ccccc2)C(c2ccccc2)c2ccccc2N1,-3.21743759404709,0.18014705882352944,0.1702127659574468,0.1702127659574468,WSA298,IZWVLJVCXHHUOO-UHFFFAOYSA-N,10.1021/acsomega.5c06380,运行/运行/ATP-VSW/ATP-VSW-DOCK_HTVS_1-001_lib/ATP-VSW-DOCK_HTVS_1-001_lib
ATP-HTVS-7CD79F872AFC,67937,C[NH+](C)Cc1cccc(CNc2n/c(=[NH+]\Cc3cccc[nH+]3)c3ccccc3[nH]2)c1,c1ccc(CNc2nc(=[NH+]Cc3cccc[nH+]3)c3ccccc3[nH]2)cc1,-4.97033467445703,0.8137254901960784,0.2,0.2702702702702703,compound 19 (Steed 2022),DHQKBEDPXLHXAJ-OAQYLSRUSA-N,10.1021/acsomega.2c03127,运行/运行/ATP-VSW/ATP-VSW-DOCK_HTVS_1-001_lib/ATP-VSW-DOCK_HTVS_1-001_lib
ATP-HTVS-7CF383CE087B,75810,C[NH+](C)Cc1ccc(CNC(=O)c2[nH]c3ccccc3c2C#CCOc2ccccc2CO)cc1,O=C(NCc1ccccc1)c1[nH]c2ccccc2c1C#CCOc1ccccc1,-4.55159596203046,0.6531862745098039,0.2247191011235955,0.2597402597402597,compound 18 (Steed 2022),DCLANSSFVIGXHQ-OAQYLSRUSA-N,10.1021/acsomega.2c03127,运行/运行/ATP-VSW/ATP-VSW-DOCK_HTVS_1-002_lib.maegz
ATP-HTVS-7D198ACE4CB8,50529,Cc1ccccc1C[C@@H](C[NH2+]Cc1cc(OCc2ccccc2)c2ccccc2c1)C(=O)[O-],c1ccc(CCC[NH2+]Cc2cc(OCc3ccccc3)c3ccccc3c2)cc1,-4.01760011912656,0.42524509803921573,0.2948717948717949,0.3333333333333333,compound 15 (Steed 2022),RIDDIWJTDCGXDH-NRFANRHFSA-N,10.1021/acsomega.2c03127,运行/运行/ATP-VSW/ATP-VSW-DOCK_HTVS_1-001_lib/ATP-VSW-DOCK_HTVS_1-001_lib
ATP-HTVS-7D1C8522A3FA,27619,C[NH+](C)CCOc1ccc(CN2CC(=O)Nc3ccc(Br)cc3[C@H]2c2ccccc2)cc1,O=C1CN(Cc2ccccc2)C(c2ccccc2)c2ccccc2N1,-1.64612587880599,0.04656862745098034,0.21505376344086022,0.22580645161290322,WSA296,HCBCVTVDQQQYPH-UHFFFAOYSA-N,10.1021/acsomega.5c06380,运行/运行/ATP-VSW/ATP-VSW-DOCK_HTVS_1-003_lib/ATP-VSW-DOCK_HTVS_1-003_lib.mae
ATP-HTVS-7D663BEE19BA,79617,C[NH+](C)Cc1ccc(C(=O)Nc2nccc(-c3cc(O)cc(F)c3)c2C(=O)c2ccccc2)cc1,O=C(Nc1nccc(-c2ccccc2)c1C(=O)c1ccccc1)c1ccccc1,-3.95975102541382,0.40318627450980393,0.23529411764705882,0.28,compound 1 (Fraunfelter 2023),WIDVPHSBAXLSEU-LJQANCHMSA-N,10.1021/acsinfecdis.3c00317,运行/运行/ATP-VSW/ATP-VSW-DOCK_HTVS_1-001_lib/ATP-VSW-DOCK_HTVS_1-001_lib
ATP-HTVS-7DAC8816801F,84385,CC[NH+](CC)Cc1cccc(CNc2c(NC(=O)c3ccc(C#N)c(F)c3)c[nH+]c3ccccc23)c1,O=C(Nc1c[nH+]c2ccccc2c1NCc1ccccc1)c1ccccc1,-4.67551403282601,0.7077205882352942,0.17,0.21739130434782608,compound 18 (Steed 2022),DCLANSSFVIGXHQ-OAQYLSRUSA-N,10.1021/acsomega.2c03127,运行/运行/ATP-VSW/ATP-VSW-DOCK_HTVS_1-001_lib/ATP-VSW-DOCK_HTVS_1-001_lib
ATP-HTVS-7DBCC72663B9,59649,C[NH+](C)CCNc1ccccc1CNC(=O)c1nn(Cc2ccccc2)c(=O)c2ccccc12,O=C(NCc1ccccc1)c1nn(Cc2ccccc2)c(=O)c2ccccc12,-4.60134720554815,0.6776960784313726,0.20238095238095238,0.2631578947368421,compound 15 (Steed 2022),RIDDIWJTDCGXDH-NRFANRHFSA-N,10.1021/acsomega.2c03127,运行/运行/ATP-VSW/ATP-VSW-DOCK_HTVS_1-001_lib/ATP-VSW-DOCK_HTVS_1-001_lib
ATP-HTVS-7DD2E8BA0428,80835,CN(c1ccccc1O)c1c(C(=O)NCc2ccc(C[NH+](C)C)cc2)cnc2ccc(F)cc12,O=C(NCc1ccccc1)c1cnc2ccccc2c1Nc1ccccc1,-4.34532901289307,0.5526960784313726,0.22988505747126436,0.3150684931506849,compound 1 (Fraunfelter 2023),WIDVPHSBAXLSEU-LJQANCHMSA-N,10.1021/acsinfecdis.3c00317,运行/运行/ATP-VSW/ATP-VSW-DOCK_HTVS_1-003_lib/ATP-VSW-DOCK_HTVS_1-003_lib.mae
ATP-HTVS-7DE0A46CB904,32482,C[NH+](C)Cc1ccc(CCNc2nc(N[C@H](CF)c3ccc(C#N)cc3)c3ccccc3[nH+]2)cc1,c1ccc(CCNc2nc(NCc3ccccc3)c3ccccc3[nH+]2)cc1,-3.23906717612951,0.18566176470588236,0.1827956989247312,0.28,WSA236,CJWSCOKTAUPKHM-UHFFFAOYSA-N,10.1002/cmdc.202400952,运行/运行/ATP-VSW/ATP-VSW-DOCK_HTVS_1-002_lib.maegz
ATP-HTVS-7DE5D821A3A4,82179,C[C@H](C[NH3+])Nc1ccc(CNC(=O)c2cc(-c3ccccc3)nc3ccccc23)cc1,O=C(NCc1ccccc1)c1cc(-c2ccccc2)nc2ccccc12,-5.29463490469927,0.8952205882352942,0.2894736842105263,0.2894736842105263,compound 15 (Steed 2022),RIDDIWJTDCGXDH-NRFANRHFSA-N,10.1021/acsomega.2c03127,运行/运行/ATP-VSW/ATP-VSW-DOCK_HTVS_1-003_lib/ATP-VSW-DOCK_HTVS_1-003_lib.mae
ATP-HTVS-7EF53BD61533,95426,C#Cc1cccc(C(=O)N(C)c2ccncc2NCc2cccc(C[NH+](C)C)c2)c1,O=C(Nc1ccncc1NCc1ccccc1)c1ccccc1,-4.18412501910755,0.4828431372549019,0.20454545454545456,0.23376623376623376,compound 1 (Fraunfelter 2023),WIDVPHSBAXLSEU-LJQANCHMSA-N,10.1021/acsinfecdis.3c00317,运行/运行/ATP-VSW/ATP-VSW-DOCK_HTVS_1-003_lib/ATP-VSW-DOCK_HTVS_1-003_lib.mae
ATP-HTVS-7EF96EA99BCF,95361,CCN(c1c(NC(=O)c2cccc(C[NH+]3CCCC3)c2)c[nH+]c2ccccc12)[C@@H](C#N)c1ccccc1,O=C(Nc1c[nH+]c2ccccc2c1NCc1ccccc1)c1cccc(C[NH+]2CCCC2)c1,-4.53121069133092,0.6433823529411764,0.1875,0.2808988764044944,compound 15 (Steed 2022),RIDDIWJTDCGXDH-NRFANRHFSA-N,10.1021/acsomega.2c03127,运行/运行/ATP-VSW/ATP-VSW-DOCK_HTVS_1-001_lib/ATP-VSW-DOCK_HTVS_1-001_lib
ATP-HTVS-7F35209A363C,80099,C[NH+](C)Cc1ccc(CNc2c(C(=O)Nc3ccccc3)c(=O)[nH]c3ccccc23)cc1,O=C(Nc1ccccc1)c1c(NCc2ccccc2)c2ccccc2[nH]c1=O,-1.55091589110866,0.03799019607843135,0.2077922077922078,0.2714285714285714,compound 8 (Steed 2022),ROJPDORYZONAPF-UHFFFAOYSA-N,10.1021/acsomega.2c03127,运行/运行/ATP-VSW/ATP-VSW-DOCK_HTVS_1-003_lib/ATP-VSW-DOCK_HTVS_1-003_lib.mae
ATP-HTVS-7F4769B54268,71043,CC(C)Nc1ccccc1NC(=O)c1cnc2ccc(F)cc2c1N(C)[C@H](C#N)c1ccccc1,O=C(Nc1ccccc1)c1cnc2ccccc2c1NCc1ccccc1,-3.53029755710693,0.24203431372549022,0.21348314606741572,0.19148936170212766,compound 15 (Steed 2022),RIDDIWJTDCGXDH-NRFANRHFSA-N,10.1021/acsomega.2c03127,运行/运行/ATP-VSW/ATP-VSW-DOCK_HTVS_1-003_lib/ATP-VSW-DOCK_HTVS_1-003_lib.mae
ATP-HTVS-7F76552361A7,92449,C[NH+](C)Cc1cccc(Nc2[nH+]cccc2OCc2ccc(Br)cc2)c1,c1ccc(COc2ccc[nH+]c2Nc2ccccc2)cc1,-3.18626509149358,0.17647058823529416,0.1875,0.2463768115942029,compound 15 (Steed 2022),RIDDIWJTDCGXDH-NRFANRHFSA-N,10.1021/acsomega.2c03127,运行/运行/ATP-VSW/ATP-VSW-DOCK_HTVS_1-001_lib/ATP-VSW-DOCK_HTVS_1-001_lib
ATP-HTVS-7F7812FC41A5,72321,C[NH+](C)Cc1ccc(C(=O)Nc2nc3ccccc3cc2N(CC#N)Cc2ccccc2)cc1,O=C(Nc1nc2ccccc2cc1NCc1ccccc1)c1ccccc1,-3.50273563289439,0.23345588235294112,0.2972972972972973,0.3880597014925373,Ward2024 compound 1,DVUDEYVEBQKKMF-UHFFFAOYSA-N,10.1021/acsmedchemlett.3c00480,运行/运行/ATP-VSW/ATP-VSW-DOCK_HTVS_1-001_lib/ATP-VSW-DOCK_HTVS_1-001_lib
ATP-HTVS-7F83928F0467,70722,C[NH+](C)Cc1ccc(CNc2c(NC(=O)c3ccc(F)cc3F)c[nH+]c3ccccc23)cc1,O=C(Nc1c[nH+]c2ccccc2c1NCc1ccccc1)c1ccccc1,-4.93183795499032,0.8026960784313726,0.1978021978021978,0.3333333333333333,WSA298,IZWVLJVCXHHUOO-UHFFFAOYSA-N,10.1021/acsomega.5c06380,运行/运行/ATP-VSW/ATP-VSW-DOCK_HTVS_1-002_lib.maegz
ATP-HTVS-800B0B068CC6,45569,COc1cc(CN(C)Cc2cccc(C[NH+](C)C)c2)ccc1OCc1ccccc1,c1ccc(CNCc2ccc(OCc3ccccc3)cc2)cc1,-5.46030312381141,0.920343137254902,0.2328767123287671,0.2835820895522388,compound 15 (Steed 2022),RIDDIWJTDCGXDH-NRFANRHFSA-N,10.1021/acsomega.2c03127,运行/运行/ATP-VSW/ATP-VSW-DOCK_HTVS_1-001_lib/ATP-VSW-DOCK_HTVS_1-001_lib
ATP-HTVS-8033922A69C0,25505,C[NH+](C)C[C@H](C[NH2+]Cc1cn(-c2ccccc2)nc1-c1ccncc1)c1ccccc1,c1ccc(CC[NH2+]Cc2cn(-c3ccccc3)nc2-c2ccncc2)cc1,-5.6399666862665,0.9393382352941176,0.16279069767441862,0.2625,WSA280,XQBWCRMKNUAPEC-UHFFFAOYSA-N,10.1021/acsomega.5c06380,运行/运行/ATP-VSW/ATP-VSW-DOCK_HTVS_1-001_lib/ATP-VSW-DOCK_HTVS_1-001_lib
ATP-HTVS-8095E17D3127,20707,Cc1cc(F)ccc1-c1cc(CC[NH2+]Cc2ccccc2)n(C(=O)[C@](C)(N)c2ccccc2)n1,O=C(Cc1ccccc1)n1nc(-c2ccccc2)cc1CC[NH2+]Cc1ccccc1,-6.0765389489099,0.9785539215686274,0.2087912087912088,0.26744186046511625,WSA298,IZWVLJVCXHHUOO-UHFFFAOYSA-N,10.1021/acsomega.5c06380,运行/运行/ATP-VSW/ATP-VSW-DOCK_HTVS_1-003_lib/ATP-VSW-DOCK_HTVS_1-003_lib.mae
ATP-HTVS-80A1BADD16E7,72066,C[NH+](C)Cc1cccc(CNc2cc3ccccc3nc2NC(=O)c2ccc([S-])c(F)c2)c1,O=C(Nc1nc2ccccc2cc1NCc1ccccc1)c1ccccc1,-3.75469145667868,0.3131127450980392,0.27380952380952384,0.3424657534246575,compound 1 (Fraunfelter 2023),WIDVPHSBAXLSEU-LJQANCHMSA-N,10.1021/acsinfecdis.3c00317,运行/运行/ATP-VSW/ATP-VSW-DOCK_HTVS_1-002_lib.maegz
ATP-HTVS-818D9CFDFCEA,71330,C[NH+](C)Cc1ccc(C(=O)Nc2ncc(N(C#N)c3ccccc3)c3ccccc23)cc1,O=C(Nc1ncc(Nc2ccccc2)c2ccccc12)c1ccccc1,-3.81981118052559,0.3431372549019608,0.22077922077922077,0.2676056338028169,compound 8 (Steed 2022),ROJPDORYZONAPF-UHFFFAOYSA-N,10.1021/acsomega.2c03127,运行/运行/ATP-VSW/ATP-VSW-DOCK_HTVS_1-002_lib.maegz
ATP-HTVS-81A5FD53922A,40450,Nc1ccc(CCNc2nc(-c3ccccc3)c3ccccc3n2)cc1,c1ccc(CCNc2nc(-c3ccccc3)c3ccccc3n2)cc1,-4.14399062967975,0.4681372549019608,0.22857142857142856,0.22857142857142856,compound 15 (Steed 2022),RIDDIWJTDCGXDH-NRFANRHFSA-N,10.1021/acsomega.2c03127,运行/运行/ATP-VSW/ATP-VSW-DOCK_HTVS_1-002_lib.maegz
ATP-HTVS-81EE647F8CA6,20322,C[NH+](C)Cc1ccc(CNc2nc(-c3ccccc3O)cs2)cc1,c1ccc(CNc2nc(-c3ccccc3)cs2)cc1,-4.88584457685571,0.7837009803921569,0.21212121212121213,0.3559322033898305,Ward2024 compound 1,DVUDEYVEBQKKMF-UHFFFAOYSA-N,10.1021/acsmedchemlett.3c00480,运行/运行/ATP-VSW/ATP-VSW-DOCK_HTVS_1-002_lib.maegz
ATP-HTVS-81F0F4B0A07A,32545,Cn1cc(C[NH2+]Cc2ccc(OCC[NH+](C)C)cc2)c(OCc2ccccc2)n1,c1ccc(C[NH2+]Cc2c[nH]nc2OCc2ccccc2)cc1,-4.49149454506483,0.6225490196078431,0.24358974358974358,0.31645569620253167,compound 15 (Steed 2022),RIDDIWJTDCGXDH-NRFANRHFSA-N,10.1021/acsomega.2c03127,运行/运行/ATP-VSW/ATP-VSW-DOCK_HTVS_1-001_lib/ATP-VSW-DOCK_HTVS_1-001_lib
ATP-HTVS-821B647876F5,39105,C[NH+](C)Cc1cccc(CNc2nc(NCc3ccc(F)c(Br)c3)nc3ccccc23)c1,c1ccc(CNc2nc(NCc3ccccc3)c3ccccc3n2)cc1,-3.40400913375614,0.2144607843137255,0.2328767123287671,0.34328358208955223,Ward2024 compound 1,DVUDEYVEBQKKMF-UHFFFAOYSA-N,10.1021/acsmedchemlett.3c00480,运行/运行/ATP-VSW/ATP-VSW-DOCK_HTVS_1-001_lib/ATP-VSW-DOCK_HTVS_1-001_lib
ATP-HTVS-822192B7646A,57442,C[NH+](C)Cc1ccccc1CNc1nc2ccccc2nc1N[C@H](CC(N)=O)c1ccccc1Cl,c1ccc(CNc2nc3ccccc3nc2NCc2ccccc2)cc1,-4.61788324268741,0.6856617647058824,0.2375,0.25675675675675674,compound 17 (Steed 2022),HXWNUGNSPIOUKJ-HNNXBMFYSA-N,10.1021/acsomega.2c03127,运行/运行/ATP-VSW/ATP-VSW-DOCK_HTVS_1-002_lib.maegz
ATP-HTVS-824DD36F4E64,69665,CN(Cc1sc2ccccc2c1NCc1cccc(C[NH+](C)C)c1)C(=O)[C@H](Cl)c1ccccc1,O=C(Cc1ccccc1)NCc1sc2ccccc2c1NCc1ccccc1,-4.49121683703249,0.6219362745098039,0.20454545454545456,0.2261904761904762,compound 15 (Steed 2022),RIDDIWJTDCGXDH-NRFANRHFSA-N,10.1021/acsomega.2c03127,运行/运行/ATP-VSW/ATP-VSW-DOCK_HTVS_1-001_lib/ATP-VSW-DOCK_HTVS_1-001_lib
ATP-HTVS-8313972BDCAD,69219,CN(C(=O)c1sc2ccccc2c1NCc1cccc(C[NH+](C)C)c1)[C@H](C#N)c1ccccc1,O=C(NCc1ccccc1)c1sc2ccccc2c1NCc1ccccc1,-4.11342890582325,0.460171568627451,0.20689655172413793,0.21518987341772153,compound 15 (Steed 2022),RIDDIWJTDCGXDH-NRFANRHFSA-N,10.1021/acsomega.2c03127,运行/运行/ATP-VSW/ATP-VSW-DOCK_HTVS_1-003_lib/ATP-VSW-DOCK_HTVS_1-003_lib.mae
ATP-HTVS-83530B88E656,71585,COC(=O)c1ccc(N(C)C(=O)c2sc3ccccc3c2NCc2cccc(CN(C)C)c2)cc1,O=C(Nc1ccccc1)c1sc2ccccc2c1NCc1ccccc1,-1.07559731526357,0.01409313725490191,0.23529411764705882,0.23809523809523808,compound 1 (Fraunfelter 2023),WIDVPHSBAXLSEU-LJQANCHMSA-N,10.1021/acsinfecdis.3c00317,运行/运行/ATP-VSW/ATP-VSW-DOCK_HTVS_1-001_lib/ATP-VSW-DOCK_HTVS_1-001_lib
ATP-HTVS-8365FF7884A6,64321,OCc1ccc(C[NH2+][C@@H](c2ccccn2)c2cc3ccccc3o2)cc1,c1ccc(C[NH2+]C(c2ccccn2)c2cc3ccccc3o2)cc1,-5.64828858454572,0.9405637254901961,0.24285714285714285,0.2571428571428571,compound 8 (Steed 2022),ROJPDORYZONAPF-UHFFFAOYSA-N,10.1021/acsomega.2c03127,运行/运行/ATP-VSW/ATP-VSW-DOCK_HTVS_1-001_lib/ATP-VSW-DOCK_HTVS_1-001_lib
ATP-HTVS-83768D529230,81825,C[NH+](C)Cc1ccc(CNc2csc(CC(=O)Nc3ccccc3)c2)cc1,O=C(Cc1cc(NCc2ccccc2)cs1)Nc1ccccc1,-5.83755543127655,0.9656862745098039,0.2676056338028169,0.328125,compound 8 (Steed 2022),ROJPDORYZONAPF-UHFFFAOYSA-N,10.1021/acsomega.2c03127,运行/运行/ATP-VSW/ATP-VSW-DOCK_HTVS_1-001_lib/ATP-VSW-DOCK_HTVS_1-001_lib
ATP-HTVS-837D7A211A0E,67522,CC[N@@H+](C)Cc1cccc(CNc2nc(NCc3cccc(COC)c3)c3ccccc3[nH+]2)c1,c1ccc(CNc2nc(NCc3ccccc3)c3ccccc3[nH+]2)cc1,-2.48290298083652,0.11887254901960786,0.2222222222222222,0.27631578947368424,compound 15 (Steed 2022),RIDDIWJTDCGXDH-NRFANRHFSA-N,10.1021/acsomega.2c03127,运行/运行/ATP-VSW/ATP-VSW-DOCK_HTVS_1-002_lib.maegz
ATP-HTVS-83F3A5AEE880,84835,CN(C)[C@@H](C(=O)Nc1c(N(C)[C@H](C#N)c2ccccc2)cnc2ccccc12)c1ccc(Cl)cc1,O=C(Cc1ccccc1)Nc1c(NCc2ccccc2)cnc2ccccc12,-3.832317397121,0.3480392156862745,0.19540229885057472,0.18681318681318682,compound 15 (Steed 2022),RIDDIWJTDCGXDH-NRFANRHFSA-N,10.1021/acsomega.2c03127,运行/运行/ATP-VSW/ATP-VSW-DOCK_HTVS_1-003_lib/ATP-VSW-DOCK_HTVS_1-003_lib.mae
ATP-HTVS-83F819F668B2,38177,c1ccc(-n2cc(C[NH2+]Cc3ccc(C[NH+]4CCCC4)cc3)c(-c3cccnc3)n2)cc1,c1ccc(-n2cc(C[NH2+]Cc3ccc(C[NH+]4CCCC4)cc3)c(-c3cccnc3)n2)cc1,-4.65765628534695,0.6985294117647058,0.21951219512195122,0.5076923076923077,WSA294,FPTVNOKSIHPUTA-UHFFFAOYSA-N,10.1021/acsomega.5c06380,运行/运行/ATP-VSW/ATP-VSW-DOCK_HTVS_1-001_lib/ATP-VSW-DOCK_HTVS_1-001_lib
ATP-HTVS-83F93451062F,20931,Cc1ccc(CCc2cc([C@](C)(OC(N)=O)c3ccccc3)n(-c3ccc(N)c([S-])c3)n2)cc1,c1ccc(CCc2cc(Cc3ccccc3)n(-c3ccccc3)n2)cc1,-2.94361589478714,0.14950980392156865,0.1935483870967742,0.18478260869565216,WSA236,CJWSCOKTAUPKHM-UHFFFAOYSA-N,10.1002/cmdc.202400952,运行/运行/ATP-VSW/ATP-VSW-DOCK_HTVS_1-003_lib/ATP-VSW-DOCK_HTVS_1-003_lib.mae
ATP-HTVS-8409CD5E0FE2,36418,COc1ccccc1C[NH2+]C[C@H]1c2ccccc2C(=O)N1Cc1ccccc1,O=C1c2ccccc2C(C[NH2+]Cc2ccccc2)N1Cc1ccccc1,-4.45251687073815,0.6035539215686274,0.21839080459770116,0.2891566265060241,WSA297,GXYVJEJKTGYEDL-UHFFFAOYSA-N,10.1021/acsomega.5c06380,运行/运行/ATP-VSW/ATP-VSW-DOCK_HTVS_1-002_lib.maegz
ATP-HTVS-842E20B26D61,12419,C[NH+](C)C[C@@H](NC(=O)Cc1nn(Cc2ccccc2)c(=O)c2ccccc12)c1ccccc1,O=C(Cc1nn(Cc2ccccc2)c(=O)c2ccccc12)NCc1ccccc1,-4.65100043510243,0.6954656862745099,0.225,0.2236842105263158,compound 15 (Steed 2022),RIDDIWJTDCGXDH-NRFANRHFSA-N,10.1021/acsomega.2c03127,运行/运行/ATP-VSW/ATP-VSW-DOCK_HTVS_1-003_lib/ATP-VSW-DOCK_HTVS_1-003_lib.mae
ATP-HTVS-84AF7025C22A,80514,Cc1c(N)cccc1-c1ccnc(NC(=O)c2ccccc2C[NH+](C)C)c1C(=O)c1ccccc1,O=C(Nc1nccc(-c2ccccc2)c1C(=O)c1ccccc1)c1ccccc1,-4.63953362123763,0.6911764705882353,0.20481927710843373,0.21428571428571427,compound 17 (Steed 2022),HXWNUGNSPIOUKJ-HNNXBMFYSA-N,10.1021/acsomega.2c03127,运行/运行/ATP-VSW/ATP-VSW-DOCK_HTVS_1-002_lib.maegz
ATP-HTVS-84B0A2EEAAE5,32771,CN(CC(=O)NCc1ccccc1)c1nc(NCCc2ccc(C[NH+](C)C)cc2)c2ccccc2[nH+]1,O=C(CNc1nc(NCCc2ccccc2)c2ccccc2[nH+]1)NCc1ccccc1,-4.20457787107913,0.4908088235294118,0.2222222222222222,0.3382352941176471,Ward2024 compound 6,LKLACXNGVWXYAW-UHFFFAOYSA-N,10.1021/acsmedchemlett.3c00480,运行/运行/ATP-VSW/ATP-VSW-DOCK_HTVS_1-003_lib/ATP-VSW-DOCK_HTVS_1-003_lib.mae
ATP-HTVS-84B7FD2F846A,21121,CN(Cc1ccccc1)c1nc(NCc2cccc(C[NH+](C)C)c2)[nH+]c2ccccc12,c1ccc(CNc2nc(NCc3ccccc3)c3ccccc3[nH+]2)cc1,-3.71237336752773,0.2941176470588235,0.2465753424657534,0.36666666666666664,Ward2024 compound 6,LKLACXNGVWXYAW-UHFFFAOYSA-N,10.1021/acsmedchemlett.3c00480,运行/运行/ATP-VSW/ATP-VSW-DOCK_HTVS_1-001_lib/ATP-VSW-DOCK_HTVS_1-001_lib
ATP-HTVS-84C0F320BB18,20865,O/N=C(/Cc1nc2ccccc2n1/C=C/c1ccc(F)cc1)c1ccccc1,N=C(Cc1nc2ccccc2n1C=Cc1ccccc1)c1ccccc1,-4.87355304658918,0.7781862745098039,0.2054794520547945,0.18421052631578946,Ward2024 compound 21,UOLLIRMONGMMAV-UHFFFAOYSA-N,10.1021/acsmedchemlett.3c00480,运行/运行/ATP-VSW/ATP-VSW-DOCK_HTVS_1-001_lib/ATP-VSW-DOCK_HTVS_1-001_lib
ATP-HTVS-8521C9576B2F,26626,Cc1ccc([C@H]([NH2+]C[C@H]2c3ccccc3C(=O)N2Cc2ccccc2)[C@H](C)O)cc1,O=C1c2ccccc2C(C[NH2+]Cc2ccccc2)N1Cc1ccccc1,-4.97652262939337,0.8143382352941176,0.2,0.2125,compound 15 (Steed 2022),RIDDIWJTDCGXDH-NRFANRHFSA-N,10.1021/acsomega.2c03127,运行/运行/ATP-VSW/ATP-VSW-DOCK_HTVS_1-002_lib.maegz
ATP-HTVS-85577F90127E,51907,C[C@@H](Nc1nc2ccccc2nc1NCc1ccc(F)c(C[NH+](C)C)c1)c1ccc(N(C)C)cc1,c1ccc(CNc2nc3ccccc3nc2NCc2ccccc2)cc1,-3.55311571776964,0.25,0.36231884057971014,0.3939393939393939,Ward2024 compound 11,IIRFHYMEOYQCBC-UHFFFAOYSA-N,10.1021/acsmedchemlett.3c00480,运行/运行/ATP-VSW/ATP-VSW-DOCK_HTVS_1-003_lib/ATP-VSW-DOCK_HTVS_1-003_lib.mae
ATP-HTVS-8567A07E89C1,63170,CC(C)Oc1cccc(CNCc2cn(C)nc2OCc2ccccc2)c1,c1ccc(CNCc2c[nH]nc2OCc2ccccc2)cc1,-2.50018919377021,0.12132352941176472,0.352112676056338,0.352112676056338,compound 15 (Steed 2022),RIDDIWJTDCGXDH-NRFANRHFSA-N,10.1021/acsomega.2c03127,运行/运行/ATP-VSW/ATP-VSW-DOCK_HTVS_1-002_lib.maegz
ATP-HTVS-85B092CE3CD6,31969,Cc1cc(Cl)c(O)c(C[NH2+]C[C@@H]2c3ccccc3C(=O)N2Cc2ccccc2)c1,O=C1c2ccccc2C(C[NH2+]Cc2ccccc2)N1Cc1ccccc1,-5.69994203184896,0.9503676470588235,0.19540229885057472,0.2289156626506024,WSA236,CJWSCOKTAUPKHM-UHFFFAOYSA-N,10.1002/cmdc.202400952,运行/运行/ATP-VSW/ATP-VSW-DOCK_HTVS_1-001_lib/ATP-VSW-DOCK_HTVS_1-001_lib
ATP-HTVS-85D8FA1817A9,28450,CCc1ccc(F)cc1CN1CC(=O)Nc2ccccc2[C@@H]1c1ccccc1,O=C1CN(Cc2ccccc2)C(c2ccccc2)c2ccccc2N1,-2.06592112971382,0.08272058823529416,0.2345679012345679,0.2345679012345679,WSA298,IZWVLJVCXHHUOO-UHFFFAOYSA-N,10.1021/acsomega.5c06380,运行/运行/ATP-VSW/ATP-VSW-DOCK_HTVS_1-002_lib.maegz
ATP-HTVS-85E208BF5C05,38787,C[NH+](C)Cc1cccc(CNc2nc(NCc3c(N)cccc3Cl)[nH+]c3ccccc23)c1,c1ccc(CNc2nc(NCc3ccccc3)c3ccccc3[nH+]2)cc1,-4.89150687801089,0.7861519607843137,0.18604651162790697,0.29577464788732394,WSA249,YEMLSUARMQTHJO-UHFFFAOYSA-N,10.1002/cmdc.202400952,运行/运行/ATP-VSW/ATP-VSW-DOCK_HTVS_1-003_lib/ATP-VSW-DOCK_HTVS_1-003_lib.mae
ATP-HTVS-8667D2FB5617,48353,C[NH+](C)Cc1cccc(CNc2nc(NCc3ccc(F)c(CO)c3)c3ccccc3[nH+]2)c1,c1ccc(CNc2nc(NCc3ccccc3)c3ccccc3[nH+]2)cc1,-5.117556133224,0.8553921568627451,0.225,0.3582089552238806,compound 8 (Steed 2022),ROJPDORYZONAPF-UHFFFAOYSA-N,10.1021/acsomega.2c03127,运行/运行/ATP-VSW/ATP-VSW-DOCK_HTVS_1-001_lib/ATP-VSW-DOCK_HTVS_1-001_lib
ATP-HTVS-866AD4D93294,90531,C[NH+](C)Cc1ccccc1Nc1ccsc1C(=O)N(CCO)c1ccccc1,O=C(Nc1ccccc1)c1sccc1Nc1ccccc1,-4.31974923306793,0.539828431372549,0.2,0.2318840579710145,compound 8 (Steed 2022),ROJPDORYZONAPF-UHFFFAOYSA-N,10.1021/acsomega.2c03127,运行/运行/ATP-VSW/ATP-VSW-DOCK_HTVS_1-003_lib/ATP-VSW-DOCK_HTVS_1-003_lib.mae
ATP-HTVS-86939B89774E,41027,Cc1cccc(CN2CC(=O)Nc3ccccc3[C@H]2c2ccccc2)c1[N+](=O)[O-],O=C1CN(Cc2ccccc2)C(c2ccccc2)c2ccccc2N1,-1.33205607693031,0.023897058823529438,0.14606741573033707,0.14606741573033707,WSA280,XQBWCRMKNUAPEC-UHFFFAOYSA-N,10.1021/acsomega.5c06380,运行/运行/ATP-VSW/ATP-VSW-DOCK_HTVS_1-003_lib/ATP-VSW-DOCK_HTVS_1-003_lib.mae
ATP-HTVS-869F8AF38162,90401,C[NH+](C)Cc1ccc(C(=O)Nc2ncc(N[C@H](C#N)Cc3ccccc3)cc2-n2cccc2)cc1,O=C(Nc1ncc(NCCc2ccccc2)cc1-n1cccc1)c1ccccc1,-5.74701459234187,0.9564950980392157,0.2111111111111111,0.2345679012345679,compound 1 (Fraunfelter 2023),WIDVPHSBAXLSEU-LJQANCHMSA-N,10.1021/acsinfecdis.3c00317,运行/运行/ATP-VSW/ATP-VSW-DOCK_HTVS_1-001_lib/ATP-VSW-DOCK_HTVS_1-001_lib
ATP-HTVS-86B60B8C3F13,91042,Cc1[nH+]ccc(NC(=O)c2ccccc2)c1NCc1cccc(C[NH+](C)C)c1,O=C(Nc1cc[nH+]cc1NCc1ccccc1)c1ccccc1,-4.69609106885546,0.7193627450980392,0.24358974358974358,0.2631578947368421,compound 15 (Steed 2022),RIDDIWJTDCGXDH-NRFANRHFSA-N,10.1021/acsomega.2c03127,运行/运行/ATP-VSW/ATP-VSW-DOCK_HTVS_1-002_lib.maegz
ATP-HTVS-86C3058B81C7,98306,C[C@@H](c1ccccc1)N(C)C(=O)c1cc(Nc2ccccc2C[NH+](C)C)ccn1,O=C(NCc1ccccc1)c1cc(Nc2ccccc2)ccn1,-4.38734613859549,0.5729166666666667,0.2375,0.24358974358974358,compound 15 (Steed 2022),RIDDIWJTDCGXDH-NRFANRHFSA-N,10.1021/acsomega.2c03127,运行/运行/ATP-VSW/ATP-VSW-DOCK_HTVS_1-003_lib/ATP-VSW-DOCK_HTVS_1-003_lib.mae
ATP-HTVS-86DDC209E59E,63042,CCc1cc(C[NH2+]Cc2cn(C)nc2OCc2ccccc2)ccc1F,c1ccc(C[NH2+]Cc2c[nH]nc2OCc2ccccc2)cc1,-4.96699344701445,0.8125,0.28,0.3150684931506849,compound 15 (Steed 2022),RIDDIWJTDCGXDH-NRFANRHFSA-N,10.1021/acsomega.2c03127,运行/运行/ATP-VSW/ATP-VSW-DOCK_HTVS_1-002_lib.maegz
ATP-HTVS-87B93A696720,77730,CN(CC(=O)N(C)c1ccccc1)c1cc2ccccc2nc1NC(=O)c1ccc(C[NH+](C)C)cc1,O=C(CNc1cc2ccccc2nc1NC(=O)c1ccccc1)Nc1ccccc1,-4.12205411178146,0.4632352941176471,0.2972972972972973,0.373134328358209,Ward2024 compound 6,LKLACXNGVWXYAW-UHFFFAOYSA-N,10.1021/acsmedchemlett.3c00480,运行/运行/ATP-VSW/ATP-VSW-DOCK_HTVS_1-002_lib.maegz
ATP-HTVS-87F6BDFAEB44,451,C[NH+](C)[C@@H](CNc1cc(COc2ccccc2)[nH]c2cc(=O)ccc1-2)c1ccc(F)cc1,O=c1ccc2c(NCCc3ccccc3)cc(COc3ccccc3)[nH]c-2c1,-5.11291456585507,0.8547794117647058,0.20224719101123595,0.19101123595505617,WSA298,IZWVLJVCXHHUOO-UHFFFAOYSA-N,10.1021/acsomega.5c06380,运行/运行/ATP-VSW/ATP-VSW-DOCK_HTVS_1-003_lib/ATP-VSW-DOCK_HTVS_1-003_lib.mae
ATP-HTVS-8843DC2573F9,5091,C[NH+](C)[C@H](CNC(=O)c1cc(=O)c2ccccc2n1C[C@H](O)c1ccccc1)c1ccc(F)cc1,O=C(NCCc1ccccc1)c1cc(=O)c2ccccc2n1CCc1ccccc1,-4.80139620770383,0.758578431372549,0.18681318681318682,0.18681318681318682,WSA298,IZWVLJVCXHHUOO-UHFFFAOYSA-N,10.1021/acsomega.5c06380,运行/运行/ATP-VSW/ATP-VSW-DOCK_HTVS_1-003_lib/ATP-VSW-DOCK_HTVS_1-003_lib.mae
ATP-HTVS-88509AB3E069,48258,COCc1cccc(CNc2nc(NCc3cccc(C[NH+](C)C)c3)[nH+]c3ccccc23)c1,c1ccc(CNc2nc(NCc3ccccc3)c3ccccc3[nH+]2)cc1,-3.91429947815711,0.3792892156862745,0.23076923076923078,0.3230769230769231,compound 15 (Steed 2022),RIDDIWJTDCGXDH-NRFANRHFSA-N,10.1021/acsomega.2c03127,运行/运行/ATP-VSW/ATP-VSW-DOCK_HTVS_1-002_lib.maegz
ATP-HTVS-8884805DC746,43842,CC(C)Nc1cccc(CNc2nc(NCc3ccc(C#N)cc3)nc3ccccc23)c1,c1ccc(CNc2nc(NCc3ccccc3)c3ccccc3n2)cc1,-2.27199096008959,0.0980392156862745,0.2375,0.2375,WSA249,YEMLSUARMQTHJO-UHFFFAOYSA-N,10.1002/cmdc.202400952,运行/运行/ATP-VSW/ATP-VSW-DOCK_HTVS_1-002_lib.maegz
ATP-HTVS-8892C512F7BC,71491,C[NH+](C)Cc1ccc(C(=O)Nc2ncc(N(CC#N)c3ccc(Cl)cc3)c3ccccc23)cc1,O=C(Nc1ncc(Nc2ccccc2)c2ccccc12)c1ccccc1,-3.52094598678312,0.23897058823529416,0.20238095238095238,0.24675324675324675,compound 8 (Steed 2022),ROJPDORYZONAPF-UHFFFAOYSA-N,10.1021/acsomega.2c03127,运行/运行/ATP-VSW/ATP-VSW-DOCK_HTVS_1-003_lib/ATP-VSW-DOCK_HTVS_1-003_lib.mae
ATP-HTVS-88F2ADA8327D,84033,CN(c1c(NC(=O)c2ccc(OCC[NH+](C)C)cc2)c[nH+]c2ccccc12)[C@@H](C#N)c1ccccc1,O=C(Nc1c[nH+]c2ccccc2c1NCc1ccccc1)c1ccccc1,-4.44922561351867,0.6011029411764706,0.18085106382978725,0.2289156626506024,compound 15 (Steed 2022),RIDDIWJTDCGXDH-NRFANRHFSA-N,10.1021/acsomega.2c03127,运行/运行/ATP-VSW/ATP-VSW-DOCK_HTVS_1-001_lib/ATP-VSW-DOCK_HTVS_1-001_lib
ATP-HTVS-891CD438FA2D,65635,CC[N@@H+](C)c1ccccc1CNC(=O)Cn1c(COc2ccccc2)nc2ccccc21,O=C(Cn1c(COc2ccccc2)nc2ccccc21)NCc1ccccc1,-2.59995777661064,0.12622549019607843,0.25609756097560976,0.25609756097560976,compound 15 (Steed 2022),RIDDIWJTDCGXDH-NRFANRHFSA-N,10.1021/acsomega.2c03127,运行/运行/ATP-VSW/ATP-VSW-DOCK_HTVS_1-003_lib/ATP-VSW-DOCK_HTVS_1-003_lib.mae
ATP-HTVS-892E5C6BD7E4,94849,CCN(Cc1ccccc1C)c1c(C(=O)N(CC#N)c2ccccc2)[nH]c2ccccc12,O=C(Nc1ccccc1)c1[nH]c2ccccc2c1NCc1ccccc1,-2.82877717099983,0.1421568627450981,0.20454545454545456,0.21839080459770116,compound 18 (Steed 2022),DCLANSSFVIGXHQ-OAQYLSRUSA-N,10.1021/acsomega.2c03127,运行/运行/ATP-VSW/ATP-VSW-DOCK_HTVS_1-001_lib/ATP-VSW-DOCK_HTVS_1-001_lib
ATP-HTVS-89495CC893EC,89889,CN1CCN(c2ccccc2CNc2nc3ccccc3nc2-c2ccccc2)CC1,c1ccc(-c2nc3ccccc3nc2NCc2ccccc2N2CCNCC2)cc1,-3.04680898488259,0.16299019607843135,0.3382352941176471,0.3382352941176471,WSA250,SSOJQSHUAQGPLD-UHFFFAOYSA-N,10.1002/cmdc.202400952,运行/运行/ATP-VSW/ATP-VSW-DOCK_HTVS_1-001_lib/ATP-VSW-DOCK_HTVS_1-001_lib
ATP-HTVS-894F1E46B14F,48034,C[NH+](C)Cc1ccc(CCNc2nc(NCC(=O)NCc3ccccc3)c3ccccc3[nH+]2)cc1,O=C(CNc1nc(NCCc2ccccc2)[nH+]c2ccccc12)NCc1ccccc1,-3.9960269719394,0.4142156862745098,0.2345679012345679,0.34328358208955223,compound 15 (Steed 2022),RIDDIWJTDCGXDH-NRFANRHFSA-N,10.1021/acsomega.2c03127,运行/运行/ATP-VSW/ATP-VSW-DOCK_HTVS_1-002_lib.maegz
ATP-HTVS-896D1EC960E1,28451,CCc1cc(CN2CC(=O)Nc3ccccc3[C@H]2c2ccccc2)ccc1F,O=C1CN(Cc2ccccc2)C(c2ccccc2)c2ccccc2N1,-1.70708224199109,0.05514705882352944,0.21428571428571427,0.21428571428571427,WSA298,IZWVLJVCXHHUOO-UHFFFAOYSA-N,10.1021/acsomega.5c06380,运行/运行/ATP-VSW/ATP-VSW-DOCK_HTVS_1-003_lib/ATP-VSW-DOCK_HTVS_1-003_lib.mae
ATP-HTVS-898AE5CA69D9,41922,CCN(C)Cc1cccc(CNc2nc(NCc3cccc(C)c3)[nH+]c3ccccc23)c1,c1ccc(CNc2nc(NCc3ccccc3)c3ccccc3[nH+]2)cc1,-0.632866293840059,0.0030637254901960675,0.22666666666666666,0.2676056338028169,Ward2024 compound 6,LKLACXNGVWXYAW-UHFFFAOYSA-N,10.1021/acsmedchemlett.3c00480,运行/运行/ATP-VSW/ATP-VSW-DOCK_HTVS_1-002_lib.maegz
ATP-HTVS-89936433B7DC,96034,C[NH+](C)Cc1ccc(CNc2csc(C(=O)NCc3ccc(Cl)cc3)c2)cc1,O=C(NCc1ccccc1)c1cc(NCc2ccccc2)cs1,-4.48006968537548,0.6170343137254901,0.17105263157894737,0.27692307692307694,compound 8 (Steed 2022),ROJPDORYZONAPF-UHFFFAOYSA-N,10.1021/acsomega.2c03127,运行/运行/ATP-VSW/ATP-VSW-DOCK_HTVS_1-003_lib/ATP-VSW-DOCK_HTVS_1-003_lib.mae
ATP-HTVS-89F3E6A1D8C1,75298,C[NH+](C)Cc1ccc(Nc2nc3ccccc3nc2-c2ccccc2)cc1,c1ccc(Nc2nc3ccccc3nc2-c2ccccc2)cc1,-4.44180638518081,0.5974264705882353,0.24242424242424243,0.375,compound 8 (Steed 2022),ROJPDORYZONAPF-UHFFFAOYSA-N,10.1021/acsomega.2c03127,运行/运行/ATP-VSW/ATP-VSW-DOCK_HTVS_1-002_lib.maegz
ATP-HTVS-8A7A96DBFC1E,81218,C[NH+](C)Cc1ccc(CNc2cnc(N)c(OCc3ccccc3)n2)cc1,c1ccc(CNc2cncc(OCc3ccccc3)n2)cc1,-4.78532559102007,0.7524509803921569,0.3382352941176471,0.3387096774193548,compound 15 (Steed 2022),RIDDIWJTDCGXDH-NRFANRHFSA-N,10.1021/acsomega.2c03127,运行/运行/ATP-VSW/ATP-VSW-DOCK_HTVS_1-002_lib.maegz
ATP-HTVS-8A89FEC9078D,30274,CN(C)Cc1cc(CNc2nc3ccccc3nc2N(C)Cc2ccccc2[N+](=O)[O-])ccc1F,c1ccc(CNc2nc3ccccc3nc2NCc2ccccc2)cc1,-2.30937731399655,0.10110294117647056,0.3194444444444444,0.3194444444444444,Ward2024 compound 1,DVUDEYVEBQKKMF-UHFFFAOYSA-N,10.1021/acsmedchemlett.3c00480,运行/运行/ATP-VSW/ATP-VSW-DOCK_HTVS_1-002_lib.maegz
ATP-HTVS-8B2F0F11D1D9,80515,Cc1ccc(-c2ccnc(NC(=O)c3ccc(C[NH+](C)C)cc3)c2C(=O)c2ccccc2)cc1N,O=C(Nc1nccc(-c2ccccc2)c1C(=O)c1ccccc1)c1ccccc1,-3.90926623222998,0.37683823529411764,0.21686746987951808,0.2631578947368421,compound 8 (Steed 2022),ROJPDORYZONAPF-UHFFFAOYSA-N,10.1021/acsomega.2c03127,运行/运行/ATP-VSW/ATP-VSW-DOCK_HTVS_1-003_lib/ATP-VSW-DOCK_HTVS_1-003_lib.mae
ATP-HTVS-8B5B7778DF28,95554,C[NH+](C)Cc1ccc(C(=O)Nc2cc(F)c(N(CC#N)c3ccccc3)cn2)cc1,O=C(Nc1ccc(Nc2ccccc2)cn1)c1ccccc1,-3.83445232620567,0.3486519607843137,0.21176470588235294,0.2876712328767123,compound 1 (Fraunfelter 2023),WIDVPHSBAXLSEU-LJQANCHMSA-N,10.1021/acsinfecdis.3c00317,运行/运行/ATP-VSW/ATP-VSW-DOCK_HTVS_1-003_lib/ATP-VSW-DOCK_HTVS_1-003_lib.mae
ATP-HTVS-8BC83C5D0DE9,33889,CN(C)c1ccccc1CNc1nc(NCc2ccc(C[NH+](C)C)cc2)c2ccccc2n1,c1ccc(CNc2nc(NCc3ccccc3)c3ccccc3n2)cc1,-1.74762747950328,0.05943627450980393,0.30303030303030304,0.39344262295081966,Ward2024 compound 11,IIRFHYMEOYQCBC-UHFFFAOYSA-N,10.1021/acsmedchemlett.3c00480,运行/运行/ATP-VSW/ATP-VSW-DOCK_HTVS_1-001_lib/ATP-VSW-DOCK_HTVS_1-001_lib
ATP-HTVS-8BE0537C7CD3,54531,C[C@@H](Nc1nc(NCc2ccccc2C[NH+](C)C)nc2ccccc12)c1ccc(C#N)cc1F,c1ccc(CNc2nc(NCc3ccccc3)c3ccccc3n2)cc1,-3.88835833556001,0.36825980392156865,0.22093023255813954,0.2727272727272727,compound 15 (Steed 2022),RIDDIWJTDCGXDH-NRFANRHFSA-N,10.1021/acsomega.2c03127,运行/运行/ATP-VSW/ATP-VSW-DOCK_HTVS_1-003_lib/ATP-VSW-DOCK_HTVS_1-003_lib.mae
ATP-HTVS-8BF32585E280,72579,Cc1cccc([C@@H](O)CNc2cnc3ccccc3c2NC(=O)[C@H](Br)c2ccccc2)c1,O=C(Cc1ccccc1)Nc1c(NCCc2ccccc2)cnc2ccccc12,-4.02835975515627,0.43014705882352944,0.24691358024691357,0.21686746987951808,compound 15 (Steed 2022),RIDDIWJTDCGXDH-NRFANRHFSA-N,10.1021/acsomega.2c03127,运行/运行/ATP-VSW/ATP-VSW-DOCK_HTVS_1-003_lib/ATP-VSW-DOCK_HTVS_1-003_lib.mae
ATP-HTVS-8BFFC6150277,53633,C[NH+](C)Cc1cc(CNc2nc3ccccc3nc2NCc2cccc(N)c2F)ccc1F,c1ccc(CNc2nc3ccccc3nc2NCc2ccccc2)cc1,-4.92968303389123,0.8008578431372549,0.2535211267605634,0.35384615384615387,Ward2024 compound 1,DVUDEYVEBQKKMF-UHFFFAOYSA-N,10.1021/acsmedchemlett.3c00480,运行/运行/ATP-VSW/ATP-VSW-DOCK_HTVS_1-001_lib/ATP-VSW-DOCK_HTVS_1-001_lib
ATP-HTVS-8C1C7F16DF05,82530,C[NH2+]CCc1ccc(Nc2cnc(NC(=O)Cc3ccccc3F)c3ccccc23)cc1,O=C(Cc1ccccc1)Nc1ncc(Nc2ccccc2)c2ccccc12,-5.00025924119878,0.8216911764705882,0.2597402597402597,0.24675324675324675,compound 8 (Steed 2022),ROJPDORYZONAPF-UHFFFAOYSA-N,10.1021/acsomega.2c03127,运行/运行/ATP-VSW/ATP-VSW-DOCK_HTVS_1-002_lib.maegz
ATP-HTVS-8C32683EF27B,27521,C[NH+](C)Cc1cc(CNC(=O)c2nn(Cc3ccccc3)c(=O)c3ccccc23)ccc1F,O=C(NCc1ccccc1)c1nn(Cc2ccccc2)c(=O)c2ccccc12,-4.82787383653408,0.7634803921568627,0.2391304347826087,0.2777777777777778,WSA297,GXYVJEJKTGYEDL-UHFFFAOYSA-N,10.1021/acsomega.5c06380,运行/运行/ATP-VSW/ATP-VSW-DOCK_HTVS_1-001_lib/ATP-VSW-DOCK_HTVS_1-001_lib
ATP-HTVS-8CA7F3DFAEDE,5090,C[NH+](C)[C@@H](CNC(=O)c1cn(-c2ccccc2)c(=O)c2ccccc12)c1ccccc1,O=C(NCCc1ccccc1)c1cn(-c2ccccc2)c(=O)c2ccccc12,-4.07577782355127,0.44852941176470584,0.17721518987341772,0.1686746987951807,compound 15 (Steed 2022),RIDDIWJTDCGXDH-NRFANRHFSA-N,10.1021/acsomega.2c03127,运行/运行/ATP-VSW/ATP-VSW-DOCK_HTVS_1-002_lib.maegz
ATP-HTVS-8D220C5D1AB9,73921,C[NH+](C)Cc1cccc(CNc2cnc(NC(=O)c3cc(C#N)ccc3Cl)c3ccccc23)c1,O=C(Nc1ncc(NCc2ccccc2)c2ccccc12)c1ccccc1,-4.01019919635247,0.4227941176470589,0.19101123595505617,0.21951219512195122,compound 15 (Steed 2022),RIDDIWJTDCGXDH-NRFANRHFSA-N,10.1021/acsomega.2c03127,运行/运行/ATP-VSW/ATP-VSW-DOCK_HTVS_1-001_lib/ATP-VSW-DOCK_HTVS_1-001_lib
ATP-HTVS-8D32545BC421,99618,C#Cc1cccc(NC(=O)Cc2cc(NCc3cccc(C[NH+](C)C)c3)cs2)c1,O=C(Cc1cc(NCc2ccccc2)cs1)Nc1ccccc1,-3.51788261263812,0.23774509803921573,0.1927710843373494,0.22077922077922077,compound 8 (Steed 2022),ROJPDORYZONAPF-UHFFFAOYSA-N,10.1021/acsomega.2c03127,运行/运行/ATP-VSW/ATP-VSW-DOCK_HTVS_1-003_lib/ATP-VSW-DOCK_HTVS_1-003_lib.mae
ATP-HTVS-8D4A93BCC2C7,20193,CN(Cc1ccccc1Cl)C(=O)c1c(C(=O)NCc2ccc(C[NH+](C)C)cc2)nn2ccccc12,O=C(NCc1ccccc1)c1nn2ccccc2c1C(=O)NCc1ccccc1,-4.4938529235344,0.6243872549019608,0.2125,0.2876712328767123,Ward2024 compound 1,DVUDEYVEBQKKMF-UHFFFAOYSA-N,10.1021/acsmedchemlett.3c00480,运行/运行/ATP-VSW/ATP-VSW-DOCK_HTVS_1-001_lib/ATP-VSW-DOCK_HTVS_1-001_lib
ATP-HTVS-8D6261309289,77506,C[C@@H](C#N)N(c1ccccc1)c1c(C(=O)Nc2ccc(NCCO)cc2)cnc2ccc(F)cc12,O=C(Nc1ccccc1)c1cnc2ccccc2c1Nc1ccccc1,-5.24954616744269,0.8878676470588235,0.22988505747126436,0.22988505747126436,compound 8 (Steed 2022),ROJPDORYZONAPF-UHFFFAOYSA-N,10.1021/acsomega.2c03127,运行/运行/ATP-VSW/ATP-VSW-DOCK_HTVS_1-002_lib.maegz
ATP-HTVS-8DFE2090913E,89730,C[NH+](C)Cc1ccc(CNc2csc(CC(=O)Nc3ccccc3F)c2)cc1,O=C(Cc1cc(NCc2ccccc2)cs1)Nc1ccccc1,-4.17485932143846,0.477328431372549,0.23376623376623376,0.3235294117647059,compound 8 (Steed 2022),ROJPDORYZONAPF-UHFFFAOYSA-N,10.1021/acsomega.2c03127,运行/运行/ATP-VSW/ATP-VSW-DOCK_HTVS_1-002_lib.maegz
ATP-HTVS-8E104651B898,59169,Cc1ccc([C@H](O)[C@H](C)NCc2nc3ccccc3n2Cc2ccccc2)cc1F,c1ccc(CCNCc2nc3ccccc3n2Cc2ccccc2)cc1,-4.4147734230415,0.5833333333333333,0.27848101265822783,0.27848101265822783,compound 15 (Steed 2022),RIDDIWJTDCGXDH-NRFANRHFSA-N,10.1021/acsomega.2c03127,运行/运行/ATP-VSW/ATP-VSW-DOCK_HTVS_1-001_lib/ATP-VSW-DOCK_HTVS_1-001_lib
ATP-HTVS-8E17E50AE6CE,18721,OC[C@@H]([NH2+]Cc1cn(Cc2ccccc2Cl)nc1-c1ccccc1)c1ccc(Br)cc1,c1ccc(C[NH2+]Cc2cn(Cc3ccccc3)nc2-c2ccccc2)cc1,-5.01745075970374,0.8308823529411764,0.2073170731707317,0.2375,WSA294,FPTVNOKSIHPUTA-UHFFFAOYSA-N,10.1021/acsomega.5c06380,运行/运行/ATP-VSW/ATP-VSW-DOCK_HTVS_1-001_lib/ATP-VSW-DOCK_HTVS_1-001_lib
ATP-HTVS-8E1A44B1E9FD,75361,O=C(Nc1c[nH+]c2ccccc2c1NC[C@H](O)c1ccc(Cl)cc1)[C@@H](Cl)c1ccccc1,O=C(Cc1ccccc1)Nc1c[nH+]c2ccccc2c1NCCc1ccccc1,-6.11153668182053,0.9822303921568627,0.17045454545454544,0.1927710843373494,compound 18 (Steed 2022),DCLANSSFVIGXHQ-OAQYLSRUSA-N,10.1021/acsomega.2c03127,运行/运行/ATP-VSW/ATP-VSW-DOCK_HTVS_1-001_lib/ATP-VSW-DOCK_HTVS_1-001_lib
ATP-HTVS-8E25FC822191,86497,C=C[C@@H](Nc1c(NC(=O)c2ccc(CN(C)C)cc2)c[nH+]c2ccccc12)c1ccccc1,O=C(Nc1c[nH+]c2ccccc2c1NCc1ccccc1)c1ccccc1,-3.22209609675136,0.18137254901960786,0.21518987341772153,0.28,Ward2024 compound 1,DVUDEYVEBQKKMF-UHFFFAOYSA-N,10.1021/acsmedchemlett.3c00480,运行/运行/ATP-VSW/ATP-VSW-DOCK_HTVS_1-001_lib/ATP-VSW-DOCK_HTVS_1-001_lib
ATP-HTVS-8E36F3F2ACA8,64322,C[NH+](C)C[C@H](NCc1c(-c2ccccc2)nc2ccccn12)c1ccc(F)cc1,c1ccc(CNCc2c(-c3ccccc3)nc3ccccn23)cc1,-4.30783461554105,0.5355392156862745,0.24390243902439024,0.2714285714285714,WSA298,IZWVLJVCXHHUOO-UHFFFAOYSA-N,10.1021/acsomega.5c06380,运行/运行/ATP-VSW/ATP-VSW-DOCK_HTVS_1-002_lib.maegz
ATP-HTVS-8E3D409F2843,55746,C[NH+](C)Cc1ccc(CC[NH2+]Cc2ccc(-c3ccc([N+](=O)[O-])cc3)s2)cc1,c1ccc(CC[NH2+]Cc2ccc(-c3ccccc3)s2)cc1,-6.11799496353664,0.9828431372549019,0.11494252873563218,0.2463768115942029,WSA280,XQBWCRMKNUAPEC-UHFFFAOYSA-N,10.1021/acsomega.5c06380,运行/运行/ATP-VSW/ATP-VSW-DOCK_HTVS_1-002_lib.maegz
ATP-HTVS-8E434DB2B88E,94115,C[NH+](C)Cc1ccc(CNc2cc(NC(=O)c3cccc(F)c3)ncc2F)cc1,O=C(Nc1cc(NCc2ccccc2)ccn1)c1ccccc1,-3.91474211257816,0.3799019607843137,0.20930232558139536,0.3,WSA298,IZWVLJVCXHHUOO-UHFFFAOYSA-N,10.1021/acsomega.5c06380,运行/运行/ATP-VSW/ATP-VSW-DOCK_HTVS_1-003_lib/ATP-VSW-DOCK_HTVS_1-003_lib.mae
ATP-HTVS-8E5D0C8C0586,48226,O=C1c2ccccc2[C@@H](CNCc2cc(C3CC3)ccc2F)N1Cc1ccccc1,O=C1c2ccccc2C(CNCc2cccc(C3CC3)c2)N1Cc1ccccc1,-1.92434302270637,0.0716911764705882,0.25609756097560976,0.26136363636363635,WSA298,IZWVLJVCXHHUOO-UHFFFAOYSA-N,10.1021/acsomega.5c06380,运行/运行/ATP-VSW/ATP-VSW-DOCK_HTVS_1-002_lib.maegz
ATP-HTVS-8E6E87523B7B,64451,CN(Cc1ccc([S@@](C)=O)cc1)C(=O)c1cc(NCc2ccccc2)nc2ccccc12,O=C(NCc1ccccc1)c1cc(NCc2ccccc2)nc2ccccc12,-4.09525814398742,0.4546568627450981,0.3,0.3142857142857143,Ward2024 compound 1,DVUDEYVEBQKKMF-UHFFFAOYSA-N,10.1021/acsmedchemlett.3c00480,运行/运行/ATP-VSW/ATP-VSW-DOCK_HTVS_1-003_lib/ATP-VSW-DOCK_HTVS_1-003_lib.mae
ATP-HTVS-8E7556763F42,90403,C[NH+](C)Cc1ccccc1N1c2ccccc2C(=O)N[C@@H]1c1ccc(Cl)c(Cl)c1,O=C1NC(c2ccccc2)N(c2ccccc2)c2ccccc21,-1.99068628487857,0.07720588235294112,0.18072289156626506,0.2318840579710145,WSA236,CJWSCOKTAUPKHM-UHFFFAOYSA-N,10.1002/cmdc.202400952,运行/运行/ATP-VSW/ATP-VSW-DOCK_HTVS_1-003_lib/ATP-VSW-DOCK_HTVS_1-003_lib.mae
ATP-HTVS-8EB0CBA3C42A,28354,CN(Cc1ccccc1S(N)(=O)=O)c1nc(NCc2ccc(C[NH+](C)C)cc2)[nH+]c2ccccc12,c1ccc(CNc2nc(NCc3ccccc3)c3ccccc3[nH+]2)cc1,-3.17605029065516,0.17463235294117652,0.23376623376623376,0.36363636363636365,Ward2024 compound 1,DVUDEYVEBQKKMF-UHFFFAOYSA-N,10.1021/acsmedchemlett.3c00480,运行/运行/ATP-VSW/ATP-VSW-DOCK_HTVS_1-002_lib.maegz
ATP-HTVS-8EBB5954A050,85187,CN(C)[C@H](C(=O)Nc1c(N(CC#N)c2ccccc2)cnc2ccccc12)c1ccccc1,O=C(Cc1ccccc1)Nc1c(Nc2ccccc2)cnc2ccccc12,-3.56939813924896,0.2536764705882353,0.2345679012345679,0.2345679012345679,compound 15 (Steed 2022),RIDDIWJTDCGXDH-NRFANRHFSA-N,10.1021/acsomega.2c03127,运行/运行/ATP-VSW/ATP-VSW-DOCK_HTVS_1-003_lib/ATP-VSW-DOCK_HTVS_1-003_lib.mae
ATP-HTVS-8ECA82FC9C79,20066,C[NH+](C)Cc1ccc(CNc2nc(-c3ccccc3)cs2)cc1,c1ccc(CNc2nc(-c3ccccc3)cs2)cc1,-4.38884417403909,0.5735294117647058,0.2222222222222222,0.375,Ward2024 compound 1,DVUDEYVEBQKKMF-UHFFFAOYSA-N,10.1021/acsmedchemlett.3c00480,运行/运行/ATP-VSW/ATP-VSW-DOCK_HTVS_1-002_lib.maegz
ATP-HTVS-8EDB8C766CED,78306,CN(C(=O)c1cc(NCc2cccc(C[NH+](C)C)c2)c(Cl)s1)c1ccc(C#N)cc1,O=C(Nc1ccccc1)c1cc(NCc2ccccc2)cs1,-3.34082382228686,0.20343137254901966,0.18181818181818182,0.22077922077922077,compound 15 (Steed 2022),RIDDIWJTDCGXDH-NRFANRHFSA-N,10.1021/acsomega.2c03127,运行/运行/ATP-VSW/ATP-VSW-DOCK_HTVS_1-002_lib.maegz
ATP-HTVS-8EE5F01B86B2,66145,N#Cc1cccc(CN2CC(=O)Nc3ccccc3[C@H]2c2ccccc2)c1,O=C1CN(Cc2ccccc2)C(c2ccccc2)c2ccccc2N1,-1.66247542751148,0.049632352941176516,0.1744186046511628,0.1744186046511628,WSA298,IZWVLJVCXHHUOO-UHFFFAOYSA-N,10.1021/acsomega.5c06380,运行/运行/ATP-VSW/ATP-VSW-DOCK_HTVS_1-001_lib/ATP-VSW-DOCK_HTVS_1-001_lib
ATP-HTVS-8F383301D999,83458,[NH3+][C@H](C#Cc1cc2ccccc2nc1NC(=O)[C@H](O)c1cccc(Cl)c1)Cc1cccc(F)c1,O=C(Cc1ccccc1)Nc1nc2ccccc2cc1C#CCCc1ccccc1,-6.30624062048678,0.9932598039215687,0.26506024096385544,0.2976190476190476,Ward2024 compound 8,APMKTVCBYUVFFM-UHFFFAOYSA-N,10.1021/acsmedchemlett.3c00480,运行/运行/ATP-VSW/ATP-VSW-DOCK_HTVS_1-002_lib.maegz
ATP-HTVS-8F7863C4F42C,32898,CC[NH+](CC)Cc1cccc(C[NH2+]Cc2c(-c3ccccc3)nn3ccccc23)c1,c1ccc(C[NH2+]Cc2c(-c3ccccc3)nn3ccccc23)cc1,-4.9087904899498,0.7910539215686274,0.18823529411764706,0.25,WSA236,CJWSCOKTAUPKHM-UHFFFAOYSA-N,10.1002/cmdc.202400952,运行/运行/ATP-VSW/ATP-VSW-DOCK_HTVS_1-002_lib.maegz
ATP-HTVS-8F8686BB907F,97314,N#Cc1cccc(C(=O)Nc2c(C#C[C@H]([NH3+])Cc3cccc(F)c3)cnc3ccccc23)c1,O=C(Nc1c(C#CCCc2ccccc2)cnc2ccccc12)c1ccccc1,-4.53135217453925,0.6439950980392157,0.22916666666666666,0.20652173913043478,compound 19 (Steed 2022),DHQKBEDPXLHXAJ-OAQYLSRUSA-N,10.1021/acsomega.2c03127,运行/运行/ATP-VSW/ATP-VSW-DOCK_HTVS_1-003_lib/ATP-VSW-DOCK_HTVS_1-003_lib.mae
ATP-HTVS-8FAB3387FC95,74083,O=C1CN(Cc2ccccc2C(=O)NCCF)[C@@H](c2ccccc2)c2ccccc2N1,O=C1CN(Cc2ccccc2)C(c2ccccc2)c2ccccc2N1,-3.23460333570709,0.18443627450980393,0.16666666666666666,0.16666666666666666,WSA298,IZWVLJVCXHHUOO-UHFFFAOYSA-N,10.1021/acsomega.5c06380,运行/运行/ATP-VSW/ATP-VSW-DOCK_HTVS_1-003_lib/ATP-VSW-DOCK_HTVS_1-003_lib.mae
ATP-HTVS-8FAC22D1DEE3,83011,CN(Cc1ccccc1)C(=O)c1cc(Nc2ccccc2C[NH+](C)C)cs1,O=C(NCc1ccccc1)c1cc(Nc2ccccc2)cs1,-5.16915453027666,0.8725490196078431,0.2318840579710145,0.28125,Ward2024 compound 1,DVUDEYVEBQKKMF-UHFFFAOYSA-N,10.1021/acsmedchemlett.3c00480,运行/运行/ATP-VSW/ATP-VSW-DOCK_HTVS_1-003_lib/ATP-VSW-DOCK_HTVS_1-003_lib.mae
ATP-HTVS-8FAD4DDE14EC,4418,C[NH+](C)[C@@H](CNC(=O)c1cn(CCc2ccccc2)c2ccccc2c1=O)c1ccc(F)cc1,O=C(NCCc1ccccc1)c1cn(CCc2ccccc2)c2ccccc2c1=O,-3.65197518750528,0.27450980392156865,0.2,0.18888888888888888,WSA298,IZWVLJVCXHHUOO-UHFFFAOYSA-N,10.1021/acsomega.5c06380,运行/运行/ATP-VSW/ATP-VSW-DOCK_HTVS_1-002_lib.maegz
ATP-HTVS-8FCE9ABFEDC9,96578,CN(Cc1ccc(N2CC[NH+](C)CC2)cc1)c1c(NC(=O)c2ccc(F)cc2)c[nH+]c2ccccc12,O=C(Nc1c[nH+]c2ccccc2c1NCc1ccc(N2CC[NH2+]CC2)cc1)c1ccccc1,-4.59612623883549,0.6752450980392157,0.17708333333333334,0.2375,WSA298,IZWVLJVCXHHUOO-UHFFFAOYSA-N,10.1021/acsomega.5c06380,运行/运行/ATP-VSW/ATP-VSW-DOCK_HTVS_1-003_lib/ATP-VSW-DOCK_HTVS_1-003_lib.mae
ATP-HTVS-8FFDF10521D1,34625,CC[N@@H+](C)Cc1cccc(C[NH2+]Cc2cn(CCC#N)nc2-c2ccc(Cl)cc2)c1,c1ccc(C[NH2+]Cc2c[nH]nc2-c2ccccc2)cc1,-5.08473991012253,0.8486519607843137,0.1956521739130435,0.26136363636363635,WSA298,IZWVLJVCXHHUOO-UHFFFAOYSA-N,10.1021/acsomega.5c06380,运行/运行/ATP-VSW/ATP-VSW-DOCK_HTVS_1-001_lib/ATP-VSW-DOCK_HTVS_1-001_lib
ATP-HTVS-903509DD9171,38371,C[NH+](C)Cc1ccc(CNc2nc(NCc3ccc(C#N)cc3)[nH+]c3ccccc23)cc1,c1ccc(CNc2nc(NCc3ccccc3)c3ccccc3[nH+]2)cc1,-4.22794294026844,0.5,0.19444444444444445,0.3770491803278688,Ward2024 compound 1,DVUDEYVEBQKKMF-UHFFFAOYSA-N,10.1021/acsmedchemlett.3c00480,运行/运行/ATP-VSW/ATP-VSW-DOCK_HTVS_1-003_lib/ATP-VSW-DOCK_HTVS_1-003_lib.mae
ATP-HTVS-906C5B8F4575,46978,COc1ccccc1OCc1ccc(C[NH2+]C[C@@H](CN(C)C)c2ccccc2)o1,c1ccc(CC[NH2+]Cc2ccc(COc3ccccc3)o2)cc1,-2.60771824273476,0.12867647058823528,0.189873417721519,0.2361111111111111,compound 15 (Steed 2022),RIDDIWJTDCGXDH-NRFANRHFSA-N,10.1021/acsomega.2c03127,运行/运行/ATP-VSW/ATP-VSW-DOCK_HTVS_1-002_lib.maegz
ATP-HTVS-9071C340676C,91907,CC[NH+](CC)Cc1cccc(NC(=O)CCn2c(-c3ccccc3)cc(=O)c3ccccc32)c1,O=C(CCn1c(-c2ccccc2)cc(=O)c2ccccc21)Nc1ccccc1,-4.4993105710441,0.6280637254901961,0.18604651162790697,0.19767441860465115,compound 15 (Steed 2022),RIDDIWJTDCGXDH-NRFANRHFSA-N,10.1021/acsomega.2c03127,运行/运行/ATP-VSW/ATP-VSW-DOCK_HTVS_1-003_lib/ATP-VSW-DOCK_HTVS_1-003_lib.mae
ATP-HTVS-90D8E935D6BA,70531,CN(C(=O)c1sc2cc(F)ccc2c1NCc1ccc(C[NH+](C)C)cc1)c1ccccc1C#N,O=C(Nc1ccccc1)c1sc2ccccc2c1NCc1ccccc1,-3.61586634816549,0.26593137254901966,0.1956521739130435,0.2692307692307692,compound 1 (Fraunfelter 2023),WIDVPHSBAXLSEU-LJQANCHMSA-N,10.1021/acsinfecdis.3c00317,运行/运行/ATP-VSW/ATP-VSW-DOCK_HTVS_1-003_lib/ATP-VSW-DOCK_HTVS_1-003_lib.mae
ATP-HTVS-90E2293F5662,27587,C[NH+](C)Cc1ccccc1C[NH2+]Cc1cn(CCC#N)nc1-c1ccc(Cl)cc1,c1ccc(C[NH2+]Cc2c[nH]nc2-c2ccccc2)cc1,-3.76904070186571,0.321078431372549,0.15625,0.2535211267605634,WSA297,GXYVJEJKTGYEDL-UHFFFAOYSA-N,10.1021/acsomega.5c06380,运行/运行/ATP-VSW/ATP-VSW-DOCK_HTVS_1-003_lib/ATP-VSW-DOCK_HTVS_1-003_lib.mae
ATP-HTVS-90F616328265,99169,C[NH+](C)Cc1ccccc1Nc1cnccc1C(=O)N(CC#N)c1ccccc1,O=C(Nc1ccccc1)c1ccncc1Nc1ccccc1,-3.91551756697436,0.3805147058823529,0.1927710843373494,0.2465753424657534,compound 15 (Steed 2022),RIDDIWJTDCGXDH-NRFANRHFSA-N,10.1021/acsomega.2c03127,运行/运行/ATP-VSW/ATP-VSW-DOCK_HTVS_1-002_lib.maegz
ATP-HTVS-9118BAC0F3E5,49857,CN(Cc1ccc(CO)cc1)C(=O)c1cc(NCc2ccccc2)nc2ccccc12,O=C(NCc1ccccc1)c1cc(NCc2ccccc2)nc2ccccc12,-4.45713464556693,0.607843137254902,0.3181818181818182,0.3181818181818182,Ward2024 compound 1,DVUDEYVEBQKKMF-UHFFFAOYSA-N,10.1021/acsmedchemlett.3c00480,运行/运行/ATP-VSW/ATP-VSW-DOCK_HTVS_1-001_lib/ATP-VSW-DOCK_HTVS_1-001_lib
ATP-HTVS-9126C22B6E5D,23649,C[NH+](C)Cc1ccc(CCNC(=O)Cn2c(COc3ccccc3)nc3ccccc32)cc1,O=C(Cn1c(COc2ccccc2)nc2ccccc21)NCCc1ccccc1,-4.35085127506382,0.5569852941176471,0.24705882352941178,0.3055555555555556,WSA236,CJWSCOKTAUPKHM-UHFFFAOYSA-N,10.1002/cmdc.202400952,运行/运行/ATP-VSW/ATP-VSW-DOCK_HTVS_1-001_lib/ATP-VSW-DOCK_HTVS_1-001_lib
ATP-HTVS-91559CC1A0CF,77345,CN(C(=O)c1sccc1NCc1ccc(C[NH+](C)C)cc1)c1ccccc1O,O=C(Nc1ccccc1)c1sccc1NCc1ccccc1,-4.680774902516,0.710171568627451,0.22077922077922077,0.296875,compound 1 (Fraunfelter 2023),WIDVPHSBAXLSEU-LJQANCHMSA-N,10.1021/acsinfecdis.3c00317,运行/运行/ATP-VSW/ATP-VSW-DOCK_HTVS_1-001_lib/ATP-VSW-DOCK_HTVS_1-001_lib
ATP-HTVS-915EA674EB52,76033,CC[NH+](CC)Cc1cccc(CNc2c[nH+]c3ccccc3c2NC(=O)c2cccc([S-])c2)c1,O=C(Nc1c(NCc2ccccc2)c[nH+]c2ccccc12)c1ccccc1,-3.12601315930246,0.16850490196078427,0.18085106382978725,0.23255813953488372,WSA236,CJWSCOKTAUPKHM-UHFFFAOYSA-N,10.1002/cmdc.202400952,运行/运行/ATP-VSW/ATP-VSW-DOCK_HTVS_1-001_lib/ATP-VSW-DOCK_HTVS_1-001_lib
ATP-HTVS-917D65E68C1C,37603,CC[N@@H+](Cc1ccc(C[NH+](C)C)cc1)Cc1cc(C)nc(-c2ccc(Cl)cc2)n1,c1ccc(C[NH2+]Cc2ccnc(-c3ccccc3)n2)cc1,-3.85121697689063,0.3578431372549019,0.15294117647058825,0.26153846153846155,WSA296,HCBCVTVDQQQYPH-UHFFFAOYSA-N,10.1021/acsomega.5c06380,运行/运行/ATP-VSW/ATP-VSW-DOCK_HTVS_1-003_lib/ATP-VSW-DOCK_HTVS_1-003_lib.mae
ATP-HTVS-917EA3B617CA,53634,C[NH+](C)Cc1cc(F)ccc1CNc1nc2ccccc2nc1NCc1ccc(F)cc1N,c1ccc(CNc2nc3ccccc3nc2NCc2ccccc2)cc1,-5.55670999827466,0.9295343137254902,0.265625,0.3442622950819672,Ward2024 compound 5,BMTCMYDFINDWQK-UHFFFAOYSA-N,10.1021/acsmedchemlett.3c00480,运行/运行/ATP-VSW/ATP-VSW-DOCK_HTVS_1-002_lib.maegz
ATP-HTVS-91FB2566E9C6,66147,CC[N@H+](C)Cc1cccc(CNc2nc(NCc3ccc([N+](=O)[O-])cc3)c3ccccc3[nH+]2)c1,c1ccc(CNc2nc(NCc3ccccc3)c3ccccc3[nH+]2)cc1,-3.60648204518161,0.26164215686274506,0.18518518518518517,0.273972602739726,Ward2024 compound 1,DVUDEYVEBQKKMF-UHFFFAOYSA-N,10.1021/acsmedchemlett.3c00480,运行/运行/ATP-VSW/ATP-VSW-DOCK_HTVS_1-003_lib/ATP-VSW-DOCK_HTVS_1-003_lib.mae
ATP-HTVS-91FE8B97AF5D,74274,CN(Cc1ccc(F)cc1)C(=O)c1cscc1NCc1cccc(C[NH+](C)C)c1,O=C(NCc1ccccc1)c1cscc1NCc1ccccc1,-4.73078737167212,0.7303921568627452,0.24324324324324326,0.3088235294117647,Ward2024 compound 1,DVUDEYVEBQKKMF-UHFFFAOYSA-N,10.1021/acsmedchemlett.3c00480,运行/运行/ATP-VSW/ATP-VSW-DOCK_HTVS_1-002_lib.maegz
ATP-HTVS-925A357E73C9,83553,COc1ccc(Cn2cc([C@@H](C)[NH2+]Cc3cccc(C[NH+](C)C)c3)nn2)cc1,c1ccc(C[NH2+]Cc2cn(Cc3ccccc3)nn2)cc1,-5.27050292570935,0.8903186274509804,0.2926829268292683,0.325,WSA296,HCBCVTVDQQQYPH-UHFFFAOYSA-N,10.1021/acsomega.5c06380,运行/运行/ATP-VSW/ATP-VSW-DOCK_HTVS_1-001_lib/ATP-VSW-DOCK_HTVS_1-001_lib
ATP-HTVS-9261E8E7C16B,37826,C[NH+](C)Cc1cccc(CNc2nc(NCc3cccc(N)c3F)[nH+]c3ccccc23)c1,c1ccc(CNc2nc(NCc3ccccc3)c3ccccc3[nH+]2)cc1,-4.28268244897226,0.5245098039215687,0.2,0.3333333333333333,WSA250,SSOJQSHUAQGPLD-UHFFFAOYSA-N,10.1002/cmdc.202400952,运行/运行/ATP-VSW/ATP-VSW-DOCK_HTVS_1-002_lib.maegz
ATP-HTVS-9279E9D3CA8E,26337,C[NH+](C)Cc1ccc(CCNc2nc(-c3ccccn3)nc3ccccc23)cc1,c1ccc(CCNc2nc(-c3ccccn3)nc3ccccc23)cc1,-4.25826048465034,0.5159313725490196,0.2328767123287671,0.3230769230769231,Ward2024 compound 21,UOLLIRMONGMMAV-UHFFFAOYSA-N,10.1021/acsmedchemlett.3c00480,运行/运行/ATP-VSW/ATP-VSW-DOCK_HTVS_1-001_lib/ATP-VSW-DOCK_HTVS_1-001_lib
ATP-HTVS-928F3709654C,80577,Cc1cc(-c2ccnc(NC(=O)c3ccc(C[NH+](C)C)cc3)c2C(=O)c2ccccc2)ccc1O,O=C(Nc1nccc(-c2ccccc2)c1C(=O)c1ccccc1)c1ccccc1,-4.45239168748071,0.6029411764705883,0.20930232558139536,0.26666666666666666,compound 1 (Fraunfelter 2023),WIDVPHSBAXLSEU-LJQANCHMSA-N,10.1021/acsinfecdis.3c00317,运行/运行/ATP-VSW/ATP-VSW-DOCK_HTVS_1-001_lib/ATP-VSW-DOCK_HTVS_1-001_lib
ATP-HTVS-92BA88CED8DA,20033,C[NH+](C)Cc1ccc(C[NH2+]Cc2ccc(-c3cccc(O)c3)cn2)cc1,c1ccc(C[NH2+]Cc2ccc(-c3ccccc3)cn2)cc1,-6.1795954276148,0.9859068627450981,0.1875,0.38333333333333336,WSA298,IZWVLJVCXHHUOO-UHFFFAOYSA-N,10.1021/acsomega.5c06380,运行/运行/ATP-VSW/ATP-VSW-DOCK_HTVS_1-001_lib/ATP-VSW-DOCK_HTVS_1-001_lib
ATP-HTVS-92C487CB2C4B,64961,C[NH+](C)C[C@H](Cc1ccccc1)NCc1[nH+]c2ccccc2n1Cc1ccccc1,c1ccc(CCNCc2[nH+]c3ccccc3n2Cc2ccccc2)cc1,-4.47030229665557,0.6127450980392157,0.18181818181818182,0.27941176470588236,WSA249,YEMLSUARMQTHJO-UHFFFAOYSA-N,10.1002/cmdc.202400952,运行/运行/ATP-VSW/ATP-VSW-DOCK_HTVS_1-001_lib/ATP-VSW-DOCK_HTVS_1-001_lib
ATP-HTVS-92D1D8A066E2,26498,CN(C)Cc1ccc(CCNc2nc(NCc3cccc(Cl)c3N)[nH+]c3ccccc23)cc1,c1ccc(CCNc2nc(NCc3ccccc3)[nH+]c3ccccc23)cc1,-2.65640299054939,0.13112745098039214,0.3055555555555556,0.35294117647058826,Ward2024 compound 1,DVUDEYVEBQKKMF-UHFFFAOYSA-N,10.1021/acsmedchemlett.3c00480,运行/运行/ATP-VSW/ATP-VSW-DOCK_HTVS_1-002_lib.maegz
ATP-HTVS-92F0D0267220,45570,COc1cccc(C[N@H+](C)Cc2ccc(C[NH+](C)C)cc2)c1OCc1ccccc1,c1ccc(C[NH2+]Cc2ccccc2OCc2ccccc2)cc1,-4.57744836383982,0.6685049019607843,0.23943661971830985,0.2698412698412698,compound 15 (Steed 2022),RIDDIWJTDCGXDH-NRFANRHFSA-N,10.1021/acsomega.2c03127,运行/运行/ATP-VSW/ATP-VSW-DOCK_HTVS_1-002_lib.maegz
ATP-HTVS-9352BEE24C86,93634,C[NH+]1CCN(c2ccc(CNc3cccc([C@@H](C#N)c4ccccc4)n3)cc2)CC1,c1ccc(Cc2cccc(NCc3ccc(N4CC[NH2+]CC4)cc3)n2)cc1,-5.27203094462307,0.8909313725490196,0.2345679012345679,0.2727272727272727,WSA249,YEMLSUARMQTHJO-UHFFFAOYSA-N,10.1002/cmdc.202400952,运行/运行/ATP-VSW/ATP-VSW-DOCK_HTVS_1-002_lib.maegz
ATP-HTVS-9360F17A3EC6,75329,CN(C)c1ccc(CCNc2c(NC(=O)c3ccccc3F)c[nH+]c3ccccc23)cc1,O=C(Nc1c[nH+]c2ccccc2c1NCCc1ccccc1)c1ccccc1,-4.94808290662811,0.8063725490196079,0.23684210526315788,0.2876712328767123,Ward2024 compound 11,IIRFHYMEOYQCBC-UHFFFAOYSA-N,10.1021/acsmedchemlett.3c00480,运行/运行/ATP-VSW/ATP-VSW-DOCK_HTVS_1-001_lib/ATP-VSW-DOCK_HTVS_1-001_lib
ATP-HTVS-9393AACC3570,45122,CCNC(=O)c1ccc(CNCc2cn(-c3ccccc3)nc2-c2ccc(F)cc2)cc1,c1ccc(CNCc2cn(-c3ccccc3)nc2-c2ccccc2)cc1,-4.09612916239728,0.4558823529411765,0.34615384615384615,0.34615384615384615,WSA298,IZWVLJVCXHHUOO-UHFFFAOYSA-N,10.1021/acsomega.5c06380,运行/运行/ATP-VSW/ATP-VSW-DOCK_HTVS_1-002_lib.maegz
ATP-HTVS-93C7314F95B0,68035,COc1ccc(CN2CC(=O)Nc3ccccc3[C@H]2c2ccccc2)cc1C#N,O=C1CN(Cc2ccccc2)C(c2ccccc2)c2ccccc2N1,-1.73857734327022,0.058210784313725505,0.22340425531914893,0.22340425531914893,WSA297,GXYVJEJKTGYEDL-UHFFFAOYSA-N,10.1021/acsomega.5c06380,运行/运行/ATP-VSW/ATP-VSW-DOCK_HTVS_1-003_lib/ATP-VSW-DOCK_HTVS_1-003_lib.mae
ATP-HTVS-93CB38BE3680,47971,C[NH+](C)Cc1cc(NC(=O)c2cc(-c3ccncc3)nc3ccccc23)ccc1Cl,O=C(Nc1ccccc1)c1cc(-c2ccncc2)nc2ccccc12,-5.15580573349618,0.8688725490196079,0.2564102564102564,0.2602739726027397,compound 8 (Steed 2022),ROJPDORYZONAPF-UHFFFAOYSA-N,10.1021/acsomega.2c03127,运行/运行/ATP-VSW/ATP-VSW-DOCK_HTVS_1-003_lib/ATP-VSW-DOCK_HTVS_1-003_lib.mae
ATP-HTVS-93E6D0793690,63681,C#Cc1ccccc1C[NH2+]Cc1cn(-c2ccccc2)nc1-c1ccncc1,c1ccc(C[NH2+]Cc2cn(-c3ccccc3)nc2-c2ccncc2)cc1,-4.7710526005952,0.7457107843137255,0.16455696202531644,0.2465753424657534,WSA294,FPTVNOKSIHPUTA-UHFFFAOYSA-N,10.1021/acsomega.5c06380,运行/运行/ATP-VSW/ATP-VSW-DOCK_HTVS_1-001_lib/ATP-VSW-DOCK_HTVS_1-001_lib
ATP-HTVS-94036CD3F111,91106,CN(C)Cc1cccc(CNc2c(NC(=O)c3ccsc3Cl)c[nH+]c3ccccc23)c1,O=C(Nc1c[nH+]c2ccccc2c1NCc1ccccc1)c1ccsc1,-2.79144307709762,0.13970588235294112,0.20987654320987653,0.2564102564102564,Ward2024 compound 1,DVUDEYVEBQKKMF-UHFFFAOYSA-N,10.1021/acsmedchemlett.3c00480,运行/运行/ATP-VSW/ATP-VSW-DOCK_HTVS_1-002_lib.maegz
ATP-HTVS-94448DA501C0,79074,C[NH+](C)Cc1cccc(CNc2c(C(=O)NCc3ccc(C#N)cc3)sc3cc(F)ccc23)c1,O=C(NCc1ccccc1)c1sc2ccccc2c1NCc1ccccc1,-4.51449028526668,0.6354166666666667,0.17708333333333334,0.2345679012345679,WSA298,IZWVLJVCXHHUOO-UHFFFAOYSA-N,10.1021/acsomega.5c06380,运行/运行/ATP-VSW/ATP-VSW-DOCK_HTVS_1-002_lib.maegz
ATP-HTVS-9480C2297FB5,70563,C[NH+](C)Cc1cccc(CNc2cc3ccccc3nc2NC(=O)c2ccc(O)cc2)c1,O=C(Nc1nc2ccccc2cc1NCc1ccccc1)c1ccccc1,-4.42481376111799,0.5888480392156863,0.3333333333333333,0.3582089552238806,compound 1 (Fraunfelter 2023),WIDVPHSBAXLSEU-LJQANCHMSA-N,10.1021/acsinfecdis.3c00317,运行/运行/ATP-VSW/ATP-VSW-DOCK_HTVS_1-003_lib/ATP-VSW-DOCK_HTVS_1-003_lib.mae
ATP-HTVS-94941B52F5EC,56161,COc1cc(C#N)ccc1CNc1nc2ccccc2nc1NCCc1ccc(CN(C)C)cc1,c1ccc(CCNc2nc3ccccc3nc2NCc2ccccc2)cc1,-3.43266651054237,0.2181372549019608,0.34285714285714286,0.34285714285714286,Ward2024 compound 1,DVUDEYVEBQKKMF-UHFFFAOYSA-N,10.1021/acsmedchemlett.3c00480,运行/运行/ATP-VSW/ATP-VSW-DOCK_HTVS_1-001_lib/ATP-VSW-DOCK_HTVS_1-001_lib
ATP-HTVS-94D8827D88B0,51299,CC[C@@H](O)CN(Cc1ccccc1)C(=O)c1cc(NCc2ccccc2)nc2ccccc12,O=C(NCc1ccccc1)c1cc(NCc2ccccc2)nc2ccccc12,-3.23224548519724,0.1832107843137255,0.2894736842105263,0.2894736842105263,compound 15 (Steed 2022),RIDDIWJTDCGXDH-NRFANRHFSA-N,10.1021/acsomega.2c03127,运行/运行/ATP-VSW/ATP-VSW-DOCK_HTVS_1-003_lib/ATP-VSW-DOCK_HTVS_1-003_lib.mae
ATP-HTVS-94FDA1BF8648,94914,N#CCN(c1ccccc1)c1cnc2ccccc2c1NC(=O)COc1ccccc1Cl,O=C(COc1ccccc1)Nc1c(Nc2ccccc2)cnc2ccccc12,-3.61857230261687,0.2665441176470589,0.2159090909090909,0.2159090909090909,compound 18 (Steed 2022),DCLANSSFVIGXHQ-OAQYLSRUSA-N,10.1021/acsomega.2c03127,运行/运行/ATP-VSW/ATP-VSW-DOCK_HTVS_1-003_lib/ATP-VSW-DOCK_HTVS_1-003_lib.mae
ATP-HTVS-9505CBC4E7EE,64641,CN(C)Cc1ccc(CCNc2nc(NCc3cccc4c3OCO4)[nH+]c3ccccc23)cc1,c1ccc(CCNc2nc(NCc3cccc4c3OCO4)[nH+]c3ccccc23)cc1,-1.65167439484376,0.04840686274509809,0.2876712328767123,0.32857142857142857,Ward2024 compound 1,DVUDEYVEBQKKMF-UHFFFAOYSA-N,10.1021/acsmedchemlett.3c00480,运行/运行/ATP-VSW/ATP-VSW-DOCK_HTVS_1-001_lib/ATP-VSW-DOCK_HTVS_1-001_lib
ATP-HTVS-952C6901247D,71138,COc1ccccc1CC(=O)Nc1c[nH+]c2ccccc2c1NCc1cccc(C[NH+](C)C)c1,O=C(Cc1ccccc1)Nc1c[nH+]c2ccccc2c1NCc1ccccc1,-4.77328082745397,0.7463235294117647,0.25,0.3125,compound 18 (Steed 2022),DCLANSSFVIGXHQ-OAQYLSRUSA-N,10.1021/acsomega.2c03127,运行/运行/ATP-VSW/ATP-VSW-DOCK_HTVS_1-002_lib.maegz
ATP-HTVS-9548848ABB82,37537,CC(C)Nc1cccc(CNC(=O)NC[C@H]2c3ccccc3C(=O)N2Cc2ccccc2)c1,O=C(NCc1ccccc1)NCC1c2ccccc2C(=O)N1Cc1ccccc1,-3.80376357856523,0.3357843137254902,0.21428571428571427,0.2289156626506024,compound 15 (Steed 2022),RIDDIWJTDCGXDH-NRFANRHFSA-N,10.1021/acsomega.2c03127,运行/运行/ATP-VSW/ATP-VSW-DOCK_HTVS_1-001_lib/ATP-VSW-DOCK_HTVS_1-001_lib
ATP-HTVS-954980F32CB7,55906,CCc1ccccc1N(C(C)=O)c1nc(C[NH2+][C@H](C)c2ccc(C[NH+](C)C)cc2)cs1,c1ccc(C[NH2+]Cc2csc(Nc3ccccc3)n2)cc1,-4.89048614238512,0.7855392156862745,0.19540229885057472,0.3013698630136986,compound 15 (Steed 2022),RIDDIWJTDCGXDH-NRFANRHFSA-N,10.1021/acsomega.2c03127,运行/运行/ATP-VSW/ATP-VSW-DOCK_HTVS_1-002_lib.maegz
ATP-HTVS-95B9B67075F0,77443,C#CCCNC(=O)c1ccc(CN2CC(=O)Nc3ccccc3[C@@H]2c2ccccc2)cc1,O=C1CN(Cc2ccccc2)C(c2ccccc2)c2ccccc2N1,-3.60768913216631,0.26225490196078427,0.18478260869565216,0.18478260869565216,WSA298,IZWVLJVCXHHUOO-UHFFFAOYSA-N,10.1021/acsomega.5c06380,运行/运行/ATP-VSW/ATP-VSW-DOCK_HTVS_1-003_lib/ATP-VSW-DOCK_HTVS_1-003_lib.mae
ATP-HTVS-95C9BC6D1CE7,79202,OCCNc1ccc(CNc2ccc(OCc3ccccc3)c(Br)n2)cc1,c1ccc(CNc2ccc(OCc3ccccc3)cn2)cc1,-4.77672736272663,0.7487745098039216,0.273972602739726,0.273972602739726,compound 15 (Steed 2022),RIDDIWJTDCGXDH-NRFANRHFSA-N,10.1021/acsomega.2c03127,运行/运行/ATP-VSW/ATP-VSW-DOCK_HTVS_1-002_lib.maegz
ATP-HTVS-95D1FAD4F080,71875,C[NH+](C)Cc1cccc(CNc2cnc(NC(=O)c3cccc(C#N)c3)c3ccccc23)c1,O=C(Nc1ncc(NCc2ccccc2)c2ccccc12)c1ccccc1,-3.36505156641546,0.2095588235294118,0.19540229885057472,0.22784810126582278,compound 15 (Steed 2022),RIDDIWJTDCGXDH-NRFANRHFSA-N,10.1021/acsomega.2c03127,运行/运行/ATP-VSW/ATP-VSW-DOCK_HTVS_1-003_lib/ATP-VSW-DOCK_HTVS_1-003_lib.mae
ATP-HTVS-95D98DD03D76,71298,CN(C)Cc1ccc(CNc2c(CN(C)C(=O)CCc3ccccc3)sc3ccccc23)cc1,O=C(CCc1ccccc1)NCc1sc2ccccc2c1NCc1ccccc1,-1.84497504190729,0.06740196078431371,0.2676056338028169,0.2676056338028169,Ward2024 compound 1,DVUDEYVEBQKKMF-UHFFFAOYSA-N,10.1021/acsmedchemlett.3c00480,运行/运行/ATP-VSW/ATP-VSW-DOCK_HTVS_1-002_lib.maegz
ATP-HTVS-95EE858F8EEC,89953,CCN(CC)Cc1cccc(CNc2cnc3ccccc3c2NC(=O)c2ccccc2C(=O)OC)c1,O=C(Nc1c(NCc2ccccc2)cnc2ccccc12)c1ccccc1,-1.27996467838941,0.021446078431372584,0.24705882352941178,0.2619047619047619,compound 15 (Steed 2022),RIDDIWJTDCGXDH-NRFANRHFSA-N,10.1021/acsomega.2c03127,运行/运行/ATP-VSW/ATP-VSW-DOCK_HTVS_1-001_lib/ATP-VSW-DOCK_HTVS_1-001_lib
ATP-HTVS-96035055C171,32801,CC(=O)Nc1cccc(C[NH2+]C[C@@H]2c3ccccc3C(=O)N2Cc2ccccc2)c1,O=C1c2ccccc2C(C[NH2+]Cc2ccccc2)N1Cc1ccccc1,-5.8406342578885,0.9662990196078431,0.19767441860465115,0.2289156626506024,WSA236,CJWSCOKTAUPKHM-UHFFFAOYSA-N,10.1002/cmdc.202400952,运行/运行/ATP-VSW/ATP-VSW-DOCK_HTVS_1-001_lib/ATP-VSW-DOCK_HTVS_1-001_lib
ATP-HTVS-9640828E0D0B,57411,C[N@@H+](Cc1cccc(Cl)c1)Cc1nc2ccccc2n1Cc1ccccc1,c1ccc(C[NH2+]Cc2nc3ccccc3n2Cc2ccccc2)cc1,-3.35213698024349,0.20772058823529416,0.25,0.2647058823529412,WSA249,YEMLSUARMQTHJO-UHFFFAOYSA-N,10.1002/cmdc.202400952,运行/运行/ATP-VSW/ATP-VSW-DOCK_HTVS_1-003_lib/ATP-VSW-DOCK_HTVS_1-003_lib.mae
ATP-HTVS-96C7A2856398,57953,Clc1ccc([C@H](C[NH2+]Cc2cn(-c3ccccc3)nc2-c2ccncc2)N2CCCC2)cc1,c1ccc(C(C[NH2+]Cc2cn(-c3ccccc3)nc2-c2ccncc2)N2CCCC2)cc1,-3.90880903018788,0.3762254901960784,0.21428571428571427,0.2948717948717949,WSA294,FPTVNOKSIHPUTA-UHFFFAOYSA-N,10.1021/acsomega.5c06380,运行/运行/ATP-VSW/ATP-VSW-DOCK_HTVS_1-001_lib/ATP-VSW-DOCK_HTVS_1-001_lib
ATP-HTVS-9702CFD2E9A2,81985,C[NH+](C)Cc1cccc(CNc2cc(Cl)sc2C(=O)N(C#N)c2ccccc2)c1,O=C(Nc1ccccc1)c1sccc1NCc1ccccc1,-5.06834388681742,0.8419117647058824,0.20238095238095238,0.24,compound 15 (Steed 2022),RIDDIWJTDCGXDH-NRFANRHFSA-N,10.1021/acsomega.2c03127,运行/运行/ATP-VSW/ATP-VSW-DOCK_HTVS_1-001_lib/ATP-VSW-DOCK_HTVS_1-001_lib
ATP-HTVS-970FBD5470AF,37921,C[C@H](CN1CC(=O)Nc2ccccc2[C@H]1c1ccccc1)c1cc(F)cc(F)c1,O=C1CN(CCc2ccccc2)C(c2ccccc2)c2ccccc2N1,-1.69707213270437,0.054534313725490224,0.21686746987951808,0.20238095238095238,WSA298,IZWVLJVCXHHUOO-UHFFFAOYSA-N,10.1021/acsomega.5c06380,运行/运行/ATP-VSW/ATP-VSW-DOCK_HTVS_1-001_lib/ATP-VSW-DOCK_HTVS_1-001_lib
ATP-HTVS-970FD2D7162F,57698,C[C@@H]([NH2+]Cc1c(OCc2ccccc2)ccc2ccccc12)c1ccc(C(=O)[O-])cc1,c1ccc(C[NH2+]Cc2c(OCc3ccccc3)ccc3ccccc23)cc1,-4.93997564537262,0.803921568627451,0.3150684931506849,0.38235294117647056,compound 15 (Steed 2022),RIDDIWJTDCGXDH-NRFANRHFSA-N,10.1021/acsomega.2c03127,运行/运行/ATP-VSW/ATP-VSW-DOCK_HTVS_1-002_lib.maegz
ATP-HTVS-971CA853FA9A,47075,Cn1cccc1/C=C/CN1CC(=O)Nc2ccc(Cl)cc2[C@@H]1c1ccccc1F,O=C1CN(CC=Cc2ccc[nH]2)C(c2ccccc2)c2ccccc2N1,-1.95528776146002,0.07475490196078427,0.2073170731707317,0.20481927710843373,Ward2024 compound 17,UYSBYFPUEOTVDZ-UHFFFAOYSA-N,10.1021/acsmedchemlett.3c00480,运行/运行/ATP-VSW/ATP-VSW-DOCK_HTVS_1-003_lib/ATP-VSW-DOCK_HTVS_1-003_lib.mae
ATP-HTVS-976CFBCF515D,13249,Cc1ccccc1[C@@H](C[NH2+]Cc1cn(-c2ccccc2)nc1-c1ccc([N+](=O)[O-])cc1)N(C)C,c1ccc(CC[NH2+]Cc2cn(-c3ccccc3)nc2-c2ccccc2)cc1,-4.53790384148156,0.647671568627451,0.1702127659574468,0.23863636363636365,WSA276,AVMFLQZOZFHZLB-UHFFFAOYSA-N,10.1021/acsomega.5c06380,运行/运行/ATP-VSW/ATP-VSW-DOCK_HTVS_1-001_lib/ATP-VSW-DOCK_HTVS_1-001_lib
ATP-HTVS-9774402850E8,78433,COc1ccc(-c2ccnc(NC(=O)c3ccccc3CN(C)C)c2C(=O)c2ccccc2)cc1,O=C(Nc1nccc(-c2ccccc2)c1C(=O)c1ccccc1)c1ccccc1,-1.68224263464737,0.05208333333333337,0.25316455696202533,0.25316455696202533,compound 8 (Steed 2022),ROJPDORYZONAPF-UHFFFAOYSA-N,10.1021/acsomega.2c03127,运行/运行/ATP-VSW/ATP-VSW-DOCK_HTVS_1-001_lib/ATP-VSW-DOCK_HTVS_1-001_lib
ATP-HTVS-980C1FC6FC1E,30689,CN(C)Cc1ccc(CCNc2nc(NC[C@@H](c3ccccc3)[NH+](C)C)[nH+]c3ccccc23)cc1,c1ccc(CCNc2nc(NCCc3ccccc3)c3ccccc3[nH+]2)cc1,-2.76518341494562,0.13541666666666663,0.25675675675675674,0.3181818181818182,Ward2024 compound 1,DVUDEYVEBQKKMF-UHFFFAOYSA-N,10.1021/acsmedchemlett.3c00480,运行/运行/ATP-VSW/ATP-VSW-DOCK_HTVS_1-001_lib/ATP-VSW-DOCK_HTVS_1-001_lib
ATP-HTVS-985FC5CCBDCC,91523,C[NH+](C)Cc1ccc(CNC(=O)c2[nH]c3ccccc3c2C#C[C@@H](O)c2ccccc2Cl)cc1,O=C(NCc1ccccc1)c1[nH]c2ccccc2c1C#CCc1ccccc1,-5.71487107256953,0.9528186274509804,0.2,0.2631578947368421,compound 18 (Steed 2022),DCLANSSFVIGXHQ-OAQYLSRUSA-N,10.1021/acsomega.2c03127,运行/运行/ATP-VSW/ATP-VSW-DOCK_HTVS_1-003_lib/ATP-VSW-DOCK_HTVS_1-003_lib.mae
ATP-HTVS-986AE7271DA8,70049,C[C@@H](C#N)N(c1ccccc1)c1cnc(NC(=O)c2ccc(C[NH+](C)C)cc2)c2ccccc12,O=C(Nc1ncc(Nc2ccccc2)c2ccccc12)c1ccccc1,-4.27746207723396,0.522671568627451,0.2289156626506024,0.25,compound 15 (Steed 2022),RIDDIWJTDCGXDH-NRFANRHFSA-N,10.1021/acsomega.2c03127,运行/运行/ATP-VSW/ATP-VSW-DOCK_HTVS_1-001_lib/ATP-VSW-DOCK_HTVS_1-001_lib
ATP-HTVS-9898F3268698,61313,C[C@H]([NH2+]Cc1cccc(SCc2ccccc2)c1)c1ccc(CN(C)C)cc1,c1ccc(C[NH2+]Cc2cccc(SCc3ccccc3)c2)cc1,-2.98447795196858,0.15502450980392157,0.296875,0.328125,Ward2024 compound 6,LKLACXNGVWXYAW-UHFFFAOYSA-N,10.1021/acsmedchemlett.3c00480,运行/运行/ATP-VSW/ATP-VSW-DOCK_HTVS_1-001_lib/ATP-VSW-DOCK_HTVS_1-001_lib
ATP-HTVS-98A0502BF743,60257,C[C@@H]([NH2+]Cc1ccncc1OCc1ccccc1)c1ccc(OCC[NH+](C)C)cc1,c1ccc(C[NH2+]Cc2ccncc2OCc2ccccc2)cc1,-5.16291107795336,0.8719362745098039,0.25,0.3157894736842105,compound 15 (Steed 2022),RIDDIWJTDCGXDH-NRFANRHFSA-N,10.1021/acsomega.2c03127,运行/运行/ATP-VSW/ATP-VSW-DOCK_HTVS_1-001_lib/ATP-VSW-DOCK_HTVS_1-001_lib
ATP-HTVS-98C6C787C9CA,97922,C[C@@H]([NH2+]CC#Cc1c(NC(=O)c2cc(C#N)ccc2F)cnc2ccccc12)c1cccc(F)c1,O=C(Nc1cnc2ccccc2c1C#CC[NH2+]Cc1ccccc1)c1ccccc1,-4.54109621763806,0.6488970588235294,0.21052631578947367,0.21505376344086022,compound 15 (Steed 2022),RIDDIWJTDCGXDH-NRFANRHFSA-N,10.1021/acsomega.2c03127,运行/运行/ATP-VSW/ATP-VSW-DOCK_HTVS_1-003_lib/ATP-VSW-DOCK_HTVS_1-003_lib.mae
ATP-HTVS-98E751432A52,90242,C[NH+](C)Cc1cccc(CNc2cnc(NC(=O)C#Cc3ccccc3)c(F)c2)c1,O=C(C#Cc1ccccc1)Nc1ccc(NCc2ccccc2)cn1,-6.28735821177687,0.991421568627451,0.22988505747126436,0.2702702702702703,WSA298,IZWVLJVCXHHUOO-UHFFFAOYSA-N,10.1021/acsomega.5c06380,运行/运行/ATP-VSW/ATP-VSW-DOCK_HTVS_1-002_lib.maegz
ATP-HTVS-98EFE7D538B2,77379,CN(C(=O)c1sccc1NCc1cccc(C[NH+](C)C)c1)c1cccc(N)c1,O=C(Nc1ccccc1)c1sccc1NCc1ccccc1,-4.46443026285238,0.6102941176470589,0.20987654320987653,0.23943661971830985,compound 15 (Steed 2022),RIDDIWJTDCGXDH-NRFANRHFSA-N,10.1021/acsomega.2c03127,运行/运行/ATP-VSW/ATP-VSW-DOCK_HTVS_1-003_lib/ATP-VSW-DOCK_HTVS_1-003_lib.mae
ATP-HTVS-99217F2350A2,27618,C[NH+](C)CCOc1cccc(CN2CC(=O)Nc3ccc(Br)cc3[C@H]2c2ccccc2)c1,O=C1CN(Cc2ccccc2)C(c2ccccc2)c2ccccc2N1,-1.4304558968226,0.028799019607843146,0.21978021978021978,0.23076923076923078,WSA257,NLTZNXHLSWPGMA-UHFFFAOYSA-N,10.1002/cmdc.202400952,运行/运行/ATP-VSW/ATP-VSW-DOCK_HTVS_1-002_lib.maegz
ATP-HTVS-99483DBEAA78,20963,C[C@@](N)(C(=O)n1nc(-c2ccncc2)cc1CC[NH2+]Cc1ccccc1)c1ccccc1,O=C(Cc1ccccc1)n1nc(-c2ccncc2)cc1CC[NH2+]Cc1ccccc1,-6.3660091336744,0.9950980392156863,0.20481927710843373,0.26666666666666666,compound 15 (Steed 2022),RIDDIWJTDCGXDH-NRFANRHFSA-N,10.1021/acsomega.2c03127,运行/运行/ATP-VSW/ATP-VSW-DOCK_HTVS_1-003_lib/ATP-VSW-DOCK_HTVS_1-003_lib.mae
ATP-HTVS-9967BD998929,72578,Cc1ccc([C@@H](O)CNc2c(NC(=O)[C@H](Br)c3ccccc3)c[nH+]c3ccccc23)cc1,O=C(Cc1ccccc1)Nc1c[nH+]c2ccccc2c1NCCc1ccccc1,-4.99163821619935,0.8192401960784313,0.17073170731707318,0.2073170731707317,compound 8 (Steed 2022),ROJPDORYZONAPF-UHFFFAOYSA-N,10.1021/acsomega.2c03127,运行/运行/ATP-VSW/ATP-VSW-DOCK_HTVS_1-002_lib.maegz
ATP-HTVS-99B36318F637,6081,C[C@H](O)c1ccc(C[NH2+]Cc2cn(Cc3ccccc3)nc2-c2ccccc2)cc1,c1ccc(C[NH2+]Cc2cn(Cc3ccccc3)nc2-c2ccccc2)cc1,-4.85891735735908,0.7720588235294118,0.273972602739726,0.4090909090909091,WSA294,FPTVNOKSIHPUTA-UHFFFAOYSA-N,10.1021/acsomega.5c06380,运行/运行/ATP-VSW/ATP-VSW-DOCK_HTVS_1-001_lib/ATP-VSW-DOCK_HTVS_1-001_lib
ATP-HTVS-99E4671812AC,87393,C[NH+](C)Cc1ccc(C(=O)Nc2nc3ccccc3cc2N(CC[NH3+])c2ccccc2)cc1,O=C(Nc1nc2ccccc2cc1Nc1ccccc1)c1ccccc1,-5.21773634407887,0.8817401960784313,0.2972972972972973,0.3787878787878788,compound 8 (Steed 2022),ROJPDORYZONAPF-UHFFFAOYSA-N,10.1021/acsomega.2c03127,运行/运行/ATP-VSW/ATP-VSW-DOCK_HTVS_1-001_lib/ATP-VSW-DOCK_HTVS_1-001_lib
ATP-HTVS-9A332D1A0286,27617,O=C(NCc1ccccc1NCCO)c1cc(NCc2ccccc2)nc2ccccc12,O=C(NCc1ccccc1)c1cc(NCc2ccccc2)nc2ccccc12,-3.77220722696342,0.32414215686274506,0.27631578947368424,0.2602739726027397,compound 15 (Steed 2022),RIDDIWJTDCGXDH-NRFANRHFSA-N,10.1021/acsomega.2c03127,运行/运行/ATP-VSW/ATP-VSW-DOCK_HTVS_1-001_lib/ATP-VSW-DOCK_HTVS_1-001_lib
ATP-HTVS-9A3A5E055FE2,67235,C[NH+](C)Cc1cc(F)ccc1CNc1nc(NCc2ccc(F)c(CO)c2)c2ccccc2[nH+]1,c1ccc(CNc2nc(NCc3ccccc3)c3ccccc3[nH+]2)cc1,-5.01552846270557,0.8290441176470589,0.22916666666666666,0.323943661971831,WSA297,GXYVJEJKTGYEDL-UHFFFAOYSA-N,10.1021/acsomega.5c06380,运行/运行/ATP-VSW/ATP-VSW-DOCK_HTVS_1-003_lib/ATP-VSW-DOCK_HTVS_1-003_lib.mae
ATP-HTVS-9A75570B0E27,83009,CN(Cc1ccccc1)C(=O)c1cc(Nc2ccc(C[NH+](C)C)cc2)cs1,O=C(NCc1ccccc1)c1cc(Nc2ccccc2)cs1,-4.5760706909973,0.6678921568627452,0.2191780821917808,0.2903225806451613,compound 8 (Steed 2022),ROJPDORYZONAPF-UHFFFAOYSA-N,10.1021/acsomega.2c03127,运行/运行/ATP-VSW/ATP-VSW-DOCK_HTVS_1-001_lib/ATP-VSW-DOCK_HTVS_1-001_lib
ATP-HTVS-9A76BB66DB1D,70498,Cc1ccc([C@@H](O)CNc2nc3ccccc3nc2Cc2ccccc2)cc1,c1ccc(CCNc2nc3ccccc3nc2Cc2ccccc2)cc1,-4.55268185778533,0.6544117647058824,0.2571428571428571,0.2361111111111111,compound 15 (Steed 2022),RIDDIWJTDCGXDH-NRFANRHFSA-N,10.1021/acsomega.2c03127,运行/运行/ATP-VSW/ATP-VSW-DOCK_HTVS_1-002_lib.maegz
ATP-HTVS-9A86ECE1052E,19937,CSc1ccc(-c2cnc(C[NH2+]Cc3ccc(C[NH+](C)C)cc3)nc2)cc1,c1ccc(C[NH2+]Cc2ncc(-c3ccccc3)cn2)cc1,-4.15115908446999,0.47120098039215685,0.22666666666666666,0.43636363636363634,WSA298,IZWVLJVCXHHUOO-UHFFFAOYSA-N,10.1021/acsomega.5c06380,运行/运行/ATP-VSW/ATP-VSW-DOCK_HTVS_1-001_lib/ATP-VSW-DOCK_HTVS_1-001_lib
ATP-HTVS-9AD82B0B5D2D,80610,C[C@H](NCC#Cc1cnc(NC(=O)[C@H](O)c2cccc(Cl)c2)c2ccccc12)c1cccc(F)c1,O=C(Cc1ccccc1)Nc1ncc(C#CCNCc2ccccc2)c2ccccc12,-4.44533651227417,0.5998774509803921,0.2,0.18681318681318682,compound 15 (Steed 2022),RIDDIWJTDCGXDH-NRFANRHFSA-N,10.1021/acsomega.2c03127,运行/运行/ATP-VSW/ATP-VSW-DOCK_HTVS_1-002_lib.maegz
ATP-HTVS-9AEFC257B6AB,94850,Cc1ccc(C)c(C(=O)Nc2ncc(NCc3ccc(NCCO)cc3)c3ccccc23)c1,O=C(Nc1ncc(NCc2ccccc2)c2ccccc12)c1ccccc1,-4.66862510912702,0.7034313725490196,0.25316455696202533,0.25316455696202533,compound 8 (Steed 2022),ROJPDORYZONAPF-UHFFFAOYSA-N,10.1021/acsomega.2c03127,运行/运行/ATP-VSW/ATP-VSW-DOCK_HTVS_1-003_lib/ATP-VSW-DOCK_HTVS_1-003_lib.mae
ATP-HTVS-9AF19AD81321,95841,CN(C(=O)c1ccnc(Nc2cccc(C[NH+](C)C)c2)c1)c1ccccc1F,O=C(Nc1ccccc1)c1ccnc(Nc2ccccc2)c1,-4.2878788677618,0.5269607843137255,0.21686746987951808,0.2465753424657534,compound 15 (Steed 2022),RIDDIWJTDCGXDH-NRFANRHFSA-N,10.1021/acsomega.2c03127,运行/运行/ATP-VSW/ATP-VSW-DOCK_HTVS_1-001_lib/ATP-VSW-DOCK_HTVS_1-001_lib
ATP-HTVS-9B930A3F277B,46658,CN1CCN(Cc2ccccc2C[NH2+]Cc2cc(OCc3ccccc3)c3ccccc3c2)CC1,c1ccc(COc2cc(C[NH2+]Cc3ccccc3CN3CCNCC3)cc3ccccc23)cc1,-3.71626239896153,0.2953431372549019,0.30666666666666664,0.38571428571428573,WSA250,SSOJQSHUAQGPLD-UHFFFAOYSA-N,10.1002/cmdc.202400952,运行/运行/ATP-VSW/ATP-VSW-DOCK_HTVS_1-002_lib.maegz
ATP-HTVS-9BFBB44B9744,92161,CNc1cccc(Cc2c(-c3ccc(C)cc3)c(=O)[nH]c3ccccc23)c1,O=c1[nH]c2ccccc2c(Cc2ccccc2)c1-c1ccccc1,-1.907532346584,0.07046568627450978,0.2125,0.2125,compound 18 (Steed 2022),DCLANSSFVIGXHQ-OAQYLSRUSA-N,10.1021/acsomega.2c03127,运行/运行/ATP-VSW/ATP-VSW-DOCK_HTVS_1-001_lib/ATP-VSW-DOCK_HTVS_1-001_lib
ATP-HTVS-9C0CB662701B,22849,C[NH+](C)Cc1ccc(CC[NH2+]Cc2ccc(OCc3ccccc3)cn2)cc1,c1ccc(CC[NH2+]Cc2ccc(OCc3ccccc3)cn2)cc1,-5.27526288431442,0.892156862745098,0.225,0.3125,WSA278,JWHCVPMRQDOIHA-UHFFFAOYSA-N,10.1021/acsomega.5c06380,运行/运行/ATP-VSW/ATP-VSW-DOCK_HTVS_1-001_lib/ATP-VSW-DOCK_HTVS_1-001_lib
ATP-HTVS-9C2287A2D630,61441,C[NH+](C)CC[C@H]([NH2+]Cc1cn(Cc2ccccc2)nc1-c1ccc(Cl)cc1)c1cccnc1,c1ccc(Cn2cc(C[NH2+]Cc3cccnc3)c(-c3ccccc3)n2)cc1,-4.873583143251,0.7787990196078431,0.22916666666666666,0.27956989247311825,WSA297,GXYVJEJKTGYEDL-UHFFFAOYSA-N,10.1021/acsomega.5c06380,运行/运行/ATP-VSW/ATP-VSW-DOCK_HTVS_1-001_lib/ATP-VSW-DOCK_HTVS_1-001_lib
ATP-HTVS-9C588CAB6516,96290,COc1ccc(NCc2[nH+]c3ccccc3n2Cc2ccccc2)cc1C[NH+](C)C,c1ccc(Cn2c(CNc3ccccc3)[nH+]c3ccccc32)cc1,-5.04518264614156,0.8376225490196079,0.25842696629213485,0.3055555555555556,WSA297,GXYVJEJKTGYEDL-UHFFFAOYSA-N,10.1021/acsomega.5c06380,运行/运行/ATP-VSW/ATP-VSW-DOCK_HTVS_1-003_lib/ATP-VSW-DOCK_HTVS_1-003_lib.mae
ATP-HTVS-9C7CAB1133CD,78305,CN(C(=O)c1sc(Cl)cc1NCc1ccc(C[NH+](C)C)cc1)c1cccc(C#N)c1,O=C(Nc1ccccc1)c1sccc1NCc1ccccc1,-3.81902247195702,0.34191176470588236,0.1875,0.2702702702702703,Ward2024 compound 1,DVUDEYVEBQKKMF-UHFFFAOYSA-N,10.1021/acsmedchemlett.3c00480,运行/运行/ATP-VSW/ATP-VSW-DOCK_HTVS_1-001_lib/ATP-VSW-DOCK_HTVS_1-001_lib
ATP-HTVS-9C9650448F2C,83841,CN(c1cnc(NC(=O)c2ccc(OCC[NH+](C)C)cc2)c2ccccc12)[C@H](C#N)c1ccccc1,O=C(Nc1ncc(NCc2ccccc2)c2ccccc12)c1ccccc1,-4.32686774353319,0.5447303921568627,0.19101123595505617,0.21951219512195122,compound 15 (Steed 2022),RIDDIWJTDCGXDH-NRFANRHFSA-N,10.1021/acsomega.2c03127,运行/运行/ATP-VSW/ATP-VSW-DOCK_HTVS_1-001_lib/ATP-VSW-DOCK_HTVS_1-001_lib
ATP-HTVS-9CB3B225923C,39555,Cc1cccc(C[C@H](CO)Nc2nc(-c3ccccc3)c3ccccc3n2)c1,c1ccc(CCNc2nc(-c3ccccc3)c3ccccc3n2)cc1,-4.2827899685835,0.5251225490196079,0.24,0.24050632911392406,compound 15 (Steed 2022),RIDDIWJTDCGXDH-NRFANRHFSA-N,10.1021/acsomega.2c03127,运行/运行/ATP-VSW/ATP-VSW-DOCK_HTVS_1-003_lib/ATP-VSW-DOCK_HTVS_1-003_lib.mae
ATP-HTVS-9CE7151F0CF5,20835,C[NH+](C)Cc1cccc(-n2c(=O)c3ccccc3n2Cc2ccccc2)c1,O=c1c2ccccc2n(Cc2ccccc2)n1-c1ccccc1,-3.24024954661665,0.1868872549019608,0.18666666666666668,0.22727272727272727,WSA249,YEMLSUARMQTHJO-UHFFFAOYSA-N,10.1002/cmdc.202400952,运行/运行/ATP-VSW/ATP-VSW-DOCK_HTVS_1-003_lib/ATP-VSW-DOCK_HTVS_1-003_lib.mae
ATP-HTVS-9D3CA67459E0,67746,CCn1c(-c2ccccc2)c(C(=O)CN(C)Cc2ccc(CN(C)CCOC)cc2)c2ccccc21,O=C(CNCc1ccccc1)c1c(-c2ccccc2)[nH]c2ccccc12,-2.86212066257139,0.14338235294117652,0.2073170731707317,0.2073170731707317,compound 15 (Steed 2022),RIDDIWJTDCGXDH-NRFANRHFSA-N,10.1021/acsomega.2c03127,运行/运行/ATP-VSW/ATP-VSW-DOCK_HTVS_1-002_lib.maegz
ATP-HTVS-9D856A339FA1,23650,Cc1ccc(-c2nn(-c3ccccc3)cc2CNCc2ccccc2NCCO)cc1,c1ccc(CNCc2cn(-c3ccccc3)nc2-c2ccccc2)cc1,-1.725732429658,0.056372549019607865,0.29333333333333333,0.29333333333333333,WSA280,XQBWCRMKNUAPEC-UHFFFAOYSA-N,10.1021/acsomega.5c06380,运行/运行/ATP-VSW/ATP-VSW-DOCK_HTVS_1-002_lib.maegz
ATP-HTVS-9D863030CFC5,78209,O=C(Nc1ncc(NCc2ccc(NCCO)cc2)c2ccccc12)c1ccccc1[S-],O=C(Nc1ncc(NCc2ccccc2)c2ccccc12)c1ccccc1,-3.5934851545959,0.258578431372549,0.21518987341772153,0.21518987341772153,compound 8 (Steed 2022),ROJPDORYZONAPF-UHFFFAOYSA-N,10.1021/acsomega.2c03127,运行/运行/ATP-VSW/ATP-VSW-DOCK_HTVS_1-001_lib/ATP-VSW-DOCK_HTVS_1-001_lib
ATP-HTVS-9DA78F477298,97857,C[C@H]([NH2+]CC#Cc1cnc2ccccc2c1NC(=O)c1cc(F)cc(C#N)c1)c1ccccc1F,O=C(Nc1c(C#CC[NH2+]Cc2ccccc2)cnc2ccccc12)c1ccccc1,-4.96402619211755,0.8106617647058824,0.21212121212121213,0.21978021978021978,compound 19 (Steed 2022),DHQKBEDPXLHXAJ-OAQYLSRUSA-N,10.1021/acsomega.2c03127,运行/运行/ATP-VSW/ATP-VSW-DOCK_HTVS_1-002_lib.maegz
ATP-HTVS-9DADF577E8AC,41122,COc1cc(CNc2ccc(C[NH+](C)C)c(F)c2)c(OC)c2ccccc12,c1ccc(NCc2ccc3ccccc3c2)cc1,-4.5049171298659,0.6311274509803921,0.22093023255813954,0.2537313432835821,WSA297,GXYVJEJKTGYEDL-UHFFFAOYSA-N,10.1021/acsomega.5c06380,运行/运行/ATP-VSW/ATP-VSW-DOCK_HTVS_1-002_lib.maegz
ATP-HTVS-9DBDBA397665,91489,Cc1ccc([C@@H](NCc2cc(OCc3ccccc3)cc(OCc3ccccc3)c2)C(=O)[O-])cc1,c1ccc(CNCc2cc(OCc3ccccc3)cc(OCc3ccccc3)c2)cc1,-1.6179247319782,0.0447303921568627,0.35294117647058826,0.34328358208955223,compound 15 (Steed 2022),RIDDIWJTDCGXDH-NRFANRHFSA-N,10.1021/acsomega.2c03127,运行/运行/ATP-VSW/ATP-VSW-DOCK_HTVS_1-001_lib/ATP-VSW-DOCK_HTVS_1-001_lib
ATP-HTVS-9DFA3785F0DB,83778,CNc1cccc(CNC(=O)c2cn(-c3ccccc3)c(=O)c3ccccc23)c1,O=C(NCc1ccccc1)c1cn(-c2ccccc2)c(=O)c2ccccc12,-3.13995854180973,0.1703431372549019,0.22077922077922077,0.22077922077922077,compound 15 (Steed 2022),RIDDIWJTDCGXDH-NRFANRHFSA-N,10.1021/acsomega.2c03127,运行/运行/ATP-VSW/ATP-VSW-DOCK_HTVS_1-002_lib.maegz
ATP-HTVS-9E45A7CB1B23,24003,CC(C)Nc1ccc(CNC(=O)Cn2c(COc3ccccc3)[nH+]c3ccccc32)cc1,O=C(Cn1c(COc2ccccc2)[nH+]c2ccccc21)NCc1ccccc1,-2.34711079073836,0.10539215686274506,0.23170731707317074,0.2911392405063291,compound 15 (Steed 2022),RIDDIWJTDCGXDH-NRFANRHFSA-N,10.1021/acsomega.2c03127,运行/运行/ATP-VSW/ATP-VSW-DOCK_HTVS_1-003_lib/ATP-VSW-DOCK_HTVS_1-003_lib.mae
ATP-HTVS-9E60DE94BDF0,48290,[NH3+][C@H](CNC(=O)c1oc2ccccc2c1CSc1ccc(F)cc1)c1ccccc1,O=C(NCCc1ccccc1)c1oc2ccccc2c1CSc1ccccc1,-4.60884128417233,0.6819852941176471,0.21686746987951808,0.21428571428571427,WSA298,IZWVLJVCXHHUOO-UHFFFAOYSA-N,10.1021/acsomega.5c06380,运行/运行/ATP-VSW/ATP-VSW-DOCK_HTVS_1-002_lib.maegz
ATP-HTVS-9F0B8180A605,37283,CCc1cccc(CN2CC(=O)Nc3ccccc3[C@H]2c2ccccc2)c1O,O=C1CN(Cc2ccccc2)C(c2ccccc2)c2ccccc2N1,-2.28715026993037,0.09865196078431371,0.175,0.17857142857142858,Ward2024 compound 13,SVSBIDILOVJTHE-UHFFFAOYSA-N,10.1021/acsmedchemlett.3c00480,运行/运行/ATP-VSW/ATP-VSW-DOCK_HTVS_1-003_lib/ATP-VSW-DOCK_HTVS_1-003_lib.mae
ATP-HTVS-9F37D3A44946,93826,CCN(c1c(CN(C)C(=O)c2ccc(C[NH+](C)C)o2)sc2ccccc12)[C@H](C#N)c1ccccc1,O=C(NCc1sc2ccccc2c1NCc1ccccc1)c1ccco1,-4.33739838467517,0.5471813725490196,0.16161616161616163,0.16470588235294117,WSA236,CJWSCOKTAUPKHM-UHFFFAOYSA-N,10.1002/cmdc.202400952,运行/运行/ATP-VSW/ATP-VSW-DOCK_HTVS_1-003_lib/ATP-VSW-DOCK_HTVS_1-003_lib.mae
ATP-HTVS-9F5103B68EB9,61826,COc1cc(CNc2ccc(Cl)c(C[N@@H+](C)CCO)c2)c(OC)c2ccccc12,c1ccc(NCc2ccc3ccccc3c2)cc1,-4.70043332703515,0.7218137254901961,0.21794871794871795,0.25333333333333335,compound 8 (Steed 2022),ROJPDORYZONAPF-UHFFFAOYSA-N,10.1021/acsomega.2c03127,运行/运行/ATP-VSW/ATP-VSW-DOCK_HTVS_1-002_lib.maegz
ATP-HTVS-9F7EB006111C,2945,Cc1ccc([C@H](O)CNc2nc(NCc3ccccc3)[nH+]c3ccccc23)cc1,c1ccc(CCNc2nc(NCc3ccccc3)[nH+]c3ccccc23)cc1,-4.1751952883003,0.4779411764705882,0.24358974358974358,0.2465753424657534,WSA280,XQBWCRMKNUAPEC-UHFFFAOYSA-N,10.1021/acsomega.5c06380,运行/运行/ATP-VSW/ATP-VSW-DOCK_HTVS_1-001_lib/ATP-VSW-DOCK_HTVS_1-001_lib
ATP-HTVS-9F81472CEEC6,90627,C[C@@H]([NH2+]CC#Cc1cnc(NC(=O)c2ccc(C#N)cc2)c2ccccc12)c1ccc(F)cc1,O=C(Nc1ncc(C#CC[NH2+]Cc2ccccc2)c2ccccc12)c1ccccc1,-3.92700618408481,0.38541666666666663,0.18556701030927836,0.19148936170212766,compound 19 (Steed 2022),DHQKBEDPXLHXAJ-OAQYLSRUSA-N,10.1021/acsomega.2c03127,运行/运行/ATP-VSW/ATP-VSW-DOCK_HTVS_1-003_lib/ATP-VSW-DOCK_HTVS_1-003_lib.mae
ATP-HTVS-9F81613398D9,73347,C[NH+](C)Cc1cccc(CNc2cnc(NC(=O)c3cccc(F)c3F)c(-n3cccc3)c2)c1,O=C(Nc1ncc(NCc2ccccc2)cc1-n1cccc1)c1ccccc1,-3.79144316095327,0.3302696078431373,0.18823529411764706,0.22784810126582278,Ward2024 compound 19,PXXYITLVUSHXPN-UHFFFAOYSA-N,10.1021/acsmedchemlett.3c00480,运行/运行/ATP-VSW/ATP-VSW-DOCK_HTVS_1-003_lib/ATP-VSW-DOCK_HTVS_1-003_lib.mae
ATP-HTVS-9F8F78EE592C,70659,CCN(c1c(NC(=O)c2ccc(C[NH+](C)C)cc2)c[nH+]c2ccccc12)[C@H](C#N)c1ccccc1,O=C(Nc1c[nH+]c2ccccc2c1NCc1ccccc1)c1ccccc1,-4.99304401130794,0.8198529411764706,0.1797752808988764,0.2692307692307692,compound 8 (Steed 2022),ROJPDORYZONAPF-UHFFFAOYSA-N,10.1021/acsomega.2c03127,运行/运行/ATP-VSW/ATP-VSW-DOCK_HTVS_1-003_lib/ATP-VSW-DOCK_HTVS_1-003_lib.mae
ATP-HTVS-9F9A426F6493,36611,C[NH+](C)Cc1cccc(CNc2nc3ccccc3nc2N[C@@H](CC(N)=O)c2ccccc2)c1,c1ccc(CNc2nc3ccccc3nc2NCc2ccccc2)cc1,-4.38124201372767,0.5716911764705883,0.2987012987012987,0.2987012987012987,compound 15 (Steed 2022),RIDDIWJTDCGXDH-NRFANRHFSA-N,10.1021/acsomega.2c03127,运行/运行/ATP-VSW/ATP-VSW-DOCK_HTVS_1-003_lib/ATP-VSW-DOCK_HTVS_1-003_lib.mae
ATP-HTVS-A05CBA531631,30147,C[NH+](C)Cc1ccc(CCNc2nc(NCc3ccc(CO)cc3F)[nH+]c3ccccc23)cc1,c1ccc(CCNc2nc(NCc3ccccc3)[nH+]c3ccccc23)cc1,-4.77909505067104,0.7506127450980392,0.23170731707317074,0.36231884057971014,compound 8 (Steed 2022),ROJPDORYZONAPF-UHFFFAOYSA-N,10.1021/acsomega.2c03127,运行/运行/ATP-VSW/ATP-VSW-DOCK_HTVS_1-003_lib/ATP-VSW-DOCK_HTVS_1-003_lib.mae
ATP-HTVS-A0BE83379585,57251,Cc1ccc2nc(-c3cccnc3)cc(C(=O)NCc3ccc(CC[NH+](C)C)cc3)c2c1,O=C(NCc1ccccc1)c1cc(-c2cccnc2)nc2ccccc12,-3.689922438493,0.28860294117647056,0.2073170731707317,0.25,compound 8 (Steed 2022),ROJPDORYZONAPF-UHFFFAOYSA-N,10.1021/acsomega.2c03127,运行/运行/ATP-VSW/ATP-VSW-DOCK_HTVS_1-003_lib/ATP-VSW-DOCK_HTVS_1-003_lib.mae
ATP-HTVS-A0DD4911ADFC,80834,C[NH+](C)Cc1cccc(CNc2cnc(NC(=O)c3ccccc3C3(C#N)CC3)c3ccccc23)c1,O=C(Nc1ncc(NCc2ccccc2)c2ccccc12)c1ccccc1C1CC1,-3.1859202757174,0.17585784313725494,0.20430107526881722,0.22105263157894736,WSA280,XQBWCRMKNUAPEC-UHFFFAOYSA-N,10.1021/acsomega.5c06380,运行/运行/ATP-VSW/ATP-VSW-DOCK_HTVS_1-002_lib.maegz
ATP-HTVS-A10345D75118,25475,CN(Cc1ccc([S@@](C)=O)cc1)c1nc2ccccc2nc1NCc1cccc(C[NH+](C)C)c1,c1ccc(CNc2nc3ccccc3nc2NCc2ccccc2)cc1,-4.67048245005305,0.7040441176470589,0.273972602739726,0.36363636363636365,Ward2024 compound 1,DVUDEYVEBQKKMF-UHFFFAOYSA-N,10.1021/acsmedchemlett.3c00480,运行/运行/ATP-VSW/ATP-VSW-DOCK_HTVS_1-003_lib/ATP-VSW-DOCK_HTVS_1-003_lib.mae
ATP-HTVS-A11F200701F2,51714,CNc1ccc(CNc2nc(NCc3ccc(F)cc3C[NH+](C)C)c3ccccc3[nH+]2)cc1,c1ccc(CNc2nc(NCc3ccccc3)c3ccccc3[nH+]2)cc1,-4.56467270844264,0.6580882352941176,0.25,0.373134328358209,Ward2024 compound 1,DVUDEYVEBQKKMF-UHFFFAOYSA-N,10.1021/acsmedchemlett.3c00480,运行/运行/ATP-VSW/ATP-VSW-DOCK_HTVS_1-002_lib.maegz
ATP-HTVS-A12862845571,36162,Cc1cc(CNc2nc3ccccc3nc2NCCc2ccc(C[NH+](C)C)cc2)ccc1N,c1ccc(CCNc2nc3ccccc3nc2NCc2ccccc2)cc1,-4.7765234933544,0.7481617647058824,0.2361111111111111,0.3709677419354839,Ward2024 compound 19,PXXYITLVUSHXPN-UHFFFAOYSA-N,10.1021/acsmedchemlett.3c00480,运行/运行/ATP-VSW/ATP-VSW-DOCK_HTVS_1-002_lib.maegz
ATP-HTVS-A1381500D8FF,28897,CC(C)Oc1ccc(CN2CC(=O)Nc3ccccc3[C@H]2c2ccccc2)cc1,O=C1CN(Cc2ccccc2)C(c2ccccc2)c2ccccc2N1,-2.47390943571033,0.11703431372549022,0.20930232558139536,0.20930232558139536,WSA296,HCBCVTVDQQQYPH-UHFFFAOYSA-N,10.1021/acsomega.5c06380,运行/运行/ATP-VSW/ATP-VSW-DOCK_HTVS_1-001_lib/ATP-VSW-DOCK_HTVS_1-001_lib
ATP-HTVS-A1F737581FBF,84547,c1ccc(C[NH2+]CCc2nc3ccccc3n2Cc2ccccc2)cc1,c1ccc(C[NH2+]CCc2nc3ccccc3n2Cc2ccccc2)cc1,-5.09248195268047,0.8511029411764706,0.23529411764705882,0.3333333333333333,WSA249,YEMLSUARMQTHJO-UHFFFAOYSA-N,10.1002/cmdc.202400952,运行/运行/ATP-VSW/ATP-VSW-DOCK_HTVS_1-003_lib/ATP-VSW-DOCK_HTVS_1-003_lib.mae
ATP-HTVS-A20FC30C18FA,37827,C[NH+](C)Cc1cccc(CNc2nc(NCc3c(N)cccc3F)[nH+]c3ccccc23)c1,c1ccc(CNc2nc(NCc3ccccc3)c3ccccc3[nH+]2)cc1,-3.72303822103631,0.2990196078431373,0.18604651162790697,0.3142857142857143,compound 15 (Steed 2022),RIDDIWJTDCGXDH-NRFANRHFSA-N,10.1021/acsomega.2c03127,运行/运行/ATP-VSW/ATP-VSW-DOCK_HTVS_1-003_lib/ATP-VSW-DOCK_HTVS_1-003_lib.mae
ATP-HTVS-A257C47BE0F3,3587,C[NH+](C)[C@@H](CNC(=O)c1cc(CC(=O)Nc2ccccc2)nc2ccccc12)c1ccc(O)cc1,O=C(Cc1cc(C(=O)NCCc2ccccc2)c2ccccc2n1)Nc1ccccc1,-4.6397364602869,0.6917892156862745,0.2857142857142857,0.2894736842105263,compound 8 (Steed 2022),ROJPDORYZONAPF-UHFFFAOYSA-N,10.1021/acsomega.2c03127,运行/运行/ATP-VSW/ATP-VSW-DOCK_HTVS_1-003_lib/ATP-VSW-DOCK_HTVS_1-003_lib.mae
ATP-HTVS-A25C4EA68E32,90658,C[NH+](C)Cc1ccc(C(=O)Nc2c[nH+]c3ccccc3c2Nc2ccccc2)cc1,O=C(Nc1c[nH+]c2ccccc2c1Nc1ccccc1)c1ccccc1,-4.11001446067938,0.45833333333333337,0.2077922077922078,0.29411764705882354,compound 8 (Steed 2022),ROJPDORYZONAPF-UHFFFAOYSA-N,10.1021/acsomega.2c03127,运行/运行/ATP-VSW/ATP-VSW-DOCK_HTVS_1-002_lib.maegz
ATP-HTVS-A27D1CDFC59C,12003,CC[N@H+](Cc1ccc(CN(C)C)cc1)Cc1cn(-c2ccccc2)nc1-c1ccc([N+](=O)[O-])cc1,c1ccc(C[NH2+]Cc2cn(-c3ccccc3)nc2-c2ccccc2)cc1,-2.90530563951609,0.1470588235294118,0.23376623376623376,0.2465753424657534,Ward2024 compound 1,DVUDEYVEBQKKMF-UHFFFAOYSA-N,10.1021/acsmedchemlett.3c00480,运行/运行/ATP-VSW/ATP-VSW-DOCK_HTVS_1-003_lib/ATP-VSW-DOCK_HTVS_1-003_lib.mae
ATP-HTVS-A286808FA942,81442,Cc1ccc(C(=O)Nc2nc3ccccc3cc2N(CC#N)c2ccccc2)c(Cl)c1,O=C(Nc1nc2ccccc2cc1Nc1ccccc1)c1ccccc1,-4.51886797041443,0.639093137254902,0.2564102564102564,0.2625,compound 8 (Steed 2022),ROJPDORYZONAPF-UHFFFAOYSA-N,10.1021/acsomega.2c03127,运行/运行/ATP-VSW/ATP-VSW-DOCK_HTVS_1-002_lib.maegz
ATP-HTVS-A28F95EF9540,45281,CC(C)(C#N)c1ccccc1CN1CC(=O)Nc2ccc(Br)cc2[C@H]1c1ccccc1,O=C1CN(Cc2ccccc2)C(c2ccccc2)c2ccccc2N1,-0.786560204974218,0.007965686274509776,0.21348314606741572,0.21348314606741572,WSA257,NLTZNXHLSWPGMA-UHFFFAOYSA-N,10.1002/cmdc.202400952,运行/运行/ATP-VSW/ATP-VSW-DOCK_HTVS_1-001_lib/ATP-VSW-DOCK_HTVS_1-001_lib
ATP-HTVS-A2CFD20ABAD2,83203,CN(C)c1ccc(CCNc2c(NC(=O)Cc3ccc(C#N)cc3)cnc3ccccc23)cc1,O=C(Cc1ccccc1)Nc1cnc2ccccc2c1NCCc1ccccc1,-3.7514730124561,0.3112745098039216,0.28,0.28,Ward2024 compound 11,IIRFHYMEOYQCBC-UHFFFAOYSA-N,10.1021/acsmedchemlett.3c00480,运行/运行/ATP-VSW/ATP-VSW-DOCK_HTVS_1-003_lib/ATP-VSW-DOCK_HTVS_1-003_lib.mae
ATP-HTVS-A2EC0CC51325,66753,N#CCCn1cc(C[NH2+]Cc2ccccc2NCCO)c(-c2ccccc2)n1,c1ccc(C[NH2+]Cc2c[nH]nc2-c2ccccc2)cc1,-5.13011357087378,0.8596813725490196,0.1686746987951807,0.23376623376623376,WSA294,FPTVNOKSIHPUTA-UHFFFAOYSA-N,10.1021/acsomega.5c06380,运行/运行/ATP-VSW/ATP-VSW-DOCK_HTVS_1-001_lib/ATP-VSW-DOCK_HTVS_1-001_lib
ATP-HTVS-A2ECE24B89CB,24515,CN(Cc1cccc(N)c1)c1nc(N(C)Cc2ccc(C[NH+](C)C)cc2)c2ccccc2[nH+]1,c1ccc(CNc2nc(NCc3ccccc3)c3ccccc3[nH+]2)cc1,-4.42055691359543,0.5870098039215687,0.21621621621621623,0.3333333333333333,Ward2024 compound 1,DVUDEYVEBQKKMF-UHFFFAOYSA-N,10.1021/acsmedchemlett.3c00480,运行/运行/ATP-VSW/ATP-VSW-DOCK_HTVS_1-003_lib/ATP-VSW-DOCK_HTVS_1-003_lib.mae
ATP-HTVS-A2FDB4A8FB56,72417,C[NH2+]Cc1ccc(CNc2cc3ccccc3nc2NC(=O)Cc2ccccc2)cc1,O=C(Cc1ccccc1)Nc1nc2ccccc2cc1NCc1ccccc1,-4.82971998702599,0.764093137254902,0.35714285714285715,0.373134328358209,compound 15 (Steed 2022),RIDDIWJTDCGXDH-NRFANRHFSA-N,10.1021/acsomega.2c03127,运行/运行/ATP-VSW/ATP-VSW-DOCK_HTVS_1-001_lib/ATP-VSW-DOCK_HTVS_1-001_lib
ATP-HTVS-A305C0BD9D10,76386,C[NH+](C)Cc1cccc(CN[C@@H](C#Cc2cccc(O)c2)c2cc3ccccc3o2)c1,C(#CC(NCc1ccccc1)c1cc2ccccc2o1)c1ccccc1,-5.00305377577559,0.8229166666666666,0.2289156626506024,0.273972602739726,compound 1 (Fraunfelter 2023),WIDVPHSBAXLSEU-LJQANCHMSA-N,10.1021/acsinfecdis.3c00317,运行/运行/ATP-VSW/ATP-VSW-DOCK_HTVS_1-002_lib.maegz
ATP-HTVS-A343C43AF9EC,23169,Cc1ccccc1[C@@H](O)CNCc1c(OCc2ccccc2)ccc2ccccc12,c1ccc(CCNCc2c(OCc3ccccc3)ccc3ccccc23)cc1,-1.75974619112291,0.06311274509803921,0.3055555555555556,0.323943661971831,compound 15 (Steed 2022),RIDDIWJTDCGXDH-NRFANRHFSA-N,10.1021/acsomega.2c03127,运行/运行/ATP-VSW/ATP-VSW-DOCK_HTVS_1-001_lib/ATP-VSW-DOCK_HTVS_1-001_lib
ATP-HTVS-A345DB3E7236,69795,CN(C)Cc1ccc(CNc2c(NC(=O)Cc3cccc(Cl)c3)c[nH+]c3ccccc23)cc1,O=C(Cc1ccccc1)Nc1c[nH+]c2ccccc2c1NCc1ccccc1,-2.29234877703406,0.09926470588235292,0.28378378378378377,0.3380281690140845,Ward2024 compound 1,DVUDEYVEBQKKMF-UHFFFAOYSA-N,10.1021/acsmedchemlett.3c00480,运行/运行/ATP-VSW/ATP-VSW-DOCK_HTVS_1-003_lib/ATP-VSW-DOCK_HTVS_1-003_lib.mae
ATP-HTVS-A361D156A19C,49762,O=C1CN(Cc2cccc(Cl)c2F)[C@H](c2ccccc2F)c2cc(Cl)ccc2N1,O=C1CN(Cc2ccccc2)C(c2ccccc2)c2ccccc2N1,-1.19288878012677,0.017769607843137303,0.18181818181818182,0.18181818181818182,WSA298,IZWVLJVCXHHUOO-UHFFFAOYSA-N,10.1021/acsomega.5c06380,运行/运行/ATP-VSW/ATP-VSW-DOCK_HTVS_1-002_lib.maegz
ATP-HTVS-A38ED211E8B3,94083,C[NH+](C)CCc1ccc(Nc2c(C(=O)N(CC[NH3+])c3ccccc3)c(=O)[nH]c3ccccc23)cc1,O=C(Nc1ccccc1)c1c(Nc2ccccc2)c2ccccc2[nH]c1=O,-1.9539239976085,0.07352941176470584,0.19767441860465115,0.21686746987951808,compound 8 (Steed 2022),ROJPDORYZONAPF-UHFFFAOYSA-N,10.1021/acsomega.2c03127,运行/运行/ATP-VSW/ATP-VSW-DOCK_HTVS_1-003_lib/ATP-VSW-DOCK_HTVS_1-003_lib.mae
ATP-HTVS-A3A98DB30213,66146,CC[N@H+](C)Cc1cccc(CNc2nc(NCc3ccccc3[N+](=O)[O-])c3ccccc3[nH+]2)c1,c1ccc(CNc2nc(NCc3ccccc3)c3ccccc3[nH+]2)cc1,-4.43364552155635,0.5925245098039216,0.1935483870967742,0.2564102564102564,WSA236,CJWSCOKTAUPKHM-UHFFFAOYSA-N,10.1002/cmdc.202400952,运行/运行/ATP-VSW/ATP-VSW-DOCK_HTVS_1-002_lib.maegz
ATP-HTVS-A3FFA90B66AA,58403,C[C@H]([NH2+]Cc1nc2ccccc2n1Cc1ccccc1)[C@H](O)c1ccc(Br)cc1,c1ccc(CC[NH2+]Cc2nc3ccccc3n2Cc2ccccc2)cc1,-5.67375171778163,0.9454656862745098,0.2375,0.26582278481012656,WSA257,NLTZNXHLSWPGMA-UHFFFAOYSA-N,10.1002/cmdc.202400952,运行/运行/ATP-VSW/ATP-VSW-DOCK_HTVS_1-003_lib/ATP-VSW-DOCK_HTVS_1-003_lib.mae
ATP-HTVS-A44EAAD38847,47618,CN(C)Cc1cccc(C[NH2+][C@@H](Cn2cnc3ccccc32)c2ccc(F)cc2)c1,c1ccc(C[NH2+]C(Cn2cnc3ccccc32)c2ccccc2)cc1,-3.24160266592602,0.1875,0.2638888888888889,0.3,Ward2024 compound 1,DVUDEYVEBQKKMF-UHFFFAOYSA-N,10.1021/acsmedchemlett.3c00480,运行/运行/ATP-VSW/ATP-VSW-DOCK_HTVS_1-002_lib.maegz
ATP-HTVS-A459F36766D8,51650,CC[N@@H+](C)Cc1cccc(CNc2nc(NCc3c(N)cccc3F)[nH+]c3ccccc23)c1,c1ccc(CNc2nc(NCc3ccccc3)c3ccccc3[nH+]2)cc1,-3.83139864407395,0.3474264705882353,0.1827956989247312,0.25,WSA236,CJWSCOKTAUPKHM-UHFFFAOYSA-N,10.1002/cmdc.202400952,运行/运行/ATP-VSW/ATP-VSW-DOCK_HTVS_1-002_lib.maegz
ATP-HTVS-A4810EBC0F15,61601,C[NH2+]Cc1ccccc1CNC(=O)c1cc(-c2ccncc2)nc2ccccc12,O=C(NCc1ccccc1)c1cc(-c2ccncc2)nc2ccccc12,-4.69140925514017,0.7162990196078431,0.275,0.25333333333333335,compound 18 (Steed 2022),DCLANSSFVIGXHQ-OAQYLSRUSA-N,10.1021/acsomega.2c03127,运行/运行/ATP-VSW/ATP-VSW-DOCK_HTVS_1-001_lib/ATP-VSW-DOCK_HTVS_1-001_lib
ATP-HTVS-A4BDF0A6C58A,61058,COc1ccc(C[NH2+]C[C@@H]2c3ccccc3C(=O)N2Cc2ccccc2)c(OC)c1,O=C1c2ccccc2C(C[NH2+]Cc2ccccc2)N1Cc1ccccc1,-5.67800417241926,0.9473039215686274,0.2441860465116279,0.3048780487804878,WSA296,HCBCVTVDQQQYPH-UHFFFAOYSA-N,10.1021/acsomega.5c06380,运行/运行/ATP-VSW/ATP-VSW-DOCK_HTVS_1-002_lib.maegz
ATP-HTVS-A4F2667C3349,72738,C[NH+](C)Cc1cccc(CNc2cnc(NC(=O)Cc3ccccc3[N+](=O)[O-])c3ccccc23)c1,O=C(Cc1ccccc1)Nc1ncc(NCc2ccccc2)c2ccccc12,-3.7697979650076,0.3223039215686274,0.2235294117647059,0.24358974358974358,compound 15 (Steed 2022),RIDDIWJTDCGXDH-NRFANRHFSA-N,10.1021/acsomega.2c03127,运行/运行/ATP-VSW/ATP-VSW-DOCK_HTVS_1-002_lib.maegz
ATP-HTVS-A521B3182CFE,21155,CN(Cc1cccc(N)c1)c1nc(NCCc2ccc(C[NH+](C)C)cc2)[nH+]c2ccccc12,c1ccc(CCNc2nc(NCc3ccccc3)c3ccccc3[nH+]2)cc1,-4.55660398916924,0.6550245098039216,0.20987654320987653,0.3188405797101449,Ward2024 compound 6,LKLACXNGVWXYAW-UHFFFAOYSA-N,10.1021/acsmedchemlett.3c00480,运行/运行/ATP-VSW/ATP-VSW-DOCK_HTVS_1-003_lib/ATP-VSW-DOCK_HTVS_1-003_lib.mae
ATP-HTVS-A5353E166184,71683,C[NH+](C)Cc1ccc(CNc2c(NC(=O)c3c(F)cccc3Cl)c[nH+]c3ccccc23)cc1,O=C(Nc1c[nH+]c2ccccc2c1NCc1ccccc1)c1ccccc1,-3.8367353083768,0.34987745098039214,0.18,0.3108108108108108,WSA297,GXYVJEJKTGYEDL-UHFFFAOYSA-N,10.1021/acsomega.5c06380,运行/运行/ATP-VSW/ATP-VSW-DOCK_HTVS_1-003_lib/ATP-VSW-DOCK_HTVS_1-003_lib.mae
ATP-HTVS-A53B334F5824,50977,COc1ccc(C[NH2+]C[C@@H]2c3ccccc3C(=O)N2Cc2ccccc2)cc1F,O=C1c2ccccc2C(C[NH2+]Cc2ccccc2)N1Cc1ccccc1,-5.82573794113561,0.9650735294117647,0.3176470588235294,0.37037037037037035,WSA297,GXYVJEJKTGYEDL-UHFFFAOYSA-N,10.1021/acsomega.5c06380,运行/运行/ATP-VSW/ATP-VSW-DOCK_HTVS_1-001_lib/ATP-VSW-DOCK_HTVS_1-001_lib
ATP-HTVS-A5A2B8D72F00,38882,O=C1c2ccccc2[C@H](C[NH2+]Cc2cc(Cl)ccc2O)N1Cc1ccccc1,O=C1c2ccccc2C(C[NH2+]Cc2ccccc2)N1Cc1ccccc1,-5.3545965868063,0.9037990196078431,0.17647058823529413,0.23076923076923078,WSA236,CJWSCOKTAUPKHM-UHFFFAOYSA-N,10.1002/cmdc.202400952,运行/运行/ATP-VSW/ATP-VSW-DOCK_HTVS_1-002_lib.maegz
ATP-HTVS-A5C0EA33BE09,60675,C[NH+](C)Cc1cc(F)ccc1C[NH2+]Cc1c(-c2ccccc2)[nH]c2ccccc12,c1ccc(C[NH2+]Cc2c(-c3ccccc3)[nH]c3ccccc23)cc1,-5.13859875976645,0.860906862745098,0.1927710843373494,0.2923076923076923,WSA298,IZWVLJVCXHHUOO-UHFFFAOYSA-N,10.1021/acsomega.5c06380,运行/运行/ATP-VSW/ATP-VSW-DOCK_HTVS_1-003_lib/ATP-VSW-DOCK_HTVS_1-003_lib.mae
ATP-HTVS-A6599D500180,29250,O=C1c2ccccc2[C@H](CNCc2c(Cl)cccc2Br)N1Cc1ccccc1,O=C1c2ccccc2C(CNCc2ccccc2)N1Cc1ccccc1,-2.44374790629876,0.11335784313725494,0.20481927710843373,0.20253164556962025,WSA298,IZWVLJVCXHHUOO-UHFFFAOYSA-N,10.1021/acsomega.5c06380,运行/运行/ATP-VSW/ATP-VSW-DOCK_HTVS_1-002_lib.maegz
ATP-HTVS-A67C5EBB60CA,75841,O=C(Nc1nc2ccccc2cc1C#CC[NH2+]Cc1ccccc1)c1ccc(F)cc1,O=C(Nc1nc2ccccc2cc1C#CC[NH2+]Cc1ccccc1)c1ccccc1,-4.35137881696567,0.5582107843137255,0.28205128205128205,0.3382352941176471,compound 1 (Fraunfelter 2023),WIDVPHSBAXLSEU-LJQANCHMSA-N,10.1021/acsinfecdis.3c00317,运行/运行/ATP-VSW/ATP-VSW-DOCK_HTVS_1-001_lib/ATP-VSW-DOCK_HTVS_1-001_lib
ATP-HTVS-A67DD6FB98A9,70562,C[NH+](C)Cc1ccc(CNc2cc3ccccc3nc2NC(=O)c2cccc(O)c2)cc1,O=C(Nc1nc2ccccc2cc1NCc1ccccc1)c1ccccc1,-4.50992221844652,0.6329656862745099,0.3333333333333333,0.421875,compound 1 (Fraunfelter 2023),WIDVPHSBAXLSEU-LJQANCHMSA-N,10.1021/acsinfecdis.3c00317,运行/运行/ATP-VSW/ATP-VSW-DOCK_HTVS_1-002_lib.maegz
ATP-HTVS-A6800539A705,75618,COC(=O)c1ccccc1CC(=O)Nc1nc2ccccc2cc1NCc1ccc(CN(C)C)cc1,O=C(Cc1ccccc1)Nc1nc2ccccc2cc1NCc1ccccc1,-2.05448620479741,0.08210784313725494,0.4307692307692308,0.4307692307692308,Ward2024 compound 1,DVUDEYVEBQKKMF-UHFFFAOYSA-N,10.1021/acsmedchemlett.3c00480,运行/运行/ATP-VSW/ATP-VSW-DOCK_HTVS_1-002_lib.maegz
ATP-HTVS-A693217A85AE,38275,C[NH+](C)Cc1cccc(C[NH2+]Cc2ccc(Oc3ccc(Br)cc3)nc2)c1,c1ccc(C[NH2+]Cc2ccc(Oc3ccccc3)nc2)cc1,-4.10042496262914,0.45710784313725494,0.20238095238095238,0.328125,WSA296,HCBCVTVDQQQYPH-UHFFFAOYSA-N,10.1021/acsomega.5c06380,运行/运行/ATP-VSW/ATP-VSW-DOCK_HTVS_1-003_lib/ATP-VSW-DOCK_HTVS_1-003_lib.mae
ATP-HTVS-A6940AB4AD1D,24387,COc1cc2ccccc2c(C[NH2+]Cc2ccccc2NCCO)c1OC,c1ccc(C[NH2+]Cc2cccc3ccccc23)cc1,-4.73510659521291,0.732843137254902,0.2375,0.27692307692307694,compound 18 (Steed 2022),DCLANSSFVIGXHQ-OAQYLSRUSA-N,10.1021/acsomega.2c03127,运行/运行/ATP-VSW/ATP-VSW-DOCK_HTVS_1-003_lib/ATP-VSW-DOCK_HTVS_1-003_lib.mae
ATP-HTVS-A6CB9DE84F6F,84034,CN(c1cc2ccccc2nc1NC(=O)c1ccccc1OCC[NH+](C)C)[C@H](C#N)c1ccccc1,O=C(Nc1nc2ccccc2cc1NCc1ccccc1)c1ccccc1,-3.54487212404472,0.24816176470588236,0.2823529411764706,0.2948717948717949,compound 15 (Steed 2022),RIDDIWJTDCGXDH-NRFANRHFSA-N,10.1021/acsomega.2c03127,运行/运行/ATP-VSW/ATP-VSW-DOCK_HTVS_1-002_lib.maegz
ATP-HTVS-A6D74CA540BA,89537,C[C@H](NCC#Cc1c(NC(=O)c2cccc(C#N)c2)cnc2ccccc12)c1ccccc1F,O=C(Nc1cnc2ccccc2c1C#CCNCc1ccccc1)c1ccccc1,-4.89429447555377,0.7867647058823529,0.2247191011235955,0.23863636363636365,compound 15 (Steed 2022),RIDDIWJTDCGXDH-NRFANRHFSA-N,10.1021/acsomega.2c03127,运行/运行/ATP-VSW/ATP-VSW-DOCK_HTVS_1-001_lib/ATP-VSW-DOCK_HTVS_1-001_lib
ATP-HTVS-A7093622CBF0,20771,CO[C@@](NC(=O)[C@@H](C)c1ccc(NC(C)C)cc1)(C(=O)NCc1ccccc1)c1coc2ccccc12,O=C(Cc1ccccc1)NC(C(=O)NCc1ccccc1)c1coc2ccccc12,-4.26839239430932,0.5196078431372548,0.23255813953488372,0.23255813953488372,compound 15 (Steed 2022),RIDDIWJTDCGXDH-NRFANRHFSA-N,10.1021/acsomega.2c03127,运行/运行/ATP-VSW/ATP-VSW-DOCK_HTVS_1-003_lib/ATP-VSW-DOCK_HTVS_1-003_lib.mae
ATP-HTVS-A719F0D3C4DA,74594,C[C@](O)(CNc1cnc(NC(=O)Cc2ccccc2)c2ccccc12)c1ccc(Cl)cc1,O=C(Cc1ccccc1)Nc1ncc(NCCc2ccccc2)c2ccccc12,-5.01693312909944,0.829656862745098,0.23076923076923078,0.23076923076923078,compound 15 (Steed 2022),RIDDIWJTDCGXDH-NRFANRHFSA-N,10.1021/acsomega.2c03127,运行/运行/ATP-VSW/ATP-VSW-DOCK_HTVS_1-002_lib.maegz
ATP-HTVS-A7693842EDE7,83074,C[NH+](C)Cc1ccc(C(=O)Nc2nc3ccccc3cc2NCC(=O)c2ccc(Cl)cc2)cc1,O=C(CNc1cc2ccccc2nc1NC(=O)c1ccccc1)c1ccccc1,-4.72015322020726,0.7267156862745099,0.2894736842105263,0.36764705882352944,compound 8 (Steed 2022),ROJPDORYZONAPF-UHFFFAOYSA-N,10.1021/acsomega.2c03127,运行/运行/ATP-VSW/ATP-VSW-DOCK_HTVS_1-002_lib.maegz
ATP-HTVS-A7BD7D96AE57,4451,O=C(Nc1ccccc1I)c1cn(Cc2ccccc2)c(=O)c2ccccc12,O=C(Nc1ccccc1)c1cn(Cc2ccccc2)c(=O)c2ccccc12,-3.23974100367522,0.18627450980392157,0.18666666666666668,0.17105263157894737,compound 15 (Steed 2022),RIDDIWJTDCGXDH-NRFANRHFSA-N,10.1021/acsomega.2c03127,运行/运行/ATP-VSW/ATP-VSW-DOCK_HTVS_1-003_lib/ATP-VSW-DOCK_HTVS_1-003_lib.mae
ATP-HTVS-A7EE593102BF,33505,CN(C)C[C@H](Cc1ccccc1)NCc1nc2ccccc2c(-c2ccccc2)c1Cl,c1ccc(CCNCc2cc(-c3ccccc3)c3ccccc3n2)cc1,-1.16981472407605,0.015931372549019662,0.2714285714285714,0.2714285714285714,Ward2024 compound 6,LKLACXNGVWXYAW-UHFFFAOYSA-N,10.1021/acsmedchemlett.3c00480,运行/运行/ATP-VSW/ATP-VSW-DOCK_HTVS_1-001_lib/ATP-VSW-DOCK_HTVS_1-001_lib
ATP-HTVS-A8111C46748E,73794,CN(C(=O)c1cc(NCc2cccc(C[NH+](C)C)c2)c(Cl)s1)[C@H](C#N)c1ccccc1,O=C(NCc1ccccc1)c1cc(NCc2ccccc2)cs1,-4.42029981576778,0.5863970588235294,0.20454545454545456,0.21518987341772153,compound 15 (Steed 2022),RIDDIWJTDCGXDH-NRFANRHFSA-N,10.1021/acsomega.2c03127,运行/运行/ATP-VSW/ATP-VSW-DOCK_HTVS_1-002_lib.maegz
ATP-HTVS-A820F1D60548,63138,C[NH+](C)Cc1cc(F)ccc1CNCc1cnn(Cc2ccccc2C(F)(F)F)c1,c1ccc(CNCc2cnn(Cc3ccccc3)c2)cc1,-3.93131506625959,0.3890931372549019,0.325,0.3382352941176471,WSA298,IZWVLJVCXHHUOO-UHFFFAOYSA-N,10.1021/acsomega.5c06380,运行/运行/ATP-VSW/ATP-VSW-DOCK_HTVS_1-002_lib.maegz
ATP-HTVS-A844998385F9,77505,Cc1cc(NCc2ccc(NCCO)cc2)[nH+]cc1OCc1ccccc1,c1ccc(CNc2ccc(OCc3ccccc3)c[nH+]2)cc1,-4.51285774535421,0.633578431372549,0.25,0.2702702702702703,compound 15 (Steed 2022),RIDDIWJTDCGXDH-NRFANRHFSA-N,10.1021/acsomega.2c03127,运行/运行/ATP-VSW/ATP-VSW-DOCK_HTVS_1-001_lib/ATP-VSW-DOCK_HTVS_1-001_lib
ATP-HTVS-A845026C7E40,91522,C[NH+](C)Cc1cccc(CNC(=O)c2[nH]c3ccccc3c2C#C[C@@H](O)c2ccccc2Cl)c1,O=C(NCc1ccccc1)c1[nH]c2ccccc2c1C#CCc1ccccc1,-5.2426641656798,0.8848039215686274,0.20652173913043478,0.23076923076923078,compound 18 (Steed 2022),DCLANSSFVIGXHQ-OAQYLSRUSA-N,10.1021/acsomega.2c03127,运行/运行/ATP-VSW/ATP-VSW-DOCK_HTVS_1-002_lib.maegz
ATP-HTVS-A8555051B7A8,26369,CCNc1ccccc1CNCc1ccc(N(C)c2ccccc2)nc1,c1ccc(CNCc2ccc(Nc3ccccc3)nc2)cc1,-2.12228992442095,0.08394607843137258,0.31746031746031744,0.31746031746031744,Ward2024 compound 1,DVUDEYVEBQKKMF-UHFFFAOYSA-N,10.1021/acsmedchemlett.3c00480,运行/运行/ATP-VSW/ATP-VSW-DOCK_HTVS_1-001_lib/ATP-VSW-DOCK_HTVS_1-001_lib
ATP-HTVS-A86A798575A4,98241,C[NH+](C)Cc1ccc(Cn2c(-c3ccccc3)nc3c(F)cccc3c2=O)cc1,O=c1c2ccccc2nc(-c2ccccc2)n1Cc1ccccc1,-4.73478467522841,0.7322303921568627,0.20224719101123595,0.2835820895522388,WSA297,GXYVJEJKTGYEDL-UHFFFAOYSA-N,10.1021/acsomega.5c06380,运行/运行/ATP-VSW/ATP-VSW-DOCK_HTVS_1-002_lib.maegz
ATP-HTVS-A89DA5D53108,97121,COc1ccccc1OCC(=O)Nc1ncc(NCc2ccc(NCCO)cc2)c2ccccc12,O=C(COc1ccccc1)Nc1ncc(NCc2ccccc2)c2ccccc12,-3.9489168676843,0.39889705882352944,0.2692307692307692,0.2692307692307692,compound 8 (Steed 2022),ROJPDORYZONAPF-UHFFFAOYSA-N,10.1021/acsomega.2c03127,运行/运行/ATP-VSW/ATP-VSW-DOCK_HTVS_1-002_lib.maegz
ATP-HTVS-A8B79B8D9CE4,98466,C[C@@H](NCC#Cc1cnc(NC(=O)c2cc(Cl)cc(C#N)c2)c2ccccc12)c1ccccc1F,O=C(Nc1ncc(C#CCNCc2ccccc2)c2ccccc12)c1ccccc1,-3.44496498682886,0.22181372549019607,0.21649484536082475,0.20652173913043478,compound 19 (Steed 2022),DHQKBEDPXLHXAJ-OAQYLSRUSA-N,10.1021/acsomega.2c03127,运行/运行/ATP-VSW/ATP-VSW-DOCK_HTVS_1-003_lib/ATP-VSW-DOCK_HTVS_1-003_lib.mae
ATP-HTVS-A8F9662136B7,83170,C[C@@H](c1ccccc1)N(C)C(=O)c1c(Nc2ccccc2CN(C)C)c2ccccc2[nH]c1=O,O=C(NCc1ccccc1)c1c(Nc2ccccc2)c2ccccc2[nH]c1=O,0.0208565069133784,0.001225490196078427,0.21839080459770116,0.21839080459770116,compound 18 (Steed 2022),DCLANSSFVIGXHQ-OAQYLSRUSA-N,10.1021/acsomega.2c03127,运行/运行/ATP-VSW/ATP-VSW-DOCK_HTVS_1-002_lib.maegz
ATP-HTVS-A8FD4BE75532,89409,CCN(c1cc2ccccc2nc1NC(=O)c1ccc(OCC[NH+](C)C)cc1)[C@H](C#N)c1ccccc1,O=C(Nc1nc2ccccc2cc1NCc1ccccc1)c1ccccc1,-3.94151463345872,0.39460784313725494,0.27586206896551724,0.2804878048780488,compound 15 (Steed 2022),RIDDIWJTDCGXDH-NRFANRHFSA-N,10.1021/acsomega.2c03127,运行/运行/ATP-VSW/ATP-VSW-DOCK_HTVS_1-001_lib/ATP-VSW-DOCK_HTVS_1-001_lib
ATP-HTVS-A9326BC55FC3,99138,C[NH+](C)Cc1cccc(Nc2cc(C(=O)N(CC#N)c3ccccc3)ccn2)c1,O=C(Nc1ccccc1)c1ccnc(Nc2ccccc2)c1,-5.46522448944822,0.9209558823529411,0.21428571428571427,0.23684210526315788,compound 15 (Steed 2022),RIDDIWJTDCGXDH-NRFANRHFSA-N,10.1021/acsomega.2c03127,运行/运行/ATP-VSW/ATP-VSW-DOCK_HTVS_1-003_lib/ATP-VSW-DOCK_HTVS_1-003_lib.mae
ATP-HTVS-A949B56C75C5,93891,N#CCN(c1ccccc1)c1cnc(NC(=O)Cc2ccc(O)c(O)c2)c2ccccc12,O=C(Cc1ccccc1)Nc1ncc(Nc2ccccc2)c2ccccc12,-4.46330346008272,0.6096813725490196,0.24675324675324675,0.24675324675324675,compound 8 (Steed 2022),ROJPDORYZONAPF-UHFFFAOYSA-N,10.1021/acsomega.2c03127,运行/运行/ATP-VSW/ATP-VSW-DOCK_HTVS_1-003_lib/ATP-VSW-DOCK_HTVS_1-003_lib.mae
ATP-HTVS-A9572D0B6B20,80417,CCN(c1c(C(=O)Nc2ccccc2NC(C)C)[nH]c2ccccc12)[C@H](C#N)c1ccccc1,O=C(Nc1ccccc1)c1[nH]c2ccccc2c1NCc1ccccc1,-3.71882034268651,0.2977941176470589,0.18681318681318682,0.2,compound 18 (Steed 2022),DCLANSSFVIGXHQ-OAQYLSRUSA-N,10.1021/acsomega.2c03127,运行/运行/ATP-VSW/ATP-VSW-DOCK_HTVS_1-001_lib/ATP-VSW-DOCK_HTVS_1-001_lib
ATP-HTVS-A95E57B9EC2C,50113,C[NH+](C)Cc1ccccc1CNc1nc2ccccc2nc1NCc1ccc(F)c(CO)c1,c1ccc(CNc2nc3ccccc3nc2NCc2ccccc2)cc1,-5.40719847311577,0.9117647058823529,0.2647058823529412,0.36507936507936506,Ward2024 compound 1,DVUDEYVEBQKKMF-UHFFFAOYSA-N,10.1021/acsmedchemlett.3c00480,运行/运行/ATP-VSW/ATP-VSW-DOCK_HTVS_1-001_lib/ATP-VSW-DOCK_HTVS_1-001_lib
ATP-HTVS-A9E2ECE51DBC,47937,COCCNc1ccccc1C[NH2+]Cc1c(-c2ccccc2)nc2ccccn12,c1ccc(C[NH2+]Cc2c(-c3ccccc3)nc3ccccn23)cc1,-3.76447660133586,0.3167892156862745,0.22666666666666666,0.28169014084507044,Ward2024 compound 17,UYSBYFPUEOTVDZ-UHFFFAOYSA-N,10.1021/acsmedchemlett.3c00480,运行/运行/ATP-VSW/ATP-VSW-DOCK_HTVS_1-001_lib/ATP-VSW-DOCK_HTVS_1-001_lib
ATP-HTVS-AAAC0953A4ED,31555,O=C1CN(Cc2cc(Cl)ccc2Br)[C@@H](c2ccccc2)c2ccccc2N1,O=C1CN(Cc2ccccc2)C(c2ccccc2)c2ccccc2N1,-0.588563074596018,0.002450980392156854,0.17857142857142858,0.17857142857142858,WSA298,IZWVLJVCXHHUOO-UHFFFAOYSA-N,10.1021/acsomega.5c06380,运行/运行/ATP-VSW/ATP-VSW-DOCK_HTVS_1-003_lib/ATP-VSW-DOCK_HTVS_1-003_lib.mae
ATP-HTVS-AACA343AA4DE,52321,CC[N@@H+](C)Cc1cccc(CNc2nc3ccccc3nc2N[C@@H](CCO)c2ccccc2F)c1,c1ccc(CNc2nc3ccccc3nc2NCc2ccccc2)cc1,-4.01744952870307,0.4246323529411765,0.2289156626506024,0.24675324675324675,compound 17 (Steed 2022),HXWNUGNSPIOUKJ-HNNXBMFYSA-N,10.1021/acsomega.2c03127,运行/运行/ATP-VSW/ATP-VSW-DOCK_HTVS_1-001_lib/ATP-VSW-DOCK_HTVS_1-001_lib
ATP-HTVS-AAD4045BFE18,82595,CCNc1ccccc1NC(=O)c1[nH]c2ccccc2c1N(C)[C@H](C#N)c1ccccc1,O=C(Nc1ccccc1)c1[nH]c2ccccc2c1NCc1ccccc1,-4.49578463356492,0.6256127450980392,0.19540229885057472,0.20689655172413793,compound 18 (Steed 2022),DCLANSSFVIGXHQ-OAQYLSRUSA-N,10.1021/acsomega.2c03127,运行/运行/ATP-VSW/ATP-VSW-DOCK_HTVS_1-003_lib/ATP-VSW-DOCK_HTVS_1-003_lib.mae
ATP-HTVS-AAEC409DC9E3,32515,C[C@H](Nc1nc2ccccc2nc1NCc1cccc(CN(C)C)c1)c1ccccc1Br,c1ccc(CNc2nc3ccccc3nc2NCc2ccccc2)cc1,-1.44060854903555,0.02941176470588236,0.3181818181818182,0.31343283582089554,Ward2024 compound 1,DVUDEYVEBQKKMF-UHFFFAOYSA-N,10.1021/acsmedchemlett.3c00480,运行/运行/ATP-VSW/ATP-VSW-DOCK_HTVS_1-003_lib/ATP-VSW-DOCK_HTVS_1-003_lib.mae
ATP-HTVS-AB4BD250F7B6,81346,C[NH2+]c1ccccc1Nc1c(C(=O)N(c2ccccc2)[C@@H](C)C#N)cnc2ccc(F)cc12,O=C(Nc1ccccc1)c1cnc2ccccc2c1Nc1ccccc1,-4.06295298997816,0.4411764705882353,0.20224719101123595,0.20930232558139536,compound 15 (Steed 2022),RIDDIWJTDCGXDH-NRFANRHFSA-N,10.1021/acsomega.2c03127,运行/运行/ATP-VSW/ATP-VSW-DOCK_HTVS_1-002_lib.maegz
ATP-HTVS-AB5753B8B47E,40737,COc1ccccc1CN1CC(=O)Nc2ccccc2[C@@H]1c1ccccc1,O=C1CN(Cc2ccccc2)C(c2ccccc2)c2ccccc2N1,-1.75897795990058,0.0625,0.20454545454545456,0.20454545454545456,WSA297,GXYVJEJKTGYEDL-UHFFFAOYSA-N,10.1021/acsomega.5c06380,运行/运行/ATP-VSW/ATP-VSW-DOCK_HTVS_1-001_lib/ATP-VSW-DOCK_HTVS_1-001_lib
ATP-HTVS-AB5D2E649063,94019,CN(C(=O)[C@@](C)(O)c1ccccc1)c1cc(NCc2ccc(C[NH+](C)C)cc2)cc[nH+]1,O=C(Cc1ccccc1)Nc1cc(NCc2ccccc2)cc[nH+]1,-5.32685969970335,0.8995098039215687,0.225,0.3088235294117647,compound 15 (Steed 2022),RIDDIWJTDCGXDH-NRFANRHFSA-N,10.1021/acsomega.2c03127,运行/运行/ATP-VSW/ATP-VSW-DOCK_HTVS_1-003_lib/ATP-VSW-DOCK_HTVS_1-003_lib.mae
ATP-HTVS-AB6A0F8FBF12,18977,CNS(=O)(=O)Cc1ccccc1C[NH2+]Cc1cn(Cc2ccccc2)nc1-c1ccc(C)cc1,c1ccc(C[NH2+]Cc2cn(Cc3ccccc3)nc2-c2ccccc2)cc1,-4.33841653766758,0.5477941176470589,0.24691358024691357,0.30952380952380953,WSA280,XQBWCRMKNUAPEC-UHFFFAOYSA-N,10.1021/acsomega.5c06380,运行/运行/ATP-VSW/ATP-VSW-DOCK_HTVS_1-001_lib/ATP-VSW-DOCK_HTVS_1-001_lib
ATP-HTVS-ABB27A5BB422,32386,C[NH+](C)Cc1cccc(CNc2nc3ccccc3nc2NCc2ccc([NH3+])cc2)c1,c1ccc(CNc2nc3ccccc3nc2NCc2ccccc2)cc1,-3.90038730659021,0.37254901960784315,0.2698412698412698,0.40350877192982454,Ward2024 compound 1,DVUDEYVEBQKKMF-UHFFFAOYSA-N,10.1021/acsmedchemlett.3c00480,运行/运行/ATP-VSW/ATP-VSW-DOCK_HTVS_1-002_lib.maegz
ATP-HTVS-AC48CD61B4D9,74881,C[NH+](C)Cc1ccc(C(=O)Nc2nc3ccccc3cc2NCCSc2ccccc2)cc1,O=C(Nc1nc2ccccc2cc1NCCSc1ccccc1)c1ccccc1,-5.04243611504985,0.8363970588235294,0.29333333333333333,0.38235294117647056,Ward2024 compound 6,LKLACXNGVWXYAW-UHFFFAOYSA-N,10.1021/acsmedchemlett.3c00480,运行/运行/ATP-VSW/ATP-VSW-DOCK_HTVS_1-001_lib/ATP-VSW-DOCK_HTVS_1-001_lib
ATP-HTVS-AC6C82062264,64258,Cc1nn(Cc2ccc(F)cc2)c(Cl)c1CNCc1ccc(F)cc1CN(C)C,c1ccc(CNCc2cnn(Cc3ccccc3)c2)cc1,-1.17766950734732,0.016544117647058876,0.3076923076923077,0.3076923076923077,Ward2024 compound 1,DVUDEYVEBQKKMF-UHFFFAOYSA-N,10.1021/acsmedchemlett.3c00480,运行/运行/ATP-VSW/ATP-VSW-DOCK_HTVS_1-002_lib.maegz
ATP-HTVS-AC71774ACC4B,91074,C[NH+](C)Cc1ccc(CNc2csc(C(=O)N[C@H](C[NH3+])c3ccccc3)c2)cc1,O=C(NCc1ccccc1)c1cc(NCc2ccccc2)cs1,-6.96005044741765,1.0,0.2222222222222222,0.2898550724637681,compound 15 (Steed 2022),RIDDIWJTDCGXDH-NRFANRHFSA-N,10.1021/acsomega.2c03127,运行/运行/ATP-VSW/ATP-VSW-DOCK_HTVS_1-002_lib.maegz
ATP-HTVS-ACBE41267A18,4290,C[NH+](C)[C@H](CNc1nc(CCc2ccc(Cl)cc2)nc2ccccc12)c1ccc(O)cc1,c1ccc(CCNc2nc(CCc3ccccc3)nc3ccccc23)cc1,-5.74492062292097,0.9558823529411765,0.2345679012345679,0.24358974358974358,compound 1 (Fraunfelter 2023),WIDVPHSBAXLSEU-LJQANCHMSA-N,10.1021/acsinfecdis.3c00317,运行/运行/ATP-VSW/ATP-VSW-DOCK_HTVS_1-002_lib.maegz
ATP-HTVS-AD26772F5837,35617,C[NH+](C)Cc1ccccc1CNc1nc(N[C@@H](CC(N)=O)c2ccccc2)c2ccccc2[nH+]1,c1ccc(CNc2nc(NCc3ccccc3)c3ccccc3[nH+]2)cc1,-3.9477833682894,0.3970588235294118,0.25609756097560976,0.28205128205128205,compound 15 (Steed 2022),RIDDIWJTDCGXDH-NRFANRHFSA-N,10.1021/acsomega.2c03127,运行/运行/ATP-VSW/ATP-VSW-DOCK_HTVS_1-001_lib/ATP-VSW-DOCK_HTVS_1-001_lib
ATP-HTVS-AD556EC8B5E3,32131,CN(C)Cc1ccc(CCN[C@@H](C(=O)c2c[nH]c3ccccc23)c2ccccc2)cc1,O=C(c1c[nH]c2ccccc12)C(NCCc1ccccc1)c1ccccc1,-2.72511908216225,0.133578431372549,0.27848101265822783,0.2948717948717949,compound 18 (Steed 2022),DCLANSSFVIGXHQ-OAQYLSRUSA-N,10.1021/acsomega.2c03127,运行/运行/ATP-VSW/ATP-VSW-DOCK_HTVS_1-003_lib/ATP-VSW-DOCK_HTVS_1-003_lib.mae
ATP-HTVS-AD7BC7F537E7,96482,C[NH+](C)Cc1cccc(Nc2nc(N)c(-c3ccccc3)c3cccc(F)c23)c1,c1ccc(Nc2ncc(-c3ccccc3)c3ccccc23)cc1,-4.57187278929286,0.6617647058823529,0.18421052631578946,0.2676056338028169,Ward2024 compound 11,IIRFHYMEOYQCBC-UHFFFAOYSA-N,10.1021/acsmedchemlett.3c00480,运行/运行/ATP-VSW/ATP-VSW-DOCK_HTVS_1-003_lib/ATP-VSW-DOCK_HTVS_1-003_lib.mae
ATP-HTVS-AD7D334F30DB,88673,[NH3+][C@H](C#Cc1cc2ccccc2nc1NC(=O)c1cc(F)ccc1F)Cc1cccc(F)c1,O=C(Nc1nc2ccccc2cc1C#CCCc1ccccc1)c1ccccc1,-5.06400722066418,0.8412990196078431,0.27710843373493976,0.3125,compound 1 (Fraunfelter 2023),WIDVPHSBAXLSEU-LJQANCHMSA-N,10.1021/acsinfecdis.3c00317,运行/运行/ATP-VSW/ATP-VSW-DOCK_HTVS_1-001_lib/ATP-VSW-DOCK_HTVS_1-001_lib
ATP-HTVS-AD7FACE11FDD,91810,CNc1cccc(CNc2cc(C(=O)N(CC#N)c3ccccc3)c(F)nc2C)c1,O=C(Nc1ccccc1)c1cncc(NCc2ccccc2)c1,-6.12358752538851,0.9834558823529411,0.22093023255813954,0.22093023255813954,compound 15 (Steed 2022),RIDDIWJTDCGXDH-NRFANRHFSA-N,10.1021/acsomega.2c03127,运行/运行/ATP-VSW/ATP-VSW-DOCK_HTVS_1-002_lib.maegz
ATP-HTVS-AD7FBCC01633,85217,[NH3+][C@H](C#Cc1cc2ccccc2nc1NC(=O)Cc1ccc(O)cc1)Cc1cccc(F)c1,O=C(Cc1ccccc1)Nc1nc2ccccc2cc1C#CCCc1ccccc1,-6.49299466235293,0.9963235294117647,0.36363636363636365,0.40540540540540543,compound 1 (Fraunfelter 2023),WIDVPHSBAXLSEU-LJQANCHMSA-N,10.1021/acsinfecdis.3c00317,运行/运行/ATP-VSW/ATP-VSW-DOCK_HTVS_1-001_lib/ATP-VSW-DOCK_HTVS_1-001_lib
ATP-HTVS-ADC6A568E437,96738,Cc1cc(NC(=O)Cc2ccc(F)cc2)[nH+]cc1NCc1ccc(C[NH+](C)C)cc1,O=C(Cc1ccccc1)Nc1ccc(NCc2ccccc2)c[nH+]1,-5.4809890158961,0.9221813725490196,0.19230769230769232,0.3181818181818182,compound 8 (Steed 2022),ROJPDORYZONAPF-UHFFFAOYSA-N,10.1021/acsomega.2c03127,运行/运行/ATP-VSW/ATP-VSW-DOCK_HTVS_1-003_lib/ATP-VSW-DOCK_HTVS_1-003_lib.mae
ATP-HTVS-ADEEA10F1B91,88065,N#Cc1ccc(C(=O)Nc2nc3ccccc3cc2C#CCNCc2ccccc2)cc1,O=C(Nc1nc2ccccc2cc1C#CCNCc1ccccc1)c1ccccc1,-3.98446061595605,0.4117647058823529,0.3150684931506849,0.3150684931506849,Ward2024 compound 6,LKLACXNGVWXYAW-UHFFFAOYSA-N,10.1021/acsmedchemlett.3c00480,运行/运行/ATP-VSW/ATP-VSW-DOCK_HTVS_1-001_lib/ATP-VSW-DOCK_HTVS_1-001_lib
ATP-HTVS-ADF1B73D9E23,85507,CC[NH+](CC)Cc1ccc(CNc2cnc(NC(=O)Cc3ccc(O)c(O)c3)c3ccccc23)cc1,O=C(Cc1ccccc1)Nc1ncc(NCc2ccccc2)c2ccccc12,-3.33624518864466,0.2015931372549019,0.225,0.24,compound 8 (Steed 2022),ROJPDORYZONAPF-UHFFFAOYSA-N,10.1021/acsomega.2c03127,运行/运行/ATP-VSW/ATP-VSW-DOCK_HTVS_1-003_lib/ATP-VSW-DOCK_HTVS_1-003_lib.mae
ATP-HTVS-ADFEB0A5CD8C,55939,C[C@H](CN1CC(=O)Nc2ccc(Br)cc2[C@H]1c1ccccc1)c1ccccc1,O=C1CN(CCc2ccccc2)C(c2ccccc2)c2ccccc2N1,-1.29496616502486,0.022058823529411797,0.2345679012345679,0.2345679012345679,WSA257,NLTZNXHLSWPGMA-UHFFFAOYSA-N,10.1002/cmdc.202400952,运行/运行/ATP-VSW/ATP-VSW-DOCK_HTVS_1-003_lib/ATP-VSW-DOCK_HTVS_1-003_lib.mae
ATP-HTVS-AE2593E94038,97890,C[C@H]([NH2+]CC#Cc1c(NC(=O)c2ccc(F)c(C#N)c2)cnc2ccccc12)c1cccc(F)c1,O=C(Nc1cnc2ccccc2c1C#CC[NH2+]Cc1ccccc1)c1ccccc1,-4.68275958095835,0.7120098039215687,0.22580645161290322,0.23076923076923078,compound 15 (Steed 2022),RIDDIWJTDCGXDH-NRFANRHFSA-N,10.1021/acsomega.2c03127,运行/运行/ATP-VSW/ATP-VSW-DOCK_HTVS_1-003_lib/ATP-VSW-DOCK_HTVS_1-003_lib.mae
ATP-HTVS-AE73BF67DB9D,5410,COc1ccc(C[NH2+]C[C@@H]2c3ccccc3C(=O)N2Cc2ccccc2)cc1C[NH+](C)C,O=C1c2ccccc2C(C[NH2+]Cc2ccccc2)N1Cc1ccccc1,-5.24479053059663,0.8872549019607843,0.25,0.313953488372093,WSA297,GXYVJEJKTGYEDL-UHFFFAOYSA-N,10.1021/acsomega.5c06380,运行/运行/ATP-VSW/ATP-VSW-DOCK_HTVS_1-002_lib.maegz
ATP-HTVS-AE7F15E1977E,5761,C[C@H](NCc1cccc(OCC[NH+](C)C)c1)c1cc2cccc(Cl)c2c(=O)n1-c1ccccc1,O=c1c2ccccc2cc(CNCc2ccccc2)n1-c1ccccc1,-2.78181395560203,0.13786764705882348,0.2441860465116279,0.25882352941176473,compound 15 (Steed 2022),RIDDIWJTDCGXDH-NRFANRHFSA-N,10.1021/acsomega.2c03127,运行/运行/ATP-VSW/ATP-VSW-DOCK_HTVS_1-001_lib/ATP-VSW-DOCK_HTVS_1-001_lib
ATP-HTVS-AE8349DE7653,92993,C[NH+](C)Cc1ccc(CNc2c(C(=O)Nc3ccccc3F)sc3ncccc23)cc1,O=C(Nc1ccccc1)c1sc2ncccc2c1NCc1ccccc1,-4.45419286011156,0.6053921568627452,0.1958762886597938,0.28378378378378377,WSA297,GXYVJEJKTGYEDL-UHFFFAOYSA-N,10.1021/acsomega.5c06380,运行/运行/ATP-VSW/ATP-VSW-DOCK_HTVS_1-001_lib/ATP-VSW-DOCK_HTVS_1-001_lib
ATP-HTVS-AEA5EF37F369,76161,C[NH+](C)Cc1cccc(C[NH2+][C@@H](C#Cc2cccnc2)c2cncc(OCc3ccccc3)c2)c1,C(#CC([NH2+]Cc1ccccc1)c1cncc(OCc2ccccc2)c1)c1cccnc1,-3.73581852107815,0.303921568627451,0.2159090909090909,0.25882352941176473,compound 15 (Steed 2022),RIDDIWJTDCGXDH-NRFANRHFSA-N,10.1021/acsomega.2c03127,运行/运行/ATP-VSW/ATP-VSW-DOCK_HTVS_1-001_lib/ATP-VSW-DOCK_HTVS_1-001_lib
ATP-HTVS-AEC4D9F1E0F4,72001,C[NH+](C)Cc1cccc(CNc2cc3ccccc3nc2NC(=O)c2ccc(CS)cc2)c1,O=C(Nc1nc2ccccc2cc1NCc1ccccc1)c1ccccc1,-5.315303887102,0.897671568627451,0.3037974683544304,0.38235294117647056,compound 1 (Fraunfelter 2023),WIDVPHSBAXLSEU-LJQANCHMSA-N,10.1021/acsinfecdis.3c00317,运行/运行/ATP-VSW/ATP-VSW-DOCK_HTVS_1-001_lib/ATP-VSW-DOCK_HTVS_1-001_lib
ATP-HTVS-AEE242E516D8,90657,C[NH+](C)Cc1ccc(C(=O)Nc2nc3ccccc3cc2Nc2ccccc2)cc1,O=C(Nc1nc2ccccc2cc1Nc1ccccc1)c1ccccc1,-4.48133910608213,0.6182598039215687,0.3333333333333333,0.4262295081967213,compound 8 (Steed 2022),ROJPDORYZONAPF-UHFFFAOYSA-N,10.1021/acsomega.2c03127,运行/运行/ATP-VSW/ATP-VSW-DOCK_HTVS_1-001_lib/ATP-VSW-DOCK_HTVS_1-001_lib
ATP-HTVS-AF0D06B60C3E,79234,C[C@@H](C#N)N(c1ccccc1)c1c(NC(=O)c2ccccc2Cl)cnc2ccccc12,O=C(Nc1cnc2ccccc2c1Nc1ccccc1)c1ccccc1,-3.83687277027258,0.35049019607843135,0.2564102564102564,0.2222222222222222,compound 15 (Steed 2022),RIDDIWJTDCGXDH-NRFANRHFSA-N,10.1021/acsomega.2c03127,运行/运行/ATP-VSW/ATP-VSW-DOCK_HTVS_1-002_lib.maegz
ATP-HTVS-AF24076E5CF3,48513,CCN(C(=O)Cc1ccc(C[NH+](C)C)cc1)[C@@H](c1cccnc1)c1csc2ccccc12,O=C(Cc1ccccc1)NC(c1cccnc1)c1csc2ccccc12,-3.55872693725179,0.25245098039215685,0.18604651162790697,0.23376623376623376,compound 8 (Steed 2022),ROJPDORYZONAPF-UHFFFAOYSA-N,10.1021/acsomega.2c03127,运行/运行/ATP-VSW/ATP-VSW-DOCK_HTVS_1-001_lib/ATP-VSW-DOCK_HTVS_1-001_lib
ATP-HTVS-AF546DDC8B5A,39811,Cc1ccc(CC[NH2+]Cc2nc3ccccc3n2Cc2ccccc2)cc1O,c1ccc(CC[NH2+]Cc2nc3ccccc3n2Cc2ccccc2)cc1,-4.86728037701619,0.7732843137254902,0.2345679012345679,0.2898550724637681,WSA236,CJWSCOKTAUPKHM-UHFFFAOYSA-N,10.1002/cmdc.202400952,运行/运行/ATP-VSW/ATP-VSW-DOCK_HTVS_1-003_lib/ATP-VSW-DOCK_HTVS_1-003_lib.mae
ATP-HTVS-AF6DFEAC4438,77891,CN(C)Cc1ccccc1C(=O)Nc1cnc2ccccc2c1C#CC(=O)c1ccc(Cl)cc1,O=C(C#Cc1c(NC(=O)c2ccccc2)cnc2ccccc12)c1ccccc1,-2.37944568393426,0.10661764705882348,0.2125,0.2125,Ward2024 compound 1,DVUDEYVEBQKKMF-UHFFFAOYSA-N,10.1021/acsmedchemlett.3c00480,运行/运行/ATP-VSW/ATP-VSW-DOCK_HTVS_1-003_lib/ATP-VSW-DOCK_HTVS_1-003_lib.mae
ATP-HTVS-AFAE325C96BD,30114,CN(C)c1cccc(CN2CC(=O)Nc3ccc(Br)cc3[C@H]2c2ccccc2)c1,O=C1CN(Cc2ccccc2)C(c2ccccc2)c2ccccc2N1,-2.38484101860534,0.10784313725490191,0.25,0.25,WSA257,NLTZNXHLSWPGMA-UHFFFAOYSA-N,10.1002/cmdc.202400952,运行/运行/ATP-VSW/ATP-VSW-DOCK_HTVS_1-002_lib.maegz
ATP-HTVS-AFB94CABAED0,95970,CC[NH+](CC)Cc1cccc(CNc2c(C(=O)N(CC(=O)OC)c3ccccc3)[nH]c3ccccc23)c1,O=C(Nc1ccccc1)c1[nH]c2ccccc2c1NCc1ccccc1,-2.78583389446771,0.1390931372549019,0.23333333333333334,0.23595505617977527,compound 18 (Steed 2022),DCLANSSFVIGXHQ-OAQYLSRUSA-N,10.1021/acsomega.2c03127,运行/运行/ATP-VSW/ATP-VSW-DOCK_HTVS_1-003_lib/ATP-VSW-DOCK_HTVS_1-003_lib.mae
ATP-HTVS-AFD6D96F704F,43106,C[C@H](Nc1nc(NCc2ccccc2C[NH+](C)C)[nH+]c2ccccc12)c1cccc(C#N)c1,c1ccc(CNc2nc(NCc3ccccc3)c3ccccc3[nH+]2)cc1,-4.23026736447771,0.5012254901960784,0.20930232558139536,0.26666666666666666,compound 15 (Steed 2022),RIDDIWJTDCGXDH-NRFANRHFSA-N,10.1021/acsomega.2c03127,运行/运行/ATP-VSW/ATP-VSW-DOCK_HTVS_1-002_lib.maegz
ATP-HTVS-AFF6C4F7FD39,48355,C[NH+](C)Cc1cccc(CNc2nc(NCc3ccc(F)c(CO)c3)[nH+]c3ccccc23)c1,c1ccc(CNc2nc(NCc3ccccc3)c3ccccc3[nH+]2)cc1,-4.44908939680874,0.6004901960784313,0.225,0.3582089552238806,compound 8 (Steed 2022),ROJPDORYZONAPF-UHFFFAOYSA-N,10.1021/acsomega.2c03127,运行/运行/ATP-VSW/ATP-VSW-DOCK_HTVS_1-003_lib/ATP-VSW-DOCK_HTVS_1-003_lib.mae
ATP-HTVS-B00F3517908E,71715,C[NH+](C)Cc1cccc(CNc2cnc3ccccc3c2NC(=O)c2cccc(F)c2Cl)c1,O=C(Nc1c(NCc2ccccc2)cnc2ccccc12)c1ccccc1,-4.61374684570078,0.6850490196078431,0.2159090909090909,0.2692307692307692,compound 15 (Steed 2022),RIDDIWJTDCGXDH-NRFANRHFSA-N,10.1021/acsomega.2c03127,运行/运行/ATP-VSW/ATP-VSW-DOCK_HTVS_1-003_lib/ATP-VSW-DOCK_HTVS_1-003_lib.mae
ATP-HTVS-B0742D29E2ED,92481,CN(C(=O)c1ccc(Cl)cc1)c1cc(NCc2cccc(C[NH+](C)C)c2)ccn1,O=C(Nc1cc(NCc2ccccc2)ccn1)c1ccccc1,-4.05631519762372,0.4387254901960784,0.20481927710843373,0.2328767123287671,compound 15 (Steed 2022),RIDDIWJTDCGXDH-NRFANRHFSA-N,10.1021/acsomega.2c03127,运行/运行/ATP-VSW/ATP-VSW-DOCK_HTVS_1-001_lib/ATP-VSW-DOCK_HTVS_1-001_lib
ATP-HTVS-B0A71AB87D72,74467,CN(C(=O)c1cc(NCc2cccc(C[NH+](C)C)c2)c(Cl)s1)c1ccccc1O,O=C(Nc1ccccc1)c1cc(NCc2ccccc2)cs1,-6.3559887442052,0.9944852941176471,0.1927710843373494,0.2361111111111111,compound 15 (Steed 2022),RIDDIWJTDCGXDH-NRFANRHFSA-N,10.1021/acsomega.2c03127,运行/运行/ATP-VSW/ATP-VSW-DOCK_HTVS_1-003_lib/ATP-VSW-DOCK_HTVS_1-003_lib.mae
ATP-HTVS-B0AB4541452E,78753,Cc1ccc(Cl)cc1N(C)C(=O)c1cc(NCc2cccc(C[NH+](C)C)c2)c(Cl)s1,O=C(Nc1ccccc1)c1cc(NCc2ccccc2)cs1,-3.82146121477881,0.3443627450980392,0.17045454545454544,0.2077922077922078,compound 15 (Steed 2022),RIDDIWJTDCGXDH-NRFANRHFSA-N,10.1021/acsomega.2c03127,运行/运行/ATP-VSW/ATP-VSW-DOCK_HTVS_1-001_lib/ATP-VSW-DOCK_HTVS_1-001_lib
ATP-HTVS-B0B19F009301,74529,N#CCN(c1ccccc1)c1cc2ccccc2nc1NC(=O)Cc1ccc([S-])cc1,O=C(Cc1ccccc1)Nc1nc2ccccc2cc1Nc1ccccc1,-2.53889303403204,0.12377450980392157,0.323943661971831,0.323943661971831,compound 8 (Steed 2022),ROJPDORYZONAPF-UHFFFAOYSA-N,10.1021/acsomega.2c03127,运行/运行/ATP-VSW/ATP-VSW-DOCK_HTVS_1-001_lib/ATP-VSW-DOCK_HTVS_1-001_lib
ATP-HTVS-B107F9A324A3,20065,C[NH+](C)Cc1ccc(CNc2ncc(-c3ccccc3)s2)cc1,c1ccc(CNc2ncc(-c3ccccc3)s2)cc1,-5.04000059047914,0.8357843137254902,0.2463768115942029,0.3448275862068966,WSA294,FPTVNOKSIHPUTA-UHFFFAOYSA-N,10.1021/acsomega.5c06380,运行/运行/ATP-VSW/ATP-VSW-DOCK_HTVS_1-001_lib/ATP-VSW-DOCK_HTVS_1-001_lib
ATP-HTVS-B13A57A9D1F9,98178,Cc1ccc(CC[C@H](C)N2CC(=O)Nc3ccccc3[C@@H]2c2ccccc2)cc1,O=C1CN(CCCc2ccccc2)C(c2ccccc2)c2ccccc2N1,-1.61421560434641,0.044117647058823484,0.2073170731707317,0.2073170731707317,WSA280,XQBWCRMKNUAPEC-UHFFFAOYSA-N,10.1021/acsomega.5c06380,运行/运行/ATP-VSW/ATP-VSW-DOCK_HTVS_1-003_lib/ATP-VSW-DOCK_HTVS_1-003_lib.mae
ATP-HTVS-B13D85D04AEE,97953,C[C@@H]([NH2+]CC#Cc1cc2ccccc2nc1NC(=O)c1ccc(C#N)cc1F)c1cccc(F)c1,O=C(Nc1nc2ccccc2cc1C#CC[NH2+]Cc1ccccc1)c1ccccc1,-4.96308509293148,0.8100490196078431,0.24719101123595505,0.2823529411764706,compound 17 (Steed 2022),HXWNUGNSPIOUKJ-HNNXBMFYSA-N,10.1021/acsomega.2c03127,运行/运行/ATP-VSW/ATP-VSW-DOCK_HTVS_1-002_lib.maegz
ATP-HTVS-B16CEB425A58,94497,[NH3+][C@H](C#Cc1c(NC(=O)c2cccc(Cl)c2F)cnc2ccccc12)Cc1cccc(F)c1,O=C(Nc1cnc2ccccc2c1C#CCCc1ccccc1)c1ccccc1,-5.15097789395059,0.8676470588235294,0.2127659574468085,0.2222222222222222,WSA298,IZWVLJVCXHHUOO-UHFFFAOYSA-N,10.1021/acsomega.5c06380,运行/运行/ATP-VSW/ATP-VSW-DOCK_HTVS_1-001_lib/ATP-VSW-DOCK_HTVS_1-001_lib
ATP-HTVS-B1D0FF1C8AAB,46850,CC(=O)NCc1ccc(C[NH2+]Cc2cn(Cc3ccccc3)nc2-c2ccc(Cl)cc2)cc1,c1ccc(C[NH2+]Cc2cn(Cc3ccccc3)nc2-c2ccccc2)cc1,-5.60971624453893,0.9356617647058824,0.2804878048780488,0.3472222222222222,WSA298,IZWVLJVCXHHUOO-UHFFFAOYSA-N,10.1021/acsomega.5c06380,运行/运行/ATP-VSW/ATP-VSW-DOCK_HTVS_1-002_lib.maegz
ATP-HTVS-B1DCCC83FEFE,30595,CC[NH+](CC)Cc1ccc(CNC(=O)Cn2c(COc3ccccc3)nc3ccccc32)cc1,O=C(Cn1c(COc2ccccc2)nc2ccccc21)NCc1ccccc1,-3.60920673182249,0.2634803921568627,0.25925925925925924,0.275,compound 15 (Steed 2022),RIDDIWJTDCGXDH-NRFANRHFSA-N,10.1021/acsomega.2c03127,运行/运行/ATP-VSW/ATP-VSW-DOCK_HTVS_1-003_lib/ATP-VSW-DOCK_HTVS_1-003_lib.mae
ATP-HTVS-B1E26FAB67D9,85443,C[NH+](C)[C@@H](C#N)c1ccc(Nc2nc(Oc3ccc(F)cc3)cc(Oc3ccc(F)cc3)n2)cc1,c1ccc(Nc2nc(Oc3ccccc3)cc(Oc3ccccc3)n2)cc1,-3.73712231452672,0.30514705882352944,0.15294117647058825,0.15492957746478872,WSA298,IZWVLJVCXHHUOO-UHFFFAOYSA-N,10.1021/acsomega.5c06380,运行/运行/ATP-VSW/ATP-VSW-DOCK_HTVS_1-003_lib/ATP-VSW-DOCK_HTVS_1-003_lib.mae
ATP-HTVS-B1FBA11D65B8,53251,C[NH+](C)Cc1cc(F)ccc1CNc1nc(NCc2ccc(Cl)cc2N)[nH+]c2ccccc12,c1ccc(CNc2nc(NCc3ccccc3)c3ccccc3[nH+]2)cc1,-3.88074631091063,0.36458333333333337,0.20618556701030927,0.2916666666666667,WSA297,GXYVJEJKTGYEDL-UHFFFAOYSA-N,10.1021/acsomega.5c06380,运行/运行/ATP-VSW/ATP-VSW-DOCK_HTVS_1-003_lib/ATP-VSW-DOCK_HTVS_1-003_lib.mae
ATP-HTVS-B23516995CCF,60194,C[NH+](C)Cc1ccccc1CNc1nc(NCc2ccc(OCCO)cc2)[nH+]c2ccccc12,c1ccc(CNc2nc(NCc3ccccc3)c3ccccc3[nH+]2)cc1,-4.7190851020773,0.7254901960784313,0.23595505617977527,0.3142857142857143,WSA296,HCBCVTVDQQQYPH-UHFFFAOYSA-N,10.1021/acsomega.5c06380,运行/运行/ATP-VSW/ATP-VSW-DOCK_HTVS_1-002_lib.maegz
ATP-HTVS-B262751D15E7,44706,C[NH+](C)Cc1ccccc1NC(=O)c1cc(-c2cccnc2)nc2ccccc12,O=C(Nc1ccccc1)c1cc(-c2cccnc2)nc2ccccc12,-4.95029821446355,0.8069852941176471,0.25,0.2638888888888889,compound 8 (Steed 2022),ROJPDORYZONAPF-UHFFFAOYSA-N,10.1021/acsomega.2c03127,运行/运行/ATP-VSW/ATP-VSW-DOCK_HTVS_1-002_lib.maegz
ATP-HTVS-B278BB2953A5,37281,C[NH+](C)CCNc1ccccc1C[NH2+]Cc1ccc(OCc2ccccc2)cn1,c1ccc(C[NH2+]Cc2ccc(OCc3ccccc3)cn2)cc1,-4.35664288623461,0.5600490196078431,0.23076923076923078,0.30434782608695654,compound 15 (Steed 2022),RIDDIWJTDCGXDH-NRFANRHFSA-N,10.1021/acsomega.2c03127,运行/运行/ATP-VSW/ATP-VSW-DOCK_HTVS_1-001_lib/ATP-VSW-DOCK_HTVS_1-001_lib
ATP-HTVS-B31ECD8B9A27,61603,C[NH2+]Cc1ccccc1CNC(=O)c1cc(-c2ccccn2)nc2ccccc12,O=C(NCc1ccccc1)c1cc(-c2ccccn2)nc2ccccc12,-5.92766230536446,0.9712009803921569,0.275,0.2702702702702703,compound 18 (Steed 2022),DCLANSSFVIGXHQ-OAQYLSRUSA-N,10.1021/acsomega.2c03127,运行/运行/ATP-VSW/ATP-VSW-DOCK_HTVS_1-003_lib/ATP-VSW-DOCK_HTVS_1-003_lib.mae
ATP-HTVS-B34C30ECDBCB,67107,CN(C)Cc1ccc(CCNc2cc(-c3ccccc3)nc3ccnn23)cc1,c1ccc(CCNc2cc(-c3ccccc3)nc3ccnn23)cc1,-1.69642127106037,0.05392156862745101,0.3230769230769231,0.3230769230769231,Ward2024 compound 1,DVUDEYVEBQKKMF-UHFFFAOYSA-N,10.1021/acsmedchemlett.3c00480,运行/运行/ATP-VSW/ATP-VSW-DOCK_HTVS_1-003_lib/ATP-VSW-DOCK_HTVS_1-003_lib.mae
ATP-HTVS-B36D0C358EAD,4321,C[NH+](C)[C@@H](CNC(=O)c1cn(Cc2ccccc2)c(=O)c2ccccc12)c1ccc2c(c1)OCO2,O=C(NCCc1ccc2c(c1)OCO2)c1cn(Cc2ccccc2)c(=O)c2ccccc12,-4.17567819093712,0.4785539215686274,0.2159090909090909,0.20689655172413793,WSA249,YEMLSUARMQTHJO-UHFFFAOYSA-N,10.1002/cmdc.202400952,运行/运行/ATP-VSW/ATP-VSW-DOCK_HTVS_1-001_lib/ATP-VSW-DOCK_HTVS_1-001_lib
ATP-HTVS-B383260168BF,80993,CN(C)[C@@H](C[NH3+])c1ccc(Nc2nc(-c3ccccc3)cc(-c3ccccc3)n2)cc1Cl,c1ccc(Nc2nc(-c3ccccc3)cc(-c3ccccc3)n2)cc1,-4.45475962306661,0.6060049019607843,0.19444444444444445,0.1917808219178082,Ward2024 compound 6,LKLACXNGVWXYAW-UHFFFAOYSA-N,10.1021/acsmedchemlett.3c00480,运行/运行/ATP-VSW/ATP-VSW-DOCK_HTVS_1-001_lib/ATP-VSW-DOCK_HTVS_1-001_lib
ATP-HTVS-B3F47181DC5D,83746,C[C@@H]([NH2+]CC#Cc1cnc(NC(=O)c2cccc(O)c2)c2ccccc12)c1ccc(F)cc1,O=C(Nc1ncc(C#CC[NH2+]Cc2ccccc2)c2ccccc12)c1ccccc1,-5.78131733089386,0.9613970588235294,0.21348314606741572,0.23333333333333334,compound 15 (Steed 2022),RIDDIWJTDCGXDH-NRFANRHFSA-N,10.1021/acsomega.2c03127,运行/运行/ATP-VSW/ATP-VSW-DOCK_HTVS_1-002_lib.maegz
ATP-HTVS-B3FE097D1043,69827,CN(C(=O)c1sc2ccccc2c1NCc1cccc(C[NH+](C)C)c1)c1cccc(C#N)c1,O=C(Nc1ccccc1)c1sc2ccccc2c1NCc1ccccc1,-4.68627525540222,0.7138480392156863,0.19101123595505617,0.22784810126582278,compound 15 (Steed 2022),RIDDIWJTDCGXDH-NRFANRHFSA-N,10.1021/acsomega.2c03127,运行/运行/ATP-VSW/ATP-VSW-DOCK_HTVS_1-003_lib/ATP-VSW-DOCK_HTVS_1-003_lib.mae
ATP-HTVS-B41566EF3893,35267,Cc1cc(N)ccc1CNc1nc(NCCc2ccc(C[NH+](C)C)cc2)c2ccccc2[nH+]1,c1ccc(CCNc2nc(NCc3ccccc3)[nH+]c3ccccc23)cc1,-4.70580987896128,0.7236519607843137,0.20930232558139536,0.34782608695652173,compound 1 (Fraunfelter 2023),WIDVPHSBAXLSEU-LJQANCHMSA-N,10.1021/acsinfecdis.3c00317,运行/运行/ATP-VSW/ATP-VSW-DOCK_HTVS_1-003_lib/ATP-VSW-DOCK_HTVS_1-003_lib.mae
ATP-HTVS-B46E603BFCD4,92482,CN(C(=O)c1ccccc1Cl)c1cc(NCc2ccc(C[NH+](C)C)cc2)ccn1,O=C(Nc1cc(NCc2ccccc2)ccn1)c1ccccc1,-4.49674664045134,0.6262254901960784,0.21621621621621623,0.31343283582089554,Ward2024 compound 1,DVUDEYVEBQKKMF-UHFFFAOYSA-N,10.1021/acsmedchemlett.3c00480,运行/运行/ATP-VSW/ATP-VSW-DOCK_HTVS_1-002_lib.maegz
ATP-HTVS-B476F40F800C,74499,CN(C(=O)c1cc(NCc2cccc(C[NH+](C)C)c2)c(Cl)s1)c1ccc(N)cc1,O=C(Nc1ccccc1)c1cc(NCc2ccccc2)cs1,-3.765788618152,0.31924019607843135,0.21951219512195122,0.24050632911392406,compound 15 (Steed 2022),RIDDIWJTDCGXDH-NRFANRHFSA-N,10.1021/acsomega.2c03127,运行/运行/ATP-VSW/ATP-VSW-DOCK_HTVS_1-003_lib/ATP-VSW-DOCK_HTVS_1-003_lib.mae
ATP-HTVS-B47DAEDE372B,98082,[NH3+][C@@H](C#Cc1c(NC(=O)c2c(Cl)cccc2Cl)cnc2ccccc12)Cc1cccc(F)c1,O=C(Nc1cnc2ccccc2c1C#CCCc1ccccc1)c1ccccc1,-3.39530927196781,0.21200980392156865,0.21978021978021978,0.22988505747126436,WSA298,IZWVLJVCXHHUOO-UHFFFAOYSA-N,10.1021/acsomega.5c06380,运行/运行/ATP-VSW/ATP-VSW-DOCK_HTVS_1-003_lib/ATP-VSW-DOCK_HTVS_1-003_lib.mae
ATP-HTVS-B48F3FD049EC,23970,CCN(CC)Cc1ccc(C[NH2+][C@H](c2ccccn2)c2cc3ccccc3o2)cc1,c1ccc(C[NH2+]C(c2ccccn2)c2cc3ccccc3o2)cc1,-1.74699328530656,0.05882352941176472,0.23943661971830985,0.29411764705882354,Ward2024 compound 1,DVUDEYVEBQKKMF-UHFFFAOYSA-N,10.1021/acsmedchemlett.3c00480,运行/运行/ATP-VSW/ATP-VSW-DOCK_HTVS_1-002_lib.maegz
ATP-HTVS-B4E8E29A2CD9,62147,C[NH+](C)CCc1ccccc1NC(=O)NCc1cn(-c2ccccc2)nc1-c1ccncc1,O=C(NCc1cn(-c2ccccc2)nc1-c1ccncc1)Nc1ccccc1,-4.5674968213852,0.6587009803921569,0.17777777777777778,0.21518987341772153,compound 18 (Steed 2022),DCLANSSFVIGXHQ-OAQYLSRUSA-N,10.1021/acsomega.2c03127,运行/运行/ATP-VSW/ATP-VSW-DOCK_HTVS_1-003_lib/ATP-VSW-DOCK_HTVS_1-003_lib.mae
ATP-HTVS-B4F34B52DEEF,77313,C[C@@H]([NH2+]CC#Cc1c(NC(=O)[C@@H](O)c2ccccc2)cnc2ccccc12)c1ccccc1,O=C(Cc1ccccc1)Nc1cnc2ccccc2c1C#CC[NH2+]Cc1ccccc1,-5.18852571458463,0.8762254901960784,0.2375,0.2597402597402597,compound 15 (Steed 2022),RIDDIWJTDCGXDH-NRFANRHFSA-N,10.1021/acsomega.2c03127,运行/运行/ATP-VSW/ATP-VSW-DOCK_HTVS_1-001_lib/ATP-VSW-DOCK_HTVS_1-001_lib
ATP-HTVS-B4FC20780B21,37219,COc1ccc(Br)cc1-c1nc(C[NH2+][C@H](C)c2ccc(C[NH+](C)C)cc2)cs1,c1ccc(C[NH2+]Cc2csc(-c3ccccc3)n2)cc1,-5.33877522679831,0.9019607843137255,0.1875,0.2916666666666667,WSA297,GXYVJEJKTGYEDL-UHFFFAOYSA-N,10.1021/acsomega.5c06380,运行/运行/ATP-VSW/ATP-VSW-DOCK_HTVS_1-003_lib/ATP-VSW-DOCK_HTVS_1-003_lib.mae
ATP-HTVS-B51F80196405,56163,CNC(=O)c1ccc(CN2CC(=O)Nc3ccc(Br)cc3[C@@H]2c2ccccc2)cc1,O=C1CN(Cc2ccccc2)C(c2ccccc2)c2ccccc2N1,-0.684467516068333,0.003676470588235281,0.22988505747126436,0.22988505747126436,WSA257,NLTZNXHLSWPGMA-UHFFFAOYSA-N,10.1002/cmdc.202400952,运行/运行/ATP-VSW/ATP-VSW-DOCK_HTVS_1-003_lib/ATP-VSW-DOCK_HTVS_1-003_lib.mae
ATP-HTVS-B56D8AC3A406,90241,C[NH+](C)Cc1cccc(CNc2c(F)cncc2NC(=O)C#Cc2ccccc2)c1,O=C(C#Cc1ccccc1)Nc1cnccc1NCc1ccccc1,-4.72167488833657,0.727328431372549,0.22988505747126436,0.2876712328767123,WSA236,CJWSCOKTAUPKHM-UHFFFAOYSA-N,10.1002/cmdc.202400952,运行/运行/ATP-VSW/ATP-VSW-DOCK_HTVS_1-001_lib/ATP-VSW-DOCK_HTVS_1-001_lib
ATP-HTVS-B586963EE7FB,61506,Cc1cc(N)cc(CNc2nc(NCc3ccccc3C[NH+](C)C)[nH+]c3ccccc23)c1,c1ccc(CNc2nc(NCc3ccccc3)c3ccccc3[nH+]2)cc1,-2.98151074575669,0.15441176470588236,0.1927710843373494,0.3088235294117647,compound 15 (Steed 2022),RIDDIWJTDCGXDH-NRFANRHFSA-N,10.1021/acsomega.2c03127,运行/运行/ATP-VSW/ATP-VSW-DOCK_HTVS_1-002_lib.maegz
ATP-HTVS-B5A4F958CC31,90915,C[C@H](NCC#C[C@H](NCC(=O)c1ccccc1)c1cc2ccccc2s1)c1ccccc1,O=C(CNC(C#CCNCc1ccccc1)c1cc2ccccc2s1)c1ccccc1,-4.61871911693587,0.6862745098039216,0.24358974358974358,0.23076923076923078,compound 15 (Steed 2022),RIDDIWJTDCGXDH-NRFANRHFSA-N,10.1021/acsomega.2c03127,运行/运行/ATP-VSW/ATP-VSW-DOCK_HTVS_1-003_lib/ATP-VSW-DOCK_HTVS_1-003_lib.mae
ATP-HTVS-B612A35BE18C,36227,O=C1c2ccccc2[C@@H](C[NH2+]Cc2ccccc2C(F)F)N1Cc1ccccc1,O=C1c2ccccc2C(C[NH2+]Cc2ccccc2)N1Cc1ccccc1,-4.35963998063379,0.5612745098039216,0.16666666666666666,0.2222222222222222,WSA236,CJWSCOKTAUPKHM-UHFFFAOYSA-N,10.1002/cmdc.202400952,运行/运行/ATP-VSW/ATP-VSW-DOCK_HTVS_1-003_lib/ATP-VSW-DOCK_HTVS_1-003_lib.mae
ATP-HTVS-B6233BB79AF7,58179,CN(Cc1ccc(C[NH+](C)C)cc1)c1nc(NCc2ccc(Cl)cc2N)c2ccccc2[nH+]1,c1ccc(CNc2nc(NCc3ccccc3)c3ccccc3[nH+]2)cc1,-3.43284093977183,0.21875,0.24050632911392406,0.35294117647058826,Ward2024 compound 1,DVUDEYVEBQKKMF-UHFFFAOYSA-N,10.1021/acsmedchemlett.3c00480,运行/运行/ATP-VSW/ATP-VSW-DOCK_HTVS_1-003_lib/ATP-VSW-DOCK_HTVS_1-003_lib.mae
ATP-HTVS-B64EA431F59B,47873,CN(C)Cc1ccccc1NC(=O)NCc1cn(-c2ccccc2)nc1-c1ccccc1,O=C(NCc1cn(-c2ccccc2)nc1-c1ccccc1)Nc1ccccc1,-2.52173005455312,0.12254901960784315,0.2289156626506024,0.2289156626506024,WSA276,AVMFLQZOZFHZLB-UHFFFAOYSA-N,10.1021/acsomega.5c06380,运行/运行/ATP-VSW/ATP-VSW-DOCK_HTVS_1-001_lib/ATP-VSW-DOCK_HTVS_1-001_lib
ATP-HTVS-B64FB026F9D3,80449,COC(=O)Nc1cccc(C(=O)Nc2ncc(NCc3ccc(C[NH+](C)C)cc3)c3ccccc23)c1,O=C(Nc1ncc(NCc2ccccc2)c2ccccc12)c1ccccc1,-4.45029079262428,0.602328431372549,0.2625,0.27631578947368424,compound 8 (Steed 2022),ROJPDORYZONAPF-UHFFFAOYSA-N,10.1021/acsomega.2c03127,运行/运行/ATP-VSW/ATP-VSW-DOCK_HTVS_1-001_lib/ATP-VSW-DOCK_HTVS_1-001_lib
ATP-HTVS-B6843249DE88,60162,C[NH+](C)CCc1ccc(CNC(=O)c2occc2CSc2ccccc2)cc1,O=C(NCc1ccccc1)c1occc1CSc1ccccc1,-3.80964674006807,0.33762254901960786,0.21951219512195122,0.28169014084507044,WSA257,NLTZNXHLSWPGMA-UHFFFAOYSA-N,10.1002/cmdc.202400952,运行/运行/ATP-VSW/ATP-VSW-DOCK_HTVS_1-002_lib.maegz
ATP-HTVS-B685FDB22E51,6466,CN(Cc1ccccc1C[NH+](C)C)C(=O)Cc1nn(Cc2ccccc2)c(=O)c2ccccc12,O=C(Cc1nn(Cc2ccccc2)c(=O)c2ccccc12)NCc1ccccc1,-2.43146582223229,0.11213235294117652,0.19767441860465115,0.2191780821917808,WSA236,CJWSCOKTAUPKHM-UHFFFAOYSA-N,10.1002/cmdc.202400952,运行/运行/ATP-VSW/ATP-VSW-DOCK_HTVS_1-002_lib.maegz
ATP-HTVS-B699C037922C,89506,CN(C)Cc1ccc(CNc2ccsc2C(=O)NCc2ccccc2F)cc1,O=C(NCc1ccccc1)c1sccc1NCc1ccccc1,-3.03470016563841,0.16176470588235292,0.3181818181818182,0.3181818181818182,Ward2024 compound 1,DVUDEYVEBQKKMF-UHFFFAOYSA-N,10.1021/acsmedchemlett.3c00480,运行/运行/ATP-VSW/ATP-VSW-DOCK_HTVS_1-002_lib.maegz
ATP-HTVS-B6BB4D9D6C90,17793,C[NH+](C)Cc1cccc(C(=O)NCc2cn(-c3ccccc3)nc2-c2ccncc2)c1,O=C(NCc1cn(-c2ccccc2)nc1-c1ccncc1)c1ccccc1,-4.93015311685867,0.8014705882352942,0.21428571428571427,0.25333333333333335,compound 15 (Steed 2022),RIDDIWJTDCGXDH-NRFANRHFSA-N,10.1021/acsomega.2c03127,运行/运行/ATP-VSW/ATP-VSW-DOCK_HTVS_1-001_lib/ATP-VSW-DOCK_HTVS_1-001_lib
ATP-HTVS-B6C483C4EE45,81410,C[NH+](C)Cc1ccc(CNc2ccsc2C(=O)N(CC[NH3+])c2ccc(Cl)cc2)cc1,O=C(Nc1ccccc1)c1sccc1NCc1ccccc1,-5.34115308557005,0.9025735294117647,0.19047619047619047,0.2714285714285714,compound 1 (Fraunfelter 2023),WIDVPHSBAXLSEU-LJQANCHMSA-N,10.1021/acsinfecdis.3c00317,运行/运行/ATP-VSW/ATP-VSW-DOCK_HTVS_1-002_lib.maegz
ATP-HTVS-B7334B97F240,76226,C[NH+](C)Cc1ccc(CNc2c[nH]/c(=N\C(=O)c3ccccc3C#N)c(-n3cccc3)c2)cc1,O=C(N=c1[nH]cc(NCc2ccccc2)cc1-n1cccc1)c1ccccc1,-5.14055156452424,0.8615196078431373,0.19148936170212766,0.25316455696202533,compound 18 (Steed 2022),DCLANSSFVIGXHQ-OAQYLSRUSA-N,10.1021/acsomega.2c03127,运行/运行/ATP-VSW/ATP-VSW-DOCK_HTVS_1-002_lib.maegz
ATP-HTVS-B7368E70BBC8,27201,C[NH+](C)C[C@H](C[NH2+]Cc1ccc(OCc2ccccc2)cn1)c1ccc(Cl)cc1,c1ccc(CC[NH2+]Cc2ccc(OCc3ccccc3)cn2)cc1,-5.42596798797349,0.9172794117647058,0.22784810126582278,0.2804878048780488,compound 15 (Steed 2022),RIDDIWJTDCGXDH-NRFANRHFSA-N,10.1021/acsomega.2c03127,运行/运行/ATP-VSW/ATP-VSW-DOCK_HTVS_1-001_lib/ATP-VSW-DOCK_HTVS_1-001_lib
ATP-HTVS-B7604789CEBF,58530,C[NH+](C)Cc1ccc(C[N@H+](C)Cc2cn(-c3ccccc3Cl)nn2)cc1,c1ccc(C[NH2+]Cc2cn(-c3ccccc3)nn2)cc1,-4.92788953230995,0.7996323529411764,0.1891891891891892,0.2698412698412698,WSA249,YEMLSUARMQTHJO-UHFFFAOYSA-N,10.1002/cmdc.202400952,运行/运行/ATP-VSW/ATP-VSW-DOCK_HTVS_1-002_lib.maegz
ATP-HTVS-B77025854F9D,70979,Cc1ccc([C@H](O)C[NH2+][C@@H]2C(=O)N(Cc3ccccc3)c3ccccc32)cc1,O=C1C([NH2+]CCc2ccccc2)c2ccccc2N1Cc1ccccc1,-5.18063790977782,0.875,0.22784810126582278,0.22784810126582278,WSA280,XQBWCRMKNUAPEC-UHFFFAOYSA-N,10.1021/acsomega.5c06380,运行/运行/ATP-VSW/ATP-VSW-DOCK_HTVS_1-003_lib/ATP-VSW-DOCK_HTVS_1-003_lib.mae
ATP-HTVS-B798CBAC6C44,96577,CN(C(=O)c1cnc(N(C#N)c2ccccc2)c2ccccc12)c1ccc(Cl)cc1,O=C(Nc1ccccc1)c1cnc(Nc2ccccc2)c2ccccc12,-2.94710029951005,0.15012254901960786,0.175,0.17857142857142858,compound 15 (Steed 2022),RIDDIWJTDCGXDH-NRFANRHFSA-N,10.1021/acsomega.2c03127,运行/运行/ATP-VSW/ATP-VSW-DOCK_HTVS_1-002_lib.maegz
ATP-HTVS-B7AB07A15A31,78435,COc1cccc(-c2ccnc(NC(=O)c3ccc(C[NH+](C)C)cc3)c2C(=O)c2ccccc2)c1,O=C(Nc1nccc(-c2ccccc2)c1C(=O)c1ccccc1)c1ccccc1,-4.03672743264643,0.4332107843137255,0.24691358024691357,0.2631578947368421,compound 8 (Steed 2022),ROJPDORYZONAPF-UHFFFAOYSA-N,10.1021/acsomega.2c03127,运行/运行/ATP-VSW/ATP-VSW-DOCK_HTVS_1-003_lib/ATP-VSW-DOCK_HTVS_1-003_lib.mae
ATP-HTVS-B7C68EF5FFDC,82755,CN(C)[C@@H](C(=O)Nc1cnc2ccccc2c1N(CC#N)c1ccccc1)c1ccc(Cl)cc1,O=C(Cc1ccccc1)Nc1cnc2ccccc2c1Nc1ccccc1,-4.18675195228413,0.48406862745098034,0.2235294117647059,0.2261904761904762,compound 15 (Steed 2022),RIDDIWJTDCGXDH-NRFANRHFSA-N,10.1021/acsomega.2c03127,运行/运行/ATP-VSW/ATP-VSW-DOCK_HTVS_1-003_lib/ATP-VSW-DOCK_HTVS_1-003_lib.mae
ATP-HTVS-B7CF3B4EBACD,53986,Fc1ccc([C@@H](C[NH2+]Cc2cn(Cc3ccccc3)nc2-c2cccnc2)N2CCCC2)cc1,c1ccc(Cn2cc(C[NH2+]CC(c3ccccc3)N3CCCC3)c(-c3cccnc3)n2)cc1,-4.14533704989545,0.46875,0.3333333333333333,0.4177215189873418,WSA298,IZWVLJVCXHHUOO-UHFFFAOYSA-N,10.1021/acsomega.5c06380,运行/运行/ATP-VSW/ATP-VSW-DOCK_HTVS_1-002_lib.maegz
ATP-HTVS-B7FF2C0C64E6,74275,CN(Cc1cccc(F)c1)C(=O)c1sccc1NCc1ccc(C[NH+](C)C)cc1,O=C(NCc1ccccc1)c1sccc1NCc1ccccc1,-4.51580519988092,0.6372549019607843,0.21621621621621623,0.29850746268656714,Ward2024 compound 1,DVUDEYVEBQKKMF-UHFFFAOYSA-N,10.1021/acsmedchemlett.3c00480,运行/运行/ATP-VSW/ATP-VSW-DOCK_HTVS_1-003_lib/ATP-VSW-DOCK_HTVS_1-003_lib.mae
ATP-HTVS-B8017292FA6C,98081,N[C@H](C#Cc1cc2ccccc2nc1NC(=O)c1cccc(Cl)c1Cl)Cc1cccc(F)c1,O=C(Nc1nc2ccccc2cc1C#CCCc1ccccc1)c1ccccc1,-2.87306696057149,0.14522058823529416,0.2823529411764706,0.30120481927710846,compound 1 (Fraunfelter 2023),WIDVPHSBAXLSEU-LJQANCHMSA-N,10.1021/acsinfecdis.3c00317,运行/运行/ATP-VSW/ATP-VSW-DOCK_HTVS_1-002_lib.maegz
ATP-HTVS-B8459B836830,67074,CCOCC[N@@H+](CC)Cc1ccc(CN(C)Cc2cn(-c3ccccc3)nc2-c2ccncc2)cc1,c1ccc(CNCc2cn(-c3ccccc3)nc2-c2ccncc2)cc1,-3.6689567085858,0.27879901960784315,0.18085106382978725,0.20512820512820512,WSA236,CJWSCOKTAUPKHM-UHFFFAOYSA-N,10.1002/cmdc.202400952,运行/运行/ATP-VSW/ATP-VSW-DOCK_HTVS_1-002_lib.maegz
ATP-HTVS-B847417F307C,85761,O=C(Cc1ccc(F)cc1)Nc1cnc2ccccc2c1C#CC(=O)c1ccccc1,O=C(Cc1ccccc1)Nc1cnc2ccccc2c1C#CC(=O)c1ccccc1,-5.45752917124397,0.9197303921568627,0.24390243902439024,0.24358974358974358,compound 18 (Steed 2022),DCLANSSFVIGXHQ-OAQYLSRUSA-N,10.1021/acsomega.2c03127,运行/运行/ATP-VSW/ATP-VSW-DOCK_HTVS_1-001_lib/ATP-VSW-DOCK_HTVS_1-001_lib
ATP-HTVS-B860A68943EF,83874,C[NH2+][C@@H](C)c1ccc(N2CC(=O)Nc3ccccc3[C@H]2c2ccccc2)cc1,O=C1CN(c2ccccc2)C(c2ccccc2)c2ccccc2N1,-3.53485465298697,0.24387254901960786,0.14634146341463414,0.16091954022988506,compound 15 (Steed 2022),RIDDIWJTDCGXDH-NRFANRHFSA-N,10.1021/acsomega.2c03127,运行/运行/ATP-VSW/ATP-VSW-DOCK_HTVS_1-002_lib.maegz
ATP-HTVS-B88C39A42AA7,71075,C[NH+](C)Cc1ccccc1Nc1cnc(NC(=O)c2ccccc2)c2ccccc12,O=C(Nc1ncc(Nc2ccccc2)c2ccccc12)c1ccccc1,-3.76935999597459,0.3216911764705882,0.19753086419753085,0.2222222222222222,compound 18 (Steed 2022),DCLANSSFVIGXHQ-OAQYLSRUSA-N,10.1021/acsomega.2c03127,运行/运行/ATP-VSW/ATP-VSW-DOCK_HTVS_1-003_lib/ATP-VSW-DOCK_HTVS_1-003_lib.mae
ATP-HTVS-B8A979A70D7E,85859,Cc1ccc(-n2ncc(N(C)C(=O)c3ccc(C[NH+](C)C)cc3)c(N(C)Cc3ccccc3)c2=O)cc1,O=C(Nc1cnn(-c2ccccc2)c(=O)c1NCc1ccccc1)c1ccccc1,-4.34397423992911,0.5520833333333333,0.18888888888888888,0.22666666666666666,WSA280,XQBWCRMKNUAPEC-UHFFFAOYSA-N,10.1021/acsomega.5c06380,运行/运行/ATP-VSW/ATP-VSW-DOCK_HTVS_1-003_lib/ATP-VSW-DOCK_HTVS_1-003_lib.mae
ATP-HTVS-B8D4F4CA2980,25249,CC(=O)N(c1ccccc1)c1nc(C[NH2+]Cc2ccc(C[NH+](C)C)cc2)cs1,c1ccc(C[NH2+]Cc2csc(Nc3ccccc3)n2)cc1,-5.21646540592077,0.8811274509803921,0.20253164556962025,0.4406779661016949,compound 1 (Fraunfelter 2023),WIDVPHSBAXLSEU-LJQANCHMSA-N,10.1021/acsinfecdis.3c00317,运行/运行/ATP-VSW/ATP-VSW-DOCK_HTVS_1-001_lib/ATP-VSW-DOCK_HTVS_1-001_lib
ATP-HTVS-B976229D01A0,68866,CN(C)Cc1cccc(C[NH2+]c2c(Nc3ccccc3)c(Cl)c([O-])c3ccccc23)c1,c1ccc(C[NH2+]c2c(Nc3ccccc3)ccc3ccccc23)cc1,-1.51856162395666,0.035539215686274495,0.2222222222222222,0.2647058823529412,Ward2024 compound 1,DVUDEYVEBQKKMF-UHFFFAOYSA-N,10.1021/acsmedchemlett.3c00480,运行/运行/ATP-VSW/ATP-VSW-DOCK_HTVS_1-002_lib.maegz
ATP-HTVS-B989B97EF6F5,36002,CC[NH+](CC)Cc1ccc(C[NH2+]Cc2ccc(COc3cccc(Cl)c3C)o2)cc1,c1ccc(C[NH2+]Cc2ccc(COc3ccccc3)o2)cc1,-5.98566530002566,0.9742647058823529,0.13541666666666666,0.23943661971830985,WSA297,GXYVJEJKTGYEDL-UHFFFAOYSA-N,10.1021/acsomega.5c06380,运行/运行/ATP-VSW/ATP-VSW-DOCK_HTVS_1-002_lib.maegz
ATP-HTVS-B99F6A8D80C4,82786,C[C@H](NCC#C[C@@H](NCC(=O)c1ccccc1)c1csc2ccccc12)c1ccc(F)cc1,O=C(CNC(C#CCNCc1ccccc1)c1csc2ccccc12)c1ccccc1,-3.96977830419514,0.4056372549019608,0.1978021978021978,0.2,compound 19 (Steed 2022),DHQKBEDPXLHXAJ-OAQYLSRUSA-N,10.1021/acsomega.2c03127,运行/运行/ATP-VSW/ATP-VSW-DOCK_HTVS_1-002_lib.maegz
ATP-HTVS-B9C46F2E092C,80163,C[NH+](C)[C@@H](C#N)c1ccccc1Nc1[nH+]c(-c2ccccc2)cn1/N=C/c1ccc(Cl)cc1,C(=Nn1cc(-c2ccccc2)[nH+]c1Nc1ccccc1)c1ccccc1,-3.67328330366518,0.2806372549019608,0.13043478260869565,0.16091954022988506,WSA294,FPTVNOKSIHPUTA-UHFFFAOYSA-N,10.1021/acsomega.5c06380,运行/运行/ATP-VSW/ATP-VSW-DOCK_HTVS_1-003_lib/ATP-VSW-DOCK_HTVS_1-003_lib.mae
ATP-HTVS-B9E16686FC4A,78977,CCN(CC)Cc1cccc(CNc2cnc(NC(=O)c3ccccc3OC)c3ccccc23)c1,O=C(Nc1ncc(NCc2ccccc2)c2ccccc12)c1ccccc1,-1.96871524107972,0.07536764705882348,0.2222222222222222,0.23529411764705882,compound 18 (Steed 2022),DCLANSSFVIGXHQ-OAQYLSRUSA-N,10.1021/acsomega.2c03127,运行/运行/ATP-VSW/ATP-VSW-DOCK_HTVS_1-001_lib/ATP-VSW-DOCK_HTVS_1-001_lib
ATP-HTVS-BA05F8BAE026,80994,CN(C)[C@@H](C[NH3+])c1ccc(Cl)cc1Nc1nc(-c2ccccc2)cc(-c2ccccc2)n1,c1ccc(Nc2nc(-c3ccccc3)cc(-c3ccccc3)n2)cc1,-4.54604709625599,0.6501225490196079,0.2,0.2,Ward2024 compound 1,DVUDEYVEBQKKMF-UHFFFAOYSA-N,10.1021/acsmedchemlett.3c00480,运行/运行/ATP-VSW/ATP-VSW-DOCK_HTVS_1-002_lib.maegz
ATP-HTVS-BA0E3BFA8388,95713,CNc1cccc(CNc2c(NC(=O)c3ccccc3C[NH+](C)C)c[nH+]c3ccccc23)c1,O=C(Nc1c[nH+]c2ccccc2c1NCc1ccccc1)c1ccccc1,-5.08693232449439,0.8498774509803921,0.21176470588235294,0.2727272727272727,compound 8 (Steed 2022),ROJPDORYZONAPF-UHFFFAOYSA-N,10.1021/acsomega.2c03127,运行/运行/ATP-VSW/ATP-VSW-DOCK_HTVS_1-001_lib/ATP-VSW-DOCK_HTVS_1-001_lib
ATP-HTVS-BAB35535B111,81859,CN(C(=O)Cc1ccccc1)c1ccncc1NCc1cccc(C[NH+](C)C)c1,O=C(Cc1ccccc1)Nc1ccncc1NCc1ccccc1,-4.21154858734404,0.4920343137254902,0.25675675675675674,0.29411764705882354,Ward2024 compound 6,LKLACXNGVWXYAW-UHFFFAOYSA-N,10.1021/acsmedchemlett.3c00480,运行/运行/ATP-VSW/ATP-VSW-DOCK_HTVS_1-003_lib/ATP-VSW-DOCK_HTVS_1-003_lib.mae
ATP-HTVS-BAD00D53E534,97889,C[C@H](NCC#Cc1c(NC(=O)c2ccc(C#N)c(F)c2)cnc2ccccc12)c1cccc(F)c1,O=C(Nc1cnc2ccccc2c1C#CCNCc1ccccc1)c1ccccc1,-3.92227530838364,0.3829656862745098,0.23076923076923078,0.21739130434782608,compound 15 (Steed 2022),RIDDIWJTDCGXDH-NRFANRHFSA-N,10.1021/acsomega.2c03127,运行/运行/ATP-VSW/ATP-VSW-DOCK_HTVS_1-002_lib.maegz
ATP-HTVS-BAE9605F8CCC,24769,C[NH+](C)Cc1ccc(CNCc2csc(COc3ccc(Cl)cc3)n2)cc1,c1ccc(CNCc2csc(COc3ccccc3)n2)cc1,-4.41173546626797,0.5814950980392157,0.24691358024691357,0.3492063492063492,WSA296,HCBCVTVDQQQYPH-UHFFFAOYSA-N,10.1021/acsomega.5c06380,运行/运行/ATP-VSW/ATP-VSW-DOCK_HTVS_1-001_lib/ATP-VSW-DOCK_HTVS_1-001_lib
ATP-HTVS-BAF1AE5D2B14,74082,O=C1CN(Cc2ccc(C(=O)NCCF)cc2)[C@H](c2ccccc2)c2ccccc2N1,O=C1CN(Cc2ccccc2)C(c2ccccc2)c2ccccc2N1,-4.38001977581335,0.571078431372549,0.19101123595505617,0.19101123595505617,WSA298,IZWVLJVCXHHUOO-UHFFFAOYSA-N,10.1021/acsomega.5c06380,运行/运行/ATP-VSW/ATP-VSW-DOCK_HTVS_1-002_lib.maegz
ATP-HTVS-BAFA4202ACED,96321,COC(=O)[C@@H](Nc1c(C(=O)N(CC[NH3+])c2ccccc2)sc2ccccc12)c1ccccc1C,O=C(Nc1ccccc1)c1sc2ccccc2c1NCc1ccccc1,-3.14289673283571,0.17095588235294112,0.24096385542168675,0.25925925925925924,compound 15 (Steed 2022),RIDDIWJTDCGXDH-NRFANRHFSA-N,10.1021/acsomega.2c03127,运行/运行/ATP-VSW/ATP-VSW-DOCK_HTVS_1-001_lib/ATP-VSW-DOCK_HTVS_1-001_lib
ATP-HTVS-BB0F51DCED8B,87587,CCCC[N@@H+](C)[C@@H](C(=O)Nc1c[nH+]c2ccccc2c1N(C)[C@@H](C#N)c1ccccc1)c1ccccc1,O=C(Cc1ccccc1)Nc1c[nH+]c2ccccc2c1NCc1ccccc1,-2.81848001304951,0.14154411764705888,0.1590909090909091,0.23595505617977527,Ward2024 compound 6,LKLACXNGVWXYAW-UHFFFAOYSA-N,10.1021/acsmedchemlett.3c00480,运行/运行/ATP-VSW/ATP-VSW-DOCK_HTVS_1-003_lib/ATP-VSW-DOCK_HTVS_1-003_lib.mae
ATP-HTVS-BB2B7EB3D06A,85442,CN(C)[C@H](C[NH3+])c1ccc(Nc2nc(Oc3ccc(F)cc3)cc(Oc3ccc(F)cc3)n2)cc1,c1ccc(Nc2nc(Oc3ccccc3)cc(Oc3ccccc3)n2)cc1,-4.62863292885777,0.6875,0.16901408450704225,0.17391304347826086,Ward2024 compound 5,BMTCMYDFINDWQK-UHFFFAOYSA-N,10.1021/acsmedchemlett.3c00480,运行/运行/ATP-VSW/ATP-VSW-DOCK_HTVS_1-002_lib.maegz
ATP-HTVS-BB30DC3CF26F,67810,C[NH+](C)Cc1cccc(CNC(=O)c2cn(Cc3ccccc3)nc2-c2cccnc2)c1,O=C(NCc1ccccc1)c1cn(Cc2ccccc2)nc1-c1cccnc1,-4.24182037069851,0.5049019607843137,0.25609756097560976,0.2682926829268293,WSA294,FPTVNOKSIHPUTA-UHFFFAOYSA-N,10.1021/acsomega.5c06380,运行/运行/ATP-VSW/ATP-VSW-DOCK_HTVS_1-002_lib.maegz
ATP-HTVS-BB3EB03EB4C6,57699,C[C@@H]([NH2+]Cc1cc(OCc2ccccc2)c2ccccc2c1)c1ccc(C(=O)[O-])cc1,c1ccc(C[NH2+]Cc2cc(OCc3ccccc3)c3ccccc3c2)cc1,-4.84510867006185,0.7683823529411764,0.3287671232876712,0.37142857142857144,compound 15 (Steed 2022),RIDDIWJTDCGXDH-NRFANRHFSA-N,10.1021/acsomega.2c03127,运行/运行/ATP-VSW/ATP-VSW-DOCK_HTVS_1-003_lib/ATP-VSW-DOCK_HTVS_1-003_lib.mae
ATP-HTVS-BB81D0256EE3,80641,C[NH+](C)Cc1ccc(CNc2c(C(=O)Nc3ccccc3C#N)sc3cc(F)ccc23)cc1,O=C(Nc1ccccc1)c1sc2ccccc2c1NCc1ccccc1,-4.08595230146298,0.4515931372549019,0.18681318681318682,0.2692307692307692,compound 1 (Fraunfelter 2023),WIDVPHSBAXLSEU-LJQANCHMSA-N,10.1021/acsinfecdis.3c00317,运行/运行/ATP-VSW/ATP-VSW-DOCK_HTVS_1-001_lib/ATP-VSW-DOCK_HTVS_1-001_lib
ATP-HTVS-BBA3AD223423,28035,O=C1CN(Cc2ccc(F)cc2Br)[C@H](c2ccccc2)c2ccccc2N1,O=C1CN(Cc2ccccc2)C(c2ccccc2)c2ccccc2N1,-1.69188024939488,0.0533088235294118,0.2345679012345679,0.2345679012345679,WSA298,IZWVLJVCXHHUOO-UHFFFAOYSA-N,10.1021/acsomega.5c06380,运行/运行/ATP-VSW/ATP-VSW-DOCK_HTVS_1-003_lib/ATP-VSW-DOCK_HTVS_1-003_lib.mae
ATP-HTVS-BBB01994AF2B,80578,Cc1cc(-c2ccnc(NC(=O)c3ccccc3C[NH+](C)C)c2C(=O)c2ccccc2)ccc1O,O=C(Nc1nccc(-c2ccccc2)c1C(=O)c1ccccc1)c1ccccc1,-3.84304552480272,0.3535539215686274,0.19540229885057472,0.21518987341772153,compound 15 (Steed 2022),RIDDIWJTDCGXDH-NRFANRHFSA-N,10.1021/acsomega.2c03127,运行/运行/ATP-VSW/ATP-VSW-DOCK_HTVS_1-002_lib.maegz
ATP-HTVS-BBE6E61B6745,84578,CN(Cc1sc2ccccc2c1C#C[C@H]([NH3+])Cc1cccc(F)c1)C(=O)c1cccc(O)c1,O=C(NCc1sc2ccccc2c1C#CCCc1ccccc1)c1ccccc1,-5.58651505166429,0.9344362745098039,0.23863636363636365,0.22727272727272727,compound 1 (Fraunfelter 2023),WIDVPHSBAXLSEU-LJQANCHMSA-N,10.1021/acsinfecdis.3c00317,运行/运行/ATP-VSW/ATP-VSW-DOCK_HTVS_1-002_lib.maegz
ATP-HTVS-BBF7556FA5C3,44579,C[NH+](C)Cc1ccccc1CNc1nc2ccccc2nc1NC/C=C/c1ccccc1,C(=Cc1ccccc1)CNc1nc2ccccc2nc1NCc1ccccc1,-4.34751111528671,0.5545343137254901,0.23529411764705882,0.30158730158730157,Ward2024 compound 6,LKLACXNGVWXYAW-UHFFFAOYSA-N,10.1021/acsmedchemlett.3c00480,运行/运行/ATP-VSW/ATP-VSW-DOCK_HTVS_1-003_lib/ATP-VSW-DOCK_HTVS_1-003_lib.mae
ATP-HTVS-BC2B8699145A,70561,C[NH+](C)Cc1cccc(CNc2c[nH+]c3ccccc3c2NC(=O)c2ccc(O)cc2)c1,O=C(Nc1c(NCc2ccccc2)c[nH+]c2ccccc12)c1ccccc1,-4.37742163323633,0.5692401960784313,0.2261904761904762,0.273972602739726,compound 1 (Fraunfelter 2023),WIDVPHSBAXLSEU-LJQANCHMSA-N,10.1021/acsinfecdis.3c00317,运行/运行/ATP-VSW/ATP-VSW-DOCK_HTVS_1-001_lib/ATP-VSW-DOCK_HTVS_1-001_lib
ATP-HTVS-BCAE8AB499DF,82881,Cc1ccc(Cl)cc1N(C)C(=O)c1cc(NCc2ccc(C[NH+](C)C)cc2)cs1,O=C(Nc1ccccc1)c1cc(NCc2ccccc2)cs1,-4.67362578889828,0.7058823529411764,0.1794871794871795,0.2535211267605634,Ward2024 compound 1,DVUDEYVEBQKKMF-UHFFFAOYSA-N,10.1021/acsmedchemlett.3c00480,运行/运行/ATP-VSW/ATP-VSW-DOCK_HTVS_1-001_lib/ATP-VSW-DOCK_HTVS_1-001_lib
ATP-HTVS-BCB25216F396,83875,C[NH2+][C@@H](C)c1ccccc1N1CC(=O)Nc2ccccc2[C@@H]1c1ccccc1,O=C1CN(c2ccccc2)C(c2ccccc2)c2ccccc2N1,-3.79590351023867,0.33272058823529416,0.16049382716049382,0.16470588235294117,Ward2024 compound 13,SVSBIDILOVJTHE-UHFFFAOYSA-N,10.1021/acsmedchemlett.3c00480,运行/运行/ATP-VSW/ATP-VSW-DOCK_HTVS_1-003_lib/ATP-VSW-DOCK_HTVS_1-003_lib.mae
ATP-HTVS-BCB37E169801,66851,C[C@@H](C[NH2+]Cc1cn(-c2ccccc2)nc1-c1ccncc1)c1ccc(Cl)cc1,c1ccc(CC[NH2+]Cc2cn(-c3ccccc3)nc2-c2ccncc2)cc1,-4.16870856746876,0.47610294117647056,0.17204301075268819,0.24675324675324675,WSA297,GXYVJEJKTGYEDL-UHFFFAOYSA-N,10.1021/acsomega.5c06380,运行/运行/ATP-VSW/ATP-VSW-DOCK_HTVS_1-003_lib/ATP-VSW-DOCK_HTVS_1-003_lib.mae
ATP-HTVS-BCEA86BEEC0A,20258,C[NH+](C)Cc1ccc(NC(=O)c2cccnc2SCc2ccccc2)cc1,O=C(Nc1ccccc1)c1cccnc1SCc1ccccc1,-4.19299991827439,0.4865196078431373,0.2714285714285714,0.3283582089552239,Ward2024 compound 6,LKLACXNGVWXYAW-UHFFFAOYSA-N,10.1021/acsmedchemlett.3c00480,运行/运行/ATP-VSW/ATP-VSW-DOCK_HTVS_1-002_lib.maegz
ATP-HTVS-BD03C735BC89,84035,CN(c1c(NC(=O)c2ccccc2OCC[NH+](C)C)c[nH+]c2ccccc12)[C@@H](C#N)c1ccccc1,O=C(Nc1c[nH+]c2ccccc2c1NCc1ccccc1)c1ccccc1,-5.03019699353881,0.8339460784313726,0.18085106382978725,0.2391304347826087,compound 15 (Steed 2022),RIDDIWJTDCGXDH-NRFANRHFSA-N,10.1021/acsomega.2c03127,运行/运行/ATP-VSW/ATP-VSW-DOCK_HTVS_1-003_lib/ATP-VSW-DOCK_HTVS_1-003_lib.mae
ATP-HTVS-BD0B30D0980B,63267,Cc1ccc2nc(-c3ccc(F)cc3)c(C[NH2+]Cc3ccc(F)c(C[NH+](C)C)c3)n2c1,c1ccc(C[NH2+]Cc2c(-c3ccccc3)nc3ccccn23)cc1,-4.15222294271607,0.47181372549019607,0.21839080459770116,0.35294117647058826,WSA298,IZWVLJVCXHHUOO-UHFFFAOYSA-N,10.1021/acsomega.5c06380,运行/运行/ATP-VSW/ATP-VSW-DOCK_HTVS_1-003_lib/ATP-VSW-DOCK_HTVS_1-003_lib.mae
ATP-HTVS-BD172DBF0B92,62243,[NH3+]Cc1ccc(CNC(=O)c2oc3ccccc3c2CSc2ccccc2F)cc1,O=C(NCc1ccccc1)c1oc2ccccc2c1CSc1ccccc1,-4.76562162183844,0.7444852941176471,0.2,0.2125,WSA298,IZWVLJVCXHHUOO-UHFFFAOYSA-N,10.1021/acsomega.5c06380,运行/运行/ATP-VSW/ATP-VSW-DOCK_HTVS_1-003_lib/ATP-VSW-DOCK_HTVS_1-003_lib.mae
ATP-HTVS-BD1ED4B7B841,91779,N#C[C@H](Nc1c(NC(=O)Cc2ccccc2)c[nH+]c2ccccc12)c1ccc(F)cc1,O=C(Cc1ccccc1)Nc1c[nH+]c2ccccc2c1NCc1ccccc1,-4.92262054324652,0.7965686274509804,0.20689655172413793,0.26582278481012656,compound 18 (Steed 2022),DCLANSSFVIGXHQ-OAQYLSRUSA-N,10.1021/acsomega.2c03127,运行/运行/ATP-VSW/ATP-VSW-DOCK_HTVS_1-003_lib/ATP-VSW-DOCK_HTVS_1-003_lib.mae
ATP-HTVS-BD741E539D0D,23235,C[C@H](NCc1nc2ccccc2n1Cc1ccc(Cl)cc1)c1ccc(C[NH+](C)C)cc1,c1ccc(CNCc2nc3ccccc3n2Cc2ccccc2)cc1,-3.84537338697277,0.35416666666666663,0.22784810126582278,0.3283582089552239,WSA249,YEMLSUARMQTHJO-UHFFFAOYSA-N,10.1002/cmdc.202400952,运行/运行/ATP-VSW/ATP-VSW-DOCK_HTVS_1-003_lib/ATP-VSW-DOCK_HTVS_1-003_lib.mae
ATP-HTVS-BD9D807D92EC,94305,C[NH+](C)CCOc1ccc(C(=O)Nc2nc3ccccc3cc2N(C#N)c2ccccc2)cc1,O=C(Nc1nc2ccccc2cc1Nc1ccccc1)c1ccccc1,-4.18926681226364,0.4859068627450981,0.275,0.2916666666666667,compound 8 (Steed 2022),ROJPDORYZONAPF-UHFFFAOYSA-N,10.1021/acsomega.2c03127,运行/运行/ATP-VSW/ATP-VSW-DOCK_HTVS_1-001_lib/ATP-VSW-DOCK_HTVS_1-001_lib
ATP-HTVS-BDB37C4B0D07,53090,COc1cccc(C[NH2+]C[C@@H](C[NH+](C)C)c2ccccc2)c1OCc1ccccc1,c1ccc(CC[NH2+]Cc2ccccc2OCc2ccccc2)cc1,-4.51999018850765,0.6397058823529411,0.25,0.2898550724637681,compound 15 (Steed 2022),RIDDIWJTDCGXDH-NRFANRHFSA-N,10.1021/acsomega.2c03127,运行/运行/ATP-VSW/ATP-VSW-DOCK_HTVS_1-002_lib.maegz
ATP-HTVS-BDBBABCD42A1,50114,C[NH+](C)Cc1ccccc1CNc1nc2ccccc2nc1NCc1ccc(CO)c(F)c1,c1ccc(CNc2nc3ccccc3nc2NCc2ccccc2)cc1,-3.81030635408713,0.3382352941176471,0.2647058823529412,0.36507936507936506,Ward2024 compound 1,DVUDEYVEBQKKMF-UHFFFAOYSA-N,10.1021/acsmedchemlett.3c00480,运行/运行/ATP-VSW/ATP-VSW-DOCK_HTVS_1-002_lib.maegz
ATP-HTVS-BDBFEED18423,61698,C[NH+](C)Cc1ccc(CCNc2nc3ccccc3nc2NCc2ccncc2Br)cc1,c1ccc(CCNc2nc3ccccc3nc2NCc2ccncc2)cc1,-4.43424907842881,0.59375,0.22666666666666666,0.35384615384615387,Ward2024 compound 19,PXXYITLVUSHXPN-UHFFFAOYSA-N,10.1021/acsmedchemlett.3c00480,运行/运行/ATP-VSW/ATP-VSW-DOCK_HTVS_1-002_lib.maegz
ATP-HTVS-BDC9F9AD9B20,33281,C[NH+]1CCN(c2ccccc2C[NH2+]Cc2nc3ccccc3n2Cc2ccccc2)CC1,c1ccc(Cn2c(C[NH2+]Cc3ccccc3N3CC[NH2+]CC3)nc3ccccc32)cc1,-4.18169794448799,0.4816176470588235,0.2597402597402597,0.391304347826087,WSA249,YEMLSUARMQTHJO-UHFFFAOYSA-N,10.1002/cmdc.202400952,运行/运行/ATP-VSW/ATP-VSW-DOCK_HTVS_1-001_lib/ATP-VSW-DOCK_HTVS_1-001_lib
ATP-HTVS-BDD1C4453981,38147,CC(=O)N(c1ccc(F)cc1)c1nc(C[NH2+][C@@H](C)c2ccc(C[NH+](C)C)cc2)cs1,c1ccc(C[NH2+]Cc2csc(Nc3ccccc3)n2)cc1,-5.88652840899261,0.9693627450980392,0.19767441860465115,0.30985915492957744,compound 1 (Fraunfelter 2023),WIDVPHSBAXLSEU-LJQANCHMSA-N,10.1021/acsinfecdis.3c00317,运行/运行/ATP-VSW/ATP-VSW-DOCK_HTVS_1-003_lib/ATP-VSW-DOCK_HTVS_1-003_lib.mae
ATP-HTVS-BE0949FFEA46,84483,CC(C)Nc1ccccc1NC(=O)Cc1nn(-c2ccccc2)c(=O)c2ccccc12,O=C(Cc1nn(-c2ccccc2)c(=O)c2ccccc12)Nc1ccccc1,-3.68716995690758,0.28737745098039214,0.22077922077922077,0.22077922077922077,compound 15 (Steed 2022),RIDDIWJTDCGXDH-NRFANRHFSA-N,10.1021/acsomega.2c03127,运行/运行/ATP-VSW/ATP-VSW-DOCK_HTVS_1-003_lib/ATP-VSW-DOCK_HTVS_1-003_lib.mae
ATP-HTVS-BE25F64FE980,42785,CSc1ccc([C@H](C)Nc2nc(NCc3cccc(C[NH+](C)C)c3)c3ccccc3n2)cc1,c1ccc(CNc2nc(NCc3ccccc3)c3ccccc3n2)cc1,-1.91461633591276,0.07107843137254899,0.24096385542168675,0.3380281690140845,WSA250,SSOJQSHUAQGPLD-UHFFFAOYSA-N,10.1002/cmdc.202400952,运行/运行/ATP-VSW/ATP-VSW-DOCK_HTVS_1-001_lib/ATP-VSW-DOCK_HTVS_1-001_lib
ATP-HTVS-BE2C9D7D83B9,57441,C[NH+](C)Cc1ccc(CNc2nc3ccccc3nc2N[C@H](CC(N)=O)c2ccccc2Cl)cc1,c1ccc(CNc2nc3ccccc3nc2NCc2ccccc2)cc1,-4.64152924608722,0.6942401960784313,0.24390243902439024,0.32857142857142857,compound 1 (Fraunfelter 2023),WIDVPHSBAXLSEU-LJQANCHMSA-N,10.1021/acsinfecdis.3c00317,运行/运行/ATP-VSW/ATP-VSW-DOCK_HTVS_1-001_lib/ATP-VSW-DOCK_HTVS_1-001_lib
ATP-HTVS-BE963CFE3042,38017,CC(C)Nc1ccc(CNc2nc(N[C@H](C)c3ccccc3N)c3ccccc3n2)cc1,c1ccc(CNc2nc(NCc3ccccc3)c3ccccc3n2)cc1,-1.74970143665166,0.060049019607843146,0.25,0.25,compound 15 (Steed 2022),RIDDIWJTDCGXDH-NRFANRHFSA-N,10.1021/acsomega.2c03127,运行/运行/ATP-VSW/ATP-VSW-DOCK_HTVS_1-001_lib/ATP-VSW-DOCK_HTVS_1-001_lib
ATP-HTVS-BEC4D7C74EFC,70658,CCN(c1cc2ccccc2nc1NC(=O)c1ccc(C[NH+](C)C)cc1)[C@H](C#N)c1ccccc1,O=C(Nc1nc2ccccc2cc1NCc1ccccc1)c1ccccc1,-4.49742141125466,0.6268382352941176,0.27380952380952384,0.3424657534246575,compound 15 (Steed 2022),RIDDIWJTDCGXDH-NRFANRHFSA-N,10.1021/acsomega.2c03127,运行/运行/ATP-VSW/ATP-VSW-DOCK_HTVS_1-002_lib.maegz
ATP-HTVS-BECDF8C854B5,82305,CN(C(=O)c1cscc1NCc1cccc(C[NH+](C)C)c1)c1cccc(C#N)c1,O=C(Nc1ccccc1)c1cscc1NCc1ccccc1,-3.4006914794541,0.21323529411764708,0.2289156626506024,0.25675675675675674,compound 15 (Steed 2022),RIDDIWJTDCGXDH-NRFANRHFSA-N,10.1021/acsomega.2c03127,运行/运行/ATP-VSW/ATP-VSW-DOCK_HTVS_1-001_lib/ATP-VSW-DOCK_HTVS_1-001_lib
ATP-HTVS-BF2AFCF05426,93699,C[NH+](C)Cc1cccc(CNc2cnc(NC(=O)C(F)(F)c3ccccc3)c(F)c2)c1,O=C(Cc1ccccc1)Nc1ccc(NCc2ccccc2)cn1,-4.4310060927735,0.5906862745098039,0.21686746987951808,0.25675675675675674,compound 15 (Steed 2022),RIDDIWJTDCGXDH-NRFANRHFSA-N,10.1021/acsomega.2c03127,运行/运行/ATP-VSW/ATP-VSW-DOCK_HTVS_1-003_lib/ATP-VSW-DOCK_HTVS_1-003_lib.mae
ATP-HTVS-BF383207F30E,28642,C[NH+](C)Cc1cccc(CNc2nc3ccccc3nc2NCc2cccc(Cl)c2)c1,c1ccc(CNc2nc3ccccc3nc2NCc2ccccc2)cc1,-4.32594192164637,0.5441176470588236,0.25757575757575757,0.3620689655172414,Ward2024 compound 8,APMKTVCBYUVFFM-UHFFFAOYSA-N,10.1021/acsmedchemlett.3c00480,运行/运行/ATP-VSW/ATP-VSW-DOCK_HTVS_1-002_lib.maegz
ATP-HTVS-BF68A4285DB1,42338,CC(C)[NH2+]c1cccc(CNc2nc(N[C@H](CCO)c3ccccc3F)c3ccccc3[nH+]2)c1,c1ccc(CNc2nc(NCc3ccccc3)c3ccccc3[nH+]2)cc1,-0.69909794854046,0.0042892156862744946,0.2247191011235955,0.25,compound 15 (Steed 2022),RIDDIWJTDCGXDH-NRFANRHFSA-N,10.1021/acsomega.2c03127,运行/运行/ATP-VSW/ATP-VSW-DOCK_HTVS_1-002_lib.maegz
ATP-HTVS-BF6C9643780C,85186,C[NH+](C)[C@@H](C(=O)Nc1cnc2ccccc2c1N(CC#N)c1ccccc1)c1ccccc1,O=C(Cc1ccccc1)Nc1cnc2ccccc2c1Nc1ccccc1,-4.27434813981764,0.5208333333333333,0.23170731707317074,0.24050632911392406,compound 15 (Steed 2022),RIDDIWJTDCGXDH-NRFANRHFSA-N,10.1021/acsomega.2c03127,运行/运行/ATP-VSW/ATP-VSW-DOCK_HTVS_1-002_lib.maegz
ATP-HTVS-BF826A7B469A,89442,CN(C(=O)Cc1ccccc1F)c1ncccc1NCc1cccc(C[NH+](C)C)c1,O=C(Cc1ccccc1)Nc1ncccc1NCc1ccccc1,-4.68870420142709,0.7150735294117647,0.23170731707317074,0.28169014084507044,compound 15 (Steed 2022),RIDDIWJTDCGXDH-NRFANRHFSA-N,10.1021/acsomega.2c03127,运行/运行/ATP-VSW/ATP-VSW-DOCK_HTVS_1-002_lib.maegz
ATP-HTVS-BF8F947D0493,34082,O=C1CN(Cc2ccc(I)cc2Cl)[C@H](c2ccccc2)c2ccccc2N1,O=C1CN(Cc2ccccc2)C(c2ccccc2)c2ccccc2N1,-1.23886534961818,0.02083333333333337,0.1744186046511628,0.1744186046511628,WSA298,IZWVLJVCXHHUOO-UHFFFAOYSA-N,10.1021/acsomega.5c06380,运行/运行/ATP-VSW/ATP-VSW-DOCK_HTVS_1-002_lib.maegz
ATP-HTVS-BFC0901B6A3C,76930,CNc1cccc(CNC(=O)c2[nH]c3ccccc3c2N(CC#N)c2ccccc2)c1,O=C(NCc1ccccc1)c1[nH]c2ccccc2c1Nc1ccccc1,-4.96051399141447,0.8094362745098039,0.2159090909090909,0.22988505747126436,compound 18 (Steed 2022),DCLANSSFVIGXHQ-OAQYLSRUSA-N,10.1021/acsomega.2c03127,运行/运行/ATP-VSW/ATP-VSW-DOCK_HTVS_1-002_lib.maegz
ATP-HTVS-BFD5BCAF9717,52961,O=C(NNc1ccccc1)c1oc2ccccc2c1COc1ccccc1,O=C(NNc1ccccc1)c1oc2ccccc2c1COc1ccccc1,-5.80036295368171,0.9620098039215687,0.1891891891891892,0.1891891891891892,compound 15 (Steed 2022),RIDDIWJTDCGXDH-NRFANRHFSA-N,10.1021/acsomega.2c03127,运行/运行/ATP-VSW/ATP-VSW-DOCK_HTVS_1-001_lib/ATP-VSW-DOCK_HTVS_1-001_lib
ATP-HTVS-BFEA0E4C0B7C,74657,Cc1cccc([C@H](O)CNc2c(NC(=O)C#Cc3ccccc3)c[nH+]c3ccccc23)c1,O=C(C#Cc1ccccc1)Nc1c[nH+]c2ccccc2c1NCCc1ccccc1,-4.67397594012222,0.7071078431372548,0.18478260869565216,0.21978021978021978,compound 18 (Steed 2022),DCLANSSFVIGXHQ-OAQYLSRUSA-N,10.1021/acsomega.2c03127,运行/运行/ATP-VSW/ATP-VSW-DOCK_HTVS_1-001_lib/ATP-VSW-DOCK_HTVS_1-001_lib
ATP-HTVS-C038EE4FCBA5,94113,C[NH+](C)Cc1cccc(CNc2ccnc(NC(=O)c3ccccc3F)c2F)c1,O=C(Nc1cc(NCc2ccccc2)ccn1)c1ccccc1,-4.00424778339918,0.4197303921568627,0.2073170731707317,0.2602739726027397,compound 15 (Steed 2022),RIDDIWJTDCGXDH-NRFANRHFSA-N,10.1021/acsomega.2c03127,运行/运行/ATP-VSW/ATP-VSW-DOCK_HTVS_1-001_lib/ATP-VSW-DOCK_HTVS_1-001_lib
ATP-HTVS-C0568328686F,39681,COc1ccc(CN(C)c2nc(NCc3ccccc3C[NH+](C)C)c3ccccc3[nH+]2)c(OC)c1,c1ccc(CNc2nc(NCc3ccccc3)c3ccccc3[nH+]2)cc1,-3.33357646445703,0.20036764705882348,0.20652173913043478,0.273972602739726,compound 18 (Steed 2022),DCLANSSFVIGXHQ-OAQYLSRUSA-N,10.1021/acsomega.2c03127,运行/运行/ATP-VSW/ATP-VSW-DOCK_HTVS_1-001_lib/ATP-VSW-DOCK_HTVS_1-001_lib
ATP-HTVS-C0772D58369C,99330,CNc1ccccc1N(C)c1c(C(=O)N(C)[C@@H](C#N)c2ccccc2)cnc2ccc(F)cc12,O=C(NCc1ccccc1)c1cnc2ccccc2c1Nc1ccccc1,-3.8510538606858,0.3572303921568627,0.2,0.20212765957446807,compound 15 (Steed 2022),RIDDIWJTDCGXDH-NRFANRHFSA-N,10.1021/acsomega.2c03127,运行/运行/ATP-VSW/ATP-VSW-DOCK_HTVS_1-003_lib/ATP-VSW-DOCK_HTVS_1-003_lib.mae
ATP-HTVS-C09627CFBEE5,62882,COc1cccc(C[N@@H+](C)Cc2cccc(CN(C)C)c2)c1OCc1ccccc1F,c1ccc(C[NH2+]Cc2ccccc2OCc2ccccc2)cc1,-2.42274528700733,0.1115196078431373,0.2361111111111111,0.25,Ward2024 compound 1,DVUDEYVEBQKKMF-UHFFFAOYSA-N,10.1021/acsmedchemlett.3c00480,运行/运行/ATP-VSW/ATP-VSW-DOCK_HTVS_1-002_lib.maegz
ATP-HTVS-C0A883403093,80579,Cc1ccc(O)c(-c2ccnc(NC(=O)c3ccc(C[NH+](C)C)cc3)c2C(=O)c2ccccc2)c1,O=C(Nc1nccc(-c2ccccc2)c1C(=O)c1ccccc1)c1ccccc1,-3.67454644381269,0.28125,0.2261904761904762,0.2702702702702703,compound 1 (Fraunfelter 2023),WIDVPHSBAXLSEU-LJQANCHMSA-N,10.1021/acsinfecdis.3c00317,运行/运行/ATP-VSW/ATP-VSW-DOCK_HTVS_1-003_lib/ATP-VSW-DOCK_HTVS_1-003_lib.mae
ATP-HTVS-C0ADD803E371,28353,CN(Cc1ccccc1S(N)(=O)=O)c1nc(NCc2ccc(C[NH+](C)C)cc2)c2ccccc2[nH+]1,c1ccc(CNc2nc(NCc3ccccc3)c3ccccc3[nH+]2)cc1,-3.82925563980246,0.34620098039215685,0.23076923076923078,0.36363636363636365,Ward2024 compound 1,DVUDEYVEBQKKMF-UHFFFAOYSA-N,10.1021/acsmedchemlett.3c00480,运行/运行/ATP-VSW/ATP-VSW-DOCK_HTVS_1-001_lib/ATP-VSW-DOCK_HTVS_1-001_lib
ATP-HTVS-C0B01F645FC7,95074,Cc1cccc(C(=O)Nc2c[nH+]c3ccccc3c2NCc2ccc(NCCO)cc2)c1C,O=C(Nc1c[nH+]c2ccccc2c1NCc1ccccc1)c1ccccc1,-4.70281595890032,0.7224264705882353,0.21951219512195122,0.24691358024691357,compound 8 (Steed 2022),ROJPDORYZONAPF-UHFFFAOYSA-N,10.1021/acsomega.2c03127,运行/运行/ATP-VSW/ATP-VSW-DOCK_HTVS_1-003_lib/ATP-VSW-DOCK_HTVS_1-003_lib.mae
ATP-HTVS-C0E7239EA73D,94018,CN(C(=O)[C@](C)(O)c1ccccc1)c1ncccc1NCc1cccc(C[NH+](C)C)c1,O=C(Cc1ccccc1)Nc1ncccc1NCc1ccccc1,-3.98574645093938,0.41299019607843135,0.2375,0.2564102564102564,compound 15 (Steed 2022),RIDDIWJTDCGXDH-NRFANRHFSA-N,10.1021/acsomega.2c03127,运行/运行/ATP-VSW/ATP-VSW-DOCK_HTVS_1-003_lib/ATP-VSW-DOCK_HTVS_1-003_lib.mae
ATP-HTVS-C10AA91B306E,67713,C[NH+](C)Cc1ccc(C[N@H+](C)Cc2ccc(-c3cccc(C(F)(F)F)c3)o2)cc1,c1ccc(C[NH2+]Cc2ccc(-c3ccccc3)o2)cc1,-4.94411529805242,0.8045343137254902,0.12658227848101267,0.24615384615384617,WSA294,FPTVNOKSIHPUTA-UHFFFAOYSA-N,10.1021/acsomega.5c06380,运行/运行/ATP-VSW/ATP-VSW-DOCK_HTVS_1-001_lib/ATP-VSW-DOCK_HTVS_1-001_lib
ATP-HTVS-C12B4C379970,35235,[NH3+]C[C@@H](NCc1nc2ccccc2c(-c2ccccc2)c1Cl)c1ccccc1F,c1ccc(CNCc2cc(-c3ccccc3)c3ccccc3n2)cc1,-5.12059473422699,0.857843137254902,0.20238095238095238,0.2345679012345679,compound 19 (Steed 2022),DHQKBEDPXLHXAJ-OAQYLSRUSA-N,10.1021/acsomega.2c03127,运行/运行/ATP-VSW/ATP-VSW-DOCK_HTVS_1-003_lib/ATP-VSW-DOCK_HTVS_1-003_lib.mae
ATP-HTVS-C13B253881A4,36801,Fc1ccc(CCNCc2[nH+]c3ccccc3n2Cc2ccccc2)c(Cl)c1,c1ccc(CCNCc2[nH+]c3ccccc3n2Cc2ccccc2)cc1,-2.34016426002997,0.10477941176470584,0.2948717948717949,0.3188405797101449,WSA298,IZWVLJVCXHHUOO-UHFFFAOYSA-N,10.1021/acsomega.5c06380,运行/运行/ATP-VSW/ATP-VSW-DOCK_HTVS_1-001_lib/ATP-VSW-DOCK_HTVS_1-001_lib
ATP-HTVS-C1848F46B113,80386,CN(Cc1sc2ccccc2c1NCc1ccc(NCCO)cc1)C(=O)c1cc(F)cc(F)c1,O=C(NCc1sc2ccccc2c1NCc1ccccc1)c1ccccc1,-3.54019421024101,0.2457107843137255,0.21518987341772153,0.21518987341772153,Ward2024 compound 1,DVUDEYVEBQKKMF-UHFFFAOYSA-N,10.1021/acsmedchemlett.3c00480,运行/运行/ATP-VSW/ATP-VSW-DOCK_HTVS_1-002_lib.maegz
ATP-HTVS-C188770C1FD9,20962,C[C@@](N)(C(=O)n1nc(-c2cccnc2)cc1CC[NH2+]Cc1ccccc1)c1ccccc1,O=C(Cc1ccccc1)n1nc(-c2cccnc2)cc1CC[NH2+]Cc1ccccc1,-6.16994376737702,0.9852941176470589,0.1927710843373494,0.2597402597402597,compound 8 (Steed 2022),ROJPDORYZONAPF-UHFFFAOYSA-N,10.1021/acsomega.2c03127,运行/运行/ATP-VSW/ATP-VSW-DOCK_HTVS_1-002_lib.maegz
ATP-HTVS-C1AB9EDC96AF,72801,C[NH+](C)Cc1ccc(CNC(=O)c2cn(-c3ccc(F)cc3)c(=O)c3ccccc23)cc1,O=C(NCc1ccccc1)c1cn(-c2ccccc2)c(=O)c2ccccc12,-5.07570022737249,0.8449754901960784,0.20238095238095238,0.29411764705882354,WSA298,IZWVLJVCXHHUOO-UHFFFAOYSA-N,10.1021/acsomega.5c06380,运行/运行/ATP-VSW/ATP-VSW-DOCK_HTVS_1-001_lib/ATP-VSW-DOCK_HTVS_1-001_lib
ATP-HTVS-C2A68E9F7CC7,44385,CNS(=O)(=O)Cc1ccc(C[NH2+]Cc2c(OCc3ccccc3)ccc3ccccc23)cc1,c1ccc(C[NH2+]Cc2c(OCc3ccccc3)ccc3ccccc23)cc1,-5.27344187307121,0.8915441176470589,0.25,0.2876712328767123,compound 15 (Steed 2022),RIDDIWJTDCGXDH-NRFANRHFSA-N,10.1021/acsomega.2c03127,运行/运行/ATP-VSW/ATP-VSW-DOCK_HTVS_1-001_lib/ATP-VSW-DOCK_HTVS_1-001_lib
ATP-HTVS-C2B7985A0F3E,34305,CN(C)Cc1cc(CNC(=O)Cn2c(COc3ccc(Cl)cc3)nc3ccccc32)ccc1F,O=C(Cn1c(COc2ccccc2)nc2ccccc21)NCc1ccccc1,-1.89602568145125,0.06985294117647056,0.3116883116883117,0.3116883116883117,Ward2024 compound 1,DVUDEYVEBQKKMF-UHFFFAOYSA-N,10.1021/acsmedchemlett.3c00480,运行/运行/ATP-VSW/ATP-VSW-DOCK_HTVS_1-001_lib/ATP-VSW-DOCK_HTVS_1-001_lib
ATP-HTVS-C302107B3554,71682,C[NH+](C)Cc1ccc(CNc2c(NC(=O)c3ccc(Cl)c(F)c3)c[nH+]c3ccccc23)cc1,O=C(Nc1c[nH+]c2ccccc2c1NCc1ccccc1)c1ccccc1,-5.11823752682086,0.8560049019607843,0.18888888888888888,0.32432432432432434,compound 1 (Fraunfelter 2023),WIDVPHSBAXLSEU-LJQANCHMSA-N,10.1021/acsinfecdis.3c00317,运行/运行/ATP-VSW/ATP-VSW-DOCK_HTVS_1-002_lib.maegz
ATP-HTVS-C31215E10DA6,83714,C[NH+](C)Cc1cccc(Nc2c(C(=O)N(CCO)c3ccccc3)c(=O)[nH]c3ccccc23)c1,O=C(Nc1ccccc1)c1c(Nc2ccccc2)c2ccccc2[nH]c1=O,-1.69145997331556,0.052696078431372584,0.21348314606741572,0.23076923076923078,compound 18 (Steed 2022),DCLANSSFVIGXHQ-OAQYLSRUSA-N,10.1021/acsomega.2c03127,运行/运行/ATP-VSW/ATP-VSW-DOCK_HTVS_1-002_lib.maegz
ATP-HTVS-C36315435956,60258,C[C@@H]([NH2+]Cc1ccncc1OCc1ccccc1)c1cccc(OCC[NH+](C)C)c1,c1ccc(C[NH2+]Cc2ccncc2OCc2ccccc2)cc1,-5.57643667589892,0.9319852941176471,0.25925925925925924,0.3246753246753247,compound 15 (Steed 2022),RIDDIWJTDCGXDH-NRFANRHFSA-N,10.1021/acsomega.2c03127,运行/运行/ATP-VSW/ATP-VSW-DOCK_HTVS_1-002_lib.maegz
ATP-HTVS-C36F7D03654F,89441,CN(C(=O)Cc1cccc(F)c1)c1cc(NCc2cccc(C[NH+](C)C)c2)cc[nH+]1,O=C(Cc1ccccc1)Nc1cc(NCc2ccccc2)cc[nH+]1,-3.92056252497989,0.38235294117647056,0.21518987341772153,0.2638888888888889,Ward2024 compound 6,LKLACXNGVWXYAW-UHFFFAOYSA-N,10.1021/acsmedchemlett.3c00480,运行/运行/ATP-VSW/ATP-VSW-DOCK_HTVS_1-001_lib/ATP-VSW-DOCK_HTVS_1-001_lib
ATP-HTVS-C3768FC48E4A,87394,C[NH+](C)Cc1ccccc1C(=O)Nc1c(N(CC[NH3+])c2ccccc2)cnc2ccccc12,O=C(Nc1c(Nc2ccccc2)cnc2ccccc12)c1ccccc1,-3.35011967294826,0.20649509803921573,0.22988505747126436,0.27848101265822783,compound 18 (Steed 2022),DCLANSSFVIGXHQ-OAQYLSRUSA-N,10.1021/acsomega.2c03127,运行/运行/ATP-VSW/ATP-VSW-DOCK_HTVS_1-002_lib.maegz
ATP-HTVS-C384A8554A98,76354,O=C(Cc1ccc(O)cc1)Nc1c[nH+]c2ccccc2c1NCc1ccc(NCCO)cc1,O=C(Cc1ccccc1)Nc1c[nH+]c2ccccc2c1NCc1ccccc1,-4.48305828387813,0.6188725490196079,0.28378378378378377,0.3013698630136986,compound 8 (Steed 2022),ROJPDORYZONAPF-UHFFFAOYSA-N,10.1021/acsomega.2c03127,运行/运行/ATP-VSW/ATP-VSW-DOCK_HTVS_1-002_lib.maegz
ATP-HTVS-C39BEF6539AB,4355,CN(C(=O)c1cc(CC(=O)Nc2ccccc2)nc2c(F)cccc12)c1ccccc1,O=C(Cc1cc(C(=O)Nc2ccccc2)c2ccccc2n1)Nc1ccccc1,-4.31685156247328,0.5386029411764706,0.26666666666666666,0.26666666666666666,compound 8 (Steed 2022),ROJPDORYZONAPF-UHFFFAOYSA-N,10.1021/acsomega.2c03127,运行/运行/ATP-VSW/ATP-VSW-DOCK_HTVS_1-003_lib/ATP-VSW-DOCK_HTVS_1-003_lib.mae
ATP-HTVS-C3A30B83BBDA,88483,CN(c1c(NC(=O)c2ccc(C[NH+]3CCCC3)cc2)c[nH+]c2ccccc12)[C@@H](C#N)c1ccccc1,O=C(Nc1c[nH+]c2ccccc2c1NCc1ccccc1)c1ccc(C[NH+]2CCCC2)cc1,-4.22063932831933,0.4957107843137255,0.17204301075268819,0.2976190476190476,compound 15 (Steed 2022),RIDDIWJTDCGXDH-NRFANRHFSA-N,10.1021/acsomega.2c03127,运行/运行/ATP-VSW/ATP-VSW-DOCK_HTVS_1-003_lib/ATP-VSW-DOCK_HTVS_1-003_lib.mae
ATP-HTVS-C3FA166C1ADD,36707,O[C@H](C[NH2+]Cc1c(OCc2ccccc2)ccc2ccccc12)c1c(F)cccc1F,c1ccc(CC[NH2+]Cc2c(OCc3ccccc3)ccc3ccccc23)cc1,-5.58366280221691,0.9332107843137255,0.23684210526315788,0.2876712328767123,compound 15 (Steed 2022),RIDDIWJTDCGXDH-NRFANRHFSA-N,10.1021/acsomega.2c03127,运行/运行/ATP-VSW/ATP-VSW-DOCK_HTVS_1-003_lib/ATP-VSW-DOCK_HTVS_1-003_lib.mae
ATP-HTVS-C3FD34132B6A,71490,C[NH+](C)Cc1ccccc1C(=O)Nc1ncc(N(CC#N)c2ccc(Cl)cc2)c2ccccc12,O=C(Nc1ncc(Nc2ccccc2)c2ccccc12)c1ccccc1,-3.79369634306654,0.33210784313725494,0.19047619047619047,0.20481927710843373,Ward2024 compound 19,PXXYITLVUSHXPN-UHFFFAOYSA-N,10.1021/acsmedchemlett.3c00480,运行/运行/ATP-VSW/ATP-VSW-DOCK_HTVS_1-002_lib.maegz
ATP-HTVS-C40016FC0CB2,70721,CN(Cc1ccc(F)cc1)C(=O)c1sc2ccccc2c1NCc1ccc(NCCO)cc1,O=C(NCc1ccccc1)c1sc2ccccc2c1NCc1ccccc1,-3.33282165450451,0.19975490196078427,0.2236842105263158,0.2236842105263158,Ward2024 compound 1,DVUDEYVEBQKKMF-UHFFFAOYSA-N,10.1021/acsmedchemlett.3c00480,运行/运行/ATP-VSW/ATP-VSW-DOCK_HTVS_1-001_lib/ATP-VSW-DOCK_HTVS_1-001_lib
ATP-HTVS-C4138656EE80,36610,CN(C)Cc1cccc(CNc2nc3ccccc3nc2N[C@H](CCC#N)c2ccccc2)c1,c1ccc(CNc2nc3ccccc3nc2NCc2ccccc2)cc1,-2.31996789636805,0.10171568627450978,0.3,0.30434782608695654,Ward2024 compound 1,DVUDEYVEBQKKMF-UHFFFAOYSA-N,10.1021/acsmedchemlett.3c00480,运行/运行/ATP-VSW/ATP-VSW-DOCK_HTVS_1-002_lib.maegz
ATP-HTVS-C445C351F9C8,47970,C[NH+](C)Cc1cc(NC(=O)c2cc(-c3ccccn3)nc3ccccc23)ccc1Cl,O=C(Nc1ccccc1)c1cc(-c2ccccn2)nc2ccccc12,-5.13308090245661,0.8602941176470589,0.25316455696202533,0.25675675675675674,compound 8 (Steed 2022),ROJPDORYZONAPF-UHFFFAOYSA-N,10.1021/acsomega.2c03127,运行/运行/ATP-VSW/ATP-VSW-DOCK_HTVS_1-002_lib.maegz
ATP-HTVS-C4778BDFFC37,75843,O=C(Nc1cnc2ccccc2c1C#CC[NH2+]Cc1ccccc1)c1ccccc1F,O=C(Nc1cnc2ccccc2c1C#CC[NH2+]Cc1ccccc1)c1ccccc1,-4.68613605229959,0.7132352941176471,0.21686746987951808,0.25,compound 15 (Steed 2022),RIDDIWJTDCGXDH-NRFANRHFSA-N,10.1021/acsomega.2c03127,运行/运行/ATP-VSW/ATP-VSW-DOCK_HTVS_1-003_lib/ATP-VSW-DOCK_HTVS_1-003_lib.mae
ATP-HTVS-C4893C1BFF55,25250,CC(=O)N(c1ccccc1)c1nc(C[NH2+]Cc2ccccc2C[NH+](C)C)cs1,c1ccc(C[NH2+]Cc2csc(Nc3ccccc3)n2)cc1,-4.99523382378739,0.821078431372549,0.19480519480519481,0.3492063492063492,compound 17 (Steed 2022),HXWNUGNSPIOUKJ-HNNXBMFYSA-N,10.1021/acsomega.2c03127,运行/运行/ATP-VSW/ATP-VSW-DOCK_HTVS_1-002_lib.maegz
ATP-HTVS-C4C9929F3284,78403,[NH3+][C@H](C#Cc1cc2ccccc2nc1NC(=O)C#Cc1ccccc1)Cc1cccc(F)c1,O=C(C#Cc1ccccc1)Nc1nc2ccccc2cc1C#CCCc1ccccc1,-4.84075174673338,0.7665441176470589,0.2962962962962963,0.3333333333333333,compound 1 (Fraunfelter 2023),WIDVPHSBAXLSEU-LJQANCHMSA-N,10.1021/acsinfecdis.3c00317,运行/运行/ATP-VSW/ATP-VSW-DOCK_HTVS_1-003_lib/ATP-VSW-DOCK_HTVS_1-003_lib.mae
ATP-HTVS-C4D43EEF7CE1,98690,Cc1ccc(-n2ncc(N(C)C(=O)c3ccc(O)cc3)c(NCc3ccc(C[NH+](C)C)cc3)c2=O)cc1,O=C(Nc1cnn(-c2ccccc2)c(=O)c1NCc1ccccc1)c1ccccc1,-3.9511278073873,0.4007352941176471,0.2159090909090909,0.24675324675324675,compound 1 (Fraunfelter 2023),WIDVPHSBAXLSEU-LJQANCHMSA-N,10.1021/acsinfecdis.3c00317,运行/运行/ATP-VSW/ATP-VSW-DOCK_HTVS_1-003_lib/ATP-VSW-DOCK_HTVS_1-003_lib.mae
ATP-HTVS-C55276015D5E,97217,C[C@@H]([NH2+]CC#Cc1c(NC(=O)c2ccc(Cl)c(C#N)c2)cnc2ccccc12)c1ccc(F)cc1,O=C(Nc1cnc2ccccc2c1C#CC[NH2+]Cc1ccccc1)c1ccccc1,-4.88121159396972,0.78125,0.2127659574468085,0.21978021978021978,compound 15 (Steed 2022),RIDDIWJTDCGXDH-NRFANRHFSA-N,10.1021/acsomega.2c03127,运行/运行/ATP-VSW/ATP-VSW-DOCK_HTVS_1-002_lib.maegz
ATP-HTVS-C563D945857F,80867,CN(c1ccc(N)cc1)c1c(C(=O)NCc2cccc(C[NH+](C)C)c2)cnc2ccc(F)cc12,O=C(NCc1ccccc1)c1cnc2ccccc2c1Nc1ccccc1,-4.87323135287313,0.7775735294117647,0.23863636363636365,0.25882352941176473,compound 15 (Steed 2022),RIDDIWJTDCGXDH-NRFANRHFSA-N,10.1021/acsomega.2c03127,运行/运行/ATP-VSW/ATP-VSW-DOCK_HTVS_1-003_lib/ATP-VSW-DOCK_HTVS_1-003_lib.mae
ATP-HTVS-C59D75D09D12,68706,CN(C)Cc1ccc(CNc2c(NCc3ccccc3)c(Cl)c(O)c3ccccc23)cc1,c1ccc(CNc2ccc3ccccc3c2NCc2ccccc2)cc1,-1.57949634567105,0.03982843137254899,0.31666666666666665,0.31666666666666665,Ward2024 compound 1,DVUDEYVEBQKKMF-UHFFFAOYSA-N,10.1021/acsmedchemlett.3c00480,运行/运行/ATP-VSW/ATP-VSW-DOCK_HTVS_1-002_lib.maegz
ATP-HTVS-C5A7FD400424,82753,CN(C)[C@H](C(=O)Nc1nc2ccccc2cc1N(CC#N)c1ccccc1)c1ccc(Cl)cc1,O=C(Cc1ccccc1)Nc1nc2ccccc2cc1Nc1ccccc1,-3.9000690078777,0.37193627450980393,0.2716049382716049,0.2716049382716049,compound 15 (Steed 2022),RIDDIWJTDCGXDH-NRFANRHFSA-N,10.1021/acsomega.2c03127,运行/运行/ATP-VSW/ATP-VSW-DOCK_HTVS_1-001_lib/ATP-VSW-DOCK_HTVS_1-001_lib
ATP-HTVS-C615FEE5992B,53122,C[NH+](C)CC[C@H]([NH2+]Cc1nc2ccccc2c(-c2ccccc2)c1Cl)c1cccnc1,c1ccc(-c2cc(C[NH2+]Cc3cccnc3)nc3ccccc23)cc1,-5.76824194553614,0.9607843137254902,0.1797752808988764,0.26666666666666666,compound 18 (Steed 2022),DCLANSSFVIGXHQ-OAQYLSRUSA-N,10.1021/acsomega.2c03127,运行/运行/ATP-VSW/ATP-VSW-DOCK_HTVS_1-002_lib.maegz
ATP-HTVS-C6A6F28FFA03,82401,CC[NH+](CC)[C@@H](C(=O)Nc1nc2ccccc2cc1N(C)[C@H](C#N)c1ccccc1)c1ccccc1,O=C(Cc1ccccc1)Nc1nc2ccccc2cc1NCc1ccccc1,-3.77514195999955,0.3253676470588235,0.275,0.27631578947368424,compound 15 (Steed 2022),RIDDIWJTDCGXDH-NRFANRHFSA-N,10.1021/acsomega.2c03127,运行/运行/ATP-VSW/ATP-VSW-DOCK_HTVS_1-001_lib/ATP-VSW-DOCK_HTVS_1-001_lib
ATP-HTVS-C6C7CCEB60F2,73954,CC(=O)c1cccc(C(=O)Nc2ncc(NCc3cccc(C[NH+](C)C)c3)c3ccccc23)c1,O=C(Nc1ncc(NCc2ccccc2)c2ccccc12)c1ccccc1,-3.27279384994009,0.18995098039215685,0.20481927710843373,0.24,compound 15 (Steed 2022),RIDDIWJTDCGXDH-NRFANRHFSA-N,10.1021/acsomega.2c03127,运行/运行/ATP-VSW/ATP-VSW-DOCK_HTVS_1-002_lib.maegz
ATP-HTVS-C725FB5B69C4,56739,COc1ccccc1[C@@H](CNc1nc(Oc2ccccc2)c2ccccc2n1)[NH+](C)C,c1ccc(CCNc2nc(Oc3ccccc3)c3ccccc3n2)cc1,-4.02408206899178,0.4295343137254902,0.25,0.2597402597402597,compound 18 (Steed 2022),DCLANSSFVIGXHQ-OAQYLSRUSA-N,10.1021/acsomega.2c03127,运行/运行/ATP-VSW/ATP-VSW-DOCK_HTVS_1-003_lib/ATP-VSW-DOCK_HTVS_1-003_lib.mae
ATP-HTVS-C74806D7CD52,53537,C[NH+](C)Cc1ccccc1CNc1nc(NCCc2cccc(C#N)c2)c2ccccc2[nH+]1,c1ccc(CCNc2nc(NCc3ccccc3)[nH+]c3ccccc23)cc1,-4.2029284089822,0.48958333333333337,0.2073170731707317,0.29333333333333333,Ward2024 compound 6,LKLACXNGVWXYAW-UHFFFAOYSA-N,10.1021/acsmedchemlett.3c00480,运行/运行/ATP-VSW/ATP-VSW-DOCK_HTVS_1-001_lib/ATP-VSW-DOCK_HTVS_1-001_lib
ATP-HTVS-C78E55448419,80034,C[NH+](C)Cc1cccc(CNc2cc(C(=O)Nc3ccccc3)sc2Cl)c1,O=C(Nc1ccccc1)c1cc(NCc2ccccc2)cs1,-4.6121830386589,0.6844362745098039,0.2077922077922078,0.23943661971830985,compound 8 (Steed 2022),ROJPDORYZONAPF-UHFFFAOYSA-N,10.1021/acsomega.2c03127,运行/运行/ATP-VSW/ATP-VSW-DOCK_HTVS_1-002_lib.maegz
ATP-HTVS-C7A4A85DE6AC,94051,C[C@@H]([NH2+]CC#Cc1c(NC(=O)Cc2ccc(C#N)c(Cl)c2)cnc2ccccc12)c1ccc(F)cc1,O=C(Cc1ccccc1)Nc1cnc2ccccc2c1C#CC[NH2+]Cc1ccccc1,-4.68875267131703,0.7156862745098039,0.23157894736842105,0.25274725274725274,compound 15 (Steed 2022),RIDDIWJTDCGXDH-NRFANRHFSA-N,10.1021/acsomega.2c03127,运行/运行/ATP-VSW/ATP-VSW-DOCK_HTVS_1-003_lib/ATP-VSW-DOCK_HTVS_1-003_lib.mae
ATP-HTVS-C7C112B42D2F,79778,N#CN(c1ccccc1)c1cnc(NC(=O)Cc2cccc(Cl)c2)c2ccccc12,O=C(Cc1ccccc1)Nc1ncc(Nc2ccccc2)c2ccccc12,-3.89780127969631,0.3707107843137255,0.24050632911392406,0.24050632911392406,compound 15 (Steed 2022),RIDDIWJTDCGXDH-NRFANRHFSA-N,10.1021/acsomega.2c03127,运行/运行/ATP-VSW/ATP-VSW-DOCK_HTVS_1-002_lib.maegz
ATP-HTVS-C7E1AC016800,99361,C[NH+](C)Cc1ccc(CNc2cc(C(=O)Nc3ccccc3N)sc2Cl)cc1,O=C(Nc1ccccc1)c1cc(NCc2ccccc2)cs1,-5.17568981140632,0.8737745098039216,0.20512820512820512,0.2898550724637681,compound 8 (Steed 2022),ROJPDORYZONAPF-UHFFFAOYSA-N,10.1021/acsomega.2c03127,运行/运行/ATP-VSW/ATP-VSW-DOCK_HTVS_1-002_lib.maegz
ATP-HTVS-C7F6DF534483,73346,C[NH+](C)Cc1cccc(CNc2cnc(NC(=O)c3ccc(F)cc3F)c(-n3cccc3)c2)c1,O=C(Nc1ncc(NCc2ccccc2)cc1-n1cccc1)c1ccccc1,-4.61152888374666,0.6838235294117647,0.21978021978021978,0.24175824175824176,WSA298,IZWVLJVCXHHUOO-UHFFFAOYSA-N,10.1021/acsomega.5c06380,运行/运行/ATP-VSW/ATP-VSW-DOCK_HTVS_1-002_lib.maegz
ATP-HTVS-C81E0B2D019D,80098,C[NH+](C)Cc1cccc(CNc2c(C(=O)Nc3ccccc3)c(=O)[nH]c3ccccc23)c1,O=C(Nc1ccccc1)c1c(NCc2ccccc2)c2ccccc2[nH]c1=O,-2.32050689496983,0.10232843137254899,0.20930232558139536,0.22666666666666666,compound 18 (Steed 2022),DCLANSSFVIGXHQ-OAQYLSRUSA-N,10.1021/acsomega.2c03127,运行/运行/ATP-VSW/ATP-VSW-DOCK_HTVS_1-002_lib.maegz
ATP-HTVS-C853ACB1A86B,96802,CC[NH+](CC)Cc1cccc(CNC(=O)c2cnc3ccc(F)cc3c2N(CC[NH3+])c2ccccc2)c1,O=C(NCc1ccccc1)c1cnc2ccccc2c1Nc1ccccc1,-3.98143174497173,0.4105392156862745,0.22826086956521738,0.2727272727272727,compound 15 (Steed 2022),RIDDIWJTDCGXDH-NRFANRHFSA-N,10.1021/acsomega.2c03127,运行/运行/ATP-VSW/ATP-VSW-DOCK_HTVS_1-003_lib/ATP-VSW-DOCK_HTVS_1-003_lib.mae
ATP-HTVS-C88FA91C4E8E,75201,CN(C(=O)c1[nH]c2ccccc2c1NCc1ccc(NCCO)cc1)[C@@H](C#N)c1ccccc1,O=C(NCc1ccccc1)c1[nH]c2ccccc2c1NCc1ccccc1,-4.86911471981752,0.7751225490196079,0.20652173913043478,0.21978021978021978,compound 18 (Steed 2022),DCLANSSFVIGXHQ-OAQYLSRUSA-N,10.1021/acsomega.2c03127,运行/运行/ATP-VSW/ATP-VSW-DOCK_HTVS_1-001_lib/ATP-VSW-DOCK_HTVS_1-001_lib
ATP-HTVS-C894FAAE5B10,4706,CC[NH+](CC)[C@H](CNC(=O)c1cn(Cc2ccc(OC)cc2)c(=O)c2ccccc12)c1ccccc1,O=C(NCCc1ccccc1)c1cn(Cc2ccccc2)c(=O)c2ccccc12,-3.89827983630935,0.3713235294117647,0.24719101123595505,0.24719101123595505,WSA296,HCBCVTVDQQQYPH-UHFFFAOYSA-N,10.1021/acsomega.5c06380,运行/运行/ATP-VSW/ATP-VSW-DOCK_HTVS_1-002_lib.maegz
ATP-HTVS-C8A46F369ED4,99810,CC(=O)c1ccc(C(=O)Nc2nc3ccccc3cc2C#CCN[C@@H](C)c2cccc(F)c2)cc1,O=C(Nc1nc2ccccc2cc1C#CCNCc1ccccc1)c1ccccc1,-4.24832739262732,0.5091911764705883,0.30864197530864196,0.3037974683544304,compound 1 (Fraunfelter 2023),WIDVPHSBAXLSEU-LJQANCHMSA-N,10.1021/acsinfecdis.3c00317,运行/运行/ATP-VSW/ATP-VSW-DOCK_HTVS_1-003_lib/ATP-VSW-DOCK_HTVS_1-003_lib.mae
ATP-HTVS-C8D8BA0AA9EF,75042,N#CCN(c1ccccc1)c1c(NCc2ccccc2)c(Cl)c(O)c2ccccc12,c1ccc(CNc2ccc3ccccc3c2Nc2ccccc2)cc1,-3.73644929906704,0.3045343137254902,0.18181818181818182,0.2,WSA249,YEMLSUARMQTHJO-UHFFFAOYSA-N,10.1002/cmdc.202400952,运行/运行/ATP-VSW/ATP-VSW-DOCK_HTVS_1-002_lib.maegz
ATP-HTVS-C8F29258BF11,76962,Cc1cccc(C(=O)Nc2c(NCc3cccc(C[NH+](C)C)c3)cnc3ccccc23)c1C,O=C(Nc1c(NCc2ccccc2)cnc2ccccc12)c1ccccc1,-4.49751414684722,0.6274509803921569,0.2235294117647059,0.2631578947368421,compound 15 (Steed 2022),RIDDIWJTDCGXDH-NRFANRHFSA-N,10.1021/acsomega.2c03127,运行/运行/ATP-VSW/ATP-VSW-DOCK_HTVS_1-002_lib.maegz
ATP-HTVS-C9013CEACAA9,79266,N#C[C@H](N[C@H](C#CC[NH2+]Cc1ccccc1)c1csc2ccccc12)c1ccccc1,C(#CC(NCc1ccccc1)c1csc2ccccc12)C[NH2+]Cc1ccccc1,-5.74968572661554,0.9583333333333334,0.1411764705882353,0.1891891891891892,compound 15 (Steed 2022),RIDDIWJTDCGXDH-NRFANRHFSA-N,10.1021/acsomega.2c03127,运行/运行/ATP-VSW/ATP-VSW-DOCK_HTVS_1-002_lib.maegz
ATP-HTVS-C924AED67E53,55841,Cc1ccc(-c2nn(-c3ccccc3)cc2C[NH2+]Cc2cc(C)ccc2O)cc1,c1ccc(C[NH2+]Cc2cn(-c3ccccc3)nc2-c2ccccc2)cc1,-5.19276246888143,0.8780637254901961,0.23684210526315788,0.30985915492957744,WSA280,XQBWCRMKNUAPEC-UHFFFAOYSA-N,10.1021/acsomega.5c06380,运行/运行/ATP-VSW/ATP-VSW-DOCK_HTVS_1-001_lib/ATP-VSW-DOCK_HTVS_1-001_lib
ATP-HTVS-C9308A7164FF,83843,CCN(c1cc2ccccc2nc1NC(=O)c1ccccc1Cl)[C@@H](C#N)c1ccccc1,O=C(Nc1nc2ccccc2cc1NCc1ccccc1)c1ccccc1,-3.32075076430814,0.19791666666666663,0.275,0.25925925925925924,compound 15 (Steed 2022),RIDDIWJTDCGXDH-NRFANRHFSA-N,10.1021/acsomega.2c03127,运行/运行/ATP-VSW/ATP-VSW-DOCK_HTVS_1-003_lib/ATP-VSW-DOCK_HTVS_1-003_lib.mae
ATP-HTVS-C930A8816DDB,3521,Cc1[nH+]c2ccccc2c(NC[C@H](c2ccc(F)cc2)N(C)C)c1C(=O)Nc1ccccc1,O=C(Nc1ccccc1)c1c[nH+]c2ccccc2c1NCCc1ccccc1,-3.33047635479598,0.19914215686274506,0.17857142857142858,0.23255813953488372,compound 8 (Steed 2022),ROJPDORYZONAPF-UHFFFAOYSA-N,10.1021/acsomega.2c03127,运行/运行/ATP-VSW/ATP-VSW-DOCK_HTVS_1-001_lib/ATP-VSW-DOCK_HTVS_1-001_lib
ATP-HTVS-C97E366A40B5,96353,Cc1ccc([C@H](O)CNc2nc(N)c(-c3ccccc3)c3ccccc23)cc1,c1ccc(CCNc2ncc(-c3ccccc3)c3ccccc23)cc1,-4.4448835340533,0.5992647058823529,0.20512820512820512,0.2077922077922078,WSA280,XQBWCRMKNUAPEC-UHFFFAOYSA-N,10.1021/acsomega.5c06380,运行/运行/ATP-VSW/ATP-VSW-DOCK_HTVS_1-001_lib/ATP-VSW-DOCK_HTVS_1-001_lib
ATP-HTVS-C9B00227BFE8,37217,CN(c1ccccc1)c1ccc(CNC[C@@H](C[NH+](C)C)c2ccccc2)cn1,c1ccc(CCNCc2ccc(Nc3ccccc3)nc2)cc1,-2.90394642746198,0.14644607843137258,0.2571428571428571,0.2835820895522388,Ward2024 compound 6,LKLACXNGVWXYAW-UHFFFAOYSA-N,10.1021/acsmedchemlett.3c00480,运行/运行/ATP-VSW/ATP-VSW-DOCK_HTVS_1-001_lib/ATP-VSW-DOCK_HTVS_1-001_lib
ATP-HTVS-C9CB4EF32822,20449,C#Cc1cccc(-c2csc(NCc3ccc(C[NH+](C)C)cc3)n2)c1,c1ccc(CNc2nc(-c3ccccc3)cs2)cc1,-5.15927092847907,0.8700980392156863,0.19444444444444445,0.3230769230769231,Ward2024 compound 1,DVUDEYVEBQKKMF-UHFFFAOYSA-N,10.1021/acsmedchemlett.3c00480,运行/运行/ATP-VSW/ATP-VSW-DOCK_HTVS_1-001_lib/ATP-VSW-DOCK_HTVS_1-001_lib
ATP-HTVS-C9E144645171,38689,CN(Cc1cc[nH+]cc1)c1nc2ccccc2nc1NCc1ccc(F)cc1C[NH+](C)C,c1ccc(CNc2nc3ccccc3nc2NCc2cc[nH+]cc2)cc1,-4.65773122074291,0.6991421568627452,0.30985915492957744,0.36923076923076925,Ward2024 compound 1,DVUDEYVEBQKKMF-UHFFFAOYSA-N,10.1021/acsmedchemlett.3c00480,运行/运行/ATP-VSW/ATP-VSW-DOCK_HTVS_1-001_lib/ATP-VSW-DOCK_HTVS_1-001_lib
ATP-HTVS-CA08B0F5D119,66561,C[C@H]([NH2+]Cc1cn(-c2ccccc2)nc1-c1ccncc1)c1ccc(F)cc1,c1ccc(C[NH2+]Cc2cn(-c3ccccc3)nc2-c2ccncc2)cc1,-4.65171139688695,0.696078431372549,0.21951219512195122,0.25316455696202533,WSA298,IZWVLJVCXHHUOO-UHFFFAOYSA-N,10.1021/acsomega.5c06380,运行/运行/ATP-VSW/ATP-VSW-DOCK_HTVS_1-001_lib/ATP-VSW-DOCK_HTVS_1-001_lib
ATP-HTVS-CA5141603A6E,62146,C[NH+](C)CCc1cccc(NC(=O)NCc2cn(-c3ccccc3)nc2-c2ccncc2)c1,O=C(NCc1cn(-c2ccccc2)nc1-c1ccncc1)Nc1ccccc1,-4.90388421149219,0.7886029411764706,0.21348314606741572,0.26582278481012656,WSA280,XQBWCRMKNUAPEC-UHFFFAOYSA-N,10.1021/acsomega.5c06380,运行/运行/ATP-VSW/ATP-VSW-DOCK_HTVS_1-002_lib.maegz
ATP-HTVS-CA6523C86104,32322,CC(=O)N(c1ccc(Cl)cc1)c1nc(C[NH2+]Cc2cccc(C[NH+](C)C)c2)cs1,c1ccc(C[NH2+]Cc2csc(Nc3ccccc3)n2)cc1,-5.36272096910221,0.90625,0.18604651162790697,0.3382352941176471,compound 1 (Fraunfelter 2023),WIDVPHSBAXLSEU-LJQANCHMSA-N,10.1021/acsinfecdis.3c00317,运行/运行/ATP-VSW/ATP-VSW-DOCK_HTVS_1-002_lib.maegz
ATP-HTVS-CA9A4676B579,80962,C[C@@H](c1ccccc1Cl)N(C)C(=O)c1cc(NCc2ccc(C[NH+](C)C)cc2)cs1,O=C(NCc1ccccc1)c1cc(NCc2ccccc2)cs1,-4.43323012373762,0.5912990196078431,0.20512820512820512,0.2857142857142857,Ward2024 compound 1,DVUDEYVEBQKKMF-UHFFFAOYSA-N,10.1021/acsmedchemlett.3c00480,运行/运行/ATP-VSW/ATP-VSW-DOCK_HTVS_1-002_lib.maegz
ATP-HTVS-CAF3F282F1EC,86531,N#CCN(c1ccccc1)c1cc2ccccc2nc1NC(=O)c1cccc(C[NH+]2CCCC2)c1,O=C(Nc1nc2ccccc2cc1Nc1ccccc1)c1cccc(C[NH+]2CCCC2)c1,-3.97421151737285,0.4074754901960784,0.25,0.358974358974359,Ward2024 compound 6,LKLACXNGVWXYAW-UHFFFAOYSA-N,10.1021/acsmedchemlett.3c00480,运行/运行/ATP-VSW/ATP-VSW-DOCK_HTVS_1-003_lib/ATP-VSW-DOCK_HTVS_1-003_lib.mae
ATP-HTVS-CAF437F0E3C3,42177,C[NH+](C)Cc1cccc(CNc2nc(NCc3ccc(Br)cc3N)c3ccccc3[nH+]2)c1,c1ccc(CNc2nc(NCc3ccccc3)c3ccccc3[nH+]2)cc1,-3.23209657193131,0.1825980392156863,0.2441860465116279,0.30985915492957744,WSA257,NLTZNXHLSWPGMA-UHFFFAOYSA-N,10.1002/cmdc.202400952,运行/运行/ATP-VSW/ATP-VSW-DOCK_HTVS_1-001_lib/ATP-VSW-DOCK_HTVS_1-001_lib
ATP-HTVS-CB056AB5514A,67811,C[NH+](C)Cc1ccccc1CNC(=O)c1cn(Cc2ccccc2)nc1-c1cccnc1,O=C(NCc1ccccc1)c1cn(Cc2ccccc2)nc1-c1cccnc1,-3.7961501197549,0.3339460784313726,0.25925925925925924,0.2716049382716049,WSA294,FPTVNOKSIHPUTA-UHFFFAOYSA-N,10.1021/acsomega.5c06380,运行/运行/ATP-VSW/ATP-VSW-DOCK_HTVS_1-003_lib/ATP-VSW-DOCK_HTVS_1-003_lib.mae
ATP-HTVS-CB08F8B01966,54499,CN(Cc1ccc(C[NH+](C)C)cc1)c1nc2ccccc2nc1N[C@H](C[S@](C)=O)c1ccccc1,c1ccc(CNc2nc3ccccc3nc2NCc2ccccc2)cc1,-3.84717354528031,0.35539215686274506,0.25,0.3181818181818182,Ward2024 compound 1,DVUDEYVEBQKKMF-UHFFFAOYSA-N,10.1021/acsmedchemlett.3c00480,运行/运行/ATP-VSW/ATP-VSW-DOCK_HTVS_1-003_lib/ATP-VSW-DOCK_HTVS_1-003_lib.mae
ATP-HTVS-CB100B4C9F83,73827,CN(Cc1sc2ccccc2c1NCc1ccc(C[NH+](C)C)cc1)C(=O)C[C@@H](C#N)c1ccccc1,O=C(CCc1ccccc1)NCc1sc2ccccc2c1NCc1ccccc1,-3.90428610347139,0.3737745098039216,0.17647058823529413,0.24675324675324675,Ward2024 compound 1,DVUDEYVEBQKKMF-UHFFFAOYSA-N,10.1021/acsmedchemlett.3c00480,运行/运行/ATP-VSW/ATP-VSW-DOCK_HTVS_1-003_lib/ATP-VSW-DOCK_HTVS_1-003_lib.mae
ATP-HTVS-CB3D9B3FDDC1,36449,C[C@@H](NC(=O)NC[C@@H]1c2ccccc2C(=O)N1Cc1ccccc1)c1ccc(C[NH+](C)C)cc1,O=C(NCc1ccccc1)NCC1c2ccccc2C(=O)N1Cc1ccccc1,-6.14683554395361,0.9846813725490197,0.21428571428571427,0.22077922077922077,compound 15 (Steed 2022),RIDDIWJTDCGXDH-NRFANRHFSA-N,10.1021/acsomega.2c03127,运行/运行/ATP-VSW/ATP-VSW-DOCK_HTVS_1-001_lib/ATP-VSW-DOCK_HTVS_1-001_lib
ATP-HTVS-CB3E61D945F3,58177,CN(Cc1ccc(C[NH+](C)C)cc1)c1nc(NCc2cc(N)ccc2Cl)[nH+]c2ccccc12,c1ccc(CNc2nc(NCc3ccccc3)c3ccccc3[nH+]2)cc1,-5.11977045755017,0.8566176470588236,0.24358974358974358,0.3582089552238806,Ward2024 compound 1,DVUDEYVEBQKKMF-UHFFFAOYSA-N,10.1021/acsmedchemlett.3c00480,运行/运行/ATP-VSW/ATP-VSW-DOCK_HTVS_1-001_lib/ATP-VSW-DOCK_HTVS_1-001_lib
ATP-HTVS-CB568D2EE5B9,70083,CN(C(=O)c1[nH]c2ccccc2c1NCc1cccc(C[NH+](C)C)c1)[C@@H](C#N)c1ccccc1,O=C(NCc1ccccc1)c1[nH]c2ccccc2c1NCc1ccccc1,-4.44396008836852,0.5980392156862745,0.21978021978021978,0.23595505617977527,compound 18 (Steed 2022),DCLANSSFVIGXHQ-OAQYLSRUSA-N,10.1021/acsomega.2c03127,运行/运行/ATP-VSW/ATP-VSW-DOCK_HTVS_1-003_lib/ATP-VSW-DOCK_HTVS_1-003_lib.mae
ATP-HTVS-CBC473663EF6,80195,CN(C)[C@H](C#N)c1ccccc1N1CC(=O)Nc2ccccc2[C@H]1c1ccccc1,O=C1CN(c2ccccc2)C(c2ccccc2)c2ccccc2N1,-2.14068046674945,0.08517156862745101,0.14444444444444443,0.14606741573033707,WSA236,CJWSCOKTAUPKHM-UHFFFAOYSA-N,10.1002/cmdc.202400952,运行/运行/ATP-VSW/ATP-VSW-DOCK_HTVS_1-003_lib/ATP-VSW-DOCK_HTVS_1-003_lib.mae
ATP-HTVS-CBCD19AD9C21,69538,C[NH+](C)Cc1ccc(CNc2c[nH+]c3ccccc3c2NC(=O)[C@](C)(O)c2ccccc2)cc1,O=C(Cc1ccccc1)Nc1c(NCc2ccccc2)c[nH+]c2ccccc12,-4.67336178707906,0.7052696078431373,0.18292682926829268,0.3142857142857143,compound 8 (Steed 2022),ROJPDORYZONAPF-UHFFFAOYSA-N,10.1021/acsomega.2c03127,运行/运行/ATP-VSW/ATP-VSW-DOCK_HTVS_1-002_lib.maegz
ATP-HTVS-CC01DAB978DA,59971,O=C1CN(Cc2cccc(F)c2F)[C@@H](c2ccccc2F)c2cc(Cl)ccc2N1,O=C1CN(Cc2ccccc2)C(c2ccccc2)c2ccccc2N1,-0.748416709305098,0.007352941176470562,0.1724137931034483,0.1724137931034483,WSA298,IZWVLJVCXHHUOO-UHFFFAOYSA-N,10.1021/acsomega.5c06380,运行/运行/ATP-VSW/ATP-VSW-DOCK_HTVS_1-003_lib/ATP-VSW-DOCK_HTVS_1-003_lib.mae
ATP-HTVS-CC453EE4B1F8,68963,C[NH+](C)Cc1ccc(CNc2cnc3ccccc3c2NC(=O)Cc2ccccc2)cc1,O=C(Cc1ccccc1)Nc1c(NCc2ccccc2)cnc2ccccc12,-3.79631961051079,0.3345588235294118,0.28,0.35384615384615387,compound 15 (Steed 2022),RIDDIWJTDCGXDH-NRFANRHFSA-N,10.1021/acsomega.2c03127,运行/运行/ATP-VSW/ATP-VSW-DOCK_HTVS_1-003_lib/ATP-VSW-DOCK_HTVS_1-003_lib.mae
ATP-HTVS-CC5603E93E79,80513,Cc1ccc(N)cc1-c1ccnc(NC(=O)c2ccccc2C[NH+](C)C)c1C(=O)c1ccccc1,O=C(Nc1nccc(-c2ccccc2)c1C(=O)c1ccccc1)c1ccccc1,-3.24559475660891,0.1881127450980392,0.20930232558139536,0.2235294117647059,compound 15 (Steed 2022),RIDDIWJTDCGXDH-NRFANRHFSA-N,10.1021/acsomega.2c03127,运行/运行/ATP-VSW/ATP-VSW-DOCK_HTVS_1-001_lib/ATP-VSW-DOCK_HTVS_1-001_lib
ATP-HTVS-CC671C1EED81,79682,C[NH+](C)Cc1cccc(CNc2cnc(NC(=O)c3cccc(F)c3C#N)c(-n3cccc3)c2)c1,O=C(Nc1ncc(NCc2ccccc2)cc1-n1cccc1)c1ccccc1,-3.71821758572312,0.29718137254901966,0.1836734693877551,0.21176470588235294,WSA298,IZWVLJVCXHHUOO-UHFFFAOYSA-N,10.1021/acsomega.5c06380,运行/运行/ATP-VSW/ATP-VSW-DOCK_HTVS_1-002_lib.maegz
ATP-HTVS-CC7A8C42BA33,30369,COc1cccc(C[NH2+]C[C@H]2c3ccccc3C(=O)N2Cc2ccccc2)c1C,O=C1c2ccccc2C(C[NH2+]Cc2ccccc2)N1Cc1ccccc1,-5.20679757905425,0.8792892156862745,0.2087912087912088,0.27586206896551724,WSA297,GXYVJEJKTGYEDL-UHFFFAOYSA-N,10.1021/acsomega.5c06380,运行/运行/ATP-VSW/ATP-VSW-DOCK_HTVS_1-001_lib/ATP-VSW-DOCK_HTVS_1-001_lib
ATP-HTVS-CC7F9EDA8956,76001,C[C@@H](C#N)N(c1ccccc1)c1c(NC(=O)Cc2ccc(F)cc2)cnc2ccccc12,O=C(Cc1ccccc1)Nc1cnc2ccccc2c1Nc1ccccc1,-3.44713850604227,0.2230392156862745,0.2948717948717949,0.2823529411764706,compound 15 (Steed 2022),RIDDIWJTDCGXDH-NRFANRHFSA-N,10.1021/acsomega.2c03127,运行/运行/ATP-VSW/ATP-VSW-DOCK_HTVS_1-001_lib/ATP-VSW-DOCK_HTVS_1-001_lib
ATP-HTVS-CC86D79AEE13,84610,CC(C)Nc1ccccc1NC(=O)Cn1nc(-c2ccccc2)c2ccccc2c1=O,O=C(Cn1nc(-c2ccccc2)c2ccccc2c1=O)Nc1ccccc1,-3.53810568119934,0.24448529411764708,0.189873417721519,0.19480519480519481,compound 15 (Steed 2022),RIDDIWJTDCGXDH-NRFANRHFSA-N,10.1021/acsomega.2c03127,运行/运行/ATP-VSW/ATP-VSW-DOCK_HTVS_1-002_lib.maegz
ATP-HTVS-CCF7E888A475,26563,Cc1ccc(C)c(C[NH2+]C[C@H]2c3ccccc3C(=O)N2Cc2ccccc2)c1,O=C1c2ccccc2C(C[NH2+]Cc2ccccc2)N1Cc1ccccc1,-4.78282286595245,0.7518382352941176,0.2125,0.2727272727272727,WSA280,XQBWCRMKNUAPEC-UHFFFAOYSA-N,10.1021/acsomega.5c06380,运行/运行/ATP-VSW/ATP-VSW-DOCK_HTVS_1-003_lib/ATP-VSW-DOCK_HTVS_1-003_lib.mae
ATP-HTVS-CD22DC9E9474,28033,CN(C)Cc1cc(F)ccc1C[NH2+]Cc1csc(-c2ccc(C(F)(F)F)cc2)n1,c1ccc(C[NH2+]Cc2csc(-c3ccccc3)n2)cc1,-4.0707600408721,0.44362745098039214,0.2191780821917808,0.31343283582089554,Ward2024 compound 1,DVUDEYVEBQKKMF-UHFFFAOYSA-N,10.1021/acsmedchemlett.3c00480,运行/运行/ATP-VSW/ATP-VSW-DOCK_HTVS_1-001_lib/ATP-VSW-DOCK_HTVS_1-001_lib
ATP-HTVS-CD3E1774443F,28194,CN(C)Cc1ccc(CNc2nc(NCc3ccc(Cl)cc3)[nH+]c3ccccc23)cc1,c1ccc(CNc2nc(NCc3ccccc3)c3ccccc3[nH+]2)cc1,-1.21657362244702,0.019607843137254943,0.3387096774193548,0.39655172413793105,Ward2024 compound 1,DVUDEYVEBQKKMF-UHFFFAOYSA-N,10.1021/acsmedchemlett.3c00480,运行/运行/ATP-VSW/ATP-VSW-DOCK_HTVS_1-002_lib.maegz
ATP-HTVS-CD664E950D6F,34817,C[NH+](C)Cc1ccc(CNCc2cn(Cc3ccccc3)nc2-c2ccccc2)s1,c1ccc(Cn2cc(CNCc3cccs3)c(-c3ccccc3)n2)cc1,-2.96165827463395,0.15257352941176472,0.3194444444444444,0.323943661971831,WSA294,FPTVNOKSIHPUTA-UHFFFAOYSA-N,10.1021/acsomega.5c06380,运行/运行/ATP-VSW/ATP-VSW-DOCK_HTVS_1-001_lib/ATP-VSW-DOCK_HTVS_1-001_lib
ATP-HTVS-CD6AA4CFEADB,78050,C[NH+](C)Cc1ccccc1C(=O)Nc1c(N(CC#N)Cc2cccc(Cl)c2)cnc2ccccc12,O=C(Nc1c(NCc2ccccc2)cnc2ccccc12)c1ccccc1,-3.6662971730648,0.2775735294117647,0.20408163265306123,0.24096385542168675,WSA236,CJWSCOKTAUPKHM-UHFFFAOYSA-N,10.1002/cmdc.202400952,运行/运行/ATP-VSW/ATP-VSW-DOCK_HTVS_1-002_lib.maegz
ATP-HTVS-CD84540442E8,70081,C[C@@H](C(=O)Nc1c(NCc2cccc(CN(C)C)c2)cnc2ccccc12)c1ccccc1Cl,O=C(Cc1ccccc1)Nc1c(NCc2ccccc2)cnc2ccccc12,-1.80982414018258,0.06556372549019607,0.25316455696202533,0.25882352941176473,Ward2024 compound 1,DVUDEYVEBQKKMF-UHFFFAOYSA-N,10.1021/acsmedchemlett.3c00480,运行/运行/ATP-VSW/ATP-VSW-DOCK_HTVS_1-001_lib/ATP-VSW-DOCK_HTVS_1-001_lib
ATP-HTVS-CDA0FA66D084,72961,CC(C)(C(=O)Nc1[nH+]cc(NCc2ccc(NCCO)cc2)c2ccccc12)c1ccccc1,O=C(Cc1ccccc1)Nc1[nH+]cc(NCc2ccccc2)c2ccccc12,-3.76343356077996,0.3161764705882353,0.21518987341772153,0.23076923076923078,compound 8 (Steed 2022),ROJPDORYZONAPF-UHFFFAOYSA-N,10.1021/acsomega.2c03127,运行/运行/ATP-VSW/ATP-VSW-DOCK_HTVS_1-001_lib/ATP-VSW-DOCK_HTVS_1-001_lib
ATP-HTVS-CDB030173D15,66242,Cc1ccccc1[C@@H]([C@H](C)NCc1cn(-c2ccccc2)nc1-c1ccc([N+](=O)[O-])cc1)[NH+](C)C,c1ccc(CCNCc2cn(-c3ccccc3)nc2-c2ccccc2)cc1,-3.41617352779804,0.21507352941176472,0.20930232558139536,0.20930232558139536,compound 15 (Steed 2022),RIDDIWJTDCGXDH-NRFANRHFSA-N,10.1021/acsomega.2c03127,运行/运行/ATP-VSW/ATP-VSW-DOCK_HTVS_1-002_lib.maegz
ATP-HTVS-CDFFE8C73978,78019,N#CCN(c1ccccc1)c1cc2ccccc2nc1NC(=O)Cc1ccc(O)cc1,O=C(Cc1ccccc1)Nc1nc2ccccc2cc1Nc1ccccc1,-4.36252175128327,0.5625,0.35294117647058826,0.37681159420289856,compound 8 (Steed 2022),ROJPDORYZONAPF-UHFFFAOYSA-N,10.1021/acsomega.2c03127,运行/运行/ATP-VSW/ATP-VSW-DOCK_HTVS_1-003_lib/ATP-VSW-DOCK_HTVS_1-003_lib.mae
ATP-HTVS-CE0C62FD8EFC,70435,CNc1ccc([C@H](C)N2CC(=O)Nc3ccccc3[C@H]2c2ccccc2)cc1,O=C1CN(Cc2ccccc2)C(c2ccccc2)c2ccccc2N1,-2.39527106590892,0.10845588235294112,0.175,0.175,compound 15 (Steed 2022),RIDDIWJTDCGXDH-NRFANRHFSA-N,10.1021/acsomega.2c03127,运行/运行/ATP-VSW/ATP-VSW-DOCK_HTVS_1-003_lib/ATP-VSW-DOCK_HTVS_1-003_lib.mae
ATP-HTVS-CE22382A0684,74817,N#CCN(c1ccccc1)c1cnc(NC(=O)Cc2ccc([S-])cc2)c2ccccc12,O=C(Cc1ccccc1)Nc1ncc(Nc2ccccc2)c2ccccc12,-3.43201661646533,0.21691176470588236,0.23684210526315788,0.23684210526315788,compound 8 (Steed 2022),ROJPDORYZONAPF-UHFFFAOYSA-N,10.1021/acsomega.2c03127,运行/运行/ATP-VSW/ATP-VSW-DOCK_HTVS_1-001_lib/ATP-VSW-DOCK_HTVS_1-001_lib
ATP-HTVS-CE83EECF0A09,37763,O[C@@H](CNCc1nc2ccccc2n1Cc1ccccc1)c1ccc(Br)cc1,c1ccc(CCNCc2nc3ccccc3n2Cc2ccccc2)cc1,-5.2437526469637,0.8860294117647058,0.2894736842105263,0.2894736842105263,WSA257,NLTZNXHLSWPGMA-UHFFFAOYSA-N,10.1002/cmdc.202400952,运行/运行/ATP-VSW/ATP-VSW-DOCK_HTVS_1-003_lib/ATP-VSW-DOCK_HTVS_1-003_lib.mae
ATP-HTVS-CE85F8224252,69185,Cc1ccn2c([C@@H](CSc3ccccc3)[NH2+]Cc3ccc(CN(C)C)cc3)c(C)nc2c1,c1ccc(C[NH2+]C(CSc2ccccc2)c2cnc3ccccn23)cc1,-3.11993802242903,0.16789215686274506,0.2876712328767123,0.34285714285714286,Ward2024 compound 1,DVUDEYVEBQKKMF-UHFFFAOYSA-N,10.1021/acsmedchemlett.3c00480,运行/运行/ATP-VSW/ATP-VSW-DOCK_HTVS_1-001_lib/ATP-VSW-DOCK_HTVS_1-001_lib
ATP-HTVS-CEA6734F7F3C,98242,C[NH+](C)Cc1cccc(Cn2c(-c3ccccc3)nc3cccc(F)c3c2=O)c1,O=c1c2ccccc2nc(-c2ccccc2)n1Cc1ccccc1,-4.2522223659495,0.5116421568627452,0.2054794520547945,0.29411764705882354,Ward2024 compound 11,IIRFHYMEOYQCBC-UHFFFAOYSA-N,10.1021/acsmedchemlett.3c00480,运行/运行/ATP-VSW/ATP-VSW-DOCK_HTVS_1-003_lib/ATP-VSW-DOCK_HTVS_1-003_lib.mae
ATP-HTVS-CEB5A32F933D,98433,CCNc1ccc(F)cc1NC(=O)CN1c2ccccc2CC(=O)c2ccccc21,O=C(CN1c2ccccc2CC(=O)c2ccccc21)Nc1ccccc1,-3.92654421518424,0.3848039215686274,0.21176470588235294,0.21176470588235294,WSA257,NLTZNXHLSWPGMA-UHFFFAOYSA-N,10.1002/cmdc.202400952,运行/运行/ATP-VSW/ATP-VSW-DOCK_HTVS_1-002_lib.maegz
ATP-HTVS-CEC01CDE00B1,94818,CN(C)Cc1ccccc1C(=O)Nc1ncc(C#Cc2ccccc2NN)nc1-c1ccccc1,O=C(Nc1ncc(C#Cc2ccccc2)nc1-c1ccccc1)c1ccccc1,-2.47877349878223,0.11764705882352944,0.20930232558139536,0.2235294117647059,compound 15 (Steed 2022),RIDDIWJTDCGXDH-NRFANRHFSA-N,10.1021/acsomega.2c03127,运行/运行/ATP-VSW/ATP-VSW-DOCK_HTVS_1-003_lib/ATP-VSW-DOCK_HTVS_1-003_lib.mae
ATP-HTVS-CED8BA7CA394,18338,C[NH+](C)Cc1cc(CNc2nccnc2OCc2ccccc2)ccc1O,c1ccc(CNc2nccnc2OCc2ccccc2)cc1,-4.81695529199606,0.7610294117647058,0.323943661971831,0.34782608695652173,compound 15 (Steed 2022),RIDDIWJTDCGXDH-NRFANRHFSA-N,10.1021/acsomega.2c03127,运行/运行/ATP-VSW/ATP-VSW-DOCK_HTVS_1-002_lib.maegz
ATP-HTVS-CEDCE5F1BEB7,20034,C[NH+](C)Cc1ccc(C[NH2+]Cc2ccc(-c3ccc(O)cc3)nc2)cc1,c1ccc(C[NH2+]Cc2ccc(-c3ccccc3)nc2)cc1,-6.66143670294278,0.9969362745098039,0.19444444444444445,0.4,compound 1 (Fraunfelter 2023),WIDVPHSBAXLSEU-LJQANCHMSA-N,10.1021/acsinfecdis.3c00317,运行/运行/ATP-VSW/ATP-VSW-DOCK_HTVS_1-002_lib.maegz
ATP-HTVS-CEF12CE4FD32,29538,Cc1cccc(C#CCN2CC(=O)Nc3ccc(Br)cc3[C@@H]2c2ccccc2)c1,O=C1CN(CC#Cc2ccccc2)C(c2ccccc2)c2ccccc2N1,-2.24834136114208,0.09681372549019607,0.20224719101123595,0.20224719101123595,WSA257,NLTZNXHLSWPGMA-UHFFFAOYSA-N,10.1002/cmdc.202400952,运行/运行/ATP-VSW/ATP-VSW-DOCK_HTVS_1-002_lib.maegz
ATP-HTVS-CF29C556AE01,40739,COc1ccc(CN2CC(=O)Nc3ccccc3[C@H]2c2ccccc2)cc1,O=C1CN(Cc2ccccc2)C(c2ccccc2)c2ccccc2N1,-2.00586969933456,0.07781862745098034,0.27848101265822783,0.27848101265822783,WSA296,HCBCVTVDQQQYPH-UHFFFAOYSA-N,10.1021/acsomega.5c06380,运行/运行/ATP-VSW/ATP-VSW-DOCK_HTVS_1-003_lib/ATP-VSW-DOCK_HTVS_1-003_lib.mae
ATP-HTVS-CF9A421CD50D,33410,C[C@H](Nc1nc(NCc2ccc(F)c(CN(C)C)c2)c2ccccc2[nH+]1)c1ccccc1F,c1ccc(CNc2nc(NCc3ccccc3)c3ccccc3[nH+]2)cc1,-1.05740362215688,0.012867647058823484,0.28378378378378377,0.323943661971831,Ward2024 compound 1,DVUDEYVEBQKKMF-UHFFFAOYSA-N,10.1021/acsmedchemlett.3c00480,运行/运行/ATP-VSW/ATP-VSW-DOCK_HTVS_1-002_lib.maegz
ATP-HTVS-CFB2EA2F52FD,81570,CCN(CC)Cc1cccc(CNc2cc3ccccc3nc2NC(=O)Cc2ccc(F)c(C#N)c2)c1,O=C(Cc1ccccc1)Nc1nc2ccccc2cc1NCc1ccccc1,-2.42071655020174,0.11090686274509809,0.2948717948717949,0.2976190476190476,Ward2024 compound 1,DVUDEYVEBQKKMF-UHFFFAOYSA-N,10.1021/acsmedchemlett.3c00480,运行/运行/ATP-VSW/ATP-VSW-DOCK_HTVS_1-002_lib.maegz
ATP-HTVS-D0257FD59117,53153,CC[N@@H+](C)Cc1cccc(CNc2nc(NCc3cc(N)ccc3Cl)c3ccccc3[nH+]2)c1,c1ccc(CNc2nc(NCc3ccccc3)c3ccccc3[nH+]2)cc1,-4.03161320793368,0.43075980392156865,0.1935483870967742,0.25316455696202533,WSA236,CJWSCOKTAUPKHM-UHFFFAOYSA-N,10.1002/cmdc.202400952,运行/运行/ATP-VSW/ATP-VSW-DOCK_HTVS_1-001_lib/ATP-VSW-DOCK_HTVS_1-001_lib
ATP-HTVS-D02CBBC5B48D,78915,CC(C)Nc1ccccc1NC(=O)Cn1c(-c2ccccc2)cc(=O)c2cc(F)ccc21,O=C(Cn1c(-c2ccccc2)cc(=O)c2ccccc21)Nc1ccccc1,-4.25313707773474,0.5122549019607843,0.22093023255813954,0.22093023255813954,WSA298,IZWVLJVCXHHUOO-UHFFFAOYSA-N,10.1021/acsomega.5c06380,运行/运行/ATP-VSW/ATP-VSW-DOCK_HTVS_1-003_lib/ATP-VSW-DOCK_HTVS_1-003_lib.mae
ATP-HTVS-D0CA976BC689,29859,C[NH+](C)Cc1ccc(CCNc2nc(NCc3ccc(C#N)c(Cl)c3)[nH+]c3ccccc23)cc1,c1ccc(CCNc2nc(NCc3ccccc3)[nH+]c3ccccc23)cc1,-5.23766327600711,0.8841911764705882,0.1827956989247312,0.3194444444444444,WSA236,CJWSCOKTAUPKHM-UHFFFAOYSA-N,10.1002/cmdc.202400952,运行/运行/ATP-VSW/ATP-VSW-DOCK_HTVS_1-003_lib/ATP-VSW-DOCK_HTVS_1-003_lib.mae
ATP-HTVS-D0D9A6B890A3,89250,CN(Cc1ccccc1)C(=O)c1cnccc1Nc1ccc(C[NH+](C)C)cc1,O=C(NCc1ccccc1)c1cnccc1Nc1ccccc1,-4.47491828141522,0.6145833333333333,0.2222222222222222,0.2923076923076923,Ward2024 compound 1,DVUDEYVEBQKKMF-UHFFFAOYSA-N,10.1021/acsmedchemlett.3c00480,运行/运行/ATP-VSW/ATP-VSW-DOCK_HTVS_1-002_lib.maegz
ATP-HTVS-D102EB8CAB11,61025,C[NH+](C)Cc1cc(F)ccc1CNC(=O)N[C@H](Cc1ccccc1)c1nc2ccccc2s1,O=C(NCc1ccccc1)NC(Cc1ccccc1)c1nc2ccccc2s1,-4.5956258992815,0.6746323529411764,0.30120481927710846,0.2972972972972973,compound 1 (Fraunfelter 2023),WIDVPHSBAXLSEU-LJQANCHMSA-N,10.1021/acsinfecdis.3c00317,运行/运行/ATP-VSW/ATP-VSW-DOCK_HTVS_1-001_lib/ATP-VSW-DOCK_HTVS_1-001_lib
ATP-HTVS-D1462A8BE621,82146,O=C(Nc1c(C#CC[NH2+]Cc2ccccc2)cnc2ccccc12)c1cc(F)cc(F)c1,O=C(Nc1c(C#CC[NH2+]Cc2ccccc2)cnc2ccccc12)c1ccccc1,-6.20349380011338,0.9877450980392157,0.2247191011235955,0.2619047619047619,compound 19 (Steed 2022),DHQKBEDPXLHXAJ-OAQYLSRUSA-N,10.1021/acsomega.2c03127,运行/运行/ATP-VSW/ATP-VSW-DOCK_HTVS_1-002_lib.maegz
ATP-HTVS-D18D68753065,80611,C[C@H]([NH2+]CC#Cc1cnc(NC(=O)[C@@H](O)c2cccc(Cl)c2)c2ccccc12)c1ccccc1F,O=C(Cc1ccccc1)Nc1ncc(C#CC[NH2+]Cc2ccccc2)c2ccccc12,-5.00335048544487,0.8235294117647058,0.1827956989247312,0.1978021978021978,compound 15 (Steed 2022),RIDDIWJTDCGXDH-NRFANRHFSA-N,10.1021/acsomega.2c03127,运行/运行/ATP-VSW/ATP-VSW-DOCK_HTVS_1-003_lib/ATP-VSW-DOCK_HTVS_1-003_lib.mae
ATP-HTVS-D190FC844C9E,99170,C[NH+](C)Cc1ccc(Nc2ccnc(C(=O)N(CCO)c3ccccc3)c2)cc1,O=C(Nc1ccccc1)c1cc(Nc2ccccc2)ccn1,-5.42546207840677,0.9166666666666666,0.273972602739726,0.31343283582089554,compound 8 (Steed 2022),ROJPDORYZONAPF-UHFFFAOYSA-N,10.1021/acsomega.2c03127,运行/运行/ATP-VSW/ATP-VSW-DOCK_HTVS_1-003_lib/ATP-VSW-DOCK_HTVS_1-003_lib.mae
ATP-HTVS-D1A5509321EA,16609,COc1cc(CNc2cc(-c3ccccc3)nc3ccccc23)cc(CN(C)C)c1O,c1ccc(CNc2cc(-c3ccccc3)nc3ccccc23)cc1,-2.4792369401016,0.11825980392156865,0.3,0.31645569620253167,Ward2024 compound 1,DVUDEYVEBQKKMF-UHFFFAOYSA-N,10.1021/acsmedchemlett.3c00480,运行/运行/ATP-VSW/ATP-VSW-DOCK_HTVS_1-001_lib/ATP-VSW-DOCK_HTVS_1-001_lib
ATP-HTVS-D1F1286C5AB6,82883,Cc1ccc(N(C)C(=O)c2sccc2NCc2cccc(C[NH+](C)C)c2)cc1Cl,O=C(Nc1ccccc1)c1sccc1NCc1ccccc1,-4.08209968594408,0.4503676470588235,0.1978021978021978,0.22972972972972974,WSA276,AVMFLQZOZFHZLB-UHFFFAOYSA-N,10.1021/acsomega.5c06380,运行/运行/ATP-VSW/ATP-VSW-DOCK_HTVS_1-003_lib/ATP-VSW-DOCK_HTVS_1-003_lib.mae
ATP-HTVS-D22CA90FC022,53539,C[NH+](C)Cc1cccc(CNc2nc(NCCc3cccc(C#N)c3)[nH+]c3ccccc23)c1,c1ccc(CCNc2nc(NCc3ccccc3)c3ccccc3[nH+]2)cc1,-4.35679635618629,0.5606617647058824,0.2,0.2876712328767123,WSA236,CJWSCOKTAUPKHM-UHFFFAOYSA-N,10.1002/cmdc.202400952,运行/运行/ATP-VSW/ATP-VSW-DOCK_HTVS_1-003_lib/ATP-VSW-DOCK_HTVS_1-003_lib.mae
ATP-HTVS-D254F911DFD1,51233,CN(C)Cc1cccc(Cn2c(=O)n(-c3ccccc3)c3ccccc32)c1,O=c1n(Cc2ccccc2)c2ccccc2n1-c1ccccc1,-2.35641003399288,0.10600490196078427,0.234375,0.234375,Ward2024 compound 1,DVUDEYVEBQKKMF-UHFFFAOYSA-N,10.1021/acsmedchemlett.3c00480,运行/运行/ATP-VSW/ATP-VSW-DOCK_HTVS_1-001_lib/ATP-VSW-DOCK_HTVS_1-001_lib
ATP-HTVS-D2D0A1D4326E,73153,C[NH+](C)Cc1ccccc1C(=O)Nc1nc2ccccc2cc1N[C@@H](C#N)c1ccccc1,O=C(Nc1nc2ccccc2cc1NCc1ccccc1)c1ccccc1,-3.92845206483102,0.38602941176470584,0.2911392405063291,0.3055555555555556,compound 15 (Steed 2022),RIDDIWJTDCGXDH-NRFANRHFSA-N,10.1021/acsomega.2c03127,运行/运行/ATP-VSW/ATP-VSW-DOCK_HTVS_1-001_lib/ATP-VSW-DOCK_HTVS_1-001_lib
ATP-HTVS-D33A0E291F08,23651,Cc1ccccc1-c1nn(-c2ccccc2)cc1C[NH2+]Cc1ccccc1NCCO,c1ccc(C[NH2+]Cc2cn(-c3ccccc3)nc2-c2ccccc2)cc1,-5.02808595155106,0.8333333333333334,0.17857142857142858,0.22784810126582278,WSA280,XQBWCRMKNUAPEC-UHFFFAOYSA-N,10.1021/acsomega.5c06380,运行/运行/ATP-VSW/ATP-VSW-DOCK_HTVS_1-003_lib/ATP-VSW-DOCK_HTVS_1-003_lib.mae
ATP-HTVS-D35090C63096,84674,N#Cc1ccccc1CC(=O)Nc1cnc2ccccc2c1C#CCNCc1ccccc1,O=C(Cc1ccccc1)Nc1cnc2ccccc2c1C#CCNCc1ccccc1,-4.31843743575544,0.5392156862745099,0.25925925925925924,0.275,compound 15 (Steed 2022),RIDDIWJTDCGXDH-NRFANRHFSA-N,10.1021/acsomega.2c03127,运行/运行/ATP-VSW/ATP-VSW-DOCK_HTVS_1-002_lib.maegz
ATP-HTVS-D35FD22B1728,77186,COC(=O)c1ccc(C(=O)Nc2nc3ccccc3cc2NCc2ccc(C[NH+](C)C)cc2)cc1,O=C(Nc1nc2ccccc2cc1NCc1ccccc1)c1ccccc1,-3.43240787781769,0.21752450980392157,0.32894736842105265,0.4153846153846154,compound 1 (Fraunfelter 2023),WIDVPHSBAXLSEU-LJQANCHMSA-N,10.1021/acsinfecdis.3c00317,运行/运行/ATP-VSW/ATP-VSW-DOCK_HTVS_1-002_lib.maegz
ATP-HTVS-D3717771288C,76993,CC(=O)[C@H](Nc1cnc(NC(=O)c2ccc(C[NH+](C)C)cc2)c2ccccc12)c1ccccc1,O=C(Nc1ncc(NCc2ccccc2)c2ccccc12)c1ccccc1,-4.2970203136861,0.5306372549019608,0.2222222222222222,0.2602739726027397,compound 15 (Steed 2022),RIDDIWJTDCGXDH-NRFANRHFSA-N,10.1021/acsomega.2c03127,运行/运行/ATP-VSW/ATP-VSW-DOCK_HTVS_1-001_lib/ATP-VSW-DOCK_HTVS_1-001_lib
ATP-HTVS-D38DE888E88F,70401,C[NH+](C)Cc1ccc(NC(=O)c2cnc3ccc(F)cc3c2N(CC#N)c2ccccc2)cc1,O=C(Nc1ccccc1)c1cnc2ccccc2c1Nc1ccccc1,-4.92632171049192,0.798406862745098,0.25301204819277107,0.2857142857142857,compound 8 (Steed 2022),ROJPDORYZONAPF-UHFFFAOYSA-N,10.1021/acsomega.2c03127,运行/运行/ATP-VSW/ATP-VSW-DOCK_HTVS_1-001_lib/ATP-VSW-DOCK_HTVS_1-001_lib
ATP-HTVS-D3913B8FBCFA,93186,CN(C(=O)C(C)(C)c1ccccc1)c1ccncc1NCc1cccc(C[NH+](C)C)c1,O=C(Cc1ccccc1)Nc1ccncc1NCc1ccccc1,-4.33952237599034,0.548406862745098,0.23170731707317074,0.2638888888888889,compound 15 (Steed 2022),RIDDIWJTDCGXDH-NRFANRHFSA-N,10.1021/acsomega.2c03127,运行/运行/ATP-VSW/ATP-VSW-DOCK_HTVS_1-002_lib.maegz
ATP-HTVS-D3B4C31C9E9F,23329,Cc1ccc(CN2CC(=O)Nc3ccccc3[C@H]2c2ccccc2)cc1F,O=C1CN(Cc2ccccc2)C(c2ccccc2)c2ccccc2N1,-1.64897298703425,0.047794117647058876,0.20238095238095238,0.20238095238095238,WSA298,IZWVLJVCXHHUOO-UHFFFAOYSA-N,10.1021/acsomega.5c06380,运行/运行/ATP-VSW/ATP-VSW-DOCK_HTVS_1-001_lib/ATP-VSW-DOCK_HTVS_1-001_lib
ATP-HTVS-D3B596BB619E,74947,Cc1ccc(CCC(=O)N(C)Cc2sc3ccccc3c2NCc2ccc(CN(C)C)cc2)cc1,O=C(CCc1ccccc1)NCc1sc2ccccc2c1NCc1ccccc1,-1.62863861474141,0.04534313725490191,0.2602739726027397,0.2602739726027397,Ward2024 compound 1,DVUDEYVEBQKKMF-UHFFFAOYSA-N,10.1021/acsmedchemlett.3c00480,运行/运行/ATP-VSW/ATP-VSW-DOCK_HTVS_1-003_lib/ATP-VSW-DOCK_HTVS_1-003_lib.mae
ATP-HTVS-D3D42427DD6F,94017,CN(C(=O)[C@](C)(O)c1ccccc1)c1ccncc1NCc1cccc(C[NH+](C)C)c1,O=C(Cc1ccccc1)Nc1ccncc1NCc1ccccc1,-4.50769007972124,0.6323529411764706,0.2289156626506024,0.2602739726027397,compound 15 (Steed 2022),RIDDIWJTDCGXDH-NRFANRHFSA-N,10.1021/acsomega.2c03127,运行/运行/ATP-VSW/ATP-VSW-DOCK_HTVS_1-001_lib/ATP-VSW-DOCK_HTVS_1-001_lib
ATP-HTVS-D41B937429B7,86307,C[C@H](c1ccccc1)N(C)c1c(NC(=O)c2ccccc2CN(C)C)c[nH+]c2ccccc12,O=C(Nc1c[nH+]c2ccccc2c1NCc1ccccc1)c1ccccc1,-1.9721019793734,0.0759803921568627,0.20481927710843373,0.25,compound 15 (Steed 2022),RIDDIWJTDCGXDH-NRFANRHFSA-N,10.1021/acsomega.2c03127,运行/运行/ATP-VSW/ATP-VSW-DOCK_HTVS_1-003_lib/ATP-VSW-DOCK_HTVS_1-003_lib.mae
ATP-HTVS-D45BC7EA8057,70339,C#Cc1ccc(C(=O)Nc2nc3ccccc3cc2NCc2cccc(C[NH+](C)C)c2)cc1,O=C(Nc1nc2ccccc2cc1NCc1ccccc1)c1ccccc1,-4.16539956201146,0.4742647058823529,0.2716049382716049,0.34285714285714286,compound 15 (Steed 2022),RIDDIWJTDCGXDH-NRFANRHFSA-N,10.1021/acsomega.2c03127,运行/运行/ATP-VSW/ATP-VSW-DOCK_HTVS_1-003_lib/ATP-VSW-DOCK_HTVS_1-003_lib.mae
ATP-HTVS-D4881A2AC8A2,51649,CC[N@H+](C)Cc1cccc(CNc2nc(NCc3cccc(N)c3F)[nH+]c3ccccc23)c1,c1ccc(CNc2nc(NCc3ccccc3)c3ccccc3[nH+]2)cc1,-4.52900937993916,0.6415441176470589,0.1956521739130435,0.26666666666666666,WSA236,CJWSCOKTAUPKHM-UHFFFAOYSA-N,10.1002/cmdc.202400952,运行/运行/ATP-VSW/ATP-VSW-DOCK_HTVS_1-001_lib/ATP-VSW-DOCK_HTVS_1-001_lib
ATP-HTVS-D49B0A10993C,27586,C[NH+](C)Cc1ccc(C[NH2+]Cc2cn(CCC#N)nc2-c2ccc(Cl)cc2)cc1,c1ccc(C[NH2+]Cc2c[nH]nc2-c2ccccc2)cc1,-5.82548848966351,0.9644607843137255,0.15730337078651685,0.3283582089552239,WSA298,IZWVLJVCXHHUOO-UHFFFAOYSA-N,10.1021/acsomega.5c06380,运行/运行/ATP-VSW/ATP-VSW-DOCK_HTVS_1-002_lib.maegz
ATP-HTVS-D4AE6553B313,87906,C[NH+](C)Cc1cccc(CNc2cncc(C(=O)N(CC#N)Cc3ccc(F)cc3)c2)c1,O=C(NCc1ccccc1)c1cncc(NCc2ccccc2)c1,-4.39906438237233,0.5784313725490196,0.1927710843373494,0.2597402597402597,Ward2024 compound 1,DVUDEYVEBQKKMF-UHFFFAOYSA-N,10.1021/acsmedchemlett.3c00480,运行/运行/ATP-VSW/ATP-VSW-DOCK_HTVS_1-002_lib.maegz
ATP-HTVS-D4B05735BAC4,50594,Cc1ccccc1[C@@H](C[NH+](C)C)NCc1nc2ccccc2c2ccccc12,c1ccc(CNCc2nc3ccccc3c3ccccc23)cc1,-4.73948519107454,0.7340686274509804,0.2535211267605634,0.27419354838709675,compound 15 (Steed 2022),RIDDIWJTDCGXDH-NRFANRHFSA-N,10.1021/acsomega.2c03127,运行/运行/ATP-VSW/ATP-VSW-DOCK_HTVS_1-002_lib.maegz
ATP-HTVS-D4C1A78D47F2,58401,Cc1ccc([C@](C)(CO)C[NH2+]Cc2cn(-c3ccccc3)nc2-c2cccnc2)cc1,c1ccc(CC[NH2+]Cc2cn(-c3ccccc3)nc2-c2cccnc2)cc1,-5.42769533688179,0.9178921568627451,0.20930232558139536,0.26506024096385544,WSA280,XQBWCRMKNUAPEC-UHFFFAOYSA-N,10.1021/acsomega.5c06380,运行/运行/ATP-VSW/ATP-VSW-DOCK_HTVS_1-001_lib/ATP-VSW-DOCK_HTVS_1-001_lib
ATP-HTVS-D4F4D34A0DC7,514,Cc1ccc([C@H](CNc2cc(COc3ccccc3)[nH+]c3ccc(O)cc23)[NH+](C)C)cc1,c1ccc(CCNc2cc(COc3ccccc3)[nH+]c3ccccc23)cc1,-5.21896454262999,0.8823529411764706,0.20238095238095238,0.2375,compound 15 (Steed 2022),RIDDIWJTDCGXDH-NRFANRHFSA-N,10.1021/acsomega.2c03127,运行/运行/ATP-VSW/ATP-VSW-DOCK_HTVS_1-002_lib.maegz
ATP-HTVS-D51006C467E8,12578,Oc1ccc([C@@H](O)CNc2nc(-c3ccccc3)cc(-c3ccccc3)n2)cc1,c1ccc(CCNc2nc(-c3ccccc3)cc(-c3ccccc3)n2)cc1,-4.76852189732815,0.7450980392156863,0.25757575757575757,0.2537313432835821,compound 15 (Steed 2022),RIDDIWJTDCGXDH-NRFANRHFSA-N,10.1021/acsomega.2c03127,运行/运行/ATP-VSW/ATP-VSW-DOCK_HTVS_1-002_lib.maegz
ATP-HTVS-D52094086515,83715,C[NH+](C)Cc1ccccc1Nc1c(C(=O)N(CCO)c2ccccc2)c(=O)[nH]c2ccccc12,O=C(Nc1ccccc1)c1c(Nc2ccccc2)c2ccccc2[nH]c1=O,-1.49805717730069,0.03431372549019607,0.21839080459770116,0.21839080459770116,compound 18 (Steed 2022),DCLANSSFVIGXHQ-OAQYLSRUSA-N,10.1021/acsomega.2c03127,运行/运行/ATP-VSW/ATP-VSW-DOCK_HTVS_1-003_lib/ATP-VSW-DOCK_HTVS_1-003_lib.mae
ATP-HTVS-D53BE49171F7,23619,Cc1ccc(-c2nn(Cc3ccccc3)cc2C[NH2+]Cc2ccc(CCO)cc2)cc1,c1ccc(C[NH2+]Cc2cn(Cc3ccccc3)nc2-c2ccccc2)cc1,-5.64347715414461,0.9399509803921569,0.2597402597402597,0.36231884057971014,WSA280,XQBWCRMKNUAPEC-UHFFFAOYSA-N,10.1021/acsomega.5c06380,运行/运行/ATP-VSW/ATP-VSW-DOCK_HTVS_1-003_lib/ATP-VSW-DOCK_HTVS_1-003_lib.mae
ATP-HTVS-D57D92118EC0,78850,CN(c1ccccc1[NH3+])c1c(NCc2ccccc2)c(Cl)c(O)c2ccccc12,c1ccc(CNc2ccc3ccccc3c2Nc2ccccc2)cc1,-3.20181709833612,0.178921568627451,0.1917808219178082,0.2125,Ward2024 compound 6,LKLACXNGVWXYAW-UHFFFAOYSA-N,10.1021/acsmedchemlett.3c00480,运行/运行/ATP-VSW/ATP-VSW-DOCK_HTVS_1-002_lib.maegz
ATP-HTVS-D57FDE5925BA,51522,CNc1ccccc1C[NH2+]Cc1ccc(COc2ccccc2OC)o1,c1ccc(C[NH2+]Cc2ccc(COc3ccccc3)o2)cc1,-5.21548994923698,0.8805147058823529,0.1917808219178082,0.2289156626506024,compound 8 (Steed 2022),ROJPDORYZONAPF-UHFFFAOYSA-N,10.1021/acsomega.2c03127,运行/运行/ATP-VSW/ATP-VSW-DOCK_HTVS_1-002_lib.maegz
ATP-HTVS-D5881C68A9EC,95073,Cc1ccc(C)c(C(=O)Nc2c[nH+]c3ccccc3c2NCc2ccc(NCCO)cc2)c1,O=C(Nc1c[nH+]c2ccccc2c1NCc1ccccc1)c1ccccc1,-4.53106856940061,0.6427696078431373,0.25,0.27848101265822783,compound 8 (Steed 2022),ROJPDORYZONAPF-UHFFFAOYSA-N,10.1021/acsomega.2c03127,运行/运行/ATP-VSW/ATP-VSW-DOCK_HTVS_1-001_lib/ATP-VSW-DOCK_HTVS_1-001_lib
ATP-HTVS-D5ACD41550DD,96737,Cc1cc(NC(=O)Cc2ccc(F)cc2)c(NCc2cccc(C[NH+](C)C)c2)c[nH+]1,O=C(Cc1ccccc1)Nc1cc[nH+]cc1NCc1ccccc1,-4.11681389386405,0.46139705882352944,0.21176470588235294,0.28169014084507044,WSA298,IZWVLJVCXHHUOO-UHFFFAOYSA-N,10.1021/acsomega.5c06380,运行/运行/ATP-VSW/ATP-VSW-DOCK_HTVS_1-002_lib.maegz
ATP-HTVS-D5ACDDA463EA,75745,CC[NH+](CC)Cc1cccc(NC(=O)c2cnc3ccc(F)cc3c2N(C)[C@@H](C#N)c2ccccc2)c1,O=C(Nc1ccccc1)c1cnc2ccccc2c1NCc1ccccc1,-4.05447384765626,0.4381127450980392,0.21212121212121213,0.2127659574468085,WSA298,IZWVLJVCXHHUOO-UHFFFAOYSA-N,10.1021/acsomega.5c06380,运行/运行/ATP-VSW/ATP-VSW-DOCK_HTVS_1-001_lib/ATP-VSW-DOCK_HTVS_1-001_lib
ATP-HTVS-D6043925B579,66273,O[C@H](C[NH2+]Cc1cn(Cc2ccccc2)nc1-c1ccccc1)c1ccc(F)cc1F,c1ccc(CC[NH2+]Cc2cn(Cc3ccccc3)nc2-c2ccccc2)cc1,-6.72217226588382,0.9981617647058824,0.2875,0.36,WSA298,IZWVLJVCXHHUOO-UHFFFAOYSA-N,10.1021/acsomega.5c06380,运行/运行/ATP-VSW/ATP-VSW-DOCK_HTVS_1-001_lib/ATP-VSW-DOCK_HTVS_1-001_lib
ATP-HTVS-D60AE40A828F,84162,CCN(CC)Cc1cccc(CNc2cnc(NC(=O)c3cccc(F)c3C#N)c3ccccc23)c1,O=C(Nc1ncc(NCc2ccccc2)c2ccccc12)c1ccccc1,-3.23776842830741,0.18504901960784315,0.1827956989247312,0.1956521739130435,compound 15 (Steed 2022),RIDDIWJTDCGXDH-NRFANRHFSA-N,10.1021/acsomega.2c03127,运行/运行/ATP-VSW/ATP-VSW-DOCK_HTVS_1-002_lib.maegz
ATP-HTVS-D63540CFF382,77571,C[C@H](C(=O)Nc1cnc2ccccc2c1N(CC#N)c1ccccc1)c1ccc(Cl)cc1,O=C(Cc1ccccc1)Nc1cnc2ccccc2c1Nc1ccccc1,-3.65322939348428,0.27512254901960786,0.24096385542168675,0.24096385542168675,compound 15 (Steed 2022),RIDDIWJTDCGXDH-NRFANRHFSA-N,10.1021/acsomega.2c03127,运行/运行/ATP-VSW/ATP-VSW-DOCK_HTVS_1-003_lib/ATP-VSW-DOCK_HTVS_1-003_lib.mae
ATP-HTVS-D650FAE25B13,75203,CN(Cc1ccccc1)c1cc(NCc2ccc(C[NH+](C)C)cc2)[nH+]c(N)n1,c1ccc(CNc2cc(NCc3ccccc3)[nH+]cn2)cc1,-4.25804006821489,0.5153186274509804,0.2835820895522388,0.3728813559322034,Ward2024 compound 1,DVUDEYVEBQKKMF-UHFFFAOYSA-N,10.1021/acsmedchemlett.3c00480,运行/运行/ATP-VSW/ATP-VSW-DOCK_HTVS_1-003_lib/ATP-VSW-DOCK_HTVS_1-003_lib.mae
ATP-HTVS-D65E1879A1C4,90530,C[NH+](C)Cc1ccc(Nc2ccsc2C(=O)N(CC[NH3+])c2ccccc2)cc1,O=C(Nc1ccccc1)c1sccc1Nc1ccccc1,-6.09719447125168,0.9797794117647058,0.2236842105263158,0.29411764705882354,compound 8 (Steed 2022),ROJPDORYZONAPF-UHFFFAOYSA-N,10.1021/acsomega.2c03127,运行/运行/ATP-VSW/ATP-VSW-DOCK_HTVS_1-002_lib.maegz
ATP-HTVS-D67E347CF5B0,32641,O=C(c1cc(NCc2ccccc2)nc2ccccc12)N(CCO)Cc1ccccc1,O=C(NCc1ccccc1)c1cc(NCc2ccccc2)nc2ccccc12,-3.40291076255363,0.2138480392156863,0.2916666666666667,0.2916666666666667,compound 15 (Steed 2022),RIDDIWJTDCGXDH-NRFANRHFSA-N,10.1021/acsomega.2c03127,运行/运行/ATP-VSW/ATP-VSW-DOCK_HTVS_1-001_lib/ATP-VSW-DOCK_HTVS_1-001_lib
ATP-HTVS-D68829BAAF56,35266,Cc1ccc(N)cc1CNc1nc(NCCc2ccc(C[NH+](C)C)cc2)c2ccccc2[nH+]1,c1ccc(CCNc2nc(NCc3ccccc3)[nH+]c3ccccc23)cc1,-3.8828199346424,0.3651960784313726,0.2,0.35294117647058826,WSA250,SSOJQSHUAQGPLD-UHFFFAOYSA-N,10.1002/cmdc.202400952,运行/运行/ATP-VSW/ATP-VSW-DOCK_HTVS_1-002_lib.maegz
ATP-HTVS-D6CA2B69D609,57026,C#Cc1ccc(CN2CC(=O)Nc3ccc(Cl)cc3[C@@H]2c2ccccc2F)cc1,O=C1CN(Cc2ccccc2)C(c2ccccc2)c2ccccc2N1,-1.18273573419558,0.01715686274509809,0.19318181818181818,0.19318181818181818,WSA298,IZWVLJVCXHHUOO-UHFFFAOYSA-N,10.1021/acsomega.5c06380,运行/运行/ATP-VSW/ATP-VSW-DOCK_HTVS_1-002_lib.maegz
ATP-HTVS-D7583D638CF7,84707,C[NH2+]Cc1ccc(CNC(=O)c2[nH]c3ccccc3c2C#CCOc2ccc(F)cc2)cc1,O=C(NCc1ccccc1)c1[nH]c2ccccc2c1C#CCOc1ccccc1,-6.28779750813501,0.9920343137254902,0.21978021978021978,0.21348314606741572,compound 19 (Steed 2022),DHQKBEDPXLHXAJ-OAQYLSRUSA-N,10.1021/acsomega.2c03127,运行/运行/ATP-VSW/ATP-VSW-DOCK_HTVS_1-003_lib/ATP-VSW-DOCK_HTVS_1-003_lib.mae
ATP-HTVS-D76C38158727,59906,CC(=O)Nc1ccc(CN2CC(=O)Nc3ccc(Br)cc3[C@@H]2c2ccccc2)cc1,O=C1CN(Cc2ccccc2)C(c2ccccc2)c2ccccc2N1,-2.60692667317235,0.12806372549019607,0.23255813953488372,0.23255813953488372,WSA257,NLTZNXHLSWPGMA-UHFFFAOYSA-N,10.1002/cmdc.202400952,运行/运行/ATP-VSW/ATP-VSW-DOCK_HTVS_1-002_lib.maegz
ATP-HTVS-D773B3DD8BD5,77090,C[NH+](C)[C@H](CNc1c(NC(=O)c2ccccc2)c[nH+]c2ccccc12)c1ccc(Cl)cc1,O=C(Nc1c[nH+]c2ccccc2c1NCCc1ccccc1)c1ccccc1,-5.08229830193062,0.8468137254901961,0.17777777777777778,0.2073170731707317,compound 18 (Steed 2022),DCLANSSFVIGXHQ-OAQYLSRUSA-N,10.1021/acsomega.2c03127,运行/运行/ATP-VSW/ATP-VSW-DOCK_HTVS_1-002_lib.maegz
ATP-HTVS-D78134F4C173,91073,CC[C@@H](NC(=O)c1cc(NCc2cccc(C[NH+](C)C)c2)cs1)c1ccccc1,O=C(NCc1ccccc1)c1cc(NCc2ccccc2)cs1,-4.407585640984,0.579656862745098,0.2345679012345679,0.2375,compound 15 (Steed 2022),RIDDIWJTDCGXDH-NRFANRHFSA-N,10.1021/acsomega.2c03127,运行/运行/ATP-VSW/ATP-VSW-DOCK_HTVS_1-001_lib/ATP-VSW-DOCK_HTVS_1-001_lib
ATP-HTVS-D7F859CCB519,2849,COc1ccccc1Cn1cc(C(=O)Nc2ccc(C[NH+](C)C)c(Cl)c2)c2ccccc2c1=O,O=C(Nc1ccccc1)c1cn(Cc2ccccc2)c(=O)c2ccccc12,-4.87012516392093,0.7763480392156863,0.2289156626506024,0.2261904761904762,compound 8 (Steed 2022),ROJPDORYZONAPF-UHFFFAOYSA-N,10.1021/acsomega.2c03127,运行/运行/ATP-VSW/ATP-VSW-DOCK_HTVS_1-001_lib/ATP-VSW-DOCK_HTVS_1-001_lib
ATP-HTVS-D7FBECEDF81C,79746,O=C(Nc1c(Nc2ccc(NCCO)cc2)cnc2ccccc12)[C@@H](Br)c1ccccc1,O=C(Cc1ccccc1)Nc1c(Nc2ccccc2)cnc2ccccc12,-3.55469757761565,0.2512254901960784,0.21518987341772153,0.21794871794871795,compound 8 (Steed 2022),ROJPDORYZONAPF-UHFFFAOYSA-N,10.1021/acsomega.2c03127,运行/运行/ATP-VSW/ATP-VSW-DOCK_HTVS_1-002_lib.maegz
ATP-HTVS-D806BF0778F9,63233,OCc1cc(C[NH2+]Cc2cn(-c3ccccc3)nc2-c2ccc(F)cc2)ccc1F,c1ccc(C[NH2+]Cc2cn(-c3ccccc3)nc2-c2ccccc2)cc1,-5.62999992545103,0.9375,0.2948717948717949,0.3835616438356164,WSA298,IZWVLJVCXHHUOO-UHFFFAOYSA-N,10.1021/acsomega.5c06380,运行/运行/ATP-VSW/ATP-VSW-DOCK_HTVS_1-001_lib/ATP-VSW-DOCK_HTVS_1-001_lib
ATP-HTVS-D820D8B9E61C,28163,Cc1cccc(-c2nn(Cc3ccccc3)cc2CNc2ccc(Cl)c(CN(C)CCO)c2)c1,c1ccc(Cn2cc(CNc3ccccc3)c(-c3ccccc3)n2)cc1,-2.23831012040962,0.09436274509803921,0.25882352941176473,0.25882352941176473,WSA294,FPTVNOKSIHPUTA-UHFFFAOYSA-N,10.1021/acsomega.5c06380,运行/运行/ATP-VSW/ATP-VSW-DOCK_HTVS_1-003_lib/ATP-VSW-DOCK_HTVS_1-003_lib.mae
ATP-HTVS-D831575BA0F0,75715,CC[NH+](CC)Cc1cccc(CNc2cnc(NC(=O)c3ccc(O)cc3)c3ccccc23)c1,O=C(Nc1ncc(NCc2ccccc2)c2ccccc12)c1ccccc1,-4.29069442724693,0.5281862745098039,0.24096385542168675,0.24390243902439024,compound 1 (Fraunfelter 2023),WIDVPHSBAXLSEU-LJQANCHMSA-N,10.1021/acsinfecdis.3c00317,运行/运行/ATP-VSW/ATP-VSW-DOCK_HTVS_1-003_lib/ATP-VSW-DOCK_HTVS_1-003_lib.mae
ATP-HTVS-D839BC34DAE7,4771,[NH3+]Cc1ccc(CNC(=O)c2cn(Cc3ccccc3)c(=O)c3ccccc23)cc1F,O=C(NCc1ccccc1)c1cn(Cc2ccccc2)c(=O)c2ccccc12,-4.84626190652642,0.7696078431372549,0.2261904761904762,0.2261904761904762,WSA298,IZWVLJVCXHHUOO-UHFFFAOYSA-N,10.1021/acsomega.5c06380,运行/运行/ATP-VSW/ATP-VSW-DOCK_HTVS_1-003_lib/ATP-VSW-DOCK_HTVS_1-003_lib.mae
ATP-HTVS-D86CED65A6E1,74497,CN(C(=O)c1sc(Cl)cc1NCc1ccc(C[NH+](C)C)cc1)c1cccc(N)c1,O=C(Nc1ccccc1)c1sccc1NCc1ccccc1,-3.78551089234466,0.32843137254901966,0.20238095238095238,0.28169014084507044,compound 1 (Fraunfelter 2023),WIDVPHSBAXLSEU-LJQANCHMSA-N,10.1021/acsinfecdis.3c00317,运行/运行/ATP-VSW/ATP-VSW-DOCK_HTVS_1-001_lib/ATP-VSW-DOCK_HTVS_1-001_lib
ATP-HTVS-D8D752145B88,75714,CC[NH+](CC)Cc1ccc(CNc2cnc(NC(=O)c3ccc(O)cc3)c3ccccc23)cc1,O=C(Nc1ncc(NCc2ccccc2)c2ccccc12)c1ccccc1,-4.44081208819953,0.5962009803921569,0.25,0.2375,compound 1 (Fraunfelter 2023),WIDVPHSBAXLSEU-LJQANCHMSA-N,10.1021/acsinfecdis.3c00317,运行/运行/ATP-VSW/ATP-VSW-DOCK_HTVS_1-002_lib.maegz
ATP-HTVS-D8E733A39BE5,30819,COC[C@H](Nc1nc2ccccc2nc1NCc1cccc(C[NH+](C)C)c1)c1ccccc1,c1ccc(CNc2nc3ccccc3nc2NCc2ccccc2)cc1,-4.5721480278722,0.6629901960784313,0.27631578947368424,0.3088235294117647,compound 15 (Steed 2022),RIDDIWJTDCGXDH-NRFANRHFSA-N,10.1021/acsomega.2c03127,运行/运行/ATP-VSW/ATP-VSW-DOCK_HTVS_1-003_lib/ATP-VSW-DOCK_HTVS_1-003_lib.mae
ATP-HTVS-D9159AF95984,74371,C[NH+](C)Cc1ccc(CNc2c(NC(=O)c3cccc(F)c3C#N)c[nH+]c3ccccc23)cc1,O=C(Nc1c[nH+]c2ccccc2c1NCc1ccccc1)c1ccccc1,-5.01054631170562,0.8278186274509804,0.16666666666666666,0.2987012987012987,compound 8 (Steed 2022),ROJPDORYZONAPF-UHFFFAOYSA-N,10.1021/acsomega.2c03127,运行/运行/ATP-VSW/ATP-VSW-DOCK_HTVS_1-003_lib/ATP-VSW-DOCK_HTVS_1-003_lib.mae
ATP-HTVS-D925B2862DC5,91491,N#CCN(c1ccccc1)c1c(C(=O)NCc2ccc3c(c2)CCN3)cnc2ccc(F)cc12,O=C(NCc1ccc2c(c1)CCN2)c1cnc2ccccc2c1Nc1ccccc1,-4.69242408376268,0.7175245098039216,0.2268041237113402,0.2268041237113402,WSA298,IZWVLJVCXHHUOO-UHFFFAOYSA-N,10.1021/acsomega.5c06380,运行/运行/ATP-VSW/ATP-VSW-DOCK_HTVS_1-003_lib/ATP-VSW-DOCK_HTVS_1-003_lib.mae
ATP-HTVS-D928A6F83D7E,93473,C[NH+](C)Cc1ccc(CNc2cc(C(=O)N[C@@H](C#N)c3ccc(F)cc3)sc2Cl)cc1,O=C(NCc1ccccc1)c1cc(NCc2ccccc2)cs1,-3.60796794272557,0.2628676470588235,0.18478260869565216,0.24675324675324675,WSA298,IZWVLJVCXHHUOO-UHFFFAOYSA-N,10.1021/acsomega.5c06380,运行/运行/ATP-VSW/ATP-VSW-DOCK_HTVS_1-001_lib/ATP-VSW-DOCK_HTVS_1-001_lib
ATP-HTVS-D93071962BA3,31554,O=C1CN(Cc2c(Cl)cccc2Br)[C@H](c2ccccc2)c2ccccc2N1,O=C1CN(Cc2ccccc2)C(c2ccccc2)c2ccccc2N1,-1.03589809512659,0.01225490196078427,0.16470588235294117,0.16470588235294117,WSA298,IZWVLJVCXHHUOO-UHFFFAOYSA-N,10.1021/acsomega.5c06380,运行/运行/ATP-VSW/ATP-VSW-DOCK_HTVS_1-002_lib.maegz
ATP-HTVS-D9724DB0D106,63362,OC[C@H](Cc1ccc(I)cc1)Nc1nc(-c2ccccc2)c2ccccc2n1,c1ccc(CCNc2nc(-c3ccccc3)c3ccccc3n2)cc1,-2.96625419656371,0.15379901960784315,0.22666666666666666,0.2465753424657534,compound 1 (Fraunfelter 2023),WIDVPHSBAXLSEU-LJQANCHMSA-N,10.1021/acsinfecdis.3c00317,运行/运行/ATP-VSW/ATP-VSW-DOCK_HTVS_1-002_lib.maegz
ATP-HTVS-DAC48F0443BB,71459,Cc1ccc(CC(=O)Nc2nc3ccccc3cc2N(c2ccccc2)[C@H](C)C#N)cc1,O=C(Cc1ccccc1)Nc1nc2ccccc2cc1Nc1ccccc1,-3.36244492137731,0.20894607843137258,0.35135135135135137,0.3333333333333333,compound 15 (Steed 2022),RIDDIWJTDCGXDH-NRFANRHFSA-N,10.1021/acsomega.2c03127,运行/运行/ATP-VSW/ATP-VSW-DOCK_HTVS_1-003_lib/ATP-VSW-DOCK_HTVS_1-003_lib.mae
ATP-HTVS-DADEC6686275,95745,C[NH+](C)Cc1ccccc1C(=O)Nc1nc2ccccc2cc1-c1ccnc(Cl)c1Cl,O=C(Nc1nc2ccccc2cc1-c1ccncc1)c1ccccc1,-3.79004662301231,0.3290441176470589,0.29333333333333333,0.3333333333333333,compound 8 (Steed 2022),ROJPDORYZONAPF-UHFFFAOYSA-N,10.1021/acsomega.2c03127,运行/运行/ATP-VSW/ATP-VSW-DOCK_HTVS_1-001_lib/ATP-VSW-DOCK_HTVS_1-001_lib
ATP-HTVS-DB2D048ED873,53154,CC[N@@H+](C)Cc1cccc(CNc2nc(NCc3ccc(N)cc3Cl)[nH+]c3ccccc23)c1,c1ccc(CNc2nc(NCc3ccccc3)c3ccccc3[nH+]2)cc1,-4.67156677562386,0.704656862745098,0.20238095238095238,0.2692307692307692,Ward2024 compound 6,LKLACXNGVWXYAW-UHFFFAOYSA-N,10.1021/acsmedchemlett.3c00480,运行/运行/ATP-VSW/ATP-VSW-DOCK_HTVS_1-002_lib.maegz
ATP-HTVS-DB45F9B4D40D,94625,C[NH+](C)Cc1ccccc1NC(C)(C)CC(=O)n1c(-c2ccccc2)cc(=O)c2ccccc21,O=C(CCNc1ccccc1)n1c(-c2ccccc2)cc(=O)c2ccccc21,-3.79592199451117,0.33333333333333337,0.17647058823529413,0.19230769230769232,compound 15 (Steed 2022),RIDDIWJTDCGXDH-NRFANRHFSA-N,10.1021/acsomega.2c03127,运行/运行/ATP-VSW/ATP-VSW-DOCK_HTVS_1-001_lib/ATP-VSW-DOCK_HTVS_1-001_lib
ATP-HTVS-DB6DF45B456E,23457,COc1ccccc1OCc1ccc(C[NH2+]Cc2cccc(C[NH+](C)C)c2)o1,c1ccc(C[NH2+]Cc2ccc(COc3ccccc3)o2)cc1,-5.12756462447033,0.8590686274509804,0.19230769230769232,0.3076923076923077,compound 15 (Steed 2022),RIDDIWJTDCGXDH-NRFANRHFSA-N,10.1021/acsomega.2c03127,运行/运行/ATP-VSW/ATP-VSW-DOCK_HTVS_1-001_lib/ATP-VSW-DOCK_HTVS_1-001_lib
ATP-HTVS-DB94924E5291,95553,C[NH+](C)Cc1ccccc1C(=O)Nc1ccc([C@H](C#N)c2ccccc2)c(-c2cccc(N)c2F)c1,O=C(Nc1ccc(Cc2ccccc2)c(-c2ccccc2)c1)c1ccccc1,-4.17672555543197,0.48039215686274506,0.20689655172413793,0.21686746987951808,compound 8 (Steed 2022),ROJPDORYZONAPF-UHFFFAOYSA-N,10.1021/acsomega.2c03127,运行/运行/ATP-VSW/ATP-VSW-DOCK_HTVS_1-001_lib/ATP-VSW-DOCK_HTVS_1-001_lib
ATP-HTVS-DB99DC1A003A,67553,C[NH+](C)CCc1cccc(NC(=O)c2cc(-c3ccccn3)nc3ccccc23)c1,O=C(Nc1ccccc1)c1cc(-c2ccccn2)nc2ccccc12,-4.78607981738936,0.7530637254901961,0.24691358024691357,0.28,compound 15 (Steed 2022),RIDDIWJTDCGXDH-NRFANRHFSA-N,10.1021/acsomega.2c03127,运行/运行/ATP-VSW/ATP-VSW-DOCK_HTVS_1-001_lib/ATP-VSW-DOCK_HTVS_1-001_lib
ATP-HTVS-DBA84DBB4449,75299,C[NH+](C)Cc1cccc(Nc2nc3ccccc3nc2-c2ccccc2)c1,c1ccc(Nc2nc3ccccc3nc2-c2ccccc2)cc1,-4.34363774423427,0.5514705882352942,0.23880597014925373,0.3333333333333333,Ward2024 compound 6,LKLACXNGVWXYAW-UHFFFAOYSA-N,10.1021/acsmedchemlett.3c00480,运行/运行/ATP-VSW/ATP-VSW-DOCK_HTVS_1-003_lib/ATP-VSW-DOCK_HTVS_1-003_lib.mae
ATP-HTVS-DBCC5241A393,4707,CC[NH+](CC)[C@H](CNC(=O)c1cn(Cc2ccccc2OC)c(=O)c2ccccc12)c1ccccc1,O=C(NCCc1ccccc1)c1cn(Cc2ccccc2)c(=O)c2ccccc12,-4.3403287678026,0.5490196078431373,0.2111111111111111,0.21348314606741572,compound 18 (Steed 2022),DCLANSSFVIGXHQ-OAQYLSRUSA-N,10.1021/acsomega.2c03127,运行/运行/ATP-VSW/ATP-VSW-DOCK_HTVS_1-003_lib/ATP-VSW-DOCK_HTVS_1-003_lib.mae
ATP-HTVS-DC065C207C84,1282,CN(C)[C@H](CNC(=O)c1cc(COc2ccc(Cl)cc2)nc2ccccc12)c1ccc(O)cc1,O=C(NCCc1ccccc1)c1cc(COc2ccccc2)nc2ccccc12,-3.75492037208767,0.3137254901960784,0.26506024096385544,0.25301204819277107,compound 15 (Steed 2022),RIDDIWJTDCGXDH-NRFANRHFSA-N,10.1021/acsomega.2c03127,运行/运行/ATP-VSW/ATP-VSW-DOCK_HTVS_1-002_lib.maegz
ATP-HTVS-DC18FC237305,12291,CN(C)[C@@H](C[NH2+]Cc1cn(-c2ccccc2)nc1-c1ccc([N+](=O)[O-])cc1)c1cccc(F)c1,c1ccc(CC[NH2+]Cc2cn(-c3ccccc3)nc2-c2ccccc2)cc1,-4.56770157901695,0.6593137254901961,0.2,0.26136363636363635,WSA298,IZWVLJVCXHHUOO-UHFFFAOYSA-N,10.1021/acsomega.5c06380,运行/运行/ATP-VSW/ATP-VSW-DOCK_HTVS_1-003_lib/ATP-VSW-DOCK_HTVS_1-003_lib.mae
ATP-HTVS-DC20B32D34B9,85249,C[NH+](C)Cc1cccc(CNc2c(C(=O)Nc3ccc([N+](=O)[O-])cc3)sc3cc(F)ccc23)c1,O=C(Nc1ccccc1)c1sc2ccccc2c1NCc1ccccc1,-3.95074018980102,0.40012254901960786,0.1797752808988764,0.20481927710843373,compound 8 (Steed 2022),ROJPDORYZONAPF-UHFFFAOYSA-N,10.1021/acsomega.2c03127,运行/运行/ATP-VSW/ATP-VSW-DOCK_HTVS_1-001_lib/ATP-VSW-DOCK_HTVS_1-001_lib
ATP-HTVS-DC6B7BCD18A9,22914,COc1cc(CC[NH2+][C@H](C)c2cccc(C[NH+](C)C)c2)c(OC)c2ccccc12,c1ccc(C[NH2+]CCc2ccc3ccccc3c2)cc1,-5.36206198882795,0.9056372549019608,0.20253164556962025,0.2676056338028169,compound 15 (Steed 2022),RIDDIWJTDCGXDH-NRFANRHFSA-N,10.1021/acsomega.2c03127,运行/运行/ATP-VSW/ATP-VSW-DOCK_HTVS_1-002_lib.maegz
ATP-HTVS-DC74BD16E68F,93697,C[NH+](C)Cc1ccc(CNc2ccc(NC(=O)C(F)(F)c3ccccc3)nc2F)cc1,O=C(Cc1ccccc1)Nc1ccc(NCc2ccccc2)cn1,-4.9195203402618,0.7947303921568627,0.2073170731707317,0.3235294117647059,compound 1 (Fraunfelter 2023),WIDVPHSBAXLSEU-LJQANCHMSA-N,10.1021/acsinfecdis.3c00317,运行/运行/ATP-VSW/ATP-VSW-DOCK_HTVS_1-001_lib/ATP-VSW-DOCK_HTVS_1-001_lib
ATP-HTVS-DCC6353C2378,60993,COc1cc2ccccc2c(C[NH2+]Cc2cc(F)ccc2N2CC[NH+](C)CC2)c1OC,c1ccc(N2CC[NH2+]CC2)c(C[NH2+]Cc2cccc3ccccc23)c1,-4.64956227007196,0.6948529411764706,0.22580645161290322,0.30864197530864196,WSA297,GXYVJEJKTGYEDL-UHFFFAOYSA-N,10.1021/acsomega.5c06380,运行/运行/ATP-VSW/ATP-VSW-DOCK_HTVS_1-001_lib/ATP-VSW-DOCK_HTVS_1-001_lib
ATP-HTVS-DCF81E89AD2E,18466,O=C(NCc1ccc(CO)cc1)c1oc2ccccc2c1CSc1ccccc1Cl,O=C(NCc1ccccc1)c1oc2ccccc2c1CSc1ccccc1,-3.74027643486455,0.3069852941176471,0.21518987341772153,0.21518987341772153,WSA249,YEMLSUARMQTHJO-UHFFFAOYSA-N,10.1002/cmdc.202400952,运行/运行/ATP-VSW/ATP-VSW-DOCK_HTVS_1-002_lib.maegz
ATP-HTVS-DD1946FA5AC5,93185,CN(C(=O)C(C)(C)c1ccccc1)c1ncccc1NCc1ccc(C[NH+](C)C)cc1,O=C(Cc1ccccc1)Nc1ncccc1NCc1ccccc1,-2.95789127203458,0.15073529411764708,0.2125,0.29850746268656714,compound 15 (Steed 2022),RIDDIWJTDCGXDH-NRFANRHFSA-N,10.1021/acsomega.2c03127,运行/运行/ATP-VSW/ATP-VSW-DOCK_HTVS_1-001_lib/ATP-VSW-DOCK_HTVS_1-001_lib
ATP-HTVS-DD420CB019C5,66339,c1ccc(Cn2c(C[NH2+]Cc3cccc4c3NCCC4)nc3ccccc32)cc1,c1ccc(Cn2c(C[NH2+]Cc3cccc4c3NCCC4)nc3ccccc32)cc1,-5.35440637487841,0.9031862745098039,0.2375,0.32432432432432434,WSA249,YEMLSUARMQTHJO-UHFFFAOYSA-N,10.1002/cmdc.202400952,运行/运行/ATP-VSW/ATP-VSW-DOCK_HTVS_1-003_lib/ATP-VSW-DOCK_HTVS_1-003_lib.mae
ATP-HTVS-DD59A7F9A26E,30113,CN(C)c1ccc(CN2CC(=O)Nc3ccc(Br)cc3[C@H]2c2ccccc2)cc1,O=C1CN(Cc2ccccc2)C(c2ccccc2)c2ccccc2N1,-1.73410397426099,0.05759803921568629,0.24705882352941178,0.24705882352941178,WSA276,AVMFLQZOZFHZLB-UHFFFAOYSA-N,10.1021/acsomega.5c06380,运行/运行/ATP-VSW/ATP-VSW-DOCK_HTVS_1-001_lib/ATP-VSW-DOCK_HTVS_1-001_lib
ATP-HTVS-DD7A369608E2,55074,O=C([O-])CCc1ccccc1C[NH2+]Cc1cn(Cc2ccccc2)nc1-c1ccccc1,c1ccc(C[NH2+]Cc2cn(Cc3ccccc3)nc2-c2ccccc2)cc1,-5.05648671631932,0.8400735294117647,0.23684210526315788,0.3333333333333333,WSA294,FPTVNOKSIHPUTA-UHFFFAOYSA-N,10.1021/acsomega.5c06380,运行/运行/ATP-VSW/ATP-VSW-DOCK_HTVS_1-002_lib.maegz
ATP-HTVS-DDBB6FEB6103,43170,C[C@H](O)Cc1ccc(C[NH2+]Cc2oc3ccc(F)cc3c2-c2ccccc2)cc1,c1ccc(C[NH2+]Cc2oc3ccccc3c2-c2ccccc2)cc1,-6.29318849134732,0.9926470588235294,0.23170731707317074,0.3157894736842105,WSA298,IZWVLJVCXHHUOO-UHFFFAOYSA-N,10.1021/acsomega.5c06380,运行/运行/ATP-VSW/ATP-VSW-DOCK_HTVS_1-002_lib.maegz
ATP-HTVS-DDC2C96F44C1,78947,CN(c1c(NC(=O)c2ccccc2Cl)c[nH+]c2ccccc12)[C@@H](C#N)c1ccccc1,O=C(Nc1c[nH+]c2ccccc2c1NCc1ccccc1)c1ccccc1,-4.0020476853332,0.41850490196078427,0.16279069767441862,0.20454545454545456,compound 15 (Steed 2022),RIDDIWJTDCGXDH-NRFANRHFSA-N,10.1021/acsomega.2c03127,运行/运行/ATP-VSW/ATP-VSW-DOCK_HTVS_1-003_lib/ATP-VSW-DOCK_HTVS_1-003_lib.mae
ATP-HTVS-DDCEA98BB6BE,81569,CCN(CC)Cc1cccc(CNc2cnc3ccccc3c2NC(=O)Cc2ccc(F)c(C#N)c2)c1,O=C(Cc1ccccc1)Nc1c(NCc2ccccc2)cnc2ccccc12,-2.19391511950083,0.09191176470588236,0.25274725274725274,0.25555555555555554,compound 1 (Fraunfelter 2023),WIDVPHSBAXLSEU-LJQANCHMSA-N,10.1021/acsinfecdis.3c00317,运行/运行/ATP-VSW/ATP-VSW-DOCK_HTVS_1-001_lib/ATP-VSW-DOCK_HTVS_1-001_lib
ATP-HTVS-DDD75C103081,34241,CN(c1ccccc1)c1ccc(C[NH2+]C[C@@H](C[NH+](C)C)c2ccc(Cl)cc2)cn1,c1ccc(CC[NH2+]Cc2ccc(Nc3ccccc3)nc2)cc1,-4.35008608882417,0.5557598039215687,0.18085106382978725,0.2682926829268293,WSA297,GXYVJEJKTGYEDL-UHFFFAOYSA-N,10.1021/acsomega.5c06380,运行/运行/ATP-VSW/ATP-VSW-DOCK_HTVS_1-001_lib/ATP-VSW-DOCK_HTVS_1-001_lib
ATP-HTVS-DDECBBA12C43,32899,CC[NH+](CC)Cc1ccccc1C[NH2+]Cc1c(-c2ccccc2)nn2ccccc12,c1ccc(C[NH2+]Cc2c(-c3ccccc3)nn3ccccc23)cc1,-3.84825256124743,0.35600490196078427,0.15789473684210525,0.23529411764705882,Ward2024 compound 17,UYSBYFPUEOTVDZ-UHFFFAOYSA-N,10.1021/acsmedchemlett.3c00480,运行/运行/ATP-VSW/ATP-VSW-DOCK_HTVS_1-003_lib/ATP-VSW-DOCK_HTVS_1-003_lib.mae
ATP-HTVS-DE3670B8C5ED,53473,Cc1ccc([C@H]([NH2+]Cc2ccc(OCc3ccccc3)c(OCc3ccccc3)c2)C(=O)[O-])cc1,c1ccc(C[NH2+]Cc2ccc(OCc3ccccc3)c(OCc3ccccc3)c2)cc1,-3.1188645256653,0.16727941176470584,0.2916666666666667,0.35294117647058826,compound 15 (Steed 2022),RIDDIWJTDCGXDH-NRFANRHFSA-N,10.1021/acsomega.2c03127,运行/运行/ATP-VSW/ATP-VSW-DOCK_HTVS_1-001_lib/ATP-VSW-DOCK_HTVS_1-001_lib
ATP-HTVS-DED96A59EB26,77315,CC[NH+](CC)Cc1cccc(CNc2cnc3ccccc3c2NC(=O)Cc2ccccc2OC)c1,O=C(Cc1ccccc1)Nc1c(NCc2ccccc2)cnc2ccccc12,-3.8615472601887,0.3602941176470589,0.2891566265060241,0.3048780487804878,compound 15 (Steed 2022),RIDDIWJTDCGXDH-NRFANRHFSA-N,10.1021/acsomega.2c03127,运行/运行/ATP-VSW/ATP-VSW-DOCK_HTVS_1-003_lib/ATP-VSW-DOCK_HTVS_1-003_lib.mae
ATP-HTVS-DF13A29C86DC,74403,C[NH+](C)Cc1ccc(CNc2cc3ccccc3nc2NC(=O)c2cccc(F)c2C#N)cc1,O=C(Nc1nc2ccccc2cc1NCc1ccccc1)c1ccccc1,-4.75652940885682,0.7408088235294117,0.27380952380952384,0.4,compound 1 (Fraunfelter 2023),WIDVPHSBAXLSEU-LJQANCHMSA-N,10.1021/acsinfecdis.3c00317,运行/运行/ATP-VSW/ATP-VSW-DOCK_HTVS_1-003_lib/ATP-VSW-DOCK_HTVS_1-003_lib.mae
ATP-HTVS-DF25A3EF4846,92450,C[NH+](C)Cc1ccc(Nc2ncccc2OCc2ccc(Br)cc2)cc1,c1ccc(COc2cccnc2Nc2ccccc2)cc1,-4.65282161841121,0.6966911764705883,0.1917808219178082,0.26153846153846155,compound 8 (Steed 2022),ROJPDORYZONAPF-UHFFFAOYSA-N,10.1021/acsomega.2c03127,运行/运行/ATP-VSW/ATP-VSW-DOCK_HTVS_1-002_lib.maegz
ATP-HTVS-DF2EF65723F2,77667,CN(Cc1sc2ccccc2c1NCc1ccc(C[NH+](C)C)cc1)C(=O)Cn1cccc1,O=C(Cn1cccc1)NCc1sc2ccccc2c1NCc1ccccc1,-4.00197921522981,0.41789215686274506,0.19230769230769232,0.2638888888888889,Ward2024 compound 1,DVUDEYVEBQKKMF-UHFFFAOYSA-N,10.1021/acsmedchemlett.3c00480,运行/运行/ATP-VSW/ATP-VSW-DOCK_HTVS_1-003_lib/ATP-VSW-DOCK_HTVS_1-003_lib.mae
ATP-HTVS-DF60AB231AB0,75491,C[NH2+]Cc1ccc(CNc2cnc(NC(=O)Cc3cccc(F)c3)c3ccccc23)cc1,O=C(Cc1ccccc1)Nc1ncc(NCc2ccccc2)c2ccccc12,-5.02117396049861,0.8321078431372549,0.25,0.25609756097560976,WSA298,IZWVLJVCXHHUOO-UHFFFAOYSA-N,10.1021/acsomega.5c06380,运行/运行/ATP-VSW/ATP-VSW-DOCK_HTVS_1-003_lib/ATP-VSW-DOCK_HTVS_1-003_lib.mae
ATP-HTVS-DF8AF7E8BFB3,30433,C[C@H](C[NH2+]C[C@@H]1c2ccccc2C(=O)N1Cc1ccccc1)c1ccccc1,O=C1c2ccccc2C(C[NH2+]CCc2ccccc2)N1Cc1ccccc1,-5.97841732994679,0.9736519607843137,0.18181818181818182,0.21518987341772153,compound 15 (Steed 2022),RIDDIWJTDCGXDH-NRFANRHFSA-N,10.1021/acsomega.2c03127,运行/运行/ATP-VSW/ATP-VSW-DOCK_HTVS_1-001_lib/ATP-VSW-DOCK_HTVS_1-001_lib
ATP-HTVS-DF95DE08029D,59970,O=C1CN(Cc2ccc(F)c(F)c2)[C@H](c2ccccc2F)c2cc(Cl)ccc2N1,O=C1CN(Cc2ccccc2)C(c2ccccc2)c2ccccc2N1,-1.58336500416447,0.0404411764705882,0.18823529411764706,0.18823529411764706,WSA298,IZWVLJVCXHHUOO-UHFFFAOYSA-N,10.1021/acsomega.5c06380,运行/运行/ATP-VSW/ATP-VSW-DOCK_HTVS_1-002_lib.maegz
ATP-HTVS-DF96FF74234A,32323,CC(=O)N(c1ccc(Cl)cc1)c1nc(C[NH2+]Cc2ccc(C[NH+](C)C)cc2)cs1,c1ccc(C[NH2+]Cc2csc(Nc3ccccc3)n2)cc1,-5.71357845935537,0.9522058823529411,0.18072289156626506,0.38095238095238093,compound 1 (Fraunfelter 2023),WIDVPHSBAXLSEU-LJQANCHMSA-N,10.1021/acsinfecdis.3c00317,运行/运行/ATP-VSW/ATP-VSW-DOCK_HTVS_1-003_lib/ATP-VSW-DOCK_HTVS_1-003_lib.mae
ATP-HTVS-DFB30BBC8B3D,65474,Cc1ccc(-c2nn(Cc3ccccc3)cc2C[NH2+]C[C@@H](c2cccnc2)N2CCCC2)cc1,c1ccc(Cn2cc(C[NH2+]CC(c3cccnc3)N3CCCC3)c(-c3ccccc3)n2)cc1,-4.03350461774628,0.4319852941176471,0.2857142857142857,0.36363636363636365,WSA280,XQBWCRMKNUAPEC-UHFFFAOYSA-N,10.1021/acsomega.5c06380,运行/运行/ATP-VSW/ATP-VSW-DOCK_HTVS_1-002_lib.maegz
ATP-HTVS-DFD60D9DE448,62242,[NH3+]Cc1ccccc1CNC(=O)c1oc2ccccc2c1CSc1ccccc1F,O=C(NCc1ccccc1)c1oc2ccccc2c1CSc1ccccc1,-4.57804859655042,0.6691176470588236,0.20930232558139536,0.20930232558139536,compound 19 (Steed 2022),DHQKBEDPXLHXAJ-OAQYLSRUSA-N,10.1021/acsomega.2c03127,运行/运行/ATP-VSW/ATP-VSW-DOCK_HTVS_1-002_lib.maegz
ATP-HTVS-DFE69C12D963,69825,CN(C(=O)c1sc2ccccc2c1NCc1cccc(C[NH+](C)C)c1)c1ccccc1C#N,O=C(Nc1ccccc1)c1sc2ccccc2c1NCc1ccccc1,-3.79268187707389,0.33149509803921573,0.18085106382978725,0.21518987341772153,compound 18 (Steed 2022),DCLANSSFVIGXHQ-OAQYLSRUSA-N,10.1021/acsomega.2c03127,运行/运行/ATP-VSW/ATP-VSW-DOCK_HTVS_1-001_lib/ATP-VSW-DOCK_HTVS_1-001_lib
ATP-HTVS-E0074D38582E,55073,O=C([O-])CCc1cccc(C[NH2+]Cc2cn(Cc3ccccc3)nc2-c2ccccc2)c1,c1ccc(C[NH2+]Cc2cn(Cc3ccccc3)nc2-c2ccccc2)cc1,-4.28399404678728,0.5257352941176471,0.2597402597402597,0.35714285714285715,WSA294,FPTVNOKSIHPUTA-UHFFFAOYSA-N,10.1021/acsomega.5c06380,运行/运行/ATP-VSW/ATP-VSW-DOCK_HTVS_1-001_lib/ATP-VSW-DOCK_HTVS_1-001_lib
ATP-HTVS-E00D3A602E3C,48993,CC(C)Nc1cccc(CNc2nc(NCCc3ccc(N)cc3)c3ccccc3[nH+]2)c1,c1ccc(CCNc2nc(NCc3ccccc3)[nH+]c3ccccc23)cc1,-3.76791451201623,0.3204656862745098,0.24390243902439024,0.28205128205128205,compound 15 (Steed 2022),RIDDIWJTDCGXDH-NRFANRHFSA-N,10.1021/acsomega.2c03127,运行/运行/ATP-VSW/ATP-VSW-DOCK_HTVS_1-001_lib/ATP-VSW-DOCK_HTVS_1-001_lib
ATP-HTVS-E027274C2018,1953,Cc1ccc([C@@H](O)CNc2cc(-c3cccnc3)[nH+]c3ccc(F)cc23)cc1,c1ccc(CCNc2cc(-c3cccnc3)[nH+]c3ccccc23)cc1,-4.22789681101212,0.4993872549019608,0.19540229885057472,0.20930232558139536,WSA280,XQBWCRMKNUAPEC-UHFFFAOYSA-N,10.1021/acsomega.5c06380,运行/运行/ATP-VSW/ATP-VSW-DOCK_HTVS_1-001_lib/ATP-VSW-DOCK_HTVS_1-001_lib
ATP-HTVS-E0444895C82B,63873,Cc1cc(CNc2nc3ccccc3nc2NCc2cccc(C[NH+](C)C)c2)ccc1N,c1ccc(CNc2nc3ccccc3nc2NCc2ccccc2)cc1,-4.46030894923791,0.6084558823529411,0.24242424242424243,0.36666666666666664,Ward2024 compound 1,DVUDEYVEBQKKMF-UHFFFAOYSA-N,10.1021/acsmedchemlett.3c00480,运行/运行/ATP-VSW/ATP-VSW-DOCK_HTVS_1-001_lib/ATP-VSW-DOCK_HTVS_1-001_lib
ATP-HTVS-E05E864FAEC7,61057,COc1cccc(OC)c1C[NH2+]C[C@H]1c2ccccc2C(=O)N1Cc1ccccc1,O=C1c2ccccc2C(C[NH2+]Cc2ccccc2)N1Cc1ccccc1,-4.04070251326538,0.43566176470588236,0.20454545454545456,0.25882352941176473,WSA297,GXYVJEJKTGYEDL-UHFFFAOYSA-N,10.1021/acsomega.5c06380,运行/运行/ATP-VSW/ATP-VSW-DOCK_HTVS_1-001_lib/ATP-VSW-DOCK_HTVS_1-001_lib
ATP-HTVS-E0849D225AC7,3554,Cc1ccc(NC(=O)COc2ccc3ccccc3c2C(=O)N(C)c2ccccc2)cc1,O=C(COc1ccc2ccccc2c1C(=O)Nc1ccccc1)Nc1ccccc1,-4.39783568323463,0.5778186274509804,0.25675675675675674,0.2631578947368421,compound 8 (Steed 2022),ROJPDORYZONAPF-UHFFFAOYSA-N,10.1021/acsomega.2c03127,运行/运行/ATP-VSW/ATP-VSW-DOCK_HTVS_1-002_lib.maegz
ATP-HTVS-E08CF4D489F1,75427,[NH3+]CCNc1ccc(Nc2[nH+]c(-c3ccc(Cl)cc3)cn2/N=C/c2ccccc2)cc1,C(=Nn1cc(-c2ccccc2)[nH+]c1Nc1ccccc1)c1ccccc1,-5.31324249686981,0.8958333333333334,0.15555555555555556,0.15730337078651685,WSA298,IZWVLJVCXHHUOO-UHFFFAOYSA-N,10.1021/acsomega.5c06380,运行/运行/ATP-VSW/ATP-VSW-DOCK_HTVS_1-003_lib/ATP-VSW-DOCK_HTVS_1-003_lib.mae
ATP-HTVS-E08F75BAC913,81122,COC(=O)c1cc(F)cc(C(=O)Nc2c(NCc3ccc(C[NH+](C)C)cc3)cnc3ccccc23)c1,O=C(Nc1c(NCc2ccccc2)cnc2ccccc12)c1ccccc1,-3.00245958119247,0.15808823529411764,0.27058823529411763,0.32,compound 1 (Fraunfelter 2023),WIDVPHSBAXLSEU-LJQANCHMSA-N,10.1021/acsinfecdis.3c00317,运行/运行/ATP-VSW/ATP-VSW-DOCK_HTVS_1-002_lib.maegz
ATP-HTVS-E0D09F3A28CB,93633,C[NH+]1CCN(c2ccccc2CNc2cccc([C@@H](C#N)c3ccccc3)n2)CC1,c1ccc(Cc2cccc(NCc3ccccc3N3CC[NH2+]CC3)n2)cc1,-4.91671011948012,0.7935049019607843,0.21951219512195122,0.2894736842105263,WSA249,YEMLSUARMQTHJO-UHFFFAOYSA-N,10.1002/cmdc.202400952,运行/运行/ATP-VSW/ATP-VSW-DOCK_HTVS_1-001_lib/ATP-VSW-DOCK_HTVS_1-001_lib
ATP-HTVS-E0E8748999A4,82849,C[NH+](C)Cc1ccc(CNc2cnc3ccccc3c2NC(=O)Cc2cccc(Cl)n2)cc1,O=C(Cc1ccccn1)Nc1c(NCc2ccccc2)cnc2ccccc12,-4.79768009667288,0.7579656862745098,0.25925925925925924,0.3287671232876712,compound 8 (Steed 2022),ROJPDORYZONAPF-UHFFFAOYSA-N,10.1021/acsomega.2c03127,运行/运行/ATP-VSW/ATP-VSW-DOCK_HTVS_1-001_lib/ATP-VSW-DOCK_HTVS_1-001_lib
ATP-HTVS-E124973F868C,75906,CN(Cc1sc2ccccc2c1NCc1ccc(C[NH+](C)C)cc1)C(=O)c1cccc(F)c1C#N,O=C(NCc1sc2ccccc2c1NCc1ccccc1)c1ccccc1,-5.38528221036345,0.9087009803921569,0.18604651162790697,0.25316455696202533,Ward2024 compound 1,DVUDEYVEBQKKMF-UHFFFAOYSA-N,10.1021/acsmedchemlett.3c00480,运行/运行/ATP-VSW/ATP-VSW-DOCK_HTVS_1-002_lib.maegz
ATP-HTVS-E14A9B461B4E,20705,Cc1c(F)cccc1-c1cc(CC[NH2+]Cc2ccccc2)n(C(=O)[C@@](C)(N)c2ccccc2)n1,O=C(Cc1ccccc1)n1nc(-c2ccccc2)cc1CC[NH2+]Cc1ccccc1,-6.20297626676873,0.9871323529411765,0.1956521739130435,0.2625,WSA236,CJWSCOKTAUPKHM-UHFFFAOYSA-N,10.1002/cmdc.202400952,运行/运行/ATP-VSW/ATP-VSW-DOCK_HTVS_1-001_lib/ATP-VSW-DOCK_HTVS_1-001_lib
ATP-HTVS-E1C245C409AF,78465,C#Cc1cccc(C(=O)N(C)Cc2sc3ccccc3c2NCc2ccc(NCCO)cc2)c1,O=C(NCc1sc2ccccc2c1NCc1ccccc1)c1ccccc1,-3.15659262772222,0.1734068627450981,0.18888888888888888,0.18888888888888888,compound 8 (Steed 2022),ROJPDORYZONAPF-UHFFFAOYSA-N,10.1021/acsomega.2c03127,运行/运行/ATP-VSW/ATP-VSW-DOCK_HTVS_1-001_lib/ATP-VSW-DOCK_HTVS_1-001_lib
ATP-HTVS-E1C6EE43BDB1,58563,CNc1ccc(CNc2nc3ccccc3nc2N(C)Cc2ccc(C[NH+](C)C)cc2)cc1,c1ccc(CNc2nc3ccccc3nc2NCc2ccccc2)cc1,-4.2350556188793,0.5024509803921569,0.3230769230769231,0.41379310344827586,Ward2024 compound 1,DVUDEYVEBQKKMF-UHFFFAOYSA-N,10.1021/acsmedchemlett.3c00480,运行/运行/ATP-VSW/ATP-VSW-DOCK_HTVS_1-003_lib/ATP-VSW-DOCK_HTVS_1-003_lib.mae
ATP-HTVS-E1CE322086D6,92705,C[C@H](C#N)N(c1ccccc1)c1c(NC(=O)c2cccc([S-])c2)c[nH+]c2ccccc12,O=C(Nc1c[nH+]c2ccccc2c1Nc1ccccc1)c1ccccc1,-2.99405186690572,0.1556372549019608,0.20930232558139536,0.2261904761904762,compound 15 (Steed 2022),RIDDIWJTDCGXDH-NRFANRHFSA-N,10.1021/acsomega.2c03127,运行/运行/ATP-VSW/ATP-VSW-DOCK_HTVS_1-001_lib/ATP-VSW-DOCK_HTVS_1-001_lib
ATP-HTVS-E1EEBF193F90,39106,C[NH+](C)Cc1cccc(CNc2nc(NCc3c(F)cccc3Br)c3ccccc3[nH+]2)c1,c1ccc(CNc2nc(NCc3ccccc3)c3ccccc3[nH+]2)cc1,-3.90988889867968,0.37745098039215685,0.19101123595505617,0.3142857142857143,WSA257,NLTZNXHLSWPGMA-UHFFFAOYSA-N,10.1002/cmdc.202400952,运行/运行/ATP-VSW/ATP-VSW-DOCK_HTVS_1-002_lib.maegz
ATP-HTVS-E2020C00AE4E,70850,Cc1ccccc1CC(=O)Nc1cnc2ccccc2c1N(CC#N)c1ccccc1,O=C(Cc1ccccc1)Nc1cnc2ccccc2c1Nc1ccccc1,-3.76574555444761,0.31862745098039214,0.25316455696202533,0.2692307692307692,compound 15 (Steed 2022),RIDDIWJTDCGXDH-NRFANRHFSA-N,10.1021/acsomega.2c03127,运行/运行/ATP-VSW/ATP-VSW-DOCK_HTVS_1-002_lib.maegz
ATP-HTVS-E20398B5FF99,20961,C[C@@](N)(C(=O)n1nc(-c2ccccn2)cc1CC[NH2+]Cc1ccccc1)c1ccccc1,O=C(Cc1ccccc1)n1nc(-c2ccccn2)cc1CC[NH2+]Cc1ccccc1,-3.85077388713946,0.3566176470588235,0.20481927710843373,0.25,compound 15 (Steed 2022),RIDDIWJTDCGXDH-NRFANRHFSA-N,10.1021/acsomega.2c03127,运行/运行/ATP-VSW/ATP-VSW-DOCK_HTVS_1-001_lib/ATP-VSW-DOCK_HTVS_1-001_lib
ATP-HTVS-E22DE85EEE62,82273,OCCNc1ccc(CNc2[nH+]c(CO)ccc2OCc2ccccc2)cc1,c1ccc(CNc2[nH+]cccc2OCc2ccccc2)cc1,-4.66828346953391,0.7022058823529411,0.24,0.273972602739726,compound 15 (Steed 2022),RIDDIWJTDCGXDH-NRFANRHFSA-N,10.1021/acsomega.2c03127,运行/运行/ATP-VSW/ATP-VSW-DOCK_HTVS_1-001_lib/ATP-VSW-DOCK_HTVS_1-001_lib
ATP-HTVS-E2321FC28CB2,69889,C[NH+](C)Cc1ccc(CNc2nc3ccccc3nc2-c2ccccc2)cc1,c1ccc(CNc2nc3ccccc3nc2-c2ccccc2)cc1,-4.0080424672651,0.42156862745098034,0.26229508196721313,0.42592592592592593,Ward2024 compound 1,DVUDEYVEBQKKMF-UHFFFAOYSA-N,10.1021/acsmedchemlett.3c00480,运行/运行/ATP-VSW/ATP-VSW-DOCK_HTVS_1-001_lib/ATP-VSW-DOCK_HTVS_1-001_lib
ATP-HTVS-E2660D394356,62850,CC(C)[NH2+]c1ccc(CNc2nc(NC[C@@H](CO)c3cccc(F)c3)c3ccccc3[nH+]2)cc1,c1ccc(CCNc2nc(NCc3ccccc3)[nH+]c3ccccc23)cc1,-4.45302527368801,0.6047794117647058,0.21348314606741572,0.23529411764705882,compound 15 (Steed 2022),RIDDIWJTDCGXDH-NRFANRHFSA-N,10.1021/acsomega.2c03127,运行/运行/ATP-VSW/ATP-VSW-DOCK_HTVS_1-002_lib.maegz
ATP-HTVS-E27332E37A66,84834,CN(C)[C@H](C(=O)Nc1nc2ccccc2cc1N(C)[C@H](C#N)c1ccccc1)c1ccc(Cl)cc1,O=C(Cc1ccccc1)Nc1nc2ccccc2cc1NCc1ccccc1,-4.06971303384061,0.4424019607843137,0.25609756097560976,0.25316455696202533,compound 15 (Steed 2022),RIDDIWJTDCGXDH-NRFANRHFSA-N,10.1021/acsomega.2c03127,运行/运行/ATP-VSW/ATP-VSW-DOCK_HTVS_1-002_lib.maegz
ATP-HTVS-E298C966C019,61537,Cc1cc(N)ccc1CNc1nc(NCc2ccc(C[NH+](C)C)cc2)[nH+]c2ccccc12,c1ccc(CNc2nc(NCc3ccccc3)c3ccccc3[nH+]2)cc1,-4.6360237373466,0.6899509803921569,0.21686746987951808,0.38461538461538464,compound 1 (Fraunfelter 2023),WIDVPHSBAXLSEU-LJQANCHMSA-N,10.1021/acsinfecdis.3c00317,运行/运行/ATP-VSW/ATP-VSW-DOCK_HTVS_1-001_lib/ATP-VSW-DOCK_HTVS_1-001_lib
ATP-HTVS-E2A28C61F774,89313,C[NH+](C)Cc1ccccc1C(=O)Nc1nc2ccccc2cc1N/C(=C\C#N)c1ccc(Cl)cc1,C=C(Nc1cc2ccccc2nc1NC(=O)c1ccccc1)c1ccccc1,-3.74761987849398,0.3082107843137255,0.25301204819277107,0.2894736842105263,compound 8 (Steed 2022),ROJPDORYZONAPF-UHFFFAOYSA-N,10.1021/acsomega.2c03127,运行/运行/ATP-VSW/ATP-VSW-DOCK_HTVS_1-001_lib/ATP-VSW-DOCK_HTVS_1-001_lib
ATP-HTVS-E2AE692EC3A5,69985,CN(c1cc2ccccc2nc1NC(=O)c1ccc(C[NH+](C)C)cc1)[C@H](C#N)c1ccccc1,O=C(Nc1nc2ccccc2cc1NCc1ccccc1)c1ccccc1,-4.18650402862766,0.4834558823529411,0.28205128205128205,0.36231884057971014,Ward2024 compound 6,LKLACXNGVWXYAW-UHFFFAOYSA-N,10.1021/acsmedchemlett.3c00480,运行/运行/ATP-VSW/ATP-VSW-DOCK_HTVS_1-001_lib/ATP-VSW-DOCK_HTVS_1-001_lib
ATP-HTVS-E2D3668E21DF,35265,Cc1cc(N)cc(CNc2nc(NCCc3ccc(C[NH+](C)C)cc3)c3ccccc3[nH+]2)c1,c1ccc(CCNc2nc(NCc3ccccc3)[nH+]c3ccccc23)cc1,-3.58715888640679,0.25735294117647056,0.19318181818181818,0.3333333333333333,WSA280,XQBWCRMKNUAPEC-UHFFFAOYSA-N,10.1021/acsomega.5c06380,运行/运行/ATP-VSW/ATP-VSW-DOCK_HTVS_1-001_lib/ATP-VSW-DOCK_HTVS_1-001_lib
ATP-HTVS-E317819F970C,32035,C[NH+](C)Cc1cccc(CNc2nc(NCc3cc(F)cc(F)c3)c3ccccc3n2)c1,c1ccc(CNc2nc(NCc3ccccc3)c3ccccc3n2)cc1,-2.380741576248,0.1072303921568627,0.2375,0.34375,WSA236,CJWSCOKTAUPKHM-UHFFFAOYSA-N,10.1002/cmdc.202400952,运行/运行/ATP-VSW/ATP-VSW-DOCK_HTVS_1-003_lib/ATP-VSW-DOCK_HTVS_1-003_lib.mae
ATP-HTVS-E340B301DB22,93474,C[NH+](C)Cc1ccc(CNc2cc(Cl)sc2C(=O)N[C@@H](C#N)c2ccc(F)cc2)cc1,O=C(NCc1ccccc1)c1sccc1NCc1ccccc1,-4.88086551481484,0.7806372549019608,0.18681318681318682,0.24675324675324675,WSA298,IZWVLJVCXHHUOO-UHFFFAOYSA-N,10.1021/acsomega.5c06380,运行/运行/ATP-VSW/ATP-VSW-DOCK_HTVS_1-002_lib.maegz
ATP-HTVS-E35DF7DBF452,50818,O=C(NCc1ccccc1NCCO)Nc1[nH+]c2ccccc2n1CCCc1ccccc1,O=C(NCc1ccccc1)Nc1[nH+]c2ccccc2n1CCCc1ccccc1,-4.3975102751983,0.5772058823529411,0.18604651162790697,0.24096385542168675,WSA250,SSOJQSHUAQGPLD-UHFFFAOYSA-N,10.1002/cmdc.202400952,运行/运行/ATP-VSW/ATP-VSW-DOCK_HTVS_1-002_lib.maegz
ATP-HTVS-E366C71D7075,82403,CC[NH+](CC)[C@H](C(=O)Nc1c(N(C)[C@@H](C#N)c2ccccc2)cnc2ccccc12)c1ccccc1,O=C(Cc1ccccc1)Nc1c(NCc2ccccc2)cnc2ccccc12,-4.42124865920338,0.5876225490196079,0.21428571428571427,0.20454545454545456,compound 15 (Steed 2022),RIDDIWJTDCGXDH-NRFANRHFSA-N,10.1021/acsomega.2c03127,运行/运行/ATP-VSW/ATP-VSW-DOCK_HTVS_1-003_lib/ATP-VSW-DOCK_HTVS_1-003_lib.mae
ATP-HTVS-E381363CD12F,95042,C[C@@H](C#N)N(c1ccccc1)c1c(C(=O)N(CC[NH+](C)C)c2ccccc2)cnc2ccc(F)cc12,O=C(Nc1ccccc1)c1cnc2ccccc2c1Nc1ccccc1,-4.60702306309411,0.6801470588235294,0.22727272727272727,0.24096385542168675,compound 15 (Steed 2022),RIDDIWJTDCGXDH-NRFANRHFSA-N,10.1021/acsomega.2c03127,运行/运行/ATP-VSW/ATP-VSW-DOCK_HTVS_1-003_lib/ATP-VSW-DOCK_HTVS_1-003_lib.mae
ATP-HTVS-E38D6BC47DFC,96385,C#Cc1ccc(C[C@@H](Nc2cnc3ccccc3c2NC(=O)Cc2ccccc2)C(=O)[O-])cc1,O=C(Cc1ccccc1)Nc1c(NCCc2ccccc2)cnc2ccccc12,-3.9129454134309,0.3786764705882353,0.2682926829268293,0.2625,compound 1 (Fraunfelter 2023),WIDVPHSBAXLSEU-LJQANCHMSA-N,10.1021/acsinfecdis.3c00317,运行/运行/ATP-VSW/ATP-VSW-DOCK_HTVS_1-001_lib/ATP-VSW-DOCK_HTVS_1-001_lib
ATP-HTVS-E3DAAD165412,4865,Cc1ccc([C@@H](CNC(=O)c2cn(CCc3ccccc3)c3ccccc3c2=O)[NH+](C)C)cc1,O=C(NCCc1ccccc1)c1cn(CCc2ccccc2)c2ccccc2c1=O,-3.81299423918562,0.3394607843137255,0.22093023255813954,0.2235294117647059,WSA280,XQBWCRMKNUAPEC-UHFFFAOYSA-N,10.1021/acsomega.5c06380,运行/运行/ATP-VSW/ATP-VSW-DOCK_HTVS_1-001_lib/ATP-VSW-DOCK_HTVS_1-001_lib
ATP-HTVS-E3E3C457ADC4,20867,[NH3+][C@H](Cc1ccc(O)cc1)c1nc2ccccc2n1/C=C/c1ccccn1,C(=Cn1c(CCc2ccccc2)nc2ccccc21)c1ccccn1,-6.02590230095753,0.9754901960784313,0.25,0.2702702702702703,compound 1 (Fraunfelter 2023),WIDVPHSBAXLSEU-LJQANCHMSA-N,10.1021/acsinfecdis.3c00317,运行/运行/ATP-VSW/ATP-VSW-DOCK_HTVS_1-003_lib/ATP-VSW-DOCK_HTVS_1-003_lib.mae
ATP-HTVS-E4024F0AB59A,22913,COc1cc(CC[NH2+][C@H](C)c2ccc(CN(C)C)cc2)c(OC)c2ccccc12,c1ccc(C[NH2+]CCc2ccc3ccccc3c2)cc1,-3.24827750228818,0.18933823529411764,0.26865671641791045,0.3076923076923077,Ward2024 compound 1,DVUDEYVEBQKKMF-UHFFFAOYSA-N,10.1021/acsmedchemlett.3c00480,运行/运行/ATP-VSW/ATP-VSW-DOCK_HTVS_1-001_lib/ATP-VSW-DOCK_HTVS_1-001_lib
ATP-HTVS-E41D62FB159D,67521,CC[N@H+](C)Cc1cccc(CNc2nc(NCc3ccc(CCO)cc3)c3ccccc3[nH+]2)c1,c1ccc(CNc2nc(NCc3ccccc3)c3ccccc3[nH+]2)cc1,-3.68823270883204,0.28799019607843135,0.21839080459770116,0.28169014084507044,WSA236,CJWSCOKTAUPKHM-UHFFFAOYSA-N,10.1002/cmdc.202400952,运行/运行/ATP-VSW/ATP-VSW-DOCK_HTVS_1-001_lib/ATP-VSW-DOCK_HTVS_1-001_lib
ATP-HTVS-E4A79D64766C,52865,C[NH+](C)Cc1cc(CNc2nc(NCc3cccc(CO)c3)c3ccccc3[nH+]2)ccc1F,c1ccc(CNc2nc(NCc3ccccc3)c3ccccc3[nH+]2)cc1,-4.46919804041955,0.6121323529411764,0.2375,0.3382352941176471,compound 8 (Steed 2022),ROJPDORYZONAPF-UHFFFAOYSA-N,10.1021/acsomega.2c03127,运行/运行/ATP-VSW/ATP-VSW-DOCK_HTVS_1-001_lib/ATP-VSW-DOCK_HTVS_1-001_lib
ATP-HTVS-E4F433E7DDB9,59170,C[NH+](C)Cc1cc(F)ccc1C[NH2+]Cc1c(-c2ccccc2)nc2ncccn12,c1ccc(C[NH2+]Cc2c(-c3ccccc3)nc3ncccn23)cc1,-4.90464186367557,0.7892156862745098,0.23255813953488372,0.34328358208955223,WSA298,IZWVLJVCXHHUOO-UHFFFAOYSA-N,10.1021/acsomega.5c06380,运行/运行/ATP-VSW/ATP-VSW-DOCK_HTVS_1-002_lib.maegz
ATP-HTVS-E4F9B23534EC,95617,CN(C)Cc1ccc(C(=O)Nc2ccc([C@H](C#N)c3ccccc3)c(-c3cccc(F)c3O)c2)cc1,O=C(Nc1ccc(Cc2ccccc2)c(-c2ccccc2)c1)c1ccccc1,-3.51572361824398,0.2365196078431373,0.25,0.25,Ward2024 compound 1,DVUDEYVEBQKKMF-UHFFFAOYSA-N,10.1021/acsmedchemlett.3c00480,运行/运行/ATP-VSW/ATP-VSW-DOCK_HTVS_1-001_lib/ATP-VSW-DOCK_HTVS_1-001_lib
ATP-HTVS-E50B3258D66C,64642,CN(C)Cc1ccc(CCNc2nc(NCc3ccc4c(c3)OCO4)c3ccccc3[nH+]2)cc1,c1ccc(CCNc2nc(NCc3ccc4c(c3)OCO4)c3ccccc3[nH+]2)cc1,-2.4636696100415,0.11642156862745101,0.3055555555555556,0.34782608695652173,Ward2024 compound 1,DVUDEYVEBQKKMF-UHFFFAOYSA-N,10.1021/acsmedchemlett.3c00480,运行/运行/ATP-VSW/ATP-VSW-DOCK_HTVS_1-002_lib.maegz
ATP-HTVS-E5267662EBE5,71810,COc1ccccc1C(=O)Nc1c(NCc2ccc(C[NH+](C)C)cc2)cnc2ccccc12,O=C(Nc1c(NCc2ccccc2)cnc2ccccc12)c1ccccc1,-3.62888426083183,0.26960784313725494,0.25882352941176473,0.3055555555555556,compound 18 (Steed 2022),DCLANSSFVIGXHQ-OAQYLSRUSA-N,10.1021/acsomega.2c03127,运行/运行/ATP-VSW/ATP-VSW-DOCK_HTVS_1-002_lib.maegz
ATP-HTVS-E53927646B4E,32802,CC(=O)Nc1ccccc1C[NH2+]C[C@H]1c2ccccc2C(=O)N1Cc1ccccc1,O=C1c2ccccc2C(C[NH2+]Cc2ccccc2)N1Cc1ccccc1,-4.30726377424627,0.5343137254901961,0.18823529411764706,0.21686746987951808,WSA236,CJWSCOKTAUPKHM-UHFFFAOYSA-N,10.1002/cmdc.202400952,运行/运行/ATP-VSW/ATP-VSW-DOCK_HTVS_1-002_lib.maegz
ATP-HTVS-E53B79A527AF,80129,Cc1ccccc1CCC(=O)Nc1cnc2ccccc2c1N(C#N)c1ccccc1,O=C(CCc1ccccc1)Nc1cnc2ccccc2c1Nc1ccccc1,-3.45286661265263,0.2236519607843137,0.24358974358974358,0.24358974358974358,Ward2024 compound 19,PXXYITLVUSHXPN-UHFFFAOYSA-N,10.1021/acsmedchemlett.3c00480,运行/运行/ATP-VSW/ATP-VSW-DOCK_HTVS_1-001_lib/ATP-VSW-DOCK_HTVS_1-001_lib
ATP-HTVS-E5655BB07D18,88386,CN(C)Cc1ccccc1C(=O)Nc1c[nH+]c2ccccc2c1N(C)Cc1ccc(F)cc1,O=C(Nc1c[nH+]c2ccccc2c1NCc1ccccc1)c1ccccc1,-2.40295274839722,0.10968137254901966,0.24,0.30985915492957744,Ward2024 compound 1,DVUDEYVEBQKKMF-UHFFFAOYSA-N,10.1021/acsmedchemlett.3c00480,运行/运行/ATP-VSW/ATP-VSW-DOCK_HTVS_1-002_lib.maegz
ATP-HTVS-E5C360ABD75A,8321,CC[NH+](CC)Cc1cccc(NC(=O)c2cn(Cc3ccccc3)c(=O)c3ccccc23)c1,O=C(Nc1ccccc1)c1cn(Cc2ccccc2)c(=O)c2ccccc12,-3.52526447251425,0.2408088235294118,0.1875,0.1951219512195122,compound 8 (Steed 2022),ROJPDORYZONAPF-UHFFFAOYSA-N,10.1021/acsomega.2c03127,运行/运行/ATP-VSW/ATP-VSW-DOCK_HTVS_1-001_lib/ATP-VSW-DOCK_HTVS_1-001_lib
ATP-HTVS-E60052B60ACE,93731,C[NH2+]Cc1ccc(N2CC(=O)Nc3ccccc3[C@H]2c2ccccc2)cc1,O=C1CN(c2ccccc2)C(c2ccccc2)c2ccccc2N1,-3.64853374409515,0.27389705882352944,0.16666666666666666,0.2,WSA298,IZWVLJVCXHHUOO-UHFFFAOYSA-N,10.1021/acsomega.5c06380,运行/运行/ATP-VSW/ATP-VSW-DOCK_HTVS_1-003_lib/ATP-VSW-DOCK_HTVS_1-003_lib.mae
ATP-HTVS-E624AA265EBA,86593,C[NH2+]CC[C@@H](N[C@@H](C)c1cc2cccc(Cl)c2c(=O)n1-c1ccccc1)c1ccccc1,O=c1c2ccccc2cc(CNCc2ccccc2)n1-c1ccccc1,-4.86913996148569,0.7757352941176471,0.19047619047619047,0.17857142857142858,WSA249,YEMLSUARMQTHJO-UHFFFAOYSA-N,10.1002/cmdc.202400952,运行/运行/ATP-VSW/ATP-VSW-DOCK_HTVS_1-001_lib/ATP-VSW-DOCK_HTVS_1-001_lib
ATP-HTVS-E6B57BB86B33,99617,C#Cc1ccc(NC(=O)Cc2cc(NCc3ccc(C[NH+](C)C)cc3)cs2)cc1,O=C(Cc1cc(NCc2ccccc2)cs1)Nc1ccccc1,-3.67945981059551,0.28431372549019607,0.23376623376623376,0.2714285714285714,compound 8 (Steed 2022),ROJPDORYZONAPF-UHFFFAOYSA-N,10.1021/acsomega.2c03127,运行/运行/ATP-VSW/ATP-VSW-DOCK_HTVS_1-002_lib.maegz
ATP-HTVS-E6C07A7730FF,89954,CC[NH+](CC)Cc1ccc(CNc2c(NC(=O)c3ccc(C(=O)OC)cc3)c[nH+]c3ccccc23)cc1,O=C(Nc1c[nH+]c2ccccc2c1NCc1ccccc1)c1ccccc1,-4.87965236205765,0.7800245098039216,0.20481927710843373,0.24096385542168675,compound 8 (Steed 2022),ROJPDORYZONAPF-UHFFFAOYSA-N,10.1021/acsomega.2c03127,运行/运行/ATP-VSW/ATP-VSW-DOCK_HTVS_1-002_lib.maegz
ATP-HTVS-E6E3A92D5598,89731,C[NH+](C)Cc1cccc(CNc2csc(CC(=O)Nc3ccccc3F)c2)c1,O=C(Cc1cc(NCc2ccccc2)cs1)Nc1ccccc1,-4.49457141831627,0.625,0.2125,0.2602739726027397,compound 8 (Steed 2022),ROJPDORYZONAPF-UHFFFAOYSA-N,10.1021/acsomega.2c03127,运行/运行/ATP-VSW/ATP-VSW-DOCK_HTVS_1-003_lib/ATP-VSW-DOCK_HTVS_1-003_lib.mae
ATP-HTVS-E6F8A3974F14,60291,CC(C)Nc1cccc(CNC(=O)N[C@@H](Cc2ccccc2)c2nc3ccccc3o2)c1,O=C(NCc1ccccc1)NC(Cc1ccccc1)c1nc2ccccc2o1,-4.53541760878247,0.6464460784313726,0.275,0.27848101265822783,compound 15 (Steed 2022),RIDDIWJTDCGXDH-NRFANRHFSA-N,10.1021/acsomega.2c03127,运行/运行/ATP-VSW/ATP-VSW-DOCK_HTVS_1-003_lib/ATP-VSW-DOCK_HTVS_1-003_lib.mae
ATP-HTVS-E71202E475AE,88195,Cc1cc(OCc2ccccc2)ncc1NC(=O)Nc1ccccc1C[NH+](C)C,O=C(Nc1ccccc1)Nc1ccc(OCc2ccccc2)nc1,-6.19841322737428,0.9865196078431373,0.3013698630136986,0.3194444444444444,compound 15 (Steed 2022),RIDDIWJTDCGXDH-NRFANRHFSA-N,10.1021/acsomega.2c03127,运行/运行/ATP-VSW/ATP-VSW-DOCK_HTVS_1-003_lib/ATP-VSW-DOCK_HTVS_1-003_lib.mae
ATP-HTVS-E78B37070E90,57507,CCc1ccccc1C[NH2+]CCc1nc2ccccc2n1-c1ccccc1,c1ccc(C[NH2+]CCc2nc3ccccc3n2-c2ccccc2)cc1,-4.06093430256796,0.44056372549019607,0.2112676056338028,0.3333333333333333,compound 8 (Steed 2022),ROJPDORYZONAPF-UHFFFAOYSA-N,10.1021/acsomega.2c03127,运行/运行/ATP-VSW/ATP-VSW-DOCK_HTVS_1-003_lib/ATP-VSW-DOCK_HTVS_1-003_lib.mae
ATP-HTVS-E79C34F2E4E5,5313,CCN(CC)[C@H](CNC(=O)c1cc(=O)c2ccccc2n1Cc1cccc(OC)c1)c1ccc(C)cc1,O=C(NCCc1ccccc1)c1cc(=O)c2ccccc2n1Cc1ccccc1,-1.57894444888753,0.039215686274509776,0.21428571428571427,0.21649484536082475,WSA296,HCBCVTVDQQQYPH-UHFFFAOYSA-N,10.1021/acsomega.5c06380,运行/运行/ATP-VSW/ATP-VSW-DOCK_HTVS_1-001_lib/ATP-VSW-DOCK_HTVS_1-001_lib
ATP-HTVS-E7B44E0E6F2B,46529,C[NH2+]Cc1ccccc1CNc1nc(NCc2ccccc2)c2ccccc2[nH+]1,c1ccc(CNc2nc(NCc3ccccc3)c3ccccc3[nH+]2)cc1,-5.76445509076332,0.960171568627451,0.22857142857142856,0.2698412698412698,Ward2024 compound 6,LKLACXNGVWXYAW-UHFFFAOYSA-N,10.1021/acsmedchemlett.3c00480,运行/运行/ATP-VSW/ATP-VSW-DOCK_HTVS_1-001_lib/ATP-VSW-DOCK_HTVS_1-001_lib
ATP-HTVS-E7CE93BF7585,40738,COc1cccc(CN2CC(=O)Nc3ccccc3[C@@H]2c2ccccc2)c1,O=C1CN(Cc2ccccc2)C(c2ccccc2)c2ccccc2N1,-1.64839354279438,0.04718137254901966,0.23809523809523808,0.23809523809523808,WSA296,HCBCVTVDQQQYPH-UHFFFAOYSA-N,10.1021/acsomega.5c06380,运行/运行/ATP-VSW/ATP-VSW-DOCK_HTVS_1-002_lib.maegz
ATP-HTVS-E7DA22DA6C24,30626,CC(C)Nc1ccc(CNc2nc(N(C)Cc3ccccc3S(N)(=O)=O)c3ccccc3[nH+]2)cc1,c1ccc(CNc2nc(NCc3ccccc3)c3ccccc3[nH+]2)cc1,-4.08974936083922,0.4522058823529411,0.22784810126582278,0.26666666666666666,Ward2024 compound 1,DVUDEYVEBQKKMF-UHFFFAOYSA-N,10.1021/acsmedchemlett.3c00480,运行/运行/ATP-VSW/ATP-VSW-DOCK_HTVS_1-002_lib.maegz
ATP-HTVS-E80053830AA7,51267,C[NH+](C)Cc1cccc(CO/N=C(/N)c2cn(Cc3ccccc3)nn2)c1,C(=NOCc1ccccc1)c1cn(Cc2ccccc2)nn1,-5.71676491929545,0.9534313725490196,0.2235294117647059,0.2463768115942029,WSA296,HCBCVTVDQQQYPH-UHFFFAOYSA-N,10.1021/acsomega.5c06380,运行/运行/ATP-VSW/ATP-VSW-DOCK_HTVS_1-003_lib/ATP-VSW-DOCK_HTVS_1-003_lib.mae
ATP-HTVS-E80A62EE0257,22690,CN(C)Cc1ccc(CC[NH2+]Cc2cn(-c3ccccc3)nc2-c2ccccc2)cc1,c1ccc(CC[NH2+]Cc2cn(-c3ccccc3)nc2-c2ccccc2)cc1,-3.61534941826967,0.26531862745098034,0.26865671641791045,0.3387096774193548,Ward2024 compound 1,DVUDEYVEBQKKMF-UHFFFAOYSA-N,10.1021/acsmedchemlett.3c00480,运行/运行/ATP-VSW/ATP-VSW-DOCK_HTVS_1-002_lib.maegz
ATP-HTVS-E82D7E524403,38786,C[NH+](C)Cc1cccc(CNc2nc(NCc3ccc(N)cc3Cl)[nH+]c3ccccc23)c1,c1ccc(CNc2nc(NCc3ccccc3)c3ccccc3[nH+]2)cc1,-5.12016903990044,0.8572303921568627,0.20987654320987653,0.30985915492957744,Ward2024 compound 6,LKLACXNGVWXYAW-UHFFFAOYSA-N,10.1021/acsmedchemlett.3c00480,运行/运行/ATP-VSW/ATP-VSW-DOCK_HTVS_1-002_lib.maegz
ATP-HTVS-E85A4EEDAC38,71681,C[NH+](C)Cc1cccc(CNc2cnc3ccccc3c2NC(=O)c2cc(F)cc(Cl)c2)c1,O=C(Nc1c(NCc2ccccc2)cnc2ccccc12)c1ccccc1,-4.5976362464148,0.6758578431372548,0.23863636363636365,0.28205128205128205,compound 1 (Fraunfelter 2023),WIDVPHSBAXLSEU-LJQANCHMSA-N,10.1021/acsinfecdis.3c00317,运行/运行/ATP-VSW/ATP-VSW-DOCK_HTVS_1-001_lib/ATP-VSW-DOCK_HTVS_1-001_lib
ATP-HTVS-E85D4903F0A1,48227,C[NH+](C)C[C@H](CNCc1csc(COc2ccc(Cl)cc2)n1)c1ccc(Cl)cc1,c1ccc(CCNCc2csc(COc3ccccc3)n2)cc1,-1.88450407350739,0.06862745098039214,0.20689655172413793,0.22093023255813954,WSA296,HCBCVTVDQQQYPH-UHFFFAOYSA-N,10.1021/acsomega.5c06380,运行/运行/ATP-VSW/ATP-VSW-DOCK_HTVS_1-003_lib/ATP-VSW-DOCK_HTVS_1-003_lib.mae
ATP-HTVS-E888CD26917F,61570,CCOc1ccc(CN2CC(=O)Nc3ccc(Br)cc3[C@H]2c2ccccc2)cc1,O=C1CN(Cc2ccccc2)C(c2ccccc2)c2ccccc2N1,-0.962964554494509,0.01041666666666663,0.23529411764705882,0.23529411764705882,WSA257,NLTZNXHLSWPGMA-UHFFFAOYSA-N,10.1002/cmdc.202400952,运行/运行/ATP-VSW/ATP-VSW-DOCK_HTVS_1-002_lib.maegz
ATP-HTVS-E89D68A8E825,49475,C[NH+](C)Cc1cc(CNc2nc(NCc3cc(Cl)ccc3F)c3ccccc3[nH+]2)ccc1F,c1ccc(CNc2nc(NCc3ccccc3)c3ccccc3[nH+]2)cc1,-4.2274951356254,0.49816176470588236,0.21052631578947367,0.3484848484848485,Ward2024 compound 1,DVUDEYVEBQKKMF-UHFFFAOYSA-N,10.1021/acsmedchemlett.3c00480,运行/运行/ATP-VSW/ATP-VSW-DOCK_HTVS_1-003_lib/ATP-VSW-DOCK_HTVS_1-003_lib.mae
ATP-HTVS-E8C4233BC4EE,98946,N#CN(c1ccccc1)c1c(NC(=O)c2ccc(Cl)c(F)c2)cnc2ccccc12,O=C(Nc1cnc2ccccc2c1Nc1ccccc1)c1ccccc1,-3.51487161851092,0.2359068627450981,0.2111111111111111,0.20987654320987653,compound 19 (Steed 2022),DHQKBEDPXLHXAJ-OAQYLSRUSA-N,10.1021/acsomega.2c03127,运行/运行/ATP-VSW/ATP-VSW-DOCK_HTVS_1-003_lib/ATP-VSW-DOCK_HTVS_1-003_lib.mae
ATP-HTVS-E8F6FC3C759E,73411,C[NH+](C)Cc1ccc(CNc2c(C(=O)Nc3ccc(N)cc3)sc3ccccc23)cc1,O=C(Nc1ccccc1)c1sc2ccccc2c1NCc1ccccc1,-5.59610293047994,0.9350490196078431,0.23376623376623376,0.2676056338028169,compound 8 (Steed 2022),ROJPDORYZONAPF-UHFFFAOYSA-N,10.1021/acsomega.2c03127,运行/运行/ATP-VSW/ATP-VSW-DOCK_HTVS_1-003_lib/ATP-VSW-DOCK_HTVS_1-003_lib.mae
ATP-HTVS-E912078D9741,5571,C[NH+](C)CCOc1ccccc1C[NH2+]C[C@H]1c2ccccc2C(=O)N1Cc1ccccc1,O=C1c2ccccc2C(C[NH2+]Cc2ccccc2)N1Cc1ccccc1,-5.12427567475619,0.8584558823529411,0.1797752808988764,0.26666666666666666,WSA298,IZWVLJVCXHHUOO-UHFFFAOYSA-N,10.1021/acsomega.5c06380,运行/运行/ATP-VSW/ATP-VSW-DOCK_HTVS_1-003_lib/ATP-VSW-DOCK_HTVS_1-003_lib.mae
ATP-HTVS-EAB5C9B34043,90659,C[NH+](C)Cc1ccccc1C(=O)Nc1cnc2ccccc2c1Nc1ccccc1,O=C(Nc1cnc2ccccc2c1Nc1ccccc1)c1ccccc1,-4.8450897655797,0.7677696078431373,0.23076923076923078,0.23943661971830985,compound 15 (Steed 2022),RIDDIWJTDCGXDH-NRFANRHFSA-N,10.1021/acsomega.2c03127,运行/运行/ATP-VSW/ATP-VSW-DOCK_HTVS_1-003_lib/ATP-VSW-DOCK_HTVS_1-003_lib.mae
ATP-HTVS-EAC68E01988F,55553,Cc1ccc(NC(=O)CN(C)c2nc(NCc3ccccc3C[NH+](C)C)c3ccccc3[nH+]2)cc1,O=C(CNc1nc(NCc2ccccc2)c2ccccc2[nH+]1)Nc1ccccc1,-4.23709203964056,0.5036764705882353,0.21176470588235294,0.25333333333333335,compound 8 (Steed 2022),ROJPDORYZONAPF-UHFFFAOYSA-N,10.1021/acsomega.2c03127,运行/运行/ATP-VSW/ATP-VSW-DOCK_HTVS_1-001_lib/ATP-VSW-DOCK_HTVS_1-001_lib
ATP-HTVS-EAD1C8AFD4A9,38178,c1ccc(-n2cc(C[NH2+]Cc3cccc(C[NH+]4CCCC4)c3)c(-c3ccncc3)n2)cc1,c1ccc(-n2cc(C[NH2+]Cc3cccc(C[NH+]4CCCC4)c3)c(-c3ccncc3)n2)cc1,-5.26198123496492,0.8897058823529411,0.22093023255813954,0.4411764705882353,WSA298,IZWVLJVCXHHUOO-UHFFFAOYSA-N,10.1021/acsomega.5c06380,运行/运行/ATP-VSW/ATP-VSW-DOCK_HTVS_1-002_lib.maegz
ATP-HTVS-EAE06126CF40,15907,C[C@H](c1ccc(CNC[C@H](c2cccs2)c2c[nH]c3ccccc23)cc1)[NH+](C)C,c1ccc(CNCC(c2cccs2)c2c[nH]c3ccccc23)cc1,-2.83752079490687,0.1427696078431373,0.2235294117647059,0.2235294117647059,compound 18 (Steed 2022),DCLANSSFVIGXHQ-OAQYLSRUSA-N,10.1021/acsomega.2c03127,运行/运行/ATP-VSW/ATP-VSW-DOCK_HTVS_1-003_lib/ATP-VSW-DOCK_HTVS_1-003_lib.mae
ATP-HTVS-EB0B96E798C5,89859,[NH3+]CCNc1ccc(NCc2[nH+]c3ccccc3n2Cc2ccccc2)cc1,c1ccc(Cn2c(CNc3ccccc3)[nH+]c3ccccc32)cc1,-5.70566668218131,0.9515931372549019,0.2077922077922078,0.2535211267605634,WSA298,IZWVLJVCXHHUOO-UHFFFAOYSA-N,10.1021/acsomega.5c06380,运行/运行/ATP-VSW/ATP-VSW-DOCK_HTVS_1-003_lib/ATP-VSW-DOCK_HTVS_1-003_lib.mae
ATP-HTVS-EB12E3425930,44387,CNS(=O)(=O)Cc1ccccc1CNCc1cc(OCc2ccccc2)c2ccccc2c1,c1ccc(CNCc2cc(OCc3ccccc3)c3ccccc3c2)cc1,-2.57688650787329,0.1256127450980392,0.2972972972972973,0.2972972972972973,compound 15 (Steed 2022),RIDDIWJTDCGXDH-NRFANRHFSA-N,10.1021/acsomega.2c03127,运行/运行/ATP-VSW/ATP-VSW-DOCK_HTVS_1-003_lib/ATP-VSW-DOCK_HTVS_1-003_lib.mae
ATP-HTVS-EB1E3022AC0C,49826,C[NH+](C)Cc1ccc(CNc2nc(NC[C@H](c3ccccc3)[NH+](C)C)[nH+]c3ccccc23)cc1,c1ccc(CCNc2nc(NCc3ccccc3)c3ccccc3[nH+]2)cc1,-4.65351111779992,0.6973039215686274,0.2077922077922078,0.3709677419354839,Ward2024 compound 8,APMKTVCBYUVFFM-UHFFFAOYSA-N,10.1021/acsmedchemlett.3c00480,运行/运行/ATP-VSW/ATP-VSW-DOCK_HTVS_1-002_lib.maegz
ATP-HTVS-EB500473345C,44738,CC[N@@H+](Cc1ccc(C[NH+](C)C)cc1)Cc1nc2ccccc2c(-c2ccccc2)c1C(=O)OC,c1ccc(C[NH2+]Cc2cc(-c3ccccc3)c3ccccc3n2)cc1,-4.1077202743778,0.45772058823529416,0.25,0.30434782608695654,compound 8 (Steed 2022),ROJPDORYZONAPF-UHFFFAOYSA-N,10.1021/acsomega.2c03127,运行/运行/ATP-VSW/ATP-VSW-DOCK_HTVS_1-002_lib.maegz
ATP-HTVS-EB51C7366B34,83106,Cc1ccc(CCC(=O)Nc2[nH+]cc(N(CC#N)Cc3ccccc3)c3ccccc23)cc1,O=C(CCc1ccccc1)Nc1[nH+]cc(NCc2ccccc2)c2ccccc12,-3.1878307179681,0.17708333333333337,0.189873417721519,0.23529411764705882,Ward2024 compound 1,DVUDEYVEBQKKMF-UHFFFAOYSA-N,10.1021/acsmedchemlett.3c00480,运行/运行/ATP-VSW/ATP-VSW-DOCK_HTVS_1-002_lib.maegz
ATP-HTVS-EBA0F745595A,79777,CN(C(=O)Cc1cc(NCc2cccc(C[NH+](C)C)c2)cs1)c1ccccc1F,O=C(Cc1cc(NCc2ccccc2)cs1)Nc1ccccc1,-4.29967640451544,0.5318627450980392,0.21428571428571427,0.2602739726027397,compound 15 (Steed 2022),RIDDIWJTDCGXDH-NRFANRHFSA-N,10.1021/acsomega.2c03127,运行/运行/ATP-VSW/ATP-VSW-DOCK_HTVS_1-001_lib/ATP-VSW-DOCK_HTVS_1-001_lib
ATP-HTVS-EBADA6179138,70403,C[NH+](C)Cc1ccccc1NC(=O)c1cnc2ccc(F)cc2c1N(CC#N)c1ccccc1,O=C(Nc1ccccc1)c1cnc2ccccc2c1Nc1ccccc1,-4.19996272104053,0.48835784313725494,0.2159090909090909,0.2375,compound 15 (Steed 2022),RIDDIWJTDCGXDH-NRFANRHFSA-N,10.1021/acsomega.2c03127,运行/运行/ATP-VSW/ATP-VSW-DOCK_HTVS_1-003_lib/ATP-VSW-DOCK_HTVS_1-003_lib.mae
ATP-HTVS-EBCFEAF5D9E7,28865,C[NH+](C)Cc1ccc(CCNc2nc(NCCOc3cccc(C#N)c3)nc3ccccc23)cc1,c1ccc(CCNc2nc(NCCOc3ccccc3)nc3ccccc23)cc1,-2.18718306264558,0.09007352941176472,0.20430107526881722,0.2857142857142857,WSA236,CJWSCOKTAUPKHM-UHFFFAOYSA-N,10.1002/cmdc.202400952,运行/运行/ATP-VSW/ATP-VSW-DOCK_HTVS_1-001_lib/ATP-VSW-DOCK_HTVS_1-001_lib
ATP-HTVS-EBFF1A375D8B,77347,CC(=O)[C@@H](NC(=O)c1[nH]c2ccccc2c1NCc1cccc(CN(C)C)c1)c1ccccc1,O=C(NCc1ccccc1)c1[nH]c2ccccc2c1NCc1ccccc1,-1.94035670481426,0.07230392156862742,0.2345679012345679,0.2345679012345679,Ward2024 compound 10,GALJNXWUVQUDRC-UHFFFAOYSA-N,10.1021/acsmedchemlett.3c00480,运行/运行/ATP-VSW/ATP-VSW-DOCK_HTVS_1-003_lib/ATP-VSW-DOCK_HTVS_1-003_lib.mae
ATP-HTVS-EC2D3AD3168F,83201,CN(C)c1ccc(CCNc2c(NC(=O)Cc3ccccc3C#N)c[nH+]c3ccccc23)cc1,O=C(Cc1ccccc1)Nc1c[nH+]c2ccccc2c1NCCc1ccccc1,-4.90218858600317,0.7879901960784313,0.24050632911392406,0.2894736842105263,Ward2024 compound 11,IIRFHYMEOYQCBC-UHFFFAOYSA-N,10.1021/acsmedchemlett.3c00480,运行/运行/ATP-VSW/ATP-VSW-DOCK_HTVS_1-001_lib/ATP-VSW-DOCK_HTVS_1-001_lib
ATP-HTVS-EC4610FFE6DC,42498,CN(C)Cc1ccc(CC[NH2+]Cc2cn(CCC#N)nc2-c2ccccc2Br)cc1,c1ccc(CC[NH2+]Cc2c[nH]nc2-c2ccccc2)cc1,-5.09256497052492,0.8517156862745098,0.24,0.29577464788732394,Ward2024 compound 1,DVUDEYVEBQKKMF-UHFFFAOYSA-N,10.1021/acsmedchemlett.3c00480,运行/运行/ATP-VSW/ATP-VSW-DOCK_HTVS_1-002_lib.maegz
ATP-HTVS-EC5DC094D49F,51715,CNc1ccccc1CNc1nc(NCc2ccc(F)cc2C[NH+](C)C)[nH+]c2ccccc12,c1ccc(CNc2nc(NCc3ccccc3)c3ccccc3[nH+]2)cc1,-3.95306964923428,0.4013480392156863,0.2077922077922078,0.3235294117647059,Ward2024 compound 1,DVUDEYVEBQKKMF-UHFFFAOYSA-N,10.1021/acsmedchemlett.3c00480,运行/运行/ATP-VSW/ATP-VSW-DOCK_HTVS_1-003_lib/ATP-VSW-DOCK_HTVS_1-003_lib.mae
ATP-HTVS-ECFCDEE54331,47682,CN(CC(=O)Nc1cccc(Cl)c1)c1nc(NCc2ccccc2C[NH+](C)C)[nH+]c2ccccc12,O=C(CNc1nc(NCc2ccccc2)[nH+]c2ccccc12)Nc1ccccc1,-4.042763070411,0.4368872549019608,0.20689655172413793,0.2631578947368421,compound 8 (Steed 2022),ROJPDORYZONAPF-UHFFFAOYSA-N,10.1021/acsomega.2c03127,运行/运行/ATP-VSW/ATP-VSW-DOCK_HTVS_1-002_lib.maegz
ATP-HTVS-ED186549DA4C,82466,C[NH+](C)Cc1ccc(CNc2cc3ccccc3nc2NC(=O)CCc2ccc3c(c2)OCO3)cc1,O=C(CCc1ccc2c(c1)OCO2)Nc1nc2ccccc2cc1NCc1ccccc1,-4.41724015866286,0.5857843137254901,0.2857142857142857,0.4,Ward2024 compound 1,DVUDEYVEBQKKMF-UHFFFAOYSA-N,10.1021/acsmedchemlett.3c00480,运行/运行/ATP-VSW/ATP-VSW-DOCK_HTVS_1-002_lib.maegz
ATP-HTVS-ED381154F376,3425,C[NH+](C)[C@@H](CNc1nc(COc2ccc(Cl)cc2)nc2ccccc12)c1ccc(O)cc1,c1ccc(CCNc2nc(COc3ccccc3)nc3ccccc23)cc1,-4.6795303145686,0.7089460784313726,0.2375,0.225,compound 15 (Steed 2022),RIDDIWJTDCGXDH-NRFANRHFSA-N,10.1021/acsomega.2c03127,运行/运行/ATP-VSW/ATP-VSW-DOCK_HTVS_1-001_lib/ATP-VSW-DOCK_HTVS_1-001_lib
ATP-HTVS-ED9FB8DD8268,75073,C[NH+](C)Cc1cccc(CNc2cnc3ccccc3c2NC(=O)Cc2ccc(O)c(O)c2)c1,O=C(Cc1ccccc1)Nc1c(NCc2ccccc2)cnc2ccccc12,-4.56936701355203,0.6599264705882353,0.25301204819277107,0.2972972972972973,compound 15 (Steed 2022),RIDDIWJTDCGXDH-NRFANRHFSA-N,10.1021/acsomega.2c03127,运行/运行/ATP-VSW/ATP-VSW-DOCK_HTVS_1-001_lib/ATP-VSW-DOCK_HTVS_1-001_lib
ATP-HTVS-EDD9885A2235,72929,N#CCN(c1ccccc1)c1cnc2ccccc2c1NC(=O)Cc1cccc(Cl)c1,O=C(Cc1ccccc1)Nc1c(Nc2ccccc2)cnc2ccccc12,-3.88292151444989,0.366421568627451,0.25925925925925924,0.275,compound 15 (Steed 2022),RIDDIWJTDCGXDH-NRFANRHFSA-N,10.1021/acsomega.2c03127,运行/运行/ATP-VSW/ATP-VSW-DOCK_HTVS_1-001_lib/ATP-VSW-DOCK_HTVS_1-001_lib
ATP-HTVS-EE25A0930777,61857,Cc1cc(C)c(CN[C@H](CO)c2cccc(N(C)C)c2)c(OCc2ccccc2)n1,c1ccc(CNCc2cccnc2OCc2ccccc2)cc1,-3.80601852357787,0.33700980392156865,0.36486486486486486,0.34210526315789475,compound 15 (Steed 2022),RIDDIWJTDCGXDH-NRFANRHFSA-N,10.1021/acsomega.2c03127,运行/运行/ATP-VSW/ATP-VSW-DOCK_HTVS_1-001_lib/ATP-VSW-DOCK_HTVS_1-001_lib
ATP-HTVS-EE3EC74621FE,36163,Cc1c(N)cccc1CNc1nc2ccccc2nc1NCCc1ccc(C[NH+](C)C)cc1,c1ccc(CCNc2nc3ccccc3nc2NCc2ccccc2)cc1,-4.30814574338597,0.5361519607843137,0.22972972972972974,0.359375,Ward2024 compound 19,PXXYITLVUSHXPN-UHFFFAOYSA-N,10.1021/acsmedchemlett.3c00480,运行/运行/ATP-VSW/ATP-VSW-DOCK_HTVS_1-003_lib/ATP-VSW-DOCK_HTVS_1-003_lib.mae
ATP-HTVS-EE5B82122D17,84066,CC[NH+](CC)Cc1ccc(CNc2cnc(NC(=O)c3cccc(C(C)=O)c3)c3ccccc23)cc1,O=C(Nc1ncc(NCc2ccccc2)c2ccccc12)c1ccccc1,-3.01399039773604,0.1605392156862745,0.19767441860465115,0.22077922077922077,compound 1 (Fraunfelter 2023),WIDVPHSBAXLSEU-LJQANCHMSA-N,10.1021/acsinfecdis.3c00317,运行/运行/ATP-VSW/ATP-VSW-DOCK_HTVS_1-002_lib.maegz
ATP-HTVS-EE6CCEFDAAD0,33217,OCCNc1ccccc1C[NH2+]Cc1c2ccccc2cc2ccccc12,c1ccc(C[NH2+]Cc2c3ccccc3cc3ccccc23)cc1,-4.57569410141658,0.6672794117647058,0.20967741935483872,0.27586206896551724,Ward2024 compound 5,BMTCMYDFINDWQK-UHFFFAOYSA-N,10.1021/acsmedchemlett.3c00480,运行/运行/ATP-VSW/ATP-VSW-DOCK_HTVS_1-001_lib/ATP-VSW-DOCK_HTVS_1-001_lib
ATP-HTVS-EE8A818A3017,72097,OCC[NH2+]c1ccc(N[C@@H](C#CCOc2ccccc2)c2coc3ccccc23)cc1,C(#CC(Nc1ccccc1)c1coc2ccccc12)COc1ccccc1,-2.95811246750271,0.1513480392156863,0.1566265060240964,0.14457831325301204,compound 8 (Steed 2022),ROJPDORYZONAPF-UHFFFAOYSA-N,10.1021/acsomega.2c03127,运行/运行/ATP-VSW/ATP-VSW-DOCK_HTVS_1-001_lib/ATP-VSW-DOCK_HTVS_1-001_lib
ATP-HTVS-EE9B34D8B24D,20323,C[NH+](C)Cc1ccc(CNc2nc(-c3ccc(O)cc3)cs2)cc1,c1ccc(CNc2nc(-c3ccccc3)cs2)cc1,-5.010070405463,0.8272058823529411,0.2222222222222222,0.3389830508474576,compound 1 (Fraunfelter 2023),WIDVPHSBAXLSEU-LJQANCHMSA-N,10.1021/acsinfecdis.3c00317,运行/运行/ATP-VSW/ATP-VSW-DOCK_HTVS_1-003_lib/ATP-VSW-DOCK_HTVS_1-003_lib.mae
ATP-HTVS-EEA70E20167C,92483,CN(C(=O)c1ccc(Cl)cc1)c1ccc(NCc2cccc(C[NH+](C)C)c2)cn1,O=C(Nc1ccc(NCc2ccccc2)cn1)c1ccccc1,-4.09027336744338,0.45281862745098034,0.20987654320987653,0.23943661971830985,compound 15 (Steed 2022),RIDDIWJTDCGXDH-NRFANRHFSA-N,10.1021/acsomega.2c03127,运行/运行/ATP-VSW/ATP-VSW-DOCK_HTVS_1-003_lib/ATP-VSW-DOCK_HTVS_1-003_lib.mae
ATP-HTVS-EEBB6926EC22,55779,C[C@@H](NCc1cn(-c2ccccc2)nc1-c1ccncc1)c1ccc(Br)cc1,c1ccc(CNCc2cn(-c3ccccc3)nc2-c2ccncc2)cc1,-3.04212579975428,0.16237745098039214,0.24050632911392406,0.225,WSA257,NLTZNXHLSWPGMA-UHFFFAOYSA-N,10.1002/cmdc.202400952,运行/运行/ATP-VSW/ATP-VSW-DOCK_HTVS_1-003_lib/ATP-VSW-DOCK_HTVS_1-003_lib.mae
ATP-HTVS-EEE4DEAD393E,83169,C[C@H](c1ccccc1)N(C)C(=O)c1c(Nc2cccc(CN(C)C)c2)c2ccccc2[nH]c1=O,O=C(NCc1ccccc1)c1c(Nc2ccccc2)c2ccccc2[nH]c1=O,0.1640437805725,0.0006127450980392135,0.2111111111111111,0.2111111111111111,compound 18 (Steed 2022),DCLANSSFVIGXHQ-OAQYLSRUSA-N,10.1021/acsomega.2c03127,运行/运行/ATP-VSW/ATP-VSW-DOCK_HTVS_1-001_lib/ATP-VSW-DOCK_HTVS_1-001_lib
ATP-HTVS-EF007D703862,59907,CC(=O)Nc1ccccc1CN1CC(=O)Nc2ccc(Br)cc2[C@H]1c1ccccc1,O=C1CN(Cc2ccccc2)C(c2ccccc2)c2ccccc2N1,-1.45833639657194,0.03125,0.23255813953488372,0.23255813953488372,WSA257,NLTZNXHLSWPGMA-UHFFFAOYSA-N,10.1002/cmdc.202400952,运行/运行/ATP-VSW/ATP-VSW-DOCK_HTVS_1-003_lib/ATP-VSW-DOCK_HTVS_1-003_lib.mae
ATP-HTVS-EF0129487CC6,92769,C[NH+](C)Cc1ccc(C(=O)Nc2ccc([C@H](C#N)c3ccccc3)c(-c3cccc(C[NH3+])c3)c2)cc1,O=C(Nc1ccc(Cc2ccccc2)c(-c2ccccc2)c1)c1ccccc1,-5.05644438511691,0.8394607843137255,0.19318181818181818,0.2345679012345679,compound 8 (Steed 2022),ROJPDORYZONAPF-UHFFFAOYSA-N,10.1021/acsomega.2c03127,运行/运行/ATP-VSW/ATP-VSW-DOCK_HTVS_1-001_lib/ATP-VSW-DOCK_HTVS_1-001_lib
ATP-HTVS-EF17DB58F500,88321,CC[NH+](CC)Cc1ccc(C(=O)Nc2c[nH+]c3ccccc3c2N[C@@H](C#N)c2ccc(F)cc2)cc1,O=C(Nc1c[nH+]c2ccccc2c1NCc1ccccc1)c1ccccc1,-4.53325018419689,0.6446078431372548,0.17346938775510204,0.21428571428571427,compound 18 (Steed 2022),DCLANSSFVIGXHQ-OAQYLSRUSA-N,10.1021/acsomega.2c03127,运行/运行/ATP-VSW/ATP-VSW-DOCK_HTVS_1-001_lib/ATP-VSW-DOCK_HTVS_1-001_lib
ATP-HTVS-EF3EA56789AA,30145,CN(C)Cc1ccc(CCNc2nc(NCc3ccc(C#N)cc3F)[nH+]c3ccccc23)cc1,c1ccc(CCNc2nc(NCc3ccccc3)[nH+]c3ccccc23)cc1,-3.31985533975518,0.19730392156862742,0.3026315789473684,0.3472222222222222,Ward2024 compound 1,DVUDEYVEBQKKMF-UHFFFAOYSA-N,10.1021/acsmedchemlett.3c00480,运行/运行/ATP-VSW/ATP-VSW-DOCK_HTVS_1-001_lib/ATP-VSW-DOCK_HTVS_1-001_lib
ATP-HTVS-EF5E324DB424,43521,CN1CCN(c2ccccc2CNC(=O)c2oc3ccccc3c2COc2ccccc2)CC1,O=C(NCc1ccccc1N1CCNCC1)c1oc2ccccc2c1COc1ccccc1,-2.2978468768913,0.09987745098039214,0.25,0.25,WSA278,JWHCVPMRQDOIHA-UHFFFAOYSA-N,10.1021/acsomega.5c06380,运行/运行/ATP-VSW/ATP-VSW-DOCK_HTVS_1-001_lib/ATP-VSW-DOCK_HTVS_1-001_lib
ATP-HTVS-EFBD886B8952,44611,CCCC[N@@H+](CC)Cc1cccc(C[NH2+]Cc2ccc(N(C)c3ccccc3)nc2)c1,c1ccc(C[NH2+]Cc2ccc(Nc3ccccc3)nc2)cc1,-5.38965192191034,0.9093137254901961,0.22077922077922077,0.30434782608695654,Ward2024 compound 6,LKLACXNGVWXYAW-UHFFFAOYSA-N,10.1021/acsmedchemlett.3c00480,运行/运行/ATP-VSW/ATP-VSW-DOCK_HTVS_1-003_lib/ATP-VSW-DOCK_HTVS_1-003_lib.mae
ATP-HTVS-EFE421C91038,75778,C[NH2+]Cc1ccc(CNc2c(NC(=O)C#Cc3ccccc3)c[nH+]c3ccccc23)cc1,O=C(C#Cc1ccccc1)Nc1c[nH+]c2ccccc2c1NCc1ccccc1,-5.50975727056192,0.9246323529411765,0.19318181818181818,0.22784810126582278,compound 18 (Steed 2022),DCLANSSFVIGXHQ-OAQYLSRUSA-N,10.1021/acsomega.2c03127,运行/运行/ATP-VSW/ATP-VSW-DOCK_HTVS_1-002_lib.maegz
ATP-HTVS-F056EC0EC7E7,77666,C[C@H](Nc1cccc(N)c1C[NH+](C)C)c1cc2cccc(Cl)c2c(=O)n1-c1ccccc1,O=c1c2ccccc2cc(CNc2ccccc2)n1-c1ccccc1,-4.17598752066853,0.47977941176470584,0.1839080459770115,0.20253164556962025,compound 15 (Steed 2022),RIDDIWJTDCGXDH-NRFANRHFSA-N,10.1021/acsomega.2c03127,运行/运行/ATP-VSW/ATP-VSW-DOCK_HTVS_1-002_lib.maegz
ATP-HTVS-F05D07B9382E,64417,CCN(CC)C[C@H](NCc1nc2ccccc2n1Cc1ccccc1)c1ccccc1,c1ccc(CNCc2nc3ccccc3n2Cc2ccccc2)cc1,-1.67195748938188,0.05024509803921573,0.2535211267605634,0.2535211267605634,Ward2024 compound 6,LKLACXNGVWXYAW-UHFFFAOYSA-N,10.1021/acsmedchemlett.3c00480,运行/运行/ATP-VSW/ATP-VSW-DOCK_HTVS_1-001_lib/ATP-VSW-DOCK_HTVS_1-001_lib
ATP-HTVS-F084EE8F7246,75458,C[NH+](C)Cc1ccc(CNc2cc(Cl)c(C(=O)c3ccccc3)c(Cl)n2)cc1,O=C(c1ccccc1)c1ccc(NCc2ccccc2)nc1,-4.25499738938492,0.514093137254902,0.24,0.3492063492063492,compound 15 (Steed 2022),RIDDIWJTDCGXDH-NRFANRHFSA-N,10.1021/acsomega.2c03127,运行/运行/ATP-VSW/ATP-VSW-DOCK_HTVS_1-002_lib.maegz
ATP-HTVS-F08817EB9A7A,20546,CCCc1ccc(C[NH2+]Cc2ncc(-c3ccccc3O)cn2)cc1,c1ccc(C[NH2+]Cc2ncc(-c3ccccc3)cn2)cc1,-6.13430839064474,0.9840686274509804,0.2077922077922078,0.2835820895522388,WSA276,AVMFLQZOZFHZLB-UHFFFAOYSA-N,10.1021/acsomega.5c06380,运行/运行/ATP-VSW/ATP-VSW-DOCK_HTVS_1-002_lib.maegz
ATP-HTVS-F0989AC93CC9,68962,C[NH+](C)Cc1cccc(CNc2c(NC(=O)Cc3ccccc3)c[nH+]c3ccccc23)c1,O=C(Cc1ccccc1)Nc1c[nH+]c2ccccc2c1NCc1ccccc1,-4.15684865021333,0.4730392156862745,0.2261904761904762,0.30666666666666664,compound 18 (Steed 2022),DCLANSSFVIGXHQ-OAQYLSRUSA-N,10.1021/acsomega.2c03127,运行/运行/ATP-VSW/ATP-VSW-DOCK_HTVS_1-002_lib.maegz
ATP-HTVS-F0AA189EB18F,6785,C[NH+](C)CCc1ccc(NC(=O)c2cn(Cc3ccccc3)c(=O)c3ccccc23)cc1,O=C(Nc1ccccc1)c1cn(Cc2ccccc2)c(=O)c2ccccc12,-3.85177825993768,0.3584558823529411,0.2236842105263158,0.24,compound 8 (Steed 2022),ROJPDORYZONAPF-UHFFFAOYSA-N,10.1021/acsomega.2c03127,运行/运行/ATP-VSW/ATP-VSW-DOCK_HTVS_1-001_lib/ATP-VSW-DOCK_HTVS_1-001_lib
ATP-HTVS-F0B899F1EF1B,71170,CC[NH+](CC)Cc1cccc(CNc2cc3ccccc3nc2NC(=O)CN(C)c2ccccc2)c1,O=C(CNc1ccccc1)Nc1nc2ccccc2cc1NCc1ccccc1,-3.53965621934154,0.2450980392156863,0.2857142857142857,0.3037974683544304,Ward2024 compound 6,LKLACXNGVWXYAW-UHFFFAOYSA-N,10.1021/acsmedchemlett.3c00480,运行/运行/ATP-VSW/ATP-VSW-DOCK_HTVS_1-002_lib.maegz
ATP-HTVS-F0EA8E73CD83,77665,C[NH+](C)Cc1cccc(CNc2cc(C(=O)N(CC[NH3+])c3ccc(Cl)cc3)sc2Cl)c1,O=C(Nc1ccccc1)c1cc(NCc2ccccc2)cs1,-5.33587701286716,0.9007352941176471,0.18181818181818182,0.24,compound 15 (Steed 2022),RIDDIWJTDCGXDH-NRFANRHFSA-N,10.1021/acsomega.2c03127,运行/运行/ATP-VSW/ATP-VSW-DOCK_HTVS_1-001_lib/ATP-VSW-DOCK_HTVS_1-001_lib
ATP-HTVS-F13E60D2EE86,44546,COCC[N@@H+](C)Cc1ccc(C[N@H+](C)Cc2cn(-c3ccccc3)nc2-c2ccccc2)cc1,c1ccc(C[NH2+]Cc2cn(-c3ccccc3)nc2-c2ccccc2)cc1,-4.91807100360852,0.7941176470588236,0.20238095238095238,0.2318840579710145,WSA296,HCBCVTVDQQQYPH-UHFFFAOYSA-N,10.1021/acsomega.5c06380,运行/运行/ATP-VSW/ATP-VSW-DOCK_HTVS_1-002_lib.maegz
ATP-HTVS-F15CD1C1F5FF,30753,CN(C)Cc1ccc(CCNc2nc3ccccc3nc2NCc2ccc(CO)cc2F)cc1,c1ccc(CCNc2nc3ccccc3nc2NCc2ccccc2)cc1,-3.55377124897857,0.2506127450980392,0.390625,0.390625,Ward2024 compound 1,DVUDEYVEBQKKMF-UHFFFAOYSA-N,10.1021/acsmedchemlett.3c00480,运行/运行/ATP-VSW/ATP-VSW-DOCK_HTVS_1-001_lib/ATP-VSW-DOCK_HTVS_1-001_lib
ATP-HTVS-F1ABC01A08C5,11618,C[NH+](C)Cc1ccc(CNc2ccc(Oc3ccccc3F)nc2)cc1,c1ccc(CNc2ccc(Oc3ccccc3)nc2)cc1,-3.72761112959487,0.30085784313725494,0.24096385542168675,0.3442622950819672,WSA297,GXYVJEJKTGYEDL-UHFFFAOYSA-N,10.1021/acsomega.5c06380,运行/运行/ATP-VSW/ATP-VSW-DOCK_HTVS_1-002_lib.maegz
ATP-HTVS-F1D0837E8A30,75426,C[C@@H](C#N)N(C(=O)c1[nH]c2ccccc2c1NCc1ccc(NCCO)cc1)c1ccccc1,O=C(Nc1ccccc1)c1[nH]c2ccccc2c1NCc1ccccc1,-3.50945086652733,0.23468137254901966,0.20652173913043478,0.20652173913043478,compound 18 (Steed 2022),DCLANSSFVIGXHQ-OAQYLSRUSA-N,10.1021/acsomega.2c03127,运行/运行/ATP-VSW/ATP-VSW-DOCK_HTVS_1-002_lib.maegz
ATP-HTVS-F1F8D839F8AD,84801,Cc1ccc([C@H](O)CNc2c(NC(=O)Cc3cccc(C#N)c3)c[nH+]c3ccccc23)cc1,O=C(Cc1ccccc1)Nc1c[nH+]c2ccccc2c1NCCc1ccccc1,-4.69620533607906,0.7199754901960784,0.2,0.2441860465116279,compound 15 (Steed 2022),RIDDIWJTDCGXDH-NRFANRHFSA-N,10.1021/acsomega.2c03127,运行/运行/ATP-VSW/ATP-VSW-DOCK_HTVS_1-001_lib/ATP-VSW-DOCK_HTVS_1-001_lib
ATP-HTVS-F21E42254560,75617,COC(=O)c1ccccc1CC(=O)Nc1c(NCc2cccc(C[NH+](C)C)c2)cnc2ccccc12,O=C(Cc1ccccc1)Nc1c(NCc2ccccc2)cnc2ccccc12,-4.22164955833975,0.4963235294117647,0.2804878048780488,0.2962962962962963,compound 15 (Steed 2022),RIDDIWJTDCGXDH-NRFANRHFSA-N,10.1021/acsomega.2c03127,运行/运行/ATP-VSW/ATP-VSW-DOCK_HTVS_1-001_lib/ATP-VSW-DOCK_HTVS_1-001_lib
ATP-HTVS-F223CD517CA5,81858,CN(C(=O)Cc1ccccc1)c1ccc(NCc2ccc(C[NH+](C)C)cc2)cn1,O=C(Cc1ccccc1)Nc1ccc(NCc2ccccc2)cn1,-4.20311933833737,0.4901960784313726,0.25333333333333335,0.3333333333333333,compound 15 (Steed 2022),RIDDIWJTDCGXDH-NRFANRHFSA-N,10.1021/acsomega.2c03127,运行/运行/ATP-VSW/ATP-VSW-DOCK_HTVS_1-002_lib.maegz
ATP-HTVS-F256B691D902,35106,C[C@H](Nc1nc2ccccc2nc1NCc1ccc(C[NH+](C)C)cc1)c1ccccc1N,c1ccc(CNc2nc3ccccc3nc2NCc2ccccc2)cc1,-4.72978086017516,0.7291666666666667,0.2318840579710145,0.3770491803278688,Ward2024 compound 1,DVUDEYVEBQKKMF-UHFFFAOYSA-N,10.1021/acsmedchemlett.3c00480,运行/运行/ATP-VSW/ATP-VSW-DOCK_HTVS_1-002_lib.maegz
ATP-HTVS-F2668BF9E9B1,75713,CC[NH+](CC)Cc1cccc(CNc2cnc(NC(=O)c3cccc(O)c3)c3ccccc23)c1,O=C(Nc1ncc(NCc2ccccc2)c2ccccc12)c1ccccc1,-4.69242197859573,0.7169117647058824,0.2261904761904762,0.24096385542168675,compound 15 (Steed 2022),RIDDIWJTDCGXDH-NRFANRHFSA-N,10.1021/acsomega.2c03127,运行/运行/ATP-VSW/ATP-VSW-DOCK_HTVS_1-001_lib/ATP-VSW-DOCK_HTVS_1-001_lib
ATP-HTVS-F282BC43258B,69537,C[NH+](C)Cc1ccc(CNc2cc3ccccc3nc2NC(=O)[C@](C)(O)c2ccccc2)cc1,O=C(Cc1ccccc1)Nc1nc2ccccc2cc1NCc1ccccc1,-4.65415368223412,0.6979166666666667,0.2972972972972973,0.421875,compound 8 (Steed 2022),ROJPDORYZONAPF-UHFFFAOYSA-N,10.1021/acsomega.2c03127,运行/运行/ATP-VSW/ATP-VSW-DOCK_HTVS_1-001_lib/ATP-VSW-DOCK_HTVS_1-001_lib
ATP-HTVS-F2D870036CD8,77057,CCN(C(=O)c1cc(NCc2cccc(C[NH+](C)C)c2)cs1)c1ccc(Cl)cc1,O=C(Nc1ccccc1)c1cc(NCc2ccccc2)cs1,-4.14134457074988,0.4675245098039216,0.17777777777777778,0.22972972972972974,WSA236,CJWSCOKTAUPKHM-UHFFFAOYSA-N,10.1002/cmdc.202400952,运行/运行/ATP-VSW/ATP-VSW-DOCK_HTVS_1-001_lib/ATP-VSW-DOCK_HTVS_1-001_lib
ATP-HTVS-F308899F49E6,52515,CCNc1ccc(C[NH2+]Cc2ccc(Oc3ccc(F)cc3)nc2)cc1,c1ccc(C[NH2+]Cc2ccc(Oc3ccccc3)nc2)cc1,-5.90641594276411,0.9705882352941176,0.189873417721519,0.2702702702702703,WSA298,IZWVLJVCXHHUOO-UHFFFAOYSA-N,10.1021/acsomega.5c06380,运行/运行/ATP-VSW/ATP-VSW-DOCK_HTVS_1-003_lib/ATP-VSW-DOCK_HTVS_1-003_lib.mae
ATP-HTVS-F3219ACF1618,57027,C#Cc1cccc(CN2CC(=O)Nc3ccc(Cl)cc3[C@H]2c2ccccc2F)c1,O=C1CN(Cc2ccccc2)C(c2ccccc2)c2ccccc2N1,-1.20375238340169,0.018382352941176516,0.18681318681318682,0.18681318681318682,WSA298,IZWVLJVCXHHUOO-UHFFFAOYSA-N,10.1021/acsomega.5c06380,运行/运行/ATP-VSW/ATP-VSW-DOCK_HTVS_1-003_lib/ATP-VSW-DOCK_HTVS_1-003_lib.mae
ATP-HTVS-F324B4F6FF43,83745,C[C@@H]([NH2+]CC#Cc1cnc(NC(=O)c2ccc(O)cc2)c2ccccc12)c1ccc(F)cc1,O=C(Nc1ncc(C#CC[NH2+]Cc2ccccc2)c2ccccc12)c1ccccc1,-4.21986392684796,0.4950980392156863,0.21839080459770116,0.2289156626506024,compound 1 (Fraunfelter 2023),WIDVPHSBAXLSEU-LJQANCHMSA-N,10.1021/acsinfecdis.3c00317,运行/运行/ATP-VSW/ATP-VSW-DOCK_HTVS_1-001_lib/ATP-VSW-DOCK_HTVS_1-001_lib
ATP-HTVS-F38CDD17995D,90338,C[NH+](C)Cc1ccccc1C(=O)Nc1cnc2ccccc2c1-c1ccnc(Cl)c1,O=C(Nc1cnc2ccccc2c1-c1ccncc1)c1ccccc1,-3.88286039918579,0.3658088235294118,0.225,0.24,compound 8 (Steed 2022),ROJPDORYZONAPF-UHFFFAOYSA-N,10.1021/acsomega.2c03127,运行/运行/ATP-VSW/ATP-VSW-DOCK_HTVS_1-002_lib.maegz
ATP-HTVS-F3AEEA9B80E5,57219,C[NH+](C)Cc1ccc(CCNc2nc3ccccc3nc2NCc2ccsc2)cc1,c1ccc(CCNc2nc3ccccc3nc2NCc2ccsc2)cc1,-3.92942222083981,0.38725490196078427,0.22666666666666666,0.3548387096774194,WSA250,SSOJQSHUAQGPLD-UHFFFAOYSA-N,10.1002/cmdc.202400952,运行/运行/ATP-VSW/ATP-VSW-DOCK_HTVS_1-003_lib/ATP-VSW-DOCK_HTVS_1-003_lib.mae
ATP-HTVS-F3E91D83A828,87939,C[NH+](C)Cc1cccc(CNC(=O)c2cnc3ccc(F)cc3c2N[C@@H](C[NH3+])c2ccccc2)c1,O=C(NCc1ccccc1)c1cnc2ccccc2c1NCc1ccccc1,-5.25887809152394,0.889093137254902,0.25287356321839083,0.26373626373626374,compound 15 (Steed 2022),RIDDIWJTDCGXDH-NRFANRHFSA-N,10.1021/acsomega.2c03127,运行/运行/ATP-VSW/ATP-VSW-DOCK_HTVS_1-003_lib/ATP-VSW-DOCK_HTVS_1-003_lib.mae
ATP-HTVS-F41515D25613,53155,CC[N@H+](C)Cc1cccc(CNc2nc(NCc3c(N)cccc3Cl)c3ccccc3[nH+]2)c1,c1ccc(CNc2nc(NCc3ccccc3)c3ccccc3[nH+]2)cc1,-4.28040575580285,0.5238970588235294,0.1827956989247312,0.24050632911392406,WSA236,CJWSCOKTAUPKHM-UHFFFAOYSA-N,10.1002/cmdc.202400952,运行/运行/ATP-VSW/ATP-VSW-DOCK_HTVS_1-003_lib/ATP-VSW-DOCK_HTVS_1-003_lib.mae
ATP-HTVS-F41DED161E75,76578,CN(CC(=O)Nc1c(N(C)[C@@H](C#N)c2ccccc2)cnc2ccccc12)c1ccccc1,O=C(CNc1ccccc1)Nc1c(NCc2ccccc2)cnc2ccccc12,-3.7305205679544,0.3026960784313726,0.23170731707317074,0.22093023255813954,compound 15 (Steed 2022),RIDDIWJTDCGXDH-NRFANRHFSA-N,10.1021/acsomega.2c03127,运行/运行/ATP-VSW/ATP-VSW-DOCK_HTVS_1-002_lib.maegz
ATP-HTVS-F42EC288DBA1,90369,N#CCN(c1ccccc1)c1cnc(NC(=O)c2cccc([S-])c2)c2ccccc12,O=C(Nc1ncc(Nc2ccccc2)c2ccccc12)c1ccccc1,-3.72053981529953,0.2984068627450981,0.18518518518518517,0.1927710843373494,compound 8 (Steed 2022),ROJPDORYZONAPF-UHFFFAOYSA-N,10.1021/acsomega.2c03127,运行/运行/ATP-VSW/ATP-VSW-DOCK_HTVS_1-001_lib/ATP-VSW-DOCK_HTVS_1-001_lib
ATP-HTVS-F451F6F34F85,58210,CC[NH+](CC)Cc1cccc(C[NH2+]Cc2csc(N(C(C)=O)c3ccc(C)cc3)n2)c1,c1ccc(C[NH2+]Cc2csc(Nc3ccccc3)n2)cc1,-4.63991074421646,0.6924019607843137,0.18604651162790697,0.2602739726027397,compound 1 (Fraunfelter 2023),WIDVPHSBAXLSEU-LJQANCHMSA-N,10.1021/acsinfecdis.3c00317,运行/运行/ATP-VSW/ATP-VSW-DOCK_HTVS_1-002_lib.maegz
ATP-HTVS-F4D02DC184DE,81059,N#CCN(c1ccccc1)c1cc2ccccc2nc1NC(=O)c1cccc(F)c1,O=C(Nc1nc2ccccc2cc1Nc1ccccc1)c1ccccc1,-3.22024671180756,0.18075980392156865,0.2608695652173913,0.27631578947368424,Ward2024 compound 5,BMTCMYDFINDWQK-UHFFFAOYSA-N,10.1021/acsmedchemlett.3c00480,运行/运行/ATP-VSW/ATP-VSW-DOCK_HTVS_1-003_lib/ATP-VSW-DOCK_HTVS_1-003_lib.mae
ATP-HTVS-F4EB0A3B6A53,75779,C[NH2+]Cc1ccc(CNc2cc3ccccc3nc2NC(=O)C#Cc2ccccc2)cc1,O=C(C#Cc1ccccc1)Nc1nc2ccccc2cc1NCc1ccccc1,-4.66033177755915,0.6997549019607843,0.30434782608695654,0.3194444444444444,Ward2024 compound 1,DVUDEYVEBQKKMF-UHFFFAOYSA-N,10.1021/acsmedchemlett.3c00480,运行/运行/ATP-VSW/ATP-VSW-DOCK_HTVS_1-003_lib/ATP-VSW-DOCK_HTVS_1-003_lib.mae
ATP-HTVS-F4F3BDD05BAD,69409,C[NH+](C)Cc1cccc(CNc2cc3ccccc3nc2NC(=O)Cc2ccccc2F)c1,O=C(Cc1ccccc1)Nc1nc2ccccc2cc1NCc1ccccc1,-4.39094801528708,0.5741421568627452,0.3116883116883117,0.3880597014925373,compound 15 (Steed 2022),RIDDIWJTDCGXDH-NRFANRHFSA-N,10.1021/acsomega.2c03127,运行/运行/ATP-VSW/ATP-VSW-DOCK_HTVS_1-001_lib/ATP-VSW-DOCK_HTVS_1-001_lib
ATP-HTVS-F52F884BA0B4,90082,Cc1c(F)ccc(C(=O)Nc2cnc3ccccc3c2N(CC#N)c2ccccc2)c1Cl,O=C(Nc1cnc2ccccc2c1Nc1ccccc1)c1ccccc1,-3.52590892019094,0.241421568627451,0.2289156626506024,0.2289156626506024,Ward2024 compound 19,PXXYITLVUSHXPN-UHFFFAOYSA-N,10.1021/acsmedchemlett.3c00480,运行/运行/ATP-VSW/ATP-VSW-DOCK_HTVS_1-002_lib.maegz
ATP-HTVS-F53B308249C7,20321,C[NH+](C)Cc1ccc(CNc2csc(-c3ccc(O)cc3)n2)cc1,c1ccc(CNc2csc(-c3ccccc3)n2)cc1,-5.31349569153296,0.8964460784313726,0.2222222222222222,0.3389830508474576,compound 1 (Fraunfelter 2023),WIDVPHSBAXLSEU-LJQANCHMSA-N,10.1021/acsinfecdis.3c00317,运行/运行/ATP-VSW/ATP-VSW-DOCK_HTVS_1-001_lib/ATP-VSW-DOCK_HTVS_1-001_lib
ATP-HTVS-F54B40793D2A,97538,N#C[C@H](Nc1cnc2ccccc2c1NC(=O)c1ccccc1)c1ccc(F)cc1,O=C(Nc1c(NCc2ccccc2)cnc2ccccc12)c1ccccc1,-3.24803738895674,0.18872549019607843,0.22093023255813954,0.19318181818181818,compound 19 (Steed 2022),DHQKBEDPXLHXAJ-OAQYLSRUSA-N,10.1021/acsomega.2c03127,运行/运行/ATP-VSW/ATP-VSW-DOCK_HTVS_1-003_lib/ATP-VSW-DOCK_HTVS_1-003_lib.mae
ATP-HTVS-F5512CD55A37,82947,C[C@@H]([NH2+]CC#Cc1cnc2ccccc2c1NC(=O)c1ccccc1O)c1ccc(F)cc1,O=C(Nc1c(C#CC[NH2+]Cc2ccccc2)cnc2ccccc12)c1ccccc1,-5.54335713777072,0.9270833333333334,0.22826086956521738,0.25,compound 19 (Steed 2022),DHQKBEDPXLHXAJ-OAQYLSRUSA-N,10.1021/acsomega.2c03127,运行/运行/ATP-VSW/ATP-VSW-DOCK_HTVS_1-003_lib/ATP-VSW-DOCK_HTVS_1-003_lib.mae
ATP-HTVS-F5557C46ACCD,63875,Cc1c(N)cccc1CNc1nc2ccccc2nc1NCc1ccccc1C[NH+](C)C,c1ccc(CNc2nc3ccccc3nc2NCc2ccccc2)cc1,-3.46951061383426,0.22610294117647056,0.22857142857142856,0.3114754098360656,compound 17 (Steed 2022),HXWNUGNSPIOUKJ-HNNXBMFYSA-N,10.1021/acsomega.2c03127,运行/运行/ATP-VSW/ATP-VSW-DOCK_HTVS_1-003_lib/ATP-VSW-DOCK_HTVS_1-003_lib.mae
ATP-HTVS-F58C213B60A1,42531,CN(Cc1ccc(C[NH+](C)C)cc1)c1nc(N(C)CCOc2cccc(C#N)c2)c2ccccc2[nH+]1,c1ccc(CNc2nc(NCCOc3ccccc3)c3ccccc3[nH+]2)cc1,-4.1206241145774,0.46200980392156865,0.20238095238095238,0.3013698630136986,Ward2024 compound 1,DVUDEYVEBQKKMF-UHFFFAOYSA-N,10.1021/acsmedchemlett.3c00480,运行/运行/ATP-VSW/ATP-VSW-DOCK_HTVS_1-003_lib/ATP-VSW-DOCK_HTVS_1-003_lib.mae
ATP-HTVS-F60BECC0718F,6465,CN(Cc1ccc(C[NH+](C)C)cc1)C(=O)Cc1nn(Cc2ccccc2)c(=O)c2ccccc12,O=C(Cc1nn(Cc2ccccc2)c(=O)c2ccccc12)NCc1ccccc1,-3.6664122264029,0.27818627450980393,0.2,0.2647058823529412,Ward2024 compound 1,DVUDEYVEBQKKMF-UHFFFAOYSA-N,10.1021/acsmedchemlett.3c00480,运行/运行/ATP-VSW/ATP-VSW-DOCK_HTVS_1-001_lib/ATP-VSW-DOCK_HTVS_1-001_lib
ATP-HTVS-F62C08D65C28,64449,Cc1ccc(-c2nn(-c3ccccc3)cc2C[NH2+][C@H](C(=O)[O-])c2ccc(C)cc2)cc1,c1ccc(C[NH2+]Cc2cn(-c3ccccc3)nc2-c2ccccc2)cc1,-3.93550920768678,0.3915441176470589,0.225,0.26666666666666666,WSA280,XQBWCRMKNUAPEC-UHFFFAOYSA-N,10.1021/acsomega.5c06380,运行/运行/ATP-VSW/ATP-VSW-DOCK_HTVS_1-001_lib/ATP-VSW-DOCK_HTVS_1-001_lib
ATP-HTVS-F63C80F910BB,35107,C[NH+](C)Cc1ccc(CCNc2nc(NCc3cccc(S(N)(=O)=O)c3)c3ccccc3[nH+]2)cc1,c1ccc(CCNc2nc(NCc3ccccc3)c3ccccc3[nH+]2)cc1,-5.69704200641799,0.9497549019607843,0.20930232558139536,0.3194444444444444,compound 15 (Steed 2022),RIDDIWJTDCGXDH-NRFANRHFSA-N,10.1021/acsomega.2c03127,运行/运行/ATP-VSW/ATP-VSW-DOCK_HTVS_1-003_lib/ATP-VSW-DOCK_HTVS_1-003_lib.mae
ATP-HTVS-F6463DC49025,85091,C[C@H](C#N)N(c1ccccc1)c1cc2ccccc2nc1NC(=O)[C@H](c1ccc(Cl)cc1)N(C)C,O=C(Cc1ccccc1)Nc1nc2ccccc2cc1Nc1ccccc1,-3.32162740343645,0.19852941176470584,0.2716049382716049,0.25609756097560976,compound 15 (Steed 2022),RIDDIWJTDCGXDH-NRFANRHFSA-N,10.1021/acsomega.2c03127,运行/运行/ATP-VSW/ATP-VSW-DOCK_HTVS_1-003_lib/ATP-VSW-DOCK_HTVS_1-003_lib.mae
ATP-HTVS-F666156B37DE,83426,CN(C(=O)c1sccc1NCc1ccc(C[NH+](C)C)cc1)c1ccc(Cl)cc1N,O=C(Nc1ccccc1)c1sccc1NCc1ccccc1,-3.86252714637769,0.3609068627450981,0.18823529411764706,0.25,compound 1 (Fraunfelter 2023),WIDVPHSBAXLSEU-LJQANCHMSA-N,10.1021/acsinfecdis.3c00317,运行/运行/ATP-VSW/ATP-VSW-DOCK_HTVS_1-002_lib.maegz
ATP-HTVS-F6E066811CCA,93985,N#CN(c1ccccc1)c1c(NC(=O)c2ccccc2F)cnc2ccccc12,O=C(Nc1cnc2ccccc2c1Nc1ccccc1)c1ccccc1,-3.91958239876819,0.38174019607843135,0.21052631578947367,0.21052631578947367,Ward2024 compound 19,PXXYITLVUSHXPN-UHFFFAOYSA-N,10.1021/acsmedchemlett.3c00480,运行/运行/ATP-VSW/ATP-VSW-DOCK_HTVS_1-001_lib/ATP-VSW-DOCK_HTVS_1-001_lib
ATP-HTVS-F716E067906C,34083,O=C1CN(Cc2cc(Cl)cc(I)c2)[C@@H](c2ccccc2)c2ccccc2N1,O=C1CN(Cc2ccccc2)C(c2ccccc2)c2ccccc2N1,-0.724581891030828,0.004901960784313708,0.17647058823529413,0.17647058823529413,WSA298,IZWVLJVCXHHUOO-UHFFFAOYSA-N,10.1021/acsomega.5c06380,运行/运行/ATP-VSW/ATP-VSW-DOCK_HTVS_1-003_lib/ATP-VSW-DOCK_HTVS_1-003_lib.mae
ATP-HTVS-F7366BF3987A,91202,C[C@@H]([NH2+]CC#Cc1c(NC(=O)c2cccc(O)c2)cnc2ccccc12)c1ccccc1,O=C(Nc1cnc2ccccc2c1C#CC[NH2+]Cc1ccccc1)c1ccccc1,-4.33624818808883,0.5465686274509804,0.27710843373493976,0.2911392405063291,compound 15 (Steed 2022),RIDDIWJTDCGXDH-NRFANRHFSA-N,10.1021/acsomega.2c03127,运行/运行/ATP-VSW/ATP-VSW-DOCK_HTVS_1-002_lib.maegz
ATP-HTVS-F7676420B267,82209,O=C(CCc1ccc(S)cc1)Nc1c[nH+]c2ccccc2c1NCc1ccc(NCCO)cc1,O=C(CCc1ccccc1)Nc1c[nH+]c2ccccc2c1NCc1ccccc1,-3.88893989519298,0.36887254901960786,0.2073170731707317,0.2345679012345679,compound 8 (Steed 2022),ROJPDORYZONAPF-UHFFFAOYSA-N,10.1021/acsomega.2c03127,运行/运行/ATP-VSW/ATP-VSW-DOCK_HTVS_1-001_lib/ATP-VSW-DOCK_HTVS_1-001_lib
ATP-HTVS-F79E64AB5B06,93986,N#CN(c1ccccc1)c1cc2ccccc2nc1NC(=O)c1cccc(F)c1,O=C(Nc1nc2ccccc2cc1Nc1ccccc1)c1ccccc1,-3.33716751499667,0.20220588235294112,0.25675675675675674,0.25675675675675674,compound 8 (Steed 2022),ROJPDORYZONAPF-UHFFFAOYSA-N,10.1021/acsomega.2c03127,运行/运行/ATP-VSW/ATP-VSW-DOCK_HTVS_1-003_lib/ATP-VSW-DOCK_HTVS_1-003_lib.mae
ATP-HTVS-F7B411FBCEC8,33283,O=C1CN(Cc2cc(Br)cc(Br)c2)[C@@H](c2ccccc2)c2ccccc2N1,O=C1CN(Cc2ccccc2)C(c2ccccc2)c2ccccc2N1,-1.20724597120847,0.01899509803921573,0.1875,0.1875,WSA257,NLTZNXHLSWPGMA-UHFFFAOYSA-N,10.1002/cmdc.202400952,运行/运行/ATP-VSW/ATP-VSW-DOCK_HTVS_1-003_lib/ATP-VSW-DOCK_HTVS_1-003_lib.mae
ATP-HTVS-F7CD2DD67DA6,82467,C[NH+](C)Cc1ccc(CNc2c(NC(=O)CCc3ccc4c(c3)OCO4)c[nH+]c3ccccc23)cc1,O=C(CCc1ccc2c(c1)OCO2)Nc1c[nH+]c2ccccc2c1NCc1ccccc1,-5.07414639241721,0.84375,0.19101123595505617,0.3157894736842105,compound 8 (Steed 2022),ROJPDORYZONAPF-UHFFFAOYSA-N,10.1021/acsomega.2c03127,运行/运行/ATP-VSW/ATP-VSW-DOCK_HTVS_1-003_lib/ATP-VSW-DOCK_HTVS_1-003_lib.mae
ATP-HTVS-F7D4BFA34903,39425,C[NH+](C)Cc1ccc(CC[NH2+]Cc2cn(CCC#N)nc2-c2ccc(Cl)cc2)cc1,c1ccc(CC[NH2+]Cc2c[nH]nc2-c2ccccc2)cc1,-4.96526412391853,0.8112745098039216,0.16326530612244897,0.2602739726027397,WSA297,GXYVJEJKTGYEDL-UHFFFAOYSA-N,10.1021/acsomega.5c06380,运行/运行/ATP-VSW/ATP-VSW-DOCK_HTVS_1-001_lib/ATP-VSW-DOCK_HTVS_1-001_lib
ATP-HTVS-F7EFD494BF14,96481,C[NH+](C)Cc1ccc(Nc2nc(N)c(-c3ccccc3)c3cccc(F)c23)cc1,c1ccc(Nc2ncc(-c3ccccc3)c3ccccc23)cc1,-4.16730979791928,0.47549019607843135,0.19230769230769232,0.29411764705882354,compound 8 (Steed 2022),ROJPDORYZONAPF-UHFFFAOYSA-N,10.1021/acsomega.2c03127,运行/运行/ATP-VSW/ATP-VSW-DOCK_HTVS_1-002_lib.maegz
ATP-HTVS-F89CD1E9CA34,79201,OCCNc1ccc(CNc2c[nH+]cc(Br)c2OCc2ccccc2)cc1,c1ccc(CNc2c[nH+]ccc2OCc2ccccc2)cc1,-3.35177627367656,0.20710784313725494,0.22077922077922077,0.25333333333333335,compound 15 (Steed 2022),RIDDIWJTDCGXDH-NRFANRHFSA-N,10.1021/acsomega.2c03127,运行/运行/ATP-VSW/ATP-VSW-DOCK_HTVS_1-001_lib/ATP-VSW-DOCK_HTVS_1-001_lib
ATP-HTVS-F8BD3C119C5E,34435,O[C@H](C[NH2+][C@@H](c1ccccn1)c1cc2ccccc2o1)c1ccccc1Cl,c1ccc(CC[NH2+]C(c2ccccn2)c2cc3ccccc3o2)cc1,-6.25521085706323,0.9889705882352942,0.18181818181818182,0.19230769230769232,Ward2024 compound 19,PXXYITLVUSHXPN-UHFFFAOYSA-N,10.1021/acsmedchemlett.3c00480,运行/运行/ATP-VSW/ATP-VSW-DOCK_HTVS_1-003_lib/ATP-VSW-DOCK_HTVS_1-003_lib.mae
ATP-HTVS-F8C49F655F6D,82083,CN(CC(=O)Nc1nc2ccccc2cc1Nc1ccc(NCCO)cc1)c1ccccc1,O=C(CNc1ccccc1)Nc1nc2ccccc2cc1Nc1ccccc1,-5.52359989451645,0.9264705882352942,0.3150684931506849,0.3150684931506849,compound 8 (Steed 2022),ROJPDORYZONAPF-UHFFFAOYSA-N,10.1021/acsomega.2c03127,运行/运行/ATP-VSW/ATP-VSW-DOCK_HTVS_1-003_lib/ATP-VSW-DOCK_HTVS_1-003_lib.mae
ATP-HTVS-F8CA9C936D19,66177,C[C@@H]([NH2+]Cc1csc(CC(=O)Nc2ccccc2)n1)c1ccc(C[NH+](C)C)cc1,O=C(Cc1nc(C[NH2+]Cc2ccccc2)cs1)Nc1ccccc1,-5.1904878490302,0.8768382352941176,0.2692307692307692,0.32857142857142857,compound 8 (Steed 2022),ROJPDORYZONAPF-UHFFFAOYSA-N,10.1021/acsomega.2c03127,运行/运行/ATP-VSW/ATP-VSW-DOCK_HTVS_1-001_lib/ATP-VSW-DOCK_HTVS_1-001_lib
ATP-HTVS-F8CD80CEA373,94177,N#CN(C(=O)c1[nH]c2ccccc2c1NCCNc1ccc(Cl)cc1)c1ccccc1,O=C(Nc1ccccc1)c1[nH]c2ccccc2c1NCCNc1ccccc1,-3.51786680946636,0.23713235294117652,0.19318181818181818,0.19318181818181818,compound 19 (Steed 2022),DHQKBEDPXLHXAJ-OAQYLSRUSA-N,10.1021/acsomega.2c03127,运行/运行/ATP-VSW/ATP-VSW-DOCK_HTVS_1-001_lib/ATP-VSW-DOCK_HTVS_1-001_lib
ATP-HTVS-F8D08A3E140C,71809,COc1ccccc1C(=O)Nc1nc2ccccc2cc1NCc1ccc(C[NH+](C)C)cc1,O=C(Nc1nc2ccccc2cc1NCc1ccccc1)c1ccccc1,-4.04917486199149,0.4375,0.3424657534246575,0.4090909090909091,compound 8 (Steed 2022),ROJPDORYZONAPF-UHFFFAOYSA-N,10.1021/acsomega.2c03127,运行/运行/ATP-VSW/ATP-VSW-DOCK_HTVS_1-001_lib/ATP-VSW-DOCK_HTVS_1-001_lib
ATP-HTVS-F8D25E752EF8,79427,O=C1CN(Cc2ccccc2C(=O)NCCO)[C@H](c2ccccc2)c2ccccc2N1,O=C1CN(Cc2ccccc2)C(c2ccccc2)c2ccccc2N1,-3.34273397361502,0.2052696078431373,0.15384615384615385,0.15384615384615385,WSA236,CJWSCOKTAUPKHM-UHFFFAOYSA-N,10.1002/cmdc.202400952,运行/运行/ATP-VSW/ATP-VSW-DOCK_HTVS_1-003_lib/ATP-VSW-DOCK_HTVS_1-003_lib.mae
ATP-HTVS-F92825C2DD85,36035,O=C(Cn1c(NCCc2ccc(CO)cc2)nc2ccccc21)c1ccccc1,O=C(Cn1c(NCCc2ccccc2)nc2ccccc21)c1ccccc1,-4.32588501956729,0.5435049019607843,0.2898550724637681,0.2898550724637681,compound 8 (Steed 2022),ROJPDORYZONAPF-UHFFFAOYSA-N,10.1021/acsomega.2c03127,运行/运行/ATP-VSW/ATP-VSW-DOCK_HTVS_1-003_lib/ATP-VSW-DOCK_HTVS_1-003_lib.mae
ATP-HTVS-F937C5B79A0E,20675,C[C@](N)(C(=O)n1nc(-c2cccc(F)c2F)cc1CC[NH2+]Cc1ccccc1)c1ccccc1,O=C(Cc1ccccc1)n1nc(-c2ccccc2)cc1CC[NH2+]Cc1ccccc1,-5.66648269514303,0.9442401960784313,0.18478260869565216,0.25316455696202533,WSA236,CJWSCOKTAUPKHM-UHFFFAOYSA-N,10.1002/cmdc.202400952,运行/运行/ATP-VSW/ATP-VSW-DOCK_HTVS_1-003_lib/ATP-VSW-DOCK_HTVS_1-003_lib.mae
ATP-HTVS-F93F310E89BE,68578,C[NH+](C)Cc1cc(CNc2nc3ccccc3nc2NCc2ccc(C#N)c(Cl)c2)ccc1F,c1ccc(CNc2nc3ccccc3nc2NCc2ccccc2)cc1,-4.51798694248071,0.6378676470588236,0.2465753424657534,0.34328358208955223,Ward2024 compound 1,DVUDEYVEBQKKMF-UHFFFAOYSA-N,10.1021/acsmedchemlett.3c00480,运行/运行/ATP-VSW/ATP-VSW-DOCK_HTVS_1-002_lib.maegz
ATP-HTVS-F97015D0DCF4,74337,C[NH+](C)Cc1cccc(CNc2c(NC(=O)c3cc(F)cc(C#N)c3)c[nH+]c3ccccc23)c1,O=C(Nc1c[nH+]c2ccccc2c1NCc1ccccc1)c1ccccc1,-3.66122677714146,0.2763480392156863,0.1717171717171717,0.25609756097560976,compound 18 (Steed 2022),DCLANSSFVIGXHQ-OAQYLSRUSA-N,10.1021/acsomega.2c03127,运行/运行/ATP-VSW/ATP-VSW-DOCK_HTVS_1-001_lib/ATP-VSW-DOCK_HTVS_1-001_lib
ATP-HTVS-F99370747DC9,42113,Cc1cccc(CNc2nc(NCc3ccc(F)c(CN(C)C)c3)c3ccccc3[nH+]2)c1,c1ccc(CNc2nc(NCc3ccccc3)c3ccccc3[nH+]2)cc1,-2.48476670519994,0.11948529411764708,0.29577464788732394,0.34328358208955223,Ward2024 compound 1,DVUDEYVEBQKKMF-UHFFFAOYSA-N,10.1021/acsmedchemlett.3c00480,运行/运行/ATP-VSW/ATP-VSW-DOCK_HTVS_1-001_lib/ATP-VSW-DOCK_HTVS_1-001_lib
ATP-HTVS-F9B5ED51D5DA,81571,CC[NH+](CC)Cc1ccc(CNc2cnc3ccccc3c2NC(=O)Cc2ccc(F)c(C#N)c2)cc1,O=C(Cc1ccccc1)Nc1c(NCc2ccccc2)cnc2ccccc12,-4.73144566594342,0.7310049019607843,0.26136363636363635,0.275,compound 1 (Fraunfelter 2023),WIDVPHSBAXLSEU-LJQANCHMSA-N,10.1021/acsinfecdis.3c00317,运行/运行/ATP-VSW/ATP-VSW-DOCK_HTVS_1-003_lib/ATP-VSW-DOCK_HTVS_1-003_lib.mae
ATP-HTVS-F9EAD73A28F1,29603,CCN(CC)[C@@H](CNCc1nc2ccccc2n1Cc1ccccc1)c1cccc(OC)c1,c1ccc(CCNCc2nc3ccccc3n2Cc2ccccc2)cc1,-2.64915801521619,0.13051470588235292,0.3058823529411765,0.3058823529411765,WSA296,HCBCVTVDQQQYPH-UHFFFAOYSA-N,10.1021/acsomega.5c06380,运行/运行/ATP-VSW/ATP-VSW-DOCK_HTVS_1-003_lib/ATP-VSW-DOCK_HTVS_1-003_lib.mae
ATP-HTVS-F9F42C67BCEC,77858,C[NH+](C)Cc1cccc(CNc2cc(C(=O)NCc3ccccc3)sc2Cl)c1,O=C(NCc1ccccc1)c1cc(NCc2ccccc2)cs1,-3.75454372119379,0.3118872549019608,0.20253164556962025,0.2608695652173913,compound 15 (Steed 2022),RIDDIWJTDCGXDH-NRFANRHFSA-N,10.1021/acsomega.2c03127,运行/运行/ATP-VSW/ATP-VSW-DOCK_HTVS_1-002_lib.maegz
ATP-HTVS-FA0319FBED9B,77281,C[NH2+]CCc1ccc(NC(=O)c2c[nH+]c3ccc(F)cc3c2N(C)[C@@H](C#N)c2ccccc2)cc1,O=C(Nc1ccccc1)c1c[nH+]c2ccccc2c1NCc1ccccc1,-5.17905081615349,0.8743872549019608,0.21978021978021978,0.2247191011235955,compound 8 (Steed 2022),ROJPDORYZONAPF-UHFFFAOYSA-N,10.1021/acsomega.2c03127,运行/运行/ATP-VSW/ATP-VSW-DOCK_HTVS_1-001_lib/ATP-VSW-DOCK_HTVS_1-001_lib
ATP-HTVS-FA2DABCA7F05,83075,C[NH+](C)Cc1ccccc1C(=O)Nc1c(NCC(=O)c2cccc(Cl)c2)cnc2ccccc12,O=C(CNc1cnc2ccccc2c1NC(=O)c1ccccc1)c1ccccc1,-4.11034688848641,0.4589460784313726,0.23076923076923078,0.24050632911392406,compound 18 (Steed 2022),DCLANSSFVIGXHQ-OAQYLSRUSA-N,10.1021/acsomega.2c03127,运行/运行/ATP-VSW/ATP-VSW-DOCK_HTVS_1-003_lib/ATP-VSW-DOCK_HTVS_1-003_lib.mae
ATP-HTVS-FAA4B7BBA523,36065,C[NH+](C)Cc1cccc(NC(=O)Nc2cc(-c3ccccc3)nc3ccccc23)c1,O=C(Nc1ccccc1)Nc1cc(-c2ccccc2)nc2ccccc12,-4.42208158051949,0.5882352941176471,0.2631578947368421,0.29411764705882354,compound 15 (Steed 2022),RIDDIWJTDCGXDH-NRFANRHFSA-N,10.1021/acsomega.2c03127,运行/运行/ATP-VSW/ATP-VSW-DOCK_HTVS_1-001_lib/ATP-VSW-DOCK_HTVS_1-001_lib
ATP-HTVS-FAB6E8368155,91075,C=C[C@@H](NC(=O)c1cc(NCc2cccc(C[NH+](C)C)c2)cs1)c1ccccc1,O=C(NCc1ccccc1)c1cc(NCc2ccccc2)cs1,-4.52193757739847,0.6403186274509804,0.2289156626506024,0.24691358024691357,compound 15 (Steed 2022),RIDDIWJTDCGXDH-NRFANRHFSA-N,10.1021/acsomega.2c03127,运行/运行/ATP-VSW/ATP-VSW-DOCK_HTVS_1-003_lib/ATP-VSW-DOCK_HTVS_1-003_lib.mae
ATP-HTVS-FACA1D344F25,57537,Cc1ccncc1CN(C)c1nc(NCc2ccc(C[NH+](C)C)cc2)[nH+]c2ccccc12,c1ccc(CNc2nc(NCc3cccnc3)c3ccccc3[nH+]2)cc1,-4.7778429954561,0.75,0.23376623376623376,0.36363636363636365,Ward2024 compound 1,DVUDEYVEBQKKMF-UHFFFAOYSA-N,10.1021/acsmedchemlett.3c00480,运行/运行/ATP-VSW/ATP-VSW-DOCK_HTVS_1-001_lib/ATP-VSW-DOCK_HTVS_1-001_lib
ATP-HTVS-FACA9080893C,78018,CCN(CC)Cc1cccc(CNc2cc3ccccc3nc2NC(=O)C[C@@H](C#N)c2ccccc2)c1,O=C(CCc1ccccc1)Nc1nc2ccccc2cc1NCc1ccccc1,-0.732116905532498,0.006127450980392135,0.3048780487804878,0.30120481927710846,compound 15 (Steed 2022),RIDDIWJTDCGXDH-NRFANRHFSA-N,10.1021/acsomega.2c03127,运行/运行/ATP-VSW/ATP-VSW-DOCK_HTVS_1-002_lib.maegz
ATP-HTVS-FB09B772C34B,61507,Cc1cc(CNc2nc(NCc3ccccc3C[NH+](C)C)[nH+]c3ccccc23)ccc1N,c1ccc(CNc2nc(NCc3ccccc3)c3ccccc3[nH+]2)cc1,-3.43346422373664,0.2193627450980392,0.20481927710843373,0.3283582089552239,compound 1 (Fraunfelter 2023),WIDVPHSBAXLSEU-LJQANCHMSA-N,10.1021/acsinfecdis.3c00317,运行/运行/ATP-VSW/ATP-VSW-DOCK_HTVS_1-003_lib/ATP-VSW-DOCK_HTVS_1-003_lib.mae
ATP-HTVS-FB368C7A9127,88323,C[NH+](C)Cc1cc(N2CCC(=O)N(Cc3ccc(Cl)cc3)c3ccccc32)ccc1F,O=C1CCN(c2ccccc2)c2ccccc2N1Cc1ccccc1,-3.59794683884504,0.2591911764705882,0.24719101123595505,0.2714285714285714,WSA297,GXYVJEJKTGYEDL-UHFFFAOYSA-N,10.1021/acsomega.5c06380,运行/运行/ATP-VSW/ATP-VSW-DOCK_HTVS_1-003_lib/ATP-VSW-DOCK_HTVS_1-003_lib.mae
ATP-HTVS-FBBE5B904E6C,68643,Cc1[nH+]c2ccccn2c1[C@@H](CSc1ccccc1)NCc1cccc(C[NH+](C)C)c1,c1ccc(CNC(CSc2ccccc2)c2c[nH+]c3ccccn23)cc1,-4.84821828314652,0.7702205882352942,0.19767441860465115,0.3055555555555556,WSA280,XQBWCRMKNUAPEC-UHFFFAOYSA-N,10.1021/acsomega.5c06380,运行/运行/ATP-VSW/ATP-VSW-DOCK_HTVS_1-003_lib/ATP-VSW-DOCK_HTVS_1-003_lib.mae
ATP-HTVS-FBE624773B31,69761,C[NH+](C)Cc1ccccc1C(=O)Nc1c(N(CC#N)c2ccccc2)cnc2ccccc12,O=C(Nc1c(Nc2ccccc2)cnc2ccccc12)c1ccccc1,-3.4399363541087,0.22120098039215685,0.2159090909090909,0.24390243902439024,compound 18 (Steed 2022),DCLANSSFVIGXHQ-OAQYLSRUSA-N,10.1021/acsomega.2c03127,运行/运行/ATP-VSW/ATP-VSW-DOCK_HTVS_1-001_lib/ATP-VSW-DOCK_HTVS_1-001_lib
ATP-HTVS-FC258B4525E9,43202,CC[NH+](CC)Cc1ccccc1C[NH2+]Cc1csc(COc2ccc(OC)cc2)n1,c1ccc(C[NH2+]Cc2csc(COc3ccccc3)n2)cc1,-4.21756373878038,0.4944852941176471,0.19767441860465115,0.2839506172839506,WSA278,JWHCVPMRQDOIHA-UHFFFAOYSA-N,10.1021/acsomega.5c06380,运行/运行/ATP-VSW/ATP-VSW-DOCK_HTVS_1-002_lib.maegz
ATP-HTVS-FC28EB1BA5EE,84353,CC[NH+](CC)Cc1cccc(CNc2cnc3ccccc3c2NC(=O)c2cc(F)ccc2C#N)c1,O=C(Nc1c(NCc2ccccc2)cnc2ccccc12)c1ccccc1,-4.01867650326417,0.42585784313725494,0.2127659574468085,0.21505376344086022,compound 1 (Fraunfelter 2023),WIDVPHSBAXLSEU-LJQANCHMSA-N,10.1021/acsinfecdis.3c00317,运行/运行/ATP-VSW/ATP-VSW-DOCK_HTVS_1-001_lib/ATP-VSW-DOCK_HTVS_1-001_lib
ATP-HTVS-FC30DD28CEC3,23971,COCC[N@H+](C)Cc1ccc(C[N@@H+](C)Cc2nc3ccccc3c(-c3ccccc3)c2Cl)cc1,c1ccc(C[NH2+]Cc2cc(-c3ccccc3)c3ccccc3n2)cc1,-4.45263911953867,0.6041666666666667,0.21333333333333335,0.2647058823529412,compound 8 (Steed 2022),ROJPDORYZONAPF-UHFFFAOYSA-N,10.1021/acsomega.2c03127,运行/运行/ATP-VSW/ATP-VSW-DOCK_HTVS_1-003_lib/ATP-VSW-DOCK_HTVS_1-003_lib.mae
ATP-HTVS-FC39CD496C36,2019,Cc1ccc([C@@H](CNc2cc(-c3ccccn3)[nH+]c3ccccc23)[NH+](C)C)cc1,c1ccc(CCNc2cc(-c3ccccn3)[nH+]c3ccccc23)cc1,-3.02395128541612,0.1611519607843137,0.18823529411764706,0.2361111111111111,WSA280,XQBWCRMKNUAPEC-UHFFFAOYSA-N,10.1021/acsomega.5c06380,运行/运行/ATP-VSW/ATP-VSW-DOCK_HTVS_1-003_lib/ATP-VSW-DOCK_HTVS_1-003_lib.mae
ATP-HTVS-FC732D287CB6,71265,C[NH+](C)Cc1ccc(CNc2cc3ccccc3nc2NC(=O)Cc2ccc(C#N)cc2)cc1,O=C(Cc1ccccc1)Nc1nc2ccccc2cc1NCc1ccccc1,-5.55592145779039,0.928921568627451,0.3287671232876712,0.4375,compound 8 (Steed 2022),ROJPDORYZONAPF-UHFFFAOYSA-N,10.1021/acsomega.2c03127,运行/运行/ATP-VSW/ATP-VSW-DOCK_HTVS_1-001_lib/ATP-VSW-DOCK_HTVS_1-001_lib
ATP-HTVS-FC91B4531E6F,71458,Cc1ccc(CC(=O)Nc2c(N(c3ccccc3)[C@H](C)C#N)cnc3ccccc23)cc1,O=C(Cc1ccccc1)Nc1c(Nc2ccccc2)cnc2ccccc12,-3.75103745705692,0.31066176470588236,0.2911392405063291,0.275,compound 15 (Steed 2022),RIDDIWJTDCGXDH-NRFANRHFSA-N,10.1021/acsomega.2c03127,运行/运行/ATP-VSW/ATP-VSW-DOCK_HTVS_1-002_lib.maegz
ATP-HTVS-FCCFF683ADF4,53123,N#CCCCc1ccc(CN2CC(=O)Nc3ccc(Cl)cc3[C@@H]2c2ccccc2F)cc1,O=C1CN(Cc2ccccc2)C(c2ccccc2)c2ccccc2N1,-2.21908390745017,0.09252450980392157,0.17204301075268819,0.17204301075268819,WSA298,IZWVLJVCXHHUOO-UHFFFAOYSA-N,10.1021/acsomega.5c06380,运行/运行/ATP-VSW/ATP-VSW-DOCK_HTVS_1-003_lib/ATP-VSW-DOCK_HTVS_1-003_lib.mae
ATP-HTVS-FD26B682FD2E,69634,C[NH+](C)Cc1cccc(CNc2cnc(NC(=O)Cc3ccccc3)c(-n3cccc3)c2)c1,O=C(Cc1ccccc1)Nc1ncc(NCc2ccccc2)cc1-n1cccc1,-4.3951611416954,0.576593137254902,0.25,0.27380952380952384,compound 15 (Steed 2022),RIDDIWJTDCGXDH-NRFANRHFSA-N,10.1021/acsomega.2c03127,运行/运行/ATP-VSW/ATP-VSW-DOCK_HTVS_1-002_lib.maegz
ATP-HTVS-FD637A018D73,72994,CN(Cc1sc2ccccc2c1NCc1cccc(C[NH+](C)C)c1)C(=O)c1cccc(C#N)c1,O=C(NCc1sc2ccccc2c1NCc1ccccc1)c1ccccc1,-4.18338748528722,0.4822303921568627,0.1702127659574468,0.20987654320987653,compound 1 (Fraunfelter 2023),WIDVPHSBAXLSEU-LJQANCHMSA-N,10.1021/acsinfecdis.3c00317,运行/运行/ATP-VSW/ATP-VSW-DOCK_HTVS_1-002_lib.maegz
ATP-HTVS-FD8D954BBECF,27202,C[NH+](C)Cc1cc(F)ccc1C[NH2+]Cc1c(-c2ccccc2)nn2ccccc12,c1ccc(C[NH2+]Cc2c(-c3ccccc3)nn3ccccc23)cc1,-5.32017851323543,0.8988970588235294,0.19767441860465115,0.29411764705882354,WSA298,IZWVLJVCXHHUOO-UHFFFAOYSA-N,10.1021/acsomega.5c06380,运行/运行/ATP-VSW/ATP-VSW-DOCK_HTVS_1-002_lib.maegz
ATP-HTVS-FDA25AF4FB7A,28449,CCc1cc(F)ccc1CN1CC(=O)Nc2ccccc2[C@@H]1c1ccccc1,O=C1CN(Cc2ccccc2)C(c2ccccc2)c2ccccc2N1,-1.86073470843373,0.06801470588235292,0.23170731707317074,0.23170731707317074,WSA298,IZWVLJVCXHHUOO-UHFFFAOYSA-N,10.1021/acsomega.5c06380,运行/运行/ATP-VSW/ATP-VSW-DOCK_HTVS_1-001_lib/ATP-VSW-DOCK_HTVS_1-001_lib
ATP-HTVS-FDB0B4A5AF84,91043,Cc1nccc(NC(=O)c2ccccc2)c1NCc1ccc(C[NH+](C)C)cc1,O=C(Nc1ccncc1NCc1ccccc1)c1ccccc1,-4.0570925598645,0.43933823529411764,0.24,0.3076923076923077,compound 15 (Steed 2022),RIDDIWJTDCGXDH-NRFANRHFSA-N,10.1021/acsomega.2c03127,运行/运行/ATP-VSW/ATP-VSW-DOCK_HTVS_1-003_lib/ATP-VSW-DOCK_HTVS_1-003_lib.mae
ATP-HTVS-FDB0F1EC6F74,93059,CSCCNC(=O)c1cccc(CN2CC(=O)Nc3ccccc3[C@@H]2c2ccccc2)c1F,O=C1CN(Cc2ccccc2)C(c2ccccc2)c2ccccc2N1,-5.45391423146877,0.9191176470588235,0.22988505747126436,0.2159090909090909,compound 17 (Steed 2022),HXWNUGNSPIOUKJ-HNNXBMFYSA-N,10.1021/acsomega.2c03127,运行/运行/ATP-VSW/ATP-VSW-DOCK_HTVS_1-003_lib/ATP-VSW-DOCK_HTVS_1-003_lib.mae
ATP-HTVS-FDDF48EBDCF8,78017,CC[NH+](CC)Cc1cccc(CNc2cnc3ccccc3c2NC(=O)C[C@@H](C#N)c2ccccc2)c1,O=C(CCc1ccccc1)Nc1c(NCc2ccccc2)cnc2ccccc12,-4.45599054129568,0.6066176470588236,0.25,0.24719101123595505,compound 15 (Steed 2022),RIDDIWJTDCGXDH-NRFANRHFSA-N,10.1021/acsomega.2c03127,运行/运行/ATP-VSW/ATP-VSW-DOCK_HTVS_1-001_lib/ATP-VSW-DOCK_HTVS_1-001_lib
ATP-HTVS-FE1522AA7EF8,69793,C[NH+](C)Cc1cccc(CNc2nc(-c3ccccc3)c3ccccc3n2)c1,c1ccc(CNc2nc(-c3ccccc3)c3ccccc3n2)cc1,-4.34980457228018,0.5551470588235294,0.2537313432835821,0.35,Ward2024 compound 6,LKLACXNGVWXYAW-UHFFFAOYSA-N,10.1021/acsmedchemlett.3c00480,运行/运行/ATP-VSW/ATP-VSW-DOCK_HTVS_1-001_lib/ATP-VSW-DOCK_HTVS_1-001_lib
ATP-HTVS-FE34E3A925C6,76803,C[NH+](C)Cc1ccc(CNc2ccsc2C(=O)N(CC#N)Cc2ccccc2)cc1,O=C(NCc1ccccc1)c1sccc1NCc1ccccc1,-3.88785421325528,0.36764705882352944,0.19736842105263158,0.2753623188405797,Ward2024 compound 1,DVUDEYVEBQKKMF-UHFFFAOYSA-N,10.1021/acsmedchemlett.3c00480,运行/运行/ATP-VSW/ATP-VSW-DOCK_HTVS_1-003_lib/ATP-VSW-DOCK_HTVS_1-003_lib.mae
ATP-HTVS-FE46C3AF7461,49283,O=C([O-])CCCc1ccc(C[NH2+]Cc2cn(Cc3ccccc3)nc2-c2ccccc2)cc1,c1ccc(C[NH2+]Cc2cn(Cc3ccccc3)nc2-c2ccccc2)cc1,-4.56034552065314,0.65625,0.24358974358974358,0.37681159420289856,WSA294,FPTVNOKSIHPUTA-UHFFFAOYSA-N,10.1021/acsomega.5c06380,运行/运行/ATP-VSW/ATP-VSW-DOCK_HTVS_1-003_lib/ATP-VSW-DOCK_HTVS_1-003_lib.mae
ATP-HTVS-FE5B2EC4EA23,74370,C[NH+](C)Cc1cccc(CNc2cc3ccccc3nc2NC(=O)c2cc(F)ccc2C#N)c1,O=C(Nc1nc2ccccc2cc1NCc1ccccc1)c1ccccc1,-4.67979509796644,0.7095588235294117,0.26744186046511625,0.3333333333333333,compound 1 (Fraunfelter 2023),WIDVPHSBAXLSEU-LJQANCHMSA-N,10.1021/acsinfecdis.3c00317,运行/运行/ATP-VSW/ATP-VSW-DOCK_HTVS_1-002_lib.maegz
ATP-HTVS-FE5F78CE8672,67267,CC(C)(C)c1ccc(C[NH2+]Cc2ccncc2OCc2ccccc2)cc1,c1ccc(C[NH2+]Cc2ccncc2OCc2ccccc2)cc1,-4.95711055598277,0.8088235294117647,0.2328767123287671,0.30666666666666664,compound 15 (Steed 2022),RIDDIWJTDCGXDH-NRFANRHFSA-N,10.1021/acsomega.2c03127,运行/运行/ATP-VSW/ATP-VSW-DOCK_HTVS_1-003_lib/ATP-VSW-DOCK_HTVS_1-003_lib.mae
ATP-HTVS-FE6FB0E22990,82851,C[NH+](C)Cc1cccc(CNc2c(NC(=O)Cc3cccc(Cl)n3)c[nH+]c3ccccc23)c1,O=C(Cc1ccccn1)Nc1c[nH+]c2ccccc2c1NCc1ccccc1,-4.7968813911865,0.7573529411764706,0.23529411764705882,0.2891566265060241,compound 8 (Steed 2022),ROJPDORYZONAPF-UHFFFAOYSA-N,10.1021/acsomega.2c03127,运行/运行/ATP-VSW/ATP-VSW-DOCK_HTVS_1-003_lib/ATP-VSW-DOCK_HTVS_1-003_lib.mae
ATP-HTVS-FE9A1A55DD78,56195,C[NH+](C)Cc1ccc(NC(=O)Cn2c(Cc3ccccc3)nc3ccccc32)cc1,O=C(Cn1c(Cc2ccccc2)nc2ccccc21)Nc1ccccc1,-4.57127764880107,0.6611519607843137,0.29577464788732394,0.3333333333333333,compound 8 (Steed 2022),ROJPDORYZONAPF-UHFFFAOYSA-N,10.1021/acsomega.2c03127,运行/运行/ATP-VSW/ATP-VSW-DOCK_HTVS_1-003_lib/ATP-VSW-DOCK_HTVS_1-003_lib.mae
ATP-HTVS-FEA784CAFC0E,72481,Cc1cccc([C@H](O)CNc2c[nH]/c(=N/C(=O)[C@H](Cl)c3ccccc3)c3ccccc23)c1,O=C(Cc1ccccc1)N=c1[nH]cc(NCCc2ccccc2)c2ccccc12,-1.60612474839051,0.04227941176470584,0.20454545454545456,0.23529411764705882,compound 18 (Steed 2022),DCLANSSFVIGXHQ-OAQYLSRUSA-N,10.1021/acsomega.2c03127,运行/运行/ATP-VSW/ATP-VSW-DOCK_HTVS_1-001_lib/ATP-VSW-DOCK_HTVS_1-001_lib
ATP-HTVS-FEB80F9C0A7B,34530,C[NH+](C)[C@H](CNc1[nH+]c2ccccc2n1CC(=O)c1ccccc1)c1ccc(F)cc1,O=C(Cn1c(NCCc2ccccc2)[nH+]c2ccccc21)c1ccccc1,-4.43602883433728,0.5943627450980392,0.1839080459770115,0.2191780821917808,WSA298,IZWVLJVCXHHUOO-UHFFFAOYSA-N,10.1021/acsomega.5c06380,运行/运行/ATP-VSW/ATP-VSW-DOCK_HTVS_1-002_lib.maegz
ATP-HTVS-FEE4C5F961F6,56193,CCN(CCOC)Cc1ccc(CN(C)Cc2nc3ccccc3n2Cc2ccc(Cl)cc2)cc1,c1ccc(CNCc2nc3ccccc3n2Cc2ccccc2)cc1,-1.65273942795434,0.0490196078431373,0.24324324324324326,0.24324324324324326,Ward2024 compound 1,DVUDEYVEBQKKMF-UHFFFAOYSA-N,10.1021/acsmedchemlett.3c00480,运行/运行/ATP-VSW/ATP-VSW-DOCK_HTVS_1-001_lib/ATP-VSW-DOCK_HTVS_1-001_lib
ATP-HTVS-FF081A1D735D,85411,CNc1cc(Cl)ccc1Nc1cnc(NC(=O)c2ccccc2)c2ccccc12,O=C(Nc1ncc(Nc2ccccc2)c2ccccc12)c1ccccc1,-4.75510008332164,0.7401960784313726,0.17857142857142858,0.175,compound 18 (Steed 2022),DCLANSSFVIGXHQ-OAQYLSRUSA-N,10.1021/acsomega.2c03127,运行/运行/ATP-VSW/ATP-VSW-DOCK_HTVS_1-003_lib/ATP-VSW-DOCK_HTVS_1-003_lib.mae
ATP-HTVS-FF167463AED4,74019,C[NH+](C)Cc1ccc(CNc2c(NC(=O)c3cccc(C#N)c3Cl)c[nH+]c3ccccc23)cc1,O=C(Nc1c[nH+]c2ccccc2c1NCc1ccccc1)c1ccccc1,-4.88399342983979,0.7818627450980392,0.16666666666666666,0.28205128205128205,compound 8 (Steed 2022),ROJPDORYZONAPF-UHFFFAOYSA-N,10.1021/acsomega.2c03127,运行/运行/ATP-VSW/ATP-VSW-DOCK_HTVS_1-003_lib/ATP-VSW-DOCK_HTVS_1-003_lib.mae
ATP-HTVS-FF1C1E5A01F9,79491,CC[NH+](CC)Cc1ccc(CNc2c(NC(=O)c3cccc(CS)c3)c[nH+]c3ccccc23)cc1,O=C(Nc1c[nH+]c2ccccc2c1NCc1ccccc1)c1ccccc1,-4.00357618948129,0.4191176470588235,0.19101123595505617,0.2597402597402597,compound 1 (Fraunfelter 2023),WIDVPHSBAXLSEU-LJQANCHMSA-N,10.1021/acsinfecdis.3c00317,运行/运行/ATP-VSW/ATP-VSW-DOCK_HTVS_1-003_lib/ATP-VSW-DOCK_HTVS_1-003_lib.mae
ATP-HTVS-FF63783F1DD1,25825,CCNC(=O)c1cccc(C[NH2+]C[C@@H]2c3ccccc3C(=O)N2Cc2ccccc2)c1,O=C1c2ccccc2C(C[NH2+]Cc2ccccc2)N1Cc1ccccc1,-5.10529777735234,0.8535539215686274,0.20454545454545456,0.23529411764705882,WSA236,CJWSCOKTAUPKHM-UHFFFAOYSA-N,10.1002/cmdc.202400952,运行/运行/ATP-VSW/ATP-VSW-DOCK_HTVS_1-001_lib/ATP-VSW-DOCK_HTVS_1-001_lib
ATP-HTVS-FF886C71D805,65665,C[C@@H](CN(C)C(=O)c1oc2ccccc2c1COc1ccccc1)NC(=O)c1ccccc1C[NH+](C)C,O=C(NCCNC(=O)c1oc2ccccc2c1COc1ccccc1)c1ccccc1,-4.73008693975647,0.7297794117647058,0.1978021978021978,0.2159090909090909,compound 15 (Steed 2022),RIDDIWJTDCGXDH-NRFANRHFSA-N,10.1021/acsomega.2c03127,运行/运行/ATP-VSW/ATP-VSW-DOCK_HTVS_1-001_lib/ATP-VSW-DOCK_HTVS_1-001_lib
ATP-HTVS-FFCF51BF8290,81826,C[NH+](C)Cc1cccc(CNc2csc(CC(=O)Nc3ccccc3)c2)c1,O=C(Cc1cc(NCc2ccccc2)cs1)Nc1ccccc1,-3.84560850291888,0.35477941176470584,0.24324324324324326,0.2608695652173913,compound 8 (Steed 2022),ROJPDORYZONAPF-UHFFFAOYSA-N,10.1021/acsomega.2c03127,运行/运行/ATP-VSW/ATP-VSW-DOCK_HTVS_1-002_lib.maegz
ATP-HTVS-FFD71C24E98D,18978,CNS(=O)(=O)Cc1ccccc1C[NH2+]Cc1cn(Cc2ccccc2)nc1-c1cccc(C)c1,c1ccc(C[NH2+]Cc2cn(Cc3ccccc3)nc2-c2ccccc2)cc1,-4.59867026837176,0.6764705882352942,0.25925925925925924,0.32894736842105265,WSA294,FPTVNOKSIHPUTA-UHFFFAOYSA-N,10.1021/acsomega.5c06380,运行/运行/ATP-VSW/ATP-VSW-DOCK_HTVS_1-002_lib.maegz
ATP-HTVS-FFE3AC9FC45B,90851,CN(c1c(NC(=O)c2cc(Cl)cc(Cl)c2)c[nH+]c2ccccc12)[C@@H](C#N)c1ccccc1,O=C(Nc1c[nH+]c2ccccc2c1NCc1ccccc1)c1ccccc1,-3.9403001603173,0.3933823529411765,0.18888888888888888,0.22727272727272727,compound 18 (Steed 2022),DCLANSSFVIGXHQ-OAQYLSRUSA-N,10.1021/acsomega.2c03127,运行/运行/ATP-VSW/ATP-VSW-DOCK_HTVS_1-003_lib/ATP-VSW-DOCK_HTVS_1-003_lib.mae
