rdkit_canonical_smiles,scaffold,organism_species,unit_normalized,compound_ids,measurement_count,activity_value_median,activity_value_min,activity_value_max,label_log10,source_level,confidence,reference_count,sample_weight
Br.CCN(CC)CCn1c(=N)n(CCCOc2ccc(Cl)cc2Cl)c2ccccc21,N=c1[nH]c2ccccc2n1CCCOc1ccccc1,Acinetobacter baumannii,μg/mL,CHEMBL3355434,2,12.5,12.5,12.5,1.0969100130080565,B,high,1,1.0
BrC1=CC2=CC=C(CN3CCCC3)C=CC=NC(SCc3ccccc3)=C1CNC2,C1=CC(CN2CCCC2)=CC=C2C=CC(=C(SCc3ccccc3)N=C1)CNC2,Acinetobacter baumannii,μg/mL,WSA293,2,48.0,32.0,64.0,1.6812412373755872,A,high,1,1.0
BrC1=CC2CCNCC1=C(SCc1ccccc1)N=CCCN(C1CCCC1)CC2,C1=CC2CCNCC1=C(SCc1ccccc1)N=CCCN(C1CCCC1)CC2,Acinetobacter baumannii,μg/mL,WSA301,1,128.0,128.0,128.0,2.1072099696478683,A,high,1,1.0
BrC1=CC=C2N=C3SCC2=CC=CC=CC2CCCCC4=CCCN2CCC1CCNCC3=C4,C1=CC=C2CSC3=NC2=CC=CC2CCNCC3=CC3=CCCN(CC2)C(C=C1)CCCC3,Acinetobacter baumannii,μg/mL,WSA255,2,16.0,16.0,16.0,1.2041199826559248,A,high,1,1.0
BrC1=CC=C2N=C3SCC2=CC=CC=CC2CCCCC4=CCCN2CCC1CCNCC3=C4,C1=CC=C2CSC3=NC2=CC=CC2CCNCC3=CC3=CCCN(CC2)C(C=C1)CCCC3,Pseudomonas aeruginosa,μg/mL,WSA255,1,32.0,32.0,32.0,1.505149978319906,A,high,1,1.0
Brc1c(-c2ccc(-c3[nH]c4cc(C5=NCCN5)ccc4c3Br)cc2)[nH]c2cc(C3=NCCN3)ccc12.O=C(O)C(F)(F)F,c1cc2cc(-c3ccc(-c4cc5ccc(C6=NCCN6)cc5[nH]4)cc3)[nH]c2cc1C1=NCCN1,Acinetobacter baumannii,μg/mL,CHEMBL3094498,1,1.25,1.25,1.25,0.09691001300805642,B,high,1,1.0
C#CCN1CC/C(=C\C2=C(C(=O)O)N3C(=O)[C@@H](NC(=O)/C(=N\O)c4csc(N)n4)[C@H]3SC2)C1=O,N=C(C(=O)N[C@@H]1C(=O)N2C=C(/C=C3\CCNC3=O)CS[C@H]12)c1cscn1,Pseudomonas aeruginosa,μg/mL,CHEMBL54607,1,8.0,8.0,8.0,0.9030899869919435,B,high,1,1.0
C#CCNC(=N)N(C)CCCCCCCCNCCCCCCCCNC(=N)N.O=C(O)C(F)(F)F.O=C(O)C(F)(F)F.O=C(O)C(F)(F)F,C#CCNC(=N)N(C)CCCCCCCCNCCCCCCCCNC(=N)N.O=C(O)C(F)(F)F.O=C(O)C(F)(F)F.O=C(O)C(F)(F)F,Acinetobacter baumannii,μg/mL,CHEMBL3353628,1,256.0,256.0,256.0,2.4082399653118496,B,high,1,1.0
C#CCNC(=N)NCCCCCCCCNCCCCCCCCNC(=N)N.O=C(O)C(F)(F)F.O=C(O)C(F)(F)F.O=C(O)C(F)(F)F,C#CCNC(=N)NCCCCCCCCNCCCCCCCCNC(=N)N.O=C(O)C(F)(F)F.O=C(O)C(F)(F)F.O=C(O)C(F)(F)F,Acinetobacter baumannii,μg/mL,CHEMBL3353614,1,128.0,128.0,128.0,2.1072099696478683,B,high,1,1.0
C#CCO/N=C(/C(=O)N[C@H]1CN2CC(S(C)(=O)=O)=C(C(=O)O)N2C1=O)c1csc(N)n1,N=C(C(=O)N[C@H]1CN2CC=CN2C1=O)c1cscn1,Escherichia coli,μg/mL,CHEMBL111024,1,0.25,0.25,0.25,-0.6020599913279624,B,high,1,1.0
C#CCO/N=C(/C(=O)N[C@H]1CN2CC(S(C)(=O)=O)=C(C(=O)O)N2C1=O)c1csc(N)n1,N=C(C(=O)N[C@H]1CN2CC=CN2C1=O)c1cscn1,Klebsiella pneumoniae,μg/mL,CHEMBL111024,1,0.125,0.125,0.125,-0.9030899869919435,B,high,1,1.0
C#CCO/N=C(\C(=O)NC1C(=O)N2C(C(=O)O)=C(Sc3cc(N)nc(N)n3)CSC12)c1csc(N)n1,N=C(C(=O)NC1C(=O)N2C=C(Sc3ccncn3)CSC12)c1cscn1,Klebsiella pneumoniae,μg/mL,CHEMBL64002,1,2.0,2.0,2.0,0.3010299956639812,B,high,1,1.0
C(=C\Cc1cc2ccc(C3=NCCCN3)cc2[nH]1)/Cc1cc2ccc(C3=NCCCN3)cc2[nH]1.O=C(O)C(F)(F)F,C(=C\Cc1cc2ccc(C3=NCCCN3)cc2[nH]1)/Cc1cc2ccc(C3=NCCCN3)cc2[nH]1,Acinetobacter baumannii,μg/mL,CHEMBL3094512,1,20.0,20.0,20.0,1.3010299956639813,B,high,1,1.0
C/C(=C\C(=O)OCCCCCCCCC(=O)O)C[C@@H]1OC[C@H](C[C@@H]2O[C@H]2[C@@H](C)[C@H](C)O)[C@@H](O)[C@H]1O,C1COC[C@H](C[C@H]2CO2)C1,Acinetobacter baumannii,μg/mL,CHEMBL719,1,512.0,512.0,512.0,2.709269960975831,B,high,1,1.0
C/C(=C\[C@@H]1CCCN1)C1=C(C(=O)O)N2C(=O)[C@H]([C@@H](C)O)[C@H]2C1,O=C1C[C@H]2CC(C=C[C@@H]3CCCN3)=CN12,Pseudomonas aeruginosa,μg/mL,CHEMBL90121,1,3.13,3.13,3.13,0.49554433754644844,B,high,1,1.0
C/C(=C\c1ncc(-c2cc([N+](=O)[O-])cs2)o1)C[C@@H]1OC[C@H](C[C@@H]2O[C@H]2[C@@H](C)[C@H](C)O)[C@@H](O)[C@H]1O,C(=Cc1ncc(-c2cccs2)o1)C[C@H]1CC[C@@H](C[C@H]2CO2)CO1,Klebsiella pneumoniae,μg/mL,CHEMBL120798,1,32.0,32.0,32.0,1.505149978319906,B,high,1,1.0
C/C(=C\c1ncc(-c2csc([N+](=O)[O-])c2)o1)C[C@@H]1OC[C@H](C[C@@H]2O[C@H]2[C@@H](C)[C@H](C)O)[C@@H](O)[C@H]1O,C(=Cc1ncc(-c2ccsc2)o1)C[C@H]1CC[C@@H](C[C@H]2CO2)CO1,Escherichia coli,μg/mL,CHEMBL122825,1,32.0,32.0,32.0,1.505149978319906,B,high,1,1.0
C/C(=C\c1ncc(-c2csc([N+](=O)[O-])c2)o1)C[C@@H]1OC[C@H](C[C@@H]2O[C@H]2[C@@H](C)[C@H](C)O)[C@@H](O)[C@H]1O,C(=Cc1ncc(-c2ccsc2)o1)C[C@H]1CC[C@@H](C[C@H]2CO2)CO1,Klebsiella pneumoniae,μg/mL,CHEMBL122825,1,64.0,64.0,64.0,1.806179973983887,B,high,1,1.0
C/C(=C\c1ncc(-c2ncc([N+](=O)[O-])n2C)o1)C[C@@H]1OC[C@H](C[C@@H]2O[C@H]2[C@@H](C)[C@H](C)O)[C@@H](O)[C@H]1O,C(=Cc1ncc(-c2ncc[nH]2)o1)C[C@H]1CC[C@@H](C[C@H]2CO2)CO1,Escherichia coli,μg/mL,CHEMBL333204,1,1.0,1.0,1.0,0.0,B,high,1,1.0
C/C(N)=N\CCO[C@H]1CCC[C@H]2C1=C(C(=O)[O-])N1C(=O)[C@H]([C@@H](C)O)[C@@H]21.[Na+],O=C1C[C@H]2[C@H]3CCCCC3=CN12,Escherichia coli,μg/mL,CHEMBL61340,2,750.0,500.0,1000.0,2.8750612633917,B,high,1,1.0
C/C(N)=N\CCO[C@H]1CCC[C@H]2C1=C(C(=O)[O-])N1C(=O)[C@H]([C@@H](C)O)[C@@H]21.[Na+],O=C1C[C@H]2[C@H]3CCCCC3=CN12,Pseudomonas aeruginosa,μg/mL,CHEMBL61340,1,32000.0,32000.0,32000.0,4.505149978319906,B,high,1,1.0
C/C=C(\C)C(=O)OCC1=C(C(=O)O)N2C(=O)[C@@H](NC(=O)/C(=N\O)c3cnc(N)s3)[C@H]2SC1,N=C(C(=O)N[C@@H]1C(=O)N2C=CCS[C@H]12)c1cncs1,Escherichia coli,μg/mL,CHEMBL158561,3,0.25,0.12,0.5,-0.6020599913279624,B,high,1,1.0
C/C=C(\C)C(=O)OCC1=C(C(=O)O)N2C(=O)[C@@H](NC(=O)/C(=N\O)c3cnc(N)s3)[C@H]2SC1,N=C(C(=O)N[C@@H]1C(=O)N2C=CCS[C@H]12)c1cncs1,Klebsiella pneumoniae,μg/mL,CHEMBL158561,1,0.5,0.5,0.5,-0.3010299956639812,B,high,1,1.0
C/C=C/CNC(=N)NCCCCCCCCN1CCCCCCCCNC(=N)NC1=O.O=C(O)C(F)(F)F.O=C(O)C(F)(F)F,N=C1NCCCCCCCCNC(=O)N1,Acinetobacter baumannii,μg/mL,CHEMBL3353618,1,32.0,32.0,32.0,1.505149978319906,B,high,1,1.0
C/C=C/CNC(=N)NCCCCCCN1CCCCCCCCNC(=N)NC1=O.O=C(O)C(F)(F)F.O=C(O)C(F)(F)F,N=C1NCCCCCCCCNC(=O)N1,Acinetobacter baumannii,μg/mL,CHEMBL3353622,1,256.0,256.0,256.0,2.4082399653118496,B,high,1,1.0
C/C=C/c1cc(Cc2cnc(N)nc2N)cc(/C=C/C)c1OC,c1ccc(Cc2cncnc2)cc1,Klebsiella pneumoniae,μg/mL,CHEMBL301030,1,100.0,100.0,100.0,2.0,B,high,1,1.0
C/C=C/c1cc(Cc2cnc(N)nc2N)cc(CCC)c1OC,c1ccc(Cc2cncnc2)cc1,Klebsiella pneumoniae,μg/mL,CHEMBL60821,1,100.0,100.0,100.0,2.0,B,high,1,1.0
C/C=C/c1cc(Cc2cnc(N)nc2N)cc(OC)c1OC,c1ccc(Cc2cncnc2)cc1,Klebsiella pneumoniae,μg/mL,CHEMBL23338,1,10.0,10.0,10.0,1.0,B,high,1,1.0
C/C=C\C=C\[C@@H]1O[C@](O)([C@H](CC)C(=O)NC/C=C/C=C(\C)[C@@H](OC)[C@@H](C)C(O)[C@@H](O)/C=C/C=C/C=C/C=C(\C)C(=O)c2c(O)ccn(C)c2=O)C[C@H](O)C1(C)C,O=C(CC1CCCCO1)NC/C=C/C=CCCCC/C=C/C=C/C=C/C=CC(=O)c1ccc[nH]c1=O,Acinetobacter baumannii,μg/mL,CHEMBL3218567,8,16.0,8.0,128.0,1.2041199826559248,B,high,1,1.0
C1=CC(CN2CCCC2)=CC=C2C=CC(=C(SCc3ccccc3)N=C1)CNC2,C1=CC(CN2CCCC2)=CC=C2C=CC(=C(SCc3ccccc3)N=C1)CNC2,Acinetobacter baumannii,μg/mL,WSA267,2,128.0,128.0,128.0,2.1072099696478683,A,high,1,1.0
C1=CC=C2C=C2C2=C(SCc3ccccc3)N=CC=CC(CN3CCCC3)=CC=C(C=C1)CNC2,C1=CC=C2C=C2C2=C(SCc3ccccc3)N=CC=CC(CN3CCCC3)=CC=C(C=C1)CNC2,Acinetobacter baumannii,μg/mL,WSA294,2,32.0,32.0,32.0,1.505149978319906,A,high,1,1.0
C1=CC=C2C=C2C2=C(SCc3ccccc3)N=CCCN(C3CCCC3)CCC(C=C1)CCNC2,C1=CC=C2C=C2C2=C(SCc3ccccc3)N=CCCN(C3CCCC3)CCC(C=C1)CCNC2,Acinetobacter baumannii,μg/mL,WSA302,2,64.0,64.0,64.0,1.806179973983887,A,high,1,1.0
C1=CC=C2C=CC=C3N=C(SC2)C2=CC4=CCCN(CCC(C=C1)CCNC2)C3CCCC4,C1=CC=C2C=CC=C3N=C(SC2)C2=CC4=CCCN(CCC(C=C1)CCNC2)C3CCCC4,Pseudomonas aeruginosa,μg/mL,WSA238,3,32.0,8.0,64.0,1.505149978319906,A,high,1,1.0
C1=CC=C2C=CC=c3nc(c4cc3=CN=CNC=C(C=C1)CCNC4)SC2,C1=CC=C2C=CC=c3nc(c4cc3=CN=CNC=C(C=C1)CCNC4)SC2,Pseudomonas aeruginosa,μg/mL,WARD2024-22,3,32.0,16.0,64.0,1.505149978319906,A,high,1,1.0
C1=CC=C2CSC3=NC2=CC=C(c2ccccc2)C2CCNCC3=CC3=CCCN(CC2)C(C=C1)CCCC3,C1=CC=C2CSC3=NC2=CC=C(c2ccccc2)C2CCNCC3=CC3=CCCN(CC2)C(C=C1)CCCC3,Acinetobacter baumannii,μg/mL,WSA262,2,32.0,32.0,32.0,1.505149978319906,A,high,1,1.0
C1=CC=C2CSC3=NC2=CC=C(c2ccccc2)C2CCNCC3=CC3=CCCN(CC2)C(C=C1)CCCC3,C1=CC=C2CSC3=NC2=CC=C(c2ccccc2)C2CCNCC3=CC3=CCCN(CC2)C(C=C1)CCCC3,Pseudomonas aeruginosa,μg/mL,WSA262,1,64.0,64.0,64.0,1.806179973983887,A,high,1,1.0
C1=CC=C2CSC3=NC2=CC=CC2=CC=C4C=CC=C(C=C3CNC2)CCCCN(C=C1)C4,C1=CC=C2CSC3=NC2=CC=CC2=CC=C4C=CC=C(C=C3CNC2)CCCCN(C=C1)C4,Acinetobacter baumannii,μg/mL,WSA249,2,48.0,32.0,64.0,1.6812412373755872,A,high,1,1.0
C1=CC=C2CSC3=NC2=CC=CC2=CC=C4C=CC=C(C=C3CNC2)CCCCN(C=C1)C4,C1=CC=C2CSC3=NC2=CC=CC2=CC=C4C=CC=C(C=C3CNC2)CCCCN(C=C1)C4,Pseudomonas aeruginosa,μg/mL,WSA249,1,16.0,16.0,16.0,1.2041199826559248,A,high,1,1.0
C1=CC=C2CSC3=NC2=CC=CC2CCNCC3=CC3=CCCN(CC2)C(C=C1)CCCC3,C1=CC=C2CSC3=NC2=CC=CC2CCNCC3=CC3=CCCN(CC2)C(C=C1)CCCC3,Acinetobacter baumannii,μg/mL,WSA238,2,32.0,32.0,32.0,1.505149978319906,A,high,1,1.0
C1=CC=C2CSC3=NC2=CC=CC2CCNCC3=CC3=CCCN(CC2)C(C=C1)CCCC3,C1=CC=C2CSC3=NC2=CC=CC2CCNCC3=CC3=CCCN(CC2)C(C=C1)CCCC3,Pseudomonas aeruginosa,μg/mL,WSA238,1,32.0,32.0,32.0,1.505149978319906,A,high,1,1.0
C=C(C)C(=O)OCC1=C(C(=O)O)N2C(=O)[C@@H](NC(=O)/C(=N\O)c3cnc(N)s3)[C@H]2SC1,N=C(C(=O)N[C@@H]1C(=O)N2C=CCS[C@H]12)c1cncs1,Escherichia coli,μg/mL,CHEMBL352157,2,0.09,0.06,0.12,-1.0457574905606752,B,high,1,1.0
C=C(C)C(=O)OCC1=C(C(=O)O)N2C(=O)[C@@H](NC(=O)/C(=N\O)c3cnc(N)s3)[C@H]2SC1,N=C(C(=O)N[C@@H]1C(=O)N2C=CCS[C@H]12)c1cncs1,Klebsiella pneumoniae,μg/mL,CHEMBL352157,1,0.12,0.12,0.12,-0.9208187539523752,B,high,1,1.0
C=C(C)C(=O)OCC1=C(C(=O)O)N2C(=O)[C@@H](NC(=O)/C(=N\O)c3cnc(N)s3)[C@H]2SC1,N=C(C(=O)N[C@@H]1C(=O)N2C=CCS[C@H]12)c1cncs1,Pseudomonas aeruginosa,μg/mL,CHEMBL352157,1,64.0,64.0,64.0,1.806179973983887,B,high,1,1.0
C=C(C)CNC(=N)NCCCCCCCCN1CCCCCCCCNC(=N)NC1=O.O=C(O)C(F)(F)F.O=C(O)C(F)(F)F,N=C1NCCCCCCCCNC(=O)N1,Acinetobacter baumannii,μg/mL,CHEMBL3353620,2,6.0,4.0,8.0,0.7781512503836436,B,high,1,1.0
C=C(C)CNC(=N)NCCCCCCN1CCCCCCCCNC(=N)NC1=O.O=C(O)C(F)(F)F.O=C(O)C(F)(F)F,N=C1NCCCCCCCCNC(=O)N1,Acinetobacter baumannii,μg/mL,CHEMBL3353623,1,256.0,256.0,256.0,2.4082399653118496,B,high,1,1.0
C=C(C)n1cc(C(=O)O)c(=O)c2cc(F)c(N3CCNCC3)cc21,O=c1cc[nH]c2cc(N3CCNCC3)ccc12,Escherichia coli,μg/mL,CHEMBL150947,1,0.13,0.13,0.13,-0.8860566476931632,B,high,1,1.0
C=C(C)n1cc(C(=O)O)c(=O)c2cc(F)c(N3CCNCC3)cc21,O=c1cc[nH]c2cc(N3CCNCC3)ccc12,Klebsiella pneumoniae,μg/mL,CHEMBL150947,1,0.25,0.25,0.25,-0.6020599913279624,B,high,1,1.0
C=C(C)n1cc(C(=O)O)c(=O)c2cc(F)c(N3CCNCC3)cc21,O=c1cc[nH]c2cc(N3CCNCC3)ccc12,Pseudomonas aeruginosa,μg/mL,CHEMBL150947,1,0.5,0.5,0.5,-0.3010299956639812,B,high,1,1.0
C=C(C)n1cc(C(=O)O)c(=O)c2cc(F)c(N3CCNCC3)nc21,O=c1cc[nH]c2nc(N3CCNCC3)ccc12,Escherichia coli,μg/mL,CHEMBL151424,1,0.13,0.13,0.13,-0.8860566476931632,B,high,1,1.0
C=C(C)n1cc(C(=O)O)c(=O)c2cc(F)c(N3CCNCC3)nc21,O=c1cc[nH]c2nc(N3CCNCC3)ccc12,Klebsiella pneumoniae,μg/mL,CHEMBL151424,1,0.13,0.13,0.13,-0.8860566476931632,B,high,1,1.0
C=C(C)n1cc(C(=O)O)c(=O)c2cc(F)c(N3CCNCC3)nc21,O=c1cc[nH]c2nc(N3CCNCC3)ccc12,Pseudomonas aeruginosa,μg/mL,CHEMBL151424,1,2.0,2.0,2.0,0.3010299956639812,B,high,1,1.0
C=C(C/C=C(\C)CCC=C(C)C)CCC(C)(C)/C=C/CC/C(C)=C\CO[C@H](COP(=O)(O)O[C@H]1O[C@@H](C(N)=O)[C@@](C)(O)[C@H](OC(N)=O)[C@@H]1O[C@@H]1O[C@@H](CO[C@@H]2O[C@@H](CO)[C@@H](O)[C@H](O)[C@@H]2O)[C@@H](O[C@@H]2O[C@@H](C)[C@@H](O[C@@H]3O[C@@H](C(=O)NC4=C(O)CCC4=O)[C@H](O)[C@H](O)[C@@H]3O)[C@H](O)[C@@H]2NC(C)=O)[C@@H](O)[C@@H]1NC(C)=O)C(=O)O,O=C1CCC=C1NC(=O)[C@H]1CCC[C@H](O[C@H]2CC[C@H](O[C@H]3CC[C@H](O[C@H]4CCCOC4)O[C@H]3CO[C@H]3CCCCO3)OC2)O1,Escherichia coli,μg/mL,CHEMBL2029020,1,0.025,0.025,0.025,-1.6020599913279623,B,high,1,1.0
C=C(CC(N)C(=O)O)CC(N)C(=O)O,C=C(CC(N)C(=O)O)CC(N)C(=O)O,Escherichia coli,μg/mL,CHEMBL8185,6,5.0,2.0,32.0,0.6989700043360189,B,high,1,1.0
C=C(CC(N)C(=O)O)CC(N)C(=O)O,C=C(CC(N)C(=O)O)CC(N)C(=O)O,Klebsiella pneumoniae,μg/mL,CHEMBL8185,1,32.0,32.0,32.0,1.505149978319906,B,high,1,1.0
C=C(CC(N)C(=O)O)CC(N)C(=O)O,C=C(CC(N)C(=O)O)CC(N)C(=O)O,Pseudomonas aeruginosa,μg/mL,CHEMBL8185,4,5.0,4.0,16.0,0.6989700043360189,B,high,1,1.0
C=C(C[C@@H](N)C(=O)O)C[C@@H](N)C(=O)O.C=C(C[C@H](N)C(=O)O)C[C@H](N)C(=O)O,C=C(C[C@@H](N)C(=O)O)C[C@@H](N)C(=O)O.C=C(C[C@H](N)C(=O)O)C[C@H](N)C(=O)O,Escherichia coli,μg/mL,CHEMBL1795040,4,8.0,2.0,16.0,0.9030899869919435,B,high,1,1.0
C=C(C[C@@H](N)C(=O)O)C[C@@H](N)C(=O)O.C=C(C[C@H](N)C(=O)O)C[C@H](N)C(=O)O,C=C(C[C@@H](N)C(=O)O)C[C@@H](N)C(=O)O.C=C(C[C@H](N)C(=O)O)C[C@H](N)C(=O)O,Klebsiella pneumoniae,μg/mL,CHEMBL1795040,1,16.0,16.0,16.0,1.2041199826559248,B,high,1,1.0
C=C(C[C@@H](N)C(=O)O)C[C@@H](N)C(=O)O.C=C(C[C@H](N)C(=O)O)C[C@H](N)C(=O)O,C=C(C[C@@H](N)C(=O)O)C[C@@H](N)C(=O)O.C=C(C[C@H](N)C(=O)O)C[C@H](N)C(=O)O,Pseudomonas aeruginosa,μg/mL,CHEMBL1795040,2,18.0,4.0,32.0,1.255272505103306,B,high,1,1.0
C=C(C[C@@H](N)C(=O)O)C[C@H](N)C(=O)O,C=C(C[C@@H](N)C(=O)O)C[C@H](N)C(=O)O,Escherichia coli,μg/mL,CHEMBL267077,4,3.0,2.0,32.0,0.47712125471966244,B,high,1,1.0
C=C(C[C@@H](N)C(=O)O)C[C@H](N)C(=O)O,C=C(C[C@@H](N)C(=O)O)C[C@H](N)C(=O)O,Klebsiella pneumoniae,μg/mL,CHEMBL267077,1,16.0,16.0,16.0,1.2041199826559248,B,high,1,1.0
C=C(C[C@@H](N)C(=O)O)C[C@H](N)C(=O)O,C=C(C[C@@H](N)C(=O)O)C[C@H](N)C(=O)O,Pseudomonas aeruginosa,μg/mL,CHEMBL267077,2,10.0,4.0,16.0,1.0,B,high,1,1.0
C=C1CCO[C@]2([C@@H](O)[C@@](C)(O)CO)NC(=O)[C@@]1(O)NC2=O,C=C1CCOC2NC(=O)C1NC2=O,Escherichia coli,μg/mL,CHEMBL1231250,1,250.0,250.0,250.0,2.3979400086720375,B,high,1,1.0
C=C1CCO[C@]2([C@@H](O)[C@@](C)(O)CO)NC(=O)[C@@]1(O)NC2=O,C=C1CCOC2NC(=O)C1NC2=O,Klebsiella pneumoniae,μg/mL,CHEMBL1231250,1,250.0,250.0,250.0,2.3979400086720375,B,high,1,1.0
C=CC(O)[C@H]1C(=O)N2C(C(=O)O)=C(SCc3ccccn3)[C@H](C)[C@H]12,O=C1C[C@H]2CC(SCc3ccccn3)=CN12,Klebsiella pneumoniae,μg/mL,CHEMBL426759,2,2.25,0.5,4.0,0.3521825181113625,B,high,1,1.0
C=CC1=C(C(=O)O)N2C(=O)[C@@H](NC(=O)/C(=N\O)c3csc(N)n3)[C@H]2SC1,N=C(C(=O)N[C@@H]1C(=O)N2C=CCS[C@H]12)c1cscn1,Escherichia coli,μg/mL,CHEMBL927,1,0.25,0.25,0.25,-0.6020599913279624,B,high,1,1.0
C=CC1=C(C(=O)O)N2C(=O)[C@@H](NC(=O)/C(=N\O)c3csc(N)n3)[C@H]2SC1,N=C(C(=O)N[C@@H]1C(=O)N2C=CCS[C@H]12)c1cscn1,Klebsiella pneumoniae,μg/mL,CHEMBL927,1,0.13,0.13,0.13,-0.8860566476931632,B,high,1,1.0
C=CC1=C(C(=O)O)N2C(=O)[C@@H](NC(=O)Cc3csc(N)n3)[C@H]2SC1,O=C(Cc1cscn1)N[C@@H]1C(=O)N2C=CCS[C@H]12,Klebsiella pneumoniae,μg/mL,CHEMBL60169,1,2.0,2.0,2.0,0.3010299956639812,B,high,1,1.0
C=CCCCO/N=C(/C(=O)N[C@H]1CN2CC(S(C)(=O)=O)=C(C(=O)O)N2C1=O)c1csc(N)n1,N=C(C(=O)N[C@H]1CN2CC=CN2C1=O)c1cscn1,Escherichia coli,μg/mL,CHEMBL448470,1,0.25,0.25,0.25,-0.6020599913279624,B,high,1,1.0
C=CCCCO/N=C(/C(=O)N[C@H]1CN2CC(S(C)(=O)=O)=C(C(=O)O)N2C1=O)c1csc(N)n1,N=C(C(=O)N[C@H]1CN2CC=CN2C1=O)c1cscn1,Klebsiella pneumoniae,μg/mL,CHEMBL448470,1,0.06,0.06,0.06,-1.2218487496163564,B,high,1,1.0
C=CCCCO/N=C(/C(=O)N[C@H]1CN2CC(S(C)(=O)=O)=C(C(=O)O)N2C1=O)c1csc(N)n1,N=C(C(=O)N[C@H]1CN2CC=CN2C1=O)c1cscn1,Pseudomonas aeruginosa,μg/mL,CHEMBL448470,1,128.0,128.0,128.0,2.1072099696478683,B,high,1,1.0
C=CCCO/N=C(/C(=O)N[C@H]1CN2CC(S(C)(=O)=O)=C(C(=O)O)N2C1=O)c1csc(N)n1,N=C(C(=O)N[C@H]1CN2CC=CN2C1=O)c1cscn1,Escherichia coli,μg/mL,CHEMBL320974,1,0.06,0.06,0.06,-1.2218487496163564,B,high,1,1.0
C=CCCO/N=C(/C(=O)N[C@H]1CN2CC(S(C)(=O)=O)=C(C(=O)O)N2C1=O)c1csc(N)n1,N=C(C(=O)N[C@H]1CN2CC=CN2C1=O)c1cscn1,Klebsiella pneumoniae,μg/mL,CHEMBL320974,1,0.015,0.015,0.015,-1.8239087409443189,B,high,1,1.0
C=CCCO/N=C(/C(=O)N[C@H]1CN2CC(S(C)(=O)=O)=C(C(=O)O)N2C1=O)c1csc(N)n1,N=C(C(=O)N[C@H]1CN2CC=CN2C1=O)c1cscn1,Pseudomonas aeruginosa,μg/mL,CHEMBL320974,1,128.0,128.0,128.0,2.1072099696478683,B,high,1,1.0
C=CCN1CC/C(=C\C2=C(C(=O)O)N3C(=O)[C@@H](NC(=O)/C(=N\O)c4csc(N)n4)[C@H]3SC2)C1=O,N=C(C(=O)N[C@@H]1C(=O)N2C=C(/C=C3\CCNC3=O)CS[C@H]12)c1cscn1,Pseudomonas aeruginosa,μg/mL,CHEMBL55283,1,16.0,16.0,16.0,1.2041199826559248,B,high,1,1.0
C=CCN1CCN(c2cc3c(cc2F)c(=O)c(C(=O)O)c2n3C(C)S2)CC1,O=c1cc2n(c3cc(N4CCNCC4)ccc13)CS2,Escherichia coli,μg/mL,CHEMBL141770,1,0.05,0.05,0.05,-1.3010299956639813,B,high,1,1.0
C=CCN1CCN(c2cc3c(cc2F)c(=O)c(C(=O)O)c2n3C(C)S2)CC1,O=c1cc2n(c3cc(N4CCNCC4)ccc13)CS2,Klebsiella pneumoniae,μg/mL,CHEMBL141770,1,0.05,0.05,0.05,-1.3010299956639813,B,high,1,1.0
C=CCN1CCN(c2cc3c(cc2F)c(=O)c(C(=O)O)c2n3C(C)S2)CC1,O=c1cc2n(c3cc(N4CCNCC4)ccc13)CS2,Pseudomonas aeruginosa,μg/mL,CHEMBL141770,1,0.78,0.78,0.78,-0.10790539730951958,B,high,1,1.0
C=CCN1CCc2c([n+]([O-])c3ccccc3[n+]2[O-])C1=O,O=C1NCCc2[nH+]c3ccccc3[nH+]c21,Escherichia coli,μg/mL,CHEMBL168993,1,3.12,3.12,3.12,0.4941545940184428,B,high,1,1.0
C=CCN1Cc2csc3c(C(=O)O)c(=O)c4cc(F)c(N5CCN(C)CC5)c1c4n23.Cl,O=c1cc2scc3n2c2c(c(N4CCNCC4)ccc12)NC3,Klebsiella pneumoniae,μg/mL,CHEMBL552913,1,12.5,12.5,12.5,1.0969100130080565,B,high,1,1.0
C=CCNC(=N)NCCCCCCCCN1CCCCCCCCNC(=N)NC1=O.O=C(O)C(F)(F)F.O=C(O)C(F)(F)F,N=C1NCCCCCCCCNC(=O)N1,Acinetobacter baumannii,μg/mL,CHEMBL3353621,1,64.0,64.0,64.0,1.806179973983887,B,high,1,1.0
C=CCO/N=C(/C(=O)N[C@H]1CN2CC(C#N)=C(C(=O)O)N2C1=O)c1csc(N)n1,N=C(C(=O)N[C@H]1CN2CC=CN2C1=O)c1cscn1,Escherichia coli,μg/mL,CHEMBL419927,1,0.125,0.125,0.125,-0.9030899869919435,B,high,1,1.0
C=CCO/N=C(/C(=O)N[C@H]1CN2CC(C#N)=C(C(=O)O)N2C1=O)c1csc(N)n1,N=C(C(=O)N[C@H]1CN2CC=CN2C1=O)c1cscn1,Klebsiella pneumoniae,μg/mL,CHEMBL419927,1,0.06,0.06,0.06,-1.2218487496163564,B,high,1,1.0
C=CCO/N=C(/C(=O)N[C@H]1CN2CC(S(=O)(=O)CC=C)=C(C(=O)O)N2C1=O)c1csc(N)n1,N=C(C(=O)N[C@H]1CN2CC=CN2C1=O)c1cscn1,Escherichia coli,μg/mL,CHEMBL110951,1,0.125,0.125,0.125,-0.9030899869919435,B,high,1,1.0
C=CCO/N=C(/C(=O)N[C@H]1CN2CC(S(=O)(=O)CC=C)=C(C(=O)O)N2C1=O)c1csc(N)n1,N=C(C(=O)N[C@H]1CN2CC=CN2C1=O)c1cscn1,Klebsiella pneumoniae,μg/mL,CHEMBL110951,1,0.03,0.03,0.03,-1.5228787452803376,B,high,1,1.0
C=CCO/N=C(/C(=O)N[C@H]1CN2CC(S(=O)(=O)CCC)=C(C(=O)O)N2C1=O)c1csc(N)n1,N=C(C(=O)N[C@H]1CN2CC=CN2C1=O)c1cscn1,Escherichia coli,μg/mL,CHEMBL113526,1,0.5,0.5,0.5,-0.3010299956639812,B,high,1,1.0
C=CCO/N=C(/C(=O)N[C@H]1CN2CC(S(=O)(=O)CCC)=C(C(=O)O)N2C1=O)c1csc(N)n1,N=C(C(=O)N[C@H]1CN2CC=CN2C1=O)c1cscn1,Klebsiella pneumoniae,μg/mL,CHEMBL113526,1,0.06,0.06,0.06,-1.2218487496163564,B,high,1,1.0
C=CCO/N=C(/C(=O)N[C@H]1CN2CC(S(C)(=O)=O)=C(C(=O)O)N2C1=O)c1csc(N)n1,N=C(C(=O)N[C@H]1CN2CC=CN2C1=O)c1cscn1,Escherichia coli,μg/mL,CHEMBL111525,1,0.125,0.125,0.125,-0.9030899869919435,B,high,1,1.0
C=CCO/N=C(/C(=O)N[C@H]1CN2CC(S(C)(=O)=O)=C(C(=O)O)N2C1=O)c1csc(N)n1,N=C(C(=O)N[C@H]1CN2CC=CN2C1=O)c1cscn1,Klebsiella pneumoniae,μg/mL,CHEMBL111525,1,0.03,0.03,0.03,-1.5228787452803376,B,high,1,1.0
C=CCO/N=C(/C(=O)N[C@H]1CN2CC(S(C)(=O)=O)=C(C(=O)O)N2C1=O)c1csc(N)n1,N=C(C(=O)N[C@H]1CN2CC=CN2C1=O)c1cscn1,Pseudomonas aeruginosa,μg/mL,CHEMBL111525,1,128.0,128.0,128.0,2.1072099696478683,B,high,1,1.0
C=CCO/N=C(\C(=O)N[C@@H]1C(=O)N2C(C(=O)O)=C(/C=C3\CCN(CC(F)(F)F)C3=O)CS[C@H]12)c1csc(N)n1,N=C(C(=O)N[C@@H]1C(=O)N2C=C(/C=C3\CCNC3=O)CS[C@H]12)c1cscn1,Escherichia coli,μg/mL,CHEMBL297912,1,1.0,1.0,1.0,0.0,B,high,1,1.0
C=CCO/N=C(\C(=O)N[C@@H]1C(=O)N2C(C(=O)O)=C(/C=C3\CCN(CC(F)(F)F)C3=O)CS[C@H]12)c1csc(N)n1,N=C(C(=O)N[C@@H]1C(=O)N2C=C(/C=C3\CCNC3=O)CS[C@H]12)c1cscn1,Pseudomonas aeruginosa,μg/mL,CHEMBL297912,1,8.0,8.0,8.0,0.9030899869919435,B,high,1,1.0
C=CCOc1cc(Cc2cnc(N)nc2N)cc(OC)c1OC,c1ccc(Cc2cncnc2)cc1,Klebsiella pneumoniae,μg/mL,CHEMBL59946,1,10.0,10.0,10.0,1.0,B,high,1,1.0
C=CCOc1ccc(Cc2cnc(N)nc2N)cc1,c1ccc(Cc2cncnc2)cc1,Klebsiella pneumoniae,μg/mL,CHEMBL57878,1,100.0,100.0,100.0,2.0,B,high,1,1.0
C=CCOc1ccc(Cc2cnc(N)nc2N)cc1OC,c1ccc(Cc2cncnc2)cc1,Klebsiella pneumoniae,μg/mL,CHEMBL412892,1,10.0,10.0,10.0,1.0,B,high,1,1.0
C=CCc1cc(Cc2cnc(N)nc2N)cc(CC=C)c1O,c1ccc(Cc2cncnc2)cc1,Klebsiella pneumoniae,μg/mL,CHEMBL59470,1,20.0,20.0,20.0,1.3010299956639813,B,high,1,1.0
C=CCc1cc(Cc2cnc(N)nc2N)cc(CCC)c1O,c1ccc(Cc2cncnc2)cc1,Klebsiella pneumoniae,μg/mL,CHEMBL24503,1,30.0,30.0,30.0,1.4771212547196624,B,high,1,1.0
C=CCc1cc(Cc2cnc(N)nc2N)cc(CCC)c1OC,c1ccc(Cc2cncnc2)cc1,Klebsiella pneumoniae,μg/mL,CHEMBL58550,1,100.0,100.0,100.0,2.0,B,high,1,1.0
C=CCc1cc(Cc2cnc(N)nc2N)cc(OC)c1O,c1ccc(Cc2cncnc2)cc1,Klebsiella pneumoniae,μg/mL,CHEMBL59416,1,0.3,0.3,0.3,-0.5228787452803376,B,high,1,1.0
C=CCc1cc(Cc2cnc(N)nc2N)cc(OC)c1OC,c1ccc(Cc2cncnc2)cc1,Klebsiella pneumoniae,μg/mL,CHEMBL282022,1,10.0,10.0,10.0,1.0,B,high,1,1.0
C=CCc1cc(Cc2cnc(N)nc2N)ccc1O,c1ccc(Cc2cncnc2)cc1,Klebsiella pneumoniae,μg/mL,CHEMBL59952,1,20.0,20.0,20.0,1.3010299956639813,B,high,1,1.0
C=Cc1sc[n+](CC2=C(C(=O)[O-])N3C(=O)[C@@H](NC(=O)/C(=N\OC)c4csc(N)n4)[C@H]3SC2)c1C,N=C(C(=O)N[C@@H]1C(=O)N2C=C(C[n+]3ccsc3)CS[C@H]12)c1cscn1,Klebsiella pneumoniae,μg/mL,CHEMBL67359,2,2.03,0.06,4.0,0.3074960379132129,B,high,1,1.0
C=Cn1cc(C(=O)O)c(=O)c2cc(F)c(N3CC(N)C3)nc21,O=c1cc[nH]c2nc(N3CCC3)ccc12,Pseudomonas aeruginosa,μg/mL,CHEMBL289750,1,0.39,0.39,0.39,-0.4089353929735008,B,high,1,1.0
C=Cn1cc(C(=O)O)c(=O)c2cc(F)c(N3CCC(CNCC)C3)c(F)c21,O=c1cc[nH]c2cc(N3CCCC3)ccc12,Escherichia coli,μg/mL,CHEMBL6312,2,0.15000000000000002,0.1,0.2,-0.8239087409443187,B,high,1,1.0
C=Cn1cc(C(=O)O)c(=O)c2cc(F)c(N3CCC(CNCC)C3)c(F)c21,O=c1cc[nH]c2cc(N3CCCC3)ccc12,Klebsiella pneumoniae,μg/mL,CHEMBL6312,1,0.4,0.4,0.4,-0.3979400086720376,B,high,1,1.0
C=Cn1cc(C(=O)O)c(=O)c2cc(F)c(N3CCC(CNCC)C3)c(F)c21,O=c1cc[nH]c2cc(N3CCCC3)ccc12,Pseudomonas aeruginosa,μg/mL,CHEMBL6312,1,1.6,1.6,1.6,0.2041199826559248,B,high,1,1.0
C=Cn1cc(C(=O)O)c(=O)c2cc(F)c(N3CCC(N(C)C(C)=O)C3)nc21,O=c1cc[nH]c2nc(N3CCCC3)ccc12,Pseudomonas aeruginosa,μg/mL,CHEMBL40118,1,25.0,25.0,25.0,1.3979400086720377,B,high,1,1.0
C=Cn1cc(C(=O)O)c(=O)c2cc(F)c(N3CCC(N(C)C)C3)nc21,O=c1cc[nH]c2nc(N3CCCC3)ccc12,Pseudomonas aeruginosa,μg/mL,CHEMBL39976,1,3.13,3.13,3.13,0.49554433754644844,B,high,1,1.0
C=Cn1cc(C(=O)O)c(=O)c2cc(F)c(N3CCC(N)C3)nc21,O=c1cc[nH]c2nc(N3CCCC3)ccc12,Pseudomonas aeruginosa,μg/mL,CHEMBL39156,1,0.2,0.2,0.2,-0.6989700043360187,B,high,1,1.0
C=Cn1cc(C(=O)O)c(=O)c2cc(F)c(N3CCC(NC(C)=O)C3)nc21,O=c1cc[nH]c2nc(N3CCCC3)ccc12,Pseudomonas aeruginosa,μg/mL,CHEMBL289877,1,12.5,12.5,12.5,1.0969100130080565,B,high,1,1.0
C=Cn1cc(C(=O)O)c(=O)c2cc(F)c(N3CCC(NC)C3)nc21,O=c1cc[nH]c2nc(N3CCCC3)ccc12,Pseudomonas aeruginosa,μg/mL,CHEMBL412431,1,0.78,0.78,0.78,-0.10790539730951958,B,high,1,1.0
C=Cn1cc(C(=O)O)c(=O)c2cc(F)c(N3CCC(NC=O)C3)nc21,O=c1cc[nH]c2nc(N3CCCC3)ccc12,Pseudomonas aeruginosa,μg/mL,CHEMBL38188,1,3.13,3.13,3.13,0.49554433754644844,B,high,1,1.0
C=Cn1cc(C(=O)O)c(=O)c2cc(F)c(N3CCC(NCC(F)(F)F)C3)nc21,O=c1cc[nH]c2nc(N3CCCC3)ccc12,Pseudomonas aeruginosa,μg/mL,CHEMBL39727,1,100.0,100.0,100.0,2.0,B,high,1,1.0
CC(/C=C/C(=O)C1=C(O)CN(C)C1=O)=C\c1ccc2ccccc2c1,O=C(/C=C/C=C/c1ccc2ccccc2c1)C1=CCNC1=O,Pseudomonas aeruginosa,μg/mL,CHEMBL274899,1,100.0,100.0,100.0,2.0,B,high,1,1.0
CC(/C=C/C(O)=C1\C(=O)CNC1=O)=C\c1ccc2ccccc2c1,O=C1CNC(=O)/C1=C/C=C/C=C/c1ccc2ccccc2c1,Pseudomonas aeruginosa,μg/mL,CHEMBL10299,1,100.0,100.0,100.0,2.0,B,high,1,1.0
CC(/C=C/C(O)=C1\C(=O)CNC1=O)=C\c1cccc2ccccc12,O=C1CNC(=O)/C1=C/C=C/C=C/c1cccc2ccccc12,Pseudomonas aeruginosa,μg/mL,CHEMBL10407,1,100.0,100.0,100.0,2.0,B,high,1,1.0
CC(=O)C1(c2ccccc2)CCN(Cc2oc(CCl)cc(=O)c2O)CC1,O=c1ccoc(CN2CCC(c3ccccc3)CC2)c1,Acinetobacter baumannii,μg/mL,CHEMBL1242000,2,10.0,4.0,16.0,1.0,B,high,1,1.0
CC(=O)N(C)C1CCN(c2nc3c(cc2F)c(=O)c(C(=O)O)cn3CCF)C1,O=c1cc[nH]c2nc(N3CCCC3)ccc12,Pseudomonas aeruginosa,μg/mL,CHEMBL290843,1,25.0,25.0,25.0,1.3979400086720377,B,high,1,1.0
CC(=O)N/C=C/SC1=C(C(=O)[O-])N2C(=O)[C@@H](C(C)(C)O)[C@H]2C1.[Na+],O=C1C[C@H]2CC=CN12,Escherichia coli,μg/mL,CHEMBL93702,1,3.13,3.13,3.13,0.49554433754644844,B,high,1,1.0
CC(=O)N/C=C/SC1=C(C(=O)[O-])N2C(=O)[C@@H](C(C)(C)O)[C@H]2C1.[Na+],O=C1C[C@H]2CC=CN12,Klebsiella pneumoniae,μg/mL,CHEMBL93702,1,0.39,0.39,0.39,-0.4089353929735008,B,high,1,1.0
CC(=O)N/C=C/SC1=C(C(=O)[O-])N2C(=O)[C@@H](C(C)(C)O)[C@H]2C1.[Na+],O=C1C[C@H]2CC=CN12,Pseudomonas aeruginosa,μg/mL,CHEMBL93702,1,12.5,12.5,12.5,1.0969100130080565,B,high,1,1.0
CC(=O)N/C=C/SC1=C(C(=O)[O-])N2C(=O)[C@@H](C(C)(C)OS(=O)(=O)[O-])[C@H]2C1.[Na+].[Na+],O=C1C[C@H]2CC=CN12,Escherichia coli,μg/mL,CHEMBL330690,2,4.6899999999999995,3.13,6.25,0.6711728427150833,B,high,1,1.0
CC(=O)N/C=C/SC1=C(C(=O)[O-])N2C(=O)[C@@H](C(C)(C)OS(=O)(=O)[O-])[C@H]2C1.[Na+].[Na+],O=C1C[C@H]2CC=CN12,Klebsiella pneumoniae,μg/mL,CHEMBL330690,1,6.25,6.25,6.25,0.7958800173440752,B,high,1,1.0
CC(=O)N/C=C/SC1=C(C(=O)[O-])N2C(=O)[C@@H](C(C)O)[C@H]2C1.[Na+],O=C1C[C@H]2CC=CN12,Klebsiella pneumoniae,μg/mL,CHEMBL328309,1,0.39,0.39,0.39,-0.4089353929735008,B,high,1,1.0
CC(=O)N/C=C/SC1=C(C(=O)[O-])N2C(=O)[C@@H](C(C)O)[C@H]2C1.[Na+],O=C1C[C@H]2CC=CN12,Pseudomonas aeruginosa,μg/mL,CHEMBL328309,1,100.0,100.0,100.0,2.0,B,high,1,1.0
CC(=O)N/C=C/SC1=C(C(=O)[O-])N2C(=O)[C@@H](C(C)OS(=O)(=O)[O-])[C@H]2C1.[Na+].[Na+],O=C1C[C@H]2CC=CN12,Klebsiella pneumoniae,μg/mL,CHEMBL330506,1,0.78,0.78,0.78,-0.10790539730951958,B,high,1,1.0
CC(=O)N/C=C/SC1=C(C(=O)[O-])N2C(=O)[C@@H](C(C)OS(=O)(=O)[O-])[C@H]2C1.[Na+].[Na+],O=C1C[C@H]2CC=CN12,Pseudomonas aeruginosa,μg/mL,CHEMBL330506,1,3.13,3.13,3.13,0.49554433754644844,B,high,1,1.0
CC(=O)N/C=C/[S+]([O-])C1=C(C(=O)[O-])N2C(=O)[C@@H](C(C)(C)O)[C@H]2C1.[Na+],O=C1C[C@H]2CC=CN12,Escherichia coli,μg/mL,CHEMBL328990,2,13.28,1.56,25.0,1.1231980750319988,B,high,1,1.0
CC(=O)N/C=C/[S+]([O-])C1=C(C(=O)[O-])N2C(=O)[C@@H](C(C)(C)O)[C@H]2C1.[Na+],O=C1C[C@H]2CC=CN12,Klebsiella pneumoniae,μg/mL,CHEMBL328990,2,1.17,0.78,1.56,0.06818586174616162,B,high,1,1.0
CC(=O)N/C=C/[S+]([O-])C1=C(C(=O)[O-])N2C(=O)[C@@H](C(C)(C)O)[C@H]2C1.[Na+],O=C1C[C@H]2CC=CN12,Pseudomonas aeruginosa,μg/mL,CHEMBL328990,2,15.625,6.25,25.0,1.193820026016113,B,high,1,1.0
CC(=O)N/C=C/[S+]([O-])C1=C(C(=O)[O-])N2C(=O)[C@@H](C(C)(C)OS(=O)(=O)[O-])[C@H]2C1.[Na+].[Na+],O=C1C[C@H]2CC=CN12,Klebsiella pneumoniae,μg/mL,CHEMBL316079,2,9.375,6.25,12.5,0.9719712763997564,B,high,1,1.0
CC(=O)N/C=C\SC1=C(C(=O)[O-])N2C(=O)[C@@H](C(C)(C)O)[C@H]2C1.[Na+],O=C1C[C@H]2CC=CN12,Escherichia coli,μg/mL,CHEMBL327797,2,3.225,0.2,6.25,0.5085297189712866,B,high,1,1.0
CC(=O)N/C=C\SC1=C(C(=O)[O-])N2C(=O)[C@@H](C(C)(C)O)[C@H]2C1.[Na+],O=C1C[C@H]2CC=CN12,Klebsiella pneumoniae,μg/mL,CHEMBL327797,2,50.39,0.78,100.0,1.7023443583557687,B,high,1,1.0
CC(=O)N/C=C\SC1=C(C(=O)[O-])N2C(=O)[C@@H](C(C)(C)O)[C@H]2C1.[Na+],O=C1C[C@H]2CC=CN12,Pseudomonas aeruginosa,μg/mL,CHEMBL327797,1,50.0,50.0,50.0,1.6989700043360187,B,high,1,1.0
CC(=O)N/C=C\SC1=C(C(=O)[O-])N2C(=O)[C@@H](C(C)(C)OS(=O)(=O)[O-])[C@H]2C1.[Na+].[Na+],O=C1C[C@H]2CC=CN12,Klebsiella pneumoniae,μg/mL,CHEMBL93491,2,50.0,50.0,50.0,1.6989700043360187,B,high,1,1.0
CC(=O)N/C=C\SC1=C(C(=O)[O-])N2C(=O)[C@@H](C(C)OS(=O)(=O)[O-])[C@H]2C1.[Na+].[Na+],O=C1C[C@H]2CC=CN12,Escherichia coli,μg/mL,CHEMBL433378,2,12.695,0.39,25.0,1.103632705209741,B,high,1,1.0
CC(=O)N/C=C\SC1=C(C(=O)[O-])N2C(=O)[C@@H](C(C)OS(=O)(=O)[O-])[C@H]2C1.[Na+].[Na+],O=C1C[C@H]2CC=CN12,Klebsiella pneumoniae,μg/mL,CHEMBL433378,2,13.28,1.56,25.0,1.1231980750319988,B,high,1,1.0
CC(=O)N/C=C\SC1=C(C(=O)[O-])N2C(=O)[C@@H](C(C)OS(=O)(=O)[O-])[C@H]2C1.[Na+].[Na+],O=C1C[C@H]2CC=CN12,Pseudomonas aeruginosa,μg/mL,CHEMBL433378,1,6.25,6.25,6.25,0.7958800173440752,B,high,1,1.0
CC(=O)N/C=C\[S+]([O-])C1=C(C(=O)[O-])N2C(=O)[C@@H](C(C)(C)O)[C@H]2C1.[Na+],O=C1C[C@H]2CC=CN12,Escherichia coli,μg/mL,CHEMBL327917,1,6.25,6.25,6.25,0.7958800173440752,B,high,1,1.0
CC(=O)N/C=C\[S+]([O-])C1=C(C(=O)[O-])N2C(=O)[C@@H](C(C)(C)O)[C@H]2C1.[Na+],O=C1C[C@H]2CC=CN12,Klebsiella pneumoniae,μg/mL,CHEMBL327917,3,3.13,3.13,12.5,0.49554433754644844,B,high,1,1.0
CC(=O)N/C=C\[S+]([O-])C1=C(C(=O)[O-])N2C(=O)[C@@H](C(C)(C)OS(=O)(=O)[O-])[C@H]2C1.[Na+].[Na+],O=C1C[C@H]2CC=CN12,Escherichia coli,μg/mL,CHEMBL93653,2,9.375,6.25,12.5,0.9719712763997564,B,high,1,1.0
CC(=O)N/C=C\[S+]([O-])C1=C(C(=O)[O-])N2C(=O)[C@@H](C(C)(C)OS(=O)(=O)[O-])[C@H]2C1.[Na+].[Na+],O=C1C[C@H]2CC=CN12,Klebsiella pneumoniae,μg/mL,CHEMBL93653,2,26.565,3.13,50.0,1.424309820245756,B,high,1,1.0
CC(=O)N/C=C\[S+]([O-])C1=C(C(=O)[O-])N2C(=O)[C@@H](C(C)O)[C@H]2C1.[Na+],O=C1C[C@H]2CC=CN12,Klebsiella pneumoniae,μg/mL,CHEMBL352175,1,100.0,100.0,100.0,2.0,B,high,1,1.0
CC(=O)N/C=C\[S+]([O-])C1=C(C(=O)[O-])N2C(=O)[C@@H](C(C)OS(=O)(=O)[O-])[C@H]2C1.[Na+].[Na+],O=C1C[C@H]2CC=CN12,Klebsiella pneumoniae,μg/mL,CHEMBL92019,1,100.0,100.0,100.0,2.0,B,high,1,1.0
CC(=O)N1CCN(C(=S)SCC2=C(C(=O)[O-])N3C(=O)[C@H]([C@@H](C)O)[C@H]3S2)CC1.[Na+],O=C1C[C@H]2SC(CSC(=S)N3CCNCC3)=CN12,Pseudomonas aeruginosa,μg/mL,CHEMBL69010,1,16.0,16.0,16.0,1.2041199826559248,B,high,1,1.0
CC(=O)N1CCN(c2cc3c(cc2F)c(=O)c(C(=O)O)c2n3C(C)S2)CC1,O=c1cc2n(c3cc(N4CCNCC4)ccc13)CS2,Klebsiella pneumoniae,μg/mL,CHEMBL143799,1,0.39,0.39,0.39,-0.4089353929735008,B,high,1,1.0
CC(=O)N1CCN(c2cc3c(cc2F)c(=O)c(C(=O)O)c2n3C(C)S2)CC1,O=c1cc2n(c3cc(N4CCNCC4)ccc13)CS2,Pseudomonas aeruginosa,μg/mL,CHEMBL143799,1,6.25,6.25,6.25,0.7958800173440752,B,high,1,1.0
CC(=O)N1CCN(c2cc3c(cc2F)c(=O)c(C(=O)O)c2sc4ccccc4n23)CC1,O=c1cc2sc3ccccc3n2c2cc(N3CCNCC3)ccc12,Escherichia coli,μg/mL,CHEMBL39697,1,6.2,6.2,6.2,0.7923916894982539,B,high,1,1.0
CC(=O)N1CCN(c2cc3c(cc2F)c(=O)c(C(=O)O)c2sc4ccccc4n23)CC1,O=c1cc2sc3ccccc3n2c2cc(N3CCNCC3)ccc12,Klebsiella pneumoniae,μg/mL,CHEMBL39697,1,1.56,1.56,1.56,0.1931245983544616,B,high,1,1.0
CC(=O)NC1C(O[C@@H]2c3ccc(c(Cl)c3)Oc3cc4cc(c3O)Oc3ccc(cc3Cl)C[C@H]3NC(=O)[C@H](N)c5ccc(O)c(c5)Oc5cc(O)cc(c5)[C@H](NC3=O)C(=O)N[C@H]4C(=O)N[C@H]3C(=O)N[C@@H]2C(=O)N[C@H](C(=O)NCCCN(C)C)c2cc(O)cc(O)c2-c2cc3ccc2O)OC(CO)C(O)C1O,O=C1Cc2cccc(c2)Oc2cccc(c2)[C@@H]2NC(=O)[C@@H](Cc3ccc(cc3)Oc3cc4cc(c3)[C@@H](NC2=O)C(=O)N[C@H]2C(=O)N[C@H](C(=O)NCc3ccccc3-c3cccc2c3)[C@H](OC2CCCCO2)c2ccc(cc2)O4)N1,Escherichia coli,μg/mL,CHEMBL385602,1,64.0,64.0,64.0,1.806179973983887,B,high,1,1.0
CC(=O)NC1C(O[C@@H]2c3ccc(c(Cl)c3)Oc3cc4cc(c3O)Oc3ccc(cc3Cl)C[C@H]3NC(=O)[C@H](N)c5ccc(O)c(c5)Oc5cc(O)cc(c5)[C@H](NC3=O)C(=O)N[C@H]4C(=O)N[C@H]3C(=O)N[C@@H]2C(=O)N[C@H](C(=O)NCCN2CCCC2)c2cc(O)cc(O)c2-c2cc3ccc2O)OC(CO)C(O)C1O,O=C1Cc2cccc(c2)Oc2cccc(c2)[C@@H]2NC(=O)[C@@H](Cc3ccc(cc3)Oc3cc4cc(c3)[C@@H](NC2=O)C(=O)N[C@H]2C(=O)N[C@H](C(=O)N[C@H](C(=O)NCCN3CCCC3)c3ccccc3-c3cccc2c3)[C@H](OC2CCCCO2)c2ccc(cc2)O4)N1,Escherichia coli,μg/mL,CHEMBL265911,1,128.0,128.0,128.0,2.1072099696478683,B,high,1,1.0
CC(=O)NC1CCN(c2c(F)cc3c(=O)c(C(=O)O)c4scc5n4c3c2OC5)C1,O=c1cc2scc3n2c2c(c(N4CCCC4)ccc12)OC3,Klebsiella pneumoniae,μg/mL,CHEMBL176755,1,1.56,1.56,1.56,0.1931245983544616,B,high,1,1.0
CC(=O)NC1CCN(c2cc3c(cc2N)c(=O)c(C(=O)O)cn3C2CC2)C1,O=c1ccn(C2CC2)c2cc(N3CCCC3)ccc12,Escherichia coli,μg/mL,CHEMBL430754,2,4.0,4.0,4.0,0.6020599913279624,B,high,1,1.0
CC(=O)NC1CCN(c2cc3c(cc2N)c(=O)c(C(=O)O)cn3C2CC2)C1,O=c1ccn(C2CC2)c2cc(N3CCCC3)ccc12,Klebsiella pneumoniae,μg/mL,CHEMBL430754,1,4.0,4.0,4.0,0.6020599913279624,B,high,1,1.0
CC(=O)NC1CCN(c2cc3c(cc2N)c(=O)c(C(=O)O)cn3C2CC2)C1,O=c1ccn(C2CC2)c2cc(N3CCCC3)ccc12,Pseudomonas aeruginosa,μg/mL,CHEMBL430754,1,128.0,128.0,128.0,2.1072099696478683,B,high,1,1.0
CC(=O)NC1CCN(c2nc3c(cc2F)c(=O)c(C(=O)O)cn3CCF)C1,O=c1cc[nH]c2nc(N3CCCC3)ccc12,Pseudomonas aeruginosa,μg/mL,CHEMBL39528,1,25.0,25.0,25.0,1.3979400086720377,B,high,1,1.0
CC(=O)NC1CN(Cc2ccc3cc4c(c(O)c3c2)C(=O)C2=C(O)[C@]3(O)C(=O)C(C(N)=O)=C(O)[C@@H](N(C)C)[C@@H]3C[C@@H]2C4)C1,O=C1C2=CC3C(=O)C=CC[C@@H]3C[C@@H]2Cc2cc3ccc(CN4CCC4)cc3cc21,Acinetobacter baumannii,μg/mL,CHEMBL1782461,1,16.0,16.0,16.0,1.2041199826559248,B,high,1,1.0
CC(=O)NCC(=O)N[C@@H](CC(=O)O)C(=O)N[C@@H](Cc1ccccc1)C(=O)N1Cc2ccccc2C[C@H]1C(=O)N1CC2CCCCC2[C@H]1C(=O)NCC(=O)N[C@@H](CCCCN)C(=O)N1Cc2ccccc2C[C@H]1C(=O)N1CC2CCCCC2[C@H]1C(=O)NCC(=O)N[C@@H](CC(=O)O)C(=O)N[C@@H](Cc1ccccc1)C(=O)N1Cc2ccccc2C[C@H]1C(=O)N1CC2CCCCC2[C@H]1C(=O)NCC(=O)N[C@@H](CCCCN)C(=O)N1Cc2ccccc2C[C@H]1C(=O)N[C@@H](CCCCN)C(=O)N[C@@H](CCCCN)C(=O)N[C@@H](CCCCN)C(=O)N[C@@H](CCCCN)C(N)=O,O=C(CNC(=O)[C@@H]1C2CCCCC2CN1C(=O)[C@@H]1Cc2ccccc2CN1C(=O)CCc1ccccc1)NCC(=O)N1Cc2ccccc2C[C@H]1C(=O)N1CC2CCCCC2[C@H]1C(=O)NCC(=O)NCC(=O)N[C@@H](Cc1ccccc1)C(=O)N1Cc2ccccc2C[C@H]1C(=O)N1CC2CCCCC2[C@H]1C(=O)NCC(=O)NCC(=O)N1CCc2ccccc2C1,Acinetobacter baumannii,μg/mL,CHEMBL3038131,1,12.5,12.5,12.5,1.0969100130080565,B,high,1,1.0
CC(=O)NCC(=O)N[C@@H](Cc1ccc(Cl)cc1)C(=O)N1Cc2ccccc2C[C@H]1C(=O)N1CC2CCCCC2[C@H]1C(=O)NCC(=O)N[C@@H](CCCCN)C(=O)N1Cc2ccccc2C[C@H]1C(=O)N1CC2CCCCC2[C@H]1C(=O)NCC(=O)N[C@@H](Cc1ccc(Cl)cc1)C(=O)N1Cc2ccccc2C[C@H]1C(=O)N1CC2CCCCC2[C@H]1C(=O)NCC(=O)N[C@@H](CCCCN)C(=O)N1Cc2ccccc2C[C@H]1C(=O)N[C@@H](CCCCN)C(=O)N[C@@H](CCCCN)C(=O)N[C@@H](CCCCN)C(=O)N[C@@H](CCCCN)C(N)=O,O=C(CNC(=O)[C@@H]1C2CCCCC2CN1C(=O)[C@@H]1Cc2ccccc2CN1C(=O)CCc1ccccc1)NCC(=O)N1Cc2ccccc2C[C@H]1C(=O)N1CC2CCCCC2[C@H]1C(=O)NCC(=O)N[C@@H](Cc1ccccc1)C(=O)N1Cc2ccccc2C[C@H]1C(=O)N1CC2CCCCC2[C@H]1C(=O)NCC(=O)NCC(=O)N1CCc2ccccc2C1,Acinetobacter baumannii,μg/mL,CHEMBL3038129,1,6.25,6.25,6.25,0.7958800173440752,B,high,1,1.0
CC(=O)NCC(=O)N[C@@H](Cc1ccc(F)cc1)C(=O)N1Cc2ccccc2C[C@H]1C(=O)N1CC2CCCCC2[C@H]1C(=O)NCC(=O)N[C@@H](CCCCN)C(=O)N1Cc2ccccc2C[C@H]1C(=O)N1CC2CCCCC2[C@H]1C(=O)NCC(=O)N[C@@H](Cc1ccc(F)cc1)C(=O)N1Cc2ccccc2C[C@H]1C(=O)N1CC2CCCCC2[C@H]1C(=O)NCC(=O)N[C@@H](CCCCN)C(=O)N1Cc2ccccc2C[C@H]1C(=O)N[C@@H](CCCCN)C(=O)N[C@@H](CCCCN)C(=O)N[C@@H](CCCCN)C(=O)N[C@@H](CCCCN)C(N)=O,O=C(CNC(=O)[C@@H]1C2CCCCC2CN1C(=O)[C@@H]1Cc2ccccc2CN1C(=O)CCc1ccccc1)NCC(=O)N1Cc2ccccc2C[C@H]1C(=O)N1CC2CCCCC2[C@H]1C(=O)NCC(=O)N[C@@H](Cc1ccccc1)C(=O)N1Cc2ccccc2C[C@H]1C(=O)N1CC2CCCCC2[C@H]1C(=O)NCC(=O)NCC(=O)N1CCc2ccccc2C1,Acinetobacter baumannii,μg/mL,CHEMBL2372020,1,12.5,12.5,12.5,1.0969100130080565,B,high,1,1.0
CC(=O)NCC(=O)N[C@@H](Cc1ccc([N+](=O)[O-])cc1)C(=O)N1Cc2ccccc2C[C@H]1C(=O)N1CC2CCCCC2[C@H]1C(=O)NCC(=O)N[C@@H](CCCCN)C(=O)N1Cc2ccccc2C[C@H]1C(=O)N1CC2CCCCC2[C@H]1C(=O)NCC(=O)N[C@@H](Cc1ccc([N+](=O)[O-])cc1)C(=O)N1Cc2ccccc2C[C@H]1C(=O)N1CC2CCCCC2[C@H]1C(=O)NCC(=O)N[C@@H](CCCCN)C(=O)N1Cc2ccccc2C[C@H]1C(=O)N[C@@H](CCCCN)C(=O)N[C@@H](CCCCN)C(=O)N[C@@H](CCCCN)C(=O)N[C@@H](CCCCN)C(N)=O,O=C(CNC(=O)[C@@H]1C2CCCCC2CN1C(=O)[C@@H]1Cc2ccccc2CN1C(=O)CCc1ccccc1)NCC(=O)N1Cc2ccccc2C[C@H]1C(=O)N1CC2CCCCC2[C@H]1C(=O)NCC(=O)N[C@@H](Cc1ccccc1)C(=O)N1Cc2ccccc2C[C@H]1C(=O)N1CC2CCCCC2[C@H]1C(=O)NCC(=O)NCC(=O)N1CCc2ccccc2C1,Acinetobacter baumannii,μg/mL,CHEMBL2372025,1,12.5,12.5,12.5,1.0969100130080565,B,high,1,1.0
CC(=O)NCC(=O)N[C@@H](Cc1ccccc1)C(=O)N1Cc2ccccc2C[C@H]1C(=O)N1CC2CCCCC2[C@H]1C(=O)NCC(=O)N[C@@H](CC(=O)O)C(=O)N[C@@H](CCCCN)C(=O)N1Cc2ccccc2C[C@H]1C(=O)N1CC2CCCCC2[C@H]1C(=O)NCC(=O)N[C@@H](Cc1ccccc1)C(=O)N1Cc2ccccc2C[C@H]1C(=O)N1CC2CCCCC2[C@H]1C(=O)NCC(=O)N[C@@H](CC(=O)O)C(=O)N[C@@H](CCCCN)C(=O)N1Cc2ccccc2C[C@H]1C(=O)N[C@@H](CCCCN)C(=O)N[C@@H](CCCCN)C(=O)N[C@@H](CCCCN)C(=O)N[C@@H](CCCCN)C(N)=O,O=C(CNC(=O)CNC(=O)[C@@H]1C2CCCCC2CN1C(=O)[C@@H]1Cc2ccccc2CN1C(=O)[C@H](Cc1ccccc1)NC(=O)CNC(=O)[C@@H]1C2CCCCC2CN1C(=O)[C@@H]1Cc2ccccc2CN1C(=O)CNC(=O)CNC(=O)CNC(=O)[C@@H]1C2CCCCC2CN1C(=O)[C@@H]1Cc2ccccc2CN1C(=O)CCc1ccccc1)NCC(=O)N1CCc2ccccc2C1,Acinetobacter baumannii,μg/mL,CHEMBL3038132,1,12.5,12.5,12.5,1.0969100130080565,B,high,1,1.0
CC(=O)NCC(=O)N[C@@H](Cc1ccccc1)C(=O)N1Cc2ccccc2C[C@H]1C(=O)N1CC2CCCCC2[C@H]1C(=O)NCC(=O)N[C@@H](CCCCN)C(=O)N1Cc2ccccc2C[C@H]1C(=O)N1CC2CCCCC2[C@H]1C(=O)NCC(=O)N[C@@H](Cc1ccccc1)C(=O)N1Cc2ccccc2C[C@H]1C(=O)N1CC2CCCCC2[C@H]1C(=O)NCC(=O)N[C@@H](CCCCN)C(=O)N1Cc2ccccc2C[C@H]1C(=O)CCCCCN[C@@H](CCCCN)C(=O)N[C@@H](CCCCN)C(=O)N[C@@H](CCCCN)C(=O)N[C@@H](CCCCN)C(N)=O,O=C(CNC(=O)[C@@H]1C2CCCCC2CN1C(=O)[C@@H]1Cc2ccccc2CN1C(=O)CCc1ccccc1)NCC(=O)N1Cc2ccccc2C[C@H]1C(=O)N1CC2CCCCC2[C@H]1C(=O)NCC(=O)N[C@@H](Cc1ccccc1)C(=O)N1Cc2ccccc2C[C@H]1C(=O)N1CC2CCCCC2[C@H]1C(=O)NCC(=O)NCC(=O)N1CCc2ccccc2C1,Acinetobacter baumannii,μg/mL,CHEMBL3038135,1,12.5,12.5,12.5,1.0969100130080565,B,high,1,1.0
CC(=O)NCC(=O)N[C@@H](Cc1ccccc1)C(=O)N1Cc2ccccc2C[C@H]1C(=O)N1CC2CCCCC2[C@H]1C(=O)NCC(=O)N[C@@H](CCCCN)C(=O)N1Cc2ccccc2C[C@H]1C(=O)N1CC2CCCCC2[C@H]1C(=O)NCC(=O)N[C@@H](Cc1ccccc1)C(=O)N1Cc2ccccc2C[C@H]1C(=O)N1CC2CCCCC2[C@H]1C(=O)NCC(=O)N[C@@H](CCCCN)C(=O)N1Cc2ccccc2C[C@H]1C(=O)CCCN[C@@H](CCCCN)C(=O)N[C@@H](CCCCN)C(=O)N[C@@H](CCCCN)C(=O)N[C@@H](CCCCN)C(N)=O,O=C(CNC(=O)[C@@H]1C2CCCCC2CN1C(=O)[C@@H]1Cc2ccccc2CN1C(=O)CCc1ccccc1)NCC(=O)N1Cc2ccccc2C[C@H]1C(=O)N1CC2CCCCC2[C@H]1C(=O)NCC(=O)N[C@@H](Cc1ccccc1)C(=O)N1Cc2ccccc2C[C@H]1C(=O)N1CC2CCCCC2[C@H]1C(=O)NCC(=O)NCC(=O)N1CCc2ccccc2C1,Acinetobacter baumannii,μg/mL,CHEMBL3038134,1,12.5,12.5,12.5,1.0969100130080565,B,high,1,1.0
CC(=O)NCC(=O)N[C@@H](Cc1ccccc1)C(=O)N1Cc2ccccc2C[C@H]1C(=O)N1CC2CCCCC2[C@H]1C(=O)NCC(=O)N[C@@H](CCCCN)C(=O)N1Cc2ccccc2C[C@H]1C(=O)N1CC2CCCCC2[C@H]1C(=O)NCC(=O)N[C@@H](Cc1ccccc1)C(=O)N1Cc2ccccc2C[C@H]1C(=O)N1CC2CCCCC2[C@H]1C(=O)NCC(=O)N[C@@H](CCCCN)C(=O)N1Cc2ccccc2C[C@H]1C(=O)CCN[C@@H](CCCCN)C(=O)N[C@@H](CCCCN)C(=O)N[C@@H](CCCCN)C(=O)N[C@@H](CCCCN)C(N)=O,O=C(CNC(=O)[C@@H]1C2CCCCC2CN1C(=O)[C@@H]1Cc2ccccc2CN1C(=O)CCc1ccccc1)NCC(=O)N1Cc2ccccc2C[C@H]1C(=O)N1CC2CCCCC2[C@H]1C(=O)NCC(=O)N[C@@H](Cc1ccccc1)C(=O)N1Cc2ccccc2C[C@H]1C(=O)N1CC2CCCCC2[C@H]1C(=O)NCC(=O)NCC(=O)N1CCc2ccccc2C1,Acinetobacter baumannii,μg/mL,CHEMBL3038133,1,12.5,12.5,12.5,1.0969100130080565,B,high,1,1.0
CC(=O)NCC(=O)N[C@@H](Cc1ccccc1)C(=O)N1Cc2ccccc2C[C@H]1C(=O)N1CC2CCCCC2[C@H]1C(=O)NCC(=O)N[C@@H](CCCCN)C(=O)N1Cc2ccccc2C[C@H]1C(=O)N1CC2CCCCC2[C@H]1C(=O)NCC(=O)N[C@@H](Cc1ccccc1)C(=O)N1Cc2ccccc2C[C@H]1C(=O)N1CC2CCCCC2[C@H]1C(=O)NCC(=O)N[C@@H](CCCCN)C(=O)N1Cc2ccccc2C[C@H]1C(=O)N[C@@H](CCCCN)C(=O)N[C@@H](CCCCN)C(=O)N[C@@H](CCCCN)C(=O)N[C@@H](CCCCN)C(=O)NCCN,O=C(CNC(=O)[C@@H]1C2CCCCC2CN1C(=O)[C@@H]1Cc2ccccc2CN1C(=O)CCc1ccccc1)NCC(=O)N1Cc2ccccc2C[C@H]1C(=O)N1CC2CCCCC2[C@H]1C(=O)NCC(=O)N[C@@H](Cc1ccccc1)C(=O)N1Cc2ccccc2C[C@H]1C(=O)N1CC2CCCCC2[C@H]1C(=O)NCC(=O)NCC(=O)N1CCc2ccccc2C1,Acinetobacter baumannii,μg/mL,CHEMBL2372006,1,6.25,6.25,6.25,0.7958800173440752,B,high,1,1.0
CC(=O)NCC(=O)N[C@@H](Cc1ccccc1)C(=O)N1Cc2ccccc2C[C@H]1C(=O)N1CC2CCCCC2[C@H]1C(=O)NCC(=O)N[C@@H](CCCCN)C(=O)N1Cc2ccccc2C[C@H]1C(=O)N1CC2CCCCC2[C@H]1C(=O)NCC(=O)N[C@@H](Cc1ccccc1)C(=O)N1Cc2ccccc2C[C@H]1C(=O)N1CC2CCCCC2[C@H]1C(=O)NCC(=O)N[C@@H](CCCCN)C(=O)N1Cc2ccccc2C[C@H]1C(=O)N[C@@H](CCCCN)C(=O)N[C@@H](CCCCN)C(=O)N[C@@H](CCCCN)C(=O)N[C@@H](CCCCN)C(N)=O,O=C(CNC(=O)[C@@H]1C2CCCCC2CN1C(=O)[C@@H]1Cc2ccccc2CN1C(=O)CCc1ccccc1)NCC(=O)N1Cc2ccccc2C[C@H]1C(=O)N1CC2CCCCC2[C@H]1C(=O)NCC(=O)N[C@@H](Cc1ccccc1)C(=O)N1Cc2ccccc2C[C@H]1C(=O)N1CC2CCCCC2[C@H]1C(=O)NCC(=O)NCC(=O)N1CCc2ccccc2C1,Acinetobacter baumannii,μg/mL,CHEMBL2370151,1,6.25,6.25,6.25,0.7958800173440752,B,high,1,1.0
CC(=O)NCC(=O)N[C@@H](Cc1ccccc1)C(=O)N1Cc2ccccc2C[C@H]1C(=O)N1CC2CCCCC2[C@H]1C(=O)NCC(=O)N[C@@H](CCCCN)C(=O)N1Cc2ccccc2C[C@H]1C(=O)N1CC2CCCCC2[C@H]1C(=O)NCC(=O)N[C@@H](Cc1ccccc1)C(=O)N1Cc2ccccc2C[C@H]1C(=O)N1CC2CCCCC2[C@H]1C(=O)NCC(=O)N[C@@H](CCCCN)C(=O)N1Cc2ccccc2C[C@H]1C(=O)N[C@@H](CCCCN)C(=O)N[C@@H](CCCCN)C(=O)N[C@@H](CCCCN)C(N)=O,O=C(CNC(=O)[C@@H]1C2CCCCC2CN1C(=O)[C@@H]1Cc2ccccc2CN1C(=O)CCc1ccccc1)NCC(=O)N1Cc2ccccc2C[C@H]1C(=O)N1CC2CCCCC2[C@H]1C(=O)NCC(=O)N[C@@H](Cc1ccccc1)C(=O)N1Cc2ccccc2C[C@H]1C(=O)N1CC2CCCCC2[C@H]1C(=O)NCC(=O)NCC(=O)N1CCc2ccccc2C1,Acinetobacter baumannii,μg/mL,CHEMBL3038124,1,12.5,12.5,12.5,1.0969100130080565,B,high,1,1.0
CC(=O)NCC(=O)N[C@@H](Cc1ccccc1)C(=O)N1Cc2ccccc2C[C@H]1C(=O)N1CC2CCCCC2[C@H]1C(=O)NCC(=O)N[C@@H](CCCN)C(=O)N1Cc2ccccc2C[C@H]1C(=O)N1CC2CCCCC2[C@H]1C(=O)NCC(=O)N[C@@H](Cc1ccccc1)C(=O)N1Cc2ccccc2C[C@H]1C(=O)N1CC2CCCCC2[C@H]1C(=O)NCC(=O)N[C@@H](CCCN)C(=O)N1Cc2ccccc2C[C@H]1C(=O)N[C@@H](CCCN)C(=O)N[C@@H](CCCN)C(=O)N[C@@H](CCCN)C(=O)N[C@@H](CCCN)C(=O)NC(C)=O,O=C(CNC(=O)[C@@H]1C2CCCCC2CN1C(=O)[C@@H]1Cc2ccccc2CN1C(=O)CCc1ccccc1)NCC(=O)N1Cc2ccccc2C[C@H]1C(=O)N1CC2CCCCC2[C@H]1C(=O)NCC(=O)N[C@@H](Cc1ccccc1)C(=O)N1Cc2ccccc2C[C@H]1C(=O)N1CC2CCCCC2[C@H]1C(=O)NCC(=O)NCC(=O)N1CCc2ccccc2C1,Acinetobacter baumannii,μg/mL,CHEMBL3038137,1,6.25,6.25,6.25,0.7958800173440752,B,high,1,1.0
CC(=O)NCC(=O)N[C@@H](Cc1ccccc1)C(=O)N1Cc2ccccc2C[C@H]1C(=O)N1CC2CCCCC2[C@H]1C(=O)NCC(=O)N[C@@H](CCCNC(=N)N)C(=O)N1Cc2ccccc2C[C@H]1C(=O)N1CC2CCCCC2[C@H]1C(=O)NCC(=O)N[C@@H](Cc1ccccc1)C(=O)N1Cc2ccccc2C[C@H]1C(=O)N1CC2CCCCC2[C@H]1C(=O)NCC(=O)N[C@@H](CCCNC(=N)N)C(=O)N1Cc2ccccc2C[C@H]1C(=O)N[C@@H](CCCNC(=N)N)C(=O)N[C@@H](CCCNC(=N)N)C(=O)N[C@@H](CCCNC(=N)N)C(=O)N[C@@H](CCCNC(=N)N)C(N)=O,O=C(CNC(=O)[C@@H]1C2CCCCC2CN1C(=O)[C@@H]1Cc2ccccc2CN1C(=O)CCc1ccccc1)NCC(=O)N1Cc2ccccc2C[C@H]1C(=O)N1CC2CCCCC2[C@H]1C(=O)NCC(=O)N[C@@H](Cc1ccccc1)C(=O)N1Cc2ccccc2C[C@H]1C(=O)N1CC2CCCCC2[C@H]1C(=O)NCC(=O)NCC(=O)N1CCc2ccccc2C1,Acinetobacter baumannii,μg/mL,CHEMBL3038128,1,6.25,6.25,6.25,0.7958800173440752,B,high,1,1.0
CC(=O)NCC(=O)N[C@@H](Cc1ccccc1)C(=O)N1Cc2ccccc2C[C@H]1C(=O)N1CC2CCCCC2[C@H]1C(=O)NCC(=O)N[C@@H](CCN)C(=O)N1Cc2ccccc2C[C@H]1C(=O)N1CC2CCCCC2[C@H]1C(=O)NCC(=O)N[C@@H](Cc1ccccc1)C(=O)N1Cc2ccccc2C[C@H]1C(=O)N1CC2CCCCC2[C@H]1C(=O)NCC(=O)N[C@@H](CCN)C(=O)N1Cc2ccccc2C[C@H]1C(=O)N[C@@H](CCN)C(=O)N[C@@H](CCN)C(=O)N[C@@H](CCN)C(=O)N[C@@H](CCN)C(N)=O,O=C(CNC(=O)[C@@H]1C2CCCCC2CN1C(=O)[C@@H]1Cc2ccccc2CN1C(=O)CCc1ccccc1)NCC(=O)N1Cc2ccccc2C[C@H]1C(=O)N1CC2CCCCC2[C@H]1C(=O)NCC(=O)N[C@@H](Cc1ccccc1)C(=O)N1Cc2ccccc2C[C@H]1C(=O)N1CC2CCCCC2[C@H]1C(=O)NCC(=O)NCC(=O)N1CCc2ccccc2C1,Acinetobacter baumannii,μg/mL,CHEMBL2370149,1,6.25,6.25,6.25,0.7958800173440752,B,high,1,1.0
CC(=O)NCC(=O)N[C@@H](Cc1ccccc1)C(=O)N1Cc2ccccc2C[C@H]1C(=O)N1CC2CCCCC2[C@H]1C(=O)NCC(=O)N[C@@H](CN)C(=O)N1Cc2ccccc2C[C@H]1C(=O)N1CC2CCCCC2[C@H]1C(=O)NCC(=O)N[C@@H](Cc1ccccc1)C(=O)N1Cc2ccccc2C[C@H]1C(=O)N1CC2CCCCC2[C@H]1C(=O)NCC(=O)N[C@@H](CN)C(=O)N1Cc2ccccc2C[C@H]1C(=O)N[C@@H](CN)C(=O)N[C@@H](CN)C(=O)N[C@@H](CN)C(=O)N[C@@H](CN)C(=O)NC(C)=O,O=C(CNC(=O)[C@@H]1C2CCCCC2CN1C(=O)[C@@H]1Cc2ccccc2CN1C(=O)CCc1ccccc1)NCC(=O)N1Cc2ccccc2C[C@H]1C(=O)N1CC2CCCCC2[C@H]1C(=O)NCC(=O)N[C@@H](Cc1ccccc1)C(=O)N1Cc2ccccc2C[C@H]1C(=O)N1CC2CCCCC2[C@H]1C(=O)NCC(=O)NCC(=O)N1CCc2ccccc2C1,Acinetobacter baumannii,μg/mL,CHEMBL3038138,1,12.5,12.5,12.5,1.0969100130080565,B,high,1,1.0
CC(=O)NCC(=O)N[C@@H](Cc1ccccc1)C(=O)N1Cc2ccccc2C[C@H]1C(=O)N1CC2CCCCC2[C@H]1C(=O)NCC(=O)N[C@@H](Cc1c[nH]c2ccccc12)C(=O)N1Cc2ccccc2C[C@H]1C(=O)N1CC2CCCCC2[C@H]1C(=O)NCC(=O)N[C@@H](Cc1ccccc1)C(=O)N1Cc2ccccc2C[C@H]1C(=O)N1CC2CCCCC2[C@H]1C(=O)NCC(=O)N[C@@H](Cc1c[nH]c2ccccc12)C(=O)N1Cc2ccccc2C[C@H]1C(=O)N[C@@H](CCCCN)C(=O)N[C@@H](CCCCN)C(=O)N[C@@H](CCCCN)C(=O)N[C@@H](CCCCN)C(N)=O,O=C(CNC(=O)[C@@H]1C2CCCCC2CN1C(=O)[C@@H]1Cc2ccccc2CN1C(=O)[C@H](Cc1ccccc1)NC(=O)CNC(=O)[C@@H]1C2CCCCC2CN1C(=O)[C@@H]1Cc2ccccc2CN1C(=O)[C@H](Cc1c[nH]c2ccccc12)NC(=O)CNC(=O)[C@@H]1C2CCCCC2CN1C(=O)[C@@H]1Cc2ccccc2CN1C(=O)CCc1ccccc1)N[C@@H](Cc1c[nH]c2ccccc12)C(=O)N1CCc2ccccc2C1,Acinetobacter baumannii,μg/mL,CHEMBL3038127,1,25.0,25.0,25.0,1.3979400086720377,B,high,1,1.0
CC(=O)NCC(=O)N[C@@H](Cc1ccccc1)C(=O)N1Cc2ccccc2[C@H]1C(=O)N1CC2CCCCC2[C@H]1C(=O)NCC(=O)N[C@@H](CCCCN)C(=O)N1Cc2ccccc2[C@H]1C(=O)N1CC2CCCCC2[C@H]1C(=O)NCC(=O)N[C@@H](Cc1ccccc1)C(=O)N1Cc2ccccc2[C@H]1C(=O)N1CC2CCCCC2[C@H]1C(=O)NCC(=O)N[C@@H](CCCCN)C(=O)N1Cc2ccccc2C[C@H]1C(=O)N[C@@H](CCCCN)C(=O)N[C@@H](CCCCN)C(=O)N[C@@H](CCCCN)C(=O)N[C@@H](CCCCN)C(N)=O,O=C(CNC(=O)[C@@H]1C2CCCCC2CN1C(=O)[C@@H]1c2ccccc2CN1C(=O)CCc1ccccc1)NCC(=O)N1Cc2ccccc2[C@H]1C(=O)N1CC2CCCCC2[C@H]1C(=O)NCC(=O)N[C@@H](Cc1ccccc1)C(=O)N1Cc2ccccc2[C@H]1C(=O)N1CC2CCCCC2[C@H]1C(=O)NCC(=O)NCC(=O)N1CCc2ccccc2C1,Acinetobacter baumannii,μg/mL,CHEMBL3038123,1,12.5,12.5,12.5,1.0969100130080565,B,high,1,1.0
CC(=O)NCC1CC(SC2=C(C(=O)[O-])N3C(=O)[C@H]([C@@H](C)O)[C@H]3[C@H]2C)CO1.[Na+],O=C1C[C@H]2CC(SC3CCOC3)=CN12,Escherichia coli,μg/mL,CHEMBL102079,1,0.12,0.12,0.12,-0.9208187539523752,B,high,1,1.0
CC(=O)NCC1CC(SC2=C(C(=O)[O-])N3C(=O)[C@H]([C@@H](C)O)[C@H]3[C@H]2C)CO1.[Na+],O=C1C[C@H]2CC(SC3CCOC3)=CN12,Pseudomonas aeruginosa,μg/mL,CHEMBL102079,2,96.0,64.0,128.0,1.9822712330395684,B,high,1,1.0
CC(=O)NCCC(=O)N[C@@H](Cc1ccc(F)cc1)C(=O)N1Cc2ccccc2C[C@H]1C(=O)N1CC2CCCCC2[C@H]1C(=O)NCCC(=O)N[C@@H](CCCCN)C(=O)N1Cc2ccccc2C[C@H]1C(=O)N1CC2CCCCC2[C@H]1C(=O)NCCC(=O)N[C@@H](Cc1ccc(F)cc1)C(=O)N1Cc2ccccc2C[C@H]1C(=O)N1CC2CCCCC2[C@H]1C(=O)NCCC(=O)N[C@@H](CCCCN)C(=O)N1Cc2ccccc2C[C@H]1C(=O)N[C@@H](CN)C(=O)N[C@@H](CN)C(=O)N[C@@H](CN)C(=O)N[C@@H](CN)C(=O)NC(C)=O,O=C(CCNC(=O)[C@@H]1C2CCCCC2CN1C(=O)[C@@H]1Cc2ccccc2CN1C(=O)[C@H](Cc1ccccc1)NC(=O)CCNC(=O)[C@@H]1C2CCCCC2CN1C(=O)[C@@H]1Cc2ccccc2CN1C(=O)CNC(=O)CCNC(=O)[C@@H]1C2CCCCC2CN1C(=O)[C@@H]1Cc2ccccc2CN1C(=O)CCc1ccccc1)NCC(=O)N1CCc2ccccc2C1,Acinetobacter baumannii,μg/mL,CHEMBL3038130,1,12.5,12.5,12.5,1.0969100130080565,B,high,1,1.0
CC(=O)NCCC(=O)N[C@@H](Cc1ccc(F)cc1)C(=O)N1Cc2ccccc2C[C@H]1C(=O)N1CC2CCCCC2[C@H]1C(=O)NCCC(=O)N[C@@H](CN)C(=O)N1Cc2ccccc2C[C@H]1C(=O)N1CC2CCCCC2[C@H]1C(=O)NCCC(=O)N[C@@H](Cc1ccc(F)cc1)C(=O)N1Cc2ccccc2C[C@H]1C(=O)N1CC2CCCCC2[C@H]1C(=O)NCCC(=O)N[C@@H](CN)C(=O)N1Cc2ccccc2C[C@H]1C(=O)N[C@@H](CN)C(=O)N[C@@H](CN)C(=O)N[C@@H](CN)C(=O)N[C@@H](CN)C(=O)NC(C)=O,O=C(CCNC(=O)[C@@H]1C2CCCCC2CN1C(=O)[C@@H]1Cc2ccccc2CN1C(=O)[C@H](Cc1ccccc1)NC(=O)CCNC(=O)[C@@H]1C2CCCCC2CN1C(=O)[C@@H]1Cc2ccccc2CN1C(=O)CNC(=O)CCNC(=O)[C@@H]1C2CCCCC2CN1C(=O)[C@@H]1Cc2ccccc2CN1C(=O)CCc1ccccc1)NCC(=O)N1CCc2ccccc2C1,Acinetobacter baumannii,μg/mL,CHEMBL3038139,1,12.5,12.5,12.5,1.0969100130080565,B,high,1,1.0
CC(=O)NCCC(=O)N[C@@H](Cc1ccccc1)C(=O)N1Cc2ccccc2C[C@H]1C(=O)N1CC2CCCCC2[C@H]1C(=O)NCCC(=O)N[C@@H](CCCCN)C(=O)N1Cc2ccccc2C[C@H]1C(=O)N1CC2CCCCC2[C@H]1C(=O)NCCC(=O)N[C@@H](Cc1ccccc1)C(=O)N1Cc2ccccc2C[C@H]1C(=O)N1CC2CCCCC2[C@H]1C(=O)NCCC(=O)N[C@@H](CCCCN)C(=O)N1Cc2ccccc2C[C@H]1C(=O)N[C@@H](CCCCN)C(=O)N[C@@H](CCCCN)C(=O)N[C@@H](CCCCN)C(=O)N[C@@H](CCCCN)C(=O)NC(C)=O,O=C(CCNC(=O)[C@@H]1C2CCCCC2CN1C(=O)[C@@H]1Cc2ccccc2CN1C(=O)[C@H](Cc1ccccc1)NC(=O)CCNC(=O)[C@@H]1C2CCCCC2CN1C(=O)[C@@H]1Cc2ccccc2CN1C(=O)CNC(=O)CCNC(=O)[C@@H]1C2CCCCC2CN1C(=O)[C@@H]1Cc2ccccc2CN1C(=O)CCc1ccccc1)NCC(=O)N1CCc2ccccc2C1,Acinetobacter baumannii,μg/mL,CHEMBL3038142,1,12.5,12.5,12.5,1.0969100130080565,B,high,1,1.0
CC(=O)NCCCC(=O)N[C@@H](Cc1ccccc1)C(=O)N1Cc2ccccc2C[C@H]1C(=O)N1CC2CCCCC2[C@H]1C(=O)NCCCC(=O)N[C@@H](CCCCN)C(=O)N1Cc2ccccc2C[C@H]1C(=O)N1CC2CCCCC2[C@H]1C(=O)NCCCC(=O)N[C@@H](Cc1ccccc1)C(=O)N1Cc2ccccc2C[C@H]1C(=O)N1CC2CCCCC2[C@H]1C(=O)NCCCC(=O)N[C@@H](CCCCN)C(=O)N1Cc2ccccc2C[C@H]1C(=O)N[C@@H](CCCCN)C(=O)N[C@@H](CCCCN)C(=O)N[C@@H](CCCCN)C(=O)N[C@@H](CCCCN)C(N)=O,O=C(CCCNC(=O)[C@@H]1C2CCCCC2CN1C(=O)[C@@H]1Cc2ccccc2CN1C(=O)[C@H](Cc1ccccc1)NC(=O)CCCNC(=O)[C@@H]1C2CCCCC2CN1C(=O)[C@@H]1Cc2ccccc2CN1C(=O)CNC(=O)CCCNC(=O)[C@@H]1C2CCCCC2CN1C(=O)[C@@H]1Cc2ccccc2CN1C(=O)CCc1ccccc1)NCC(=O)N1CCc2ccccc2C1,Acinetobacter baumannii,μg/mL,CHEMBL3038141,1,12.5,12.5,12.5,1.0969100130080565,B,high,1,1.0
CC(=O)NC[C@H]1CN(c2ccc(-c3cc4c(cc3F)c(=O)c(C(=O)O)cn4C3CC3)c(F)c2)C(=O)O1,O=C1OCCN1c1ccc(-c2ccc3c(=O)ccn(C4CC4)c3c2)cc1,Escherichia coli,μg/mL,CHEMBL177466,1,2000000.0,2000000.0,2000000.0,6.301029995663981,B,high,1,1.0
CC(=O)NC[C@H]1CN(c2ccc(N3CCN(c4c(F)cc5c(=O)c(C(=O)O)cn6c5c4OCC6C)CC3)c(F)c2)C(=O)O1,O=C1OCCN1c1ccc(N2CCN(c3ccc4c(=O)ccn5c4c3OCC5)CC2)cc1,Escherichia coli,μg/mL,CHEMBL134297,1,32000000.0,32000000.0,32000000.0,7.505149978319906,B,high,1,1.0
CC(=O)NC[C@H]1CN(c2ccc(N3CCN(c4c(F)cc5c(=O)c(C(=O)O)cn6c5c4OC[C@@H]6C)CC3)c(F)c2)C(=O)O1,O=C1OCCN1c1ccc(N2CCN(c3ccc4c(=O)ccn5c4c3OCC5)CC2)cc1,Escherichia coli,μg/mL,CHEMBL133932,1,32000000.0,32000000.0,32000000.0,7.505149978319906,B,high,1,1.0
CC(=O)NC[C@H]1CN(c2ccc(N3CCN(c4cc5c(cc4F)c(=O)c(C(=O)O)cn5C4CC4)CC3)c(F)c2)C(=O)O1,O=C1OCCN1c1ccc(N2CCN(c3ccc4c(=O)ccn(C5CC5)c4c3)CC2)cc1,Escherichia coli,μg/mL,CHEMBL331041,1,32000000.0,32000000.0,32000000.0,7.505149978319906,B,high,1,1.0
CC(=O)NC[C@H]1OCC[C@H]1SC1=C(C(=O)[O-])N2C(=O)[C@H]([C@@H](C)O)[C@H]2[C@H]1C.[Na+],O=C1C[C@H]2CC(S[C@@H]3CCOC3)=CN12,Pseudomonas aeruginosa,μg/mL,CHEMBL322402,1,128.0,128.0,128.0,2.1072099696478683,B,high,1,1.0
CC(=O)N[C@@H](CCCCN)C(=O)N[C@@H](CC(C)C)C(=O)N1Cc2ccccc2C[C@H]1C(=O)N1CC2CCCCC2[C@H]1C(=O)N[C@@H](CCCCN)C(=O)N1Cc2ccccc2C[C@H]1C(=O)N1CC2CCCCC2[C@H]1C(=O)N[C@@H](Cc1ccccc1)C(=O)N1Cc2ccccc2C[C@H]1C(=O)N1CC2CCCCC2[C@H]1C(=O)N[C@@H](CCCCN)C(=O)N1Cc2ccccc2C[C@H]1C(=O)N1CC2CCCCC2[C@H]1C(=O)N[C@@H](Cc1ccccc1)C(=O)N1Cc2ccccc2C[C@H]1C(=O)N1CC2CCCCC2[C@H]1C(=O)N[C@@H](CCCCN)C(=O)N1Cc2ccccc2C[C@H]1C(=O)N1CC2CCCCC2[C@H]1C(=O)N[C@@H](CCCCN)C(=O)N[C@@H](CCCCN)C(=O)N[C@@H](CCCCN)C(=O)N[C@@H](CCCCN)C(N)=O,O=C(NCC(=O)N1Cc2ccccc2C[C@H]1C(=O)N1CC2CCCCC2[C@H]1C(=O)N[C@@H](Cc1ccccc1)C(=O)N1Cc2ccccc2C[C@H]1C(=O)N1CC2CCCCC2[C@H]1C(=O)NCC(=O)N1Cc2ccccc2C[C@H]1C(=O)N1CC2CCCCC2[C@H]1C(=O)N[C@@H](Cc1ccccc1)C(=O)N1Cc2ccccc2C[C@H]1C(=O)N1CC2CCCCC2[C@H]1C(=O)NCC(=O)N1Cc2ccccc2C[C@H]1C(=O)N1CC2CCCCC2C1)[C@@H]1C2CCCCC2CN1C(=O)[C@@H]1Cc2ccccc2CN1,Acinetobacter baumannii,μg/mL,CHEMBL3038125,1,100.0,100.0,100.0,2.0,B,high,1,1.0
CC(=O)N[C@@H](CCCCN)C(=O)N[C@@H](CCCCN)C(=O)N[C@@H](CCCCN)C(=O)N[C@@H](CCCCN)C(=O)NCC(=O)N[C@@H](Cc1ccccc1)C(=O)N1Cc2ccccc2C[C@H]1C(=O)N1CC2CCCCC2[C@H]1C(=O)NCC(=O)N[C@@H](CCCCN)C(=O)N1Cc2ccccc2C[C@H]1C(=O)N1CC2CCCCC2[C@H]1C(=O)NCC(=O)N[C@@H](Cc1ccccc1)C(=O)N1Cc2ccccc2C[C@H]1C(=O)N1CC2CCCCC2[C@H]1C(=O)NCC(=O)N[C@@H](CCCCN)C(=O)N1Cc2ccccc2C[C@H]1C(N)=O,O=C(CNC(=O)[C@@H]1C2CCCCC2CN1C(=O)[C@@H]1Cc2ccccc2CN1C(=O)CCc1ccccc1)NCC(=O)N1Cc2ccccc2C[C@H]1C(=O)N1CC2CCCCC2[C@H]1C(=O)NCC(=O)N[C@@H](Cc1ccccc1)C(=O)N1Cc2ccccc2C[C@H]1C(=O)N1CC2CCCCC2[C@H]1C(=O)NCC(=O)NCC(=O)N1CCc2ccccc2C1,Acinetobacter baumannii,μg/mL,CHEMBL3038122,1,12.5,12.5,12.5,1.0969100130080565,B,high,1,1.0
CC(=O)Nc1ccc(S(=O)(=O)N2N=Cc3cc(Br)ccc3B2O)c(Cl)c1,O=S(=O)(c1ccccc1)N1Bc2ccccc2C=N1,Klebsiella pneumoniae,μg/mL,CHEMBL367292,1,3.12,3.12,3.12,0.4941545940184428,B,high,1,1.0
CC(=O)Nc1ccc(S(=O)(=O)N2N=Cc3cc(C)ccc3B2O)c(Cl)c1,O=S(=O)(c1ccccc1)N1Bc2ccccc2C=N1,Klebsiella pneumoniae,μg/mL,CHEMBL367183,1,1.25,1.25,1.25,0.09691001300805642,B,high,1,1.0
CC(=O)Nc1ccc(S(=O)(=O)N2N=Cc3sc(Br)cc3B2O)c(Cl)c1,O=S(=O)(c1ccccc1)N1Bc2ccsc2C=N1,Klebsiella pneumoniae,μg/mL,CHEMBL173297,1,3.12,3.12,3.12,0.4941545940184428,B,high,1,1.0
CC(=O)Nc1ccc(S(=O)(=O)N2N=Cc3sc(Br)cc3B2O)cc1,O=S(=O)(c1ccccc1)N1Bc2ccsc2C=N1,Klebsiella pneumoniae,μg/mL,CHEMBL173423,1,3.12,3.12,3.12,0.4941545940184428,B,high,1,1.0
CC(=O)O.c1cc2cc(-c3ccc(-c4cc5ccc(C6=NCCCN6)cc5[nH]4)nc3)[nH]c2cc1C1=NCCCN1,c1cc2cc(-c3ccc(-c4cc5ccc(C6=NCCCN6)cc5[nH]4)nc3)[nH]c2cc1C1=NCCCN1,Acinetobacter baumannii,μg/mL,CHEMBL3094490,1,20.0,20.0,20.0,1.3010299956639813,B,high,1,1.0
CC(=O)O.c1cc2cc(-c3ccc(-c4cc5ccc(C6=NCCCN6)cc5[nH]4)s3)[nH]c2cc1C1=NCCCN1,c1cc2cc(-c3ccc(-c4cc5ccc(C6=NCCCN6)cc5[nH]4)s3)[nH]c2cc1C1=NCCCN1,Acinetobacter baumannii,μg/mL,CHEMBL3094488,1,5.0,5.0,5.0,0.6989700043360189,B,high,1,1.0
CC(=O)OCC1=C(C(=O)O)N2C(=O)C(NC(=O)C(N)c3ccc4c(c3)OCO4)C2SC1,O=C(Cc1ccc2c(c1)OCO2)NC1C(=O)N2C=CCSC12,Klebsiella pneumoniae,μg/mL,CHEMBL132622,1,25.0,25.0,25.0,1.3979400086720377,B,high,1,1.0
CC(=O)OCC1=C(C(=O)O)N2C(=O)C(NC(=O)C(N)c3cccc4c3OCO4)C2SC1,O=C(Cc1cccc2c1OCO2)NC1C(=O)N2C=CCSC12,Klebsiella pneumoniae,μg/mL,CHEMBL130670,1,50.0,50.0,50.0,1.6989700043360187,B,high,1,1.0
CC(=O)OCC1=C(C(=O)O)N2C(=O)C(NC(=O)C(O)c3ccc4c(c3)CCO4)C2SC1,O=C(Cc1ccc2c(c1)CCO2)NC1C(=O)N2C=CCSC12,Klebsiella pneumoniae,μg/mL,CHEMBL337057,1,50.0,50.0,50.0,1.6989700043360187,B,high,1,1.0
CC(=O)OCC1=C(C(=O)O)N2C(=O)C(NC(=O)C(O)c3ccc4c(c3)OCO4)C2SC1,O=C(Cc1ccc2c(c1)OCO2)NC1C(=O)N2C=CCSC12,Klebsiella pneumoniae,μg/mL,CHEMBL134141,1,25.0,25.0,25.0,1.3979400086720377,B,high,1,1.0
CC(=O)OCC1=C(C(=O)O)N2C(=O)C(NC(=O)[C@H](N)c3ccc4c(c3)CCO4)C2SC1,O=C(Cc1ccc2c(c1)CCO2)NC1C(=O)N2C=CCSC12,Klebsiella pneumoniae,μg/mL,CHEMBL3085254,1,6.2,6.2,6.2,0.7923916894982539,B,high,1,1.0
CC(=O)OCC1=C(C(=O)O)N2C(=O)[C@@H](NC(=O)/C(=N\O)c3cnc(N)s3)[C@H]2SC1,N=C(C(=O)N[C@@H]1C(=O)N2C=CCS[C@H]12)c1cncs1,Escherichia coli,μg/mL,CHEMBL158954,3,0.06,0.06,1.0,-1.2218487496163564,B,high,1,1.0
CC(=O)OCC1=C(C(=O)O)N2C(=O)[C@@H](NC(=O)/C(=N\O)c3cnc(N)s3)[C@H]2SC1,N=C(C(=O)N[C@@H]1C(=O)N2C=CCS[C@H]12)c1cncs1,Klebsiella pneumoniae,μg/mL,CHEMBL158954,1,0.06,0.06,0.06,-1.2218487496163564,B,high,1,1.0
CC(=O)OCC1=C(C(=O)O)N2C(=O)[C@@H](NC(=O)C(O)c3ccccc3)[C@H]2SC1,O=C(Cc1ccccc1)N[C@@H]1C(=O)N2C=CCS[C@H]12,Klebsiella pneumoniae,μg/mL,CHEMBL133011,1,2.0,2.0,2.0,0.3010299956639812,B,high,1,1.0
CC(=O)OCC1=C(C(=O)O)N2C(=O)[C@@H](NC(=O)COc3ccccc3)[C@H]2SC1,O=C(COc1ccccc1)N[C@@H]1C(=O)N2C=CCS[C@H]12,Klebsiella pneumoniae,μg/mL,CHEMBL317778,1,128.0,128.0,128.0,2.1072099696478683,B,high,1,1.0
CC(=O)OCC1=C(C(=O)O)N2C(=O)[C@@H](NC(=O)Cc3cccs3)[C@H]2SC1,O=C(Cc1cccs1)N[C@@H]1C(=O)N2C=CCS[C@H]12,Acinetobacter baumannii,μg/mL,CHEMBL617,1,256.0,256.0,256.0,2.4082399653118496,B,high,1,1.0
CC(=O)OCC1=C(C(=O)O)N2C(=O)[C@@H](NC(=O)Cc3cccs3)[C@H]2SC1,O=C(Cc1cccs1)N[C@@H]1C(=O)N2C=CCS[C@H]12,Klebsiella pneumoniae,μg/mL,CHEMBL617,1,3.1,3.1,3.1,0.4913616938342727,B,high,1,1.0
CC(=O)OCC1=C(C(=O)O)N2C(=O)[C@@H](NC(=O)[C@@H](Cc3ccccc3)NNC(=O)OCc3ccccc3[N+](=O)[O-])C2SC1,O=C(NN[C@H](Cc1ccccc1)C(=O)N[C@@H]1C(=O)N2C=CCSC12)OCc1ccccc1,Klebsiella pneumoniae,μg/mL,CHEMBL609694,1,32.0,32.0,32.0,1.505149978319906,B,high,1,1.0
CC(=O)OCC1=C(C(=O)O)N2C(=O)[C@@H](NC(=O)c3cccc(C(=O)c4cc(Cl)cc(C(=O)c5ccccc5O)c4O)c3O)[C@H]2SC1,O=C(N[C@@H]1C(=O)N2C=CCS[C@H]12)c1cccc(C(=O)c2cccc(C(=O)c3ccccc3)c2)c1,Pseudomonas aeruginosa,μg/mL,CHEMBL117890,2,0.585,0.38,0.79,-0.23284413391781958,B,high,1,1.0
CC(=O)OCC1=C(C(=O)O)N2C(=O)[C@@H](NC(=O)c3cccc(Cc4cc(Cl)cc(Cc5ccccc5O)c4O)c3O)[C@H]2SC1,O=C(N[C@@H]1C(=O)N2C=CCS[C@H]12)c1cccc(Cc2cccc(Cc3ccccc3)c2)c1,Pseudomonas aeruginosa,μg/mL,CHEMBL117020,2,0.365,0.28,0.45,-0.4377071355435253,B,high,1,1.0
CC(=O)OCn1oc(=O)c2ccccc21,O=c1o[nH]c2ccccc12,Escherichia coli,μg/mL,CHEMBL19764,1,125.0,125.0,125.0,2.0969100130080562,B,high,1,1.0
CC(=O)OCn1oc(=O)c2ccccc21,O=c1o[nH]c2ccccc12,Klebsiella pneumoniae,μg/mL,CHEMBL19764,1,62.5,62.5,62.5,1.7958800173440752,B,high,1,1.0
CC(=O)O[C@@H]1C[C@@H]2[C@@]3(C)CC[C@H](O)C(C)(C)[C@@H]3CC[C@@]2(C)[C@]2(C)CC[C@H]([C@]3(C)CC[C@@H](C(C)(C)O)O3)[C@@H]12,C1CC[C@@H]2CCC3C4CC[C@H](C5CCCO5)[C@H]4CC[C@@H]3C2C1,Acinetobacter baumannii,μg/mL,CHEMBL2426029,1,64.0,64.0,64.0,1.806179973983887,B,high,1,1.0
CC(=O)O[C@@H]1C[C@@H]2[C@@]3(C)CC[C@H](O)C(C)(C)[C@@H]3CC[C@@]2(C)[C@]2(C)CC[C@H]([C@]3(C)CC[C@H](C(C)(C)O)O3)[C@@H]12,C1CC[C@@H]2CCC3C4CC[C@H](C5CCCO5)[C@H]4CC[C@@H]3C2C1,Acinetobacter baumannii,μg/mL,CHEMBL2426033,1,128.0,128.0,128.0,2.1072099696478683,B,high,1,1.0
CC(=O)O[C@H]1C[C@@]2(C)[C@@H](C[C@@H](O)[C@H]3[C@@]4(C)CC[C@@H](O)[C@@H](C)[C@@H]4CC[C@@]32C)/C1=C(\CCC=C(C)C)C(=O)O,C=C1CCC2C3CC[C@H]4CCCCC4[C@@H]3CC[C@@H]12,Acinetobacter baumannii,μg/mL,CHEMBL374975,9,6.0,1.0,32.0,0.7781512503836436,B,high,2,1.0
CC(=O)Oc1ccc(C(=O)NCCCCN(CC(=O)NC(C(=O)NC2C(=O)N3C2SC(C)(C)C3C(=O)O)c2ccccc2)C(=O)c2ccc(OC(C)=O)c(OC(C)=O)c2)cc1OC(C)=O,O=C(CN(CCCCNC(=O)c1ccccc1)C(=O)c1ccccc1)NC(C(=O)NC1C(=O)N2CCSC12)c1ccccc1,Escherichia coli,μg/mL,CHEMBL318107,1,0.78,0.78,0.78,-0.10790539730951958,B,high,1,1.0
CC(=O)Oc1ccc(C(=O)NCCCCN(CC(=O)NC(C(=O)NC2C(=O)N3C2SC(C)(C)C3C(=O)O)c2ccccc2)C(=O)c2ccc(OC(C)=O)c(OC(C)=O)c2)cc1OC(C)=O,O=C(CN(CCCCNC(=O)c1ccccc1)C(=O)c1ccccc1)NC(C(=O)NC1C(=O)N2CCSC12)c1ccccc1,Klebsiella pneumoniae,μg/mL,CHEMBL318107,1,0.4,0.4,0.4,-0.3979400086720376,B,high,1,1.0
CC(=O)Oc1ccc(C(=O)NCCCCN(CC(=O)NC(C(=O)NC2C(=O)N3C2SC(C)(C)C3C(=O)O)c2ccccc2)C(=O)c2ccc(OC(C)=O)c(OC(C)=O)c2)cc1OC(C)=O,O=C(CN(CCCCNC(=O)c1ccccc1)C(=O)c1ccccc1)NC(C(=O)NC1C(=O)N2CCSC12)c1ccccc1,Pseudomonas aeruginosa,μg/mL,CHEMBL318107,2,0.49,0.2,0.78,-0.3098039199714863,B,high,1,1.0
CC(=O)Oc1cccc(C(=O)N(C)CCCN(CC(=O)NC(C(=O)NC2C(=O)N3C2SC(C)(C)C3C(=O)O)c2ccccc2)C(=O)c2cccc(OC(C)=O)c2OC(C)=O)c1OC(C)=O,O=C(CN(CCCNC(=O)c1ccccc1)C(=O)c1ccccc1)NC(C(=O)NC1C(=O)N2CCSC12)c1ccccc1,Escherichia coli,μg/mL,CHEMBL317237,1,0.02,0.02,0.02,-1.6989700043360187,B,high,1,1.0
CC(=O)Oc1cccc(C(=O)N(C)CCCN(CC(=O)NC(C(=O)NC2C(=O)N3C2SC(C)(C)C3C(=O)O)c2ccccc2)C(=O)c2cccc(OC(C)=O)c2OC(C)=O)c1OC(C)=O,O=C(CN(CCCNC(=O)c1ccccc1)C(=O)c1ccccc1)NC(C(=O)NC1C(=O)N2CCSC12)c1ccccc1,Pseudomonas aeruginosa,μg/mL,CHEMBL317237,2,0.0425,0.005,0.08,-1.3716110699496884,B,high,1,1.0
CC(=O)Oc1cccc(C(=O)N(C)CCCN(Cc2ccccc2C(=O)NC(C(=O)NC2C(=O)N3C2SC(C)(C)C3C(=O)O)c2ccccc2)C(=O)c2cccc(OC(C)=O)c2OC(C)=O)c1OC(C)=O,O=C(NCCCN(Cc1ccccc1C(=O)NC(C(=O)NC1C(=O)N2CCSC12)c1ccccc1)C(=O)c1ccccc1)c1ccccc1,Escherichia coli,μg/mL,CHEMBL214088,1,1.56,1.56,1.56,0.1931245983544616,B,high,1,1.0
CC(=O)Oc1cccc(C(=O)N(C)CCCN(Cc2ccccc2C(=O)NC(C(=O)NC2C(=O)N3C2SC(C)(C)C3C(=O)O)c2ccccc2)C(=O)c2cccc(OC(C)=O)c2OC(C)=O)c1OC(C)=O,O=C(NCCCN(Cc1ccccc1C(=O)NC(C(=O)NC1C(=O)N2CCSC12)c1ccccc1)C(=O)c1ccccc1)c1ccccc1,Klebsiella pneumoniae,μg/mL,CHEMBL214088,1,0.2,0.2,0.2,-0.6989700043360187,B,high,1,1.0
CC(=O)Oc1cccc(C(=O)N(C)CCCN(Cc2ccccc2C(=O)NC(C(=O)NC2C(=O)N3C2SC(C)(C)C3C(=O)O)c2ccccc2)C(=O)c2cccc(OC(C)=O)c2OC(C)=O)c1OC(C)=O,O=C(NCCCN(Cc1ccccc1C(=O)NC(C(=O)NC1C(=O)N2CCSC12)c1ccccc1)C(=O)c1ccccc1)c1ccccc1,Pseudomonas aeruginosa,μg/mL,CHEMBL214088,2,0.25,0.1,0.4,-0.6020599913279624,B,high,1,1.0
CC(=O)Oc1cccc(C(=O)NCCCCN(C(=O)c2cccc(OC(C)=O)c2OC(C)=O)c2ccc(OCC(=O)NC3C(=O)N4C3SC(C)(C)C4C(=O)O)cc2)c1OC(C)=O,O=C(COc1ccc(N(CCCCNC(=O)c2ccccc2)C(=O)c2ccccc2)cc1)NC1C(=O)N2CCSC12,Pseudomonas aeruginosa,μg/mL,CHEMBL320392,2,50.0,50.0,50.0,1.6989700043360187,B,high,1,1.0
CC(=O)Oc1cccc(C(=O)NCCCCN(C(=O)c2cccc(OC(C)=O)c2OC(C)=O)c2ccccc2OCC(=O)NC2C(=O)N3C2SC(C)(C)C3C(=O)O)c1OC(C)=O,O=C(COc1ccccc1N(CCCCNC(=O)c1ccccc1)C(=O)c1ccccc1)NC1C(=O)N2CCSC12,Escherichia coli,μg/mL,CHEMBL102255,1,100.0,100.0,100.0,2.0,B,high,1,1.0
CC(=O)Oc1cccc(C(=O)NCCCCN(C(=O)c2cccc(OC(C)=O)c2OC(C)=O)c2ccccc2OCC(=O)NC2C(=O)N3C2SC(C)(C)C3C(=O)O)c1OC(C)=O,O=C(COc1ccccc1N(CCCCNC(=O)c1ccccc1)C(=O)c1ccccc1)NC1C(=O)N2CCSC12,Klebsiella pneumoniae,μg/mL,CHEMBL102255,1,100.0,100.0,100.0,2.0,B,high,1,1.0
CC(=O)Oc1cccc(C(=O)NCCCCN(C(=O)c2cccc(OC(C)=O)c2OC(C)=O)c2ccccc2OCC(=O)NC2C(=O)N3C2SC(C)(C)C3C(=O)O)c1OC(C)=O,O=C(COc1ccccc1N(CCCCNC(=O)c1ccccc1)C(=O)c1ccccc1)NC1C(=O)N2CCSC12,Pseudomonas aeruginosa,μg/mL,CHEMBL102255,2,37.5,25.0,50.0,1.5740312677277188,B,high,1,1.0
CC(=O)Oc1cccc(C(=O)NCCCCN(CC(=O)NC(C(=O)NC2C(=O)N3C2SC(C)(C)C3C(=O)O)c2ccc(O)cc2)C(=O)c2cccc(OC(C)=O)c2OC(C)=O)c1OC(C)=O,O=C(CN(CCCCNC(=O)c1ccccc1)C(=O)c1ccccc1)NC(C(=O)NC1C(=O)N2CCSC12)c1ccccc1,Escherichia coli,μg/mL,CHEMBL412399,1,0.01,0.01,0.01,-2.0,B,high,1,1.0
CC(=O)Oc1cccc(C(=O)NCCCCN(CC(=O)NC(C(=O)NC2C(=O)N3C2SC(C)(C)C3C(=O)O)c2ccc(O)cc2)C(=O)c2cccc(OC(C)=O)c2OC(C)=O)c1OC(C)=O,O=C(CN(CCCCNC(=O)c1ccccc1)C(=O)c1ccccc1)NC(C(=O)NC1C(=O)N2CCSC12)c1ccccc1,Pseudomonas aeruginosa,μg/mL,CHEMBL412399,2,0.085,0.01,0.16,-1.0705810742857071,B,high,1,1.0
CC(=O)Oc1cccc(C(=O)NCCCCN(CC(=O)NC(C(=O)NC2C(=O)N3C2SC(C)(C)C3C(=O)O)c2ccccc2)C(=O)c2cccc(OC(C)=O)c2OC(C)=O)c1OC(C)=O,O=C(CN(CCCCNC(=O)c1ccccc1)C(=O)c1ccccc1)NC(C(=O)NC1C(=O)N2CCSC12)c1ccccc1,Pseudomonas aeruginosa,μg/mL,CHEMBL105578,1,0.05,0.05,0.05,-1.3010299956639813,B,high,1,1.0
CC(=O)Oc1cccc(C(=O)NCCCCN(Cc2ccc(OCC(=O)NC(C(=O)NC3C(=O)N4C3SC(C)(C)C4C(=O)O)c3ccccc3)cc2)C(=O)c2cccc(OC(C)=O)c2OC(C)=O)c1OC(C)=O,O=C(COc1ccc(CN(CCCCNC(=O)c2ccccc2)C(=O)c2ccccc2)cc1)NC(C(=O)NC1C(=O)N2CCSC12)c1ccccc1,Escherichia coli,μg/mL,CHEMBL262574,1,0.78,0.78,0.78,-0.10790539730951958,B,high,1,1.0
CC(=O)Oc1cccc(C(=O)NCCCCN(Cc2ccc(OCC(=O)NC(C(=O)NC3C(=O)N4C3SC(C)(C)C4C(=O)O)c3ccccc3)cc2)C(=O)c2cccc(OC(C)=O)c2OC(C)=O)c1OC(C)=O,O=C(COc1ccc(CN(CCCCNC(=O)c2ccccc2)C(=O)c2ccccc2)cc1)NC(C(=O)NC1C(=O)N2CCSC12)c1ccccc1,Pseudomonas aeruginosa,μg/mL,CHEMBL262574,2,3.225,0.2,6.25,0.5085297189712866,B,high,1,1.0
CC(=O)Oc1cccc(C(=O)NCCCCN(Cc2ccccc2C(=O)NC(C(=O)NC2C(=O)N3C2SC(C)(C)C3C(=O)O)c2ccccc2)C(=O)c2cccc(OC(C)=O)c2OC(C)=O)c1OC(C)=O,O=C(NCCCCN(Cc1ccccc1C(=O)NC(C(=O)NC1C(=O)N2CCSC12)c1ccccc1)C(=O)c1ccccc1)c1ccccc1,Escherichia coli,μg/mL,CHEMBL384530,1,0.4,0.4,0.4,-0.3979400086720376,B,high,1,1.0
CC(=O)Oc1cccc(C(=O)NCCCCN(Cc2ccccc2C(=O)NC(C(=O)NC2C(=O)N3C2SC(C)(C)C3C(=O)O)c2ccccc2)C(=O)c2cccc(OC(C)=O)c2OC(C)=O)c1OC(C)=O,O=C(NCCCCN(Cc1ccccc1C(=O)NC(C(=O)NC1C(=O)N2CCSC12)c1ccccc1)C(=O)c1ccccc1)c1ccccc1,Pseudomonas aeruginosa,μg/mL,CHEMBL384530,2,0.12000000000000001,0.04,0.2,-0.9208187539523751,B,high,1,1.0
CC(=O)Oc1cccc(C(=O)NCCN(CC(=O)NC(C(=O)NC2C(=O)N3C2SC(C)(C)C3C(=O)O)c2ccccc2)C(=O)c2cccc(OC(C)=O)c2OC(C)=O)c1OC(C)=O,O=C(CN(CCNC(=O)c1ccccc1)C(=O)c1ccccc1)NC(C(=O)NC1C(=O)N2CCSC12)c1ccccc1,Escherichia coli,μg/mL,CHEMBL319399,1,0.78,0.78,0.78,-0.10790539730951958,B,high,1,1.0
CC(=O)Oc1cccc(C(=O)NCCN(CC(=O)NC(C(=O)NC2C(=O)N3C2SC(C)(C)C3C(=O)O)c2ccccc2)C(=O)c2cccc(OC(C)=O)c2OC(C)=O)c1OC(C)=O,O=C(CN(CCNC(=O)c1ccccc1)C(=O)c1ccccc1)NC(C(=O)NC1C(=O)N2CCSC12)c1ccccc1,Klebsiella pneumoniae,μg/mL,CHEMBL319399,1,0.1,0.1,0.1,-1.0,B,high,1,1.0
CC(=O)Oc1cccc(C(=O)NCCN(CC(=O)NC(C(=O)NC2C(=O)N3C2SC(C)(C)C3C(=O)O)c2ccccc2)C(=O)c2cccc(OC(C)=O)c2OC(C)=O)c1OC(C)=O,O=C(CN(CCNC(=O)c1ccccc1)C(=O)c1ccccc1)NC(C(=O)NC1C(=O)N2CCSC12)c1ccccc1,Pseudomonas aeruginosa,μg/mL,CHEMBL319399,2,0.5900000000000001,0.4,0.78,-0.22914798835785574,B,high,1,1.0
CC(=O)Oc1cccc(C(=O)Nc2cc(NC(=O)c3cccc(OC(C)=O)c3OC(C)=O)cc(C(=O)NC(C(=O)NC3C(=O)N4C3SC(C)(C)C4C(=O)O)c3ccccc3)c2)c1OC(C)=O,O=C(Nc1cc(NC(=O)c2ccccc2)cc(C(=O)NC(C(=O)NC2C(=O)N3CCSC23)c2ccccc2)c1)c1ccccc1,Escherichia coli,μg/mL,CHEMBL322159,1,100.0,100.0,100.0,2.0,B,high,1,1.0
CC(=O)Oc1cccc(C(=O)Nc2cc(NC(=O)c3cccc(OC(C)=O)c3OC(C)=O)cc(C(=O)NC(C(=O)NC3C(=O)N4C3SC(C)(C)C4C(=O)O)c3ccccc3)c2)c1OC(C)=O,O=C(Nc1cc(NC(=O)c2ccccc2)cc(C(=O)NC(C(=O)NC2C(=O)N3CCSC23)c2ccccc2)c1)c1ccccc1,Klebsiella pneumoniae,μg/mL,CHEMBL322159,1,3.12,3.12,3.12,0.4941545940184428,B,high,1,1.0
CC(=O)Oc1cccc(C(=O)Nc2cc(NC(=O)c3cccc(OC(C)=O)c3OC(C)=O)cc(C(=O)NC(C(=O)NC3C(=O)N4C3SC(C)(C)C4C(=O)O)c3ccccc3)c2)c1OC(C)=O,O=C(Nc1cc(NC(=O)c2ccccc2)cc(C(=O)NC(C(=O)NC2C(=O)N3CCSC23)c2ccccc2)c1)c1ccccc1,Pseudomonas aeruginosa,μg/mL,CHEMBL322159,2,1.76,0.4,3.12,0.24551266781414982,B,high,1,1.0
CC(=O)[N-]/C=C/SC1=C(C(=O)[O-])N2C(=O)[C@@H](C(C)O)[C@H]2C1.[Na+].[Na+],O=C1C[C@H]2CC=CN12,Escherichia coli,μg/mL,CHEMBL3138732,1,0.2,0.2,0.2,-0.6989700043360187,B,high,1,1.0
CC(=O)[N-]/C=C/SC1=C(C(=O)[O-])N2C(=O)[C@@H](C(C)O)[C@H]2C1.[Na+].[Na+],O=C1C[C@H]2CC=CN12,Klebsiella pneumoniae,μg/mL,CHEMBL3138732,2,50.195,0.39,100.0,1.7006604585681717,B,high,1,1.0
CC(=O)[N-]/C=C/SC1=C(C(=O)[O-])N2C(=O)[C@@H](C(C)O)[C@H]2C1.[Na+].[Na+],O=C1C[C@H]2CC=CN12,Pseudomonas aeruginosa,μg/mL,CHEMBL3138732,1,25.0,25.0,25.0,1.3979400086720377,B,high,1,1.0
CC(=O)c1cccc(N[C@H]2[C@H](N)[C@@](NC(=O)N(C)C)([C@H](C)O)[C@@](C)(O)[C@@]2(O)CO)c1,c1ccc(NC2CCCC2)cc1,Acinetobacter baumannii,μg/mL,CHEMBL2337347,1,128.0,128.0,128.0,2.1072099696478683,B,high,1,1.0
CC(=O)c1cccc(N[C@H]2[C@H](N)[C@@](NC(=O)N(C)C)([C@H](C)O)[C@@](C)(O)[C@@]2(O)COC(=O)c2c(C)cccc2O)c1,O=C(OCC1CCC[C@@H]1Nc1ccccc1)c1ccccc1,Acinetobacter baumannii,μg/mL,CHEMBL458512,1,16.0,16.0,16.0,1.2041199826559248,B,high,1,1.0
CC(C)(C)OC(=O)N1CCC2C1C(=O)N2OS(=O)(=O)[O-].[Na+],O=C1NC2CCNC12,Pseudomonas aeruginosa,μg/mL,CHEMBL355579,1,32.0,32.0,32.0,1.505149978319906,B,high,1,1.0
CC(C)(C)OC(=O)N1CCN(Cc2oc(CCl)cc(=O)c2O)CC1,O=c1ccoc(CN2CCNCC2)c1,Acinetobacter baumannii,μg/mL,CHEMBL1241914,2,12.0,8.0,16.0,1.0791812460476249,B,high,1,1.0
CC(C)(C)OC(=O)N1CC[C@@H]2[C@H]1C(=O)N2S(=O)(=O)O,O=C1N[C@@H]2CCN[C@H]12,Pseudomonas aeruginosa,μg/mL,CHEMBL607280,1,8.0,8.0,8.0,0.9030899869919435,B,high,1,1.0
CC(C)(C)c1ccc(-c2cccc(CNC(=N)N)c2)cc1,c1ccc(-c2ccccc2)cc1,Acinetobacter baumannii,μg/mL,CHEMBL2180486,1,16.0,16.0,16.0,1.2041199826559248,B,high,1,1.0
CC(C)(C)c1ccc(C(O)CCCN2CCC(C(O)(c3ccccc3)c3ccccc3)CC2)cc1,c1ccc(CCCCN2CCC(C(c3ccccc3)c3ccccc3)CC2)cc1,Acinetobacter baumannii,μg/mL,CHEMBL17157,1,256.0,256.0,256.0,2.4082399653118496,B,high,1,1.0
CC(C)(C)c1ccc2ncc(NC(=O)CNC(=O)[C@H](N)CCCN)cc2c1,c1ccc2ncccc2c1,Pseudomonas aeruginosa,μg/mL,CHEMBL93802,1,64.0,64.0,64.0,1.806179973983887,B,high,1,1.0
CC(C)(C)c1ccc2ncc(NC(=O)[C@H]3C[C@H](CN)CN3)cc2c1,O=C(Nc1cnc2ccccc2c1)[C@H]1CCCN1,Pseudomonas aeruginosa,μg/mL,CHEMBL329135,1,128.0,128.0,128.0,2.1072099696478683,B,high,1,1.0
CC(C)(C)n1cc(C(=O)O)c(=O)c2cc(F)c(N3CCC(N)C3)cc21,O=c1cc[nH]c2cc(N3CCCC3)ccc12,Escherichia coli,μg/mL,CHEMBL280036,1,0.2,0.2,0.2,-0.6989700043360187,B,high,1,1.0
CC(C)(C)n1cc(C(=O)O)c(=O)c2cc(F)c(N3CCC(N)C3)cc21,O=c1cc[nH]c2cc(N3CCCC3)ccc12,Pseudomonas aeruginosa,μg/mL,CHEMBL280036,1,0.4,0.4,0.4,-0.3979400086720376,B,high,1,1.0
CC(C)(C)n1cc(C(=O)O)c(=O)c2cc(F)c(N3CCNCC3)c(F)c21,O=c1cc[nH]c2cc(N3CCNCC3)ccc12,Escherichia coli,μg/mL,CHEMBL355972,1,0.06,0.06,0.06,-1.2218487496163564,B,high,1,1.0
CC(C)(C)n1cc(C(=O)O)c(=O)c2cc(F)c(N3CCNCC3)c(F)c21,O=c1cc[nH]c2cc(N3CCNCC3)ccc12,Klebsiella pneumoniae,μg/mL,CHEMBL355972,1,0.25,0.25,0.25,-0.6020599913279624,B,high,1,1.0
CC(C)(C)n1cc(C(=O)O)c(=O)c2cc(F)c(N3CCNCC3)c(F)c21,O=c1cc[nH]c2cc(N3CCNCC3)ccc12,Pseudomonas aeruginosa,μg/mL,CHEMBL355972,1,4.0,4.0,4.0,0.6020599913279624,B,high,1,1.0
CC(C)(C)n1cc(C(=O)O)c(=O)c2cc(F)c(N3CCNCC3)cc21,O=c1cc[nH]c2cc(N3CCNCC3)ccc12,Escherichia coli,μg/mL,CHEMBL14971,2,0.13,0.06,0.2,-0.8860566476931632,B,high,2,1.0
CC(C)(C)n1cc(C(=O)O)c(=O)c2cc(F)c(N3CCNCC3)cc21,O=c1cc[nH]c2cc(N3CCNCC3)ccc12,Klebsiella pneumoniae,μg/mL,CHEMBL14971,1,0.13,0.13,0.13,-0.8860566476931632,B,high,1,1.0
CC(C)(C)n1cc(C(=O)O)c(=O)c2cc(F)c(N3CCNCC3)cc21,O=c1cc[nH]c2cc(N3CCNCC3)ccc12,Pseudomonas aeruginosa,μg/mL,CHEMBL14971,2,0.45,0.4,0.5,-0.3467874862246563,B,high,2,1.0
CC(C)(C)n1cc(C(=O)O)c(=O)c2cc(F)c(N3CCNCC3)nc21,O=c1cc[nH]c2nc(N3CCNCC3)ccc12,Escherichia coli,μg/mL,CHEMBL26891,1,0.015,0.015,0.015,-1.8239087409443189,B,high,1,1.0
CC(C)(C)n1cc(C(=O)O)c(=O)c2cc(F)c(N3CCNCC3)nc21,O=c1cc[nH]c2nc(N3CCNCC3)ccc12,Klebsiella pneumoniae,μg/mL,CHEMBL26891,1,0.13,0.13,0.13,-0.8860566476931632,B,high,1,1.0
CC(C)(C)n1cc(C(=O)O)c(=O)c2cc(F)c(N3CCNCC3)nc21,O=c1cc[nH]c2nc(N3CCNCC3)ccc12,Pseudomonas aeruginosa,μg/mL,CHEMBL26891,1,1.0,1.0,1.0,0.0,B,high,1,1.0
CC(C)(C)n1cc(C(=O)O)c(=O)c2cc(F)c(N3CC[C@@H](N)C3)nc21,O=c1cc[nH]c2nc(N3CCCC3)ccc12,Klebsiella pneumoniae,μg/mL,CHEMBL2112726,1,0.13,0.13,0.13,-0.8860566476931632,B,high,1,1.0
CC(C)(C)n1cc(C(=O)O)c(=O)c2cc(F)c(N3CC[C@H](N)C3)nc21,O=c1cc[nH]c2nc(N3CCCC3)ccc12,Klebsiella pneumoniae,μg/mL,CHEMBL122152,1,0.03,0.03,0.03,-1.5228787452803376,B,high,1,1.0
CC(C)(C)n1cc(C(=O)O)c(=O)c2cc(N)c(N3CCCC3)cc21,O=c1cc[nH]c2cc(N3CCCC3)ccc12,Escherichia coli,μg/mL,CHEMBL43944,2,0.12,0.12,0.12,-0.9208187539523752,B,high,1,1.0
CC(C)(C)n1cc(C(=O)O)c(=O)c2cc(N)c(N3CCCC3)cc21,O=c1cc[nH]c2cc(N3CCCC3)ccc12,Klebsiella pneumoniae,μg/mL,CHEMBL43944,1,0.12,0.12,0.12,-0.9208187539523752,B,high,1,1.0
CC(C)(C)n1cc(C(=O)O)c(=O)c2cc(N)c(N3CCCC3)cc21,O=c1cc[nH]c2cc(N3CCCC3)ccc12,Pseudomonas aeruginosa,μg/mL,CHEMBL43944,1,64.0,64.0,64.0,1.806179973983887,B,high,1,1.0
CC(C)(C)n1cc(C(=O)O)c(=O)c2cc(N)c(N3CCN(c4ccccn4)CC3)cc21,O=c1cc[nH]c2cc(N3CCN(c4ccccn4)CC3)ccc12,Escherichia coli,μg/mL,CHEMBL47617,2,0.5,0.5,0.5,-0.3010299956639812,B,high,1,1.0
CC(C)(C)n1cc(C(=O)O)c(=O)c2cc(N)c(N3CCN(c4ccccn4)CC3)cc21,O=c1cc[nH]c2cc(N3CCN(c4ccccn4)CC3)ccc12,Klebsiella pneumoniae,μg/mL,CHEMBL47617,1,0.25,0.25,0.25,-0.6020599913279624,B,high,1,1.0
CC(C)(C)n1cc(C(=O)O)c(=O)c2cc(N)c(N3CCN(c4ccccn4)CC3)cc21,O=c1cc[nH]c2cc(N3CCN(c4ccccn4)CC3)ccc12,Pseudomonas aeruginosa,μg/mL,CHEMBL47617,1,128.0,128.0,128.0,2.1072099696478683,B,high,1,1.0
CC(C)(C)n1cc(C(=O)O)c(=O)c2cc(N)c(N3CCSCC3)cc21,O=c1cc[nH]c2cc(N3CCSCC3)ccc12,Escherichia coli,μg/mL,CHEMBL45613,2,0.045,0.03,0.06,-1.3467874862246563,B,high,1,1.0
CC(C)(C)n1cc(C(=O)O)c(=O)c2cc(N)c(N3CCSCC3)cc21,O=c1cc[nH]c2cc(N3CCSCC3)ccc12,Klebsiella pneumoniae,μg/mL,CHEMBL45613,1,0.03,0.03,0.03,-1.5228787452803376,B,high,1,1.0
CC(C)(C)n1cc(C(=O)O)c(=O)c2cc(N)c(N3CCSCC3)cc21,O=c1cc[nH]c2cc(N3CCSCC3)ccc12,Pseudomonas aeruginosa,μg/mL,CHEMBL45613,1,4.0,4.0,4.0,0.6020599913279624,B,high,1,1.0
CC(C)(C)n1cc(C(=O)O)c(=O)c2cc(N)c(N3CCc4ccccc43)cc21,O=c1cc[nH]c2cc(N3CCc4ccccc43)ccc12,Escherichia coli,μg/mL,CHEMBL47399,2,0.12,0.12,0.12,-0.9208187539523752,B,high,1,1.0
CC(C)(C)n1cc(C(=O)O)c(=O)c2cc(N)c(N3CCc4ccccc43)cc21,O=c1cc[nH]c2cc(N3CCc4ccccc43)ccc12,Klebsiella pneumoniae,μg/mL,CHEMBL47399,1,0.12,0.12,0.12,-0.9208187539523752,B,high,1,1.0
CC(C)(C)n1cc(C(=O)O)c(=O)c2cc(N)c(N3CCc4ccccc43)cc21,O=c1cc[nH]c2cc(N3CCc4ccccc43)ccc12,Pseudomonas aeruginosa,μg/mL,CHEMBL47399,1,32.0,32.0,32.0,1.505149978319906,B,high,1,1.0
CC(C)(C)n1cc(C(=O)O)c(=O)c2cc(N)c(N3CCc4ccccc4C3)cc21,O=c1cc[nH]c2cc(N3CCc4ccccc4C3)ccc12,Escherichia coli,μg/mL,CHEMBL48006,2,0.12,0.12,0.12,-0.9208187539523752,B,high,1,1.0
CC(C)(C)n1cc(C(=O)O)c(=O)c2cc(N)c(N3CCc4ccccc4C3)cc21,O=c1cc[nH]c2cc(N3CCc4ccccc4C3)ccc12,Klebsiella pneumoniae,μg/mL,CHEMBL48006,1,0.12,0.12,0.12,-0.9208187539523752,B,high,1,1.0
CC(C)(C)n1cc(C(=O)O)c(=O)c2cc(N)c(N3CCc4ccccc4C3)cc21,O=c1cc[nH]c2cc(N3CCc4ccccc4C3)ccc12,Pseudomonas aeruginosa,μg/mL,CHEMBL48006,1,32.0,32.0,32.0,1.505149978319906,B,high,1,1.0
CC(C)(O)[C@@H]1CC[C@@](C)([C@H]2CC[C@]3(C)[C@@H]2[C@H](OC(=O)/C=C/c2ccccc2)C[C@@H]2[C@@]4(C)CC[C@H](O)C(C)(C)[C@@H]4CC[C@]23C)O1,O=C(/C=C/c1ccccc1)O[C@@H]1C[C@H]2C(CC[C@H]3CCCCC32)C2CC[C@H](C3CCCO3)[C@H]21,Acinetobacter baumannii,μg/mL,CHEMBL2426032,1,32.0,32.0,32.0,1.505149978319906,B,high,1,1.0
CC(C)(O)[C@H]1CC[C@@](C)([C@H]2CC[C@]3(C)[C@@H]2[C@H](O)C[C@@H]2[C@@]4(C)CC[C@H](O)C(C)(C)[C@@H]4CC[C@]23C)O1,C1CC[C@@H]2CCC3C4CC[C@H](C5CCCO5)[C@H]4CC[C@@H]3C2C1,Acinetobacter baumannii,μg/mL,CHEMBL2426036,1,128.0,128.0,128.0,2.1072099696478683,B,high,1,1.0
CC(C)(O/N=C(/C(=O)N[C@H]1CN2CC(C#N)=C(C(=O)O)N2C1=O)c1csc(N)n1)C(=O)O,N=C(C(=O)N[C@H]1CN2CC=CN2C1=O)c1cscn1,Escherichia coli,μg/mL,CHEMBL326879,1,0.03,0.03,0.03,-1.5228787452803376,B,high,1,1.0
CC(C)(O/N=C(/C(=O)N[C@H]1CN2CC(C#N)=C(C(=O)O)N2C1=O)c1csc(N)n1)C(=O)O,N=C(C(=O)N[C@H]1CN2CC=CN2C1=O)c1cscn1,Klebsiella pneumoniae,μg/mL,CHEMBL326879,1,0.25,0.25,0.25,-0.6020599913279624,B,high,1,1.0
CC(C)(O/N=C(/C(=O)N[C@H]1CN2CC(C#N)=C(C(=O)O)N2C1=O)c1csc(N)n1)C(=O)O,N=C(C(=O)N[C@H]1CN2CC=CN2C1=O)c1cscn1,Pseudomonas aeruginosa,μg/mL,CHEMBL326879,1,64.0,64.0,64.0,1.806179973983887,B,high,1,1.0
CC(C)(O/N=C(/C(=O)N[C@H]1CN2CC(S(C)(=O)=O)=C(C(=O)O)N2C1=O)c1csc(N)n1)C(=O)O,N=C(C(=O)N[C@H]1CN2CC=CN2C1=O)c1cscn1,Escherichia coli,μg/mL,CHEMBL322347,1,0.03,0.03,0.03,-1.5228787452803376,B,high,1,1.0
CC(C)(O/N=C(/C(=O)N[C@H]1CN2CC(S(C)(=O)=O)=C(C(=O)O)N2C1=O)c1csc(N)n1)C(=O)O,N=C(C(=O)N[C@H]1CN2CC=CN2C1=O)c1cscn1,Klebsiella pneumoniae,μg/mL,CHEMBL322347,1,0.125,0.125,0.125,-0.9030899869919435,B,high,1,1.0
CC(C)(O/N=C(/C(=O)N[C@H]1CN2CC(S(C)(=O)=O)=C(C(=O)O)N2C1=O)c1csc(N)n1)C(=O)O,N=C(C(=O)N[C@H]1CN2CC=CN2C1=O)c1cscn1,Pseudomonas aeruginosa,μg/mL,CHEMBL322347,1,8.0,8.0,8.0,0.9030899869919435,B,high,1,1.0
CC(C)(O/N=C(\C(=O)N[C@@H]1C(=O)N(S(=O)(=O)O)[C@@H]1CNC(=O)NCc1cc(=O)c(O)cn1O)c1csc(N)n1)C(=O)NO,N=C(C(=O)N[C@@H]1C(=O)N[C@@H]1CNC(=O)NCc1cc(=O)cc[nH]1)c1cscn1,Acinetobacter baumannii,μg/mL,CHEMBL2409759,1,1.0,1.0,1.0,0.0,B,high,1,1.0
CC(C)(O/N=C(\C(=O)N[C@@H]1C(=O)N(S(=O)(=O)O)[C@@H]1CNC(=O)NCc1cc(=O)c(O)cn1O)c1csc(N)n1)C(=O)O,N=C(C(=O)N[C@@H]1C(=O)N[C@@H]1CNC(=O)NCc1cc(=O)cc[nH]1)c1cscn1,Acinetobacter baumannii,μg/mL,CHEMBL2407118,1,0.25,0.25,0.25,-0.6020599913279624,B,high,1,1.0
CC(C)(O/N=C(\C(=O)N[C@@H]1C(=O)N(S(=O)(=O)O)[C@@H]1CNC(=O)c1[nH]ccc(=O)c1O)c1csc(N)n1)C(=O)O,N=C(C(=O)N[C@@H]1C(=O)N[C@@H]1CNC(=O)c1cc(=O)cc[nH]1)c1cscn1,Acinetobacter baumannii,μg/mL,CHEMBL2409650,1,32.0,32.0,32.0,1.505149978319906,B,high,1,1.0
CC(C)(O/N=C(\C(=O)N[C@@H]1C(=O)N(S(=O)(=O)O)[C@@H]1CNC(=O)c1cc(=O)c(O)c[nH]1)c1csc(N)n1)C(=O)O,N=C(C(=O)N[C@@H]1C(=O)N[C@@H]1CNC(=O)c1cc(=O)cc[nH]1)c1cscn1,Acinetobacter baumannii,μg/mL,CHEMBL2409652,1,0.125,0.125,0.125,-0.9030899869919435,B,high,1,1.0
CC(C)(O/N=C(\C(=O)N[C@@H]1C(=O)N(S(=O)(=O)O)[C@@H]1CNC(=O)c1cc(=O)c(O)cn1-c1ccccc1)c1csc(N)n1)C(=O)O,N=C(C(=O)N[C@@H]1C(=O)N[C@@H]1CNC(=O)c1cc(=O)ccn1-c1ccccc1)c1cscn1,Acinetobacter baumannii,μg/mL,CHEMBL2409657,1,32.0,32.0,32.0,1.505149978319906,B,high,1,1.0
CC(C)(O/N=C(\C(=O)N[C@@H]1C(=O)N(S(=O)(=O)O)[C@@H]1CNC(=O)c1cc(=O)c(O)cn1CC(=O)O)c1csc(N)n1)C(=O)O,N=C(C(=O)N[C@@H]1C(=O)N[C@@H]1CNC(=O)c1cc(=O)cc[nH]1)c1cscn1,Acinetobacter baumannii,μg/mL,CHEMBL2409656,1,1.0,1.0,1.0,0.0,B,high,1,1.0
CC(C)(O/N=C(\C(=O)N[C@@H]1C(=O)N(S(=O)(=O)O)[C@@H]1CNC(=O)c1cc(=O)c(O)co1)c1csc(N)n1)C(=O)O,N=C(C(=O)N[C@@H]1C(=O)N[C@@H]1CNC(=O)c1cc(=O)cco1)c1cscn1,Acinetobacter baumannii,μg/mL,CHEMBL2409659,1,8.0,8.0,8.0,0.9030899869919435,B,high,1,1.0
CC(C)(O/N=C(\C(=O)N[C@@H]1C(=O)N(S(=O)(=O)O)[C@@H]1CNC(=O)c1cccc(O)c1O)c1csc(N)n1)C(=O)O,N=C(C(=O)N[C@@H]1C(=O)N[C@@H]1CNC(=O)c1ccccc1)c1cscn1,Acinetobacter baumannii,μg/mL,CHEMBL2409649,1,16.0,16.0,16.0,1.2041199826559248,B,high,1,1.0
CC(C)(O/N=C(\C(=O)N[C@@H]1C(=O)N(S(=O)(=O)O)[C@@H]1CNS(=O)(=O)NCc1cc(=O)c(O)cn1O)c1csc(N)n1)C(=O)O,N=C(C(=O)N[C@@H]1C(=O)N[C@@H]1CNS(=O)(=O)NCc1cc(=O)cc[nH]1)c1cscn1,Acinetobacter baumannii,μg/mL,CHEMBL2409765,1,1.0,1.0,1.0,0.0,B,high,1,1.0
CC(C)(O/N=C(\C(=O)N[C@@H]1C(=O)N(S(=O)(=O)O)[C@@H]1CNc1cc(C(=O)NCc2cc(=O)c(O)cn2O)ccn1)c1csc(N)n1)C(=O)O,N=C(C(=O)N[C@@H]1C(=O)N[C@@H]1CNc1cc(C(=O)NCc2cc(=O)cc[nH]2)ccn1)c1cscn1,Acinetobacter baumannii,μg/mL,CHEMBL2409768,1,0.125,0.125,0.125,-0.9030899869919435,B,high,1,1.0
CC(C)(O/N=C(\C(=O)N[C@@H]1C(=O)N(S(=O)(=O)O)[C@@H]1Cn1cc(-c2cc(=O)c(O)cn2O)nn1)c1csc(N)n1)C(=O)O,N=C(C(=O)N[C@@H]1C(=O)N[C@@H]1Cn1cc(-c2cc(=O)cc[nH]2)nn1)c1cscn1,Acinetobacter baumannii,μg/mL,CHEMBL2409766,1,0.125,0.125,0.125,-0.9030899869919435,B,high,1,1.0
CC(C)(O/N=C(\C(=O)N[C@@H]1C(=O)N(S(=O)(=O)O)[C@@H]1Cn1cc(COCc2cc(=O)c(O)cn2O)nn1)c1csc(N)n1)C(=O)O,N=C(C(=O)N[C@@H]1C(=O)N[C@@H]1Cn1cc(COCc2cc(=O)cc[nH]2)nn1)c1cscn1,Acinetobacter baumannii,μg/mL,CHEMBL2409767,1,0.25,0.25,0.25,-0.6020599913279624,B,high,1,1.0
CC(C)(O/N=C(\C(=O)N[C@@H]1C(=O)N(S(=O)(=O)[O-])[C@@H]1CNC(=O)OCc1cc(=O)c(O)cn1O)c1csc(N)n1)C(=O)[O-].[Na+].[Na+],N=C(C(=O)N[C@@H]1C(=O)N[C@@H]1CNC(=O)OCc1cc(=O)cc[nH]1)c1cscn1,Acinetobacter baumannii,μg/mL,CHEMBL2409774,1,0.125,0.125,0.125,-0.9030899869919435,B,high,1,1.0
CC(C)(O/N=C(\C(=O)N[C@@H]1C(=O)N(S(=O)(=O)[O-])[C@@H]1CNC(=O)c1cc(-c2cc(=O)c(O)cn2O)no1)c1csc(N)n1)C(=O)[O-].[Na+].[Na+],N=C(C(=O)N[C@@H]1C(=O)N[C@@H]1CNC(=O)c1cc(-c2cc(=O)cc[nH]2)no1)c1cscn1,Acinetobacter baumannii,μg/mL,CHEMBL2409773,1,0.125,0.125,0.125,-0.9030899869919435,B,high,1,1.0
CC(C)(O/N=C(\C(=O)N[C@@H]1C(=O)N(S(=O)(=O)[O-])[C@@H]1CNC(=O)c1cc(=O)c(O)cn1O)c1csc(N)n1)C(=O)[O-].[Na+].[Na+],N=C(C(=O)N[C@@H]1C(=O)N[C@@H]1CNC(=O)c1cc(=O)cc[nH]1)c1cscn1,Acinetobacter baumannii,μg/mL,CHEMBL2409653,1,0.5,0.5,0.5,-0.3010299956639812,B,high,1,1.0
CC(C)(O/N=C(\C(=O)N[C@@H]1C(=O)N2C(C(=O)O)=C(CN3CCN(c4cc5c(cc4F)c(=O)c(C(=O)O)cn5C4CC4)CC3)CS[C@H]12)c1csc(N)n1)C(=O)O,N=C(C(=O)N[C@@H]1C(=O)N2C=C(CN3CCN(c4ccc5c(=O)ccn(C6CC6)c5c4)CC3)CS[C@H]12)c1cscn1,Klebsiella pneumoniae,μg/mL,CHEMBL341337,1,0.5,0.5,0.5,-0.3010299956639812,B,high,1,1.0
CC(C)(O/N=C(\C(=O)N[C@@H]1C(=O)N2C(C(=O)O)=C(CN3CCN(c4cc5c(cc4F)c(=O)c(C(=O)O)cn5C4CC4)CC3)CS[C@H]12)c1csc(N)n1)C(=O)O,N=C(C(=O)N[C@@H]1C(=O)N2C=C(CN3CCN(c4ccc5c(=O)ccn(C6CC6)c5c4)CC3)CS[C@H]12)c1cscn1,Pseudomonas aeruginosa,μg/mL,CHEMBL341337,2,5.0,2.0,8.0,0.6989700043360189,B,high,1,1.0
CC(C)(O/N=C(\C(=O)N[C@@H]1C(=O)N2C(C(=O)O)=C(COC(=O)N3CCN(c4cc5c(cc4F)c(=O)c(C(=O)O)cn5C4CC4)CC3)CS[C@H]12)c1csc(N)n1)C(=O)O,N=C(C(=O)N[C@@H]1C(=O)N2C=C(COC(=O)N3CCN(c4ccc5c(=O)ccn(C6CC6)c5c4)CC3)CS[C@H]12)c1cscn1,Klebsiella pneumoniae,μg/mL,CHEMBL432957,1,0.25,0.25,0.25,-0.6020599913279624,B,high,1,1.0
CC(C)(O/N=C(\C(=O)N[C@@H]1C(=O)N2C(C(=O)O)=C(COC(=O)N3CCN(c4cc5c(cc4F)c(=O)c(C(=O)O)cn5C4CC4)CC3)CS[C@H]12)c1csc(N)n1)C(=O)O,N=C(C(=O)N[C@@H]1C(=O)N2C=C(COC(=O)N3CCN(c4ccc5c(=O)ccn(C6CC6)c5c4)CC3)CS[C@H]12)c1cscn1,Pseudomonas aeruginosa,μg/mL,CHEMBL432957,2,1.0,1.0,1.0,0.0,B,high,1,1.0
CC(C)(O/N=C(\C(=O)N[C@@H]1C(=O)N2C(C(=O)[O-])=C(C[n+]3ccccc3)CS[C@H]12)c1csc(N)n1)C(=O)O,N=C(C(=O)N[C@@H]1C(=O)N2C=C(C[n+]3ccccc3)CS[C@H]12)c1cscn1,Acinetobacter baumannii,μg/mL,CHEMBL44354,90,16.0,1.5,512000.0,1.2041199826559248,B,high,23,1.0
CC(C)(O/N=C(\C(=O)N[C@@H]1C(=O)N2C(C(=O)[O-])=C(C[n+]3ccccc3)CS[C@H]12)c1csc(N)n1)C(=O)O,N=C(C(=O)N[C@@H]1C(=O)N2C=C(C[n+]3ccccc3)CS[C@H]12)c1cscn1,Escherichia coli,μg/mL,CHEMBL44354,17,0.5,0.12,64.0,-0.3010299956639812,B,high,2,1.0
CC(C)(O/N=C(\C(=O)N[C@@H]1C(=O)N2C(C(=O)[O-])=C(C[n+]3ccccc3)CS[C@H]12)c1csc(N)n1)C(=O)O,N=C(C(=O)N[C@@H]1C(=O)N2C=C(C[n+]3ccccc3)CS[C@H]12)c1cscn1,Klebsiella pneumoniae,μg/mL,CHEMBL44354,4,0.75,0.06,64.0,-0.12493873660829995,B,high,2,1.0
CC(C)(O/N=C(\C(=O)N[C@@H]1C(=O)N2C(C(=O)[O-])=C(C[n+]3ccccc3)CS[C@H]12)c1csc(N)n1)C(=O)O,N=C(C(=O)N[C@@H]1C(=O)N2C=C(C[n+]3ccccc3)CS[C@H]12)c1cscn1,Pseudomonas aeruginosa,μg/mL,CHEMBL44354,3,2.0,1.0,32.0,0.3010299956639812,B,high,3,1.0
CC(C)(O/N=C(\C(=O)N[C@H]1CN(C(=O)[N-]S(=O)(=O)n2nc(-c3cc(=O)c(O)c[nH]3)n(CC(N)=O)c2=O)C1=O)c1csc(N)n1)C(=O)[O-].[Na+].[Na+],N=C(C(=O)N[C@H]1CN(C(=O)[N-]S(=O)(=O)n2nc(-c3cc(=O)cc[nH]3)[nH]c2=O)C1=O)c1cscn1,Acinetobacter baumannii,μg/mL,CHEMBL2016851,1,1.0,1.0,1.0,0.0,B,high,1,1.0
CC(C)(O/N=C(\C(=O)N[C@H]1CN(C(=O)[N-]S(=O)(=O)n2nc(-c3cc(=O)c(O)c[nH]3)n(C[C@@H](O)CO)c2=O)C1=O)c1csc(N)n1)C(=O)[O-].[Na+].[Na+],N=C(C(=O)N[C@H]1CN(C(=O)[N-]S(=O)(=O)n2nc(-c3cc(=O)cc[nH]3)[nH]c2=O)C1=O)c1cscn1,Acinetobacter baumannii,μg/mL,CHEMBL2016847,1,0.5,0.5,0.5,-0.3010299956639812,B,high,1,1.0
CC(C)(O/N=C(\C(=O)N[C@H]1CN(C(=O)[N-]S(=O)(=O)n2nc(-c3cc(=O)c(O)c[nH]3)n(C[C@@H]3CCCO3)c2=O)C1=O)c1csc(N)n1)C(=O)[O-].[Na+].[Na+],N=C(C(=O)N[C@H]1CN(C(=O)[N-]S(=O)(=O)n2nc(-c3cc(=O)cc[nH]3)n(C[C@@H]3CCCO3)c2=O)C1=O)c1cscn1,Acinetobacter baumannii,μg/mL,CHEMBL2016853,1,2.0,2.0,2.0,0.3010299956639812,B,high,1,1.0
CC(C)(O/N=C(\C(=O)N[C@H]1CN(C(=O)[N-]S(=O)(=O)n2nc(-c3cc(=O)c(O)c[nH]3)n(C[C@H](O)CO)c2=O)C1=O)c1csc(N)n1)C(=O)[O-].[Na+].[Na+],N=C(C(=O)N[C@H]1CN(C(=O)[N-]S(=O)(=O)n2nc(-c3cc(=O)cc[nH]3)[nH]c2=O)C1=O)c1cscn1,Acinetobacter baumannii,μg/mL,CHEMBL2016849,1,0.5,0.5,0.5,-0.3010299956639812,B,high,1,1.0
CC(C)(O/N=C(\C(=O)N[C@H]1CON(C2(C(=O)O)CCC(=O)O2)C1=O)c1csc(N)n1)C(=O)O,N=C(C(=O)N[C@H]1CON(C2CCC(=O)O2)C1=O)c1cscn1,Acinetobacter baumannii,μg/mL,CHEMBL3265220,1,32.0,32.0,32.0,1.505149978319906,B,high,1,1.0
CC(C)(O/N=C(\C(=O)N[C@H]1CON(C2(C(=O)O)C[C@@H](NC(=O)c3cc(=O)c(O)cn3O)C(=O)O2)C1=O)c1csc(N)n1)C(=O)O,N=C(C(=O)N[C@H]1CON(C2C[C@@H](NC(=O)c3cc(=O)cc[nH]3)C(=O)O2)C1=O)c1cscn1,Acinetobacter baumannii,μg/mL,CHEMBL3265224,1,0.5,0.5,0.5,-0.3010299956639812,B,high,1,1.0
CC(C)(O/N=C(\C(=O)N[C@H]1CON(C2(C(=O)O)C[C@H](N3C(=O)c4cc(O)c(O)cc4C3=O)C(=O)O2)C1=O)c1csc(N)n1)C(=O)O,N=C(C(=O)N[C@H]1CON(C2C[C@H](N3C(=O)c4ccccc4C3=O)C(=O)O2)C1=O)c1cscn1,Acinetobacter baumannii,μg/mL,CHEMBL3265226,1,0.06,0.06,0.06,-1.2218487496163564,B,high,1,1.0
CC(C)(O/N=C(\C(=O)N[C@H]1CON(C2(C(=O)O)C[C@H](NC(=O)c3cc(=O)c(O)cn3O)C(=O)O2)C1=O)c1csc(N)n1)C(=O)O,N=C(C(=O)N[C@H]1CON(C2C[C@H](NC(=O)c3cc(=O)cc[nH]3)C(=O)O2)C1=O)c1cscn1,Acinetobacter baumannii,μg/mL,CHEMBL3265225,1,0.5,0.5,0.5,-0.3010299956639812,B,high,1,1.0
CC(C)=CC(=O)OCC1=C(C(=O)O)N2C(=O)[C@@H](NC(=O)/C(=N\O)c3cnc(N)s3)[C@H]2SC1,N=C(C(=O)N[C@@H]1C(=O)N2C=CCS[C@H]12)c1cncs1,Escherichia coli,μg/mL,CHEMBL162190,3,0.25,0.06,0.5,-0.6020599913279624,B,high,1,1.0
CC(C)=CC(=O)OCC1=C(C(=O)O)N2C(=O)[C@@H](NC(=O)/C(=N\O)c3cnc(N)s3)[C@H]2SC1,N=C(C(=O)N[C@@H]1C(=O)N2C=CCS[C@H]12)c1cncs1,Klebsiella pneumoniae,μg/mL,CHEMBL162190,1,0.5,0.5,0.5,-0.3010299956639812,B,high,1,1.0
CC(C)=CCC[C@](C)(O)[C@H]1CC[C@]2(C)[C@@H]1[C@H](O)C[C@@H]1[C@@]3(C)CC[C@H](O)C(C)(C)[C@@H]3CC[C@]12C,C1CC[C@@H]2CCC3C4CCC[C@H]4CC[C@@H]3C2C1,Acinetobacter baumannii,μg/mL,CHEMBL375563,1,64.0,64.0,64.0,1.806179973983887,B,high,1,1.0
CC(C)=CCNC(=N)NCCCCCCN1CCCCCCCCNC(=N)NC1=O.O=C(O)C(F)(F)F.O=C(O)C(F)(F)F,N=C1NCCCCCCCCNC(=O)N1,Acinetobacter baumannii,μg/mL,CHEMBL3353626,1,256.0,256.0,256.0,2.4082399653118496,B,high,1,1.0
CC(C)=CCO/N=C(/C(=O)N[C@H]1CN2CC(S(C)(=O)=O)=C(C(=O)O)N2C1=O)c1csc(N)n1,N=C(C(=O)N[C@H]1CN2CC=CN2C1=O)c1cscn1,Escherichia coli,μg/mL,CHEMBL321031,1,0.5,0.5,0.5,-0.3010299956639812,B,high,1,1.0
CC(C)=CCO/N=C(/C(=O)N[C@H]1CN2CC(S(C)(=O)=O)=C(C(=O)O)N2C1=O)c1csc(N)n1,N=C(C(=O)N[C@H]1CN2CC=CN2C1=O)c1cscn1,Klebsiella pneumoniae,μg/mL,CHEMBL321031,1,0.06,0.06,0.06,-1.2218487496163564,B,high,1,1.0
CC(C)CC(C(=O)O)N1Cc2ccccc2C1=O,O=C1NCc2ccccc21,Pseudomonas aeruginosa,μg/mL,CHEMBL40293,1,3600.0,3600.0,3600.0,3.5563025007672873,B,high,1,1.0
CC(C)CN1CCN(c2cc3c(cc2F)c(=O)c(C(=O)O)cn3-c2ccc(F)cc2F)CC1,O=c1ccn(-c2ccccc2)c2cc(N3CCNCC3)ccc12,Escherichia coli,μg/mL,CHEMBL14979,1,3.1,3.1,3.1,0.4913616938342727,B,high,1,1.0
CC(C)CN1CCN(c2cc3c(cc2F)c(=O)c(C(=O)O)cn3C2CC2)CC1,O=c1ccn(C2CC2)c2cc(N3CCNCC3)ccc12,Escherichia coli,μg/mL,CHEMBL276516,1,0.2,0.2,0.2,-0.6989700043360187,B,high,1,1.0
CC(C)CN1CCN(c2cc3c(cc2F)c(=O)c(C(=O)O)cn3C2CC2)CC1,O=c1ccn(C2CC2)c2cc(N3CCNCC3)ccc12,Pseudomonas aeruginosa,μg/mL,CHEMBL276516,1,1.6,1.6,1.6,0.2041199826559248,B,high,1,1.0
CC(C)CNCc1ccc2cc3c(c(O)c2c1)C(=O)C1=C(O)[C@]2(O)C(=O)C(C(N)=O)=C(O)[C@@H](N(C)C)[C@@H]2C[C@@H]1C3,O=C1C2=CC3C(=O)C=CC[C@@H]3C[C@@H]2Cc2cc3ccccc3cc21,Acinetobacter baumannii,μg/mL,CHEMBL1783662,1,0.5,0.5,0.5,-0.3010299956639812,B,high,1,1.0
CC(C)CO/N=C(\C(=O)N[C@@H]1C(=O)N2C(C(=O)O)=C(/C=C3\CCN(CC(F)(F)F)C3=O)CS[C@H]12)c1csc(N)n1,N=C(C(=O)N[C@@H]1C(=O)N2C=C(/C=C3\CCNC3=O)CS[C@H]12)c1cscn1,Escherichia coli,μg/mL,CHEMBL55650,1,2.0,2.0,2.0,0.3010299956639812,B,high,1,1.0
CC(C)CO/N=C(\C(=O)N[C@@H]1C(=O)N2C(C(=O)O)=C(/C=C3\CCN(CC(F)(F)F)C3=O)CS[C@H]12)c1csc(N)n1,N=C(C(=O)N[C@@H]1C(=O)N2C=C(/C=C3\CCNC3=O)CS[C@H]12)c1cscn1,Pseudomonas aeruginosa,μg/mL,CHEMBL55650,1,16.0,16.0,16.0,1.2041199826559248,B,high,1,1.0
CC(C)CS(=O)(=O)N1N=Cc2sc(Br)cc2B1O,B1NN=Cc2sccc21,Klebsiella pneumoniae,μg/mL,CHEMBL434168,1,1.56,1.56,1.56,0.1931245983544616,B,high,1,1.0
CC(C)C[C@@H]1NC(=O)[C@@H](Cc2ccccc2)NC(=O)[C@H](CCN)NC(=O)[C@@H](NC(=O)[C@H](CN)NC(=O)[C@@H](NC(=O)[C@H](CCN)NC(=O)Nc2cccc(-c3ccccc3)c2)[C@@H](C)O)CCNC(=O)[C@H]([C@@H](C)O)NC(=O)[C@H](CCN)NC(=O)[C@H](CCN)NC1=O,O=C1CNC(=O)CNC(=O)CNC(=O)CNC(=O)[C@@H](Cc2ccccc2)NC(=O)CNC(=O)[C@@H](NC(=O)CNC(=O)CNC(=O)CNC(=O)Nc2cccc(-c3ccccc3)c2)CCN1,Acinetobacter baumannii,μg/mL,CHEMBL2397517,2,2.125,0.25,4.0,0.32735893438633035,B,high,1,1.0
CC(C)C[C@@H]1NC(=O)[C@@H](Cc2ccccc2)NC(=O)[C@H](CCN)NC(=O)[C@@H](NC(=O)[C@H](CN)NC(=O)[C@@H](NC(=O)[C@H](CCN)NC(=O)c2ccc(-c3ccccc3)c(C#N)c2)[C@@H](C)O)CCNC(=O)[C@H]([C@@H](C)O)NC(=O)[C@H](CCN)NC(=O)[C@H](CCN)NC1=O,O=C1CNC(=O)CNC(=O)CNC(=O)CNC(=O)[C@@H](Cc2ccccc2)NC(=O)CNC(=O)[C@@H](NC(=O)CNC(=O)CNC(=O)CNC(=O)c2ccc(-c3ccccc3)cc2)CCN1,Acinetobacter baumannii,μg/mL,CHEMBL2397506,2,0.625,0.25,1.0,-0.2041199826559248,B,high,1,1.0
CC(C)C[C@@H]1NC(=O)[C@@H](Cc2ccccc2)NC(=O)[C@H](CCN)NC(=O)[C@@H](NC(=O)[C@H](CN)NC(=O)[C@@H](NC(=O)[C@H](CCN)NC(=O)c2ccc(-c3ccccc3)cc2)[C@@H](C)O)CCNC(=O)[C@H]([C@@H](C)O)NC(=O)[C@H](CCN)NC(=O)[C@H](CCN)NC1=O,O=C1CNC(=O)CNC(=O)CNC(=O)CNC(=O)[C@@H](Cc2ccccc2)NC(=O)CNC(=O)[C@@H](NC(=O)CNC(=O)CNC(=O)CNC(=O)c2ccc(-c3ccccc3)cc2)CCN1,Acinetobacter baumannii,μg/mL,CHEMBL2397519,2,0.625,0.25,1.0,-0.2041199826559248,B,high,1,1.0
CC(C)C[C@@H]1NC(=O)[C@@H](Cc2ccccc2)NC(=O)[C@H](CCN)NC(=O)[C@@H](NC(=O)[C@H](CN)NC(=O)[C@@H](NC(=O)[C@H](CCN)NC(=O)c2ccc(=O)n(-c3ccccc3)c2)[C@@H](C)O)CCNC(=O)[C@H]([C@@H](C)O)NC(=O)[C@H](CCN)NC(=O)[C@H](CCN)NC1=O,O=C1CNC(=O)CNC(=O)CNC(=O)CNC(=O)[C@@H](Cc2ccccc2)NC(=O)CNC(=O)[C@@H](NC(=O)CNC(=O)CNC(=O)CNC(=O)c2ccc(=O)n(-c3ccccc3)c2)CCN1,Acinetobacter baumannii,μg/mL,CHEMBL2397497,2,1.125,0.25,2.0,0.05115252244738129,B,high,1,1.0
CC(C)C[C@@H]1NC(=O)[C@@H](Cc2ccccc2)NC(=O)[C@H](CCN)NC(=O)[C@@H](NC(=O)[C@H](CN)NC(=O)[C@@H](NC(=O)[C@H](CCN)NC(=O)c2ccc(C#N)c(-c3ccccc3)c2)[C@@H](C)O)CCNC(=O)[C@H]([C@@H](C)O)NC(=O)[C@H](CCN)NC(=O)[C@H](CCN)NC1=O,O=C1CNC(=O)CNC(=O)CNC(=O)CNC(=O)[C@@H](Cc2ccccc2)NC(=O)CNC(=O)[C@@H](NC(=O)CNC(=O)CNC(=O)CNC(=O)c2cccc(-c3ccccc3)c2)CCN1,Acinetobacter baumannii,μg/mL,CHEMBL2397507,2,0.375,0.25,0.5,-0.42596873227228116,B,high,1,1.0
CC(C)C[C@@H]1NC(=O)[C@@H](Cc2ccccc2)NC(=O)[C@H](CCN)NC(=O)[C@@H](NC(=O)[C@H](CN)NC(=O)[C@@H](NC(=O)[C@H](CCN)NC(=O)c2ccc(Cl)c(-c3ccc(C#N)cc3)c2)[C@@H](C)O)CCNC(=O)[C@H]([C@@H](C)O)NC(=O)[C@H](CCN)NC(=O)[C@H](CCN)NC1=O,O=C1CNC(=O)CNC(=O)CNC(=O)CNC(=O)[C@@H](Cc2ccccc2)NC(=O)CNC(=O)[C@@H](NC(=O)CNC(=O)CNC(=O)CNC(=O)c2cccc(-c3ccccc3)c2)CCN1,Acinetobacter baumannii,μg/mL,CHEMBL2397498,2,2.25,0.5,4.0,0.3521825181113625,B,high,1,1.0
CC(C)C[C@@H]1NC(=O)[C@@H](Cc2ccccc2)NC(=O)[C@H](CCN)NC(=O)[C@@H](NC(=O)[C@H](CN)NC(=O)[C@@H](NC(=O)[C@H](CCN)NC(=O)c2ccc(Cl)c(-c3ccccc3)c2)[C@@H](C)O)CCNC(=O)[C@H]([C@@H](C)O)NC(=O)[C@H](CCN)NC(=O)[C@H](CCN)NC1=O,O=C1CNC(=O)CNC(=O)CNC(=O)CNC(=O)[C@@H](Cc2ccccc2)NC(=O)CNC(=O)[C@@H](NC(=O)CNC(=O)CNC(=O)CNC(=O)c2cccc(-c3ccccc3)c2)CCN1,Acinetobacter baumannii,μg/mL,CHEMBL2397511,2,0.75,0.5,1.0,-0.12493873660829995,B,high,1,1.0
CC(C)C[C@@H]1NC(=O)[C@@H](Cc2ccccc2)NC(=O)[C@H](CCN)NC(=O)[C@@H](NC(=O)[C@H](CN)NC(=O)[C@@H](NC(=O)[C@H](CCN)NC(=O)c2ccc(Cl)c(-c3ccccn3)c2)[C@@H](C)O)CCNC(=O)[C@H]([C@@H](C)O)NC(=O)[C@H](CCN)NC(=O)[C@H](CCN)NC1=O,O=C1CNC(=O)CNC(=O)CNC(=O)CNC(=O)[C@@H](Cc2ccccc2)NC(=O)CNC(=O)[C@@H](NC(=O)CNC(=O)CNC(=O)CNC(=O)c2cccc(-c3ccccn3)c2)CCN1,Acinetobacter baumannii,μg/mL,CHEMBL2397512,2,2.125,0.25,4.0,0.32735893438633035,B,high,1,1.0
CC(C)C[C@@H]1NC(=O)[C@@H](Cc2ccccc2)NC(=O)[C@H](CCN)NC(=O)[C@@H](NC(=O)[C@H](CN)NC(=O)[C@@H](NC(=O)[C@H](CCN)NC(=O)c2ccc(Oc3ccccc3)nc2)[C@@H](C)O)CCNC(=O)[C@H]([C@@H](C)O)NC(=O)[C@H](CCN)NC(=O)[C@H](CCN)NC1=O,O=C1CNC(=O)CNC(=O)CNC(=O)CNC(=O)[C@@H](Cc2ccccc2)NC(=O)CNC(=O)[C@@H](NC(=O)CNC(=O)CNC(=O)CNC(=O)c2ccc(Oc3ccccc3)nc2)CCN1,Acinetobacter baumannii,μg/mL,CHEMBL2397505,2,1.125,0.25,2.0,0.05115252244738129,B,high,1,1.0
CC(C)C[C@@H]1NC(=O)[C@@H](Cc2ccccc2)NC(=O)[C@H](CCN)NC(=O)[C@@H](NC(=O)[C@H](CN)NC(=O)[C@@H](NC(=O)[C@H](CCN)NC(=O)c2ccc3ccccc3c2)[C@@H](C)O)CCNC(=O)[C@H]([C@@H](C)O)NC(=O)[C@H](CCN)NC(=O)[C@H](CCN)NC1=O,O=C1CNC(=O)CNC(=O)CNC(=O)CNC(=O)[C@@H](Cc2ccccc2)NC(=O)CNC(=O)[C@@H](NC(=O)CNC(=O)CNC(=O)CNC(=O)c2ccc3ccccc3c2)CCN1,Acinetobacter baumannii,μg/mL,CHEMBL2397515,2,1.125,0.25,2.0,0.05115252244738129,B,high,1,1.0
CC(C)C[C@@H]1NC(=O)[C@@H](Cc2ccccc2)NC(=O)[C@H](CCN)NC(=O)[C@@H](NC(=O)[C@H](CN)NC(=O)[C@@H](NC(=O)[C@H](CCN)NC(=O)c2cccc(-c3ccccc3)c2)[C@@H](C)O)CCNC(=O)[C@H]([C@@H](C)O)NC(=O)[C@H](CCN)NC(=O)[C@H](CCN)NC1=O,O=C1CNC(=O)CNC(=O)CNC(=O)CNC(=O)[C@@H](Cc2ccccc2)NC(=O)CNC(=O)[C@@H](NC(=O)CNC(=O)CNC(=O)CNC(=O)c2cccc(-c3ccccc3)c2)CCN1,Acinetobacter baumannii,μg/mL,CHEMBL2397516,2,1.125,0.25,2.0,0.05115252244738129,B,high,1,1.0
CC(C)C[C@@H]1NC(=O)[C@@H](Cc2ccccc2)NC(=O)[C@H](CCN)NC(=O)[C@@H](NC(=O)[C@H](CN)NC(=O)[C@@H](NC(=O)[C@H](CCN)NC(=O)c2ccnc(-c3ccc(Cl)cc3)c2)[C@@H](C)O)CCNC(=O)[C@H]([C@@H](C)O)NC(=O)[C@H](CCN)NC(=O)[C@H](CCN)NC1=O,O=C1CNC(=O)CNC(=O)CNC(=O)CNC(=O)[C@@H](Cc2ccccc2)NC(=O)CNC(=O)[C@@H](NC(=O)CNC(=O)CNC(=O)CNC(=O)c2ccnc(-c3ccccc3)c2)CCN1,Acinetobacter baumannii,μg/mL,CHEMBL2397496,2,0.625,0.25,1.0,-0.2041199826559248,B,high,1,1.0
CC(C)C[C@@H]1NC(=O)[C@@H](Cc2ccccc2)NC(=O)[C@H](CCN)NC(=O)[C@@H](NC(=O)[C@H](CN)NC(=O)[C@@H](NC(=O)[C@H](CCN)NC(=O)c2ccnc(-c3cccc(Cl)c3)c2)[C@@H](C)O)CCNC(=O)[C@H]([C@@H](C)O)NC(=O)[C@H](CCN)NC(=O)[C@H](CCN)NC1=O,O=C1CNC(=O)CNC(=O)CNC(=O)CNC(=O)[C@@H](Cc2ccccc2)NC(=O)CNC(=O)[C@@H](NC(=O)CNC(=O)CNC(=O)CNC(=O)c2ccnc(-c3ccccc3)c2)CCN1,Acinetobacter baumannii,μg/mL,CHEMBL2397495,2,0.375,0.25,0.5,-0.42596873227228116,B,high,1,1.0
CC(C)C[C@@H]1NC(=O)[C@@H](Cc2ccccc2)NC(=O)[C@H](CCN)NC(=O)[C@@H](NC(=O)[C@H](CN)NC(=O)[C@@H](NC(=O)[C@H](CCN)NC(=O)c2ccnc(-c3ccccc3)c2)[C@@H](C)O)CCNC(=O)[C@H]([C@@H](C)O)NC(=O)[C@H](CCN)NC(=O)[C@H](CCN)NC1=O,O=C1CNC(=O)CNC(=O)CNC(=O)CNC(=O)[C@@H](Cc2ccccc2)NC(=O)CNC(=O)[C@@H](NC(=O)CNC(=O)CNC(=O)CNC(=O)c2ccnc(-c3ccccc3)c2)CCN1,Acinetobacter baumannii,μg/mL,CHEMBL2397499,2,0.625,0.25,1.0,-0.2041199826559248,B,high,1,1.0
CC(C)C[C@@H]1NC(=O)[C@@H](Cc2ccccc2)NC(=O)[C@H](CCN)NC(=O)[C@@H](NC(=O)[C@H](CN)NC(=O)[C@@H](NC(=O)[C@H](CCN)NC(=O)c2ccnc(-c3ccccc3Cl)c2)[C@@H](C)O)CCNC(=O)[C@H]([C@@H](C)O)NC(=O)[C@H](CCN)NC(=O)[C@H](CCN)NC1=O,O=C1CNC(=O)CNC(=O)CNC(=O)CNC(=O)[C@@H](Cc2ccccc2)NC(=O)CNC(=O)[C@@H](NC(=O)CNC(=O)CNC(=O)CNC(=O)c2ccnc(-c3ccccc3)c2)CCN1,Acinetobacter baumannii,μg/mL,CHEMBL2397504,2,0.625,0.25,1.0,-0.2041199826559248,B,high,1,1.0
CC(C)C[C@@H]1NC(=O)[C@@H](Cc2ccccc2)NC(=O)[C@H](CCN)NC(=O)[C@@H](NC(=O)[C@H](CN)NC(=O)[C@@H](NC(=O)[C@H](CCN)NC(=O)c2cncc(-c3ccccc3)c2)[C@@H](C)O)CCNC(=O)[C@H]([C@@H](C)O)NC(=O)[C@H](CCN)NC(=O)[C@H](CCN)NC1=O,O=C1CNC(=O)CNC(=O)CNC(=O)CNC(=O)[C@@H](Cc2ccccc2)NC(=O)CNC(=O)[C@@H](NC(=O)CNC(=O)CNC(=O)CNC(=O)c2cncc(-c3ccccc3)c2)CCN1,Acinetobacter baumannii,μg/mL,CHEMBL2397500,2,2.125,0.25,4.0,0.32735893438633035,B,high,1,1.0
CC(C)C[C@@H]1NC(=O)[C@@H](Cc2ccccc2)NC(=O)[C@H](CCN)NC(=O)[C@@H](NC(=O)[C@H](CN)NC(=O)[C@@H](NC(=O)[C@H](CCN)NC(=O)c2cnnc(-c3ccccc3)c2)[C@@H](C)O)CCNC(=O)[C@H]([C@@H](C)O)NC(=O)[C@H](CCN)NC(=O)[C@H](CCN)NC1=O,O=C1CNC(=O)CNC(=O)CNC(=O)CNC(=O)[C@@H](Cc2ccccc2)NC(=O)CNC(=O)[C@@H](NC(=O)CNC(=O)CNC(=O)CNC(=O)c2cnnc(-c3ccccc3)c2)CCN1,Acinetobacter baumannii,μg/mL,CHEMBL2397503,2,1.125,0.25,2.0,0.05115252244738129,B,high,1,1.0
CC(C)C[C@@H]1NC(=O)[C@@H](Cc2ccccc2)NC(=O)[C@H](CCN)NC(=O)[C@@H](NC(=O)[C@H](CN)NC(=O)[C@@H](NC(=O)[C@H](CCN)NS(=O)(=O)c2cccc(-c3ccccc3)c2)[C@@H](C)O)CCNC(=O)[C@H]([C@@H](C)O)NC(=O)[C@H](CCN)NC(=O)[C@H](CCN)NC1=O,O=C1CNC(=O)CNC(=O)CNC(=O)CNC(=O)[C@@H](Cc2ccccc2)NC(=O)CNC(=O)[C@@H](NC(=O)CNC(=O)CNC(=O)CNS(=O)(=O)c2cccc(-c3ccccc3)c2)CCN1,Acinetobacter baumannii,μg/mL,CHEMBL2397518,2,32.5,1.0,64.0,1.5118833609788744,B,high,1,1.0
CC(C)C[C@H](NC(=O)[C@@H](N)CCCCN)C(=O)N1Cc2ccccc2C[C@H]1C(=O)N1CC2CCCCC2[C@H]1C(=O)NCC(=O)N[C@@H](CCCCN)C(=O)N1Cc2ccccc2C[C@H]1C(=O)N1CC2CCCCC2[C@H]1C(=O)NCC(=O)N[C@@H](Cc1ccccc1)C(=O)N1Cc2ccccc2C[C@H]1C(=O)N1CC2CCCCC2[C@H]1C(=O)NCC(=O)N[C@@H](CCCCN)C(=O)N1Cc2ccccc2C[C@H]1C(=O)N1CC2CCCCC2[C@H]1C(=O)NCC(=O)N[C@@H](Cc1ccccc1)C(=O)N1Cc2ccccc2C[C@H]1C(=O)N1CC2CCCCC2[C@H]1C(=O)NCC(=O)N[C@@H](CCCCN)C(=O)N1Cc2ccccc2C[C@H]1C(=O)N1CC2CCCCC2[C@H]1C(=O)N[C@@H](CCCCN)C(=O)N[C@@H](CCCCN)C(=O)N[C@@H](CCCCN)C(=O)N[C@@H](CCCCN)C(N)=O,O=C(CNC(=O)[C@@H]1C2CCCCC2CN1C(=O)[C@@H]1Cc2ccccc2CN1)NCC(=O)N1Cc2ccccc2C[C@H]1C(=O)N1CC2CCCCC2[C@H]1C(=O)NCC(=O)N[C@@H](Cc1ccccc1)C(=O)N1Cc2ccccc2C[C@H]1C(=O)N1CC2CCCCC2[C@H]1C(=O)NCC(=O)NCC(=O)N1Cc2ccccc2C[C@H]1C(=O)N1CC2CCCCC2[C@H]1C(=O)NCC(=O)N[C@@H](Cc1ccccc1)C(=O)N1Cc2ccccc2C[C@H]1C(=O)N1CC2CCCCC2[C@H]1C(=O)NCC(=O)NCC(=O)N1Cc2ccccc2C[C@H]1C(=O)N1CC2CCCCC2C1,Acinetobacter baumannii,μg/mL,CHEMBL3038117,1,12.5,12.5,12.5,1.0969100130080565,B,high,1,1.0
CC(C)C[C@H](NC(=O)[C@@H](N)CCCCN)C(=O)N1Cc2ccccc2C[C@H]1C(=O)N1CC2CCCCC2[C@H]1C(=O)NCC(=O)N[C@@H](CCCCN)C(=O)N1Cc2ccccc2C[C@H]1C(=O)N1CC2CCCCC2[C@H]1C(=O)NCCC(=O)N[C@@H](Cc1ccccc1)C(=O)N1Cc2ccccc2C[C@H]1C(=O)N1CC2CCCCC2[C@H]1C(=O)NCC(=O)N[C@@H](CCCCN)C(=O)N1Cc2ccccc2C[C@H]1C(=O)N1CC2CCCCC2[C@H]1C(=O)NCCC(=O)N[C@@H](Cc1ccccc1)C(=O)N1Cc2ccccc2C[C@H]1C(=O)N1CC2CCCCC2[C@H]1C(=O)NCC(=O)N[C@@H](CCCCN)C(=O)N1Cc2ccccc2C[C@H]1C(=O)N1CC2CCCCC2[C@H]1C(=O)N[C@@H](CCCCN)C(=O)N[C@@H](CCCCN)C(=O)N[C@@H](CCCCN)C(=O)N[C@@H](CCCCN)C(N)=O,O=C(CNC(=O)[C@@H]1C2CCCCC2CN1C(=O)[C@@H]1Cc2ccccc2CN1)NCC(=O)N1Cc2ccccc2C[C@H]1C(=O)N1CC2CCCCC2[C@H]1C(=O)NCCC(=O)N[C@@H](Cc1ccccc1)C(=O)N1Cc2ccccc2C[C@H]1C(=O)N1CC2CCCCC2[C@H]1C(=O)NCC(=O)NCC(=O)N1Cc2ccccc2C[C@H]1C(=O)N1CC2CCCCC2[C@H]1C(=O)NCCC(=O)N[C@@H](Cc1ccccc1)C(=O)N1Cc2ccccc2C[C@H]1C(=O)N1CC2CCCCC2[C@H]1C(=O)NCC(=O)NCC(=O)N1Cc2ccccc2C[C@H]1C(=O)N1CC2CCCCC2C1,Acinetobacter baumannii,μg/mL,CHEMBL3038115,1,6.25,6.25,6.25,0.7958800173440752,B,high,1,1.0
CC(C)C[C@H](NC(=O)[C@@H](N)CCCCN)C(=O)N1Cc2ccccc2C[C@H]1C(=O)N1CC2CCCCC2[C@H]1C(=O)NCC(=O)N[C@@H](CCCCN)C(=O)N1Cc2ccccc2C[C@H]1C(=O)N1CC2CCCCC2[C@H]1C(=O)N[C@@H](Cc1ccccc1)C(=O)N1Cc2ccccc2C[C@H]1C(=O)N1CC2CCCCC2[C@H]1C(=O)NCC(=O)N[C@@H](CCCCN)C(=O)N1Cc2ccccc2C[C@H]1C(=O)N1CC2CCCCC2[C@H]1C(=O)N[C@@H](Cc1ccccc1)C(=O)N1Cc2ccccc2C[C@H]1C(=O)N1CC2CCCCC2[C@H]1C(=O)NCC(=O)N[C@@H](CCCCN)C(=O)N1Cc2ccccc2C[C@H]1C(=O)N1CC2CCCCC2[C@H]1C(=O)N[C@@H](CCCCN)C(=O)N[C@@H](CCCCN)C(=O)N[C@@H](CCCCN)C(=O)N[C@@H](CCCCN)C(N)=O,O=C(CNC(=O)[C@@H]1C2CCCCC2CN1C(=O)[C@@H]1Cc2ccccc2CN1)NCC(=O)N1Cc2ccccc2C[C@H]1C(=O)N1CC2CCCCC2[C@H]1C(=O)N[C@@H](Cc1ccccc1)C(=O)N1Cc2ccccc2C[C@H]1C(=O)N1CC2CCCCC2[C@H]1C(=O)NCC(=O)NCC(=O)N1Cc2ccccc2C[C@H]1C(=O)N1CC2CCCCC2[C@H]1C(=O)N[C@@H](Cc1ccccc1)C(=O)N1Cc2ccccc2C[C@H]1C(=O)N1CC2CCCCC2[C@H]1C(=O)NCC(=O)NCC(=O)N1Cc2ccccc2C[C@H]1C(=O)N1CC2CCCCC2C1,Acinetobacter baumannii,μg/mL,CHEMBL3038121,1,12.5,12.5,12.5,1.0969100130080565,B,high,1,1.0
CC(C)C[C@H](NC(=O)[C@@H](N)CCCCN)C(=O)N1Cc2ccccc2C[C@H]1C(=O)N1CC2CCCCC2[C@H]1C(=O)N[C@@H](CCCCN)C(=O)N1Cc2ccccc2C[C@H]1C(=O)N1CC2CCCCC2[C@H]1C(=O)NC(=O)CN[C@@H](Cc1ccccc1)C(=O)N1Cc2ccccc2C[C@H]1C(=O)N1CC2CCCCC2[C@H]1C(=O)N[C@@H](CCCCN)C(=O)N1Cc2ccccc2C[C@H]1C(=O)N1CC2CCCCC2[C@H]1C(=O)NC(=O)CN[C@@H](Cc1ccccc1)C(=O)N1Cc2ccccc2C[C@H]1C(=O)N1CC2CCCCC2[C@H]1C(=O)N[C@@H](CCCCN)C(=O)N1Cc2ccccc2C[C@H]1C(=O)N1CC2CCCCC2[C@H]1C(=O)N[C@@H](CCCCN)C(=O)N[C@@H](CCCCN)C(=O)N[C@@H](CCCCN)C(=O)N[C@@H](CCCCN)C(N)=O,O=C(CN[C@@H](Cc1ccccc1)C(=O)N1Cc2ccccc2C[C@H]1C(=O)N1CC2CCCCC2[C@H]1C(=O)NCC(=O)N1Cc2ccccc2C[C@H]1C(=O)N1CC2CCCCC2[C@H]1C(=O)NC(=O)CN[C@@H](Cc1ccccc1)C(=O)N1Cc2ccccc2C[C@H]1C(=O)N1CC2CCCCC2[C@H]1C(=O)NCC(=O)N1Cc2ccccc2C[C@H]1C(=O)N1CC2CCCCC2C1)NC(=O)[C@@H]1C2CCCCC2CN1C(=O)[C@@H]1Cc2ccccc2CN1C(=O)CNC(=O)[C@@H]1C2CCCCC2CN1C(=O)[C@@H]1Cc2ccccc2CN1,Acinetobacter baumannii,μg/mL,CHEMBL3038116,1,25.0,25.0,25.0,1.3979400086720377,B,high,1,1.0
CC(C)C[C@H](NC(=O)[C@@H](N)CCCCN)C(=O)N1Cc2ccccc2C[C@H]1C(=O)N1CC2CCCCC2[C@H]1C(=O)N[C@@H](CCCCN)C(=O)N1Cc2ccccc2C[C@H]1C(=O)N1CC2CCCCC2[C@H]1C(=O)NC(=O)[C@H](Cc1ccccc1)NCC(=O)N1Cc2ccccc2C[C@H]1C(=O)N1CC2CCCCC2[C@H]1C(=O)N[C@@H](CCCCN)C(=O)N1Cc2ccccc2C[C@H]1C(=O)N1CC2CCCCC2[C@H]1C(=O)NC(=O)[C@H](Cc1ccccc1)NCC(=O)N1Cc2ccccc2C[C@H]1C(=O)N1CC2CCCCC2[C@H]1C(=O)N[C@@H](CCCCN)C(=O)N1Cc2ccccc2C[C@H]1C(=O)N1CC2CCCCC2[C@H]1C(=O)N[C@@H](CCCCN)C(=O)N[C@@H](CCCCN)C(=O)N[C@@H](CCCCN)C(=O)N[C@@H](CCCCN)C(N)=O,O=C(NC(=O)[C@@H]1C2CCCCC2CN1C(=O)[C@@H]1Cc2ccccc2CN1C(=O)CNC(=O)[C@@H]1C2CCCCC2CN1C(=O)[C@@H]1Cc2ccccc2CN1)[C@H](Cc1ccccc1)NCC(=O)N1Cc2ccccc2C[C@H]1C(=O)N1CC2CCCCC2[C@H]1C(=O)NCC(=O)N1Cc2ccccc2C[C@H]1C(=O)N1CC2CCCCC2[C@H]1C(=O)NC(=O)[C@H](Cc1ccccc1)NCC(=O)N1Cc2ccccc2C[C@H]1C(=O)N1CC2CCCCC2[C@H]1C(=O)NCC(=O)N1Cc2ccccc2C[C@H]1C(=O)N1CC2CCCCC2C1,Acinetobacter baumannii,μg/mL,CHEMBL3038118,1,12.5,12.5,12.5,1.0969100130080565,B,high,1,1.0
CC(C)C[C@H](NC(=O)[C@@H](N)CCCCN)C(=O)N1Cc2ccccc2C[C@H]1C(=O)N1CC2CCCCC2[C@H]1C(=O)N[C@@H](CCCCN)C(=O)N1Cc2ccccc2C[C@H]1C(=O)N1CC2CCCCC2[C@H]1C(=O)N[C@@H](Cc1ccccc1)C(=O)N1Cc2ccccc2C[C@H]1C(=O)N1CC2CCCCC2[C@H]1C(=O)N[C@@H](CCCCN)C(=O)N1Cc2ccccc2C[C@H]1C(=O)N1CC2CCCCC2[C@H]1C(=O)N[C@@H](Cc1ccccc1)C(=O)N1Cc2ccccc2C[C@H]1C(=O)N1CC2CCCCC2[C@H]1C(=O)N[C@@H](CCCCN)C(=O)N1Cc2ccccc2C[C@H]1C(=O)N1CC2CCCCC2[C@H]1C(=O)N[C@@H](CCCCN)C(=O)N[C@@H](CCCNC(=N)N)C(N)=O,O=C(NCC(=O)N1Cc2ccccc2C[C@H]1C(=O)N1CC2CCCCC2[C@H]1C(=O)N[C@@H](Cc1ccccc1)C(=O)N1Cc2ccccc2C[C@H]1C(=O)N1CC2CCCCC2[C@H]1C(=O)NCC(=O)N1Cc2ccccc2C[C@H]1C(=O)N1CC2CCCCC2[C@H]1C(=O)N[C@@H](Cc1ccccc1)C(=O)N1Cc2ccccc2C[C@H]1C(=O)N1CC2CCCCC2[C@H]1C(=O)NCC(=O)N1Cc2ccccc2C[C@H]1C(=O)N1CC2CCCCC2C1)[C@@H]1C2CCCCC2CN1C(=O)[C@@H]1Cc2ccccc2CN1,Acinetobacter baumannii,μg/mL,CHEMBL2372088,1,100.0,100.0,100.0,2.0,B,high,1,1.0
CC(C)C[C@H](NC(=O)[C@@H](N)CCCCN)C(=O)N1Cc2ccccc2C[C@H]1C(=O)N1CC2CCCCC2[C@H]1C(=O)N[C@@H](CCCCN)C(=O)NCC(=O)N1Cc2ccccc2C[C@H]1C(=O)N1CC2CCCCC2[C@H]1C(=O)N[C@@H](Cc1ccccc1)C(=O)N1Cc2ccccc2C[C@H]1C(=O)N1CC2CCCCC2[C@H]1C(=O)N[C@@H](CCCCN)C(=O)NCC(=O)N1Cc2ccccc2C[C@H]1C(=O)N1CC2CCCCC2[C@H]1C(=O)N[C@@H](Cc1ccccc1)C(=O)N1Cc2ccccc2C[C@H]1C(=O)N1CC2CCCCC2[C@H]1C(=O)N[C@@H](CCCCN)C(=O)NCC(=O)N1Cc2ccccc2C[C@H]1C(=O)N1CC2CCCCC2[C@H]1C(=O)N[C@@H](CCCCN)C(=O)N[C@@H](CCCCN)C(=O)N[C@@H](CCCCN)C(=O)N[C@@H](CCCCN)C(N)=O,O=C(CNC(=O)[C@@H]1C2CCCCC2CN1C(=O)[C@@H]1Cc2ccccc2CN1)NCC(=O)N1Cc2ccccc2C[C@H]1C(=O)N1CC2CCCCC2[C@H]1C(=O)N[C@@H](Cc1ccccc1)C(=O)N1Cc2ccccc2C[C@H]1C(=O)N1CC2CCCCC2[C@H]1C(=O)NCC(=O)NCC(=O)N1Cc2ccccc2C[C@H]1C(=O)N1CC2CCCCC2[C@H]1C(=O)N[C@@H](Cc1ccccc1)C(=O)N1Cc2ccccc2C[C@H]1C(=O)N1CC2CCCCC2[C@H]1C(=O)NCC(=O)NCC(=O)N1Cc2ccccc2C[C@H]1C(=O)N1CC2CCCCC2C1,Acinetobacter baumannii,μg/mL,CHEMBL3038113,1,12.5,12.5,12.5,1.0969100130080565,B,high,1,1.0
CC(C)C[C@H](NC(=O)[C@@H](N)CCCCN)C(=O)N1Cc2ccccc2C[C@H]1C(=O)N1CC2CCCCC2[C@H]1C(=O)N[C@@H](CCCCN)C(=O)NCC(=O)N1Cc2ccccc2C[C@H]1C(=O)N1CC2CCCCC2[C@H]1C(=O)N[C@@H](Cc1ccccc1)C(=O)NCC(=O)N1Cc2ccccc2C[C@H]1C(=O)N1CC2CCCCC2[C@H]1C(=O)N[C@@H](CCCCN)C(=O)NCC(=O)N1Cc2ccccc2C[C@H]1C(=O)N1CC2CCCCC2[C@H]1C(=O)N[C@@H](Cc1ccccc1)C(=O)NCC(=O)N1Cc2ccccc2C[C@H]1C(=O)N1CC2CCCCC2[C@H]1C(=O)N[C@@H](CCCCN)C(=O)NCC(=O)N1Cc2ccccc2C[C@H]1C(=O)N1CC2CCCCC2[C@H]1C(=O)N[C@@H](CCCCN)C(=O)N[C@@H](CCCCN)C(=O)N[C@@H](CCCCN)C(=O)N[C@@H](CCCCN)C(N)=O,O=C(CNC(=O)[C@@H]1C2CCCCC2CN1C(=O)[C@@H]1Cc2ccccc2CN1)NCC(=O)N1Cc2ccccc2C[C@H]1C(=O)N1CC2CCCCC2[C@H]1C(=O)N[C@@H](Cc1ccccc1)C(=O)NCC(=O)N1Cc2ccccc2C[C@H]1C(=O)N1CC2CCCCC2[C@H]1C(=O)NCC(=O)NCC(=O)N1Cc2ccccc2C[C@H]1C(=O)N1CC2CCCCC2[C@H]1C(=O)N[C@@H](Cc1ccccc1)C(=O)NCC(=O)N1Cc2ccccc2C[C@H]1C(=O)N1CC2CCCCC2[C@H]1C(=O)NCC(=O)NCC(=O)N1Cc2ccccc2C[C@H]1C(=O)N1CC2CCCCC2C1,Acinetobacter baumannii,μg/mL,CHEMBL3038114,1,12.5,12.5,12.5,1.0969100130080565,B,high,1,1.0
CC(C)C[C@H](NC(=O)[C@@H](N)CCCN)C(=O)N1Cc2ccccc2C[C@H]1C(=O)N1CC2CCCCC2[C@H]1C(=O)N[C@@H](CCCN)C(=O)N1Cc2ccccc2C[C@H]1C(=O)N1CC2CCCCC2[C@H]1C(=O)N[C@@H](Cc1ccccc1)C(=O)N1Cc2ccccc2C[C@H]1C(=O)N1CC2CCCCC2[C@H]1C(=O)N[C@@H](CCCN)C(=O)N1Cc2ccccc2C[C@H]1C(=O)N1CC2CCCCC2[C@H]1C(=O)N[C@@H](Cc1ccccc1)C(=O)N1Cc2ccccc2C[C@H]1C(=O)N1CC2CCCCC2[C@H]1C(=O)N[C@@H](CCCN)C(=O)N1Cc2ccccc2C[C@H]1C(=O)N1CC2CCCCC2[C@H]1C(=O)N[C@@H](CCCN)C(=O)N[C@@H](CCCN)C(=O)N[C@@H](CCCN)C(=O)N[C@@H](CCCN)C(N)=O,O=C(NCC(=O)N1Cc2ccccc2C[C@H]1C(=O)N1CC2CCCCC2[C@H]1C(=O)N[C@@H](Cc1ccccc1)C(=O)N1Cc2ccccc2C[C@H]1C(=O)N1CC2CCCCC2[C@H]1C(=O)NCC(=O)N1Cc2ccccc2C[C@H]1C(=O)N1CC2CCCCC2[C@H]1C(=O)N[C@@H](Cc1ccccc1)C(=O)N1Cc2ccccc2C[C@H]1C(=O)N1CC2CCCCC2[C@H]1C(=O)NCC(=O)N1Cc2ccccc2C[C@H]1C(=O)N1CC2CCCCC2C1)[C@@H]1C2CCCCC2CN1C(=O)[C@@H]1Cc2ccccc2CN1,Acinetobacter baumannii,μg/mL,CHEMBL3038126,1,12.5,12.5,12.5,1.0969100130080565,B,high,1,1.0
CC(C)C[C@H](NC(=O)[C@@H](N)CCN)C(=O)N1Cc2ccccc2C[C@H]1C(=O)N1CC2CCCCC2[C@H]1C(=O)N[C@@H](CCN)C(=O)N1Cc2ccccc2C[C@H]1C(=O)N1CC2CCCCC2[C@H]1C(=O)N[C@@H](Cc1ccccc1)C(=O)N1Cc2ccccc2C[C@H]1C(=O)N1CC2CCCCC2[C@H]1C(=O)N[C@@H](CCN)C(=O)N1Cc2ccccc2C[C@H]1C(=O)N1CC2CCCCC2[C@H]1C(=O)N[C@@H](Cc1ccccc1)C(=O)N1Cc2ccccc2C[C@H]1C(=O)N1CC2CCCCC2[C@H]1C(=O)N[C@@H](CCN)C(=O)N1Cc2ccccc2C[C@H]1C(=O)N1CC2CCCCC2[C@H]1C(=O)N[C@@H](CCN)C(=O)N[C@@H](CCN)C(=O)N[C@@H](CCN)C(=O)N[C@@H](CCN)C(N)=O,O=C(NCC(=O)N1Cc2ccccc2C[C@H]1C(=O)N1CC2CCCCC2[C@H]1C(=O)N[C@@H](Cc1ccccc1)C(=O)N1Cc2ccccc2C[C@H]1C(=O)N1CC2CCCCC2[C@H]1C(=O)NCC(=O)N1Cc2ccccc2C[C@H]1C(=O)N1CC2CCCCC2[C@H]1C(=O)N[C@@H](Cc1ccccc1)C(=O)N1Cc2ccccc2C[C@H]1C(=O)N1CC2CCCCC2[C@H]1C(=O)NCC(=O)N1Cc2ccccc2C[C@H]1C(=O)N1CC2CCCCC2C1)[C@@H]1C2CCCCC2CN1C(=O)[C@@H]1Cc2ccccc2CN1,Acinetobacter baumannii,μg/mL,CHEMBL3038120,1,25.0,25.0,25.0,1.3979400086720377,B,high,1,1.0
CC(C)C[C@H](NC(=O)[C@@H](N)CN)C(=O)N1Cc2ccccc2C[C@H]1C(=O)N1CC2CCCCC2[C@H]1C(=O)N[C@@H](CN)C(=O)N1Cc2ccccc2C[C@H]1C(=O)N1CC2CCCCC2[C@H]1C(=O)N[C@@H](Cc1ccccc1)C(=O)N1Cc2ccccc2C[C@H]1C(=O)N1CC2CCCCC2[C@H]1C(=O)N[C@@H](CN)C(=O)N1Cc2ccccc2C[C@H]1C(=O)N1CC2CCCCC2[C@H]1C(=O)N[C@@H](Cc1ccccc1)C(=O)N1Cc2ccccc2C[C@H]1C(=O)N1CC2CCCCC2[C@H]1C(=O)N[C@@H](CN)C(=O)N1Cc2ccccc2C[C@H]1C(=O)N1CC2CCCCC2[C@H]1C(=O)N[C@@H](CN)C(=O)N[C@@H](CN)C(=O)N[C@@H](CN)C(=O)N[C@@H](CN)C(N)=O,O=C(NCC(=O)N1Cc2ccccc2C[C@H]1C(=O)N1CC2CCCCC2[C@H]1C(=O)N[C@@H](Cc1ccccc1)C(=O)N1Cc2ccccc2C[C@H]1C(=O)N1CC2CCCCC2[C@H]1C(=O)NCC(=O)N1Cc2ccccc2C[C@H]1C(=O)N1CC2CCCCC2[C@H]1C(=O)N[C@@H](Cc1ccccc1)C(=O)N1Cc2ccccc2C[C@H]1C(=O)N1CC2CCCCC2[C@H]1C(=O)NCC(=O)N1Cc2ccccc2C[C@H]1C(=O)N1CC2CCCCC2C1)[C@@H]1C2CCCCC2CN1C(=O)[C@@H]1Cc2ccccc2CN1,Acinetobacter baumannii,μg/mL,CHEMBL3038119,1,12.5,12.5,12.5,1.0969100130080565,B,high,1,1.0
CC(C)C[C@H](NC(=O)[C@H](C)NC(=O)[C@H](CCCCN)NC(=O)[C@H](C)NC(=O)[C@H](CC(C)C)NC(=O)[C@H](CCCCN)NC(=O)[C@H](C)NC(=O)[C@H](CC(C)C)NC(=O)[C@H](CCCCN)NC(=O)[C@H](C)NC(=O)[C@H](CC(C)C)NC(=O)[C@H](CCCCN)NC(=O)[C@H](CCCCN)NC(=O)[C@H](C)NC(=O)[C@H](CC(C)C)NC(=O)[C@@H](N)CCCCN)C(=O)O,CC(C)C[C@H](NC(=O)[C@H](C)NC(=O)[C@H](CCCCN)NC(=O)[C@H](C)NC(=O)[C@H](CC(C)C)NC(=O)[C@H](CCCCN)NC(=O)[C@H](C)NC(=O)[C@H](CC(C)C)NC(=O)[C@H](CCCCN)NC(=O)[C@H](C)NC(=O)[C@H](CC(C)C)NC(=O)[C@H](CCCCN)NC(=O)[C@H](CCCCN)NC(=O)[C@H](C)NC(=O)[C@H](CC(C)C)NC(=O)[C@@H](N)CCCCN)C(=O)O,Klebsiella pneumoniae,μg/mL,CHEMBL408095,1,12.5,12.5,12.5,1.0969100130080565,B,high,1,1.0
CC(C)C[C@H](NC(=O)[C@H](C)NC(=O)[C@H](CCCCN)NC(=O)[C@H](C)NC(=O)[C@H](CC(C)C)NC(=O)[C@H](CCCCN)NC(=O)[C@H](C)NC(=O)[C@H](CC(C)C)NC(=O)[C@H](CCCCN)NC(=O)[C@H](C)NC(=O)[C@H](CC(C)C)NC(=O)[C@H](CCCCN)NC(=O)[C@H](CCCCN)NC(=O)[C@H](C)NC(=O)[C@H](CC(C)C)NC(=O)[C@@H](N)CCCCN)C(=O)O,CC(C)C[C@H](NC(=O)[C@H](C)NC(=O)[C@H](CCCCN)NC(=O)[C@H](C)NC(=O)[C@H](CC(C)C)NC(=O)[C@H](CCCCN)NC(=O)[C@H](C)NC(=O)[C@H](CC(C)C)NC(=O)[C@H](CCCCN)NC(=O)[C@H](C)NC(=O)[C@H](CC(C)C)NC(=O)[C@H](CCCCN)NC(=O)[C@H](CCCCN)NC(=O)[C@H](C)NC(=O)[C@H](CC(C)C)NC(=O)[C@@H](N)CCCCN)C(=O)O,Pseudomonas aeruginosa,μg/mL,CHEMBL408095,10,6.25,3.12,50.0,0.7958800173440752,B,high,1,1.0
CC(C)C[C@H](NC(=O)[C@H](C)NC(=O)[C@H](CCCCN)NC(=O)[C@H](C)NC(=O)[C@H](CC(C)C)NC(=O)[C@H](CCCCN)NC(=O)[C@H](C)NC(=O)[C@H](CC(C)C)NC(=O)[C@H](CCCCN)NC(=O)[C@H](CCCCN)NC(=O)[C@H](C)NC(=O)[C@H](CC(C)C)NC(=O)[C@H](CCCCN)NC(=O)[C@H](CCCCN)NC(=O)[C@H](C)NC(=O)[C@H](CC(C)C)NC(=O)[C@@H](N)CCCCN)C(=O)O,CC(C)C[C@H](NC(=O)[C@H](C)NC(=O)[C@H](CCCCN)NC(=O)[C@H](C)NC(=O)[C@H](CC(C)C)NC(=O)[C@H](CCCCN)NC(=O)[C@H](C)NC(=O)[C@H](CC(C)C)NC(=O)[C@H](CCCCN)NC(=O)[C@H](CCCCN)NC(=O)[C@H](C)NC(=O)[C@H](CC(C)C)NC(=O)[C@H](CCCCN)NC(=O)[C@H](CCCCN)NC(=O)[C@H](C)NC(=O)[C@H](CC(C)C)NC(=O)[C@@H](N)CCCCN)C(=O)O,Pseudomonas aeruginosa,μg/mL,CHEMBL437291,1,50.0,50.0,50.0,1.6989700043360187,B,high,1,1.0
CC(C)C[C@H](NC(=O)[C@H](CCCCN)NC(=O)[C@H](CC(C)C)NC(=O)[C@H](Cc1c[nH]c2ccccc12)NC(=O)[C@H](CCCCN)NC(=O)[C@@H](N)CCCCN)C(=O)N[C@@H](Cc1c[nH]c2ccccc12)C(=O)N[C@@H](CCCCN)C(=O)N[C@@H](C)C(=O)N[C@@H](Cc1c[nH]c2ccccc12)C(=O)O,O=C(CCc1c[nH]c2ccccc12)NCC(=O)NCC(=O)NCC(=O)N[C@@H](Cc1c[nH]c2ccccc12)C(=O)NCC(=O)NCC(=O)NCCc1c[nH]c2ccccc12,Pseudomonas aeruginosa,μg/mL,CHEMBL217868,11,50.0,12.5,50.0,1.6989700043360187,B,high,1,1.0
CC(C)C[C@H](NC(=O)[C@H](CCCCN)NC(=O)[C@H](CC(C)C)NC(=O)[C@H](Cc1c[nH]c2ccccc12)NC(=O)[C@H](CCCCN)NC(=O)[C@H](CCCCN)NC(=O)[C@H](C)NC(=O)[C@H](Cc1c[nH]c2ccccc12)NC(=O)[C@H](CCCCN)NC(=O)[C@H](CCCCN)NC(=O)[C@H](Cc1c[nH]c2ccccc12)NC(=O)[C@H](CC(C)C)NC(=O)[C@@H](N)CCCCN)C(=O)N[C@@H](Cc1c[nH]c2ccccc12)C(=O)N[C@@H](CCCCN)C(=O)N[C@@H](C)C(=O)N[C@@H](Cc1c[nH]c2ccccc12)C(=O)O,O=C(CCc1c[nH]c2ccccc12)NCC(=O)NCC(=O)N[C@@H](Cc1c[nH]c2ccccc12)C(=O)NCC(=O)NCC(=O)NCC(=O)N[C@@H](Cc1c[nH]c2ccccc12)C(=O)NCC(=O)NCC(=O)NCC(=O)N[C@@H](Cc1c[nH]c2ccccc12)C(=O)NCC(=O)NCC(=O)NCCc1c[nH]c2ccccc12,Escherichia coli,μg/mL,CHEMBL266640,1,6.25,6.25,6.25,0.7958800173440752,B,high,1,1.0
CC(C)C[C@H](NC(=O)[C@H](CCCCN)NC(=O)[C@H](CC(C)C)NC(=O)[C@H](Cc1c[nH]c2ccccc12)NC(=O)[C@H](CCCCN)NC(=O)[C@H](CCCCN)NC(=O)[C@H](C)NC(=O)[C@H](Cc1c[nH]c2ccccc12)NC(=O)[C@H](CCCCN)NC(=O)[C@H](CCCCN)NC(=O)[C@H](Cc1c[nH]c2ccccc12)NC(=O)[C@H](CC(C)C)NC(=O)[C@@H](N)CCCCN)C(=O)N[C@@H](Cc1c[nH]c2ccccc12)C(=O)N[C@@H](CCCCN)C(=O)N[C@@H](C)C(=O)N[C@@H](Cc1c[nH]c2ccccc12)C(=O)O,O=C(CCc1c[nH]c2ccccc12)NCC(=O)NCC(=O)N[C@@H](Cc1c[nH]c2ccccc12)C(=O)NCC(=O)NCC(=O)NCC(=O)N[C@@H](Cc1c[nH]c2ccccc12)C(=O)NCC(=O)NCC(=O)NCC(=O)N[C@@H](Cc1c[nH]c2ccccc12)C(=O)NCC(=O)NCC(=O)NCCc1c[nH]c2ccccc12,Klebsiella pneumoniae,μg/mL,CHEMBL266640,1,12.5,12.5,12.5,1.0969100130080565,B,high,1,1.0
CC(C)C[C@H](NC(=O)[C@H](CCCCN)NC(=O)[C@H](CC(C)C)NC(=O)[C@H](Cc1c[nH]c2ccccc12)NC(=O)[C@H](CCCCN)NC(=O)[C@H](CCCCN)NC(=O)[C@H](C)NC(=O)[C@H](Cc1c[nH]c2ccccc12)NC(=O)[C@H](CCCCN)NC(=O)[C@H](CCCCN)NC(=O)[C@H](Cc1c[nH]c2ccccc12)NC(=O)[C@H](CC(C)C)NC(=O)[C@@H](N)CCCCN)C(=O)N[C@@H](Cc1c[nH]c2ccccc12)C(=O)N[C@@H](CCCCN)C(=O)N[C@@H](C)C(=O)N[C@@H](Cc1c[nH]c2ccccc12)C(=O)O,O=C(CCc1c[nH]c2ccccc12)NCC(=O)NCC(=O)N[C@@H](Cc1c[nH]c2ccccc12)C(=O)NCC(=O)NCC(=O)NCC(=O)N[C@@H](Cc1c[nH]c2ccccc12)C(=O)NCC(=O)NCC(=O)NCC(=O)N[C@@H](Cc1c[nH]c2ccccc12)C(=O)NCC(=O)NCC(=O)NCCc1c[nH]c2ccccc12,Pseudomonas aeruginosa,μg/mL,CHEMBL266640,10,12.5,3.12,25.0,1.0969100130080565,B,high,1,1.0
CC(C)C[C@H](NC(=O)[C@H](CCCCN)NC(=O)[C@H](CC(C)C)NC(=O)[C@H](Cc1ccccc1)NC(=O)[C@H](CCCCN)NC(=O)[C@H](CCCCN)NC(=O)[C@H](C)NC(=O)[C@H](Cc1ccccc1)NC(=O)[C@H](CCCCN)NC(=O)[C@H](CCCCN)NC(=O)[C@H](Cc1ccccc1)NC(=O)[C@H](CC(C)C)NC(=O)[C@@H](N)CCCCN)C(=O)N[C@@H](Cc1ccccc1)C(=O)N[C@@H](CCCCN)C(=O)N[C@@H](C)C(=O)N[C@@H](Cc1c[nH]c2ccccc12)C(=O)O,O=C(CCc1ccccc1)NCC(=O)NCC(=O)N[C@@H](Cc1ccccc1)C(=O)NCC(=O)NCC(=O)NCC(=O)N[C@@H](Cc1ccccc1)C(=O)NCC(=O)NCC(=O)NCC(=O)N[C@@H](Cc1ccccc1)C(=O)NCC(=O)NCC(=O)NCCc1c[nH]c2ccccc12,Escherichia coli,μg/mL,CHEMBL425446,1,6.25,6.25,6.25,0.7958800173440752,B,high,1,1.0
CC(C)C[C@H](NC(=O)[C@H](CCCCN)NC(=O)[C@H](CC(C)C)NC(=O)[C@H](Cc1ccccc1)NC(=O)[C@H](CCCCN)NC(=O)[C@H](CCCCN)NC(=O)[C@H](C)NC(=O)[C@H](Cc1ccccc1)NC(=O)[C@H](CCCCN)NC(=O)[C@H](CCCCN)NC(=O)[C@H](Cc1ccccc1)NC(=O)[C@H](CC(C)C)NC(=O)[C@@H](N)CCCCN)C(=O)N[C@@H](Cc1ccccc1)C(=O)N[C@@H](CCCCN)C(=O)N[C@@H](C)C(=O)N[C@@H](Cc1c[nH]c2ccccc12)C(=O)O,O=C(CCc1ccccc1)NCC(=O)NCC(=O)N[C@@H](Cc1ccccc1)C(=O)NCC(=O)NCC(=O)NCC(=O)N[C@@H](Cc1ccccc1)C(=O)NCC(=O)NCC(=O)NCC(=O)N[C@@H](Cc1ccccc1)C(=O)NCC(=O)NCC(=O)NCCc1c[nH]c2ccccc12,Klebsiella pneumoniae,μg/mL,CHEMBL425446,1,12.5,12.5,12.5,1.0969100130080565,B,high,1,1.0
CC(C)C[C@H](NC(=O)[C@H](CCCCN)NC(=O)[C@H](CC(C)C)NC(=O)[C@H](Cc1ccccc1)NC(=O)[C@H](CCCCN)NC(=O)[C@H](CCCCN)NC(=O)[C@H](C)NC(=O)[C@H](Cc1ccccc1)NC(=O)[C@H](CCCCN)NC(=O)[C@H](CCCCN)NC(=O)[C@H](Cc1ccccc1)NC(=O)[C@H](CC(C)C)NC(=O)[C@@H](N)CCCCN)C(=O)N[C@@H](Cc1ccccc1)C(=O)N[C@@H](CCCCN)C(=O)N[C@@H](C)C(=O)N[C@@H](Cc1c[nH]c2ccccc12)C(=O)O,O=C(CCc1ccccc1)NCC(=O)NCC(=O)N[C@@H](Cc1ccccc1)C(=O)NCC(=O)NCC(=O)NCC(=O)N[C@@H](Cc1ccccc1)C(=O)NCC(=O)NCC(=O)NCC(=O)N[C@@H](Cc1ccccc1)C(=O)NCC(=O)NCC(=O)NCCc1c[nH]c2ccccc12,Pseudomonas aeruginosa,μg/mL,CHEMBL425446,12,12.5,3.12,50.0,1.0969100130080565,B,high,1,1.0
CC(C)C[C@H](NC(=O)[C@H](CCCCN)NC(=O)[C@H](CCCCN)NC(=O)[C@H](Cc1c[nH]c2ccccc12)NC(=O)[C@@H](N)CCCCN)C(=O)N[C@@H](C)C(=O)N[C@@H](CCCCN)C(=O)N[C@@H](CCCCN)C(=O)N[C@@H](Cc1c[nH]c2ccccc12)C(=O)O,O=C(CCc1c[nH]c2ccccc12)NCC(=O)NCC(=O)NCC(=O)NCC(=O)NCC(=O)NCC(=O)NCCc1c[nH]c2ccccc12,Pseudomonas aeruginosa,μg/mL,CHEMBL262439,1,12.5,12.5,12.5,1.0969100130080565,B,high,1,1.0
CC(C)C[C@H](NC(=O)[C@H](CCCCN)NC(=O)[C@H](CCCCN)NC(=O)[C@H](Cc1c[nH]c2ccccc12)NC(=O)[C@H](CCCCN)NC(=O)[C@H](CCCCN)NC(=O)[C@H](CCCCN)NC(=O)[C@H](C)NC(=O)[C@H](CCCCN)NC(=O)[C@H](CCCCN)NC(=O)[C@H](Cc1c[nH]c2ccccc12)NC(=O)[C@H](C)NC(=O)[C@@H](N)CCCCN)C(=O)N[C@@H](C)C(=O)N[C@@H](CCCCN)C(=O)N[C@@H](CCCCN)C(=O)N[C@@H](Cc1c[nH]c2ccccc12)C(=O)O,O=C(CCc1c[nH]c2ccccc12)NCC(=O)NCC(=O)NCC(=O)NCC(=O)NCC(=O)NCC(=O)N[C@@H](Cc1c[nH]c2ccccc12)C(=O)NCC(=O)NCC(=O)NCC(=O)NCC(=O)NCC(=O)NCC(=O)NCCc1c[nH]c2ccccc12,Escherichia coli,μg/mL,CHEMBL386601,1,200.0,200.0,200.0,2.3010299956639813,B,high,1,1.0
CC(C)C[C@H](NC(=O)[C@H](CCCNC(=N)N)NC(=O)[C@H](CCCNC(=N)N)NC(=O)[C@H](Cc1ccccc1)NC(=O)[C@H](CCCCN)NC(=O)[C@H](CCCCN)NC(=O)[C@H](CS)NC(=O)CN)C(=O)N[C@@H](CCCCN)C(=O)N[C@@H](Cc1c[nH]c2ccccc12)C(=O)N[C@@H](CCCCN)C(=O)N[C@@H](Cc1ccc(O)cc1)C(=O)N[C@@H](CCCCN)C(=O)NCC(=O)N[C@@H](CCCCN)C(=O)N[C@@H](Cc1ccccc1)C(=O)N[C@@H](Cc1c[nH]c2ccccc12)C(=O)N[C@@H](Cc1ccccc1)C(=O)N[C@@H](Cc1c[nH]c2ccccc12)C(=O)N[C@@H](CS)C(=O)NCC(=O)O,O=C(CCc1ccccc1)NCC(=O)NCC(=O)NCC(=O)NCC(=O)N[C@@H](Cc1c[nH]c2ccccc12)C(=O)NCC(=O)N[C@@H](Cc1ccccc1)C(=O)NCC(=O)NCC(=O)NCC(=O)N[C@@H](Cc1ccccc1)C(=O)N[C@@H](Cc1c[nH]c2ccccc12)C(=O)N[C@@H](Cc1ccccc1)C(=O)NCCc1c[nH]c2ccccc12,Acinetobacter baumannii,μg/mL,CHEMBL1688835,1,64.0,64.0,64.0,1.806179973983887,B,high,1,1.0
CC(C)C[C@H](NC(=O)[C@H](Cc1c[nH]c2ccccc12)NC(=O)[C@H](CC(C)C)NC(=O)[C@H](CCCCN)NC(=O)[C@H](CCC(N)=O)NC(=O)[C@H](CCCCN)NC(=O)[C@H](CS)NC(=O)[C@H](CCCCN)NC(=O)[C@H](CC(C)C)NC(=O)[C@H](CCCCN)NC(=O)[C@H](Cc1ccccc1)NC(=O)[C@H](CCCNC(=N)N)NC(=O)[C@H](CCCNC(=N)N)NC(=O)[C@H](Cc1ccccc1)NC(=O)[C@H](CCCCN)NC(=O)[C@H](CCCCN)NC(=O)[C@H](CS)NC(=O)CN)C(=O)N[C@@H](Cc1c[nH]c2ccccc12)C(=O)N[C@@H](CS)C(=O)NCC(=O)O,O=C(CCc1ccccc1)NCC(=O)NCC(=O)N[C@@H](Cc1ccccc1)C(=O)NCC(=O)NCC(=O)NCC(=O)NCC(=O)NCC(=O)NCC(=O)NCC(=O)NCC(=O)N[C@@H](Cc1c[nH]c2ccccc12)C(=O)NCC(=O)NCCc1c[nH]c2ccccc12,Acinetobacter baumannii,μg/mL,CHEMBL1688839,1,64.0,64.0,64.0,1.806179973983887,B,high,1,1.0
CC(C)C[C@H](NC(=O)[C@H](Cc1c[nH]c2ccccc12)NC(=O)[C@H](CCCCN)NC(=O)[C@H](CCCCN)NC(=O)[C@@H](N)Cc1c[nH]c2ccccc12)C(=O)N[C@@H](Cc1c[nH]c2ccccc12)C(=O)N[C@@H](C)C(=O)N[C@@H](CCCCN)C(=O)N[C@@H](Cc1c[nH]c2ccccc12)C(=O)O,O=C(CCc1c[nH]c2ccccc12)NCC(=O)NCC(=O)N[C@@H](Cc1c[nH]c2ccccc12)C(=O)NCC(=O)N[C@@H](Cc1c[nH]c2ccccc12)C(=O)NCC(=O)NCC(=O)NCCc1c[nH]c2ccccc12,Pseudomonas aeruginosa,μg/mL,CHEMBL264570,10,50.0,12.5,50.0,1.6989700043360187,B,high,1,1.0
CC(C)C[C@H](NC(=O)[C@H](Cc1c[nH]cn1)NC(=O)[C@H](CC(C)C)NC(=O)[C@H](Cc1c[nH]c2ccccc12)NC(=O)[C@H](Cc1c[nH]cn1)NC(=O)[C@H](Cc1c[nH]cn1)NC(=O)[C@H](C)NC(=O)[C@H](Cc1c[nH]c2ccccc12)NC(=O)[C@H](Cc1c[nH]cn1)NC(=O)[C@H](Cc1c[nH]cn1)NC(=O)[C@H](Cc1c[nH]c2ccccc12)NC(=O)[C@H](CC(C)C)NC(=O)[C@@H](N)Cc1c[nH]cn1)C(=O)N[C@@H](Cc1c[nH]c2ccccc12)C(=O)N[C@@H](Cc1c[nH]cn1)C(=O)N[C@@H](C)C(=O)N[C@@H](Cc1c[nH]c2ccccc12)C(=O)O,O=C(CCc1c[nH]cn1)NCC(=O)N[C@@H](Cc1c[nH]c2ccccc12)C(=O)N[C@@H](Cc1c[nH]cn1)C(=O)N[C@@H](Cc1c[nH]cn1)C(=O)N[C@@H](Cc1c[nH]c2ccccc12)C(=O)NCC(=O)N[C@@H](Cc1c[nH]cn1)C(=O)N[C@@H](Cc1c[nH]cn1)C(=O)N[C@@H](Cc1c[nH]c2ccccc12)C(=O)NCC(=O)N[C@@H](Cc1c[nH]cn1)C(=O)NCC(=O)N[C@@H](Cc1c[nH]c2ccccc12)C(=O)N[C@@H](Cc1c[nH]cn1)C(=O)NCC(=O)NCCc1c[nH]c2ccccc12,Escherichia coli,μg/mL,CHEMBL213974,1,25.0,25.0,25.0,1.3979400086720377,B,high,1,1.0
CC(C)C[C@H](NC(=O)[C@H](Cc1c[nH]cn1)NC(=O)[C@H](CC(C)C)NC(=O)[C@H](Cc1c[nH]c2ccccc12)NC(=O)[C@H](Cc1c[nH]cn1)NC(=O)[C@H](Cc1c[nH]cn1)NC(=O)[C@H](C)NC(=O)[C@H](Cc1c[nH]c2ccccc12)NC(=O)[C@H](Cc1c[nH]cn1)NC(=O)[C@H](Cc1c[nH]cn1)NC(=O)[C@H](Cc1c[nH]c2ccccc12)NC(=O)[C@H](CC(C)C)NC(=O)[C@@H](N)Cc1c[nH]cn1)C(=O)N[C@@H](Cc1c[nH]c2ccccc12)C(=O)N[C@@H](Cc1c[nH]cn1)C(=O)N[C@@H](C)C(=O)N[C@@H](Cc1c[nH]c2ccccc12)C(=O)O,O=C(CCc1c[nH]cn1)NCC(=O)N[C@@H](Cc1c[nH]c2ccccc12)C(=O)N[C@@H](Cc1c[nH]cn1)C(=O)N[C@@H](Cc1c[nH]cn1)C(=O)N[C@@H](Cc1c[nH]c2ccccc12)C(=O)NCC(=O)N[C@@H](Cc1c[nH]cn1)C(=O)N[C@@H](Cc1c[nH]cn1)C(=O)N[C@@H](Cc1c[nH]c2ccccc12)C(=O)NCC(=O)N[C@@H](Cc1c[nH]cn1)C(=O)NCC(=O)N[C@@H](Cc1c[nH]c2ccccc12)C(=O)N[C@@H](Cc1c[nH]cn1)C(=O)NCC(=O)NCCc1c[nH]c2ccccc12,Klebsiella pneumoniae,μg/mL,CHEMBL213974,1,100.0,100.0,100.0,2.0,B,high,1,1.0
CC(C)C[C@H](NC(=O)[C@H](Cc1c[nH]cn1)NC(=O)[C@H](CC(C)C)NC(=O)[C@H](Cc1c[nH]c2ccccc12)NC(=O)[C@H](Cc1c[nH]cn1)NC(=O)[C@H](Cc1c[nH]cn1)NC(=O)[C@H](C)NC(=O)[C@H](Cc1c[nH]c2ccccc12)NC(=O)[C@H](Cc1c[nH]cn1)NC(=O)[C@H](Cc1c[nH]cn1)NC(=O)[C@H](Cc1c[nH]c2ccccc12)NC(=O)[C@H](CC(C)C)NC(=O)[C@@H](N)Cc1c[nH]cn1)C(=O)N[C@@H](Cc1c[nH]c2ccccc12)C(=O)N[C@@H](Cc1c[nH]cn1)C(=O)N[C@@H](C)C(=O)N[C@@H](Cc1c[nH]c2ccccc12)C(=O)O,O=C(CCc1c[nH]cn1)NCC(=O)N[C@@H](Cc1c[nH]c2ccccc12)C(=O)N[C@@H](Cc1c[nH]cn1)C(=O)N[C@@H](Cc1c[nH]cn1)C(=O)N[C@@H](Cc1c[nH]c2ccccc12)C(=O)NCC(=O)N[C@@H](Cc1c[nH]cn1)C(=O)N[C@@H](Cc1c[nH]cn1)C(=O)N[C@@H](Cc1c[nH]c2ccccc12)C(=O)NCC(=O)N[C@@H](Cc1c[nH]cn1)C(=O)NCC(=O)N[C@@H](Cc1c[nH]c2ccccc12)C(=O)N[C@@H](Cc1c[nH]cn1)C(=O)NCC(=O)NCCc1c[nH]c2ccccc12,Pseudomonas aeruginosa,μg/mL,CHEMBL213974,1,12.5,12.5,12.5,1.0969100130080565,B,high,1,1.0
CC(C)C[C@H](O/N=C(\C(=O)N[C@@H]1C(=O)N(S(=O)(=O)O)[C@@H]1CNC(=O)NCc1cc(=O)c(O)cn1O)c1csc(N)n1)C(=O)O,N=C(C(=O)N[C@@H]1C(=O)N[C@@H]1CNC(=O)NCc1cc(=O)cc[nH]1)c1cscn1,Acinetobacter baumannii,μg/mL,CHEMBL2409770,1,1.0,1.0,1.0,0.0,B,high,1,1.0
CC(C)Cc1cnc(N)n1CCCc1ccccc1.Cl,c1ccc(CCCn2ccnc2)cc1,Acinetobacter baumannii,μg/mL,CHEMBL1807736,2,32.0,32.0,32.0,1.505149978319906,B,high,1,1.0
CC(C)Cc1cnc(N)n1Cc1ccccc1.Cl,c1ccc(Cn2ccnc2)cc1,Acinetobacter baumannii,μg/mL,CHEMBL1807735,2,128.0,128.0,128.0,2.1072099696478683,B,high,1,1.0
CC(C)N1CCN(c2cc3c(cc2F)c(=O)c(C(=O)O)c2n3C(C)S2)CC1,O=c1cc2n(c3cc(N4CCNCC4)ccc13)CS2,Escherichia coli,μg/mL,CHEMBL356275,1,0.2,0.2,0.2,-0.6989700043360187,B,high,1,1.0
CC(C)N1CCN(c2cc3c(cc2F)c(=O)c(C(=O)O)c2n3C(C)S2)CC1,O=c1cc2n(c3cc(N4CCNCC4)ccc13)CS2,Klebsiella pneumoniae,μg/mL,CHEMBL356275,1,0.025,0.025,0.025,-1.6020599913279623,B,high,1,1.0
CC(C)N1CCN(c2cc3c(cc2F)c(=O)c(C(=O)O)c2n3C(C)S2)CC1,O=c1cc2n(c3cc(N4CCNCC4)ccc13)CS2,Pseudomonas aeruginosa,μg/mL,CHEMBL356275,1,1.56,1.56,1.56,0.1931245983544616,B,high,1,1.0
CC(C)N1CCN(c2cc3c(cc2F)c(=O)c(C(=O)O)cn3-c2ccc(F)cc2F)CC1,O=c1ccn(-c2ccccc2)c2cc(N3CCNCC3)ccc12,Escherichia coli,μg/mL,CHEMBL15017,1,0.8,0.8,0.8,-0.09691001300805639,B,high,1,1.0
CC(C)N1CCN(c2cc3c(cc2F)c(=O)c(C(=O)O)cn3-c2ccc(F)cc2F)CC1,O=c1ccn(-c2ccccc2)c2cc(N3CCNCC3)ccc12,Pseudomonas aeruginosa,μg/mL,CHEMBL15017,1,3.1,3.1,3.1,0.4913616938342727,B,high,1,1.0
CC(C)N1CCN(c2cc3c(cc2F)c(=O)c(C(=O)O)cn3C2CC2)CC1,O=c1ccn(C2CC2)c2cc(N3CCNCC3)ccc12,Escherichia coli,μg/mL,CHEMBL15362,1,0.1,0.1,0.1,-1.0,B,high,1,1.0
CC(C)N1CCN(c2cc3c(cc2F)c(=O)c(C(=O)O)cn3C2CC2)CC1,O=c1ccn(C2CC2)c2cc(N3CCNCC3)ccc12,Pseudomonas aeruginosa,μg/mL,CHEMBL15362,1,1.6,1.6,1.6,0.2041199826559248,B,high,1,1.0
CC(C)NCC(=O)Nc1cc(F)c2c(c1O)C(=O)C1=C(O)[C@]3(O)C(=O)C(C(N)=O)=C(O)[C@@H](N(C)C)[C@@H]3C[C@@H]1C2,O=C1C2=CC3C(=O)C=CC[C@@H]3C[C@@H]2Cc2ccccc21,Acinetobacter baumannii,μg/mL,CHEMBL1951089,1,1.0,1.0,1.0,0.0,B,high,1,1.0
CC(C)NCC1CCN(c2c(F)cc3c(=O)c(C(=O)O)cn(C4CC4)c3c2F)C1,O=c1ccn(C2CC2)c2cc(N3CCCC3)ccc12,Klebsiella pneumoniae,μg/mL,CHEMBL176048,1,0.2,0.2,0.2,-0.6989700043360187,B,high,1,1.0
CC(C)NCC1CCN(c2c(F)cc3c(=O)c(C(=O)O)cn(C4CC4)c3c2F)C1,O=c1ccn(C2CC2)c2cc(N3CCCC3)ccc12,Pseudomonas aeruginosa,μg/mL,CHEMBL176048,1,1.6,1.6,1.6,0.2041199826559248,B,high,1,1.0
CC(C)NCC1CCN(c2c(F)cc3c(=O)c(C(=O)O)cn4c3c2OCC4C)C1,O=c1ccn2c3c(c(N4CCCC4)ccc13)OCC2,Klebsiella pneumoniae,μg/mL,CHEMBL426762,1,0.8,0.8,0.8,-0.09691001300805639,B,high,1,1.0
CC(C)NCC1CCN(c2c(F)cc3c(=O)c(C(=O)O)cn4c3c2OCC4C)C1,O=c1ccn2c3c(c(N4CCCC4)ccc13)OCC2,Pseudomonas aeruginosa,μg/mL,CHEMBL426762,1,0.2,0.2,0.2,-0.6989700043360187,B,high,1,1.0
CC(C)NCC1CCN(c2cc3c(cc2F)c(=O)c(C(=O)O)cn3C2CC2)C1,O=c1ccn(C2CC2)c2cc(N3CCCC3)ccc12,Escherichia coli,μg/mL,CHEMBL277730,1,0.4,0.4,0.4,-0.3979400086720376,B,high,1,1.0
CC(C)NCC1CCN(c2cc3c(cc2F)c(=O)c(C(=O)O)cn3C2CC2)C1,O=c1ccn(C2CC2)c2cc(N3CCCC3)ccc12,Pseudomonas aeruginosa,μg/mL,CHEMBL277730,1,3.1,3.1,3.1,0.4913616938342727,B,high,1,1.0
CC(C)NCC1CCN(c2cc3c(cc2F)c(=O)c(C(=O)O)cn3C2CC2)C1.Cl,O=c1ccn(C2CC2)c2cc(N3CCCC3)ccc12,Klebsiella pneumoniae,μg/mL,CHEMBL557370,1,0.2,0.2,0.2,-0.6989700043360187,B,high,1,1.0
CC(C)NCC1CCN(c2cc3c(cc2F)c(=O)c(C(=O)O)cn3C2CC2)C1.Cl,O=c1ccn(C2CC2)c2cc(N3CCCC3)ccc12,Pseudomonas aeruginosa,μg/mL,CHEMBL557370,1,3.1,3.1,3.1,0.4913616938342727,B,high,1,1.0
CC(C)NCC1CCN(c2nc3c(cc2F)c(=O)c(C(=O)O)cn3C2CC2)C1,O=c1ccn(C2CC2)c2nc(N3CCCC3)ccc12,Klebsiella pneumoniae,μg/mL,CHEMBL441310,1,0.4,0.4,0.4,-0.3979400086720376,B,high,1,1.0
CC(C)NCC1CCN(c2nc3c(cc2F)c(=O)c(C(=O)O)cn3C2CC2)C1,O=c1ccn(C2CC2)c2nc(N3CCCC3)ccc12,Pseudomonas aeruginosa,μg/mL,CHEMBL441310,1,0.8,0.8,0.8,-0.09691001300805639,B,high,1,1.0
CC(C)NCc1cn(-c2cc3c(cc2F)c(=O)c(C(=O)O)cn3C2CC2)nn1,O=c1ccn(C2CC2)c2cc(-n3ccnn3)ccc12,Acinetobacter baumannii,μg/mL,CHEMBL2298923,1,16.0,16.0,16.0,1.2041199826559248,B,high,1,1.0
CC(C)Oc1c2c(c(O)c3cc(CN4CCC4)ccc13)C(=O)C1=C(O)[C@]3(O)C(=O)C(C(N)=O)=C(O)[C@@H](N(C)C)[C@@H]3C[C@@H]1C2,O=C1C2=CC3C(=O)C=CC[C@@H]3C[C@@H]2Cc2cc3ccc(CN4CCC4)cc3cc21,Acinetobacter baumannii,μg/mL,CHEMBL1783293,1,2.0,2.0,2.0,0.3010299956639812,B,high,1,1.0
CC(C)[C@@H](C(=O)O)N1Cc2ccccc2C1=O,O=C1NCc2ccccc21,Pseudomonas aeruginosa,μg/mL,CHEMBL40463,1,3600.0,3600.0,3600.0,3.5563025007672873,B,high,1,1.0
CC(C)[C@@H](N)C(=O)NC[C@H]1OCC[C@H]1SC1=C(C(=O)O)N2C(=O)[C@H]([C@@H](C)O)C2[C@H]1C,O=C1CC2CC(S[C@@H]3CCOC3)=CN12,Pseudomonas aeruginosa,μg/mL,CHEMBL47997,2,80.0,32.0,128.0,1.9030899869919435,B,high,1,1.0
CC(C)[C@@H]1CC[C@@H](C)C[C@H]1OC(=O)N(CCCCCCc1cn(CCCCCCc2c[nH]c(N)n2)nn1)CCc1ccccn1.Cl,O=C(OC1CCCCC1)N(CCCCCCc1cn(CCCCCCc2c[nH]cn2)nn1)CCc1ccccn1,Acinetobacter baumannii,μg/mL,CHEMBL1667927,1,32.0,32.0,32.0,1.505149978319906,B,high,1,1.0
CC(C)[C@@H]1CC[C@@H](C)C[C@H]1OC(=O)N(CCCCCCc1cn(CCCCCc2c[nH]c(N)n2)nn1)CCc1ccccn1.Cl,O=C(OC1CCCCC1)N(CCCCCCc1cn(CCCCCc2c[nH]cn2)nn1)CCc1ccccn1,Acinetobacter baumannii,μg/mL,CHEMBL1667926,2,16.0,16.0,16.0,1.2041199826559248,B,high,1,1.0
CC(C)[C@@H]1CC[C@@H](C)C[C@H]1OC(=O)NCCCCCCCc1c[nH]c(N)n1.Cl,O=C(NCCCCCCCc1c[nH]cn1)OC1CCCCC1,Acinetobacter baumannii,μg/mL,CHEMBL1667931,2,8.0,8.0,8.0,0.9030899869919435,B,high,1,1.0
CC(C)[C@@H]1CC[C@@H](C)C[C@H]1OC(=O)NCCCCCCc1c[nH]c(N)n1.Cl,O=C(NCCCCCCc1c[nH]cn1)OC1CCCCC1,Acinetobacter baumannii,μg/mL,CHEMBL1667930,2,16.0,16.0,16.0,1.2041199826559248,B,high,1,1.0
CC(C)[C@@H]1CC[C@@H](C)C[C@H]1OC(=O)NCCCCCc1c[nH]c(N)n1.Cl,O=C(NCCCCCc1c[nH]cn1)OC1CCCCC1,Acinetobacter baumannii,μg/mL,CHEMBL1667929,2,32.0,32.0,32.0,1.505149978319906,B,high,1,1.0
CC(C)[C@@H]1CC[C@@H](C)C[C@H]1OC(=O)NCCCn1cc(CCCCCc2c[nH]c(N)n2)nn1.Cl,O=C(NCCCn1cc(CCCCCc2c[nH]cn2)nn1)OC1CCCCC1,Acinetobacter baumannii,μg/mL,CHEMBL1667933,2,64.0,64.0,64.0,1.806179973983887,B,high,1,1.0
CC(C)[C@@H]1CC[C@@H](C)C[C@H]1OC(=O)NCCn1cc(CCCCCc2c[nH]c(N)n2)nn1.Cl,O=C(NCCn1cc(CCCCCc2c[nH]cn2)nn1)OC1CCCCC1,Acinetobacter baumannii,μg/mL,CHEMBL1667932,2,96.0,64.0,128.0,1.9822712330395684,B,high,1,1.0
CC(C)[C@H](C(=O)O)N1Cc2ccccc2C1=O,O=C1NCc2ccccc21,Pseudomonas aeruginosa,μg/mL,CHEMBL40925,1,3600.0,3600.0,3600.0,3.5563025007672873,B,high,1,1.0
CC(C)c1cc(Cc2cnc(N)nc2N)cc(C(C)C)c1O,c1ccc(Cc2cncnc2)cc1,Escherichia coli,μg/mL,CHEMBL440946,1,300.0,300.0,300.0,2.4771212547196626,B,high,1,1.0
CC(C)c1cc(Cc2cnc(N)nc2N)cc(C(C)C)c1O,c1ccc(Cc2cncnc2)cc1,Klebsiella pneumoniae,μg/mL,CHEMBL440946,1,300.0,300.0,300.0,2.4771212547196626,B,high,1,1.0
CC(C)n1cc(C(=O)O)c(=O)c2c(F)c(F)c(N3CCN(C)CC3)c(F)c21,O=c1cc[nH]c2cc(N3CCNCC3)ccc12,Klebsiella pneumoniae,μg/mL,CHEMBL25531,1,8.0,8.0,8.0,0.9030899869919435,B,high,1,1.0
CC(C)n1cc(C(=O)O)c(=O)c2cc(F)c(N3CCC(N)C3)cc21,O=c1cc[nH]c2cc(N3CCCC3)ccc12,Escherichia coli,μg/mL,CHEMBL15335,1,0.8,0.8,0.8,-0.09691001300805639,B,high,1,1.0
CC(C)n1cc(C(=O)O)c(=O)c2cc(F)c(N3CCC(N)C3)cc21,O=c1cc[nH]c2cc(N3CCCC3)ccc12,Pseudomonas aeruginosa,μg/mL,CHEMBL15335,1,1.6,1.6,1.6,0.2041199826559248,B,high,1,1.0
CC(C)n1cc(C(=O)O)c(=O)c2cc(F)c(N3CCNCC3)cc21,O=c1cc[nH]c2cc(N3CCNCC3)ccc12,Escherichia coli,μg/mL,CHEMBL273347,2,0.65,0.5,0.8,-0.18708664335714442,B,high,2,1.0
CC(C)n1cc(C(=O)O)c(=O)c2cc(F)c(N3CCNCC3)cc21,O=c1cc[nH]c2cc(N3CCNCC3)ccc12,Klebsiella pneumoniae,μg/mL,CHEMBL273347,1,1.0,1.0,1.0,0.0,B,high,1,1.0
CC(C)n1cc(C(=O)O)c(=O)c2cc(F)c(N3CCNCC3)cc21,O=c1cc[nH]c2cc(N3CCNCC3)ccc12,Pseudomonas aeruginosa,μg/mL,CHEMBL273347,2,1.3,1.0,1.6,0.11394335230683679,B,high,2,1.0
CC(C)n1cc(C(=O)O)c(=O)c2cc(F)c(N3CCNCC3)nc21,O=c1cc[nH]c2nc(N3CCNCC3)ccc12,Escherichia coli,μg/mL,CHEMBL433928,1,0.25,0.25,0.25,-0.6020599913279624,B,high,1,1.0
CC(C)n1cc(C(=O)O)c(=O)c2cc(F)c(N3CCNCC3)nc21,O=c1cc[nH]c2nc(N3CCNCC3)ccc12,Klebsiella pneumoniae,μg/mL,CHEMBL433928,1,1.0,1.0,1.0,0.0,B,high,1,1.0
CC(C)n1cc(C(=O)O)c(=O)c2cc(F)c(N3CCNCC3)nc21,O=c1cc[nH]c2nc(N3CCNCC3)ccc12,Pseudomonas aeruginosa,μg/mL,CHEMBL433928,1,4.0,4.0,4.0,0.6020599913279624,B,high,1,1.0
CC(N)(CCCC(N)C(=O)O)C(=O)O,CC(N)(CCCC(N)C(=O)O)C(=O)O,Escherichia coli,μg/mL,CHEMBL7882,1,512.0,512.0,512.0,2.709269960975831,B,high,1,1.0
CC(N)C(=O)NC1CC(N)C(OC2OC(CN)C(O)C(O)C2O)C(O)C1OC1OC(CO)C(O)C(N)C1O,C1CCC(OC2CCCC(OC3CCCCO3)C2)OC1,Acinetobacter baumannii,μg/mL,CHEMBL142355,1,128.0,128.0,128.0,2.1072099696478683,B,high,1,1.0
CC(N)C(=O)NCCP(=O)(O)O,CC(N)C(=O)NCCP(=O)(O)O,Klebsiella pneumoniae,μg/mL,CHEMBL174136,1,1.6,1.6,1.6,0.2041199826559248,B,high,1,1.0
CC(N)C1CCN(c2c(F)cc3c(=O)c(C(=O)O)cn(C4CC4)c3c2F)C1,O=c1ccn(C2CC2)c2cc(N3CCCC3)ccc12,Escherichia coli,μg/mL,CHEMBL14949,1,0.013,0.013,0.013,-1.8860566476931633,B,high,1,1.0
CC(N)C1CCN(c2cc3c(c(N)c2F)c(=O)c(C(=O)O)cn3C2CC2)C1,O=c1ccn(C2CC2)c2cc(N3CCCC3)ccc12,Escherichia coli,μg/mL,CHEMBL15021,1,0.025,0.025,0.025,-1.6020599913279623,B,high,1,1.0
CC(c1ccccc1)n1cc(C(=O)O)c(=O)c2cc(F)c(N3CCNCC3)cc21,O=c1ccn(Cc2ccccc2)c2cc(N3CCNCC3)ccc12,Escherichia coli,μg/mL,CHEMBL355987,1,2.0,2.0,2.0,0.3010299956639812,B,high,1,1.0
CC(c1ccccc1)n1cc(C(=O)O)c(=O)c2cc(F)c(N3CCNCC3)cc21,O=c1ccn(Cc2ccccc2)c2cc(N3CCNCC3)ccc12,Klebsiella pneumoniae,μg/mL,CHEMBL355987,1,4.0,4.0,4.0,0.6020599913279624,B,high,1,1.0
CC(c1ccccc1)n1cc(C(=O)O)c(=O)c2cc(F)c(N3CCNCC3)cc21,O=c1ccn(Cc2ccccc2)c2cc(N3CCNCC3)ccc12,Pseudomonas aeruginosa,μg/mL,CHEMBL355987,1,32.0,32.0,32.0,1.505149978319906,B,high,1,1.0
CC1(C)CC1n1cc(C(=O)O)c(=O)c2cc(F)c(N3CCNCC3)cc21,O=c1ccn(C2CC2)c2cc(N3CCNCC3)ccc12,Escherichia coli,μg/mL,CHEMBL150654,1,1.0,1.0,1.0,0.0,B,high,1,1.0
CC1(C)CC1n1cc(C(=O)O)c(=O)c2cc(F)c(N3CCNCC3)cc21,O=c1ccn(C2CC2)c2cc(N3CCNCC3)ccc12,Klebsiella pneumoniae,μg/mL,CHEMBL150654,1,2.0,2.0,2.0,0.3010299956639812,B,high,1,1.0
CC1(C)CC1n1cc(C(=O)O)c(=O)c2cc(F)c(N3CCNCC3)cc21,O=c1ccn(C2CC2)c2cc(N3CCNCC3)ccc12,Pseudomonas aeruginosa,μg/mL,CHEMBL150654,1,32.0,32.0,32.0,1.505149978319906,B,high,1,1.0
CC1(C)CCC2(C)CCC(C)(C)NC2=N1.CO[C@@H]1CC[C@H]2C(=C(C(=O)O)N3C(=O)[C@H]([C@@H](C)O)[C@@H]23)C1,C1CN=C2NCCCC2C1.O=C1C[C@H]2[C@H]3CCCCC3=CN12,Escherichia coli,μg/mL,CHEMBL314898,3,1.0,0.5,16.0,0.0,B,high,1,1.0
CC1(C)CCC2(C)CCC(C)(C)NC2=N1.CO[C@@H]1CC[C@H]2C(=C(C(=O)O)N3C(=O)[C@H]([C@@H](C)O)[C@@H]23)C1,C1CN=C2NCCCC2C1.O=C1C[C@H]2[C@H]3CCCCC3=CN12,Pseudomonas aeruginosa,μg/mL,CHEMBL314898,1,16.0,16.0,16.0,1.2041199826559248,B,high,1,1.0
CC1(C)CCC2(C)CCC(C)(C)NC2=N1.CO[C@H]1CC[C@H]2C(=C(C(=O)O)N3C(=O)[C@H]([C@@H](C)O)[C@@H]23)C1,C1CN=C2NCCCC2C1.O=C1C[C@H]2[C@H]3CCCCC3=CN12,Escherichia coli,μg/mL,CHEMBL313174,3,1.0,1.0,1.0,0.0,B,high,1,1.0
CC1(C)CCC2(C)CCC(C)(C)NC2=N1.CO[C@H]1CC[C@H]2C(=C(C(=O)O)N3C(=O)[C@H]([C@@H](C)O)[C@@H]23)C1,C1CN=C2NCCCC2C1.O=C1C[C@H]2[C@H]3CCCCC3=CN12,Pseudomonas aeruginosa,μg/mL,CHEMBL313174,1,1.0,1.0,1.0,0.0,B,high,1,1.0
CC1(C)SC2C(NC(=O)C(C(=O)O)c3ccc4c(c3)OCO4)C(=O)N2C1C(=O)O,O=C(Cc1ccc2c(c1)OCO2)NC1C(=O)N2CCSC12,Klebsiella pneumoniae,μg/mL,CHEMBL134054,1,100.0,100.0,100.0,2.0,B,high,1,1.0
CC1(C)SC2C(NC(=O)C(N)c3ccc4c(c3)OCO4)C(=O)N2C1C(=O)O,O=C(Cc1ccc2c(c1)OCO2)NC1C(=O)N2CCSC12,Klebsiella pneumoniae,μg/mL,CHEMBL129882,1,6.2,6.2,6.2,0.7923916894982539,B,high,1,1.0
CC1(C)SC2C(NC(=O)[C@H](N)c3ccc4c(c3)CCO4)C(=O)N2C1C(=O)O,O=C(Cc1ccc2c(c1)CCO2)NC1C(=O)N2CCSC12,Klebsiella pneumoniae,μg/mL,CHEMBL3085255,1,6.2,6.2,6.2,0.7923916894982539,B,high,1,1.0
CC1(C)S[C@@H]2[C@H](NC(=O)C(C(=O)O)c3ccccc3)C(=O)N2[C@H]1C(=O)O,O=C(Cc1ccccc1)N[C@@H]1C(=O)N2CCS[C@H]12,Klebsiella pneumoniae,μg/mL,CHEMBL1214,1,6.2,6.2,6.2,0.7923916894982539,B,high,1,1.0
CC1(C)S[C@@H]2[C@H](NC(=O)C(N)c3ccc(O)cc3)C(=O)N2[C@H]1C(=O)O.CC1(C)[C@H](C(=O)O)N2C(=O)C[C@H]2S1(=O)=O,O=C(Cc1ccccc1)N[C@@H]1C(=O)N2CCS[C@H]12.O=C1C[C@@H]2N1CCS2(=O)=O,Escherichia coli,μg/mL,CHEMBL36731,2,4.0,4.0,4.0,0.6020599913279624,B,high,1,1.0
CC1(C)S[C@@H]2[C@H](NC(=O)C(N)c3ccccc3)C(=O)N2[C@H]1C(=O)O.CC1(C)[C@H](C(=O)O)N2C(=O)C[C@H]2S1(=O)=O,O=C(Cc1ccccc1)N[C@@H]1C(=O)N2CCS[C@H]12.O=C1C[C@@H]2N1CCS2(=O)=O,Pseudomonas aeruginosa,μg/mL,CHEMBL285269,2,16.125,0.25,32.0,1.2074997233073055,B,high,1,1.0
CC1(C)S[C@@H]2[C@H](NC(=O)COc3ccccc3)C(=O)N2[C@H]1C(=O)O,O=C(COc1ccccc1)N[C@@H]1C(=O)N2CCS[C@H]12,Escherichia coli,μg/mL,CHEMBL615,1,100.0,100.0,100.0,2.0,B,high,1,1.0
CC1(C)S[C@@H]2[C@H](NC(=O)[C@H](C(=O)O)c3ccsc3)C(=O)N2[C@H]1C(=O)O,O=C(Cc1ccsc1)N[C@@H]1C(=O)N2CCS[C@H]12,Acinetobacter baumannii,μg/mL,CHEMBL1449,24,8.0,1.0,256.0,0.9030899869919435,B,high,8,1.0
CC1(C)S[C@@H]2[C@H](NC(=O)[C@H](N)c3ccc(O)cc3)C(=O)N2[C@H]1C(=O)O,O=C(Cc1ccccc1)N[C@@H]1C(=O)N2CCS[C@H]12,Acinetobacter baumannii,μg/mL,CHEMBL1082,13,32.0,8.0,128.0,1.505149978319906,B,high,5,1.0
CC1(C)S[C@@H]2[C@H](NC(=O)[C@H](N)c3ccc(O)cc3)C(=O)N2[C@H]1C(=O)O,O=C(Cc1ccccc1)N[C@@H]1C(=O)N2CCS[C@H]12,Escherichia coli,μg/mL,CHEMBL1082,3,63.0,1.6,125.0,1.7993405494535817,B,high,2,1.0
CC1(C)S[C@@H]2[C@H](NC(=O)[C@H](N)c3ccc(O)cc3)C(=O)N2[C@H]1C(=O)O,O=C(Cc1ccccc1)N[C@@H]1C(=O)N2CCS[C@H]12,Klebsiella pneumoniae,μg/mL,CHEMBL1082,2,25.4,0.8,50.0,1.404833716619938,B,high,2,1.0
CC1(C)S[C@@H]2[C@H](NC(=O)[C@H](N)c3ccc(O)cc3)C(=O)N2[C@H]1C(=O)O.C[C@]1(CCl)[C@H](C(=O)[O-])N2C(=O)C[C@H]2S1(=O)=O.[K+],O=C(Cc1ccccc1)N[C@@H]1C(=O)N2CCS[C@H]12.O=C1C[C@@H]2N1CCS2(=O)=O,Escherichia coli,μg/mL,CHEMBL216232,2,2.0,2.0,2.0,0.3010299956639812,B,high,1,1.0
CC1(C)S[C@@H]2[C@H](NC(=O)[C@H](N)c3ccc(O)cc3)C(=O)N2[C@H]1C(=O)O.O=C(O)[C@H]1/C(=C/CO)O[C@@H]2CC(=O)N21,C=C1CN2C(=O)C[C@H]2O1.O=C(Cc1ccccc1)N[C@@H]1C(=O)N2CCS[C@H]12,Escherichia coli,μg/mL,CHEMBL2097107,2,5.0,2.0,8.0,0.6989700043360189,B,high,1,1.0
CC1(C)S[C@@H]2[C@H](NC(=O)[C@H](N)c3ccccc3)C(=O)N2[C@H]1C(=O)O,O=C(Cc1ccccc1)N[C@@H]1C(=O)N2CCS[C@H]12,Acinetobacter baumannii,μg/mL,CHEMBL174,15,32.0,0.05,512.0,1.505149978319906,B,high,10,1.0
CC1(C)S[C@@H]2[C@H](NC(=O)[C@H](N)c3ccccc3)C(=O)N2[C@H]1C(=O)O,O=C(Cc1ccccc1)N[C@@H]1C(=O)N2CCS[C@H]12,Escherichia coli,μg/mL,CHEMBL174,2,5.625,5.0,6.25,0.7501225267834001,B,high,2,1.0
CC1(C)S[C@@H]2[C@H](NC(=O)[C@H](N)c3ccccc3)C(=O)N2[C@H]1C(=O)O,O=C(Cc1ccccc1)N[C@@H]1C(=O)N2CCS[C@H]12,Klebsiella pneumoniae,μg/mL,CHEMBL174,1,6.25,6.25,6.25,0.7958800173440752,B,high,1,1.0
CC1(C)S[C@@H]2[C@H](NC(=O)[C@H](N)c3ccccc3)C(=O)N2[C@H]1C(=O)O,O=C(Cc1ccccc1)N[C@@H]1C(=O)N2CCS[C@H]12,Pseudomonas aeruginosa,μg/mL,CHEMBL174,1,512.0,512.0,512.0,2.709269960975831,B,high,1,1.0
CC1(C)S[C@@H]2[C@H](NC(=O)[C@H](NC(=O)N3CCNC3=O)c3ccccc3)C(=O)N2[C@H]1C(=O)O,O=C(N[C@@H]1C(=O)N2CCS[C@H]12)[C@H](NC(=O)N1CCNC1=O)c1ccccc1,Escherichia coli,μg/mL,CHEMBL1537,1,6.25,6.25,6.25,0.7958800173440752,B,high,1,1.0
CC1(C)S[C@@H]2[C@H](NC(=O)[C@H](NC(=O)N3CCNC3=O)c3ccccc3)C(=O)N2[C@H]1C(=O)O,O=C(N[C@@H]1C(=O)N2CCS[C@H]12)[C@H](NC(=O)N1CCNC1=O)c1ccccc1,Klebsiella pneumoniae,μg/mL,CHEMBL1537,1,6.25,6.25,6.25,0.7958800173440752,B,high,1,1.0
CC1(C)S[C@@H]2[C@H](NC(=O)[C@H](NC(=O)N3CCNC3=O)c3ccccc3)C(=O)N2[C@H]1C(=O)O,O=C(N[C@@H]1C(=O)N2CCS[C@H]12)[C@H](NC(=O)N1CCNC1=O)c1ccccc1,Pseudomonas aeruginosa,μg/mL,CHEMBL1537,2,6.25,6.25,6.25,0.7958800173440752,B,high,1,1.0
CC1(C)[C@@H](N)CN1c1c(F)cc2c(=O)c(C(=O)O)cn(C3CC3)c2c1F,O=c1ccn(C2CC2)c2cc(N3CCC3)ccc12,Escherichia coli,μg/mL,CHEMBL554488,1,0.12,0.12,0.12,-0.9208187539523752,B,high,1,1.0
CC1(C)[C@@H](N)CN1c1c(F)cc2c(=O)c(C(=O)O)cn(C3CC3)c2c1F,O=c1ccn(C2CC2)c2cc(N3CCC3)ccc12,Klebsiella pneumoniae,μg/mL,CHEMBL554488,1,0.03,0.03,0.03,-1.5228787452803376,B,high,1,1.0
CC1(C)[C@@H](N)CN1c1c(F)cc2c(=O)c(C(=O)O)cn(C3CC3)c2c1F,O=c1ccn(C2CC2)c2cc(N3CCC3)ccc12,Pseudomonas aeruginosa,μg/mL,CHEMBL554488,1,2.0,2.0,2.0,0.3010299956639812,B,high,1,1.0
CC1(C)[C@@H](N)CN1c1nc2c(cc1F)c(=O)c(C(=O)O)cn2C1CC1,O=c1ccn(C2CC2)c2nc(N3CCC3)ccc12,Escherichia coli,μg/mL,CHEMBL136013,1,0.25,0.25,0.25,-0.6020599913279624,B,high,1,1.0
CC1(C)[C@@H](N)CN1c1nc2c(cc1F)c(=O)c(C(=O)O)cn2C1CC1,O=c1ccn(C2CC2)c2nc(N3CCC3)ccc12,Klebsiella pneumoniae,μg/mL,CHEMBL136013,1,0.06,0.06,0.06,-1.2218487496163564,B,high,1,1.0
CC1(C)[C@@H](N)CN1c1nc2c(cc1F)c(=O)c(C(=O)O)cn2C1CC1,O=c1ccn(C2CC2)c2nc(N3CCC3)ccc12,Pseudomonas aeruginosa,μg/mL,CHEMBL136013,1,2.0,2.0,2.0,0.3010299956639812,B,high,1,1.0
CC1(C)[C@H](C(=O)O)N2C(=O)C[C@H]2S1(=O)=O,O=C1C[C@@H]2N1CCS2(=O)=O,Acinetobacter baumannii,μg/mL,CHEMBL403,5,32.0,32.0,48.0,1.505149978319906,B,high,2,1.0
CC1(C)[C@H](C(=O)O)N2C(=O)C[C@H]2S1(=O)=O,O=C1C[C@@H]2N1CCS2(=O)=O,Escherichia coli,μg/mL,CHEMBL403,1,125.0,125.0,125.0,2.0969100130080562,B,high,1,1.0
CC1(C)[C@H](C(=O)O)N2C(=O)[C@@H](CO)[C@H]2S1(=O)=O,O=C1C[C@@H]2N1CCS2(=O)=O,Escherichia coli,μg/mL,CHEMBL416561,1,4.0,4.0,4.0,0.6020599913279624,B,high,1,1.0
CC1(C)[C@H](NC(=O)/C(=N\OCc2cc(=O)c(O)cn2O)c2csc(N)n2)C(=O)N1OS(=O)(=O)O,O=C(N[C@H]1CNC1=O)/C(=N\OCc1cc(=O)cc[nH]1)c1cscn1,Acinetobacter baumannii,μg/mL,CHEMBL1256967,4,2.25,0.25,8.0,0.3521825181113625,B,high,1,1.0
CC1(CN)CCN(c2c(F)c(N)c3c(=O)c(C(=O)O)cn(C4CC4)c3c2F)C1,O=c1ccn(C2CC2)c2cc(N3CCCC3)ccc12,Escherichia coli,μg/mL,CHEMBL275830,1,0.2,0.2,0.2,-0.6989700043360187,B,high,1,1.0
CC1(CN)CCN(c2c(F)cc3c(=O)c(C(=O)O)cn(C4CC4)c3c2F)C1,O=c1ccn(C2CC2)c2cc(N3CCCC3)ccc12,Escherichia coli,μg/mL,CHEMBL429215,1,0.05,0.05,0.05,-1.3010299956639813,B,high,1,1.0
CC1(CN)CCN(c2c(F)cc3c(=O)c(C(=O)O)cn(C4CC4)c3c2F)C1,O=c1ccn(C2CC2)c2cc(N3CCCC3)ccc12,Klebsiella pneumoniae,μg/mL,CHEMBL429215,2,0.1,0.1,0.1,-1.0,B,high,2,1.0
CC1(CN)CCN(c2c(F)cc3c(=O)c(C(=O)O)cn(C4CC4)c3c2F)C1,O=c1ccn(C2CC2)c2cc(N3CCCC3)ccc12,Pseudomonas aeruginosa,μg/mL,CHEMBL429215,1,0.4,0.4,0.4,-0.3979400086720376,B,high,1,1.0
CC1(CN)CCN(c2cc3c(cc2F)c(=O)c(C(=O)O)cn3C2CC2)C1,O=c1ccn(C2CC2)c2cc(N3CCCC3)ccc12,Escherichia coli,μg/mL,CHEMBL278648,1,0.1,0.1,0.1,-1.0,B,high,1,1.0
CC1(CN)CCN(c2cc3c(cc2F)c(=O)c(C(=O)O)cn3C2CC2)C1,O=c1ccn(C2CC2)c2cc(N3CCCC3)ccc12,Klebsiella pneumoniae,μg/mL,CHEMBL278648,1,0.4,0.4,0.4,-0.3979400086720376,B,high,1,1.0
CC1(CN)CCN(c2cc3c(cc2F)c(=O)c(C(=O)O)cn3C2CC2)C1,O=c1ccn(C2CC2)c2cc(N3CCCC3)ccc12,Pseudomonas aeruginosa,μg/mL,CHEMBL278648,2,0.6000000000000001,0.4,0.8,-0.2218487496163563,B,high,2,1.0
CC1(CN)CCN(c2nc3c(cc2F)c(=O)c(C(=O)O)cn3C2CC2)C1,O=c1ccn(C2CC2)c2nc(N3CCCC3)ccc12,Escherichia coli,μg/mL,CHEMBL274696,1,0.2,0.2,0.2,-0.6989700043360187,B,high,1,1.0
CC1(N)CCN(c2c(F)cc3c(=O)c(C(=O)O)cn(C4CC4)c3c2F)C1,O=c1ccn(C2CC2)c2cc(N3CCCC3)ccc12,Klebsiella pneumoniae,μg/mL,CHEMBL440744,1,0.4,0.4,0.4,-0.3979400086720376,B,high,1,1.0
CC1(n2cc(C(=O)O)c(=O)c3cc(F)c(N4CCNCC4)cc32)CC1,O=c1ccn(C2CC2)c2cc(N3CCNCC3)ccc12,Escherichia coli,μg/mL,CHEMBL345559,1,0.06,0.06,0.06,-1.2218487496163564,B,high,1,1.0
CC1(n2cc(C(=O)O)c(=O)c3cc(F)c(N4CCNCC4)cc32)CC1,O=c1ccn(C2CC2)c2cc(N3CCNCC3)ccc12,Klebsiella pneumoniae,μg/mL,CHEMBL345559,1,0.25,0.25,0.25,-0.6020599913279624,B,high,1,1.0
CC1(n2cc(C(=O)O)c(=O)c3cc(F)c(N4CCNCC4)cc32)CC1,O=c1ccn(C2CC2)c2cc(N3CCNCC3)ccc12,Pseudomonas aeruginosa,μg/mL,CHEMBL345559,1,0.5,0.5,0.5,-0.3010299956639812,B,high,1,1.0
CC1(n2cc(C(=O)O)c(=O)c3cc(F)c(N4CCNCC4)cc32)CCC1,O=c1ccn(C2CCC2)c2cc(N3CCNCC3)ccc12,Escherichia coli,μg/mL,CHEMBL151030,1,0.25,0.25,0.25,-0.6020599913279624,B,high,1,1.0
CC1(n2cc(C(=O)O)c(=O)c3cc(F)c(N4CCNCC4)cc32)CCC1,O=c1ccn(C2CCC2)c2cc(N3CCNCC3)ccc12,Klebsiella pneumoniae,μg/mL,CHEMBL151030,1,2.0,2.0,2.0,0.3010299956639812,B,high,1,1.0
CC1(n2cc(C(=O)O)c(=O)c3cc(F)c(N4CCNCC4)cc32)CCC1,O=c1ccn(C2CCC2)c2cc(N3CCNCC3)ccc12,Pseudomonas aeruginosa,μg/mL,CHEMBL151030,1,8.0,8.0,8.0,0.9030899869919435,B,high,1,1.0
CC1=C(C(=O)O)N2C(=O)C(NC(=O)C(N)c3ccc4c(c3)CCO4)C2SC1,O=C(Cc1ccc2c(c1)CCO2)NC1C(=O)N2C=CCSC12,Klebsiella pneumoniae,μg/mL,CHEMBL130658,1,50.0,50.0,50.0,1.6989700043360187,B,high,1,1.0
CC1=C(C(=O)O)N2C(=O)C(NC(=O)C(N)c3ccc4c(c3)OCCO4)C2SC1,O=C(Cc1ccc2c(c1)OCCO2)NC1C(=O)N2C=CCSC12,Klebsiella pneumoniae,μg/mL,CHEMBL133236,1,200.0,200.0,200.0,2.3010299956639813,B,high,1,1.0
CC1=C(C(=O)O)N2C(=O)C(NC(=O)CSC(F)(F)F)C2OC1,O=C1CC2OCC=CN12,Escherichia coli,μg/mL,CHEMBL277057,3,6.25,3.13,100.0,0.7958800173440752,B,high,1,1.0
CC1=C(C(=O)O)N2C(=O)C(NC(=O)CSC(F)(F)F)C2OC1,O=C1CC2OCC=CN12,Klebsiella pneumoniae,μg/mL,CHEMBL277057,1,6.25,6.25,6.25,0.7958800173440752,B,high,1,1.0
CC1=C(C(=O)O)N2C(=O)C(NC(=O)CSC(F)(F)F)C2SC1,O=C1CC2SCC=CN12,Escherichia coli,μg/mL,CHEMBL366826,3,50.0,25.0,50.0,1.6989700043360187,B,high,1,1.0
CC1=C(C(=O)O)N2C(=O)C(NC(=O)[C@H](N)c3ccc4c(c3)CCO4)C2SC1,O=C(Cc1ccc2c(c1)CCO2)NC1C(=O)N2C=CCSC12,Klebsiella pneumoniae,μg/mL,CHEMBL2111876,1,25.0,25.0,25.0,1.3979400086720377,B,high,1,1.0
CC1=C(C(=O)O)N2C(=O)C(NC(=O)[C@H](N)c3ccc4c(c3)OCCO4)C2SC1,O=C(Cc1ccc2c(c1)OCCO2)NC1C(=O)N2C=CCSC12,Klebsiella pneumoniae,μg/mL,CHEMBL2111875,1,100.0,100.0,100.0,2.0,B,high,1,1.0
CC1=C(C(=O)O)N2C(=O)C(NC(=O)[C@H](N)c3ccc4c(c3)OCO4)C2SC1,O=C(Cc1ccc2c(c1)OCO2)NC1C(=O)N2C=CCSC12,Klebsiella pneumoniae,μg/mL,CHEMBL2112685,1,25.0,25.0,25.0,1.3979400086720377,B,high,1,1.0
CC1=C(C(=O)O)N2C(=O)[C@@H](NC(=O)[C@H](N)c3ccccc3)[C@H]2SC1,O=C(Cc1ccccc1)N[C@@H]1C(=O)N2C=CCS[C@H]12,Klebsiella pneumoniae,μg/mL,CHEMBL1727,1,3.1,3.1,3.1,0.4913616938342727,B,high,1,1.0
CC1=C(C(=O)OCOC(=O)C(C)(C)C)N2C(=O)[C@H]([C@@H](C)O)[C@H]2C1O,O=C1C[C@H]2CC=CN12,Escherichia coli,μg/mL,CHEMBL321935,2,6.25,6.25,6.25,0.7958800173440752,B,high,1,1.0
CC1=C(C(=O)OCOC(=O)C(C)(C)C)N2C(=O)[C@H]([C@@H](C)O)[C@H]2C1O,O=C1C[C@H]2CC=CN12,Klebsiella pneumoniae,μg/mL,CHEMBL321935,1,6.25,6.25,6.25,0.7958800173440752,B,high,1,1.0
CC1=C(C(=O)OCOC(=O)C(C)(C)C)N2C(=O)[C@H]([C@@H](C)O)[C@H]2C1O,O=C1C[C@H]2CC=CN12,Pseudomonas aeruginosa,μg/mL,CHEMBL321935,1,100.0,100.0,100.0,2.0,B,high,1,1.0
CC1=CC=C2C=C2C2=C(SCc3ccccc3)N=CC=CC(CN3CCCC3)=CC=C(C=C1)CNC2,C1=CC=C2C=C2C2=C(SCc3ccccc3)N=CC=CC(CN3CCCC3)=CC=C(C=C1)CNC2,Acinetobacter baumannii,μg/mL,WSA295,2,80.0,32.0,128.0,1.9030899869919435,A,high,1,1.0
CC1=CC=C2C=C2C2=C(SCc3ccccc3)N=CCCN(C)CCN(C=C1)CCNC2,C1=CC=C2C=C2C2=C(SCc3ccccc3)N=CCCNCCN(C=C1)CCNC2,Acinetobacter baumannii,μg/mL,WSA280,2,24.0,16.0,32.0,1.380211241711606,A,high,1,1.0
CC1=CC=C2C=C2C2=C(SCc3ccccc3)N=CCCN(C3CCCC3)CCC(C=C1)CCNC2,C1=CC=C2C=C2C2=C(SCc3ccccc3)N=CCCN(C3CCCC3)CCC(C=C1)CCNC2,Acinetobacter baumannii,μg/mL,WSA289,2,24.0,16.0,32.0,1.380211241711606,A,high,1,1.0
CC1CC(C)c2cc(Cc3cnc(N)nc3N)cc(Cl)c2N1,c1ncc(Cc2ccc3c(c2)CCCN3)cn1,Klebsiella pneumoniae,μg/mL,CHEMBL60636,1,100.0,100.0,100.0,2.0,B,high,1,1.0
CC1CC1n1cc(C(=O)O)c(=O)c2cc(F)c(N3CCNCC3)cc21,O=c1ccn(C2CC2)c2cc(N3CCNCC3)ccc12,Escherichia coli,μg/mL,CHEMBL358209,2,0.095,0.06,0.13,-1.0222763947111522,B,high,1,1.0
CC1CC1n1cc(C(=O)O)c(=O)c2cc(F)c(N3CCNCC3)cc21,O=c1ccn(C2CC2)c2cc(N3CCNCC3)ccc12,Klebsiella pneumoniae,μg/mL,CHEMBL358209,2,1.5,1.0,2.0,0.17609125905568124,B,high,1,1.0
CC1CC1n1cc(C(=O)O)c(=O)c2cc(F)c(N3CCNCC3)cc21,O=c1ccn(C2CC2)c2cc(N3CCNCC3)ccc12,Pseudomonas aeruginosa,μg/mL,CHEMBL358209,2,1.5,1.0,2.0,0.17609125905568124,B,high,1,1.0
CC1CCC1n1cc(C(=O)O)c(=O)c2cc(F)c(N3CCNCC3)cc21,O=c1ccn(C2CCC2)c2cc(N3CCNCC3)ccc12,Escherichia coli,μg/mL,CHEMBL151512,1,2.0,2.0,2.0,0.3010299956639812,B,high,1,1.0
CC1CCC1n1cc(C(=O)O)c(=O)c2cc(F)c(N3CCNCC3)cc21,O=c1ccn(C2CCC2)c2cc(N3CCNCC3)ccc12,Klebsiella pneumoniae,μg/mL,CHEMBL151512,1,4.0,4.0,4.0,0.6020599913279624,B,high,1,1.0
CC1CCC1n1cc(C(=O)O)c(=O)c2cc(F)c(N3CCNCC3)cc21,O=c1ccn(C2CCC2)c2cc(N3CCNCC3)ccc12,Pseudomonas aeruginosa,μg/mL,CHEMBL151512,1,32.0,32.0,32.0,1.505149978319906,B,high,1,1.0
CC1CCCN(c2cc3c(cc2F)c(=O)c(C(=O)O)cn3-c2cc([N+](=O)[O-])cn2C)C1,O=c1ccn(-c2ccc[nH]2)c2cc(N3CCCCC3)ccc12,Escherichia coli,μg/mL,CHEMBL117806,1,100.0,100.0,100.0,2.0,B,high,1,1.0
CC1CCNc2ccc(Cc3cnc(N)nc3N)cc21,c1ncc(Cc2ccc3c(c2)CCCN3)cn1,Klebsiella pneumoniae,μg/mL,CHEMBL60632,1,30.0,30.0,30.0,1.4771212547196624,B,high,1,1.0
CC1CN(C[C@@H]2C[C@H](SC3=C(C(=O)O)C4C(=O)C([C@@H](C)O)C4[C@H]3C)CN2)S(=O)(=O)N1,O=C1CC2CC(S[C@@H]3CN[C@H](CN4CCNS4(=O)=O)C3)=CC12,Acinetobacter baumannii,μg/mL,CHEMBL244307,1,25.0,25.0,25.0,1.3979400086720377,B,high,1,1.0
CC1CN(c2c(F)cc3c(=O)c(C(=O)O)c4scc5n4c3c2N(C)C5)CC(C)O1,O=c1cc2scc3n2c2c(c(N4CCOCC4)ccc12)NC3,Escherichia coli,μg/mL,CHEMBL94959,2,0.39,0.39,0.39,-0.4089353929735008,B,high,1,1.0
CC1CN(c2c(F)cc3c(=O)c(C(=O)O)c4scc5n4c3c2N(C)C5)CC(C)O1,O=c1cc2scc3n2c2c(c(N4CCOCC4)ccc12)NC3,Klebsiella pneumoniae,μg/mL,CHEMBL94959,1,0.78,0.78,0.78,-0.10790539730951958,B,high,1,1.0
CC1CN(c2c(F)cc3c(=O)c(C(=O)O)c4scc5n4c3c2N(C)C5)CC(C)O1,O=c1cc2scc3n2c2c(c(N4CCOCC4)ccc12)NC3,Pseudomonas aeruginosa,μg/mL,CHEMBL94959,2,3.13,3.13,3.13,0.49554433754644844,B,high,1,1.0
CC1CN(c2c(F)cc3c(=O)c(C(=O)O)c4scc5n4c3c2N(C)C5)CCO1,O=c1cc2scc3n2c2c(c(N4CCOCC4)ccc12)NC3,Escherichia coli,μg/mL,CHEMBL329814,2,0.1,0.1,0.1,-1.0,B,high,1,1.0
CC1CN(c2c(F)cc3c(=O)c(C(=O)O)c4scc5n4c3c2N(C)C5)CCO1,O=c1cc2scc3n2c2c(c(N4CCOCC4)ccc12)NC3,Klebsiella pneumoniae,μg/mL,CHEMBL329814,1,0.39,0.39,0.39,-0.4089353929735008,B,high,1,1.0
CC1CN(c2c(F)cc3c(=O)c(C(=O)O)c4scc5n4c3c2N(C)C5)CCO1,O=c1cc2scc3n2c2c(c(N4CCOCC4)ccc12)NC3,Pseudomonas aeruginosa,μg/mL,CHEMBL329814,2,0.78,0.78,0.78,-0.10790539730951958,B,high,1,1.0
CC1CN(c2c(F)cc3c(=O)c(C(=O)O)c4scc5n4c3c2OC5)CCN1,O=c1cc2scc3n2c2c(c(N4CCNCC4)ccc12)OC3,Klebsiella pneumoniae,μg/mL,CHEMBL367876,1,0.1,0.1,0.1,-1.0,B,high,1,1.0
CC1CN(c2c(F)cc3c(=O)c(C(=O)O)cn(C4CC4)c3c2F)CC(C)N1,O=c1ccn(C2CC2)c2cc(N3CCNCC3)ccc12,Klebsiella pneumoniae,μg/mL,CHEMBL15438,1,0.025,0.025,0.025,-1.6020599913279623,B,high,1,1.0
CC1CN(c2c(F)cc3c(=O)c(C(=O)O)cn(C4CC4)c3c2F)CC(C)N1O,O=c1ccn(C2CC2)c2cc(N3CCNCC3)ccc12,Klebsiella pneumoniae,μg/mL,CHEMBL327193,1,0.1,0.1,0.1,-1.0,B,high,1,1.0
CC1CN(c2c(F)cc3c(=O)c(C(=O)O)cn(C4CC4)c3c2F)CCN1,O=c1ccn(C2CC2)c2cc(N3CCNCC3)ccc12,Acinetobacter baumannii,μg/mL,CHEMBL15613,1,0.313,0.313,0.313,-0.5044556624535516,B,high,1,1.0
CC1CN(c2c(F)cc3c(=O)c(C(=O)O)cn(C4CC4)c3c2F)CCN1,O=c1ccn(C2CC2)c2cc(N3CCNCC3)ccc12,Klebsiella pneumoniae,μg/mL,CHEMBL15613,2,0.018750000000000003,0.0125,0.025,-1.7269987279362622,B,high,2,1.0
CC1CN(c2c(F)cc3c(=O)c(C(=O)O)cn(C4CC4)c3c2F)CCN1,O=c1ccn(C2CC2)c2cc(N3CCNCC3)ccc12,Pseudomonas aeruginosa,μg/mL,CHEMBL15613,1,0.4,0.4,0.4,-0.3979400086720376,B,high,1,1.0
CC1CN(c2c(F)cc3c(=O)c(C(=O)O)cn(C4CC4)c3c2F)CCN1O,O=c1ccn(C2CC2)c2cc(N3CCNCC3)ccc12,Klebsiella pneumoniae,μg/mL,CHEMBL327326,1,0.025,0.025,0.025,-1.6020599913279623,B,high,1,1.0
CC1CN(c2c(F)cc3c(=O)c(C(=O)O)cn4c3c2SC(C)C4)CC(C)N1,O=c1ccn2c3c(c(N4CCNCC4)ccc13)SCC2,Escherichia coli,μg/mL,CHEMBL117421,1,0.25,0.25,0.25,-0.6020599913279624,B,high,1,1.0
CC1CN(c2c(F)cc3c(=O)c(C(=O)O)cn4c3c2SC(C)C4)CC(C)N1,O=c1ccn2c3c(c(N4CCNCC4)ccc13)SCC2,Klebsiella pneumoniae,μg/mL,CHEMBL117421,1,0.25,0.25,0.25,-0.6020599913279624,B,high,1,1.0
CC1CN(c2c(F)cc3c(=O)c(C(=O)O)cn4c3c2SC(C)C4)CC(C)N1,O=c1ccn2c3c(c(N4CCNCC4)ccc13)SCC2,Pseudomonas aeruginosa,μg/mL,CHEMBL117421,1,32.0,32.0,32.0,1.505149978319906,B,high,1,1.0
CC1CN(c2cc3c(cc2F)c(=O)c(C(=O)O)cn3-c2ccc(F)cc2F)CC(C)N1,O=c1ccn(-c2ccccc2)c2cc(N3CCNCC3)ccc12,Escherichia coli,μg/mL,CHEMBL416160,1,0.4,0.4,0.4,-0.3979400086720376,B,high,1,1.0
CC1CN(c2cc3c(cc2F)c(=O)c(C(=O)O)cn3-c2ccc(F)cc2F)CC(C)N1,O=c1ccn(-c2ccccc2)c2cc(N3CCNCC3)ccc12,Pseudomonas aeruginosa,μg/mL,CHEMBL416160,1,0.8,0.8,0.8,-0.09691001300805639,B,high,1,1.0
CC1CN(c2cc3c(cc2F)c(=O)c(C(=O)O)cn3-c2ccc(F)cc2F)CCN1,O=c1ccn(-c2ccccc2)c2cc(N3CCNCC3)ccc12,Escherichia coli,μg/mL,CHEMBL277100,1,0.1,0.1,0.1,-1.0,B,high,1,1.0
CC1CN(c2cc3c(cc2F)c(=O)c(C(=O)O)cn3-c2ccc(F)cc2F)CCN1,O=c1ccn(-c2ccccc2)c2cc(N3CCNCC3)ccc12,Klebsiella pneumoniae,μg/mL,CHEMBL277100,2,0.07500000000000001,0.05,0.1,-1.1249387366083,B,high,2,1.0
CC1CN(c2cc3c(cc2F)c(=O)c(C(=O)O)cn3-c2ccc(F)cc2F)CCN1,O=c1ccn(-c2ccccc2)c2cc(N3CCNCC3)ccc12,Pseudomonas aeruginosa,μg/mL,CHEMBL277100,2,1.2000000000000002,0.8,1.6,0.07918124604762489,B,high,2,1.0
CC1CN(c2cc3c(cc2F)c(=O)c(C(=O)O)cn3-c2cn(C)cc2[N+](=O)[O-])CCN1,O=c1ccn(-c2cc[nH]c2)c2cc(N3CCNCC3)ccc12,Escherichia coli,μg/mL,CHEMBL117959,1,100.0,100.0,100.0,2.0,B,high,1,1.0
CC1CN(c2cc3c(cc2F)c(=O)c(C(=O)O)cn3C(C)(C)C)CC(C)N1,O=c1cc[nH]c2cc(N3CCNCC3)ccc12,Escherichia coli,μg/mL,CHEMBL15417,1,0.2,0.2,0.2,-0.6989700043360187,B,high,1,1.0
CC1CN(c2cc3c(cc2F)c(=O)c(C(=O)O)cn3C(C)(C)C)CC(C)N1,O=c1cc[nH]c2cc(N3CCNCC3)ccc12,Pseudomonas aeruginosa,μg/mL,CHEMBL15417,1,1.6,1.6,1.6,0.2041199826559248,B,high,1,1.0
CC1CN(c2cc3c(cc2F)c(=O)c(C(=O)O)cn3C(C)(C)C)CCN1,O=c1cc[nH]c2cc(N3CCNCC3)ccc12,Escherichia coli,μg/mL,CHEMBL15164,1,0.1,0.1,0.1,-1.0,B,high,1,1.0
CC1CN(c2cc3c(cc2F)c(=O)c(C(=O)O)cn3C(C)(C)C)CCN1,O=c1cc[nH]c2cc(N3CCNCC3)ccc12,Pseudomonas aeruginosa,μg/mL,CHEMBL15164,1,0.8,0.8,0.8,-0.09691001300805639,B,high,1,1.0
CC1CN(c2cc3c(cc2F)c(=O)c(C(=O)O)cn3C(C)C)CC(C)N1,O=c1cc[nH]c2cc(N3CCNCC3)ccc12,Escherichia coli,μg/mL,CHEMBL15371,1,1.6,1.6,1.6,0.2041199826559248,B,high,1,1.0
CC1CN(c2cc3c(cc2F)c(=O)c(C(=O)O)cn3C(C)C)CCN1,O=c1cc[nH]c2cc(N3CCNCC3)ccc12,Escherichia coli,μg/mL,CHEMBL261939,1,0.8,0.8,0.8,-0.09691001300805639,B,high,1,1.0
CC1CN(c2cc3c(cc2F)c(=O)c(C(=O)O)cn3C(C)C)CCN1,O=c1cc[nH]c2cc(N3CCNCC3)ccc12,Pseudomonas aeruginosa,μg/mL,CHEMBL261939,1,3.1,3.1,3.1,0.4913616938342727,B,high,1,1.0
CC1CN(c2cc3c(cc2F)c(=O)c(C(=O)O)cn3C2CC2)CC(C)N1,O=c1ccn(C2CC2)c2cc(N3CCNCC3)ccc12,Escherichia coli,μg/mL,CHEMBL15322,1,0.05,0.05,0.05,-1.3010299956639813,B,high,1,1.0
CC1CN(c2cc3c(cc2F)c(=O)c(C(=O)O)cn3C2CC2)CC(C)N1,O=c1ccn(C2CC2)c2cc(N3CCNCC3)ccc12,Pseudomonas aeruginosa,μg/mL,CHEMBL15322,1,0.8,0.8,0.8,-0.09691001300805639,B,high,1,1.0
CC1CN(c2cc3c(cc2F)c(=O)c(C(=O)O)cn3C2CC2)CCN1,O=c1ccn(C2CC2)c2cc(N3CCNCC3)ccc12,Escherichia coli,μg/mL,CHEMBL15353,1,0.05,0.05,0.05,-1.3010299956639813,B,high,1,1.0
CC1CN(c2cc3c(cc2F)c(=O)c(C(=O)O)cn3C2CC2)CCN1,O=c1ccn(C2CC2)c2cc(N3CCNCC3)ccc12,Klebsiella pneumoniae,μg/mL,CHEMBL15353,1,0.05,0.05,0.05,-1.3010299956639813,B,high,1,1.0
CC1CN(c2cc3c(cc2F)c(=O)c(C(=O)O)cn3C2CC2)CCN1,O=c1ccn(C2CC2)c2cc(N3CCNCC3)ccc12,Pseudomonas aeruginosa,μg/mL,CHEMBL15353,2,0.30000000000000004,0.2,0.4,-0.5228787452803375,B,high,2,1.0
CC1CN(c2cc3c(cc2F)c(=O)c(C(=O)O)cn3C2CCC2)CC(C)N1,O=c1ccn(C2CCC2)c2cc(N3CCNCC3)ccc12,Escherichia coli,μg/mL,CHEMBL14866,1,0.4,0.4,0.4,-0.3979400086720376,B,high,1,1.0
CC1CN(c2cc3c(cc2F)c(=O)c(C(=O)O)cn3C2CCC2)CC(C)N1,O=c1ccn(C2CCC2)c2cc(N3CCNCC3)ccc12,Pseudomonas aeruginosa,μg/mL,CHEMBL14866,1,3.1,3.1,3.1,0.4913616938342727,B,high,1,1.0
CC1CN(c2cc3c(cc2F)c(=O)c(C(=O)O)cn3C2CCC2)CCN1,O=c1ccn(C2CCC2)c2cc(N3CCNCC3)ccc12,Escherichia coli,μg/mL,CHEMBL274980,1,0.4,0.4,0.4,-0.3979400086720376,B,high,1,1.0
CC1CN(c2cc3c(cc2F)c(=O)c(C(=O)O)cn3C2CCC2)CCN1,O=c1ccn(C2CCC2)c2cc(N3CCNCC3)ccc12,Pseudomonas aeruginosa,μg/mL,CHEMBL274980,1,1.6,1.6,1.6,0.2041199826559248,B,high,1,1.0
CC1CN(c2cc3c(cc2N)c(=O)c(C(=O)O)cn3C2CC2)CC(C)(C)N1,O=c1ccn(C2CC2)c2cc(N3CCNCC3)ccc12,Escherichia coli,μg/mL,CHEMBL424288,2,0.03,0.03,0.03,-1.5228787452803376,B,high,1,1.0
CC1CN(c2cc3c(cc2N)c(=O)c(C(=O)O)cn3C2CC2)CC(C)(C)N1,O=c1ccn(C2CC2)c2cc(N3CCNCC3)ccc12,Klebsiella pneumoniae,μg/mL,CHEMBL424288,1,0.03,0.03,0.03,-1.5228787452803376,B,high,1,1.0
CC1CN(c2cc3c(cc2N)c(=O)c(C(=O)O)cn3C2CC2)CC(C)(C)N1,O=c1ccn(C2CC2)c2cc(N3CCNCC3)ccc12,Pseudomonas aeruginosa,μg/mL,CHEMBL424288,1,2.0,2.0,2.0,0.3010299956639812,B,high,1,1.0
CC1CN(c2cc3c(cc2N)c(=O)c(C(=O)O)cn3C2CC2)CCC1O,O=c1ccn(C2CC2)c2cc(N3CCCCC3)ccc12,Escherichia coli,μg/mL,CHEMBL138183,2,0.03,0.03,0.03,-1.5228787452803376,B,high,1,1.0
CC1CN(c2cc3c(cc2N)c(=O)c(C(=O)O)cn3C2CC2)CCC1O,O=c1ccn(C2CC2)c2cc(N3CCCCC3)ccc12,Klebsiella pneumoniae,μg/mL,CHEMBL138183,1,0.03,0.03,0.03,-1.5228787452803376,B,high,1,1.0
CC1CN(c2cc3c(cc2N)c(=O)c(C(=O)O)cn3C2CC2)CCC1O,O=c1ccn(C2CC2)c2cc(N3CCCCC3)ccc12,Pseudomonas aeruginosa,μg/mL,CHEMBL138183,1,8.0,8.0,8.0,0.9030899869919435,B,high,1,1.0
CC1CN(c2cc3c(cc2N)c(=O)c(C(=O)O)cn3C2CC2)CCN1,O=c1ccn(C2CC2)c2cc(N3CCNCC3)ccc12,Escherichia coli,μg/mL,CHEMBL47891,4,0.03,0.03,0.03,-1.5228787452803376,B,high,2,1.0
CC1CN(c2cc3c(cc2N)c(=O)c(C(=O)O)cn3C2CC2)CCN1,O=c1ccn(C2CC2)c2cc(N3CCNCC3)ccc12,Klebsiella pneumoniae,μg/mL,CHEMBL47891,2,0.03,0.03,0.03,-1.5228787452803376,B,high,2,1.0
CC1CN(c2cc3c(cc2N)c(=O)c(C(=O)O)cn3C2CC2)CCN1,O=c1ccn(C2CC2)c2cc(N3CCNCC3)ccc12,Pseudomonas aeruginosa,μg/mL,CHEMBL47891,2,2.0,2.0,2.0,0.3010299956639812,B,high,2,1.0
CC1CN(c2cc3c(cc2N)c(=O)c(C(=O)O)cn3C2CC2)CCS1,O=c1ccn(C2CC2)c2cc(N3CCSCC3)ccc12,Escherichia coli,μg/mL,CHEMBL343748,2,0.03,0.03,0.03,-1.5228787452803376,B,high,1,1.0
CC1CN(c2cc3c(cc2N)c(=O)c(C(=O)O)cn3C2CC2)CCS1,O=c1ccn(C2CC2)c2cc(N3CCSCC3)ccc12,Klebsiella pneumoniae,μg/mL,CHEMBL343748,1,0.03,0.03,0.03,-1.5228787452803376,B,high,1,1.0
CC1CN(c2cc3c(cc2N)c(=O)c(C(=O)O)cn3C2CC2)CCS1,O=c1ccn(C2CC2)c2cc(N3CCSCC3)ccc12,Pseudomonas aeruginosa,μg/mL,CHEMBL343748,1,2.0,2.0,2.0,0.3010299956639812,B,high,1,1.0
CC1CN=C(c2ccc3cc(-c4ccc(-c5cc6ccc(C7=NCC(C)CN7)cc6[nH]5)cc4)[nH]c3c2)NC1.O=C(O)C(F)(F)F,c1cc2cc(-c3ccc(-c4cc5ccc(C6=NCCCN6)cc5[nH]4)cc3)[nH]c2cc1C1=NCCCN1,Acinetobacter baumannii,μg/mL,CHEMBL3094502,1,40.0,40.0,40.0,1.6020599913279623,B,high,1,1.0
CC1COc2c(N3CCC(CN(C)C)C3)c(F)cc3c(=O)c(C(=O)O)cn1c23,O=c1ccn2c3c(c(N4CCCC4)ccc13)OCC2,Klebsiella pneumoniae,μg/mL,CHEMBL305592,1,0.4,0.4,0.4,-0.3979400086720376,B,high,1,1.0
CC1COc2c(N3CCC(CN(C)C)C3)c(F)cc3c(=O)c(C(=O)O)cn1c23,O=c1ccn2c3c(c(N4CCCC4)ccc13)OCC2,Pseudomonas aeruginosa,μg/mL,CHEMBL305592,1,3.1,3.1,3.1,0.4913616938342727,B,high,1,1.0
CC1COc2c(N3CCC(CN(C)C)C3)c(F)cc3c(=O)c(C(=O)O)cn1c23.Cl,O=c1ccn2c3c(c(N4CCCC4)ccc13)OCC2,Klebsiella pneumoniae,μg/mL,CHEMBL534468,1,0.4,0.4,0.4,-0.3979400086720376,B,high,1,1.0
CC1COc2c(N3CCC(CN(C)C)C3)c(F)cc3c(=O)c(C(=O)O)cn1c23.Cl,O=c1ccn2c3c(c(N4CCCC4)ccc13)OCC2,Pseudomonas aeruginosa,μg/mL,CHEMBL534468,1,3.1,3.1,3.1,0.4913616938342727,B,high,1,1.0
CC1COc2c(N3CCC(CN)C3)c(F)cc3c(=O)c(C(=O)O)cn1c23,O=c1ccn2c3c(c(N4CCCC4)ccc13)OCC2,Klebsiella pneumoniae,μg/mL,CHEMBL177163,1,0.4,0.4,0.4,-0.3979400086720376,B,high,1,1.0
CC1COc2c(N3CCC(CN)C3)c(F)cc3c(=O)c(C(=O)O)cn1c23,O=c1ccn2c3c(c(N4CCCC4)ccc13)OCC2,Pseudomonas aeruginosa,μg/mL,CHEMBL177163,1,1.6,1.6,1.6,0.2041199826559248,B,high,1,1.0
CC1COc2c(N3CCC(N)C3)c(F)cc3c(=O)c(C(=O)O)cn1c23.Cl,O=c1ccn2c3c(c(N4CCCC4)ccc13)OCC2,Klebsiella pneumoniae,μg/mL,CHEMBL538822,1,0.4,0.4,0.4,-0.3979400086720376,B,high,1,1.0
CC1COc2c(N3CCC(N)C3)c(F)cc3c(=O)c(C(=O)O)cn1c23.Cl,O=c1ccn2c3c(c(N4CCCC4)ccc13)OCC2,Pseudomonas aeruginosa,μg/mL,CHEMBL538822,1,0.4,0.4,0.4,-0.3979400086720376,B,high,1,1.0
CC1COc2c(N3CCN(C)CC3)c(F)c(N)c3c(=O)c(C(=O)O)cn1c23,O=c1ccn2c3c(c(N4CCNCC4)ccc13)OCC2,Escherichia coli,μg/mL,CHEMBL146339,2,0.15000000000000002,0.1,0.2,-0.8239087409443187,B,high,1,1.0
CC1COc2c(N3CCN(C)CC3)c(F)c(N)c3c(=O)c(C(=O)O)cn1c23,O=c1ccn2c3c(c(N4CCNCC4)ccc13)OCC2,Klebsiella pneumoniae,μg/mL,CHEMBL146339,1,0.4,0.4,0.4,-0.3979400086720376,B,high,1,1.0
CC1COc2c(N3CCN(C)CC3)c(F)c(N)c3c(=O)c(C(=O)O)cn1c23,O=c1ccn2c3c(c(N4CCNCC4)ccc13)OCC2,Pseudomonas aeruginosa,μg/mL,CHEMBL146339,1,0.8,0.8,0.8,-0.09691001300805639,B,high,1,1.0
CC1COc2c(N3CCN(C)CC3)c(F)cc3c(=O)c(C(=O)O)cn1c23,O=c1ccn2c3c(c(N4CCNCC4)ccc13)OCC2,Acinetobacter baumannii,μg/mL,CHEMBL4,4,32.06,0.12,64.0,1.5059635180181261,B,high,2,1.0
CC1COc2c(N3CCN(C)CC3)c(F)cc3c(=O)c(C(=O)O)cn1c23,O=c1ccn2c3c(c(N4CCNCC4)ccc13)OCC2,Escherichia coli,μg/mL,CHEMBL4,4,0.1,0.1,0.1,-1.0,B,high,2,1.0
CC1COc2c(N3CCN(C)CC3)c(F)cc3c(=O)c(C(=O)O)cn1c23,O=c1ccn2c3c(c(N4CCNCC4)ccc13)OCC2,Klebsiella pneumoniae,μg/mL,CHEMBL4,7,0.1,0.025,0.1,-1.0,B,high,7,1.0
CC1COc2c(N3CCN(C)CC3)c(F)cc3c(=O)c(C(=O)O)cn1c23,O=c1ccn2c3c(c(N4CCNCC4)ccc13)OCC2,Pseudomonas aeruginosa,μg/mL,CHEMBL4,6,0.98,0.4,1.56,-0.00877392430750515,B,high,5,1.0
CC1COc2c(N3CCNCC3)c(F)cc3c(=O)c(C(=O)O)cn1c23,O=c1ccn2c3c(c(N4CCNCC4)ccc13)OCC2,Escherichia coli,μg/mL,CHEMBL966,2,0.15000000000000002,0.1,0.2,-0.8239087409443187,B,high,1,1.0
CC1COc2c(N3CCNCC3)c(F)cc3c(=O)c(C(=O)O)cn1c23,O=c1ccn2c3c(c(N4CCNCC4)ccc13)OCC2,Klebsiella pneumoniae,μg/mL,CHEMBL966,3,0.1,0.1,0.2,-1.0,B,high,3,1.0
CC1COc2c(N3CCNCC3)c(F)cc3c(=O)c(C(=O)O)cn1c23,O=c1ccn2c3c(c(N4CCNCC4)ccc13)OCC2,Pseudomonas aeruginosa,μg/mL,CHEMBL966,2,1.0,0.4,1.6,0.0,B,high,2,1.0
CC1COc2cc(CNC34CCC(C[C@]5(O)Cn6c(=O)ccc7ncc(F)c5c76)(CC3)OC4)ncc2O1,O=c1ccc2nccc3c2n1CC3CC12CCC(NCc3cc4c(cn3)OCCO4)(CC1)CO2,Acinetobacter baumannii,μg/mL,CHEMBL3425811,2,16.0,16.0,16.0,1.2041199826559248,B,high,1,1.0
CC1COc2cnc(CNC34CCC(C[C@]5(O)Cn6c(=O)ccc7ncc(F)c5c76)(CC3)OC4)cc2O1,O=c1ccc2nccc3c2n1CC3CC12CCC(NCc3cc4c(cn3)OCCO4)(CC1)CO2,Acinetobacter baumannii,μg/mL,CHEMBL3425812,2,32.0,32.0,32.0,1.505149978319906,B,high,1,1.0
CC1Cn2cc(C(=O)O)c(=O)c3cc(F)c(-n4ccnc4)c(c32)S1,O=c1ccn2c3c(c(-n4ccnc4)ccc13)SCC2,Escherichia coli,μg/mL,CHEMBL325459,1,0.12,0.12,0.12,-0.9208187539523752,B,high,1,1.0
CC1Cn2cc(C(=O)O)c(=O)c3cc(F)c(-n4ccnc4)c(c32)S1,O=c1ccn2c3c(c(-n4ccnc4)ccc13)SCC2,Klebsiella pneumoniae,μg/mL,CHEMBL325459,1,0.25,0.25,0.25,-0.6020599913279624,B,high,1,1.0
CC1Cn2cc(C(=O)O)c(=O)c3cc(F)c(-n4ccnc4)c(c32)S1,O=c1ccn2c3c(c(-n4ccnc4)ccc13)SCC2,Pseudomonas aeruginosa,μg/mL,CHEMBL325459,1,64.0,64.0,64.0,1.806179973983887,B,high,1,1.0
CC1Cn2cc(C(=O)O)c(=O)c3cc(F)c(Cl)c(c32)S1,O=c1ccn2c3c(cccc13)SCC2,Escherichia coli,μg/mL,CHEMBL116394,1,0.12,0.12,0.12,-0.9208187539523752,B,high,1,1.0
CC1Cn2cc(C(=O)O)c(=O)c3cc(F)c(Cl)c(c32)S1,O=c1ccn2c3c(cccc13)SCC2,Klebsiella pneumoniae,μg/mL,CHEMBL116394,1,8.0,8.0,8.0,0.9030899869919435,B,high,1,1.0
CC1Cn2cc(C(=O)O)c(=O)c3cc(F)c(Cl)c(c32)S1,O=c1ccn2c3c(cccc13)SCC2,Pseudomonas aeruginosa,μg/mL,CHEMBL116394,1,32.0,32.0,32.0,1.505149978319906,B,high,1,1.0
CC1Cn2cc(C(=O)O)c(=O)c3cc(F)c(N4CCCC4)c(c32)S1,O=c1ccn2c3c(c(N4CCCC4)ccc13)SCC2,Escherichia coli,μg/mL,CHEMBL323721,1,0.25,0.25,0.25,-0.6020599913279624,B,high,1,1.0
CC1Cn2cc(C(=O)O)c(=O)c3cc(F)c(N4CCCC4)c(c32)S1,O=c1ccn2c3c(c(N4CCCC4)ccc13)SCC2,Klebsiella pneumoniae,μg/mL,CHEMBL323721,1,2.0,2.0,2.0,0.3010299956639812,B,high,1,1.0
CC1Cn2cc(C(=O)O)c(=O)c3cc(F)c(N4CCCNCC4)c(c32)S1,O=c1ccn2c3c(c(N4CCCNCC4)ccc13)SCC2,Escherichia coli,μg/mL,CHEMBL119036,1,4.0,4.0,4.0,0.6020599913279624,B,high,1,1.0
CC1Cn2cc(C(=O)O)c(=O)c3cc(F)c(N4CCCNCC4)c(c32)S1,O=c1ccn2c3c(c(N4CCCNCC4)ccc13)SCC2,Klebsiella pneumoniae,μg/mL,CHEMBL119036,1,1.0,1.0,1.0,0.0,B,high,1,1.0
CC1Cn2cc(C(=O)O)c(=O)c3cc(F)c(N4CCN(C)CC4)c(c32)S1,O=c1ccn2c3c(c(N4CCNCC4)ccc13)SCC2,Escherichia coli,μg/mL,CHEMBL115859,1,0.25,0.25,0.25,-0.6020599913279624,B,high,1,1.0
CC1Cn2cc(C(=O)O)c(=O)c3cc(F)c(N4CCN(C)CC4)c(c32)S1,O=c1ccn2c3c(c(N4CCNCC4)ccc13)SCC2,Klebsiella pneumoniae,μg/mL,CHEMBL115859,1,0.25,0.25,0.25,-0.6020599913279624,B,high,1,1.0
CC1Cn2cc(C(=O)O)c(=O)c3cc(F)c(N4CCN(C)CC4)c(c32)S1,O=c1ccn2c3c(c(N4CCNCC4)ccc13)SCC2,Pseudomonas aeruginosa,μg/mL,CHEMBL115859,1,16.0,16.0,16.0,1.2041199826559248,B,high,1,1.0
CC1Cn2cc(C(=O)O)c(=O)c3cc(F)c(N4CCN(C=O)CC4)c(c32)S1,O=c1ccn2c3c(c(N4CCNCC4)ccc13)SCC2,Escherichia coli,μg/mL,CHEMBL332027,1,0.5,0.5,0.5,-0.3010299956639812,B,high,1,1.0
CC1Cn2cc(C(=O)O)c(=O)c3cc(F)c(N4CCN(C=O)CC4)c(c32)S1,O=c1ccn2c3c(c(N4CCNCC4)ccc13)SCC2,Klebsiella pneumoniae,μg/mL,CHEMBL332027,1,0.5,0.5,0.5,-0.3010299956639812,B,high,1,1.0
CC1Cn2cc(C(=O)O)c(=O)c3cc(F)c(N4CCN(C=O)CC4)c(c32)S1,O=c1ccn2c3c(c(N4CCNCC4)ccc13)SCC2,Pseudomonas aeruginosa,μg/mL,CHEMBL332027,1,32.0,32.0,32.0,1.505149978319906,B,high,1,1.0
CC1Cn2cc(C(=O)O)c(=O)c3cc(F)c(N4CCN(Cc5ccc(F)cc5F)CC4)c(c32)S1,O=c1ccn2c3c(c(N4CCN(Cc5ccccc5)CC4)ccc13)SCC2,Escherichia coli,μg/mL,CHEMBL115526,1,8.0,8.0,8.0,0.9030899869919435,B,high,1,1.0
CC1Cn2cc(C(=O)O)c(=O)c3cc(F)c(N4CCN(Cc5cccc(F)c5)CC4)c(c32)S1,O=c1ccn2c3c(c(N4CCN(Cc5ccccc5)CC4)ccc13)SCC2,Escherichia coli,μg/mL,CHEMBL117300,1,16.0,16.0,16.0,1.2041199826559248,B,high,1,1.0
CC1Cn2cc(C(=O)O)c(=O)c3cc(F)c(N4CCN(Cc5ccccc5C(F)(F)F)CC4)c(c32)S1,O=c1ccn2c3c(c(N4CCN(Cc5ccccc5)CC4)ccc13)SCC2,Escherichia coli,μg/mL,CHEMBL326567,1,8.0,8.0,8.0,0.9030899869919435,B,high,1,1.0
CC1Cn2cc(C(=O)O)c(=O)c3cc(F)c(N4CCN(Cc5ccccc5C(F)(F)F)CC4)c(c32)S1,O=c1ccn2c3c(c(N4CCN(Cc5ccccc5)CC4)ccc13)SCC2,Klebsiella pneumoniae,μg/mL,CHEMBL326567,1,8.0,8.0,8.0,0.9030899869919435,B,high,1,1.0
CC1Cn2cc(C(=O)O)c(=O)c3cc(F)c(N4CCN(S(=O)(=O)c5ccc(F)cc5)CC4)c(c32)S1,O=c1ccn2c3c(c(N4CCN(S(=O)(=O)c5ccccc5)CC4)ccc13)SCC2,Escherichia coli,μg/mL,CHEMBL117422,1,2.0,2.0,2.0,0.3010299956639812,B,high,1,1.0
CC1Cn2cc(C(=O)O)c(=O)c3cc(F)c(N4CCN(S(=O)(=O)c5ccc(F)cc5)CC4)c(c32)S1,O=c1ccn2c3c(c(N4CCN(S(=O)(=O)c5ccccc5)CC4)ccc13)SCC2,Klebsiella pneumoniae,μg/mL,CHEMBL117422,1,1.0,1.0,1.0,0.0,B,high,1,1.0
CC1Cn2cc(C(=O)O)c(=O)c3cc(F)c(N4CCN(c5ccc(F)cc5)CC4)c(c32)S1,O=c1ccn2c3c(c(N4CCN(c5ccccc5)CC4)ccc13)SCC2,Escherichia coli,μg/mL,CHEMBL118021,1,8.0,8.0,8.0,0.9030899869919435,B,high,1,1.0
CC1Cn2cc(C(=O)O)c(=O)c3cc(F)c(N4CCN(c5ccccn5)CC4)c(c32)S1,O=c1ccn2c3c(c(N4CCN(c5ccccn5)CC4)ccc13)SCC2,Escherichia coli,μg/mL,CHEMBL117770,1,1.0,1.0,1.0,0.0,B,high,1,1.0
CC1Cn2cc(C(=O)O)c(=O)c3cc(F)c(N4CCN(c5ccccn5)CC4)c(c32)S1,O=c1ccn2c3c(c(N4CCN(c5ccccn5)CC4)ccc13)SCC2,Klebsiella pneumoniae,μg/mL,CHEMBL117770,1,2.0,2.0,2.0,0.3010299956639812,B,high,1,1.0
CC1Cn2cc(C(=O)O)c(=O)c3cc(F)c(N4CCNCC4)c(c32)S1,O=c1ccn2c3c(c(N4CCNCC4)ccc13)SCC2,Escherichia coli,μg/mL,CHEMBL119165,1,0.25,0.25,0.25,-0.6020599913279624,B,high,1,1.0
CC1Cn2cc(C(=O)O)c(=O)c3cc(F)c(N4CCNCC4)c(c32)S1,O=c1ccn2c3c(c(N4CCNCC4)ccc13)SCC2,Klebsiella pneumoniae,μg/mL,CHEMBL119165,1,2.0,2.0,2.0,0.3010299956639812,B,high,1,1.0
CC1Cn2cc(C(=O)O)c(=O)c3cc(F)c(N4CCNCC4)c(c32)S1,O=c1ccn2c3c(c(N4CCNCC4)ccc13)SCC2,Pseudomonas aeruginosa,μg/mL,CHEMBL119165,1,64.0,64.0,64.0,1.806179973983887,B,high,1,1.0
CC1Sc2c(C(=O)O)c(=O)c3cc(Cl)c(N4CCN(C)CC4)cc3n21,O=c1cc2n(c3cc(N4CCNCC4)ccc13)CS2,Escherichia coli,μg/mL,CHEMBL143563,1,0.1,0.1,0.1,-1.0,B,high,1,1.0
CC1Sc2c(C(=O)O)c(=O)c3cc(Cl)c(N4CCN(C)CC4)cc3n21,O=c1cc2n(c3cc(N4CCNCC4)ccc13)CS2,Klebsiella pneumoniae,μg/mL,CHEMBL143563,1,0.025,0.025,0.025,-1.6020599913279623,B,high,1,1.0
CC1Sc2c(C(=O)O)c(=O)c3cc(Cl)c(N4CCN(C)CC4)cc3n21,O=c1cc2n(c3cc(N4CCNCC4)ccc13)CS2,Pseudomonas aeruginosa,μg/mL,CHEMBL143563,1,1.56,1.56,1.56,0.1931245983544616,B,high,1,1.0
CC1Sc2c(C(=O)O)c(=O)c3cc(Cl)c(N4CCNCC4)cc3n21,O=c1cc2n(c3cc(N4CCNCC4)ccc13)CS2,Escherichia coli,μg/mL,CHEMBL142374,1,0.05,0.05,0.05,-1.3010299956639813,B,high,1,1.0
CC1Sc2c(C(=O)O)c(=O)c3cc(Cl)c(N4CCNCC4)cc3n21,O=c1cc2n(c3cc(N4CCNCC4)ccc13)CS2,Klebsiella pneumoniae,μg/mL,CHEMBL142374,1,0.025,0.025,0.025,-1.6020599913279623,B,high,1,1.0
CC1Sc2c(C(=O)O)c(=O)c3cc(Cl)c(N4CCNCC4)cc3n21,O=c1cc2n(c3cc(N4CCNCC4)ccc13)CS2,Pseudomonas aeruginosa,μg/mL,CHEMBL142374,1,1.56,1.56,1.56,0.1931245983544616,B,high,1,1.0
CC1Sc2c(C(=O)O)c(=O)c3cc(F)c(-n4ccnc4)cc3n21,O=c1cc2n(c3cc(-n4ccnc4)ccc13)CS2,Escherichia coli,μg/mL,CHEMBL143154,1,0.2,0.2,0.2,-0.6989700043360187,B,high,1,1.0
CC1Sc2c(C(=O)O)c(=O)c3cc(F)c(-n4ccnc4)cc3n21,O=c1cc2n(c3cc(-n4ccnc4)ccc13)CS2,Klebsiella pneumoniae,μg/mL,CHEMBL143154,1,0.1,0.1,0.1,-1.0,B,high,1,1.0
CC1Sc2c(C(=O)O)c(=O)c3cc(F)c(-n4ccnc4)cc3n21,O=c1cc2n(c3cc(-n4ccnc4)ccc13)CS2,Pseudomonas aeruginosa,μg/mL,CHEMBL143154,1,3.13,3.13,3.13,0.49554433754644844,B,high,1,1.0
CC1Sc2c(C(=O)O)c(=O)c3cc(F)c(N4CCCC4)cc3n21,O=c1cc2n(c3cc(N4CCCC4)ccc13)CS2,Escherichia coli,μg/mL,CHEMBL357124,1,0.2,0.2,0.2,-0.6989700043360187,B,high,1,1.0
CC1Sc2c(C(=O)O)c(=O)c3cc(F)c(N4CCCC4)cc3n21,O=c1cc2n(c3cc(N4CCCC4)ccc13)CS2,Klebsiella pneumoniae,μg/mL,CHEMBL357124,1,0.1,0.1,0.1,-1.0,B,high,1,1.0
CC1Sc2c(C(=O)O)c(=O)c3cc(F)c(N4CCCC4)cc3n21,O=c1cc2n(c3cc(N4CCCC4)ccc13)CS2,Pseudomonas aeruginosa,μg/mL,CHEMBL357124,1,0.39,0.39,0.39,-0.4089353929735008,B,high,1,1.0
CC1Sc2c(C(=O)O)c(=O)c3cc(F)c(N4CCCNCC4)cc3n21,O=c1cc2n(c3cc(N4CCCNCC4)ccc13)CS2,Klebsiella pneumoniae,μg/mL,CHEMBL356456,1,0.2,0.2,0.2,-0.6989700043360187,B,high,1,1.0
CC1Sc2c(C(=O)O)c(=O)c3cc(F)c(N4CCCNCC4)cc3n21,O=c1cc2n(c3cc(N4CCCNCC4)ccc13)CS2,Pseudomonas aeruginosa,μg/mL,CHEMBL356456,1,3.13,3.13,3.13,0.49554433754644844,B,high,1,1.0
CC1Sc2c(C(=O)O)c(=O)c3cc(F)c(N4CCN(C)CC4)cc3n21,O=c1cc2n(c3cc(N4CCNCC4)ccc13)CS2,Klebsiella pneumoniae,μg/mL,CHEMBL143216,1,0.025,0.025,0.025,-1.6020599913279623,B,high,1,1.0
CC1Sc2c(C(=O)O)c(=O)c3cc(F)c(N4CCN(C)CC4)cc3n21,O=c1cc2n(c3cc(N4CCNCC4)ccc13)CS2,Pseudomonas aeruginosa,μg/mL,CHEMBL143216,1,0.39,0.39,0.39,-0.4089353929735008,B,high,1,1.0
CC1Sc2c(C(=O)O)c(=O)c3cc(F)c(N4CCN(CCO)CC4)cc3n21,O=c1cc2n(c3cc(N4CCNCC4)ccc13)CS2,Klebsiella pneumoniae,μg/mL,CHEMBL142351,1,0.1,0.1,0.1,-1.0,B,high,1,1.0
CC1Sc2c(C(=O)O)c(=O)c3cc(F)c(N4CCN(CCO)CC4)cc3n21,O=c1cc2n(c3cc(N4CCNCC4)ccc13)CS2,Pseudomonas aeruginosa,μg/mL,CHEMBL142351,1,1.56,1.56,1.56,0.1931245983544616,B,high,1,1.0
CC1Sc2c(C(=O)O)c(=O)c3cc(F)c(N4CCN(Cc5ccc(N)cc5)CC4)cc3n21,O=c1cc2n(c3cc(N4CCN(Cc5ccccc5)CC4)ccc13)CS2,Escherichia coli,μg/mL,CHEMBL144942,1,0.2,0.2,0.2,-0.6989700043360187,B,high,1,1.0
CC1Sc2c(C(=O)O)c(=O)c3cc(F)c(N4CCN(Cc5ccc(N)cc5)CC4)cc3n21,O=c1cc2n(c3cc(N4CCN(Cc5ccccc5)CC4)ccc13)CS2,Klebsiella pneumoniae,μg/mL,CHEMBL144942,1,0.2,0.2,0.2,-0.6989700043360187,B,high,1,1.0
CC1Sc2c(C(=O)O)c(=O)c3cc(F)c(N4CCN(Cc5ccc(N)cc5)CC4)cc3n21,O=c1cc2n(c3cc(N4CCN(Cc5ccccc5)CC4)ccc13)CS2,Pseudomonas aeruginosa,μg/mL,CHEMBL144942,1,3.13,3.13,3.13,0.49554433754644844,B,high,1,1.0
CC1Sc2c(C(=O)O)c(=O)c3cc(F)c(N4CCN(O)CC4)cc3n21,O=c1cc2n(c3cc(N4CCNCC4)ccc13)CS2,Klebsiella pneumoniae,μg/mL,CHEMBL143566,1,0.05,0.05,0.05,-1.3010299956639813,B,high,1,1.0
CC1Sc2c(C(=O)O)c(=O)c3cc(F)c(N4CCN(O)CC4)cc3n21,O=c1cc2n(c3cc(N4CCNCC4)ccc13)CS2,Pseudomonas aeruginosa,μg/mL,CHEMBL143566,1,0.78,0.78,0.78,-0.10790539730951958,B,high,1,1.0
CC1Sc2c(C(=O)O)c(=O)c3cc(F)c(N4CCNC(=O)C4)cc3n21,O=C1CN(c2ccc3c(=O)cc4n(c3c2)CS4)CCN1,Klebsiella pneumoniae,μg/mL,CHEMBL145436,1,0.2,0.2,0.2,-0.6989700043360187,B,high,1,1.0
CC1Sc2c(C(=O)O)c(=O)c3cc(F)c(N4CCNC(=O)C4)cc3n21,O=C1CN(c2ccc3c(=O)cc4n(c3c2)CS4)CCN1,Pseudomonas aeruginosa,μg/mL,CHEMBL145436,1,6.25,6.25,6.25,0.7958800173440752,B,high,1,1.0
CC1Sc2c(C(=O)O)c(=O)c3cc(F)c(N4CCNCC4)cc3n21,O=c1cc2n(c3cc(N4CCNCC4)ccc13)CS2,Klebsiella pneumoniae,μg/mL,CHEMBL345937,2,0.198,0.006,0.39,-0.7033348097384688,B,high,1,1.0
CC1Sc2c(C(=O)O)c(=O)c3cc(F)c(N4CCNCC4)cc3n21,O=c1cc2n(c3cc(N4CCNCC4)ccc13)CS2,Pseudomonas aeruginosa,μg/mL,CHEMBL345937,2,0.88,0.2,1.56,-0.05551732784983137,B,high,1,1.0
CC1Sc2c(C(=O)O)c(=O)c3cc(F)c(N4CCOCC4)cc3n21,O=c1cc2n(c3cc(N4CCOCC4)ccc13)CS2,Klebsiella pneumoniae,μg/mL,CHEMBL142730,1,0.1,0.1,0.1,-1.0,B,high,1,1.0
CC1Sc2c(C(=O)O)c(=O)c3cc(F)c(N4CCOCC4)cc3n21,O=c1cc2n(c3cc(N4CCOCC4)ccc13)CS2,Pseudomonas aeruginosa,μg/mL,CHEMBL142730,1,0.39,0.39,0.39,-0.4089353929735008,B,high,1,1.0
CC1Sc2c(C(=O)O)c(=O)c3cc(F)c(N4CCSCC4)cc3n21,O=c1cc2n(c3cc(N4CCSCC4)ccc13)CS2,Klebsiella pneumoniae,μg/mL,CHEMBL442295,1,0.2,0.2,0.2,-0.6989700043360187,B,high,1,1.0
CC1Sc2c(C(=O)O)c(=O)c3cc(F)c(N4CCSCC4)cc3n21,O=c1cc2n(c3cc(N4CCSCC4)ccc13)CS2,Pseudomonas aeruginosa,μg/mL,CHEMBL442295,1,0.39,0.39,0.39,-0.4089353929735008,B,high,1,1.0
CCBr,CCBr,Acinetobacter baumannii,μg/mL,CHEMBL156378,2,576.0,128.0,1024.0,2.760422483423212,B,high,1,1.0
CCC(=O)N1CCN(c2cc3c(cc2F)c(=O)c(C(=O)O)c2sc4ccccc4n23)CC1,O=c1cc2sc3ccccc3n2c2cc(N3CCNCC3)ccc12,Escherichia coli,μg/mL,CHEMBL290958,1,6.2,6.2,6.2,0.7923916894982539,B,high,1,1.0
CCC(=O)N1CCN(c2cc3c(cc2F)c(=O)c(C(=O)O)c2sc4ccccc4n23)CC1,O=c1cc2sc3ccccc3n2c2cc(N3CCNCC3)ccc12,Klebsiella pneumoniae,μg/mL,CHEMBL290958,1,1.56,1.56,1.56,0.1931245983544616,B,high,1,1.0
CCC(C)(C)n1cc(C(=O)O)c(=O)c2cc(F)c(N3CCNCC3)cc21,O=c1cc[nH]c2cc(N3CCNCC3)ccc12,Escherichia coli,μg/mL,CHEMBL150998,1,0.5,0.5,0.5,-0.3010299956639812,B,high,1,1.0
CCC(C)(C)n1cc(C(=O)O)c(=O)c2cc(F)c(N3CCNCC3)cc21,O=c1cc[nH]c2cc(N3CCNCC3)ccc12,Klebsiella pneumoniae,μg/mL,CHEMBL150998,1,1.0,1.0,1.0,0.0,B,high,1,1.0
CCC(C)(C)n1cc(C(=O)O)c(=O)c2cc(F)c(N3CCNCC3)cc21,O=c1cc[nH]c2cc(N3CCNCC3)ccc12,Pseudomonas aeruginosa,μg/mL,CHEMBL150998,1,4.0,4.0,4.0,0.6020599913279624,B,high,1,1.0
CCC(C)C(C(=O)O)N1Cc2ccccc2C1=O,O=C1NCc2ccccc21,Pseudomonas aeruginosa,μg/mL,CHEMBL44470,1,3600.0,3600.0,3600.0,3.5563025007672873,B,high,1,1.0
CCC(C)Nc1nc2cc[n+](CC3=C(C(=O)[O-])N4C(=O)[C@@H](NC(=O)/C(=N\OC)c5csc(N)n5)[C@H]4SC3)cc2s1,N=C(C(=O)N[C@@H]1C(=O)N2C=C(C[n+]3ccc4ncsc4c3)CS[C@H]12)c1cscn1,Klebsiella pneumoniae,μg/mL,CHEMBL63978,2,1.004,0.008,2.0,0.0017337128090005314,B,high,1,1.0
CCC(CC)c1cc[n+](CC2=C(C(=O)[O-])N3C(=O)[C@@H](NC(=O)/C(=N\OC)c4csc(N)n4)[C@H]3SC2)cc1,N=C(C(=O)N[C@@H]1C(=O)N2C=C(C[n+]3ccccc3)CS[C@H]12)c1cscn1,Klebsiella pneumoniae,μg/mL,CHEMBL70079,2,4.015,0.03,8.0,0.6036855496146997,B,high,1,1.0
CCC1CN(c2c(F)cc3c(=O)c(C(=O)O)c4scc5n4c3c2N(C)C5)CCO1,O=c1cc2scc3n2c2c(c(N4CCOCC4)ccc12)NC3,Escherichia coli,μg/mL,CHEMBL94791,2,0.39,0.39,0.39,-0.4089353929735008,B,high,1,1.0
CCC1CN(c2c(F)cc3c(=O)c(C(=O)O)c4scc5n4c3c2N(C)C5)CCO1,O=c1cc2scc3n2c2c(c(N4CCOCC4)ccc12)NC3,Klebsiella pneumoniae,μg/mL,CHEMBL94791,1,0.39,0.39,0.39,-0.4089353929735008,B,high,1,1.0
CCC1CN(c2c(F)cc3c(=O)c(C(=O)O)c4scc5n4c3c2N(C)C5)CCO1,O=c1cc2scc3n2c2c(c(N4CCOCC4)ccc12)NC3,Pseudomonas aeruginosa,μg/mL,CHEMBL94791,2,2.3449999999999998,1.56,3.13,0.370142847051102,B,high,1,1.0
CCC1CN(c2cc3c(cc2F)c(=O)c(C(=O)O)cn3-c2ccc(F)cc2F)CCN1,O=c1ccn(-c2ccccc2)c2cc(N3CCNCC3)ccc12,Escherichia coli,μg/mL,CHEMBL15431,1,0.4,0.4,0.4,-0.3979400086720376,B,high,1,1.0
CCC1CN(c2cc3c(cc2F)c(=O)c(C(=O)O)cn3-c2ccc(F)cc2F)CCN1,O=c1ccn(-c2ccccc2)c2cc(N3CCNCC3)ccc12,Pseudomonas aeruginosa,μg/mL,CHEMBL15431,1,3.1,3.1,3.1,0.4913616938342727,B,high,1,1.0
CCC1CN(c2cc3c(cc2F)c(=O)c(C(=O)O)cn3C2CC2)CCN1,O=c1ccn(C2CC2)c2cc(N3CCNCC3)ccc12,Escherichia coli,μg/mL,CHEMBL15531,1,0.1,0.1,0.1,-1.0,B,high,1,1.0
CCC1CN(c2cc3c(cc2F)c(=O)c(C(=O)O)cn3C2CC2)CCN1,O=c1ccn(C2CC2)c2cc(N3CCNCC3)ccc12,Pseudomonas aeruginosa,μg/mL,CHEMBL15531,1,0.8,0.8,0.8,-0.09691001300805639,B,high,1,1.0
CCCC(=O)N[C@@H](C(=O)N[C@H](CCN)C(=O)NCC(=O)N[C@H](CO)C(=O)N[C@H](Cc1c[nH]c2ccccc12)C(=O)N[C@@H](CO)C(=O)N[C@@H](CCN)C(=O)N[C@H](CCN)C(=O)N[C@@H](Cc1ccccc1)C(=O)N[C@@H](CCC(=O)O)C(=O)N[C@H](C(=O)N[C@@H](C(=O)N[C@@H](C)C(=O)O)[C@@H](C)CC)C(C)C)C(C)C,O=C(CCc1c[nH]c2ccccc12)NCC(=O)NCC(=O)NCC(=O)NCCc1ccccc1,Acinetobacter baumannii,μg/mL,CHEMBL3115753,1,100.0,100.0,100.0,2.0,B,high,1,1.0
CCCC(=O)OC1C(C)OC(OC2C(C)OC(O[C@H]3[C@@H](CC=O)C[C@@H](C)[C@@H](O)/C=C/C=C/C[C@@H](C)OC(=O)C[C@@H](O)[C@@H]3OC)C(O)C2N(C)C)CC1(C)O,O=C1CCC[C@@H](OC2CCC(OC3CCCCO3)CO2)CCCC/C=C/C=C/CCO1,Klebsiella pneumoniae,μg/mL,CHEMBL317991,1,25.0,25.0,25.0,1.3979400086720377,B,high,1,1.0
CCCC(CC(=O)NO)S(=O)(=O)c1ccccc1,c1ccccc1,Escherichia coli,μg/mL,CHEMBL76930,1,64.0,64.0,64.0,1.806179973983887,B,high,1,1.0
CCCC1CC(C(=O)NC(C)(CO)C(O)c2ccc([N+](=O)[O-])cc2)N(C)C1,O=C(NCCc1ccccc1)C1CCCN1,Klebsiella pneumoniae,μg/mL,CHEMBL22066,1,800.0,800.0,800.0,2.9030899869919438,B,high,1,1.0
CCCCC(CC(=O)NO)S(=O)(=O)C1CCCCC1,C1CCCCC1,Escherichia coli,μg/mL,CHEMBL77258,1,8.0,8.0,8.0,0.9030899869919435,B,high,1,1.0
CCCCC(CC(=O)NO)S(=O)(=O)Cc1ccccc1,c1ccccc1,Escherichia coli,μg/mL,CHEMBL78328,1,128.0,128.0,128.0,2.1072099696478683,B,high,1,1.0
CCCCC(CC(=O)NO)S(=O)(=O)c1ccc(Br)cc1,c1ccccc1,Escherichia coli,μg/mL,CHEMBL76782,1,16.0,16.0,16.0,1.2041199826559248,B,high,1,1.0
CCCCC(CC(=O)NO)S(=O)(=O)c1ccc(NC(C)=O)cc1,c1ccccc1,Escherichia coli,μg/mL,CHEMBL78128,1,16.0,16.0,16.0,1.2041199826559248,B,high,1,1.0
CCCCC(CC(=O)NO)S(=O)(=O)c1ccc(OC)cc1,c1ccccc1,Escherichia coli,μg/mL,CHEMBL43447,1,16.0,16.0,16.0,1.2041199826559248,B,high,1,1.0
CCCCC(CC(=O)NO)S(=O)(=O)c1ccc2ccccc2c1,c1ccc2ccccc2c1,Escherichia coli,μg/mL,CHEMBL78001,1,8.0,8.0,8.0,0.9030899869919435,B,high,1,1.0
CCCCC(CC(=O)NO)S(=O)(=O)c1cccc(OC)c1,c1ccccc1,Escherichia coli,μg/mL,CHEMBL306613,1,16.0,16.0,16.0,1.2041199826559248,B,high,1,1.0
CCCCC(CC(=O)NO)S(=O)(=O)c1ccccc1,c1ccccc1,Escherichia coli,μg/mL,CHEMBL263501,2,68.0,8.0,128.0,1.8325089127062364,B,high,1,1.0
CCCCC(CC(=O)NO)[S+]([O-])c1ccc(Br)cc1,c1ccccc1,Escherichia coli,μg/mL,CHEMBL306481,1,1.0,1.0,1.0,0.0,B,high,1,1.0
CCCCC(CC(=O)NO)[S+]([O-])c1ccc(OC)cc1,c1ccccc1,Escherichia coli,μg/mL,CHEMBL77579,1,2.0,2.0,2.0,0.3010299956639812,B,high,1,1.0
CCCCC(CC(=O)NO)[S+]([O-])c1ccc2ccccc2c1,c1ccc2ccccc2c1,Escherichia coli,μg/mL,CHEMBL77577,1,2.0,2.0,2.0,0.3010299956639812,B,high,1,1.0
CCCCC(CC(=O)NO)[S+]([O-])c1cccc(OC)c1,c1ccccc1,Escherichia coli,μg/mL,CHEMBL77578,1,4.0,4.0,4.0,0.6020599913279624,B,high,1,1.0
CCCCC(CC(=O)NO)[S+]([O-])c1ccccc1,c1ccccc1,Escherichia coli,μg/mL,CHEMBL75433,2,16.5,1.0,32.0,1.2174839442139063,B,high,1,1.0
CCCCC/C=C\C/C=C\CCCCCCCC(=O)N[C@@H](CCCN)C(=O)N[C@@H](CCCN)C(=O)N[C@@H](Cc1c[nH]c2ccccc12)C(=O)N[C@@H](Cc1c[nH]c2ccccc12)C(N)=O,O=C(CCc1c[nH]c2ccccc12)NCCc1c[nH]c2ccccc12,Acinetobacter baumannii,μg/mL,CHEMBL3221232,1,2.0,2.0,2.0,0.3010299956639812,B,high,1,1.0
CCCCCC(=O)N[C@@H](C(=O)N[C@H](CCN)C(=O)NCC(=O)N[C@H](CO)C(=O)N[C@H](Cc1c[nH]c2ccccc12)C(=O)N[C@@H](CO)C(=O)N[C@@H](CCN)C(=O)N[C@H](CCN)C(=O)N[C@@H](Cc1ccccc1)C(=O)N[C@@H](CCC(=O)O)C(=O)N[C@H](C(=O)N[C@@H](C(=O)N[C@@H](C)C(=O)O)[C@@H](C)CC)C(C)C)C(C)C,O=C(CCc1c[nH]c2ccccc12)NCC(=O)NCC(=O)NCC(=O)NCCc1ccccc1,Acinetobacter baumannii,μg/mL,CHEMBL3115754,1,25.0,25.0,25.0,1.3979400086720377,B,high,1,1.0
CCCCCC(CC(=O)NO)S(=O)(=O)c1ccccc1,c1ccccc1,Escherichia coli,μg/mL,CHEMBL74893,1,2.0,2.0,2.0,0.3010299956639812,B,high,1,1.0
CCCCCCC(=O)N[C@@H](C(=O)N[C@H](CCN)C(=O)NCC(=O)N[C@H](CO)C(=O)N[C@H](Cc1c[nH]c2ccccc12)C(=O)N[C@@H](CO)C(=O)N[C@@H](CCN)C(=O)N[C@H](CCN)C(=O)N[C@@H](Cc1ccccc1)C(=O)N[C@@H](CCC(=O)O)C(=O)N[C@H](C(=O)N[C@@H](C(=O)N[C@@H](C)C(=O)O)[C@@H](C)CC)C(C)C)C(C)C,O=C(CCc1c[nH]c2ccccc12)NCC(=O)NCC(=O)NCC(=O)NCCc1ccccc1,Acinetobacter baumannii,μg/mL,CHEMBL3115755,1,12.5,12.5,12.5,1.0969100130080565,B,high,1,1.0
CCCCCCCC(=O)N[C@@H](C(=O)N[C@H](CCN)C(=O)NCC(=O)N[C@H](CO)C(=O)N[C@H](Cc1c[nH]c2ccccc12)C(=O)N[C@@H](CO)C(=O)N[C@@H](CCN)C(=O)N[C@H](CCN)C(=O)N[C@@H](Cc1ccccc1)C(=O)N[C@@H](CCC(=O)O)C(=O)N[C@H](C(=O)N[C@@H](C(=O)N[C@@H](C)C(=O)O)[C@@H](C)CC)C(C)C)C(C)C,O=C(CCc1c[nH]c2ccccc12)NCC(=O)NCC(=O)NCC(=O)NCCc1ccccc1,Acinetobacter baumannii,μg/mL,CHEMBL3115756,1,12.5,12.5,12.5,1.0969100130080565,B,high,1,1.0
CCCCCCCC(=O)N[C@H](C(=O)N[C@H](CO)C(=O)N[C@H]1CCNC(=O)[C@H]([C@@H](C)O)NC(=O)[C@H](CCN)NC(=O)[C@H](CCN)NC(=O)[C@H](CC(C)C)NC(=O)[C@H](Cc2ccccc2)NC(=O)[C@H](CCN)NC1=O)[C@@H](C)O,O=C1CCCNC(=O)CNC(=O)CNC(=O)CNC(=O)CNC(=O)[C@H](Cc2ccccc2)NC(=O)CN1,Acinetobacter baumannii,μg/mL,CHEMBL1673107,2,6.0,4.0,8.0,0.7781512503836436,B,high,1,1.0
CCCCCCCC/C=C/CCCCCCCCCCCC[C@@H](O)C(=O)N[C@@H](CO[C@@H]1OC(CO)[C@@H](O)C(O)C1O)[C@H](O)[C@H](O)CCC/C=C/CCCCCCCCC,C1CCOCC1,Escherichia coli,μg/mL,CHEMBL434804,1,160.0,160.0,160.0,2.2041199826559246,B,high,1,1.0
CCCCCCCCC(=O)N[C@@H](C(=O)N[C@H](CCN)C(=O)NCC(=O)N[C@H](CO)C(=O)N[C@H](Cc1c[nH]c2ccccc12)C(=O)N[C@@H](CO)C(=O)N[C@@H](CCN)C(=O)N[C@H](CCN)C(=O)N[C@@H](Cc1ccccc1)C(=O)N[C@@H](CCC(=O)O)C(=O)N[C@H](C(=O)N[C@@H](C(=O)N[C@@H](C)C(=O)O)[C@@H](C)CC)C(C)C)C(C)C,O=C(CCc1c[nH]c2ccccc12)NCC(=O)NCC(=O)NCC(=O)NCCc1ccccc1,Acinetobacter baumannii,μg/mL,CHEMBL3115757,1,50.0,50.0,50.0,1.6989700043360187,B,high,1,1.0
CCCCCCCCCC(=O)N[C@@H](C(=O)N[C@H](CCN)C(=O)NCC(=O)N[C@H](CO)C(=O)N[C@H](Cc1c[nH]c2ccccc12)C(=O)N[C@@H](CO)C(=O)N[C@@H](CCN)C(=O)N[C@H](CCN)C(=O)N[C@@H](Cc1ccccc1)C(=O)N[C@@H](CCC(=O)O)C(=O)N[C@H](C(=O)N[C@@H](C(=O)N[C@@H](C)C(=O)O)[C@@H](C)CC)C(C)C)C(C)C,O=C(CCc1c[nH]c2ccccc12)NCC(=O)NCC(=O)NCC(=O)NCCc1ccccc1,Acinetobacter baumannii,μg/mL,CHEMBL3115758,1,12.5,12.5,12.5,1.0969100130080565,B,high,1,1.0
CCCCCCCCCC(=O)N[C@H](C(=O)N[C@H](CO)C(=O)N[C@H]1CCNC(=O)[C@H]([C@@H](C)O)NC(=O)[C@H](CCN)NC(=O)[C@H](CCN)NC(=O)[C@H](CC(C)C)NC(=O)[C@H](Cc2ccccc2)NC(=O)[C@H](CCN)NC1=O)[C@@H](C)O,O=C1CCCNC(=O)CNC(=O)CNC(=O)CNC(=O)CNC(=O)[C@H](Cc2ccccc2)NC(=O)CN1,Acinetobacter baumannii,μg/mL,CHEMBL1673108,2,3.0,2.0,4.0,0.47712125471966244,B,high,1,1.0
CCCCCCCCCCC(=O)N[C@@H](C(=O)N[C@H](CCN)C(=O)NCC(=O)N[C@H](CO)C(=O)N[C@H](Cc1c[nH]c2ccccc12)C(=O)N[C@@H](CO)C(=O)N[C@@H](CCN)C(=O)N[C@H](CCN)C(=O)N[C@@H](Cc1ccccc1)C(=O)N[C@@H](CCC(=O)O)C(=O)N[C@H](C(=O)N[C@@H](C(=O)N[C@@H](C)C(=O)O)[C@@H](C)CC)C(C)C)C(C)C,O=C(CCc1c[nH]c2ccccc12)NCC(=O)NCC(=O)NCC(=O)NCCc1ccccc1,Acinetobacter baumannii,μg/mL,CHEMBL3115759,1,12.5,12.5,12.5,1.0969100130080565,B,high,1,1.0
CCCCCCCCCCCC(=O)N[C@@H](C(=O)N[C@H](CCN)C(=O)NCC(=O)N[C@H](CO)C(=O)N[C@H](Cc1c[nH]c2ccccc12)C(=O)N[C@@H](CO)C(=O)N[C@@H](CCN)C(=O)N[C@H](CCN)C(=O)N[C@@H](Cc1ccccc1)C(=O)N[C@@H](CCC(=O)O)C(=O)N[C@H](C(=O)N[C@@H](C(=O)N[C@@H](C)C(=O)O)[C@@H](C)CC)C(C)C)C(C)C,O=C(CCc1c[nH]c2ccccc12)NCC(=O)NCC(=O)NCC(=O)NCCc1ccccc1,Acinetobacter baumannii,μg/mL,CHEMBL3115930,1,50.0,50.0,50.0,1.6989700043360187,B,high,1,1.0
CCCCCCCCCCCCCC(=O)NC(CCCN)C(=O)NC(CCCN)C(=O)NC(CCCN)C(=O)NC(CCCN)C(=O)NC(CCCN)C(N)=O,CCCCCCCCCCCCCC(=O)NC(CCCN)C(=O)NC(CCCN)C(=O)NC(CCCN)C(=O)NC(CCCN)C(=O)NC(CCCN)C(N)=O,Acinetobacter baumannii,μg/mL,CHEMBL3355089,2,7.375,6.5,8.25,0.8677620246502006,B,high,1,1.0
CCCCCCCCCCCCCC(=O)NC(CCCN)C(=O)NC(CCCN)C(=O)NC(CCCN)C(=O)NC(CCCN)C(N)=O,CCCCCCCCCCCCCC(=O)NC(CCCN)C(=O)NC(CCCN)C(=O)NC(CCCN)C(=O)NC(CCCN)C(N)=O,Acinetobacter baumannii,μg/mL,CHEMBL3355086,2,5.25,5.0,5.5,0.7201593034059569,B,high,1,1.0
CCCCCCCCCCCCCC(=O)NC(CCCN)C(=O)NC(CCCN)C(=O)NC(CCCN)C(N)=O,CCCCCCCCCCCCCC(=O)NC(CCCN)C(=O)NC(CCCN)C(=O)NC(CCCN)C(N)=O,Acinetobacter baumannii,μg/mL,CHEMBL3355083,2,2.875,2.5,3.25,0.4586378490256493,B,high,1,1.0
CCCCCCCCCCCCCCCC(=O)NC(CCCN)C(=O)NC(CCCN)C(=O)NC(CCCN)C(=O)NC(CCCN)C(=O)NC(CCCN)C(N)=O,CCCCCCCCCCCCCCCC(=O)NC(CCCN)C(=O)NC(CCCN)C(=O)NC(CCCN)C(=O)NC(CCCN)C(=O)NC(CCCN)C(N)=O,Acinetobacter baumannii,μg/mL,CHEMBL3355090,2,11.0,9.5,12.5,1.0413926851582251,B,high,1,1.0
CCCCCCCCCCCCCCCC(=O)NC(CCCN)C(=O)NC(CCCN)C(=O)NC(CCCN)C(=O)NC(CCCN)C(N)=O,CCCCCCCCCCCCCCCC(=O)NC(CCCN)C(=O)NC(CCCN)C(=O)NC(CCCN)C(=O)NC(CCCN)C(N)=O,Acinetobacter baumannii,μg/mL,CHEMBL3355087,2,8.25,6.5,10.0,0.9164539485499251,B,high,1,1.0
CCCCCCCCCCCCCCCC(=O)NC(CCCN)C(=O)NC(CCCN)C(=O)NC(CCCN)C(N)=O,CCCCCCCCCCCCCCCC(=O)NC(CCCN)C(=O)NC(CCCN)C(=O)NC(CCCN)C(N)=O,Acinetobacter baumannii,μg/mL,CHEMBL3355084,2,4.75,4.0,5.5,0.6766936096248666,B,high,1,1.0
CCCCCCCCCCCCCCCC(=O)N[C@@H](CCCCN)C(=O)NCC(=O)NCC(=O)N[C@@H](CCCCN)C(=O)O,CCCCCCCCCCCCCCCC(=O)N[C@@H](CCCCN)C(=O)NCC(=O)NCC(=O)N[C@@H](CCCCN)C(=O)O,Acinetobacter baumannii,μg/mL,CHEMBL1652131,1,128.0,128.0,128.0,2.1072099696478683,B,high,1,1.0
CCCCCCCCCCCCCCCC(=O)N[C@@H](CCCCN)C(=O)NCC(=O)NCC(=O)N[C@H](CCCCN)C(=O)O,CCCCCCCCCCCCCCCC(=O)N[C@@H](CCCCN)C(=O)NCC(=O)NCC(=O)N[C@H](CCCCN)C(=O)O,Acinetobacter baumannii,μg/mL,CHEMBL1652135,1,64.0,64.0,64.0,1.806179973983887,B,high,1,1.0
CCCCCCCCCCCCCCCC(=O)N[C@@H](CCCCN)C(=O)N[C@@H](C)C(=O)N[C@@H](C)C(=O)N[C@@H](CCCCN)C(=O)O,CCCCCCCCCCCCCCCC(=O)N[C@@H](CCCCN)C(=O)N[C@@H](C)C(=O)N[C@@H](C)C(=O)N[C@@H](CCCCN)C(=O)O,Acinetobacter baumannii,μg/mL,CHEMBL1652133,1,128.0,128.0,128.0,2.1072099696478683,B,high,1,1.0
CCCCCCCCCCCCCCCC(=O)N[C@@H](CCCCN)C(=O)N[C@@H](C)C(=O)N[C@H](C)C(=O)N[C@@H](CCCCN)C(=O)O,CCCCCCCCCCCCCCCC(=O)N[C@@H](CCCCN)C(=O)N[C@@H](C)C(=O)N[C@H](C)C(=O)N[C@@H](CCCCN)C(=O)O,Acinetobacter baumannii,μg/mL,CHEMBL1652137,1,128.0,128.0,128.0,2.1072099696478683,B,high,1,1.0
CCCCCCCCCCCCCCCC(=O)N[C@@H](CCCCN)C(=O)N[C@@H](CCCCN)C(=O)N[C@@H](CCCCN)C(=O)N[C@@H](CCCCN)C(=O)O,CCCCCCCCCCCCCCCC(=O)N[C@@H](CCCCN)C(=O)N[C@@H](CCCCN)C(=O)N[C@@H](CCCCN)C(=O)N[C@@H](CCCCN)C(=O)O,Acinetobacter baumannii,μg/mL,CHEMBL1652132,1,256.0,256.0,256.0,2.4082399653118496,B,high,1,1.0
CCCCCCCCCCCCCCCC(=O)N[C@@H](CCCCN)C(=O)N[C@@H](CCCCN)C(=O)N[C@H](CCCCN)C(=O)N[C@@H](CCCCN)C(=O)O,CCCCCCCCCCCCCCCC(=O)N[C@@H](CCCCN)C(=O)N[C@@H](CCCCN)C(=O)N[C@H](CCCCN)C(=O)N[C@@H](CCCCN)C(=O)O,Acinetobacter baumannii,μg/mL,CHEMBL1652136,1,256.0,256.0,256.0,2.4082399653118496,B,high,1,1.0
CCCCCCCCCCCCCCCC(=O)N[C@H](CCCN)CC(=O)NCC(=O)NCC(=O)N[C@H](CCCN)CC(=O)O,CCCCCCCCCCCCCCCC(=O)N[C@H](CCCN)CC(=O)NCC(=O)NCC(=O)N[C@H](CCCN)CC(=O)O,Acinetobacter baumannii,μg/mL,CHEMBL1652139,1,128.0,128.0,128.0,2.1072099696478683,B,high,1,1.0
CCCCCCCCCCCCCCCC(=O)N[C@H](CCCN)CC(=O)NCCC(=O)NCCC(=O)N[C@H](CCCN)CC(=O)O,CCCCCCCCCCCCCCCC(=O)N[C@H](CCCN)CC(=O)NCCC(=O)NCCC(=O)N[C@H](CCCN)CC(=O)O,Acinetobacter baumannii,μg/mL,CHEMBL1652141,1,256.0,256.0,256.0,2.4082399653118496,B,high,1,1.0
CCCCCCCCCCCCCCCC(=O)N[C@H](CCCN)CC(=O)N[C@H](CCCN)CC(=O)N[C@H](CCCN)CC(=O)N[C@H](CCCN)CC(=O)O,CCCCCCCCCCCCCCCC(=O)N[C@H](CCCN)CC(=O)N[C@H](CCCN)CC(=O)N[C@H](CCCN)CC(=O)N[C@H](CCCN)CC(=O)O,Acinetobacter baumannii,μg/mL,CHEMBL1652140,1,256.0,256.0,256.0,2.4082399653118496,B,high,1,1.0
CCCCCCCCCCCCCCCCCC(=O)NC(CCCN)C(=O)NC(CCCN)C(=O)NC(CCCN)C(=O)NC(CCCN)C(=O)NC(CCCN)C(N)=O,CCCCCCCCCCCCCCCCCC(=O)NC(CCCN)C(=O)NC(CCCN)C(=O)NC(CCCN)C(=O)NC(CCCN)C(=O)NC(CCCN)C(N)=O,Acinetobacter baumannii,μg/mL,CHEMBL3355091,2,8.75,7.5,10.0,0.9420080530223133,B,high,1,1.0
CCCCCCCCCCCCCCCCCC(=O)NC(CCCN)C(=O)NC(CCCN)C(=O)NC(CCCN)C(=O)NC(CCCN)C(N)=O,CCCCCCCCCCCCCCCCCC(=O)NC(CCCN)C(=O)NC(CCCN)C(=O)NC(CCCN)C(=O)NC(CCCN)C(N)=O,Acinetobacter baumannii,μg/mL,CHEMBL3355088,2,11.25,10.0,12.5,1.0511525224473812,B,high,1,1.0
CCCCCCCCCCCCCCCCCC(=O)NC(CCCN)C(=O)NC(CCCN)C(=O)NC(CCCN)C(N)=O,CCCCCCCCCCCCCCCCCC(=O)NC(CCCN)C(=O)NC(CCCN)C(=O)NC(CCCN)C(N)=O,Acinetobacter baumannii,μg/mL,CHEMBL3355085,2,5.5,4.5,6.5,0.7403626894942439,B,high,1,1.0
CCCCCCCCCCCCOP(=O)(O)OC1OC(C(N)=O)C(O)C(NC(=O)Nc2ccc(Cl)c(C(F)(F)F)c2)C1OC1OC(CO)C(O)C(O)C1NC(=O)c1cccc(C(F)(F)F)c1,O=C(Nc1ccccc1)NC1CCOCC1OC1OCCCC1NC(=O)c1ccccc1,Escherichia coli,μg/mL,CHEMBL320357,1,12.5,12.5,12.5,1.0969100130080565,B,high,1,1.0
CCCCCCCCCCCCOP(=O)(O)OC1OC(C(N)=O)C(OC)C(NC(=O)Nc2ccc(Cl)c(C(F)(F)F)c2)C1OC1OC(CO)C(O)C(O)C1NC(=O)c1cccc(C(F)(F)F)c1,O=C(Nc1ccccc1)NC1CCOCC1OC1OCCCC1NC(=O)c1ccccc1,Escherichia coli,μg/mL,CHEMBL108831,1,12.5,12.5,12.5,1.0969100130080565,B,high,1,1.0
CCCCCCCCCCCCOS(=O)(=O)[O-].[Na+],CCCCCCCCCCCCOS(=O)(=O)[O-].[Na+],Acinetobacter baumannii,μg/mL,CHEMBL23393,2,72.0,16.0,128.0,1.8573324964312685,B,high,1,1.0
CCCCCCCCCCCCO[C@H](COP(=O)(O)OC1OC(C(N)=O)C(O)C(NC(=O)Nc2ccc(Cl)c(C(F)(F)F)c2)C1OC1OC(CO)C(O)C(O)C1NC(=O)c1cccc(C(F)(F)F)c1)C(=O)O,O=C(Nc1ccccc1)NC1CCOCC1OC1OCCCC1NC(=O)c1ccccc1,Escherichia coli,μg/mL,CHEMBL279571,1,12.5,12.5,12.5,1.0969100130080565,B,high,1,1.0
CCCCCCCCCCCCO[C@H](COP(=O)(O)OC1OC(C(N)=O)C(OC)C(NC(=O)Nc2ccc(Cl)c(C(F)(F)F)c2)C1OC1OC(CO)C(O)C(O)C1NC(=O)c1ccccc1)C(=O)O,O=C(Nc1ccccc1)NC1CCOCC1OC1OCCCC1NC(=O)c1ccccc1,Escherichia coli,μg/mL,CHEMBL323461,1,25.0,25.0,25.0,1.3979400086720377,B,high,1,1.0
CCCCCCCCCCCCn1c(CCCCCC)cnc1N.Cl,c1c[nH]cn1,Acinetobacter baumannii,μg/mL,CHEMBL1807748,1,64.0,64.0,64.0,1.806179973983887,B,high,1,1.0
CCCCCCCCCCn1c(CCCCCC)cnc1N.Cl,c1c[nH]cn1,Acinetobacter baumannii,μg/mL,CHEMBL1807747,2,8.0,8.0,8.0,0.9030899869919435,B,high,1,1.0
CCCCCCCCn1c(-c2ccccc2)cnc1N.Cl,c1ccc(-c2cnc[nH]2)cc1,Acinetobacter baumannii,μg/mL,CHEMBL1807734,2,40.0,16.0,64.0,1.6020599913279623,B,high,1,1.0
CCCCCCCCn1c(CC(C)C)cnc1N.Cl,c1c[nH]cn1,Acinetobacter baumannii,μg/mL,CHEMBL1807738,2,16.0,16.0,16.0,1.2041199826559248,B,high,1,1.0
CCCCCCCCn1c(CCCCCC)cnc1N.Cl,c1c[nH]cn1,Acinetobacter baumannii,μg/mL,CHEMBL1807742,2,8.0,8.0,8.0,0.9030899869919435,B,high,1,1.0
CCCCCCCCn1c(CCCCNC(=O)OCc2ccccc2)cnc1N.Cl,O=C(NCCCCc1cnc[nH]1)OCc1ccccc1,Acinetobacter baumannii,μg/mL,CHEMBL1807746,2,64.0,64.0,64.0,1.806179973983887,B,high,1,1.0
CCCCCCCCn1c(Cc2ccccc2)cnc1N.Cl,c1ccc(Cc2cnc[nH]2)cc1,Acinetobacter baumannii,μg/mL,CHEMBL1807730,2,128.0,128.0,128.0,2.1072099696478683,B,high,1,1.0
CCCCCCS(=O)(=O)C(CCCC)CC(=O)NO,CCCCCCS(=O)(=O)C(CCCC)CC(=O)NO,Escherichia coli,μg/mL,CHEMBL76707,1,64.0,64.0,64.0,1.806179973983887,B,high,1,1.0
CCCCCCc1cnc(N)n1CCCCC.Cl,c1c[nH]cn1,Acinetobacter baumannii,μg/mL,CHEMBL1807741,2,64.0,64.0,64.0,1.806179973983887,B,high,1,1.0
CCCCCCc1cnc(N)n1CCCc1ccccc1.Cl,c1ccc(CCCn2ccnc2)cc1,Acinetobacter baumannii,μg/mL,CHEMBL1807740,2,24.0,16.0,32.0,1.380211241711606,B,high,1,1.0
CCCCCCc1cnc(N)n1Cc1ccccc1.Cl,c1ccc(Cn2ccnc2)cc1,Acinetobacter baumannii,μg/mL,CHEMBL1807739,2,16.0,16.0,16.0,1.2041199826559248,B,high,1,1.0
CCCCC[C@H](CC(=O)NO)C(=O)N[C@H](C(=O)N1CCC[C@H]1CO)C(C)C,C1CCNC1,Escherichia coli,μg/mL,CHEMBL308333,2,32.5,1.0,64.0,1.5118833609788744,B,high,1,1.0
CCCCCc1ccc(C(=O)Nc2ccc3[nH]c(N)nc3c2)cc1,O=C(Nc1ccc2[nH]cnc2c1)c1ccccc1,Acinetobacter baumannii,μg/mL,CHEMBL1198184,1,16.0,16.0,16.0,1.2041199826559248,B,high,1,1.0
CCCCCc1ccc(C(=O)Nc2ccc3c(c2)nc(N)n3C(C)C)cc1.Cl,O=C(Nc1ccc2[nH]cnc2c1)c1ccccc1,Acinetobacter baumannii,μg/mL,CHEMBL3218051,1,32.0,32.0,32.0,1.505149978319906,B,high,1,1.0
CCCCCc1ccc(C(=O)Nc2ccc3c(c2)nc(N)n3C)cc1.Cl,O=C(Nc1ccc2[nH]cnc2c1)c1ccccc1,Acinetobacter baumannii,μg/mL,CHEMBL3218050,1,64.0,64.0,64.0,1.806179973983887,B,high,1,1.0
CCCCCn1c(-c2ccccc2)cnc1N.Cl,c1ccc(-c2cnc[nH]2)cc1,Acinetobacter baumannii,μg/mL,CHEMBL1807733,2,64.0,64.0,64.0,1.806179973983887,B,high,1,1.0
CCCCCn1c(CC(C)C)cnc1N.Cl,c1c[nH]cn1,Acinetobacter baumannii,μg/mL,CHEMBL1807737,2,64.0,64.0,64.0,1.806179973983887,B,high,1,1.0
CCCCCn1c(CCCCNC(=O)OCc2ccccc2)cnc1N.Cl,O=C(NCCCCc1cnc[nH]1)OCc1ccccc1,Acinetobacter baumannii,μg/mL,CHEMBL1807745,2,128.0,128.0,128.0,2.1072099696478683,B,high,1,1.0
CCCCCn1c(Cc2ccccc2)cnc1N.Cl,c1ccc(Cc2cnc[nH]2)cc1,Acinetobacter baumannii,μg/mL,CHEMBL1807729,2,64.0,64.0,64.0,1.806179973983887,B,high,1,1.0
CCCCN(CCCC)CCCNC(=O)[C@H]1NC(=O)[C@H]2NC(=O)[C@H](NC(=O)[C@@H]3NC(=O)[C@H]4NC(=O)[C@@H](Cc5ccc(c(Cl)c5)Oc5cc3cc(c5O)Oc3ccc(cc3Cl)[C@H]2O)NC(=O)[C@H](N)c2ccc(O)c(c2)Oc2cc(O)cc4c2)c2ccc(O)c(c2)-c2c(O)cc(O)cc21,O=C1Cc2cccc(c2)Oc2cccc(c2)[C@@H]2NC(=O)[C@@H](Cc3ccc(cc3)Oc3cc4cc(c3)[C@@H](NC2=O)C(=O)N[C@H]2C(=O)N[C@@H](Cc3ccc(cc3)O4)C(=O)NCc3ccccc3-c3cccc2c3)N1,Escherichia coli,μg/mL,CHEMBL2367665,1,8.0,8.0,8.0,0.9030899869919435,B,high,1,1.0
CCCCN(CCCC)CCCNC(=O)[C@H]1NC(=O)[C@H]2NC(=O)[C@H](NC(=O)[C@@H]3NC(=O)[C@H]4NC(=O)[C@@H](Cc5ccc(c(Cl)c5)Oc5cc3cc(c5O)Oc3ccc(cc3Cl)[C@H]2O)NC(=O)[C@H](N)c2ccc(O)c(c2)Oc2cc(O)cc4c2)c2ccc(O)c(c2)-c2c(O)cc(O)cc21,O=C1Cc2cccc(c2)Oc2cccc(c2)[C@@H]2NC(=O)[C@@H](Cc3ccc(cc3)Oc3cc4cc(c3)[C@@H](NC2=O)C(=O)N[C@H]2C(=O)N[C@@H](Cc3ccc(cc3)O4)C(=O)NCc3ccccc3-c3cccc2c3)N1,Pseudomonas aeruginosa,μg/mL,CHEMBL2367665,1,64.0,64.0,64.0,1.806179973983887,B,high,1,1.0
CCCCN1CCN(c2cc3c(cc2F)c(=O)c(C(=O)O)cn3-c2ccc(F)cc2F)CC1,O=c1ccn(-c2ccccc2)c2cc(N3CCNCC3)ccc12,Escherichia coli,μg/mL,CHEMBL15384,1,0.8,0.8,0.8,-0.09691001300805639,B,high,1,1.0
CCCCN1CCN(c2cc3c(cc2F)c(=O)c(C(=O)O)cn3-c2ccc(F)cc2F)CC1,O=c1ccn(-c2ccccc2)c2cc(N3CCNCC3)ccc12,Pseudomonas aeruginosa,μg/mL,CHEMBL15384,1,3.1,3.1,3.1,0.4913616938342727,B,high,1,1.0
CCCCN1CCN(c2cc3c(cc2F)c(=O)c(C(=O)O)cn3C2CC2)CC1,O=c1ccn(C2CC2)c2cc(N3CCNCC3)ccc12,Escherichia coli,μg/mL,CHEMBL15089,1,0.1,0.1,0.1,-1.0,B,high,1,1.0
CCCCN1CCN(c2cc3c(cc2F)c(=O)c(C(=O)O)cn3C2CC2)CC1,O=c1ccn(C2CC2)c2cc(N3CCNCC3)ccc12,Pseudomonas aeruginosa,μg/mL,CHEMBL15089,1,1.6,1.6,1.6,0.2041199826559248,B,high,1,1.0
CCCCNc1nc2c(s1)c1c(O)c3c(O)c(C)c4c(c32)C(=O)C(C)(O/C=C/C(OC)C(C)C(OC(C)=O)C(C)C(O)C(C)C(O)C(C)/C=C/C=C(/C)C(=O)N1)O4,O=C1C=C/C=C/CCCCCCCC/C=C/OC2Oc3ccc4cc(c5scnc5c4c3C2=O)N1,Escherichia coli,μg/mL,CHEMBL422939,1,16.0,16.0,16.0,1.2041199826559248,B,high,1,1.0
CCCCNc1nc2c(s1)c1c(O)c3c(O)c(C)c4c(c32)C(=O)C(C)(O/C=C/C(OC)C(C)C(OC(C)=O)C(C)C(O)C(C)C(O)C(C)/C=C/C=C(/C)C(=O)N1)O4,O=C1C=C/C=C/CCCCCCCC/C=C/OC2Oc3ccc4cc(c5scnc5c4c3C2=O)N1,Klebsiella pneumoniae,μg/mL,CHEMBL422939,1,64.0,64.0,64.0,1.806179973983887,B,high,1,1.0
CCCCNc1nc2c(s1)c1c(O)c3c(O)c(C)c4c(c32)C(=O)C(C)(O/C=C/C(OC)C(C)C(OC(C)=O)C(C)C(O)C(C)C(O)C(C)/C=C/C=C(/C)C(=O)N1)O4,O=C1C=C/C=C/CCCCCCCC/C=C/OC2Oc3ccc4cc(c5scnc5c4c3C2=O)N1,Pseudomonas aeruginosa,μg/mL,CHEMBL422939,1,8.0,8.0,8.0,0.9030899869919435,B,high,1,1.0
CCCCO/N=C(/C(=O)N[C@H]1CN2CC(C#N)=C(C(=O)O)N2C1=O)c1csc(N)n1,N=C(C(=O)N[C@H]1CN2CC=CN2C1=O)c1cscn1,Escherichia coli,μg/mL,CHEMBL109943,1,1.0,1.0,1.0,0.0,B,high,1,1.0
CCCCO/N=C(/C(=O)N[C@H]1CN2CC(C#N)=C(C(=O)O)N2C1=O)c1csc(N)n1,N=C(C(=O)N[C@H]1CN2CC=CN2C1=O)c1cscn1,Klebsiella pneumoniae,μg/mL,CHEMBL109943,1,0.06,0.06,0.06,-1.2218487496163564,B,high,1,1.0
CCCCO/N=C(/C(=O)N[C@H]1CN2CC(S(C)(=O)=O)=C(C(=O)O)N2C1=O)c1csc(N)n1,N=C(C(=O)N[C@H]1CN2CC=CN2C1=O)c1cscn1,Escherichia coli,μg/mL,CHEMBL321616,1,0.25,0.25,0.25,-0.6020599913279624,B,high,1,1.0
CCCCO/N=C(/C(=O)N[C@H]1CN2CC(S(C)(=O)=O)=C(C(=O)O)N2C1=O)c1csc(N)n1,N=C(C(=O)N[C@H]1CN2CC=CN2C1=O)c1cscn1,Klebsiella pneumoniae,μg/mL,CHEMBL321616,1,0.03,0.03,0.03,-1.5228787452803376,B,high,1,1.0
CCCCS(=O)(=O)C1=C(C(=O)O)N2C(=O)[C@@H](NC(=O)/C(=N/OCCCl)c3csc(N)n3)CN2C1,N=C(C(=O)N[C@H]1CN2CC=CN2C1=O)c1cscn1,Escherichia coli,μg/mL,CHEMBL110643,1,0.5,0.5,0.5,-0.3010299956639812,B,high,1,1.0
CCCCS(=O)(=O)C1=C(C(=O)O)N2C(=O)[C@@H](NC(=O)/C(=N/OCCCl)c3csc(N)n3)CN2C1,N=C(C(=O)N[C@H]1CN2CC=CN2C1=O)c1cscn1,Klebsiella pneumoniae,μg/mL,CHEMBL110643,1,0.03,0.03,0.03,-1.5228787452803376,B,high,1,1.0
CCCC[C@@H](C(O)C(=O)NO)[S+]([O-])c1ccccc1,c1ccccc1,Escherichia coli,μg/mL,CHEMBL74616,1,32.0,32.0,32.0,1.505149978319906,B,high,1,1.0
CCCC[C@H](C(O)C(=O)NO)[S+]([O-])c1ccccc1,c1ccccc1,Escherichia coli,μg/mL,CHEMBL73849,1,1.0,1.0,1.0,0.0,B,high,1,1.0
CCCC[C@H](CC(=O)NO)S(=O)(=O)c1ccccc1,c1ccccc1,Escherichia coli,μg/mL,CHEMBL1788203,2,65.0,2.0,128.0,1.8129133566428555,B,high,1,1.0
CCCN(CCC)Cc1cn(-c2cc3c(cc2F)c(=O)c(C(=O)O)cn3C2CC2)nn1,O=c1ccn(C2CC2)c2cc(-n3ccnn3)ccc12,Acinetobacter baumannii,μg/mL,CHEMBL2298918,1,16.0,16.0,16.0,1.2041199826559248,B,high,1,1.0
CCCN(CCC)c1c2c(c(O)c3cc(CN4CCC4)ccc13)C(=O)C1=C(O)[C@]3(O)C(=O)C(C(N)=O)=C(O)[C@@H](N(C)C)[C@@H]3C[C@@H]1C2,O=C1C2=CC3C(=O)C=CC[C@@H]3C[C@@H]2Cc2cc3ccc(CN4CCC4)cc3cc21,Acinetobacter baumannii,μg/mL,CHEMBL1783655,1,8.0,8.0,8.0,0.9030899869919435,B,high,1,1.0
CCCNCc1ccc2c(OC)c3c(c(O)c2c1)C(=O)C1=C(O)[C@]2(O)C(=O)C(C(N)=O)=C(O)[C@@H](N(C)C)[C@@H]2C[C@@H]1C3,O=C1C2=CC3C(=O)C=CC[C@@H]3C[C@@H]2Cc2cc3ccccc3cc21,Acinetobacter baumannii,μg/mL,CHEMBL1782471,1,1.0,1.0,1.0,0.0,B,high,1,1.0
CCCNCc1ccc2cc3c(c(O)c2c1)C(=O)C1=C(O)[C@]2(O)C(=O)C(C(N)=O)=C(O)[C@@H](N(C)C)[C@@H]2C[C@@H]1C3,O=C1C2=CC3C(=O)C=CC[C@@H]3C[C@@H]2Cc2cc3ccccc3cc21,Acinetobacter baumannii,μg/mL,CHEMBL1783661,1,1.0,1.0,1.0,0.0,B,high,1,1.0
CCCNc1c2c(c(O)c3cc(CN4CCC4)ccc13)C(=O)C1=C(O)[C@]3(O)C(=O)C(C(N)=O)=C(O)[C@@H](N(C)C)[C@@H]3C[C@@H]1C2,O=C1C2=CC3C(=O)C=CC[C@@H]3C[C@@H]2Cc2cc3ccc(CN4CCC4)cc3cc21,Acinetobacter baumannii,μg/mL,CHEMBL1783300,1,16.0,16.0,16.0,1.2041199826559248,B,high,1,1.0
CCCO/N=C(/C(=O)N[C@H]1CN2CC(S(=O)(=O)CCC)=C(C(=O)O)N2C1=O)c1csc(N)n1,N=C(C(=O)N[C@H]1CN2CC=CN2C1=O)c1cscn1,Escherichia coli,μg/mL,CHEMBL322810,1,0.5,0.5,0.5,-0.3010299956639812,B,high,1,1.0
CCCO/N=C(/C(=O)N[C@H]1CN2CC(S(=O)(=O)CCC)=C(C(=O)O)N2C1=O)c1csc(N)n1,N=C(C(=O)N[C@H]1CN2CC=CN2C1=O)c1cscn1,Klebsiella pneumoniae,μg/mL,CHEMBL322810,1,0.06,0.06,0.06,-1.2218487496163564,B,high,1,1.0
CCCO/N=C(/C(=O)N[C@H]1CN2CC(S(C)(=O)=O)=C(C(=O)O)N2C1=O)c1csc(N)n1,N=C(C(=O)N[C@H]1CN2CC=CN2C1=O)c1cscn1,Escherichia coli,μg/mL,CHEMBL108293,1,0.125,0.125,0.125,-0.9030899869919435,B,high,1,1.0
CCCO/N=C(/C(=O)N[C@H]1CN2CC(S(C)(=O)=O)=C(C(=O)O)N2C1=O)c1csc(N)n1,N=C(C(=O)N[C@H]1CN2CC=CN2C1=O)c1cscn1,Klebsiella pneumoniae,μg/mL,CHEMBL108293,1,0.015,0.015,0.015,-1.8239087409443189,B,high,1,1.0
CCCO/N=C(/C(=O)N[C@H]1CN2CC(S(C)(=O)=O)=C(C(=O)O)N2C1=O)c1csc(N)n1,N=C(C(=O)N[C@H]1CN2CC=CN2C1=O)c1cscn1,Pseudomonas aeruginosa,μg/mL,CHEMBL108293,1,128.0,128.0,128.0,2.1072099696478683,B,high,1,1.0
CCCOC(=O)c1cc(O)c(O)c(O)c1,c1ccccc1,Escherichia coli,μg/mL,CHEMBL7983,1,1600.0,1600.0,1600.0,3.2041199826559246,B,high,1,1.0
CCCOC(=O)c1cc(O)c(O)c(O)c1,c1ccccc1,Pseudomonas aeruginosa,μg/mL,CHEMBL7983,1,3200.0,3200.0,3200.0,3.505149978319906,B,high,1,1.0
CCCOc1c2c(c(O)c3cc(CN4CCC4)ccc13)C(=O)C1=C(O)[C@]3(O)C(=O)C(C(N)=O)=C(O)[C@@H](N(C)C)[C@@H]3C[C@@H]1C2,O=C1C2=CC3C(=O)C=CC[C@@H]3C[C@@H]2Cc2cc3ccc(CN4CCC4)cc3cc21,Acinetobacter baumannii,μg/mL,CHEMBL1783292,1,1.0,1.0,1.0,0.0,B,high,1,1.0
CCCOc1c2cccc1Cc1cc3cc(c1OCCC)Cc1cccc(c1OCCC)Cc1cc(cc(c1OCCC)C2)C(=O)N[C@@H](C)C(=O)NCCNCCNC(=O)[C@H](C)NC3=O,O=C1CNC(=O)c2cc3cc(c2)Cc2cccc(c2)Cc2cc(cc(c2)C(=O)NCC(=O)NCCNCCN1)Cc1cccc(c1)C3,Escherichia coli,μg/mL,CHEMBL90285,1,32.0,32.0,32.0,1.505149978319906,B,high,1,1.0
CCCOc1cc(Cc2cnc(N)nc2N)cc(OC)c1OC,c1ccc(Cc2cncnc2)cc1,Klebsiella pneumoniae,μg/mL,CHEMBL60069,1,10.0,10.0,10.0,1.0,B,high,1,1.0
CCCS(=O)(=O)C1=C(C(=O)O)N2C(=O)[C@@H](NC(=O)/C(=N/OCC(F)(F)F)c3csc(N)n3)CN2C1,N=C(C(=O)N[C@H]1CN2CC=CN2C1=O)c1cscn1,Escherichia coli,μg/mL,CHEMBL110908,1,0.25,0.25,0.25,-0.6020599913279624,B,high,1,1.0
CCCS(=O)(=O)C1=C(C(=O)O)N2C(=O)[C@@H](NC(=O)/C(=N/OCC(F)(F)F)c3csc(N)n3)CN2C1,N=C(C(=O)N[C@H]1CN2CC=CN2C1=O)c1cscn1,Klebsiella pneumoniae,μg/mL,CHEMBL110908,1,0.06,0.06,0.06,-1.2218487496163564,B,high,1,1.0
CCCS(=O)(=O)C1=C(C(=O)O)N2C(=O)[C@@H](NC(=O)/C(=N/OCCBr)c3csc(N)n3)CN2C1,N=C(C(=O)N[C@H]1CN2CC=CN2C1=O)c1cscn1,Escherichia coli,μg/mL,CHEMBL321876,1,0.25,0.25,0.25,-0.6020599913279624,B,high,1,1.0
CCCS(=O)(=O)C1=C(C(=O)O)N2C(=O)[C@@H](NC(=O)/C(=N/OCCBr)c3csc(N)n3)CN2C1,N=C(C(=O)N[C@H]1CN2CC=CN2C1=O)c1cscn1,Klebsiella pneumoniae,μg/mL,CHEMBL321876,1,0.03,0.03,0.03,-1.5228787452803376,B,high,1,1.0
CCCS(=O)(=O)C1=C(C(=O)O)N2C(=O)[C@@H](NC(=O)/C(=N/OCCCl)c3csc(N)n3)CN2C1,N=C(C(=O)N[C@H]1CN2CC=CN2C1=O)c1cscn1,Escherichia coli,μg/mL,CHEMBL109583,1,0.5,0.5,0.5,-0.3010299956639812,B,high,1,1.0
CCCS(=O)(=O)C1=C(C(=O)O)N2C(=O)[C@@H](NC(=O)/C(=N/OCCCl)c3csc(N)n3)CN2C1,N=C(C(=O)N[C@H]1CN2CC=CN2C1=O)c1cscn1,Klebsiella pneumoniae,μg/mL,CHEMBL109583,1,0.5,0.5,0.5,-0.3010299956639812,B,high,1,1.0
CCCS(=O)(=O)C1=C(C(=O)O)N2C(=O)[C@@H](NC(=O)/C(=N/OCCF)c3csc(N)n3)CN2C1,N=C(C(=O)N[C@H]1CN2CC=CN2C1=O)c1cscn1,Escherichia coli,μg/mL,CHEMBL109082,1,0.125,0.125,0.125,-0.9030899869919435,B,high,1,1.0
CCCS(=O)(=O)C1=C(C(=O)O)N2C(=O)[C@@H](NC(=O)/C(=N/OCCF)c3csc(N)n3)CN2C1,N=C(C(=O)N[C@H]1CN2CC=CN2C1=O)c1cscn1,Klebsiella pneumoniae,μg/mL,CHEMBL109082,1,0.03,0.03,0.03,-1.5228787452803376,B,high,1,1.0
CCCS(=O)(=O)N1C=Cc2cc(C)sc2B1O,B1NC=Cc2ccsc21,Klebsiella pneumoniae,μg/mL,CHEMBL366658,1,0.31,0.31,0.31,-0.5086383061657274,B,high,1,1.0
CCCS(=O)(=O)N1C=Cc2cc(CC)sc2B1O,B1NC=Cc2ccsc21,Klebsiella pneumoniae,μg/mL,CHEMBL369493,1,0.31,0.31,0.31,-0.5086383061657274,B,high,1,1.0
CCCS(=O)(=O)N1N=Cc2c(ccn2C)B1O,B1NN=Cc2[nH]ccc21,Klebsiella pneumoniae,μg/mL,CHEMBL177027,1,25.0,25.0,25.0,1.3979400086720377,B,high,1,1.0
CCCS(=O)(=O)N1N=Cc2cc(C)ccc2B1O,B1NN=Cc2ccccc21,Klebsiella pneumoniae,μg/mL,CHEMBL368736,1,1.25,1.25,1.25,0.09691001300805642,B,high,1,1.0
CCCS(=O)(=O)N1N=Cc2cc(Cl)ccc2B1O,B1NN=Cc2ccccc21,Klebsiella pneumoniae,μg/mL,CHEMBL171951,1,1.56,1.56,1.56,0.1931245983544616,B,high,1,1.0
CCCS(=O)(=O)N1N=Cc2sc(C)cc2B1O,B1NN=Cc2sccc21,Klebsiella pneumoniae,μg/mL,CHEMBL174539,1,0.39,0.39,0.39,-0.4089353929735008,B,high,1,1.0
CCCS(=O)(=O)N1N=Cc2sccc2B1O,B1NN=Cc2sccc21,Klebsiella pneumoniae,μg/mL,CHEMBL174800,1,1.56,1.56,1.56,0.1931245983544616,B,high,1,1.0
CCCSC[C@H](N)C(=O)N[C@H](C)P(=O)(O)O,CCCSC[C@H](N)C(=O)N[C@H](C)P(=O)(O)O,Escherichia coli,μg/mL,CHEMBL132398,1,0.06,0.06,0.06,-1.2218487496163564,B,high,1,1.0
CCC[C@@H]1C[C@@H](C(=O)N[C@@H]([C@H]2O[C@H](SC)[C@H](O)[C@@H](O)[C@H]2O)[C@@H](C)O)N(C)C1,O=C(NC[C@@H]1CCCCO1)[C@@H]1CCCN1,Klebsiella pneumoniae,μg/mL,CHEMBL1447,1,400.0,400.0,400.0,2.6020599913279625,B,high,1,1.0
CCC[C@@H]1C[C@@H](C(=O)N[C@@H]([C@H]2O[C@H](SC)[C@H](O)[C@@H](O)[C@H]2O)[C@H](C)Cl)N(C)C1,O=C(NC[C@@H]1CCCCO1)[C@@H]1CCCN1,Acinetobacter baumannii,μg/mL,CHEMBL1753,4,25.0,2.0,48.0,1.3979400086720377,B,high,1,1.0
CCC[C@H](N)C(=O)N[C@H](C)P(=O)(O)O,CCC[C@H](N)C(=O)N[C@H](C)P(=O)(O)O,Escherichia coli,μg/mL,CHEMBL337631,2,0.03,0.03,0.03,-1.5228787452803376,B,high,1,1.0
CCC[C@H](NC(=O)CNC)C(=O)N[C@@H](CCC)C(=O)N[C@H](C)P(=O)(O)O,CCC[C@H](NC(=O)CNC)C(=O)N[C@@H](CCC)C(=O)N[C@H](C)P(=O)(O)O,Escherichia coli,μg/mL,CHEMBL128956,1,0.04,0.04,0.04,-1.3979400086720375,B,high,1,1.0
CCC[C@H](NC(=O)[C@H](CC(C)C)NC)C(=O)N[C@@H](CCC)C(=O)N[C@H](C)P(=O)(O)O,CCC[C@H](NC(=O)[C@H](CC(C)C)NC)C(=O)N[C@@H](CCC)C(=O)N[C@H](C)P(=O)(O)O,Escherichia coli,μg/mL,CHEMBL2370677,1,2.0,2.0,2.0,0.3010299956639812,B,high,1,1.0
CCC[C@H](NC(=O)[C@H](CCC)NC(=O)[C@@H](NC)C(C)C)C(=O)N[C@H](C)P(=O)(O)O,CCC[C@H](NC(=O)[C@H](CCC)NC(=O)[C@@H](NC)C(C)C)C(=O)N[C@H](C)P(=O)(O)O,Escherichia coli,μg/mL,CHEMBL2370684,1,16.0,16.0,16.0,1.2041199826559248,B,high,1,1.0
CCC[C@H](NC)C(=O)N[C@@H](CCC)C(=O)N[C@@H](CCC)C(=O)N[C@H](C)P(=O)(O)O,CCC[C@H](NC)C(=O)N[C@@H](CCC)C(=O)N[C@@H](CCC)C(=O)N[C@H](C)P(=O)(O)O,Escherichia coli,μg/mL,CHEMBL2370685,1,0.5,0.5,0.5,-0.3010299956639812,B,high,1,1.0
CCCc1cc(Cc2cnc(N)nc2N)cc(CC)c1O,c1ccc(Cc2cncnc2)cc1,Escherichia coli,μg/mL,CHEMBL25888,1,10.0,10.0,10.0,1.0,B,high,1,1.0
CCCc1cc(Cc2cnc(N)nc2N)cc(CC)c1O,c1ccc(Cc2cncnc2)cc1,Klebsiella pneumoniae,μg/mL,CHEMBL25888,1,3.0,3.0,3.0,0.47712125471966244,B,high,1,1.0
CCCc1cc(Cc2cnc(N)nc2N)cc(CC)c1OC,c1ccc(Cc2cncnc2)cc1,Escherichia coli,μg/mL,CHEMBL279455,1,30.0,30.0,30.0,1.4771212547196624,B,high,1,1.0
CCCc1cc(Cc2cnc(N)nc2N)cc(CC)c1OC,c1ccc(Cc2cncnc2)cc1,Klebsiella pneumoniae,μg/mL,CHEMBL279455,1,30.0,30.0,30.0,1.4771212547196624,B,high,1,1.0
CCCc1cc(Cc2cnc(N)nc2N)cc(CCC)c1O,c1ccc(Cc2cncnc2)cc1,Escherichia coli,μg/mL,CHEMBL23746,1,10.0,10.0,10.0,1.0,B,high,1,1.0
CCCc1cc(Cc2cnc(N)nc2N)cc(CCC)c1O,c1ccc(Cc2cncnc2)cc1,Klebsiella pneumoniae,μg/mL,CHEMBL23746,1,30.0,30.0,30.0,1.4771212547196624,B,high,1,1.0
CCCc1cc(Cc2cnc(N)nc2N)cc(CCC)c1OC,c1ccc(Cc2cncnc2)cc1,Escherichia coli,μg/mL,CHEMBL26337,1,30.0,30.0,30.0,1.4771212547196624,B,high,1,1.0
CCCc1cc(Cc2cnc(N)nc2N)cc(CCC)c1OC,c1ccc(Cc2cncnc2)cc1,Klebsiella pneumoniae,μg/mL,CHEMBL26337,1,30.0,30.0,30.0,1.4771212547196624,B,high,1,1.0
CCCc1cc(Cc2cnc(N)nc2N)cc(OC)c1OC,c1ccc(Cc2cncnc2)cc1,Klebsiella pneumoniae,μg/mL,CHEMBL278345,1,10.0,10.0,10.0,1.0,B,high,1,1.0
CCCc1cc(Cc2cnc(N)nc2N)cc2c1OC(C)(C)C2,c1ncc(Cc2ccc3c(c2)CCO3)cn1,Klebsiella pneumoniae,μg/mL,CHEMBL301629,1,100.0,100.0,100.0,2.0,B,high,1,1.0
CCCc1cc(Cc2cnc(N)nc2N)cc2c1OC(C)C2,c1ncc(Cc2ccc3c(c2)CCO3)cn1,Klebsiella pneumoniae,μg/mL,CHEMBL61356,1,100.0,100.0,100.0,2.0,B,high,1,1.0
CCCc1cc(Cc2cnc(N)nc2N)cc2c1OC(C)C2C,c1ncc(Cc2ccc3c(c2)CCO3)cn1,Klebsiella pneumoniae,μg/mL,CHEMBL61857,1,100.0,100.0,100.0,2.0,B,high,1,1.0
CCCc1ccc(C)c(Oc2ccc(Cl)cc2NC(=O)c2cc(Cl)cc(Br)c2O)c1,O=C(Nc1ccccc1Oc1ccccc1)c1ccccc1,Acinetobacter baumannii,μg/mL,CHEMBL1632104,1,16.0,16.0,16.0,1.2041199826559248,B,high,1,1.0
CCCc1ccccc1NC(=S)NC(=O)c1cnn(C)c1,O=C(NC(=S)Nc1ccccc1)c1cn[nH]c1,Acinetobacter baumannii,μg/mL,CHEMBL2236079,1,250.0,250.0,250.0,2.3979400086720375,B,high,1,1.0
CCCn1c(S)nnc1-c1ccc(S(=O)(=O)c2ccc(Br)cc2)cc1,O=S(=O)(c1ccccc1)c1ccc(-c2nnc[nH]2)cc1,Acinetobacter baumannii,μg/mL,CHEMBL427541,1,1024.0,1024.0,1024.0,3.010299956639812,B,high,1,1.0
CCN(C)Cc1ccc2cc3c(c(O)c2c1)C(=O)C1=C(O)[C@]2(O)C(=O)C(C(N)=O)=C(O)[C@@H](N(C)C)[C@@H]2C[C@@H]1C3,O=C1C2=CC3C(=O)C=CC[C@@H]3C[C@@H]2Cc2cc3ccccc3cc21,Acinetobacter baumannii,μg/mL,CHEMBL1783665,1,2.0,2.0,2.0,0.3010299956639812,B,high,1,1.0
CCN(CC)C(=O)N[C@@]1([C@H](C)O)[C@@H](N)[C@H](Nc2cccc(C(F)(F)F)c2)[C@](O)(CO)[C@]1(C)O,c1ccc(NC2CCCC2)cc1,Acinetobacter baumannii,μg/mL,CHEMBL2337357,1,64.0,64.0,64.0,1.806179973983887,B,high,1,1.0
CCN(CC)C(=O)N[C@@]1([C@H](C)O)[C@@H](N)[C@H](Nc2cccc(F)c2)[C@](O)(CO)[C@]1(C)O,c1ccc(NC2CCCC2)cc1,Acinetobacter baumannii,μg/mL,CHEMBL2337355,1,64.0,64.0,64.0,1.806179973983887,B,high,1,1.0
CCN(CC)C(=O)N[C@@]1([C@H](C)O)[C@@H](N)[C@H](Nc2cccc(OC)c2)[C@](O)(CO)[C@]1(C)O,c1ccc(NC2CCCC2)cc1,Acinetobacter baumannii,μg/mL,CHEMBL2337356,1,128.0,128.0,128.0,2.1072099696478683,B,high,1,1.0
CCN(CC)CCCNC(=O)[C@H]1NC(=O)[C@H]2NC(=O)[C@H](NC(=O)[C@@H]3NC(=O)[C@H]4NC(=O)[C@@H](Cc5ccc(c(Cl)c5)Oc5cc3cc(c5O)Oc3ccc(cc3Cl)[C@H]2O)NC(=O)[C@H](N)c2ccc(O)c(c2)Oc2cc(O)cc4c2)c2ccc(O)c(c2)-c2c(O)cc(O)cc21,O=C1Cc2cccc(c2)Oc2cccc(c2)[C@@H]2NC(=O)[C@@H](Cc3ccc(cc3)Oc3cc4cc(c3)[C@@H](NC2=O)C(=O)N[C@H]2C(=O)N[C@@H](Cc3ccc(cc3)O4)C(=O)NCc3ccccc3-c3cccc2c3)N1,Escherichia coli,μg/mL,CHEMBL2367654,1,8.0,8.0,8.0,0.9030899869919435,B,high,1,1.0
CCN(CC)CCCNC(=O)[C@H]1NC(=O)[C@H]2NC(=O)[C@H](NC(=O)[C@@H]3NC(=O)[C@H]4NC(=O)[C@@H](Cc5ccc(c(Cl)c5)Oc5cc3cc(c5O)Oc3ccc(cc3Cl)[C@H]2O)NC(=O)[C@H](N)c2ccc(O)c(c2)Oc2cc(O)cc4c2)c2ccc(O)c(c2)-c2c(O)cc(O)cc21,O=C1Cc2cccc(c2)Oc2cccc(c2)[C@@H]2NC(=O)[C@@H](Cc3ccc(cc3)Oc3cc4cc(c3)[C@@H](NC2=O)C(=O)N[C@H]2C(=O)N[C@@H](Cc3ccc(cc3)O4)C(=O)NCc3ccccc3-c3cccc2c3)N1,Pseudomonas aeruginosa,μg/mL,CHEMBL2367654,1,32.0,32.0,32.0,1.505149978319906,B,high,1,1.0
CCN(CC)CCCNC(=O)[C@H]1NC(=O)[C@H]2NC(=O)[C@H](NC(=O)[C@@H]3NC(=O)[C@H]4NC(=O)[C@@H](Cc5ccc(c(Cl)c5)Oc5cc3cc(c5O)Oc3ccc(cc3Cl)[C@H]2O[C@@H]2O[C@@H](CO)[C@@H](O)[C@H](O)[C@@H]2NC(C)=O)NC(=O)[C@H](N)c2ccc(O)c(c2)Oc2cc(O)cc4c2)c2ccc(O)c(c2)-c2c(O)cc(O)cc21,O=C1Cc2cccc(c2)Oc2cccc(c2)[C@@H]2NC(=O)[C@@H](Cc3ccc(cc3)Oc3cc4cc(c3)[C@@H](NC2=O)C(=O)N[C@H]2C(=O)N[C@H](C(=O)NCc3ccccc3-c3cccc2c3)[C@H](O[C@H]2CCCCO2)c2ccc(cc2)O4)N1,Escherichia coli,μg/mL,CHEMBL2367657,1,64.0,64.0,64.0,1.806179973983887,B,high,1,1.0
CCN(CC)Cc1cn(-c2cc3c(cc2F)c(=O)c(C(=O)O)cn3C2CC2)nn1,O=c1ccn(C2CC2)c2cc(-n3ccnn3)ccc12,Acinetobacter baumannii,μg/mL,CHEMBL2298761,1,16.0,16.0,16.0,1.2041199826559248,B,high,1,1.0
CCN(CC)c1cc(C)c2cc(NC(=O)c3ccc([N+](=O)[O-])o3)ccc2n1,O=C(Nc1ccc2ncccc2c1)c1ccco1,Acinetobacter baumannii,μg/mL,CHEMBL1632115,1,12.0,12.0,12.0,1.0791812460476249,B,high,1,1.0
CCN(CC)c1nc2c(s1)c1c(O)c3c(O)c(C)c4c(c32)C(=O)C(C)(O/C=C/C(OC)C(C)C(OC(C)=O)C(C)C(O)C(C)C(O)C(C)/C=C/C=C(/C)C(=O)N1)O4,O=C1C=C/C=C/CCCCCCCC/C=C/OC2Oc3ccc4cc(c5scnc5c4c3C2=O)N1,Escherichia coli,μg/mL,CHEMBL36658,1,32.0,32.0,32.0,1.505149978319906,B,high,1,1.0
CCN(CC)c1nc2c(s1)c1c(O)c3c(O)c(C)c4c(c32)C(=O)C(C)(O/C=C/C(OC)C(C)C(OC(C)=O)C(C)C(O)C(C)C(O)C(C)/C=C/C=C(/C)C(=O)N1)O4,O=C1C=C/C=C/CCCCCCCC/C=C/OC2Oc3ccc4cc(c5scnc5c4c3C2=O)N1,Klebsiella pneumoniae,μg/mL,CHEMBL36658,1,32.0,32.0,32.0,1.505149978319906,B,high,1,1.0
CCN(CC)c1nc2c(s1)c1c(O)c3c(O)c(C)c4c(c32)C(=O)C(C)(O/C=C/C(OC)C(C)C(OC(C)=O)C(C)C(O)C(C)C(O)C(C)/C=C/C=C(/C)C(=O)N1)O4,O=C1C=C/C=C/CCCCCCCC/C=C/OC2Oc3ccc4cc(c5scnc5c4c3C2=O)N1,Pseudomonas aeruginosa,μg/mL,CHEMBL36658,1,8.0,8.0,8.0,0.9030899869919435,B,high,1,1.0
CCN1CC(CO)Cc2cc(Cc3cnc(N)nc3N)cc(OC)c21,c1ncc(Cc2ccc3c(c2)CCCN3)cn1,Klebsiella pneumoniae,μg/mL,CHEMBL57829,1,30.0,30.0,30.0,1.4771212547196624,B,high,1,1.0
CCN1CCC(C)c2cc(Cc3cnc(N)nc3N)ccc21,c1ncc(Cc2ccc3c(c2)CCCN3)cn1,Klebsiella pneumoniae,μg/mL,CHEMBL56652,1,100.0,100.0,100.0,2.0,B,high,1,1.0
CCN1CCC=C2C=CC=CC=C3CSC4=NC3=C(OC)C(OC)=C(OC)C(CCNCC4=C2)CC1,C1=CC=C2CSC3=NC2=CC=CC2CCNCCC=C(C=C1)C=C3CNCC2,Acinetobacter baumannii,μg/mL,WSA251,1,128.0,128.0,128.0,2.1072099696478683,A,high,1,1.0
CCN1CCC=C2C=CC=CC=C3CSC4=NC3=C(OC)C(OC)=C(OC)C(CCNCC4=C2)CC1,C1=CC=C2CSC3=NC2=CC=CC2CCNCCC=C(C=C1)C=C3CNCC2,Pseudomonas aeruginosa,μg/mL,WSA251,1,128.0,128.0,128.0,2.1072099696478683,A,high,1,1.0
CCN1CCC=C2C=CC=CC=C3CSC4=NC3=CC=C(Br)C(CCNCC4=C2)CC1,C1=CC=C2CSC3=NC2=CC=CC2CCNCCC=C(C=C1)C=C3CNCC2,Acinetobacter baumannii,μg/mL,WSA254,2,16.0,16.0,16.0,1.2041199826559248,A,high,1,1.0
CCN1CCC=C2C=CC=CC=C3CSC4=NC3=CC=C(Br)C(CCNCC4=C2)CC1,C1=CC=C2CSC3=NC2=CC=CC2CCNCCC=C(C=C1)C=C3CNCC2,Pseudomonas aeruginosa,μg/mL,WSA254,1,32.0,32.0,32.0,1.505149978319906,A,high,1,1.0
CCN1CCC=C2C=CC=CC=C3CSC4=NC3=CC=C(c3ccccc3)C(CCNCC4=C2)CC1,C1=CC=C2CSC3=NC2=CC=C(c2ccccc2)C2CCNCCC=C(C=C1)C=C3CNCC2,Acinetobacter baumannii,μg/mL,WSA261,2,12.0,8.0,16.0,1.0791812460476249,A,high,1,1.0
CCN1CCC=C2C=CC=CC=C3CSC4=NC3=CC=C(c3ccccc3)C(CCNCC4=C2)CC1,C1=CC=C2CSC3=NC2=CC=C(c2ccccc2)C2CCNCCC=C(C=C1)C=C3CNCC2,Pseudomonas aeruginosa,μg/mL,WSA261,1,64.0,64.0,64.0,1.806179973983887,A,high,1,1.0
CCN1CCC=C2C=CC=CC=C3CSC4=NC3=CC=CC(CCNCC4=C2)CC1,C1=CC=C2CSC3=NC2=CC=CC2CCNCCC=C(C=C1)C=C3CNCC2,Acinetobacter baumannii,μg/mL,WSA236,2,64.0,64.0,64.0,1.806179973983887,A,high,1,1.0
CCN1CCC=C2C=CC=CC=C3CSC4=NC3=CC=CC(CCNCC4=C2)CC1,C1=CC=C2CSC3=NC2=CC=CC2CCNCCC=C(C=C1)C=C3CNCC2,Pseudomonas aeruginosa,μg/mL,WSA236,1,32.0,32.0,32.0,1.505149978319906,A,high,1,1.0
CCN1CCC=NC(SCc2ccccc2)=C2CNCCC(C=C2Br)CC1,C1=CC2CCNCCC=NC(SCc3ccccc3)=C1CNCC2,Acinetobacter baumannii,μg/mL,WSA272,2,128.0,128.0,128.0,2.1072099696478683,A,high,1,1.0
CCN1CCC=NC(SCc2ccccc2)=C2CNCCC(C=CC(C)=CC=C3C=C32)CC1,C1=CC=C2C=C2C2=C(SCc3ccccc3)N=CCCNCCC(C=C1)CCNC2,Acinetobacter baumannii,μg/mL,WSA300,2,24.0,16.0,32.0,1.380211241711606,A,high,1,1.0
CCN1CCC=NC(SCc2ccccc2)=C2CNCCC(C=CC(F)=C(F)C=C3C=C32)CC1,C1=CC=C2C=C2C2=C(SCc3ccccc3)N=CCCNCCC(C=C1)CCNC2,Acinetobacter baumannii,μg/mL,WSA308,2,48.0,32.0,64.0,1.6812412373755872,A,high,1,1.0
CCN1CCC=NC(SCc2ccccc2)=C2CNCCC(C=CC(F)=CC=C3C=C32)CC1,C1=CC=C2C=C2C2=C(SCc3ccccc3)N=CCCNCCC(C=C1)CCNC2,Acinetobacter baumannii,μg/mL,WSA307,2,32.0,32.0,32.0,1.505149978319906,A,high,1,1.0
CCN1CCC=NC(SCc2ccccc2)=C2CNCCC(C=CC(OC)=C(F)C=C3C=C32)CC1,C1=CC=C2C=C2C2=C(SCc3ccccc3)N=CCCNCCC(C=C1)CCNC2,Acinetobacter baumannii,μg/mL,WSA306,2,32.0,32.0,32.0,1.505149978319906,A,high,1,1.0
CCN1CCC=NC(SCc2ccccc2)=C2CNCCC(C=CC(OC)=CC=C3C=C32)CC1,C1=CC=C2C=C2C2=C(SCc3ccccc3)N=CCCNCCC(C=C1)CCNC2,Acinetobacter baumannii,μg/mL,WSA305,2,32.0,32.0,32.0,1.505149978319906,A,high,1,1.0
CCN1CCC=NC(SCc2ccccc2)=C2CNCCC(C=CC=CC=C3C=C32)CC1,C1=CC=C2C=C2C2=C(SCc3ccccc3)N=CCCNCCC(C=C1)CCNC2,Acinetobacter baumannii,μg/mL,WSA304,2,48.0,32.0,64.0,1.6812412373755872,A,high,1,1.0
CCN1CCC=c2cc3c(SC)nc2=CC=CC(CCNC3)CC1,C1=CC2CCNCCC=c3cc(cnc3=C1)CNCC2,Pseudomonas aeruginosa,μg/mL,WARD2024-13,1,128.0,128.0,128.0,2.1072099696478683,A,high,1,1.0
CCN1CCC=c2cc3c4nc2=CC=CC(=CC=CC=CC(CCNC3)CC1)CS4,C1=CC=C2C=CC=c3nc(c4cc3=CCCNCCC(C=C1)CCNC4)SC2,Pseudomonas aeruginosa,μg/mL,WSA236,4,24.0,16.0,64.0,1.380211241711606,A,high,1,1.0
CCN1CCCC1CNC(=O)[C@H]1NC(=O)[C@H]2NC(=O)[C@H](NC(=O)[C@@H]3NC(=O)[C@H]4NC(=O)[C@@H](Cc5ccc(c(Cl)c5)Oc5cc3cc(c5O)Oc3ccc(cc3Cl)[C@H]2O)NC(=O)[C@H](N)c2ccc(O)c(c2)Oc2cc(O)cc4c2)c2ccc(O)c(c2)-c2c(O)cc(O)cc21,O=C1Cc2cccc(c2)Oc2cccc(c2)[C@@H]2NC(=O)[C@@H](Cc3ccc(cc3)Oc3cc4cc(c3)[C@@H](NC2=O)C(=O)N[C@H]2C(=O)N[C@@H](Cc3ccc(cc3)O4)C(=O)N[C@H](C(=O)NCC3CCCN3)c3ccccc3-c3cccc2c3)N1,Escherichia coli,μg/mL,CHEMBL2367621,1,4.0,4.0,4.0,0.6020599913279624,B,high,1,1.0
CCN1CCCC1CNC(=O)[C@H]1NC(=O)[C@H]2NC(=O)[C@H](NC(=O)[C@@H]3NC(=O)[C@H]4NC(=O)[C@@H](Cc5ccc(c(Cl)c5)Oc5cc3cc(c5O)Oc3ccc(cc3Cl)[C@H]2O)NC(=O)[C@H](N)c2ccc(O)c(c2)Oc2cc(O)cc4c2)c2ccc(O)c(c2)-c2c(O)cc(O)cc21,O=C1Cc2cccc(c2)Oc2cccc(c2)[C@@H]2NC(=O)[C@@H](Cc3ccc(cc3)Oc3cc4cc(c3)[C@@H](NC2=O)C(=O)N[C@H]2C(=O)N[C@@H](Cc3ccc(cc3)O4)C(=O)N[C@H](C(=O)NCC3CCCN3)c3ccccc3-c3cccc2c3)N1,Pseudomonas aeruginosa,μg/mL,CHEMBL2367621,1,64.0,64.0,64.0,1.806179973983887,B,high,1,1.0
CCN1CCN(C(=O)NC(C(=O)NC2C(=O)N3C(C(=O)O)=C(CSc4nnnn4C)COC23)c2ccc(OC(N)=O)cc2)C(=O)C1=O,O=C1NCCN(C(=O)NC(C(=O)NC2C(=O)N3C=C(CSc4nnn[nH]4)COC23)c2ccccc2)C1=O,Escherichia coli,μg/mL,CHEMBL176909,1,12.5,12.5,12.5,1.0969100130080565,B,high,1,1.0
CCN1CCN(C(=O)NC(C(=O)NC2C(=O)N3C(C(=O)O)=C(CSc4nnnn4C)COC23)c2ccc(OC(N)=O)cc2)C(=O)C1=O,O=C1NCCN(C(=O)NC(C(=O)NC2C(=O)N3C=C(CSc4nnn[nH]4)COC23)c2ccccc2)C1=O,Klebsiella pneumoniae,μg/mL,CHEMBL176909,1,12.5,12.5,12.5,1.0969100130080565,B,high,1,1.0
CCN1CCN(C(=O)NC(C(=O)NC2C(=O)N3C(C(=O)O)=C(CSc4nnnn4C)CSC23)c2ccc(OC(N)=O)cc2)C(=O)C1=O,O=C1NCCN(C(=O)NC(C(=O)NC2C(=O)N3C=C(CSc4nnn[nH]4)CSC23)c2ccccc2)C1=O,Escherichia coli,μg/mL,CHEMBL176409,2,6.3,0.1,12.5,0.7993405494535817,B,high,1,1.0
CCN1CCN(C(=O)NC(C(=O)NC2C(=O)N3C(C(=O)O)=C(CSc4nnnn4C)CSC23)c2ccc(OC(N)=O)cc2)C(=O)C1=O,O=C1NCCN(C(=O)NC(C(=O)NC2C(=O)N3C=C(CSc4nnn[nH]4)CSC23)c2ccccc2)C1=O,Klebsiella pneumoniae,μg/mL,CHEMBL176409,1,0.05,0.05,0.05,-1.3010299956639813,B,high,1,1.0
CCN1CCN(C(=O)NC(C(=O)N[C@@H]2C(=O)N3C(C(=O)O)=C(COC(=O)N4CCN(c5cc6c(cc5F)c(=O)c(C(=O)O)cn6C5CC5)CC4)CS[C@H]23)c2ccccc2)C(=O)C1=O,O=C1NCCN(C(=O)NC(C(=O)N[C@@H]2C(=O)N3C=C(COC(=O)N4CCN(c5ccc6c(=O)ccn(C7CC7)c6c5)CC4)CS[C@H]23)c2ccccc2)C1=O,Klebsiella pneumoniae,μg/mL,CHEMBL431225,1,0.125,0.125,0.125,-0.9030899869919435,B,high,1,1.0
CCN1CCN(C(=O)NC(C(=O)N[C@@H]2C(=O)N3C(C(=O)O)=C(COC(=O)N4CCN(c5cc6c(cc5F)c(=O)c(C(=O)O)cn6C5CC5)CC4)CS[C@H]23)c2ccccc2)C(=O)C1=O,O=C1NCCN(C(=O)NC(C(=O)N[C@@H]2C(=O)N3C=C(COC(=O)N4CCN(c5ccc6c(=O)ccn(C7CC7)c6c5)CC4)CS[C@H]23)c2ccccc2)C1=O,Pseudomonas aeruginosa,μg/mL,CHEMBL431225,2,1.5,1.0,2.0,0.17609125905568124,B,high,1,1.0
CCN1CCN(C(=O)NC(C(=O)N[C@@H]2C(=O)N3[C@@H]2SC(C)(C)[C@@H]3C(=O)[O-])c2ccccc2)C(=O)C1=O.C[C@]1(COC(=O)Cc2ccc(O)c(O)c2)[C@H](C(=O)[O-])N2C(=O)/C(=C/c3ccccn3)C2S1(=O)=O.[Na+].[Na+],O=C(Cc1ccccc1)OCC1CN2C(=O)/C(=C/c3ccccn3)C2S1(=O)=O.O=C1NCCN(C(=O)NC(C(=O)N[C@@H]2C(=O)N3CCS[C@H]23)c2ccccc2)C1=O,Escherichia coli,μg/mL,CHEMBL410714,21,2.0,1.0,64.0,0.3010299956639812,B,high,1,1.0
CCN1CCN(C(=O)NC(C(=O)N[C@@H]2C(=O)N3[C@@H]2SC(C)(C)[C@@H]3C(=O)[O-])c2ccccc2)C(=O)C1=O.C[C@]1(COC(=O)Cc2ccc(O)c(O)c2)[C@H](C(=O)[O-])N2C(=O)/C(=C/c3ccccn3)C2S1(=O)=O.[Na+].[Na+],O=C(Cc1ccccc1)OCC1CN2C(=O)/C(=C/c3ccccn3)C2S1(=O)=O.O=C1NCCN(C(=O)NC(C(=O)N[C@@H]2C(=O)N3CCS[C@H]23)c2ccccc2)C1=O,Klebsiella pneumoniae,μg/mL,CHEMBL410714,3,8.0,4.0,32.0,0.9030899869919435,B,high,1,1.0
CCN1CCN(C(=O)NC(C(=O)N[C@@H]2C(=O)N3[C@@H]2SC(C)(C)[C@@H]3C(=O)[O-])c2ccccc2)C(=O)C1=O.C[C@]1(COC(=O)Cc2ccc(O)c(O)c2)[C@H](C(=O)[O-])N2C(=O)/C(=C/c3ccccn3)C2S1(=O)=O.[Na+].[Na+],O=C(Cc1ccccc1)OCC1CN2C(=O)/C(=C/c3ccccn3)C2S1(=O)=O.O=C1NCCN(C(=O)NC(C(=O)N[C@@H]2C(=O)N3CCS[C@H]23)c2ccccc2)C1=O,Pseudomonas aeruginosa,μg/mL,CHEMBL410714,1,2.0,2.0,2.0,0.3010299956639812,B,high,1,1.0
CCN1CCN(C(=O)NC(C(=O)N[C@@H]2C(=O)N3[C@@H]2SC(C)(C)[C@@H]3C(=O)[O-])c2ccccc2)C(=O)C1=O.C[C@]1(Cn2ccnn2)C(C(=O)[O-])N2C(=O)C[C@H]2S1(=O)=O.[Na+].[Na+],O=C1C[C@@H]2N1CC(Cn1ccnn1)S2(=O)=O.O=C1NCCN(C(=O)NC(C(=O)N[C@@H]2C(=O)N3CCS[C@H]23)c2ccccc2)C1=O,Escherichia coli,μg/mL,CHEMBL302400,20,4.0,1.0,16.0,0.6020599913279624,B,high,1,1.0
CCN1CCN(C(=O)NC(C(=O)N[C@@H]2C(=O)N3[C@@H]2SC(C)(C)[C@@H]3C(=O)[O-])c2ccccc2)C(=O)C1=O.C[C@]1(Cn2ccnn2)C(C(=O)[O-])N2C(=O)C[C@H]2S1(=O)=O.[Na+].[Na+],O=C1C[C@@H]2N1CC(Cn1ccnn1)S2(=O)=O.O=C1NCCN(C(=O)NC(C(=O)N[C@@H]2C(=O)N3CCS[C@H]23)c2ccccc2)C1=O,Klebsiella pneumoniae,μg/mL,CHEMBL302400,3,8.0,2.0,32.0,0.9030899869919435,B,high,1,1.0
CCN1CCN(C(=O)NC(C(=O)N[C@@H]2C(=O)N3[C@@H]2SC(C)(C)[C@@H]3C(=O)[O-])c2ccccc2)C(=O)C1=O.C[C@]1(Cn2ccnn2)C(C(=O)[O-])N2C(=O)C[C@H]2S1(=O)=O.[Na+].[Na+],O=C1C[C@@H]2N1CC(Cn1ccnn1)S2(=O)=O.O=C1NCCN(C(=O)NC(C(=O)N[C@@H]2C(=O)N3CCS[C@H]23)c2ccccc2)C1=O,Pseudomonas aeruginosa,μg/mL,CHEMBL302400,1,16.0,16.0,16.0,1.2041199826559248,B,high,1,1.0
CCN1CCN(C(=O)NCC2CC(SC3=C(C(=O)[O-])N4C(=O)[C@H]([C@@H](C)O)[C@H]4[C@H]3C)CO2)C(=O)C1=O.[Na+],O=C1NCCN(C(=O)NCC2CC(SC3=CN4C(=O)C[C@H]4C3)CO2)C1=O,Escherichia coli,μg/mL,CHEMBL104965,3,2.0,0.25,4.0,0.3010299956639812,B,high,1,1.0
CCN1CCN(C(=O)NCC2CC(SC3=C(C(=O)[O-])N4C(=O)[C@H]([C@@H](C)O)[C@H]4[C@H]3C)CO2)C(=O)C1=O.[Na+],O=C1NCCN(C(=O)NCC2CC(SC3=CN4C(=O)C[C@H]4C3)CO2)C1=O,Pseudomonas aeruginosa,μg/mL,CHEMBL104965,1,128.0,128.0,128.0,2.1072099696478683,B,high,1,1.0
CCN1CCN(C(=O)NC[C@H]2OCC[C@H]2SC2=C(C(=O)[O-])N3C(=O)[C@H]([C@@H](C)O)[C@H]3[C@H]2C)C(=O)C1=O.[Na+],O=C1NCCN(C(=O)NC[C@H]2OCC[C@H]2SC2=CN3C(=O)C[C@H]3C2)C1=O,Pseudomonas aeruginosa,μg/mL,CHEMBL105505,2,24.0,16.0,32.0,1.380211241711606,B,high,1,1.0
CCN1CCN(C(=O)N[C@@H](C(=O)N[C@@H]2C(=O)N3C(C(=O)O)=C(CN4CCN(c5cc6c(cc5F)c(=O)c(C(=O)O)cn6C5CC5)CC4)CS[C@H]23)c2ccc(O)cc2)C(=O)C1=O,O=C1NCCN(C(=O)N[C@@H](C(=O)N[C@@H]2C(=O)N3C=C(CN4CCN(c5ccc6c(=O)ccn(C7CC7)c6c5)CC4)CS[C@H]23)c2ccccc2)C1=O,Klebsiella pneumoniae,μg/mL,CHEMBL133844,1,0.5,0.5,0.5,-0.3010299956639812,B,high,1,1.0
CCN1CCN(C(=O)N[C@@H](C(=O)N[C@@H]2C(=O)N3C(C(=O)O)=C(CN4CCN(c5cc6c(cc5F)c(=O)c(C(=O)O)cn6C5CC5)CC4)CS[C@H]23)c2ccc(O)cc2)C(=O)C1=O,O=C1NCCN(C(=O)N[C@@H](C(=O)N[C@@H]2C(=O)N3C=C(CN4CCN(c5ccc6c(=O)ccn(C7CC7)c6c5)CC4)CS[C@H]23)c2ccccc2)C1=O,Pseudomonas aeruginosa,μg/mL,CHEMBL133844,2,5.0,2.0,8.0,0.6989700043360189,B,high,1,1.0
CCN1CCN(C(=O)N[C@@H](C(=O)N[C@@H]2C(=O)N3C(C(=O)O)=C(CSc4nnnn4C)CS[C@H]23)c2ccc(O)cc2)C(=O)C1=O,O=C1NCCN(C(=O)N[C@@H](C(=O)N[C@@H]2C(=O)N3C=C(CSc4nnn[nH]4)CS[C@H]23)c2ccccc2)C1=O,Acinetobacter baumannii,μg/mL,CHEMBL507674,1,2.0,2.0,2.0,0.3010299956639812,B,high,1,1.0
CCN1CCN(C(=O)N[C@@H](C(=O)N[C@@H]2C(=O)N3[C@@H]2C(O)[C@H](C)[C@@H]3C(=O)OCOC(=O)C(C)(C)C)c2ccccc2)C(=O)C1=O,O=C1NCCN(C(=O)N[C@@H](C(=O)N[C@@H]2C(=O)N3CCC[C@H]23)c2ccccc2)C1=O,Escherichia coli,μg/mL,CHEMBL97864,1,6.25,6.25,6.25,0.7958800173440752,B,high,1,1.0
CCN1CCN(C(=O)N[C@@H](C(=O)N[C@@H]2C(=O)N3[C@@H]2C(O)[C@H](C)[C@@H]3C(=O)OCOC(=O)C(C)(C)C)c2ccccc2)C(=O)C1=O,O=C1NCCN(C(=O)N[C@@H](C(=O)N[C@@H]2C(=O)N3CCC[C@H]23)c2ccccc2)C1=O,Klebsiella pneumoniae,μg/mL,CHEMBL97864,1,12.5,12.5,12.5,1.0969100130080565,B,high,1,1.0
CCN1CCN(C(=O)N[C@@H](C(=O)N[C@@H]2C(=O)N3[C@@H]2C(O)[C@H](C)[C@@H]3C(=O)OCOC(=O)C(C)(C)C)c2ccccc2)C(=O)C1=O,O=C1NCCN(C(=O)N[C@@H](C(=O)N[C@@H]2C(=O)N3CCC[C@H]23)c2ccccc2)C1=O,Pseudomonas aeruginosa,μg/mL,CHEMBL97864,1,200.0,200.0,200.0,2.3010299956639813,B,high,1,1.0
CCN1CCN(C(=O)N[C@@H](C(=O)N[C@@H]2C(=O)N3[C@@H]2SC(C)(C)[C@@H]3C(=O)O)c2ccccc2)C(=O)C1=O,O=C1NCCN(C(=O)N[C@@H](C(=O)N[C@@H]2C(=O)N3CCS[C@H]23)c2ccccc2)C1=O,Acinetobacter baumannii,μg/mL,CHEMBL702,32,16.0,1.0,512.0,1.2041199826559248,B,high,11,1.0
CCN1CCN(C(=O)N[C@@H](C(=O)N[C@@H]2C(=O)N3[C@@H]2SC(C)(C)[C@@H]3C(=O)O)c2ccccc2)C(=O)C1=O,O=C1NCCN(C(=O)N[C@@H](C(=O)N[C@@H]2C(=O)N3CCS[C@H]23)c2ccccc2)C1=O,Escherichia coli,μg/mL,CHEMBL702,6,10.0,2.0,64.0,1.0,B,high,1,1.0
CCN1CCN(C(=O)N[C@@H](C(=O)N[C@H]2CN3CC(C#N)=C(C(=O)O)N3C2=O)c2ccccc2)C(=O)C1=O,O=C1NCCN(C(=O)N[C@@H](C(=O)N[C@H]2CN3CC=CN3C2=O)c2ccccc2)C1=O,Escherichia coli,μg/mL,CHEMBL2367889,1,1.0,1.0,1.0,0.0,B,high,1,1.0
CCN1CCN(C(=O)N[C@@H](C(=O)N[C@H]2CN3CC(C#N)=C(C(=O)O)N3C2=O)c2ccccc2)C(=O)C1=O,O=C1NCCN(C(=O)N[C@@H](C(=O)N[C@H]2CN3CC=CN3C2=O)c2ccccc2)C1=O,Klebsiella pneumoniae,μg/mL,CHEMBL2367889,1,0.5,0.5,0.5,-0.3010299956639812,B,high,1,1.0
CCN1CCN(C(=O)N[C@@H](C(=O)N[C@H]2CN3CC(C#N)=C(C(=O)O)N3C2=O)c2ccccc2)C(=O)C1=O,O=C1NCCN(C(=O)N[C@@H](C(=O)N[C@H]2CN3CC=CN3C2=O)c2ccccc2)C1=O,Pseudomonas aeruginosa,μg/mL,CHEMBL2367889,1,128.0,128.0,128.0,2.1072099696478683,B,high,1,1.0
CCN1CCN(C[C@@H]2C[C@H](SC3=C(C(=O)O)N4C(=O)C([C@@H](C)O)C4[C@H]3C)CN2)S1(=O)=O,O=C1CC2CC(S[C@@H]3CN[C@H](CN4CCNS4(=O)=O)C3)=CN12,Acinetobacter baumannii,μg/mL,CHEMBL244119,1,25.0,25.0,25.0,1.3979400086720377,B,high,1,1.0
CCN1CCN(c2cc3c(cc2F)c(=O)c(C(=O)O)c2n3C(C)S2)CC1,O=c1cc2n(c3cc(N4CCNCC4)ccc13)CS2,Klebsiella pneumoniae,μg/mL,CHEMBL143770,1,0.05,0.05,0.05,-1.3010299956639813,B,high,1,1.0
CCN1CCN(c2cc3c(cc2F)c(=O)c(C(=O)O)c2n3C(C)S2)CC1,O=c1cc2n(c3cc(N4CCNCC4)ccc13)CS2,Pseudomonas aeruginosa,μg/mL,CHEMBL143770,1,0.78,0.78,0.78,-0.10790539730951958,B,high,1,1.0
CCN1CCN(c2cc3c(cc2F)c(=O)c(C(=O)O)cn3-c2ccc(F)cc2F)CC1,O=c1ccn(-c2ccccc2)c2cc(N3CCNCC3)ccc12,Escherichia coli,μg/mL,CHEMBL279854,1,0.4,0.4,0.4,-0.3979400086720376,B,high,1,1.0
CCN1CCN(c2cc3c(cc2F)c(=O)c(C(=O)O)cn3-c2ccc(F)cc2F)CC1,O=c1ccn(-c2ccccc2)c2cc(N3CCNCC3)ccc12,Pseudomonas aeruginosa,μg/mL,CHEMBL279854,1,1.6,1.6,1.6,0.2041199826559248,B,high,1,1.0
CCN1CCN(c2cc3c(cc2F)c(=O)c(C(=O)O)cn3C(C)(C)C)CC1,O=c1cc[nH]c2cc(N3CCNCC3)ccc12,Escherichia coli,μg/mL,CHEMBL15350,1,0.2,0.2,0.2,-0.6989700043360187,B,high,1,1.0
CCN1CCN(c2cc3c(cc2F)c(=O)c(C(=O)O)cn3C(C)(C)C)CC1,O=c1cc[nH]c2cc(N3CCNCC3)ccc12,Pseudomonas aeruginosa,μg/mL,CHEMBL15350,1,1.6,1.6,1.6,0.2041199826559248,B,high,1,1.0
CCN1CCN(c2cc3c(cc2F)c(=O)c(C(=O)O)cn3C(C)C)CC1,O=c1cc[nH]c2cc(N3CCNCC3)ccc12,Escherichia coli,μg/mL,CHEMBL275411,1,1.6,1.6,1.6,0.2041199826559248,B,high,1,1.0
CCN1CCN(c2cc3c(cc2F)c(=O)c(C(=O)O)cn3C2CC2)CC1,O=c1ccn(C2CC2)c2cc(N3CCNCC3)ccc12,Acinetobacter baumannii,μg/mL,CHEMBL15511,1,0.235,0.235,0.235,-0.6289321377282637,B,high,1,1.0
CCN1CCN(c2cc3c(cc2F)c(=O)c(C(=O)O)cn3C2CC2)CC1,O=c1ccn(C2CC2)c2cc(N3CCNCC3)ccc12,Escherichia coli,μg/mL,CHEMBL15511,1,0.05,0.05,0.05,-1.3010299956639813,B,high,1,1.0
CCN1CCN(c2cc3c(cc2F)c(=O)c(C(=O)O)cn3C2CC2)CC1,O=c1ccn(C2CC2)c2cc(N3CCNCC3)ccc12,Pseudomonas aeruginosa,μg/mL,CHEMBL15511,1,0.8,0.8,0.8,-0.09691001300805639,B,high,1,1.0
CCN1CCN(c2cc3c(cc2F)c(=O)c(C(=O)O)cn3C2CCC2)CC1,O=c1ccn(C2CCC2)c2cc(N3CCNCC3)ccc12,Escherichia coli,μg/mL,CHEMBL15148,1,0.8,0.8,0.8,-0.09691001300805639,B,high,1,1.0
CCN1CCN(c2cc3c(cc2F)c(=O)c(C(=O)O)cn3CC)CC1,O=c1cc[nH]c2cc(N3CCNCC3)ccc12,Escherichia coli,μg/mL,CHEMBL15467,1,0.1,0.1,0.1,-1.0,B,high,1,1.0
CCN1CCN(c2cc3c(cc2F)c(=O)c(C(=O)O)cn3CC)CC1,O=c1cc[nH]c2cc(N3CCNCC3)ccc12,Pseudomonas aeruginosa,μg/mL,CHEMBL15467,1,1.6,1.6,1.6,0.2041199826559248,B,high,1,1.0
CCN1CCc2c([n+]([O-])c3ccccc3[n+]2[O-])C1=O,O=C1NCCc2[nH+]c3ccccc3[nH+]c21,Escherichia coli,μg/mL,CHEMBL422728,1,3.12,3.12,3.12,0.4941545940184428,B,high,1,1.0
CCN1Cc2csc3c(C(=O)O)c(=O)c4cc(F)c(N5CCN(C)CC5)c1c4n23,O=c1cc2scc3n2c2c(c(N4CCNCC4)ccc12)NC3,Klebsiella pneumoniae,μg/mL,CHEMBL313125,1,0.2,0.2,0.2,-0.6989700043360187,B,high,1,1.0
CCN1Cc2csc3c(C(=O)O)c(=O)c4cc(F)c(N5CCN(C)CC5)c1c4n23,O=c1cc2scc3n2c2c(c(N4CCNCC4)ccc12)NC3,Pseudomonas aeruginosa,μg/mL,CHEMBL313125,2,3.13,3.13,3.13,0.49554433754644844,B,high,1,1.0
CCNC(C)C1CCN(c2cc3c(c(N)c2F)c(=O)c(C(=O)O)cn3C2CC2)C1,O=c1ccn(C2CC2)c2cc(N3CCCC3)ccc12,Escherichia coli,μg/mL,CHEMBL15312,1,0.1,0.1,0.1,-1.0,B,high,1,1.0
CCNC1CCN(c2c(F)cc3c(=O)c(C(=O)O)c4scc5n4c3c2OC5)C1,O=c1cc2scc3n2c2c(c(N4CCCC4)ccc12)OC3,Klebsiella pneumoniae,μg/mL,CHEMBL367021,1,0.39,0.39,0.39,-0.4089353929735008,B,high,1,1.0
CCNC1CCN(c2nc3c(cc2F)c(=O)c(C(=O)O)cn3CC)C1,O=c1cc[nH]c2nc(N3CCCC3)ccc12,Pseudomonas aeruginosa,μg/mL,CHEMBL416420,1,3.13,3.13,3.13,0.49554433754644844,B,high,1,1.0
CCNCC(=O)Nc1cc(F)c2c(c1O)C(=O)C1=C(O)[C@]3(O)C(=O)C(C(N)=O)=C(O)[C@@H](N(C)C)[C@@H]3C[C@@H]1C2,O=C1C2=CC3C(=O)C=CC[C@@H]3C[C@@H]2Cc2ccccc21,Acinetobacter baumannii,μg/mL,CHEMBL1951086,1,2.0,2.0,2.0,0.3010299956639812,B,high,1,1.0
CCNCC1(c2ccccc2)CCN(c2c(F)cc3c(=O)c(C(=O)O)cn(C4CC4)c3c2F)C1,O=c1ccn(C2CC2)c2cc(N3CCC(c4ccccc4)C3)ccc12,Klebsiella pneumoniae,μg/mL,CHEMBL168880,1,0.8,0.8,0.8,-0.09691001300805639,B,high,1,1.0
CCNCC1CCC(c2c(F)cc3c(=O)c(C(=O)O)cn(CC)c3c2F)C1,O=c1cc[nH]c2cc(C3CCCC3)ccc12,Klebsiella pneumoniae,μg/mL,CHEMBL296062,1,0.2,0.2,0.2,-0.6989700043360187,B,high,1,1.0
CCNCC1CCCN(c2c(F)cc3c(=O)c(C(=O)O)cn(C4CC4)c3c2OCC)C1,O=c1ccn(C2CC2)c2cc(N3CCCCC3)ccc12,Klebsiella pneumoniae,μg/mL,CHEMBL343113,1,3.1,3.1,3.1,0.4913616938342727,B,high,1,1.0
CCNCC1CCN(c2c(F)c(C)c3c(=O)c(C(=O)O)cn(C4CC4)c3c2F)C1,O=c1ccn(C2CC2)c2cc(N3CCCC3)ccc12,Klebsiella pneumoniae,μg/mL,CHEMBL16371,1,0.1,0.1,0.1,-1.0,B,high,1,1.0
CCNCC1CCN(c2c(F)c(C)c3c(=O)c(C(=O)O)cn(C4CC4)c3c2F)C1,O=c1ccn(C2CC2)c2cc(N3CCCC3)ccc12,Pseudomonas aeruginosa,μg/mL,CHEMBL16371,1,0.8,0.8,0.8,-0.09691001300805639,B,high,1,1.0
CCNCC1CCN(c2c(F)c(N)c3c(=O)c(C(=O)O)cn(C4CC4)c3c2F)C1,O=c1ccn(C2CC2)c2cc(N3CCCC3)ccc12,Escherichia coli,μg/mL,CHEMBL15247,3,0.05,0.013,0.05,-1.3010299956639813,B,high,2,1.0
CCNCC1CCN(c2c(F)c(N)c3c(=O)c(C(=O)O)cn(C4CC4)c3c2F)C1,O=c1ccn(C2CC2)c2cc(N3CCCC3)ccc12,Klebsiella pneumoniae,μg/mL,CHEMBL15247,1,0.05,0.05,0.05,-1.3010299956639813,B,high,1,1.0
CCNCC1CCN(c2c(F)c(N)c3c(=O)c(C(=O)O)cn(C4CC4)c3c2F)C1,O=c1ccn(C2CC2)c2cc(N3CCCC3)ccc12,Pseudomonas aeruginosa,μg/mL,CHEMBL15247,1,0.4,0.4,0.4,-0.3979400086720376,B,high,1,1.0
CCNCC1CCN(c2c(F)c(NC(C)=O)c3c(=O)c(C(=O)O)cn(C4CC4)c3c2F)C1,O=c1ccn(C2CC2)c2cc(N3CCCC3)ccc12,Escherichia coli,μg/mL,CHEMBL356984,1,12.5,12.5,12.5,1.0969100130080565,B,high,1,1.0
CCNCC1CCN(c2c(F)c(NC)c3c(=O)c(C(=O)O)cn(C4CC4)c3c2F)C1,O=c1ccn(C2CC2)c2cc(N3CCCC3)ccc12,Escherichia coli,μg/mL,CHEMBL359193,2,0.125,0.05,0.2,-0.9030899869919435,B,high,1,1.0
CCNCC1CCN(c2c(F)c(NC)c3c(=O)c(C(=O)O)cn(C4CC4)c3c2F)C1,O=c1ccn(C2CC2)c2cc(N3CCCC3)ccc12,Klebsiella pneumoniae,μg/mL,CHEMBL359193,1,0.4,0.4,0.4,-0.3979400086720376,B,high,1,1.0
CCNCC1CCN(c2c(F)c(NC)c3c(=O)c(C(=O)O)cn(C4CC4)c3c2F)C1,O=c1ccn(C2CC2)c2cc(N3CCCC3)ccc12,Pseudomonas aeruginosa,μg/mL,CHEMBL359193,1,3.1,3.1,3.1,0.4913616938342727,B,high,1,1.0
CCNCC1CCN(c2c(F)cc3c(=O)c(C(=O)O)cn(-c4ccc(F)cc4)c3c2F)C1,O=c1ccn(-c2ccccc2)c2cc(N3CCCC3)ccc12,Escherichia coli,μg/mL,CHEMBL268887,2,0.45,0.1,0.8,-0.3467874862246563,B,high,1,1.0
CCNCC1CCN(c2c(F)cc3c(=O)c(C(=O)O)cn(-c4ccc(F)cc4)c3c2F)C1,O=c1ccn(-c2ccccc2)c2cc(N3CCCC3)ccc12,Klebsiella pneumoniae,μg/mL,CHEMBL268887,1,1.6,1.6,1.6,0.2041199826559248,B,high,1,1.0
CCNCC1CCN(c2c(F)cc3c(=O)c(C(=O)O)cn(-c4ccc(F)cc4)c3c2F)C1,O=c1ccn(-c2ccccc2)c2cc(N3CCCC3)ccc12,Pseudomonas aeruginosa,μg/mL,CHEMBL268887,1,1.6,1.6,1.6,0.2041199826559248,B,high,1,1.0
CCNCC1CCN(c2c(F)cc3c(=O)c(C(=O)O)cn(-c4ccccc4)c3c2F)C1,O=c1ccn(-c2ccccc2)c2cc(N3CCCC3)ccc12,Escherichia coli,μg/mL,CHEMBL263075,2,1.2000000000000002,0.8,1.6,0.07918124604762489,B,high,1,1.0
CCNCC1CCN(c2c(F)cc3c(=O)c(C(=O)O)cn(-c4ccccc4)c3c2F)C1,O=c1ccn(-c2ccccc2)c2cc(N3CCCC3)ccc12,Klebsiella pneumoniae,μg/mL,CHEMBL263075,1,1.6,1.6,1.6,0.2041199826559248,B,high,1,1.0
CCNCC1CCN(c2c(F)cc3c(=O)c(C(=O)O)cn(-c4ccccc4)c3c2F)C1,O=c1ccn(-c2ccccc2)c2cc(N3CCCC3)ccc12,Pseudomonas aeruginosa,μg/mL,CHEMBL263075,1,6.3,6.3,6.3,0.7993405494535817,B,high,1,1.0
CCNCC1CCN(c2c(F)cc3c(=O)c(C(=O)O)cn(-c4nccs4)c3c2F)C1,O=c1ccn(-c2nccs2)c2cc(N3CCCC3)ccc12,Escherichia coli,μg/mL,CHEMBL6299,2,2.35,1.6,3.1,0.37106786227173627,B,high,1,1.0
CCNCC1CCN(c2c(F)cc3c(=O)c(C(=O)O)cn(-c4nccs4)c3c2F)C1,O=c1ccn(-c2nccs2)c2cc(N3CCCC3)ccc12,Klebsiella pneumoniae,μg/mL,CHEMBL6299,1,3.1,3.1,3.1,0.4913616938342727,B,high,1,1.0
CCNCC1CCN(c2c(F)cc3c(=O)c(C(=O)O)cn(-c4nccs4)c3c2F)C1,O=c1ccn(-c2nccs2)c2cc(N3CCCC3)ccc12,Pseudomonas aeruginosa,μg/mL,CHEMBL6299,1,25.0,25.0,25.0,1.3979400086720377,B,high,1,1.0
CCNCC1CCN(c2c(F)cc3c(=O)c(C(=O)O)cn(C(C)C)c3c2F)C1,O=c1cc[nH]c2cc(N3CCCC3)ccc12,Escherichia coli,μg/mL,CHEMBL265664,2,0.5,0.2,0.8,-0.3010299956639812,B,high,1,1.0
CCNCC1CCN(c2c(F)cc3c(=O)c(C(=O)O)cn(C(C)C)c3c2F)C1,O=c1cc[nH]c2cc(N3CCCC3)ccc12,Klebsiella pneumoniae,μg/mL,CHEMBL265664,1,0.8,0.8,0.8,-0.09691001300805639,B,high,1,1.0
CCNCC1CCN(c2c(F)cc3c(=O)c(C(=O)O)cn(C(C)C)c3c2F)C1,O=c1cc[nH]c2cc(N3CCCC3)ccc12,Pseudomonas aeruginosa,μg/mL,CHEMBL265664,1,12.5,12.5,12.5,1.0969100130080565,B,high,1,1.0
CCNCC1CCN(c2c(F)cc3c(=O)c(C(=O)O)cn(C)c3c2F)C1,O=c1cc[nH]c2cc(N3CCCC3)ccc12,Escherichia coli,μg/mL,CHEMBL6287,2,0.25,0.1,0.4,-0.6020599913279624,B,high,1,1.0
CCNCC1CCN(c2c(F)cc3c(=O)c(C(=O)O)cn(C)c3c2F)C1,O=c1cc[nH]c2cc(N3CCCC3)ccc12,Klebsiella pneumoniae,μg/mL,CHEMBL6287,1,0.4,0.4,0.4,-0.3979400086720376,B,high,1,1.0
CCNCC1CCN(c2c(F)cc3c(=O)c(C(=O)O)cn(C)c3c2F)C1,O=c1cc[nH]c2cc(N3CCCC3)ccc12,Pseudomonas aeruginosa,μg/mL,CHEMBL6287,1,1.6,1.6,1.6,0.2041199826559248,B,high,1,1.0
CCNCC1CCN(c2c(F)cc3c(=O)c(C(=O)O)cn(C4(C)CC4)c3c2F)C1,O=c1ccn(C2CC2)c2cc(N3CCCC3)ccc12,Escherichia coli,μg/mL,CHEMBL6276,2,1.2000000000000002,0.8,1.6,0.07918124604762489,B,high,1,1.0
CCNCC1CCN(c2c(F)cc3c(=O)c(C(=O)O)cn(C4(C)CC4)c3c2F)C1,O=c1ccn(C2CC2)c2cc(N3CCCC3)ccc12,Klebsiella pneumoniae,μg/mL,CHEMBL6276,1,0.8,0.8,0.8,-0.09691001300805639,B,high,1,1.0
CCNCC1CCN(c2c(F)cc3c(=O)c(C(=O)O)cn(C4(C)CC4)c3c2F)C1,O=c1ccn(C2CC2)c2cc(N3CCCC3)ccc12,Pseudomonas aeruginosa,μg/mL,CHEMBL6276,1,3.1,3.1,3.1,0.4913616938342727,B,high,1,1.0
CCNCC1CCN(c2c(F)cc3c(=O)c(C(=O)O)cn(C4CC4)c3c2C(F)(F)F)C1,O=c1ccn(C2CC2)c2cc(N3CCCC3)ccc12,Escherichia coli,μg/mL,CHEMBL275412,1,0.4,0.4,0.4,-0.3979400086720376,B,high,1,1.0
CCNCC1CCN(c2c(F)cc3c(=O)c(C(=O)O)cn(C4CC4)c3c2Cl)C1,O=c1ccn(C2CC2)c2cc(N3CCCC3)ccc12,Klebsiella pneumoniae,μg/mL,CHEMBL275414,1,0.1,0.1,0.1,-1.0,B,high,1,1.0
CCNCC1CCN(c2c(F)cc3c(=O)c(C(=O)O)cn(C4CC4)c3c2Cl)C1,O=c1ccn(C2CC2)c2cc(N3CCCC3)ccc12,Pseudomonas aeruginosa,μg/mL,CHEMBL275414,1,0.8,0.8,0.8,-0.09691001300805639,B,high,1,1.0
CCNCC1CCN(c2c(F)cc3c(=O)c(C(=O)O)cn(C4CC4)c3c2F)C1,O=c1ccn(C2CC2)c2cc(N3CCCC3)ccc12,Escherichia coli,μg/mL,CHEMBL6210,5,0.05,0.013,0.05,-1.3010299956639813,B,high,3,1.0
CCNCC1CCN(c2c(F)cc3c(=O)c(C(=O)O)cn(C4CC4)c3c2F)C1,O=c1ccn(C2CC2)c2cc(N3CCCC3)ccc12,Klebsiella pneumoniae,μg/mL,CHEMBL6210,4,0.1,0.05,0.1,-1.0,B,high,4,1.0
CCNCC1CCN(c2c(F)cc3c(=O)c(C(=O)O)cn(C4CC4)c3c2F)C1,O=c1ccn(C2CC2)c2cc(N3CCCC3)ccc12,Pseudomonas aeruginosa,μg/mL,CHEMBL6210,4,0.4,0.2,0.4,-0.3979400086720376,B,high,4,1.0
CCNCC1CCN(c2c(F)cc3c(=O)c(C(=O)O)cn(C4CC4)c3c2N)C1.Cl.Cl,O=c1ccn(C2CC2)c2cc(N3CCCC3)ccc12,Klebsiella pneumoniae,μg/mL,CHEMBL540362,1,0.8,0.8,0.8,-0.09691001300805639,B,high,1,1.0
CCNCC1CCN(c2c(F)cc3c(=O)c(C(=O)O)cn(C4CC4)c3c2N)C1.Cl.Cl,O=c1ccn(C2CC2)c2cc(N3CCCC3)ccc12,Pseudomonas aeruginosa,μg/mL,CHEMBL540362,1,3.1,3.1,3.1,0.4913616938342727,B,high,1,1.0
CCNCC1CCN(c2c(F)cc3c(=O)c(C(=O)O)cn(C4CC4)c3c2OC)C1,O=c1ccn(C2CC2)c2cc(N3CCCC3)ccc12,Escherichia coli,μg/mL,CHEMBL278184,1,0.1,0.1,0.1,-1.0,B,high,1,1.0
CCNCC1CCN(c2c(F)cc3c(=O)c(C(=O)O)cn(C4CC4)c3c2OC)C1,O=c1ccn(C2CC2)c2cc(N3CCCC3)ccc12,Klebsiella pneumoniae,μg/mL,CHEMBL278184,1,0.2,0.2,0.2,-0.6989700043360187,B,high,1,1.0
CCNCC1CCN(c2c(F)cc3c(=O)c(C(=O)O)cn(C4CC4)c3c2OC)C1,O=c1ccn(C2CC2)c2cc(N3CCCC3)ccc12,Pseudomonas aeruginosa,μg/mL,CHEMBL278184,1,1.6,1.6,1.6,0.2041199826559248,B,high,1,1.0
CCNCC1CCN(c2c(F)cc3c(=O)c(C(=O)O)cn(C4CC4)c3c2OCC)CC1,O=c1ccn(C2CC2)c2cc(N3CCCCC3)ccc12,Escherichia coli,μg/mL,CHEMBL15171,1,0.8,0.8,0.8,-0.09691001300805639,B,high,1,1.0
CCNCC1CCN(c2c(F)cc3c(=O)c(C(=O)O)cn(C4CC4)c3c2[N+](=O)[O-])C1.Cl,O=c1ccn(C2CC2)c2cc(N3CCCC3)ccc12,Klebsiella pneumoniae,μg/mL,CHEMBL556401,1,0.8,0.8,0.8,-0.09691001300805639,B,high,1,1.0
CCNCC1CCN(c2c(F)cc3c(=O)c(C(=O)O)cn(C4CC4)c3c2[N+](=O)[O-])C1.Cl,O=c1ccn(C2CC2)c2cc(N3CCCC3)ccc12,Pseudomonas aeruginosa,μg/mL,CHEMBL556401,1,6.3,6.3,6.3,0.7993405494535817,B,high,1,1.0
CCNCC1CCN(c2c(F)cc3c(=O)c(C(=O)O)cn(C4CC4C)c3c2F)C1,O=c1ccn(C2CC2)c2cc(N3CCCC3)ccc12,Escherichia coli,μg/mL,CHEMBL6282,2,0.8,0.8,0.8,-0.09691001300805639,B,high,1,1.0
CCNCC1CCN(c2c(F)cc3c(=O)c(C(=O)O)cn(C4CC4C)c3c2F)C1,O=c1ccn(C2CC2)c2cc(N3CCCC3)ccc12,Klebsiella pneumoniae,μg/mL,CHEMBL6282,1,1.6,1.6,1.6,0.2041199826559248,B,high,1,1.0
CCNCC1CCN(c2c(F)cc3c(=O)c(C(=O)O)cn(C4CC4C)c3c2F)C1,O=c1ccn(C2CC2)c2cc(N3CCCC3)ccc12,Pseudomonas aeruginosa,μg/mL,CHEMBL6282,1,6.3,6.3,6.3,0.7993405494535817,B,high,1,1.0
CCNCC1CCN(c2c(F)cc3c(=O)c(C(=O)O)cn(C4CCC4)c3c2F)C1,O=c1ccn(C2CCC2)c2cc(N3CCCC3)ccc12,Escherichia coli,μg/mL,CHEMBL6262,2,0.15000000000000002,0.1,0.2,-0.8239087409443187,B,high,1,1.0
CCNCC1CCN(c2c(F)cc3c(=O)c(C(=O)O)cn(C4CCC4)c3c2F)C1,O=c1ccn(C2CCC2)c2cc(N3CCCC3)ccc12,Klebsiella pneumoniae,μg/mL,CHEMBL6262,1,0.4,0.4,0.4,-0.3979400086720376,B,high,1,1.0
CCNCC1CCN(c2c(F)cc3c(=O)c(C(=O)O)cn(C4CCC4)c3c2F)C1,O=c1ccn(C2CCC2)c2cc(N3CCCC3)ccc12,Pseudomonas aeruginosa,μg/mL,CHEMBL6262,1,3.1,3.1,3.1,0.4913616938342727,B,high,1,1.0
CCNCC1CCN(c2c(F)cc3c(=O)c(C(=O)O)cn(C4CCCC4)c3c2F)C1,O=c1ccn(C2CCCC2)c2cc(N3CCCC3)ccc12,Escherichia coli,μg/mL,CHEMBL6265,2,1.9500000000000002,0.8,3.1,0.29003461136251807,B,high,1,1.0
CCNCC1CCN(c2c(F)cc3c(=O)c(C(=O)O)cn(C4CCCC4)c3c2F)C1,O=c1ccn(C2CCCC2)c2cc(N3CCCC3)ccc12,Klebsiella pneumoniae,μg/mL,CHEMBL6265,1,3.1,3.1,3.1,0.4913616938342727,B,high,1,1.0
CCNCC1CCN(c2c(F)cc3c(=O)c(C(=O)O)cn(C4CCCC4)c3c2F)C1,O=c1ccn(C2CCCC2)c2cc(N3CCCC3)ccc12,Pseudomonas aeruginosa,μg/mL,CHEMBL6265,1,12.5,12.5,12.5,1.0969100130080565,B,high,1,1.0
CCNCC1CCN(c2c(F)cc3c(=O)c(C(=O)O)cn(C4CCCCC4)c3c2F)C1,O=c1ccn(C2CCCCC2)c2cc(N3CCCC3)ccc12,Escherichia coli,μg/mL,CHEMBL267628,2,4.7,3.1,6.3,0.6720978579357175,B,high,1,1.0
CCNCC1CCN(c2c(F)cc3c(=O)c(C(=O)O)cn(C4CCCCC4)c3c2F)C1,O=c1ccn(C2CCCCC2)c2cc(N3CCCC3)ccc12,Klebsiella pneumoniae,μg/mL,CHEMBL267628,1,12.5,12.5,12.5,1.0969100130080565,B,high,1,1.0
CCNCC1CCN(c2c(F)cc3c(=O)c(C(=O)O)cn(CC(F)(F)F)c3c2F)C1,O=c1cc[nH]c2cc(N3CCCC3)ccc12,Escherichia coli,μg/mL,CHEMBL265663,2,0.6000000000000001,0.4,0.8,-0.2218487496163563,B,high,1,1.0
CCNCC1CCN(c2c(F)cc3c(=O)c(C(=O)O)cn(CC(F)(F)F)c3c2F)C1,O=c1cc[nH]c2cc(N3CCCC3)ccc12,Klebsiella pneumoniae,μg/mL,CHEMBL265663,1,0.8,0.8,0.8,-0.09691001300805639,B,high,1,1.0
CCNCC1CCN(c2c(F)cc3c(=O)c(C(=O)O)cn(CC(F)(F)F)c3c2F)C1,O=c1cc[nH]c2cc(N3CCCC3)ccc12,Pseudomonas aeruginosa,μg/mL,CHEMBL265663,1,6.3,6.3,6.3,0.7993405494535817,B,high,1,1.0
CCNCC1CCN(c2c(F)cc3c(=O)c(C(=O)O)cn(CC)c3c2F)C1,O=c1cc[nH]c2cc(N3CCCC3)ccc12,Escherichia coli,μg/mL,CHEMBL6209,3,0.1,0.1,0.1,-1.0,B,high,2,1.0
CCNCC1CCN(c2c(F)cc3c(=O)c(C(=O)O)cn(CC)c3c2F)C1,O=c1cc[nH]c2cc(N3CCCC3)ccc12,Klebsiella pneumoniae,μg/mL,CHEMBL6209,2,0.2,0.2,0.2,-0.6989700043360187,B,high,2,1.0
CCNCC1CCN(c2c(F)cc3c(=O)c(C(=O)O)cn(CC)c3c2F)C1,O=c1cc[nH]c2cc(N3CCCC3)ccc12,Pseudomonas aeruginosa,μg/mL,CHEMBL6209,2,1.6,1.6,1.6,0.2041199826559248,B,high,2,1.0
CCNCC1CCN(c2c(F)cc3c(=O)c(C(=O)O)cn(CC4CC4)c3c2F)C1,O=c1ccn(CC2CC2)c2cc(N3CCCC3)ccc12,Escherichia coli,μg/mL,CHEMBL6225,2,0.8,0.8,0.8,-0.09691001300805639,B,high,1,1.0
CCNCC1CCN(c2c(F)cc3c(=O)c(C(=O)O)cn(CC4CC4)c3c2F)C1,O=c1ccn(CC2CC2)c2cc(N3CCCC3)ccc12,Klebsiella pneumoniae,μg/mL,CHEMBL6225,1,1.6,1.6,1.6,0.2041199826559248,B,high,1,1.0
CCNCC1CCN(c2c(F)cc3c(=O)c(C(=O)O)cn(CC4CC4)c3c2F)C1,O=c1ccn(CC2CC2)c2cc(N3CCCC3)ccc12,Pseudomonas aeruginosa,μg/mL,CHEMBL6225,1,25.0,25.0,25.0,1.3979400086720377,B,high,1,1.0
CCNCC1CCN(c2c(F)cc3c(=O)c(C(=O)O)cn(CCF)c3c2F)C1,O=c1cc[nH]c2cc(N3CCCC3)ccc12,Escherichia coli,μg/mL,CHEMBL415287,2,0.1,0.1,0.1,-1.0,B,high,1,1.0
CCNCC1CCN(c2c(F)cc3c(=O)c(C(=O)O)cn(CCF)c3c2F)C1,O=c1cc[nH]c2cc(N3CCCC3)ccc12,Klebsiella pneumoniae,μg/mL,CHEMBL415287,1,0.4,0.4,0.4,-0.3979400086720376,B,high,1,1.0
CCNCC1CCN(c2c(F)cc3c(=O)c(C(=O)O)cn(CCF)c3c2F)C1,O=c1cc[nH]c2cc(N3CCCC3)ccc12,Pseudomonas aeruginosa,μg/mL,CHEMBL415287,1,1.6,1.6,1.6,0.2041199826559248,B,high,1,1.0
CCNCC1CCN(c2c(F)cc3c(=O)c(C(=O)O)cn(NC)c3c2F)C1,O=c1cc[nH]c2cc(N3CCCC3)ccc12,Escherichia coli,μg/mL,CHEMBL6256,2,0.2,0.2,0.2,-0.6989700043360187,B,high,1,1.0
CCNCC1CCN(c2c(F)cc3c(=O)c(C(=O)O)cn(NC)c3c2F)C1,O=c1cc[nH]c2cc(N3CCCC3)ccc12,Klebsiella pneumoniae,μg/mL,CHEMBL6256,1,0.2,0.2,0.2,-0.6989700043360187,B,high,1,1.0
CCNCC1CCN(c2c(F)cc3c(=O)c(C(=O)O)cn(NC)c3c2F)C1,O=c1cc[nH]c2cc(N3CCCC3)ccc12,Pseudomonas aeruginosa,μg/mL,CHEMBL6256,1,0.8,0.8,0.8,-0.09691001300805639,B,high,1,1.0
CCNCC1CCN(c2c(F)cc3c(=O)c(C(=O)O)cn(OC)c3c2F)C1,O=c1cc[nH]c2cc(N3CCCC3)ccc12,Escherichia coli,μg/mL,CHEMBL6289,2,0.4,0.4,0.4,-0.3979400086720376,B,high,1,1.0
CCNCC1CCN(c2c(F)cc3c(=O)c(C(=O)O)cn(OC)c3c2F)C1,O=c1cc[nH]c2cc(N3CCCC3)ccc12,Klebsiella pneumoniae,μg/mL,CHEMBL6289,1,0.2,0.2,0.2,-0.6989700043360187,B,high,1,1.0
CCNCC1CCN(c2c(F)cc3c(=O)c(C(=O)O)cn(OC)c3c2F)C1,O=c1cc[nH]c2cc(N3CCCC3)ccc12,Pseudomonas aeruginosa,μg/mL,CHEMBL6289,1,6.3,6.3,6.3,0.7993405494535817,B,high,1,1.0
CCNCC1CCN(c2c(F)cc3c(=O)c(C(=O)O)cn4c3c2OCC42CC2)C1,O=c1ccn2c3c(c(N4CCCC4)ccc13)OCC21CC1,Klebsiella pneumoniae,μg/mL,CHEMBL61472,1,3.1,3.1,3.1,0.4913616938342727,B,high,1,1.0
CCNCC1CCN(c2c(F)cc3c(=O)c(C(=O)O)cn4c3c2OCC42CC2)C1,O=c1ccn2c3c(c(N4CCCC4)ccc13)OCC21CC1,Pseudomonas aeruginosa,μg/mL,CHEMBL61472,1,6.3,6.3,6.3,0.7993405494535817,B,high,1,1.0
CCNCC1CCN(c2c(F)cc3c(=O)c(C(=O)O)cn4c3c2OCC4C)C1,O=c1ccn2c3c(c(N4CCCC4)ccc13)OCC2,Escherichia coli,μg/mL,CHEMBL15541,2,0.07500000000000001,0.05,0.1,-1.1249387366083,B,high,1,1.0
CCNCC1CCN(c2c(F)cc3c(=O)c(C(=O)O)cn4c3c2OCC4C)C1,O=c1ccn2c3c(c(N4CCCC4)ccc13)OCC2,Klebsiella pneumoniae,μg/mL,CHEMBL15541,2,0.4,0.4,0.4,-0.3979400086720376,B,high,2,1.0
CCNCC1CCN(c2c(F)cc3c(=O)c(C(=O)O)cn4c3c2OCC4C)C1,O=c1ccn2c3c(c(N4CCCC4)ccc13)OCC2,Pseudomonas aeruginosa,μg/mL,CHEMBL15541,2,0.8,0.8,0.8,-0.09691001300805639,B,high,2,1.0
CCNCC1CCN(c2c(F)cc3c(=O)c(C(=O)O)cn4c3c2SC(C)C4)C1,O=c1ccn2c3c(c(N4CCCC4)ccc13)SCC2,Escherichia coli,μg/mL,CHEMBL117676,1,0.25,0.25,0.25,-0.6020599913279624,B,high,1,1.0
CCNCC1CCN(c2c(F)cc3c(=O)c(C(=O)O)cn4c3c2SC(C)C4)C1,O=c1ccn2c3c(c(N4CCCC4)ccc13)SCC2,Klebsiella pneumoniae,μg/mL,CHEMBL117676,1,0.25,0.25,0.25,-0.6020599913279624,B,high,1,1.0
CCNCC1CCN(c2cc3c(c(C)c2F)c(=O)c(C(=O)O)cn3-c2ccc(F)cc2F)C1,O=c1ccn(-c2ccccc2)c2cc(N3CCCC3)ccc12,Klebsiella pneumoniae,μg/mL,CHEMBL16145,1,0.8,0.8,0.8,-0.09691001300805639,B,high,1,1.0
CCNCC1CCN(c2cc3c(c(C)c2F)c(=O)c(C(=O)O)cn3-c2ccc(F)cc2F)C1,O=c1ccn(-c2ccccc2)c2cc(N3CCCC3)ccc12,Pseudomonas aeruginosa,μg/mL,CHEMBL16145,1,3.1,3.1,3.1,0.4913616938342727,B,high,1,1.0
CCNCC1CCN(c2cc3c(c(C)c2F)c(=O)c(C(=O)O)cn3CC)C1,O=c1cc[nH]c2cc(N3CCCC3)ccc12,Escherichia coli,μg/mL,CHEMBL16204,1,1.6,1.6,1.6,0.2041199826559248,B,high,1,1.0
CCNCC1CCN(c2cc3c(c(C)c2F)c(=O)c(C(=O)O)cn3CC)C1,O=c1cc[nH]c2cc(N3CCCC3)ccc12,Klebsiella pneumoniae,μg/mL,CHEMBL16204,1,6.3,6.3,6.3,0.7993405494535817,B,high,1,1.0
CCNCC1CCN(c2cc3c(c(C)c2F)c(=O)c(C(=O)O)cn3CC)C1,O=c1cc[nH]c2cc(N3CCCC3)ccc12,Pseudomonas aeruginosa,μg/mL,CHEMBL16204,1,25.0,25.0,25.0,1.3979400086720377,B,high,1,1.0
CCNCC1CCN(c2cc3c(c(N)c2F)c(=O)c(C(=O)O)cn3C2CC2)C1,O=c1ccn(C2CC2)c2cc(N3CCCC3)ccc12,Escherichia coli,μg/mL,CHEMBL15113,1,0.1,0.1,0.1,-1.0,B,high,1,1.0
CCNCC1CCN(c2cc3c(cc2F)c(=O)c(C(=O)O)cn3-c2ccc(F)cc2F)C1,O=c1ccn(-c2ccccc2)c2cc(N3CCCC3)ccc12,Escherichia coli,μg/mL,CHEMBL15340,1,0.4,0.4,0.4,-0.3979400086720376,B,high,1,1.0
CCNCC1CCN(c2cc3c(cc2F)c(=O)c(C(=O)O)cn3-c2ccc(F)cc2F)C1,O=c1ccn(-c2ccccc2)c2cc(N3CCCC3)ccc12,Klebsiella pneumoniae,μg/mL,CHEMBL15340,1,0.8,0.8,0.8,-0.09691001300805639,B,high,1,1.0
CCNCC1CCN(c2cc3c(cc2F)c(=O)c(C(=O)O)cn3-c2ccc(F)cc2F)C1,O=c1ccn(-c2ccccc2)c2cc(N3CCCC3)ccc12,Pseudomonas aeruginosa,μg/mL,CHEMBL15340,2,2.35,1.6,3.1,0.37106786227173627,B,high,2,1.0
CCNCC1CCN(c2cc3c(cc2F)c(=O)c(C(=O)O)cn3C2CC2)C1,O=c1ccn(C2CC2)c2cc(N3CCCC3)ccc12,Escherichia coli,μg/mL,CHEMBL15266,2,0.052000000000000005,0.004,0.1,-1.2839966563652008,B,high,2,1.0
CCNCC1CCN(c2cc3c(cc2F)c(=O)c(C(=O)O)cn3C2CC2)C1,O=c1ccn(C2CC2)c2cc(N3CCCC3)ccc12,Pseudomonas aeruginosa,μg/mL,CHEMBL15266,2,0.8625,0.125,1.6,-0.06424089625468825,B,high,2,1.0
CCNCC1CCN(c2cc3c(cc2F)c(=O)c(C(=O)O)cn3C2CC2)C1.Cl,O=c1ccn(C2CC2)c2cc(N3CCCC3)ccc12,Klebsiella pneumoniae,μg/mL,CHEMBL536714,1,0.2,0.2,0.2,-0.6989700043360187,B,high,1,1.0
CCNCC1CCN(c2cc3c(cc2F)c(=O)c(C(=O)O)cn3C2CC2)C1.Cl,O=c1ccn(C2CC2)c2cc(N3CCCC3)ccc12,Pseudomonas aeruginosa,μg/mL,CHEMBL536714,1,1.6,1.6,1.6,0.2041199826559248,B,high,1,1.0
CCNCC1CCN(c2cc3c(cc2F)c(=O)c(C(=O)O)cn3CC)C1,O=c1cc[nH]c2cc(N3CCCC3)ccc12,Klebsiella pneumoniae,μg/mL,CHEMBL15993,2,0.4,0.4,0.4,-0.3979400086720376,B,high,2,1.0
CCNCC1CCN(c2cc3c(cc2F)c(=O)c(C(=O)O)cn3CC)C1,O=c1cc[nH]c2cc(N3CCCC3)ccc12,Pseudomonas aeruginosa,μg/mL,CHEMBL15993,2,2.35,1.6,3.1,0.37106786227173627,B,high,2,1.0
CCNCC1CCN(c2nc3c(cc2F)c(=O)c(C(=O)O)cn3-c2ccc(F)cc2F)C1,O=c1ccn(-c2ccccc2)c2nc(N3CCCC3)ccc12,Escherichia coli,μg/mL,CHEMBL15241,1,0.2,0.2,0.2,-0.6989700043360187,B,high,1,1.0
CCNCC1CCN(c2nc3c(cc2F)c(=O)c(C(=O)O)cn3C2CC2)C1,O=c1ccn(C2CC2)c2nc(N3CCCC3)ccc12,Escherichia coli,μg/mL,CHEMBL15260,1,0.1,0.1,0.1,-1.0,B,high,1,1.0
CCNCC1CCN(c2nc3c(cc2F)c(=O)c(C(=O)O)cn3C2CC2)C1,O=c1ccn(C2CC2)c2nc(N3CCCC3)ccc12,Klebsiella pneumoniae,μg/mL,CHEMBL15260,1,0.1,0.1,0.1,-1.0,B,high,1,1.0
CCNCC1CCN(c2nc3c(cc2F)c(=O)c(C(=O)O)cn3C2CC2)C1,O=c1ccn(C2CC2)c2nc(N3CCCC3)ccc12,Pseudomonas aeruginosa,μg/mL,CHEMBL15260,1,0.8,0.8,0.8,-0.09691001300805639,B,high,1,1.0
CCNCCNC(=O)[C@H]1NC(=O)[C@H]2NC(=O)[C@H](NC(=O)[C@@H]3NC(=O)[C@H]4NC(=O)[C@@H](Cc5ccc(c(Cl)c5)Oc5cc3cc(c5O)Oc3ccc(cc3Cl)[C@H]2O)NC(=O)[C@H](N)c2ccc(O)c(c2)Oc2cc(O)cc4c2)c2ccc(O)c(c2)-c2c(O)cc(O)cc21,O=C1Cc2cccc(c2)Oc2cccc(c2)[C@@H]2NC(=O)[C@@H](Cc3ccc(cc3)Oc3cc4cc(c3)[C@@H](NC2=O)C(=O)N[C@H]2C(=O)N[C@@H](Cc3ccc(cc3)O4)C(=O)NCc3ccccc3-c3cccc2c3)N1,Escherichia coli,μg/mL,CHEMBL2367615,1,8.0,8.0,8.0,0.9030899869919435,B,high,1,1.0
CCNCCNC(=O)[C@H]1NC(=O)[C@H]2NC(=O)[C@H](NC(=O)[C@@H]3NC(=O)[C@H]4NC(=O)[C@@H](Cc5ccc(c(Cl)c5)Oc5cc3cc(c5O)Oc3ccc(cc3Cl)[C@H]2O)NC(=O)[C@H](N)c2ccc(O)c(c2)Oc2cc(O)cc4c2)c2ccc(O)c(c2)-c2c(O)cc(O)cc21,O=C1Cc2cccc(c2)Oc2cccc(c2)[C@@H]2NC(=O)[C@@H](Cc3ccc(cc3)Oc3cc4cc(c3)[C@@H](NC2=O)C(=O)N[C@H]2C(=O)N[C@@H](Cc3ccc(cc3)O4)C(=O)NCc3ccccc3-c3cccc2c3)N1,Pseudomonas aeruginosa,μg/mL,CHEMBL2367615,1,32.0,32.0,32.0,1.505149978319906,B,high,1,1.0
CCNC[C@@H]1CCC(c2c(F)cc3c(=O)c(C(=O)O)cn(CC)c3c2F)C1,O=c1cc[nH]c2cc(C3CCCC3)ccc12,Klebsiella pneumoniae,μg/mL,CHEMBL430568,1,0.2,0.2,0.2,-0.6989700043360187,B,high,1,1.0
CCNC[C@H]1CCC(c2c(F)cc3c(=O)c(C(=O)O)cn(CC)c3c2F)C1,O=c1cc[nH]c2cc(C3CCCC3)ccc12,Klebsiella pneumoniae,μg/mL,CHEMBL49749,1,0.4,0.4,0.4,-0.3979400086720376,B,high,1,1.0
CCNC[C@H]1CN(c2c(F)cc3c(=O)c(C(=O)O)cn(C4CC4)c3c2F)[C@@H]1C,O=c1ccn(C2CC2)c2cc(N3CCC3)ccc12,Escherichia coli,μg/mL,CHEMBL134770,1,0.25,0.25,0.25,-0.6020599913279624,B,high,1,1.0
CCNC[C@H]1CN(c2c(F)cc3c(=O)c(C(=O)O)cn(C4CC4)c3c2F)[C@@H]1C,O=c1ccn(C2CC2)c2cc(N3CCC3)ccc12,Klebsiella pneumoniae,μg/mL,CHEMBL134770,1,0.06,0.06,0.06,-1.2218487496163564,B,high,1,1.0
CCNC[C@H]1CN(c2c(F)cc3c(=O)c(C(=O)O)cn(C4CC4)c3c2F)[C@@H]1C,O=c1ccn(C2CC2)c2cc(N3CCC3)ccc12,Pseudomonas aeruginosa,μg/mL,CHEMBL134770,1,4.0,4.0,4.0,0.6020599913279624,B,high,1,1.0
CCNC[C@H]1CN(c2cc3c(cc2F)c(=O)c(C(=O)O)cn3C2CC2)[C@@H]1C,O=c1ccn(C2CC2)c2cc(N3CCC3)ccc12,Escherichia coli,μg/mL,CHEMBL337063,1,0.12,0.12,0.12,-0.9208187539523752,B,high,1,1.0
CCNC[C@H]1CN(c2cc3c(cc2F)c(=O)c(C(=O)O)cn3C2CC2)[C@@H]1C,O=c1ccn(C2CC2)c2cc(N3CCC3)ccc12,Klebsiella pneumoniae,μg/mL,CHEMBL337063,1,0.06,0.06,0.06,-1.2218487496163564,B,high,1,1.0
CCNC[C@H]1CN(c2cc3c(cc2F)c(=O)c(C(=O)O)cn3C2CC2)[C@@H]1C,O=c1ccn(C2CC2)c2cc(N3CCC3)ccc12,Pseudomonas aeruginosa,μg/mL,CHEMBL337063,1,4.0,4.0,4.0,0.6020599913279624,B,high,1,1.0
CCNCc1cc(-c2cc3c(cc2F)c(=O)c(C(=O)O)cn3C2CC2)cc(C)n1,O=c1ccn(C2CC2)c2cc(-c3ccncc3)ccc12,Escherichia coli,μg/mL,CHEMBL85520,1,0.06,0.06,0.06,-1.2218487496163564,B,high,1,1.0
CCNCc1cc(-c2cc3c(cc2F)c(=O)c(C(=O)O)cn3C2CC2)cc(C)n1,O=c1ccn(C2CC2)c2cc(-c3ccncc3)ccc12,Pseudomonas aeruginosa,μg/mL,CHEMBL85520,1,8.0,8.0,8.0,0.9030899869919435,B,high,1,1.0
CCNCc1ccc2c(F)c3c(c(O)c2c1)C(=O)C1=C(O)[C@]2(O)C(=O)C(C(N)=O)=C(O)[C@@H](N(C)C)[C@@H]2C[C@@H]1C3,O=C1C2=CC3C(=O)C=CC[C@@H]3C[C@@H]2Cc2cc3ccccc3cc21,Acinetobacter baumannii,μg/mL,CHEMBL1782466,1,1.0,1.0,1.0,0.0,B,high,1,1.0
CCN[C@@H]1C[C@H](N)[C@@H](O[C@H]2OC(CN)=CC[C@H]2N)[C@H](O)[C@H]1O[C@H]1OC[C@](C)(O)[C@H](NC)[C@H]1O,C1=CO[C@H](O[C@@H]2CCC[C@H](O[C@@H]3CCCCO3)C2)CC1,Acinetobacter baumannii,μg/mL,CHEMBL1572,16,10.0,0.5,64.0,1.0,B,high,5,1.0
CCNc1nc2c(s1)c1c(O)c3c(O)c(C)c4c(c32)C(=O)C(C)(O/C=C/C(OC)C(C)C(OC(C)=O)C(C)C(O)C(C)C(O)C(C)/C=C/C=C(/C)C(=O)N1)O4,O=C1C=C/C=C/CCCCCCCC/C=C/OC2Oc3ccc4cc(c5scnc5c4c3C2=O)N1,Escherichia coli,μg/mL,CHEMBL416220,1,16.0,16.0,16.0,1.2041199826559248,B,high,1,1.0
CCNc1nc2c(s1)c1c(O)c3c(O)c(C)c4c(c32)C(=O)C(C)(O/C=C/C(OC)C(C)C(OC(C)=O)C(C)C(O)C(C)C(O)C(C)/C=C/C=C(/C)C(=O)N1)O4,O=C1C=C/C=C/CCCCCCCC/C=C/OC2Oc3ccc4cc(c5scnc5c4c3C2=O)N1,Klebsiella pneumoniae,μg/mL,CHEMBL416220,1,32.0,32.0,32.0,1.505149978319906,B,high,1,1.0
CCNc1nc2c(s1)c1c(O)c3c(O)c(C)c4c(c32)C(=O)C(C)(O/C=C/C(OC)C(C)C(OC(C)=O)C(C)C(O)C(C)C(O)C(C)/C=C/C=C(/C)C(=O)N1)O4,O=C1C=C/C=C/CCCCCCCC/C=C/OC2Oc3ccc4cc(c5scnc5c4c3C2=O)N1,Pseudomonas aeruginosa,μg/mL,CHEMBL416220,1,4.0,4.0,4.0,0.6020599913279624,B,high,1,1.0
CCO/N=C(\C(=O)NC1C(=O)N2C(C(=O)O)=C(Sc3cc(N)nc(N)n3)CSC12)c1csc(N)n1,N=C(C(=O)NC1C(=O)N2C=C(Sc3ccncn3)CSC12)c1cscn1,Klebsiella pneumoniae,μg/mL,CHEMBL304105,1,2.0,2.0,2.0,0.3010299956639812,B,high,1,1.0
CCO/N=C(\C(=O)NC1C(=O)N2C(C(=O)O)=C(Sc3cc(N)nc(N)n3)CSC12)c1nsc(N)n1,N=C(C(=O)NC1C(=O)N2C=C(Sc3ccncn3)CSC12)c1ncsn1,Klebsiella pneumoniae,μg/mL,CHEMBL67247,1,2.0,2.0,2.0,0.3010299956639812,B,high,1,1.0
CCOC(=O)C1CNc2c(cc(Cc3cnc(N)nc3N)cc2OC)C1,c1ncc(Cc2ccc3c(c2)CCCN3)cn1,Klebsiella pneumoniae,μg/mL,CHEMBL57812,1,100.0,100.0,100.0,2.0,B,high,1,1.0
CCOC(=O)C1Sc2nnc(-c3ccc(S(=O)(=O)c4ccc(Cl)cc4)cc3)n2NC1=O,O=C1CSc2nnc(-c3ccc(S(=O)(=O)c4ccccc4)cc3)n2N1,Acinetobacter baumannii,μg/mL,CHEMBL1171149,1,1024.0,1024.0,1024.0,3.010299956639812,B,high,1,1.0
CCOC(=O)CNC(=O)[C@H]1NC(=O)[C@H]2NC(=O)[C@H](NC(=O)[C@@H]3NC(=O)[C@H]4NC(=O)[C@@H](Cc5ccc(c(Cl)c5)Oc5cc3cc(c5O)Oc3ccc(cc3Cl)[C@H]2O[C@@H]2O[C@@H](CO)[C@@H](O)[C@H](O)[C@@H]2NC(C)=O)NC(=O)[C@H](N)c2ccc(O)c(c2)Oc2cc(O)cc4c2)c2ccc(O)c(c2)-c2c(O)cc(O)cc21,O=C1Cc2cccc(c2)Oc2cccc(c2)[C@@H]2NC(=O)[C@@H](Cc3ccc(cc3)Oc3cc4cc(c3)[C@@H](NC2=O)C(=O)N[C@H]2C(=O)N[C@H](C(=O)NCc3ccccc3-c3cccc2c3)[C@H](O[C@H]2CCCCO2)c2ccc(cc2)O4)N1,Escherichia coli,μg/mL,CHEMBL2367619,1,128.0,128.0,128.0,2.1072099696478683,B,high,1,1.0
CCOC(=O)N1CCN(c2nc3c(s2)c2c(O)c4c(O)c(C)c5c(c43)C(=O)C(C)(O/C=C/C(OC)C(C)C(OC(C)=O)C(C)C(O)C(C)C(O)C(C)/C=C/C=C(/C)C(=O)N2)O5)CC1,O=C1C=C/C=C/CCCCCCCC/C=C/OC2Oc3ccc4cc(c5sc(N6CCNCC6)nc5c4c3C2=O)N1,Escherichia coli,μg/mL,CHEMBL285265,1,16.0,16.0,16.0,1.2041199826559248,B,high,1,1.0
CCOC(=O)N1CCN(c2nc3c(s2)c2c(O)c4c(O)c(C)c5c(c43)C(=O)C(C)(O/C=C/C(OC)C(C)C(OC(C)=O)C(C)C(O)C(C)C(O)C(C)/C=C/C=C(/C)C(=O)N2)O5)CC1,O=C1C=C/C=C/CCCCCCCC/C=C/OC2Oc3ccc4cc(c5sc(N6CCNCC6)nc5c4c3C2=O)N1,Klebsiella pneumoniae,μg/mL,CHEMBL285265,1,32.0,32.0,32.0,1.505149978319906,B,high,1,1.0
CCOC(=O)N1CCN(c2nc3c(s2)c2c(O)c4c(O)c(C)c5c(c43)C(=O)C(C)(O/C=C/C(OC)C(C)C(OC(C)=O)C(C)C(O)C(C)C(O)C(C)/C=C/C=C(/C)C(=O)N2)O5)CC1,O=C1C=C/C=C/CCCCCCCC/C=C/OC2Oc3ccc4cc(c5sc(N6CCNCC6)nc5c4c3C2=O)N1,Pseudomonas aeruginosa,μg/mL,CHEMBL285265,1,32.0,32.0,32.0,1.505149978319906,B,high,1,1.0
CCOC(=O)c1c(NC(=O)c2ccc([N+](=O)[O-])o2)sc2c1CCN(C(C)=O)C2,O=C(Nc1cc2c(s1)CNCC2)c1ccco1,Acinetobacter baumannii,μg/mL,CHEMBL1632105,1,12.0,12.0,12.0,1.0791812460476249,B,high,1,1.0
CCOC(=O)c1c(OC)cnc2c(CCC34CCC(NCc5ccc6c(n5)NC(=O)CO6)(CC3)CO4)ccnc12,O=C1COc2ccc(CNC34CCC(CCc5ccnc6cccnc56)(CC3)OC4)nc2N1,Acinetobacter baumannii,μg/mL,CHEMBL3422982,1,16.0,16.0,16.0,1.2041199826559248,B,high,1,1.0
CCOC(=O)c1cn(CC)c2cc(N3CCN(C(=O)c4ccc(N5C[C@H](CNC(C)=O)OC5=O)cc4F)CC3)c(F)cc2c1=O,O=C(c1ccc(N2CCOC2=O)cc1)N1CCN(c2ccc3c(=O)cc[nH]c3c2)CC1,Escherichia coli,μg/mL,CHEMBL134040,1,8000000.0,8000000.0,8000000.0,6.903089986991944,B,high,1,1.0
CCOC1CN(c2nc3c(cc2F)c(=O)c(C(=O)O)cn3CC)C1,O=c1cc[nH]c2nc(N3CCC3)ccc12,Pseudomonas aeruginosa,μg/mL,CHEMBL41919,1,25.0,25.0,25.0,1.3979400086720377,B,high,1,1.0
CCOc1c(N2CCC(C)(CN)C2)c(F)c(N)c2c(=O)c(C(=O)O)cn(C3CC3)c12,O=c1ccn(C2CC2)c2cc(N3CCCC3)ccc12,Escherichia coli,μg/mL,CHEMBL15480,1,0.2,0.2,0.2,-0.6989700043360187,B,high,1,1.0
CCOc1c(N2CCC(C)(CN)C2)c(F)c(N)c2c(=O)c(C(=O)O)cn(C3CC3)c12,O=c1ccn(C2CC2)c2cc(N3CCCC3)ccc12,Klebsiella pneumoniae,μg/mL,CHEMBL15480,1,0.8,0.8,0.8,-0.09691001300805639,B,high,1,1.0
CCOc1c(N2CCC(C)(CN)C2)c(F)c(N)c2c(=O)c(C(=O)O)cn(C3CC3)c12,O=c1ccn(C2CC2)c2cc(N3CCCC3)ccc12,Pseudomonas aeruginosa,μg/mL,CHEMBL15480,1,3.1,3.1,3.1,0.4913616938342727,B,high,1,1.0
CCOc1c(N2CCC(C)(CN)C2)c(F)cc2c(=O)c(C(=O)O)cn(C3CC3)c12,O=c1ccn(C2CC2)c2cc(N3CCCC3)ccc12,Escherichia coli,μg/mL,CHEMBL15738,1,0.2,0.2,0.2,-0.6989700043360187,B,high,1,1.0
CCOc1c(N2CCC(C)(CN)C2)c(F)cc2c(=O)c(C(=O)O)cn(C3CC3)c12,O=c1ccn(C2CC2)c2cc(N3CCCC3)ccc12,Klebsiella pneumoniae,μg/mL,CHEMBL15738,1,0.4,0.4,0.4,-0.3979400086720376,B,high,1,1.0
CCOc1c(N2CCC(C)(CN)C2)c(F)cc2c(=O)c(C(=O)O)cn(C3CC3)c12,O=c1ccn(C2CC2)c2cc(N3CCCC3)ccc12,Pseudomonas aeruginosa,μg/mL,CHEMBL15738,1,1.6,1.6,1.6,0.2041199826559248,B,high,1,1.0
CCOc1c(N2CCC(C)C2)c(F)cc2c(=O)c(C(=O)O)cn(C3CC3)c12,O=c1ccn(C2CC2)c2cc(N3CCCC3)ccc12,Escherichia coli,μg/mL,CHEMBL14990,1,0.05,0.05,0.05,-1.3010299956639813,B,high,1,1.0
CCOc1c(N2CCC(N)C2)c(F)c(N)c2c(=O)c(C(=O)O)cn(C3CC3)c12,O=c1ccn(C2CC2)c2cc(N3CCCC3)ccc12,Escherichia coli,μg/mL,CHEMBL418355,1,0.05,0.05,0.05,-1.3010299956639813,B,high,1,1.0
CCOc1c(N2CCC(N)C2)c(F)c(N)c2c(=O)c(C(=O)O)cn(C3CC3)c12,O=c1ccn(C2CC2)c2cc(N3CCCC3)ccc12,Klebsiella pneumoniae,μg/mL,CHEMBL418355,1,0.2,0.2,0.2,-0.6989700043360187,B,high,1,1.0
CCOc1c(N2CCC(N)C2)c(F)c(N)c2c(=O)c(C(=O)O)cn(C3CC3)c12,O=c1ccn(C2CC2)c2cc(N3CCCC3)ccc12,Pseudomonas aeruginosa,μg/mL,CHEMBL418355,1,3.1,3.1,3.1,0.4913616938342727,B,high,1,1.0
CCOc1c(N2CCC(N)C2)c(F)cc2c(=O)c(C(=O)O)cn(C3CC3)c12,O=c1ccn(C2CC2)c2cc(N3CCCC3)ccc12,Klebsiella pneumoniae,μg/mL,CHEMBL138046,1,0.2,0.2,0.2,-0.6989700043360187,B,high,1,1.0
CCOc1c(N2CCC(N)C2)c(F)cc2c(=O)c(C(=O)O)cn(C3CC3)c12,O=c1ccn(C2CC2)c2cc(N3CCCC3)ccc12,Pseudomonas aeruginosa,μg/mL,CHEMBL138046,1,3.1,3.1,3.1,0.4913616938342727,B,high,1,1.0
CCOc1c(N2CCCC(CN)C2)c(F)cc2c(=O)c(C(=O)O)cn(C3CC3)c12,O=c1ccn(C2CC2)c2cc(N3CCCCC3)ccc12,Escherichia coli,μg/mL,CHEMBL15357,1,0.2,0.2,0.2,-0.6989700043360187,B,high,1,1.0
CCOc1c(N2CCCC(CN)C2)c(F)cc2c(=O)c(C(=O)O)cn(C3CC3)c12,O=c1ccn(C2CC2)c2cc(N3CCCCC3)ccc12,Klebsiella pneumoniae,μg/mL,CHEMBL15357,1,0.8,0.8,0.8,-0.09691001300805639,B,high,1,1.0
CCOc1c(N2CCCC(N)C2)c(F)c(N)c2c(=O)c(C(=O)O)cn(C3CC3)c12,O=c1ccn(C2CC2)c2cc(N3CCCCC3)ccc12,Escherichia coli,μg/mL,CHEMBL279381,1,0.2,0.2,0.2,-0.6989700043360187,B,high,1,1.0
CCOc1c(N2CCCC(N)C2)c(F)c(N)c2c(=O)c(C(=O)O)cn(C3CC3)c12,O=c1ccn(C2CC2)c2cc(N3CCCCC3)ccc12,Klebsiella pneumoniae,μg/mL,CHEMBL279381,1,0.4,0.4,0.4,-0.3979400086720376,B,high,1,1.0
CCOc1c(N2CCCC(N)C2)c(F)c(N)c2c(=O)c(C(=O)O)cn(C3CC3)c12,O=c1ccn(C2CC2)c2cc(N3CCCCC3)ccc12,Pseudomonas aeruginosa,μg/mL,CHEMBL279381,1,3.1,3.1,3.1,0.4913616938342727,B,high,1,1.0
CCOc1c(N2CCCC(N)C2)c(F)cc2c(=O)c(C(=O)O)cn(C3CC3)c12,O=c1ccn(C2CC2)c2cc(N3CCCCC3)ccc12,Escherichia coli,μg/mL,CHEMBL15170,1,0.2,0.2,0.2,-0.6989700043360187,B,high,1,1.0
CCOc1c(N2CCCC(N)C2)c(F)cc2c(=O)c(C(=O)O)cn(C3CC3)c12,O=c1ccn(C2CC2)c2cc(N3CCCCC3)ccc12,Klebsiella pneumoniae,μg/mL,CHEMBL15170,1,0.4,0.4,0.4,-0.3979400086720376,B,high,1,1.0
CCOc1c(N2CCCC(N)C2)c(F)cc2c(=O)c(C(=O)O)cn(C3CC3)c12,O=c1ccn(C2CC2)c2cc(N3CCCCC3)ccc12,Pseudomonas aeruginosa,μg/mL,CHEMBL15170,1,3.1,3.1,3.1,0.4913616938342727,B,high,1,1.0
CCOc1c(N2CCNC(C)C2)c(F)cc2c(=O)c(C(=O)O)cn(C3CC3)c12,O=c1ccn(C2CC2)c2cc(N3CCNCC3)ccc12,Escherichia coli,μg/mL,CHEMBL15372,1,0.1,0.1,0.1,-1.0,B,high,1,1.0
CCOc1c(N2CCNC(C)C2)c(F)cc2c(=O)c(C(=O)O)cn(C3CC3)c12,O=c1ccn(C2CC2)c2cc(N3CCNCC3)ccc12,Klebsiella pneumoniae,μg/mL,CHEMBL15372,1,0.2,0.2,0.2,-0.6989700043360187,B,high,1,1.0
CCOc1c(N2CCNC(C)C2)c(F)cc2c(=O)c(C(=O)O)cn(C3CC3)c12,O=c1ccn(C2CC2)c2cc(N3CCNCC3)ccc12,Pseudomonas aeruginosa,μg/mL,CHEMBL15372,1,3.1,3.1,3.1,0.4913616938342727,B,high,1,1.0
CCOc1cc(C)c2ncc(F)c(CCC34CCC(NCc5ccc6c(n5)NC(=O)CO6)(CC3)CO4)c2n1,O=C1COc2ccc(CNC34CCC(CCc5ccnc6cccnc56)(CC3)OC4)nc2N1,Acinetobacter baumannii,μg/mL,CHEMBL3422954,1,4.0,4.0,4.0,0.6020599913279624,B,high,1,1.0
CCOc1cc(Cc2cnc(N)nc2N)cc(OC)c1OC,c1ccc(Cc2cncnc2)cc1,Klebsiella pneumoniae,μg/mL,CHEMBL23609,1,1.0,1.0,1.0,0.0,B,high,1,1.0
CCOc1cc(Cc2cnc(N)nc2N)cc2c1OCO2,c1ncc(Cc2ccc3c(c2)OCO3)cn1,Klebsiella pneumoniae,μg/mL,CHEMBL58908,1,30.0,30.0,30.0,1.4771212547196624,B,high,1,1.0
CCOc1ccc2nc(NC(=O)c3ccc([N+](=O)[O-])o3)sc2c1,O=C(Nc1nc2ccccc2s1)c1ccco1,Acinetobacter baumannii,μg/mL,CHEMBL1632099,1,12.0,12.0,12.0,1.0791812460476249,B,high,1,1.0
CCS(=O)(=O)C1=C(C(=O)O)N2C(=O)[C@@H](NC(=O)/C(=N/OCC3CC3)c3csc(N)n3)CN2C1,O=C(N[C@H]1CN2CC=CN2C1=O)/C(=N/OCC1CC1)c1cscn1,Escherichia coli,μg/mL,CHEMBL326883,1,0.06,0.06,0.06,-1.2218487496163564,B,high,1,1.0
CCS(=O)(=O)C1=C(C(=O)O)N2C(=O)[C@@H](NC(=O)/C(=N/OCC3CC3)c3csc(N)n3)CN2C1,O=C(N[C@H]1CN2CC=CN2C1=O)/C(=N/OCC1CC1)c1cscn1,Klebsiella pneumoniae,μg/mL,CHEMBL326883,1,0.015,0.015,0.015,-1.8239087409443189,B,high,1,1.0
CCS(=O)(=O)C1=C(C(=O)O)N2C(=O)[C@@H](NC(=O)/C(=N/OCCBr)c3csc(N)n3)CN2C1,N=C(C(=O)N[C@H]1CN2CC=CN2C1=O)c1cscn1,Escherichia coli,μg/mL,CHEMBL111577,1,0.06,0.06,0.06,-1.2218487496163564,B,high,1,1.0
CCS(=O)(=O)C1=C(C(=O)O)N2C(=O)[C@@H](NC(=O)/C(=N/OCCBr)c3csc(N)n3)CN2C1,N=C(C(=O)N[C@H]1CN2CC=CN2C1=O)c1cscn1,Klebsiella pneumoniae,μg/mL,CHEMBL111577,1,0.015,0.015,0.015,-1.8239087409443189,B,high,1,1.0
CCS(=O)(=O)C1=C(C(=O)O)N2C(=O)[C@@H](NC(=O)/C(=N/OCCCl)c3csc(N)n3)CN2C1,N=C(C(=O)N[C@H]1CN2CC=CN2C1=O)c1cscn1,Escherichia coli,μg/mL,CHEMBL320945,1,0.25,0.25,0.25,-0.6020599913279624,B,high,1,1.0
CCS(=O)(=O)C1=C(C(=O)O)N2C(=O)[C@@H](NC(=O)/C(=N/OCCCl)c3csc(N)n3)CN2C1,N=C(C(=O)N[C@H]1CN2CC=CN2C1=O)c1cscn1,Klebsiella pneumoniae,μg/mL,CHEMBL320945,1,0.125,0.125,0.125,-0.9030899869919435,B,high,1,1.0
CCS(=O)(=O)C1=C(C(=O)O)N2C(=O)[C@@H](NC(=O)/C(=N/OCCF)c3csc(N)n3)CN2C1,N=C(C(=O)N[C@H]1CN2CC=CN2C1=O)c1cscn1,Escherichia coli,μg/mL,CHEMBL432206,1,0.06,0.06,0.06,-1.2218487496163564,B,high,1,1.0
CCS(=O)(=O)C1=C(C(=O)O)N2C(=O)[C@@H](NC(=O)/C(=N/OCCF)c3csc(N)n3)CN2C1,N=C(C(=O)N[C@H]1CN2CC=CN2C1=O)c1cscn1,Klebsiella pneumoniae,μg/mL,CHEMBL432206,1,0.03,0.03,0.03,-1.5228787452803376,B,high,1,1.0
CCS(=O)(=O)C1=C(C(=O)O)N2C(=O)[C@@H](NC(=O)/C(=N/OCSC)c3csc(N)n3)CN2C1,N=C(C(=O)N[C@H]1CN2CC=CN2C1=O)c1cscn1,Escherichia coli,μg/mL,CHEMBL111613,1,0.25,0.25,0.25,-0.6020599913279624,B,high,1,1.0
CCS(=O)(=O)C1=C(C(=O)O)N2C(=O)[C@@H](NC(=O)/C(=N/OCSC)c3csc(N)n3)CN2C1,N=C(C(=O)N[C@H]1CN2CC=CN2C1=O)c1cscn1,Klebsiella pneumoniae,μg/mL,CHEMBL111613,1,0.06,0.06,0.06,-1.2218487496163564,B,high,1,1.0
CCS(=O)(=O)N1N=Cc2sc(Br)cc2B1O,B1NN=Cc2sccc21,Klebsiella pneumoniae,μg/mL,CHEMBL173524,1,3.12,3.12,3.12,0.4941545940184428,B,high,1,1.0
CC[C@@H](C)CC[C@@H](O)CC(=O)N[C@@H](C(=O)N[C@H](CCN)C(=O)NCC(=O)N[C@H](CO)C(=O)N[C@H](Cc1c[nH]c2ccccc12)C(=O)N[C@@H](CO)C(=O)N[C@@H](CCN)C(=O)N[C@H](CCN)C(=O)N[C@@H](Cc1ccccc1)C(=O)N[C@@H](CCC(=O)O)C(=O)N[C@H](C(=O)N[C@@H](C(=O)N[C@@H](C)C(=O)O)[C@@H](C)CC)C(C)C)C(C)C,O=C(CCc1c[nH]c2ccccc12)NCC(=O)NCC(=O)NCC(=O)NCCc1ccccc1,Acinetobacter baumannii,μg/mL,CHEMBL3115748,1,12.5,12.5,12.5,1.0969100130080565,B,high,1,1.0
CC[C@@H](C)CC[C@H](O)CC(=O)N[C@@H](C(=O)N[C@H](CCN)C(=O)NCC(=O)N[C@H](CO)C(=O)N[C@H](Cc1c[nH]c2ccccc12)C(=O)N[C@@H](CO)C(=O)N[C@@H](CCN)C(=O)N[C@H](CCN)C(=O)N[C@@H](Cc1ccccc1)C(=O)N[C@@H](CCC(=O)O)C(=O)N[C@H](C(=O)N[C@@H](C(=O)N[C@@H](C)C(=O)O)[C@@H](C)CC)C(C)C)C(C)C,O=C(CCc1c[nH]c2ccccc12)NCC(=O)NCC(=O)NCC(=O)NCCc1ccccc1,Acinetobacter baumannii,μg/mL,CHEMBL3115750,1,50.0,50.0,50.0,1.6989700043360187,B,high,1,1.0
CC[C@@H](C)[C@@H](N)C(=O)NC[C@H]1OCC[C@H]1SC1=C(C(=O)O)N2C(=O)[C@H]([C@@H](C)O)C2[C@H]1C,O=C1CC2CC(S[C@@H]3CCOC3)=CN12,Escherichia coli,μg/mL,CHEMBL298093,1,0.25,0.25,0.25,-0.6020599913279624,B,high,1,1.0
CC[C@@H](C)[C@@H](N)C(=O)NC[C@H]1OCC[C@H]1SC1=C(C(=O)O)N2C(=O)[C@H]([C@@H](C)O)C2[C@H]1C,O=C1CC2CC(S[C@@H]3CCOC3)=CN12,Pseudomonas aeruginosa,μg/mL,CHEMBL298093,2,96.0,64.0,128.0,1.9822712330395684,B,high,1,1.0
CC[C@@H]1C(=O)N2C[C@@H]1CC(OC)=C2C(=O)O,O=C1C[C@H]2CC=CN1C2,Pseudomonas aeruginosa,μg/mL,CHEMBL84953,1,80.0,80.0,80.0,1.9030899869919435,B,high,1,1.0
CC[C@@H]1CCN(c2c(F)cc3c(=O)c(C(=O)O)cn(C4CC4)c3c2F)C[C@H]1N,O=c1ccn(C2CC2)c2cc(N3CCCCC3)ccc12,Pseudomonas aeruginosa,μg/mL,CHEMBL122698,1,0.75,0.75,0.75,-0.12493873660829995,B,high,1,1.0
CC[C@@H]1CCN(c2c(F)cc3c(=O)c(C(=O)O)cn(C4CC4)c3c2OC)C[C@H]1N,O=c1ccn(C2CC2)c2cc(N3CCCCC3)ccc12,Pseudomonas aeruginosa,μg/mL,CHEMBL331987,1,1.0,1.0,1.0,0.0,B,high,1,1.0
CC[C@@H]1CCN(c2cc3c(cc2F)c(=O)c(C(=O)O)cn3C2CC2)C[C@H]1N,O=c1ccn(C2CC2)c2cc(N3CCCCC3)ccc12,Pseudomonas aeruginosa,μg/mL,CHEMBL125544,1,1.5,1.5,1.5,0.17609125905568124,B,high,1,1.0
CC[C@@H]1CCN(c2ccc3c(=O)c(C(=O)O)cn(C4CC4)c3c2Cl)C[C@H]1N,O=c1ccn(C2CC2)c2cc(N3CCCCC3)ccc12,Pseudomonas aeruginosa,μg/mL,CHEMBL120948,1,0.125,0.125,0.125,-0.9030899869919435,B,high,1,1.0
CC[C@@H]1CCN(c2ccc3c(=O)c(C(=O)O)cn(C4CC4)c3c2OC)C[C@H]1N,O=c1ccn(C2CC2)c2cc(N3CCCCC3)ccc12,Pseudomonas aeruginosa,μg/mL,CHEMBL421101,1,1.0,1.0,1.0,0.0,B,high,1,1.0
CC[C@@H]1CCN(c2nc3c(cc2F)c(=O)c(C(=O)O)cn3C2CC2)C[C@H]1N,O=c1ccn(C2CC2)c2nc(N3CCCCC3)ccc12,Pseudomonas aeruginosa,μg/mL,CHEMBL420884,1,4.0,4.0,4.0,0.6020599913279624,B,high,1,1.0
CC[C@@H]1OC(=O)C[C@H](O)[C@@H](C)[C@H](OC2OC(C)C(O)C(N(C)C)C2O)[C@H](CCNCC[C@H]2C[C@@H](C)C(=O)/C=C/C(C)=C/C(COC3OC(C)C(O)C(OC)C3OC)[C@@H](CC)OC(=O)C[C@@H](O)[C@H](C)[C@H]2OC2OC(C)C(O)C(N(C)C)C2O)C[C@H](C)C(=O)/C=C/C(C)=C/C1COC1OC(C)C(O)C(OC)C1OC,O=C1/C=C/C=C/C(COC2CCCCO2)COC(=O)CCC[C@H](OC2CCCCO2)[C@H](CCNCC[C@H]2CCC(=O)/C=C/C=C/C(COC3CCCCO3)COC(=O)CCC[C@H]2OC2CCCCO2)CC1,Klebsiella pneumoniae,μg/mL,CHEMBL412205,1,100.0,100.0,100.0,2.0,B,high,1,1.0
CC[C@H](C)CCCCC(=O)N[C@@H](CCN)C(=O)N[C@H](C(=O)N[C@@H](CCN)C(=O)N[C@H]1CCNC(=O)[C@H]([C@@H](C)O)NC(=O)[C@H](CCN)NC(=O)[C@H](CCN)NC(=O)[C@H](CC(C)C)NC(=O)[C@@H](Cc2ccccc2)NC(=O)[C@H](CCN)NC1=O)[C@@H](C)O,O=C1CCCNC(=O)CNC(=O)CNC(=O)CNC(=O)CNC(=O)[C@@H](Cc2ccccc2)NC(=O)CN1,Acinetobacter baumannii,μg/mL,CHEMBL2397513,2,2.125,0.25,4.0,0.32735893438633035,B,high,1,1.0
CC[C@H](C)CCCCC(=O)N[C@@H](CCN)C(=O)N[C@H](C(=O)N[C@@H](CN)C(=O)N[C@H]1CCNC(=O)[C@H]([C@@H](C)O)NC(=O)[C@H](CCN)NC(=O)[C@H](CCN)NC(=O)[C@H](CC(C)C)NC(=O)[C@@H](Cc2ccccc2)NC(=O)[C@H](CCN)NC1=O)[C@@H](C)O,O=C1CCCNC(=O)CNC(=O)CNC(=O)CNC(=O)CNC(=O)[C@@H](Cc2ccccc2)NC(=O)CN1,Acinetobacter baumannii,μg/mL,CHEMBL2397514,2,2.0625,0.125,4.0,0.31439395722196267,B,high,1,1.0
CC[C@H](C)CC[C@@H](O)CC(=O)N[C@@H](C(=O)N[C@H](CCN)C(=O)NCC(=O)N[C@H](CO)C(=O)N[C@H](Cc1c[nH]c2ccccc12)C(=O)N[C@@H](CO)C(=O)N[C@@H](CCN)C(=O)N[C@H](CCN)C(=O)N[C@@H](Cc1ccccc1)C(=O)N[C@@H](CCC(=O)O)C(=O)N[C@H](C(=O)N[C@@H](C(=O)N[C@@H](C)C(=O)O)[C@@H](C)CC)C(C)C)C(C)C,O=C(CCc1c[nH]c2ccccc12)NCC(=O)NCC(=O)NCC(=O)NCCc1ccccc1,Acinetobacter baumannii,μg/mL,CHEMBL3115747,1,12.5,12.5,12.5,1.0969100130080565,B,high,1,1.0
CC[C@H](C)CC[C@H](O)CC(=O)N[C@@H](C(=O)N[C@H](CCN)C(=O)NCC(=O)N[C@H](CO)C(=O)N[C@H](Cc1c[nH]c2ccccc12)C(=O)N[C@@H](CO)C(=O)N[C@@H](CCN)C(=O)N[C@H](CCN)C(=O)N[C@@H](Cc1ccccc1)C(=O)N[C@@H](CCC(=O)O)C(=O)N[C@H](C(=O)N[C@@H](C(=O)N[C@@H](C)C(=O)O)[C@@H](C)CC)C(C)C)C(C)C,O=C(CCc1c[nH]c2ccccc12)NCC(=O)NCC(=O)NCC(=O)NCCc1ccccc1,Acinetobacter baumannii,μg/mL,CHEMBL3115749,1,25.0,25.0,25.0,1.3979400086720377,B,high,1,1.0
CC[C@H](C)[C@@H](NC(=O)[C@@H](NC(=O)[C@H](CCC(=O)O)NC(=O)[C@H](Cc1ccccc1)NC(=O)[C@@H](CCN)NC(=O)[C@H](CCN)NC(=O)[C@H](CO)NC(=O)[C@@H](Cc1c[nH]c2ccccc12)NC(=O)[C@@H](CO)NC(=O)CNC(=O)[C@@H](CCN)NC(=O)[C@H](NC(=O)CC12CC3CC(CC(C3)C1)C2)C(C)C)C(C)C)C(=O)N[C@@H](C)C(=O)O,O=C(CNC(=O)CNC(=O)CNC(=O)[C@@H](Cc1c[nH]c2ccccc12)NC(=O)CNC(=O)CNC(=O)CNC(=O)CNC(=O)CC12CC3CC(CC(C3)C1)C2)NCCc1ccccc1,Acinetobacter baumannii,μg/mL,CHEMBL3115936,1,12.5,12.5,12.5,1.0969100130080565,B,high,1,1.0
CC[C@H](C)[C@@H](NC(=O)[C@@H](NC(=O)[C@H](CCC(=O)O)NC(=O)[C@H](Cc1ccccc1)NC(=O)[C@@H](CCN)NC(=O)[C@H](CCN)NC(=O)[C@H](CO)NC(=O)[C@@H](Cc1c[nH]c2ccccc12)NC(=O)[C@@H](CO)NC(=O)CNC(=O)[C@@H](CCN)NC(=O)[C@H](NC(=O)CCc1c2ccccc2cc2ccccc12)C(C)C)C(C)C)C(=O)N[C@@H](C)C(=O)O,O=C(CCc1c2ccccc2cc2ccccc12)NCC(=O)NCC(=O)NCC(=O)NCC(=O)N[C@H](Cc1c[nH]c2ccccc12)C(=O)NCC(=O)NCC(=O)NCC(=O)NCCc1ccccc1,Acinetobacter baumannii,μg/mL,CHEMBL3115935,1,25.0,25.0,25.0,1.3979400086720377,B,high,1,1.0
CC[C@H](C)[C@@H](NC(=O)[C@@H](NC(=O)[C@H](CCC(=O)O)NC(=O)[C@H](Cc1ccccc1)NC(=O)[C@@H](CCN)NC(=O)[C@H](CCN)NC(=O)[C@H](CO)NC(=O)[C@@H](Cc1c[nH]c2ccccc12)NC(=O)[C@@H](CO)NC(=O)CNC(=O)[C@@H](CCN)NC(=O)[C@H](NC(=O)OCC1c2ccccc2-c2ccccc21)C(C)C)C(C)C)C(=O)N[C@@H](C)C(=O)O,O=C(CNC(=O)CNC(=O)CNC(=O)[C@@H](Cc1c[nH]c2ccccc12)NC(=O)CNC(=O)CNC(=O)CNC(=O)CNC(=O)OCC1c2ccccc2-c2ccccc21)NCCc1ccccc1,Acinetobacter baumannii,μg/mL,CHEMBL3115933,1,12.5,12.5,12.5,1.0969100130080565,B,high,1,1.0
CC[C@H](C)[C@H](NC(=O)CN)C(=O)NCC(=O)N[C@@H](C)C(=O)N[C@H](C(=O)N[C@@H](CC(C)C)C(=O)N[C@@H](CCCCN)C(=O)N[C@H](C(=O)N[C@@H](CC(C)C)C(=O)N[C@H](C(=O)N[C@H](C(=O)NCC(=O)N[C@@H](CC(C)C)C(=O)N1CCC[C@H]1C(=O)N[C@@H](C)C(=O)N[C@@H](CC(C)C)C(=O)N[C@H](C(=O)N[C@@H](CO)C(=O)N[C@@H](Cc1c[nH]c2ccccc12)C(=O)N[C@H](C(=O)N[C@@H](CCCCN)C(=O)N[C@@H](CCCNC(=N)N)C(=O)N[C@@H](CCCCN)C(=O)N[C@@H](CCCNC(=N)N)C(=O)N[C@@H](CCC(N)=O)C(=O)N[C@@H](CCC(N)=O)C(N)=O)[C@@H](C)CC)[C@@H](C)CC)[C@@H](C)O)[C@@H](C)O)C(C)C)C(C)C,O=C(CNC(=O)CNC(=O)CNC(=O)CNC(=O)[C@@H]1CCCN1)NCCc1c[nH]c2ccccc12,Acinetobacter baumannii,μg/mL,CHEMBL412927,1,2.0,2.0,2.0,0.3010299956639812,B,high,1,1.0
CC[C@H](C)[C@H](NC(=O)[C@H](C)NC(=O)CNC(=O)[C@H](C)NC(=O)[C@H](CCCCN)NC(=O)[C@H](CO)NC(=O)[C@H](C)NC(=O)[C@H](CCSC)NC(=O)CN)C(=O)N[C@@H](C)C(=O)NCC(=O)N[C@@H](CCCCN)C(=O)O,CC[C@H](C)[C@H](NC(=O)[C@H](C)NC(=O)CNC(=O)[C@H](C)NC(=O)[C@H](CCCCN)NC(=O)[C@H](CO)NC(=O)[C@H](C)NC(=O)[C@H](CCSC)NC(=O)CN)C(=O)N[C@@H](C)C(=O)NCC(=O)N[C@@H](CCCCN)C(=O)O,Escherichia coli,μg/mL,CHEMBL263426,1,100.0,100.0,100.0,2.0,B,high,1,1.0
CC[C@H](C)[C@H](NC(=O)[C@H](C)NC(=O)CNC(=O)[C@H](C)NC(=O)[C@H](CCCCN)NC(=O)[C@H](CO)NC(=O)[C@H](C)NC(=O)[C@H](CCSC)NC(=O)CN)C(=O)N[C@@H](C)C(=O)NCC(=O)N[C@@H](CCCCN)C(=O)O,CC[C@H](C)[C@H](NC(=O)[C@H](C)NC(=O)CNC(=O)[C@H](C)NC(=O)[C@H](CCCCN)NC(=O)[C@H](CO)NC(=O)[C@H](C)NC(=O)[C@H](CCSC)NC(=O)CN)C(=O)N[C@@H](C)C(=O)NCC(=O)N[C@@H](CCCCN)C(=O)O,Pseudomonas aeruginosa,μg/mL,CHEMBL263426,1,100.0,100.0,100.0,2.0,B,high,1,1.0
CC[C@H](C)[C@H](NC(=O)[C@H](CCCCN)NC(=O)[C@H](CCCCN)NC(=O)[C@H](CO)NC(=O)[C@@H](NC(=O)CNC(=O)[C@H](CC(C)C)NC(=O)[C@@H](NC(=O)[C@@H](N)CCCCN)[C@@H](C)CC)C(C)C)C(=O)N[C@@H](CCSC)C(=O)N[C@@H](CCCNC(=N)N)C(=O)N[C@@H](CCCNC(=N)N)C(=O)N[C@H](C(=O)N[C@@H](CO)C(=O)N[C@@H](CCCCN)C(=O)N[C@@H](CC(=O)O)C(=O)N[C@H](C(=O)N[C@@H](CC(C)C)C(=O)N[C@H](C(=O)NCC(=O)N[C@@H](CCCCN)C(=O)N[C@@H](CCCCN)C(N)=O)[C@@H](C)O)[C@@H](C)CC)[C@@H](C)CC,CC[C@H](C)[C@H](NC(=O)[C@H](CCCCN)NC(=O)[C@H](CCCCN)NC(=O)[C@H](CO)NC(=O)[C@@H](NC(=O)CNC(=O)[C@H](CC(C)C)NC(=O)[C@@H](NC(=O)[C@@H](N)CCCCN)[C@@H](C)CC)C(C)C)C(=O)N[C@@H](CCSC)C(=O)N[C@@H](CCCNC(=N)N)C(=O)N[C@@H](CCCNC(=N)N)C(=O)N[C@H](C(=O)N[C@@H](CO)C(=O)N[C@@H](CCCCN)C(=O)N[C@@H](CC(=O)O)C(=O)N[C@H](C(=O)N[C@@H](CC(C)C)C(=O)N[C@H](C(=O)NCC(=O)N[C@@H](CCCCN)C(=O)N[C@@H](CCCCN)C(N)=O)[C@@H](C)O)[C@@H](C)CC)[C@@H](C)CC,Acinetobacter baumannii,μg/mL,CHEMBL450525,1,16.0,16.0,16.0,1.2041199826559248,B,high,1,1.0
CC[C@H](C)[C@H](NC(=O)[C@H](CCCCN)NC(=O)[C@H](CCCCN)NC(=O)[C@H](CO)NC(=O)[C@@H](NC(=O)CNC(=O)[C@H](CCCNC(=N)N)NC(=O)[C@H](CC(C)C)NC(=O)[C@@H](NC(=O)[C@@H](N)CCCCN)[C@@H](C)CC)C(C)C)C(=O)N[C@@H](CCSC)C(=O)N[C@@H](CCCNC(=N)N)C(=O)N[C@@H](CCCNC(=N)N)C(=O)N[C@H](C(=O)N[C@@H](CC(C)C)C(=O)N[C@H](C(=O)NCC(=O)N[C@@H](CCCCN)C(=O)N[C@@H](CCCCN)C(N)=O)[C@@H](C)O)[C@@H](C)CC,CC[C@H](C)[C@H](NC(=O)[C@H](CCCCN)NC(=O)[C@H](CCCCN)NC(=O)[C@H](CO)NC(=O)[C@@H](NC(=O)CNC(=O)[C@H](CCCNC(=N)N)NC(=O)[C@H](CC(C)C)NC(=O)[C@@H](NC(=O)[C@@H](N)CCCCN)[C@@H](C)CC)C(C)C)C(=O)N[C@@H](CCSC)C(=O)N[C@@H](CCCNC(=N)N)C(=O)N[C@@H](CCCNC(=N)N)C(=O)N[C@H](C(=O)N[C@@H](CC(C)C)C(=O)N[C@H](C(=O)NCC(=O)N[C@@H](CCCCN)C(=O)N[C@@H](CCCCN)C(N)=O)[C@@H](C)O)[C@@H](C)CC,Acinetobacter baumannii,μg/mL,CHEMBL527050,1,2.0,2.0,2.0,0.3010299956639812,B,high,1,1.0
CC[C@H](C)[C@H](NC(=O)[C@H](CCCCN)NC(=O)[C@H](CCCCN)NC(=O)[C@H](CO)NC(=O)[C@@H](NC(=O)CNC(=O)[C@H](CCCNC(=N)N)NC(=O)[C@H](CC(C)C)NC(=O)[C@@H](NC(=O)[C@@H](N)CCCCN)[C@@H](C)CC)C(C)C)C(=O)N[C@@H](CCSC)C(=O)N[C@@H](CCCNC(=N)N)C(=O)N[C@@H](CCCNC(=N)N)C(=O)N[C@H](C(=O)N[C@@H](CO)C(=O)N[C@@H](CCCCN)C(=O)N[C@@H](CC(=O)O)C(=O)N[C@H](C(=O)N[C@@H](CC(C)C)C(=O)N[C@H](C(=O)NCC(=O)N[C@@H](CCCCN)C(=O)N[C@@H](CCCCN)C(N)=O)[C@@H](C)O)[C@@H](C)CC)[C@@H](C)CC,CC[C@H](C)[C@H](NC(=O)[C@H](CCCCN)NC(=O)[C@H](CCCCN)NC(=O)[C@H](CO)NC(=O)[C@@H](NC(=O)CNC(=O)[C@H](CCCNC(=N)N)NC(=O)[C@H](CC(C)C)NC(=O)[C@@H](NC(=O)[C@@H](N)CCCCN)[C@@H](C)CC)C(C)C)C(=O)N[C@@H](CCSC)C(=O)N[C@@H](CCCNC(=N)N)C(=O)N[C@@H](CCCNC(=N)N)C(=O)N[C@H](C(=O)N[C@@H](CO)C(=O)N[C@@H](CCCCN)C(=O)N[C@@H](CC(=O)O)C(=O)N[C@H](C(=O)N[C@@H](CC(C)C)C(=O)N[C@H](C(=O)NCC(=O)N[C@@H](CCCCN)C(=O)N[C@@H](CCCCN)C(N)=O)[C@@H](C)O)[C@@H](C)CC)[C@@H](C)CC,Acinetobacter baumannii,μg/mL,CHEMBL444155,1,8.0,8.0,8.0,0.9030899869919435,B,high,1,1.0
CC[C@H](C)[C@H](NC(=O)[C@H](CCCCN)NC(=O)[C@H](CCCCN)NC(=O)[C@H](CO)NC(=O)[C@@H](NC(=O)CNC(=O)[C@H](CCCNC(=N)N)NC(=O)[C@H](CC(C)C)NC(=O)[C@@H](NC(=O)[C@@H](N)CCCCN)[C@@H](C)CC)C(C)C)C(=O)N[C@@H](CCSC)C(=O)N[C@@H](CCCNC(=N)N)C(=O)N[C@H](C(=O)N[C@@H](Cc1ccccc1)C(=O)N[C@@H](CC(C)C)C(=O)N[C@@H](CCCNC(=N)N)C(=O)N[C@@H](CCCNC(=N)N)C(=O)N[C@H](C(=O)N[C@@H](CC(C)C)C(=O)N[C@H](C(=O)NCC(=O)N[C@@H](CCCCN)C(=O)N[C@@H](CCCCN)C(N)=O)[C@@H](C)O)[C@@H](C)CC)[C@@H](C)O,c1ccccc1,Acinetobacter baumannii,μg/mL,CHEMBL505940,1,4.0,4.0,4.0,0.6020599913279624,B,high,1,1.0
CC[C@H](C)[C@H](NC(=O)[C@H](CCCCN)NC(=O)[C@H](CCCCN)NC(=O)[C@H](CO)NC(=O)[C@@H](NC(=O)CNC(=O)[C@H](CCCNC(=N)N)NC(=O)[C@H](CC(C)C)NC(=O)[C@@H](NC(=O)[C@@H](N)CCCCN)[C@@H](C)CC)C(C)C)C(=O)N[C@@H](CCSC)C(=O)N[C@@H](CCCNC(=N)N)C(=O)N[C@H](C(=O)N[C@@H](Cc1ccccc1)C(=O)N[C@@H](CC(C)C)C(=O)N[C@@H](CCCNC(=N)N)C(=O)N[C@@H](CCCNC(=N)N)C(N)=O)[C@@H](C)O,c1ccccc1,Acinetobacter baumannii,μg/mL,CHEMBL506651,1,8.0,8.0,8.0,0.9030899869919435,B,high,1,1.0
CC[C@H](C)[C@H](NC(=O)[C@H](CCCCN)NC(=O)[C@H](CCCCN)NC(=O)[C@H](CO)NC(=O)[C@@H](NC(=O)[C@@H](N)CCCCN)[C@@H](C)CC)C(=O)N[C@@H](CCSC)C(=O)N[C@@H](CCCNC(=N)N)C(=O)N[C@H](C(=O)N[C@@H](Cc1ccccc1)C(=O)N[C@@H](CC(C)C)C(=O)N[C@@H](CCCNC(=N)N)C(=O)N[C@@H](CCCNC(=N)N)C(=O)N[C@H](C(=O)N[C@@H](CC(C)C)C(=O)N[C@H](C(=O)NCC(=O)N[C@@H](CCCCN)C(=O)N[C@@H](CCCCN)C(N)=O)[C@@H](C)O)[C@@H](C)CC)[C@@H](C)O,c1ccccc1,Acinetobacter baumannii,μg/mL,CHEMBL511053,1,4.0,4.0,4.0,0.6020599913279624,B,high,1,1.0
CC[C@H](C)[C@H](NC(=O)[C@H](CCCCN)NC(=O)[C@H](CCCCN)NC(=O)[C@H](CO)NC(=O)[C@@H](NC(=O)[C@@H](N)CCCCN)[C@@H](C)CC)C(=O)N[C@@H](CCSC)C(=O)N[C@@H](CCCNC(=N)N)C(=O)N[C@H](C(=O)N[C@@H](Cc1ccccc1)C(=O)N[C@@H](CC(C)C)C(=O)N[C@@H](CCCNC(=N)N)C(=O)N[C@@H](CCCNC(=N)N)C(N)=O)[C@@H](C)O,c1ccccc1,Acinetobacter baumannii,μg/mL,CHEMBL500000,1,256.0,256.0,256.0,2.4082399653118496,B,high,1,1.0
CC[C@H](C)[C@H](NC(=O)[C@H](CCCN)NC(=O)[C@H](CCCNC(=N)N)NC(=O)[C@@H]1CCCN1C(=O)[C@@H]1CCCN1C(=O)[C@H](CCCNC(=N)N)NC(=O)[C@@H]1CCCN1C(=O)[C@H](CCCNC(=N)N)NC(=O)[C@@H]1CCCN1C(=O)[C@H](CC(C)C)NC(=O)[C@H](Cc1ccc(O)cc1)NC(=O)[C@@H]1CCCN1C(=O)[C@@H]1CCCN1C(=O)[C@H](CCCCN)NC(=O)[C@H](CC(=O)O)NC(=O)[C@@H](N)C(C)C)C(=O)N[C@@H](Cc1ccc(O)cc1)C(=O)N[C@@H](CC(N)=O)C(=O)N[C@@H](CCCN)C(N)=O,O=C(CNC(=O)CNC(=O)CNC(=O)[C@@H]1CCCN1C(=O)[C@@H]1CCCN1C(=O)CNC(=O)[C@@H]1CCCN1C(=O)CNC(=O)[C@@H]1CCCN1C(=O)CNC(=O)[C@H](Cc1ccccc1)NC(=O)[C@@H]1CCCN1C(=O)[C@@H]1CCCN1)NCCc1ccccc1,Acinetobacter baumannii,μg/mL,CHEMBL1085208,5,1.0,0.5,1.0,0.0,B,high,1,1.0
CC[C@H](C)[C@H](NC(=O)[C@H](CCCNC(=N)N)NC(=O)[C@H](CCCNC(=N)N)NC(=O)[C@@H]1CCCN1C(=O)[C@@H]1CCCN1C(=O)[C@H](CCCNC(=N)N)NC(=O)[C@@H]1CCCN1C(=O)[C@H](CCCNC(=N)N)NC(=O)[C@@H]1CCCN1C(=O)[C@H](CC(C)C)NC(=O)[C@H](Cc1ccc(O)cc1)NC(=O)[C@@H]1CCCN1C(=O)[C@@H]1CCCN1C(=O)[C@H](CCCCN)NC(=O)[C@H](CC(=O)O)NC(=O)[C@@H](N)C(C)C)C(=O)N[C@@H](Cc1ccc(O)cc1)C(=O)N[C@@H](CC(N)=O)C(=O)N[C@@H](CCCNC(=N)N)C(N)=O,O=C(CNC(=O)CNC(=O)CNC(=O)[C@@H]1CCCN1C(=O)[C@@H]1CCCN1C(=O)CNC(=O)[C@@H]1CCCN1C(=O)CNC(=O)[C@@H]1CCCN1C(=O)CNC(=O)[C@H](Cc1ccccc1)NC(=O)[C@@H]1CCCN1C(=O)[C@@H]1CCCN1)NCCc1ccccc1,Acinetobacter baumannii,μg/mL,CHEMBL1083466,5,1.0,0.5,2.0,0.0,B,high,1,1.0
CC[C@H](C)[C@H](NC(=O)[C@H](CCCNC(=N)N)NC(=O)[C@H](CCCNC(=N)N)NC(=O)[C@H](CC(C)C)NC(=O)[C@H](Cc1ccccc1)NC(=O)[C@@H](NC(=O)[C@H](CCCNC(=N)N)NC(=O)[C@H](CCSC)NC(=O)[C@@H](NC(=O)[C@H](CCCCN)NC(=O)[C@@H](N)CCCCN)[C@@H](C)CC)[C@@H](C)O)C(=O)N[C@@H](CO)C(=O)N[C@@H](CCCCN)C(=O)N[C@@H](CC(=O)O)C(=O)N[C@H](C(=O)N[C@@H](CC(C)C)C(=O)N[C@H](C(=O)NCC(=O)N[C@@H](CCCCN)C(=O)N[C@@H](CCCCN)C(N)=O)[C@@H](C)O)[C@@H](C)CC,c1ccccc1,Acinetobacter baumannii,μg/mL,CHEMBL525612,1,8.0,8.0,8.0,0.9030899869919435,B,high,1,1.0
CC[C@H](C)[C@H](NC(=O)[C@H](CCCNC(=N)N)NC(=O)[C@H](CCCNC(=N)N)NC(=O)[C@H](CC(C)C)NC(=O)[C@H](Cc1ccccc1)NC(=O)[C@@H](NC(=O)[C@H](CCCNC(=N)N)NC(=O)[C@H](CCSC)NC(=O)[C@@H](NC(=O)[C@H](CCCCN)NC(=O)[C@@H](N)CCCCN)[C@@H](C)CC)[C@@H](C)O)C(=O)N[C@@H](CO)C(=O)N[C@@H](CCCCN)C(=O)N[C@@H](CCCCN)C(=O)N[C@H](C(=O)N[C@@H](CC(C)C)C(=O)N[C@H](C(=O)NCC(=O)N[C@@H](CCCCN)C(=O)N[C@@H](CCCCN)C(N)=O)[C@@H](C)O)[C@@H](C)CC,c1ccccc1,Acinetobacter baumannii,μg/mL,CHEMBL499713,1,8.0,8.0,8.0,0.9030899869919435,B,high,1,1.0
CC[C@H](C)[C@H](NC(=O)[C@H](CCCNC(=N)N)NC(=O)[C@H](CCCNC(=N)N)NC(=O)[C@H](CC(C)C)NC(=O)[C@H](Cc1ccccc1)NC(=O)[C@@H](NC(=O)[C@H](CCCNC(=N)N)NC(=O)[C@H](CCSC)NC(=O)[C@@H](NC(=O)[C@H](CCCCN)NC(=O)[C@H](CCCCN)NC(=O)[C@H](CO)NC(=O)[C@@H](NC(=O)CNC(=O)[C@H](CCCNC(=N)N)NC(=O)[C@H](CC(C)C)NC(=O)[C@@H](NC(=O)[C@@H](N)CCCCN)[C@@H](C)CC)C(C)C)[C@@H](C)CC)[C@@H](C)O)C(=O)N[C@@H](CO)C(=O)N[C@@H](CCCCN)C(=O)N[C@@H](CC(=O)O)C(=O)N[C@H](C(=O)N[C@@H](CC(C)C)C(=O)N[C@H](C(=O)NCC(=O)N[C@@H](CCCCN)C(=O)N[C@@H](CCCCN)C(N)=O)[C@@H](C)O)[C@@H](C)CC,c1ccccc1,Acinetobacter baumannii,μg/mL,CHEMBL525456,1,2.0,2.0,2.0,0.3010299956639812,B,high,1,1.0
CC[C@H](C)[C@H](NC(=O)[C@H](CCCNC(=N)N)NC(=O)[C@H](CCCNC(=N)N)NC(=O)[C@H](CC(C)C)NC(=O)[C@H](Cc1ccccc1)NC(=O)[C@@H](NC(=O)[C@H](CCCNC(=N)N)NC(=O)[C@H](CCSC)NC(=O)[C@@H](NC(=O)[C@H](CCCCN)NC(=O)[C@H](CCCCN)NC(=O)[C@H](CO)NC(=O)[C@@H](NC(=O)[C@@H](N)CCCCN)[C@@H](C)CC)[C@@H](C)CC)[C@@H](C)O)C(=O)N[C@@H](CO)C(=O)N[C@@H](CCCCN)C(=O)N[C@@H](CC(=O)O)C(=O)N[C@H](C(=O)N[C@@H](CC(C)C)C(=O)N[C@H](C(=O)NCC(=O)N[C@@H](CCCCN)C(=O)N[C@@H](CCCCN)C(N)=O)[C@@H](C)O)[C@@H](C)CC,c1ccccc1,Acinetobacter baumannii,μg/mL,CHEMBL526871,1,4.0,4.0,4.0,0.6020599913279624,B,high,1,1.0
CC[C@H](C)[C@H](NC(=O)[C@H](CCCNC(=N)N)NC(=O)[C@H](CCCNC(=N)N)NC(=O)[C@H](CC(C)C)NC(=O)[C@H](Cc1ccccc1)NC(=O)[C@@H](NC(=O)[C@H](CCCNC(=N)N)NC(=O)[C@H](CCSC)NC(=O)[C@@H](NC(=O)[C@H](CCCCN)NC(=O)[C@H](CCCCN)NC(=O)[C@H](CS)NC(=O)[C@@H](NC(=O)CNC(=O)[C@H](CCCNC(=N)N)NC(=O)[C@H](CC(C)C)NC(=O)[C@@H](NC(=O)[C@@H](N)CCCCN)[C@@H](C)CC)C(C)C)[C@@H](C)CC)[C@@H](C)O)C(=O)N[C@@H](CO)C(=O)N[C@@H](CCCCN)C(=O)N[C@@H](CC(=O)O)C(=O)N[C@H](C(=O)N[C@@H](CC(C)C)C(=O)N[C@H](C(=O)NCC(=O)N[C@@H](CCCCN)C(=O)N[C@@H](CCCCN)C(=O)O)[C@@H](C)O)[C@@H](C)CC,c1ccccc1,Acinetobacter baumannii,μg/mL,CHEMBL1275609,1,2.0,2.0,2.0,0.3010299956639812,B,high,1,1.0
CC[C@H](C)[C@H](NC(=O)[C@H](CCCNC(=N)N)NC(=O)[C@H](CCCNC(=N)N)NC(=O)[C@H](CO)NC(=O)[C@@H](NC(=O)CNC(=O)[C@H](CCCNC(=N)N)NC(=O)[C@H](CC(C)C)NC(=O)[C@@H](NC(=O)[C@@H](N)CCCNC(=N)N)[C@@H](C)CC)C(C)C)C(=O)N[C@@H](CCSC)C(=O)N[C@@H](CCCNC(=N)N)C(=O)N[C@@H](CCCNC(=N)N)C(=O)N[C@H](C(=O)N[C@@H](CC(C)C)C(=O)N[C@H](C(=O)NCC(=O)N[C@@H](CCCNC(=N)N)C(=O)N[C@@H](CCCNC(=N)N)C(N)=O)[C@@H](C)O)[C@@H](C)CC,CC[C@H](C)[C@H](NC(=O)[C@H](CCCNC(=N)N)NC(=O)[C@H](CCCNC(=N)N)NC(=O)[C@H](CO)NC(=O)[C@@H](NC(=O)CNC(=O)[C@H](CCCNC(=N)N)NC(=O)[C@H](CC(C)C)NC(=O)[C@@H](NC(=O)[C@@H](N)CCCNC(=N)N)[C@@H](C)CC)C(C)C)C(=O)N[C@@H](CCSC)C(=O)N[C@@H](CCCNC(=N)N)C(=O)N[C@@H](CCCNC(=N)N)C(=O)N[C@H](C(=O)N[C@@H](CC(C)C)C(=O)N[C@H](C(=O)NCC(=O)N[C@@H](CCCNC(=N)N)C(=O)N[C@@H](CCCNC(=N)N)C(N)=O)[C@@H](C)O)[C@@H](C)CC,Acinetobacter baumannii,μg/mL,CHEMBL506872,1,8.0,8.0,8.0,0.9030899869919435,B,high,1,1.0
CC[C@H]1CCN(c2ccc3c(=O)c(C(=O)O)cn(C4CC4)c3c2OC)C[C@H]1N,O=c1ccn(C2CC2)c2cc(N3CCCCC3)ccc12,Pseudomonas aeruginosa,μg/mL,CHEMBL333859,1,4.0,4.0,4.0,0.6020599913279624,B,high,1,1.0
CC[C@H]1OC(=O)C[C@@H](O)[C@H](C)[C@@H](O[C@@H]2O[C@H](C)[C@@H](O[C@H]3C[C@@](C)(O)[C@@H](O)[C@H](C)O3)[C@H](N(C)C)[C@H]2O)[C@@H](CC=O)C[C@@H](C)C(=O)/C=C/C(C)=C/[C@@H]1CO[C@@H]1O[C@H](C)[C@@H](O)[C@@H](OC)[C@H]1OC,O=C1/C=C/C=C/[C@H](CO[C@H]2CCCCO2)COC(=O)CCC[C@@H](O[C@H]2CC[C@H](O[C@H]3CCCCO3)CO2)CCC1,Klebsiella pneumoniae,μg/mL,CHEMBL42743,1,100.0,100.0,100.0,2.0,B,high,1,1.0
CC[C@H]1OC(=O)[C@H](C)[C@@H](O[C@H]2C[C@@](C)(OC)[C@@H](O)[C@H](C)O2)[C@H](C)[C@@H](O[C@@H]2O[C@H](C)C[C@H](N(C)C)[C@H]2O)[C@@](C)(O)C[C@@H](C)[C@@H](N(C)C)[C@H](C)[C@@H](O)[C@@]1(O)CO,O=C1C[C@@H](O[C@H]2CCCCO2)C[C@@H](O[C@H]2CCCCO2)CCCCCCCCO1,Pseudomonas aeruginosa,μg/mL,CHEMBL4524119,1,50.0,50.0,50.0,1.6989700043360187,B,high,1,1.0
CC[C@H]1OC(=O)[C@H](C)[C@@H](O[C@H]2C[C@@](C)(OC)[C@@H](O)[C@H](C)O2)[C@H](C)[C@@H](O[C@@H]2O[C@H](C)C[C@H](N(C)C)[C@H]2O)[C@@](C)(O)C[C@@H](C)[C@@H](N(C)C)[C@H](C)[C@@H](O)[C@H]1CO,O=C1C[C@@H](O[C@H]2CCCCO2)C[C@@H](O[C@H]2CCCCO2)CCCCCCCCO1,Klebsiella pneumoniae,μg/mL,CHEMBL4524121,1,50.0,50.0,50.0,1.6989700043360187,B,high,1,1.0
CC[C@H]1OC(=O)[C@H](C)[C@@H](O[C@H]2C[C@@](C)(OC)[C@@H](O)[C@H](C)O2)[C@H](C)[C@@H](O[C@@H]2O[C@H](C)C[C@H](N(C)C)[C@H]2O)[C@@](C)(O)C[C@@H](C)[C@@H](N(C)C)[C@H](C)[C@@H](O)[C@H]1CO,O=C1C[C@@H](O[C@H]2CCCCO2)C[C@@H](O[C@H]2CCCCO2)CCCCCCCCO1,Pseudomonas aeruginosa,μg/mL,CHEMBL4524121,2,25.78,1.56,50.0,1.4112829130173843,B,high,1,1.0
CC[C@H]1OC(=O)[C@H](C)[C@@H](O[C@H]2C[C@@](C)(OC)[C@@H](O)[C@H](C)O2)[C@H](C)[C@@H](O[C@@H]2O[C@H](C)C[C@H](N(C)C)[C@H]2O)[C@@](C)(O)C[C@@H](C)[C@@H](N(C)C)[C@H](C)[C@@H](O)[C@]1(C)O,O=C1C[C@@H](O[C@H]2CCCCO2)C[C@@H](O[C@H]2CCCCO2)CCCCCCCCO1,Klebsiella pneumoniae,μg/mL,CHEMBL4524118,1,25.0,25.0,25.0,1.3979400086720377,B,high,1,1.0
CC[C@H]1OC(=O)[C@H](C)[C@@H](O[C@H]2C[C@@](C)(OC)[C@@H](O)[C@H](C)O2)[C@H](C)[C@@H](O[C@@H]2O[C@H](C)C[C@H](N(C)C)[C@H]2O)[C@@](C)(O)C[C@@H](C)[C@@H](N(C)C)[C@H](C)[C@@H](O)[C@]1(C)O,O=C1C[C@@H](O[C@H]2CCCCO2)C[C@@H](O[C@H]2CCCCO2)CCCCCCCCO1,Pseudomonas aeruginosa,μg/mL,CHEMBL4524118,1,12.5,12.5,12.5,1.0969100130080565,B,high,1,1.0
CC[C@H]1OC(=O)[C@H](C)[C@@H](O[C@H]2C[C@@](C)(OC)[C@@H](O)[C@H](C)O2)[C@H](C)[C@@H](O[C@@H]2O[C@H](C)C[C@H](N(C)C)[C@H]2O)[C@](C)(O)C[C@@H](C)C(=O)[C@H](C)[C@@H](O)[C@]1(C)O,O=C1CCCCOC(=O)C[C@@H](O[C@H]2CCCCO2)C[C@@H](O[C@H]2CCCCO2)CCC1,Acinetobacter baumannii,μg/mL,CHEMBL532,12,6.0,1.5,64.0,0.7781512503836436,B,high,3,1.0
CC[C@H]1OC(=O)[C@H](C)[C@@H](O[C@H]2C[C@@](C)(OC)[C@@H](O)[C@H](C)O2)[C@H](C)[C@@H](O[C@@H]2O[C@H](C)C[C@H](N(C)C)[C@H]2O)[C@](C)(O)C[C@@H](C)C(=O)[C@H](C)[C@@H](O)[C@]1(C)O,O=C1CCCCOC(=O)C[C@@H](O[C@H]2CCCCO2)C[C@@H](O[C@H]2CCCCO2)CCC1,Klebsiella pneumoniae,μg/mL,CHEMBL532,2,19.125,6.25,32.0,1.281601443825655,B,high,2,1.0
CC[C@H]1OC(=O)[C@H](C)[C@@H](O[C@H]2C[C@@](C)(OC)[C@@H](O)[C@H](C)O2)[C@H](C)[C@@H](O[C@@H]2O[C@H](C)C[C@H](N(C)C)[C@H]2O)[C@](C)(O)C[C@@H](C)CN(C)[C@H](C)[C@@H](O)[C@]1(C)O,O=C1C[C@@H](O[C@H]2CCCCO2)C[C@@H](O[C@H]2CCCCO2)CCCCNCCCCO1,Acinetobacter baumannii,μg/mL,CHEMBL529,12,44.0,1.5,128.0,1.6434526764861874,B,high,4,1.0
CC[C@H]1OC(=O)[C@H](C)[C@@H](O[C@H]2C[C@@](C)(OC)[C@@H](O)[C@H](C)O2)[C@H](C)[C@@H](O[C@@H]2O[C@H](C)C[C@H](N(C)C)[C@H]2O)[C@](C)(O)C[C@@H](C)CN(C)[C@H](C)[C@@H](O)[C@]1(C)O,O=C1C[C@@H](O[C@H]2CCCCO2)C[C@@H](O[C@H]2CCCCO2)CCCCNCCCCO1,Escherichia coli,μg/mL,CHEMBL529,1,1.56,1.56,1.56,0.1931245983544616,B,high,1,1.0
CC[C@H]1OC(=O)[C@H](C)[C@@H](O[C@H]2C[C@@](C)(OC)[C@@H](O)[C@H](C)O2)[C@H](C)[C@@H](O[C@@H]2O[C@H](C)C[C@H](N(C)C)[C@H]2O)[C@](C)(O)C[C@@H](C)CN(C)[C@H](C)[C@@H](O)[C@]1(C)O,O=C1C[C@@H](O[C@H]2CCCCO2)C[C@@H](O[C@H]2CCCCO2)CCCCNCCCCO1,Klebsiella pneumoniae,μg/mL,CHEMBL529,1,1.0,1.0,1.0,0.0,B,high,1,1.0
CC[C@H]1OC(=O)[C@H](C)[C@@H](O[C@H]2C[C@@](C)(OC)[C@@H](O)[C@H](C)O2)[C@H](C)[C@@H](O[C@@H]2O[C@H](C)C[C@H](N(C)C)[C@H]2O)[C@](C)(O)C[C@@H](C)N(C)C[C@H](C)[C@@H](O)[C@]1(C)O,O=C1C[C@@H](O[C@H]2CCCCO2)C[C@@H](O[C@H]2CCCCO2)CCCNCCCCCO1,Klebsiella pneumoniae,μg/mL,CHEMBL273931,1,1.0,1.0,1.0,0.0,B,high,1,1.0
CC[C@H]1OC(=O)[C@H](C)[C@@H](O[C@H]2C[C@@](C)(OC)[C@@H](O)[C@H](C)O2)[C@H](C)[C@@H](O[C@@H]2O[C@H](C)C[C@H](N(C)C)[C@H]2O)[C@](C)(O)C[C@@H](C)NC(=O)[C@H](C)[C@@H](O)[C@]1(C)O,O=C1CCCCOC(=O)C[C@@H](O[C@H]2CCCCO2)C[C@@H](O[C@H]2CCCCO2)CCCN1,Klebsiella pneumoniae,μg/mL,CHEMBL284466,1,32.0,32.0,32.0,1.505149978319906,B,high,1,1.0
CC[C@H]1OC(=O)[C@H](C)[C@@H](O[C@H]2C[C@@](C)(OC)[C@@H](O)[C@H](C)O2)[C@H](C)[C@@H](O[C@@H]2O[C@H](C)C[C@H](N(C)C)[C@H]2O)[C@](C)(O)C[C@@H](C)NC[C@H](C)[C@@H](O)[C@]1(C)O,O=C1C[C@@H](O[C@H]2CCCCO2)C[C@@H](O[C@H]2CCCCO2)CCCNCCCCCO1,Klebsiella pneumoniae,μg/mL,CHEMBL278801,1,4.0,4.0,4.0,0.6020599913279624,B,high,1,1.0
CC[C@H]1OC(=O)[C@H](C)[C@@H](O[C@H]2C[C@@](C)(OC)[C@@H](O)[C@H](C)O2)[C@H](C)[C@@H](O[C@@H]2O[C@H](C)C[C@H](N(C)C)[C@H]2O)[C@](C)(OC)C[C@@H](C)C(=O)[C@H](C)[C@@H](O)[C@]1(C)O,O=C1CCCCOC(=O)C[C@@H](O[C@H]2CCCCO2)C[C@@H](O[C@H]2CCCCO2)CCC1,Acinetobacter baumannii,μg/mL,CHEMBL1741,15,0.75,0.094,8.0,-0.12493873660829995,B,high,2,1.0
CC[C@H]1OC(=O)[C@H](C)[C@@H](O[C@H]2C[C@@](C)(OC)[C@@H](O)[C@H](C)O2)[C@H](C)[C@@H](O[C@H]2O[C@H](C)C[C@H](N(C)C)[C@H]2O)[C@@](C)(O)C[C@@H](C)[C@@H](N(C)C)[C@H](C)[C@@H](O)[C@@]12CO2,O=C1C[C@@H](O[C@H]2CCCCO2)C[C@@H](O[C@@H]2CCCCO2)CCCCCC[C@]2(CO1)CO2,Klebsiella pneumoniae,μg/mL,CHEMBL4524120,1,100.0,100.0,100.0,2.0,B,high,1,1.0
CC[C@H]1OC(=O)[C@H](C)[C@@H](O[C@H]2C[C@@](C)(OC)[C@@H](O)[C@H](C)O2)[C@H](C)[C@@H](O[C@H]2O[C@H](C)C[C@H](N(C)C)[C@H]2O)[C@@](C)(O)C[C@@H](C)[C@@H](N(C)C)[C@H](C)[C@@H](O)[C@@]12CO2,O=C1C[C@@H](O[C@H]2CCCCO2)C[C@@H](O[C@@H]2CCCCO2)CCCCCC[C@]2(CO1)CO2,Pseudomonas aeruginosa,μg/mL,CHEMBL4524120,1,12.5,12.5,12.5,1.0969100130080565,B,high,1,1.0
CC[C@H]1OC(=O)[C@H](C)[C@H]2OC3(CCN(C(=O)c4c[nH]c5ccccc45)CC3)O[C@](C)(C[C@@H](C)CN[C@H](C)[C@@H](O)[C@]1(C)O)[C@H](O[C@@H]1O[C@H](C)C[C@H](N(C)C)[C@H]1O)[C@H]2C,O=C1C[C@@H]2C[C@@H](O[C@H]3CCCCO3)C(CCCNCCCCO1)OC1(CCN(C(=O)c3c[nH]c4ccccc34)CC1)O2,Escherichia coli,μg/mL,CHEMBL278190,1,6.25,6.25,6.25,0.7958800173440752,B,high,1,1.0
CC[C@H]1OC(=O)[C@H](C)[C@H]2OC3(CCN(C(=O)c4cc5ccccc5[nH]4)CC3)O[C@](C)(C[C@@H](C)CN[C@H](C)[C@@H](O)[C@]1(C)O)[C@H](O[C@@H]1O[C@H](C)C[C@H](N(C)C)[C@H]1O)[C@H]2C,O=C1C[C@@H]2C[C@@H](O[C@H]3CCCCO3)C(CCCNCCCCO1)OC1(CCN(C(=O)c3cc4ccccc4[nH]3)CC1)O2,Escherichia coli,μg/mL,CHEMBL309451,1,3.13,3.13,3.13,0.49554433754644844,B,high,1,1.0
CC[C@H]1OC(=O)[C@H](C)[C@H]2OC3(CCN(C(=O)c4ccc(-c5ccccc5)cc4)CC3)O[C@](C)(C[C@@H](C)CN[C@H](C)[C@@H](O)[C@]1(C)O)[C@H](O[C@@H]1O[C@H](C)C[C@H](N(C)C)[C@H]1O)[C@H]2C,O=C1C[C@@H]2C[C@@H](O[C@H]3CCCCO3)C(CCCNCCCCO1)OC1(CCN(C(=O)c3ccc(-c4ccccc4)cc3)CC1)O2,Escherichia coli,μg/mL,CHEMBL311416,1,6.25,6.25,6.25,0.7958800173440752,B,high,1,1.0
CC[C@H]1OC(=O)[C@H](C)[C@H]2OC3(CCN(C(=O)c4ccc5ccccc5n4)CC3)O[C@](C)(C[C@@H](C)CN(C)[C@H](C)[C@@H](O)[C@]1(C)O)[C@H](O[C@@H]1O[C@H](C)C[C@H](N(C)C)[C@H]1O)[C@H]2C,O=C1C[C@@H]2C[C@@H](O[C@H]3CCCCO3)C(CCCNCCCCO1)OC1(CCN(C(=O)c3ccc4ccccc4n3)CC1)O2,Escherichia coli,μg/mL,CHEMBL81818,1,6.25,6.25,6.25,0.7958800173440752,B,high,1,1.0
CC[C@H]1OC(=O)[C@H](C)[C@H]2OC3(CCN(C(=O)c4ccc5ccccc5n4)CC3)O[C@](C)(C[C@@H](C)CN[C@H](C)[C@@H](O)[C@]1(C)O)[C@H](O[C@@H]1O[C@H](C)C[C@H](N(C)C)[C@H]1O)[C@H]2C,O=C1C[C@@H]2C[C@@H](O[C@H]3CCCCO3)C(CCCNCCCCO1)OC1(CCN(C(=O)c3ccc4ccccc4n3)CC1)O2,Escherichia coli,μg/mL,CHEMBL310083,1,1.56,1.56,1.56,0.1931245983544616,B,high,1,1.0
CC[C@H]1OC(=O)[C@H](C)[C@H]2OC3(CCN(C(=O)c4ccc[nH]4)CC3)O[C@](C)(C[C@@H](C)CN[C@H](C)[C@@H](O)[C@]1(C)O)[C@H](O[C@@H]1O[C@H](C)C[C@H](N(C)C)[C@H]1O)[C@H]2C,O=C1C[C@@H]2C[C@@H](O[C@H]3CCCCO3)C(CCCNCCCCO1)OC1(CCN(C(=O)c3ccc[nH]3)CC1)O2,Escherichia coli,μg/mL,CHEMBL310991,1,0.78,0.78,0.78,-0.10790539730951958,B,high,1,1.0
CC[C@H]1OC(=O)[C@H](C)[C@H]2OC3(CCN(C(=O)c4cccc(O)n4)CC3)O[C@](C)(C[C@@H](C)CN[C@H](C)[C@@H](O)[C@]1(C)O)[C@H](O[C@@H]1O[C@H](C)C[C@H](N(C)C)[C@H]1O)[C@H]2C,O=C1C[C@@H]2C[C@@H](O[C@H]3CCCCO3)C(CCCNCCCCO1)OC1(CCN(C(=O)c3ccccn3)CC1)O2,Escherichia coli,μg/mL,CHEMBL80524,1,6.25,6.25,6.25,0.7958800173440752,B,high,1,1.0
CC[C@H]1OC(=O)[C@H](C)[C@H]2OC3(CCN(C(=O)c4cccc(OC)c4)CC3)O[C@](C)(C[C@@H](C)CN[C@H](C)[C@@H](O)[C@]1(C)O)[C@H](O[C@@H]1O[C@H](C)C[C@H](N(C)C)[C@H]1O)[C@H]2C,O=C1C[C@@H]2C[C@@H](O[C@H]3CCCCO3)C(CCCNCCCCO1)OC1(CCN(C(=O)c3ccccc3)CC1)O2,Escherichia coli,μg/mL,CHEMBL311792,1,3.13,3.13,3.13,0.49554433754644844,B,high,1,1.0
CC[C@H]1OC(=O)[C@H](C)[C@H]2OC3(CCN(C(=O)c4ccccc4)CC3)O[C@](C)(C[C@@H](C)CN(C)[C@H](C)[C@@H](O)[C@]1(C)O)[C@H](O[C@@H]1O[C@H](C)C[C@H](N(C)C)[C@H]1O)[C@H]2C,O=C1C[C@@H]2C[C@@H](O[C@H]3CCCCO3)C(CCCNCCCCO1)OC1(CCN(C(=O)c3ccccc3)CC1)O2,Escherichia coli,μg/mL,CHEMBL312016,1,3.13,3.13,3.13,0.49554433754644844,B,high,1,1.0
CC[C@H]1OC(=O)[C@H](C)[C@H]2OC3(CCN(C(=O)c4ccccc4)CC3)O[C@](C)(C[C@@H](C)CN[C@H](C)[C@@H](O)[C@]1(C)O)[C@H](O[C@@H]1O[C@H](C)C[C@H](N(C)C)[C@H]1O)[C@H]2C,O=C1C[C@@H]2C[C@@H](O[C@H]3CCCCO3)C(CCCNCCCCO1)OC1(CCN(C(=O)c3ccccc3)CC1)O2,Escherichia coli,μg/mL,CHEMBL420217,1,1.56,1.56,1.56,0.1931245983544616,B,high,1,1.0
CC[C@H]1OC(=O)[C@H](C)[C@H]2OC3(CCN(C(=O)c4ccccn4)CC3)O[C@](C)(C[C@@H](C)CN(C)[C@H](C)[C@@H](O)[C@]1(C)O)[C@H](O[C@@H]1O[C@H](C)C[C@H](N(C)C)[C@H]1O)[C@H]2C,O=C1C[C@@H]2C[C@@H](O[C@H]3CCCCO3)C(CCCNCCCCO1)OC1(CCN(C(=O)c3ccccn3)CC1)O2,Escherichia coli,μg/mL,CHEMBL81351,1,1.56,1.56,1.56,0.1931245983544616,B,high,1,1.0
CC[C@H]1OC(=O)[C@H](C)[C@H]2OC3(CCN(C(=O)c4ccccn4)CC3)O[C@](C)(C[C@@H](C)CN[C@H](C)[C@@H](O)[C@]1(C)O)[C@H](O[C@@H]1O[C@H](C)C[C@H](N(C)C)[C@H]1O)[C@H]2C,O=C1C[C@@H]2C[C@@H](O[C@H]3CCCCO3)C(CCCNCCCCO1)OC1(CCN(C(=O)c3ccccn3)CC1)O2,Escherichia coli,μg/mL,CHEMBL309642,1,1.56,1.56,1.56,0.1931245983544616,B,high,1,1.0
CC[C@H]1OC(=O)[C@H](C)[C@H]2OC3(CCN(C(=O)c4cccn4C)CC3)O[C@](C)(C[C@@H](C)CN[C@H](C)[C@@H](O)[C@]1(C)O)[C@H](O[C@@H]1O[C@H](C)C[C@H](N(C)C)[C@H]1O)[C@H]2C,O=C1C[C@@H]2C[C@@H](O[C@H]3CCCCO3)C(CCCNCCCCO1)OC1(CCN(C(=O)c3ccc[nH]3)CC1)O2,Escherichia coli,μg/mL,CHEMBL78569,1,1.56,1.56,1.56,0.1931245983544616,B,high,1,1.0
CC[C@H]1OC(=O)[C@H](C)[C@H]2OC3(CCN(C(=O)c4cccnc4)CC3)O[C@](C)(C[C@@H](C)CN(C)[C@H](C)[C@@H](O)[C@]1(C)O)[C@H](O[C@@H]1O[C@H](C)C[C@H](N(C)C)[C@H]1O)[C@H]2C,O=C1C[C@@H]2C[C@@H](O[C@H]3CCCCO3)C(CCCNCCCCO1)OC1(CCN(C(=O)c3cccnc3)CC1)O2,Escherichia coli,μg/mL,CHEMBL81350,1,3.13,3.13,3.13,0.49554433754644844,B,high,1,1.0
CC[C@H]1OC(=O)[C@H](C)[C@H]2OC3(CCN(C(=O)c4cccnc4)CC3)O[C@](C)(C[C@@H](C)CN[C@H](C)[C@@H](O)[C@]1(C)O)[C@H](O[C@@H]1O[C@H](C)C[C@H](N(C)C)[C@H]1O)[C@H]2C,O=C1C[C@@H]2C[C@@H](O[C@H]3CCCCO3)C(CCCNCCCCO1)OC1(CCN(C(=O)c3cccnc3)CC1)O2,Escherichia coli,μg/mL,CHEMBL418914,1,3.13,3.13,3.13,0.49554433754644844,B,high,1,1.0
CC[C@H]1OC(=O)[C@H](C)[C@H]2OC3(CCN(C(=O)c4cccnc4Cl)CC3)O[C@](C)(C[C@@H](C)CN[C@H](C)[C@@H](O)[C@]1(C)O)[C@H](O[C@@H]1O[C@H](C)C[C@H](N(C)C)[C@H]1O)[C@H]2C,O=C1C[C@@H]2C[C@@H](O[C@H]3CCCCO3)C(CCCNCCCCO1)OC1(CCN(C(=O)c3cccnc3)CC1)O2,Escherichia coli,μg/mL,CHEMBL81034,1,3.13,3.13,3.13,0.49554433754644844,B,high,1,1.0
CC[C@H]1OC(=O)[C@H](C)[C@H]2OC3(CCN(C(=O)c4ccco4)CC3)O[C@](C)(C[C@@H](C)CN(C)[C@H](C)[C@@H](O)[C@]1(C)O)[C@H](O[C@@H]1O[C@H](C)C[C@H](N(C)C)[C@H]1O)[C@H]2C,O=C1C[C@@H]2C[C@@H](O[C@H]3CCCCO3)C(CCCNCCCCO1)OC1(CCN(C(=O)c3ccco3)CC1)O2,Escherichia coli,μg/mL,CHEMBL81617,1,0.78,0.78,0.78,-0.10790539730951958,B,high,1,1.0
CC[C@H]1OC(=O)[C@H](C)[C@H]2OC3(CCN(C(=O)c4ccco4)CC3)O[C@](C)(C[C@@H](C)CN[C@H](C)[C@@H](O)[C@]1(C)O)[C@H](O[C@@H]1O[C@H](C)C[C@H](N(C)C)[C@H]1O)[C@H]2C,O=C1C[C@@H]2C[C@@H](O[C@H]3CCCCO3)C(CCCNCCCCO1)OC1(CCN(C(=O)c3ccco3)CC1)O2,Escherichia coli,μg/mL,CHEMBL79127,1,1.56,1.56,1.56,0.1931245983544616,B,high,1,1.0
CC[C@H]1OC(=O)[C@H](C)[C@H]2OC3(CCN(C(=O)c4cccs4)CC3)O[C@](C)(C[C@@H](C)CN(C)[C@H](C)[C@@H](O)[C@]1(C)O)[C@H](O[C@@H]1O[C@H](C)C[C@H](N(C)C)[C@H]1O)[C@H]2C,O=C1C[C@@H]2C[C@@H](O[C@H]3CCCCO3)C(CCCNCCCCO1)OC1(CCN(C(=O)c3cccs3)CC1)O2,Escherichia coli,μg/mL,CHEMBL311411,1,1.56,1.56,1.56,0.1931245983544616,B,high,1,1.0
CC[C@H]1OC(=O)[C@H](C)[C@H]2OC3(CCN(C(=O)c4ccnc5ccccc45)CC3)O[C@](C)(C[C@@H](C)CN(C)[C@H](C)[C@@H](O)[C@]1(C)O)[C@H](O[C@@H]1O[C@H](C)C[C@H](N(C)C)[C@H]1O)[C@H]2C,O=C1C[C@@H]2C[C@@H](O[C@H]3CCCCO3)C(CCCNCCCCO1)OC1(CCN(C(=O)c3ccnc4ccccc34)CC1)O2,Escherichia coli,μg/mL,CHEMBL264387,1,6.25,6.25,6.25,0.7958800173440752,B,high,1,1.0
CC[C@H]1OC(=O)[C@H](C)[C@H]2OC3(CCN(C(=O)c4ccnc5ccccc45)CC3)O[C@](C)(C[C@@H](C)CN[C@H](C)[C@@H](O)[C@]1(C)O)[C@H](O[C@@H]1O[C@H](C)C[C@H](N(C)C)[C@H]1O)[C@H]2C,O=C1C[C@@H]2C[C@@H](O[C@H]3CCCCO3)C(CCCNCCCCO1)OC1(CCN(C(=O)c3ccnc4ccccc34)CC1)O2,Escherichia coli,μg/mL,CHEMBL312278,1,6.25,6.25,6.25,0.7958800173440752,B,high,1,1.0
CC[C@H]1OC(=O)[C@H](C)[C@H]2OC3(CCN(C(=O)c4ccoc4)CC3)O[C@](C)(C[C@@H](C)CN[C@H](C)[C@@H](O)[C@]1(C)O)[C@H](O[C@@H]1O[C@H](C)C[C@H](N(C)C)[C@H]1O)[C@H]2C,O=C1C[C@@H]2C[C@@H](O[C@H]3CCCCO3)C(CCCNCCCCO1)OC1(CCN(C(=O)c3ccoc3)CC1)O2,Escherichia coli,μg/mL,CHEMBL312774,1,0.78,0.78,0.78,-0.10790539730951958,B,high,1,1.0
CC[C@H]1OC(=O)[C@H](C)[C@H]2OC3(CCN(C(=O)c4cnc5ccccc5c4)CC3)O[C@](C)(C[C@@H](C)CN(C)[C@H](C)[C@@H](O)[C@]1(C)O)[C@H](O[C@@H]1O[C@H](C)C[C@H](N(C)C)[C@H]1O)[C@H]2C,O=C1C[C@@H]2C[C@@H](O[C@H]3CCCCO3)C(CCCNCCCCO1)OC1(CCN(C(=O)c3cnc4ccccc4c3)CC1)O2,Escherichia coli,μg/mL,CHEMBL309514,1,6.25,6.25,6.25,0.7958800173440752,B,high,1,1.0
CC[C@H]1OC(=O)[C@H](C)[C@H]2OC3(CCN(C(=O)c4cnc5ccccc5c4)CC3)O[C@](C)(C[C@@H](C)CN[C@H](C)[C@@H](O)[C@]1(C)O)[C@H](O[C@@H]1O[C@H](C)C[C@H](N(C)C)[C@H]1O)[C@H]2C,O=C1C[C@@H]2C[C@@H](O[C@H]3CCCCO3)C(CCCNCCCCO1)OC1(CCN(C(=O)c3cnc4ccccc4c3)CC1)O2,Escherichia coli,μg/mL,CHEMBL419287,1,3.13,3.13,3.13,0.49554433754644844,B,high,1,1.0
CC[C@H]1OC(=O)[C@H](C)[C@H]2OC3(CCN(C(=O)c4cncc(Cl)c4Cl)CC3)O[C@](C)(C[C@@H](C)CN[C@H](C)[C@@H](O)[C@]1(C)O)[C@H](O[C@@H]1O[C@H](C)C[C@H](N(C)C)[C@H]1O)[C@H]2C,O=C1C[C@@H]2C[C@@H](O[C@H]3CCCCO3)C(CCCNCCCCO1)OC1(CCN(C(=O)c3cccnc3)CC1)O2,Escherichia coli,μg/mL,CHEMBL309630,1,3.13,3.13,3.13,0.49554433754644844,B,high,1,1.0
CC[C@H]1OC(=O)[C@H](C)[C@H]2OC3(CCN(C(=O)c4cnccn4)CC3)O[C@](C)(C[C@@H](C)CN[C@H](C)[C@@H](O)[C@]1(C)O)[C@H](O[C@@H]1O[C@H](C)C[C@H](N(C)C)[C@H]1O)[C@H]2C,O=C1C[C@@H]2C[C@@H](O[C@H]3CCCCO3)C(CCCNCCCCO1)OC1(CCN(C(=O)c3cnccn3)CC1)O2,Escherichia coli,μg/mL,CHEMBL312347,1,1.56,1.56,1.56,0.1931245983544616,B,high,1,1.0
CC[C@H]1OC(=O)[C@H](C)[C@H]2OC3(CCN(C(=O)c4occc4C)CC3)O[C@](C)(C[C@@H](C)CN[C@H](C)[C@@H](O)[C@]1(C)O)[C@H](O[C@@H]1O[C@H](C)C[C@H](N(C)C)[C@H]1O)[C@H]2C,O=C1C[C@@H]2C[C@@H](O[C@H]3CCCCO3)C(CCCNCCCCO1)OC1(CCN(C(=O)c3ccco3)CC1)O2,Escherichia coli,μg/mL,CHEMBL310000,1,1.56,1.56,1.56,0.1931245983544616,B,high,1,1.0
CC[C@H]1OC(=O)[C@H](C)[C@H]2OC3(CCN(CCc4ccc(C#N)cc4)CC3)O[C@](C)(C[C@@H](C)CN(C)[C@H](C)[C@@H](O)[C@]1(C)O)[C@H](O[C@@H]1O[C@H](C)C[C@H](N(C)C)[C@H]1O)[C@H]2C,O=C1C[C@@H]2C[C@@H](O[C@H]3CCCCO3)C(CCCNCCCCO1)OC1(CCN(CCc3ccccc3)CC1)O2,Escherichia coli,μg/mL,CHEMBL310052,1,0.39,0.39,0.39,-0.4089353929735008,B,high,1,1.0
CC[C@H]1OC(=O)[C@H](C)[C@H]2OC3(CCN(CCc4ccc(Cl)c(Cl)c4)CC3)O[C@](C)(C[C@@H](C)CN(C)[C@H](C)[C@@H](O)[C@]1(C)O)[C@H](O[C@@H]1O[C@H](C)C[C@H](N(C)C)[C@H]1O)[C@H]2C,O=C1C[C@@H]2C[C@@H](O[C@H]3CCCCO3)C(CCCNCCCCO1)OC1(CCN(CCc3ccccc3)CC1)O2,Escherichia coli,μg/mL,CHEMBL312262,1,50.0,50.0,50.0,1.6989700043360187,B,high,1,1.0
CC[C@H]1OC(=O)[C@H](C)[C@H]2OC3(CCN(CCc4ccc(Cl)c(Cl)c4)CC3)O[C@](C)(C[C@@H](C)CN[C@H](C)[C@@H](O)[C@]1(C)O)[C@H](O[C@@H]1O[C@H](C)C[C@H](N(C)C)[C@H]1O)[C@H]2C,O=C1C[C@@H]2C[C@@H](O[C@H]3CCCCO3)C(CCCNCCCCO1)OC1(CCN(CCc3ccccc3)CC1)O2,Escherichia coli,μg/mL,CHEMBL311588,1,3.13,3.13,3.13,0.49554433754644844,B,high,1,1.0
CC[C@H]1OC(=O)[C@H](C)[C@H]2OC3(CCN(CCc4ccc(Cl)cc4)CC3)O[C@](C)(C[C@@H](C)CN(C)[C@H](C)[C@@H](O)[C@]1(C)O)[C@H](O[C@@H]1O[C@H](C)C[C@H](N(C)C)[C@H]1O)[C@H]2C,O=C1C[C@@H]2C[C@@H](O[C@H]3CCCCO3)C(CCCNCCCCO1)OC1(CCN(CCc3ccccc3)CC1)O2,Escherichia coli,μg/mL,CHEMBL82660,1,0.2,0.2,0.2,-0.6989700043360187,B,high,1,1.0
CC[C@H]1OC(=O)[C@H](C)[C@H]2OC3(CCN(CCc4ccc(NC(C)=O)cc4)CC3)O[C@](C)(C[C@@H](C)CN(C)[C@H](C)[C@@H](O)[C@]1(C)O)[C@H](O[C@@H]1O[C@H](C)C[C@H](N(C)C)[C@H]1O)[C@H]2C,O=C1C[C@@H]2C[C@@H](O[C@H]3CCCCO3)C(CCCNCCCCO1)OC1(CCN(CCc3ccccc3)CC1)O2,Escherichia coli,μg/mL,CHEMBL433331,1,0.39,0.39,0.39,-0.4089353929735008,B,high,1,1.0
CC[C@H]1OC(=O)[C@H](C)[C@H]2OC3(CCN(CCc4ccc(OC)cc4)CC3)O[C@](C)(C[C@@H](C)CN(C)[C@H](C)[C@@H](O)[C@]1(C)O)[C@H](O[C@@H]1O[C@H](C)C[C@H](N(C)C)[C@H]1O)[C@H]2C,O=C1C[C@@H]2C[C@@H](O[C@H]3CCCCO3)C(CCCNCCCCO1)OC1(CCN(CCc3ccccc3)CC1)O2,Escherichia coli,μg/mL,CHEMBL422238,1,0.39,0.39,0.39,-0.4089353929735008,B,high,1,1.0
CC[C@H]1OC(=O)[C@H](C)[C@H]2OC3(CCN(CCc4ccc(OC)cc4)CC3)O[C@](C)(C[C@@H](C)CN[C@H](C)[C@@H](O)[C@]1(C)O)[C@H](O[C@@H]1O[C@H](C)C[C@H](N(C)C)[C@H]1O)[C@H]2C,O=C1C[C@@H]2C[C@@H](O[C@H]3CCCCO3)C(CCCNCCCCO1)OC1(CCN(CCc3ccccc3)CC1)O2,Escherichia coli,μg/mL,CHEMBL311986,1,0.2,0.2,0.2,-0.6989700043360187,B,high,1,1.0
CC[C@H]1OC(=O)[C@H](C)[C@H]2OC3(CCN(CCc4ccc5ccccc5n4)CC3)O[C@](C)(C[C@@H](C)CN(C)[C@H](C)[C@@H](O)[C@]1(C)O)[C@H](O[C@@H]1O[C@H](C)C[C@H](N(C)C)[C@H]1O)[C@H]2C,O=C1C[C@@H]2C[C@@H](O[C@H]3CCCCO3)C(CCCNCCCCO1)OC1(CCN(CCc3ccc4ccccc4n3)CC1)O2,Escherichia coli,μg/mL,CHEMBL421336,1,0.78,0.78,0.78,-0.10790539730951958,B,high,1,1.0
CC[C@H]1OC(=O)[C@H](C)[C@H]2OC3(CCN(CCc4ccc5ccccc5n4)CC3)O[C@](C)(C[C@@H](C)CN[C@H](C)[C@@H](O)[C@]1(C)O)[C@H](O[C@@H]1O[C@H](C)C[C@H](N(C)C)[C@H]1O)[C@H]2C,O=C1C[C@@H]2C[C@@H](O[C@H]3CCCCO3)C(CCCNCCCCO1)OC1(CCN(CCc3ccc4ccccc4n3)CC1)O2,Escherichia coli,μg/mL,CHEMBL309972,1,0.78,0.78,0.78,-0.10790539730951958,B,high,1,1.0
CC[C@H]1OC(=O)[C@H](C)[C@H]2OC3(CCN(CCc4cccc(OC)c4)CC3)O[C@](C)(C[C@@H](C)CN(C)[C@H](C)[C@@H](O)[C@]1(C)O)[C@H](O[C@@H]1O[C@H](C)C[C@H](N(C)C)[C@H]1O)[C@H]2C,O=C1C[C@@H]2C[C@@H](O[C@H]3CCCCO3)C(CCCNCCCCO1)OC1(CCN(CCc3ccccc3)CC1)O2,Escherichia coli,μg/mL,CHEMBL310887,1,0.2,0.2,0.2,-0.6989700043360187,B,high,1,1.0
CC[C@H]1OC(=O)[C@H](C)[C@H]2OC3(CCN(CCc4cccc(OC)c4)CC3)O[C@](C)(C[C@@H](C)CN[C@H](C)[C@@H](O)[C@]1(C)O)[C@H](O[C@@H]1O[C@H](C)C[C@H](N(C)C)[C@H]1O)[C@H]2C,O=C1C[C@@H]2C[C@@H](O[C@H]3CCCCO3)C(CCCNCCCCO1)OC1(CCN(CCc3ccccc3)CC1)O2,Escherichia coli,μg/mL,CHEMBL82474,1,0.3,0.3,0.3,-0.5228787452803376,B,high,1,1.0
CC[C@H]1OC(=O)[C@H](C)[C@H]2OC3(CCN(CCc4ccccc4)CC3)O[C@](C)(C[C@@H](C)CN(C)[C@H](C)[C@@H](O)[C@]1(C)O)[C@H](O[C@@H]1O[C@H](C)C[C@H](N(C)C)[C@H]1O)[C@H]2C,O=C1C[C@@H]2C[C@@H](O[C@H]3CCCCO3)C(CCCNCCCCO1)OC1(CCN(CCc3ccccc3)CC1)O2,Escherichia coli,μg/mL,CHEMBL312107,1,0.075,0.075,0.075,-1.1249387366083,B,high,1,1.0
CC[C@H]1OC(=O)[C@H](C)[C@H]2OC3(CCN(CCc4ccccc4)CC3)O[C@](C)(C[C@@H](C)CN[C@H](C)[C@@H](O)[C@]1(C)O)[C@H](O[C@@H]1O[C@H](C)C[C@H](N(C)C)[C@H]1O)[C@H]2C,O=C1C[C@@H]2C[C@@H](O[C@H]3CCCCO3)C(CCCNCCCCO1)OC1(CCN(CCc3ccccc3)CC1)O2,Escherichia coli,μg/mL,CHEMBL431595,1,0.1,0.1,0.1,-1.0,B,high,1,1.0
CC[C@H]1OC(=O)[C@H](C)[C@H]2OC3(CCN(CCc4ccccc4OC)CC3)O[C@](C)(C[C@@H](C)CN(C)[C@H](C)[C@@H](O)[C@]1(C)O)[C@H](O[C@@H]1O[C@H](C)C[C@H](N(C)C)[C@H]1O)[C@H]2C,O=C1C[C@@H]2C[C@@H](O[C@H]3CCCCO3)C(CCCNCCCCO1)OC1(CCN(CCc3ccccc3)CC1)O2,Escherichia coli,μg/mL,CHEMBL367521,1,0.1,0.1,0.1,-1.0,B,high,1,1.0
CC[C@H]1OC(=O)[C@H](C)[C@H]2OC3(CCN(CCc4ccccc4OC)CC3)O[C@](C)(C[C@@H](C)CN[C@H](C)[C@@H](O)[C@]1(C)O)[C@H](O[C@@H]1O[C@H](C)C[C@H](N(C)C)[C@H]1O)[C@H]2C,O=C1C[C@@H]2C[C@@H](O[C@H]3CCCCO3)C(CCCNCCCCO1)OC1(CCN(CCc3ccccc3)CC1)O2,Escherichia coli,μg/mL,CHEMBL78693,1,0.1,0.1,0.1,-1.0,B,high,1,1.0
CC[C@H]1OC(=O)[C@H](C)[C@H]2OC3(CCN(CCc4ccnc5ccccc45)CC3)O[C@](C)(C[C@@H](C)CN(C)[C@H](C)[C@@H](O)[C@]1(C)O)[C@H](O[C@@H]1O[C@H](C)C[C@H](N(C)C)[C@H]1O)[C@H]2C,O=C1C[C@@H]2C[C@@H](O[C@H]3CCCCO3)C(CCCNCCCCO1)OC1(CCN(CCc3ccnc4ccccc34)CC1)O2,Escherichia coli,μg/mL,CHEMBL311136,1,1.56,1.56,1.56,0.1931245983544616,B,high,1,1.0
CC[C@H]1OC(=O)[C@H](C)[C@H]2OC3(CCN(CCc4ccnc5ccccc45)CC3)O[C@](C)(C[C@@H](C)CN[C@H](C)[C@@H](O)[C@]1(C)O)[C@H](O[C@@H]1O[C@H](C)C[C@H](N(C)C)[C@H]1O)[C@H]2C,O=C1C[C@@H]2C[C@@H](O[C@H]3CCCCO3)C(CCCNCCCCO1)OC1(CCN(CCc3ccnc4ccccc34)CC1)O2,Escherichia coli,μg/mL,CHEMBL80958,1,1.56,1.56,1.56,0.1931245983544616,B,high,1,1.0
CC[C@H]1OC(=O)[C@H](C)[C@H]2OC3(CCN(CCc4ccoc4)CC3)O[C@](C)(C[C@@H](C)CN(C)[C@H](C)[C@@H](O)[C@]1(C)O)[C@H](O[C@@H]1O[C@H](C)C[C@H](N(C)C)[C@H]1O)[C@H]2C,O=C1C[C@@H]2C[C@@H](O[C@H]3CCCCO3)C(CCCNCCCCO1)OC1(CCN(CCc3ccoc3)CC1)O2,Escherichia coli,μg/mL,CHEMBL310789,1,0.2,0.2,0.2,-0.6989700043360187,B,high,1,1.0
CC[C@H]1OC(=O)[C@H](C)[C@H]2OC3(CCN(Cc4ccc(-c5ccccc5)cc4)CC3)O[C@](C)(C[C@@H](C)CN(C)[C@H](C)[C@@H](O)[C@]1(C)O)[C@H](O[C@@H]1O[C@H](C)C[C@H](N(C)C)[C@H]1O)[C@H]2C,O=C1C[C@@H]2C[C@@H](O[C@H]3CCCCO3)C(CCCNCCCCO1)OC1(CCN(Cc3ccc(-c4ccccc4)cc3)CC1)O2,Escherichia coli,μg/mL,CHEMBL309606,1,1.56,1.56,1.56,0.1931245983544616,B,high,1,1.0
CC[C@H]1OC(=O)[C@H](C)[C@H]2OC3(CCN(Cc4ccccn4)CC3)O[C@](C)(C[C@@H](C)CN(C)[C@H](C)[C@@H](O)[C@]1(C)O)[C@H](O[C@@H]1O[C@H](C)C[C@H](N(C)C)[C@H]1O)[C@H]2C,O=C1C[C@@H]2C[C@@H](O[C@H]3CCCCO3)C(CCCNCCCCO1)OC1(CCN(Cc3ccccn3)CC1)O2,Escherichia coli,μg/mL,CHEMBL81210,1,0.2,0.2,0.2,-0.6989700043360187,B,high,1,1.0
CC[C@H]1OC(=O)[C@H](C)[C@H]2OC3(CCN(Cc4ccccn4)CC3)O[C@](C)(C[C@@H](C)CN[C@H](C)[C@@H](O)[C@]1(C)O)[C@H](O[C@@H]1O[C@H](C)C[C@H](N(C)C)[C@H]1O)[C@H]2C,O=C1C[C@@H]2C[C@@H](O[C@H]3CCCCO3)C(CCCNCCCCO1)OC1(CCN(Cc3ccccn3)CC1)O2,Escherichia coli,μg/mL,CHEMBL312797,1,0.2,0.2,0.2,-0.6989700043360187,B,high,1,1.0
CC[C@H]1OC(=O)[C@H](C)[C@H]2OC3(CCN(Cc4cccnc4)CC3)O[C@](C)(C[C@@H](C)CN(C)[C@H](C)[C@@H](O)[C@]1(C)O)[C@H](O[C@@H]1O[C@H](C)C[C@H](N(C)C)[C@H]1O)[C@H]2C,O=C1C[C@@H]2C[C@@H](O[C@H]3CCCCO3)C(CCCNCCCCO1)OC1(CCN(Cc3cccnc3)CC1)O2,Escherichia coli,μg/mL,CHEMBL312025,1,0.39,0.39,0.39,-0.4089353929735008,B,high,1,1.0
CC[C@H]1OC(=O)[C@H](C)[C@H]2OC3(CCN(Cc4cccnc4)CC3)O[C@](C)(C[C@@H](C)CN[C@H](C)[C@@H](O)[C@]1(C)O)[C@H](O[C@@H]1O[C@H](C)C[C@H](N(C)C)[C@H]1O)[C@H]2C,O=C1C[C@@H]2C[C@@H](O[C@H]3CCCCO3)C(CCCNCCCCO1)OC1(CCN(Cc3cccnc3)CC1)O2,Escherichia coli,μg/mL,CHEMBL312026,1,0.78,0.78,0.78,-0.10790539730951958,B,high,1,1.0
CC[C@H]1OC(=O)[C@H](C)[C@H]2OC3(CCN(Cc4ccncc4)CC3)O[C@](C)(C[C@@H](C)CN[C@H](C)[C@@H](O)[C@]1(C)O)[C@H](O[C@@H]1O[C@H](C)C[C@H](N(C)C)[C@H]1O)[C@H]2C,O=C1C[C@@H]2C[C@@H](O[C@H]3CCCCO3)C(CCCNCCCCO1)OC1(CCN(Cc3ccncc3)CC1)O2,Escherichia coli,μg/mL,CHEMBL311916,1,0.78,0.78,0.78,-0.10790539730951958,B,high,1,1.0
CC[C@H]1OC(=O)[C@H](C)[C@H]2OC3(CCNCC3)O[C@](C)(C[C@@H](C)CN(C)[C@H](C)[C@@H](O)[C@]1(C)O)[C@H](O[C@@H]1O[C@H](C)C[C@H](N(C)C)[C@H]1O)[C@H]2C,O=C1C[C@@H]2C[C@@H](O[C@H]3CCCCO3)C(CCCNCCCCO1)OC1(CCNCC1)O2,Escherichia coli,μg/mL,CHEMBL82421,1,0.2,0.2,0.2,-0.6989700043360187,B,high,1,1.0
CC[C@H]1[C@@H](N)CN1c1c(F)cc2c(=O)c(C(=O)O)cn(C3CC3)c2c1F,O=c1ccn(C2CC2)c2cc(N3CCC3)ccc12,Escherichia coli,μg/mL,CHEMBL336806,1,0.12,0.12,0.12,-0.9208187539523752,B,high,1,1.0
CC[C@H]1[C@@H](N)CN1c1c(F)cc2c(=O)c(C(=O)O)cn(C3CC3)c2c1F,O=c1ccn(C2CC2)c2cc(N3CCC3)ccc12,Klebsiella pneumoniae,μg/mL,CHEMBL336806,1,0.015,0.015,0.015,-1.8239087409443189,B,high,1,1.0
CC[C@H]1[C@@H](N)CN1c1c(F)cc2c(=O)c(C(=O)O)cn(C3CC3)c2c1F,O=c1ccn(C2CC2)c2cc(N3CCC3)ccc12,Pseudomonas aeruginosa,μg/mL,CHEMBL336806,1,2.0,2.0,2.0,0.3010299956639812,B,high,1,1.0
CC[C@H]1[C@@H](N)CN1c1cc2c(cc1F)c(=O)c(C(=O)O)cn2C1CC1,O=c1ccn(C2CC2)c2cc(N3CCC3)ccc12,Escherichia coli,μg/mL,CHEMBL338504,1,0.12,0.12,0.12,-0.9208187539523752,B,high,1,1.0
CC[C@H]1[C@@H](N)CN1c1cc2c(cc1F)c(=O)c(C(=O)O)cn2C1CC1,O=c1ccn(C2CC2)c2cc(N3CCC3)ccc12,Klebsiella pneumoniae,μg/mL,CHEMBL338504,1,0.015,0.015,0.015,-1.8239087409443189,B,high,1,1.0
CC[C@H]1[C@@H](N)CN1c1cc2c(cc1F)c(=O)c(C(=O)O)cn2C1CC1,O=c1ccn(C2CC2)c2cc(N3CCC3)ccc12,Pseudomonas aeruginosa,μg/mL,CHEMBL338504,1,2.0,2.0,2.0,0.3010299956639812,B,high,1,1.0
CC[C@H]1[C@@H](O)CN1c1c(F)cc2c(=O)c(C(=O)O)cn(C3CC3)c2c1F,O=c1ccn(C2CC2)c2cc(N3CCC3)ccc12,Escherichia coli,μg/mL,CHEMBL135094,1,1.0,1.0,1.0,0.0,B,high,1,1.0
CC[C@H]1[C@@H](O)CN1c1c(F)cc2c(=O)c(C(=O)O)cn(C3CC3)c2c1F,O=c1ccn(C2CC2)c2cc(N3CCC3)ccc12,Klebsiella pneumoniae,μg/mL,CHEMBL135094,1,0.5,0.5,0.5,-0.3010299956639812,B,high,1,1.0
CC[C@H]1[C@@H](O)CN1c1c(F)cc2c(=O)c(C(=O)O)cn(C3CC3)c2c1F,O=c1ccn(C2CC2)c2cc(N3CCC3)ccc12,Pseudomonas aeruginosa,μg/mL,CHEMBL135094,1,8.0,8.0,8.0,0.9030899869919435,B,high,1,1.0
CC[C@H]1[C@@H](O)CN1c1cc2c(cc1F)c(=O)c(C(=O)O)cn2C1CC1,O=c1ccn(C2CC2)c2cc(N3CCC3)ccc12,Escherichia coli,μg/mL,CHEMBL334408,1,2.0,2.0,2.0,0.3010299956639812,B,high,1,1.0
CC[C@H]1[C@@H](O)CN1c1cc2c(cc1F)c(=O)c(C(=O)O)cn2C1CC1,O=c1ccn(C2CC2)c2cc(N3CCC3)ccc12,Klebsiella pneumoniae,μg/mL,CHEMBL334408,1,0.5,0.5,0.5,-0.3010299956639812,B,high,1,1.0
CC[C@H]1[C@@H](O)CN1c1cc2c(cc1F)c(=O)c(C(=O)O)cn2C1CC1,O=c1ccn(C2CC2)c2cc(N3CCC3)ccc12,Pseudomonas aeruginosa,μg/mL,CHEMBL334408,1,8.0,8.0,8.0,0.9030899869919435,B,high,1,1.0
CCc1[nH]c2nc(Oc3cnc4ccc[n+]([O-])c4c3)nc(N3CC[C@@H](N)C3)c2c1Cl,c1c[nH+]c2cc(Oc3nc(N4CCCC4)c4cc[nH]c4n3)cnc2c1,Acinetobacter baumannii,μg/mL,CHEMBL2338003,1,8.0,8.0,8.0,0.9030899869919435,B,high,1,1.0
CCc1[nH]c2nc(Oc3cnc4cccnc4c3)nc(N3C[C@@H]4[C@@H](N)[C@@H]4C3)c2c1Cl,c1cnc2cc(Oc3nc(N4C[C@H]5C[C@H]5C4)c4cc[nH]c4n3)cnc2c1,Acinetobacter baumannii,μg/mL,CHEMBL2338002,1,4.0,4.0,4.0,0.6020599913279624,B,high,1,1.0
CCc1[nH]c2nc(Oc3cncnc3)nc(N3C[C@@H]4[C@@H](N)[C@@H]4C3)c2c1Cl,c1ncc(Oc2nc(N3C[C@H]4C[C@H]4C3)c3cc[nH]c3n2)cn1,Acinetobacter baumannii,μg/mL,CHEMBL2338001,1,16.0,16.0,16.0,1.2041199826559248,B,high,1,1.0
CCc1[nH]c2nc(Sc3cnc4ccc[n+]([O-])c4c3)nc(N3C[C@@H]4[C@@H](N)[C@@H]4C3)c2c1Cl,c1c[nH+]c2cc(Sc3nc(N4C[C@H]5C[C@H]5C4)c4cc[nH]c4n3)cnc2c1,Acinetobacter baumannii,μg/mL,CHEMBL2338020,1,4.0,4.0,4.0,0.6020599913279624,B,high,1,1.0
CCc1[nH]c2nc(Sc3cnc4cccnc4c3)nc(N3C[C@@H]4[C@@H](N)[C@@H]4C3)c2c1Cl,c1cnc2cc(Sc3nc(N4C[C@H]5C[C@H]5C4)c4cc[nH]c4n3)cnc2c1,Acinetobacter baumannii,μg/mL,CHEMBL2338017,1,8.0,8.0,8.0,0.9030899869919435,B,high,1,1.0
CCc1c(F)c(N2CCC(N)C2)cc2c1c(=O)c(C(=O)O)cn2C1CC1,O=c1ccn(C2CC2)c2cc(N3CCCC3)ccc12,Klebsiella pneumoniae,μg/mL,CHEMBL15767,1,1.6,1.6,1.6,0.2041199826559248,B,high,1,1.0
CCc1c(F)c(N2CCC(N)C2)cc2c1c(=O)c(C(=O)O)cn2C1CC1,O=c1ccn(C2CC2)c2cc(N3CCCC3)ccc12,Pseudomonas aeruginosa,μg/mL,CHEMBL15767,1,12.5,12.5,12.5,1.0969100130080565,B,high,1,1.0
CCc1c(F)c(N2CCNC(C)C2)cc2c1c(=O)c(C(=O)O)cn2C1CC1,O=c1ccn(C2CC2)c2cc(N3CCNCC3)ccc12,Klebsiella pneumoniae,μg/mL,CHEMBL277308,1,1.6,1.6,1.6,0.2041199826559248,B,high,1,1.0
CCc1c(F)c(N2CCNC(C)C2)cc2c1c(=O)c(C(=O)O)cn2C1CC1,O=c1ccn(C2CC2)c2cc(N3CCNCC3)ccc12,Pseudomonas aeruginosa,μg/mL,CHEMBL277308,1,6.3,6.3,6.3,0.7993405494535817,B,high,1,1.0
CCc1c(F)c(N2CCNCC2)cc2c1c(=O)c(C(=O)O)cn2C1CC1,O=c1ccn(C2CC2)c2cc(N3CCNCC3)ccc12,Klebsiella pneumoniae,μg/mL,CHEMBL16181,1,1.6,1.6,1.6,0.2041199826559248,B,high,1,1.0
CCc1c(F)c(N2CCNCC2)cc2c1c(=O)c(C(=O)O)cn2C1CC1,O=c1ccn(C2CC2)c2cc(N3CCNCC3)ccc12,Pseudomonas aeruginosa,μg/mL,CHEMBL16181,1,12.5,12.5,12.5,1.0969100130080565,B,high,1,1.0
CCc1cc(-c2cc3c(cc2F)c(=O)c(C(=O)O)cn3C2CC2)ccn1,O=c1ccn(C2CC2)c2cc(-c3ccncc3)ccc12,Escherichia coli,μg/mL,CHEMBL313381,1,0.125,0.125,0.125,-0.9030899869919435,B,high,1,1.0
CCc1cc(-c2cc3c(cc2F)c(=O)c(C(=O)O)cn3C2CC2)ccn1,O=c1ccn(C2CC2)c2cc(-c3ccncc3)ccc12,Pseudomonas aeruginosa,μg/mL,CHEMBL313381,1,4.0,4.0,4.0,0.6020599913279624,B,high,1,1.0
CCc1cc(Cc2cnc(N)nc2N)cc(C)c1O,c1ccc(Cc2cncnc2)cc1,Escherichia coli,μg/mL,CHEMBL24430,1,3.0,3.0,3.0,0.47712125471966244,B,high,1,1.0
CCc1cc(Cc2cnc(N)nc2N)cc(C)c1O,c1ccc(Cc2cncnc2)cc1,Klebsiella pneumoniae,μg/mL,CHEMBL24430,1,3.0,3.0,3.0,0.47712125471966244,B,high,1,1.0
CCc1cc(Cc2cnc(N)nc2N)cc(C)c1OC,c1ccc(Cc2cncnc2)cc1,Escherichia coli,μg/mL,CHEMBL23447,1,30.0,30.0,30.0,1.4771212547196624,B,high,1,1.0
CCc1cc(Cc2cnc(N)nc2N)cc(C)c1OC,c1ccc(Cc2cncnc2)cc1,Klebsiella pneumoniae,μg/mL,CHEMBL23447,1,30.0,30.0,30.0,1.4771212547196624,B,high,1,1.0
CCc1cc(Cc2cnc(N)nc2N)cc(CC)c1O,c1ccc(Cc2cncnc2)cc1,Escherichia coli,μg/mL,CHEMBL25817,1,3.0,3.0,3.0,0.47712125471966244,B,high,1,1.0
CCc1cc(Cc2cnc(N)nc2N)cc(CC)c1O,c1ccc(Cc2cncnc2)cc1,Klebsiella pneumoniae,μg/mL,CHEMBL25817,1,10.0,10.0,10.0,1.0,B,high,1,1.0
CCc1cc(Cc2cnc(N)nc2N)cc(CC)c1OC,c1ccc(Cc2cncnc2)cc1,Escherichia coli,μg/mL,CHEMBL23250,1,3.0,3.0,3.0,0.47712125471966244,B,high,1,1.0
CCc1cc(Cc2cnc(N)nc2N)cc(CC)c1OC,c1ccc(Cc2cncnc2)cc1,Klebsiella pneumoniae,μg/mL,CHEMBL23250,1,10.0,10.0,10.0,1.0,B,high,1,1.0
CCc1cc(Cc2cnc(N)nc2N)cc2c1N(C)CCC2C,c1ncc(Cc2ccc3c(c2)CCCN3)cn1,Klebsiella pneumoniae,μg/mL,CHEMBL57458,1,3.0,3.0,3.0,0.47712125471966244,B,high,1,1.0
CCc1cc(Cc2cnc(N)nc2N)cc2c1OC(C)C2,c1ncc(Cc2ccc3c(c2)CCO3)cn1,Klebsiella pneumoniae,μg/mL,CHEMBL58481,1,30.0,30.0,30.0,1.4771212547196624,B,high,1,1.0
CCc1cc2c(nc1CNC13CCC(C[C@]4(O)Cn5c(=O)ccc6ncc(F)c4c65)(CC1)OC3)NC(=O)CO2,O=C1COc2ccc(CNC34CCC(CC5Cn6c(=O)ccc7nccc5c76)(CC3)OC4)nc2N1,Acinetobacter baumannii,μg/mL,CHEMBL3425802,1,1.0,1.0,1.0,0.0,B,high,1,1.0
CCc1cc2c(s1)B(O)N(S(=O)(=O)c1ccc(C)cc1)C=C2,O=S(=O)(c1ccccc1)N1Bc2sccc2C=C1,Klebsiella pneumoniae,μg/mL,CHEMBL366825,1,1.25,1.25,1.25,0.09691001300805642,B,high,1,1.0
CCc1cc2c(s1)B(O)N(S(=O)(=O)c1ccccc1Cl)C=C2,O=S(=O)(c1ccccc1)N1Bc2sccc2C=C1,Klebsiella pneumoniae,μg/mL,CHEMBL177139,1,1.25,1.25,1.25,0.09691001300805642,B,high,1,1.0
CCc1cc2c(s1)C=NN(S(=O)(=O)c1ccccc1Cl)B2O,O=S(=O)(c1ccccc1)N1Bc2ccsc2C=N1,Klebsiella pneumoniae,μg/mL,CHEMBL177128,1,0.31,0.31,0.31,-0.5086383061657274,B,high,1,1.0
CCc1ccc2oc(-c3cccc(NC(=O)c4ccc([N+](=O)[O-])o4)c3)nc2c1,O=C(Nc1cccc(-c2nc3ccccc3o2)c1)c1ccco1,Acinetobacter baumannii,μg/mL,CHEMBL1632112,1,12.0,12.0,12.0,1.0791812460476249,B,high,1,1.0
CCc1ccccc1NC(=S)NC(=O)c1cnn(C)c1,O=C(NC(=S)Nc1ccccc1)c1cn[nH]c1,Acinetobacter baumannii,μg/mL,CHEMBL2236077,1,250.0,250.0,250.0,2.3979400086720375,B,high,1,1.0
CCc1nc2c[n+](CC3=C(C(=O)[O-])N4C(=O)[C@@H](NC(=O)/C(=N\OC)c5csc(N)n5)[C@H]4SC3)ccc2s1,N=C(C(=O)N[C@@H]1C(=O)N2C=C(C[n+]3ccc4scnc4c3)CS[C@H]12)c1cscn1,Klebsiella pneumoniae,μg/mL,CHEMBL67350,2,1.004,0.008,2.0,0.0017337128090005314,B,high,1,1.0
CCn1cc(C(=O)O)c(=O)c2c(C)c(F)c(N3CC(C)NC(C)C3)cc21,O=c1cc[nH]c2cc(N3CCNCC3)ccc12,Klebsiella pneumoniae,μg/mL,CHEMBL16250,1,0.8,0.8,0.8,-0.09691001300805639,B,high,1,1.0
CCn1cc(C(=O)O)c(=O)c2c(C)c(F)c(N3CC(C)NC(C)C3)cc21,O=c1cc[nH]c2cc(N3CCNCC3)ccc12,Pseudomonas aeruginosa,μg/mL,CHEMBL16250,1,3.1,3.1,3.1,0.4913616938342727,B,high,1,1.0
CCn1cc(C(=O)O)c(=O)c2c(C)c(F)c(N3CCC(N)C3)c(F)c21,O=c1cc[nH]c2cc(N3CCCC3)ccc12,Escherichia coli,μg/mL,CHEMBL275898,1,0.05,0.05,0.05,-1.3010299956639813,B,high,1,1.0
CCn1cc(C(=O)O)c(=O)c2c(C)c(F)c(N3CCC(N)C3)c(F)c21,O=c1cc[nH]c2cc(N3CCCC3)ccc12,Klebsiella pneumoniae,μg/mL,CHEMBL275898,1,0.2,0.2,0.2,-0.6989700043360187,B,high,1,1.0
CCn1cc(C(=O)O)c(=O)c2c(C)c(F)c(N3CCC(N)C3)c(F)c21,O=c1cc[nH]c2cc(N3CCCC3)ccc12,Pseudomonas aeruginosa,μg/mL,CHEMBL275898,1,1.6,1.6,1.6,0.2041199826559248,B,high,1,1.0
CCn1cc(C(=O)O)c(=O)c2c(C)c(F)c(N3CCC(N)C3)cc21,O=c1cc[nH]c2cc(N3CCCC3)ccc12,Klebsiella pneumoniae,μg/mL,CHEMBL16292,1,0.8,0.8,0.8,-0.09691001300805639,B,high,1,1.0
CCn1cc(C(=O)O)c(=O)c2c(C)c(F)c(N3CCC(N)C3)cc21,O=c1cc[nH]c2cc(N3CCCC3)ccc12,Pseudomonas aeruginosa,μg/mL,CHEMBL16292,1,3.1,3.1,3.1,0.4913616938342727,B,high,1,1.0
CCn1cc(C(=O)O)c(=O)c2c(C)c(F)c(N3CCNCC3)c(F)c21,O=c1cc[nH]c2cc(N3CCNCC3)ccc12,Escherichia coli,μg/mL,CHEMBL273310,1,0.05,0.05,0.05,-1.3010299956639813,B,high,1,1.0
CCn1cc(C(=O)O)c(=O)c2c(C)c(F)c(N3CCNCC3)c(F)c21,O=c1cc[nH]c2cc(N3CCNCC3)ccc12,Klebsiella pneumoniae,μg/mL,CHEMBL273310,1,0.2,0.2,0.2,-0.6989700043360187,B,high,1,1.0
CCn1cc(C(=O)O)c(=O)c2c(C)c(F)c(N3CCNCC3)c(F)c21,O=c1cc[nH]c2cc(N3CCNCC3)ccc12,Pseudomonas aeruginosa,μg/mL,CHEMBL273310,1,1.6,1.6,1.6,0.2041199826559248,B,high,1,1.0
CCn1cc(C(=O)O)c(=O)c2c(C)c(F)c(N3CCNCC3)cc21,O=c1cc[nH]c2cc(N3CCNCC3)ccc12,Klebsiella pneumoniae,μg/mL,CHEMBL15815,1,0.4,0.4,0.4,-0.3979400086720376,B,high,1,1.0
CCn1cc(C(=O)O)c(=O)c2c(C)c(F)c(N3CCNCC3)cc21,O=c1cc[nH]c2cc(N3CCNCC3)ccc12,Pseudomonas aeruginosa,μg/mL,CHEMBL15815,1,1.6,1.6,1.6,0.2041199826559248,B,high,1,1.0
CCn1cc(C(=O)O)c(=O)c2c(F)c(F)c(N3CCN(C)CC3)c(F)c21,O=c1cc[nH]c2cc(N3CCNCC3)ccc12,Klebsiella pneumoniae,μg/mL,CHEMBL25569,1,0.5,0.5,0.5,-0.3010299956639812,B,high,1,1.0
CCn1cc(C(=O)O)c(=O)c2c(F)c(F)c(N3CCN(C)CC3)c(F)c21,O=c1cc[nH]c2cc(N3CCNCC3)ccc12,Pseudomonas aeruginosa,μg/mL,CHEMBL25569,1,32.0,32.0,32.0,1.505149978319906,B,high,1,1.0
CCn1cc(C(=O)O)c(=O)c2c(F)c(F)c(N3CCOCC3)c(F)c21,O=c1cc[nH]c2cc(N3CCOCC3)ccc12,Klebsiella pneumoniae,μg/mL,CHEMBL25679,1,4.0,4.0,4.0,0.6020599913279624,B,high,1,1.0
CCn1cc(C(=O)O)c(=O)c2c(F)c(F)c(N3CCSCC3)c(F)c21,O=c1cc[nH]c2cc(N3CCSCC3)ccc12,Klebsiella pneumoniae,μg/mL,CHEMBL282930,1,8.0,8.0,8.0,0.9030899869919435,B,high,1,1.0
CCn1cc(C(=O)O)c(=O)c2c(F)c(F)c(N3CCSCC3)c(F)c21,O=c1cc[nH]c2cc(N3CCSCC3)ccc12,Pseudomonas aeruginosa,μg/mL,CHEMBL282930,1,64.0,64.0,64.0,1.806179973983887,B,high,1,1.0
CCn1cc(C(=O)O)c(=O)c2cc(F)c(-c3cc(C)nc(C)c3)cc21,O=c1cc[nH]c2cc(-c3ccncc3)ccc12,Escherichia coli,μg/mL,CHEMBL45887,1,0.06,0.06,0.06,-1.2218487496163564,B,high,1,1.0
CCn1cc(C(=O)O)c(=O)c2cc(F)c(-c3cc(C)nc(C)c3)cc21,O=c1cc[nH]c2cc(-c3ccncc3)ccc12,Pseudomonas aeruginosa,μg/mL,CHEMBL45887,1,4.0,4.0,4.0,0.6020599913279624,B,high,1,1.0
CCn1cc(C(=O)O)c(=O)c2cc(F)c(-c3ccncc3)cc21,O=c1cc[nH]c2cc(-c3ccncc3)ccc12,Escherichia coli,μg/mL,CHEMBL313935,1,0.125,0.125,0.125,-0.9030899869919435,B,high,1,1.0
CCn1cc(C(=O)O)c(=O)c2cc(F)c(-c3ccncc3)cc21,O=c1cc[nH]c2cc(-c3ccncc3)ccc12,Pseudomonas aeruginosa,μg/mL,CHEMBL313935,1,2.0,2.0,2.0,0.3010299956639812,B,high,1,1.0
CCn1cc(C(=O)O)c(=O)c2cc(F)c(N3CC(C)NC(C)C3)cc21,O=c1cc[nH]c2cc(N3CCNCC3)ccc12,Escherichia coli,μg/mL,CHEMBL15387,2,0.30000000000000004,0.2,0.4,-0.5228787452803375,B,high,2,1.0
CCn1cc(C(=O)O)c(=O)c2cc(F)c(N3CC(C)NC(C)C3)cc21,O=c1cc[nH]c2cc(N3CCNCC3)ccc12,Klebsiella pneumoniae,μg/mL,CHEMBL15387,1,0.4,0.4,0.4,-0.3979400086720376,B,high,1,1.0
CCn1cc(C(=O)O)c(=O)c2cc(F)c(N3CC(C)NC(C)C3)cc21,O=c1cc[nH]c2cc(N3CCNCC3)ccc12,Pseudomonas aeruginosa,μg/mL,CHEMBL15387,2,4.7,3.1,6.3,0.6720978579357175,B,high,2,1.0
CCn1cc(C(=O)O)c(=O)c2cc(F)c(N3CC(N)C(O)C3)nc21,O=c1cc[nH]c2nc(N3CCCC3)ccc12,Pseudomonas aeruginosa,μg/mL,CHEMBL39127,1,3.13,3.13,3.13,0.49554433754644844,B,high,1,1.0
CCn1cc(C(=O)O)c(=O)c2cc(F)c(N3CC(N)C3)nc21,O=c1cc[nH]c2nc(N3CCC3)ccc12,Pseudomonas aeruginosa,μg/mL,CHEMBL289260,1,0.78,0.78,0.78,-0.10790539730951958,B,high,1,1.0
CCn1cc(C(=O)O)c(=O)c2cc(F)c(N3CC(N4CCOCC4)C3)nc21,O=c1cc[nH]c2nc(N3CC(N4CCOCC4)C3)ccc12,Pseudomonas aeruginosa,μg/mL,CHEMBL435769,1,50.0,50.0,50.0,1.6989700043360187,B,high,1,1.0
CCn1cc(C(=O)O)c(=O)c2cc(F)c(N3CC(O)C3)nc21,O=c1cc[nH]c2nc(N3CCC3)ccc12,Pseudomonas aeruginosa,μg/mL,CHEMBL416240,1,3.13,3.13,3.13,0.49554433754644844,B,high,1,1.0
CCn1cc(C(=O)O)c(=O)c2cc(F)c(N3CC(OC)C3)nc21,O=c1cc[nH]c2nc(N3CCC3)ccc12,Pseudomonas aeruginosa,μg/mL,CHEMBL40012,1,6.25,6.25,6.25,0.7958800173440752,B,high,1,1.0
CCn1cc(C(=O)O)c(=O)c2cc(F)c(N3CCC(C(=O)O)C3)nc21,O=c1cc[nH]c2nc(N3CCCC3)ccc12,Pseudomonas aeruginosa,μg/mL,CHEMBL287784,1,3.13,3.13,3.13,0.49554433754644844,B,high,1,1.0
CCn1cc(C(=O)O)c(=O)c2cc(F)c(N3CCC(CN)C3)c(F)c21,O=c1cc[nH]c2cc(N3CCCC3)ccc12,Escherichia coli,μg/mL,CHEMBL15523,1,0.1,0.1,0.1,-1.0,B,high,1,1.0
CCn1cc(C(=O)O)c(=O)c2cc(F)c(N3CCC(CN)C3)c(F)c21,O=c1cc[nH]c2cc(N3CCCC3)ccc12,Klebsiella pneumoniae,μg/mL,CHEMBL15523,1,0.4,0.4,0.4,-0.3979400086720376,B,high,1,1.0
CCn1cc(C(=O)O)c(=O)c2cc(F)c(N3CCC(CN)C3)c(F)c21,O=c1cc[nH]c2cc(N3CCCC3)ccc12,Pseudomonas aeruginosa,μg/mL,CHEMBL15523,1,0.8,0.8,0.8,-0.09691001300805639,B,high,1,1.0
CCn1cc(C(=O)O)c(=O)c2cc(F)c(N3CCC(CN)C3)cc21,O=c1cc[nH]c2cc(N3CCCC3)ccc12,Klebsiella pneumoniae,μg/mL,CHEMBL138373,1,3.1,3.1,3.1,0.4913616938342727,B,high,1,1.0
CCn1cc(C(=O)O)c(=O)c2cc(F)c(N3CCC(CN)C3)cc21,O=c1cc[nH]c2cc(N3CCCC3)ccc12,Pseudomonas aeruginosa,μg/mL,CHEMBL138373,1,1.6,1.6,1.6,0.2041199826559248,B,high,1,1.0
CCn1cc(C(=O)O)c(=O)c2cc(F)c(N3CCC(CN)CC3)nc21,O=c1cc[nH]c2nc(N3CCCCC3)ccc12,Pseudomonas aeruginosa,μg/mL,CHEMBL38536,1,12.5,12.5,12.5,1.0969100130080565,B,high,1,1.0
CCn1cc(C(=O)O)c(=O)c2cc(F)c(N3CCC(CNC(C)=O)CC3)nc21,O=c1cc[nH]c2nc(N3CCCCC3)ccc12,Pseudomonas aeruginosa,μg/mL,CHEMBL35771,1,25.0,25.0,25.0,1.3979400086720377,B,high,1,1.0
CCn1cc(C(=O)O)c(=O)c2cc(F)c(N3CCC(CNC)C3)c(F)c21,O=c1cc[nH]c2cc(N3CCCC3)ccc12,Klebsiella pneumoniae,μg/mL,CHEMBL335349,1,0.8,0.8,0.8,-0.09691001300805639,B,high,1,1.0
CCn1cc(C(=O)O)c(=O)c2cc(F)c(N3CCC(CNC)C3)c(F)c21,O=c1cc[nH]c2cc(N3CCCC3)ccc12,Pseudomonas aeruginosa,μg/mL,CHEMBL335349,1,1.6,1.6,1.6,0.2041199826559248,B,high,1,1.0
CCn1cc(C(=O)O)c(=O)c2cc(F)c(N3CCC(CNC)C3)cc21,O=c1cc[nH]c2cc(N3CCCC3)ccc12,Escherichia coli,μg/mL,CHEMBL14894,1,3.1,3.1,3.1,0.4913616938342727,B,high,1,1.0
CCn1cc(C(=O)O)c(=O)c2cc(F)c(N3CCC(CNC)C3)cc21,O=c1cc[nH]c2cc(N3CCCC3)ccc12,Klebsiella pneumoniae,μg/mL,CHEMBL14894,1,1.6,1.6,1.6,0.2041199826559248,B,high,1,1.0
CCn1cc(C(=O)O)c(=O)c2cc(F)c(N3CCC(CNC)C3)cc21,O=c1cc[nH]c2cc(N3CCCC3)ccc12,Pseudomonas aeruginosa,μg/mL,CHEMBL14894,1,1.6,1.6,1.6,0.2041199826559248,B,high,1,1.0
CCn1cc(C(=O)O)c(=O)c2cc(F)c(N3CCC(Cl)C3)nc21,O=c1cc[nH]c2nc(N3CCCC3)ccc12,Pseudomonas aeruginosa,μg/mL,CHEMBL39650,1,12.5,12.5,12.5,1.0969100130080565,B,high,1,1.0
CCn1cc(C(=O)O)c(=O)c2cc(F)c(N3CCC(N(C)C(C)=O)C3)nc21,O=c1cc[nH]c2nc(N3CCCC3)ccc12,Pseudomonas aeruginosa,μg/mL,CHEMBL39292,1,25.0,25.0,25.0,1.3979400086720377,B,high,1,1.0
CCn1cc(C(=O)O)c(=O)c2cc(F)c(N3CCC(N(C)C)C3)nc21,O=c1cc[nH]c2nc(N3CCCC3)ccc12,Pseudomonas aeruginosa,μg/mL,CHEMBL37413,1,6.25,6.25,6.25,0.7958800173440752,B,high,1,1.0
CCn1cc(C(=O)O)c(=O)c2cc(F)c(N3CCC(N)C3)c(F)c21,O=c1cc[nH]c2cc(N3CCCC3)ccc12,Escherichia coli,μg/mL,CHEMBL277099,1,0.05,0.05,0.05,-1.3010299956639813,B,high,1,1.0
CCn1cc(C(=O)O)c(=O)c2cc(F)c(N3CCC(N)C3)c(F)c21,O=c1cc[nH]c2cc(N3CCCC3)ccc12,Klebsiella pneumoniae,μg/mL,CHEMBL277099,1,0.2,0.2,0.2,-0.6989700043360187,B,high,1,1.0
CCn1cc(C(=O)O)c(=O)c2cc(F)c(N3CCC(N)C3)c(F)c21,O=c1cc[nH]c2cc(N3CCCC3)ccc12,Pseudomonas aeruginosa,μg/mL,CHEMBL277099,1,0.4,0.4,0.4,-0.3979400086720376,B,high,1,1.0
CCn1cc(C(=O)O)c(=O)c2cc(F)c(N3CCC(N)C3)c(OC)c21,O=c1cc[nH]c2cc(N3CCCC3)ccc12,Escherichia coli,μg/mL,CHEMBL15465,1,0.2,0.2,0.2,-0.6989700043360187,B,high,1,1.0
CCn1cc(C(=O)O)c(=O)c2cc(F)c(N3CCC(N)C3)cc21,O=c1cc[nH]c2cc(N3CCCC3)ccc12,Escherichia coli,μg/mL,CHEMBL15524,1,0.4,0.4,0.4,-0.3979400086720376,B,high,1,1.0
CCn1cc(C(=O)O)c(=O)c2cc(F)c(N3CCC(N)C3)cc21,O=c1cc[nH]c2cc(N3CCCC3)ccc12,Klebsiella pneumoniae,μg/mL,CHEMBL15524,1,0.2,0.2,0.2,-0.6989700043360187,B,high,1,1.0
CCn1cc(C(=O)O)c(=O)c2cc(F)c(N3CCC(N)C3)cc21,O=c1cc[nH]c2cc(N3CCCC3)ccc12,Pseudomonas aeruginosa,μg/mL,CHEMBL15524,2,0.8,0.8,0.8,-0.09691001300805639,B,high,2,1.0
CCn1cc(C(=O)O)c(=O)c2cc(F)c(N3CCC(N)C3)nc21,O=c1cc[nH]c2nc(N3CCCC3)ccc12,Pseudomonas aeruginosa,μg/mL,CHEMBL37683,1,0.39,0.39,0.39,-0.4089353929735008,B,high,1,1.0
CCn1cc(C(=O)O)c(=O)c2cc(F)c(N3CCC(N)CC3)nc21,O=c1cc[nH]c2nc(N3CCCCC3)ccc12,Pseudomonas aeruginosa,μg/mL,CHEMBL39649,1,1.56,1.56,1.56,0.1931245983544616,B,high,1,1.0
CCn1cc(C(=O)O)c(=O)c2cc(F)c(N3CCC(NC(=O)C(F)(F)F)C3)nc21,O=c1cc[nH]c2nc(N3CCCC3)ccc12,Pseudomonas aeruginosa,μg/mL,CHEMBL40152,1,6.25,6.25,6.25,0.7958800173440752,B,high,1,1.0
CCn1cc(C(=O)O)c(=O)c2cc(F)c(N3CCC(NC(C)=O)C3)nc21,O=c1cc[nH]c2nc(N3CCCC3)ccc12,Pseudomonas aeruginosa,μg/mL,CHEMBL39606,1,6.25,6.25,6.25,0.7958800173440752,B,high,1,1.0
CCn1cc(C(=O)O)c(=O)c2cc(F)c(N3CCC(NC(N)=O)C3)nc21,O=c1cc[nH]c2nc(N3CCCC3)ccc12,Pseudomonas aeruginosa,μg/mL,CHEMBL43693,1,25.0,25.0,25.0,1.3979400086720377,B,high,1,1.0
CCn1cc(C(=O)O)c(=O)c2cc(F)c(N3CCC(NC)C3)nc21,O=c1cc[nH]c2nc(N3CCCC3)ccc12,Pseudomonas aeruginosa,μg/mL,CHEMBL288250,1,1.56,1.56,1.56,0.1931245983544616,B,high,1,1.0
CCn1cc(C(=O)O)c(=O)c2cc(F)c(N3CCC(NC=O)C3)nc21,O=c1cc[nH]c2nc(N3CCCC3)ccc12,Pseudomonas aeruginosa,μg/mL,CHEMBL287031,1,3.13,3.13,3.13,0.49554433754644844,B,high,1,1.0
CCn1cc(C(=O)O)c(=O)c2cc(F)c(N3CCC(NCC(F)(F)F)C3)nc21,O=c1cc[nH]c2nc(N3CCCC3)ccc12,Pseudomonas aeruginosa,μg/mL,CHEMBL291144,1,50.0,50.0,50.0,1.6989700043360187,B,high,1,1.0
CCn1cc(C(=O)O)c(=O)c2cc(F)c(N3CCC(NN)C3)nc21,O=c1cc[nH]c2nc(N3CCCC3)ccc12,Pseudomonas aeruginosa,μg/mL,CHEMBL290736,1,25.0,25.0,25.0,1.3979400086720377,B,high,1,1.0
CCn1cc(C(=O)O)c(=O)c2cc(F)c(N3CCC(O)C3)nc21,O=c1cc[nH]c2nc(N3CCCC3)ccc12,Pseudomonas aeruginosa,μg/mL,CHEMBL40133,1,0.78,0.78,0.78,-0.10790539730951958,B,high,1,1.0
CCn1cc(C(=O)O)c(=O)c2cc(F)c(N3CCC(O)CC3)nc21,O=c1cc[nH]c2nc(N3CCCCC3)ccc12,Pseudomonas aeruginosa,μg/mL,CHEMBL285941,1,6.25,6.25,6.25,0.7958800173440752,B,high,1,1.0
CCn1cc(C(=O)O)c(=O)c2cc(F)c(N3CCCC(C(N)=O)C3)nc21,O=c1cc[nH]c2nc(N3CCCCC3)ccc12,Pseudomonas aeruginosa,μg/mL,CHEMBL39864,1,50.0,50.0,50.0,1.6989700043360187,B,high,1,1.0
CCn1cc(C(=O)O)c(=O)c2cc(F)c(N3CCCC(N)C3)nc21,O=c1cc[nH]c2nc(N3CCCCC3)ccc12,Pseudomonas aeruginosa,μg/mL,CHEMBL38026,1,6.25,6.25,6.25,0.7958800173440752,B,high,1,1.0
CCn1cc(C(=O)O)c(=O)c2cc(F)c(N3CCCC(O)C3)nc21,O=c1cc[nH]c2nc(N3CCCCC3)ccc12,Pseudomonas aeruginosa,μg/mL,CHEMBL39237,1,25.0,25.0,25.0,1.3979400086720377,B,high,1,1.0
CCn1cc(C(=O)O)c(=O)c2cc(F)c(N3CCN(C)CC3)c(F)c21,O=c1cc[nH]c2cc(N3CCNCC3)ccc12,Klebsiella pneumoniae,μg/mL,CHEMBL282867,1,0.25,0.25,0.25,-0.6020599913279624,B,high,1,1.0
CCn1cc(C(=O)O)c(=O)c2cc(F)c(N3CCN(C)CC3)cc21,O=c1cc[nH]c2cc(N3CCNCC3)ccc12,Acinetobacter baumannii,μg/mL,CHEMBL267648,6,24.0,4.0,48.0,1.380211241711606,B,high,1,1.0
CCn1cc(C(=O)O)c(=O)c2cc(F)c(N3CCN(C)CC3)cc21,O=c1cc[nH]c2cc(N3CCNCC3)ccc12,Klebsiella pneumoniae,μg/mL,CHEMBL267648,4,0.07500000000000001,0.05,0.25,-1.1249387366083,B,high,3,1.0
CCn1cc(C(=O)O)c(=O)c2cc(F)c(N3CCN(C)CC3)cc21,O=c1cc[nH]c2cc(N3CCNCC3)ccc12,Pseudomonas aeruginosa,μg/mL,CHEMBL267648,3,0.4,0.39,1.56,-0.3979400086720376,B,high,2,1.0
CCn1cc(C(=O)O)c(=O)c2cc(F)c(N3CCN(CC(=O)OCC4C=CC(n5cc(C)c(=O)[nH]c5=O)O4)CC3)cc21,O=C(CN1CCN(c2ccc3c(=O)cc[nH]c3c2)CC1)OCC1C=CC(n2ccc(=O)[nH]c2=O)O1,Escherichia coli,μg/mL,CHEMBL174488,1,1.22,1.22,1.22,0.08635983067474821,B,high,1,1.0
CCn1cc(C(=O)O)c(=O)c2cc(F)c(N3CCN(CC(=O)OCC4C=CC(n5cc(C)c(=O)[nH]c5=O)O4)CC3)cc21,O=C(CN1CCN(c2ccc3c(=O)cc[nH]c3c2)CC1)OCC1C=CC(n2ccc(=O)[nH]c2=O)O1,Klebsiella pneumoniae,μg/mL,CHEMBL174488,2,1.22,1.22,1.22,0.08635983067474821,B,high,1,1.0
CCn1cc(C(=O)O)c(=O)c2cc(F)c(N3CCN(CC(=O)OCC4C=CC(n5cc(C)c(=O)[nH]c5=O)O4)CC3)cc21,O=C(CN1CCN(c2ccc3c(=O)cc[nH]c3c2)CC1)OCC1C=CC(n2ccc(=O)[nH]c2=O)O1,Pseudomonas aeruginosa,μg/mL,CHEMBL174488,1,1.22,1.22,1.22,0.08635983067474821,B,high,1,1.0
CCn1cc(C(=O)O)c(=O)c2cc(F)c(N3CCNC(C)C3)cc21,O=c1cc[nH]c2cc(N3CCNCC3)ccc12,Escherichia coli,μg/mL,CHEMBL274050,1,0.2,0.2,0.2,-0.6989700043360187,B,high,1,1.0
CCn1cc(C(=O)O)c(=O)c2cc(F)c(N3CCNCC3)c(F)c21,O=c1cc[nH]c2cc(N3CCNCC3)ccc12,Klebsiella pneumoniae,μg/mL,CHEMBL277523,1,0.1,0.1,0.1,-1.0,B,high,1,1.0
CCn1cc(C(=O)O)c(=O)c2cc(F)c(N3CCNCC3)cc21,O=c1cc[nH]c2cc(N3CCNCC3)ccc12,Acinetobacter baumannii,μg/mL,CHEMBL9,13,6.0,1.5,512.0,0.7781512503836436,B,high,4,1.0
CCn1cc(C(=O)O)c(=O)c2cc(F)c(N3CCNCC3)cc21,O=c1cc[nH]c2cc(N3CCNCC3)ccc12,Escherichia coli,μg/mL,CHEMBL9,8,0.1,0.025,0.13,-1.0,B,high,7,1.0
CCn1cc(C(=O)O)c(=O)c2cc(F)c(N3CCNCC3)cc21,O=c1cc[nH]c2cc(N3CCNCC3)ccc12,Klebsiella pneumoniae,μg/mL,CHEMBL9,14,0.05,0.03,0.5,-1.3010299956639813,B,high,12,1.0
CCn1cc(C(=O)O)c(=O)c2cc(F)c(N3CCNCC3)cc21,O=c1cc[nH]c2cc(N3CCNCC3)ccc12,Pseudomonas aeruginosa,μg/mL,CHEMBL9,12,0.39,0.0763,2.0,-0.4089353929735008,B,high,10,1.0
CCn1cc(C(=O)O)c(=O)c2cc(F)c(N3CCNCC3)nc21,O=c1cc[nH]c2nc(N3CCNCC3)ccc12,Escherichia coli,μg/mL,CHEMBL826,1,0.13,0.13,0.13,-0.8860566476931632,B,high,1,1.0
CCn1cc(C(=O)O)c(=O)c2cc(F)c(N3CCNCC3)nc21,O=c1cc[nH]c2nc(N3CCNCC3)ccc12,Klebsiella pneumoniae,μg/mL,CHEMBL826,3,0.2,0.1,0.5,-0.6989700043360187,B,high,3,1.0
CCn1cc(C(=O)O)c(=O)c2cc(F)c(N3CCNCC3)nc21,O=c1cc[nH]c2nc(N3CCNCC3)ccc12,Pseudomonas aeruginosa,μg/mL,CHEMBL826,3,0.78,0.5,1.6,-0.10790539730951958,B,high,3,1.0
CCn1cc(C(=O)O)c(=O)c2cc(F)c(N3C[C@@H](N)[C@@H]3C)c(Cl)c21,O=c1cc[nH]c2cc(N3CCC3)ccc12,Escherichia coli,μg/mL,CHEMBL133151,1,0.06,0.06,0.06,-1.2218487496163564,B,high,1,1.0
CCn1cc(C(=O)O)c(=O)c2cc(F)c(N3C[C@@H](N)[C@@H]3C)c(Cl)c21,O=c1cc[nH]c2cc(N3CCC3)ccc12,Klebsiella pneumoniae,μg/mL,CHEMBL133151,1,0.03,0.03,0.03,-1.5228787452803376,B,high,1,1.0
CCn1cc(C(=O)O)c(=O)c2cc(F)c(N3C[C@@H](N)[C@@H]3C)c(F)c21,O=c1cc[nH]c2cc(N3CCC3)ccc12,Klebsiella pneumoniae,μg/mL,CHEMBL336999,1,0.015,0.015,0.015,-1.8239087409443189,B,high,1,1.0
CCn1cc(C(=O)O)c(=O)c2cc(F)c(N3C[C@@H](N)[C@@H]3C)c(F)c21,O=c1cc[nH]c2cc(N3CCC3)ccc12,Pseudomonas aeruginosa,μg/mL,CHEMBL336999,1,1.0,1.0,1.0,0.0,B,high,1,1.0
CCn1cc(C(=O)O)c(=O)c2cc(F)c(N3C[C@@H](N)[C@@H]3C)cc21,O=c1cc[nH]c2cc(N3CCC3)ccc12,Escherichia coli,μg/mL,CHEMBL335306,1,0.25,0.25,0.25,-0.6020599913279624,B,high,1,1.0
CCn1cc(C(=O)O)c(=O)c2cc(F)c(N3C[C@@H](N)[C@@H]3C)cc21,O=c1cc[nH]c2cc(N3CCC3)ccc12,Klebsiella pneumoniae,μg/mL,CHEMBL335306,1,0.06,0.06,0.06,-1.2218487496163564,B,high,1,1.0
CCn1cc(C(=O)O)c(=O)c2cc(F)c(N3C[C@@H](N)[C@@H]3C)cc21,O=c1cc[nH]c2cc(N3CCC3)ccc12,Pseudomonas aeruginosa,μg/mL,CHEMBL335306,1,2.0,2.0,2.0,0.3010299956639812,B,high,1,1.0
CCn1cc(C(=O)O)c(=O)c2cc(F)c(N3C[C@@H](N)[C@@H]3C)nc21,O=c1cc[nH]c2nc(N3CCC3)ccc12,Escherichia coli,μg/mL,CHEMBL132932,1,0.25,0.25,0.25,-0.6020599913279624,B,high,1,1.0
CCn1cc(C(=O)O)c(=O)c2cc(F)c(N3C[C@@H](N)[C@@H]3C)nc21,O=c1cc[nH]c2nc(N3CCC3)ccc12,Klebsiella pneumoniae,μg/mL,CHEMBL132932,1,0.12,0.12,0.12,-0.9208187539523752,B,high,1,1.0
CCn1cc(C(=O)O)c(=O)c2cc(F)c(N3C[C@@H](N)[C@@H]3C)nc21,O=c1cc[nH]c2nc(N3CCC3)ccc12,Pseudomonas aeruginosa,μg/mL,CHEMBL132932,1,2.0,2.0,2.0,0.3010299956639812,B,high,1,1.0
CCn1cc(C(=O)O)c(=O)c2cc(F)c(N3C[C@@H](N)[C@H](N)C3)c(F)c21.Cl,O=c1cc[nH]c2cc(N3CCCC3)ccc12,Klebsiella pneumoniae,μg/mL,CHEMBL538548,1,0.125,0.125,0.125,-0.9030899869919435,B,high,1,1.0
CCn1cc(C(=O)O)c(=O)c2cc(F)c(N3C[C@@H](NC)[C@H](NC)C3)c(F)c21.Cl,O=c1cc[nH]c2cc(N3CCCC3)ccc12,Klebsiella pneumoniae,μg/mL,CHEMBL552872,2,4.25,0.5,8.0,0.6283889300503115,B,high,1,1.0
CCn1cc(C(=O)O)c(=O)c2cc3c(cc21)OCO3,O=c1cc[nH]c2cc3c(cc12)OCO3,Klebsiella pneumoniae,μg/mL,CHEMBL416755,1,0.2,0.2,0.2,-0.6989700043360187,B,high,1,1.0
CCn1cc(C(=O)O)c(=O)c2cc3c(cc21)OCO3,O=c1cc[nH]c2cc3c(cc12)OCO3,Pseudomonas aeruginosa,μg/mL,CHEMBL416755,1,6.3,6.3,6.3,0.7993405494535817,B,high,1,1.0
CCn1cc(C(=O)O)c(=O)c2ccc(-c3cc(C)nc(C)c3)cc21,O=c1cc[nH]c2cc(-c3ccncc3)ccc12,Escherichia coli,μg/mL,CHEMBL85724,1,0.25,0.25,0.25,-0.6020599913279624,B,high,1,1.0
CCn1cc(C(=O)O)c(=O)c2ccc(-c3cc(C)nc(C)c3)cc21,O=c1cc[nH]c2cc(-c3ccncc3)ccc12,Pseudomonas aeruginosa,μg/mL,CHEMBL85724,1,2.0,2.0,2.0,0.3010299956639812,B,high,1,1.0
CCn1cc(C(=O)O)c(=O)c2ccc(-c3ccncc3)cc21,O=c1cc[nH]c2cc(-c3ccncc3)ccc12,Escherichia coli,μg/mL,CHEMBL291157,1,0.125,0.125,0.125,-0.9030899869919435,B,high,1,1.0
CCn1cc(C(=O)O)c(=O)c2ccc(-c3ccncc3)cc21,O=c1cc[nH]c2cc(-c3ccncc3)ccc12,Pseudomonas aeruginosa,μg/mL,CHEMBL291157,1,16.0,16.0,16.0,1.2041199826559248,B,high,1,1.0
CCn1cc(C(=O)O)c(=O)c2ccc(C)nc21,O=c1cc[nH]c2ncccc12,Acinetobacter baumannii,μg/mL,CHEMBL5,6,70.0,12.0,256.0,1.845098040014257,B,high,2,1.0
CCn1cc(C(=O)O)c(=O)c2ccc(C)nc21,O=c1cc[nH]c2ncccc12,Klebsiella pneumoniae,μg/mL,CHEMBL5,1,6.3,6.3,6.3,0.7993405494535817,B,high,1,1.0
CCn1cc(C=O)c(=O)c2cc(F)c(N3CCN(C)CC3)cc21,O=c1cc[nH]c2cc(N3CCNCC3)ccc12,Klebsiella pneumoniae,μg/mL,CHEMBL309888,1,1.56,1.56,1.56,0.1931245983544616,B,high,1,1.0
CCn1cc(C=O)c(=O)c2cc(F)c(N3CCNCC3)cc21,O=c1cc[nH]c2cc(N3CCNCC3)ccc12,Klebsiella pneumoniae,μg/mL,CHEMBL73577,1,3.12,3.12,3.12,0.4941545940184428,B,high,1,1.0
CN(C(=O)[C@@H](N)CCc1ccccc1)[C@@H](CCCN)CSc1nc2ccccc2s1,O=C(CCCc1ccccc1)NCCSc1nc2ccccc2s1,Pseudomonas aeruginosa,μg/mL,CHEMBL328652,1,128.0,128.0,128.0,2.1072099696478683,B,high,1,1.0
CN(C(=O)[C@@H](N)Cc1ccccc1)[C@@H](CCCN)C(=O)Nc1ccc2ccccc2c1,O=C(CCc1ccccc1)NCC(=O)Nc1ccc2ccccc2c1,Pseudomonas aeruginosa,μg/mL,CHEMBL433387,1,256.0,256.0,256.0,2.4082399653118496,B,high,1,1.0
CN(C(=O)[C@@H](N)Cc1ccccc1)[C@@H](CCCN)C(=O)Nc1ccc2ccccc2c1.O=C(O)C(F)(F)F.O=C(O)C(F)(F)F,O=C(CCc1ccccc1)NCC(=O)Nc1ccc2ccccc2c1,Pseudomonas aeruginosa,μg/mL,CHEMBL157984,1,256.0,256.0,256.0,2.4082399653118496,B,high,1,1.0
CN(C)C1=CC=C2C=C2C2=C(SCc3ccccc3)N=CCCN(C3CCCC3)CCC(C=C1)CCNC2,C1=CC=C2C=C2C2=C(SCc3ccccc3)N=CCCN(C3CCCC3)CCC(C=C1)CCNC2,Acinetobacter baumannii,μg/mL,WSA303,2,96.0,64.0,128.0,1.9822712330395684,A,high,1,1.0
CN(C)C1CCN(c2nc3c(cc2F)c(=O)c(C(=O)O)cn3C(C)(C)C)C1,O=c1cc[nH]c2nc(N3CCCC3)ccc12,Klebsiella pneumoniae,μg/mL,CHEMBL283385,1,0.13,0.13,0.13,-0.8860566476931632,B,high,1,1.0
CN(C)C1CCN(c2nc3c(cc2F)c(=O)c(C(=O)O)cn3CCF)C1,O=c1cc[nH]c2nc(N3CCCC3)ccc12,Pseudomonas aeruginosa,μg/mL,CHEMBL288634,1,6.25,6.25,6.25,0.7958800173440752,B,high,1,1.0
CN(C)C1CN(Cc2ccc3cc4c(c(O)c3c2)C(=O)C2=C(O)[C@]3(O)C(=O)C(C(N)=O)=C(O)[C@@H](N(C)C)[C@@H]3C[C@@H]2C4)C1,O=C1C2=CC3C(=O)C=CC[C@@H]3C[C@@H]2Cc2cc3ccc(CN4CCC4)cc3cc21,Acinetobacter baumannii,μg/mL,CHEMBL1782460,1,4.0,4.0,4.0,0.6020599913279624,B,high,1,1.0
CN(C)CC(=O)Nc1cc(F)c2c(c1O)C(=O)C1=C(O)[C@]3(O)C(=O)C(C(N)=O)=C(O)[C@@H](N(C)C)[C@@H]3C[C@@H]1C2,O=C1C2=CC3C(=O)C=CC[C@@H]3C[C@@H]2Cc2ccccc21,Acinetobacter baumannii,μg/mL,CHEMBL1951093,1,0.125,0.125,0.125,-0.9030899869919435,B,high,1,1.0
CN(C)CC1(c2ccccc2)CCN(c2c(F)cc3c(=O)c(C(=O)O)cn(C4CC4)c3c2F)C1,O=c1ccn(C2CC2)c2cc(N3CCC(c4ccccc4)C3)ccc12,Klebsiella pneumoniae,μg/mL,CHEMBL167242,1,0.1,0.1,0.1,-1.0,B,high,1,1.0
CN(C)CC1=CC=C2C=CC=CC=C3C=CC=c4nc(c(cc4=CC=C1)CNC2)SC3,C1=CC=C2C=CC=CC=C3C=CC=c4nc(c(cc4=CC=C1)CNC2)SC3,Acinetobacter baumannii,μg/mL,FRAUNFELTER2023-5,1,64.0,64.0,64.0,1.806179973983887,A,high,1,1.0
CN(C)CC1=CC=C2C=CC=CC=C3C=CC=c4nc(c(cc4=CC=C1)CNC2)SC3,C1=CC=C2C=CC=CC=C3C=CC=c4nc(c(cc4=CC=C1)CNC2)SC3,Escherichia coli,μg/mL,FRAUNFELTER2023-5,1,64.0,64.0,64.0,1.806179973983887,A,high,1,1.0
CN(C)CC1=CC=C2C=CC=CC=C3C=CC=c4nc(c(cc4=CC=C1)CNC2)SC3,C1=CC=C2C=CC=CC=C3C=CC=c4nc(c(cc4=CC=C1)CNC2)SC3,Pseudomonas aeruginosa,μg/mL,FRAUNFELTER2023-5|WARD2024-2,3,16.0,16.0,64.0,1.2041199826559248,A,high,2,1.0
CN(C)CC1CCN(c2c(F)cc3c(=O)c(C(=O)O)cn(C4CC4)c3c2Cl)C1,O=c1ccn(C2CC2)c2cc(N3CCCC3)ccc12,Klebsiella pneumoniae,μg/mL,CHEMBL176273,1,0.1,0.1,0.1,-1.0,B,high,1,1.0
CN(C)CC1CCN(c2c(F)cc3c(=O)c(C(=O)O)cn(C4CC4)c3c2Cl)C1,O=c1ccn(C2CC2)c2cc(N3CCCC3)ccc12,Pseudomonas aeruginosa,μg/mL,CHEMBL176273,1,0.8,0.8,0.8,-0.09691001300805639,B,high,1,1.0
CN(C)CC1CCN(c2c(F)cc3c(=O)c(C(=O)O)cn(C4CC4)c3c2F)C1,O=c1ccn(C2CC2)c2cc(N3CCCC3)ccc12,Klebsiella pneumoniae,μg/mL,CHEMBL174565,1,0.2,0.2,0.2,-0.6989700043360187,B,high,1,1.0
CN(C)CC1CCN(c2c(F)cc3c(=O)c(C(=O)O)cn(C4CC4)c3c2F)C1,O=c1ccn(C2CC2)c2cc(N3CCCC3)ccc12,Pseudomonas aeruginosa,μg/mL,CHEMBL174565,1,0.8,0.8,0.8,-0.09691001300805639,B,high,1,1.0
CN(C)CC1CCN(c2c(F)cc3c(=O)c(C(=O)O)cn(C4CC4)c3c2N)C1.Cl,O=c1ccn(C2CC2)c2cc(N3CCCC3)ccc12,Klebsiella pneumoniae,μg/mL,CHEMBL558197,1,0.8,0.8,0.8,-0.09691001300805639,B,high,1,1.0
CN(C)CC1CCN(c2c(F)cc3c(=O)c(C(=O)O)cn(C4CC4)c3c2N)C1.Cl,O=c1ccn(C2CC2)c2cc(N3CCCC3)ccc12,Pseudomonas aeruginosa,μg/mL,CHEMBL558197,1,3.1,3.1,3.1,0.4913616938342727,B,high,1,1.0
CN(C)CC1CCN(c2c(F)cc3c(=O)c(C(=O)O)cn4c3c2OCC42CC2)C1,O=c1ccn2c3c(c(N4CCCC4)ccc13)OCC21CC1,Escherichia coli,μg/mL,CHEMBL58959,1,0.8,0.8,0.8,-0.09691001300805639,B,high,1,1.0
CN(C)CC1CCN(c2c(F)cc3c(=O)c(C(=O)O)cn4c3c2OCC42CC2)C1,O=c1ccn2c3c(c(N4CCCC4)ccc13)OCC21CC1,Klebsiella pneumoniae,μg/mL,CHEMBL58959,1,0.8,0.8,0.8,-0.09691001300805639,B,high,1,1.0
CN(C)CC1CCN(c2c(F)cc3c(=O)c(C(=O)O)cn4c3c2OCC42CC2)C1,O=c1ccn2c3c(c(N4CCCC4)ccc13)OCC21CC1,Pseudomonas aeruginosa,μg/mL,CHEMBL58959,1,6.3,6.3,6.3,0.7993405494535817,B,high,1,1.0
CN(C)CC1CCN(c2cc3c(cc2F)c(=O)c(C(=O)O)cn3C2CC2)C1,O=c1ccn(C2CC2)c2cc(N3CCCC3)ccc12,Escherichia coli,μg/mL,CHEMBL15324,1,0.2,0.2,0.2,-0.6989700043360187,B,high,1,1.0
CN(C)CC1CCN(c2cc3c(cc2F)c(=O)c(C(=O)O)cn3C2CC2)C1,O=c1ccn(C2CC2)c2cc(N3CCCC3)ccc12,Klebsiella pneumoniae,μg/mL,CHEMBL15324,1,0.2,0.2,0.2,-0.6989700043360187,B,high,1,1.0
CN(C)CC1CCN(c2cc3c(cc2F)c(=O)c(C(=O)O)cn3C2CC2)C1,O=c1ccn(C2CC2)c2cc(N3CCCC3)ccc12,Pseudomonas aeruginosa,μg/mL,CHEMBL15324,2,1.2000000000000002,0.8,1.6,0.07918124604762489,B,high,2,1.0
CN(C)CC1CCN(c2nc3c(cc2F)c(=O)c(C(=O)O)cn3C2CC2)C1,O=c1ccn(C2CC2)c2nc(N3CCCC3)ccc12,Klebsiella pneumoniae,μg/mL,CHEMBL366750,1,0.2,0.2,0.2,-0.6989700043360187,B,high,1,1.0
CN(C)CC1CCN(c2nc3c(cc2F)c(=O)c(C(=O)O)cn3C2CC2)C1,O=c1ccn(C2CC2)c2nc(N3CCCC3)ccc12,Pseudomonas aeruginosa,μg/mL,CHEMBL366750,1,0.4,0.4,0.4,-0.3979400086720376,B,high,1,1.0
CN(C)CC1CN(c2c(F)cc3c(=O)c(C(=O)O)c4scc5n4c3c2N(C)C5)CCO1,O=c1cc2scc3n2c2c(c(N4CCOCC4)ccc12)NC3,Escherichia coli,μg/mL,CHEMBL93821,2,0.29500000000000004,0.2,0.39,-0.5301779840218369,B,high,1,1.0
CN(C)CC1CN(c2c(F)cc3c(=O)c(C(=O)O)c4scc5n4c3c2N(C)C5)CCO1,O=c1cc2scc3n2c2c(c(N4CCOCC4)ccc12)NC3,Klebsiella pneumoniae,μg/mL,CHEMBL93821,1,0.39,0.39,0.39,-0.4089353929735008,B,high,1,1.0
CN(C)CC1CN(c2c(F)cc3c(=O)c(C(=O)O)c4scc5n4c3c2N(C)C5)CCO1,O=c1cc2scc3n2c2c(c(N4CCOCC4)ccc12)NC3,Pseudomonas aeruginosa,μg/mL,CHEMBL93821,2,6.25,6.25,6.25,0.7958800173440752,B,high,1,1.0
CN(C)CCCCCCCNC(=O)[C@H]1NC(=O)[C@H]2NC(=O)[C@H](NC(=O)[C@@H]3NC(=O)[C@H]4NC(=O)[C@@H](Cc5ccc(c(Cl)c5)Oc5cc3cc(c5O)Oc3ccc(cc3Cl)[C@H]2O)NC(=O)[C@H](N)c2ccc(O)c(c2)Oc2cc(O)cc4c2)c2ccc(O)c(c2)-c2c(O)cc(O)cc21,O=C1Cc2cccc(c2)Oc2cccc(c2)[C@@H]2NC(=O)[C@@H](Cc3ccc(cc3)Oc3cc4cc(c3)[C@@H](NC2=O)C(=O)N[C@H]2C(=O)N[C@@H](Cc3ccc(cc3)O4)C(=O)NCc3ccccc3-c3cccc2c3)N1,Escherichia coli,μg/mL,CHEMBL2367655,1,16.0,16.0,16.0,1.2041199826559248,B,high,1,1.0
CN(C)CCCCCCCNC(=O)[C@H]1NC(=O)[C@H]2NC(=O)[C@H](NC(=O)[C@@H]3NC(=O)[C@H]4NC(=O)[C@@H](Cc5ccc(c(Cl)c5)Oc5cc3cc(c5O)Oc3ccc(cc3Cl)[C@H]2O)NC(=O)[C@H](N)c2ccc(O)c(c2)Oc2cc(O)cc4c2)c2ccc(O)c(c2)-c2c(O)cc(O)cc21,O=C1Cc2cccc(c2)Oc2cccc(c2)[C@@H]2NC(=O)[C@@H](Cc3ccc(cc3)Oc3cc4cc(c3)[C@@H](NC2=O)C(=O)N[C@H]2C(=O)N[C@@H](Cc3ccc(cc3)O4)C(=O)NCc3ccccc3-c3cccc2c3)N1,Pseudomonas aeruginosa,μg/mL,CHEMBL2367655,1,128.0,128.0,128.0,2.1072099696478683,B,high,1,1.0
CN(C)CCCCCNC(=O)[C@H]1NC(=O)[C@H]2NC(=O)[C@H](NC(=O)[C@@H]3NC(=O)[C@H]4NC(=O)[C@@H](Cc5ccc(c(Cl)c5)Oc5cc3cc(c5O)Oc3ccc(cc3Cl)[C@H]2O)NC(=O)[C@H](N)c2ccc(O)c(c2)Oc2cc(O)cc4c2)c2ccc(O)c(c2)-c2c(O)cc(O)cc21,O=C1Cc2cccc(c2)Oc2cccc(c2)[C@@H]2NC(=O)[C@@H](Cc3ccc(cc3)Oc3cc4cc(c3)[C@@H](NC2=O)C(=O)N[C@H]2C(=O)N[C@@H](Cc3ccc(cc3)O4)C(=O)NCc3ccccc3-c3cccc2c3)N1,Escherichia coli,μg/mL,CHEMBL2367656,1,8.0,8.0,8.0,0.9030899869919435,B,high,1,1.0
CN(C)CCCCCNC(=O)[C@H]1NC(=O)[C@H]2NC(=O)[C@H](NC(=O)[C@@H]3NC(=O)[C@H]4NC(=O)[C@@H](Cc5ccc(c(Cl)c5)Oc5cc3cc(c5O)Oc3ccc(cc3Cl)[C@H]2O)NC(=O)[C@H](N)c2ccc(O)c(c2)Oc2cc(O)cc4c2)c2ccc(O)c(c2)-c2c(O)cc(O)cc21,O=C1Cc2cccc(c2)Oc2cccc(c2)[C@@H]2NC(=O)[C@@H](Cc3ccc(cc3)Oc3cc4cc(c3)[C@@H](NC2=O)C(=O)N[C@H]2C(=O)N[C@@H](Cc3ccc(cc3)O4)C(=O)NCc3ccccc3-c3cccc2c3)N1,Pseudomonas aeruginosa,μg/mL,CHEMBL2367656,1,64.0,64.0,64.0,1.806179973983887,B,high,1,1.0
CN(C)CCCCCNCc1cc2c3nc1SCC(=CC=CC=CC=2)C=CC=3,C1=CC=C2C=CC=c3nc(ccc3=CC=C1)SC2,Pseudomonas aeruginosa,μg/mL,WARD2024-10,4,64.0,64.0,128.0,1.806179973983887,A,high,1,1.0
CN(C)CCCCNC(=O)[C@H]1NC(=O)[C@H]2NC(=O)[C@H](NC(=O)[C@@H]3NC(=O)[C@H]4NC(=O)[C@@H](Cc5ccc(c(Cl)c5)Oc5cc3cc(c5O)Oc3ccc(cc3Cl)[C@H]2O)NC(=O)[C@H](N)c2ccc(O)c(c2)Oc2cc(O)cc4c2)c2ccc(O)c(c2)-c2c(O)cc(O)cc21,O=C1Cc2cccc(c2)Oc2cccc(c2)[C@@H]2NC(=O)[C@@H](Cc3ccc(cc3)Oc3cc4cc(c3)[C@@H](NC2=O)C(=O)N[C@H]2C(=O)N[C@@H](Cc3ccc(cc3)O4)C(=O)NCc3ccccc3-c3cccc2c3)N1,Escherichia coli,μg/mL,CHEMBL2367658,1,8.0,8.0,8.0,0.9030899869919435,B,high,1,1.0
CN(C)CCCCNC(=O)[C@H]1NC(=O)[C@H]2NC(=O)[C@H](NC(=O)[C@@H]3NC(=O)[C@H]4NC(=O)[C@@H](Cc5ccc(c(Cl)c5)Oc5cc3cc(c5O)Oc3ccc(cc3Cl)[C@H]2O)NC(=O)[C@H](N)c2ccc(O)c(c2)Oc2cc(O)cc4c2)c2ccc(O)c(c2)-c2c(O)cc(O)cc21,O=C1Cc2cccc(c2)Oc2cccc(c2)[C@@H]2NC(=O)[C@@H](Cc3ccc(cc3)Oc3cc4cc(c3)[C@@H](NC2=O)C(=O)N[C@H]2C(=O)N[C@@H](Cc3ccc(cc3)O4)C(=O)NCc3ccccc3-c3cccc2c3)N1,Pseudomonas aeruginosa,μg/mL,CHEMBL2367658,1,32.0,32.0,32.0,1.505149978319906,B,high,1,1.0
CN(C)CCCCNCc1cc2c3nc1SCC(=CC=CC=CC=2)C=CC=3,C1=CC=C2C=CC=c3nc(ccc3=CC=C1)SC2,Pseudomonas aeruginosa,μg/mL,WARD2024-8,4,48.0,16.0,64.0,1.6812412373755872,A,high,1,1.0
CN(C)CCCNC(=O)[C@H]1NC(=O)[C@H]2NC(=O)[C@H](NC(=O)[C@@H]3NC(=O)[C@H]4NC(=O)[C@@H](Cc5ccc(c(Cl)c5)Oc5cc3cc(c5O)Oc3ccc(cc3Cl)[C@H]2O)NC(=O)[C@H](N)c2ccc(O)c(c2)Oc2cc(O)cc4c2)c2ccc(O)c(c2)-c2c(O)cc(O)cc21,O=C1Cc2cccc(c2)Oc2cccc(c2)[C@@H]2NC(=O)[C@@H](Cc3ccc(cc3)Oc3cc4cc(c3)[C@@H](NC2=O)C(=O)N[C@H]2C(=O)N[C@@H](Cc3ccc(cc3)O4)C(=O)NCc3ccccc3-c3cccc2c3)N1,Escherichia coli,μg/mL,CHEMBL2367613,1,8.0,8.0,8.0,0.9030899869919435,B,high,1,1.0
CN(C)CCCNC(=O)[C@H]1NC(=O)[C@H]2NC(=O)[C@H](NC(=O)[C@@H]3NC(=O)[C@H]4NC(=O)[C@@H](Cc5ccc(c(Cl)c5)Oc5cc3cc(c5O)Oc3ccc(cc3Cl)[C@H]2O)NC(=O)[C@H](N)c2ccc(O)c(c2)Oc2cc(O)cc4c2)c2ccc(O)c(c2)-c2c(O)cc(O)cc21,O=C1Cc2cccc(c2)Oc2cccc(c2)[C@@H]2NC(=O)[C@@H](Cc3ccc(cc3)Oc3cc4cc(c3)[C@@H](NC2=O)C(=O)N[C@H]2C(=O)N[C@@H](Cc3ccc(cc3)O4)C(=O)NCc3ccccc3-c3cccc2c3)N1,Pseudomonas aeruginosa,μg/mL,CHEMBL2367613,1,32.0,32.0,32.0,1.505149978319906,B,high,1,1.0
CN(C)CCCNCc1cc2c3nc1SCC(=CC=CC=CC=2)C=CC=3,C1=CC=C2C=CC=c3nc(ccc3=CC=C1)SC2,Pseudomonas aeruginosa,μg/mL,WARD2024-6,4,48.0,16.0,64.0,1.6812412373755872,A,high,1,1.0
CN(C)CCN(C)C(=O)[C@H]1NC(=O)[C@H]2NC(=O)[C@H](NC(=O)[C@@H]3NC(=O)[C@H]4NC(=O)[C@@H](Cc5ccc(c(Cl)c5)Oc5cc3cc(c5O)Oc3ccc(cc3Cl)[C@H]2O)NC(=O)[C@H](N)c2ccc(O)c(c2)Oc2cc(O)cc4c2)c2ccc(O)c(c2)-c2c(O)cc(O)cc21,O=C1Cc2cccc(c2)Oc2cccc(c2)[C@@H]2NC(=O)[C@@H](Cc3ccc(cc3)Oc3cc4cc(c3)[C@@H](NC2=O)C(=O)N[C@H]2C(=O)N[C@@H](Cc3ccc(cc3)O4)C(=O)NCc3ccccc3-c3cccc2c3)N1,Escherichia coli,μg/mL,CHEMBL2367611,1,8.0,8.0,8.0,0.9030899869919435,B,high,1,1.0
CN(C)CCN(C)C(=O)[C@H]1NC(=O)[C@H]2NC(=O)[C@H](NC(=O)[C@@H]3NC(=O)[C@H]4NC(=O)[C@@H](Cc5ccc(c(Cl)c5)Oc5cc3cc(c5O)Oc3ccc(cc3Cl)[C@H]2O)NC(=O)[C@H](N)c2ccc(O)c(c2)Oc2cc(O)cc4c2)c2ccc(O)c(c2)-c2c(O)cc(O)cc21,O=C1Cc2cccc(c2)Oc2cccc(c2)[C@@H]2NC(=O)[C@@H](Cc3ccc(cc3)Oc3cc4cc(c3)[C@@H](NC2=O)C(=O)N[C@H]2C(=O)N[C@@H](Cc3ccc(cc3)O4)C(=O)NCc3ccccc3-c3cccc2c3)N1,Pseudomonas aeruginosa,μg/mL,CHEMBL2367611,1,64.0,64.0,64.0,1.806179973983887,B,high,1,1.0
CN(C)CCNC(=O)[C@H]1NC(=O)[C@H]2NC(=O)[C@H](NC(=O)[C@@H]3NC(=O)[C@H]4NC(=O)[C@@H](Cc5ccc(c(Cl)c5)Oc5cc3cc(c5O)Oc3ccc(cc3Cl)[C@H]2O)NC(=O)[C@H](N)c2ccc(O)c(c2)Oc2cc(O)cc4c2)c2ccc(O)c(c2)-c2c(O)cc(O)cc21,O=C1Cc2cccc(c2)Oc2cccc(c2)[C@@H]2NC(=O)[C@@H](Cc3ccc(cc3)Oc3cc4cc(c3)[C@@H](NC2=O)C(=O)N[C@H]2C(=O)N[C@@H](Cc3ccc(cc3)O4)C(=O)NCc3ccccc3-c3cccc2c3)N1,Escherichia coli,μg/mL,CHEMBL2367614,1,4.0,4.0,4.0,0.6020599913279624,B,high,1,1.0
CN(C)CCNC(=O)[C@H]1NC(=O)[C@H]2NC(=O)[C@H](NC(=O)[C@@H]3NC(=O)[C@H]4NC(=O)[C@@H](Cc5ccc(c(Cl)c5)Oc5cc3cc(c5O)Oc3ccc(cc3Cl)[C@H]2O)NC(=O)[C@H](N)c2ccc(O)c(c2)Oc2cc(O)cc4c2)c2ccc(O)c(c2)-c2c(O)cc(O)cc21,O=C1Cc2cccc(c2)Oc2cccc(c2)[C@@H]2NC(=O)[C@@H](Cc3ccc(cc3)Oc3cc4cc(c3)[C@@H](NC2=O)C(=O)N[C@H]2C(=O)N[C@@H](Cc3ccc(cc3)O4)C(=O)NCc3ccccc3-c3cccc2c3)N1,Pseudomonas aeruginosa,μg/mL,CHEMBL2367614,1,16.0,16.0,16.0,1.2041199826559248,B,high,1,1.0
CN(C)CCNCc1cc2c3nc1SCC(=CC=CC=CC=2)C=CC=3,C1=CC=C2C=CC=c3nc(ccc3=CC=C1)SC2,Acinetobacter baumannii,μg/mL,FRAUNFELTER2023-4,1,256.0,256.0,256.0,2.4082399653118496,A,high,1,1.0
CN(C)CCNCc1cc2c3nc1SCC(=CC=CC=CC=2)C=CC=3,C1=CC=C2C=CC=c3nc(ccc3=CC=C1)SC2,Escherichia coli,μg/mL,FRAUNFELTER2023-4,1,256.0,256.0,256.0,2.4082399653118496,A,high,1,1.0
CN(C)Cc1ccc2c(F)c3c(c(O)c2c1)C(=O)C1=C(O)[C@]2(O)C(=O)C(C(N)=O)=C(O)[C@@H](N(C)C)[C@@H]2C[C@@H]1C3,O=C1C2=CC3C(=O)C=CC[C@@H]3C[C@@H]2Cc2cc3ccccc3cc21,Acinetobacter baumannii,μg/mL,CHEMBL1782456,1,0.5,0.5,0.5,-0.3010299956639812,B,high,1,1.0
CN(C)Cc1ccc2c(N(C)C)c3c(c(O)c2c1)C(=O)C1=C(O)[C@]2(O)C(=O)C(C(N)=O)=C(O)[C@@H](N(C)C)[C@@H]2C[C@@H]1C3,O=C1C2=CC3C(=O)C=CC[C@@H]3C[C@@H]2Cc2cc3ccccc3cc21,Acinetobacter baumannii,μg/mL,CHEMBL1782480,1,16.0,16.0,16.0,1.2041199826559248,B,high,1,1.0
CN(C)Cc1ccc2cc3c(c(O)c2c1)C(=O)C1=C(O)[C@]2(O)C(=O)C(C(N)=O)=C(O)[C@@H](N(C)C)[C@@H]2C[C@@H]1C3,O=C1C2=CC3C(=O)C=CC[C@@H]3C[C@@H]2Cc2cc3ccccc3cc21,Acinetobacter baumannii,μg/mL,CHEMBL1783664,1,2.0,2.0,2.0,0.3010299956639812,B,high,1,1.0
CN(C)Cc1cccc2c(O)c3c(cc12)C[C@H]1C[C@H]2[C@H](N(C)C)C(O)=C(C(N)=O)C(=O)[C@@]2(O)C(O)=C1C3=O,O=C1C2=CC3C(=O)C=CC[C@@H]3C[C@@H]2Cc2cc3ccccc3cc21,Acinetobacter baumannii,μg/mL,CHEMBL1782487,1,16.0,16.0,16.0,1.2041199826559248,B,high,1,1.0
CN(C)Cc1cn(-c2cc3c(cc2F)c(=O)c(C(=O)O)cn3C2CC2)nn1,O=c1ccn(C2CC2)c2cc(-n3ccnn3)ccc12,Acinetobacter baumannii,μg/mL,CHEMBL2298760,1,8.0,8.0,8.0,0.9030899869919435,B,high,1,1.0
CN(C)S(=O)(=O)N1N=Cc2ccccc2B1O,B1NN=Cc2ccccc21,Klebsiella pneumoniae,μg/mL,CHEMBL367554,1,12.5,12.5,12.5,1.0969100130080565,B,high,1,1.0
CN(C)[C@@H]1C(O)=C(C(N)=O)C(=O)[C@@]2(O)C(O)=C3C(=O)c4c(O)c(NC(=O)CN5CC6CCCC6C5)cc(F)c4C[C@H]3C[C@@H]12,O=C(CN1CC2CCCC2C1)Nc1ccc2c(c1)C(=O)C1=CC3C(=O)C=CC[C@@H]3C[C@@H]1C2,Acinetobacter baumannii,μg/mL,CHEMBL1951103,1,0.06,0.06,0.06,-1.2218487496163564,B,high,1,1.0
CN(C)[C@@H]1C(O)=C(C(N)=O)C(=O)[C@@]2(O)C(O)=C3C(=O)c4c(O)c(NC(=O)CN5CCC5)cc(F)c4C[C@H]3C[C@@H]12,O=C(CN1CCC1)Nc1ccc2c(c1)C(=O)C1=CC3C(=O)C=CC[C@@H]3C[C@@H]1C2,Acinetobacter baumannii,μg/mL,CHEMBL1951094,1,2.0,2.0,2.0,0.3010299956639812,B,high,1,1.0
CN(C)[C@@H]1C(O)=C(C(N)=O)C(=O)[C@@]2(O)C(O)=C3C(=O)c4c(O)c(NC(=O)CN5CCCC5)cc(F)c4C[C@H]3C[C@@H]12,O=C(CN1CCCC1)Nc1ccc2c(c1)C(=O)C1=CC3C(=O)C=CC[C@@H]3C[C@@H]1C2,Acinetobacter baumannii,μg/mL,CHEMBL1951095,1,0.0312,0.0312,0.0312,-1.5058454059815571,B,high,1,1.0
CN(C)[C@@H]1C(O)=C(C(N)=O)C(=O)[C@@]2(O)C(O)=C3C(=O)c4c(O)c(NC(=O)CN5CCCCC5)cc(F)c4C[C@H]3C[C@@H]12,O=C(CN1CCCCC1)Nc1ccc2c(c1)C(=O)C1=CC3C(=O)C=CC[C@@H]3C[C@@H]1C2,Acinetobacter baumannii,μg/mL,CHEMBL1951096,1,0.125,0.125,0.125,-0.9030899869919435,B,high,1,1.0
CN(C)[C@@H]1C(O)=C(C(N)=O)C(=O)[C@@]2(O)C(O)=C3C(=O)c4c(O)c(NC(=O)CN5CCOCC5)cc(F)c4C[C@H]3C[C@@H]12,O=C(CN1CCOCC1)Nc1ccc2c(c1)C(=O)C1=CC3C(=O)C=CC[C@@H]3C[C@@H]1C2,Acinetobacter baumannii,μg/mL,CHEMBL1951097,1,8.0,8.0,8.0,0.9030899869919435,B,high,1,1.0
CN(C)[C@@H]1C(O)=C(C(N)=O)C(=O)[C@@]2(O)C(O)=C3C(=O)c4c(O)c(NC(=O)CN5CC[C@@H](F)C5)cc(F)c4C[C@H]3C[C@@H]12,O=C(CN1CCCC1)Nc1ccc2c(c1)C(=O)C1=CC3C(=O)C=CC[C@@H]3C[C@@H]1C2,Acinetobacter baumannii,μg/mL,CHEMBL1951098,1,0.25,0.25,0.25,-0.6020599913279624,B,high,1,1.0
CN(C)[C@@H]1C(O)=C(C(N)=O)C(=O)[C@@]2(O)C(O)=C3C(=O)c4c(O)c(NC(=O)CN5CC[C@@H](O)C5)cc(F)c4C[C@H]3C[C@@H]12,O=C(CN1CCCC1)Nc1ccc2c(c1)C(=O)C1=CC3C(=O)C=CC[C@@H]3C[C@@H]1C2,Acinetobacter baumannii,μg/mL,CHEMBL1951101,1,32.0,32.0,32.0,1.505149978319906,B,high,1,1.0
CN(C)[C@@H]1C(O)=C(C(N)=O)C(=O)[C@@]2(O)C(O)=C3C(=O)c4c(O)c(NC(=O)CN5CC[C@H](F)C5)cc(F)c4C[C@H]3C[C@@H]12,O=C(CN1CCCC1)Nc1ccc2c(c1)C(=O)C1=CC3C(=O)C=CC[C@@H]3C[C@@H]1C2,Acinetobacter baumannii,μg/mL,CHEMBL1951099,1,0.125,0.125,0.125,-0.9030899869919435,B,high,1,1.0
CN(C)[C@@H]1C(O)=C(C(N)=O)C(=O)[C@@]2(O)C(O)=C3C(=O)c4c(O)c(NC(=O)CN5Cc6ccccc6C5)cc(F)c4C[C@H]3C[C@@H]12,O=C(CN1Cc2ccccc2C1)Nc1ccc2c(c1)C(=O)C1=CC3C(=O)C=CC[C@@H]3C[C@@H]1C2,Acinetobacter baumannii,μg/mL,CHEMBL1951104,1,0.125,0.125,0.125,-0.9030899869919435,B,high,1,1.0
CN(C)[C@@H]1C(O)=C(C(N)=O)C(=O)[C@@]2(O)C(O)=C3C(=O)c4c(O)c(NC(=O)CNC(C)(C)C)cc(F)c4C[C@H]3C[C@@H]12,O=C1C2=CC3C(=O)C=CC[C@@H]3C[C@@H]2Cc2ccccc21,Acinetobacter baumannii,μg/mL,CHEMBL1951090,1,0.5,0.5,0.5,-0.3010299956639812,B,high,1,1.0
CN(C)[C@@H]1C(O)=C(C(N)=O)C(=O)[C@@]2(O)C(O)=C3C(=O)c4c(O)c(NC(=O)[C@@H]5CCCN5C)cc(F)c4C[C@H]3C[C@@H]12,O=C1C2=CC3C(=O)C=CC[C@@H]3C[C@@H]2Cc2ccc(NC(=O)[C@@H]3CCCN3)cc21,Acinetobacter baumannii,μg/mL,CHEMBL2057236,1,0.016,0.016,0.016,-1.7958800173440752,B,high,1,1.0
CN(C)[C@@H]1C(O)=C(C(N)=O)C(=O)[C@@]2(O)C(O)=C3C(=O)c4c(O)c(NC(=O)[C@@H]5CCN5C)cc(F)c4C[C@H]3C[C@@H]12,O=C1C2=CC3C(=O)C=CC[C@@H]3C[C@@H]2Cc2ccc(NC(=O)[C@@H]3CCN3)cc21,Acinetobacter baumannii,μg/mL,CHEMBL2057579,1,0.016,0.016,0.016,-1.7958800173440752,B,high,1,1.0
CN(C)[C@@H]1C(O)=C(C(N)=O)C(=O)[C@@]2(O)C(O)=C3C(=O)c4c(O)cccc4[C@@](C)(O)[C@H]3C[C@@H]12,O=C1C2=CC3C(=O)C=CC[C@@H]3C[C@@H]2Cc2ccccc21,Acinetobacter baumannii,μg/mL,CHEMBL1440,26,7.0,0.5,96.0,0.8450980400142568,B,high,8,1.0
CN(C)[C@@H]1C(O)=C(C(N)=O)C(=O)[C@@]2(O)C(O)=C3C(=O)c4c(c(Cl)c5ccc(CN6CCC6)cc5c4O)C[C@H]3C[C@@H]12,O=C1C2=CC3C(=O)C=CC[C@@H]3C[C@@H]2Cc2cc3ccc(CN4CCC4)cc3cc21,Acinetobacter baumannii,μg/mL,CHEMBL1783290,1,2.0,2.0,2.0,0.3010299956639812,B,high,1,1.0
CN(C)[C@@H]1C(O)=C(C(N)=O)C(=O)[C@@]2(O)C(O)=C3C(=O)c4c(c(F)c5ccc(CN6CC(F)C6)cc5c4O)C[C@H]3C[C@@H]12,O=C1C2=CC3C(=O)C=CC[C@@H]3C[C@@H]2Cc2cc3ccc(CN4CCC4)cc3cc21,Acinetobacter baumannii,μg/mL,CHEMBL1782469,1,1.0,1.0,1.0,0.0,B,high,1,1.0
CN(C)[C@@H]1C(O)=C(C(N)=O)C(=O)[C@@]2(O)C(O)=C3C(=O)c4c(c(F)c5ccc(CN6CCC6)cc5c4O)C[C@H]3C[C@@H]12,O=C1C2=CC3C(=O)C=CC[C@@H]3C[C@@H]2Cc2cc3ccc(CN4CCC4)cc3cc21,Acinetobacter baumannii,μg/mL,CHEMBL1783289,1,0.5,0.5,0.5,-0.3010299956639812,B,high,1,1.0
CN(C)[C@@H]1C(O)=C(C(N)=O)C(=O)[C@@]2(O)C(O)=C3C(=O)c4c(c(F)c5ccc(CN6CCCC6)cc5c4O)C[C@H]3C[C@@H]12,O=C1C2=CC3C(=O)C=CC[C@@H]3C[C@@H]2Cc2cc3ccc(CN4CCCC4)cc3cc21,Acinetobacter baumannii,μg/mL,CHEMBL1782470,1,0.25,0.25,0.25,-0.6020599913279624,B,high,1,1.0
CN(C)[C@@H]1C(O)=C(C(N)=O)C(=O)[C@@]2(O)C(O)=C3C(=O)c4c(c(F)c5ccc(CNC(C)(C)C)cc5c4O)C[C@H]3C[C@@H]12,O=C1C2=CC3C(=O)C=CC[C@@H]3C[C@@H]2Cc2cc3ccccc3cc21,Acinetobacter baumannii,μg/mL,CHEMBL1782468,1,0.25,0.25,0.25,-0.6020599913279624,B,high,1,1.0
CN(C)[C@@H]1C(O)=C(C(N)=O)C(=O)[C@@]2(O)C(O)=C3C(=O)c4c(c(F)c5ccc(CNC6CC6)cc5c4O)C[C@H]3C[C@@H]12,O=C1C2=CC3C(=O)C=CC[C@@H]3C[C@@H]2Cc2cc3ccc(CNC4CC4)cc3cc21,Acinetobacter baumannii,μg/mL,CHEMBL1782467,1,0.25,0.25,0.25,-0.6020599913279624,B,high,1,1.0
CN(C)[C@@H]1C(O)=C(C(N)=O)C(=O)[C@@]2(O)C(O)=C3C(=O)c4c(cc5c(CN6CCC6)cccc5c4O)C[C@H]3C[C@@H]12,O=C1C2=CC3C(=O)C=CC[C@@H]3C[C@@H]2Cc2cc3c(CN4CCC4)cccc3cc21,Acinetobacter baumannii,μg/mL,CHEMBL1782488,1,32.0,32.0,32.0,1.505149978319906,B,high,1,1.0
CN(C)[C@@H]1C(O)=C(C(N)=O)C(=O)[C@@]2(O)C(O)=C3C(=O)c4c(cc5c(CNC6CC6)cccc5c4O)C[C@H]3C[C@@H]12,O=C1C2=CC3C(=O)C=CC[C@@H]3C[C@@H]2Cc2cc3c(CNC4CC4)cccc3cc21,Acinetobacter baumannii,μg/mL,CHEMBL1782486,1,4.0,4.0,4.0,0.6020599913279624,B,high,1,1.0
CN(C)[C@@H]1C(O)=C(C(N)=O)C(=O)[C@@]2(O)C(O)=C3C(=O)c4c(cc5c(N)cccc5c4O)C[C@H]3C[C@@H]12,O=C1C2=CC3C(=O)C=CC[C@@H]3C[C@@H]2Cc2cc3ccccc3cc21,Acinetobacter baumannii,μg/mL,CHEMBL1782489,1,8.0,8.0,8.0,0.9030899869919435,B,high,1,1.0
CN(C)[C@@H]1C(O)=C(C(N)=O)C(=O)[C@@]2(O)C(O)=C3C(=O)c4c(cc5cc(N)ccc5c4O)C[C@H]3C[C@@H]12,O=C1C2=CC3C(=O)C=CC[C@@H]3C[C@@H]2Cc2cc3ccccc3cc21,Acinetobacter baumannii,μg/mL,CHEMBL1782493,1,16.0,16.0,16.0,1.2041199826559248,B,high,1,1.0
CN(C)[C@@H]1C(O)=C(C(N)=O)C(=O)[C@@]2(O)C(O)=C3C(=O)c4c(cc5ccc(CN6CC(C#N)C6)cc5c4O)C[C@H]3C[C@@H]12,O=C1C2=CC3C(=O)C=CC[C@@H]3C[C@@H]2Cc2cc3ccc(CN4CCC4)cc3cc21,Acinetobacter baumannii,μg/mL,CHEMBL1782462,1,8.0,8.0,8.0,0.9030899869919435,B,high,1,1.0
CN(C)[C@@H]1C(O)=C(C(N)=O)C(=O)[C@@]2(O)C(O)=C3C(=O)c4c(cc5ccc(CN6CC(F)C6)cc5c4O)C[C@H]3C[C@@H]12,O=C1C2=CC3C(=O)C=CC[C@@H]3C[C@@H]2Cc2cc3ccc(CN4CCC4)cc3cc21,Acinetobacter baumannii,μg/mL,CHEMBL1782463,1,1.0,1.0,1.0,0.0,B,high,1,1.0
CN(C)[C@@H]1C(O)=C(C(N)=O)C(=O)[C@@]2(O)C(O)=C3C(=O)c4c(cc5ccc(CN6CC(O)C6)cc5c4O)C[C@H]3C[C@@H]12,O=C1C2=CC3C(=O)C=CC[C@@H]3C[C@@H]2Cc2cc3ccc(CN4CCC4)cc3cc21,Acinetobacter baumannii,μg/mL,CHEMBL1782458,1,4.0,4.0,4.0,0.6020599913279624,B,high,1,1.0
CN(C)[C@@H]1C(O)=C(C(N)=O)C(=O)[C@@]2(O)C(O)=C3C(=O)c4c(cc5ccc(CN6CCC6)cc5c4O)C[C@H]3C[C@@H]12,O=C1C2=CC3C(=O)C=CC[C@@H]3C[C@@H]2Cc2cc3ccc(CN4CCC4)cc3cc21,Acinetobacter baumannii,μg/mL,CHEMBL1783288,1,1.0,1.0,1.0,0.0,B,high,1,1.0
CN(C)[C@@H]1C(O)=C(C(N)=O)C(=O)[C@@]2(O)C(O)=C3C(=O)c4c(cc5ccc(CN6CCCC6)cc5c4O)C[C@H]3C[C@@H]12,O=C1C2=CC3C(=O)C=CC[C@@H]3C[C@@H]2Cc2cc3ccc(CN4CCCC4)cc3cc21,Acinetobacter baumannii,μg/mL,CHEMBL1783667,1,1.0,1.0,1.0,0.0,B,high,1,1.0
CN(C)[C@@H]1C(O)=C(C(N)=O)C(=O)[C@@]2(O)C(O)=C3C(=O)c4c(cc5ccc(CN6CCCCC6)cc5c4O)C[C@H]3C[C@@H]12,O=C1C2=CC3C(=O)C=CC[C@@H]3C[C@@H]2Cc2cc3ccc(CN4CCCCC4)cc3cc21,Acinetobacter baumannii,μg/mL,CHEMBL1782457,1,1.0,1.0,1.0,0.0,B,high,1,1.0
CN(C)[C@@H]1C(O)=C(C(N)=O)C(=O)[C@@]2(O)C(O)=C3C(=O)c4c(cc5ccc(F)cc5c4O)C[C@H]3C[C@@H]12,O=C1C2=CC3C(=O)C=CC[C@@H]3C[C@@H]2Cc2cc3ccccc3cc21,Acinetobacter baumannii,μg/mL,CHEMBL1782482,1,4.0,4.0,4.0,0.6020599913279624,B,high,1,1.0
CN(C)[C@@H]1C(O)=C(C(N)=O)C(=O)[C@@]2(O)C(O)=C3C(=O)c4c(cc5ccccc5c4O)C[C@H]3C[C@@H]12,O=C1C2=CC3C(=O)C=CC[C@@H]3C[C@@H]2Cc2cc3ccccc3cc21,Acinetobacter baumannii,μg/mL,CHEMBL1783656,1,8.0,8.0,8.0,0.9030899869919435,B,high,1,1.0
CN(C)[C@@H]1CN(c2nc3c(cc2F)c(=O)c(C(=O)O)cn3C(C)(C)C)CC1(C)C,O=c1cc[nH]c2nc(N3CCCC3)ccc12,Klebsiella pneumoniae,μg/mL,CHEMBL2111895,1,0.13,0.13,0.13,-0.8860566476931632,B,high,1,1.0
CN(C)[C@H]1CCN(c2nc3c(cc2F)c(=O)c(C(=O)O)cn3C(C)(C)C)C1,O=c1cc[nH]c2nc(N3CCCC3)ccc12,Klebsiella pneumoniae,μg/mL,CHEMBL2114356,1,0.06,0.06,0.06,-1.2218487496163564,B,high,1,1.0
CN(C)[C@H]1CN(c2nc3c(cc2F)c(=O)c(C(=O)O)cn3C(C)(C)C)CC1(C)C,O=c1cc[nH]c2nc(N3CCCC3)ccc12,Klebsiella pneumoniae,μg/mL,CHEMBL2112710,1,0.25,0.25,0.25,-0.6020599913279624,B,high,1,1.0
CN(C)c1c(F)cc2c(=O)c(C(=O)O)c3scc4n3c2c1OC4,O=c1cc2scc3n2c2c(cccc12)OC3,Klebsiella pneumoniae,μg/mL,CHEMBL369619,1,0.2,0.2,0.2,-0.6989700043360187,B,high,1,1.0
CN(C)c1c2c(c(O)c3cc(CN4CCC4)ccc13)C(=O)C1=C(O)[C@]3(O)C(=O)C(C(N)=O)=C(O)[C@@H](N(C)C)[C@@H]3C[C@@H]1C2,O=C1C2=CC3C(=O)C=CC[C@@H]3C[C@@H]2Cc2cc3ccc(CN4CCC4)cc3cc21,Acinetobacter baumannii,μg/mL,CHEMBL1783299,1,1.0,1.0,1.0,0.0,B,high,1,1.0
CN(C)c1c2c(c(O)c3cc(CN4CCCC4)ccc13)C(=O)C1=C(O)[C@]3(O)C(=O)C(C(N)=O)=C(O)[C@@H](N(C)C)[C@@H]3C[C@@H]1C2,O=C1C2=CC3C(=O)C=CC[C@@H]3C[C@@H]2Cc2cc3ccc(CN4CCCC4)cc3cc21,Acinetobacter baumannii,μg/mL,CHEMBL1782481,1,16.0,16.0,16.0,1.2041199826559248,B,high,1,1.0
CN(C)c1cc(NC(=O)CNC(C)(C)C)c(O)c2c1C[C@H]1C[C@H]3[C@H](N(C)C)C(O)=C(C(N)=O)C(=O)[C@@]3(O)C(O)=C1C2=O,O=C1C2=CC3C(=O)C=CC[C@@H]3C[C@@H]2Cc2ccccc21,Acinetobacter baumannii,μg/mL,CHEMBL376140,123,1.5,0.03,64.0,0.17609125905568124,B,high,15,1.0
CN(C)c1ccc(/C=N/n2c(-c3ccc(S(=O)(=O)c4ccccc4)cc3)n[nH]c2=S)cc1,O=S(=O)(c1ccccc1)c1ccc(-c2n[nH]c(=S)n2/N=C/c2ccccc2)cc1,Acinetobacter baumannii,μg/mL,CHEMBL551860,1,512.0,512.0,512.0,2.709269960975831,B,high,1,1.0
CN(C)c1ccc(/C=N/n2c(-c3ccc(S(=O)(=O)c4ccccc4)cc3)nn(CN3CCOCC3)c2=S)cc1,O=S(=O)(c1ccccc1)c1ccc(-c2nn(CN3CCOCC3)c(=S)n2/N=C/c2ccccc2)cc1,Acinetobacter baumannii,μg/mL,CHEMBL561861,1,1024.0,1024.0,1024.0,3.010299956639812,B,high,1,1.0
CN(C)c1ccc(O)c2c1C[C@H]1C[C@H]3[C@H](N(C)C)C(O)=C(C(N)=O)C(=O)[C@@]3(O)C(O)=C1C2=O,O=C1C2=CC3C(=O)C=CC[C@@H]3C[C@@H]2Cc2ccccc21,Acinetobacter baumannii,μg/mL,CHEMBL1434,56,1.0,0.047,32.0,0.0,B,high,7,1.0
CN(C)c1ccc2cc3ccc(=[N+](C)C)cc-3oc2c1.[Cl-],[N+]=c1ccc2cc3ccccc3oc-2c1,Acinetobacter baumannii,μg/mL,CHEMBL1486690,3,4.0,2.0,4.0,0.6020599913279624,B,high,1,1.0
CN(C)c1ccc2cc3ccc(N(C)C)cc3nc2c1,c1ccc2nc3ccccc3cc2c1,Acinetobacter baumannii,μg/mL,CHEMBL81880,3,125.0,50.0,200.0,2.0969100130080562,B,high,1,1.0
CN(C)c1ccc2ncc(F)c(CCC34CCC(NCc5ccc6c(n5)NC(=O)CO6)(CC3)CO4)c2n1,O=C1COc2ccc(CNC34CCC(CCc5ccnc6cccnc56)(CC3)OC4)nc2N1,Acinetobacter baumannii,μg/mL,CHEMBL3422949,1,8.0,8.0,8.0,0.9030899869919435,B,high,1,1.0
CN(C)c1cccc2c(O)c3c(cc12)C[C@H]1C[C@H]2[C@H](N(C)C)C(O)=C(C(N)=O)C(=O)[C@@]2(O)C(O)=C1C3=O,O=C1C2=CC3C(=O)C=CC[C@@H]3C[C@@H]2Cc2cc3ccccc3cc21,Acinetobacter baumannii,μg/mL,CHEMBL1782491,1,16.0,16.0,16.0,1.2041199826559248,B,high,1,1.0
CN(C)c1cnc2c(CCC34CCC(NCc5ccc6c(n5)NC(=O)CO6)(CC3)CO4)c(F)cnc2c1,O=C1COc2ccc(CNC34CCC(CCc5ccnc6cccnc56)(CC3)OC4)nc2N1,Acinetobacter baumannii,μg/mL,CHEMBL3422960,1,16.0,16.0,16.0,1.2041199826559248,B,high,1,1.0
CN(C)c1nc2c(CCC34CCC(NCc5ccc6c(n5)NC(=O)CO6)(CC3)CO4)ccnc2cc1C(F)(F)F,O=C1COc2ccc(CNC34CCC(CCc5ccnc6cccnc56)(CC3)OC4)nc2N1,Acinetobacter baumannii,μg/mL,CHEMBL3422975,1,8.0,8.0,8.0,0.9030899869919435,B,high,1,1.0
CN(C)c1nc2c(CCC34CCC(NCc5ccc6c(n5)NC(=O)CO6)(CC3)CO4)ccnc2cc1F,O=C1COc2ccc(CNC34CCC(CCc5ccnc6cccnc56)(CC3)OC4)nc2N1,Acinetobacter baumannii,μg/mL,CHEMBL3422976,1,16.0,16.0,16.0,1.2041199826559248,B,high,1,1.0
CN(CCCCCCCCNCCCCCCCCNC(=N)N)C(=N)NCC1CC1.O=C(O)C(F)(F)F.O=C(O)C(F)(F)F.O=C(O)C(F)(F)F,C1CC1,Acinetobacter baumannii,μg/mL,CHEMBL3353627,1,256.0,256.0,256.0,2.4082399653118496,B,high,1,1.0
CN(CCCCCCCCNCCCCCCCCNC(=N)N)C(=N)NCc1ccccc1.O=C(O)C(F)(F)F.O=C(O)C(F)(F)F.O=C(O)C(F)(F)F,c1ccccc1,Acinetobacter baumannii,μg/mL,CHEMBL3353629,1,128.0,128.0,128.0,2.1072099696478683,B,high,1,1.0
CN1C(=O)c2ccccc2Sc2ccc(NC(=O)c3ccc([N+](=O)[O-])o3)cc21,O=C(Nc1ccc2c(c1)NC(=O)c1ccccc1S2)c1ccco1,Acinetobacter baumannii,μg/mL,CHEMBL1632101,1,12.0,12.0,12.0,1.0791812460476249,B,high,1,1.0
CN1CCC=C2C=CC=CC=C3CSC4=NC3=CC=C(Br)N(CCNCC4=C2)CC1,C1=CC=C2CSC3=NC2=CC=CN2CCNCCC=C(C=C1)C=C3CNCC2,Acinetobacter baumannii,μg/mL,WSA257,2,12.0,8.0,16.0,1.0791812460476249,A,high,1,1.0
CN1CCC=C2C=CC=CC=C3CSC4=NC3=CC=C(Br)N(CCNCC4=C2)CC1,C1=CC=C2CSC3=NC2=CC=CN2CCNCCC=C(C=C1)C=C3CNCC2,Pseudomonas aeruginosa,μg/mL,WSA257,1,16.0,16.0,16.0,1.2041199826559248,A,high,1,1.0
CN1CCC=C2C=CC=CC=C3CSC4=NC3=CC=C(c3ccccc3)N(CCNCC4=C2)CC1,C1=CC=C2CSC3=NC2=CC=C(c2ccccc2)N2CCNCCC=C(C=C1)C=C3CNCC2,Acinetobacter baumannii,μg/mL,WSA270,2,16.0,16.0,16.0,1.2041199826559248,A,high,1,1.0
CN1CCC=C2C=CC=CC=C3CSC4=NC3=CC=C(c3ccccc3)N(CCNCC4=C2)CC1,C1=CC=C2CSC3=NC2=CC=C(c2ccccc2)N2CCNCCC=C(C=C1)C=C3CNCC2,Pseudomonas aeruginosa,μg/mL,WSA270,1,32.0,32.0,32.0,1.505149978319906,A,high,1,1.0
CN1CCC=C2C=CC=CC=C3CSC4=NC3=CC=CN(CCNCC4=C2)CC1,C1=CC=C2CSC3=NC2=CC=CN2CCNCCC=C(C=C1)C=C3CNCC2,Acinetobacter baumannii,μg/mL,WSA250,2,96.0,64.0,128.0,1.9822712330395684,A,high,1,1.0
CN1CCC=C2C=CC=CC=C3CSC4=NC3=CC=CN(CCNCC4=C2)CC1,C1=CC=C2CSC3=NC2=CC=CN2CCNCCC=C(C=C1)C=C3CNCC2,Pseudomonas aeruginosa,μg/mL,WSA250,1,64.0,64.0,64.0,1.806179973983887,A,high,1,1.0
CN1CCC=NC(SCc2ccccc2)=C2CNCCN(C=CC(F)=C(F)C=C3C=C32)CC1,C1=CC=C2C=C2C2=C(SCc3ccccc3)N=CCCNCCN(C=C1)CCNC2,Acinetobacter baumannii,μg/mL,WSA274,2,80.0,32.0,128.0,1.9030899869919435,A,high,1,1.0
CN1CCC=NC(SCc2ccccc2)=C2CNCCN(C=CC(F)=CC=C3C=C32)CC1,C1=CC=C2C=C2C2=C(SCc3ccccc3)N=CCCNCCN(C=C1)CCNC2,Acinetobacter baumannii,μg/mL,WSA273,2,80.0,32.0,128.0,1.9030899869919435,A,high,1,1.0
CN1CCC=NC(SCc2ccccc2)=C2CNCCN(C=CC(N(C)C)=CC=C3C=C32)CC1,C1=CC=C2C=C2C2=C(SCc3ccccc3)N=CCCNCCN(C=C1)CCNC2,Acinetobacter baumannii,μg/mL,WSA276,2,24.0,16.0,32.0,1.380211241711606,A,high,1,1.0
CN1CCC=NC(SCc2ccccc2)=C2CNCCN(C=CC=CC=C3C=C32)CC1,C1=CC=C2C=C2C2=C(SCc3ccccc3)N=CCCNCCN(C=C1)CCNC2,Acinetobacter baumannii,μg/mL,WSA277,2,80.0,32.0,128.0,1.9030899869919435,A,high,1,1.0
CN1CCCc2cc(Cc3cnc(N)nc3N)ccc21,c1ncc(Cc2ccc3c(c2)CCCN3)cn1,Klebsiella pneumoniae,μg/mL,CHEMBL60582,1,30.0,30.0,30.0,1.4771212547196624,B,high,1,1.0
CN1CCN(C(=O)[C@H]2NC(=O)[C@H]3NC(=O)[C@H](NC(=O)[C@@H]4NC(=O)[C@H]5NC(=O)[C@@H](Cc6ccc(c(Cl)c6)Oc6cc4cc(c6O)Oc4ccc(cc4Cl)[C@H]3O)NC(=O)[C@H](N)c3ccc(O)c(c3)Oc3cc(O)cc5c3)c3ccc(O)c(c3)-c3c(O)cc(O)cc32)CC1,O=C1Cc2cccc(c2)Oc2cccc(c2)[C@@H]2NC(=O)[C@@H](Cc3ccc(cc3)Oc3cc4cc(c3)[C@@H](NC2=O)C(=O)N[C@H]2C(=O)N[C@@H](Cc3ccc(cc3)O4)C(=O)N[C@H](C(=O)N3CCNCC3)c3ccccc3-c3cccc2c3)N1,Escherichia coli,μg/mL,CHEMBL2367629,1,16.0,16.0,16.0,1.2041199826559248,B,high,1,1.0
CN1CCN(C(=O)[C@H]2NC(=O)[C@H]3NC(=O)[C@H](NC(=O)[C@@H]4NC(=O)[C@H]5NC(=O)[C@@H](Cc6ccc(c(Cl)c6)Oc6cc4cc(c6O)Oc4ccc(cc4Cl)[C@H]3O)NC(=O)[C@H](N)c3ccc(O)c(c3)Oc3cc(O)cc5c3)c3ccc(O)c(c3)-c3c(O)cc(O)cc32)CC1,O=C1Cc2cccc(c2)Oc2cccc(c2)[C@@H]2NC(=O)[C@@H](Cc3ccc(cc3)Oc3cc4cc(c3)[C@@H](NC2=O)C(=O)N[C@H]2C(=O)N[C@@H](Cc3ccc(cc3)O4)C(=O)N[C@H](C(=O)N3CCNCC3)c3ccccc3-c3cccc2c3)N1,Pseudomonas aeruginosa,μg/mL,CHEMBL2367629,1,32.0,32.0,32.0,1.505149978319906,B,high,1,1.0
CN1CCN(C)c2nc(CNC34CCC(C[C@]5(O)Cn6c(=O)ccc7ncc(F)c5c76)(CC3)OC4)ccc21,O=c1ccc2nccc3c2n1CC3CC12CCC(NCc3ccc4c(n3)NCCN4)(CC1)CO2,Acinetobacter baumannii,μg/mL,CHEMBL3425929,1,32.0,32.0,32.0,1.505149978319906,B,high,1,1.0
CN1CCN(c2c(F)c(F)c3c(=O)c(C(=O)O)cn(-c4ccc(F)cc4)c3c2F)CC1,O=c1ccn(-c2ccccc2)c2cc(N3CCNCC3)ccc12,Klebsiella pneumoniae,μg/mL,CHEMBL25715,1,2.0,2.0,2.0,0.3010299956639812,B,high,1,1.0
CN1CCN(c2c(F)c(F)c3c(=O)c(C(=O)O)cn(-c4ccc(F)cc4)c3c2F)CC1,O=c1ccn(-c2ccccc2)c2cc(N3CCNCC3)ccc12,Pseudomonas aeruginosa,μg/mL,CHEMBL25715,1,32.0,32.0,32.0,1.505149978319906,B,high,1,1.0
CN1CCN(c2c(F)c(F)c3c(=O)c(C(=O)O)cn(C4CC4)c3c2F)CC1,O=c1ccn(C2CC2)c2cc(N3CCNCC3)ccc12,Klebsiella pneumoniae,μg/mL,CHEMBL277404,1,0.06,0.06,0.06,-1.2218487496163564,B,high,1,1.0
CN1CCN(c2c(F)c(N)c3c(=O)c(C(=O)O)cn(C4CC4)c3c2F)CC1,O=c1ccn(C2CC2)c2cc(N3CCNCC3)ccc12,Escherichia coli,μg/mL,CHEMBL47028,4,0.0035,0.002,0.013,-2.4559319556497243,B,high,2,1.0
CN1CCN(c2c(F)c(N)c3c(=O)c(C(=O)O)cn(C4CC4)c3c2F)CC1,O=c1ccn(C2CC2)c2cc(N3CCNCC3)ccc12,Klebsiella pneumoniae,μg/mL,CHEMBL47028,2,0.0075,0.002,0.013,-2.1249387366083,B,high,2,1.0
CN1CCN(c2c(F)c(N)c3c(=O)c(C(=O)O)cn(C4CC4)c3c2F)CC1,O=c1ccn(C2CC2)c2cc(N3CCNCC3)ccc12,Pseudomonas aeruginosa,μg/mL,CHEMBL47028,2,0.175,0.1,0.25,-0.7569619513137056,B,high,2,1.0
CN1CCN(c2c(F)cc3c(=O)c(C(=O)O)c4scc5n4c3c2C(=O)C5)CC1.Cl,O=C1Cc2csc3cc(=O)c4ccc(N5CCNCC5)c1c4n23,Klebsiella pneumoniae,μg/mL,CHEMBL543373,1,25.0,25.0,25.0,1.3979400086720377,B,high,1,1.0
CN1CCN(c2c(F)cc3c(=O)c(C(=O)O)c4scc5n4c3c2N(C)C5)CC1,O=c1cc2scc3n2c2c(c(N4CCNCC4)ccc12)NC3,Klebsiella pneumoniae,μg/mL,CHEMBL88276,1,0.05,0.05,0.05,-1.3010299956639813,B,high,1,1.0
CN1CCN(c2c(F)cc3c(=O)c(C(=O)O)c4scc5n4c3c2N(C)C5)CC1,O=c1cc2scc3n2c2c(c(N4CCNCC4)ccc12)NC3,Pseudomonas aeruginosa,μg/mL,CHEMBL88276,2,0.585,0.39,0.78,-0.23284413391781958,B,high,1,1.0
CN1CCN(c2c(F)cc3c(=O)c(C(=O)O)c4scc5n4c3c2N(C2CC2)C5)CC1,O=c1cc2scc3n2c2c(c(N4CCNCC4)ccc12)N(C1CC1)C3,Klebsiella pneumoniae,μg/mL,CHEMBL315845,1,0.2,0.2,0.2,-0.6989700043360187,B,high,1,1.0
CN1CCN(c2c(F)cc3c(=O)c(C(=O)O)c4scc5n4c3c2N(Cc2ccccc2)C5)CC1.Cl,O=c1cc2scc3n2c2c(c(N4CCNCC4)ccc12)N(Cc1ccccc1)C3,Klebsiella pneumoniae,μg/mL,CHEMBL543137,1,50.0,50.0,50.0,1.6989700043360187,B,high,1,1.0
CN1CCN(c2c(F)cc3c(=O)c(C(=O)O)c4scc5n4c3c2N(Cc2ccccc2)C5)CC1.Cl,O=c1cc2scc3n2c2c(c(N4CCNCC4)ccc12)N(Cc1ccccc1)C3,Pseudomonas aeruginosa,μg/mL,CHEMBL543137,2,100.0,100.0,100.0,2.0,B,high,1,1.0
CN1CCN(c2c(F)cc3c(=O)c(C(=O)O)c4scc5n4c3c2N(c2ccccc2)C5)CC1.Cl,O=c1cc2scc3n2c2c(c(N4CCNCC4)ccc12)N(c1ccccc1)C3,Klebsiella pneumoniae,μg/mL,CHEMBL553299,1,3.13,3.13,3.13,0.49554433754644844,B,high,1,1.0
CN1CCN(c2c(F)cc3c(=O)c(C(=O)O)c4scc5n4c3c2OC5)CC1,O=c1cc2scc3n2c2c(c(N4CCNCC4)ccc12)OC3,Klebsiella pneumoniae,μg/mL,CHEMBL329885,1,0.1,0.1,0.1,-1.0,B,high,1,1.0
CN1CCN(c2c(F)cc3c(=O)c(C(=O)O)c4scc5n4c3c2OC5)CC1.Cl,O=c1cc2scc3n2c2c(c(N4CCNCC4)ccc12)OC3,Klebsiella pneumoniae,μg/mL,CHEMBL554645,1,0.1,0.1,0.1,-1.0,B,high,1,1.0
CN1CCN(c2c(F)cc3c(=O)c(C(=O)O)c4scc5n4c3c2SC5)CC1,O=c1cc2scc3n2c2c(c(N4CCNCC4)ccc12)SC3,Klebsiella pneumoniae,μg/mL,CHEMBL421540,1,0.2,0.2,0.2,-0.6989700043360187,B,high,1,1.0
CN1CCN(c2c(F)cc3c(=O)c(C(=O)O)cn(-c4ccc(F)cc4)c3c2F)CC1,O=c1ccn(-c2ccccc2)c2cc(N3CCNCC3)ccc12,Klebsiella pneumoniae,μg/mL,CHEMBL148726,1,0.39,0.39,0.39,-0.4089353929735008,B,high,1,1.0
CN1CCN(c2c(F)cc3c(=O)c(C(=O)O)cn(-c4ccc(F)cc4)c3c2F)CC1,O=c1ccn(-c2ccccc2)c2cc(N3CCNCC3)ccc12,Pseudomonas aeruginosa,μg/mL,CHEMBL148726,2,3.1,3.1,3.1,0.4913616938342727,B,high,1,1.0
CN1CCN(c2c(F)cc3c(=O)c(C(=O)O)cn(-c4ccc(F)cc4F)c3c2F)CC1,O=c1ccn(-c2ccccc2)c2cc(N3CCNCC3)ccc12,Klebsiella pneumoniae,μg/mL,CHEMBL342547,1,0.2,0.2,0.2,-0.6989700043360187,B,high,1,1.0
CN1CCN(c2c(F)cc3c(=O)c(C(=O)O)cn(-c4ccc(F)cc4F)c3c2F)CC1,O=c1ccn(-c2ccccc2)c2cc(N3CCNCC3)ccc12,Pseudomonas aeruginosa,μg/mL,CHEMBL342547,2,2.33,1.56,3.1,0.367355921026019,B,high,1,1.0
CN1CCN(c2c(F)cc3c(=O)c(C(=O)O)cn(C4CC4F)c3c2F)CC1,O=c1ccn(C2CC2)c2cc(N3CCNCC3)ccc12,Klebsiella pneumoniae,μg/mL,CHEMBL116446,1,0.2,0.2,0.2,-0.6989700043360187,B,high,1,1.0
CN1CCN(c2c(F)cc3c(=O)c(C(=O)O)cn(C4CC4F)c3c2F)CC1,O=c1ccn(C2CC2)c2cc(N3CCNCC3)ccc12,Pseudomonas aeruginosa,μg/mL,CHEMBL116446,2,0.44,0.1,0.78,-0.3565473235138126,B,high,1,1.0
CN1CCN(c2c(F)cc3c(=O)c(C(=O)O)cn(CCF)c3c2F)CC1,O=c1cc[nH]c2cc(N3CCNCC3)ccc12,Escherichia coli,μg/mL,CHEMBL6273,6,0.08125,0.03,0.5,-1.090176630349088,B,high,2,1.0
CN1CCN(c2c(F)cc3c(=O)c(C(=O)O)cn(CCF)c3c2F)CC1,O=c1cc[nH]c2cc(N3CCNCC3)ccc12,Klebsiella pneumoniae,μg/mL,CHEMBL6273,2,0.13125,0.0625,0.2,-0.8819006879220055,B,high,2,1.0
CN1CCN(c2c(F)cc3c(=O)c(C(=O)O)cn(CCF)c3c2F)CC1,O=c1cc[nH]c2cc(N3CCNCC3)ccc12,Pseudomonas aeruginosa,μg/mL,CHEMBL6273,3,1.6,1.0,2.0,0.2041199826559248,B,high,2,1.0
CN1CCN(c2c(F)cc3c(=O)c(C(=O)O)cn4c3c2SC(c2ccc(F)cc2)C4)CC1,O=c1ccn2c3c(c(N4CCNCC4)ccc13)SC(c1ccccc1)C2,Escherichia coli,μg/mL,CHEMBL326409,1,8.0,8.0,8.0,0.9030899869919435,B,high,1,1.0
CN1CCN(c2c(F)cc3c(=O)c(C(=O)O)cn4c3c2SCC4)CC1,O=c1ccn2c3c(c(N4CCNCC4)ccc13)SCC2,Escherichia coli,μg/mL,CHEMBL295619,1,0.25,0.25,0.25,-0.6020599913279624,B,high,1,1.0
CN1CCN(c2c(F)cc3c(=O)c(C(=O)O)cn4c3c2SCC4)CC1,O=c1ccn2c3c(c(N4CCNCC4)ccc13)SCC2,Klebsiella pneumoniae,μg/mL,CHEMBL295619,1,0.12,0.12,0.12,-0.9208187539523752,B,high,1,1.0
CN1CCN(c2c(F)cc3c(=O)c(C(=O)O)cn4c3c2SCC4)CC1,O=c1ccn2c3c(c(N4CCNCC4)ccc13)SCC2,Pseudomonas aeruginosa,μg/mL,CHEMBL295619,1,8.0,8.0,8.0,0.9030899869919435,B,high,1,1.0
CN1CCN(c2c(N)c(N)c3c(=O)c(C(=O)O)cn(C4CC4)c3c2F)CC1,O=c1ccn(C2CC2)c2cc(N3CCNCC3)ccc12,Escherichia coli,μg/mL,CHEMBL416462,2,0.03,0.03,0.03,-1.5228787452803376,B,high,1,1.0
CN1CCN(c2c(N)c(N)c3c(=O)c(C(=O)O)cn(C4CC4)c3c2F)CC1,O=c1ccn(C2CC2)c2cc(N3CCNCC3)ccc12,Klebsiella pneumoniae,μg/mL,CHEMBL416462,1,0.03,0.03,0.03,-1.5228787452803376,B,high,1,1.0
CN1CCN(c2c(N)c(N)c3c(=O)c(C(=O)O)cn(C4CC4)c3c2F)CC1,O=c1ccn(C2CC2)c2cc(N3CCNCC3)ccc12,Pseudomonas aeruginosa,μg/mL,CHEMBL416462,1,4.0,4.0,4.0,0.6020599913279624,B,high,1,1.0
CN1CCN(c2c(N)cc3c(=O)c(C(=O)O)cn(C4CC4)c3c2F)CC1,O=c1ccn(C2CC2)c2cc(N3CCNCC3)ccc12,Escherichia coli,μg/mL,CHEMBL47829,3,0.06,0.05,1.0,-1.2218487496163564,B,high,2,1.0
CN1CCN(c2c(N)cc3c(=O)c(C(=O)O)cn(C4CC4)c3c2F)CC1,O=c1ccn(C2CC2)c2cc(N3CCNCC3)ccc12,Klebsiella pneumoniae,μg/mL,CHEMBL47829,2,0.055,0.05,0.06,-1.2596373105057561,B,high,2,1.0
CN1CCN(c2c(N)cc3c(=O)c(C(=O)O)cn(C4CC4)c3c2F)CC1,O=c1ccn(C2CC2)c2cc(N3CCNCC3)ccc12,Pseudomonas aeruginosa,μg/mL,CHEMBL47829,2,2.0,2.0,2.0,0.3010299956639812,B,high,2,1.0
CN1CCN(c2cc3c(c(N)c2N)c(=O)c(C(=O)O)cn3C2CC2)CC1,O=c1ccn(C2CC2)c2cc(N3CCNCC3)ccc12,Escherichia coli,μg/mL,CHEMBL416630,2,16.0,16.0,16.0,1.2041199826559248,B,high,1,1.0
CN1CCN(c2cc3c(c(N)c2N)c(=O)c(C(=O)O)cn3C2CC2)CC1,O=c1ccn(C2CC2)c2cc(N3CCNCC3)ccc12,Klebsiella pneumoniae,μg/mL,CHEMBL416630,1,32.0,32.0,32.0,1.505149978319906,B,high,1,1.0
CN1CCN(c2cc3c(c(N)c2N)c(=O)c(C(=O)O)cn3C2CC2)CC1,O=c1ccn(C2CC2)c2cc(N3CCNCC3)ccc12,Pseudomonas aeruginosa,μg/mL,CHEMBL416630,1,128.0,128.0,128.0,2.1072099696478683,B,high,1,1.0
CN1CCN(c2cc3c(cc2Cl)c(=O)c(C(=O)O)c2n3CS2)CC1,O=c1cc2n(c3cc(N4CCNCC4)ccc13)CS2,Klebsiella pneumoniae,μg/mL,CHEMBL141938,1,0.2,0.2,0.2,-0.6989700043360187,B,high,1,1.0
CN1CCN(c2cc3c(cc2Cl)c(=O)c(C(=O)O)c2n3CS2)CC1,O=c1cc2n(c3cc(N4CCNCC4)ccc13)CS2,Pseudomonas aeruginosa,μg/mL,CHEMBL141938,1,1.56,1.56,1.56,0.1931245983544616,B,high,1,1.0
CN1CCN(c2cc3c(cc2F)c(=O)c(C(=O)O)c2n3C(c3ccc(F)cc3F)S2)CC1,O=c1cc2n(c3cc(N4CCNCC4)ccc13)C(c1ccccc1)S2,Klebsiella pneumoniae,μg/mL,CHEMBL142558,1,0.78,0.78,0.78,-0.10790539730951958,B,high,1,1.0
CN1CCN(c2cc3c(cc2F)c(=O)c(C(=O)O)c2n3C(c3ccc(F)cc3F)S2)CC1,O=c1cc2n(c3cc(N4CCNCC4)ccc13)C(c1ccccc1)S2,Pseudomonas aeruginosa,μg/mL,CHEMBL142558,1,3.13,3.13,3.13,0.49554433754644844,B,high,1,1.0
CN1CCN(c2cc3c(cc2F)c(=O)c(C(=O)O)c2n3C(c3ccccc3)S2)CC1,O=c1cc2n(c3cc(N4CCNCC4)ccc13)C(c1ccccc1)S2,Escherichia coli,μg/mL,CHEMBL143621,1,0.2,0.2,0.2,-0.6989700043360187,B,high,1,1.0
CN1CCN(c2cc3c(cc2F)c(=O)c(C(=O)O)c2n3C(c3ccccc3)S2)CC1,O=c1cc2n(c3cc(N4CCNCC4)ccc13)C(c1ccccc1)S2,Klebsiella pneumoniae,μg/mL,CHEMBL143621,1,0.2,0.2,0.2,-0.6989700043360187,B,high,1,1.0
CN1CCN(c2cc3c(cc2F)c(=O)c(C(=O)O)c2n3C(c3ccccc3)S2)CC1,O=c1cc2n(c3cc(N4CCNCC4)ccc13)C(c1ccccc1)S2,Pseudomonas aeruginosa,μg/mL,CHEMBL143621,1,1.56,1.56,1.56,0.1931245983544616,B,high,1,1.0
CN1CCN(c2cc3c(cc2F)c(=O)c(C(=O)O)c2n3CS2)CC1,O=c1cc2n(c3cc(N4CCNCC4)ccc13)CS2,Escherichia coli,μg/mL,CHEMBL145140,1,0.0125,0.0125,0.0125,-1.9030899869919435,B,high,1,1.0
CN1CCN(c2cc3c(cc2F)c(=O)c(C(=O)O)c2n3CS2)CC1,O=c1cc2n(c3cc(N4CCNCC4)ccc13)CS2,Klebsiella pneumoniae,μg/mL,CHEMBL145140,1,0.025,0.025,0.025,-1.6020599913279623,B,high,1,1.0
CN1CCN(c2cc3c(cc2F)c(=O)c(C(=O)O)c2n3CS2)CC1,O=c1cc2n(c3cc(N4CCNCC4)ccc13)CS2,Pseudomonas aeruginosa,μg/mL,CHEMBL145140,1,0.39,0.39,0.39,-0.4089353929735008,B,high,1,1.0
CN1CCN(c2cc3c(cc2F)c(=O)c(C(=O)O)c2sc4ccccc4n23)CC1,O=c1cc2sc3ccccc3n2c2cc(N3CCNCC3)ccc12,Escherichia coli,μg/mL,CHEMBL39708,1,0.78,0.78,0.78,-0.10790539730951958,B,high,1,1.0
CN1CCN(c2cc3c(cc2F)c(=O)c(C(=O)O)c2sc4ccccc4n23)CC1,O=c1cc2sc3ccccc3n2c2cc(N3CCNCC3)ccc12,Klebsiella pneumoniae,μg/mL,CHEMBL39708,1,0.39,0.39,0.39,-0.4089353929735008,B,high,1,1.0
CN1CCN(c2cc3c(cc2F)c(=O)c(C(=O)O)c2sc4ccccc4n23)CC1,O=c1cc2sc3ccccc3n2c2cc(N3CCNCC3)ccc12,Pseudomonas aeruginosa,μg/mL,CHEMBL39708,2,6.2,6.2,6.2,0.7923916894982539,B,high,1,1.0
CN1CCN(c2cc3c(cc2F)c(=O)c(C(=O)O)cn3-c2cc([N+](=O)[O-])cn2C)CC1,O=c1ccn(-c2ccc[nH]2)c2cc(N3CCNCC3)ccc12,Escherichia coli,μg/mL,CHEMBL115527,1,3.125,3.125,3.125,0.494850021680094,B,high,1,1.0
CN1CCN(c2cc3c(cc2F)c(=O)c(C(=O)O)cn3-c2ccc(F)cc2)CC1,O=c1ccn(-c2ccccc2)c2cc(N3CCNCC3)ccc12,Escherichia coli,μg/mL,CHEMBL6259,3,0.39,0.05,0.4,-0.4089353929735008,B,high,2,1.0
CN1CCN(c2cc3c(cc2F)c(=O)c(C(=O)O)cn3-c2ccc(F)cc2)CC1,O=c1ccn(-c2ccccc2)c2cc(N3CCNCC3)ccc12,Klebsiella pneumoniae,μg/mL,CHEMBL6259,2,0.25,0.1,0.4,-0.6020599913279624,B,high,2,1.0
CN1CCN(c2cc3c(cc2F)c(=O)c(C(=O)O)cn3-c2ccc(F)cc2)CC1,O=c1ccn(-c2ccccc2)c2cc(N3CCNCC3)ccc12,Pseudomonas aeruginosa,μg/mL,CHEMBL6259,3,0.8,0.78,1.56,-0.09691001300805639,B,high,2,1.0
CN1CCN(c2cc3c(cc2F)c(=O)c(C(=O)O)cn3-c2ccc(F)cc2F)CC1,O=c1ccn(-c2ccccc2)c2cc(N3CCNCC3)ccc12,Escherichia coli,μg/mL,CHEMBL15112,1,0.2,0.2,0.2,-0.6989700043360187,B,high,1,1.0
CN1CCN(c2cc3c(cc2F)c(=O)c(C(=O)O)cn3-c2ccc(F)cc2F)CC1,O=c1ccn(-c2ccccc2)c2cc(N3CCNCC3)ccc12,Pseudomonas aeruginosa,μg/mL,CHEMBL15112,1,0.8,0.8,0.8,-0.09691001300805639,B,high,1,1.0
CN1CCN(c2cc3c(cc2F)c(=O)c(C(=O)O)cn3-c2ccc([N+](=O)[O-])cc2)CC1,O=c1ccn(-c2ccccc2)c2cc(N3CCNCC3)ccc12,Escherichia coli,μg/mL,CHEMBL117073,1,12.5,12.5,12.5,1.0969100130080565,B,high,1,1.0
CN1CCN(c2cc3c(cc2F)c(=O)c(C(=O)O)cn3-c2ccccc2)CC1,O=c1ccn(-c2ccccc2)c2cc(N3CCNCC3)ccc12,Escherichia coli,μg/mL,CHEMBL28781,1,0.78,0.78,0.78,-0.10790539730951958,B,high,1,1.0
CN1CCN(c2cc3c(cc2F)c(=O)c(C(=O)O)cn3-c2ccccc2)CC1,O=c1ccn(-c2ccccc2)c2cc(N3CCNCC3)ccc12,Klebsiella pneumoniae,μg/mL,CHEMBL28781,1,0.2,0.2,0.2,-0.6989700043360187,B,high,1,1.0
CN1CCN(c2cc3c(cc2F)c(=O)c(C(=O)O)cn3-c2ccccc2)CC1,O=c1ccn(-c2ccccc2)c2cc(N3CCNCC3)ccc12,Pseudomonas aeruginosa,μg/mL,CHEMBL28781,2,4.65,3.1,6.2,0.667452952889954,B,high,1,1.0
CN1CCN(c2cc3c(cc2F)c(=O)c(C(=O)O)cn3-c2cn(C)cc2[N+](=O)[O-])CC1,O=c1ccn(-c2cc[nH]c2)c2cc(N3CCNCC3)ccc12,Escherichia coli,μg/mL,CHEMBL118019,1,100.0,100.0,100.0,2.0,B,high,1,1.0
CN1CCN(c2cc3c(cc2F)c(=O)c(C(=O)O)cn3C2CC2)CC1,O=c1ccn(C2CC2)c2cc(N3CCNCC3)ccc12,Escherichia coli,μg/mL,CHEMBL429961,1,0.05,0.05,0.05,-1.3010299956639813,B,high,1,1.0
CN1CCN(c2cc3c(cc2F)c(=O)c(C(=O)O)cn3C2CC2)CC1,O=c1ccn(C2CC2)c2cc(N3CCNCC3)ccc12,Pseudomonas aeruginosa,μg/mL,CHEMBL429961,1,0.4,0.4,0.4,-0.3979400086720376,B,high,1,1.0
CN1CCN(c2cc3c(cc2F)c(=O)c(C(=O)O)cn3C2CC2F)CC1,O=c1ccn(C2CC2)c2cc(N3CCNCC3)ccc12,Klebsiella pneumoniae,μg/mL,CHEMBL116788,1,0.2,0.2,0.2,-0.6989700043360187,B,high,1,1.0
CN1CCN(c2cc3c(cc2F)c(=O)c(C(=O)O)cn3C2CC2F)CC1,O=c1ccn(C2CC2)c2cc(N3CCNCC3)ccc12,Pseudomonas aeruginosa,μg/mL,CHEMBL116788,2,0.29500000000000004,0.2,0.39,-0.5301779840218369,B,high,1,1.0
CN1CCN(c2cc3c(cc2F)c(=O)c(C(=O)O)cn3[C@@H]2C[C@@H]2F)CC1,O=c1ccn(C2CC2)c2cc(N3CCNCC3)ccc12,Klebsiella pneumoniae,μg/mL,CHEMBL116418,1,0.1,0.1,0.1,-1.0,B,high,1,1.0
CN1CCN(c2cc3c(cc2F)c(=O)c(C(=O)O)cn3[C@@H]2C[C@@H]2F)CC1,O=c1ccn(C2CC2)c2cc(N3CCNCC3)ccc12,Pseudomonas aeruginosa,μg/mL,CHEMBL116418,2,0.15000000000000002,0.1,0.2,-0.8239087409443187,B,high,1,1.0
CN1CCN(c2cc3c(cc2N)c(=O)c(C(=O)O)cn3-c2ccc(F)cc2)CC1,O=c1ccn(-c2ccccc2)c2cc(N3CCNCC3)ccc12,Escherichia coli,μg/mL,CHEMBL45890,4,0.1225,0.12,0.125,-0.9118639112994488,B,high,2,1.0
CN1CCN(c2cc3c(cc2N)c(=O)c(C(=O)O)cn3-c2ccc(F)cc2)CC1,O=c1ccn(-c2ccccc2)c2cc(N3CCNCC3)ccc12,Klebsiella pneumoniae,μg/mL,CHEMBL45890,2,0.1225,0.12,0.125,-0.9118639112994488,B,high,2,1.0
CN1CCN(c2cc3c(cc2N)c(=O)c(C(=O)O)cn3-c2ccc(F)cc2)CC1,O=c1ccn(-c2ccccc2)c2cc(N3CCNCC3)ccc12,Pseudomonas aeruginosa,μg/mL,CHEMBL45890,2,8.0,8.0,8.0,0.9030899869919435,B,high,2,1.0
CN1CCN(c2cc3c(cc2N)c(=O)c(C(=O)O)cn3C(C)(C)C)CC1,O=c1cc[nH]c2cc(N3CCNCC3)ccc12,Escherichia coli,μg/mL,CHEMBL46266,2,0.06,0.06,0.06,-1.2218487496163564,B,high,1,1.0
CN1CCN(c2cc3c(cc2N)c(=O)c(C(=O)O)cn3C(C)(C)C)CC1,O=c1cc[nH]c2cc(N3CCNCC3)ccc12,Klebsiella pneumoniae,μg/mL,CHEMBL46266,1,0.06,0.06,0.06,-1.2218487496163564,B,high,1,1.0
CN1CCN(c2cc3c(cc2N)c(=O)c(C(=O)O)cn3C(C)(C)C)CC1,O=c1cc[nH]c2cc(N3CCNCC3)ccc12,Pseudomonas aeruginosa,μg/mL,CHEMBL46266,1,4.0,4.0,4.0,0.6020599913279624,B,high,1,1.0
CN1CCN(c2cc3c(cc2N)c(=O)c(C(=O)O)cn3C2CC2)CC1,O=c1ccn(C2CC2)c2cc(N3CCNCC3)ccc12,Escherichia coli,μg/mL,CHEMBL262916,4,0.14,0.03,0.25,-0.8538719643217619,B,high,2,1.0
CN1CCN(c2cc3c(cc2N)c(=O)c(C(=O)O)cn3C2CC2)CC1,O=c1ccn(C2CC2)c2cc(N3CCNCC3)ccc12,Klebsiella pneumoniae,μg/mL,CHEMBL262916,2,0.03,0.03,0.03,-1.5228787452803376,B,high,2,1.0
CN1CCN(c2cc3c(cc2N)c(=O)c(C(=O)O)cn3C2CC2)CC1,O=c1ccn(C2CC2)c2cc(N3CCNCC3)ccc12,Pseudomonas aeruginosa,μg/mL,CHEMBL262916,2,4.0,4.0,4.0,0.6020599913279624,B,high,2,1.0
CN1CCN(c2nc3c(c(N)c2N)c(=O)c(C(=O)O)cn3C2CC2)CC1,O=c1ccn(C2CC2)c2nc(N3CCNCC3)ccc12,Escherichia coli,μg/mL,CHEMBL47887,2,0.13,0.01,0.25,-0.8860566476931632,B,high,1,1.0
CN1CCN(c2nc3c(c(N)c2N)c(=O)c(C(=O)O)cn3C2CC2)CC1,O=c1ccn(C2CC2)c2nc(N3CCNCC3)ccc12,Klebsiella pneumoniae,μg/mL,CHEMBL47887,1,0.01,0.01,0.01,-2.0,B,high,1,1.0
CN1CCN(c2nc3c(c(N)c2N)c(=O)c(C(=O)O)cn3C2CC2)CC1,O=c1ccn(C2CC2)c2nc(N3CCNCC3)ccc12,Pseudomonas aeruginosa,μg/mL,CHEMBL47887,1,8.0,8.0,8.0,0.9030899869919435,B,high,1,1.0
CN1CCN(c2nc3c(cc2F)c(=O)c(C(=O)O)cn3C2CC2F)CC1,O=c1ccn(C2CC2)c2nc(N3CCNCC3)ccc12,Klebsiella pneumoniae,μg/mL,CHEMBL116912,2,0.2,0.2,0.2,-0.6989700043360187,B,high,1,1.0
CN1CCN(c2nc3c(cc2F)c(=O)c(C(=O)O)cn3C2CC2F)CC1,O=c1ccn(C2CC2)c2nc(N3CCNCC3)ccc12,Pseudomonas aeruginosa,μg/mL,CHEMBL116912,2,0.49,0.2,0.78,-0.3098039199714863,B,high,1,1.0
CN1CCN(c2nc3c(cc2N)c(=O)c(C(=O)O)cn3C2CC2)CC1,O=c1ccn(C2CC2)c2nc(N3CCNCC3)ccc12,Escherichia coli,μg/mL,CHEMBL47886,4,0.09,0.03,0.125,-1.0457574905606752,B,high,2,1.0
CN1CCN(c2nc3c(cc2N)c(=O)c(C(=O)O)cn3C2CC2)CC1,O=c1ccn(C2CC2)c2nc(N3CCNCC3)ccc12,Klebsiella pneumoniae,μg/mL,CHEMBL47886,2,0.03,0.03,0.03,-1.5228787452803376,B,high,2,1.0
CN1CCN(c2nc3c(cc2N)c(=O)c(C(=O)O)cn3C2CC2)CC1,O=c1ccn(C2CC2)c2nc(N3CCNCC3)ccc12,Pseudomonas aeruginosa,μg/mL,CHEMBL47886,2,2.0,2.0,2.0,0.3010299956639812,B,high,2,1.0
CN1CCOc2ccc(CNC34CCC(C[C@]5(O)Cn6c(=O)ccc7ncc(F)c5c76)(CC3)OC4)nc21,O=c1ccc2nccc3c2n1CC3CC12CCC(NCc3ccc4c(n3)NCCO4)(CC1)CO2,Acinetobacter baumannii,μg/mL,CHEMBL3425927,1,32.0,32.0,32.0,1.505149978319906,B,high,1,1.0
CN1CCOc2nc(CNC34CCC(C[C@]5(O)Cn6c(=O)ccc7ncc(F)c5c76)(CC3)OC4)ccc21,O=c1ccc2nccc3c2n1CC3CC12CCC(NCc3ccc4c(n3)OCCN4)(CC1)CO2,Acinetobacter baumannii,μg/mL,CHEMBL3425928,1,16.0,16.0,16.0,1.2041199826559248,B,high,1,1.0
CN1CCc2c([n+]([O-])c3ccccc3[n+]2[O-])C1=O,O=C1NCCc2[nH+]c3ccccc3[nH+]c21,Escherichia coli,μg/mL,CHEMBL172740,1,0.78,0.78,0.78,-0.10790539730951958,B,high,1,1.0
CN1Cc2csc3c(C(=O)O)c(=O)c4cc(F)c(N5CCOC(CCl)C5)c1c4n23,O=c1cc2scc3n2c2c(c(N4CCOCC4)ccc12)NC3,Escherichia coli,μg/mL,CHEMBL94545,2,0.2,0.2,0.2,-0.6989700043360187,B,high,1,1.0
CN1Cc2csc3c(C(=O)O)c(=O)c4cc(F)c(N5CCOC(CCl)C5)c1c4n23,O=c1cc2scc3n2c2c(c(N4CCOCC4)ccc12)NC3,Klebsiella pneumoniae,μg/mL,CHEMBL94545,1,0.39,0.39,0.39,-0.4089353929735008,B,high,1,1.0
CN1Cc2csc3c(C(=O)O)c(=O)c4cc(F)c(N5CCOC(CCl)C5)c1c4n23,O=c1cc2scc3n2c2c(c(N4CCOCC4)ccc12)NC3,Pseudomonas aeruginosa,μg/mL,CHEMBL94545,2,1.56,1.56,1.56,0.1931245983544616,B,high,1,1.0
CN1Cc2csc3c(C(=O)O)c(=O)c4cc(F)c(N5CCOC(CF)C5)c1c4n23,O=c1cc2scc3n2c2c(c(N4CCOCC4)ccc12)NC3,Escherichia coli,μg/mL,CHEMBL96258,2,0.1,0.1,0.1,-1.0,B,high,1,1.0
CN1Cc2csc3c(C(=O)O)c(=O)c4cc(F)c(N5CCOC(CF)C5)c1c4n23,O=c1cc2scc3n2c2c(c(N4CCOCC4)ccc12)NC3,Klebsiella pneumoniae,μg/mL,CHEMBL96258,1,0.2,0.2,0.2,-0.6989700043360187,B,high,1,1.0
CN1Cc2csc3c(C(=O)O)c(=O)c4cc(F)c(N5CCOC(CF)C5)c1c4n23,O=c1cc2scc3n2c2c(c(N4CCOCC4)ccc12)NC3,Pseudomonas aeruginosa,μg/mL,CHEMBL96258,2,0.78,0.78,0.78,-0.10790539730951958,B,high,1,1.0
CN1Cc2csc3c(C(=O)O)c(=O)c4cc(F)c(N5CCOC(CO)C5)c1c4n23,O=c1cc2scc3n2c2c(c(N4CCOCC4)ccc12)NC3,Escherichia coli,μg/mL,CHEMBL319323,2,0.1,0.1,0.1,-1.0,B,high,1,1.0
CN1Cc2csc3c(C(=O)O)c(=O)c4cc(F)c(N5CCOC(CO)C5)c1c4n23,O=c1cc2scc3n2c2c(c(N4CCOCC4)ccc12)NC3,Klebsiella pneumoniae,μg/mL,CHEMBL319323,1,0.39,0.39,0.39,-0.4089353929735008,B,high,1,1.0
CN1Cc2csc3c(C(=O)O)c(=O)c4cc(F)c(N5CCOC(CO)C5)c1c4n23,O=c1cc2scc3n2c2c(c(N4CCOCC4)ccc12)NC3,Pseudomonas aeruginosa,μg/mL,CHEMBL319323,2,1.56,1.56,1.56,0.1931245983544616,B,high,1,1.0
CN1Cc2csc3c(C(=O)O)c(=O)c4cc(F)c(N5CCOCC5)c1c4n23,O=c1cc2scc3n2c2c(c(N4CCOCC4)ccc12)NC3,Escherichia coli,μg/mL,CHEMBL96874,2,0.1,0.1,0.1,-1.0,B,high,1,1.0
CN1Cc2csc3c(C(=O)O)c(=O)c4cc(F)c(N5CCOCC5)c1c4n23,O=c1cc2scc3n2c2c(c(N4CCOCC4)ccc12)NC3,Klebsiella pneumoniae,μg/mL,CHEMBL96874,1,0.05,0.05,0.05,-1.3010299956639813,B,high,1,1.0
CN1Cc2csc3c(C(=O)O)c(=O)c4cc(F)c(N5CCOCC5)c1c4n23,O=c1cc2scc3n2c2c(c(N4CCOCC4)ccc12)NC3,Pseudomonas aeruginosa,μg/mL,CHEMBL96874,2,0.39,0.39,0.39,-0.4089353929735008,B,high,1,1.0
CNC(=O)OCn1oc(=O)c2ccccc21,O=c1o[nH]c2ccccc12,Escherichia coli,μg/mL,CHEMBL19807,1,31.2,31.2,31.2,1.4941545940184429,B,high,1,1.0
CNC(=O)OCn1oc(=O)c2ccccc21,O=c1o[nH]c2ccccc12,Klebsiella pneumoniae,μg/mL,CHEMBL19807,1,62.5,62.5,62.5,1.7958800173440752,B,high,1,1.0
CNC(=O)OCn1oc(=O)c2ccccc21,O=c1o[nH]c2ccccc12,Pseudomonas aeruginosa,μg/mL,CHEMBL19807,1,15.6,15.6,15.6,1.1931245983544616,B,high,1,1.0
CNC(=O)c1cccc(C(=O)c2cc(Cl)cc(C(=O)c3ccccc3O)c2O)c1O,O=C(c1ccccc1)c1cccc(C(=O)c2ccccc2)c1,Pseudomonas aeruginosa,μg/mL,CHEMBL117284,2,7.175000000000001,6.03,8.32,0.85582190540603,B,high,1,1.0
CNC(=O)c1cccc(Cc2cc(Cl)cc(Cc3ccccc3O)c2O)c1O,c1ccc(Cc2cccc(Cc3ccccc3)c2)cc1,Pseudomonas aeruginosa,μg/mL,CHEMBL117285,2,3.99,3.28,4.7,0.6009728956867483,B,high,1,1.0
CNC(=O)c1ccsc1NC(=O)c1ccc([N+](=O)[O-])o1,O=C(Nc1cccs1)c1ccco1,Acinetobacter baumannii,μg/mL,CHEMBL1632107,1,12.0,12.0,12.0,1.0791812460476249,B,high,1,1.0
CNC(C)C1CCC(N)C(OC2C(N)CC(N)C(OC3OCC(C)(O)C(NC)C3O)C2O)O1,C1CCC(OC2CCCC(OC3CCCCO3)C2)OC1,Acinetobacter baumannii,μg/mL,CTRL-GENTAMICIN,2,9.0,2.0,16.0,0.9542425094393249,A,high,1,1.0
CNC(C)C1CCN(c2cc3c(c(N)c2F)c(=O)c(C(=O)O)cn3C2CC2)C1,O=c1ccn(C2CC2)c2cc(N3CCCC3)ccc12,Escherichia coli,μg/mL,CHEMBL15197,1,0.1,0.1,0.1,-1.0,B,high,1,1.0
CNC1CCN(c2nc3c(cc2F)c(=O)c(C(=O)O)cn3CCF)C1,O=c1cc[nH]c2nc(N3CCCC3)ccc12,Pseudomonas aeruginosa,μg/mL,CHEMBL289995,1,0.78,0.78,0.78,-0.10790539730951958,B,high,1,1.0
CNCC(=O)NCC1CC(SC2=C(C(=O)[O-])N3C(=O)[C@H]([C@@H](C)O)[C@H]3[C@H]2C)CO1.[Na+],O=C1C[C@H]2CC(SC3CCOC3)=CN12,Pseudomonas aeruginosa,μg/mL,CHEMBL265307,2,32.0,32.0,32.0,1.505149978319906,B,high,1,1.0
CNCC(=O)N[C@@H](C)C(=O)N[C@@H](C)C(=O)N[C@H](C)P(=O)(O)O,CNCC(=O)N[C@@H](C)C(=O)N[C@@H](C)C(=O)N[C@H](C)P(=O)(O)O,Escherichia coli,μg/mL,CHEMBL421286,1,0.016,0.016,0.016,-1.7958800173440752,B,high,1,1.0
CNCC1CCN(c2c(F)c(N)c3c(=O)c(C(=O)O)cn(C4CC4)c3c2F)C1,O=c1ccn(C2CC2)c2cc(N3CCCC3)ccc12,Escherichia coli,μg/mL,CHEMBL275174,3,0.025,0.003,0.025,-1.6020599913279623,B,high,2,1.0
CNCC1CCN(c2c(F)c(N)c3c(=O)c(C(=O)O)cn(C4CC4)c3c2F)C1,O=c1ccn(C2CC2)c2cc(N3CCCC3)ccc12,Klebsiella pneumoniae,μg/mL,CHEMBL275174,1,0.05,0.05,0.05,-1.3010299956639813,B,high,1,1.0
CNCC1CCN(c2c(F)c(N)c3c(=O)c(C(=O)O)cn(C4CC4)c3c2F)C1,O=c1ccn(C2CC2)c2cc(N3CCCC3)ccc12,Pseudomonas aeruginosa,μg/mL,CHEMBL275174,1,0.4,0.4,0.4,-0.3979400086720376,B,high,1,1.0
CNCC1CCN(c2c(F)cc3c(=O)c(C(=O)O)cn(C4CC4)c3c2F)C1,O=c1ccn(C2CC2)c2cc(N3CCCC3)ccc12,Klebsiella pneumoniae,μg/mL,CHEMBL174933,1,0.05,0.05,0.05,-1.3010299956639813,B,high,1,1.0
CNCC1CCN(c2c(F)cc3c(=O)c(C(=O)O)cn(C4CC4)c3c2F)C1,O=c1ccn(C2CC2)c2cc(N3CCCC3)ccc12,Pseudomonas aeruginosa,μg/mL,CHEMBL174933,1,0.2,0.2,0.2,-0.6989700043360187,B,high,1,1.0
CNCC1CCN(c2c(F)cc3c(=O)c(C(=O)O)cn(C4CC4)c3c2N)C1.Cl,O=c1ccn(C2CC2)c2cc(N3CCCC3)ccc12,Klebsiella pneumoniae,μg/mL,CHEMBL541376,1,3.1,3.1,3.1,0.4913616938342727,B,high,1,1.0
CNCC1CCN(c2c(F)cc3c(=O)c(C(=O)O)cn(C4CC4)c3c2N)C1.Cl,O=c1ccn(C2CC2)c2cc(N3CCCC3)ccc12,Pseudomonas aeruginosa,μg/mL,CHEMBL541376,1,6.3,6.3,6.3,0.7993405494535817,B,high,1,1.0
CNCC1CCN(c2c(F)cc3c(=O)c(C(=O)O)cn4c3c2OCC4C)C1,O=c1ccn2c3c(c(N4CCCC4)ccc13)OCC2,Klebsiella pneumoniae,μg/mL,CHEMBL178480,1,0.4,0.4,0.4,-0.3979400086720376,B,high,1,1.0
CNCC1CCN(c2c(F)cc3c(=O)c(C(=O)O)cn4c3c2OCC4C)C1,O=c1ccn2c3c(c(N4CCCC4)ccc13)OCC2,Pseudomonas aeruginosa,μg/mL,CHEMBL178480,1,1.6,1.6,1.6,0.2041199826559248,B,high,1,1.0
CNCC1CCN(c2cc3c(cc2F)c(=O)c(C(=O)O)cn3-c2ccc(F)cc2F)C1,O=c1ccn(-c2ccccc2)c2cc(N3CCCC3)ccc12,Escherichia coli,μg/mL,CHEMBL14851,1,0.2,0.2,0.2,-0.6989700043360187,B,high,1,1.0
CNCC1CCN(c2cc3c(cc2F)c(=O)c(C(=O)O)cn3-c2ccc(F)cc2F)C1,O=c1ccn(-c2ccccc2)c2cc(N3CCCC3)ccc12,Pseudomonas aeruginosa,μg/mL,CHEMBL14851,1,0.8,0.8,0.8,-0.09691001300805639,B,high,1,1.0
CNCC1CCN(c2cc3c(cc2F)c(=O)c(C(=O)O)cn3C(C)(C)C)C1,O=c1cc[nH]c2cc(N3CCCC3)ccc12,Escherichia coli,μg/mL,CHEMBL14960,1,0.4,0.4,0.4,-0.3979400086720376,B,high,1,1.0
CNCC1CCN(c2cc3c(cc2F)c(=O)c(C(=O)O)cn3C(C)(C)C)C1,O=c1cc[nH]c2cc(N3CCCC3)ccc12,Pseudomonas aeruginosa,μg/mL,CHEMBL14960,1,1.6,1.6,1.6,0.2041199826559248,B,high,1,1.0
CNCC1CCN(c2cc3c(cc2F)c(=O)c(C(=O)O)cn3C(C)C)C1,O=c1cc[nH]c2cc(N3CCCC3)ccc12,Escherichia coli,μg/mL,CHEMBL15504,1,3.1,3.1,3.1,0.4913616938342727,B,high,1,1.0
CNCC1CCN(c2cc3c(cc2F)c(=O)c(C(=O)O)cn3C2CC2)C1,O=c1ccn(C2CC2)c2cc(N3CCCC3)ccc12,Escherichia coli,μg/mL,CHEMBL279853,1,0.2,0.2,0.2,-0.6989700043360187,B,high,1,1.0
CNCC1CCN(c2cc3c(cc2F)c(=O)c(C(=O)O)cn3C2CC2)C1,O=c1ccn(C2CC2)c2cc(N3CCCC3)ccc12,Klebsiella pneumoniae,μg/mL,CHEMBL279853,1,0.2,0.2,0.2,-0.6989700043360187,B,high,1,1.0
CNCC1CCN(c2cc3c(cc2F)c(=O)c(C(=O)O)cn3C2CC2)C1,O=c1ccn(C2CC2)c2cc(N3CCCC3)ccc12,Pseudomonas aeruginosa,μg/mL,CHEMBL279853,2,0.8,0.8,0.8,-0.09691001300805639,B,high,2,1.0
CNCC1CCN(c2cc3c(cc2F)c(=O)c(C(=O)O)cn3C2CCC2)C1,O=c1ccn(C2CCC2)c2cc(N3CCCC3)ccc12,Escherichia coli,μg/mL,CHEMBL15389,1,0.8,0.8,0.8,-0.09691001300805639,B,high,1,1.0
CNCC1CCN(c2cc3c(cc2F)c(=O)c(C(=O)O)cn3C2CCC2)C1,O=c1ccn(C2CCC2)c2cc(N3CCCC3)ccc12,Pseudomonas aeruginosa,μg/mL,CHEMBL15389,1,3.1,3.1,3.1,0.4913616938342727,B,high,1,1.0
CNCC1CCN(c2nc3c(cc2F)c(=O)c(C(=O)O)cn3C2CC2)C1,O=c1ccn(C2CC2)c2nc(N3CCCC3)ccc12,Escherichia coli,μg/mL,CHEMBL275358,1,0.1,0.1,0.1,-1.0,B,high,1,1.0
CNCC1CCN(c2nc3c(cc2F)c(=O)c(C(=O)O)cn3C2CC2)C1,O=c1ccn(C2CC2)c2nc(N3CCCC3)ccc12,Klebsiella pneumoniae,μg/mL,CHEMBL275358,1,0.2,0.2,0.2,-0.6989700043360187,B,high,1,1.0
CNCC1CCN(c2nc3c(cc2F)c(=O)c(C(=O)O)cn3C2CC2)C1,O=c1ccn(C2CC2)c2nc(N3CCCC3)ccc12,Pseudomonas aeruginosa,μg/mL,CHEMBL275358,1,0.8,0.8,0.8,-0.09691001300805639,B,high,1,1.0
CNCC1CN(c2c(F)cc3c(=O)c(C(=O)O)c4scc5n4c3c2N(C)C5)CCO1,O=c1cc2scc3n2c2c(c(N4CCOCC4)ccc12)NC3,Escherichia coli,μg/mL,CHEMBL330153,2,0.2,0.2,0.2,-0.6989700043360187,B,high,1,1.0
CNCC1CN(c2c(F)cc3c(=O)c(C(=O)O)c4scc5n4c3c2N(C)C5)CCO1,O=c1cc2scc3n2c2c(c(N4CCOCC4)ccc12)NC3,Klebsiella pneumoniae,μg/mL,CHEMBL330153,1,1.56,1.56,1.56,0.1931245983544616,B,high,1,1.0
CNCC1CN(c2c(F)cc3c(=O)c(C(=O)O)c4scc5n4c3c2N(C)C5)CCO1,O=c1cc2scc3n2c2c(c(N4CCOCC4)ccc12)NC3,Pseudomonas aeruginosa,μg/mL,CHEMBL330153,2,3.13,3.13,3.13,0.49554433754644844,B,high,1,1.0
CNCCCN(C)C(=O)[C@H]1NC(=O)[C@H]2NC(=O)[C@H](NC(=O)[C@@H]3NC(=O)[C@H]4NC(=O)[C@@H](Cc5ccc(c(Cl)c5)Oc5cc3cc(c5O)Oc3ccc(cc3Cl)[C@H]2O)NC(=O)[C@H](N)c2ccc(O)c(c2)Oc2cc(O)cc4c2)c2ccc(O)c(c2)-c2c(O)cc(O)cc21,O=C1Cc2cccc(c2)Oc2cccc(c2)[C@@H]2NC(=O)[C@@H](Cc3ccc(cc3)Oc3cc4cc(c3)[C@@H](NC2=O)C(=O)N[C@H]2C(=O)N[C@@H](Cc3ccc(cc3)O4)C(=O)NCc3ccccc3-c3cccc2c3)N1,Escherichia coli,μg/mL,CHEMBL2367599,1,2.0,2.0,2.0,0.3010299956639812,B,high,1,1.0
CNCCCN(C)C(=O)[C@H]1NC(=O)[C@H]2NC(=O)[C@H](NC(=O)[C@@H]3NC(=O)[C@H]4NC(=O)[C@@H](Cc5ccc(c(Cl)c5)Oc5cc3cc(c5O)Oc3ccc(cc3Cl)[C@H]2O)NC(=O)[C@H](N)c2ccc(O)c(c2)Oc2cc(O)cc4c2)c2ccc(O)c(c2)-c2c(O)cc(O)cc21,O=C1Cc2cccc(c2)Oc2cccc(c2)[C@@H]2NC(=O)[C@@H](Cc3ccc(cc3)Oc3cc4cc(c3)[C@@H](NC2=O)C(=O)N[C@H]2C(=O)N[C@@H](Cc3ccc(cc3)O4)C(=O)NCc3ccccc3-c3cccc2c3)N1,Pseudomonas aeruginosa,μg/mL,CHEMBL2367599,1,16.0,16.0,16.0,1.2041199826559248,B,high,1,1.0
CNCCCNC(=O)[C@H]1NC(=O)[C@H]2NC(=O)[C@H](NC(=O)[C@@H]3NC(=O)[C@H]4NC(=O)[C@@H](Cc5ccc(c(Cl)c5)Oc5cc3cc(c5O)Oc3ccc(cc3Cl)[C@H]2O)NC(=O)[C@H](N)c2ccc(O)c(c2)Oc2cc(O)cc4c2)c2ccc(O)c(c2)-c2c(O)cc(O)cc21,O=C1Cc2cccc(c2)Oc2cccc(c2)[C@@H]2NC(=O)[C@@H](Cc3ccc(cc3)Oc3cc4cc(c3)[C@@H](NC2=O)C(=O)N[C@H]2C(=O)N[C@@H](Cc3ccc(cc3)O4)C(=O)NCc3ccccc3-c3cccc2c3)N1,Escherichia coli,μg/mL,CHEMBL2367616,1,4.0,4.0,4.0,0.6020599913279624,B,high,1,1.0
CNCCCNC(=O)[C@H]1NC(=O)[C@H]2NC(=O)[C@H](NC(=O)[C@@H]3NC(=O)[C@H]4NC(=O)[C@@H](Cc5ccc(c(Cl)c5)Oc5cc3cc(c5O)Oc3ccc(cc3Cl)[C@H]2O)NC(=O)[C@H](N)c2ccc(O)c(c2)Oc2cc(O)cc4c2)c2ccc(O)c(c2)-c2c(O)cc(O)cc21,O=C1Cc2cccc(c2)Oc2cccc(c2)[C@@H]2NC(=O)[C@@H](Cc3ccc(cc3)Oc3cc4cc(c3)[C@@H](NC2=O)C(=O)N[C@H]2C(=O)N[C@@H](Cc3ccc(cc3)O4)C(=O)NCc3ccccc3-c3cccc2c3)N1,Pseudomonas aeruginosa,μg/mL,CHEMBL2367616,1,16.0,16.0,16.0,1.2041199826559248,B,high,1,1.0
CNCCN(C)C(=O)[C@H]1NC(=O)[C@H]2NC(=O)[C@H](NC(=O)[C@@H]3NC(=O)[C@H]4NC(=O)[C@@H](Cc5ccc(c(Cl)c5)Oc5cc3cc(c5O)Oc3ccc(cc3Cl)[C@H]2O)NC(=O)[C@H](N)c2ccc(O)c(c2)Oc2cc(O)cc4c2)c2ccc(O)c(c2)-c2c(O)cc(O)cc21,O=C1Cc2cccc(c2)Oc2cccc(c2)[C@@H]2NC(=O)[C@@H](Cc3ccc(cc3)Oc3cc4cc(c3)[C@@H](NC2=O)C(=O)N[C@H]2C(=O)N[C@@H](Cc3ccc(cc3)O4)C(=O)NCc3ccccc3-c3cccc2c3)N1,Escherichia coli,μg/mL,CHEMBL2367600,1,16.0,16.0,16.0,1.2041199826559248,B,high,1,1.0
CNCCN(C)C(=O)[C@H]1NC(=O)[C@H]2NC(=O)[C@H](NC(=O)[C@@H]3NC(=O)[C@H]4NC(=O)[C@@H](Cc5ccc(c(Cl)c5)Oc5cc3cc(c5O)Oc3ccc(cc3Cl)[C@H]2O)NC(=O)[C@H](N)c2ccc(O)c(c2)Oc2cc(O)cc4c2)c2ccc(O)c(c2)-c2c(O)cc(O)cc21,O=C1Cc2cccc(c2)Oc2cccc(c2)[C@@H]2NC(=O)[C@@H](Cc3ccc(cc3)Oc3cc4cc(c3)[C@@H](NC2=O)C(=O)N[C@H]2C(=O)N[C@@H](Cc3ccc(cc3)O4)C(=O)NCc3ccccc3-c3cccc2c3)N1,Pseudomonas aeruginosa,μg/mL,CHEMBL2367600,1,64.0,64.0,64.0,1.806179973983887,B,high,1,1.0
CNCCNC(=O)[C@H]1NC(=O)[C@H]2NC(=O)[C@H](NC(=O)[C@@H]3NC(=O)[C@H]4NC(=O)[C@@H](Cc5ccc(c(Cl)c5)Oc5cc3cc(c5O)Oc3ccc(cc3Cl)[C@H]2O)NC(=O)[C@H](N)c2ccc(O)c(c2)Oc2cc(O)cc4c2)c2ccc(O)c(c2)-c2c(O)cc(O)cc21,O=C1Cc2cccc(c2)Oc2cccc(c2)[C@@H]2NC(=O)[C@@H](Cc3ccc(cc3)Oc3cc4cc(c3)[C@@H](NC2=O)C(=O)N[C@H]2C(=O)N[C@@H](Cc3ccc(cc3)O4)C(=O)NCc3ccccc3-c3cccc2c3)N1,Escherichia coli,μg/mL,CHEMBL2367601,1,4.0,4.0,4.0,0.6020599913279624,B,high,1,1.0
CNCCNC(=O)[C@H]1NC(=O)[C@H]2NC(=O)[C@H](NC(=O)[C@@H]3NC(=O)[C@H]4NC(=O)[C@@H](Cc5ccc(c(Cl)c5)Oc5cc3cc(c5O)Oc3ccc(cc3Cl)[C@H]2O)NC(=O)[C@H](N)c2ccc(O)c(c2)Oc2cc(O)cc4c2)c2ccc(O)c(c2)-c2c(O)cc(O)cc21,O=C1Cc2cccc(c2)Oc2cccc(c2)[C@@H]2NC(=O)[C@@H](Cc3ccc(cc3)Oc3cc4cc(c3)[C@@H](NC2=O)C(=O)N[C@H]2C(=O)N[C@@H](Cc3ccc(cc3)O4)C(=O)NCc3ccccc3-c3cccc2c3)N1,Pseudomonas aeruginosa,μg/mL,CHEMBL2367601,1,32.0,32.0,32.0,1.505149978319906,B,high,1,1.0
CNC[C@H]1OCC[C@H]1SC1=C(C(=O)[O-])N2C(=O)[C@H]([C@@H](C)O)[C@H]2[C@H]1C.[Na+],O=C1C[C@H]2CC(S[C@@H]3CCOC3)=CN12,Pseudomonas aeruginosa,μg/mL,CHEMBL107945,2,20.0,8.0,32.0,1.3010299956639813,B,high,1,1.0
CNCc1cc(-c2cc3c(cc2F)c(=O)c(C(=O)O)cn3C2CC2)cc(C)n1,O=c1ccn(C2CC2)c2cc(-c3ccncc3)ccc12,Escherichia coli,μg/mL,CHEMBL420592,1,0.016,0.016,0.016,-1.7958800173440752,B,high,1,1.0
CNCc1cc(-c2cc3c(cc2F)c(=O)c(C(=O)O)cn3C2CC2)cc(C)n1,O=c1ccn(C2CC2)c2cc(-c3ccncc3)ccc12,Pseudomonas aeruginosa,μg/mL,CHEMBL420592,1,1.0,1.0,1.0,0.0,B,high,1,1.0
CNCc1ccc2c(N(C)C)c3c(c(O)c2c1)C(=O)C1=C(O)[C@]2(O)C(=O)C(C(N)=O)=C(O)[C@@H](N(C)C)[C@@H]2C[C@@H]1C3,O=C1C2=CC3C(=O)C=CC[C@@H]3C[C@@H]2Cc2cc3ccccc3cc21,Acinetobacter baumannii,μg/mL,CHEMBL1782478,1,2.0,2.0,2.0,0.3010299956639812,B,high,1,1.0
CNCc1ccc2cc3c(c(O)c2c1)C(=O)C1=C(O)[C@]2(O)C(=O)C(C(N)=O)=C(O)[C@@H](N(C)C)[C@@H]2C[C@@H]1C3,O=C1C2=CC3C(=O)C=CC[C@@H]3C[C@@H]2Cc2cc3ccccc3cc21,Acinetobacter baumannii,μg/mL,CHEMBL1783660,1,4.0,4.0,4.0,0.6020599913279624,B,high,1,1.0
CN[C@@H](CC(C)C)C(=O)N[C@@H](CCCN)C(=O)N[C@@H](CCCN)C(=O)N[C@@H](Cc1c[nH]c2ccccc12)C(=O)N[C@@H](Cc1c[nH]c2ccccc12)C(N)=O,O=C(CCc1c[nH]c2ccccc12)NCCc1c[nH]c2ccccc12,Acinetobacter baumannii,μg/mL,CHEMBL3221235,1,128.0,128.0,128.0,2.1072099696478683,B,high,1,1.0
CN[C@@H]1CCN(c2nc3c(cc2F)c(=O)c(C(=O)O)cn3C(C)(C)C)C1,O=c1cc[nH]c2nc(N3CCCC3)ccc12,Klebsiella pneumoniae,μg/mL,CHEMBL2114357,1,0.13,0.13,0.13,-0.8860566476931632,B,high,1,1.0
CN[C@@H]1CN(c2c(F)c(N)c3c(=O)c(C(=O)O)cn(C4CC4)c3c2F)C[C@H]1NC.Cl,O=c1ccn(C2CC2)c2cc(N3CCCC3)ccc12,Klebsiella pneumoniae,μg/mL,CHEMBL539820,2,0.28,0.06,0.5,-0.5528419686577808,B,high,1,1.0
CN[C@@H]1CN(c2cc3c(cc2F)c(=O)c(C(=O)O)cn3-c2ccc(F)cc2)C[C@H]1NC.Cl,O=c1ccn(-c2ccccc2)c2cc(N3CCCC3)ccc12,Klebsiella pneumoniae,μg/mL,CHEMBL545567,2,0.3125,0.125,0.5,-0.5051499783199059,B,high,1,1.0
CN[C@@H]1CN(c2cc3c(cc2F)c(=O)c(C(=O)O)cn3-c2ccc(F)cc2)C[C@H]1NC.Cl,O=c1ccn(-c2ccccc2)c2cc(N3CCCC3)ccc12,Pseudomonas aeruginosa,μg/mL,CHEMBL545567,4,1.5,0.25,4.0,0.17609125905568124,B,high,1,1.0
CN[C@@H]1CN(c2cc3c(cc2F)c(=O)c(C(=O)O)cn3-c2ccccc2F)C[C@H]1NC.O=C(O)C(F)(F)F,O=c1ccn(-c2ccccc2)c2cc(N3CCCC3)ccc12,Klebsiella pneumoniae,μg/mL,CHEMBL359349,2,1.03,0.06,2.0,0.012837224705172217,B,high,1,1.0
CN[C@@H]1CN(c2cc3c(cc2F)c(=O)c(C(=O)O)cn3-c2ccccc2F)C[C@H]1NC.O=C(O)C(F)(F)F,O=c1ccn(-c2ccccc2)c2cc(N3CCCC3)ccc12,Pseudomonas aeruginosa,μg/mL,CHEMBL359349,3,4.0,0.5,4.0,0.6020599913279624,B,high,1,1.0
CN[C@@H]1CN(c2cc3c(cc2F)c(=O)c(C(=O)O)cn3C2CC2)C[C@H]1NC.Cl,O=c1ccn(C2CC2)c2cc(N3CCCC3)ccc12,Klebsiella pneumoniae,μg/mL,CHEMBL542511,2,0.28,0.06,0.5,-0.5528419686577808,B,high,1,1.0
CN[C@@H]1[C@@H](O)[C@@H](O[C@@H]2[C@@H](O)[C@H](O[C@H]3OC(CN)=CC[C@H]3N)[C@@H](N)C[C@H]2N)OC[C@]1(C)O,C1=CO[C@H](O[C@@H]2CCC[C@H](O[C@@H]3CCCCO3)C2)CC1,Acinetobacter baumannii,μg/mL,CHEMBL221886,2,4.25,0.5,8.0,0.6283889300503115,B,high,1,1.0
CN[C@@H]1[C@@H](O)[C@@H](O[C@@H]2[C@@H](O)[C@H](O[C@H]3OC(CNCCO)=CC[C@H]3N)[C@@H](N)C[C@H]2NC(=O)[C@@H](O)CCN)OC[C@]1(C)O,C1=CO[C@H](O[C@@H]2CCC[C@H](O[C@@H]3CCCCO3)C2)CC1,Acinetobacter baumannii,μg/mL,CHEMBL1650559,5,4.0,2.0,8.0,0.6020599913279624,B,high,1,1.0
CN[C@@H]1[C@@H](O)[C@@H](O[C@@H]2[C@@H](O)[C@H](O[C@H]3O[C@H](CN)[C@@H](O)[C@H](O)[C@H]3O)[C@@H](N)C[C@H]2NC(=O)[C@@H](O)CN)OC[C@]1(C)O,C1CC[C@@H](O[C@@H]2CCC[C@H](O[C@@H]3CCCCO3)C2)OC1,Acinetobacter baumannii,μg/mL,CHEMBL272080,1,32.0,32.0,32.0,1.505149978319906,B,high,1,1.0
CN[C@H](C(=O)N[C@@H](CCCN)C(=O)N[C@@H](CCCN)C(=O)N[C@@H](Cc1c[nH]c2ccccc12)C(=O)N[C@@H](Cc1c[nH]c2ccccc12)C(N)=O)C(C)C,O=C(CCc1c[nH]c2ccccc12)NCCc1c[nH]c2ccccc12,Acinetobacter baumannii,μg/mL,CHEMBL3221236,1,64.0,64.0,64.0,1.806179973983887,B,high,1,1.0
CN[C@H](CC(C)C)C(=O)N[C@H]1C(=O)N[C@@H](CC(N)=O)C(=O)N[C@H]2C(=O)N[C@H]3C(=O)N[C@H](C(=O)N[C@H](C(=O)O)c4cc(O)cc(O)c4-c4cc3ccc4O)[C@H](O)c3ccc(c(Cl)c3)Oc3cc2cc(c3O[C@@H]2O[C@H](CO)[C@@H](O)[C@H](O)[C@H]2O[C@H]2C[C@](C)(N)[C@H](O)[C@H](C)O2)Oc2ccc(cc2Cl)[C@H]1O,O=C1CCc2ccc(cc2)Oc2cc3cc(c2O[C@@H]2OCCC[C@H]2O[C@H]2CCCCO2)Oc2ccc(cc2)C[C@@H]2NC(=O)[C@H](NC(=O)[C@@H]3NC(=O)CN1)c1cccc(c1)-c1ccccc1CNC2=O,Acinetobacter baumannii,μg/mL,CHEMBL262777,9,8.0,1.0,256.0,0.9030899869919435,B,high,2,1.0
CN[C@H](CC(C)C)C(=O)N[C@H]1C(=O)N[C@@H](CC(N)=O)C(=O)N[C@H]2C(=O)N[C@H]3C(=O)N[C@H](C(=O)N[C@H](C(=O)O)c4cc(O)cc(O)c4-c4cc3ccc4O)[C@H](O)c3ccc(c(Cl)c3)Oc3cc2cc(c3O[C@@H]2O[C@H](CO)[C@@H](O)[C@H](O)[C@H]2O[C@H]2C[C@](C)(N)[C@H](O)[C@H](C)O2)Oc2ccc(cc2Cl)[C@H]1O,O=C1CCc2ccc(cc2)Oc2cc3cc(c2O[C@@H]2OCCC[C@H]2O[C@H]2CCCCO2)Oc2ccc(cc2)C[C@@H]2NC(=O)[C@H](NC(=O)[C@@H]3NC(=O)CN1)c1cccc(c1)-c1ccccc1CNC2=O,Escherichia coli,μg/mL,CHEMBL262777,2,0.45,0.12,0.78,-0.3467874862246563,B,high,2,1.0
CN[C@H]1CCC[C@H]2C1=C(C(=O)O)N1C(=O)[C@H]([C@@H](C)O)[C@@H]21,O=C1C[C@H]2[C@H]3CCCCC3=CN12,Escherichia coli,μg/mL,CHEMBL48125,2,1.25,0.5,2.0,0.09691001300805642,B,high,1,1.0
CN[C@H]1CCC[C@H]2C1=C(C(=O)O)N1C(=O)[C@H]([C@@H](C)O)[C@@H]21,O=C1C[C@H]2[C@H]3CCCCC3=CN12,Pseudomonas aeruginosa,μg/mL,CHEMBL48125,1,4.0,4.0,4.0,0.6020599913279624,B,high,1,1.0
CN[C@H]1CCN(c2nc3c(cc2F)c(=O)c(C(=O)O)cn3C(C)(C)C)C1,O=c1cc[nH]c2nc(N3CCCC3)ccc12,Klebsiella pneumoniae,μg/mL,CHEMBL3350306,1,0.06,0.06,0.06,-1.2218487496163564,B,high,1,1.0
CN[C@H]1CN(c2c(F)cc3c(=O)c(C(=O)O)cn(C4CC4)c3c2F)[C@@H]1C,O=c1ccn(C2CC2)c2cc(N3CCC3)ccc12,Escherichia coli,μg/mL,CHEMBL134556,1,0.06,0.06,0.06,-1.2218487496163564,B,high,1,1.0
CN[C@H]1CN(c2c(F)cc3c(=O)c(C(=O)O)cn(C4CC4)c3c2F)[C@@H]1C,O=c1ccn(C2CC2)c2cc(N3CCC3)ccc12,Klebsiella pneumoniae,μg/mL,CHEMBL134556,1,0.03,0.03,0.03,-1.5228787452803376,B,high,1,1.0
CN[C@H]1CN(c2c(F)cc3c(=O)c(C(=O)O)cn(C4CC4)c3c2F)[C@@H]1C,O=c1ccn(C2CC2)c2cc(N3CCC3)ccc12,Pseudomonas aeruginosa,μg/mL,CHEMBL134556,1,0.5,0.5,0.5,-0.3010299956639812,B,high,1,1.0
CN[C@H]1CN(c2cc3c(cc2F)c(=O)c(C(=O)O)cn3C2CC2)[C@@H]1C,O=c1ccn(C2CC2)c2cc(N3CCC3)ccc12,Escherichia coli,μg/mL,CHEMBL134599,1,0.06,0.06,0.06,-1.2218487496163564,B,high,1,1.0
CN[C@H]1CN(c2cc3c(cc2F)c(=O)c(C(=O)O)cn3C2CC2)[C@@H]1C,O=c1ccn(C2CC2)c2cc(N3CCC3)ccc12,Klebsiella pneumoniae,μg/mL,CHEMBL134599,1,0.03,0.03,0.03,-1.5228787452803376,B,high,1,1.0
CN[C@H]1CN(c2cc3c(cc2F)c(=O)c(C(=O)O)cn3C2CC2)[C@@H]1C,O=c1ccn(C2CC2)c2cc(N3CCC3)ccc12,Pseudomonas aeruginosa,μg/mL,CHEMBL134599,1,0.5,0.5,0.5,-0.3010299956639812,B,high,1,1.0
CNc1c(F)c(N2CCNCC2)c(F)c2c1c(=O)c(C(=O)O)cn2C1CC1,O=c1ccn(C2CC2)c2cc(N3CCNCC3)ccc12,Escherichia coli,μg/mL,CHEMBL149425,2,0.0625,0.025,0.1,-1.2041199826559248,B,high,1,1.0
CNc1c(F)c(N2CCNCC2)c(F)c2c1c(=O)c(C(=O)O)cn2C1CC1,O=c1ccn(C2CC2)c2cc(N3CCNCC3)ccc12,Klebsiella pneumoniae,μg/mL,CHEMBL149425,1,0.1,0.1,0.1,-1.0,B,high,1,1.0
CNc1c(F)c(N2CCNCC2)c(F)c2c1c(=O)c(C(=O)O)cn2C1CC1,O=c1ccn(C2CC2)c2cc(N3CCNCC3)ccc12,Pseudomonas aeruginosa,μg/mL,CHEMBL149425,1,1.6,1.6,1.6,0.2041199826559248,B,high,1,1.0
CNc1cc2c(=O)c(C(=O)O)cn(C3CC3)c2c(C)c1N1CCC(C)CC1,O=c1ccn(C2CC2)c2cc(N3CCCCC3)ccc12,Escherichia coli,μg/mL,CHEMBL436204,2,0.75,0.5,1.0,-0.12493873660829995,B,high,1,1.0
CNc1cc2c(=O)c(C(=O)O)cn(C3CC3)c2c(C)c1N1CCC(C)CC1,O=c1ccn(C2CC2)c2cc(N3CCCCC3)ccc12,Klebsiella pneumoniae,μg/mL,CHEMBL436204,1,0.5,0.5,0.5,-0.3010299956639812,B,high,1,1.0
CNc1cccc2c(O)c3c(cc12)C[C@H]1C[C@H]2[C@H](N(C)C)C(O)=C(C(N)=O)C(=O)[C@@]2(O)C(O)=C1C3=O,O=C1C2=CC3C(=O)C=CC[C@@H]3C[C@@H]2Cc2cc3ccccc3cc21,Acinetobacter baumannii,μg/mL,CHEMBL1782490,1,32.0,32.0,32.0,1.505149978319906,B,high,1,1.0
CNn1cc(C(=O)O)c(=O)c2cc(F)c(-c3cc(C)nc(C)c3)cc21,O=c1cc[nH]c2cc(-c3ccncc3)ccc12,Escherichia coli,μg/mL,CHEMBL421355,1,0.25,0.25,0.25,-0.6020599913279624,B,high,1,1.0
CNn1cc(C(=O)O)c(=O)c2cc(F)c(N3CCN(C)CC3)cc21,O=c1cc[nH]c2cc(N3CCNCC3)ccc12,Escherichia coli,μg/mL,CHEMBL6231,2,0.0625,0.025,0.1,-1.2041199826559248,B,high,1,1.0
CNn1cc(C(=O)O)c(=O)c2cc(F)c(N3CCN(C)CC3)cc21,O=c1cc[nH]c2cc(N3CCNCC3)ccc12,Klebsiella pneumoniae,μg/mL,CHEMBL6231,2,0.2,0.2,0.2,-0.6989700043360187,B,high,2,1.0
CNn1cc(C(=O)O)c(=O)c2cc(F)c(N3CCN(C)CC3)cc21,O=c1cc[nH]c2cc(N3CCNCC3)ccc12,Pseudomonas aeruginosa,μg/mL,CHEMBL6231,2,0.8,0.8,0.8,-0.09691001300805639,B,high,2,1.0
CNn1cc(O)c(=O)cc1C(=O)NC[C@@H]1[C@H](NC(=O)/C(=N\OC(C)(C)C(=O)O)c2csc(N)n2)C(=O)N1S(=O)(=O)O,N=C(C(=O)N[C@@H]1C(=O)N[C@@H]1CNC(=O)c1cc(=O)cc[nH]1)c1cscn1,Acinetobacter baumannii,μg/mL,CHEMBL2409658,1,2.0,2.0,2.0,0.3010299956639812,B,high,1,1.0
CO/N=C(\C(=O)NC1C(=O)N2C(C(=O)O)=C(SCSc3cc(N)nc(N)n3)CSC12)c1csc(N)n1,N=C(C(=O)NC1C(=O)N2C=C(SCSc3ccncn3)CSC12)c1cscn1,Klebsiella pneumoniae,μg/mL,CHEMBL422052,1,0.5,0.5,0.5,-0.3010299956639812,B,high,1,1.0
CO/N=C(\C(=O)NC1C(=O)N2C(C(=O)O)=C(Sc3cc(N)nc(N)n3)CSC12)c1csc(N)n1,N=C(C(=O)NC1C(=O)N2C=C(Sc3ccncn3)CSC12)c1cscn1,Klebsiella pneumoniae,μg/mL,CHEMBL422231,1,0.5,0.5,0.5,-0.3010299956639812,B,high,1,1.0
CO/N=C(\C(=O)NC1CN2CC(C#N)=C(C(=O)O)N2C1=O)c1csc(N)n1,N=C(C(=O)NC1CN2CC=CN2C1=O)c1cscn1,Klebsiella pneumoniae,μg/mL,CHEMBL432996,1,0.5,0.5,0.5,-0.3010299956639812,B,high,1,1.0
CO/N=C(\C(=O)NC1CN2CC(C(=O)Nc3ccccc3)=C(C(=O)O)N2C1=O)c1csc(N)n1,N=C(C(=O)NC1CN2CC(C(=O)Nc3ccccc3)=CN2C1=O)c1cscn1,Klebsiella pneumoniae,μg/mL,CHEMBL1159789,1,32.0,32.0,32.0,1.505149978319906,B,high,1,1.0
CO/N=C(\C(=O)NC1CN2CC(C(=O)O)=C(C(=O)O)N2C1=O)c1csc(N)n1,N=C(C(=O)NC1CN2CC=CN2C1=O)c1cscn1,Klebsiella pneumoniae,μg/mL,CHEMBL1159786,1,64.0,64.0,64.0,1.806179973983887,B,high,1,1.0
CO/N=C(\C(=O)NC1CN2CC(C(=O)OC)=C(C(=O)O)N2C1=O)c1csc(N)n1,N=C(C(=O)NC1CN2CC=CN2C1=O)c1cscn1,Klebsiella pneumoniae,μg/mL,CHEMBL111621,1,8.0,8.0,8.0,0.9030899869919435,B,high,1,1.0
CO/N=C(\C(=O)NC1CN2CC(C(C)=O)=C(C(=O)O)N2C1=O)c1csc(N)n1,N=C(C(=O)NC1CN2CC=CN2C1=O)c1cscn1,Klebsiella pneumoniae,μg/mL,CHEMBL436143,1,2.0,2.0,2.0,0.3010299956639812,B,high,1,1.0
CO/N=C(\C(=O)NC1CN2CC(S(C)(=O)=O)=C(C(=O)O)N2C1=O)c1csc(N)n1,N=C(C(=O)NC1CN2CC=CN2C1=O)c1cscn1,Escherichia coli,μg/mL,CHEMBL109281,4,0.06,0.06,7.93,-1.2218487496163564,B,high,1,1.0
CO/N=C(\C(=O)NC1CN2CC(S(C)(=O)=O)=C(C(=O)O)N2C1=O)c1csc(N)n1,N=C(C(=O)NC1CN2CC=CN2C1=O)c1cscn1,Klebsiella pneumoniae,μg/mL,CHEMBL109281,2,0.1875,0.125,0.25,-0.7269987279362623,B,high,2,1.0
CO/N=C(\C(=O)N[C@@H]1C(=O)N2C(C(=O)O)=C(/C=C3\CCN(CC(F)(F)F)C3=O)CS[C@H]12)c1csc(N)n1,N=C(C(=O)N[C@@H]1C(=O)N2C=C(/C=C3\CCNC3=O)CS[C@H]12)c1cscn1,Escherichia coli,μg/mL,CHEMBL52661,1,0.25,0.25,0.25,-0.6020599913279624,B,high,1,1.0
CO/N=C(\C(=O)N[C@@H]1C(=O)N2C(C(=O)O)=C(/C=C3\CCN(CC(F)(F)F)C3=O)CS[C@H]12)c1csc(N)n1,N=C(C(=O)N[C@@H]1C(=O)N2C=C(/C=C3\CCNC3=O)CS[C@H]12)c1cscn1,Pseudomonas aeruginosa,μg/mL,CHEMBL52661,1,8.0,8.0,8.0,0.9030899869919435,B,high,1,1.0
CO/N=C(\C(=O)N[C@@H]1C(=O)N2C(C(=O)O)=C(CN3CCN(c4cc5c(cc4F)c(=O)c(C(=O)O)cn5C4CC4)CC3)CS[C@H]12)c1csc(N)n1,N=C(C(=O)N[C@@H]1C(=O)N2C=C(CN3CCN(c4ccc5c(=O)ccn(C6CC6)c5c4)CC3)CS[C@H]12)c1cscn1,Klebsiella pneumoniae,μg/mL,CHEMBL336976,1,1.0,1.0,1.0,0.0,B,high,1,1.0
CO/N=C(\C(=O)N[C@@H]1C(=O)N2C(C(=O)O)=C(CN3CCN(c4cc5c(cc4F)c(=O)c(C(=O)O)cn5C4CC4)CC3)CS[C@H]12)c1csc(N)n1,N=C(C(=O)N[C@@H]1C(=O)N2C=C(CN3CCN(c4ccc5c(=O)ccn(C6CC6)c5c4)CC3)CS[C@H]12)c1cscn1,Pseudomonas aeruginosa,μg/mL,CHEMBL336976,2,5.0,2.0,8.0,0.6989700043360189,B,high,1,1.0
CO/N=C(\C(=O)N[C@@H]1C(=O)N2C(C(=O)O)=C(CN3CCNCC3)CS[C@H]12)c1csc(N)n1,N=C(C(=O)N[C@@H]1C(=O)N2C=C(CN3CCNCC3)CS[C@H]12)c1cscn1,Klebsiella pneumoniae,μg/mL,CHEMBL130494,1,0.125,0.125,0.125,-0.9030899869919435,B,high,1,1.0
CO/N=C(\C(=O)N[C@@H]1C(=O)N2C(C(=O)O)=C(CN3CCNCC3)CS[C@H]12)c1csc(N)n1,N=C(C(=O)N[C@@H]1C(=O)N2C=C(CN3CCNCC3)CS[C@H]12)c1cscn1,Pseudomonas aeruginosa,μg/mL,CHEMBL130494,1,64.0,64.0,64.0,1.806179973983887,B,high,1,1.0
CO/N=C(\C(=O)N[C@@H]1C(=O)N2C(C(=O)O)=C(COC(=O)N3CCN(c4cc5c(cc4F)c(=O)c(C(=O)O)cn5C4CC4)CC3)CS[C@H]12)c1csc(N)n1,N=C(C(=O)N[C@@H]1C(=O)N2C=C(COC(=O)N3CCN(c4ccc5c(=O)ccn(C6CC6)c5c4)CC3)CS[C@H]12)c1cscn1,Klebsiella pneumoniae,μg/mL,CHEMBL430842,1,0.125,0.125,0.125,-0.9030899869919435,B,high,1,1.0
CO/N=C(\C(=O)N[C@@H]1C(=O)N2C(C(=O)O)=C(COC(=O)N3CCN(c4cc5c(cc4F)c(=O)c(C(=O)O)cn5C4CC4)CC3)CS[C@H]12)c1csc(N)n1,N=C(C(=O)N[C@@H]1C(=O)N2C=C(COC(=O)N3CCN(c4ccc5c(=O)ccn(C6CC6)c5c4)CC3)CS[C@H]12)c1cscn1,Pseudomonas aeruginosa,μg/mL,CHEMBL430842,2,1.0,1.0,1.0,0.0,B,high,1,1.0
CO/N=C(\C(=O)N[C@@H]1C(=O)N2C(C(=O)O)=C(COC(C)=O)CS[C@H]12)c1csc(N)n1,N=C(C(=O)N[C@@H]1C(=O)N2C=CCS[C@H]12)c1cscn1,Acinetobacter baumannii,μg/mL,CHEMBL1730,30,8.0,0.0015,64.0,0.9030899869919435,B,high,9,1.0
CO/N=C(\C(=O)N[C@@H]1C(=O)N2C(C(=O)O)=C(COC(C)=O)CS[C@H]12)c1csc(N)n1,N=C(C(=O)N[C@@H]1C(=O)N2C=CCS[C@H]12)c1cscn1,Escherichia coli,μg/mL,CHEMBL1730,1,0.5,0.5,0.5,-0.3010299956639812,B,high,1,1.0
CO/N=C(\C(=O)N[C@@H]1C(=O)N2C(C(=O)O)=C(COC(C)=O)CS[C@H]12)c1csc(N)n1,N=C(C(=O)N[C@@H]1C(=O)N2C=CCS[C@H]12)c1cscn1,Klebsiella pneumoniae,μg/mL,CHEMBL1730,5,0.031,0.008,1.0,-1.5086383061657274,B,high,4,1.0
CO/N=C(\C(=O)N[C@@H]1C(=O)N2C(C(=O)O)=C(COC(C)=O)CS[C@H]12)c1csc(N)n1,N=C(C(=O)N[C@@H]1C(=O)N2C=CCS[C@H]12)c1cscn1,Pseudomonas aeruginosa,μg/mL,CHEMBL1730,7,69.86,16.0,135.0,1.844228581301628,B,high,4,1.0
CO/N=C(\C(=O)N[C@@H]1C(=O)N2C(C(=O)O)=C(COC(N)=O)CS[C@H]12)c1ccco1,N=C(C(=O)N[C@@H]1C(=O)N2C=CCS[C@H]12)c1ccco1,Acinetobacter baumannii,μg/mL,CHEMBL1436,4,32.0,32.0,32.0,1.505149978319906,B,high,2,1.0
CO/N=C(\C(=O)N[C@@H]1C(=O)N2C(C(=O)O)=C(CSc3nc(=O)c(O)nn3C)CS[C@H]12)c1csc(N)n1,N=C(C(=O)N[C@@H]1C(=O)N2C=C(CSc3nc(=O)cn[nH]3)CS[C@H]12)c1cscn1,Acinetobacter baumannii,μg/mL,CHEMBL161,2,8.0,8.0,8.0,0.9030899869919435,B,high,2,1.0
CO/N=C(\C(=O)N[C@@H]1C(=O)N2C(C(=O)O)=C(CSc3nc(=O)c(O)nn3C)CS[C@H]12)c1csc(N)n1,N=C(C(=O)N[C@@H]1C(=O)N2C=C(CSc3nc(=O)cn[nH]3)CS[C@H]12)c1cscn1,Pseudomonas aeruginosa,μg/mL,CHEMBL161,1,16.0,16.0,16.0,1.2041199826559248,B,high,1,1.0
CO/N=C(\C(=O)N[C@@H]1C(=O)N2C(C(=O)[O-])=C(C[N+]3(C)CCCC3)CS[C@H]12)c1csc(N)n1,N=C(C(=O)N[C@@H]1C(=O)N2C=C(C[NH+]3CCCC3)CS[C@H]12)c1cscn1,Acinetobacter baumannii,μg/mL,CHEMBL186,115,16.0,0.125,256.0,1.2041199826559248,B,high,21,1.0
CO/N=C(\C(=O)N[C@@H]1C(=O)N2C(C(=O)[O-])=C(C[n+]3cc(C)c4ccccc4c3)CS[C@H]12)c1csc(N)n1,N=C(C(=O)N[C@@H]1C(=O)N2C=C(C[n+]3ccc4ccccc4c3)CS[C@H]12)c1cscn1,Klebsiella pneumoniae,μg/mL,CHEMBL431163,2,4.0075,0.015,8.0,0.6028735310261825,B,high,1,1.0
CO/N=C(\C(=O)N[C@@H]1C(=O)N2C(C(=O)[O-])=C(C[n+]3cc(C)cc(C)c3)CS[C@H]12)c1csc(N)n1,N=C(C(=O)N[C@@H]1C(=O)N2C=C(C[n+]3ccccc3)CS[C@H]12)c1cscn1,Klebsiella pneumoniae,μg/mL,CHEMBL66500,2,4.015,0.03,8.0,0.6036855496146997,B,high,1,1.0
CO/N=C(\C(=O)N[C@@H]1C(=O)N2C(C(=O)[O-])=C(C[n+]3ccc(C(N)=S)cc3)CS[C@H]12)c1csc(N)n1,N=C(C(=O)N[C@@H]1C(=O)N2C=C(C[n+]3ccccc3)CS[C@H]12)c1cscn1,Klebsiella pneumoniae,μg/mL,CHEMBL2114045,2,4.015,0.03,8.0,0.6036855496146997,B,high,1,1.0
CO/N=C(\C(=O)N[C@@H]1C(=O)N2C(C(=O)[O-])=C(C[n+]3ccc(CC(=O)NO)cc3)CS[C@H]12)c1csc(N)n1,N=C(C(=O)N[C@@H]1C(=O)N2C=C(C[n+]3ccccc3)CS[C@H]12)c1cscn1,Klebsiella pneumoniae,μg/mL,CHEMBL3349032,20,2.03,0.03,32.0,0.3074960379132129,B,high,1,1.0
CO/N=C(\C(=O)N[C@@H]1C(=O)N2C(C(=O)[O-])=C(C[n+]3ccc(Cl)cc3)CS[C@H]12)c1csc(N)n1,N=C(C(=O)N[C@@H]1C(=O)N2C=C(C[n+]3ccccc3)CS[C@H]12)c1cscn1,Klebsiella pneumoniae,μg/mL,CHEMBL2115114,2,8.015,0.03,16.0,0.9039035266901636,B,high,1,1.0
CO/N=C(\C(=O)N[C@@H]1C(=O)N2C(C(=O)[O-])=C(C[n+]3ccc4[nH]c(-c5ccccc5)nc4c3)CS[C@H]12)c1csc(N)n1,N=C(C(=O)N[C@@H]1C(=O)N2C=C(C[n+]3ccc4[nH]c(-c5ccccc5)nc4c3)CS[C@H]12)c1cscn1,Klebsiella pneumoniae,μg/mL,CHEMBL69579,2,1.0075,0.015,2.0,0.003245054813147085,B,high,1,1.0
CO/N=C(\C(=O)N[C@@H]1C(=O)N2C(C(=O)[O-])=C(C[n+]3ccc4[nH]c(-c5cccs5)nc4c3)CS[C@H]12)c1csc(N)n1,N=C(C(=O)N[C@@H]1C(=O)N2C=C(C[n+]3ccc4[nH]c(-c5cccs5)nc4c3)CS[C@H]12)c1cscn1,Klebsiella pneumoniae,μg/mL,CHEMBL305472,2,2.0075,0.015,4.0,0.3026555539507185,B,high,1,1.0
CO/N=C(\C(=O)N[C@@H]1C(=O)N2C(C(=O)[O-])=C(C[n+]3ccc4[nH]c(C)nc4c3)CS[C@H]12)c1csc(N)n1,N=C(C(=O)N[C@@H]1C(=O)N2C=C(C[n+]3ccc4[nH]cnc4c3)CS[C@H]12)c1cscn1,Klebsiella pneumoniae,μg/mL,CHEMBL304803,2,1.004,0.008,2.0,0.0017337128090005314,B,high,1,1.0
CO/N=C(\C(=O)N[C@@H]1C(=O)N2C(C(=O)[O-])=C(C[n+]3ccc4[nH]cnc4c3)CS[C@H]12)c1csc(N)n1,N=C(C(=O)N[C@@H]1C(=O)N2C=C(C[n+]3ccc4[nH]cnc4c3)CS[C@H]12)c1cscn1,Klebsiella pneumoniae,μg/mL,CHEMBL303696,2,4.004,0.008,8.0,0.602494068807281,B,high,1,1.0
CO/N=C(\C(=O)N[C@@H]1C(=O)N2C(C(=O)[O-])=C(C[n+]3ccc4c(O)cccc4c3)CS[C@H]12)c1csc(N)n1,N=C(C(=O)N[C@@H]1C(=O)N2C=C(C[n+]3ccc4ccccc4c3)CS[C@H]12)c1cscn1,Klebsiella pneumoniae,μg/mL,CHEMBL291389,1,8.0,8.0,8.0,0.9030899869919435,B,high,1,1.0
CO/N=C(\C(=O)N[C@@H]1C(=O)N2C(C(=O)[O-])=C(C[n+]3ccc4c(S(=O)(=O)O)cccc4c3)CS[C@H]12)c1csc(N)n1,N=C(C(=O)N[C@@H]1C(=O)N2C=C(C[n+]3ccc4ccccc4c3)CS[C@H]12)c1cscn1,Klebsiella pneumoniae,μg/mL,CHEMBL305090,2,16.015,0.03,32.0,1.2045269429998406,B,high,1,1.0
CO/N=C(\C(=O)N[C@@H]1C(=O)N2C(C(=O)[O-])=C(C[n+]3ccc4c(c3)nc(C)n4C)CS[C@H]12)c1csc(N)n1,N=C(C(=O)N[C@@H]1C(=O)N2C=C(C[n+]3ccc4[nH]cnc4c3)CS[C@H]12)c1cscn1,Klebsiella pneumoniae,μg/mL,CHEMBL291858,2,1.004,0.008,2.0,0.0017337128090005314,B,high,1,1.0
CO/N=C(\C(=O)N[C@@H]1C(=O)N2C(C(=O)[O-])=C(C[n+]3ccc4c(c3)ncn4C)CS[C@H]12)c1csc(N)n1,N=C(C(=O)N[C@@H]1C(=O)N2C=C(C[n+]3ccc4[nH]cnc4c3)CS[C@H]12)c1cscn1,Klebsiella pneumoniae,μg/mL,CHEMBL307335,2,4.0075,0.015,8.0,0.6028735310261825,B,high,1,1.0
CO/N=C(\C(=O)N[C@@H]1C(=O)N2C(C(=O)[O-])=C(C[n+]3ccc4ccccc4c3)CS[C@H]12)c1csc(N)n1,N=C(C(=O)N[C@@H]1C(=O)N2C=C(C[n+]3ccc4ccccc4c3)CS[C@H]12)c1cscn1,Klebsiella pneumoniae,μg/mL,CHEMBL430793,2,1.0075,0.015,2.0,0.003245054813147085,B,high,1,1.0
CO/N=C(\C(=O)N[C@@H]1C(=O)N2C(C(=O)[O-])=C(C[n+]3ccc4ccoc4c3)CS[C@H]12)c1csc(N)n1,N=C(C(=O)N[C@@H]1C(=O)N2C=C(C[n+]3ccc4ccoc4c3)CS[C@H]12)c1cscn1,Klebsiella pneumoniae,μg/mL,CHEMBL68460,2,2.0075,0.015,4.0,0.3026555539507185,B,high,1,1.0
CO/N=C(\C(=O)N[C@@H]1C(=O)N2C(C(=O)[O-])=C(C[n+]3ccc4ccsc4c3)CS[C@H]12)c1csc(N)n1,N=C(C(=O)N[C@@H]1C(=O)N2C=C(C[n+]3ccc4ccsc4c3)CS[C@H]12)c1cscn1,Klebsiella pneumoniae,μg/mL,CHEMBL66276,2,2.0075,0.015,4.0,0.3026555539507185,B,high,1,1.0
CO/N=C(\C(=O)N[C@@H]1C(=O)N2C(C(=O)[O-])=C(C[n+]3ccc4cnccc4c3)CS[C@H]12)c1csc(N)n1,N=C(C(=O)N[C@@H]1C(=O)N2C=C(C[n+]3ccc4cnccc4c3)CS[C@H]12)c1cscn1,Klebsiella pneumoniae,μg/mL,CHEMBL63210,1,2.0,2.0,2.0,0.3010299956639812,B,high,1,1.0
CO/N=C(\C(=O)N[C@@H]1C(=O)N2C(C(=O)[O-])=C(C[n+]3ccc4cncnc4c3)CS[C@H]12)c1csc(N)n1,N=C(C(=O)N[C@@H]1C(=O)N2C=C(C[n+]3ccc4cncnc4c3)CS[C@H]12)c1cscn1,Klebsiella pneumoniae,μg/mL,CHEMBL68455,2,8.0625,0.125,16.0,0.9064697276433242,B,high,1,1.0
CO/N=C(\C(=O)N[C@@H]1C(=O)N2C(C(=O)[O-])=C(C[n+]3ccc4nc(C(C)(C)C)sc4c3)CS[C@H]12)c1csc(N)n1,N=C(C(=O)N[C@@H]1C(=O)N2C=C(C[n+]3ccc4ncsc4c3)CS[C@H]12)c1cscn1,Klebsiella pneumoniae,μg/mL,CHEMBL66848,2,2.015,0.03,4.0,0.3042750504771283,B,high,1,1.0
CO/N=C(\C(=O)N[C@@H]1C(=O)N2C(C(=O)[O-])=C(C[n+]3ccc4nc(C)n(C)c4c3)CS[C@H]12)c1csc(N)n1,N=C(C(=O)N[C@@H]1C(=O)N2C=C(C[n+]3ccc4nc[nH]c4c3)CS[C@H]12)c1cscn1,Klebsiella pneumoniae,μg/mL,CHEMBL68392,2,1.0075,0.015,2.0,0.003245054813147085,B,high,1,1.0
CO/N=C(\C(=O)N[C@@H]1C(=O)N2C(C(=O)[O-])=C(C[n+]3ccc4nc(C)sc4c3)CS[C@H]12)c1csc(N)n1,N=C(C(=O)N[C@@H]1C(=O)N2C=C(C[n+]3ccc4ncsc4c3)CS[C@H]12)c1cscn1,Klebsiella pneumoniae,μg/mL,CHEMBL303971,2,0.515,0.03,1.0,-0.28819277095880896,B,high,1,1.0
CO/N=C(\C(=O)N[C@@H]1C(=O)N2C(C(=O)[O-])=C(C[n+]3ccc4ncn(C)c4c3)CS[C@H]12)c1csc(N)n1,N=C(C(=O)N[C@@H]1C(=O)N2C=C(C[n+]3ccc4nc[nH]c4c3)CS[C@H]12)c1cscn1,Klebsiella pneumoniae,μg/mL,CHEMBL302763,2,4.015,0.03,8.0,0.6036855496146997,B,high,1,1.0
CO/N=C(\C(=O)N[C@@H]1C(=O)N2C(C(=O)[O-])=C(C[n+]3ccc4oc(C)nc4c3)CS[C@H]12)c1csc(N)n1,N=C(C(=O)N[C@@H]1C(=O)N2C=C(C[n+]3ccc4ocnc4c3)CS[C@H]12)c1cscn1,Klebsiella pneumoniae,μg/mL,CHEMBL302334,2,2.0075,0.015,4.0,0.3026555539507185,B,high,1,1.0
CO/N=C(\C(=O)N[C@@H]1C(=O)N2C(C(=O)[O-])=C(C[n+]3ccc4occc4c3)CS[C@H]12)c1csc(N)n1,N=C(C(=O)N[C@@H]1C(=O)N2C=C(C[n+]3ccc4occc4c3)CS[C@H]12)c1cscn1,Klebsiella pneumoniae,μg/mL,CHEMBL264617,2,2.0075,0.015,4.0,0.3026555539507185,B,high,1,1.0
CO/N=C(\C(=O)N[C@@H]1C(=O)N2C(C(=O)[O-])=C(C[n+]3ccc4sc(C(=O)O)cc4c3)CS[C@H]12)c1csc(N)n1,N=C(C(=O)N[C@@H]1C(=O)N2C=C(C[n+]3ccc4sccc4c3)CS[C@H]12)c1cscn1,Klebsiella pneumoniae,μg/mL,CHEMBL69819,1,4.0,4.0,4.0,0.6020599913279624,B,high,1,1.0
CO/N=C(\C(=O)N[C@@H]1C(=O)N2C(C(=O)[O-])=C(C[n+]3ccc4sc(C)cc4c3)CS[C@H]12)c1csc(N)n1,N=C(C(=O)N[C@@H]1C(=O)N2C=C(C[n+]3ccc4sccc4c3)CS[C@H]12)c1cscn1,Klebsiella pneumoniae,μg/mL,CHEMBL307528,1,1.0,1.0,1.0,0.0,B,high,1,1.0
CO/N=C(\C(=O)N[C@@H]1C(=O)N2C(C(=O)[O-])=C(C[n+]3ccc4sc(C)nc4c3)CS[C@H]12)c1csc(N)n1,N=C(C(=O)N[C@@H]1C(=O)N2C=C(C[n+]3ccc4scnc4c3)CS[C@H]12)c1cscn1,Klebsiella pneumoniae,μg/mL,CHEMBL431764,2,1.015,0.03,2.0,0.006466042249231681,B,high,1,1.0
CO/N=C(\C(=O)N[C@@H]1C(=O)N2C(C(=O)[O-])=C(C[n+]3ccc4sc(N)cc4c3)CS[C@H]12)c1csc(N)n1,N=C(C(=O)N[C@@H]1C(=O)N2C=C(C[n+]3ccc4sccc4c3)CS[C@H]12)c1cscn1,Klebsiella pneumoniae,μg/mL,CHEMBL303949,1,2.0,2.0,2.0,0.3010299956639812,B,high,1,1.0
CO/N=C(\C(=O)N[C@@H]1C(=O)N2C(C(=O)[O-])=C(C[n+]3ccc4scc(C(=O)O)c4c3)CS[C@H]12)c1csc(N)n1,N=C(C(=O)N[C@@H]1C(=O)N2C=C(C[n+]3ccc4sccc4c3)CS[C@H]12)c1cscn1,Klebsiella pneumoniae,μg/mL,CHEMBL306420,2,2.0075,0.015,4.0,0.3026555539507185,B,high,1,1.0
CO/N=C(\C(=O)N[C@@H]1C(=O)N2C(C(=O)[O-])=C(C[n+]3ccc4sccc4c3)CS[C@H]12)c1csc(N)n1,N=C(C(=O)N[C@@H]1C(=O)N2C=C(C[n+]3ccc4sccc4c3)CS[C@H]12)c1cscn1,Klebsiella pneumoniae,μg/mL,CHEMBL420180,2,1.0075,0.015,2.0,0.003245054813147085,B,high,1,1.0
CO/N=C(\C(=O)N[C@@H]1C(=O)N2C(C(=O)[O-])=C(C[n+]3ccc4scnc4c3)CS[C@H]12)c1csc(N)n1,N=C(C(=O)N[C@@H]1C(=O)N2C=C(C[n+]3ccc4scnc4c3)CS[C@H]12)c1cscn1,Klebsiella pneumoniae,μg/mL,CHEMBL66986,2,2.0075,0.015,4.0,0.3026555539507185,B,high,1,1.0
CO/N=C(\C(=O)N[C@@H]1C(=O)N2C(C(=O)[O-])=C(C[n+]3cccc(CC(=O)O)c3)CS[C@H]12)c1csc(N)n1,N=C(C(=O)N[C@@H]1C(=O)N2C=C(C[n+]3ccccc3)CS[C@H]12)c1cscn1,Klebsiella pneumoniae,μg/mL,CHEMBL3349031,8,4.03,0.015,32.0,0.6053050461411095,B,high,1,1.0
CO/N=C(\C(=O)N[C@@H]1C(=O)N2C(C(=O)[O-])=C(C[n+]3cccc(Cl)c3)CS[C@H]12)c1csc(N)n1,N=C(C(=O)N[C@@H]1C(=O)N2C=C(C[n+]3ccccc3)CS[C@H]12)c1cscn1,Klebsiella pneumoniae,μg/mL,CHEMBL2115113,2,8.03,0.06,16.0,0.9047155452786809,B,high,1,1.0
CO/N=C(\C(=O)N[C@@H]1C(=O)N2C(C(=O)[O-])=C(C[n+]3cccc(S(=O)(=O)O)c3)CS[C@H]12)c1csc(N)n1,N=C(C(=O)N[C@@H]1C(=O)N2C=C(C[n+]3ccccc3)CS[C@H]12)c1cscn1,Klebsiella pneumoniae,μg/mL,CHEMBL2114044,2,32.0625,0.125,64.0,1.5059973824558914,B,high,1,1.0
CO/N=C(\C(=O)N[C@@H]1C(=O)N2C(C(=O)[O-])=C(C[n+]3cccc4c(N)cccc43)CS[C@H]12)c1csc(N)n1,N=C(C(=O)N[C@@H]1C(=O)N2C=C(C[n+]3cccc4ccccc43)CS[C@H]12)c1cscn1,Klebsiella pneumoniae,μg/mL,CHEMBL303107,2,1.0075,0.015,2.0,0.003245054813147085,B,high,1,1.0
CO/N=C(\C(=O)N[C@@H]1C(=O)N2C(C(=O)[O-])=C(C[n+]3cccc4c(O)cccc43)CS[C@H]12)c1csc(N)n1,N=C(C(=O)N[C@@H]1C(=O)N2C=C(C[n+]3cccc4ccccc43)CS[C@H]12)c1cscn1,Klebsiella pneumoniae,μg/mL,CHEMBL302343,2,4.015,0.03,8.0,0.6036855496146997,B,high,1,1.0
CO/N=C(\C(=O)N[C@@H]1C(=O)N2C(C(=O)[O-])=C(C[n+]3cccc4c3CCC4)CS[C@H]12)c1csc(N)n1,N=C(C(=O)N[C@@H]1C(=O)N2C=C(C[n+]3cccc4c3CCC4)CS[C@H]12)c1cscn1,Acinetobacter baumannii,μg/mL,CHEMBL65794,7,4.0,2.0,128.0,0.6020599913279624,B,high,2,1.0
CO/N=C(\C(=O)N[C@@H]1C(=O)N2C(C(=O)[O-])=C(C[n+]3cccc4c3CCC4)CS[C@H]12)c1csc(N)n1,N=C(C(=O)N[C@@H]1C(=O)N2C=C(C[n+]3cccc4c3CCC4)CS[C@H]12)c1cscn1,Klebsiella pneumoniae,μg/mL,CHEMBL65794,2,2.0075,0.015,4.0,0.3026555539507185,B,high,1,1.0
CO/N=C(\C(=O)N[C@@H]1C(=O)N2C(C(=O)[O-])=C(C[n+]3cccc4c3CCCC4)CS[C@H]12)c1csc(N)n1,N=C(C(=O)N[C@@H]1C(=O)N2C=C(C[n+]3cccc4c3CCCC4)CS[C@H]12)c1cscn1,Klebsiella pneumoniae,μg/mL,CHEMBL1631107,2,2.015,0.03,4.0,0.3042750504771283,B,high,1,1.0
CO/N=C(\C(=O)N[C@@H]1C(=O)N2C(C(=O)[O-])=C(C[n+]3cccc4cc(O)ccc43)CS[C@H]12)c1csc(N)n1,N=C(C(=O)N[C@@H]1C(=O)N2C=C(C[n+]3cccc4ccccc43)CS[C@H]12)c1cscn1,Klebsiella pneumoniae,μg/mL,CHEMBL65904,1,4.0,4.0,4.0,0.6020599913279624,B,high,1,1.0
CO/N=C(\C(=O)N[C@@H]1C(=O)N2C(C(=O)[O-])=C(C[n+]3cccc4cc[nH]c43)CS[C@H]12)c1csc(N)n1,N=C(C(=O)N[C@@H]1C(=O)N2C=C(C[n+]3cccc4cc[nH]c43)CS[C@H]12)c1cscn1,Klebsiella pneumoniae,μg/mL,CHEMBL63609,2,32.03,0.06,64.0,1.5055569386638217,B,high,1,1.0
CO/N=C(\C(=O)N[C@@H]1C(=O)N2C(C(=O)[O-])=C(C[n+]3cccc4ccc(O)cc43)CS[C@H]12)c1csc(N)n1,N=C(C(=O)N[C@@H]1C(=O)N2C=C(C[n+]3cccc4ccccc43)CS[C@H]12)c1cscn1,Klebsiella pneumoniae,μg/mL,CHEMBL67550,2,2.015,0.03,4.0,0.3042750504771283,B,high,1,1.0
CO/N=C(\C(=O)N[C@@H]1C(=O)N2C(C(=O)[O-])=C(C[n+]3cccc4ccccc43)CS[C@H]12)c1csc(N)n1,N=C(C(=O)N[C@@H]1C(=O)N2C=C(C[n+]3cccc4ccccc43)CS[C@H]12)c1cscn1,Klebsiella pneumoniae,μg/mL,CHEMBL70167,2,1.0075,0.015,2.0,0.003245054813147085,B,high,1,1.0
CO/N=C(\C(=O)N[C@@H]1C(=O)N2C(C(=O)[O-])=C(C[n+]3cccc4ccoc43)CS[C@H]12)c1csc(N)n1,N=C(C(=O)N[C@@H]1C(=O)N2C=C(C[n+]3cccc4ccoc43)CS[C@H]12)c1cscn1,Klebsiella pneumoniae,μg/mL,CHEMBL419626,1,4.0,4.0,4.0,0.6020599913279624,B,high,1,1.0
CO/N=C(\C(=O)N[C@@H]1C(=O)N2C(C(=O)[O-])=C(C[n+]3cccc4ccsc43)CS[C@H]12)c1csc(N)n1,N=C(C(=O)N[C@@H]1C(=O)N2C=C(C[n+]3cccc4ccsc43)CS[C@H]12)c1cscn1,Klebsiella pneumoniae,μg/mL,CHEMBL67045,2,2.015,0.03,4.0,0.3042750504771283,B,high,1,1.0
CO/N=C(\C(=O)N[C@@H]1C(=O)N2C(C(=O)[O-])=C(C[n+]3cccc4ncccc43)CS[C@H]12)c1csc(N)n1,N=C(C(=O)N[C@@H]1C(=O)N2C=C(C[n+]3cccc4ncccc43)CS[C@H]12)c1cscn1,Klebsiella pneumoniae,μg/mL,CHEMBL308191,2,2.03,0.06,4.0,0.3074960379132129,B,high,1,1.0
CO/N=C(\C(=O)N[C@@H]1C(=O)N2C(C(=O)[O-])=C(C[n+]3cccc4occc43)CS[C@H]12)c1csc(N)n1,N=C(C(=O)N[C@@H]1C(=O)N2C=C(C[n+]3cccc4occc43)CS[C@H]12)c1cscn1,Klebsiella pneumoniae,μg/mL,CHEMBL303655,2,4.03,0.06,8.0,0.6053050461411095,B,high,1,1.0
CO/N=C(\C(=O)N[C@@H]1C(=O)N2C(C(=O)[O-])=C(C[n+]3cccc4sccc43)CS[C@H]12)c1csc(N)n1,N=C(C(=O)N[C@@H]1C(=O)N2C=C(C[n+]3cccc4sccc43)CS[C@H]12)c1cscn1,Klebsiella pneumoniae,μg/mL,CHEMBL430563,2,0.515,0.03,1.0,-0.28819277095880896,B,high,1,1.0
CO/N=C(\C(=O)N[C@@H]1C(=O)N2C(C(=O)[O-])=C(C[n+]3ccccc3)CS[C@H]12)c1csc(N)n1,N=C(C(=O)N[C@@H]1C(=O)N2C=C(C[n+]3ccccc3)CS[C@H]12)c1cscn1,Klebsiella pneumoniae,μg/mL,CHEMBL304588,2,2.015,0.03,4.0,0.3042750504771283,B,high,1,1.0
CO/N=C(\C(=O)N[C@@H]1C(=O)N2C(C(=O)[O-])=C(C[n+]3ccccc3C)CS[C@H]12)c1csc(N)n1,N=C(C(=O)N[C@@H]1C(=O)N2C=C(C[n+]3ccccc3)CS[C@H]12)c1cscn1,Klebsiella pneumoniae,μg/mL,CHEMBL304311,2,16.125,0.25,32.0,1.2074997233073055,B,high,1,1.0
CO/N=C(\C(=O)N[C@@H]1C(=O)N2C(C(=O)[O-])=C(C[n+]3ccsc3)CS[C@H]12)c1csc(N)n1,N=C(C(=O)N[C@@H]1C(=O)N2C=C(C[n+]3ccsc3)CS[C@H]12)c1cscn1,Klebsiella pneumoniae,μg/mL,CHEMBL66055,2,4.0625,0.125,8.0,0.6087933739869308,B,high,1,1.0
CO/N=C(\C(=O)N[C@@H]1C(=O)N2C(C(=O)[O-])=C(C[n+]3csc(CCO)c3C)CS[C@H]12)c1csc(N)n1,N=C(C(=O)N[C@@H]1C(=O)N2C=C(C[n+]3ccsc3)CS[C@H]12)c1cscn1,Klebsiella pneumoniae,μg/mL,CHEMBL304987,2,2.015,0.03,4.0,0.3042750504771283,B,high,1,1.0
CO/N=C(\C(=O)N[C@@H]1C(=O)N2C(C(=O)[O-])=C(C[n+]3csc(CCOC(C)=O)c3C)CS[C@H]12)c1csc(N)n1,N=C(C(=O)N[C@@H]1C(=O)N2C=C(C[n+]3ccsc3)CS[C@H]12)c1cscn1,Klebsiella pneumoniae,μg/mL,CHEMBL66890,2,4.0075,0.015,8.0,0.6028735310261825,B,high,1,1.0
CO/N=C(\C(=O)N[C@@H]1C(=O)N2C(C(=O)[O-])=C(C[n+]3csc(CCOC=O)c3C)CS[C@H]12)c1csc(N)n1,N=C(C(=O)N[C@@H]1C(=O)N2C=C(C[n+]3ccsc3)CS[C@H]12)c1cscn1,Klebsiella pneumoniae,μg/mL,CHEMBL66239,2,2.0075,0.015,4.0,0.3026555539507185,B,high,1,1.0
CO/N=C(\C(=O)N[C@@H]1C(=O)N2C(C(=O)[O-])=C(C[n+]3csc4c3CCC4)CS[C@H]12)c1csc(N)n1,N=C(C(=O)N[C@@H]1C(=O)N2C=C(C[n+]3csc4c3CCC4)CS[C@H]12)c1cscn1,Klebsiella pneumoniae,μg/mL,CHEMBL306006,2,2.03,0.06,4.0,0.3074960379132129,B,high,1,1.0
CO/N=C(\C(=O)N[C@@H]1C(=O)N2C(C(=O)[O-])=C(C[n+]3csc4c3CCCC4)CS[C@H]12)c1csc(N)n1,N=C(C(=O)N[C@@H]1C(=O)N2C=C(C[n+]3csc4c3CCCC4)CS[C@H]12)c1cscn1,Klebsiella pneumoniae,μg/mL,CHEMBL66707,2,1.015,0.03,2.0,0.006466042249231681,B,high,1,1.0
CO/N=C(\C(=O)N[C@@H]1C(=O)N2C(C(=O)[O-])=C(C[n+]3cscc3C)CS[C@H]12)c1csc(N)n1,N=C(C(=O)N[C@@H]1C(=O)N2C=C(C[n+]3ccsc3)CS[C@H]12)c1cscn1,Klebsiella pneumoniae,μg/mL,CHEMBL307749,2,4.03,0.06,8.0,0.6053050461411095,B,high,1,1.0
CO/N=C(\C(=O)N[C@@H]1C(=O)N2C(C(=O)[O-])=C([n+]3cc(C)ccc3C)CC[C@H]12)c1csc(N)n1,N=C(C(=O)N[C@@H]1C(=O)N2C=C([n+]3ccccc3)CC[C@H]12)c1cscn1,Pseudomonas aeruginosa,μg/mL,CHEMBL81414,1,128.0,128.0,128.0,2.1072099696478683,B,high,1,1.0
CO/N=C(\C(=O)N[C@@H]1C(=O)N2C(C(=O)[O-])=C([n+]3ccc(C)c(C)c3)CC[C@H]12)c1csc(N)n1,N=C(C(=O)N[C@@H]1C(=O)N2C=C([n+]3ccccc3)CC[C@H]12)c1cscn1,Pseudomonas aeruginosa,μg/mL,CHEMBL312237,1,128.0,128.0,128.0,2.1072099696478683,B,high,1,1.0
CO/N=C(\C(=O)N[C@@H]1C(=O)N2C(C(=O)[O-])=C([n+]3ccc4c(c3)ncn4C)CC[C@H]12)c1csc(N)n1,N=C(C(=O)N[C@@H]1C(=O)N2C=C([n+]3ccc4[nH]cnc4c3)CC[C@H]12)c1cscn1,Pseudomonas aeruginosa,μg/mL,CHEMBL431984,1,128.0,128.0,128.0,2.1072099696478683,B,high,1,1.0
CO/N=C(\C(=O)N[C@@H]1C(=O)N2C(C(=O)[O-])=C([n+]3cccc4c3CCC4)CC[C@H]12)c1csc(N)n1,N=C(C(=O)N[C@@H]1C(=O)N2C=C([n+]3cccc4c3CCC4)CC[C@H]12)c1cscn1,Pseudomonas aeruginosa,μg/mL,CHEMBL3559477,1,128.0,128.0,128.0,2.1072099696478683,B,high,1,1.0
CO/N=C(\C(=O)N[C@@H]1C(=O)N2C(C(=O)[O-])=C([n+]3cccc4c3CCCC4)CC[C@H]12)c1csc(N)n1,N=C(C(=O)N[C@@H]1C(=O)N2C=C([n+]3cccc4c3CCCC4)CC[C@H]12)c1cscn1,Pseudomonas aeruginosa,μg/mL,CHEMBL81154,1,128.0,128.0,128.0,2.1072099696478683,B,high,1,1.0
CO/N=C(\C(=O)N[C@@H]1C(=O)N2C(C(=O)[O-])=C([n+]3ccccc3)CC[C@H]12)c1csc(N)n1,N=C(C(=O)N[C@@H]1C(=O)N2C=C([n+]3ccccc3)CC[C@H]12)c1cscn1,Pseudomonas aeruginosa,μg/mL,CHEMBL278189,1,128.0,128.0,128.0,2.1072099696478683,B,high,1,1.0
CO/N=C(\C(=O)N[C@H]1CN2CC(C#N)=C(C(=O)O)N2C1=O)c1csc(N)n1,N=C(C(=O)N[C@H]1CN2CC=CN2C1=O)c1cscn1,Escherichia coli,μg/mL,CHEMBL111296,5,0.25,0.25,7.87,-0.6020599913279624,B,high,1,1.0
CO/N=C(\C(=O)N[C@H]1CN2CC(C#N)=C(C(=O)O)N2C1=O)c1csc(N)n1,N=C(C(=O)N[C@H]1CN2CC=CN2C1=O)c1cscn1,Klebsiella pneumoniae,μg/mL,CHEMBL111296,1,0.25,0.25,0.25,-0.6020599913279624,B,high,1,1.0
CO/N=C1/CCN(c2cc3c(cc2F)c(=O)c(C(=O)O)cn3-c2ccc(F)cc2F)C1,N=C1CCN(c2ccc3c(=O)ccn(-c4ccccc4)c3c2)C1,Klebsiella pneumoniae,μg/mL,CHEMBL32394,1,0.78,0.78,0.78,-0.10790539730951958,B,high,1,1.0
CO/N=C1/CCN(c2cc3c(cc2F)c(=O)c(C(=O)O)cn3-c2ccc(F)cc2F)C1,N=C1CCN(c2ccc3c(=O)ccn(-c4ccccc4)c3c2)C1,Pseudomonas aeruginosa,μg/mL,CHEMBL32394,2,6.2,6.2,6.2,0.7923916894982539,B,high,1,1.0
CO/N=C1\CCN(c2nc3c(cc2F)c(=O)c(C(=O)O)cn3-c2ccc(F)cc2F)C1,N=C1CCN(c2ccc3c(=O)ccn(-c4ccccc4)c3n2)C1,Klebsiella pneumoniae,μg/mL,CHEMBL29152,1,0.78,0.78,0.78,-0.10790539730951958,B,high,1,1.0
CO/N=C1\CCN(c2nc3c(cc2F)c(=O)c(C(=O)O)cn3-c2ccc(F)cc2F)C1,N=C1CCN(c2ccc3c(=O)ccn(-c4ccccc4)c3n2)C1,Pseudomonas aeruginosa,μg/mL,CHEMBL29152,2,6.2,6.2,6.2,0.7923916894982539,B,high,1,1.0
CO/N=C1\CCN(c2nc3c(cc2F)c(=O)c(C(=O)O)cn3C2CC2)C1,N=C1CCN(c2ccc3c(=O)ccn(C4CC4)c3n2)C1,Klebsiella pneumoniae,μg/mL,CHEMBL31949,1,0.1,0.1,0.1,-1.0,B,high,1,1.0
CO/N=C1\CCN(c2nc3c(cc2F)c(=O)c(C(=O)O)cn3C2CC2)C1,N=C1CCN(c2ccc3c(=O)ccn(C4CC4)c3n2)C1,Pseudomonas aeruginosa,μg/mL,CHEMBL31949,2,2.33,1.56,3.1,0.367355921026019,B,high,1,1.0
CO/N=C1\CN(c2nc3c(cc2F)c(=O)c(C(=O)O)cn3C2CC2)CC1CN,N=C1CCN(c2ccc3c(=O)ccn(C4CC4)c3n2)C1,Acinetobacter baumannii,μg/mL,CHEMBL430,4,50.15,0.3,100.0,1.7002709373564369,B,high,2,1.0
COC(=O)N/N=C/c1c[n+]([O-])c2ccccc2[n+]1[O-],c1ccc2[nH+]cc[nH+]c2c1,Escherichia coli,μg/mL,CHEMBL13779,1,0.39,0.39,0.39,-0.4089353929735008,B,high,1,1.0
COC(=O)Oc1cc(Br)cc(C(=O)N(C)CCCN(CC(=O)NC(C(=O)NC2C(=O)N3C2SC(C)(C)C3C(=O)O)c2ccccc2)C(=O)c2cc(Br)cc(OC(=O)OC)c2OC(=O)OC)c1OC(=O)OC,O=C(CN(CCCNC(=O)c1ccccc1)C(=O)c1ccccc1)NC(C(=O)NC1C(=O)N2CCSC12)c1ccccc1,Pseudomonas aeruginosa,μg/mL,CHEMBL269183,1,0.05,0.05,0.05,-1.3010299956639813,B,high,1,1.0
COC(=O)Oc1cc(Cl)c(Cl)c(C(=O)N(C)CCCN(CC(=O)NC(C(=O)NC2C(=O)N3C2SC(C)(C)C3C(=O)O)c2ccccc2)C(=O)c2c(Cl)c(Cl)cc(OC(=O)OC)c2OC(=O)OC)c1OC(=O)OC,O=C(CN(CCCNC(=O)c1ccccc1)C(=O)c1ccccc1)NC(C(=O)NC1C(=O)N2CCSC12)c1ccccc1,Escherichia coli,μg/mL,CHEMBL407629,1,0.02,0.02,0.02,-1.6989700043360187,B,high,1,1.0
COC(=O)Oc1cc(Cl)c(Cl)c(C(=O)N(C)CCCN(CC(=O)NC(C(=O)NC2C(=O)N3C2SC(C)(C)C3C(=O)O)c2ccccc2)C(=O)c2c(Cl)c(Cl)cc(OC(=O)OC)c2OC(=O)OC)c1OC(=O)OC,O=C(CN(CCCNC(=O)c1ccccc1)C(=O)c1ccccc1)NC(C(=O)NC1C(=O)N2CCSC12)c1ccccc1,Pseudomonas aeruginosa,μg/mL,CHEMBL407629,2,0.07500000000000001,0.05,0.1,-1.1249387366083,B,high,1,1.0
COC(=O)Oc1cc(Cl)cc(C(=O)N(C)CCCN(CC(=O)NC(C(=O)NC2C(=O)N3C2SC(C)(C)C3C(=O)O)c2ccccc2)C(=O)c2cc(Cl)cc(OC(=O)OC)c2OC(=O)OC)c1OC(=O)OC,O=C(CN(CCCNC(=O)c1ccccc1)C(=O)c1ccccc1)NC(C(=O)NC1C(=O)N2CCSC12)c1ccccc1,Escherichia coli,μg/mL,CHEMBL385490,1,0.05,0.05,0.05,-1.3010299956639813,B,high,1,1.0
COC(=O)Oc1cc(Cl)cc(C(=O)N(C)CCCN(CC(=O)NC(C(=O)NC2C(=O)N3C2SC(C)(C)C3C(=O)O)c2ccccc2)C(=O)c2cc(Cl)cc(OC(=O)OC)c2OC(=O)OC)c1OC(=O)OC,O=C(CN(CCCNC(=O)c1ccccc1)C(=O)c1ccccc1)NC(C(=O)NC1C(=O)N2CCSC12)c1ccccc1,Pseudomonas aeruginosa,μg/mL,CHEMBL385490,1,0.1,0.1,0.1,-1.0,B,high,1,1.0
COC(=O)Oc1cccc(C(=O)N(C)CCCN(CC(=O)NC(C(=O)NC2C(=O)N3C2SC(C)(C)C3C(=O)O)c2ccccc2)C(=O)c2cccc(OC(=O)OC)c2OC(=O)OC)c1OC(=O)OC,O=C(CN(CCCNC(=O)c1ccccc1)C(=O)c1ccccc1)NC(C(=O)NC1C(=O)N2CCSC12)c1ccccc1,Escherichia coli,μg/mL,CHEMBL322449,1,0.02,0.02,0.02,-1.6989700043360187,B,high,1,1.0
COC(=O)Oc1cccc(C(=O)N(C)CCCN(CC(=O)NC(C(=O)NC2C(=O)N3C2SC(C)(C)C3C(=O)O)c2ccccc2)C(=O)c2cccc(OC(=O)OC)c2OC(=O)OC)c1OC(=O)OC,O=C(CN(CCCNC(=O)c1ccccc1)C(=O)c1ccccc1)NC(C(=O)NC1C(=O)N2CCSC12)c1ccccc1,Klebsiella pneumoniae,μg/mL,CHEMBL322449,1,0.005,0.005,0.005,-2.3010299956639813,B,high,1,1.0
COC(=O)Oc1cccc(C(=O)N(C)CCCN(CC(=O)NC(C(=O)NC2C(=O)N3C2SC(C)(C)C3C(=O)O)c2ccccc2)C(=O)c2cccc(OC(=O)OC)c2OC(=O)OC)c1OC(=O)OC,O=C(CN(CCCNC(=O)c1ccccc1)C(=O)c1ccccc1)NC(C(=O)NC1C(=O)N2CCSC12)c1ccccc1,Pseudomonas aeruginosa,μg/mL,CHEMBL322449,2,0.175,0.04,0.31,-0.7569619513137056,B,high,1,1.0
COC(=O)Oc1cccc(C(=O)N(CCCCn2c(=O)oc3c(OC(=O)OC)cccc3c2=O)CC(=O)NC(C(=O)NC2C(=O)N3C2SC(C)(C)C3C(=O)O)c2ccccc2)c1OC(=O)OC,O=C(CN(CCCCn1c(=O)oc2ccccc2c1=O)C(=O)c1ccccc1)NC(C(=O)NC1C(=O)N2CCSC12)c1ccccc1,Escherichia coli,μg/mL,CHEMBL103047,1,0.01,0.01,0.01,-2.0,B,high,1,1.0
COC(=O)Oc1cccc(C(=O)N(CCCCn2c(=O)oc3c(OC(=O)OC)cccc3c2=O)CC(=O)NC(C(=O)NC2C(=O)N3C2SC(C)(C)C3C(=O)O)c2ccccc2)c1OC(=O)OC,O=C(CN(CCCCn1c(=O)oc2ccccc2c1=O)C(=O)c1ccccc1)NC(C(=O)NC1C(=O)N2CCSC12)c1ccccc1,Pseudomonas aeruginosa,μg/mL,CHEMBL103047,2,0.098,0.04,0.156,-1.0087739243075051,B,high,1,1.0
COC(=O)Oc1cccc(C(=O)N(CCCn2c(=O)oc3c(OC(=O)OC)cccc3c2=O)C(C)C(=O)NC(C(=O)NC2C(=O)N3C2SC(C)(C)C3C(=O)O)c2ccccc2)c1OC(=O)OC,O=C(CN(CCCn1c(=O)oc2ccccc2c1=O)C(=O)c1ccccc1)NC(C(=O)NC1C(=O)N2CCSC12)c1ccccc1,Escherichia coli,μg/mL,CHEMBL318330,1,0.4,0.4,0.4,-0.3979400086720376,B,high,1,1.0
COC(=O)Oc1cccc(C(=O)N(CCCn2c(=O)oc3c(OC(=O)OC)cccc3c2=O)C(C)C(=O)NC(C(=O)NC2C(=O)N3C2SC(C)(C)C3C(=O)O)c2ccccc2)c1OC(=O)OC,O=C(CN(CCCn1c(=O)oc2ccccc2c1=O)C(=O)c1ccccc1)NC(C(=O)NC1C(=O)N2CCSC12)c1ccccc1,Pseudomonas aeruginosa,μg/mL,CHEMBL318330,2,1.61,0.1,3.12,0.20682587603184974,B,high,1,1.0
COC(=O)Oc1cccc(C(=O)N(CCCn2c(=O)oc3c(OC(=O)OC)cccc3c2=O)C(C)CCC(=O)NC(C(=O)NC2C(=O)N3C2SC(C)(C)C3C(=O)O)c2ccccc2)c1OC(=O)OC,O=C(CCCN(CCCn1c(=O)oc2ccccc2c1=O)C(=O)c1ccccc1)NC(C(=O)NC1C(=O)N2CCSC12)c1ccccc1,Escherichia coli,μg/mL,CHEMBL322864,1,1.56,1.56,1.56,0.1931245983544616,B,high,1,1.0
COC(=O)Oc1cccc(C(=O)N(CCCn2c(=O)oc3c(OC(=O)OC)cccc3c2=O)C(C)CCC(=O)NC(C(=O)NC2C(=O)N3C2SC(C)(C)C3C(=O)O)c2ccccc2)c1OC(=O)OC,O=C(CCCN(CCCn1c(=O)oc2ccccc2c1=O)C(=O)c1ccccc1)NC(C(=O)NC1C(=O)N2CCSC12)c1ccccc1,Klebsiella pneumoniae,μg/mL,CHEMBL322864,1,0.2,0.2,0.2,-0.6989700043360187,B,high,1,1.0
COC(=O)Oc1cccc(C(=O)N(CCCn2c(=O)oc3c(OC(=O)OC)cccc3c2=O)C(C)CCC(=O)NC(C(=O)NC2C(=O)N3C2SC(C)(C)C3C(=O)O)c2ccccc2)c1OC(=O)OC,O=C(CCCN(CCCn1c(=O)oc2ccccc2c1=O)C(=O)c1ccccc1)NC(C(=O)NC1C(=O)N2CCSC12)c1ccccc1,Pseudomonas aeruginosa,μg/mL,CHEMBL322864,2,1.61,0.1,3.12,0.20682587603184974,B,high,1,1.0
COC(=O)Oc1cccc(C(=O)NCCCCCN(CC(=O)NC(C(=O)NC2C(=O)N3C2SC(C)(C)C3C(=O)O)c2ccccc2)C(=O)c2cccc(OC(=O)OC)c2OC(=O)OC)c1OC(=O)OC,O=C(CN(CCCCCNC(=O)c1ccccc1)C(=O)c1ccccc1)NC(C(=O)NC1C(=O)N2CCSC12)c1ccccc1,Escherichia coli,μg/mL,CHEMBL103359,1,0.16,0.16,0.16,-0.7958800173440752,B,high,1,1.0
COC(=O)Oc1cccc(C(=O)NCCCCCN(CC(=O)NC(C(=O)NC2C(=O)N3C2SC(C)(C)C3C(=O)O)c2ccccc2)C(=O)c2cccc(OC(=O)OC)c2OC(=O)OC)c1OC(=O)OC,O=C(CN(CCCCCNC(=O)c1ccccc1)C(=O)c1ccccc1)NC(C(=O)NC1C(=O)N2CCSC12)c1ccccc1,Pseudomonas aeruginosa,μg/mL,CHEMBL103359,2,0.1,0.04,0.16,-1.0,B,high,1,1.0
COC(=O)Oc1cccc2c(=O)n(-c3cc(C(=O)NC(C(=O)NC4C(=O)N5C4SC(C)(C)C5C(=O)O)c4ccccc4)cc(-n4c(=O)oc5c(OC(=O)OC)cccc5c4=O)c3)c(=O)oc12,O=C(NC(C(=O)NC1C(=O)N2CCSC12)c1ccccc1)c1cc(-n2c(=O)oc3ccccc3c2=O)cc(-n2c(=O)oc3ccccc3c2=O)c1,Escherichia coli,μg/mL,CHEMBL102224,1,25.0,25.0,25.0,1.3979400086720377,B,high,1,1.0
COC(=O)Oc1cccc2c(=O)n(-c3cc(C(=O)NC(C(=O)NC4C(=O)N5C4SC(C)(C)C5C(=O)O)c4ccccc4)cc(-n4c(=O)oc5c(OC(=O)OC)cccc5c4=O)c3)c(=O)oc12,O=C(NC(C(=O)NC1C(=O)N2CCSC12)c1ccccc1)c1cc(-n2c(=O)oc3ccccc3c2=O)cc(-n2c(=O)oc3ccccc3c2=O)c1,Klebsiella pneumoniae,μg/mL,CHEMBL102224,1,6.25,6.25,6.25,0.7958800173440752,B,high,1,1.0
COC(=O)Oc1cccc2c(=O)n(-c3cc(C(=O)NC(C(=O)NC4C(=O)N5C4SC(C)(C)C5C(=O)O)c4ccccc4)cc(-n4c(=O)oc5c(OC(=O)OC)cccc5c4=O)c3)c(=O)oc12,O=C(NC(C(=O)NC1C(=O)N2CCSC12)c1ccccc1)c1cc(-n2c(=O)oc3ccccc3c2=O)cc(-n2c(=O)oc3ccccc3c2=O)c1,Pseudomonas aeruginosa,μg/mL,CHEMBL102224,2,0.88,0.2,1.56,-0.05551732784983137,B,high,1,1.0
COC(=O)Oc1cccc2c(=O)n(CC(=O)Nc3cc(NC(=O)Cn4c(=O)oc5c(OC(=O)OC)cccc5c4=O)cc(C(=O)NC(C(=O)NC4C(=O)N5C4SC(C)(C)C5C(=O)O)c4ccccc4)c3)c(=O)oc12,O=C(Cn1c(=O)oc2ccccc2c1=O)Nc1cc(NC(=O)Cn2c(=O)oc3ccccc3c2=O)cc(C(=O)NC(C(=O)NC2C(=O)N3CCSC23)c2ccccc2)c1,Escherichia coli,μg/mL,CHEMBL275576,1,25.0,25.0,25.0,1.3979400086720377,B,high,1,1.0
COC(=O)Oc1cccc2c(=O)n(CC(=O)Nc3cc(NC(=O)Cn4c(=O)oc5c(OC(=O)OC)cccc5c4=O)cc(C(=O)NC(C(=O)NC4C(=O)N5C4SC(C)(C)C5C(=O)O)c4ccccc4)c3)c(=O)oc12,O=C(Cn1c(=O)oc2ccccc2c1=O)Nc1cc(NC(=O)Cn2c(=O)oc3ccccc3c2=O)cc(C(=O)NC(C(=O)NC2C(=O)N3CCSC23)c2ccccc2)c1,Klebsiella pneumoniae,μg/mL,CHEMBL275576,1,1.56,1.56,1.56,0.1931245983544616,B,high,1,1.0
COC(=O)Oc1cccc2c(=O)n(CC(=O)Nc3cc(NC(=O)Cn4c(=O)oc5c(OC(=O)OC)cccc5c4=O)cc(C(=O)NC(C(=O)NC4C(=O)N5C4SC(C)(C)C5C(=O)O)c4ccccc4)c3)c(=O)oc12,O=C(Cn1c(=O)oc2ccccc2c1=O)Nc1cc(NC(=O)Cn2c(=O)oc3ccccc3c2=O)cc(C(=O)NC(C(=O)NC2C(=O)N3CCSC23)c2ccccc2)c1,Pseudomonas aeruginosa,μg/mL,CHEMBL275576,2,0.805,0.05,1.56,-0.09420411963213146,B,high,1,1.0
COC(=O)Oc1cccc2c(=O)n(CCC(=O)Nc3cc(NC(=O)CCn4c(=O)oc5c(OC(=O)OC)cccc5c4=O)cc(C(=O)NC(C(=O)NC4C(=O)N5C4SC(C)(C)C5C(=O)O)c4ccc(O)cc4)c3)c(=O)oc12,O=C(CCn1c(=O)oc2ccccc2c1=O)Nc1cc(NC(=O)CCn2c(=O)oc3ccccc3c2=O)cc(C(=O)NC(C(=O)NC2C(=O)N3CCSC23)c2ccccc2)c1,Escherichia coli,μg/mL,CHEMBL405594,1,6.25,6.25,6.25,0.7958800173440752,B,high,1,1.0
COC(=O)Oc1cccc2c(=O)n(CCC(=O)Nc3cc(NC(=O)CCn4c(=O)oc5c(OC(=O)OC)cccc5c4=O)cc(C(=O)NC(C(=O)NC4C(=O)N5C4SC(C)(C)C5C(=O)O)c4ccc(O)cc4)c3)c(=O)oc12,O=C(CCn1c(=O)oc2ccccc2c1=O)Nc1cc(NC(=O)CCn2c(=O)oc3ccccc3c2=O)cc(C(=O)NC(C(=O)NC2C(=O)N3CCSC23)c2ccccc2)c1,Klebsiella pneumoniae,μg/mL,CHEMBL405594,1,6.25,6.25,6.25,0.7958800173440752,B,high,1,1.0
COC(=O)Oc1cccc2c(=O)n(CCC(=O)Nc3cc(NC(=O)CCn4c(=O)oc5c(OC(=O)OC)cccc5c4=O)cc(C(=O)NC(C(=O)NC4C(=O)N5C4SC(C)(C)C5C(=O)O)c4ccc(O)cc4)c3)c(=O)oc12,O=C(CCn1c(=O)oc2ccccc2c1=O)Nc1cc(NC(=O)CCn2c(=O)oc3ccccc3c2=O)cc(C(=O)NC(C(=O)NC2C(=O)N3CCSC23)c2ccccc2)c1,Pseudomonas aeruginosa,μg/mL,CHEMBL405594,2,6.25,6.25,6.25,0.7958800173440752,B,high,1,1.0
COC(=O)Oc1cccc2c(=O)n(CCC(=O)Nc3cc(NC(=O)CCn4c(=O)oc5c(OC(=O)OC)cccc5c4=O)cc(C(=O)NC(C(=O)NC4C(=O)N5C4SC(C)(C)C5C(=O)O)c4ccccc4)c3)c(=O)oc12,O=C(CCn1c(=O)oc2ccccc2c1=O)Nc1cc(NC(=O)CCn2c(=O)oc3ccccc3c2=O)cc(C(=O)NC(C(=O)NC2C(=O)N3CCSC23)c2ccccc2)c1,Escherichia coli,μg/mL,CHEMBL217477,1,6.25,6.25,6.25,0.7958800173440752,B,high,1,1.0
COC(=O)Oc1cccc2c(=O)n(CCC(=O)Nc3cc(NC(=O)CCn4c(=O)oc5c(OC(=O)OC)cccc5c4=O)cc(C(=O)NC(C(=O)NC4C(=O)N5C4SC(C)(C)C5C(=O)O)c4ccccc4)c3)c(=O)oc12,O=C(CCn1c(=O)oc2ccccc2c1=O)Nc1cc(NC(=O)CCn2c(=O)oc3ccccc3c2=O)cc(C(=O)NC(C(=O)NC2C(=O)N3CCSC23)c2ccccc2)c1,Klebsiella pneumoniae,μg/mL,CHEMBL217477,1,0.2,0.2,0.2,-0.6989700043360187,B,high,1,1.0
COC(=O)Oc1cccc2c(=O)n(CCC(=O)Nc3cc(NC(=O)CCn4c(=O)oc5c(OC(=O)OC)cccc5c4=O)cc(C(=O)NC(C(=O)NC4C(=O)N5C4SC(C)(C)C5C(=O)O)c4ccccc4)c3)c(=O)oc12,O=C(CCn1c(=O)oc2ccccc2c1=O)Nc1cc(NC(=O)CCn2c(=O)oc3ccccc3c2=O)cc(C(=O)NC(C(=O)NC2C(=O)N3CCSC23)c2ccccc2)c1,Pseudomonas aeruginosa,μg/mL,CHEMBL217477,2,0.125,0.05,0.2,-0.9030899869919435,B,high,1,1.0
COC(=O)[C@H](CCCN=C(N)N)NC(=O)[C@H](Cc1c[nH]c2ccccc12)NC(=O)C1CCCCC1,O=C(NCCc1c[nH]c2ccccc12)C1CCCCC1,Escherichia coli,μg/mL,CHEMBL290780,1,200.0,200.0,200.0,2.3010299956639813,B,high,1,1.0
COC(=O)[C@H](CCSC)NCc1cc2ccccc2nc1SC,c1ccc2ncccc2c1,Pseudomonas aeruginosa,μg/mL,STEED2022-17,1,256.0,256.0,256.0,2.4082399653118496,A,high,1,1.0
COC(=O)[C@H](CCSC)NCc1cc2ccccc2nc1SC,c1ccc2ncccc2c1,Staphylococcus aureus,μg/mL,STEED2022-17,1,64.0,64.0,64.0,1.806179973983887,A,high,1,1.0
COC(=O)[C@H]1O[C@H](CN)[C@H]1SC1=C(C(=O)O)N2C(=O)[C@H]([C@@H](C)O)[C@H]2[C@H]1C,O=C1C[C@H]2CC(SC3COC3)=CN12,Escherichia coli,μg/mL,CHEMBL2368991,3,0.5,0.25,0.5,-0.3010299956639812,B,high,1,1.0
COC(=O)[C@H]1O[C@H](CN)[C@H]1SC1=C(C(=O)O)N2C(=O)[C@H]([C@@H](C)O)[C@H]2[C@H]1C,O=C1C[C@H]2CC(SC3COC3)=CN12,Pseudomonas aeruginosa,μg/mL,CHEMBL2368991,1,128.0,128.0,128.0,2.1072099696478683,B,high,1,1.0
COC(=O)[C@H]1O[C@H](CO)[C@H]1SC1=C(C(=O)[O-])N2C(=O)[C@H]([C@@H](C)O)[C@H]2[C@H]1C.[Na+],O=C1C[C@H]2CC(SC3COC3)=CN12,Escherichia coli,μg/mL,CHEMBL2368993,3,0.5,0.25,1.0,-0.3010299956639812,B,high,1,1.0
COC(=O)[C@H]1O[C@H](COS(=O)(=O)c2ccc(C)cc2)[C@H]1SC1=C(C(=O)[O-])N2C(=O)[C@H]([C@@H](C)O)[C@H]2[C@H]1C.[Na+],O=C1C[C@H]2CC(S[C@H]3CO[C@@H]3COS(=O)(=O)c3ccccc3)=CN12,Escherichia coli,μg/mL,CHEMBL2368987,1,2.0,2.0,2.0,0.3010299956639812,B,high,1,1.0
COC(=O)c1c(NC(=O)c2ccc([N+](=O)[O-])o2)sc2c1CC(C)(C)NC2(C)C,O=C(Nc1cc2c(s1)CNCC2)c1ccco1,Acinetobacter baumannii,μg/mL,CHEMBL1632106,1,12.0,12.0,12.0,1.0791812460476249,B,high,1,1.0
COC(=O)c1ccc2ncc(F)c(CCC34CCC(NCc5ccc6c(n5)NC(=O)CO6)(CC3)CO4)c2n1,O=C1COc2ccc(CNC34CCC(CCc5ccnc6cccnc56)(CC3)OC4)nc2N1,Acinetobacter baumannii,μg/mL,CHEMBL3422768,1,2.0,2.0,2.0,0.3010299956639812,B,high,1,1.0
COC(=O)c1cccc(C(=O)c2cc(Cl)cc(C(=O)c3ccccc3O)c2O)c1O,O=C(c1ccccc1)c1cccc(C(=O)c2ccccc2)c1,Pseudomonas aeruginosa,μg/mL,CHEMBL115578,2,5.04,4.3,5.78,0.7024305364455253,B,high,1,1.0
COC(=O)c1cccc(Cc2cc(Cl)cc(Cc3ccccc3O)c2O)c1O,c1ccc(Cc2cccc(Cc3ccccc3)c2)cc1,Pseudomonas aeruginosa,μg/mL,CHEMBL115579,2,1.405,1.25,1.56,0.1476763242410987,B,high,1,1.0
COC(=O)c1ccccc1-c1c2ccc(=N)cc-2oc2cc(N)ccc12.Cl,N=c1ccc2c(-c3ccccc3)c3ccccc3oc-2c1,Acinetobacter baumannii,μg/mL,CHEMBL176049,3,128.0,64.0,128.0,2.1072099696478683,B,high,1,1.0
COC(=O)c1ccccc1NC(=O)c1ccc([N+](=O)[O-])o1,O=C(Nc1ccccc1)c1ccco1,Acinetobacter baumannii,μg/mL,CHEMBL1632110,1,12.0,12.0,12.0,1.0791812460476249,B,high,1,1.0
COC/C(=C\[C@@H]1CCCN1)C1=C(C(=O)O)N2C(=O)[C@H]([C@@H](C)O)[C@H]2C1,O=C1C[C@H]2CC(C=C[C@@H]3CCCN3)=CN12,Pseudomonas aeruginosa,μg/mL,CHEMBL327648,1,25.0,25.0,25.0,1.3979400086720377,B,high,1,1.0
COC1(NC(=O)C(C(=O)[O-])c2ccc(O)cc2)C(=O)N2C(C(=O)[O-])=C(CSc3nnnn3C)CCC21.[Na+].[Na+],O=C(Cc1ccccc1)NC1C(=O)N2C=C(CSc3nnn[nH]3)CCC12,Klebsiella pneumoniae,μg/mL,CHEMBL40349,1,3.13,3.13,3.13,0.49554433754644844,B,high,1,1.0
COC1/C=C/OC2(C)Oc3c(C)c(O)c4c(O)c(c(C=NN5CCN(C6CCCC6)CC5)c(O)c4c3C2=O)NC(=O)/C(C)=C\C=C\C(C)C(O)C(C)C(O)C(C)C(OC(C)=O)C1C,O=C1/C=C\C=C\CCCCCCCC/C=C/OC2Oc3ccc4cc(c(C=NN5CCN(C6CCCC6)CC5)cc4c3C2=O)N1,Escherichia coli,μg/mL,CHEMBL430727,1,16.0,16.0,16.0,1.2041199826559248,B,high,1,1.0
COC1/C=C/OC2(C)Oc3c(C)c(O)c4c(O)c(c(C=NN5CCN(C6CCCC6)CC5)c(O)c4c3C2=O)NC(=O)/C(C)=C\C=C\C(C)C(O)C(C)C(O)C(C)C(OC(C)=O)C1C,O=C1/C=C\C=C\CCCCCCCC/C=C/OC2Oc3ccc4cc(c(C=NN5CCN(C6CCCC6)CC5)cc4c3C2=O)N1,Klebsiella pneumoniae,μg/mL,CHEMBL430727,1,32.0,32.0,32.0,1.505149978319906,B,high,1,1.0
COC1/C=C/OC2(C)Oc3c(C)c(O)c4c(O)c(c(C=NN5CCN(C6CCCC6)CC5)c(O)c4c3C2=O)NC(=O)/C(C)=C\C=C\C(C)C(O)C(C)C(O)C(C)C(OC(C)=O)C1C,O=C1/C=C\C=C\CCCCCCCC/C=C/OC2Oc3ccc4cc(c(C=NN5CCN(C6CCCC6)CC5)cc4c3C2=O)N1,Pseudomonas aeruginosa,μg/mL,CHEMBL430727,1,8.0,8.0,8.0,0.9030899869919435,B,high,1,1.0
COC1/C=C/OC2(C)Oc3c(C)c(O)c4c(O)c(c5c([n-]c6c(C)ccc[n+]65)c4c3C2=O)NC(=O)/C(C)=C\C=C\C(C)C(O)C(C)C(O)C(C)C(OC(C)=O)C1C,O=C1/C=C\C=C\CCCCCCCC/C=C/OC2Oc3ccc4cc(c5c([n-]c6cccc[n+]65)c4c3C2=O)N1,Klebsiella pneumoniae,μg/mL,CHEMBL369815,1,6.0,6.0,6.0,0.7781512503836436,B,high,1,1.0
COC1/C=C/OC2(C)Oc3c(C)c(O)c4c(O)c(c5c([n-]c6cccc[n+]65)c4c3C2=O)NC(=O)/C(C)=C\C=C\C(C)C(O)C(C)C(O)C(C)C(OC(C)=O)C1C,O=C1/C=C\C=C\CCCCCCCC/C=C/OC2Oc3ccc4cc(c5c([n-]c6cccc[n+]65)c4c3C2=O)N1,Klebsiella pneumoniae,μg/mL,CHEMBL367690,1,6.0,6.0,6.0,0.7781512503836436,B,high,1,1.0
COC1/C=C/OC2(C)Oc3c(C)c(O)c4c(O)c(c5c(c4c3C2=O)=NC2(CCN(CC(C)C)CC2)N=5)NC(=O)/C(C)=C\C=C\C(C)C(O)C(C)C(O)C(C)C(OC(C)=O)C1C,O=C1/C=C\C=C\CCCCCCCC/C=C/OC2Oc3ccc4cc(c5c(c4c3C2=O)=NC2(CCNCC2)N=5)N1,Escherichia coli,μg/mL,CHEMBL34588,1,16.0,16.0,16.0,1.2041199826559248,B,high,1,1.0
COC1/C=C/OC2(C)Oc3c(C)c(O)c4c(O)c(c5c(c4c3C2=O)=NC2(CCN(CC(C)C)CC2)N=5)NC(=O)/C(C)=C\C=C\C(C)C(O)C(C)C(O)C(C)C(OC(C)=O)C1C,O=C1/C=C\C=C\CCCCCCCC/C=C/OC2Oc3ccc4cc(c5c(c4c3C2=O)=NC2(CCNCC2)N=5)N1,Klebsiella pneumoniae,μg/mL,CHEMBL34588,1,16.0,16.0,16.0,1.2041199826559248,B,high,1,1.0
COC1/C=C/OC2(C)Oc3c(C)c(O)c4c(O)c(c5c(c4c3C2=O)=NC2(CCN(CC(C)C)CC2)N=5)NC(=O)/C(C)=C\C=C\C(C)C(O)C(C)C(O)C(C)C(OC(C)=O)C1C,O=C1/C=C\C=C\CCCCCCCC/C=C/OC2Oc3ccc4cc(c5c(c4c3C2=O)=NC2(CCNCC2)N=5)N1,Pseudomonas aeruginosa,μg/mL,CHEMBL34588,1,8.0,8.0,8.0,0.9030899869919435,B,high,1,1.0
COC1/C=C/OC2(C)Oc3c(C)c(O)c4c(O)c(c5sc(N6CCCC6)nc5c4c3C2=O)NC(=O)/C(C)=C\C=C\C(C)C(O)C(C)C(O)C(C)C(OC(C)=O)C1C,O=C1/C=C\C=C\CCCCCCCC/C=C/OC2Oc3ccc4cc(c5sc(N6CCCC6)nc5c4c3C2=O)N1,Escherichia coli,μg/mL,CHEMBL35037,1,16.0,16.0,16.0,1.2041199826559248,B,high,1,1.0
COC1/C=C/OC2(C)Oc3c(C)c(O)c4c(O)c(c5sc(N6CCCC6)nc5c4c3C2=O)NC(=O)/C(C)=C\C=C\C(C)C(O)C(C)C(O)C(C)C(OC(C)=O)C1C,O=C1/C=C\C=C\CCCCCCCC/C=C/OC2Oc3ccc4cc(c5sc(N6CCCC6)nc5c4c3C2=O)N1,Klebsiella pneumoniae,μg/mL,CHEMBL35037,1,32.0,32.0,32.0,1.505149978319906,B,high,1,1.0
COC1/C=C/OC2(C)Oc3c(C)c(O)c4c(O)c(c5sc(N6CCCC6)nc5c4c3C2=O)NC(=O)/C(C)=C\C=C\C(C)C(O)C(C)C(O)C(C)C(OC(C)=O)C1C,O=C1/C=C\C=C\CCCCCCCC/C=C/OC2Oc3ccc4cc(c5sc(N6CCCC6)nc5c4c3C2=O)N1,Pseudomonas aeruginosa,μg/mL,CHEMBL35037,1,8.0,8.0,8.0,0.9030899869919435,B,high,1,1.0
COC1/C=C/OC2(C)Oc3c(C)c(O)c4c(O)c(c5sc(N6CCCCC6)nc5c4c3C2=O)N(C)C(=O)/C(C)=C\C=C\C(C)C(O)C(C)C(O)C(C)C(OC(C)=O)C1C,O=C1/C=C\C=C\CCCCCCCC/C=C/OC2Oc3ccc4cc(c5sc(N6CCCCC6)nc5c4c3C2=O)N1,Escherichia coli,μg/mL,CHEMBL286096,1,32.0,32.0,32.0,1.505149978319906,B,high,1,1.0
COC1/C=C/OC2(C)Oc3c(C)c(O)c4c(O)c(c5sc(N6CCCCC6)nc5c4c3C2=O)N(C)C(=O)/C(C)=C\C=C\C(C)C(O)C(C)C(O)C(C)C(OC(C)=O)C1C,O=C1/C=C\C=C\CCCCCCCC/C=C/OC2Oc3ccc4cc(c5sc(N6CCCCC6)nc5c4c3C2=O)N1,Klebsiella pneumoniae,μg/mL,CHEMBL286096,1,32.0,32.0,32.0,1.505149978319906,B,high,1,1.0
COC1/C=C/OC2(C)Oc3c(C)c(O)c4c(O)c(c5sc(N6CCCCC6)nc5c4c3C2=O)N(C)C(=O)/C(C)=C\C=C\C(C)C(O)C(C)C(O)C(C)C(OC(C)=O)C1C,O=C1/C=C\C=C\CCCCCCCC/C=C/OC2Oc3ccc4cc(c5sc(N6CCCCC6)nc5c4c3C2=O)N1,Pseudomonas aeruginosa,μg/mL,CHEMBL286096,1,8.0,8.0,8.0,0.9030899869919435,B,high,1,1.0
COC1/C=C/OC2(C)Oc3c(C)c(O)c4c(O)c(c5sc(N6CCN(C(=O)OCc7ccccc7)CC6)nc5c4c3C2=O)NC(=O)/C(C)=C\C=C\C(C)C(O)C(C)C(O)C(C)C(OC(C)=O)C1C,O=C1/C=C\C=C\CCCCCCCC/C=C/OC2Oc3ccc4cc(c5sc(N6CCN(C(=O)OCc7ccccc7)CC6)nc5c4c3C2=O)N1,Pseudomonas aeruginosa,μg/mL,CHEMBL287132,1,32.0,32.0,32.0,1.505149978319906,B,high,1,1.0
COC1/C=C/OC2(C)Oc3c(C)c(O)c4c(O)c(c5sc(N6CCN(C)CC6)nc5c4c3C2=O)NC(=O)/C(C)=C\C=C\C(C)C(O)C(C)C(O)C(C)C(O)C1C,O=C1/C=C\C=C\CCCCCCCC/C=C/OC2Oc3ccc4cc(c5sc(N6CCNCC6)nc5c4c3C2=O)N1,Escherichia coli,μg/mL,CHEMBL35149,1,8.0,8.0,8.0,0.9030899869919435,B,high,1,1.0
COC1/C=C/OC2(C)Oc3c(C)c(O)c4c(O)c(c5sc(N6CCN(C)CC6)nc5c4c3C2=O)NC(=O)/C(C)=C\C=C\C(C)C(O)C(C)C(O)C(C)C(O)C1C,O=C1/C=C\C=C\CCCCCCCC/C=C/OC2Oc3ccc4cc(c5sc(N6CCNCC6)nc5c4c3C2=O)N1,Klebsiella pneumoniae,μg/mL,CHEMBL35149,1,16.0,16.0,16.0,1.2041199826559248,B,high,1,1.0
COC1/C=C/OC2(C)Oc3c(C)c(O)c4c(O)c(c5sc(N6CCN(C)CC6)nc5c4c3C2=O)NC(=O)/C(C)=C\C=C\C(C)C(O)C(C)C(O)C(C)C(O)C1C,O=C1/C=C\C=C\CCCCCCCC/C=C/OC2Oc3ccc4cc(c5sc(N6CCNCC6)nc5c4c3C2=O)N1,Pseudomonas aeruginosa,μg/mL,CHEMBL35149,1,16.0,16.0,16.0,1.2041199826559248,B,high,1,1.0
COC1/C=C/OC2(C)Oc3c(C)c(O)c4c(O)c(c5sc(N6CCN(C)CC6)nc5c4c3C2=O)NC(=O)/C(C)=C\C=C\C(C)C(O)C(C)C(O)C(C)C(OC(C)=O)C1C,O=C1/C=C\C=C\CCCCCCCC/C=C/OC2Oc3ccc4cc(c5sc(N6CCNCC6)nc5c4c3C2=O)N1,Escherichia coli,μg/mL,CHEMBL290078,1,2.0,2.0,2.0,0.3010299956639812,B,high,1,1.0
COC1/C=C/OC2(C)Oc3c(C)c(O)c4c(O)c(c5sc(N6CCN(C)CC6)nc5c4c3C2=O)NC(=O)/C(C)=C\C=C\C(C)C(O)C(C)C(O)C(C)C(OC(C)=O)C1C,O=C1/C=C\C=C\CCCCCCCC/C=C/OC2Oc3ccc4cc(c5sc(N6CCNCC6)nc5c4c3C2=O)N1,Klebsiella pneumoniae,μg/mL,CHEMBL290078,1,16.0,16.0,16.0,1.2041199826559248,B,high,1,1.0
COC1/C=C/OC2(C)Oc3c(C)c(O)c4c(O)c(c5sc(N6CCN(C)CC6)nc5c4c3C2=O)NC(=O)/C(C)=C\C=C\C(C)C(O)C(C)C(O)C(C)C(OC(C)=O)C1C,O=C1/C=C\C=C\CCCCCCCC/C=C/OC2Oc3ccc4cc(c5sc(N6CCNCC6)nc5c4c3C2=O)N1,Pseudomonas aeruginosa,μg/mL,CHEMBL290078,1,8.0,8.0,8.0,0.9030899869919435,B,high,1,1.0
COC1/C=C/OC2(C)Oc3c(C)c(O)c4c(O)c(c5sc(N6CCN(CCO)CC6)nc5c4c3C2=O)NC(=O)/C(C)=C\C=C\C(C)C(O)C(C)C(O)C(C)C(OC(C)=O)C1C,O=C1/C=C\C=C\CCCCCCCC/C=C/OC2Oc3ccc4cc(c5sc(N6CCNCC6)nc5c4c3C2=O)N1,Escherichia coli,μg/mL,CHEMBL34861,1,8.0,8.0,8.0,0.9030899869919435,B,high,1,1.0
COC1/C=C/OC2(C)Oc3c(C)c(O)c4c(O)c(c5sc(N6CCN(CCO)CC6)nc5c4c3C2=O)NC(=O)/C(C)=C\C=C\C(C)C(O)C(C)C(O)C(C)C(OC(C)=O)C1C,O=C1/C=C\C=C\CCCCCCCC/C=C/OC2Oc3ccc4cc(c5sc(N6CCNCC6)nc5c4c3C2=O)N1,Klebsiella pneumoniae,μg/mL,CHEMBL34861,1,32.0,32.0,32.0,1.505149978319906,B,high,1,1.0
COC1/C=C/OC2(C)Oc3c(C)c(O)c4c(O)c(c5sc(N6CCN(CCO)CC6)nc5c4c3C2=O)NC(=O)/C(C)=C\C=C\C(C)C(O)C(C)C(O)C(C)C(OC(C)=O)C1C,O=C1/C=C\C=C\CCCCCCCC/C=C/OC2Oc3ccc4cc(c5sc(N6CCNCC6)nc5c4c3C2=O)N1,Pseudomonas aeruginosa,μg/mL,CHEMBL34861,1,16.0,16.0,16.0,1.2041199826559248,B,high,1,1.0
COC1/C=C/OC2(C)Oc3c(C)c(O)c4c(O)c(c5sc(N6CCN(Cc7ccccc7)CC6)nc5c4c3C2=O)NC(=O)/C(C)=C\C=C\C(C)C(O)C(C)C(O)C(C)C(OC(C)=O)C1C,O=C1/C=C\C=C\CCCCCCCC/C=C/OC2Oc3ccc4cc(c5sc(N6CCN(Cc7ccccc7)CC6)nc5c4c3C2=O)N1,Escherichia coli,μg/mL,CHEMBL34134,1,32.0,32.0,32.0,1.505149978319906,B,high,1,1.0
COC1/C=C/OC2(C)Oc3c(C)c(O)c4c(O)c(c5sc(N6CCN(Cc7ccccc7)CC6)nc5c4c3C2=O)NC(=O)/C(C)=C\C=C\C(C)C(O)C(C)C(O)C(C)C(OC(C)=O)C1C,O=C1/C=C\C=C\CCCCCCCC/C=C/OC2Oc3ccc4cc(c5sc(N6CCN(Cc7ccccc7)CC6)nc5c4c3C2=O)N1,Klebsiella pneumoniae,μg/mL,CHEMBL34134,1,64.0,64.0,64.0,1.806179973983887,B,high,1,1.0
COC1/C=C/OC2(C)Oc3c(C)c(O)c4c(O)c(c5sc(N6CCN(Cc7ccccc7)CC6)nc5c4c3C2=O)NC(=O)/C(C)=C\C=C\C(C)C(O)C(C)C(O)C(C)C(OC(C)=O)C1C,O=C1/C=C\C=C\CCCCCCCC/C=C/OC2Oc3ccc4cc(c5sc(N6CCN(Cc7ccccc7)CC6)nc5c4c3C2=O)N1,Pseudomonas aeruginosa,μg/mL,CHEMBL34134,1,16.0,16.0,16.0,1.2041199826559248,B,high,1,1.0
COC1/C=C/OC2(C)Oc3c(C)c(O)c4c(O)c(c5sc(N6CCN(c7ccc(Cl)cc7)CC6)nc5c4c3C2=O)NC(=O)/C(C)=C\C=C\C(C)C(O)C(C)C(O)C(C)C(OC(C)=O)C1C,O=C1/C=C\C=C\CCCCCCCC/C=C/OC2Oc3ccc4cc(c5sc(N6CCN(c7ccccc7)CC6)nc5c4c3C2=O)N1,Escherichia coli,μg/mL,CHEMBL285521,1,8.0,8.0,8.0,0.9030899869919435,B,high,1,1.0
COC1/C=C/OC2(C)Oc3c(C)c(O)c4c(O)c(c5sc(N6CCN(c7ccc(Cl)cc7)CC6)nc5c4c3C2=O)NC(=O)/C(C)=C\C=C\C(C)C(O)C(C)C(O)C(C)C(OC(C)=O)C1C,O=C1/C=C\C=C\CCCCCCCC/C=C/OC2Oc3ccc4cc(c5sc(N6CCN(c7ccccc7)CC6)nc5c4c3C2=O)N1,Pseudomonas aeruginosa,μg/mL,CHEMBL285521,1,128.0,128.0,128.0,2.1072099696478683,B,high,1,1.0
COC1/C=C/OC2(C)Oc3c(C)c(O)c4c(O)c(c5sc(N6CCN(c7ccccc7)CC6)nc5c4c3C2=O)NC(=O)/C(C)=C\C=C\C(C)C(O)C(C)C(O)C(C)C(OC(C)=O)C1C,O=C1/C=C\C=C\CCCCCCCC/C=C/OC2Oc3ccc4cc(c5sc(N6CCN(c7ccccc7)CC6)nc5c4c3C2=O)N1,Escherichia coli,μg/mL,CHEMBL34255,1,4.0,4.0,4.0,0.6020599913279624,B,high,1,1.0
COC1/C=C/OC2(C)Oc3c(C)c(O)c4c(O)c(c5sc(N6CCN(c7ccccc7)CC6)nc5c4c3C2=O)NC(=O)/C(C)=C\C=C\C(C)C(O)C(C)C(O)C(C)C(OC(C)=O)C1C,O=C1/C=C\C=C\CCCCCCCC/C=C/OC2Oc3ccc4cc(c5sc(N6CCN(c7ccccc7)CC6)nc5c4c3C2=O)N1,Pseudomonas aeruginosa,μg/mL,CHEMBL34255,1,8.0,8.0,8.0,0.9030899869919435,B,high,1,1.0
COC1/C=C/OC2(C)Oc3c(C)c(O)c4c(O)c(c5sc(N6CCNCC6)nc5c4c3C2=O)NC(=O)/C(C)=C\C=C\C(C)C(O)C(C)C(O)C(C)C(OC(C)=O)C1C,O=C1/C=C\C=C\CCCCCCCC/C=C/OC2Oc3ccc4cc(c5sc(N6CCNCC6)nc5c4c3C2=O)N1,Escherichia coli,μg/mL,CHEMBL287698,1,8.0,8.0,8.0,0.9030899869919435,B,high,1,1.0
COC1/C=C/OC2(C)Oc3c(C)c(O)c4c(O)c(c5sc(N6CCNCC6)nc5c4c3C2=O)NC(=O)/C(C)=C\C=C\C(C)C(O)C(C)C(O)C(C)C(OC(C)=O)C1C,O=C1/C=C\C=C\CCCCCCCC/C=C/OC2Oc3ccc4cc(c5sc(N6CCNCC6)nc5c4c3C2=O)N1,Klebsiella pneumoniae,μg/mL,CHEMBL287698,1,16.0,16.0,16.0,1.2041199826559248,B,high,1,1.0
COC1/C=C/OC2(C)Oc3c(C)c(O)c4c(O)c(c5sc(N6CCNCC6)nc5c4c3C2=O)NC(=O)/C(C)=C\C=C\C(C)C(O)C(C)C(O)C(C)C(OC(C)=O)C1C,O=C1/C=C\C=C\CCCCCCCC/C=C/OC2Oc3ccc4cc(c5sc(N6CCNCC6)nc5c4c3C2=O)N1,Pseudomonas aeruginosa,μg/mL,CHEMBL287698,1,8.0,8.0,8.0,0.9030899869919435,B,high,1,1.0
COC1/C=C/OC2(C)Oc3c(C)c(O)c4c(O)c(c5sc(N6CCOCC6)nc5c4c3C2=O)NC(=O)/C(C)=C\C=C\C(C)C(O)C(C)C(O)C(C)C(OC(C)=O)C1C,O=C1/C=C\C=C\CCCCCCCC/C=C/OC2Oc3ccc4cc(c5sc(N6CCOCC6)nc5c4c3C2=O)N1,Escherichia coli,μg/mL,CHEMBL290791,1,16.0,16.0,16.0,1.2041199826559248,B,high,1,1.0
COC1/C=C/OC2(C)Oc3c(C)c(O)c4c(O)c(c5sc(N6CCOCC6)nc5c4c3C2=O)NC(=O)/C(C)=C\C=C\C(C)C(O)C(C)C(O)C(C)C(OC(C)=O)C1C,O=C1/C=C\C=C\CCCCCCCC/C=C/OC2Oc3ccc4cc(c5sc(N6CCOCC6)nc5c4c3C2=O)N1,Klebsiella pneumoniae,μg/mL,CHEMBL290791,1,32.0,32.0,32.0,1.505149978319906,B,high,1,1.0
COC1/C=C/OC2(C)Oc3c(C)c(O)c4c(O)c(c5sc(N6CCOCC6)nc5c4c3C2=O)NC(=O)/C(C)=C\C=C\C(C)C(O)C(C)C(O)C(C)C(OC(C)=O)C1C,O=C1/C=C\C=C\CCCCCCCC/C=C/OC2Oc3ccc4cc(c5sc(N6CCOCC6)nc5c4c3C2=O)N1,Pseudomonas aeruginosa,μg/mL,CHEMBL290791,1,16.0,16.0,16.0,1.2041199826559248,B,high,1,1.0
COC1/C=C/OC2(C)Oc3c(C)c(O)c4c(O)c(c5scnc5c4c3C2=O)NC(=O)/C(C)=C\C=C\C(C)C(O)C(C)C(O)C(C)C(O)C1C,O=C1/C=C\C=C\CCCCCCCC/C=C/OC2Oc3ccc4cc(c5scnc5c4c3C2=O)N1,Escherichia coli,μg/mL,CHEMBL407311,1,16.0,16.0,16.0,1.2041199826559248,B,high,1,1.0
COC1/C=C/OC2(C)Oc3c(C)c(O)c4c(O)c(c5scnc5c4c3C2=O)NC(=O)/C(C)=C\C=C\C(C)C(O)C(C)C(O)C(C)C(O)C1C,O=C1/C=C\C=C\CCCCCCCC/C=C/OC2Oc3ccc4cc(c5scnc5c4c3C2=O)N1,Klebsiella pneumoniae,μg/mL,CHEMBL407311,1,16.0,16.0,16.0,1.2041199826559248,B,high,1,1.0
COC1/C=C/OC2(C)Oc3c(C)c(O)c4c(O)c(c5scnc5c4c3C2=O)NC(=O)/C(C)=C\C=C\C(C)C(O)C(C)C(O)C(C)C(O)C1C,O=C1/C=C\C=C\CCCCCCCC/C=C/OC2Oc3ccc4cc(c5scnc5c4c3C2=O)N1,Pseudomonas aeruginosa,μg/mL,CHEMBL407311,1,8.0,8.0,8.0,0.9030899869919435,B,high,1,1.0
COC1=C(C(=O)O)N2C(=O)[C@@H](NC(=O)Cc3csc(N)n3)[C@H]2SC1,O=C(Cc1cscn1)N[C@@H]1C(=O)N2C=CCS[C@H]12,Klebsiella pneumoniae,μg/mL,CHEMBL293302,1,8.0,8.0,8.0,0.9030899869919435,B,high,1,1.0
COC1=C(F)C=C2C=C2C2=C(SCc3ccccc3)N=CC=CC(CN3CCCC3)=CC=C(C=C1)CNC2,C1=CC=C2C=C2C2=C(SCc3ccccc3)N=CC=CC(CN3CCCC3)=CC=C(C=C1)CNC2,Acinetobacter baumannii,μg/mL,WSA297,2,80.0,32.0,128.0,1.9030899869919435,A,high,1,1.0
COC1=C(F)C=C2C=C2C2=C(SCc3ccccc3)N=CCCN(C)CCN(C=C1)CCNC2,C1=CC=C2C=C2C2=C(SCc3ccccc3)N=CCCNCCN(C=C1)CCNC2,Acinetobacter baumannii,μg/mL,WSA275,2,80.0,32.0,128.0,1.9030899869919435,A,high,1,1.0
COC1=C(F)C=C2C=C2C2=C(SCc3ccccc3)N=CCCN(C3CCCC3)CCC(C=C1)CCNC2,C1=CC=C2C=C2C2=C(SCc3ccccc3)N=CCCN(C3CCCC3)CCC(C=C1)CCNC2,Acinetobacter baumannii,μg/mL,WSA290,2,32.0,32.0,32.0,1.505149978319906,A,high,1,1.0
COC1=C2N=C3SCC2=CC=CC=CC2=CCCN(C)CCN(CCNCC3=C2)C(OC)=C1OC,C1=CC=C2CSC3=NC2=CC=CN2CCNCCC=C(C=C1)C=C3CNCC2,Acinetobacter baumannii,μg/mL,WSA253,1,128.0,128.0,128.0,2.1072099696478683,A,high,1,1.0
COC1=C2N=C3SCC2=CC=CC=CC2=CCCN(C)CCN(CCNCC3=C2)C(OC)=C1OC,C1=CC=C2CSC3=NC2=CC=CN2CCNCCC=C(C=C1)C=C3CNCC2,Pseudomonas aeruginosa,μg/mL,WSA253,1,128.0,128.0,128.0,2.1072099696478683,A,high,1,1.0
COC1=C2N=C3SCC2=CC=CC=CC2CCCCC4=CCCN2CCC(CCNCC3=C4)C(OC)=C1OC,C1=CC=C2CSC3=NC2=CC=CC2CCNCC3=CC3=CCCN(CC2)C(C=C1)CCCC3,Acinetobacter baumannii,μg/mL,WSA252,2,64.0,64.0,64.0,1.806179973983887,A,high,1,1.0
COC1=C2N=C3SCC2=CC=CC=CC2CCCCC4=CCCN2CCC(CCNCC3=C4)C(OC)=C1OC,C1=CC=C2CSC3=NC2=CC=CC2CCNCC3=CC3=CCCN(CC2)C(C=C1)CCCC3,Pseudomonas aeruginosa,μg/mL,WSA252,1,64.0,64.0,64.0,1.806179973983887,A,high,1,1.0
COC1=CC=C2C=C2C2=C(SCc3ccccc3)N=CC=CC(CN3CCCC3)=CC=C(C=C1)CNC2,C1=CC=C2C=C2C2=C(SCc3ccccc3)N=CC=CC(CN3CCCC3)=CC=C(C=C1)CNC2,Acinetobacter baumannii,μg/mL,WSA296,2,80.0,32.0,128.0,1.9030899869919435,A,high,1,1.0
COC1=CC=C2C=C2C2=C(SCc3ccccc3)N=CCCN(C)CCN(C=C1)CCNC2,C1=CC=C2C=C2C2=C(SCc3ccccc3)N=CCCNCCN(C=C1)CCNC2,Acinetobacter baumannii,μg/mL,WSA278,2,96.0,64.0,128.0,1.9822712330395684,A,high,1,1.0
COC1=CC=C2C=C2C2=C(SCc3ccccc3)N=CCCN(C3CCCC3)CCC(C=C1)CCNC2,C1=CC=C2C=C2C2=C(SCc3ccccc3)N=CCCN(C3CCCC3)CCC(C=C1)CCNC2,Acinetobacter baumannii,μg/mL,WSA288,2,24.0,16.0,32.0,1.380211241711606,A,high,1,1.0
COC1=C[C@@H]2CC(=O)N(C2)C1C(=O)O,O=C1C[C@H]2C=CCN1C2,Pseudomonas aeruginosa,μg/mL,CHEMBL82450,1,80.0,80.0,80.0,1.9030899869919435,B,high,1,1.0
COC1CN(Cc2ccc3cc4c(c(O)c3c2)C(=O)C2=C(O)[C@]3(O)C(=O)C(C(N)=O)=C(O)[C@@H](N(C)C)[C@@H]3C[C@@H]2C4)C1,O=C1C2=CC3C(=O)C=CC[C@@H]3C[C@@H]2Cc2cc3ccc(CN4CCC4)cc3cc21,Acinetobacter baumannii,μg/mL,CHEMBL1782459,1,2.0,2.0,2.0,0.3010299956639812,B,high,1,1.0
COCC1CN(c2c(F)cc3c(=O)c(C(=O)O)c4scc5n4c3c2N(C)C5)CCO1,O=c1cc2scc3n2c2c(c(N4CCOCC4)ccc12)NC3,Escherichia coli,μg/mL,CHEMBL96147,2,0.29500000000000004,0.2,0.39,-0.5301779840218369,B,high,1,1.0
COCC1CN(c2c(F)cc3c(=O)c(C(=O)O)c4scc5n4c3c2N(C)C5)CCO1,O=c1cc2scc3n2c2c(c(N4CCOCC4)ccc12)NC3,Klebsiella pneumoniae,μg/mL,CHEMBL96147,1,0.78,0.78,0.78,-0.10790539730951958,B,high,1,1.0
COCC1CN(c2c(F)cc3c(=O)c(C(=O)O)c4scc5n4c3c2N(C)C5)CCO1,O=c1cc2scc3n2c2c(c(N4CCOCC4)ccc12)NC3,Pseudomonas aeruginosa,μg/mL,CHEMBL96147,2,3.13,3.13,3.13,0.49554433754644844,B,high,1,1.0
COCCN1CCC(C)c2cc(Cc3cnc(N)nc3N)cc(OC)c21,c1ncc(Cc2ccc3c(c2)CCCN3)cn1,Klebsiella pneumoniae,μg/mL,CHEMBL58075,1,30.0,30.0,30.0,1.4771212547196624,B,high,1,1.0
COCCN1CCc2c([n+]([O-])c3ccccc3[n+]2[O-])C1=O,O=C1NCCc2[nH+]c3ccccc3[nH+]c21,Escherichia coli,μg/mL,CHEMBL168947,1,1.56,1.56,1.56,0.1931245983544616,B,high,1,1.0
COCCNCC(=O)Nc1cc(F)c2c(c1O)C(=O)C1=C(O)[C@]3(O)C(=O)C(C(N)=O)=C(O)[C@@H](N(C)C)[C@@H]3C[C@@H]1C2,O=C1C2=CC3C(=O)C=CC[C@@H]3C[C@@H]2Cc2ccccc21,Acinetobacter baumannii,μg/mL,CHEMBL1951087,1,2.0,2.0,2.0,0.3010299956639812,B,high,1,1.0
COCCNCc1ccc2c(N(C)C)c3c(c(O)c2c1)C(=O)C1=C(O)[C@]2(O)C(=O)C(C(N)=O)=C(O)[C@@H](N(C)C)[C@@H]2C[C@@H]1C3,O=C1C2=CC3C(=O)C=CC[C@@H]3C[C@@H]2Cc2cc3ccccc3cc21,Acinetobacter baumannii,μg/mL,CHEMBL1782479,1,2.0,2.0,2.0,0.3010299956639812,B,high,1,1.0
COCCNCc1ccc2cc3c(c(O)c2c1)C(=O)C1=C(O)[C@]2(O)C(=O)C(C(N)=O)=C(O)[C@@H](N(C)C)[C@@H]2C[C@@H]1C3,O=C1C2=CC3C(=O)C=CC[C@@H]3C[C@@H]2Cc2cc3ccccc3cc21,Acinetobacter baumannii,μg/mL,CHEMBL1783663,1,1.0,1.0,1.0,0.0,B,high,1,1.0
COCCOc1c2c(c(O)c3cc(CN4CCC4)ccc13)C(=O)C1=C(O)[C@]3(O)C(=O)C(C(N)=O)=C(O)[C@@H](N(C)C)[C@@H]3C[C@@H]1C2,O=C1C2=CC3C(=O)C=CC[C@@H]3C[C@@H]2Cc2cc3ccc(CN4CCC4)cc3cc21,Acinetobacter baumannii,μg/mL,CHEMBL1783294,1,4.0,4.0,4.0,0.6020599913279624,B,high,1,1.0
COCCOc1cc(Cc2cnc(N)nc2N)cc2c1NCCC2,c1ncc(Cc2ccc3c(c2)CCCN3)cn1,Klebsiella pneumoniae,μg/mL,CHEMBL61260,1,100.0,100.0,100.0,2.0,B,high,1,1.0
COCCOc1cc(Cc2cnc(N)nc2N)cc2cccnc12,c1cnc2ccc(Cc3cncnc3)cc2c1,Klebsiella pneumoniae,μg/mL,CHEMBL57900,1,100.0,100.0,100.0,2.0,B,high,1,1.0
COCC[C@H]1CC[C@H]2C(=C(C(=O)O)N3C(=O)[C@H]([C@@H](C)O)[C@@H]23)C1,O=C1C[C@H]2[C@H]3CCCCC3=CN12,Klebsiella pneumoniae,μg/mL,CHEMBL52304,1,4.0,4.0,4.0,0.6020599913279624,B,high,1,1.0
COCC[C@H]1CC[C@H]2C(=C(C(=O)O)N3C(=O)[C@H]([C@@H](C)O)[C@@H]23)C1,O=C1C[C@H]2[C@H]3CCCCC3=CN12,Pseudomonas aeruginosa,μg/mL,CHEMBL52304,1,16.0,16.0,16.0,1.2041199826559248,B,high,1,1.0
COCCn1c(-c2cc(=O)c(O)c[nH]2)nn(S(=O)(=O)[N-]C(=O)N2C[C@H](NC(=O)/C(=N\OC(C)(C)C(=O)[O-])c3csc(N)n3)C2=O)c1=O.[Na+].[Na+],N=C(C(=O)N[C@H]1CN(C(=O)[N-]S(=O)(=O)n2nc(-c3cc(=O)cc[nH]3)[nH]c2=O)C1=O)c1cscn1,Acinetobacter baumannii,μg/mL,CHEMBL2016852,1,4.0,4.0,4.0,0.6020599913279624,B,high,1,1.0
COC[C@@H]1CCCN1CC(=O)Nc1cc(F)c2c(c1O)C(=O)C1=C(O)[C@]3(O)C(=O)C(C(N)=O)=C(O)[C@@H](N(C)C)[C@@H]3C[C@@H]1C2,O=C(CN1CCCC1)Nc1ccc2c(c1)C(=O)C1=CC3C(=O)C=CC[C@@H]3C[C@@H]1C2,Acinetobacter baumannii,μg/mL,CHEMBL1951102,1,0.5,0.5,0.5,-0.3010299956639812,B,high,1,1.0
COC[C@@H]1CN(c2c(F)cc3c(=O)c(C(=O)O)c4scc5n4c3c2N(C)C5)CCO1,O=c1cc2scc3n2c2c(c(N4CCOCC4)ccc12)NC3,Escherichia coli,μg/mL,CHEMBL2092912,2,0.29500000000000004,0.2,0.39,-0.5301779840218369,B,high,1,1.0
COC[C@@H]1CN(c2c(F)cc3c(=O)c(C(=O)O)c4scc5n4c3c2N(C)C5)CCO1,O=c1cc2scc3n2c2c(c(N4CCOCC4)ccc12)NC3,Klebsiella pneumoniae,μg/mL,CHEMBL2092912,1,0.78,0.78,0.78,-0.10790539730951958,B,high,1,1.0
COC[C@@H]1CN(c2c(F)cc3c(=O)c(C(=O)O)c4scc5n4c3c2N(C)C5)CCO1,O=c1cc2scc3n2c2c(c(N4CCOCC4)ccc12)NC3,Pseudomonas aeruginosa,μg/mL,CHEMBL2092912,2,3.13,3.13,3.13,0.49554433754644844,B,high,1,1.0
COC[C@H]1CN(c2c(F)cc3c(=O)c(C(=O)O)c4scc5n4c3c2N(C)C5)CCO1,O=c1cc2scc3n2c2c(c(N4CCOCC4)ccc12)NC3,Escherichia coli,μg/mL,CHEMBL1788210,2,0.39,0.39,0.39,-0.4089353929735008,B,high,1,1.0
COC[C@H]1CN(c2c(F)cc3c(=O)c(C(=O)O)c4scc5n4c3c2N(C)C5)CCO1,O=c1cc2scc3n2c2c(c(N4CCOCC4)ccc12)NC3,Klebsiella pneumoniae,μg/mL,CHEMBL1788210,1,0.39,0.39,0.39,-0.4089353929735008,B,high,1,1.0
COC[C@H]1CN(c2c(F)cc3c(=O)c(C(=O)O)c4scc5n4c3c2N(C)C5)CCO1,O=c1cc2scc3n2c2c(c(N4CCOCC4)ccc12)NC3,Pseudomonas aeruginosa,μg/mL,CHEMBL1788210,2,3.13,3.13,3.13,0.49554433754644844,B,high,1,1.0
COCc1cc(-c2cc3c(cc2F)c(=O)c(C(=O)O)cn3C2CC2)cc(C)n1,O=c1ccn(C2CC2)c2cc(-c3ccncc3)ccc12,Escherichia coli,μg/mL,CHEMBL316173,1,0.25,0.25,0.25,-0.6020599913279624,B,high,1,1.0
COCc1cc(-c2cc3c(cc2F)c(=O)c(C(=O)O)cn3C2CC2)cc(C)n1,O=c1ccn(C2CC2)c2cc(-c3ccncc3)ccc12,Pseudomonas aeruginosa,μg/mL,CHEMBL316173,1,8.0,8.0,8.0,0.9030899869919435,B,high,1,1.0
CON=C1CCN(c2c(F)cc3c(=O)c(C(=O)O)cn(C4CC4)c3c2F)CC1,N=C1CCN(c2ccc3c(=O)ccn(C4CC4)c3c2)CC1,Klebsiella pneumoniae,μg/mL,CHEMBL29175,1,3.1,3.1,3.1,0.4913616938342727,B,high,1,1.0
CON=C1CCN(c2cc3c(cc2F)c(=O)c(C(=O)O)cn3-c2ccc(F)cc2F)CC1,N=C1CCN(c2ccc3c(=O)ccn(-c4ccccc4)c3c2)CC1,Klebsiella pneumoniae,μg/mL,CHEMBL31994,1,3.1,3.1,3.1,0.4913616938342727,B,high,1,1.0
CON=C1CCN(c2nc3c(cc2F)c(=O)c(C(=O)O)cn3-c2ccc(F)cc2F)CC1,N=C1CCN(c2ccc3c(=O)ccn(-c4ccccc4)c3n2)CC1,Klebsiella pneumoniae,μg/mL,CHEMBL29176,1,3.1,3.1,3.1,0.4913616938342727,B,high,1,1.0
CON=C1CCN(c2nc3c(cc2F)c(=O)c(C(=O)O)cn3-c2ccc(F)cc2F)CC1,N=C1CCN(c2ccc3c(=O)ccn(-c4ccccc4)c3n2)CC1,Pseudomonas aeruginosa,μg/mL,CHEMBL29176,2,37.5,25.0,50.0,1.5740312677277188,B,high,1,1.0
CO[C@@H]1[C@@H](OC(N)=O)[C@@H](O)[C@H](Oc2ccc3c(O)c(NC(=O)c4ccc(O)c(CC=C(C)C)c4)c(=O)oc3c2C)OC1(C)C,O=C(Nc1cc2ccc(O[C@H]3CCCCO3)cc2oc1=O)c1ccccc1,Acinetobacter baumannii,μg/mL,CHEMBL36506,3,84.0,40.0,120.0,1.9242792860618816,B,high,1,1.0
CO[C@@H]1[C@@H](OC2OC(C)C(OC3CC(C)(O)C(OC(=O)CC(C)C)C(C)O3)C(N(C)C)C2O)[C@@H](CC=O)C[C@@H](C)[C@@H](O)/C=C/C=C/C[C@@H](C)OC(=O)C[C@H]1OC(C)=O,O=C1CCC[C@@H](OC2CCC(OC3CCCCO3)CO2)CCCC/C=C/C=C/CCO1,Klebsiella pneumoniae,μg/mL,CHEMBL329011,1,50.0,50.0,50.0,1.6989700043360187,B,high,1,1.0
CO[C@@]1(CC23CCC(NCc4ccc5c(n4)NC(=O)CO5)(CC2)CO3)Cn2c(=O)ccc3ncc(F)c1c32,O=C1COc2ccc(CNC34CCC(CC5Cn6c(=O)ccc7nccc5c76)(CC3)OC4)nc2N1,Acinetobacter baumannii,μg/mL,CHEMBL3400821,1,16.0,16.0,16.0,1.2041199826559248,B,high,1,1.0
CO[C@@]1(NC(=O)C(C(=O)[O-])c2ccc(O)cc2)C(=O)N2C(C(=O)[O-])=C(CSc3nnnn3C)COC21.[Na+].[Na+],O=C(Cc1ccccc1)NC1C(=O)N2C=C(CSc3nnn[nH]3)COC12,Klebsiella pneumoniae,μg/mL,CHEMBL290834,2,0.08,0.06,0.1,-1.0969100130080565,B,high,1,1.0
CO[C@@]1(NC(=O)C(C(=O)[O-])c2ccc(O)cc2)C(=O)N2C(C(=O)[O-])=C(CSc3nnnn3C)CSC21.[Na+].[Na+],O=C(Cc1ccccc1)NC1C(=O)N2C=C(CSc3nnn[nH]3)CSC12,Klebsiella pneumoniae,μg/mL,CHEMBL40485,2,0.38,0.37,0.39,-0.42021640338318983,B,high,1,1.0
CO[C@@]1(NC(=O)Cc2ccc(O)cc2)C(=O)N2C(C(=O)[O-])=C(CSc3nnnn3C)COC21.[Na+],O=C(Cc1ccccc1)NC1C(=O)N2C=C(CSc3nnn[nH]3)COC12,Klebsiella pneumoniae,μg/mL,CHEMBL290195,1,0.1,0.1,0.1,-1.0,B,high,1,1.0
CO[C@@]1(NC(=O)Cc2ccc(O)cc2)C(=O)N2C(C(=O)[O-])=C(CSc3nnnn3C)CSC21.[Na+],O=C(Cc1ccccc1)NC1C(=O)N2C=C(CSc3nnn[nH]3)CSC12,Klebsiella pneumoniae,μg/mL,CHEMBL40691,1,1.3,1.3,1.3,0.11394335230683679,B,high,1,1.0
CO[C@@]1(NC(=O)Cc2cccs2)C(=O)N2C(C(=O)O)=C(COC(N)=O)CS[C@@H]21,O=C(Cc1cccs1)NC1C(=O)N2C=CCS[C@H]12,Acinetobacter baumannii,μg/mL,CHEMBL996,4,102.0,8.0,256.0,2.0086001717619175,B,high,2,1.0
CO[C@H]1/C=C/O[C@@]2(C)Oc3c(C)c(O)c4c(O)c(c(/C=N/N5CCN(C)CC5)c(O)c4c3C2=O)NC(=O)/C(C)=C\C=C\[C@H](C)[C@H](O)[C@@H](C)[C@@H](O)[C@@H](C)[C@H](OC(C)=O)[C@@H]1C,O=C1/C=C\C=C\CCCCCCCC/C=C/OC2Oc3ccc4cc(c(/C=N/N5CCNCC5)cc4c3C2=O)N1,Acinetobacter baumannii,μg/mL,CHEMBL374478,65,4.0,0.006,256.0,0.6020599913279624,B,high,11,1.0
CO[C@H]1/C=C/O[C@@]2(C)Oc3c(C)c(O)c4c(O)c(c(/C=N/N5CCN(C)CC5)c(O)c4c3C2=O)NC(=O)/C(C)=C\C=C\[C@H](C)[C@H](O)[C@@H](C)[C@@H](O)[C@@H](C)[C@H](OC(C)=O)[C@@H]1C,O=C1/C=C\C=C\CCCCCCCC/C=C/OC2Oc3ccc4cc(c(/C=N/N5CCNCC5)cc4c3C2=O)N1,Escherichia coli,μg/mL,CHEMBL374478,1,8.0,8.0,8.0,0.9030899869919435,B,high,1,1.0
CO[C@H]1/C=C/O[C@@]2(C)Oc3c(C)c(O)c4c(O)c(c(/C=N/N5CCN(C)CC5)c(O)c4c3C2=O)NC(=O)/C(C)=C\C=C\[C@H](C)[C@H](O)[C@@H](C)[C@@H](O)[C@@H](C)[C@H](OC(C)=O)[C@@H]1C,O=C1/C=C\C=C\CCCCCCCC/C=C/OC2Oc3ccc4cc(c(/C=N/N5CCNCC5)cc4c3C2=O)N1,Klebsiella pneumoniae,μg/mL,CHEMBL374478,1,16.0,16.0,16.0,1.2041199826559248,B,high,1,1.0
CO[C@H]1/C=C/O[C@@]2(C)Oc3c(C)c(O)c4c(O)c(c(/C=N/N5CCN(C)CC5)c(O)c4c3C2=O)NC(=O)/C(C)=C\C=C\[C@H](C)[C@H](O)[C@@H](C)[C@@H](O)[C@@H](C)[C@H](OC(C)=O)[C@@H]1C,O=C1/C=C\C=C\CCCCCCCC/C=C/OC2Oc3ccc4cc(c(/C=N/N5CCNCC5)cc4c3C2=O)N1,Pseudomonas aeruginosa,μg/mL,CHEMBL374478,1,8.0,8.0,8.0,0.9030899869919435,B,high,1,1.0
CO[C@H]1/C=C/O[C@@]2(C)Oc3c(C)c(O)c4c(O)c(cc(O)c4c3C2=O)NC(=O)/C(C)=C\C=C\[C@H](C)[C@H](O)[C@@H](C)[C@@H](O)[C@@H](C)[C@H](OC(C)=O)[C@@H]1C,O=C1/C=C\C=C\CCCCCCCC/C=C/OC2Oc3ccc4cc(ccc4c3C2=O)N1,Escherichia coli,μg/mL,CHEMBL437765,1,16.0,16.0,16.0,1.2041199826559248,B,high,1,1.0
CO[C@H]1/C=C/O[C@@]2(C)Oc3c(C)c(O)c4c(O)c(cc(O)c4c3C2=O)NC(=O)/C(C)=C\C=C\[C@H](C)[C@H](O)[C@@H](C)[C@@H](O)[C@@H](C)[C@H](OC(C)=O)[C@@H]1C,O=C1/C=C\C=C\CCCCCCCC/C=C/OC2Oc3ccc4cc(ccc4c3C2=O)N1,Klebsiella pneumoniae,μg/mL,CHEMBL437765,1,32.0,32.0,32.0,1.505149978319906,B,high,1,1.0
CO[C@H]1/C=C/O[C@@]2(C)Oc3c(C)c(O)c4c(O)c(cc(O)c4c3C2=O)NC(=O)/C(C)=C\C=C\[C@H](C)[C@H](O)[C@@H](C)[C@@H](O)[C@@H](C)[C@H](OC(C)=O)[C@@H]1C,O=C1/C=C\C=C\CCCCCCCC/C=C/OC2Oc3ccc4cc(ccc4c3C2=O)N1,Pseudomonas aeruginosa,μg/mL,CHEMBL437765,1,8.0,8.0,8.0,0.9030899869919435,B,high,1,1.0
CO[C@H]1CCC[C@H]2C1=C(C(=O)[O-])N1C(=O)[C@H]([C@@H](C)O)[C@@H]21.[Na+],O=C1C[C@H]2[C@H]3CCCCC3=CN12,Escherichia coli,μg/mL,CHEMBL295691,2,0.5,0.5,0.5,-0.3010299956639812,B,high,1,1.0
CO[C@H]1CC[C@H]2C(=C(C(=O)O)N3C(=O)[C@H]([C@@H](C)O)[C@@H]23)C1,O=C1C[C@H]2[C@H]3CCCCC3=CN12,Escherichia coli,μg/mL,CHEMBL53196,4,5.0,1.0,8.0,0.6989700043360189,B,high,1,1.0
CO[C@H]1CC[C@H]2C(=C(C(=O)O)N3C(=O)[C@H]([C@@H](C)O)[C@@H]23)C1,O=C1C[C@H]2[C@H]3CCCCC3=CN12,Klebsiella pneumoniae,μg/mL,CHEMBL53196,1,4.0,4.0,4.0,0.6020599913279624,B,high,1,1.0
CO[C@H]1CC[C@H]2C(=C(C(=O)O)N3C(=O)[C@H]([C@@H](C)O)[C@@H]23)C1,O=C1C[C@H]2[C@H]3CCCCC3=CN12,Pseudomonas aeruginosa,μg/mL,CHEMBL53196,1,16.0,16.0,16.0,1.2041199826559248,B,high,1,1.0
CO[C@H]1CC[C@H]2C1=C(C(=O)[O-])N1C(=O)[C@H]([C@@H](C)O)[C@@H]21.[Na+],O=C1C[C@H]2[C@H]3CCCC3=CN12,Escherichia coli,μg/mL,CHEMBL150979,1,0.5,0.5,0.5,-0.3010299956639812,B,high,1,1.0
CO[C@H]1CC[C@H]2C1=C(C(=O)[O-])N1C(=O)[C@H]([C@@H](C)O)[C@@H]21.[Na+],O=C1C[C@H]2[C@H]3CCCC3=CN12,Pseudomonas aeruginosa,μg/mL,CHEMBL150979,1,32.0,32.0,32.0,1.505149978319906,B,high,1,1.0
CO[C@]1(CC23CCC(NCc4ccc5c(n4)NC(=O)CO5)(CC2)CO3)Cn2c(=O)ccc3ncc(F)c1c32,O=C1COc2ccc(CNC34CCC(CC5Cn6c(=O)ccc7nccc5c76)(CC3)OC4)nc2N1,Acinetobacter baumannii,μg/mL,CHEMBL3400822,1,32.0,32.0,32.0,1.505149978319906,B,high,1,1.0
COc1c(C(C)(C)C)cc(Cc2cnc(N)nc2N)cc1C(C)(C)C,c1ccc(Cc2cncnc2)cc1,Escherichia coli,μg/mL,CHEMBL24374,1,10000.0,10000.0,10000.0,4.0,B,high,1,1.0
COc1c(C(C)C)cc(Cc2cnc(N)nc2N)cc1C(C)C,c1ccc(Cc2cncnc2)cc1,Escherichia coli,μg/mL,CHEMBL280374,1,3000.0,3000.0,3000.0,3.4771212547196626,B,high,1,1.0
COc1c(C)cc(Cc2cnc(N)nc2N)cc1C,c1ccc(Cc2cncnc2)cc1,Escherichia coli,μg/mL,CHEMBL287553,1,1000.0,1000.0,1000.0,3.0,B,high,1,1.0
COc1c(C)cc(Cc2cnc(N)nc2N)cc1C,c1ccc(Cc2cncnc2)cc1,Klebsiella pneumoniae,μg/mL,CHEMBL287553,1,300.0,300.0,300.0,2.4771212547196626,B,high,1,1.0
COc1c(C)cc(Cc2cnc(N)nc2N)cc1C(C)(C)C,c1ccc(Cc2cncnc2)cc1,Escherichia coli,μg/mL,CHEMBL24155,1,100.0,100.0,100.0,2.0,B,high,1,1.0
COc1c(F)cc2c(=O)c(C(=O)O)c3scc4n3c2c1OC4,O=c1cc2scc3n2c2c(cccc12)OC3,Klebsiella pneumoniae,μg/mL,CHEMBL175604,1,0.2,0.2,0.2,-0.6989700043360187,B,high,1,1.0
COc1c(N2CC(C)NC(C)C2)c(F)c(N)c2c(=O)c(C(=O)O)cn(C3CC3)c12,O=c1ccn(C2CC2)c2cc(N3CCNCC3)ccc12,Escherichia coli,μg/mL,CHEMBL15521,1,0.2,0.2,0.2,-0.6989700043360187,B,high,1,1.0
COc1c(N2CC(C)NC(C)C2)c(F)c(N)c2c(=O)c(C(=O)O)cn(C3CC3)c12,O=c1ccn(C2CC2)c2cc(N3CCNCC3)ccc12,Klebsiella pneumoniae,μg/mL,CHEMBL15521,1,0.4,0.4,0.4,-0.3979400086720376,B,high,1,1.0
COc1c(N2CC(C)NC(C)C2)c(F)c(N)c2c(=O)c(C(=O)O)cn(C3CC3)c12,O=c1ccn(C2CC2)c2cc(N3CCNCC3)ccc12,Pseudomonas aeruginosa,μg/mL,CHEMBL15521,1,3.1,3.1,3.1,0.4913616938342727,B,high,1,1.0
COc1c(N2CC(C)NC(C)C2)c(F)cc2c(=O)c(C(=O)O)cn(C3CC3)c12,O=c1ccn(C2CC2)c2cc(N3CCNCC3)ccc12,Escherichia coli,μg/mL,CHEMBL15426,1,0.1,0.1,0.1,-1.0,B,high,1,1.0
COc1c(N2CC(C)NC(C)C2)c(F)cc2c(=O)c(C(=O)O)cn(C3CC3)c12,O=c1ccn(C2CC2)c2cc(N3CCNCC3)ccc12,Klebsiella pneumoniae,μg/mL,CHEMBL15426,1,0.2,0.2,0.2,-0.6989700043360187,B,high,1,1.0
COc1c(N2CC(C)NC(C)C2)c(F)cc2c(=O)c(C(=O)O)cn(C3CC3)c12,O=c1ccn(C2CC2)c2cc(N3CCNCC3)ccc12,Pseudomonas aeruginosa,μg/mL,CHEMBL15426,1,3.1,3.1,3.1,0.4913616938342727,B,high,1,1.0
COc1c(N2CCC(C)(CN)C2)c(F)c(N)c2c(=O)c(C(=O)O)cn(C3CC3)c12,O=c1ccn(C2CC2)c2cc(N3CCCC3)ccc12,Escherichia coli,μg/mL,CHEMBL15224,1,0.1,0.1,0.1,-1.0,B,high,1,1.0
COc1c(N2CCC(C)(CN)C2)c(F)c(N)c2c(=O)c(C(=O)O)cn(C3CC3)c12,O=c1ccn(C2CC2)c2cc(N3CCCC3)ccc12,Klebsiella pneumoniae,μg/mL,CHEMBL15224,1,0.2,0.2,0.2,-0.6989700043360187,B,high,1,1.0
COc1c(N2CCC(C)(CN)C2)c(F)c(N)c2c(=O)c(C(=O)O)cn(C3CC3)c12,O=c1ccn(C2CC2)c2cc(N3CCCC3)ccc12,Pseudomonas aeruginosa,μg/mL,CHEMBL15224,1,3.1,3.1,3.1,0.4913616938342727,B,high,1,1.0
COc1c(N2CCC(C)(CN)C2)c(F)cc2c(=O)c(C(=O)O)cn(C3CC3)c12,O=c1ccn(C2CC2)c2cc(N3CCCC3)ccc12,Escherichia coli,μg/mL,CHEMBL275395,1,0.1,0.1,0.1,-1.0,B,high,1,1.0
COc1c(N2CCC(C)(CN)C2)c(F)cc2c(=O)c(C(=O)O)cn(C3CC3)c12,O=c1ccn(C2CC2)c2cc(N3CCCC3)ccc12,Klebsiella pneumoniae,μg/mL,CHEMBL275395,1,0.2,0.2,0.2,-0.6989700043360187,B,high,1,1.0
COc1c(N2CCC(C)(CN)C2)c(F)cc2c(=O)c(C(=O)O)cn(C3CC3)c12,O=c1ccn(C2CC2)c2cc(N3CCCC3)ccc12,Pseudomonas aeruginosa,μg/mL,CHEMBL275395,1,1.6,1.6,1.6,0.2041199826559248,B,high,1,1.0
COc1c(N2CCC(CN)C2)c(F)cc2c(=O)c(C(=O)O)cn(C3CC3)c12,O=c1ccn(C2CC2)c2cc(N3CCCC3)ccc12,Escherichia coli,μg/mL,CHEMBL15532,1,0.05,0.05,0.05,-1.3010299956639813,B,high,1,1.0
COc1c(N2CCC(CN)C2)c(F)cc2c(=O)c(C(=O)O)cn(C3CC3)c12,O=c1ccn(C2CC2)c2cc(N3CCCC3)ccc12,Klebsiella pneumoniae,μg/mL,CHEMBL15532,1,0.1,0.1,0.1,-1.0,B,high,1,1.0
COc1c(N2CCC(CN)C2)c(F)cc2c(=O)c(C(=O)O)cn(C3CC3)c12,O=c1ccn(C2CC2)c2cc(N3CCCC3)ccc12,Pseudomonas aeruginosa,μg/mL,CHEMBL15532,1,0.8,0.8,0.8,-0.09691001300805639,B,high,1,1.0
COc1c(N2CCC(CN)CC2)c(F)cc2c(=O)c(C(=O)O)cn(C3CC3)c12,O=c1ccn(C2CC2)c2cc(N3CCCCC3)ccc12,Escherichia coli,μg/mL,CHEMBL15028,1,0.1,0.1,0.1,-1.0,B,high,1,1.0
COc1c(N2CCC(CN)CC2)c(F)cc2c(=O)c(C(=O)O)cn(C3CC3)c12,O=c1ccn(C2CC2)c2cc(N3CCCCC3)ccc12,Klebsiella pneumoniae,μg/mL,CHEMBL15028,1,0.2,0.2,0.2,-0.6989700043360187,B,high,1,1.0
COc1c(N2CCC(CN)CC2)c(F)cc2c(=O)c(C(=O)O)cn(C3CC3)c12,O=c1ccn(C2CC2)c2cc(N3CCCCC3)ccc12,Pseudomonas aeruginosa,μg/mL,CHEMBL15028,1,1.6,1.6,1.6,0.2041199826559248,B,high,1,1.0
COc1c(N2CCC(N)C2)c(F)c(N)c2c(=O)c(C(=O)O)cn(C3CC3)c12,O=c1ccn(C2CC2)c2cc(N3CCCC3)ccc12,Escherichia coli,μg/mL,CHEMBL442526,1,0.025,0.025,0.025,-1.6020599913279623,B,high,1,1.0
COc1c(N2CCC(N)C2)c(F)c(N)c2c(=O)c(C(=O)O)cn(C3CC3)c12,O=c1ccn(C2CC2)c2cc(N3CCCC3)ccc12,Klebsiella pneumoniae,μg/mL,CHEMBL442526,1,0.1,0.1,0.1,-1.0,B,high,1,1.0
COc1c(N2CCC(N)C2)c(F)c(N)c2c(=O)c(C(=O)O)cn(C3CC3)c12,O=c1ccn(C2CC2)c2cc(N3CCCC3)ccc12,Pseudomonas aeruginosa,μg/mL,CHEMBL442526,1,0.8,0.8,0.8,-0.09691001300805639,B,high,1,1.0
COc1c(N2CCC(N)C2)c(F)cc2c(=O)c(C(=O)O)cn(C3CC3)c12,O=c1ccn(C2CC2)c2cc(N3CCCC3)ccc12,Escherichia coli,μg/mL,CHEMBL275359,1,0.025,0.025,0.025,-1.6020599913279623,B,high,1,1.0
COc1c(N2CCC(N)C2)c(F)cc2c(=O)c(C(=O)O)cn(C3CC3)c12,O=c1ccn(C2CC2)c2cc(N3CCCC3)ccc12,Klebsiella pneumoniae,μg/mL,CHEMBL275359,1,0.05,0.05,0.05,-1.3010299956639813,B,high,1,1.0
COc1c(N2CCC(N)C2)c(F)cc2c(=O)c(C(=O)O)cn(C3CC3)c12,O=c1ccn(C2CC2)c2cc(N3CCCC3)ccc12,Pseudomonas aeruginosa,μg/mL,CHEMBL275359,1,0.4,0.4,0.4,-0.3979400086720376,B,high,1,1.0
COc1c(N2CCC(N)CC2)c(F)c(N)c2c(=O)c(C(=O)O)cn(C3CC3)c12,O=c1ccn(C2CC2)c2cc(N3CCCCC3)ccc12,Escherichia coli,μg/mL,CHEMBL14714,1,0.1,0.1,0.1,-1.0,B,high,1,1.0
COc1c(N2CCC(N)CC2)c(F)c(N)c2c(=O)c(C(=O)O)cn(C3CC3)c12,O=c1ccn(C2CC2)c2cc(N3CCCCC3)ccc12,Klebsiella pneumoniae,μg/mL,CHEMBL14714,1,0.2,0.2,0.2,-0.6989700043360187,B,high,1,1.0
COc1c(N2CCC(N)CC2)c(F)c(N)c2c(=O)c(C(=O)O)cn(C3CC3)c12,O=c1ccn(C2CC2)c2cc(N3CCCCC3)ccc12,Pseudomonas aeruginosa,μg/mL,CHEMBL14714,1,1.6,1.6,1.6,0.2041199826559248,B,high,1,1.0
COc1c(N2CCCC(CN)C2)c(F)c(N)c2c(=O)c(C(=O)O)cn(C3CC3)c12,O=c1ccn(C2CC2)c2cc(N3CCCCC3)ccc12,Escherichia coli,μg/mL,CHEMBL428359,1,0.1,0.1,0.1,-1.0,B,high,1,1.0
COc1c(N2CCCC(CN)C2)c(F)c(N)c2c(=O)c(C(=O)O)cn(C3CC3)c12,O=c1ccn(C2CC2)c2cc(N3CCCCC3)ccc12,Klebsiella pneumoniae,μg/mL,CHEMBL428359,1,0.4,0.4,0.4,-0.3979400086720376,B,high,1,1.0
COc1c(N2CCCC(CN)C2)c(F)c(N)c2c(=O)c(C(=O)O)cn(C3CC3)c12,O=c1ccn(C2CC2)c2cc(N3CCCCC3)ccc12,Pseudomonas aeruginosa,μg/mL,CHEMBL428359,1,3.1,3.1,3.1,0.4913616938342727,B,high,1,1.0
COc1c(N2CCCC(CN)C2)c(F)cc2c(=O)c(C(=O)O)cn(C3CC3)c12,O=c1ccn(C2CC2)c2cc(N3CCCCC3)ccc12,Escherichia coli,μg/mL,CHEMBL418169,1,0.2,0.2,0.2,-0.6989700043360187,B,high,1,1.0
COc1c(N2CCCC(CN)C2)c(F)cc2c(=O)c(C(=O)O)cn(C3CC3)c12,O=c1ccn(C2CC2)c2cc(N3CCCCC3)ccc12,Klebsiella pneumoniae,μg/mL,CHEMBL418169,1,0.4,0.4,0.4,-0.3979400086720376,B,high,1,1.0
COc1c(N2CCCC(CN)C2)c(F)cc2c(=O)c(C(=O)O)cn(C3CC3)c12,O=c1ccn(C2CC2)c2cc(N3CCCCC3)ccc12,Pseudomonas aeruginosa,μg/mL,CHEMBL418169,1,3.1,3.1,3.1,0.4913616938342727,B,high,1,1.0
COc1c(N2CCCC(N)C2)c(F)c(N)c2c(=O)c(C(=O)O)cn(C3CC3)c12,O=c1ccn(C2CC2)c2cc(N3CCCCC3)ccc12,Escherichia coli,μg/mL,CHEMBL15071,1,0.1,0.1,0.1,-1.0,B,high,1,1.0
COc1c(N2CCCC(N)C2)c(F)c(N)c2c(=O)c(C(=O)O)cn(C3CC3)c12,O=c1ccn(C2CC2)c2cc(N3CCCCC3)ccc12,Klebsiella pneumoniae,μg/mL,CHEMBL15071,1,0.2,0.2,0.2,-0.6989700043360187,B,high,1,1.0
COc1c(N2CCCC(N)C2)c(F)c(N)c2c(=O)c(C(=O)O)cn(C3CC3)c12,O=c1ccn(C2CC2)c2cc(N3CCCCC3)ccc12,Pseudomonas aeruginosa,μg/mL,CHEMBL15071,1,1.6,1.6,1.6,0.2041199826559248,B,high,1,1.0
COc1c(N2CCCC(N)C2)c(F)cc2c(=O)c(C(=O)O)cn(C3CC3)c12,O=c1ccn(C2CC2)c2cc(N3CCCCC3)ccc12,Escherichia coli,μg/mL,CHEMBL15129,1,0.1,0.1,0.1,-1.0,B,high,1,1.0
COc1c(N2CCCC(N)C2)c(F)cc2c(=O)c(C(=O)O)cn(C3CC3)c12,O=c1ccn(C2CC2)c2cc(N3CCCCC3)ccc12,Klebsiella pneumoniae,μg/mL,CHEMBL15129,1,0.2,0.2,0.2,-0.6989700043360187,B,high,1,1.0
COc1c(N2CCCC(N)C2)c(F)cc2c(=O)c(C(=O)O)cn(C3CC3)c12,O=c1ccn(C2CC2)c2cc(N3CCCCC3)ccc12,Pseudomonas aeruginosa,μg/mL,CHEMBL15129,1,1.6,1.6,1.6,0.2041199826559248,B,high,1,1.0
COc1c(N2CCC[C@H](N)C2)c(F)cc2c(=O)c(C(=O)O)cn(C3CC3)c12,O=c1ccn(C2CC2)c2cc(N3CCCCC3)ccc12,Pseudomonas aeruginosa,μg/mL,CHEMBL123246,1,1.0,1.0,1.0,0.0,B,high,1,1.0
COc1c(N2CCC[C@H](N)C2)ccc2c(=O)c(C(=O)O)cn(C3CC3)c12,O=c1ccn(C2CC2)c2cc(N3CCCCC3)ccc12,Pseudomonas aeruginosa,μg/mL,CHEMBL420897,1,0.5,0.5,0.5,-0.3010299956639812,B,high,1,1.0
COc1c(N2CCN(C)CC2)c(F)cc2c(=O)c(C(=O)O)cn(C3CC3)c12,O=c1ccn(C2CC2)c2cc(N3CCNCC3)ccc12,Escherichia coli,μg/mL,CHEMBL275216,1,0.1,0.1,0.1,-1.0,B,high,1,1.0
COc1c(N2CCN(C)CC2)c(F)cc2c(=O)c(C(=O)O)cn(C3CC3)c12,O=c1ccn(C2CC2)c2cc(N3CCNCC3)ccc12,Klebsiella pneumoniae,μg/mL,CHEMBL275216,1,0.2,0.2,0.2,-0.6989700043360187,B,high,1,1.0
COc1c(N2CCN(C)CC2)c(F)cc2c(=O)c(C(=O)O)cn(C3CC3)c12,O=c1ccn(C2CC2)c2cc(N3CCNCC3)ccc12,Pseudomonas aeruginosa,μg/mL,CHEMBL275216,1,0.8,0.8,0.8,-0.09691001300805639,B,high,1,1.0
COc1c(N2CCNC(C)C2)c(F)cc2c(=O)c(C(=O)O)cn(C3CC3)c12,O=c1ccn(C2CC2)c2cc(N3CCNCC3)ccc12,Acinetobacter baumannii,μg/mL,CHEMBL31,4,0.185,0.06,4.0,-0.7328282715969862,B,high,1,1.0
COc1c(N2CCNC(C)C2)c(F)cc2c(=O)c(C(=O)O)cn(C3CC3)c12,O=c1ccn(C2CC2)c2cc(N3CCNCC3)ccc12,Escherichia coli,μg/mL,CHEMBL31,1,0.05,0.05,0.05,-1.3010299956639813,B,high,1,1.0
COc1c(N2CCNC(C)C2)c(F)cc2c(=O)c(C(=O)O)cn(C3CC3)c12,O=c1ccn(C2CC2)c2cc(N3CCNCC3)ccc12,Klebsiella pneumoniae,μg/mL,CHEMBL31,1,0.1,0.1,0.1,-1.0,B,high,1,1.0
COc1c(N2CCNC(C)C2)c(F)cc2c(=O)c(C(=O)O)cn(C3CC3)c12,O=c1ccn(C2CC2)c2cc(N3CCNCC3)ccc12,Pseudomonas aeruginosa,μg/mL,CHEMBL31,2,0.46,0.12,0.8,-0.3372421683184259,B,high,2,1.0
COc1c(N2CCNCC2)c(F)cc2c(=O)c(C(=O)O)cn(C3CC3)c12,O=c1ccn(C2CC2)c2cc(N3CCNCC3)ccc12,Escherichia coli,μg/mL,CHEMBL14937,1,0.05,0.05,0.05,-1.3010299956639813,B,high,1,1.0
COc1c(N2CCNCC2)c(F)cc2c(=O)c(C(=O)O)cn(C3CC3)c12,O=c1ccn(C2CC2)c2cc(N3CCNCC3)ccc12,Klebsiella pneumoniae,μg/mL,CHEMBL14937,1,0.1,0.1,0.1,-1.0,B,high,1,1.0
COc1c(N2CCNCC2)c(F)cc2c(=O)c(C(=O)O)cn(C3CC3)c12,O=c1ccn(C2CC2)c2cc(N3CCNCC3)ccc12,Pseudomonas aeruginosa,μg/mL,CHEMBL14937,1,0.8,0.8,0.8,-0.09691001300805639,B,high,1,1.0
COc1c(N2CC[C@@H](N)C2)c(F)cc2c(=O)c(C(=O)O)cn(C3CC3)c12,O=c1ccn(C2CC2)c2cc(N3CCCC3)ccc12,Klebsiella pneumoniae,μg/mL,CHEMBL141514,1,0.025,0.025,0.025,-1.6020599913279623,B,high,1,1.0
COc1c(N2CC[C@@H](N)C2)c(F)cc2c(=O)c(C(=O)O)cn(C3CC3)c12,O=c1ccn(C2CC2)c2cc(N3CCCC3)ccc12,Pseudomonas aeruginosa,μg/mL,CHEMBL141514,1,0.8,0.8,0.8,-0.09691001300805639,B,high,1,1.0
COc1c(N2CC[C@@H]([C@@H](C)N)C2)c(F)cc2c(=O)c(C(=O)O)cn(C3CC3)c12,O=c1ccn(C2CC2)c2cc(N3CCCC3)ccc12,Pseudomonas aeruginosa,μg/mL,CHEMBL123545,1,0.25,0.25,0.25,-0.6020599913279624,B,high,1,1.0
COc1c(N2CC[C@H](N)C2)c(F)c(N)c2c(=O)c(C(=O)O)cn(C3CC3)c12,O=c1ccn(C2CC2)c2cc(N3CCCC3)ccc12,Klebsiella pneumoniae,μg/mL,CHEMBL138421,1,0.1,0.1,0.1,-1.0,B,high,1,1.0
COc1c(N2CC[C@H](N)C2)c(F)c(N)c2c(=O)c(C(=O)O)cn(C3CC3)c12,O=c1ccn(C2CC2)c2cc(N3CCCC3)ccc12,Pseudomonas aeruginosa,μg/mL,CHEMBL138421,1,0.8,0.8,0.8,-0.09691001300805639,B,high,1,1.0
COc1c(N2CC[C@H](N)C2)c(F)cc2c(=O)c(C(=O)O)cn(C3CC3)c12,O=c1ccn(C2CC2)c2cc(N3CCCC3)ccc12,Klebsiella pneumoniae,μg/mL,CHEMBL335783,1,0.05,0.05,0.05,-1.3010299956639813,B,high,1,1.0
COc1c(N2CC[C@H](N)C2)c(F)cc2c(=O)c(C(=O)O)cn(C3CC3)c12,O=c1ccn(C2CC2)c2cc(N3CCCC3)ccc12,Pseudomonas aeruginosa,μg/mL,CHEMBL335783,1,0.4,0.4,0.4,-0.3979400086720376,B,high,1,1.0
COc1c(N2C[C@@H](C)C[C@H](N)C2)ccc2c(=O)c(C(=O)O)cn(C3CC3)c12.O=C(O)CC(O)C(=O)O,O=c1ccn(C2CC2)c2cc(N3CCCCC3)ccc12,Acinetobacter baumannii,μg/mL,CHEMBL1213283,1,0.06,0.06,0.06,-1.2218487496163564,B,high,1,1.0
COc1c(N2C[C@@H]3CCCN[C@@H]3C2)c(F)cc2c(=O)c(C(=O)O)cn(C3CC3)c12,O=c1ccn(C2CC2)c2cc(N3C[C@@H]4CCCN[C@@H]4C3)ccc12,Acinetobacter baumannii,μg/mL,CHEMBL32,12,7.5,0.03,50.0,0.8750612633917001,B,high,5,1.0
COc1c2c(c(O)c3cc(CN(C)C)ccc13)C(=O)C1=C(O)[C@]3(O)C(=O)C(C(N)=O)=C(O)[C@@H](N(C)C)[C@@H]3C[C@@H]1C2,O=C1C2=CC3C(=O)C=CC[C@@H]3C[C@@H]2Cc2cc3ccccc3cc21,Acinetobacter baumannii,μg/mL,CHEMBL1782475,1,1.0,1.0,1.0,0.0,B,high,1,1.0
COc1c2c(c(O)c3cc(CN4CC(F)C4)ccc13)C(=O)C1=C(O)[C@]3(O)C(=O)C(C(N)=O)=C(O)[C@@H](N(C)C)[C@@H]3C[C@@H]1C2,O=C1C2=CC3C(=O)C=CC[C@@H]3C[C@@H]2Cc2cc3ccc(CN4CCC4)cc3cc21,Acinetobacter baumannii,μg/mL,CHEMBL1782476,1,0.25,0.25,0.25,-0.6020599913279624,B,high,1,1.0
COc1c2c(c(O)c3cc(CN4CCC4)ccc13)C(=O)C1=C(O)[C@]3(O)C(=O)C(C(N)=O)=C(O)[C@@H](N(C)C)[C@@H]3C[C@@H]1C2,O=C1C2=CC3C(=O)C=CC[C@@H]3C[C@@H]2Cc2cc3ccc(CN4CCC4)cc3cc21,Acinetobacter baumannii,μg/mL,CHEMBL1783291,1,1.0,1.0,1.0,0.0,B,high,1,1.0
COc1c2c(c(O)c3cc(CN4CCCC4)ccc13)C(=O)C1=C(O)[C@]3(O)C(=O)C(C(N)=O)=C(O)[C@@H](N(C)C)[C@@H]3C[C@@H]1C2,O=C1C2=CC3C(=O)C=CC[C@@H]3C[C@@H]2Cc2cc3ccc(CN4CCCC4)cc3cc21,Acinetobacter baumannii,μg/mL,CHEMBL1782477,1,1.0,1.0,1.0,0.0,B,high,1,1.0
COc1c2c(c(O)c3cc(CNC(C)(C)C)ccc13)C(=O)C1=C(O)[C@]3(O)C(=O)C(C(N)=O)=C(O)[C@@H](N(C)C)[C@@H]3C[C@@H]1C2,O=C1C2=CC3C(=O)C=CC[C@@H]3C[C@@H]2Cc2cc3ccccc3cc21,Acinetobacter baumannii,μg/mL,CHEMBL1782474,1,2.0,2.0,2.0,0.3010299956639812,B,high,1,1.0
COc1c2c(c(O)c3cc(CNC4CC4)ccc13)C(=O)C1=C(O)[C@]3(O)C(=O)C(C(N)=O)=C(O)[C@@H](N(C)C)[C@@H]3C[C@@H]1C2,O=C1C2=CC3C(=O)C=CC[C@@H]3C[C@@H]2Cc2cc3ccc(CNC4CC4)cc3cc21,Acinetobacter baumannii,μg/mL,CHEMBL1782472,1,0.25,0.25,0.25,-0.6020599913279624,B,high,1,1.0
COc1c2c(c(O)c3cc(CNCC(C)C)ccc13)C(=O)C1=C(O)[C@]3(O)C(=O)C(C(N)=O)=C(O)[C@@H](N(C)C)[C@@H]3C[C@@H]1C2,O=C1C2=CC3C(=O)C=CC[C@@H]3C[C@@H]2Cc2cc3ccccc3cc21,Acinetobacter baumannii,μg/mL,CHEMBL1782473,1,0.25,0.25,0.25,-0.6020599913279624,B,high,1,1.0
COc1c2c(c(O)c3cc(F)ccc13)C(=O)C1=C(O)[C@]3(O)C(=O)C(C(N)=O)=C(O)[C@@H](N(C)C)[C@@H]3C[C@@H]1C2,O=C1C2=CC3C(=O)C=CC[C@@H]3C[C@@H]2Cc2cc3ccccc3cc21,Acinetobacter baumannii,μg/mL,CHEMBL1782484,1,1.0,1.0,1.0,0.0,B,high,1,1.0
COc1cc(-n2c(-c3ccc(S(=O)(=O)c4ccc(Br)cc4)cc3)n[nH]c2=S)cc(OC)c1OC,O=S(=O)(c1ccccc1)c1ccc(-c2n[nH]c(=S)n2-c2ccccc2)cc1,Acinetobacter baumannii,μg/mL,CHEMBL1945481,1,32.0,32.0,32.0,1.505149978319906,B,high,1,1.0
COc1cc(-n2c(-c3ccc(S(=O)(=O)c4ccccc4)cc3)n[nH]c2=S)cc(OC)c1OC,O=S(=O)(c1ccccc1)c1ccc(-c2n[nH]c(=S)n2-c2ccccc2)cc1,Acinetobacter baumannii,μg/mL,CHEMBL1945480,1,32.0,32.0,32.0,1.505149978319906,B,high,1,1.0
COc1cc(C(=O)N[C@@H](CCN)C(=O)N[C@H](C(=O)N[C@@H](CN)C(=O)N[C@H]2CCNC(=O)[C@H]([C@@H](C)O)NC(=O)[C@H](CCN)NC(=O)[C@H](CCN)NC(=O)[C@H](CC(C)C)NC(=O)[C@@H](Cc3ccccc3)NC(=O)[C@H](CCN)NC2=O)[C@@H](C)O)cc(-c2ccccc2)c1,O=C1CNC(=O)CNC(=O)CNC(=O)CNC(=O)[C@@H](Cc2ccccc2)NC(=O)CNC(=O)[C@@H](NC(=O)CNC(=O)CNC(=O)CNC(=O)c2cccc(-c3ccccc3)c2)CCN1,Acinetobacter baumannii,μg/mL,CHEMBL2397509,2,2.125,0.25,4.0,0.32735893438633035,B,high,1,1.0
COc1cc(C(=O)N[C@@H](CCN)C(=O)N[C@H](C(=O)N[C@@H](CN)C(=O)N[C@H]2CCNC(=O)[C@H]([C@@H](C)O)NC(=O)[C@H](CCN)NC(=O)[C@H](CCN)NC(=O)[C@H](CC(C)C)NC(=O)[C@@H](Cc3ccccc3)NC(=O)[C@H](CCN)NC2=O)[C@@H](C)O)cc(-c2ccccc2)n1,O=C1CNC(=O)CNC(=O)CNC(=O)CNC(=O)[C@@H](Cc2ccccc2)NC(=O)CNC(=O)[C@@H](NC(=O)CNC(=O)CNC(=O)CNC(=O)c2ccnc(-c3ccccc3)c2)CCN1,Acinetobacter baumannii,μg/mL,CHEMBL2397502,2,2.25,0.5,4.0,0.3521825181113625,B,high,1,1.0
COc1cc(C)c2ncc(F)c(CCC34CCC(NCc5ccc6c(n5)NC(=O)CO6)(CC3)CO4)c2n1,O=C1COc2ccc(CNC34CCC(CCc5ccnc6cccnc56)(CC3)OC4)nc2N1,Acinetobacter baumannii,μg/mL,CHEMBL3422953,1,2.0,2.0,2.0,0.3010299956639812,B,high,1,1.0
COc1cc(C)c2nccc(CCC34CCC(NCc5ccc6c(n5)NC(=O)CO6)(CC3)CO4)c2n1,O=C1COc2ccc(CNC34CCC(CCc5ccnc6cccnc56)(CC3)OC4)nc2N1,Acinetobacter baumannii,μg/mL,CHEMBL3422967,1,8.0,8.0,8.0,0.9030899869919435,B,high,1,1.0
COc1cc(CCC23CCC(NCc4ccc5c(n4)NC(=O)CO5)(CC2)CO3)c2nc(OC)ccc2n1,O=C1COc2ccc(CNC34CCC(CCc5ccnc6cccnc56)(CC3)OC4)nc2N1,Acinetobacter baumannii,μg/mL,CHEMBL3422969,1,8.0,8.0,8.0,0.9030899869919435,B,high,1,1.0
COc1cc(Cc2cnc(N)nc2N)cc(CC(C)O)c1O,c1ccc(Cc2cncnc2)cc1,Klebsiella pneumoniae,μg/mL,CHEMBL303075,1,10.0,10.0,10.0,1.0,B,high,1,1.0
COc1cc(Cc2cnc(N)nc2N)cc(OC)c1OC,c1ccc(Cc2cncnc2)cc1,Acinetobacter baumannii,μg/mL,CHEMBL22,3,64.0,64.0,64.0,1.806179973983887,B,high,1,1.0
COc1cc(Cc2cnc(N)nc2N)cc(OC)c1OC,c1ccc(Cc2cncnc2)cc1,Escherichia coli,μg/mL,CHEMBL22,1,1.0,1.0,1.0,0.0,B,high,1,1.0
COc1cc(Cc2cnc(N)nc2N)cc(OC)c1OC,c1ccc(Cc2cncnc2)cc1,Klebsiella pneumoniae,μg/mL,CHEMBL22,3,1.0,1.0,1.0,0.0,B,high,2,1.0
COc1cc(Cc2cnc(N)nc2N)cc2c(C)cc(C)nc12,c1cnc2ccc(Cc3cncnc3)cc2c1,Klebsiella pneumoniae,μg/mL,CHEMBL57377,1,1.0,1.0,1.0,0.0,B,high,1,1.0
COc1cc(Cc2cnc(N)nc2N)cc2c(C)ccnc12,c1cnc2ccc(Cc3cncnc3)cc2c1,Klebsiella pneumoniae,μg/mL,CHEMBL294638,1,1.0,1.0,1.0,0.0,B,high,1,1.0
COc1cc(Cc2cnc(N)nc2N)cc2c1N(C)CCC2C,c1ncc(Cc2ccc3c(c2)CCCN3)cn1,Klebsiella pneumoniae,μg/mL,CHEMBL59491,1,3.0,3.0,3.0,0.47712125471966244,B,high,1,1.0
COc1cc(Cc2cnc(N)nc2N)cc2c1N(CCO)CCC2C,c1ncc(Cc2ccc3c(c2)CCCN3)cn1,Klebsiella pneumoniae,μg/mL,CHEMBL58074,1,10.0,10.0,10.0,1.0,B,high,1,1.0
COc1cc(Cc2cnc(N)nc2N)cc2c1N(CCOC(C)=O)CCC2C,c1ncc(Cc2ccc3c(c2)CCCN3)cn1,Klebsiella pneumoniae,μg/mL,CHEMBL292839,1,10.0,10.0,10.0,1.0,B,high,1,1.0
COc1cc(Cc2cnc(N)nc2N)cc2c1NCC(CO)C2,c1ncc(Cc2ccc3c(c2)CCCN3)cn1,Klebsiella pneumoniae,μg/mL,CHEMBL293977,1,10.0,10.0,10.0,1.0,B,high,1,1.0
COc1cc(Cc2cnc(N)nc2N)cc2c1NCC(COC(C)=O)C2,c1ncc(Cc2ccc3c(c2)CCCN3)cn1,Klebsiella pneumoniae,μg/mL,CHEMBL57807,1,100.0,100.0,100.0,2.0,B,high,1,1.0
COc1cc(Cc2cnc(N)nc2N)cc2c1NCCC2,c1ncc(Cc2ccc3c(c2)CCCN3)cn1,Klebsiella pneumoniae,μg/mL,CHEMBL301628,1,3.0,3.0,3.0,0.47712125471966244,B,high,1,1.0
COc1cc(Cc2cnc(N)nc2N)cc2c1NCCC2C,c1ncc(Cc2ccc3c(c2)CCCN3)cn1,Klebsiella pneumoniae,μg/mL,CHEMBL58038,1,3.0,3.0,3.0,0.47712125471966244,B,high,1,1.0
COc1cc(Cc2cnc(N)nc2N)cc2cccnc12,c1cnc2ccc(Cc3cncnc3)cc2c1,Klebsiella pneumoniae,μg/mL,CHEMBL293325,1,3.0,3.0,3.0,0.47712125471966244,B,high,1,1.0
COc1cc(NC(=S)NNC(=O)c2ccc(S(=O)(=O)c3ccc(Br)cc3)cc2)cc(OC)c1OC,O=C(NNC(=S)Nc1ccccc1)c1ccc(S(=O)(=O)c2ccccc2)cc1,Acinetobacter baumannii,μg/mL,CHEMBL1945477,1,32.0,32.0,32.0,1.505149978319906,B,high,1,1.0
COc1cc(NC(=S)NNC(=O)c2ccc(S(=O)(=O)c3ccccc3)cc2)cc(OC)c1OC,O=C(NNC(=S)Nc1ccccc1)c1ccc(S(=O)(=O)c2ccccc2)cc1,Acinetobacter baumannii,μg/mL,CHEMBL1945476,1,32.0,32.0,32.0,1.505149978319906,B,high,1,1.0
COc1cc(Nc2nnc(-c3ccc(S(=O)(=O)c4ccc(Br)cc4)cc3)s2)cc(OC)c1OC,O=S(=O)(c1ccccc1)c1ccc(-c2nnc(Nc3ccccc3)s2)cc1,Acinetobacter baumannii,μg/mL,CHEMBL1945485,1,32.0,32.0,32.0,1.505149978319906,B,high,1,1.0
COc1cc(Nc2nnc(-c3ccc(S(=O)(=O)c4ccccc4)cc3)s2)cc(OC)c1OC,O=S(=O)(c1ccccc1)c1ccc(-c2nnc(Nc3ccccc3)s2)cc1,Acinetobacter baumannii,μg/mL,CHEMBL1945484,1,32.0,32.0,32.0,1.505149978319906,B,high,1,1.0
COc1cc(OC)c2nccc(CCC34CCC(NCc5ccc6c(n5)NC(=O)CO6)(CC3)CO4)c2n1,O=C1COc2ccc(CNC34CCC(CCc5ccnc6cccnc56)(CC3)OC4)nc2N1,Acinetobacter baumannii,μg/mL,CHEMBL3422968,1,8.0,8.0,8.0,0.9030899869919435,B,high,1,1.0
COc1cc2ncc(F)c(CCC34CCC(NCc5ccc6c(n5)NC(=O)CO6)(CC3)CO4)c2nc1OC,O=C1COc2ccc(CNC34CCC(CCc5ccnc6cccnc56)(CC3)OC4)nc2N1,Acinetobacter baumannii,μg/mL,CHEMBL3421646,1,8.0,8.0,8.0,0.9030899869919435,B,high,1,1.0
COc1cc2nccc(CCC34CCC(NCc5ccc6c(n5)NC(=O)CO6)(CC3)CO4)c2nc1C#N,O=C1COc2ccc(CNC34CCC(CCc5ccnc6cccnc56)(CC3)OC4)nc2N1,Acinetobacter baumannii,μg/mL,CHEMBL3422971,1,32.0,32.0,32.0,1.505149978319906,B,high,1,1.0
COc1cc2nccc(CCC34CCC(NCc5ccc6c(n5)NC(=O)CO6)(CC3)CO4)c2nc1C(=O)O,O=C1COc2ccc(CNC34CCC(CCc5ccnc6cccnc56)(CC3)OC4)nc2N1,Acinetobacter baumannii,μg/mL,CHEMBL3422972,1,16.0,16.0,16.0,1.2041199826559248,B,high,1,1.0
COc1cc2nccc(CCC34CCC(NCc5ccc6c(n5)NC(=O)CO6)(CC3)CO4)c2nc1OC,O=C1COc2ccc(CNC34CCC(CCc5ccnc6cccnc56)(CC3)OC4)nc2N1,Acinetobacter baumannii,μg/mL,CHEMBL3422964,1,8.0,8.0,8.0,0.9030899869919435,B,high,1,1.0
COc1ccc(-c2cc(C(=O)N[C@@H](CCN)C(=O)N[C@H](C(=O)N[C@@H](CN)C(=O)N[C@H]3CCNC(=O)[C@H]([C@@H](C)O)NC(=O)[C@H](CCN)NC(=O)[C@H](CCN)NC(=O)[C@H](CC(C)C)NC(=O)[C@@H](Cc4ccccc4)NC(=O)[C@H](CCN)NC3=O)[C@@H](C)O)ccn2)cc1,O=C1CNC(=O)CNC(=O)CNC(=O)CNC(=O)[C@@H](Cc2ccccc2)NC(=O)CNC(=O)[C@@H](NC(=O)CNC(=O)CNC(=O)CNC(=O)c2ccnc(-c3ccccc3)c2)CCN1,Acinetobacter baumannii,μg/mL,CHEMBL2397501,2,1.125,0.25,2.0,0.05115252244738129,B,high,1,1.0
COc1ccc(-c2ccccc2)cc1C(=O)N[C@@H](CCN)C(=O)N[C@H](C(=O)N[C@@H](CN)C(=O)N[C@H]1CCNC(=O)[C@H]([C@@H](C)O)NC(=O)[C@H](CCN)NC(=O)[C@H](CCN)NC(=O)[C@H](CC(C)C)NC(=O)[C@@H](Cc2ccccc2)NC(=O)[C@H](CCN)NC1=O)[C@@H](C)O,O=C1CNC(=O)CNC(=O)CNC(=O)CNC(=O)[C@@H](Cc2ccccc2)NC(=O)CNC(=O)[C@@H](NC(=O)CNC(=O)CNC(=O)CNC(=O)c2cccc(-c3ccccc3)c2)CCN1,Acinetobacter baumannii,μg/mL,CHEMBL2397510,2,2.125,0.25,4.0,0.32735893438633035,B,high,1,1.0
COc1ccc(-c2nn3c(-c4ccc(S(=O)(=O)c5ccc(Br)cc5)cc4)nnc3s2)cc1,O=S(=O)(c1ccccc1)c1ccc(-c2nnc3sc(-c4ccccc4)nn23)cc1,Acinetobacter baumannii,μg/mL,CHEMBL1631483,1,256.0,256.0,256.0,2.4082399653118496,B,high,1,1.0
COc1ccc(-c2nn3c(-c4ccc(S(=O)(=O)c5ccccc5)cc4)nnc3s2)cc1,O=S(=O)(c1ccccc1)c1ccc(-c2nnc3sc(-c4ccccc4)nn23)cc1,Acinetobacter baumannii,μg/mL,CHEMBL1631477,1,512.0,512.0,512.0,2.709269960975831,B,high,1,1.0
COc1ccc(-n2cc(C(=O)O)c(=O)c3cc(N)c(N4CCN(C)CC4)c(C)c32)cc1,O=c1ccn(-c2ccccc2)c2cc(N3CCNCC3)ccc12,Escherichia coli,μg/mL,CHEMBL137668,1,16.0,16.0,16.0,1.2041199826559248,B,high,1,1.0
COc1ccc(-n2cc(C(=O)O)c(=O)c3cc(N)c(N4CCN(C)CC4)c(C)c32)cc1,O=c1ccn(-c2ccccc2)c2cc(N3CCNCC3)ccc12,Klebsiella pneumoniae,μg/mL,CHEMBL137668,1,16.0,16.0,16.0,1.2041199826559248,B,high,1,1.0
COc1ccc(C(=O)/C=C/c2ccc(O)cc2)cc1,O=C(/C=C/c1ccccc1)c1ccccc1,Acinetobacter baumannii,μg/mL,CHEMBL337821,2,548.0,548.0,548.0,2.738780558484369,B,high,1,1.0
COc1ccc(C(=O)N[C@@H](CCN)C(=O)N[C@H](C(=O)N[C@@H](CN)C(=O)N[C@H]2CCNC(=O)[C@H]([C@@H](C)O)NC(=O)[C@H](CCN)NC(=O)[C@H](CCN)NC(=O)[C@H](CC(C)C)NC(=O)[C@@H](Cc3ccccc3)NC(=O)[C@H](CCN)NC2=O)[C@@H](C)O)cc1-c1ccccc1,O=C1CNC(=O)CNC(=O)CNC(=O)CNC(=O)[C@@H](Cc2ccccc2)NC(=O)CNC(=O)[C@@H](NC(=O)CNC(=O)CNC(=O)CNC(=O)c2cccc(-c3ccccc3)c2)CCN1,Acinetobacter baumannii,μg/mL,CHEMBL2397508,2,1.25,0.5,2.0,0.09691001300805642,B,high,1,1.0
COc1ccc(CC(=O)N[C@@H]2C(=O)N3C(C(=O)O)=C(Cl)CS[C@H]23)cc1,O=C(Cc1ccccc1)N[C@@H]1C(=O)N2C=CCS[C@H]12,Klebsiella pneumoniae,μg/mL,CHEMBL294820,1,32.0,32.0,32.0,1.505149978319906,B,high,1,1.0
COc1ccc(CC(=O)N[C@@H]2C(=O)N3C(C(=O)O)=C(Cl)CS[C@H]23)cc1OC,O=C(Cc1ccccc1)N[C@@H]1C(=O)N2C=CCS[C@H]12,Klebsiella pneumoniae,μg/mL,CHEMBL61866,1,128.0,128.0,128.0,2.1072099696478683,B,high,1,1.0
COc1ccc(N2CCN(Cc3oc(CCl)cc(=O)c3O)CC2)cc1,O=c1ccoc(CN2CCN(c3ccccc3)CC2)c1,Acinetobacter baumannii,μg/mL,CHEMBL2234228,2,24.0,16.0,32.0,1.380211241711606,B,high,1,1.0
COc1ccc(N2CCN(c3nc4c(s3)c3c(O)c5c(O)c(C)c6c(c54)C(=O)C(C)(O/C=C/C(OC)C(C)C(OC(C)=O)C(C)C(O)C(C)C(O)C(C)/C=C/C=C(/C)C(=O)N3)O6)CC2)cc1,O=C1C=C/C=C/CCCCCCCC/C=C/OC2Oc3ccc4cc(c5sc(N6CCN(c7ccccc7)CC6)nc5c4c3C2=O)N1,Escherichia coli,μg/mL,CHEMBL286374,1,8.0,8.0,8.0,0.9030899869919435,B,high,1,1.0
COc1ccc(N2CCN(c3nc4c(s3)c3c(O)c5c(O)c(C)c6c(c54)C(=O)C(C)(O/C=C/C(OC)C(C)C(OC(C)=O)C(C)C(O)C(C)C(O)C(C)/C=C/C=C(/C)C(=O)N3)O6)CC2)cc1,O=C1C=C/C=C/CCCCCCCC/C=C/OC2Oc3ccc4cc(c5sc(N6CCN(c7ccccc7)CC6)nc5c4c3C2=O)N1,Pseudomonas aeruginosa,μg/mL,CHEMBL286374,1,128.0,128.0,128.0,2.1072099696478683,B,high,1,1.0
COc1ccc(NCc2cn(-c3cc4c(cc3F)c(=O)c(C(=O)O)cn4C3CC3)nn2)cc1,O=c1ccn(C2CC2)c2cc(-n3cc(CNc4ccccc4)nn3)ccc12,Acinetobacter baumannii,μg/mL,CHEMBL2298755,1,8.0,8.0,8.0,0.9030899869919435,B,high,1,1.0
COc1ccc(Nc2nn3c(-c4ccc(S(=O)(=O)c5ccc(Br)cc5)cc4)nnc3s2)cc1,O=S(=O)(c1ccccc1)c1ccc(-c2nnc3sc(Nc4ccccc4)nn23)cc1,Acinetobacter baumannii,μg/mL,CHEMBL1630000,1,128.0,128.0,128.0,2.1072099696478683,B,high,1,1.0
COc1ccc(Nc2nn3c(-c4ccc(S(=O)(=O)c5ccccc5)cc4)nnc3s2)cc1,O=S(=O)(c1ccccc1)c1ccc(-c2nnc3sc(Nc4ccccc4)nn23)cc1,Acinetobacter baumannii,μg/mL,CHEMBL1629997,1,128.0,128.0,128.0,2.1072099696478683,B,high,1,1.0
COc1ccc2c(c1)[nH]c1c2c(F)cc2c(=O)c(C(=O)O)cn(C3CC3)c21,O=c1ccn(C2CC2)c2c1ccc1c3ccccc3[nH]c12,Acinetobacter baumannii,μg/mL,CHEMBL1215476,1,50.0,50.0,50.0,1.6989700043360187,B,high,1,1.0
COc1ccc2c(c1)[nH]c1c2sc2c1c(=O)c(C(=O)O)cn2C1CC1,O=c1ccn(C2CC2)c2sc3c4ccccc4[nH]c3c12,Acinetobacter baumannii,μg/mL,CHEMBL1767123,1,3.0,3.0,3.0,0.47712125471966244,B,high,1,1.0
COc1ccc2nc(N3CCN(C)CC3)c(F)c(CCC34CCC(NCc5ccc6c(n5)NC(=O)CO6)(CC3)CO4)c2n1,O=C1COc2ccc(CNC34CCC(CCc5cc(N6CCNCC6)nc6cccnc56)(CC3)OC4)nc2N1,Acinetobacter baumannii,μg/mL,CHEMBL3422956,1,32.0,32.0,32.0,1.505149978319906,B,high,1,1.0
COc1ccc2nc(N3CCNCC3)c(F)c(CCC34CCC(NCc5ccc6c(n5)NC(=O)CO6)(CC3)CO4)c2n1,O=C1COc2ccc(CNC34CCC(CCc5cc(N6CCNCC6)nc6cccnc56)(CC3)OC4)nc2N1,Acinetobacter baumannii,μg/mL,CHEMBL3422955,1,8.0,8.0,8.0,0.9030899869919435,B,high,1,1.0
COc1ccc2ncc(C#N)c(CC(O)C34CCC(NCc5ccc6c(n5)NC(=O)CO6)(CC3)CO4)c2n1,O=C1COc2ccc(CNC34CCC(CCc5ccnc6cccnc56)(CC3)OC4)nc2N1,Acinetobacter baumannii,μg/mL,CHEMBL3422983,2,0.75,0.5,1.0,-0.12493873660829995,B,high,1,1.0
COc1ccc2ncc(C#N)c(CCC34CCC(NCc5ccc6c(n5)NC(=O)CO6)(CC3)CO4)c2n1,O=C1COc2ccc(CNC34CCC(CCc5ccnc6cccnc56)(CC3)OC4)nc2N1,Acinetobacter baumannii,μg/mL,CHEMBL3422756,1,1.0,1.0,1.0,0.0,B,high,1,1.0
COc1ccc2ncc(C(F)(F)F)c(CCC34CCC(NCc5ccc6c(n5)NC(=O)CO6)(CC3)CO4)c2n1,O=C1COc2ccc(CNC34CCC(CCc5ccnc6cccnc56)(CC3)OC4)nc2N1,Acinetobacter baumannii,μg/mL,CHEMBL3422757,1,2.0,2.0,2.0,0.3010299956639812,B,high,1,1.0
COc1ccc2ncc(C(F)F)c(CCC34CCC(NCc5ccc6c(n5)NC(=O)CO6)(CC3)CO4)c2n1,O=C1COc2ccc(CNC34CCC(CCc5ccnc6cccnc56)(CC3)OC4)nc2N1,Acinetobacter baumannii,μg/mL,CHEMBL3422758,1,2.0,2.0,2.0,0.3010299956639812,B,high,1,1.0
COc1ccc2ncc(C(N)=O)c(CCC34CCC(NCc5ccc6c(n5)NC(=O)CO6)(CC3)CO4)c2n1,O=C1COc2ccc(CNC34CCC(CCc5ccnc6cccnc56)(CC3)OC4)nc2N1,Acinetobacter baumannii,μg/mL,CHEMBL3422761,1,32.0,32.0,32.0,1.505149978319906,B,high,1,1.0
COc1ccc2ncc(C)c(CCC34CCC(NCc5ccc6c(n5)NC(=O)CO6)(CC3)CO4)c2n1,O=C1COc2ccc(CNC34CCC(CCc5ccnc6cccnc56)(CC3)OC4)nc2N1,Acinetobacter baumannii,μg/mL,CHEMBL3422759,1,2.0,2.0,2.0,0.3010299956639812,B,high,1,1.0
COc1ccc2ncc(CO)c(CCC34CCC(NCc5ccc6c(n5)NC(=O)CO6)(CC3)CO4)c2n1,O=C1COc2ccc(CNC34CCC(CCc5ccnc6cccnc56)(CC3)OC4)nc2N1,Acinetobacter baumannii,μg/mL,CHEMBL3422760,1,8.0,8.0,8.0,0.9030899869919435,B,high,1,1.0
COc1ccc2ncc(Cl)c(CCC34CCC(NCc5ccc6c(n5)NC(=O)CO6)(CC3)CO4)c2n1,O=C1COc2ccc(CNC34CCC(CCc5ccnc6cccnc56)(CC3)OC4)nc2N1,Acinetobacter baumannii,μg/mL,CHEMBL3422754,1,1.0,1.0,1.0,0.0,B,high,1,1.0
COc1ccc2ncc(F)c(CCC34CCC(NCc5ccc6c(n5)NC(=O)CO6)(CC3)CO4)c2n1,O=C1COc2ccc(CNC34CCC(CCc5ccnc6cccnc56)(CC3)OC4)nc2N1,Acinetobacter baumannii,μg/mL,CHEMBL3305005,1,0.5,0.5,0.5,-0.3010299956639812,B,high,1,1.0
COc1ccc2ncc(F)c(CCC34CCC(NCc5ccc6c(n5)NC(=O)CO6)(CC3)CO4)c2n1.Cl,O=C1COc2ccc(CNC34CCC(CCc5ccnc6cccnc56)(CC3)OC4)nc2N1,Acinetobacter baumannii,μg/mL,CHEMBL3288810,1,0.5,0.5,0.5,-0.3010299956639812,B,high,1,1.0
COc1ccc2ncc(F)c(C[C@@H](O)C34CCC(NCc5ccc6c(n5)NC(=O)CO6)(CC3)CO4)c2n1.Cl,O=C1COc2ccc(CNC34CCC(CCc5ccnc6cccnc56)(CC3)OC4)nc2N1,Acinetobacter baumannii,μg/mL,CHEMBL3288812,1,1.0,1.0,1.0,0.0,B,high,1,1.0
COc1ccc2ncc(F)c(C[C@H](O)C34CCC(NCc5ccc6c(n5)NC(=O)CO6)(CC3)CO4)c2n1,O=C1COc2ccc(CNC34CCC(CCc5ccnc6cccnc56)(CC3)OC4)nc2N1,Acinetobacter baumannii,μg/mL,CHEMBL3305167,2,0.5,0.5,0.5,-0.3010299956639812,B,high,2,1.0
COc1ccc2ncc(F)c(C[C@H](O)C34CCC(NCc5ccc6c(n5)NC(=O)CO6)(CC3)CO4)c2n1.Cl,O=C1COc2ccc(CNC34CCC(CCc5ccnc6cccnc56)(CC3)OC4)nc2N1,Acinetobacter baumannii,μg/mL,CHEMBL3288811,1,0.5,0.5,0.5,-0.3010299956639812,B,high,1,1.0
COc1ccc2ncc(O)c(CCC34CCC(NCc5ccc6c(n5)NC(=O)CO6)(CC3)CO4)c2n1,O=C1COc2ccc(CNC34CCC(CCc5ccnc6cccnc56)(CC3)OC4)nc2N1,Acinetobacter baumannii,μg/mL,CHEMBL3422764,1,2.0,2.0,2.0,0.3010299956639812,B,high,1,1.0
COc1ccc2ncc(OC)c(CCC34CCC(NCc5ccc6c(n5)NC(=O)CO6)(CC3)CO4)c2n1,O=C1COc2ccc(CNC34CCC(CCc5ccnc6cccnc56)(CC3)OC4)nc2N1,Acinetobacter baumannii,μg/mL,CHEMBL3422763,1,8.0,8.0,8.0,0.9030899869919435,B,high,1,1.0
COc1ccc2ncc(S(C)(=O)=O)c(CCC34CCC(NCc5ccc6c(n5)NC(=O)CO6)(CC3)CO4)c2n1,O=C1COc2ccc(CNC34CCC(CCc5ccnc6cccnc56)(CC3)OC4)nc2N1,Acinetobacter baumannii,μg/mL,CHEMBL3422762,1,8.0,8.0,8.0,0.9030899869919435,B,high,1,1.0
COc1ccc2nccc(CCC34CCC(NCc5ccc6c(n5)NC(=O)CO6)(CC3)CO4)c2n1,O=C1COc2ccc(CNC34CCC(CCc5ccnc6cccnc56)(CC3)OC4)nc2N1,Acinetobacter baumannii,μg/mL,CHEMBL3422755,1,2.0,2.0,2.0,0.3010299956639812,B,high,1,1.0
COc1cccc(/C=C/C(=O)c2ccc(N)cc2)c1OC,O=C(/C=C/c1ccccc1)c1ccccc1,Acinetobacter baumannii,μg/mL,CHEMBL513742,2,325.0,325.0,325.0,2.5118833609788744,B,high,1,1.0
COc1cccc(CN2CC/C(=C\C3=C(C(=O)O)N4C(=O)[C@@H](NC(=O)/C(=N\O)c5csc(N)n5)[C@H]4SC3)C2=O)c1,N=C(C(=O)N[C@@H]1C(=O)N2C=C(/C=C3\CCN(Cc4ccccc4)C3=O)CS[C@H]12)c1cscn1,Escherichia coli,μg/mL,CHEMBL54887,1,2.0,2.0,2.0,0.3010299956639812,B,high,1,1.0
COc1cccc(N2CC/C(=C\C3=C(C(=O)O)N4C(=O)[C@@H](NC(=O)/C(=N\O)c5csc(N)n5)[C@H]4SC3)C2=O)c1,N=C(C(=O)N[C@@H]1C(=O)N2C=C(/C=C3\CCN(c4ccccc4)C3=O)CS[C@H]12)c1cscn1,Escherichia coli,μg/mL,CHEMBL291734,1,0.5,0.5,0.5,-0.3010299956639812,B,high,1,1.0
COc1cccc(N2CCN(Cc3oc(CCl)cc(=O)c3O)CC2)c1,O=c1ccoc(CN2CCN(c3ccccc3)CC2)c1,Acinetobacter baumannii,μg/mL,CHEMBL2234227,2,48.0,32.0,64.0,1.6812412373755872,B,high,1,1.0
COc1cccc(OCC(=O)N[C@@H]2C(=O)N3C(C(=O)O)=C(Cl)CS[C@H]23)c1,O=C(COc1ccccc1)N[C@@H]1C(=O)N2C=CCS[C@H]12,Klebsiella pneumoniae,μg/mL,CHEMBL293039,1,32.0,32.0,32.0,1.505149978319906,B,high,1,1.0
COc1cccc2c(O)c3c(cc12)C[C@H]1C[C@H]2[C@H](N(C)C)C(O)=C(C(N)=O)C(=O)[C@@]2(O)C(O)=C1C3=O,O=C1C2=CC3C(=O)C=CC[C@@H]3C[C@@H]2Cc2cc3ccccc3cc21,Acinetobacter baumannii,μg/mL,CHEMBL1782492,1,32.0,32.0,32.0,1.505149978319906,B,high,1,1.0
COc1ccccc1/C=N/n1c(-c2ccc(S(=O)(=O)c3ccccc3)cc2)n[nH]c1=S,O=S(=O)(c1ccccc1)c1ccc(-c2n[nH]c(=S)n2/N=C/c2ccccc2)cc1,Acinetobacter baumannii,μg/mL,CHEMBL551115,1,256.0,256.0,256.0,2.4082399653118496,B,high,1,1.0
COc1ccccc1/C=N/n1c(-c2ccc(S(=O)(=O)c3ccccc3)cc2)nn(CN2CCOCC2)c1=S,O=S(=O)(c1ccccc1)c1ccc(-c2nn(CN3CCOCC3)c(=S)n2/N=C/c2ccccc2)cc1,Acinetobacter baumannii,μg/mL,CHEMBL564838,1,512.0,512.0,512.0,2.709269960975831,B,high,1,1.0
COc1ccccc1N1CCN(Cc2oc(CCl)cc(=O)c2O)CC1,O=c1ccoc(CN2CCN(c3ccccc3)CC2)c1,Acinetobacter baumannii,μg/mL,CHEMBL2234088,2,48.0,32.0,64.0,1.6812412373755872,B,high,1,1.0
COc1cnc2c(CCC34CCC(NCc5ccc6c(n5)NC(=O)CO6)(CC3)CO4)ccnc2c1,O=C1COc2ccc(CNC34CCC(CCc5ccnc6cccnc56)(CC3)OC4)nc2N1,Acinetobacter baumannii,μg/mL,CHEMBL3422979,1,64.0,64.0,64.0,1.806179973983887,B,high,1,1.0
COc1cnc2ccc(=O)n3c2c1[C@@](O)(CC12CCC(NCc4ccc5c(n4)NC(=O)CO5)(CC1)CO2)C3,O=C1COc2ccc(CNC34CCC(CC5Cn6c(=O)ccc7nccc5c76)(CC3)OC4)nc2N1,Acinetobacter baumannii,μg/mL,CHEMBL3402188,1,32.0,32.0,32.0,1.505149978319906,B,high,1,1.0
COc1cnc2ccc(=O)n3c2c1[C@](O)(CC12CCC(NCc4ccc5c(n4)NC(=O)CO5)(CC1)CO2)C3,O=C1COc2ccc(CNC34CCC(CC5Cn6c(=O)ccc7nccc5c76)(CC3)OC4)nc2N1,Acinetobacter baumannii,μg/mL,CHEMBL3402187,1,32.0,32.0,32.0,1.505149978319906,B,high,1,1.0
COc1nc2c(CCC34CCC(NCc5ccc6c(n5)NC(=O)CO6)(CC3)CO4)c(F)cnc2cc1C(F)(F)F,O=C1COc2ccc(CNC34CCC(CCc5ccnc6cccnc56)(CC3)OC4)nc2N1,Acinetobacter baumannii,μg/mL,CHEMBL3422957,1,8.0,8.0,8.0,0.9030899869919435,B,high,1,1.0
COc1nc2c(CCC34CCC(NCc5ccc6c(n5)NC(=O)CO6)(CC3)CO4)c(F)cnc2cc1F,O=C1COc2ccc(CNC34CCC(CCc5ccnc6cccnc56)(CC3)OC4)nc2N1,Acinetobacter baumannii,μg/mL,CHEMBL3422952,1,1.0,1.0,1.0,0.0,B,high,1,1.0
COc1nc2c(CCC34CCC(NCc5ccc6c(n5)NC(=O)CO6)(CC3)CO4)ccnc2cc1C#N,O=C1COc2ccc(CNC34CCC(CCc5ccnc6cccnc56)(CC3)OC4)nc2N1,Acinetobacter baumannii,μg/mL,CHEMBL3422966,1,64.0,64.0,64.0,1.806179973983887,B,high,1,1.0
COc1nc2c(CCC34CCC(NCc5ccc6c(n5)NC(=O)CO6)(CC3)CO4)ccnc2cc1Cl,O=C1COc2ccc(CNC34CCC(CCc5ccnc6cccnc56)(CC3)OC4)nc2N1,Acinetobacter baumannii,μg/mL,CHEMBL3422963,1,32.0,32.0,32.0,1.505149978319906,B,high,1,1.0
COc1nc2c(CCC34CCC(NCc5ccc6c(n5)NC(=O)CO6)(CC3)CO4)ccnc2cc1F,O=C1COc2ccc(CNC34CCC(CCc5ccnc6cccnc56)(CC3)OC4)nc2N1,Acinetobacter baumannii,μg/mL,CHEMBL3422965,1,2.0,2.0,2.0,0.3010299956639812,B,high,1,1.0
COc1nc2ccc(Br)cc2cc1[C@@H](c1ccccc1)[C@@](O)(CCN(C)C)c1cccc2ccccc12,c1ccc([C@@H](Cc2cccc3ccccc23)c2cnc3ccccc3c2)cc1,Mycobacterium abscessus,μg/mL,CTRL-BEDAQUILINE,1,0.062,0.062,0.062,-1.207608310501746,A,high,1,1.0
COc1nc2ccccc2cc1COC(=O)Nc1ccc(CO)cc1,O=C(Nc1ccccc1)OCc1cnc2ccccc2c1,Pseudomonas aeruginosa,μg/mL,STEED2022-8,1,64.0,64.0,64.0,1.806179973983887,A,high,1,1.0
COn1cc(O)c(=O)cc1C(=O)NC[C@@H]1[C@H](NC(=O)/C(=N\OC(C)(C)C(=O)O)c2csc(N)n2)C(=O)N1S(=O)(=O)O,N=C(C(=O)N[C@@H]1C(=O)N[C@@H]1CNC(=O)c1cc(=O)cc[nH]1)c1cscn1,Acinetobacter baumannii,μg/mL,CHEMBL2409654,1,1.0,1.0,1.0,0.0,B,high,1,1.0
CS(=O)(=O)/C=C/C1=C(C(=O)O)N2C(=O)[C@@H](NC(=O)Cc3cccs3)[C@H]2SC1,O=C(Cc1cccs1)N[C@@H]1C(=O)N2C=CCS[C@H]12,Klebsiella pneumoniae,μg/mL,CHEMBL295636,1,0.5,0.5,0.5,-0.3010299956639812,B,high,1,1.0
CS(=O)(=O)C1=C(C(=O)O)N2C(=O)[C@@H](NC(=O)/C(=N/OCC#N)c3csc(N)n3)CN2C1,N=C(C(=O)N[C@H]1CN2CC=CN2C1=O)c1cscn1,Escherichia coli,μg/mL,CHEMBL111273,1,0.25,0.25,0.25,-0.6020599913279624,B,high,1,1.0
CS(=O)(=O)C1=C(C(=O)O)N2C(=O)[C@@H](NC(=O)/C(=N/OCC#N)c3csc(N)n3)CN2C1,N=C(C(=O)N[C@H]1CN2CC=CN2C1=O)c1cscn1,Klebsiella pneumoniae,μg/mL,CHEMBL111273,1,0.25,0.25,0.25,-0.6020599913279624,B,high,1,1.0
CS(=O)(=O)C1=C(C(=O)O)N2C(=O)[C@@H](NC(=O)/C(=N/OCC(=O)O)c3csc(N)n3)CN2C1,N=C(C(=O)N[C@H]1CN2CC=CN2C1=O)c1cscn1,Escherichia coli,μg/mL,CHEMBL321036,1,0.06,0.06,0.06,-1.2218487496163564,B,high,1,1.0
CS(=O)(=O)C1=C(C(=O)O)N2C(=O)[C@@H](NC(=O)/C(=N/OCC(=O)O)c3csc(N)n3)CN2C1,N=C(C(=O)N[C@H]1CN2CC=CN2C1=O)c1cscn1,Klebsiella pneumoniae,μg/mL,CHEMBL321036,1,0.125,0.125,0.125,-0.9030899869919435,B,high,1,1.0
CS(=O)(=O)C1=C(C(=O)O)N2C(=O)[C@@H](NC(=O)/C(=N/OCC(=O)O)c3csc(N)n3)CN2C1,N=C(C(=O)N[C@H]1CN2CC=CN2C1=O)c1cscn1,Pseudomonas aeruginosa,μg/mL,CHEMBL321036,1,128.0,128.0,128.0,2.1072099696478683,B,high,1,1.0
CS(=O)(=O)C1=C(C(=O)O)N2C(=O)[C@@H](NC(=O)/C(=N/OCCBr)c3csc(N)n3)CN2C1,N=C(C(=O)N[C@H]1CN2CC=CN2C1=O)c1cscn1,Escherichia coli,μg/mL,CHEMBL109746,1,0.125,0.125,0.125,-0.9030899869919435,B,high,1,1.0
CS(=O)(=O)C1=C(C(=O)O)N2C(=O)[C@@H](NC(=O)/C(=N/OCCBr)c3csc(N)n3)CN2C1,N=C(C(=O)N[C@H]1CN2CC=CN2C1=O)c1cscn1,Klebsiella pneumoniae,μg/mL,CHEMBL109746,1,0.03,0.03,0.03,-1.5228787452803376,B,high,1,1.0
CS(=O)(=O)C1=C(C(=O)O)N2C(=O)[C@@H](NC(=O)/C(=N/OCCCCCl)c3csc(N)n3)CN2C1,N=C(C(=O)N[C@H]1CN2CC=CN2C1=O)c1cscn1,Escherichia coli,μg/mL,CHEMBL323977,1,1.0,1.0,1.0,0.0,B,high,1,1.0
CS(=O)(=O)C1=C(C(=O)O)N2C(=O)[C@@H](NC(=O)/C(=N/OCCCCCl)c3csc(N)n3)CN2C1,N=C(C(=O)N[C@H]1CN2CC=CN2C1=O)c1cscn1,Klebsiella pneumoniae,μg/mL,CHEMBL323977,1,0.125,0.125,0.125,-0.9030899869919435,B,high,1,1.0
CS(=O)(=O)C1=C(C(=O)O)N2C(=O)[C@@H](NC(=O)/C(=N/OCCCF)c3csc(N)n3)CN2C1,N=C(C(=O)N[C@H]1CN2CC=CN2C1=O)c1cscn1,Escherichia coli,μg/mL,CHEMBL111397,1,0.03,0.03,0.03,-1.5228787452803376,B,high,1,1.0
CS(=O)(=O)C1=C(C(=O)O)N2C(=O)[C@@H](NC(=O)/C(=N/OCCCF)c3csc(N)n3)CN2C1,N=C(C(=O)N[C@H]1CN2CC=CN2C1=O)c1cscn1,Klebsiella pneumoniae,μg/mL,CHEMBL111397,1,0.03,0.03,0.03,-1.5228787452803376,B,high,1,1.0
CS(=O)(=O)C1=C(C(=O)O)N2C(=O)[C@@H](NC(=O)/C(=N/OCCCF)c3csc(N)n3)CN2C1,N=C(C(=O)N[C@H]1CN2CC=CN2C1=O)c1cscn1,Pseudomonas aeruginosa,μg/mL,CHEMBL111397,1,128.0,128.0,128.0,2.1072099696478683,B,high,1,1.0
CS(=O)(=O)C1=C(C(=O)O)N2C(=O)[C@@H](NC(=O)/C(=N/OCCCl)c3csc(N)n3)CN2C1,N=C(C(=O)N[C@H]1CN2CC=CN2C1=O)c1cscn1,Escherichia coli,μg/mL,CHEMBL324900,1,0.125,0.125,0.125,-0.9030899869919435,B,high,1,1.0
CS(=O)(=O)C1=C(C(=O)O)N2C(=O)[C@@H](NC(=O)/C(=N/OCCCl)c3csc(N)n3)CN2C1,N=C(C(=O)N[C@H]1CN2CC=CN2C1=O)c1cscn1,Klebsiella pneumoniae,μg/mL,CHEMBL324900,1,0.03,0.03,0.03,-1.5228787452803376,B,high,1,1.0
CS(=O)(=O)C1=C(C(=O)O)N2C(=O)[C@@H](NC(=O)/C(=N/OCCF)c3csc(N)n3)CN2C1,N=C(C(=O)N[C@H]1CN2CC=CN2C1=O)c1cscn1,Escherichia coli,μg/mL,CHEMBL111102,1,0.015,0.015,0.015,-1.8239087409443189,B,high,1,1.0
CS(=O)(=O)C1=C(C(=O)O)N2C(=O)[C@@H](NC(=O)/C(=N/OCCF)c3csc(N)n3)CN2C1,N=C(C(=O)N[C@H]1CN2CC=CN2C1=O)c1cscn1,Klebsiella pneumoniae,μg/mL,CHEMBL111102,1,0.03,0.03,0.03,-1.5228787452803376,B,high,1,1.0
CS(=O)(=O)C1=C(C(=O)O)N2C(=O)[C@@H](NC(=O)/C(=N/OCCF)c3csc(N)n3)CN2C1,N=C(C(=O)N[C@H]1CN2CC=CN2C1=O)c1cscn1,Pseudomonas aeruginosa,μg/mL,CHEMBL111102,1,128.0,128.0,128.0,2.1072099696478683,B,high,1,1.0
CSC/C(=C\[C@@H]1CCCN1)C1=C(C(=O)O)N2C(=O)[C@H]([C@@H](C)O)[C@H]2C1,O=C1C[C@H]2CC(C=C[C@@H]3CCCN3)=CN12,Pseudomonas aeruginosa,μg/mL,CHEMBL88735,1,25.0,25.0,25.0,1.3979400086720377,B,high,1,1.0
CSC1=NC2=CC=CC3CCNCC1=CC1=CCCN(CC3)C2CCCC1,C1=CC2CCNCC3=CC4=CCCN(CC2)C(CCCC4)C(=C1)N=C3,Pseudomonas aeruginosa,μg/mL,WARD2024-15,1,128.0,128.0,128.0,2.1072099696478683,A,high,1,1.0
CSCC[C@H](N)C(=O)N[C@H](C)P(=O)(O)O,CSCC[C@H](N)C(=O)N[C@H](C)P(=O)(O)O,Escherichia coli,μg/mL,CHEMBL132214,1,0.25,0.25,0.25,-0.6020599913279624,B,high,1,1.0
CSC[C@H](N)C(=O)N[C@H](C)P(=O)(O)O,CSC[C@H](N)C(=O)N[C@H](C)P(=O)(O)O,Escherichia coli,μg/mL,CHEMBL337015,1,0.03,0.03,0.03,-1.5228787452803376,B,high,1,1.0
CSc1c(F)cc2c(=O)c(C(=O)O)c3scc4n3c2c1OC4,O=c1cc2scc3n2c2c(cccc12)OC3,Klebsiella pneumoniae,μg/mL,CHEMBL174621,1,0.39,0.39,0.39,-0.4089353929735008,B,high,1,1.0
CSc1nc2c3cc1CNCC(=CC=C(CN(C)C)C=CC=3)C=CC=2,C1=CC=C2C=CC=c3ncc(cc3=CC=C1)CNC2,Pseudomonas aeruginosa,μg/mL,WARD2024-1,1,256.0,256.0,256.0,2.4082399653118496,A,high,1,1.0
CSc1nc2c3cc1CNCC(=CC=C(N(C)C)C=CC=3)C=CC=2,C1=CC=C2C=CC=c3ncc(cc3=CC=C1)CNC2,Pseudomonas aeruginosa,μg/mL,WARD2024-11,1,128.0,128.0,128.0,2.1072099696478683,A,high,1,1.0
CSc1nc2c3cc1CNCCC(=CC=CN(C)C=3)C=CC=2,C1=CNC=c2cc3cnc2=CC=CC(=C1)CCNC3,Pseudomonas aeruginosa,μg/mL,WARD2024-17,1,128.0,128.0,128.0,2.1072099696478683,A,high,1,1.0
CSc1nc2c3cc1CNCCC(=CNC=NC=3)C=CC=2,C1=CC2=CNC=NC=c3cc(cnc3=C1)CNCC2,Pseudomonas aeruginosa,μg/mL,WARD2024-21,1,128.0,128.0,128.0,2.1072099696478683,A,high,1,1.0
CSc1nc2c3cc1CNCCC(=NC(C)=CC(C)=NC=3)C=CC=2,C1=CN=C2C=CC=c3ncc(cc3=CN=C1)CNCC2,Pseudomonas aeruginosa,μg/mL,WARD2024-19,1,128.0,128.0,128.0,2.1072099696478683,A,high,1,1.0
CSc1nc2ccc(NC(=O)c3ccc([N+](=O)[O-])o3)cc2s1,O=C(Nc1ccc2ncsc2c1)c1ccco1,Acinetobacter baumannii,μg/mL,CHEMBL1632108,1,12.0,12.0,12.0,1.0791812460476249,B,high,1,1.0
CSc1nc2ccccc2cc1CNCCCCCN(C)C,c1ccc2ncccc2c1,Pseudomonas aeruginosa,μg/mL,WARD2024-9,1,128.0,128.0,128.0,2.1072099696478683,A,high,1,1.0
C[C@@H](C(=O)O)N1Cc2ccccc2C1=O,O=C1NCc2ccccc21,Pseudomonas aeruginosa,μg/mL,CHEMBL41565,1,3600.0,3600.0,3600.0,3.5563025007672873,B,high,1,1.0
C[C@@H](N)C(=O)NC[C@@H]1COC[C@@H]1SC1=C(C(=O)O)N2C(=O)[C@H]([C@@H](C)O)C2[C@H]1C,O=C1CC2CC(S[C@@H]3CCOC3)=CN12,Escherichia coli,μg/mL,CHEMBL46668,3,0.25,0.25,0.25,-0.6020599913279624,B,high,1,1.0
C[C@@H](N)C(=O)NC[C@@H]1COC[C@@H]1SC1=C(C(=O)O)N2C(=O)[C@H]([C@@H](C)O)C2[C@H]1C,O=C1CC2CC(S[C@@H]3CCOC3)=CN12,Pseudomonas aeruginosa,μg/mL,CHEMBL46668,2,96.0,64.0,128.0,1.9822712330395684,B,high,1,1.0
C[C@@H](N)C(=O)NC[C@@H]1C[C@@H](SC2=C(C(=O)O)N3C(=O)[C@H]([C@@H](C)O)C3[C@H]2C)CO1,O=C1CC2CC(S[C@@H]3CCOC3)=CN12,Pseudomonas aeruginosa,μg/mL,CHEMBL2114970,2,48.0,32.0,64.0,1.6812412373755872,B,high,1,1.0
C[C@@H](N)C(=O)NC[C@@H]1C[C@H](SC2=C(C(=O)O)N3C(=O)[C@H]([C@@H](C)O)C3[C@H]2C)CO1,O=C1CC2CC(S[C@H]3CCOC3)=CN12,Escherichia coli,μg/mL,CHEMBL2115419,2,0.09,0.06,0.12,-1.0457574905606752,B,high,1,1.0
C[C@@H](N)C(=O)NC[C@@H]1C[C@H](SC2=C(C(=O)O)N3C(=O)[C@H]([C@@H](C)O)C3[C@H]2C)CO1,O=C1CC2CC(S[C@H]3CCOC3)=CN12,Pseudomonas aeruginosa,μg/mL,CHEMBL2115419,2,48.0,32.0,64.0,1.6812412373755872,B,high,1,1.0
C[C@@H](N)C(=O)NC[C@H]1COC[C@H]1SC1=C(C(=O)O)N2C(=O)[C@H]([C@@H](C)O)C2[C@H]1C,O=C1CC2CC(S[C@H]3CCOC3)=CN12,Pseudomonas aeruginosa,μg/mL,CHEMBL48108,2,20.0,8.0,32.0,1.3010299956639813,B,high,1,1.0
C[C@@H](N)C(=O)NC[C@H]1OCC[C@H]1SC1=C(C(=O)O)N2C(=O)[C@H]([C@@H](C)O)C2[C@H]1C,O=C1CC2CC(S[C@@H]3CCOC3)=CN12,Pseudomonas aeruginosa,μg/mL,CHEMBL45161,2,48.0,32.0,64.0,1.6812412373755872,B,high,1,1.0
C[C@@H](N)C(=O)NC[C@H]1OCC[C@H]1SC1=C(C(=O)[O-])N2C(=O)[C@H]([C@@H](C)O)[C@H]2[C@H]1C.[Na+],O=C1C[C@H]2CC(S[C@@H]3CCOC3)=CN12,Pseudomonas aeruginosa,μg/mL,CHEMBL106223,2,64.0,64.0,64.0,1.806179973983887,B,high,1,1.0
C[C@@H](N)[C@@H](NC(=O)N1CCN(c2ccc(C#Cc3ccccc3)cc2)CC1)C(=O)NO,C(#Cc1ccc(N2CCNCC2)cc1)c1ccccc1,Acinetobacter baumannii,μg/mL,CHEMBL1668464,1,25.0,25.0,25.0,1.3979400086720377,B,high,1,1.0
C[C@@H](N)[C@H]1C(=O)N2C(C(=O)O)=C(SCc3cccnc3)[C@H](C)[C@H]12,O=C1C[C@H]2CC(SCc3cccnc3)=CN12,Klebsiella pneumoniae,μg/mL,CHEMBL172591,1,0.13,0.13,0.13,-0.8860566476931632,B,high,1,1.0
C[C@@H](NC(=O)[C@@H](N)CCC/N=C(\N)N[N+](=O)[O-])P(=O)(O)O,C[C@@H](NC(=O)[C@@H](N)CCC/N=C(\N)N[N+](=O)[O-])P(=O)(O)O,Escherichia coli,μg/mL,CHEMBL132159,1,0.5,0.5,0.5,-0.3010299956639812,B,high,1,1.0
C[C@@H](NC(=O)[C@@H](N)CCCCN=C(N)N)P(=O)(O)O,C[C@@H](NC(=O)[C@@H](N)CCCCN=C(N)N)P(=O)(O)O,Escherichia coli,μg/mL,CHEMBL336067,1,0.25,0.25,0.25,-0.6020599913279624,B,high,1,1.0
C[C@@H](NC(=O)[C@@H](N)CCCN=C(N)N)P(=O)(O)O,C[C@@H](NC(=O)[C@@H](N)CCCN=C(N)N)P(=O)(O)O,Escherichia coli,μg/mL,CHEMBL132332,2,0.25,0.25,0.25,-0.6020599913279624,B,high,1,1.0
C[C@@H](NC(=O)[C@@H](N)CCS(C)(=O)=O)P(=O)(O)O,C[C@@H](NC(=O)[C@@H](N)CCS(C)(=O)=O)P(=O)(O)O,Escherichia coli,μg/mL,CHEMBL335313,1,16.0,16.0,16.0,1.2041199826559248,B,high,1,1.0
C[C@@H](NC(=O)[C@@H](N)CC[S+](C)[O-])P(=O)(O)O,C[C@@H](NC(=O)[C@@H](N)CC[S+](C)[O-])P(=O)(O)O,Escherichia coli,μg/mL,CHEMBL128815,1,4.0,4.0,4.0,0.6020599913279624,B,high,1,1.0
C[C@@H](NC(=O)[C@@H](N)CF)P(=O)(O)O,C[C@@H](NC(=O)[C@@H](N)CF)P(=O)(O)O,Escherichia coli,μg/mL,CHEMBL130797,1,0.25,0.25,0.25,-0.6020599913279624,B,high,1,1.0
C[C@@H](NC(=O)[C@@H](N)CS)P(=O)(O)O,C[C@@H](NC(=O)[C@@H](N)CS)P(=O)(O)O,Escherichia coli,μg/mL,CHEMBL435008,1,32.0,32.0,32.0,1.505149978319906,B,high,1,1.0
C[C@@H](NC(=O)[C@@H](N)Cc1ccccc1)P(=O)(O)O,c1ccccc1,Escherichia coli,μg/mL,CHEMBL128561,1,0.5,0.5,0.5,-0.3010299956639812,B,high,1,1.0
C[C@@H](NC(=O)[C@@H](N)Cc1cccs1)P(=O)(O)O,c1ccsc1,Escherichia coli,μg/mL,CHEMBL335943,1,0.5,0.5,0.5,-0.3010299956639812,B,high,1,1.0
C[C@@H](O)C1C(=O)N2C(C(=O)O)=C(S[C@@H]3CN[C@H](CN4CC(C)(C)NS4(=O)=O)C3)[C@H](C)C12,O=C1CC2CC(S[C@@H]3CN[C@H](CN4CCNS4(=O)=O)C3)=CN12,Acinetobacter baumannii,μg/mL,CHEMBL397672,1,12.5,12.5,12.5,1.0969100130080565,B,high,1,1.0
C[C@@H](O)C1C(=O)N2C(C(=O)O)=C(S[C@@H]3CN[C@H](CN4CCCN(C)S4(=O)=O)C3)[C@H](C)C12,O=C1CC2CC(S[C@@H]3CN[C@H](CN4CCCNS4(=O)=O)C3)=CN12,Acinetobacter baumannii,μg/mL,CHEMBL244499,1,3.12,3.12,3.12,0.4941545940184428,B,high,1,1.0
C[C@@H](O)C1C(=O)N2C(C(=O)O)=C(S[C@@H]3CN[C@H](CN4CCCNS4(=O)=O)C3)[C@H](C)C12,O=C1CC2CC(S[C@@H]3CN[C@H](CN4CCCNS4(=O)=O)C3)=CN12,Acinetobacter baumannii,μg/mL,CHEMBL244498,1,6.25,6.25,6.25,0.7958800173440752,B,high,1,1.0
C[C@@H](O)C1C(=O)N2C(C(=O)O)=C(S[C@@H]3CN[C@H](CN4CCN(C)S4(=O)=O)C3)[C@H](C)C12,O=C1CC2CC(S[C@@H]3CN[C@H](CN4CCNS4(=O)=O)C3)=CN12,Acinetobacter baumannii,μg/mL,CHEMBL397431,1,12.5,12.5,12.5,1.0969100130080565,B,high,1,1.0
C[C@@H](O)C1C(=O)N2C(C(=O)O)=C(S[C@@H]3CN[C@H](CN4CCN(Cc5ccccc5)S4(=O)=O)C3)[C@H](C)C12,O=C1CC2CC(S[C@@H]3CN[C@H](CN4CCN(Cc5ccccc5)S4(=O)=O)C3)=CN12,Acinetobacter baumannii,μg/mL,CHEMBL395991,1,50.0,50.0,50.0,1.6989700043360187,B,high,1,1.0
C[C@@H](O)C1C(=O)N2C(C(=O)O)=C(S[C@@H]3CN[C@H](CN4CCNS4(=O)=O)C3)[C@H](C)C12,O=C1CC2CC(S[C@@H]3CN[C@H](CN4CCNS4(=O)=O)C3)=CN12,Acinetobacter baumannii,μg/mL,CHEMBL244310,1,12.5,12.5,12.5,1.0969100130080565,B,high,1,1.0
C[C@@H](O)C1C(=O)N2C(C(=O)O)=C(S[C@@H]3CN[C@H](CN4CCOS4(=O)=O)C3)[C@H](C)C12,O=C1CC2CC(S[C@@H]3CN[C@H](CN4CCOS4(=O)=O)C3)=CN12,Acinetobacter baumannii,μg/mL,CHEMBL244497,1,12.5,12.5,12.5,1.0969100130080565,B,high,1,1.0
C[C@@H](O)Cn1c(-c2cc(=O)c(O)c[nH]2)nn(S(=O)(=O)[N-]C(=O)N2C[C@H](NC(=O)/C(=N\OC(C)(C)C(=O)[O-])c3csc(N)n3)C2=O)c1=O.[Na+].[Na+],N=C(C(=O)N[C@H]1CN(C(=O)[N-]S(=O)(=O)n2nc(-c3cc(=O)cc[nH]3)[nH]c2=O)C1=O)c1cscn1,Acinetobacter baumannii,μg/mL,CHEMBL2016850,1,1.0,1.0,1.0,0.0,B,high,1,1.0
C[C@@H](O)[C@H]1C(=O)N2C(C(=O)O)=C(/C=C/[C@@H]3CCCN3)C[C@H]12,O=C1C[C@H]2CC(/C=C/[C@@H]3CCCN3)=CN12,Pseudomonas aeruginosa,μg/mL,CHEMBL90708,1,3.13,3.13,3.13,0.49554433754644844,B,high,1,1.0
C[C@@H](O)[C@H]1C(=O)N2C(C(=O)O)=C(/C=C/[C@@H]3CCCN3)[C@H](C)[C@H]12,O=C1C[C@H]2CC(/C=C/[C@@H]3CCCN3)=CN12,Pseudomonas aeruginosa,μg/mL,CHEMBL316060,1,3.13,3.13,3.13,0.49554433754644844,B,high,1,1.0
C[C@@H](O)[C@H]1C(=O)N2C(C(=O)O)=C(SCCN)C[C@H]12,O=C1C[C@H]2CC=CN12,Escherichia coli,μg/mL,CHEMBL278773,2,0.245,0.1,0.39,-0.6108339156354675,B,high,1,1.0
C[C@@H](O)[C@H]1C(=O)N2C(C(=O)O)=C(SCCN)C[C@H]12,O=C1C[C@H]2CC=CN12,Klebsiella pneumoniae,μg/mL,CHEMBL278773,1,0.2,0.2,0.2,-0.6989700043360187,B,high,1,1.0
C[C@@H](O)[C@H]1C(=O)N2C(C(=O)O)=C(SCCN)C[C@H]12,O=C1C[C@H]2CC=CN12,Pseudomonas aeruginosa,μg/mL,CHEMBL278773,1,3.12,3.12,3.12,0.4941545940184428,B,high,1,1.0
C[C@@H](O)[C@H]1C(=O)N2C(C(=O)O)=C(SCCNC=N)C[C@H]12,O=C1C[C@H]2CC=CN12,Acinetobacter baumannii,μg/mL,CHEMBL148,243,4.0,0.032,128000.0,0.6020599913279624,B,high,40,1.0
C[C@@H](O)[C@H]1C(=O)N2C(C(=O)O)=C(SCCNC=N)C[C@H]12,O=C1C[C@H]2CC=CN12,Escherichia coli,μg/mL,CHEMBL148,23,0.25,0.12,500.0,-0.6020599913279624,B,high,3,1.0
C[C@@H](O)[C@H]1C(=O)N2C(C(=O)O)=C(SCCNC=N)C[C@H]12,O=C1C[C@H]2CC=CN12,Klebsiella pneumoniae,μg/mL,CHEMBL148,3,0.5,0.12,1.0,-0.3010299956639812,B,high,2,1.0
C[C@@H](O)[C@H]1C(=O)N2C(C(=O)O)=C(SCCNC=N)C[C@H]12,O=C1C[C@H]2CC=CN12,Pseudomonas aeruginosa,μg/mL,CHEMBL148,9,4.0,0.2,4000.0,0.6020599913279624,B,high,5,1.0
C[C@@H](O)[C@H]1C(=O)N2C(C(=O)O)=C(SCCNC=N)C[C@H]12.O,O=C1C[C@H]2CC=CN12,Escherichia coli,μg/mL,CHEMBL43708,8,0.375,0.098,0.5,-0.42596873227228116,B,high,4,1.0
C[C@@H](O)[C@H]1C(=O)N2C(C(=O)O)=C(SCCNC=N)C[C@H]12.O,O=C1C[C@H]2CC=CN12,Klebsiella pneumoniae,μg/mL,CHEMBL43708,1,0.125,0.125,0.125,-0.9030899869919435,B,high,1,1.0
C[C@@H](O)[C@H]1C(=O)N2C(C(=O)O)=C(SCCNC=N)C[C@H]12.O,O=C1C[C@H]2CC=CN12,Pseudomonas aeruginosa,μg/mL,CHEMBL43708,12,1.2814999999999999,0.195,16.0,0.10771861052026277,B,high,6,1.0
C[C@@H](O)[C@H]1C(=O)N2C(C(=O)O)=C(SCc3cccnc3)[C@H](C)[C@H]12,O=C1C[C@H]2CC(SCc3cccnc3)=CN12,Klebsiella pneumoniae,μg/mL,CHEMBL177306,1,0.13,0.13,0.13,-0.8860566476931632,B,high,1,1.0
C[C@@H](O)[C@H]1C(=O)N2C(C(=O)O)=C(S[C@@H]3CCO[C@@H]3CN)[C@H](C)[C@H]12,O=C1C[C@H]2CC(S[C@@H]3CCOC3)=CN12,Pseudomonas aeruginosa,μg/mL,CHEMBL1206880,4,12.0,4.0,16.0,1.0791812460476249,B,high,2,1.0
C[C@@H](O)[C@H]1C(=O)N2C(C(=O)O)=C(S[C@@H]3CN[C@H](/C=C/c4ccno4)C3)[C@H](C)[C@H]12,O=C1C[C@H]2CC(S[C@@H]3CN[C@H](/C=C/c4ccno4)C3)=CN12,Escherichia coli,μg/mL,CHEMBL94037,2,0.025,0.025,0.025,-1.6020599913279623,B,high,1,1.0
C[C@@H](O)[C@H]1C(=O)N2C(C(=O)O)=C(S[C@@H]3CN[C@H](/C=C/c4ccno4)C3)[C@H](C)[C@H]12,O=C1C[C@H]2CC(S[C@@H]3CN[C@H](/C=C/c4ccno4)C3)=CN12,Pseudomonas aeruginosa,μg/mL,CHEMBL94037,3,0.195,0.098,0.195,-0.7099653886374819,B,high,1,1.0
C[C@@H](O)[C@H]1C(=O)N2C(C(=O)O)=C(S[C@@H]3CN[C@H](/C=C/c4ccns4)C3)[C@H](C)[C@H]12,O=C1C[C@H]2CC(S[C@@H]3CN[C@H](/C=C/c4ccns4)C3)=CN12,Escherichia coli,μg/mL,CHEMBL142875,2,0.025,0.025,0.025,-1.6020599913279623,B,high,1,1.0
C[C@@H](O)[C@H]1C(=O)N2C(C(=O)O)=C(S[C@@H]3CN[C@H](/C=C/c4ccns4)C3)[C@H](C)[C@H]12,O=C1C[C@H]2CC(S[C@@H]3CN[C@H](/C=C/c4ccns4)C3)=CN12,Pseudomonas aeruginosa,μg/mL,CHEMBL142875,3,0.391,0.195,0.391,-0.40782324260413316,B,high,1,1.0
C[C@@H](O)[C@H]1C(=O)N2C(C(=O)O)=C(S[C@@H]3CN[C@H](/C=C/c4ccsn4)C3)[C@H](C)[C@H]12,O=C1C[C@H]2CC(S[C@@H]3CN[C@H](/C=C/c4ccsn4)C3)=CN12,Escherichia coli,μg/mL,CHEMBL139996,2,0.049,0.049,0.049,-1.3098039199714864,B,high,1,1.0
C[C@@H](O)[C@H]1C(=O)N2C(C(=O)O)=C(S[C@@H]3CN[C@H](/C=C/c4ccsn4)C3)[C@H](C)[C@H]12,O=C1C[C@H]2CC(S[C@@H]3CN[C@H](/C=C/c4ccsn4)C3)=CN12,Pseudomonas aeruginosa,μg/mL,CHEMBL139996,3,1.563,0.391,1.563,0.1939589780191869,B,high,1,1.0
C[C@@H](O)[C@H]1C(=O)N2C(C(=O)O)=C(S[C@@H]3CN[C@H](C(=O)N(C)C)C3)[C@H](C)[C@H]12,O=C1C[C@H]2CC(S[C@H]3CCNC3)=CN12,Acinetobacter baumannii,μg/mL,CHEMBL127,248,4.0,0.06,12000.0,0.6020599913279624,B,high,37,1.0
C[C@@H](O)[C@H]1C(=O)N2C(C(=O)O)=C(S[C@@H]3CN[C@H](C(=O)N(C)C)C3)[C@H](C)[C@H]12,O=C1C[C@H]2CC(S[C@H]3CCNC3)=CN12,Escherichia coli,μg/mL,CHEMBL127,3,0.025,0.025,0.04,-1.6020599913279623,B,high,2,1.0
C[C@@H](O)[C@H]1C(=O)N2C(C(=O)O)=C(S[C@@H]3CN[C@H](C(=O)N(C)C)C3)[C@H](C)[C@H]12,O=C1C[C@H]2CC(S[C@H]3CCNC3)=CN12,Klebsiella pneumoniae,μg/mL,CHEMBL127,1,0.04,0.04,0.04,-1.3979400086720375,B,high,1,1.0
C[C@@H](O)[C@H]1C(=O)N2C(C(=O)O)=C(S[C@@H]3CN[C@H](C(=O)N(C)C)C3)[C@H](C)[C@H]12,O=C1C[C@H]2CC(S[C@H]3CCNC3)=CN12,Pseudomonas aeruginosa,μg/mL,CHEMBL127,5,0.195,0.049,0.4,-0.7099653886374819,B,high,2,1.0
C[C@@H](O)[C@H]1C(=O)N2C(C(=O)O)=C(S[C@@H]3CN[C@H](CNS(N)(=O)=O)C3)[C@H](C)[C@H]12,O=C1C[C@H]2CC(S[C@H]3CCNC3)=CN12,Acinetobacter baumannii,μg/mL,CHEMBL491571,27,2.0,0.25,32.0,0.3010299956639812,B,high,2,1.0
C[C@@H](O)[C@H]1C(=O)N2C(C(=O)O)=C3C[C@@H](CCO)CC[C@@H]3[C@H]12,O=C1C[C@H]2[C@H]3CCCCC3=CN12,Escherichia coli,μg/mL,CHEMBL54414,4,2.0,1.0,2.0,0.3010299956639812,B,high,1,1.0
C[C@@H](O)[C@H]1C(=O)N2C(C(=O)O)=C3C[C@@H](CCO)CC[C@@H]3[C@H]12,O=C1C[C@H]2[C@H]3CCCCC3=CN12,Klebsiella pneumoniae,μg/mL,CHEMBL54414,1,2.0,2.0,2.0,0.3010299956639812,B,high,1,1.0
C[C@@H](O)[C@H]1C(=O)N2C(C(=O)O)=C3C[C@@H](CCO)CC[C@@H]3[C@H]12,O=C1C[C@H]2[C@H]3CCCCC3=CN12,Pseudomonas aeruginosa,μg/mL,CHEMBL54414,1,4.0,4.0,4.0,0.6020599913279624,B,high,1,1.0
C[C@@H](O)[C@H]1C(=O)N2C(C(=O)O)=C3[C@@H](N)CCC[C@@H]3[C@H]12,O=C1C[C@H]2[C@H]3CCCCC3=CN12,Escherichia coli,μg/mL,CHEMBL295551,2,0.75,0.5,1.0,-0.12493873660829995,B,high,1,1.0
C[C@@H](O)[C@H]1C(=O)N2C(C(=O)O)=C3[C@@H](N)CCC[C@@H]3[C@H]12,O=C1C[C@H]2[C@H]3CCCCC3=CN12,Pseudomonas aeruginosa,μg/mL,CHEMBL295551,1,4.0,4.0,4.0,0.6020599913279624,B,high,1,1.0
C[C@@H](O)[C@H]1C(=O)N2C(C(=O)O)=C3[C@@H](NC4CCCC4)CCC[C@@H]3[C@H]12,O=C1C[C@H]2[C@H]3CCC[C@H](NC4CCCC4)C3=CN12,Escherichia coli,μg/mL,CHEMBL45216,2,20.0,8.0,32.0,1.3010299956639813,B,high,1,1.0
C[C@@H](O)[C@H]1C(=O)N2C(C(=O)O)=C3[C@@H](NC4CCCC4)CCC[C@@H]3[C@H]12,O=C1C[C@H]2[C@H]3CCC[C@H](NC4CCCC4)C3=CN12,Pseudomonas aeruginosa,μg/mL,CHEMBL45216,1,32.0,32.0,32.0,1.505149978319906,B,high,1,1.0
C[C@@H](O)[C@H]1C(=O)N2C(C(=O)O)=C3[C@H](CCC[C@@H]3N(C)C)[C@H]12,O=C1C[C@H]2[C@H]3CCCCC3=CN12,Escherichia coli,μg/mL,CHEMBL296890,2,1.5,1.0,2.0,0.17609125905568124,B,high,1,1.0
C[C@@H](O)[C@H]1C(=O)N2C(C(=O)O)=C3[C@H](CCC[C@@H]3N(C)C)[C@H]12,O=C1C[C@H]2[C@H]3CCCCC3=CN12,Pseudomonas aeruginosa,μg/mL,CHEMBL296890,1,8.0,8.0,8.0,0.9030899869919435,B,high,1,1.0
C[C@@H](O)[C@H]1C(=O)N2C(C(=O)[O-])=C(CO)S[C@H]12.[Na+],O=C1C[C@H]2SC=CN12,Escherichia coli,μg/mL,CHEMBL294219,2,4.0,4.0,4.0,0.6020599913279624,B,high,1,1.0
C[C@@H](O)[C@H]1C(=O)N2C(C(=O)[O-])=C(CO)S[C@H]12.[Na+],O=C1C[C@H]2SC=CN12,Klebsiella pneumoniae,μg/mL,CHEMBL294219,1,4.0,4.0,4.0,0.6020599913279624,B,high,1,1.0
C[C@@H](O)[C@H]1C(=O)N2C(C(=O)[O-])=C(CO)S[C@H]12.[Na+],O=C1C[C@H]2SC=CN12,Pseudomonas aeruginosa,μg/mL,CHEMBL294219,2,36.0,8.0,64.0,1.5563025007672873,B,high,1,1.0
C[C@@H](O)[C@H]1C(=O)N2C(C(=O)[O-])=C(CO)[C@H](C)[C@H]12.[K+],O=C1C[C@H]2CC=CN12,Escherichia coli,μg/mL,CHEMBL298923,2,0.5,0.5,0.5,-0.3010299956639812,B,high,1,1.0
C[C@@H](O)[C@H]1C(=O)N2C(C(=O)[O-])=C(CO)[C@H](C)[C@H]12.[K+],O=C1C[C@H]2CC=CN12,Klebsiella pneumoniae,μg/mL,CHEMBL298923,1,0.5,0.5,0.5,-0.3010299956639812,B,high,1,1.0
C[C@@H](O)[C@H]1C(=O)N2C(C(=O)[O-])=C(CO)[C@H](C)[C@H]12.[K+],O=C1C[C@H]2CC=CN12,Pseudomonas aeruginosa,μg/mL,CHEMBL298923,2,24.0,16.0,32.0,1.380211241711606,B,high,1,1.0
C[C@@H](O)[C@H]1C(=O)N2C(C(=O)[O-])=C(COC(=O)N3CCN(c4cc5c(cc4F)c(=O)c(C(=O)O)cn5C4CC4)CC3)S[C@H]12.[Na+],O=C(OCC1=CN2C(=O)C[C@H]2S1)N1CCN(c2ccc3c(=O)ccn(C4CC4)c3c2)CC1,Escherichia coli,μg/mL,CHEMBL300530,4,0.0625,0.06,4.0,-1.2041199826559248,B,high,1,1.0
C[C@@H](O)[C@H]1C(=O)N2C(C(=O)[O-])=C(COC(=O)N3CCN(c4cc5c(cc4F)c(=O)c(C(=O)O)cn5C4CC4)CC3)S[C@H]12.[Na+],O=C(OCC1=CN2C(=O)C[C@H]2S1)N1CCN(c2ccc3c(=O)ccn(C4CC4)c3c2)CC1,Klebsiella pneumoniae,μg/mL,CHEMBL300530,1,0.25,0.25,0.25,-0.6020599913279624,B,high,1,1.0
C[C@@H](O)[C@H]1C(=O)N2C(C(=O)[O-])=C(COC(=O)N3CCN(c4cc5c(cc4F)c(=O)c(C(=O)O)cn5C4CC4)CC3)S[C@H]12.[Na+],O=C(OCC1=CN2C(=O)C[C@H]2S1)N1CCN(c2ccc3c(=O)ccn(C4CC4)c3c2)CC1,Pseudomonas aeruginosa,μg/mL,CHEMBL300530,2,1.5,1.0,2.0,0.17609125905568124,B,high,1,1.0
C[C@@H](O)[C@H]1C(=O)N2C(C(=O)[O-])=C(COC(=O)N3CCN(c4cc5c(cc4F)c(=O)c(C(=O)O)cn5C4CC4)CC3)[C@H](C)[C@H]12.[K+],O=C(OCC1=CN2C(=O)C[C@H]2C1)N1CCN(c2ccc3c(=O)ccn(C4CC4)c3c2)CC1,Escherichia coli,μg/mL,CHEMBL298743,1,0.0313,0.0313,0.0313,-1.5044556624535514,B,high,1,1.0
C[C@@H](O)[C@H]1C(=O)N2C(C(=O)[O-])=C(COC(=O)N3CCN(c4cc5c(cc4F)c(=O)c(C(=O)O)cn5C4CC4)CC3)[C@H](C)[C@H]12.[K+],O=C(OCC1=CN2C(=O)C[C@H]2C1)N1CCN(c2ccc3c(=O)ccn(C4CC4)c3c2)CC1,Klebsiella pneumoniae,μg/mL,CHEMBL298743,1,0.0625,0.0625,0.0625,-1.2041199826559248,B,high,1,1.0
C[C@@H](O)[C@H]1C(=O)N2C(C(=O)[O-])=C(COC(=O)N3CCN(c4cc5c(cc4F)c(=O)c(C(=O)O)cn5C4CC4)CC3)[C@H](C)[C@H]12.[K+],O=C(OCC1=CN2C(=O)C[C@H]2C1)N1CCN(c2ccc3c(=O)ccn(C4CC4)c3c2)CC1,Pseudomonas aeruginosa,μg/mL,CHEMBL298743,2,0.5,0.5,0.5,-0.3010299956639812,B,high,1,1.0
C[C@@H](O)[C@H]1C(=O)N2C(C(=O)[O-])=C(COC(=O)c3cn(CCF)c4c(F)c(N5CCN(C)CC5)c(F)cc4c3=O)C[C@H]12.[Na+],O=C(OCC1=CN2C(=O)C[C@H]2C1)c1c[nH]c2cc(N3CCNCC3)ccc2c1=O,Escherichia coli,μg/mL,CHEMBL298751,4,0.125,0.12,1.0,-0.9030899869919435,B,high,1,1.0
C[C@@H](O)[C@H]1C(=O)N2C(C(=O)[O-])=C(COC(=O)c3cn(CCF)c4c(F)c(N5CCN(C)CC5)c(F)cc4c3=O)C[C@H]12.[Na+],O=C(OCC1=CN2C(=O)C[C@H]2C1)c1c[nH]c2cc(N3CCNCC3)ccc2c1=O,Klebsiella pneumoniae,μg/mL,CHEMBL298751,1,0.25,0.25,0.25,-0.6020599913279624,B,high,1,1.0
C[C@@H](O)[C@H]1C(=O)N2C(C(=O)[O-])=C(COC(=O)c3cn(CCF)c4c(F)c(N5CCN(C)CC5)c(F)cc4c3=O)C[C@H]12.[Na+],O=C(OCC1=CN2C(=O)C[C@H]2C1)c1c[nH]c2cc(N3CCNCC3)ccc2c1=O,Pseudomonas aeruginosa,μg/mL,CHEMBL298751,2,3.0,2.0,4.0,0.47712125471966244,B,high,1,1.0
C[C@@H](O)[C@H]1C(=O)N2C(C(=O)[O-])=C(COC(=O)c3cn(CCF)c4c(F)c(N5CCN(C)CC5)c(F)cc4c3=O)S[C@H]12.[Na+],O=C(OCC1=CN2C(=O)C[C@H]2S1)c1c[nH]c2cc(N3CCNCC3)ccc2c1=O,Escherichia coli,μg/mL,CHEMBL55025,4,0.375,0.25,2.0,-0.42596873227228116,B,high,1,1.0
C[C@@H](O)[C@H]1C(=O)N2C(C(=O)[O-])=C(COC(=O)c3cn(CCF)c4c(F)c(N5CCN(C)CC5)c(F)cc4c3=O)S[C@H]12.[Na+],O=C(OCC1=CN2C(=O)C[C@H]2S1)c1c[nH]c2cc(N3CCNCC3)ccc2c1=O,Klebsiella pneumoniae,μg/mL,CHEMBL55025,1,0.5,0.5,0.5,-0.3010299956639812,B,high,1,1.0
C[C@@H](O)[C@H]1C(=O)N2C(C(=O)[O-])=C(COC(=O)c3cn(CCF)c4c(F)c(N5CCN(C)CC5)c(F)cc4c3=O)S[C@H]12.[Na+],O=C(OCC1=CN2C(=O)C[C@H]2S1)c1c[nH]c2cc(N3CCNCC3)ccc2c1=O,Pseudomonas aeruginosa,μg/mL,CHEMBL55025,2,10.0,4.0,16.0,1.0,B,high,1,1.0
C[C@@H](O)[C@H]1C(=O)N2C(C(=O)[O-])=C(CSC(=S)N(C)C)S[C@H]12.[Na+],O=C1C[C@H]2SC=CN12,Pseudomonas aeruginosa,μg/mL,CHEMBL73610,1,1.0,1.0,1.0,0.0,B,high,1,1.0
C[C@@H](O)[C@H]1C(=O)N2C(C(=O)[O-])=C(CSC(=S)N(C)CC(N)=O)S[C@H]12.[Na+],O=C1C[C@H]2SC=CN12,Pseudomonas aeruginosa,μg/mL,CHEMBL66565,1,4.0,4.0,4.0,0.6020599913279624,B,high,1,1.0
C[C@@H](O)[C@H]1C(=O)N2C(C(=O)[O-])=C(CSC(=S)N(C)Cc3ccccc3)S[C@H]12.[Na+],O=C1C[C@H]2SC(CSC(=S)NCc3ccccc3)=CN12,Pseudomonas aeruginosa,μg/mL,CHEMBL303249,1,32.0,32.0,32.0,1.505149978319906,B,high,1,1.0
C[C@@H](O)[C@H]1C(=O)N2C(C(=O)[O-])=C(CSC(=S)N(C)OCc3ccccc3)S[C@H]12.[Na+],O=C1C[C@H]2SC(CSC(=S)NOCc3ccccc3)=CN12,Pseudomonas aeruginosa,μg/mL,CHEMBL68197,1,32.0,32.0,32.0,1.505149978319906,B,high,1,1.0
C[C@@H](O)[C@H]1C(=O)N2C(C(=O)[O-])=C(CSC(=S)N(CCO)CCO)S[C@H]12.[Na+],O=C1C[C@H]2SC=CN12,Pseudomonas aeruginosa,μg/mL,CHEMBL68208,1,2.0,2.0,2.0,0.3010299956639812,B,high,1,1.0
C[C@@H](O)[C@H]1C(=O)N2C(C(=O)[O-])=C(CSC(=S)N3CCN(C)CC3)S[C@H]12.[Na+],O=C1C[C@H]2SC(CSC(=S)N3CCNCC3)=CN12,Pseudomonas aeruginosa,μg/mL,CHEMBL303491,1,4.0,4.0,4.0,0.6020599913279624,B,high,1,1.0
C[C@@H](O)[C@H]1C(=O)N2C(C(=O)[O-])=C(CSC(=S)N3CCNCC3)S[C@H]12.[Na+],O=C1C[C@H]2SC(CSC(=S)N3CCNCC3)=CN12,Pseudomonas aeruginosa,μg/mL,CHEMBL419077,1,4.0,4.0,4.0,0.6020599913279624,B,high,1,1.0
C[C@@H](O)[C@H]1C(=O)N2C(C(=O)[O-])=C(CSC(=S)N3CCOCC3)S[C@H]12.[Na+],O=C1C[C@H]2SC(CSC(=S)N3CCOCC3)=CN12,Pseudomonas aeruginosa,μg/mL,CHEMBL70131,1,0.5,0.5,0.5,-0.3010299956639812,B,high,1,1.0
C[C@@H](O)[C@H]1C(=O)N2C(C(=O)[O-])=C(SC3COC(C/N=C/N(C)C)C3)[C@H](C)[C@H]12.[Na+],O=C1C[C@H]2CC(SC3CCOC3)=CN12,Pseudomonas aeruginosa,μg/mL,CHEMBL105737,2,24.0,16.0,32.0,1.380211241711606,B,high,1,1.0
C[C@@H](O)[C@H]1C(=O)N2C(C(=O)[O-])=C(SC3COC(C/N=C/N)C3)[C@H](C)[C@H]12.[Na+],O=C1C[C@H]2CC(SC3CCOC3)=CN12,Pseudomonas aeruginosa,μg/mL,CHEMBL318577,2,12.0,8.0,16.0,1.0791812460476249,B,high,1,1.0
C[C@@H](O)[C@H]1C(=O)N2C(C(=O)[O-])=C(SC3COC(CN)C3)[C@H](C)[C@H]12.[Na+],O=C1C[C@H]2CC(SC3CCOC3)=CN12,Escherichia coli,μg/mL,CHEMBL320391,1,0.06,0.06,0.06,-1.2218487496163564,B,high,1,1.0
C[C@@H](O)[C@H]1C(=O)N2C(C(=O)[O-])=C(SC3COC(CN)C3)[C@H](C)[C@H]12.[Na+],O=C1C[C@H]2CC(SC3CCOC3)=CN12,Pseudomonas aeruginosa,μg/mL,CHEMBL320391,2,6.0,4.0,8.0,0.7781512503836436,B,high,1,1.0
C[C@@H](O)[C@H]1C(=O)N2C(C(=O)[O-])=C(SC3COC(C[N+](C)(C)C)C3)[C@H](C)[C@H]12,O=C1C[C@H]2CC(SC3CCOC3)=CN12,Pseudomonas aeruginosa,μg/mL,CHEMBL1206903,2,48.0,32.0,64.0,1.6812412373755872,B,high,1,1.0
C[C@@H](O)[C@H]1C(=O)N2C(C(=O)[O-])=C(S[C@@H]3CCO[C@@H]3C/N=C\N)[C@H](C)[C@H]12.[Na+],O=C1C[C@H]2CC(S[C@@H]3CCOC3)=CN12,Pseudomonas aeruginosa,μg/mL,CHEMBL106382,2,24.0,16.0,32.0,1.380211241711606,B,high,1,1.0
C[C@@H](O)[C@H]1C(=O)N2C(C(=O)[O-])=C(S[C@@H]3CCO[C@@H]3CN(C)C)[C@H](C)[C@H]12.[Na+],O=C1C[C@H]2CC(S[C@@H]3CCOC3)=CN12,Pseudomonas aeruginosa,μg/mL,CHEMBL319703,2,24.0,16.0,32.0,1.380211241711606,B,high,1,1.0
C[C@@H](O)[C@H]1C(=O)N2C(C(=O)[O-])=C(S[C@@H]3CCO[C@@H]3CN)[C@H](C)[C@H]12.[Na+],O=C1C[C@H]2CC(S[C@@H]3CCOC3)=CN12,Pseudomonas aeruginosa,μg/mL,CHEMBL321043,2,12.0,8.0,16.0,1.0791812460476249,B,high,1,1.0
C[C@@H](O)[C@H]1C(=O)N2C(C(=O)[O-])=C(S[C@H]3[C@@H](C(=O)N(C)C)O[C@@H]3CO)[C@H](C)[C@H]12.[Na+],O=C1C[C@H]2CC(SC3COC3)=CN12,Escherichia coli,μg/mL,CHEMBL2368992,3,0.5,0.5,1.0,-0.3010299956639812,B,high,1,1.0
C[C@@H](O)[C@H]1C(=O)N2C(C(=O)[O-])=C3CCC[C@H]3[C@H]12.[Na+],O=C1C[C@H]2[C@@H]3CCCC3=CN12,Escherichia coli,μg/mL,CHEMBL148775,1,2.0,2.0,2.0,0.3010299956639812,B,high,1,1.0
C[C@@H](O)[C@H]1C(=O)N2C(C(=O)[O-])=C3[C@@H](OCC/N=C/N)CCC[C@@H]3[C@H]12.[Na+],O=C1C[C@H]2[C@H]3CCCCC3=CN12,Escherichia coli,μg/mL,CHEMBL60205,2,1000.0,1000.0,1000.0,3.0,B,high,1,1.0
C[C@@H](O)[C@H]1C(=O)N2C(C(=O)[O-])=C3[C@@H](OCC/N=C/N)CCC[C@@H]3[C@H]12.[Na+],O=C1C[C@H]2[C@H]3CCCCC3=CN12,Pseudomonas aeruginosa,μg/mL,CHEMBL60205,1,32000.0,32000.0,32000.0,4.505149978319906,B,high,1,1.0
C[C@@H](O)[C@H]1C(=O)N2C(C(=O)[O-])=C3[C@@H](OCCCN)CCC[C@@H]3[C@H]12.[Na+],O=C1C[C@H]2[C@H]3CCCCC3=CN12,Escherichia coli,μg/mL,CHEMBL293449,2,500.0,500.0,500.0,2.6989700043360187,B,high,1,1.0
C[C@@H](O)[C@H]1C(=O)N2C(C(=O)[O-])=C3[C@@H](OCCCN)CCC[C@@H]3[C@H]12.[Na+],O=C1C[C@H]2[C@H]3CCCCC3=CN12,Pseudomonas aeruginosa,μg/mL,CHEMBL293449,1,16000.0,16000.0,16000.0,4.204119982655925,B,high,1,1.0
C[C@@H](O)[C@H]1C(=O)N2C(C(=O)[O-])=C3[C@@H](OCCCN=[N+]=[N-])CCC[C@@H]3[C@H]12.[Na+],O=C1C[C@H]2[C@H]3CCCCC3=CN12,Escherichia coli,μg/mL,CHEMBL60239,2,4500.0,1000.0,8000.0,3.6532125137753435,B,high,1,1.0
C[C@@H](O)[C@H]1C(=O)N2C(C(=O)[O-])=C3[C@@H](OCCCO)CCC[C@@H]3[C@H]12.[Na+],O=C1C[C@H]2[C@H]3CCCCC3=CN12,Escherichia coli,μg/mL,CHEMBL292022,2,1500.0,1000.0,2000.0,3.1760912590556813,B,high,1,1.0
C[C@@H](O)[C@H]1C(=O)N2C(C(=O)[O-])=C3[C@@H](OCCN)CCC[C@@H]3[C@H]12.[Na+],O=C1C[C@H]2[C@H]3CCCCC3=CN12,Escherichia coli,μg/mL,CHEMBL62230,2,500.0,500.0,500.0,2.6989700043360187,B,high,1,1.0
C[C@@H](O)[C@H]1C(=O)N2C(C(=O)[O-])=C3[C@@H](OCCN)CCC[C@@H]3[C@H]12.[Na+],O=C1C[C@H]2[C@H]3CCCCC3=CN12,Pseudomonas aeruginosa,μg/mL,CHEMBL62230,1,8000.0,8000.0,8000.0,3.9030899869919438,B,high,1,1.0
C[C@@H](O)[C@H]1C(=O)N2C(C(=O)[O-])=C3[C@@H](OCCN=[N+]=[N-])CCC[C@@H]3[C@H]12.[Na+],O=C1C[C@H]2[C@H]3CCCCC3=CN12,Escherichia coli,μg/mL,CHEMBL439933,2,4500.0,1000.0,8000.0,3.6532125137753435,B,high,1,1.0
C[C@@H]([O-])[C@H]1C(=O)N2C(C(=O)[O-])=C(CSC(=S)N3CC[N+](C)(C)CC3)S[C@H]12.[Na+],O=C1C[C@H]2SC(CSC(=S)N3CC[NH2+]CC3)=CN12,Pseudomonas aeruginosa,μg/mL,CHEMBL3142519,1,4.0,4.0,4.0,0.6020599913279624,B,high,1,1.0
C[C@@H]1CN(c2c(F)c(N)c3c(=O)c(C(=O)O)cn(C4CC4)c3c2F)C[C@H](C)N1,O=c1ccn(C2CC2)c2cc(N3CCNCC3)ccc12,Pseudomonas aeruginosa,μg/mL,CHEMBL850,1,0.8,0.8,0.8,-0.09691001300805639,B,high,1,1.0
C[C@@H]1CN(c2c(F)cc3c(=O)c(C(=O)O)c4scc5n4c3c2OC5)C[C@H](C)N1.Cl,O=c1cc2scc3n2c2c(c(N4CCNCC4)ccc12)OC3,Klebsiella pneumoniae,μg/mL,CHEMBL1743753,1,0.39,0.39,0.39,-0.4089353929735008,B,high,1,1.0
C[C@@H]1CN(c2c(F)cc3c(=O)c(C(=O)O)c4scc5n4c3c2OC5)C[C@H](C)N1.Cl,O=c1cc2scc3n2c2c(c(N4CCNCC4)ccc12)OC3,Pseudomonas aeruginosa,μg/mL,CHEMBL1743753,2,3.13,3.13,3.13,0.49554433754644844,B,high,1,1.0
C[C@@H]1CN(c2c(F)cc3c(=O)c(C(=O)O)cn(C4CC4F)c3c2F)CCN1,O=c1ccn(C2CC2)c2cc(N3CCNCC3)ccc12,Klebsiella pneumoniae,μg/mL,CHEMBL115967,2,0.15000000000000002,0.1,0.2,-0.8239087409443187,B,high,1,1.0
C[C@@H]1CN(c2c(F)cc3c(=O)c(C(=O)O)cn(C4CC4F)c3c2F)CCN1,O=c1ccn(C2CC2)c2cc(N3CCNCC3)ccc12,Pseudomonas aeruginosa,μg/mL,CHEMBL115967,2,0.44,0.1,0.78,-0.3565473235138126,B,high,1,1.0
C[C@@H]1CN(c2cc3c(cc2F)c(=O)c(C(=O)O)cn3-c2ccc(F)cc2F)CCN1,O=c1ccn(-c2ccccc2)c2cc(N3CCNCC3)ccc12,Klebsiella pneumoniae,μg/mL,CHEMBL49282,1,0.1,0.1,0.1,-1.0,B,high,1,1.0
C[C@@H]1CN(c2cc3c(cc2N)c(=O)c(C(=O)O)cn3C2CC2)C[C@H](C)N1,O=c1ccn(C2CC2)c2cc(N3CCNCC3)ccc12,Escherichia coli,μg/mL,CHEMBL427131,2,0.03,0.03,0.03,-1.5228787452803376,B,high,1,1.0
C[C@@H]1CN(c2cc3c(cc2N)c(=O)c(C(=O)O)cn3C2CC2)C[C@H](C)N1,O=c1ccn(C2CC2)c2cc(N3CCNCC3)ccc12,Klebsiella pneumoniae,μg/mL,CHEMBL427131,1,0.03,0.03,0.03,-1.5228787452803376,B,high,1,1.0
C[C@@H]1CN(c2cc3c(cc2N)c(=O)c(C(=O)O)cn3C2CC2)C[C@H](C)N1,O=c1ccn(C2CC2)c2cc(N3CCNCC3)ccc12,Pseudomonas aeruginosa,μg/mL,CHEMBL427131,1,2.0,2.0,2.0,0.3010299956639812,B,high,1,1.0
C[C@@H]1CN(c2nc3c(cc2F)c(=O)c(C(=O)O)cn3C(C)(C)C)C[C@@H]1N,O=c1cc[nH]c2nc(N3CCCC3)ccc12,Klebsiella pneumoniae,μg/mL,CHEMBL1788110,1,0.06,0.06,0.06,-1.2218487496163564,B,high,1,1.0
C[C@@H]1CN(c2nc3c(cc2F)c(=O)c(C(=O)O)cn3C(C)(C)C)C[C@H]1N,O=c1cc[nH]c2nc(N3CCCC3)ccc12,Klebsiella pneumoniae,μg/mL,CHEMBL2092975,1,0.03,0.03,0.03,-1.5228787452803376,B,high,1,1.0
C[C@@H]1C[C@@H](N)CN1c1nc2c(cc1F)c(=O)c(C(=O)O)cn2C(C)(C)C,O=c1cc[nH]c2nc(N3CCCC3)ccc12,Klebsiella pneumoniae,μg/mL,CHEMBL3350272,2,0.5,0.5,0.5,-0.3010299956639812,B,high,1,1.0
C[C@@H]1C[C@H](N)CN1c1nc2c(cc1F)c(=O)c(C(=O)O)cn2C(C)(C)C,O=c1cc[nH]c2nc(N3CCCC3)ccc12,Klebsiella pneumoniae,μg/mL,CHEMBL2112701,1,0.25,0.25,0.25,-0.6020599913279624,B,high,1,1.0
C[C@@H]1O[C@@H]1P(=O)(O)O,C1CO1,Escherichia coli,μg/mL,CHEMBL1757,1,16.0,16.0,16.0,1.2041199826559248,B,high,1,1.0
C[C@@H]1O[C@@H]1P(=O)(O)O,C1CO1,Pseudomonas aeruginosa,μg/mL,CHEMBL1757,1,32.0,32.0,32.0,1.505149978319906,B,high,1,1.0
C[C@@H]1[C@@H](CN)CN1c1c(F)cc2c(=O)c(C(=O)O)cn(C3CC3)c2c1F,O=c1ccn(C2CC2)c2cc(N3CCC3)ccc12,Escherichia coli,μg/mL,CHEMBL335256,1,0.06,0.06,0.06,-1.2218487496163564,B,high,1,1.0
C[C@@H]1[C@@H](CN)CN1c1c(F)cc2c(=O)c(C(=O)O)cn(C3CC3)c2c1F,O=c1ccn(C2CC2)c2cc(N3CCC3)ccc12,Klebsiella pneumoniae,μg/mL,CHEMBL335256,1,0.12,0.12,0.12,-0.9208187539523752,B,high,1,1.0
C[C@@H]1[C@@H](CN)CN1c1c(F)cc2c(=O)c(C(=O)O)cn(C3CC3)c2c1F,O=c1ccn(C2CC2)c2cc(N3CCC3)ccc12,Pseudomonas aeruginosa,μg/mL,CHEMBL335256,1,0.5,0.5,0.5,-0.3010299956639812,B,high,1,1.0
C[C@@H]1[C@@H](CN)CN1c1cc2c(cc1F)c(=O)c(C(=O)O)cn2C1CC1,O=c1ccn(C2CC2)c2cc(N3CCC3)ccc12,Escherichia coli,μg/mL,CHEMBL131983,1,0.12,0.12,0.12,-0.9208187539523752,B,high,1,1.0
C[C@@H]1[C@@H](CN)CN1c1cc2c(cc1F)c(=O)c(C(=O)O)cn2C1CC1,O=c1ccn(C2CC2)c2cc(N3CCC3)ccc12,Klebsiella pneumoniae,μg/mL,CHEMBL131983,1,0.06,0.06,0.06,-1.2218487496163564,B,high,1,1.0
C[C@@H]1[C@@H](CN)CN1c1cc2c(cc1F)c(=O)c(C(=O)O)cn2C1CC1,O=c1ccn(C2CC2)c2cc(N3CCC3)ccc12,Pseudomonas aeruginosa,μg/mL,CHEMBL131983,1,2.0,2.0,2.0,0.3010299956639812,B,high,1,1.0
C[C@@H]1[C@@H](N(C)C)CN1c1c(F)cc2c(=O)c(C(=O)O)cn(C3CC3)c2c1F,O=c1ccn(C2CC2)c2cc(N3CCC3)ccc12,Escherichia coli,μg/mL,CHEMBL422620,1,0.25,0.25,0.25,-0.6020599913279624,B,high,1,1.0
C[C@@H]1[C@@H](N(C)C)CN1c1c(F)cc2c(=O)c(C(=O)O)cn(C3CC3)c2c1F,O=c1ccn(C2CC2)c2cc(N3CCC3)ccc12,Klebsiella pneumoniae,μg/mL,CHEMBL422620,1,0.06,0.06,0.06,-1.2218487496163564,B,high,1,1.0
C[C@@H]1[C@@H](N(C)C)CN1c1c(F)cc2c(=O)c(C(=O)O)cn(C3CC3)c2c1F,O=c1ccn(C2CC2)c2cc(N3CCC3)ccc12,Pseudomonas aeruginosa,μg/mL,CHEMBL422620,1,2.0,2.0,2.0,0.3010299956639812,B,high,1,1.0
C[C@@H]1[C@@H](N(C)C)CN1c1cc2c(cc1F)c(=O)c(C(=O)O)cn2C1CC1,O=c1ccn(C2CC2)c2cc(N3CCC3)ccc12,Escherichia coli,μg/mL,CHEMBL334799,1,0.5,0.5,0.5,-0.3010299956639812,B,high,1,1.0
C[C@@H]1[C@@H](N(C)C)CN1c1cc2c(cc1F)c(=O)c(C(=O)O)cn2C1CC1,O=c1ccn(C2CC2)c2cc(N3CCC3)ccc12,Klebsiella pneumoniae,μg/mL,CHEMBL334799,1,0.06,0.06,0.06,-1.2218487496163564,B,high,1,1.0
C[C@@H]1[C@@H](N(C)C)CN1c1cc2c(cc1F)c(=O)c(C(=O)O)cn2C1CC1,O=c1ccn(C2CC2)c2cc(N3CCC3)ccc12,Pseudomonas aeruginosa,μg/mL,CHEMBL334799,1,4.0,4.0,4.0,0.6020599913279624,B,high,1,1.0
C[C@@H]1[C@@H](O)CN1c1c(F)cc2c(=O)c(C(=O)O)cn(C3CC3)c2c1F,O=c1ccn(C2CC2)c2cc(N3CCC3)ccc12,Escherichia coli,μg/mL,CHEMBL422264,1,0.25,0.25,0.25,-0.6020599913279624,B,high,1,1.0
C[C@@H]1[C@@H](O)CN1c1c(F)cc2c(=O)c(C(=O)O)cn(C3CC3)c2c1F,O=c1ccn(C2CC2)c2cc(N3CCC3)ccc12,Klebsiella pneumoniae,μg/mL,CHEMBL422264,1,0.015,0.015,0.015,-1.8239087409443189,B,high,1,1.0
C[C@@H]1[C@@H](O)CN1c1c(F)cc2c(=O)c(C(=O)O)cn(C3CC3)c2c1F,O=c1ccn(C2CC2)c2cc(N3CCC3)ccc12,Pseudomonas aeruginosa,μg/mL,CHEMBL422264,1,2.0,2.0,2.0,0.3010299956639812,B,high,1,1.0
C[C@@H]1[C@@H](O)CN1c1cc2c(cc1F)c(=O)c(C(=O)O)cn2C1CC1,O=c1ccn(C2CC2)c2cc(N3CCC3)ccc12,Escherichia coli,μg/mL,CHEMBL334821,1,0.25,0.25,0.25,-0.6020599913279624,B,high,1,1.0
C[C@@H]1[C@@H](O)CN1c1cc2c(cc1F)c(=O)c(C(=O)O)cn2C1CC1,O=c1ccn(C2CC2)c2cc(N3CCC3)ccc12,Klebsiella pneumoniae,μg/mL,CHEMBL334821,1,0.015,0.015,0.015,-1.8239087409443189,B,high,1,1.0
C[C@@H]1[C@@H](O)CN1c1cc2c(cc1F)c(=O)c(C(=O)O)cn2C1CC1,O=c1ccn(C2CC2)c2cc(N3CCC3)ccc12,Pseudomonas aeruginosa,μg/mL,CHEMBL334821,1,2.0,2.0,2.0,0.3010299956639812,B,high,1,1.0
C[C@H](C(=O)O)N1Cc2ccccc2C1=O,O=C1NCc2ccccc21,Pseudomonas aeruginosa,μg/mL,CHEMBL412436,1,3600.0,3600.0,3600.0,3.5563025007672873,B,high,1,1.0
C[C@H](CCC(=O)O)[C@H]1CC[C@H]2[C@@H]3CC[C@@H]4C[C@H](O)CC[C@]4(C)[C@H]3C[C@H](O)[C@]12C,C1CC[C@H]2CC[C@H]3[C@@H]4CCCC4CC[C@@H]3C2C1,Acinetobacter baumannii,μg/mL,CHEMBL406393,2,320.0,128.0,512.0,2.505149978319906,B,high,1,1.0
C[C@H](N)C(=O)NCC1CC(SC2=C(C(=O)[O-])N3C(=O)[C@H]([C@@H](C)O)[C@H]3[C@H]2C)CO1.[Na+],O=C1C[C@H]2CC(SC3CCOC3)=CN12,Pseudomonas aeruginosa,μg/mL,CHEMBL102131,2,48.0,32.0,64.0,1.6812412373755872,B,high,1,1.0
C[C@H](N)C(=O)NC[C@H]1OCC[C@H]1SC1=C(C(=O)O)N2C(=O)[C@H]([C@@H](C)O)C2[C@H]1C,O=C1CC2CC(S[C@@H]3CCOC3)=CN12,Escherichia coli,μg/mL,CHEMBL47184,1,0.12,0.12,0.12,-0.9208187539523752,B,high,1,1.0
C[C@H](N)C(=O)NC[C@H]1OCC[C@H]1SC1=C(C(=O)O)N2C(=O)[C@H]([C@@H](C)O)C2[C@H]1C,O=C1CC2CC(S[C@@H]3CCOC3)=CN12,Pseudomonas aeruginosa,μg/mL,CHEMBL47184,2,64.0,64.0,64.0,1.806179973983887,B,high,1,1.0
C[C@H](N)C(=O)NC[C@H]1OCC[C@H]1SC1=C(C(=O)[O-])N2C(=O)[C@H]([C@@H](C)O)[C@H]2[C@H]1C.[Na+],O=C1C[C@H]2CC(S[C@@H]3CCOC3)=CN12,Pseudomonas aeruginosa,μg/mL,CHEMBL101476,2,48.0,32.0,64.0,1.6812412373755872,B,high,1,1.0
C[C@H](N)C(=O)N[C@@H](C)C(=O)NC[C@H]1OCC[C@H]1SC1=C(C(=O)[O-])N2C(=O)[C@H]([C@@H](C)O)[C@H]2[C@H]1C.[Na+],O=C1C[C@H]2CC(S[C@@H]3CCOC3)=CN12,Escherichia coli,μg/mL,CHEMBL319402,1,0.12,0.12,0.12,-0.9208187539523752,B,high,1,1.0
C[C@H](N)C(=O)N[C@@H](C)C(=O)NC[C@H]1OCC[C@H]1SC1=C(C(=O)[O-])N2C(=O)[C@H]([C@@H](C)O)[C@H]2[C@H]1C.[Na+],O=C1C[C@H]2CC(S[C@@H]3CCOC3)=CN12,Pseudomonas aeruginosa,μg/mL,CHEMBL319402,1,64.0,64.0,64.0,1.806179973983887,B,high,1,1.0
C[C@H](N)C(=O)N[C@@H](C)C(=O)N[C@@H](C)C(=O)N[C@H](C)P(=O)(O)O,C[C@H](N)C(=O)N[C@@H](C)C(=O)N[C@@H](C)C(=O)N[C@H](C)P(=O)(O)O,Escherichia coli,μg/mL,CHEMBL2370679,1,0.12,0.12,0.12,-0.9208187539523752,B,high,1,1.0
C[C@H](N)C(=O)N[C@@H](C)C(=O)N[C@@H](CCCCC(=O)O)C(=O)O,C[C@H](N)C(=O)N[C@@H](C)C(=O)N[C@@H](CCCCC(=O)O)C(=O)O,Klebsiella pneumoniae,μg/mL,CHEMBL2371640,1,1000.0,1000.0,1000.0,3.0,B,high,1,1.0
C[C@H](N)C(=O)N[C@@H](C)C(=O)N[C@H](C)P(=O)(O)O,C[C@H](N)C(=O)N[C@@H](C)C(=O)N[C@H](C)P(=O)(O)O,Escherichia coli,μg/mL,CHEMBL2370674,1,0.5,0.5,0.5,-0.3010299956639812,B,high,1,1.0
C[C@H](N)C(=O)N[C@@H](C)P(=O)(O)O,C[C@H](N)C(=O)N[C@@H](C)P(=O)(O)O,Escherichia coli,μg/mL,CHEMBL3989665,2,0.75,0.5,1.0,-0.12493873660829995,B,high,1,1.0
C[C@H](N)C(=O)N[C@@H](CCCCC(=O)O)C(=O)O,C[C@H](N)C(=O)N[C@@H](CCCCC(=O)O)C(=O)O,Klebsiella pneumoniae,μg/mL,CHEMBL2371635,1,16.0,16.0,16.0,1.2041199826559248,B,high,1,1.0
C[C@H](NC(=O)[C@@H](N)CCCCC(=O)O)C(=O)O,C[C@H](NC(=O)[C@@H](N)CCCCC(=O)O)C(=O)O,Klebsiella pneumoniae,μg/mL,CHEMBL2371624,1,8.0,8.0,8.0,0.9030899869919435,B,high,1,1.0
C[C@H](O)Cn1c(-c2cc(=O)c(O)c[nH]2)nn(S(=O)(=O)[N-]C(=O)N2C(=O)[C@@H](NC(=O)/C(=N\OC(C)(C)C(=O)[O-])c3csc(N)n3)[C@@H]2C)c1=O.[Na+].[Na+],N=C(C(=O)N[C@H]1CN(C(=O)[N-]S(=O)(=O)n2nc(-c3cc(=O)cc[nH]3)[nH]c2=O)C1=O)c1cscn1,Acinetobacter baumannii,μg/mL,CHEMBL2016855,1,4.0,4.0,4.0,0.6020599913279624,B,high,1,1.0
C[C@H](O)Cn1c(-c2cc(=O)c(O)c[nH]2)nn(S(=O)(=O)[N-]C(=O)N2C[C@H](NC(=O)/C(=N\OC(C)(C)C(=O)[O-])c3csc(N)n3)C2=O)c1=O.[Na+].[Na+],N=C(C(=O)N[C@H]1CN(C(=O)[N-]S(=O)(=O)n2nc(-c3cc(=O)cc[nH]3)[nH]c2=O)C1=O)c1cscn1,Acinetobacter baumannii,μg/mL,CHEMBL2016848,1,1.0,1.0,1.0,0.0,B,high,1,1.0
C[C@H]1C(SC2COC(CN)C2)=C(C(=O)O)N2C(=O)[C@H]([C@@H](C)O)C12,O=C1CC2CC(SC3CCOC3)=CN12,Pseudomonas aeruginosa,μg/mL,CHEMBL297994,4,8.0,4.0,16.0,0.9030899869919435,B,high,1,1.0
C[C@H]1C(SCc2ccccn2)=C(C(=O)O)N2C(=O)[C@H](/C=C/CN=[N+]=[N-])[C@@H]12,O=C1C[C@H]2CC(SCc3ccccn3)=CN12,Klebsiella pneumoniae,μg/mL,CHEMBL369183,1,16.0,16.0,16.0,1.2041199826559248,B,high,1,1.0
C[C@H]1C(SCc2ccccn2)=C(C(=O)O)N2C(=O)[C@H](/C=C/CNc3ccccc3)[C@@H]12,O=C1[C@H](/C=C/CNc2ccccc2)[C@H]2CC(SCc3ccccn3)=CN12,Klebsiella pneumoniae,μg/mL,CHEMBL171851,1,64.0,64.0,64.0,1.806179973983887,B,high,1,1.0
C[C@H]1C(SCc2ccccn2)=C(C(=O)O)N2C(=O)[C@H](/C=C/CO)[C@@H]12,O=C1C[C@H]2CC(SCc3ccccn3)=CN12,Klebsiella pneumoniae,μg/mL,CHEMBL355746,1,16.0,16.0,16.0,1.2041199826559248,B,high,1,1.0
C[C@H]1C(SCc2cccnc2)=C(C(=O)O)N2C(=O)[C@H](CN)[C@@H]12,O=C1C[C@H]2CC(SCc3cccnc3)=CN12,Klebsiella pneumoniae,μg/mL,CHEMBL176468,1,0.03,0.03,0.03,-1.5228787452803376,B,high,1,1.0
C[C@H]1C(SCc2cccnc2)=C(C(=O)O)N2C(=O)[C@H](CO)[C@@H]12,O=C1C[C@H]2CC(SCc3cccnc3)=CN12,Klebsiella pneumoniae,μg/mL,CHEMBL176690,1,0.06,0.06,0.06,-1.2218487496163564,B,high,1,1.0
C[C@H]1C(S[C@@H]2CCO[C@@H]2CNC(=O)CN)=C(C(=O)O)N2C(=O)[C@H]([C@@H](C)O)C12,O=C1CC2CC(S[C@@H]3CCOC3)=CN12,Pseudomonas aeruginosa,μg/mL,CHEMBL45320,2,36.0,8.0,64.0,1.5563025007672873,B,high,1,1.0
C[C@H]1C(S[C@@H]2CCO[C@@H]2CNC(=O)[C@@H](N)Cc2ccccc2)=C(C(=O)O)N2C(=O)[C@H]([C@@H](C)O)C12,O=C(CCc1ccccc1)NC[C@H]1OCC[C@H]1SC1=CN2C(=O)CC2C1,Pseudomonas aeruginosa,μg/mL,CHEMBL176752,2,96.0,64.0,128.0,1.9822712330395684,B,high,1,1.0
C[C@H]1C(S[C@@H]2CCO[C@@H]2CNC(=O)[C@H](N)Cc2ccccc2)=C(C(=O)O)N2C(=O)[C@H]([C@@H](C)O)C12,O=C(CCc1ccccc1)NC[C@H]1OCC[C@H]1SC1=CN2C(=O)CC2C1,Pseudomonas aeruginosa,μg/mL,CHEMBL46863,2,96.0,64.0,128.0,1.9822712330395684,B,high,1,1.0
C[C@H]1C(S[C@@H]2COC[C@@H]2CN)=C(C(=O)O)N2C(=O)[C@H]([C@@H](C)O)C12,O=C1CC2CC(S[C@H]3CCOC3)=CN12,Pseudomonas aeruginosa,μg/mL,CHEMBL45384,2,24.0,16.0,32.0,1.380211241711606,B,high,1,1.0
C[C@H]1C(S[C@@H]2[C@@H](C)O[C@@H]2CN)=C(C(=O)[O-])N2C(=O)[C@H]([C@@H](C)O)C12.[Na+],O=C1CC2CC(SC3COC3)=CN12,Escherichia coli,μg/mL,CHEMBL422765,3,0.12,0.12,0.25,-0.9208187539523752,B,high,1,1.0
C[C@H]1C(S[C@@H]2[C@@H](C)O[C@@H]2CN)=C(C(=O)[O-])N2C(=O)[C@H]([C@@H](C)O)C12.[Na+],O=C1CC2CC(SC3COC3)=CN12,Pseudomonas aeruginosa,μg/mL,CHEMBL422765,2,96.0,64.0,128.0,1.9822712330395684,B,high,1,1.0
C[C@H]1C(S[C@H]2COC[C@H]2CN)=C(C(=O)O)N2C(=O)[C@H]([C@@H](C)O)C12,O=C1CC2CC(S[C@@H]3CCOC3)=CN12,Pseudomonas aeruginosa,μg/mL,CHEMBL47236,2,24.0,16.0,32.0,1.380211241711606,B,high,1,1.0
C[C@H]1C(S[C@H]2[C@@H](CN)O[C@@H]2CO)=C(C(=O)O)N2C(=O)[C@H]([C@@H](C)O)C12,O=C1CC2CC(SC3COC3)=CN12,Escherichia coli,μg/mL,CHEMBL50631,3,0.25,0.12,0.25,-0.6020599913279624,B,high,1,1.0
C[C@H]1C(S[C@H]2[C@@H](CN)O[C@@H]2CO)=C(C(=O)O)N2C(=O)[C@H]([C@@H](C)O)C12,O=C1CC2CC(SC3COC3)=CN12,Pseudomonas aeruginosa,μg/mL,CHEMBL50631,2,24.0,16.0,32.0,1.380211241711606,B,high,1,1.0
C[C@H]1CC[C@]2(NC1)O[C@H]1C[C@H]3[C@@H]4CC[C@H]5C[C@@H](O)CC[C@]5(C)[C@H]4CC[C@]3(C)[C@H]1[C@@H]2C,C1CC[C@]2(C[C@@H]3C4CC[C@@H]5C6CCCC[C@@H]6CC[C@H]5[C@@H]4C[C@@H]3O2)NC1,Staphylococcus aureus,μg/mL,CTRL-TOMATIDINE,1,0.0625,0.0625,0.0625,-1.2041199826559248,C,medium,1,0.35
C[C@H]1CN(c2c(F)cc3c(=O)c(C(=O)O)cn(C4CC4F)c3c2F)CCN1,O=c1ccn(C2CC2)c2cc(N3CCNCC3)ccc12,Klebsiella pneumoniae,μg/mL,CHEMBL431857,1,0.1,0.1,0.1,-1.0,B,high,1,1.0
C[C@H]1CN(c2c(F)cc3c(=O)c(C(=O)O)cn(C4CC4F)c3c2F)CCN1,O=c1ccn(C2CC2)c2cc(N3CCNCC3)ccc12,Pseudomonas aeruginosa,μg/mL,CHEMBL431857,2,0.245,0.1,0.39,-0.6108339156354675,B,high,1,1.0
C[C@H]1CN(c2cc3c(cc2F)c(=O)c(C(=O)O)cn3-c2ccc(F)cc2F)CCN1,O=c1ccn(-c2ccccc2)c2cc(N3CCNCC3)ccc12,Klebsiella pneumoniae,μg/mL,CHEMBL49071,1,0.1,0.1,0.1,-1.0,B,high,1,1.0
C[C@H]1CN(c2nc3c(cc2F)c(=O)c(C(=O)O)cn3C(C)(C)C)C[C@@H]1N,O=c1cc[nH]c2nc(N3CCCC3)ccc12,Klebsiella pneumoniae,μg/mL,CHEMBL1183203,1,0.25,0.25,0.25,-0.6020599913279624,B,high,1,1.0
C[C@H]1CN(c2nc3c(cc2F)c(=O)c(C(=O)O)cn3C(C)(C)C)C[C@H]1N,O=c1cc[nH]c2nc(N3CCCC3)ccc12,Klebsiella pneumoniae,μg/mL,CHEMBL1183156,1,0.5,0.5,0.5,-0.3010299956639812,B,high,1,1.0
C[C@H]1COc2c(N3CCN(C)CC3)c(F)cc3c(=O)c(C(=O)O)cn1c23.C[C@H]1COc2c(N3CCN(C)CC3)c(F)cc3c(=O)c(C(=O)O)cn1c23.O,O=c1ccn2c3c(c(N4CCNCC4)ccc13)OCC2.O=c1ccn2c3c(c(N4CCNCC4)ccc13)OCC2,Acinetobacter baumannii,μg/mL,CHEMBL5315124,69,4.0,0.008,64.0,0.6020599913279624,B,high,17,1.0
C[C@H]1COc2c(N3CCN(C)CC3)c(F)cc3c(=O)c(C(=O)O)cn1c23.C[C@H]1COc2c(N3CCN(C)CC3)c(F)cc3c(=O)c(C(=O)O)cn1c23.O,O=c1ccn2c3c(c(N4CCNCC4)ccc13)OCC2.O=c1ccn2c3c(c(N4CCNCC4)ccc13)OCC2,Pseudomonas aeruginosa,μg/mL,CHEMBL5315124,1,32.0,32.0,32.0,1.505149978319906,B,high,1,1.0
C[C@H]1C[C@@H](N)CN1c1nc2c(cc1F)c(=O)c(C(=O)O)cn2C(C)(C)C,O=c1cc[nH]c2nc(N3CCCC3)ccc12,Klebsiella pneumoniae,μg/mL,CHEMBL2111894,1,0.06,0.06,0.06,-1.2218487496163564,B,high,1,1.0
C[C@H]1N(c2c(F)cc3c(=O)c(C(=O)O)cn(C4CC4)c3c2F)C[C@]1(C)N,O=c1ccn(C2CC2)c2cc(N3CCC3)ccc12,Escherichia coli,μg/mL,CHEMBL334997,1,0.12,0.12,0.12,-0.9208187539523752,B,high,1,1.0
C[C@H]1N(c2c(F)cc3c(=O)c(C(=O)O)cn(C4CC4)c3c2F)C[C@]1(C)N,O=c1ccn(C2CC2)c2cc(N3CCC3)ccc12,Klebsiella pneumoniae,μg/mL,CHEMBL334997,1,0.03,0.03,0.03,-1.5228787452803376,B,high,1,1.0
C[C@H]1N(c2c(F)cc3c(=O)c(C(=O)O)cn(C4CC4)c3c2F)C[C@]1(C)N,O=c1ccn(C2CC2)c2cc(N3CCC3)ccc12,Pseudomonas aeruginosa,μg/mL,CHEMBL334997,1,2.0,2.0,2.0,0.3010299956639812,B,high,1,1.0
C[C@H]1N(c2c(F)cc3c(=O)c(C(=O)O)cn(C4CC4)c3c2F)C[C@]1(C)O,O=c1ccn(C2CC2)c2cc(N3CCC3)ccc12,Escherichia coli,μg/mL,CHEMBL341208,1,1.0,1.0,1.0,0.0,B,high,1,1.0
C[C@H]1N(c2c(F)cc3c(=O)c(C(=O)O)cn(C4CC4)c3c2F)C[C@]1(C)O,O=c1ccn(C2CC2)c2cc(N3CCC3)ccc12,Klebsiella pneumoniae,μg/mL,CHEMBL341208,1,0.015,0.015,0.015,-1.8239087409443189,B,high,1,1.0
C[C@H]1N(c2c(F)cc3c(=O)c(C(=O)O)cn(C4CC4)c3c2F)C[C@]1(C)O,O=c1ccn(C2CC2)c2cc(N3CCC3)ccc12,Pseudomonas aeruginosa,μg/mL,CHEMBL341208,1,2.0,2.0,2.0,0.3010299956639812,B,high,1,1.0
C[C@H]1N(c2cc3c(cc2F)c(=O)c(C(=O)O)cn3C2CC2)C[C@]1(C)N,O=c1ccn(C2CC2)c2cc(N3CCC3)ccc12,Escherichia coli,μg/mL,CHEMBL132671,1,0.06,0.06,0.06,-1.2218487496163564,B,high,1,1.0
C[C@H]1N(c2cc3c(cc2F)c(=O)c(C(=O)O)cn3C2CC2)C[C@]1(C)N,O=c1ccn(C2CC2)c2cc(N3CCC3)ccc12,Klebsiella pneumoniae,μg/mL,CHEMBL132671,1,0.03,0.03,0.03,-1.5228787452803376,B,high,1,1.0
C[C@H]1N(c2cc3c(cc2F)c(=O)c(C(=O)O)cn3C2CC2)C[C@]1(C)N,O=c1ccn(C2CC2)c2cc(N3CCC3)ccc12,Pseudomonas aeruginosa,μg/mL,CHEMBL132671,1,2.0,2.0,2.0,0.3010299956639812,B,high,1,1.0
C[C@H]1N(c2cc3c(cc2F)c(=O)c(C(=O)O)cn3C2CC2)C[C@]1(C)O,O=c1ccn(C2CC2)c2cc(N3CCC3)ccc12,Escherichia coli,μg/mL,CHEMBL414434,1,0.25,0.25,0.25,-0.6020599913279624,B,high,1,1.0
C[C@H]1N(c2cc3c(cc2F)c(=O)c(C(=O)O)cn3C2CC2)C[C@]1(C)O,O=c1ccn(C2CC2)c2cc(N3CCC3)ccc12,Klebsiella pneumoniae,μg/mL,CHEMBL414434,1,0.12,0.12,0.12,-0.9208187539523752,B,high,1,1.0
C[C@H]1N(c2cc3c(cc2F)c(=O)c(C(=O)O)cn3C2CC2)C[C@]1(C)O,O=c1ccn(C2CC2)c2cc(N3CCC3)ccc12,Pseudomonas aeruginosa,μg/mL,CHEMBL414434,1,2.0,2.0,2.0,0.3010299956639812,B,high,1,1.0
C[C@H]1[C@@H](N)CN1c1c(F)cc2c(=O)c(C(=O)O)cn(C3CC3)c2c1F,O=c1ccn(C2CC2)c2cc(N3CCC3)ccc12,Escherichia coli,μg/mL,CHEMBL277699,1,0.12,0.12,0.12,-0.9208187539523752,B,high,1,1.0
C[C@H]1[C@@H](N)CN1c1c(F)cc2c(=O)c(C(=O)O)cn(C3CC3)c2c1F,O=c1ccn(C2CC2)c2cc(N3CCC3)ccc12,Klebsiella pneumoniae,μg/mL,CHEMBL277699,1,0.12,0.12,0.12,-0.9208187539523752,B,high,1,1.0
C[C@H]1[C@@H](N)CN1c1c(F)cc2c(=O)c(C(=O)O)cn(C3CC3)c2c1F,O=c1ccn(C2CC2)c2cc(N3CCC3)ccc12,Pseudomonas aeruginosa,μg/mL,CHEMBL277699,1,1.0,1.0,1.0,0.0,B,high,1,1.0
C[C@H]1[C@@H](N)CN1c1cc2c(cc1F)c(=O)c(C(=O)O)cn2C1CC1,O=c1ccn(C2CC2)c2cc(N3CCC3)ccc12,Escherichia coli,μg/mL,CHEMBL131981,1,0.06,0.06,0.06,-1.2218487496163564,B,high,1,1.0
C[C@H]1[C@@H](N)CN1c1cc2c(cc1F)c(=O)c(C(=O)O)cn2C1CC1,O=c1ccn(C2CC2)c2cc(N3CCC3)ccc12,Klebsiella pneumoniae,μg/mL,CHEMBL131981,1,0.03,0.03,0.03,-1.5228787452803376,B,high,1,1.0
C[C@H]1[C@@H](N)CN1c1cc2c(cc1F)c(=O)c(C(=O)O)cn2C1CC1,O=c1ccn(C2CC2)c2cc(N3CCC3)ccc12,Pseudomonas aeruginosa,μg/mL,CHEMBL131981,1,0.5,0.5,0.5,-0.3010299956639812,B,high,1,1.0
C[C@H]1[C@@H](O)CN1c1c(F)cc2c(=O)c(C(=O)O)cn(C3CC3)c2c1F,O=c1ccn(C2CC2)c2cc(N3CCC3)ccc12,Escherichia coli,μg/mL,CHEMBL135100,1,0.5,0.5,0.5,-0.3010299956639812,B,high,1,1.0
C[C@H]1[C@@H](O)CN1c1c(F)cc2c(=O)c(C(=O)O)cn(C3CC3)c2c1F,O=c1ccn(C2CC2)c2cc(N3CCC3)ccc12,Klebsiella pneumoniae,μg/mL,CHEMBL135100,1,0.015,0.015,0.015,-1.8239087409443189,B,high,1,1.0
C[C@H]1[C@@H](O)CN1c1c(F)cc2c(=O)c(C(=O)O)cn(C3CC3)c2c1F,O=c1ccn(C2CC2)c2cc(N3CCC3)ccc12,Pseudomonas aeruginosa,μg/mL,CHEMBL135100,1,8.0,8.0,8.0,0.9030899869919435,B,high,1,1.0
C[C@H]1[C@@H](O)CN1c1cc2c(cc1F)c(=O)c(C(=O)O)cn2C1CC1,O=c1ccn(C2CC2)c2cc(N3CCC3)ccc12,Escherichia coli,μg/mL,CHEMBL337070,1,0.5,0.5,0.5,-0.3010299956639812,B,high,1,1.0
C[C@H]1[C@@H](O)CN1c1cc2c(cc1F)c(=O)c(C(=O)O)cn2C1CC1,O=c1ccn(C2CC2)c2cc(N3CCC3)ccc12,Klebsiella pneumoniae,μg/mL,CHEMBL337070,1,0.25,0.25,0.25,-0.6020599913279624,B,high,1,1.0
C[C@H]1[C@@H](O)CN1c1cc2c(cc1F)c(=O)c(C(=O)O)cn2C1CC1,O=c1ccn(C2CC2)c2cc(N3CCC3)ccc12,Pseudomonas aeruginosa,μg/mL,CHEMBL337070,1,4.0,4.0,4.0,0.6020599913279624,B,high,1,1.0
C[C@H]1[C@H](N)CN1c1c(F)c(N)c2c(=O)c(C(=O)O)cn(C3CC3)c2c1F,O=c1ccn(C2CC2)c2cc(N3CCC3)ccc12,Escherichia coli,μg/mL,CHEMBL335078,1,0.03,0.03,0.03,-1.5228787452803376,B,high,1,1.0
C[C@H]1[C@H](N)CN1c1c(F)c(N)c2c(=O)c(C(=O)O)cn(C3CC3)c2c1F,O=c1ccn(C2CC2)c2cc(N3CCC3)ccc12,Klebsiella pneumoniae,μg/mL,CHEMBL335078,1,0.015,0.015,0.015,-1.8239087409443189,B,high,1,1.0
C[C@H]1[C@H](N)CN1c1c(F)c(N)c2c(=O)c(C(=O)O)cn(C3CC3)c2c1F,O=c1ccn(C2CC2)c2cc(N3CCC3)ccc12,Pseudomonas aeruginosa,μg/mL,CHEMBL335078,1,0.25,0.25,0.25,-0.6020599913279624,B,high,1,1.0
C[C@H]1[C@H](N)CN1c1c(F)cc2c(=O)c(C(=O)O)cn(-c3ccc(F)cc3)c2c1Cl,O=c1ccn(-c2ccccc2)c2cc(N3CCC3)ccc12,Escherichia coli,μg/mL,CHEMBL134486,1,0.06,0.06,0.06,-1.2218487496163564,B,high,1,1.0
C[C@H]1[C@H](N)CN1c1c(F)cc2c(=O)c(C(=O)O)cn(-c3ccc(F)cc3)c2c1Cl,O=c1ccn(-c2ccccc2)c2cc(N3CCC3)ccc12,Klebsiella pneumoniae,μg/mL,CHEMBL134486,1,0.03,0.03,0.03,-1.5228787452803376,B,high,1,1.0
C[C@H]1[C@H](N)CN1c1c(F)cc2c(=O)c(C(=O)O)cn(-c3ccc(F)cc3)c2c1Cl,O=c1ccn(-c2ccccc2)c2cc(N3CCC3)ccc12,Pseudomonas aeruginosa,μg/mL,CHEMBL134486,1,0.25,0.25,0.25,-0.6020599913279624,B,high,1,1.0
C[C@H]1[C@H](N)CN1c1c(F)cc2c(=O)c(C(=O)O)cn(-c3ccc(F)cc3)c2c1F,O=c1ccn(-c2ccccc2)c2cc(N3CCC3)ccc12,Escherichia coli,μg/mL,CHEMBL134962,1,0.12,0.12,0.12,-0.9208187539523752,B,high,1,1.0
C[C@H]1[C@H](N)CN1c1c(F)cc2c(=O)c(C(=O)O)cn(-c3ccc(F)cc3)c2c1F,O=c1ccn(-c2ccccc2)c2cc(N3CCC3)ccc12,Klebsiella pneumoniae,μg/mL,CHEMBL134962,1,0.12,0.12,0.12,-0.9208187539523752,B,high,1,1.0
C[C@H]1[C@H](N)CN1c1c(F)cc2c(=O)c(C(=O)O)cn(-c3ccc(F)cc3)c2c1F,O=c1ccn(-c2ccccc2)c2cc(N3CCC3)ccc12,Pseudomonas aeruginosa,μg/mL,CHEMBL134962,1,2.0,2.0,2.0,0.3010299956639812,B,high,1,1.0
C[C@H]1[C@H](N)CN1c1c(F)cc2c(=O)c(C(=O)O)cn(-c3ccc(F)cc3F)c2c1Cl,O=c1ccn(-c2ccccc2)c2cc(N3CCC3)ccc12,Escherichia coli,μg/mL,CHEMBL135747,1,0.06,0.06,0.06,-1.2218487496163564,B,high,1,1.0
C[C@H]1[C@H](N)CN1c1c(F)cc2c(=O)c(C(=O)O)cn(-c3ccc(F)cc3F)c2c1Cl,O=c1ccn(-c2ccccc2)c2cc(N3CCC3)ccc12,Klebsiella pneumoniae,μg/mL,CHEMBL135747,1,0.12,0.12,0.12,-0.9208187539523752,B,high,1,1.0
C[C@H]1[C@H](N)CN1c1c(F)cc2c(=O)c(C(=O)O)cn(-c3ccc(F)cc3F)c2c1Cl,O=c1ccn(-c2ccccc2)c2cc(N3CCC3)ccc12,Pseudomonas aeruginosa,μg/mL,CHEMBL135747,1,0.5,0.5,0.5,-0.3010299956639812,B,high,1,1.0
C[C@H]1[C@H](N)CN1c1c(F)cc2c(=O)c(C(=O)O)cn(-c3ccc(F)cc3F)c2c1F,O=c1ccn(-c2ccccc2)c2cc(N3CCC3)ccc12,Escherichia coli,μg/mL,CHEMBL334900,1,0.12,0.12,0.12,-0.9208187539523752,B,high,1,1.0
C[C@H]1[C@H](N)CN1c1c(F)cc2c(=O)c(C(=O)O)cn(-c3ccc(F)cc3F)c2c1F,O=c1ccn(-c2ccccc2)c2cc(N3CCC3)ccc12,Klebsiella pneumoniae,μg/mL,CHEMBL334900,1,0.06,0.06,0.06,-1.2218487496163564,B,high,1,1.0
C[C@H]1[C@H](N)CN1c1c(F)cc2c(=O)c(C(=O)O)cn(-c3ccc(F)cc3F)c2c1F,O=c1ccn(-c2ccccc2)c2cc(N3CCC3)ccc12,Pseudomonas aeruginosa,μg/mL,CHEMBL334900,1,1.0,1.0,1.0,0.0,B,high,1,1.0
C[C@H]1[C@H](N)CN1c1c(F)cc2c(=O)c(C(=O)O)cn(C(C)(C)C)c2c1F,O=c1cc[nH]c2cc(N3CCC3)ccc12,Escherichia coli,μg/mL,CHEMBL336865,1,0.25,0.25,0.25,-0.6020599913279624,B,high,1,1.0
C[C@H]1[C@H](N)CN1c1c(F)cc2c(=O)c(C(=O)O)cn(C(C)(C)C)c2c1F,O=c1cc[nH]c2cc(N3CCC3)ccc12,Klebsiella pneumoniae,μg/mL,CHEMBL336865,1,0.06,0.06,0.06,-1.2218487496163564,B,high,1,1.0
C[C@H]1[C@H](N)CN1c1c(F)cc2c(=O)c(C(=O)O)cn(C(C)(C)C)c2c1F,O=c1cc[nH]c2cc(N3CCC3)ccc12,Pseudomonas aeruginosa,μg/mL,CHEMBL336865,1,2.0,2.0,2.0,0.3010299956639812,B,high,1,1.0
C[C@H]1[C@H](N)CN1c1c(F)cc2c(=O)c(C(=O)O)cn(C3CC3)c2c1Cl,O=c1ccn(C2CC2)c2cc(N3CCC3)ccc12,Escherichia coli,μg/mL,CHEMBL131685,1,0.007,0.007,0.007,-2.154901959985743,B,high,1,1.0
C[C@H]1[C@H](N)CN1c1c(F)cc2c(=O)c(C(=O)O)cn(C3CC3)c2c1Cl,O=c1ccn(C2CC2)c2cc(N3CCC3)ccc12,Klebsiella pneumoniae,μg/mL,CHEMBL131685,1,0.007,0.007,0.007,-2.154901959985743,B,high,1,1.0
C[C@H]1[C@H](N)CN1c1c(F)cc2c(=O)c(C(=O)O)cn(C3CC3)c2c1Cl,O=c1ccn(C2CC2)c2cc(N3CCC3)ccc12,Pseudomonas aeruginosa,μg/mL,CHEMBL131685,1,0.12,0.12,0.12,-0.9208187539523752,B,high,1,1.0
C[C@H]1[C@H](N)CN1c1c(F)cc2c(=O)c(C(=O)O)cn(C3CC3)c2c1F,O=c1ccn(C2CC2)c2cc(N3CCC3)ccc12,Escherichia coli,μg/mL,CHEMBL133556,1,0.015,0.015,0.015,-1.8239087409443189,B,high,1,1.0
C[C@H]1[C@H](N)CN1c1c(F)cc2c(=O)c(C(=O)O)cn(C3CC3)c2c1F,O=c1ccn(C2CC2)c2cc(N3CCC3)ccc12,Klebsiella pneumoniae,μg/mL,CHEMBL133556,1,0.03,0.03,0.03,-1.5228787452803376,B,high,1,1.0
C[C@H]1[C@H](N)CN1c1c(F)cc2c(=O)c(C(=O)O)cn(C3CC3)c2c1F,O=c1ccn(C2CC2)c2cc(N3CCC3)ccc12,Pseudomonas aeruginosa,μg/mL,CHEMBL133556,1,0.25,0.25,0.25,-0.6020599913279624,B,high,1,1.0
C[C@H]1[C@H](N)CN1c1c(F)cc2c(=O)c(C(=O)O)cn(CCF)c2c1Cl,O=c1cc[nH]c2cc(N3CCC3)ccc12,Escherichia coli,μg/mL,CHEMBL134716,1,0.03,0.03,0.03,-1.5228787452803376,B,high,1,1.0
C[C@H]1[C@H](N)CN1c1c(F)cc2c(=O)c(C(=O)O)cn(CCF)c2c1Cl,O=c1cc[nH]c2cc(N3CCC3)ccc12,Klebsiella pneumoniae,μg/mL,CHEMBL134716,1,0.03,0.03,0.03,-1.5228787452803376,B,high,1,1.0
C[C@H]1[C@H](N)CN1c1c(F)cc2c(=O)c(C(=O)O)cn(CCF)c2c1Cl,O=c1cc[nH]c2cc(N3CCC3)ccc12,Pseudomonas aeruginosa,μg/mL,CHEMBL134716,1,1.0,1.0,1.0,0.0,B,high,1,1.0
C[C@H]1[C@H](N)CN1c1c(F)cc2c(=O)c(C(=O)O)cn(CCF)c2c1F,O=c1cc[nH]c2cc(N3CCC3)ccc12,Escherichia coli,μg/mL,CHEMBL132471,1,0.12,0.12,0.12,-0.9208187539523752,B,high,1,1.0
C[C@H]1[C@H](N)CN1c1c(F)cc2c(=O)c(C(=O)O)cn(CCF)c2c1F,O=c1cc[nH]c2cc(N3CCC3)ccc12,Klebsiella pneumoniae,μg/mL,CHEMBL132471,1,0.03,0.03,0.03,-1.5228787452803376,B,high,1,1.0
C[C@H]1[C@H](N)CN1c1c(F)cc2c(=O)c(C(=O)O)cn(CCF)c2c1F,O=c1cc[nH]c2cc(N3CCC3)ccc12,Pseudomonas aeruginosa,μg/mL,CHEMBL132471,1,1.0,1.0,1.0,0.0,B,high,1,1.0
C[C@H]1[C@H](N)CN1c1c(F)cc2c(=O)c(C(=O)O)cn3c2c1SCC3,O=c1ccn2c3c(c(N4CCC4)ccc13)SCC2,Escherichia coli,μg/mL,CHEMBL263148,1,0.5,0.5,0.5,-0.3010299956639812,B,high,1,1.0
C[C@H]1[C@H](N)CN1c1c(F)cc2c(=O)c(C(=O)O)cn3c2c1SCC3,O=c1ccn2c3c(c(N4CCC4)ccc13)SCC2,Klebsiella pneumoniae,μg/mL,CHEMBL263148,1,0.25,0.25,0.25,-0.6020599913279624,B,high,1,1.0
C[C@H]1[C@H](N)CN1c1c(F)cc2c(=O)c(C(=O)O)cn3c2c1SCC3,O=c1ccn2c3c(c(N4CCC4)ccc13)SCC2,Pseudomonas aeruginosa,μg/mL,CHEMBL263148,1,2.0,2.0,2.0,0.3010299956639812,B,high,1,1.0
C[C@H]1[C@H](N)CN1c1c(F)cc2c(=O)c3c(=O)[nH]sc3n(C3CC3)c2c1F,O=c1[nH]sc2c1c(=O)c1ccc(N3CCC3)cc1n2C1CC1,Escherichia coli,μg/mL,CHEMBL132842,1,0.12,0.12,0.12,-0.9208187539523752,B,high,1,1.0
C[C@H]1[C@H](N)CN1c1c(F)cc2c(=O)c3c(=O)[nH]sc3n(C3CC3)c2c1F,O=c1[nH]sc2c1c(=O)c1ccc(N3CCC3)cc1n2C1CC1,Klebsiella pneumoniae,μg/mL,CHEMBL132842,1,0.03,0.03,0.03,-1.5228787452803376,B,high,1,1.0
C[C@H]1[C@H](N)CN1c1c(F)cc2c(=O)c3c(=O)[nH]sc3n(C3CC3)c2c1F,O=c1[nH]sc2c1c(=O)c1ccc(N3CCC3)cc1n2C1CC1,Pseudomonas aeruginosa,μg/mL,CHEMBL132842,1,1.0,1.0,1.0,0.0,B,high,1,1.0
C[C@H]1[C@H](N)CN1c1cc2c(cc1F)c(=O)c(C(=O)O)cn2-c1ccc(F)cc1,O=c1ccn(-c2ccccc2)c2cc(N3CCC3)ccc12,Escherichia coli,μg/mL,CHEMBL133546,1,0.12,0.12,0.12,-0.9208187539523752,B,high,1,1.0
C[C@H]1[C@H](N)CN1c1cc2c(cc1F)c(=O)c(C(=O)O)cn2-c1ccc(F)cc1,O=c1ccn(-c2ccccc2)c2cc(N3CCC3)ccc12,Klebsiella pneumoniae,μg/mL,CHEMBL133546,1,0.015,0.015,0.015,-1.8239087409443189,B,high,1,1.0
C[C@H]1[C@H](N)CN1c1cc2c(cc1F)c(=O)c(C(=O)O)cn2-c1ccc(F)cc1,O=c1ccn(-c2ccccc2)c2cc(N3CCC3)ccc12,Pseudomonas aeruginosa,μg/mL,CHEMBL133546,1,1.0,1.0,1.0,0.0,B,high,1,1.0
C[C@H]1[C@H](N)CN1c1cc2c(cc1F)c(=O)c(C(=O)O)cn2-c1ccc(F)cc1F,O=c1ccn(-c2ccccc2)c2cc(N3CCC3)ccc12,Escherichia coli,μg/mL,CHEMBL132468,1,0.12,0.12,0.12,-0.9208187539523752,B,high,1,1.0
C[C@H]1[C@H](N)CN1c1cc2c(cc1F)c(=O)c(C(=O)O)cn2-c1ccc(F)cc1F,O=c1ccn(-c2ccccc2)c2cc(N3CCC3)ccc12,Klebsiella pneumoniae,μg/mL,CHEMBL132468,1,0.015,0.015,0.015,-1.8239087409443189,B,high,1,1.0
C[C@H]1[C@H](N)CN1c1cc2c(cc1F)c(=O)c(C(=O)O)cn2-c1ccc(F)cc1F,O=c1ccn(-c2ccccc2)c2cc(N3CCC3)ccc12,Pseudomonas aeruginosa,μg/mL,CHEMBL132468,1,2.0,2.0,2.0,0.3010299956639812,B,high,1,1.0
C[C@H]1[C@H](N)CN1c1cc2c(cc1F)c(=O)c(C(=O)O)cn2C(C)(C)C,O=c1cc[nH]c2cc(N3CCC3)ccc12,Escherichia coli,μg/mL,CHEMBL132967,1,0.25,0.25,0.25,-0.6020599913279624,B,high,1,1.0
C[C@H]1[C@H](N)CN1c1cc2c(cc1F)c(=O)c(C(=O)O)cn2C(C)(C)C,O=c1cc[nH]c2cc(N3CCC3)ccc12,Klebsiella pneumoniae,μg/mL,CHEMBL132967,1,0.015,0.015,0.015,-1.8239087409443189,B,high,1,1.0
C[C@H]1[C@H](N)CN1c1cc2c(cc1F)c(=O)c(C(=O)O)cn2C(C)(C)C,O=c1cc[nH]c2cc(N3CCC3)ccc12,Pseudomonas aeruginosa,μg/mL,CHEMBL132967,1,2.0,2.0,2.0,0.3010299956639812,B,high,1,1.0
C[C@H]1[C@H](N)CN1c1cc2c(cc1F)c(=O)c(C(=O)O)cn2C1CC1,O=c1ccn(C2CC2)c2cc(N3CCC3)ccc12,Escherichia coli,μg/mL,CHEMBL134977,1,0.03,0.03,0.03,-1.5228787452803376,B,high,1,1.0
C[C@H]1[C@H](N)CN1c1cc2c(cc1F)c(=O)c(C(=O)O)cn2C1CC1,O=c1ccn(C2CC2)c2cc(N3CCC3)ccc12,Klebsiella pneumoniae,μg/mL,CHEMBL134977,1,0.03,0.03,0.03,-1.5228787452803376,B,high,1,1.0
C[C@H]1[C@H](N)CN1c1cc2c(cc1F)c(=O)c(C(=O)O)cn2C1CC1,O=c1ccn(C2CC2)c2cc(N3CCC3)ccc12,Pseudomonas aeruginosa,μg/mL,CHEMBL134977,1,0.25,0.25,0.25,-0.6020599913279624,B,high,1,1.0
C[C@H]1[C@H](N)CN1c1cc2c(cc1F)c(=O)c(C(=O)O)cn2CCF,O=c1cc[nH]c2cc(N3CCC3)ccc12,Escherichia coli,μg/mL,CHEMBL131812,1,0.25,0.25,0.25,-0.6020599913279624,B,high,1,1.0
C[C@H]1[C@H](N)CN1c1cc2c(cc1F)c(=O)c(C(=O)O)cn2CCF,O=c1cc[nH]c2cc(N3CCC3)ccc12,Klebsiella pneumoniae,μg/mL,CHEMBL131812,1,0.12,0.12,0.12,-0.9208187539523752,B,high,1,1.0
C[C@H]1[C@H](N)CN1c1cc2c(cc1F)c(=O)c(C(=O)O)cn2CCF,O=c1cc[nH]c2cc(N3CCC3)ccc12,Pseudomonas aeruginosa,μg/mL,CHEMBL131812,1,2.0,2.0,2.0,0.3010299956639812,B,high,1,1.0
C[C@H]1[C@H](N)CN1c1cc2c(cc1F)c(=O)c1c(=O)[nH]sc1n2C1CC1,O=c1[nH]sc2c1c(=O)c1ccc(N3CCC3)cc1n2C1CC1,Escherichia coli,μg/mL,CHEMBL132898,1,0.03,0.03,0.03,-1.5228787452803376,B,high,1,1.0
C[C@H]1[C@H](N)CN1c1cc2c(cc1F)c(=O)c1c(=O)[nH]sc1n2C1CC1,O=c1[nH]sc2c1c(=O)c1ccc(N3CCC3)cc1n2C1CC1,Klebsiella pneumoniae,μg/mL,CHEMBL132898,1,0.015,0.015,0.015,-1.8239087409443189,B,high,1,1.0
C[C@H]1[C@H](N)CN1c1cc2c(cc1F)c(=O)c1c(=O)[nH]sc1n2C1CC1,O=c1[nH]sc2c1c(=O)c1ccc(N3CCC3)cc1n2C1CC1,Pseudomonas aeruginosa,μg/mL,CHEMBL132898,1,0.25,0.25,0.25,-0.6020599913279624,B,high,1,1.0
C[C@H]1[C@H](N)CN1c1nc2c(cc1F)c(=O)c(C(=O)O)cn2-c1ccc(F)cc1,O=c1ccn(-c2ccccc2)c2nc(N3CCC3)ccc12,Escherichia coli,μg/mL,CHEMBL341417,1,0.12,0.12,0.12,-0.9208187539523752,B,high,1,1.0
C[C@H]1[C@H](N)CN1c1nc2c(cc1F)c(=O)c(C(=O)O)cn2-c1ccc(F)cc1,O=c1ccn(-c2ccccc2)c2nc(N3CCC3)ccc12,Klebsiella pneumoniae,μg/mL,CHEMBL341417,1,0.06,0.06,0.06,-1.2218487496163564,B,high,1,1.0
C[C@H]1[C@H](N)CN1c1nc2c(cc1F)c(=O)c(C(=O)O)cn2-c1ccc(F)cc1,O=c1ccn(-c2ccccc2)c2nc(N3CCC3)ccc12,Pseudomonas aeruginosa,μg/mL,CHEMBL341417,1,2.0,2.0,2.0,0.3010299956639812,B,high,1,1.0
C[C@H]1[C@H](N)CN1c1nc2c(cc1F)c(=O)c(C(=O)O)cn2-c1ccc(F)cc1F,O=c1ccn(-c2ccccc2)c2nc(N3CCC3)ccc12,Escherichia coli,μg/mL,CHEMBL132301,1,0.25,0.25,0.25,-0.6020599913279624,B,high,1,1.0
C[C@H]1[C@H](N)CN1c1nc2c(cc1F)c(=O)c(C(=O)O)cn2-c1ccc(F)cc1F,O=c1ccn(-c2ccccc2)c2nc(N3CCC3)ccc12,Klebsiella pneumoniae,μg/mL,CHEMBL132301,1,0.06,0.06,0.06,-1.2218487496163564,B,high,1,1.0
C[C@H]1[C@H](N)CN1c1nc2c(cc1F)c(=O)c(C(=O)O)cn2-c1ccc(F)cc1F,O=c1ccn(-c2ccccc2)c2nc(N3CCC3)ccc12,Pseudomonas aeruginosa,μg/mL,CHEMBL132301,1,1.0,1.0,1.0,0.0,B,high,1,1.0
C[C@H]1[C@H](N)CN1c1nc2c(cc1F)c(=O)c(C(=O)O)cn2C(C)(C)C,O=c1cc[nH]c2nc(N3CCC3)ccc12,Escherichia coli,μg/mL,CHEMBL134496,1,0.06,0.06,0.06,-1.2218487496163564,B,high,1,1.0
C[C@H]1[C@H](N)CN1c1nc2c(cc1F)c(=O)c(C(=O)O)cn2C(C)(C)C,O=c1cc[nH]c2nc(N3CCC3)ccc12,Klebsiella pneumoniae,μg/mL,CHEMBL134496,1,0.015,0.015,0.015,-1.8239087409443189,B,high,1,1.0
C[C@H]1[C@H](N)CN1c1nc2c(cc1F)c(=O)c(C(=O)O)cn2C(C)(C)C,O=c1cc[nH]c2nc(N3CCC3)ccc12,Pseudomonas aeruginosa,μg/mL,CHEMBL134496,1,2.0,2.0,2.0,0.3010299956639812,B,high,1,1.0
C[C@H]1[C@H](N)CN1c1nc2c(cc1F)c(=O)c(C(=O)O)cn2C1CC1,O=c1ccn(C2CC2)c2nc(N3CCC3)ccc12,Escherichia coli,μg/mL,CHEMBL132632,1,0.03,0.03,0.03,-1.5228787452803376,B,high,1,1.0
C[C@H]1[C@H](N)CN1c1nc2c(cc1F)c(=O)c(C(=O)O)cn2C1CC1,O=c1ccn(C2CC2)c2nc(N3CCC3)ccc12,Klebsiella pneumoniae,μg/mL,CHEMBL132632,1,0.03,0.03,0.03,-1.5228787452803376,B,high,1,1.0
C[C@H]1[C@H](N)CN1c1nc2c(cc1F)c(=O)c(C(=O)O)cn2C1CC1,O=c1ccn(C2CC2)c2nc(N3CCC3)ccc12,Pseudomonas aeruginosa,μg/mL,CHEMBL132632,1,0.5,0.5,0.5,-0.3010299956639812,B,high,1,1.0
C[C@H]1[C@H](N)CN1c1nc2c(cc1F)c(=O)c(C(=O)O)cn2CCF,O=c1cc[nH]c2nc(N3CCC3)ccc12,Escherichia coli,μg/mL,CHEMBL133025,1,0.12,0.12,0.12,-0.9208187539523752,B,high,1,1.0
C[C@H]1[C@H](N)CN1c1nc2c(cc1F)c(=O)c(C(=O)O)cn2CCF,O=c1cc[nH]c2nc(N3CCC3)ccc12,Klebsiella pneumoniae,μg/mL,CHEMBL133025,1,0.06,0.06,0.06,-1.2218487496163564,B,high,1,1.0
C[C@H]1[C@H](N)CN1c1nc2c(cc1F)c(=O)c(C(=O)O)cn2CCF,O=c1cc[nH]c2nc(N3CCC3)ccc12,Pseudomonas aeruginosa,μg/mL,CHEMBL133025,1,2.0,2.0,2.0,0.3010299956639812,B,high,1,1.0
C[C@H]1[C@H](NC(=O)/C(=N\OC(C)(C)C(=O)O)c2csc(N)n2)C(=O)N1S(=O)(=O)O,N=C(C(=O)N[C@H]1CNC1=O)c1cscn1,Acinetobacter baumannii,μg/mL,CHEMBL158,74,28.0,1.0,256.0,1.4471580313422192,B,high,13,1.0
C[C@H]1[C@H](NC(=O)/C(=N\OC(C)(C)C(=O)[O-])c2csc(N)n2)C(=O)N1C(=O)[N-]S(=O)(=O)n1nc(-c2cc(=O)c(O)c[nH]2)n(C[C@@H](O)CO)c1=O.[Na+].[Na+],N=C(C(=O)N[C@H]1CN(C(=O)[N-]S(=O)(=O)n2nc(-c3cc(=O)cc[nH]3)[nH]c2=O)C1=O)c1cscn1,Acinetobacter baumannii,μg/mL,CHEMBL2016854,1,2.0,2.0,2.0,0.3010299956639812,B,high,1,1.0
C[C@H]1c2cccc(O)c2C(=O)C2=C(O)[C@]3(O)C(=O)C(C(N)=O)=C(O)[C@@H](N(C)C)[C@@H]3[C@@H](O)[C@@H]21.O,O=C1C2=CC3C(=O)C=CC[C@@H]3C[C@@H]2Cc2ccccc21,Acinetobacter baumannii,μg/mL,CHEMBL1200699,1,16.0,16.0,16.0,1.2041199826559248,B,high,1,1.0
C[C@]1(Cn2ccnn2)[C@H](C(=O)O)N2C(=O)C[C@H]2S1(=O)=O,O=C1C[C@@H]2N1CC(Cn1ccnn1)S2(=O)=O,Acinetobacter baumannii,μg/mL,CHEMBL404,17,4.0,4.0,4.0,0.6020599913279624,B,high,1,1.0
C[C@]1(Cn2ccnn2)[C@H](C(=O)[O-])N2C(=O)C[C@H]2S1(=O)=O.[Na+],O=C1C[C@@H]2N1CC(Cn1ccnn1)S2(=O)=O,Escherichia coli,μg/mL,CHEMBL1439,1,2.0,2.0,2.0,0.3010299956639812,B,high,1,1.0
C[S+]([O-])/C=C/C1=C(C(=O)O)N2C(=O)[C@@H](NC(=O)Cc3cccs3)[C@H]2SC1,O=C(Cc1cccs1)N[C@@H]1C(=O)N2C=CCS[C@H]12,Klebsiella pneumoniae,μg/mL,CHEMBL290518,1,0.5,0.5,0.5,-0.3010299956639812,B,high,1,1.0
C[n+]1ccc(-c2cc[n+](C)cc2)cc1.[Cl-].[Cl-],c1cc(-c2cc[nH+]cc2)cc[nH+]1,Acinetobacter baumannii,μg/mL,CHEMBL458019,3,800.0,400.0,800.0,2.9030899869919438,B,high,1,1.0
Cc1c(F)c(N2CCC(C)(CN)C2)c(F)c2c1c(=O)c(C(=O)O)cn2C1CC1,O=c1ccn(C2CC2)c2cc(N3CCCC3)ccc12,Escherichia coli,μg/mL,CHEMBL279647,1,0.05,0.05,0.05,-1.3010299956639813,B,high,1,1.0
Cc1c(F)c(N2CCC(C)(CN)C2)c(F)c2c1c(=O)c(C(=O)O)cn2C1CC1,O=c1ccn(C2CC2)c2cc(N3CCCC3)ccc12,Klebsiella pneumoniae,μg/mL,CHEMBL279647,1,0.1,0.1,0.1,-1.0,B,high,1,1.0
Cc1c(F)c(N2CCC(C)(CN)C2)c(F)c2c1c(=O)c(C(=O)O)cn2C1CC1,O=c1ccn(C2CC2)c2cc(N3CCCC3)ccc12,Pseudomonas aeruginosa,μg/mL,CHEMBL279647,1,0.8,0.8,0.8,-0.09691001300805639,B,high,1,1.0
Cc1c(F)c(N2CCC(C)(CN)C2)cc2c1c(=O)c(C(=O)O)cn2C1CC1,O=c1ccn(C2CC2)c2cc(N3CCCC3)ccc12,Escherichia coli,μg/mL,CHEMBL16559,1,0.1,0.1,0.1,-1.0,B,high,1,1.0
Cc1c(F)c(N2CCC(C)(CN)C2)cc2c1c(=O)c(C(=O)O)cn2C1CC1,O=c1ccn(C2CC2)c2cc(N3CCCC3)ccc12,Klebsiella pneumoniae,μg/mL,CHEMBL16559,1,0.4,0.4,0.4,-0.3979400086720376,B,high,1,1.0
Cc1c(F)c(N2CCC(C)(CN)C2)cc2c1c(=O)c(C(=O)O)cn2C1CC1,O=c1ccn(C2CC2)c2cc(N3CCCC3)ccc12,Pseudomonas aeruginosa,μg/mL,CHEMBL16559,1,1.6,1.6,1.6,0.2041199826559248,B,high,1,1.0
Cc1c(F)c(N2CCC(N)C2)c(Cl)c2c1c(=O)c(C(=O)O)cn2C1CC1,O=c1ccn(C2CC2)c2cc(N3CCCC3)ccc12,Klebsiella pneumoniae,μg/mL,CHEMBL279842,1,0.05,0.05,0.05,-1.3010299956639813,B,high,1,1.0
Cc1c(F)c(N2CCC(N)C2)c(Cl)c2c1c(=O)c(C(=O)O)cn2C1CC1,O=c1ccn(C2CC2)c2cc(N3CCCC3)ccc12,Pseudomonas aeruginosa,μg/mL,CHEMBL279842,1,0.2,0.2,0.2,-0.6989700043360187,B,high,1,1.0
Cc1c(F)c(N2CCC(N)C2)c(F)c2c1c(=O)c(C(=O)O)cn2C1CC1,O=c1ccn(C2CC2)c2cc(N3CCCC3)ccc12,Escherichia coli,μg/mL,CHEMBL277797,1,0.006,0.006,0.006,-2.221848749616356,B,high,1,1.0
Cc1c(F)c(N2CCC(N)C2)c(F)c2c1c(=O)c(C(=O)O)cn2C1CC1,O=c1ccn(C2CC2)c2cc(N3CCCC3)ccc12,Klebsiella pneumoniae,μg/mL,CHEMBL277797,1,0.013,0.013,0.013,-1.8860566476931633,B,high,1,1.0
Cc1c(F)c(N2CCC(N)C2)c(F)c2c1c(=O)c(C(=O)O)cn2C1CC1,O=c1ccn(C2CC2)c2cc(N3CCCC3)ccc12,Pseudomonas aeruginosa,μg/mL,CHEMBL277797,1,0.4,0.4,0.4,-0.3979400086720376,B,high,1,1.0
Cc1c(F)c(N2CCC(N)C2)cc2c1c(=O)c(C(=O)O)cn2-c1ccc(F)cc1F,O=c1ccn(-c2ccccc2)c2cc(N3CCCC3)ccc12,Escherichia coli,μg/mL,CHEMBL16147,1,0.05,0.05,0.05,-1.3010299956639813,B,high,1,1.0
Cc1c(F)c(N2CCC(N)C2)cc2c1c(=O)c(C(=O)O)cn2-c1ccc(F)cc1F,O=c1ccn(-c2ccccc2)c2cc(N3CCCC3)ccc12,Klebsiella pneumoniae,μg/mL,CHEMBL16147,1,0.1,0.1,0.1,-1.0,B,high,1,1.0
Cc1c(F)c(N2CCC(N)C2)cc2c1c(=O)c(C(=O)O)cn2-c1ccc(F)cc1F,O=c1ccn(-c2ccccc2)c2cc(N3CCCC3)ccc12,Pseudomonas aeruginosa,μg/mL,CHEMBL16147,1,0.8,0.8,0.8,-0.09691001300805639,B,high,1,1.0
Cc1c(F)c(N2CCC(N)C2)cc2c1c(=O)c(C(=O)O)cn2C1CC1,O=c1ccn(C2CC2)c2cc(N3CCCC3)ccc12,Escherichia coli,μg/mL,CHEMBL16397,1,0.025,0.025,0.025,-1.6020599913279623,B,high,1,1.0
Cc1c(F)c(N2CCC(N)C2)cc2c1c(=O)c(C(=O)O)cn2C1CC1,O=c1ccn(C2CC2)c2cc(N3CCCC3)ccc12,Klebsiella pneumoniae,μg/mL,CHEMBL16397,1,0.1,0.1,0.1,-1.0,B,high,1,1.0
Cc1c(F)c(N2CCC(N)C2)cc2c1c(=O)c(C(=O)O)cn2C1CC1,O=c1ccn(C2CC2)c2cc(N3CCCC3)ccc12,Pseudomonas aeruginosa,μg/mL,CHEMBL16397,1,0.4,0.4,0.4,-0.3979400086720376,B,high,1,1.0
Cc1c(F)c(N2CCNC(C)C2)c(F)c2c1c(=O)c(C(=O)O)cn2C1CC1,O=c1ccn(C2CC2)c2cc(N3CCNCC3)ccc12,Klebsiella pneumoniae,μg/mL,CHEMBL16030,1,0.05,0.05,0.05,-1.3010299956639813,B,high,1,1.0
Cc1c(F)c(N2CCNC(C)C2)c(F)c2c1c(=O)c(C(=O)O)cn2C1CC1,O=c1ccn(C2CC2)c2cc(N3CCNCC3)ccc12,Pseudomonas aeruginosa,μg/mL,CHEMBL16030,1,0.4,0.4,0.4,-0.3979400086720376,B,high,1,1.0
Cc1c(F)c(N2CCNC(C)C2)cc2c1c(=O)c(C(=O)O)cn2-c1ccc(F)cc1F,O=c1ccn(-c2ccccc2)c2cc(N3CCNCC3)ccc12,Escherichia coli,μg/mL,CHEMBL16237,1,0.1,0.1,0.1,-1.0,B,high,1,1.0
Cc1c(F)c(N2CCNC(C)C2)cc2c1c(=O)c(C(=O)O)cn2-c1ccc(F)cc1F,O=c1ccn(-c2ccccc2)c2cc(N3CCNCC3)ccc12,Klebsiella pneumoniae,μg/mL,CHEMBL16237,1,0.4,0.4,0.4,-0.3979400086720376,B,high,1,1.0
Cc1c(F)c(N2CCNC(C)C2)cc2c1c(=O)c(C(=O)O)cn2-c1ccc(F)cc1F,O=c1ccn(-c2ccccc2)c2cc(N3CCNCC3)ccc12,Pseudomonas aeruginosa,μg/mL,CHEMBL16237,1,1.6,1.6,1.6,0.2041199826559248,B,high,1,1.0
Cc1c(F)c(N2CCNC(C)C2)cc2c1c(=O)c(C(=O)O)cn2C1CC1,O=c1ccn(C2CC2)c2cc(N3CCNCC3)ccc12,Escherichia coli,μg/mL,CHEMBL583,1,0.013,0.013,0.013,-1.8860566476931633,B,high,1,1.0
Cc1c(F)c(N2CCNC(C)C2)cc2c1c(=O)c(C(=O)O)cn2C1CC1,O=c1ccn(C2CC2)c2cc(N3CCNCC3)ccc12,Klebsiella pneumoniae,μg/mL,CHEMBL583,1,0.05,0.05,0.05,-1.3010299956639813,B,high,1,1.0
Cc1c(F)c(N2CCNC(C)C2)cc2c1c(=O)c(C(=O)O)cn2C1CC1,O=c1ccn(C2CC2)c2cc(N3CCNCC3)ccc12,Pseudomonas aeruginosa,μg/mL,CHEMBL583,1,0.8,0.8,0.8,-0.09691001300805639,B,high,1,1.0
Cc1c(F)c(N2CCNCC2)c(Cl)c2c1c(=O)c(C(=O)O)cn2C1CC1,O=c1ccn(C2CC2)c2cc(N3CCNCC3)ccc12,Escherichia coli,μg/mL,CHEMBL16159,1,0.025,0.025,0.025,-1.6020599913279623,B,high,1,1.0
Cc1c(F)c(N2CCNCC2)c(Cl)c2c1c(=O)c(C(=O)O)cn2C1CC1,O=c1ccn(C2CC2)c2cc(N3CCNCC3)ccc12,Klebsiella pneumoniae,μg/mL,CHEMBL16159,1,0.1,0.1,0.1,-1.0,B,high,1,1.0
Cc1c(F)c(N2CCNCC2)c(Cl)c2c1c(=O)c(C(=O)O)cn2C1CC1,O=c1ccn(C2CC2)c2cc(N3CCNCC3)ccc12,Pseudomonas aeruginosa,μg/mL,CHEMBL16159,1,0.2,0.2,0.2,-0.6989700043360187,B,high,1,1.0
Cc1c(F)c(N2CCNCC2)c(F)c2c1c(=O)c(C(=O)O)cn2C1CC1,O=c1ccn(C2CC2)c2cc(N3CCNCC3)ccc12,Klebsiella pneumoniae,μg/mL,CHEMBL16001,1,0.025,0.025,0.025,-1.6020599913279623,B,high,1,1.0
Cc1c(F)c(N2CCNCC2)c(F)c2c1c(=O)c(C(=O)O)cn2C1CC1,O=c1ccn(C2CC2)c2cc(N3CCNCC3)ccc12,Pseudomonas aeruginosa,μg/mL,CHEMBL16001,1,0.2,0.2,0.2,-0.6989700043360187,B,high,1,1.0
Cc1c(F)c(N2CCNCC2)cc2c1c(=O)c(C(=O)O)cn2-c1ccc(F)cc1F,O=c1ccn(-c2ccccc2)c2cc(N3CCNCC3)ccc12,Klebsiella pneumoniae,μg/mL,CHEMBL15829,1,0.1,0.1,0.1,-1.0,B,high,1,1.0
Cc1c(F)c(N2CCNCC2)cc2c1c(=O)c(C(=O)O)cn2-c1ccc(F)cc1F,O=c1ccn(-c2ccccc2)c2cc(N3CCNCC3)ccc12,Pseudomonas aeruginosa,μg/mL,CHEMBL15829,1,0.8,0.8,0.8,-0.09691001300805639,B,high,1,1.0
Cc1c(F)c(N2CCNCC2)cc2c1c(=O)c(C(=O)O)cn2C1CC1,O=c1ccn(C2CC2)c2cc(N3CCNCC3)ccc12,Escherichia coli,μg/mL,CHEMBL16052,1,0.013,0.013,0.013,-1.8860566476931633,B,high,1,1.0
Cc1c(F)c(N2CCNCC2)cc2c1c(=O)c(C(=O)O)cn2C1CC1,O=c1ccn(C2CC2)c2cc(N3CCNCC3)ccc12,Klebsiella pneumoniae,μg/mL,CHEMBL16052,1,0.05,0.05,0.05,-1.3010299956639813,B,high,1,1.0
Cc1c(F)c(N2CCNCC2)cc2c1c(=O)c(C(=O)O)cn2C1CC1,O=c1ccn(C2CC2)c2cc(N3CCNCC3)ccc12,Pseudomonas aeruginosa,μg/mL,CHEMBL16052,1,0.2,0.2,0.2,-0.6989700043360187,B,high,1,1.0
Cc1c(N2CC(C)CC(C)C2)c(N)cc2c(=O)c(C(=O)O)cn(C3CC3)c12,O=c1ccn(C2CC2)c2cc(N3CCCCC3)ccc12,Escherichia coli,μg/mL,CHEMBL343104,2,0.0775,0.03,0.125,-1.1106982974936896,B,high,1,1.0
Cc1c(N2CC(C)CC(C)C2)c(N)cc2c(=O)c(C(=O)O)cn(C3CC3)c12,O=c1ccn(C2CC2)c2cc(N3CCCCC3)ccc12,Klebsiella pneumoniae,μg/mL,CHEMBL343104,1,0.06,0.06,0.06,-1.2218487496163564,B,high,1,1.0
Cc1c(N2CC(C)CC(C)C2)c(N)cc2c(=O)c(C(=O)O)cn(C3CC3)c12,O=c1ccn(C2CC2)c2cc(N3CCCCC3)ccc12,Pseudomonas aeruginosa,μg/mL,CHEMBL343104,1,4.0,4.0,4.0,0.6020599913279624,B,high,1,1.0
Cc1c(N2CC(C)NC(C)C2)c(N)cc2c(=O)c(C(=O)O)cn(C3CC3)c12,O=c1ccn(C2CC2)c2cc(N3CCNCC3)ccc12,Escherichia coli,μg/mL,CHEMBL46664,2,0.045,0.03,0.06,-1.3467874862246563,B,high,1,1.0
Cc1c(N2CC(C)NC(C)C2)c(N)cc2c(=O)c(C(=O)O)cn(C3CC3)c12,O=c1ccn(C2CC2)c2cc(N3CCNCC3)ccc12,Klebsiella pneumoniae,μg/mL,CHEMBL46664,1,0.03,0.03,0.03,-1.5228787452803376,B,high,1,1.0
Cc1c(N2CC(C)NC(C)C2)c(N)cc2c(=O)c(C(=O)O)cn(C3CC3)c12,O=c1ccn(C2CC2)c2cc(N3CCNCC3)ccc12,Pseudomonas aeruginosa,μg/mL,CHEMBL46664,1,2.0,2.0,2.0,0.3010299956639812,B,high,1,1.0
Cc1c(N2CC(C)OC(C)C2)c(N)cc2c(=O)c(C(=O)O)cn(C3CC3)c12,O=c1ccn(C2CC2)c2cc(N3CCOCC3)ccc12,Escherichia coli,μg/mL,CHEMBL140068,2,0.045,0.03,0.06,-1.3467874862246563,B,high,1,1.0
Cc1c(N2CC(C)OC(C)C2)c(N)cc2c(=O)c(C(=O)O)cn(C3CC3)c12,O=c1ccn(C2CC2)c2cc(N3CCOCC3)ccc12,Klebsiella pneumoniae,μg/mL,CHEMBL140068,1,0.03,0.03,0.03,-1.5228787452803376,B,high,1,1.0
Cc1c(N2CC(C)OC(C)C2)c(N)cc2c(=O)c(C(=O)O)cn(C3CC3)c12,O=c1ccn(C2CC2)c2cc(N3CCOCC3)ccc12,Pseudomonas aeruginosa,μg/mL,CHEMBL140068,1,4.0,4.0,4.0,0.6020599913279624,B,high,1,1.0
Cc1c(N2CC3CCC2CC3)c(N)cc2c(=O)c(C(=O)O)cn(C3CC3)c12,O=c1ccn(C2CC2)c2cc(N3CC4CCC3CC4)ccc12,Escherichia coli,μg/mL,CHEMBL139334,2,2.15,0.3,4.0,0.33243845991560533,B,high,1,1.0
Cc1c(N2CC3CCC2CC3)c(N)cc2c(=O)c(C(=O)O)cn(C3CC3)c12,O=c1ccn(C2CC2)c2cc(N3CC4CCC3CC4)ccc12,Klebsiella pneumoniae,μg/mL,CHEMBL139334,1,0.03,0.03,0.03,-1.5228787452803376,B,high,1,1.0
Cc1c(N2CC3CCC2CC3)c(N)cc2c(=O)c(C(=O)O)cn(C3CC3)c12,O=c1ccn(C2CC2)c2cc(N3CC4CCC3CC4)ccc12,Pseudomonas aeruginosa,μg/mL,CHEMBL139334,1,16.0,16.0,16.0,1.2041199826559248,B,high,1,1.0
Cc1c(N2CC=CCC2)c(N)cc2c(=O)c(C(=O)O)cn(C3CC3)c12,O=c1ccn(C2CC2)c2cc(N3CC=CCC3)ccc12,Escherichia coli,μg/mL,CHEMBL344476,2,1.0,1.0,1.0,0.0,B,high,1,1.0
Cc1c(N2CC=CCC2)c(N)cc2c(=O)c(C(=O)O)cn(C3CC3)c12,O=c1ccn(C2CC2)c2cc(N3CC=CCC3)ccc12,Klebsiella pneumoniae,μg/mL,CHEMBL344476,1,1.0,1.0,1.0,0.0,B,high,1,1.0
Cc1c(N2CCC(C)CC2)c(N(C)C)cc2c(=O)c(C(=O)O)cn(C3CC3)c12,O=c1ccn(C2CC2)c2cc(N3CCCCC3)ccc12,Escherichia coli,μg/mL,CHEMBL139440,2,64.0,64.0,64.0,1.806179973983887,B,high,1,1.0
Cc1c(N2CCC(C)CC2)c(N(C)C)cc2c(=O)c(C(=O)O)cn(C3CC3)c12,O=c1ccn(C2CC2)c2cc(N3CCCCC3)ccc12,Klebsiella pneumoniae,μg/mL,CHEMBL139440,1,64.0,64.0,64.0,1.806179973983887,B,high,1,1.0
Cc1c(N2CCC(C)CC2)c(N(C)C)cc2c(=O)c(C(=O)O)cn(C3CC3)c12,O=c1ccn(C2CC2)c2cc(N3CCCCC3)ccc12,Pseudomonas aeruginosa,μg/mL,CHEMBL139440,1,64.0,64.0,64.0,1.806179973983887,B,high,1,1.0
Cc1c(N2CCC(C)CC2)c(N)cc2c(=O)c(C(=O)O)cn(C3CC3)c12,O=c1ccn(C2CC2)c2cc(N3CCCCC3)ccc12,Escherichia coli,μg/mL,CHEMBL125318,2,0.03,0.03,0.03,-1.5228787452803376,B,high,1,1.0
Cc1c(N2CCC(C)CC2)c(N)cc2c(=O)c(C(=O)O)cn(C3CC3)c12,O=c1ccn(C2CC2)c2cc(N3CCCCC3)ccc12,Klebsiella pneumoniae,μg/mL,CHEMBL125318,1,0.03,0.03,0.03,-1.5228787452803376,B,high,1,1.0
Cc1c(N2CCC(C)CC2)c(N)cc2c(=O)c(C(=O)O)cn(C3CC3)c12,O=c1ccn(C2CC2)c2cc(N3CCCCC3)ccc12,Pseudomonas aeruginosa,μg/mL,CHEMBL125318,1,1.0,1.0,1.0,0.0,B,high,1,1.0
Cc1c(N2CCC(C)CC2)c([N+](=O)[O-])cc2c(=O)c(C(=O)O)cn(C3CC3)c12,O=c1ccn(C2CC2)c2cc(N3CCCCC3)ccc12,Escherichia coli,μg/mL,CHEMBL435031,2,17.0,2.0,32.0,1.2304489213782739,B,high,1,1.0
Cc1c(N2CCC(C)CC2)c([N+](=O)[O-])cc2c(=O)c(C(=O)O)cn(C3CC3)c12,O=c1ccn(C2CC2)c2cc(N3CCCCC3)ccc12,Klebsiella pneumoniae,μg/mL,CHEMBL435031,1,64.0,64.0,64.0,1.806179973983887,B,high,1,1.0
Cc1c(N2CCC(C)CC2)c([N+](=O)[O-])cc2c(=O)c(C(=O)O)cn(C3CC3)c12,O=c1ccn(C2CC2)c2cc(N3CCCCC3)ccc12,Pseudomonas aeruginosa,μg/mL,CHEMBL435031,1,64.0,64.0,64.0,1.806179973983887,B,high,1,1.0
Cc1c(N2CCC(CN)(CF)C2)c(F)cn2c(=O)c(C(=O)O)cc(C3CC3)c12,O=c1ccc(C2CC2)c2cc(N3CCCC3)ccn12,Klebsiella pneumoniae,μg/mL,CHEMBL59027,1,0.1,0.1,0.1,-1.0,B,high,1,1.0
Cc1c(N2CCC(F)(CN)C2)c(F)cn2c(=O)c(C(=O)O)cc(C3CC3)c12,O=c1ccc(C2CC2)c2cc(N3CCCC3)ccn12,Klebsiella pneumoniae,μg/mL,CHEMBL418295,1,0.005,0.005,0.005,-2.3010299956639813,B,high,1,1.0
Cc1c(N2CCC(F)C2)c(F)cn2c(=O)c(C(=O)O)cc(C3CC3)c12,O=c1ccc(C2CC2)c2cc(N3CCCC3)ccn12,Klebsiella pneumoniae,μg/mL,CHEMBL58941,1,0.1,0.1,0.1,-1.0,B,high,1,1.0
Cc1c(N2CCC(N)(CF)C2)c(F)cn2c(=O)c(C(=O)O)cc(C3CC3)c12,O=c1ccc(C2CC2)c2cc(N3CCCC3)ccn12,Klebsiella pneumoniae,μg/mL,CHEMBL59568,1,0.01,0.01,0.01,-2.0,B,high,1,1.0
Cc1c(N2CCC(O)CC2)c(N)cc2c(=O)c(C(=O)O)cn(C3CC3)c12,O=c1ccn(C2CC2)c2cc(N3CCCCC3)ccc12,Escherichia coli,μg/mL,CHEMBL45892,2,0.515,0.03,1.0,-0.28819277095880896,B,high,1,1.0
Cc1c(N2CCC(O)CC2)c(N)cc2c(=O)c(C(=O)O)cn(C3CC3)c12,O=c1ccn(C2CC2)c2cc(N3CCCCC3)ccc12,Klebsiella pneumoniae,μg/mL,CHEMBL45892,1,0.03,0.03,0.03,-1.5228787452803376,B,high,1,1.0
Cc1c(N2CCC(O)CC2)c(N)cc2c(=O)c(C(=O)O)cn(C3CC3)c12,O=c1ccn(C2CC2)c2cc(N3CCCCC3)ccc12,Pseudomonas aeruginosa,μg/mL,CHEMBL45892,1,2.0,2.0,2.0,0.3010299956639812,B,high,1,1.0
Cc1c(N2CCC2)c(N)cc2c(=O)c(C(=O)O)cn(C3CC3)c12,O=c1ccn(C2CC2)c2cc(N3CCC3)ccc12,Escherichia coli,μg/mL,CHEMBL343114,2,8.125,0.25,16.0,0.909823369650912,B,high,1,1.0
Cc1c(N2CCC2)c(N)cc2c(=O)c(C(=O)O)cn(C3CC3)c12,O=c1ccn(C2CC2)c2cc(N3CCC3)ccc12,Klebsiella pneumoniae,μg/mL,CHEMBL343114,1,0.25,0.25,0.25,-0.6020599913279624,B,high,1,1.0
Cc1c(N2CCC3CCCCC3C2)c(N)cc2c(=O)c(C(=O)O)cn(C3CC3)c12,O=c1ccn(C2CC2)c2cc(N3CCC4CCCCC4C3)ccc12,Escherichia coli,μg/mL,CHEMBL138740,2,4.0,4.0,4.0,0.6020599913279624,B,high,1,1.0
Cc1c(N2CCC3CCCCC3C2)c(N)cc2c(=O)c(C(=O)O)cn(C3CC3)c12,O=c1ccn(C2CC2)c2cc(N3CCC4CCCCC4C3)ccc12,Klebsiella pneumoniae,μg/mL,CHEMBL138740,1,0.125,0.125,0.125,-0.9030899869919435,B,high,1,1.0
Cc1c(N2CCC3CCCCC3C2)c(N)cc2c(=O)c(C(=O)O)cn(C3CC3)c12,O=c1ccn(C2CC2)c2cc(N3CCC4CCCCC4C3)ccc12,Pseudomonas aeruginosa,μg/mL,CHEMBL138740,1,64.0,64.0,64.0,1.806179973983887,B,high,1,1.0
Cc1c(N2CCCC(C)(C)C2)c(N)cc2c(=O)c(C(=O)O)cn(C3CC3)c12,O=c1ccn(C2CC2)c2cc(N3CCCCC3)ccc12,Escherichia coli,μg/mL,CHEMBL138896,2,0.5,0.5,0.5,-0.3010299956639812,B,high,1,1.0
Cc1c(N2CCCC(C)(C)C2)c(N)cc2c(=O)c(C(=O)O)cn(C3CC3)c12,O=c1ccn(C2CC2)c2cc(N3CCCCC3)ccc12,Klebsiella pneumoniae,μg/mL,CHEMBL138896,1,0.5,0.5,0.5,-0.3010299956639812,B,high,1,1.0
Cc1c(N2CCCC(C)(C)C2)c(N)cc2c(=O)c(C(=O)O)cn(C3CC3)c12,O=c1ccn(C2CC2)c2cc(N3CCCCC3)ccc12,Pseudomonas aeruginosa,μg/mL,CHEMBL138896,1,64.0,64.0,64.0,1.806179973983887,B,high,1,1.0
Cc1c(N2CCCC(C)C2)c(N)cc2c(=O)c(C(=O)O)cn(C3CC3)c12,O=c1ccn(C2CC2)c2cc(N3CCCCC3)ccc12,Escherichia coli,μg/mL,CHEMBL139236,2,0.03,0.03,0.03,-1.5228787452803376,B,high,1,1.0
Cc1c(N2CCCC(C)C2)c(N)cc2c(=O)c(C(=O)O)cn(C3CC3)c12,O=c1ccn(C2CC2)c2cc(N3CCCCC3)ccc12,Klebsiella pneumoniae,μg/mL,CHEMBL139236,1,0.03,0.03,0.03,-1.5228787452803376,B,high,1,1.0
Cc1c(N2CCCC(C)C2)c(N)cc2c(=O)c(C(=O)O)cn(C3CC3)c12,O=c1ccn(C2CC2)c2cc(N3CCCCC3)ccc12,Pseudomonas aeruginosa,μg/mL,CHEMBL139236,1,4.0,4.0,4.0,0.6020599913279624,B,high,1,1.0
Cc1c(N2CCCC(CO)C2)c(N)cc2c(=O)c(C(=O)O)cn(C3CC3)c12,O=c1ccn(C2CC2)c2cc(N3CCCCC3)ccc12,Escherichia coli,μg/mL,CHEMBL139058,2,0.016,0.016,0.016,-1.7958800173440752,B,high,1,1.0
Cc1c(N2CCCC(CO)C2)c(N)cc2c(=O)c(C(=O)O)cn(C3CC3)c12,O=c1ccn(C2CC2)c2cc(N3CCCCC3)ccc12,Klebsiella pneumoniae,μg/mL,CHEMBL139058,1,0.016,0.016,0.016,-1.7958800173440752,B,high,1,1.0
Cc1c(N2CCCC(CO)C2)c(N)cc2c(=O)c(C(=O)O)cn(C3CC3)c12,O=c1ccn(C2CC2)c2cc(N3CCCCC3)ccc12,Pseudomonas aeruginosa,μg/mL,CHEMBL139058,1,2.0,2.0,2.0,0.3010299956639812,B,high,1,1.0
Cc1c(N2CCCC2)c(N)cc2c(=O)c(C(=O)O)cn(C3CC3)c12,O=c1ccn(C2CC2)c2cc(N3CCCC3)ccc12,Escherichia coli,μg/mL,CHEMBL47601,2,16.5,1.0,32.0,1.2174839442139063,B,high,1,1.0
Cc1c(N2CCCC2)c(N)cc2c(=O)c(C(=O)O)cn(C3CC3)c12,O=c1ccn(C2CC2)c2cc(N3CCCC3)ccc12,Klebsiella pneumoniae,μg/mL,CHEMBL47601,1,0.5,0.5,0.5,-0.3010299956639812,B,high,1,1.0
Cc1c(N2CCCCC2)c(F)cc2c(=O)c(C(=O)O)cn(C3CC3)c12,O=c1ccn(C2CC2)c2cc(N3CCCCC3)ccc12,Escherichia coli,μg/mL,CHEMBL136779,2,0.0775,0.03,0.125,-1.1106982974936896,B,high,1,1.0
Cc1c(N2CCCCC2)c(F)cc2c(=O)c(C(=O)O)cn(C3CC3)c12,O=c1ccn(C2CC2)c2cc(N3CCCCC3)ccc12,Klebsiella pneumoniae,μg/mL,CHEMBL136779,1,0.125,0.125,0.125,-0.9030899869919435,B,high,1,1.0
Cc1c(N2CCCCC2)c(F)cc2c(=O)c(C(=O)O)cn(C3CC3)c12,O=c1ccn(C2CC2)c2cc(N3CCCCC3)ccc12,Pseudomonas aeruginosa,μg/mL,CHEMBL136779,1,1.0,1.0,1.0,0.0,B,high,1,1.0
Cc1c(N2CCCCC2)c(N)cc2c(=O)c(C(=O)O)cn(C3CC3)c12,O=c1ccn(C2CC2)c2cc(N3CCCCC3)ccc12,Escherichia coli,μg/mL,CHEMBL344447,2,0.03,0.03,0.03,-1.5228787452803376,B,high,1,1.0
Cc1c(N2CCCCC2)c(N)cc2c(=O)c(C(=O)O)cn(C3CC3)c12,O=c1ccn(C2CC2)c2cc(N3CCCCC3)ccc12,Klebsiella pneumoniae,μg/mL,CHEMBL344447,1,0.03,0.03,0.03,-1.5228787452803376,B,high,1,1.0
Cc1c(N2CCCCC2)c(N)cc2c(=O)c(C(=O)O)cn(C3CC3)c12,O=c1ccn(C2CC2)c2cc(N3CCCCC3)ccc12,Pseudomonas aeruginosa,μg/mL,CHEMBL344447,1,1.0,1.0,1.0,0.0,B,high,1,1.0
Cc1c(N2CCCCC2)c([N+](=O)[O-])cc2c(=O)c(C(=O)O)cn(C3CC3)c12,O=c1ccn(C2CC2)c2cc(N3CCCCC3)ccc12,Escherichia coli,μg/mL,CHEMBL138050,2,18.0,4.0,32.0,1.255272505103306,B,high,1,1.0
Cc1c(N2CCCCC2)c([N+](=O)[O-])cc2c(=O)c(C(=O)O)cn(C3CC3)c12,O=c1ccn(C2CC2)c2cc(N3CCCCC3)ccc12,Klebsiella pneumoniae,μg/mL,CHEMBL138050,1,64.0,64.0,64.0,1.806179973983887,B,high,1,1.0
Cc1c(N2CCCCC2)c([N+](=O)[O-])cc2c(=O)c(C(=O)O)cn(C3CC3)c12,O=c1ccn(C2CC2)c2cc(N3CCCCC3)ccc12,Pseudomonas aeruginosa,μg/mL,CHEMBL138050,1,64.0,64.0,64.0,1.806179973983887,B,high,1,1.0
Cc1c(N2CCCCCC2)c(N)cc2c(=O)c(C(=O)O)cn(C3CC3)c12,O=c1ccn(C2CC2)c2cc(N3CCCCCC3)ccc12,Escherichia coli,μg/mL,CHEMBL139580,2,1.015,0.03,2.0,0.006466042249231681,B,high,1,1.0
Cc1c(N2CCCCCC2)c(N)cc2c(=O)c(C(=O)O)cn(C3CC3)c12,O=c1ccn(C2CC2)c2cc(N3CCCCCC3)ccc12,Klebsiella pneumoniae,μg/mL,CHEMBL139580,1,0.03,0.03,0.03,-1.5228787452803376,B,high,1,1.0
Cc1c(N2CCCCCC2)c(N)cc2c(=O)c(C(=O)O)cn(C3CC3)c12,O=c1ccn(C2CC2)c2cc(N3CCCCCC3)ccc12,Pseudomonas aeruginosa,μg/mL,CHEMBL139580,1,4.0,4.0,4.0,0.6020599913279624,B,high,1,1.0
Cc1c(N2CCN(C)CC2)c(F)cc2c(=O)c(C(=O)O)cn(C3CC3)c12,O=c1ccn(C2CC2)c2cc(N3CCNCC3)ccc12,Escherichia coli,μg/mL,CHEMBL343603,2,0.03,0.03,0.03,-1.5228787452803376,B,high,1,1.0
Cc1c(N2CCN(C)CC2)c(F)cc2c(=O)c(C(=O)O)cn(C3CC3)c12,O=c1ccn(C2CC2)c2cc(N3CCNCC3)ccc12,Klebsiella pneumoniae,μg/mL,CHEMBL343603,1,0.03,0.03,0.03,-1.5228787452803376,B,high,1,1.0
Cc1c(N2CCN(C)CC2)c(F)cc2c(=O)c(C(=O)O)cn(C3CC3)c12,O=c1ccn(C2CC2)c2cc(N3CCNCC3)ccc12,Pseudomonas aeruginosa,μg/mL,CHEMBL343603,1,2.0,2.0,2.0,0.3010299956639812,B,high,1,1.0
Cc1c(N2CCN(C)CC2)c(N)cc2c(=O)c(C(=O)O)cn(-c3ccc(F)cc3)c12,O=c1ccn(-c2ccccc2)c2cc(N3CCNCC3)ccc12,Escherichia coli,μg/mL,CHEMBL139445,2,1.0,1.0,1.0,0.0,B,high,1,1.0
Cc1c(N2CCN(C)CC2)c(N)cc2c(=O)c(C(=O)O)cn(-c3ccc(F)cc3)c12,O=c1ccn(-c2ccccc2)c2cc(N3CCNCC3)ccc12,Klebsiella pneumoniae,μg/mL,CHEMBL139445,1,1.0,1.0,1.0,0.0,B,high,1,1.0
Cc1c(N2CCN(C)CC2)c(N)cc2c(=O)c(C(=O)O)cn(-c3ccc(F)cc3)c12,O=c1ccn(-c2ccccc2)c2cc(N3CCNCC3)ccc12,Pseudomonas aeruginosa,μg/mL,CHEMBL139445,1,128.0,128.0,128.0,2.1072099696478683,B,high,1,1.0
Cc1c(N2CCN(C)CC2)c(N)cc2c(=O)c(C(=O)O)cn(-c3ccc(O)cc3)c12,O=c1ccn(-c2ccccc2)c2cc(N3CCNCC3)ccc12,Escherichia coli,μg/mL,CHEMBL139107,2,0.125,0.125,0.125,-0.9030899869919435,B,high,1,1.0
Cc1c(N2CCN(C)CC2)c(N)cc2c(=O)c(C(=O)O)cn(-c3ccc(O)cc3)c12,O=c1ccn(-c2ccccc2)c2cc(N3CCNCC3)ccc12,Klebsiella pneumoniae,μg/mL,CHEMBL139107,1,0.25,0.25,0.25,-0.6020599913279624,B,high,1,1.0
Cc1c(N2CCN(C)CC2)c(N)cc2c(=O)c(C(=O)O)cn(-c3ccc(O)cc3)c12,O=c1ccn(-c2ccccc2)c2cc(N3CCNCC3)ccc12,Pseudomonas aeruginosa,μg/mL,CHEMBL139107,1,8.0,8.0,8.0,0.9030899869919435,B,high,1,1.0
Cc1c(N2CCN(C)CC2)c(N)cc2c(=O)c(C(=O)O)cn(C3CC3)c12,O=c1ccn(C2CC2)c2cc(N3CCNCC3)ccc12,Escherichia coli,μg/mL,CHEMBL416273,2,0.03,0.03,0.03,-1.5228787452803376,B,high,1,1.0
Cc1c(N2CCN(C)CC2)c(N)cc2c(=O)c(C(=O)O)cn(C3CC3)c12,O=c1ccn(C2CC2)c2cc(N3CCNCC3)ccc12,Klebsiella pneumoniae,μg/mL,CHEMBL416273,1,0.03,0.03,0.03,-1.5228787452803376,B,high,1,1.0
Cc1c(N2CCN(C)CC2)c(N)cc2c(=O)c(C(=O)O)cn(C3CC3)c12,O=c1ccn(C2CC2)c2cc(N3CCNCC3)ccc12,Pseudomonas aeruginosa,μg/mL,CHEMBL416273,1,2.0,2.0,2.0,0.3010299956639812,B,high,1,1.0
Cc1c(N2CCN(C)CC2)c([N+](=O)[O-])cc2c(=O)c(C(=O)O)cn(C3CC3)c12,O=c1ccn(C2CC2)c2cc(N3CCNCC3)ccc12,Escherichia coli,μg/mL,CHEMBL424287,2,10.0,4.0,16.0,1.0,B,high,1,1.0
Cc1c(N2CCN(C)CC2)c([N+](=O)[O-])cc2c(=O)c(C(=O)O)cn(C3CC3)c12,O=c1ccn(C2CC2)c2cc(N3CCNCC3)ccc12,Klebsiella pneumoniae,μg/mL,CHEMBL424287,1,16.0,16.0,16.0,1.2041199826559248,B,high,1,1.0
Cc1c(N2CCN(C)CC2)c([N+](=O)[O-])cc2c(=O)c(C(=O)O)cn(C3CC3)c12,O=c1ccn(C2CC2)c2cc(N3CCNCC3)ccc12,Pseudomonas aeruginosa,μg/mL,CHEMBL424287,1,64.0,64.0,64.0,1.806179973983887,B,high,1,1.0
Cc1c(N2CCNC(C)C2)c(N)cc2c(=O)c(C(=O)O)cn(C3CC3)c12,O=c1ccn(C2CC2)c2cc(N3CCNCC3)ccc12,Escherichia coli,μg/mL,CHEMBL48393,2,0.0775,0.03,0.125,-1.1106982974936896,B,high,1,1.0
Cc1c(N2CCNC(C)C2)c(N)cc2c(=O)c(C(=O)O)cn(C3CC3)c12,O=c1ccn(C2CC2)c2cc(N3CCNCC3)ccc12,Klebsiella pneumoniae,μg/mL,CHEMBL48393,1,0.03,0.03,0.03,-1.5228787452803376,B,high,1,1.0
Cc1c(N2CCNC(C)C2)c(N)cc2c(=O)c(C(=O)O)cn(C3CC3)c12,O=c1ccn(C2CC2)c2cc(N3CCNCC3)ccc12,Pseudomonas aeruginosa,μg/mL,CHEMBL48393,1,1.0,1.0,1.0,0.0,B,high,1,1.0
Cc1c(N2CCNCC2)c(N)cc2c(=O)c(C(=O)O)cn(C3CC3)c12,O=c1ccn(C2CC2)c2cc(N3CCNCC3)ccc12,Escherichia coli,μg/mL,CHEMBL45933,2,0.03,0.03,0.03,-1.5228787452803376,B,high,1,1.0
Cc1c(N2CCNCC2)c(N)cc2c(=O)c(C(=O)O)cn(C3CC3)c12,O=c1ccn(C2CC2)c2cc(N3CCNCC3)ccc12,Klebsiella pneumoniae,μg/mL,CHEMBL45933,1,0.03,0.03,0.03,-1.5228787452803376,B,high,1,1.0
Cc1c(N2CCNCC2)c(N)cc2c(=O)c(C(=O)O)cn(C3CC3)c12,O=c1ccn(C2CC2)c2cc(N3CCNCC3)ccc12,Pseudomonas aeruginosa,μg/mL,CHEMBL45933,1,1.0,1.0,1.0,0.0,B,high,1,1.0
Cc1c(N2CCOCC2)c(N)cc2c(=O)c(C(=O)O)cn(C3CC3)c12,O=c1ccn(C2CC2)c2cc(N3CCOCC3)ccc12,Escherichia coli,μg/mL,CHEMBL45586,2,0.03,0.03,0.03,-1.5228787452803376,B,high,1,1.0
Cc1c(N2CCOCC2)c(N)cc2c(=O)c(C(=O)O)cn(C3CC3)c12,O=c1ccn(C2CC2)c2cc(N3CCOCC3)ccc12,Klebsiella pneumoniae,μg/mL,CHEMBL45586,1,0.03,0.03,0.03,-1.5228787452803376,B,high,1,1.0
Cc1c(N2CCOCC2)c(N)cc2c(=O)c(C(=O)O)cn(C3CC3)c12,O=c1ccn(C2CC2)c2cc(N3CCOCC3)ccc12,Pseudomonas aeruginosa,μg/mL,CHEMBL45586,1,1.0,1.0,1.0,0.0,B,high,1,1.0
Cc1c(N2CCSCC2)c(N)cc2c(=O)c(C(=O)O)cn(C3CC3)c12,O=c1ccn(C2CC2)c2cc(N3CCSCC3)ccc12,Escherichia coli,μg/mL,CHEMBL48072,2,0.14,0.03,0.25,-0.8538719643217619,B,high,1,1.0
Cc1c(N2CCSCC2)c(N)cc2c(=O)c(C(=O)O)cn(C3CC3)c12,O=c1ccn(C2CC2)c2cc(N3CCSCC3)ccc12,Klebsiella pneumoniae,μg/mL,CHEMBL48072,1,0.02,0.02,0.02,-1.6989700043360187,B,high,1,1.0
Cc1c(N2CCSCC2)c(N)cc2c(=O)c(C(=O)O)cn(C3CC3)c12,O=c1ccn(C2CC2)c2cc(N3CCSCC3)ccc12,Pseudomonas aeruginosa,μg/mL,CHEMBL48072,1,1.0,1.0,1.0,0.0,B,high,1,1.0
Cc1c(N2CC[C@@H]([C@@H](N)C(F)(F)F)C2)c(F)cn2c(=O)c(C(=O)O)cc(C3CC3)c12,O=c1ccc(C2CC2)c2cc(N3CCCC3)ccn12,Klebsiella pneumoniae,μg/mL,CHEMBL293779,1,0.39,0.39,0.39,-0.4089353929735008,B,high,1,1.0
Cc1c(N2CC[C@H](N)C2)c(F)cn2c(=O)c(C(=O)O)cc(C3CC3)c12,O=c1ccc(C2CC2)c2cc(N3CCCC3)ccn12,Klebsiella pneumoniae,μg/mL,CHEMBL16727,1,0.005,0.005,0.005,-2.3010299956639813,B,high,1,1.0
Cc1c(N2CC[C@H]([C@@H](N)C(F)(F)F)C2)c(F)cn2c(=O)c(C(=O)O)cc(C3CC3)c12,O=c1ccc(C2CC2)c2cc(N3CCCC3)ccn12,Klebsiella pneumoniae,μg/mL,CHEMBL416317,1,0.2,0.2,0.2,-0.6989700043360187,B,high,1,1.0
Cc1c(N2CCc3ccccc3C2)c(F)cc2c(=O)c(C(=O)O)cn(C3CC3)c12,O=c1ccn(C2CC2)c2cc(N3CCc4ccccc4C3)ccc12,Escherichia coli,μg/mL,CHEMBL141308,2,0.045,0.03,0.06,-1.3467874862246563,B,high,1,1.0
Cc1c(N2CCc3ccccc3C2)c(F)cc2c(=O)c(C(=O)O)cn(C3CC3)c12,O=c1ccn(C2CC2)c2cc(N3CCc4ccccc4C3)ccc12,Klebsiella pneumoniae,μg/mL,CHEMBL141308,1,0.03,0.03,0.03,-1.5228787452803376,B,high,1,1.0
Cc1c(N2CCc3ccccc3C2)c(F)cc2c(=O)c(C(=O)O)cn(C3CC3)c12,O=c1ccn(C2CC2)c2cc(N3CCc4ccccc4C3)ccc12,Pseudomonas aeruginosa,μg/mL,CHEMBL141308,1,4.0,4.0,4.0,0.6020599913279624,B,high,1,1.0
Cc1c(N2CCc3ccccc3C2)c(N)cc2c(=O)c(C(=O)O)cn(C3CC3)c12,O=c1ccn(C2CC2)c2cc(N3CCc4ccccc4C3)ccc12,Escherichia coli,μg/mL,CHEMBL124970,2,0.008,0.008,0.008,-2.0969100130080562,B,high,1,1.0
Cc1c(N2CCc3ccccc3C2)c(N)cc2c(=O)c(C(=O)O)cn(C3CC3)c12,O=c1ccn(C2CC2)c2cc(N3CCc4ccccc4C3)ccc12,Klebsiella pneumoniae,μg/mL,CHEMBL124970,1,0.06,0.06,0.06,-1.2218487496163564,B,high,1,1.0
Cc1c(N2CCc3ccccc3C2)c(N)cc2c(=O)c(C(=O)O)cn(C3CC3)c12,O=c1ccn(C2CC2)c2cc(N3CCc4ccccc4C3)ccc12,Pseudomonas aeruginosa,μg/mL,CHEMBL124970,1,0.5,0.5,0.5,-0.3010299956639812,B,high,1,1.0
Cc1c(N2CCc3ccccc3C2)c([N+](=O)[O-])cc2c(=O)c(C(=O)O)cn(C3CC3)c12,O=c1ccn(C2CC2)c2cc(N3CCc4ccccc4C3)ccc12,Escherichia coli,μg/mL,CHEMBL337757,2,34.0,4.0,64.0,1.5314789170422551,B,high,1,1.0
Cc1c(N2CCc3ccccc3C2)c([N+](=O)[O-])cc2c(=O)c(C(=O)O)cn(C3CC3)c12,O=c1ccn(C2CC2)c2cc(N3CCc4ccccc4C3)ccc12,Klebsiella pneumoniae,μg/mL,CHEMBL337757,1,64.0,64.0,64.0,1.806179973983887,B,high,1,1.0
Cc1c(N2CCc3ccccc3C2)c([N+](=O)[O-])cc2c(=O)c(C(=O)O)cn(C3CC3)c12,O=c1ccn(C2CC2)c2cc(N3CCc4ccccc4C3)ccc12,Pseudomonas aeruginosa,μg/mL,CHEMBL337757,1,64.0,64.0,64.0,1.806179973983887,B,high,1,1.0
Cc1c(N2C[C@@H](C)O[C@@H](C)C2)c(N)cc2c(=O)c(C(=O)O)cn(C3CC3)c12,O=c1ccn(C2CC2)c2cc(N3CCOCC3)ccc12,Escherichia coli,μg/mL,CHEMBL141053,2,0.008,0.008,0.008,-2.0969100130080562,B,high,1,1.0
Cc1c(N2C[C@@H](C)O[C@@H](C)C2)c(N)cc2c(=O)c(C(=O)O)cn(C3CC3)c12,O=c1ccn(C2CC2)c2cc(N3CCOCC3)ccc12,Klebsiella pneumoniae,μg/mL,CHEMBL141053,1,0.08,0.08,0.08,-1.0969100130080565,B,high,1,1.0
Cc1c(N2C[C@@H](C)O[C@@H](C)C2)c(N)cc2c(=O)c(C(=O)O)cn(C3CC3)c12,O=c1ccn(C2CC2)c2cc(N3CCOCC3)ccc12,Pseudomonas aeruginosa,μg/mL,CHEMBL141053,1,4.0,4.0,4.0,0.6020599913279624,B,high,1,1.0
Cc1c(N2C[C@@H](CF)[C@H](N)C2)c(F)cn2c(=O)c(C(=O)O)cc(C3CC3)c12,O=c1ccc(C2CC2)c2cc(N3CCCC3)ccn12,Klebsiella pneumoniae,μg/mL,CHEMBL301885,2,0.0075,0.005,0.01,-2.1249387366083,B,high,1,1.0
Cc1c(N2C[C@@H](CN)[C@H](C(F)(F)F)C2)c(F)cn2c(=O)c(C(=O)O)cc(C3CC3)c12,O=c1ccc(C2CC2)c2cc(N3CCCC3)ccn12,Klebsiella pneumoniae,μg/mL,CHEMBL60539,1,0.01,0.01,0.01,-2.0,B,high,1,1.0
Cc1c(N2C[C@@H](N)[C@@H](F)C2)c(F)cn2c(=O)c(C(=O)O)cc(C3CC3)c12,O=c1ccc(C2CC2)c2cc(N3CCCC3)ccn12,Klebsiella pneumoniae,μg/mL,CHEMBL292420,1,0.05,0.05,0.05,-1.3010299956639813,B,high,1,1.0
Cc1c(N2C[C@@H](N)[C@H](C(F)(F)F)C2)c(F)cn2c(=O)c(C(=O)O)cc(C3CC3)c12,O=c1ccc(C2CC2)c2cc(N3CCCC3)ccn12,Klebsiella pneumoniae,μg/mL,CHEMBL293380,1,0.05,0.05,0.05,-1.3010299956639813,B,high,1,1.0
Cc1c(N2C[C@@H](N)[C@H](F)C2)c(F)cn2c(=O)c(C(=O)O)cc(C3CC3)c12,O=c1ccc(C2CC2)c2cc(N3CCCC3)ccn12,Klebsiella pneumoniae,μg/mL,CHEMBL60173,2,0.02,0.02,0.02,-1.6989700043360187,B,high,1,1.0
Cc1c(N2C[C@H](CF)[C@@H](N)C2)c(F)cn2c(=O)c(C(=O)O)cc(C3CC3)c12,O=c1ccc(C2CC2)c2cc(N3CCCC3)ccn12,Klebsiella pneumoniae,μg/mL,CHEMBL300332,1,0.002,0.002,0.002,-2.6989700043360187,B,high,1,1.0
Cc1c(N2C[C@H](CF)[C@H](N)C2)c(F)cn2c(=O)c(C(=O)O)cc(C3CC3)c12,O=c1ccc(C2CC2)c2cc(N3CCCC3)ccn12,Klebsiella pneumoniae,μg/mL,CHEMBL61546,1,0.005,0.005,0.005,-2.3010299956639813,B,high,1,1.0
Cc1c(N2C[C@H](N)[C@@H](F)C2)c(F)cn2c(=O)c(C(=O)O)cc(C3CC3)c12,O=c1ccc(C2CC2)c2cc(N3CCCC3)ccn12,Klebsiella pneumoniae,μg/mL,CHEMBL58039,1,0.02,0.02,0.02,-1.6989700043360187,B,high,1,1.0
Cc1cc(-c2c(F)c(F)c3c(=O)c(C(=O)O)cn(C4CC4)c3c2F)cc(C)n1,O=c1ccn(C2CC2)c2cc(-c3ccncc3)ccc12,Escherichia coli,μg/mL,CHEMBL441631,1,0.13,0.13,0.13,-0.8860566476931632,B,high,1,1.0
Cc1cc(-c2c(F)c(F)c3c(=O)c(C(=O)O)cn(C4CC4)c3c2F)cc(C)n1,O=c1ccn(C2CC2)c2cc(-c3ccncc3)ccc12,Pseudomonas aeruginosa,μg/mL,CHEMBL441631,1,8.0,8.0,8.0,0.9030899869919435,B,high,1,1.0
Cc1cc(-c2c(F)cc3c(=O)c(C(=O)O)cn(C4CC4)c3c2F)cc(C)n1,O=c1ccn(C2CC2)c2cc(-c3ccncc3)ccc12,Escherichia coli,μg/mL,CHEMBL8179,1,0.06,0.06,0.06,-1.2218487496163564,B,high,1,1.0
Cc1cc(-c2c(F)cc3c(=O)c(C(=O)O)cn(C4CC4)c3c2F)cc(C)n1,O=c1ccn(C2CC2)c2cc(-c3ccncc3)ccc12,Pseudomonas aeruginosa,μg/mL,CHEMBL8179,1,4.0,4.0,4.0,0.6020599913279624,B,high,1,1.0
Cc1cc(-c2cc3c(cc2F)c(=O)c(C(=O)O)cn3-c2ccc(F)cc2)cc(C)n1,O=c1ccn(-c2ccccc2)c2cc(-c3ccncc3)ccc12,Escherichia coli,μg/mL,CHEMBL85437,1,0.125,0.125,0.125,-0.9030899869919435,B,high,1,1.0
Cc1cc(-c2cc3c(cc2F)c(=O)c(C(=O)O)cn3-c2ccc(F)cc2)cc(C)n1,O=c1ccn(-c2ccccc2)c2cc(-c3ccncc3)ccc12,Pseudomonas aeruginosa,μg/mL,CHEMBL85437,1,4.0,4.0,4.0,0.6020599913279624,B,high,1,1.0
Cc1cc(-c2cc3c(cc2F)c(=O)c(C(=O)O)cn3C(C)(C)C)cc(C)n1,O=c1cc[nH]c2cc(-c3ccncc3)ccc12,Escherichia coli,μg/mL,CHEMBL314789,1,0.25,0.25,0.25,-0.6020599913279624,B,high,1,1.0
Cc1cc(-c2cc3c(cc2F)c(=O)c(C(=O)O)cn3C2CC2)c(C)c(C)n1,O=c1ccn(C2CC2)c2cc(-c3ccncc3)ccc12,Escherichia coli,μg/mL,CHEMBL83358,1,0.125,0.125,0.125,-0.9030899869919435,B,high,1,1.0
Cc1cc(-c2cc3c(cc2F)c(=O)c(C(=O)O)cn3C2CC2)c(C)c(C)n1,O=c1ccn(C2CC2)c2cc(-c3ccncc3)ccc12,Pseudomonas aeruginosa,μg/mL,CHEMBL83358,1,8.0,8.0,8.0,0.9030899869919435,B,high,1,1.0
Cc1cc(-c2cc3c(cc2F)c(=O)c(C(=O)O)cn3C2CC2)cc(C)n1,O=c1ccn(C2CC2)c2cc(-c3ccncc3)ccc12,Escherichia coli,μg/mL,CHEMBL315498,1,0.03,0.03,0.03,-1.5228787452803376,B,high,1,1.0
Cc1cc(-c2cc3c(cc2F)c(=O)c(C(=O)O)cn3C2CC2)cc(C)n1,O=c1ccn(C2CC2)c2cc(-c3ccncc3)ccc12,Pseudomonas aeruginosa,μg/mL,CHEMBL315498,1,2.0,2.0,2.0,0.3010299956639812,B,high,1,1.0
Cc1cc(-c2cc3c(cc2F)c(=O)c(C(=O)O)cn3C2CC2)cc(CN(C)C)n1,O=c1ccn(C2CC2)c2cc(-c3ccncc3)ccc12,Escherichia coli,μg/mL,CHEMBL314396,1,0.06,0.06,0.06,-1.2218487496163564,B,high,1,1.0
Cc1cc(-c2cc3c(cc2F)c(=O)c(C(=O)O)cn3C2CC2)cc(CN(C)C)n1,O=c1ccn(C2CC2)c2cc(-c3ccncc3)ccc12,Pseudomonas aeruginosa,μg/mL,CHEMBL314396,1,8.0,8.0,8.0,0.9030899869919435,B,high,1,1.0
Cc1cc(-c2cc3c(cc2F)c(=O)c(C(=O)O)cn3C2CC2)cc(CO)n1,O=c1ccn(C2CC2)c2cc(-c3ccncc3)ccc12,Escherichia coli,μg/mL,CHEMBL83645,1,0.06,0.06,0.06,-1.2218487496163564,B,high,1,1.0
Cc1cc(-c2cc3c(cc2F)c(=O)c(C(=O)O)cn3C2CC2)cc(CO)n1,O=c1ccn(C2CC2)c2cc(-c3ccncc3)ccc12,Pseudomonas aeruginosa,μg/mL,CHEMBL83645,1,4.0,4.0,4.0,0.6020599913279624,B,high,1,1.0
Cc1cc(-c2cc3c(cc2F)c(=O)c(C(=O)O)cn3C2CC2)ccn1,O=c1ccn(C2CC2)c2cc(-c3ccncc3)ccc12,Escherichia coli,μg/mL,CHEMBL316142,1,0.03,0.03,0.03,-1.5228787452803376,B,high,1,1.0
Cc1cc(-c2cc3c(cc2F)c(=O)c(C(=O)O)cn3C2CC2)ccn1,O=c1ccn(C2CC2)c2cc(-c3ccncc3)ccc12,Pseudomonas aeruginosa,μg/mL,CHEMBL316142,1,2.0,2.0,2.0,0.3010299956639812,B,high,1,1.0
Cc1cc(-c2ccc3c(=O)c(C(=O)O)cn(C4CC4)c3c2)cc(C)n1,O=c1ccn(C2CC2)c2cc(-c3ccncc3)ccc12,Escherichia coli,μg/mL,CHEMBL309480,1,0.25,0.25,0.25,-0.6020599913279624,B,high,1,1.0
Cc1cc(-c2ccc3c(=O)c(C(=O)O)cn(C4CC4)c3c2F)cc(C)n1,O=c1ccn(C2CC2)c2cc(-c3ccncc3)ccc12,Escherichia coli,μg/mL,CHEMBL433341,1,0.06,0.06,0.06,-1.2218487496163564,B,high,1,1.0
Cc1cc(-c2nc3c(cc2F)c(=O)c(C(=O)O)cn3C2CC2)cc(C)n1,O=c1ccn(C2CC2)c2nc(-c3ccncc3)ccc12,Escherichia coli,μg/mL,CHEMBL316214,1,0.125,0.125,0.125,-0.9030899869919435,B,high,1,1.0
Cc1cc(-c2nc3c(cc2F)c(=O)c(C(=O)O)cn3C2CC2)cc(C)n1,O=c1ccn(C2CC2)c2nc(-c3ccncc3)ccc12,Pseudomonas aeruginosa,μg/mL,CHEMBL316214,1,8.0,8.0,8.0,0.9030899869919435,B,high,1,1.0
Cc1cc(=O)n2c3c(c(F)cnc13)[C@@](O)(CC13CCC(NCc4ccc5c(n4)NC(=O)CO5)(CC1)CO3)C2,O=C1COc2ccc(CNC34CCC(CC5Cn6c(=O)ccc7nccc5c76)(CC3)OC4)nc2N1,Acinetobacter baumannii,μg/mL,CHEMBL3402182,1,2.0,2.0,2.0,0.3010299956639812,B,high,1,1.0
Cc1cc(=O)n2c3c(c(F)cnc13)[C@](O)(CC13CCC(NCc4ccc5c(n4)NC(=O)CO5)(CC1)CO3)C2,O=C1COc2ccc(CNC34CCC(CC5Cn6c(=O)ccc7nccc5c76)(CC3)OC4)nc2N1,Acinetobacter baumannii,μg/mL,CHEMBL3402181,1,0.5,0.5,0.5,-0.3010299956639812,B,high,1,1.0
Cc1cc(C#N)nc2c(CCC34CCC(NCc5ccc6c(n5)NC(=O)CO6)(CC3)CO4)ccnc12,O=C1COc2ccc(CNC34CCC(CCc5ccnc6cccnc56)(CC3)OC4)nc2N1,Acinetobacter baumannii,μg/mL,CHEMBL3422973,1,4.0,4.0,4.0,0.6020599913279624,B,high,1,1.0
Cc1cc(C)c(S(=O)(=O)N2N=Cc3c(F)cccc3B2O)c(C)c1,O=S(=O)(c1ccccc1)N1Bc2ccccc2C=N1,Klebsiella pneumoniae,μg/mL,CHEMBL172374,1,50.0,50.0,50.0,1.6989700043360187,B,high,1,1.0
Cc1cc(C)c(S(=O)(=O)N2N=Cc3sc(Br)cc3B2O)c(C)c1,O=S(=O)(c1ccccc1)N1Bc2ccsc2C=N1,Klebsiella pneumoniae,μg/mL,CHEMBL368721,1,25.0,25.0,25.0,1.3979400086720377,B,high,1,1.0
Cc1cc(Cc2cnc(N)nc2N)cc(C(C)(C)C)c1O,c1ccc(Cc2cncnc2)cc1,Escherichia coli,μg/mL,CHEMBL23384,1,100.0,100.0,100.0,2.0,B,high,1,1.0
Cc1cc(Cc2cnc(N)nc2N)cc(C(C)(C)C)c1O,c1ccc(Cc2cncnc2)cc1,Klebsiella pneumoniae,μg/mL,CHEMBL23384,1,100.0,100.0,100.0,2.0,B,high,1,1.0
Cc1cc(Cc2cnc(N)nc2N)cc(C)c1O,c1ccc(Cc2cncnc2)cc1,Escherichia coli,μg/mL,CHEMBL417833,1,10.0,10.0,10.0,1.0,B,high,1,1.0
Cc1cc(Cc2cnc(N)nc2N)cc(C)c1O,c1ccc(Cc2cncnc2)cc1,Klebsiella pneumoniae,μg/mL,CHEMBL417833,1,3.0,3.0,3.0,0.47712125471966244,B,high,1,1.0
Cc1cc(Cc2cnc(N)nc2N)cc2c1OC(C)(C)C2,c1ncc(Cc2ccc3c(c2)CCO3)cn1,Klebsiella pneumoniae,μg/mL,CHEMBL291540,1,10.0,10.0,10.0,1.0,B,high,1,1.0
Cc1cc(N2CC/C(=C\C3=C(C(=O)O)N4C(=O)[C@@H](NC(=O)/C(=N\O)c5csc(N)n5)[C@H]4SC3)C2=O)no1,N=C(C(=O)N[C@@H]1C(=O)N2C=C(/C=C3\CCN(c4ccon4)C3=O)CS[C@H]12)c1cscn1,Escherichia coli,μg/mL,CHEMBL430960,1,0.12,0.12,0.12,-0.9208187539523752,B,high,1,1.0
Cc1cc(S(C)(=O)=O)nc2c(CCC34CCC(NCc5ccc6c(n5)NC(=O)CO6)(CC3)CO4)c(F)cnc12,O=C1COc2ccc(CNC34CCC(CCc5ccnc6cccnc56)(CC3)OC4)nc2N1,Acinetobacter baumannii,μg/mL,CHEMBL3422958,1,2.0,2.0,2.0,0.3010299956639812,B,high,1,1.0
Cc1cc(S(C)(=O)=O)nc2c(CCC34CCC(NCc5ccc6c(n5)NC(=O)CO6)(CC3)CO4)ccnc12,O=C1COc2ccc(CNC34CCC(CCc5ccnc6cccnc56)(CC3)OC4)nc2N1,Acinetobacter baumannii,μg/mL,CHEMBL3422974,1,16.0,16.0,16.0,1.2041199826559248,B,high,1,1.0
Cc1cc2c(nc1CNC13CCC(C[C@]4(O)Cn5c(=O)ccc6ncc(F)c4c65)(CC1)OC3)NC(=O)CO2,O=C1COc2ccc(CNC34CCC(CC5Cn6c(=O)ccc7nccc5c76)(CC3)OC4)nc2N1,Acinetobacter baumannii,μg/mL,CHEMBL3425801,1,4.0,4.0,4.0,0.6020599913279624,B,high,1,1.0
Cc1cc2c(s1)B(O)N(S(=O)(=O)CC(C)C)C=C2,B1NC=Cc2ccsc21,Klebsiella pneumoniae,μg/mL,CHEMBL369429,1,0.78,0.78,0.78,-0.10790539730951958,B,high,1,1.0
Cc1cc2c(s1)C=NN(S(=O)(=O)c1ccccc1C)B2O,O=S(=O)(c1ccccc1)N1Bc2ccsc2C=N1,Klebsiella pneumoniae,μg/mL,CHEMBL172847,1,0.78,0.78,0.78,-0.10790539730951958,B,high,1,1.0
Cc1cc2c(s1)C=NN(S(=O)(=O)c1ccccc1Cl)B2O,O=S(=O)(c1ccccc1)N1Bc2ccsc2C=N1,Klebsiella pneumoniae,μg/mL,CHEMBL173781,1,1.56,1.56,1.56,0.1931245983544616,B,high,1,1.0
Cc1cc[n+](C2=C(C(=O)[O-])N3C(=O)[C@@H](NC(=O)/C(=N\OCc4ccccc4)c4csc(N)n4)[C@H]3CC2)cc1C,O=C(N[C@@H]1C(=O)N2C=C([n+]3ccccc3)CC[C@H]12)/C(=N\OCc1ccccc1)c1cscn1,Pseudomonas aeruginosa,μg/mL,CHEMBL310456,1,128.0,128.0,128.0,2.1072099696478683,B,high,1,1.0
Cc1ccc(-c2cc3c(cc2F)c(=O)c(C(=O)O)cn3C2CC2)c(C)n1,O=c1ccn(C2CC2)c2cc(-c3cccnc3)ccc12,Escherichia coli,μg/mL,CHEMBL82238,1,0.5,0.5,0.5,-0.3010299956639812,B,high,1,1.0
Cc1ccc(-c2cc3c(cc2F)c(=O)c(C(=O)O)cn3C2CC2)cn1,O=c1ccn(C2CC2)c2cc(-c3cccnc3)ccc12,Escherichia coli,μg/mL,CHEMBL85376,1,0.03,0.03,0.03,-1.5228787452803376,B,high,1,1.0
Cc1ccc(-c2cc3c(cc2F)c(=O)c(C(=O)O)cn3C2CC2)cn1,O=c1ccn(C2CC2)c2cc(-c3cccnc3)ccc12,Pseudomonas aeruginosa,μg/mL,CHEMBL85376,1,2.0,2.0,2.0,0.3010299956639812,B,high,1,1.0
Cc1ccc(C(=O)c2cc(Cl)cc(NC(=O)c3cc(Br)cc(Br)c3O)c2Cl)cc1,O=C(Nc1cccc(C(=O)c2ccccc2)c1)c1ccccc1,Acinetobacter baumannii,μg/mL,CHEMBL1631673,1,16.0,16.0,16.0,1.2041199826559248,B,high,1,1.0
Cc1ccc(C(=O)c2cc(NC(=O)c3cc(I)cc(I)c3O)ccc2Cl)cc1,O=C(Nc1cccc(C(=O)c2ccccc2)c1)c1ccccc1,Acinetobacter baumannii,μg/mL,CHEMBL1632120,1,16.0,16.0,16.0,1.2041199826559248,B,high,1,1.0
Cc1ccc(C(C)C)c(Oc2cc(Cl)ccc2NC(=O)c2cc(Br)cc(Br)c2O)c1,O=C(Nc1ccccc1Oc1ccccc1)c1ccccc1,Acinetobacter baumannii,μg/mL,CHEMBL1632127,1,16.0,16.0,16.0,1.2041199826559248,B,high,1,1.0
Cc1ccc(C(C)C)c(Oc2ccc(Cl)cc2NC(=O)c2cc(Cl)cc(Cl)c2O)c1,O=C(Nc1ccccc1Oc1ccccc1)c1ccccc1,Acinetobacter baumannii,μg/mL,CHEMBL1632133,1,16.0,16.0,16.0,1.2041199826559248,B,high,1,1.0
Cc1ccc(C(C)C)c(Oc2ccc(Cl)cc2NC(=O)c2cc(I)cc(I)c2O)c1,O=C(Nc1ccccc1Oc1ccccc1)c1ccccc1,Acinetobacter baumannii,μg/mL,CHEMBL1632132,1,16.0,16.0,16.0,1.2041199826559248,B,high,1,1.0
Cc1ccc(C(C)C)c(Oc2ccccc2NC(=O)c2cc(Br)cc(Br)c2O)c1,O=C(Nc1ccccc1Oc1ccccc1)c1ccccc1,Acinetobacter baumannii,μg/mL,CHEMBL1632128,1,16.0,16.0,16.0,1.2041199826559248,B,high,1,1.0
Cc1ccc(C(C)C)c(Oc2ccccc2NC(=O)c2cc(I)cc(I)c2O)c1,O=C(Nc1ccccc1Oc1ccccc1)c1ccccc1,Acinetobacter baumannii,μg/mL,CHEMBL1632126,1,16.0,16.0,16.0,1.2041199826559248,B,high,1,1.0
Cc1ccc(C(C)C)cc1Oc1ccc(Cl)cc1NC(=O)c1cc(Cl)cc(Br)c1O,O=C(Nc1ccccc1Oc1ccccc1)c1ccccc1,Acinetobacter baumannii,μg/mL,CHEMBL1632130,1,16.0,16.0,16.0,1.2041199826559248,B,high,1,1.0
Cc1ccc(C(C)C)cc1Oc1ccc(Cl)cc1NC(=O)c1cc(Cl)ccc1O,O=C(Nc1ccccc1Oc1ccccc1)c1ccccc1,Acinetobacter baumannii,μg/mL,CHEMBL1632129,1,16.0,16.0,16.0,1.2041199826559248,B,high,1,1.0
Cc1ccc(C)c(C(=O)c2cc(NC(=O)c3cc(Br)cc(Br)c3O)ccc2Oc2ccc(Cl)cc2)c1,O=C(Nc1ccc(Oc2ccccc2)c(C(=O)c2ccccc2)c1)c1ccccc1,Acinetobacter baumannii,μg/mL,CHEMBL1632148,1,16.0,16.0,16.0,1.2041199826559248,B,high,1,1.0
Cc1ccc(NCc2cn(-c3cc4c(cc3F)c(=O)c(C(=O)O)cn4C3CC3)nn2)cc1,O=c1ccn(C2CC2)c2cc(-n3cc(CNc4ccccc4)nn3)ccc12,Acinetobacter baumannii,μg/mL,CHEMBL2298756,1,8.0,8.0,8.0,0.9030899869919435,B,high,1,1.0
Cc1ccc(Nc2nn3c(-c4ccc(S(=O)(=O)c5ccc(Br)cc5)cc4)nnc3s2)cc1,O=S(=O)(c1ccccc1)c1ccc(-c2nnc3sc(Nc4ccccc4)nn23)cc1,Acinetobacter baumannii,μg/mL,CHEMBL1631475,1,1024.0,1024.0,1024.0,3.010299956639812,B,high,1,1.0
Cc1ccc(Nc2nn3c(-c4ccc(S(=O)(=O)c5ccccc5)cc4)nnc3s2)cc1,O=S(=O)(c1ccccc1)c1ccc(-c2nnc3sc(Nc4ccccc4)nn23)cc1,Acinetobacter baumannii,μg/mL,CHEMBL1629998,1,128.0,128.0,128.0,2.1072099696478683,B,high,1,1.0
Cc1ccc(S(=O)(=O)N2C=Cc3cc(C)sc3B2O)c(Cl)c1,O=S(=O)(c1ccccc1)N1Bc2sccc2C=C1,Klebsiella pneumoniae,μg/mL,CHEMBL172187,1,3.12,3.12,3.12,0.4941545940184428,B,high,1,1.0
Cc1ccc(S(=O)(=O)N2N=Cc3c(C)cccc3B2O)cc1,O=S(=O)(c1ccccc1)N1Bc2ccccc2C=N1,Klebsiella pneumoniae,μg/mL,CHEMBL367054,1,10.0,10.0,10.0,1.0,B,high,1,1.0
Cc1ccc(S(=O)(=O)N2N=Cc3c(F)cccc3B2O)cc1,O=S(=O)(c1ccccc1)N1Bc2ccccc2C=N1,Klebsiella pneumoniae,μg/mL,CHEMBL367210,1,25.0,25.0,25.0,1.3979400086720377,B,high,1,1.0
Cc1ccc(S(=O)(=O)N2N=Cc3c(ccc4ccccc34)B2O)cc1,O=S(=O)(c1ccccc1)N1Bc2ccc3ccccc3c2C=N1,Klebsiella pneumoniae,μg/mL,CHEMBL172555,1,25.0,25.0,25.0,1.3979400086720377,B,high,1,1.0
Cc1ccc(S(=O)(=O)N2N=Cc3c(ccn3Cc3ccccc3)B2O)cc1,O=S(=O)(c1ccccc1)N1Bc2ccn(Cc3ccccc3)c2C=N1,Klebsiella pneumoniae,μg/mL,CHEMBL366981,1,50.0,50.0,50.0,1.6989700043360187,B,high,1,1.0
Cc1ccc(S(=O)(=O)N2N=Cc3cc(Br)ccc3B2O)cc1,O=S(=O)(c1ccccc1)N1Bc2ccccc2C=N1,Klebsiella pneumoniae,μg/mL,CHEMBL173015,1,6925.0,6925.0,6925.0,3.840419777736486,B,high,1,1.0
Cc1ccc(S(=O)(=O)N2N=Cc3cc(C)ccc3B2O)cc1,O=S(=O)(c1ccccc1)N1Bc2ccccc2C=N1,Klebsiella pneumoniae,μg/mL,CHEMBL173771,1,1.56,1.56,1.56,0.1931245983544616,B,high,1,1.0
Cc1ccc(S(=O)(=O)N2N=Cc3cc(Cl)ccc3B2O)cc1,O=S(=O)(c1ccccc1)N1Bc2ccccc2C=N1,Klebsiella pneumoniae,μg/mL,CHEMBL426765,1,6.25,6.25,6.25,0.7958800173440752,B,high,1,1.0
Cc1ccc(S(=O)(=O)N2N=Cc3cc(F)ccc3B2O)cc1,O=S(=O)(c1ccccc1)N1Bc2ccccc2C=N1,Klebsiella pneumoniae,μg/mL,CHEMBL172962,1,6.25,6.25,6.25,0.7958800173440752,B,high,1,1.0
Cc1ccc(S(=O)(=O)N2N=Cc3cc(N)ccc3B2O)cc1,O=S(=O)(c1ccccc1)N1Bc2ccccc2C=N1,Klebsiella pneumoniae,μg/mL,CHEMBL367761,1,50.0,50.0,50.0,1.6989700043360187,B,high,1,1.0
Cc1ccc(S(=O)(=O)N2N=Cc3ccc(Br)cc3B2O)cc1,O=S(=O)(c1ccccc1)N1Bc2ccccc2C=N1,Klebsiella pneumoniae,μg/mL,CHEMBL172444,1,6.25,6.25,6.25,0.7958800173440752,B,high,1,1.0
Cc1ccc(S(=O)(=O)N2N=Cc3ccc(Cl)cc3B2O)cc1,O=S(=O)(c1ccccc1)N1Bc2ccccc2C=N1,Klebsiella pneumoniae,μg/mL,CHEMBL367477,1,12.5,12.5,12.5,1.0969100130080565,B,high,1,1.0
Cc1ccc(S(=O)(=O)N2N=Cc3ccccc3B2O)cc1,O=S(=O)(c1ccccc1)N1Bc2ccccc2C=N1,Klebsiella pneumoniae,μg/mL,CHEMBL168634,1,3.12,3.12,3.12,0.4941545940184428,B,high,1,1.0
Cc1ccc(S(=O)(=O)N2N=Cc3oc(Br)cc3B2O)cc1,O=S(=O)(c1ccccc1)N1Bc2ccoc2C=N1,Klebsiella pneumoniae,μg/mL,CHEMBL172750,1,3.12,3.12,3.12,0.4941545940184428,B,high,1,1.0
Cc1ccc(S(=O)(=O)N2N=Cc3oc(C)cc3B2O)cc1,O=S(=O)(c1ccccc1)N1Bc2ccoc2C=N1,Klebsiella pneumoniae,μg/mL,CHEMBL172714,1,1.56,1.56,1.56,0.1931245983544616,B,high,1,1.0
Cc1ccc(S(=O)(=O)N2N=Cc3sc(Br)cc3B2O)c(Cl)c1,O=S(=O)(c1ccccc1)N1Bc2ccsc2C=N1,Klebsiella pneumoniae,μg/mL,CHEMBL367950,1,6.25,6.25,6.25,0.7958800173440752,B,high,1,1.0
Cc1ccc(S(=O)(=O)N2N=Cc3sc(Br)cc3B2O)cc1,O=S(=O)(c1ccccc1)N1Bc2ccsc2C=N1,Klebsiella pneumoniae,μg/mL,CHEMBL172083,1,1.56,1.56,1.56,0.1931245983544616,B,high,1,1.0
Cc1ccc(S(=O)(=O)N2N=Cc3sc(C)cc3B2O)c(Cl)c1,O=S(=O)(c1ccccc1)N1Bc2ccsc2C=N1,Klebsiella pneumoniae,μg/mL,CHEMBL367177,1,1.56,1.56,1.56,0.1931245983544616,B,high,1,1.0
Cc1ccc(S(=O)(=O)N2N=Cc3sc(Cl)cc3B2O)cc1,O=S(=O)(c1ccccc1)N1Bc2ccsc2C=N1,Klebsiella pneumoniae,μg/mL,CHEMBL172696,1,2.5,2.5,2.5,0.3979400086720376,B,high,1,1.0
Cc1ccc([S+]([O-])/C=C/C2=C(C(=O)O)N3C(=O)[C@@H](NC(=O)Cc4cccs4)[C@H]3SC2)cc1,O=C(Cc1cccs1)N[C@@H]1C(=O)N2C=C(/C=C/[SH+]c3ccccc3)CS[C@H]12,Klebsiella pneumoniae,μg/mL,CHEMBL43685,1,2.0,2.0,2.0,0.3010299956639812,B,high,1,1.0
Cc1ccc2c(c1)C=NN(S(=O)(=O)N(C)C)B2O,B1NN=Cc2ccccc21,Klebsiella pneumoniae,μg/mL,CHEMBL174266,1,6.25,6.25,6.25,0.7958800173440752,B,high,1,1.0
Cc1ccc2c(c1)C=NN(S(=O)(=O)c1ccc(N)cc1)B2O,O=S(=O)(c1ccccc1)N1Bc2ccccc2C=N1,Klebsiella pneumoniae,μg/mL,CHEMBL368335,1,1.56,1.56,1.56,0.1931245983544616,B,high,1,1.0
Cc1ccc2c(c1)C=NN(S(=O)(=O)c1ccc(N)cc1Cl)B2O,O=S(=O)(c1ccccc1)N1Bc2ccccc2C=N1,Klebsiella pneumoniae,μg/mL,CHEMBL176464,1,0.78,0.78,0.78,-0.10790539730951958,B,high,1,1.0
Cc1ccc2c(c1)C=NN(S(C)(=O)=O)B2O,B1NN=Cc2ccccc21,Klebsiella pneumoniae,μg/mL,CHEMBL172122,1,6.25,6.25,6.25,0.7958800173440752,B,high,1,1.0
Cc1ccc2c(c1)[nH]c1c2sc2c1c(=O)c(C(=O)O)cn2C1CC1,O=c1ccn(C2CC2)c2sc3c4ccccc4[nH]c3c12,Acinetobacter baumannii,μg/mL,CHEMBL1767122,1,0.7,0.7,0.7,-0.1549019599857432,B,high,1,1.0
Cc1ccc2ncc(F)c(CCC34CCC(NCc5ccc6c(n5)NC(=O)CO6)(CC3)CO4)c2n1,O=C1COc2ccc(CNC34CCC(CCc5ccnc6cccnc56)(CC3)OC4)nc2N1,Acinetobacter baumannii,μg/mL,CHEMBL3422767,1,2.0,2.0,2.0,0.3010299956639812,B,high,1,1.0
Cc1ccccc1-n1cc(C(=O)O)c(=O)c2cc(F)c(N3CCN(C)CC3)cc21,O=c1ccn(-c2ccccc2)c2cc(N3CCNCC3)ccc12,Escherichia coli,μg/mL,CHEMBL31969,1,1.56,1.56,1.56,0.1931245983544616,B,high,1,1.0
Cc1ccccc1-n1cc(C(=O)O)c(=O)c2cc(F)c(N3CCN(C)CC3)cc21,O=c1ccn(-c2ccccc2)c2cc(N3CCNCC3)ccc12,Klebsiella pneumoniae,μg/mL,CHEMBL31969,1,1.56,1.56,1.56,0.1931245983544616,B,high,1,1.0
Cc1ccccc1-n1cc(C(=O)O)c(=O)c2cc(F)c(N3CCN(C)CC3)cc21,O=c1ccn(-c2ccccc2)c2cc(N3CCNCC3)ccc12,Pseudomonas aeruginosa,μg/mL,CHEMBL31969,2,18.75,12.5,25.0,1.2730012720637376,B,high,1,1.0
Cc1ccccc1S(=O)(=O)N1N=Cc2sc(Br)cc2B1O,O=S(=O)(c1ccccc1)N1Bc2ccsc2C=N1,Klebsiella pneumoniae,μg/mL,CHEMBL368419,1,3.12,3.12,3.12,0.4941545940184428,B,high,1,1.0
Cc1ccnc2c(N)cc(Cc3cnc(N)nc3N)cc12,c1cnc2ccc(Cc3cncnc3)cc2c1,Klebsiella pneumoniae,μg/mL,CHEMBL58744,1,10.0,10.0,10.0,1.0,B,high,1,1.0
Cc1ccnc2c([N+](=O)[O-])cc(Cc3cnc(N)nc3N)cc12,c1cnc2ccc(Cc3cncnc3)cc2c1,Klebsiella pneumoniae,μg/mL,CHEMBL58455,1,10.0,10.0,10.0,1.0,B,high,1,1.0
Cc1ccnc2ccc(Cc3cnc(N)nc3N)c(N)c12,c1cnc2ccc(Cc3cncnc3)cc2c1,Klebsiella pneumoniae,μg/mL,CHEMBL441616,1,100.0,100.0,100.0,2.0,B,high,1,1.0
Cc1ccnc2ccc(Cc3cnc(N)nc3N)cc12,c1cnc2ccc(Cc3cncnc3)cc2c1,Klebsiella pneumoniae,μg/mL,CHEMBL59283,1,1.0,1.0,1.0,0.0,B,high,1,1.0
Cc1cn(C2C=CC(COC(=O)CN3CCN(c4cc5c(cc4F)c(=O)c(C(=O)O)cn5C4CC4)CC3)O2)c(=O)[nH]c1=O,O=C(CN1CCN(c2ccc3c(=O)ccn(C4CC4)c3c2)CC1)OCC1C=CC(n2ccc(=O)[nH]c2=O)O1,Escherichia coli,μg/mL,CHEMBL175147,1,0.3,0.3,0.3,-0.5228787452803376,B,high,1,1.0
Cc1cn(C2C=CC(COC(=O)CN3CCN(c4cc5c(cc4F)c(=O)c(C(=O)O)cn5C4CC4)CC3)O2)c(=O)[nH]c1=O,O=C(CN1CCN(c2ccc3c(=O)ccn(C4CC4)c3c2)CC1)OCC1C=CC(n2ccc(=O)[nH]c2=O)O1,Klebsiella pneumoniae,μg/mL,CHEMBL175147,2,1.22,1.22,1.22,0.08635983067474821,B,high,1,1.0
Cc1cn(C2C=CC(COC(=O)CN3CCN(c4cc5c(cc4F)c(=O)c(C(=O)O)cn5C4CC4)CC3)O2)c(=O)[nH]c1=O,O=C(CN1CCN(c2ccc3c(=O)ccn(C4CC4)c3c2)CC1)OCC1C=CC(n2ccc(=O)[nH]c2=O)O1,Pseudomonas aeruginosa,μg/mL,CHEMBL175147,1,1.22,1.22,1.22,0.08635983067474821,B,high,1,1.0
Cc1cn(C2C=CC(COC(=O)CNC(=O)c3ccncn3)O2)c(=O)[nH]c1=O,O=C(CNC(=O)c1ccncn1)OCC1C=CC(n2ccc(=O)[nH]c2=O)O1,Escherichia coli,μg/mL,CHEMBL433772,1,1250.0,1250.0,1250.0,3.0969100130080562,B,high,1,1.0
Cc1cn(C2C=CC(COC(=O)CNC(=O)c3ccncn3)O2)c(=O)[nH]c1=O,O=C(CNC(=O)c1ccncn1)OCC1C=CC(n2ccc(=O)[nH]c2=O)O1,Klebsiella pneumoniae,μg/mL,CHEMBL433772,2,1250.0,1250.0,1250.0,3.0969100130080562,B,high,1,1.0
Cc1cn(C2C=CC(COC(=O)CNC(=O)c3ccncn3)O2)c(=O)[nH]c1=O,O=C(CNC(=O)c1ccncn1)OCC1C=CC(n2ccc(=O)[nH]c2=O)O1,Pseudomonas aeruginosa,μg/mL,CHEMBL433772,1,1250.0,1250.0,1250.0,3.0969100130080562,B,high,1,1.0
Cc1cn(C2C=CC(COC(=O)CNNC(=O)c3ccncc3)O2)c(=O)[nH]c1=O,O=C(CNNC(=O)c1ccncc1)OCC1C=CC(n2ccc(=O)[nH]c2=O)O1,Escherichia coli,μg/mL,CHEMBL174915,1,156.25,156.25,156.25,2.193820026016113,B,high,1,1.0
Cc1cn(C2C=CC(COC(=O)CNNC(=O)c3ccncc3)O2)c(=O)[nH]c1=O,O=C(CNNC(=O)c1ccncc1)OCC1C=CC(n2ccc(=O)[nH]c2=O)O1,Klebsiella pneumoniae,μg/mL,CHEMBL174915,2,629.88,9.76,1250.0,2.7992578188157653,B,high,1,1.0
Cc1cn(C2C=CC(COC(=O)CNNC(=O)c3ccncc3)O2)c(=O)[nH]c1=O,O=C(CNNC(=O)c1ccncc1)OCC1C=CC(n2ccc(=O)[nH]c2=O)O1,Pseudomonas aeruginosa,μg/mL,CHEMBL174915,1,1250.0,1250.0,1250.0,3.0969100130080562,B,high,1,1.0
Cc1cncc(-c2cc3c(cc2F)c(=O)c(C(=O)O)cn3C2CC2)c1,O=c1ccn(C2CC2)c2cc(-c3cccnc3)ccc12,Escherichia coli,μg/mL,CHEMBL85686,1,0.06,0.06,0.06,-1.2218487496163564,B,high,1,1.0
Cc1cncc(-c2cc3c(cc2F)c(=O)c(C(=O)O)cn3C2CC2)c1,O=c1ccn(C2CC2)c2cc(-c3cccnc3)ccc12,Pseudomonas aeruginosa,μg/mL,CHEMBL85686,1,2.0,2.0,2.0,0.3010299956639812,B,high,1,1.0
Cc1nc(CC(=O)N[C@@H]2C(=O)N3C(C(=O)O)=C(Cl)CS[C@H]23)cs1,O=C(Cc1cscn1)N[C@@H]1C(=O)N2C=CCS[C@H]12,Klebsiella pneumoniae,μg/mL,CHEMBL60259,1,8.0,8.0,8.0,0.9030899869919435,B,high,1,1.0
Cc1nc2c(CCC34CCC(NCc5ccc6c(n5)NC(=O)CO6)(CC3)CO4)ccnc2cc1C#N,O=C1COc2ccc(CNC34CCC(CCc5ccnc6cccnc56)(CC3)OC4)nc2N1,Acinetobacter baumannii,μg/mL,CHEMBL3422970,1,16.0,16.0,16.0,1.2041199826559248,B,high,1,1.0
Cc1nnc(SCC2=C(C(=O)O)N3C(=O)C(NC(=O)Cn4cnnn4)C3OC2)s1,O=C(Cn1cnnn1)NC1C(=O)N2C=C(CSc3nncs3)COC12,Escherichia coli,μg/mL,CHEMBL173839,2,0.78,0.78,0.78,-0.10790539730951958,B,high,1,1.0
Cc1nnc(SCC2=C(C(=O)O)N3C(=O)C(NC(=O)Cn4cnnn4)C3OC2)s1,O=C(Cn1cnnn1)NC1C(=O)N2C=C(CSc3nncs3)COC12,Klebsiella pneumoniae,μg/mL,CHEMBL173839,1,1.56,1.56,1.56,0.1931245983544616,B,high,1,1.0
Cc1nnc(SCC2=C(C(=O)O)N3C(=O)C(NC(=O)Cn4cnnn4)C3SC2)s1,O=C(Cn1cnnn1)NC1C(=O)N2C=C(CSc3nncs3)CSC12,Escherichia coli,μg/mL,CHEMBL172840,4,2.3449999999999998,1.56,25.0,0.370142847051102,B,high,1,1.0
Cc1nnc(SCC2=C(C(=O)O)N3C(=O)C(NC(=O)[C@H](N)c4ccc5c(c4)CCO5)C3SC2)s1,O=C(Cc1ccc2c(c1)CCO2)NC1C(=O)N2C=C(CSc3nncs3)CSC12,Klebsiella pneumoniae,μg/mL,CHEMBL3085253,1,6.2,6.2,6.2,0.7923916894982539,B,high,1,1.0
Cc1nnc(SCC2=C(C(=O)O)N3C(=O)C(NC(=O)[C@H](N)c4ccc5c(c4)OCO5)C3SC2)s1,O=C(Cc1ccc2c(c1)OCO2)NC1C(=O)N2C=C(CSc3nncs3)CSC12,Klebsiella pneumoniae,μg/mL,CHEMBL2112686,1,6.2,6.2,6.2,0.7923916894982539,B,high,1,1.0
Cc1nnc(SCC2=C(C(=O)O)N3C(=O)[C@@H](NC(=O)Cn4cnnn4)[C@H]3SC2)s1,O=C(Cn1cnnn1)N[C@@H]1C(=O)N2C=C(CSc3nncs3)CS[C@H]12,Acinetobacter baumannii,μg/mL,CHEMBL1435,1,64.0,64.0,64.0,1.806179973983887,B,high,1,1.0
Cl.Cl.Cl.NCC(NO)c1c[nH]c2cc(Cl)ccc12,c1ccc2[nH]ccc2c1,Acinetobacter baumannii,μg/mL,CHEMBL3215874,1,64.0,64.0,64.0,1.806179973983887,B,high,1,1.0
Cl.Cl.Cl.NCC(NO)c1c[nH]c2ccc(Cl)cc12,c1ccc2[nH]ccc2c1,Acinetobacter baumannii,μg/mL,CHEMBL3216987,1,128.0,128.0,128.0,2.1072099696478683,B,high,1,1.0
Cl.Cl.NC1CCN(c2cc3c(cc2F)c(=O)c(C(=O)O)cn3C2CC2)C1,O=c1ccn(C2CC2)c2cc(N3CCCC3)ccc12,Klebsiella pneumoniae,μg/mL,CHEMBL535807,1,0.1,0.1,0.1,-1.0,B,high,1,1.0
Cl.Cl.NC1CCN(c2cc3c(cc2F)c(=O)c(C(=O)O)cn3C2CC2)C1,O=c1ccn(C2CC2)c2cc(N3CCCC3)ccc12,Pseudomonas aeruginosa,μg/mL,CHEMBL535807,1,0.1,0.1,0.1,-1.0,B,high,1,1.0
Cl.Cl.NCC(NO)c1c[nH]c2cc(Br)ccc12,c1ccc2[nH]ccc2c1,Acinetobacter baumannii,μg/mL,CHEMBL3215648,1,64.0,64.0,64.0,1.806179973983887,B,high,1,1.0
Cl.Cl.NCC(NO)c1c[nH]c2cc(F)ccc12,c1ccc2[nH]ccc2c1,Acinetobacter baumannii,μg/mL,CHEMBL3216767,1,64.0,64.0,64.0,1.806179973983887,B,high,1,1.0
Cl.Cl.NCC(NO)c1c[nH]c2ccc(Br)cc12,c1ccc2[nH]ccc2c1,Acinetobacter baumannii,μg/mL,CHEMBL3215651,1,64.0,64.0,64.0,1.806179973983887,B,high,1,1.0
Cl.Cl.NCC(NO)c1c[nH]c2ccc(F)cc12,c1ccc2[nH]ccc2c1,Acinetobacter baumannii,μg/mL,CHEMBL3215650,1,32.0,32.0,32.0,1.505149978319906,B,high,1,1.0
Cl.Cl.NCC(NO)c1c[nH]c2ccc(I)cc12,c1ccc2[nH]ccc2c1,Acinetobacter baumannii,μg/mL,CHEMBL3217194,1,64.0,64.0,64.0,1.806179973983887,B,high,1,1.0
Cl.N=C(N)c1ccc2cc(-c3ccc(-c4cc5ccc(C(=N)N)cc5[nH]4)cc3)[nH]c2c1,c1ccc2[nH]c(-c3ccc(-c4cc5ccccc5[nH]4)cc3)cc2c1,Acinetobacter baumannii,μg/mL,CHEMBL3091494,1,40.0,40.0,40.0,1.6020599913279623,B,high,1,1.0
Cl.NC1CCN(c2c(F)cc3c(=O)c(C(=O)O)cn(C4CC4)c3c2Cl)C1,O=c1ccn(C2CC2)c2cc(N3CCCC3)ccc12,Klebsiella pneumoniae,μg/mL,CHEMBL537626,1,0.025,0.025,0.025,-1.6020599913279623,B,high,1,1.0
Cl.NC1CCN(c2c(F)cc3c(=O)c(C(=O)O)cn(C4CC4)c3c2Cl)C1,O=c1ccn(C2CC2)c2cc(N3CCCC3)ccc12,Pseudomonas aeruginosa,μg/mL,CHEMBL537626,1,0.05,0.05,0.05,-1.3010299956639813,B,high,1,1.0
Cl.NC1CCN(c2c(F)cc3c(=O)c(C(=O)O)cn(C4CC4)c3c2F)C1,O=c1ccn(C2CC2)c2cc(N3CCCC3)ccc12,Klebsiella pneumoniae,μg/mL,CHEMBL540614,1,0.025,0.025,0.025,-1.6020599913279623,B,high,1,1.0
Cl.NC1CCN(c2c(F)cc3c(=O)c(C(=O)O)cn(C4CC4)c3c2F)C1,O=c1ccn(C2CC2)c2cc(N3CCCC3)ccc12,Pseudomonas aeruginosa,μg/mL,CHEMBL540614,1,0.1,0.1,0.1,-1.0,B,high,1,1.0
Cl.NC1CCN(c2c(F)cc3c(=O)c(C(=O)O)cn(C4CC4)c3c2[N+](=O)[O-])C1,O=c1ccn(C2CC2)c2cc(N3CCCC3)ccc12,Klebsiella pneumoniae,μg/mL,CHEMBL559162,1,0.4,0.4,0.4,-0.3979400086720376,B,high,1,1.0
Cl.NC1CCN(c2c(F)cc3c(=O)c(C(=O)O)cn(C4CC4)c3c2[N+](=O)[O-])C1,O=c1ccn(C2CC2)c2cc(N3CCCC3)ccc12,Pseudomonas aeruginosa,μg/mL,CHEMBL559162,1,1.6,1.6,1.6,0.2041199826559248,B,high,1,1.0
Cl.NC1CCN(c2nc3c(cc2F)c(=O)c(C(=O)O)cn3-c2ccc(F)cc2F)C1,O=c1ccn(-c2ccccc2)c2nc(N3CCCC3)ccc12,Klebsiella pneumoniae,μg/mL,CHEMBL542832,1,0.02,0.02,0.02,-1.6989700043360187,B,high,1,1.0
Cl.NC1CCN(c2nc3c(cc2F)c(=O)c(C(=O)O)cn3-c2ccc(F)cc2F)C1,O=c1ccn(-c2ccccc2)c2nc(N3CCCC3)ccc12,Pseudomonas aeruginosa,μg/mL,CHEMBL542832,3,0.1,0.1,0.2,-1.0,B,high,1,1.0
Cl.N[C@@H]1CCN(c2nc3c(cc2F)c(=O)c(C(=O)O)cn3-c2ccc(F)cc2F)C1,O=c1ccn(-c2ccccc2)c2nc(N3CCCC3)ccc12,Klebsiella pneumoniae,μg/mL,CHEMBL544247,1,0.05,0.05,0.05,-1.3010299956639813,B,high,1,1.0
Cl.N[C@@H]1CN(c2cc3c(cc2F)c(=O)c(C(=O)O)cn3-c2ccc(F)cc2)C[C@H]1N,O=c1ccn(-c2ccccc2)c2cc(N3CCCC3)ccc12,Klebsiella pneumoniae,μg/mL,CHEMBL545800,1,1.0,1.0,1.0,0.0,B,high,1,1.0
Cl.N[C@@H]1CN(c2cc3c(cc2F)c(=O)c(C(=O)O)cn3-c2ccc(F)cc2)C[C@H]1N,O=c1ccn(-c2ccccc2)c2cc(N3CCCC3)ccc12,Pseudomonas aeruginosa,μg/mL,CHEMBL545800,3,2.0,1.0,8.0,0.3010299956639812,B,high,1,1.0
Cl.N[C@H]1CCN(c2nc3c(cc2F)c(=O)c(C(=O)O)cn3-c2ccc(F)cc2F)C1,O=c1ccn(-c2ccccc2)c2nc(N3CCCC3)ccc12,Klebsiella pneumoniae,μg/mL,CHEMBL541279,1,0.01,0.01,0.01,-2.0,B,high,1,1.0
Cl.N[C@H]1CCN(c2nc3c(cc2F)c(=O)c(C(=O)O)cn3-c2ccc(F)cc2F)C1,O=c1ccn(-c2ccccc2)c2nc(N3CCCC3)ccc12,Pseudomonas aeruginosa,μg/mL,CHEMBL541279,3,0.1,0.05,0.1,-1.0,B,high,1,1.0
Cl.Nc1c(N2CCC(N)C2)c(F)cc2c(=O)c(C(=O)O)cn(C3CC3)c12,O=c1ccn(C2CC2)c2cc(N3CCCC3)ccc12,Klebsiella pneumoniae,μg/mL,CHEMBL535592,1,0.4,0.4,0.4,-0.3979400086720376,B,high,1,1.0
Cl.Nc1c(N2CCC(N)C2)c(F)cc2c(=O)c(C(=O)O)cn(C3CC3)c12,O=c1ccn(C2CC2)c2cc(N3CCCC3)ccc12,Pseudomonas aeruginosa,μg/mL,CHEMBL535592,1,1.6,1.6,1.6,0.2041199826559248,B,high,1,1.0
Cl.Nc1nc(-c2ccc(NC(=O)c3cc(Cl)cc(Cl)c3)cc2)c[nH]1,O=C(Nc1ccc(-c2c[nH]cn2)cc1)c1ccccc1,Acinetobacter baumannii,μg/mL,CHEMBL3326192,4,12.0,0.5,32.0,1.0791812460476249,B,high,1,1.0
Cl.Nc1ncc(-c2ccccc2)n1CCCc1ccccc1,c1ccc(CCCn2cncc2-c2ccccc2)cc1,Acinetobacter baumannii,μg/mL,CHEMBL1807732,2,32.0,32.0,32.0,1.505149978319906,B,high,1,1.0
Cl.Nc1ncc(-c2ccccc2)n1Cc1ccccc1,c1ccc(Cn2cncc2-c2ccccc2)cc1,Acinetobacter baumannii,μg/mL,CHEMBL1807731,2,72.0,16.0,128.0,1.8573324964312685,B,high,1,1.0
Cl.Nc1ncc(CCCCNC(=O)OCc2ccccc2)n1CCCc1ccccc1,O=C(NCCCCc1cncn1CCCc1ccccc1)OCc1ccccc1,Acinetobacter baumannii,μg/mL,CHEMBL1807744,2,32.0,32.0,32.0,1.505149978319906,B,high,1,1.0
Cl.Nc1ncc(CCCCNC(=O)OCc2ccccc2)n1Cc1ccccc1,O=C(NCCCCc1cncn1Cc1ccccc1)OCc1ccccc1,Acinetobacter baumannii,μg/mL,CHEMBL1807743,2,64.0,64.0,64.0,1.806179973983887,B,high,1,1.0
Cl.Nc1ncc(Cc2ccccc2)n1CCCc1ccccc1,c1ccc(CCCn2cncc2Cc2ccccc2)cc1,Acinetobacter baumannii,μg/mL,CHEMBL1807728,2,32.0,32.0,32.0,1.505149978319906,B,high,1,1.0
Cl.O.O=C(O)c1c2n(c3cc(N4CCNCC4)c(F)cc3c1=O)CS2,O=c1cc2n(c3cc(N4CCNCC4)ccc13)CS2,Escherichia coli,μg/mL,CHEMBL1203367,1,0.1,0.1,0.1,-1.0,B,high,1,1.0
Cl.O.O=C(O)c1c2n(c3cc(N4CCNCC4)c(F)cc3c1=O)CS2,O=c1cc2n(c3cc(N4CCNCC4)ccc13)CS2,Klebsiella pneumoniae,μg/mL,CHEMBL1203367,1,0.05,0.05,0.05,-1.3010299956639813,B,high,1,1.0
Cl.O.O=C(O)c1c2n(c3cc(N4CCNCC4)c(F)cc3c1=O)CS2,O=c1cc2n(c3cc(N4CCNCC4)ccc13)CS2,Pseudomonas aeruginosa,μg/mL,CHEMBL1203367,1,0.78,0.78,0.78,-0.10790539730951958,B,high,1,1.0
Cl.O=C(O)c1cn(-c2ccc(F)cc2)c2cc(N3CCNCC3)c(F)cc2c1=O,O=c1ccn(-c2ccccc2)c2cc(N3CCNCC3)ccc12,Klebsiella pneumoniae,μg/mL,CHEMBL542157,1,0.02,0.02,0.02,-1.6989700043360187,B,high,1,1.0
Cl.O=C(O)c1cn(-c2ccc(F)cc2)c2cc(N3CCNCC3)c(F)cc2c1=O,O=c1ccn(-c2ccccc2)c2cc(N3CCNCC3)ccc12,Pseudomonas aeruginosa,μg/mL,CHEMBL542157,4,0.39,0.05,0.39,-0.4089353929735008,B,high,1,1.0
Cl.O=C(O)c1cn(C2CC2)c2c([N+](=O)[O-])c(N3CCNCC3)c(F)cc2c1=O,O=c1ccn(C2CC2)c2cc(N3CCNCC3)ccc12,Klebsiella pneumoniae,μg/mL,CHEMBL535364,1,0.8,0.8,0.8,-0.09691001300805639,B,high,1,1.0
Cl.O=C(O)c1cn(C2CC2)c2c([N+](=O)[O-])c(N3CCNCC3)c(F)cc2c1=O,O=c1ccn(C2CC2)c2cc(N3CCNCC3)ccc12,Pseudomonas aeruginosa,μg/mL,CHEMBL535364,1,1.6,1.6,1.6,0.2041199826559248,B,high,1,1.0
Cl.O=C(O)c1cn(C2CC2)c2cc(N3CCNCC3)c(F)cc2c1=O,O=c1ccn(C2CC2)c2cc(N3CCNCC3)ccc12,Klebsiella pneumoniae,μg/mL,CHEMBL1202,3,2.0,0.05,2.0,0.3010299956639812,B,high,2,1.0
Cl.O=C(O)c1cn(C2CC2)c2cc(N3CCNCC3)c(F)cc2c1=O,O=c1ccn(C2CC2)c2cc(N3CCNCC3)ccc12,Pseudomonas aeruginosa,μg/mL,CHEMBL1202,4,0.75,0.25,2.0,-0.12493873660829995,B,high,1,1.0
Clc1c(-c2ccc(-c3[nH]c4cc(C5=NCCN5)ccc4c3Cl)cc2)[nH]c2cc(C3=NCCN3)ccc12.O=C(O)C(F)(F)F,c1cc2cc(-c3ccc(-c4cc5ccc(C6=NCCN6)cc5[nH]4)cc3)[nH]c2cc1C1=NCCN1,Acinetobacter baumannii,μg/mL,CHEMBL3094497,1,1.25,1.25,1.25,0.09691001300805642,B,high,1,1.0
Cn1c(-c2cc(=O)c(O)c[nH]2)nn(S(=O)(=O)[N-]C(=O)N2C[C@H](NC(=O)/C(=N\OC(C)(C)C(=O)[O-])c3csc(N)n3)C2=O)c1=O.[Na+].[Na+],N=C(C(=O)N[C@H]1CN(C(=O)[N-]S(=O)(=O)n2nc(-c3cc(=O)cc[nH]3)[nH]c2=O)C1=O)c1cscn1,Acinetobacter baumannii,μg/mL,CHEMBL2016839,1,1.0,1.0,1.0,0.0,B,high,1,1.0
Cn1cc(-n2cc(C(=O)O)c(=O)c3cc(F)c(Cl)cc32)c([N+](=O)[O-])c1,O=c1ccn(-c2cc[nH]c2)c2ccccc12,Escherichia coli,μg/mL,CHEMBL325631,1,100.0,100.0,100.0,2.0,B,high,1,1.0
Cn1cc(-n2cc(C(=O)O)c(=O)c3cc(F)c(N4CCCCC4)cc32)c([N+](=O)[O-])c1,O=c1ccn(-c2cc[nH]c2)c2cc(N3CCCCC3)ccc12,Escherichia coli,μg/mL,CHEMBL117727,1,100.0,100.0,100.0,2.0,B,high,1,1.0
Cn1cc(-n2cc(C(=O)O)c(=O)c3cc(F)c(N4CCCNCC4)cc32)c([N+](=O)[O-])c1,O=c1ccn(-c2cc[nH]c2)c2cc(N3CCCNCC3)ccc12,Escherichia coli,μg/mL,CHEMBL116255,1,100.0,100.0,100.0,2.0,B,high,1,1.0
Cn1cc(-n2cc(C(=O)O)c(=O)c3cc(F)c(N4CCNCC4)cc32)c([N+](=O)[O-])c1,O=c1ccn(-c2cc[nH]c2)c2cc(N3CCNCC3)ccc12,Escherichia coli,μg/mL,CHEMBL326551,1,100.0,100.0,100.0,2.0,B,high,1,1.0
Cn1cc(C(=O)NC(=S)Nc2ccccc2C(C)(C)C)cn1,O=C(NC(=S)Nc1ccccc1)c1cn[nH]c1,Acinetobacter baumannii,μg/mL,CHEMBL2236511,1,1000.0,1000.0,1000.0,3.0,B,high,1,1.0
Cn1cc(N)c(-n2cc(C(=O)O)c(=O)c3cc(F)c(N4CCNCC4)cc32)c1,O=c1ccn(-c2cc[nH]c2)c2cc(N3CCNCC3)ccc12,Escherichia coli,μg/mL,CHEMBL115569,1,50.0,50.0,50.0,1.6989700043360187,B,high,1,1.0
Cn1cc(O)c(=O)cc1C(=O)NC[C@@H]1[C@H](NC(=O)/C(=N\OC(C)(C)C(=O)O)c2csc(N)n2)C(=O)N1S(=O)(=O)O,N=C(C(=O)N[C@@H]1C(=O)N[C@@H]1CNC(=O)c1cc(=O)cc[nH]1)c1cscn1,Acinetobacter baumannii,μg/mL,CHEMBL2409655,1,4.0,4.0,4.0,0.6020599913279624,B,high,1,1.0
Cn1cc([N+](=O)[O-])cc1-n1cc(C(=O)O)c(=O)c2cc(F)c(Cl)cc21,O=c1ccn(-c2ccc[nH]2)c2ccccc12,Escherichia coli,μg/mL,CHEMBL117451,1,100.0,100.0,100.0,2.0,B,high,1,1.0
Cn1cc([N+](=O)[O-])cc1-n1cc(C(=O)O)c(=O)c2cc(F)c(N3CCCC3)cc21,O=c1ccn(-c2ccc[nH]2)c2cc(N3CCCC3)ccc12,Escherichia coli,μg/mL,CHEMBL115962,1,12.5,12.5,12.5,1.0969100130080565,B,high,1,1.0
Cn1cc[n+](CC2=C(C(=O)[O-])N3C(=O)[C@@H](NC(=O)/C(=N\O)c4csc(N)n4)[C@H]3CC2)c1,N=C(C(=O)N[C@@H]1C(=O)N2C=C(C[n+]3cc[nH]c3)CC[C@H]12)c1cscn1,Pseudomonas aeruginosa,μg/mL,CHEMBL79734,1,128.0,128.0,128.0,2.1072099696478683,B,high,1,1.0
Cn1nnnc1SCC1=C(C(=O)O)N2C(=O)C(NC(=O)/C(=N\O)c3ccc(NS(C)(=O)=O)cc3)C2OC1,N=C(C(=O)NC1C(=O)N2C=C(CSc3nnn[nH]3)COC12)c1ccccc1,Escherichia coli,μg/mL,CHEMBL172667,2,0.78,0.78,0.78,-0.10790539730951958,B,high,1,1.0
Cn1nnnc1SCC1=C(C(=O)O)N2C(=O)C(NC(=O)/C(=N\O)c3ccc(NS(C)(=O)=O)cc3)C2OC1,N=C(C(=O)NC1C(=O)N2C=C(CSc3nnn[nH]3)COC12)c1ccccc1,Klebsiella pneumoniae,μg/mL,CHEMBL172667,1,0.78,0.78,0.78,-0.10790539730951958,B,high,1,1.0
Cn1nnnc1SCC1=C(C(=O)O)N2C(=O)C(NC(=O)/C(=N\O)c3ccc(NS(C)(=O)=O)cc3)C2SC1,N=C(C(=O)NC1C(=O)N2C=C(CSc3nnn[nH]3)CSC12)c1ccccc1,Escherichia coli,μg/mL,CHEMBL368005,3,0.78,0.78,50.0,-0.10790539730951958,B,high,1,1.0
Cn1nnnc1SCC1=C(C(=O)O)N2C(=O)C(NC(=O)/C(=N\O)c3ccc(NS(C)(=O)=O)cc3)C2SC1,N=C(C(=O)NC1C(=O)N2C=C(CSc3nnn[nH]3)CSC12)c1ccccc1,Klebsiella pneumoniae,μg/mL,CHEMBL368005,1,1.56,1.56,1.56,0.1931245983544616,B,high,1,1.0
Cn1nnnc1SCC1=C(C(=O)O)N2C(=O)C(NC(=O)C(C(=O)O)c3ccc(O)cc3)C2OC1,O=C(Cc1ccccc1)NC1C(=O)N2C=C(CSc3nnn[nH]3)COC12,Escherichia coli,μg/mL,CHEMBL86191,3,0.2,0.2,50.0,-0.6989700043360187,B,high,1,1.0
Cn1nnnc1SCC1=C(C(=O)O)N2C(=O)C(NC(=O)C(C(=O)O)c3ccc(O)cc3)C2OC1,O=C(Cc1ccccc1)NC1C(=O)N2C=C(CSc3nnn[nH]3)COC12,Klebsiella pneumoniae,μg/mL,CHEMBL86191,2,50.1,0.2,100.0,1.6998377258672457,B,high,1,1.0
Cn1nnnc1SCC1=C(C(=O)O)N2C(=O)C(NC(=O)C(C(=O)O)c3ccc(O)cc3)C2SC1,O=C(Cc1ccccc1)NC1C(=O)N2C=C(CSc3nnn[nH]3)CSC12,Escherichia coli,μg/mL,CHEMBL312728,3,3.13,3.13,50.0,0.49554433754644844,B,high,1,1.0
Cn1nnnc1SCC1=C(C(=O)O)N2C(=O)C(NC(=O)C(C(=O)O)c3ccc(O)cc3)C2SC1,O=C(Cc1ccccc1)NC1C(=O)N2C=C(CSc3nnn[nH]3)CSC12,Klebsiella pneumoniae,μg/mL,CHEMBL312728,2,26.565,3.13,50.0,1.424309820245756,B,high,1,1.0
Cn1nnnc1SCC1=C(C(=O)O)N2C(=O)C(NC(=O)C(O)c3ccccc3)C2OC1,O=C(Cc1ccccc1)NC1C(=O)N2C=C(CSc3nnn[nH]3)COC12,Escherichia coli,μg/mL,CHEMBL368062,2,0.05,0.05,0.05,-1.3010299956639813,B,high,1,1.0
Cn1nnnc1SCC1=C(C(=O)O)N2C(=O)C(NC(=O)C(O)c3ccccc3)C2OC1,O=C(Cc1ccccc1)NC1C(=O)N2C=C(CSc3nnn[nH]3)COC12,Klebsiella pneumoniae,μg/mL,CHEMBL368062,2,50.025,0.05,100.0,1.699187097308249,B,high,1,1.0
Cn1nnnc1SCC1=C(C(=O)O)N2C(=O)C(NC(=O)C(O)c3ccccc3)C2SC1,O=C(Cc1ccccc1)NC1C(=O)N2C=C(CSc3nnn[nH]3)CSC12,Escherichia coli,μg/mL,CHEMBL173793,3,0.39,0.2,25.0,-0.4089353929735008,B,high,1,1.0
Cn1nnnc1SCC1=C(C(=O)O)N2C(=O)C(NC(=O)C(O)c3ccccc3)C2SC1,O=C(Cc1ccccc1)NC1C(=O)N2C=C(CSc3nnn[nH]3)CSC12,Klebsiella pneumoniae,μg/mL,CHEMBL173793,1,0.39,0.39,0.39,-0.4089353929735008,B,high,1,1.0
Cn1nnnc1SCC1=C(C(=O)O)N2C(=O)C(NC(=O)Cc3ccc(O)cc3)C2OC1,O=C(Cc1ccccc1)NC1C(=O)N2C=C(CSc3nnn[nH]3)COC12,Escherichia coli,μg/mL,CHEMBL368400,2,0.585,0.39,0.78,-0.23284413391781958,B,high,1,1.0
Cn1nnnc1SCC1=C(C(=O)O)N2C(=O)C(NC(=O)Cc3ccc(O)cc3)C2OC1,O=C(Cc1ccccc1)NC1C(=O)N2C=C(CSc3nnn[nH]3)COC12,Klebsiella pneumoniae,μg/mL,CHEMBL368400,1,0.78,0.78,0.78,-0.10790539730951958,B,high,1,1.0
Cn1nnnc1SCC1=C(C(=O)O)N2C(=O)C(NC(=O)Cc3ccc(O)cc3)C2SC1,O=C(Cc1ccccc1)NC1C(=O)N2C=C(CSc3nnn[nH]3)CSC12,Escherichia coli,μg/mL,CHEMBL176460,3,3.13,0.78,25.0,0.49554433754644844,B,high,1,1.0
Cn1nnnc1SCC1=C(C(=O)O)N2C(=O)C(NC(=O)Cc3ccc(O)cc3)C2SC1,O=C(Cc1ccccc1)NC1C(=O)N2C=C(CSc3nnn[nH]3)CSC12,Klebsiella pneumoniae,μg/mL,CHEMBL176460,2,50.78,1.56,100.0,1.7056926965377035,B,high,1,1.0
Cn1nnnc1SCC1=C(C(=O)O)N2C(=O)C(NC(=O)Cc3csc(N)n3)C2OC1,O=C(Cc1cscn1)NC1C(=O)N2C=C(CSc3nnn[nH]3)COC12,Escherichia coli,μg/mL,CHEMBL175044,2,0.15000000000000002,0.1,0.2,-0.8239087409443187,B,high,1,1.0
Cn1nnnc1SCC1=C(C(=O)O)N2C(=O)C(NC(=O)Cc3csc(N)n3)C2OC1,O=C(Cc1cscn1)NC1C(=O)N2C=C(CSc3nnn[nH]3)COC12,Klebsiella pneumoniae,μg/mL,CHEMBL175044,2,50.1,0.2,100.0,1.6998377258672457,B,high,1,1.0
Cn1nnnc1SCC1=C(C(=O)O)N2C(=O)C(NC(=O)Cc3csc(N)n3)C2SC1,O=C(Cc1cscn1)NC1C(=O)N2C=C(CSc3nnn[nH]3)CSC12,Escherichia coli,μg/mL,CHEMBL353657,3,0.1,0.05,1.56,-1.0,B,high,1,1.0
Cn1nnnc1SCC1=C(C(=O)O)N2C(=O)C(NC(=O)Cc3csc(N)n3)C2SC1,O=C(Cc1cscn1)NC1C(=O)N2C=C(CSc3nnn[nH]3)CSC12,Klebsiella pneumoniae,μg/mL,CHEMBL353657,2,3.175,0.1,6.25,0.5017437296279944,B,high,1,1.0
Cn1nnnc1SCC1=C(C(=O)O)N2C(=O)C(NC(=O)[C@H](N)c3ccc4c(c3)OCO4)C2SC1,O=C(Cc1ccc2c(c1)OCO2)NC1C(=O)N2C=C(CSc3nnn[nH]3)CSC12,Klebsiella pneumoniae,μg/mL,CHEMBL3085247,1,3.1,3.1,3.1,0.4913616938342727,B,high,1,1.0
Cn1nnnc1SCC1=C(C(=O)[O-])N2C(=O)[C@@H](NC(=O)C(C(=O)[O-])c3ccc(O)cc3)C2OC1.[Na+].[Na+],O=C(Cc1ccccc1)N[C@@H]1C(=O)N2C=C(CSc3nnn[nH]3)COC12,Klebsiella pneumoniae,μg/mL,CHEMBL290913,1,0.3,0.3,0.3,-0.5228787452803376,B,high,1,1.0
Cn1nnnc1SCC1=C(C(=O)[O-])N2C(=O)[C@@H](NC(=O)C(C(=O)[O-])c3ccc(O)cc3)C2SC1.[Na+].[Na+],O=C(Cc1ccccc1)N[C@@H]1C(=O)N2C=C(CSc3nnn[nH]3)CSC12,Klebsiella pneumoniae,μg/mL,CHEMBL39695,1,2.3,2.3,2.3,0.36172783601759284,B,high,1,1.0
Cn1nnnc1SCC1=C(C(=O)[O-])N2C(=O)[C@@H](NC(=O)Cc3ccc(O)cc3)C2OC1.[Na+],O=C(Cc1ccccc1)N[C@@H]1C(=O)N2C=C(CSc3nnn[nH]3)COC12,Klebsiella pneumoniae,μg/mL,CHEMBL41026,1,0.31,0.31,0.31,-0.5086383061657274,B,high,1,1.0
Cn1nnnc1SCC1=C(C(=O)[O-])N2C(=O)[C@@H](NC(=O)Cc3ccc(O)cc3)C2SC1.[Na+],O=C(Cc1ccccc1)N[C@@H]1C(=O)N2C=C(CSc3nnn[nH]3)CSC12,Klebsiella pneumoniae,μg/mL,CHEMBL288616,1,1.4,1.4,1.4,0.146128035678238,B,high,1,1.0
Cn1nnnc1SCC1=C(C(=O)[O-])N2C(=O)[C@@](C)(NC(=O)C(C(=O)[O-])c3ccc(O)cc3)C2OC1.[Na+].[Na+],O=C(Cc1ccccc1)NC1C(=O)N2C=C(CSc3nnn[nH]3)COC12,Klebsiella pneumoniae,μg/mL,CHEMBL38710,1,12.5,12.5,12.5,1.0969100130080565,B,high,1,1.0
FC1=C(F)C=C2C=C2C2=C(SCc3ccccc3)N=CC=CC(CN3CCCC3)=CC=C(C=C1)CNC2,C1=CC=C2C=C2C2=C(SCc3ccccc3)N=CC=CC(CN3CCCC3)=CC=C(C=C1)CNC2,Acinetobacter baumannii,μg/mL,WSA299,2,80.0,32.0,128.0,1.9030899869919435,A,high,1,1.0
FC1=C(F)C=C2C=C2C2=C(SCc3ccccc3)N=CCCN(C3CCCC3)CCC(C=C1)CCNC2,C1=CC=C2C=C2C2=C(SCc3ccccc3)N=CCCN(C3CCCC3)CCC(C=C1)CCNC2,Acinetobacter baumannii,μg/mL,WSA292,2,24.0,16.0,32.0,1.380211241711606,A,high,1,1.0
FC1=CC=C2C=C2C2=C(SCc3ccccc3)N=CC=CC(CN3CCCC3)=CC=C(C=C1)CNC2,C1=CC=C2C=C2C2=C(SCc3ccccc3)N=CC=CC(CN3CCCC3)=CC=C(C=C1)CNC2,Acinetobacter baumannii,μg/mL,WSA298,2,24.0,16.0,32.0,1.380211241711606,A,high,1,1.0
FC1=CC=C2C=C2C2=C(SCc3ccccc3)N=CCCN(C3CCCC3)CCC(C=C1)CCNC2,C1=CC=C2C=C2C2=C(SCc3ccccc3)N=CCCN(C3CCCC3)CCC(C=C1)CCNC2,Acinetobacter baumannii,μg/mL,WSA291,2,32.0,32.0,32.0,1.505149978319906,A,high,1,1.0
FC1CN=C(c2ccc3cc(-c4ccc(-c5cc6ccc(C7=NCC(F)CN7)cc6[nH]5)cc4)[nH]c3c2)NC1.O=C(O)C(F)(F)F,c1cc2cc(-c3ccc(-c4cc5ccc(C6=NCCCN6)cc5[nH]4)cc3)[nH]c2cc1C1=NCCCN1,Acinetobacter baumannii,μg/mL,CHEMBL3094505,1,40.0,40.0,40.0,1.6020599913279623,B,high,1,1.0
Fc1c(-c2ccc(-c3[nH]c4cc(C5=NCCN5)ccc4c3F)cc2)[nH]c2cc(C3=NCCN3)ccc12.O=C(O)C(F)(F)F,c1cc2cc(-c3ccc(-c4cc5ccc(C6=NCCN6)cc5[nH]4)cc3)[nH]c2cc1C1=NCCN1,Acinetobacter baumannii,μg/mL,CHEMBL3094496,1,2.5,2.5,2.5,0.3979400086720376,B,high,1,1.0
N#CC1=C(C(=O)O)N2C(=O)[C@@H](NC(=O)/C(=N/OCCBr)c3csc(N)n3)CN2C1,N=C(C(=O)N[C@H]1CN2CC=CN2C1=O)c1cscn1,Escherichia coli,μg/mL,CHEMBL324899,1,0.125,0.125,0.125,-0.9030899869919435,B,high,1,1.0
N#CC1=C(C(=O)O)N2C(=O)[C@@H](NC(=O)/C(=N/OCCBr)c3csc(N)n3)CN2C1,N=C(C(=O)N[C@H]1CN2CC=CN2C1=O)c1cscn1,Klebsiella pneumoniae,μg/mL,CHEMBL324899,1,0.06,0.06,0.06,-1.2218487496163564,B,high,1,1.0
N#CC1=C(C(=O)O)N2C(=O)[C@@H](NC(=O)/C(=N/OCCCl)c3csc(N)n3)CN2C1,N=C(C(=O)N[C@H]1CN2CC=CN2C1=O)c1cscn1,Escherichia coli,μg/mL,CHEMBL320997,1,0.25,0.25,0.25,-0.6020599913279624,B,high,1,1.0
N#CC1=C(C(=O)O)N2C(=O)[C@@H](NC(=O)/C(=N/OCCCl)c3csc(N)n3)CN2C1,N=C(C(=O)N[C@H]1CN2CC=CN2C1=O)c1cscn1,Klebsiella pneumoniae,μg/mL,CHEMBL320997,1,0.125,0.125,0.125,-0.9030899869919435,B,high,1,1.0
N#CC1=C(C(=O)O)N2C(=O)[C@@H](NC(=O)/C(=N/OCCF)c3csc(N)n3)CN2C1,N=C(C(=O)N[C@H]1CN2CC=CN2C1=O)c1cscn1,Escherichia coli,μg/mL,CHEMBL107929,1,0.03,0.03,0.03,-1.5228787452803376,B,high,1,1.0
N#CC1=C(C(=O)O)N2C(=O)[C@@H](NC(=O)/C(=N/OCCF)c3csc(N)n3)CN2C1,N=C(C(=O)N[C@H]1CN2CC=CN2C1=O)c1cscn1,Klebsiella pneumoniae,μg/mL,CHEMBL107929,1,0.03,0.03,0.03,-1.5228787452803376,B,high,1,1.0
N#CC1=C(C(=O)O)N2C(=O)[C@@H](NC(=O)/C(=N/OCCF)c3csc(N)n3)CN2C1,N=C(C(=O)N[C@H]1CN2CC=CN2C1=O)c1cscn1,Pseudomonas aeruginosa,μg/mL,CHEMBL107929,1,128.0,128.0,128.0,2.1072099696478683,B,high,1,1.0
N#CC1=C(C(=O)O)N2C(=O)[C@@H](NC(=O)/C(=N/OCc3ccccc3)c3csc(N)n3)CN2C1,O=C(N[C@H]1CN2CC=CN2C1=O)/C(=N/OCc1ccccc1)c1cscn1,Escherichia coli,μg/mL,CHEMBL327123,1,8.0,8.0,8.0,0.9030899869919435,B,high,1,1.0
N#CC1=C(C(=O)O)N2C(=O)[C@@H](NC(=O)/C(=N/OCc3ccccc3)c3csc(N)n3)CN2C1,O=C(N[C@H]1CN2CC=CN2C1=O)/C(=N/OCc1ccccc1)c1cscn1,Klebsiella pneumoniae,μg/mL,CHEMBL327123,1,0.125,0.125,0.125,-0.9030899869919435,B,high,1,1.0
N#CC1=C(C(=O)O)N2C(=O)[C@@H](NC(=O)CSc3cc(Cl)ccc3Cl)CN2C1,O=C(CSc1ccccc1)N[C@H]1CN2CC=CN2C1=O,Klebsiella pneumoniae,μg/mL,CHEMBL109416,1,8.0,8.0,8.0,0.9030899869919435,B,high,1,1.0
N#CC1=C(C(=O)O)N2C(=O)[C@@H](NC(=O)CSc3ccccc3)CN2C1,O=C(CSc1ccccc1)N[C@H]1CN2CC=CN2C1=O,Escherichia coli,μg/mL,CHEMBL111236,1,32.0,32.0,32.0,1.505149978319906,B,high,1,1.0
N#CC1=C(C(=O)O)N2C(=O)[C@@H](NC(=O)CSc3ccccc3)CN2C1,O=C(CSc1ccccc1)N[C@H]1CN2CC=CN2C1=O,Klebsiella pneumoniae,μg/mL,CHEMBL111236,1,16.0,16.0,16.0,1.2041199826559248,B,high,1,1.0
N#CC1=C(C(=O)O)N2C(=O)[C@@H](NC(=O)Cc3ccccc3)CN2C1,O=C(Cc1ccccc1)N[C@H]1CN2CC=CN2C1=O,Escherichia coli,μg/mL,CHEMBL111569,1,32.0,32.0,32.0,1.505149978319906,B,high,1,1.0
N#CC1=C(C(=O)O)N2C(=O)[C@@H](NC(=O)Cc3ccccc3)CN2C1,O=C(Cc1ccccc1)N[C@H]1CN2CC=CN2C1=O,Klebsiella pneumoniae,μg/mL,CHEMBL111569,1,32.0,32.0,32.0,1.505149978319906,B,high,1,1.0
N#CC1=C(C(=O)O)N2C(=O)[C@@H](NC(=O)Cc3cccs3)CN2C1,O=C(Cc1cccs1)N[C@H]1CN2CC=CN2C1=O,Escherichia coli,μg/mL,CHEMBL430705,1,16.0,16.0,16.0,1.2041199826559248,B,high,1,1.0
N#CC1=C(C(=O)O)N2C(=O)[C@@H](NC(=O)Cc3cccs3)CN2C1,O=C(Cc1cccs1)N[C@H]1CN2CC=CN2C1=O,Klebsiella pneumoniae,μg/mL,CHEMBL430705,1,32.0,32.0,32.0,1.505149978319906,B,high,1,1.0
N#CC1=C(C(=O)O)N2C(=O)[C@@H](NC(=O)Cc3csc(N)n3)CN2C1,O=C(Cc1cscn1)N[C@H]1CN2CC=CN2C1=O,Escherichia coli,μg/mL,CHEMBL109959,1,16.0,16.0,16.0,1.2041199826559248,B,high,1,1.0
N#CC1=C(C(=O)O)N2C(=O)[C@@H](NC(=O)Cc3csc(N)n3)CN2C1,O=C(Cc1cscn1)N[C@H]1CN2CC=CN2C1=O,Klebsiella pneumoniae,μg/mL,CHEMBL109959,1,16.0,16.0,16.0,1.2041199826559248,B,high,1,1.0
N#CCC(=O)N[C@@H]1C(=O)N2C(C(=O)O)=C(COC(=O)N3CCN(c4cc5c(cc4F)c(=O)c(C(=O)O)cn5C4CC4)CC3)CS[C@H]12,O=C(OCC1=CN2C(=O)C[C@H]2SC1)N1CCN(c2ccc3c(=O)ccn(C4CC4)c3c2)CC1,Klebsiella pneumoniae,μg/mL,CHEMBL328489,1,0.125,0.125,0.125,-0.9030899869919435,B,high,1,1.0
N#CCC(=O)N[C@@H]1C(=O)N2C(C(=O)O)=C(COC(=O)N3CCN(c4cc5c(cc4F)c(=O)c(C(=O)O)cn5C4CC4)CC3)CS[C@H]12,O=C(OCC1=CN2C(=O)C[C@H]2SC1)N1CCN(c2ccc3c(=O)ccn(C4CC4)c3c2)CC1,Pseudomonas aeruginosa,μg/mL,CHEMBL328489,2,0.75,0.5,1.0,-0.12493873660829995,B,high,1,1.0
N#CCN1CCN(c2cc3c(cc2N)c(=O)c(C(=O)O)cn3C2CC2)CC1,O=c1ccn(C2CC2)c2cc(N3CCNCC3)ccc12,Escherichia coli,μg/mL,CHEMBL47435,2,3.0,2.0,4.0,0.47712125471966244,B,high,1,1.0
N#CCN1CCN(c2cc3c(cc2N)c(=O)c(C(=O)O)cn3C2CC2)CC1,O=c1ccn(C2CC2)c2cc(N3CCNCC3)ccc12,Klebsiella pneumoniae,μg/mL,CHEMBL47435,1,2.0,2.0,2.0,0.3010299956639812,B,high,1,1.0
N#CCN1CCN(c2cc3c(cc2N)c(=O)c(C(=O)O)cn3C2CC2)CC1,O=c1ccn(C2CC2)c2cc(N3CCNCC3)ccc12,Pseudomonas aeruginosa,μg/mL,CHEMBL47435,1,64.0,64.0,64.0,1.806179973983887,B,high,1,1.0
N#Cc1c(CNC23CCC(C[C@]4(O)Cn5c(=O)ccc6ncc(F)c4c65)(CC2)OC3)ncc2c1OCCO2,O=c1ccc2nccc3c2n1CC3CC12CCC(NCc3cc4c(cn3)OCCO4)(CC1)CO2,Acinetobacter baumannii,μg/mL,CHEMBL3425813,1,32.0,32.0,32.0,1.505149978319906,B,high,1,1.0
N#Cc1c(N2C[C@@H]3NCCO[C@H]3C2)c(F)cc2c(=O)c(C(=O)O)cn(C3CC3)c12,O=c1ccn(C2CC2)c2cc(N3C[C@@H]4NCCO[C@H]4C3)ccc12,Acinetobacter baumannii,μg/mL,CHEMBL1908370,136,2.0,0.03,64.0,0.3010299956639812,B,high,1,1.0
N#Cc1ccc2ncc(C#N)c(CCC34CCC(NCc5ccc6c(n5)NC(=O)CO6)(CC3)CO4)c2n1,O=C1COc2ccc(CNC34CCC(CCc5ccnc6cccnc56)(CC3)OC4)nc2N1,Acinetobacter baumannii,μg/mL,CHEMBL3422962,1,2.0,2.0,2.0,0.3010299956639812,B,high,1,1.0
N#Cc1ccc2ncc(F)c(CCC34CCC(NCc5ccc6c(n5)NC(=O)CO6)(CC3)CO4)c2n1,O=C1COc2ccc(CNC34CCC(CCc5ccnc6cccnc56)(CC3)OC4)nc2N1,Acinetobacter baumannii,μg/mL,CHEMBL3422947,1,1.0,1.0,1.0,0.0,B,high,1,1.0
N=C(N)NCCCCCCCCNCCCCCCCCNC(=N)NCC1CC1.O=C(O)C(F)(F)F.O=C(O)C(F)(F)F.O=C(O)C(F)(F)F,C1CC1,Acinetobacter baumannii,μg/mL,CHEMBL3353611,2,4.0,4.0,4.0,0.6020599913279624,B,high,1,1.0
N=C(N)NCCCCCCCCNCCCCCCCCNC(=N)NCc1ccccc1.O=C(O)C(F)(F)F.O=C(O)C(F)(F)F.O=C(O)C(F)(F)F,c1ccccc1,Acinetobacter baumannii,μg/mL,CHEMBL3353613,1,64.0,64.0,64.0,1.806179973983887,B,high,1,1.0
N=C(N)NCCC[C@H](NC(=O)C1CCCCC1)C(=O)N[C@@H](Cc1c[nH]c2ccccc12)C(=O)OCc1ccccc1,O=C(CNC(=O)C1CCCCC1)N[C@@H](Cc1c[nH]c2ccccc12)C(=O)OCc1ccccc1,Escherichia coli,μg/mL,CHEMBL416422,1,200.0,200.0,200.0,2.3010299956639813,B,high,1,1.0
N=C(N)NCCC[C@H](NC(=O)CNC(=O)[C@H](CCCCN)NC(=O)[C@H](CCCNC(=N)N)NC(=O)[C@H](Cc1ccccc1)NC(=O)[C@H](CCCCN)NC(=O)[C@H](Cc1c[nH]c2ccccc12)NC(=O)[C@H](CCCNC(=N)N)NC(=O)[C@H](Cc1ccccc1)NC(=O)[C@H](CCCNC(=N)N)NC(=O)[C@H](CCCNC(=N)N)NC(=O)[C@H](Cc1ccc(O)cc1)NC(=O)[C@H](CCCCN)NC(=O)[C@H](CCCCN)NC(=O)CN)C(=O)N[C@@H](Cc1ccccc1)C(=O)N[C@@H](Cc1c[nH]c2ccccc12)C(=O)N[C@@H](Cc1ccccc1)C(=O)N[C@@H](Cc1c[nH]c2ccccc12)C(=O)NCC(=O)O,O=C(CCc1ccccc1)NCC(=O)NCC(=O)N[C@@H](Cc1ccccc1)C(=O)NCC(=O)N[C@@H](Cc1c[nH]c2ccccc12)C(=O)NCC(=O)N[C@@H](Cc1ccccc1)C(=O)NCC(=O)NCC(=O)NCC(=O)NCC(=O)N[C@@H](Cc1ccccc1)C(=O)N[C@@H](Cc1c[nH]c2ccccc12)C(=O)N[C@@H](Cc1ccccc1)C(=O)NCCc1c[nH]c2ccccc12,Acinetobacter baumannii,μg/mL,CHEMBL1688838,1,16.0,16.0,16.0,1.2041199826559248,B,high,1,1.0
N=C(N)NCCC[C@H](NC(=O)CNC(=O)[C@H](CCCCN)NC(=O)[C@H](Cc1ccccc1)NC(=O)[C@H](CCCCN)NC(=O)[C@H](Cc1c[nH]c2ccccc12)NC(=O)[C@H](CCCNC(=N)N)NC(=O)[C@H](Cc1ccccc1)NC(=O)[C@H](CCCCN)NC(=O)[C@H](CCCCN)NC(=O)[C@H](Cc1ccc(O)cc1)NC(=O)[C@H](CCCNC(=N)N)NC(=O)[C@H](CCCNC(=N)N)NC(=O)CN)C(=O)N[C@@H](Cc1c[nH]c2ccccc12)C(=O)N[C@@H](Cc1ccccc1)C(=O)N[C@@H](Cc1c[nH]c2ccccc12)C(=O)N[C@@H](Cc1ccccc1)C(=O)NCC(=O)O,O=C(CCc1ccccc1)NCC(=O)NCC(=O)N[C@@H](Cc1ccccc1)C(=O)NCC(=O)N[C@@H](Cc1c[nH]c2ccccc12)C(=O)NCC(=O)N[C@@H](Cc1ccccc1)C(=O)NCC(=O)NCC(=O)NCC(=O)N[C@@H](Cc1c[nH]c2ccccc12)C(=O)N[C@@H](Cc1ccccc1)C(=O)N[C@@H](Cc1c[nH]c2ccccc12)C(=O)NCCc1ccccc1,Acinetobacter baumannii,μg/mL,CHEMBL1688841,1,16.0,16.0,16.0,1.2041199826559248,B,high,1,1.0
N=C(N)NCCC[C@H](NC(=O)CNC(=O)[C@H](CCCNC(=N)N)NC(=O)[C@H](Cc1ccc(O)cc1)NC(=O)[C@H](CCCNC(=N)N)NC(=O)[C@H](Cc1c[nH]c2ccccc12)NC(=O)[C@H](CCCCN)NC(=O)[C@H](CCCCN)NC(=O)[C@H](Cc1ccccc1)NC(=O)[C@H](CCCCN)NC(=O)[C@H](CCCCN)NC(=O)[C@H](Cc1ccccc1)NC(=O)[C@H](CCCNC(=N)N)NC(=O)[C@H](CCCNC(=N)N)NC(=O)[C@H](CS)NC(=O)CN)C(=O)N[C@@H](Cc1ccccc1)C(=O)N[C@@H](Cc1c[nH]c2ccccc12)C(=O)N[C@@H](Cc1ccccc1)C(=O)N[C@@H](Cc1c[nH]c2ccccc12)C(=O)N[C@@H](CS)C(=O)N[C@@H](Cc1ccccc1)C(=O)NCC(=O)O,O=C(CCc1ccccc1)NCC(=O)NCC(=O)N[C@@H](Cc1ccccc1)C(=O)NCC(=O)NCC(=O)N[C@@H](Cc1c[nH]c2ccccc12)C(=O)NCC(=O)N[C@@H](Cc1ccccc1)C(=O)NCC(=O)NCC(=O)NCC(=O)N[C@@H](Cc1ccccc1)C(=O)N[C@@H](Cc1c[nH]c2ccccc12)C(=O)N[C@@H](Cc1ccccc1)C(=O)N[C@@H](Cc1c[nH]c2ccccc12)C(=O)NCC(=O)NCCc1ccccc1,Acinetobacter baumannii,μg/mL,CHEMBL1688844,1,64.0,64.0,64.0,1.806179973983887,B,high,1,1.0
N=C(N)NCCC[C@H](NC(=O)Cc1c[nH]c2ccccc12)C(=O)N[C@@H](Cc1c[nH]c2ccccc12)C(=O)OCc1ccccc1,O=C(Cc1c[nH]c2ccccc12)NCC(=O)N[C@@H](Cc1c[nH]c2ccccc12)C(=O)OCc1ccccc1,Escherichia coli,μg/mL,CHEMBL43525,1,150.0,150.0,150.0,2.1760912590556813,B,high,1,1.0
N=C(N)NCCC[C@H](NC(=O)[C@H](Cc1c[nH]c2ccccc12)NC(=O)[C@H](CCCNC(=N)N)NC(=O)[C@H](Cc1c[nH]c2ccccc12)NC(=O)[C@@H](N)CCCNC(=N)N)C(=O)N[C@@H](Cc1c[nH]c2ccccc12)C(N)=O,O=C(CCc1c[nH]c2ccccc12)NCC(=O)N[C@@H](Cc1c[nH]c2ccccc12)C(=O)NCC(=O)NCCc1c[nH]c2ccccc12,Escherichia coli,μg/mL,CHEMBL222298,1,5.0,5.0,5.0,0.6989700043360189,B,high,1,1.0
N=C(N)NCCC[C@H](NC(=O)[C@H](Cc1ccc(O)cc1)NC(=O)[C@H](CCCCN)NC(=O)[C@H](CCCCN)NC(=O)CN)C(=O)N[C@@H](CCCNC(=N)N)C(=O)N[C@@H](Cc1ccccc1)C(=O)N[C@@H](CCCNC(=N)N)C(=O)N[C@@H](Cc1c[nH]c2ccccc12)C(=O)N[C@@H](CCCCN)C(=O)N[C@@H](Cc1ccccc1)C(=O)N[C@@H](CCCCN)C(=O)NCC(=O)N[C@@H](CCCCN)C(=O)N[C@@H](Cc1c[nH]c2ccccc12)C(=O)N[C@@H](Cc1ccccc1)C(=O)N[C@@H](Cc1c[nH]c2ccccc12)C(=O)N[C@@H](Cc1ccccc1)C(=O)NCC(=O)O,O=C(CCc1ccccc1)NCC(=O)NCC(=O)N[C@@H](Cc1ccccc1)C(=O)NCC(=O)N[C@@H](Cc1c[nH]c2ccccc12)C(=O)NCC(=O)N[C@@H](Cc1ccccc1)C(=O)NCC(=O)NCC(=O)NCC(=O)N[C@@H](Cc1c[nH]c2ccccc12)C(=O)N[C@@H](Cc1ccccc1)C(=O)N[C@@H](Cc1c[nH]c2ccccc12)C(=O)NCCc1ccccc1,Acinetobacter baumannii,μg/mL,CHEMBL1688837,1,16.0,16.0,16.0,1.2041199826559248,B,high,1,1.0
N=C(N)NCCC[C@H](NC(=O)[C@H](Cc1ccc(O)cc1)NC(=O)[C@H](CCCCN)NC(=O)[C@H](CCCCN)NC(=O)CN)C(=O)N[C@@H](CCCNC(=N)N)C(=O)N[C@@H](Cc1ccccc1)C(=O)N[C@@H](Cc1c[nH]c2ccccc12)C(=O)N[C@@H](CCCCN)C(=O)N[C@@H](Cc1ccccc1)C(=O)N[C@@H](CCCCN)C(=O)NCC(=O)N[C@@H](CCCCN)C(=O)N[C@@H](Cc1c[nH]c2ccccc12)C(=O)N[C@@H](Cc1ccccc1)C(=O)N[C@@H](Cc1c[nH]c2ccccc12)C(=O)N[C@@H](Cc1ccccc1)C(=O)N[C@@H](Cc1c[nH]c2ccccc12)C(=O)NCC(=O)O,O=C(CCc1ccccc1)NCC(=O)NCC(=O)N[C@@H](Cc1ccccc1)C(=O)N[C@@H](Cc1c[nH]c2ccccc12)C(=O)NCC(=O)N[C@@H](Cc1ccccc1)C(=O)NCC(=O)NCC(=O)NCC(=O)N[C@@H](Cc1c[nH]c2ccccc12)C(=O)N[C@@H](Cc1ccccc1)C(=O)N[C@@H](Cc1c[nH]c2ccccc12)C(=O)N[C@@H](Cc1ccccc1)C(=O)NCCc1c[nH]c2ccccc12,Acinetobacter baumannii,μg/mL,CHEMBL1688840,1,16.0,16.0,16.0,1.2041199826559248,B,high,1,1.0
N=C(N)NCCC[C@H](NC(=O)[C@H](Cc1ccc(O)cc1)NC(=O)[C@H](CCCCN)NC(=O)[C@H](CCCCN)NC(=O)[C@H](CS)NC(=O)CN)C(=O)N[C@@H](CCCNC(=N)N)C(=O)N[C@@H](Cc1ccccc1)C(=O)N[C@@H](CCCNC(=N)N)C(=O)N[C@@H](Cc1c[nH]c2ccccc12)C(=O)N[C@@H](CCCCN)C(=O)N[C@@H](Cc1ccccc1)C(=O)N[C@@H](CCCCN)C(=O)NCC(=O)N[C@@H](CCCCN)C(=O)N[C@@H](Cc1ccccc1)C(=O)N[C@@H](Cc1c[nH]c2ccccc12)C(=O)N[C@@H](Cc1ccccc1)C(=O)N[C@@H](Cc1c[nH]c2ccccc12)C(=O)N[C@@H](CS)C(=O)NCC(=O)O,O=C(CCc1ccccc1)NCC(=O)NCC(=O)N[C@@H](Cc1ccccc1)C(=O)NCC(=O)N[C@@H](Cc1c[nH]c2ccccc12)C(=O)NCC(=O)N[C@@H](Cc1ccccc1)C(=O)NCC(=O)NCC(=O)NCC(=O)N[C@@H](Cc1ccccc1)C(=O)N[C@@H](Cc1c[nH]c2ccccc12)C(=O)N[C@@H](Cc1ccccc1)C(=O)NCCc1c[nH]c2ccccc12,Acinetobacter baumannii,μg/mL,CHEMBL1688836,1,64.0,64.0,64.0,1.806179973983887,B,high,1,1.0
N=C(N)NCCC[C@H](NC(=O)[C@H](Cc1ccc(O)cc1)NC(=O)[C@H](CCCCN)NC(=O)[C@H](CCCCN)NC(=O)[C@H](CS)NC(=O)CN)C(=O)N[C@@H](CCCNC(=N)N)C(=O)N[C@@H](Cc1ccccc1)C(=O)N[C@@H](CCCNC(=N)N)C(=O)N[C@@H](Cc1c[nH]c2ccccc12)C(=O)N[C@@H](CCCCN)C(=O)N[C@@H](Cc1ccccc1)C(=O)N[C@@H](CCCCN)C(=O)NCC(=O)N[C@@H](CCCCN)C(=O)N[C@@H](Cc1ccccc1)C(=O)N[C@@H](Cc1c[nH]c2ccccc12)C(=O)N[C@@H](Cc1ccccc1)C(=O)N[C@@H](Cc1c[nH]c2ccccc12)C(=O)O,O=C(CCc1ccccc1)NCC(=O)NCC(=O)N[C@@H](Cc1ccccc1)C(=O)NCC(=O)N[C@@H](Cc1c[nH]c2ccccc12)C(=O)NCC(=O)N[C@@H](Cc1ccccc1)C(=O)NCC(=O)NCC(=O)NCC(=O)N[C@@H](Cc1ccccc1)C(=O)N[C@@H](Cc1c[nH]c2ccccc12)C(=O)N[C@@H](Cc1ccccc1)C(=O)NCCc1c[nH]c2ccccc12,Acinetobacter baumannii,μg/mL,CHEMBL1688845,1,64.0,64.0,64.0,1.806179973983887,B,high,1,1.0
N=C(N)NCCC[C@H](NC(=O)[C@H](Cc1ccc(O)cc1)NC(=O)[C@H](CCCNC(=N)N)NC(=O)[C@H](Cc1c[nH]c2ccccc12)NC(=O)[C@H](CCCNC(=N)N)NC(=O)[C@H](Cc1ccccc1)NC(=O)[C@H](CCCCN)NC(=O)[C@H](CCCCN)NC(=O)[C@H](Cc1c[nH]c2ccccc12)NC(=O)[C@H](CCCNC(=N)N)NC(=O)[C@H](CCCNC(=N)N)NC(=O)[C@H](CS)NC(=O)CN)C(=O)NCC(=O)N[C@@H](CCCCN)C(=O)N[C@@H](Cc1ccccc1)C(=O)N[C@@H](Cc1c[nH]c2ccccc12)C(=O)N[C@@H](Cc1ccccc1)C(=O)N[C@@H](Cc1c[nH]c2ccccc12)C(=O)N[C@@H](CS)C(=O)NCC(=O)O,O=C(CCc1c[nH]c2ccccc12)NCC(=O)NCC(=O)N[C@@H](Cc1ccccc1)C(=O)NCC(=O)N[C@@H](Cc1c[nH]c2ccccc12)C(=O)NCC(=O)N[C@@H](Cc1ccccc1)C(=O)NCC(=O)NCC(=O)NCC(=O)N[C@@H](Cc1ccccc1)C(=O)N[C@@H](Cc1c[nH]c2ccccc12)C(=O)N[C@@H](Cc1ccccc1)C(=O)NCCc1c[nH]c2ccccc12,Acinetobacter baumannii,μg/mL,CHEMBL1688843,1,64.0,64.0,64.0,1.806179973983887,B,high,1,1.0
N=C(N)c1ccc(-c2cc3ccc(C(=N)N)cc3[nH]2)cc1,c1ccc(-c2cc3ccccc3[nH]2)cc1,Acinetobacter baumannii,μg/mL,CHEMBL48217,3,2.0,0.5,2.0,0.3010299956639812,B,high,1,1.0
N=C(NCCCCCCCCN1CCCCCCCCNC(=N)NC1=O)NCC1CC1.O=C(O)C(F)(F)F.O=C(O)C(F)(F)F,N=C(NCCCCCCCCN1CCCCCCCCNC(=N)NC1=O)NCC1CC1,Acinetobacter baumannii,μg/mL,CHEMBL3353617,1,64.0,64.0,64.0,1.806179973983887,B,high,1,1.0
N=C(NCCCCCCCCN1CCCCCCCCNC(=N)NC1=O)NCC1CCC1.O=C(O)C(F)(F)F.O=C(O)C(F)(F)F,N=C(NCCCCCCCCN1CCCCCCCCNC(=N)NC1=O)NCC1CCC1,Acinetobacter baumannii,μg/mL,CHEMBL3353619,1,32.0,32.0,32.0,1.505149978319906,B,high,1,1.0
N=C(NCCCCCCNC(=N)NC(=N)Nc1ccc(Cl)cc1)NC(=N)Nc1ccc(Cl)cc1,N=C(NCCCCCCNC(=N)NC(=N)Nc1ccccc1)NC(=N)Nc1ccccc1,Acinetobacter baumannii,μg/mL,CHEMBL790,3,32.0,16.0,32.0,1.505149978319906,B,high,1,1.0
NC(=O)CO/N=C(\C(=O)N[C@@H]1C(=O)N2C(C(=O)O)=C(COC(=O)N3CCN(c4cc5c(cc4F)c(=O)c(C(=O)O)cn5C4CC4)CC3)CS[C@H]12)c1csc(N)n1,N=C(C(=O)N[C@@H]1C(=O)N2C=C(COC(=O)N3CCN(c4ccc5c(=O)ccn(C6CC6)c5c4)CC3)CS[C@H]12)c1cscn1,Klebsiella pneumoniae,μg/mL,CHEMBL95490,1,0.125,0.125,0.125,-0.9030899869919435,B,high,1,1.0
NC(=O)CO/N=C(\C(=O)N[C@@H]1C(=O)N2C(C(=O)O)=C(COC(=O)N3CCN(c4cc5c(cc4F)c(=O)c(C(=O)O)cn5C4CC4)CC3)CS[C@H]12)c1csc(N)n1,N=C(C(=O)N[C@@H]1C(=O)N2C=C(COC(=O)N3CCN(c4ccc5c(=O)ccn(C6CC6)c5c4)CC3)CS[C@H]12)c1cscn1,Pseudomonas aeruginosa,μg/mL,CHEMBL95490,2,1.5,1.0,2.0,0.17609125905568124,B,high,1,1.0
NC(=O)[C@H](CCCN=C(N)N)NC(=O)[C@H](CCCN=C(N)N)NC(=O)[C@H](Cc1c[nH]c2ccccc12)NC(=O)[C@H](Cc1c[nH]c2ccccc12)NC(=O)[C@H](Cc1c[nH]c2ccccc12)NC(=O)[C@@H](N)CCCN=C(N)N,O=C(CCc1c[nH]c2ccccc12)N[C@@H](Cc1c[nH]c2ccccc12)C(=O)NCCc1c[nH]c2ccccc12,Escherichia coli,μg/mL,CHEMBL275983,1,25.0,25.0,25.0,1.3979400086720377,B,high,1,1.0
NC(=O)[C@H](CCCN=C(N)N)NC(=O)[C@H](Cc1c[nH]c2ccccc12)NC(=O)[C@H](CCCN=C(N)N)NC(=O)[C@H](Cc1c[nH]c2ccccc12)NC(=O)[C@@H](N)CCCN=C(N)N,O=C(CCc1c[nH]c2ccccc12)NCC(=O)NCCc1c[nH]c2ccccc12,Escherichia coli,μg/mL,CHEMBL416432,1,200.0,200.0,200.0,2.3010299956639813,B,high,1,1.0
NC(=O)[C@H](CCCN=C(N)N)NC(=O)[C@H](Cc1c[nH]c2ccccc12)NC(=O)[C@H](CCCN=C(N)N)NC(=O)[C@H](Cc1c[nH]c2ccccc12)NC(=O)[C@H](CCCN=C(N)N)NC(=O)[C@@H](N)Cc1c[nH]c2ccccc12,O=C(CCc1c[nH]c2ccccc12)NCC(=O)N[C@@H](Cc1c[nH]c2ccccc12)C(=O)NCC(=O)NCCc1c[nH]c2ccccc12,Escherichia coli,μg/mL,CHEMBL405455,1,10.0,10.0,10.0,1.0,B,high,1,1.0
NC(=O)[C@H](Cc1c[nH]c2ccccc12)NC(=O)[C@H](CCCN=C(N)N)NC(=O)[C@H](CCCN=C(N)N)NC(=O)[C@H](CCCN=C(N)N)NC(=O)[C@H](Cc1c[nH]c2ccccc12)NC(=O)[C@@H](N)Cc1c[nH]c2ccccc12,O=C(CNC(=O)CNC(=O)CNC(=O)[C@H](Cc1c[nH]c2ccccc12)NC(=O)CCc1c[nH]c2ccccc12)NCCc1c[nH]c2ccccc12,Escherichia coli,μg/mL,CHEMBL412471,1,25.0,25.0,25.0,1.3979400086720377,B,high,1,1.0
NC(=O)[C@H](Cc1c[nH]c2ccccc12)NC(=O)[C@H](CCCN=C(N)N)NC(=O)[C@H](Cc1c[nH]c2ccccc12)NC(=O)[C@H](CCCN=C(N)N)NC(=O)[C@@H](N)Cc1c[nH]c2ccccc12,O=C(CCc1c[nH]c2ccccc12)NCC(=O)N[C@@H](Cc1c[nH]c2ccccc12)C(=O)NCC(=O)NCCc1c[nH]c2ccccc12,Escherichia coli,μg/mL,CHEMBL289385,1,15.0,15.0,15.0,1.1760912590556813,B,high,1,1.0
NC(=O)[C@H](Cc1c[nH]c2ccccc12)NC(=O)[C@H](CCCN=C(N)N)NC(=O)[C@H](Cc1ccc(O)cc1)NC(=O)[C@H](CCCN=C(N)N)NC(=O)[C@@H](N)Cc1c[nH]c2ccccc12,O=C(CCc1c[nH]c2ccccc12)NCC(=O)N[C@@H](Cc1ccccc1)C(=O)NCC(=O)NCCc1c[nH]c2ccccc12,Escherichia coli,μg/mL,CHEMBL41101,1,100.0,100.0,100.0,2.0,B,high,1,1.0
NC(=O)[C@H](Cc1c[nH]c2ccccc12)NC(=O)[C@H](Cc1c[nH]c2ccccc12)NC(=O)[C@H](Cc1c[nH]c2ccccc12)NC(=O)[C@H](CCCN=C(N)N)NC(=O)[C@H](CCCN=C(N)N)NC(=O)[C@@H](N)CCCN=C(N)N,O=C(CCc1c[nH]c2ccccc12)N[C@@H](Cc1c[nH]c2ccccc12)C(=O)NCCc1c[nH]c2ccccc12,Escherichia coli,μg/mL,CHEMBL216275,1,5.0,5.0,5.0,0.6989700043360189,B,high,1,1.0
NC(=O)[C@H](Cc1ccc(O)cc1)NC(=O)[C@H](CCCN=C(N)N)NC(=O)[C@H](Cc1c[nH]c2ccccc12)NC(=O)[C@H](CCCN=C(N)N)NC(=O)[C@@H](N)Cc1c[nH]c2ccccc12,O=C(CCc1c[nH]c2ccccc12)NCC(=O)N[C@@H](Cc1c[nH]c2ccccc12)C(=O)NCC(=O)NCCc1ccccc1,Escherichia coli,μg/mL,CHEMBL433449,1,100.0,100.0,100.0,2.0,B,high,1,1.0
NC(=O)c1ccc(NC(=O)N2CCC3C2C(=O)N3OS(=O)(=O)[O-])cc1.[Na+],O=C1NC2CCN(C(=O)Nc3ccccc3)C12,Pseudomonas aeruginosa,μg/mL,CHEMBL128220,1,128.0,128.0,128.0,2.1072099696478683,B,high,1,1.0
NC(=O)c1ccc(NC(=O)N2CC[C@@H]3[C@H]2C(=O)N3S(=O)(=O)O)cc1,O=C1N[C@@H]2CCN(C(=O)Nc3ccccc3)[C@H]12,Pseudomonas aeruginosa,μg/mL,CHEMBL607279,1,4.0,4.0,4.0,0.6020599913279624,B,high,1,1.0
NC(=O)c1ccsc1NC(=O)c1ccc([N+](=O)[O-])o1,O=C(Nc1cccs1)c1ccco1,Acinetobacter baumannii,μg/mL,CHEMBL1400446,1,12.0,12.0,12.0,1.0791812460476249,B,high,1,1.0
NC(=O)c1oc2ccccc2c1NC(=O)c1ccc([N+](=O)[O-])o1,O=C(Nc1coc2ccccc12)c1ccco1,Acinetobacter baumannii,μg/mL,CHEMBL1457567,1,12.0,12.0,12.0,1.0791812460476249,B,high,1,1.0
NC(C(=O)NC1C(=O)N2C(C(=O)O)=C(CSc3c[nH]nn3)CSC12)c1ccc2c(c1)CCO2,O=C(Cc1ccc2c(c1)CCO2)NC1C(=O)N2C=C(CSc3c[nH]nn3)CSC12,Klebsiella pneumoniae,μg/mL,CHEMBL129999,1,6.2,6.2,6.2,0.7923916894982539,B,high,1,1.0
NC(CCCCC(=O)O)C(=O)O,NC(CCCCC(=O)O)C(=O)O,Klebsiella pneumoniae,μg/mL,CHEMBL111050,1,500.0,500.0,500.0,2.6989700043360187,B,high,1,1.0
NC(N)=NCCC[C@@H](NC(=O)[C@H](N)Cc1c[nH]c2ccccc12)C(=O)N[C@H](Cc1c[nH]c2ccccc12)C(=O)OCc1ccccc1,O=C(CCc1c[nH]c2ccccc12)NCC(=O)N[C@H](Cc1c[nH]c2ccccc12)C(=O)OCc1ccccc1,Escherichia coli,μg/mL,CHEMBL41855,1,75.0,75.0,75.0,1.8750612633917,B,high,1,1.0
NC(N)=NCCC[C@H](N)C(=O)N[C@@H](Cc1c[nH]c2ccccc12)C(=O)N[C@H](CCCN=C(N)N)C(=O)N[C@H](Cc1c[nH]c2ccccc12)C(=O)OCc1ccccc1,O=C(CCc1c[nH]c2ccccc12)NCC(=O)N[C@H](Cc1c[nH]c2ccccc12)C(=O)OCc1ccccc1,Escherichia coli,μg/mL,CHEMBL289380,1,75.0,75.0,75.0,1.8750612633917,B,high,1,1.0
NC(N)=NCCC[C@H](NC(=O)[C@@H](N)Cc1c[nH]c2ccccc12)C(=O)N[C@@H](Cc1c[nH]c2ccccc12)C(=O)OCc1ccccc1,O=C(CCc1c[nH]c2ccccc12)NCC(=O)N[C@@H](Cc1c[nH]c2ccccc12)C(=O)OCc1ccccc1,Escherichia coli,μg/mL,CHEMBL41546,1,75.0,75.0,75.0,1.8750612633917,B,high,1,1.0
NC(N)=NCCC[C@H](NC(=O)[C@H](Cc1c[nH]c2ccccc12)NC(=O)[C@@H](N)CCCN=C(N)N)C(=O)N[C@@H](Cc1c[nH]c2ccccc12)C(=O)OCc1ccccc1,O=C(CCc1c[nH]c2ccccc12)NCC(=O)N[C@@H](Cc1c[nH]c2ccccc12)C(=O)OCc1ccccc1,Escherichia coli,μg/mL,CHEMBL290525,1,50.0,50.0,50.0,1.6989700043360187,B,high,1,1.0
NC(N)=NCCC[C@H](NC(=O)[C@H](N)Cc1c[nH]c2ccccc12)C(=O)N[C@@H](Cc1c[nH]c2ccccc12)C(=O)OCc1ccccc1,O=C(CCc1c[nH]c2ccccc12)NCC(=O)N[C@@H](Cc1c[nH]c2ccccc12)C(=O)OCc1ccccc1,Escherichia coli,μg/mL,CHEMBL432289,1,75.0,75.0,75.0,1.8750612633917,B,high,1,1.0
NC1(c2ccccc2)CCN(c2c(F)cc3c(=O)c(C(=O)O)cn(C4CC4)c3c2F)C1,O=c1ccn(C2CC2)c2cc(N3CCC(c4ccccc4)C3)ccc12,Klebsiella pneumoniae,μg/mL,CHEMBL168791,1,0.05,0.05,0.05,-1.3010299956639813,B,high,1,1.0
NC1C=C(c2cc3c(cc2F)c(=O)c(C(=O)O)cn3C2CC2)CC1,O=c1ccn(C2CC2)c2cc(C3=CCCC3)ccc12,Klebsiella pneumoniae,μg/mL,CHEMBL293970,1,0.2,0.2,0.2,-0.6989700043360187,B,high,1,1.0
NC1C=C(c2cc3c(cc2F)c(=O)c(C(=O)O)cn3C2CC2)CC1,O=c1ccn(C2CC2)c2cc(C3=CCCC3)ccc12,Pseudomonas aeruginosa,μg/mL,CHEMBL293970,1,0.8,0.8,0.8,-0.09691001300805639,B,high,1,1.0
NC1C=C(c2nc3c(cc2F)c(=O)c(C(=O)O)cn3-c2ccc(F)cc2F)CC1,O=c1ccn(-c2ccccc2)c2nc(C3=CCCC3)ccc12,Escherichia coli,μg/mL,CHEMBL540707,2,0.037500000000000006,0.025,0.05,-1.4259687322722812,B,high,1,1.0
NC1C=C(c2nc3c(cc2F)c(=O)c(C(=O)O)cn3-c2ccc(F)cc2F)CC1,O=c1ccn(-c2ccccc2)c2nc(C3=CCCC3)ccc12,Klebsiella pneumoniae,μg/mL,CHEMBL540707,1,0.1,0.1,0.1,-1.0,B,high,1,1.0
NC1C=C(c2nc3c(cc2F)c(=O)c(C(=O)O)cn3-c2ccc(F)cc2F)CC1,O=c1ccn(-c2ccccc2)c2nc(C3=CCCC3)ccc12,Pseudomonas aeruginosa,μg/mL,CHEMBL540707,1,1.6,1.6,1.6,0.2041199826559248,B,high,1,1.0
NC1C=C(c2nc3c(cc2F)c(=O)c(C(=O)O)cn3C2CC2)CC1,O=c1ccn(C2CC2)c2nc(C3=CCCC3)ccc12,Escherichia coli,μg/mL,CHEMBL58513,2,0.05,0.05,0.05,-1.3010299956639813,B,high,1,1.0
NC1C=C(c2nc3c(cc2F)c(=O)c(C(=O)O)cn3C2CC2)CC1,O=c1ccn(C2CC2)c2nc(C3=CCCC3)ccc12,Klebsiella pneumoniae,μg/mL,CHEMBL58513,1,0.1,0.1,0.1,-1.0,B,high,1,1.0
NC1C=C(c2nc3c(cc2F)c(=O)c(C(=O)O)cn3C2CC2)CC1,O=c1ccn(C2CC2)c2nc(C3=CCCC3)ccc12,Pseudomonas aeruginosa,μg/mL,CHEMBL58513,1,0.8,0.8,0.8,-0.09691001300805639,B,high,1,1.0
NC1CCN(c2c(F)cc3c(=O)c(C(=O)O)c4scc5n4c3c2OC5)C1,O=c1cc2scc3n2c2c(c(N4CCCC4)ccc12)OC3,Klebsiella pneumoniae,μg/mL,CHEMBL263944,1,0.1,0.1,0.1,-1.0,B,high,1,1.0
NC1CCN(c2c(F)cc3c(=O)c(C(=O)O)c4scc5n4c3c2OC5)C1,O=c1cc2scc3n2c2c(c(N4CCCC4)ccc12)OC3,Pseudomonas aeruginosa,μg/mL,CHEMBL263944,2,0.78,0.78,0.78,-0.10790539730951958,B,high,1,1.0
NC1CCN(c2c(F)cc3c(=O)c(C(=O)O)cn(-c4ccc(F)cc4)c3c2F)C1,O=c1ccn(-c2ccccc2)c2cc(N3CCCC3)ccc12,Klebsiella pneumoniae,μg/mL,CHEMBL357252,1,0.05,0.05,0.05,-1.3010299956639813,B,high,1,1.0
NC1CCN(c2c(F)cc3c(=O)c(C(=O)O)cn(-c4ccc(F)cc4)c3c2F)C1,O=c1ccn(-c2ccccc2)c2cc(N3CCCC3)ccc12,Pseudomonas aeruginosa,μg/mL,CHEMBL357252,2,2.33,1.56,3.1,0.367355921026019,B,high,1,1.0
NC1CCN(c2c(F)cc3c(=O)c(C(=O)O)cn(-c4ccc(F)cc4F)c3c2F)C1,O=c1ccn(-c2ccccc2)c2cc(N3CCCC3)ccc12,Klebsiella pneumoniae,μg/mL,CHEMBL148714,1,0.1,0.1,0.1,-1.0,B,high,1,1.0
NC1CCN(c2c(F)cc3c(=O)c(C(=O)O)cn(-c4ccc(F)cc4F)c3c2F)C1,O=c1ccn(-c2ccccc2)c2cc(N3CCCC3)ccc12,Pseudomonas aeruginosa,μg/mL,CHEMBL148714,2,1.17,0.78,1.56,0.06818586174616162,B,high,1,1.0
NC1CCN(c2c(F)cc3c(=O)c(C(=O)O)cn(C4CC4)c3c2C(F)(F)F)C1,O=c1ccn(C2CC2)c2cc(N3CCCC3)ccc12,Escherichia coli,μg/mL,CHEMBL15416,1,0.1,0.1,0.1,-1.0,B,high,1,1.0
NC1CCN(c2c(F)cc3c(=O)c(C(=O)O)cn(C4CC4)c3c2Cl)C1,O=c1ccn(C2CC2)c2cc(N3CCCC3)ccc12,Escherichia coli,μg/mL,CHEMBL278255,1,0.013,0.013,0.013,-1.8860566476931633,B,high,1,1.0
NC1CCN(c2c(F)cc3c(=O)c(C(=O)O)cn(C4CC4)c3c2Cl)C1,O=c1ccn(C2CC2)c2cc(N3CCCC3)ccc12,Klebsiella pneumoniae,μg/mL,CHEMBL278255,2,0.025,0.025,0.025,-1.6020599913279623,B,high,2,1.0
NC1CCN(c2c(F)cc3c(=O)c(C(=O)O)cn(C4CC4)c3c2Cl)C1,O=c1ccn(C2CC2)c2cc(N3CCCC3)ccc12,Pseudomonas aeruginosa,μg/mL,CHEMBL278255,3,0.05,0.05,0.06,-1.3010299956639813,B,high,3,1.0
NC1CCN(c2c(F)cc3c(=O)c(C(=O)O)cn(C4CC4)c3c2F)C1,O=c1ccn(C2CC2)c2cc(N3CCCC3)ccc12,Escherichia coli,μg/mL,CHEMBL15464,2,0.013,0.013,0.013,-1.8860566476931633,B,high,2,1.0
NC1CCN(c2c(F)cc3c(=O)c(C(=O)O)cn(C4CC4)c3c2F)C1,O=c1ccn(C2CC2)c2cc(N3CCCC3)ccc12,Klebsiella pneumoniae,μg/mL,CHEMBL15464,3,0.025,0.025,0.025,-1.6020599913279623,B,high,3,1.0
NC1CCN(c2c(F)cc3c(=O)c(C(=O)O)cn(C4CC4)c3c2F)C1,O=c1ccn(C2CC2)c2cc(N3CCCC3)ccc12,Pseudomonas aeruginosa,μg/mL,CHEMBL15464,2,0.1,0.1,0.1,-1.0,B,high,2,1.0
NC1CCN(c2cc3c(cc2F)c(=O)c(C(=O)O)cn3-c2ccc(F)cc2)C1,O=c1ccn(-c2ccccc2)c2cc(N3CCCC3)ccc12,Klebsiella pneumoniae,μg/mL,CHEMBL39249,1,0.02,0.02,0.02,-1.6989700043360187,B,high,1,1.0
NC1CCN(c2cc3c(cc2F)c(=O)c(C(=O)O)cn3-c2ccc(F)cc2)C1,O=c1ccn(-c2ccccc2)c2cc(N3CCCC3)ccc12,Pseudomonas aeruginosa,μg/mL,CHEMBL39249,2,0.2,0.2,0.2,-0.6989700043360187,B,high,1,1.0
NC1CCN(c2cc3c(cc2F)c(=O)c(C(=O)O)cn3-c2ccc(F)cc2F)C1,O=c1ccn(-c2ccccc2)c2cc(N3CCCC3)ccc12,Klebsiella pneumoniae,μg/mL,CHEMBL278866,1,0.05,0.05,0.05,-1.3010299956639813,B,high,1,1.0
NC1CCN(c2cc3c(cc2F)c(=O)c(C(=O)O)cn3-c2ccc(F)cc2F)C1,O=c1ccn(-c2ccccc2)c2cc(N3CCCC3)ccc12,Pseudomonas aeruginosa,μg/mL,CHEMBL278866,2,0.30000000000000004,0.2,0.4,-0.5228787452803375,B,high,2,1.0
NC1CCN(c2cc3c(cc2F)c(=O)c(C(=O)O)cn3-c2ccc(F)cc2F)CC1,O=c1ccn(-c2ccccc2)c2cc(N3CCCCC3)ccc12,Klebsiella pneumoniae,μg/mL,CHEMBL32129,1,0.1,0.1,0.1,-1.0,B,high,1,1.0
NC1CCN(c2cc3c(cc2F)c(=O)c(C(=O)O)cn3-c2ccc(F)cc2F)CC1,O=c1ccn(-c2ccccc2)c2cc(N3CCCCC3)ccc12,Pseudomonas aeruginosa,μg/mL,CHEMBL32129,2,0.78,0.78,0.78,-0.10790539730951958,B,high,1,1.0
NC1CCN(c2cc3c(cc2F)c(=O)c(C(=O)O)cn3C2CC2)C1,O=c1ccn(C2CC2)c2cc(N3CCCC3)ccc12,Escherichia coli,μg/mL,CHEMBL15087,2,0.037500000000000006,0.025,0.05,-1.4259687322722812,B,high,2,1.0
NC1CCN(c2cc3c(cc2F)c(=O)c(C(=O)O)cn3C2CC2)C1,O=c1ccn(C2CC2)c2cc(N3CCCC3)ccc12,Klebsiella pneumoniae,μg/mL,CHEMBL15087,2,0.07500000000000001,0.05,0.1,-1.1249387366083,B,high,2,1.0
NC1CCN(c2cc3c(cc2F)c(=O)c(C(=O)O)cn3C2CC2)C1,O=c1ccn(C2CC2)c2cc(N3CCCC3)ccc12,Pseudomonas aeruginosa,μg/mL,CHEMBL15087,3,0.2,0.1,0.2,-0.6989700043360187,B,high,3,1.0
NC1CCN(c2cc3c(cc2F)c(=O)c(C(=O)O)cn3C2CCC2)C1,O=c1ccn(C2CCC2)c2cc(N3CCCC3)ccc12,Escherichia coli,μg/mL,CHEMBL15373,1,0.4,0.4,0.4,-0.3979400086720376,B,high,1,1.0
NC1CCN(c2cc3c(cc2F)c(=O)c(C(=O)O)cn3C2CCC2)C1,O=c1ccn(C2CCC2)c2cc(N3CCCC3)ccc12,Pseudomonas aeruginosa,μg/mL,CHEMBL15373,1,1.6,1.6,1.6,0.2041199826559248,B,high,1,1.0
NC1CCN(c2nc3c(cc2F)c(=O)c(C(=O)O)cn3-c2ccc(F)cc2F)C1,O=c1ccn(-c2ccccc2)c2nc(N3CCCC3)ccc12,Escherichia coli,μg/mL,CHEMBL273348,1,0.025,0.025,0.025,-1.6020599913279623,B,high,1,1.0
NC1CCN(c2nc3c(cc2F)c(=O)c(C(=O)O)cn3-c2ccc(F)cc2F)C1,O=c1ccn(-c2ccccc2)c2nc(N3CCCC3)ccc12,Klebsiella pneumoniae,μg/mL,CHEMBL273348,1,0.02,0.02,0.02,-1.6989700043360187,B,high,1,1.0
NC1CCN(c2nc3c(cc2F)c(=O)c(C(=O)O)cn3-c2ccc(F)cc2F)C1,O=c1ccn(-c2ccccc2)c2nc(N3CCCC3)ccc12,Pseudomonas aeruginosa,μg/mL,CHEMBL273348,2,0.78,0.78,0.78,-0.10790539730951958,B,high,1,1.0
NC1CCN(c2nc3c(cc2F)c(=O)c(C(=O)O)cn3C2CC2)C1,O=c1ccn(C2CC2)c2nc(N3CCCC3)ccc12,Escherichia coli,μg/mL,CHEMBL276583,1,0.013,0.013,0.013,-1.8860566476931633,B,high,1,1.0
NC1CCN(c2nc3c(cc2F)c(=O)c(C(=O)O)cn3C2CC2)C1,O=c1ccn(C2CC2)c2nc(N3CCCC3)ccc12,Klebsiella pneumoniae,μg/mL,CHEMBL276583,2,0.0175,0.01,0.025,-1.7569619513137056,B,high,2,1.0
NC1CCN(c2nc3c(cc2F)c(=O)c(C(=O)O)cn3C2CC2)C1,O=c1ccn(C2CC2)c2nc(N3CCCC3)ccc12,Pseudomonas aeruginosa,μg/mL,CHEMBL276583,3,0.1,0.05,0.1,-1.0,B,high,2,1.0
NC1CCN(c2nc3c(cc2F)c(=O)c(C(=O)O)cn3CCF)C1,O=c1cc[nH]c2nc(N3CCCC3)ccc12,Pseudomonas aeruginosa,μg/mL,CHEMBL288879,1,0.39,0.39,0.39,-0.4089353929735008,B,high,1,1.0
NC1CN(c2c(F)cc3c(=O)c(C(=O)O)cn(C4CC4)c3c2F)CC1c1ccccc1,O=c1ccn(C2CC2)c2cc(N3CCC(c4ccccc4)C3)ccc12,Klebsiella pneumoniae,μg/mL,CHEMBL337481,1,0.2,0.2,0.2,-0.6989700043360187,B,high,1,1.0
NCC1(c2ccccc2)CCN(c2c(F)cc3c(=O)c(C(=O)O)cn(C4CC4)c3c2F)C1,O=c1ccn(C2CC2)c2cc(N3CCC(c4ccccc4)C3)ccc12,Klebsiella pneumoniae,μg/mL,CHEMBL166432,1,0.1,0.1,0.1,-1.0,B,high,1,1.0
NCC1CCC(N)C(OC2C(N)CC(N)C(OC3CC(N)C(O)C(CO)O3)C2O)O1,C1CCC(OC2CCCC(OC3CCCCO3)C2)OC1,Escherichia coli,μg/mL,CHEMBL287780,1,62.5,62.5,62.5,1.7958800173440752,B,high,1,1.0
NCC1CCC(N)C(OC2C(N)CC(N)C(OC3CC(N)C(O)C(CO)O3)C2O)O1,C1CCC(OC2CCCC(OC3CCCCO3)C2)OC1,Klebsiella pneumoniae,μg/mL,CHEMBL287780,1,3.9,3.9,3.9,0.5910646070264992,B,high,1,1.0
NCC1CCC(N)C(OC2C(N)CC(N)C(OC3CC(N)C(O)C(CO)O3)C2O)O1,C1CCC(OC2CCCC(OC3CCCCO3)C2)OC1,Pseudomonas aeruginosa,μg/mL,CHEMBL287780,7,7.8,7.8,15.6,0.8920946026904804,B,high,1,1.0
NCC1CCCN(c2c(F)c(N)c3c(=O)c(C(=O)O)cn(C4CC4)c3c2F)C1,O=c1ccn(C2CC2)c2cc(N3CCCCC3)ccc12,Escherichia coli,μg/mL,CHEMBL15472,1,0.05,0.05,0.05,-1.3010299956639813,B,high,1,1.0
NCC1CCCN(c2c(F)c(N)c3c(=O)c(C(=O)O)cn(C4CC4)c3c2F)C1,O=c1ccn(C2CC2)c2cc(N3CCCCC3)ccc12,Klebsiella pneumoniae,μg/mL,CHEMBL15472,1,0.1,0.1,0.1,-1.0,B,high,1,1.0
NCC1CCCN(c2c(F)c(N)c3c(=O)c(C(=O)O)cn(C4CC4)c3c2F)C1,O=c1ccn(C2CC2)c2cc(N3CCCCC3)ccc12,Pseudomonas aeruginosa,μg/mL,CHEMBL15472,1,0.8,0.8,0.8,-0.09691001300805639,B,high,1,1.0
NCC1CCCN(c2c(F)cc3c(=O)c(C(=O)O)cn(C4CC4)c3c2Cl)C1,O=c1ccn(C2CC2)c2cc(N3CCCCC3)ccc12,Escherichia coli,μg/mL,CHEMBL15347,1,0.1,0.1,0.1,-1.0,B,high,1,1.0
NCC1CCCN(c2c(F)cc3c(=O)c(C(=O)O)cn(C4CC4)c3c2Cl)C1,O=c1ccn(C2CC2)c2cc(N3CCCCC3)ccc12,Klebsiella pneumoniae,μg/mL,CHEMBL15347,1,0.2,0.2,0.2,-0.6989700043360187,B,high,1,1.0
NCC1CCCN(c2c(F)cc3c(=O)c(C(=O)O)cn(C4CC4)c3c2Cl)C1,O=c1ccn(C2CC2)c2cc(N3CCCCC3)ccc12,Pseudomonas aeruginosa,μg/mL,CHEMBL15347,1,1.6,1.6,1.6,0.2041199826559248,B,high,1,1.0
NCC1CCCN(c2c(F)cc3c(=O)c(C(=O)O)cn(C4CC4)c3c2F)C1,O=c1ccn(C2CC2)c2cc(N3CCCCC3)ccc12,Escherichia coli,μg/mL,CHEMBL15142,1,0.05,0.05,0.05,-1.3010299956639813,B,high,1,1.0
NCC1CCCN(c2c(F)cc3c(=O)c(C(=O)O)cn(C4CC4)c3c2F)C1,O=c1ccn(C2CC2)c2cc(N3CCCCC3)ccc12,Klebsiella pneumoniae,μg/mL,CHEMBL15142,1,0.2,0.2,0.2,-0.6989700043360187,B,high,1,1.0
NCC1CCCN(c2c(F)cc3c(=O)c(C(=O)O)cn(C4CC4)c3c2F)C1,O=c1ccn(C2CC2)c2cc(N3CCCCC3)ccc12,Pseudomonas aeruginosa,μg/mL,CHEMBL15142,1,0.4,0.4,0.4,-0.3979400086720376,B,high,1,1.0
NCC1CCCN(c2c(F)cc3c(=O)c(C(=O)O)cn(C4CC4)c3c2N)C1,O=c1ccn(C2CC2)c2cc(N3CCCCC3)ccc12,Escherichia coli,μg/mL,CHEMBL15345,1,0.4,0.4,0.4,-0.3979400086720376,B,high,1,1.0
NCC1CCCN(c2cc3c(cc2F)c(=O)c(C(=O)O)cn3C2CC2)C1,O=c1ccn(C2CC2)c2cc(N3CCCCC3)ccc12,Escherichia coli,μg/mL,CHEMBL15210,1,0.4,0.4,0.4,-0.3979400086720376,B,high,1,1.0
NCC1CCCN(c2cc3c(cc2F)c(=O)c(C(=O)O)cn3C2CC2)C1,O=c1ccn(C2CC2)c2cc(N3CCCCC3)ccc12,Klebsiella pneumoniae,μg/mL,CHEMBL15210,1,0.8,0.8,0.8,-0.09691001300805639,B,high,1,1.0
NCC1CCCN(c2cc3c(cc2F)c(=O)c(C(=O)O)cn3C2CC2)C1,O=c1ccn(C2CC2)c2cc(N3CCCCC3)ccc12,Pseudomonas aeruginosa,μg/mL,CHEMBL15210,1,3.1,3.1,3.1,0.4913616938342727,B,high,1,1.0
NCC1CCCN(c2nc3c(cc2F)c(=O)c(C(=O)O)cn3C2CC2)C1,O=c1ccn(C2CC2)c2nc(N3CCCCC3)ccc12,Klebsiella pneumoniae,μg/mL,CHEMBL140026,1,0.8,0.8,0.8,-0.09691001300805639,B,high,1,1.0
NCC1CCCN(c2nc3c(cc2F)c(=O)c(C(=O)O)cn3C2CC2)C1,O=c1ccn(C2CC2)c2nc(N3CCCCC3)ccc12,Pseudomonas aeruginosa,μg/mL,CHEMBL140026,1,6.3,6.3,6.3,0.7993405494535817,B,high,1,1.0
NCC1CCN(c2c(F)c(N)c3c(=O)c(C(=O)O)cn(C4CC4)c3c2F)C1,O=c1ccn(C2CC2)c2cc(N3CCCC3)ccc12,Escherichia coli,μg/mL,CHEMBL15391,3,0.013,0.003,0.013,-1.8860566476931633,B,high,2,1.0
NCC1CCN(c2c(F)c(N)c3c(=O)c(C(=O)O)cn(C4CC4)c3c2F)C1,O=c1ccn(C2CC2)c2cc(N3CCCC3)ccc12,Klebsiella pneumoniae,μg/mL,CHEMBL15391,1,0.025,0.025,0.025,-1.6020599913279623,B,high,1,1.0
NCC1CCN(c2c(F)c(N)c3c(=O)c(C(=O)O)cn(C4CC4)c3c2F)C1,O=c1ccn(C2CC2)c2cc(N3CCCC3)ccc12,Pseudomonas aeruginosa,μg/mL,CHEMBL15391,1,0.1,0.1,0.1,-1.0,B,high,1,1.0
NCC1CCN(c2c(F)cc3c(=O)c(C(=O)O)cn(C4CC4)c3c2F)C1,O=c1ccn(C2CC2)c2cc(N3CCCC3)ccc12,Escherichia coli,μg/mL,CHEMBL14919,1,0.025,0.025,0.025,-1.6020599913279623,B,high,1,1.0
NCC1CCN(c2c(F)cc3c(=O)c(C(=O)O)cn(C4CC4)c3c2F)C1,O=c1ccn(C2CC2)c2cc(N3CCCC3)ccc12,Klebsiella pneumoniae,μg/mL,CHEMBL14919,2,0.05,0.05,0.05,-1.3010299956639813,B,high,2,1.0
NCC1CCN(c2c(F)cc3c(=O)c(C(=O)O)cn(C4CC4)c3c2F)C1,O=c1ccn(C2CC2)c2cc(N3CCCC3)ccc12,Pseudomonas aeruginosa,μg/mL,CHEMBL14919,1,0.2,0.2,0.2,-0.6989700043360187,B,high,1,1.0
NCC1CCN(c2cc3c(cc2F)c(=O)c(C(=O)O)cn3C2CC2)C1,O=c1ccn(C2CC2)c2cc(N3CCCC3)ccc12,Escherichia coli,μg/mL,CHEMBL15296,1,0.05,0.05,0.05,-1.3010299956639813,B,high,1,1.0
NCC1CCN(c2cc3c(cc2F)c(=O)c(C(=O)O)cn3C2CC2)C1,O=c1ccn(C2CC2)c2cc(N3CCCC3)ccc12,Klebsiella pneumoniae,μg/mL,CHEMBL15296,1,0.05,0.05,0.05,-1.3010299956639813,B,high,1,1.0
NCC1CCN(c2cc3c(cc2F)c(=O)c(C(=O)O)cn3C2CC2)C1,O=c1ccn(C2CC2)c2cc(N3CCCC3)ccc12,Pseudomonas aeruginosa,μg/mL,CHEMBL15296,1,0.8,0.8,0.8,-0.09691001300805639,B,high,1,1.0
NCC1CCN(c2nc3c(cc2F)c(=O)c(C(=O)O)cn3-c2ccc(F)cc2F)C1,O=c1ccn(-c2ccccc2)c2nc(N3CCCC3)ccc12,Escherichia coli,μg/mL,CHEMBL276812,1,0.05,0.05,0.05,-1.3010299956639813,B,high,1,1.0
NCC1CCN(c2nc3c(cc2F)c(=O)c(C(=O)O)cn3C2CC2)C1,O=c1ccn(C2CC2)c2nc(N3CCCC3)ccc12,Escherichia coli,μg/mL,CHEMBL15314,1,0.05,0.05,0.05,-1.3010299956639813,B,high,1,1.0
NCC1CCN(c2nc3c(cc2F)c(=O)c(C(=O)O)cn3C2CC2)C1,O=c1ccn(C2CC2)c2nc(N3CCCC3)ccc12,Klebsiella pneumoniae,μg/mL,CHEMBL15314,1,0.1,0.1,0.1,-1.0,B,high,1,1.0
NCC1CCN(c2nc3c(cc2F)c(=O)c(C(=O)O)cn3C2CC2)C1,O=c1ccn(C2CC2)c2nc(N3CCCC3)ccc12,Pseudomonas aeruginosa,μg/mL,CHEMBL15314,1,0.2,0.2,0.2,-0.6989700043360187,B,high,1,1.0
NCC1CN(c2c(F)cc3c(=O)c(C(=O)O)cn(C4CC4)c3c2F)CC1c1ccccc1,O=c1ccn(C2CC2)c2cc(N3CCC(c4ccccc4)C3)ccc12,Klebsiella pneumoniae,μg/mL,CHEMBL130932,1,0.1,0.1,0.1,-1.0,B,high,1,1.0
NCC1OC(OC2C(N)CC(N)C(OC3CC(N)C(O)C(CO)O3)C2O)C(N)C(O)C1O,C1CCC(OC2CCCC(OC3CCCCO3)C2)OC1,Escherichia coli,μg/mL,CHEMBL37399,1,31.2,31.2,31.2,1.4941545940184429,B,high,1,1.0
NCC1OC(OC2C(N)CC(N)C(OC3CC(N)C(O)C(CO)O3)C2O)C(N)C(O)C1O,C1CCC(OC2CCCC(OC3CCCCO3)C2)OC1,Klebsiella pneumoniae,μg/mL,CHEMBL37399,1,3.9,3.9,3.9,0.5910646070264992,B,high,1,1.0
NCC1OC(OC2C(N)CC(N)C(OC3CC(N)C(O)C(CO)O3)C2O)C(N)C(O)C1O,C1CCC(OC2CCCC(OC3CCCCO3)C2)OC1,Pseudomonas aeruginosa,μg/mL,CHEMBL37399,1,31.2,31.2,31.2,1.4941545940184429,B,high,1,1.0
NCCCCCCNC(=O)[C@H]1NC(=O)[C@H]2NC(=O)[C@H](NC(=O)[C@@H]3NC(=O)[C@H]4NC(=O)[C@@H](Cc5ccc(c(Cl)c5)Oc5cc3cc(c5O)Oc3ccc(cc3Cl)[C@H]2O)NC(=O)[C@H](N)c2ccc(O)c(c2)Oc2cc(O)cc4c2)c2ccc(O)c(c2)-c2c(O)cc(O)cc21,O=C1Cc2cccc(c2)Oc2cccc(c2)[C@@H]2NC(=O)[C@@H](Cc3ccc(cc3)Oc3cc4cc(c3)[C@@H](NC2=O)C(=O)N[C@H]2C(=O)N[C@@H](Cc3ccc(cc3)O4)C(=O)NCc3ccccc3-c3cccc2c3)N1,Escherichia coli,μg/mL,CHEMBL2367602,1,4.0,4.0,4.0,0.6020599913279624,B,high,1,1.0
NCCCCCCNC(=O)[C@H]1NC(=O)[C@H]2NC(=O)[C@H](NC(=O)[C@@H]3NC(=O)[C@H]4NC(=O)[C@@H](Cc5ccc(c(Cl)c5)Oc5cc3cc(c5O)Oc3ccc(cc3Cl)[C@H]2O)NC(=O)[C@H](N)c2ccc(O)c(c2)Oc2cc(O)cc4c2)c2ccc(O)c(c2)-c2c(O)cc(O)cc21,O=C1Cc2cccc(c2)Oc2cccc(c2)[C@@H]2NC(=O)[C@@H](Cc3ccc(cc3)Oc3cc4cc(c3)[C@@H](NC2=O)C(=O)N[C@H]2C(=O)N[C@@H](Cc3ccc(cc3)O4)C(=O)NCc3ccccc3-c3cccc2c3)N1,Pseudomonas aeruginosa,μg/mL,CHEMBL2367602,1,64.0,64.0,64.0,1.806179973983887,B,high,1,1.0
NCCCCNC(=O)[C@H]1NC(=O)[C@H]2NC(=O)[C@H](NC(=O)[C@@H]3NC(=O)[C@H]4NC(=O)[C@@H](Cc5ccc(c(Cl)c5)Oc5cc3cc(c5O)Oc3ccc(cc3Cl)[C@H]2O)NC(=O)[C@H](N)c2ccc(O)c(c2)Oc2cc(O)cc4c2)c2ccc(O)c(c2)-c2c(O)cc(O)cc21,O=C1Cc2cccc(c2)Oc2cccc(c2)[C@@H]2NC(=O)[C@@H](Cc3ccc(cc3)Oc3cc4cc(c3)[C@@H](NC2=O)C(=O)N[C@H]2C(=O)N[C@@H](Cc3ccc(cc3)O4)C(=O)NCc3ccccc3-c3cccc2c3)N1,Escherichia coli,μg/mL,CHEMBL2367641,1,8.0,8.0,8.0,0.9030899869919435,B,high,1,1.0
NCCCCNC(=O)[C@H]1NC(=O)[C@H]2NC(=O)[C@H](NC(=O)[C@@H]3NC(=O)[C@H]4NC(=O)[C@@H](Cc5ccc(c(Cl)c5)Oc5cc3cc(c5O)Oc3ccc(cc3Cl)[C@H]2O)NC(=O)[C@H](N)c2ccc(O)c(c2)Oc2cc(O)cc4c2)c2ccc(O)c(c2)-c2c(O)cc(O)cc21,O=C1Cc2cccc(c2)Oc2cccc(c2)[C@@H]2NC(=O)[C@@H](Cc3ccc(cc3)Oc3cc4cc(c3)[C@@H](NC2=O)C(=O)N[C@H]2C(=O)N[C@@H](Cc3ccc(cc3)O4)C(=O)NCc3ccccc3-c3cccc2c3)N1,Pseudomonas aeruginosa,μg/mL,CHEMBL2367641,1,32.0,32.0,32.0,1.505149978319906,B,high,1,1.0
NCCCC[C@H](NC(=O)[C@H](CCCCN)NC(=O)[C@H](Cc1c[nH]c2ccccc12)NC(=O)[C@H](Cc1c[nH]c2ccccc12)NC(=O)[C@H](CCCCN)NC(=O)[C@H](Cc1c[nH]c2ccccc12)NC(=O)[C@H](Cc1c[nH]c2ccccc12)NC(=O)[C@H](CCCCN)NC(=O)[C@@H](N)CCCCN)C(=O)N[C@@H](Cc1c[nH]c2ccccc12)C(=O)O,O=C(CNC(=O)CNC(=O)[C@H](Cc1c[nH]c2ccccc12)NC(=O)[C@H](Cc1c[nH]c2ccccc12)NC(=O)CNC(=O)[C@H](Cc1c[nH]c2ccccc12)NC(=O)CCc1c[nH]c2ccccc12)NCCc1c[nH]c2ccccc12,Pseudomonas aeruginosa,μg/mL,CHEMBL409133,1,50.0,50.0,50.0,1.6989700043360187,B,high,1,1.0
NCCCNC(=O)[C@H]1NC(=O)[C@H]2NC(=O)[C@H](NC(=O)[C@@H]3NC(=O)[C@H]4NC(=O)[C@@H](Cc5ccc(c(Cl)c5)Oc5cc3cc(c5O)Oc3ccc(cc3Cl)[C@H]2O)NC(=O)[C@H](N)c2ccc(O)c(c2)Oc2cc(O)cc4c2)c2ccc(O)c(c2)-c2c(O)cc(O)cc21,O=C1Cc2cccc(c2)Oc2cccc(c2)[C@@H]2NC(=O)[C@@H](Cc3ccc(cc3)Oc3cc4cc(c3)[C@@H](NC2=O)C(=O)N[C@H]2C(=O)N[C@@H](Cc3ccc(cc3)O4)C(=O)NCc3ccccc3-c3cccc2c3)N1,Escherichia coli,μg/mL,CHEMBL2367642,1,4.0,4.0,4.0,0.6020599913279624,B,high,1,1.0
NCCCNC(=O)[C@H]1NC(=O)[C@H]2NC(=O)[C@H](NC(=O)[C@@H]3NC(=O)[C@H]4NC(=O)[C@@H](Cc5ccc(c(Cl)c5)Oc5cc3cc(c5O)Oc3ccc(cc3Cl)[C@H]2O)NC(=O)[C@H](N)c2ccc(O)c(c2)Oc2cc(O)cc4c2)c2ccc(O)c(c2)-c2c(O)cc(O)cc21,O=C1Cc2cccc(c2)Oc2cccc(c2)[C@@H]2NC(=O)[C@@H](Cc3ccc(cc3)Oc3cc4cc(c3)[C@@H](NC2=O)C(=O)N[C@H]2C(=O)N[C@@H](Cc3ccc(cc3)O4)C(=O)NCc3ccccc3-c3cccc2c3)N1,Pseudomonas aeruginosa,μg/mL,CHEMBL2367642,1,32.0,32.0,32.0,1.505149978319906,B,high,1,1.0
NCCC[C@@H](N)C(=O)N[C@@H](CCc1ccccc1)C(=O)Nc1cnc2ccccc2c1,O=C(CCCc1ccccc1)Nc1cnc2ccccc2c1,Pseudomonas aeruginosa,μg/mL,CHEMBL423249,5,0.125,0.015,4.0,-0.9030899869919435,B,high,1,1.0
NCCC[C@@H](N)C(=O)N[C@H](CCc1ccccc1)C(=O)Nc1cnc2ccccc2c1,O=C(CCCc1ccccc1)Nc1cnc2ccccc2c1,Pseudomonas aeruginosa,μg/mL,CHEMBL314747,5,2.0,0.125,4.0,0.3010299956639812,B,high,1,1.0
NCCC[C@H](N)C(=O)N[C@@H](CCc1ccccc1)C(=O)Nc1cnc2ccccc2c1,O=C(CCCc1ccccc1)Nc1cnc2ccccc2c1,Pseudomonas aeruginosa,μg/mL,CHEMBL160322,5,0.5,0.015,4.0,-0.3010299956639812,B,high,1,1.0
NCCC[C@H](N)C(=O)N[C@@H](Cc1ccccc1)C(=O)Nc1ccc2ccccc2c1,O=C(CCc1ccccc1)Nc1ccc2ccccc2c1,Pseudomonas aeruginosa,μg/mL,CHEMBL159232,1,512.0,512.0,512.0,2.709269960975831,B,high,1,1.0
NCCC[C@H](N)C(=O)N[C@H](CCc1ccccc1)C(=O)Nc1cnc2ccccc2c1,O=C(CCCc1ccccc1)Nc1cnc2ccccc2c1,Pseudomonas aeruginosa,μg/mL,CHEMBL160374,5,1.0,0.125,4.0,0.0,B,high,1,1.0
NCCC[C@H](NC(=O)/C=C/c1ccc(N)cc1)C(=O)N[C@@H](CCCN)C(=O)N[C@@H](Cc1c[nH]c2ccccc12)C(=O)N[C@@H](Cc1c[nH]c2ccccc12)C(N)=O,O=C(/C=C/c1ccccc1)NCC(=O)NCC(=O)N[C@@H](Cc1c[nH]c2ccccc12)C(=O)NCCc1c[nH]c2ccccc12,Acinetobacter baumannii,μg/mL,CHEMBL3221234,1,64.0,64.0,64.0,1.806179973983887,B,high,1,1.0
NCCC[C@H](NC(=O)[C@@H](N)CCCN)C(=O)N[C@@H](Cc1c[nH]c2ccccc12)C(=O)N[C@@H](Cc1c[nH]c2ccccc12)C(N)=O,O=C(CCc1c[nH]c2ccccc12)NCCc1c[nH]c2ccccc12,Acinetobacter baumannii,μg/mL,CHEMBL395673,1,512.0,512.0,512.0,2.709269960975831,B,high,1,1.0
NCCC[C@H](NC(=O)[C@@H](N)CCc1ccccc1)C(=O)Nc1cnc2ccccc2c1,O=C(CCCc1ccccc1)NCC(=O)Nc1cnc2ccccc2c1,Pseudomonas aeruginosa,μg/mL,CHEMBL342977,5,0.06,0.03,4.0,-1.2218487496163564,B,high,1,1.0
NCCC[C@H](NC(=O)[C@@H](N)Cc1ccccc1)C(=O)Nc1ccc2ccccc2c1,O=C(CCc1ccccc1)NCC(=O)Nc1ccc2ccccc2c1,Pseudomonas aeruginosa,μg/mL,CHEMBL144821,1,512.0,512.0,512.0,2.709269960975831,B,high,1,1.0
NCCC[C@H](NC(=O)c1ccc(-c2ccc(-c3ccccc3)cc2)cc1)C(=O)N[C@@H](CCCN)C(=O)N[C@@H](Cc1c[nH]c2ccccc12)C(=O)N[C@@H](Cc1c[nH]c2ccccc12)C(N)=O,O=C(CNC(=O)c1ccc(-c2ccc(-c3ccccc3)cc2)cc1)NCC(=O)N[C@@H](Cc1c[nH]c2ccccc12)C(=O)NCCc1c[nH]c2ccccc12,Acinetobacter baumannii,μg/mL,CHEMBL3221231,1,2.0,2.0,2.0,0.3010299956639812,B,high,1,1.0
NCCC[C@H](NC(=O)c1ccccc1N)C(=O)N[C@@H](CCCN)C(=O)N[C@@H](Cc1c[nH]c2ccccc12)C(=O)N[C@@H](Cc1c[nH]c2ccccc12)C(N)=O,O=C(CNC(=O)c1ccccc1)NCC(=O)N[C@@H](Cc1c[nH]c2ccccc12)C(=O)NCCc1c[nH]c2ccccc12,Acinetobacter baumannii,μg/mL,CHEMBL3221233,1,64.0,64.0,64.0,1.806179973983887,B,high,1,1.0
NCCN1CCN(c2cc3c(cc2N)c(=O)c(C(=O)O)cn3C2CC2)CC1,O=c1ccn(C2CC2)c2cc(N3CCNCC3)ccc12,Escherichia coli,μg/mL,CHEMBL298448,2,0.5,0.5,0.5,-0.3010299956639812,B,high,1,1.0
NCCN1CCN(c2cc3c(cc2N)c(=O)c(C(=O)O)cn3C2CC2)CC1,O=c1ccn(C2CC2)c2cc(N3CCNCC3)ccc12,Klebsiella pneumoniae,μg/mL,CHEMBL298448,1,0.5,0.5,0.5,-0.3010299956639812,B,high,1,1.0
NCCN1CCN(c2cc3c(cc2N)c(=O)c(C(=O)O)cn3C2CC2)CC1,O=c1ccn(C2CC2)c2cc(N3CCNCC3)ccc12,Pseudomonas aeruginosa,μg/mL,CHEMBL298448,1,32.0,32.0,32.0,1.505149978319906,B,high,1,1.0
NCCNC(=O)[C@H]1NC(=O)[C@H]2NC(=O)[C@H](NC(=O)[C@@H]3NC(=O)[C@H]4NC(=O)[C@@H](Cc5ccc(c(Cl)c5)Oc5cc3cc(c5O)Oc3ccc(cc3Cl)[C@H]2O)NC(=O)[C@H](N)c2ccc(O)c(c2)Oc2cc(O)cc4c2)c2ccc(O)c(c2)-c2c(O)cc(O)cc21,O=C1Cc2cccc(c2)Oc2cccc(c2)[C@@H]2NC(=O)[C@@H](Cc3ccc(cc3)Oc3cc4cc(c3)[C@@H](NC2=O)C(=O)N[C@H]2C(=O)N[C@@H](Cc3ccc(cc3)O4)C(=O)NCc3ccccc3-c3cccc2c3)N1,Escherichia coli,μg/mL,CHEMBL2367643,1,4.0,4.0,4.0,0.6020599913279624,B,high,1,1.0
NCCNC(=O)[C@H]1NC(=O)[C@H]2NC(=O)[C@H](NC(=O)[C@@H]3NC(=O)[C@H]4NC(=O)[C@@H](Cc5ccc(c(Cl)c5)Oc5cc3cc(c5O)Oc3ccc(cc3Cl)[C@H]2O)NC(=O)[C@H](N)c2ccc(O)c(c2)Oc2cc(O)cc4c2)c2ccc(O)c(c2)-c2c(O)cc(O)cc21,O=C1Cc2cccc(c2)Oc2cccc(c2)[C@@H]2NC(=O)[C@@H](Cc3ccc(cc3)Oc3cc4cc(c3)[C@@H](NC2=O)C(=O)N[C@H]2C(=O)N[C@@H](Cc3ccc(cc3)O4)C(=O)NCc3ccccc3-c3cccc2c3)N1,Pseudomonas aeruginosa,μg/mL,CHEMBL2367643,1,16.0,16.0,16.0,1.2041199826559248,B,high,1,1.0
NCCO/N=C(\C(=O)N[C@@H]1C(=O)N(S(=O)(=O)O)[C@@H]1CNC(=O)NCc1cc(=O)c(O)cn1O)c1csc(N)n1,N=C(C(=O)N[C@@H]1C(=O)N[C@@H]1CNC(=O)NCc1cc(=O)cc[nH]1)c1cscn1,Acinetobacter baumannii,μg/mL,CHEMBL2409651,1,4.0,4.0,4.0,0.6020599913279624,B,high,1,1.0
NCCSc1cc2c(cc1N)c(=O)c(C(=O)O)cn2C1CC1,O=c1ccn(C2CC2)c2ccccc12,Escherichia coli,μg/mL,CHEMBL416455,2,1.0,1.0,1.0,0.0,B,high,1,1.0
NCCSc1cc2c(cc1N)c(=O)c(C(=O)O)cn2C1CC1,O=c1ccn(C2CC2)c2ccccc12,Klebsiella pneumoniae,μg/mL,CHEMBL416455,1,2.0,2.0,2.0,0.3010299956639812,B,high,1,1.0
NCCSc1cc2c(cc1N)c(=O)c(C(=O)O)cn2C1CC1,O=c1ccn(C2CC2)c2ccccc12,Pseudomonas aeruginosa,μg/mL,CHEMBL416455,1,128.0,128.0,128.0,2.1072099696478683,B,high,1,1.0
NCC[C@H](O)C(=O)N[C@@H]1C[C@H](N)[C@@H](O[C@H]2O[C@H](CN)[C@@H](O)[C@H](O)[C@H]2O)[C@H](O)[C@H]1O[C@H]1O[C@H](CO)[C@@H](O)[C@H](N)[C@H]1O,C1CC[C@@H](O[C@@H]2CCC[C@H](O[C@@H]3CCCCO3)C2)OC1,Acinetobacter baumannii,μg/mL,CHEMBL177,93,6.0,0.5,256.0,0.7781512503836436,B,high,18,1.0
NCC[C@H](OC(=O)Nc1ccccc1)C(=O)N[C@@H]1C[C@H](N)[C@@H](C[C@H]2O[C@H](CN)[C@@H](OC(=O)Nc3ccccc3)[C@H](OC(=O)Nc3ccccc3)[C@H]2OC(=O)Nc2ccccc2)[C@H](OC(=O)Nc2ccccc2)[C@H]1O[C@H]1O[C@H](COC(=O)Nc2ccccc2)[C@@H](OC(=O)Nc2ccccc2)[C@H](N)[C@H]1OC(=O)Cc1ccccc1.O=C(O)C(F)(F)F,O=C(COC(=O)Nc1ccccc1)N[C@@H]1CC[C@@H](C[C@H]2OC[C@@H](OC(=O)Nc3ccccc3)[C@H](OC(=O)Nc3ccccc3)[C@H]2OC(=O)Nc2ccccc2)[C@H](OC(=O)Nc2ccccc2)[C@H]1O[C@H]1O[C@H](COC(=O)Nc2ccccc2)[C@@H](OC(=O)Nc2ccccc2)C[C@H]1OC(=O)Cc1ccccc1,Acinetobacter baumannii,μg/mL,CHEMBL1094343,1,256.0,256.0,256.0,2.4082399653118496,B,high,1,1.0
NCC[C@H](OCc1ccccc1)C(=O)N[C@@H]1C[C@H](N)[C@@H](C[C@H]2O[C@H](CN)[C@@H](OCc3ccccc3)[C@H](OCc3ccccc3)[C@H]2OCc2ccccc2)[C@H](OCc2ccccc2)[C@H]1O[C@H]1O[C@H](COCc2ccccc2)[C@@H](OCc2ccccc2)[C@H](N)[C@H]1OCc1ccccc1.O=C(O)C(F)(F)F,O=C(COCc1ccccc1)N[C@@H]1CC[C@@H](C[C@H]2OC[C@@H](OCc3ccccc3)[C@H](OCc3ccccc3)[C@H]2OCc2ccccc2)[C@H](OCc2ccccc2)[C@H]1O[C@H]1O[C@H](COCc2ccccc2)[C@@H](OCc2ccccc2)C[C@H]1OCc1ccccc1,Acinetobacter baumannii,μg/mL,CHEMBL1094655,1,32.0,32.0,32.0,1.505149978319906,B,high,1,1.0
NC[C@@H]1O[C@@H](O[C@H]2[C@H](O)[C@@H](O[C@H]3O[C@H](CO)[C@@H](O)[C@H](N)[C@H]3O)[C@H](N)C[C@@H]2N)[C@@H](O)[C@H](O)[C@H]1O,C1CC[C@@H](O[C@H]2CCC[C@@H](O[C@H]3CCCCO3)C2)OC1,Acinetobacter baumannii,μg/mL,CHEMBL223520,1,32.0,32.0,32.0,1.505149978319906,B,high,1,1.0
NC[C@@H]1O[C@H](O[C@H]2[C@@H](O)[C@H](O[C@@H]3[C@@H](O)[C@H](N)C[C@H](N)[C@H]3O[C@H]3O[C@H](CN)[C@@H](O)[C@H](O)[C@H]3N)O[C@@H]2CO)[C@H](N)[C@@H](O)[C@@H]1O,C1CC[C@@H](O[C@@H]2CO[C@@H](O[C@@H]3CCCC[C@H]3O[C@@H]3CCCCO3)C2)OC1,Acinetobacter baumannii,μg/mL,CHEMBL184618,1,64.0,64.0,64.0,1.806179973983887,B,high,1,1.0
NC[C@@H]1O[C@H](O[C@H]2[C@@H](OC(=O)Nc3ccccc3)[C@H](O[C@@H]3[C@@H](OC(=O)Nc4ccccc4)[C@H](N)C[C@H](N)[C@H]3O[C@H]3O[C@H](CN)[C@@H](OC(=O)Nc4ccccc4)[C@H](OC(=O)Nc4ccccc4)[C@H]3N)O[C@@H]2COC(=O)Nc2ccccc2)[C@H](N)[C@@H](OC(=O)Nc2ccccc2)[C@@H]1OC(=O)Nc1ccccc1.O=C(O)C(F)(F)F,O=C(Nc1ccccc1)OC[C@H]1O[C@@H](O[C@@H]2[C@@H](OC(=O)Nc3ccccc3)CCC[C@H]2O[C@@H]2C[C@@H](OC(=O)Nc3ccccc3)[C@H](OC(=O)Nc3ccccc3)CO2)[C@H](OC(=O)Nc2ccccc2)[C@@H]1O[C@@H]1C[C@@H](OC(=O)Nc2ccccc2)[C@H](OC(=O)Nc2ccccc2)CO1,Acinetobacter baumannii,μg/mL,CHEMBL1094336,1,32.0,32.0,32.0,1.505149978319906,B,high,1,1.0
NC[C@@H]1O[C@H](O[C@H]2[C@@H](OCc3ccccc3)[C@H](O[C@@H]3[C@@H](OCc4ccccc4)[C@H](N)C[C@H](N)[C@H]3O[C@H]3O[C@H](CN)[C@@H](OCc4ccccc4)[C@H](OCc4ccccc4)[C@H]3N)O[C@@H]2COCc2ccccc2)[C@H](N)[C@@H](OCc2ccccc2)[C@@H]1OCc1ccccc1.O=C(O)C(F)(F)F,c1ccc(COC[C@H]2O[C@@H](O[C@@H]3[C@@H](OCc4ccccc4)CCC[C@H]3O[C@@H]3C[C@@H](OCc4ccccc4)[C@H](OCc4ccccc4)CO3)[C@H](OCc3ccccc3)[C@@H]2O[C@@H]2C[C@@H](OCc3ccccc3)[C@H](OCc3ccccc3)CO2)cc1,Acinetobacter baumannii,μg/mL,CHEMBL1094345,1,16.0,16.0,16.0,1.2041199826559248,B,high,1,1.0
NC[C@H]1O[C@H](O[C@H]2[C@H](O)[C@@H](O[C@H]3O[C@H](CO)[C@@H](O)[C@H](N)[C@H]3O)[C@H](N)C[C@@H]2N)[C@H](N)C[C@@H]1O,C1CC[C@@H](O[C@@H]2CCC[C@H](O[C@@H]3CCCCO3)C2)OC1,Acinetobacter baumannii,μg/mL,CHEMBL1747,48,4.0,0.12,96.0,0.6020599913279624,B,high,7,1.0
NC[C@H]1O[C@H](O[C@H]2[C@H](O)[C@@H](O[C@H]3O[C@H](CO)[C@@H](O)[C@H](N)[C@H]3O)[C@H](N)C[C@@H]2N)[C@H](O)[C@@H](O)[C@@H]1O,C1CC[C@@H](O[C@@H]2CCC[C@H](O[C@@H]3CCCCO3)C2)OC1,Acinetobacter baumannii,μg/mL,CHEMBL1384,3,4.0,1.0,4.0,0.6020599913279624,B,high,3,1.0
NC[C@H]1O[C@H](O[C@H]2[C@H](O)[C@@H](O[C@H]3O[C@H](CO)[C@@H](O)[C@H](N)[C@H]3O)[C@H](N)C[C@@H]2N)[C@H](O)[C@@H](O)[C@@H]1O.O=S(=O)(O)O,C1CC[C@@H](O[C@@H]2CCC[C@H](O[C@@H]3CCCCO3)C2)OC1,Escherichia coli,μg/mL,CHEMBL1446,1,3.9,3.9,3.9,0.5910646070264992,B,high,1,1.0
NC[C@H]1O[C@H](O[C@H]2[C@H](O)[C@@H](O[C@H]3O[C@H](CO)[C@@H](O)[C@H](N)[C@H]3O)[C@H](N)C[C@@H]2N)[C@H](O)[C@@H](O)[C@@H]1O.O=S(=O)(O)O,C1CC[C@@H](O[C@@H]2CCC[C@H](O[C@@H]3CCCCO3)C2)OC1,Pseudomonas aeruginosa,μg/mL,CHEMBL1446,7,31.2,15.6,62.5,1.4941545940184429,B,high,1,1.0
NC[C@H]1O[C@H](O[C@H]2[C@H](OC(=O)Nc3ccccc3)[C@@H](OC(=O)Nc3ccccc3)[C@H](N)C[C@@H]2N)[C@H](N)[C@@H](OC(=O)Nc2ccccc2)[C@@H]1OC(=O)Nc1ccccc1.O=C(O)C(F)(F)F,O=C(Nc1ccccc1)O[C@@H]1[C@@H](OC(=O)Nc2ccccc2)CCC[C@H]1O[C@@H]1C[C@@H](OC(=O)Nc2ccccc2)[C@H](OC(=O)Nc2ccccc2)CO1,Acinetobacter baumannii,μg/mL,CHEMBL1077472,1,256.0,256.0,256.0,2.4082399653118496,B,high,1,1.0
NCc1ccc(-c2nn3c(-c4ccc(S(=O)(=O)c5ccc(Br)cc5)cc4)nnc3s2)cc1,O=S(=O)(c1ccccc1)c1ccc(-c2nnc3sc(-c4ccccc4)nn23)cc1,Acinetobacter baumannii,μg/mL,CHEMBL1631485,1,1024.0,1024.0,1024.0,3.010299956639812,B,high,1,1.0
NCc1ccc(-c2nn3c(-c4ccc(S(=O)(=O)c5ccccc5)cc4)nnc3s2)cc1,O=S(=O)(c1ccccc1)c1ccc(-c2nnc3sc(-c4ccccc4)nn23)cc1,Acinetobacter baumannii,μg/mL,CHEMBL1631478,1,1024.0,1024.0,1024.0,3.010299956639812,B,high,1,1.0
N[C@@H](C(=O)NC1C(=O)N2C(C(=O)O)=C(CSc3c[nH]nn3)CSC12)c1ccc2c(c1)OCO2,O=C(Cc1ccc2c(c1)OCO2)NC1C(=O)N2C=C(CSc3c[nH]nn3)CSC12,Klebsiella pneumoniae,μg/mL,CHEMBL2112684,1,3.1,3.1,3.1,0.4913616938342727,B,high,1,1.0
N[C@@H](C(=O)N[C@@H]1C(=O)N2C(C(=O)O)=C(Cl)CS[C@H]12)c1ccccc1,O=C(Cc1ccccc1)N[C@@H]1C(=O)N2C=CCS[C@H]12,Escherichia coli,μg/mL,CHEMBL680,2,26.56,3.12,50.0,1.4242280706959798,B,high,1,1.0
N[C@@H](C(=O)N[C@@H]1C(=O)N2C(C(=O)O)=C(Cl)CS[C@H]12)c1ccccc1,O=C(Cc1ccccc1)N[C@@H]1C(=O)N2C=CCS[C@H]12,Klebsiella pneumoniae,μg/mL,CHEMBL680,2,1.28,1.0,1.56,0.10720996964786837,B,high,2,1.0
N[C@@H](CCCCC(=O)O)C(=O)N1CCC[C@H]1C(=O)O,C1CCNC1,Klebsiella pneumoniae,μg/mL,CHEMBL171176,1,16.0,16.0,16.0,1.2041199826559248,B,high,1,1.0
N[C@@H]1CCCCN(c2c(F)cc3c(=O)c(C(=O)O)cn(C4CC4)c3c2Cl)C1,O=c1ccn(C2CC2)c2cc(N3CCCCCC3)ccc12,Acinetobacter baumannii,μg/mL,CHEMBL1201760,1,0.015,0.015,0.015,-1.8239087409443189,B,high,1,1.0
N[C@@H]1CCN(c2c(F)cc3c(=O)c(C(=O)O)cn(C4CC4)c3c2Cl)C1,O=c1ccn(C2CC2)c2cc(N3CCCC3)ccc12,Klebsiella pneumoniae,μg/mL,CHEMBL113334,1,0.025,0.025,0.025,-1.6020599913279623,B,high,1,1.0
N[C@@H]1CCN(c2c(F)cc3c(=O)c(C(=O)O)cn(C4CC4)c3c2Cl)C1,O=c1ccn(C2CC2)c2cc(N3CCCC3)ccc12,Pseudomonas aeruginosa,μg/mL,CHEMBL113334,1,0.05,0.05,0.05,-1.3010299956639813,B,high,1,1.0
N[C@@H]1CN(c2c(F)cc3c(=O)c(C(=O)O)cn(C4CC4)c3c2Cl)CC12CC2,O=c1ccn(C2CC2)c2cc(N3CCC4(CC4)C3)ccc12,Escherichia coli,μg/mL,CHEMBL115659,1,0.05,0.05,0.05,-1.3010299956639813,B,high,1,1.0
N[C@@H]1CN(c2c(F)cc3c(=O)c(C(=O)O)cn(C4CC4)c3c2Cl)CC12CC2,O=c1ccn(C2CC2)c2cc(N3CCC4(CC4)C3)ccc12,Klebsiella pneumoniae,μg/mL,CHEMBL115659,1,0.05,0.05,0.05,-1.3010299956639813,B,high,1,1.0
N[C@@H]1CN(c2c(F)cc3c(=O)c(C(=O)O)cn(C4CC4)c3c2Cl)CC12CC2,O=c1ccn(C2CC2)c2cc(N3CCC4(CC4)C3)ccc12,Pseudomonas aeruginosa,μg/mL,CHEMBL115659,1,0.39,0.39,0.39,-0.4089353929735008,B,high,1,1.0
N[C@@H]1CN(c2c(F)cc3c(=O)c(C(=O)O)cn(C4CC4F)c3c2Cl)CC12CC2,O=c1ccn(C2CC2)c2cc(N3CCC4(CC4)C3)ccc12,Escherichia coli,μg/mL,CHEMBL419573,2,0.028,0.006,0.05,-1.5528419686577808,B,high,1,1.0
N[C@@H]1CN(c2c(F)cc3c(=O)c(C(=O)O)cn(C4CC4F)c3c2Cl)CC12CC2,O=c1ccn(C2CC2)c2cc(N3CCC4(CC4)C3)ccc12,Klebsiella pneumoniae,μg/mL,CHEMBL419573,2,0.125,0.05,0.2,-0.9030899869919435,B,high,1,1.0
N[C@@H]1CN(c2c(F)cc3c(=O)c(C(=O)O)cn(C4CC4F)c3c2Cl)CC12CC2,O=c1ccn(C2CC2)c2cc(N3CCC4(CC4)C3)ccc12,Pseudomonas aeruginosa,μg/mL,CHEMBL419573,2,0.9750000000000001,0.39,1.56,-0.010995384301463145,B,high,1,1.0
N[C@@H]1CN(c2c(F)cc3c(=O)c(C(=O)O)cn([C@@H]4C[C@@H]4F)c3c2Cl)CC12CC2,O=c1ccn(C2CC2)c2cc(N3CCC4(CC4)C3)ccc12,Klebsiella pneumoniae,μg/mL,CHEMBL108821,1,0.025,0.025,0.025,-1.6020599913279623,B,high,1,1.0
N[C@@H]1CN(c2c(F)cc3c(=O)c(C(=O)O)cn([C@@H]4C[C@@H]4F)c3c2Cl)CC12CC2,O=c1ccn(C2CC2)c2cc(N3CCC4(CC4)C3)ccc12,Pseudomonas aeruginosa,μg/mL,CHEMBL108821,1,0.05,0.05,0.05,-1.3010299956639813,B,high,1,1.0
N[C@@H]1CN(c2c(F)cc3c(=O)c(C(=O)O)cn([C@H]4C[C@H]4F)c3c2Cl)CC12CC2,O=c1ccn(C2CC2)c2cc(N3CCC4(CC4)C3)ccc12,Escherichia coli,μg/mL,CHEMBL607160,1,0.013,0.013,0.013,-1.8860566476931633,B,high,1,1.0
N[C@@H]1CN(c2c(F)cc3c(=O)c(C(=O)O)cn([C@H]4C[C@H]4F)c3c2Cl)CC12CC2,O=c1ccn(C2CC2)c2cc(N3CCC4(CC4)C3)ccc12,Klebsiella pneumoniae,μg/mL,CHEMBL607160,1,0.025,0.025,0.025,-1.6020599913279623,B,high,1,1.0
N[C@@H]1CN(c2c(F)cc3c(=O)c(C(=O)O)cn([C@H]4C[C@H]4F)c3c2Cl)CC12CC2,O=c1ccn(C2CC2)c2cc(N3CCC4(CC4)C3)ccc12,Pseudomonas aeruginosa,μg/mL,CHEMBL607160,1,0.2,0.2,0.2,-0.6989700043360187,B,high,1,1.0
N[C@@H]1CN(c2cc3c(cc2F)c(=O)c(C(=O)O)cn3C2CC2)C[C@H]1N.O=C(O)C(F)(F)F,O=c1ccn(C2CC2)c2cc(N3CCCC3)ccc12,Klebsiella pneumoniae,μg/mL,CHEMBL423403,2,2.0625,0.125,4.0,0.31439395722196267,B,high,1,1.0
N[C@@H]1CONC1=O,O=C1CCON1,Escherichia coli,μg/mL,CHEMBL771,4,16.25,0.25,128.0,1.2108533653148932,B,high,1,1.0
N[C@@H]1CONC1=O,O=C1CCON1,Klebsiella pneumoniae,μg/mL,CHEMBL771,1,8.0,8.0,8.0,0.9030899869919435,B,high,1,1.0
N[C@@H]1CONC1=O,O=C1CCON1,Pseudomonas aeruginosa,μg/mL,CHEMBL771,2,96.0,64.0,128.0,1.9822712330395684,B,high,1,1.0
N[C@H]1C(=O)N[C@@H]2Cc3ccc(c(Cl)c3)Oc3cc4cc(c3O)Oc3ccc(cc3Cl)[C@@H](O)[C@@H]3NC(=O)[C@H](NC(=O)[C@@H]4NC(=O)[C@@H](NC2=O)c2cc(O)cc(c2)Oc2cc1ccc2O)c1ccc(O)c(c1)-c1c(O)cc(O)cc1[C@@H](C(=O)N1CCOCC1)NC3=O,O=C1Cc2cccc(c2)Oc2cccc(c2)[C@@H]2NC(=O)[C@@H](Cc3ccc(cc3)Oc3cc4cc(c3)[C@@H](NC2=O)C(=O)N[C@H]2C(=O)N[C@@H](Cc3ccc(cc3)O4)C(=O)N[C@H](C(=O)N3CCOCC3)c3ccccc3-c3cccc2c3)N1,Escherichia coli,μg/mL,CHEMBL2367620,1,16.0,16.0,16.0,1.2041199826559248,B,high,1,1.0
N[C@H]1C(=O)N[C@@H]2Cc3ccc(c(Cl)c3)Oc3cc4cc(c3O)Oc3ccc(cc3Cl)[C@@H](O)[C@@H]3NC(=O)[C@H](NC(=O)[C@@H]4NC(=O)[C@@H](NC2=O)c2cc(O)cc(c2)Oc2cc1ccc2O)c1ccc(O)c(c1)-c1c(O)cc(O)cc1[C@@H](C(=O)N1CCOCC1)NC3=O,O=C1Cc2cccc(c2)Oc2cccc(c2)[C@@H]2NC(=O)[C@@H](Cc3ccc(cc3)Oc3cc4cc(c3)[C@@H](NC2=O)C(=O)N[C@H]2C(=O)N[C@@H](Cc3ccc(cc3)O4)C(=O)N[C@H](C(=O)N3CCOCC3)c3ccccc3-c3cccc2c3)N1,Pseudomonas aeruginosa,μg/mL,CHEMBL2367620,1,64.0,64.0,64.0,1.806179973983887,B,high,1,1.0
N[C@H]1C(=O)N[C@@H]2Cc3ccc(c(Cl)c3)Oc3cc4cc(c3O)Oc3ccc(cc3Cl)[C@@H](O)[C@@H]3NC(=O)[C@H](NC(=O)[C@@H]4NC(=O)[C@@H](NC2=O)c2cc(O)cc(c2)Oc2cc1ccc2O)c1ccc(O)c(c1)-c1c(O)cc(O)cc1[C@@H](C(=O)NC1CN2CCC1CC2)NC3=O,O=C1Cc2cccc(c2)Oc2cccc(c2)[C@@H]2NC(=O)[C@@H](Cc3ccc(cc3)Oc3cc4cc(c3)[C@@H](NC2=O)C(=O)N[C@H]2C(=O)N[C@@H](Cc3ccc(cc3)O4)C(=O)N[C@H](C(=O)NC3CN4CCC3CC4)c3ccccc3-c3cccc2c3)N1,Escherichia coli,μg/mL,CHEMBL2367633,1,8.0,8.0,8.0,0.9030899869919435,B,high,1,1.0
N[C@H]1C(=O)N[C@@H]2Cc3ccc(c(Cl)c3)Oc3cc4cc(c3O)Oc3ccc(cc3Cl)[C@@H](O)[C@@H]3NC(=O)[C@H](NC(=O)[C@@H]4NC(=O)[C@@H](NC2=O)c2cc(O)cc(c2)Oc2cc1ccc2O)c1ccc(O)c(c1)-c1c(O)cc(O)cc1[C@@H](C(=O)NC1CN2CCC1CC2)NC3=O,O=C1Cc2cccc(c2)Oc2cccc(c2)[C@@H]2NC(=O)[C@@H](Cc3ccc(cc3)Oc3cc4cc(c3)[C@@H](NC2=O)C(=O)N[C@H]2C(=O)N[C@@H](Cc3ccc(cc3)O4)C(=O)N[C@H](C(=O)NC3CN4CCC3CC4)c3ccccc3-c3cccc2c3)N1,Pseudomonas aeruginosa,μg/mL,CHEMBL2367633,1,32.0,32.0,32.0,1.505149978319906,B,high,1,1.0
N[C@H]1C(=O)N[C@@H]2Cc3ccc(c(Cl)c3)Oc3cc4cc(c3O)Oc3ccc(cc3Cl)[C@@H](O)[C@@H]3NC(=O)[C@H](NC(=O)[C@@H]4NC(=O)[C@@H](NC2=O)c2cc(O)cc(c2)Oc2cc1ccc2O)c1ccc(O)c(c1)-c1c(O)cc(O)cc1[C@@H](C(=O)NCCCCCC(=O)N[C@@H]1[C@@H](O)[C@@H](O)[C@@H](CO)O[C@H]1O)NC3=O,O=C(CCCCCNC(=O)[C@H]1NC(=O)[C@@H]2Cc3ccc(cc3)Oc3cc4cc(c3)[C@@H](NC(=O)[C@H]3NC(=O)[C@@H](Cc5ccc(cc5)O4)NC(=O)Cc4cccc(c4)Oc4cccc3c4)C(=O)N[C@@H](C(=O)N2)c2cccc(c2)-c2ccccc21)N[C@@H]1CCCOC1,Escherichia coli,μg/mL,CHEMBL2367609,1,64.0,64.0,64.0,1.806179973983887,B,high,1,1.0
N[C@H]1C(=O)N[C@@H]2Cc3ccc(c(Cl)c3)Oc3cc4cc(c3O)Oc3ccc(cc3Cl)[C@@H](O)[C@@H]3NC(=O)[C@H](NC(=O)[C@@H]4NC(=O)[C@@H](NC2=O)c2cc(O)cc(c2)Oc2cc1ccc2O)c1ccc(O)c(c1)-c1c(O)cc(O)cc1[C@@H](C(=O)NCCCN1CCOCC1)NC3=O,O=C1Cc2cccc(c2)Oc2cccc(c2)[C@@H]2NC(=O)[C@@H](Cc3ccc(cc3)Oc3cc4cc(c3)[C@@H](NC2=O)C(=O)N[C@H]2C(=O)N[C@@H](Cc3ccc(cc3)O4)C(=O)N[C@H](C(=O)NCCCN3CCOCC3)c3ccccc3-c3cccc2c3)N1,Escherichia coli,μg/mL,CHEMBL2367644,1,8.0,8.0,8.0,0.9030899869919435,B,high,1,1.0
N[C@H]1C(=O)N[C@@H]2Cc3ccc(c(Cl)c3)Oc3cc4cc(c3O)Oc3ccc(cc3Cl)[C@@H](O)[C@@H]3NC(=O)[C@H](NC(=O)[C@@H]4NC(=O)[C@@H](NC2=O)c2cc(O)cc(c2)Oc2cc1ccc2O)c1ccc(O)c(c1)-c1c(O)cc(O)cc1[C@@H](C(=O)NCCCN1CCOCC1)NC3=O,O=C1Cc2cccc(c2)Oc2cccc(c2)[C@@H]2NC(=O)[C@@H](Cc3ccc(cc3)Oc3cc4cc(c3)[C@@H](NC2=O)C(=O)N[C@H]2C(=O)N[C@@H](Cc3ccc(cc3)O4)C(=O)N[C@H](C(=O)NCCCN3CCOCC3)c3ccccc3-c3cccc2c3)N1,Pseudomonas aeruginosa,μg/mL,CHEMBL2367644,1,32.0,32.0,32.0,1.505149978319906,B,high,1,1.0
N[C@H]1C(=O)N[C@@H]2Cc3ccc(c(Cl)c3)Oc3cc4cc(c3O)Oc3ccc(cc3Cl)[C@@H](O)[C@@H]3NC(=O)[C@H](NC(=O)[C@@H]4NC(=O)[C@@H](NC2=O)c2cc(O)cc(c2)Oc2cc1ccc2O)c1ccc(O)c(c1)-c1c(O)cc(O)cc1[C@@H](C(=O)NCCN1CCCC1)NC3=O,O=C1Cc2cccc(c2)Oc2cccc(c2)[C@@H]2NC(=O)[C@@H](Cc3ccc(cc3)Oc3cc4cc(c3)[C@@H](NC2=O)C(=O)N[C@H]2C(=O)N[C@@H](Cc3ccc(cc3)O4)C(=O)N[C@H](C(=O)NCCN3CCCC3)c3ccccc3-c3cccc2c3)N1,Escherichia coli,μg/mL,CHEMBL2367626,1,8.0,8.0,8.0,0.9030899869919435,B,high,1,1.0
N[C@H]1C(=O)N[C@@H]2Cc3ccc(c(Cl)c3)Oc3cc4cc(c3O)Oc3ccc(cc3Cl)[C@@H](O)[C@@H]3NC(=O)[C@H](NC(=O)[C@@H]4NC(=O)[C@@H](NC2=O)c2cc(O)cc(c2)Oc2cc1ccc2O)c1ccc(O)c(c1)-c1c(O)cc(O)cc1[C@@H](C(=O)NCCN1CCCC1)NC3=O,O=C1Cc2cccc(c2)Oc2cccc(c2)[C@@H]2NC(=O)[C@@H](Cc3ccc(cc3)Oc3cc4cc(c3)[C@@H](NC2=O)C(=O)N[C@H]2C(=O)N[C@@H](Cc3ccc(cc3)O4)C(=O)N[C@H](C(=O)NCCN3CCCC3)c3ccccc3-c3cccc2c3)N1,Pseudomonas aeruginosa,μg/mL,CHEMBL2367626,1,64.0,64.0,64.0,1.806179973983887,B,high,1,1.0
N[C@H]1C(=O)N[C@@H]2Cc3ccc(c(Cl)c3)Oc3cc4cc(c3O)Oc3ccc(cc3Cl)[C@@H](O)[C@@H]3NC(=O)[C@H](NC(=O)[C@@H]4NC(=O)[C@@H](NC2=O)c2cc(O)cc(c2)Oc2cc1ccc2O)c1ccc(O)c(c1)-c1c(O)cc(O)cc1[C@@H](C(=O)NCCN1CCOCC1)NC3=O,O=C1Cc2cccc(c2)Oc2cccc(c2)[C@@H]2NC(=O)[C@@H](Cc3ccc(cc3)Oc3cc4cc(c3)[C@@H](NC2=O)C(=O)N[C@H]2C(=O)N[C@@H](Cc3ccc(cc3)O4)C(=O)N[C@H](C(=O)NCCN3CCOCC3)c3ccccc3-c3cccc2c3)N1,Escherichia coli,μg/mL,CHEMBL2367625,1,16.0,16.0,16.0,1.2041199826559248,B,high,1,1.0
N[C@H]1C(=O)N[C@@H]2Cc3ccc(c(Cl)c3)Oc3cc4cc(c3O)Oc3ccc(cc3Cl)[C@@H](O)[C@@H]3NC(=O)[C@H](NC(=O)[C@@H]4NC(=O)[C@@H](NC2=O)c2cc(O)cc(c2)Oc2cc1ccc2O)c1ccc(O)c(c1)-c1c(O)cc(O)cc1[C@@H](C(=O)NCCN1CCOCC1)NC3=O,O=C1Cc2cccc(c2)Oc2cccc(c2)[C@@H]2NC(=O)[C@@H](Cc3ccc(cc3)Oc3cc4cc(c3)[C@@H](NC2=O)C(=O)N[C@H]2C(=O)N[C@@H](Cc3ccc(cc3)O4)C(=O)N[C@H](C(=O)NCCN3CCOCC3)c3ccccc3-c3cccc2c3)N1,Pseudomonas aeruginosa,μg/mL,CHEMBL2367625,1,64.0,64.0,64.0,1.806179973983887,B,high,1,1.0
N[C@H]1C(=O)N[C@@H]2Cc3ccc(c(Cl)c3)Oc3cc4cc(c3O)Oc3ccc(cc3Cl)[C@@H](O)[C@@H]3NC(=O)[C@H](NC(=O)[C@@H]4NC(=O)[C@@H](NC2=O)c2cc(O)cc(c2)Oc2cc1ccc2O)c1ccc(O)c(c1)-c1c(O)cc(O)cc1[C@@H](C(=O)O)NC3=O,O=C1Cc2cccc(c2)Oc2cccc(c2)[C@@H]2NC(=O)[C@@H](Cc3ccc(cc3)Oc3cc4cc(c3)[C@@H](NC2=O)C(=O)N[C@H]2C(=O)N[C@@H](Cc3ccc(cc3)O4)C(=O)NCc3ccccc3-c3cccc2c3)N1,Escherichia coli,μg/mL,CHEMBL2348244,1,64.0,64.0,64.0,1.806179973983887,B,high,1,1.0
N[C@H]1CCCN(c2c(F)cc3c(=O)c(C(=O)O)cn(C4CC4)c3c2F)C1,O=c1ccn(C2CC2)c2cc(N3CCCCC3)ccc12,Pseudomonas aeruginosa,μg/mL,CHEMBL331076,1,0.5,0.5,0.5,-0.3010299956639812,B,high,1,1.0
N[C@H]1CCCN(c2ccc3c(=O)c(C(=O)O)cn(C4CC4)c3c2Cl)C1,O=c1ccn(C2CC2)c2cc(N3CCCCC3)ccc12,Pseudomonas aeruginosa,μg/mL,CHEMBL122691,1,0.5,0.5,0.5,-0.3010299956639812,B,high,1,1.0
N[C@H]1CCCN(c2nc3c(cc2F)c(=O)c(C(=O)O)cn3C2CC2)C1,O=c1ccn(C2CC2)c2nc(N3CCCCC3)ccc12,Pseudomonas aeruginosa,μg/mL,CHEMBL121176,1,1.0,1.0,1.0,0.0,B,high,1,1.0
N[C@H]1CCN(c2c(F)cc3c(=O)c(C(=O)O)cn([C@@H]4C[C@@H]4F)c3c2Cl)C1,O=c1ccn(C2CC2)c2cc(N3CCCC3)ccc12,Escherichia coli,μg/mL,CHEMBL1794953,1,0.006,0.006,0.006,-2.221848749616356,B,high,1,1.0
N[C@H]1CCN(c2c(F)cc3c(=O)c(C(=O)O)cn([C@@H]4C[C@@H]4F)c3c2Cl)C1,O=c1ccn(C2CC2)c2cc(N3CCCC3)ccc12,Klebsiella pneumoniae,μg/mL,CHEMBL1794953,1,0.05,0.05,0.05,-1.3010299956639813,B,high,1,1.0
N[C@H]1CCN(c2c(F)cc3c(=O)c(C(=O)O)cn([C@@H]4C[C@@H]4F)c3c2Cl)C1,O=c1ccn(C2CC2)c2cc(N3CCCC3)ccc12,Pseudomonas aeruginosa,μg/mL,CHEMBL1794953,1,0.05,0.05,0.05,-1.3010299956639813,B,high,1,1.0
N[C@H]1CCN(c2c(F)cc3c(=O)c(C(=O)O)cn([C@H]4C[C@H]4F)c3c2Cl)C1,O=c1ccn(C2CC2)c2cc(N3CCCC3)ccc12,Escherichia coli,μg/mL,CHEMBL1794952,1,0.013,0.013,0.013,-1.8860566476931633,B,high,1,1.0
N[C@H]1CCN(c2c(F)cc3c(=O)c(C(=O)O)cn([C@H]4C[C@H]4F)c3c2Cl)C1,O=c1ccn(C2CC2)c2cc(N3CCCC3)ccc12,Klebsiella pneumoniae,μg/mL,CHEMBL1794952,1,0.05,0.05,0.05,-1.3010299956639813,B,high,1,1.0
N[C@H]1CCN(c2c(F)cc3c(=O)c(C(=O)O)cn([C@H]4C[C@H]4F)c3c2Cl)C1,O=c1ccn(C2CC2)c2cc(N3CCCC3)ccc12,Pseudomonas aeruginosa,μg/mL,CHEMBL1794952,1,0.1,0.1,0.1,-1.0,B,high,1,1.0
N[C@H]1CN(c2c(F)cc3c(=O)c(C(=O)O)cn(C4CC4)c3c2Cl)CC12CC2,O=c1ccn(C2CC2)c2cc(N3CCC4(CC4)C3)ccc12,Klebsiella pneumoniae,μg/mL,CHEMBL320039,1,0.025,0.025,0.025,-1.6020599913279623,B,high,1,1.0
N[C@H]1CN(c2c(F)cc3c(=O)c(C(=O)O)cn(C4CC4)c3c2Cl)CC12CC2,O=c1ccn(C2CC2)c2cc(N3CCC4(CC4)C3)ccc12,Pseudomonas aeruginosa,μg/mL,CHEMBL320039,1,0.05,0.05,0.05,-1.3010299956639813,B,high,1,1.0
N[C@H]1CN(c2c(F)cc3c(=O)c(C(=O)O)cn(C4CC4F)c3c2Cl)CC12CC2,O=c1ccn(C2CC2)c2cc(N3CCC4(CC4)C3)ccc12,Escherichia coli,μg/mL,CHEMBL115268,2,0.22,0.05,0.39,-0.6575773191777937,B,high,1,1.0
N[C@H]1CN(c2c(F)cc3c(=O)c(C(=O)O)cn(C4CC4F)c3c2Cl)CC12CC2,O=c1ccn(C2CC2)c2cc(N3CCC4(CC4)C3)ccc12,Klebsiella pneumoniae,μg/mL,CHEMBL115268,2,0.9750000000000001,0.39,1.56,-0.010995384301463145,B,high,1,1.0
N[C@H]1CN(c2c(F)cc3c(=O)c(C(=O)O)cn(C4CC4F)c3c2Cl)CC12CC2,O=c1ccn(C2CC2)c2cc(N3CCC4(CC4)C3)ccc12,Pseudomonas aeruginosa,μg/mL,CHEMBL115268,2,3.9050000000000002,1.56,6.25,0.5916210382133191,B,high,1,1.0
N[C@H]1CN(c2c(F)cc3c(=O)c(C(=O)O)cn([C@@H]4C[C@@H]4F)c3c2Cl)CC12CC2,O=c1ccn(C2CC2)c2cc(N3CCC4(CC4)C3)ccc12,Escherichia coli,μg/mL,CHEMBL607110,1,0.025,0.025,0.025,-1.6020599913279623,B,high,1,1.0
N[C@H]1CN(c2c(F)cc3c(=O)c(C(=O)O)cn([C@@H]4C[C@@H]4F)c3c2Cl)CC12CC2,O=c1ccn(C2CC2)c2cc(N3CCC4(CC4)C3)ccc12,Klebsiella pneumoniae,μg/mL,CHEMBL607110,1,0.05,0.05,0.05,-1.3010299956639813,B,high,1,1.0
N[C@H]1CN(c2c(F)cc3c(=O)c(C(=O)O)cn([C@@H]4C[C@@H]4F)c3c2Cl)CC12CC2,O=c1ccn(C2CC2)c2cc(N3CCC4(CC4)C3)ccc12,Pseudomonas aeruginosa,μg/mL,CHEMBL607110,1,0.39,0.39,0.39,-0.4089353929735008,B,high,1,1.0
N[C@H]1CN(c2c(F)cc3c(=O)c(C(=O)O)cn([C@H]4C[C@H]4F)c3c2Cl)CC12CC2,O=c1ccn(C2CC2)c2cc(N3CCC4(CC4)C3)ccc12,Escherichia coli,μg/mL,CHEMBL607108,1,0.05,0.05,0.05,-1.3010299956639813,B,high,1,1.0
N[C@H]1CN(c2c(F)cc3c(=O)c(C(=O)O)cn([C@H]4C[C@H]4F)c3c2Cl)CC12CC2,O=c1ccn(C2CC2)c2cc(N3CCC4(CC4)C3)ccc12,Klebsiella pneumoniae,μg/mL,CHEMBL607108,1,0.1,0.1,0.1,-1.0,B,high,1,1.0
N[C@H]1CN(c2c(F)cc3c(=O)c(C(=O)O)cn([C@H]4C[C@H]4F)c3c2Cl)CC12CC2,O=c1ccn(C2CC2)c2cc(N3CCC4(CC4)C3)ccc12,Pseudomonas aeruginosa,μg/mL,CHEMBL607108,1,0.78,0.78,0.78,-0.10790539730951958,B,high,1,1.0
Nc1c(F)c(N2CCC(N)C2)c(F)c2c1c(=O)c(C(=O)O)cn2C1CC1,O=c1ccn(C2CC2)c2cc(N3CCCC3)ccc12,Escherichia coli,μg/mL,CHEMBL15186,3,0.006,0.003,0.006,-2.221848749616356,B,high,2,1.0
Nc1c(F)c(N2CCC(N)C2)c(F)c2c1c(=O)c(C(=O)O)cn2C1CC1,O=c1ccn(C2CC2)c2cc(N3CCCC3)ccc12,Klebsiella pneumoniae,μg/mL,CHEMBL15186,2,0.006,0.006,0.006,-2.221848749616356,B,high,2,1.0
Nc1c(F)c(N2CCC(N)C2)c(F)c2c1c(=O)c(C(=O)O)cn2C1CC1,O=c1ccn(C2CC2)c2cc(N3CCCC3)ccc12,Pseudomonas aeruginosa,μg/mL,CHEMBL15186,2,0.05,0.05,0.05,-1.3010299956639813,B,high,2,1.0
Nc1c(F)c(N2CCC(N)C2)cc2c1c(=O)c(C(=O)O)cn2C1CC1,O=c1ccn(C2CC2)c2cc(N3CCCC3)ccc12,Escherichia coli,μg/mL,CHEMBL278008,1,0.013,0.013,0.013,-1.8860566476931633,B,high,1,1.0
Nc1c(F)c(N2CCNCC2)c(F)c2c1c(=O)c(C(=O)O)cn2C1CC1,O=c1ccn(C2CC2)c2cc(N3CCNCC3)ccc12,Escherichia coli,μg/mL,CHEMBL274469,2,0.008,0.003,0.013,-2.0969100130080562,B,high,1,1.0
Nc1c(F)c(N2CCNCC2)c(F)c2c1c(=O)c(C(=O)O)cn2C1CC1,O=c1ccn(C2CC2)c2cc(N3CCNCC3)ccc12,Klebsiella pneumoniae,μg/mL,CHEMBL274469,1,0.025,0.025,0.025,-1.6020599913279623,B,high,1,1.0
Nc1c(F)c(N2CCNCC2)c(F)c2c1c(=O)c(C(=O)O)cn2C1CC1,O=c1ccn(C2CC2)c2cc(N3CCNCC3)ccc12,Pseudomonas aeruginosa,μg/mL,CHEMBL274469,1,0.025,0.025,0.025,-1.6020599913279623,B,high,1,1.0
Nc1c(N2CCNCC2)c(F)cc2c(=O)c(C(=O)O)cn(C3CC3)c12,O=c1ccn(C2CC2)c2cc(N3CCNCC3)ccc12,Klebsiella pneumoniae,μg/mL,CHEMBL360952,1,0.8,0.8,0.8,-0.09691001300805639,B,high,1,1.0
Nc1c(N2CCNCC2)c(F)cc2c(=O)c(C(=O)O)cn(C3CC3)c12,O=c1ccn(C2CC2)c2cc(N3CCNCC3)ccc12,Pseudomonas aeruginosa,μg/mL,CHEMBL360952,1,0.8,0.8,0.8,-0.09691001300805639,B,high,1,1.0
Nc1cc(N)nc(SCSC2=C(C(=O)O)N3C(=O)C(NC(=O)/C(=N\O)c4csc(N)n4)C3SC2)n1,N=C(C(=O)NC1C(=O)N2C=C(SCSc3ncccn3)CSC12)c1cscn1,Klebsiella pneumoniae,μg/mL,CHEMBL69057,1,0.5,0.5,0.5,-0.3010299956639812,B,high,1,1.0
Nc1cc(N)nc(SCSC2=C(C(=O)O)N3C(=O)C(NC(=O)/C(=N\O)c4nc(N)sc4Cl)C3SC2)n1,N=C(C(=O)NC1C(=O)N2C=C(SCSc3ncccn3)CSC12)c1cscn1,Klebsiella pneumoniae,μg/mL,CHEMBL63695,1,8.0,8.0,8.0,0.9030899869919435,B,high,1,1.0
Nc1cc(SC2=C(C(=O)O)N3C(=O)C(NC(=O)/C(=N\O)c4csc(N)n4)C3SC2)nc(N)n1,N=C(C(=O)NC1C(=O)N2C=C(Sc3ccncn3)CSC12)c1cscn1,Klebsiella pneumoniae,μg/mL,CHEMBL67453,1,1.0,1.0,1.0,0.0,B,high,1,1.0
Nc1cc(SC2=C(C(=O)O)N3C(=O)C(NC(=O)/C(=N\O)c4nc(N)sc4Cl)C3SC2)nc(N)n1,N=C(C(=O)NC1C(=O)N2C=C(Sc3ccncn3)CSC12)c1cscn1,Klebsiella pneumoniae,μg/mL,CHEMBL302608,1,2.0,2.0,2.0,0.3010299956639812,B,high,1,1.0
Nc1cc(SCSC2=C(C(=O)O)N3C(=O)C(NC(=O)/C(=N\O)c4csc(N)n4)C3SC2)nc(N)n1,N=C(C(=O)NC1C(=O)N2C=C(SCSc3ccncn3)CSC12)c1cscn1,Klebsiella pneumoniae,μg/mL,CHEMBL66807,1,0.5,0.5,0.5,-0.3010299956639812,B,high,1,1.0
Nc1cc(SCSC2=C(C(=O)O)N3C(=O)C(NC(=O)/C(=N\O)c4nc(N)sc4Cl)C3SC2)nc(N)n1,N=C(C(=O)NC1C(=O)N2C=C(SCSc3ccncn3)CSC12)c1cscn1,Klebsiella pneumoniae,μg/mL,CHEMBL66751,1,1.0,1.0,1.0,0.0,B,high,1,1.0
Nc1cc2c(=O)c(C(=O)O)cn(-c3ccc(F)cc3)c2cc1N1CCSCC1,O=c1ccn(-c2ccccc2)c2cc(N3CCSCC3)ccc12,Escherichia coli,μg/mL,CHEMBL45779,2,0.045,0.03,0.06,-1.3467874862246563,B,high,1,1.0
Nc1cc2c(=O)c(C(=O)O)cn(-c3ccc(F)cc3)c2cc1N1CCSCC1,O=c1ccn(-c2ccccc2)c2cc(N3CCSCC3)ccc12,Klebsiella pneumoniae,μg/mL,CHEMBL45779,1,0.03,0.03,0.03,-1.5228787452803376,B,high,1,1.0
Nc1cc2c(=O)c(C(=O)O)cn(-c3ccc(F)cc3)c2cc1N1CCSCC1,O=c1ccn(-c2ccccc2)c2cc(N3CCSCC3)ccc12,Pseudomonas aeruginosa,μg/mL,CHEMBL45779,1,128.0,128.0,128.0,2.1072099696478683,B,high,1,1.0
Nc1cc2c(=O)c(C(=O)O)cn(C3CC3)c2c(F)c1N1CCSCC1,O=c1ccn(C2CC2)c2cc(N3CCSCC3)ccc12,Escherichia coli,μg/mL,CHEMBL296893,2,0.09,0.06,0.12,-1.0457574905606752,B,high,1,1.0
Nc1cc2c(=O)c(C(=O)O)cn(C3CC3)c2c(F)c1N1CCSCC1,O=c1ccn(C2CC2)c2cc(N3CCSCC3)ccc12,Klebsiella pneumoniae,μg/mL,CHEMBL296893,1,0.03,0.03,0.03,-1.5228787452803376,B,high,1,1.0
Nc1cc2c(=O)c(C(=O)O)cn(C3CC3)c2c(F)c1N1CCSCC1,O=c1ccn(C2CC2)c2cc(N3CCSCC3)ccc12,Pseudomonas aeruginosa,μg/mL,CHEMBL296893,1,4.0,4.0,4.0,0.6020599913279624,B,high,1,1.0
Nc1cc2c(=O)c(C(=O)O)cn(C3CC3)c2cc1Cl,O=c1ccn(C2CC2)c2ccccc12,Escherichia coli,μg/mL,CHEMBL46161,2,2.0,2.0,2.0,0.3010299956639812,B,high,1,1.0
Nc1cc2c(=O)c(C(=O)O)cn(C3CC3)c2cc1Cl,O=c1ccn(C2CC2)c2ccccc12,Klebsiella pneumoniae,μg/mL,CHEMBL46161,1,2.0,2.0,2.0,0.3010299956639812,B,high,1,1.0
Nc1cc2c(=O)c(C(=O)O)cn(C3CC3)c2cc1Cl,O=c1ccn(C2CC2)c2ccccc12,Pseudomonas aeruginosa,μg/mL,CHEMBL46161,1,128.0,128.0,128.0,2.1072099696478683,B,high,1,1.0
Nc1cc2c(=O)c(C(=O)O)cn(C3CC3)c2cc1N1CCC(N)C1,O=c1ccn(C2CC2)c2cc(N3CCCC3)ccc12,Escherichia coli,μg/mL,CHEMBL47673,2,0.75,0.5,1.0,-0.12493873660829995,B,high,1,1.0
Nc1cc2c(=O)c(C(=O)O)cn(C3CC3)c2cc1N1CCC(N)C1,O=c1ccn(C2CC2)c2cc(N3CCCC3)ccc12,Klebsiella pneumoniae,μg/mL,CHEMBL47673,1,1.0,1.0,1.0,0.0,B,high,1,1.0
Nc1cc2c(=O)c(C(=O)O)cn(C3CC3)c2cc1N1CCC(N)C1,O=c1ccn(C2CC2)c2cc(N3CCCC3)ccc12,Pseudomonas aeruginosa,μg/mL,CHEMBL47673,1,16.0,16.0,16.0,1.2041199826559248,B,high,1,1.0
Nc1cc2c(=O)c(C(=O)O)cn(C3CC3)c2cc1N1CCC(O)CC1,O=c1ccn(C2CC2)c2cc(N3CCCCC3)ccc12,Escherichia coli,μg/mL,CHEMBL46203,2,0.03,0.03,0.03,-1.5228787452803376,B,high,1,1.0
Nc1cc2c(=O)c(C(=O)O)cn(C3CC3)c2cc1N1CCC(O)CC1,O=c1ccn(C2CC2)c2cc(N3CCCCC3)ccc12,Klebsiella pneumoniae,μg/mL,CHEMBL46203,1,0.03,0.03,0.03,-1.5228787452803376,B,high,1,1.0
Nc1cc2c(=O)c(C(=O)O)cn(C3CC3)c2cc1N1CCC(O)CC1,O=c1ccn(C2CC2)c2cc(N3CCCCC3)ccc12,Pseudomonas aeruginosa,μg/mL,CHEMBL46203,1,8.0,8.0,8.0,0.9030899869919435,B,high,1,1.0
Nc1cc2c(=O)c(C(=O)O)cn(C3CC3)c2cc1N1CCCC1,O=c1ccn(C2CC2)c2cc(N3CCCC3)ccc12,Escherichia coli,μg/mL,CHEMBL45175,4,0.25,0.25,0.25,-0.6020599913279624,B,high,2,1.0
Nc1cc2c(=O)c(C(=O)O)cn(C3CC3)c2cc1N1CCCC1,O=c1ccn(C2CC2)c2cc(N3CCCC3)ccc12,Klebsiella pneumoniae,μg/mL,CHEMBL45175,2,0.25,0.25,0.25,-0.6020599913279624,B,high,2,1.0
Nc1cc2c(=O)c(C(=O)O)cn(C3CC3)c2cc1N1CCCC1,O=c1ccn(C2CC2)c2cc(N3CCCC3)ccc12,Pseudomonas aeruginosa,μg/mL,CHEMBL45175,2,128.0,128.0,128.0,2.1072099696478683,B,high,2,1.0
Nc1cc2c(=O)c(C(=O)O)cn(C3CC3)c2cc1N1CCNCC1,O=c1ccn(C2CC2)c2cc(N3CCNCC3)ccc12,Escherichia coli,μg/mL,CHEMBL48099,4,0.14,0.03,0.25,-0.8538719643217619,B,high,2,1.0
Nc1cc2c(=O)c(C(=O)O)cn(C3CC3)c2cc1N1CCNCC1,O=c1ccn(C2CC2)c2cc(N3CCNCC3)ccc12,Klebsiella pneumoniae,μg/mL,CHEMBL48099,2,0.25,0.25,0.25,-0.6020599913279624,B,high,2,1.0
Nc1cc2c(=O)c(C(=O)O)cn(C3CC3)c2cc1N1CCNCC1,O=c1ccn(C2CC2)c2cc(N3CCNCC3)ccc12,Pseudomonas aeruginosa,μg/mL,CHEMBL48099,2,2.0,2.0,2.0,0.3010299956639812,B,high,2,1.0
Nc1cc2c(=O)c(C(=O)O)cn(C3CC3)c2cc1N1CCSC1,O=c1ccn(C2CC2)c2cc(N3CCSC3)ccc12,Escherichia coli,μg/mL,CHEMBL46291,2,0.75,0.5,1.0,-0.12493873660829995,B,high,1,1.0
Nc1cc2c(=O)c(C(=O)O)cn(C3CC3)c2cc1N1CCSC1,O=c1ccn(C2CC2)c2cc(N3CCSC3)ccc12,Klebsiella pneumoniae,μg/mL,CHEMBL46291,1,0.5,0.5,0.5,-0.3010299956639812,B,high,1,1.0
Nc1cc2c(=O)c(C(=O)O)cn(C3CC3)c2cc1N1CCSC1,O=c1ccn(C2CC2)c2cc(N3CCSC3)ccc12,Pseudomonas aeruginosa,μg/mL,CHEMBL46291,1,128.0,128.0,128.0,2.1072099696478683,B,high,1,1.0
Nc1cc2c(=O)c(C(=O)O)cn(C3CC3)c2cc1N1CCSCC1,O=c1ccn(C2CC2)c2cc(N3CCSCC3)ccc12,Escherichia coli,μg/mL,CHEMBL432506,2,0.03,0.03,0.03,-1.5228787452803376,B,high,1,1.0
Nc1cc2c(=O)c(C(=O)O)cn(C3CC3)c2cc1N1CCSCC1,O=c1ccn(C2CC2)c2cc(N3CCSCC3)ccc12,Klebsiella pneumoniae,μg/mL,CHEMBL432506,1,0.03,0.03,0.03,-1.5228787452803376,B,high,1,1.0
Nc1cc2c(=O)c(C(=O)O)cn(C3CC3)c2cc1N1CCSCC1,O=c1ccn(C2CC2)c2cc(N3CCSCC3)ccc12,Pseudomonas aeruginosa,μg/mL,CHEMBL432506,1,2.0,2.0,2.0,0.3010299956639812,B,high,1,1.0
Nc1cc2c(=O)c(C(=O)O)cn(C3CC3)c2cc1N1CCc2ccccc2C1,O=c1ccn(C2CC2)c2cc(N3CCc4ccccc4C3)ccc12,Escherichia coli,μg/mL,CHEMBL335346,2,80.0,32.0,128.0,1.9030899869919435,B,high,1,1.0
Nc1cc2c(=O)c(C(=O)O)cn(C3CC3)c2cc1N1CCc2ccccc2C1,O=c1ccn(C2CC2)c2cc(N3CCc4ccccc4C3)ccc12,Klebsiella pneumoniae,μg/mL,CHEMBL335346,1,128.0,128.0,128.0,2.1072099696478683,B,high,1,1.0
Nc1cc2c(=O)c(C(=O)O)cn(C3CC3)c2cc1N1CCc2ccccc2C1,O=c1ccn(C2CC2)c2cc(N3CCc4ccccc4C3)ccc12,Pseudomonas aeruginosa,μg/mL,CHEMBL335346,1,128.0,128.0,128.0,2.1072099696478683,B,high,1,1.0
Nc1cc2c(=O)c(C(=O)O)cn(C3CC3)c2cc1NC1CC1,O=c1ccn(C2CC2)c2cc(NC3CC3)ccc12,Escherichia coli,μg/mL,CHEMBL440664,2,3.0,2.0,4.0,0.47712125471966244,B,high,1,1.0
Nc1cc2c(=O)c(C(=O)O)cn(C3CC3)c2cc1NC1CC1,O=c1ccn(C2CC2)c2cc(NC3CC3)ccc12,Klebsiella pneumoniae,μg/mL,CHEMBL440664,1,2.0,2.0,2.0,0.3010299956639812,B,high,1,1.0
Nc1cc2c(=O)c(C(=O)O)cn(C3CC3)c2cc1NC1CC1,O=c1ccn(C2CC2)c2cc(NC3CC3)ccc12,Pseudomonas aeruginosa,μg/mL,CHEMBL440664,1,128.0,128.0,128.0,2.1072099696478683,B,high,1,1.0
Nc1cc2c(nc1CNC13CCC(C[C@]4(O)Cn5c(=O)ccc6ncc(F)c4c65)(CC1)OC3)NC(=O)CO2,O=C1COc2ccc(CNC34CCC(CC5Cn6c(=O)ccc7nccc5c76)(CC3)OC4)nc2N1,Acinetobacter baumannii,μg/mL,CHEMBL3425803,1,32.0,32.0,32.0,1.505149978319906,B,high,1,1.0
Nc1ccc(-c2nn3c(-c4ccc(S(=O)(=O)c5ccc(Br)cc5)cc4)nnc3s2)cc1,O=S(=O)(c1ccccc1)c1ccc(-c2nnc3sc(-c4ccccc4)nn23)cc1,Acinetobacter baumannii,μg/mL,CHEMBL1631484,1,1024.0,1024.0,1024.0,3.010299956639812,B,high,1,1.0
Nc1ccc(-c2nn3c(-c4ccc(S(=O)(=O)c5ccccc5)cc4)nnc3s2)cc1,O=S(=O)(c1ccccc1)c1ccc(-c2nnc3sc(-c4ccccc4)nn23)cc1,Acinetobacter baumannii,μg/mL,CHEMBL1631474,1,128.0,128.0,128.0,2.1072099696478683,B,high,1,1.0
Nc1ccc(CC(=O)N[C@@H]2C(=O)N3C(C(=O)O)=C(Cl)CS[C@H]23)cc1,O=C(Cc1ccccc1)N[C@@H]1C(=O)N2C=CCS[C@H]12,Klebsiella pneumoniae,μg/mL,CHEMBL59499,1,2.0,2.0,2.0,0.3010299956639812,B,high,1,1.0
Nc1ccc(S(=O)(=O)N2N=Cc3c(F)cccc3B2O)cc1,O=S(=O)(c1ccccc1)N1Bc2ccccc2C=N1,Klebsiella pneumoniae,μg/mL,CHEMBL174997,1,10.0,10.0,10.0,1.0,B,high,1,1.0
Nc1ccc(S(=O)(=O)N2N=Cc3cc(Br)ccc3B2O)cc1,O=S(=O)(c1ccccc1)N1Bc2ccccc2C=N1,Klebsiella pneumoniae,μg/mL,CHEMBL175013,1,1.56,1.56,1.56,0.1931245983544616,B,high,1,1.0
Nc1ccc(S(=O)(=O)Nc2ccc(Cl)nn2)cc1,O=S(=O)(Nc1cccnn1)c1ccccc1,Acinetobacter baumannii,μg/mL,CHEMBL1443577,1,8.0,8.0,8.0,0.9030899869919435,B,high,1,1.0
Nc1ccc2ncc(F)c(CCC34CCC(NCc5ccc6c(n5)NC(=O)CO6)(CC3)CO4)c2n1,O=C1COc2ccc(CNC34CCC(CCc5ccnc6cccnc56)(CC3)OC4)nc2N1,Acinetobacter baumannii,μg/mL,CHEMBL3422948,1,2.0,2.0,2.0,0.3010299956639812,B,high,1,1.0
Nc1ccnc(SCSC2=C(C(=O)O)N3C(=O)C(NC(=O)/C(=N\O)c4nc(N)sc4Cl)C3SC2)n1,N=C(C(=O)NC1C(=O)N2C=C(SCSc3ncccn3)CSC12)c1cscn1,Klebsiella pneumoniae,μg/mL,CHEMBL63696,1,8.0,8.0,8.0,0.9030899869919435,B,high,1,1.0
Nc1n[nH]c(SCC(=O)N[C@@H]2C(=O)N3C(C(=O)O)=C(Cl)CS[C@H]23)n1,O=C(CSc1ncn[nH]1)N[C@@H]1C(=O)N2C=CCS[C@H]12,Klebsiella pneumoniae,μg/mL,CHEMBL294026,1,8.0,8.0,8.0,0.9030899869919435,B,high,1,1.0
Nc1nc(/C(=N/O)C(=O)NC2C(=O)N3C(C(=O)O)=C(SCSc4nc(O)nc(N)c4N)CSC23)c(Cl)s1,N=C(C(=O)NC1C(=O)N2C=C(SCSc3ccncn3)CSC12)c1cscn1,Klebsiella pneumoniae,μg/mL,CHEMBL66104,1,1.0,1.0,1.0,0.0,B,high,1,1.0
Nc1nc(/C(=N/O)C(=O)N[C@@H]2C(=O)N3C(C(=O)O)=C(/C=C4/CCN(C5CC5)C4=O)CS[C@H]23)cs1,N=C(C(=O)N[C@@H]1C(=O)N2C=C(/C=C3/CCN(C4CC4)C3=O)CS[C@H]12)c1cscn1,Escherichia coli,μg/mL,CHEMBL2115054,1,0.5,0.5,0.5,-0.3010299956639812,B,high,1,1.0
Nc1nc(/C(=N/O)C(=O)N[C@@H]2C(=O)N3C(C(=O)O)=C(/C=C4/CN(c5ccccc5)C4=O)CS[C@H]23)cs1,N=C(C(=O)N[C@@H]1C(=O)N2C=C(/C=C3/CN(c4ccccc4)C3=O)CS[C@H]12)c1cscn1,Escherichia coli,μg/mL,CHEMBL298898,1,2.0,2.0,2.0,0.3010299956639812,B,high,1,1.0
Nc1nc(/C(=N/O)C(=O)N[C@@H]2C(=O)N3C(C(=O)O)=C(/C=C4/CN(c5ccccc5)C4=O)CS[C@H]23)cs1,N=C(C(=O)N[C@@H]1C(=O)N2C=C(/C=C3/CN(c4ccccc4)C3=O)CS[C@H]12)c1cscn1,Pseudomonas aeruginosa,μg/mL,CHEMBL298898,1,16.0,16.0,16.0,1.2041199826559248,B,high,1,1.0
Nc1nc(/C(=N/O)C(=O)N[C@@H]2C(=O)N3C(C(=O)O)=C(/C=C4\CCCN(c5ccccc5)C4=O)CS[C@H]23)cs1,N=C(C(=O)N[C@@H]1C(=O)N2C=C(/C=C3\CCCN(c4ccccc4)C3=O)CS[C@H]12)c1cscn1,Escherichia coli,μg/mL,CHEMBL53736,1,1.0,1.0,1.0,0.0,B,high,1,1.0
Nc1nc(/C(=N/O)C(=O)N[C@@H]2C(=O)N3C(C(=O)O)=C(/C=C4\CCN(C5CC5)C4=O)CS[C@H]23)cs1,N=C(C(=O)N[C@@H]1C(=O)N2C=C(/C=C3\CCN(C4CC4)C3=O)CS[C@H]12)c1cscn1,Pseudomonas aeruginosa,μg/mL,CHEMBL293043,1,8.0,8.0,8.0,0.9030899869919435,B,high,1,1.0
Nc1nc(/C(=N/O)C(=O)N[C@@H]2C(=O)N3C(C(=O)O)=C(/C=C4\CCN(CC(=O)O)C4=O)CS[C@H]23)cs1,N=C(C(=O)N[C@@H]1C(=O)N2C=C(/C=C3\CCNC3=O)CS[C@H]12)c1cscn1,Escherichia coli,μg/mL,CHEMBL416841,1,0.12,0.12,0.12,-0.9208187539523752,B,high,1,1.0
Nc1nc(/C(=N/O)C(=O)N[C@@H]2C(=O)N3C(C(=O)O)=C(/C=C4\CCN(CC(F)(F)F)C4=O)CS[C@H]23)cs1,N=C(C(=O)N[C@@H]1C(=O)N2C=C(/C=C3\CCNC3=O)CS[C@H]12)c1cscn1,Pseudomonas aeruginosa,μg/mL,CHEMBL53624,1,16.0,16.0,16.0,1.2041199826559248,B,high,1,1.0
Nc1nc(/C(=N/O)C(=O)N[C@@H]2C(=O)N3C(C(=O)O)=C(/C=C4\CCN(CC5CC5)C4=O)CS[C@H]23)cs1,N=C(C(=O)N[C@@H]1C(=O)N2C=C(/C=C3\CCN(CC4CC4)C3=O)CS[C@H]12)c1cscn1,Escherichia coli,μg/mL,CHEMBL55252,1,0.12,0.12,0.12,-0.9208187539523752,B,high,1,1.0
Nc1nc(/C(=N/O)C(=O)N[C@@H]2C(=O)N3C(C(=O)O)=C(/C=C4\CCN(CC5CC5)C4=O)CS[C@H]23)cs1,N=C(C(=O)N[C@@H]1C(=O)N2C=C(/C=C3\CCN(CC4CC4)C3=O)CS[C@H]12)c1cscn1,Pseudomonas aeruginosa,μg/mL,CHEMBL55252,1,16.0,16.0,16.0,1.2041199826559248,B,high,1,1.0
Nc1nc(/C(=N/O)C(=O)N[C@@H]2C(=O)N3C(C(=O)O)=C(/C=C4\CCN(Cc5nn[nH]n5)C4=O)CS[C@H]23)cs1,N=C(C(=O)N[C@@H]1C(=O)N2C=C(/C=C3\CCN(Cc4nn[nH]n4)C3=O)CS[C@H]12)c1cscn1,Escherichia coli,μg/mL,CHEMBL299551,1,0.25,0.25,0.25,-0.6020599913279624,B,high,1,1.0
Nc1nc(/C(=N/O)C(=O)N[C@@H]2C(=O)N3C(C(=O)O)=C(/C=C4\CCN(O)C4=O)CS[C@H]23)cs1,N=C(C(=O)N[C@@H]1C(=O)N2C=C(/C=C3\CCNC3=O)CS[C@H]12)c1cscn1,Pseudomonas aeruginosa,μg/mL,CHEMBL433277,1,8.0,8.0,8.0,0.9030899869919435,B,high,1,1.0
Nc1nc(/C(=N/O)C(=O)N[C@@H]2C(=O)N3C(C(=O)O)=C(/C=C4\CCN(c5ccc(O)c(O)c5)C4=O)CS[C@H]23)cs1,N=C(C(=O)N[C@@H]1C(=O)N2C=C(/C=C3\CCN(c4ccccc4)C3=O)CS[C@H]12)c1cscn1,Escherichia coli,μg/mL,CHEMBL417755,1,0.25,0.25,0.25,-0.6020599913279624,B,high,1,1.0
Nc1nc(/C(=N/O)C(=O)N[C@@H]2C(=O)N3C(C(=O)O)=C(/C=C4\CCN(c5ccc(O)c(O)c5)C4=O)CS[C@H]23)cs1,N=C(C(=O)N[C@@H]1C(=O)N2C=C(/C=C3\CCN(c4ccccc4)C3=O)CS[C@H]12)c1cscn1,Pseudomonas aeruginosa,μg/mL,CHEMBL417755,1,32.0,32.0,32.0,1.505149978319906,B,high,1,1.0
Nc1nc(/C(=N/O)C(=O)N[C@@H]2C(=O)N3C(C(=O)O)=C(/C=C4\CCN(c5ccc(O)cc5)C4=O)CS[C@H]23)cs1,N=C(C(=O)N[C@@H]1C(=O)N2C=C(/C=C3\CCN(c4ccccc4)C3=O)CS[C@H]12)c1cscn1,Pseudomonas aeruginosa,μg/mL,CHEMBL53564,1,4.0,4.0,4.0,0.6020599913279624,B,high,1,1.0
Nc1nc(/C(=N/O)C(=O)N[C@@H]2C(=O)N3C(C(=O)O)=C(/C=C4\CCN(c5cccc([N+](=O)[O-])c5)C4=O)CS[C@H]23)cs1,N=C(C(=O)N[C@@H]1C(=O)N2C=C(/C=C3\CCN(c4ccccc4)C3=O)CS[C@H]12)c1cscn1,Escherichia coli,μg/mL,CHEMBL299747,1,0.12,0.12,0.12,-0.9208187539523752,B,high,1,1.0
Nc1nc(/C(=N/O)C(=O)N[C@@H]2C(=O)N3C(C(=O)O)=C(/C=C4\CCN(c5cccc([N+](=O)[O-])c5)C4=O)CS[C@H]23)cs1,N=C(C(=O)N[C@@H]1C(=O)N2C=C(/C=C3\CCN(c4ccccc4)C3=O)CS[C@H]12)c1cscn1,Pseudomonas aeruginosa,μg/mL,CHEMBL299747,1,16.0,16.0,16.0,1.2041199826559248,B,high,1,1.0
Nc1nc(/C(=N/O)C(=O)N[C@@H]2C(=O)N3C(C(=O)O)=C(/C=C4\CCN(c5ccccc5)C4=O)CS[C@H]23)cs1,N=C(C(=O)N[C@@H]1C(=O)N2C=C(/C=C3\CCN(c4ccccc4)C3=O)CS[C@H]12)c1cscn1,Escherichia coli,μg/mL,CHEMBL56619,1,0.25,0.25,0.25,-0.6020599913279624,B,high,1,1.0
Nc1nc(/C(=N/O)C(=O)N[C@@H]2C(=O)N3C(C(=O)O)=C(/C=C4\CCN(c5ccccc5)C4=O)CS[C@H]23)cs1,N=C(C(=O)N[C@@H]1C(=O)N2C=C(/C=C3\CCN(c4ccccc4)C3=O)CS[C@H]12)c1cscn1,Pseudomonas aeruginosa,μg/mL,CHEMBL56619,1,16.0,16.0,16.0,1.2041199826559248,B,high,1,1.0
Nc1nc(/C(=N/O)C(=O)N[C@@H]2C(=O)N3C(C(=O)O)=C(/C=C4\CCN(c5cccnc5)C4=O)CS[C@H]23)cs1,N=C(C(=O)N[C@@H]1C(=O)N2C=C(/C=C3\CCN(c4cccnc4)C3=O)CS[C@H]12)c1cscn1,Pseudomonas aeruginosa,μg/mL,CHEMBL432869,1,16.0,16.0,16.0,1.2041199826559248,B,high,1,1.0
Nc1nc(/C(=N/O)C(=O)N[C@@H]2C(=O)N3C(C(=O)O)=C(/C=C4\CN(c5ccccc5)C4=O)CS[C@H]23)cs1,N=C(C(=O)N[C@@H]1C(=O)N2C=C(/C=C3\CN(c4ccccc4)C3=O)CS[C@H]12)c1cscn1,Escherichia coli,μg/mL,CHEMBL54772,1,1.0,1.0,1.0,0.0,B,high,1,1.0
Nc1nc(/C(=N/O)C(=O)N[C@@H]2C(=O)N3C(C(=O)O)=C(/C=C4\CN(c5ccccc5)C4=O)CS[C@H]23)cs1,N=C(C(=O)N[C@@H]1C(=O)N2C=C(/C=C3\CN(c4ccccc4)C3=O)CS[C@H]12)c1cscn1,Pseudomonas aeruginosa,μg/mL,CHEMBL54772,1,16.0,16.0,16.0,1.2041199826559248,B,high,1,1.0
Nc1nc(/C(=N/OC2(C(=O)O)CCC2)C(=O)N[C@@H]2C(=O)N(S(=O)(=O)O)[C@@H]2CNC(=O)NCc2cc(=O)c(O)cn2O)cs1,O=C(NCc1cc(=O)cc[nH]1)NC[C@H]1NC(=O)[C@H]1NC(=O)/C(=N\OC1CCC1)c1cscn1,Acinetobacter baumannii,μg/mL,CHEMBL2409772,1,0.125,0.125,0.125,-0.9030899869919435,B,high,1,1.0
Nc1nc(/C(=N/OC2(C(=O)O)CCCC2)C(=O)N[C@@H]2C(=O)N(S(=O)(=O)O)[C@@H]2CNC(=O)NCc2cc(=O)c(O)cn2O)cs1,O=C(NCc1cc(=O)cc[nH]1)NC[C@H]1NC(=O)[C@H]1NC(=O)/C(=N\OC1CCCC1)c1cscn1,Acinetobacter baumannii,μg/mL,CHEMBL2409660,1,0.125,0.125,0.125,-0.9030899869919435,B,high,1,1.0
Nc1nc(/C(=N/OC2(C(=O)O)CCCCC2)C(=O)N[C@@H]2C(=O)N(S(=O)(=O)O)[C@@H]2CNC(=O)NCc2cc(=O)c(O)cn2O)cs1,O=C(NCc1cc(=O)cc[nH]1)NC[C@H]1NC(=O)[C@H]1NC(=O)/C(=N\OC1CCCCC1)c1cscn1,Acinetobacter baumannii,μg/mL,CHEMBL2409661,1,1.0,1.0,1.0,0.0,B,high,1,1.0
Nc1nc(/C(=N/OC2CCCC2)C(=O)N[C@@H]2C(=O)N(S(=O)(=O)O)[C@@H]2CNC(=O)NCc2cc(=O)c(O)cn2O)cs1,O=C(NCc1cc(=O)cc[nH]1)NC[C@H]1NC(=O)[C@H]1NC(=O)/C(=N\OC1CCCC1)c1cscn1,Acinetobacter baumannii,μg/mL,CHEMBL2409762,1,1.0,1.0,1.0,0.0,B,high,1,1.0
Nc1nc(/C(=N/OC2CCCC2)C(=O)N[C@@H]2C(=O)N3C(C(=O)O)=C(/C=C4\CCN(CC(F)(F)F)C4=O)CS[C@H]23)cs1,O=C(N[C@@H]1C(=O)N2C=C(/C=C3\CCNC3=O)CS[C@H]12)/C(=N\OC1CCCC1)c1cscn1,Escherichia coli,μg/mL,CHEMBL55985,1,2.0,2.0,2.0,0.3010299956639812,B,high,1,1.0
Nc1nc(/C(=N/OC2CCCC2)C(=O)N[C@@H]2C(=O)N3C(C(=O)O)=C(/C=C4\CCN(CC(F)(F)F)C4=O)CS[C@H]23)cs1,O=C(N[C@@H]1C(=O)N2C=C(/C=C3\CCNC3=O)CS[C@H]12)/C(=N\OC1CCCC1)c1cscn1,Pseudomonas aeruginosa,μg/mL,CHEMBL55985,1,8.0,8.0,8.0,0.9030899869919435,B,high,1,1.0
Nc1nc(/C(=N/OCC(=O)O)C(=O)N[C@@H]2C(=O)N(S(=O)(=O)O)[C@@H]2CNC(=O)NCc2cc(=O)c(O)cn2O)cs1,N=C(C(=O)N[C@@H]1C(=O)N[C@@H]1CNC(=O)NCc1cc(=O)cc[nH]1)c1cscn1,Acinetobacter baumannii,μg/mL,CHEMBL2409769,1,0.25,0.25,0.25,-0.6020599913279624,B,high,1,1.0
Nc1nc(/C(=N/OCC(=O)O)C(=O)N[C@@H]2C(=O)N3C(C(=O)O)=C(CN4CCN(c5cc6c(cc5F)c(=O)c(C(=O)O)cn6C5CC5)CC4)CS[C@H]23)cs1,N=C(C(=O)N[C@@H]1C(=O)N2C=C(CN3CCN(c4ccc5c(=O)ccn(C6CC6)c5c4)CC3)CS[C@H]12)c1cscn1,Klebsiella pneumoniae,μg/mL,CHEMBL130151,1,1.0,1.0,1.0,0.0,B,high,1,1.0
Nc1nc(/C(=N/OCC(=O)O)C(=O)N[C@@H]2C(=O)N3C(C(=O)O)=C(CN4CCN(c5cc6c(cc5F)c(=O)c(C(=O)O)cn6C5CC5)CC4)CS[C@H]23)cs1,N=C(C(=O)N[C@@H]1C(=O)N2C=C(CN3CCN(c4ccc5c(=O)ccn(C6CC6)c5c4)CC3)CS[C@H]12)c1cscn1,Pseudomonas aeruginosa,μg/mL,CHEMBL130151,2,6.0,4.0,8.0,0.7781512503836436,B,high,1,1.0
Nc1nc(/C(=N/OCC(=O)O)C(=O)N[C@@H]2C(=O)N3C(C(=O)O)=C(COC(=O)N4CCN(c5cc6c(cc5F)c(=O)c(C(=O)O)cn6C5CC5)CC4)CS[C@H]23)cs1,N=C(C(=O)N[C@@H]1C(=O)N2C=C(COC(=O)N3CCN(c4ccc5c(=O)ccn(C6CC6)c5c4)CC3)CS[C@H]12)c1cscn1,Klebsiella pneumoniae,μg/mL,CHEMBL93610,1,0.25,0.25,0.25,-0.6020599913279624,B,high,1,1.0
Nc1nc(/C(=N/OCC(=O)O)C(=O)N[C@@H]2C(=O)N3C(C(=O)O)=C(COC(=O)N4CCN(c5cc6c(cc5F)c(=O)c(C(=O)O)cn6C5CC5)CC4)CS[C@H]23)cs1,N=C(C(=O)N[C@@H]1C(=O)N2C=C(COC(=O)N3CCN(c4ccc5c(=O)ccn(C6CC6)c5c4)CC3)CS[C@H]12)c1cscn1,Pseudomonas aeruginosa,μg/mL,CHEMBL93610,2,1.0,1.0,1.0,0.0,B,high,1,1.0
Nc1nc(/C(=N/OCCCC(=O)O)C(=O)N[C@@H]2C(=O)N(S(=O)(=O)O)[C@@H]2CNC(=O)NCc2cc(=O)c(O)cn2O)cs1,N=C(C(=O)N[C@@H]1C(=O)N[C@@H]1CNC(=O)NCc1cc(=O)cc[nH]1)c1cscn1,Acinetobacter baumannii,μg/mL,CHEMBL2409662,1,0.5,0.5,0.5,-0.3010299956639812,B,high,1,1.0
Nc1nc(/C(=N/OCCF)C(=O)N[C@@H]2C(=O)N3C(C(=O)O)=C(/C=C4\CCN(CC(F)(F)F)C4=O)CS[C@H]23)cs1,N=C(C(=O)N[C@@H]1C(=O)N2C=C(/C=C3\CCNC3=O)CS[C@H]12)c1cscn1,Escherichia coli,μg/mL,CHEMBL293051,1,0.5,0.5,0.5,-0.3010299956639812,B,high,1,1.0
Nc1nc(/C(=N/OCCF)C(=O)N[C@@H]2C(=O)N3C(C(=O)O)=C(/C=C4\CCN(CC(F)(F)F)C4=O)CS[C@H]23)cs1,N=C(C(=O)N[C@@H]1C(=O)N2C=C(/C=C3\CCNC3=O)CS[C@H]12)c1cscn1,Pseudomonas aeruginosa,μg/mL,CHEMBL293051,1,8.0,8.0,8.0,0.9030899869919435,B,high,1,1.0
Nc1nc(/C(=N/OCCO)C(=O)N[C@@H]2C(=O)N(S(=O)(=O)O)[C@@H]2CNC(=O)NCc2cc(=O)c(O)cn2O)cs1,N=C(C(=O)N[C@@H]1C(=O)N[C@@H]1CNC(=O)NCc1cc(=O)cc[nH]1)c1cscn1,Acinetobacter baumannii,μg/mL,CHEMBL2409764,1,0.5,0.5,0.5,-0.3010299956639812,B,high,1,1.0
Nc1nc(/C(=N/OCc2cc(=O)c(O)cn2O)C(=O)N[C@H]2CON(C3(C(=O)O)CCC(=O)O3)C2=O)cs1,O=C1CCC(N2OC[C@H](NC(=O)/C(=N\OCc3cc(=O)cc[nH]3)c3cscn3)C2=O)O1,Acinetobacter baumannii,μg/mL,CHEMBL3265221,1,0.5,0.5,0.5,-0.3010299956639812,B,high,1,1.0
Nc1nc(/C(=N/OCc2cscn2)C(=O)N[C@@H]2C(=O)N(S(=O)(=O)O)[C@@H]2CNC(=O)NCc2cc(=O)c(O)cn2O)cs1,O=C(NCc1cc(=O)cc[nH]1)NC[C@H]1NC(=O)[C@H]1NC(=O)/C(=N\OCc1cscn1)c1cscn1,Acinetobacter baumannii,μg/mL,CHEMBL2409763,1,1.0,1.0,1.0,0.0,B,high,1,1.0
Nc1nc(/C(=N/OCc2nnn[nH]2)C(=O)N[C@@H]2C(=O)N(S(=O)(=O)O)[C@@H]2CNC(=O)NCc2cc(=O)c(O)cn2O)cs1,O=C(NCc1cc(=O)cc[nH]1)NC[C@H]1NC(=O)[C@H]1NC(=O)/C(=N\OCc1nnn[nH]1)c1cscn1,Acinetobacter baumannii,μg/mL,CHEMBL2409760,1,0.5,0.5,0.5,-0.3010299956639812,B,high,1,1.0
Nc1nc(/C(=N/O[C@@H](Cc2ccccc2)C(=O)O)C(=O)N[C@@H]2C(=O)N(S(=O)(=O)O)[C@@H]2CNC(=O)NCc2cc(=O)c(O)cn2O)cs1,O=C(NCc1cc(=O)cc[nH]1)NC[C@H]1NC(=O)[C@H]1NC(=O)/C(=N\OCCc1ccccc1)c1cscn1,Acinetobacter baumannii,μg/mL,CHEMBL2409771,1,1.0,1.0,1.0,0.0,B,high,1,1.0
Nc1nc(/C(=N/Oc2ccccc2)C(=O)N[C@@H]2C(=O)N(S(=O)(=O)O)[C@@H]2CNC(=O)NCc2cc(=O)c(O)cn2O)cs1,O=C(NCc1cc(=O)cc[nH]1)NC[C@H]1NC(=O)[C@H]1NC(=O)/C(=N\Oc1ccccc1)c1cscn1,Acinetobacter baumannii,μg/mL,CHEMBL2409761,1,0.5,0.5,0.5,-0.3010299956639812,B,high,1,1.0
Nc1nc(/C(=N\OCCCl)C(=O)N[C@H]2CN3CC(S(=O)(=O)Cc4ccccc4)=C(C(=O)O)N3C2=O)cs1,N=C(C(=O)N[C@H]1CN2CC(S(=O)(=O)Cc3ccccc3)=CN2C1=O)c1cscn1,Escherichia coli,μg/mL,CHEMBL325097,1,2.0,2.0,2.0,0.3010299956639812,B,high,1,1.0
Nc1nc(/C(=N\OCCCl)C(=O)N[C@H]2CN3CC(S(=O)(=O)Cc4ccccc4)=C(C(=O)O)N3C2=O)cs1,N=C(C(=O)N[C@H]1CN2CC(S(=O)(=O)Cc3ccccc3)=CN2C1=O)c1cscn1,Klebsiella pneumoniae,μg/mL,CHEMBL325097,1,0.03,0.03,0.03,-1.5228787452803376,B,high,1,1.0
Nc1nc(/C(=N\OCCCl)C(=O)N[C@H]2CN3CC(S(=O)(=O)c4ccccc4)=C(C(=O)O)N3C2=O)cs1,N=C(C(=O)N[C@H]1CN2CC(S(=O)(=O)c3ccccc3)=CN2C1=O)c1cscn1,Escherichia coli,μg/mL,CHEMBL111549,1,1.0,1.0,1.0,0.0,B,high,1,1.0
Nc1nc(/C(=N\OCCCl)C(=O)N[C@H]2CN3CC(S(=O)(=O)c4ccccc4)=C(C(=O)O)N3C2=O)cs1,N=C(C(=O)N[C@H]1CN2CC(S(=O)(=O)c3ccccc3)=CN2C1=O)c1cscn1,Klebsiella pneumoniae,μg/mL,CHEMBL111549,1,0.06,0.06,0.06,-1.2218487496163564,B,high,1,1.0
Nc1nc(CC(=O)N[C@@H]2C(=O)N3C(C(=O)O)=C(Cl)CS[C@H]23)cs1,O=C(Cc1cscn1)N[C@@H]1C(=O)N2C=CCS[C@H]12,Klebsiella pneumoniae,μg/mL,CHEMBL291480,2,0.5,0.5,0.5,-0.3010299956639812,B,high,2,1.0
Nc1nc(O)cc(SC2=C(C(=O)O)N3C(=O)C(NC(=O)/C(=N\O)c4csc(N)n4)C3SC2)n1,N=C(C(=O)NC1C(=O)N2C=C(Sc3ccncn3)CSC12)c1cscn1,Klebsiella pneumoniae,μg/mL,CHEMBL66049,1,8.0,8.0,8.0,0.9030899869919435,B,high,1,1.0
Nc1nc(O)cc(SC2=C(C(=O)O)N3C(=O)C(NC(=O)/C(=N\O)c4nc(N)sc4Cl)C3SC2)n1,N=C(C(=O)NC1C(=O)N2C=C(Sc3ccncn3)CSC12)c1cscn1,Klebsiella pneumoniae,μg/mL,CHEMBL67420,1,1.0,1.0,1.0,0.0,B,high,1,1.0
Nc1nc(O)cc(SCSC2=C(C(=O)O)N3C(=O)C(NC(=O)/C(=N\O)c4nc(N)sc4Cl)C3SC2)n1,N=C(C(=O)NC1C(=O)N2C=C(SCSc3ccncn3)CSC12)c1cscn1,Klebsiella pneumoniae,μg/mL,CHEMBL67226,1,2.0,2.0,2.0,0.3010299956639812,B,high,1,1.0
Nc1nc2cc(CC(=O)N[C@@H]3C(=O)N4C(C(=O)O)=C(Cl)CS[C@H]34)ccc2s1,O=C(Cc1ccc2scnc2c1)N[C@@H]1C(=O)N2C=CCS[C@H]12,Klebsiella pneumoniae,μg/mL,CHEMBL58867,1,64.0,64.0,64.0,1.806179973983887,B,high,1,1.0
Nc1nc2ccccc2n1CCCOc1ccc(Cl)cc1Cl,c1ccc(OCCCn2cnc3ccccc32)cc1,Acinetobacter baumannii,μg/mL,CHEMBL3355433,2,6.25,6.25,6.25,0.7958800173440752,B,high,1,1.0
Nc1ncc(Cc2ccc3c(c2)CCCN3)c(N)n1,c1ncc(Cc2ccc3c(c2)CCCN3)cn1,Klebsiella pneumoniae,μg/mL,CHEMBL58917,1,10.0,10.0,10.0,1.0,B,high,1,1.0
Nc1ncc(Cc2ccc3ncccc3c2)c(N)n1,c1cnc2ccc(Cc3cncnc3)cc2c1,Klebsiella pneumoniae,μg/mL,CHEMBL57459,1,3.0,3.0,3.0,0.47712125471966244,B,high,1,1.0
Nn1c(-c2ccc(S(=O)(=O)c3ccc(Cl)cc3)cc2)n[nH]c1=S,O=S(=O)(c1ccccc1)c1ccc(-c2n[nH]c(=S)[nH]2)cc1,Acinetobacter baumannii,μg/mL,CHEMBL559098,2,128.0,128.0,128.0,2.1072099696478683,B,high,2,1.0
Nn1c(-c2ccc(S(=O)(=O)c3ccccc3)cc2)n[nH]c1=S,O=S(=O)(c1ccccc1)c1ccc(-c2n[nH]c(=S)[nH]2)cc1,Acinetobacter baumannii,μg/mL,CHEMBL564692,2,512.0,512.0,512.0,2.709269960975831,B,high,2,1.0
Nn1c(S)nnc1-c1ccc(S(=O)(=O)c2ccc(Br)cc2)cc1,O=S(=O)(c1ccccc1)c1ccc(-c2nnc[nH]2)cc1,Acinetobacter baumannii,μg/mL,CHEMBL1170742,1,128.0,128.0,128.0,2.1072099696478683,B,high,1,1.0
Nn1c(SCC(=O)Nc2ccccc2)nnc1-c1ccc(S(=O)(=O)c2ccc(Br)cc2)cc1,O=C(CSc1nnc(-c2ccc(S(=O)(=O)c3ccccc3)cc2)[nH]1)Nc1ccccc1,Acinetobacter baumannii,μg/mL,CHEMBL1170528,1,1024.0,1024.0,1024.0,3.010299956639812,B,high,1,1.0
Nn1c(SCC(=O)Nc2ccccc2)nnc1-c1ccc(S(=O)(=O)c2ccc(Cl)cc2)cc1,O=C(CSc1nnc(-c2ccc(S(=O)(=O)c3ccccc3)cc2)[nH]1)Nc1ccccc1,Acinetobacter baumannii,μg/mL,CHEMBL1170527,1,1024.0,1024.0,1024.0,3.010299956639812,B,high,1,1.0
Nn1c(SCC(=O)O)nnc1-c1ccc(S(=O)(=O)c2ccc(Br)cc2)cc1,O=S(=O)(c1ccccc1)c1ccc(-c2nnc[nH]2)cc1,Acinetobacter baumannii,μg/mL,CHEMBL1171881,1,1024.0,1024.0,1024.0,3.010299956639812,B,high,1,1.0
Nn1c(SCC(=O)O)nnc1-c1ccc(S(=O)(=O)c2ccc(Cl)cc2)cc1,O=S(=O)(c1ccccc1)c1ccc(-c2nnc[nH]2)cc1,Acinetobacter baumannii,μg/mL,CHEMBL1171880,1,1024.0,1024.0,1024.0,3.010299956639812,B,high,1,1.0
Nn1c(SCC(=O)O)nnc1-c1ccc(S(=O)(=O)c2ccccc2)cc1,O=S(=O)(c1ccccc1)c1ccc(-c2nnc[nH]2)cc1,Acinetobacter baumannii,μg/mL,CHEMBL1171879,1,1024.0,1024.0,1024.0,3.010299956639812,B,high,1,1.0
O/N=C/c1n(Cc2ccccc2)cc[n+]1-c1ccc(F)cc1.[Br-],c1ccc(Cn2cc[n+](-c3ccccc3)c2)cc1,Acinetobacter baumannii,μg/mL,CHEMBL3093088,1,0.78,0.78,0.78,-0.10790539730951958,B,high,1,1.0
O=C(/C=C/c1ccc(O)cc1)c1ccccc1,O=C(/C=C/c1ccccc1)c1ccccc1,Acinetobacter baumannii,μg/mL,CHEMBL7747,2,158.0,158.0,158.0,2.1986570869544226,B,high,1,1.0
O=C(CC(c1ccc2c(c1)OCO2)S(=O)(=O)c1ccccc1)NO,O=S(=O)(Cc1ccc2c(c1)OCO2)c1ccccc1,Escherichia coli,μg/mL,CHEMBL78297,1,16.0,16.0,16.0,1.2041199826559248,B,high,1,1.0
O=C(CC(c1ccccc1)S(=O)(=O)c1ccccc1)NO,O=S(=O)(Cc1ccccc1)c1ccccc1,Escherichia coli,μg/mL,CHEMBL78130,1,32.0,32.0,32.0,1.505149978319906,B,high,1,1.0
O=C(CC(c1ccco1)S(=O)(=O)c1ccccc1)NO,O=S(=O)(Cc1ccco1)c1ccccc1,Escherichia coli,μg/mL,CHEMBL78332,1,32.0,32.0,32.0,1.505149978319906,B,high,1,1.0
O=C(COc1ccccc1)N[C@@H]1C(=O)N2C(C(=O)O)=C(COC(=O)N3CCN(c4cc5c(cc4F)c(=O)c(C(=O)O)cn5C4CC4)CC3)CS[C@H]12,O=C(COc1ccccc1)N[C@@H]1C(=O)N2C=C(COC(=O)N3CCN(c4ccc5c(=O)ccn(C6CC6)c5c4)CC3)CS[C@H]12,Klebsiella pneumoniae,μg/mL,CHEMBL95796,1,0.25,0.25,0.25,-0.6020599913279624,B,high,1,1.0
O=C(COc1ccccc1)N[C@@H]1C(=O)N2C(C(=O)O)=C(COC(=O)N3CCN(c4cc5c(cc4F)c(=O)c(C(=O)O)cn5C4CC4)CC3)CS[C@H]12,O=C(COc1ccccc1)N[C@@H]1C(=O)N2C=C(COC(=O)N3CCN(c4ccc5c(=O)ccn(C6CC6)c5c4)CC3)CS[C@H]12,Pseudomonas aeruginosa,μg/mL,CHEMBL95796,2,1.0,1.0,1.0,0.0,B,high,1,1.0
O=C(COc1ccccc1)N[C@@H]1C(=O)N2C(C(=O)O)=C(COC(=O)c3cccc(C(=O)c4cc(Cl)cc(C(=O)c5ccccc5O)c4O)c3O)CS[C@H]12,O=C(COc1ccccc1)N[C@@H]1C(=O)N2C=C(COC(=O)c3cccc(C(=O)c4cccc(C(=O)c5ccccc5)c4)c3)CS[C@H]12,Pseudomonas aeruginosa,μg/mL,CHEMBL324074,2,2.25,1.37,3.13,0.3521825181113625,B,high,1,1.0
O=C(COc1ccccc1)N[C@@H]1C(=O)N2C(C(=O)O)=C(COC(=O)c3cccc(Cc4cc(Cl)cc(Cc5ccccc5O)c4O)c3O)CS[C@H]12,O=C(COc1ccccc1)N[C@@H]1C(=O)N2C=C(COC(=O)c3cccc(Cc4cccc(Cc5ccccc5)c4)c3)CS[C@H]12,Pseudomonas aeruginosa,μg/mL,CHEMBL323835,2,1.1099999999999999,0.98,1.24,0.045322978786657385,B,high,1,1.0
O=C(COc1ccccc1)N[C@@H]1C(=O)N2C(C(=O)O)=C(Cl)CS[C@H]12,O=C(COc1ccccc1)N[C@@H]1C(=O)N2C=CCS[C@H]12,Klebsiella pneumoniae,μg/mL,CHEMBL44431,2,128.0,128.0,128.0,2.1072099696478683,B,high,2,1.0
O=C(CSc1cc(Cl)ccc1Cl)N[C@@H]1C(=O)N2C(C(=O)O)=C(Cl)CS[C@H]12,O=C(CSc1ccccc1)N[C@@H]1C(=O)N2C=CCS[C@H]12,Klebsiella pneumoniae,μg/mL,CHEMBL292172,1,32.0,32.0,32.0,1.505149978319906,B,high,1,1.0
O=C(CSc1nc[nH]n1)N[C@@H]1C(=O)N2C(C(=O)O)=C(Cl)CS[C@H]12,O=C(CSc1nc[nH]n1)N[C@@H]1C(=O)N2C=CCS[C@H]12,Klebsiella pneumoniae,μg/mL,CHEMBL60159,1,16.0,16.0,16.0,1.2041199826559248,B,high,1,1.0
O=C(CSc1nccs1)N[C@@H]1C(=O)N2C(C(=O)O)=C(Cl)CS[C@H]12,O=C(CSc1nccs1)N[C@@H]1C(=O)N2C=CCS[C@H]12,Klebsiella pneumoniae,μg/mL,CHEMBL59066,1,16.0,16.0,16.0,1.2041199826559248,B,high,1,1.0
O=C(CSc1nnc(-c2ccc(S(=O)(=O)c3ccc(Br)cc3)cc2)[nH]1)c1ccc(Br)cc1,O=C(CSc1nnc(-c2ccc(S(=O)(=O)c3ccccc3)cc2)[nH]1)c1ccccc1,Acinetobacter baumannii,μg/mL,CHEMBL1077727,1,64.0,64.0,64.0,1.806179973983887,B,high,1,1.0
O=C(CSc1nnc(-c2ccc(S(=O)(=O)c3ccc(Br)cc3)cc2)[nH]1)c1ccccc1,O=C(CSc1nnc(-c2ccc(S(=O)(=O)c3ccccc3)cc2)[nH]1)c1ccccc1,Acinetobacter baumannii,μg/mL,CHEMBL1078243,1,64.0,64.0,64.0,1.806179973983887,B,high,1,1.0
O=C(CSc1nnc(-c2ccc(S(=O)(=O)c3ccc(Cl)cc3)cc2)[nH]1)c1ccc(Br)cc1,O=C(CSc1nnc(-c2ccc(S(=O)(=O)c3ccccc3)cc2)[nH]1)c1ccccc1,Acinetobacter baumannii,μg/mL,CHEMBL1078732,1,64.0,64.0,64.0,1.806179973983887,B,high,1,1.0
O=C(CSc1nnc(-c2ccc(S(=O)(=O)c3ccc(Cl)cc3)cc2)[nH]1)c1ccccc1,O=C(CSc1nnc(-c2ccc(S(=O)(=O)c3ccccc3)cc2)[nH]1)c1ccccc1,Acinetobacter baumannii,μg/mL,CHEMBL1078731,1,64.0,64.0,64.0,1.806179973983887,B,high,1,1.0
O=C(CSc1nnc(-c2ccc(S(=O)(=O)c3ccccc3)cc2)[nH]1)c1ccc(Br)cc1,O=C(CSc1nnc(-c2ccc(S(=O)(=O)c3ccccc3)cc2)[nH]1)c1ccccc1,Acinetobacter baumannii,μg/mL,CHEMBL1077843,1,512.0,512.0,512.0,2.709269960975831,B,high,1,1.0
O=C(CSc1nnc(-c2ccc(S(=O)(=O)c3ccccc3)cc2)[nH]1)c1ccccc1,O=C(CSc1nnc(-c2ccc(S(=O)(=O)c3ccccc3)cc2)[nH]1)c1ccccc1,Acinetobacter baumannii,μg/mL,CHEMBL1077657,1,64.0,64.0,64.0,1.806179973983887,B,high,1,1.0
O=C(Cc1ccc(Cl)cc1)N[C@@H]1C(=O)N2C(C(=O)O)=C(Cl)CS[C@H]12,O=C(Cc1ccccc1)N[C@@H]1C(=O)N2C=CCS[C@H]12,Klebsiella pneumoniae,μg/mL,CHEMBL60607,1,128.0,128.0,128.0,2.1072099696478683,B,high,1,1.0
O=C(Cc1ccc(F)cc1)N[C@@H]1C(=O)N2C(C(=O)O)=C(Cl)CS[C@H]12,O=C(Cc1ccccc1)N[C@@H]1C(=O)N2C=CCS[C@H]12,Klebsiella pneumoniae,μg/mL,CHEMBL59281,1,32.0,32.0,32.0,1.505149978319906,B,high,1,1.0
O=C(Cc1ccc(O)cc1)N[C@@H]1C(=O)N2C(C(=O)O)=C(Cl)CS[C@H]12,O=C(Cc1ccccc1)N[C@@H]1C(=O)N2C=CCS[C@H]12,Klebsiella pneumoniae,μg/mL,CHEMBL302873,2,8.0,8.0,8.0,0.9030899869919435,B,high,2,1.0
O=C(Cc1ccccc1)N[C@@H]1C(=O)N2C(C(=O)O)=C(Cl)CS[C@H]12,O=C(Cc1ccccc1)N[C@@H]1C(=O)N2C=CCS[C@H]12,Klebsiella pneumoniae,μg/mL,CHEMBL293958,2,4.0,4.0,4.0,0.6020599913279624,B,high,2,1.0
O=C(Cc1ccccc1)N[C@@H]1C(=O)N2C(C(=O)O)=C(OS(=O)(=O)C(F)(F)F)NC[C@H]12,O=C(Cc1ccccc1)N[C@@H]1C(=O)N2C=CNC[C@H]12,Klebsiella pneumoniae,μg/mL,CHEMBL141090,1,0.24,0.24,0.24,-0.619788758288394,B,high,1,1.0
O=C(Cc1ccccc1)N[C@@H]1C(=O)N2C(C(=O)O)=CCS[C@H]12,O=C(Cc1ccccc1)N[C@@H]1C(=O)N2C=CCS[C@H]12,Klebsiella pneumoniae,μg/mL,CHEMBL60601,1,4.0,4.0,4.0,0.6020599913279624,B,high,1,1.0
O=C(Cc1cccs1)N[C@@H]1C(=O)N2C(C(=O)O)=C(/C=C/[S+]([O-])c3ccc([N+](=O)[O-])cc3)CS[C@H]12,O=C(Cc1cccs1)N[C@@H]1C(=O)N2C=C(/C=C/[SH+]c3ccccc3)CS[C@H]12,Klebsiella pneumoniae,μg/mL,CHEMBL435369,1,64.0,64.0,64.0,1.806179973983887,B,high,1,1.0
O=C(Cc1cccs1)N[C@@H]1C(=O)N2C(C(=O)O)=C(Cl)CS[C@H]12,O=C(Cc1cccs1)N[C@@H]1C(=O)N2C=CCS[C@H]12,Klebsiella pneumoniae,μg/mL,CHEMBL292112,1,2.0,2.0,2.0,0.3010299956639812,B,high,1,1.0
O=C(Cc1ccsc1)N[C@@H]1C(=O)N2C(C(=O)O)=C(Cl)CS[C@H]12,O=C(Cc1ccsc1)N[C@@H]1C(=O)N2C=CCS[C@H]12,Klebsiella pneumoniae,μg/mL,CHEMBL291460,1,2.0,2.0,2.0,0.3010299956639812,B,high,1,1.0
O=C(Cc1csc(Cl)n1)N[C@@H]1C(=O)N2C(C(=O)O)=C(Cl)CS[C@H]12,O=C(Cc1cscn1)N[C@@H]1C(=O)N2C=CCS[C@H]12,Klebsiella pneumoniae,μg/mL,CHEMBL303781,1,8.0,8.0,8.0,0.9030899869919435,B,high,1,1.0
O=C(Cc1csc2ccc(Cl)cc12)N[C@@H]1C(=O)N2C(C(=O)O)=C(Cl)CS[C@H]12,O=C(Cc1csc2ccccc12)N[C@@H]1C(=O)N2C=CCS[C@H]12,Klebsiella pneumoniae,μg/mL,CHEMBL291445,2,96.0,64.0,128.0,1.9822712330395684,B,high,2,1.0
O=C(Cc1csc2ccc(Cl)cc12)N[C@@H]1C(=O)N2C(C(=O)O)=CCS[C@H]12,O=C(Cc1csc2ccccc12)N[C@@H]1C(=O)N2C=CCS[C@H]12,Klebsiella pneumoniae,μg/mL,CHEMBL61339,1,128.0,128.0,128.0,2.1072099696478683,B,high,1,1.0
O=C(Cc1csc2ccccc12)N[C@@H]1C(=O)N2C(C(=O)O)=C(Cl)CS[C@H]12,O=C(Cc1csc2ccccc12)N[C@@H]1C(=O)N2C=CCS[C@H]12,Klebsiella pneumoniae,μg/mL,CHEMBL291968,2,128.0,128.0,128.0,2.1072099696478683,B,high,2,1.0
O=C(Cc1noc(C(Cl)(Cl)Cl)n1)N[C@@H]1C(=O)N2C(C(=O)O)=C(Cl)CS[C@H]12,O=C(Cc1ncon1)N[C@@H]1C(=O)N2C=CCS[C@H]12,Klebsiella pneumoniae,μg/mL,CHEMBL61617,1,16.0,16.0,16.0,1.2041199826559248,B,high,1,1.0
O=C(Cc1noc(C(Cl)(Cl)Cl)n1)N[C@@H]1C(=O)N2C(C(=O)O)=CCS[C@H]12,O=C(Cc1ncon1)N[C@@H]1C(=O)N2C=CCS[C@H]12,Klebsiella pneumoniae,μg/mL,CHEMBL59194,1,32.0,32.0,32.0,1.505149978319906,B,high,1,1.0
O=C(NNC(=S)Nc1ccc(OC(F)(F)F)cc1)c1ccc(S(=O)(=O)c2ccc(Br)cc2)cc1,O=C(NNC(=S)Nc1ccccc1)c1ccc(S(=O)(=O)c2ccccc2)cc1,Acinetobacter baumannii,μg/mL,CHEMBL1945278,1,64.0,64.0,64.0,1.806179973983887,B,high,1,1.0
O=C(NNC(=S)Nc1ccc(OC(F)(F)F)cc1)c1ccc(S(=O)(=O)c2ccccc2)cc1,O=C(NNC(=S)Nc1ccccc1)c1ccc(S(=O)(=O)c2ccccc2)cc1,Acinetobacter baumannii,μg/mL,CHEMBL1945277,1,64.0,64.0,64.0,1.806179973983887,B,high,1,1.0
O=C(N[C@H](CO)[C@H](O)c1ccc([N+](=O)[O-])cc1)C(Cl)Cl,c1ccccc1,Acinetobacter baumannii,μg/mL,CHEMBL130|CHLORAMPHENICOL,33,64.0,0.25,256.0,1.806179973983887,A,high,7,1.0
O=C(N[C@H](CO)[C@H](O)c1ccc([N+](=O)[O-])cc1)C(Cl)Cl,c1ccccc1,Klebsiella pneumoniae,μg/mL,CHEMBL130,1,3.12,3.12,3.12,0.4941545940184428,B,high,1,1.0
O=C(N[C@H](CO)[C@H](O)c1ccc([N+](=O)[O-])cc1)C(Cl)Cl,c1ccccc1,Pseudomonas aeruginosa,μg/mL,CHEMBL130|CHLORAMPHENICOL,3,100.0,64.0,200.0,2.0,A,high,2,1.0
O=C(Nc1cc(Cl)c(Cl)c(Cl)c1)c1cc(Br)cc(Br)c1O,O=C(Nc1ccccc1)c1ccccc1,Acinetobacter baumannii,μg/mL,CHEMBL1631663,1,16.0,16.0,16.0,1.2041199826559248,B,high,1,1.0
O=C(Nc1cc(Cl)c(Cl)c(Cl)c1)c1cc(Cl)cc(Cl)c1O,O=C(Nc1ccccc1)c1ccccc1,Acinetobacter baumannii,μg/mL,CHEMBL1631664,1,16.0,16.0,16.0,1.2041199826559248,B,high,1,1.0
O=C(Nc1cc(Cl)cc(C(=O)c2ccc(Cl)cc2)c1Cl)c1cc(Br)cc(Br)c1O,O=C(Nc1cccc(C(=O)c2ccccc2)c1)c1ccccc1,Acinetobacter baumannii,μg/mL,CHEMBL1631670,1,16.0,16.0,16.0,1.2041199826559248,B,high,1,1.0
O=C(Nc1cc(Cl)cc(C(=O)c2ccc(Cl)cc2)c1Cl)c1cc(Cl)cc(Br)c1O,O=C(Nc1cccc(C(=O)c2ccccc2)c1)c1ccccc1,Acinetobacter baumannii,μg/mL,CHEMBL1631672,1,16.0,16.0,16.0,1.2041199826559248,B,high,1,1.0
O=C(Nc1cc(Cl)cc(C(=O)c2ccccc2)c1Cl)c1cc(Br)cc(Br)c1O,O=C(Nc1cccc(C(=O)c2ccccc2)c1)c1ccccc1,Acinetobacter baumannii,μg/mL,CHEMBL1631671,1,16.0,16.0,16.0,1.2041199826559248,B,high,1,1.0
O=C(Nc1cc(Cl)ccc1Cl)c1cc(Br)cc(Br)c1O,O=C(Nc1ccccc1)c1ccccc1,Acinetobacter baumannii,μg/mL,CHEMBL1631666,1,16.0,16.0,16.0,1.2041199826559248,B,high,1,1.0
O=C(Nc1cc(Cl)ccc1Cl)c1cc(Cl)cc(Cl)c1O,O=C(Nc1ccccc1)c1ccccc1,Acinetobacter baumannii,μg/mL,CHEMBL1631667,1,16.0,16.0,16.0,1.2041199826559248,B,high,1,1.0
O=C(Nc1cc(Cl)ccc1Oc1ccc(Br)c2ccccc12)c1cc(Cl)cc(I)c1O,O=C(Nc1ccccc1Oc1cccc2ccccc12)c1ccccc1,Acinetobacter baumannii,μg/mL,CHEMBL1632134,1,16.0,16.0,16.0,1.2041199826559248,B,high,1,1.0
O=C(Nc1cc(Cl)ccc1Oc1ccc(Cl)c2ccccc12)c1cc(Cl)cc(Br)c1O,O=C(Nc1ccccc1Oc1cccc2ccccc12)c1ccccc1,Acinetobacter baumannii,μg/mL,CHEMBL1632136,1,16.0,16.0,16.0,1.2041199826559248,B,high,1,1.0
O=C(Nc1cc(Cl)ccc1Oc1ccc(Cl)c2ccccc12)c1cc(I)cc(I)c1O,O=C(Nc1ccccc1Oc1cccc2ccccc12)c1ccccc1,Acinetobacter baumannii,μg/mL,CHEMBL1632138,1,16.0,16.0,16.0,1.2041199826559248,B,high,1,1.0
O=C(Nc1cc(Cl)ccc1Oc1cccc2c(Br)cccc12)c1cc(Cl)cc(Br)c1O,O=C(Nc1ccccc1Oc1cccc2ccccc12)c1ccccc1,Acinetobacter baumannii,μg/mL,CHEMBL1632143,1,16.0,16.0,16.0,1.2041199826559248,B,high,1,1.0
O=C(Nc1cc(Cl)ccc1Oc1ccccc1)c1cc(Br)cc(Br)c1O,O=C(Nc1ccccc1Oc1ccccc1)c1ccccc1,Acinetobacter baumannii,μg/mL,CHEMBL1631669,1,16.0,16.0,16.0,1.2041199826559248,B,high,1,1.0
O=C(Nc1cc(S(=O)(=O)c2ccc(Cl)cc2)ccc1Cl)c1cc(I)cc(I)c1O,O=C(Nc1cccc(S(=O)(=O)c2ccccc2)c1)c1ccccc1,Acinetobacter baumannii,μg/mL,CHEMBL1632122,1,16.0,16.0,16.0,1.2041199826559248,B,high,1,1.0
O=C(Nc1ccc(-c2nc3ccccc3[nH]2)cc1)c1ccc([N+](=O)[O-])o1,O=C(Nc1ccc(-c2nc3ccccc3[nH]2)cc1)c1ccco1,Acinetobacter baumannii,μg/mL,CHEMBL1632102,1,12.0,12.0,12.0,1.0791812460476249,B,high,1,1.0
O=C(Nc1ccc(Cl)c(C(=O)c2ccc(Cl)cc2)c1)c1cc(Cl)ccc1O,O=C(Nc1cccc(C(=O)c2ccccc2)c1)c1ccccc1,Acinetobacter baumannii,μg/mL,CHEMBL1631674,2,16.0,16.0,16.0,1.2041199826559248,B,high,1,1.0
O=C(Nc1ccc(Cl)c(Cl)c1)c1cc(Cl)cc(Cl)c1O,O=C(Nc1ccccc1)c1ccccc1,Acinetobacter baumannii,μg/mL,CHEMBL291338,1,16.0,16.0,16.0,1.2041199826559248,B,high,1,1.0
O=C(Nc1ccc(Cl)c(Cl)c1)c1ccc([N+](=O)[O-])o1,O=C(Nc1ccccc1)c1ccco1,Acinetobacter baumannii,μg/mL,CHEMBL1632114,1,12.0,12.0,12.0,1.0791812460476249,B,high,1,1.0
O=C(Nc1ccc(Cl)c(S(=O)(=O)Nc2cccc(Cl)c2)c1)c1ccc([N+](=O)[O-])o1,O=C(Nc1cccc(S(=O)(=O)Nc2ccccc2)c1)c1ccco1,Acinetobacter baumannii,μg/mL,CHEMBL1632116,1,12.0,12.0,12.0,1.0791812460476249,B,high,1,1.0
O=C(Nc1ccc(Cl)cc1)c1cc(Br)cc(Br)c1O,O=C(Nc1ccccc1)c1ccccc1,Acinetobacter baumannii,μg/mL,CHEMBL1631665,1,16.0,16.0,16.0,1.2041199826559248,B,high,1,1.0
O=C(Nc1ccc(NS(=O)(=O)c2ccc(Cl)cc2)cc1Cl)c1cc(Cl)ccc1O,O=C(Nc1ccc(NS(=O)(=O)c2ccccc2)cc1)c1ccccc1,Acinetobacter baumannii,μg/mL,CHEMBL1632121,1,16.0,16.0,16.0,1.2041199826559248,B,high,1,1.0
O=C(Nc1ccc(Oc2cc3ccccc3cc2Cl)c(Cl)c1)c1cc(Br)cc(Br)c1O,O=C(Nc1ccc(Oc2ccc3ccccc3c2)cc1)c1ccccc1,Acinetobacter baumannii,μg/mL,CHEMBL1632135,1,16.0,16.0,16.0,1.2041199826559248,B,high,1,1.0
O=C(Nc1ccc(Oc2cc3ccccc3cc2Cl)c(Cl)c1)c1cc(Cl)cc(I)c1O,O=C(Nc1ccc(Oc2ccc3ccccc3c2)cc1)c1ccccc1,Acinetobacter baumannii,μg/mL,CHEMBL1632137,1,16.0,16.0,16.0,1.2041199826559248,B,high,1,1.0
O=C(Nc1ccc(Oc2ccc(Br)c3ccccc23)c(Cl)c1)c1cc(Br)cc(Br)c1O,O=C(Nc1ccc(Oc2cccc3ccccc23)cc1)c1ccccc1,Acinetobacter baumannii,μg/mL,CHEMBL1632139,1,16.0,16.0,16.0,1.2041199826559248,B,high,1,1.0
O=C(Nc1ccc(Oc2ccc(Cl)c3cccnc23)c(Br)c1)c1cc(Br)cc(Br)c1O,O=C(Nc1ccc(Oc2cccc3cccnc23)cc1)c1ccccc1,Acinetobacter baumannii,μg/mL,CHEMBL1632146,1,16.0,16.0,16.0,1.2041199826559248,B,high,1,1.0
O=C(Nc1ccc(Oc2ccc(Cl)c3cccnc23)c(Cl)c1)c1cc(Br)cc(Br)c1O,O=C(Nc1ccc(Oc2cccc3cccnc23)cc1)c1ccccc1,Acinetobacter baumannii,μg/mL,CHEMBL1632147,1,16.0,16.0,16.0,1.2041199826559248,B,high,1,1.0
O=C(Nc1ccc(Oc2ccc(Cl)cc2)c(Cl)c1)c1cc(Br)cc(Br)c1O,O=C(Nc1ccc(Oc2ccccc2)cc1)c1ccccc1,Acinetobacter baumannii,μg/mL,CHEMBL1631675,1,16.0,16.0,16.0,1.2041199826559248,B,high,1,1.0
O=C(Nc1ccc(Oc2ccc3ccccc3c2Cl)c(Cl)c1)c1cc(Br)cc(Br)c1O,O=C(Nc1ccc(Oc2ccc3ccccc3c2)cc1)c1ccccc1,Acinetobacter baumannii,μg/mL,CHEMBL1632141,1,16.0,16.0,16.0,1.2041199826559248,B,high,1,1.0
O=C(Nc1ccc(Oc2ccc3ccccc3c2Cl)c(Cl)c1)c1cc(Cl)cc(Br)c1O,O=C(Nc1ccc(Oc2ccc3ccccc3c2)cc1)c1ccccc1,Acinetobacter baumannii,μg/mL,CHEMBL1632144,1,16.0,16.0,16.0,1.2041199826559248,B,high,1,1.0
O=C(Nc1ccc(Oc2ccc3ccccc3c2Cl)c(Cl)c1)c1cc(I)cc(I)c1O,O=C(Nc1ccc(Oc2ccc3ccccc3c2)cc1)c1ccccc1,Acinetobacter baumannii,μg/mL,CHEMBL1632142,1,16.0,16.0,16.0,1.2041199826559248,B,high,1,1.0
O=C(Nc1ccc(S(=O)(=O)c2nc3ccccc3s2)c(Cl)c1)c1cc(Cl)cc(Cl)c1O,O=C(Nc1ccc(S(=O)(=O)c2nc3ccccc3s2)cc1)c1ccccc1,Acinetobacter baumannii,μg/mL,CHEMBL1632140,1,16.0,16.0,16.0,1.2041199826559248,B,high,1,1.0
O=C(Nc1ccc(Sc2nc3ccccc3s2)c(Cl)c1)c1cc(Br)cc(Br)c1O,O=C(Nc1ccc(Sc2nc3ccccc3s2)cc1)c1ccccc1,Acinetobacter baumannii,μg/mL,CHEMBL1632145,1,16.0,16.0,16.0,1.2041199826559248,B,high,1,1.0
O=C(Nc1ccc(Sc2nc3ccccc3s2)c(Cl)c1)c1cc(Cl)cc(Cl)c1O,O=C(Nc1ccc(Sc2nc3ccccc3s2)cc1)c1ccccc1,Acinetobacter baumannii,μg/mL,CHEMBL315139,1,16.0,16.0,16.0,1.2041199826559248,B,high,1,1.0
O=C(Nc1ccc2oc(-c3ccncc3)nc2c1)c1ccc([N+](=O)[O-])o1,O=C(Nc1ccc2oc(-c3ccncc3)nc2c1)c1ccco1,Acinetobacter baumannii,μg/mL,CHEMBL1419414,1,12.0,12.0,12.0,1.0791812460476249,B,high,1,1.0
O=C(Nc1cccc(-c2nc3ncccc3o2)c1)c1ccc([N+](=O)[O-])o1,O=C(Nc1cccc(-c2nc3ncccc3o2)c1)c1ccco1,Acinetobacter baumannii,μg/mL,CHEMBL1632111,1,12.0,12.0,12.0,1.0791812460476249,B,high,1,1.0
O=C(Nc1cccc(C2=Nc3ccccc3C2)c1)c1ccc([N+](=O)[O-])o1,O=C(Nc1cccc(C2=Nc3ccccc3C2)c1)c1ccco1,Acinetobacter baumannii,μg/mL,CHEMBL1632113,1,12.0,12.0,12.0,1.0791812460476249,B,high,1,1.0
O=C(Nc1cccc(Cl)c1)c1cc(Br)cc(Br)c1O,O=C(Nc1ccccc1)c1ccccc1,Acinetobacter baumannii,μg/mL,CHEMBL1631668,1,16.0,16.0,16.0,1.2041199826559248,B,high,1,1.0
O=C(Nc1cccc2c1C(=O)NC2=O)c1ccc([N+](=O)[O-])o1,O=C(Nc1cccc2c1C(=O)NC2=O)c1ccco1,Acinetobacter baumannii,μg/mL,CHEMBL1632109,1,12.0,12.0,12.0,1.0791812460476249,B,high,1,1.0
O=C(Nc1cccc2cccnc12)c1ccc([N+](=O)[O-])o1,O=C(Nc1cccc2cccnc12)c1ccco1,Acinetobacter baumannii,μg/mL,CHEMBL1632100,1,12.0,12.0,12.0,1.0791812460476249,B,high,1,1.0
O=C(O)C(F)(F)F.c1cc2cc(-c3ccc(-c4cc5ccc(C6=NCCCN6)cc5[nH]4)cc3)[nH]c2cc1C1=NCCCN1,c1cc2cc(-c3ccc(-c4cc5ccc(C6=NCCCN6)cc5[nH]4)cc3)[nH]c2cc1C1=NCCCN1,Acinetobacter baumannii,μg/mL,CHEMBL3094501,1,2.5,2.5,2.5,0.3979400086720376,B,high,1,1.0
O=C(O)C(F)(F)F.c1cc2cc(-c3ccc(-c4cc5ccc(C6=NCCN6)cc5[nH]4)s3)[nH]c2cc1C1=NCCN1,c1cc2cc(-c3ccc(-c4cc5ccc(C6=NCCN6)cc5[nH]4)s3)[nH]c2cc1C1=NCCN1,Acinetobacter baumannii,μg/mL,CHEMBL3094514,1,10.0,10.0,10.0,1.0,B,high,1,1.0
O=C(O)C(F)(F)F.c1cc2cc(CCc3cc4ccc(C5=NCCCN5)cc4[nH]3)[nH]c2cc1C1=NCCCN1,c1cc2cc(CCc3cc4ccc(C5=NCCCN5)cc4[nH]3)[nH]c2cc1C1=NCCCN1,Acinetobacter baumannii,μg/mL,CHEMBL3094493,1,80.0,80.0,80.0,1.9030899869919435,B,high,1,1.0
O=C(O)C1=C(CN2CCN(c3cc4c(cc3F)c(=O)c(C(=O)O)cn4C3CC3)CC2)CS[C@@H]2[C@H](NC(=O)C(C(=O)O)c3ccccc3)C(=O)N12,O=C(Cc1ccccc1)N[C@@H]1C(=O)N2C=C(CN3CCN(c4ccc5c(=O)ccn(C6CC6)c5c4)CC3)CS[C@H]12,Klebsiella pneumoniae,μg/mL,CHEMBL341086,1,1.0,1.0,1.0,0.0,B,high,1,1.0
O=C(O)C1=C(CN2CCN(c3cc4c(cc3F)c(=O)c(C(=O)O)cn4C3CC3)CC2)CS[C@@H]2[C@H](NC(=O)C(C(=O)O)c3ccccc3)C(=O)N12,O=C(Cc1ccccc1)N[C@@H]1C(=O)N2C=C(CN3CCN(c4ccc5c(=O)ccn(C6CC6)c5c4)CC3)CS[C@H]12,Pseudomonas aeruginosa,μg/mL,CHEMBL341086,2,6.0,4.0,8.0,0.7781512503836436,B,high,1,1.0
O=C(O)C1=C(CN2CCN(c3cc4c(cc3F)c(=O)c(C(=O)O)cn4C3CC3)CC2)CS[C@@H]2[C@H](NC(=O)[C@H](O)c3ccccc3)C(=O)N12,O=C(Cc1ccccc1)N[C@@H]1C(=O)N2C=C(CN3CCN(c4ccc5c(=O)ccn(C6CC6)c5c4)CC3)CS[C@H]12,Klebsiella pneumoniae,μg/mL,CHEMBL134016,1,0.5,0.5,0.5,-0.3010299956639812,B,high,1,1.0
O=C(O)C1=C(CN2CCN(c3cc4c(cc3F)c(=O)c(C(=O)O)cn4C3CC3)CC2)CS[C@@H]2[C@H](NC(=O)[C@H](O)c3ccccc3)C(=O)N12,O=C(Cc1ccccc1)N[C@@H]1C(=O)N2C=C(CN3CCN(c4ccc5c(=O)ccn(C6CC6)c5c4)CC3)CS[C@H]12,Pseudomonas aeruginosa,μg/mL,CHEMBL134016,2,2.0,2.0,2.0,0.3010299956639812,B,high,1,1.0
O=C(O)C1=C(COC(=O)N2CCN(c3cc4c(cc3F)c(=O)c(C(=O)O)cn4C3CC3)CC2)CS[C@@H]2[C@H](NC(=O)C(O)c3ccccc3)C(=O)N12,O=C(Cc1ccccc1)N[C@@H]1C(=O)N2C=C(COC(=O)N3CCN(c4ccc5c(=O)ccn(C6CC6)c5c4)CC3)CS[C@H]12,Klebsiella pneumoniae,μg/mL,CHEMBL319965,1,0.063,0.063,0.063,-1.2006594505464183,B,high,1,1.0
O=C(O)C1=C(COC(=O)N2CCN(c3cc4c(cc3F)c(=O)c(C(=O)O)cn4C3CC3)CC2)CS[C@@H]2[C@H](NC(=O)C(O)c3ccccc3)C(=O)N12,O=C(Cc1ccccc1)N[C@@H]1C(=O)N2C=C(COC(=O)N3CCN(c4ccc5c(=O)ccn(C6CC6)c5c4)CC3)CS[C@H]12,Pseudomonas aeruginosa,μg/mL,CHEMBL319965,2,0.75,0.5,1.0,-0.12493873660829995,B,high,1,1.0
O=C(O)C1=CC(C2CC2)c2nc(N3CC/C(=N\O)C3)c(F)cc2C1=O,N=C1CCN(c2ccc3c(n2)C(C2CC2)C=CC3=O)C1,Klebsiella pneumoniae,μg/mL,CHEMBL29033,1,0.05,0.05,0.05,-1.3010299956639813,B,high,1,1.0
O=C(O)C1=CC(C2CC2)c2nc(N3CC/C(=N\O)C3)c(F)cc2C1=O,N=C1CCN(c2ccc3c(n2)C(C2CC2)C=CC3=O)C1,Pseudomonas aeruginosa,μg/mL,CHEMBL29033,1,0.78,0.78,0.78,-0.10790539730951958,B,high,1,1.0
O=C(O)CCCC[C@H](NC(=O)[C@@H]1CCCN1)C(=O)O,C1CCNC1,Klebsiella pneumoniae,μg/mL,CHEMBL2371643,1,63.0,63.0,63.0,1.7993405494535817,B,high,1,1.0
O=C(O)CCCSC1=CC(=O)c2c(O)ccc(O)c2C1=O,O=C1C=CC(=O)c2ccccc21,Klebsiella pneumoniae,μg/mL,CHEMBL328635,1,50.0,50.0,50.0,1.6989700043360187,B,high,1,1.0
O=C(O)CCCSC1=CC(=O)c2ccccc2C1=O,O=C1C=CC(=O)c2ccccc21,Klebsiella pneumoniae,μg/mL,CHEMBL98758,1,50.0,50.0,50.0,1.6989700043360187,B,high,1,1.0
O=C(O)CCSC1=CC(=O)c2ccccc2C1=O,O=C1C=CC(=O)c2ccccc21,Klebsiella pneumoniae,μg/mL,CHEMBL100206,1,50.0,50.0,50.0,1.6989700043360187,B,high,1,1.0
O=C(O)C[C@@H](C(=O)O)N1Cc2ccccc2C1=O,O=C1NCc2ccccc21,Pseudomonas aeruginosa,μg/mL,CHEMBL289290,1,1620.0,1620.0,1620.0,3.2095150145426308,B,high,1,1.0
O=C(O)[C@H](CO)N1Cc2ccccc2C1=O,O=C1NCc2ccccc21,Pseudomonas aeruginosa,μg/mL,CHEMBL44469,1,3600.0,3600.0,3600.0,3.5563025007672873,B,high,1,1.0
O=C(O)[C@H](Cc1ccccc1)N1Cc2ccccc2C1=O,O=C1c2ccccc2CN1CCc1ccccc1,Pseudomonas aeruginosa,μg/mL,CHEMBL42210,1,3600.0,3600.0,3600.0,3.5563025007672873,B,high,1,1.0
O=C(O)[C@H](c1ccccc1)N1Cc2ccccc2C1=O,O=C1c2ccccc2CN1Cc1ccccc1,Pseudomonas aeruginosa,μg/mL,CHEMBL42211,1,3600.0,3600.0,3600.0,3.5563025007672873,B,high,1,1.0
O=C(O)[C@H]1/C(=C/CO)O[C@@H]2CC(=O)N21,C=C1CN2C(=O)C[C@H]2O1,Escherichia coli,μg/mL,CHEMBL777,2,32.0,32.0,32.0,1.505149978319906,B,high,1,1.0
O=C(O)c1c(=O)c2cc(F)c(N3CCC(O)C3)c3c2n2c(csc12)CO3,O=c1cc2scc3n2c2c(c(N4CCCC4)ccc12)OC3,Klebsiella pneumoniae,μg/mL,CHEMBL174721,1,0.05,0.05,0.05,-1.3010299956639813,B,high,1,1.0
O=C(O)c1c(=O)c2cc(F)c(N3CCCC3)c3c2n2c(csc12)CO3,O=c1cc2scc3n2c2c(c(N4CCCC4)ccc12)OC3,Klebsiella pneumoniae,μg/mL,CHEMBL174892,1,0.2,0.2,0.2,-0.6989700043360187,B,high,1,1.0
O=C(O)c1c(=O)c2cc(F)c(N3CCCCC3)c3c2n2c(csc12)CO3,O=c1cc2scc3n2c2c(c(N4CCCCC4)ccc12)OC3,Klebsiella pneumoniae,μg/mL,CHEMBL434339,1,1.56,1.56,1.56,0.1931245983544616,B,high,1,1.0
O=C(O)c1c(=O)c2cc(F)c(N3CCNCC3)c3c2n2c(csc12)CO3,O=c1cc2scc3n2c2c(c(N4CCNCC4)ccc12)OC3,Klebsiella pneumoniae,μg/mL,CHEMBL178077,1,0.05,0.05,0.05,-1.3010299956639813,B,high,1,1.0
O=C(O)c1c(=O)c2cc(F)c(N3CCNCC3)c3c2n2c(csc12)CO3,O=c1cc2scc3n2c2c(c(N4CCNCC4)ccc12)OC3,Pseudomonas aeruginosa,μg/mL,CHEMBL178077,2,0.78,0.78,0.78,-0.10790539730951958,B,high,1,1.0
O=C(O)c1c(=O)c2cc(F)c(N3CCNCC3)cc2n2c1sc1ccccc12,O=c1cc2sc3ccccc3n2c2cc(N3CCNCC3)ccc12,Escherichia coli,μg/mL,CHEMBL38591,1,0.2,0.2,0.2,-0.6989700043360187,B,high,1,1.0
O=C(O)c1c(=O)c2cc(F)c(N3CCNCC3)cc2n2c1sc1ccccc12,O=c1cc2sc3ccccc3n2c2cc(N3CCNCC3)ccc12,Klebsiella pneumoniae,μg/mL,CHEMBL38591,1,0.2,0.2,0.2,-0.6989700043360187,B,high,1,1.0
O=C(O)c1c(=O)c2cc(F)c(N3CCNCC3)cc2n2c1sc1ccccc12,O=c1cc2sc3ccccc3n2c2cc(N3CCNCC3)ccc12,Pseudomonas aeruginosa,μg/mL,CHEMBL38591,2,1.56,1.56,1.56,0.1931245983544616,B,high,1,1.0
O=C(O)c1c(=O)c2cc(F)c(N3CCOCC3)c3c2n2c(csc12)CO3,O=c1cc2scc3n2c2c(c(N4CCOCC4)ccc12)OC3,Klebsiella pneumoniae,μg/mL,CHEMBL369595,1,0.2,0.2,0.2,-0.6989700043360187,B,high,1,1.0
O=C(O)c1c(=O)c2cc(F)c(N3CCSCC3)c3c2n2c(csc12)CO3,O=c1cc2scc3n2c2c(c(N4CCSCC4)ccc12)OC3,Klebsiella pneumoniae,μg/mL,CHEMBL175245,1,0.39,0.39,0.39,-0.4089353929735008,B,high,1,1.0
O=C(O)c1c(=O)c2cc(F)c(N3CCSCC3)c3c2n2c(csc12)CO3,O=c1cc2scc3n2c2c(c(N4CCSCC4)ccc12)OC3,Pseudomonas aeruginosa,μg/mL,CHEMBL175245,2,4.6899999999999995,3.13,6.25,0.6711728427150833,B,high,1,1.0
O=C(O)c1c(=O)c2cc(F)c(N3C[C@H](O)[C@@H](O)C3)c3c2n2c(csc12)CO3,O=c1cc2scc3n2c2c(c(N4CCCC4)ccc12)OC3,Klebsiella pneumoniae,μg/mL,CHEMBL172904,1,1.56,1.56,1.56,0.1931245983544616,B,high,1,1.0
O=C(O)c1c2n(c3cc(N4CCNCC4)c(Cl)cc3c1=O)CS2,O=c1cc2n(c3cc(N4CCNCC4)ccc13)CS2,Klebsiella pneumoniae,μg/mL,CHEMBL433735,1,0.2,0.2,0.2,-0.6989700043360187,B,high,1,1.0
O=C(O)c1c2n(c3cc(N4CCNCC4)c(Cl)cc3c1=O)CS2,O=c1cc2n(c3cc(N4CCNCC4)ccc13)CS2,Pseudomonas aeruginosa,μg/mL,CHEMBL433735,1,6.25,6.25,6.25,0.7958800173440752,B,high,1,1.0
O=C(O)c1c2n(c3cc(N4CCNCC4)c(F)cc3c1=O)C(c1ccc(F)cc1)S2,O=c1cc2n(c3cc(N4CCNCC4)ccc13)C(c1ccccc1)S2,Escherichia coli,μg/mL,CHEMBL142314,1,0.025,0.025,0.025,-1.6020599913279623,B,high,1,1.0
O=C(O)c1c2n(c3cc(N4CCNCC4)c(F)cc3c1=O)C(c1ccc(F)cc1)S2,O=c1cc2n(c3cc(N4CCNCC4)ccc13)C(c1ccccc1)S2,Klebsiella pneumoniae,μg/mL,CHEMBL142314,1,0.0125,0.0125,0.0125,-1.9030899869919435,B,high,1,1.0
O=C(O)c1c2n(c3cc(N4CCNCC4)c(F)cc3c1=O)C(c1ccc(F)cc1)S2,O=c1cc2n(c3cc(N4CCNCC4)ccc13)C(c1ccccc1)S2,Pseudomonas aeruginosa,μg/mL,CHEMBL142314,1,0.39,0.39,0.39,-0.4089353929735008,B,high,1,1.0
O=C(O)c1c2n(c3cc(N4CCNCC4)c(F)cc3c1=O)C(c1ccccc1)S2,O=c1cc2n(c3cc(N4CCNCC4)ccc13)C(c1ccccc1)S2,Escherichia coli,μg/mL,CHEMBL142111,1,0.025,0.025,0.025,-1.6020599913279623,B,high,1,1.0
O=C(O)c1c2n(c3cc(N4CCNCC4)c(F)cc3c1=O)C(c1ccccc1)S2,O=c1cc2n(c3cc(N4CCNCC4)ccc13)C(c1ccccc1)S2,Klebsiella pneumoniae,μg/mL,CHEMBL142111,1,0.025,0.025,0.025,-1.6020599913279623,B,high,1,1.0
O=C(O)c1c2n(c3cc(N4CCNCC4)c(F)cc3c1=O)C(c1ccccc1)S2,O=c1cc2n(c3cc(N4CCNCC4)ccc13)C(c1ccccc1)S2,Pseudomonas aeruginosa,μg/mL,CHEMBL142111,1,0.2,0.2,0.2,-0.6989700043360187,B,high,1,1.0
O=C(O)c1c2n(c3cc(N4CCNCC4)c(F)cc3c1=O)C(c1ccccc1F)S2,O=c1cc2n(c3cc(N4CCNCC4)ccc13)C(c1ccccc1)S2,Klebsiella pneumoniae,μg/mL,CHEMBL142732,1,0.78,0.78,0.78,-0.10790539730951958,B,high,1,1.0
O=C(O)c1c2n(c3cc(N4CCNCC4)c(F)cc3c1=O)C(c1ccccc1F)S2,O=c1cc2n(c3cc(N4CCNCC4)ccc13)C(c1ccccc1)S2,Pseudomonas aeruginosa,μg/mL,CHEMBL142732,1,3.13,3.13,3.13,0.49554433754644844,B,high,1,1.0
O=C(O)c1cccc(C(=O)c2cc(Cl)cc(C(=O)c3cccc(C(=O)O)c3O)c2O)c1O,O=C(c1ccccc1)c1cccc(C(=O)c2ccccc2)c1,Pseudomonas aeruginosa,μg/mL,CHEMBL114407,2,2.8,2.54,3.06,0.4471580313422192,B,high,1,1.0
O=C(O)c1cccc(C(=O)c2cc(Cl)cc(C(=O)c3ccccc3O)c2O)c1O,O=C(c1ccccc1)c1cccc(C(=O)c2ccccc2)c1,Pseudomonas aeruginosa,μg/mL,CHEMBL115909,2,0.21500000000000002,0.17,0.26,-0.6675615400843946,B,high,1,1.0
O=C(O)c1cccc(Cc2cc(Cl)cc(Cc3cccc(C(=O)O)c3O)c2O)c1O,c1ccc(Cc2cccc(Cc3ccccc3)c2)cc1,Pseudomonas aeruginosa,μg/mL,CHEMBL414421,2,1.09,0.86,1.32,0.037426497940623665,B,high,1,1.0
O=C(O)c1cccc(Cc2cc(Cl)cc(Cc3ccccc3O)c2O)c1O,c1ccc(Cc2cccc(Cc3ccccc3)c2)cc1,Pseudomonas aeruginosa,μg/mL,CHEMBL420131,2,0.060000000000000005,0.02,0.1,-1.2218487496163564,B,high,1,1.0
O=C(O)c1ccccc1SC1=CC(=O)c2c(Cl)ccc(O)c2C1=O,O=C1C=C(Sc2ccccc2)C(=O)c2ccccc21,Klebsiella pneumoniae,μg/mL,CHEMBL95417,1,25.0,25.0,25.0,1.3979400086720377,B,high,1,1.0
O=C(O)c1cn(-c2ccc(F)cc2)c2c(F)c(N3CCNCC3)c(F)cc2c1=O,O=c1ccn(-c2ccccc2)c2cc(N3CCNCC3)ccc12,Klebsiella pneumoniae,μg/mL,CHEMBL149144,1,0.05,0.05,0.05,-1.3010299956639813,B,high,1,1.0
O=C(O)c1cn(-c2ccc(F)cc2)c2c(F)c(N3CCNCC3)c(F)cc2c1=O,O=c1ccn(-c2ccccc2)c2cc(N3CCNCC3)ccc12,Pseudomonas aeruginosa,μg/mL,CHEMBL149144,3,0.78,0.39,0.78,-0.10790539730951958,B,high,1,1.0
O=C(O)c1cn(-c2ccc(F)cc2)c2cc(N3CCNCC3)c(F)cc2c1=O,O=c1ccn(-c2ccccc2)c2cc(N3CCNCC3)ccc12,Escherichia coli,μg/mL,CHEMBL37858,1,0.05,0.05,0.05,-1.3010299956639813,B,high,1,1.0
O=C(O)c1cn(-c2ccc(F)cc2)c2cc(N3CCNCC3)c(F)cc2c1=O,O=c1ccn(-c2ccccc2)c2cc(N3CCNCC3)ccc12,Klebsiella pneumoniae,μg/mL,CHEMBL37858,1,0.02,0.02,0.02,-1.6989700043360187,B,high,1,1.0
O=C(O)c1cn(-c2ccc(F)cc2)c2cc(N3CCNCC3)c(F)cc2c1=O,O=c1ccn(-c2ccccc2)c2cc(N3CCNCC3)ccc12,Pseudomonas aeruginosa,μg/mL,CHEMBL37858,1,0.39,0.39,0.39,-0.4089353929735008,B,high,1,1.0
O=C(O)c1cn(-c2ccc(F)cc2)c2nc(N3CCNCC3)c(F)cc2c1=O,O=c1ccn(-c2ccccc2)c2nc(N3CCNCC3)ccc12,Escherichia coli,μg/mL,CHEMBL75682,1,0.05,0.05,0.05,-1.3010299956639813,B,high,1,1.0
O=C(O)c1cn(-c2ccc(F)cc2)c2nc(N3CCNCC3)c(F)cc2c1=O,O=c1ccn(-c2ccccc2)c2nc(N3CCNCC3)ccc12,Klebsiella pneumoniae,μg/mL,CHEMBL75682,1,0.1,0.1,0.1,-1.0,B,high,1,1.0
O=C(O)c1cn(-c2ccc(F)cc2)c2nc(N3CCNCC3)c(F)cc2c1=O,O=c1ccn(-c2ccccc2)c2nc(N3CCNCC3)ccc12,Pseudomonas aeruginosa,μg/mL,CHEMBL75682,1,0.39,0.39,0.39,-0.4089353929735008,B,high,1,1.0
O=C(O)c1cn(-c2ccc(F)cc2F)c2c(F)c(N3CCNCC3)c(F)cc2c1=O,O=c1ccn(-c2ccccc2)c2cc(N3CCNCC3)ccc12,Klebsiella pneumoniae,μg/mL,CHEMBL147591,1,0.05,0.05,0.05,-1.3010299956639813,B,high,1,1.0
O=C(O)c1cn(-c2ccc(F)cc2F)c2c(F)c(N3CCNCC3)c(F)cc2c1=O,O=c1ccn(-c2ccccc2)c2cc(N3CCNCC3)ccc12,Pseudomonas aeruginosa,μg/mL,CHEMBL147591,2,0.78,0.78,0.78,-0.10790539730951958,B,high,1,1.0
O=C(O)c1cn(-c2ccc(F)cc2F)c2cc(N3CC/C(=N/O)C3)c(F)cc2c1=O,N=C1CCN(c2ccc3c(=O)ccn(-c4ccccc4)c3c2)C1,Klebsiella pneumoniae,μg/mL,CHEMBL31833,1,0.2,0.2,0.2,-0.6989700043360187,B,high,1,1.0
O=C(O)c1cn(-c2ccc(F)cc2F)c2cc(N3CC/C(=N/O)C3)c(F)cc2c1=O,N=C1CCN(c2ccc3c(=O)ccn(-c4ccccc4)c3c2)C1,Pseudomonas aeruginosa,μg/mL,CHEMBL31833,2,2.33,1.56,3.1,0.367355921026019,B,high,1,1.0
O=C(O)c1cn(-c2ccc(F)cc2F)c2cc(N3CCC(=NO)CC3)c(F)cc2c1=O,N=C1CCN(c2ccc3c(=O)ccn(-c4ccccc4)c3c2)CC1,Klebsiella pneumoniae,μg/mL,CHEMBL31936,1,0.39,0.39,0.39,-0.4089353929735008,B,high,1,1.0
O=C(O)c1cn(-c2ccc(F)cc2F)c2cc(N3CCC(=NO)CC3)c(F)cc2c1=O,N=C1CCN(c2ccc3c(=O)ccn(-c4ccccc4)c3c2)CC1,Pseudomonas aeruginosa,μg/mL,CHEMBL31936,2,4.65,3.1,6.2,0.667452952889954,B,high,1,1.0
O=C(O)c1cn(-c2ccc(F)cc2F)c2cc(N3CCNCC3)c(F)cc2c1=O,O=c1ccn(-c2ccccc2)c2cc(N3CCNCC3)ccc12,Escherichia coli,μg/mL,CHEMBL15339,1,0.1,0.1,0.1,-1.0,B,high,1,1.0
O=C(O)c1cn(-c2ccc(F)cc2F)c2cc(N3CCNCC3)c(F)cc2c1=O,O=c1ccn(-c2ccccc2)c2cc(N3CCNCC3)ccc12,Klebsiella pneumoniae,μg/mL,CHEMBL15339,1,0.1,0.1,0.1,-1.0,B,high,1,1.0
O=C(O)c1cn(-c2ccc(F)cc2F)c2cc(N3CCNCC3)c(F)cc2c1=O,O=c1ccn(-c2ccccc2)c2cc(N3CCNCC3)ccc12,Pseudomonas aeruginosa,μg/mL,CHEMBL15339,2,0.5,0.2,0.8,-0.3010299956639812,B,high,2,1.0
O=C(O)c1cn(-c2ccc(F)cc2F)c2nc(C3=CCNCC3)c(F)cc2c1=O,O=c1ccn(-c2ccccc2)c2nc(C3=CCNCC3)ccc12,Klebsiella pneumoniae,μg/mL,CHEMBL411723,1,0.2,0.2,0.2,-0.6989700043360187,B,high,1,1.0
O=C(O)c1cn(-c2ccc(F)cc2F)c2nc(C3=CCNCC3)c(F)cc2c1=O,O=c1ccn(-c2ccccc2)c2nc(C3=CCNCC3)ccc12,Pseudomonas aeruginosa,μg/mL,CHEMBL411723,1,1.6,1.6,1.6,0.2041199826559248,B,high,1,1.0
O=C(O)c1cn(-c2ccc(F)cc2F)c2nc(N3CCC(=NO)CC3)c(F)cc2c1=O,N=C1CCN(c2ccc3c(=O)ccn(-c4ccccc4)c3n2)CC1,Klebsiella pneumoniae,μg/mL,CHEMBL285493,1,0.78,0.78,0.78,-0.10790539730951958,B,high,1,1.0
O=C(O)c1cn(-c2ccc(F)cc2F)c2nc(N3CCC(=NO)CC3)c(F)cc2c1=O,N=C1CCN(c2ccc3c(=O)ccn(-c4ccccc4)c3n2)CC1,Pseudomonas aeruginosa,μg/mL,CHEMBL285493,2,9.35,6.2,12.5,0.9708116108725178,B,high,1,1.0
O=C(O)c1cn(-c2ccc([N+](=O)[O-])cc2)c2cc(Cl)c(F)cc2c1=O,O=c1ccn(-c2ccccc2)c2ccccc12,Escherichia coli,μg/mL,CHEMBL115459,1,12.5,12.5,12.5,1.0969100130080565,B,high,1,1.0
O=C(O)c1cn(-c2ccccc2)c2cc(N3CCNCC3)c(F)cc2c1=O,O=c1ccn(-c2ccccc2)c2cc(N3CCNCC3)ccc12,Escherichia coli,μg/mL,CHEMBL38394,1,0.2,0.2,0.2,-0.6989700043360187,B,high,1,1.0
O=C(O)c1cn(-c2ccccc2)c2cc(N3CCNCC3)c(F)cc2c1=O,O=c1ccn(-c2ccccc2)c2cc(N3CCNCC3)ccc12,Klebsiella pneumoniae,μg/mL,CHEMBL38394,1,0.1,0.1,0.1,-1.0,B,high,1,1.0
O=C(O)c1cn(-c2ccccc2)c2cc(N3CCNCC3)c(F)cc2c1=O,O=c1ccn(-c2ccccc2)c2cc(N3CCNCC3)ccc12,Pseudomonas aeruginosa,μg/mL,CHEMBL38394,2,1.17,0.78,1.56,0.06818586174616162,B,high,1,1.0
O=C(O)c1cn(C2(c3ccccc3)CC2)c2cc(N3CCNCC3)c(F)cc2c1=O,O=c1ccn(C2(c3ccccc3)CC2)c2cc(N3CCNCC3)ccc12,Escherichia coli,μg/mL,CHEMBL347110,1,0.13,0.13,0.13,-0.8860566476931632,B,high,1,1.0
O=C(O)c1cn(C2(c3ccccc3)CC2)c2cc(N3CCNCC3)c(F)cc2c1=O,O=c1ccn(C2(c3ccccc3)CC2)c2cc(N3CCNCC3)ccc12,Klebsiella pneumoniae,μg/mL,CHEMBL347110,1,0.25,0.25,0.25,-0.6020599913279624,B,high,1,1.0
O=C(O)c1cn(C2(c3ccccc3)CC2)c2cc(N3CCNCC3)c(F)cc2c1=O,O=c1ccn(C2(c3ccccc3)CC2)c2cc(N3CCNCC3)ccc12,Pseudomonas aeruginosa,μg/mL,CHEMBL347110,1,4.0,4.0,4.0,0.6020599913279624,B,high,1,1.0
O=C(O)c1cn(C23CC4CC(CC(C4)C2)C3)c2cc(N3CCNCC3)c(F)cc2c1=O,O=c1ccn(C23CC4CC(CC(C4)C2)C3)c2cc(N3CCNCC3)ccc12,Escherichia coli,μg/mL,CHEMBL356614,1,2.0,2.0,2.0,0.3010299956639812,B,high,1,1.0
O=C(O)c1cn(C23CC4CC(CC(C4)C2)C3)c2cc(N3CCNCC3)c(F)cc2c1=O,O=c1ccn(C23CC4CC(CC(C4)C2)C3)c2cc(N3CCNCC3)ccc12,Klebsiella pneumoniae,μg/mL,CHEMBL356614,1,8.0,8.0,8.0,0.9030899869919435,B,high,1,1.0
O=C(O)c1cn(C23CC4CC(CC(C4)C2)C3)c2cc(N3CCNCC3)c(F)cc2c1=O,O=c1ccn(C23CC4CC(CC(C4)C2)C3)c2cc(N3CCNCC3)ccc12,Pseudomonas aeruginosa,μg/mL,CHEMBL356614,1,63.0,63.0,63.0,1.7993405494535817,B,high,1,1.0
O=C(O)c1cn(C2CC2)c2c(Cl)c(N3CCNCC3)c(F)cc2c1=O,O=c1ccn(C2CC2)c2cc(N3CCNCC3)ccc12,Escherichia coli,μg/mL,CHEMBL278036,1,0.025,0.025,0.025,-1.6020599913279623,B,high,1,1.0
O=C(O)c1cn(C2CC2)c2c(Cl)c(N3CCNCC3)c(F)cc2c1=O,O=c1ccn(C2CC2)c2cc(N3CCNCC3)ccc12,Klebsiella pneumoniae,μg/mL,CHEMBL278036,2,0.05,0.05,0.05,-1.3010299956639813,B,high,2,1.0
O=C(O)c1cn(C2CC2)c2c(Cl)c(N3CCNCC3)c(F)cc2c1=O,O=c1ccn(C2CC2)c2cc(N3CCNCC3)ccc12,Pseudomonas aeruginosa,μg/mL,CHEMBL278036,2,0.4,0.4,0.4,-0.3979400086720376,B,high,2,1.0
O=C(O)c1cn(C2CC2)c2c(Cl)c(N3CCNCC3)ccc2c1=O,O=c1ccn(C2CC2)c2cc(N3CCNCC3)ccc12,Pseudomonas aeruginosa,μg/mL,CHEMBL122659,1,0.5,0.5,0.5,-0.3010299956639812,B,high,1,1.0
O=C(O)c1cn(C2CC2)c2c(F)c(N3CC/C(=N\O)C3)c(F)cc2c1=O,N=C1CCN(c2ccc3c(=O)ccn(C4CC4)c3c2)C1,Klebsiella pneumoniae,μg/mL,CHEMBL28844,1,0.05,0.05,0.05,-1.3010299956639813,B,high,1,1.0
O=C(O)c1cn(C2CC2)c2c(F)c(N3CC/C(=N\O)C3)c(F)cc2c1=O,N=C1CCN(c2ccc3c(=O)ccn(C4CC4)c3c2)C1,Pseudomonas aeruginosa,μg/mL,CHEMBL28844,2,0.78,0.78,0.78,-0.10790539730951958,B,high,1,1.0
O=C(O)c1cn(C2CC2)c2c(F)c(N3CCC(=NO)CC3)c(F)cc2c1=O,N=C1CCN(c2ccc3c(=O)ccn(C4CC4)c3c2)CC1,Klebsiella pneumoniae,μg/mL,CHEMBL29051,1,0.1,0.1,0.1,-1.0,B,high,1,1.0
O=C(O)c1cn(C2CC2)c2c(F)c(N3CCC(=NO)CC3)c(F)cc2c1=O,N=C1CCN(c2ccc3c(=O)ccn(C4CC4)c3c2)CC1,Pseudomonas aeruginosa,μg/mL,CHEMBL29051,2,2.33,1.56,3.1,0.367355921026019,B,high,1,1.0
O=C(O)c1cn(C2CC2)c2c(F)c(N3CCN(O)CC3)c(F)cc2c1=O,O=c1ccn(C2CC2)c2cc(N3CCNCC3)ccc12,Klebsiella pneumoniae,μg/mL,CHEMBL91659,1,0.025,0.025,0.025,-1.6020599913279623,B,high,1,1.0
O=C(O)c1cn(C2CC2)c2c(F)c(N3CCNCC3)c(F)cc2c1=O,O=c1ccn(C2CC2)c2cc(N3CCNCC3)ccc12,Escherichia coli,μg/mL,CHEMBL15549,3,0.03,0.025,0.1,-1.5228787452803376,B,high,2,1.0
O=C(O)c1cn(C2CC2)c2c(F)c(N3CCNCC3)c(F)cc2c1=O,O=c1ccn(C2CC2)c2cc(N3CCNCC3)ccc12,Klebsiella pneumoniae,μg/mL,CHEMBL15549,5,0.05,0.025,0.1,-1.3010299956639813,B,high,5,1.0
O=C(O)c1cn(C2CC2)c2c(F)c(N3CCNCC3)c(F)cc2c1=O,O=c1ccn(C2CC2)c2cc(N3CCNCC3)ccc12,Pseudomonas aeruginosa,μg/mL,CHEMBL15549,4,0.2,0.2,0.25,-0.6989700043360187,B,high,4,1.0
O=C(O)c1cn(C2CC2)c2c(F)c(N3CCSCC3)c(F)cc2c1=O,O=c1ccn(C2CC2)c2cc(N3CCSCC3)ccc12,Escherichia coli,μg/mL,CHEMBL177892,2,0.009000000000000001,0.008,0.01,-2.0457574905606752,B,high,1,1.0
O=C(O)c1cn(C2CC2)c2c(F)c(N3CCSCC3)c(F)cc2c1=O,O=c1ccn(C2CC2)c2cc(N3CCSCC3)ccc12,Klebsiella pneumoniae,μg/mL,CHEMBL177892,1,0.008,0.008,0.008,-2.0969100130080562,B,high,1,1.0
O=C(O)c1cn(C2CC2)c2c(F)c(N3CCSCC3)c(F)cc2c1=O,O=c1ccn(C2CC2)c2cc(N3CCSCC3)ccc12,Pseudomonas aeruginosa,μg/mL,CHEMBL177892,1,1.0,1.0,1.0,0.0,B,high,1,1.0
O=C(O)c1cn(C2CC2)c2c(cc(F)c3c2[nH]c2ccsc23)c1=O,O=c1ccn(C2CC2)c2c1ccc1c2[nH]c2ccsc21,Acinetobacter baumannii,μg/mL,CHEMBL1215479,1,3.0,3.0,3.0,0.47712125471966244,B,high,1,1.0
O=C(O)c1cn(C2CC2)c2c(cc(F)c3c4ccc(F)cc4[nH]c32)c1=O,O=c1ccn(C2CC2)c2c1ccc1c3ccccc3[nH]c12,Acinetobacter baumannii,μg/mL,CHEMBL1215478,1,12.0,12.0,12.0,1.0791812460476249,B,high,1,1.0
O=C(O)c1cn(C2CC2)c2c(cc(F)c3c4ccccc4[nH]c32)c1=O,O=c1ccn(C2CC2)c2c1ccc1c3ccccc3[nH]c12,Acinetobacter baumannii,μg/mL,CHEMBL1215401,1,12.0,12.0,12.0,1.0791812460476249,B,high,1,1.0
O=C(O)c1cn(C2CC2)c2cc(-c3cccnc3)c(F)cc2c1=O,O=c1ccn(C2CC2)c2cc(-c3cccnc3)ccc12,Escherichia coli,μg/mL,CHEMBL420046,1,0.008,0.008,0.008,-2.0969100130080562,B,high,1,1.0
O=C(O)c1cn(C2CC2)c2cc(-c3cccnc3)c(F)cc2c1=O,O=c1ccn(C2CC2)c2cc(-c3cccnc3)ccc12,Pseudomonas aeruginosa,μg/mL,CHEMBL420046,1,1.0,1.0,1.0,0.0,B,high,1,1.0
O=C(O)c1cn(C2CC2)c2cc(-c3ccncc3)c(F)cc2c1=O,O=c1ccn(C2CC2)c2cc(-c3ccncc3)ccc12,Escherichia coli,μg/mL,CHEMBL313909,1,0.03,0.03,0.03,-1.5228787452803376,B,high,1,1.0
O=C(O)c1cn(C2CC2)c2cc(-c3ccncc3)c(F)cc2c1=O,O=c1ccn(C2CC2)c2cc(-c3ccncc3)ccc12,Pseudomonas aeruginosa,μg/mL,CHEMBL313909,1,2.0,2.0,2.0,0.3010299956639812,B,high,1,1.0
O=C(O)c1cn(C2CC2)c2cc(-n3cc(CN4CCCC4)nn3)c(F)cc2c1=O,O=c1ccn(C2CC2)c2cc(-n3cc(CN4CCCC4)nn3)ccc12,Acinetobacter baumannii,μg/mL,CHEMBL2298919,1,8.0,8.0,8.0,0.9030899869919435,B,high,1,1.0
O=C(O)c1cn(C2CC2)c2cc(-n3cc(CN4CCCCC4)nn3)c(F)cc2c1=O,O=c1ccn(C2CC2)c2cc(-n3cc(CN4CCCCC4)nn3)ccc12,Acinetobacter baumannii,μg/mL,CHEMBL2298920,1,8.0,8.0,8.0,0.9030899869919435,B,high,1,1.0
O=C(O)c1cn(C2CC2)c2cc(-n3cc(CN4CCNCC4)nn3)c(F)cc2c1=O,O=c1ccn(C2CC2)c2cc(-n3cc(CN4CCNCC4)nn3)ccc12,Acinetobacter baumannii,μg/mL,CHEMBL2298922,1,32.0,32.0,32.0,1.505149978319906,B,high,1,1.0
O=C(O)c1cn(C2CC2)c2cc(-n3cc(CN4CCOCC4)nn3)c(F)cc2c1=O,O=c1ccn(C2CC2)c2cc(-n3cc(CN4CCOCC4)nn3)ccc12,Acinetobacter baumannii,μg/mL,CHEMBL2298921,1,16.0,16.0,16.0,1.2041199826559248,B,high,1,1.0
O=C(O)c1cn(C2CC2)c2cc(-n3cc(CNC4CC4)nn3)c(F)cc2c1=O,O=c1ccn(C2CC2)c2cc(-n3cc(CNC4CC4)nn3)ccc12,Acinetobacter baumannii,μg/mL,CHEMBL2298924,1,32.0,32.0,32.0,1.505149978319906,B,high,1,1.0
O=C(O)c1cn(C2CC2)c2cc(-n3cc(CNC4CCCC4)nn3)c(F)cc2c1=O,O=c1ccn(C2CC2)c2cc(-n3cc(CNC4CCCC4)nn3)ccc12,Acinetobacter baumannii,μg/mL,CHEMBL2298925,1,16.0,16.0,16.0,1.2041199826559248,B,high,1,1.0
O=C(O)c1cn(C2CC2)c2cc(-n3cc(CNC4CCCCC4)nn3)c(F)cc2c1=O,O=c1ccn(C2CC2)c2cc(-n3cc(CNC4CCCCC4)nn3)ccc12,Acinetobacter baumannii,μg/mL,CHEMBL2298926,1,8.0,8.0,8.0,0.9030899869919435,B,high,1,1.0
O=C(O)c1cn(C2CC2)c2cc(-n3cc(CNC4CCCCCC4)nn3)c(F)cc2c1=O,O=c1ccn(C2CC2)c2cc(-n3cc(CNC4CCCCCC4)nn3)ccc12,Acinetobacter baumannii,μg/mL,CHEMBL2298751,1,16.0,16.0,16.0,1.2041199826559248,B,high,1,1.0
O=C(O)c1cn(C2CC2)c2cc(-n3cc(CNCc4ccc(F)cc4)nn3)c(F)cc2c1=O,O=c1ccn(C2CC2)c2cc(-n3cc(CNCc4ccccc4)nn3)ccc12,Acinetobacter baumannii,μg/mL,CHEMBL2298758,1,8.0,8.0,8.0,0.9030899869919435,B,high,1,1.0
O=C(O)c1cn(C2CC2)c2cc(-n3cc(CNCc4ccccc4)nn3)c(F)cc2c1=O,O=c1ccn(C2CC2)c2cc(-n3cc(CNCc4ccccc4)nn3)ccc12,Acinetobacter baumannii,μg/mL,CHEMBL2298757,1,8.0,8.0,8.0,0.9030899869919435,B,high,1,1.0
O=C(O)c1cn(C2CC2)c2cc(-n3cc(CNc4ccc(Cl)cc4)nn3)c(F)cc2c1=O,O=c1ccn(C2CC2)c2cc(-n3cc(CNc4ccccc4)nn3)ccc12,Acinetobacter baumannii,μg/mL,CHEMBL2298754,1,0.5,0.5,0.5,-0.3010299956639812,B,high,1,1.0
O=C(O)c1cn(C2CC2)c2cc(-n3cc(CNc4ccc(F)cc4)nn3)c(F)cc2c1=O,O=c1ccn(C2CC2)c2cc(-n3cc(CNc4ccccc4)nn3)ccc12,Acinetobacter baumannii,μg/mL,CHEMBL2298753,1,2.0,2.0,2.0,0.3010299956639812,B,high,1,1.0
O=C(O)c1cn(C2CC2)c2cc(-n3cc(CNc4ccccc4)nn3)c(F)cc2c1=O,O=c1ccn(C2CC2)c2cc(-n3cc(CNc4ccccc4)nn3)ccc12,Acinetobacter baumannii,μg/mL,CHEMBL2298752,1,1.0,1.0,1.0,0.0,B,high,1,1.0
O=C(O)c1cn(C2CC2)c2cc(-n3cc(Cn4ccnc4)nn3)c(F)cc2c1=O,O=c1ccn(C2CC2)c2cc(-n3cc(Cn4ccnc4)nn3)ccc12,Acinetobacter baumannii,μg/mL,CHEMBL2298759,1,32.0,32.0,32.0,1.505149978319906,B,high,1,1.0
O=C(O)c1cn(C2CC2)c2cc(C3=CCNCC3)c(F)cc2c1=O,O=c1ccn(C2CC2)c2cc(C3=CCNCC3)ccc12,Klebsiella pneumoniae,μg/mL,CHEMBL58226,1,0.1,0.1,0.1,-1.0,B,high,1,1.0
O=C(O)c1cn(C2CC2)c2cc(C3=CCNCC3)c(F)cc2c1=O,O=c1ccn(C2CC2)c2cc(C3=CCNCC3)ccc12,Pseudomonas aeruginosa,μg/mL,CHEMBL58226,1,0.8,0.8,0.8,-0.09691001300805639,B,high,1,1.0
O=C(O)c1cn(C2CC2)c2cc(C3CCNCC3)c(F)cc2c1=O,O=c1ccn(C2CC2)c2cc(C3CCNCC3)ccc12,Klebsiella pneumoniae,μg/mL,CHEMBL275698,1,0.4,0.4,0.4,-0.3979400086720376,B,high,1,1.0
O=C(O)c1cn(C2CC2)c2cc(C3CCNCC3)c(F)cc2c1=O,O=c1ccn(C2CC2)c2cc(C3CCNCC3)ccc12,Pseudomonas aeruginosa,μg/mL,CHEMBL275698,1,1.6,1.6,1.6,0.2041199826559248,B,high,1,1.0
O=C(O)c1cn(C2CC2)c2cc(N3CCN(C4OC(CO)C(O)C(O)C4O)CC3)c(F)cc2c1=O,O=c1ccn(C2CC2)c2cc(N3CCN(C4CCCCO4)CC3)ccc12,Klebsiella pneumoniae,μg/mL,CHEMBL128754,3,2.0,2.0,4.0,0.3010299956639812,B,high,1,1.0
O=C(O)c1cn(C2CC2)c2cc(N3CCN(C4OC(CO)C(O)C(O)C4O)CC3)c(F)cc2c1=O,O=c1ccn(C2CC2)c2cc(N3CCN(C4CCCCO4)CC3)ccc12,Pseudomonas aeruginosa,μg/mL,CHEMBL128754,6,0.75,0.25,4.0,-0.12493873660829995,B,high,1,1.0
O=C(O)c1cn(C2CC2)c2cc(N3CCN(CCCO[C@@H]4O[C@@H](CO)[C@@H](O)[C@H](O)[C@@H]4O)CC3)c(F)cc2c1=O,O=c1ccn(C2CC2)c2cc(N3CCN(CCCO[C@H]4CCCCO4)CC3)ccc12,Klebsiella pneumoniae,μg/mL,CHEMBL2303663,1,16.0,16.0,16.0,1.2041199826559248,B,high,1,1.0
O=C(O)c1cn(C2CC2)c2cc(N3CCN(CCCO[C@@H]4O[C@@H](CO)[C@@H](O)[C@H](O)[C@@H]4O)CC3)c(F)cc2c1=O,O=c1ccn(C2CC2)c2cc(N3CCN(CCCO[C@H]4CCCCO4)CC3)ccc12,Pseudomonas aeruginosa,μg/mL,CHEMBL2303663,2,18.0,4.0,32.0,1.255272505103306,B,high,1,1.0
O=C(O)c1cn(C2CC2)c2cc(N3CCN(CCCO[C@@H]4O[C@@H](CO)[C@H](O)[C@H](O)[C@@H]4O)CC3)c(F)cc2c1=O,O=c1ccn(C2CC2)c2cc(N3CCN(CCCO[C@H]4CCCCO4)CC3)ccc12,Pseudomonas aeruginosa,μg/mL,CHEMBL2303747,1,16.0,16.0,16.0,1.2041199826559248,B,high,1,1.0
O=C(O)c1cn(C2CC2)c2cc(N3CCN(CCO[C@@H]4O[C@@H](CO)[C@@H](O)[C@H](O)[C@@H]4O)CC3)c(F)cc2c1=O,O=c1ccn(C2CC2)c2cc(N3CCN(CCO[C@H]4CCCCO4)CC3)ccc12,Pseudomonas aeruginosa,μg/mL,CHEMBL2303664,1,32.0,32.0,32.0,1.505149978319906,B,high,1,1.0
O=C(O)c1cn(C2CC2)c2cc(N3CCN(CCO[C@@H]4O[C@@H](CO)[C@H](O)[C@H](O)[C@@H]4O)CC3)c(F)cc2c1=O,O=c1ccn(C2CC2)c2cc(N3CCN(CCO[C@H]4CCCCO4)CC3)ccc12,Pseudomonas aeruginosa,μg/mL,CHEMBL2303748,1,16.0,16.0,16.0,1.2041199826559248,B,high,1,1.0
O=C(O)c1cn(C2CC2)c2cc(N3CCNCC3)c(F)cc2c1=O,O=c1ccn(C2CC2)c2cc(N3CCNCC3)ccc12,Acinetobacter baumannii,μg/mL,CHEMBL8,223,4.0,0.016,512.0,0.6020599913279624,B,high,25,1.0
O=C(O)c1cn(C2CC2)c2cc(N3CCNCC3)c(F)cc2c1=O,O=c1ccn(C2CC2)c2cc(N3CCNCC3)ccc12,Escherichia coli,μg/mL,CHEMBL8,19,0.025,0.004,30000.0,-1.6020599913279623,B,high,12,1.0
O=C(O)c1cn(C2CC2)c2cc(N3CCNCC3)c(F)cc2c1=O,O=c1ccn(C2CC2)c2cc(N3CCNCC3)ccc12,Klebsiella pneumoniae,μg/mL,CHEMBL8,25,0.0381,0.006,1.0,-1.4190750243243806,B,high,23,1.0
O=C(O)c1cn(C2CC2)c2cc(N3CCNCC3)c(F)cc2c1=O,O=c1ccn(C2CC2)c2cc(N3CCNCC3)ccc12,Pseudomonas aeruginosa,μg/mL,CHEMBL8,29,0.2,0.0381,0.5,-0.6989700043360187,B,high,23,1.0
O=C(O)c1cn(C2CC2)c2nc(C3=CCNCC3)c(F)cc2c1=O,O=c1ccn(C2CC2)c2nc(C3=CCNCC3)ccc12,Klebsiella pneumoniae,μg/mL,CHEMBL58300,1,0.05,0.05,0.05,-1.3010299956639813,B,high,1,1.0
O=C(O)c1cn(C2CC2)c2nc(C3=CCNCC3)c(F)cc2c1=O,O=c1ccn(C2CC2)c2nc(C3=CCNCC3)ccc12,Pseudomonas aeruginosa,μg/mL,CHEMBL58300,1,0.2,0.2,0.2,-0.6989700043360187,B,high,1,1.0
O=C(O)c1cn(C2CC2)c2nc(N3CCNCC3)c(F)cc2c1=O,O=c1ccn(C2CC2)c2nc(N3CCNCC3)ccc12,Escherichia coli,μg/mL,CHEMBL61949,1,0.06,0.06,0.06,-1.2218487496163564,B,high,1,1.0
O=C(O)c1cn(C2CC2)c2nc(N3CCNCC3)c(F)cc2c1=O,O=c1ccn(C2CC2)c2nc(N3CCNCC3)ccc12,Klebsiella pneumoniae,μg/mL,CHEMBL61949,2,0.08,0.06,0.1,-1.0969100130080565,B,high,2,1.0
O=C(O)c1cn(C2CC2)c2nc(N3CCNCC3)c(F)cc2c1=O,O=c1ccn(C2CC2)c2nc(N3CCNCC3)ccc12,Pseudomonas aeruginosa,μg/mL,CHEMBL61949,2,0.13,0.06,0.2,-0.8860566476931632,B,high,2,1.0
O=C(O)c1cn(C2CC2)c2sc3c4ccc(F)cc4[nH]c3c2c1=O,O=c1ccn(C2CC2)c2sc3c4ccccc4[nH]c3c12,Acinetobacter baumannii,μg/mL,CHEMBL1767125,1,0.15,0.15,0.15,-0.8239087409443188,B,high,1,1.0
O=C(O)c1cn(C2CC2)c2sc3c4ccccc4[nH]c3c2c1=O,O=c1ccn(C2CC2)c2sc3c4ccccc4[nH]c3c12,Acinetobacter baumannii,μg/mL,CHEMBL1767121,1,0.07,0.07,0.07,-1.154901959985743,B,high,1,1.0
O=C(O)c1cn(C2CC2F)c2c(F)c(N3CCNCC3)c(F)cc2c1=O,O=c1ccn(C2CC2)c2cc(N3CCNCC3)ccc12,Klebsiella pneumoniae,μg/mL,CHEMBL440333,1,0.2,0.2,0.2,-0.6989700043360187,B,high,1,1.0
O=C(O)c1cn(C2CC2F)c2c(F)c(N3CCNCC3)c(F)cc2c1=O,O=c1ccn(C2CC2)c2cc(N3CCNCC3)ccc12,Pseudomonas aeruginosa,μg/mL,CHEMBL440333,1,0.39,0.39,0.39,-0.4089353929735008,B,high,1,1.0
O=C(O)c1cn(C2CC2F)c2cc(N3CCNCC3)c(F)cc2c1=O,O=c1ccn(C2CC2)c2cc(N3CCNCC3)ccc12,Klebsiella pneumoniae,μg/mL,CHEMBL325975,1,0.1,0.1,0.1,-1.0,B,high,1,1.0
O=C(O)c1cn(C2CC2F)c2cc(N3CCNCC3)c(F)cc2c1=O,O=c1ccn(C2CC2)c2cc(N3CCNCC3)ccc12,Pseudomonas aeruginosa,μg/mL,CHEMBL325975,1,0.1,0.1,0.1,-1.0,B,high,1,1.0
O=C(O)c1cn(C2CC=CC2)c2cc(N3CCNCC3)c(F)cc2c1=O,O=c1ccn(C2CC=CC2)c2cc(N3CCNCC3)ccc12,Escherichia coli,μg/mL,CHEMBL151265,1,1.0,1.0,1.0,0.0,B,high,1,1.0
O=C(O)c1cn(C2CC=CC2)c2cc(N3CCNCC3)c(F)cc2c1=O,O=c1ccn(C2CC=CC2)c2cc(N3CCNCC3)ccc12,Klebsiella pneumoniae,μg/mL,CHEMBL151265,1,1.0,1.0,1.0,0.0,B,high,1,1.0
O=C(O)c1cn(C2CC=CC2)c2cc(N3CCNCC3)c(F)cc2c1=O,O=c1ccn(C2CC=CC2)c2cc(N3CCNCC3)ccc12,Pseudomonas aeruginosa,μg/mL,CHEMBL151265,1,8.0,8.0,8.0,0.9030899869919435,B,high,1,1.0
O=C(O)c1cn(C2CCC2)c2cc(N3CCNCC3)c(F)cc2c1=O,O=c1ccn(C2CCC2)c2cc(N3CCNCC3)ccc12,Escherichia coli,μg/mL,CHEMBL15361,2,0.265,0.13,0.4,-0.5767541260631921,B,high,2,1.0
O=C(O)c1cn(C2CCC2)c2cc(N3CCNCC3)c(F)cc2c1=O,O=c1ccn(C2CCC2)c2cc(N3CCNCC3)ccc12,Klebsiella pneumoniae,μg/mL,CHEMBL15361,1,0.13,0.13,0.13,-0.8860566476931632,B,high,1,1.0
O=C(O)c1cn(C2CCC2)c2cc(N3CCNCC3)c(F)cc2c1=O,O=c1ccn(C2CCC2)c2cc(N3CCNCC3)ccc12,Pseudomonas aeruginosa,μg/mL,CHEMBL15361,2,1.3,1.0,1.6,0.11394335230683679,B,high,2,1.0
O=C(O)c1cn(CC2CC2)c2cc(N3CCNCC3)c(F)cc2c1=O,O=c1ccn(CC2CC2)c2cc(N3CCNCC3)ccc12,Escherichia coli,μg/mL,CHEMBL358676,1,0.5,0.5,0.5,-0.3010299956639812,B,high,1,1.0
O=C(O)c1cn(CC2CC2)c2cc(N3CCNCC3)c(F)cc2c1=O,O=c1ccn(CC2CC2)c2cc(N3CCNCC3)ccc12,Klebsiella pneumoniae,μg/mL,CHEMBL358676,1,2.0,2.0,2.0,0.3010299956639812,B,high,1,1.0
O=C(O)c1cn(CC2CC2)c2cc(N3CCNCC3)c(F)cc2c1=O,O=c1ccn(CC2CC2)c2cc(N3CCNCC3)ccc12,Pseudomonas aeruginosa,μg/mL,CHEMBL358676,1,4.0,4.0,4.0,0.6020599913279624,B,high,1,1.0
O=C(O)c1cn(Cc2ccccc2)c2cc(N3CCNCC3)c(F)cc2c1=O,O=c1ccn(Cc2ccccc2)c2cc(N3CCNCC3)ccc12,Escherichia coli,μg/mL,CHEMBL29384,1,0.25,0.25,0.25,-0.6020599913279624,B,high,1,1.0
O=C(O)c1cn(Cc2ccccc2)c2cc(N3CCNCC3)c(F)cc2c1=O,O=c1ccn(Cc2ccccc2)c2cc(N3CCNCC3)ccc12,Klebsiella pneumoniae,μg/mL,CHEMBL29384,1,0.5,0.5,0.5,-0.3010299956639812,B,high,1,1.0
O=C(O)c1cn(Cc2ccccc2)c2cc(N3CCNCC3)c(F)cc2c1=O,O=c1ccn(Cc2ccccc2)c2cc(N3CCNCC3)ccc12,Pseudomonas aeruginosa,μg/mL,CHEMBL29384,1,0.5,0.5,0.5,-0.3010299956639812,B,high,1,1.0
O=C(O)c1cn2c3c(c(Cl)c(F)cc3c1=O)SC(c1ccc(F)cc1)C2,O=c1ccn2c3c(cccc13)SC(c1ccccc1)C2,Escherichia coli,μg/mL,CHEMBL325652,1,0.25,0.25,0.25,-0.6020599913279624,B,high,1,1.0
O=C(O)c1cn2c3c(c(Cl)c(F)cc3c1=O)SC(c1ccc(F)cc1)C2,O=c1ccn2c3c(cccc13)SC(c1ccccc1)C2,Klebsiella pneumoniae,μg/mL,CHEMBL325652,1,0.25,0.25,0.25,-0.6020599913279624,B,high,1,1.0
O=C(O)c1cn2c3c(c(Cl)c(F)cc3c1=O)SC(c1cccc(F)c1)C2,O=c1ccn2c3c(cccc13)SC(c1ccccc1)C2,Escherichia coli,μg/mL,CHEMBL115594,1,2.0,2.0,2.0,0.3010299956639812,B,high,1,1.0
O=C(O)c1cn2c3c(c(Cl)c(F)cc3c1=O)SC(c1cccc(F)c1)C2,O=c1ccn2c3c(cccc13)SC(c1ccccc1)C2,Klebsiella pneumoniae,μg/mL,CHEMBL115594,1,2.0,2.0,2.0,0.3010299956639812,B,high,1,1.0
O=C(O)c1cn2c3c(c(Cl)c(F)cc3c1=O)SC(c1ccccc1F)C2,O=c1ccn2c3c(cccc13)SC(c1ccccc1)C2,Escherichia coli,μg/mL,CHEMBL326716,1,0.5,0.5,0.5,-0.3010299956639812,B,high,1,1.0
O=C(O)c1cn2c3c(c(Cl)c(F)cc3c1=O)SC(c1ccccc1F)C2,O=c1ccn2c3c(cccc13)SC(c1ccccc1)C2,Klebsiella pneumoniae,μg/mL,CHEMBL326716,1,0.5,0.5,0.5,-0.3010299956639812,B,high,1,1.0
O=C(O)c1cn2c3c(c(N4CCNCC4)c(F)cc3c1=O)OCC21CC1,O=c1ccn2c3c(c(N4CCNCC4)ccc13)OCC21CC1,Klebsiella pneumoniae,μg/mL,CHEMBL61160,1,0.8,0.8,0.8,-0.09691001300805639,B,high,1,1.0
O=C(O)c1cn2c3c(c(N4CCNCC4)c(F)cc3c1=O)OCC21CC1,O=c1ccn2c3c(c(N4CCNCC4)ccc13)OCC21CC1,Pseudomonas aeruginosa,μg/mL,CHEMBL61160,1,0.8,0.8,0.8,-0.09691001300805639,B,high,1,1.0
O=C(O)c1cn2c3c(c(N4CCNCC4)c(F)cc3c1=O)SC(c1ccc(F)cc1)C2,O=c1ccn2c3c(c(N4CCNCC4)ccc13)SC(c1ccccc1)C2,Escherichia coli,μg/mL,CHEMBL118015,1,2.0,2.0,2.0,0.3010299956639812,B,high,1,1.0
O=C(O)c1cn2c3c(c(N4CCNCC4)c(F)cc3c1=O)SC(c1ccc(F)cc1)C2,O=c1ccn2c3c(c(N4CCNCC4)ccc13)SC(c1ccccc1)C2,Klebsiella pneumoniae,μg/mL,CHEMBL118015,1,16.0,16.0,16.0,1.2041199826559248,B,high,1,1.0
O=C(Oc1cc(OC(=O)c2cc(O)c(O)c(O)c2)c2ccccc2c1)c1cc(O)c(O)c(O)c1,O=C(Oc1cc(OC(=O)c2ccccc2)c2ccccc2c1)c1ccccc1,Acinetobacter baumannii,μg/mL,CHEMBL2087128,1,64.0,64.0,64.0,1.806179973983887,B,high,1,1.0
O=C(Oc1cc(OC(=O)c2cc(O)cc(O)c2)c2ccccc2c1)c1cc(O)c(O)c(O)c1,O=C(Oc1cc(OC(=O)c2ccccc2)c2ccccc2c1)c1ccccc1,Acinetobacter baumannii,μg/mL,CHEMBL3416818,1,64.0,64.0,64.0,1.806179973983887,B,high,1,1.0
O=C(Oc1cc(OC(=O)c2ccc(O)c(Cl)c2)c2ccccc2c1)c1ccc(O)c(Cl)c1,O=C(Oc1cc(OC(=O)c2ccccc2)c2ccccc2c1)c1ccccc1,Acinetobacter baumannii,μg/mL,CHEMBL3416819,1,32.0,32.0,32.0,1.505149978319906,B,high,1,1.0
O=C([O-])C1=C(COC(=O)N2CCN(c3cc4c(cc3F)c(=O)c(C(=O)O)cn4C3CC3)CC2)SC2CC(=O)N12.[Na+],O=C(OCC1=CN2C(=O)CC2S1)N1CCN(c2ccc3c(=O)ccn(C4CC4)c3c2)CC1,Escherichia coli,μg/mL,CHEMBL301534,4,0.25,0.125,2.0,-0.6020599913279624,B,high,1,1.0
O=C([O-])C1=C(COC(=O)N2CCN(c3cc4c(cc3F)c(=O)c(C(=O)O)cn4C3CC3)CC2)SC2CC(=O)N12.[Na+],O=C(OCC1=CN2C(=O)CC2S1)N1CCN(c2ccc3c(=O)ccn(C4CC4)c3c2)CC1,Klebsiella pneumoniae,μg/mL,CHEMBL301534,1,0.25,0.25,0.25,-0.6020599913279624,B,high,1,1.0
O=C([O-])C1=C(COC(=O)N2CCN(c3cc4c(cc3F)c(=O)c(C(=O)O)cn4C3CC3)CC2)SC2CC(=O)N12.[Na+],O=C(OCC1=CN2C(=O)CC2S1)N1CCN(c2ccc3c(=O)ccn(C4CC4)c3c2)CC1,Pseudomonas aeruginosa,μg/mL,CHEMBL301534,2,10.0,4.0,16.0,1.0,B,high,1,1.0
O=C(c1ccc(Cl)cc1)c1cc(NC(=O)c2cc(Br)cc(Br)c2O)ccc1Br,O=C(Nc1cccc(C(=O)c2ccccc2)c1)c1ccccc1,Acinetobacter baumannii,μg/mL,CHEMBL1632124,1,16.0,16.0,16.0,1.2041199826559248,B,high,1,1.0
O=C(c1ccc(Cl)cc1)c1cc(NC(=O)c2cc(Cl)cc(Br)c2O)c(Cl)cc1Cl,O=C(Nc1cccc(C(=O)c2ccccc2)c1)c1ccccc1,Acinetobacter baumannii,μg/mL,CHEMBL1631676,1,16.0,16.0,16.0,1.2041199826559248,B,high,1,1.0
O=C(c1ccc(Cl)cc1)c1cc(NC(=O)c2cc(I)cc(I)c2O)ccc1Cl,O=C(Nc1cccc(C(=O)c2ccccc2)c1)c1ccccc1,Acinetobacter baumannii,μg/mL,CHEMBL1632119,1,16.0,16.0,16.0,1.2041199826559248,B,high,1,1.0
O=C(c1ccc(Cl)cc1)c1ccc(NC(=O)c2cc(Br)cc(Br)c2O)cc1Cl,O=C(Nc1ccc(C(=O)c2ccccc2)cc1)c1ccccc1,Acinetobacter baumannii,μg/mL,CHEMBL1632123,1,16.0,16.0,16.0,1.2041199826559248,B,high,1,1.0
O=C(c1ccc(Cl)cc1)c1ccc(Oc2ccc(Cl)cc2)c(NC(=O)c2cc(I)cc(I)c2O)c1,O=C(Nc1cc(C(=O)c2ccccc2)ccc1Oc1ccccc1)c1ccccc1,Acinetobacter baumannii,μg/mL,CHEMBL1632131,1,16.0,16.0,16.0,1.2041199826559248,B,high,1,1.0
O=C(c1ccc(NC(=O)c2cc(Br)cc(Br)c2O)c(Cl)c1)c1cccs1,O=C(Nc1ccc(C(=O)c2cccs2)cc1)c1ccccc1,Acinetobacter baumannii,μg/mL,CHEMBL1632125,1,16.0,16.0,16.0,1.2041199826559248,B,high,1,1.0
O=C(c1ccccc1)c1cc(NC(=O)c2cc(Br)cc(Br)c2O)ccc1Cl,O=C(Nc1cccc(C(=O)c2ccccc2)c1)c1ccccc1,Acinetobacter baumannii,μg/mL,CHEMBL1632103,1,16.0,16.0,16.0,1.2041199826559248,B,high,1,1.0
O=C1C=CC(=O)C(Sc2ccccc2C(=O)O)=C1,O=C1C=CC(=O)C(Sc2ccccc2)=C1,Klebsiella pneumoniae,μg/mL,CHEMBL318195,1,25.0,25.0,25.0,1.3979400086720377,B,high,1,1.0
O=C1CCN(c2c(F)cc3c(=O)c(C(=O)O)cn(C4CC4)c3c2F)C1,O=C1CCN(c2ccc3c(=O)ccn(C4CC4)c3c2)C1,Klebsiella pneumoniae,μg/mL,CHEMBL289015,1,0.39,0.39,0.39,-0.4089353929735008,B,high,1,1.0
O=C1CCN(c2c(F)cc3c(=O)c(C(=O)O)cn(C4CC4)c3c2F)C1,O=C1CCN(c2ccc3c(=O)ccn(C4CC4)c3c2)C1,Pseudomonas aeruginosa,μg/mL,CHEMBL289015,2,50.0,50.0,50.0,1.6989700043360187,B,high,1,1.0
O=C1CCN(c2cc3c(cc2F)c(=O)c(C(=O)O)cn3-c2ccc(F)cc2F)C1,O=C1CCN(c2ccc3c(=O)ccn(-c4ccccc4)c3c2)C1,Klebsiella pneumoniae,μg/mL,CHEMBL29120,1,6.2,6.2,6.2,0.7923916894982539,B,high,1,1.0
O=C1CCN(c2cc3c(cc2F)c(=O)c(C(=O)O)cn3-c2ccc(F)cc2F)C1,O=C1CCN(c2ccc3c(=O)ccn(-c4ccccc4)c3c2)C1,Pseudomonas aeruginosa,μg/mL,CHEMBL29120,1,50.0,50.0,50.0,1.6989700043360187,B,high,1,1.0
O=C1CCN(c2cc3c(cc2F)c(=O)c(C(=O)O)cn3C2CC2)C1,O=C1CCN(c2ccc3c(=O)ccn(C4CC4)c3c2)C1,Klebsiella pneumoniae,μg/mL,CHEMBL27961,1,6.2,6.2,6.2,0.7923916894982539,B,high,1,1.0
O=C1CCN(c2nc3c(cc2F)c(=O)c(C(=O)O)cn3-c2ccc(F)cc2F)CC1,O=C1CCN(c2ccc3c(=O)ccn(-c4ccccc4)c3n2)CC1,Klebsiella pneumoniae,μg/mL,CHEMBL28294,1,0.39,0.39,0.39,-0.4089353929735008,B,high,1,1.0
O=C1CCN(c2nc3c(cc2F)c(=O)c(C(=O)O)cn3-c2ccc(F)cc2F)CC1,O=C1CCN(c2ccc3c(=O)ccn(-c4ccccc4)c3n2)CC1,Pseudomonas aeruginosa,μg/mL,CHEMBL28294,2,7.8,3.1,12.5,0.8920946026904804,B,high,1,1.0
O=C1CN(c2c(F)cc3c(=O)c(C(=O)O)c4scc5n4c3c2OC5)CCN1,O=C1CN(c2ccc3c(=O)cc4scc5n4c3c2OC5)CCN1,Klebsiella pneumoniae,μg/mL,CHEMBL175297,1,1.56,1.56,1.56,0.1931245983544616,B,high,1,1.0
O=C1COc2cc(Cl)c(CNC34CCC(C[C@]5(O)Cn6c(=O)ccc7ncc(F)c5c76)(CC3)OC4)nc2N1,O=C1COc2ccc(CNC34CCC(CC5Cn6c(=O)ccc7nccc5c76)(CC3)OC4)nc2N1,Acinetobacter baumannii,μg/mL,CHEMBL3425800,1,2.0,2.0,2.0,0.3010299956639812,B,high,1,1.0
O=C1COc2cc(F)c(CNC34CCC(C[C@]5(O)Cn6c(=O)ccc7ncc(F)c5c76)(CC3)OC4)nc2N1,O=C1COc2ccc(CNC34CCC(CC5Cn6c(=O)ccc7nccc5c76)(CC3)OC4)nc2N1,Acinetobacter baumannii,μg/mL,CHEMBL3425799,1,8.0,8.0,8.0,0.9030899869919435,B,high,1,1.0
O=C1COc2cc(O)c(CNC34CCC(C[C@]5(O)Cn6c(=O)ccc7ncc(F)c5c76)(CC3)OC4)nc2N1,O=C1COc2ccc(CNC34CCC(CC5Cn6c(=O)ccc7nccc5c76)(CC3)OC4)nc2N1,Acinetobacter baumannii,μg/mL,CHEMBL3425804,1,32.0,32.0,32.0,1.505149978319906,B,high,1,1.0
O=C1COc2cc(OC(=O)c3ccccc3)c(CNC34CCC(C[C@]5(O)Cn6c(=O)ccc7ncc(F)c5c76)(CC3)OC4)nc2N1,O=C1COc2cc(OC(=O)c3ccccc3)c(CNC34CCC(CC5Cn6c(=O)ccc7nccc5c76)(CC3)OC4)nc2N1,Acinetobacter baumannii,μg/mL,CHEMBL3425805,1,32.0,32.0,32.0,1.505149978319906,B,high,1,1.0
O=C1COc2ccc(C(=O)NC34CCC(C[C@]5(O)Cn6c(=O)ccc7ncc(F)c5c76)(CC3)OC4)nc2N1,O=C1COc2ccc(C(=O)NC34CCC(CC5Cn6c(=O)ccc7nccc5c76)(CC3)OC4)nc2N1,Acinetobacter baumannii,μg/mL,CHEMBL3425809,1,16.0,16.0,16.0,1.2041199826559248,B,high,1,1.0
O=C1COc2ccc(CNC34CCC(CC5(F)Cn6c(=O)ccc7ncc(F)c5c76)(CC3)OC4)nc2N1,O=C1COc2ccc(CNC34CCC(CC5Cn6c(=O)ccc7nccc5c76)(CC3)OC4)nc2N1,Acinetobacter baumannii,μg/mL,CHEMBL3400820,1,1.0,1.0,1.0,0.0,B,high,1,1.0
O=C1COc2ccc(CNC34CCC(CC5(O)Cn6c(=O)c(Cl)cc7ncc(F)c5c76)(CC3)OC4)nc2N1,O=C1COc2ccc(CNC34CCC(CC5Cn6c(=O)ccc7nccc5c76)(CC3)OC4)nc2N1,Acinetobacter baumannii,μg/mL,CHEMBL3402180,1,16.0,16.0,16.0,1.2041199826559248,B,high,1,1.0
O=C1COc2ccc(CNC34CCC(CC5(O)Cn6c(=O)cc(Cl)c7ncc(F)c5c76)(CC3)OC4)nc2N1,O=C1COc2ccc(CNC34CCC(CC5Cn6c(=O)ccc7nccc5c76)(CC3)OC4)nc2N1,Acinetobacter baumannii,μg/mL,CHEMBL3402183,1,8.0,8.0,8.0,0.9030899869919435,B,high,1,1.0
O=C1COc2ccc(CNC34CCC(CC5Cn6c(=O)ccc7ncc(F)c5c76)(CC3)OC4)nc2N1,O=C1COc2ccc(CNC34CCC(CC5Cn6c(=O)ccc7nccc5c76)(CC3)OC4)nc2N1,Acinetobacter baumannii,μg/mL,CHEMBL3400819,3,0.5,0.5,8.0,-0.3010299956639812,B,high,1,1.0
O=C1COc2ccc(CNC34CCC(CCc5c(F)cnc6cc(C(F)(F)F)cnc56)(CC3)OC4)nc2N1,O=C1COc2ccc(CNC34CCC(CCc5ccnc6cccnc56)(CC3)OC4)nc2N1,Acinetobacter baumannii,μg/mL,CHEMBL3422959,1,16.0,16.0,16.0,1.2041199826559248,B,high,1,1.0
O=C1COc2ccc(CNC34CCC(CCc5c(F)cnc6cc(Cl)cnc56)(CC3)OC4)nc2N1,O=C1COc2ccc(CNC34CCC(CCc5ccnc6cccnc56)(CC3)OC4)nc2N1,Acinetobacter baumannii,μg/mL,CHEMBL3422961,1,32.0,32.0,32.0,1.505149978319906,B,high,1,1.0
O=C1COc2ccc(CNC34CCC(CCc5c(F)cnc6ccc(C(=O)O)nc56)(CC3)OC4)nc2N1,O=C1COc2ccc(CNC34CCC(CCc5ccnc6cccnc56)(CC3)OC4)nc2N1,Acinetobacter baumannii,μg/mL,CHEMBL3422769,1,16.0,16.0,16.0,1.2041199826559248,B,high,1,1.0
O=C1COc2ccc(CNC34CCC(CCc5c(F)cnc6ccc(N7CCOCC7)nc56)(CC3)OC4)nc2N1,O=C1COc2ccc(CNC34CCC(CCc5ccnc6ccc(N7CCOCC7)nc56)(CC3)OC4)nc2N1,Acinetobacter baumannii,μg/mL,CHEMBL3422950,1,16.0,16.0,16.0,1.2041199826559248,B,high,1,1.0
O=C1COc2ccc(CNC34CCC(CCc5c(F)cnc6ccc(N7CCS(=O)(=O)CC7)nc56)(CC3)OC4)nc2N1,O=C1COc2ccc(CNC34CCC(CCc5ccnc6ccc(N7CCS(=O)(=O)CC7)nc56)(CC3)OC4)nc2N1,Acinetobacter baumannii,μg/mL,CHEMBL3422951,1,16.0,16.0,16.0,1.2041199826559248,B,high,1,1.0
O=C1COc2ccc(CNC34CCC(CCc5c(F)cnc6ccc(O)nc56)(CC3)OC4)nc2N1,O=C1COc2ccc(CNC34CCC(CCc5ccnc6cccnc56)(CC3)OC4)nc2N1,Acinetobacter baumannii,μg/mL,CHEMBL3422765,1,2.0,2.0,2.0,0.3010299956639812,B,high,1,1.0
O=C1COc2ccc(CNC34CCC(CCc5c(F)cnc6cccnc56)(CC3)OC4)nc2N1,O=C1COc2ccc(CNC34CCC(CCc5ccnc6cccnc56)(CC3)OC4)nc2N1,Acinetobacter baumannii,μg/mL,CHEMBL3422766,1,1.0,1.0,1.0,0.0,B,high,1,1.0
O=C1COc2ccc(CNC34CCC(CCc5ccnc6cc(C(F)(F)F)cnc56)(CC3)OC4)nc2N1,O=C1COc2ccc(CNC34CCC(CCc5ccnc6cccnc56)(CC3)OC4)nc2N1,Acinetobacter baumannii,μg/mL,CHEMBL3422978,1,64.0,64.0,64.0,1.806179973983887,B,high,1,1.0
O=C1COc2ccc(CNC34CCC(CCc5ccnc6cc(Cl)cnc56)(CC3)OC4)nc2N1,O=C1COc2ccc(CNC34CCC(CCc5ccnc6cccnc56)(CC3)OC4)nc2N1,Acinetobacter baumannii,μg/mL,CHEMBL3422980,1,64.0,64.0,64.0,1.806179973983887,B,high,1,1.0
O=C1COc2ccc(CNC34CCC(CCc5ccnc6cc(F)cnc56)(CC3)OC4)nc2N1,O=C1COc2ccc(CNC34CCC(CCc5ccnc6cccnc56)(CC3)OC4)nc2N1,Acinetobacter baumannii,μg/mL,CHEMBL3422981,1,16.0,16.0,16.0,1.2041199826559248,B,high,1,1.0
O=C1COc2ccc(CNC34CCC(CCc5ccnc6ccc(C(F)(F)F)nc56)(CC3)OC4)nc2N1,O=C1COc2ccc(CNC34CCC(CCc5ccnc6cccnc56)(CC3)OC4)nc2N1,Acinetobacter baumannii,μg/mL,CHEMBL3422977,1,8.0,8.0,8.0,0.9030899869919435,B,high,1,1.0
O=C1COc2ccc(CNC34CCC(C[C@@]5(O)CN6C(=O)CCc7ncc(F)c5c76)(CC3)OC4)nc2N1,O=C1COc2ccc(CNC34CCC(CC5CN6C(=O)CCc7nccc5c76)(CC3)OC4)nc2N1,Acinetobacter baumannii,μg/mL,CHEMBL3400824,1,32.0,32.0,32.0,1.505149978319906,B,high,1,1.0
O=C1COc2ccc(CNC34CCC(C[C@@]5(O)Cn6c(=O)c(F)cc7ncc(F)c5c76)(CC3)OC4)nc2N1,O=C1COc2ccc(CNC34CCC(CC5Cn6c(=O)ccc7nccc5c76)(CC3)OC4)nc2N1,Acinetobacter baumannii,μg/mL,CHEMBL3402179,1,32.0,32.0,32.0,1.505149978319906,B,high,1,1.0
O=C1COc2ccc(CNC34CCC(C[C@@]5(O)Cn6c(=O)ccc7ncc(Cl)c5c76)(CC3)OC4)nc2N1,O=C1COc2ccc(CNC34CCC(CC5Cn6c(=O)ccc7nccc5c76)(CC3)OC4)nc2N1,Acinetobacter baumannii,μg/mL,CHEMBL3402186,1,32.0,32.0,32.0,1.505149978319906,B,high,1,1.0
O=C1COc2ccc(CNC34CCC(C[C@@]5(O)Cn6c(=O)ccc7ncc(F)c5c76)(CC3)OC4)nc2N1,O=C1COc2ccc(CNC34CCC(CC5Cn6c(=O)ccc7nccc5c76)(CC3)OC4)nc2N1,Acinetobacter baumannii,μg/mL,CHEMBL3400818,1,32.0,32.0,32.0,1.505149978319906,B,high,1,1.0
O=C1COc2ccc(CNC34CCC(C[C@]5(O)CN6C(=O)CCc7ncc(F)c5c76)(CC3)OC4)nc2N1,O=C1COc2ccc(CNC34CCC(CC5CN6C(=O)CCc7nccc5c76)(CC3)OC4)nc2N1,Acinetobacter baumannii,μg/mL,CHEMBL3400823,1,32.0,32.0,32.0,1.505149978319906,B,high,1,1.0
O=C1COc2ccc(CNC34CCC(C[C@]5(O)Cn6c(=O)c(F)cc7ncc(F)c5c76)(CC3)OC4)nc2N1,O=C1COc2ccc(CNC34CCC(CC5Cn6c(=O)ccc7nccc5c76)(CC3)OC4)nc2N1,Acinetobacter baumannii,μg/mL,CHEMBL3402178,1,4.0,4.0,4.0,0.6020599913279624,B,high,1,1.0
O=C1COc2ccc(CNC34CCC(C[C@]5(O)Cn6c(=O)ccc7nc(Cl)c(F)c5c76)(CC3)OC4)nc2N1,O=C1COc2ccc(CNC34CCC(CC5Cn6c(=O)ccc7nccc5c76)(CC3)OC4)nc2N1,Acinetobacter baumannii,μg/mL,CHEMBL3402184,1,32.0,32.0,32.0,1.505149978319906,B,high,1,1.0
O=C1COc2ccc(CNC34CCC(C[C@]5(O)Cn6c(=O)ccc7ncc(Cl)c5c76)(CC3)OC4)nc2N1,O=C1COc2ccc(CNC34CCC(CC5Cn6c(=O)ccc7nccc5c76)(CC3)OC4)nc2N1,Acinetobacter baumannii,μg/mL,CHEMBL3402185,1,8.0,8.0,8.0,0.9030899869919435,B,high,1,1.0
O=C1COc2ccc(CNC34CCC(C[C@]5(O)Cn6c(=O)ccc7ncc(F)c5c76)(CC3)OC4)cc2N1,O=C1COc2ccc(CNC34CCC(CC5Cn6c(=O)ccc7nccc5c76)(CC3)OC4)cc2N1,Acinetobacter baumannii,μg/mL,CHEMBL3425808,1,8.0,8.0,8.0,0.9030899869919435,B,high,1,1.0
O=C1COc2ccc(CNC34CCC(C[C@]5(O)Cn6c(=O)ccc7ncc(F)c5c76)(CC3)OC4)nc2N1,O=C1COc2ccc(CNC34CCC(CC5Cn6c(=O)ccc7nccc5c76)(CC3)OC4)nc2N1,Acinetobacter baumannii,μg/mL,CHEMBL3400817,2,2.0,2.0,2.0,0.3010299956639812,B,high,2,1.0
O=C1COc2cnc(CNC34CCC(C[C@]5(O)Cn6c(=O)ccc7ncc(F)c5c76)(CC3)OC4)cc2N1,O=C1COc2cnc(CNC34CCC(CC5Cn6c(=O)ccc7nccc5c76)(CC3)OC4)cc2N1,Acinetobacter baumannii,μg/mL,CHEMBL3425806,1,32.0,32.0,32.0,1.505149978319906,B,high,1,1.0
O=C1COc2cnc(CNC34CCC(C[C@]5(O)Cn6c(=O)ccc7ncc(F)c5c76)(CC3)OC4)nc2N1,O=C1COc2cnc(CNC34CCC(CC5Cn6c(=O)ccc7nccc5c76)(CC3)OC4)nc2N1,Acinetobacter baumannii,μg/mL,CHEMBL3425807,1,32.0,32.0,32.0,1.505149978319906,B,high,1,1.0
O=C1CSc2ccc(CNC34CCC(C[C@]5(O)Cn6c(=O)ccc7ncc(F)c5c76)(CC3)OC4)nc2N1,O=C1CSc2ccc(CNC34CCC(CC5Cn6c(=O)ccc7nccc5c76)(CC3)OC4)nc2N1,Acinetobacter baumannii,μg/mL,CHEMBL3425798,1,2.0,2.0,2.0,0.3010299956639812,B,high,1,1.0
O=C1CSc2nnc(-c3ccc(S(=O)(=O)c4ccc(Br)cc4)cc3)n2N1,O=C1CSc2nnc(-c3ccc(S(=O)(=O)c4ccccc4)cc3)n2N1,Acinetobacter baumannii,μg/mL,CHEMBL1170947,1,256.0,256.0,256.0,2.4082399653118496,B,high,1,1.0
O=C1CSc2nnc(-c3ccc(S(=O)(=O)c4ccc(Cl)cc4)cc3)n2N1,O=C1CSc2nnc(-c3ccc(S(=O)(=O)c4ccccc4)cc3)n2N1,Acinetobacter baumannii,μg/mL,CHEMBL1172649,1,256.0,256.0,256.0,2.4082399653118496,B,high,1,1.0
O=C1CSc2nnc(-c3ccc(S(=O)(=O)c4ccccc4)cc3)n2N1,O=C1CSc2nnc(-c3ccc(S(=O)(=O)c4ccccc4)cc3)n2N1,Acinetobacter baumannii,μg/mL,CHEMBL1171882,1,256.0,256.0,256.0,2.4082399653118496,B,high,1,1.0
O=C1NCCc2c1[n+]([O-])c1ccccc1[n+]2[O-],O=C1NCCc2[nH+]c3ccccc3[nH+]c21,Escherichia coli,μg/mL,CHEMBL355841,1,1.56,1.56,1.56,0.1931245983544616,B,high,1,1.0
O=C1c2c([n+]([O-])c3ccccc3[n+]2[O-])CCN1C1CCCCC1,O=C1c2[nH+]c3ccccc3[nH+]c2CCN1C1CCCCC1,Escherichia coli,μg/mL,CHEMBL353059,1,50.0,50.0,50.0,1.6989700043360187,B,high,1,1.0
O=C1c2c([n+]([O-])c3ccccc3[n+]2[O-])CCN1CCN1CCCCC1,O=C1c2[nH+]c3ccccc3[nH+]c2CCN1CCN1CCCCC1,Escherichia coli,μg/mL,CHEMBL354120,1,3.12,3.12,3.12,0.4941545940184428,B,high,1,1.0
O=C1c2c([n+]([O-])c3ccccc3[n+]2[O-])CCN1CCO,O=C1NCCc2[nH+]c3ccccc3[nH+]c21,Escherichia coli,μg/mL,CHEMBL424566,1,12.5,12.5,12.5,1.0969100130080565,B,high,1,1.0
O=C1c2ccccc2C(O)N1Cc1ccccc1,O=C1c2ccccc2CN1Cc1ccccc1,Pseudomonas aeruginosa,μg/mL,CHEMBL41621,1,3600.0,3600.0,3600.0,3.5563025007672873,B,high,1,1.0
O=CN1CCN(c2cc3c(cc2F)c(=O)c(C(=O)O)cn3C2CC2)CC1,O=c1ccn(C2CC2)c2cc(N3CCNCC3)ccc12,Acinetobacter baumannii,μg/mL,CHEMBL1834405,1,2.5,2.5,2.5,0.3979400086720376,B,high,1,1.0
O=CN[C@@H]1C(=O)N2C(C(=O)O)=C(COC(=O)N3CCN(c4cc5c(cc4F)c(=O)c(C(=O)O)cn5C4CC4)CC3)CS[C@H]12,O=C(OCC1=CN2C(=O)C[C@H]2SC1)N1CCN(c2ccc3c(=O)ccn(C4CC4)c3c2)CC1,Klebsiella pneumoniae,μg/mL,CHEMBL95672,1,0.25,0.25,0.25,-0.6020599913279624,B,high,1,1.0
O=CN[C@@H]1C(=O)N2C(C(=O)O)=C(COC(=O)N3CCN(c4cc5c(cc4F)c(=O)c(C(=O)O)cn5C4CC4)CC3)CS[C@H]12,O=C(OCC1=CN2C(=O)C[C@H]2SC1)N1CCN(c2ccc3c(=O)ccn(C4CC4)c3c2)CC1,Pseudomonas aeruginosa,μg/mL,CHEMBL95672,2,1.5,1.0,2.0,0.17609125905568124,B,high,1,1.0
O=Cc1cn(C2CC2)c2cc(N3CCNCC3)c(F)cc2c1=O,O=c1ccn(C2CC2)c2cc(N3CCNCC3)ccc12,Klebsiella pneumoniae,μg/mL,CHEMBL73691,1,12.5,12.5,12.5,1.0969100130080565,B,high,1,1.0
O=Cc1cn(C2CC2)c2cc(N3CCNCC3)c(F)cc2c1=O,O=c1ccn(C2CC2)c2cc(N3CCNCC3)ccc12,Pseudomonas aeruginosa,μg/mL,CHEMBL73691,1,50.0,50.0,50.0,1.6989700043360187,B,high,1,1.0
O=S(=O)(c1cc(Cl)c(Cl)cc1Cl)N1N=Cc2cc(Br)ccc2B1O,O=S(=O)(c1ccccc1)N1Bc2ccccc2C=N1,Klebsiella pneumoniae,μg/mL,CHEMBL172607,1,50.0,50.0,50.0,1.6989700043360187,B,high,1,1.0
O=S(=O)(c1cc(Cl)c(Cl)cc1Cl)N1N=Cc2oc(Br)cc2B1O,O=S(=O)(c1ccccc1)N1Bc2ccoc2C=N1,Klebsiella pneumoniae,μg/mL,CHEMBL172385,1,50.0,50.0,50.0,1.6989700043360187,B,high,1,1.0
O=S(=O)(c1ccc(Br)cc1)c1ccc(-c2n[nH]c(=S)n2-c2ccc(OC(F)(F)F)cc2)cc1,O=S(=O)(c1ccccc1)c1ccc(-c2n[nH]c(=S)n2-c2ccccc2)cc1,Acinetobacter baumannii,μg/mL,CHEMBL1945479,1,32.0,32.0,32.0,1.505149978319906,B,high,1,1.0
O=S(=O)(c1ccc(Br)cc1)c1ccc(-c2nnc(Nc3ccc(OC(F)(F)F)cc3)s2)cc1,O=S(=O)(c1ccccc1)c1ccc(-c2nnc(Nc3ccccc3)s2)cc1,Acinetobacter baumannii,μg/mL,CHEMBL1945483,1,32.0,32.0,32.0,1.505149978319906,B,high,1,1.0
O=S(=O)(c1ccc(Br)cc1)c1ccc(-c2nnc(S)[nH]2)cc1,O=S(=O)(c1ccccc1)c1ccc(-c2nnc[nH]2)cc1,Acinetobacter baumannii,μg/mL,CHEMBL1078146,1,64.0,64.0,64.0,1.806179973983887,B,high,1,1.0
O=S(=O)(c1ccc(Br)cc1)c1ccc(-c2nnc3n2N=C(Nc2ccccc2)CS3)cc1,O=S(=O)(c1ccccc1)c1ccc(-c2nnc3n2N=C(Nc2ccccc2)CS3)cc1,Acinetobacter baumannii,μg/mL,CHEMBL1171703,1,512.0,512.0,512.0,2.709269960975831,B,high,1,1.0
O=S(=O)(c1ccc(Br)cc1)c1ccc(-c2nnc3sc(-c4cc(O)c(O)c(O)c4)nn23)cc1,O=S(=O)(c1ccccc1)c1ccc(-c2nnc3sc(-c4ccccc4)nn23)cc1,Acinetobacter baumannii,μg/mL,CHEMBL1631486,1,128.0,128.0,128.0,2.1072099696478683,B,high,1,1.0
O=S(=O)(c1ccc(Br)cc1)c1ccc(-c2nnc3sc(-c4ccc(Br)cc4)nn23)cc1,O=S(=O)(c1ccccc1)c1ccc(-c2nnc3sc(-c4ccccc4)nn23)cc1,Acinetobacter baumannii,μg/mL,CHEMBL1631481,1,256.0,256.0,256.0,2.4082399653118496,B,high,1,1.0
O=S(=O)(c1ccc(Br)cc1)c1ccc(-c2nnc3sc(-c4ccc(Cl)c(Br)c4)nn23)cc1,O=S(=O)(c1ccccc1)c1ccc(-c2nnc3sc(-c4ccccc4)nn23)cc1,Acinetobacter baumannii,μg/mL,CHEMBL1631487,1,512.0,512.0,512.0,2.709269960975831,B,high,1,1.0
O=S(=O)(c1ccc(Br)cc1)c1ccc(-c2nnc3sc(-c4ccc(Cl)cc4)nn23)cc1,O=S(=O)(c1ccccc1)c1ccc(-c2nnc3sc(-c4ccccc4)nn23)cc1,Acinetobacter baumannii,μg/mL,CHEMBL1631482,1,256.0,256.0,256.0,2.4082399653118496,B,high,1,1.0
O=S(=O)(c1ccc(Br)cc1)c1ccc(-c2nnc3sc(Nc4ccc(Br)cc4)nn23)cc1,O=S(=O)(c1ccccc1)c1ccc(-c2nnc3sc(Nc4ccccc4)nn23)cc1,Acinetobacter baumannii,μg/mL,CHEMBL1629999,1,512.0,512.0,512.0,2.709269960975831,B,high,1,1.0
O=S(=O)(c1ccc(Br)cc1)c1ccc(-c2nnc3sc(O)nn23)cc1,O=S(=O)(c1ccccc1)c1ccc(-c2nnc3scnn23)cc1,Acinetobacter baumannii,μg/mL,CHEMBL1631489,1,256.0,256.0,256.0,2.4082399653118496,B,high,1,1.0
O=S(=O)(c1ccc(Br)cc1)c1ccc(C2=NN3C(c4ccc(Br)cc4)=CSC3N2)cc1,O=S(=O)(c1ccccc1)c1ccc(C2=NN3C(c4ccccc4)=CSC3N2)cc1,Acinetobacter baumannii,μg/mL,CHEMBL1077853,1,64.0,64.0,64.0,1.806179973983887,B,high,1,1.0
O=S(=O)(c1ccc(Br)cc1)c1ccc(C2=NN3C(c4ccccc4)=CSC3N2)cc1,O=S(=O)(c1ccccc1)c1ccc(C2=NN3C(c4ccccc4)=CSC3N2)cc1,Acinetobacter baumannii,μg/mL,CHEMBL1077728,1,64.0,64.0,64.0,1.806179973983887,B,high,1,1.0
O=S(=O)(c1ccc(Cl)cc1)c1ccc(-c2n[nH]c(=S)n2/N=C/c2ccccc2)cc1,O=S(=O)(c1ccccc1)c1ccc(-c2n[nH]c(=S)n2/N=C/c2ccccc2)cc1,Acinetobacter baumannii,μg/mL,CHEMBL564903,1,512.0,512.0,512.0,2.709269960975831,B,high,1,1.0
O=S(=O)(c1ccc(Cl)cc1)c1ccc(-c2nn(CN3CCOCC3)c(=S)n2/N=C/c2ccccc2)cc1,O=S(=O)(c1ccccc1)c1ccc(-c2nn(CN3CCOCC3)c(=S)n2/N=C/c2ccccc2)cc1,Acinetobacter baumannii,μg/mL,CHEMBL549773,1,1024.0,1024.0,1024.0,3.010299956639812,B,high,1,1.0
O=S(=O)(c1ccc(Cl)cc1)c1ccc(-c2nnc(S)[nH]2)cc1,O=S(=O)(c1ccccc1)c1ccc(-c2nnc[nH]2)cc1,Acinetobacter baumannii,μg/mL,CHEMBL1079048,1,256.0,256.0,256.0,2.4082399653118496,B,high,1,1.0
O=S(=O)(c1ccc(Cl)cc1)c1ccc(-c2nnc3n2N=C(Nc2ccccc2)CS3)cc1,O=S(=O)(c1ccccc1)c1ccc(-c2nnc3n2N=C(Nc2ccccc2)CS3)cc1,Acinetobacter baumannii,μg/mL,CHEMBL1171702,1,512.0,512.0,512.0,2.709269960975831,B,high,1,1.0
O=S(=O)(c1ccc(Cl)cc1)c1ccc(C2=NN3C(c4ccc(Br)cc4)=CSC3N2)cc1,O=S(=O)(c1ccccc1)c1ccc(C2=NN3C(c4ccccc4)=CSC3N2)cc1,Acinetobacter baumannii,μg/mL,CHEMBL1077663,1,128.0,128.0,128.0,2.1072099696478683,B,high,1,1.0
O=S(=O)(c1ccc(Cl)cc1)c1ccc(C2=NN3C(c4ccccc4)=CSC3N2)cc1,O=S(=O)(c1ccccc1)c1ccc(C2=NN3C(c4ccccc4)=CSC3N2)cc1,Acinetobacter baumannii,μg/mL,CHEMBL1078733,1,512.0,512.0,512.0,2.709269960975831,B,high,1,1.0
O=S(=O)(c1ccccc1)N1N=Cc2ccc(O)cc2B1O,O=S(=O)(c1ccccc1)N1Bc2ccccc2C=N1,Klebsiella pneumoniae,μg/mL,CHEMBL172203,1,50.0,50.0,50.0,1.6989700043360187,B,high,1,1.0
O=S(=O)(c1ccccc1)N1N=Cc2sc(Br)cc2B1O,O=S(=O)(c1ccccc1)N1Bc2ccsc2C=N1,Klebsiella pneumoniae,μg/mL,CHEMBL172501,1,0.78,0.78,0.78,-0.10790539730951958,B,high,1,1.0
O=S(=O)(c1ccccc1)c1ccc(-c2n[nH]c(=S)n2-c2ccc(OC(F)(F)F)cc2)cc1,O=S(=O)(c1ccccc1)c1ccc(-c2n[nH]c(=S)n2-c2ccccc2)cc1,Acinetobacter baumannii,μg/mL,CHEMBL1945478,1,32.0,32.0,32.0,1.505149978319906,B,high,1,1.0
O=S(=O)(c1ccccc1)c1ccc(-c2n[nH]c(=S)n2/N=C/c2ccco2)cc1,O=S(=O)(c1ccccc1)c1ccc(-c2n[nH]c(=S)n2/N=C/c2ccco2)cc1,Acinetobacter baumannii,μg/mL,CHEMBL549978,1,128.0,128.0,128.0,2.1072099696478683,B,high,1,1.0
O=S(=O)(c1ccccc1)c1ccc(-c2nn(CN3CCOCC3)c(=S)n2/N=C/c2ccco2)cc1,O=S(=O)(c1ccccc1)c1ccc(-c2nn(CN3CCOCC3)c(=S)n2/N=C/c2ccco2)cc1,Acinetobacter baumannii,μg/mL,CHEMBL564386,1,512.0,512.0,512.0,2.709269960975831,B,high,1,1.0
O=S(=O)(c1ccccc1)c1ccc(-c2nnc(Nc3ccc(OC(F)(F)F)cc3)s2)cc1,O=S(=O)(c1ccccc1)c1ccc(-c2nnc(Nc3ccccc3)s2)cc1,Acinetobacter baumannii,μg/mL,CHEMBL1945482,1,32.0,32.0,32.0,1.505149978319906,B,high,1,1.0
O=S(=O)(c1ccccc1)c1ccc(-c2nnc(S)[nH]2)cc1,O=S(=O)(c1ccccc1)c1ccc(-c2nnc[nH]2)cc1,Acinetobacter baumannii,μg/mL,CHEMBL1082056,1,256.0,256.0,256.0,2.4082399653118496,B,high,1,1.0
O=S(=O)(c1ccccc1)c1ccc(-c2nnc3sc(-c4cc(O)c(O)c(O)c4)nn23)cc1,O=S(=O)(c1ccccc1)c1ccc(-c2nnc3sc(-c4ccccc4)nn23)cc1,Acinetobacter baumannii,μg/mL,CHEMBL1631479,1,1024.0,1024.0,1024.0,3.010299956639812,B,high,1,1.0
O=S(=O)(c1ccccc1)c1ccc(-c2nnc3sc(-c4ccc(Br)cc4)nn23)cc1,O=S(=O)(c1ccccc1)c1ccc(-c2nnc3sc(-c4ccccc4)nn23)cc1,Acinetobacter baumannii,μg/mL,CHEMBL1631476,1,1024.0,1024.0,1024.0,3.010299956639812,B,high,1,1.0
O=S(=O)(c1ccccc1)c1ccc(-c2nnc3sc(-c4ccc(Cl)c(Br)c4)nn23)cc1,O=S(=O)(c1ccccc1)c1ccc(-c2nnc3sc(-c4ccccc4)nn23)cc1,Acinetobacter baumannii,μg/mL,CHEMBL1631480,1,256.0,256.0,256.0,2.4082399653118496,B,high,1,1.0
O=S(=O)(c1ccccc1)c1ccc(-c2nnc3sc(-c4ccc(Cl)cc4)nn23)cc1,O=S(=O)(c1ccccc1)c1ccc(-c2nnc3sc(-c4ccccc4)nn23)cc1,Acinetobacter baumannii,μg/mL,CHEMBL1629734,1,512.0,512.0,512.0,2.709269960975831,B,high,1,1.0
O=S(=O)(c1ccccc1)c1ccc(-c2nnc3sc(Nc4ccc(Br)cc4)nn23)cc1,O=S(=O)(c1ccccc1)c1ccc(-c2nnc3sc(Nc4ccccc4)nn23)cc1,Acinetobacter baumannii,μg/mL,CHEMBL1629996,1,512.0,512.0,512.0,2.709269960975831,B,high,1,1.0
O=S(=O)(c1ccccc1)c1ccc(-c2nnc3sc(O)nn23)cc1,O=S(=O)(c1ccccc1)c1ccc(-c2nnc3scnn23)cc1,Acinetobacter baumannii,μg/mL,CHEMBL1631488,1,128.0,128.0,128.0,2.1072099696478683,B,high,1,1.0
O=S(=O)(c1ccccc1)c1ccc(C2=NN3C(c4ccc(Br)cc4)=CSC3N2)cc1,O=S(=O)(c1ccccc1)c1ccc(C2=NN3C(c4ccccc4)=CSC3N2)cc1,Acinetobacter baumannii,μg/mL,CHEMBL1079047,1,64.0,64.0,64.0,1.806179973983887,B,high,1,1.0
O=S(=O)(c1ccccc1)c1ccc(C2=NN3C(c4ccccc4)=CSC3N2)cc1,O=S(=O)(c1ccccc1)c1ccc(C2=NN3C(c4ccccc4)=CSC3N2)cc1,Acinetobacter baumannii,μg/mL,CHEMBL1077948,1,64.0,64.0,64.0,1.806179973983887,B,high,1,1.0
O=S(=O)(c1ccccc1Cl)N1N=Cc2sc(Br)cc2B1O,O=S(=O)(c1ccccc1)N1Bc2ccsc2C=N1,Klebsiella pneumoniae,μg/mL,CHEMBL174725,1,1.56,1.56,1.56,0.1931245983544616,B,high,1,1.0
O=[N+]([O-])c1ccc(S(=O)(=O)N2N=Cc3cc(Br)ccc3B2O)cc1,O=S(=O)(c1ccccc1)N1Bc2ccccc2C=N1,Klebsiella pneumoniae,μg/mL,CHEMBL175046,1,0.78,0.78,0.78,-0.10790539730951958,B,high,1,1.0
O=[N+]([O-])c1cccc(/C=N/n2c(-c3ccc(S(=O)(=O)c4ccccc4)cc3)n[nH]c2=S)c1,O=S(=O)(c1ccccc1)c1ccc(-c2n[nH]c(=S)n2/N=C/c2ccccc2)cc1,Acinetobacter baumannii,μg/mL,CHEMBL551116,1,1024.0,1024.0,1024.0,3.010299956639812,B,high,1,1.0
O=[N+]([O-])c1cccc(/C=N/n2c(-c3ccc(S(=O)(=O)c4ccccc4)cc3)nn(CN3CCOCC3)c2=S)c1,O=S(=O)(c1ccccc1)c1ccc(-c2nn(CN3CCOCC3)c(=S)n2/N=C/c2ccccc2)cc1,Acinetobacter baumannii,μg/mL,CHEMBL561860,1,512.0,512.0,512.0,2.709269960975831,B,high,1,1.0
O=c1[nH]n2c(-c3ccc(S(=O)(=O)c4ccc(Br)cc4)cc3)nnc2sc1=O,O=c1[nH]n2c(-c3ccc(S(=O)(=O)c4ccccc4)cc3)nnc2sc1=O,Acinetobacter baumannii,μg/mL,CHEMBL1170948,1,1024.0,1024.0,1024.0,3.010299956639812,B,high,1,1.0
O=c1cc(CCl)oc(CN2CCC(O)(c3ccc(Br)cc3)CC2)c1O,O=c1ccoc(CN2CCC(c3ccccc3)CC2)c1,Acinetobacter baumannii,μg/mL,CHEMBL1241915,2,10.0,4.0,16.0,1.0,B,high,1,1.0
O=c1cc(CCl)oc(CN2CCC(O)(c3ccc(Cl)c(C(F)(F)F)c3)CC2)c1O,O=c1ccoc(CN2CCC(c3ccccc3)CC2)c1,Acinetobacter baumannii,μg/mL,CHEMBL1241999,2,10.0,4.0,16.0,1.0,B,high,1,1.0
O=c1cc(CCl)oc(CN2CCN(C(c3ccccc3)c3ccc(Cl)cc3)CC2)c1O,O=c1ccoc(CN2CCN(C(c3ccccc3)c3ccccc3)CC2)c1,Acinetobacter baumannii,μg/mL,CHEMBL1241827,2,10.0,4.0,16.0,1.0,B,high,1,1.0
O=c1cc(CCl)oc(CN2CCN(Cc3ccc(Cl)c(Cl)c3)CC2)c1O,O=c1ccoc(CN2CCN(Cc3ccccc3)CC2)c1,Acinetobacter baumannii,μg/mL,CHEMBL1241826,2,12.0,8.0,16.0,1.0791812460476249,B,high,1,1.0
O=c1cc(CCl)oc(CN2CCN(Cc3ccc(F)cc3)CC2)c1O,O=c1ccoc(CN2CCN(Cc3ccccc3)CC2)c1,Acinetobacter baumannii,μg/mL,CHEMBL1241739,2,48.0,32.0,64.0,1.6812412373755872,B,high,1,1.0
O=c1cc(CCl)oc(CN2CCN(c3ccc(C(F)(F)F)cc3)CC2)c1O,O=c1ccoc(CN2CCN(c3ccccc3)CC2)c1,Acinetobacter baumannii,μg/mL,CHEMBL2392527,2,40.0,16.0,64.0,1.6020599913279623,B,high,1,1.0
O=c1cc(CCl)oc(CN2CCN(c3ccc(Cl)c(Cl)c3)CC2)c1O,O=c1ccoc(CN2CCN(c3ccccc3)CC2)c1,Acinetobacter baumannii,μg/mL,CHEMBL2234232,2,48.0,32.0,64.0,1.6812412373755872,B,high,1,1.0
O=c1cc(CCl)oc(CN2CCN(c3ccc(Cl)cc3)CC2)c1O,O=c1ccoc(CN2CCN(c3ccccc3)CC2)c1,Acinetobacter baumannii,μg/mL,CHEMBL2234231,1,64.0,64.0,64.0,1.806179973983887,B,high,1,1.0
O=c1cc(CCl)oc(CN2CCN(c3ccc(F)cc3)CC2)c1O,O=c1ccoc(CN2CCN(c3ccccc3)CC2)c1,Acinetobacter baumannii,μg/mL,CHEMBL2392529,2,48.0,32.0,64.0,1.6812412373755872,B,high,1,1.0
O=c1cc(CCl)oc(CN2CCN(c3cccc(C(F)(F)F)c3)CC2)c1O,O=c1ccoc(CN2CCN(c3ccccc3)CC2)c1,Acinetobacter baumannii,μg/mL,CHEMBL2392526,2,48.0,32.0,64.0,1.6812412373755872,B,high,1,1.0
O=c1cc(CCl)oc(CN2CCN(c3cccc(Cl)c3)CC2)c1O,O=c1ccoc(CN2CCN(c3ccccc3)CC2)c1,Acinetobacter baumannii,μg/mL,CHEMBL2234230,2,48.0,32.0,64.0,1.6812412373755872,B,high,1,1.0
O=c1cc(CCl)oc(CN2CCN(c3ccccc3Cl)CC2)c1O,O=c1ccoc(CN2CCN(c3ccccc3)CC2)c1,Acinetobacter baumannii,μg/mL,CHEMBL2234229,1,64.0,64.0,64.0,1.806179973983887,B,high,1,1.0
O=c1cc(CCl)oc(CN2CCN(c3ccccc3F)CC2)c1O,O=c1ccoc(CN2CCN(c3ccccc3)CC2)c1,Acinetobacter baumannii,μg/mL,CHEMBL2392528,2,48.0,32.0,64.0,1.6812412373755872,B,high,1,1.0
O=c1ccc2ncc(F)c3c2n1C[C@@]3(O)CC12CCC(NC/C=C/c3c(F)cccc3F)(CC1)CO2,O=c1ccc2nccc3c2n1CC3CC12CCC(NC/C=C/c3ccccc3)(CC1)CO2,Acinetobacter baumannii,μg/mL,CHEMBL3425934,1,2.0,2.0,2.0,0.3010299956639812,B,high,1,1.0
O=c1ccc2ncc(F)c3c2n1C[C@@]3(O)CC12CCC(NC/C=C/c3cc(F)ccc3F)(CC1)CO2,O=c1ccc2nccc3c2n1CC3CC12CCC(NC/C=C/c3ccccc3)(CC1)CO2,Acinetobacter baumannii,μg/mL,CHEMBL3425935,1,0.25,0.25,0.25,-0.6020599913279624,B,high,1,1.0
O=c1ccc2ncc(F)c3c2n1C[C@@]3(O)CC12CCC(NCc3c(Cl)cc4c(c3Cl)OCCO4)(CC1)CO2,O=c1ccc2nccc3c2n1CC3CC12CCC(NCc3ccc4c(c3)OCCO4)(CC1)CO2,Acinetobacter baumannii,μg/mL,CHEMBL3425825,1,32.0,32.0,32.0,1.505149978319906,B,high,1,1.0
O=c1ccc2ncc(F)c3c2n1C[C@@]3(O)CC12CCC(NCc3cc(Cl)c4c(c3Cl)OCCO4)(CC1)CO2,O=c1ccc2nccc3c2n1CC3CC12CCC(NCc3ccc4c(c3)OCCO4)(CC1)CO2,Acinetobacter baumannii,μg/mL,CHEMBL3425827,1,32.0,32.0,32.0,1.505149978319906,B,high,1,1.0
O=c1ccc2ncc(F)c3c2n1C[C@@]3(O)CC12CCC(NCc3cc4c(c(Cl)c3Cl)OCCO4)(CC1)CO2,O=c1ccc2nccc3c2n1CC3CC12CCC(NCc3ccc4c(c3)OCCO4)(CC1)CO2,Acinetobacter baumannii,μg/mL,CHEMBL3425826,1,32.0,32.0,32.0,1.505149978319906,B,high,1,1.0
O=c1ccc2ncc(F)c3c2n1C[C@@]3(O)CC12CCC(NCc3cc4c(cc3Cl)OCCO4)(CC1)CO2,O=c1ccc2nccc3c2n1CC3CC12CCC(NCc3ccc4c(c3)OCCO4)(CC1)CO2,Acinetobacter baumannii,μg/mL,CHEMBL3425514,1,8.0,8.0,8.0,0.9030899869919435,B,high,1,1.0
O=c1ccc2ncc(F)c3c2n1C[C@@]3(O)CC12CCC(NCc3cc4c(cc3F)OCCO4)(CC1)CO2,O=c1ccc2nccc3c2n1CC3CC12CCC(NCc3ccc4c(c3)OCCO4)(CC1)CO2,Acinetobacter baumannii,μg/mL,CHEMBL3425823,1,8.0,8.0,8.0,0.9030899869919435,B,high,1,1.0
O=c1ccc2ncc(F)c3c2n1C[C@@]3(O)CC12CCC(NCc3cc4c(cn3)OCCC4)(CC1)CO2,O=c1ccc2nccc3c2n1CC3CC12CCC(NCc3cc4c(cn3)OCCC4)(CC1)CO2,Acinetobacter baumannii,μg/mL,CHEMBL3425933,1,4.0,4.0,4.0,0.6020599913279624,B,high,1,1.0
O=c1ccc2ncc(F)c3c2n1C[C@@]3(O)CC12CCC(NCc3cc4c(cn3)OCCO4)(CC1)CO2,O=c1ccc2nccc3c2n1CC3CC12CCC(NCc3cc4c(cn3)OCCO4)(CC1)CO2,Acinetobacter baumannii,μg/mL,CHEMBL3425810,1,8.0,8.0,8.0,0.9030899869919435,B,high,1,1.0
O=c1ccc2ncc(F)c3c2n1C[C@@]3(O)CC12CCC(NCc3cc4c(cn3)OCCS4(=O)=O)(CC1)CO2,O=c1ccc2nccc3c2n1CC3CC12CCC(NCc3cc4c(cn3)OCCS4(=O)=O)(CC1)CO2,Acinetobacter baumannii,μg/mL,CHEMBL3425817,1,32.0,32.0,32.0,1.505149978319906,B,high,1,1.0
O=c1ccc2ncc(F)c3c2n1C[C@@]3(O)CC12CCC(NCc3cc4c(cn3)OCCS4)(CC1)CO2,O=c1ccc2nccc3c2n1CC3CC12CCC(NCc3cc4c(cn3)OCCS4)(CC1)CO2,Acinetobacter baumannii,μg/mL,CHEMBL3425815,1,4.0,4.0,4.0,0.6020599913279624,B,high,1,1.0
O=c1ccc2ncc(F)c3c2n1C[C@@]3(O)CC12CCC(NCc3cc4c(cn3)OCS4)(CC1)CO2,O=c1ccc2nccc3c2n1CC3CC12CCC(NCc3cc4c(cn3)OCS4)(CC1)CO2,Acinetobacter baumannii,μg/mL,CHEMBL3425932,1,0.5,0.5,0.5,-0.3010299956639812,B,high,1,1.0
O=c1ccc2ncc(F)c3c2n1C[C@@]3(O)CC12CCC(NCc3cc4c(cn3)S(=O)(=O)CCO4)(CC1)CO2,O=c1ccc2nccc3c2n1CC3CC12CCC(NCc3cc4c(cn3)S(=O)(=O)CCO4)(CC1)CO2,Acinetobacter baumannii,μg/mL,CHEMBL3425818,1,32.0,32.0,32.0,1.505149978319906,B,high,1,1.0
O=c1ccc2ncc(F)c3c2n1C[C@@]3(O)CC12CCC(NCc3cc4c(cn3)SCCO4)(CC1)CO2,O=c1ccc2nccc3c2n1CC3CC12CCC(NCc3cc4c(cn3)SCCO4)(CC1)CO2,Acinetobacter baumannii,μg/mL,CHEMBL3425816,1,2.0,2.0,2.0,0.3010299956639812,B,high,1,1.0
O=c1ccc2ncc(F)c3c2n1C[C@@]3(O)CC12CCC(NCc3cc4c(nn3)OCCO4)(CC1)CO2,O=c1ccc2nccc3c2n1CC3CC12CCC(NCc3cc4c(nn3)OCCO4)(CC1)CO2,Acinetobacter baumannii,μg/mL,CHEMBL3425820,1,32.0,32.0,32.0,1.505149978319906,B,high,1,1.0
O=c1ccc2ncc(F)c3c2n1C[C@@]3(O)CC12CCC(NCc3ccc4c(c3)OC(F)(F)O4)(CC1)CO2,O=c1ccc2nccc3c2n1CC3CC12CCC(NCc3ccc4c(c3)OCO4)(CC1)CO2,Acinetobacter baumannii,μg/mL,CHEMBL3425931,1,32.0,32.0,32.0,1.505149978319906,B,high,1,1.0
O=c1ccc2ncc(F)c3c2n1C[C@@]3(O)CC12CCC(NCc3ccc4c(c3)OCCO4)(CC1)CO2,O=c1ccc2nccc3c2n1CC3CC12CCC(NCc3ccc4c(c3)OCCO4)(CC1)CO2,Acinetobacter baumannii,μg/mL,CHEMBL3425822,1,4.0,4.0,4.0,0.6020599913279624,B,high,1,1.0
O=c1ccc2ncc(F)c3c2n1C[C@@]3(O)CC12CCC(NCc3ccc4c(c3)OCO4)(CC1)CO2,O=c1ccc2nccc3c2n1CC3CC12CCC(NCc3ccc4c(c3)OCO4)(CC1)CO2,Acinetobacter baumannii,μg/mL,CHEMBL3425930,1,4.0,4.0,4.0,0.6020599913279624,B,high,1,1.0
O=c1ccc2ncc(F)c3c2n1C[C@@]3(O)CC12CCC(NCc3ccc4c(c3Cl)OCCO4)(CC1)CO2,O=c1ccc2nccc3c2n1CC3CC12CCC(NCc3ccc4c(c3)OCCO4)(CC1)CO2,Acinetobacter baumannii,μg/mL,CHEMBL3425824,1,32.0,32.0,32.0,1.505149978319906,B,high,1,1.0
O=c1ccc2ncc(F)c3c2n1C[C@@]3(O)CC12CCC(NCc3ccc4c(n3)NCCN4)(CC1)CO2,O=c1ccc2nccc3c2n1CC3CC12CCC(NCc3ccc4c(n3)NCCN4)(CC1)CO2,Acinetobacter baumannii,μg/mL,CHEMBL3425926,1,32.0,32.0,32.0,1.505149978319906,B,high,1,1.0
O=c1ccc2ncc(F)c3c2n1C[C@@]3(O)CC12CCC(NCc3ccc4c(n3)NCCO4)(CC1)CO2,O=c1ccc2nccc3c2n1CC3CC12CCC(NCc3ccc4c(n3)NCCO4)(CC1)CO2,Acinetobacter baumannii,μg/mL,CHEMBL3425924,1,8.0,8.0,8.0,0.9030899869919435,B,high,1,1.0
O=c1ccc2ncc(F)c3c2n1C[C@@]3(O)CC12CCC(NCc3ccc4c(n3)OCCN4)(CC1)CO2,O=c1ccc2nccc3c2n1CC3CC12CCC(NCc3ccc4c(n3)OCCN4)(CC1)CO2,Acinetobacter baumannii,μg/mL,CHEMBL3425925,1,32.0,32.0,32.0,1.505149978319906,B,high,1,1.0
O=c1ccc2ncc(F)c3c2n1C[C@@]3(O)CC12CCC(NCc3ccc4c(n3)OCCO4)(CC1)CO2,O=c1ccc2nccc3c2n1CC3CC12CCC(NCc3ccc4c(n3)OCCO4)(CC1)CO2,Acinetobacter baumannii,μg/mL,CHEMBL3425819,1,32.0,32.0,32.0,1.505149978319906,B,high,1,1.0
O=c1ccc2ncc(F)c3c2n1C[C@@]3(O)CC12CCC(NCc3ncc4c(c3Cl)OCCO4)(CC1)CO2,O=c1ccc2nccc3c2n1CC3CC12CCC(NCc3cc4c(cn3)OCCO4)(CC1)CO2,Acinetobacter baumannii,μg/mL,CHEMBL3425814,1,32.0,32.0,32.0,1.505149978319906,B,high,1,1.0
O=c1ccc2ncc(F)c3c2n1C[C@@]3(O)CC12CCC(NCc3ncc4c(n3)OCCO4)(CC1)CO2,O=c1ccc2nccc3c2n1CC3CC12CCC(NCc3ncc4c(n3)OCCO4)(CC1)CO2,Acinetobacter baumannii,μg/mL,CHEMBL3425821,1,32.0,32.0,32.0,1.505149978319906,B,high,1,1.0
O=c1on(CO)c2ccccc12,O=c1o[nH]c2ccccc12,Escherichia coli,μg/mL,CHEMBL20145,1,15.6,15.6,15.6,1.1931245983544616,B,high,1,1.0
O=c1on(CO)c2ccccc12,O=c1o[nH]c2ccccc12,Klebsiella pneumoniae,μg/mL,CHEMBL20145,1,31.6,31.6,31.6,1.4996870826184039,B,high,1,1.0
O=c1on(CO)c2ccccc12,O=c1o[nH]c2ccccc12,Pseudomonas aeruginosa,μg/mL,CHEMBL20145,1,7.8,7.8,7.8,0.8920946026904804,B,high,1,1.0
OCCNc1cc(C(F)(F)F)nc(-c2n[nH]c3cnccc23)n1,c1cnc(-c2n[nH]c3cnccc23)nc1,Acinetobacter baumannii,μg/mL,CHEMBL3099715,1,32.0,32.0,32.0,1.505149978319906,B,high,1,1.0
Oc1ccc(Br)cc1Cc1cc(Cl)cc(Cc2cc(Br)ccc2O)c1O,c1ccc(Cc2cccc(Cc3ccccc3)c2)cc1,Pseudomonas aeruginosa,μg/mL,CHEMBL117374,2,38.045,36.71,39.38,1.5802975884365702,B,high,1,1.0
Oc1ccccc1Cc1cc(Cl)cc(Cc2ccccc2O)c1O,c1ccc(Cc2cccc(Cc3ccccc3)c2)cc1,Pseudomonas aeruginosa,μg/mL,CHEMBL117393,2,0.125,0.07,0.18,-0.9030899869919435,B,high,1,1.0
[C-]#[N+]C(=C)[C@@](Cc1ccc(OC)cc1)([N+]#[C-])C1C[C@@H](OC(=O)CO)CC[C@@H]1O,c1ccc(CCC2CCCCC2)cc1,Acinetobacter baumannii,μg/mL,CHEMBL3105687,1,0.2564,0.2564,0.2564,-0.5910819791532201,B,high,1,1.0
[Cl-].c1ccc([P+](c2ccccc2)(c2ccccc2)c2ccccc2)cc1,c1ccc([P+](c2ccccc2)(c2ccccc2)c2ccccc2)cc1,Acinetobacter baumannii,μg/mL,CHEMBL223885,2,900.0,300.0,1500.0,2.9542425094393248,B,high,1,1.0
c1cc2cc(-c3ccc(-c4cc5ccc(C6=NCCCN6)cc5[nH]4)cc3)[nH]c2cc1C1=NCCCN1,c1cc2cc(-c3ccc(-c4cc5ccc(C6=NCCCN6)cc5[nH]4)cc3)[nH]c2cc1C1=NCCCN1,Acinetobacter baumannii,μg/mL,CHEMBL1096938,2,0.12,0.12,0.12,-0.9208187539523752,B,high,1,1.0
c1cc2cc(-c3ccc(-c4cc5ccc(C6=NCCN6)cc5[nH]4)cc3)[nH]c2cc1C1=NCCN1,c1cc2cc(-c3ccc(-c4cc5ccc(C6=NCCN6)cc5[nH]4)cc3)[nH]c2cc1C1=NCCN1,Acinetobacter baumannii,μg/mL,CHEMBL1097945,2,0.53,0.06,1.0,-0.27572413039921095,B,high,1,1.0
c1ccc(-c2nnc3c4ccccc4c(N4CCNCC4)nn23)cc1,c1ccc(-c2nnc3c4ccccc4c(N4CCNCC4)nn23)cc1,Acinetobacter baumannii,μg/mL,CHEMBL3113524,1,64.0,64.0,64.0,1.806179973983887,B,high,1,1.0
