stage,compound_id,current_rank,scaffold,evidence_completeness,uncertainty,model_disagreement,relative_cost,acquisition_rank,acquisition_score,reason,interpretation
SP,ATP-HTVS-AC71774ACC4B,1,O=C(NCc1ccccc1)c1cc(NCc2ccccc2)cs1,0.3333333333333333,unknown,unknown,10,1,0.06333333333333334,rank=1; completeness=0.3333333333333333; uncertainty=unknown; disagreement=unknown; new_scaffold=True; relative_cost=10.0,heuristic_priority_not_activity_probability_or_validated_information_gain
SP,ATP-HTVS-780990BE0E68,2,O=C(Nc1ncc(C#CC[NH2+]Cc2ccccc2)c2ccccc12)c1ccccc1,0.3333333333333333,unknown,unknown,10,2,0.06330883853847724,rank=2; completeness=0.3333333333333333; uncertainty=unknown; disagreement=unknown; new_scaffold=True; relative_cost=10.0,heuristic_priority_not_activity_probability_or_validated_information_gain
SP,ATP-HTVS-66618B00A972,3,c1ccc(C[NH2+]Cc2csc(COc3ccccc3)n2)cc1,0.3333333333333333,unknown,unknown,10,3,0.06328434374362114,rank=3; completeness=0.3333333333333333; uncertainty=unknown; disagreement=unknown; new_scaffold=True; relative_cost=10.0,heuristic_priority_not_activity_probability_or_validated_information_gain
SP,ATP-HTVS-D6043925B579,4,c1ccc(CC[NH2+]Cc2cn(Cc3ccccc3)nc2-c2ccccc2)cc1,0.3333333333333333,unknown,unknown,10,4,0.06325984894876505,rank=4; completeness=0.3333333333333333; uncertainty=unknown; disagreement=unknown; new_scaffold=True; relative_cost=10.0,heuristic_priority_not_activity_probability_or_validated_information_gain
SP,ATP-HTVS-65F4836C7042,5,O=C(NCc1sc2ccccc2c1C#CCCc1ccccc1)c1ccccc1,0.3333333333333333,unknown,unknown,10,5,0.06323535415390896,rank=5; completeness=0.3333333333333333; uncertainty=unknown; disagreement=unknown; new_scaffold=True; relative_cost=10.0,heuristic_priority_not_activity_probability_or_validated_information_gain
SP,ATP-HTVS-CEDCE5F1BEB7,6,c1ccc(C[NH2+]Cc2ccc(-c3ccccc3)nc2)cc1,0.3333333333333333,unknown,unknown,10,6,0.06321085935905288,rank=6; completeness=0.3333333333333333; uncertainty=unknown; disagreement=unknown; new_scaffold=True; relative_cost=10.0,heuristic_priority_not_activity_probability_or_validated_information_gain
SP,ATP-HTVS-AD7FBCC01633,7,O=C(Cc1ccccc1)Nc1nc2ccccc2cc1C#CCCc1ccccc1,0.3333333333333333,unknown,unknown,10,7,0.06318636456419678,rank=7; completeness=0.3333333333333333; uncertainty=unknown; disagreement=unknown; new_scaffold=True; relative_cost=10.0,heuristic_priority_not_activity_probability_or_validated_information_gain
SP,ATP-HTVS-2AD5F3716208,8,c1ccc(CC[NH2+][C@H](c2ccccn2)c2cc3ccccc3o2)cc1,0.3333333333333333,unknown,unknown,10,8,0.06316186976934068,rank=8; completeness=0.3333333333333333; uncertainty=unknown; disagreement=unknown; new_scaffold=True; relative_cost=10.0,heuristic_priority_not_activity_probability_or_validated_information_gain
SP,ATP-HTVS-99483DBEAA78,9,O=C(Cc1ccccc1)n1nc(-c2ccncc2)cc1CC[NH2+]Cc1ccccc1,0.3333333333333333,unknown,unknown,10,9,0.06313737497448459,rank=9; completeness=0.3333333333333333; uncertainty=unknown; disagreement=unknown; new_scaffold=True; relative_cost=10.0,heuristic_priority_not_activity_probability_or_validated_information_gain
SP,ATP-HTVS-B0A71AB87D72,10,O=C(Nc1ccccc1)c1cc(NCc2ccccc2)cs1,0.3333333333333333,unknown,unknown,10,10,0.06311288017962849,rank=10; completeness=0.3333333333333333; uncertainty=unknown; disagreement=unknown; new_scaffold=True; relative_cost=10.0,heuristic_priority_not_activity_probability_or_validated_information_gain
SP,ATP-HTVS-3B3954EE8C13,11,O=C(C#Cc1ccccc1)Nc1c(C#CCCc2ccccc2)cnc2ccccc12,0.3333333333333333,unknown,unknown,10,11,0.0630883853847724,rank=11; completeness=0.3333333333333333; uncertainty=unknown; disagreement=unknown; new_scaffold=True; relative_cost=10.0,heuristic_priority_not_activity_probability_or_validated_information_gain
SP,ATP-HTVS-DDBB6FEB6103,13,c1ccc(C[NH2+]Cc2oc3ccccc3c2-c2ccccc2)cc1,0.3333333333333333,unknown,unknown,10,12,0.06303939579506021,rank=13; completeness=0.3333333333333333; uncertainty=unknown; disagreement=unknown; new_scaffold=True; relative_cost=10.0,heuristic_priority_not_activity_probability_or_validated_information_gain
SP,ATP-HTVS-D7583D638CF7,14,O=C(NCc1ccccc1)c1[nH]c2ccccc2c1C#CCOc1ccccc1,0.3333333333333333,unknown,unknown,10,13,0.06301490100020413,rank=14; completeness=0.3333333333333333; uncertainty=unknown; disagreement=unknown; new_scaffold=True; relative_cost=10.0,heuristic_priority_not_activity_probability_or_validated_information_gain
SP,ATP-HTVS-98E751432A52,15,O=C(C#Cc1ccccc1)Nc1ccc(NCc2ccccc2)cn1,0.3333333333333333,unknown,unknown,10,14,0.06299040620534803,rank=15; completeness=0.3333333333333333; uncertainty=unknown; disagreement=unknown; new_scaffold=True; relative_cost=10.0,heuristic_priority_not_activity_probability_or_validated_information_gain
SP,ATP-HTVS-60D4F7FF4B6B,16,c1ccc(C[NH2+]Cc2ccc(-c3ccccc3)s2)cc1,0.3333333333333333,unknown,unknown,10,15,0.06296591141049193,rank=16; completeness=0.3333333333333333; uncertainty=unknown; disagreement=unknown; new_scaffold=True; relative_cost=10.0,heuristic_priority_not_activity_probability_or_validated_information_gain
SP,ATP-HTVS-6EF9F712D3BB,17,c1ccc(C[NH2+]Cc2ccc(Oc3ccccc3)nc2)cc1,0.3333333333333333,unknown,unknown,10,16,0.06294141661563585,rank=17; completeness=0.3333333333333333; uncertainty=unknown; disagreement=unknown; new_scaffold=True; relative_cost=10.0,heuristic_priority_not_activity_probability_or_validated_information_gain
SP,ATP-HTVS-F8BD3C119C5E,19,c1ccc(CC[NH2+][C@@H](c2ccccn2)c2cc3ccccc3o2)cc1,0.3333333333333333,unknown,unknown,10,17,0.06289242702592365,rank=19; completeness=0.3333333333333333; uncertainty=unknown; disagreement=unknown; new_scaffold=True; relative_cost=10.0,heuristic_priority_not_activity_probability_or_validated_information_gain
SP,ATP-HTVS-1449F4F4BA71,20,O=C(c1ccccc1)c1cnc2ccccc2c1NCc1ccccc1,0.3333333333333333,unknown,unknown,10,18,0.06286793223106756,rank=20; completeness=0.3333333333333333; uncertainty=unknown; disagreement=unknown; new_scaffold=True; relative_cost=10.0,heuristic_priority_not_activity_probability_or_validated_information_gain
SP,ATP-HTVS-D1462A8BE621,21,O=C(Nc1c(C#CC[NH2+]Cc2ccccc2)cnc2ccccc12)c1ccccc1,0.3333333333333333,unknown,unknown,10,19,0.06284343743621147,rank=21; completeness=0.3333333333333333; uncertainty=unknown; disagreement=unknown; new_scaffold=True; relative_cost=10.0,heuristic_priority_not_activity_probability_or_validated_information_gain
SP,ATP-HTVS-E14A9B461B4E,22,O=C(Cc1ccccc1)n1nc(-c2ccccc2)cc1CC[NH2+]Cc1ccccc1,0.3333333333333333,unknown,unknown,10,20,0.06281894264135537,rank=22; completeness=0.3333333333333333; uncertainty=unknown; disagreement=unknown; new_scaffold=True; relative_cost=10.0,heuristic_priority_not_activity_probability_or_validated_information_gain
SP,ATP-HTVS-E71202E475AE,23,O=C(Nc1ccccc1)Nc1ccc(OCc2ccccc2)nc1,0.3333333333333333,unknown,unknown,10,21,0.06279444784649929,rank=23; completeness=0.3333333333333333; uncertainty=unknown; disagreement=unknown; new_scaffold=True; relative_cost=10.0,heuristic_priority_not_activity_probability_or_validated_information_gain
SP,ATP-HTVS-92BA88CED8DA,24,c1ccc(C[NH2+]Cc2ccc(-c3ccccc3)cn2)cc1,0.3333333333333333,unknown,unknown,10,22,0.0627699530516432,rank=24; completeness=0.3333333333333333; uncertainty=unknown; disagreement=unknown; new_scaffold=True; relative_cost=10.0,heuristic_priority_not_activity_probability_or_validated_information_gain
SP,ATP-HTVS-C188770C1FD9,25,O=C(Cc1ccccc1)n1nc(-c2cccnc2)cc1CC[NH2+]Cc1ccccc1,0.3333333333333333,unknown,unknown,10,23,0.0627454582567871,rank=25; completeness=0.3333333333333333; uncertainty=unknown; disagreement=unknown; new_scaffold=True; relative_cost=10.0,heuristic_priority_not_activity_probability_or_validated_information_gain
SP,ATP-HTVS-CB3D9B3FDDC1,26,O=C(NCc1ccccc1)NC[C@@H]1c2ccccc2C(=O)N1Cc1ccccc1,0.3333333333333333,unknown,unknown,10,24,0.062720963461931,rank=26; completeness=0.3333333333333333; uncertainty=unknown; disagreement=unknown; new_scaffold=True; relative_cost=10.0,heuristic_priority_not_activity_probability_or_validated_information_gain
SP,ATP-HTVS-F08817EB9A7A,27,c1ccc(C[NH2+]Cc2ncc(-c3ccccc3)cn2)cc1,0.3333333333333333,unknown,unknown,10,25,0.06269646866707491,rank=27; completeness=0.3333333333333333; uncertainty=unknown; disagreement=unknown; new_scaffold=True; relative_cost=10.0,heuristic_priority_not_activity_probability_or_validated_information_gain
SP,ATP-HTVS-AD7FACE11FDD,28,O=C(Nc1ccccc1)c1cncc(NCc2ccccc2)c1,0.3333333333333333,unknown,unknown,10,26,0.06267197387221882,rank=28; completeness=0.3333333333333333; uncertainty=unknown; disagreement=unknown; new_scaffold=True; relative_cost=10.0,heuristic_priority_not_activity_probability_or_validated_information_gain
SP,ATP-HTVS-8E3D409F2843,29,c1ccc(CC[NH2+]Cc2ccc(-c3ccccc3)s2)cc1,0.3333333333333333,unknown,unknown,10,27,0.06264747907736273,rank=29; completeness=0.3333333333333333; uncertainty=unknown; disagreement=unknown; new_scaffold=True; relative_cost=10.0,heuristic_priority_not_activity_probability_or_validated_information_gain
SP,ATP-HTVS-8E1A44B1E9FD,30,O=C(Cc1ccccc1)Nc1c[nH+]c2ccccc2c1NCCc1ccccc1,0.3333333333333333,unknown,unknown,10,28,0.06262298428250665,rank=30; completeness=0.3333333333333333; uncertainty=unknown; disagreement=unknown; new_scaffold=True; relative_cost=10.0,heuristic_priority_not_activity_probability_or_validated_information_gain
SP,ATP-HTVS-3FEB13A0176D,32,C(#C[C@H](NCc1ccccc1)c1cc2ccccc2s1)C[NH2+]Cc1ccccc1,0.3333333333333333,unknown,unknown,10,29,0.06257399469279444,rank=32; completeness=0.3333333333333333; uncertainty=unknown; disagreement=unknown; new_scaffold=True; relative_cost=10.0,heuristic_priority_not_activity_probability_or_validated_information_gain
SP,ATP-HTVS-4B144E96CFBE,33,O=C(Cc1ccccc1)Nc1ncc(NCc2ccccc2)c2ccccc12,0.3333333333333333,unknown,unknown,10,30,0.06254949989793836,rank=33; completeness=0.3333333333333333; uncertainty=unknown; disagreement=unknown; new_scaffold=True; relative_cost=10.0,heuristic_priority_not_activity_probability_or_validated_information_gain
SP,ATP-HTVS-D65E1879A1C4,34,O=C(Nc1ccccc1)c1sccc1Nc1ccccc1,0.3333333333333333,unknown,unknown,10,31,0.06252500510308226,rank=34; completeness=0.3333333333333333; uncertainty=unknown; disagreement=unknown; new_scaffold=True; relative_cost=10.0,heuristic_priority_not_activity_probability_or_validated_information_gain
SP,ATP-HTVS-6B0687E57A6A,35,c1ccc(CC[NH2+][C@@H](c2ccccc2)c2cc3ccccc3o2)cc1,0.3333333333333333,unknown,unknown,10,32,0.06250051030822618,rank=35; completeness=0.3333333333333333; uncertainty=unknown; disagreement=unknown; new_scaffold=True; relative_cost=10.0,heuristic_priority_not_activity_probability_or_validated_information_gain
SP,ATP-HTVS-0F3A12BD04AB,38,O=C(Cc1ccccc1)Nc1c[nH+]c2ccccc2c1NCc1ccccc1,0.3333333333333333,unknown,unknown,10,33,0.06242702592365788,rank=38; completeness=0.3333333333333333; uncertainty=unknown; disagreement=unknown; new_scaffold=True; relative_cost=10.0,heuristic_priority_not_activity_probability_or_validated_information_gain
SP,ATP-HTVS-3E71027F124F,40,c1ccc(C[NH2+]Cc2c[nH]nc2OCc2ccccc2)cc1,0.3333333333333333,unknown,unknown,10,34,0.06237803633394571,rank=40; completeness=0.3333333333333333; uncertainty=unknown; disagreement=unknown; new_scaffold=True; relative_cost=10.0,heuristic_priority_not_activity_probability_or_validated_information_gain
SP,ATP-HTVS-E3E3C457ADC4,41,C(=C\n1c(CCc2ccccc2)nc2ccccc21)/c1ccccn1,0.3333333333333333,unknown,unknown,10,35,0.06235354153908962,rank=41; completeness=0.3333333333333333; uncertainty=unknown; disagreement=unknown; new_scaffold=True; relative_cost=10.0,heuristic_priority_not_activity_probability_or_validated_information_gain
SP,ATP-HTVS-41EB9DEAB7C9,42,O=C(Nc1ccccc1)c1sc2ccccc2c1NCc1ccccc1,0.3333333333333333,unknown,unknown,10,36,0.06232904674423352,rank=42; completeness=0.3333333333333333; uncertainty=unknown; disagreement=unknown; new_scaffold=True; relative_cost=10.0,heuristic_priority_not_activity_probability_or_validated_information_gain
SP,ATP-HTVS-B989B97EF6F5,43,c1ccc(C[NH2+]Cc2ccc(COc3ccccc3)o2)cc1,0.3333333333333333,unknown,unknown,10,37,0.06230455194937742,rank=43; completeness=0.3333333333333333; uncertainty=unknown; disagreement=unknown; new_scaffold=True; relative_cost=10.0,heuristic_priority_not_activity_probability_or_validated_information_gain
SP,ATP-HTVS-DF8AF7E8BFB3,44,O=C1c2ccccc2[C@@H](C[NH2+]CCc2ccccc2)N1Cc1ccccc1,0.3333333333333333,unknown,unknown,10,38,0.062280057154521326,rank=44; completeness=0.3333333333333333; uncertainty=unknown; disagreement=unknown; new_scaffold=True; relative_cost=10.0,heuristic_priority_not_activity_probability_or_validated_information_gain
SP,ATP-HTVS-05A72EDFB57A,45,O=C1c2ccccc2[C@@H](C[NH2+]Cc2ccccc2)N1Cc1ccccc1,0.3333333333333333,unknown,unknown,10,39,0.06225556235966524,rank=45; completeness=0.3333333333333333; uncertainty=unknown; disagreement=unknown; new_scaffold=True; relative_cost=10.0,heuristic_priority_not_activity_probability_or_validated_information_gain
SP,ATP-HTVS-464DF81034BD,46,O=C(Nc1ccccc1)c1sc2ncccc2c1NCc1ccccc1,0.3333333333333333,unknown,unknown,10,40,0.06223106756480915,rank=46; completeness=0.3333333333333333; uncertainty=unknown; disagreement=unknown; new_scaffold=True; relative_cost=10.0,heuristic_priority_not_activity_probability_or_validated_information_gain
SP,ATP-HTVS-0F6915EAEEA3,47,c1ccc(C[NH2+]Cc2cn(Cc3ccccc3)nn2)cc1,0.3333333333333333,unknown,unknown,10,41,0.06220657276995306,rank=47; completeness=0.3333333333333333; uncertainty=unknown; disagreement=unknown; new_scaffold=True; relative_cost=10.0,heuristic_priority_not_activity_probability_or_validated_information_gain
SP,ATP-HTVS-B31ECD8B9A27,48,O=C(NCc1ccccc1)c1cc(-c2ccccn2)nc2ccccc12,0.3333333333333333,unknown,unknown,10,42,0.062182077975096964,rank=48; completeness=0.3333333333333333; uncertainty=unknown; disagreement=unknown; new_scaffold=True; relative_cost=10.0,heuristic_priority_not_activity_probability_or_validated_information_gain
SP,ATP-HTVS-6F07AE7177E0,50,O=C(NCCc1ccccc1)c1oc2ccccc2c1CSc1ccccc1,0.3333333333333333,unknown,unknown,10,43,0.06213308838538477,rank=50; completeness=0.3333333333333333; uncertainty=unknown; disagreement=unknown; new_scaffold=True; relative_cost=10.0,heuristic_priority_not_activity_probability_or_validated_information_gain
SP,ATP-HTVS-BDD1C4453981,51,c1ccc(C[NH2+]Cc2csc(Nc3ccccc3)n2)cc1,0.3333333333333333,unknown,unknown,10,44,0.062108593590528685,rank=51; completeness=0.3333333333333333; uncertainty=unknown; disagreement=unknown; new_scaffold=True; relative_cost=10.0,heuristic_priority_not_activity_probability_or_validated_information_gain
SP,ATP-HTVS-0FDC7A3FF1CA,52,c1ccc(C[NH2+]Cc2c[nH]nc2-c2ccccc2)cc1,0.3333333333333333,unknown,unknown,10,45,0.062084098795672595,rank=52; completeness=0.3333333333333333; uncertainty=unknown; disagreement=unknown; new_scaffold=True; relative_cost=10.0,heuristic_priority_not_activity_probability_or_validated_information_gain
SP,ATP-HTVS-397149B089BD,55,c1ccc(Cn2cc(C[NH2+]Cc3cccc4c3CCN4)c(-c3ccccc3)n2)cc1,0.3333333333333333,unknown,unknown,10,46,0.0620106144111043,rank=55; completeness=0.3333333333333333; uncertainty=unknown; disagreement=unknown; new_scaffold=True; relative_cost=10.0,heuristic_priority_not_activity_probability_or_validated_information_gain
SP,ATP-HTVS-83768D529230,57,O=C(Cc1cc(NCc2ccccc2)cs1)Nc1ccccc1,0.3333333333333333,unknown,unknown,10,47,0.06196162482139213,rank=57; completeness=0.3333333333333333; uncertainty=unknown; disagreement=unknown; new_scaffold=True; relative_cost=10.0,heuristic_priority_not_activity_probability_or_validated_information_gain
SP,ATP-HTVS-72BD9FFCF62D,60,c1ccc(CCNc2nc(NCc3ccccc3)c3ccccc3[nH+]2)cc1,0.3333333333333333,unknown,unknown,10,48,0.061888140436823835,rank=60; completeness=0.3333333333333333; uncertainty=unknown; disagreement=unknown; new_scaffold=True; relative_cost=10.0,heuristic_priority_not_activity_probability_or_validated_information_gain
SP,ATP-HTVS-69AD6B8D3733,61,c1ccc(Cn2c(C[NH2+]Cc3cccs3)nc3ccccc32)cc1,0.3333333333333333,unknown,unknown,10,49,0.061863645641967745,rank=61; completeness=0.3333333333333333; uncertainty=unknown; disagreement=unknown; new_scaffold=True; relative_cost=10.0,heuristic_priority_not_activity_probability_or_validated_information_gain
SP,ATP-HTVS-00C8034698A8,62,c1ccc(CC[NH2+]Cc2nc(-c3ccco3)n3ccccc23)cc1,0.3333333333333333,unknown,unknown,10,50,0.061839150847111654,rank=62; completeness=0.3333333333333333; uncertainty=unknown; disagreement=unknown; new_scaffold=True; relative_cost=10.0,heuristic_priority_not_activity_probability_or_validated_information_gain
SP,ATP-HTVS-BFD5BCAF9717,63,O=C(NNc1ccccc1)c1oc2ccccc2c1COc1ccccc1,0.3333333333333333,unknown,unknown,10,51,0.06181465605225557,rank=63; completeness=0.3333333333333333; uncertainty=unknown; disagreement=unknown; new_scaffold=True; relative_cost=10.0,heuristic_priority_not_activity_probability_or_validated_information_gain
SP,ATP-HTVS-C615FEE5992B,65,c1ccc(-c2cc(C[NH2+]Cc3cccnc3)nc3ccccc23)cc1,0.3333333333333333,unknown,unknown,10,52,0.061765666462543375,rank=65; completeness=0.3333333333333333; uncertainty=unknown; disagreement=unknown; new_scaffold=True; relative_cost=10.0,heuristic_priority_not_activity_probability_or_validated_information_gain
SP,ATP-HTVS-E7B44E0E6F2B,66,c1ccc(CNc2nc(NCc3ccccc3)c3ccccc3[nH+]2)cc1,0.3333333333333333,unknown,unknown,10,53,0.06174117166768728,rank=66; completeness=0.3333333333333333; uncertainty=unknown; disagreement=unknown; new_scaffold=True; relative_cost=10.0,heuristic_priority_not_activity_probability_or_validated_information_gain
SP,ATP-HTVS-C9013CEACAA9,69,C(#C[C@@H](NCc1ccccc1)c1csc2ccccc12)C[NH2+]Cc1ccccc1,0.3333333333333333,unknown,unknown,10,54,0.06166768728311901,rank=69; completeness=0.3333333333333333; uncertainty=unknown; disagreement=unknown; new_scaffold=True; relative_cost=10.0,heuristic_priority_not_activity_probability_or_validated_information_gain
SP,ATP-HTVS-6F858A0E8812,70,O=C1c2ccccc2[C@H](C[NH2+]Cc2ccccc2)N1Cc1ccccc1,0.3333333333333333,unknown,unknown,10,55,0.06164319248826292,rank=70; completeness=0.3333333333333333; uncertainty=unknown; disagreement=unknown; new_scaffold=True; relative_cost=10.0,heuristic_priority_not_activity_probability_or_validated_information_gain
SP,ATP-HTVS-869F8AF38162,72,O=C(Nc1ncc(NCCc2ccccc2)cc1-n1cccc1)c1ccccc1,0.3333333333333333,unknown,unknown,10,56,0.06159420289855072,rank=72; completeness=0.3333333333333333; uncertainty=unknown; disagreement=unknown; new_scaffold=True; relative_cost=10.0,heuristic_priority_not_activity_probability_or_validated_information_gain
SP,ATP-HTVS-ACBE41267A18,73,c1ccc(CCNc2nc(CCc3ccccc3)nc3ccccc23)cc1,0.3333333333333333,unknown,unknown,10,57,0.06156970810369463,rank=73; completeness=0.3333333333333333; uncertainty=unknown; disagreement=unknown; new_scaffold=True; relative_cost=10.0,heuristic_priority_not_activity_probability_or_validated_information_gain
SP,ATP-HTVS-4EF6126AB2D8,75,O=C(Nc1ccccc1)c1sc2ccccc2c1[NH2+]Cc1ccccc1,0.3333333333333333,unknown,unknown,10,58,0.061520718513982456,rank=75; completeness=0.3333333333333333; uncertainty=unknown; disagreement=unknown; new_scaffold=True; relative_cost=10.0,heuristic_priority_not_activity_probability_or_validated_information_gain
SP,ATP-HTVS-E80053830AA7,77,C(=NOCc1ccccc1)c1cn(Cc2ccccc2)nn1,0.3333333333333333,unknown,unknown,10,59,0.061471728924270254,rank=77; completeness=0.3333333333333333; uncertainty=unknown; disagreement=unknown; new_scaffold=True; relative_cost=10.0,heuristic_priority_not_activity_probability_or_validated_information_gain
SP,ATP-HTVS-985FC5CCBDCC,78,O=C(NCc1ccccc1)c1[nH]c2ccccc2c1C#CCc1ccccc1,0.3333333333333333,unknown,unknown,10,60,0.06144723412941416,rank=78; completeness=0.3333333333333333; uncertainty=unknown; disagreement=unknown; new_scaffold=True; relative_cost=10.0,heuristic_priority_not_activity_probability_or_validated_information_gain
SP,ATP-HTVS-EB0B96E798C5,80,c1ccc(Cn2c(CNc3ccccc3)[nH+]c3ccccc32)cc1,0.3333333333333333,unknown,unknown,10,61,0.06139824453970198,rank=80; completeness=0.3333333333333333; uncertainty=unknown; disagreement=unknown; new_scaffold=True; relative_cost=10.0,heuristic_priority_not_activity_probability_or_validated_information_gain
SP,ATP-HTVS-49D68E9248AF,81,c1ccc(C[NH2+]Cc2cc(OCc3ccccc3)c3ccccc3c2)cc1,0.3333333333333333,unknown,unknown,10,62,0.0613737497448459,rank=81; completeness=0.3333333333333333; uncertainty=unknown; disagreement=unknown; new_scaffold=True; relative_cost=10.0,heuristic_priority_not_activity_probability_or_validated_information_gain
SP,ATP-HTVS-011A966B3F21,84,c1ccc(CCC[NH2+][C@H](c2ccccn2)c2cc3ccccc3o2)cc1,0.3333333333333333,unknown,unknown,10,63,0.061300265360277606,rank=84; completeness=0.3333333333333333; uncertainty=unknown; disagreement=unknown; new_scaffold=True; relative_cost=10.0,heuristic_priority_not_activity_probability_or_validated_information_gain
SP,ATP-HTVS-3E71DFC624D6,85,O=C(CCc1ccc2c(c1)OCO2)Nc1c[nH+]c2ccccc2c1NCc1ccccc1,0.3333333333333333,unknown,unknown,10,64,0.061275770565421515,rank=85; completeness=0.3333333333333333; uncertainty=unknown; disagreement=unknown; new_scaffold=True; relative_cost=10.0,heuristic_priority_not_activity_probability_or_validated_information_gain
SP,ATP-HTVS-1ACF073F315C,86,c1ccc(C[NH2+]Cc2cn(Cc3ccccc3)nc2-c2ccccc2)cc1,0.3333333333333333,unknown,unknown,10,65,0.061251275770565425,rank=86; completeness=0.3333333333333333; uncertainty=unknown; disagreement=unknown; new_scaffold=True; relative_cost=10.0,heuristic_priority_not_activity_probability_or_validated_information_gain
SP,ATP-HTVS-44DE29768EEE,88,c1ccc(CCNc2nc(-c3ccccc3)c3ccccc3n2)cc1,0.3333333333333333,unknown,unknown,10,66,0.06120228618085324,rank=88; completeness=0.3333333333333333; uncertainty=unknown; disagreement=unknown; new_scaffold=True; relative_cost=10.0,heuristic_priority_not_activity_probability_or_validated_information_gain
SP,ATP-HTVS-5BE3914F361A,89,O=C(Cc1ccccc1)Nc1ncc(C#CC[NH2+]Cc2ccccc2)c2ccccc12,0.3333333333333333,unknown,unknown,10,67,0.06117779138599714,rank=89; completeness=0.3333333333333333; uncertainty=unknown; disagreement=unknown; new_scaffold=True; relative_cost=10.0,heuristic_priority_not_activity_probability_or_validated_information_gain
SP,ATP-HTVS-A3FFA90B66AA,90,c1ccc(CC[NH2+]Cc2nc3ccccc3n2Cc2ccccc2)cc1,0.3333333333333333,unknown,unknown,10,68,0.06115329659114105,rank=90; completeness=0.3333333333333333; uncertainty=unknown; disagreement=unknown; new_scaffold=True; relative_cost=10.0,heuristic_priority_not_activity_probability_or_validated_information_gain
SP,ATP-HTVS-5A2EB4E9D835,94,O=C(CNc1nc(NCc2ccccc2)c2ccccc2[nH+]1)Nc1ccccc1,0.3333333333333333,unknown,unknown,10,69,0.06105531741171667,rank=94; completeness=0.3333333333333333; uncertainty=unknown; disagreement=unknown; new_scaffold=True; relative_cost=10.0,heuristic_priority_not_activity_probability_or_validated_information_gain
SP,ATP-HTVS-4CFD3E435A48,97,c1ccc(CC[NH2+]Cc2cn(-c3ccccc3)nc2-c2ccncc2)cc1,0.3333333333333333,unknown,unknown,10,70,0.0609818330271484,rank=97; completeness=0.3333333333333333; uncertainty=unknown; disagreement=unknown; new_scaffold=True; relative_cost=10.0,heuristic_priority_not_activity_probability_or_validated_information_gain
SP,ATP-HTVS-8365FF7884A6,98,c1ccc(C[NH2+][C@@H](c2ccccn2)c2cc3ccccc3o2)cc1,0.3333333333333333,unknown,unknown,10,71,0.06095733823229231,rank=98; completeness=0.3333333333333333; uncertainty=unknown; disagreement=unknown; new_scaffold=True; relative_cost=10.0,heuristic_priority_not_activity_probability_or_validated_information_gain
SP,ATP-HTVS-442C36D59863,101,c1ccc(-n2c(CC[NH2+]Cc3ccc(N4CC[NH2+]CC4)cc3)nc3ccccc32)cc1,0.3333333333333333,unknown,unknown,10,72,0.060883853847724025,rank=101; completeness=0.3333333333333333; uncertainty=unknown; disagreement=unknown; new_scaffold=True; relative_cost=10.0,heuristic_priority_not_activity_probability_or_validated_information_gain
SP,ATP-HTVS-45A004EDB829,102,c1ccc(C[NH2+]Cc2cc(-c3ccccc3)c3ccccc3n2)cc1,0.3333333333333333,unknown,unknown,10,73,0.060859359052867934,rank=102; completeness=0.3333333333333333; uncertainty=unknown; disagreement=unknown; new_scaffold=True; relative_cost=10.0,heuristic_priority_not_activity_probability_or_validated_information_gain
SP,ATP-HTVS-D806BF0778F9,103,c1ccc(C[NH2+]Cc2cn(-c3ccccc3)nc2-c2ccccc2)cc1,0.3333333333333333,unknown,unknown,10,74,0.06083486425801184,rank=103; completeness=0.3333333333333333; uncertainty=unknown; disagreement=unknown; new_scaffold=True; relative_cost=10.0,heuristic_priority_not_activity_probability_or_validated_information_gain
SP,ATP-HTVS-37164D6EE04D,105,O=C(C[NH2+]Cc1ccccc1)N(Cc1ccccc1)c1nc2ccccc2s1,0.3333333333333333,unknown,unknown,10,75,0.060785874668299655,rank=105; completeness=0.3333333333333333; uncertainty=unknown; disagreement=unknown; new_scaffold=True; relative_cost=10.0,heuristic_priority_not_activity_probability_or_validated_information_gain
SP,ATP-HTVS-C3FA166C1ADD,110,c1ccc(CC[NH2+]Cc2c(OCc3ccccc3)ccc3ccccc23)cc1,0.3333333333333333,unknown,unknown,10,76,0.06066340069401919,rank=110; completeness=0.3333333333333333; uncertainty=unknown; disagreement=unknown; new_scaffold=True; relative_cost=10.0,heuristic_priority_not_activity_probability_or_validated_information_gain
SP,ATP-HTVS-C36315435956,112,c1ccc(C[NH2+]Cc2ccncc2OCc2ccccc2)cc1,0.3333333333333333,unknown,unknown,10,77,0.060614411104307,rank=112; completeness=0.3333333333333333; uncertainty=unknown; disagreement=unknown; new_scaffold=True; relative_cost=10.0,heuristic_priority_not_activity_probability_or_validated_information_gain
SP,ATP-HTVS-47220BE834AE,114,O=C(Nc1nc2ccccc2cc1NCc1ccccc1)c1ccccc1,0.3333333333333333,unknown,unknown,10,78,0.06056542151459482,rank=114; completeness=0.3333333333333333; uncertainty=unknown; disagreement=unknown; new_scaffold=True; relative_cost=10.0,heuristic_priority_not_activity_probability_or_validated_information_gain
SP,ATP-HTVS-917EA3B617CA,116,c1ccc(CNc2nc3ccccc3nc2NCc2ccccc2)cc1,0.3333333333333333,unknown,unknown,10,79,0.06051643192488263,rank=116; completeness=0.3333333333333333; uncertainty=unknown; disagreement=unknown; new_scaffold=True; relative_cost=10.0,heuristic_priority_not_activity_probability_or_validated_information_gain
SP,ATP-HTVS-FC732D287CB6,117,O=C(Cc1ccccc1)Nc1nc2ccccc2cc1NCc1ccccc1,0.3333333333333333,unknown,unknown,10,80,0.06049193713002653,rank=117; completeness=0.3333333333333333; uncertainty=unknown; disagreement=unknown; new_scaffold=True; relative_cost=10.0,heuristic_priority_not_activity_probability_or_validated_information_gain
SP,ATP-HTVS-2FDBF4F6464D,118,O=C(Cc1ccccc1)Nc1c(C#CCCc2ccccc2)cnc2ccccc12,0.3333333333333333,unknown,unknown,10,81,0.06046744233517044,rank=118; completeness=0.3333333333333333; uncertainty=unknown; disagreement=unknown; new_scaffold=True; relative_cost=10.0,heuristic_priority_not_activity_probability_or_validated_information_gain
SP,ATP-HTVS-43D1BB82511C,119,O=C(Nc1c[nH+]c2ccccc2c1NCc1ccccc1)c1cccc(C[NH+]2CCCC2)c1,0.3333333333333333,unknown,unknown,10,82,0.06044294754031435,rank=119; completeness=0.3333333333333333; uncertainty=unknown; disagreement=unknown; new_scaffold=True; relative_cost=10.0,heuristic_priority_not_activity_probability_or_validated_information_gain
SP,ATP-HTVS-F8C49F655F6D,121,O=C(CNc1ccccc1)Nc1nc2ccccc2cc1Nc1ccccc1,0.3333333333333333,unknown,unknown,10,83,0.06039395795060217,rank=121; completeness=0.3333333333333333; uncertainty=unknown; disagreement=unknown; new_scaffold=True; relative_cost=10.0,heuristic_priority_not_activity_probability_or_validated_information_gain
SP,ATP-HTVS-EFE421C91038,124,O=C(C#Cc1ccccc1)Nc1c[nH+]c2ccccc2c1NCc1ccccc1,0.3333333333333333,unknown,unknown,10,84,0.060320473566033886,rank=124; completeness=0.3333333333333333; uncertainty=unknown; disagreement=unknown; new_scaffold=True; relative_cost=10.0,heuristic_priority_not_activity_probability_or_validated_information_gain
SP,ATP-HTVS-57C145E4C4AF,125,O=C(Nc1c[nH+]c2ccccc2c1NCc1ccccc1)c1ccsc1,0.3333333333333333,unknown,unknown,10,85,0.060295978771177795,rank=125; completeness=0.3333333333333333; uncertainty=unknown; disagreement=unknown; new_scaffold=True; relative_cost=10.0,heuristic_priority_not_activity_probability_or_validated_information_gain
SP,ATP-HTVS-0CA591B42E29,126,C(#C[C@@H](NCc1ccccc1)c1coc2ccccc12)c1ccccc1,0.3333333333333333,unknown,unknown,10,86,0.060271483976321705,rank=126; completeness=0.3333333333333333; uncertainty=unknown; disagreement=unknown; new_scaffold=True; relative_cost=10.0,heuristic_priority_not_activity_probability_or_validated_information_gain
SP,ATP-HTVS-1DC16EDC7F4D,127,c1ccc(C[NH2+]Cc2c(-c3ccccc3)nc3ccccn23)cc1,0.3333333333333333,unknown,unknown,10,87,0.060246989181465614,rank=127; completeness=0.3333333333333333; uncertainty=unknown; disagreement=unknown; new_scaffold=True; relative_cost=10.0,heuristic_priority_not_activity_probability_or_validated_information_gain
SP,ATP-HTVS-ADC6A568E437,128,O=C(Cc1ccccc1)Nc1ccc(NCc2ccccc2)c[nH+]1,0.3333333333333333,unknown,unknown,10,88,0.06022249438660952,rank=128; completeness=0.3333333333333333; uncertainty=unknown; disagreement=unknown; new_scaffold=True; relative_cost=10.0,heuristic_priority_not_activity_probability_or_validated_information_gain
SP,ATP-HTVS-651F2B2980F4,129,c1ccc(C[NH2+]C[C@H](c2cccs2)c2c[nH]c3ccccc23)cc1,0.3333333333333333,unknown,unknown,10,89,0.06019799959175341,rank=129; completeness=0.3333333333333333; uncertainty=unknown; disagreement=unknown; new_scaffold=True; relative_cost=10.0,heuristic_priority_not_activity_probability_or_validated_information_gain
SP,ATP-HTVS-A9326BC55FC3,130,O=C(Nc1ccccc1)c1ccnc(Nc2ccccc2)c1,0.3333333333333333,unknown,unknown,10,90,0.06017350479689733,rank=130; completeness=0.3333333333333333; uncertainty=unknown; disagreement=unknown; new_scaffold=True; relative_cost=10.0,heuristic_priority_not_activity_probability_or_validated_information_gain
SP,ATP-HTVS-800B0B068CC6,131,c1ccc(CNCc2ccc(OCc3ccccc3)cc2)cc1,0.3333333333333333,unknown,unknown,10,91,0.06014901000204124,rank=131; completeness=0.3333333333333333; uncertainty=unknown; disagreement=unknown; new_scaffold=True; relative_cost=10.0,heuristic_priority_not_activity_probability_or_validated_information_gain
SP,ATP-HTVS-B847417F307C,132,O=C(Cc1ccccc1)Nc1cnc2ccccc2c1C#CC(=O)c1ccccc1,0.3333333333333333,unknown,unknown,10,92,0.06012451520718515,rank=132; completeness=0.3333333333333333; uncertainty=unknown; disagreement=unknown; new_scaffold=True; relative_cost=10.0,heuristic_priority_not_activity_probability_or_validated_information_gain
SP,ATP-HTVS-FDB0F1EC6F74,133,O=C1CN(Cc2ccccc2)[C@@H](c2ccccc2)c2ccccc2N1,0.3333333333333333,unknown,unknown,10,93,0.06010002041232905,rank=133; completeness=0.3333333333333333; uncertainty=unknown; disagreement=unknown; new_scaffold=True; relative_cost=10.0,heuristic_priority_not_activity_probability_or_validated_information_gain
SP,ATP-HTVS-D4C1A78D47F2,135,c1ccc(CC[NH2+]Cc2cn(-c3ccccc3)nc2-c2cccnc2)cc1,0.3333333333333333,unknown,unknown,10,94,0.060051030822616855,rank=135; completeness=0.3333333333333333; uncertainty=unknown; disagreement=unknown; new_scaffold=True; relative_cost=10.0,heuristic_priority_not_activity_probability_or_validated_information_gain
SP,ATP-HTVS-B7368E70BBC8,136,c1ccc(CC[NH2+]Cc2ccc(OCc3ccccc3)cn2)cc1,0.3333333333333333,unknown,unknown,10,95,0.06002653602776077,rank=136; completeness=0.3333333333333333; uncertainty=unknown; disagreement=unknown; new_scaffold=True; relative_cost=10.0,heuristic_priority_not_activity_probability_or_validated_information_gain
SP,ATP-HTVS-D190FC844C9E,137,O=C(Nc1ccccc1)c1cc(Nc2ccccc2)ccn1,0.3333333333333333,unknown,unknown,10,96,0.06000204123290468,rank=137; completeness=0.3333333333333333; uncertainty=unknown; disagreement=unknown; new_scaffold=True; relative_cost=10.0,heuristic_priority_not_activity_probability_or_validated_information_gain
SP,ATP-HTVS-6227313DC6E5,139,O=C(Cc1ccccc1)Nc1c(NCc2ccccc2)cnc2ccccc12,0.3333333333333333,unknown,unknown,10,97,0.05995305164319249,rank=139; completeness=0.3333333333333333; uncertainty=unknown; disagreement=unknown; new_scaffold=True; relative_cost=10.0,heuristic_priority_not_activity_probability_or_validated_information_gain
SP,ATP-HTVS-47675EC0C4D5,140,c1ccc(CC[NH2+]Cc2ccc(OCc3ccccc3)c(OCc3ccccc3)c2)cc1,0.3333333333333333,unknown,unknown,10,98,0.0599285568483364,rank=140; completeness=0.3333333333333333; uncertainty=unknown; disagreement=unknown; new_scaffold=True; relative_cost=10.0,heuristic_priority_not_activity_probability_or_validated_information_gain
SP,ATP-HTVS-43DEA6C9D172,142,O=C1c2ccccc2[C@H](C[NH2+]Cc2cccc3c2NCCC3)N1Cc1ccccc1,0.3333333333333333,unknown,unknown,10,99,0.059879567258624214,rank=142; completeness=0.3333333333333333; uncertainty=unknown; disagreement=unknown; new_scaffold=True; relative_cost=10.0,heuristic_priority_not_activity_probability_or_validated_information_gain
SP,ATP-HTVS-4DE86EAA2D32,143,C(#C[C@H](NCc1ccccc1)c1[nH+]ccn1OCc1ccccc1)c1ccncc1,0.3333333333333333,unknown,unknown,10,100,0.05985507246376812,rank=143; completeness=0.3333333333333333; uncertainty=unknown; disagreement=unknown; new_scaffold=True; relative_cost=10.0,heuristic_priority_not_activity_probability_or_validated_information_gain
SP,ATP-HTVS-EFBD886B8952,149,c1ccc(C[NH2+]Cc2ccc(Nc3ccccc3)nc2)cc1,0.3333333333333333,unknown,unknown,10,101,0.059708103694631566,rank=149; completeness=0.3333333333333333; uncertainty=unknown; disagreement=unknown; new_scaffold=True; relative_cost=10.0,heuristic_priority_not_activity_probability_or_validated_information_gain
SP,ATP-HTVS-E124973F868C,150,O=C(NCc1sc2ccccc2c1NCc1ccccc1)c1ccccc1,0.3333333333333333,unknown,unknown,10,102,0.05968360889977546,rank=150; completeness=0.3333333333333333; uncertainty=unknown; disagreement=unknown; new_scaffold=True; relative_cost=10.0,heuristic_priority_not_activity_probability_or_validated_information_gain
SP,ATP-HTVS-3B591F4F1DA1,152,c1ccc(CCNc2cc(-c3ccccc3)[nH+]c3ccccc23)cc1,0.3333333333333333,unknown,unknown,10,103,0.05963461931006329,rank=152; completeness=0.3333333333333333; uncertainty=unknown; disagreement=unknown; new_scaffold=True; relative_cost=10.0,heuristic_priority_not_activity_probability_or_validated_information_gain
SP,ATP-HTVS-DC6B7BCD18A9,155,c1ccc(C[NH2+]CCc2ccc3ccccc3c2)cc1,0.3333333333333333,unknown,unknown,10,104,0.05956113492549501,rank=155; completeness=0.3333333333333333; uncertainty=unknown; disagreement=unknown; new_scaffold=True; relative_cost=10.0,heuristic_priority_not_activity_probability_or_validated_information_gain
SP,ATP-HTVS-6F1494FEFC60,156,O=C(Cc1ccccc1)Nc1c(C#CC[NH2+]Cc2ccccc2)cnc2ccccc12,0.3333333333333333,unknown,unknown,10,105,0.059536640130638904,rank=156; completeness=0.3333333333333333; uncertainty=unknown; disagreement=unknown; new_scaffold=True; relative_cost=10.0,heuristic_priority_not_activity_probability_or_validated_information_gain
SP,ATP-HTVS-DD420CB019C5,159,c1ccc(Cn2c(C[NH2+]Cc3cccc4c3NCCC4)nc3ccccc32)cc1,0.3333333333333333,unknown,unknown,10,106,0.05946315574607064,rank=159; completeness=0.3333333333333333; uncertainty=unknown; disagreement=unknown; new_scaffold=True; relative_cost=10.0,heuristic_priority_not_activity_probability_or_validated_information_gain
SP,ATP-HTVS-B6C483C4EE45,160,O=C(Nc1ccccc1)c1sccc1NCc1ccccc1,0.3333333333333333,unknown,unknown,10,107,0.05943866095121454,rank=160; completeness=0.3333333333333333; uncertainty=unknown; disagreement=unknown; new_scaffold=True; relative_cost=10.0,heuristic_priority_not_activity_probability_or_validated_information_gain
SP,ATP-HTVS-B4FC20780B21,161,c1ccc(C[NH2+]Cc2csc(-c3ccccc3)n2)cc1,0.3333333333333333,unknown,unknown,10,108,0.05941416615635845,rank=161; completeness=0.3333333333333333; uncertainty=unknown; disagreement=unknown; new_scaffold=True; relative_cost=10.0,heuristic_priority_not_activity_probability_or_validated_information_gain
SP,ATP-HTVS-08266C4344A3,162,O=C(Nc1c(C#CCCc2ccccc2)cnc2ccccc12)c1ccccc1,0.3333333333333333,unknown,unknown,10,109,0.05938967136150235,rank=162; completeness=0.3333333333333333; uncertainty=unknown; disagreement=unknown; new_scaffold=True; relative_cost=10.0,heuristic_priority_not_activity_probability_or_validated_information_gain
SP,ATP-HTVS-AB5D2E649063,165,O=C(Cc1ccccc1)Nc1cc(NCc2ccccc2)cc[nH+]1,0.3333333333333333,unknown,unknown,10,110,0.05931618697693407,rank=165; completeness=0.3333333333333333; uncertainty=unknown; disagreement=unknown; new_scaffold=True; relative_cost=10.0,heuristic_priority_not_activity_probability_or_validated_information_gain
SP,ATP-HTVS-FD8D954BBECF,166,c1ccc(C[NH2+]Cc2c(-c3ccccc3)nn3ccccc23)cc1,0.3333333333333333,unknown,unknown,10,111,0.059291692182077985,rank=166; completeness=0.3333333333333333; uncertainty=unknown; disagreement=unknown; new_scaffold=True; relative_cost=10.0,heuristic_priority_not_activity_probability_or_validated_information_gain
SP,ATP-HTVS-190A8EA9B17C,167,c1ccc(C[NH2+]Cc2nc(-c3ccccc3)cs2)cc1,0.3333333333333333,unknown,unknown,10,112,0.05926719738722188,rank=167; completeness=0.3333333333333333; uncertainty=unknown; disagreement=unknown; new_scaffold=True; relative_cost=10.0,heuristic_priority_not_activity_probability_or_validated_information_gain
SP,ATP-HTVS-F53B308249C7,170,c1ccc(CNc2csc(-c3ccccc3)n2)cc1,0.3333333333333333,unknown,unknown,10,113,0.059193713002653615,rank=170; completeness=0.3333333333333333; uncertainty=unknown; disagreement=unknown; new_scaffold=True; relative_cost=10.0,heuristic_priority_not_activity_probability_or_validated_information_gain
SP,ATP-HTVS-E08CF4D489F1,171,C(=N\n1cc(-c2ccccc2)[nH+]c1Nc1ccccc1)/c1ccccc1,0.3333333333333333,unknown,unknown,10,114,0.05916921820779751,rank=171; completeness=0.3333333333333333; uncertainty=unknown; disagreement=unknown; new_scaffold=True; relative_cost=10.0,heuristic_priority_not_activity_probability_or_validated_information_gain
SP,ATP-HTVS-7DE5D821A3A4,172,O=C(NCc1ccccc1)c1cc(-c2ccccc2)nc2ccccc12,0.3333333333333333,unknown,unknown,10,115,0.05914472341294143,rank=172; completeness=0.3333333333333333; uncertainty=unknown; disagreement=unknown; new_scaffold=True; relative_cost=10.0,heuristic_priority_not_activity_probability_or_validated_information_gain
SP,ATP-HTVS-64F4A1A461ED,174,C(#C[C@@H](NCc1ccccc1)c1[nH+]ccn1OCc1ccccc1)c1ccncc1,0.3333333333333333,unknown,unknown,10,116,0.05909573382322923,rank=174; completeness=0.3333333333333333; uncertainty=unknown; disagreement=unknown; new_scaffold=True; relative_cost=10.0,heuristic_priority_not_activity_probability_or_validated_information_gain
SP,ATP-HTVS-159959ECB567,175,O=C(Nc1c[nH+]c2ccccc2c1NCc1ccccc1)c1ccccc1,0.3333333333333333,unknown,unknown,10,117,0.05907123902837315,rank=175; completeness=0.3333333333333333; uncertainty=unknown; disagreement=unknown; new_scaffold=True; relative_cost=10.0,heuristic_priority_not_activity_probability_or_validated_information_gain
SP,ATP-HTVS-7AEE8A51E1B1,176,c1ccc(CNc2nc(-c3ccccc3)nc3ccccc23)cc1,0.3333333333333333,unknown,unknown,10,118,0.059046744233517044,rank=176; completeness=0.3333333333333333; uncertainty=unknown; disagreement=unknown; new_scaffold=True; relative_cost=10.0,heuristic_priority_not_activity_probability_or_validated_information_gain
SP,ATP-HTVS-C2A68E9F7CC7,178,c1ccc(C[NH2+]Cc2c(OCc3ccccc3)ccc3ccccc23)cc1,0.3333333333333333,unknown,unknown,10,119,0.05899775464380487,rank=178; completeness=0.3333333333333333; uncertainty=unknown; disagreement=unknown; new_scaffold=True; relative_cost=10.0,heuristic_priority_not_activity_probability_or_validated_information_gain
SP,ATP-HTVS-9352BEE24C86,179,c1ccc(Cc2cccc(NCc3ccc(N4CC[NH2+]CC4)cc3)n2)cc1,0.3333333333333333,unknown,unknown,10,120,0.058973259848948766,rank=179; completeness=0.3333333333333333; uncertainty=unknown; disagreement=unknown; new_scaffold=True; relative_cost=10.0,heuristic_priority_not_activity_probability_or_validated_information_gain
SP,ATP-HTVS-EAD1C8AFD4A9,181,c1ccc(-n2cc(C[NH2+]Cc3cccc(C[NH+]4CCCC4)c3)c(-c3ccncc3)n2)cc1,0.3333333333333333,unknown,unknown,10,121,0.05892427025923659,rank=181; completeness=0.3333333333333333; uncertainty=unknown; disagreement=unknown; new_scaffold=True; relative_cost=10.0,heuristic_priority_not_activity_probability_or_validated_information_gain
SP,ATP-HTVS-F3E91D83A828,182,O=C(NCc1ccccc1)c1cnc2ccccc2c1NCc1ccccc1,0.3333333333333333,unknown,unknown,10,122,0.05889977546438049,rank=182; completeness=0.3333333333333333; uncertainty=unknown; disagreement=unknown; new_scaffold=True; relative_cost=10.0,heuristic_priority_not_activity_probability_or_validated_information_gain
SP,ATP-HTVS-2A14F6A33EFE,183,c1ccc(CCNc2cc(-c3cccnc3)[nH+]c3ccccc23)cc1,0.3333333333333333,unknown,unknown,10,123,0.058875280669524396,rank=183; completeness=0.3333333333333333; uncertainty=unknown; disagreement=unknown; new_scaffold=True; relative_cost=10.0,heuristic_priority_not_activity_probability_or_validated_information_gain
SP,ATP-HTVS-8D6261309289,184,O=C(Nc1ccccc1)c1cnc2ccccc2c1Nc1ccccc1,0.3333333333333333,unknown,unknown,10,124,0.05885078587466831,rank=184; completeness=0.3333333333333333; uncertainty=unknown; disagreement=unknown; new_scaffold=True; relative_cost=10.0,heuristic_priority_not_activity_probability_or_validated_information_gain
SP,ATP-HTVS-CE83EECF0A09,187,c1ccc(CCNCc2nc3ccccc3n2Cc2ccccc2)cc1,0.3333333333333333,unknown,unknown,10,125,0.058777301490100034,rank=187; completeness=0.3333333333333333; uncertainty=unknown; disagreement=unknown; new_scaffold=True; relative_cost=10.0,heuristic_priority_not_activity_probability_or_validated_information_gain
SP,ATP-HTVS-6FE04A77CC41,188,O=C(Nc1ncc(NCc2ccccc2)c2ccccc12)c1ccccc1,0.3333333333333333,unknown,unknown,10,126,0.05875280669524393,rank=188; completeness=0.3333333333333333; uncertainty=unknown; disagreement=unknown; new_scaffold=True; relative_cost=10.0,heuristic_priority_not_activity_probability_or_validated_information_gain
SP,ATP-HTVS-D0CA976BC689,190,c1ccc(CCNc2nc(NCc3ccccc3)[nH+]c3ccccc23)cc1,0.3333333333333333,unknown,unknown,10,127,0.05870381710553174,rank=190; completeness=0.3333333333333333; uncertainty=unknown; disagreement=unknown; new_scaffold=True; relative_cost=10.0,heuristic_priority_not_activity_probability_or_validated_information_gain
SP,ATP-HTVS-52F407909F9A,191,c1ccc(CCc2cc(-c3ccccn3)nc3ccccc23)cc1,0.3333333333333333,unknown,unknown,10,128,0.05867932231067565,rank=191; completeness=0.3333333333333333; uncertainty=unknown; disagreement=unknown; new_scaffold=True; relative_cost=10.0,heuristic_priority_not_activity_probability_or_validated_information_gain
SP,ATP-HTVS-D4F4D34A0DC7,193,c1ccc(CCNc2cc(COc3ccccc3)[nH+]c3ccccc23)cc1,0.3333333333333333,unknown,unknown,10,129,0.05863033272096348,rank=193; completeness=0.3333333333333333; uncertainty=unknown; disagreement=unknown; new_scaffold=True; relative_cost=10.0,heuristic_priority_not_activity_probability_or_validated_information_gain
SP,ATP-HTVS-99E4671812AC,194,O=C(Nc1nc2ccccc2cc1Nc1ccccc1)c1ccccc1,0.3333333333333333,unknown,unknown,10,130,0.05860583792610737,rank=194; completeness=0.3333333333333333; uncertainty=unknown; disagreement=unknown; new_scaffold=True; relative_cost=10.0,heuristic_priority_not_activity_probability_or_validated_information_gain
SP,ATP-HTVS-3B1236037689,197,O=C(CNc1c(NC(=O)c2ccccc2)c[nH+]c2ccccc12)c1ccccc1,0.3333333333333333,unknown,unknown,10,131,0.058532353541539094,rank=197; completeness=0.3333333333333333; uncertainty=unknown; disagreement=unknown; new_scaffold=True; relative_cost=10.0,heuristic_priority_not_activity_probability_or_validated_information_gain
SP,ATP-HTVS-0AE85D2EF5B8,199,O=C(Nc1ncc(C#Cc2ccccc2)nc1-c1ccccc1)c1ccccc1,0.3333333333333333,unknown,unknown,10,132,0.058483363951826906,rank=199; completeness=0.3333333333333333; uncertainty=unknown; disagreement=unknown; new_scaffold=True; relative_cost=10.0,heuristic_priority_not_activity_probability_or_validated_information_gain
SP,ATP-HTVS-F8CA9C936D19,202,O=C(Cc1nc(C[NH2+]Cc2ccccc2)cs1)Nc1ccccc1,0.3333333333333333,unknown,unknown,10,133,0.05840987956725863,rank=202; completeness=0.3333333333333333; uncertainty=unknown; disagreement=unknown; new_scaffold=True; relative_cost=10.0,heuristic_priority_not_activity_probability_or_validated_information_gain
SP,ATP-HTVS-B4F34B52DEEF,203,O=C(Cc1ccccc1)Nc1cnc2ccccc2c1C#CC[NH2+]Cc1ccccc1,0.3333333333333333,unknown,unknown,10,134,0.058385384772402536,rank=203; completeness=0.3333333333333333; uncertainty=unknown; disagreement=unknown; new_scaffold=True; relative_cost=10.0,heuristic_priority_not_activity_probability_or_validated_information_gain
SP,ATP-HTVS-2F483D9FE7EF,204,O=C(Nc1ccccc1)c1c[nH]c2ccccc2/c1=[NH+]/CCc1ccccc1,0.3333333333333333,unknown,unknown,10,135,0.058360889977546446,rank=204; completeness=0.3333333333333333; uncertainty=unknown; disagreement=unknown; new_scaffold=True; relative_cost=10.0,heuristic_priority_not_activity_probability_or_validated_information_gain
SP,ATP-HTVS-B77025854F9D,205,O=C1[C@@H]([NH2+]CCc2ccccc2)c2ccccc2N1Cc1ccccc1,0.3333333333333333,unknown,unknown,10,136,0.05833639518269035,rank=205; completeness=0.3333333333333333; uncertainty=unknown; disagreement=unknown; new_scaffold=True; relative_cost=10.0,heuristic_priority_not_activity_probability_or_validated_information_gain
SP,ATP-HTVS-FA0319FBED9B,206,O=C(Nc1ccccc1)c1c[nH+]c2ccccc2c1NCc1ccccc1,0.3333333333333333,unknown,unknown,10,137,0.05831190038783426,rank=206; completeness=0.3333333333333333; uncertainty=unknown; disagreement=unknown; new_scaffold=True; relative_cost=10.0,heuristic_priority_not_activity_probability_or_validated_information_gain
SP,ATP-HTVS-512DB2E888C1,208,O=C(Nc1cnc2ccccc2c1C#CCCc1ccccc1)c1ccccc1,0.3333333333333333,unknown,unknown,10,138,0.05826291079812207,rank=208; completeness=0.3333333333333333; uncertainty=unknown; disagreement=unknown; new_scaffold=True; relative_cost=10.0,heuristic_priority_not_activity_probability_or_validated_information_gain
SP,ATP-HTVS-8FAC22D1DEE3,209,O=C(NCc1ccccc1)c1cc(Nc2ccccc2)cs1,0.3333333333333333,unknown,unknown,10,139,0.05823841600326598,rank=209; completeness=0.3333333333333333; uncertainty=unknown; disagreement=unknown; new_scaffold=True; relative_cost=10.0,heuristic_priority_not_activity_probability_or_validated_information_gain
SP,ATP-HTVS-C9CB4EF32822,213,c1ccc(CNc2nc(-c3ccccc3)cs2)cc1,0.3333333333333333,unknown,unknown,10,140,0.0581404368238416,rank=213; completeness=0.3333333333333333; uncertainty=unknown; disagreement=unknown; new_scaffold=True; relative_cost=10.0,heuristic_priority_not_activity_probability_or_validated_information_gain
SP,ATP-HTVS-93CB38BE3680,215,O=C(Nc1ccccc1)c1cc(-c2ccncc2)nc2ccccc12,0.3333333333333333,unknown,unknown,10,141,0.05809144723412942,rank=215; completeness=0.3333333333333333; uncertainty=unknown; disagreement=unknown; new_scaffold=True; relative_cost=10.0,heuristic_priority_not_activity_probability_or_validated_information_gain
SP,ATP-HTVS-4CC80B7019B2,220,c1ccc(C[NH2+]Cc2cnc(-c3ccccc3)s2)cc1,0.3333333333333333,unknown,unknown,10,142,0.057968973259848955,rank=220; completeness=0.3333333333333333; uncertainty=unknown; disagreement=unknown; new_scaffold=True; relative_cost=10.0,heuristic_priority_not_activity_probability_or_validated_information_gain
SP,ATP-HTVS-7752C713B971,222,O=C(Nc1ccccc1)c1cnc(NCCc2ccccc2)c2ccccc12,0.3333333333333333,unknown,unknown,10,143,0.05791998367013677,rank=222; completeness=0.3333333333333333; uncertainty=unknown; disagreement=unknown; new_scaffold=True; relative_cost=10.0,heuristic_priority_not_activity_probability_or_validated_information_gain
SP,ATP-HTVS-7AB1442FC022,223,c1ccc(C[NH2+]Cc2nc3ccccc3n2Cc2ccccc2)cc1,0.3333333333333333,unknown,unknown,10,144,0.057895488875280676,rank=223; completeness=0.3333333333333333; uncertainty=unknown; disagreement=unknown; new_scaffold=True; relative_cost=10.0,heuristic_priority_not_activity_probability_or_validated_information_gain
SP,ATP-HTVS-0F900EB338B9,224,O=C(CNc1ccccc1)Nc1c(Nc2ccccc2)cnc2ccccc12,0.3333333333333333,unknown,unknown,10,145,0.05787099408042458,rank=224; completeness=0.3333333333333333; uncertainty=unknown; disagreement=unknown; new_scaffold=True; relative_cost=10.0,heuristic_priority_not_activity_probability_or_validated_information_gain
SP,ATP-HTVS-5801E8FB792E,225,c1ccc(C[NH2+]Cc2cn(-c3ccccc3)nc2-c2cccnc2)cc1,0.3333333333333333,unknown,unknown,10,146,0.05784649928556849,rank=225; completeness=0.3333333333333333; uncertainty=unknown; disagreement=unknown; new_scaffold=True; relative_cost=10.0,heuristic_priority_not_activity_probability_or_validated_information_gain
SP,ATP-HTVS-5E561F95C670,226,O=C(Nc1ccccc1)c1cc(-c2ccccn2)nc2ccccc12,0.3333333333333333,unknown,unknown,10,147,0.0578220044907124,rank=226; completeness=0.3333333333333333; uncertainty=unknown; disagreement=unknown; new_scaffold=True; relative_cost=10.0,heuristic_priority_not_activity_probability_or_validated_information_gain
SP,ATP-HTVS-B7334B97F240,227,O=C(/N=c1\[nH]cc(NCc2ccccc2)cc1-n1cccc1)c1ccccc1,0.3333333333333333,unknown,unknown,10,148,0.05779750969585631,rank=227; completeness=0.3333333333333333; uncertainty=unknown; disagreement=unknown; new_scaffold=True; relative_cost=10.0,heuristic_priority_not_activity_probability_or_validated_information_gain
SP,ATP-HTVS-A5C0EA33BE09,228,c1ccc(C[NH2+]Cc2c(-c3ccccc3)[nH]c3ccccc23)cc1,0.3333333333333333,unknown,unknown,10,149,0.05777301490100021,rank=228; completeness=0.3333333333333333; uncertainty=unknown; disagreement=unknown; new_scaffold=True; relative_cost=10.0,heuristic_priority_not_activity_probability_or_validated_information_gain
SP,ATP-HTVS-C12B4C379970,233,c1ccc(CNCc2cc(-c3ccccc3)c3ccccc3n2)cc1,0.3333333333333333,unknown,unknown,10,150,0.05765054092671974,rank=233; completeness=0.3333333333333333; uncertainty=unknown; disagreement=unknown; new_scaffold=True; relative_cost=10.0,heuristic_priority_not_activity_probability_or_validated_information_gain
SP,ATP-HTVS-87F6BDFAEB44,238,O=c1ccc2c(NCCc3ccccc3)cc(COc3ccccc3)[nH]c-2c1,0.3333333333333333,unknown,unknown,10,151,0.05752806695243928,rank=238; completeness=0.3333333333333333; uncertainty=unknown; disagreement=unknown; new_scaffold=True; relative_cost=10.0,heuristic_priority_not_activity_probability_or_validated_information_gain
SP,ATP-HTVS-469EEFA86A0D,239,O=c1c2ccccc2ccn1CCC[NH2+]Cc1ccccc1,0.3333333333333333,unknown,unknown,10,152,0.057503572157583185,rank=239; completeness=0.3333333333333333; uncertainty=unknown; disagreement=unknown; new_scaffold=True; relative_cost=10.0,heuristic_priority_not_activity_probability_or_validated_information_gain
SP,ATP-HTVS-2E3E6C1A8749,241,O=C(Cc1ccccc1)NCc1sc2ccccc2c1NCc1ccccc1,0.3333333333333333,unknown,unknown,10,153,0.057454582567871004,rank=241; completeness=0.3333333333333333; uncertainty=unknown; disagreement=unknown; new_scaffold=True; relative_cost=10.0,heuristic_priority_not_activity_probability_or_validated_information_gain
SP,ATP-HTVS-6D4BCDFA1C91,242,O=C(Cc1ccccc1)Nc1nc2ccccc2cc1NCCc1ccccc1,0.3333333333333333,unknown,unknown,10,154,0.05743008777301491,rank=242; completeness=0.3333333333333333; uncertainty=unknown; disagreement=unknown; new_scaffold=True; relative_cost=10.0,heuristic_priority_not_activity_probability_or_validated_information_gain
SP,ATP-HTVS-EC4610FFE6DC,243,c1ccc(CC[NH2+]Cc2c[nH]nc2-c2ccccc2)cc1,0.3333333333333333,unknown,unknown,10,155,0.057405592978158816,rank=243; completeness=0.3333333333333333; uncertainty=unknown; disagreement=unknown; new_scaffold=True; relative_cost=10.0,heuristic_priority_not_activity_probability_or_validated_information_gain
SP,ATP-HTVS-A1F737581FBF,244,c1ccc(C[NH2+]CCc2nc3ccccc3n2Cc2ccccc2)cc1,0.3333333333333333,unknown,unknown,10,156,0.057381098183302726,rank=244; completeness=0.3333333333333333; uncertainty=unknown; disagreement=unknown; new_scaffold=True; relative_cost=10.0,heuristic_priority_not_activity_probability_or_validated_information_gain
SP,ATP-HTVS-2C72C850E8DC,245,O=C(NCc1ccccc1)NC[C@H]1c2ccccc2C(=O)N1Cc1ccccc1,0.3333333333333333,unknown,unknown,10,157,0.05735660338844663,rank=245; completeness=0.3333333333333333; uncertainty=unknown; disagreement=unknown; new_scaffold=True; relative_cost=10.0,heuristic_priority_not_activity_probability_or_validated_information_gain
SP,ATP-HTVS-247B97B4CA47,249,c1ccc(NCc2cccc3ccccc23)cc1,0.3333333333333333,unknown,unknown,10,158,0.05725862420902226,rank=249; completeness=0.3333333333333333; uncertainty=unknown; disagreement=unknown; new_scaffold=True; relative_cost=10.0,heuristic_priority_not_activity_probability_or_validated_information_gain
SP,ATP-HTVS-67024B617AFA,250,O=C(Cc1ccccc1)NCc1sc2ccccc2c1C#CC[NH2+]Cc1ccccc1,0.3333333333333333,unknown,unknown,10,159,0.05723412941416617,rank=250; completeness=0.3333333333333333; uncertainty=unknown; disagreement=unknown; new_scaffold=True; relative_cost=10.0,heuristic_priority_not_activity_probability_or_validated_information_gain
SP,ATP-HTVS-D773B3DD8BD5,251,O=C(Nc1c[nH+]c2ccccc2c1NCCc1ccccc1)c1ccccc1,0.3333333333333333,unknown,unknown,10,160,0.05720963461931007,rank=251; completeness=0.3333333333333333; uncertainty=unknown; disagreement=unknown; new_scaffold=True; relative_cost=10.0,heuristic_priority_not_activity_probability_or_validated_information_gain
SP,ATP-HTVS-6C953A1E72F9,252,O=C(NCc1sc2ccccc2c1NCCc1ccccc1)c1ccccc1,0.3333333333333333,unknown,unknown,10,161,0.05718513982445398,rank=252; completeness=0.3333333333333333; uncertainty=unknown; disagreement=unknown; new_scaffold=True; relative_cost=10.0,heuristic_priority_not_activity_probability_or_validated_information_gain
SP,ATP-HTVS-3C5237794D05,253,O=C(Nc1ccccc1)c1cc(-c2cccnc2)nc2ccccc12,0.3333333333333333,unknown,unknown,10,162,0.057160645029597876,rank=253; completeness=0.3333333333333333; uncertainty=unknown; disagreement=unknown; new_scaffold=True; relative_cost=10.0,heuristic_priority_not_activity_probability_or_validated_information_gain
SP,ATP-HTVS-C1AB9EDC96AF,254,O=C(NCc1ccccc1)c1cn(-c2ccccc2)c(=O)c2ccccc12,0.3333333333333333,unknown,unknown,10,163,0.05713615023474179,rank=254; completeness=0.3333333333333333; uncertainty=unknown; disagreement=unknown; new_scaffold=True; relative_cost=10.0,heuristic_priority_not_activity_probability_or_validated_information_gain
SP,ATP-HTVS-54E64C0F11AA,255,O=C(NCc1ccccc1)c1cscc1NCc1ccccc1,0.3333333333333333,unknown,unknown,10,164,0.0571116554398857,rank=255; completeness=0.3333333333333333; uncertainty=unknown; disagreement=unknown; new_scaffold=True; relative_cost=10.0,heuristic_priority_not_activity_probability_or_validated_information_gain
SP,ATP-HTVS-4AF467728185,257,O=C(NCc1ccccc1)c1cc(-c2ccncc2)nc2ccccc12,0.3333333333333333,unknown,unknown,10,165,0.05706266585017351,rank=257; completeness=0.3333333333333333; uncertainty=unknown; disagreement=unknown; new_scaffold=True; relative_cost=10.0,heuristic_priority_not_activity_probability_or_validated_information_gain
SP,ATP-HTVS-555FA00075E9,258,O=C(CCc1ccccc1)Nc1c[nH+]c2ccccc2c1NCc1ccccc1,0.3333333333333333,unknown,unknown,10,166,0.05703817105531742,rank=258; completeness=0.3333333333333333; uncertainty=unknown; disagreement=unknown; new_scaffold=True; relative_cost=10.0,heuristic_priority_not_activity_probability_or_validated_information_gain
SP,ATP-HTVS-AD7D334F30DB,260,O=C(Nc1nc2ccccc2cc1C#CCCc1ccccc1)c1ccccc1,0.3333333333333333,unknown,unknown,10,167,0.056989181465605235,rank=260; completeness=0.3333333333333333; uncertainty=unknown; disagreement=unknown; new_scaffold=True; relative_cost=10.0,heuristic_priority_not_activity_probability_or_validated_information_gain
SP,ATP-HTVS-EF0129487CC6,263,O=C(Nc1ccc(Cc2ccccc2)c(-c2ccccc2)c1)c1ccccc1,0.3333333333333333,unknown,unknown,10,168,0.056915697081036956,rank=263; completeness=0.3333333333333333; uncertainty=unknown; disagreement=unknown; new_scaffold=True; relative_cost=10.0,heuristic_priority_not_activity_probability_or_validated_information_gain
SP,ATP-HTVS-0A8B3D0EFFB7,264,c1ccc(CCNc2cc(-c3ccncc3)[nH+]c3ccccc23)cc1,0.3333333333333333,unknown,unknown,10,169,0.05689120228618085,rank=264; completeness=0.3333333333333333; uncertainty=unknown; disagreement=unknown; new_scaffold=True; relative_cost=10.0,heuristic_priority_not_activity_probability_or_validated_information_gain
SP,ATP-HTVS-37F8BE6B2288,265,O=C(NCc1ccccc1)c1cnc2ccccc2c1Nc1ccccc1,0.3333333333333333,unknown,unknown,10,170,0.05686670749132476,rank=265; completeness=0.3333333333333333; uncertainty=unknown; disagreement=unknown; new_scaffold=True; relative_cost=10.0,heuristic_priority_not_activity_probability_or_validated_information_gain
SP,ATP-HTVS-AC48CD61B4D9,268,O=C(Nc1nc2ccccc2cc1NCCSc1ccccc1)c1ccccc1,0.3333333333333333,unknown,unknown,10,171,0.05679322310675648,rank=268; completeness=0.3333333333333333; uncertainty=unknown; disagreement=unknown; new_scaffold=True; relative_cost=10.0,heuristic_priority_not_activity_probability_or_validated_information_gain
SP,ATP-HTVS-B107F9A324A3,269,c1ccc(CNc2ncc(-c3ccccc3)s2)cc1,0.3333333333333333,unknown,unknown,10,172,0.0567687283119004,rank=269; completeness=0.3333333333333333; uncertainty=unknown; disagreement=unknown; new_scaffold=True; relative_cost=10.0,heuristic_priority_not_activity_probability_or_validated_information_gain
SP,ATP-HTVS-11CEFB3A39DF,271,c1ccc(C[NH2+]Cc2cn(-c3ccccc3)nc2-c2ccncc2)cc1,0.3333333333333333,unknown,unknown,10,173,0.056719738722188204,rank=271; completeness=0.3333333333333333; uncertainty=unknown; disagreement=unknown; new_scaffold=True; relative_cost=10.0,heuristic_priority_not_activity_probability_or_validated_information_gain
SP,ATP-HTVS-2A6980A94AB8,274,c1ccc(CCNc2cc(-c3ccccc3)nc(-c3ccccc3)n2)cc1,0.3333333333333333,unknown,unknown,10,174,0.056646254337619925,rank=274; completeness=0.3333333333333333; uncertainty=unknown; disagreement=unknown; new_scaffold=True; relative_cost=10.0,heuristic_priority_not_activity_probability_or_validated_information_gain
SP,ATP-HTVS-32D1D0195572,276,O=C(Cc1ccccc1)Nc1ccncc1NCc1ccccc1,0.3333333333333333,unknown,unknown,10,175,0.05659726474790774,rank=276; completeness=0.3333333333333333; uncertainty=unknown; disagreement=unknown; new_scaffold=True; relative_cost=10.0,heuristic_priority_not_activity_probability_or_validated_information_gain
SP,ATP-HTVS-A719F0D3C4DA,279,O=C(Cc1ccccc1)Nc1ncc(NCCc2ccccc2)c2ccccc12,0.3333333333333333,unknown,unknown,10,176,0.05652378036333946,rank=279; completeness=0.3333333333333333; uncertainty=unknown; disagreement=unknown; new_scaffold=True; relative_cost=10.0,heuristic_priority_not_activity_probability_or_validated_information_gain
SP,ATP-HTVS-3676162553B8,281,O=C(NCc1ccccc1)c1oc2ccccc2c1CSc1ccccc1,0.3333333333333333,unknown,unknown,10,177,0.05647479077362727,rank=281; completeness=0.3333333333333333; uncertainty=unknown; disagreement=unknown; new_scaffold=True; relative_cost=10.0,heuristic_priority_not_activity_probability_or_validated_information_gain
SP,ATP-HTVS-7398D4493E72,285,O=c1c2ccccc2cc(CNc2ccccc2)n1-c1ccccc1,0.3333333333333333,unknown,unknown,10,178,0.0563768115942029,rank=285; completeness=0.3333333333333333; uncertainty=unknown; disagreement=unknown; new_scaffold=True; relative_cost=10.0,heuristic_priority_not_activity_probability_or_validated_information_gain
SP,ATP-HTVS-47A17AC8C7BD,286,c1ccc(CCNc2nc(-c3ccccc3)nc3ccccc23)cc1,0.3333333333333333,unknown,unknown,10,179,0.05635231679934681,rank=286; completeness=0.3333333333333333; uncertainty=unknown; disagreement=unknown; new_scaffold=True; relative_cost=10.0,heuristic_priority_not_activity_probability_or_validated_information_gain
SP,ATP-HTVS-A305C0BD9D10,290,C(#C[C@H](NCc1ccccc1)c1cc2ccccc2o1)c1ccccc1,0.3333333333333333,unknown,unknown,10,180,0.056254337619922434,rank=290; completeness=0.3333333333333333; uncertainty=unknown; disagreement=unknown; new_scaffold=True; relative_cost=10.0,heuristic_priority_not_activity_probability_or_validated_information_gain
SP,ATP-HTVS-2A91244EC1AD,291,O=C(CNc1nc2ccccc2nc1NCCc1ccccc1)NCc1ccccc1,0.3333333333333333,unknown,unknown,10,181,0.056229842825066344,rank=291; completeness=0.3333333333333333; uncertainty=unknown; disagreement=unknown; new_scaffold=True; relative_cost=10.0,heuristic_priority_not_activity_probability_or_validated_information_gain
SP,ATP-HTVS-8C1C7F16DF05,292,O=C(Cc1ccccc1)Nc1ncc(Nc2ccccc2)c2ccccc12,0.3333333333333333,unknown,unknown,10,182,0.05620534803021025,rank=292; completeness=0.3333333333333333; uncertainty=unknown; disagreement=unknown; new_scaffold=True; relative_cost=10.0,heuristic_priority_not_activity_probability_or_validated_information_gain
SP,ATP-HTVS-19DB56372FFA,298,O=C(Cc1ccccc1)Nc1[nH+]cc(NCc2ccccc2)c2ccccc12,0.3333333333333333,unknown,unknown,10,183,0.056058379261073696,rank=298; completeness=0.3333333333333333; uncertainty=unknown; disagreement=unknown; new_scaffold=True; relative_cost=10.0,heuristic_priority_not_activity_probability_or_validated_information_gain
SP,ATP-HTVS-61A3D13E339F,299,O=C(NCc1ccccc1)c1cn(Cc2ccccc2)c(=O)c2ccccc12,0.3333333333333333,unknown,unknown,10,184,0.0560338844662176,rank=299; completeness=0.3333333333333333; uncertainty=unknown; disagreement=unknown; new_scaffold=True; relative_cost=10.0,heuristic_priority_not_activity_probability_or_validated_information_gain
SP,ATP-HTVS-02DF9A19852D,303,c1ccc(Cn2c(C[NH2+]CC[C@@H](c3ccccc3)[NH+]3CCCC3)nc3ccccc32)cc1,0.3333333333333333,unknown,unknown,10,185,0.05593590528679323,rank=303; completeness=0.3333333333333333; uncertainty=unknown; disagreement=unknown; new_scaffold=True; relative_cost=10.0,heuristic_priority_not_activity_probability_or_validated_information_gain
SP,ATP-HTVS-7CD79F872AFC,305,c1ccc(CNc2n/c(=[NH+]\Cc3cccc[nH+]3)c3ccccc3[nH]2)cc1,0.3333333333333333,unknown,unknown,10,186,0.05588691569708104,rank=305; completeness=0.3333333333333333; uncertainty=unknown; disagreement=unknown; new_scaffold=True; relative_cost=10.0,heuristic_priority_not_activity_probability_or_validated_information_gain
SP,ATP-HTVS-3D55EC2CCC26,306,O=C(NCc1ccccc1)c1ccncc1Nc1ccccc1,0.3333333333333333,unknown,unknown,10,187,0.05586242090222495,rank=306; completeness=0.3333333333333333; uncertainty=unknown; disagreement=unknown; new_scaffold=True; relative_cost=10.0,heuristic_priority_not_activity_probability_or_validated_information_gain
SP,ATP-HTVS-675C8FFFA49B,308,O=C(Nc1ncc(Nc2ccccc2)c2ccccc12)c1ccccc1,0.3333333333333333,unknown,unknown,10,188,0.05581343131251276,rank=308; completeness=0.3333333333333333; uncertainty=unknown; disagreement=unknown; new_scaffold=True; relative_cost=10.0,heuristic_priority_not_activity_probability_or_validated_information_gain
SP,ATP-HTVS-B13D85D04AEE,311,O=C(Nc1nc2ccccc2cc1C#CC[NH2+]Cc1ccccc1)c1ccccc1,0.3333333333333333,unknown,unknown,10,189,0.055739946927944484,rank=311; completeness=0.3333333333333333; uncertainty=unknown; disagreement=unknown; new_scaffold=True; relative_cost=10.0,heuristic_priority_not_activity_probability_or_validated_information_gain
SP,ATP-HTVS-BFC0901B6A3C,312,O=C(NCc1ccccc1)c1[nH]c2ccccc2c1Nc1ccccc1,0.3333333333333333,unknown,unknown,10,190,0.05571545213308839,rank=312; completeness=0.3333333333333333; uncertainty=unknown; disagreement=unknown; new_scaffold=True; relative_cost=10.0,heuristic_priority_not_activity_probability_or_validated_information_gain
SP,ATP-HTVS-16D892EEAEA4,314,O=C(Nc1c[nH+]c2ccccc2c1NCCSc1ccccc1)c1ccccc1,0.3333333333333333,unknown,unknown,10,191,0.055666462543376205,rank=314; completeness=0.3333333333333333; uncertainty=unknown; disagreement=unknown; new_scaffold=True; relative_cost=10.0,heuristic_priority_not_activity_probability_or_validated_information_gain
SP,ATP-HTVS-C10AA91B306E,320,c1ccc(C[NH2+]Cc2ccc(-c3ccccc3)o2)cc1,0.3333333333333333,unknown,unknown,10,192,0.05551949377423965,rank=320; completeness=0.3333333333333333; uncertainty=unknown; disagreement=unknown; new_scaffold=True; relative_cost=10.0,heuristic_priority_not_activity_probability_or_validated_information_gain
SP,ATP-HTVS-4991CDEEDD30,324,C(#C[C@H]([NH2+]Cc1ccccc1)c1cc2ccccc2o1)c1ccccc1,0.3333333333333333,unknown,unknown,10,193,0.05542151459481528,rank=324; completeness=0.3333333333333333; uncertainty=unknown; disagreement=unknown; new_scaffold=True; relative_cost=10.0,heuristic_priority_not_activity_probability_or_validated_information_gain
SP,ATP-HTVS-B6BB4D9D6C90,325,O=C(NCc1cn(-c2ccccc2)nc1-c1ccncc1)c1ccccc1,0.3333333333333333,unknown,unknown,10,194,0.05539701979995918,rank=325; completeness=0.3333333333333333; uncertainty=unknown; disagreement=unknown; new_scaffold=True; relative_cost=10.0,heuristic_priority_not_activity_probability_or_validated_information_gain
SP,ATP-HTVS-B7604789CEBF,328,c1ccc(C[NH2+]Cc2cn(-c3ccccc3)nn2)cc1,0.3333333333333333,unknown,unknown,10,195,0.0553235354153909,rank=328; completeness=0.3333333333333333; uncertainty=unknown; disagreement=unknown; new_scaffold=True; relative_cost=10.0,heuristic_priority_not_activity_probability_or_validated_information_gain
SP,ATP-HTVS-138C9DBD3419,329,c1ccc(C[NH2+]CCOc2cccc3ccccc23)cc1,0.3333333333333333,unknown,unknown,10,196,0.05529904062053481,rank=329; completeness=0.3333333333333333; uncertainty=unknown; disagreement=unknown; new_scaffold=True; relative_cost=10.0,heuristic_priority_not_activity_probability_or_validated_information_gain
SP,ATP-HTVS-30BD0ED907F3,331,O=C(CNc1nc(NCCc2ccccc2)[nH+]c2ccccc12)NCc1ccccc1,0.3333333333333333,unknown,unknown,10,197,0.055250051030822624,rank=331; completeness=0.3333333333333333; uncertainty=unknown; disagreement=unknown; new_scaffold=True; relative_cost=10.0,heuristic_priority_not_activity_probability_or_validated_information_gain
SP,ATP-HTVS-56362DCB1C38,335,c1ccc(CCNc2nc3ccccc3nc2NCc2cccnc2)cc1,0.3333333333333333,unknown,unknown,10,198,0.055152071851398254,rank=335; completeness=0.3333333333333333; uncertainty=unknown; disagreement=unknown; new_scaffold=True; relative_cost=10.0,heuristic_priority_not_activity_probability_or_validated_information_gain
SP,ATP-HTVS-DC74BD16E68F,336,O=C(Cc1ccccc1)Nc1ccc(NCc2ccccc2)cn1,0.3333333333333333,unknown,unknown,10,199,0.05512757705654216,rank=336; completeness=0.3333333333333333; uncertainty=unknown; disagreement=unknown; new_scaffold=True; relative_cost=10.0,heuristic_priority_not_activity_probability_or_validated_information_gain
SP,ATP-HTVS-E0D09F3A28CB,338,c1ccc(Cc2cccc(NCc3ccccc3N3CC[NH2+]CC3)n2)cc1,0.3333333333333333,unknown,unknown,10,200,0.05507858746682996,rank=338; completeness=0.3333333333333333; uncertainty=unknown; disagreement=unknown; new_scaffold=True; relative_cost=10.0,heuristic_priority_not_activity_probability_or_validated_information_gain
QikProp,ATP-HTVS-AC71774ACC4B,1,O=C(NCc1ccccc1)c1cc(NCc2ccccc2)cs1,0.3333333333333333,unknown,unknown,5,1,0.12666666666666668,rank=1; completeness=0.3333333333333333; uncertainty=unknown; disagreement=unknown; new_scaffold=True; relative_cost=5.0,heuristic_priority_not_activity_probability_or_validated_information_gain
QikProp,ATP-HTVS-780990BE0E68,2,O=C(Nc1ncc(C#CC[NH2+]Cc2ccccc2)c2ccccc12)c1ccccc1,0.3333333333333333,unknown,unknown,5,2,0.12661767707695448,rank=2; completeness=0.3333333333333333; uncertainty=unknown; disagreement=unknown; new_scaffold=True; relative_cost=5.0,heuristic_priority_not_activity_probability_or_validated_information_gain
QikProp,ATP-HTVS-66618B00A972,3,c1ccc(C[NH2+]Cc2csc(COc3ccccc3)n2)cc1,0.3333333333333333,unknown,unknown,5,3,0.1265686874872423,rank=3; completeness=0.3333333333333333; uncertainty=unknown; disagreement=unknown; new_scaffold=True; relative_cost=5.0,heuristic_priority_not_activity_probability_or_validated_information_gain
QikProp,ATP-HTVS-D6043925B579,4,c1ccc(CC[NH2+]Cc2cn(Cc3ccccc3)nc2-c2ccccc2)cc1,0.3333333333333333,unknown,unknown,5,4,0.1265196978975301,rank=4; completeness=0.3333333333333333; uncertainty=unknown; disagreement=unknown; new_scaffold=True; relative_cost=5.0,heuristic_priority_not_activity_probability_or_validated_information_gain
QikProp,ATP-HTVS-65F4836C7042,5,O=C(NCc1sc2ccccc2c1C#CCCc1ccccc1)c1ccccc1,0.3333333333333333,unknown,unknown,5,5,0.12647070830781793,rank=5; completeness=0.3333333333333333; uncertainty=unknown; disagreement=unknown; new_scaffold=True; relative_cost=5.0,heuristic_priority_not_activity_probability_or_validated_information_gain
QikProp,ATP-HTVS-CEDCE5F1BEB7,6,c1ccc(C[NH2+]Cc2ccc(-c3ccccc3)nc2)cc1,0.3333333333333333,unknown,unknown,5,6,0.12642171871810576,rank=6; completeness=0.3333333333333333; uncertainty=unknown; disagreement=unknown; new_scaffold=True; relative_cost=5.0,heuristic_priority_not_activity_probability_or_validated_information_gain
QikProp,ATP-HTVS-AD7FBCC01633,7,O=C(Cc1ccccc1)Nc1nc2ccccc2cc1C#CCCc1ccccc1,0.3333333333333333,unknown,unknown,5,7,0.12637272912839356,rank=7; completeness=0.3333333333333333; uncertainty=unknown; disagreement=unknown; new_scaffold=True; relative_cost=5.0,heuristic_priority_not_activity_probability_or_validated_information_gain
QikProp,ATP-HTVS-2AD5F3716208,8,c1ccc(CC[NH2+][C@H](c2ccccn2)c2cc3ccccc3o2)cc1,0.3333333333333333,unknown,unknown,5,8,0.12632373953868137,rank=8; completeness=0.3333333333333333; uncertainty=unknown; disagreement=unknown; new_scaffold=True; relative_cost=5.0,heuristic_priority_not_activity_probability_or_validated_information_gain
QikProp,ATP-HTVS-99483DBEAA78,9,O=C(Cc1ccccc1)n1nc(-c2ccncc2)cc1CC[NH2+]Cc1ccccc1,0.3333333333333333,unknown,unknown,5,9,0.12627474994896917,rank=9; completeness=0.3333333333333333; uncertainty=unknown; disagreement=unknown; new_scaffold=True; relative_cost=5.0,heuristic_priority_not_activity_probability_or_validated_information_gain
QikProp,ATP-HTVS-B0A71AB87D72,10,O=C(Nc1ccccc1)c1cc(NCc2ccccc2)cs1,0.3333333333333333,unknown,unknown,5,10,0.12622576035925698,rank=10; completeness=0.3333333333333333; uncertainty=unknown; disagreement=unknown; new_scaffold=True; relative_cost=5.0,heuristic_priority_not_activity_probability_or_validated_information_gain
QikProp,ATP-HTVS-3B3954EE8C13,11,O=C(C#Cc1ccccc1)Nc1c(C#CCCc2ccccc2)cnc2ccccc12,0.3333333333333333,unknown,unknown,5,11,0.1261767707695448,rank=11; completeness=0.3333333333333333; uncertainty=unknown; disagreement=unknown; new_scaffold=True; relative_cost=5.0,heuristic_priority_not_activity_probability_or_validated_information_gain
QikProp,ATP-HTVS-DDBB6FEB6103,13,c1ccc(C[NH2+]Cc2oc3ccccc3c2-c2ccccc2)cc1,0.3333333333333333,unknown,unknown,5,12,0.12607879159012042,rank=13; completeness=0.3333333333333333; uncertainty=unknown; disagreement=unknown; new_scaffold=True; relative_cost=5.0,heuristic_priority_not_activity_probability_or_validated_information_gain
QikProp,ATP-HTVS-D7583D638CF7,14,O=C(NCc1ccccc1)c1[nH]c2ccccc2c1C#CCOc1ccccc1,0.3333333333333333,unknown,unknown,5,13,0.12602980200040825,rank=14; completeness=0.3333333333333333; uncertainty=unknown; disagreement=unknown; new_scaffold=True; relative_cost=5.0,heuristic_priority_not_activity_probability_or_validated_information_gain
QikProp,ATP-HTVS-98E751432A52,15,O=C(C#Cc1ccccc1)Nc1ccc(NCc2ccccc2)cn1,0.3333333333333333,unknown,unknown,5,14,0.12598081241069606,rank=15; completeness=0.3333333333333333; uncertainty=unknown; disagreement=unknown; new_scaffold=True; relative_cost=5.0,heuristic_priority_not_activity_probability_or_validated_information_gain
QikProp,ATP-HTVS-60D4F7FF4B6B,16,c1ccc(C[NH2+]Cc2ccc(-c3ccccc3)s2)cc1,0.3333333333333333,unknown,unknown,5,15,0.12593182282098386,rank=16; completeness=0.3333333333333333; uncertainty=unknown; disagreement=unknown; new_scaffold=True; relative_cost=5.0,heuristic_priority_not_activity_probability_or_validated_information_gain
QikProp,ATP-HTVS-6EF9F712D3BB,17,c1ccc(C[NH2+]Cc2ccc(Oc3ccccc3)nc2)cc1,0.3333333333333333,unknown,unknown,5,16,0.1258828332312717,rank=17; completeness=0.3333333333333333; uncertainty=unknown; disagreement=unknown; new_scaffold=True; relative_cost=5.0,heuristic_priority_not_activity_probability_or_validated_information_gain
QikProp,ATP-HTVS-F8BD3C119C5E,19,c1ccc(CC[NH2+][C@@H](c2ccccn2)c2cc3ccccc3o2)cc1,0.3333333333333333,unknown,unknown,5,17,0.1257848540518473,rank=19; completeness=0.3333333333333333; uncertainty=unknown; disagreement=unknown; new_scaffold=True; relative_cost=5.0,heuristic_priority_not_activity_probability_or_validated_information_gain
QikProp,ATP-HTVS-1449F4F4BA71,20,O=C(c1ccccc1)c1cnc2ccccc2c1NCc1ccccc1,0.3333333333333333,unknown,unknown,5,18,0.1257358644621351,rank=20; completeness=0.3333333333333333; uncertainty=unknown; disagreement=unknown; new_scaffold=True; relative_cost=5.0,heuristic_priority_not_activity_probability_or_validated_information_gain
QikProp,ATP-HTVS-D1462A8BE621,21,O=C(Nc1c(C#CC[NH2+]Cc2ccccc2)cnc2ccccc12)c1ccccc1,0.3333333333333333,unknown,unknown,5,19,0.12568687487242294,rank=21; completeness=0.3333333333333333; uncertainty=unknown; disagreement=unknown; new_scaffold=True; relative_cost=5.0,heuristic_priority_not_activity_probability_or_validated_information_gain
QikProp,ATP-HTVS-E14A9B461B4E,22,O=C(Cc1ccccc1)n1nc(-c2ccccc2)cc1CC[NH2+]Cc1ccccc1,0.3333333333333333,unknown,unknown,5,20,0.12563788528271075,rank=22; completeness=0.3333333333333333; uncertainty=unknown; disagreement=unknown; new_scaffold=True; relative_cost=5.0,heuristic_priority_not_activity_probability_or_validated_information_gain
QikProp,ATP-HTVS-E71202E475AE,23,O=C(Nc1ccccc1)Nc1ccc(OCc2ccccc2)nc1,0.3333333333333333,unknown,unknown,5,21,0.12558889569299858,rank=23; completeness=0.3333333333333333; uncertainty=unknown; disagreement=unknown; new_scaffold=True; relative_cost=5.0,heuristic_priority_not_activity_probability_or_validated_information_gain
QikProp,ATP-HTVS-92BA88CED8DA,24,c1ccc(C[NH2+]Cc2ccc(-c3ccccc3)cn2)cc1,0.3333333333333333,unknown,unknown,5,22,0.1255399061032864,rank=24; completeness=0.3333333333333333; uncertainty=unknown; disagreement=unknown; new_scaffold=True; relative_cost=5.0,heuristic_priority_not_activity_probability_or_validated_information_gain
QikProp,ATP-HTVS-C188770C1FD9,25,O=C(Cc1ccccc1)n1nc(-c2cccnc2)cc1CC[NH2+]Cc1ccccc1,0.3333333333333333,unknown,unknown,5,23,0.1254909165135742,rank=25; completeness=0.3333333333333333; uncertainty=unknown; disagreement=unknown; new_scaffold=True; relative_cost=5.0,heuristic_priority_not_activity_probability_or_validated_information_gain
QikProp,ATP-HTVS-CB3D9B3FDDC1,26,O=C(NCc1ccccc1)NC[C@@H]1c2ccccc2C(=O)N1Cc1ccccc1,0.3333333333333333,unknown,unknown,5,24,0.125441926923862,rank=26; completeness=0.3333333333333333; uncertainty=unknown; disagreement=unknown; new_scaffold=True; relative_cost=5.0,heuristic_priority_not_activity_probability_or_validated_information_gain
QikProp,ATP-HTVS-F08817EB9A7A,27,c1ccc(C[NH2+]Cc2ncc(-c3ccccc3)cn2)cc1,0.3333333333333333,unknown,unknown,5,25,0.12539293733414983,rank=27; completeness=0.3333333333333333; uncertainty=unknown; disagreement=unknown; new_scaffold=True; relative_cost=5.0,heuristic_priority_not_activity_probability_or_validated_information_gain
QikProp,ATP-HTVS-AD7FACE11FDD,28,O=C(Nc1ccccc1)c1cncc(NCc2ccccc2)c1,0.3333333333333333,unknown,unknown,5,26,0.12534394774443763,rank=28; completeness=0.3333333333333333; uncertainty=unknown; disagreement=unknown; new_scaffold=True; relative_cost=5.0,heuristic_priority_not_activity_probability_or_validated_information_gain
QikProp,ATP-HTVS-8E3D409F2843,29,c1ccc(CC[NH2+]Cc2ccc(-c3ccccc3)s2)cc1,0.3333333333333333,unknown,unknown,5,27,0.12529495815472547,rank=29; completeness=0.3333333333333333; uncertainty=unknown; disagreement=unknown; new_scaffold=True; relative_cost=5.0,heuristic_priority_not_activity_probability_or_validated_information_gain
QikProp,ATP-HTVS-8E1A44B1E9FD,30,O=C(Cc1ccccc1)Nc1c[nH+]c2ccccc2c1NCCc1ccccc1,0.3333333333333333,unknown,unknown,5,28,0.1252459685650133,rank=30; completeness=0.3333333333333333; uncertainty=unknown; disagreement=unknown; new_scaffold=True; relative_cost=5.0,heuristic_priority_not_activity_probability_or_validated_information_gain
QikProp,ATP-HTVS-3FEB13A0176D,32,C(#C[C@H](NCc1ccccc1)c1cc2ccccc2s1)C[NH2+]Cc1ccccc1,0.3333333333333333,unknown,unknown,5,29,0.12514798938558888,rank=32; completeness=0.3333333333333333; uncertainty=unknown; disagreement=unknown; new_scaffold=True; relative_cost=5.0,heuristic_priority_not_activity_probability_or_validated_information_gain
QikProp,ATP-HTVS-4B144E96CFBE,33,O=C(Cc1ccccc1)Nc1ncc(NCc2ccccc2)c2ccccc12,0.3333333333333333,unknown,unknown,5,30,0.12509899979587671,rank=33; completeness=0.3333333333333333; uncertainty=unknown; disagreement=unknown; new_scaffold=True; relative_cost=5.0,heuristic_priority_not_activity_probability_or_validated_information_gain
QikProp,ATP-HTVS-D65E1879A1C4,34,O=C(Nc1ccccc1)c1sccc1Nc1ccccc1,0.3333333333333333,unknown,unknown,5,31,0.12505001020616452,rank=34; completeness=0.3333333333333333; uncertainty=unknown; disagreement=unknown; new_scaffold=True; relative_cost=5.0,heuristic_priority_not_activity_probability_or_validated_information_gain
QikProp,ATP-HTVS-6B0687E57A6A,35,c1ccc(CC[NH2+][C@@H](c2ccccc2)c2cc3ccccc3o2)cc1,0.3333333333333333,unknown,unknown,5,32,0.12500102061645235,rank=35; completeness=0.3333333333333333; uncertainty=unknown; disagreement=unknown; new_scaffold=True; relative_cost=5.0,heuristic_priority_not_activity_probability_or_validated_information_gain
QikProp,ATP-HTVS-0F3A12BD04AB,38,O=C(Cc1ccccc1)Nc1c[nH+]c2ccccc2c1NCc1ccccc1,0.3333333333333333,unknown,unknown,5,33,0.12485405184731577,rank=38; completeness=0.3333333333333333; uncertainty=unknown; disagreement=unknown; new_scaffold=True; relative_cost=5.0,heuristic_priority_not_activity_probability_or_validated_information_gain
QikProp,ATP-HTVS-3E71027F124F,40,c1ccc(C[NH2+]Cc2c[nH]nc2OCc2ccccc2)cc1,0.3333333333333333,unknown,unknown,5,34,0.12475607266789142,rank=40; completeness=0.3333333333333333; uncertainty=unknown; disagreement=unknown; new_scaffold=True; relative_cost=5.0,heuristic_priority_not_activity_probability_or_validated_information_gain
QikProp,ATP-HTVS-E3E3C457ADC4,41,C(=C\n1c(CCc2ccccc2)nc2ccccc21)/c1ccccn1,0.3333333333333333,unknown,unknown,5,35,0.12470708307817924,rank=41; completeness=0.3333333333333333; uncertainty=unknown; disagreement=unknown; new_scaffold=True; relative_cost=5.0,heuristic_priority_not_activity_probability_or_validated_information_gain
QikProp,ATP-HTVS-41EB9DEAB7C9,42,O=C(Nc1ccccc1)c1sc2ccccc2c1NCc1ccccc1,0.3333333333333333,unknown,unknown,5,36,0.12465809348846704,rank=42; completeness=0.3333333333333333; uncertainty=unknown; disagreement=unknown; new_scaffold=True; relative_cost=5.0,heuristic_priority_not_activity_probability_or_validated_information_gain
QikProp,ATP-HTVS-B989B97EF6F5,43,c1ccc(C[NH2+]Cc2ccc(COc3ccccc3)o2)cc1,0.3333333333333333,unknown,unknown,5,37,0.12460910389875483,rank=43; completeness=0.3333333333333333; uncertainty=unknown; disagreement=unknown; new_scaffold=True; relative_cost=5.0,heuristic_priority_not_activity_probability_or_validated_information_gain
QikProp,ATP-HTVS-DF8AF7E8BFB3,44,O=C1c2ccccc2[C@@H](C[NH2+]CCc2ccccc2)N1Cc1ccccc1,0.3333333333333333,unknown,unknown,5,38,0.12456011430904265,rank=44; completeness=0.3333333333333333; uncertainty=unknown; disagreement=unknown; new_scaffold=True; relative_cost=5.0,heuristic_priority_not_activity_probability_or_validated_information_gain
QikProp,ATP-HTVS-05A72EDFB57A,45,O=C1c2ccccc2[C@@H](C[NH2+]Cc2ccccc2)N1Cc1ccccc1,0.3333333333333333,unknown,unknown,5,39,0.12451112471933048,rank=45; completeness=0.3333333333333333; uncertainty=unknown; disagreement=unknown; new_scaffold=True; relative_cost=5.0,heuristic_priority_not_activity_probability_or_validated_information_gain
QikProp,ATP-HTVS-464DF81034BD,46,O=C(Nc1ccccc1)c1sc2ncccc2c1NCc1ccccc1,0.3333333333333333,unknown,unknown,5,40,0.1244621351296183,rank=46; completeness=0.3333333333333333; uncertainty=unknown; disagreement=unknown; new_scaffold=True; relative_cost=5.0,heuristic_priority_not_activity_probability_or_validated_information_gain
QikProp,ATP-HTVS-0F6915EAEEA3,47,c1ccc(C[NH2+]Cc2cn(Cc3ccccc3)nn2)cc1,0.3333333333333333,unknown,unknown,5,41,0.12441314553990612,rank=47; completeness=0.3333333333333333; uncertainty=unknown; disagreement=unknown; new_scaffold=True; relative_cost=5.0,heuristic_priority_not_activity_probability_or_validated_information_gain
QikProp,ATP-HTVS-B31ECD8B9A27,48,O=C(NCc1ccccc1)c1cc(-c2ccccn2)nc2ccccc12,0.3333333333333333,unknown,unknown,5,42,0.12436415595019393,rank=48; completeness=0.3333333333333333; uncertainty=unknown; disagreement=unknown; new_scaffold=True; relative_cost=5.0,heuristic_priority_not_activity_probability_or_validated_information_gain
QikProp,ATP-HTVS-6F07AE7177E0,50,O=C(NCCc1ccccc1)c1oc2ccccc2c1CSc1ccccc1,0.3333333333333333,unknown,unknown,5,43,0.12426617677076954,rank=50; completeness=0.3333333333333333; uncertainty=unknown; disagreement=unknown; new_scaffold=True; relative_cost=5.0,heuristic_priority_not_activity_probability_or_validated_information_gain
QikProp,ATP-HTVS-BDD1C4453981,51,c1ccc(C[NH2+]Cc2csc(Nc3ccccc3)n2)cc1,0.3333333333333333,unknown,unknown,5,44,0.12421718718105737,rank=51; completeness=0.3333333333333333; uncertainty=unknown; disagreement=unknown; new_scaffold=True; relative_cost=5.0,heuristic_priority_not_activity_probability_or_validated_information_gain
QikProp,ATP-HTVS-0FDC7A3FF1CA,52,c1ccc(C[NH2+]Cc2c[nH]nc2-c2ccccc2)cc1,0.3333333333333333,unknown,unknown,5,45,0.12416819759134519,rank=52; completeness=0.3333333333333333; uncertainty=unknown; disagreement=unknown; new_scaffold=True; relative_cost=5.0,heuristic_priority_not_activity_probability_or_validated_information_gain
QikProp,ATP-HTVS-397149B089BD,55,c1ccc(Cn2cc(C[NH2+]Cc3cccc4c3CCN4)c(-c3ccccc3)n2)cc1,0.3333333333333333,unknown,unknown,5,46,0.1240212288222086,rank=55; completeness=0.3333333333333333; uncertainty=unknown; disagreement=unknown; new_scaffold=True; relative_cost=5.0,heuristic_priority_not_activity_probability_or_validated_information_gain
QikProp,ATP-HTVS-83768D529230,57,O=C(Cc1cc(NCc2ccccc2)cs1)Nc1ccccc1,0.3333333333333333,unknown,unknown,5,47,0.12392324964278426,rank=57; completeness=0.3333333333333333; uncertainty=unknown; disagreement=unknown; new_scaffold=True; relative_cost=5.0,heuristic_priority_not_activity_probability_or_validated_information_gain
QikProp,ATP-HTVS-72BD9FFCF62D,60,c1ccc(CCNc2nc(NCc3ccccc3)c3ccccc3[nH+]2)cc1,0.3333333333333333,unknown,unknown,5,48,0.12377628087364767,rank=60; completeness=0.3333333333333333; uncertainty=unknown; disagreement=unknown; new_scaffold=True; relative_cost=5.0,heuristic_priority_not_activity_probability_or_validated_information_gain
QikProp,ATP-HTVS-69AD6B8D3733,61,c1ccc(Cn2c(C[NH2+]Cc3cccs3)nc3ccccc32)cc1,0.3333333333333333,unknown,unknown,5,49,0.12372729128393549,rank=61; completeness=0.3333333333333333; uncertainty=unknown; disagreement=unknown; new_scaffold=True; relative_cost=5.0,heuristic_priority_not_activity_probability_or_validated_information_gain
QikProp,ATP-HTVS-00C8034698A8,62,c1ccc(CC[NH2+]Cc2nc(-c3ccco3)n3ccccc23)cc1,0.3333333333333333,unknown,unknown,5,50,0.12367830169422331,rank=62; completeness=0.3333333333333333; uncertainty=unknown; disagreement=unknown; new_scaffold=True; relative_cost=5.0,heuristic_priority_not_activity_probability_or_validated_information_gain
QikProp,ATP-HTVS-BFD5BCAF9717,63,O=C(NNc1ccccc1)c1oc2ccccc2c1COc1ccccc1,0.3333333333333333,unknown,unknown,5,51,0.12362931210451114,rank=63; completeness=0.3333333333333333; uncertainty=unknown; disagreement=unknown; new_scaffold=True; relative_cost=5.0,heuristic_priority_not_activity_probability_or_validated_information_gain
QikProp,ATP-HTVS-C615FEE5992B,65,c1ccc(-c2cc(C[NH2+]Cc3cccnc3)nc3ccccc23)cc1,0.3333333333333333,unknown,unknown,5,52,0.12353133292508675,rank=65; completeness=0.3333333333333333; uncertainty=unknown; disagreement=unknown; new_scaffold=True; relative_cost=5.0,heuristic_priority_not_activity_probability_or_validated_information_gain
QikProp,ATP-HTVS-E7B44E0E6F2B,66,c1ccc(CNc2nc(NCc3ccccc3)c3ccccc3[nH+]2)cc1,0.3333333333333333,unknown,unknown,5,53,0.12348234333537456,rank=66; completeness=0.3333333333333333; uncertainty=unknown; disagreement=unknown; new_scaffold=True; relative_cost=5.0,heuristic_priority_not_activity_probability_or_validated_information_gain
QikProp,ATP-HTVS-C9013CEACAA9,69,C(#C[C@@H](NCc1ccccc1)c1csc2ccccc12)C[NH2+]Cc1ccccc1,0.3333333333333333,unknown,unknown,5,54,0.12333537456623803,rank=69; completeness=0.3333333333333333; uncertainty=unknown; disagreement=unknown; new_scaffold=True; relative_cost=5.0,heuristic_priority_not_activity_probability_or_validated_information_gain
QikProp,ATP-HTVS-6F858A0E8812,70,O=C1c2ccccc2[C@H](C[NH2+]Cc2ccccc2)N1Cc1ccccc1,0.3333333333333333,unknown,unknown,5,55,0.12328638497652585,rank=70; completeness=0.3333333333333333; uncertainty=unknown; disagreement=unknown; new_scaffold=True; relative_cost=5.0,heuristic_priority_not_activity_probability_or_validated_information_gain
QikProp,ATP-HTVS-869F8AF38162,72,O=C(Nc1ncc(NCCc2ccccc2)cc1-n1cccc1)c1ccccc1,0.3333333333333333,unknown,unknown,5,56,0.12318840579710144,rank=72; completeness=0.3333333333333333; uncertainty=unknown; disagreement=unknown; new_scaffold=True; relative_cost=5.0,heuristic_priority_not_activity_probability_or_validated_information_gain
QikProp,ATP-HTVS-ACBE41267A18,73,c1ccc(CCNc2nc(CCc3ccccc3)nc3ccccc23)cc1,0.3333333333333333,unknown,unknown,5,57,0.12313941620738926,rank=73; completeness=0.3333333333333333; uncertainty=unknown; disagreement=unknown; new_scaffold=True; relative_cost=5.0,heuristic_priority_not_activity_probability_or_validated_information_gain
QikProp,ATP-HTVS-4EF6126AB2D8,75,O=C(Nc1ccccc1)c1sc2ccccc2c1[NH2+]Cc1ccccc1,0.3333333333333333,unknown,unknown,5,58,0.12304143702796491,rank=75; completeness=0.3333333333333333; uncertainty=unknown; disagreement=unknown; new_scaffold=True; relative_cost=5.0,heuristic_priority_not_activity_probability_or_validated_information_gain
QikProp,ATP-HTVS-E80053830AA7,77,C(=NOCc1ccccc1)c1cn(Cc2ccccc2)nn1,0.3333333333333333,unknown,unknown,5,59,0.12294345784854051,rank=77; completeness=0.3333333333333333; uncertainty=unknown; disagreement=unknown; new_scaffold=True; relative_cost=5.0,heuristic_priority_not_activity_probability_or_validated_information_gain
QikProp,ATP-HTVS-985FC5CCBDCC,78,O=C(NCc1ccccc1)c1[nH]c2ccccc2c1C#CCc1ccccc1,0.3333333333333333,unknown,unknown,5,60,0.12289446825882833,rank=78; completeness=0.3333333333333333; uncertainty=unknown; disagreement=unknown; new_scaffold=True; relative_cost=5.0,heuristic_priority_not_activity_probability_or_validated_information_gain
QikProp,ATP-HTVS-EB0B96E798C5,80,c1ccc(Cn2c(CNc3ccccc3)[nH+]c3ccccc32)cc1,0.3333333333333333,unknown,unknown,5,61,0.12279648907940396,rank=80; completeness=0.3333333333333333; uncertainty=unknown; disagreement=unknown; new_scaffold=True; relative_cost=5.0,heuristic_priority_not_activity_probability_or_validated_information_gain
QikProp,ATP-HTVS-49D68E9248AF,81,c1ccc(C[NH2+]Cc2cc(OCc3ccccc3)c3ccccc3c2)cc1,0.3333333333333333,unknown,unknown,5,62,0.1227474994896918,rank=81; completeness=0.3333333333333333; uncertainty=unknown; disagreement=unknown; new_scaffold=True; relative_cost=5.0,heuristic_priority_not_activity_probability_or_validated_information_gain
QikProp,ATP-HTVS-011A966B3F21,84,c1ccc(CCC[NH2+][C@H](c2ccccn2)c2cc3ccccc3o2)cc1,0.3333333333333333,unknown,unknown,5,63,0.12260053072055521,rank=84; completeness=0.3333333333333333; uncertainty=unknown; disagreement=unknown; new_scaffold=True; relative_cost=5.0,heuristic_priority_not_activity_probability_or_validated_information_gain
QikProp,ATP-HTVS-3E71DFC624D6,85,O=C(CCc1ccc2c(c1)OCO2)Nc1c[nH+]c2ccccc2c1NCc1ccccc1,0.3333333333333333,unknown,unknown,5,64,0.12255154113084303,rank=85; completeness=0.3333333333333333; uncertainty=unknown; disagreement=unknown; new_scaffold=True; relative_cost=5.0,heuristic_priority_not_activity_probability_or_validated_information_gain
QikProp,ATP-HTVS-1ACF073F315C,86,c1ccc(C[NH2+]Cc2cn(Cc3ccccc3)nc2-c2ccccc2)cc1,0.3333333333333333,unknown,unknown,5,65,0.12250255154113085,rank=86; completeness=0.3333333333333333; uncertainty=unknown; disagreement=unknown; new_scaffold=True; relative_cost=5.0,heuristic_priority_not_activity_probability_or_validated_information_gain
QikProp,ATP-HTVS-44DE29768EEE,88,c1ccc(CCNc2nc(-c3ccccc3)c3ccccc3n2)cc1,0.3333333333333333,unknown,unknown,5,66,0.12240457236170647,rank=88; completeness=0.3333333333333333; uncertainty=unknown; disagreement=unknown; new_scaffold=True; relative_cost=5.0,heuristic_priority_not_activity_probability_or_validated_information_gain
QikProp,ATP-HTVS-5BE3914F361A,89,O=C(Cc1ccccc1)Nc1ncc(C#CC[NH2+]Cc2ccccc2)c2ccccc12,0.3333333333333333,unknown,unknown,5,67,0.12235558277199428,rank=89; completeness=0.3333333333333333; uncertainty=unknown; disagreement=unknown; new_scaffold=True; relative_cost=5.0,heuristic_priority_not_activity_probability_or_validated_information_gain
QikProp,ATP-HTVS-A3FFA90B66AA,90,c1ccc(CC[NH2+]Cc2nc3ccccc3n2Cc2ccccc2)cc1,0.3333333333333333,unknown,unknown,5,68,0.1223065931822821,rank=90; completeness=0.3333333333333333; uncertainty=unknown; disagreement=unknown; new_scaffold=True; relative_cost=5.0,heuristic_priority_not_activity_probability_or_validated_information_gain
QikProp,ATP-HTVS-5A2EB4E9D835,94,O=C(CNc1nc(NCc2ccccc2)c2ccccc2[nH+]1)Nc1ccccc1,0.3333333333333333,unknown,unknown,5,69,0.12211063482343334,rank=94; completeness=0.3333333333333333; uncertainty=unknown; disagreement=unknown; new_scaffold=True; relative_cost=5.0,heuristic_priority_not_activity_probability_or_validated_information_gain
QikProp,ATP-HTVS-4CFD3E435A48,97,c1ccc(CC[NH2+]Cc2cn(-c3ccccc3)nc2-c2ccncc2)cc1,0.3333333333333333,unknown,unknown,5,70,0.1219636660542968,rank=97; completeness=0.3333333333333333; uncertainty=unknown; disagreement=unknown; new_scaffold=True; relative_cost=5.0,heuristic_priority_not_activity_probability_or_validated_information_gain
QikProp,ATP-HTVS-8365FF7884A6,98,c1ccc(C[NH2+][C@@H](c2ccccn2)c2cc3ccccc3o2)cc1,0.3333333333333333,unknown,unknown,5,71,0.12191467646458462,rank=98; completeness=0.3333333333333333; uncertainty=unknown; disagreement=unknown; new_scaffold=True; relative_cost=5.0,heuristic_priority_not_activity_probability_or_validated_information_gain
QikProp,ATP-HTVS-442C36D59863,101,c1ccc(-n2c(CC[NH2+]Cc3ccc(N4CC[NH2+]CC4)cc3)nc3ccccc32)cc1,0.3333333333333333,unknown,unknown,5,72,0.12176770769544805,rank=101; completeness=0.3333333333333333; uncertainty=unknown; disagreement=unknown; new_scaffold=True; relative_cost=5.0,heuristic_priority_not_activity_probability_or_validated_information_gain
QikProp,ATP-HTVS-45A004EDB829,102,c1ccc(C[NH2+]Cc2cc(-c3ccccc3)c3ccccc3n2)cc1,0.3333333333333333,unknown,unknown,5,73,0.12171871810573587,rank=102; completeness=0.3333333333333333; uncertainty=unknown; disagreement=unknown; new_scaffold=True; relative_cost=5.0,heuristic_priority_not_activity_probability_or_validated_information_gain
QikProp,ATP-HTVS-D806BF0778F9,103,c1ccc(C[NH2+]Cc2cn(-c3ccccc3)nc2-c2ccccc2)cc1,0.3333333333333333,unknown,unknown,5,74,0.12166972851602369,rank=103; completeness=0.3333333333333333; uncertainty=unknown; disagreement=unknown; new_scaffold=True; relative_cost=5.0,heuristic_priority_not_activity_probability_or_validated_information_gain
QikProp,ATP-HTVS-37164D6EE04D,105,O=C(C[NH2+]Cc1ccccc1)N(Cc1ccccc1)c1nc2ccccc2s1,0.3333333333333333,unknown,unknown,5,75,0.12157174933659931,rank=105; completeness=0.3333333333333333; uncertainty=unknown; disagreement=unknown; new_scaffold=True; relative_cost=5.0,heuristic_priority_not_activity_probability_or_validated_information_gain
QikProp,ATP-HTVS-C3FA166C1ADD,110,c1ccc(CC[NH2+]Cc2c(OCc3ccccc3)ccc3ccccc23)cc1,0.3333333333333333,unknown,unknown,5,76,0.12132680138803838,rank=110; completeness=0.3333333333333333; uncertainty=unknown; disagreement=unknown; new_scaffold=True; relative_cost=5.0,heuristic_priority_not_activity_probability_or_validated_information_gain
QikProp,ATP-HTVS-C36315435956,112,c1ccc(C[NH2+]Cc2ccncc2OCc2ccccc2)cc1,0.3333333333333333,unknown,unknown,5,77,0.121228822208614,rank=112; completeness=0.3333333333333333; uncertainty=unknown; disagreement=unknown; new_scaffold=True; relative_cost=5.0,heuristic_priority_not_activity_probability_or_validated_information_gain
QikProp,ATP-HTVS-47220BE834AE,114,O=C(Nc1nc2ccccc2cc1NCc1ccccc1)c1ccccc1,0.3333333333333333,unknown,unknown,5,78,0.12113084302918964,rank=114; completeness=0.3333333333333333; uncertainty=unknown; disagreement=unknown; new_scaffold=True; relative_cost=5.0,heuristic_priority_not_activity_probability_or_validated_information_gain
QikProp,ATP-HTVS-917EA3B617CA,116,c1ccc(CNc2nc3ccccc3nc2NCc2ccccc2)cc1,0.3333333333333333,unknown,unknown,5,79,0.12103286384976526,rank=116; completeness=0.3333333333333333; uncertainty=unknown; disagreement=unknown; new_scaffold=True; relative_cost=5.0,heuristic_priority_not_activity_probability_or_validated_information_gain
QikProp,ATP-HTVS-FC732D287CB6,117,O=C(Cc1ccccc1)Nc1nc2ccccc2cc1NCc1ccccc1,0.3333333333333333,unknown,unknown,5,80,0.12098387426005305,rank=117; completeness=0.3333333333333333; uncertainty=unknown; disagreement=unknown; new_scaffold=True; relative_cost=5.0,heuristic_priority_not_activity_probability_or_validated_information_gain
QikProp,ATP-HTVS-2FDBF4F6464D,118,O=C(Cc1ccccc1)Nc1c(C#CCCc2ccccc2)cnc2ccccc12,0.3333333333333333,unknown,unknown,5,81,0.12093488467034089,rank=118; completeness=0.3333333333333333; uncertainty=unknown; disagreement=unknown; new_scaffold=True; relative_cost=5.0,heuristic_priority_not_activity_probability_or_validated_information_gain
QikProp,ATP-HTVS-43D1BB82511C,119,O=C(Nc1c[nH+]c2ccccc2c1NCc1ccccc1)c1cccc(C[NH+]2CCCC2)c1,0.3333333333333333,unknown,unknown,5,82,0.1208858950806287,rank=119; completeness=0.3333333333333333; uncertainty=unknown; disagreement=unknown; new_scaffold=True; relative_cost=5.0,heuristic_priority_not_activity_probability_or_validated_information_gain
QikProp,ATP-HTVS-F8C49F655F6D,121,O=C(CNc1ccccc1)Nc1nc2ccccc2cc1Nc1ccccc1,0.3333333333333333,unknown,unknown,5,83,0.12078791590120434,rank=121; completeness=0.3333333333333333; uncertainty=unknown; disagreement=unknown; new_scaffold=True; relative_cost=5.0,heuristic_priority_not_activity_probability_or_validated_information_gain
QikProp,ATP-HTVS-EFE421C91038,124,O=C(C#Cc1ccccc1)Nc1c[nH+]c2ccccc2c1NCc1ccccc1,0.3333333333333333,unknown,unknown,5,84,0.12064094713206777,rank=124; completeness=0.3333333333333333; uncertainty=unknown; disagreement=unknown; new_scaffold=True; relative_cost=5.0,heuristic_priority_not_activity_probability_or_validated_information_gain
QikProp,ATP-HTVS-57C145E4C4AF,125,O=C(Nc1c[nH+]c2ccccc2c1NCc1ccccc1)c1ccsc1,0.3333333333333333,unknown,unknown,5,85,0.12059195754235559,rank=125; completeness=0.3333333333333333; uncertainty=unknown; disagreement=unknown; new_scaffold=True; relative_cost=5.0,heuristic_priority_not_activity_probability_or_validated_information_gain
QikProp,ATP-HTVS-0CA591B42E29,126,C(#C[C@@H](NCc1ccccc1)c1coc2ccccc12)c1ccccc1,0.3333333333333333,unknown,unknown,5,86,0.12054296795264341,rank=126; completeness=0.3333333333333333; uncertainty=unknown; disagreement=unknown; new_scaffold=True; relative_cost=5.0,heuristic_priority_not_activity_probability_or_validated_information_gain
QikProp,ATP-HTVS-1DC16EDC7F4D,127,c1ccc(C[NH2+]Cc2c(-c3ccccc3)nc3ccccn23)cc1,0.3333333333333333,unknown,unknown,5,87,0.12049397836293123,rank=127; completeness=0.3333333333333333; uncertainty=unknown; disagreement=unknown; new_scaffold=True; relative_cost=5.0,heuristic_priority_not_activity_probability_or_validated_information_gain
QikProp,ATP-HTVS-ADC6A568E437,128,O=C(Cc1ccccc1)Nc1ccc(NCc2ccccc2)c[nH+]1,0.3333333333333333,unknown,unknown,5,88,0.12044498877321903,rank=128; completeness=0.3333333333333333; uncertainty=unknown; disagreement=unknown; new_scaffold=True; relative_cost=5.0,heuristic_priority_not_activity_probability_or_validated_information_gain
QikProp,ATP-HTVS-651F2B2980F4,129,c1ccc(C[NH2+]C[C@H](c2cccs2)c2c[nH]c3ccccc23)cc1,0.3333333333333333,unknown,unknown,5,89,0.12039599918350682,rank=129; completeness=0.3333333333333333; uncertainty=unknown; disagreement=unknown; new_scaffold=True; relative_cost=5.0,heuristic_priority_not_activity_probability_or_validated_information_gain
QikProp,ATP-HTVS-A9326BC55FC3,130,O=C(Nc1ccccc1)c1ccnc(Nc2ccccc2)c1,0.3333333333333333,unknown,unknown,5,90,0.12034700959379466,rank=130; completeness=0.3333333333333333; uncertainty=unknown; disagreement=unknown; new_scaffold=True; relative_cost=5.0,heuristic_priority_not_activity_probability_or_validated_information_gain
QikProp,ATP-HTVS-800B0B068CC6,131,c1ccc(CNCc2ccc(OCc3ccccc3)cc2)cc1,0.3333333333333333,unknown,unknown,5,91,0.12029802000408248,rank=131; completeness=0.3333333333333333; uncertainty=unknown; disagreement=unknown; new_scaffold=True; relative_cost=5.0,heuristic_priority_not_activity_probability_or_validated_information_gain
QikProp,ATP-HTVS-B847417F307C,132,O=C(Cc1ccccc1)Nc1cnc2ccccc2c1C#CC(=O)c1ccccc1,0.3333333333333333,unknown,unknown,5,92,0.1202490304143703,rank=132; completeness=0.3333333333333333; uncertainty=unknown; disagreement=unknown; new_scaffold=True; relative_cost=5.0,heuristic_priority_not_activity_probability_or_validated_information_gain
QikProp,ATP-HTVS-FDB0F1EC6F74,133,O=C1CN(Cc2ccccc2)[C@@H](c2ccccc2)c2ccccc2N1,0.3333333333333333,unknown,unknown,5,93,0.1202000408246581,rank=133; completeness=0.3333333333333333; uncertainty=unknown; disagreement=unknown; new_scaffold=True; relative_cost=5.0,heuristic_priority_not_activity_probability_or_validated_information_gain
QikProp,ATP-HTVS-D4C1A78D47F2,135,c1ccc(CC[NH2+]Cc2cn(-c3ccccc3)nc2-c2cccnc2)cc1,0.3333333333333333,unknown,unknown,5,94,0.12010206164523371,rank=135; completeness=0.3333333333333333; uncertainty=unknown; disagreement=unknown; new_scaffold=True; relative_cost=5.0,heuristic_priority_not_activity_probability_or_validated_information_gain
QikProp,ATP-HTVS-B7368E70BBC8,136,c1ccc(CC[NH2+]Cc2ccc(OCc3ccccc3)cn2)cc1,0.3333333333333333,unknown,unknown,5,95,0.12005307205552154,rank=136; completeness=0.3333333333333333; uncertainty=unknown; disagreement=unknown; new_scaffold=True; relative_cost=5.0,heuristic_priority_not_activity_probability_or_validated_information_gain
QikProp,ATP-HTVS-D190FC844C9E,137,O=C(Nc1ccccc1)c1cc(Nc2ccccc2)ccn1,0.3333333333333333,unknown,unknown,5,96,0.12000408246580936,rank=137; completeness=0.3333333333333333; uncertainty=unknown; disagreement=unknown; new_scaffold=True; relative_cost=5.0,heuristic_priority_not_activity_probability_or_validated_information_gain
QikProp,ATP-HTVS-6227313DC6E5,139,O=C(Cc1ccccc1)Nc1c(NCc2ccccc2)cnc2ccccc12,0.3333333333333333,unknown,unknown,5,97,0.11990610328638499,rank=139; completeness=0.3333333333333333; uncertainty=unknown; disagreement=unknown; new_scaffold=True; relative_cost=5.0,heuristic_priority_not_activity_probability_or_validated_information_gain
QikProp,ATP-HTVS-47675EC0C4D5,140,c1ccc(CC[NH2+]Cc2ccc(OCc3ccccc3)c(OCc3ccccc3)c2)cc1,0.3333333333333333,unknown,unknown,5,98,0.1198571136966728,rank=140; completeness=0.3333333333333333; uncertainty=unknown; disagreement=unknown; new_scaffold=True; relative_cost=5.0,heuristic_priority_not_activity_probability_or_validated_information_gain
QikProp,ATP-HTVS-43DEA6C9D172,142,O=C1c2ccccc2[C@H](C[NH2+]Cc2cccc3c2NCCC3)N1Cc1ccccc1,0.3333333333333333,unknown,unknown,5,99,0.11975913451724843,rank=142; completeness=0.3333333333333333; uncertainty=unknown; disagreement=unknown; new_scaffold=True; relative_cost=5.0,heuristic_priority_not_activity_probability_or_validated_information_gain
QikProp,ATP-HTVS-4DE86EAA2D32,143,C(#C[C@H](NCc1ccccc1)c1[nH+]ccn1OCc1ccccc1)c1ccncc1,0.3333333333333333,unknown,unknown,5,100,0.11971014492753625,rank=143; completeness=0.3333333333333333; uncertainty=unknown; disagreement=unknown; new_scaffold=True; relative_cost=5.0,heuristic_priority_not_activity_probability_or_validated_information_gain
QikProp,ATP-HTVS-EFBD886B8952,149,c1ccc(C[NH2+]Cc2ccc(Nc3ccccc3)nc2)cc1,0.3333333333333333,unknown,unknown,5,101,0.11941620738926313,rank=149; completeness=0.3333333333333333; uncertainty=unknown; disagreement=unknown; new_scaffold=True; relative_cost=5.0,heuristic_priority_not_activity_probability_or_validated_information_gain
QikProp,ATP-HTVS-E124973F868C,150,O=C(NCc1sc2ccccc2c1NCc1ccccc1)c1ccccc1,0.3333333333333333,unknown,unknown,5,102,0.11936721779955092,rank=150; completeness=0.3333333333333333; uncertainty=unknown; disagreement=unknown; new_scaffold=True; relative_cost=5.0,heuristic_priority_not_activity_probability_or_validated_information_gain
QikProp,ATP-HTVS-3B591F4F1DA1,152,c1ccc(CCNc2cc(-c3ccccc3)[nH+]c3ccccc23)cc1,0.3333333333333333,unknown,unknown,5,103,0.11926923862012657,rank=152; completeness=0.3333333333333333; uncertainty=unknown; disagreement=unknown; new_scaffold=True; relative_cost=5.0,heuristic_priority_not_activity_probability_or_validated_information_gain
QikProp,ATP-HTVS-DC6B7BCD18A9,155,c1ccc(C[NH2+]CCc2ccc3ccccc3c2)cc1,0.3333333333333333,unknown,unknown,5,104,0.11912226985099002,rank=155; completeness=0.3333333333333333; uncertainty=unknown; disagreement=unknown; new_scaffold=True; relative_cost=5.0,heuristic_priority_not_activity_probability_or_validated_information_gain
QikProp,ATP-HTVS-6F1494FEFC60,156,O=C(Cc1ccccc1)Nc1c(C#CC[NH2+]Cc2ccccc2)cnc2ccccc12,0.3333333333333333,unknown,unknown,5,105,0.11907328026127781,rank=156; completeness=0.3333333333333333; uncertainty=unknown; disagreement=unknown; new_scaffold=True; relative_cost=5.0,heuristic_priority_not_activity_probability_or_validated_information_gain
QikProp,ATP-HTVS-DD420CB019C5,159,c1ccc(Cn2c(C[NH2+]Cc3cccc4c3NCCC4)nc3ccccc32)cc1,0.3333333333333333,unknown,unknown,5,106,0.11892631149214128,rank=159; completeness=0.3333333333333333; uncertainty=unknown; disagreement=unknown; new_scaffold=True; relative_cost=5.0,heuristic_priority_not_activity_probability_or_validated_information_gain
QikProp,ATP-HTVS-B6C483C4EE45,160,O=C(Nc1ccccc1)c1sccc1NCc1ccccc1,0.3333333333333333,unknown,unknown,5,107,0.11887732190242908,rank=160; completeness=0.3333333333333333; uncertainty=unknown; disagreement=unknown; new_scaffold=True; relative_cost=5.0,heuristic_priority_not_activity_probability_or_validated_information_gain
QikProp,ATP-HTVS-B4FC20780B21,161,c1ccc(C[NH2+]Cc2csc(-c3ccccc3)n2)cc1,0.3333333333333333,unknown,unknown,5,108,0.1188283323127169,rank=161; completeness=0.3333333333333333; uncertainty=unknown; disagreement=unknown; new_scaffold=True; relative_cost=5.0,heuristic_priority_not_activity_probability_or_validated_information_gain
QikProp,ATP-HTVS-08266C4344A3,162,O=C(Nc1c(C#CCCc2ccccc2)cnc2ccccc12)c1ccccc1,0.3333333333333333,unknown,unknown,5,109,0.1187793427230047,rank=162; completeness=0.3333333333333333; uncertainty=unknown; disagreement=unknown; new_scaffold=True; relative_cost=5.0,heuristic_priority_not_activity_probability_or_validated_information_gain
QikProp,ATP-HTVS-AB5D2E649063,165,O=C(Cc1ccccc1)Nc1cc(NCc2ccccc2)cc[nH+]1,0.3333333333333333,unknown,unknown,5,110,0.11863237395386814,rank=165; completeness=0.3333333333333333; uncertainty=unknown; disagreement=unknown; new_scaffold=True; relative_cost=5.0,heuristic_priority_not_activity_probability_or_validated_information_gain
QikProp,ATP-HTVS-FD8D954BBECF,166,c1ccc(C[NH2+]Cc2c(-c3ccccc3)nn3ccccc23)cc1,0.3333333333333333,unknown,unknown,5,111,0.11858338436415597,rank=166; completeness=0.3333333333333333; uncertainty=unknown; disagreement=unknown; new_scaffold=True; relative_cost=5.0,heuristic_priority_not_activity_probability_or_validated_information_gain
QikProp,ATP-HTVS-190A8EA9B17C,167,c1ccc(C[NH2+]Cc2nc(-c3ccccc3)cs2)cc1,0.3333333333333333,unknown,unknown,5,112,0.11853439477444376,rank=167; completeness=0.3333333333333333; uncertainty=unknown; disagreement=unknown; new_scaffold=True; relative_cost=5.0,heuristic_priority_not_activity_probability_or_validated_information_gain
QikProp,ATP-HTVS-F53B308249C7,170,c1ccc(CNc2csc(-c3ccccc3)n2)cc1,0.3333333333333333,unknown,unknown,5,113,0.11838742600530723,rank=170; completeness=0.3333333333333333; uncertainty=unknown; disagreement=unknown; new_scaffold=True; relative_cost=5.0,heuristic_priority_not_activity_probability_or_validated_information_gain
QikProp,ATP-HTVS-E08CF4D489F1,171,C(=N\n1cc(-c2ccccc2)[nH+]c1Nc1ccccc1)/c1ccccc1,0.3333333333333333,unknown,unknown,5,114,0.11833843641559502,rank=171; completeness=0.3333333333333333; uncertainty=unknown; disagreement=unknown; new_scaffold=True; relative_cost=5.0,heuristic_priority_not_activity_probability_or_validated_information_gain
QikProp,ATP-HTVS-7DE5D821A3A4,172,O=C(NCc1ccccc1)c1cc(-c2ccccc2)nc2ccccc12,0.3333333333333333,unknown,unknown,5,115,0.11828944682588285,rank=172; completeness=0.3333333333333333; uncertainty=unknown; disagreement=unknown; new_scaffold=True; relative_cost=5.0,heuristic_priority_not_activity_probability_or_validated_information_gain
QikProp,ATP-HTVS-64F4A1A461ED,174,C(#C[C@@H](NCc1ccccc1)c1[nH+]ccn1OCc1ccccc1)c1ccncc1,0.3333333333333333,unknown,unknown,5,116,0.11819146764645846,rank=174; completeness=0.3333333333333333; uncertainty=unknown; disagreement=unknown; new_scaffold=True; relative_cost=5.0,heuristic_priority_not_activity_probability_or_validated_information_gain
QikProp,ATP-HTVS-159959ECB567,175,O=C(Nc1c[nH+]c2ccccc2c1NCc1ccccc1)c1ccccc1,0.3333333333333333,unknown,unknown,5,117,0.1181424780567463,rank=175; completeness=0.3333333333333333; uncertainty=unknown; disagreement=unknown; new_scaffold=True; relative_cost=5.0,heuristic_priority_not_activity_probability_or_validated_information_gain
QikProp,ATP-HTVS-7AEE8A51E1B1,176,c1ccc(CNc2nc(-c3ccccc3)nc3ccccc23)cc1,0.3333333333333333,unknown,unknown,5,118,0.11809348846703409,rank=176; completeness=0.3333333333333333; uncertainty=unknown; disagreement=unknown; new_scaffold=True; relative_cost=5.0,heuristic_priority_not_activity_probability_or_validated_information_gain
QikProp,ATP-HTVS-C2A68E9F7CC7,178,c1ccc(C[NH2+]Cc2c(OCc3ccccc3)ccc3ccccc23)cc1,0.3333333333333333,unknown,unknown,5,119,0.11799550928760974,rank=178; completeness=0.3333333333333333; uncertainty=unknown; disagreement=unknown; new_scaffold=True; relative_cost=5.0,heuristic_priority_not_activity_probability_or_validated_information_gain
QikProp,ATP-HTVS-9352BEE24C86,179,c1ccc(Cc2cccc(NCc3ccc(N4CC[NH2+]CC4)cc3)n2)cc1,0.3333333333333333,unknown,unknown,5,120,0.11794651969789753,rank=179; completeness=0.3333333333333333; uncertainty=unknown; disagreement=unknown; new_scaffold=True; relative_cost=5.0,heuristic_priority_not_activity_probability_or_validated_information_gain
QikProp,ATP-HTVS-EAD1C8AFD4A9,181,c1ccc(-n2cc(C[NH2+]Cc3cccc(C[NH+]4CCCC4)c3)c(-c3ccncc3)n2)cc1,0.3333333333333333,unknown,unknown,5,121,0.11784854051847318,rank=181; completeness=0.3333333333333333; uncertainty=unknown; disagreement=unknown; new_scaffold=True; relative_cost=5.0,heuristic_priority_not_activity_probability_or_validated_information_gain
QikProp,ATP-HTVS-F3E91D83A828,182,O=C(NCc1ccccc1)c1cnc2ccccc2c1NCc1ccccc1,0.3333333333333333,unknown,unknown,5,122,0.11779955092876097,rank=182; completeness=0.3333333333333333; uncertainty=unknown; disagreement=unknown; new_scaffold=True; relative_cost=5.0,heuristic_priority_not_activity_probability_or_validated_information_gain
QikProp,ATP-HTVS-2A14F6A33EFE,183,c1ccc(CCNc2cc(-c3cccnc3)[nH+]c3ccccc23)cc1,0.3333333333333333,unknown,unknown,5,123,0.11775056133904879,rank=183; completeness=0.3333333333333333; uncertainty=unknown; disagreement=unknown; new_scaffold=True; relative_cost=5.0,heuristic_priority_not_activity_probability_or_validated_information_gain
QikProp,ATP-HTVS-8D6261309289,184,O=C(Nc1ccccc1)c1cnc2ccccc2c1Nc1ccccc1,0.3333333333333333,unknown,unknown,5,124,0.11770157174933663,rank=184; completeness=0.3333333333333333; uncertainty=unknown; disagreement=unknown; new_scaffold=True; relative_cost=5.0,heuristic_priority_not_activity_probability_or_validated_information_gain
QikProp,ATP-HTVS-CE83EECF0A09,187,c1ccc(CCNCc2nc3ccccc3n2Cc2ccccc2)cc1,0.3333333333333333,unknown,unknown,5,125,0.11755460298020007,rank=187; completeness=0.3333333333333333; uncertainty=unknown; disagreement=unknown; new_scaffold=True; relative_cost=5.0,heuristic_priority_not_activity_probability_or_validated_information_gain
QikProp,ATP-HTVS-6FE04A77CC41,188,O=C(Nc1ncc(NCc2ccccc2)c2ccccc12)c1ccccc1,0.3333333333333333,unknown,unknown,5,126,0.11750561339048786,rank=188; completeness=0.3333333333333333; uncertainty=unknown; disagreement=unknown; new_scaffold=True; relative_cost=5.0,heuristic_priority_not_activity_probability_or_validated_information_gain
QikProp,ATP-HTVS-D0CA976BC689,190,c1ccc(CCNc2nc(NCc3ccccc3)[nH+]c3ccccc23)cc1,0.3333333333333333,unknown,unknown,5,127,0.11740763421106348,rank=190; completeness=0.3333333333333333; uncertainty=unknown; disagreement=unknown; new_scaffold=True; relative_cost=5.0,heuristic_priority_not_activity_probability_or_validated_information_gain
QikProp,ATP-HTVS-52F407909F9A,191,c1ccc(CCc2cc(-c3ccccn3)nc3ccccc23)cc1,0.3333333333333333,unknown,unknown,5,128,0.1173586446213513,rank=191; completeness=0.3333333333333333; uncertainty=unknown; disagreement=unknown; new_scaffold=True; relative_cost=5.0,heuristic_priority_not_activity_probability_or_validated_information_gain
QikProp,ATP-HTVS-D4F4D34A0DC7,193,c1ccc(CCNc2cc(COc3ccccc3)[nH+]c3ccccc23)cc1,0.3333333333333333,unknown,unknown,5,129,0.11726066544192695,rank=193; completeness=0.3333333333333333; uncertainty=unknown; disagreement=unknown; new_scaffold=True; relative_cost=5.0,heuristic_priority_not_activity_probability_or_validated_information_gain
QikProp,ATP-HTVS-99E4671812AC,194,O=C(Nc1nc2ccccc2cc1Nc1ccccc1)c1ccccc1,0.3333333333333333,unknown,unknown,5,130,0.11721167585221474,rank=194; completeness=0.3333333333333333; uncertainty=unknown; disagreement=unknown; new_scaffold=True; relative_cost=5.0,heuristic_priority_not_activity_probability_or_validated_information_gain
QikProp,ATP-HTVS-3B1236037689,197,O=C(CNc1c(NC(=O)c2ccccc2)c[nH+]c2ccccc12)c1ccccc1,0.3333333333333333,unknown,unknown,5,131,0.11706470708307819,rank=197; completeness=0.3333333333333333; uncertainty=unknown; disagreement=unknown; new_scaffold=True; relative_cost=5.0,heuristic_priority_not_activity_probability_or_validated_information_gain
QikProp,ATP-HTVS-0AE85D2EF5B8,199,O=C(Nc1ncc(C#Cc2ccccc2)nc1-c1ccccc1)c1ccccc1,0.3333333333333333,unknown,unknown,5,132,0.11696672790365381,rank=199; completeness=0.3333333333333333; uncertainty=unknown; disagreement=unknown; new_scaffold=True; relative_cost=5.0,heuristic_priority_not_activity_probability_or_validated_information_gain
QikProp,ATP-HTVS-F8CA9C936D19,202,O=C(Cc1nc(C[NH2+]Cc2ccccc2)cs1)Nc1ccccc1,0.3333333333333333,unknown,unknown,5,133,0.11681975913451725,rank=202; completeness=0.3333333333333333; uncertainty=unknown; disagreement=unknown; new_scaffold=True; relative_cost=5.0,heuristic_priority_not_activity_probability_or_validated_information_gain
QikProp,ATP-HTVS-B4F34B52DEEF,203,O=C(Cc1ccccc1)Nc1cnc2ccccc2c1C#CC[NH2+]Cc1ccccc1,0.3333333333333333,unknown,unknown,5,134,0.11677076954480507,rank=203; completeness=0.3333333333333333; uncertainty=unknown; disagreement=unknown; new_scaffold=True; relative_cost=5.0,heuristic_priority_not_activity_probability_or_validated_information_gain
QikProp,ATP-HTVS-2F483D9FE7EF,204,O=C(Nc1ccccc1)c1c[nH]c2ccccc2/c1=[NH+]/CCc1ccccc1,0.3333333333333333,unknown,unknown,5,135,0.11672177995509289,rank=204; completeness=0.3333333333333333; uncertainty=unknown; disagreement=unknown; new_scaffold=True; relative_cost=5.0,heuristic_priority_not_activity_probability_or_validated_information_gain
QikProp,ATP-HTVS-B77025854F9D,205,O=C1[C@@H]([NH2+]CCc2ccccc2)c2ccccc2N1Cc1ccccc1,0.3333333333333333,unknown,unknown,5,136,0.1166727903653807,rank=205; completeness=0.3333333333333333; uncertainty=unknown; disagreement=unknown; new_scaffold=True; relative_cost=5.0,heuristic_priority_not_activity_probability_or_validated_information_gain
QikProp,ATP-HTVS-FA0319FBED9B,206,O=C(Nc1ccccc1)c1c[nH+]c2ccccc2c1NCc1ccccc1,0.3333333333333333,unknown,unknown,5,137,0.11662380077566852,rank=206; completeness=0.3333333333333333; uncertainty=unknown; disagreement=unknown; new_scaffold=True; relative_cost=5.0,heuristic_priority_not_activity_probability_or_validated_information_gain
QikProp,ATP-HTVS-512DB2E888C1,208,O=C(Nc1cnc2ccccc2c1C#CCCc1ccccc1)c1ccccc1,0.3333333333333333,unknown,unknown,5,138,0.11652582159624414,rank=208; completeness=0.3333333333333333; uncertainty=unknown; disagreement=unknown; new_scaffold=True; relative_cost=5.0,heuristic_priority_not_activity_probability_or_validated_information_gain
QikProp,ATP-HTVS-8FAC22D1DEE3,209,O=C(NCc1ccccc1)c1cc(Nc2ccccc2)cs1,0.3333333333333333,unknown,unknown,5,139,0.11647683200653196,rank=209; completeness=0.3333333333333333; uncertainty=unknown; disagreement=unknown; new_scaffold=True; relative_cost=5.0,heuristic_priority_not_activity_probability_or_validated_information_gain
QikProp,ATP-HTVS-C9CB4EF32822,213,c1ccc(CNc2nc(-c3ccccc3)cs2)cc1,0.3333333333333333,unknown,unknown,5,140,0.1162808736476832,rank=213; completeness=0.3333333333333333; uncertainty=unknown; disagreement=unknown; new_scaffold=True; relative_cost=5.0,heuristic_priority_not_activity_probability_or_validated_information_gain
QikProp,ATP-HTVS-93CB38BE3680,215,O=C(Nc1ccccc1)c1cc(-c2ccncc2)nc2ccccc12,0.3333333333333333,unknown,unknown,5,141,0.11618289446825884,rank=215; completeness=0.3333333333333333; uncertainty=unknown; disagreement=unknown; new_scaffold=True; relative_cost=5.0,heuristic_priority_not_activity_probability_or_validated_information_gain
QikProp,ATP-HTVS-4CC80B7019B2,220,c1ccc(C[NH2+]Cc2cnc(-c3ccccc3)s2)cc1,0.3333333333333333,unknown,unknown,5,142,0.11593794651969791,rank=220; completeness=0.3333333333333333; uncertainty=unknown; disagreement=unknown; new_scaffold=True; relative_cost=5.0,heuristic_priority_not_activity_probability_or_validated_information_gain
QikProp,ATP-HTVS-7752C713B971,222,O=C(Nc1ccccc1)c1cnc(NCCc2ccccc2)c2ccccc12,0.3333333333333333,unknown,unknown,5,143,0.11583996734027353,rank=222; completeness=0.3333333333333333; uncertainty=unknown; disagreement=unknown; new_scaffold=True; relative_cost=5.0,heuristic_priority_not_activity_probability_or_validated_information_gain
QikProp,ATP-HTVS-7AB1442FC022,223,c1ccc(C[NH2+]Cc2nc3ccccc3n2Cc2ccccc2)cc1,0.3333333333333333,unknown,unknown,5,144,0.11579097775056135,rank=223; completeness=0.3333333333333333; uncertainty=unknown; disagreement=unknown; new_scaffold=True; relative_cost=5.0,heuristic_priority_not_activity_probability_or_validated_information_gain
QikProp,ATP-HTVS-0F900EB338B9,224,O=C(CNc1ccccc1)Nc1c(Nc2ccccc2)cnc2ccccc12,0.3333333333333333,unknown,unknown,5,145,0.11574198816084916,rank=224; completeness=0.3333333333333333; uncertainty=unknown; disagreement=unknown; new_scaffold=True; relative_cost=5.0,heuristic_priority_not_activity_probability_or_validated_information_gain
QikProp,ATP-HTVS-5801E8FB792E,225,c1ccc(C[NH2+]Cc2cn(-c3ccccc3)nc2-c2cccnc2)cc1,0.3333333333333333,unknown,unknown,5,146,0.11569299857113698,rank=225; completeness=0.3333333333333333; uncertainty=unknown; disagreement=unknown; new_scaffold=True; relative_cost=5.0,heuristic_priority_not_activity_probability_or_validated_information_gain
QikProp,ATP-HTVS-5E561F95C670,226,O=C(Nc1ccccc1)c1cc(-c2ccccn2)nc2ccccc12,0.3333333333333333,unknown,unknown,5,147,0.1156440089814248,rank=226; completeness=0.3333333333333333; uncertainty=unknown; disagreement=unknown; new_scaffold=True; relative_cost=5.0,heuristic_priority_not_activity_probability_or_validated_information_gain
QikProp,ATP-HTVS-B7334B97F240,227,O=C(/N=c1\[nH]cc(NCc2ccccc2)cc1-n1cccc1)c1ccccc1,0.3333333333333333,unknown,unknown,5,148,0.11559501939171261,rank=227; completeness=0.3333333333333333; uncertainty=unknown; disagreement=unknown; new_scaffold=True; relative_cost=5.0,heuristic_priority_not_activity_probability_or_validated_information_gain
QikProp,ATP-HTVS-A5C0EA33BE09,228,c1ccc(C[NH2+]Cc2c(-c3ccccc3)[nH]c3ccccc23)cc1,0.3333333333333333,unknown,unknown,5,149,0.11554602980200042,rank=228; completeness=0.3333333333333333; uncertainty=unknown; disagreement=unknown; new_scaffold=True; relative_cost=5.0,heuristic_priority_not_activity_probability_or_validated_information_gain
QikProp,ATP-HTVS-C12B4C379970,233,c1ccc(CNCc2cc(-c3ccccc3)c3ccccc3n2)cc1,0.3333333333333333,unknown,unknown,5,150,0.11530108185343949,rank=233; completeness=0.3333333333333333; uncertainty=unknown; disagreement=unknown; new_scaffold=True; relative_cost=5.0,heuristic_priority_not_activity_probability_or_validated_information_gain
QikProp,ATP-HTVS-87F6BDFAEB44,238,O=c1ccc2c(NCCc3ccccc3)cc(COc3ccccc3)[nH]c-2c1,0.3333333333333333,unknown,unknown,5,151,0.11505613390487857,rank=238; completeness=0.3333333333333333; uncertainty=unknown; disagreement=unknown; new_scaffold=True; relative_cost=5.0,heuristic_priority_not_activity_probability_or_validated_information_gain
QikProp,ATP-HTVS-469EEFA86A0D,239,O=c1c2ccccc2ccn1CCC[NH2+]Cc1ccccc1,0.3333333333333333,unknown,unknown,5,152,0.11500714431516637,rank=239; completeness=0.3333333333333333; uncertainty=unknown; disagreement=unknown; new_scaffold=True; relative_cost=5.0,heuristic_priority_not_activity_probability_or_validated_information_gain
QikProp,ATP-HTVS-2E3E6C1A8749,241,O=C(Cc1ccccc1)NCc1sc2ccccc2c1NCc1ccccc1,0.3333333333333333,unknown,unknown,5,153,0.11490916513574201,rank=241; completeness=0.3333333333333333; uncertainty=unknown; disagreement=unknown; new_scaffold=True; relative_cost=5.0,heuristic_priority_not_activity_probability_or_validated_information_gain
QikProp,ATP-HTVS-6D4BCDFA1C91,242,O=C(Cc1ccccc1)Nc1nc2ccccc2cc1NCCc1ccccc1,0.3333333333333333,unknown,unknown,5,154,0.11486017554602981,rank=242; completeness=0.3333333333333333; uncertainty=unknown; disagreement=unknown; new_scaffold=True; relative_cost=5.0,heuristic_priority_not_activity_probability_or_validated_information_gain
QikProp,ATP-HTVS-EC4610FFE6DC,243,c1ccc(CC[NH2+]Cc2c[nH]nc2-c2ccccc2)cc1,0.3333333333333333,unknown,unknown,5,155,0.11481118595631763,rank=243; completeness=0.3333333333333333; uncertainty=unknown; disagreement=unknown; new_scaffold=True; relative_cost=5.0,heuristic_priority_not_activity_probability_or_validated_information_gain
QikProp,ATP-HTVS-A1F737581FBF,244,c1ccc(C[NH2+]CCc2nc3ccccc3n2Cc2ccccc2)cc1,0.3333333333333333,unknown,unknown,5,156,0.11476219636660545,rank=244; completeness=0.3333333333333333; uncertainty=unknown; disagreement=unknown; new_scaffold=True; relative_cost=5.0,heuristic_priority_not_activity_probability_or_validated_information_gain
QikProp,ATP-HTVS-2C72C850E8DC,245,O=C(NCc1ccccc1)NC[C@H]1c2ccccc2C(=O)N1Cc1ccccc1,0.3333333333333333,unknown,unknown,5,157,0.11471320677689326,rank=245; completeness=0.3333333333333333; uncertainty=unknown; disagreement=unknown; new_scaffold=True; relative_cost=5.0,heuristic_priority_not_activity_probability_or_validated_information_gain
QikProp,ATP-HTVS-247B97B4CA47,249,c1ccc(NCc2cccc3ccccc23)cc1,0.3333333333333333,unknown,unknown,5,158,0.11451724841804452,rank=249; completeness=0.3333333333333333; uncertainty=unknown; disagreement=unknown; new_scaffold=True; relative_cost=5.0,heuristic_priority_not_activity_probability_or_validated_information_gain
QikProp,ATP-HTVS-67024B617AFA,250,O=C(Cc1ccccc1)NCc1sc2ccccc2c1C#CC[NH2+]Cc1ccccc1,0.3333333333333333,unknown,unknown,5,159,0.11446825882833234,rank=250; completeness=0.3333333333333333; uncertainty=unknown; disagreement=unknown; new_scaffold=True; relative_cost=5.0,heuristic_priority_not_activity_probability_or_validated_information_gain
QikProp,ATP-HTVS-D773B3DD8BD5,251,O=C(Nc1c[nH+]c2ccccc2c1NCCc1ccccc1)c1ccccc1,0.3333333333333333,unknown,unknown,5,160,0.11441926923862014,rank=251; completeness=0.3333333333333333; uncertainty=unknown; disagreement=unknown; new_scaffold=True; relative_cost=5.0,heuristic_priority_not_activity_probability_or_validated_information_gain
QikProp,ATP-HTVS-6C953A1E72F9,252,O=C(NCc1sc2ccccc2c1NCCc1ccccc1)c1ccccc1,0.3333333333333333,unknown,unknown,5,161,0.11437027964890796,rank=252; completeness=0.3333333333333333; uncertainty=unknown; disagreement=unknown; new_scaffold=True; relative_cost=5.0,heuristic_priority_not_activity_probability_or_validated_information_gain
QikProp,ATP-HTVS-3C5237794D05,253,O=C(Nc1ccccc1)c1cc(-c2cccnc2)nc2ccccc12,0.3333333333333333,unknown,unknown,5,162,0.11432129005919575,rank=253; completeness=0.3333333333333333; uncertainty=unknown; disagreement=unknown; new_scaffold=True; relative_cost=5.0,heuristic_priority_not_activity_probability_or_validated_information_gain
QikProp,ATP-HTVS-C1AB9EDC96AF,254,O=C(NCc1ccccc1)c1cn(-c2ccccc2)c(=O)c2ccccc12,0.3333333333333333,unknown,unknown,5,163,0.11427230046948358,rank=254; completeness=0.3333333333333333; uncertainty=unknown; disagreement=unknown; new_scaffold=True; relative_cost=5.0,heuristic_priority_not_activity_probability_or_validated_information_gain
QikProp,ATP-HTVS-54E64C0F11AA,255,O=C(NCc1ccccc1)c1cscc1NCc1ccccc1,0.3333333333333333,unknown,unknown,5,164,0.1142233108797714,rank=255; completeness=0.3333333333333333; uncertainty=unknown; disagreement=unknown; new_scaffold=True; relative_cost=5.0,heuristic_priority_not_activity_probability_or_validated_information_gain
QikProp,ATP-HTVS-4AF467728185,257,O=C(NCc1ccccc1)c1cc(-c2ccncc2)nc2ccccc12,0.3333333333333333,unknown,unknown,5,165,0.11412533170034703,rank=257; completeness=0.3333333333333333; uncertainty=unknown; disagreement=unknown; new_scaffold=True; relative_cost=5.0,heuristic_priority_not_activity_probability_or_validated_information_gain
QikProp,ATP-HTVS-555FA00075E9,258,O=C(CCc1ccccc1)Nc1c[nH+]c2ccccc2c1NCc1ccccc1,0.3333333333333333,unknown,unknown,5,166,0.11407634211063485,rank=258; completeness=0.3333333333333333; uncertainty=unknown; disagreement=unknown; new_scaffold=True; relative_cost=5.0,heuristic_priority_not_activity_probability_or_validated_information_gain
QikProp,ATP-HTVS-AD7D334F30DB,260,O=C(Nc1nc2ccccc2cc1C#CCCc1ccccc1)c1ccccc1,0.3333333333333333,unknown,unknown,5,167,0.11397836293121047,rank=260; completeness=0.3333333333333333; uncertainty=unknown; disagreement=unknown; new_scaffold=True; relative_cost=5.0,heuristic_priority_not_activity_probability_or_validated_information_gain
QikProp,ATP-HTVS-EF0129487CC6,263,O=C(Nc1ccc(Cc2ccccc2)c(-c2ccccc2)c1)c1ccccc1,0.3333333333333333,unknown,unknown,5,168,0.11383139416207391,rank=263; completeness=0.3333333333333333; uncertainty=unknown; disagreement=unknown; new_scaffold=True; relative_cost=5.0,heuristic_priority_not_activity_probability_or_validated_information_gain
QikProp,ATP-HTVS-0A8B3D0EFFB7,264,c1ccc(CCNc2cc(-c3ccncc3)[nH+]c3ccccc23)cc1,0.3333333333333333,unknown,unknown,5,169,0.1137824045723617,rank=264; completeness=0.3333333333333333; uncertainty=unknown; disagreement=unknown; new_scaffold=True; relative_cost=5.0,heuristic_priority_not_activity_probability_or_validated_information_gain
QikProp,ATP-HTVS-37F8BE6B2288,265,O=C(NCc1ccccc1)c1cnc2ccccc2c1Nc1ccccc1,0.3333333333333333,unknown,unknown,5,170,0.11373341498264952,rank=265; completeness=0.3333333333333333; uncertainty=unknown; disagreement=unknown; new_scaffold=True; relative_cost=5.0,heuristic_priority_not_activity_probability_or_validated_information_gain
QikProp,ATP-HTVS-AC48CD61B4D9,268,O=C(Nc1nc2ccccc2cc1NCCSc1ccccc1)c1ccccc1,0.3333333333333333,unknown,unknown,5,171,0.11358644621351296,rank=268; completeness=0.3333333333333333; uncertainty=unknown; disagreement=unknown; new_scaffold=True; relative_cost=5.0,heuristic_priority_not_activity_probability_or_validated_information_gain
QikProp,ATP-HTVS-B107F9A324A3,269,c1ccc(CNc2ncc(-c3ccccc3)s2)cc1,0.3333333333333333,unknown,unknown,5,172,0.1135374566238008,rank=269; completeness=0.3333333333333333; uncertainty=unknown; disagreement=unknown; new_scaffold=True; relative_cost=5.0,heuristic_priority_not_activity_probability_or_validated_information_gain
QikProp,ATP-HTVS-11CEFB3A39DF,271,c1ccc(C[NH2+]Cc2cn(-c3ccccc3)nc2-c2ccncc2)cc1,0.3333333333333333,unknown,unknown,5,173,0.11343947744437641,rank=271; completeness=0.3333333333333333; uncertainty=unknown; disagreement=unknown; new_scaffold=True; relative_cost=5.0,heuristic_priority_not_activity_probability_or_validated_information_gain
QikProp,ATP-HTVS-2A6980A94AB8,274,c1ccc(CCNc2cc(-c3ccccc3)nc(-c3ccccc3)n2)cc1,0.3333333333333333,unknown,unknown,5,174,0.11329250867523985,rank=274; completeness=0.3333333333333333; uncertainty=unknown; disagreement=unknown; new_scaffold=True; relative_cost=5.0,heuristic_priority_not_activity_probability_or_validated_information_gain
QikProp,ATP-HTVS-32D1D0195572,276,O=C(Cc1ccccc1)Nc1ccncc1NCc1ccccc1,0.3333333333333333,unknown,unknown,5,175,0.11319452949581547,rank=276; completeness=0.3333333333333333; uncertainty=unknown; disagreement=unknown; new_scaffold=True; relative_cost=5.0,heuristic_priority_not_activity_probability_or_validated_information_gain
QikProp,ATP-HTVS-A719F0D3C4DA,279,O=C(Cc1ccccc1)Nc1ncc(NCCc2ccccc2)c2ccccc12,0.3333333333333333,unknown,unknown,5,176,0.11304756072667892,rank=279; completeness=0.3333333333333333; uncertainty=unknown; disagreement=unknown; new_scaffold=True; relative_cost=5.0,heuristic_priority_not_activity_probability_or_validated_information_gain
QikProp,ATP-HTVS-3676162553B8,281,O=C(NCc1ccccc1)c1oc2ccccc2c1CSc1ccccc1,0.3333333333333333,unknown,unknown,5,177,0.11294958154725454,rank=281; completeness=0.3333333333333333; uncertainty=unknown; disagreement=unknown; new_scaffold=True; relative_cost=5.0,heuristic_priority_not_activity_probability_or_validated_information_gain
QikProp,ATP-HTVS-7398D4493E72,285,O=c1c2ccccc2cc(CNc2ccccc2)n1-c1ccccc1,0.3333333333333333,unknown,unknown,5,178,0.1127536231884058,rank=285; completeness=0.3333333333333333; uncertainty=unknown; disagreement=unknown; new_scaffold=True; relative_cost=5.0,heuristic_priority_not_activity_probability_or_validated_information_gain
QikProp,ATP-HTVS-47A17AC8C7BD,286,c1ccc(CCNc2nc(-c3ccccc3)nc3ccccc23)cc1,0.3333333333333333,unknown,unknown,5,179,0.11270463359869362,rank=286; completeness=0.3333333333333333; uncertainty=unknown; disagreement=unknown; new_scaffold=True; relative_cost=5.0,heuristic_priority_not_activity_probability_or_validated_information_gain
QikProp,ATP-HTVS-A305C0BD9D10,290,C(#C[C@H](NCc1ccccc1)c1cc2ccccc2o1)c1ccccc1,0.3333333333333333,unknown,unknown,5,180,0.11250867523984487,rank=290; completeness=0.3333333333333333; uncertainty=unknown; disagreement=unknown; new_scaffold=True; relative_cost=5.0,heuristic_priority_not_activity_probability_or_validated_information_gain
QikProp,ATP-HTVS-2A91244EC1AD,291,O=C(CNc1nc2ccccc2nc1NCCc1ccccc1)NCc1ccccc1,0.3333333333333333,unknown,unknown,5,181,0.11245968565013269,rank=291; completeness=0.3333333333333333; uncertainty=unknown; disagreement=unknown; new_scaffold=True; relative_cost=5.0,heuristic_priority_not_activity_probability_or_validated_information_gain
QikProp,ATP-HTVS-8C1C7F16DF05,292,O=C(Cc1ccccc1)Nc1ncc(Nc2ccccc2)c2ccccc12,0.3333333333333333,unknown,unknown,5,182,0.1124106960604205,rank=292; completeness=0.3333333333333333; uncertainty=unknown; disagreement=unknown; new_scaffold=True; relative_cost=5.0,heuristic_priority_not_activity_probability_or_validated_information_gain
QikProp,ATP-HTVS-19DB56372FFA,298,O=C(Cc1ccccc1)Nc1[nH+]cc(NCc2ccccc2)c2ccccc12,0.3333333333333333,unknown,unknown,5,183,0.11211675852214739,rank=298; completeness=0.3333333333333333; uncertainty=unknown; disagreement=unknown; new_scaffold=True; relative_cost=5.0,heuristic_priority_not_activity_probability_or_validated_information_gain
QikProp,ATP-HTVS-61A3D13E339F,299,O=C(NCc1ccccc1)c1cn(Cc2ccccc2)c(=O)c2ccccc12,0.3333333333333333,unknown,unknown,5,184,0.1120677689324352,rank=299; completeness=0.3333333333333333; uncertainty=unknown; disagreement=unknown; new_scaffold=True; relative_cost=5.0,heuristic_priority_not_activity_probability_or_validated_information_gain
QikProp,ATP-HTVS-02DF9A19852D,303,c1ccc(Cn2c(C[NH2+]CC[C@@H](c3ccccc3)[NH+]3CCCC3)nc3ccccc32)cc1,0.3333333333333333,unknown,unknown,5,185,0.11187181057358646,rank=303; completeness=0.3333333333333333; uncertainty=unknown; disagreement=unknown; new_scaffold=True; relative_cost=5.0,heuristic_priority_not_activity_probability_or_validated_information_gain
QikProp,ATP-HTVS-7CD79F872AFC,305,c1ccc(CNc2n/c(=[NH+]\Cc3cccc[nH+]3)c3ccccc3[nH]2)cc1,0.3333333333333333,unknown,unknown,5,186,0.11177383139416208,rank=305; completeness=0.3333333333333333; uncertainty=unknown; disagreement=unknown; new_scaffold=True; relative_cost=5.0,heuristic_priority_not_activity_probability_or_validated_information_gain
QikProp,ATP-HTVS-3D55EC2CCC26,306,O=C(NCc1ccccc1)c1ccncc1Nc1ccccc1,0.3333333333333333,unknown,unknown,5,187,0.1117248418044499,rank=306; completeness=0.3333333333333333; uncertainty=unknown; disagreement=unknown; new_scaffold=True; relative_cost=5.0,heuristic_priority_not_activity_probability_or_validated_information_gain
QikProp,ATP-HTVS-675C8FFFA49B,308,O=C(Nc1ncc(Nc2ccccc2)c2ccccc12)c1ccccc1,0.3333333333333333,unknown,unknown,5,188,0.11162686262502552,rank=308; completeness=0.3333333333333333; uncertainty=unknown; disagreement=unknown; new_scaffold=True; relative_cost=5.0,heuristic_priority_not_activity_probability_or_validated_information_gain
QikProp,ATP-HTVS-B13D85D04AEE,311,O=C(Nc1nc2ccccc2cc1C#CC[NH2+]Cc1ccccc1)c1ccccc1,0.3333333333333333,unknown,unknown,5,189,0.11147989385588897,rank=311; completeness=0.3333333333333333; uncertainty=unknown; disagreement=unknown; new_scaffold=True; relative_cost=5.0,heuristic_priority_not_activity_probability_or_validated_information_gain
QikProp,ATP-HTVS-BFC0901B6A3C,312,O=C(NCc1ccccc1)c1[nH]c2ccccc2c1Nc1ccccc1,0.3333333333333333,unknown,unknown,5,190,0.11143090426617679,rank=312; completeness=0.3333333333333333; uncertainty=unknown; disagreement=unknown; new_scaffold=True; relative_cost=5.0,heuristic_priority_not_activity_probability_or_validated_information_gain
QikProp,ATP-HTVS-16D892EEAEA4,314,O=C(Nc1c[nH+]c2ccccc2c1NCCSc1ccccc1)c1ccccc1,0.3333333333333333,unknown,unknown,5,191,0.11133292508675241,rank=314; completeness=0.3333333333333333; uncertainty=unknown; disagreement=unknown; new_scaffold=True; relative_cost=5.0,heuristic_priority_not_activity_probability_or_validated_information_gain
QikProp,ATP-HTVS-C10AA91B306E,320,c1ccc(C[NH2+]Cc2ccc(-c3ccccc3)o2)cc1,0.3333333333333333,unknown,unknown,5,192,0.1110389875484793,rank=320; completeness=0.3333333333333333; uncertainty=unknown; disagreement=unknown; new_scaffold=True; relative_cost=5.0,heuristic_priority_not_activity_probability_or_validated_information_gain
QikProp,ATP-HTVS-4991CDEEDD30,324,C(#C[C@H]([NH2+]Cc1ccccc1)c1cc2ccccc2o1)c1ccccc1,0.3333333333333333,unknown,unknown,5,193,0.11084302918963056,rank=324; completeness=0.3333333333333333; uncertainty=unknown; disagreement=unknown; new_scaffold=True; relative_cost=5.0,heuristic_priority_not_activity_probability_or_validated_information_gain
QikProp,ATP-HTVS-B6BB4D9D6C90,325,O=C(NCc1cn(-c2ccccc2)nc1-c1ccncc1)c1ccccc1,0.3333333333333333,unknown,unknown,5,194,0.11079403959991836,rank=325; completeness=0.3333333333333333; uncertainty=unknown; disagreement=unknown; new_scaffold=True; relative_cost=5.0,heuristic_priority_not_activity_probability_or_validated_information_gain
QikProp,ATP-HTVS-B7604789CEBF,328,c1ccc(C[NH2+]Cc2cn(-c3ccccc3)nn2)cc1,0.3333333333333333,unknown,unknown,5,195,0.1106470708307818,rank=328; completeness=0.3333333333333333; uncertainty=unknown; disagreement=unknown; new_scaffold=True; relative_cost=5.0,heuristic_priority_not_activity_probability_or_validated_information_gain
QikProp,ATP-HTVS-138C9DBD3419,329,c1ccc(C[NH2+]CCOc2cccc3ccccc23)cc1,0.3333333333333333,unknown,unknown,5,196,0.11059808124106962,rank=329; completeness=0.3333333333333333; uncertainty=unknown; disagreement=unknown; new_scaffold=True; relative_cost=5.0,heuristic_priority_not_activity_probability_or_validated_information_gain
QikProp,ATP-HTVS-30BD0ED907F3,331,O=C(CNc1nc(NCCc2ccccc2)[nH+]c2ccccc12)NCc1ccccc1,0.3333333333333333,unknown,unknown,5,197,0.11050010206164525,rank=331; completeness=0.3333333333333333; uncertainty=unknown; disagreement=unknown; new_scaffold=True; relative_cost=5.0,heuristic_priority_not_activity_probability_or_validated_information_gain
QikProp,ATP-HTVS-56362DCB1C38,335,c1ccc(CCNc2nc3ccccc3nc2NCc2cccnc2)cc1,0.3333333333333333,unknown,unknown,5,198,0.11030414370279651,rank=335; completeness=0.3333333333333333; uncertainty=unknown; disagreement=unknown; new_scaffold=True; relative_cost=5.0,heuristic_priority_not_activity_probability_or_validated_information_gain
QikProp,ATP-HTVS-DC74BD16E68F,336,O=C(Cc1ccccc1)Nc1ccc(NCc2ccccc2)cn1,0.3333333333333333,unknown,unknown,5,199,0.11025515411308431,rank=336; completeness=0.3333333333333333; uncertainty=unknown; disagreement=unknown; new_scaffold=True; relative_cost=5.0,heuristic_priority_not_activity_probability_or_validated_information_gain
QikProp,ATP-HTVS-E0D09F3A28CB,338,c1ccc(Cc2cccc(NCc3ccccc3N3CC[NH2+]CC3)n2)cc1,0.3333333333333333,unknown,unknown,5,200,0.11015717493365992,rank=338; completeness=0.3333333333333333; uncertainty=unknown; disagreement=unknown; new_scaffold=True; relative_cost=5.0,heuristic_priority_not_activity_probability_or_validated_information_gain
