canonical_id,canonical_smiles,glide_docking_score,structure_valid,ligand_prepared,vina_available,pose_qc_pass,failure_category,failure_reason,terminal_status
ATP-HTVS-0009DAEDE04F,N#CCN(c1ccccc1)c1cnc(NC(=O)CCc2ccc(S)cc2)c2ccccc12,-3.58525470579908,True,True,True,True,,,success
ATP-HTVS-0015C54A99C8,C[NH+](C)Cc1ccccc1C(=O)Nc1c(N[C@H](C#N)c2c(F)cccc2F)cnc2ccccc12,-3.84066710724475,True,True,True,True,,,success
ATP-HTVS-003E4D952AAC,CC(=O)[C@@H](Nc1cnc2ccccc2c1NC(=O)c1ccccc1C[NH+](C)C)c1ccccc1,-4.13615387037502,True,True,True,True,,,success
ATP-HTVS-005EEA24BFEA,CN(c1cc2ccccc2nc1NC(=O)c1ccccc1C[NH+](C)C)[C@H](C#N)c1ccccc1,-4.35640294669943,True,True,True,True,,,success
ATP-HTVS-0063E4174F09,O=C1CN(Cc2ccc(Cl)cc2I)[C@H](c2ccccc2)c2ccccc2N1,-1.03468293307069,True,True,True,True,,,success
ATP-HTVS-0079D40D2121,Cc1ccccc1C[C@@H](CO)NCc1nc2ccccc2c(-c2ccccc2)c1Cl,-3.34092399123274,True,True,True,True,,,success
ATP-HTVS-007D6F34F923,C[NH+](C)Cc1ccccc1CNc1nc2ccccc2nc1N[C@@H](CCO)c1ccccc1,-3.4850388695678,True,True,True,True,,,success
ATP-HTVS-00C8034698A8,C[NH+](C)Cc1ccc(CC[NH2+]Cc2nc(-c3ccco3)n3ccccc23)cc1,-5.81163963281027,True,True,True,True,,,success
ATP-HTVS-00F86A54285D,C[NH+](C)Cc1ccccc1CNc1nc(NCc2ccccc2CO)[nH+]c2ccccc12,-3.90724208104371,True,True,True,True,,,success
ATP-HTVS-011A966B3F21,Cc1cccc(C[C@@H](CO)C[NH2+][C@H](c2ccccn2)c2cc3ccccc3o2)c1,-5.69314528862896,True,True,True,True,,,success
ATP-HTVS-0125A5267C6C,C[NH+](C)Cc1cccc(CNc2cnc(NC(=O)c3ccc(O)cc3)c3ccccc23)c1,-4.51418145101,True,True,True,True,,,success
ATP-HTVS-0161AEC2E23E,C[C@@H]([NH2+]Cc1ccccc1C[NH+](C)C)c1ccc(-c2ccccc2[N+](=O)[O-])s1,-4.83483869865031,True,True,True,True,,,success
ATP-HTVS-017DA1C05B1D,C[C@H]([NH2+]CC#Cc1cnc(NC(=O)Cc2ccccc2C#N)c2ccccc12)c1ccccc1,-4.47627817522789,True,True,True,True,,,success
ATP-HTVS-01DF3EF44742,C[NH+](C)Cc1cccc(Nc2cnccc2C(=O)N(CCO)c2ccccc2)c1,-4.47878814702221,True,True,True,True,,,success
ATP-HTVS-01E9987F6BBC,O=C1CN(Cc2c(F)ccc(F)c2F)[C@@H](c2ccccc2)c2ccccc2N1,-1.40856773004933,True,True,True,True,,,success
ATP-HTVS-02393E0D1A46,Cc1cccc([C@H](O)CNc2c(NC(=O)c3ccccc3)c[nH+]c3ccccc23)c1,-4.68860698749509,True,True,True,True,,,success
ATP-HTVS-02527EDCA73D,O[C@@H](C[NH2+]Cc1nc2ccccc2n1Cc1ccc(Cl)cc1)c1cccc(Cl)c1,-5.15716390255472,True,True,True,True,,,success
ATP-HTVS-0258CCAE4910,C[NH+](C)CCNc1ccc(CNC(=O)c2cn(-c3ccccc3)c(=O)c3ccccc23)cc1,-3.77278250253085,True,True,True,True,,,success
ATP-HTVS-027CB3113620,CC[C@H](c1ccccc1)N(C)C(=O)c1nn2ccccc2c1C(=O)NCc1ccc(CN(C)C)cc1,-2.49226291162582,True,True,True,True,,,success
ATP-HTVS-0282D10141FD,Cc1cccc(O)c1C[NH2+]Cc1cn(-c2ccccc2)nc1-c1ccncc1,-4.7455117172325,True,True,True,True,,,success
ATP-HTVS-028F2DC4E032,C[NH+](C)Cc1ccc(Cn2c(-c3ccccc3Br)nc3cccc(F)c3c2=O)cc1,-4.69863757955225,True,True,True,True,,,success
ATP-HTVS-02AC8E798E60,C[NH+](C)[C@H](Cc1cc(-c2ccncc2)nc2ccccc12)c1ccccc1Cl,-4.27581637536966,True,True,True,True,,,success
ATP-HTVS-02BB8772E392,Cc1c(CN2CC(=O)Nc3ccccc3[C@@H]2c2ccccc2)cccc1C(F)(F)F,-1.68205076672122,True,True,True,True,,,success
ATP-HTVS-02DF9A19852D,c1ccc(Cn2c(C[NH2+]CC[C@@H](c3ccccc3)[NH+]3CCCC3)nc3ccccc32)cc1,-4.97657782986944,True,True,True,True,,,success
ATP-HTVS-0362648F57EF,Cc1ccc(N(C)C(=O)c2cc(NCc3ccc(C[NH+](C)C)cc3)c(Cl)s2)cc1Cl,-3.94325468056887,True,True,True,True,,,success
ATP-HTVS-03C3664644A2,C[C@@H](C#N)N(c1ccccc1)c1c(CN(C)C(=O)Cc2ccc(O)cc2)sc2ccccc12,-4.15070282757494,True,True,True,True,,,success
ATP-HTVS-03F3A1A9B60E,CN(C(=O)c1sccc1NCc1ccc(C[NH+](C)C)cc1)c1ccccc1N,-2.87454592440143,True,True,True,True,,,success
ATP-HTVS-0438281B0112,C[NH+](C)Cc1ccccc1Nc1nc2ccccc2nc1-c1ccccc1,-4.14983282792689,True,True,True,True,,,success
ATP-HTVS-0460857F35D6,OCCOc1ccc(CNCc2cn(Cc3ccccc3)nc2-c2ccccc2)cc1,-3.06745979615094,True,True,True,True,,,success
ATP-HTVS-04621B482D9F,C[NH+](C)Cc1ccc(CNc2ccsc2C(=O)N(C#N)c2ccccc2)cc1,-4.54855997419821,True,True,True,True,,,success
ATP-HTVS-04BA495CA0A4,Cc1cccc([C@@H](CN(C)C)[NH2+]Cc2nc3ccccc3c(-c3ccccc3)c2Cl)c1,-3.00531349655571,True,True,True,True,,,success
ATP-HTVS-052AF9B11E6A,CCCN(C)[C@H](CNCc1ccc(OCc2ccccc2)cn1)c1ccc(Cl)cc1,-1.36010897797717,True,True,True,True,,,success
ATP-HTVS-053279755E30,CN(C(=O)CC(C)(C)c1ccccc1)c1[nH+]cccc1NCc1ccc(C[NH+](C)C)cc1,-2.01240354385726,True,True,True,True,,,success
ATP-HTVS-0587EECAF94B,CN(Cc1ccccc1)C(=O)c1sccc1NCc1ccc(C[NH+](C)C)cc1,-3.96144137791356,True,True,True,True,,,success
ATP-HTVS-05A72EDFB57A,O=C1c2ccccc2[C@@H](C[NH2+]Cc2cccc(O)c2Cl)N1Cc1ccccc1,-5.97314811529865,True,True,True,True,,,success
ATP-HTVS-05E9E2FC066B,CCN(c1c(NC(=O)c2ccccc2C[NH+](C)C)c[nH+]c2ccccc12)[C@@H](C#N)c1ccccc1,-4.72622512874464,True,True,True,True,,,success
ATP-HTVS-0659C124A83C,C[NH+](C)Cc1ccc(CNc2cc(CO)nc(Cl)c2OCc2ccccc2)cc1,-3.45404571440084,True,True,True,True,,,success
ATP-HTVS-069ABDEDA86E,C[NH+](C)Cc1ccc(CNc2nc(NCc3cccc(OCC#N)c3)c3ccccc3[nH+]2)cc1,-4.26179409221933,True,True,True,True,,,success
ATP-HTVS-06CA19E03C57,CC(=O)c1ccccc1C(=O)Nc1c[nH+]c2ccccc2c1NCCc1ccc(N(C)C)cc1,-4.2587937861896,True,True,True,True,,,success
ATP-HTVS-06E5BAB39855,OC[C@H](Cc1ccccc1Cl)[NH2+]Cc1nc2ccccc2n1Cc1ccccc1,-5.39055779577526,True,True,True,True,,,success
ATP-HTVS-071084F9408F,CN(C(=O)CC(C)(C)c1ccccc1)c1cc(NCc2cccc(C[NH+](C)C)c2)cc[nH+]1,-4.35035063556848,True,True,True,True,,,success
ATP-HTVS-0715C99C3A28,C[NH+](C)Cc1cccc(CNc2cc(Cl)sc2C(=O)Nc2ccc(N)cc2)c1,-4.31020815903779,True,True,True,True,,,success
ATP-HTVS-0743B9964B99,CN(C(=O)c1cc(-c2ccc(C[NH+](C)C)c(F)c2)nc2ccccc12)c1cccc(N)c1,-4.32395435766192,True,True,True,True,,,success
ATP-HTVS-07D9286D8737,CC(=O)[C@H](Nc1cnc2ccccc2c1NC(=O)c1ccc(C[NH+](C)C)cc1)c1ccccc1,-4.23957689882345,True,True,True,True,,,success
ATP-HTVS-07F3737128F1,CCN(c1cc2ccccc2nc1NC(=O)c1ccc(C)cc1)[C@H](C#N)c1ccccc1,-2.91614400004075,True,True,True,True,,,success
ATP-HTVS-08126335CB19,Cc1ccc(C[C@H](NCc2ccc(OCc3ccccc3)c(OCc3ccccc3)c2)C(=O)[O-])cc1,-2.40929881919301,True,True,True,True,,,success
ATP-HTVS-081D95190B15,[NH3+][C@@H](C#Cc1cnc2ccccc2c1NC(=O)C#Cc1ccccc1)Cc1cccc(F)c1,-6.07449494060147,True,True,True,True,,,success
ATP-HTVS-08266C4344A3,[NH3+][C@H](C#Cc1cnc2ccccc2c1NC(=O)c1cc(F)cc(F)c1)Cc1cccc(F)c1,-5.33799910271163,True,True,True,True,,,success
ATP-HTVS-0852D38F8C28,CN(Cc1ccc(C[NH+](C)C)cc1)C(=O)Nc1c(-c2ccccc2)c2cc(Cl)ccc2[nH]c1=O,-1.52630325310868,True,True,True,True,,,success
ATP-HTVS-08590B5C6743,C[NH+](C)Cc1ccccc1C(=O)Nc1ncc(C#Cc2cccc(O)c2)nc1-c1ccccc1,-4.88985591725625,True,True,True,True,,,success
ATP-HTVS-086F5E4227DC,C[NH+](C)Cc1ccc(CNc2ccc(-c3ccc(C#N)cc3)s2)cc1,-4.91629733977056,True,True,True,True,,,success
ATP-HTVS-08A6E1F87809,Cc1c(N)cccc1CNc1nc(NCc2ccc(C[NH+](C)C)cc2)c2ccccc2[nH+]1,-4.18003369774354,True,True,True,True,,,success
ATP-HTVS-093491EAEBEC,C[NH+](C)Cc1cc(F)ccc1CNc1nc(NCc2ccc(N)cc2Cl)c2ccccc2[nH+]1,-3.78030398240935,True,True,True,True,,,success
ATP-HTVS-09A5DA8CBD66,C[NH+](C)Cc1ccc(CCNc2nc(NC[C@H](c3ccccc3)[NH+](C)C)c3ccccc3[nH+]2)cc1,-4.32064354787896,True,True,True,True,,,success
ATP-HTVS-09A833AE3D1D,C[NH+](C)Cc1ccccc1C(=O)Nc1nc2ccccc2cc1-c1ccnc(Cl)c1,-3.68111560471429,True,True,True,True,,,success
ATP-HTVS-09F9B4EC4E97,CCCc1ccc(C[NH2+]Cc2ncc(-c3ccccc3C)cn2)cc1,-4.0071540234108,True,True,True,True,,,success
ATP-HTVS-0A1AFDA96BE3,CN(Cc1ccccc1)[C@H]1C(=O)N(Cc2ccccc2)c2ccccc21,-4.20118108704855,True,True,True,True,,,success
ATP-HTVS-0A1D74055304,OCc1ccc(CC[NH2+]Cc2c(OCc3ccccc3)ccc3ccccc23)cc1,-5.16115024103222,True,True,True,True,,,success
ATP-HTVS-0A30D9D79A37,CN(Cc1ccccc1C[NH+]1CCCC1)c1c(NC(=O)c2ccccc2)cnc2ccccc12,-1.8144976552467,True,True,True,True,,,success
ATP-HTVS-0A53D5277C22,COc1ccc([C@@H](CN(C)C)NCc2nc3ccccc3c(-c3ccccc3)c2Cl)cc1,-2.02757734796739,True,True,True,True,,,success
ATP-HTVS-0A81E0DFACE9,COc1ccccc1-c1cnc(C[NH2+]Cc2ccc(C[NH+](C)C)cc2)nc1,-4.7467795765273,True,True,True,True,,,success
ATP-HTVS-0A8B3D0EFFB7,Cc1ccc([C@@H](O)CNc2cc(-c3ccncc3)[nH+]c3c(F)cccc23)cc1,-5.05094522348199,True,True,True,True,,,success
ATP-HTVS-0A8D2667A5C6,C[NH+](C)Cc1ccc(CNc2cnc3ccccc3c2NC(=O)Cc2cccc(Cl)c2)cc1,-3.43908277029645,True,True,True,True,,,success
ATP-HTVS-0AAFA8CB92ED,C[NH+](C)Cc1ccccc1CNc1nc(NCCc2ccc(N)cc2)c2ccccc2[nH+]1,-4.84593814132737,True,True,True,True,,,success
ATP-HTVS-0AE85D2EF5B8,C[NH+](C)Cc1ccccc1C(=O)Nc1ncc(C#Cc2ccccc2C[NH3+])nc1-c1ccccc1,-5.19876401981564,True,True,True,True,,,success
ATP-HTVS-0B0619B736F3,N#CCN(c1ccccc1)c1cc2ccccc2nc1NC(=O)c1cc(F)cc(F)c1,-3.55560968432524,True,True,True,True,,,success
ATP-HTVS-0B15CB8240E3,CC(=O)c1ccccc1C(=O)Nc1nc2ccccc2cc1C#CCN[C@@H](C)c1ccccc1F,-3.92893107291661,True,True,True,True,,,success
ATP-HTVS-0B527D484045,C[C@H](Nc1cc(Cl)ccc1[C@H](C[NH3+])N(C)C)c1cc2cccc(Cl)c2c(=O)n1-c1ccccc1,-4.70705017394486,True,True,True,True,,,success
ATP-HTVS-0B76E6A2B6F2,C[C@@H](C#N)N(C(=O)c1[nH]c2ccccc2c1Nc1ccc(NCCO)cc1)c1ccccc1,-3.61221120442026,True,True,True,True,,,success
ATP-HTVS-0BEF59EEEAC9,O=C1CN(Cc2cccc(C(=O)NCCO)c2)[C@H](c2ccccc2)c2ccccc2N1,-4.29629478093592,True,True,True,True,,,success
ATP-HTVS-0C1598B702AE,COCCNc1ccccc1C[NH2+]Cc1c(-c2ccccc2)cc2ccccn12,-3.15858840715297,True,True,True,True,,,success
ATP-HTVS-0C253F9D7643,O=C([O-])C[N@H+](Cc1ccc(Cl)cc1)Cc1cc(OCc2ccccc2)c2ccccc2c1,-3.61118922669315,True,True,True,True,,,success
ATP-HTVS-0C40F7CB6A92,Cc1ccc([C@@](C)(CO)C[NH2+]Cc2cn(-c3ccccc3)nc2-c2ccncc2)cc1,-5.00496722494702,True,True,True,True,,,success
ATP-HTVS-0C765FB89CD3,CC[N@@H+](C)Cc1cccc(CNc2nc3ccccc3nc2N(C)CCc2cccc([N+](=O)[O-])c2)c1,-4.11182705426906,True,True,True,True,,,success
ATP-HTVS-0C924C2A1F00,O=C(Nc1c[nH+]c2ccccc2c1NCc1ccc(NCCO)cc1)c1cccc(CS)c1,-3.96699931810985,True,True,True,True,,,success
ATP-HTVS-0CA591B42E29,C[NH+](C)Cc1cccc(CN[C@H](C#Cc2ccc(C(=O)[O-])cc2)c2coc3ccccc23)c1,-5.49807264992147,True,True,True,True,,,success
ATP-HTVS-0CB0406266F3,CN(Cc1ccc(C[NH+](C)C)cc1)C(=O)Cn1c(COc2ccc(Cl)cc2)nc2ccccc21,-3.43878014204707,True,True,True,True,,,success
ATP-HTVS-0CBFB91815ED,CN(Cc1sc2ccccc2c1NCc1cccc(C[NH+](C)C)c1)C(=O)[C@@H](O)c1ccccc1,-4.4755885529581,True,True,True,True,,,success
ATP-HTVS-0CC0B448CED2,c1ccc(-n2cc(C[NH2+]Cc3ccccc3C[NH+]3CCCC3)c(-c3cccnc3)n2)cc1,-4.12199800493643,True,True,True,True,,,success
ATP-HTVS-0CD00DCFE488,CC(C)N(C)Cc1cccc(CNC(=O)Cn2c(COc3ccc(Cl)cc3)nc3ccccc32)c1,-0.727471403035266,True,True,True,True,,,success
ATP-HTVS-0CE67B896AED,CNc1cccc(CNC(=O)c2cnc3ccc(F)cc3c2N(C)c2ccccc2F)c1,-4.50629604942923,True,True,True,True,,,success
ATP-HTVS-0D57BDDB1211,CN(C)Cc1cccc(CNc2c(NC(=O)[C@@H](F)c3ccc(Cl)cc3)c[nH+]c3ccccc23)c1,-2.14571084498983,True,True,True,True,,,success
ATP-HTVS-0D83F5E9F976,CC[N@@H+](C)Cc1cccc(CNc2nc(NCc3ccccc3C#N)c3ccccc3[nH+]2)c1,-3.48376880382318,True,True,True,True,,,success
ATP-HTVS-0D8C52C362EE,C#CCN(Cc1ccccc1)C(=O)c1cc(NCc2cccc(C[NH+](C)C)c2)c(Cl)s1,-2.43691677875083,True,True,True,True,,,success
ATP-HTVS-0DE7571C9DAC,Cc1c(Cl)cccc1OCc1ccc(C[NH2+]Cc2ccccc2NCCO)o1,-4.60852371036615,True,True,True,True,,,success
ATP-HTVS-0E6472D072C2,C[NH+](C)[C@H](CNc1nc(C(C)(C)c2ccccc2)nc2ccccc12)c1ccc(O)cc1,-3.87174706925944,True,True,True,True,,,success
ATP-HTVS-0E76F39BB090,C[NH+](C)Cc1cccc(CNc2nc3ccccc3nc2NCc2ccccc2N)c1,-4.91384379869376,True,True,True,True,,,success
ATP-HTVS-0E779CFB9E8D,C[NH+](C)Cc1ccc(C(=O)Nc2ccc([C@@H](C#N)c3ccccc3)c(-c3ccc(C[NH3+])cc3)c2)cc1,-4.64095293720157,True,True,True,True,,,success
ATP-HTVS-0EB7A7111FDE,CN(Cc1sc2ccccc2c1NCc1ccc(NCCO)cc1)C(=O)c1cc(F)ccc1F,-2.77832980422911,True,True,True,True,,,success
ATP-HTVS-0F3A12BD04AB,CC(=O)c1ccc(CC(=O)Nc2c[nH+]c3ccccc3c2NCc2ccc(NCCO)cc2)c(F)c1,-6.07159898960278,True,True,True,True,,,success
ATP-HTVS-0F469DA925F8,C#Cc1ccc(C(=O)Nc2c(NCc3cccc(C[NH+](C)C)c3)cnc3ccccc23)cc1,-3.94088849150865,True,True,True,True,,,success
ATP-HTVS-0F46F3379ABF,C[NH+](C)Cc1cccc(CNc2cc3ccccc3nc2NC(=O)Cc2cccc(C#N)c2)c1,-3.90607429563462,True,True,True,True,,,success
ATP-HTVS-0F4AF3905209,C[NH+](C)Cc1cccc(Cn2c(-c3cccc(Br)c3)nc3cccc(F)c3c2=O)c1,-3.52113327150541,True,True,True,True,,,success
ATP-HTVS-0F6915EAEEA3,C[C@H]([NH2+]Cc1ccc(C[NH+](C)C)cc1)c1cn(Cc2cccc(C(F)(F)F)c2)nn1,-5.92798196044923,True,True,True,True,,,success
ATP-HTVS-0F755B78CCFB,C[NH+](C)Cc1ccc(C(=O)Nc2ncc(NCc3ccc(NCCO)cc3)c3ccccc23)cc1,-4.35514726578573,True,True,True,True,,,success
ATP-HTVS-0F900EB338B9,CN(CC(=O)Nc1c(Nc2ccc(NCCO)cc2)cnc2ccccc12)c1ccccc1,-5.14238362081274,True,True,True,True,,,success
ATP-HTVS-0FD0361A2408,C[NH+](C)Cc1cccc(CNc2cc(F)cnc2NC(=O)C(F)(F)c2ccccc2)c1,-4.34741831969368,True,True,True,True,,,success
ATP-HTVS-0FDC7A3FF1CA,CC[NH+](CC)Cc1ccccc1C[NH2+]Cc1cn(CCC#N)nc1-c1ccc(Cl)cc1,-5.88013714765497,True,True,True,True,,,success
ATP-HTVS-103E90EA5971,C[C@H](c1ccc(Cl)cc1)N(C)C(=O)c1cc(NCc2cccc(C[NH+](C)C)c2)cs1,-4.4936951823295,True,True,True,True,,,success
ATP-HTVS-106685DD3ACA,C[NH+](C)Cc1ccc(CNc2cnc3ccccc3c2NC(=O)c2cccc(F)c2F)cc1,-4.01924083094669,True,True,True,True,,,success
ATP-HTVS-10900B51E20F,CC[NH+](CC)Cc1ccccc1C[NH2+]Cc1csc(N(C(C)=O)c2ccc(C)cc2)n1,-4.99358231560657,True,True,True,True,,,success
ATP-HTVS-109B405B023F,CC(C)Oc1ccc(CN2CC(=O)Nc3ccccc3[C@@H]2c2ccccc2)c(Cl)c1,-1.38503096339242,True,True,True,True,,,success
ATP-HTVS-10A4E2B2EADA,C[NH+](C)Cc1ccc(C(=O)Nc2nccc(Nc3ccccc3N)c2C(=O)c2ccccc2)cc1,-4.57477617344155,True,True,True,True,,,success
ATP-HTVS-11489B74AE1C,C[NH+](C)Cc1cccc(CNc2c(NC(=O)[C@](C)(O)c3ccccc3)c[nH+]c3ccccc23)c1,-5.03834344879853,True,True,True,True,,,success
ATP-HTVS-115B93EFBC96,CN(c1cc2ccccc2nc1NC(=O)COc1ccccc1Cl)[C@H](C#N)c1ccccc1,-3.64122190653447,True,True,True,True,,,success
ATP-HTVS-11C14F34C5FE,OC[C@H](NCc1nc2ccccc2c(-c2ccccc2)c1Cl)c1cccc(F)c1,-4.15555608176031,True,True,True,True,,,success
ATP-HTVS-11CEFB3A39DF,CN(CCC#N)c1ccc(C[NH2+]Cc2cn(-c3ccccc3)nc2-c2ccncc2)cc1,-5.0306086001535,True,True,True,True,,,success
ATP-HTVS-11E35EA06531,Cc1ccc(N)cc1CNc1nc(NCc2ccccc2C[NH+](C)C)[nH+]c2ccccc12,-4.23623957512344,True,True,True,True,,,success
ATP-HTVS-125A7E13CFB1,C[C@H](C#N)N(c1ccccc1)c1c(NC(=O)[C@@H](c2ccc(Cl)cc2)N(C)C)cnc2ccccc12,-3.1340226312072,True,True,True,True,,,success
ATP-HTVS-12CEF0BA8B10,CN(CCOc1cccc(C#N)c1)c1nc2ccccc2nc1NCc1ccccc1C[NH+](C)C,-4.16872499718825,True,True,True,True,,,success
ATP-HTVS-132672672DF9,C[NH+](C)Cc1ccc(C(=O)Nc2nc3ccccc3cc2NCc2ccc(NCCO)cc2)cc1,-4.42873461631719,True,True,True,True,,,success
ATP-HTVS-132BACAA4698,N#Cc1ccc(C(=O)Nc2c[nH+]c3ccccc3c2NCc2ccc(NCCO)cc2)cc1,-4.75722904561426,True,True,True,True,,,success
ATP-HTVS-134FC0CB3694,C[NH+](C)Cc1ccc(CNc2c(NC(=O)Cc3ccc(Cl)cc3F)c[nH+]c3ccccc23)cc1,-4.5836821116938,True,True,True,True,,,success
ATP-HTVS-1356F7D69808,C[NH+](C)Cc1ccc(NC(=O)NC[C@H]2c3ccccc3C(=O)N2Cc2ccccc2)c(F)c1,-4.76216215558839,True,True,True,True,,,success
ATP-HTVS-1373BD200FA0,CC(=O)c1ccc(CC(=O)Nc2[nH+]cc(NCc3ccc(C[NH+](C)C)cc3)c3ccccc23)cc1,-4.37759148920313,True,True,True,True,,,success
ATP-HTVS-1377A1139B97,CC(=O)c1ccccc1C(=O)Nc1nc2ccccc2cc1C#CC[NH2+]Cc1ccccc1,-4.68563003207059,True,True,True,True,,,success
ATP-HTVS-138C9DBD3419,CC[N@@H+](CCOc1ccc(OC)c2ccccc12)Cc1ccc(C[NH+](C)C)cc1,-4.92660496634571,True,True,True,True,,,success
ATP-HTVS-13A5AE9C2B6A,C#C[C@H](C)NC(=O)c1cccc(CNCc2[nH+]c3ccccc3n2Cc2ccccc2)c1,-3.76780447123084,True,True,True,True,,,success
ATP-HTVS-1402A7ED8177,C[NH+](C)[C@@H](CNc1cc(COc2ccccc2)[nH+]c2ccc(O)cc12)c1ccc(F)cc1,-5.06327281392812,True,True,True,True,,,success
ATP-HTVS-143D46541936,CN(Cc1ccccc1)C(=O)c1cc(NCc2ccc(C[NH+](C)C)cc2)cs1,-3.86812266389345,True,True,True,True,,,success
ATP-HTVS-1449F4F4BA71,Cc1ccc(C(=O)c2cnc3ccc(F)cc3c2N(CC[NH3+])Cc2ccc(F)cc2)cc1,-6.21958526920677,True,True,True,True,,,success
ATP-HTVS-14724C615932,Cc1cc(C)c(C[NH2+][C@@H](Cc2ccccc2)CN(C)C)c(OCc2ccccc2)n1,-3.29507612750316,True,True,True,True,,,success
ATP-HTVS-14AE04B6952B,CC(C)Nc1ccc(CNc2nc(N[C@@H](CC(N)=O)c3ccccc3)c3ccccc3[nH+]2)cc1,-4.47370169161169,True,True,True,True,,,success
ATP-HTVS-14BA2D75CE49,C[NH+](C)[C@@H](CNc1cc(COc2ccccc2)[nH+]c2c([O-])cccc12)c1ccc(F)cc1,-3.54257727891752,True,True,True,True,,,success
ATP-HTVS-1551732D1515,Cc1cc(OCc2ccc(C[NH2+]Cc3ccccc3NCCO)o2)ccc1Cl,-3.86577494528237,True,True,True,True,,,success
ATP-HTVS-159795FE363C,N#Cc1ccccc1CC(=O)Nc1nc2ccccc2cc1C#C[C@@H]([NH3+])Cc1cccc(F)c1,-5.28912059855985,True,True,True,True,,,success
ATP-HTVS-159959ECB567,C[NH+](C)Cc1cccc(CNc2c(NC(=O)c3cc(F)cc(F)c3)c[nH+]c3ccccc23)c1,-5.28054980478574,True,True,True,True,,,success
ATP-HTVS-159CD8CCFA6D,COc1cccc(F)c1C[NH2+]C[C@H]1c2ccccc2C(=O)N1Cc1ccccc1,-5.41069228280643,True,True,True,True,,,success
ATP-HTVS-159F0F821AF9,C#Cc1ccccc1NC(=O)c1sc(Cl)cc1NCc1cccc(C[NH+](C)C)c1,-4.07684671932549,True,True,True,True,,,success
ATP-HTVS-15A0030054C0,C[NH+](C)Cc1ccc(CNc2cnc3ccccc3c2NC(=O)C#Cc2ccccc2)cc1,-4.26158179087582,True,True,True,True,,,success
ATP-HTVS-15F2A5DBBD51,CC[N@H+](Cc1ccc(C[NH+](C)C)cc1)Cc1ccc(COc2ccc(Cl)c(C)c2)o1,-5.75577483810029,True,True,True,True,,,success
ATP-HTVS-15FA43506D9E,CC[N@@H+](Cc1ccc(C[NH+](C)C)cc1)Cc1cn(Cc2ccccc2)nc1-c1cccnc1,-4.32346194669473,True,True,True,True,,,success
ATP-HTVS-16140744D8E5,Cc1ccc(CN2C(=O)c3ccccc3N[C@H]2c2ccccc2I)cc1,-3.44500000443843,True,True,True,True,,,success
ATP-HTVS-16316C23D1E4,CC[NH+](CC)Cc1ccc(CNc2cnc3ccccc3c2NC(=O)CN(C)c2ccccc2)cc1,-3.9335371092757,True,True,True,True,,,success
ATP-HTVS-167535894C2D,CN(Cc1ccc(N)[nH+]c1)c1nc2ccccc2nc1NCCc1ccc(C[NH+](C)C)cc1,-4.2337937922233,True,True,True,True,,,success
ATP-HTVS-169071BECF96,Cc1cccc(Cl)c1C(=O)Nc1cnc2ccccc2c1N(CC#N)c1ccccc1,-3.45555133972806,True,True,True,True,,,success
ATP-HTVS-16A35D40F1B5,COC[C@H](Nc1nc(NCc2ccc(F)c(C[NH+](C)C)c2)nc2ccccc12)c1ccccc1,-2.22015345546122,True,True,True,True,,,success
ATP-HTVS-16AC68300479,CN(C(=O)c1sc2cc(F)ccc2c1NCc1ccc(C[NH+](C)C)cc1)c1cccc(O)c1,-3.75054118131307,True,True,True,True,,,success
ATP-HTVS-16D62B7C6E45,C[NH+](C)Cc1ccc(Nc2nc(CO)ccc2OCc2ccccc2)cc1,-4.29624229911156,True,True,True,True,,,success
ATP-HTVS-16D892EEAEA4,C[NH+](C)Cc1ccccc1C(=O)Nc1c[nH+]c2ccccc2c1NCCSc1ccccc1,-4.95125760465499,True,True,True,True,,,success
ATP-HTVS-1714ADEB4D31,C[C@H](NCC#Cc1c(NC(=O)c2ccccc2O)cnc2ccccc12)c1ccc(F)cc1,-3.77942895653008,True,True,True,True,,,success
ATP-HTVS-17511F2B790B,C[NH+](C)Cc1ccc(CCNc2nc(NCc3ccc(N)cc3Cl)[nH+]c3ccccc23)cc1,-3.92368364209873,True,True,True,True,,,success
ATP-HTVS-1776C87C4427,C[NH+](C)Cc1ccc(CNc2cc(NC(=O)C#Cc3ccccc3)ncc2F)cc1,-4.07652503564157,True,True,True,True,,,success
ATP-HTVS-17940C77D749,C#C[C@H](c1ccccc1Cl)N1CC(=O)Nc2ccccc2[C@H]1c1ccccc1,-1.41615362191532,True,True,True,True,,,success
ATP-HTVS-17A38785E483,O=C1c2ccccc2[C@@H](C[NH2+]Cc2ccc(CCF)cc2)N1Cc1ccccc1,-4.82600227547684,True,True,True,True,,,success
ATP-HTVS-17C024B1EE7E,O[C@H](CNc1nc(-c2ccc(Br)cc2)nc2ccccc12)c1ccccc1F,-3.63222262321622,True,True,True,True,,,success
ATP-HTVS-17D20C07D7F4,CN(Cc1sc2ccccc2c1C#C[C@@H](N)Cc1cccc(F)c1)C(=O)c1ccc(O)cc1,-3.57264819833477,True,True,True,True,,,success
ATP-HTVS-17FF806DFA04,COC(=O)c1cccc(C(=O)Nc2c[nH+]c3ccccc3c2NCc2ccc(C[NH+](C)C)cc2)c1F,-4.53086050427011,True,True,True,True,,,success
ATP-HTVS-18044BD9974D,C[NH+](C)Cc1ccc(CCNc2nc(NCc3ccc4c(c3)OCO4)[nH+]c3ccccc23)cc1,-4.02113095192044,True,True,True,True,,,success
ATP-HTVS-1817E5512E7A,CCCc1ccc(C(=O)Nc2ncc(NCc3ccc(NCCO)cc3)c3ccccc23)cc1,-3.67639043964646,True,True,True,True,,,success
ATP-HTVS-18265C9EB86B,C[NH+](C)Cc1cc(CNc2ncccc2OCc2ccccc2)ccc1O,-4.85844997584357,True,True,True,True,,,success
ATP-HTVS-185EDA97C211,CC(=O)[C@H](Nc1cnc(NC(=O)c2ccccc2C[NH+](C)C)c2ccccc12)c1ccccc1,-4.88499758951559,True,True,True,True,,,success
ATP-HTVS-18A7589C7FB7,C[C@H]([NH2+]CC#Cc1cnc2ccccc2c1NC(=O)Cc1ccc(C#N)c(Cl)c1)c1cccc(F)c1,-4.66481018694111,True,True,True,True,,,success
ATP-HTVS-18AAC668D3EC,N#CCN(c1ccccc1)c1cnc2ccccc2c1NC(=O)c1cccc(F)c1,-3.28459744012558,True,True,True,True,,,success
ATP-HTVS-18CFABF6753A,CN(CC(=O)NCc1ccccc1)c1nc(NCc2cccc(C[NH+](C)C)c2)c2ccccc2[nH+]1,-4.48878660048069,True,True,True,True,,,success
ATP-HTVS-18FDFF56F821,C[NH+](C)Cc1cccc(CNc2nc(NCc3ccc(N)c(Cl)c3)c3ccccc3[nH+]2)c1,-3.54183362214925,True,True,True,True,,,success
ATP-HTVS-190A8EA9B17C,C[C@H]([NH2+][C@H](C)c1nc(-c2ccc(F)c(Cl)c2)cs1)c1cccc(C[NH+](C)C)c1,-5.31774251887787,True,True,True,True,,,success
ATP-HTVS-1928ECDAF189,CN(Cc1ccccc1)C(=O)c1c(C(=O)NCc2ccc(C[NH+](C)C)cc2)nn2ccccc12,-3.73769009275821,True,True,True,True,,,success
ATP-HTVS-193F5213E1F4,Cc1ccc2nc(-c3ccc(F)cc3)c(C[NH2+]Cc3ccc(F)cc3C[NH+](C)C)n2c1,-5.4077521026514,True,True,True,True,,,success
ATP-HTVS-1940D4055FE9,C[C@@H](NCC#C[C@H](NCC(=O)c1ccccc1)c1cc2ccccc2s1)c1cccc(F)c1,-4.81153592350679,True,True,True,True,,,success
ATP-HTVS-1952D56C5A08,C[NH+](C)Cc1ccccc1C(=O)Nc1ncc(NCc2ccc(NCCO)cc2)c2ccccc12,-3.49607907335307,True,True,True,True,,,success
ATP-HTVS-196468D2BF96,C[C@@H]([NH2+]CC#Cc1c(NC(=O)Cc2ccc(C#N)cc2)cnc2ccccc12)c1ccc(F)cc1,-4.75946844775766,True,True,True,True,,,success
ATP-HTVS-19D22C817A74,Cc1c([C@H](C#Cc2ccc(C(=O)[O-])cc2)[NH2+]Cc2ccc(C[NH+](C)C)cc2)sc2ccccc12,-4.63545781705695,True,True,True,True,,,success
ATP-HTVS-19D9965850C9,C[NH+](C)Cc1ccccc1CNc1nc(NCc2ccccc2CO)c2ccccc2[nH+]1,-4.34190893737063,True,True,True,True,,,success
ATP-HTVS-19DB56372FFA,C[NH+](C)Cc1ccc(CNc2c[nH+]c(NC(=O)Cc3cccc(C#N)c3)c3ccccc23)cc1,-4.98827267664352,True,True,True,True,,,success
ATP-HTVS-19E5DD3F936E,CC(C)[NH2+]c1cccc(CNc2nc(N[C@@H](C)c3cccc(C#N)c3)c3ccccc3[nH+]2)c1,-3.53201472588921,True,True,True,True,,,success
ATP-HTVS-19E7C62EA548,COc1ccccc1OCc1ccc(C[NH2+]Cc2ccc(F)cc2C[NH+](C)C)o1,-5.5831877775816,True,True,True,True,,,success
ATP-HTVS-1A821EC4699A,C[NH+](C)Cc1cccc(CNc2cccnc2C(=O)N(CC#N)Cc2ccc(F)cc2)c1,-3.94813074125732,True,True,True,True,,,success
ATP-HTVS-1A8854DD1E1A,Cc1nc2ccccc2c(NC[C@H](O)c2cccc(Cl)c2)c1C(=O)Nc1ccccc1,-1.4760904096421,True,True,True,True,,,success
ATP-HTVS-1AA1BAAE4A01,CC[NH+](CC)Cc1ccc(CNc2c(NC(=O)c3ccc(C#N)c(F)c3)c[nH+]c3ccccc23)cc1,-4.60521932510959,True,True,True,True,,,success
ATP-HTVS-1ACF073F315C,O=C([O-])CCCc1ccc(C[NH2+]Cc2cn(Cc3ccccc3)nc2-c2ccc(Cl)cc2)cc1,-5.67982151086328,True,True,True,True,,,success
ATP-HTVS-1AEE198E3D8C,Cc1ccc([C@H](O)CNc2cc(N(C)Cc3ccccc3)nc(Nc3ccccc3O)[nH+]2)cc1,-4.57250055963347,True,True,True,True,,,success
ATP-HTVS-1B05407455E5,COc1ccc(-c2nc(C)c([C@@H](C)[NH2+]CCc3ccc(C[NH+](C)C)cc3)s2)cc1,-4.53372223897668,True,True,True,True,,,success
ATP-HTVS-1B1248DF0721,C[NH+](C)Cc1ccc(CNc2cc3ccccc3nc2NC(=O)[C@H](C#N)Cc2ccccc2)cc1,-4.03567341540009,True,True,True,True,,,success
ATP-HTVS-1B366D2FDBBA,COC(=O)c1ccc(F)cc1C(=O)Nc1c(NCc2cccc(C[NH+](C)C)c2)c[nH+]c2ccccc12,-3.7617370020744,True,True,True,True,,,success
ATP-HTVS-1B509C27CE75,C[C@@H](Nc1nc2ccccc2nc1NCCc1ccc(CN(C)C)cc1)c1cncc(F)c1,-2.95866885265271,True,True,True,True,,,success
ATP-HTVS-1B60B6D0433D,C[NH+](C)Cc1cc(CNc2nc(NCc3ccc([N+](=O)[O-])cc3)[nH+]c3ccccc23)ccc1F,-3.8549943186462,True,True,True,True,,,success
ATP-HTVS-1B84D304C2ED,Cc1nc(F)c(C(=O)Nc2cccc(C[NH+](C)C)c2)cc1N(CC#N)c1ccccc1,-4.5155421637591,True,True,True,True,,,success
ATP-HTVS-1B9CB386F0F9,Cc1ccccc1[C@H](C)NC[C@H]1c2ccccc2C(=O)N1Cc1ccccc1,-2.1833100640541,True,True,True,True,,,success
ATP-HTVS-1C066C79A7D0,COc1cc(C[NH2+]C[C@@H](C[NH+](C)C)c2ccccc2)cc(O)c1OCc1ccccc1,-3.68331279187064,True,True,True,True,,,success
ATP-HTVS-1C1B7F9BB8FF,CN(C(=O)c1sccc1NCc1ccc(C[NH+](C)C)cc1)c1ccc(O)cc1,-4.60996629174081,True,True,True,True,,,success
ATP-HTVS-1C463A9823EA,CN(CC(=O)N(C)c1ccccc1)c1c(NC(=O)c2ccc(C[NH+](C)C)cc2)c[nH+]c2ccccc12,-4.36776645444333,True,True,True,True,,,success
ATP-HTVS-1C4EC58A3066,N#C[C@H](Cc1ccccc1)Nc1c(NC(=O)c2ccccc2)c[nH+]c2ccccc12,-4.57375810894154,True,True,True,True,,,success
ATP-HTVS-1C71F28794EF,CC(C)(C(=O)Nc1cnc2ccccc2c1N(C#N)c1ccccc1)c1ccc(Cl)cc1,-3.31265923241522,True,True,True,True,,,success
ATP-HTVS-1C9D0B7FE190,COc1ccc([C@H](C)n2c(-c3ccccc3)cc(=O)c3cc(F)ccc32)c(C[NH+](C)C)c1,-3.95778110112639,True,True,True,True,,,success
ATP-HTVS-1CAAE7675504,CC[N@@H+](C)Cc1cccc(CNc2nc(NCc3ccc(F)cc3N)c3ccccc3[nH+]2)c1,-4.60608640578991,True,True,True,True,,,success
ATP-HTVS-1CF603621065,Cc1ccc([C@@H](C#N)Nc2nc3ccccc3cc2C(=O)Nc2ccccc2)cc1,-3.42917628372208,True,True,True,True,,,success
ATP-HTVS-1D0FF5192E4C,COC(=O)Nc1cccc(C(=O)Nc2c[nH+]c3ccccc3c2NCc2cccc(C[NH+](C)C)c2)c1,-5.16069768672787,True,True,True,True,,,success
ATP-HTVS-1D1DA7871618,C[NH+](C)Cc1cccc(-c2cc(C(=O)N(CCO)Cc3ccccc3)c3ccccc3n2)c1,-3.67743152136295,True,True,True,True,,,success
ATP-HTVS-1D28793FB59B,Clc1cccc([C@@H](C[NH2+]Cc2cn(-c3ccccc3)nc2-c2cccnc2)N2CCCC2)c1,-3.73559927193115,True,True,True,True,,,success
ATP-HTVS-1D3C11D6B0D4,N#Cc1cc(C(=O)Nc2c(C#CC[NH2+]Cc3ccccc3)cnc3ccccc23)ccc1Cl,-5.87800754081715,True,True,True,True,,,success
ATP-HTVS-1DC16EDC7F4D,C[NH+](C)Cc1ccccc1C[NH2+]Cc1c(-c2ccc(F)cc2)nc2ccc(F)cn12,-5.49655662372381,True,True,True,True,,,success
ATP-HTVS-1DC6D2F4A05D,C[NH+](C)Cc1cc(F)ccc1CNc1nc(NCc2ccc(CO)cc2F)c2ccccc2[nH+]1,-3.9843455195567,True,True,True,True,,,success
ATP-HTVS-1DD46A13AEBB,O=C1c2ccccc2N[C@H](c2ccccc2Cl)N1Cc1ccccc1,-3.75454992945662,True,True,True,True,,,success
ATP-HTVS-1E20B63FDE5F,C[NH+](C)Cc1cccc(CNc2cnc3ccccc3c2NC(=O)Cc2ncccc2Cl)c1,-4.03302644202815,True,True,True,True,,,success
ATP-HTVS-1E475A4B97CE,C[NH+](C)Cc1ccc(-c2cc(C(=O)N(CCO)Cc3ccccc3)c3ccccc3n2)cc1F,-4.27826615907258,True,True,True,True,,,success
ATP-HTVS-1E5A6A308B25,CN(C(=O)c1ccccc1F)c1ccncc1NCc1ccc(C[NH+](C)C)cc1,-3.79637454853526,True,True,True,True,,,success
ATP-HTVS-1EBFDE0160CD,C[NH+](C)Cc1ccc(C(=O)Nc2ccc([C@@H](C#N)c3ccccc3)c(-c3cccc(O)c3)c2)cc1,-4.82272061344761,True,True,True,True,,,success
ATP-HTVS-1F874564E13F,C[NH+](C)Cc1ccc(CNc2cc(C(=O)Nc3ccccc3)sc2Cl)cc1,-3.72808344435626,True,True,True,True,,,success
ATP-HTVS-1F9A02273F27,CN(c1c(C(=O)NCc2ccc(C[NH+](C)C)cc2)cnc2ccc(F)cc12)[C@H](C#N)c1ccccc1,-4.58450927429136,True,True,True,True,,,success
ATP-HTVS-1FAE7495FCDD,C#Cc1ccc(CNc2c(NC(=O)c3ccccc3)c[nH+]c3ccccc23)cc1,-4.97918472610383,True,True,True,True,,,success
ATP-HTVS-1FED3714464D,C#Cc1ccc(C(=O)Nc2ncc(NCc3ccc(C[NH+](C)C)cc3)c3ccccc23)cc1,-4.32176616689075,True,True,True,True,,,success
ATP-HTVS-1FF6C325CA7A,N#CCN(c1ccccc1)c1c(NC(=O)c2cccc(C[NH+]3CCCC3)c2)cnc2ccccc12,-3.48306168637278,True,True,True,True,,,success
ATP-HTVS-203210320F32,O=C(Nc1ncc(NCc2ccc(NCCO)cc2)c2ccccc12)c1cccc(C2CC2)c1,-3.67749536382082,True,True,True,True,,,success
ATP-HTVS-20B250E7AB9A,C[C@](N)(C(=O)n1nc(-c2ccc(F)cc2F)cc1CC[NH2+]Cc1ccccc1)c1ccccc1,-6.11096576140097,True,True,True,True,,,success
ATP-HTVS-20FB50B88593,C#CCN(C)Cc1cccc(C(=O)Nc2ccnc(SCc3ccccc3)c2)c1,-3.99504551780237,True,True,True,True,,,success
ATP-HTVS-2118F57CAFF1,C[NH+](C)Cc1cccc(CNc2c(NC(=O)c3c(Cl)cccc3Cl)c[nH+]c3ccccc23)c1,-4.2535308868053,True,True,True,True,,,success
ATP-HTVS-2125555B1DA5,C[NH2+]Cc1ccc(CNC(=O)c2[nH]c3ccccc3c2C#CCOc2ccccc2F)cc1,-4.30569328835689,True,True,True,True,,,success
ATP-HTVS-217395D9F0A5,C[NH+](C)Cc1cccc(CNc2nc(NC[C@@H](c3ccccc3)[NH+](C)C)[nH+]c3ccccc23)c1,-4.13221768042895,True,True,True,True,,,success
ATP-HTVS-217B57A40B61,Cc1ccc([C@@H](C)[NH2+]C[C@@H]2c3ccccc3C(=O)N2Cc2ccccc2)cc1,-4.67922983872584,True,True,True,True,,,success
ATP-HTVS-218E3E4A28A7,C[NH+](C)Cc1ccc(C(=O)Nc2ccc([C@H](C#N)c3ccccc3)c(-c3cc(O)cc(F)c3)c2)cc1,-4.3836149192389,True,True,True,True,,,success
ATP-HTVS-21B7BD60A2C7,CNc1cccc(Nc2c(C(=O)N(c3ccccc3)[C@H](C)C#N)cnc3ccc(F)cc23)c1,-3.14434477210409,True,True,True,True,,,success
ATP-HTVS-21B7E8D8DA00,C[NH+](C)Cc1ccc(CNc2cc(Cl)sc2C(=O)N[C@@H](C#N)c2ccccc2)cc1,-4.74104503430893,True,True,True,True,,,success
ATP-HTVS-21BB1C807E7E,C[C@@H](O)Cc1ccc(C[NH2+]Cc2cccnc2OCc2ccccc2)cc1,-4.86452904460303,True,True,True,True,,,success
ATP-HTVS-21D2D8C367A1,Cc1sc2ccccc2c1[C@H](C#Cc1ccc(C(=O)[O-])cc1)[NH2+]Cc1ccc(C[NH+](C)C)cc1,-4.58217851065818,True,True,True,True,,,success
ATP-HTVS-22634BBBCB97,CCNc1ccc(CNc2nc(NCc3ccc(F)cc3CN(C)C)[nH+]c3ccccc23)cc1,-2.64904714563674,True,True,True,True,,,success
ATP-HTVS-2275AB855C30,C[C@@H]([NH2+]CC#Cc1cnc2ccccc2c1NC(=O)c1ccc(O)cc1)c1ccc(F)cc1,-4.55068115608745,True,True,True,True,,,success
ATP-HTVS-22C0C64F65E9,CC[N@@H+](C)Cc1cccc(C(=O)NC[C@H]2c3ccccc3C(=O)N2Cc2ccccc2)c1,-4.66340162849872,True,True,True,True,,,success
ATP-HTVS-22E2482E2999,C[NH+](C)Cc1ccc(CNc2nc(NCc3ccc(F)c(CO)c3)[nH+]c3ccccc23)cc1,-5.66681419218853,True,True,True,True,,,success
ATP-HTVS-22E536A2C0FA,C[NH+](C)Cc1ccccc1NC(=O)NCCc1nc2ccccc2n1-c1ccccc1,-4.34738871908122,True,True,True,True,,,success
ATP-HTVS-22FAF80E23F8,CC(=O)Nc1ccc(CCNc2[nH+]nc(-c3ccccc3)c3ccccc23)cc1,-3.63891699807897,True,True,True,True,,,success
ATP-HTVS-23113A9B9381,C[C@H](Nc1nc(NCc2ccc(F)c(CN(C)C)c2)[nH+]c2ccccc12)c1ccccc1F,-2.18838654799351,True,True,True,True,,,success
ATP-HTVS-2368A2FD4D76,COc1ccc([C@H](C#N)Nc2cnc3ccccc3c2NC(=O)c2ccccc2C[NH+](C)C)cc1,-4.02253006518207,True,True,True,True,,,success
ATP-HTVS-239E0EA8BC65,C[NH+](C)Cc1ccc(NC(=O)Nc2ccnc(SCc3ccccc3)c2)cc1Cl,-4.04262620061258,True,True,True,True,,,success
ATP-HTVS-23EBF8E8F6E9,CN(c1cnc(NC(=O)[C@@H](c2ccccc2)[NH+](C)C)c2ccccc12)[C@@H](C#N)c1ccccc1,-3.87515742667407,True,True,True,True,,,success
ATP-HTVS-23EDEB47FF93,C[NH+](C)Cc1ccc(CNc2cnc(NC(=O)c3ccccc3C#N)c3ccccc23)cc1,-4.51334298919268,True,True,True,True,,,success
ATP-HTVS-23F526837945,C[NH+](C)Cc1ccccc1C(=O)Nc1nccc(Nc2ccc(N)cc2)c1C(=O)c1ccccc1,-4.36904068807982,True,True,True,True,,,success
ATP-HTVS-244A9AEB7273,C[C@@H](c1ccc(C[NH2+]C[C@@H]2c3ccccc3C(=O)N2Cc2ccccc2)cc1)[NH+](C)C,-5.75459768677577,True,True,True,True,,,success
ATP-HTVS-247B97B4CA47,COc1cc2ccccc2c(CNc2ccc(Cl)c(C[N@H+](C)CCO)c2)c1OC,-5.08465606620702,True,True,True,True,,,success
ATP-HTVS-2485F4B11063,Cc1cc([C@@H](O)C[NH2+]Cc2nc3ccccc3n2Cc2ccc(Cl)cc2)ccc1F,-5.66278016806593,True,True,True,True,,,success
ATP-HTVS-24E588DA0D03,CNc1cccc(CNc2c(NC(=O)c3ccc(C[NH+](C)C)cc3)c[nH+]c3ccccc23)c1,-4.62906080972694,True,True,True,True,,,success
ATP-HTVS-2507C3370FB9,CC[NH+](CC)Cc1ccc(CNc2c[nH+]c3ccccc3c2NC(=O)c2ccc(C(C)=O)cc2)cc1,-4.2291968922238,True,True,True,True,,,success
ATP-HTVS-255C97768CDB,C[NH+](C)Cc1cccc(CNc2nc(NCC(=O)Nc3cccc(F)c3)c3ccccc3[nH+]2)c1,-3.95866292265843,True,True,True,True,,,success
ATP-HTVS-258E82C8B178,CCNc1ccccc1C[NH2+]Cc1csc(N(C(C)=O)c2ccccc2)n1,-4.79198758585312,True,True,True,True,,,success
ATP-HTVS-2598958FABEA,Cc1ccc(C)c(C(=O)Nc2c(NCc3cccc(C[NH+](C)C)c3)cnc3ccccc23)c1,-4.84376240773032,True,True,True,True,,,success
ATP-HTVS-25BEFE000F10,CN(C(=O)Cc1ccccc1Cl)c1ncccc1NCc1ccc(C[NH+](C)C)cc1,-4.22544251153651,True,True,True,True,,,success
ATP-HTVS-26104959C4F1,C[NH2+]CCc1ccc(Nc2cnc3ccccc3c2NC(=O)[C@H](Br)c2ccccc2)cc1,-4.74613420248316,True,True,True,True,,,success
ATP-HTVS-2641D0EED03A,Cc1ccc(CN2C(=O)c3ccccc3N[C@H]2c2ccccc2)cc1,-3.94843068410777,True,True,True,True,,,success
ATP-HTVS-267F6CCD1B36,C[NH+](C)Cc1ccccc1NC(=O)c1cn(-c2ccccc2)c(=O)c2ccccc12,-4.24209775183825,True,True,True,True,,,success
ATP-HTVS-2699169FE698,Cc1ccc([C@@H](CNC(=O)c2cc(=O)c3ccccc3n2CCc2ccccc2)N(C)C)cc1,-3.14832764757807,True,True,True,True,,,success
ATP-HTVS-269AF530E7D7,O[C@H](CNCc1[nH+]c2ccccc2n1Cc1ccc(Cl)cc1)c1ccccc1Cl,-3.31438144217332,True,True,True,True,,,success
ATP-HTVS-27050A3A08BE,C[NH+](C)Cc1ccc(C[NH2+]Cc2c(-c3ccccc3)[nH]c3ccccc23)cc1,-4.70799181464544,True,True,True,True,,,success
ATP-HTVS-27135ACF267B,C[C@H](c1ccc(Cl)cc1)n1cc(C[N@H+](C)Cc2ccc(C[NH+](C)C)cc2)nn1,-4.19816809497186,True,True,True,True,,,success
ATP-HTVS-27537703FBA2,CN(C)Cc1cc(F)ccc1CNc1nc2ccccc2nc1NCc1c(N)cccc1F,-1.76403197384115,True,True,True,True,,,success
ATP-HTVS-277F9700EDE9,C[NH+](C)CCNc1ccccc1C[NH2+]Cc1c(-c2ccccc2)nc2ccccn12,-4.46033636090095,True,True,True,True,,,success
ATP-HTVS-27B53DA4C14D,C[NH+](C)Cc1cccc(CNc2nc3ccccc3nc2NCc2ccc(CO)c(F)c2)c1,-4.24285460340491,True,True,True,True,,,success
ATP-HTVS-27BC230C206A,N#Cc1c(F)cccc1C(=O)Nc1nc2ccccc2cc1C#CCNCc1ccccc1,-4.5255986912866,True,True,True,True,,,success
ATP-HTVS-27E43B44E6A8,CC[NH+](CC)[C@@H](C(=O)Nc1c(N(C#N)c2ccccc2)cnc2ccccc12)c1ccccc1,-3.08375895148985,True,True,True,True,,,success
ATP-HTVS-27FE3E1C2A9E,CCN(CC)Cc1ccc(CNc2c(NC(=O)c3cccc(F)c3)c[nH+]c3ccccc23)cc1,-2.17959898057809,True,True,True,True,,,success
ATP-HTVS-2801EC41FD47,C[C@H](CF)Nc1ccccc1CC(=O)N1c2ccccc2C(=O)C[C@H]1c1ccc(F)cc1,-3.54789906091208,True,True,True,True,,,success
ATP-HTVS-2818D10B14C2,Cc1ccc(C[NH+](C)C)cc1NCc1ccc(OCc2ccccc2)cn1,-4.57000787430811,True,True,True,True,,,success
ATP-HTVS-286379397336,CC(C)[NH2+]c1ccc(CNc2nc(N(C)Cc3ccccc3S(N)(=O)=O)[nH+]c3ccccc23)cc1,-3.50002117519494,True,True,True,True,,,success
ATP-HTVS-28D90B8D287A,CC[NH+](CC)Cc1ccc(CNc2cnc3ccccc3c2NC(=O)Cc2ccc(C(C)=O)cc2)cc1,-4.45658966501272,True,True,True,True,,,success
ATP-HTVS-28F6129F8E3C,C#Cc1cccc(C(=O)Nc2ncc(NCc3cccc(C[NH+](C)C)c3)c3ccccc23)c1,-4.409200336205,True,True,True,True,,,success
ATP-HTVS-2912F4F66BA1,CN(C(=O)c1[nH]c2ccccc2c1Nc1ccc(CC[NH+](C)C)cc1)[C@H](C#N)c1ccccc1,-3.6441329314009,True,True,True,True,,,success
ATP-HTVS-291AE177F52E,C[C@H](Nc1nc(NCc2ccccc2C[NH+](C)C)c2ccccc2[nH+]1)c1ccc(C#N)cc1,-4.36716167786867,True,True,True,True,,,success
ATP-HTVS-2A14F6A33EFE,Cc1ccc([C@@H](CNc2cc(-c3cccnc3)[nH+]c3ccccc23)[NH+](C)C)cc1,-5.24980933887412,True,True,True,True,,,success
ATP-HTVS-2A420AE0278C,C[NH+](C)Cc1ccc(NC(=O)NCc2cn(-c3ccccc3)nc2-c2ccncc2)c(F)c1,-3.66995424935913,True,True,True,True,,,success
ATP-HTVS-2A473A7CBE48,CN(C(=O)c1sccc1NCc1cccc(C[NH+](C)C)c1)c1ccc(C#N)cc1,-3.69621438825461,True,True,True,True,,,success
ATP-HTVS-2A6980A94AB8,Oc1ccc([C@H](O)CNc2cc(-c3ccccc3)nc(-c3ccccc3)n2)cc1,-5.02705879123109,True,True,True,True,,,success
ATP-HTVS-2A91244EC1AD,CN(CC(=O)NCc1ccccc1)c1nc2ccccc2nc1NCCc1ccc(C[NH+](C)C)cc1,-5.00113179091921,True,True,True,True,,,success
ATP-HTVS-2AC4031F681F,CC#CCNC(=O)c1ccc(CNCc2[nH+]c3ccccc3n2Cc2ccccc2)cc1,-3.63036145484555,True,True,True,True,,,success
ATP-HTVS-2AD5F3716208,O[C@H](C[NH2+][C@H](c1ccccn1)c1cc2ccccc2o1)c1cccc(Cl)c1,-6.46875032106379,True,True,True,True,,,success
ATP-HTVS-2AFCB32282C0,C[NH+](C)[C@@H](CNc1nc2ccccc2n1CC(=O)c1ccccc1)c1cccc(F)c1,-3.8960089217014,True,True,True,True,,,success
ATP-HTVS-2B2381835080,CN(C(=O)c1cc(NCc2ccccc2)nc2ccccc12)[C@H](C(=O)[O-])c1ccccc1,-2.9945143731801,True,True,True,True,,,success
ATP-HTVS-2B54247B4108,CCN(CC)Cc1ccc(CNc2cnc(NC(=O)c3cccc(F)c3C#N)c3ccccc23)cc1,-3.75512751001344,True,True,True,True,,,success
ATP-HTVS-2B683AA1DF30,C[NH+](C)Cc1cccc(CNc2cscc2C(=O)NCc2ccccc2F)c1,-4.48351303923302,True,True,True,True,,,success
ATP-HTVS-2B725536FCE2,CNc1cccc(N(C)c2c(C(=O)N(C)[C@@H](C#N)c3ccccc3)cnc3ccc(F)cc23)c1,-3.74931666490995,True,True,True,True,,,success
ATP-HTVS-2B784D1D7344,C[C@@H](c1ccccc1)N(C)C(=O)c1c(NCc2cccc(CN(C)C)c2)c2ccccc2[nH]c1=O,-1.12001739879818,True,True,True,True,,,success
ATP-HTVS-2C366CB23264,C[NH+](C)Cc1ccc(C[N@@H+](C)Cc2cn(-c3cccc(Cl)c3)nn2)cc1,-4.72014352318489,True,True,True,True,,,success
ATP-HTVS-2C5504015D66,O[C@H](C[NH2+][C@@H](c1ccccn1)c1cc2ccccc2o1)c1c(F)cccc1F,-6.06653263710345,True,True,True,True,,,success
ATP-HTVS-2C72C850E8DC,CC(C)Nc1ccc(CNC(=O)NC[C@H]2c3ccccc3C(=O)N2Cc2ccccc2)cc1,-5.09073610364331,True,True,True,True,,,success
ATP-HTVS-2C852BECD08A,C[NH+](C)Cc1cccc(C[NH2+]Cc2cn(CCC#N)nc2-c2ccc(Cl)cc2)c1,-5.32917125483599,True,True,True,True,,,success
ATP-HTVS-2C8A8FE641B8,Cc1cc(C(=O)Nc2c[nH+]c3ccccc3c2NCc2cccc(C[NH+](C)C)c2)ccc1Cl,-4.21524671014147,True,True,True,True,,,success
ATP-HTVS-2CB691E3F247,CCCNc1ccc(CNCc2c(Oc3ccc(F)cc3)nc3ccccn23)cc1,-3.38635953523702,True,True,True,True,,,success
ATP-HTVS-2CD40FD4C79D,Cc1cc(N)ccc1CNc1nc(NCc2cccc(C[NH+](C)C)c2)c2ccccc2[nH+]1,-3.90604274600031,True,True,True,True,,,success
ATP-HTVS-2CDCEBF2F10D,C[NH+](C)Cc1ccccc1C(=O)Nc1nc2ccccc2cc1C#CC(=O)c1cccc(Cl)c1,-4.21433846910375,True,True,True,True,,,success
ATP-HTVS-2D0B83E336C6,CN(CCO)c1ccc(CN2CC(=O)Nc3ccc(Cl)cc3[C@H]2c2ccccc2F)cc1,-1.71288152632491,True,True,True,True,,,success
ATP-HTVS-2D571D26B6AC,CCCN(C(=O)c1sccc1Nc1cccc(C[NH+](C)C)c1)c1ccccc1,-4.00028605360224,True,True,True,True,,,success
ATP-HTVS-2D5D363D0DBE,COC[C@H](Nc1nc2ccccc2nc1NCc1ccccc1C[NH+](C)C)c1ccccc1,-4.43765946592724,True,True,True,True,,,success
ATP-HTVS-2DA674675DE4,CCc1ccccc1[C@H](N)CNc1nc(-c2ccc(Br)cc2)nc2ccccc12,-1.06394517209285,True,True,True,True,,,success
ATP-HTVS-2DB2F1DB5A18,CCOc1cccc(CN2CC(=O)Nc3ccc(Br)cc3[C@H]2c2ccccc2)c1,-1.42005166263302,True,True,True,True,,,success
ATP-HTVS-2DB2F8E5543E,CN(CC(=O)Nc1c[nH+]c2ccccc2c1Nc1ccc(NCCO)cc1)c1ccccc1,-3.93640990047433,True,True,True,True,,,success
ATP-HTVS-2DBBB7EE3EAF,CC(C)Nc1ccc(CNc2nc(N[C@@H](CC(N)=O)c3ccccc3)[nH+]c3ccccc23)cc1,-5.00875136571722,True,True,True,True,,,success
ATP-HTVS-2E0BAC8D644B,COc1ccc([C@@H](C#N)Nc2cnc3ccccc3c2NC(=O)c2ccc(C[NH+](C)C)cc2)cc1,-4.39510740702187,True,True,True,True,,,success
ATP-HTVS-2E3C44D093AA,C[C@H](c1ccc(CNc2ccc(Oc3ccccc3F)nc2)cc1)[NH+](C)C,-4.47457655044689,True,True,True,True,,,success
ATP-HTVS-2E3E6C1A8749,CN(Cc1sc2ccccc2c1N(C)[C@@H](C#N)c1ccccc1)C(=O)Cc1ccc(O)cc1,-5.1012505243429,True,True,True,True,,,success
ATP-HTVS-2E4BDA1C28D9,CN(Cc1ccccc1C[NH+]1CCCC1)c1c(C(=O)N(CC#N)c2ccccc2)[nH]c2ccccc12,-2.55762200684525,True,True,True,True,,,success
ATP-HTVS-2E7AE7689BA0,CN(C)Cc1ccc(CNc2nc(NCc3ccc(F)cc3)[nH+]c3ccccc23)cc1,-1.29539637949352,True,True,True,True,,,success
ATP-HTVS-2ECA33AB7628,C[NH+](C)Cc1cccc(CNc2ccsc2C(=O)N(CC[NH3+])c2ccccc2)c1,-4.80153473462974,True,True,True,True,,,success
ATP-HTVS-2EE3FF4CB435,COc1cc(CN(C)Cc2ccc(C[NH+](C)C)cc2)cc(Br)c1OCc1ccccc1,-2.77759502533193,True,True,True,True,,,success
ATP-HTVS-2F35A8572662,COc1ccccc1OCc1ccc(C[NH2+]Cc2ccc(C[NH+](C)C)cc2)o1,-4.070623198666,True,True,True,True,,,success
ATP-HTVS-2F483D9FE7EF,Cc1[nH]c2ccccc2/c(=[NH+]/C[C@H](c2ccc(O)cc2)[NH+](C)C)c1C(=O)Nc1ccccc1,-5.18208981650727,True,True,True,True,,,success
ATP-HTVS-2F9574F7896C,C[NH+](C)[C@@H](C(=O)Nc1nc2ccccc2cc1N(CC#N)c1ccccc1)c1ccccc1,-4.88693887294164,True,True,True,True,,,success
ATP-HTVS-2F9E11536268,N#Cc1cccc(CC(=O)Nc2nc3ccccc3cc2C#C[C@H]([NH3+])Cc2cccc(F)c2)c1,-5.14884966862369,True,True,True,True,,,success
ATP-HTVS-2FD0321978A1,C[NH+]1CCN(c2ccc(CN3CC(=O)Nc4ccc(Cl)cc4[C@@H]3c3ccccc3F)cc2F)CC1,-1.59297605584643,True,True,True,True,,,success
ATP-HTVS-2FDBF4F6464D,[NH3+][C@@H](C#Cc1cnc2ccccc2c1NC(=O)Cc1ccc(O)cc1)Cc1cccc(F)c1,-5.5539810490699,True,True,True,True,,,success
ATP-HTVS-2FF622879777,C[C@H](C#N)N(c1ccccc1)c1cnc2ccccc2c1NC(=O)c1ccc([S-])cc1,-3.69766458878502,True,True,True,True,,,success
ATP-HTVS-30270CEE1891,C[C@@H](Nc1nc(NCc2ccc(F)cc2C[NH+](C)C)[nH+]c2ccccc12)c1cccc(C#N)c1,-4.21263417633159,True,True,True,True,,,success
ATP-HTVS-305D97AD9924,CC(=O)c1cccc(C(=O)Nc2nc3ccccc3cc2NCc2ccc(C[NH+](C)C)cc2)c1,-3.83900291155566,True,True,True,True,,,success
ATP-HTVS-30920D5A25EC,CC[N@H+](C)Cc1cccc(C[NH2+]Cc2cn(C)nc2-c2ccc(C#N)cc2)c1,-5.40486676914334,True,True,True,True,,,success
ATP-HTVS-30B3F39EA660,C[NH+](C)Cc1ccc(CCNc2nc(NCC(=O)NCc3ccccc3)[nH+]c3ccccc23)cc1,-4.12517906913131,True,True,True,True,,,success
ATP-HTVS-30BD0ED907F3,CN(CC(=O)NCc1ccccc1)c1nc(NCCc2ccc(C[NH+](C)C)cc2)[nH+]c2ccccc12,-4.92501627768015,True,True,True,True,,,success
ATP-HTVS-30D2448AA284,COc1ccccc1CC(=O)Nc1nc2ccccc2cc1NCc1cccc(C[NH+](C)C)c1,-4.4917818030911,True,True,True,True,,,success
ATP-HTVS-3100283A95A9,CN(Cc1ccc(C[NH+](C)C)cc1)c1nc2ccccc2nc1NCc1c(N)cccc1Cl,-4.09687910409603,True,True,True,True,,,success
ATP-HTVS-313D067647DC,Cc1c(CN2CC(=O)Nc3ccccc3[C@H]2c2ccccc2)cc(F)cc1[N+](=O)[O-],-2.92076872489903,True,True,True,True,,,success
ATP-HTVS-31B048FE5E9A,N#C[C@H](Nc1cnc(NC(=O)Cc2ccc(F)cc2)c2ccccc12)c1ccc(F)cc1,-4.0113738311198,True,True,True,True,,,success
ATP-HTVS-322651E221E8,Cc1cccc(C[C@H]([NH2+]Cc2ccc(OCc3ccccc3)c(OCc3ccccc3)c2)C(=O)[O-])c1,-4.25380853854629,True,True,True,True,,,success
ATP-HTVS-323526AAC152,CC[NH+](CC)Cc1cccc(CNc2c(NC(=O)c3cc(F)cc(C#N)c3)c[nH+]c3ccccc23)c1,-4.9462186774937,True,True,True,True,,,success
ATP-HTVS-3254A7EDB406,Cc1cc(C(=O)Nc2c[nH+]c3ccccc3c2NCc2ccc(C[NH+](C)C)cc2)ccc1Cl,-3.83573268873361,True,True,True,True,,,success
ATP-HTVS-327AC6849941,C[C@H](C#N)N(c1ccccc1)c1cnc2ccccc2c1NC(=O)[C@H](c1ccc(Cl)cc1)N(C)C,-3.2895630535721,True,True,True,True,,,success
ATP-HTVS-32D1D0195572,CN(C(=O)Cc1ccc(F)cc1)c1ccncc1NCc1cccc(C[NH+](C)C)c1,-5.01774885186118,True,True,True,True,,,success
ATP-HTVS-33706D459A7A,C[NH+]1CCN(c2ccc(F)cc2C(=O)Nc2c(N(CC#N)c3ccccc3)cnc3ccccc23)CC1,-3.58202856024223,True,True,True,True,,,success
ATP-HTVS-337D10985B1B,CC[NH+](CC)Cc1ccc(C[NH2+]Cc2cn(CCC#N)nc2-c2ccc(Cl)cc2)cc1,-3.84044138129612,True,True,True,True,,,success
ATP-HTVS-33BC72D3D2BF,C[NH+](C)Cc1cccc(CNc2cnc(N)c(OCc3ccccc3)n2)c1,-3.74541522522029,True,True,True,True,,,success
ATP-HTVS-34AD6DA38229,C[C@H]([NH2+]CC#Cc1c(CN(C)C(=O)Cc2ccccc2C#N)sc2ccccc12)c1ccccc1F,-3.81980623817494,True,True,True,True,,,success
ATP-HTVS-34E58924FFDD,C[NH+](C)Cc1ccccc1CNc1nc2ccccc2nc1NCc1cccc(S(N)(=O)=O)c1,-3.89709667639251,True,True,True,True,,,success
ATP-HTVS-351CA3F2F79F,CN(C)Cc1ccccc1Nc1c(C(=O)N(C)Cc2cccc(F)c2)c(=O)[nH]c2ccccc12,0.243459768400692,True,True,True,True,,,success
ATP-HTVS-35279CDCCBE9,Cc1cccc(-c2nn(Cc3ccccc3)cc2CNCc2ccccc2O)c1,-4.75400232538984,True,True,True,True,,,success
ATP-HTVS-354B8B3BDEB4,CN(C)Cc1cc(NCc2c(-c3ccccc3)nn3ccccc23)ccc1Cl,-2.16189403409841,True,True,True,True,,,success
ATP-HTVS-3565F86F920E,CN(C)Cc1ccccc1CNC(=O)c1cc(-c2nc3ccccc3s2)nc2ccccc12,-3.316784259701,True,True,True,True,,,success
ATP-HTVS-357411F5F88B,CC(=O)c1ccc(C(=O)Nc2c[nH+]c3ccccc3c2NCc2ccc(C[NH+](C)C)cc2)cc1,-4.19577157448646,True,True,True,True,,,success
ATP-HTVS-35C3F0A919D0,C[C@H]([NH2+]CC#Cc1cnc(NC(=O)Cc2ccc(O)cc2)c2ccccc12)c1ccccc1F,-3.92972442664194,True,True,True,True,,,success
ATP-HTVS-35F96912410D,N#C[C@@H](N[C@H](C#CCNCc1ccccc1)c1csc2ccccc12)c1ccc(F)cc1,-3.68509788036763,True,True,True,True,,,success
ATP-HTVS-362E300BB66B,C[C@@H]([NH2+]Cc1ccccc1OCC[NH+](C)C)c1cc2cccc(Cl)c2c(=O)n1-c1ccccc1,-4.44153497713176,True,True,True,True,,,success
ATP-HTVS-3634D47351B0,Cc1cccc([C@@H](C)[NH2+]C[C@@H]2c3ccccc3C(=O)N2Cc2ccccc2)c1,-5.52014451029596,True,True,True,True,,,success
ATP-HTVS-3654BFD7575B,C[NH+](C)Cc1ccc(CNc2cscc2C(=O)N(CC[NH3+])c2ccc(Cl)cc2)cc1,-3.71645058261148,True,True,True,True,,,success
ATP-HTVS-366F4BAC4B87,COc1ccccc1-c1ccnc(NC(=O)c2ccc(C[NH+](C)C)cc2)c1C(=O)c1ccccc1,-4.01338528609497,True,True,True,True,,,success
ATP-HTVS-3676162553B8,[NH3+]Cc1ccc(CNC(=O)c2oc3ccccc3c2CSc2ccc(F)cc2)cc1,-5.01328621734618,True,True,True,True,,,success
ATP-HTVS-368B62E0C748,O=C1CN(Cc2c(F)cccc2F)[C@H](c2ccccc2)c2ccccc2N1,-1.40309381742981,True,True,True,True,,,success
ATP-HTVS-369F0F09D6A7,C[NH2+]CCc1ccc(Nc2c(NC(=O)CN(C)c3ccccc3)cnc3ccccc23)cc1,-4.56461486732011,True,True,True,True,,,success
ATP-HTVS-36CDFE25DCA8,C[C@H]([NH2+]Cc1ccc(-c2ccccc2[N+](=O)[O-])s1)c1ccc(C[NH+](C)C)cc1,-4.56079973996032,True,True,True,True,,,success
ATP-HTVS-37164D6EE04D,Cc1cccc2sc(N(Cc3ccccc3)C(=O)C[NH2+][C@@H](C)c3ccc(C[NH+](C)C)cc3)nc12,-5.62296516979156,True,True,True,True,,,success
ATP-HTVS-375881F1CECF,C[NH+](C)Cc1ccc(CNc2cnc(NC(=O)Cc3ccccc3)c(-n3cccc3)c2)cc1,-3.48036158988344,True,True,True,True,,,success
ATP-HTVS-37921E17B72D,Cc1ccc([C@@H](O)CNc2cnc3ccccc3c2NC(=O)[C@@H](Cl)c2ccccc2)cc1,-4.62169262245687,True,True,True,True,,,success
ATP-HTVS-37A579E82C38,C[NH+](C)Cc1cccc(CNc2nc3ccccc3nc2NCc2ccccc2Cl)c1,-4.25561128381459,True,True,True,True,,,success
ATP-HTVS-37D34080A09D,Cc1ccc(-c2nn(Cc3ccccc3)cc2C[NH2+]C[C@H](c2cccnc2)N(C)C)cc1,-4.73466550433163,True,True,True,True,,,success
ATP-HTVS-37EC6A305554,CCc1ccc(CC(=O)Nc2nc3ccccc3cc2N(CC#N)c2ccccc2)cc1,-4.77778887211193,True,True,True,True,,,success
ATP-HTVS-37F8BE6B2288,C[NH+](C)Cc1cccc(CNC(=O)c2cnc3ccc(F)cc3c2N(CC#N)c2ccccc2)c1,-5.04750284427241,True,True,True,True,,,success
ATP-HTVS-381C421540AF,C[NH+](C)Cc1cc(CNc2nc(NCc3ccc(CO)cc3F)c3ccccc3n2)ccc1F,-4.09567655452952,True,True,True,True,,,success
ATP-HTVS-38928739B049,O=C1CN(Cc2cccc(F)c2Cl)[C@H](c2ccccc2F)c2cc(Cl)ccc2N1,-1.75347106647538,True,True,True,True,,,success
ATP-HTVS-389B4B823B19,Cc1cc(F)c(C(=O)Nc2c[nH+]c3ccccc3c2N(C)[C@@H](C#N)c2ccccc2)c(Cl)c1,-3.66019273289197,True,True,True,True,,,success
ATP-HTVS-38AA30AE7592,C[NH+](C)[C@H](CNc1cc(-c2ccc(F)cc2)[nH+]c2ccccc12)c1ccc(O)cc1,-4.86895670152561,True,True,True,True,,,success
ATP-HTVS-38B17C32C2B1,CN(C(=O)c1c(NCc2ccc(C[NH+](C)C)cc2)c2ccccc2[nH]c1=O)c1cccnc1,-2.51345438485887,True,True,True,True,,,success
ATP-HTVS-38BDED367A54,C[NH+](C)Cc1ccccc1C(=O)Nc1ncc(C#Cc2ccc(C#N)cc2)nc1-c1ccccc1,-4.48054021797437,True,True,True,True,,,success
ATP-HTVS-391C9D64EC7D,CCCc1ccc(C[NH2+]Cc2ncc(-c3cccc(O)c3)cn2)cc1,-5.35635909721554,True,True,True,True,,,success
ATP-HTVS-394457ED9ABE,CCOCCN(CC)Cc1ccc(C[N@@H+](C)Cc2cn(-c3ccccc3)nc2-c2cccnc2)cc1,-2.53753789034158,True,True,True,True,,,success
ATP-HTVS-3966CEFE893D,CCN(CC)Cc1cccc(CNc2c(C(=O)N(CC#N)c3ccccc3)[nH]c3ccccc23)c1,-0.810725355427255,True,True,True,True,,,success
ATP-HTVS-397149B089BD,Cc1cccc(-c2nn(Cc3ccccc3)cc2C[NH2+]Cc2cccc3c2CCN3)c1,-5.85385473217396,True,True,True,True,,,success
ATP-HTVS-3991B5D40CBE,CCN(CC)Cc1ccc(CNc2c(C(=O)N(CC(=O)OC)c3ccccc3)[nH]c3ccccc23)cc1,-0.876885055141267,True,True,True,True,,,success
ATP-HTVS-39B6454C3B57,CN(c1c(C(=O)NCc2cccc(C[NH+](C)C)c2)cnc2ccc(F)cc12)[C@@H](C#N)c1ccccc1,-4.7740120789223,True,True,True,True,,,success
ATP-HTVS-39C66FA1D927,C[NH+]1CCN(c2ccc(F)cc2C(=O)Nc2cnc3ccccc3c2N(CC#N)c2ccccc2)CC1,-2.65834069502136,True,True,True,True,,,success
ATP-HTVS-3A2C3DD6A630,C[NH+](C)Cc1ccc(Nc2ccsc2C(=O)N(CC#N)Cc2ccccc2)cc1,-4.79414075359446,True,True,True,True,,,success
ATP-HTVS-3A4856D72337,CC[NH+](CC)Cc1cccc(CNc2cc3ccccc3nc2NC(=O)c2ccccc2C(C)=O)c1,-4.20593604890683,True,True,True,True,,,success
ATP-HTVS-3A71FF84034D,C[NH+](C)Cc1ccc(C[NH2+]Cc2ccc(-c3cc(F)ccc3F)cn2)cc1,-5.65337754442706,True,True,True,True,,,success
ATP-HTVS-3A7288617524,C[NH+](C)Cc1ccccc1C(=O)Nc1cnc2ccccc2c1-c1cc(Cl)nc(Cl)c1,-4.18835185540106,True,True,True,True,,,success
ATP-HTVS-3A96A568DDAE,N[C@H](C#Cc1cnc2ccccc2c1NC(=O)c1ccc(C(F)(F)F)cc1)Cc1cccc(F)c1,-2.87247311627957,True,True,True,True,,,success
ATP-HTVS-3AF3BD852D4F,N#C[C@@H](Cc1ccccc1)Nc1cc2ccccc2nc1NC(=O)[C@H](Cl)c1ccccc1,-4.60081449875776,True,True,True,True,,,success
ATP-HTVS-3B1236037689,C[NH+](C)Cc1ccc(C(=O)Nc2c[nH+]c3ccccc3c2NCC(=O)c2ccc(Cl)cc2)cc1,-5.21467093159992,True,True,True,True,,,success
ATP-HTVS-3B2E01AF7BF8,Cc1ccc(OCc2nc(C[N@H+](C)Cc3ccc(C[NH+](C)C)cc3)cs2)cc1,-5.55679982869003,True,True,True,True,,,success
ATP-HTVS-3B360A484FEF,C[C@@H](C#N)N(C(=O)c1[nH]c2ccccc2c1NC[C@H](c1ccccc1Cl)[NH+](C)C)c1ccccc1,-3.60133061218091,True,True,True,True,,,success
ATP-HTVS-3B3954EE8C13,[NH3+][C@@H](C#Cc1cnc2ccccc2c1NC(=O)C#Cc1cccc(F)c1)Cc1cccc(F)c1,-6.32225078624524,True,True,True,True,,,success
ATP-HTVS-3B500C8F5D3A,C#CCCNC(=O)c1cccc(CN2CC(=O)Nc3ccccc3[C@@H]2c2ccccc2)c1,-3.3589120722721,True,True,True,True,,,success
ATP-HTVS-3B52AE15A314,O=C1CN(Cc2cccc(C(=O)NCCF)c2)[C@H](c2ccccc2)c2ccccc2N1,-3.91827207669053,True,True,True,True,,,success
ATP-HTVS-3B591F4F1DA1,C[NH+](C)[C@@H](CNc1cc(-c2ccccc2F)[nH+]c2ccccc12)c1ccc(O)cc1,-5.37618783153956,True,True,True,True,,,success
ATP-HTVS-3B615F85BA41,CC(=O)c1cccc(C(=O)Nc2ncc(NCc3ccc(C[NH+](C)C)cc3)c3ccccc23)c1,-4.78799657709764,True,True,True,True,,,success
ATP-HTVS-3B760C3B8D5C,COc1ccccc1C(=O)Nc1c[nH+]c2ccccc2c1NCc1ccc(C[NH+](C)C)cc1,-5.14442994870982,True,True,True,True,,,success
ATP-HTVS-3B9AE635146A,Cc1cc(N)ccc1CNc1nc2ccccc2nc1NCc1ccccc1C[NH+](C)C,-4.26933921246392,True,True,True,True,,,success
ATP-HTVS-3BC1681A99C2,CCNc1ccc(C[NH2+]Cc2csc(N(C(C)=O)c3ccccc3)n2)cc1,-5.51048708846831,True,True,True,True,,,success
ATP-HTVS-3BCB6D34D9FC,CNc1cccc(CNc2cc(C(=O)N(C)Cc3ccccc3)sc2Cl)c1,-3.77091312601177,True,True,True,True,,,success
ATP-HTVS-3BEA167C6DE4,C[NH+](C)Cc1ccc(C[N@@H+](C)Cc2cn(CCC#N)nc2-c2ccccc2Br)cc1,-5.22632509337337,True,True,True,True,,,success
ATP-HTVS-3BFEB00B17A1,C#Cc1ccc(C[C@@H](Nc2c(NC(=O)Cc3ccccc3)c[nH+]c3ccccc23)C(=O)[O-])cc1,-3.05692705921609,True,True,True,True,,,success
ATP-HTVS-3C30D082388E,OCCNc1ccccc1C[NH2+]Cc1c(-c2ccccc2)nc2ccccn12,-3.87803402041954,True,True,True,True,,,success
ATP-HTVS-3C5237794D05,C[NH+](C)Cc1ccc(Br)cc1NC(=O)c1cc(-c2cccnc2)nc2ccccc12,-5.07722467557056,True,True,True,True,,,success
ATP-HTVS-3D55EC2CCC26,Cc1nc(F)cc(C(=O)NCc2cccc(C[NH+](C)C)c2)c1N(CC#N)c1ccccc1,-4.96741474429546,True,True,True,True,,,success
ATP-HTVS-3D580430A1F8,CCN(c1c[nH+]c2ccccc2c1NC(=O)c1ccc(OCC[NH+](C)C)cc1)[C@@H](C#N)c1ccccc1,-4.03828325377154,True,True,True,True,,,success
ATP-HTVS-3D9456613EE7,C[NH+](C)Cc1ccc(CNc2c(NC(=O)[C@H](C#N)Cc3ccccc3)c[nH+]c3ccccc23)cc1,-4.92433878231059,True,True,True,True,,,success
ATP-HTVS-3DA95123E47A,C[NH+]1CCN(c2ccc(CNCc3oc4ccc(F)cc4c3-c3ccccc3)cc2)CC1,-2.79904934128025,True,True,True,True,,,success
ATP-HTVS-3DABA9A3BF24,CN(C)Cc1ccc(CNc2nc(N[C@@H](C[S@@](C)=O)c3ccccc3)c3ccccc3[nH+]2)cc1,-2.86234116642759,True,True,True,True,,,success
ATP-HTVS-3DB1B8B928B3,COc1cc(CN[C@@H](C[NH+](C)C)c2ccc(F)cc2)cc(O)c1OCc1ccccc1,-5.01712861315892,True,True,True,True,,,success
ATP-HTVS-3DDAC51E87DA,CN(Cc1sc2ccccc2c1NCc1ccc(NCCO)cc1)C(=O)Cc1ccccc1,-4.00842325765357,True,True,True,True,,,success
ATP-HTVS-3E3A2065ACC9,Cc1ccc(C[NH2+]Cc2cn(-c3ccccc3)nc2-c2ccc(F)cc2)cc1O,-4.76204452470596,True,True,True,True,,,success
ATP-HTVS-3E4E6B1035DE,Cc1cccc(C[C@H](C[NH2+]Cc2cc(OCc3ccccc3)c3ccccc3c2)C(=O)[O-])c1,-4.25094305295474,True,True,True,True,,,success
ATP-HTVS-3E51FD2FD256,C[NH+](C)Cc1cc(F)ccc1C[NH2+]Cc1ccc(Oc2ccc(Br)cc2)nc1,-4.99026263354057,True,True,True,True,,,success
ATP-HTVS-3E71027F124F,CN(CCC#N)c1ccc(C[NH2+]Cc2cn(C)nc2OCc2ccccc2)cc1,-6.04277285789881,True,True,True,True,,,success
ATP-HTVS-3E71DFC624D6,C[NH+](C)Cc1cccc(CNc2c(NC(=O)CCc3ccc4c(c3)OCO4)c[nH+]c3ccccc23)c1,-5.69093713493627,True,True,True,True,,,success
ATP-HTVS-3EAEA7611BE9,Cc1ccc(CCNCc2nc3ccccc3n2Cc2ccccc2)cc1C#N,-2.48516848408361,True,True,True,True,,,success
ATP-HTVS-3ED7BF8E1128,Cc1cc(F)c(C[NH2+]C[C@H]2c3ccccc3C(=O)N2Cc2ccccc2)c(Br)c1,-5.58421481194661,True,True,True,True,,,success
ATP-HTVS-3F61FE181838,Cc1cccc(-c2nn(Cc3ccccc3)cc2CNC[C@H](c2cccnc2)[NH+]2CCCC2)c1,-3.18080804827734,True,True,True,True,,,success
ATP-HTVS-3F7C0C4A7C85,C[C@@H](Nc1nc2ccccc2nc1NCc1cccc(C[NH+](C)C)c1)c1ccc(C#N)cc1,-4.51870913472249,True,True,True,True,,,success
ATP-HTVS-3FE2C8D8A747,C[C@@H](C#N)N(C(=O)c1[nH]c2ccccc2c1NC[C@@H](c1ccc(Cl)cc1)[NH+](C)C)c1ccccc1,-3.83062090527101,True,True,True,True,,,success
ATP-HTVS-3FE3F52D89A6,O=C(Nc1ncc(NCc2ccc(NCCO)cc2)c2ccccc12)c1cccc([S-])c1,-2.78535707475528,True,True,True,True,,,success
ATP-HTVS-3FEB13A0176D,N#C[C@H](N[C@@H](C#CC[NH2+]Cc1ccccc1)c1cc2ccccc2s1)c1ccccc1,-6.10497051782088,True,True,True,True,,,success
ATP-HTVS-4019997F6E4F,C[NH+](C)Cc1ccc(CCNc2nc(NCCOc3cccc(C#N)c3)c3ccccc3[nH+]2)cc1,-4.36889418856391,True,True,True,True,,,success
ATP-HTVS-403847D949CB,CN(C(=O)c1ccc(Br)cc1)c1cc(NCc2cccc(C[NH+](C)C)c2)ccn1,-4.87086214172474,True,True,True,True,,,success
ATP-HTVS-4042CFA848C2,C[C@H](NC(=O)c1cc(NCc2ccc(CN(C)C)cc2)c(Cl)s1)c1ccc(Cl)cc1,-1.47067840689923,True,True,True,True,,,success
ATP-HTVS-404DE520584C,C[NH+](C)Cc1cccc(CNc2c(NC(=O)c3cccc(F)c3Cl)c[nH+]c3ccccc23)c1,-4.78069389832173,True,True,True,True,,,success
ATP-HTVS-40806E2DA49D,C[NH+](C)Cc1ccc(Nc2cnc(NC(=O)c3ccccc3)c3ccccc23)cc1,-3.48778814053638,True,True,True,True,,,success
ATP-HTVS-40CB5FD4F4D8,C[NH+](C)Cc1cccc(CNc2ccc(NC(=O)c3ccc(F)cc3)nc2F)c1,-4.82706740620175,True,True,True,True,,,success
ATP-HTVS-40E764CABCB1,O=C1c2ccccc2N[C@@H](c2ccc(Cl)cc2)N1Cc1ccccc1,-4.26714661104976,True,True,True,True,,,success
ATP-HTVS-410A75CF1522,C[NH+](C)Cc1ccc(CCNc2nc(NCc3ccc(CO)cc3)[nH+]c3ccccc23)cc1,-4.92172580803418,True,True,True,True,,,success
ATP-HTVS-41202D3CA1C8,Cc1ccc(OCc2nc(C[NH2+]Cc3ccc(C[NH+](C)C)cc3)cs2)cc1,-5.44286236205763,True,True,True,True,,,success
ATP-HTVS-4128F66E5F96,C[C@H](Nc1nc(NCc2cccc(CN(C)C)c2)c2ccccc2[nH+]1)c1cccc(F)c1F,-1.59177629781537,True,True,True,True,,,success
ATP-HTVS-418CD17BC8B0,CN(C)Cc1cccc(CNc2cc3ccccc3nc2NC(=O)c2ccccc2[S-])c1,-2.01145088281975,True,True,True,True,,,success
ATP-HTVS-41A031E7C6D2,C[C@H](Nc1nc(NCc2cccc(C[NH+](C)C)c2)c2ccccc2[nH+]1)c1ccccc1F,-4.44995463980795,True,True,True,True,,,success
ATP-HTVS-41C13ED6AFFD,COc1ccc(Cn2cc([C@H](C)[NH2+]Cc3ccc(C[NH+](C)C)cc3)nn2)cc1,-5.73485067766242,True,True,True,True,,,success
ATP-HTVS-41DBD56D77D4,Cc1ccc(CN2C(=O)c3ccccc3N[C@H]2c2cccc(I)c2)cc1,-3.30626984612687,True,True,True,True,,,success
ATP-HTVS-41DE369552E3,C[C@@H]([NH2+]CC#Cc1c(NC(=O)c2ccccc2O)cnc2ccccc12)c1ccccc1,-4.07355133035679,True,True,True,True,,,success
ATP-HTVS-41DF5C276515,COc1cc(CC(=O)Nc2cnc3ccccc3c2N(CC#N)c2ccccc2)ccc1O,-3.55185647299314,True,True,True,True,,,success
ATP-HTVS-41EB9DEAB7C9,N#C[C@@H](Nc1c(C(=O)N(CC[NH3+])c2ccccc2)sc2ccccc12)c1ccc(F)cc1,-6.00527091150475,True,True,True,True,,,success
ATP-HTVS-420A833C3906,O=C1CN(Cc2cccc(F)c2F)[C@@H](c2ccccc2)c2ccccc2N1,-1.52740875756109,True,True,True,True,,,success
ATP-HTVS-425F81D77C05,C[NH+](C)Cc1ccc(C(=O)Nc2nc3ccccc3cc2N(CC(=O)NN)c2ccc(F)cc2)cc1,-4.60340827905249,True,True,True,True,,,success
ATP-HTVS-429B4D57A2D0,COc1cc(CNC(=O)NCc2cccc(NC(C)C)c2)c2ccccc2n1,-3.93352685457372,True,True,True,True,,,success
ATP-HTVS-42E232F3C181,C#Cc1ccccc1C(=O)N(C)c1ccc(NCc2cccc(C[NH+](C)C)c2)cn1,-3.81884371568142,True,True,True,True,,,success
ATP-HTVS-4313C7EF8265,CN(C(=O)c1cc(NCc2ccc(C[NH+](C)C)cc2)c(Cl)s1)c1cccc(C#N)c1,-4.51531622944651,True,True,True,True,,,success
ATP-HTVS-43145D4CE45B,CN(C(=O)C(C)(C)c1ccccc1)c1ccc(NCc2ccc(C[NH+](C)C)cc2)cn1,-4.60812034415477,True,True,True,True,,,success
ATP-HTVS-4322FF013EE1,C[NH+](C)CCOc1ccccc1C(=O)Nc1c(N(C#N)c2ccccc2)cnc2ccccc12,-4.13092325497253,True,True,True,True,,,success
ATP-HTVS-433854F3CEDF,C[NH+](C)Cc1cccc(CNc2cnc3ccccc3c2NC(=O)[C@H](Cl)c2ccccc2)c1,-4.75281141532495,True,True,True,True,,,success
ATP-HTVS-4340E5ABA707,C[C@@H]([NH2+]C[C@H]1c2ccccc2C(=O)N1Cc1ccccc1)c1cccc(C#N)c1,-5.37424942440475,True,True,True,True,,,success
ATP-HTVS-4382948120BD,CC(=O)c1cccc(C(=O)Nc2c[nH+]c3ccccc3c2NCc2ccc(C[NH+](C)C)cc2)c1,-4.87880406948413,True,True,True,True,,,success
ATP-HTVS-43D1BB82511C,CN(c1c(NC(=O)c2cccc(C[NH+]3CCCC3)c2)c[nH+]c2ccccc12)[C@@H](C#N)c1ccccc1,-5.54449315498084,True,True,True,True,,,success
ATP-HTVS-43DC0EBD36ED,Cc1nc(-c2ccc(Cl)cc2)sc1[C@@H](C)NCc1cccc(C[NH+](C)C)c1,-4.66778385561318,True,True,True,True,,,success
ATP-HTVS-43DEA6C9D172,O=C1c2ccccc2[C@H](C[NH2+]Cc2cccc3c2NCCC3)N1Cc1ccccc1,-5.40917104855102,True,True,True,True,,,success
ATP-HTVS-43E54E69D2FC,O=C1CN(Cc2ccc(F)cc2Cl)[C@H](c2ccccc2F)c2cc(Cl)ccc2N1,-1.47586439099717,True,True,True,True,,,success
ATP-HTVS-440AFC8B752D,C[NH+](C)CCOc1ccc(CN2CC(=O)Nc3ccc(Cl)cc3[C@H]2c2ccccc2F)cc1,-2.03160493086571,True,True,True,True,,,success
ATP-HTVS-4415AB646F99,CN(C)Cc1ccc(C(=O)NCc2ccc(N(CC#N)Cc3ccccc3)c3ccccc23)cc1,-1.99049961236672,True,True,True,True,,,success
ATP-HTVS-4418320CDB75,C[NH+](C)Cc1ccc(C(=O)Nc2nccc(Nc3ccc(N)cc3)c2C(=O)c2ccccc2)cc1,-3.52108650206718,True,True,True,True,,,success
ATP-HTVS-442C36D59863,C[NH+]1CCN(c2ccc(C[NH2+]CCc3nc4ccccc4n3-c3ccccc3)cc2)CC1,-5.63752501034488,True,True,True,True,,,success
ATP-HTVS-443BC3733DB7,C[C@H](NCC#Cc1c(NC(=O)c2ccc(C#N)c(Cl)c2)cnc2ccccc12)c1cccc(F)c1,-3.79226143644072,True,True,True,True,,,success
ATP-HTVS-445D8195943B,CN(C)Cc1cccc(CNc2cnc(NC(=O)c3cc(F)ccc3C#N)c3ccccc23)c1,-2.99892868060241,True,True,True,True,,,success
ATP-HTVS-44A2C719C105,CN(C(=O)c1cscc1NCc1cccc(C[NH+](C)C)c1)c1ccc(C#N)cc1,-3.81365800673213,True,True,True,True,,,success
ATP-HTVS-44A5767B4738,CN(C)Cc1ccccc1C(=O)Nc1c(NCCSc2ccccc2)cnc2ccccc12,-2.23090589847899,True,True,True,True,,,success
ATP-HTVS-44ACC7CEC3D6,CN(C(=O)c1sccc1NCc1cccc(C[NH+](C)C)c1)c1ccc(Cl)cc1N,-3.77799119400494,True,True,True,True,,,success
ATP-HTVS-44DE29768EEE,Oc1ccc([C@@H](O)CNc2nc(-c3ccccc3)c3ccccc3n2)cc1,-5.67669422905585,True,True,True,True,,,success
ATP-HTVS-4503BC70E7F0,Cc1ccc(F)c([C@H](O)C[NH2+]Cc2nc3ccccc3n2Cc2ccccc2)c1,-4.93238473626858,True,True,True,True,,,success
ATP-HTVS-450A55DE989E,CC(C)Nc1cccc(CNc2nc(N[C@@H](C)c3ccc(C#N)cc3)nc3ccccc23)c1,-0.485217582185325,True,True,True,True,,,success
ATP-HTVS-458F3EB1794A,C[C@](N)(C(=O)n1nc(-c2ccc(F)c(F)c2)cc1CC[NH2+]Cc1ccccc1)c1ccccc1,-5.66081942024154,True,True,True,True,,,success
ATP-HTVS-45908092458F,C[NH+](C)Cc1ccc(CCNc2nc3ccccc3nc2NCC(=O)NCc2ccccc2)cc1,-4.61060269011311,True,True,True,True,,,success
ATP-HTVS-459B7E30FD80,C[NH+](C)Cc1cccc(CNc2c(C(=O)Nc3ccc(C#N)cc3)sc3ccccc23)c1,-4.59371584733431,True,True,True,True,,,success
ATP-HTVS-45A004EDB829,OC[C@@H]([NH2+]Cc1nc2ccccc2c(-c2ccccc2)c1Cl)c1ccccc1F,-5.63462685379644,True,True,True,True,,,success
ATP-HTVS-45C9FDCE5200,C[NH+](C)CCc1cccc(NC(=O)c2cc(-c3cccnc3)nc3ccccc23)c1,-4.79069052465564,True,True,True,True,,,success
ATP-HTVS-45EC04A30F13,COc1ccc(CN(C)Cc2ccc(C[NH+](C)C)cc2)cc1OCc1ccccc1,-2.71323008229637,True,True,True,True,,,success
ATP-HTVS-461088EC3581,COc1cccc(CN[C@H](C)c2cc3cccc(Cl)c3c(=O)n2-c2ccccc2)c1,-2.44915932591984,True,True,True,True,,,success
ATP-HTVS-4630C8488F7C,Cc1ccc(C(=O)Nc2c(NCc3cccc(C[NH+](C)C)c3)cnc3ccccc23)cc1[S-],-4.36397363292611,True,True,True,True,,,success
ATP-HTVS-464A50F6807A,N#CN(c1ccccc1)c1cnc(NC(=O)Cc2ccc(O)cc2)c2ccccc12,-4.0729361307378,True,True,True,True,,,success
ATP-HTVS-464DF81034BD,C[NH+](C)Cc1cccc(CNc2c(C(=O)Nc3cccc(F)c3)sc3ncccc23)c1,-5.9427851521281,True,True,True,True,,,success
ATP-HTVS-4697491C32F9,CC[NH+](CC)Cc1ccc(CNc2c(NC(=O)Cc3ccccc3C#N)c[nH+]c3ccccc23)cc1,-4.2474975969623,True,True,True,True,,,success
ATP-HTVS-4697A006B393,C[NH+](C)Cc1cccc(NC(=O)Cn2c(Cc3ccccc3)[nH+]c3ccccc32)c1,-4.02395167822352,True,True,True,True,,,success
ATP-HTVS-469EEFA86A0D,CC(C)Nc1ccccc1C[NH2+]C[C@@H](O)Cn1ccc2ccccc2c1=O,-5.1114067324417,True,True,True,True,,,success
ATP-HTVS-46A91AAE2D1D,Cc1ccc(F)c([C@H](C)N2CC(=O)Nc3ccccc3[C@H]2c2ccccc2)c1F,-1.23008682170189,True,True,True,True,,,success
ATP-HTVS-46F5C2C02CE5,C[NH+](C)Cc1cccc(CNc2csc(C(=O)N(CC#N)c3ccc(Cl)cc3)c2)c1,-5.15240839453565,True,True,True,True,,,success
ATP-HTVS-471B66EC874A,CN(c1cnc2ccccc2c1NC(=O)c1ccccc1Cl)[C@H](C#N)c1ccccc1,-3.76479820066214,True,True,True,True,,,success
ATP-HTVS-471CA8009E10,CN(c1cc2ccccc2nc1NC(=O)c1ccc([S-])c(Cl)c1)[C@H](C#N)c1ccccc1,-3.97060511347441,True,True,True,True,,,success
ATP-HTVS-472161FD1CB3,Cc1ccc(Cl)cc1N(C)C(=O)c1sccc1NCc1cccc(CN(C)C)c1,-2.60245460393226,True,True,True,True,,,success
ATP-HTVS-47220BE834AE,C[NH+](C)Cc1ccc(C(=O)Nc2nc3ccccc3cc2N(CC#N)Cc2cccc(Cl)c2)cc1,-5.55803664405348,True,True,True,True,,,success
ATP-HTVS-47675EC0C4D5,Cc1ccccc1C[C@@H]([NH2+]Cc1ccc(OCc2ccccc2)c(OCc2ccccc2)c1)C(=O)[O-],-5.4109022547373,True,True,True,True,,,success
ATP-HTVS-47A17AC8C7BD,CC(C)c1ccc([C@H]([NH3+])CNc2nc(-c3ccccc3)nc3ccccc23)cc1,-5.0080116053514,True,True,True,True,,,success
ATP-HTVS-47BAC8FD9A9F,C[NH+](C)Cc1cccc(CNc2c(C(=O)Nc3ccccc3N)sc3ccccc23)c1,-4.6952770336704,True,True,True,True,,,success
ATP-HTVS-4862FE6420AB,CC(=O)c1ccc(CC(=O)Nc2c[nH+]c3ccccc3c2NCc2cccc(C[NH+](C)C)c2)cc1,-5.04320666313949,True,True,True,True,,,success
ATP-HTVS-48C487957C1E,NC(=O)CN(C(=O)c1sc2ccccc2c1CSc1ccccc1Cl)c1ccccc1,-3.83958463930576,True,True,True,True,,,success
ATP-HTVS-48ECC7021683,C[NH+](C)Cc1cccc(CNc2csc(C(=O)NCc3cccc(Cl)c3)c2)c1,-4.40656122353877,True,True,True,True,,,success
ATP-HTVS-491BAB709F49,CN(c1cc2ccccc2nc1NC(=O)c1ccc(C[NH+]2CCCC2)cc1)[C@@H](C#N)c1ccccc1,-4.15817163114907,True,True,True,True,,,success
ATP-HTVS-4920657FA6C2,CN(C)Cc1ccc(CCNC(=O)/N=c2\[nH]c3ccccc3n2Cc2ccccc2)cc1,-3.04995452842007,True,True,True,True,,,success
ATP-HTVS-494FFDA3E05A,C[NH+](C)Cc1ccc(NC(=O)c2cn(-c3ccccc3)c(=O)c3ccccc23)cc1,-3.71641509158904,True,True,True,True,,,success
ATP-HTVS-4991CDEEDD30,C[NH+](C)Cc1ccc(C[NH2+][C@@H](C#Cc2cccc(O)c2)c2cc3ccccc3o2)cc1,-4.93109589081269,True,True,True,True,,,success
ATP-HTVS-49CF595ADD5C,C[NH+](C)Cc1ccc(-n2c3ccccc3c(=O)n2Cc2ccccc2)cc1,-4.07488023381237,True,True,True,True,,,success
ATP-HTVS-49D68E9248AF,NC(=O)[C@@H]([NH2+]Cc1cc(OCc2ccccc2)c2ccccc2c1)c1ccccc1,-5.70465144918072,True,True,True,True,,,success
ATP-HTVS-4A1EB194D3B6,Cc1ccc(Br)cc1C[NH2+]C[C@H]1c2ccccc2C(=O)N1Cc1ccccc1,-4.85779636585634,True,True,True,True,,,success
ATP-HTVS-4A28AAEEA14A,C[NH+](C)Cc1cccc(CNc2c(NC(=O)c3cc(F)ccc3Cl)c[nH+]c3ccccc23)c1,-5.08545475115908,True,True,True,True,,,success
ATP-HTVS-4A3DC7D9F888,C[NH+](C)Cc1ccccc1C(=O)Nc1c[nH+]c2ccccc2c1NCc1ccc(NCCO)cc1,-4.77335035771705,True,True,True,True,,,success
ATP-HTVS-4A7957865725,C[NH+](C)Cc1c(N)cccc1Nc1nc(Br)c2ccccc2c1-c1ccccc1,-3.47010221209868,True,True,True,True,,,success
ATP-HTVS-4AC739BE8539,CC[NH+](CC)Cc1cccc(CNc2c[nH]c3ccccc3/c2=[NH+]/C(=O)c2cccc(C#N)c2Cl)c1,-2.77467908775875,True,True,True,True,,,success
ATP-HTVS-4AC96F3AF657,CCNC(=O)c1ccccc1C[NH2+]C[C@H]1c2ccccc2C(=O)N1Cc1ccccc1,-5.37701549450929,True,True,True,True,,,success
ATP-HTVS-4AF467728185,C[NH2+]Cc1ccc(CNC(=O)c2cc(-c3ccncc3)nc3ccccc23)cc1,-5.0736909948387,True,True,True,True,,,success
ATP-HTVS-4AF9C9C46A6A,COc1ccc([C@@H](C[NH+](C)C)NC(=O)Cn2c(COc3ccccc3)nc3ccccc32)cc1,-4.33034179670516,True,True,True,True,,,success
ATP-HTVS-4B144E96CFBE,C[NH2+]Cc1ccc(CNc2cnc(NC(=O)Cc3ccccc3F)c3ccccc23)cc1,-6.09847068944256,True,True,True,True,,,success
ATP-HTVS-4B5D35D2395E,CC[N@@H+](C)Cc1cccc(CNc2nc3ccccc3nc2N[C@H](C)c2cccc(C#N)c2)c1,-4.24902805223689,True,True,True,True,,,success
ATP-HTVS-4B689B6ED6C6,CN(C(=O)c1ccccc1Br)c1ncccc1NCc1cccc(C[NH+](C)C)c1,-3.75595679724793,True,True,True,True,,,success
ATP-HTVS-4B898DE9EBD2,C[C@H]([NH2+]CC#Cc1cnc(NC(=O)Cc2ccc(C#N)cc2)c2ccccc12)c1cccc(F)c1,-4.5337690678731,True,True,True,True,,,success
ATP-HTVS-4BBA1A792A2F,C[NH+](C)Cc1cccc(CNc2cnc(NC(=O)c3cccc(O)c3)c3ccccc23)c1,-4.75445047012433,True,True,True,True,,,success
ATP-HTVS-4BCACD3FB587,COc1ccccc1CC(=O)Nc1cnc2ccccc2c1NCc1ccc(C[NH+](C)C)cc1,-2.63140354448131,True,True,True,True,,,success
ATP-HTVS-4BE062240422,COC(=O)Cc1ccc(C(=O)Nc2ncc(NCc3cccc(C[NH+](C)C)c3)c3ccccc23)cc1,-3.60181278136993,True,True,True,True,,,success
ATP-HTVS-4BFDBDCB8AC3,CN(C(=O)Cc1ccccc1)c1ccc(NCc2cccc(C[NH+](C)C)c2)cn1,-4.09028534747273,True,True,True,True,,,success
ATP-HTVS-4C04B46E023C,Cc1cc(CNc2nc(NCc3ccccc3C[NH+](C)C)c3ccccc3[nH+]2)ccc1CO,-4.00518449043666,True,True,True,True,,,success
ATP-HTVS-4C091C5F609D,CC[NH+](CC)Cc1ccc(CNc2c(C(=O)N(C#N)c3ccccc3)sc3ccccc23)cc1,-3.82166575294196,True,True,True,True,,,success
ATP-HTVS-4C511AF0E5BD,COc1ccc(-c2ccc(C[NH2+][C@H](C)c3ccc(CN(C)C)cc3)s2)cc1,-4.70375095023499,True,True,True,True,,,success
ATP-HTVS-4C6C1EFD2AA2,C[NH+](C)Cc1cccc(CNc2c(NC(=O)c3ccc([S-])c(F)c3)c[nH+]c3ccccc23)c1,-3.9503569591684,True,True,True,True,,,success
ATP-HTVS-4CC80B7019B2,Cc1nc(-c2ccc(Cl)cc2)sc1[C@H](C)[NH2+]Cc1ccc(C[NH+](C)C)cc1,-5.14583920167387,True,True,True,True,,,success
ATP-HTVS-4CFD3E435A48,CN(C)c1ccc(CC[NH2+]Cc2cn(-c3ccccc3)nc2-c2ccncc2)cc1,-5.64869376221623,True,True,True,True,,,success
ATP-HTVS-4D1ED9B826E8,CN(C)[C@@H](CNC(=O)c1cc(=O)c2ccccc2n1CCc1ccccc1)c1ccc(F)cc1,-3.09401990408603,True,True,True,True,,,success
ATP-HTVS-4D974321991D,COc1ccc(CNc2nc(NCc3ccc(F)cc3CN(C)C)c3ccccc3[nH+]2)cc1,-2.16155537020466,True,True,True,True,,,success
ATP-HTVS-4DC88D9567D5,CN(c1c(NC(=O)c2ccccc2C[NH+](C)C)c[nH+]c2ccccc12)[C@@H](C#N)c1ccccc1,-4.57272995839587,True,True,True,True,,,success
ATP-HTVS-4DE86EAA2D32,C[NH+](C)Cc1ccc(CN[C@@H](C#Cc2ccncc2)c2[nH+]ccn2OCc2ccccc2)cc1,-5.40904442602518,True,True,True,True,,,success
ATP-HTVS-4E16F03E37A9,CN(Cc1sc2ccccc2c1NCc1ccc(C[NH+](C)C)cc1)C(=O)[C@H](O)c1ccccc1,-3.51409520180293,True,True,True,True,,,success
ATP-HTVS-4E652792F62F,C#C[C@@H](NC(=O)c1sc(Cl)cc1NCc1cccc(C[NH+](C)C)c1)c1ccccc1,-3.96789359037915,True,True,True,True,,,success
ATP-HTVS-4E825B07A9DF,CN(C(=O)c1cc(-c2cccc(C[NH+](C)C)c2F)nc2ccccc12)c1cccc(N)c1,-4.54758226872434,True,True,True,True,,,success
ATP-HTVS-4E9E59A3DA5E,CN(C)Cc1ccc(CNc2c(C(=O)N(C)[C@H](C#N)c3ccccc3)sc3ccccc23)cc1,-1.45009554591698,True,True,True,True,,,success
ATP-HTVS-4EA46F6E6AE0,CN(C)Cc1ccc(CNC(=O)C[C@@H](Cc2csc3ccccc23)NC(=O)Cc2ccccc2)cc1,-2.24459138248723,True,True,True,True,,,success
ATP-HTVS-4EF6126AB2D8,CC[N@H+](Cc1cccc(C)c1)c1c(C(=O)N(CC[NH3+])c2ccccc2)sc2ccccc12,-5.72493211292033,True,True,True,True,,,success
ATP-HTVS-4F22ABB48DC5,COC(=O)c1ccc(N(C)C(=O)c2sc3ccccc3c2NCc2ccc(C[NH+](C)C)cc2)cc1,-3.15489676990073,True,True,True,True,,,success
ATP-HTVS-4F450E2E91A2,C[NH+](C)Cc1cc(F)ccc1CNc1nc2ccccc2nc1NCc1ccc(C#N)c(Cl)c1,-4.9457723187918,True,True,True,True,,,success
ATP-HTVS-4F5A90394674,CN(C(=O)Cc1ccccc1Cl)c1ccncc1NCc1cccc(C[NH+](C)C)c1,-3.62268826025007,True,True,True,True,,,success
ATP-HTVS-4F9099514318,C[NH+](C)Cc1ccc(C(=O)Nc2ncc(C#Cc3cccc(O)c3)nc2-c2ccccc2)cc1,-2.24190123643593,True,True,True,True,,,success
ATP-HTVS-4F9E5F08F37F,C[C@H]([NH2+]CC#Cc1cc2ccccc2nc1NC(=O)c1ccccc1C#N)c1cccc(F)c1,-4.3077129247582,True,True,True,True,,,success
ATP-HTVS-4FCAA645F202,N#C[C@H](Nc1c(NC(=O)c2ccccc2)c[nH+]c2ccccc12)c1ccc(F)cc1,-3.88704986552746,True,True,True,True,,,success
ATP-HTVS-4FDD59ABF895,CC(C)N(C(=O)c1cc(CC(=O)Nc2ccccc2)nc2ccccc12)c1ccccc1,-3.70166899493297,True,True,True,True,,,success
ATP-HTVS-505E03B882A0,C[NH+](C)Cc1ccc(CNc2cccnc2Oc2ccc(F)cc2)cc1,-3.80434624440615,True,True,True,True,,,success
ATP-HTVS-507C96D672B3,C[NH+](C)CCOc1cccc(C[NH2+]C[C@H]2c3ccccc3C(=O)N2Cc2ccccc2)c1,-5.71813257964719,True,True,True,True,,,success
ATP-HTVS-508A27B63548,CC[N@@H+](C)Cc1cccc(CNc2nc3ccccc3nc2N[C@H](C)c2ccc(C#N)cc2)c1,-5.15063493037038,True,True,True,True,,,success
ATP-HTVS-50911053B2F5,O=C(Nc1nc2ccccc2cc1Nc1ccc([NH2+]CCO)cc1)[C@@H](Br)c1ccccc1,-3.73858985895772,True,True,True,True,,,success
ATP-HTVS-50DD7346FE25,C[NH+](C)Cc1cccc(CNc2csc(C(=O)NCc3cccc(F)c3)c2)c1,-4.03709772507433,True,True,True,True,,,success
ATP-HTVS-510C24ACBA66,C[NH+](C)Cc1ccc(C(=O)Nc2ncc(C#Cc3ccccc3NN)nc2-c2ccccc2)cc1,-2.16502644605714,True,True,True,True,,,success
ATP-HTVS-512766A3F074,C[NH+](C)Cc1ccc(C(=O)Nc2ncc(C#Cc3ccc(O)cc3)nc2-c2ccccc2)cc1,-2.05307596639122,True,True,True,True,,,success
ATP-HTVS-512BF8EF5FA0,CN(C)Cc1ccc(CCNc2nc3ccccc3nc2NCC#Cc2cccnc2)cc1,-2.30799305500322,True,True,True,True,,,success
ATP-HTVS-512DB2E888C1,[NH3+][C@H](C#Cc1c(NC(=O)c2ccc(CS)cc2)cnc2ccccc12)Cc1cccc(F)c1,-5.17019705043283,True,True,True,True,,,success
ATP-HTVS-514A7FD93F10,Cc1ccccc1C[C@H](Nc1nc(N)c(Cc2ccccc2)c2ccccc12)C(=O)[O-],-3.19134530307272,True,True,True,True,,,success
ATP-HTVS-515F0CC44DE0,CN(C)Cc1ccc(CNc2cnc3ccccc3c2NC(=O)c2ccccc2Cl)cc1,-1.11964385990209,True,True,True,True,,,success
ATP-HTVS-51861E5F66D2,C[NH+](C)Cc1cccc(CNc2nc(NCc3cccc[nH+]3)[nH+]c3ccccc23)c1,-4.86805691570754,True,True,True,True,,,success
ATP-HTVS-518A2BC6902B,C[NH+](C)Cc1ccc(C[N@@H+](C)Cc2cn(-c3cccc(Br)c3)nn2)cc1,-4.53556201259022,True,True,True,True,,,success
ATP-HTVS-5192BC4864D4,CC[NH+](CC)Cc1ccc(CNc2cnc(NC(=O)[C@@H](O)c3ccccc3)c3ccccc23)cc1,-4.55831101802539,True,True,True,True,,,success
ATP-HTVS-51A8EA31A006,CN(C(=O)c1c(NCc2cccc(C[NH+](C)C)c2)c2ccccc2[nH]c1=O)c1ccccn1,-2.07323333519145,True,True,True,True,,,success
ATP-HTVS-51D7DCB6F8E8,O=C(Nc1c[nH+]c2ccccc2c1Nc1ccc(NCCO)cc1)c1cccc(F)c1,-3.97125230999212,True,True,True,True,,,success
ATP-HTVS-51FD2328387A,Cc1ccc([C@H](CNc2cc(COc3ccccc3)[nH+]c3c([O-])cccc23)[NH+](C)C)cc1,-3.66917737483488,True,True,True,True,,,success
ATP-HTVS-523F9B5BEE3B,CC(=O)c1ccc(CC(=O)Nc2c(NCc3cccc(C[NH+](C)C)c3)cnc3ccccc23)cc1,-4.98086634625415,True,True,True,True,,,success
ATP-HTVS-52495E42CB55,C[C@@H](Nc1nc(NCc2ccccc2C[NH+](C)C)c2ccccc2[nH+]1)c1ccc(C#N)cc1F,-4.24639373005308,True,True,True,True,,,success
ATP-HTVS-524A2C000135,C[NH+](C)Cc1cccc(CNCc2c(-c3ccc(F)cc3)nc3ccc(F)cn23)c1,-3.33972778406477,True,True,True,True,,,success
ATP-HTVS-52625044C5D9,C[C@H](Nc1nc(NCc2cccc(C[NH+](C)C)c2)nc2ccccc12)c1ccc(Br)cc1,-0.872092791012185,True,True,True,True,,,success
ATP-HTVS-52816E9DAB39,CCN(CC)Cc1cccc(CNc2cnc(NC(=O)Cc3ccccc3)c3ccccc23)c1,-3.39630258537511,True,True,True,True,,,success
ATP-HTVS-52B20567BA88,Oc1ccc([C@H](O)CNc2cnc(-c3ccccc3)c(-c3ccccc3)n2)cc1,-4.50267727696198,True,True,True,True,,,success
ATP-HTVS-52BA94C773EB,C[C@H]([NH2+]CC#Cc1cc2ccccc2nc1NC(=O)c1cc(Cl)cc(C#N)c1)c1ccccc1F,-4.24212693476088,True,True,True,True,,,success
ATP-HTVS-52CC222D68E9,C[NH+](C)Cc1ccc(CNc2cc(F)cnc2NC(=O)Cc2ccccc2)cc1,-4.35969023596325,True,True,True,True,,,success
ATP-HTVS-52D7AA6D1B75,Cc1ccc(OCc2nc(C[NH2+]Cc3ccccc3C[NH+](C)C)cs2)cc1,-4.32193306910399,True,True,True,True,,,success
ATP-HTVS-52F407909F9A,CN(C)c1ccc([C@@H](O)Cc2cc(-c3ccccn3)nc3ccccc23)cc1,-5.22710969195354,True,True,True,True,,,success
ATP-HTVS-53075BACB2C6,C[NH+](C)Cc1cccc(CNc2cc(Cl)sc2C(=O)N[C@@H](C#N)c2ccc(F)cc2)c1,-4.80489479019906,True,True,True,True,,,success
ATP-HTVS-531A4B252985,C[NH+](C)Cc1ccc(C(=O)Nc2c[nH+]c3ccccc3c2N(CC#N)Cc2cccc(Cl)c2)cc1,-4.3066981691611,True,True,True,True,,,success
ATP-HTVS-531EE93584A6,Cc1ccc([C@H](O)CNc2cc(-c3ccccn3)nc3c(F)cccc23)cc1,-4.76411348371322,True,True,True,True,,,success
ATP-HTVS-532EC38BED39,C[NH+](C)Cc1ccc(CCNc2nc(N[C@H](CC(N)=O)c3ccccc3)c3ccccc3[nH+]2)cc1,-3.99743382120538,True,True,True,True,,,success
ATP-HTVS-5359DC82CCCB,Cc1ccc([C@H](O)CNCc2c(OCc3ccccc3)ccc3ccccc23)cc1,-2.1582596766007,True,True,True,True,,,success
ATP-HTVS-53CB9D69C030,C=CC[N@H+](C)Cc1ccc(CN(C)Cc2cn(-c3ccccc3)nc2-c2cccc(Cl)c2)cc1,-3.13087056742927,True,True,True,True,,,success
ATP-HTVS-5401EBEC1B21,C[NH+](C)[C@@H](CNc1cnc2ccccc2c1NC(=O)c1ccccc1)c1ccccc1Cl,-3.97850563115708,True,True,True,True,,,success
ATP-HTVS-54143804256C,CC(=O)N(c1nc(C[NH2+][C@@H](C)c2ccc(C[NH+](C)C)cc2)cs1)c1ccccc1F,-5.62338343586215,True,True,True,True,,,success
ATP-HTVS-5425AB1A5C10,C[C@H](Nc1nc2ccccc2nc1NCc1cccc(C[NH+](C)C)c1)c1cc(F)ccc1F,-4.0848627410535,True,True,True,True,,,success
ATP-HTVS-542A37ED863C,Cc1ccc(Oc2cc(C(=O)N(C)c3ccccc3)[nH+]c3ccccc23)cc1,-3.62532293838666,True,True,True,True,,,success
ATP-HTVS-542AD0F295EC,O=C(CCn1c(-c2ccccc2)cc(=O)c2ccccc21)Nc1ccc(NCCO)cc1,-4.3642374173137,True,True,True,True,,,success
ATP-HTVS-545253A9A90F,CN(c1cnc(NC(=O)c2ccccc2OCC[NH+](C)C)c2ccccc12)[C@H](C#N)c1ccccc1,-3.97688013494276,True,True,True,True,,,success
ATP-HTVS-5494A1B9D9EC,C[NH+](C)Cc1cccc(CNc2nc(NCc3cc[nH+]cc3)[nH+]c3ccccc23)c1,-4.57214515526941,True,True,True,True,,,success
ATP-HTVS-54A1786C1F00,[NH3+][C@H](C#Cc1cc2ccccc2nc1NC(=O)[C@H](O)c1ccc(Cl)cc1)Cc1cccc(F)c1,-6.26897481874173,True,True,True,True,,,success
ATP-HTVS-54E64C0F11AA,CN(Cc1ccccc1)C(=O)c1cscc1NCc1ccc(C[NH+](C)C)cc1,-5.07565913399705,True,True,True,True,,,success
ATP-HTVS-54ED83DE83DA,C[C@@H](c1ccccc1)N(C)c1cnc2ccccc2c1NC(=O)c1ccccc1CN(C)C,-1.32076819684562,True,True,True,True,,,success
ATP-HTVS-553AACDE3786,COc1cccc(-c2cnc(C[NH2+]Cc3ccc(C[NH+](C)C)cc3)nc2)c1,-5.42432199151396,True,True,True,True,,,success
ATP-HTVS-555FA00075E9,CCN(c1c(NC(=O)[C@H](O)Cc2ccc(Cl)cc2)c[nH+]c2ccccc12)[C@H](C#N)c1ccccc1,-5.07013627124325,True,True,True,True,,,success
ATP-HTVS-5589B4ED8BC3,Fc1cccc(Br)c1C[NH2+]Cc1cn(-c2ccccc2)nc1-c1ccncc1,-4.64091671545693,True,True,True,True,,,success
ATP-HTVS-559A97C754E4,Cc1ccc(OCc2nc(C[NH2+]Cc3cccc(C[NH+](C)C)c3)cs2)cc1,-4.59022117165874,True,True,True,True,,,success
ATP-HTVS-55C340552E65,C[NH+](C)Cc1ccc(C(=O)Nc2nc3ccccc3cc2-c2ccccc2)cc1,-4.16592419071402,True,True,True,True,,,success
ATP-HTVS-560CD6AB75AE,C[NH2+]Cc1ccccc1N1CC(=O)Nc2ccccc2[C@H]1c1ccccc1,-4.28847132496355,True,True,True,True,,,success
ATP-HTVS-56362DCB1C38,C[NH+](C)Cc1ccc(CCNc2nc3ccccc3nc2NCc2cncc(Cl)c2)cc1,-4.92077579272637,True,True,True,True,,,success
ATP-HTVS-563DC51EEC46,CC[NH+](CC)Cc1ccc(NC(=O)c2c[nH+]c3ccc(F)cc3c2N(C)[C@@H](C#N)c2ccccc2)cc1,-3.63307419776756,True,True,True,True,,,success
ATP-HTVS-5658ECC62B06,C[NH+](C)Cc1ccc(CNc2cc(C(=O)NCc3ccccc3)sc2Cl)cc1,-4.46626985467977,True,True,True,True,,,success
ATP-HTVS-5694EB72FE49,O=C1CN(Cc2c(F)cc(Cl)cc2F)[C@H](c2ccccc2)c2ccccc2N1,-1.63937460228471,True,True,True,True,,,success
ATP-HTVS-569AAE7497B4,C[NH+](C)Cc1cccc(CNc2nc3ccccc3nc2NCc2ccc(S(N)(=O)=O)cc2)c1,-4.11476854006704,True,True,True,True,,,success
ATP-HTVS-56BFCD0C6B29,CCN(CC)Cc1ccc(CNc2cnc3ccccc3c2NC(=O)c2cccc(F)c2)cc1,-1.75816803631129,True,True,True,True,,,success
ATP-HTVS-57132EA8AA79,Cc1ccc(CNc2nc3ccccc3nc2NCCc2ccc(C[NH+](C)C)cc2)c(N)c1,-3.70349317721879,True,True,True,True,,,success
ATP-HTVS-572BFDBE8187,Cc1ccc([C@@H](O)CNc2nc(COc3ccccc3)nc3ccccc23)cc1,-3.67871721653425,True,True,True,True,,,success
ATP-HTVS-57A1B32CE9AA,C[NH+](C)Cc1ccccc1C(=O)Nc1c(-c2ccncc2Cl)cnc2ccccc12,-4.34038989314633,True,True,True,True,,,success
ATP-HTVS-57B04A124BC1,CN(CC(=O)Nc1nc2ccccc2cc1N(C)[C@@H](C#N)c1ccccc1)c1ccccc1,-4.30882911599628,True,True,True,True,,,success
ATP-HTVS-57C145E4C4AF,C[NH+](C)Cc1cccc(CNc2c(NC(=O)c3csc(Cl)c3)c[nH+]c3ccccc23)c1,-5.49820002806304,True,True,True,True,,,success
ATP-HTVS-57CD8A84B862,CN(Cc1sc2ccccc2c1NCc1ccc(C[NH+](C)C)cc1)C(=O)[C@@H](Cl)c1ccccc1,-4.37433145905507,True,True,True,True,,,success
ATP-HTVS-5801E8FB792E,CNc1ccccc1C[NH2+]Cc1cn(-c2ccccc2)nc1-c1cccnc1,-5.14154727999399,True,True,True,True,,,success
ATP-HTVS-5850FC4068A9,C[NH+](C)Cc1cccc(CNc2csc(CC(=O)Nc3cccc(F)c3)c2)c1,-4.50273982707113,True,True,True,True,,,success
ATP-HTVS-586B19FEBC2D,C[NH+](C)Cc1ccc(CNc2cnc3ccccc3c2NC(=O)Cc2ccc([N+](=O)[O-])cc2)cc1,-4.90860704877042,True,True,True,True,,,success
ATP-HTVS-5890B3ABBA42,CNc1ccc(CNc2nc(NCc3ccc(F)c(C[NH+](C)C)c3)[nH+]c3ccccc23)cc1,-3.99840567748148,True,True,True,True,,,success
ATP-HTVS-58BA49956E55,COCc1cccc(CNc2nc3ccccc3nc2NCc2ccccc2C[NH+](C)C)c1,-3.01212044077228,True,True,True,True,,,success
ATP-HTVS-590B92626142,COc1ccc(OCc2nc(CNCc3cccc(C[N@H+](C)C(C)C)c3)cs2)cc1,-2.81135612994034,True,True,True,True,,,success
ATP-HTVS-593FD885E4E3,CC[N@H+](Cc1ccccc1C)c1c(C(=O)N(CC[NH3+])c2ccccc2)sc2ccccc12,-4.33455882161783,True,True,True,True,,,success
ATP-HTVS-595807F16B2C,CN(C(=O)c1sc(Cl)cc1NCc1cccc(C[NH+](C)C)c1)[C@@H](C#N)c1ccccc1,-4.50392406934781,True,True,True,True,,,success
ATP-HTVS-5993E100A2C1,C[NH+](C)Cc1ccccc1NCC(C)(C)C(=O)n1c(-c2ccccc2)cc(=O)c2ccccc21,-4.42551578845515,True,True,True,True,,,success
ATP-HTVS-59B1C5906543,C[NH+](C)Cc1ccc(CNc2ccsc2C(=O)N(CCO)c2ccccc2)cc1,-4.57317795157002,True,True,True,True,,,success
ATP-HTVS-59B957CB7E9F,CC[NH+](CC)Cc1cccc(CNc2c(CN(C)C(=O)c3cccc(O)c3)sc3ccccc23)c1,-3.81034889998009,True,True,True,True,,,success
ATP-HTVS-59E59E09D09E,CN(CC(=O)NCc1ccccc1)c1nc2ccccc2nc1NCc1cccc(C[NH+](C)C)c1,-3.6193170272175,True,True,True,True,,,success
ATP-HTVS-5A1C186863E4,C[NH+](C)Cc1ccc(CCNc2nc(N[C@@H](C[S@@](C)=O)c3ccccc3)c3ccccc3n2)cc1,-1.80644285330172,True,True,True,True,,,success
ATP-HTVS-5A2EB4E9D835,C[NH+](C)Cc1ccc(CNc2nc(NCC(=O)Nc3cccc(F)c3)[nH+]c3ccccc23)cc1,-5.66214009987454,True,True,True,True,,,success
ATP-HTVS-5A38D2E65B38,C[NH+](C)Cc1ccc(C(=O)Nc2cnc3ccccc3c2C#CC(=O)c2ccccc2Cl)cc1,-4.37969883780927,True,True,True,True,,,success
ATP-HTVS-5A3D1DB8098B,C[NH+](C)Cc1cccc(CNc2nc(NC[C@@H](CO)c3cccc(F)c3)[nH+]c3ccccc23)c1,-4.2751000959887,True,True,True,True,,,success
ATP-HTVS-5A74948D5858,Cc1cccc(C[C@@H](Nc2nc(N)c(Cc3ccccc3)c3ccccc23)C(=O)[O-])c1,-3.57609795684587,True,True,True,True,,,success
ATP-HTVS-5AAA6558FE6F,C[NH+](C)Cc1ccc(C(=O)Nc2nc3ccccc3cc2N[C@@H](C#N)Cc2ccccc2)cc1,-4.31511428369591,True,True,True,True,,,success
ATP-HTVS-5AC0D5CB90EF,C=C(CN1CC(=O)Nc2ccc(Cl)cc2[C@H]1c1ccccc1F)c1ccccc1,-1.75853160780959,True,True,True,True,,,success
ATP-HTVS-5B1B34F83C18,O=c1c2cc(Cl)ccc2nc(-c2ccccc2Br)n1CCNCc1ccc(F)cc1,-2.46053830436546,True,True,True,True,,,success
ATP-HTVS-5B32A3AFA3A9,COc1cc(CNC(=O)NCc2ccc([NH2+]C(C)C)cc2)c2ccccc2n1,-3.76487956836908,True,True,True,True,,,success
ATP-HTVS-5B9C564ED935,C[NH+](C)CCOc1ccc(C[NH2+]Cc2ccnc(OCc3ccccc3)c2)cc1,-4.41592975128322,True,True,True,True,,,success
ATP-HTVS-5BC6D09DB3F1,C[C@H](CF)Nc1cccc(CC(=O)NCc2[nH+]c3ccccc3n2Cc2ccccc2)c1,-2.24325432904981,True,True,True,True,,,success
ATP-HTVS-5BCFBB048AA1,CC(F)(F)c1ccc(C(=O)Nc2c[nH+]c3ccccc3c2NCc2ccc(NCCO)cc2)cc1,-4.44417172328184,True,True,True,True,,,success
ATP-HTVS-5BE3914F361A,O=C(Cc1ccccc1[N+](=O)[O-])Nc1ncc(C#CC[NH2+]Cc2ccccc2)c2ccccc12,-5.67579047127189,True,True,True,True,,,success
ATP-HTVS-5BF5224E50DC,Cc1cc(CC[NH2+]Cc2nc3ccccc3n2Cc2ccccc2)ccc1C#N,-5.19166155522709,True,True,True,True,,,success
ATP-HTVS-5BFD90183104,COC(=O)c1ccccc1C(=O)Nc1cnc2ccccc2c1NCc1cccc(C[NH+](C)C)c1,-2.94120134952684,True,True,True,True,,,success
ATP-HTVS-5C08F16C0BFC,CN(C)Cc1ccccc1CNc1nc(N(C)Cc2ccccc2[N+](=O)[O-])[nH+]c2ccccc12,-0.740346838781324,True,True,True,True,,,success
ATP-HTVS-5C1A90E0608A,N#C[C@@H](N[C@H](C#CCNCc1ccccc1)c1cc2ccccc2s1)c1ccc(F)cc1,-4.57813248647456,True,True,True,True,,,success
ATP-HTVS-5C2621A0B526,Cc1cccc(-c2nn(Cc3ccccc3)cc2C[NH2+]C[C@H](c2cccnc2)N(C)C)c1,-4.59011384543317,True,True,True,True,,,success
ATP-HTVS-5C29B6179A0F,CCN(c1c(NC(=O)c2ccc(C[NH+]3CCCC3)cc2)c[nH+]c2ccccc12)[C@@H](C#N)c1ccccc1,-4.29786321202716,True,True,True,True,,,success
ATP-HTVS-5CE7EF7F1B66,CC[NH+](CC)Cc1ccc(CNc2cnc3ccccc3c2NC(=O)c2ccc(F)c(C#N)c2)cc1,-3.76988573921246,True,True,True,True,,,success
ATP-HTVS-5CEF79319D6B,C[NH+](C)Cc1ccc(C(=O)Nc2c(N(CC#N)Cc3ccccc3)cnc3ccccc23)cc1,-4.69577605445255,True,True,True,True,,,success
ATP-HTVS-5CF527C7FD25,N#CCN(c1ccccc1)c1cc2ccccc2nc1NC(=O)c1ccc(F)c(F)c1,-3.71512132658056,True,True,True,True,,,success
ATP-HTVS-5CFA0109773F,CN(Cc1ccccc1N)c1ncc(C(=O)N(C)c2ccc(Cl)cc2)c2ccccc12,-3.7902907060125,True,True,True,True,,,success
ATP-HTVS-5D344E99E653,C[C@H]([NH2+]CC#Cc1c(NC(=O)Cc2ccccc2C#N)cnc2ccccc12)c1ccc(F)cc1,-3.97982714639169,True,True,True,True,,,success
ATP-HTVS-5D5940BED632,Cc1ccc(C(=O)Nc2c(NCc3cccc(C[NH+](C)C)c3)cnc3ccccc23)cc1,-4.24933834696087,True,True,True,True,,,success
ATP-HTVS-5D5A320A0101,CN(C)[C@H](C(=O)Nc1c[nH+]c2ccccc2c1N(C)[C@H](C#N)c1ccccc1)c1ccc(Cl)cc1,-4.43394181580623,True,True,True,True,,,success
ATP-HTVS-5D7D5B0AFE50,C[NH+](C)C[C@H](C[NH2+]Cc1cn(-c2ccccc2)nc1-c1cccs1)c1ccccc1,-3.62323809277179,True,True,True,True,,,success
ATP-HTVS-5DA5A3EB6624,Cc1ccc(CNCc2cn(Cc3ccccc3)nc2-c2ccc(Cl)cc2)cc1N,-2.75550012588011,True,True,True,True,,,success
ATP-HTVS-5DB20AD11BEB,C[NH+](C)Cc1cccc(Nc2c(C(=O)N(CC#N)c3ccccc3)c(=O)[nH]c3ccccc23)c1,-2.96261088991814,True,True,True,True,,,success
ATP-HTVS-5E187255B48D,N#CCN(c1ccccc1)c1c(NC(=O)c2ccccc2F)cnc2ccccc12,-3.46280176737967,True,True,True,True,,,success
ATP-HTVS-5E1B9EFD9407,C[C@H](NCC#Cc1cnc2ccccc2c1NC(=O)Cc1cccc(C#N)c1)c1ccccc1F,-4.43349458355397,True,True,True,True,,,success
ATP-HTVS-5E389E326DA0,CN(C)[C@H](C[NH2+]Cc1c2ccccc2cc2ccccc12)c1cccc(F)c1,-4.50304525647943,True,True,True,True,,,success
ATP-HTVS-5E561F95C670,C[NH+](C)Cc1cccc(NC(=O)c2cc(-c3ccccn3)nc3ccccc23)c1,-5.14077625711294,True,True,True,True,,,success
ATP-HTVS-5E6DF5CA027C,C[NH+](C)CCOc1ccc(C[NH2+]Cc2ccncc2OCc2ccccc2)cc1,-5.56952994029835,True,True,True,True,,,success
ATP-HTVS-5EB936FA5BDD,C[NH+]1CCN(c2ccccc2CNc2nc(-c3ccccc3)c3ccccc3n2)CC1,-4.06045114259907,True,True,True,True,,,success
ATP-HTVS-5EF6359E179A,C[NH+](C)Cc1ccccc1C(=O)Nc1ncc(N(C#N)c2ccccc2)c2ccccc12,-4.67392440734825,True,True,True,True,,,success
ATP-HTVS-5F569EDABC80,C[NH+](C)[C@@H](C(=O)Nc1c(N(CC#N)c2ccccc2)cnc2ccccc12)c1ccc(Cl)cc1,-3.23381446655106,True,True,True,True,,,success
ATP-HTVS-5FA879ADA4FF,CC[NH+](CC)Cc1ccc(CNc2cnc3ccccc3c2NC(=O)Cc2ccccc2OC)cc1,-3.2287697992891,True,True,True,True,,,success
ATP-HTVS-6012FFC9E47E,CN(CC(=O)N(C)c1ccccc1)c1cnc2ccccc2c1NC(=O)c1ccc(C[NH+](C)C)cc1,-3.3461811795043,True,True,True,True,,,success
ATP-HTVS-601F520459A4,CN(Cc1cccc(F)c1)C(=O)c1sccc1Nc1ccc(C[NH+](C)C)cc1Cl,-3.2928013737602,True,True,True,True,,,success
ATP-HTVS-602F8E6702A7,CN(Cc1ccc(N2CC[NH+](C)CC2)cc1)c1c(C(=O)N(CC#N)c2ccccc2)[nH]c2ccccc12,-3.66335870608387,True,True,True,True,,,success
ATP-HTVS-60B21D6CE655,C[NH+](C)Cc1ccc(-c2cc(C(=O)N(CCO)Cc3ccccc3)c3ccccc3n2)cc1,-3.42210988009747,True,True,True,True,,,success
ATP-HTVS-60B70570E761,COc1cc(CN(C)Cc2ccc(C[NH+](C)C)cc2)ccc1OCc1ccc(F)cc1,-4.07446621007503,True,True,True,True,,,success
ATP-HTVS-60C7695B6F0C,C[NH+](C)Cc1ccc(CNc2c(C(=O)Nc3cccc(N)c3)sc3ccccc23)cc1,-5.86770542169608,True,True,True,True,,,success
ATP-HTVS-60D4F7FF4B6B,C[C@@H]([NH2+]Cc1ccc(-c2ccc([N+](=O)[O-])cc2)s1)c1ccc(C[NH+](C)C)cc1,-6.28370093518969,True,True,True,True,,,success
ATP-HTVS-60F8B74A0D7C,C[NH+](C)Cc1cc(F)ccc1CNc1nc(NCc2ccc([N+](=O)[O-])cc2)[nH+]c2ccccc12,-5.0072187217735,True,True,True,True,,,success
ATP-HTVS-6168063B3267,C[C@H](Nc1nc2ccccc2nc1NCc1ccccc1C[NH+](C)C)c1ccccc1N,-4.66858866643274,True,True,True,True,,,success
ATP-HTVS-61A3D13E339F,[NH3+]Cc1ccc(CNC(=O)c2cn(Cc3ccccc3)c(=O)c3ccccc23)c(F)c1,-4.98689241876596,True,True,True,True,,,success
ATP-HTVS-62207831F6CB,CN(C)Cc1cccc(CNc2c(C(=O)N(C)[C@@H](C#N)c3ccccc3)sc3cc(F)ccc23)c1,-1.01278276002394,True,True,True,True,,,success
ATP-HTVS-6227313DC6E5,C[NH2+]Cc1ccc(CNc2cnc3ccccc3c2NC(=O)Cc2ccccc2)cc1,-5.41139131934922,True,True,True,True,,,success
ATP-HTVS-6286382C1C45,CN(C)Cc1cccc(CNc2c(CN(C)C(=O)CCc3ccccc3)sc3ccccc23)c1,-2.33960549225046,True,True,True,True,,,success
ATP-HTVS-62D29CE4051A,C[C@H](c1ccc(CNc2cccnc2Oc2ccccc2F)cc1)N(C)C,-2.40287405166579,True,True,True,True,,,success
ATP-HTVS-631C0C315D5A,C[C@@H](N[C@H](CC[NH+](C)C)c1ccc(O)cc1)c1cc2cccc(Cl)c2c(=O)n1-c1ccccc1,-4.41458575350106,True,True,True,True,,,success
ATP-HTVS-638532F00CCB,C[NH+](C)Cc1ccc(CNc2cnc(NC(=O)Cc3ccccc3[N+](=O)[O-])c3ccccc23)cc1,-3.30192032259965,True,True,True,True,,,success
ATP-HTVS-63A2B85F1850,CN(Cc1sc2ccccc2c1NCc1ccc(NCCO)cc1)C(=O)c1cccc(C#N)c1,-3.48496606644906,True,True,True,True,,,success
ATP-HTVS-63DD1309BB6A,CCN(CC)Cc1ccc(CNc2cnc(NC(=O)c3ccccc3C#N)c3ccccc23)cc1,-3.34205032023594,True,True,True,True,,,success
ATP-HTVS-63DFF8A88018,Cc1ccc([C@@H](O)CNc2cc(N(C)Cc3ccccc3)[nH+]c(Nc3cccc(O)c3)n2)cc1,-4.7943360024633,True,True,True,True,,,success
ATP-HTVS-63E5F33A32FB,COc1ccccc1OCc1ccc(C[NH2+]Cc2ccccc2C[NH+](C)C)o1,-4.78876578704874,True,True,True,True,,,success
ATP-HTVS-64561A556005,C[NH+](C)Cc1ccc(C(=O)Nc2nc3ccccc3cc2N(CC(N)=O)c2ccccc2)cc1,-4.72497821014762,True,True,True,True,,,success
ATP-HTVS-6480B695D089,C[NH+](C)[C@@H](CN)c1ccc(Cl)cc1Nc1[nH+]c(-c2ccc(Cl)cc2)cn1/N=C/c1ccccc1,-2.45925339690874,True,True,True,True,,,success
ATP-HTVS-64A2B9E187D2,C[NH+](C)CCOc1cccc(CN2CC(=O)Nc3ccc(Cl)cc3[C@H]2c2ccccc2F)c1,-2.18765448061502,True,True,True,True,,,success
ATP-HTVS-64F4A1A461ED,C[NH+](C)Cc1cccc(CN[C@H](C#Cc2ccncc2)c2[nH+]ccn2OCc2ccccc2)c1,-5.28790429343209,True,True,True,True,,,success
ATP-HTVS-651F2B2980F4,C[C@H](c1cccc(C[NH2+]C[C@H](c2cccs2)c2c[nH]c3ccccc23)c1)[NH+](C)C,-5.47772488910743,True,True,True,True,,,success
ATP-HTVS-65263582E7F4,Cc1cccc([C@@H](C[NH+](C)C)NC(=O)NC[C@H]2c3ccccc3C(=O)N2Cc2ccccc2)c1,-4.75411914859557,True,True,True,True,,,success
ATP-HTVS-654FE4E3AAA7,CC[N@@H+](C)Cc1cccc(CNc2cc(C(=O)N(C)c3ccccc3)ccn2)c1,-4.06858602331891,True,True,True,True,,,success
ATP-HTVS-655331016ABF,C[NH+](C)Cc1ccc(CCNc2nc(NCc3ccc(CO)c(F)c3)c3ccccc3[nH+]2)cc1,-4.73818123002512,True,True,True,True,,,success
ATP-HTVS-656A250247D8,C[NH+](C)Cc1cccc(CNc2cc(C(=O)N(C#N)c3ccccc3)sc2Cl)c1,-4.89528858906576,True,True,True,True,,,success
ATP-HTVS-657E323E2351,C[NH+](C)Cc1ccccc1C(=O)Nc1ncc(N(CC(N)=O)c2ccccc2)c2ccccc12,-3.94729667946488,True,True,True,True,,,success
ATP-HTVS-65B75474615F,Nc1ccc(CCNc2nc(-c3ccccc3)nc3ccccc23)cc1,-4.14954648610879,True,True,True,True,,,success
ATP-HTVS-65F1321BFD60,Cc1ccc(F)c(CN2CC(=O)Nc3ccccc3[C@@H]2c2ccccc2)c1,-1.48038393582607,True,True,True,True,,,success
ATP-HTVS-65F4836C7042,CN(Cc1sc2ccccc2c1C#C[C@@H]([NH3+])Cc1cccc(F)c1)C(=O)c1ccccc1O,-6.71312251253104,True,True,True,True,,,success
ATP-HTVS-6612EA4E183C,C[C@@H](Nc1nc(NCc2cccc(C[NH+](C)C)c2)c2ccccc2[nH+]1)c1ccc(C#N)cc1F,-3.92958280169648,True,True,True,True,,,success
ATP-HTVS-665A86DAD15F,Cc1ccc(N(C)C(=O)c2sc(Cl)cc2NCc2ccc(C[NH+](C)C)cc2)cc1Cl,-3.69184794846987,True,True,True,True,,,success
ATP-HTVS-66618B00A972,CC[N@@H+](C)Cc1cc(F)ccc1C[NH2+]Cc1csc(COc2ccc(OC)cc2)n1,-6.72891028700809,True,True,True,True,,,success
ATP-HTVS-667EB58ED22D,CN(C)Cc1ccc(CCNc2nc(-c3ccccc3)nc3ccccc23)cc1,-1.95139084828723,True,True,True,True,,,success
ATP-HTVS-669A511FBD29,C[C@H](NCC#C[C@H](NCC(=O)c1ccccc1)c1csc2ccccc12)c1ccccc1,-4.53832172271697,True,True,True,True,,,success
ATP-HTVS-66A9CC424D71,C[NH+](C)Cc1cccc(C[NH2+]Cc2csc(COc3ccc(Cl)cc3)n2)c1,-4.54344253054898,True,True,True,True,,,success
ATP-HTVS-66BD7620CABA,C[C@@H](C#N)N(c1ccccc1)c1cnc(NC(=O)c2ccccc2N2CC[NH+](C)CC2)c2ccccc12,-3.56273417083815,True,True,True,True,,,success
ATP-HTVS-66EE35E24140,CC[NH+](CC)Cc1cccc(CNc2cnc(NC(=O)c3ccccc3C(C)=O)c3ccccc23)c1,-4.37572311945801,True,True,True,True,,,success
ATP-HTVS-66FFB530802B,C[NH+](C)Cc1ccc(C(=O)Nc2c(N(CC(=O)NN)c3ccc(F)cc3)cnc3ccccc23)cc1,-3.74817258135611,True,True,True,True,,,success
ATP-HTVS-67024B617AFA,C[C@@H]([NH2+]CC#Cc1c(CN(C)C(=O)Cc2ccc(C#N)cc2)sc2ccccc12)c1ccccc1F,-5.08429538675973,True,True,True,True,,,success
ATP-HTVS-673A54B483CC,CCN(c1cc2ccccc2nc1NC(=O)[C@@H](O)Cc1ccc(Cl)cc1)[C@@H](C#N)c1ccccc1,-3.724929712115,True,True,True,True,,,success
ATP-HTVS-675C8FFFA49B,C[NH2+]CCc1ccc(Nc2cnc(NC(=O)c3cccc(F)c3)c3ccccc23)cc1,-4.96576841477222,True,True,True,True,,,success
ATP-HTVS-675D7E7E37EF,CC(C)Nc1ccccc1NC(=O)Cn1c(=O)nc(-c2ccccc2)c2ccccc21,-4.39095491270896,True,True,True,True,,,success
ATP-HTVS-676B1F951E41,C[C@H]([NH2+]Cc1ccc(C[NH+](C)C)cc1)c1cn(Cc2ccc(Cl)cc2)nn1,-4.55198972157874,True,True,True,True,,,success
ATP-HTVS-6778D00A26F1,Cc1cccc([C@H](O)CNc2c(NC(=O)c3ccc([S-])c(F)c3)c[nH+]c3ccccc23)c1,-4.02076398578119,True,True,True,True,,,success
ATP-HTVS-677D6479829E,O=C1CN(Cc2cc(F)c(F)c(F)c2)[C@H](c2ccccc2)c2ccccc2N1,-1.53874169064262,True,True,True,True,,,success
ATP-HTVS-67830652660F,C[NH+](C)Cc1ccc(CNc2c(C(=O)Nc3ccccc3C#N)sc3ccccc23)cc1,-3.54475322945027,True,True,True,True,,,success
ATP-HTVS-67B30DFDD52C,CN(Cc1ccccc1S(N)(=O)=O)c1nc(NCc2cccc(C[NH+](C)C)c2)c2ccccc2[nH+]1,-4.59460586724192,True,True,True,True,,,success
ATP-HTVS-67E3C63FBC34,CCc1cccc(CC)c1CN1CC(=O)Nc2ccccc2[C@H]1c1ccccc1,-1.77896313754051,True,True,True,True,,,success
ATP-HTVS-67F14CF2E487,CN(Cc1ccccc1)C(=O)c1ncccc1Nc1ccccc1C[NH+](C)C,-4.57556517881541,True,True,True,True,,,success
ATP-HTVS-6804FBE9529D,C[NH+](C)Cc1cc(F)ccc1CNc1nc(NCc2cccc(Cl)c2N)c2ccccc2[nH+]1,-4.41470929805527,True,True,True,True,,,success
ATP-HTVS-681E21A5C336,C[NH+](C)Cc1cccc(N2c3ccccc3C(=O)N[C@H]2c2ccc(Cl)c(Cl)c2)c1,-1.83227151274136,True,True,True,True,,,success
ATP-HTVS-684B476D1E6A,C[NH+](C)Cc1ccccc1C(=O)Nc1c(N(CC#N)Cc2ccccc2)cnc2ccccc12,-3.82090535284981,True,True,True,True,,,success
ATP-HTVS-68829DCC26F9,CC(C)Nc1cccc(CNC(=O)Cn2c(COc3ccccc3)nc3ccccc32)c1,-3.94739536879907,True,True,True,True,,,success
ATP-HTVS-68B1DBF07479,C[NH+](C)[C@@H](CNc1nc(COc2ccccc2Cl)nc2ccccc12)c1ccc(O)cc1,-4.41596673342604,True,True,True,True,,,success
ATP-HTVS-69239F8CDE40,CN(Cc1ccccc1F)C(=O)c1c(Nc2cccc(C[NH+](C)C)c2)c2ccccc2[nH]c1=O,-3.05381731133593,True,True,True,True,,,success
ATP-HTVS-694143BD68F7,CN(c1c(NC(=O)COc2ccccc2Cl)c[nH+]c2ccccc12)[C@H](C#N)c1ccccc1,-4.03896671740241,True,True,True,True,,,success
ATP-HTVS-697A85B30C1D,CCN(CC)[C@@H](CNC(=O)c1cc(=O)c2ccccc2n1Cc1ccc(C)cc1)c1ccccc1,-1.88928429654037,True,True,True,True,,,success
ATP-HTVS-69A2FC5C8ACC,Cc1cc(C[NH2+]Cc2cn(-c3ccccc3)nc2-c2ccncc2)ccc1O,-4.95097795180845,True,True,True,True,,,success
ATP-HTVS-69AD6B8D3733,C[NH+](C)Cc1ccc(C[NH2+]Cc2nc3ccccc3n2Cc2ccccc2)s1,-5.81187938311954,True,True,True,True,,,success
ATP-HTVS-69DE697C6F69,CN(C(=O)c1[nH]c2ccccc2c1NCc1ccc(C[NH+](C)C)cc1)[C@H](C#N)c1ccccc1,-4.07146256267476,True,True,True,True,,,success
ATP-HTVS-6A46373CBB09,O=C(Nc1ncc(Nc2ccc(NCCO)cc2)c2ccccc12)[C@H](Cl)c1ccccc1,-3.37109203600224,True,True,True,True,,,success
ATP-HTVS-6A615EE15C98,CN(C)Cc1cc(C[NH2+]Cc2cn(-c3ccccc3)nc2-c2ccc(F)cc2)ccc1O,-4.26265472494235,True,True,True,True,,,success
ATP-HTVS-6A632AA0CEB9,Cc1ccc2nc(-c3ccc(F)cc3)c(C[NH2+]Cc3ccc(CN(C)C)cc3)n2c1,-2.71843646918018,True,True,True,True,,,success
ATP-HTVS-6A75058F52BE,CC(C)[N@@H+](C)Cc1cccc(C[NH2+]Cc2cn(-c3ccccc3)nc2-c2ccc([N+](=O)[O-])cc2)c1,-4.84010222744144,True,True,True,True,,,success
ATP-HTVS-6A7606C4C92F,C[NH+](C)Cc1ccccc1C(=O)Nc1c(-c2ccccc2)cnc2ccccc12,-4.34154304727115,True,True,True,True,,,success
ATP-HTVS-6A9F3E67E2B3,CC(=O)N(c1ccc(Cl)cc1)c1nc(C[NH2+]Cc2ccccc2C[NH+](C)C)cs1,-5.24384455386127,True,True,True,True,,,success
ATP-HTVS-6AEF3DDEB613,CCN(CC)Cc1cccc(CNc2[nH+]c3ccccc3n2CC(=O)c2ccccc2)c1,-2.44931978858572,True,True,True,True,,,success
ATP-HTVS-6B0687E57A6A,OCc1ccccc1CC[NH2+][C@@H](c1ccccc1)c1cc2ccccc2o1,-6.08880138359782,True,True,True,True,,,success
ATP-HTVS-6B1624881868,CN(C(=O)c1ccncc1Nc1ccc(C[NH+](C)C)cc1)c1ccccc1F,-4.13656720225586,True,True,True,True,,,success
ATP-HTVS-6B545AE439E8,C[NH+](C)Cc1cccc(Nc2cnc(NC(=O)c3ccccc3)c3ccccc23)c1,-4.40948614392813,True,True,True,True,,,success
ATP-HTVS-6B6B8E0C727E,C[NH+](C)Cc1cccc(CNc2csc(CC(=O)NC(C)(C)c3ccccc3)c2)c1,-4.18703629984588,True,True,True,True,,,success
ATP-HTVS-6B709F2DA304,CC(C)Oc1ccc(CNCc2cn(C)nc2OCc2ccccc2)cc1,-2.03028213054911,True,True,True,True,,,success
ATP-HTVS-6BE395388015,CCN(CC)[C@H](CNC(=O)c1cc(=O)c2ccccc2n1Cc1cccc(C)c1)c1ccccc1,-1.36676737681333,True,True,True,True,,,success
ATP-HTVS-6BFC96102A75,C[C@H](C#N)N(c1ccccc1)c1c(NC(=O)c2cc(F)cc(F)c2)c[nH+]c2ccccc12,-1.68091476433484,True,True,True,True,,,success
ATP-HTVS-6C10A5B04019,CC(C)Nc1cccc(CNc2nc(NCc3ccc(CCO)cc3)nc3ccccc23)c1,-1.51439635407655,True,True,True,True,,,success
ATP-HTVS-6C50DB0A272F,C[C@@H](c1ccccc1)N(C)C(=O)c1ccncc1Nc1ccc(C[NH+](C)C)cc1,-4.30263290393674,True,True,True,True,,,success
ATP-HTVS-6C7D9744EE21,C[NH+](C)Cc1cccc(NC(=O)c2cnc3ccc(F)cc3c2N(CC#N)c2ccccc2)c1,-4.69955578174187,True,True,True,True,,,success
ATP-HTVS-6C953A1E72F9,Cc1ccc([C@@H](O)CNc2c(CN(C)C(=O)c3ccc(O)cc3)sc3ccccc23)cc1,-5.08175360039616,True,True,True,True,,,success
ATP-HTVS-6C98FCD8FCFE,COC(=O)[C@@H](Nc1c(C(=O)N(CCO)c2ccccc2)sc2ccccc12)c1ccccc1C,-2.33099136472721,True,True,True,True,,,success
ATP-HTVS-6CCE19BA0E53,COc1cc2ccccc2c(CNc2ccc(C[NH+](C)C)c(F)c2)c1OC,-3.93577551738666,True,True,True,True,,,success
ATP-HTVS-6D0E62C9397C,C[NH+](C)Cc1ccc(CNc2cncc(C(=O)N(CC#N)Cc3ccc(F)cc3)c2)cc1,-3.6815938860764,True,True,True,True,,,success
ATP-HTVS-6D22B46DE244,C[NH+](C)Cc1cccc(CNc2nc(NCc3ccc(F)cc3)c3ccccc3[nH+]2)c1,-4.48541249538658,True,True,True,True,,,success
ATP-HTVS-6D2ED4476584,C[NH+](C)Cc1ccc(C(=O)Nc2c(NCc3cccc(C#N)c3)cnc3ccccc23)cc1,-4.00003509298641,True,True,True,True,,,success
ATP-HTVS-6D4BCDFA1C91,C[NH+](C)[C@H](CNc1cc2ccccc2nc1NC(=O)Cc1ccccc1)c1ccccc1Cl,-5.09850908229164,True,True,True,True,,,success
ATP-HTVS-6D7E0E0D5192,O=C(Nc1c[nH+]c2ccccc2c1NC[C@@H](O)c1ccccc1Cl)[C@H](Cl)c1ccccc1,-4.9844932944252,True,True,True,True,,,success
ATP-HTVS-6E0FE1B5DEAA,CN(C)Cc1cc(F)ccc1CNc1nc(NCC(=O)Nc2ccccc2)[nH+]c2ccccc12,-1.95498268451728,True,True,True,True,,,success
ATP-HTVS-6E162A247368,CCCN(C(=O)c1sccc1NCc1cccc(C[NH+](C)C)c1)c1ccccc1,-3.47604211570554,True,True,True,True,,,success
ATP-HTVS-6E22C1143CC0,C#Cc1cccc(CNCc2cn(-c3ccccc3)nc2-c2ccncc2)c1,-3.72830328205575,True,True,True,True,,,success
ATP-HTVS-6E53E23A0DE7,C[NH+](C)Cc1ccc(C(=O)Nc2ccc([C@@H](C#N)c3ccccc3)c(-c3ccc(O)cc3)c2)cc1,-4.88500832388325,True,True,True,True,,,success
ATP-HTVS-6E858FDBC7BE,C[C@@H](NCC#C[C@H](N[C@@H](C#N)c1ccccc1)c1cc2ccccc2s1)c1cccc(F)c1,-3.98554458005606,True,True,True,True,,,success
ATP-HTVS-6E87A6CCCD27,CC(=O)c1ccc(C(=O)Nc2cnc3ccccc3c2C#CC[NH2+]Cc2ccccc2)cc1,-4.17570217850514,True,True,True,True,,,success
ATP-HTVS-6EB205788321,CNc1ccccc1[C@@H](C)N1CC(=O)Nc2ccccc2[C@H]1c1ccccc1,-1.60752349582625,True,True,True,True,,,success
ATP-HTVS-6EF9F712D3BB,C[NH+](C)Cc1ccc(C[NH2+]Cc2ccc(Oc3ccc(Br)cc3)nc2)cc1,-6.27229934947262,True,True,True,True,,,success
ATP-HTVS-6F05C87B1F67,COC(=O)[C@H](C(=O)Nc1cnc2ccccc2c1NCc1cccc(C[NH+](C)C)c1)c1ccccc1,-2.24887284598629,True,True,True,True,,,success
ATP-HTVS-6F07AE7177E0,[NH3+][C@@H](CNC(=O)c1oc2ccccc2c1CSc1ccccc1F)c1ccccc1,-5.8894698694767,True,True,True,True,,,success
ATP-HTVS-6F1494FEFC60,N#Cc1ccccc1CC(=O)Nc1c(C#CC[NH2+]Cc2ccccc2)cnc2ccccc12,-5.35850679518457,True,True,True,True,,,success
ATP-HTVS-6F734E803CC4,COc1ccccc1CC(=O)Nc1nc2ccccc2cc1N(C)[C@H](C#N)c1ccccc1,-3.31592375333773,True,True,True,True,,,success
ATP-HTVS-6F858A0E8812,COc1ccc(C[NH2+]C[C@H]2c3ccccc3C(=O)N2Cc2ccccc2)c(F)c1,-5.74835431316884,True,True,True,True,,,success
ATP-HTVS-6FE04A77CC41,COc1ccccc1C(=O)Nc1ncc(NCc2cccc(C[NH+](C)C)c2)c2ccccc12,-5.24355766827584,True,True,True,True,,,success
ATP-HTVS-702B49CD2E82,[NH3+]CCN(c1ccccc1)c1c(NCc2ccccc2)c(Cl)c(O)c2ccccc12,-3.57940560478986,True,True,True,True,,,success
ATP-HTVS-7075BC6FC110,CN(Cc1cccnc1Cl)c1nc(NCc2ccc(C[NH+](C)C)cc2)[nH+]c2ccccc12,-4.74222818605179,True,True,True,True,,,success
ATP-HTVS-708569B81B35,C[NH+](C)Cc1ccc(CNC(=O)c2[nH]c3ccccc3c2C#C[C@@H](O)c2cccc(Cl)c2)cc1,-4.2478476367007,True,True,True,True,,,success
ATP-HTVS-70C7181F988B,CC[N@H+](C)Cc1cccc(CNCc2nc3ccccc3n2Cc2ccc(Cl)cc2)c1,-3.59148496402518,True,True,True,True,,,success
ATP-HTVS-70E37A6C21BA,COc1ccc([C@@H](C#N)Nc2cc3ccccc3nc2NC(=O)c2ccccc2C[NH+](C)C)cc1,-4.35087995786348,True,True,True,True,,,success
ATP-HTVS-7191B1059E2A,Cc1cc(NC(=O)c2ccccc2)ncc1NCc1ccc(C[NH+](C)C)cc1,-3.50652486081889,True,True,True,True,,,success
ATP-HTVS-71BAC3B18036,CC[NH+](CC)Cc1cccc(CNc2cc3ccccc3nc2NC(=O)c2ccc(C#N)c(F)c2)c1,-3.52001493936005,True,True,True,True,,,success
ATP-HTVS-71BF5DD28E53,O[C@@H](CN[C@@H](c1ccccc1)c1cc2ccccc2o1)c1ccc(F)c(Cl)c1,-2.57161786217853,True,True,True,True,,,success
ATP-HTVS-71D6C35FE659,C[C@H](C(=O)Nc1c(N(CC#N)c2ccccc2)cnc2ccccc12)c1ccc(Cl)cc1,-3.36599142927644,True,True,True,True,,,success
ATP-HTVS-7201DD4C282A,C[NH+](C)Cc1ccccc1Nc1nc(-c2ccccc2)nc2ccccc12,-4.54898540263524,True,True,True,True,,,success
ATP-HTVS-72573E055255,Cc1ccc(NNC(=O)Cn2c(COc3ccccc3)nc3ccccc32)cc1F,-3.92562679842299,True,True,True,True,,,success
ATP-HTVS-72B2F4D4EA61,C[NH+](C)Cc1cccc(CN[C@@H](C#Cc2ccc(C(=O)[O-])cc2)c2cc3ccccc3o2)c1,-4.91391215989633,True,True,True,True,,,success
ATP-HTVS-72BD9FFCF62D,[NH3+][C@H](CNc1nc(NCc2ccccc2)c2ccccc2[nH+]1)c1ccccc1Br,-5.81227878859071,True,True,True,True,,,success
ATP-HTVS-72D66A1ED57F,C[NH+](C)Cc1ccccc1C(=O)Nc1nc2ccccc2cc1N(CC(=O)NN)c1ccc(F)cc1,-4.22519133387632,True,True,True,True,,,success
ATP-HTVS-72E6B3102DA2,CN(C)Cc1cccc(CNc2nc3ccccc3nc2NCc2ccc(Br)cc2)c1,-1.61026209167292,True,True,True,True,,,success
ATP-HTVS-7317133B38FB,C[C@@H](Cc1ccccc1)c1nc(NC[C@H](c2ccc(O)cc2)[NH+](C)C)c2ccccc2n1,-4.41507729181029,True,True,True,True,,,success
ATP-HTVS-73425E104865,C[NH+](C)Cc1ccc(C(=O)NCc2cn(-c3ccccc3)nc2-c2ccncc2)cc1,-4.28499138555534,True,True,True,True,,,success
ATP-HTVS-736CCC940701,C[NH+](C)Cc1cc(O)ccc1C#CCNC(=O)c1cc(-c2ccccc2)nc2ccccc12,-4.63018250986832,True,True,True,True,,,success
ATP-HTVS-738A9E09AC53,C[C@H](C#N)N(c1ccccc1)c1cc2ccccc2nc1NC(=O)Cc1ccc(F)cc1,-3.47106866595984,True,True,True,True,,,success
ATP-HTVS-7398D4493E72,C[C@@H](Nc1ccc(O)cc1C[NH+](C)C)c1cc2cccc(Cl)c2c(=O)n1-c1ccccc1,-5.00867591595487,True,True,True,True,,,success
ATP-HTVS-73D804AB38E4,C[NH+](C)Cc1cccc(CNc2nc(NCc3ccc(OCCO)cc3)c3ccccc3[nH+]2)c1,-3.71118681470914,True,True,True,True,,,success
ATP-HTVS-7418424385E1,CCN(C(=O)c1cc(NCc2cccc(C[NH+](C)C)c2)c(Cl)s1)c1ccccc1Cl,-3.69780098901514,True,True,True,True,,,success
ATP-HTVS-74641C70E223,CN(c1c(NC(=O)c2cccc(Cl)c2Cl)c[nH+]c2ccccc12)[C@H](C#N)c1ccccc1,-4.07128760060566,True,True,True,True,,,success
ATP-HTVS-74C5B06FA80B,CC[N@@H+](C)Cc1ccc(C(=O)NC[C@@H]2c3ccccc3C(=O)N2Cc2ccccc2)cc1,-4.00048611288079,True,True,True,True,,,success
ATP-HTVS-74E2CC654FC3,C#Cc1ccccc1C(=O)N(C)Cc1sc2ccccc2c1NCc1ccc(NCCO)cc1,-4.29443214148555,True,True,True,True,,,success
ATP-HTVS-750E4CFCB0FA,CN(C(=O)c1sc2ccccc2c1NCc1ccc(C[NH+](C)C)cc1)c1ccc(C#N)cc1,-3.5320177631311,True,True,True,True,,,success
ATP-HTVS-7598FFEE7603,C[NH+](C)Cc1cccc(CNc2cnc(NC(=O)Cc3ccc([N+](=O)[O-])cc3)c3ccccc23)c1,-3.31860378293044,True,True,True,True,,,success
ATP-HTVS-75A4DAB7424E,[NH3+][C@H](C#Cc1c(NC(=O)C#Cc2ccccc2)cnc2ccccc12)Cc1cccc(F)c1,-4.68169985382182,True,True,True,True,,,success
ATP-HTVS-75AC094BF9E0,C[NH+](C)[C@H](Cc1cc(-c2cccnc2)nc2ccccc12)c1ccc(Cl)cc1,-3.90237637645863,True,True,True,True,,,success
ATP-HTVS-75B300C751D2,C[NH+]1CCN(c2ccc(C[NH2+]Cc3nc4ccccc4n3Cc3ccccc3)cc2)CC1,-4.36361801713931,True,True,True,True,,,success
ATP-HTVS-75F52EFCCD23,Cc1nc(F)c(C(=O)Nc2ccccc2NC(C)C)cc1N(CC#N)c1ccccc1,-3.60273850692444,True,True,True,True,,,success
ATP-HTVS-76416D54A342,Cc1cc(F)cc(CN2CC(=O)Nc3ccccc3[C@H]2c2ccccc2)c1,-1.56425662177434,True,True,True,True,,,success
ATP-HTVS-767E37D8A78C,CN(C(=O)c1sc(Cl)cc1NCc1ccc(C[NH+](C)C)cc1)c1ccccc1N,-3.33590904639428,True,True,True,True,,,success
ATP-HTVS-7694DCD97798,OC[C@H](NCc1cc(OCc2ccccc2)c2ccccc2c1)c1cccc(F)c1F,-3.91202102521058,True,True,True,True,,,success
ATP-HTVS-76CE1997AF40,C[NH+](C)Cc1ccc(CNc2ccc(-c3cccc(C#N)c3)s2)cc1,-4.09464764435884,True,True,True,True,,,success
ATP-HTVS-76EB0BEAC1B9,C[NH+](C)Cc1ccc(CNc2nc(NCc3ccc(F)cc3N)c3ccccc3[nH+]2)cc1,-4.07456484266098,True,True,True,True,,,success
ATP-HTVS-772EF906400E,Cc1cc(-c2cc(CC[NH2+]Cc3ccccc3)n(C(=O)[C@@](C)(N)c3ccccc3)n2)ccc1F,-5.7472783149045,True,True,True,True,,,success
ATP-HTVS-773D20A649CC,C[NH+](C)Cc1ccc(CNc2cnc(NC(=O)c3cccc(F)c3C#N)c(-n3cccc3)c2)cc1,-2.3269318805952,True,True,True,True,,,success
ATP-HTVS-7743C5ABCFDD,N#CN(c1ccccc1)c1cnc2ccccc2c1NC(=O)c1cccc(F)c1,-3.20517045360338,True,True,True,True,,,success
ATP-HTVS-7752C713B971,CN(C[C@@H]([NH3+])c1ccccc1)c1ncc(C(=O)Nc2ccc(Cl)cc2)c2ccccc12,-5.14328146211405,True,True,True,True,,,success
ATP-HTVS-776FBC5F0312,CN(C(=O)c1sc2ncccc2c1NCc1cccc(C[NH+](C)C)c1)c1ccccn1,-4.1395812723486,True,True,True,True,,,success
ATP-HTVS-77ED8C900CC0,O=C(Nc1c[nH+]c2ccccc2c1Nc1ccc(NCCO)cc1)[C@@H](Br)c1ccccc1,-4.90849767233527,True,True,True,True,,,success
ATP-HTVS-77F3EA8C01D2,CN(C)[C@H](C[NH3+])c1ccc(Nc2[nH+]c(-c3ccccc3)cn2/N=C/c2ccc(Cl)cc2)cc1,-4.46870218514675,True,True,True,True,,,success
ATP-HTVS-780990BE0E68,C[C@@H]([NH2+]CC#Cc1cnc(NC(=O)c2cccc(O)c2)c2ccccc12)c1cccc(F)c1,-6.80803117503607,True,True,True,True,,,success
ATP-HTVS-7820955A714C,C[C@@](O)(C[NH2+]Cc1cn(-c2ccccc2)nc1-c1ccncc1)c1cccc(F)c1,-5.31391102473887,True,True,True,True,,,success
ATP-HTVS-78252FECAF69,CCNc1cc(C[NH2+]Cc2cn(Cc3ccccc3)nc2-c2cccnc2)ccn1,-4.83265705311331,True,True,True,True,,,success
ATP-HTVS-792F02E01A4E,C[NH+](C)CCc1ccc(Nc2c(C(=O)N(CC#N)c3ccccc3)c(=O)[nH]c3ccccc23)cc1,-2.13154706187298,True,True,True,True,,,success
ATP-HTVS-794646D3B9C8,C[NH+]1CCN(c2ccc(F)cc2C(=O)Nc2nc3ccccc3cc2N(CC#N)c2ccccc2)CC1,-2.75290965763502,True,True,True,True,,,success
ATP-HTVS-795FA74A51DE,CN(C)C(=O)c1ccc(C[NH2+]C[C@H]2c3ccccc3C(=O)N2Cc2ccccc2)cc1,-5.39740696215501,True,True,True,True,,,success
ATP-HTVS-79A32C942736,Cc1nc2ccccn2c1[C@@H](CSc1ccccc1)[NH2+]Cc1ccc(CN(C)C)cc1,-2.6041470784389,True,True,True,True,,,success
ATP-HTVS-79BEB139CB8F,C[NH+](C)Cc1ccc(CC[NH2+]Cc2ccc(-c3ccccc3[N+](=O)[O-])s2)cc1,-4.68131743987993,True,True,True,True,,,success
ATP-HTVS-79C7807006E2,C[NH+](C)Cc1cccc(CNc2cnc3ccccc3c2NC(=O)c2ccc(C#N)c(F)c2)c1,-4.3946210399897,True,True,True,True,,,success
ATP-HTVS-79E4EBD82D6A,CN(C)Cc1ccc(CNc2nc(NCC(=O)Nc3ccc(F)cc3)c3ccccc3[nH+]2)cc1,-1.73332368143626,True,True,True,True,,,success
ATP-HTVS-79EE8ED1543F,CN(C)c1ccc([C@H](O)Cc2cc(-c3ccncc3)nc3ccccc23)cc1,-4.43936529244241,True,True,True,True,,,success
ATP-HTVS-7A394D6CE484,C#CC[NH2+][C@@H](C)c1ccccc1Nc1nc2ccccc2cc1S(=O)(=O)c1ccccc1,-3.97450067174064,True,True,True,True,,,success
ATP-HTVS-7A7B7DA644AB,CN(C)Cc1ccccc1CNc1nc(NC[C@@H](c2ccccc2)[NH+](C)C)[nH+]c2ccccc12,-3.20173177617402,True,True,True,True,,,success
ATP-HTVS-7A7BCDC0632F,Cc1ccc([C@@H](O)CNc2cc(N(C)Cc3ccccc3)nc(Nc3ccc(O)cc3)[nH+]2)cc1,-4.49099959428896,True,True,True,True,,,success
ATP-HTVS-7AB1442FC022,COCC[N@@H+](C)Cc1ccc(C[N@@H+](C)Cc2nc3ccccc3n2Cc2ccccc2)cc1,-5.14316799646612,True,True,True,True,,,success
ATP-HTVS-7ABEAEA32F74,Cc1c([C@@H](C#Cc2ccc(C(=O)[O-])cc2)[NH2+]Cc2cccc(C[NH+](C)C)c2)sc2ccccc12,-4.63795800751344,True,True,True,True,,,success
ATP-HTVS-7ACA80837BCE,N#Cc1ccc(F)c(C(=O)Nc2nc3ccccc3cc2C#CC[NH2+]Cc2ccccc2)c1,-3.82497392346877,True,True,True,True,,,success
ATP-HTVS-7AEE8A51E1B1,[NH3+]CCc1ccc(CNc2nc(-c3ccccc3)nc3ccccc23)cc1,-5.27944754786965,True,True,True,True,,,success
ATP-HTVS-7AFD271A302C,C[NH+](C)Cc1ccc(C[N@H+](C)Cc2cn(CCC#N)nc2-c2ccc(Cl)cc2)cc1,-4.22779938077392,True,True,True,True,,,success
ATP-HTVS-7B1416FC1373,C#Cc1ccccc1NC(=O)c1cc(NCc2cccc(C[NH+](C)C)c2)c(Cl)s1,-4.92847526415293,True,True,True,True,,,success
ATP-HTVS-7B85D20A61B3,CC[NH+](CC)Cc1ccc(CNc2c[nH+]c3ccccc3c2NC(=O)c2ccc(Cl)c(C#N)c2)cc1,-3.00335568874899,True,True,True,True,,,success
ATP-HTVS-7B98CE40EDFD,C#Cc1ccccc1C(=O)Nc1ncc(NCc2ccc(C[NH+](C)C)cc2)c2ccccc12,-3.93400441519171,True,True,True,True,,,success
ATP-HTVS-7BBDEC1762B0,C[NH+](C)Cc1ccc(CNc2nc(NCc3ccc(Cl)cc3)c3ccccc3[nH+]2)cc1,-3.72446897652609,True,True,True,True,,,success
ATP-HTVS-7BEC4E93BD87,CN(C)c1ccc(CCNc2c(NC(=O)c3cccc([S-])c3)c[nH+]c3ccccc23)cc1,-3.78499474999287,True,True,True,True,,,success
ATP-HTVS-7BF7B7486D45,Cc1cc(CNc2nc(NCc3cccc(C[NH+](C)C)c3)[nH+]c3ccccc23)ccc1CO,-3.69880272033171,True,True,True,True,,,success
ATP-HTVS-7C2B62D08873,C[NH+](C)Cc1cccc(CNc2nc3ccccc3nc2NCc2ccccc2S(N)(=O)=O)c1,-3.81730885515424,True,True,True,True,,,success
ATP-HTVS-7C2D6468D489,CCN(CC)[C@@H](C(=O)Nc1c[nH+]c2ccccc2c1N(C)[C@@H](C#N)c1ccccc1)c1ccccc1,-3.85298473893764,True,True,True,True,,,success
ATP-HTVS-7C58C2B4F3B5,C[NH+](C)Cc1ccc(C[NH2+]Cc2ccc(-c3ccc(O)cc3)cn2)cc1,-4.37677132058803,True,True,True,True,,,success
ATP-HTVS-7C6049B0D6CE,C#C[C@H](c1cccc(Cl)c1)N1CC(=O)Nc2ccccc2[C@H]1c1ccccc1,-1.44991480964365,True,True,True,True,,,success
ATP-HTVS-7C6F09AC1D4C,CN(C(=O)c1c(NCc2cccc(C[NH+](C)C)c2)c2ccccc2[nH]c1=O)c1cccnc1,-3.00244647884665,True,True,True,True,,,success
ATP-HTVS-7CA2ECE32076,O=C1CN(Cc2cccc(C(=O)NCCO)c2F)[C@@H](c2ccccc2)c2ccccc2N1,-3.21743759404709,True,True,True,True,,,success
ATP-HTVS-7CD79F872AFC,C[NH+](C)Cc1cccc(CNc2n/c(=[NH+]\Cc3cccc[nH+]3)c3ccccc3[nH]2)c1,-4.97033467445703,True,True,True,True,,,success
ATP-HTVS-7CF383CE087B,C[NH+](C)Cc1ccc(CNC(=O)c2[nH]c3ccccc3c2C#CCOc2ccccc2CO)cc1,-4.55159596203046,True,True,True,True,,,success
ATP-HTVS-7D198ACE4CB8,Cc1ccccc1C[C@@H](C[NH2+]Cc1cc(OCc2ccccc2)c2ccccc2c1)C(=O)[O-],-4.01760011912656,True,True,True,True,,,success
ATP-HTVS-7D1C8522A3FA,C[NH+](C)CCOc1ccc(CN2CC(=O)Nc3ccc(Br)cc3[C@H]2c2ccccc2)cc1,-1.64612587880599,True,True,True,True,,,success
ATP-HTVS-7D663BEE19BA,C[NH+](C)Cc1ccc(C(=O)Nc2nccc(-c3cc(O)cc(F)c3)c2C(=O)c2ccccc2)cc1,-3.95975102541382,True,True,True,True,,,success
ATP-HTVS-7DAC8816801F,CC[NH+](CC)Cc1cccc(CNc2c(NC(=O)c3ccc(C#N)c(F)c3)c[nH+]c3ccccc23)c1,-4.67551403282601,True,True,True,True,,,success
ATP-HTVS-7DBCC72663B9,C[NH+](C)CCNc1ccccc1CNC(=O)c1nn(Cc2ccccc2)c(=O)c2ccccc12,-4.60134720554815,True,True,True,True,,,success
ATP-HTVS-7DD2E8BA0428,CN(c1ccccc1O)c1c(C(=O)NCc2ccc(C[NH+](C)C)cc2)cnc2ccc(F)cc12,-4.34532901289307,True,True,True,True,,,success
ATP-HTVS-7DE0A46CB904,C[NH+](C)Cc1ccc(CCNc2nc(N[C@H](CF)c3ccc(C#N)cc3)c3ccccc3[nH+]2)cc1,-3.23906717612951,True,True,True,True,,,success
ATP-HTVS-7DE5D821A3A4,C[C@H](C[NH3+])Nc1ccc(CNC(=O)c2cc(-c3ccccc3)nc3ccccc23)cc1,-5.29463490469927,True,True,True,True,,,success
ATP-HTVS-7EF53BD61533,C#Cc1cccc(C(=O)N(C)c2ccncc2NCc2cccc(C[NH+](C)C)c2)c1,-4.18412501910755,True,True,True,True,,,success
ATP-HTVS-7EF96EA99BCF,CCN(c1c(NC(=O)c2cccc(C[NH+]3CCCC3)c2)c[nH+]c2ccccc12)[C@@H](C#N)c1ccccc1,-4.53121069133092,True,True,True,True,,,success
ATP-HTVS-7F35209A363C,C[NH+](C)Cc1ccc(CNc2c(C(=O)Nc3ccccc3)c(=O)[nH]c3ccccc23)cc1,-1.55091589110866,True,True,True,True,,,success
ATP-HTVS-7F4769B54268,CC(C)Nc1ccccc1NC(=O)c1cnc2ccc(F)cc2c1N(C)[C@H](C#N)c1ccccc1,-3.53029755710693,True,True,True,True,,,success
ATP-HTVS-7F76552361A7,C[NH+](C)Cc1cccc(Nc2[nH+]cccc2OCc2ccc(Br)cc2)c1,-3.18626509149358,True,True,True,True,,,success
ATP-HTVS-7F7812FC41A5,C[NH+](C)Cc1ccc(C(=O)Nc2nc3ccccc3cc2N(CC#N)Cc2ccccc2)cc1,-3.50273563289439,True,True,True,True,,,success
ATP-HTVS-7F83928F0467,C[NH+](C)Cc1ccc(CNc2c(NC(=O)c3ccc(F)cc3F)c[nH+]c3ccccc23)cc1,-4.93183795499032,True,True,True,True,,,success
ATP-HTVS-800B0B068CC6,COc1cc(CN(C)Cc2cccc(C[NH+](C)C)c2)ccc1OCc1ccccc1,-5.46030312381141,True,True,True,True,,,success
ATP-HTVS-8033922A69C0,C[NH+](C)C[C@H](C[NH2+]Cc1cn(-c2ccccc2)nc1-c1ccncc1)c1ccccc1,-5.6399666862665,True,True,True,True,,,success
ATP-HTVS-8095E17D3127,Cc1cc(F)ccc1-c1cc(CC[NH2+]Cc2ccccc2)n(C(=O)[C@](C)(N)c2ccccc2)n1,-6.0765389489099,True,True,True,True,,,success
ATP-HTVS-80A1BADD16E7,C[NH+](C)Cc1cccc(CNc2cc3ccccc3nc2NC(=O)c2ccc([S-])c(F)c2)c1,-3.75469145667868,True,True,True,True,,,success
ATP-HTVS-818D9CFDFCEA,C[NH+](C)Cc1ccc(C(=O)Nc2ncc(N(C#N)c3ccccc3)c3ccccc23)cc1,-3.81981118052559,True,True,True,True,,,success
ATP-HTVS-81A5FD53922A,Nc1ccc(CCNc2nc(-c3ccccc3)c3ccccc3n2)cc1,-4.14399062967975,True,True,True,True,,,success
ATP-HTVS-81EE647F8CA6,C[NH+](C)Cc1ccc(CNc2nc(-c3ccccc3O)cs2)cc1,-4.88584457685571,True,True,True,True,,,success
ATP-HTVS-81F0F4B0A07A,Cn1cc(C[NH2+]Cc2ccc(OCC[NH+](C)C)cc2)c(OCc2ccccc2)n1,-4.49149454506483,True,True,True,True,,,success
ATP-HTVS-821B647876F5,C[NH+](C)Cc1cccc(CNc2nc(NCc3ccc(F)c(Br)c3)nc3ccccc23)c1,-3.40400913375614,True,True,True,True,,,success
ATP-HTVS-822192B7646A,C[NH+](C)Cc1ccccc1CNc1nc2ccccc2nc1N[C@H](CC(N)=O)c1ccccc1Cl,-4.61788324268741,True,True,True,True,,,success
ATP-HTVS-824DD36F4E64,CN(Cc1sc2ccccc2c1NCc1cccc(C[NH+](C)C)c1)C(=O)[C@H](Cl)c1ccccc1,-4.49121683703249,True,True,True,True,,,success
ATP-HTVS-8313972BDCAD,CN(C(=O)c1sc2ccccc2c1NCc1cccc(C[NH+](C)C)c1)[C@H](C#N)c1ccccc1,-4.11342890582325,True,True,True,True,,,success
ATP-HTVS-83530B88E656,COC(=O)c1ccc(N(C)C(=O)c2sc3ccccc3c2NCc2cccc(CN(C)C)c2)cc1,-1.07559731526357,True,True,True,True,,,success
ATP-HTVS-8365FF7884A6,OCc1ccc(C[NH2+][C@@H](c2ccccn2)c2cc3ccccc3o2)cc1,-5.64828858454572,True,True,True,True,,,success
ATP-HTVS-83768D529230,C[NH+](C)Cc1ccc(CNc2csc(CC(=O)Nc3ccccc3)c2)cc1,-5.83755543127655,True,True,True,True,,,success
ATP-HTVS-837D7A211A0E,CC[N@@H+](C)Cc1cccc(CNc2nc(NCc3cccc(COC)c3)c3ccccc3[nH+]2)c1,-2.48290298083652,True,True,True,True,,,success
ATP-HTVS-83F3A5AEE880,CN(C)[C@@H](C(=O)Nc1c(N(C)[C@H](C#N)c2ccccc2)cnc2ccccc12)c1ccc(Cl)cc1,-3.832317397121,True,True,True,True,,,success
ATP-HTVS-83F819F668B2,c1ccc(-n2cc(C[NH2+]Cc3ccc(C[NH+]4CCCC4)cc3)c(-c3cccnc3)n2)cc1,-4.65765628534695,True,True,True,True,,,success
ATP-HTVS-83F93451062F,Cc1ccc(CCc2cc([C@](C)(OC(N)=O)c3ccccc3)n(-c3ccc(N)c([S-])c3)n2)cc1,-2.94361589478714,True,True,True,True,,,success
ATP-HTVS-8409CD5E0FE2,COc1ccccc1C[NH2+]C[C@H]1c2ccccc2C(=O)N1Cc1ccccc1,-4.45251687073815,True,True,True,True,,,success
ATP-HTVS-842E20B26D61,C[NH+](C)C[C@@H](NC(=O)Cc1nn(Cc2ccccc2)c(=O)c2ccccc12)c1ccccc1,-4.65100043510243,True,True,True,True,,,success
ATP-HTVS-84AF7025C22A,Cc1c(N)cccc1-c1ccnc(NC(=O)c2ccccc2C[NH+](C)C)c1C(=O)c1ccccc1,-4.63953362123763,True,True,True,True,,,success
ATP-HTVS-84B0A2EEAAE5,CN(CC(=O)NCc1ccccc1)c1nc(NCCc2ccc(C[NH+](C)C)cc2)c2ccccc2[nH+]1,-4.20457787107913,True,True,True,True,,,success
ATP-HTVS-84B7FD2F846A,CN(Cc1ccccc1)c1nc(NCc2cccc(C[NH+](C)C)c2)[nH+]c2ccccc12,-3.71237336752773,True,True,True,True,,,success
ATP-HTVS-84C0F320BB18,O/N=C(/Cc1nc2ccccc2n1/C=C/c1ccc(F)cc1)c1ccccc1,-4.87355304658918,True,True,True,True,,,success
ATP-HTVS-8521C9576B2F,Cc1ccc([C@H]([NH2+]C[C@H]2c3ccccc3C(=O)N2Cc2ccccc2)[C@H](C)O)cc1,-4.97652262939337,True,True,True,True,,,success
ATP-HTVS-85577F90127E,C[C@@H](Nc1nc2ccccc2nc1NCc1ccc(F)c(C[NH+](C)C)c1)c1ccc(N(C)C)cc1,-3.55311571776964,True,True,True,True,,,success
ATP-HTVS-8567A07E89C1,CC(C)Oc1cccc(CNCc2cn(C)nc2OCc2ccccc2)c1,-2.50018919377021,True,True,True,True,,,success
ATP-HTVS-85B092CE3CD6,Cc1cc(Cl)c(O)c(C[NH2+]C[C@@H]2c3ccccc3C(=O)N2Cc2ccccc2)c1,-5.69994203184896,True,True,True,True,,,success
ATP-HTVS-85D8FA1817A9,CCc1ccc(F)cc1CN1CC(=O)Nc2ccccc2[C@@H]1c1ccccc1,-2.06592112971382,True,True,True,True,,,success
ATP-HTVS-85E208BF5C05,C[NH+](C)Cc1cccc(CNc2nc(NCc3c(N)cccc3Cl)[nH+]c3ccccc23)c1,-4.89150687801089,True,True,True,True,,,success
ATP-HTVS-8667D2FB5617,C[NH+](C)Cc1cccc(CNc2nc(NCc3ccc(F)c(CO)c3)c3ccccc3[nH+]2)c1,-5.117556133224,True,True,True,True,,,success
ATP-HTVS-866AD4D93294,C[NH+](C)Cc1ccccc1Nc1ccsc1C(=O)N(CCO)c1ccccc1,-4.31974923306793,True,True,True,True,,,success
ATP-HTVS-86939B89774E,Cc1cccc(CN2CC(=O)Nc3ccccc3[C@H]2c2ccccc2)c1[N+](=O)[O-],-1.33205607693031,True,True,True,True,,,success
ATP-HTVS-869F8AF38162,C[NH+](C)Cc1ccc(C(=O)Nc2ncc(N[C@H](C#N)Cc3ccccc3)cc2-n2cccc2)cc1,-5.74701459234187,True,True,True,True,,,success
ATP-HTVS-86B60B8C3F13,Cc1[nH+]ccc(NC(=O)c2ccccc2)c1NCc1cccc(C[NH+](C)C)c1,-4.69609106885546,True,True,True,True,,,success
ATP-HTVS-86C3058B81C7,C[C@@H](c1ccccc1)N(C)C(=O)c1cc(Nc2ccccc2C[NH+](C)C)ccn1,-4.38734613859549,True,True,True,True,,,success
ATP-HTVS-86DDC209E59E,CCc1cc(C[NH2+]Cc2cn(C)nc2OCc2ccccc2)ccc1F,-4.96699344701445,True,True,True,True,,,success
ATP-HTVS-87B93A696720,CN(CC(=O)N(C)c1ccccc1)c1cc2ccccc2nc1NC(=O)c1ccc(C[NH+](C)C)cc1,-4.12205411178146,True,True,True,True,,,success
ATP-HTVS-87F6BDFAEB44,C[NH+](C)[C@@H](CNc1cc(COc2ccccc2)[nH]c2cc(=O)ccc1-2)c1ccc(F)cc1,-5.11291456585507,True,True,True,True,,,success
ATP-HTVS-8843DC2573F9,C[NH+](C)[C@H](CNC(=O)c1cc(=O)c2ccccc2n1C[C@H](O)c1ccccc1)c1ccc(F)cc1,-4.80139620770383,True,True,True,True,,,success
ATP-HTVS-88509AB3E069,COCc1cccc(CNc2nc(NCc3cccc(C[NH+](C)C)c3)[nH+]c3ccccc23)c1,-3.91429947815711,True,True,True,True,,,success
ATP-HTVS-8884805DC746,CC(C)Nc1cccc(CNc2nc(NCc3ccc(C#N)cc3)nc3ccccc23)c1,-2.27199096008959,True,True,True,True,,,success
ATP-HTVS-8892C512F7BC,C[NH+](C)Cc1ccc(C(=O)Nc2ncc(N(CC#N)c3ccc(Cl)cc3)c3ccccc23)cc1,-3.52094598678312,True,True,True,True,,,success
ATP-HTVS-88F2ADA8327D,CN(c1c(NC(=O)c2ccc(OCC[NH+](C)C)cc2)c[nH+]c2ccccc12)[C@@H](C#N)c1ccccc1,-4.44922561351867,True,True,True,True,,,success
ATP-HTVS-891CD438FA2D,CC[N@@H+](C)c1ccccc1CNC(=O)Cn1c(COc2ccccc2)nc2ccccc21,-2.59995777661064,True,True,True,True,,,success
ATP-HTVS-892E5C6BD7E4,CCN(Cc1ccccc1C)c1c(C(=O)N(CC#N)c2ccccc2)[nH]c2ccccc12,-2.82877717099983,True,True,True,True,,,success
ATP-HTVS-89495CC893EC,CN1CCN(c2ccccc2CNc2nc3ccccc3nc2-c2ccccc2)CC1,-3.04680898488259,True,True,True,True,,,success
ATP-HTVS-894F1E46B14F,C[NH+](C)Cc1ccc(CCNc2nc(NCC(=O)NCc3ccccc3)c3ccccc3[nH+]2)cc1,-3.9960269719394,True,True,True,True,,,success
ATP-HTVS-896D1EC960E1,CCc1cc(CN2CC(=O)Nc3ccccc3[C@H]2c2ccccc2)ccc1F,-1.70708224199109,True,True,True,True,,,success
ATP-HTVS-898AE5CA69D9,CCN(C)Cc1cccc(CNc2nc(NCc3cccc(C)c3)[nH+]c3ccccc23)c1,-0.632866293840059,True,True,True,True,,,success
ATP-HTVS-89936433B7DC,C[NH+](C)Cc1ccc(CNc2csc(C(=O)NCc3ccc(Cl)cc3)c2)cc1,-4.48006968537548,True,True,True,True,,,success
ATP-HTVS-89F3E6A1D8C1,C[NH+](C)Cc1ccc(Nc2nc3ccccc3nc2-c2ccccc2)cc1,-4.44180638518081,True,True,True,True,,,success
ATP-HTVS-8A7A96DBFC1E,C[NH+](C)Cc1ccc(CNc2cnc(N)c(OCc3ccccc3)n2)cc1,-4.78532559102007,True,True,True,True,,,success
ATP-HTVS-8A89FEC9078D,CN(C)Cc1cc(CNc2nc3ccccc3nc2N(C)Cc2ccccc2[N+](=O)[O-])ccc1F,-2.30937731399655,True,True,True,True,,,success
ATP-HTVS-8B2F0F11D1D9,Cc1ccc(-c2ccnc(NC(=O)c3ccc(C[NH+](C)C)cc3)c2C(=O)c2ccccc2)cc1N,-3.90926623222998,True,True,True,True,,,success
ATP-HTVS-8B5B7778DF28,C[NH+](C)Cc1ccc(C(=O)Nc2cc(F)c(N(CC#N)c3ccccc3)cn2)cc1,-3.83445232620567,True,True,True,True,,,success
ATP-HTVS-8BC83C5D0DE9,CN(C)c1ccccc1CNc1nc(NCc2ccc(C[NH+](C)C)cc2)c2ccccc2n1,-1.74762747950328,True,True,True,True,,,success
ATP-HTVS-8BE0537C7CD3,C[C@@H](Nc1nc(NCc2ccccc2C[NH+](C)C)nc2ccccc12)c1ccc(C#N)cc1F,-3.88835833556001,True,True,True,True,,,success
ATP-HTVS-8BF32585E280,Cc1cccc([C@@H](O)CNc2cnc3ccccc3c2NC(=O)[C@H](Br)c2ccccc2)c1,-4.02835975515627,True,True,True,True,,,success
ATP-HTVS-8BFFC6150277,C[NH+](C)Cc1cc(CNc2nc3ccccc3nc2NCc2cccc(N)c2F)ccc1F,-4.92968303389123,True,True,True,True,,,success
ATP-HTVS-8C1C7F16DF05,C[NH2+]CCc1ccc(Nc2cnc(NC(=O)Cc3ccccc3F)c3ccccc23)cc1,-5.00025924119878,True,True,True,True,,,success
ATP-HTVS-8C32683EF27B,C[NH+](C)Cc1cc(CNC(=O)c2nn(Cc3ccccc3)c(=O)c3ccccc23)ccc1F,-4.82787383653408,True,True,True,True,,,success
ATP-HTVS-8CA7F3DFAEDE,C[NH+](C)[C@@H](CNC(=O)c1cn(-c2ccccc2)c(=O)c2ccccc12)c1ccccc1,-4.07577782355127,True,True,True,True,,,success
ATP-HTVS-8D220C5D1AB9,C[NH+](C)Cc1cccc(CNc2cnc(NC(=O)c3cc(C#N)ccc3Cl)c3ccccc23)c1,-4.01019919635247,True,True,True,True,,,success
ATP-HTVS-8D32545BC421,C#Cc1cccc(NC(=O)Cc2cc(NCc3cccc(C[NH+](C)C)c3)cs2)c1,-3.51788261263812,True,True,True,True,,,success
ATP-HTVS-8D4A93BCC2C7,CN(Cc1ccccc1Cl)C(=O)c1c(C(=O)NCc2ccc(C[NH+](C)C)cc2)nn2ccccc12,-4.4938529235344,True,True,True,True,,,success
ATP-HTVS-8D6261309289,C[C@@H](C#N)N(c1ccccc1)c1c(C(=O)Nc2ccc(NCCO)cc2)cnc2ccc(F)cc12,-5.24954616744269,True,True,True,True,,,success
ATP-HTVS-8DFE2090913E,C[NH+](C)Cc1ccc(CNc2csc(CC(=O)Nc3ccccc3F)c2)cc1,-4.17485932143846,True,True,True,True,,,success
ATP-HTVS-8E104651B898,Cc1ccc([C@H](O)[C@H](C)NCc2nc3ccccc3n2Cc2ccccc2)cc1F,-4.4147734230415,True,True,True,True,,,success
ATP-HTVS-8E17E50AE6CE,OC[C@@H]([NH2+]Cc1cn(Cc2ccccc2Cl)nc1-c1ccccc1)c1ccc(Br)cc1,-5.01745075970374,True,True,True,True,,,success
ATP-HTVS-8E1A44B1E9FD,O=C(Nc1c[nH+]c2ccccc2c1NC[C@H](O)c1ccc(Cl)cc1)[C@@H](Cl)c1ccccc1,-6.11153668182053,True,True,True,True,,,success
ATP-HTVS-8E25FC822191,C=C[C@@H](Nc1c(NC(=O)c2ccc(CN(C)C)cc2)c[nH+]c2ccccc12)c1ccccc1,-3.22209609675136,True,True,True,True,,,success
ATP-HTVS-8E36F3F2ACA8,C[NH+](C)C[C@H](NCc1c(-c2ccccc2)nc2ccccn12)c1ccc(F)cc1,-4.30783461554105,True,True,True,True,,,success
ATP-HTVS-8E3D409F2843,C[NH+](C)Cc1ccc(CC[NH2+]Cc2ccc(-c3ccc([N+](=O)[O-])cc3)s2)cc1,-6.11799496353664,True,True,True,True,,,success
ATP-HTVS-8E434DB2B88E,C[NH+](C)Cc1ccc(CNc2cc(NC(=O)c3cccc(F)c3)ncc2F)cc1,-3.91474211257816,True,True,True,True,,,success
ATP-HTVS-8E5D0C8C0586,O=C1c2ccccc2[C@@H](CNCc2cc(C3CC3)ccc2F)N1Cc1ccccc1,-1.92434302270637,True,True,True,True,,,success
ATP-HTVS-8E6E87523B7B,CN(Cc1ccc([S@@](C)=O)cc1)C(=O)c1cc(NCc2ccccc2)nc2ccccc12,-4.09525814398742,True,True,True,True,,,success
ATP-HTVS-8E7556763F42,C[NH+](C)Cc1ccccc1N1c2ccccc2C(=O)N[C@@H]1c1ccc(Cl)c(Cl)c1,-1.99068628487857,True,True,True,True,,,success
ATP-HTVS-8EB0CBA3C42A,CN(Cc1ccccc1S(N)(=O)=O)c1nc(NCc2ccc(C[NH+](C)C)cc2)[nH+]c2ccccc12,-3.17605029065516,True,True,True,True,,,success
ATP-HTVS-8EBB5954A050,CN(C)[C@H](C(=O)Nc1c(N(CC#N)c2ccccc2)cnc2ccccc12)c1ccccc1,-3.56939813924896,True,True,True,True,,,success
ATP-HTVS-8ECA82FC9C79,C[NH+](C)Cc1ccc(CNc2nc(-c3ccccc3)cs2)cc1,-4.38884417403909,True,True,True,True,,,success
ATP-HTVS-8EDB8C766CED,CN(C(=O)c1cc(NCc2cccc(C[NH+](C)C)c2)c(Cl)s1)c1ccc(C#N)cc1,-3.34082382228686,True,True,True,True,,,success
ATP-HTVS-8EE5F01B86B2,N#Cc1cccc(CN2CC(=O)Nc3ccccc3[C@H]2c2ccccc2)c1,-1.66247542751148,True,True,True,True,,,success
ATP-HTVS-8F383301D999,[NH3+][C@H](C#Cc1cc2ccccc2nc1NC(=O)[C@H](O)c1cccc(Cl)c1)Cc1cccc(F)c1,-6.30624062048678,True,True,True,True,,,success
ATP-HTVS-8F7863C4F42C,CC[NH+](CC)Cc1cccc(C[NH2+]Cc2c(-c3ccccc3)nn3ccccc23)c1,-4.9087904899498,True,True,True,True,,,success
ATP-HTVS-8F8686BB907F,N#Cc1cccc(C(=O)Nc2c(C#C[C@H]([NH3+])Cc3cccc(F)c3)cnc3ccccc23)c1,-4.53135217453925,True,True,True,True,,,success
ATP-HTVS-8FAB3387FC95,O=C1CN(Cc2ccccc2C(=O)NCCF)[C@@H](c2ccccc2)c2ccccc2N1,-3.23460333570709,True,True,True,True,,,success
ATP-HTVS-8FAC22D1DEE3,CN(Cc1ccccc1)C(=O)c1cc(Nc2ccccc2C[NH+](C)C)cs1,-5.16915453027666,True,True,True,True,,,success
ATP-HTVS-8FAD4DDE14EC,C[NH+](C)[C@@H](CNC(=O)c1cn(CCc2ccccc2)c2ccccc2c1=O)c1ccc(F)cc1,-3.65197518750528,True,True,True,True,,,success
ATP-HTVS-8FCE9ABFEDC9,CN(Cc1ccc(N2CC[NH+](C)CC2)cc1)c1c(NC(=O)c2ccc(F)cc2)c[nH+]c2ccccc12,-4.59612623883549,True,True,True,True,,,success
ATP-HTVS-8FFDF10521D1,CC[N@@H+](C)Cc1cccc(C[NH2+]Cc2cn(CCC#N)nc2-c2ccc(Cl)cc2)c1,-5.08473991012253,True,True,True,True,,,success
ATP-HTVS-903509DD9171,C[NH+](C)Cc1ccc(CNc2nc(NCc3ccc(C#N)cc3)[nH+]c3ccccc23)cc1,-4.22794294026844,True,True,True,True,,,success
ATP-HTVS-906C5B8F4575,COc1ccccc1OCc1ccc(C[NH2+]C[C@@H](CN(C)C)c2ccccc2)o1,-2.60771824273476,True,True,True,True,,,success
ATP-HTVS-9071C340676C,CC[NH+](CC)Cc1cccc(NC(=O)CCn2c(-c3ccccc3)cc(=O)c3ccccc32)c1,-4.4993105710441,True,True,True,True,,,success
ATP-HTVS-90D8E935D6BA,CN(C(=O)c1sc2cc(F)ccc2c1NCc1ccc(C[NH+](C)C)cc1)c1ccccc1C#N,-3.61586634816549,True,True,True,True,,,success
ATP-HTVS-90E2293F5662,C[NH+](C)Cc1ccccc1C[NH2+]Cc1cn(CCC#N)nc1-c1ccc(Cl)cc1,-3.76904070186571,True,True,True,True,,,success
ATP-HTVS-90F616328265,C[NH+](C)Cc1ccccc1Nc1cnccc1C(=O)N(CC#N)c1ccccc1,-3.91551756697436,True,True,True,True,,,success
ATP-HTVS-9118BAC0F3E5,CN(Cc1ccc(CO)cc1)C(=O)c1cc(NCc2ccccc2)nc2ccccc12,-4.45713464556693,True,True,True,True,,,success
ATP-HTVS-9126C22B6E5D,C[NH+](C)Cc1ccc(CCNC(=O)Cn2c(COc3ccccc3)nc3ccccc32)cc1,-4.35085127506382,True,True,True,True,,,success
ATP-HTVS-91559CC1A0CF,CN(C(=O)c1sccc1NCc1ccc(C[NH+](C)C)cc1)c1ccccc1O,-4.680774902516,True,True,True,True,,,success
ATP-HTVS-915EA674EB52,CC[NH+](CC)Cc1cccc(CNc2c[nH+]c3ccccc3c2NC(=O)c2cccc([S-])c2)c1,-3.12601315930246,True,True,True,True,,,success
ATP-HTVS-917D65E68C1C,CC[N@@H+](Cc1ccc(C[NH+](C)C)cc1)Cc1cc(C)nc(-c2ccc(Cl)cc2)n1,-3.85121697689063,True,True,True,True,,,success
ATP-HTVS-917EA3B617CA,C[NH+](C)Cc1cc(F)ccc1CNc1nc2ccccc2nc1NCc1ccc(F)cc1N,-5.55670999827466,True,True,True,True,,,success
ATP-HTVS-91FB2566E9C6,CC[N@H+](C)Cc1cccc(CNc2nc(NCc3ccc([N+](=O)[O-])cc3)c3ccccc3[nH+]2)c1,-3.60648204518161,True,True,True,True,,,success
ATP-HTVS-91FE8B97AF5D,CN(Cc1ccc(F)cc1)C(=O)c1cscc1NCc1cccc(C[NH+](C)C)c1,-4.73078737167212,True,True,True,True,,,success
ATP-HTVS-925A357E73C9,COc1ccc(Cn2cc([C@@H](C)[NH2+]Cc3cccc(C[NH+](C)C)c3)nn2)cc1,-5.27050292570935,True,True,True,True,,,success
ATP-HTVS-9261E8E7C16B,C[NH+](C)Cc1cccc(CNc2nc(NCc3cccc(N)c3F)[nH+]c3ccccc23)c1,-4.28268244897226,True,True,True,True,,,success
ATP-HTVS-9279E9D3CA8E,C[NH+](C)Cc1ccc(CCNc2nc(-c3ccccn3)nc3ccccc23)cc1,-4.25826048465034,True,True,True,True,,,success
ATP-HTVS-928F3709654C,Cc1cc(-c2ccnc(NC(=O)c3ccc(C[NH+](C)C)cc3)c2C(=O)c2ccccc2)ccc1O,-4.45239168748071,True,True,True,True,,,success
ATP-HTVS-92BA88CED8DA,C[NH+](C)Cc1ccc(C[NH2+]Cc2ccc(-c3cccc(O)c3)cn2)cc1,-6.1795954276148,True,True,True,True,,,success
ATP-HTVS-92C487CB2C4B,C[NH+](C)C[C@H](Cc1ccccc1)NCc1[nH+]c2ccccc2n1Cc1ccccc1,-4.47030229665557,True,True,True,True,,,success
ATP-HTVS-92D1D8A066E2,CN(C)Cc1ccc(CCNc2nc(NCc3cccc(Cl)c3N)[nH+]c3ccccc23)cc1,-2.65640299054939,True,True,True,True,,,success
ATP-HTVS-92F0D0267220,COc1cccc(C[N@H+](C)Cc2ccc(C[NH+](C)C)cc2)c1OCc1ccccc1,-4.57744836383982,True,True,True,True,,,success
ATP-HTVS-9352BEE24C86,C[NH+]1CCN(c2ccc(CNc3cccc([C@@H](C#N)c4ccccc4)n3)cc2)CC1,-5.27203094462307,True,True,True,True,,,success
ATP-HTVS-9360F17A3EC6,CN(C)c1ccc(CCNc2c(NC(=O)c3ccccc3F)c[nH+]c3ccccc23)cc1,-4.94808290662811,True,True,True,True,,,success
ATP-HTVS-9393AACC3570,CCNC(=O)c1ccc(CNCc2cn(-c3ccccc3)nc2-c2ccc(F)cc2)cc1,-4.09612916239728,True,True,True,True,,,success
ATP-HTVS-93C7314F95B0,COc1ccc(CN2CC(=O)Nc3ccccc3[C@H]2c2ccccc2)cc1C#N,-1.73857734327022,True,True,True,True,,,success
ATP-HTVS-93CB38BE3680,C[NH+](C)Cc1cc(NC(=O)c2cc(-c3ccncc3)nc3ccccc23)ccc1Cl,-5.15580573349618,True,True,True,True,,,success
ATP-HTVS-93E6D0793690,C#Cc1ccccc1C[NH2+]Cc1cn(-c2ccccc2)nc1-c1ccncc1,-4.7710526005952,True,True,True,True,,,success
ATP-HTVS-94036CD3F111,CN(C)Cc1cccc(CNc2c(NC(=O)c3ccsc3Cl)c[nH+]c3ccccc23)c1,-2.79144307709762,True,True,True,True,,,success
ATP-HTVS-94448DA501C0,C[NH+](C)Cc1cccc(CNc2c(C(=O)NCc3ccc(C#N)cc3)sc3cc(F)ccc23)c1,-4.51449028526668,True,True,True,True,,,success
ATP-HTVS-9480C2297FB5,C[NH+](C)Cc1cccc(CNc2cc3ccccc3nc2NC(=O)c2ccc(O)cc2)c1,-4.42481376111799,True,True,True,True,,,success
ATP-HTVS-94941B52F5EC,COc1cc(C#N)ccc1CNc1nc2ccccc2nc1NCCc1ccc(CN(C)C)cc1,-3.43266651054237,True,True,True,True,,,success
ATP-HTVS-94D8827D88B0,CC[C@@H](O)CN(Cc1ccccc1)C(=O)c1cc(NCc2ccccc2)nc2ccccc12,-3.23224548519724,True,True,True,True,,,success
ATP-HTVS-94FDA1BF8648,N#CCN(c1ccccc1)c1cnc2ccccc2c1NC(=O)COc1ccccc1Cl,-3.61857230261687,True,True,True,True,,,success
ATP-HTVS-9505CBC4E7EE,CN(C)Cc1ccc(CCNc2nc(NCc3cccc4c3OCO4)[nH+]c3ccccc23)cc1,-1.65167439484376,True,True,True,True,,,success
ATP-HTVS-952C6901247D,COc1ccccc1CC(=O)Nc1c[nH+]c2ccccc2c1NCc1cccc(C[NH+](C)C)c1,-4.77328082745397,True,True,True,True,,,success
ATP-HTVS-9548848ABB82,CC(C)Nc1cccc(CNC(=O)NC[C@H]2c3ccccc3C(=O)N2Cc2ccccc2)c1,-3.80376357856523,True,True,True,True,,,success
ATP-HTVS-954980F32CB7,CCc1ccccc1N(C(C)=O)c1nc(C[NH2+][C@H](C)c2ccc(C[NH+](C)C)cc2)cs1,-4.89048614238512,True,True,True,True,,,success
ATP-HTVS-95B9B67075F0,C#CCCNC(=O)c1ccc(CN2CC(=O)Nc3ccccc3[C@@H]2c2ccccc2)cc1,-3.60768913216631,True,True,True,True,,,success
ATP-HTVS-95C9BC6D1CE7,OCCNc1ccc(CNc2ccc(OCc3ccccc3)c(Br)n2)cc1,-4.77672736272663,True,True,True,True,,,success
ATP-HTVS-95D1FAD4F080,C[NH+](C)Cc1cccc(CNc2cnc(NC(=O)c3cccc(C#N)c3)c3ccccc23)c1,-3.36505156641546,True,True,True,True,,,success
ATP-HTVS-95D98DD03D76,CN(C)Cc1ccc(CNc2c(CN(C)C(=O)CCc3ccccc3)sc3ccccc23)cc1,-1.84497504190729,True,True,True,True,,,success
ATP-HTVS-95EE858F8EEC,CCN(CC)Cc1cccc(CNc2cnc3ccccc3c2NC(=O)c2ccccc2C(=O)OC)c1,-1.27996467838941,True,True,True,True,,,success
ATP-HTVS-96035055C171,CC(=O)Nc1cccc(C[NH2+]C[C@@H]2c3ccccc3C(=O)N2Cc2ccccc2)c1,-5.8406342578885,True,True,True,True,,,success
ATP-HTVS-9640828E0D0B,C[N@@H+](Cc1cccc(Cl)c1)Cc1nc2ccccc2n1Cc1ccccc1,-3.35213698024349,True,True,True,True,,,success
ATP-HTVS-96C7A2856398,Clc1ccc([C@H](C[NH2+]Cc2cn(-c3ccccc3)nc2-c2ccncc2)N2CCCC2)cc1,-3.90880903018788,True,True,True,True,,,success
ATP-HTVS-9702CFD2E9A2,C[NH+](C)Cc1cccc(CNc2cc(Cl)sc2C(=O)N(C#N)c2ccccc2)c1,-5.06834388681742,True,True,True,True,,,success
ATP-HTVS-970FBD5470AF,C[C@H](CN1CC(=O)Nc2ccccc2[C@H]1c1ccccc1)c1cc(F)cc(F)c1,-1.69707213270437,True,True,True,True,,,success
ATP-HTVS-970FD2D7162F,C[C@@H]([NH2+]Cc1c(OCc2ccccc2)ccc2ccccc12)c1ccc(C(=O)[O-])cc1,-4.93997564537262,True,True,True,True,,,success
ATP-HTVS-971CA853FA9A,Cn1cccc1/C=C/CN1CC(=O)Nc2ccc(Cl)cc2[C@@H]1c1ccccc1F,-1.95528776146002,True,True,True,True,,,success
ATP-HTVS-976CFBCF515D,Cc1ccccc1[C@@H](C[NH2+]Cc1cn(-c2ccccc2)nc1-c1ccc([N+](=O)[O-])cc1)N(C)C,-4.53790384148156,True,True,True,True,,,success
ATP-HTVS-9774402850E8,COc1ccc(-c2ccnc(NC(=O)c3ccccc3CN(C)C)c2C(=O)c2ccccc2)cc1,-1.68224263464737,True,True,True,True,,,success
ATP-HTVS-980C1FC6FC1E,CN(C)Cc1ccc(CCNc2nc(NC[C@@H](c3ccccc3)[NH+](C)C)[nH+]c3ccccc23)cc1,-2.76518341494562,True,True,True,True,,,success
ATP-HTVS-985FC5CCBDCC,C[NH+](C)Cc1ccc(CNC(=O)c2[nH]c3ccccc3c2C#C[C@@H](O)c2ccccc2Cl)cc1,-5.71487107256953,True,True,True,True,,,success
ATP-HTVS-986AE7271DA8,C[C@@H](C#N)N(c1ccccc1)c1cnc(NC(=O)c2ccc(C[NH+](C)C)cc2)c2ccccc12,-4.27746207723396,True,True,True,True,,,success
ATP-HTVS-9898F3268698,C[C@H]([NH2+]Cc1cccc(SCc2ccccc2)c1)c1ccc(CN(C)C)cc1,-2.98447795196858,True,True,True,True,,,success
ATP-HTVS-98A0502BF743,C[C@@H]([NH2+]Cc1ccncc1OCc1ccccc1)c1ccc(OCC[NH+](C)C)cc1,-5.16291107795336,True,True,True,True,,,success
ATP-HTVS-98C6C787C9CA,C[C@@H]([NH2+]CC#Cc1c(NC(=O)c2cc(C#N)ccc2F)cnc2ccccc12)c1cccc(F)c1,-4.54109621763806,True,True,True,True,,,success
ATP-HTVS-98E751432A52,C[NH+](C)Cc1cccc(CNc2cnc(NC(=O)C#Cc3ccccc3)c(F)c2)c1,-6.28735821177687,True,True,True,True,,,success
ATP-HTVS-98EFE7D538B2,CN(C(=O)c1sccc1NCc1cccc(C[NH+](C)C)c1)c1cccc(N)c1,-4.46443026285238,True,True,True,True,,,success
ATP-HTVS-99217F2350A2,C[NH+](C)CCOc1cccc(CN2CC(=O)Nc3ccc(Br)cc3[C@H]2c2ccccc2)c1,-1.4304558968226,True,True,True,True,,,success
ATP-HTVS-99483DBEAA78,C[C@@](N)(C(=O)n1nc(-c2ccncc2)cc1CC[NH2+]Cc1ccccc1)c1ccccc1,-6.3660091336744,True,True,True,True,,,success
ATP-HTVS-9967BD998929,Cc1ccc([C@@H](O)CNc2c(NC(=O)[C@H](Br)c3ccccc3)c[nH+]c3ccccc23)cc1,-4.99163821619935,True,True,True,True,,,success
ATP-HTVS-99B36318F637,C[C@H](O)c1ccc(C[NH2+]Cc2cn(Cc3ccccc3)nc2-c2ccccc2)cc1,-4.85891735735908,True,True,True,True,,,success
ATP-HTVS-99E4671812AC,C[NH+](C)Cc1ccc(C(=O)Nc2nc3ccccc3cc2N(CC[NH3+])c2ccccc2)cc1,-5.21773634407887,True,True,True,True,,,success
ATP-HTVS-9A332D1A0286,O=C(NCc1ccccc1NCCO)c1cc(NCc2ccccc2)nc2ccccc12,-3.77220722696342,True,True,True,True,,,success
ATP-HTVS-9A3A5E055FE2,C[NH+](C)Cc1cc(F)ccc1CNc1nc(NCc2ccc(F)c(CO)c2)c2ccccc2[nH+]1,-5.01552846270557,True,True,True,True,,,success
ATP-HTVS-9A75570B0E27,CN(Cc1ccccc1)C(=O)c1cc(Nc2ccc(C[NH+](C)C)cc2)cs1,-4.5760706909973,True,True,True,True,,,success
ATP-HTVS-9A76BB66DB1D,Cc1ccc([C@@H](O)CNc2nc3ccccc3nc2Cc2ccccc2)cc1,-4.55268185778533,True,True,True,True,,,success
ATP-HTVS-9A86ECE1052E,CSc1ccc(-c2cnc(C[NH2+]Cc3ccc(C[NH+](C)C)cc3)nc2)cc1,-4.15115908446999,True,True,True,True,,,success
ATP-HTVS-9AD82B0B5D2D,C[C@H](NCC#Cc1cnc(NC(=O)[C@H](O)c2cccc(Cl)c2)c2ccccc12)c1cccc(F)c1,-4.44533651227417,True,True,True,True,,,success
ATP-HTVS-9AEFC257B6AB,Cc1ccc(C)c(C(=O)Nc2ncc(NCc3ccc(NCCO)cc3)c3ccccc23)c1,-4.66862510912702,True,True,True,True,,,success
ATP-HTVS-9AF19AD81321,CN(C(=O)c1ccnc(Nc2cccc(C[NH+](C)C)c2)c1)c1ccccc1F,-4.2878788677618,True,True,True,True,,,success
ATP-HTVS-9B930A3F277B,CN1CCN(Cc2ccccc2C[NH2+]Cc2cc(OCc3ccccc3)c3ccccc3c2)CC1,-3.71626239896153,True,True,True,True,,,success
ATP-HTVS-9BFBB44B9744,CNc1cccc(Cc2c(-c3ccc(C)cc3)c(=O)[nH]c3ccccc23)c1,-1.907532346584,True,True,True,True,,,success
ATP-HTVS-9C0CB662701B,C[NH+](C)Cc1ccc(CC[NH2+]Cc2ccc(OCc3ccccc3)cn2)cc1,-5.27526288431442,True,True,True,True,,,success
ATP-HTVS-9C2287A2D630,C[NH+](C)CC[C@H]([NH2+]Cc1cn(Cc2ccccc2)nc1-c1ccc(Cl)cc1)c1cccnc1,-4.873583143251,True,True,True,True,,,success
ATP-HTVS-9C588CAB6516,COc1ccc(NCc2[nH+]c3ccccc3n2Cc2ccccc2)cc1C[NH+](C)C,-5.04518264614156,True,True,True,True,,,success
ATP-HTVS-9C7CAB1133CD,CN(C(=O)c1sc(Cl)cc1NCc1ccc(C[NH+](C)C)cc1)c1cccc(C#N)c1,-3.81902247195702,True,True,True,True,,,success
ATP-HTVS-9C9650448F2C,CN(c1cnc(NC(=O)c2ccc(OCC[NH+](C)C)cc2)c2ccccc12)[C@H](C#N)c1ccccc1,-4.32686774353319,True,True,True,True,,,success
ATP-HTVS-9CB3B225923C,Cc1cccc(C[C@H](CO)Nc2nc(-c3ccccc3)c3ccccc3n2)c1,-4.2827899685835,True,True,True,True,,,success
ATP-HTVS-9CE7151F0CF5,C[NH+](C)Cc1cccc(-n2c(=O)c3ccccc3n2Cc2ccccc2)c1,-3.24024954661665,True,True,True,True,,,success
ATP-HTVS-9D3CA67459E0,CCn1c(-c2ccccc2)c(C(=O)CN(C)Cc2ccc(CN(C)CCOC)cc2)c2ccccc21,-2.86212066257139,True,True,True,True,,,success
ATP-HTVS-9D856A339FA1,Cc1ccc(-c2nn(-c3ccccc3)cc2CNCc2ccccc2NCCO)cc1,-1.725732429658,True,True,True,True,,,success
ATP-HTVS-9D863030CFC5,O=C(Nc1ncc(NCc2ccc(NCCO)cc2)c2ccccc12)c1ccccc1[S-],-3.5934851545959,True,True,True,True,,,success
ATP-HTVS-9DA78F477298,C[C@H]([NH2+]CC#Cc1cnc2ccccc2c1NC(=O)c1cc(F)cc(C#N)c1)c1ccccc1F,-4.96402619211755,True,True,True,True,,,success
ATP-HTVS-9DADF577E8AC,COc1cc(CNc2ccc(C[NH+](C)C)c(F)c2)c(OC)c2ccccc12,-4.5049171298659,True,True,True,True,,,success
ATP-HTVS-9DBDBA397665,Cc1ccc([C@@H](NCc2cc(OCc3ccccc3)cc(OCc3ccccc3)c2)C(=O)[O-])cc1,-1.6179247319782,True,True,True,True,,,success
ATP-HTVS-9DFA3785F0DB,CNc1cccc(CNC(=O)c2cn(-c3ccccc3)c(=O)c3ccccc23)c1,-3.13995854180973,True,True,True,True,,,success
ATP-HTVS-9E45A7CB1B23,CC(C)Nc1ccc(CNC(=O)Cn2c(COc3ccccc3)[nH+]c3ccccc32)cc1,-2.34711079073836,True,True,True,True,,,success
ATP-HTVS-9E60DE94BDF0,[NH3+][C@H](CNC(=O)c1oc2ccccc2c1CSc1ccc(F)cc1)c1ccccc1,-4.60884128417233,True,True,True,True,,,success
ATP-HTVS-9F0B8180A605,CCc1cccc(CN2CC(=O)Nc3ccccc3[C@H]2c2ccccc2)c1O,-2.28715026993037,True,True,True,True,,,success
ATP-HTVS-9F37D3A44946,CCN(c1c(CN(C)C(=O)c2ccc(C[NH+](C)C)o2)sc2ccccc12)[C@H](C#N)c1ccccc1,-4.33739838467517,True,True,True,True,,,success
ATP-HTVS-9F5103B68EB9,COc1cc(CNc2ccc(Cl)c(C[N@@H+](C)CCO)c2)c(OC)c2ccccc12,-4.70043332703515,True,True,True,True,,,success
ATP-HTVS-9F7EB006111C,Cc1ccc([C@H](O)CNc2nc(NCc3ccccc3)[nH+]c3ccccc23)cc1,-4.1751952883003,True,True,True,True,,,success
ATP-HTVS-9F81472CEEC6,C[C@@H]([NH2+]CC#Cc1cnc(NC(=O)c2ccc(C#N)cc2)c2ccccc12)c1ccc(F)cc1,-3.92700618408481,True,True,True,True,,,success
ATP-HTVS-9F81613398D9,C[NH+](C)Cc1cccc(CNc2cnc(NC(=O)c3cccc(F)c3F)c(-n3cccc3)c2)c1,-3.79144316095327,True,True,True,True,,,success
ATP-HTVS-9F8F78EE592C,CCN(c1c(NC(=O)c2ccc(C[NH+](C)C)cc2)c[nH+]c2ccccc12)[C@H](C#N)c1ccccc1,-4.99304401130794,True,True,True,True,,,success
ATP-HTVS-9F9A426F6493,C[NH+](C)Cc1cccc(CNc2nc3ccccc3nc2N[C@@H](CC(N)=O)c2ccccc2)c1,-4.38124201372767,True,True,True,True,,,success
ATP-HTVS-A05CBA531631,C[NH+](C)Cc1ccc(CCNc2nc(NCc3ccc(CO)cc3F)[nH+]c3ccccc23)cc1,-4.77909505067104,True,True,True,True,,,success
ATP-HTVS-A0BE83379585,Cc1ccc2nc(-c3cccnc3)cc(C(=O)NCc3ccc(CC[NH+](C)C)cc3)c2c1,-3.689922438493,True,True,True,True,,,success
ATP-HTVS-A0DD4911ADFC,C[NH+](C)Cc1cccc(CNc2cnc(NC(=O)c3ccccc3C3(C#N)CC3)c3ccccc23)c1,-3.1859202757174,True,True,True,True,,,success
ATP-HTVS-A10345D75118,CN(Cc1ccc([S@@](C)=O)cc1)c1nc2ccccc2nc1NCc1cccc(C[NH+](C)C)c1,-4.67048245005305,True,True,True,True,,,success
ATP-HTVS-A11F200701F2,CNc1ccc(CNc2nc(NCc3ccc(F)cc3C[NH+](C)C)c3ccccc3[nH+]2)cc1,-4.56467270844264,True,True,True,True,,,success
ATP-HTVS-A12862845571,Cc1cc(CNc2nc3ccccc3nc2NCCc2ccc(C[NH+](C)C)cc2)ccc1N,-4.7765234933544,True,True,True,True,,,success
ATP-HTVS-A1381500D8FF,CC(C)Oc1ccc(CN2CC(=O)Nc3ccccc3[C@H]2c2ccccc2)cc1,-2.47390943571033,True,True,True,True,,,success
ATP-HTVS-A1F737581FBF,c1ccc(C[NH2+]CCc2nc3ccccc3n2Cc2ccccc2)cc1,-5.09248195268047,True,True,True,True,,,success
ATP-HTVS-A20FC30C18FA,C[NH+](C)Cc1cccc(CNc2nc(NCc3c(N)cccc3F)[nH+]c3ccccc23)c1,-3.72303822103631,True,True,True,True,,,success
ATP-HTVS-A257C47BE0F3,C[NH+](C)[C@@H](CNC(=O)c1cc(CC(=O)Nc2ccccc2)nc2ccccc12)c1ccc(O)cc1,-4.6397364602869,True,True,True,True,,,success
ATP-HTVS-A25C4EA68E32,C[NH+](C)Cc1ccc(C(=O)Nc2c[nH+]c3ccccc3c2Nc2ccccc2)cc1,-4.11001446067938,True,True,True,True,,,success
ATP-HTVS-A27D1CDFC59C,CC[N@H+](Cc1ccc(CN(C)C)cc1)Cc1cn(-c2ccccc2)nc1-c1ccc([N+](=O)[O-])cc1,-2.90530563951609,True,True,True,True,,,success
ATP-HTVS-A286808FA942,Cc1ccc(C(=O)Nc2nc3ccccc3cc2N(CC#N)c2ccccc2)c(Cl)c1,-4.51886797041443,True,True,True,True,,,success
ATP-HTVS-A28F95EF9540,CC(C)(C#N)c1ccccc1CN1CC(=O)Nc2ccc(Br)cc2[C@H]1c1ccccc1,-0.786560204974218,True,True,True,True,,,success
ATP-HTVS-A2CFD20ABAD2,CN(C)c1ccc(CCNc2c(NC(=O)Cc3ccc(C#N)cc3)cnc3ccccc23)cc1,-3.7514730124561,True,True,True,True,,,success
ATP-HTVS-A2EC0CC51325,N#CCCn1cc(C[NH2+]Cc2ccccc2NCCO)c(-c2ccccc2)n1,-5.13011357087378,True,True,True,True,,,success
ATP-HTVS-A2ECE24B89CB,CN(Cc1cccc(N)c1)c1nc(N(C)Cc2ccc(C[NH+](C)C)cc2)c2ccccc2[nH+]1,-4.42055691359543,True,True,True,True,,,success
ATP-HTVS-A2FDB4A8FB56,C[NH2+]Cc1ccc(CNc2cc3ccccc3nc2NC(=O)Cc2ccccc2)cc1,-4.82971998702599,True,True,True,True,,,success
ATP-HTVS-A305C0BD9D10,C[NH+](C)Cc1cccc(CN[C@@H](C#Cc2cccc(O)c2)c2cc3ccccc3o2)c1,-5.00305377577559,True,True,True,True,,,success
ATP-HTVS-A343C43AF9EC,Cc1ccccc1[C@@H](O)CNCc1c(OCc2ccccc2)ccc2ccccc12,-1.75974619112291,True,True,True,True,,,success
ATP-HTVS-A345DB3E7236,CN(C)Cc1ccc(CNc2c(NC(=O)Cc3cccc(Cl)c3)c[nH+]c3ccccc23)cc1,-2.29234877703406,True,True,True,True,,,success
ATP-HTVS-A361D156A19C,O=C1CN(Cc2cccc(Cl)c2F)[C@H](c2ccccc2F)c2cc(Cl)ccc2N1,-1.19288878012677,True,True,True,True,,,success
ATP-HTVS-A38ED211E8B3,C[NH+](C)CCc1ccc(Nc2c(C(=O)N(CC[NH3+])c3ccccc3)c(=O)[nH]c3ccccc23)cc1,-1.9539239976085,True,True,True,True,,,success
ATP-HTVS-A3A98DB30213,CC[N@H+](C)Cc1cccc(CNc2nc(NCc3ccccc3[N+](=O)[O-])c3ccccc3[nH+]2)c1,-4.43364552155635,True,True,True,True,,,success
ATP-HTVS-A3FFA90B66AA,C[C@H]([NH2+]Cc1nc2ccccc2n1Cc1ccccc1)[C@H](O)c1ccc(Br)cc1,-5.67375171778163,True,True,True,True,,,success
ATP-HTVS-A44EAAD38847,CN(C)Cc1cccc(C[NH2+][C@@H](Cn2cnc3ccccc32)c2ccc(F)cc2)c1,-3.24160266592602,True,True,True,True,,,success
ATP-HTVS-A459F36766D8,CC[N@@H+](C)Cc1cccc(CNc2nc(NCc3c(N)cccc3F)[nH+]c3ccccc23)c1,-3.83139864407395,True,True,True,True,,,success
ATP-HTVS-A4810EBC0F15,C[NH2+]Cc1ccccc1CNC(=O)c1cc(-c2ccncc2)nc2ccccc12,-4.69140925514017,True,True,True,True,,,success
ATP-HTVS-A4BDF0A6C58A,COc1ccc(C[NH2+]C[C@@H]2c3ccccc3C(=O)N2Cc2ccccc2)c(OC)c1,-5.67800417241926,True,True,True,True,,,success
ATP-HTVS-A4F2667C3349,C[NH+](C)Cc1cccc(CNc2cnc(NC(=O)Cc3ccccc3[N+](=O)[O-])c3ccccc23)c1,-3.7697979650076,True,True,True,True,,,success
ATP-HTVS-A521B3182CFE,CN(Cc1cccc(N)c1)c1nc(NCCc2ccc(C[NH+](C)C)cc2)[nH+]c2ccccc12,-4.55660398916924,True,True,True,True,,,success
ATP-HTVS-A5353E166184,C[NH+](C)Cc1ccc(CNc2c(NC(=O)c3c(F)cccc3Cl)c[nH+]c3ccccc23)cc1,-3.8367353083768,True,True,True,True,,,success
ATP-HTVS-A53B334F5824,COc1ccc(C[NH2+]C[C@@H]2c3ccccc3C(=O)N2Cc2ccccc2)cc1F,-5.82573794113561,True,True,True,True,,,success
ATP-HTVS-A5A2B8D72F00,O=C1c2ccccc2[C@H](C[NH2+]Cc2cc(Cl)ccc2O)N1Cc1ccccc1,-5.3545965868063,True,True,True,True,,,success
ATP-HTVS-A5C0EA33BE09,C[NH+](C)Cc1cc(F)ccc1C[NH2+]Cc1c(-c2ccccc2)[nH]c2ccccc12,-5.13859875976645,True,True,True,True,,,success
ATP-HTVS-A6599D500180,O=C1c2ccccc2[C@H](CNCc2c(Cl)cccc2Br)N1Cc1ccccc1,-2.44374790629876,True,True,True,True,,,success
ATP-HTVS-A67C5EBB60CA,O=C(Nc1nc2ccccc2cc1C#CC[NH2+]Cc1ccccc1)c1ccc(F)cc1,-4.35137881696567,True,True,True,True,,,success
ATP-HTVS-A67DD6FB98A9,C[NH+](C)Cc1ccc(CNc2cc3ccccc3nc2NC(=O)c2cccc(O)c2)cc1,-4.50992221844652,True,True,True,True,,,success
ATP-HTVS-A6800539A705,COC(=O)c1ccccc1CC(=O)Nc1nc2ccccc2cc1NCc1ccc(CN(C)C)cc1,-2.05448620479741,True,True,True,True,,,success
ATP-HTVS-A693217A85AE,C[NH+](C)Cc1cccc(C[NH2+]Cc2ccc(Oc3ccc(Br)cc3)nc2)c1,-4.10042496262914,True,True,True,True,,,success
ATP-HTVS-A6940AB4AD1D,COc1cc2ccccc2c(C[NH2+]Cc2ccccc2NCCO)c1OC,-4.73510659521291,True,True,True,True,,,success
ATP-HTVS-A6CB9DE84F6F,CN(c1cc2ccccc2nc1NC(=O)c1ccccc1OCC[NH+](C)C)[C@H](C#N)c1ccccc1,-3.54487212404472,True,True,True,True,,,success
ATP-HTVS-A6D74CA540BA,C[C@H](NCC#Cc1c(NC(=O)c2cccc(C#N)c2)cnc2ccccc12)c1ccccc1F,-4.89429447555377,True,True,True,True,,,success
ATP-HTVS-A7093622CBF0,CO[C@@](NC(=O)[C@@H](C)c1ccc(NC(C)C)cc1)(C(=O)NCc1ccccc1)c1coc2ccccc12,-4.26839239430932,True,True,True,True,,,success
ATP-HTVS-A719F0D3C4DA,C[C@](O)(CNc1cnc(NC(=O)Cc2ccccc2)c2ccccc12)c1ccc(Cl)cc1,-5.01693312909944,True,True,True,True,,,success
ATP-HTVS-A7693842EDE7,C[NH+](C)Cc1ccc(C(=O)Nc2nc3ccccc3cc2NCC(=O)c2ccc(Cl)cc2)cc1,-4.72015322020726,True,True,True,True,,,success
ATP-HTVS-A7BD7D96AE57,O=C(Nc1ccccc1I)c1cn(Cc2ccccc2)c(=O)c2ccccc12,-3.23974100367522,True,True,True,True,,,success
ATP-HTVS-A7EE593102BF,CN(C)C[C@H](Cc1ccccc1)NCc1nc2ccccc2c(-c2ccccc2)c1Cl,-1.16981472407605,True,True,True,True,,,success
ATP-HTVS-A8111C46748E,CN(C(=O)c1cc(NCc2cccc(C[NH+](C)C)c2)c(Cl)s1)[C@H](C#N)c1ccccc1,-4.42029981576778,True,True,True,True,,,success
ATP-HTVS-A820F1D60548,C[NH+](C)Cc1cc(F)ccc1CNCc1cnn(Cc2ccccc2C(F)(F)F)c1,-3.93131506625959,True,True,True,True,,,success
ATP-HTVS-A844998385F9,Cc1cc(NCc2ccc(NCCO)cc2)[nH+]cc1OCc1ccccc1,-4.51285774535421,True,True,True,True,,,success
ATP-HTVS-A845026C7E40,C[NH+](C)Cc1cccc(CNC(=O)c2[nH]c3ccccc3c2C#C[C@@H](O)c2ccccc2Cl)c1,-5.2426641656798,True,True,True,True,,,success
ATP-HTVS-A8555051B7A8,CCNc1ccccc1CNCc1ccc(N(C)c2ccccc2)nc1,-2.12228992442095,True,True,True,True,,,success
ATP-HTVS-A86A798575A4,C[NH+](C)Cc1ccc(Cn2c(-c3ccccc3)nc3c(F)cccc3c2=O)cc1,-4.73478467522841,True,True,True,True,,,success
ATP-HTVS-A89DA5D53108,COc1ccccc1OCC(=O)Nc1ncc(NCc2ccc(NCCO)cc2)c2ccccc12,-3.9489168676843,True,True,True,True,,,success
ATP-HTVS-A8B79B8D9CE4,C[C@@H](NCC#Cc1cnc(NC(=O)c2cc(Cl)cc(C#N)c2)c2ccccc12)c1ccccc1F,-3.44496498682886,True,True,True,True,,,success
ATP-HTVS-A8F9662136B7,C[C@@H](c1ccccc1)N(C)C(=O)c1c(Nc2ccccc2CN(C)C)c2ccccc2[nH]c1=O,0.0208565069133784,True,True,True,True,,,success
ATP-HTVS-A8FD4BE75532,CCN(c1cc2ccccc2nc1NC(=O)c1ccc(OCC[NH+](C)C)cc1)[C@H](C#N)c1ccccc1,-3.94151463345872,True,True,True,True,,,success
ATP-HTVS-A9326BC55FC3,C[NH+](C)Cc1cccc(Nc2cc(C(=O)N(CC#N)c3ccccc3)ccn2)c1,-5.46522448944822,True,True,True,True,,,success
ATP-HTVS-A949B56C75C5,N#CCN(c1ccccc1)c1cnc(NC(=O)Cc2ccc(O)c(O)c2)c2ccccc12,-4.46330346008272,True,True,True,True,,,success
ATP-HTVS-A9572D0B6B20,CCN(c1c(C(=O)Nc2ccccc2NC(C)C)[nH]c2ccccc12)[C@H](C#N)c1ccccc1,-3.71882034268651,True,True,True,True,,,success
ATP-HTVS-A95E57B9EC2C,C[NH+](C)Cc1ccccc1CNc1nc2ccccc2nc1NCc1ccc(F)c(CO)c1,-5.40719847311577,True,True,True,True,,,success
ATP-HTVS-A9E2ECE51DBC,COCCNc1ccccc1C[NH2+]Cc1c(-c2ccccc2)nc2ccccn12,-3.76447660133586,True,True,True,True,,,success
ATP-HTVS-AAAC0953A4ED,O=C1CN(Cc2cc(Cl)ccc2Br)[C@@H](c2ccccc2)c2ccccc2N1,-0.588563074596018,True,True,True,True,,,success
ATP-HTVS-AACA343AA4DE,CC[N@@H+](C)Cc1cccc(CNc2nc3ccccc3nc2N[C@@H](CCO)c2ccccc2F)c1,-4.01744952870307,True,True,True,True,,,success
ATP-HTVS-AAD4045BFE18,CCNc1ccccc1NC(=O)c1[nH]c2ccccc2c1N(C)[C@H](C#N)c1ccccc1,-4.49578463356492,True,True,True,True,,,success
ATP-HTVS-AAEC409DC9E3,C[C@H](Nc1nc2ccccc2nc1NCc1cccc(CN(C)C)c1)c1ccccc1Br,-1.44060854903555,True,True,True,True,,,success
ATP-HTVS-AB4BD250F7B6,C[NH2+]c1ccccc1Nc1c(C(=O)N(c2ccccc2)[C@@H](C)C#N)cnc2ccc(F)cc12,-4.06295298997816,True,True,True,True,,,success
ATP-HTVS-AB5753B8B47E,COc1ccccc1CN1CC(=O)Nc2ccccc2[C@@H]1c1ccccc1,-1.75897795990058,True,True,True,True,,,success
ATP-HTVS-AB5D2E649063,CN(C(=O)[C@@](C)(O)c1ccccc1)c1cc(NCc2ccc(C[NH+](C)C)cc2)cc[nH+]1,-5.32685969970335,True,True,True,True,,,success
ATP-HTVS-AB6A0F8FBF12,CNS(=O)(=O)Cc1ccccc1C[NH2+]Cc1cn(Cc2ccccc2)nc1-c1ccc(C)cc1,-4.33841653766758,True,True,True,True,,,success
ATP-HTVS-ABB27A5BB422,C[NH+](C)Cc1cccc(CNc2nc3ccccc3nc2NCc2ccc([NH3+])cc2)c1,-3.90038730659021,True,True,True,True,,,success
ATP-HTVS-AC48CD61B4D9,C[NH+](C)Cc1ccc(C(=O)Nc2nc3ccccc3cc2NCCSc2ccccc2)cc1,-5.04243611504985,True,True,True,True,,,success
ATP-HTVS-AC6C82062264,Cc1nn(Cc2ccc(F)cc2)c(Cl)c1CNCc1ccc(F)cc1CN(C)C,-1.17766950734732,True,True,True,True,,,success
ATP-HTVS-AC71774ACC4B,C[NH+](C)Cc1ccc(CNc2csc(C(=O)N[C@H](C[NH3+])c3ccccc3)c2)cc1,-6.96005044741765,True,True,True,True,,,success
ATP-HTVS-ACBE41267A18,C[NH+](C)[C@H](CNc1nc(CCc2ccc(Cl)cc2)nc2ccccc12)c1ccc(O)cc1,-5.74492062292097,True,True,True,True,,,success
ATP-HTVS-AD26772F5837,C[NH+](C)Cc1ccccc1CNc1nc(N[C@@H](CC(N)=O)c2ccccc2)c2ccccc2[nH+]1,-3.9477833682894,True,True,True,True,,,success
ATP-HTVS-AD556EC8B5E3,CN(C)Cc1ccc(CCN[C@@H](C(=O)c2c[nH]c3ccccc23)c2ccccc2)cc1,-2.72511908216225,True,True,True,True,,,success
ATP-HTVS-AD7BC7F537E7,C[NH+](C)Cc1cccc(Nc2nc(N)c(-c3ccccc3)c3cccc(F)c23)c1,-4.57187278929286,True,True,True,True,,,success
ATP-HTVS-AD7D334F30DB,[NH3+][C@H](C#Cc1cc2ccccc2nc1NC(=O)c1cc(F)ccc1F)Cc1cccc(F)c1,-5.06400722066418,True,True,True,True,,,success
ATP-HTVS-AD7FACE11FDD,CNc1cccc(CNc2cc(C(=O)N(CC#N)c3ccccc3)c(F)nc2C)c1,-6.12358752538851,True,True,True,True,,,success
ATP-HTVS-AD7FBCC01633,[NH3+][C@H](C#Cc1cc2ccccc2nc1NC(=O)Cc1ccc(O)cc1)Cc1cccc(F)c1,-6.49299466235293,True,True,True,True,,,success
ATP-HTVS-ADC6A568E437,Cc1cc(NC(=O)Cc2ccc(F)cc2)[nH+]cc1NCc1ccc(C[NH+](C)C)cc1,-5.4809890158961,True,True,True,True,,,success
ATP-HTVS-ADEEA10F1B91,N#Cc1ccc(C(=O)Nc2nc3ccccc3cc2C#CCNCc2ccccc2)cc1,-3.98446061595605,True,True,True,True,,,success
ATP-HTVS-ADF1B73D9E23,CC[NH+](CC)Cc1ccc(CNc2cnc(NC(=O)Cc3ccc(O)c(O)c3)c3ccccc23)cc1,-3.33624518864466,True,True,True,True,,,success
ATP-HTVS-ADFEB0A5CD8C,C[C@H](CN1CC(=O)Nc2ccc(Br)cc2[C@H]1c1ccccc1)c1ccccc1,-1.29496616502486,True,True,True,True,,,success
ATP-HTVS-AE2593E94038,C[C@H]([NH2+]CC#Cc1c(NC(=O)c2ccc(F)c(C#N)c2)cnc2ccccc12)c1cccc(F)c1,-4.68275958095835,True,True,True,True,,,success
ATP-HTVS-AE73BF67DB9D,COc1ccc(C[NH2+]C[C@@H]2c3ccccc3C(=O)N2Cc2ccccc2)cc1C[NH+](C)C,-5.24479053059663,True,True,True,True,,,success
ATP-HTVS-AE7F15E1977E,C[C@H](NCc1cccc(OCC[NH+](C)C)c1)c1cc2cccc(Cl)c2c(=O)n1-c1ccccc1,-2.78181395560203,True,True,True,True,,,success
ATP-HTVS-AE8349DE7653,C[NH+](C)Cc1ccc(CNc2c(C(=O)Nc3ccccc3F)sc3ncccc23)cc1,-4.45419286011156,True,True,True,True,,,success
ATP-HTVS-AEA5EF37F369,C[NH+](C)Cc1cccc(C[NH2+][C@@H](C#Cc2cccnc2)c2cncc(OCc3ccccc3)c2)c1,-3.73581852107815,True,True,True,True,,,success
ATP-HTVS-AEC4D9F1E0F4,C[NH+](C)Cc1cccc(CNc2cc3ccccc3nc2NC(=O)c2ccc(CS)cc2)c1,-5.315303887102,True,True,True,True,,,success
ATP-HTVS-AEE242E516D8,C[NH+](C)Cc1ccc(C(=O)Nc2nc3ccccc3cc2Nc2ccccc2)cc1,-4.48133910608213,True,True,True,True,,,success
ATP-HTVS-AF0D06B60C3E,C[C@@H](C#N)N(c1ccccc1)c1c(NC(=O)c2ccccc2Cl)cnc2ccccc12,-3.83687277027258,True,True,True,True,,,success
ATP-HTVS-AF24076E5CF3,CCN(C(=O)Cc1ccc(C[NH+](C)C)cc1)[C@@H](c1cccnc1)c1csc2ccccc12,-3.55872693725179,True,True,True,True,,,success
ATP-HTVS-AF546DDC8B5A,Cc1ccc(CC[NH2+]Cc2nc3ccccc3n2Cc2ccccc2)cc1O,-4.86728037701619,True,True,True,True,,,success
ATP-HTVS-AF6DFEAC4438,CN(C)Cc1ccccc1C(=O)Nc1cnc2ccccc2c1C#CC(=O)c1ccc(Cl)cc1,-2.37944568393426,True,True,True,True,,,success
ATP-HTVS-AFAE325C96BD,CN(C)c1cccc(CN2CC(=O)Nc3ccc(Br)cc3[C@H]2c2ccccc2)c1,-2.38484101860534,True,True,True,True,,,success
ATP-HTVS-AFB94CABAED0,CC[NH+](CC)Cc1cccc(CNc2c(C(=O)N(CC(=O)OC)c3ccccc3)[nH]c3ccccc23)c1,-2.78583389446771,True,True,True,True,,,success
ATP-HTVS-AFD6D96F704F,C[C@H](Nc1nc(NCc2ccccc2C[NH+](C)C)[nH+]c2ccccc12)c1cccc(C#N)c1,-4.23026736447771,True,True,True,True,,,success
ATP-HTVS-AFF6C4F7FD39,C[NH+](C)Cc1cccc(CNc2nc(NCc3ccc(F)c(CO)c3)[nH+]c3ccccc23)c1,-4.44908939680874,True,True,True,True,,,success
ATP-HTVS-B00F3517908E,C[NH+](C)Cc1cccc(CNc2cnc3ccccc3c2NC(=O)c2cccc(F)c2Cl)c1,-4.61374684570078,True,True,True,True,,,success
ATP-HTVS-B0742D29E2ED,CN(C(=O)c1ccc(Cl)cc1)c1cc(NCc2cccc(C[NH+](C)C)c2)ccn1,-4.05631519762372,True,True,True,True,,,success
ATP-HTVS-B0A71AB87D72,CN(C(=O)c1cc(NCc2cccc(C[NH+](C)C)c2)c(Cl)s1)c1ccccc1O,-6.3559887442052,True,True,True,True,,,success
ATP-HTVS-B0AB4541452E,Cc1ccc(Cl)cc1N(C)C(=O)c1cc(NCc2cccc(C[NH+](C)C)c2)c(Cl)s1,-3.82146121477881,True,True,True,True,,,success
ATP-HTVS-B0B19F009301,N#CCN(c1ccccc1)c1cc2ccccc2nc1NC(=O)Cc1ccc([S-])cc1,-2.53889303403204,True,True,True,True,,,success
ATP-HTVS-B107F9A324A3,C[NH+](C)Cc1ccc(CNc2ncc(-c3ccccc3)s2)cc1,-5.04000059047914,True,True,True,True,,,success
ATP-HTVS-B13A57A9D1F9,Cc1ccc(CC[C@H](C)N2CC(=O)Nc3ccccc3[C@@H]2c2ccccc2)cc1,-1.61421560434641,True,True,True,True,,,success
ATP-HTVS-B13D85D04AEE,C[C@@H]([NH2+]CC#Cc1cc2ccccc2nc1NC(=O)c1ccc(C#N)cc1F)c1cccc(F)c1,-4.96308509293148,True,True,True,True,,,success
ATP-HTVS-B16CEB425A58,[NH3+][C@H](C#Cc1c(NC(=O)c2cccc(Cl)c2F)cnc2ccccc12)Cc1cccc(F)c1,-5.15097789395059,True,True,True,True,,,success
ATP-HTVS-B1D0FF1C8AAB,CC(=O)NCc1ccc(C[NH2+]Cc2cn(Cc3ccccc3)nc2-c2ccc(Cl)cc2)cc1,-5.60971624453893,True,True,True,True,,,success
ATP-HTVS-B1DCCC83FEFE,CC[NH+](CC)Cc1ccc(CNC(=O)Cn2c(COc3ccccc3)nc3ccccc32)cc1,-3.60920673182249,True,True,True,True,,,success
ATP-HTVS-B1E26FAB67D9,C[NH+](C)[C@@H](C#N)c1ccc(Nc2nc(Oc3ccc(F)cc3)cc(Oc3ccc(F)cc3)n2)cc1,-3.73712231452672,True,True,True,True,,,success
ATP-HTVS-B1FBA11D65B8,C[NH+](C)Cc1cc(F)ccc1CNc1nc(NCc2ccc(Cl)cc2N)[nH+]c2ccccc12,-3.88074631091063,True,True,True,True,,,success
ATP-HTVS-B23516995CCF,C[NH+](C)Cc1ccccc1CNc1nc(NCc2ccc(OCCO)cc2)[nH+]c2ccccc12,-4.7190851020773,True,True,True,True,,,success
ATP-HTVS-B262751D15E7,C[NH+](C)Cc1ccccc1NC(=O)c1cc(-c2cccnc2)nc2ccccc12,-4.95029821446355,True,True,True,True,,,success
ATP-HTVS-B278BB2953A5,C[NH+](C)CCNc1ccccc1C[NH2+]Cc1ccc(OCc2ccccc2)cn1,-4.35664288623461,True,True,True,True,,,success
ATP-HTVS-B31ECD8B9A27,C[NH2+]Cc1ccccc1CNC(=O)c1cc(-c2ccccn2)nc2ccccc12,-5.92766230536446,True,True,True,True,,,success
ATP-HTVS-B34C30ECDBCB,CN(C)Cc1ccc(CCNc2cc(-c3ccccc3)nc3ccnn23)cc1,-1.69642127106037,True,True,True,True,,,success
ATP-HTVS-B36D0C358EAD,C[NH+](C)[C@@H](CNC(=O)c1cn(Cc2ccccc2)c(=O)c2ccccc12)c1ccc2c(c1)OCO2,-4.17567819093712,True,True,True,True,,,success
ATP-HTVS-B383260168BF,CN(C)[C@@H](C[NH3+])c1ccc(Nc2nc(-c3ccccc3)cc(-c3ccccc3)n2)cc1Cl,-4.45475962306661,True,True,True,True,,,success
ATP-HTVS-B3F47181DC5D,C[C@@H]([NH2+]CC#Cc1cnc(NC(=O)c2cccc(O)c2)c2ccccc12)c1ccc(F)cc1,-5.78131733089386,True,True,True,True,,,success
ATP-HTVS-B3FE097D1043,CN(C(=O)c1sc2ccccc2c1NCc1cccc(C[NH+](C)C)c1)c1cccc(C#N)c1,-4.68627525540222,True,True,True,True,,,success
ATP-HTVS-B41566EF3893,Cc1cc(N)ccc1CNc1nc(NCCc2ccc(C[NH+](C)C)cc2)c2ccccc2[nH+]1,-4.70580987896128,True,True,True,True,,,success
ATP-HTVS-B46E603BFCD4,CN(C(=O)c1ccccc1Cl)c1cc(NCc2ccc(C[NH+](C)C)cc2)ccn1,-4.49674664045134,True,True,True,True,,,success
ATP-HTVS-B476F40F800C,CN(C(=O)c1cc(NCc2cccc(C[NH+](C)C)c2)c(Cl)s1)c1ccc(N)cc1,-3.765788618152,True,True,True,True,,,success
ATP-HTVS-B47DAEDE372B,[NH3+][C@@H](C#Cc1c(NC(=O)c2c(Cl)cccc2Cl)cnc2ccccc12)Cc1cccc(F)c1,-3.39530927196781,True,True,True,True,,,success
ATP-HTVS-B48F3FD049EC,CCN(CC)Cc1ccc(C[NH2+][C@H](c2ccccn2)c2cc3ccccc3o2)cc1,-1.74699328530656,True,True,True,True,,,success
ATP-HTVS-B4E8E29A2CD9,C[NH+](C)CCc1ccccc1NC(=O)NCc1cn(-c2ccccc2)nc1-c1ccncc1,-4.5674968213852,True,True,True,True,,,success
ATP-HTVS-B4F34B52DEEF,C[C@@H]([NH2+]CC#Cc1c(NC(=O)[C@@H](O)c2ccccc2)cnc2ccccc12)c1ccccc1,-5.18852571458463,True,True,True,True,,,success
ATP-HTVS-B4FC20780B21,COc1ccc(Br)cc1-c1nc(C[NH2+][C@H](C)c2ccc(C[NH+](C)C)cc2)cs1,-5.33877522679831,True,True,True,True,,,success
ATP-HTVS-B51F80196405,CNC(=O)c1ccc(CN2CC(=O)Nc3ccc(Br)cc3[C@@H]2c2ccccc2)cc1,-0.684467516068333,True,True,True,True,,,success
ATP-HTVS-B56D8AC3A406,C[NH+](C)Cc1cccc(CNc2c(F)cncc2NC(=O)C#Cc2ccccc2)c1,-4.72167488833657,True,True,True,True,,,success
ATP-HTVS-B586963EE7FB,Cc1cc(N)cc(CNc2nc(NCc3ccccc3C[NH+](C)C)[nH+]c3ccccc23)c1,-2.98151074575669,True,True,True,True,,,success
ATP-HTVS-B5A4F958CC31,C[C@H](NCC#C[C@H](NCC(=O)c1ccccc1)c1cc2ccccc2s1)c1ccccc1,-4.61871911693587,True,True,True,True,,,success
ATP-HTVS-B612A35BE18C,O=C1c2ccccc2[C@@H](C[NH2+]Cc2ccccc2C(F)F)N1Cc1ccccc1,-4.35963998063379,True,True,True,True,,,success
ATP-HTVS-B6233BB79AF7,CN(Cc1ccc(C[NH+](C)C)cc1)c1nc(NCc2ccc(Cl)cc2N)c2ccccc2[nH+]1,-3.43284093977183,True,True,True,True,,,success
ATP-HTVS-B64EA431F59B,CN(C)Cc1ccccc1NC(=O)NCc1cn(-c2ccccc2)nc1-c1ccccc1,-2.52173005455312,True,True,True,True,,,success
ATP-HTVS-B64FB026F9D3,COC(=O)Nc1cccc(C(=O)Nc2ncc(NCc3ccc(C[NH+](C)C)cc3)c3ccccc23)c1,-4.45029079262428,True,True,True,True,,,success
ATP-HTVS-B6843249DE88,C[NH+](C)CCc1ccc(CNC(=O)c2occc2CSc2ccccc2)cc1,-3.80964674006807,True,True,True,True,,,success
ATP-HTVS-B685FDB22E51,CN(Cc1ccccc1C[NH+](C)C)C(=O)Cc1nn(Cc2ccccc2)c(=O)c2ccccc12,-2.43146582223229,True,True,True,True,,,success
ATP-HTVS-B699C037922C,CN(C)Cc1ccc(CNc2ccsc2C(=O)NCc2ccccc2F)cc1,-3.03470016563841,True,True,True,True,,,success
ATP-HTVS-B6BB4D9D6C90,C[NH+](C)Cc1cccc(C(=O)NCc2cn(-c3ccccc3)nc2-c2ccncc2)c1,-4.93015311685867,True,True,True,True,,,success
ATP-HTVS-B6C483C4EE45,C[NH+](C)Cc1ccc(CNc2ccsc2C(=O)N(CC[NH3+])c2ccc(Cl)cc2)cc1,-5.34115308557005,True,True,True,True,,,success
ATP-HTVS-B7334B97F240,C[NH+](C)Cc1ccc(CNc2c[nH]/c(=N\C(=O)c3ccccc3C#N)c(-n3cccc3)c2)cc1,-5.14055156452424,True,True,True,True,,,success
ATP-HTVS-B7368E70BBC8,C[NH+](C)C[C@H](C[NH2+]Cc1ccc(OCc2ccccc2)cn1)c1ccc(Cl)cc1,-5.42596798797349,True,True,True,True,,,success
ATP-HTVS-B7604789CEBF,C[NH+](C)Cc1ccc(C[N@H+](C)Cc2cn(-c3ccccc3Cl)nn2)cc1,-4.92788953230995,True,True,True,True,,,success
ATP-HTVS-B77025854F9D,Cc1ccc([C@H](O)C[NH2+][C@@H]2C(=O)N(Cc3ccccc3)c3ccccc32)cc1,-5.18063790977782,True,True,True,True,,,success
ATP-HTVS-B798CBAC6C44,CN(C(=O)c1cnc(N(C#N)c2ccccc2)c2ccccc12)c1ccc(Cl)cc1,-2.94710029951005,True,True,True,True,,,success
ATP-HTVS-B7AB07A15A31,COc1cccc(-c2ccnc(NC(=O)c3ccc(C[NH+](C)C)cc3)c2C(=O)c2ccccc2)c1,-4.03672743264643,True,True,True,True,,,success
ATP-HTVS-B7C68EF5FFDC,CN(C)[C@@H](C(=O)Nc1cnc2ccccc2c1N(CC#N)c1ccccc1)c1ccc(Cl)cc1,-4.18675195228413,True,True,True,True,,,success
ATP-HTVS-B7CF3B4EBACD,Fc1ccc([C@@H](C[NH2+]Cc2cn(Cc3ccccc3)nc2-c2cccnc2)N2CCCC2)cc1,-4.14533704989545,True,True,True,True,,,success
ATP-HTVS-B7FF2C0C64E6,CN(Cc1cccc(F)c1)C(=O)c1sccc1NCc1ccc(C[NH+](C)C)cc1,-4.51580519988092,True,True,True,True,,,success
ATP-HTVS-B8017292FA6C,N[C@H](C#Cc1cc2ccccc2nc1NC(=O)c1cccc(Cl)c1Cl)Cc1cccc(F)c1,-2.87306696057149,True,True,True,True,,,success
ATP-HTVS-B8459B836830,CCOCC[N@@H+](CC)Cc1ccc(CN(C)Cc2cn(-c3ccccc3)nc2-c2ccncc2)cc1,-3.6689567085858,True,True,True,True,,,success
ATP-HTVS-B847417F307C,O=C(Cc1ccc(F)cc1)Nc1cnc2ccccc2c1C#CC(=O)c1ccccc1,-5.45752917124397,True,True,True,True,,,success
ATP-HTVS-B860A68943EF,C[NH2+][C@@H](C)c1ccc(N2CC(=O)Nc3ccccc3[C@H]2c2ccccc2)cc1,-3.53485465298697,True,True,True,True,,,success
ATP-HTVS-B88C39A42AA7,C[NH+](C)Cc1ccccc1Nc1cnc(NC(=O)c2ccccc2)c2ccccc12,-3.76935999597459,True,True,True,True,,,success
ATP-HTVS-B8A979A70D7E,Cc1ccc(-n2ncc(N(C)C(=O)c3ccc(C[NH+](C)C)cc3)c(N(C)Cc3ccccc3)c2=O)cc1,-4.34397423992911,True,True,True,True,,,success
ATP-HTVS-B8D4F4CA2980,CC(=O)N(c1ccccc1)c1nc(C[NH2+]Cc2ccc(C[NH+](C)C)cc2)cs1,-5.21646540592077,True,True,True,True,,,success
ATP-HTVS-B976229D01A0,CN(C)Cc1cccc(C[NH2+]c2c(Nc3ccccc3)c(Cl)c([O-])c3ccccc23)c1,-1.51856162395666,True,True,True,True,,,success
ATP-HTVS-B989B97EF6F5,CC[NH+](CC)Cc1ccc(C[NH2+]Cc2ccc(COc3cccc(Cl)c3C)o2)cc1,-5.98566530002566,True,True,True,True,,,success
ATP-HTVS-B99F6A8D80C4,C[C@H](NCC#C[C@@H](NCC(=O)c1ccccc1)c1csc2ccccc12)c1ccc(F)cc1,-3.96977830419514,True,True,True,True,,,success
ATP-HTVS-B9C46F2E092C,C[NH+](C)[C@@H](C#N)c1ccccc1Nc1[nH+]c(-c2ccccc2)cn1/N=C/c1ccc(Cl)cc1,-3.67328330366518,True,True,True,True,,,success
ATP-HTVS-B9E16686FC4A,CCN(CC)Cc1cccc(CNc2cnc(NC(=O)c3ccccc3OC)c3ccccc23)c1,-1.96871524107972,True,True,True,True,,,success
ATP-HTVS-BA05F8BAE026,CN(C)[C@@H](C[NH3+])c1ccc(Cl)cc1Nc1nc(-c2ccccc2)cc(-c2ccccc2)n1,-4.54604709625599,True,True,True,True,,,success
ATP-HTVS-BA0E3BFA8388,CNc1cccc(CNc2c(NC(=O)c3ccccc3C[NH+](C)C)c[nH+]c3ccccc23)c1,-5.08693232449439,True,True,True,True,,,success
ATP-HTVS-BAB35535B111,CN(C(=O)Cc1ccccc1)c1ccncc1NCc1cccc(C[NH+](C)C)c1,-4.21154858734404,True,True,True,True,,,success
ATP-HTVS-BAD00D53E534,C[C@H](NCC#Cc1c(NC(=O)c2ccc(C#N)c(F)c2)cnc2ccccc12)c1cccc(F)c1,-3.92227530838364,True,True,True,True,,,success
ATP-HTVS-BAE9605F8CCC,C[NH+](C)Cc1ccc(CNCc2csc(COc3ccc(Cl)cc3)n2)cc1,-4.41173546626797,True,True,True,True,,,success
ATP-HTVS-BAF1AE5D2B14,O=C1CN(Cc2ccc(C(=O)NCCF)cc2)[C@H](c2ccccc2)c2ccccc2N1,-4.38001977581335,True,True,True,True,,,success
ATP-HTVS-BAFA4202ACED,COC(=O)[C@@H](Nc1c(C(=O)N(CC[NH3+])c2ccccc2)sc2ccccc12)c1ccccc1C,-3.14289673283571,True,True,True,True,,,success
ATP-HTVS-BB0F51DCED8B,CCCC[N@@H+](C)[C@@H](C(=O)Nc1c[nH+]c2ccccc2c1N(C)[C@@H](C#N)c1ccccc1)c1ccccc1,-2.81848001304951,True,True,True,True,,,success
ATP-HTVS-BB2B7EB3D06A,CN(C)[C@H](C[NH3+])c1ccc(Nc2nc(Oc3ccc(F)cc3)cc(Oc3ccc(F)cc3)n2)cc1,-4.62863292885777,True,True,True,True,,,success
ATP-HTVS-BB30DC3CF26F,C[NH+](C)Cc1cccc(CNC(=O)c2cn(Cc3ccccc3)nc2-c2cccnc2)c1,-4.24182037069851,True,True,True,True,,,success
ATP-HTVS-BB3EB03EB4C6,C[C@@H]([NH2+]Cc1cc(OCc2ccccc2)c2ccccc2c1)c1ccc(C(=O)[O-])cc1,-4.84510867006185,True,True,True,True,,,success
ATP-HTVS-BB81D0256EE3,C[NH+](C)Cc1ccc(CNc2c(C(=O)Nc3ccccc3C#N)sc3cc(F)ccc23)cc1,-4.08595230146298,True,True,True,True,,,success
ATP-HTVS-BBA3AD223423,O=C1CN(Cc2ccc(F)cc2Br)[C@H](c2ccccc2)c2ccccc2N1,-1.69188024939488,True,True,True,True,,,success
ATP-HTVS-BBB01994AF2B,Cc1cc(-c2ccnc(NC(=O)c3ccccc3C[NH+](C)C)c2C(=O)c2ccccc2)ccc1O,-3.84304552480272,True,True,True,True,,,success
ATP-HTVS-BBE6E61B6745,CN(Cc1sc2ccccc2c1C#C[C@H]([NH3+])Cc1cccc(F)c1)C(=O)c1cccc(O)c1,-5.58651505166429,True,True,True,True,,,success
ATP-HTVS-BBF7556FA5C3,C[NH+](C)Cc1ccccc1CNc1nc2ccccc2nc1NC/C=C/c1ccccc1,-4.34751111528671,True,True,True,True,,,success
ATP-HTVS-BC2B8699145A,C[NH+](C)Cc1cccc(CNc2c[nH+]c3ccccc3c2NC(=O)c2ccc(O)cc2)c1,-4.37742163323633,True,True,True,True,,,success
ATP-HTVS-BCAE8AB499DF,Cc1ccc(Cl)cc1N(C)C(=O)c1cc(NCc2ccc(C[NH+](C)C)cc2)cs1,-4.67362578889828,True,True,True,True,,,success
ATP-HTVS-BCB25216F396,C[NH2+][C@@H](C)c1ccccc1N1CC(=O)Nc2ccccc2[C@@H]1c1ccccc1,-3.79590351023867,True,True,True,True,,,success
ATP-HTVS-BCB37E169801,C[C@@H](C[NH2+]Cc1cn(-c2ccccc2)nc1-c1ccncc1)c1ccc(Cl)cc1,-4.16870856746876,True,True,True,True,,,success
ATP-HTVS-BCEA86BEEC0A,C[NH+](C)Cc1ccc(NC(=O)c2cccnc2SCc2ccccc2)cc1,-4.19299991827439,True,True,True,True,,,success
ATP-HTVS-BD03C735BC89,CN(c1c(NC(=O)c2ccccc2OCC[NH+](C)C)c[nH+]c2ccccc12)[C@@H](C#N)c1ccccc1,-5.03019699353881,True,True,True,True,,,success
ATP-HTVS-BD0B30D0980B,Cc1ccc2nc(-c3ccc(F)cc3)c(C[NH2+]Cc3ccc(F)c(C[NH+](C)C)c3)n2c1,-4.15222294271607,True,True,True,True,,,success
ATP-HTVS-BD172DBF0B92,[NH3+]Cc1ccc(CNC(=O)c2oc3ccccc3c2CSc2ccccc2F)cc1,-4.76562162183844,True,True,True,True,,,success
ATP-HTVS-BD1ED4B7B841,N#C[C@H](Nc1c(NC(=O)Cc2ccccc2)c[nH+]c2ccccc12)c1ccc(F)cc1,-4.92262054324652,True,True,True,True,,,success
ATP-HTVS-BD741E539D0D,C[C@H](NCc1nc2ccccc2n1Cc1ccc(Cl)cc1)c1ccc(C[NH+](C)C)cc1,-3.84537338697277,True,True,True,True,,,success
ATP-HTVS-BD9D807D92EC,C[NH+](C)CCOc1ccc(C(=O)Nc2nc3ccccc3cc2N(C#N)c2ccccc2)cc1,-4.18926681226364,True,True,True,True,,,success
ATP-HTVS-BDB37C4B0D07,COc1cccc(C[NH2+]C[C@@H](C[NH+](C)C)c2ccccc2)c1OCc1ccccc1,-4.51999018850765,True,True,True,True,,,success
ATP-HTVS-BDBBABCD42A1,C[NH+](C)Cc1ccccc1CNc1nc2ccccc2nc1NCc1ccc(CO)c(F)c1,-3.81030635408713,True,True,True,True,,,success
ATP-HTVS-BDBFEED18423,C[NH+](C)Cc1ccc(CCNc2nc3ccccc3nc2NCc2ccncc2Br)cc1,-4.43424907842881,True,True,True,True,,,success
ATP-HTVS-BDC9F9AD9B20,C[NH+]1CCN(c2ccccc2C[NH2+]Cc2nc3ccccc3n2Cc2ccccc2)CC1,-4.18169794448799,True,True,True,True,,,success
ATP-HTVS-BDD1C4453981,CC(=O)N(c1ccc(F)cc1)c1nc(C[NH2+][C@@H](C)c2ccc(C[NH+](C)C)cc2)cs1,-5.88652840899261,True,True,True,True,,,success
ATP-HTVS-BE0949FFEA46,CC(C)Nc1ccccc1NC(=O)Cc1nn(-c2ccccc2)c(=O)c2ccccc12,-3.68716995690758,True,True,True,True,,,success
ATP-HTVS-BE25F64FE980,CSc1ccc([C@H](C)Nc2nc(NCc3cccc(C[NH+](C)C)c3)c3ccccc3n2)cc1,-1.91461633591276,True,True,True,True,,,success
ATP-HTVS-BE2C9D7D83B9,C[NH+](C)Cc1ccc(CNc2nc3ccccc3nc2N[C@H](CC(N)=O)c2ccccc2Cl)cc1,-4.64152924608722,True,True,True,True,,,success
ATP-HTVS-BE963CFE3042,CC(C)Nc1ccc(CNc2nc(N[C@H](C)c3ccccc3N)c3ccccc3n2)cc1,-1.74970143665166,True,True,True,True,,,success
ATP-HTVS-BEC4D7C74EFC,CCN(c1cc2ccccc2nc1NC(=O)c1ccc(C[NH+](C)C)cc1)[C@H](C#N)c1ccccc1,-4.49742141125466,True,True,True,True,,,success
ATP-HTVS-BECDF8C854B5,CN(C(=O)c1cscc1NCc1cccc(C[NH+](C)C)c1)c1cccc(C#N)c1,-3.4006914794541,True,True,True,True,,,success
ATP-HTVS-BF2AFCF05426,C[NH+](C)Cc1cccc(CNc2cnc(NC(=O)C(F)(F)c3ccccc3)c(F)c2)c1,-4.4310060927735,True,True,True,True,,,success
ATP-HTVS-BF383207F30E,C[NH+](C)Cc1cccc(CNc2nc3ccccc3nc2NCc2cccc(Cl)c2)c1,-4.32594192164637,True,True,True,True,,,success
ATP-HTVS-BF68A4285DB1,CC(C)[NH2+]c1cccc(CNc2nc(N[C@H](CCO)c3ccccc3F)c3ccccc3[nH+]2)c1,-0.69909794854046,True,True,True,True,,,success
ATP-HTVS-BF6C9643780C,C[NH+](C)[C@@H](C(=O)Nc1cnc2ccccc2c1N(CC#N)c1ccccc1)c1ccccc1,-4.27434813981764,True,True,True,True,,,success
ATP-HTVS-BF826A7B469A,CN(C(=O)Cc1ccccc1F)c1ncccc1NCc1cccc(C[NH+](C)C)c1,-4.68870420142709,True,True,True,True,,,success
ATP-HTVS-BF8F947D0493,O=C1CN(Cc2ccc(I)cc2Cl)[C@H](c2ccccc2)c2ccccc2N1,-1.23886534961818,True,True,True,True,,,success
ATP-HTVS-BFC0901B6A3C,CNc1cccc(CNC(=O)c2[nH]c3ccccc3c2N(CC#N)c2ccccc2)c1,-4.96051399141447,True,True,True,True,,,success
ATP-HTVS-BFD5BCAF9717,O=C(NNc1ccccc1)c1oc2ccccc2c1COc1ccccc1,-5.80036295368171,True,True,True,True,,,success
ATP-HTVS-BFEA0E4C0B7C,Cc1cccc([C@H](O)CNc2c(NC(=O)C#Cc3ccccc3)c[nH+]c3ccccc23)c1,-4.67397594012222,True,True,True,True,,,success
ATP-HTVS-C038EE4FCBA5,C[NH+](C)Cc1cccc(CNc2ccnc(NC(=O)c3ccccc3F)c2F)c1,-4.00424778339918,True,True,True,True,,,success
ATP-HTVS-C0568328686F,COc1ccc(CN(C)c2nc(NCc3ccccc3C[NH+](C)C)c3ccccc3[nH+]2)c(OC)c1,-3.33357646445703,True,True,True,True,,,success
ATP-HTVS-C0772D58369C,CNc1ccccc1N(C)c1c(C(=O)N(C)[C@@H](C#N)c2ccccc2)cnc2ccc(F)cc12,-3.8510538606858,True,True,True,True,,,success
ATP-HTVS-C09627CFBEE5,COc1cccc(C[N@@H+](C)Cc2cccc(CN(C)C)c2)c1OCc1ccccc1F,-2.42274528700733,True,True,True,True,,,success
ATP-HTVS-C0A883403093,Cc1ccc(O)c(-c2ccnc(NC(=O)c3ccc(C[NH+](C)C)cc3)c2C(=O)c2ccccc2)c1,-3.67454644381269,True,True,True,True,,,success
ATP-HTVS-C0ADD803E371,CN(Cc1ccccc1S(N)(=O)=O)c1nc(NCc2ccc(C[NH+](C)C)cc2)c2ccccc2[nH+]1,-3.82925563980246,True,True,True,True,,,success
ATP-HTVS-C0B01F645FC7,Cc1cccc(C(=O)Nc2c[nH+]c3ccccc3c2NCc2ccc(NCCO)cc2)c1C,-4.70281595890032,True,True,True,True,,,success
ATP-HTVS-C0E7239EA73D,CN(C(=O)[C@](C)(O)c1ccccc1)c1ncccc1NCc1cccc(C[NH+](C)C)c1,-3.98574645093938,True,True,True,True,,,success
ATP-HTVS-C10AA91B306E,C[NH+](C)Cc1ccc(C[N@H+](C)Cc2ccc(-c3cccc(C(F)(F)F)c3)o2)cc1,-4.94411529805242,True,True,True,True,,,success
ATP-HTVS-C12B4C379970,[NH3+]C[C@@H](NCc1nc2ccccc2c(-c2ccccc2)c1Cl)c1ccccc1F,-5.12059473422699,True,True,True,True,,,success
ATP-HTVS-C13B253881A4,Fc1ccc(CCNCc2[nH+]c3ccccc3n2Cc2ccccc2)c(Cl)c1,-2.34016426002997,True,True,True,True,,,success
ATP-HTVS-C1848F46B113,CN(Cc1sc2ccccc2c1NCc1ccc(NCCO)cc1)C(=O)c1cc(F)cc(F)c1,-3.54019421024101,True,True,True,True,,,success
ATP-HTVS-C188770C1FD9,C[C@@](N)(C(=O)n1nc(-c2cccnc2)cc1CC[NH2+]Cc1ccccc1)c1ccccc1,-6.16994376737702,True,True,True,True,,,success
ATP-HTVS-C1AB9EDC96AF,C[NH+](C)Cc1ccc(CNC(=O)c2cn(-c3ccc(F)cc3)c(=O)c3ccccc23)cc1,-5.07570022737249,True,True,True,True,,,success
ATP-HTVS-C2A68E9F7CC7,CNS(=O)(=O)Cc1ccc(C[NH2+]Cc2c(OCc3ccccc3)ccc3ccccc23)cc1,-5.27344187307121,True,True,True,True,,,success
ATP-HTVS-C2B7985A0F3E,CN(C)Cc1cc(CNC(=O)Cn2c(COc3ccc(Cl)cc3)nc3ccccc32)ccc1F,-1.89602568145125,True,True,True,True,,,success
ATP-HTVS-C302107B3554,C[NH+](C)Cc1ccc(CNc2c(NC(=O)c3ccc(Cl)c(F)c3)c[nH+]c3ccccc23)cc1,-5.11823752682086,True,True,True,True,,,success
ATP-HTVS-C31215E10DA6,C[NH+](C)Cc1cccc(Nc2c(C(=O)N(CCO)c3ccccc3)c(=O)[nH]c3ccccc23)c1,-1.69145997331556,True,True,True,True,,,success
ATP-HTVS-C36315435956,C[C@@H]([NH2+]Cc1ccncc1OCc1ccccc1)c1cccc(OCC[NH+](C)C)c1,-5.57643667589892,True,True,True,True,,,success
ATP-HTVS-C36F7D03654F,CN(C(=O)Cc1cccc(F)c1)c1cc(NCc2cccc(C[NH+](C)C)c2)cc[nH+]1,-3.92056252497989,True,True,True,True,,,success
ATP-HTVS-C3768FC48E4A,C[NH+](C)Cc1ccccc1C(=O)Nc1c(N(CC[NH3+])c2ccccc2)cnc2ccccc12,-3.35011967294826,True,True,True,True,,,success
ATP-HTVS-C384A8554A98,O=C(Cc1ccc(O)cc1)Nc1c[nH+]c2ccccc2c1NCc1ccc(NCCO)cc1,-4.48305828387813,True,True,True,True,,,success
ATP-HTVS-C39BEF6539AB,CN(C(=O)c1cc(CC(=O)Nc2ccccc2)nc2c(F)cccc12)c1ccccc1,-4.31685156247328,True,True,True,True,,,success
ATP-HTVS-C3A30B83BBDA,CN(c1c(NC(=O)c2ccc(C[NH+]3CCCC3)cc2)c[nH+]c2ccccc12)[C@@H](C#N)c1ccccc1,-4.22063932831933,True,True,True,True,,,success
ATP-HTVS-C3FA166C1ADD,O[C@H](C[NH2+]Cc1c(OCc2ccccc2)ccc2ccccc12)c1c(F)cccc1F,-5.58366280221691,True,True,True,True,,,success
ATP-HTVS-C3FD34132B6A,C[NH+](C)Cc1ccccc1C(=O)Nc1ncc(N(CC#N)c2ccc(Cl)cc2)c2ccccc12,-3.79369634306654,True,True,True,True,,,success
ATP-HTVS-C40016FC0CB2,CN(Cc1ccc(F)cc1)C(=O)c1sc2ccccc2c1NCc1ccc(NCCO)cc1,-3.33282165450451,True,True,True,True,,,success
ATP-HTVS-C4138656EE80,CN(C)Cc1cccc(CNc2nc3ccccc3nc2N[C@H](CCC#N)c2ccccc2)c1,-2.31996789636805,True,True,True,True,,,success
ATP-HTVS-C445C351F9C8,C[NH+](C)Cc1cc(NC(=O)c2cc(-c3ccccn3)nc3ccccc23)ccc1Cl,-5.13308090245661,True,True,True,True,,,success
ATP-HTVS-C4778BDFFC37,O=C(Nc1cnc2ccccc2c1C#CC[NH2+]Cc1ccccc1)c1ccccc1F,-4.68613605229959,True,True,True,True,,,success
ATP-HTVS-C4893C1BFF55,CC(=O)N(c1ccccc1)c1nc(C[NH2+]Cc2ccccc2C[NH+](C)C)cs1,-4.99523382378739,True,True,True,True,,,success
ATP-HTVS-C4C9929F3284,[NH3+][C@H](C#Cc1cc2ccccc2nc1NC(=O)C#Cc1ccccc1)Cc1cccc(F)c1,-4.84075174673338,True,True,True,True,,,success
ATP-HTVS-C4D43EEF7CE1,Cc1ccc(-n2ncc(N(C)C(=O)c3ccc(O)cc3)c(NCc3ccc(C[NH+](C)C)cc3)c2=O)cc1,-3.9511278073873,True,True,True,True,,,success
ATP-HTVS-C55276015D5E,C[C@@H]([NH2+]CC#Cc1c(NC(=O)c2ccc(Cl)c(C#N)c2)cnc2ccccc12)c1ccc(F)cc1,-4.88121159396972,True,True,True,True,,,success
ATP-HTVS-C563D945857F,CN(c1ccc(N)cc1)c1c(C(=O)NCc2cccc(C[NH+](C)C)c2)cnc2ccc(F)cc12,-4.87323135287313,True,True,True,True,,,success
ATP-HTVS-C59D75D09D12,CN(C)Cc1ccc(CNc2c(NCc3ccccc3)c(Cl)c(O)c3ccccc23)cc1,-1.57949634567105,True,True,True,True,,,success
ATP-HTVS-C5A7FD400424,CN(C)[C@H](C(=O)Nc1nc2ccccc2cc1N(CC#N)c1ccccc1)c1ccc(Cl)cc1,-3.9000690078777,True,True,True,True,,,success
ATP-HTVS-C615FEE5992B,C[NH+](C)CC[C@H]([NH2+]Cc1nc2ccccc2c(-c2ccccc2)c1Cl)c1cccnc1,-5.76824194553614,True,True,True,True,,,success
ATP-HTVS-C6A6F28FFA03,CC[NH+](CC)[C@@H](C(=O)Nc1nc2ccccc2cc1N(C)[C@H](C#N)c1ccccc1)c1ccccc1,-3.77514195999955,True,True,True,True,,,success
ATP-HTVS-C6C7CCEB60F2,CC(=O)c1cccc(C(=O)Nc2ncc(NCc3cccc(C[NH+](C)C)c3)c3ccccc23)c1,-3.27279384994009,True,True,True,True,,,success
ATP-HTVS-C725FB5B69C4,COc1ccccc1[C@@H](CNc1nc(Oc2ccccc2)c2ccccc2n1)[NH+](C)C,-4.02408206899178,True,True,True,True,,,success
ATP-HTVS-C74806D7CD52,C[NH+](C)Cc1ccccc1CNc1nc(NCCc2cccc(C#N)c2)c2ccccc2[nH+]1,-4.2029284089822,True,True,True,True,,,success
ATP-HTVS-C78E55448419,C[NH+](C)Cc1cccc(CNc2cc(C(=O)Nc3ccccc3)sc2Cl)c1,-4.6121830386589,True,True,True,True,,,success
ATP-HTVS-C7A4A85DE6AC,C[C@@H]([NH2+]CC#Cc1c(NC(=O)Cc2ccc(C#N)c(Cl)c2)cnc2ccccc12)c1ccc(F)cc1,-4.68875267131703,True,True,True,True,,,success
ATP-HTVS-C7C112B42D2F,N#CN(c1ccccc1)c1cnc(NC(=O)Cc2cccc(Cl)c2)c2ccccc12,-3.89780127969631,True,True,True,True,,,success
ATP-HTVS-C7E1AC016800,C[NH+](C)Cc1ccc(CNc2cc(C(=O)Nc3ccccc3N)sc2Cl)cc1,-5.17568981140632,True,True,True,True,,,success
ATP-HTVS-C7F6DF534483,C[NH+](C)Cc1cccc(CNc2cnc(NC(=O)c3ccc(F)cc3F)c(-n3cccc3)c2)c1,-4.61152888374666,True,True,True,True,,,success
ATP-HTVS-C81E0B2D019D,C[NH+](C)Cc1cccc(CNc2c(C(=O)Nc3ccccc3)c(=O)[nH]c3ccccc23)c1,-2.32050689496983,True,True,True,True,,,success
ATP-HTVS-C853ACB1A86B,CC[NH+](CC)Cc1cccc(CNC(=O)c2cnc3ccc(F)cc3c2N(CC[NH3+])c2ccccc2)c1,-3.98143174497173,True,True,True,True,,,success
ATP-HTVS-C88FA91C4E8E,CN(C(=O)c1[nH]c2ccccc2c1NCc1ccc(NCCO)cc1)[C@@H](C#N)c1ccccc1,-4.86911471981752,True,True,True,True,,,success
ATP-HTVS-C894FAAE5B10,CC[NH+](CC)[C@H](CNC(=O)c1cn(Cc2ccc(OC)cc2)c(=O)c2ccccc12)c1ccccc1,-3.89827983630935,True,True,True,True,,,success
ATP-HTVS-C8A46F369ED4,CC(=O)c1ccc(C(=O)Nc2nc3ccccc3cc2C#CCN[C@@H](C)c2cccc(F)c2)cc1,-4.24832739262732,True,True,True,True,,,success
ATP-HTVS-C8D8BA0AA9EF,N#CCN(c1ccccc1)c1c(NCc2ccccc2)c(Cl)c(O)c2ccccc12,-3.73644929906704,True,True,True,True,,,success
ATP-HTVS-C8F29258BF11,Cc1cccc(C(=O)Nc2c(NCc3cccc(C[NH+](C)C)c3)cnc3ccccc23)c1C,-4.49751414684722,True,True,True,True,,,success
ATP-HTVS-C9013CEACAA9,N#C[C@H](N[C@H](C#CC[NH2+]Cc1ccccc1)c1csc2ccccc12)c1ccccc1,-5.74968572661554,True,True,True,True,,,success
ATP-HTVS-C924AED67E53,Cc1ccc(-c2nn(-c3ccccc3)cc2C[NH2+]Cc2cc(C)ccc2O)cc1,-5.19276246888143,True,True,True,True,,,success
ATP-HTVS-C9308A7164FF,CCN(c1cc2ccccc2nc1NC(=O)c1ccccc1Cl)[C@@H](C#N)c1ccccc1,-3.32075076430814,True,True,True,True,,,success
ATP-HTVS-C930A8816DDB,Cc1[nH+]c2ccccc2c(NC[C@H](c2ccc(F)cc2)N(C)C)c1C(=O)Nc1ccccc1,-3.33047635479598,True,True,True,True,,,success
ATP-HTVS-C97E366A40B5,Cc1ccc([C@H](O)CNc2nc(N)c(-c3ccccc3)c3ccccc23)cc1,-4.4448835340533,True,True,True,True,,,success
ATP-HTVS-C9B00227BFE8,CN(c1ccccc1)c1ccc(CNC[C@@H](C[NH+](C)C)c2ccccc2)cn1,-2.90394642746198,True,True,True,True,,,success
ATP-HTVS-C9CB4EF32822,C#Cc1cccc(-c2csc(NCc3ccc(C[NH+](C)C)cc3)n2)c1,-5.15927092847907,True,True,True,True,,,success
ATP-HTVS-C9E144645171,CN(Cc1cc[nH+]cc1)c1nc2ccccc2nc1NCc1ccc(F)cc1C[NH+](C)C,-4.65773122074291,True,True,True,True,,,success
ATP-HTVS-CA08B0F5D119,C[C@H]([NH2+]Cc1cn(-c2ccccc2)nc1-c1ccncc1)c1ccc(F)cc1,-4.65171139688695,True,True,True,True,,,success
ATP-HTVS-CA5141603A6E,C[NH+](C)CCc1cccc(NC(=O)NCc2cn(-c3ccccc3)nc2-c2ccncc2)c1,-4.90388421149219,True,True,True,True,,,success
ATP-HTVS-CA6523C86104,CC(=O)N(c1ccc(Cl)cc1)c1nc(C[NH2+]Cc2cccc(C[NH+](C)C)c2)cs1,-5.36272096910221,True,True,True,True,,,success
ATP-HTVS-CA9A4676B579,C[C@@H](c1ccccc1Cl)N(C)C(=O)c1cc(NCc2ccc(C[NH+](C)C)cc2)cs1,-4.43323012373762,True,True,True,True,,,success
ATP-HTVS-CAF3F282F1EC,N#CCN(c1ccccc1)c1cc2ccccc2nc1NC(=O)c1cccc(C[NH+]2CCCC2)c1,-3.97421151737285,True,True,True,True,,,success
ATP-HTVS-CAF437F0E3C3,C[NH+](C)Cc1cccc(CNc2nc(NCc3ccc(Br)cc3N)c3ccccc3[nH+]2)c1,-3.23209657193131,True,True,True,True,,,success
ATP-HTVS-CB056AB5514A,C[NH+](C)Cc1ccccc1CNC(=O)c1cn(Cc2ccccc2)nc1-c1cccnc1,-3.7961501197549,True,True,True,True,,,success
ATP-HTVS-CB08F8B01966,CN(Cc1ccc(C[NH+](C)C)cc1)c1nc2ccccc2nc1N[C@H](C[S@](C)=O)c1ccccc1,-3.84717354528031,True,True,True,True,,,success
ATP-HTVS-CB100B4C9F83,CN(Cc1sc2ccccc2c1NCc1ccc(C[NH+](C)C)cc1)C(=O)C[C@@H](C#N)c1ccccc1,-3.90428610347139,True,True,True,True,,,success
ATP-HTVS-CB3D9B3FDDC1,C[C@@H](NC(=O)NC[C@@H]1c2ccccc2C(=O)N1Cc1ccccc1)c1ccc(C[NH+](C)C)cc1,-6.14683554395361,True,True,True,True,,,success
ATP-HTVS-CB3E61D945F3,CN(Cc1ccc(C[NH+](C)C)cc1)c1nc(NCc2cc(N)ccc2Cl)[nH+]c2ccccc12,-5.11977045755017,True,True,True,True,,,success
ATP-HTVS-CB568D2EE5B9,CN(C(=O)c1[nH]c2ccccc2c1NCc1cccc(C[NH+](C)C)c1)[C@@H](C#N)c1ccccc1,-4.44396008836852,True,True,True,True,,,success
ATP-HTVS-CBC473663EF6,CN(C)[C@H](C#N)c1ccccc1N1CC(=O)Nc2ccccc2[C@H]1c1ccccc1,-2.14068046674945,True,True,True,True,,,success
ATP-HTVS-CBCD19AD9C21,C[NH+](C)Cc1ccc(CNc2c[nH+]c3ccccc3c2NC(=O)[C@](C)(O)c2ccccc2)cc1,-4.67336178707906,True,True,True,True,,,success
ATP-HTVS-CC01DAB978DA,O=C1CN(Cc2cccc(F)c2F)[C@@H](c2ccccc2F)c2cc(Cl)ccc2N1,-0.748416709305098,True,True,True,True,,,success
ATP-HTVS-CC453EE4B1F8,C[NH+](C)Cc1ccc(CNc2cnc3ccccc3c2NC(=O)Cc2ccccc2)cc1,-3.79631961051079,True,True,True,True,,,success
ATP-HTVS-CC5603E93E79,Cc1ccc(N)cc1-c1ccnc(NC(=O)c2ccccc2C[NH+](C)C)c1C(=O)c1ccccc1,-3.24559475660891,True,True,True,True,,,success
ATP-HTVS-CC671C1EED81,C[NH+](C)Cc1cccc(CNc2cnc(NC(=O)c3cccc(F)c3C#N)c(-n3cccc3)c2)c1,-3.71821758572312,True,True,True,True,,,success
ATP-HTVS-CC7A8C42BA33,COc1cccc(C[NH2+]C[C@H]2c3ccccc3C(=O)N2Cc2ccccc2)c1C,-5.20679757905425,True,True,True,True,,,success
ATP-HTVS-CC7F9EDA8956,C[C@@H](C#N)N(c1ccccc1)c1c(NC(=O)Cc2ccc(F)cc2)cnc2ccccc12,-3.44713850604227,True,True,True,True,,,success
ATP-HTVS-CC86D79AEE13,CC(C)Nc1ccccc1NC(=O)Cn1nc(-c2ccccc2)c2ccccc2c1=O,-3.53810568119934,True,True,True,True,,,success
ATP-HTVS-CCF7E888A475,Cc1ccc(C)c(C[NH2+]C[C@H]2c3ccccc3C(=O)N2Cc2ccccc2)c1,-4.78282286595245,True,True,True,True,,,success
ATP-HTVS-CD22DC9E9474,CN(C)Cc1cc(F)ccc1C[NH2+]Cc1csc(-c2ccc(C(F)(F)F)cc2)n1,-4.0707600408721,True,True,True,True,,,success
ATP-HTVS-CD3E1774443F,CN(C)Cc1ccc(CNc2nc(NCc3ccc(Cl)cc3)[nH+]c3ccccc23)cc1,-1.21657362244702,True,True,True,True,,,success
ATP-HTVS-CD664E950D6F,C[NH+](C)Cc1ccc(CNCc2cn(Cc3ccccc3)nc2-c2ccccc2)s1,-2.96165827463395,True,True,True,True,,,success
ATP-HTVS-CD6AA4CFEADB,C[NH+](C)Cc1ccccc1C(=O)Nc1c(N(CC#N)Cc2cccc(Cl)c2)cnc2ccccc12,-3.6662971730648,True,True,True,True,,,success
ATP-HTVS-CD84540442E8,C[C@@H](C(=O)Nc1c(NCc2cccc(CN(C)C)c2)cnc2ccccc12)c1ccccc1Cl,-1.80982414018258,True,True,True,True,,,success
ATP-HTVS-CDA0FA66D084,CC(C)(C(=O)Nc1[nH+]cc(NCc2ccc(NCCO)cc2)c2ccccc12)c1ccccc1,-3.76343356077996,True,True,True,True,,,success
ATP-HTVS-CDB030173D15,Cc1ccccc1[C@@H]([C@H](C)NCc1cn(-c2ccccc2)nc1-c1ccc([N+](=O)[O-])cc1)[NH+](C)C,-3.41617352779804,True,True,True,True,,,success
ATP-HTVS-CDFFE8C73978,N#CCN(c1ccccc1)c1cc2ccccc2nc1NC(=O)Cc1ccc(O)cc1,-4.36252175128327,True,True,True,True,,,success
ATP-HTVS-CE0C62FD8EFC,CNc1ccc([C@H](C)N2CC(=O)Nc3ccccc3[C@H]2c2ccccc2)cc1,-2.39527106590892,True,True,True,True,,,success
ATP-HTVS-CE22382A0684,N#CCN(c1ccccc1)c1cnc(NC(=O)Cc2ccc([S-])cc2)c2ccccc12,-3.43201661646533,True,True,True,True,,,success
ATP-HTVS-CE83EECF0A09,O[C@@H](CNCc1nc2ccccc2n1Cc1ccccc1)c1ccc(Br)cc1,-5.2437526469637,True,True,True,True,,,success
ATP-HTVS-CE85F8224252,Cc1ccn2c([C@@H](CSc3ccccc3)[NH2+]Cc3ccc(CN(C)C)cc3)c(C)nc2c1,-3.11993802242903,True,True,True,True,,,success
ATP-HTVS-CEA6734F7F3C,C[NH+](C)Cc1cccc(Cn2c(-c3ccccc3)nc3cccc(F)c3c2=O)c1,-4.2522223659495,True,True,True,True,,,success
ATP-HTVS-CEB5A32F933D,CCNc1ccc(F)cc1NC(=O)CN1c2ccccc2CC(=O)c2ccccc21,-3.92654421518424,True,True,True,True,,,success
ATP-HTVS-CEC01CDE00B1,CN(C)Cc1ccccc1C(=O)Nc1ncc(C#Cc2ccccc2NN)nc1-c1ccccc1,-2.47877349878223,True,True,True,True,,,success
ATP-HTVS-CED8BA7CA394,C[NH+](C)Cc1cc(CNc2nccnc2OCc2ccccc2)ccc1O,-4.81695529199606,True,True,True,True,,,success
ATP-HTVS-CEDCE5F1BEB7,C[NH+](C)Cc1ccc(C[NH2+]Cc2ccc(-c3ccc(O)cc3)nc2)cc1,-6.66143670294278,True,True,True,True,,,success
ATP-HTVS-CEF12CE4FD32,Cc1cccc(C#CCN2CC(=O)Nc3ccc(Br)cc3[C@@H]2c2ccccc2)c1,-2.24834136114208,True,True,True,True,,,success
ATP-HTVS-CF29C556AE01,COc1ccc(CN2CC(=O)Nc3ccccc3[C@H]2c2ccccc2)cc1,-2.00586969933456,True,True,True,True,,,success
ATP-HTVS-CF9A421CD50D,C[C@H](Nc1nc(NCc2ccc(F)c(CN(C)C)c2)c2ccccc2[nH+]1)c1ccccc1F,-1.05740362215688,True,True,True,True,,,success
ATP-HTVS-CFB2EA2F52FD,CCN(CC)Cc1cccc(CNc2cc3ccccc3nc2NC(=O)Cc2ccc(F)c(C#N)c2)c1,-2.42071655020174,True,True,True,True,,,success
ATP-HTVS-D0257FD59117,CC[N@@H+](C)Cc1cccc(CNc2nc(NCc3cc(N)ccc3Cl)c3ccccc3[nH+]2)c1,-4.03161320793368,True,True,True,True,,,success
ATP-HTVS-D02CBBC5B48D,CC(C)Nc1ccccc1NC(=O)Cn1c(-c2ccccc2)cc(=O)c2cc(F)ccc21,-4.25313707773474,True,True,True,True,,,success
ATP-HTVS-D0CA976BC689,C[NH+](C)Cc1ccc(CCNc2nc(NCc3ccc(C#N)c(Cl)c3)[nH+]c3ccccc23)cc1,-5.23766327600711,True,True,True,True,,,success
ATP-HTVS-D0D9A6B890A3,CN(Cc1ccccc1)C(=O)c1cnccc1Nc1ccc(C[NH+](C)C)cc1,-4.47491828141522,True,True,True,True,,,success
ATP-HTVS-D102EB8CAB11,C[NH+](C)Cc1cc(F)ccc1CNC(=O)N[C@H](Cc1ccccc1)c1nc2ccccc2s1,-4.5956258992815,True,True,True,True,,,success
ATP-HTVS-D1462A8BE621,O=C(Nc1c(C#CC[NH2+]Cc2ccccc2)cnc2ccccc12)c1cc(F)cc(F)c1,-6.20349380011338,True,True,True,True,,,success
ATP-HTVS-D18D68753065,C[C@H]([NH2+]CC#Cc1cnc(NC(=O)[C@@H](O)c2cccc(Cl)c2)c2ccccc12)c1ccccc1F,-5.00335048544487,True,True,True,True,,,success
ATP-HTVS-D190FC844C9E,C[NH+](C)Cc1ccc(Nc2ccnc(C(=O)N(CCO)c3ccccc3)c2)cc1,-5.42546207840677,True,True,True,True,,,success
ATP-HTVS-D1A5509321EA,COc1cc(CNc2cc(-c3ccccc3)nc3ccccc23)cc(CN(C)C)c1O,-2.4792369401016,True,True,True,True,,,success
ATP-HTVS-D1F1286C5AB6,Cc1ccc(N(C)C(=O)c2sccc2NCc2cccc(C[NH+](C)C)c2)cc1Cl,-4.08209968594408,True,True,True,True,,,success
ATP-HTVS-D22CA90FC022,C[NH+](C)Cc1cccc(CNc2nc(NCCc3cccc(C#N)c3)[nH+]c3ccccc23)c1,-4.35679635618629,True,True,True,True,,,success
ATP-HTVS-D254F911DFD1,CN(C)Cc1cccc(Cn2c(=O)n(-c3ccccc3)c3ccccc32)c1,-2.35641003399288,True,True,True,True,,,success
ATP-HTVS-D2D0A1D4326E,C[NH+](C)Cc1ccccc1C(=O)Nc1nc2ccccc2cc1N[C@@H](C#N)c1ccccc1,-3.92845206483102,True,True,True,True,,,success
ATP-HTVS-D33A0E291F08,Cc1ccccc1-c1nn(-c2ccccc2)cc1C[NH2+]Cc1ccccc1NCCO,-5.02808595155106,True,True,True,True,,,success
ATP-HTVS-D35090C63096,N#Cc1ccccc1CC(=O)Nc1cnc2ccccc2c1C#CCNCc1ccccc1,-4.31843743575544,True,True,True,True,,,success
ATP-HTVS-D35FD22B1728,COC(=O)c1ccc(C(=O)Nc2nc3ccccc3cc2NCc2ccc(C[NH+](C)C)cc2)cc1,-3.43240787781769,True,True,True,True,,,success
ATP-HTVS-D3717771288C,CC(=O)[C@H](Nc1cnc(NC(=O)c2ccc(C[NH+](C)C)cc2)c2ccccc12)c1ccccc1,-4.2970203136861,True,True,True,True,,,success
ATP-HTVS-D38DE888E88F,C[NH+](C)Cc1ccc(NC(=O)c2cnc3ccc(F)cc3c2N(CC#N)c2ccccc2)cc1,-4.92632171049192,True,True,True,True,,,success
ATP-HTVS-D3913B8FBCFA,CN(C(=O)C(C)(C)c1ccccc1)c1ccncc1NCc1cccc(C[NH+](C)C)c1,-4.33952237599034,True,True,True,True,,,success
ATP-HTVS-D3B4C31C9E9F,Cc1ccc(CN2CC(=O)Nc3ccccc3[C@H]2c2ccccc2)cc1F,-1.64897298703425,True,True,True,True,,,success
ATP-HTVS-D3B596BB619E,Cc1ccc(CCC(=O)N(C)Cc2sc3ccccc3c2NCc2ccc(CN(C)C)cc2)cc1,-1.62863861474141,True,True,True,True,,,success
ATP-HTVS-D3D42427DD6F,CN(C(=O)[C@](C)(O)c1ccccc1)c1ccncc1NCc1cccc(C[NH+](C)C)c1,-4.50769007972124,True,True,True,True,,,success
ATP-HTVS-D41B937429B7,C[C@H](c1ccccc1)N(C)c1c(NC(=O)c2ccccc2CN(C)C)c[nH+]c2ccccc12,-1.9721019793734,True,True,True,True,,,success
ATP-HTVS-D45BC7EA8057,C#Cc1ccc(C(=O)Nc2nc3ccccc3cc2NCc2cccc(C[NH+](C)C)c2)cc1,-4.16539956201146,True,True,True,True,,,success
ATP-HTVS-D4881A2AC8A2,CC[N@H+](C)Cc1cccc(CNc2nc(NCc3cccc(N)c3F)[nH+]c3ccccc23)c1,-4.52900937993916,True,True,True,True,,,success
ATP-HTVS-D49B0A10993C,C[NH+](C)Cc1ccc(C[NH2+]Cc2cn(CCC#N)nc2-c2ccc(Cl)cc2)cc1,-5.82548848966351,True,True,True,True,,,success
ATP-HTVS-D4AE6553B313,C[NH+](C)Cc1cccc(CNc2cncc(C(=O)N(CC#N)Cc3ccc(F)cc3)c2)c1,-4.39906438237233,True,True,True,True,,,success
ATP-HTVS-D4B05735BAC4,Cc1ccccc1[C@@H](C[NH+](C)C)NCc1nc2ccccc2c2ccccc12,-4.73948519107454,True,True,True,True,,,success
ATP-HTVS-D4C1A78D47F2,Cc1ccc([C@](C)(CO)C[NH2+]Cc2cn(-c3ccccc3)nc2-c2cccnc2)cc1,-5.42769533688179,True,True,True,True,,,success
ATP-HTVS-D4F4D34A0DC7,Cc1ccc([C@H](CNc2cc(COc3ccccc3)[nH+]c3ccc(O)cc23)[NH+](C)C)cc1,-5.21896454262999,True,True,True,True,,,success
ATP-HTVS-D51006C467E8,Oc1ccc([C@@H](O)CNc2nc(-c3ccccc3)cc(-c3ccccc3)n2)cc1,-4.76852189732815,True,True,True,True,,,success
ATP-HTVS-D52094086515,C[NH+](C)Cc1ccccc1Nc1c(C(=O)N(CCO)c2ccccc2)c(=O)[nH]c2ccccc12,-1.49805717730069,True,True,True,True,,,success
ATP-HTVS-D53BE49171F7,Cc1ccc(-c2nn(Cc3ccccc3)cc2C[NH2+]Cc2ccc(CCO)cc2)cc1,-5.64347715414461,True,True,True,True,,,success
ATP-HTVS-D57D92118EC0,CN(c1ccccc1[NH3+])c1c(NCc2ccccc2)c(Cl)c(O)c2ccccc12,-3.20181709833612,True,True,True,True,,,success
ATP-HTVS-D57FDE5925BA,CNc1ccccc1C[NH2+]Cc1ccc(COc2ccccc2OC)o1,-5.21548994923698,True,True,True,True,,,success
ATP-HTVS-D5881C68A9EC,Cc1ccc(C)c(C(=O)Nc2c[nH+]c3ccccc3c2NCc2ccc(NCCO)cc2)c1,-4.53106856940061,True,True,True,True,,,success
ATP-HTVS-D5ACD41550DD,Cc1cc(NC(=O)Cc2ccc(F)cc2)c(NCc2cccc(C[NH+](C)C)c2)c[nH+]1,-4.11681389386405,True,True,True,True,,,success
ATP-HTVS-D5ACDDA463EA,CC[NH+](CC)Cc1cccc(NC(=O)c2cnc3ccc(F)cc3c2N(C)[C@@H](C#N)c2ccccc2)c1,-4.05447384765626,True,True,True,True,,,success
ATP-HTVS-D6043925B579,O[C@H](C[NH2+]Cc1cn(Cc2ccccc2)nc1-c1ccccc1)c1ccc(F)cc1F,-6.72217226588382,True,True,True,True,,,success
ATP-HTVS-D60AE40A828F,CCN(CC)Cc1cccc(CNc2cnc(NC(=O)c3cccc(F)c3C#N)c3ccccc23)c1,-3.23776842830741,True,True,True,True,,,success
ATP-HTVS-D63540CFF382,C[C@H](C(=O)Nc1cnc2ccccc2c1N(CC#N)c1ccccc1)c1ccc(Cl)cc1,-3.65322939348428,True,True,True,True,,,success
ATP-HTVS-D650FAE25B13,CN(Cc1ccccc1)c1cc(NCc2ccc(C[NH+](C)C)cc2)[nH+]c(N)n1,-4.25804006821489,True,True,True,True,,,success
ATP-HTVS-D65E1879A1C4,C[NH+](C)Cc1ccc(Nc2ccsc2C(=O)N(CC[NH3+])c2ccccc2)cc1,-6.09719447125168,True,True,True,True,,,success
ATP-HTVS-D67E347CF5B0,O=C(c1cc(NCc2ccccc2)nc2ccccc12)N(CCO)Cc1ccccc1,-3.40291076255363,True,True,True,True,,,success
ATP-HTVS-D68829BAAF56,Cc1ccc(N)cc1CNc1nc(NCCc2ccc(C[NH+](C)C)cc2)c2ccccc2[nH+]1,-3.8828199346424,True,True,True,True,,,success
ATP-HTVS-D6CA2B69D609,C#Cc1ccc(CN2CC(=O)Nc3ccc(Cl)cc3[C@@H]2c2ccccc2F)cc1,-1.18273573419558,True,True,True,True,,,success
ATP-HTVS-D7583D638CF7,C[NH2+]Cc1ccc(CNC(=O)c2[nH]c3ccccc3c2C#CCOc2ccc(F)cc2)cc1,-6.28779750813501,True,True,True,True,,,success
ATP-HTVS-D76C38158727,CC(=O)Nc1ccc(CN2CC(=O)Nc3ccc(Br)cc3[C@@H]2c2ccccc2)cc1,-2.60692667317235,True,True,True,True,,,success
ATP-HTVS-D773B3DD8BD5,C[NH+](C)[C@H](CNc1c(NC(=O)c2ccccc2)c[nH+]c2ccccc12)c1ccc(Cl)cc1,-5.08229830193062,True,True,True,True,,,success
ATP-HTVS-D78134F4C173,CC[C@@H](NC(=O)c1cc(NCc2cccc(C[NH+](C)C)c2)cs1)c1ccccc1,-4.407585640984,True,True,True,True,,,success
ATP-HTVS-D7F859CCB519,COc1ccccc1Cn1cc(C(=O)Nc2ccc(C[NH+](C)C)c(Cl)c2)c2ccccc2c1=O,-4.87012516392093,True,True,True,True,,,success
ATP-HTVS-D7FBECEDF81C,O=C(Nc1c(Nc2ccc(NCCO)cc2)cnc2ccccc12)[C@@H](Br)c1ccccc1,-3.55469757761565,True,True,True,True,,,success
ATP-HTVS-D806BF0778F9,OCc1cc(C[NH2+]Cc2cn(-c3ccccc3)nc2-c2ccc(F)cc2)ccc1F,-5.62999992545103,True,True,True,True,,,success
ATP-HTVS-D820D8B9E61C,Cc1cccc(-c2nn(Cc3ccccc3)cc2CNc2ccc(Cl)c(CN(C)CCO)c2)c1,-2.23831012040962,True,True,True,True,,,success
ATP-HTVS-D831575BA0F0,CC[NH+](CC)Cc1cccc(CNc2cnc(NC(=O)c3ccc(O)cc3)c3ccccc23)c1,-4.29069442724693,True,True,True,True,,,success
ATP-HTVS-D839BC34DAE7,[NH3+]Cc1ccc(CNC(=O)c2cn(Cc3ccccc3)c(=O)c3ccccc23)cc1F,-4.84626190652642,True,True,True,True,,,success
ATP-HTVS-D86CED65A6E1,CN(C(=O)c1sc(Cl)cc1NCc1ccc(C[NH+](C)C)cc1)c1cccc(N)c1,-3.78551089234466,True,True,True,True,,,success
ATP-HTVS-D8D752145B88,CC[NH+](CC)Cc1ccc(CNc2cnc(NC(=O)c3ccc(O)cc3)c3ccccc23)cc1,-4.44081208819953,True,True,True,True,,,success
ATP-HTVS-D8E733A39BE5,COC[C@H](Nc1nc2ccccc2nc1NCc1cccc(C[NH+](C)C)c1)c1ccccc1,-4.5721480278722,True,True,True,True,,,success
ATP-HTVS-D9159AF95984,C[NH+](C)Cc1ccc(CNc2c(NC(=O)c3cccc(F)c3C#N)c[nH+]c3ccccc23)cc1,-5.01054631170562,True,True,True,True,,,success
ATP-HTVS-D925B2862DC5,N#CCN(c1ccccc1)c1c(C(=O)NCc2ccc3c(c2)CCN3)cnc2ccc(F)cc12,-4.69242408376268,True,True,True,True,,,success
ATP-HTVS-D928A6F83D7E,C[NH+](C)Cc1ccc(CNc2cc(C(=O)N[C@@H](C#N)c3ccc(F)cc3)sc2Cl)cc1,-3.60796794272557,True,True,True,True,,,success
ATP-HTVS-D93071962BA3,O=C1CN(Cc2c(Cl)cccc2Br)[C@H](c2ccccc2)c2ccccc2N1,-1.03589809512659,True,True,True,True,,,success
ATP-HTVS-D9724DB0D106,OC[C@H](Cc1ccc(I)cc1)Nc1nc(-c2ccccc2)c2ccccc2n1,-2.96625419656371,True,True,True,True,,,success
ATP-HTVS-DAC48F0443BB,Cc1ccc(CC(=O)Nc2nc3ccccc3cc2N(c2ccccc2)[C@H](C)C#N)cc1,-3.36244492137731,True,True,True,True,,,success
ATP-HTVS-DADEC6686275,C[NH+](C)Cc1ccccc1C(=O)Nc1nc2ccccc2cc1-c1ccnc(Cl)c1Cl,-3.79004662301231,True,True,True,True,,,success
ATP-HTVS-DB2D048ED873,CC[N@@H+](C)Cc1cccc(CNc2nc(NCc3ccc(N)cc3Cl)[nH+]c3ccccc23)c1,-4.67156677562386,True,True,True,True,,,success
ATP-HTVS-DB45F9B4D40D,C[NH+](C)Cc1ccccc1NC(C)(C)CC(=O)n1c(-c2ccccc2)cc(=O)c2ccccc21,-3.79592199451117,True,True,True,True,,,success
ATP-HTVS-DB6DF45B456E,COc1ccccc1OCc1ccc(C[NH2+]Cc2cccc(C[NH+](C)C)c2)o1,-5.12756462447033,True,True,True,True,,,success
ATP-HTVS-DB94924E5291,C[NH+](C)Cc1ccccc1C(=O)Nc1ccc([C@H](C#N)c2ccccc2)c(-c2cccc(N)c2F)c1,-4.17672555543197,True,True,True,True,,,success
ATP-HTVS-DB99DC1A003A,C[NH+](C)CCc1cccc(NC(=O)c2cc(-c3ccccn3)nc3ccccc23)c1,-4.78607981738936,True,True,True,True,,,success
ATP-HTVS-DBA84DBB4449,C[NH+](C)Cc1cccc(Nc2nc3ccccc3nc2-c2ccccc2)c1,-4.34363774423427,True,True,True,True,,,success
ATP-HTVS-DBCC5241A393,CC[NH+](CC)[C@H](CNC(=O)c1cn(Cc2ccccc2OC)c(=O)c2ccccc12)c1ccccc1,-4.3403287678026,True,True,True,True,,,success
ATP-HTVS-DC065C207C84,CN(C)[C@H](CNC(=O)c1cc(COc2ccc(Cl)cc2)nc2ccccc12)c1ccc(O)cc1,-3.75492037208767,True,True,True,True,,,success
ATP-HTVS-DC18FC237305,CN(C)[C@@H](C[NH2+]Cc1cn(-c2ccccc2)nc1-c1ccc([N+](=O)[O-])cc1)c1cccc(F)c1,-4.56770157901695,True,True,True,True,,,success
ATP-HTVS-DC20B32D34B9,C[NH+](C)Cc1cccc(CNc2c(C(=O)Nc3ccc([N+](=O)[O-])cc3)sc3cc(F)ccc23)c1,-3.95074018980102,True,True,True,True,,,success
ATP-HTVS-DC6B7BCD18A9,COc1cc(CC[NH2+][C@H](C)c2cccc(C[NH+](C)C)c2)c(OC)c2ccccc12,-5.36206198882795,True,True,True,True,,,success
ATP-HTVS-DC74BD16E68F,C[NH+](C)Cc1ccc(CNc2ccc(NC(=O)C(F)(F)c3ccccc3)nc2F)cc1,-4.9195203402618,True,True,True,True,,,success
ATP-HTVS-DCC6353C2378,COc1cc2ccccc2c(C[NH2+]Cc2cc(F)ccc2N2CC[NH+](C)CC2)c1OC,-4.64956227007196,True,True,True,True,,,success
ATP-HTVS-DCF81E89AD2E,O=C(NCc1ccc(CO)cc1)c1oc2ccccc2c1CSc1ccccc1Cl,-3.74027643486455,True,True,True,True,,,success
ATP-HTVS-DD1946FA5AC5,CN(C(=O)C(C)(C)c1ccccc1)c1ncccc1NCc1ccc(C[NH+](C)C)cc1,-2.95789127203458,True,True,True,True,,,success
ATP-HTVS-DD420CB019C5,c1ccc(Cn2c(C[NH2+]Cc3cccc4c3NCCC4)nc3ccccc32)cc1,-5.35440637487841,True,True,True,True,,,success
ATP-HTVS-DD59A7F9A26E,CN(C)c1ccc(CN2CC(=O)Nc3ccc(Br)cc3[C@H]2c2ccccc2)cc1,-1.73410397426099,True,True,True,True,,,success
ATP-HTVS-DD7A369608E2,O=C([O-])CCc1ccccc1C[NH2+]Cc1cn(Cc2ccccc2)nc1-c1ccccc1,-5.05648671631932,True,True,True,True,,,success
ATP-HTVS-DDBB6FEB6103,C[C@H](O)Cc1ccc(C[NH2+]Cc2oc3ccc(F)cc3c2-c2ccccc2)cc1,-6.29318849134732,True,True,True,True,,,success
ATP-HTVS-DDC2C96F44C1,CN(c1c(NC(=O)c2ccccc2Cl)c[nH+]c2ccccc12)[C@@H](C#N)c1ccccc1,-4.0020476853332,True,True,True,True,,,success
ATP-HTVS-DDCEA98BB6BE,CCN(CC)Cc1cccc(CNc2cnc3ccccc3c2NC(=O)Cc2ccc(F)c(C#N)c2)c1,-2.19391511950083,True,True,True,True,,,success
ATP-HTVS-DDD75C103081,CN(c1ccccc1)c1ccc(C[NH2+]C[C@@H](C[NH+](C)C)c2ccc(Cl)cc2)cn1,-4.35008608882417,True,True,True,True,,,success
ATP-HTVS-DDECBBA12C43,CC[NH+](CC)Cc1ccccc1C[NH2+]Cc1c(-c2ccccc2)nn2ccccc12,-3.84825256124743,True,True,True,True,,,success
ATP-HTVS-DE3670B8C5ED,Cc1ccc([C@H]([NH2+]Cc2ccc(OCc3ccccc3)c(OCc3ccccc3)c2)C(=O)[O-])cc1,-3.1188645256653,True,True,True,True,,,success
ATP-HTVS-DED96A59EB26,CC[NH+](CC)Cc1cccc(CNc2cnc3ccccc3c2NC(=O)Cc2ccccc2OC)c1,-3.8615472601887,True,True,True,True,,,success
ATP-HTVS-DF13A29C86DC,C[NH+](C)Cc1ccc(CNc2cc3ccccc3nc2NC(=O)c2cccc(F)c2C#N)cc1,-4.75652940885682,True,True,True,True,,,success
ATP-HTVS-DF25A3EF4846,C[NH+](C)Cc1ccc(Nc2ncccc2OCc2ccc(Br)cc2)cc1,-4.65282161841121,True,True,True,True,,,success
ATP-HTVS-DF2EF65723F2,CN(Cc1sc2ccccc2c1NCc1ccc(C[NH+](C)C)cc1)C(=O)Cn1cccc1,-4.00197921522981,True,True,True,True,,,success
ATP-HTVS-DF60AB231AB0,C[NH2+]Cc1ccc(CNc2cnc(NC(=O)Cc3cccc(F)c3)c3ccccc23)cc1,-5.02117396049861,True,True,True,True,,,success
ATP-HTVS-DF8AF7E8BFB3,C[C@H](C[NH2+]C[C@@H]1c2ccccc2C(=O)N1Cc1ccccc1)c1ccccc1,-5.97841732994679,True,True,True,True,,,success
ATP-HTVS-DF95DE08029D,O=C1CN(Cc2ccc(F)c(F)c2)[C@H](c2ccccc2F)c2cc(Cl)ccc2N1,-1.58336500416447,True,True,True,True,,,success
ATP-HTVS-DF96FF74234A,CC(=O)N(c1ccc(Cl)cc1)c1nc(C[NH2+]Cc2ccc(C[NH+](C)C)cc2)cs1,-5.71357845935537,True,True,True,True,,,success
ATP-HTVS-DFB30BBC8B3D,Cc1ccc(-c2nn(Cc3ccccc3)cc2C[NH2+]C[C@@H](c2cccnc2)N2CCCC2)cc1,-4.03350461774628,True,True,True,True,,,success
ATP-HTVS-DFD60D9DE448,[NH3+]Cc1ccccc1CNC(=O)c1oc2ccccc2c1CSc1ccccc1F,-4.57804859655042,True,True,True,True,,,success
ATP-HTVS-DFE69C12D963,CN(C(=O)c1sc2ccccc2c1NCc1cccc(C[NH+](C)C)c1)c1ccccc1C#N,-3.79268187707389,True,True,True,True,,,success
ATP-HTVS-E0074D38582E,O=C([O-])CCc1cccc(C[NH2+]Cc2cn(Cc3ccccc3)nc2-c2ccccc2)c1,-4.28399404678728,True,True,True,True,,,success
ATP-HTVS-E00D3A602E3C,CC(C)Nc1cccc(CNc2nc(NCCc3ccc(N)cc3)c3ccccc3[nH+]2)c1,-3.76791451201623,True,True,True,True,,,success
ATP-HTVS-E027274C2018,Cc1ccc([C@@H](O)CNc2cc(-c3cccnc3)[nH+]c3ccc(F)cc23)cc1,-4.22789681101212,True,True,True,True,,,success
ATP-HTVS-E0444895C82B,Cc1cc(CNc2nc3ccccc3nc2NCc2cccc(C[NH+](C)C)c2)ccc1N,-4.46030894923791,True,True,True,True,,,success
ATP-HTVS-E05E864FAEC7,COc1cccc(OC)c1C[NH2+]C[C@H]1c2ccccc2C(=O)N1Cc1ccccc1,-4.04070251326538,True,True,True,True,,,success
ATP-HTVS-E0849D225AC7,Cc1ccc(NC(=O)COc2ccc3ccccc3c2C(=O)N(C)c2ccccc2)cc1,-4.39783568323463,True,True,True,True,,,success
ATP-HTVS-E08CF4D489F1,[NH3+]CCNc1ccc(Nc2[nH+]c(-c3ccc(Cl)cc3)cn2/N=C/c2ccccc2)cc1,-5.31324249686981,True,True,True,True,,,success
ATP-HTVS-E08F75BAC913,COC(=O)c1cc(F)cc(C(=O)Nc2c(NCc3ccc(C[NH+](C)C)cc3)cnc3ccccc23)c1,-3.00245958119247,True,True,True,True,,,success
ATP-HTVS-E0D09F3A28CB,C[NH+]1CCN(c2ccccc2CNc2cccc([C@@H](C#N)c3ccccc3)n2)CC1,-4.91671011948012,True,True,True,True,,,success
ATP-HTVS-E0E8748999A4,C[NH+](C)Cc1ccc(CNc2cnc3ccccc3c2NC(=O)Cc2cccc(Cl)n2)cc1,-4.79768009667288,True,True,True,True,,,success
ATP-HTVS-E124973F868C,CN(Cc1sc2ccccc2c1NCc1ccc(C[NH+](C)C)cc1)C(=O)c1cccc(F)c1C#N,-5.38528221036345,True,True,True,True,,,success
ATP-HTVS-E14A9B461B4E,Cc1c(F)cccc1-c1cc(CC[NH2+]Cc2ccccc2)n(C(=O)[C@@](C)(N)c2ccccc2)n1,-6.20297626676873,True,True,True,True,,,success
ATP-HTVS-E1C245C409AF,C#Cc1cccc(C(=O)N(C)Cc2sc3ccccc3c2NCc2ccc(NCCO)cc2)c1,-3.15659262772222,True,True,True,True,,,success
ATP-HTVS-E1C6EE43BDB1,CNc1ccc(CNc2nc3ccccc3nc2N(C)Cc2ccc(C[NH+](C)C)cc2)cc1,-4.2350556188793,True,True,True,True,,,success
ATP-HTVS-E1CE322086D6,C[C@H](C#N)N(c1ccccc1)c1c(NC(=O)c2cccc([S-])c2)c[nH+]c2ccccc12,-2.99405186690572,True,True,True,True,,,success
ATP-HTVS-E1EEBF193F90,C[NH+](C)Cc1cccc(CNc2nc(NCc3c(F)cccc3Br)c3ccccc3[nH+]2)c1,-3.90988889867968,True,True,True,True,,,success
ATP-HTVS-E2020C00AE4E,Cc1ccccc1CC(=O)Nc1cnc2ccccc2c1N(CC#N)c1ccccc1,-3.76574555444761,True,True,True,True,,,success
ATP-HTVS-E20398B5FF99,C[C@@](N)(C(=O)n1nc(-c2ccccn2)cc1CC[NH2+]Cc1ccccc1)c1ccccc1,-3.85077388713946,True,True,True,True,,,success
ATP-HTVS-E22DE85EEE62,OCCNc1ccc(CNc2[nH+]c(CO)ccc2OCc2ccccc2)cc1,-4.66828346953391,True,True,True,True,,,success
ATP-HTVS-E2321FC28CB2,C[NH+](C)Cc1ccc(CNc2nc3ccccc3nc2-c2ccccc2)cc1,-4.0080424672651,True,True,True,True,,,success
ATP-HTVS-E2660D394356,CC(C)[NH2+]c1ccc(CNc2nc(NC[C@@H](CO)c3cccc(F)c3)c3ccccc3[nH+]2)cc1,-4.45302527368801,True,True,True,True,,,success
ATP-HTVS-E27332E37A66,CN(C)[C@H](C(=O)Nc1nc2ccccc2cc1N(C)[C@H](C#N)c1ccccc1)c1ccc(Cl)cc1,-4.06971303384061,True,True,True,True,,,success
ATP-HTVS-E298C966C019,Cc1cc(N)ccc1CNc1nc(NCc2ccc(C[NH+](C)C)cc2)[nH+]c2ccccc12,-4.6360237373466,True,True,True,True,,,success
ATP-HTVS-E2A28C61F774,C[NH+](C)Cc1ccccc1C(=O)Nc1nc2ccccc2cc1N/C(=C\C#N)c1ccc(Cl)cc1,-3.74761987849398,True,True,True,True,,,success
ATP-HTVS-E2AE692EC3A5,CN(c1cc2ccccc2nc1NC(=O)c1ccc(C[NH+](C)C)cc1)[C@H](C#N)c1ccccc1,-4.18650402862766,True,True,True,True,,,success
ATP-HTVS-E2D3668E21DF,Cc1cc(N)cc(CNc2nc(NCCc3ccc(C[NH+](C)C)cc3)c3ccccc3[nH+]2)c1,-3.58715888640679,True,True,True,True,,,success
ATP-HTVS-E317819F970C,C[NH+](C)Cc1cccc(CNc2nc(NCc3cc(F)cc(F)c3)c3ccccc3n2)c1,-2.380741576248,True,True,True,True,,,success
ATP-HTVS-E340B301DB22,C[NH+](C)Cc1ccc(CNc2cc(Cl)sc2C(=O)N[C@@H](C#N)c2ccc(F)cc2)cc1,-4.88086551481484,True,True,True,True,,,success
ATP-HTVS-E35DF7DBF452,O=C(NCc1ccccc1NCCO)Nc1[nH+]c2ccccc2n1CCCc1ccccc1,-4.3975102751983,True,True,True,True,,,success
ATP-HTVS-E366C71D7075,CC[NH+](CC)[C@H](C(=O)Nc1c(N(C)[C@@H](C#N)c2ccccc2)cnc2ccccc12)c1ccccc1,-4.42124865920338,True,True,True,True,,,success
ATP-HTVS-E381363CD12F,C[C@@H](C#N)N(c1ccccc1)c1c(C(=O)N(CC[NH+](C)C)c2ccccc2)cnc2ccc(F)cc12,-4.60702306309411,True,True,True,True,,,success
ATP-HTVS-E38D6BC47DFC,C#Cc1ccc(C[C@@H](Nc2cnc3ccccc3c2NC(=O)Cc2ccccc2)C(=O)[O-])cc1,-3.9129454134309,True,True,True,True,,,success
ATP-HTVS-E3DAAD165412,Cc1ccc([C@@H](CNC(=O)c2cn(CCc3ccccc3)c3ccccc3c2=O)[NH+](C)C)cc1,-3.81299423918562,True,True,True,True,,,success
ATP-HTVS-E3E3C457ADC4,[NH3+][C@H](Cc1ccc(O)cc1)c1nc2ccccc2n1/C=C/c1ccccn1,-6.02590230095753,True,True,True,True,,,success
ATP-HTVS-E4024F0AB59A,COc1cc(CC[NH2+][C@H](C)c2ccc(CN(C)C)cc2)c(OC)c2ccccc12,-3.24827750228818,True,True,True,True,,,success
ATP-HTVS-E41D62FB159D,CC[N@H+](C)Cc1cccc(CNc2nc(NCc3ccc(CCO)cc3)c3ccccc3[nH+]2)c1,-3.68823270883204,True,True,True,True,,,success
ATP-HTVS-E4A79D64766C,C[NH+](C)Cc1cc(CNc2nc(NCc3cccc(CO)c3)c3ccccc3[nH+]2)ccc1F,-4.46919804041955,True,True,True,True,,,success
ATP-HTVS-E4F433E7DDB9,C[NH+](C)Cc1cc(F)ccc1C[NH2+]Cc1c(-c2ccccc2)nc2ncccn12,-4.90464186367557,True,True,True,True,,,success
ATP-HTVS-E4F9B23534EC,CN(C)Cc1ccc(C(=O)Nc2ccc([C@H](C#N)c3ccccc3)c(-c3cccc(F)c3O)c2)cc1,-3.51572361824398,True,True,True,True,,,success
ATP-HTVS-E50B3258D66C,CN(C)Cc1ccc(CCNc2nc(NCc3ccc4c(c3)OCO4)c3ccccc3[nH+]2)cc1,-2.4636696100415,True,True,True,True,,,success
ATP-HTVS-E5267662EBE5,COc1ccccc1C(=O)Nc1c(NCc2ccc(C[NH+](C)C)cc2)cnc2ccccc12,-3.62888426083183,True,True,True,True,,,success
ATP-HTVS-E53927646B4E,CC(=O)Nc1ccccc1C[NH2+]C[C@H]1c2ccccc2C(=O)N1Cc1ccccc1,-4.30726377424627,True,True,True,True,,,success
ATP-HTVS-E53B79A527AF,Cc1ccccc1CCC(=O)Nc1cnc2ccccc2c1N(C#N)c1ccccc1,-3.45286661265263,True,True,True,True,,,success
ATP-HTVS-E5655BB07D18,CN(C)Cc1ccccc1C(=O)Nc1c[nH+]c2ccccc2c1N(C)Cc1ccc(F)cc1,-2.40295274839722,True,True,True,True,,,success
ATP-HTVS-E5C360ABD75A,CC[NH+](CC)Cc1cccc(NC(=O)c2cn(Cc3ccccc3)c(=O)c3ccccc23)c1,-3.52526447251425,True,True,True,True,,,success
ATP-HTVS-E60052B60ACE,C[NH2+]Cc1ccc(N2CC(=O)Nc3ccccc3[C@H]2c2ccccc2)cc1,-3.64853374409515,True,True,True,True,,,success
ATP-HTVS-E624AA265EBA,C[NH2+]CC[C@@H](N[C@@H](C)c1cc2cccc(Cl)c2c(=O)n1-c1ccccc1)c1ccccc1,-4.86913996148569,True,True,True,True,,,success
ATP-HTVS-E6B57BB86B33,C#Cc1ccc(NC(=O)Cc2cc(NCc3ccc(C[NH+](C)C)cc3)cs2)cc1,-3.67945981059551,True,True,True,True,,,success
ATP-HTVS-E6C07A7730FF,CC[NH+](CC)Cc1ccc(CNc2c(NC(=O)c3ccc(C(=O)OC)cc3)c[nH+]c3ccccc23)cc1,-4.87965236205765,True,True,True,True,,,success
ATP-HTVS-E6E3A92D5598,C[NH+](C)Cc1cccc(CNc2csc(CC(=O)Nc3ccccc3F)c2)c1,-4.49457141831627,True,True,True,True,,,success
ATP-HTVS-E6F8A3974F14,CC(C)Nc1cccc(CNC(=O)N[C@@H](Cc2ccccc2)c2nc3ccccc3o2)c1,-4.53541760878247,True,True,True,True,,,success
ATP-HTVS-E71202E475AE,Cc1cc(OCc2ccccc2)ncc1NC(=O)Nc1ccccc1C[NH+](C)C,-6.19841322737428,True,True,True,True,,,success
ATP-HTVS-E78B37070E90,CCc1ccccc1C[NH2+]CCc1nc2ccccc2n1-c1ccccc1,-4.06093430256796,True,True,True,True,,,success
ATP-HTVS-E79C34F2E4E5,CCN(CC)[C@H](CNC(=O)c1cc(=O)c2ccccc2n1Cc1cccc(OC)c1)c1ccc(C)cc1,-1.57894444888753,True,True,True,True,,,success
ATP-HTVS-E7B44E0E6F2B,C[NH2+]Cc1ccccc1CNc1nc(NCc2ccccc2)c2ccccc2[nH+]1,-5.76445509076332,True,True,True,True,,,success
ATP-HTVS-E7CE93BF7585,COc1cccc(CN2CC(=O)Nc3ccccc3[C@@H]2c2ccccc2)c1,-1.64839354279438,True,True,True,True,,,success
ATP-HTVS-E7DA22DA6C24,CC(C)Nc1ccc(CNc2nc(N(C)Cc3ccccc3S(N)(=O)=O)c3ccccc3[nH+]2)cc1,-4.08974936083922,True,True,True,True,,,success
ATP-HTVS-E80053830AA7,C[NH+](C)Cc1cccc(CO/N=C(/N)c2cn(Cc3ccccc3)nn2)c1,-5.71676491929545,True,True,True,True,,,success
ATP-HTVS-E80A62EE0257,CN(C)Cc1ccc(CC[NH2+]Cc2cn(-c3ccccc3)nc2-c2ccccc2)cc1,-3.61534941826967,True,True,True,True,,,success
ATP-HTVS-E82D7E524403,C[NH+](C)Cc1cccc(CNc2nc(NCc3ccc(N)cc3Cl)[nH+]c3ccccc23)c1,-5.12016903990044,True,True,True,True,,,success
ATP-HTVS-E85A4EEDAC38,C[NH+](C)Cc1cccc(CNc2cnc3ccccc3c2NC(=O)c2cc(F)cc(Cl)c2)c1,-4.5976362464148,True,True,True,True,,,success
ATP-HTVS-E85D4903F0A1,C[NH+](C)C[C@H](CNCc1csc(COc2ccc(Cl)cc2)n1)c1ccc(Cl)cc1,-1.88450407350739,True,True,True,True,,,success
ATP-HTVS-E888CD26917F,CCOc1ccc(CN2CC(=O)Nc3ccc(Br)cc3[C@H]2c2ccccc2)cc1,-0.962964554494509,True,True,True,True,,,success
ATP-HTVS-E89D68A8E825,C[NH+](C)Cc1cc(CNc2nc(NCc3cc(Cl)ccc3F)c3ccccc3[nH+]2)ccc1F,-4.2274951356254,True,True,True,True,,,success
ATP-HTVS-E8C4233BC4EE,N#CN(c1ccccc1)c1c(NC(=O)c2ccc(Cl)c(F)c2)cnc2ccccc12,-3.51487161851092,True,True,True,True,,,success
ATP-HTVS-E8F6FC3C759E,C[NH+](C)Cc1ccc(CNc2c(C(=O)Nc3ccc(N)cc3)sc3ccccc23)cc1,-5.59610293047994,True,True,True,True,,,success
ATP-HTVS-E912078D9741,C[NH+](C)CCOc1ccccc1C[NH2+]C[C@H]1c2ccccc2C(=O)N1Cc1ccccc1,-5.12427567475619,True,True,True,True,,,success
ATP-HTVS-EAB5C9B34043,C[NH+](C)Cc1ccccc1C(=O)Nc1cnc2ccccc2c1Nc1ccccc1,-4.8450897655797,True,True,True,True,,,success
ATP-HTVS-EAC68E01988F,Cc1ccc(NC(=O)CN(C)c2nc(NCc3ccccc3C[NH+](C)C)c3ccccc3[nH+]2)cc1,-4.23709203964056,True,True,True,True,,,success
ATP-HTVS-EAD1C8AFD4A9,c1ccc(-n2cc(C[NH2+]Cc3cccc(C[NH+]4CCCC4)c3)c(-c3ccncc3)n2)cc1,-5.26198123496492,True,True,True,True,,,success
ATP-HTVS-EAE06126CF40,C[C@H](c1ccc(CNC[C@H](c2cccs2)c2c[nH]c3ccccc23)cc1)[NH+](C)C,-2.83752079490687,True,True,True,True,,,success
ATP-HTVS-EB0B96E798C5,[NH3+]CCNc1ccc(NCc2[nH+]c3ccccc3n2Cc2ccccc2)cc1,-5.70566668218131,True,True,True,True,,,success
ATP-HTVS-EB12E3425930,CNS(=O)(=O)Cc1ccccc1CNCc1cc(OCc2ccccc2)c2ccccc2c1,-2.57688650787329,True,True,True,True,,,success
ATP-HTVS-EB1E3022AC0C,C[NH+](C)Cc1ccc(CNc2nc(NC[C@H](c3ccccc3)[NH+](C)C)[nH+]c3ccccc23)cc1,-4.65351111779992,True,True,True,True,,,success
ATP-HTVS-EB500473345C,CC[N@@H+](Cc1ccc(C[NH+](C)C)cc1)Cc1nc2ccccc2c(-c2ccccc2)c1C(=O)OC,-4.1077202743778,True,True,True,True,,,success
ATP-HTVS-EB51C7366B34,Cc1ccc(CCC(=O)Nc2[nH+]cc(N(CC#N)Cc3ccccc3)c3ccccc23)cc1,-3.1878307179681,True,True,True,True,,,success
ATP-HTVS-EBA0F745595A,CN(C(=O)Cc1cc(NCc2cccc(C[NH+](C)C)c2)cs1)c1ccccc1F,-4.29967640451544,True,True,True,True,,,success
ATP-HTVS-EBADA6179138,C[NH+](C)Cc1ccccc1NC(=O)c1cnc2ccc(F)cc2c1N(CC#N)c1ccccc1,-4.19996272104053,True,True,True,True,,,success
ATP-HTVS-EBCFEAF5D9E7,C[NH+](C)Cc1ccc(CCNc2nc(NCCOc3cccc(C#N)c3)nc3ccccc23)cc1,-2.18718306264558,True,True,True,True,,,success
ATP-HTVS-EBFF1A375D8B,CC(=O)[C@@H](NC(=O)c1[nH]c2ccccc2c1NCc1cccc(CN(C)C)c1)c1ccccc1,-1.94035670481426,True,True,True,True,,,success
ATP-HTVS-EC2D3AD3168F,CN(C)c1ccc(CCNc2c(NC(=O)Cc3ccccc3C#N)c[nH+]c3ccccc23)cc1,-4.90218858600317,True,True,True,True,,,success
ATP-HTVS-EC4610FFE6DC,CN(C)Cc1ccc(CC[NH2+]Cc2cn(CCC#N)nc2-c2ccccc2Br)cc1,-5.09256497052492,True,True,True,True,,,success
ATP-HTVS-EC5DC094D49F,CNc1ccccc1CNc1nc(NCc2ccc(F)cc2C[NH+](C)C)[nH+]c2ccccc12,-3.95306964923428,True,True,True,True,,,success
ATP-HTVS-ECFCDEE54331,CN(CC(=O)Nc1cccc(Cl)c1)c1nc(NCc2ccccc2C[NH+](C)C)[nH+]c2ccccc12,-4.042763070411,True,True,True,True,,,success
ATP-HTVS-ED186549DA4C,C[NH+](C)Cc1ccc(CNc2cc3ccccc3nc2NC(=O)CCc2ccc3c(c2)OCO3)cc1,-4.41724015866286,True,True,True,True,,,success
ATP-HTVS-ED381154F376,C[NH+](C)[C@@H](CNc1nc(COc2ccc(Cl)cc2)nc2ccccc12)c1ccc(O)cc1,-4.6795303145686,True,True,True,True,,,success
ATP-HTVS-ED9FB8DD8268,C[NH+](C)Cc1cccc(CNc2cnc3ccccc3c2NC(=O)Cc2ccc(O)c(O)c2)c1,-4.56936701355203,True,True,True,True,,,success
ATP-HTVS-EDD9885A2235,N#CCN(c1ccccc1)c1cnc2ccccc2c1NC(=O)Cc1cccc(Cl)c1,-3.88292151444989,True,True,True,True,,,success
ATP-HTVS-EE25A0930777,Cc1cc(C)c(CN[C@H](CO)c2cccc(N(C)C)c2)c(OCc2ccccc2)n1,-3.80601852357787,True,True,True,True,,,success
ATP-HTVS-EE3EC74621FE,Cc1c(N)cccc1CNc1nc2ccccc2nc1NCCc1ccc(C[NH+](C)C)cc1,-4.30814574338597,True,True,True,True,,,success
ATP-HTVS-EE5B82122D17,CC[NH+](CC)Cc1ccc(CNc2cnc(NC(=O)c3cccc(C(C)=O)c3)c3ccccc23)cc1,-3.01399039773604,True,True,True,True,,,success
ATP-HTVS-EE6CCEFDAAD0,OCCNc1ccccc1C[NH2+]Cc1c2ccccc2cc2ccccc12,-4.57569410141658,True,True,True,True,,,success
ATP-HTVS-EE8A818A3017,OCC[NH2+]c1ccc(N[C@@H](C#CCOc2ccccc2)c2coc3ccccc23)cc1,-2.95811246750271,True,True,True,True,,,success
ATP-HTVS-EE9B34D8B24D,C[NH+](C)Cc1ccc(CNc2nc(-c3ccc(O)cc3)cs2)cc1,-5.010070405463,True,True,True,True,,,success
ATP-HTVS-EEA70E20167C,CN(C(=O)c1ccc(Cl)cc1)c1ccc(NCc2cccc(C[NH+](C)C)c2)cn1,-4.09027336744338,True,True,True,True,,,success
ATP-HTVS-EEBB6926EC22,C[C@@H](NCc1cn(-c2ccccc2)nc1-c1ccncc1)c1ccc(Br)cc1,-3.04212579975428,True,True,True,True,,,success
ATP-HTVS-EEE4DEAD393E,C[C@H](c1ccccc1)N(C)C(=O)c1c(Nc2cccc(CN(C)C)c2)c2ccccc2[nH]c1=O,0.1640437805725,True,True,True,True,,,success
ATP-HTVS-EF007D703862,CC(=O)Nc1ccccc1CN1CC(=O)Nc2ccc(Br)cc2[C@H]1c1ccccc1,-1.45833639657194,True,True,True,True,,,success
ATP-HTVS-EF0129487CC6,C[NH+](C)Cc1ccc(C(=O)Nc2ccc([C@H](C#N)c3ccccc3)c(-c3cccc(C[NH3+])c3)c2)cc1,-5.05644438511691,True,True,True,True,,,success
ATP-HTVS-EF17DB58F500,CC[NH+](CC)Cc1ccc(C(=O)Nc2c[nH+]c3ccccc3c2N[C@@H](C#N)c2ccc(F)cc2)cc1,-4.53325018419689,True,True,True,True,,,success
ATP-HTVS-EF3EA56789AA,CN(C)Cc1ccc(CCNc2nc(NCc3ccc(C#N)cc3F)[nH+]c3ccccc23)cc1,-3.31985533975518,True,True,True,True,,,success
ATP-HTVS-EF5E324DB424,CN1CCN(c2ccccc2CNC(=O)c2oc3ccccc3c2COc2ccccc2)CC1,-2.2978468768913,True,True,True,True,,,success
ATP-HTVS-EFBD886B8952,CCCC[N@@H+](CC)Cc1cccc(C[NH2+]Cc2ccc(N(C)c3ccccc3)nc2)c1,-5.38965192191034,True,True,True,True,,,success
ATP-HTVS-EFE421C91038,C[NH2+]Cc1ccc(CNc2c(NC(=O)C#Cc3ccccc3)c[nH+]c3ccccc23)cc1,-5.50975727056192,True,True,True,True,,,success
ATP-HTVS-F056EC0EC7E7,C[C@H](Nc1cccc(N)c1C[NH+](C)C)c1cc2cccc(Cl)c2c(=O)n1-c1ccccc1,-4.17598752066853,True,True,True,True,,,success
ATP-HTVS-F05D07B9382E,CCN(CC)C[C@H](NCc1nc2ccccc2n1Cc1ccccc1)c1ccccc1,-1.67195748938188,True,True,True,True,,,success
ATP-HTVS-F084EE8F7246,C[NH+](C)Cc1ccc(CNc2cc(Cl)c(C(=O)c3ccccc3)c(Cl)n2)cc1,-4.25499738938492,True,True,True,True,,,success
ATP-HTVS-F08817EB9A7A,CCCc1ccc(C[NH2+]Cc2ncc(-c3ccccc3O)cn2)cc1,-6.13430839064474,True,True,True,True,,,success
ATP-HTVS-F0989AC93CC9,C[NH+](C)Cc1cccc(CNc2c(NC(=O)Cc3ccccc3)c[nH+]c3ccccc23)c1,-4.15684865021333,True,True,True,True,,,success
ATP-HTVS-F0AA189EB18F,C[NH+](C)CCc1ccc(NC(=O)c2cn(Cc3ccccc3)c(=O)c3ccccc23)cc1,-3.85177825993768,True,True,True,True,,,success
ATP-HTVS-F0B899F1EF1B,CC[NH+](CC)Cc1cccc(CNc2cc3ccccc3nc2NC(=O)CN(C)c2ccccc2)c1,-3.53965621934154,True,True,True,True,,,success
ATP-HTVS-F0EA8E73CD83,C[NH+](C)Cc1cccc(CNc2cc(C(=O)N(CC[NH3+])c3ccc(Cl)cc3)sc2Cl)c1,-5.33587701286716,True,True,True,True,,,success
ATP-HTVS-F13E60D2EE86,COCC[N@@H+](C)Cc1ccc(C[N@H+](C)Cc2cn(-c3ccccc3)nc2-c2ccccc2)cc1,-4.91807100360852,True,True,True,True,,,success
ATP-HTVS-F15CD1C1F5FF,CN(C)Cc1ccc(CCNc2nc3ccccc3nc2NCc2ccc(CO)cc2F)cc1,-3.55377124897857,True,True,True,True,,,success
ATP-HTVS-F1ABC01A08C5,C[NH+](C)Cc1ccc(CNc2ccc(Oc3ccccc3F)nc2)cc1,-3.72761112959487,True,True,True,True,,,success
ATP-HTVS-F1D0837E8A30,C[C@@H](C#N)N(C(=O)c1[nH]c2ccccc2c1NCc1ccc(NCCO)cc1)c1ccccc1,-3.50945086652733,True,True,True,True,,,success
ATP-HTVS-F1F8D839F8AD,Cc1ccc([C@H](O)CNc2c(NC(=O)Cc3cccc(C#N)c3)c[nH+]c3ccccc23)cc1,-4.69620533607906,True,True,True,True,,,success
ATP-HTVS-F21E42254560,COC(=O)c1ccccc1CC(=O)Nc1c(NCc2cccc(C[NH+](C)C)c2)cnc2ccccc12,-4.22164955833975,True,True,True,True,,,success
ATP-HTVS-F223CD517CA5,CN(C(=O)Cc1ccccc1)c1ccc(NCc2ccc(C[NH+](C)C)cc2)cn1,-4.20311933833737,True,True,True,True,,,success
ATP-HTVS-F256B691D902,C[C@H](Nc1nc2ccccc2nc1NCc1ccc(C[NH+](C)C)cc1)c1ccccc1N,-4.72978086017516,True,True,True,True,,,success
ATP-HTVS-F2668BF9E9B1,CC[NH+](CC)Cc1cccc(CNc2cnc(NC(=O)c3cccc(O)c3)c3ccccc23)c1,-4.69242197859573,True,True,True,True,,,success
ATP-HTVS-F282BC43258B,C[NH+](C)Cc1ccc(CNc2cc3ccccc3nc2NC(=O)[C@](C)(O)c2ccccc2)cc1,-4.65415368223412,True,True,True,True,,,success
ATP-HTVS-F2D870036CD8,CCN(C(=O)c1cc(NCc2cccc(C[NH+](C)C)c2)cs1)c1ccc(Cl)cc1,-4.14134457074988,True,True,True,True,,,success
ATP-HTVS-F308899F49E6,CCNc1ccc(C[NH2+]Cc2ccc(Oc3ccc(F)cc3)nc2)cc1,-5.90641594276411,True,True,True,True,,,success
ATP-HTVS-F3219ACF1618,C#Cc1cccc(CN2CC(=O)Nc3ccc(Cl)cc3[C@H]2c2ccccc2F)c1,-1.20375238340169,True,True,True,True,,,success
ATP-HTVS-F324B4F6FF43,C[C@@H]([NH2+]CC#Cc1cnc(NC(=O)c2ccc(O)cc2)c2ccccc12)c1ccc(F)cc1,-4.21986392684796,True,True,True,True,,,success
ATP-HTVS-F38CDD17995D,C[NH+](C)Cc1ccccc1C(=O)Nc1cnc2ccccc2c1-c1ccnc(Cl)c1,-3.88286039918579,True,True,True,True,,,success
ATP-HTVS-F3AEEA9B80E5,C[NH+](C)Cc1ccc(CCNc2nc3ccccc3nc2NCc2ccsc2)cc1,-3.92942222083981,True,True,True,True,,,success
ATP-HTVS-F3E91D83A828,C[NH+](C)Cc1cccc(CNC(=O)c2cnc3ccc(F)cc3c2N[C@@H](C[NH3+])c2ccccc2)c1,-5.25887809152394,True,True,True,True,,,success
ATP-HTVS-F41515D25613,CC[N@H+](C)Cc1cccc(CNc2nc(NCc3c(N)cccc3Cl)c3ccccc3[nH+]2)c1,-4.28040575580285,True,True,True,True,,,success
ATP-HTVS-F41DED161E75,CN(CC(=O)Nc1c(N(C)[C@@H](C#N)c2ccccc2)cnc2ccccc12)c1ccccc1,-3.7305205679544,True,True,True,True,,,success
ATP-HTVS-F42EC288DBA1,N#CCN(c1ccccc1)c1cnc(NC(=O)c2cccc([S-])c2)c2ccccc12,-3.72053981529953,True,True,True,True,,,success
ATP-HTVS-F451F6F34F85,CC[NH+](CC)Cc1cccc(C[NH2+]Cc2csc(N(C(C)=O)c3ccc(C)cc3)n2)c1,-4.63991074421646,True,True,True,True,,,success
ATP-HTVS-F4D02DC184DE,N#CCN(c1ccccc1)c1cc2ccccc2nc1NC(=O)c1cccc(F)c1,-3.22024671180756,True,True,True,True,,,success
ATP-HTVS-F4EB0A3B6A53,C[NH2+]Cc1ccc(CNc2cc3ccccc3nc2NC(=O)C#Cc2ccccc2)cc1,-4.66033177755915,True,True,True,True,,,success
ATP-HTVS-F4F3BDD05BAD,C[NH+](C)Cc1cccc(CNc2cc3ccccc3nc2NC(=O)Cc2ccccc2F)c1,-4.39094801528708,True,True,True,True,,,success
ATP-HTVS-F52F884BA0B4,Cc1c(F)ccc(C(=O)Nc2cnc3ccccc3c2N(CC#N)c2ccccc2)c1Cl,-3.52590892019094,True,True,True,True,,,success
ATP-HTVS-F53B308249C7,C[NH+](C)Cc1ccc(CNc2csc(-c3ccc(O)cc3)n2)cc1,-5.31349569153296,True,True,True,True,,,success
ATP-HTVS-F54B40793D2A,N#C[C@H](Nc1cnc2ccccc2c1NC(=O)c1ccccc1)c1ccc(F)cc1,-3.24803738895674,True,True,True,True,,,success
ATP-HTVS-F5512CD55A37,C[C@@H]([NH2+]CC#Cc1cnc2ccccc2c1NC(=O)c1ccccc1O)c1ccc(F)cc1,-5.54335713777072,True,True,True,True,,,success
ATP-HTVS-F5557C46ACCD,Cc1c(N)cccc1CNc1nc2ccccc2nc1NCc1ccccc1C[NH+](C)C,-3.46951061383426,True,True,True,True,,,success
ATP-HTVS-F58C213B60A1,CN(Cc1ccc(C[NH+](C)C)cc1)c1nc(N(C)CCOc2cccc(C#N)c2)c2ccccc2[nH+]1,-4.1206241145774,True,True,True,True,,,success
ATP-HTVS-F60BECC0718F,CN(Cc1ccc(C[NH+](C)C)cc1)C(=O)Cc1nn(Cc2ccccc2)c(=O)c2ccccc12,-3.6664122264029,True,True,True,True,,,success
ATP-HTVS-F62C08D65C28,Cc1ccc(-c2nn(-c3ccccc3)cc2C[NH2+][C@H](C(=O)[O-])c2ccc(C)cc2)cc1,-3.93550920768678,True,True,True,True,,,success
ATP-HTVS-F63C80F910BB,C[NH+](C)Cc1ccc(CCNc2nc(NCc3cccc(S(N)(=O)=O)c3)c3ccccc3[nH+]2)cc1,-5.69704200641799,True,True,True,True,,,success
ATP-HTVS-F6463DC49025,C[C@H](C#N)N(c1ccccc1)c1cc2ccccc2nc1NC(=O)[C@H](c1ccc(Cl)cc1)N(C)C,-3.32162740343645,True,True,True,True,,,success
ATP-HTVS-F666156B37DE,CN(C(=O)c1sccc1NCc1ccc(C[NH+](C)C)cc1)c1ccc(Cl)cc1N,-3.86252714637769,True,True,True,True,,,success
ATP-HTVS-F6E066811CCA,N#CN(c1ccccc1)c1c(NC(=O)c2ccccc2F)cnc2ccccc12,-3.91958239876819,True,True,True,True,,,success
ATP-HTVS-F716E067906C,O=C1CN(Cc2cc(Cl)cc(I)c2)[C@@H](c2ccccc2)c2ccccc2N1,-0.724581891030828,True,True,True,True,,,success
ATP-HTVS-F7366BF3987A,C[C@@H]([NH2+]CC#Cc1c(NC(=O)c2cccc(O)c2)cnc2ccccc12)c1ccccc1,-4.33624818808883,True,True,True,True,,,success
ATP-HTVS-F7676420B267,O=C(CCc1ccc(S)cc1)Nc1c[nH+]c2ccccc2c1NCc1ccc(NCCO)cc1,-3.88893989519298,True,True,True,True,,,success
ATP-HTVS-F79E64AB5B06,N#CN(c1ccccc1)c1cc2ccccc2nc1NC(=O)c1cccc(F)c1,-3.33716751499667,True,True,True,True,,,success
ATP-HTVS-F7B411FBCEC8,O=C1CN(Cc2cc(Br)cc(Br)c2)[C@@H](c2ccccc2)c2ccccc2N1,-1.20724597120847,True,True,True,True,,,success
ATP-HTVS-F7CD2DD67DA6,C[NH+](C)Cc1ccc(CNc2c(NC(=O)CCc3ccc4c(c3)OCO4)c[nH+]c3ccccc23)cc1,-5.07414639241721,True,True,True,True,,,success
ATP-HTVS-F7D4BFA34903,C[NH+](C)Cc1ccc(CC[NH2+]Cc2cn(CCC#N)nc2-c2ccc(Cl)cc2)cc1,-4.96526412391853,True,True,True,True,,,success
ATP-HTVS-F7EFD494BF14,C[NH+](C)Cc1ccc(Nc2nc(N)c(-c3ccccc3)c3cccc(F)c23)cc1,-4.16730979791928,True,True,True,True,,,success
ATP-HTVS-F89CD1E9CA34,OCCNc1ccc(CNc2c[nH+]cc(Br)c2OCc2ccccc2)cc1,-3.35177627367656,True,True,True,True,,,success
ATP-HTVS-F8BD3C119C5E,O[C@H](C[NH2+][C@@H](c1ccccn1)c1cc2ccccc2o1)c1ccccc1Cl,-6.25521085706323,True,True,True,True,,,success
ATP-HTVS-F8C49F655F6D,CN(CC(=O)Nc1nc2ccccc2cc1Nc1ccc(NCCO)cc1)c1ccccc1,-5.52359989451645,True,True,True,True,,,success
ATP-HTVS-F8CA9C936D19,C[C@@H]([NH2+]Cc1csc(CC(=O)Nc2ccccc2)n1)c1ccc(C[NH+](C)C)cc1,-5.1904878490302,True,True,True,True,,,success
ATP-HTVS-F8CD80CEA373,N#CN(C(=O)c1[nH]c2ccccc2c1NCCNc1ccc(Cl)cc1)c1ccccc1,-3.51786680946636,True,True,True,True,,,success
ATP-HTVS-F8D08A3E140C,COc1ccccc1C(=O)Nc1nc2ccccc2cc1NCc1ccc(C[NH+](C)C)cc1,-4.04917486199149,True,True,True,True,,,success
ATP-HTVS-F8D25E752EF8,O=C1CN(Cc2ccccc2C(=O)NCCO)[C@H](c2ccccc2)c2ccccc2N1,-3.34273397361502,True,True,True,True,,,success
ATP-HTVS-F92825C2DD85,O=C(Cn1c(NCCc2ccc(CO)cc2)nc2ccccc21)c1ccccc1,-4.32588501956729,True,True,True,True,,,success
ATP-HTVS-F937C5B79A0E,C[C@](N)(C(=O)n1nc(-c2cccc(F)c2F)cc1CC[NH2+]Cc1ccccc1)c1ccccc1,-5.66648269514303,True,True,True,True,,,success
ATP-HTVS-F93F310E89BE,C[NH+](C)Cc1cc(CNc2nc3ccccc3nc2NCc2ccc(C#N)c(Cl)c2)ccc1F,-4.51798694248071,True,True,True,True,,,success
ATP-HTVS-F97015D0DCF4,C[NH+](C)Cc1cccc(CNc2c(NC(=O)c3cc(F)cc(C#N)c3)c[nH+]c3ccccc23)c1,-3.66122677714146,True,True,True,True,,,success
ATP-HTVS-F99370747DC9,Cc1cccc(CNc2nc(NCc3ccc(F)c(CN(C)C)c3)c3ccccc3[nH+]2)c1,-2.48476670519994,True,True,True,True,,,success
ATP-HTVS-F9B5ED51D5DA,CC[NH+](CC)Cc1ccc(CNc2cnc3ccccc3c2NC(=O)Cc2ccc(F)c(C#N)c2)cc1,-4.73144566594342,True,True,True,True,,,success
ATP-HTVS-F9EAD73A28F1,CCN(CC)[C@@H](CNCc1nc2ccccc2n1Cc1ccccc1)c1cccc(OC)c1,-2.64915801521619,True,True,True,True,,,success
ATP-HTVS-F9F42C67BCEC,C[NH+](C)Cc1cccc(CNc2cc(C(=O)NCc3ccccc3)sc2Cl)c1,-3.75454372119379,True,True,True,True,,,success
ATP-HTVS-FA0319FBED9B,C[NH2+]CCc1ccc(NC(=O)c2c[nH+]c3ccc(F)cc3c2N(C)[C@@H](C#N)c2ccccc2)cc1,-5.17905081615349,True,True,True,True,,,success
ATP-HTVS-FA2DABCA7F05,C[NH+](C)Cc1ccccc1C(=O)Nc1c(NCC(=O)c2cccc(Cl)c2)cnc2ccccc12,-4.11034688848641,True,True,True,True,,,success
ATP-HTVS-FAA4B7BBA523,C[NH+](C)Cc1cccc(NC(=O)Nc2cc(-c3ccccc3)nc3ccccc23)c1,-4.42208158051949,True,True,True,True,,,success
ATP-HTVS-FAB6E8368155,C=C[C@@H](NC(=O)c1cc(NCc2cccc(C[NH+](C)C)c2)cs1)c1ccccc1,-4.52193757739847,True,True,True,True,,,success
ATP-HTVS-FACA1D344F25,Cc1ccncc1CN(C)c1nc(NCc2ccc(C[NH+](C)C)cc2)[nH+]c2ccccc12,-4.7778429954561,True,True,True,True,,,success
ATP-HTVS-FACA9080893C,CCN(CC)Cc1cccc(CNc2cc3ccccc3nc2NC(=O)C[C@@H](C#N)c2ccccc2)c1,-0.732116905532498,True,True,True,True,,,success
ATP-HTVS-FB09B772C34B,Cc1cc(CNc2nc(NCc3ccccc3C[NH+](C)C)[nH+]c3ccccc23)ccc1N,-3.43346422373664,True,True,True,True,,,success
ATP-HTVS-FB368C7A9127,C[NH+](C)Cc1cc(N2CCC(=O)N(Cc3ccc(Cl)cc3)c3ccccc32)ccc1F,-3.59794683884504,True,True,True,True,,,success
ATP-HTVS-FBBE5B904E6C,Cc1[nH+]c2ccccn2c1[C@@H](CSc1ccccc1)NCc1cccc(C[NH+](C)C)c1,-4.84821828314652,True,True,True,True,,,success
ATP-HTVS-FBE624773B31,C[NH+](C)Cc1ccccc1C(=O)Nc1c(N(CC#N)c2ccccc2)cnc2ccccc12,-3.4399363541087,True,True,True,True,,,success
ATP-HTVS-FC258B4525E9,CC[NH+](CC)Cc1ccccc1C[NH2+]Cc1csc(COc2ccc(OC)cc2)n1,-4.21756373878038,True,True,True,True,,,success
ATP-HTVS-FC28EB1BA5EE,CC[NH+](CC)Cc1cccc(CNc2cnc3ccccc3c2NC(=O)c2cc(F)ccc2C#N)c1,-4.01867650326417,True,True,True,True,,,success
ATP-HTVS-FC30DD28CEC3,COCC[N@H+](C)Cc1ccc(C[N@@H+](C)Cc2nc3ccccc3c(-c3ccccc3)c2Cl)cc1,-4.45263911953867,True,True,True,True,,,success
ATP-HTVS-FC39CD496C36,Cc1ccc([C@@H](CNc2cc(-c3ccccn3)[nH+]c3ccccc23)[NH+](C)C)cc1,-3.02395128541612,True,True,True,True,,,success
ATP-HTVS-FC732D287CB6,C[NH+](C)Cc1ccc(CNc2cc3ccccc3nc2NC(=O)Cc2ccc(C#N)cc2)cc1,-5.55592145779039,True,True,True,True,,,success
ATP-HTVS-FC91B4531E6F,Cc1ccc(CC(=O)Nc2c(N(c3ccccc3)[C@H](C)C#N)cnc3ccccc23)cc1,-3.75103745705692,True,True,True,True,,,success
ATP-HTVS-FCCFF683ADF4,N#CCCCc1ccc(CN2CC(=O)Nc3ccc(Cl)cc3[C@@H]2c2ccccc2F)cc1,-2.21908390745017,True,True,True,True,,,success
ATP-HTVS-FD26B682FD2E,C[NH+](C)Cc1cccc(CNc2cnc(NC(=O)Cc3ccccc3)c(-n3cccc3)c2)c1,-4.3951611416954,True,True,True,True,,,success
ATP-HTVS-FD637A018D73,CN(Cc1sc2ccccc2c1NCc1cccc(C[NH+](C)C)c1)C(=O)c1cccc(C#N)c1,-4.18338748528722,True,True,True,True,,,success
ATP-HTVS-FD8D954BBECF,C[NH+](C)Cc1cc(F)ccc1C[NH2+]Cc1c(-c2ccccc2)nn2ccccc12,-5.32017851323543,True,True,True,True,,,success
ATP-HTVS-FDA25AF4FB7A,CCc1cc(F)ccc1CN1CC(=O)Nc2ccccc2[C@@H]1c1ccccc1,-1.86073470843373,True,True,True,True,,,success
ATP-HTVS-FDB0B4A5AF84,Cc1nccc(NC(=O)c2ccccc2)c1NCc1ccc(C[NH+](C)C)cc1,-4.0570925598645,True,True,True,True,,,success
ATP-HTVS-FDB0F1EC6F74,CSCCNC(=O)c1cccc(CN2CC(=O)Nc3ccccc3[C@@H]2c2ccccc2)c1F,-5.45391423146877,True,True,True,True,,,success
ATP-HTVS-FDDF48EBDCF8,CC[NH+](CC)Cc1cccc(CNc2cnc3ccccc3c2NC(=O)C[C@@H](C#N)c2ccccc2)c1,-4.45599054129568,True,True,True,True,,,success
ATP-HTVS-FE1522AA7EF8,C[NH+](C)Cc1cccc(CNc2nc(-c3ccccc3)c3ccccc3n2)c1,-4.34980457228018,True,True,True,True,,,success
ATP-HTVS-FE34E3A925C6,C[NH+](C)Cc1ccc(CNc2ccsc2C(=O)N(CC#N)Cc2ccccc2)cc1,-3.88785421325528,True,True,True,True,,,success
ATP-HTVS-FE46C3AF7461,O=C([O-])CCCc1ccc(C[NH2+]Cc2cn(Cc3ccccc3)nc2-c2ccccc2)cc1,-4.56034552065314,True,True,True,True,,,success
ATP-HTVS-FE5B2EC4EA23,C[NH+](C)Cc1cccc(CNc2cc3ccccc3nc2NC(=O)c2cc(F)ccc2C#N)c1,-4.67979509796644,True,True,True,True,,,success
ATP-HTVS-FE5F78CE8672,CC(C)(C)c1ccc(C[NH2+]Cc2ccncc2OCc2ccccc2)cc1,-4.95711055598277,True,True,True,True,,,success
ATP-HTVS-FE6FB0E22990,C[NH+](C)Cc1cccc(CNc2c(NC(=O)Cc3cccc(Cl)n3)c[nH+]c3ccccc23)c1,-4.7968813911865,True,True,True,True,,,success
ATP-HTVS-FE9A1A55DD78,C[NH+](C)Cc1ccc(NC(=O)Cn2c(Cc3ccccc3)nc3ccccc32)cc1,-4.57127764880107,True,True,True,True,,,success
ATP-HTVS-FEA784CAFC0E,Cc1cccc([C@H](O)CNc2c[nH]/c(=N/C(=O)[C@H](Cl)c3ccccc3)c3ccccc23)c1,-1.60612474839051,True,True,True,True,,,success
ATP-HTVS-FEB80F9C0A7B,C[NH+](C)[C@H](CNc1[nH+]c2ccccc2n1CC(=O)c1ccccc1)c1ccc(F)cc1,-4.43602883433728,True,True,True,True,,,success
ATP-HTVS-FEE4C5F961F6,CCN(CCOC)Cc1ccc(CN(C)Cc2nc3ccccc3n2Cc2ccc(Cl)cc2)cc1,-1.65273942795434,True,True,True,True,,,success
ATP-HTVS-FF081A1D735D,CNc1cc(Cl)ccc1Nc1cnc(NC(=O)c2ccccc2)c2ccccc12,-4.75510008332164,True,True,True,True,,,success
ATP-HTVS-FF167463AED4,C[NH+](C)Cc1ccc(CNc2c(NC(=O)c3cccc(C#N)c3Cl)c[nH+]c3ccccc23)cc1,-4.88399342983979,True,True,True,True,,,success
ATP-HTVS-FF1C1E5A01F9,CC[NH+](CC)Cc1ccc(CNc2c(NC(=O)c3cccc(CS)c3)c[nH+]c3ccccc23)cc1,-4.00357618948129,True,True,True,True,,,success
ATP-HTVS-FF63783F1DD1,CCNC(=O)c1cccc(C[NH2+]C[C@@H]2c3ccccc3C(=O)N2Cc2ccccc2)c1,-5.10529777735234,True,True,True,True,,,success
ATP-HTVS-FF886C71D805,C[C@@H](CN(C)C(=O)c1oc2ccccc2c1COc1ccccc1)NC(=O)c1ccccc1C[NH+](C)C,-4.73008693975647,True,True,True,True,,,success
ATP-HTVS-FFCF51BF8290,C[NH+](C)Cc1cccc(CNc2csc(CC(=O)Nc3ccccc3)c2)c1,-3.84560850291888,True,True,True,True,,,success
ATP-HTVS-FFD71C24E98D,CNS(=O)(=O)Cc1ccccc1C[NH2+]Cc1cn(Cc2ccccc2)nc1-c1cccc(C)c1,-4.59867026837176,True,True,True,True,,,success
ATP-HTVS-FFE3AC9FC45B,CN(c1c(NC(=O)c2cc(Cl)cc(Cl)c2)c[nH+]c2ccccc12)[C@@H](C#N)c1ccccc1,-3.9403001603173,True,True,True,True,,,success
