measurement_id,compound_key,source_compound_id,compound_name,assay_id,target,subunit_complex,organism,strain,assay_system,endpoint,value_relation,value,value_upper,error_or_sd,unit,molar_value,p_activity,derived_activity_class,input_sar_class,assay_method,doi,source_url,pmc_url,source_locator,source_level_input,release_partition,use_for_training,use_for_default_regression,exclusion_reason,raw_activity_type,raw_target,raw_activity_value,raw_unit,raw_assay_method,source_file,source_row,raw_biosystem,duplicate_group_size,duplicate_rank,is_canonical_observation
msr_041f233b25f1,CJWSCOKTAUPKHM-UHFFFAOYSA-N,WSA236,WSA236,asy_fe8e1bbaf657,whole cell,,Acinetobacter baumannii,ATCC 17978,,MIC,exact,64.0,,,ug/mL,0.0001525124035478198,3.816694834524937,inactive,moderate,broth microdilution,10.1002/cmdc.202400952,https://doi.org/10.1002/cmdc.202400952,https://pmc.ncbi.nlm.nih.gov/articles/PMC12091843/,Main article Table 1; Supporting Information Table S2,,auxiliary,False,False,,MIC,whole cell,64,μg/mL,broth microdilution,negative_SAR_examples.csv,163,Acinetobacter baumannii ATCC 17978,1,1,True
msr_55f6bc5d9762,CJWSCOKTAUPKHM-UHFFFAOYSA-N,WSA236,WSA236,asy_6ff789d1a279,whole cell,,Acinetobacter baumannii,,,MIC,exact,64.0,,,ug/mL,0.0001525124035478198,3.816694834524937,inactive,moderate,broth microdilution,10.1002/cmdc.202400952,https://doi.org/10.1002/cmdc.202400952,https://pmc.ncbi.nlm.nih.gov/articles/PMC12091843/,Main article Table 1; Supporting Information Table S2,,auxiliary,False,False,,MIC,whole cell,64,μg/mL,broth microdilution,negative_SAR_examples.csv,164,Acinetobacter baumannii ATCC 1605 (MDR),1,1,True
msr_0be6accf703a,CJWSCOKTAUPKHM-UHFFFAOYSA-N,WSA236,WSA236,asy_074abd848eac,whole cell,,Pseudomonas aeruginosa,,,MIC,exact,32.0,,,ug/mL,7.62562017739099e-05,4.117724830188918,intermediate,moderate,broth microdilution,10.1002/cmdc.202400952,https://doi.org/10.1002/cmdc.202400952,https://pmc.ncbi.nlm.nih.gov/articles/PMC12091843/,Main article Table 1; Supporting Information Table S2,,auxiliary,False,False,,MIC,whole cell,32,μg/mL,broth microdilution,negative_SAR_examples.csv,165,Pseudomonas aeruginosa ATCC BAA 2108 (MDR),1,1,True
msr_4f547c5b94ac,CKJASZDKIIXJGB-UHFFFAOYSA-N,WSA238,WSA238,asy_fe8e1bbaf657,whole cell,,Acinetobacter baumannii,ATCC 17978,,MIC,exact,32.0,,,ug/mL,6.961016134330209e-05,4.157327359624866,intermediate,moderate,broth microdilution,10.1002/cmdc.202400952,https://doi.org/10.1002/cmdc.202400952,https://pmc.ncbi.nlm.nih.gov/articles/PMC12091843/,Main article Table 1; Supporting Information Table S2,,auxiliary,False,False,,MIC,whole cell,32,μg/mL,broth microdilution,negative_SAR_examples.csv,168,Acinetobacter baumannii ATCC 17978,1,1,True
msr_d81d5e6878ad,CKJASZDKIIXJGB-UHFFFAOYSA-N,WSA238,WSA238,asy_6ff789d1a279,whole cell,,Acinetobacter baumannii,,,MIC,exact,32.0,,,ug/mL,6.961016134330209e-05,4.157327359624866,intermediate,moderate,broth microdilution,10.1002/cmdc.202400952,https://doi.org/10.1002/cmdc.202400952,https://pmc.ncbi.nlm.nih.gov/articles/PMC12091843/,Main article Table 1; Supporting Information Table S2,,auxiliary,False,False,,MIC,whole cell,32,μg/mL,broth microdilution,negative_SAR_examples.csv,169,Acinetobacter baumannii ATCC 1605 (MDR),1,1,True
msr_e131fb7e7cd5,CKJASZDKIIXJGB-UHFFFAOYSA-N,WSA238,WSA238,asy_074abd848eac,whole cell,,Pseudomonas aeruginosa,,,MIC,exact,32.0,,,ug/mL,6.961016134330209e-05,4.157327359624866,intermediate,moderate,broth microdilution,10.1002/cmdc.202400952,https://doi.org/10.1002/cmdc.202400952,https://pmc.ncbi.nlm.nih.gov/articles/PMC12091843/,Main article Table 1; Supporting Information Table S2,,auxiliary,False,False,,MIC,whole cell,32,μg/mL,broth microdilution,negative_SAR_examples.csv,170,Pseudomonas aeruginosa ATCC BAA 2108 (MDR),1,1,True
msr_5ee161de34f1,KBBWUTKWDFCECI-UHFFFAOYSA-N,WSA248,WSA248,asy_fe8e1bbaf657,whole cell,,Acinetobacter baumannii,ATCC 17978,,MIC,gt,128.0,,,ug/mL,0.0002821527372121987,3.54951573220809,inactive,inactive,broth microdilution,10.1002/cmdc.202400952,https://doi.org/10.1002/cmdc.202400952,https://pmc.ncbi.nlm.nih.gov/articles/PMC12091843/,Main article Table 1; Supporting Information Table S2,,auxiliary,False,False,,MIC,whole cell,>128,μg/mL,broth microdilution,negative_SAR_examples.csv,110,Acinetobacter baumannii ATCC 17978,1,1,True
msr_a244a8b1f8d0,KBBWUTKWDFCECI-UHFFFAOYSA-N,WSA248,WSA248,asy_6ff789d1a279,whole cell,,Acinetobacter baumannii,,,MIC,gt,128.0,,,ug/mL,0.0002821527372121987,3.54951573220809,inactive,inactive,broth microdilution,10.1002/cmdc.202400952,https://doi.org/10.1002/cmdc.202400952,https://pmc.ncbi.nlm.nih.gov/articles/PMC12091843/,Main article Table 1; Supporting Information Table S2,,auxiliary,False,False,,MIC,whole cell,>128,μg/mL,broth microdilution,negative_SAR_examples.csv,111,Acinetobacter baumannii ATCC 1605 (MDR),1,1,True
msr_32ff1b1732c9,KBBWUTKWDFCECI-UHFFFAOYSA-N,WSA248,WSA248,asy_074abd848eac,whole cell,,Pseudomonas aeruginosa,,,MIC,gt,128.0,,,ug/mL,0.0002821527372121987,3.54951573220809,inactive,inactive,broth microdilution,10.1002/cmdc.202400952,https://doi.org/10.1002/cmdc.202400952,https://pmc.ncbi.nlm.nih.gov/articles/PMC12091843/,Main article Table 1; Supporting Information Table S2,,auxiliary,False,False,,MIC,whole cell,>128,μg/mL,broth microdilution,negative_SAR_examples.csv,112,Pseudomonas aeruginosa ATCC BAA 2108 (MDR),1,1,True
msr_9d49ec54a1ef,YEMLSUARMQTHJO-UHFFFAOYSA-N,WSA249,WSA249,asy_fe8e1bbaf657,whole cell,,Acinetobacter baumannii,ATCC 17978,,MIC,exact,32.0,,,ug/mL,7.053818430304968e-05,4.151575723536053,intermediate,moderate,broth microdilution,10.1002/cmdc.202400952,https://doi.org/10.1002/cmdc.202400952,https://pmc.ncbi.nlm.nih.gov/articles/PMC12091843/,Main article Table 1; Supporting Information Table S2,,auxiliary,False,False,,MIC,whole cell,32,μg/mL,broth microdilution,negative_SAR_examples.csv,115,Acinetobacter baumannii ATCC 17978,1,1,True
msr_ecaeae382ae1,YEMLSUARMQTHJO-UHFFFAOYSA-N,WSA249,WSA249,asy_6ff789d1a279,whole cell,,Acinetobacter baumannii,,,MIC,exact,64.0,,,ug/mL,0.00014107636860609935,3.8505457278720714,inactive,moderate,broth microdilution,10.1002/cmdc.202400952,https://doi.org/10.1002/cmdc.202400952,https://pmc.ncbi.nlm.nih.gov/articles/PMC12091843/,Main article Table 1; Supporting Information Table S2,,auxiliary,False,False,,MIC,whole cell,64,μg/mL,broth microdilution,negative_SAR_examples.csv,116,Acinetobacter baumannii ATCC 1605 (MDR),1,1,True
msr_865be830e44a,YEMLSUARMQTHJO-UHFFFAOYSA-N,WSA249,WSA249,asy_074abd848eac,whole cell,,Pseudomonas aeruginosa,,,MIC,exact,16.0,,,ug/mL,3.526909215152484e-05,4.452605719200034,intermediate,moderate,broth microdilution,10.1002/cmdc.202400952,https://doi.org/10.1002/cmdc.202400952,https://pmc.ncbi.nlm.nih.gov/articles/PMC12091843/,Main article Table 1; Supporting Information Table S2,,auxiliary,False,False,,MIC,whole cell,16,μg/mL,broth microdilution,negative_SAR_examples.csv,117,Pseudomonas aeruginosa ATCC BAA 2108 (MDR),1,1,True
msr_58f4d0f39f97,SSOJQSHUAQGPLD-UHFFFAOYSA-N,WSA250,WSA250,asy_fe8e1bbaf657,whole cell,,Acinetobacter baumannii,ATCC 17978,,MIC,exact,64.0,,,ug/mL,0.00015740324004731937,3.802986332204468,inactive,moderate,broth microdilution,10.1002/cmdc.202400952,https://doi.org/10.1002/cmdc.202400952,https://pmc.ncbi.nlm.nih.gov/articles/PMC12091843/,Main article Table 1; Supporting Information Table S2,,auxiliary,False,False,,MIC,whole cell,64,μg/mL,broth microdilution,negative_SAR_examples.csv,120,Acinetobacter baumannii ATCC 17978,1,1,True
msr_ae4857e6bfd4,SSOJQSHUAQGPLD-UHFFFAOYSA-N,WSA250,WSA250,asy_6ff789d1a279,whole cell,,Acinetobacter baumannii,,,MIC,exact,128.0,,,ug/mL,0.00031480648009463873,3.501956336540487,inactive,weak,broth microdilution,10.1002/cmdc.202400952,https://doi.org/10.1002/cmdc.202400952,https://pmc.ncbi.nlm.nih.gov/articles/PMC12091843/,Main article Table 1; Supporting Information Table S2,,auxiliary,False,False,,MIC,whole cell,128,μg/mL,broth microdilution,negative_SAR_examples.csv,121,Acinetobacter baumannii ATCC 1605 (MDR),1,1,True
msr_c0a924e84906,SSOJQSHUAQGPLD-UHFFFAOYSA-N,WSA250,WSA250,asy_074abd848eac,whole cell,,Pseudomonas aeruginosa,,,MIC,exact,64.0,,,ug/mL,0.00015740324004731937,3.802986332204468,inactive,moderate,broth microdilution,10.1002/cmdc.202400952,https://doi.org/10.1002/cmdc.202400952,https://pmc.ncbi.nlm.nih.gov/articles/PMC12091843/,Main article Table 1; Supporting Information Table S2,,auxiliary,False,False,,MIC,whole cell,64,μg/mL,broth microdilution,negative_SAR_examples.csv,122,Pseudomonas aeruginosa ATCC BAA 2108 (MDR),1,1,True
msr_2565b134e791,WYSMMAHMVVNKNU-UHFFFAOYSA-N,WSA251,WSA251,asy_fe8e1bbaf657,whole cell,,Acinetobacter baumannii,ATCC 17978,,MIC,exact,128.0,,,ug/mL,0.0002511202316584137,3.6001182966711696,inactive,weak,broth microdilution,10.1002/cmdc.202400952,https://doi.org/10.1002/cmdc.202400952,https://pmc.ncbi.nlm.nih.gov/articles/PMC12091843/,Main article Table 1; Supporting Information Table S2,,auxiliary,False,False,,MIC,whole cell,128,μg/mL,broth microdilution,negative_SAR_examples.csv,123,Acinetobacter baumannii ATCC 17978,1,1,True
msr_77e7723dd705,WYSMMAHMVVNKNU-UHFFFAOYSA-N,WSA251,WSA251,asy_6ff789d1a279,whole cell,,Acinetobacter baumannii,,,MIC,gt,128.0,,,ug/mL,0.0002511202316584137,3.6001182966711696,inactive,inactive,broth microdilution,10.1002/cmdc.202400952,https://doi.org/10.1002/cmdc.202400952,https://pmc.ncbi.nlm.nih.gov/articles/PMC12091843/,Main article Table 1; Supporting Information Table S2,,auxiliary,False,False,,MIC,whole cell,>128,μg/mL,broth microdilution,negative_SAR_examples.csv,124,Acinetobacter baumannii ATCC 1605 (MDR),1,1,True
msr_8bce061ae43f,WYSMMAHMVVNKNU-UHFFFAOYSA-N,WSA251,WSA251,asy_074abd848eac,whole cell,,Pseudomonas aeruginosa,,,MIC,exact,128.0,,,ug/mL,0.0002511202316584137,3.6001182966711696,inactive,weak,broth microdilution,10.1002/cmdc.202400952,https://doi.org/10.1002/cmdc.202400952,https://pmc.ncbi.nlm.nih.gov/articles/PMC12091843/,Main article Table 1; Supporting Information Table S2,,auxiliary,False,False,,MIC,whole cell,128,μg/mL,broth microdilution,negative_SAR_examples.csv,125,Pseudomonas aeruginosa ATCC BAA 2108 (MDR),1,1,True
msr_23521e650690,NLEMREXXYUDSQL-UHFFFAOYSA-N,WSA252,WSA252,asy_fe8e1bbaf657,whole cell,,Acinetobacter baumannii,ATCC 17978,,MIC,exact,64.0,,,ug/mL,0.0001164099887045933,3.9340097529063582,inactive,moderate,broth microdilution,10.1002/cmdc.202400952,https://doi.org/10.1002/cmdc.202400952,https://pmc.ncbi.nlm.nih.gov/articles/PMC12091843/,Main article Table 1; Supporting Information Table S2,,auxiliary,False,False,,MIC,whole cell,64,μg/mL,broth microdilution,negative_SAR_examples.csv,126,Acinetobacter baumannii ATCC 17978,1,1,True
msr_9fbb959ca872,NLEMREXXYUDSQL-UHFFFAOYSA-N,WSA252,WSA252,asy_6ff789d1a279,whole cell,,Acinetobacter baumannii,,,MIC,exact,64.0,,,ug/mL,0.0001164099887045933,3.9340097529063582,inactive,moderate,broth microdilution,10.1002/cmdc.202400952,https://doi.org/10.1002/cmdc.202400952,https://pmc.ncbi.nlm.nih.gov/articles/PMC12091843/,Main article Table 1; Supporting Information Table S2,,auxiliary,False,False,,MIC,whole cell,64,μg/mL,broth microdilution,negative_SAR_examples.csv,127,Acinetobacter baumannii ATCC 1605 (MDR),1,1,True
msr_dc21daa2132e,NLEMREXXYUDSQL-UHFFFAOYSA-N,WSA252,WSA252,asy_074abd848eac,whole cell,,Pseudomonas aeruginosa,,,MIC,exact,64.0,,,ug/mL,0.0001164099887045933,3.9340097529063582,inactive,moderate,broth microdilution,10.1002/cmdc.202400952,https://doi.org/10.1002/cmdc.202400952,https://pmc.ncbi.nlm.nih.gov/articles/PMC12091843/,Main article Table 1; Supporting Information Table S2,,auxiliary,False,False,,MIC,whole cell,64,μg/mL,broth microdilution,negative_SAR_examples.csv,128,Pseudomonas aeruginosa ATCC BAA 2108 (MDR),1,1,True
msr_ce9f188e6b8f,NCHOSMRPPKEPLR-UHFFFAOYSA-N,WSA253,WSA253,asy_fe8e1bbaf657,whole cell,,Acinetobacter baumannii,ATCC 17978,,MIC,exact,128.0,,,ug/mL,0.0002577127589962893,3.5888640796077556,inactive,weak,broth microdilution,10.1002/cmdc.202400952,https://doi.org/10.1002/cmdc.202400952,https://pmc.ncbi.nlm.nih.gov/articles/PMC12091843/,Main article Table 1; Supporting Information Table S2,,auxiliary,False,False,,MIC,whole cell,128,μg/mL,broth microdilution,negative_SAR_examples.csv,129,Acinetobacter baumannii ATCC 17978,1,1,True
msr_ea6b2233256b,NCHOSMRPPKEPLR-UHFFFAOYSA-N,WSA253,WSA253,asy_6ff789d1a279,whole cell,,Acinetobacter baumannii,,,MIC,gt,128.0,,,ug/mL,0.0002577127589962893,3.5888640796077556,inactive,inactive,broth microdilution,10.1002/cmdc.202400952,https://doi.org/10.1002/cmdc.202400952,https://pmc.ncbi.nlm.nih.gov/articles/PMC12091843/,Main article Table 1; Supporting Information Table S2,,auxiliary,False,False,,MIC,whole cell,>128,μg/mL,broth microdilution,negative_SAR_examples.csv,130,Acinetobacter baumannii ATCC 1605 (MDR),1,1,True
msr_7102582ffa22,NCHOSMRPPKEPLR-UHFFFAOYSA-N,WSA253,WSA253,asy_074abd848eac,whole cell,,Pseudomonas aeruginosa,,,MIC,exact,128.0,,,ug/mL,0.0002577127589962893,3.5888640796077556,inactive,weak,broth microdilution,10.1002/cmdc.202400952,https://doi.org/10.1002/cmdc.202400952,https://pmc.ncbi.nlm.nih.gov/articles/PMC12091843/,Main article Table 1; Supporting Information Table S2,,auxiliary,False,False,,MIC,whole cell,128,μg/mL,broth microdilution,negative_SAR_examples.csv,131,Pseudomonas aeruginosa ATCC BAA 2108 (MDR),1,1,True
msr_9f784f580d5b,RWXRACFJDWXXDE-UHFFFAOYSA-N,WSA254,WSA254,asy_fe8e1bbaf657,whole cell,,Acinetobacter baumannii,ATCC 17978,,MIC,exact,16.0,,,ug/mL,3.2094099900909466e-05,4.493574799869087,intermediate,moderate,broth microdilution,10.1002/cmdc.202400952,https://doi.org/10.1002/cmdc.202400952,https://pmc.ncbi.nlm.nih.gov/articles/PMC12091843/,Main article Table 1; Supporting Information Table S2,,auxiliary,False,False,,MIC,whole cell,16,μg/mL,broth microdilution,negative_SAR_examples.csv,132,Acinetobacter baumannii ATCC 17978,1,1,True
msr_a0037940cf23,RWXRACFJDWXXDE-UHFFFAOYSA-N,WSA254,WSA254,asy_6ff789d1a279,whole cell,,Acinetobacter baumannii,,,MIC,exact,16.0,,,ug/mL,3.2094099900909466e-05,4.493574799869087,intermediate,moderate,broth microdilution,10.1002/cmdc.202400952,https://doi.org/10.1002/cmdc.202400952,https://pmc.ncbi.nlm.nih.gov/articles/PMC12091843/,Main article Table 1; Supporting Information Table S2,,auxiliary,False,False,,MIC,whole cell,16,μg/mL,broth microdilution,negative_SAR_examples.csv,133,Acinetobacter baumannii ATCC 1605 (MDR),1,1,True
msr_cd0f842c29de,RWXRACFJDWXXDE-UHFFFAOYSA-N,WSA254,WSA254,asy_074abd848eac,whole cell,,Pseudomonas aeruginosa,,,MIC,exact,32.0,,,ug/mL,6.418819980181893e-05,4.192544804205106,intermediate,moderate,broth microdilution,10.1002/cmdc.202400952,https://doi.org/10.1002/cmdc.202400952,https://pmc.ncbi.nlm.nih.gov/articles/PMC12091843/,Main article Table 1; Supporting Information Table S2,,auxiliary,False,False,,MIC,whole cell,32,μg/mL,broth microdilution,negative_SAR_examples.csv,134,Pseudomonas aeruginosa ATCC BAA 2108 (MDR),1,1,True
msr_b200d82e3b9b,GDIKNPZGPCUHQP-UHFFFAOYSA-N,WSA255,WSA255,asy_fe8e1bbaf657,whole cell,,Acinetobacter baumannii,ATCC 17978,,MIC,exact,16.0,,,ug/mL,2.9706702017642067e-05,4.527145560079267,intermediate,moderate,broth microdilution,10.1002/cmdc.202400952,https://doi.org/10.1002/cmdc.202400952,https://pmc.ncbi.nlm.nih.gov/articles/PMC12091843/,Main article Table 1; Supporting Information Table S2,,auxiliary,False,False,,MIC,whole cell,16,μg/mL,broth microdilution,negative_SAR_examples.csv,138,Acinetobacter baumannii ATCC 17978,1,1,True
msr_bd406eb025e4,GDIKNPZGPCUHQP-UHFFFAOYSA-N,WSA255,WSA255,asy_6ff789d1a279,whole cell,,Acinetobacter baumannii,,,MIC,exact,16.0,,,ug/mL,2.9706702017642067e-05,4.527145560079267,intermediate,moderate,broth microdilution,10.1002/cmdc.202400952,https://doi.org/10.1002/cmdc.202400952,https://pmc.ncbi.nlm.nih.gov/articles/PMC12091843/,Main article Table 1; Supporting Information Table S2,,auxiliary,False,False,,MIC,whole cell,16,μg/mL,broth microdilution,negative_SAR_examples.csv,139,Acinetobacter baumannii ATCC 1605 (MDR),1,1,True
msr_3f53bda540e9,GDIKNPZGPCUHQP-UHFFFAOYSA-N,WSA255,WSA255,asy_ef12eba894a9,electron transport chain,,Pseudomonas aeruginosa,,,ETC_inhibition,exact,1.7,,,ug/mL,3.1563370893744694e-06,5.500816621356918,active,active_vs_ETC,ACMA fluorescence quenching assay,10.1002/cmdc.202400952,https://doi.org/10.1002/cmdc.202400952,https://pmc.ncbi.nlm.nih.gov/articles/PMC12091843/,Supporting Information Figure S2,,auxiliary,False,False,,IC50 (ETC inhibition),electron transport chain,1.7,μg/mL,ACMA fluorescence quenching assay,negative_SAR_examples.csv,137,Pseudomonas aeruginosa (inverted membrane vesicles),1,1,True
msr_7ef30a971756,GDIKNPZGPCUHQP-UHFFFAOYSA-N,WSA255,WSA255,asy_074abd848eac,whole cell,,Pseudomonas aeruginosa,,,MIC,exact,32.0,,,ug/mL,5.9413404035284134e-05,4.226115564415287,intermediate,moderate,broth microdilution,10.1002/cmdc.202400952,https://doi.org/10.1002/cmdc.202400952,https://pmc.ncbi.nlm.nih.gov/articles/PMC12091843/,Main article Table 1; Supporting Information Table S2,,auxiliary,False,False,,MIC,whole cell,32,μg/mL,broth microdilution,negative_SAR_examples.csv,140,Pseudomonas aeruginosa ATCC BAA 2108 (MDR),1,1,True
msr_061c8f3ad8a3,FIVPERXQZKOXRV-UHFFFAOYSA-N,WSA256,WSA256,asy_fe8e1bbaf657,whole cell,,Acinetobacter baumannii,ATCC 17978,,MIC,gt,128.0,,,ug/mL,0.00024035256717197038,3.619151234872273,inactive,inactive,broth microdilution,10.1002/cmdc.202400952,https://doi.org/10.1002/cmdc.202400952,https://pmc.ncbi.nlm.nih.gov/articles/PMC12091843/,Main article Table 1; Supporting Information Table S2,,auxiliary,False,False,,MIC,whole cell,>128,μg/mL,broth microdilution,negative_SAR_examples.csv,141,Acinetobacter baumannii ATCC 17978,1,1,True
msr_fdcb3b8656bf,FIVPERXQZKOXRV-UHFFFAOYSA-N,WSA256,WSA256,asy_6ff789d1a279,whole cell,,Acinetobacter baumannii,,,MIC,gt,128.0,,,ug/mL,0.00024035256717197038,3.619151234872273,inactive,inactive,broth microdilution,10.1002/cmdc.202400952,https://doi.org/10.1002/cmdc.202400952,https://pmc.ncbi.nlm.nih.gov/articles/PMC12091843/,Main article Table 1; Supporting Information Table S2,,auxiliary,False,False,,MIC,whole cell,>128,μg/mL,broth microdilution,negative_SAR_examples.csv,142,Acinetobacter baumannii ATCC 1605 (MDR),1,1,True
msr_a76d12428b5a,FIVPERXQZKOXRV-UHFFFAOYSA-N,WSA256,WSA256,asy_074abd848eac,whole cell,,Pseudomonas aeruginosa,,,MIC,gt,128.0,,,ug/mL,0.00024035256717197038,3.619151234872273,inactive,inactive,broth microdilution,10.1002/cmdc.202400952,https://doi.org/10.1002/cmdc.202400952,https://pmc.ncbi.nlm.nih.gov/articles/PMC12091843/,Main article Table 1; Supporting Information Table S2,,auxiliary,False,False,,MIC,whole cell,>128,μg/mL,broth microdilution,negative_SAR_examples.csv,143,Pseudomonas aeruginosa ATCC BAA 2108 (MDR),1,1,True
msr_bbcc3e7855ae,NLTZNXHLSWPGMA-UHFFFAOYSA-N,WSA257,WSA257,asy_fe8e1bbaf657,whole cell,,Acinetobacter baumannii,ATCC 17978,,MIC,exact,8.0,,,ug/mL,1.6478027580098663e-05,4.78309477457733,intermediate,moderate,broth microdilution,10.1002/cmdc.202400952,https://doi.org/10.1002/cmdc.202400952,https://pmc.ncbi.nlm.nih.gov/articles/PMC12091843/,Main article Table 1; Supporting Information Table S2,,auxiliary,False,False,,MIC,whole cell,8,μg/mL,broth microdilution,negative_SAR_examples.csv,146,Acinetobacter baumannii ATCC 17978,1,1,True
msr_dfa8bb65e7fb,NLTZNXHLSWPGMA-UHFFFAOYSA-N,WSA257,WSA257,asy_6ff789d1a279,whole cell,,Acinetobacter baumannii,,,MIC,exact,16.0,,,ug/mL,3.295605516019733e-05,4.482064778913348,intermediate,moderate,broth microdilution,10.1002/cmdc.202400952,https://doi.org/10.1002/cmdc.202400952,https://pmc.ncbi.nlm.nih.gov/articles/PMC12091843/,Main article Table 1; Supporting Information Table S2,,auxiliary,False,False,,MIC,whole cell,16,μg/mL,broth microdilution,negative_SAR_examples.csv,147,Acinetobacter baumannii ATCC 1605 (MDR),1,1,True
msr_71ffcf17e822,NLTZNXHLSWPGMA-UHFFFAOYSA-N,WSA257,WSA257,asy_074abd848eac,whole cell,,Pseudomonas aeruginosa,,,MIC,exact,16.0,,,ug/mL,3.295605516019733e-05,4.482064778913348,intermediate,moderate,broth microdilution,10.1002/cmdc.202400952,https://doi.org/10.1002/cmdc.202400952,https://pmc.ncbi.nlm.nih.gov/articles/PMC12091843/,Main article Table 1; Supporting Information Table S2,,auxiliary,False,False,,MIC,whole cell,16,μg/mL,broth microdilution,negative_SAR_examples.csv,148,Pseudomonas aeruginosa ATCC BAA 2108 (MDR),1,1,True
msr_8e9381452815,ILFUWRVDQBBTFO-UHFFFAOYSA-N,WSA261,WSA261,asy_fe8e1bbaf657,whole cell,,Acinetobacter baumannii,ATCC 17978,,MIC,exact,8.0,,,ug/mL,1.613762163732309e-05,4.792160471218529,intermediate,moderate,broth microdilution,10.1002/cmdc.202400952,https://doi.org/10.1002/cmdc.202400952,https://pmc.ncbi.nlm.nih.gov/articles/PMC12091843/,Main article Table 1; Supporting Information Table S2,,auxiliary,False,False,,MIC,whole cell,8,μg/mL,broth microdilution,negative_SAR_examples.csv,149,Acinetobacter baumannii ATCC 17978,1,1,True
msr_e726986ffdfd,ILFUWRVDQBBTFO-UHFFFAOYSA-N,WSA261,WSA261,asy_6ff789d1a279,whole cell,,Acinetobacter baumannii,,,MIC,exact,16.0,,,ug/mL,3.227524327464618e-05,4.491130475554548,intermediate,moderate,broth microdilution,10.1002/cmdc.202400952,https://doi.org/10.1002/cmdc.202400952,https://pmc.ncbi.nlm.nih.gov/articles/PMC12091843/,Main article Table 1; Supporting Information Table S2,,auxiliary,False,False,,MIC,whole cell,16,μg/mL,broth microdilution,negative_SAR_examples.csv,150,Acinetobacter baumannii ATCC 1605 (MDR),1,1,True
msr_ac84ef035f6e,ILFUWRVDQBBTFO-UHFFFAOYSA-N,WSA261,WSA261,asy_074abd848eac,whole cell,,Pseudomonas aeruginosa,,,MIC,exact,64.0,,,ug/mL,0.00012910097309858472,3.8890704842265853,inactive,moderate,broth microdilution,10.1002/cmdc.202400952,https://doi.org/10.1002/cmdc.202400952,https://pmc.ncbi.nlm.nih.gov/articles/PMC12091843/,Main article Table 1; Supporting Information Table S2,,auxiliary,False,False,,MIC,whole cell,64,μg/mL,broth microdilution,negative_SAR_examples.csv,151,Pseudomonas aeruginosa ATCC BAA 2108 (MDR),1,1,True
msr_4bf68cc9c43f,ORLAXBFWLNNFRF-UHFFFAOYSA-N,WSA262,WSA262,asy_fe8e1bbaf657,whole cell,,Acinetobacter baumannii,ATCC 17978,,MIC,exact,32.0,,,ug/mL,5.972366606258667e-05,4.223853541504872,intermediate,moderate,broth microdilution,10.1002/cmdc.202400952,https://doi.org/10.1002/cmdc.202400952,https://pmc.ncbi.nlm.nih.gov/articles/PMC12091843/,Main article Table 1; Supporting Information Table S2,,auxiliary,False,False,,MIC,whole cell,32,μg/mL,broth microdilution,negative_SAR_examples.csv,152,Acinetobacter baumannii ATCC 17978,1,1,True
msr_968006101328,ORLAXBFWLNNFRF-UHFFFAOYSA-N,WSA262,WSA262,asy_6ff789d1a279,whole cell,,Acinetobacter baumannii,,,MIC,exact,32.0,,,ug/mL,5.972366606258667e-05,4.223853541504872,intermediate,moderate,broth microdilution,10.1002/cmdc.202400952,https://doi.org/10.1002/cmdc.202400952,https://pmc.ncbi.nlm.nih.gov/articles/PMC12091843/,Main article Table 1; Supporting Information Table S2,,auxiliary,False,False,,MIC,whole cell,32,μg/mL,broth microdilution,negative_SAR_examples.csv,153,Acinetobacter baumannii ATCC 1605 (MDR),1,1,True
msr_5019e5cc547c,ORLAXBFWLNNFRF-UHFFFAOYSA-N,WSA262,WSA262,asy_074abd848eac,whole cell,,Pseudomonas aeruginosa,,,MIC,exact,64.0,,,ug/mL,0.00011944733212517333,3.922823545840891,inactive,moderate,broth microdilution,10.1002/cmdc.202400952,https://doi.org/10.1002/cmdc.202400952,https://pmc.ncbi.nlm.nih.gov/articles/PMC12091843/,Main article Table 1; Supporting Information Table S2,,auxiliary,False,False,,MIC,whole cell,64,μg/mL,broth microdilution,negative_SAR_examples.csv,154,Pseudomonas aeruginosa ATCC BAA 2108 (MDR),1,1,True
msr_e2827ed52b81,HSQAOIDXEYDHQE-UHFFFAOYSA-N,WSA269,WSA269,asy_fe8e1bbaf657,whole cell,,Acinetobacter baumannii,ATCC 17978,,MIC,gt,128.0,,,ug/mL,0.00024162203895022774,3.616863455158761,inactive,inactive,broth microdilution,10.1002/cmdc.202400952,https://doi.org/10.1002/cmdc.202400952,https://pmc.ncbi.nlm.nih.gov/articles/PMC12091843/,Main article Table 1; Supporting Information Table S2,,auxiliary,False,False,,MIC,whole cell,>128,μg/mL,broth microdilution,negative_SAR_examples.csv,155,Acinetobacter baumannii ATCC 17978,1,1,True
msr_05e081b1e899,HSQAOIDXEYDHQE-UHFFFAOYSA-N,WSA269,WSA269,asy_6ff789d1a279,whole cell,,Acinetobacter baumannii,,,MIC,gt,128.0,,,ug/mL,0.00024162203895022774,3.616863455158761,inactive,inactive,broth microdilution,10.1002/cmdc.202400952,https://doi.org/10.1002/cmdc.202400952,https://pmc.ncbi.nlm.nih.gov/articles/PMC12091843/,Main article Table 1; Supporting Information Table S2,,auxiliary,False,False,,MIC,whole cell,>128,μg/mL,broth microdilution,negative_SAR_examples.csv,156,Acinetobacter baumannii ATCC 1605 (MDR),1,1,True
msr_a9201b4200d0,HSQAOIDXEYDHQE-UHFFFAOYSA-N,WSA269,WSA269,asy_074abd848eac,whole cell,,Pseudomonas aeruginosa,,,MIC,gt,128.0,,,ug/mL,0.00024162203895022774,3.616863455158761,inactive,inactive,broth microdilution,10.1002/cmdc.202400952,https://doi.org/10.1002/cmdc.202400952,https://pmc.ncbi.nlm.nih.gov/articles/PMC12091843/,Main article Table 1; Supporting Information Table S2,,auxiliary,False,False,,MIC,whole cell,>128,μg/mL,broth microdilution,negative_SAR_examples.csv,157,Pseudomonas aeruginosa ATCC BAA 2108 (MDR),1,1,True
msr_d58294d81fb6,NHYRGJGOYHRCHP-UHFFFAOYSA-N,WSA270,WSA270,asy_fe8e1bbaf657,whole cell,,Acinetobacter baumannii,ATCC 17978,,MIC,exact,16.0,,,ug/mL,3.3147088131892266e-05,4.47955461699663,intermediate,moderate,broth microdilution,10.1002/cmdc.202400952,https://doi.org/10.1002/cmdc.202400952,https://pmc.ncbi.nlm.nih.gov/articles/PMC12091843/,Main article Table 1; Supporting Information Table S2,,auxiliary,False,False,,MIC,whole cell,16,μg/mL,broth microdilution,negative_SAR_examples.csv,158,Acinetobacter baumannii ATCC 17978,1,1,True
msr_717ef1286803,NHYRGJGOYHRCHP-UHFFFAOYSA-N,WSA270,WSA270,asy_6ff789d1a279,whole cell,,Acinetobacter baumannii,,,MIC,exact,16.0,,,ug/mL,3.3147088131892266e-05,4.47955461699663,intermediate,moderate,broth microdilution,10.1002/cmdc.202400952,https://doi.org/10.1002/cmdc.202400952,https://pmc.ncbi.nlm.nih.gov/articles/PMC12091843/,Main article Table 1; Supporting Information Table S2,,auxiliary,False,False,,MIC,whole cell,16,μg/mL,broth microdilution,negative_SAR_examples.csv,159,Acinetobacter baumannii ATCC 1605 (MDR),1,1,True
msr_f3e2c8516510,NHYRGJGOYHRCHP-UHFFFAOYSA-N,WSA270,WSA270,asy_074abd848eac,whole cell,,Pseudomonas aeruginosa,,,MIC,exact,32.0,,,ug/mL,6.629417626378453e-05,4.178524621332649,intermediate,moderate,broth microdilution,10.1002/cmdc.202400952,https://doi.org/10.1002/cmdc.202400952,https://pmc.ncbi.nlm.nih.gov/articles/PMC12091843/,Main article Table 1; Supporting Information Table S2,,auxiliary,False,False,,MIC,whole cell,32,μg/mL,broth microdilution,negative_SAR_examples.csv,160,Pseudomonas aeruginosa ATCC BAA 2108 (MDR),1,1,True
msr_4bbc2056281e,WIDVPHSBAXLSEU-LJQANCHMSA-N,FRAUNFELTER2023-1,compound 1 (Fraunfelter 2023),asy_832d84d73124,bacterial electron transport chain (ACMA assay),,Escherichia coli,,,ETC_inhibition,gt,64.0,,,ug/mL,0.00016732682327411533,3.776434434015643,inactive,inactive_vs_ETC,,10.1021/acsinfecdis.3c00317,https://doi.org/10.1021/acsinfecdis.3c00317,https://pmc.ncbi.nlm.nih.gov/articles/PMC10714390/,Main article Table 2; Supporting Information Figure S2,,auxiliary,False,False,,"IC50 (ETC, ACMA fluorescence)",bacterial electron transport chain (ACMA assay),>64,ug/mL,,negative_SAR_examples.csv,303,Escherichia coli,1,1,True
msr_b6df1229d97c,WIDVPHSBAXLSEU-LJQANCHMSA-N,FRAUNFELTER2023-1,compound 1 (Fraunfelter 2023),asy_77dc027f7ebd,F1Fo-ATP synthase (Fo a/c interface),,Escherichia coli ATCC 25922,,,MIC,gt,128.0,,,ug/mL,0.00033465364654823067,3.475404438351662,inactive,inactive,broth microdilution (CLSI),10.1021/acsinfecdis.3c00317,https://doi.org/10.1021/acsinfecdis.3c00317,https://pmc.ncbi.nlm.nih.gov/articles/PMC10714390/,Source locator not independently verified; retained outside strict model-ready set,,auxiliary,False,False,,MIC,F1Fo-ATP synthase (Fo a/c interface),>128,ug/mL,broth microdilution (CLSI),negative_SAR_examples.csv,304,Escherichia coli ATCC 25922,1,1,True
msr_153f9fda6723,WIDVPHSBAXLSEU-LJQANCHMSA-N,FRAUNFELTER2023-1,compound 1 (Fraunfelter 2023),asy_b2f97bf829c7,bacterial electron transport chain (ACMA assay),,Pseudomonas aeruginosa,PAO1,,ETC_inhibition,gt,64.0,,,ug/mL,0.00016732682327411533,3.776434434015643,inactive,inactive_vs_ETC,,10.1021/acsinfecdis.3c00317,https://doi.org/10.1021/acsinfecdis.3c00317,https://pmc.ncbi.nlm.nih.gov/articles/PMC10714390/,Main article Table 2; Supporting Information Figure S2,,auxiliary,False,False,,"IC50 (ETC, ACMA fluorescence)",bacterial electron transport chain (ACMA assay),>64,ug/mL,,negative_SAR_examples.csv,302,Pseudomonas aeruginosa PAO1,1,1,True
msr_eb94c50fd6c4,WIDVPHSBAXLSEU-LJQANCHMSA-N,FRAUNFELTER2023-1,compound 1 (Fraunfelter 2023),asy_70e7c55c3cb9,F1Fo-ATP synthase (Fo a/c interface),,Pseudomonas aeruginosa,PAO1,,MIC,gt,256.0,,,ug/mL,0.0006693072930964613,3.174374442687681,inactive,inactive,broth microdilution (CLSI),10.1021/acsinfecdis.3c00317,https://doi.org/10.1021/acsinfecdis.3c00317,https://pmc.ncbi.nlm.nih.gov/articles/PMC10714390/,Source locator not independently verified; retained outside strict model-ready set,,auxiliary,False,False,,MIC,F1Fo-ATP synthase (Fo a/c interface),>256,ug/mL,broth microdilution (CLSI),negative_SAR_examples.csv,305,Pseudomonas aeruginosa PAO1 derivative 9027,2,1,True
msr_fd51ee35b372,LLKLWYWYWKDHMZ-UHFFFAOYSA-N,FRAUNFELTER2023-5,ATP Synthesis-IN-2 (IN-2); Fraunfelter2023 compound 5; Ward2024 compound 2,asy_d52baa9b8747,F1Fo-ATP synthase (Fo a/c interface),,Acinetobacter baumannii,,,MIC,exact,64.0,,,ug/mL,0.00014966664094271276,3.8248749883606967,inactive,moderate,broth microdilution (CLSI),10.1021/acsinfecdis.3c00317,https://doi.org/10.1021/acsinfecdis.3c00317,https://pmc.ncbi.nlm.nih.gov/articles/PMC10714390/,Source locator not independently verified; retained outside strict model-ready set,,auxiliary,False,False,,MIC,F1Fo-ATP synthase (Fo a/c interface),64,ug/mL,broth microdilution (CLSI),negative_SAR_examples.csv,322,Acinetobacter baumannii BAA-2108,1,1,True
msr_3acfc009757a,LLKLWYWYWKDHMZ-UHFFFAOYSA-N,FRAUNFELTER2023-5,ATP Synthesis-IN-2 (IN-2); Fraunfelter2023 compound 5; Ward2024 compound 2,asy_d52baa9b8747,F1Fo-ATP synthase (Fo a/c interface),,Acinetobacter baumannii,,,MIC,gt,128.0,,,ug/mL,0.0002993332818854255,3.523844992696716,inactive,inactive,broth microdilution (CLSI),10.1021/acsinfecdis.3c00317,https://doi.org/10.1021/acsinfecdis.3c00317,https://pmc.ncbi.nlm.nih.gov/articles/PMC10714390/,Source locator not independently verified; retained outside strict model-ready set,,auxiliary,False,False,,MIC,F1Fo-ATP synthase (Fo a/c interface),>128,ug/mL,broth microdilution (CLSI),negative_SAR_examples.csv,323,Acinetobacter baumannii BAA-2109,2,1,True
msr_54c3605af735,LLKLWYWYWKDHMZ-UHFFFAOYSA-N,FRAUNFELTER2023-5,ATP Synthesis-IN-2 (IN-2); Fraunfelter2023 compound 5; Ward2024 compound 2,asy_832d84d73124,bacterial electron transport chain (ACMA assay),,Escherichia coli,,,ETC_inhibition,gt,64.0,,,ug/mL,0.00014966664094271276,3.8248749883606967,inactive,inactive_vs_ETC,,10.1021/acsinfecdis.3c00317,https://doi.org/10.1021/acsinfecdis.3c00317,https://pmc.ncbi.nlm.nih.gov/articles/PMC10714390/,Main article Table 2; Supporting Information Figure S2,,auxiliary,False,False,,"IC50 (ETC, ACMA fluorescence)",bacterial electron transport chain (ACMA assay),>64,ug/mL,,negative_SAR_examples.csv,318,Escherichia coli,1,1,True
msr_9e19101466e9,LLKLWYWYWKDHMZ-UHFFFAOYSA-N,FRAUNFELTER2023-5,ATP Synthesis-IN-2 (IN-2); Fraunfelter2023 compound 5; Ward2024 compound 2,asy_77dc027f7ebd,F1Fo-ATP synthase (Fo a/c interface),,Escherichia coli ATCC 25922,,,MIC,exact,64.0,,,ug/mL,0.00014966664094271276,3.8248749883606967,inactive,moderate,broth microdilution (CLSI),10.1021/acsinfecdis.3c00317,https://doi.org/10.1021/acsinfecdis.3c00317,https://pmc.ncbi.nlm.nih.gov/articles/PMC10714390/,Source locator not independently verified; retained outside strict model-ready set,,auxiliary,False,False,,MIC,F1Fo-ATP synthase (Fo a/c interface),64,ug/mL,broth microdilution (CLSI),negative_SAR_examples.csv,319,Escherichia coli ATCC 25922,1,1,True
msr_043ef4bc8f4c,LLKLWYWYWKDHMZ-UHFFFAOYSA-N,FRAUNFELTER2023-5,ATP Synthesis-IN-2 (IN-2); Fraunfelter2023 compound 5; Ward2024 compound 2,asy_b2f97bf829c7,bacterial electron transport chain (ACMA assay),,Pseudomonas aeruginosa,PAO1,,ETC_inhibition,exact,27.0,,,ug/mL,6.314061414770694e-05,4.199691198185596,intermediate,active_vs_ETC,,10.1021/acsinfecdis.3c00317,https://doi.org/10.1021/acsinfecdis.3c00317,https://pmc.ncbi.nlm.nih.gov/articles/PMC10714390/,Main article Table 2; Supporting Information Figure S2,,auxiliary,False,False,,"IC50 (ETC, ACMA fluorescence)",bacterial electron transport chain (ACMA assay),27,ug/mL,,negative_SAR_examples.csv,317,Pseudomonas aeruginosa PAO1,1,1,True
msr_2dfa3e28a7c6,LLKLWYWYWKDHMZ-UHFFFAOYSA-N,FRAUNFELTER2023-5,ATP Synthesis-IN-2 (IN-2); Fraunfelter2023 compound 5; Ward2024 compound 2,asy_70e7c55c3cb9,F1Fo-ATP synthase (Fo a/c interface),,Pseudomonas aeruginosa,PAO1,,MIC,gt,128.0,,,ug/mL,0.0002993332818854255,3.523844992696716,inactive,inactive,broth microdilution (CLSI),10.1021/acsinfecdis.3c00317,https://doi.org/10.1021/acsinfecdis.3c00317,https://pmc.ncbi.nlm.nih.gov/articles/PMC10714390/,Source locator not independently verified; retained outside strict model-ready set,,auxiliary,False,False,,MIC,F1Fo-ATP synthase (Fo a/c interface),>128,ug/mL,broth microdilution (CLSI),negative_SAR_examples.csv,320,Pseudomonas aeruginosa PAO1 derivative 9027,1,1,True
msr_efe7812a8dc4,LLKLWYWYWKDHMZ-UHFFFAOYSA-N,FRAUNFELTER2023-5,ATP Synthesis-IN-2 (IN-2); Fraunfelter2023 compound 5; Ward2024 compound 2,asy_70e7c55c3cb9,F1Fo-ATP synthase (Fo a/c interface),,Pseudomonas aeruginosa,PAO1,,MIC,exact,16.0,,,ug/mL,3.741666023567819e-05,4.426934979688659,intermediate,moderate,broth microdilution (CLSI),10.1021/acsinfecdis.3c00317,https://doi.org/10.1021/acsinfecdis.3c00317,https://pmc.ncbi.nlm.nih.gov/articles/PMC10714390/,Source locator not independently verified; retained outside strict model-ready set,,auxiliary,False,False,,MIC,F1Fo-ATP synthase (Fo a/c interface),16,ug/mL,broth microdilution (CLSI),negative_SAR_examples.csv,321,Pseudomonas aeruginosa PAO1 delta6 (efflux-deficient),1,1,True
msr_c0afbb93cd7c,DVUDEYVEBQKKMF-UHFFFAOYSA-N,WARD2024-1,Ward2024 compound 1,asy_0c16566c9948,electron transport chain,,Pseudomonas aeruginosa,,,ETC_inhibition,exact,29.0,,,ug/mL,8.249909677713012e-05,4.08355080619984,intermediate,active_vs_ETC,ACMA fluorescence quenching assay,10.1021/acsmedchemlett.3c00480,https://doi.org/10.1021/acsmedchemlett.3c00480,https://pmc.ncbi.nlm.nih.gov/articles/PMC10789121/,Main article Table 1; Supporting Information Table S1,,auxiliary,False,False,,IC50 (ETC inhibition),electron transport chain,29,μg/mL,ACMA fluorescence quenching assay,negative_SAR_examples.csv,175,Pseudomonas aeruginosa (inverted membrane vesicles),1,1,True
msr_b5681d6cb86b,DVUDEYVEBQKKMF-UHFFFAOYSA-N,WARD2024-1,Ward2024 compound 1,asy_b1909b2078af,whole cell,,Pseudomonas aeruginosa,,,MIC,gt,256.0,,,ug/mL,0.0007282678887912176,3.1377088387869465,inactive,inactive,broth microdilution,10.1021/acsmedchemlett.3c00480,https://doi.org/10.1021/acsmedchemlett.3c00480,https://pmc.ncbi.nlm.nih.gov/articles/PMC10789121/,Main article Table 2,,auxiliary,False,False,,MIC,whole cell,>256,μg/mL,broth microdilution,negative_SAR_examples.csv,176,Pseudomonas aeruginosa 9027,2,1,True
msr_dfdc57bd3583,DVUDEYVEBQKKMF-UHFFFAOYSA-N,WARD2024-1,Ward2024 compound 1,asy_b1909b2078af,whole cell,,Pseudomonas aeruginosa,,,MIC,range,64.0,128.0,,ug/mL,0.0001820669721978044,3.739768830114909,inactive,unknown,broth microdilution,10.1021/acsmedchemlett.3c00480,https://doi.org/10.1021/acsmedchemlett.3c00480,https://pmc.ncbi.nlm.nih.gov/articles/PMC10789121/,Main article Table 2,,auxiliary,False,False,,MIC,whole cell,64-128,μg/mL,broth microdilution,negative_SAR_examples.csv,177,Pseudomonas aeruginosa PΔ6 (efflux knockout),1,1,True
msr_3b155b1184cb,DVUDEYVEBQKKMF-UHFFFAOYSA-N,WARD2024-1,Ward2024 compound 1,asy_b1909b2078af,whole cell,,Pseudomonas aeruginosa,,,MIC,range,128.0,256.0,,ug/mL,0.0003641339443956088,3.4387388344509278,inactive,unknown,broth microdilution,10.1021/acsmedchemlett.3c00480,https://doi.org/10.1021/acsmedchemlett.3c00480,https://pmc.ncbi.nlm.nih.gov/articles/PMC10789121/,Main article Table 2,,auxiliary,False,False,,MIC,whole cell,128-256,μg/mL,broth microdilution,negative_SAR_examples.csv,178,Pseudomonas aeruginosa ATCC BAA 2108 (MDR),1,1,True
msr_db9cc2519de7,DVUDEYVEBQKKMF-UHFFFAOYSA-N,WARD2024-1,Ward2024 compound 1,asy_b1909b2078af,whole cell,,Pseudomonas aeruginosa,,,MIC,exact,256.0,,,ug/mL,0.0007282678887912176,3.1377088387869465,inactive,inactive,broth microdilution,10.1021/acsmedchemlett.3c00480,https://doi.org/10.1021/acsmedchemlett.3c00480,https://pmc.ncbi.nlm.nih.gov/articles/PMC10789121/,Main article Table 2,,auxiliary,False,False,,MIC,whole cell,256,μg/mL,broth microdilution,negative_SAR_examples.csv,179,Pseudomonas aeruginosa ATCC BAA 2109 (MDR),1,1,True
msr_05dbcc8d02d4,GALJNXWUVQUDRC-UHFFFAOYSA-N,WARD2024-10,Ward2024 compound 10,asy_0c16566c9948,electron transport chain,,Pseudomonas aeruginosa,,,ETC_inhibition,exact,57.0,,,ug/mL,0.0001448170731707317,3.8391802340868124,inactive,weak_vs_ETC,ACMA fluorescence quenching assay,10.1021/acsmedchemlett.3c00480,https://doi.org/10.1021/acsmedchemlett.3c00480,https://pmc.ncbi.nlm.nih.gov/articles/PMC10789121/,Main article Table 1; Supporting Information Table S1,,auxiliary,False,False,,IC50 (ETC inhibition),electron transport chain,57,μg/mL,ACMA fluorescence quenching assay,negative_SAR_examples.csv,221,Pseudomonas aeruginosa (inverted membrane vesicles),1,1,True
msr_1bc6aaa9faea,GALJNXWUVQUDRC-UHFFFAOYSA-N,WARD2024-10,Ward2024 compound 10,asy_b1909b2078af,whole cell,,Pseudomonas aeruginosa,,,MIC,gt,128.0,,,ug/mL,0.0003252032520325203,3.4878451201114355,inactive,inactive,broth microdilution,10.1021/acsmedchemlett.3c00480,https://doi.org/10.1021/acsmedchemlett.3c00480,https://pmc.ncbi.nlm.nih.gov/articles/PMC10789121/,Main article Table 2,,auxiliary,False,False,,MIC,whole cell,>128,μg/mL,broth microdilution,negative_SAR_examples.csv,222,Pseudomonas aeruginosa 9027,1,1,True
msr_727674cfb4bc,GALJNXWUVQUDRC-UHFFFAOYSA-N,WARD2024-10,Ward2024 compound 10,asy_b1909b2078af,whole cell,,Pseudomonas aeruginosa,,,MIC,exact,64.0,,,ug/mL,0.00016260162601626016,3.788875115775417,inactive,moderate,broth microdilution,10.1021/acsmedchemlett.3c00480,https://doi.org/10.1021/acsmedchemlett.3c00480,https://pmc.ncbi.nlm.nih.gov/articles/PMC10789121/,Main article Table 2,,auxiliary,False,False,,MIC,whole cell,64,μg/mL,broth microdilution,negative_SAR_examples.csv,223,Pseudomonas aeruginosa PΔ6 (efflux knockout),3,1,True
msr_1c7f96d321c0,GALJNXWUVQUDRC-UHFFFAOYSA-N,WARD2024-10,Ward2024 compound 10,asy_b1909b2078af,whole cell,,Pseudomonas aeruginosa,,,MIC,exact,128.0,,,ug/mL,0.0003252032520325203,3.4878451201114355,inactive,weak,broth microdilution,10.1021/acsmedchemlett.3c00480,https://doi.org/10.1021/acsmedchemlett.3c00480,https://pmc.ncbi.nlm.nih.gov/articles/PMC10789121/,Main article Table 2,,auxiliary,False,False,,MIC,whole cell,128,μg/mL,broth microdilution,negative_SAR_examples.csv,225,Pseudomonas aeruginosa ATCC BAA 2109 (MDR),1,1,True
msr_cc8ec95deedb,IIRFHYMEOYQCBC-UHFFFAOYSA-N,WARD2024-11,Ward2024 compound 11,asy_b1909b2078af,whole cell,,Pseudomonas aeruginosa,,,MIC,gt,128.0,,,ug/mL,0.00037926824932146537,3.4210535130094466,inactive,inactive,broth microdilution,10.1021/acsmedchemlett.3c00480,https://doi.org/10.1021/acsmedchemlett.3c00480,https://pmc.ncbi.nlm.nih.gov/articles/PMC10789121/,Main article Table 2,,auxiliary,False,False,,MIC,whole cell,>128,μg/mL,broth microdilution,negative_SAR_examples.csv,228,Pseudomonas aeruginosa 9027,4,1,True
msr_f2c7e5619fc9,IIRFHYMEOYQCBC-UHFFFAOYSA-N,WARD2024-11,Ward2024 compound 11,asy_b1909b2078af,whole cell,,Pseudomonas aeruginosa,,,MIC,exact,128.0,,,ug/mL,0.00037926824932146537,3.4210535130094466,inactive,weak,broth microdilution,10.1021/acsmedchemlett.3c00480,https://doi.org/10.1021/acsmedchemlett.3c00480,https://pmc.ncbi.nlm.nih.gov/articles/PMC10789121/,Main article Table 2,,auxiliary,False,False,,MIC,whole cell,128,μg/mL,broth microdilution,negative_SAR_examples.csv,229,Pseudomonas aeruginosa PΔ6 (efflux knockout),1,1,True
msr_e8355ecfdb2f,UVOSDXRUYYKIMQ-UHFFFAOYSA-N,WARD2024-12,Ward2024 compound 12,asy_b1909b2078af,whole cell,,Pseudomonas aeruginosa,,,MIC,gt,128.0,,,ug/mL,0.00030948523900481157,3.5093600599609345,inactive,inactive,broth microdilution,10.1021/acsmedchemlett.3c00480,https://doi.org/10.1021/acsmedchemlett.3c00480,https://pmc.ncbi.nlm.nih.gov/articles/PMC10789121/,Main article Table 2,,auxiliary,False,False,,MIC,whole cell,>128,μg/mL,broth microdilution,negative_SAR_examples.csv,233,Pseudomonas aeruginosa 9027,5,1,True
msr_54e27f124906,SVSBIDILOVJTHE-UHFFFAOYSA-N,WARD2024-13,Ward2024 compound 13,asy_b1909b2078af,whole cell,,Pseudomonas aeruginosa,,,MIC,gt,128.0,,,ug/mL,0.0003725912557489666,3.4287673416687996,inactive,inactive,broth microdilution,10.1021/acsmedchemlett.3c00480,https://doi.org/10.1021/acsmedchemlett.3c00480,https://pmc.ncbi.nlm.nih.gov/articles/PMC10789121/,Main article Table 2,,auxiliary,False,False,,MIC,whole cell,>128,μg/mL,broth microdilution,negative_SAR_examples.csv,239,Pseudomonas aeruginosa 9027,4,1,True
msr_799df0e88bd8,SVSBIDILOVJTHE-UHFFFAOYSA-N,WARD2024-13,Ward2024 compound 13,asy_b1909b2078af,whole cell,,Pseudomonas aeruginosa,,,MIC,exact,128.0,,,ug/mL,0.0003725912557489666,3.4287673416687996,inactive,weak,broth microdilution,10.1021/acsmedchemlett.3c00480,https://doi.org/10.1021/acsmedchemlett.3c00480,https://pmc.ncbi.nlm.nih.gov/articles/PMC10789121/,Main article Table 2,,auxiliary,False,False,,MIC,whole cell,128,μg/mL,broth microdilution,negative_SAR_examples.csv,240,Pseudomonas aeruginosa PΔ6 (efflux knockout),1,1,True
msr_5c94a16a1636,MISXPGZSFAATQD-UHFFFAOYSA-N,WARD2024-15,Ward2024 compound 15,asy_b1909b2078af,whole cell,,Pseudomonas aeruginosa,,,MIC,gt,128.0,,,ug/mL,0.0003336765683450424,3.4766742895865703,inactive,inactive,broth microdilution,10.1021/acsmedchemlett.3c00480,https://doi.org/10.1021/acsmedchemlett.3c00480,https://pmc.ncbi.nlm.nih.gov/articles/PMC10789121/,Main article Table 2,,auxiliary,False,False,,MIC,whole cell,>128,μg/mL,broth microdilution,negative_SAR_examples.csv,252,Pseudomonas aeruginosa 9027,4,1,True
msr_90ad6d310126,MISXPGZSFAATQD-UHFFFAOYSA-N,WARD2024-15,Ward2024 compound 15,asy_b1909b2078af,whole cell,,Pseudomonas aeruginosa,,,MIC,exact,128.0,,,ug/mL,0.0003336765683450424,3.4766742895865703,inactive,weak,broth microdilution,10.1021/acsmedchemlett.3c00480,https://doi.org/10.1021/acsmedchemlett.3c00480,https://pmc.ncbi.nlm.nih.gov/articles/PMC10789121/,Main article Table 2,,auxiliary,False,False,,MIC,whole cell,128,μg/mL,broth microdilution,negative_SAR_examples.csv,253,Pseudomonas aeruginosa PΔ6 (efflux knockout),1,1,True
msr_fa31fed079c3,UYSBYFPUEOTVDZ-UHFFFAOYSA-N,WARD2024-17,Ward2024 compound 17,asy_b1909b2078af,whole cell,,Pseudomonas aeruginosa,,,MIC,gt,128.0,,,ug/mL,0.0004109756175871878,3.38618394323695,inactive,inactive,broth microdilution,10.1021/acsmedchemlett.3c00480,https://doi.org/10.1021/acsmedchemlett.3c00480,https://pmc.ncbi.nlm.nih.gov/articles/PMC10789121/,Main article Table 2,,auxiliary,False,False,,MIC,whole cell,>128,μg/mL,broth microdilution,negative_SAR_examples.csv,265,Pseudomonas aeruginosa 9027,4,1,True
msr_15b657015730,UYSBYFPUEOTVDZ-UHFFFAOYSA-N,WARD2024-17,Ward2024 compound 17,asy_b1909b2078af,whole cell,,Pseudomonas aeruginosa,,,MIC,exact,128.0,,,ug/mL,0.0004109756175871878,3.38618394323695,inactive,weak,broth microdilution,10.1021/acsmedchemlett.3c00480,https://doi.org/10.1021/acsmedchemlett.3c00480,https://pmc.ncbi.nlm.nih.gov/articles/PMC10789121/,Main article Table 2,,auxiliary,False,False,,MIC,whole cell,128,μg/mL,broth microdilution,negative_SAR_examples.csv,266,Pseudomonas aeruginosa PΔ6 (efflux knockout),1,1,True
msr_6591af7f38a8,OQBHGUMTARFMHR-UHFFFAOYSA-N,WARD2024-18,Ward2024 compound 18,asy_b1909b2078af,whole cell,,Pseudomonas aeruginosa,,,MIC,gt,128.0,,,ug/mL,0.00033027825943357275,3.4811200128020143,inactive,inactive,broth microdilution,10.1021/acsmedchemlett.3c00480,https://doi.org/10.1021/acsmedchemlett.3c00480,https://pmc.ncbi.nlm.nih.gov/articles/PMC10789121/,Main article Table 2,,auxiliary,False,False,,MIC,whole cell,>128,μg/mL,broth microdilution,negative_SAR_examples.csv,271,Pseudomonas aeruginosa 9027,5,1,True
msr_c93a9bdb27f3,PXXYITLVUSHXPN-UHFFFAOYSA-N,WARD2024-19,Ward2024 compound 19,asy_b1909b2078af,whole cell,,Pseudomonas aeruginosa,,,MIC,gt,128.0,,,ug/mL,0.0003781611912077523,3.42232304267537,inactive,inactive,broth microdilution,10.1021/acsmedchemlett.3c00480,https://doi.org/10.1021/acsmedchemlett.3c00480,https://pmc.ncbi.nlm.nih.gov/articles/PMC10789121/,Main article Table 2,,auxiliary,False,False,,MIC,whole cell,>128,μg/mL,broth microdilution,negative_SAR_examples.csv,277,Pseudomonas aeruginosa 9027,4,1,True
msr_5747d9500e30,PXXYITLVUSHXPN-UHFFFAOYSA-N,WARD2024-19,Ward2024 compound 19,asy_b1909b2078af,whole cell,,Pseudomonas aeruginosa,,,MIC,exact,128.0,,,ug/mL,0.0003781611912077523,3.42232304267537,inactive,weak,broth microdilution,10.1021/acsmedchemlett.3c00480,https://doi.org/10.1021/acsmedchemlett.3c00480,https://pmc.ncbi.nlm.nih.gov/articles/PMC10789121/,Main article Table 2,,auxiliary,False,False,,MIC,whole cell,128,μg/mL,broth microdilution,negative_SAR_examples.csv,278,Pseudomonas aeruginosa PΔ6 (efflux knockout),1,1,True
msr_51fe5a2ecc06,LLKLWYWYWKDHMZ-UHFFFAOYSA-N,WARD2024-2,Ward2024 compound 2 (ATP Synthesis-IN-2 (IN-2); Fraunfelter2023 compound 5),asy_0c16566c9948,electron transport chain,,Pseudomonas aeruginosa,,,ETC_inhibition,exact,27.0,,,ug/mL,6.314061414770694e-05,4.199691198185596,intermediate,active_vs_ETC,ACMA fluorescence quenching assay,10.1021/acsmedchemlett.3c00480,https://doi.org/10.1021/acsmedchemlett.3c00480,https://pmc.ncbi.nlm.nih.gov/articles/PMC10789121/,Main article Table 1; Supporting Information Table S1,,auxiliary,False,False,,IC50 (ETC inhibition),electron transport chain,27,μg/mL,ACMA fluorescence quenching assay,negative_SAR_examples.csv,182,Pseudomonas aeruginosa (inverted membrane vesicles),1,1,True
msr_06874ece66a0,LLKLWYWYWKDHMZ-UHFFFAOYSA-N,WARD2024-2,Ward2024 compound 2 (ATP Synthesis-IN-2 (IN-2); Fraunfelter2023 compound 5),asy_b1909b2078af,whole cell,,Pseudomonas aeruginosa,,,MIC,gt,128.0,,,ug/mL,0.0002993332818854255,3.523844992696716,inactive,inactive,broth microdilution,10.1021/acsmedchemlett.3c00480,https://doi.org/10.1021/acsmedchemlett.3c00480,https://pmc.ncbi.nlm.nih.gov/articles/PMC10789121/,Main article Table 2,,auxiliary,False,False,,MIC,whole cell,>128,μg/mL,broth microdilution,negative_SAR_examples.csv,183,Pseudomonas aeruginosa 9027,3,1,True
msr_01e6048d7d80,LLKLWYWYWKDHMZ-UHFFFAOYSA-N,WARD2024-2,Ward2024 compound 2 (ATP Synthesis-IN-2 (IN-2); Fraunfelter2023 compound 5),asy_b1909b2078af,whole cell,,Pseudomonas aeruginosa,,,MIC,exact,16.0,,,ug/mL,3.741666023567819e-05,4.426934979688659,intermediate,moderate,broth microdilution,10.1021/acsmedchemlett.3c00480,https://doi.org/10.1021/acsmedchemlett.3c00480,https://pmc.ncbi.nlm.nih.gov/articles/PMC10789121/,Main article Table 2,,auxiliary,False,False,,MIC,whole cell,16,μg/mL,broth microdilution,negative_SAR_examples.csv,184,Pseudomonas aeruginosa PΔ6 (efflux knockout),1,1,True
msr_83868a639cbc,LLKLWYWYWKDHMZ-UHFFFAOYSA-N,WARD2024-2,Ward2024 compound 2 (ATP Synthesis-IN-2 (IN-2); Fraunfelter2023 compound 5),asy_b1909b2078af,whole cell,,Pseudomonas aeruginosa,,,MIC,exact,64.0,,,ug/mL,0.00014966664094271276,3.8248749883606967,inactive,moderate,broth microdilution,10.1021/acsmedchemlett.3c00480,https://doi.org/10.1021/acsmedchemlett.3c00480,https://pmc.ncbi.nlm.nih.gov/articles/PMC10789121/,Main article Table 2,,auxiliary,False,False,,MIC,whole cell,64,μg/mL,broth microdilution,negative_SAR_examples.csv,185,Pseudomonas aeruginosa ATCC BAA 2108 (MDR),1,1,True
msr_ec3fcd0c1f90,JHBGNEYJXHSZKP-UHFFFAOYSA-N,WARD2024-20,Ward2024 compound 20,asy_b1909b2078af,whole cell,,Pseudomonas aeruginosa,,,MIC,gt,128.0,,,ug/mL,0.0003087476904225502,3.510396282446427,inactive,inactive,broth microdilution,10.1021/acsmedchemlett.3c00480,https://doi.org/10.1021/acsmedchemlett.3c00480,https://pmc.ncbi.nlm.nih.gov/articles/PMC10789121/,Main article Table 2,,auxiliary,False,False,,MIC,whole cell,>128,μg/mL,broth microdilution,negative_SAR_examples.csv,283,Pseudomonas aeruginosa 9027,5,1,True
msr_48bf9a716e49,UOLLIRMONGMMAV-UHFFFAOYSA-N,WARD2024-21,Ward2024 compound 21,asy_b1909b2078af,whole cell,,Pseudomonas aeruginosa,,,MIC,gt,128.0,,,ug/mL,0.0004289328619539902,3.367610679761008,inactive,inactive,broth microdilution,10.1021/acsmedchemlett.3c00480,https://doi.org/10.1021/acsmedchemlett.3c00480,https://pmc.ncbi.nlm.nih.gov/articles/PMC10789121/,Main article Table 2,,auxiliary,False,False,,MIC,whole cell,>128,μg/mL,broth microdilution,negative_SAR_examples.csv,289,Pseudomonas aeruginosa 9027,4,1,True
msr_8d41b9f78d00,UOLLIRMONGMMAV-UHFFFAOYSA-N,WARD2024-21,Ward2024 compound 21,asy_b1909b2078af,whole cell,,Pseudomonas aeruginosa,,,MIC,exact,128.0,,,ug/mL,0.0004289328619539902,3.367610679761008,inactive,weak,broth microdilution,10.1021/acsmedchemlett.3c00480,https://doi.org/10.1021/acsmedchemlett.3c00480,https://pmc.ncbi.nlm.nih.gov/articles/PMC10789121/,Main article Table 2,,auxiliary,False,False,,MIC,whole cell,128,μg/mL,broth microdilution,negative_SAR_examples.csv,290,Pseudomonas aeruginosa PΔ6 (efflux knockout),1,1,True
msr_2f417851bea6,SGQDQCCZJOEXJH-UHFFFAOYSA-N,WARD2024-22,Ward2024 compound 22,asy_0c16566c9948,electron transport chain,,Pseudomonas aeruginosa,,,ETC_inhibition,exact,15.0,,,ug/mL,4.005201421579491e-05,4.397375638361047,intermediate,active_vs_ETC,ACMA fluorescence quenching assay,10.1021/acsmedchemlett.3c00480,https://doi.org/10.1021/acsmedchemlett.3c00480,https://pmc.ncbi.nlm.nih.gov/articles/PMC10789121/,Main article Table 1; Supporting Information Table S1,,auxiliary,False,False,,IC50 (ETC inhibition),electron transport chain,15,μg/mL,ACMA fluorescence quenching assay,negative_SAR_examples.csv,295,Pseudomonas aeruginosa (inverted membrane vesicles),1,1,True
msr_b22abe1e9705,SGQDQCCZJOEXJH-UHFFFAOYSA-N,WARD2024-22,Ward2024 compound 22,asy_b1909b2078af,whole cell,,Pseudomonas aeruginosa,,,MIC,gt,128.0,,,ug/mL,0.0003417771879747833,3.4662569277688595,inactive,inactive,broth microdilution,10.1021/acsmedchemlett.3c00480,https://doi.org/10.1021/acsmedchemlett.3c00480,https://pmc.ncbi.nlm.nih.gov/articles/PMC10789121/,Main article Table 2,,auxiliary,False,False,,MIC,whole cell,>128,μg/mL,broth microdilution,negative_SAR_examples.csv,296,Pseudomonas aeruginosa 9027,2,1,True
msr_e266bedb9150,SGQDQCCZJOEXJH-UHFFFAOYSA-N,WARD2024-22,Ward2024 compound 22,asy_b1909b2078af,whole cell,,Pseudomonas aeruginosa,,,MIC,exact,16.0,,,ug/mL,4.272214849684791e-05,4.369346914760803,intermediate,moderate,broth microdilution,10.1021/acsmedchemlett.3c00480,https://doi.org/10.1021/acsmedchemlett.3c00480,https://pmc.ncbi.nlm.nih.gov/articles/PMC10789121/,Main article Table 2,,auxiliary,False,False,,MIC,whole cell,16,μg/mL,broth microdilution,negative_SAR_examples.csv,297,Pseudomonas aeruginosa PΔ6 (efflux knockout),1,1,True
msr_29be0bfaa484,SGQDQCCZJOEXJH-UHFFFAOYSA-N,WARD2024-22,Ward2024 compound 22,asy_b1909b2078af,whole cell,,Pseudomonas aeruginosa,,,MIC,exact,32.0,,,ug/mL,8.544429699369582e-05,4.068316919096822,intermediate,moderate,broth microdilution,10.1021/acsmedchemlett.3c00480,https://doi.org/10.1021/acsmedchemlett.3c00480,https://pmc.ncbi.nlm.nih.gov/articles/PMC10789121/,Main article Table 2,,auxiliary,False,False,,MIC,whole cell,32,μg/mL,broth microdilution,negative_SAR_examples.csv,298,Pseudomonas aeruginosa ATCC BAA 2108 (MDR),1,1,True
msr_ade4f360fbf0,SGQDQCCZJOEXJH-UHFFFAOYSA-N,WARD2024-22,Ward2024 compound 22,asy_b1909b2078af,whole cell,,Pseudomonas aeruginosa,,,MIC,exact,64.0,,,ug/mL,0.00017088859398739164,3.7672869234328408,inactive,moderate,broth microdilution,10.1021/acsmedchemlett.3c00480,https://doi.org/10.1021/acsmedchemlett.3c00480,https://pmc.ncbi.nlm.nih.gov/articles/PMC10789121/,Main article Table 2,,auxiliary,False,False,,MIC,whole cell,64,μg/mL,broth microdilution,negative_SAR_examples.csv,299,Pseudomonas aeruginosa ATCC BAA 2109 (MDR),1,1,True
msr_ca3de34ab1ec,BMTCMYDFINDWQK-UHFFFAOYSA-N,WARD2024-5,Ward2024 compound 5,asy_b1909b2078af,whole cell,,Pseudomonas aeruginosa,,,MIC,gt,128.0,,,ug/mL,0.00044222105524999313,3.3543605834190076,inactive,inactive,broth microdilution,10.1021/acsmedchemlett.3c00480,https://doi.org/10.1021/acsmedchemlett.3c00480,https://pmc.ncbi.nlm.nih.gov/articles/PMC10789121/,Main article Table 2,,auxiliary,False,False,,MIC,whole cell,>128,μg/mL,broth microdilution,negative_SAR_examples.csv,189,Pseudomonas aeruginosa 9027,5,1,True
msr_f6b5ab8386b6,LKLACXNGVWXYAW-UHFFFAOYSA-N,WARD2024-6,Ward2024 compound 6,asy_0c16566c9948,electron transport chain,,Pseudomonas aeruginosa,,,ETC_inhibition,exact,44.0,,,ug/mL,0.00012036788803597906,3.9194893594975304,inactive,active_vs_ETC,ACMA fluorescence quenching assay,10.1021/acsmedchemlett.3c00480,https://doi.org/10.1021/acsmedchemlett.3c00480,https://pmc.ncbi.nlm.nih.gov/articles/PMC10789121/,Main article Table 1; Supporting Information Table S1,,auxiliary,False,False,,IC50 (ETC inhibition),electron transport chain,44,μg/mL,ACMA fluorescence quenching assay,negative_SAR_examples.csv,195,Pseudomonas aeruginosa (inverted membrane vesicles),1,1,True
msr_2e011d1aea93,LKLACXNGVWXYAW-UHFFFAOYSA-N,WARD2024-6,Ward2024 compound 6,asy_b1909b2078af,whole cell,,Pseudomonas aeruginosa,,,MIC,gt,128.0,,,ug/mL,0.0003501611288319391,3.4557320663358495,inactive,inactive,broth microdilution,10.1021/acsmedchemlett.3c00480,https://doi.org/10.1021/acsmedchemlett.3c00480,https://pmc.ncbi.nlm.nih.gov/articles/PMC10789121/,Main article Table 2,,auxiliary,False,False,,MIC,whole cell,>128,μg/mL,broth microdilution,negative_SAR_examples.csv,196,Pseudomonas aeruginosa 9027,1,1,True
msr_98aca8ab6781,LKLACXNGVWXYAW-UHFFFAOYSA-N,WARD2024-6,Ward2024 compound 6,asy_b1909b2078af,whole cell,,Pseudomonas aeruginosa,,,MIC,exact,16.0,,,ug/mL,4.3770141103992385e-05,4.358822053327793,intermediate,moderate,broth microdilution,10.1021/acsmedchemlett.3c00480,https://doi.org/10.1021/acsmedchemlett.3c00480,https://pmc.ncbi.nlm.nih.gov/articles/PMC10789121/,Main article Table 2,,auxiliary,False,False,,MIC,whole cell,16,μg/mL,broth microdilution,negative_SAR_examples.csv,197,Pseudomonas aeruginosa PΔ6 (efflux knockout),1,1,True
msr_7fdcbb022614,LKLACXNGVWXYAW-UHFFFAOYSA-N,WARD2024-6,Ward2024 compound 6,asy_b1909b2078af,whole cell,,Pseudomonas aeruginosa,,,MIC,exact,64.0,,,ug/mL,0.00017508056441596954,3.7567620619998308,inactive,moderate,broth microdilution,10.1021/acsmedchemlett.3c00480,https://doi.org/10.1021/acsmedchemlett.3c00480,https://pmc.ncbi.nlm.nih.gov/articles/PMC10789121/,Main article Table 2,,auxiliary,False,False,,MIC,whole cell,64,μg/mL,broth microdilution,negative_SAR_examples.csv,198,Pseudomonas aeruginosa ATCC BAA 2108 (MDR),2,1,True
msr_a1bc8998c8ac,LKLACXNGVWXYAW-UHFFFAOYSA-N,WARD2024-6,Ward2024 compound 6,asy_b1909b2078af,whole cell,,Pseudomonas aeruginosa,,,MIC,exact,32.0,,,ug/mL,8.754028220798477e-05,4.057792057663812,intermediate,moderate,broth microdilution,10.1021/acsmedchemlett.3c00480,https://doi.org/10.1021/acsmedchemlett.3c00480,https://pmc.ncbi.nlm.nih.gov/articles/PMC10789121/,Main article Table 2,,auxiliary,False,False,,MIC,whole cell,32,μg/mL,broth microdilution,negative_SAR_examples.csv,200,Pseudomonas aeruginosa ATCC BAA 2110 (MDR),1,1,True
msr_cabe10e14d3d,BAVNIUAXBSRCQM-UHFFFAOYSA-N,WARD2024-7,Ward2024 compound 7,asy_b1909b2078af,whole cell,,Pseudomonas aeruginosa,,,MIC,gt,128.0,,,ug/mL,0.00042178103632918687,3.374912950444643,inactive,inactive,broth microdilution,10.1021/acsmedchemlett.3c00480,https://doi.org/10.1021/acsmedchemlett.3c00480,https://pmc.ncbi.nlm.nih.gov/articles/PMC10789121/,Main article Table 2,,auxiliary,False,False,,MIC,whole cell,>128,μg/mL,broth microdilution,negative_SAR_examples.csv,202,Pseudomonas aeruginosa 9027,5,1,True
msr_2be155679452,APMKTVCBYUVFFM-UHFFFAOYSA-N,WARD2024-8,Ward2024 compound 8,asy_0c16566c9948,electron transport chain,,Pseudomonas aeruginosa,,,ETC_inhibition,exact,26.0,,,ug/mL,6.849802277822712e-05,4.164321964403905,intermediate,active_vs_ETC,ACMA fluorescence quenching assay,10.1021/acsmedchemlett.3c00480,https://doi.org/10.1021/acsmedchemlett.3c00480,https://pmc.ncbi.nlm.nih.gov/articles/PMC10789121/,Main article Table 1; Supporting Information Table S1,,auxiliary,False,False,,IC50 (ETC inhibition),electron transport chain,26,μg/mL,ACMA fluorescence quenching assay,negative_SAR_examples.csv,208,Pseudomonas aeruginosa (inverted membrane vesicles),1,1,True
msr_b8a33ed2f2d8,APMKTVCBYUVFFM-UHFFFAOYSA-N,WARD2024-8,Ward2024 compound 8,asy_b1909b2078af,whole cell,,Pseudomonas aeruginosa,,,MIC,gt,128.0,,,ug/mL,0.00033722103521588735,3.4720853427268548,inactive,inactive,broth microdilution,10.1021/acsmedchemlett.3c00480,https://doi.org/10.1021/acsmedchemlett.3c00480,https://pmc.ncbi.nlm.nih.gov/articles/PMC10789121/,Main article Table 2,,auxiliary,False,False,,MIC,whole cell,>128,μg/mL,broth microdilution,negative_SAR_examples.csv,209,Pseudomonas aeruginosa 9027,1,1,True
msr_d541da5c3c03,APMKTVCBYUVFFM-UHFFFAOYSA-N,WARD2024-8,Ward2024 compound 8,asy_b1909b2078af,whole cell,,Pseudomonas aeruginosa,,,MIC,exact,16.0,,,ug/mL,4.215262940198592e-05,4.3751753297187985,intermediate,moderate,broth microdilution,10.1021/acsmedchemlett.3c00480,https://doi.org/10.1021/acsmedchemlett.3c00480,https://pmc.ncbi.nlm.nih.gov/articles/PMC10789121/,Main article Table 2,,auxiliary,False,False,,MIC,whole cell,16,μg/mL,broth microdilution,negative_SAR_examples.csv,210,Pseudomonas aeruginosa PΔ6 (efflux knockout),1,1,True
msr_1ec3d1948bd2,APMKTVCBYUVFFM-UHFFFAOYSA-N,WARD2024-8,Ward2024 compound 8,asy_b1909b2078af,whole cell,,Pseudomonas aeruginosa,,,MIC,exact,64.0,,,ug/mL,0.00016861051760794368,3.773115338390836,inactive,moderate,broth microdilution,10.1021/acsmedchemlett.3c00480,https://doi.org/10.1021/acsmedchemlett.3c00480,https://pmc.ncbi.nlm.nih.gov/articles/PMC10789121/,Main article Table 2,,auxiliary,False,False,,MIC,whole cell,64,μg/mL,broth microdilution,negative_SAR_examples.csv,211,Pseudomonas aeruginosa ATCC BAA 2108 (MDR),2,1,True
msr_161a4784e845,APMKTVCBYUVFFM-UHFFFAOYSA-N,WARD2024-8,Ward2024 compound 8,asy_b1909b2078af,whole cell,,Pseudomonas aeruginosa,,,MIC,exact,32.0,,,ug/mL,8.430525880397184e-05,4.074145334054817,intermediate,moderate,broth microdilution,10.1021/acsmedchemlett.3c00480,https://doi.org/10.1021/acsmedchemlett.3c00480,https://pmc.ncbi.nlm.nih.gov/articles/PMC10789121/,Main article Table 2,,auxiliary,False,False,,MIC,whole cell,32,μg/mL,broth microdilution,negative_SAR_examples.csv,213,Pseudomonas aeruginosa ATCC BAA 2110 (MDR),1,1,True
msr_d2e1ae13440e,OUUCQDAKDZWOHC-UHFFFAOYSA-N,WARD2024-9,Ward2024 compound 9,asy_b1909b2078af,whole cell,,Pseudomonas aeruginosa,,,MIC,gt,128.0,,,ug/mL,0.00040314706679013047,3.3945364956847817,inactive,inactive,broth microdilution,10.1021/acsmedchemlett.3c00480,https://doi.org/10.1021/acsmedchemlett.3c00480,https://pmc.ncbi.nlm.nih.gov/articles/PMC10789121/,Main article Table 2,,auxiliary,False,False,,MIC,whole cell,>128,μg/mL,broth microdilution,negative_SAR_examples.csv,215,Pseudomonas aeruginosa 9027,4,1,True
msr_ff0ed4be0fbe,OUUCQDAKDZWOHC-UHFFFAOYSA-N,WARD2024-9,Ward2024 compound 9,asy_b1909b2078af,whole cell,,Pseudomonas aeruginosa,,,MIC,exact,128.0,,,ug/mL,0.00040314706679013047,3.3945364956847817,inactive,weak,broth microdilution,10.1021/acsmedchemlett.3c00480,https://doi.org/10.1021/acsmedchemlett.3c00480,https://pmc.ncbi.nlm.nih.gov/articles/PMC10789121/,Main article Table 2,,auxiliary,False,False,,MIC,whole cell,128,μg/mL,broth microdilution,negative_SAR_examples.csv,216,Pseudomonas aeruginosa PΔ6 (efflux knockout),1,1,True
msr_79f567f51d63,CJWSCOKTAUPKHM-UHFFFAOYSA-N,WSA236,Ward2024 compound 14 (WSA236),asy_0c16566c9948,electron transport chain,,Pseudomonas aeruginosa,,,ETC_inhibition,exact,26.0,,,ug/mL,6.19581639413018e-05,4.2079014605380065,intermediate,active_vs_ETC,ACMA fluorescence quenching assay,10.1021/acsmedchemlett.3c00480,https://doi.org/10.1021/acsmedchemlett.3c00480,https://pmc.ncbi.nlm.nih.gov/articles/PMC10789121/,Main article Table 1; Supporting Information Table S1,,auxiliary,False,False,,IC50 (ETC inhibition),electron transport chain,26,μg/mL,ACMA fluorescence quenching assay,negative_SAR_examples.csv,245,Pseudomonas aeruginosa (inverted membrane vesicles),1,1,True
msr_55285daa26ad,CJWSCOKTAUPKHM-UHFFFAOYSA-N,WSA236,Ward2024 compound 14 (WSA236),asy_b1909b2078af,whole cell,,Pseudomonas aeruginosa,,,MIC,gt,128.0,,,ug/mL,0.0003050248070956396,3.515664838860956,inactive,inactive,broth microdilution,10.1021/acsmedchemlett.3c00480,https://doi.org/10.1021/acsmedchemlett.3c00480,https://pmc.ncbi.nlm.nih.gov/articles/PMC10789121/,Main article Table 2,,auxiliary,False,False,,MIC,whole cell,>128,μg/mL,broth microdilution,negative_SAR_examples.csv,246,Pseudomonas aeruginosa 9027,1,1,True
msr_91d7f7d81191,CJWSCOKTAUPKHM-UHFFFAOYSA-N,WSA236,Ward2024 compound 14 (WSA236),asy_b1909b2078af,whole cell,,Pseudomonas aeruginosa,,,MIC,exact,16.0,,,ug/mL,3.812810088695495e-05,4.4187548258529,intermediate,moderate,broth microdilution,10.1021/acsmedchemlett.3c00480,https://doi.org/10.1021/acsmedchemlett.3c00480,https://pmc.ncbi.nlm.nih.gov/articles/PMC10789121/,Main article Table 2,,auxiliary,False,False,,MIC,whole cell,16,μg/mL,broth microdilution,negative_SAR_examples.csv,247,Pseudomonas aeruginosa PΔ6 (efflux knockout),2,1,True
msr_95ce75dcbc13,CJWSCOKTAUPKHM-UHFFFAOYSA-N,WSA236,Ward2024 compound 14 (WSA236),asy_b1909b2078af,whole cell,,Pseudomonas aeruginosa,,,MIC,exact,32.0,,,ug/mL,7.62562017739099e-05,4.117724830188918,intermediate,moderate,broth microdilution,10.1021/acsmedchemlett.3c00480,https://doi.org/10.1021/acsmedchemlett.3c00480,https://pmc.ncbi.nlm.nih.gov/articles/PMC10789121/,Main article Table 2,,auxiliary,False,False,,MIC,whole cell,32,μg/mL,broth microdilution,negative_SAR_examples.csv,248,Pseudomonas aeruginosa ATCC BAA 2108 (MDR),1,1,True
msr_b43d84c35cc6,CJWSCOKTAUPKHM-UHFFFAOYSA-N,WSA236,Ward2024 compound 14 (WSA236),asy_b1909b2078af,whole cell,,Pseudomonas aeruginosa,,,MIC,exact,64.0,,,ug/mL,0.0001525124035478198,3.816694834524937,inactive,moderate,broth microdilution,10.1021/acsmedchemlett.3c00480,https://doi.org/10.1021/acsmedchemlett.3c00480,https://pmc.ncbi.nlm.nih.gov/articles/PMC10789121/,Main article Table 2,,auxiliary,False,False,,MIC,whole cell,64,μg/mL,broth microdilution,negative_SAR_examples.csv,249,Pseudomonas aeruginosa ATCC BAA 2109 (MDR),1,1,True
msr_9c6e4e7c1125,CKJASZDKIIXJGB-UHFFFAOYSA-N,WSA238,Ward2024 compound 16 (WSA238),asy_0c16566c9948,electron transport chain,,Pseudomonas aeruginosa,,,ETC_inhibition,exact,14.0,,,ug/mL,3.0454445587694665e-05,4.516349302266534,intermediate,active_vs_ETC,ACMA fluorescence quenching assay,10.1021/acsmedchemlett.3c00480,https://doi.org/10.1021/acsmedchemlett.3c00480,https://pmc.ncbi.nlm.nih.gov/articles/PMC10789121/,Main article Table 1; Supporting Information Table S1,,auxiliary,False,False,,IC50 (ETC inhibition),electron transport chain,14,μg/mL,ACMA fluorescence quenching assay,negative_SAR_examples.csv,258,Pseudomonas aeruginosa (inverted membrane vesicles),1,1,True
msr_8ea421c2d6ee,CKJASZDKIIXJGB-UHFFFAOYSA-N,WSA238,Ward2024 compound 16 (WSA238),asy_b1909b2078af,whole cell,,Pseudomonas aeruginosa,,,MIC,gt,128.0,,,ug/mL,0.00027844064537320835,3.555267368296904,inactive,inactive,broth microdilution,10.1021/acsmedchemlett.3c00480,https://doi.org/10.1021/acsmedchemlett.3c00480,https://pmc.ncbi.nlm.nih.gov/articles/PMC10789121/,Main article Table 2,,auxiliary,False,False,,MIC,whole cell,>128,μg/mL,broth microdilution,negative_SAR_examples.csv,259,Pseudomonas aeruginosa 9027,2,1,True
msr_71148f81d523,CKJASZDKIIXJGB-UHFFFAOYSA-N,WSA238,Ward2024 compound 16 (WSA238),asy_b1909b2078af,whole cell,,Pseudomonas aeruginosa,,,MIC,exact,8.0,,,ug/mL,1.7402540335825522e-05,4.759387350952829,intermediate,moderate,broth microdilution,10.1021/acsmedchemlett.3c00480,https://doi.org/10.1021/acsmedchemlett.3c00480,https://pmc.ncbi.nlm.nih.gov/articles/PMC10789121/,Main article Table 2,,auxiliary,False,False,,MIC,whole cell,8,μg/mL,broth microdilution,negative_SAR_examples.csv,260,Pseudomonas aeruginosa PΔ6 (efflux knockout),1,1,True
msr_07e4b67d0cce,CKJASZDKIIXJGB-UHFFFAOYSA-N,WSA238,Ward2024 compound 16 (WSA238),asy_b1909b2078af,whole cell,,Pseudomonas aeruginosa,,,MIC,exact,32.0,,,ug/mL,6.961016134330209e-05,4.157327359624866,intermediate,moderate,broth microdilution,10.1021/acsmedchemlett.3c00480,https://doi.org/10.1021/acsmedchemlett.3c00480,https://pmc.ncbi.nlm.nih.gov/articles/PMC10789121/,Main article Table 2,,auxiliary,False,False,,MIC,whole cell,32,μg/mL,broth microdilution,negative_SAR_examples.csv,261,Pseudomonas aeruginosa ATCC BAA 2108 (MDR),1,1,True
msr_390b20db4569,CKJASZDKIIXJGB-UHFFFAOYSA-N,WSA238,Ward2024 compound 16 (WSA238),asy_b1909b2078af,whole cell,,Pseudomonas aeruginosa,,,MIC,exact,64.0,,,ug/mL,0.00013922032268660417,3.856297363960885,inactive,moderate,broth microdilution,10.1021/acsmedchemlett.3c00480,https://doi.org/10.1021/acsmedchemlett.3c00480,https://pmc.ncbi.nlm.nih.gov/articles/PMC10789121/,Main article Table 2,,auxiliary,False,False,,MIC,whole cell,64,μg/mL,broth microdilution,negative_SAR_examples.csv,262,Pseudomonas aeruginosa ATCC BAA 2109 (MDR),1,1,True
msr_64478bf1b2db,RIDDIWJTDCGXDH-NRFANRHFSA-N,STEED2022-15,compound 15 (Steed 2022),asy_657243d3d7b6,F1Fo-ATP synthase (Fo a/c interface),,Pseudomonas aeruginosa,PAO1,,MIC,gt,256.0,,,ug/mL,0.0006764040668794522,3.1697937898708735,inactive,inactive,broth microdilution (CLSI),10.1021/acsomega.2c03127,https://doi.org/10.1021/acsomega.2c03127,https://pmc.ncbi.nlm.nih.gov/articles/PMC9386795/,Main article Tables 1-2; Supporting Information Table S1,,auxiliary,False,False,,MIC,F1Fo-ATP synthase (Fo a/c interface),>256,ug/mL,broth microdilution (CLSI),negative_SAR_examples.csv,336,Pseudomonas aeruginosa PAO1 (wild type),2,1,True
msr_e1111fe02f6a,RIDDIWJTDCGXDH-NRFANRHFSA-N,STEED2022-15,compound 15 (Steed 2022),asy_af3d169563ac,F1Fo-ATP synthase (Fo a/c interface),,Staphylococcus aureus (MSSA),,,MIC,gt,128.0,,,ug/mL,0.0003382020334397261,3.4708237855348547,inactive,inactive,broth microdilution (CLSI),10.1021/acsomega.2c03127,https://doi.org/10.1021/acsomega.2c03127,https://pmc.ncbi.nlm.nih.gov/articles/PMC9386795/,Main article Tables 1-2; Supporting Information Table S1,,auxiliary,False,False,,MIC,F1Fo-ATP synthase (Fo a/c interface),>128,ug/mL,broth microdilution (CLSI),negative_SAR_examples.csv,335,Staphylococcus aureus (MSSA),1,1,True
msr_b643a140939b,HXWNUGNSPIOUKJ-HNNXBMFYSA-N,STEED2022-17,compound 17 (Steed 2022),asy_657243d3d7b6,F1Fo-ATP synthase (Fo a/c interface),,Pseudomonas aeruginosa,PAO1,,MIC,gt,256.0,,,ug/mL,0.0007303664099923254,3.136459208489132,inactive,inactive,broth microdilution (CLSI),10.1021/acsomega.2c03127,https://doi.org/10.1021/acsomega.2c03127,https://pmc.ncbi.nlm.nih.gov/articles/PMC9386795/,Main article Tables 1-2; Supporting Information Table S1,,auxiliary,False,False,,MIC,F1Fo-ATP synthase (Fo a/c interface),>256,ug/mL,broth microdilution (CLSI),negative_SAR_examples.csv,340,Pseudomonas aeruginosa PAO1 (wild type),1,1,True
msr_c741c3fa0619,HXWNUGNSPIOUKJ-HNNXBMFYSA-N,STEED2022-17,compound 17 (Steed 2022),asy_657243d3d7b6,F1Fo-ATP synthase (Fo a/c interface),,Pseudomonas aeruginosa,PAO1,,MIC,exact,256.0,,,ug/mL,0.0007303664099923254,3.136459208489132,inactive,inactive,broth microdilution (CLSI),10.1021/acsomega.2c03127,https://doi.org/10.1021/acsomega.2c03127,https://pmc.ncbi.nlm.nih.gov/articles/PMC9386795/,Main article Tables 1-2; Supporting Information Table S1,,auxiliary,False,False,,MIC,F1Fo-ATP synthase (Fo a/c interface),256,ug/mL,broth microdilution (CLSI),negative_SAR_examples.csv,341,Pseudomonas aeruginosa PAO1 delta6 (efflux-deficient),1,1,True
msr_3677ae88025e,HXWNUGNSPIOUKJ-HNNXBMFYSA-N,STEED2022-17,compound 17 (Steed 2022),asy_af3d169563ac,F1Fo-ATP synthase (Fo a/c interface),,Staphylococcus aureus (MSSA),,,MIC,exact,64.0,,,ug/mL,0.00018259160249808136,3.7385191998170946,inactive,moderate,broth microdilution (CLSI),10.1021/acsomega.2c03127,https://doi.org/10.1021/acsomega.2c03127,https://pmc.ncbi.nlm.nih.gov/articles/PMC9386795/,Main article Tables 1-2; Supporting Information Table S1,,auxiliary,False,False,,MIC,F1Fo-ATP synthase (Fo a/c interface),64,ug/mL,broth microdilution (CLSI),negative_SAR_examples.csv,339,Staphylococcus aureus (MSSA),1,1,True
msr_1ae21327d2ba,DCLANSSFVIGXHQ-OAQYLSRUSA-N,STEED2022-18,compound 18 (Steed 2022),asy_657243d3d7b6,F1Fo-ATP synthase (Fo a/c interface),,Pseudomonas aeruginosa,PAO1,,MIC,gt,256.0,,,ug/mL,0.0006573288313155564,3.182217318569095,inactive,inactive,broth microdilution (CLSI),10.1021/acsomega.2c03127,https://doi.org/10.1021/acsomega.2c03127,https://pmc.ncbi.nlm.nih.gov/articles/PMC9386795/,Main article Tables 1-2; Supporting Information Table S1,,auxiliary,False,False,,MIC,F1Fo-ATP synthase (Fo a/c interface),>256,ug/mL,broth microdilution (CLSI),negative_SAR_examples.csv,344,Pseudomonas aeruginosa PAO1 (wild type),2,1,True
msr_de3d56cbaa5a,DCLANSSFVIGXHQ-OAQYLSRUSA-N,STEED2022-18,compound 18 (Steed 2022),asy_af3d169563ac,F1Fo-ATP synthase (Fo a/c interface),,Staphylococcus aureus (MSSA),,,MIC,gt,128.0,,,ug/mL,0.0003286644156577782,3.483247314233076,inactive,inactive,broth microdilution (CLSI),10.1021/acsomega.2c03127,https://doi.org/10.1021/acsomega.2c03127,https://pmc.ncbi.nlm.nih.gov/articles/PMC9386795/,Main article Tables 1-2; Supporting Information Table S1,,auxiliary,False,False,,MIC,F1Fo-ATP synthase (Fo a/c interface),>128,ug/mL,broth microdilution (CLSI),negative_SAR_examples.csv,343,Staphylococcus aureus (MSSA),1,1,True
msr_f0620f86509c,DHQKBEDPXLHXAJ-OAQYLSRUSA-N,STEED2022-19,compound 19 (Steed 2022),asy_657243d3d7b6,F1Fo-ATP synthase (Fo a/c interface),,Pseudomonas aeruginosa,PAO1,,MIC,gt,256.0,,,ug/mL,0.0006312835523509147,3.199775525762606,inactive,inactive,broth microdilution (CLSI),10.1021/acsomega.2c03127,https://doi.org/10.1021/acsomega.2c03127,https://pmc.ncbi.nlm.nih.gov/articles/PMC9386795/,Main article Tables 1-2; Supporting Information Table S1,,auxiliary,False,False,,MIC,F1Fo-ATP synthase (Fo a/c interface),>256,ug/mL,broth microdilution (CLSI),negative_SAR_examples.csv,348,Pseudomonas aeruginosa PAO1 (wild type),2,1,True
msr_7e238d630ad2,DHQKBEDPXLHXAJ-OAQYLSRUSA-N,STEED2022-19,compound 19 (Steed 2022),asy_af3d169563ac,F1Fo-ATP synthase (Fo a/c interface),,Staphylococcus aureus (MSSA),,,MIC,gt,128.0,,,ug/mL,0.00031564177617545737,3.5008055214265874,inactive,inactive,broth microdilution (CLSI),10.1021/acsomega.2c03127,https://doi.org/10.1021/acsomega.2c03127,https://pmc.ncbi.nlm.nih.gov/articles/PMC9386795/,Main article Tables 1-2; Supporting Information Table S1,,auxiliary,False,False,,MIC,F1Fo-ATP synthase (Fo a/c interface),>128,ug/mL,broth microdilution (CLSI),negative_SAR_examples.csv,347,Staphylococcus aureus (MSSA),1,1,True
msr_b43307cb8d7a,WIDVPHSBAXLSEU-LJQANCHMSA-N,STEED2022-22,compound 22 (Steed 2022),asy_657243d3d7b6,F1Fo-ATP synthase (Fo a/c interface),,Pseudomonas aeruginosa,PAO1,,MIC,gt,256.0,,,ug/mL,0.0006693072930964613,3.174374442687681,inactive,inactive,broth microdilution (CLSI),10.1021/acsomega.2c03127,https://doi.org/10.1021/acsomega.2c03127,https://pmc.ncbi.nlm.nih.gov/articles/PMC9386795/,Main article Tables 1-2; Supporting Information Table S1,,auxiliary,False,False,,MIC,F1Fo-ATP synthase (Fo a/c interface),>256,ug/mL,broth microdilution (CLSI),negative_SAR_examples.csv,352,Pseudomonas aeruginosa PAO1 (wild type),2,1,True
msr_cd148f579a7c,WIDVPHSBAXLSEU-LJQANCHMSA-N,STEED2022-22,compound 22 (Steed 2022),asy_af3d169563ac,F1Fo-ATP synthase (Fo a/c interface),,Staphylococcus aureus (MSSA),,,MIC,gt,128.0,,,ug/mL,0.00033465364654823067,3.475404438351662,inactive,inactive,broth microdilution (CLSI),10.1021/acsomega.2c03127,https://doi.org/10.1021/acsomega.2c03127,https://pmc.ncbi.nlm.nih.gov/articles/PMC9386795/,Main article Tables 1-2; Supporting Information Table S1,,auxiliary,False,False,,MIC,F1Fo-ATP synthase (Fo a/c interface),>128,ug/mL,broth microdilution (CLSI),negative_SAR_examples.csv,351,Staphylococcus aureus (MSSA),1,1,True
msr_997a6765a447,ROJPDORYZONAPF-UHFFFAOYSA-N,STEED2022-8,compound 8 (Steed 2022),asy_657243d3d7b6,F1Fo-ATP synthase (Fo a/c interface),,Pseudomonas aeruginosa,PAO1,,MIC,gt,256.0,,,ug/mL,0.0007565839054506551,3.1211429015422363,inactive,inactive,broth microdilution (CLSI),10.1021/acsomega.2c03127,https://doi.org/10.1021/acsomega.2c03127,https://pmc.ncbi.nlm.nih.gov/articles/PMC9386795/,Main article Tables 1-2; Supporting Information Table S1,,auxiliary,False,False,,MIC,F1Fo-ATP synthase (Fo a/c interface),>256,ug/mL,broth microdilution (CLSI),negative_SAR_examples.csv,332,Pseudomonas aeruginosa PAO1 (wild type),1,1,True
msr_6ab66a75433c,ROJPDORYZONAPF-UHFFFAOYSA-N,STEED2022-8,compound 8 (Steed 2022),asy_657243d3d7b6,F1Fo-ATP synthase (Fo a/c interface),,Pseudomonas aeruginosa,PAO1,,MIC,exact,64.0,,,ug/mL,0.00018914597636266378,3.7232028928701983,inactive,moderate,broth microdilution (CLSI),10.1021/acsomega.2c03127,https://doi.org/10.1021/acsomega.2c03127,https://pmc.ncbi.nlm.nih.gov/articles/PMC9386795/,Main article Tables 1-2; Supporting Information Table S1,,auxiliary,False,False,,MIC,F1Fo-ATP synthase (Fo a/c interface),64,ug/mL,broth microdilution (CLSI),negative_SAR_examples.csv,333,Pseudomonas aeruginosa PAO1 delta6 (efflux-deficient),1,1,True
msr_23316dbe7849,ROJPDORYZONAPF-UHFFFAOYSA-N,STEED2022-8,compound 8 (Steed 2022),asy_af3d169563ac,F1Fo-ATP synthase (Fo a/c interface),,Staphylococcus aureus (MSSA),,,MIC,gt,128.0,,,ug/mL,0.00037829195272532756,3.4221728972062175,inactive,inactive,broth microdilution (CLSI),10.1021/acsomega.2c03127,https://doi.org/10.1021/acsomega.2c03127,https://pmc.ncbi.nlm.nih.gov/articles/PMC9386795/,Main article Tables 1-2; Supporting Information Table S1,,auxiliary,False,False,,MIC,F1Fo-ATP synthase (Fo a/c interface),>128,ug/mL,broth microdilution (CLSI),negative_SAR_examples.csv,331,Staphylococcus aureus (MSSA),1,1,True
msr_94d0bc4e575f,JEOOPXHDCFWFFO-UHFFFAOYSA-N,WSA264,WSA264,asy_09db5b390fa3,whole cell,,Acinetobacter baumannii,ATCC 17978,,MIC,gt,128.0,,,ug/mL,0.00034634096185379,3.460496141268781,inactive,inactive,"broth microdilution, CLSI",10.1021/acsomega.5c06380,https://doi.org/10.1021/acsomega.5c06380,https://pmc.ncbi.nlm.nih.gov/articles/PMC12509006/,Main article Table 1,,auxiliary,False,False,,MIC,whole cell,>128,μg/mL,"broth microdilution, CLSI",negative_SAR_examples.csv,2,Acinetobacter baumannii ATCC 17978,1,1,True
msr_a2b6f98a1498,JEOOPXHDCFWFFO-UHFFFAOYSA-N,WSA264,WSA264,asy_e5f3cb9ffd5c,whole cell,,Acinetobacter baumannii,,,MIC,gt,128.0,,,ug/mL,0.00034634096185379,3.460496141268781,inactive,inactive,"broth microdilution, CLSI",10.1021/acsomega.5c06380,https://doi.org/10.1021/acsomega.5c06380,https://pmc.ncbi.nlm.nih.gov/articles/PMC12509006/,Main article Table 1,,auxiliary,False,False,,MIC,whole cell,>128,μg/mL,"broth microdilution, CLSI",negative_SAR_examples.csv,3,Acinetobacter baumannii BAA 1605 (MDR),1,1,True
msr_26cbf420a37f,KITXXXWYRGIPNW-UHFFFAOYSA-N,WSA265,WSA265,asy_09db5b390fa3,whole cell,,Acinetobacter baumannii,ATCC 17978,,MIC,gt,128.0,,,ug/mL,0.000312467197047185,3.505195568365201,inactive,inactive,"broth microdilution, CLSI",10.1021/acsomega.5c06380,https://doi.org/10.1021/acsomega.5c06380,https://pmc.ncbi.nlm.nih.gov/articles/PMC12509006/,Main article Table 1,,auxiliary,False,False,,MIC,whole cell,>128,μg/mL,"broth microdilution, CLSI",negative_SAR_examples.csv,4,Acinetobacter baumannii ATCC 17978,1,1,True
msr_443835208059,KITXXXWYRGIPNW-UHFFFAOYSA-N,WSA265,WSA265,asy_e5f3cb9ffd5c,whole cell,,Acinetobacter baumannii,,,MIC,gt,128.0,,,ug/mL,0.000312467197047185,3.505195568365201,inactive,inactive,"broth microdilution, CLSI",10.1021/acsomega.5c06380,https://doi.org/10.1021/acsomega.5c06380,https://pmc.ncbi.nlm.nih.gov/articles/PMC12509006/,Main article Table 1,,auxiliary,False,False,,MIC,whole cell,>128,μg/mL,"broth microdilution, CLSI",negative_SAR_examples.csv,5,Acinetobacter baumannii BAA 1605 (MDR),1,1,True
msr_7e9c2b21f260,GIVNEPBVLZKFQD-UHFFFAOYSA-N,WSA267,WSA267,asy_09db5b390fa3,whole cell,,Acinetobacter baumannii,ATCC 17978,,MIC,exact,128.0,,,ug/mL,0.0003171496178099332,3.498735807624982,inactive,weak,"broth microdilution, CLSI",10.1021/acsomega.5c06380,https://doi.org/10.1021/acsomega.5c06380,https://pmc.ncbi.nlm.nih.gov/articles/PMC12509006/,Main article Table 1,,auxiliary,False,False,,MIC,whole cell,128,μg/mL,"broth microdilution, CLSI",negative_SAR_examples.csv,6,Acinetobacter baumannii ATCC 17978,1,1,True
msr_344daaafa799,GIVNEPBVLZKFQD-UHFFFAOYSA-N,WSA267,WSA267,asy_e5f3cb9ffd5c,whole cell,,Acinetobacter baumannii,,,MIC,exact,128.0,,,ug/mL,0.0003171496178099332,3.498735807624982,inactive,weak,"broth microdilution, CLSI",10.1021/acsomega.5c06380,https://doi.org/10.1021/acsomega.5c06380,https://pmc.ncbi.nlm.nih.gov/articles/PMC12509006/,Main article Table 1,,auxiliary,False,False,,MIC,whole cell,128,μg/mL,"broth microdilution, CLSI",negative_SAR_examples.csv,7,Acinetobacter baumannii BAA 1605 (MDR),1,1,True
msr_ef5c7200fcab,DENDYSZGMCHDRC-UHFFFAOYSA-N,WSA268,WSA268,asy_09db5b390fa3,whole cell,,Acinetobacter baumannii,ATCC 17978,,MIC,gt,128.0,,,ug/mL,0.0003590070090509033,3.444897072417737,inactive,inactive,"broth microdilution, CLSI",10.1021/acsomega.5c06380,https://doi.org/10.1021/acsomega.5c06380,https://pmc.ncbi.nlm.nih.gov/articles/PMC12509006/,Main article Table 1,,auxiliary,False,False,,MIC,whole cell,>128,μg/mL,"broth microdilution, CLSI",negative_SAR_examples.csv,8,Acinetobacter baumannii ATCC 17978,1,1,True
msr_66ee3a10482d,DENDYSZGMCHDRC-UHFFFAOYSA-N,WSA268,WSA268,asy_e5f3cb9ffd5c,whole cell,,Acinetobacter baumannii,,,MIC,gt,128.0,,,ug/mL,0.0003590070090509033,3.444897072417737,inactive,inactive,"broth microdilution, CLSI",10.1021/acsomega.5c06380,https://doi.org/10.1021/acsomega.5c06380,https://pmc.ncbi.nlm.nih.gov/articles/PMC12509006/,Main article Table 1,,auxiliary,False,False,,MIC,whole cell,>128,μg/mL,"broth microdilution, CLSI",negative_SAR_examples.csv,9,Acinetobacter baumannii BAA 1605 (MDR),1,1,True
msr_b704f13d2492,YLGXQCGDJLLDBJ-UHFFFAOYSA-N,WSA271,WSA271,asy_09db5b390fa3,whole cell,,Acinetobacter baumannii,ATCC 17978,,MIC,gt,128.0,,,ug/mL,0.0002939589146485698,3.5317133647860874,inactive,inactive,"broth microdilution, CLSI",10.1021/acsomega.5c06380,https://doi.org/10.1021/acsomega.5c06380,https://pmc.ncbi.nlm.nih.gov/articles/PMC12509006/,Main article Table 1,,auxiliary,False,False,,MIC,whole cell,>128,μg/mL,"broth microdilution, CLSI",negative_SAR_examples.csv,13,Acinetobacter baumannii ATCC 17978,1,1,True
msr_0a5819d97c44,YLGXQCGDJLLDBJ-UHFFFAOYSA-N,WSA271,WSA271,asy_e5f3cb9ffd5c,whole cell,,Acinetobacter baumannii,,,MIC,gt,128.0,,,ug/mL,0.0002939589146485698,3.5317133647860874,inactive,inactive,"broth microdilution, CLSI",10.1021/acsomega.5c06380,https://doi.org/10.1021/acsomega.5c06380,https://pmc.ncbi.nlm.nih.gov/articles/PMC12509006/,Main article Table 1,,auxiliary,False,False,,MIC,whole cell,>128,μg/mL,"broth microdilution, CLSI",negative_SAR_examples.csv,14,Acinetobacter baumannii BAA 1605 (MDR),1,1,True
msr_b1098d0dcf9c,YLGXQCGDJLLDBJ-UHFFFAOYSA-N,WSA271,WSA271,asy_4530e22b9bbd,whole cell (cytotoxicity),,Homo sapiens HEK 293,,,cell_viability,exact,64.0,,,ug/mL,0.0001469794573242849,3.8327433604500687,inactive,moderate,"XTT cell viability, 24 h",10.1021/acsomega.5c06380,https://doi.org/10.1021/acsomega.5c06380,https://pmc.ncbi.nlm.nih.gov/articles/PMC12509006/,Main article Table 1 (XTT),,auxiliary,False,False,,"MIC (cytotoxicity, XTT)",whole cell (cytotoxicity),64,μg/mL,"XTT cell viability, 24 h",negative_SAR_examples.csv,15,Homo sapiens HEK 293,1,1,True
msr_701b989586cd,PKYJBDDPIQOPNP-UHFFFAOYSA-N,WSA272,WSA272,asy_09db5b390fa3,whole cell,,Acinetobacter baumannii,ATCC 17978,,MIC,exact,128.0,,,ug/mL,0.00028541230929775193,3.5445273005107563,inactive,weak,"broth microdilution, CLSI",10.1021/acsomega.5c06380,https://doi.org/10.1021/acsomega.5c06380,https://pmc.ncbi.nlm.nih.gov/articles/PMC12509006/,Main article Table 1,,auxiliary,False,False,,MIC,whole cell,128,μg/mL,"broth microdilution, CLSI",negative_SAR_examples.csv,10,Acinetobacter baumannii ATCC 17978,1,1,True
msr_c368c19ad166,PKYJBDDPIQOPNP-UHFFFAOYSA-N,WSA272,WSA272,asy_e5f3cb9ffd5c,whole cell,,Acinetobacter baumannii,,,MIC,exact,128.0,,,ug/mL,0.00028541230929775193,3.5445273005107563,inactive,weak,"broth microdilution, CLSI",10.1021/acsomega.5c06380,https://doi.org/10.1021/acsomega.5c06380,https://pmc.ncbi.nlm.nih.gov/articles/PMC12509006/,Main article Table 1,,auxiliary,False,False,,MIC,whole cell,128,μg/mL,"broth microdilution, CLSI",negative_SAR_examples.csv,11,Acinetobacter baumannii BAA 1605 (MDR),1,1,True
msr_00f67a5ecf11,PKYJBDDPIQOPNP-UHFFFAOYSA-N,WSA272,WSA272,asy_4530e22b9bbd,whole cell (cytotoxicity),,Homo sapiens HEK 293,,,cell_viability,exact,32.0,,,ug/mL,7.135307732443798e-05,4.146587291838719,intermediate,moderate,"XTT cell viability, 24 h",10.1021/acsomega.5c06380,https://doi.org/10.1021/acsomega.5c06380,https://pmc.ncbi.nlm.nih.gov/articles/PMC12509006/,Main article Table 1 (XTT),,auxiliary,False,False,,"MIC (cytotoxicity, XTT)",whole cell (cytotoxicity),32,μg/mL,"XTT cell viability, 24 h",negative_SAR_examples.csv,12,Homo sapiens HEK 293,1,1,True
msr_0e6bc71395e0,AUXCLAOBTMCUDS-UHFFFAOYSA-N,WSA273,WSA273,asy_09db5b390fa3,whole cell,,Acinetobacter baumannii,ATCC 17978,,MIC,exact,32.0,,,ug/mL,7.101216749107355e-05,4.148667231259906,intermediate,moderate,"broth microdilution, CLSI",10.1021/acsomega.5c06380,https://doi.org/10.1021/acsomega.5c06380,https://pmc.ncbi.nlm.nih.gov/articles/PMC12509006/,Main article Table 1,,auxiliary,False,False,,MIC,whole cell,32,μg/mL,"broth microdilution, CLSI",negative_SAR_examples.csv,33,Acinetobacter baumannii ATCC 17978,1,1,True
msr_614fff483be3,AUXCLAOBTMCUDS-UHFFFAOYSA-N,WSA273,WSA273,asy_e5f3cb9ffd5c,whole cell,,Acinetobacter baumannii,,,MIC,exact,128.0,,,ug/mL,0.0002840486699642942,3.546607239931944,inactive,weak,"broth microdilution, CLSI",10.1021/acsomega.5c06380,https://doi.org/10.1021/acsomega.5c06380,https://pmc.ncbi.nlm.nih.gov/articles/PMC12509006/,Main article Table 1,,auxiliary,False,False,,MIC,whole cell,128,μg/mL,"broth microdilution, CLSI",negative_SAR_examples.csv,34,Acinetobacter baumannii BAA 1605 (MDR),1,1,True
msr_7fd9887a7338,AUXCLAOBTMCUDS-UHFFFAOYSA-N,WSA273,WSA273,asy_4530e22b9bbd,whole cell (cytotoxicity),,Homo sapiens HEK 293,,,cell_viability,exact,4.0,,,ug/mL,8.876520936384193e-06,5.05175721825185,intermediate,strong,"XTT cell viability, 24 h",10.1021/acsomega.5c06380,https://doi.org/10.1021/acsomega.5c06380,https://pmc.ncbi.nlm.nih.gov/articles/PMC12509006/,Main article Table 1 (XTT),,auxiliary,False,False,,"MIC (cytotoxicity, XTT)",whole cell (cytotoxicity),4,μg/mL,"XTT cell viability, 24 h",negative_SAR_examples.csv,35,Homo sapiens HEK 293,1,1,True
msr_320f30a1ec76,XDWSRXVAROERCY-UHFFFAOYSA-N,WSA274,WSA274,asy_09db5b390fa3,whole cell,,Acinetobacter baumannii,ATCC 17978,,MIC,exact,32.0,,,ug/mL,6.828604169289633e-05,4.16566806111021,intermediate,moderate,"broth microdilution, CLSI",10.1021/acsomega.5c06380,https://doi.org/10.1021/acsomega.5c06380,https://pmc.ncbi.nlm.nih.gov/articles/PMC12509006/,Main article Table 1,,auxiliary,False,False,,MIC,whole cell,32,μg/mL,"broth microdilution, CLSI",negative_SAR_examples.csv,36,Acinetobacter baumannii ATCC 17978,1,1,True
msr_cd966d24e886,XDWSRXVAROERCY-UHFFFAOYSA-N,WSA274,WSA274,asy_e5f3cb9ffd5c,whole cell,,Acinetobacter baumannii,,,MIC,exact,128.0,,,ug/mL,0.0002731441667715853,3.563608069782248,inactive,weak,"broth microdilution, CLSI",10.1021/acsomega.5c06380,https://doi.org/10.1021/acsomega.5c06380,https://pmc.ncbi.nlm.nih.gov/articles/PMC12509006/,Main article Table 1,,auxiliary,False,False,,MIC,whole cell,128,μg/mL,"broth microdilution, CLSI",negative_SAR_examples.csv,37,Acinetobacter baumannii BAA 1605 (MDR),1,1,True
msr_ec17e4c7cf36,XDWSRXVAROERCY-UHFFFAOYSA-N,WSA274,WSA274,asy_4530e22b9bbd,whole cell (cytotoxicity),,Homo sapiens HEK 293,,,cell_viability,exact,4.0,,,ug/mL,8.535755211612041e-06,5.068758048102154,intermediate,strong,"XTT cell viability, 24 h",10.1021/acsomega.5c06380,https://doi.org/10.1021/acsomega.5c06380,https://pmc.ncbi.nlm.nih.gov/articles/PMC12509006/,Main article Table 1 (XTT),,auxiliary,False,False,,"MIC (cytotoxicity, XTT)",whole cell (cytotoxicity),4,μg/mL,"XTT cell viability, 24 h",negative_SAR_examples.csv,38,Homo sapiens HEK 293,1,1,True
msr_d11c79ecfba7,AMIPNMOIENOTCR-UHFFFAOYSA-N,WSA275,WSA275,asy_09db5b390fa3,whole cell,,Acinetobacter baumannii,ATCC 17978,,MIC,exact,32.0,,,ug/mL,6.65760954368328e-05,4.176681678989542,intermediate,moderate,"broth microdilution, CLSI",10.1021/acsomega.5c06380,https://doi.org/10.1021/acsomega.5c06380,https://pmc.ncbi.nlm.nih.gov/articles/PMC12509006/,Main article Table 1,,auxiliary,False,False,,MIC,whole cell,32,μg/mL,"broth microdilution, CLSI",negative_SAR_examples.csv,39,Acinetobacter baumannii ATCC 17978,1,1,True
msr_7bb30480bc6c,AMIPNMOIENOTCR-UHFFFAOYSA-N,WSA275,WSA275,asy_e5f3cb9ffd5c,whole cell,,Acinetobacter baumannii,,,MIC,exact,128.0,,,ug/mL,0.0002663043817473312,3.5746216876615797,inactive,weak,"broth microdilution, CLSI",10.1021/acsomega.5c06380,https://doi.org/10.1021/acsomega.5c06380,https://pmc.ncbi.nlm.nih.gov/articles/PMC12509006/,Main article Table 1,,auxiliary,False,False,,MIC,whole cell,128,μg/mL,"broth microdilution, CLSI",negative_SAR_examples.csv,40,Acinetobacter baumannii BAA 1605 (MDR),1,1,True
msr_0ccd0007d1d6,AMIPNMOIENOTCR-UHFFFAOYSA-N,WSA275,WSA275,asy_4530e22b9bbd,whole cell (cytotoxicity),,Homo sapiens HEK 293,,,cell_viability,exact,4.0,,,ug/mL,8.3220119296041e-06,5.079771665981485,intermediate,strong,"XTT cell viability, 24 h",10.1021/acsomega.5c06380,https://doi.org/10.1021/acsomega.5c06380,https://pmc.ncbi.nlm.nih.gov/articles/PMC12509006/,Main article Table 1 (XTT),,auxiliary,False,False,,"MIC (cytotoxicity, XTT)",whole cell (cytotoxicity),4,μg/mL,"XTT cell viability, 24 h",negative_SAR_examples.csv,41,Homo sapiens HEK 293,1,1,True
msr_ddd00d2fd2d8,AVMFLQZOZFHZLB-UHFFFAOYSA-N,WSA276,WSA276,asy_09db5b390fa3,whole cell,,Acinetobacter baumannii,ATCC 17978,,MIC,exact,16.0,,,ug/mL,3.3634219454873385e-05,4.473218646481989,intermediate,moderate,"broth microdilution, CLSI",10.1021/acsomega.5c06380,https://doi.org/10.1021/acsomega.5c06380,https://pmc.ncbi.nlm.nih.gov/articles/PMC12509006/,Main article Table 1,,auxiliary,False,False,,MIC,whole cell,16,μg/mL,"broth microdilution, CLSI",negative_SAR_examples.csv,43,Acinetobacter baumannii ATCC 17978,1,1,True
msr_a721f0e0e2e9,AVMFLQZOZFHZLB-UHFFFAOYSA-N,WSA276,WSA276,asy_e5f3cb9ffd5c,whole cell,,Acinetobacter baumannii,,,MIC,exact,32.0,,,ug/mL,6.726843890974677e-05,4.172188650818008,intermediate,moderate,"broth microdilution, CLSI",10.1021/acsomega.5c06380,https://doi.org/10.1021/acsomega.5c06380,https://pmc.ncbi.nlm.nih.gov/articles/PMC12509006/,Main article Table 1,,auxiliary,False,False,,MIC,whole cell,32,μg/mL,"broth microdilution, CLSI",negative_SAR_examples.csv,44,Acinetobacter baumannii BAA 1605 (MDR),1,1,True
msr_30be3edb839e,AVMFLQZOZFHZLB-UHFFFAOYSA-N,WSA276,WSA276,asy_4530e22b9bbd,whole cell (cytotoxicity),,Homo sapiens HEK 293,,,cell_viability,exact,16.0,,,ug/mL,3.3634219454873385e-05,4.473218646481989,intermediate,moderate,"XTT cell viability, 24 h",10.1021/acsomega.5c06380,https://doi.org/10.1021/acsomega.5c06380,https://pmc.ncbi.nlm.nih.gov/articles/PMC12509006/,Main article Table 1 (XTT),,auxiliary,False,False,,"MIC (cytotoxicity, XTT)",whole cell (cytotoxicity),16,μg/mL,"XTT cell viability, 24 h",negative_SAR_examples.csv,45,Homo sapiens HEK 293,1,1,True
msr_82c629f6b057,KWYNWDLARNYFPR-UHFFFAOYSA-N,WSA277,WSA277,asy_09db5b390fa3,whole cell,,Acinetobacter baumannii,ATCC 17978,,MIC,exact,32.0,,,ug/mL,7.396500992749118e-05,4.130973680122715,intermediate,moderate,"broth microdilution, CLSI",10.1021/acsomega.5c06380,https://doi.org/10.1021/acsomega.5c06380,https://pmc.ncbi.nlm.nih.gov/articles/PMC12509006/,Main article Table 1,,auxiliary,False,False,,MIC,whole cell,32,μg/mL,"broth microdilution, CLSI",negative_SAR_examples.csv,22,Acinetobacter baumannii ATCC 17978,1,1,True
msr_dcd8522a7eee,KWYNWDLARNYFPR-UHFFFAOYSA-N,WSA277,WSA277,asy_e5f3cb9ffd5c,whole cell,,Acinetobacter baumannii,,,MIC,exact,128.0,,,ug/mL,0.0002958600397099647,3.528913688794752,inactive,weak,"broth microdilution, CLSI",10.1021/acsomega.5c06380,https://doi.org/10.1021/acsomega.5c06380,https://pmc.ncbi.nlm.nih.gov/articles/PMC12509006/,Main article Table 1,,auxiliary,False,False,,MIC,whole cell,128,μg/mL,"broth microdilution, CLSI",negative_SAR_examples.csv,23,Acinetobacter baumannii BAA 1605 (MDR),1,1,True
msr_65d5f468b92f,KWYNWDLARNYFPR-UHFFFAOYSA-N,WSA277,WSA277,asy_4530e22b9bbd,whole cell (cytotoxicity),,Homo sapiens HEK 293,,,cell_viability,exact,16.0,,,ug/mL,3.698250496374559e-05,4.432003675786696,intermediate,moderate,"XTT cell viability, 24 h",10.1021/acsomega.5c06380,https://doi.org/10.1021/acsomega.5c06380,https://pmc.ncbi.nlm.nih.gov/articles/PMC12509006/,Main article Table 1 (XTT),,auxiliary,False,False,,"MIC (cytotoxicity, XTT)",whole cell (cytotoxicity),16,μg/mL,"XTT cell viability, 24 h",negative_SAR_examples.csv,24,Homo sapiens HEK 293,1,1,True
msr_32e0fb4b8e6d,JWHCVPMRQDOIHA-UHFFFAOYSA-N,WSA278,WSA278,asy_09db5b390fa3,whole cell,,Acinetobacter baumannii,ATCC 17978,,MIC,exact,64.0,,,ug/mL,0.00013832962653162237,3.8590847955865897,inactive,moderate,"broth microdilution, CLSI",10.1021/acsomega.5c06380,https://doi.org/10.1021/acsomega.5c06380,https://pmc.ncbi.nlm.nih.gov/articles/PMC12509006/,Main article Table 1,,auxiliary,False,False,,MIC,whole cell,64,μg/mL,"broth microdilution, CLSI",negative_SAR_examples.csv,30,Acinetobacter baumannii ATCC 17978,1,1,True
msr_5923f4a05151,JWHCVPMRQDOIHA-UHFFFAOYSA-N,WSA278,WSA278,asy_e5f3cb9ffd5c,whole cell,,Acinetobacter baumannii,,,MIC,exact,128.0,,,ug/mL,0.00027665925306324474,3.5580547999226084,inactive,weak,"broth microdilution, CLSI",10.1021/acsomega.5c06380,https://doi.org/10.1021/acsomega.5c06380,https://pmc.ncbi.nlm.nih.gov/articles/PMC12509006/,Main article Table 1,,auxiliary,False,False,,MIC,whole cell,128,μg/mL,"broth microdilution, CLSI",negative_SAR_examples.csv,31,Acinetobacter baumannii BAA 1605 (MDR),1,1,True
msr_5414a72d7548,JWHCVPMRQDOIHA-UHFFFAOYSA-N,WSA278,WSA278,asy_4530e22b9bbd,whole cell (cytotoxicity),,Homo sapiens HEK 293,,,cell_viability,exact,16.0,,,ug/mL,3.458240663290559e-05,4.461144786914552,intermediate,moderate,"XTT cell viability, 24 h",10.1021/acsomega.5c06380,https://doi.org/10.1021/acsomega.5c06380,https://pmc.ncbi.nlm.nih.gov/articles/PMC12509006/,Main article Table 1 (XTT),,auxiliary,False,False,,"MIC (cytotoxicity, XTT)",whole cell (cytotoxicity),16,μg/mL,"XTT cell viability, 24 h",negative_SAR_examples.csv,32,Homo sapiens HEK 293,1,1,True
msr_2575bfcf11d3,XQBWCRMKNUAPEC-UHFFFAOYSA-N,WSA280,WSA280,asy_09db5b390fa3,whole cell,,Acinetobacter baumannii,ATCC 17978,,MIC,exact,16.0,,,ug/mL,3.582110937975749e-05,4.445860968178604,intermediate,moderate,"broth microdilution, CLSI",10.1021/acsomega.5c06380,https://doi.org/10.1021/acsomega.5c06380,https://pmc.ncbi.nlm.nih.gov/articles/PMC12509006/,Main article Table 1,,auxiliary,False,False,,MIC,whole cell,16,μg/mL,"broth microdilution, CLSI",negative_SAR_examples.csv,26,Acinetobacter baumannii ATCC 17978,1,1,True
msr_af7dcd366bcc,XQBWCRMKNUAPEC-UHFFFAOYSA-N,WSA280,WSA280,asy_e5f3cb9ffd5c,whole cell,,Acinetobacter baumannii,,,MIC,exact,32.0,,,ug/mL,7.164221875951498e-05,4.144830972514622,intermediate,moderate,"broth microdilution, CLSI",10.1021/acsomega.5c06380,https://doi.org/10.1021/acsomega.5c06380,https://pmc.ncbi.nlm.nih.gov/articles/PMC12509006/,Main article Table 1,,auxiliary,False,False,,MIC,whole cell,32,μg/mL,"broth microdilution, CLSI",negative_SAR_examples.csv,27,Acinetobacter baumannii BAA 1605 (MDR),1,1,True
msr_6076a99a37a9,XQBWCRMKNUAPEC-UHFFFAOYSA-N,WSA280,WSA280,asy_4530e22b9bbd,whole cell (cytotoxicity),,Homo sapiens HEK 293,,,cell_viability,exact,16.0,,,ug/mL,3.582110937975749e-05,4.445860968178604,intermediate,moderate,"XTT cell viability, 24 h",10.1021/acsomega.5c06380,https://doi.org/10.1021/acsomega.5c06380,https://pmc.ncbi.nlm.nih.gov/articles/PMC12509006/,Main article Table 1 (XTT),,auxiliary,False,False,,"MIC (cytotoxicity, XTT)",whole cell (cytotoxicity),16,μg/mL,"XTT cell viability, 24 h",negative_SAR_examples.csv,28,Homo sapiens HEK 293,1,1,True
msr_ad93232af99e,QOAKXIVNSVUYRQ-UHFFFAOYSA-N,WSA288,WSA288,asy_09db5b390fa3,whole cell,,Acinetobacter baumannii,ATCC 17978,,MIC,exact,16.0,,,ug/mL,3.102175982565771e-05,4.508333568840484,intermediate,moderate,"broth microdilution, CLSI",10.1021/acsomega.5c06380,https://doi.org/10.1021/acsomega.5c06380,https://pmc.ncbi.nlm.nih.gov/articles/PMC12509006/,Main article Table 1,,auxiliary,False,False,,MIC,whole cell,16,μg/mL,"broth microdilution, CLSI",negative_SAR_examples.csv,51,Acinetobacter baumannii ATCC 17978,1,1,True
msr_a48dd5d842cd,QOAKXIVNSVUYRQ-UHFFFAOYSA-N,WSA288,WSA288,asy_e5f3cb9ffd5c,whole cell,,Acinetobacter baumannii,,,MIC,exact,32.0,,,ug/mL,6.204351965131542e-05,4.207303573176503,intermediate,moderate,"broth microdilution, CLSI",10.1021/acsomega.5c06380,https://doi.org/10.1021/acsomega.5c06380,https://pmc.ncbi.nlm.nih.gov/articles/PMC12509006/,Main article Table 1,,auxiliary,False,False,,MIC,whole cell,32,μg/mL,"broth microdilution, CLSI",negative_SAR_examples.csv,52,Acinetobacter baumannii BAA 1605 (MDR),1,1,True
msr_8d850361873b,QOAKXIVNSVUYRQ-UHFFFAOYSA-N,WSA288,WSA288,asy_4530e22b9bbd,whole cell (cytotoxicity),,Homo sapiens HEK 293,,,cell_viability,exact,16.0,,,ug/mL,3.102175982565771e-05,4.508333568840484,intermediate,moderate,"XTT cell viability, 24 h",10.1021/acsomega.5c06380,https://doi.org/10.1021/acsomega.5c06380,https://pmc.ncbi.nlm.nih.gov/articles/PMC12509006/,Main article Table 1 (XTT),,auxiliary,False,False,,"MIC (cytotoxicity, XTT)",whole cell (cytotoxicity),16,μg/mL,"XTT cell viability, 24 h",negative_SAR_examples.csv,53,Homo sapiens HEK 293,1,1,True
msr_5b755e34ef47,NPEZRWZPEIGWDT-UHFFFAOYSA-N,WSA289,WSA289,asy_09db5b390fa3,whole cell,,Acinetobacter baumannii,ATCC 17978,,MIC,exact,16.0,,,ug/mL,3.20148548926702e-05,4.494648462275092,intermediate,moderate,"broth microdilution, CLSI",10.1021/acsomega.5c06380,https://doi.org/10.1021/acsomega.5c06380,https://pmc.ncbi.nlm.nih.gov/articles/PMC12509006/,Main article Table 1,,auxiliary,False,False,,MIC,whole cell,16,μg/mL,"broth microdilution, CLSI",negative_SAR_examples.csv,55,Acinetobacter baumannii ATCC 17978,1,1,True
msr_2f2c9a72c21f,NPEZRWZPEIGWDT-UHFFFAOYSA-N,WSA289,WSA289,asy_e5f3cb9ffd5c,whole cell,,Acinetobacter baumannii,,,MIC,exact,32.0,,,ug/mL,6.40297097853404e-05,4.1936184666111105,intermediate,moderate,"broth microdilution, CLSI",10.1021/acsomega.5c06380,https://doi.org/10.1021/acsomega.5c06380,https://pmc.ncbi.nlm.nih.gov/articles/PMC12509006/,Main article Table 1,,auxiliary,False,False,,MIC,whole cell,32,μg/mL,"broth microdilution, CLSI",negative_SAR_examples.csv,56,Acinetobacter baumannii BAA 1605 (MDR),1,1,True
msr_64ce9271b501,NPEZRWZPEIGWDT-UHFFFAOYSA-N,WSA289,WSA289,asy_4530e22b9bbd,whole cell (cytotoxicity),,Homo sapiens HEK 293,,,cell_viability,exact,16.0,,,ug/mL,3.20148548926702e-05,4.494648462275092,intermediate,moderate,"XTT cell viability, 24 h",10.1021/acsomega.5c06380,https://doi.org/10.1021/acsomega.5c06380,https://pmc.ncbi.nlm.nih.gov/articles/PMC12509006/,Main article Table 1 (XTT),,auxiliary,False,False,,"MIC (cytotoxicity, XTT)",whole cell (cytotoxicity),16,μg/mL,"XTT cell viability, 24 h",negative_SAR_examples.csv,57,Homo sapiens HEK 293,1,1,True
msr_146eabc389fa,LAFSNTSKJXQUGQ-UHFFFAOYSA-N,WSA290,WSA290,asy_09db5b390fa3,whole cell,,Acinetobacter baumannii,ATCC 17978,,MIC,exact,32.0,,,ug/mL,5.9952375331845774e-05,4.222193605341162,intermediate,moderate,"broth microdilution, CLSI",10.1021/acsomega.5c06380,https://doi.org/10.1021/acsomega.5c06380,https://pmc.ncbi.nlm.nih.gov/articles/PMC12509006/,Main article Table 1,,auxiliary,False,False,,MIC,whole cell,32,μg/mL,"broth microdilution, CLSI",negative_SAR_examples.csv,58,Acinetobacter baumannii ATCC 17978,1,1,True
msr_8e13bc8e38bb,LAFSNTSKJXQUGQ-UHFFFAOYSA-N,WSA290,WSA290,asy_e5f3cb9ffd5c,whole cell,,Acinetobacter baumannii,,,MIC,exact,32.0,,,ug/mL,5.9952375331845774e-05,4.222193605341162,intermediate,moderate,"broth microdilution, CLSI",10.1021/acsomega.5c06380,https://doi.org/10.1021/acsomega.5c06380,https://pmc.ncbi.nlm.nih.gov/articles/PMC12509006/,Main article Table 1,,auxiliary,False,False,,MIC,whole cell,32,μg/mL,"broth microdilution, CLSI",negative_SAR_examples.csv,59,Acinetobacter baumannii BAA 1605 (MDR),1,1,True
msr_b20b4941a2a7,LAFSNTSKJXQUGQ-UHFFFAOYSA-N,WSA290,WSA290,asy_4530e22b9bbd,whole cell (cytotoxicity),,Homo sapiens HEK 293,,,cell_viability,exact,4.0,,,ug/mL,7.494046916480722e-06,5.125283592333106,intermediate,strong,"XTT cell viability, 24 h",10.1021/acsomega.5c06380,https://doi.org/10.1021/acsomega.5c06380,https://pmc.ncbi.nlm.nih.gov/articles/PMC12509006/,Main article Table 1 (XTT),,auxiliary,False,False,,"MIC (cytotoxicity, XTT)",whole cell (cytotoxicity),4,μg/mL,"XTT cell viability, 24 h",negative_SAR_examples.csv,60,Homo sapiens HEK 293,1,1,True
msr_8de76ca67aaf,CYFLBGUKERCHRN-UHFFFAOYSA-N,WSA291,WSA291,asy_09db5b390fa3,whole cell,,Acinetobacter baumannii,ATCC 17978,,MIC,exact,32.0,,,ug/mL,6.352596921769754e-05,4.197048700182563,intermediate,moderate,"broth microdilution, CLSI",10.1021/acsomega.5c06380,https://doi.org/10.1021/acsomega.5c06380,https://pmc.ncbi.nlm.nih.gov/articles/PMC12509006/,Main article Table 1,,auxiliary,False,False,,MIC,whole cell,32,μg/mL,"broth microdilution, CLSI",negative_SAR_examples.csv,61,Acinetobacter baumannii ATCC 17978,1,1,True
msr_a13046bb0a85,CYFLBGUKERCHRN-UHFFFAOYSA-N,WSA291,WSA291,asy_e5f3cb9ffd5c,whole cell,,Acinetobacter baumannii,,,MIC,exact,32.0,,,ug/mL,6.352596921769754e-05,4.197048700182563,intermediate,moderate,"broth microdilution, CLSI",10.1021/acsomega.5c06380,https://doi.org/10.1021/acsomega.5c06380,https://pmc.ncbi.nlm.nih.gov/articles/PMC12509006/,Main article Table 1,,auxiliary,False,False,,MIC,whole cell,32,μg/mL,"broth microdilution, CLSI",negative_SAR_examples.csv,62,Acinetobacter baumannii BAA 1605 (MDR),1,1,True
msr_076c7fb57616,CYFLBGUKERCHRN-UHFFFAOYSA-N,WSA291,WSA291,asy_4530e22b9bbd,whole cell (cytotoxicity),,Homo sapiens HEK 293,,,cell_viability,lt,2.0,,,ug/mL,3.970373076106096e-06,5.401168682838488,intermediate,strong,"XTT cell viability, 24 h",10.1021/acsomega.5c06380,https://doi.org/10.1021/acsomega.5c06380,https://pmc.ncbi.nlm.nih.gov/articles/PMC12509006/,Main article Table 1 (XTT),,auxiliary,False,False,,"MIC (cytotoxicity, XTT)",whole cell (cytotoxicity),<2,μg/mL,"XTT cell viability, 24 h",negative_SAR_examples.csv,63,Homo sapiens HEK 293,1,1,True
msr_75712c1821f9,OQFGGMRRCQCVER-UHFFFAOYSA-N,WSA292,WSA292,asy_09db5b390fa3,whole cell,,Acinetobacter baumannii,ATCC 17978,,MIC,exact,16.0,,,ug/mL,3.066773237036654e-05,4.513318335378636,intermediate,moderate,"broth microdilution, CLSI",10.1021/acsomega.5c06380,https://doi.org/10.1021/acsomega.5c06380,https://pmc.ncbi.nlm.nih.gov/articles/PMC12509006/,Main article Table 1,,auxiliary,False,False,,MIC,whole cell,16,μg/mL,"broth microdilution, CLSI",negative_SAR_examples.csv,64,Acinetobacter baumannii ATCC 17978,1,1,True
msr_fb1aec8468a9,OQFGGMRRCQCVER-UHFFFAOYSA-N,WSA292,WSA292,asy_e5f3cb9ffd5c,whole cell,,Acinetobacter baumannii,,,MIC,exact,32.0,,,ug/mL,6.133546474073307e-05,4.212288339714655,intermediate,moderate,"broth microdilution, CLSI",10.1021/acsomega.5c06380,https://doi.org/10.1021/acsomega.5c06380,https://pmc.ncbi.nlm.nih.gov/articles/PMC12509006/,Main article Table 1,,auxiliary,False,False,,MIC,whole cell,32,μg/mL,"broth microdilution, CLSI",negative_SAR_examples.csv,65,Acinetobacter baumannii BAA 1605 (MDR),1,1,True
msr_cbbc24b9c686,OQFGGMRRCQCVER-UHFFFAOYSA-N,WSA292,WSA292,asy_4530e22b9bbd,whole cell (cytotoxicity),,Homo sapiens HEK 293,,,cell_viability,exact,4.0,,,ug/mL,7.666933092591634e-06,5.115378326706598,intermediate,strong,"XTT cell viability, 24 h",10.1021/acsomega.5c06380,https://doi.org/10.1021/acsomega.5c06380,https://pmc.ncbi.nlm.nih.gov/articles/PMC12509006/,Main article Table 1 (XTT),,auxiliary,False,False,,"MIC (cytotoxicity, XTT)",whole cell (cytotoxicity),4,μg/mL,"XTT cell viability, 24 h",negative_SAR_examples.csv,66,Homo sapiens HEK 293,1,1,True
msr_5f80b16e4d31,WFBMDLWJDONKOF-UHFFFAOYSA-N,WSA293,WSA293,asy_09db5b390fa3,whole cell,,Acinetobacter baumannii,ATCC 17978,,MIC,exact,32.0,,,ug/mL,6.632248062658164e-05,4.1783392384546385,intermediate,moderate,"broth microdilution, CLSI",10.1021/acsomega.5c06380,https://doi.org/10.1021/acsomega.5c06380,https://pmc.ncbi.nlm.nih.gov/articles/PMC12509006/,Main article Table 1,,auxiliary,False,False,,MIC,whole cell,32,μg/mL,"broth microdilution, CLSI",negative_SAR_examples.csv,19,Acinetobacter baumannii ATCC 17978,1,1,True
msr_71ebbd251044,WFBMDLWJDONKOF-UHFFFAOYSA-N,WSA293,WSA293,asy_e5f3cb9ffd5c,whole cell,,Acinetobacter baumannii,,,MIC,exact,64.0,,,ug/mL,0.0001326449612531633,3.8773092427906573,inactive,moderate,"broth microdilution, CLSI",10.1021/acsomega.5c06380,https://doi.org/10.1021/acsomega.5c06380,https://pmc.ncbi.nlm.nih.gov/articles/PMC12509006/,Main article Table 1,,auxiliary,False,False,,MIC,whole cell,64,μg/mL,"broth microdilution, CLSI",negative_SAR_examples.csv,20,Acinetobacter baumannii BAA 1605 (MDR),1,1,True
msr_4c952b0cb67d,WFBMDLWJDONKOF-UHFFFAOYSA-N,WSA293,WSA293,asy_4530e22b9bbd,whole cell (cytotoxicity),,Homo sapiens HEK 293,,,cell_viability,exact,64.0,,,ug/mL,0.0001326449612531633,3.8773092427906573,inactive,moderate,"XTT cell viability, 24 h",10.1021/acsomega.5c06380,https://doi.org/10.1021/acsomega.5c06380,https://pmc.ncbi.nlm.nih.gov/articles/PMC12509006/,Main article Table 1 (XTT),,auxiliary,False,False,,"MIC (cytotoxicity, XTT)",whole cell (cytotoxicity),64,μg/mL,"XTT cell viability, 24 h",negative_SAR_examples.csv,21,Homo sapiens HEK 293,1,1,True
msr_2b1b773137b1,FPTVNOKSIHPUTA-UHFFFAOYSA-N,WSA294,WSA294,asy_09db5b390fa3,whole cell,,Acinetobacter baumannii,ATCC 17978,,MIC,exact,32.0,,,ug/mL,6.670933284413156e-05,4.175813402677668,intermediate,moderate,"broth microdilution, CLSI",10.1021/acsomega.5c06380,https://doi.org/10.1021/acsomega.5c06380,https://pmc.ncbi.nlm.nih.gov/articles/PMC12509006/,Main article Table 1,,auxiliary,False,False,,MIC,whole cell,32,μg/mL,"broth microdilution, CLSI",negative_SAR_examples.csv,71,Acinetobacter baumannii ATCC 17978,1,1,True
msr_f4cb1cc0ea11,FPTVNOKSIHPUTA-UHFFFAOYSA-N,WSA294,WSA294,asy_e5f3cb9ffd5c,whole cell,,Acinetobacter baumannii,,,MIC,exact,32.0,,,ug/mL,6.670933284413156e-05,4.175813402677668,intermediate,moderate,"broth microdilution, CLSI",10.1021/acsomega.5c06380,https://doi.org/10.1021/acsomega.5c06380,https://pmc.ncbi.nlm.nih.gov/articles/PMC12509006/,Main article Table 1,,auxiliary,False,False,,MIC,whole cell,32,μg/mL,"broth microdilution, CLSI",negative_SAR_examples.csv,72,Acinetobacter baumannii BAA 1605 (MDR),1,1,True
msr_82cc324e31d5,FPTVNOKSIHPUTA-UHFFFAOYSA-N,WSA294,WSA294,asy_4530e22b9bbd,whole cell (cytotoxicity),,Homo sapiens HEK 293,,,cell_viability,exact,8.0,,,ug/mL,1.667733321103289e-05,4.77787339400563,intermediate,moderate,"XTT cell viability, 24 h",10.1021/acsomega.5c06380,https://doi.org/10.1021/acsomega.5c06380,https://pmc.ncbi.nlm.nih.gov/articles/PMC12509006/,Main article Table 1 (XTT),,auxiliary,False,False,,"MIC (cytotoxicity, XTT)",whole cell (cytotoxicity),8,μg/mL,"XTT cell viability, 24 h",negative_SAR_examples.csv,73,Homo sapiens HEK 293,1,1,True
msr_134f632c7621,BYLMAFONBHVALJ-UHFFFAOYSA-N,WSA295,WSA295,asy_09db5b390fa3,whole cell,,Acinetobacter baumannii,ATCC 17978,,MIC,exact,32.0,,,ug/mL,6.481406465202949e-05,4.188330742000108,intermediate,moderate,"broth microdilution, CLSI",10.1021/acsomega.5c06380,https://doi.org/10.1021/acsomega.5c06380,https://pmc.ncbi.nlm.nih.gov/articles/PMC12509006/,Main article Table 1,,auxiliary,False,False,,MIC,whole cell,32,μg/mL,"broth microdilution, CLSI",negative_SAR_examples.csv,74,Acinetobacter baumannii ATCC 17978,1,1,True
msr_16b9f64dc619,BYLMAFONBHVALJ-UHFFFAOYSA-N,WSA295,WSA295,asy_e5f3cb9ffd5c,whole cell,,Acinetobacter baumannii,,,MIC,exact,128.0,,,ug/mL,0.00025925625860811797,3.586270750672145,inactive,weak,"broth microdilution, CLSI",10.1021/acsomega.5c06380,https://doi.org/10.1021/acsomega.5c06380,https://pmc.ncbi.nlm.nih.gov/articles/PMC12509006/,Main article Table 1,,auxiliary,False,False,,MIC,whole cell,128,μg/mL,"broth microdilution, CLSI",negative_SAR_examples.csv,75,Acinetobacter baumannii BAA 1605 (MDR),1,1,True
msr_6a6467000723,BYLMAFONBHVALJ-UHFFFAOYSA-N,WSA295,WSA295,asy_4530e22b9bbd,whole cell (cytotoxicity),,Homo sapiens HEK 293,,,cell_viability,exact,16.0,,,ug/mL,3.2407032326014746e-05,4.4893607376640885,intermediate,moderate,"XTT cell viability, 24 h",10.1021/acsomega.5c06380,https://doi.org/10.1021/acsomega.5c06380,https://pmc.ncbi.nlm.nih.gov/articles/PMC12509006/,Main article Table 1 (XTT),,auxiliary,False,False,,"MIC (cytotoxicity, XTT)",whole cell (cytotoxicity),16,μg/mL,"XTT cell viability, 24 h",negative_SAR_examples.csv,76,Homo sapiens HEK 293,1,1,True
msr_e09a9e184646,HCBCVTVDQQQYPH-UHFFFAOYSA-N,WSA296,WSA296,asy_09db5b390fa3,whole cell,,Acinetobacter baumannii,ATCC 17978,,MIC,exact,32.0,,,ug/mL,6.277968841655892e-05,4.202180844088428,intermediate,moderate,"broth microdilution, CLSI",10.1021/acsomega.5c06380,https://doi.org/10.1021/acsomega.5c06380,https://pmc.ncbi.nlm.nih.gov/articles/PMC12509006/,Main article Table 1,,auxiliary,False,False,,MIC,whole cell,32,μg/mL,"broth microdilution, CLSI",negative_SAR_examples.csv,78,Acinetobacter baumannii ATCC 17978,1,1,True
msr_c1e7d279d3c1,HCBCVTVDQQQYPH-UHFFFAOYSA-N,WSA296,WSA296,asy_e5f3cb9ffd5c,whole cell,,Acinetobacter baumannii,,,MIC,exact,128.0,,,ug/mL,0.0002511187536662357,3.600120852760466,inactive,weak,"broth microdilution, CLSI",10.1021/acsomega.5c06380,https://doi.org/10.1021/acsomega.5c06380,https://pmc.ncbi.nlm.nih.gov/articles/PMC12509006/,Main article Table 1,,auxiliary,False,False,,MIC,whole cell,128,μg/mL,"broth microdilution, CLSI",negative_SAR_examples.csv,79,Acinetobacter baumannii BAA 1605 (MDR),1,1,True
msr_7370b12fbdcf,HCBCVTVDQQQYPH-UHFFFAOYSA-N,WSA296,WSA296,asy_4530e22b9bbd,whole cell (cytotoxicity),,Homo sapiens HEK 293,,,cell_viability,exact,16.0,,,ug/mL,3.138984420827946e-05,4.503210839752409,intermediate,moderate,"XTT cell viability, 24 h",10.1021/acsomega.5c06380,https://doi.org/10.1021/acsomega.5c06380,https://pmc.ncbi.nlm.nih.gov/articles/PMC12509006/,Main article Table 1 (XTT),,auxiliary,False,False,,"MIC (cytotoxicity, XTT)",whole cell (cytotoxicity),16,μg/mL,"XTT cell viability, 24 h",negative_SAR_examples.csv,80,Homo sapiens HEK 293,1,1,True
msr_21b57c870927,GXYVJEJKTGYEDL-UHFFFAOYSA-N,WSA297,WSA297,asy_09db5b390fa3,whole cell,,Acinetobacter baumannii,ATCC 17978,,MIC,exact,32.0,,,ug/mL,6.063948122923809e-05,4.217244522749403,intermediate,moderate,"broth microdilution, CLSI",10.1021/acsomega.5c06380,https://doi.org/10.1021/acsomega.5c06380,https://pmc.ncbi.nlm.nih.gov/articles/PMC12509006/,Main article Table 1,,auxiliary,False,False,,MIC,whole cell,32,μg/mL,"broth microdilution, CLSI",negative_SAR_examples.csv,82,Acinetobacter baumannii ATCC 17978,1,1,True
msr_7b4f46a9e8ef,GXYVJEJKTGYEDL-UHFFFAOYSA-N,WSA297,WSA297,asy_e5f3cb9ffd5c,whole cell,,Acinetobacter baumannii,,,MIC,exact,128.0,,,ug/mL,0.00024255792491695237,3.615184531421441,inactive,weak,"broth microdilution, CLSI",10.1021/acsomega.5c06380,https://doi.org/10.1021/acsomega.5c06380,https://pmc.ncbi.nlm.nih.gov/articles/PMC12509006/,Main article Table 1,,auxiliary,False,False,,MIC,whole cell,128,μg/mL,"broth microdilution, CLSI",negative_SAR_examples.csv,83,Acinetobacter baumannii BAA 1605 (MDR),1,1,True
msr_ff5cc22a561d,GXYVJEJKTGYEDL-UHFFFAOYSA-N,WSA297,WSA297,asy_4530e22b9bbd,whole cell (cytotoxicity),,Homo sapiens HEK 293,,,cell_viability,exact,8.0,,,ug/mL,1.5159870307309523e-05,4.819304514077365,intermediate,moderate,"XTT cell viability, 24 h",10.1021/acsomega.5c06380,https://doi.org/10.1021/acsomega.5c06380,https://pmc.ncbi.nlm.nih.gov/articles/PMC12509006/,Main article Table 1 (XTT),,auxiliary,False,False,,"MIC (cytotoxicity, XTT)",whole cell (cytotoxicity),8,μg/mL,"XTT cell viability, 24 h",negative_SAR_examples.csv,84,Homo sapiens HEK 293,1,1,True
msr_0959c67943cf,IZWVLJVCXHHUOO-UHFFFAOYSA-N,WSA298,WSA298,asy_09db5b390fa3,whole cell,,Acinetobacter baumannii,ATCC 17978,,MIC,exact,16.0,,,ug/mL,3.2148978365746875e-05,4.49283282358481,intermediate,moderate,"broth microdilution, CLSI",10.1021/acsomega.5c06380,https://doi.org/10.1021/acsomega.5c06380,https://pmc.ncbi.nlm.nih.gov/articles/PMC12509006/,Main article Table 1,,auxiliary,False,False,,MIC,whole cell,16,μg/mL,"broth microdilution, CLSI",negative_SAR_examples.csv,86,Acinetobacter baumannii ATCC 17978,1,1,True
msr_59320eddad51,IZWVLJVCXHHUOO-UHFFFAOYSA-N,WSA298,WSA298,asy_e5f3cb9ffd5c,whole cell,,Acinetobacter baumannii,,,MIC,exact,32.0,,,ug/mL,6.429795673149375e-05,4.19180282792083,intermediate,moderate,"broth microdilution, CLSI",10.1021/acsomega.5c06380,https://doi.org/10.1021/acsomega.5c06380,https://pmc.ncbi.nlm.nih.gov/articles/PMC12509006/,Main article Table 1,,auxiliary,False,False,,MIC,whole cell,32,μg/mL,"broth microdilution, CLSI",negative_SAR_examples.csv,87,Acinetobacter baumannii BAA 1605 (MDR),1,1,True
msr_96a164d6eae8,IZWVLJVCXHHUOO-UHFFFAOYSA-N,WSA298,WSA298,asy_4530e22b9bbd,whole cell (cytotoxicity),,Homo sapiens HEK 293,,,cell_viability,exact,16.0,,,ug/mL,3.2148978365746875e-05,4.49283282358481,intermediate,moderate,"XTT cell viability, 24 h",10.1021/acsomega.5c06380,https://doi.org/10.1021/acsomega.5c06380,https://pmc.ncbi.nlm.nih.gov/articles/PMC12509006/,Main article Table 1 (XTT),,auxiliary,False,False,,"MIC (cytotoxicity, XTT)",whole cell (cytotoxicity),16,μg/mL,"XTT cell viability, 24 h",negative_SAR_examples.csv,88,Homo sapiens HEK 293,1,1,True
msr_557b056a5523,ZMCMUCKOPVYNJN-UHFFFAOYSA-N,WSA299,WSA299,asy_09db5b390fa3,whole cell,,Acinetobacter baumannii,ATCC 17978,,MIC,exact,32.0,,,ug/mL,6.205482932013116e-05,4.207224414560565,intermediate,moderate,"broth microdilution, CLSI",10.1021/acsomega.5c06380,https://doi.org/10.1021/acsomega.5c06380,https://pmc.ncbi.nlm.nih.gov/articles/PMC12509006/,Main article Table 1,,auxiliary,False,False,,MIC,whole cell,32,μg/mL,"broth microdilution, CLSI",negative_SAR_examples.csv,89,Acinetobacter baumannii ATCC 17978,1,1,True
msr_88f31ee46797,ZMCMUCKOPVYNJN-UHFFFAOYSA-N,WSA299,WSA299,asy_e5f3cb9ffd5c,whole cell,,Acinetobacter baumannii,,,MIC,exact,128.0,,,ug/mL,0.00024821931728052465,3.605164423232602,inactive,weak,"broth microdilution, CLSI",10.1021/acsomega.5c06380,https://doi.org/10.1021/acsomega.5c06380,https://pmc.ncbi.nlm.nih.gov/articles/PMC12509006/,Main article Table 1,,auxiliary,False,False,,MIC,whole cell,128,μg/mL,"broth microdilution, CLSI",negative_SAR_examples.csv,90,Acinetobacter baumannii BAA 1605 (MDR),1,1,True
msr_b132b34f938b,ZMCMUCKOPVYNJN-UHFFFAOYSA-N,WSA299,WSA299,asy_4530e22b9bbd,whole cell (cytotoxicity),,Homo sapiens HEK 293,,,cell_viability,exact,16.0,,,ug/mL,3.102741466006558e-05,4.508254410224546,intermediate,moderate,"XTT cell viability, 24 h",10.1021/acsomega.5c06380,https://doi.org/10.1021/acsomega.5c06380,https://pmc.ncbi.nlm.nih.gov/articles/PMC12509006/,Main article Table 1 (XTT),,auxiliary,False,False,,"MIC (cytotoxicity, XTT)",whole cell (cytotoxicity),16,μg/mL,"XTT cell viability, 24 h",negative_SAR_examples.csv,91,Homo sapiens HEK 293,1,1,True
msr_690f900f85d0,UHMXBFQXPUTOKL-UHFFFAOYSA-N,WSA300,WSA300,asy_09db5b390fa3,whole cell,,Acinetobacter baumannii,ATCC 17978,,MIC,exact,16.0,,,ug/mL,3.4805080671651044e-05,4.458357355288848,intermediate,moderate,"broth microdilution, CLSI",10.1021/acsomega.5c06380,https://doi.org/10.1021/acsomega.5c06380,https://pmc.ncbi.nlm.nih.gov/articles/PMC12509006/,Main article Table 1,,auxiliary,False,False,,MIC,whole cell,16,μg/mL,"broth microdilution, CLSI",negative_SAR_examples.csv,95,Acinetobacter baumannii ATCC 17978,1,1,True
msr_62cc8ce5869b,UHMXBFQXPUTOKL-UHFFFAOYSA-N,WSA300,WSA300,asy_e5f3cb9ffd5c,whole cell,,Acinetobacter baumannii,,,MIC,exact,32.0,,,ug/mL,6.961016134330209e-05,4.157327359624866,intermediate,moderate,"broth microdilution, CLSI",10.1021/acsomega.5c06380,https://doi.org/10.1021/acsomega.5c06380,https://pmc.ncbi.nlm.nih.gov/articles/PMC12509006/,Main article Table 1,,auxiliary,False,False,,MIC,whole cell,32,μg/mL,"broth microdilution, CLSI",negative_SAR_examples.csv,96,Acinetobacter baumannii BAA 1605 (MDR),1,1,True
msr_e900ab8aca6f,UHMXBFQXPUTOKL-UHFFFAOYSA-N,WSA300,WSA300,asy_4530e22b9bbd,whole cell (cytotoxicity),,Homo sapiens HEK 293,,,cell_viability,exact,4.0,,,ug/mL,8.701270167912761e-06,5.06041734661681,intermediate,strong,"XTT cell viability, 24 h",10.1021/acsomega.5c06380,https://doi.org/10.1021/acsomega.5c06380,https://pmc.ncbi.nlm.nih.gov/articles/PMC12509006/,Main article Table 1 (XTT),,auxiliary,False,False,,"MIC (cytotoxicity, XTT)",whole cell (cytotoxicity),4,μg/mL,"XTT cell viability, 24 h",negative_SAR_examples.csv,97,Homo sapiens HEK 293,1,1,True
msr_4cf4be778655,FMUGFYQFZOPACO-UHFFFAOYSA-N,WSA301,WSA301,asy_09db5b390fa3,whole cell,,Acinetobacter baumannii,ATCC 17978,,MIC,exact,128.0,,,ug/mL,0.00026200569453001704,3.5816892694585465,inactive,weak,"broth microdilution, CLSI",10.1021/acsomega.5c06380,https://doi.org/10.1021/acsomega.5c06380,https://pmc.ncbi.nlm.nih.gov/articles/PMC12509006/,Main article Table 1,,auxiliary,False,False,,MIC,whole cell,128,μg/mL,"broth microdilution, CLSI",negative_SAR_examples.csv,16,Acinetobacter baumannii ATCC 17978,1,1,True
msr_4d3db775814f,FMUGFYQFZOPACO-UHFFFAOYSA-N,WSA301,WSA301,asy_e5f3cb9ffd5c,whole cell,,Acinetobacter baumannii,,,MIC,gt,128.0,,,ug/mL,0.00026200569453001704,3.5816892694585465,inactive,inactive,"broth microdilution, CLSI",10.1021/acsomega.5c06380,https://doi.org/10.1021/acsomega.5c06380,https://pmc.ncbi.nlm.nih.gov/articles/PMC12509006/,Main article Table 1,,auxiliary,False,False,,MIC,whole cell,>128,μg/mL,"broth microdilution, CLSI",negative_SAR_examples.csv,17,Acinetobacter baumannii BAA 1605 (MDR),1,1,True
msr_2d1910d50320,FMUGFYQFZOPACO-UHFFFAOYSA-N,WSA301,WSA301,asy_4530e22b9bbd,whole cell (cytotoxicity),,Homo sapiens HEK 293,,,cell_viability,exact,16.0,,,ug/mL,3.275071181625213e-05,4.48477925645049,intermediate,moderate,"XTT cell viability, 24 h",10.1021/acsomega.5c06380,https://doi.org/10.1021/acsomega.5c06380,https://pmc.ncbi.nlm.nih.gov/articles/PMC12509006/,Main article Table 1 (XTT),,auxiliary,False,False,,"MIC (cytotoxicity, XTT)",whole cell (cytotoxicity),16,μg/mL,"XTT cell viability, 24 h",negative_SAR_examples.csv,18,Homo sapiens HEK 293,1,1,True
msr_fdb2098cc3be,BJYUUFFIHWOTNU-UHFFFAOYSA-N,WSA302,WSA302,asy_09db5b390fa3,whole cell,,Acinetobacter baumannii,ATCC 17978,,MIC,exact,64.0,,,ug/mL,0.00013175745922209574,3.8802247885837695,inactive,moderate,"broth microdilution, CLSI",10.1021/acsomega.5c06380,https://doi.org/10.1021/acsomega.5c06380,https://pmc.ncbi.nlm.nih.gov/articles/PMC12509006/,Main article Table 1,,auxiliary,False,False,,MIC,whole cell,64,μg/mL,"broth microdilution, CLSI",negative_SAR_examples.csv,47,Acinetobacter baumannii ATCC 17978,1,1,True
msr_cf3bc8e26f29,BJYUUFFIHWOTNU-UHFFFAOYSA-N,WSA302,WSA302,asy_e5f3cb9ffd5c,whole cell,,Acinetobacter baumannii,,,MIC,exact,64.0,,,ug/mL,0.00013175745922209574,3.8802247885837695,inactive,moderate,"broth microdilution, CLSI",10.1021/acsomega.5c06380,https://doi.org/10.1021/acsomega.5c06380,https://pmc.ncbi.nlm.nih.gov/articles/PMC12509006/,Main article Table 1,,auxiliary,False,False,,MIC,whole cell,64,μg/mL,"broth microdilution, CLSI",negative_SAR_examples.csv,48,Acinetobacter baumannii BAA 1605 (MDR),1,1,True
msr_21273ce48cc1,BJYUUFFIHWOTNU-UHFFFAOYSA-N,WSA302,WSA302,asy_4530e22b9bbd,whole cell (cytotoxicity),,Homo sapiens HEK 293,,,cell_viability,exact,16.0,,,ug/mL,3.2939364805523935e-05,4.482284779911732,intermediate,moderate,"XTT cell viability, 24 h",10.1021/acsomega.5c06380,https://doi.org/10.1021/acsomega.5c06380,https://pmc.ncbi.nlm.nih.gov/articles/PMC12509006/,Main article Table 1 (XTT),,auxiliary,False,False,,"MIC (cytotoxicity, XTT)",whole cell (cytotoxicity),16,μg/mL,"XTT cell viability, 24 h",negative_SAR_examples.csv,49,Homo sapiens HEK 293,1,1,True
msr_924ec46bc8b5,ZPDBJZFBTVCYMH-UHFFFAOYSA-N,WSA303,WSA303,asy_09db5b390fa3,whole cell,,Acinetobacter baumannii,ATCC 17978,,MIC,exact,64.0,,,ug/mL,0.00012102645562678468,3.917119685246638,inactive,moderate,"broth microdilution, CLSI",10.1021/acsomega.5c06380,https://doi.org/10.1021/acsomega.5c06380,https://pmc.ncbi.nlm.nih.gov/articles/PMC12509006/,Main article Table 1,,auxiliary,False,False,,MIC,whole cell,64,μg/mL,"broth microdilution, CLSI",negative_SAR_examples.csv,67,Acinetobacter baumannii ATCC 17978,1,1,True
msr_b1c08e065a3d,ZPDBJZFBTVCYMH-UHFFFAOYSA-N,WSA303,WSA303,asy_e5f3cb9ffd5c,whole cell,,Acinetobacter baumannii,,,MIC,exact,128.0,,,ug/mL,0.00024205291125356935,3.616089689582657,inactive,weak,"broth microdilution, CLSI",10.1021/acsomega.5c06380,https://doi.org/10.1021/acsomega.5c06380,https://pmc.ncbi.nlm.nih.gov/articles/PMC12509006/,Main article Table 1,,auxiliary,False,False,,MIC,whole cell,128,μg/mL,"broth microdilution, CLSI",negative_SAR_examples.csv,68,Acinetobacter baumannii BAA 1605 (MDR),1,1,True
msr_ba15f4fcf2c9,ZPDBJZFBTVCYMH-UHFFFAOYSA-N,WSA303,WSA303,asy_4530e22b9bbd,whole cell (cytotoxicity),,Homo sapiens HEK 293,,,cell_viability,exact,4.0,,,ug/mL,7.564153476674042e-06,5.121239667902563,intermediate,strong,"XTT cell viability, 24 h",10.1021/acsomega.5c06380,https://doi.org/10.1021/acsomega.5c06380,https://pmc.ncbi.nlm.nih.gov/articles/PMC12509006/,Main article Table 1 (XTT),,auxiliary,False,False,,"MIC (cytotoxicity, XTT)",whole cell (cytotoxicity),4,μg/mL,"XTT cell viability, 24 h",negative_SAR_examples.csv,69,Homo sapiens HEK 293,1,1,True
msr_6a17614eb060,ZGIDBFBSYKRZQE-UHFFFAOYSA-N,WSA304,WSA304,asy_09db5b390fa3,whole cell,,Acinetobacter baumannii,ATCC 17978,,MIC,exact,32.0,,,ug/mL,7.180103932004415e-05,4.143869269299576,intermediate,moderate,"broth microdilution, CLSI",10.1021/acsomega.5c06380,https://doi.org/10.1021/acsomega.5c06380,https://pmc.ncbi.nlm.nih.gov/articles/PMC12509006/,Main article Table 1,,auxiliary,False,False,,MIC,whole cell,32,μg/mL,"broth microdilution, CLSI",negative_SAR_examples.csv,92,Acinetobacter baumannii ATCC 17978,1,1,True
msr_05b89abca357,ZGIDBFBSYKRZQE-UHFFFAOYSA-N,WSA304,WSA304,asy_e5f3cb9ffd5c,whole cell,,Acinetobacter baumannii,,,MIC,exact,64.0,,,ug/mL,0.0001436020786400883,3.8428392736355947,inactive,moderate,"broth microdilution, CLSI",10.1021/acsomega.5c06380,https://doi.org/10.1021/acsomega.5c06380,https://pmc.ncbi.nlm.nih.gov/articles/PMC12509006/,Main article Table 1,,auxiliary,False,False,,MIC,whole cell,64,μg/mL,"broth microdilution, CLSI",negative_SAR_examples.csv,93,Acinetobacter baumannii BAA 1605 (MDR),1,1,True
msr_2466848198ca,ZGIDBFBSYKRZQE-UHFFFAOYSA-N,WSA304,WSA304,asy_4530e22b9bbd,whole cell (cytotoxicity),,Homo sapiens HEK 293,,,cell_viability,exact,8.0,,,ug/mL,1.795025983001104e-05,4.7459292606275385,intermediate,moderate,"XTT cell viability, 24 h",10.1021/acsomega.5c06380,https://doi.org/10.1021/acsomega.5c06380,https://pmc.ncbi.nlm.nih.gov/articles/PMC12509006/,Main article Table 1 (XTT),,auxiliary,False,False,,"MIC (cytotoxicity, XTT)",whole cell (cytotoxicity),8,μg/mL,"XTT cell viability, 24 h",negative_SAR_examples.csv,94,Homo sapiens HEK 293,1,1,True
msr_dccf9f7d2208,OERRFXQQEGZCLT-UHFFFAOYSA-N,WSA305,WSA305,asy_09db5b390fa3,whole cell,,Acinetobacter baumannii,ATCC 17978,,MIC,exact,32.0,,,ug/mL,6.726900454486212e-05,4.172184999013677,intermediate,moderate,"broth microdilution, CLSI",10.1021/acsomega.5c06380,https://doi.org/10.1021/acsomega.5c06380,https://pmc.ncbi.nlm.nih.gov/articles/PMC12509006/,Main article Table 1,,auxiliary,False,False,,MIC,whole cell,32,μg/mL,"broth microdilution, CLSI",negative_SAR_examples.csv,98,Acinetobacter baumannii ATCC 17978,1,1,True
msr_b28c40b3bc7f,OERRFXQQEGZCLT-UHFFFAOYSA-N,WSA305,WSA305,asy_e5f3cb9ffd5c,whole cell,,Acinetobacter baumannii,,,MIC,exact,32.0,,,ug/mL,6.726900454486212e-05,4.172184999013677,intermediate,moderate,"broth microdilution, CLSI",10.1021/acsomega.5c06380,https://doi.org/10.1021/acsomega.5c06380,https://pmc.ncbi.nlm.nih.gov/articles/PMC12509006/,Main article Table 1,,auxiliary,False,False,,MIC,whole cell,32,μg/mL,"broth microdilution, CLSI",negative_SAR_examples.csv,99,Acinetobacter baumannii BAA 1605 (MDR),1,1,True
msr_b58110e25f57,OERRFXQQEGZCLT-UHFFFAOYSA-N,WSA305,WSA305,asy_4530e22b9bbd,whole cell (cytotoxicity),,Homo sapiens HEK 293,,,cell_viability,exact,4.0,,,ug/mL,8.408625568107765e-06,5.07527498600562,intermediate,strong,"XTT cell viability, 24 h",10.1021/acsomega.5c06380,https://doi.org/10.1021/acsomega.5c06380,https://pmc.ncbi.nlm.nih.gov/articles/PMC12509006/,Main article Table 1 (XTT),,auxiliary,False,False,,"MIC (cytotoxicity, XTT)",whole cell (cytotoxicity),4,μg/mL,"XTT cell viability, 24 h",negative_SAR_examples.csv,100,Homo sapiens HEK 293,1,1,True
msr_ca30f746c0ce,VPHZLIOARSIWRC-UHFFFAOYSA-N,WSA306,WSA306,asy_09db5b390fa3,whole cell,,Acinetobacter baumannii,ATCC 17978,,MIC,exact,32.0,,,ug/mL,6.48177406156065e-05,4.188306111459874,intermediate,moderate,"broth microdilution, CLSI",10.1021/acsomega.5c06380,https://doi.org/10.1021/acsomega.5c06380,https://pmc.ncbi.nlm.nih.gov/articles/PMC12509006/,Main article Table 1,,auxiliary,False,False,,MIC,whole cell,32,μg/mL,"broth microdilution, CLSI",negative_SAR_examples.csv,101,Acinetobacter baumannii ATCC 17978,1,1,True
msr_b29400ac1eda,VPHZLIOARSIWRC-UHFFFAOYSA-N,WSA306,WSA306,asy_e5f3cb9ffd5c,whole cell,,Acinetobacter baumannii,,,MIC,exact,32.0,,,ug/mL,6.48177406156065e-05,4.188306111459874,intermediate,moderate,"broth microdilution, CLSI",10.1021/acsomega.5c06380,https://doi.org/10.1021/acsomega.5c06380,https://pmc.ncbi.nlm.nih.gov/articles/PMC12509006/,Main article Table 1,,auxiliary,False,False,,MIC,whole cell,32,μg/mL,"broth microdilution, CLSI",negative_SAR_examples.csv,102,Acinetobacter baumannii BAA 1605 (MDR),1,1,True
msr_87b094bfda0f,VPHZLIOARSIWRC-UHFFFAOYSA-N,WSA306,WSA306,asy_4530e22b9bbd,whole cell (cytotoxicity),,Homo sapiens HEK 293,,,cell_viability,exact,16.0,,,ug/mL,3.240887030780325e-05,4.489336107123855,intermediate,moderate,"XTT cell viability, 24 h",10.1021/acsomega.5c06380,https://doi.org/10.1021/acsomega.5c06380,https://pmc.ncbi.nlm.nih.gov/articles/PMC12509006/,Main article Table 1 (XTT),,auxiliary,False,False,,"MIC (cytotoxicity, XTT)",whole cell (cytotoxicity),16,μg/mL,"XTT cell viability, 24 h",negative_SAR_examples.csv,103,Homo sapiens HEK 293,1,1,True
msr_9d78b045886b,CXMRFZUNEWGZOD-UHFFFAOYSA-N,WSA307,WSA307,asy_09db5b390fa3,whole cell,,Acinetobacter baumannii,ATCC 17978,,MIC,exact,32.0,,,ug/mL,6.901519628353168e-05,4.161055272517117,intermediate,moderate,"broth microdilution, CLSI",10.1021/acsomega.5c06380,https://doi.org/10.1021/acsomega.5c06380,https://pmc.ncbi.nlm.nih.gov/articles/PMC12509006/,Main article Table 1,,auxiliary,False,False,,MIC,whole cell,32,μg/mL,"broth microdilution, CLSI",negative_SAR_examples.csv,104,Acinetobacter baumannii ATCC 17978,1,1,True
msr_b74e5c988c5a,CXMRFZUNEWGZOD-UHFFFAOYSA-N,WSA307,WSA307,asy_e5f3cb9ffd5c,whole cell,,Acinetobacter baumannii,,,MIC,exact,32.0,,,ug/mL,6.901519628353168e-05,4.161055272517117,intermediate,moderate,"broth microdilution, CLSI",10.1021/acsomega.5c06380,https://doi.org/10.1021/acsomega.5c06380,https://pmc.ncbi.nlm.nih.gov/articles/PMC12509006/,Main article Table 1,,auxiliary,False,False,,MIC,whole cell,32,μg/mL,"broth microdilution, CLSI",negative_SAR_examples.csv,105,Acinetobacter baumannii BAA 1605 (MDR),1,1,True
msr_1e691289614e,CXMRFZUNEWGZOD-UHFFFAOYSA-N,WSA307,WSA307,asy_4530e22b9bbd,whole cell (cytotoxicity),,Homo sapiens HEK 293,,,cell_viability,exact,8.0,,,ug/mL,1.725379907088292e-05,4.763115263845078,intermediate,moderate,"XTT cell viability, 24 h",10.1021/acsomega.5c06380,https://doi.org/10.1021/acsomega.5c06380,https://pmc.ncbi.nlm.nih.gov/articles/PMC12509006/,Main article Table 1 (XTT),,auxiliary,False,False,,"MIC (cytotoxicity, XTT)",whole cell (cytotoxicity),8,μg/mL,"XTT cell viability, 24 h",negative_SAR_examples.csv,106,Homo sapiens HEK 293,1,1,True
msr_a81a593a1faa,BIUKOUDAOJTTLM-UHFFFAOYSA-N,WSA308,WSA308,asy_09db5b390fa3,whole cell,,Acinetobacter baumannii,ATCC 17978,,MIC,exact,32.0,,,ug/mL,6.643745743850382e-05,4.177586996352441,intermediate,moderate,"broth microdilution, CLSI",10.1021/acsomega.5c06380,https://doi.org/10.1021/acsomega.5c06380,https://pmc.ncbi.nlm.nih.gov/articles/PMC12509006/,Main article Table 1,,auxiliary,False,False,,MIC,whole cell,32,μg/mL,"broth microdilution, CLSI",negative_SAR_examples.csv,107,Acinetobacter baumannii ATCC 17978,1,1,True
msr_932a6a197cf4,BIUKOUDAOJTTLM-UHFFFAOYSA-N,WSA308,WSA308,asy_e5f3cb9ffd5c,whole cell,,Acinetobacter baumannii,,,MIC,exact,64.0,,,ug/mL,0.00013287491487700765,3.87655700068846,inactive,moderate,"broth microdilution, CLSI",10.1021/acsomega.5c06380,https://doi.org/10.1021/acsomega.5c06380,https://pmc.ncbi.nlm.nih.gov/articles/PMC12509006/,Main article Table 1,,auxiliary,False,False,,MIC,whole cell,64,μg/mL,"broth microdilution, CLSI",negative_SAR_examples.csv,108,Acinetobacter baumannii BAA 1605 (MDR),1,1,True
msr_e2bd1ae114df,BIUKOUDAOJTTLM-UHFFFAOYSA-N,WSA308,WSA308,asy_4530e22b9bbd,whole cell (cytotoxicity),,Homo sapiens HEK 293,,,cell_viability,exact,16.0,,,ug/mL,3.321872871925191e-05,4.4786169920164225,intermediate,moderate,"XTT cell viability, 24 h",10.1021/acsomega.5c06380,https://doi.org/10.1021/acsomega.5c06380,https://pmc.ncbi.nlm.nih.gov/articles/PMC12509006/,Main article Table 1 (XTT),,auxiliary,False,False,,"MIC (cytotoxicity, XTT)",whole cell (cytotoxicity),16,μg/mL,"XTT cell viability, 24 h",negative_SAR_examples.csv,109,Homo sapiens HEK 293,1,1,True
