canonical_id,original_name,source,confidence
ATP-HTVS-0009DAEDE04F,79971,运行/运行/ATP-VSW/ATP-VSW-DOCK_HTVS_1-003_lib/ATP-VSW-DOCK_HTVS_1-003_lib.mae,confirmed
ATP-HTVS-0015C54A99C8,82625,运行/运行/ATP-VSW/ATP-VSW-DOCK_HTVS_1-001_lib/ATP-VSW-DOCK_HTVS_1-001_lib,confirmed
ATP-HTVS-003E4D952AAC,76899,运行/运行/ATP-VSW/ATP-VSW-DOCK_HTVS_1-003_lib/ATP-VSW-DOCK_HTVS_1-003_lib.mae,confirmed
ATP-HTVS-005EEA24BFEA,69987,运行/运行/ATP-VSW/ATP-VSW-DOCK_HTVS_1-003_lib/ATP-VSW-DOCK_HTVS_1-003_lib.mae,confirmed
ATP-HTVS-0063E4174F09,34081,运行/运行/ATP-VSW/ATP-VSW-DOCK_HTVS_1-001_lib/ATP-VSW-DOCK_HTVS_1-001_lib,confirmed
ATP-HTVS-0079D40D2121,29921,运行/运行/ATP-VSW/ATP-VSW-DOCK_HTVS_1-001_lib/ATP-VSW-DOCK_HTVS_1-001_lib,confirmed
ATP-HTVS-007D6F34F923,30817,运行/运行/ATP-VSW/ATP-VSW-DOCK_HTVS_1-001_lib/ATP-VSW-DOCK_HTVS_1-001_lib,confirmed
ATP-HTVS-00C8034698A8,34403,运行/运行/ATP-VSW/ATP-VSW-DOCK_HTVS_1-003_lib/ATP-VSW-DOCK_HTVS_1-003_lib.mae,confirmed
ATP-HTVS-00F86A54285D,38369,运行/运行/ATP-VSW/ATP-VSW-DOCK_HTVS_1-001_lib/ATP-VSW-DOCK_HTVS_1-001_lib,confirmed
ATP-HTVS-011A966B3F21,59203,运行/运行/ATP-VSW/ATP-VSW-DOCK_HTVS_1-003_lib/ATP-VSW-DOCK_HTVS_1-003_lib.mae,confirmed
ATP-HTVS-0125A5267C6C,70530,运行/运行/ATP-VSW/ATP-VSW-DOCK_HTVS_1-002_lib.maegz,confirmed
ATP-HTVS-0161AEC2E23E,48867,运行/运行/ATP-VSW/ATP-VSW-DOCK_HTVS_1-003_lib/ATP-VSW-DOCK_HTVS_1-003_lib.mae,confirmed
ATP-HTVS-017DA1C05B1D,98562,运行/运行/ATP-VSW/ATP-VSW-DOCK_HTVS_1-003_lib/ATP-VSW-DOCK_HTVS_1-003_lib.mae,confirmed
ATP-HTVS-01DF3EF44742,99137,运行/运行/ATP-VSW/ATP-VSW-DOCK_HTVS_1-002_lib.maegz,confirmed
ATP-HTVS-01E9987F6BBC,40801,运行/运行/ATP-VSW/ATP-VSW-DOCK_HTVS_1-001_lib/ATP-VSW-DOCK_HTVS_1-001_lib,confirmed
ATP-HTVS-02393E0D1A46,72513,运行/运行/ATP-VSW/ATP-VSW-DOCK_HTVS_1-001_lib/ATP-VSW-DOCK_HTVS_1-001_lib,confirmed
ATP-HTVS-02527EDCA73D,62593,运行/运行/ATP-VSW/ATP-VSW-DOCK_HTVS_1-001_lib/ATP-VSW-DOCK_HTVS_1-001_lib,confirmed
ATP-HTVS-0258CCAE4910,3905,运行/运行/ATP-VSW/ATP-VSW-DOCK_HTVS_1-001_lib/ATP-VSW-DOCK_HTVS_1-001_lib,confirmed
ATP-HTVS-027CB3113620,20194,运行/运行/ATP-VSW/ATP-VSW-DOCK_HTVS_1-002_lib.maegz,confirmed
ATP-HTVS-0282D10141FD,57825,运行/运行/ATP-VSW/ATP-VSW-DOCK_HTVS_1-001_lib/ATP-VSW-DOCK_HTVS_1-001_lib,confirmed
ATP-HTVS-028F2DC4E032,96994,运行/运行/ATP-VSW/ATP-VSW-DOCK_HTVS_1-003_lib/ATP-VSW-DOCK_HTVS_1-003_lib.mae,confirmed
ATP-HTVS-02AC8E798E60,89826,运行/运行/ATP-VSW/ATP-VSW-DOCK_HTVS_1-002_lib.maegz,confirmed
ATP-HTVS-02BB8772E392,54466,运行/运行/ATP-VSW/ATP-VSW-DOCK_HTVS_1-002_lib.maegz,confirmed
ATP-HTVS-02DF9A19852D,45889,运行/运行/ATP-VSW/ATP-VSW-DOCK_HTVS_1-001_lib/ATP-VSW-DOCK_HTVS_1-001_lib,confirmed
ATP-HTVS-0362648F57EF,78755,运行/运行/ATP-VSW/ATP-VSW-DOCK_HTVS_1-003_lib/ATP-VSW-DOCK_HTVS_1-003_lib.mae,confirmed
ATP-HTVS-03C3664644A2,98497,运行/运行/ATP-VSW/ATP-VSW-DOCK_HTVS_1-002_lib.maegz,confirmed
ATP-HTVS-03F3A1A9B60E,77378,运行/运行/ATP-VSW/ATP-VSW-DOCK_HTVS_1-002_lib.maegz,confirmed
ATP-HTVS-0438281B0112,75297,运行/运行/ATP-VSW/ATP-VSW-DOCK_HTVS_1-001_lib/ATP-VSW-DOCK_HTVS_1-001_lib,confirmed
ATP-HTVS-0460857F35D6,52162,运行/运行/ATP-VSW/ATP-VSW-DOCK_HTVS_1-002_lib.maegz,confirmed
ATP-HTVS-04621B482D9F,87427,运行/运行/ATP-VSW/ATP-VSW-DOCK_HTVS_1-003_lib/ATP-VSW-DOCK_HTVS_1-003_lib.mae,confirmed
ATP-HTVS-04BA495CA0A4,22531,运行/运行/ATP-VSW/ATP-VSW-DOCK_HTVS_1-003_lib/ATP-VSW-DOCK_HTVS_1-003_lib.mae,confirmed
ATP-HTVS-052AF9B11E6A,34531,运行/运行/ATP-VSW/ATP-VSW-DOCK_HTVS_1-003_lib/ATP-VSW-DOCK_HTVS_1-003_lib.mae,confirmed
ATP-HTVS-053279755E30,96641,运行/运行/ATP-VSW/ATP-VSW-DOCK_HTVS_1-002_lib.maegz,confirmed
ATP-HTVS-0587EECAF94B,71363,运行/运行/ATP-VSW/ATP-VSW-DOCK_HTVS_1-003_lib/ATP-VSW-DOCK_HTVS_1-003_lib.mae,confirmed
ATP-HTVS-05A72EDFB57A,38883,运行/运行/ATP-VSW/ATP-VSW-DOCK_HTVS_1-003_lib/ATP-VSW-DOCK_HTVS_1-003_lib.mae,confirmed
ATP-HTVS-05E9E2FC066B,70657,运行/运行/ATP-VSW/ATP-VSW-DOCK_HTVS_1-001_lib/ATP-VSW-DOCK_HTVS_1-001_lib,confirmed
ATP-HTVS-0659C124A83C,70241,运行/运行/ATP-VSW/ATP-VSW-DOCK_HTVS_1-001_lib/ATP-VSW-DOCK_HTVS_1-001_lib,confirmed
ATP-HTVS-069ABDEDA86E,60193,运行/运行/ATP-VSW/ATP-VSW-DOCK_HTVS_1-001_lib/ATP-VSW-DOCK_HTVS_1-001_lib,confirmed
ATP-HTVS-06CA19E03C57,93825,运行/运行/ATP-VSW/ATP-VSW-DOCK_HTVS_1-001_lib/ATP-VSW-DOCK_HTVS_1-001_lib,confirmed
ATP-HTVS-06E5BAB39855,49667,运行/运行/ATP-VSW/ATP-VSW-DOCK_HTVS_1-003_lib/ATP-VSW-DOCK_HTVS_1-003_lib.mae,confirmed
ATP-HTVS-071084F9408F,96642,运行/运行/ATP-VSW/ATP-VSW-DOCK_HTVS_1-003_lib/ATP-VSW-DOCK_HTVS_1-003_lib.mae,confirmed
ATP-HTVS-0715C99C3A28,99362,运行/运行/ATP-VSW/ATP-VSW-DOCK_HTVS_1-003_lib/ATP-VSW-DOCK_HTVS_1-003_lib.mae,confirmed
ATP-HTVS-0743B9964B99,20417,运行/运行/ATP-VSW/ATP-VSW-DOCK_HTVS_1-001_lib/ATP-VSW-DOCK_HTVS_1-001_lib,confirmed
ATP-HTVS-07D9286D8737,76898,运行/运行/ATP-VSW/ATP-VSW-DOCK_HTVS_1-002_lib.maegz,confirmed
ATP-HTVS-07F3737128F1,86945,运行/运行/ATP-VSW/ATP-VSW-DOCK_HTVS_1-001_lib/ATP-VSW-DOCK_HTVS_1-001_lib,confirmed
ATP-HTVS-08126335CB19,67841,运行/运行/ATP-VSW/ATP-VSW-DOCK_HTVS_1-001_lib/ATP-VSW-DOCK_HTVS_1-001_lib,confirmed
ATP-HTVS-081D95190B15,78402,运行/运行/ATP-VSW/ATP-VSW-DOCK_HTVS_1-002_lib.maegz,confirmed
ATP-HTVS-08266C4344A3,88675,运行/运行/ATP-VSW/ATP-VSW-DOCK_HTVS_1-003_lib/ATP-VSW-DOCK_HTVS_1-003_lib.mae,confirmed
ATP-HTVS-0852D38F8C28,46851,运行/运行/ATP-VSW/ATP-VSW-DOCK_HTVS_1-003_lib/ATP-VSW-DOCK_HTVS_1-003_lib.mae,confirmed
ATP-HTVS-08590B5C6743,87873,运行/运行/ATP-VSW/ATP-VSW-DOCK_HTVS_1-001_lib/ATP-VSW-DOCK_HTVS_1-001_lib,confirmed
ATP-HTVS-086F5E4227DC,20162,运行/运行/ATP-VSW/ATP-VSW-DOCK_HTVS_1-002_lib.maegz,confirmed
ATP-HTVS-08A6E1F87809,61538,运行/运行/ATP-VSW/ATP-VSW-DOCK_HTVS_1-002_lib.maegz,confirmed
ATP-HTVS-093491EAEBEC,53250,运行/运行/ATP-VSW/ATP-VSW-DOCK_HTVS_1-002_lib.maegz,confirmed
ATP-HTVS-09A5DA8CBD66,30690,运行/运行/ATP-VSW/ATP-VSW-DOCK_HTVS_1-002_lib.maegz,confirmed
ATP-HTVS-09A833AE3D1D,90339,运行/运行/ATP-VSW/ATP-VSW-DOCK_HTVS_1-003_lib/ATP-VSW-DOCK_HTVS_1-003_lib.mae,confirmed
ATP-HTVS-09F9B4EC4E97,20514,运行/运行/ATP-VSW/ATP-VSW-DOCK_HTVS_1-002_lib.maegz,confirmed
ATP-HTVS-0A1AFDA96BE3,90754,运行/运行/ATP-VSW/ATP-VSW-DOCK_HTVS_1-002_lib.maegz,confirmed
ATP-HTVS-0A1D74055304,29089,运行/运行/ATP-VSW/ATP-VSW-DOCK_HTVS_1-001_lib/ATP-VSW-DOCK_HTVS_1-001_lib,confirmed
ATP-HTVS-0A30D9D79A37,89123,运行/运行/ATP-VSW/ATP-VSW-DOCK_HTVS_1-003_lib/ATP-VSW-DOCK_HTVS_1-003_lib.mae,confirmed
ATP-HTVS-0A53D5277C22,24418,运行/运行/ATP-VSW/ATP-VSW-DOCK_HTVS_1-002_lib.maegz,confirmed
ATP-HTVS-0A81E0DFACE9,19938,运行/运行/ATP-VSW/ATP-VSW-DOCK_HTVS_1-002_lib.maegz,confirmed
ATP-HTVS-0A8B3D0EFFB7,1954,运行/运行/ATP-VSW/ATP-VSW-DOCK_HTVS_1-002_lib.maegz,confirmed
ATP-HTVS-0A8D2667A5C6,69794,运行/运行/ATP-VSW/ATP-VSW-DOCK_HTVS_1-002_lib.maegz,confirmed
ATP-HTVS-0AAFA8CB92ED,43169,运行/运行/ATP-VSW/ATP-VSW-DOCK_HTVS_1-001_lib/ATP-VSW-DOCK_HTVS_1-001_lib,confirmed
ATP-HTVS-0AE85D2EF5B8,94338,运行/运行/ATP-VSW/ATP-VSW-DOCK_HTVS_1-003_lib/ATP-VSW-DOCK_HTVS_1-003_lib.mae,confirmed
ATP-HTVS-0B0619B736F3,87937,运行/运行/ATP-VSW/ATP-VSW-DOCK_HTVS_1-001_lib/ATP-VSW-DOCK_HTVS_1-001_lib,confirmed
ATP-HTVS-0B15CB8240E3,99809,运行/运行/ATP-VSW/ATP-VSW-DOCK_HTVS_1-002_lib.maegz,confirmed
ATP-HTVS-0B527D484045,76929,运行/运行/ATP-VSW/ATP-VSW-DOCK_HTVS_1-001_lib/ATP-VSW-DOCK_HTVS_1-001_lib,confirmed
ATP-HTVS-0B76E6A2B6F2,90146,运行/运行/ATP-VSW/ATP-VSW-DOCK_HTVS_1-002_lib.maegz,confirmed
ATP-HTVS-0BEF59EEEAC9,79426,运行/运行/ATP-VSW/ATP-VSW-DOCK_HTVS_1-002_lib.maegz,confirmed
ATP-HTVS-0C1598B702AE,55106,运行/运行/ATP-VSW/ATP-VSW-DOCK_HTVS_1-002_lib.maegz,confirmed
ATP-HTVS-0C253F9D7643,68259,运行/运行/ATP-VSW/ATP-VSW-DOCK_HTVS_1-003_lib/ATP-VSW-DOCK_HTVS_1-003_lib.mae,confirmed
ATP-HTVS-0C40F7CB6A92,58402,运行/运行/ATP-VSW/ATP-VSW-DOCK_HTVS_1-002_lib.maegz,confirmed
ATP-HTVS-0C765FB89CD3,40065,运行/运行/ATP-VSW/ATP-VSW-DOCK_HTVS_1-001_lib/ATP-VSW-DOCK_HTVS_1-001_lib,confirmed
ATP-HTVS-0C924C2A1F00,82563,运行/运行/ATP-VSW/ATP-VSW-DOCK_HTVS_1-003_lib/ATP-VSW-DOCK_HTVS_1-003_lib.mae,confirmed
ATP-HTVS-0CA591B42E29,85378,运行/运行/ATP-VSW/ATP-VSW-DOCK_HTVS_1-002_lib.maegz,confirmed
ATP-HTVS-0CB0406266F3,38243,运行/运行/ATP-VSW/ATP-VSW-DOCK_HTVS_1-003_lib/ATP-VSW-DOCK_HTVS_1-003_lib.mae,confirmed
ATP-HTVS-0CBFB91815ED,70274,运行/运行/ATP-VSW/ATP-VSW-DOCK_HTVS_1-002_lib.maegz,confirmed
ATP-HTVS-0CC0B448CED2,38179,运行/运行/ATP-VSW/ATP-VSW-DOCK_HTVS_1-003_lib/ATP-VSW-DOCK_HTVS_1-003_lib.mae,confirmed
ATP-HTVS-0CD00DCFE488,46273,运行/运行/ATP-VSW/ATP-VSW-DOCK_HTVS_1-001_lib/ATP-VSW-DOCK_HTVS_1-001_lib,confirmed
ATP-HTVS-0CE67B896AED,99842,运行/运行/ATP-VSW/ATP-VSW-DOCK_HTVS_1-003_lib/ATP-VSW-DOCK_HTVS_1-003_lib.mae,confirmed
ATP-HTVS-0D57BDDB1211,69729,运行/运行/ATP-VSW/ATP-VSW-DOCK_HTVS_1-001_lib/ATP-VSW-DOCK_HTVS_1-001_lib,confirmed
ATP-HTVS-0D83F5E9F976,52769,运行/运行/ATP-VSW/ATP-VSW-DOCK_HTVS_1-001_lib/ATP-VSW-DOCK_HTVS_1-001_lib,confirmed
ATP-HTVS-0D8C52C362EE,73825,运行/运行/ATP-VSW/ATP-VSW-DOCK_HTVS_1-001_lib/ATP-VSW-DOCK_HTVS_1-001_lib,confirmed
ATP-HTVS-0DE7571C9DAC,43267,运行/运行/ATP-VSW/ATP-VSW-DOCK_HTVS_1-003_lib/ATP-VSW-DOCK_HTVS_1-003_lib.mae,confirmed
ATP-HTVS-0E6472D072C2,1473,运行/运行/ATP-VSW/ATP-VSW-DOCK_HTVS_1-001_lib/ATP-VSW-DOCK_HTVS_1-001_lib,confirmed
ATP-HTVS-0E76F39BB090,32387,运行/运行/ATP-VSW/ATP-VSW-DOCK_HTVS_1-003_lib/ATP-VSW-DOCK_HTVS_1-003_lib.mae,confirmed
ATP-HTVS-0E779CFB9E8D,92771,运行/运行/ATP-VSW/ATP-VSW-DOCK_HTVS_1-003_lib/ATP-VSW-DOCK_HTVS_1-003_lib.mae,confirmed
ATP-HTVS-0EB7A7111FDE,80385,运行/运行/ATP-VSW/ATP-VSW-DOCK_HTVS_1-001_lib/ATP-VSW-DOCK_HTVS_1-001_lib,confirmed
ATP-HTVS-0F3A12BD04AB,91361,运行/运行/ATP-VSW/ATP-VSW-DOCK_HTVS_1-001_lib/ATP-VSW-DOCK_HTVS_1-001_lib,confirmed
ATP-HTVS-0F469DA925F8,70337,运行/运行/ATP-VSW/ATP-VSW-DOCK_HTVS_1-001_lib/ATP-VSW-DOCK_HTVS_1-001_lib,confirmed
ATP-HTVS-0F46F3379ABF,71235,运行/运行/ATP-VSW/ATP-VSW-DOCK_HTVS_1-003_lib/ATP-VSW-DOCK_HTVS_1-003_lib.mae,confirmed
ATP-HTVS-0F4AF3905209,96993,运行/运行/ATP-VSW/ATP-VSW-DOCK_HTVS_1-002_lib.maegz,confirmed
ATP-HTVS-0F6915EAEEA3,79267,运行/运行/ATP-VSW/ATP-VSW-DOCK_HTVS_1-003_lib/ATP-VSW-DOCK_HTVS_1-003_lib.mae,confirmed
ATP-HTVS-0F755B78CCFB,95490,运行/运行/ATP-VSW/ATP-VSW-DOCK_HTVS_1-003_lib/ATP-VSW-DOCK_HTVS_1-003_lib.mae,confirmed
ATP-HTVS-0F900EB338B9,82082,运行/运行/ATP-VSW/ATP-VSW-DOCK_HTVS_1-002_lib.maegz,confirmed
ATP-HTVS-0FD0361A2408,93698,运行/运行/ATP-VSW/ATP-VSW-DOCK_HTVS_1-002_lib.maegz,confirmed
ATP-HTVS-0FDC7A3FF1CA,47107,运行/运行/ATP-VSW/ATP-VSW-DOCK_HTVS_1-003_lib/ATP-VSW-DOCK_HTVS_1-003_lib.mae,confirmed
ATP-HTVS-103E90EA5971,80961,运行/运行/ATP-VSW/ATP-VSW-DOCK_HTVS_1-001_lib/ATP-VSW-DOCK_HTVS_1-001_lib,confirmed
ATP-HTVS-106685DD3ACA,70754,运行/运行/ATP-VSW/ATP-VSW-DOCK_HTVS_1-002_lib.maegz,confirmed
ATP-HTVS-10900B51E20F,58209,运行/运行/ATP-VSW/ATP-VSW-DOCK_HTVS_1-001_lib/ATP-VSW-DOCK_HTVS_1-001_lib,confirmed
ATP-HTVS-109B405B023F,43907,运行/运行/ATP-VSW/ATP-VSW-DOCK_HTVS_1-003_lib/ATP-VSW-DOCK_HTVS_1-003_lib.mae,confirmed
ATP-HTVS-10A4E2B2EADA,92833,运行/运行/ATP-VSW/ATP-VSW-DOCK_HTVS_1-001_lib/ATP-VSW-DOCK_HTVS_1-001_lib,confirmed
ATP-HTVS-11489B74AE1C,69539,运行/运行/ATP-VSW/ATP-VSW-DOCK_HTVS_1-003_lib/ATP-VSW-DOCK_HTVS_1-003_lib.mae,confirmed
ATP-HTVS-115B93EFBC96,98209,运行/运行/ATP-VSW/ATP-VSW-DOCK_HTVS_1-002_lib.maegz,confirmed
ATP-HTVS-11C14F34C5FE,35233,运行/运行/ATP-VSW/ATP-VSW-DOCK_HTVS_1-001_lib/ATP-VSW-DOCK_HTVS_1-001_lib,confirmed
ATP-HTVS-11CEFB3A39DF,61475,运行/运行/ATP-VSW/ATP-VSW-DOCK_HTVS_1-003_lib/ATP-VSW-DOCK_HTVS_1-003_lib.mae,confirmed
ATP-HTVS-11E35EA06531,61505,运行/运行/ATP-VSW/ATP-VSW-DOCK_HTVS_1-001_lib/ATP-VSW-DOCK_HTVS_1-001_lib,confirmed
ATP-HTVS-125A7E13CFB1,85089,运行/运行/ATP-VSW/ATP-VSW-DOCK_HTVS_1-001_lib/ATP-VSW-DOCK_HTVS_1-001_lib,confirmed
ATP-HTVS-12CEF0BA8B10,31426,运行/运行/ATP-VSW/ATP-VSW-DOCK_HTVS_1-002_lib.maegz,confirmed
ATP-HTVS-132672672DF9,95778,运行/运行/ATP-VSW/ATP-VSW-DOCK_HTVS_1-003_lib/ATP-VSW-DOCK_HTVS_1-003_lib.mae,confirmed
ATP-HTVS-132BACAA4698,82561,运行/运行/ATP-VSW/ATP-VSW-DOCK_HTVS_1-001_lib/ATP-VSW-DOCK_HTVS_1-001_lib,confirmed
ATP-HTVS-134FC0CB3694,71041,运行/运行/ATP-VSW/ATP-VSW-DOCK_HTVS_1-001_lib/ATP-VSW-DOCK_HTVS_1-001_lib,confirmed
ATP-HTVS-1356F7D69808,27907,运行/运行/ATP-VSW/ATP-VSW-DOCK_HTVS_1-003_lib/ATP-VSW-DOCK_HTVS_1-003_lib.mae,confirmed
ATP-HTVS-1373BD200FA0,72865,运行/运行/ATP-VSW/ATP-VSW-DOCK_HTVS_1-001_lib/ATP-VSW-DOCK_HTVS_1-001_lib,confirmed
ATP-HTVS-1377A1139B97,96002,运行/运行/ATP-VSW/ATP-VSW-DOCK_HTVS_1-003_lib/ATP-VSW-DOCK_HTVS_1-003_lib.mae,confirmed
ATP-HTVS-138C9DBD3419,68321,运行/运行/ATP-VSW/ATP-VSW-DOCK_HTVS_1-001_lib/ATP-VSW-DOCK_HTVS_1-001_lib,confirmed
ATP-HTVS-13A5AE9C2B6A,88258,运行/运行/ATP-VSW/ATP-VSW-DOCK_HTVS_1-002_lib.maegz,confirmed
ATP-HTVS-1402A7ED8177,450,运行/运行/ATP-VSW/ATP-VSW-DOCK_HTVS_1-002_lib.maegz,confirmed
ATP-HTVS-143D46541936,71362,运行/运行/ATP-VSW/ATP-VSW-DOCK_HTVS_1-002_lib.maegz,confirmed
ATP-HTVS-1449F4F4BA71,89058,运行/运行/ATP-VSW/ATP-VSW-DOCK_HTVS_1-002_lib.maegz,confirmed
ATP-HTVS-14724C615932,53281,运行/运行/ATP-VSW/ATP-VSW-DOCK_HTVS_1-001_lib/ATP-VSW-DOCK_HTVS_1-001_lib,confirmed
ATP-HTVS-14AE04B6952B,40129,运行/运行/ATP-VSW/ATP-VSW-DOCK_HTVS_1-001_lib/ATP-VSW-DOCK_HTVS_1-001_lib,confirmed
ATP-HTVS-14BA2D75CE49,449,运行/运行/ATP-VSW/ATP-VSW-DOCK_HTVS_1-001_lib/ATP-VSW-DOCK_HTVS_1-001_lib,confirmed
ATP-HTVS-1551732D1515,43266,运行/运行/ATP-VSW/ATP-VSW-DOCK_HTVS_1-002_lib.maegz,confirmed
ATP-HTVS-159795FE363C,92387,运行/运行/ATP-VSW/ATP-VSW-DOCK_HTVS_1-003_lib/ATP-VSW-DOCK_HTVS_1-003_lib.mae,confirmed
ATP-HTVS-159959ECB567,70723,运行/运行/ATP-VSW/ATP-VSW-DOCK_HTVS_1-003_lib/ATP-VSW-DOCK_HTVS_1-003_lib.mae,confirmed
ATP-HTVS-159CD8CCFA6D,50978,运行/运行/ATP-VSW/ATP-VSW-DOCK_HTVS_1-002_lib.maegz,confirmed
ATP-HTVS-159F0F821AF9,96098,运行/运行/ATP-VSW/ATP-VSW-DOCK_HTVS_1-003_lib/ATP-VSW-DOCK_HTVS_1-003_lib.mae,confirmed
ATP-HTVS-15A0030054C0,69441,运行/运行/ATP-VSW/ATP-VSW-DOCK_HTVS_1-001_lib/ATP-VSW-DOCK_HTVS_1-001_lib,confirmed
ATP-HTVS-15F2A5DBBD51,68225,运行/运行/ATP-VSW/ATP-VSW-DOCK_HTVS_1-001_lib/ATP-VSW-DOCK_HTVS_1-001_lib,confirmed
ATP-HTVS-15FA43506D9E,31298,运行/运行/ATP-VSW/ATP-VSW-DOCK_HTVS_1-002_lib.maegz,confirmed
ATP-HTVS-16140744D8E5,56385,运行/运行/ATP-VSW/ATP-VSW-DOCK_HTVS_1-001_lib/ATP-VSW-DOCK_HTVS_1-001_lib,confirmed
ATP-HTVS-16316C23D1E4,71169,运行/运行/ATP-VSW/ATP-VSW-DOCK_HTVS_1-001_lib/ATP-VSW-DOCK_HTVS_1-001_lib,confirmed
ATP-HTVS-167535894C2D,33218,运行/运行/ATP-VSW/ATP-VSW-DOCK_HTVS_1-002_lib.maegz,confirmed
ATP-HTVS-169071BECF96,81441,运行/运行/ATP-VSW/ATP-VSW-DOCK_HTVS_1-001_lib/ATP-VSW-DOCK_HTVS_1-001_lib,confirmed
ATP-HTVS-16A35D40F1B5,38337,运行/运行/ATP-VSW/ATP-VSW-DOCK_HTVS_1-001_lib/ATP-VSW-DOCK_HTVS_1-001_lib,confirmed
ATP-HTVS-16AC68300479,69859,运行/运行/ATP-VSW/ATP-VSW-DOCK_HTVS_1-003_lib/ATP-VSW-DOCK_HTVS_1-003_lib.mae,confirmed
ATP-HTVS-16D62B7C6E45,82339,运行/运行/ATP-VSW/ATP-VSW-DOCK_HTVS_1-003_lib/ATP-VSW-DOCK_HTVS_1-003_lib.mae,confirmed
ATP-HTVS-16D892EEAEA4,74883,运行/运行/ATP-VSW/ATP-VSW-DOCK_HTVS_1-003_lib/ATP-VSW-DOCK_HTVS_1-003_lib.mae,confirmed
ATP-HTVS-1714ADEB4D31,82945,运行/运行/ATP-VSW/ATP-VSW-DOCK_HTVS_1-001_lib/ATP-VSW-DOCK_HTVS_1-001_lib,confirmed
ATP-HTVS-17511F2B790B,26499,运行/运行/ATP-VSW/ATP-VSW-DOCK_HTVS_1-003_lib/ATP-VSW-DOCK_HTVS_1-003_lib.mae,confirmed
ATP-HTVS-1776C87C4427,90243,运行/运行/ATP-VSW/ATP-VSW-DOCK_HTVS_1-003_lib/ATP-VSW-DOCK_HTVS_1-003_lib.mae,confirmed
ATP-HTVS-17940C77D749,73155,运行/运行/ATP-VSW/ATP-VSW-DOCK_HTVS_1-003_lib/ATP-VSW-DOCK_HTVS_1-003_lib.mae,confirmed
ATP-HTVS-17A38785E483,22881,运行/运行/ATP-VSW/ATP-VSW-DOCK_HTVS_1-001_lib/ATP-VSW-DOCK_HTVS_1-001_lib,confirmed
ATP-HTVS-17C024B1EE7E,46369,运行/运行/ATP-VSW/ATP-VSW-DOCK_HTVS_1-001_lib/ATP-VSW-DOCK_HTVS_1-001_lib,confirmed
ATP-HTVS-17D20C07D7F4,84579,运行/运行/ATP-VSW/ATP-VSW-DOCK_HTVS_1-003_lib/ATP-VSW-DOCK_HTVS_1-003_lib.mae,confirmed
ATP-HTVS-17FF806DFA04,81121,运行/运行/ATP-VSW/ATP-VSW-DOCK_HTVS_1-001_lib/ATP-VSW-DOCK_HTVS_1-001_lib,confirmed
ATP-HTVS-18044BD9974D,64643,运行/运行/ATP-VSW/ATP-VSW-DOCK_HTVS_1-003_lib/ATP-VSW-DOCK_HTVS_1-003_lib.mae,confirmed
ATP-HTVS-1817E5512E7A,88034,运行/运行/ATP-VSW/ATP-VSW-DOCK_HTVS_1-002_lib.maegz,confirmed
ATP-HTVS-18265C9EB86B,7299,运行/运行/ATP-VSW/ATP-VSW-DOCK_HTVS_1-003_lib/ATP-VSW-DOCK_HTVS_1-003_lib.mae,confirmed
ATP-HTVS-185EDA97C211,76994,运行/运行/ATP-VSW/ATP-VSW-DOCK_HTVS_1-002_lib.maegz,confirmed
ATP-HTVS-18A7589C7FB7,94049,运行/运行/ATP-VSW/ATP-VSW-DOCK_HTVS_1-001_lib/ATP-VSW-DOCK_HTVS_1-001_lib,confirmed
ATP-HTVS-18AAC668D3EC,81058,运行/运行/ATP-VSW/ATP-VSW-DOCK_HTVS_1-002_lib.maegz,confirmed
ATP-HTVS-18CFABF6753A,53793,运行/运行/ATP-VSW/ATP-VSW-DOCK_HTVS_1-001_lib/ATP-VSW-DOCK_HTVS_1-001_lib,confirmed
ATP-HTVS-18FDFF56F821,38785,运行/运行/ATP-VSW/ATP-VSW-DOCK_HTVS_1-001_lib/ATP-VSW-DOCK_HTVS_1-001_lib,confirmed
ATP-HTVS-190A8EA9B17C,31297,运行/运行/ATP-VSW/ATP-VSW-DOCK_HTVS_1-001_lib/ATP-VSW-DOCK_HTVS_1-001_lib,confirmed
ATP-HTVS-1928ECDAF189,20003,运行/运行/ATP-VSW/ATP-VSW-DOCK_HTVS_1-003_lib/ATP-VSW-DOCK_HTVS_1-003_lib.mae,confirmed
ATP-HTVS-193F5213E1F4,63266,运行/运行/ATP-VSW/ATP-VSW-DOCK_HTVS_1-002_lib.maegz,confirmed
ATP-HTVS-1940D4055FE9,82787,运行/运行/ATP-VSW/ATP-VSW-DOCK_HTVS_1-003_lib/ATP-VSW-DOCK_HTVS_1-003_lib.mae,confirmed
ATP-HTVS-1952D56C5A08,95489,运行/运行/ATP-VSW/ATP-VSW-DOCK_HTVS_1-001_lib/ATP-VSW-DOCK_HTVS_1-001_lib,confirmed
ATP-HTVS-196468D2BF96,87299,运行/运行/ATP-VSW/ATP-VSW-DOCK_HTVS_1-003_lib/ATP-VSW-DOCK_HTVS_1-003_lib.mae,confirmed
ATP-HTVS-19D22C817A74,93507,运行/运行/ATP-VSW/ATP-VSW-DOCK_HTVS_1-003_lib/ATP-VSW-DOCK_HTVS_1-003_lib.mae,confirmed
ATP-HTVS-19D9965850C9,38370,运行/运行/ATP-VSW/ATP-VSW-DOCK_HTVS_1-002_lib.maegz,confirmed
ATP-HTVS-19DB56372FFA,71203,运行/运行/ATP-VSW/ATP-VSW-DOCK_HTVS_1-003_lib/ATP-VSW-DOCK_HTVS_1-003_lib.mae,confirmed
ATP-HTVS-19E5DD3F936E,48931,运行/运行/ATP-VSW/ATP-VSW-DOCK_HTVS_1-003_lib/ATP-VSW-DOCK_HTVS_1-003_lib.mae,confirmed
ATP-HTVS-19E7C62EA548,27651,运行/运行/ATP-VSW/ATP-VSW-DOCK_HTVS_1-003_lib/ATP-VSW-DOCK_HTVS_1-003_lib.mae,confirmed
ATP-HTVS-1A821EC4699A,87905,运行/运行/ATP-VSW/ATP-VSW-DOCK_HTVS_1-001_lib/ATP-VSW-DOCK_HTVS_1-001_lib,confirmed
ATP-HTVS-1A8854DD1E1A,4003,运行/运行/ATP-VSW/ATP-VSW-DOCK_HTVS_1-003_lib/ATP-VSW-DOCK_HTVS_1-003_lib.mae,confirmed
ATP-HTVS-1AA1BAAE4A01,84386,运行/运行/ATP-VSW/ATP-VSW-DOCK_HTVS_1-002_lib.maegz,confirmed
ATP-HTVS-1ACF073F315C,44323,运行/运行/ATP-VSW/ATP-VSW-DOCK_HTVS_1-003_lib/ATP-VSW-DOCK_HTVS_1-003_lib.mae,confirmed
ATP-HTVS-1AEE198E3D8C,1538,运行/运行/ATP-VSW/ATP-VSW-DOCK_HTVS_1-002_lib.maegz,confirmed
ATP-HTVS-1B05407455E5,40642,运行/运行/ATP-VSW/ATP-VSW-DOCK_HTVS_1-002_lib.maegz,confirmed
ATP-HTVS-1B1248DF0721,71426,运行/运行/ATP-VSW/ATP-VSW-DOCK_HTVS_1-002_lib.maegz,confirmed
ATP-HTVS-1B366D2FDBBA,81123,运行/运行/ATP-VSW/ATP-VSW-DOCK_HTVS_1-003_lib/ATP-VSW-DOCK_HTVS_1-003_lib.mae,confirmed
ATP-HTVS-1B509C27CE75,60833,运行/运行/ATP-VSW/ATP-VSW-DOCK_HTVS_1-001_lib/ATP-VSW-DOCK_HTVS_1-001_lib,confirmed
ATP-HTVS-1B60B6D0433D,66017,运行/运行/ATP-VSW/ATP-VSW-DOCK_HTVS_1-001_lib/ATP-VSW-DOCK_HTVS_1-001_lib,confirmed
ATP-HTVS-1B84D304C2ED,89921,运行/运行/ATP-VSW/ATP-VSW-DOCK_HTVS_1-001_lib/ATP-VSW-DOCK_HTVS_1-001_lib,confirmed
ATP-HTVS-1B9CB386F0F9,22755,运行/运行/ATP-VSW/ATP-VSW-DOCK_HTVS_1-003_lib/ATP-VSW-DOCK_HTVS_1-003_lib.mae,confirmed
ATP-HTVS-1C066C79A7D0,44515,运行/运行/ATP-VSW/ATP-VSW-DOCK_HTVS_1-003_lib/ATP-VSW-DOCK_HTVS_1-003_lib.mae,confirmed
ATP-HTVS-1C1B7F9BB8FF,77346,运行/运行/ATP-VSW/ATP-VSW-DOCK_HTVS_1-002_lib.maegz,confirmed
ATP-HTVS-1C463A9823EA,77731,运行/运行/ATP-VSW/ATP-VSW-DOCK_HTVS_1-003_lib/ATP-VSW-DOCK_HTVS_1-003_lib.mae,confirmed
ATP-HTVS-1C4EC58A3066,92899,运行/运行/ATP-VSW/ATP-VSW-DOCK_HTVS_1-003_lib/ATP-VSW-DOCK_HTVS_1-003_lib.mae,confirmed
ATP-HTVS-1C71F28794EF,86081,运行/运行/ATP-VSW/ATP-VSW-DOCK_HTVS_1-001_lib/ATP-VSW-DOCK_HTVS_1-001_lib,confirmed
ATP-HTVS-1C9D0B7FE190,98594,运行/运行/ATP-VSW/ATP-VSW-DOCK_HTVS_1-003_lib/ATP-VSW-DOCK_HTVS_1-003_lib.mae,confirmed
ATP-HTVS-1CAAE7675504,51651,运行/运行/ATP-VSW/ATP-VSW-DOCK_HTVS_1-003_lib/ATP-VSW-DOCK_HTVS_1-003_lib.mae,confirmed
ATP-HTVS-1CF603621065,85794,运行/运行/ATP-VSW/ATP-VSW-DOCK_HTVS_1-002_lib.maegz,confirmed
ATP-HTVS-1D0FF5192E4C,80545,运行/运行/ATP-VSW/ATP-VSW-DOCK_HTVS_1-001_lib/ATP-VSW-DOCK_HTVS_1-001_lib,confirmed
ATP-HTVS-1D1DA7871618,20226,运行/运行/ATP-VSW/ATP-VSW-DOCK_HTVS_1-002_lib.maegz,confirmed
ATP-HTVS-1D28793FB59B,57954,运行/运行/ATP-VSW/ATP-VSW-DOCK_HTVS_1-002_lib.maegz,confirmed
ATP-HTVS-1D3C11D6B0D4,95330,运行/运行/ATP-VSW/ATP-VSW-DOCK_HTVS_1-003_lib/ATP-VSW-DOCK_HTVS_1-003_lib.mae,confirmed
ATP-HTVS-1DC16EDC7F4D,32451,运行/运行/ATP-VSW/ATP-VSW-DOCK_HTVS_1-003_lib/ATP-VSW-DOCK_HTVS_1-003_lib.mae,confirmed
ATP-HTVS-1DC6D2F4A05D,67233,运行/运行/ATP-VSW/ATP-VSW-DOCK_HTVS_1-001_lib/ATP-VSW-DOCK_HTVS_1-001_lib,confirmed
ATP-HTVS-1DD46A13AEBB,58369,运行/运行/ATP-VSW/ATP-VSW-DOCK_HTVS_1-001_lib/ATP-VSW-DOCK_HTVS_1-001_lib,confirmed
ATP-HTVS-1E20B63FDE5F,82850,运行/运行/ATP-VSW/ATP-VSW-DOCK_HTVS_1-002_lib.maegz,confirmed
ATP-HTVS-1E475A4B97CE,20387,运行/运行/ATP-VSW/ATP-VSW-DOCK_HTVS_1-003_lib/ATP-VSW-DOCK_HTVS_1-003_lib.mae,confirmed
ATP-HTVS-1E5A6A308B25,86881,运行/运行/ATP-VSW/ATP-VSW-DOCK_HTVS_1-001_lib/ATP-VSW-DOCK_HTVS_1-001_lib,confirmed
ATP-HTVS-1EBFDE0160CD,86882,运行/运行/ATP-VSW/ATP-VSW-DOCK_HTVS_1-002_lib.maegz,confirmed
ATP-HTVS-1F874564E13F,80035,运行/运行/ATP-VSW/ATP-VSW-DOCK_HTVS_1-003_lib/ATP-VSW-DOCK_HTVS_1-003_lib.mae,confirmed
ATP-HTVS-1F9A02273F27,69026,运行/运行/ATP-VSW/ATP-VSW-DOCK_HTVS_1-002_lib.maegz,confirmed
ATP-HTVS-1FAE7495FCDD,91266,运行/运行/ATP-VSW/ATP-VSW-DOCK_HTVS_1-002_lib.maegz,confirmed
ATP-HTVS-1FED3714464D,70306,运行/运行/ATP-VSW/ATP-VSW-DOCK_HTVS_1-002_lib.maegz,confirmed
ATP-HTVS-1FF6C325CA7A,86530,运行/运行/ATP-VSW/ATP-VSW-DOCK_HTVS_1-002_lib.maegz,confirmed
ATP-HTVS-203210320F32,88033,运行/运行/ATP-VSW/ATP-VSW-DOCK_HTVS_1-001_lib/ATP-VSW-DOCK_HTVS_1-001_lib,confirmed
ATP-HTVS-20B250E7AB9A,20673,运行/运行/ATP-VSW/ATP-VSW-DOCK_HTVS_1-001_lib/ATP-VSW-DOCK_HTVS_1-001_lib,confirmed
ATP-HTVS-20FB50B88593,58595,运行/运行/ATP-VSW/ATP-VSW-DOCK_HTVS_1-003_lib/ATP-VSW-DOCK_HTVS_1-003_lib.mae,confirmed
ATP-HTVS-2118F57CAFF1,72385,运行/运行/ATP-VSW/ATP-VSW-DOCK_HTVS_1-001_lib/ATP-VSW-DOCK_HTVS_1-001_lib,confirmed
ATP-HTVS-2125555B1DA5,84706,运行/运行/ATP-VSW/ATP-VSW-DOCK_HTVS_1-002_lib.maegz,confirmed
ATP-HTVS-217395D9F0A5,49825,运行/运行/ATP-VSW/ATP-VSW-DOCK_HTVS_1-001_lib/ATP-VSW-DOCK_HTVS_1-001_lib,confirmed
ATP-HTVS-217B57A40B61,22753,运行/运行/ATP-VSW/ATP-VSW-DOCK_HTVS_1-001_lib/ATP-VSW-DOCK_HTVS_1-001_lib,confirmed
ATP-HTVS-218E3E4A28A7,95618,运行/运行/ATP-VSW/ATP-VSW-DOCK_HTVS_1-003_lib/ATP-VSW-DOCK_HTVS_1-003_lib.mae,confirmed
ATP-HTVS-21B7BD60A2C7,81347,运行/运行/ATP-VSW/ATP-VSW-DOCK_HTVS_1-003_lib/ATP-VSW-DOCK_HTVS_1-003_lib.mae,confirmed
ATP-HTVS-21B7E8D8DA00,84930,运行/运行/ATP-VSW/ATP-VSW-DOCK_HTVS_1-002_lib.maegz,confirmed
ATP-HTVS-21BB1C807E7E,36099,运行/运行/ATP-VSW/ATP-VSW-DOCK_HTVS_1-003_lib/ATP-VSW-DOCK_HTVS_1-003_lib.mae,confirmed
ATP-HTVS-21D2D8C367A1,93506,运行/运行/ATP-VSW/ATP-VSW-DOCK_HTVS_1-002_lib.maegz,confirmed
ATP-HTVS-22634BBBCB97,66019,运行/运行/ATP-VSW/ATP-VSW-DOCK_HTVS_1-003_lib/ATP-VSW-DOCK_HTVS_1-003_lib.mae,confirmed
ATP-HTVS-2275AB855C30,82946,运行/运行/ATP-VSW/ATP-VSW-DOCK_HTVS_1-002_lib.maegz,confirmed
ATP-HTVS-22C0C64F65E9,35330,运行/运行/ATP-VSW/ATP-VSW-DOCK_HTVS_1-002_lib.maegz,confirmed
ATP-HTVS-22E2482E2999,48354,运行/运行/ATP-VSW/ATP-VSW-DOCK_HTVS_1-002_lib.maegz,confirmed
ATP-HTVS-22E536A2C0FA,57601,运行/运行/ATP-VSW/ATP-VSW-DOCK_HTVS_1-001_lib/ATP-VSW-DOCK_HTVS_1-001_lib,confirmed
ATP-HTVS-22FAF80E23F8,94401,运行/运行/ATP-VSW/ATP-VSW-DOCK_HTVS_1-001_lib/ATP-VSW-DOCK_HTVS_1-001_lib,confirmed
ATP-HTVS-23113A9B9381,33411,运行/运行/ATP-VSW/ATP-VSW-DOCK_HTVS_1-003_lib/ATP-VSW-DOCK_HTVS_1-003_lib.mae,confirmed
ATP-HTVS-2368A2FD4D76,87745,运行/运行/ATP-VSW/ATP-VSW-DOCK_HTVS_1-001_lib/ATP-VSW-DOCK_HTVS_1-001_lib,confirmed
ATP-HTVS-239E0EA8BC65,54689,运行/运行/ATP-VSW/ATP-VSW-DOCK_HTVS_1-001_lib/ATP-VSW-DOCK_HTVS_1-001_lib,confirmed
ATP-HTVS-23EBF8E8F6E9,86787,运行/运行/ATP-VSW/ATP-VSW-DOCK_HTVS_1-003_lib/ATP-VSW-DOCK_HTVS_1-003_lib.mae,confirmed
ATP-HTVS-23EDEB47FF93,71874,运行/运行/ATP-VSW/ATP-VSW-DOCK_HTVS_1-002_lib.maegz,confirmed
ATP-HTVS-23F526837945,92834,运行/运行/ATP-VSW/ATP-VSW-DOCK_HTVS_1-002_lib.maegz,confirmed
ATP-HTVS-244A9AEB7273,5347,运行/运行/ATP-VSW/ATP-VSW-DOCK_HTVS_1-003_lib/ATP-VSW-DOCK_HTVS_1-003_lib.mae,confirmed
ATP-HTVS-247B97B4CA47,61825,运行/运行/ATP-VSW/ATP-VSW-DOCK_HTVS_1-001_lib/ATP-VSW-DOCK_HTVS_1-001_lib,confirmed
ATP-HTVS-2485F4B11063,64065,运行/运行/ATP-VSW/ATP-VSW-DOCK_HTVS_1-001_lib/ATP-VSW-DOCK_HTVS_1-001_lib,confirmed
ATP-HTVS-24E588DA0D03,95714,运行/运行/ATP-VSW/ATP-VSW-DOCK_HTVS_1-003_lib/ATP-VSW-DOCK_HTVS_1-003_lib.mae,confirmed
ATP-HTVS-2507C3370FB9,84259,运行/运行/ATP-VSW/ATP-VSW-DOCK_HTVS_1-003_lib/ATP-VSW-DOCK_HTVS_1-003_lib.mae,confirmed
ATP-HTVS-255C97768CDB,63778,运行/运行/ATP-VSW/ATP-VSW-DOCK_HTVS_1-002_lib.maegz,confirmed
ATP-HTVS-258E82C8B178,35362,运行/运行/ATP-VSW/ATP-VSW-DOCK_HTVS_1-002_lib.maegz,confirmed
ATP-HTVS-2598958FABEA,76961,运行/运行/ATP-VSW/ATP-VSW-DOCK_HTVS_1-001_lib/ATP-VSW-DOCK_HTVS_1-001_lib,confirmed
ATP-HTVS-25BEFE000F10,95682,运行/运行/ATP-VSW/ATP-VSW-DOCK_HTVS_1-003_lib/ATP-VSW-DOCK_HTVS_1-003_lib.mae,confirmed
ATP-HTVS-26104959C4F1,79713,运行/运行/ATP-VSW/ATP-VSW-DOCK_HTVS_1-001_lib/ATP-VSW-DOCK_HTVS_1-001_lib,confirmed
ATP-HTVS-2641D0EED03A,61889,运行/运行/ATP-VSW/ATP-VSW-DOCK_HTVS_1-001_lib/ATP-VSW-DOCK_HTVS_1-001_lib,confirmed
ATP-HTVS-267F6CCD1B36,79811,运行/运行/ATP-VSW/ATP-VSW-DOCK_HTVS_1-003_lib/ATP-VSW-DOCK_HTVS_1-003_lib.mae,confirmed
ATP-HTVS-2699169FE698,4866,运行/运行/ATP-VSW/ATP-VSW-DOCK_HTVS_1-002_lib.maegz,confirmed
ATP-HTVS-269AF530E7D7,62595,运行/运行/ATP-VSW/ATP-VSW-DOCK_HTVS_1-003_lib/ATP-VSW-DOCK_HTVS_1-003_lib.mae,confirmed
ATP-HTVS-27050A3A08BE,12355,运行/运行/ATP-VSW/ATP-VSW-DOCK_HTVS_1-003_lib/ATP-VSW-DOCK_HTVS_1-003_lib.mae,confirmed
ATP-HTVS-27135ACF267B,59107,运行/运行/ATP-VSW/ATP-VSW-DOCK_HTVS_1-003_lib/ATP-VSW-DOCK_HTVS_1-003_lib.mae,confirmed
ATP-HTVS-27537703FBA2,53635,运行/运行/ATP-VSW/ATP-VSW-DOCK_HTVS_1-003_lib/ATP-VSW-DOCK_HTVS_1-003_lib.mae,confirmed
ATP-HTVS-277F9700EDE9,62211,运行/运行/ATP-VSW/ATP-VSW-DOCK_HTVS_1-003_lib/ATP-VSW-DOCK_HTVS_1-003_lib.mae,confirmed
ATP-HTVS-27B53DA4C14D,50115,运行/运行/ATP-VSW/ATP-VSW-DOCK_HTVS_1-003_lib/ATP-VSW-DOCK_HTVS_1-003_lib.mae,confirmed
ATP-HTVS-27BC230C206A,95937,运行/运行/ATP-VSW/ATP-VSW-DOCK_HTVS_1-001_lib/ATP-VSW-DOCK_HTVS_1-001_lib,confirmed
ATP-HTVS-27E43B44E6A8,92067,运行/运行/ATP-VSW/ATP-VSW-DOCK_HTVS_1-003_lib/ATP-VSW-DOCK_HTVS_1-003_lib.mae,confirmed
ATP-HTVS-27FE3E1C2A9E,72194,运行/运行/ATP-VSW/ATP-VSW-DOCK_HTVS_1-002_lib.maegz,confirmed
ATP-HTVS-2801EC41FD47,97569,运行/运行/ATP-VSW/ATP-VSW-DOCK_HTVS_1-002_lib.maegz,confirmed
ATP-HTVS-2818D10B14C2,35009,运行/运行/ATP-VSW/ATP-VSW-DOCK_HTVS_1-001_lib/ATP-VSW-DOCK_HTVS_1-001_lib,confirmed
ATP-HTVS-286379397336,30625,运行/运行/ATP-VSW/ATP-VSW-DOCK_HTVS_1-001_lib/ATP-VSW-DOCK_HTVS_1-001_lib,confirmed
ATP-HTVS-28D90B8D287A,81475,运行/运行/ATP-VSW/ATP-VSW-DOCK_HTVS_1-003_lib/ATP-VSW-DOCK_HTVS_1-003_lib.mae,confirmed
ATP-HTVS-28F6129F8E3C,70305,运行/运行/ATP-VSW/ATP-VSW-DOCK_HTVS_1-001_lib/ATP-VSW-DOCK_HTVS_1-001_lib,confirmed
ATP-HTVS-2912F4F66BA1,81186,运行/运行/ATP-VSW/ATP-VSW-DOCK_HTVS_1-002_lib.maegz,confirmed
ATP-HTVS-291AE177F52E,43107,运行/运行/ATP-VSW/ATP-VSW-DOCK_HTVS_1-003_lib/ATP-VSW-DOCK_HTVS_1-003_lib.mae,confirmed
ATP-HTVS-2A14F6A33EFE,2018,运行/运行/ATP-VSW/ATP-VSW-DOCK_HTVS_1-002_lib.maegz,confirmed
ATP-HTVS-2A420AE0278C,57730,运行/运行/ATP-VSW/ATP-VSW-DOCK_HTVS_1-002_lib.maegz,confirmed
ATP-HTVS-2A473A7CBE48,82306,运行/运行/ATP-VSW/ATP-VSW-DOCK_HTVS_1-002_lib.maegz,confirmed
ATP-HTVS-2A6980A94AB8,12579,运行/运行/ATP-VSW/ATP-VSW-DOCK_HTVS_1-003_lib/ATP-VSW-DOCK_HTVS_1-003_lib.mae,confirmed
ATP-HTVS-2A91244EC1AD,33347,运行/运行/ATP-VSW/ATP-VSW-DOCK_HTVS_1-003_lib/ATP-VSW-DOCK_HTVS_1-003_lib.mae,confirmed
ATP-HTVS-2AC4031F681F,85858,运行/运行/ATP-VSW/ATP-VSW-DOCK_HTVS_1-002_lib.maegz,confirmed
ATP-HTVS-2AD5F3716208,34434,运行/运行/ATP-VSW/ATP-VSW-DOCK_HTVS_1-002_lib.maegz,confirmed
ATP-HTVS-2AFCB32282C0,34529,运行/运行/ATP-VSW/ATP-VSW-DOCK_HTVS_1-001_lib/ATP-VSW-DOCK_HTVS_1-001_lib,confirmed
ATP-HTVS-2B2381835080,40034,运行/运行/ATP-VSW/ATP-VSW-DOCK_HTVS_1-002_lib.maegz,confirmed
ATP-HTVS-2B54247B4108,84161,运行/运行/ATP-VSW/ATP-VSW-DOCK_HTVS_1-001_lib/ATP-VSW-DOCK_HTVS_1-001_lib,confirmed
ATP-HTVS-2B683AA1DF30,89507,运行/运行/ATP-VSW/ATP-VSW-DOCK_HTVS_1-003_lib/ATP-VSW-DOCK_HTVS_1-003_lib.mae,confirmed
ATP-HTVS-2B725536FCE2,99329,运行/运行/ATP-VSW/ATP-VSW-DOCK_HTVS_1-002_lib.maegz,confirmed
ATP-HTVS-2B784D1D7344,72482,运行/运行/ATP-VSW/ATP-VSW-DOCK_HTVS_1-002_lib.maegz,confirmed
ATP-HTVS-2C366CB23264,58529,运行/运行/ATP-VSW/ATP-VSW-DOCK_HTVS_1-001_lib/ATP-VSW-DOCK_HTVS_1-001_lib,confirmed
ATP-HTVS-2C5504015D66,57538,运行/运行/ATP-VSW/ATP-VSW-DOCK_HTVS_1-002_lib.maegz,confirmed
ATP-HTVS-2C72C850E8DC,37538,运行/运行/ATP-VSW/ATP-VSW-DOCK_HTVS_1-002_lib.maegz,confirmed
ATP-HTVS-2C852BECD08A,27585,运行/运行/ATP-VSW/ATP-VSW-DOCK_HTVS_1-001_lib/ATP-VSW-DOCK_HTVS_1-001_lib,confirmed
ATP-HTVS-2C8A8FE641B8,72034,运行/运行/ATP-VSW/ATP-VSW-DOCK_HTVS_1-002_lib.maegz,confirmed
ATP-HTVS-2CB691E3F247,42273,运行/运行/ATP-VSW/ATP-VSW-DOCK_HTVS_1-001_lib/ATP-VSW-DOCK_HTVS_1-001_lib,confirmed
ATP-HTVS-2CD40FD4C79D,61539,运行/运行/ATP-VSW/ATP-VSW-DOCK_HTVS_1-003_lib/ATP-VSW-DOCK_HTVS_1-003_lib.mae,confirmed
ATP-HTVS-2CDCEBF2F10D,77889,运行/运行/ATP-VSW/ATP-VSW-DOCK_HTVS_1-001_lib/ATP-VSW-DOCK_HTVS_1-001_lib,confirmed
ATP-HTVS-2D0B83E336C6,42274,运行/运行/ATP-VSW/ATP-VSW-DOCK_HTVS_1-002_lib.maegz,confirmed
ATP-HTVS-2D571D26B6AC,90529,运行/运行/ATP-VSW/ATP-VSW-DOCK_HTVS_1-001_lib/ATP-VSW-DOCK_HTVS_1-001_lib,confirmed
ATP-HTVS-2D5D363D0DBE,30818,运行/运行/ATP-VSW/ATP-VSW-DOCK_HTVS_1-002_lib.maegz,confirmed
ATP-HTVS-2DA674675DE4,42977,运行/运行/ATP-VSW/ATP-VSW-DOCK_HTVS_1-001_lib/ATP-VSW-DOCK_HTVS_1-001_lib,confirmed
ATP-HTVS-2DB2F1DB5A18,61571,运行/运行/ATP-VSW/ATP-VSW-DOCK_HTVS_1-003_lib/ATP-VSW-DOCK_HTVS_1-003_lib.mae,confirmed
ATP-HTVS-2DB2F8E5543E,82081,运行/运行/ATP-VSW/ATP-VSW-DOCK_HTVS_1-001_lib/ATP-VSW-DOCK_HTVS_1-001_lib,confirmed
ATP-HTVS-2DBBB7EE3EAF,40130,运行/运行/ATP-VSW/ATP-VSW-DOCK_HTVS_1-002_lib.maegz,confirmed
ATP-HTVS-2E0BAC8D644B,87746,运行/运行/ATP-VSW/ATP-VSW-DOCK_HTVS_1-002_lib.maegz,confirmed
ATP-HTVS-2E3C44D093AA,17857,运行/运行/ATP-VSW/ATP-VSW-DOCK_HTVS_1-001_lib/ATP-VSW-DOCK_HTVS_1-001_lib,confirmed
ATP-HTVS-2E3E6C1A8749,91843,运行/运行/ATP-VSW/ATP-VSW-DOCK_HTVS_1-003_lib/ATP-VSW-DOCK_HTVS_1-003_lib.mae,confirmed
ATP-HTVS-2E4BDA1C28D9,99937,运行/运行/ATP-VSW/ATP-VSW-DOCK_HTVS_1-002_lib.maegz,confirmed
ATP-HTVS-2E7AE7689BA0,25602,运行/运行/ATP-VSW/ATP-VSW-DOCK_HTVS_1-002_lib.maegz,confirmed
ATP-HTVS-2ECA33AB7628,73634,运行/运行/ATP-VSW/ATP-VSW-DOCK_HTVS_1-002_lib.maegz,confirmed
ATP-HTVS-2EE3FF4CB435,49219,运行/运行/ATP-VSW/ATP-VSW-DOCK_HTVS_1-003_lib/ATP-VSW-DOCK_HTVS_1-003_lib.mae,confirmed
ATP-HTVS-2F35A8572662,23459,运行/运行/ATP-VSW/ATP-VSW-DOCK_HTVS_1-003_lib/ATP-VSW-DOCK_HTVS_1-003_lib.mae,confirmed
ATP-HTVS-2F483D9FE7EF,3937,运行/运行/ATP-VSW/ATP-VSW-DOCK_HTVS_1-001_lib/ATP-VSW-DOCK_HTVS_1-001_lib,confirmed
ATP-HTVS-2F9574F7896C,85185,运行/运行/ATP-VSW/ATP-VSW-DOCK_HTVS_1-001_lib/ATP-VSW-DOCK_HTVS_1-001_lib,confirmed
ATP-HTVS-2F9E11536268,92386,运行/运行/ATP-VSW/ATP-VSW-DOCK_HTVS_1-002_lib.maegz,confirmed
ATP-HTVS-2FD0321978A1,47427,运行/运行/ATP-VSW/ATP-VSW-DOCK_HTVS_1-003_lib/ATP-VSW-DOCK_HTVS_1-003_lib.mae,confirmed
ATP-HTVS-2FDBF4F6464D,85218,运行/运行/ATP-VSW/ATP-VSW-DOCK_HTVS_1-002_lib.maegz,confirmed
ATP-HTVS-2FF622879777,92707,运行/运行/ATP-VSW/ATP-VSW-DOCK_HTVS_1-003_lib/ATP-VSW-DOCK_HTVS_1-003_lib.mae,confirmed
ATP-HTVS-30270CEE1891,59297,运行/运行/ATP-VSW/ATP-VSW-DOCK_HTVS_1-001_lib/ATP-VSW-DOCK_HTVS_1-001_lib,confirmed
ATP-HTVS-305D97AD9924,74114,运行/运行/ATP-VSW/ATP-VSW-DOCK_HTVS_1-002_lib.maegz,confirmed
ATP-HTVS-30920D5A25EC,68290,运行/运行/ATP-VSW/ATP-VSW-DOCK_HTVS_1-002_lib.maegz,confirmed
ATP-HTVS-30B3F39EA660,48035,运行/运行/ATP-VSW/ATP-VSW-DOCK_HTVS_1-003_lib/ATP-VSW-DOCK_HTVS_1-003_lib.mae,confirmed
ATP-HTVS-30BD0ED907F3,32770,运行/运行/ATP-VSW/ATP-VSW-DOCK_HTVS_1-002_lib.maegz,confirmed
ATP-HTVS-30D2448AA284,71137,运行/运行/ATP-VSW/ATP-VSW-DOCK_HTVS_1-001_lib/ATP-VSW-DOCK_HTVS_1-001_lib,confirmed
ATP-HTVS-3100283A95A9,60066,运行/运行/ATP-VSW/ATP-VSW-DOCK_HTVS_1-002_lib.maegz,confirmed
ATP-HTVS-313D067647DC,54849,运行/运行/ATP-VSW/ATP-VSW-DOCK_HTVS_1-001_lib/ATP-VSW-DOCK_HTVS_1-001_lib,confirmed
ATP-HTVS-31B048FE5E9A,99298,运行/运行/ATP-VSW/ATP-VSW-DOCK_HTVS_1-003_lib/ATP-VSW-DOCK_HTVS_1-003_lib.mae,confirmed
ATP-HTVS-322651E221E8,67842,运行/运行/ATP-VSW/ATP-VSW-DOCK_HTVS_1-002_lib.maegz,confirmed
ATP-HTVS-323526AAC152,84355,运行/运行/ATP-VSW/ATP-VSW-DOCK_HTVS_1-003_lib/ATP-VSW-DOCK_HTVS_1-003_lib.mae,confirmed
ATP-HTVS-3254A7EDB406,72033,运行/运行/ATP-VSW/ATP-VSW-DOCK_HTVS_1-001_lib/ATP-VSW-DOCK_HTVS_1-001_lib,confirmed
ATP-HTVS-327AC6849941,85090,运行/运行/ATP-VSW/ATP-VSW-DOCK_HTVS_1-002_lib.maegz,confirmed
ATP-HTVS-32D1D0195572,89443,运行/运行/ATP-VSW/ATP-VSW-DOCK_HTVS_1-003_lib/ATP-VSW-DOCK_HTVS_1-003_lib.mae,confirmed
ATP-HTVS-33706D459A7A,91618,运行/运行/ATP-VSW/ATP-VSW-DOCK_HTVS_1-002_lib.maegz,confirmed
ATP-HTVS-337D10985B1B,47106,运行/运行/ATP-VSW/ATP-VSW-DOCK_HTVS_1-002_lib.maegz,confirmed
ATP-HTVS-33BC72D3D2BF,81217,运行/运行/ATP-VSW/ATP-VSW-DOCK_HTVS_1-001_lib/ATP-VSW-DOCK_HTVS_1-001_lib,confirmed
ATP-HTVS-34AD6DA38229,96929,运行/运行/ATP-VSW/ATP-VSW-DOCK_HTVS_1-002_lib.maegz,confirmed
ATP-HTVS-34E58924FFDD,63425,运行/运行/ATP-VSW/ATP-VSW-DOCK_HTVS_1-001_lib/ATP-VSW-DOCK_HTVS_1-001_lib,confirmed
ATP-HTVS-351CA3F2F79F,84738,运行/运行/ATP-VSW/ATP-VSW-DOCK_HTVS_1-002_lib.maegz,confirmed
ATP-HTVS-35279CDCCBE9,29026,运行/运行/ATP-VSW/ATP-VSW-DOCK_HTVS_1-002_lib.maegz,confirmed
ATP-HTVS-354B8B3BDEB4,62498,运行/运行/ATP-VSW/ATP-VSW-DOCK_HTVS_1-002_lib.maegz,confirmed
ATP-HTVS-3565F86F920E,47203,运行/运行/ATP-VSW/ATP-VSW-DOCK_HTVS_1-003_lib/ATP-VSW-DOCK_HTVS_1-003_lib.mae,confirmed
ATP-HTVS-357411F5F88B,74113,运行/运行/ATP-VSW/ATP-VSW-DOCK_HTVS_1-001_lib/ATP-VSW-DOCK_HTVS_1-001_lib,confirmed
ATP-HTVS-35C3F0A919D0,82019,运行/运行/ATP-VSW/ATP-VSW-DOCK_HTVS_1-003_lib/ATP-VSW-DOCK_HTVS_1-003_lib.mae,confirmed
ATP-HTVS-35F96912410D,85538,运行/运行/ATP-VSW/ATP-VSW-DOCK_HTVS_1-002_lib.maegz,confirmed
ATP-HTVS-362E300BB66B,5762,运行/运行/ATP-VSW/ATP-VSW-DOCK_HTVS_1-002_lib.maegz,confirmed
ATP-HTVS-3634D47351B0,22754,运行/运行/ATP-VSW/ATP-VSW-DOCK_HTVS_1-002_lib.maegz,confirmed
ATP-HTVS-3654BFD7575B,81409,运行/运行/ATP-VSW/ATP-VSW-DOCK_HTVS_1-001_lib/ATP-VSW-DOCK_HTVS_1-001_lib,confirmed
ATP-HTVS-366F4BAC4B87,78434,运行/运行/ATP-VSW/ATP-VSW-DOCK_HTVS_1-002_lib.maegz,confirmed
ATP-HTVS-3676162553B8,62241,运行/运行/ATP-VSW/ATP-VSW-DOCK_HTVS_1-001_lib/ATP-VSW-DOCK_HTVS_1-001_lib,confirmed
ATP-HTVS-368B62E0C748,29569,运行/运行/ATP-VSW/ATP-VSW-DOCK_HTVS_1-001_lib/ATP-VSW-DOCK_HTVS_1-001_lib,confirmed
ATP-HTVS-369F0F09D6A7,81955,运行/运行/ATP-VSW/ATP-VSW-DOCK_HTVS_1-003_lib/ATP-VSW-DOCK_HTVS_1-003_lib.mae,confirmed
ATP-HTVS-36CDFE25DCA8,48866,运行/运行/ATP-VSW/ATP-VSW-DOCK_HTVS_1-002_lib.maegz,confirmed
ATP-HTVS-37164D6EE04D,58531,运行/运行/ATP-VSW/ATP-VSW-DOCK_HTVS_1-003_lib/ATP-VSW-DOCK_HTVS_1-003_lib.mae,confirmed
ATP-HTVS-375881F1CECF,69635,运行/运行/ATP-VSW/ATP-VSW-DOCK_HTVS_1-003_lib/ATP-VSW-DOCK_HTVS_1-003_lib.mae,confirmed
ATP-HTVS-37921E17B72D,72225,运行/运行/ATP-VSW/ATP-VSW-DOCK_HTVS_1-001_lib/ATP-VSW-DOCK_HTVS_1-001_lib,confirmed
ATP-HTVS-37A579E82C38,28641,运行/运行/ATP-VSW/ATP-VSW-DOCK_HTVS_1-001_lib/ATP-VSW-DOCK_HTVS_1-001_lib,confirmed
ATP-HTVS-37D34080A09D,36291,运行/运行/ATP-VSW/ATP-VSW-DOCK_HTVS_1-003_lib/ATP-VSW-DOCK_HTVS_1-003_lib.mae,confirmed
ATP-HTVS-37EC6A305554,73986,运行/运行/ATP-VSW/ATP-VSW-DOCK_HTVS_1-002_lib.maegz,confirmed
ATP-HTVS-37F8BE6B2288,68929,运行/运行/ATP-VSW/ATP-VSW-DOCK_HTVS_1-001_lib/ATP-VSW-DOCK_HTVS_1-001_lib,confirmed
ATP-HTVS-381C421540AF,67234,运行/运行/ATP-VSW/ATP-VSW-DOCK_HTVS_1-002_lib.maegz,confirmed
ATP-HTVS-38928739B049,49763,运行/运行/ATP-VSW/ATP-VSW-DOCK_HTVS_1-003_lib/ATP-VSW-DOCK_HTVS_1-003_lib.mae,confirmed
ATP-HTVS-389B4B823B19,92545,运行/运行/ATP-VSW/ATP-VSW-DOCK_HTVS_1-001_lib/ATP-VSW-DOCK_HTVS_1-001_lib,confirmed
ATP-HTVS-38AA30AE7592,4258,运行/运行/ATP-VSW/ATP-VSW-DOCK_HTVS_1-002_lib.maegz,confirmed
ATP-HTVS-38B17C32C2B1,90305,运行/运行/ATP-VSW/ATP-VSW-DOCK_HTVS_1-001_lib/ATP-VSW-DOCK_HTVS_1-001_lib,confirmed
ATP-HTVS-38BDED367A54,94307,运行/运行/ATP-VSW/ATP-VSW-DOCK_HTVS_1-003_lib/ATP-VSW-DOCK_HTVS_1-003_lib.mae,confirmed
ATP-HTVS-391C9D64EC7D,20547,运行/运行/ATP-VSW/ATP-VSW-DOCK_HTVS_1-003_lib/ATP-VSW-DOCK_HTVS_1-003_lib.mae,confirmed
ATP-HTVS-394457ED9ABE,67073,运行/运行/ATP-VSW/ATP-VSW-DOCK_HTVS_1-001_lib/ATP-VSW-DOCK_HTVS_1-001_lib,confirmed
ATP-HTVS-3966CEFE893D,72705,运行/运行/ATP-VSW/ATP-VSW-DOCK_HTVS_1-001_lib/ATP-VSW-DOCK_HTVS_1-001_lib,confirmed
ATP-HTVS-397149B089BD,39490,运行/运行/ATP-VSW/ATP-VSW-DOCK_HTVS_1-002_lib.maegz,confirmed
ATP-HTVS-3991B5D40CBE,95969,运行/运行/ATP-VSW/ATP-VSW-DOCK_HTVS_1-001_lib/ATP-VSW-DOCK_HTVS_1-001_lib,confirmed
ATP-HTVS-39B6454C3B57,69027,运行/运行/ATP-VSW/ATP-VSW-DOCK_HTVS_1-003_lib/ATP-VSW-DOCK_HTVS_1-003_lib.mae,confirmed
ATP-HTVS-39C66FA1D927,91619,运行/运行/ATP-VSW/ATP-VSW-DOCK_HTVS_1-003_lib/ATP-VSW-DOCK_HTVS_1-003_lib.mae,confirmed
ATP-HTVS-3A2C3DD6A630,99105,运行/运行/ATP-VSW/ATP-VSW-DOCK_HTVS_1-002_lib.maegz,confirmed
ATP-HTVS-3A4856D72337,84225,运行/运行/ATP-VSW/ATP-VSW-DOCK_HTVS_1-001_lib/ATP-VSW-DOCK_HTVS_1-001_lib,confirmed
ATP-HTVS-3A71FF84034D,20131,运行/运行/ATP-VSW/ATP-VSW-DOCK_HTVS_1-003_lib/ATP-VSW-DOCK_HTVS_1-003_lib.mae,confirmed
ATP-HTVS-3A7288617524,95746,运行/运行/ATP-VSW/ATP-VSW-DOCK_HTVS_1-003_lib/ATP-VSW-DOCK_HTVS_1-003_lib.mae,confirmed
ATP-HTVS-3A96A568DDAE,89089,运行/运行/ATP-VSW/ATP-VSW-DOCK_HTVS_1-001_lib/ATP-VSW-DOCK_HTVS_1-001_lib,confirmed
ATP-HTVS-3AF3BD852D4F,90753,运行/运行/ATP-VSW/ATP-VSW-DOCK_HTVS_1-001_lib/ATP-VSW-DOCK_HTVS_1-001_lib,confirmed
ATP-HTVS-3B1236037689,83073,运行/运行/ATP-VSW/ATP-VSW-DOCK_HTVS_1-001_lib/ATP-VSW-DOCK_HTVS_1-001_lib,confirmed
ATP-HTVS-3B2E01AF7BF8,38881,运行/运行/ATP-VSW/ATP-VSW-DOCK_HTVS_1-001_lib/ATP-VSW-DOCK_HTVS_1-001_lib,confirmed
ATP-HTVS-3B360A484FEF,85474,运行/运行/ATP-VSW/ATP-VSW-DOCK_HTVS_1-002_lib.maegz,confirmed
ATP-HTVS-3B3954EE8C13,84897,运行/运行/ATP-VSW/ATP-VSW-DOCK_HTVS_1-001_lib/ATP-VSW-DOCK_HTVS_1-001_lib,confirmed
ATP-HTVS-3B500C8F5D3A,77442,运行/运行/ATP-VSW/ATP-VSW-DOCK_HTVS_1-002_lib.maegz,confirmed
ATP-HTVS-3B52AE15A314,74081,运行/运行/ATP-VSW/ATP-VSW-DOCK_HTVS_1-001_lib/ATP-VSW-DOCK_HTVS_1-001_lib,confirmed
ATP-HTVS-3B591F4F1DA1,4259,运行/运行/ATP-VSW/ATP-VSW-DOCK_HTVS_1-003_lib/ATP-VSW-DOCK_HTVS_1-003_lib.mae,confirmed
ATP-HTVS-3B615F85BA41,73953,运行/运行/ATP-VSW/ATP-VSW-DOCK_HTVS_1-001_lib/ATP-VSW-DOCK_HTVS_1-001_lib,confirmed
ATP-HTVS-3B760C3B8D5C,71811,运行/运行/ATP-VSW/ATP-VSW-DOCK_HTVS_1-003_lib/ATP-VSW-DOCK_HTVS_1-003_lib.mae,confirmed
ATP-HTVS-3B9AE635146A,63874,运行/运行/ATP-VSW/ATP-VSW-DOCK_HTVS_1-002_lib.maegz,confirmed
ATP-HTVS-3BC1681A99C2,35363,运行/运行/ATP-VSW/ATP-VSW-DOCK_HTVS_1-003_lib/ATP-VSW-DOCK_HTVS_1-003_lib.mae,confirmed
ATP-HTVS-3BCB6D34D9FC,82627,运行/运行/ATP-VSW/ATP-VSW-DOCK_HTVS_1-003_lib/ATP-VSW-DOCK_HTVS_1-003_lib.mae,confirmed
ATP-HTVS-3BEA167C6DE4,61442,运行/运行/ATP-VSW/ATP-VSW-DOCK_HTVS_1-002_lib.maegz,confirmed
ATP-HTVS-3BFEB00B17A1,96386,运行/运行/ATP-VSW/ATP-VSW-DOCK_HTVS_1-003_lib/ATP-VSW-DOCK_HTVS_1-003_lib.mae,confirmed
ATP-HTVS-3C30D082388E,37539,运行/运行/ATP-VSW/ATP-VSW-DOCK_HTVS_1-003_lib/ATP-VSW-DOCK_HTVS_1-003_lib.mae,confirmed
ATP-HTVS-3C5237794D05,44097,运行/运行/ATP-VSW/ATP-VSW-DOCK_HTVS_1-001_lib/ATP-VSW-DOCK_HTVS_1-001_lib,confirmed
ATP-HTVS-3D55EC2CCC26,92001,运行/运行/ATP-VSW/ATP-VSW-DOCK_HTVS_1-001_lib/ATP-VSW-DOCK_HTVS_1-001_lib,confirmed
ATP-HTVS-3D580430A1F8,89410,运行/运行/ATP-VSW/ATP-VSW-DOCK_HTVS_1-002_lib.maegz,confirmed
ATP-HTVS-3D9456613EE7,71427,运行/运行/ATP-VSW/ATP-VSW-DOCK_HTVS_1-003_lib/ATP-VSW-DOCK_HTVS_1-003_lib.mae,confirmed
ATP-HTVS-3DA95123E47A,56993,运行/运行/ATP-VSW/ATP-VSW-DOCK_HTVS_1-001_lib/ATP-VSW-DOCK_HTVS_1-001_lib,confirmed
ATP-HTVS-3DABA9A3BF24,35619,运行/运行/ATP-VSW/ATP-VSW-DOCK_HTVS_1-003_lib/ATP-VSW-DOCK_HTVS_1-003_lib.mae,confirmed
ATP-HTVS-3DB1B8B928B3,68034,运行/运行/ATP-VSW/ATP-VSW-DOCK_HTVS_1-002_lib.maegz,confirmed
ATP-HTVS-3DDAC51E87DA,72514,运行/运行/ATP-VSW/ATP-VSW-DOCK_HTVS_1-002_lib.maegz,confirmed
ATP-HTVS-3E3A2065ACC9,14370,运行/运行/ATP-VSW/ATP-VSW-DOCK_HTVS_1-002_lib.maegz,confirmed
ATP-HTVS-3E4E6B1035DE,50531,运行/运行/ATP-VSW/ATP-VSW-DOCK_HTVS_1-003_lib/ATP-VSW-DOCK_HTVS_1-003_lib.mae,confirmed
ATP-HTVS-3E51FD2FD256,56033,运行/运行/ATP-VSW/ATP-VSW-DOCK_HTVS_1-001_lib/ATP-VSW-DOCK_HTVS_1-001_lib,confirmed
ATP-HTVS-3E71027F124F,67650,运行/运行/ATP-VSW/ATP-VSW-DOCK_HTVS_1-002_lib.maegz,confirmed
ATP-HTVS-3E71DFC624D6,82465,运行/运行/ATP-VSW/ATP-VSW-DOCK_HTVS_1-001_lib/ATP-VSW-DOCK_HTVS_1-001_lib,confirmed
ATP-HTVS-3EAEA7611BE9,52738,运行/运行/ATP-VSW/ATP-VSW-DOCK_HTVS_1-002_lib.maegz,confirmed
ATP-HTVS-3ED7BF8E1128,59586,运行/运行/ATP-VSW/ATP-VSW-DOCK_HTVS_1-002_lib.maegz,confirmed
ATP-HTVS-3F61FE181838,65473,运行/运行/ATP-VSW/ATP-VSW-DOCK_HTVS_1-001_lib/ATP-VSW-DOCK_HTVS_1-001_lib,confirmed
ATP-HTVS-3F7C0C4A7C85,44483,运行/运行/ATP-VSW/ATP-VSW-DOCK_HTVS_1-003_lib/ATP-VSW-DOCK_HTVS_1-003_lib.mae,confirmed
ATP-HTVS-3FE2C8D8A747,85473,运行/运行/ATP-VSW/ATP-VSW-DOCK_HTVS_1-001_lib/ATP-VSW-DOCK_HTVS_1-001_lib,confirmed
ATP-HTVS-3FE3F52D89A6,78210,运行/运行/ATP-VSW/ATP-VSW-DOCK_HTVS_1-002_lib.maegz,confirmed
ATP-HTVS-3FEB13A0176D,79265,运行/运行/ATP-VSW/ATP-VSW-DOCK_HTVS_1-001_lib/ATP-VSW-DOCK_HTVS_1-001_lib,confirmed
ATP-HTVS-4019997F6E4F,28866,运行/运行/ATP-VSW/ATP-VSW-DOCK_HTVS_1-002_lib.maegz,confirmed
ATP-HTVS-403847D949CB,95233,运行/运行/ATP-VSW/ATP-VSW-DOCK_HTVS_1-001_lib/ATP-VSW-DOCK_HTVS_1-001_lib,confirmed
ATP-HTVS-4042CFA848C2,91587,运行/运行/ATP-VSW/ATP-VSW-DOCK_HTVS_1-003_lib/ATP-VSW-DOCK_HTVS_1-003_lib.mae,confirmed
ATP-HTVS-404DE520584C,71713,运行/运行/ATP-VSW/ATP-VSW-DOCK_HTVS_1-001_lib/ATP-VSW-DOCK_HTVS_1-001_lib,confirmed
ATP-HTVS-40806E2DA49D,71074,运行/运行/ATP-VSW/ATP-VSW-DOCK_HTVS_1-002_lib.maegz,confirmed
ATP-HTVS-40CB5FD4F4D8,94114,运行/运行/ATP-VSW/ATP-VSW-DOCK_HTVS_1-003_lib/ATP-VSW-DOCK_HTVS_1-003_lib.mae,confirmed
ATP-HTVS-40E764CABCB1,58370,运行/运行/ATP-VSW/ATP-VSW-DOCK_HTVS_1-002_lib.maegz,confirmed
ATP-HTVS-410A75CF1522,26210,运行/运行/ATP-VSW/ATP-VSW-DOCK_HTVS_1-002_lib.maegz,confirmed
ATP-HTVS-41202D3CA1C8,23139,运行/运行/ATP-VSW/ATP-VSW-DOCK_HTVS_1-003_lib/ATP-VSW-DOCK_HTVS_1-003_lib.mae,confirmed
ATP-HTVS-4128F66E5F96,34562,运行/运行/ATP-VSW/ATP-VSW-DOCK_HTVS_1-002_lib.maegz,confirmed
ATP-HTVS-418CD17BC8B0,70595,运行/运行/ATP-VSW/ATP-VSW-DOCK_HTVS_1-003_lib/ATP-VSW-DOCK_HTVS_1-003_lib.mae,confirmed
ATP-HTVS-41A031E7C6D2,27299,运行/运行/ATP-VSW/ATP-VSW-DOCK_HTVS_1-003_lib/ATP-VSW-DOCK_HTVS_1-003_lib.mae,confirmed
ATP-HTVS-41C13ED6AFFD,83554,运行/运行/ATP-VSW/ATP-VSW-DOCK_HTVS_1-002_lib.maegz,confirmed
ATP-HTVS-41DBD56D77D4,56386,运行/运行/ATP-VSW/ATP-VSW-DOCK_HTVS_1-002_lib.maegz,confirmed
ATP-HTVS-41DE369552E3,91201,运行/运行/ATP-VSW/ATP-VSW-DOCK_HTVS_1-001_lib/ATP-VSW-DOCK_HTVS_1-001_lib,confirmed
ATP-HTVS-41DF5C276515,95649,运行/运行/ATP-VSW/ATP-VSW-DOCK_HTVS_1-001_lib/ATP-VSW-DOCK_HTVS_1-001_lib,confirmed
ATP-HTVS-41EB9DEAB7C9,91683,运行/运行/ATP-VSW/ATP-VSW-DOCK_HTVS_1-003_lib/ATP-VSW-DOCK_HTVS_1-003_lib.mae,confirmed
ATP-HTVS-420A833C3906,29570,运行/运行/ATP-VSW/ATP-VSW-DOCK_HTVS_1-002_lib.maegz,confirmed
ATP-HTVS-425F81D77C05,85634,运行/运行/ATP-VSW/ATP-VSW-DOCK_HTVS_1-002_lib.maegz,confirmed
ATP-HTVS-429B4D57A2D0,56417,运行/运行/ATP-VSW/ATP-VSW-DOCK_HTVS_1-001_lib/ATP-VSW-DOCK_HTVS_1-001_lib,confirmed
ATP-HTVS-42E232F3C181,95425,运行/运行/ATP-VSW/ATP-VSW-DOCK_HTVS_1-001_lib/ATP-VSW-DOCK_HTVS_1-001_lib,confirmed
ATP-HTVS-4313C7EF8265,78307,运行/运行/ATP-VSW/ATP-VSW-DOCK_HTVS_1-003_lib/ATP-VSW-DOCK_HTVS_1-003_lib.mae,confirmed
ATP-HTVS-43145D4CE45B,93187,运行/运行/ATP-VSW/ATP-VSW-DOCK_HTVS_1-003_lib/ATP-VSW-DOCK_HTVS_1-003_lib.mae,confirmed
ATP-HTVS-4322FF013EE1,94306,运行/运行/ATP-VSW/ATP-VSW-DOCK_HTVS_1-003_lib/ATP-VSW-DOCK_HTVS_1-003_lib.mae,confirmed
ATP-HTVS-433854F3CEDF,69123,运行/运行/ATP-VSW/ATP-VSW-DOCK_HTVS_1-003_lib/ATP-VSW-DOCK_HTVS_1-003_lib.mae,confirmed
ATP-HTVS-4340E5ABA707,45635,运行/运行/ATP-VSW/ATP-VSW-DOCK_HTVS_1-003_lib/ATP-VSW-DOCK_HTVS_1-003_lib.mae,confirmed
ATP-HTVS-4382948120BD,74115,运行/运行/ATP-VSW/ATP-VSW-DOCK_HTVS_1-003_lib/ATP-VSW-DOCK_HTVS_1-003_lib.mae,confirmed
ATP-HTVS-43D1BB82511C,88481,运行/运行/ATP-VSW/ATP-VSW-DOCK_HTVS_1-001_lib/ATP-VSW-DOCK_HTVS_1-001_lib,confirmed
ATP-HTVS-43DC0EBD36ED,75233,运行/运行/ATP-VSW/ATP-VSW-DOCK_HTVS_1-001_lib/ATP-VSW-DOCK_HTVS_1-001_lib,confirmed
ATP-HTVS-43DEA6C9D172,31907,运行/运行/ATP-VSW/ATP-VSW-DOCK_HTVS_1-003_lib/ATP-VSW-DOCK_HTVS_1-003_lib.mae,confirmed
ATP-HTVS-43E54E69D2FC,49761,运行/运行/ATP-VSW/ATP-VSW-DOCK_HTVS_1-001_lib/ATP-VSW-DOCK_HTVS_1-001_lib,confirmed
ATP-HTVS-440AFC8B752D,31650,运行/运行/ATP-VSW/ATP-VSW-DOCK_HTVS_1-002_lib.maegz,confirmed
ATP-HTVS-4415AB646F99,82497,运行/运行/ATP-VSW/ATP-VSW-DOCK_HTVS_1-001_lib/ATP-VSW-DOCK_HTVS_1-001_lib,confirmed
ATP-HTVS-4418320CDB75,92835,运行/运行/ATP-VSW/ATP-VSW-DOCK_HTVS_1-003_lib/ATP-VSW-DOCK_HTVS_1-003_lib.mae,confirmed
ATP-HTVS-442C36D59863,49602,运行/运行/ATP-VSW/ATP-VSW-DOCK_HTVS_1-002_lib.maegz,confirmed
ATP-HTVS-443BC3733DB7,97250,运行/运行/ATP-VSW/ATP-VSW-DOCK_HTVS_1-003_lib/ATP-VSW-DOCK_HTVS_1-003_lib.mae,confirmed
ATP-HTVS-445D8195943B,74209,运行/运行/ATP-VSW/ATP-VSW-DOCK_HTVS_1-001_lib/ATP-VSW-DOCK_HTVS_1-001_lib,confirmed
ATP-HTVS-44A2C719C105,82307,运行/运行/ATP-VSW/ATP-VSW-DOCK_HTVS_1-003_lib/ATP-VSW-DOCK_HTVS_1-003_lib.mae,confirmed
ATP-HTVS-44A5767B4738,74882,运行/运行/ATP-VSW/ATP-VSW-DOCK_HTVS_1-002_lib.maegz,confirmed
ATP-HTVS-44ACC7CEC3D6,83425,运行/运行/ATP-VSW/ATP-VSW-DOCK_HTVS_1-001_lib/ATP-VSW-DOCK_HTVS_1-001_lib,confirmed
ATP-HTVS-44DE29768EEE,17571,运行/运行/ATP-VSW/ATP-VSW-DOCK_HTVS_1-003_lib/ATP-VSW-DOCK_HTVS_1-003_lib.mae,confirmed
ATP-HTVS-4503BC70E7F0,38561,运行/运行/ATP-VSW/ATP-VSW-DOCK_HTVS_1-001_lib/ATP-VSW-DOCK_HTVS_1-001_lib,confirmed
ATP-HTVS-450A55DE989E,48930,运行/运行/ATP-VSW/ATP-VSW-DOCK_HTVS_1-002_lib.maegz,confirmed
ATP-HTVS-458F3EB1794A,20674,运行/运行/ATP-VSW/ATP-VSW-DOCK_HTVS_1-002_lib.maegz,confirmed
ATP-HTVS-45908092458F,47809,运行/运行/ATP-VSW/ATP-VSW-DOCK_HTVS_1-001_lib/ATP-VSW-DOCK_HTVS_1-001_lib,confirmed
ATP-HTVS-459B7E30FD80,76673,运行/运行/ATP-VSW/ATP-VSW-DOCK_HTVS_1-001_lib/ATP-VSW-DOCK_HTVS_1-001_lib,confirmed
ATP-HTVS-45A004EDB829,35234,运行/运行/ATP-VSW/ATP-VSW-DOCK_HTVS_1-002_lib.maegz,confirmed
ATP-HTVS-45C9FDCE5200,67554,运行/运行/ATP-VSW/ATP-VSW-DOCK_HTVS_1-002_lib.maegz,confirmed
ATP-HTVS-45EC04A30F13,45571,运行/运行/ATP-VSW/ATP-VSW-DOCK_HTVS_1-003_lib/ATP-VSW-DOCK_HTVS_1-003_lib.mae,confirmed
ATP-HTVS-461088EC3581,13442,运行/运行/ATP-VSW/ATP-VSW-DOCK_HTVS_1-002_lib.maegz,confirmed
ATP-HTVS-4630C8488F7C,77025,运行/运行/ATP-VSW/ATP-VSW-DOCK_HTVS_1-001_lib/ATP-VSW-DOCK_HTVS_1-001_lib,confirmed
ATP-HTVS-464A50F6807A,88514,运行/运行/ATP-VSW/ATP-VSW-DOCK_HTVS_1-002_lib.maegz,confirmed
ATP-HTVS-464DF81034BD,92994,运行/运行/ATP-VSW/ATP-VSW-DOCK_HTVS_1-002_lib.maegz,confirmed
ATP-HTVS-4697491C32F9,77698,运行/运行/ATP-VSW/ATP-VSW-DOCK_HTVS_1-002_lib.maegz,confirmed
ATP-HTVS-4697A006B393,56194,运行/运行/ATP-VSW/ATP-VSW-DOCK_HTVS_1-002_lib.maegz,confirmed
ATP-HTVS-469EEFA86A0D,60513,运行/运行/ATP-VSW/ATP-VSW-DOCK_HTVS_1-001_lib/ATP-VSW-DOCK_HTVS_1-001_lib,confirmed
ATP-HTVS-46A91AAE2D1D,82529,运行/运行/ATP-VSW/ATP-VSW-DOCK_HTVS_1-001_lib/ATP-VSW-DOCK_HTVS_1-001_lib,confirmed
ATP-HTVS-46F5C2C02CE5,81411,运行/运行/ATP-VSW/ATP-VSW-DOCK_HTVS_1-003_lib/ATP-VSW-DOCK_HTVS_1-003_lib.mae,confirmed
ATP-HTVS-471B66EC874A,78945,运行/运行/ATP-VSW/ATP-VSW-DOCK_HTVS_1-001_lib/ATP-VSW-DOCK_HTVS_1-001_lib,confirmed
ATP-HTVS-471CA8009E10,94562,运行/运行/ATP-VSW/ATP-VSW-DOCK_HTVS_1-003_lib/ATP-VSW-DOCK_HTVS_1-003_lib.mae,confirmed
ATP-HTVS-472161FD1CB3,82882,运行/运行/ATP-VSW/ATP-VSW-DOCK_HTVS_1-002_lib.maegz,confirmed
ATP-HTVS-47220BE834AE,78051,运行/运行/ATP-VSW/ATP-VSW-DOCK_HTVS_1-003_lib/ATP-VSW-DOCK_HTVS_1-003_lib.mae,confirmed
ATP-HTVS-47675EC0C4D5,67843,运行/运行/ATP-VSW/ATP-VSW-DOCK_HTVS_1-003_lib/ATP-VSW-DOCK_HTVS_1-003_lib.mae,confirmed
ATP-HTVS-47A17AC8C7BD,41059,运行/运行/ATP-VSW/ATP-VSW-DOCK_HTVS_1-003_lib/ATP-VSW-DOCK_HTVS_1-003_lib.mae,confirmed
ATP-HTVS-47BAC8FD9A9F,73409,运行/运行/ATP-VSW/ATP-VSW-DOCK_HTVS_1-001_lib/ATP-VSW-DOCK_HTVS_1-001_lib,confirmed
ATP-HTVS-4862FE6420AB,72898,运行/运行/ATP-VSW/ATP-VSW-DOCK_HTVS_1-002_lib.maegz,confirmed
ATP-HTVS-48C487957C1E,66849,运行/运行/ATP-VSW/ATP-VSW-DOCK_HTVS_1-001_lib/ATP-VSW-DOCK_HTVS_1-001_lib,confirmed
ATP-HTVS-48ECC7021683,96033,运行/运行/ATP-VSW/ATP-VSW-DOCK_HTVS_1-001_lib/ATP-VSW-DOCK_HTVS_1-001_lib,confirmed
ATP-HTVS-491BAB709F49,88482,运行/运行/ATP-VSW/ATP-VSW-DOCK_HTVS_1-002_lib.maegz,confirmed
ATP-HTVS-4920657FA6C2,47234,运行/运行/ATP-VSW/ATP-VSW-DOCK_HTVS_1-002_lib.maegz,confirmed
ATP-HTVS-494FFDA3E05A,79810,运行/运行/ATP-VSW/ATP-VSW-DOCK_HTVS_1-002_lib.maegz,confirmed
ATP-HTVS-4991CDEEDD30,76385,运行/运行/ATP-VSW/ATP-VSW-DOCK_HTVS_1-001_lib/ATP-VSW-DOCK_HTVS_1-001_lib,confirmed
ATP-HTVS-49CF595ADD5C,20834,运行/运行/ATP-VSW/ATP-VSW-DOCK_HTVS_1-002_lib.maegz,confirmed
ATP-HTVS-49D68E9248AF,44739,运行/运行/ATP-VSW/ATP-VSW-DOCK_HTVS_1-003_lib/ATP-VSW-DOCK_HTVS_1-003_lib.mae,confirmed
ATP-HTVS-4A1EB194D3B6,11747,运行/运行/ATP-VSW/ATP-VSW-DOCK_HTVS_1-003_lib/ATP-VSW-DOCK_HTVS_1-003_lib.mae,confirmed
ATP-HTVS-4A28AAEEA14A,71714,运行/运行/ATP-VSW/ATP-VSW-DOCK_HTVS_1-002_lib.maegz,confirmed
ATP-HTVS-4A3DC7D9F888,95777,运行/运行/ATP-VSW/ATP-VSW-DOCK_HTVS_1-001_lib/ATP-VSW-DOCK_HTVS_1-001_lib,confirmed
ATP-HTVS-4A7957865725,86657,运行/运行/ATP-VSW/ATP-VSW-DOCK_HTVS_1-001_lib/ATP-VSW-DOCK_HTVS_1-001_lib,confirmed
ATP-HTVS-4AC739BE8539,83970,运行/运行/ATP-VSW/ATP-VSW-DOCK_HTVS_1-002_lib.maegz,confirmed
ATP-HTVS-4AC96F3AF657,25826,运行/运行/ATP-VSW/ATP-VSW-DOCK_HTVS_1-002_lib.maegz,confirmed
ATP-HTVS-4AF467728185,61602,运行/运行/ATP-VSW/ATP-VSW-DOCK_HTVS_1-002_lib.maegz,confirmed
ATP-HTVS-4AF9C9C46A6A,50882,运行/运行/ATP-VSW/ATP-VSW-DOCK_HTVS_1-002_lib.maegz,confirmed
ATP-HTVS-4B144E96CFBE,75490,运行/运行/ATP-VSW/ATP-VSW-DOCK_HTVS_1-002_lib.maegz,confirmed
ATP-HTVS-4B5D35D2395E,61409,运行/运行/ATP-VSW/ATP-VSW-DOCK_HTVS_1-001_lib/ATP-VSW-DOCK_HTVS_1-001_lib,confirmed
ATP-HTVS-4B689B6ED6C6,95234,运行/运行/ATP-VSW/ATP-VSW-DOCK_HTVS_1-003_lib/ATP-VSW-DOCK_HTVS_1-003_lib.mae,confirmed
ATP-HTVS-4B898DE9EBD2,87971,运行/运行/ATP-VSW/ATP-VSW-DOCK_HTVS_1-003_lib/ATP-VSW-DOCK_HTVS_1-003_lib.mae,confirmed
ATP-HTVS-4BBA1A792A2F,70529,运行/运行/ATP-VSW/ATP-VSW-DOCK_HTVS_1-001_lib/ATP-VSW-DOCK_HTVS_1-001_lib,confirmed
ATP-HTVS-4BCACD3FB587,71139,运行/运行/ATP-VSW/ATP-VSW-DOCK_HTVS_1-003_lib/ATP-VSW-DOCK_HTVS_1-003_lib.mae,confirmed
ATP-HTVS-4BE062240422,80833,运行/运行/ATP-VSW/ATP-VSW-DOCK_HTVS_1-001_lib/ATP-VSW-DOCK_HTVS_1-001_lib,confirmed
ATP-HTVS-4BFDBDCB8AC3,81857,运行/运行/ATP-VSW/ATP-VSW-DOCK_HTVS_1-001_lib/ATP-VSW-DOCK_HTVS_1-001_lib,confirmed
ATP-HTVS-4C04B46E023C,67139,运行/运行/ATP-VSW/ATP-VSW-DOCK_HTVS_1-003_lib/ATP-VSW-DOCK_HTVS_1-003_lib.mae,confirmed
ATP-HTVS-4C091C5F609D,74754,运行/运行/ATP-VSW/ATP-VSW-DOCK_HTVS_1-002_lib.maegz,confirmed
ATP-HTVS-4C511AF0E5BD,37027,运行/运行/ATP-VSW/ATP-VSW-DOCK_HTVS_1-003_lib/ATP-VSW-DOCK_HTVS_1-003_lib.mae,confirmed
ATP-HTVS-4C6C1EFD2AA2,72065,运行/运行/ATP-VSW/ATP-VSW-DOCK_HTVS_1-001_lib/ATP-VSW-DOCK_HTVS_1-001_lib,confirmed
ATP-HTVS-4CC80B7019B2,75234,运行/运行/ATP-VSW/ATP-VSW-DOCK_HTVS_1-002_lib.maegz,confirmed
ATP-HTVS-4CFD3E435A48,60227,运行/运行/ATP-VSW/ATP-VSW-DOCK_HTVS_1-003_lib/ATP-VSW-DOCK_HTVS_1-003_lib.mae,confirmed
ATP-HTVS-4D1ED9B826E8,4419,运行/运行/ATP-VSW/ATP-VSW-DOCK_HTVS_1-003_lib/ATP-VSW-DOCK_HTVS_1-003_lib.mae,confirmed
ATP-HTVS-4D974321991D,51619,运行/运行/ATP-VSW/ATP-VSW-DOCK_HTVS_1-003_lib/ATP-VSW-DOCK_HTVS_1-003_lib.mae,confirmed
ATP-HTVS-4DC88D9567D5,69986,运行/运行/ATP-VSW/ATP-VSW-DOCK_HTVS_1-002_lib.maegz,confirmed
ATP-HTVS-4DE86EAA2D32,76034,运行/运行/ATP-VSW/ATP-VSW-DOCK_HTVS_1-002_lib.maegz,confirmed
ATP-HTVS-4E16F03E37A9,70275,运行/运行/ATP-VSW/ATP-VSW-DOCK_HTVS_1-003_lib/ATP-VSW-DOCK_HTVS_1-003_lib.mae,confirmed
ATP-HTVS-4E652792F62F,84931,运行/运行/ATP-VSW/ATP-VSW-DOCK_HTVS_1-003_lib/ATP-VSW-DOCK_HTVS_1-003_lib.mae,confirmed
ATP-HTVS-4E825B07A9DF,20418,运行/运行/ATP-VSW/ATP-VSW-DOCK_HTVS_1-002_lib.maegz,confirmed
ATP-HTVS-4E9E59A3DA5E,69218,运行/运行/ATP-VSW/ATP-VSW-DOCK_HTVS_1-002_lib.maegz,confirmed
ATP-HTVS-4EA46F6E6AE0,20450,运行/运行/ATP-VSW/ATP-VSW-DOCK_HTVS_1-002_lib.maegz,confirmed
ATP-HTVS-4EF6126AB2D8,89666,运行/运行/ATP-VSW/ATP-VSW-DOCK_HTVS_1-002_lib.maegz,confirmed
ATP-HTVS-4F22ABB48DC5,71586,运行/运行/ATP-VSW/ATP-VSW-DOCK_HTVS_1-002_lib.maegz,confirmed
ATP-HTVS-4F450E2E91A2,68579,运行/运行/ATP-VSW/ATP-VSW-DOCK_HTVS_1-003_lib/ATP-VSW-DOCK_HTVS_1-003_lib.mae,confirmed
ATP-HTVS-4F5A90394674,95681,运行/运行/ATP-VSW/ATP-VSW-DOCK_HTVS_1-001_lib/ATP-VSW-DOCK_HTVS_1-001_lib,confirmed
ATP-HTVS-4F9099514318,87875,运行/运行/ATP-VSW/ATP-VSW-DOCK_HTVS_1-003_lib/ATP-VSW-DOCK_HTVS_1-003_lib.mae,confirmed
ATP-HTVS-4F9E5F08F37F,89571,运行/运行/ATP-VSW/ATP-VSW-DOCK_HTVS_1-003_lib/ATP-VSW-DOCK_HTVS_1-003_lib.mae,confirmed
ATP-HTVS-4FCAA645F202,97537,运行/运行/ATP-VSW/ATP-VSW-DOCK_HTVS_1-002_lib.maegz,confirmed
ATP-HTVS-4FDD59ABF895,4961,运行/运行/ATP-VSW/ATP-VSW-DOCK_HTVS_1-001_lib/ATP-VSW-DOCK_HTVS_1-001_lib,confirmed
ATP-HTVS-505E03B882A0,11617,运行/运行/ATP-VSW/ATP-VSW-DOCK_HTVS_1-001_lib/ATP-VSW-DOCK_HTVS_1-001_lib,confirmed
ATP-HTVS-507C96D672B3,5570,运行/运行/ATP-VSW/ATP-VSW-DOCK_HTVS_1-002_lib.maegz,confirmed
ATP-HTVS-508A27B63548,61411,运行/运行/ATP-VSW/ATP-VSW-DOCK_HTVS_1-003_lib/ATP-VSW-DOCK_HTVS_1-003_lib.mae,confirmed
ATP-HTVS-50911053B2F5,79745,运行/运行/ATP-VSW/ATP-VSW-DOCK_HTVS_1-001_lib/ATP-VSW-DOCK_HTVS_1-001_lib,confirmed
ATP-HTVS-50DD7346FE25,89505,运行/运行/ATP-VSW/ATP-VSW-DOCK_HTVS_1-001_lib/ATP-VSW-DOCK_HTVS_1-001_lib,confirmed
ATP-HTVS-510C24ACBA66,94817,运行/运行/ATP-VSW/ATP-VSW-DOCK_HTVS_1-001_lib/ATP-VSW-DOCK_HTVS_1-001_lib,confirmed
ATP-HTVS-512766A3F074,87874,运行/运行/ATP-VSW/ATP-VSW-DOCK_HTVS_1-002_lib.maegz,confirmed
ATP-HTVS-512BF8EF5FA0,50785,运行/运行/ATP-VSW/ATP-VSW-DOCK_HTVS_1-001_lib/ATP-VSW-DOCK_HTVS_1-001_lib,confirmed
ATP-HTVS-512DB2E888C1,97313,运行/运行/ATP-VSW/ATP-VSW-DOCK_HTVS_1-002_lib.maegz,confirmed
ATP-HTVS-514A7FD93F10,90115,运行/运行/ATP-VSW/ATP-VSW-DOCK_HTVS_1-003_lib/ATP-VSW-DOCK_HTVS_1-003_lib.mae,confirmed
ATP-HTVS-515F0CC44DE0,70113,运行/运行/ATP-VSW/ATP-VSW-DOCK_HTVS_1-001_lib/ATP-VSW-DOCK_HTVS_1-001_lib,confirmed
ATP-HTVS-51861E5F66D2,67938,运行/运行/ATP-VSW/ATP-VSW-DOCK_HTVS_1-002_lib.maegz,confirmed
ATP-HTVS-518A2BC6902B,53057,运行/运行/ATP-VSW/ATP-VSW-DOCK_HTVS_1-001_lib/ATP-VSW-DOCK_HTVS_1-001_lib,confirmed
ATP-HTVS-5192BC4864D4,70497,运行/运行/ATP-VSW/ATP-VSW-DOCK_HTVS_1-001_lib/ATP-VSW-DOCK_HTVS_1-001_lib,confirmed
ATP-HTVS-51A8EA31A006,90307,运行/运行/ATP-VSW/ATP-VSW-DOCK_HTVS_1-003_lib/ATP-VSW-DOCK_HTVS_1-003_lib.mae,confirmed
ATP-HTVS-51D7DCB6F8E8,85793,运行/运行/ATP-VSW/ATP-VSW-DOCK_HTVS_1-001_lib/ATP-VSW-DOCK_HTVS_1-001_lib,confirmed
ATP-HTVS-51FD2328387A,515,运行/运行/ATP-VSW/ATP-VSW-DOCK_HTVS_1-003_lib/ATP-VSW-DOCK_HTVS_1-003_lib.mae,confirmed
ATP-HTVS-523F9B5BEE3B,72899,运行/运行/ATP-VSW/ATP-VSW-DOCK_HTVS_1-003_lib/ATP-VSW-DOCK_HTVS_1-003_lib.mae,confirmed
ATP-HTVS-52495E42CB55,54529,运行/运行/ATP-VSW/ATP-VSW-DOCK_HTVS_1-001_lib/ATP-VSW-DOCK_HTVS_1-001_lib,confirmed
ATP-HTVS-524A2C000135,32450,运行/运行/ATP-VSW/ATP-VSW-DOCK_HTVS_1-002_lib.maegz,confirmed
ATP-HTVS-52625044C5D9,31809,运行/运行/ATP-VSW/ATP-VSW-DOCK_HTVS_1-001_lib/ATP-VSW-DOCK_HTVS_1-001_lib,confirmed
ATP-HTVS-52816E9DAB39,70209,运行/运行/ATP-VSW/ATP-VSW-DOCK_HTVS_1-001_lib/ATP-VSW-DOCK_HTVS_1-001_lib,confirmed
ATP-HTVS-52B20567BA88,12577,运行/运行/ATP-VSW/ATP-VSW-DOCK_HTVS_1-001_lib/ATP-VSW-DOCK_HTVS_1-001_lib,confirmed
ATP-HTVS-52BA94C773EB,97153,运行/运行/ATP-VSW/ATP-VSW-DOCK_HTVS_1-002_lib.maegz,confirmed
ATP-HTVS-52CC222D68E9,81987,运行/运行/ATP-VSW/ATP-VSW-DOCK_HTVS_1-003_lib/ATP-VSW-DOCK_HTVS_1-003_lib.mae,confirmed
ATP-HTVS-52D7AA6D1B75,23138,运行/运行/ATP-VSW/ATP-VSW-DOCK_HTVS_1-002_lib.maegz,confirmed
ATP-HTVS-52F407909F9A,88994,运行/运行/ATP-VSW/ATP-VSW-DOCK_HTVS_1-002_lib.maegz,confirmed
ATP-HTVS-53075BACB2C6,93475,运行/运行/ATP-VSW/ATP-VSW-DOCK_HTVS_1-003_lib/ATP-VSW-DOCK_HTVS_1-003_lib.mae,confirmed
ATP-HTVS-531A4B252985,78049,运行/运行/ATP-VSW/ATP-VSW-DOCK_HTVS_1-001_lib/ATP-VSW-DOCK_HTVS_1-001_lib,confirmed
ATP-HTVS-531EE93584A6,1955,运行/运行/ATP-VSW/ATP-VSW-DOCK_HTVS_1-003_lib/ATP-VSW-DOCK_HTVS_1-003_lib.mae,confirmed
ATP-HTVS-532EC38BED39,25314,运行/运行/ATP-VSW/ATP-VSW-DOCK_HTVS_1-002_lib.maegz,confirmed
ATP-HTVS-5359DC82CCCB,23171,运行/运行/ATP-VSW/ATP-VSW-DOCK_HTVS_1-003_lib/ATP-VSW-DOCK_HTVS_1-003_lib.mae,confirmed
ATP-HTVS-53CB9D69C030,33121,运行/运行/ATP-VSW/ATP-VSW-DOCK_HTVS_1-001_lib/ATP-VSW-DOCK_HTVS_1-001_lib,confirmed
ATP-HTVS-5401EBEC1B21,77091,运行/运行/ATP-VSW/ATP-VSW-DOCK_HTVS_1-003_lib/ATP-VSW-DOCK_HTVS_1-003_lib.mae,confirmed
ATP-HTVS-54143804256C,38146,运行/运行/ATP-VSW/ATP-VSW-DOCK_HTVS_1-002_lib.maegz,confirmed
ATP-HTVS-5425AB1A5C10,35457,运行/运行/ATP-VSW/ATP-VSW-DOCK_HTVS_1-001_lib/ATP-VSW-DOCK_HTVS_1-001_lib,confirmed
ATP-HTVS-542A37ED863C,14243,运行/运行/ATP-VSW/ATP-VSW-DOCK_HTVS_1-003_lib/ATP-VSW-DOCK_HTVS_1-003_lib.mae,confirmed
ATP-HTVS-542AD0F295EC,98561,运行/运行/ATP-VSW/ATP-VSW-DOCK_HTVS_1-002_lib.maegz,confirmed
ATP-HTVS-545253A9A90F,83842,运行/运行/ATP-VSW/ATP-VSW-DOCK_HTVS_1-002_lib.maegz,confirmed
ATP-HTVS-5494A1B9D9EC,67939,运行/运行/ATP-VSW/ATP-VSW-DOCK_HTVS_1-003_lib/ATP-VSW-DOCK_HTVS_1-003_lib.mae,confirmed
ATP-HTVS-54A1786C1F00,83457,运行/运行/ATP-VSW/ATP-VSW-DOCK_HTVS_1-001_lib/ATP-VSW-DOCK_HTVS_1-001_lib,confirmed
ATP-HTVS-54E64C0F11AA,71361,运行/运行/ATP-VSW/ATP-VSW-DOCK_HTVS_1-001_lib/ATP-VSW-DOCK_HTVS_1-001_lib,confirmed
ATP-HTVS-54ED83DE83DA,86306,运行/运行/ATP-VSW/ATP-VSW-DOCK_HTVS_1-002_lib.maegz,confirmed
ATP-HTVS-553AACDE3786,19939,运行/运行/ATP-VSW/ATP-VSW-DOCK_HTVS_1-003_lib/ATP-VSW-DOCK_HTVS_1-003_lib.mae,confirmed
ATP-HTVS-555FA00075E9,85825,运行/运行/ATP-VSW/ATP-VSW-DOCK_HTVS_1-001_lib/ATP-VSW-DOCK_HTVS_1-001_lib,confirmed
ATP-HTVS-5589B4ED8BC3,58051,运行/运行/ATP-VSW/ATP-VSW-DOCK_HTVS_1-003_lib/ATP-VSW-DOCK_HTVS_1-003_lib.mae,confirmed
ATP-HTVS-559A97C754E4,23137,运行/运行/ATP-VSW/ATP-VSW-DOCK_HTVS_1-001_lib/ATP-VSW-DOCK_HTVS_1-001_lib,confirmed
ATP-HTVS-55C340552E65,92289,运行/运行/ATP-VSW/ATP-VSW-DOCK_HTVS_1-001_lib/ATP-VSW-DOCK_HTVS_1-001_lib,confirmed
ATP-HTVS-560CD6AB75AE,93730,运行/运行/ATP-VSW/ATP-VSW-DOCK_HTVS_1-002_lib.maegz,confirmed
ATP-HTVS-56362DCB1C38,56802,运行/运行/ATP-VSW/ATP-VSW-DOCK_HTVS_1-002_lib.maegz,confirmed
ATP-HTVS-563DC51EEC46,75746,运行/运行/ATP-VSW/ATP-VSW-DOCK_HTVS_1-002_lib.maegz,confirmed
ATP-HTVS-5658ECC62B06,77859,运行/运行/ATP-VSW/ATP-VSW-DOCK_HTVS_1-003_lib/ATP-VSW-DOCK_HTVS_1-003_lib.mae,confirmed
ATP-HTVS-5694EB72FE49,38083,运行/运行/ATP-VSW/ATP-VSW-DOCK_HTVS_1-003_lib/ATP-VSW-DOCK_HTVS_1-003_lib.mae,confirmed
ATP-HTVS-569AAE7497B4,63426,运行/运行/ATP-VSW/ATP-VSW-DOCK_HTVS_1-002_lib.maegz,confirmed
ATP-HTVS-56BFCD0C6B29,72193,运行/运行/ATP-VSW/ATP-VSW-DOCK_HTVS_1-001_lib/ATP-VSW-DOCK_HTVS_1-001_lib,confirmed
ATP-HTVS-57132EA8AA79,36161,运行/运行/ATP-VSW/ATP-VSW-DOCK_HTVS_1-001_lib/ATP-VSW-DOCK_HTVS_1-001_lib,confirmed
ATP-HTVS-572BFDBE8187,1059,运行/运行/ATP-VSW/ATP-VSW-DOCK_HTVS_1-003_lib/ATP-VSW-DOCK_HTVS_1-003_lib.mae,confirmed
ATP-HTVS-57A1B32CE9AA,90337,运行/运行/ATP-VSW/ATP-VSW-DOCK_HTVS_1-001_lib/ATP-VSW-DOCK_HTVS_1-001_lib,confirmed
ATP-HTVS-57B04A124BC1,76577,运行/运行/ATP-VSW/ATP-VSW-DOCK_HTVS_1-001_lib/ATP-VSW-DOCK_HTVS_1-001_lib,confirmed
ATP-HTVS-57C145E4C4AF,91107,运行/运行/ATP-VSW/ATP-VSW-DOCK_HTVS_1-003_lib/ATP-VSW-DOCK_HTVS_1-003_lib.mae,confirmed
ATP-HTVS-57CD8A84B862,69666,运行/运行/ATP-VSW/ATP-VSW-DOCK_HTVS_1-002_lib.maegz,confirmed
ATP-HTVS-5801E8FB792E,25635,运行/运行/ATP-VSW/ATP-VSW-DOCK_HTVS_1-003_lib/ATP-VSW-DOCK_HTVS_1-003_lib.mae,confirmed
ATP-HTVS-5850FC4068A9,89729,运行/运行/ATP-VSW/ATP-VSW-DOCK_HTVS_1-001_lib/ATP-VSW-DOCK_HTVS_1-001_lib,confirmed
ATP-HTVS-586B19FEBC2D,72769,运行/运行/ATP-VSW/ATP-VSW-DOCK_HTVS_1-001_lib/ATP-VSW-DOCK_HTVS_1-001_lib,confirmed
ATP-HTVS-5890B3ABBA42,51713,运行/运行/ATP-VSW/ATP-VSW-DOCK_HTVS_1-001_lib/ATP-VSW-DOCK_HTVS_1-001_lib,confirmed
ATP-HTVS-58BA49956E55,50050,运行/运行/ATP-VSW/ATP-VSW-DOCK_HTVS_1-002_lib.maegz,confirmed
ATP-HTVS-590B92626142,45217,运行/运行/ATP-VSW/ATP-VSW-DOCK_HTVS_1-001_lib/ATP-VSW-DOCK_HTVS_1-001_lib,confirmed
ATP-HTVS-593FD885E4E3,89665,运行/运行/ATP-VSW/ATP-VSW-DOCK_HTVS_1-001_lib/ATP-VSW-DOCK_HTVS_1-001_lib,confirmed
ATP-HTVS-595807F16B2C,73795,运行/运行/ATP-VSW/ATP-VSW-DOCK_HTVS_1-003_lib/ATP-VSW-DOCK_HTVS_1-003_lib.mae,confirmed
ATP-HTVS-5993E100A2C1,94626,运行/运行/ATP-VSW/ATP-VSW-DOCK_HTVS_1-003_lib/ATP-VSW-DOCK_HTVS_1-003_lib.mae,confirmed
ATP-HTVS-59B1C5906543,73635,运行/运行/ATP-VSW/ATP-VSW-DOCK_HTVS_1-003_lib/ATP-VSW-DOCK_HTVS_1-003_lib.mae,confirmed
ATP-HTVS-59B957CB7E9F,77507,运行/运行/ATP-VSW/ATP-VSW-DOCK_HTVS_1-003_lib/ATP-VSW-DOCK_HTVS_1-003_lib.mae,confirmed
ATP-HTVS-59E59E09D09E,55489,运行/运行/ATP-VSW/ATP-VSW-DOCK_HTVS_1-001_lib/ATP-VSW-DOCK_HTVS_1-001_lib,confirmed
ATP-HTVS-5A1C186863E4,25313,运行/运行/ATP-VSW/ATP-VSW-DOCK_HTVS_1-001_lib/ATP-VSW-DOCK_HTVS_1-001_lib,confirmed
ATP-HTVS-5A2EB4E9D835,63779,运行/运行/ATP-VSW/ATP-VSW-DOCK_HTVS_1-003_lib/ATP-VSW-DOCK_HTVS_1-003_lib.mae,confirmed
ATP-HTVS-5A38D2E65B38,77890,运行/运行/ATP-VSW/ATP-VSW-DOCK_HTVS_1-002_lib.maegz,confirmed
ATP-HTVS-5A3D1DB8098B,55105,运行/运行/ATP-VSW/ATP-VSW-DOCK_HTVS_1-001_lib/ATP-VSW-DOCK_HTVS_1-001_lib,confirmed
ATP-HTVS-5A74948D5858,90114,运行/运行/ATP-VSW/ATP-VSW-DOCK_HTVS_1-002_lib.maegz,confirmed
ATP-HTVS-5AAA6558FE6F,81315,运行/运行/ATP-VSW/ATP-VSW-DOCK_HTVS_1-003_lib/ATP-VSW-DOCK_HTVS_1-003_lib.mae,confirmed
ATP-HTVS-5AC0D5CB90EF,60835,运行/运行/ATP-VSW/ATP-VSW-DOCK_HTVS_1-003_lib/ATP-VSW-DOCK_HTVS_1-003_lib.mae,confirmed
ATP-HTVS-5B1B34F83C18,97985,运行/运行/ATP-VSW/ATP-VSW-DOCK_HTVS_1-002_lib.maegz,confirmed
ATP-HTVS-5B32A3AFA3A9,56418,运行/运行/ATP-VSW/ATP-VSW-DOCK_HTVS_1-002_lib.maegz,confirmed
ATP-HTVS-5B9C564ED935,40865,运行/运行/ATP-VSW/ATP-VSW-DOCK_HTVS_1-001_lib/ATP-VSW-DOCK_HTVS_1-001_lib,confirmed
ATP-HTVS-5BC6D09DB3F1,87234,运行/运行/ATP-VSW/ATP-VSW-DOCK_HTVS_1-002_lib.maegz,confirmed
ATP-HTVS-5BCFBB048AA1,79809,运行/运行/ATP-VSW/ATP-VSW-DOCK_HTVS_1-001_lib/ATP-VSW-DOCK_HTVS_1-001_lib,confirmed
ATP-HTVS-5BE3914F361A,91171,运行/运行/ATP-VSW/ATP-VSW-DOCK_HTVS_1-003_lib/ATP-VSW-DOCK_HTVS_1-003_lib.mae,confirmed
ATP-HTVS-5BF5224E50DC,52739,运行/运行/ATP-VSW/ATP-VSW-DOCK_HTVS_1-003_lib/ATP-VSW-DOCK_HTVS_1-003_lib.mae,confirmed
ATP-HTVS-5BFD90183104,77187,运行/运行/ATP-VSW/ATP-VSW-DOCK_HTVS_1-003_lib/ATP-VSW-DOCK_HTVS_1-003_lib.mae,confirmed
ATP-HTVS-5C08F16C0BFC,24993,运行/运行/ATP-VSW/ATP-VSW-DOCK_HTVS_1-001_lib/ATP-VSW-DOCK_HTVS_1-001_lib,confirmed
ATP-HTVS-5C1A90E0608A,85537,运行/运行/ATP-VSW/ATP-VSW-DOCK_HTVS_1-001_lib/ATP-VSW-DOCK_HTVS_1-001_lib,confirmed
ATP-HTVS-5C2621A0B526,36290,运行/运行/ATP-VSW/ATP-VSW-DOCK_HTVS_1-002_lib.maegz,confirmed
ATP-HTVS-5C29B6179A0F,95362,运行/运行/ATP-VSW/ATP-VSW-DOCK_HTVS_1-003_lib/ATP-VSW-DOCK_HTVS_1-003_lib.mae,confirmed
ATP-HTVS-5CE7EF7F1B66,84354,运行/运行/ATP-VSW/ATP-VSW-DOCK_HTVS_1-002_lib.maegz,confirmed
ATP-HTVS-5CEF79319D6B,72323,运行/运行/ATP-VSW/ATP-VSW-DOCK_HTVS_1-003_lib/ATP-VSW-DOCK_HTVS_1-003_lib.mae,confirmed
ATP-HTVS-5CF527C7FD25,87938,运行/运行/ATP-VSW/ATP-VSW-DOCK_HTVS_1-002_lib.maegz,confirmed
ATP-HTVS-5CFA0109773F,85506,运行/运行/ATP-VSW/ATP-VSW-DOCK_HTVS_1-002_lib.maegz,confirmed
ATP-HTVS-5D344E99E653,87266,运行/运行/ATP-VSW/ATP-VSW-DOCK_HTVS_1-002_lib.maegz,confirmed
ATP-HTVS-5D5940BED632,70627,运行/运行/ATP-VSW/ATP-VSW-DOCK_HTVS_1-003_lib/ATP-VSW-DOCK_HTVS_1-003_lib.mae,confirmed
ATP-HTVS-5D5A320A0101,84833,运行/运行/ATP-VSW/ATP-VSW-DOCK_HTVS_1-001_lib/ATP-VSW-DOCK_HTVS_1-001_lib,confirmed
ATP-HTVS-5D7D5B0AFE50,31266,运行/运行/ATP-VSW/ATP-VSW-DOCK_HTVS_1-002_lib.maegz,confirmed
ATP-HTVS-5DA5A3EB6624,30594,运行/运行/ATP-VSW/ATP-VSW-DOCK_HTVS_1-002_lib.maegz,confirmed
ATP-HTVS-5DB20AD11BEB,83713,运行/运行/ATP-VSW/ATP-VSW-DOCK_HTVS_1-001_lib/ATP-VSW-DOCK_HTVS_1-001_lib,confirmed
ATP-HTVS-5E187255B48D,81057,运行/运行/ATP-VSW/ATP-VSW-DOCK_HTVS_1-001_lib/ATP-VSW-DOCK_HTVS_1-001_lib,confirmed
ATP-HTVS-5E1B9EFD9407,87298,运行/运行/ATP-VSW/ATP-VSW-DOCK_HTVS_1-002_lib.maegz,confirmed
ATP-HTVS-5E389E326DA0,50337,运行/运行/ATP-VSW/ATP-VSW-DOCK_HTVS_1-001_lib/ATP-VSW-DOCK_HTVS_1-001_lib,confirmed
ATP-HTVS-5E561F95C670,44705,运行/运行/ATP-VSW/ATP-VSW-DOCK_HTVS_1-001_lib/ATP-VSW-DOCK_HTVS_1-001_lib,confirmed
ATP-HTVS-5E6DF5CA027C,40866,运行/运行/ATP-VSW/ATP-VSW-DOCK_HTVS_1-002_lib.maegz,confirmed
ATP-HTVS-5EB936FA5BDD,88803,运行/运行/ATP-VSW/ATP-VSW-DOCK_HTVS_1-003_lib/ATP-VSW-DOCK_HTVS_1-003_lib.mae,confirmed
ATP-HTVS-5EF6359E179A,71329,运行/运行/ATP-VSW/ATP-VSW-DOCK_HTVS_1-001_lib/ATP-VSW-DOCK_HTVS_1-001_lib,confirmed
ATP-HTVS-5F569EDABC80,82754,运行/运行/ATP-VSW/ATP-VSW-DOCK_HTVS_1-002_lib.maegz,confirmed
ATP-HTVS-5FA879ADA4FF,77314,运行/运行/ATP-VSW/ATP-VSW-DOCK_HTVS_1-002_lib.maegz,confirmed
ATP-HTVS-6012FFC9E47E,77729,运行/运行/ATP-VSW/ATP-VSW-DOCK_HTVS_1-001_lib/ATP-VSW-DOCK_HTVS_1-001_lib,confirmed
ATP-HTVS-601F520459A4,94209,运行/运行/ATP-VSW/ATP-VSW-DOCK_HTVS_1-001_lib/ATP-VSW-DOCK_HTVS_1-001_lib,confirmed
ATP-HTVS-602F8E6702A7,98337,运行/运行/ATP-VSW/ATP-VSW-DOCK_HTVS_1-002_lib.maegz,confirmed
ATP-HTVS-60B21D6CE655,20227,运行/运行/ATP-VSW/ATP-VSW-DOCK_HTVS_1-003_lib/ATP-VSW-DOCK_HTVS_1-003_lib.mae,confirmed
ATP-HTVS-60B70570E761,62883,运行/运行/ATP-VSW/ATP-VSW-DOCK_HTVS_1-003_lib/ATP-VSW-DOCK_HTVS_1-003_lib.mae,confirmed
ATP-HTVS-60C7695B6F0C,73410,运行/运行/ATP-VSW/ATP-VSW-DOCK_HTVS_1-002_lib.maegz,confirmed
ATP-HTVS-60D4F7FF4B6B,48865,运行/运行/ATP-VSW/ATP-VSW-DOCK_HTVS_1-001_lib/ATP-VSW-DOCK_HTVS_1-001_lib,confirmed
ATP-HTVS-60F8B74A0D7C,66018,运行/运行/ATP-VSW/ATP-VSW-DOCK_HTVS_1-002_lib.maegz,confirmed
ATP-HTVS-6168063B3267,35105,运行/运行/ATP-VSW/ATP-VSW-DOCK_HTVS_1-001_lib/ATP-VSW-DOCK_HTVS_1-001_lib,confirmed
ATP-HTVS-61A3D13E339F,4770,运行/运行/ATP-VSW/ATP-VSW-DOCK_HTVS_1-002_lib.maegz,confirmed
ATP-HTVS-62207831F6CB,69763,运行/运行/ATP-VSW/ATP-VSW-DOCK_HTVS_1-003_lib/ATP-VSW-DOCK_HTVS_1-003_lib.mae,confirmed
ATP-HTVS-6227313DC6E5,72418,运行/运行/ATP-VSW/ATP-VSW-DOCK_HTVS_1-002_lib.maegz,confirmed
ATP-HTVS-6286382C1C45,71299,运行/运行/ATP-VSW/ATP-VSW-DOCK_HTVS_1-003_lib/ATP-VSW-DOCK_HTVS_1-003_lib.mae,confirmed
ATP-HTVS-62D29CE4051A,17858,运行/运行/ATP-VSW/ATP-VSW-DOCK_HTVS_1-002_lib.maegz,confirmed
ATP-HTVS-631C0C315D5A,76739,运行/运行/ATP-VSW/ATP-VSW-DOCK_HTVS_1-003_lib/ATP-VSW-DOCK_HTVS_1-003_lib.mae,confirmed
ATP-HTVS-638532F00CCB,72737,运行/运行/ATP-VSW/ATP-VSW-DOCK_HTVS_1-001_lib/ATP-VSW-DOCK_HTVS_1-001_lib,confirmed
ATP-HTVS-63A2B85F1850,85570,运行/运行/ATP-VSW/ATP-VSW-DOCK_HTVS_1-002_lib.maegz,confirmed
ATP-HTVS-63DD1309BB6A,79362,运行/运行/ATP-VSW/ATP-VSW-DOCK_HTVS_1-002_lib.maegz,confirmed
ATP-HTVS-63DFF8A88018,1537,运行/运行/ATP-VSW/ATP-VSW-DOCK_HTVS_1-001_lib/ATP-VSW-DOCK_HTVS_1-001_lib,confirmed
ATP-HTVS-63E5F33A32FB,23458,运行/运行/ATP-VSW/ATP-VSW-DOCK_HTVS_1-002_lib.maegz,confirmed
ATP-HTVS-64561A556005,76449,运行/运行/ATP-VSW/ATP-VSW-DOCK_HTVS_1-001_lib/ATP-VSW-DOCK_HTVS_1-001_lib,confirmed
ATP-HTVS-6480B695D089,74689,运行/运行/ATP-VSW/ATP-VSW-DOCK_HTVS_1-001_lib/ATP-VSW-DOCK_HTVS_1-001_lib,confirmed
ATP-HTVS-64A2B9E187D2,31651,运行/运行/ATP-VSW/ATP-VSW-DOCK_HTVS_1-003_lib/ATP-VSW-DOCK_HTVS_1-003_lib.mae,confirmed
ATP-HTVS-64F4A1A461ED,76035,运行/运行/ATP-VSW/ATP-VSW-DOCK_HTVS_1-003_lib/ATP-VSW-DOCK_HTVS_1-003_lib.mae,confirmed
ATP-HTVS-651F2B2980F4,15906,运行/运行/ATP-VSW/ATP-VSW-DOCK_HTVS_1-002_lib.maegz,confirmed
ATP-HTVS-65263582E7F4,36450,运行/运行/ATP-VSW/ATP-VSW-DOCK_HTVS_1-002_lib.maegz,confirmed
ATP-HTVS-654FE4E3AAA7,28929,运行/运行/ATP-VSW/ATP-VSW-DOCK_HTVS_1-001_lib/ATP-VSW-DOCK_HTVS_1-001_lib,confirmed
ATP-HTVS-655331016ABF,30146,运行/运行/ATP-VSW/ATP-VSW-DOCK_HTVS_1-002_lib.maegz,confirmed
ATP-HTVS-656A250247D8,81986,运行/运行/ATP-VSW/ATP-VSW-DOCK_HTVS_1-002_lib.maegz,confirmed
ATP-HTVS-657E323E2351,76481,运行/运行/ATP-VSW/ATP-VSW-DOCK_HTVS_1-001_lib/ATP-VSW-DOCK_HTVS_1-001_lib,confirmed
ATP-HTVS-65B75474615F,40449,运行/运行/ATP-VSW/ATP-VSW-DOCK_HTVS_1-001_lib/ATP-VSW-DOCK_HTVS_1-001_lib,confirmed
ATP-HTVS-65F1321BFD60,23330,运行/运行/ATP-VSW/ATP-VSW-DOCK_HTVS_1-002_lib.maegz,confirmed
ATP-HTVS-65F4836C7042,84577,运行/运行/ATP-VSW/ATP-VSW-DOCK_HTVS_1-001_lib/ATP-VSW-DOCK_HTVS_1-001_lib,confirmed
ATP-HTVS-6612EA4E183C,54530,运行/运行/ATP-VSW/ATP-VSW-DOCK_HTVS_1-002_lib.maegz,confirmed
ATP-HTVS-665A86DAD15F,78754,运行/运行/ATP-VSW/ATP-VSW-DOCK_HTVS_1-002_lib.maegz,confirmed
ATP-HTVS-66618B00A972,44098,运行/运行/ATP-VSW/ATP-VSW-DOCK_HTVS_1-002_lib.maegz,confirmed
ATP-HTVS-667EB58ED22D,21090,运行/运行/ATP-VSW/ATP-VSW-DOCK_HTVS_1-002_lib.maegz,confirmed
ATP-HTVS-669A511FBD29,90914,运行/运行/ATP-VSW/ATP-VSW-DOCK_HTVS_1-002_lib.maegz,confirmed
ATP-HTVS-66A9CC424D71,24770,运行/运行/ATP-VSW/ATP-VSW-DOCK_HTVS_1-002_lib.maegz,confirmed
ATP-HTVS-66BD7620CABA,87457,运行/运行/ATP-VSW/ATP-VSW-DOCK_HTVS_1-001_lib/ATP-VSW-DOCK_HTVS_1-001_lib,confirmed
ATP-HTVS-66EE35E24140,84065,运行/运行/ATP-VSW/ATP-VSW-DOCK_HTVS_1-001_lib/ATP-VSW-DOCK_HTVS_1-001_lib,confirmed
ATP-HTVS-66FFB530802B,85635,运行/运行/ATP-VSW/ATP-VSW-DOCK_HTVS_1-003_lib/ATP-VSW-DOCK_HTVS_1-003_lib.mae,confirmed
ATP-HTVS-67024B617AFA,96930,运行/运行/ATP-VSW/ATP-VSW-DOCK_HTVS_1-003_lib/ATP-VSW-DOCK_HTVS_1-003_lib.mae,confirmed
ATP-HTVS-673A54B483CC,85827,运行/运行/ATP-VSW/ATP-VSW-DOCK_HTVS_1-003_lib/ATP-VSW-DOCK_HTVS_1-003_lib.mae,confirmed
ATP-HTVS-675C8FFFA49B,85475,运行/运行/ATP-VSW/ATP-VSW-DOCK_HTVS_1-003_lib/ATP-VSW-DOCK_HTVS_1-003_lib.mae,confirmed
ATP-HTVS-675D7E7E37EF,84769,运行/运行/ATP-VSW/ATP-VSW-DOCK_HTVS_1-001_lib/ATP-VSW-DOCK_HTVS_1-001_lib,confirmed
ATP-HTVS-676B1F951E41,75489,运行/运行/ATP-VSW/ATP-VSW-DOCK_HTVS_1-001_lib/ATP-VSW-DOCK_HTVS_1-001_lib,confirmed
ATP-HTVS-6778D00A26F1,88097,运行/运行/ATP-VSW/ATP-VSW-DOCK_HTVS_1-001_lib/ATP-VSW-DOCK_HTVS_1-001_lib,confirmed
ATP-HTVS-677D6479829E,40802,运行/运行/ATP-VSW/ATP-VSW-DOCK_HTVS_1-002_lib.maegz,confirmed
ATP-HTVS-67830652660F,76674,运行/运行/ATP-VSW/ATP-VSW-DOCK_HTVS_1-002_lib.maegz,confirmed
ATP-HTVS-67B30DFDD52C,28355,运行/运行/ATP-VSW/ATP-VSW-DOCK_HTVS_1-003_lib/ATP-VSW-DOCK_HTVS_1-003_lib.mae,confirmed
ATP-HTVS-67E3C63FBC34,48897,运行/运行/ATP-VSW/ATP-VSW-DOCK_HTVS_1-001_lib/ATP-VSW-DOCK_HTVS_1-001_lib,confirmed
ATP-HTVS-67F14CF2E487,89249,运行/运行/ATP-VSW/ATP-VSW-DOCK_HTVS_1-001_lib/ATP-VSW-DOCK_HTVS_1-001_lib,confirmed
ATP-HTVS-6804FBE9529D,53249,运行/运行/ATP-VSW/ATP-VSW-DOCK_HTVS_1-001_lib/ATP-VSW-DOCK_HTVS_1-001_lib,confirmed
ATP-HTVS-681E21A5C336,90402,运行/运行/ATP-VSW/ATP-VSW-DOCK_HTVS_1-002_lib.maegz,confirmed
ATP-HTVS-684B476D1E6A,72322,运行/运行/ATP-VSW/ATP-VSW-DOCK_HTVS_1-002_lib.maegz,confirmed
ATP-HTVS-68829DCC26F9,24002,运行/运行/ATP-VSW/ATP-VSW-DOCK_HTVS_1-002_lib.maegz,confirmed
ATP-HTVS-68B1DBF07479,3426,运行/运行/ATP-VSW/ATP-VSW-DOCK_HTVS_1-002_lib.maegz,confirmed
ATP-HTVS-69239F8CDE40,84739,运行/运行/ATP-VSW/ATP-VSW-DOCK_HTVS_1-003_lib/ATP-VSW-DOCK_HTVS_1-003_lib.mae,confirmed
ATP-HTVS-694143BD68F7,98210,运行/运行/ATP-VSW/ATP-VSW-DOCK_HTVS_1-003_lib/ATP-VSW-DOCK_HTVS_1-003_lib.mae,confirmed
ATP-HTVS-697A85B30C1D,5217,运行/运行/ATP-VSW/ATP-VSW-DOCK_HTVS_1-001_lib/ATP-VSW-DOCK_HTVS_1-001_lib,confirmed
ATP-HTVS-69A2FC5C8ACC,16515,运行/运行/ATP-VSW/ATP-VSW-DOCK_HTVS_1-003_lib/ATP-VSW-DOCK_HTVS_1-003_lib.mae,confirmed
ATP-HTVS-69AD6B8D3733,52643,运行/运行/ATP-VSW/ATP-VSW-DOCK_HTVS_1-003_lib/ATP-VSW-DOCK_HTVS_1-003_lib.mae,confirmed
ATP-HTVS-69DE697C6F69,70082,运行/运行/ATP-VSW/ATP-VSW-DOCK_HTVS_1-002_lib.maegz,confirmed
ATP-HTVS-6A46373CBB09,79298,运行/运行/ATP-VSW/ATP-VSW-DOCK_HTVS_1-002_lib.maegz,confirmed
ATP-HTVS-6A615EE15C98,5634,运行/运行/ATP-VSW/ATP-VSW-DOCK_HTVS_1-002_lib.maegz,confirmed
ATP-HTVS-6A632AA0CEB9,45283,运行/运行/ATP-VSW/ATP-VSW-DOCK_HTVS_1-003_lib/ATP-VSW-DOCK_HTVS_1-003_lib.mae,confirmed
ATP-HTVS-6A75058F52BE,28289,运行/运行/ATP-VSW/ATP-VSW-DOCK_HTVS_1-001_lib/ATP-VSW-DOCK_HTVS_1-001_lib,confirmed
ATP-HTVS-6A7606C4C92F,92290,运行/运行/ATP-VSW/ATP-VSW-DOCK_HTVS_1-002_lib.maegz,confirmed
ATP-HTVS-6A9F3E67E2B3,32321,运行/运行/ATP-VSW/ATP-VSW-DOCK_HTVS_1-001_lib/ATP-VSW-DOCK_HTVS_1-001_lib,confirmed
ATP-HTVS-6AEF3DDEB613,24577,运行/运行/ATP-VSW/ATP-VSW-DOCK_HTVS_1-001_lib/ATP-VSW-DOCK_HTVS_1-001_lib,confirmed
ATP-HTVS-6B0687E57A6A,39265,运行/运行/ATP-VSW/ATP-VSW-DOCK_HTVS_1-001_lib/ATP-VSW-DOCK_HTVS_1-001_lib,confirmed
ATP-HTVS-6B1624881868,95842,运行/运行/ATP-VSW/ATP-VSW-DOCK_HTVS_1-003_lib/ATP-VSW-DOCK_HTVS_1-003_lib.mae,confirmed
ATP-HTVS-6B545AE439E8,71073,运行/运行/ATP-VSW/ATP-VSW-DOCK_HTVS_1-001_lib/ATP-VSW-DOCK_HTVS_1-001_lib,confirmed
ATP-HTVS-6B6B8E0C727E,97122,运行/运行/ATP-VSW/ATP-VSW-DOCK_HTVS_1-003_lib/ATP-VSW-DOCK_HTVS_1-003_lib.mae,confirmed
ATP-HTVS-6B709F2DA304,63171,运行/运行/ATP-VSW/ATP-VSW-DOCK_HTVS_1-003_lib/ATP-VSW-DOCK_HTVS_1-003_lib.mae,confirmed
ATP-HTVS-6BE395388015,5218,运行/运行/ATP-VSW/ATP-VSW-DOCK_HTVS_1-002_lib.maegz,confirmed
ATP-HTVS-6BFC96102A75,91009,运行/运行/ATP-VSW/ATP-VSW-DOCK_HTVS_1-001_lib/ATP-VSW-DOCK_HTVS_1-001_lib,confirmed
ATP-HTVS-6C10A5B04019,55619,运行/运行/ATP-VSW/ATP-VSW-DOCK_HTVS_1-003_lib/ATP-VSW-DOCK_HTVS_1-003_lib.mae,confirmed
ATP-HTVS-6C50DB0A272F,98305,运行/运行/ATP-VSW/ATP-VSW-DOCK_HTVS_1-002_lib.maegz,confirmed
ATP-HTVS-6C7D9744EE21,70402,运行/运行/ATP-VSW/ATP-VSW-DOCK_HTVS_1-002_lib.maegz,confirmed
ATP-HTVS-6C953A1E72F9,84770,运行/运行/ATP-VSW/ATP-VSW-DOCK_HTVS_1-002_lib.maegz,confirmed
ATP-HTVS-6C98FCD8FCFE,96322,运行/运行/ATP-VSW/ATP-VSW-DOCK_HTVS_1-003_lib/ATP-VSW-DOCK_HTVS_1-003_lib.mae,confirmed
ATP-HTVS-6CCE19BA0E53,41123,运行/运行/ATP-VSW/ATP-VSW-DOCK_HTVS_1-003_lib/ATP-VSW-DOCK_HTVS_1-003_lib.mae,confirmed
ATP-HTVS-6D0E62C9397C,87907,运行/运行/ATP-VSW/ATP-VSW-DOCK_HTVS_1-003_lib/ATP-VSW-DOCK_HTVS_1-003_lib.mae,confirmed
ATP-HTVS-6D22B46DE244,25601,运行/运行/ATP-VSW/ATP-VSW-DOCK_HTVS_1-001_lib/ATP-VSW-DOCK_HTVS_1-001_lib,confirmed
ATP-HTVS-6D2ED4476584,96450,运行/运行/ATP-VSW/ATP-VSW-DOCK_HTVS_1-003_lib/ATP-VSW-DOCK_HTVS_1-003_lib.mae,confirmed
ATP-HTVS-6D4BCDFA1C91,75521,运行/运行/ATP-VSW/ATP-VSW-DOCK_HTVS_1-001_lib/ATP-VSW-DOCK_HTVS_1-001_lib,confirmed
ATP-HTVS-6D7E0E0D5192,75362,运行/运行/ATP-VSW/ATP-VSW-DOCK_HTVS_1-002_lib.maegz,confirmed
ATP-HTVS-6E0FE1B5DEAA,65857,运行/运行/ATP-VSW/ATP-VSW-DOCK_HTVS_1-001_lib/ATP-VSW-DOCK_HTVS_1-001_lib,confirmed
ATP-HTVS-6E162A247368,73633,运行/运行/ATP-VSW/ATP-VSW-DOCK_HTVS_1-001_lib/ATP-VSW-DOCK_HTVS_1-001_lib,confirmed
ATP-HTVS-6E22C1143CC0,63683,运行/运行/ATP-VSW/ATP-VSW-DOCK_HTVS_1-003_lib/ATP-VSW-DOCK_HTVS_1-003_lib.mae,confirmed
ATP-HTVS-6E53E23A0DE7,86883,运行/运行/ATP-VSW/ATP-VSW-DOCK_HTVS_1-003_lib/ATP-VSW-DOCK_HTVS_1-003_lib.mae,confirmed
ATP-HTVS-6E858FDBC7BE,81090,运行/运行/ATP-VSW/ATP-VSW-DOCK_HTVS_1-002_lib.maegz,confirmed
ATP-HTVS-6E87A6CCCD27,96001,运行/运行/ATP-VSW/ATP-VSW-DOCK_HTVS_1-001_lib/ATP-VSW-DOCK_HTVS_1-001_lib,confirmed
ATP-HTVS-6EB205788321,70434,运行/运行/ATP-VSW/ATP-VSW-DOCK_HTVS_1-002_lib.maegz,confirmed
ATP-HTVS-6EF9F712D3BB,38274,运行/运行/ATP-VSW/ATP-VSW-DOCK_HTVS_1-002_lib.maegz,confirmed
ATP-HTVS-6F05C87B1F67,70785,运行/运行/ATP-VSW/ATP-VSW-DOCK_HTVS_1-001_lib/ATP-VSW-DOCK_HTVS_1-001_lib,confirmed
ATP-HTVS-6F07AE7177E0,48289,运行/运行/ATP-VSW/ATP-VSW-DOCK_HTVS_1-001_lib/ATP-VSW-DOCK_HTVS_1-001_lib,confirmed
ATP-HTVS-6F1494FEFC60,84675,运行/运行/ATP-VSW/ATP-VSW-DOCK_HTVS_1-003_lib/ATP-VSW-DOCK_HTVS_1-003_lib.mae,confirmed
ATP-HTVS-6F734E803CC4,90177,运行/运行/ATP-VSW/ATP-VSW-DOCK_HTVS_1-001_lib/ATP-VSW-DOCK_HTVS_1-001_lib,confirmed
ATP-HTVS-6F858A0E8812,50979,运行/运行/ATP-VSW/ATP-VSW-DOCK_HTVS_1-003_lib/ATP-VSW-DOCK_HTVS_1-003_lib.mae,confirmed
ATP-HTVS-6FE04A77CC41,71777,运行/运行/ATP-VSW/ATP-VSW-DOCK_HTVS_1-001_lib/ATP-VSW-DOCK_HTVS_1-001_lib,confirmed
ATP-HTVS-702B49CD2E82,75043,运行/运行/ATP-VSW/ATP-VSW-DOCK_HTVS_1-003_lib/ATP-VSW-DOCK_HTVS_1-003_lib.mae,confirmed
ATP-HTVS-7075BC6FC110,40003,运行/运行/ATP-VSW/ATP-VSW-DOCK_HTVS_1-003_lib/ATP-VSW-DOCK_HTVS_1-003_lib.mae,confirmed
ATP-HTVS-708569B81B35,91521,运行/运行/ATP-VSW/ATP-VSW-DOCK_HTVS_1-001_lib/ATP-VSW-DOCK_HTVS_1-001_lib,confirmed
ATP-HTVS-70C7181F988B,22946,运行/运行/ATP-VSW/ATP-VSW-DOCK_HTVS_1-002_lib.maegz,confirmed
ATP-HTVS-70E37A6C21BA,87747,运行/运行/ATP-VSW/ATP-VSW-DOCK_HTVS_1-003_lib/ATP-VSW-DOCK_HTVS_1-003_lib.mae,confirmed
ATP-HTVS-7191B1059E2A,91041,运行/运行/ATP-VSW/ATP-VSW-DOCK_HTVS_1-001_lib/ATP-VSW-DOCK_HTVS_1-001_lib,confirmed
ATP-HTVS-71BAC3B18036,84419,运行/运行/ATP-VSW/ATP-VSW-DOCK_HTVS_1-003_lib/ATP-VSW-DOCK_HTVS_1-003_lib.mae,confirmed
ATP-HTVS-71BF5DD28E53,57729,运行/运行/ATP-VSW/ATP-VSW-DOCK_HTVS_1-001_lib/ATP-VSW-DOCK_HTVS_1-001_lib,confirmed
ATP-HTVS-71D6C35FE659,77570,运行/运行/ATP-VSW/ATP-VSW-DOCK_HTVS_1-002_lib.maegz,confirmed
ATP-HTVS-7201DD4C282A,6657,运行/运行/ATP-VSW/ATP-VSW-DOCK_HTVS_1-001_lib/ATP-VSW-DOCK_HTVS_1-001_lib,confirmed
ATP-HTVS-72573E055255,65475,运行/运行/ATP-VSW/ATP-VSW-DOCK_HTVS_1-003_lib/ATP-VSW-DOCK_HTVS_1-003_lib.mae,confirmed
ATP-HTVS-72B2F4D4EA61,85379,运行/运行/ATP-VSW/ATP-VSW-DOCK_HTVS_1-003_lib/ATP-VSW-DOCK_HTVS_1-003_lib.mae,confirmed
ATP-HTVS-72BD9FFCF62D,59458,运行/运行/ATP-VSW/ATP-VSW-DOCK_HTVS_1-002_lib.maegz,confirmed
ATP-HTVS-72D66A1ED57F,85633,运行/运行/ATP-VSW/ATP-VSW-DOCK_HTVS_1-001_lib/ATP-VSW-DOCK_HTVS_1-001_lib,confirmed
ATP-HTVS-72E6B3102DA2,29953,运行/运行/ATP-VSW/ATP-VSW-DOCK_HTVS_1-001_lib/ATP-VSW-DOCK_HTVS_1-001_lib,confirmed
ATP-HTVS-7317133B38FB,3522,运行/运行/ATP-VSW/ATP-VSW-DOCK_HTVS_1-002_lib.maegz,confirmed
ATP-HTVS-73425E104865,17794,运行/运行/ATP-VSW/ATP-VSW-DOCK_HTVS_1-002_lib.maegz,confirmed
ATP-HTVS-736CCC940701,87841,运行/运行/ATP-VSW/ATP-VSW-DOCK_HTVS_1-001_lib/ATP-VSW-DOCK_HTVS_1-001_lib,confirmed
ATP-HTVS-738A9E09AC53,76002,运行/运行/ATP-VSW/ATP-VSW-DOCK_HTVS_1-002_lib.maegz,confirmed
ATP-HTVS-7398D4493E72,77633,运行/运行/ATP-VSW/ATP-VSW-DOCK_HTVS_1-001_lib/ATP-VSW-DOCK_HTVS_1-001_lib,confirmed
ATP-HTVS-73D804AB38E4,60195,运行/运行/ATP-VSW/ATP-VSW-DOCK_HTVS_1-003_lib/ATP-VSW-DOCK_HTVS_1-003_lib.mae,confirmed
ATP-HTVS-7418424385E1,74179,运行/运行/ATP-VSW/ATP-VSW-DOCK_HTVS_1-003_lib/ATP-VSW-DOCK_HTVS_1-003_lib.mae,confirmed
ATP-HTVS-74641C70E223,90850,运行/运行/ATP-VSW/ATP-VSW-DOCK_HTVS_1-002_lib.maegz,confirmed
ATP-HTVS-74C5B06FA80B,35331,运行/运行/ATP-VSW/ATP-VSW-DOCK_HTVS_1-003_lib/ATP-VSW-DOCK_HTVS_1-003_lib.mae,confirmed
ATP-HTVS-74E2CC654FC3,78466,运行/运行/ATP-VSW/ATP-VSW-DOCK_HTVS_1-002_lib.maegz,confirmed
ATP-HTVS-750E4CFCB0FA,69826,运行/运行/ATP-VSW/ATP-VSW-DOCK_HTVS_1-002_lib.maegz,confirmed
ATP-HTVS-7598FFEE7603,72739,运行/运行/ATP-VSW/ATP-VSW-DOCK_HTVS_1-003_lib/ATP-VSW-DOCK_HTVS_1-003_lib.mae,confirmed
ATP-HTVS-75A4DAB7424E,78401,运行/运行/ATP-VSW/ATP-VSW-DOCK_HTVS_1-001_lib/ATP-VSW-DOCK_HTVS_1-001_lib,confirmed
ATP-HTVS-75AC094BF9E0,89827,运行/运行/ATP-VSW/ATP-VSW-DOCK_HTVS_1-003_lib/ATP-VSW-DOCK_HTVS_1-003_lib.mae,confirmed
ATP-HTVS-75B300C751D2,33282,运行/运行/ATP-VSW/ATP-VSW-DOCK_HTVS_1-002_lib.maegz,confirmed
ATP-HTVS-75F52EFCCD23,94273,运行/运行/ATP-VSW/ATP-VSW-DOCK_HTVS_1-001_lib/ATP-VSW-DOCK_HTVS_1-001_lib,confirmed
ATP-HTVS-76416D54A342,23331,运行/运行/ATP-VSW/ATP-VSW-DOCK_HTVS_1-003_lib/ATP-VSW-DOCK_HTVS_1-003_lib.mae,confirmed
ATP-HTVS-767E37D8A78C,74498,运行/运行/ATP-VSW/ATP-VSW-DOCK_HTVS_1-002_lib.maegz,confirmed
ATP-HTVS-7694DCD97798,36195,运行/运行/ATP-VSW/ATP-VSW-DOCK_HTVS_1-003_lib/ATP-VSW-DOCK_HTVS_1-003_lib.mae,confirmed
ATP-HTVS-76CE1997AF40,20163,运行/运行/ATP-VSW/ATP-VSW-DOCK_HTVS_1-003_lib/ATP-VSW-DOCK_HTVS_1-003_lib.mae,confirmed
ATP-HTVS-76EB0BEAC1B9,37825,运行/运行/ATP-VSW/ATP-VSW-DOCK_HTVS_1-001_lib/ATP-VSW-DOCK_HTVS_1-001_lib,confirmed
ATP-HTVS-772EF906400E,20706,运行/运行/ATP-VSW/ATP-VSW-DOCK_HTVS_1-002_lib.maegz,confirmed
ATP-HTVS-773D20A649CC,79681,运行/运行/ATP-VSW/ATP-VSW-DOCK_HTVS_1-001_lib/ATP-VSW-DOCK_HTVS_1-001_lib,confirmed
ATP-HTVS-7743C5ABCFDD,93987,运行/运行/ATP-VSW/ATP-VSW-DOCK_HTVS_1-003_lib/ATP-VSW-DOCK_HTVS_1-003_lib.mae,confirmed
ATP-HTVS-7752C713B971,90178,运行/运行/ATP-VSW/ATP-VSW-DOCK_HTVS_1-002_lib.maegz,confirmed
ATP-HTVS-776FBC5F0312,98786,运行/运行/ATP-VSW/ATP-VSW-DOCK_HTVS_1-003_lib/ATP-VSW-DOCK_HTVS_1-003_lib.mae,confirmed
ATP-HTVS-77ED8C900CC0,79747,运行/运行/ATP-VSW/ATP-VSW-DOCK_HTVS_1-003_lib/ATP-VSW-DOCK_HTVS_1-003_lib.mae,confirmed
ATP-HTVS-77F3EA8C01D2,80162,运行/运行/ATP-VSW/ATP-VSW-DOCK_HTVS_1-002_lib.maegz,confirmed
ATP-HTVS-780990BE0E68,83747,运行/运行/ATP-VSW/ATP-VSW-DOCK_HTVS_1-003_lib/ATP-VSW-DOCK_HTVS_1-003_lib.mae,confirmed
ATP-HTVS-7820955A714C,43682,运行/运行/ATP-VSW/ATP-VSW-DOCK_HTVS_1-002_lib.maegz,confirmed
ATP-HTVS-78252FECAF69,68547,运行/运行/ATP-VSW/ATP-VSW-DOCK_HTVS_1-003_lib/ATP-VSW-DOCK_HTVS_1-003_lib.mae,confirmed
ATP-HTVS-792F02E01A4E,94081,运行/运行/ATP-VSW/ATP-VSW-DOCK_HTVS_1-001_lib/ATP-VSW-DOCK_HTVS_1-001_lib,confirmed
ATP-HTVS-794646D3B9C8,91617,运行/运行/ATP-VSW/ATP-VSW-DOCK_HTVS_1-001_lib/ATP-VSW-DOCK_HTVS_1-001_lib,confirmed
ATP-HTVS-795FA74A51DE,66529,运行/运行/ATP-VSW/ATP-VSW-DOCK_HTVS_1-001_lib/ATP-VSW-DOCK_HTVS_1-001_lib,confirmed
ATP-HTVS-79A32C942736,68642,运行/运行/ATP-VSW/ATP-VSW-DOCK_HTVS_1-002_lib.maegz,confirmed
ATP-HTVS-79BEB139CB8F,55745,运行/运行/ATP-VSW/ATP-VSW-DOCK_HTVS_1-001_lib/ATP-VSW-DOCK_HTVS_1-001_lib,confirmed
ATP-HTVS-79C7807006E2,74402,运行/运行/ATP-VSW/ATP-VSW-DOCK_HTVS_1-002_lib.maegz,confirmed
ATP-HTVS-79E4EBD82D6A,63777,运行/运行/ATP-VSW/ATP-VSW-DOCK_HTVS_1-001_lib/ATP-VSW-DOCK_HTVS_1-001_lib,confirmed
ATP-HTVS-79EE8ED1543F,88993,运行/运行/ATP-VSW/ATP-VSW-DOCK_HTVS_1-001_lib/ATP-VSW-DOCK_HTVS_1-001_lib,confirmed
ATP-HTVS-7A394D6CE484,99713,运行/运行/ATP-VSW/ATP-VSW-DOCK_HTVS_1-002_lib.maegz,confirmed
ATP-HTVS-7A7B7DA644AB,49827,运行/运行/ATP-VSW/ATP-VSW-DOCK_HTVS_1-003_lib/ATP-VSW-DOCK_HTVS_1-003_lib.mae,confirmed
ATP-HTVS-7A7BCDC0632F,1539,运行/运行/ATP-VSW/ATP-VSW-DOCK_HTVS_1-003_lib/ATP-VSW-DOCK_HTVS_1-003_lib.mae,confirmed
ATP-HTVS-7AB1442FC022,28993,运行/运行/ATP-VSW/ATP-VSW-DOCK_HTVS_1-001_lib/ATP-VSW-DOCK_HTVS_1-001_lib,confirmed
ATP-HTVS-7ABEAEA32F74,93505,运行/运行/ATP-VSW/ATP-VSW-DOCK_HTVS_1-001_lib/ATP-VSW-DOCK_HTVS_1-001_lib,confirmed
ATP-HTVS-7ACA80837BCE,95906,运行/运行/ATP-VSW/ATP-VSW-DOCK_HTVS_1-003_lib/ATP-VSW-DOCK_HTVS_1-003_lib.mae,confirmed
ATP-HTVS-7AEE8A51E1B1,46561,运行/运行/ATP-VSW/ATP-VSW-DOCK_HTVS_1-001_lib/ATP-VSW-DOCK_HTVS_1-001_lib,confirmed
ATP-HTVS-7AFD271A302C,56897,运行/运行/ATP-VSW/ATP-VSW-DOCK_HTVS_1-001_lib/ATP-VSW-DOCK_HTVS_1-001_lib,confirmed
ATP-HTVS-7B1416FC1373,96097,运行/运行/ATP-VSW/ATP-VSW-DOCK_HTVS_1-001_lib/ATP-VSW-DOCK_HTVS_1-001_lib,confirmed
ATP-HTVS-7B85D20A61B3,83969,运行/运行/ATP-VSW/ATP-VSW-DOCK_HTVS_1-001_lib/ATP-VSW-DOCK_HTVS_1-001_lib,confirmed
ATP-HTVS-7B98CE40EDFD,70307,运行/运行/ATP-VSW/ATP-VSW-DOCK_HTVS_1-003_lib/ATP-VSW-DOCK_HTVS_1-003_lib.mae,confirmed
ATP-HTVS-7BBDEC1762B0,28193,运行/运行/ATP-VSW/ATP-VSW-DOCK_HTVS_1-001_lib/ATP-VSW-DOCK_HTVS_1-001_lib,confirmed
ATP-HTVS-7BEC4E93BD87,81249,运行/运行/ATP-VSW/ATP-VSW-DOCK_HTVS_1-001_lib/ATP-VSW-DOCK_HTVS_1-001_lib,confirmed
ATP-HTVS-7BF7B7486D45,67138,运行/运行/ATP-VSW/ATP-VSW-DOCK_HTVS_1-002_lib.maegz,confirmed
ATP-HTVS-7C2B62D08873,63427,运行/运行/ATP-VSW/ATP-VSW-DOCK_HTVS_1-003_lib/ATP-VSW-DOCK_HTVS_1-003_lib.mae,confirmed
ATP-HTVS-7C2D6468D489,82402,运行/运行/ATP-VSW/ATP-VSW-DOCK_HTVS_1-002_lib.maegz,confirmed
ATP-HTVS-7C58C2B4F3B5,20035,运行/运行/ATP-VSW/ATP-VSW-DOCK_HTVS_1-003_lib/ATP-VSW-DOCK_HTVS_1-003_lib.mae,confirmed
ATP-HTVS-7C6049B0D6CE,73154,运行/运行/ATP-VSW/ATP-VSW-DOCK_HTVS_1-002_lib.maegz,confirmed
ATP-HTVS-7C6F09AC1D4C,90306,运行/运行/ATP-VSW/ATP-VSW-DOCK_HTVS_1-002_lib.maegz,confirmed
ATP-HTVS-7CA2ECE32076,86177,运行/运行/ATP-VSW/ATP-VSW-DOCK_HTVS_1-001_lib/ATP-VSW-DOCK_HTVS_1-001_lib,confirmed
ATP-HTVS-7CD79F872AFC,67937,运行/运行/ATP-VSW/ATP-VSW-DOCK_HTVS_1-001_lib/ATP-VSW-DOCK_HTVS_1-001_lib,confirmed
ATP-HTVS-7CF383CE087B,75810,运行/运行/ATP-VSW/ATP-VSW-DOCK_HTVS_1-002_lib.maegz,confirmed
ATP-HTVS-7D198ACE4CB8,50529,运行/运行/ATP-VSW/ATP-VSW-DOCK_HTVS_1-001_lib/ATP-VSW-DOCK_HTVS_1-001_lib,confirmed
ATP-HTVS-7D1C8522A3FA,27619,运行/运行/ATP-VSW/ATP-VSW-DOCK_HTVS_1-003_lib/ATP-VSW-DOCK_HTVS_1-003_lib.mae,confirmed
ATP-HTVS-7D663BEE19BA,79617,运行/运行/ATP-VSW/ATP-VSW-DOCK_HTVS_1-001_lib/ATP-VSW-DOCK_HTVS_1-001_lib,confirmed
ATP-HTVS-7DAC8816801F,84385,运行/运行/ATP-VSW/ATP-VSW-DOCK_HTVS_1-001_lib/ATP-VSW-DOCK_HTVS_1-001_lib,confirmed
ATP-HTVS-7DBCC72663B9,59649,运行/运行/ATP-VSW/ATP-VSW-DOCK_HTVS_1-001_lib/ATP-VSW-DOCK_HTVS_1-001_lib,confirmed
ATP-HTVS-7DD2E8BA0428,80835,运行/运行/ATP-VSW/ATP-VSW-DOCK_HTVS_1-003_lib/ATP-VSW-DOCK_HTVS_1-003_lib.mae,confirmed
ATP-HTVS-7DE0A46CB904,32482,运行/运行/ATP-VSW/ATP-VSW-DOCK_HTVS_1-002_lib.maegz,confirmed
ATP-HTVS-7DE5D821A3A4,82179,运行/运行/ATP-VSW/ATP-VSW-DOCK_HTVS_1-003_lib/ATP-VSW-DOCK_HTVS_1-003_lib.mae,confirmed
ATP-HTVS-7EF53BD61533,95426,运行/运行/ATP-VSW/ATP-VSW-DOCK_HTVS_1-003_lib/ATP-VSW-DOCK_HTVS_1-003_lib.mae,confirmed
ATP-HTVS-7EF96EA99BCF,95361,运行/运行/ATP-VSW/ATP-VSW-DOCK_HTVS_1-001_lib/ATP-VSW-DOCK_HTVS_1-001_lib,confirmed
ATP-HTVS-7F35209A363C,80099,运行/运行/ATP-VSW/ATP-VSW-DOCK_HTVS_1-003_lib/ATP-VSW-DOCK_HTVS_1-003_lib.mae,confirmed
ATP-HTVS-7F4769B54268,71043,运行/运行/ATP-VSW/ATP-VSW-DOCK_HTVS_1-003_lib/ATP-VSW-DOCK_HTVS_1-003_lib.mae,confirmed
ATP-HTVS-7F76552361A7,92449,运行/运行/ATP-VSW/ATP-VSW-DOCK_HTVS_1-001_lib/ATP-VSW-DOCK_HTVS_1-001_lib,confirmed
ATP-HTVS-7F7812FC41A5,72321,运行/运行/ATP-VSW/ATP-VSW-DOCK_HTVS_1-001_lib/ATP-VSW-DOCK_HTVS_1-001_lib,confirmed
ATP-HTVS-7F83928F0467,70722,运行/运行/ATP-VSW/ATP-VSW-DOCK_HTVS_1-002_lib.maegz,confirmed
ATP-HTVS-800B0B068CC6,45569,运行/运行/ATP-VSW/ATP-VSW-DOCK_HTVS_1-001_lib/ATP-VSW-DOCK_HTVS_1-001_lib,confirmed
ATP-HTVS-8033922A69C0,25505,运行/运行/ATP-VSW/ATP-VSW-DOCK_HTVS_1-001_lib/ATP-VSW-DOCK_HTVS_1-001_lib,confirmed
ATP-HTVS-8095E17D3127,20707,运行/运行/ATP-VSW/ATP-VSW-DOCK_HTVS_1-003_lib/ATP-VSW-DOCK_HTVS_1-003_lib.mae,confirmed
ATP-HTVS-80A1BADD16E7,72066,运行/运行/ATP-VSW/ATP-VSW-DOCK_HTVS_1-002_lib.maegz,confirmed
ATP-HTVS-818D9CFDFCEA,71330,运行/运行/ATP-VSW/ATP-VSW-DOCK_HTVS_1-002_lib.maegz,confirmed
ATP-HTVS-81A5FD53922A,40450,运行/运行/ATP-VSW/ATP-VSW-DOCK_HTVS_1-002_lib.maegz,confirmed
ATP-HTVS-81EE647F8CA6,20322,运行/运行/ATP-VSW/ATP-VSW-DOCK_HTVS_1-002_lib.maegz,confirmed
ATP-HTVS-81F0F4B0A07A,32545,运行/运行/ATP-VSW/ATP-VSW-DOCK_HTVS_1-001_lib/ATP-VSW-DOCK_HTVS_1-001_lib,confirmed
ATP-HTVS-821B647876F5,39105,运行/运行/ATP-VSW/ATP-VSW-DOCK_HTVS_1-001_lib/ATP-VSW-DOCK_HTVS_1-001_lib,confirmed
ATP-HTVS-822192B7646A,57442,运行/运行/ATP-VSW/ATP-VSW-DOCK_HTVS_1-002_lib.maegz,confirmed
ATP-HTVS-824DD36F4E64,69665,运行/运行/ATP-VSW/ATP-VSW-DOCK_HTVS_1-001_lib/ATP-VSW-DOCK_HTVS_1-001_lib,confirmed
ATP-HTVS-8313972BDCAD,69219,运行/运行/ATP-VSW/ATP-VSW-DOCK_HTVS_1-003_lib/ATP-VSW-DOCK_HTVS_1-003_lib.mae,confirmed
ATP-HTVS-83530B88E656,71585,运行/运行/ATP-VSW/ATP-VSW-DOCK_HTVS_1-001_lib/ATP-VSW-DOCK_HTVS_1-001_lib,confirmed
ATP-HTVS-8365FF7884A6,64321,运行/运行/ATP-VSW/ATP-VSW-DOCK_HTVS_1-001_lib/ATP-VSW-DOCK_HTVS_1-001_lib,confirmed
ATP-HTVS-83768D529230,81825,运行/运行/ATP-VSW/ATP-VSW-DOCK_HTVS_1-001_lib/ATP-VSW-DOCK_HTVS_1-001_lib,confirmed
ATP-HTVS-837D7A211A0E,67522,运行/运行/ATP-VSW/ATP-VSW-DOCK_HTVS_1-002_lib.maegz,confirmed
ATP-HTVS-83F3A5AEE880,84835,运行/运行/ATP-VSW/ATP-VSW-DOCK_HTVS_1-003_lib/ATP-VSW-DOCK_HTVS_1-003_lib.mae,confirmed
ATP-HTVS-83F819F668B2,38177,运行/运行/ATP-VSW/ATP-VSW-DOCK_HTVS_1-001_lib/ATP-VSW-DOCK_HTVS_1-001_lib,confirmed
ATP-HTVS-83F93451062F,20931,运行/运行/ATP-VSW/ATP-VSW-DOCK_HTVS_1-003_lib/ATP-VSW-DOCK_HTVS_1-003_lib.mae,confirmed
ATP-HTVS-8409CD5E0FE2,36418,运行/运行/ATP-VSW/ATP-VSW-DOCK_HTVS_1-002_lib.maegz,confirmed
ATP-HTVS-842E20B26D61,12419,运行/运行/ATP-VSW/ATP-VSW-DOCK_HTVS_1-003_lib/ATP-VSW-DOCK_HTVS_1-003_lib.mae,confirmed
ATP-HTVS-84AF7025C22A,80514,运行/运行/ATP-VSW/ATP-VSW-DOCK_HTVS_1-002_lib.maegz,confirmed
ATP-HTVS-84B0A2EEAAE5,32771,运行/运行/ATP-VSW/ATP-VSW-DOCK_HTVS_1-003_lib/ATP-VSW-DOCK_HTVS_1-003_lib.mae,confirmed
ATP-HTVS-84B7FD2F846A,21121,运行/运行/ATP-VSW/ATP-VSW-DOCK_HTVS_1-001_lib/ATP-VSW-DOCK_HTVS_1-001_lib,confirmed
ATP-HTVS-84C0F320BB18,20865,运行/运行/ATP-VSW/ATP-VSW-DOCK_HTVS_1-001_lib/ATP-VSW-DOCK_HTVS_1-001_lib,confirmed
ATP-HTVS-8521C9576B2F,26626,运行/运行/ATP-VSW/ATP-VSW-DOCK_HTVS_1-002_lib.maegz,confirmed
ATP-HTVS-85577F90127E,51907,运行/运行/ATP-VSW/ATP-VSW-DOCK_HTVS_1-003_lib/ATP-VSW-DOCK_HTVS_1-003_lib.mae,confirmed
ATP-HTVS-8567A07E89C1,63170,运行/运行/ATP-VSW/ATP-VSW-DOCK_HTVS_1-002_lib.maegz,confirmed
ATP-HTVS-85B092CE3CD6,31969,运行/运行/ATP-VSW/ATP-VSW-DOCK_HTVS_1-001_lib/ATP-VSW-DOCK_HTVS_1-001_lib,confirmed
ATP-HTVS-85D8FA1817A9,28450,运行/运行/ATP-VSW/ATP-VSW-DOCK_HTVS_1-002_lib.maegz,confirmed
ATP-HTVS-85E208BF5C05,38787,运行/运行/ATP-VSW/ATP-VSW-DOCK_HTVS_1-003_lib/ATP-VSW-DOCK_HTVS_1-003_lib.mae,confirmed
ATP-HTVS-8667D2FB5617,48353,运行/运行/ATP-VSW/ATP-VSW-DOCK_HTVS_1-001_lib/ATP-VSW-DOCK_HTVS_1-001_lib,confirmed
ATP-HTVS-866AD4D93294,90531,运行/运行/ATP-VSW/ATP-VSW-DOCK_HTVS_1-003_lib/ATP-VSW-DOCK_HTVS_1-003_lib.mae,confirmed
ATP-HTVS-86939B89774E,41027,运行/运行/ATP-VSW/ATP-VSW-DOCK_HTVS_1-003_lib/ATP-VSW-DOCK_HTVS_1-003_lib.mae,confirmed
ATP-HTVS-869F8AF38162,90401,运行/运行/ATP-VSW/ATP-VSW-DOCK_HTVS_1-001_lib/ATP-VSW-DOCK_HTVS_1-001_lib,confirmed
ATP-HTVS-86B60B8C3F13,91042,运行/运行/ATP-VSW/ATP-VSW-DOCK_HTVS_1-002_lib.maegz,confirmed
ATP-HTVS-86C3058B81C7,98306,运行/运行/ATP-VSW/ATP-VSW-DOCK_HTVS_1-003_lib/ATP-VSW-DOCK_HTVS_1-003_lib.mae,confirmed
ATP-HTVS-86DDC209E59E,63042,运行/运行/ATP-VSW/ATP-VSW-DOCK_HTVS_1-002_lib.maegz,confirmed
ATP-HTVS-87B93A696720,77730,运行/运行/ATP-VSW/ATP-VSW-DOCK_HTVS_1-002_lib.maegz,confirmed
ATP-HTVS-87F6BDFAEB44,451,运行/运行/ATP-VSW/ATP-VSW-DOCK_HTVS_1-003_lib/ATP-VSW-DOCK_HTVS_1-003_lib.mae,confirmed
ATP-HTVS-8843DC2573F9,5091,运行/运行/ATP-VSW/ATP-VSW-DOCK_HTVS_1-003_lib/ATP-VSW-DOCK_HTVS_1-003_lib.mae,confirmed
ATP-HTVS-88509AB3E069,48258,运行/运行/ATP-VSW/ATP-VSW-DOCK_HTVS_1-002_lib.maegz,confirmed
ATP-HTVS-8884805DC746,43842,运行/运行/ATP-VSW/ATP-VSW-DOCK_HTVS_1-002_lib.maegz,confirmed
ATP-HTVS-8892C512F7BC,71491,运行/运行/ATP-VSW/ATP-VSW-DOCK_HTVS_1-003_lib/ATP-VSW-DOCK_HTVS_1-003_lib.mae,confirmed
ATP-HTVS-88F2ADA8327D,84033,运行/运行/ATP-VSW/ATP-VSW-DOCK_HTVS_1-001_lib/ATP-VSW-DOCK_HTVS_1-001_lib,confirmed
ATP-HTVS-891CD438FA2D,65635,运行/运行/ATP-VSW/ATP-VSW-DOCK_HTVS_1-003_lib/ATP-VSW-DOCK_HTVS_1-003_lib.mae,confirmed
ATP-HTVS-892E5C6BD7E4,94849,运行/运行/ATP-VSW/ATP-VSW-DOCK_HTVS_1-001_lib/ATP-VSW-DOCK_HTVS_1-001_lib,confirmed
ATP-HTVS-89495CC893EC,89889,运行/运行/ATP-VSW/ATP-VSW-DOCK_HTVS_1-001_lib/ATP-VSW-DOCK_HTVS_1-001_lib,confirmed
ATP-HTVS-894F1E46B14F,48034,运行/运行/ATP-VSW/ATP-VSW-DOCK_HTVS_1-002_lib.maegz,confirmed
ATP-HTVS-896D1EC960E1,28451,运行/运行/ATP-VSW/ATP-VSW-DOCK_HTVS_1-003_lib/ATP-VSW-DOCK_HTVS_1-003_lib.mae,confirmed
ATP-HTVS-898AE5CA69D9,41922,运行/运行/ATP-VSW/ATP-VSW-DOCK_HTVS_1-002_lib.maegz,confirmed
ATP-HTVS-89936433B7DC,96034,运行/运行/ATP-VSW/ATP-VSW-DOCK_HTVS_1-003_lib/ATP-VSW-DOCK_HTVS_1-003_lib.mae,confirmed
ATP-HTVS-89F3E6A1D8C1,75298,运行/运行/ATP-VSW/ATP-VSW-DOCK_HTVS_1-002_lib.maegz,confirmed
ATP-HTVS-8A7A96DBFC1E,81218,运行/运行/ATP-VSW/ATP-VSW-DOCK_HTVS_1-002_lib.maegz,confirmed
ATP-HTVS-8A89FEC9078D,30274,运行/运行/ATP-VSW/ATP-VSW-DOCK_HTVS_1-002_lib.maegz,confirmed
ATP-HTVS-8B2F0F11D1D9,80515,运行/运行/ATP-VSW/ATP-VSW-DOCK_HTVS_1-003_lib/ATP-VSW-DOCK_HTVS_1-003_lib.mae,confirmed
ATP-HTVS-8B5B7778DF28,95554,运行/运行/ATP-VSW/ATP-VSW-DOCK_HTVS_1-003_lib/ATP-VSW-DOCK_HTVS_1-003_lib.mae,confirmed
ATP-HTVS-8BC83C5D0DE9,33889,运行/运行/ATP-VSW/ATP-VSW-DOCK_HTVS_1-001_lib/ATP-VSW-DOCK_HTVS_1-001_lib,confirmed
ATP-HTVS-8BE0537C7CD3,54531,运行/运行/ATP-VSW/ATP-VSW-DOCK_HTVS_1-003_lib/ATP-VSW-DOCK_HTVS_1-003_lib.mae,confirmed
ATP-HTVS-8BF32585E280,72579,运行/运行/ATP-VSW/ATP-VSW-DOCK_HTVS_1-003_lib/ATP-VSW-DOCK_HTVS_1-003_lib.mae,confirmed
ATP-HTVS-8BFFC6150277,53633,运行/运行/ATP-VSW/ATP-VSW-DOCK_HTVS_1-001_lib/ATP-VSW-DOCK_HTVS_1-001_lib,confirmed
ATP-HTVS-8C1C7F16DF05,82530,运行/运行/ATP-VSW/ATP-VSW-DOCK_HTVS_1-002_lib.maegz,confirmed
ATP-HTVS-8C32683EF27B,27521,运行/运行/ATP-VSW/ATP-VSW-DOCK_HTVS_1-001_lib/ATP-VSW-DOCK_HTVS_1-001_lib,confirmed
ATP-HTVS-8CA7F3DFAEDE,5090,运行/运行/ATP-VSW/ATP-VSW-DOCK_HTVS_1-002_lib.maegz,confirmed
ATP-HTVS-8D220C5D1AB9,73921,运行/运行/ATP-VSW/ATP-VSW-DOCK_HTVS_1-001_lib/ATP-VSW-DOCK_HTVS_1-001_lib,confirmed
ATP-HTVS-8D32545BC421,99618,运行/运行/ATP-VSW/ATP-VSW-DOCK_HTVS_1-003_lib/ATP-VSW-DOCK_HTVS_1-003_lib.mae,confirmed
ATP-HTVS-8D4A93BCC2C7,20193,运行/运行/ATP-VSW/ATP-VSW-DOCK_HTVS_1-001_lib/ATP-VSW-DOCK_HTVS_1-001_lib,confirmed
ATP-HTVS-8D6261309289,77506,运行/运行/ATP-VSW/ATP-VSW-DOCK_HTVS_1-002_lib.maegz,confirmed
ATP-HTVS-8DFE2090913E,89730,运行/运行/ATP-VSW/ATP-VSW-DOCK_HTVS_1-002_lib.maegz,confirmed
ATP-HTVS-8E104651B898,59169,运行/运行/ATP-VSW/ATP-VSW-DOCK_HTVS_1-001_lib/ATP-VSW-DOCK_HTVS_1-001_lib,confirmed
ATP-HTVS-8E17E50AE6CE,18721,运行/运行/ATP-VSW/ATP-VSW-DOCK_HTVS_1-001_lib/ATP-VSW-DOCK_HTVS_1-001_lib,confirmed
ATP-HTVS-8E1A44B1E9FD,75361,运行/运行/ATP-VSW/ATP-VSW-DOCK_HTVS_1-001_lib/ATP-VSW-DOCK_HTVS_1-001_lib,confirmed
ATP-HTVS-8E25FC822191,86497,运行/运行/ATP-VSW/ATP-VSW-DOCK_HTVS_1-001_lib/ATP-VSW-DOCK_HTVS_1-001_lib,confirmed
ATP-HTVS-8E36F3F2ACA8,64322,运行/运行/ATP-VSW/ATP-VSW-DOCK_HTVS_1-002_lib.maegz,confirmed
ATP-HTVS-8E3D409F2843,55746,运行/运行/ATP-VSW/ATP-VSW-DOCK_HTVS_1-002_lib.maegz,confirmed
ATP-HTVS-8E434DB2B88E,94115,运行/运行/ATP-VSW/ATP-VSW-DOCK_HTVS_1-003_lib/ATP-VSW-DOCK_HTVS_1-003_lib.mae,confirmed
ATP-HTVS-8E5D0C8C0586,48226,运行/运行/ATP-VSW/ATP-VSW-DOCK_HTVS_1-002_lib.maegz,confirmed
ATP-HTVS-8E6E87523B7B,64451,运行/运行/ATP-VSW/ATP-VSW-DOCK_HTVS_1-003_lib/ATP-VSW-DOCK_HTVS_1-003_lib.mae,confirmed
ATP-HTVS-8E7556763F42,90403,运行/运行/ATP-VSW/ATP-VSW-DOCK_HTVS_1-003_lib/ATP-VSW-DOCK_HTVS_1-003_lib.mae,confirmed
ATP-HTVS-8EB0CBA3C42A,28354,运行/运行/ATP-VSW/ATP-VSW-DOCK_HTVS_1-002_lib.maegz,confirmed
ATP-HTVS-8EBB5954A050,85187,运行/运行/ATP-VSW/ATP-VSW-DOCK_HTVS_1-003_lib/ATP-VSW-DOCK_HTVS_1-003_lib.mae,confirmed
ATP-HTVS-8ECA82FC9C79,20066,运行/运行/ATP-VSW/ATP-VSW-DOCK_HTVS_1-002_lib.maegz,confirmed
ATP-HTVS-8EDB8C766CED,78306,运行/运行/ATP-VSW/ATP-VSW-DOCK_HTVS_1-002_lib.maegz,confirmed
ATP-HTVS-8EE5F01B86B2,66145,运行/运行/ATP-VSW/ATP-VSW-DOCK_HTVS_1-001_lib/ATP-VSW-DOCK_HTVS_1-001_lib,confirmed
ATP-HTVS-8F383301D999,83458,运行/运行/ATP-VSW/ATP-VSW-DOCK_HTVS_1-002_lib.maegz,confirmed
ATP-HTVS-8F7863C4F42C,32898,运行/运行/ATP-VSW/ATP-VSW-DOCK_HTVS_1-002_lib.maegz,confirmed
ATP-HTVS-8F8686BB907F,97314,运行/运行/ATP-VSW/ATP-VSW-DOCK_HTVS_1-003_lib/ATP-VSW-DOCK_HTVS_1-003_lib.mae,confirmed
ATP-HTVS-8FAB3387FC95,74083,运行/运行/ATP-VSW/ATP-VSW-DOCK_HTVS_1-003_lib/ATP-VSW-DOCK_HTVS_1-003_lib.mae,confirmed
ATP-HTVS-8FAC22D1DEE3,83011,运行/运行/ATP-VSW/ATP-VSW-DOCK_HTVS_1-003_lib/ATP-VSW-DOCK_HTVS_1-003_lib.mae,confirmed
ATP-HTVS-8FAD4DDE14EC,4418,运行/运行/ATP-VSW/ATP-VSW-DOCK_HTVS_1-002_lib.maegz,confirmed
ATP-HTVS-8FCE9ABFEDC9,96578,运行/运行/ATP-VSW/ATP-VSW-DOCK_HTVS_1-003_lib/ATP-VSW-DOCK_HTVS_1-003_lib.mae,confirmed
ATP-HTVS-8FFDF10521D1,34625,运行/运行/ATP-VSW/ATP-VSW-DOCK_HTVS_1-001_lib/ATP-VSW-DOCK_HTVS_1-001_lib,confirmed
ATP-HTVS-903509DD9171,38371,运行/运行/ATP-VSW/ATP-VSW-DOCK_HTVS_1-003_lib/ATP-VSW-DOCK_HTVS_1-003_lib.mae,confirmed
ATP-HTVS-906C5B8F4575,46978,运行/运行/ATP-VSW/ATP-VSW-DOCK_HTVS_1-002_lib.maegz,confirmed
ATP-HTVS-9071C340676C,91907,运行/运行/ATP-VSW/ATP-VSW-DOCK_HTVS_1-003_lib/ATP-VSW-DOCK_HTVS_1-003_lib.mae,confirmed
ATP-HTVS-90D8E935D6BA,70531,运行/运行/ATP-VSW/ATP-VSW-DOCK_HTVS_1-003_lib/ATP-VSW-DOCK_HTVS_1-003_lib.mae,confirmed
ATP-HTVS-90E2293F5662,27587,运行/运行/ATP-VSW/ATP-VSW-DOCK_HTVS_1-003_lib/ATP-VSW-DOCK_HTVS_1-003_lib.mae,confirmed
ATP-HTVS-90F616328265,99169,运行/运行/ATP-VSW/ATP-VSW-DOCK_HTVS_1-002_lib.maegz,confirmed
ATP-HTVS-9118BAC0F3E5,49857,运行/运行/ATP-VSW/ATP-VSW-DOCK_HTVS_1-001_lib/ATP-VSW-DOCK_HTVS_1-001_lib,confirmed
ATP-HTVS-9126C22B6E5D,23649,运行/运行/ATP-VSW/ATP-VSW-DOCK_HTVS_1-001_lib/ATP-VSW-DOCK_HTVS_1-001_lib,confirmed
ATP-HTVS-91559CC1A0CF,77345,运行/运行/ATP-VSW/ATP-VSW-DOCK_HTVS_1-001_lib/ATP-VSW-DOCK_HTVS_1-001_lib,confirmed
ATP-HTVS-915EA674EB52,76033,运行/运行/ATP-VSW/ATP-VSW-DOCK_HTVS_1-001_lib/ATP-VSW-DOCK_HTVS_1-001_lib,confirmed
ATP-HTVS-917D65E68C1C,37603,运行/运行/ATP-VSW/ATP-VSW-DOCK_HTVS_1-003_lib/ATP-VSW-DOCK_HTVS_1-003_lib.mae,confirmed
ATP-HTVS-917EA3B617CA,53634,运行/运行/ATP-VSW/ATP-VSW-DOCK_HTVS_1-002_lib.maegz,confirmed
ATP-HTVS-91FB2566E9C6,66147,运行/运行/ATP-VSW/ATP-VSW-DOCK_HTVS_1-003_lib/ATP-VSW-DOCK_HTVS_1-003_lib.mae,confirmed
ATP-HTVS-91FE8B97AF5D,74274,运行/运行/ATP-VSW/ATP-VSW-DOCK_HTVS_1-002_lib.maegz,confirmed
ATP-HTVS-925A357E73C9,83553,运行/运行/ATP-VSW/ATP-VSW-DOCK_HTVS_1-001_lib/ATP-VSW-DOCK_HTVS_1-001_lib,confirmed
ATP-HTVS-9261E8E7C16B,37826,运行/运行/ATP-VSW/ATP-VSW-DOCK_HTVS_1-002_lib.maegz,confirmed
ATP-HTVS-9279E9D3CA8E,26337,运行/运行/ATP-VSW/ATP-VSW-DOCK_HTVS_1-001_lib/ATP-VSW-DOCK_HTVS_1-001_lib,confirmed
ATP-HTVS-928F3709654C,80577,运行/运行/ATP-VSW/ATP-VSW-DOCK_HTVS_1-001_lib/ATP-VSW-DOCK_HTVS_1-001_lib,confirmed
ATP-HTVS-92BA88CED8DA,20033,运行/运行/ATP-VSW/ATP-VSW-DOCK_HTVS_1-001_lib/ATP-VSW-DOCK_HTVS_1-001_lib,confirmed
ATP-HTVS-92C487CB2C4B,64961,运行/运行/ATP-VSW/ATP-VSW-DOCK_HTVS_1-001_lib/ATP-VSW-DOCK_HTVS_1-001_lib,confirmed
ATP-HTVS-92D1D8A066E2,26498,运行/运行/ATP-VSW/ATP-VSW-DOCK_HTVS_1-002_lib.maegz,confirmed
ATP-HTVS-92F0D0267220,45570,运行/运行/ATP-VSW/ATP-VSW-DOCK_HTVS_1-002_lib.maegz,confirmed
ATP-HTVS-9352BEE24C86,93634,运行/运行/ATP-VSW/ATP-VSW-DOCK_HTVS_1-002_lib.maegz,confirmed
ATP-HTVS-9360F17A3EC6,75329,运行/运行/ATP-VSW/ATP-VSW-DOCK_HTVS_1-001_lib/ATP-VSW-DOCK_HTVS_1-001_lib,confirmed
ATP-HTVS-9393AACC3570,45122,运行/运行/ATP-VSW/ATP-VSW-DOCK_HTVS_1-002_lib.maegz,confirmed
ATP-HTVS-93C7314F95B0,68035,运行/运行/ATP-VSW/ATP-VSW-DOCK_HTVS_1-003_lib/ATP-VSW-DOCK_HTVS_1-003_lib.mae,confirmed
ATP-HTVS-93CB38BE3680,47971,运行/运行/ATP-VSW/ATP-VSW-DOCK_HTVS_1-003_lib/ATP-VSW-DOCK_HTVS_1-003_lib.mae,confirmed
ATP-HTVS-93E6D0793690,63681,运行/运行/ATP-VSW/ATP-VSW-DOCK_HTVS_1-001_lib/ATP-VSW-DOCK_HTVS_1-001_lib,confirmed
ATP-HTVS-94036CD3F111,91106,运行/运行/ATP-VSW/ATP-VSW-DOCK_HTVS_1-002_lib.maegz,confirmed
ATP-HTVS-94448DA501C0,79074,运行/运行/ATP-VSW/ATP-VSW-DOCK_HTVS_1-002_lib.maegz,confirmed
ATP-HTVS-9480C2297FB5,70563,运行/运行/ATP-VSW/ATP-VSW-DOCK_HTVS_1-003_lib/ATP-VSW-DOCK_HTVS_1-003_lib.mae,confirmed
ATP-HTVS-94941B52F5EC,56161,运行/运行/ATP-VSW/ATP-VSW-DOCK_HTVS_1-001_lib/ATP-VSW-DOCK_HTVS_1-001_lib,confirmed
ATP-HTVS-94D8827D88B0,51299,运行/运行/ATP-VSW/ATP-VSW-DOCK_HTVS_1-003_lib/ATP-VSW-DOCK_HTVS_1-003_lib.mae,confirmed
ATP-HTVS-94FDA1BF8648,94914,运行/运行/ATP-VSW/ATP-VSW-DOCK_HTVS_1-003_lib/ATP-VSW-DOCK_HTVS_1-003_lib.mae,confirmed
ATP-HTVS-9505CBC4E7EE,64641,运行/运行/ATP-VSW/ATP-VSW-DOCK_HTVS_1-001_lib/ATP-VSW-DOCK_HTVS_1-001_lib,confirmed
ATP-HTVS-952C6901247D,71138,运行/运行/ATP-VSW/ATP-VSW-DOCK_HTVS_1-002_lib.maegz,confirmed
ATP-HTVS-9548848ABB82,37537,运行/运行/ATP-VSW/ATP-VSW-DOCK_HTVS_1-001_lib/ATP-VSW-DOCK_HTVS_1-001_lib,confirmed
ATP-HTVS-954980F32CB7,55906,运行/运行/ATP-VSW/ATP-VSW-DOCK_HTVS_1-002_lib.maegz,confirmed
ATP-HTVS-95B9B67075F0,77443,运行/运行/ATP-VSW/ATP-VSW-DOCK_HTVS_1-003_lib/ATP-VSW-DOCK_HTVS_1-003_lib.mae,confirmed
ATP-HTVS-95C9BC6D1CE7,79202,运行/运行/ATP-VSW/ATP-VSW-DOCK_HTVS_1-002_lib.maegz,confirmed
ATP-HTVS-95D1FAD4F080,71875,运行/运行/ATP-VSW/ATP-VSW-DOCK_HTVS_1-003_lib/ATP-VSW-DOCK_HTVS_1-003_lib.mae,confirmed
ATP-HTVS-95D98DD03D76,71298,运行/运行/ATP-VSW/ATP-VSW-DOCK_HTVS_1-002_lib.maegz,confirmed
ATP-HTVS-95EE858F8EEC,89953,运行/运行/ATP-VSW/ATP-VSW-DOCK_HTVS_1-001_lib/ATP-VSW-DOCK_HTVS_1-001_lib,confirmed
ATP-HTVS-96035055C171,32801,运行/运行/ATP-VSW/ATP-VSW-DOCK_HTVS_1-001_lib/ATP-VSW-DOCK_HTVS_1-001_lib,confirmed
ATP-HTVS-9640828E0D0B,57411,运行/运行/ATP-VSW/ATP-VSW-DOCK_HTVS_1-003_lib/ATP-VSW-DOCK_HTVS_1-003_lib.mae,confirmed
ATP-HTVS-96C7A2856398,57953,运行/运行/ATP-VSW/ATP-VSW-DOCK_HTVS_1-001_lib/ATP-VSW-DOCK_HTVS_1-001_lib,confirmed
ATP-HTVS-9702CFD2E9A2,81985,运行/运行/ATP-VSW/ATP-VSW-DOCK_HTVS_1-001_lib/ATP-VSW-DOCK_HTVS_1-001_lib,confirmed
ATP-HTVS-970FBD5470AF,37921,运行/运行/ATP-VSW/ATP-VSW-DOCK_HTVS_1-001_lib/ATP-VSW-DOCK_HTVS_1-001_lib,confirmed
ATP-HTVS-970FD2D7162F,57698,运行/运行/ATP-VSW/ATP-VSW-DOCK_HTVS_1-002_lib.maegz,confirmed
ATP-HTVS-971CA853FA9A,47075,运行/运行/ATP-VSW/ATP-VSW-DOCK_HTVS_1-003_lib/ATP-VSW-DOCK_HTVS_1-003_lib.mae,confirmed
ATP-HTVS-976CFBCF515D,13249,运行/运行/ATP-VSW/ATP-VSW-DOCK_HTVS_1-001_lib/ATP-VSW-DOCK_HTVS_1-001_lib,confirmed
ATP-HTVS-9774402850E8,78433,运行/运行/ATP-VSW/ATP-VSW-DOCK_HTVS_1-001_lib/ATP-VSW-DOCK_HTVS_1-001_lib,confirmed
ATP-HTVS-980C1FC6FC1E,30689,运行/运行/ATP-VSW/ATP-VSW-DOCK_HTVS_1-001_lib/ATP-VSW-DOCK_HTVS_1-001_lib,confirmed
ATP-HTVS-985FC5CCBDCC,91523,运行/运行/ATP-VSW/ATP-VSW-DOCK_HTVS_1-003_lib/ATP-VSW-DOCK_HTVS_1-003_lib.mae,confirmed
ATP-HTVS-986AE7271DA8,70049,运行/运行/ATP-VSW/ATP-VSW-DOCK_HTVS_1-001_lib/ATP-VSW-DOCK_HTVS_1-001_lib,confirmed
ATP-HTVS-9898F3268698,61313,运行/运行/ATP-VSW/ATP-VSW-DOCK_HTVS_1-001_lib/ATP-VSW-DOCK_HTVS_1-001_lib,confirmed
ATP-HTVS-98A0502BF743,60257,运行/运行/ATP-VSW/ATP-VSW-DOCK_HTVS_1-001_lib/ATP-VSW-DOCK_HTVS_1-001_lib,confirmed
ATP-HTVS-98C6C787C9CA,97922,运行/运行/ATP-VSW/ATP-VSW-DOCK_HTVS_1-003_lib/ATP-VSW-DOCK_HTVS_1-003_lib.mae,confirmed
ATP-HTVS-98E751432A52,90242,运行/运行/ATP-VSW/ATP-VSW-DOCK_HTVS_1-002_lib.maegz,confirmed
ATP-HTVS-98EFE7D538B2,77379,运行/运行/ATP-VSW/ATP-VSW-DOCK_HTVS_1-003_lib/ATP-VSW-DOCK_HTVS_1-003_lib.mae,confirmed
ATP-HTVS-99217F2350A2,27618,运行/运行/ATP-VSW/ATP-VSW-DOCK_HTVS_1-002_lib.maegz,confirmed
ATP-HTVS-99483DBEAA78,20963,运行/运行/ATP-VSW/ATP-VSW-DOCK_HTVS_1-003_lib/ATP-VSW-DOCK_HTVS_1-003_lib.mae,confirmed
ATP-HTVS-9967BD998929,72578,运行/运行/ATP-VSW/ATP-VSW-DOCK_HTVS_1-002_lib.maegz,confirmed
ATP-HTVS-99B36318F637,6081,运行/运行/ATP-VSW/ATP-VSW-DOCK_HTVS_1-001_lib/ATP-VSW-DOCK_HTVS_1-001_lib,confirmed
ATP-HTVS-99E4671812AC,87393,运行/运行/ATP-VSW/ATP-VSW-DOCK_HTVS_1-001_lib/ATP-VSW-DOCK_HTVS_1-001_lib,confirmed
ATP-HTVS-9A332D1A0286,27617,运行/运行/ATP-VSW/ATP-VSW-DOCK_HTVS_1-001_lib/ATP-VSW-DOCK_HTVS_1-001_lib,confirmed
ATP-HTVS-9A3A5E055FE2,67235,运行/运行/ATP-VSW/ATP-VSW-DOCK_HTVS_1-003_lib/ATP-VSW-DOCK_HTVS_1-003_lib.mae,confirmed
ATP-HTVS-9A75570B0E27,83009,运行/运行/ATP-VSW/ATP-VSW-DOCK_HTVS_1-001_lib/ATP-VSW-DOCK_HTVS_1-001_lib,confirmed
ATP-HTVS-9A76BB66DB1D,70498,运行/运行/ATP-VSW/ATP-VSW-DOCK_HTVS_1-002_lib.maegz,confirmed
ATP-HTVS-9A86ECE1052E,19937,运行/运行/ATP-VSW/ATP-VSW-DOCK_HTVS_1-001_lib/ATP-VSW-DOCK_HTVS_1-001_lib,confirmed
ATP-HTVS-9AD82B0B5D2D,80610,运行/运行/ATP-VSW/ATP-VSW-DOCK_HTVS_1-002_lib.maegz,confirmed
ATP-HTVS-9AEFC257B6AB,94850,运行/运行/ATP-VSW/ATP-VSW-DOCK_HTVS_1-003_lib/ATP-VSW-DOCK_HTVS_1-003_lib.mae,confirmed
ATP-HTVS-9AF19AD81321,95841,运行/运行/ATP-VSW/ATP-VSW-DOCK_HTVS_1-001_lib/ATP-VSW-DOCK_HTVS_1-001_lib,confirmed
ATP-HTVS-9B930A3F277B,46658,运行/运行/ATP-VSW/ATP-VSW-DOCK_HTVS_1-002_lib.maegz,confirmed
ATP-HTVS-9BFBB44B9744,92161,运行/运行/ATP-VSW/ATP-VSW-DOCK_HTVS_1-001_lib/ATP-VSW-DOCK_HTVS_1-001_lib,confirmed
ATP-HTVS-9C0CB662701B,22849,运行/运行/ATP-VSW/ATP-VSW-DOCK_HTVS_1-001_lib/ATP-VSW-DOCK_HTVS_1-001_lib,confirmed
ATP-HTVS-9C2287A2D630,61441,运行/运行/ATP-VSW/ATP-VSW-DOCK_HTVS_1-001_lib/ATP-VSW-DOCK_HTVS_1-001_lib,confirmed
ATP-HTVS-9C588CAB6516,96290,运行/运行/ATP-VSW/ATP-VSW-DOCK_HTVS_1-003_lib/ATP-VSW-DOCK_HTVS_1-003_lib.mae,confirmed
ATP-HTVS-9C7CAB1133CD,78305,运行/运行/ATP-VSW/ATP-VSW-DOCK_HTVS_1-001_lib/ATP-VSW-DOCK_HTVS_1-001_lib,confirmed
ATP-HTVS-9C9650448F2C,83841,运行/运行/ATP-VSW/ATP-VSW-DOCK_HTVS_1-001_lib/ATP-VSW-DOCK_HTVS_1-001_lib,confirmed
ATP-HTVS-9CB3B225923C,39555,运行/运行/ATP-VSW/ATP-VSW-DOCK_HTVS_1-003_lib/ATP-VSW-DOCK_HTVS_1-003_lib.mae,confirmed
ATP-HTVS-9CE7151F0CF5,20835,运行/运行/ATP-VSW/ATP-VSW-DOCK_HTVS_1-003_lib/ATP-VSW-DOCK_HTVS_1-003_lib.mae,confirmed
ATP-HTVS-9D3CA67459E0,67746,运行/运行/ATP-VSW/ATP-VSW-DOCK_HTVS_1-002_lib.maegz,confirmed
ATP-HTVS-9D856A339FA1,23650,运行/运行/ATP-VSW/ATP-VSW-DOCK_HTVS_1-002_lib.maegz,confirmed
ATP-HTVS-9D863030CFC5,78209,运行/运行/ATP-VSW/ATP-VSW-DOCK_HTVS_1-001_lib/ATP-VSW-DOCK_HTVS_1-001_lib,confirmed
ATP-HTVS-9DA78F477298,97857,运行/运行/ATP-VSW/ATP-VSW-DOCK_HTVS_1-002_lib.maegz,confirmed
ATP-HTVS-9DADF577E8AC,41122,运行/运行/ATP-VSW/ATP-VSW-DOCK_HTVS_1-002_lib.maegz,confirmed
ATP-HTVS-9DBDBA397665,91489,运行/运行/ATP-VSW/ATP-VSW-DOCK_HTVS_1-001_lib/ATP-VSW-DOCK_HTVS_1-001_lib,confirmed
ATP-HTVS-9DFA3785F0DB,83778,运行/运行/ATP-VSW/ATP-VSW-DOCK_HTVS_1-002_lib.maegz,confirmed
ATP-HTVS-9E45A7CB1B23,24003,运行/运行/ATP-VSW/ATP-VSW-DOCK_HTVS_1-003_lib/ATP-VSW-DOCK_HTVS_1-003_lib.mae,confirmed
ATP-HTVS-9E60DE94BDF0,48290,运行/运行/ATP-VSW/ATP-VSW-DOCK_HTVS_1-002_lib.maegz,confirmed
ATP-HTVS-9F0B8180A605,37283,运行/运行/ATP-VSW/ATP-VSW-DOCK_HTVS_1-003_lib/ATP-VSW-DOCK_HTVS_1-003_lib.mae,confirmed
ATP-HTVS-9F37D3A44946,93826,运行/运行/ATP-VSW/ATP-VSW-DOCK_HTVS_1-003_lib/ATP-VSW-DOCK_HTVS_1-003_lib.mae,confirmed
ATP-HTVS-9F5103B68EB9,61826,运行/运行/ATP-VSW/ATP-VSW-DOCK_HTVS_1-002_lib.maegz,confirmed
ATP-HTVS-9F7EB006111C,2945,运行/运行/ATP-VSW/ATP-VSW-DOCK_HTVS_1-001_lib/ATP-VSW-DOCK_HTVS_1-001_lib,confirmed
ATP-HTVS-9F81472CEEC6,90627,运行/运行/ATP-VSW/ATP-VSW-DOCK_HTVS_1-003_lib/ATP-VSW-DOCK_HTVS_1-003_lib.mae,confirmed
ATP-HTVS-9F81613398D9,73347,运行/运行/ATP-VSW/ATP-VSW-DOCK_HTVS_1-003_lib/ATP-VSW-DOCK_HTVS_1-003_lib.mae,confirmed
ATP-HTVS-9F8F78EE592C,70659,运行/运行/ATP-VSW/ATP-VSW-DOCK_HTVS_1-003_lib/ATP-VSW-DOCK_HTVS_1-003_lib.mae,confirmed
ATP-HTVS-9F9A426F6493,36611,运行/运行/ATP-VSW/ATP-VSW-DOCK_HTVS_1-003_lib/ATP-VSW-DOCK_HTVS_1-003_lib.mae,confirmed
ATP-HTVS-A05CBA531631,30147,运行/运行/ATP-VSW/ATP-VSW-DOCK_HTVS_1-003_lib/ATP-VSW-DOCK_HTVS_1-003_lib.mae,confirmed
ATP-HTVS-A0BE83379585,57251,运行/运行/ATP-VSW/ATP-VSW-DOCK_HTVS_1-003_lib/ATP-VSW-DOCK_HTVS_1-003_lib.mae,confirmed
ATP-HTVS-A0DD4911ADFC,80834,运行/运行/ATP-VSW/ATP-VSW-DOCK_HTVS_1-002_lib.maegz,confirmed
ATP-HTVS-A10345D75118,25475,运行/运行/ATP-VSW/ATP-VSW-DOCK_HTVS_1-003_lib/ATP-VSW-DOCK_HTVS_1-003_lib.mae,confirmed
ATP-HTVS-A11F200701F2,51714,运行/运行/ATP-VSW/ATP-VSW-DOCK_HTVS_1-002_lib.maegz,confirmed
ATP-HTVS-A12862845571,36162,运行/运行/ATP-VSW/ATP-VSW-DOCK_HTVS_1-002_lib.maegz,confirmed
ATP-HTVS-A1381500D8FF,28897,运行/运行/ATP-VSW/ATP-VSW-DOCK_HTVS_1-001_lib/ATP-VSW-DOCK_HTVS_1-001_lib,confirmed
ATP-HTVS-A1F737581FBF,84547,运行/运行/ATP-VSW/ATP-VSW-DOCK_HTVS_1-003_lib/ATP-VSW-DOCK_HTVS_1-003_lib.mae,confirmed
ATP-HTVS-A20FC30C18FA,37827,运行/运行/ATP-VSW/ATP-VSW-DOCK_HTVS_1-003_lib/ATP-VSW-DOCK_HTVS_1-003_lib.mae,confirmed
ATP-HTVS-A257C47BE0F3,3587,运行/运行/ATP-VSW/ATP-VSW-DOCK_HTVS_1-003_lib/ATP-VSW-DOCK_HTVS_1-003_lib.mae,confirmed
ATP-HTVS-A25C4EA68E32,90658,运行/运行/ATP-VSW/ATP-VSW-DOCK_HTVS_1-002_lib.maegz,confirmed
ATP-HTVS-A27D1CDFC59C,12003,运行/运行/ATP-VSW/ATP-VSW-DOCK_HTVS_1-003_lib/ATP-VSW-DOCK_HTVS_1-003_lib.mae,confirmed
ATP-HTVS-A286808FA942,81442,运行/运行/ATP-VSW/ATP-VSW-DOCK_HTVS_1-002_lib.maegz,confirmed
ATP-HTVS-A28F95EF9540,45281,运行/运行/ATP-VSW/ATP-VSW-DOCK_HTVS_1-001_lib/ATP-VSW-DOCK_HTVS_1-001_lib,confirmed
ATP-HTVS-A2CFD20ABAD2,83203,运行/运行/ATP-VSW/ATP-VSW-DOCK_HTVS_1-003_lib/ATP-VSW-DOCK_HTVS_1-003_lib.mae,confirmed
ATP-HTVS-A2EC0CC51325,66753,运行/运行/ATP-VSW/ATP-VSW-DOCK_HTVS_1-001_lib/ATP-VSW-DOCK_HTVS_1-001_lib,confirmed
ATP-HTVS-A2ECE24B89CB,24515,运行/运行/ATP-VSW/ATP-VSW-DOCK_HTVS_1-003_lib/ATP-VSW-DOCK_HTVS_1-003_lib.mae,confirmed
ATP-HTVS-A2FDB4A8FB56,72417,运行/运行/ATP-VSW/ATP-VSW-DOCK_HTVS_1-001_lib/ATP-VSW-DOCK_HTVS_1-001_lib,confirmed
ATP-HTVS-A305C0BD9D10,76386,运行/运行/ATP-VSW/ATP-VSW-DOCK_HTVS_1-002_lib.maegz,confirmed
ATP-HTVS-A343C43AF9EC,23169,运行/运行/ATP-VSW/ATP-VSW-DOCK_HTVS_1-001_lib/ATP-VSW-DOCK_HTVS_1-001_lib,confirmed
ATP-HTVS-A345DB3E7236,69795,运行/运行/ATP-VSW/ATP-VSW-DOCK_HTVS_1-003_lib/ATP-VSW-DOCK_HTVS_1-003_lib.mae,confirmed
ATP-HTVS-A361D156A19C,49762,运行/运行/ATP-VSW/ATP-VSW-DOCK_HTVS_1-002_lib.maegz,confirmed
ATP-HTVS-A38ED211E8B3,94083,运行/运行/ATP-VSW/ATP-VSW-DOCK_HTVS_1-003_lib/ATP-VSW-DOCK_HTVS_1-003_lib.mae,confirmed
ATP-HTVS-A3A98DB30213,66146,运行/运行/ATP-VSW/ATP-VSW-DOCK_HTVS_1-002_lib.maegz,confirmed
ATP-HTVS-A3FFA90B66AA,58403,运行/运行/ATP-VSW/ATP-VSW-DOCK_HTVS_1-003_lib/ATP-VSW-DOCK_HTVS_1-003_lib.mae,confirmed
ATP-HTVS-A44EAAD38847,47618,运行/运行/ATP-VSW/ATP-VSW-DOCK_HTVS_1-002_lib.maegz,confirmed
ATP-HTVS-A459F36766D8,51650,运行/运行/ATP-VSW/ATP-VSW-DOCK_HTVS_1-002_lib.maegz,confirmed
ATP-HTVS-A4810EBC0F15,61601,运行/运行/ATP-VSW/ATP-VSW-DOCK_HTVS_1-001_lib/ATP-VSW-DOCK_HTVS_1-001_lib,confirmed
ATP-HTVS-A4BDF0A6C58A,61058,运行/运行/ATP-VSW/ATP-VSW-DOCK_HTVS_1-002_lib.maegz,confirmed
ATP-HTVS-A4F2667C3349,72738,运行/运行/ATP-VSW/ATP-VSW-DOCK_HTVS_1-002_lib.maegz,confirmed
ATP-HTVS-A521B3182CFE,21155,运行/运行/ATP-VSW/ATP-VSW-DOCK_HTVS_1-003_lib/ATP-VSW-DOCK_HTVS_1-003_lib.mae,confirmed
ATP-HTVS-A5353E166184,71683,运行/运行/ATP-VSW/ATP-VSW-DOCK_HTVS_1-003_lib/ATP-VSW-DOCK_HTVS_1-003_lib.mae,confirmed
ATP-HTVS-A53B334F5824,50977,运行/运行/ATP-VSW/ATP-VSW-DOCK_HTVS_1-001_lib/ATP-VSW-DOCK_HTVS_1-001_lib,confirmed
ATP-HTVS-A5A2B8D72F00,38882,运行/运行/ATP-VSW/ATP-VSW-DOCK_HTVS_1-002_lib.maegz,confirmed
ATP-HTVS-A5C0EA33BE09,60675,运行/运行/ATP-VSW/ATP-VSW-DOCK_HTVS_1-003_lib/ATP-VSW-DOCK_HTVS_1-003_lib.mae,confirmed
ATP-HTVS-A6599D500180,29250,运行/运行/ATP-VSW/ATP-VSW-DOCK_HTVS_1-002_lib.maegz,confirmed
ATP-HTVS-A67C5EBB60CA,75841,运行/运行/ATP-VSW/ATP-VSW-DOCK_HTVS_1-001_lib/ATP-VSW-DOCK_HTVS_1-001_lib,confirmed
ATP-HTVS-A67DD6FB98A9,70562,运行/运行/ATP-VSW/ATP-VSW-DOCK_HTVS_1-002_lib.maegz,confirmed
ATP-HTVS-A6800539A705,75618,运行/运行/ATP-VSW/ATP-VSW-DOCK_HTVS_1-002_lib.maegz,confirmed
ATP-HTVS-A693217A85AE,38275,运行/运行/ATP-VSW/ATP-VSW-DOCK_HTVS_1-003_lib/ATP-VSW-DOCK_HTVS_1-003_lib.mae,confirmed
ATP-HTVS-A6940AB4AD1D,24387,运行/运行/ATP-VSW/ATP-VSW-DOCK_HTVS_1-003_lib/ATP-VSW-DOCK_HTVS_1-003_lib.mae,confirmed
ATP-HTVS-A6CB9DE84F6F,84034,运行/运行/ATP-VSW/ATP-VSW-DOCK_HTVS_1-002_lib.maegz,confirmed
ATP-HTVS-A6D74CA540BA,89537,运行/运行/ATP-VSW/ATP-VSW-DOCK_HTVS_1-001_lib/ATP-VSW-DOCK_HTVS_1-001_lib,confirmed
ATP-HTVS-A7093622CBF0,20771,运行/运行/ATP-VSW/ATP-VSW-DOCK_HTVS_1-003_lib/ATP-VSW-DOCK_HTVS_1-003_lib.mae,confirmed
ATP-HTVS-A719F0D3C4DA,74594,运行/运行/ATP-VSW/ATP-VSW-DOCK_HTVS_1-002_lib.maegz,confirmed
ATP-HTVS-A7693842EDE7,83074,运行/运行/ATP-VSW/ATP-VSW-DOCK_HTVS_1-002_lib.maegz,confirmed
ATP-HTVS-A7BD7D96AE57,4451,运行/运行/ATP-VSW/ATP-VSW-DOCK_HTVS_1-003_lib/ATP-VSW-DOCK_HTVS_1-003_lib.mae,confirmed
ATP-HTVS-A7EE593102BF,33505,运行/运行/ATP-VSW/ATP-VSW-DOCK_HTVS_1-001_lib/ATP-VSW-DOCK_HTVS_1-001_lib,confirmed
ATP-HTVS-A8111C46748E,73794,运行/运行/ATP-VSW/ATP-VSW-DOCK_HTVS_1-002_lib.maegz,confirmed
ATP-HTVS-A820F1D60548,63138,运行/运行/ATP-VSW/ATP-VSW-DOCK_HTVS_1-002_lib.maegz,confirmed
ATP-HTVS-A844998385F9,77505,运行/运行/ATP-VSW/ATP-VSW-DOCK_HTVS_1-001_lib/ATP-VSW-DOCK_HTVS_1-001_lib,confirmed
ATP-HTVS-A845026C7E40,91522,运行/运行/ATP-VSW/ATP-VSW-DOCK_HTVS_1-002_lib.maegz,confirmed
ATP-HTVS-A8555051B7A8,26369,运行/运行/ATP-VSW/ATP-VSW-DOCK_HTVS_1-001_lib/ATP-VSW-DOCK_HTVS_1-001_lib,confirmed
ATP-HTVS-A86A798575A4,98241,运行/运行/ATP-VSW/ATP-VSW-DOCK_HTVS_1-002_lib.maegz,confirmed
ATP-HTVS-A89DA5D53108,97121,运行/运行/ATP-VSW/ATP-VSW-DOCK_HTVS_1-002_lib.maegz,confirmed
ATP-HTVS-A8B79B8D9CE4,98466,运行/运行/ATP-VSW/ATP-VSW-DOCK_HTVS_1-003_lib/ATP-VSW-DOCK_HTVS_1-003_lib.mae,confirmed
ATP-HTVS-A8F9662136B7,83170,运行/运行/ATP-VSW/ATP-VSW-DOCK_HTVS_1-002_lib.maegz,confirmed
ATP-HTVS-A8FD4BE75532,89409,运行/运行/ATP-VSW/ATP-VSW-DOCK_HTVS_1-001_lib/ATP-VSW-DOCK_HTVS_1-001_lib,confirmed
ATP-HTVS-A9326BC55FC3,99138,运行/运行/ATP-VSW/ATP-VSW-DOCK_HTVS_1-003_lib/ATP-VSW-DOCK_HTVS_1-003_lib.mae,confirmed
ATP-HTVS-A949B56C75C5,93891,运行/运行/ATP-VSW/ATP-VSW-DOCK_HTVS_1-003_lib/ATP-VSW-DOCK_HTVS_1-003_lib.mae,confirmed
ATP-HTVS-A9572D0B6B20,80417,运行/运行/ATP-VSW/ATP-VSW-DOCK_HTVS_1-001_lib/ATP-VSW-DOCK_HTVS_1-001_lib,confirmed
ATP-HTVS-A95E57B9EC2C,50113,运行/运行/ATP-VSW/ATP-VSW-DOCK_HTVS_1-001_lib/ATP-VSW-DOCK_HTVS_1-001_lib,confirmed
ATP-HTVS-A9E2ECE51DBC,47937,运行/运行/ATP-VSW/ATP-VSW-DOCK_HTVS_1-001_lib/ATP-VSW-DOCK_HTVS_1-001_lib,confirmed
ATP-HTVS-AAAC0953A4ED,31555,运行/运行/ATP-VSW/ATP-VSW-DOCK_HTVS_1-003_lib/ATP-VSW-DOCK_HTVS_1-003_lib.mae,confirmed
ATP-HTVS-AACA343AA4DE,52321,运行/运行/ATP-VSW/ATP-VSW-DOCK_HTVS_1-001_lib/ATP-VSW-DOCK_HTVS_1-001_lib,confirmed
ATP-HTVS-AAD4045BFE18,82595,运行/运行/ATP-VSW/ATP-VSW-DOCK_HTVS_1-003_lib/ATP-VSW-DOCK_HTVS_1-003_lib.mae,confirmed
ATP-HTVS-AAEC409DC9E3,32515,运行/运行/ATP-VSW/ATP-VSW-DOCK_HTVS_1-003_lib/ATP-VSW-DOCK_HTVS_1-003_lib.mae,confirmed
ATP-HTVS-AB4BD250F7B6,81346,运行/运行/ATP-VSW/ATP-VSW-DOCK_HTVS_1-002_lib.maegz,confirmed
ATP-HTVS-AB5753B8B47E,40737,运行/运行/ATP-VSW/ATP-VSW-DOCK_HTVS_1-001_lib/ATP-VSW-DOCK_HTVS_1-001_lib,confirmed
ATP-HTVS-AB5D2E649063,94019,运行/运行/ATP-VSW/ATP-VSW-DOCK_HTVS_1-003_lib/ATP-VSW-DOCK_HTVS_1-003_lib.mae,confirmed
ATP-HTVS-AB6A0F8FBF12,18977,运行/运行/ATP-VSW/ATP-VSW-DOCK_HTVS_1-001_lib/ATP-VSW-DOCK_HTVS_1-001_lib,confirmed
ATP-HTVS-ABB27A5BB422,32386,运行/运行/ATP-VSW/ATP-VSW-DOCK_HTVS_1-002_lib.maegz,confirmed
ATP-HTVS-AC48CD61B4D9,74881,运行/运行/ATP-VSW/ATP-VSW-DOCK_HTVS_1-001_lib/ATP-VSW-DOCK_HTVS_1-001_lib,confirmed
ATP-HTVS-AC6C82062264,64258,运行/运行/ATP-VSW/ATP-VSW-DOCK_HTVS_1-002_lib.maegz,confirmed
ATP-HTVS-ACBE41267A18,4290,运行/运行/ATP-VSW/ATP-VSW-DOCK_HTVS_1-002_lib.maegz,confirmed
ATP-HTVS-AD26772F5837,35617,运行/运行/ATP-VSW/ATP-VSW-DOCK_HTVS_1-001_lib/ATP-VSW-DOCK_HTVS_1-001_lib,confirmed
ATP-HTVS-AD556EC8B5E3,32131,运行/运行/ATP-VSW/ATP-VSW-DOCK_HTVS_1-003_lib/ATP-VSW-DOCK_HTVS_1-003_lib.mae,confirmed
ATP-HTVS-AD7BC7F537E7,96482,运行/运行/ATP-VSW/ATP-VSW-DOCK_HTVS_1-003_lib/ATP-VSW-DOCK_HTVS_1-003_lib.mae,confirmed
ATP-HTVS-AD7D334F30DB,88673,运行/运行/ATP-VSW/ATP-VSW-DOCK_HTVS_1-001_lib/ATP-VSW-DOCK_HTVS_1-001_lib,confirmed
ATP-HTVS-AD7FACE11FDD,91810,运行/运行/ATP-VSW/ATP-VSW-DOCK_HTVS_1-002_lib.maegz,confirmed
ATP-HTVS-AD7FBCC01633,85217,运行/运行/ATP-VSW/ATP-VSW-DOCK_HTVS_1-001_lib/ATP-VSW-DOCK_HTVS_1-001_lib,confirmed
ATP-HTVS-ADC6A568E437,96738,运行/运行/ATP-VSW/ATP-VSW-DOCK_HTVS_1-003_lib/ATP-VSW-DOCK_HTVS_1-003_lib.mae,confirmed
ATP-HTVS-ADEEA10F1B91,88065,运行/运行/ATP-VSW/ATP-VSW-DOCK_HTVS_1-001_lib/ATP-VSW-DOCK_HTVS_1-001_lib,confirmed
ATP-HTVS-ADF1B73D9E23,85507,运行/运行/ATP-VSW/ATP-VSW-DOCK_HTVS_1-003_lib/ATP-VSW-DOCK_HTVS_1-003_lib.mae,confirmed
ATP-HTVS-ADFEB0A5CD8C,55939,运行/运行/ATP-VSW/ATP-VSW-DOCK_HTVS_1-003_lib/ATP-VSW-DOCK_HTVS_1-003_lib.mae,confirmed
ATP-HTVS-AE2593E94038,97890,运行/运行/ATP-VSW/ATP-VSW-DOCK_HTVS_1-003_lib/ATP-VSW-DOCK_HTVS_1-003_lib.mae,confirmed
ATP-HTVS-AE73BF67DB9D,5410,运行/运行/ATP-VSW/ATP-VSW-DOCK_HTVS_1-002_lib.maegz,confirmed
ATP-HTVS-AE7F15E1977E,5761,运行/运行/ATP-VSW/ATP-VSW-DOCK_HTVS_1-001_lib/ATP-VSW-DOCK_HTVS_1-001_lib,confirmed
ATP-HTVS-AE8349DE7653,92993,运行/运行/ATP-VSW/ATP-VSW-DOCK_HTVS_1-001_lib/ATP-VSW-DOCK_HTVS_1-001_lib,confirmed
ATP-HTVS-AEA5EF37F369,76161,运行/运行/ATP-VSW/ATP-VSW-DOCK_HTVS_1-001_lib/ATP-VSW-DOCK_HTVS_1-001_lib,confirmed
ATP-HTVS-AEC4D9F1E0F4,72001,运行/运行/ATP-VSW/ATP-VSW-DOCK_HTVS_1-001_lib/ATP-VSW-DOCK_HTVS_1-001_lib,confirmed
ATP-HTVS-AEE242E516D8,90657,运行/运行/ATP-VSW/ATP-VSW-DOCK_HTVS_1-001_lib/ATP-VSW-DOCK_HTVS_1-001_lib,confirmed
ATP-HTVS-AF0D06B60C3E,79234,运行/运行/ATP-VSW/ATP-VSW-DOCK_HTVS_1-002_lib.maegz,confirmed
ATP-HTVS-AF24076E5CF3,48513,运行/运行/ATP-VSW/ATP-VSW-DOCK_HTVS_1-001_lib/ATP-VSW-DOCK_HTVS_1-001_lib,confirmed
ATP-HTVS-AF546DDC8B5A,39811,运行/运行/ATP-VSW/ATP-VSW-DOCK_HTVS_1-003_lib/ATP-VSW-DOCK_HTVS_1-003_lib.mae,confirmed
ATP-HTVS-AF6DFEAC4438,77891,运行/运行/ATP-VSW/ATP-VSW-DOCK_HTVS_1-003_lib/ATP-VSW-DOCK_HTVS_1-003_lib.mae,confirmed
ATP-HTVS-AFAE325C96BD,30114,运行/运行/ATP-VSW/ATP-VSW-DOCK_HTVS_1-002_lib.maegz,confirmed
ATP-HTVS-AFB94CABAED0,95970,运行/运行/ATP-VSW/ATP-VSW-DOCK_HTVS_1-003_lib/ATP-VSW-DOCK_HTVS_1-003_lib.mae,confirmed
ATP-HTVS-AFD6D96F704F,43106,运行/运行/ATP-VSW/ATP-VSW-DOCK_HTVS_1-002_lib.maegz,confirmed
ATP-HTVS-AFF6C4F7FD39,48355,运行/运行/ATP-VSW/ATP-VSW-DOCK_HTVS_1-003_lib/ATP-VSW-DOCK_HTVS_1-003_lib.mae,confirmed
ATP-HTVS-B00F3517908E,71715,运行/运行/ATP-VSW/ATP-VSW-DOCK_HTVS_1-003_lib/ATP-VSW-DOCK_HTVS_1-003_lib.mae,confirmed
ATP-HTVS-B0742D29E2ED,92481,运行/运行/ATP-VSW/ATP-VSW-DOCK_HTVS_1-001_lib/ATP-VSW-DOCK_HTVS_1-001_lib,confirmed
ATP-HTVS-B0A71AB87D72,74467,运行/运行/ATP-VSW/ATP-VSW-DOCK_HTVS_1-003_lib/ATP-VSW-DOCK_HTVS_1-003_lib.mae,confirmed
ATP-HTVS-B0AB4541452E,78753,运行/运行/ATP-VSW/ATP-VSW-DOCK_HTVS_1-001_lib/ATP-VSW-DOCK_HTVS_1-001_lib,confirmed
ATP-HTVS-B0B19F009301,74529,运行/运行/ATP-VSW/ATP-VSW-DOCK_HTVS_1-001_lib/ATP-VSW-DOCK_HTVS_1-001_lib,confirmed
ATP-HTVS-B107F9A324A3,20065,运行/运行/ATP-VSW/ATP-VSW-DOCK_HTVS_1-001_lib/ATP-VSW-DOCK_HTVS_1-001_lib,confirmed
ATP-HTVS-B13A57A9D1F9,98178,运行/运行/ATP-VSW/ATP-VSW-DOCK_HTVS_1-003_lib/ATP-VSW-DOCK_HTVS_1-003_lib.mae,confirmed
ATP-HTVS-B13D85D04AEE,97953,运行/运行/ATP-VSW/ATP-VSW-DOCK_HTVS_1-002_lib.maegz,confirmed
ATP-HTVS-B16CEB425A58,94497,运行/运行/ATP-VSW/ATP-VSW-DOCK_HTVS_1-001_lib/ATP-VSW-DOCK_HTVS_1-001_lib,confirmed
ATP-HTVS-B1D0FF1C8AAB,46850,运行/运行/ATP-VSW/ATP-VSW-DOCK_HTVS_1-002_lib.maegz,confirmed
ATP-HTVS-B1DCCC83FEFE,30595,运行/运行/ATP-VSW/ATP-VSW-DOCK_HTVS_1-003_lib/ATP-VSW-DOCK_HTVS_1-003_lib.mae,confirmed
ATP-HTVS-B1E26FAB67D9,85443,运行/运行/ATP-VSW/ATP-VSW-DOCK_HTVS_1-003_lib/ATP-VSW-DOCK_HTVS_1-003_lib.mae,confirmed
ATP-HTVS-B1FBA11D65B8,53251,运行/运行/ATP-VSW/ATP-VSW-DOCK_HTVS_1-003_lib/ATP-VSW-DOCK_HTVS_1-003_lib.mae,confirmed
ATP-HTVS-B23516995CCF,60194,运行/运行/ATP-VSW/ATP-VSW-DOCK_HTVS_1-002_lib.maegz,confirmed
ATP-HTVS-B262751D15E7,44706,运行/运行/ATP-VSW/ATP-VSW-DOCK_HTVS_1-002_lib.maegz,confirmed
ATP-HTVS-B278BB2953A5,37281,运行/运行/ATP-VSW/ATP-VSW-DOCK_HTVS_1-001_lib/ATP-VSW-DOCK_HTVS_1-001_lib,confirmed
ATP-HTVS-B31ECD8B9A27,61603,运行/运行/ATP-VSW/ATP-VSW-DOCK_HTVS_1-003_lib/ATP-VSW-DOCK_HTVS_1-003_lib.mae,confirmed
ATP-HTVS-B34C30ECDBCB,67107,运行/运行/ATP-VSW/ATP-VSW-DOCK_HTVS_1-003_lib/ATP-VSW-DOCK_HTVS_1-003_lib.mae,confirmed
ATP-HTVS-B36D0C358EAD,4321,运行/运行/ATP-VSW/ATP-VSW-DOCK_HTVS_1-001_lib/ATP-VSW-DOCK_HTVS_1-001_lib,confirmed
ATP-HTVS-B383260168BF,80993,运行/运行/ATP-VSW/ATP-VSW-DOCK_HTVS_1-001_lib/ATP-VSW-DOCK_HTVS_1-001_lib,confirmed
ATP-HTVS-B3F47181DC5D,83746,运行/运行/ATP-VSW/ATP-VSW-DOCK_HTVS_1-002_lib.maegz,confirmed
ATP-HTVS-B3FE097D1043,69827,运行/运行/ATP-VSW/ATP-VSW-DOCK_HTVS_1-003_lib/ATP-VSW-DOCK_HTVS_1-003_lib.mae,confirmed
ATP-HTVS-B41566EF3893,35267,运行/运行/ATP-VSW/ATP-VSW-DOCK_HTVS_1-003_lib/ATP-VSW-DOCK_HTVS_1-003_lib.mae,confirmed
ATP-HTVS-B46E603BFCD4,92482,运行/运行/ATP-VSW/ATP-VSW-DOCK_HTVS_1-002_lib.maegz,confirmed
ATP-HTVS-B476F40F800C,74499,运行/运行/ATP-VSW/ATP-VSW-DOCK_HTVS_1-003_lib/ATP-VSW-DOCK_HTVS_1-003_lib.mae,confirmed
ATP-HTVS-B47DAEDE372B,98082,运行/运行/ATP-VSW/ATP-VSW-DOCK_HTVS_1-003_lib/ATP-VSW-DOCK_HTVS_1-003_lib.mae,confirmed
ATP-HTVS-B48F3FD049EC,23970,运行/运行/ATP-VSW/ATP-VSW-DOCK_HTVS_1-002_lib.maegz,confirmed
ATP-HTVS-B4E8E29A2CD9,62147,运行/运行/ATP-VSW/ATP-VSW-DOCK_HTVS_1-003_lib/ATP-VSW-DOCK_HTVS_1-003_lib.mae,confirmed
ATP-HTVS-B4F34B52DEEF,77313,运行/运行/ATP-VSW/ATP-VSW-DOCK_HTVS_1-001_lib/ATP-VSW-DOCK_HTVS_1-001_lib,confirmed
ATP-HTVS-B4FC20780B21,37219,运行/运行/ATP-VSW/ATP-VSW-DOCK_HTVS_1-003_lib/ATP-VSW-DOCK_HTVS_1-003_lib.mae,confirmed
ATP-HTVS-B51F80196405,56163,运行/运行/ATP-VSW/ATP-VSW-DOCK_HTVS_1-003_lib/ATP-VSW-DOCK_HTVS_1-003_lib.mae,confirmed
ATP-HTVS-B56D8AC3A406,90241,运行/运行/ATP-VSW/ATP-VSW-DOCK_HTVS_1-001_lib/ATP-VSW-DOCK_HTVS_1-001_lib,confirmed
ATP-HTVS-B586963EE7FB,61506,运行/运行/ATP-VSW/ATP-VSW-DOCK_HTVS_1-002_lib.maegz,confirmed
ATP-HTVS-B5A4F958CC31,90915,运行/运行/ATP-VSW/ATP-VSW-DOCK_HTVS_1-003_lib/ATP-VSW-DOCK_HTVS_1-003_lib.mae,confirmed
ATP-HTVS-B612A35BE18C,36227,运行/运行/ATP-VSW/ATP-VSW-DOCK_HTVS_1-003_lib/ATP-VSW-DOCK_HTVS_1-003_lib.mae,confirmed
ATP-HTVS-B6233BB79AF7,58179,运行/运行/ATP-VSW/ATP-VSW-DOCK_HTVS_1-003_lib/ATP-VSW-DOCK_HTVS_1-003_lib.mae,confirmed
ATP-HTVS-B64EA431F59B,47873,运行/运行/ATP-VSW/ATP-VSW-DOCK_HTVS_1-001_lib/ATP-VSW-DOCK_HTVS_1-001_lib,confirmed
ATP-HTVS-B64FB026F9D3,80449,运行/运行/ATP-VSW/ATP-VSW-DOCK_HTVS_1-001_lib/ATP-VSW-DOCK_HTVS_1-001_lib,confirmed
ATP-HTVS-B6843249DE88,60162,运行/运行/ATP-VSW/ATP-VSW-DOCK_HTVS_1-002_lib.maegz,confirmed
ATP-HTVS-B685FDB22E51,6466,运行/运行/ATP-VSW/ATP-VSW-DOCK_HTVS_1-002_lib.maegz,confirmed
ATP-HTVS-B699C037922C,89506,运行/运行/ATP-VSW/ATP-VSW-DOCK_HTVS_1-002_lib.maegz,confirmed
ATP-HTVS-B6BB4D9D6C90,17793,运行/运行/ATP-VSW/ATP-VSW-DOCK_HTVS_1-001_lib/ATP-VSW-DOCK_HTVS_1-001_lib,confirmed
ATP-HTVS-B6C483C4EE45,81410,运行/运行/ATP-VSW/ATP-VSW-DOCK_HTVS_1-002_lib.maegz,confirmed
ATP-HTVS-B7334B97F240,76226,运行/运行/ATP-VSW/ATP-VSW-DOCK_HTVS_1-002_lib.maegz,confirmed
ATP-HTVS-B7368E70BBC8,27201,运行/运行/ATP-VSW/ATP-VSW-DOCK_HTVS_1-001_lib/ATP-VSW-DOCK_HTVS_1-001_lib,confirmed
ATP-HTVS-B7604789CEBF,58530,运行/运行/ATP-VSW/ATP-VSW-DOCK_HTVS_1-002_lib.maegz,confirmed
ATP-HTVS-B77025854F9D,70979,运行/运行/ATP-VSW/ATP-VSW-DOCK_HTVS_1-003_lib/ATP-VSW-DOCK_HTVS_1-003_lib.mae,confirmed
ATP-HTVS-B798CBAC6C44,96577,运行/运行/ATP-VSW/ATP-VSW-DOCK_HTVS_1-002_lib.maegz,confirmed
ATP-HTVS-B7AB07A15A31,78435,运行/运行/ATP-VSW/ATP-VSW-DOCK_HTVS_1-003_lib/ATP-VSW-DOCK_HTVS_1-003_lib.mae,confirmed
ATP-HTVS-B7C68EF5FFDC,82755,运行/运行/ATP-VSW/ATP-VSW-DOCK_HTVS_1-003_lib/ATP-VSW-DOCK_HTVS_1-003_lib.mae,confirmed
ATP-HTVS-B7CF3B4EBACD,53986,运行/运行/ATP-VSW/ATP-VSW-DOCK_HTVS_1-002_lib.maegz,confirmed
ATP-HTVS-B7FF2C0C64E6,74275,运行/运行/ATP-VSW/ATP-VSW-DOCK_HTVS_1-003_lib/ATP-VSW-DOCK_HTVS_1-003_lib.mae,confirmed
ATP-HTVS-B8017292FA6C,98081,运行/运行/ATP-VSW/ATP-VSW-DOCK_HTVS_1-002_lib.maegz,confirmed
ATP-HTVS-B8459B836830,67074,运行/运行/ATP-VSW/ATP-VSW-DOCK_HTVS_1-002_lib.maegz,confirmed
ATP-HTVS-B847417F307C,85761,运行/运行/ATP-VSW/ATP-VSW-DOCK_HTVS_1-001_lib/ATP-VSW-DOCK_HTVS_1-001_lib,confirmed
ATP-HTVS-B860A68943EF,83874,运行/运行/ATP-VSW/ATP-VSW-DOCK_HTVS_1-002_lib.maegz,confirmed
ATP-HTVS-B88C39A42AA7,71075,运行/运行/ATP-VSW/ATP-VSW-DOCK_HTVS_1-003_lib/ATP-VSW-DOCK_HTVS_1-003_lib.mae,confirmed
ATP-HTVS-B8A979A70D7E,85859,运行/运行/ATP-VSW/ATP-VSW-DOCK_HTVS_1-003_lib/ATP-VSW-DOCK_HTVS_1-003_lib.mae,confirmed
ATP-HTVS-B8D4F4CA2980,25249,运行/运行/ATP-VSW/ATP-VSW-DOCK_HTVS_1-001_lib/ATP-VSW-DOCK_HTVS_1-001_lib,confirmed
ATP-HTVS-B976229D01A0,68866,运行/运行/ATP-VSW/ATP-VSW-DOCK_HTVS_1-002_lib.maegz,confirmed
ATP-HTVS-B989B97EF6F5,36002,运行/运行/ATP-VSW/ATP-VSW-DOCK_HTVS_1-002_lib.maegz,confirmed
ATP-HTVS-B99F6A8D80C4,82786,运行/运行/ATP-VSW/ATP-VSW-DOCK_HTVS_1-002_lib.maegz,confirmed
ATP-HTVS-B9C46F2E092C,80163,运行/运行/ATP-VSW/ATP-VSW-DOCK_HTVS_1-003_lib/ATP-VSW-DOCK_HTVS_1-003_lib.mae,confirmed
ATP-HTVS-B9E16686FC4A,78977,运行/运行/ATP-VSW/ATP-VSW-DOCK_HTVS_1-001_lib/ATP-VSW-DOCK_HTVS_1-001_lib,confirmed
ATP-HTVS-BA05F8BAE026,80994,运行/运行/ATP-VSW/ATP-VSW-DOCK_HTVS_1-002_lib.maegz,confirmed
ATP-HTVS-BA0E3BFA8388,95713,运行/运行/ATP-VSW/ATP-VSW-DOCK_HTVS_1-001_lib/ATP-VSW-DOCK_HTVS_1-001_lib,confirmed
ATP-HTVS-BAB35535B111,81859,运行/运行/ATP-VSW/ATP-VSW-DOCK_HTVS_1-003_lib/ATP-VSW-DOCK_HTVS_1-003_lib.mae,confirmed
ATP-HTVS-BAD00D53E534,97889,运行/运行/ATP-VSW/ATP-VSW-DOCK_HTVS_1-002_lib.maegz,confirmed
ATP-HTVS-BAE9605F8CCC,24769,运行/运行/ATP-VSW/ATP-VSW-DOCK_HTVS_1-001_lib/ATP-VSW-DOCK_HTVS_1-001_lib,confirmed
ATP-HTVS-BAF1AE5D2B14,74082,运行/运行/ATP-VSW/ATP-VSW-DOCK_HTVS_1-002_lib.maegz,confirmed
ATP-HTVS-BAFA4202ACED,96321,运行/运行/ATP-VSW/ATP-VSW-DOCK_HTVS_1-001_lib/ATP-VSW-DOCK_HTVS_1-001_lib,confirmed
ATP-HTVS-BB0F51DCED8B,87587,运行/运行/ATP-VSW/ATP-VSW-DOCK_HTVS_1-003_lib/ATP-VSW-DOCK_HTVS_1-003_lib.mae,confirmed
ATP-HTVS-BB2B7EB3D06A,85442,运行/运行/ATP-VSW/ATP-VSW-DOCK_HTVS_1-002_lib.maegz,confirmed
ATP-HTVS-BB30DC3CF26F,67810,运行/运行/ATP-VSW/ATP-VSW-DOCK_HTVS_1-002_lib.maegz,confirmed
ATP-HTVS-BB3EB03EB4C6,57699,运行/运行/ATP-VSW/ATP-VSW-DOCK_HTVS_1-003_lib/ATP-VSW-DOCK_HTVS_1-003_lib.mae,confirmed
ATP-HTVS-BB81D0256EE3,80641,运行/运行/ATP-VSW/ATP-VSW-DOCK_HTVS_1-001_lib/ATP-VSW-DOCK_HTVS_1-001_lib,confirmed
ATP-HTVS-BBA3AD223423,28035,运行/运行/ATP-VSW/ATP-VSW-DOCK_HTVS_1-003_lib/ATP-VSW-DOCK_HTVS_1-003_lib.mae,confirmed
ATP-HTVS-BBB01994AF2B,80578,运行/运行/ATP-VSW/ATP-VSW-DOCK_HTVS_1-002_lib.maegz,confirmed
ATP-HTVS-BBE6E61B6745,84578,运行/运行/ATP-VSW/ATP-VSW-DOCK_HTVS_1-002_lib.maegz,confirmed
ATP-HTVS-BBF7556FA5C3,44579,运行/运行/ATP-VSW/ATP-VSW-DOCK_HTVS_1-003_lib/ATP-VSW-DOCK_HTVS_1-003_lib.mae,confirmed
ATP-HTVS-BC2B8699145A,70561,运行/运行/ATP-VSW/ATP-VSW-DOCK_HTVS_1-001_lib/ATP-VSW-DOCK_HTVS_1-001_lib,confirmed
ATP-HTVS-BCAE8AB499DF,82881,运行/运行/ATP-VSW/ATP-VSW-DOCK_HTVS_1-001_lib/ATP-VSW-DOCK_HTVS_1-001_lib,confirmed
ATP-HTVS-BCB25216F396,83875,运行/运行/ATP-VSW/ATP-VSW-DOCK_HTVS_1-003_lib/ATP-VSW-DOCK_HTVS_1-003_lib.mae,confirmed
ATP-HTVS-BCB37E169801,66851,运行/运行/ATP-VSW/ATP-VSW-DOCK_HTVS_1-003_lib/ATP-VSW-DOCK_HTVS_1-003_lib.mae,confirmed
ATP-HTVS-BCEA86BEEC0A,20258,运行/运行/ATP-VSW/ATP-VSW-DOCK_HTVS_1-002_lib.maegz,confirmed
ATP-HTVS-BD03C735BC89,84035,运行/运行/ATP-VSW/ATP-VSW-DOCK_HTVS_1-003_lib/ATP-VSW-DOCK_HTVS_1-003_lib.mae,confirmed
ATP-HTVS-BD0B30D0980B,63267,运行/运行/ATP-VSW/ATP-VSW-DOCK_HTVS_1-003_lib/ATP-VSW-DOCK_HTVS_1-003_lib.mae,confirmed
ATP-HTVS-BD172DBF0B92,62243,运行/运行/ATP-VSW/ATP-VSW-DOCK_HTVS_1-003_lib/ATP-VSW-DOCK_HTVS_1-003_lib.mae,confirmed
ATP-HTVS-BD1ED4B7B841,91779,运行/运行/ATP-VSW/ATP-VSW-DOCK_HTVS_1-003_lib/ATP-VSW-DOCK_HTVS_1-003_lib.mae,confirmed
ATP-HTVS-BD741E539D0D,23235,运行/运行/ATP-VSW/ATP-VSW-DOCK_HTVS_1-003_lib/ATP-VSW-DOCK_HTVS_1-003_lib.mae,confirmed
ATP-HTVS-BD9D807D92EC,94305,运行/运行/ATP-VSW/ATP-VSW-DOCK_HTVS_1-001_lib/ATP-VSW-DOCK_HTVS_1-001_lib,confirmed
ATP-HTVS-BDB37C4B0D07,53090,运行/运行/ATP-VSW/ATP-VSW-DOCK_HTVS_1-002_lib.maegz,confirmed
ATP-HTVS-BDBBABCD42A1,50114,运行/运行/ATP-VSW/ATP-VSW-DOCK_HTVS_1-002_lib.maegz,confirmed
ATP-HTVS-BDBFEED18423,61698,运行/运行/ATP-VSW/ATP-VSW-DOCK_HTVS_1-002_lib.maegz,confirmed
ATP-HTVS-BDC9F9AD9B20,33281,运行/运行/ATP-VSW/ATP-VSW-DOCK_HTVS_1-001_lib/ATP-VSW-DOCK_HTVS_1-001_lib,confirmed
ATP-HTVS-BDD1C4453981,38147,运行/运行/ATP-VSW/ATP-VSW-DOCK_HTVS_1-003_lib/ATP-VSW-DOCK_HTVS_1-003_lib.mae,confirmed
ATP-HTVS-BE0949FFEA46,84483,运行/运行/ATP-VSW/ATP-VSW-DOCK_HTVS_1-003_lib/ATP-VSW-DOCK_HTVS_1-003_lib.mae,confirmed
ATP-HTVS-BE25F64FE980,42785,运行/运行/ATP-VSW/ATP-VSW-DOCK_HTVS_1-001_lib/ATP-VSW-DOCK_HTVS_1-001_lib,confirmed
ATP-HTVS-BE2C9D7D83B9,57441,运行/运行/ATP-VSW/ATP-VSW-DOCK_HTVS_1-001_lib/ATP-VSW-DOCK_HTVS_1-001_lib,confirmed
ATP-HTVS-BE963CFE3042,38017,运行/运行/ATP-VSW/ATP-VSW-DOCK_HTVS_1-001_lib/ATP-VSW-DOCK_HTVS_1-001_lib,confirmed
ATP-HTVS-BEC4D7C74EFC,70658,运行/运行/ATP-VSW/ATP-VSW-DOCK_HTVS_1-002_lib.maegz,confirmed
ATP-HTVS-BECDF8C854B5,82305,运行/运行/ATP-VSW/ATP-VSW-DOCK_HTVS_1-001_lib/ATP-VSW-DOCK_HTVS_1-001_lib,confirmed
ATP-HTVS-BF2AFCF05426,93699,运行/运行/ATP-VSW/ATP-VSW-DOCK_HTVS_1-003_lib/ATP-VSW-DOCK_HTVS_1-003_lib.mae,confirmed
ATP-HTVS-BF383207F30E,28642,运行/运行/ATP-VSW/ATP-VSW-DOCK_HTVS_1-002_lib.maegz,confirmed
ATP-HTVS-BF68A4285DB1,42338,运行/运行/ATP-VSW/ATP-VSW-DOCK_HTVS_1-002_lib.maegz,confirmed
ATP-HTVS-BF6C9643780C,85186,运行/运行/ATP-VSW/ATP-VSW-DOCK_HTVS_1-002_lib.maegz,confirmed
ATP-HTVS-BF826A7B469A,89442,运行/运行/ATP-VSW/ATP-VSW-DOCK_HTVS_1-002_lib.maegz,confirmed
ATP-HTVS-BF8F947D0493,34082,运行/运行/ATP-VSW/ATP-VSW-DOCK_HTVS_1-002_lib.maegz,confirmed
ATP-HTVS-BFC0901B6A3C,76930,运行/运行/ATP-VSW/ATP-VSW-DOCK_HTVS_1-002_lib.maegz,confirmed
ATP-HTVS-BFD5BCAF9717,52961,运行/运行/ATP-VSW/ATP-VSW-DOCK_HTVS_1-001_lib/ATP-VSW-DOCK_HTVS_1-001_lib,confirmed
ATP-HTVS-BFEA0E4C0B7C,74657,运行/运行/ATP-VSW/ATP-VSW-DOCK_HTVS_1-001_lib/ATP-VSW-DOCK_HTVS_1-001_lib,confirmed
ATP-HTVS-C038EE4FCBA5,94113,运行/运行/ATP-VSW/ATP-VSW-DOCK_HTVS_1-001_lib/ATP-VSW-DOCK_HTVS_1-001_lib,confirmed
ATP-HTVS-C0568328686F,39681,运行/运行/ATP-VSW/ATP-VSW-DOCK_HTVS_1-001_lib/ATP-VSW-DOCK_HTVS_1-001_lib,confirmed
ATP-HTVS-C0772D58369C,99330,运行/运行/ATP-VSW/ATP-VSW-DOCK_HTVS_1-003_lib/ATP-VSW-DOCK_HTVS_1-003_lib.mae,confirmed
ATP-HTVS-C09627CFBEE5,62882,运行/运行/ATP-VSW/ATP-VSW-DOCK_HTVS_1-002_lib.maegz,confirmed
ATP-HTVS-C0A883403093,80579,运行/运行/ATP-VSW/ATP-VSW-DOCK_HTVS_1-003_lib/ATP-VSW-DOCK_HTVS_1-003_lib.mae,confirmed
ATP-HTVS-C0ADD803E371,28353,运行/运行/ATP-VSW/ATP-VSW-DOCK_HTVS_1-001_lib/ATP-VSW-DOCK_HTVS_1-001_lib,confirmed
ATP-HTVS-C0B01F645FC7,95074,运行/运行/ATP-VSW/ATP-VSW-DOCK_HTVS_1-003_lib/ATP-VSW-DOCK_HTVS_1-003_lib.mae,confirmed
ATP-HTVS-C0E7239EA73D,94018,运行/运行/ATP-VSW/ATP-VSW-DOCK_HTVS_1-003_lib/ATP-VSW-DOCK_HTVS_1-003_lib.mae,confirmed
ATP-HTVS-C10AA91B306E,67713,运行/运行/ATP-VSW/ATP-VSW-DOCK_HTVS_1-001_lib/ATP-VSW-DOCK_HTVS_1-001_lib,confirmed
ATP-HTVS-C12B4C379970,35235,运行/运行/ATP-VSW/ATP-VSW-DOCK_HTVS_1-003_lib/ATP-VSW-DOCK_HTVS_1-003_lib.mae,confirmed
ATP-HTVS-C13B253881A4,36801,运行/运行/ATP-VSW/ATP-VSW-DOCK_HTVS_1-001_lib/ATP-VSW-DOCK_HTVS_1-001_lib,confirmed
ATP-HTVS-C1848F46B113,80386,运行/运行/ATP-VSW/ATP-VSW-DOCK_HTVS_1-002_lib.maegz,confirmed
ATP-HTVS-C188770C1FD9,20962,运行/运行/ATP-VSW/ATP-VSW-DOCK_HTVS_1-002_lib.maegz,confirmed
ATP-HTVS-C1AB9EDC96AF,72801,运行/运行/ATP-VSW/ATP-VSW-DOCK_HTVS_1-001_lib/ATP-VSW-DOCK_HTVS_1-001_lib,confirmed
ATP-HTVS-C2A68E9F7CC7,44385,运行/运行/ATP-VSW/ATP-VSW-DOCK_HTVS_1-001_lib/ATP-VSW-DOCK_HTVS_1-001_lib,confirmed
ATP-HTVS-C2B7985A0F3E,34305,运行/运行/ATP-VSW/ATP-VSW-DOCK_HTVS_1-001_lib/ATP-VSW-DOCK_HTVS_1-001_lib,confirmed
ATP-HTVS-C302107B3554,71682,运行/运行/ATP-VSW/ATP-VSW-DOCK_HTVS_1-002_lib.maegz,confirmed
ATP-HTVS-C31215E10DA6,83714,运行/运行/ATP-VSW/ATP-VSW-DOCK_HTVS_1-002_lib.maegz,confirmed
ATP-HTVS-C36315435956,60258,运行/运行/ATP-VSW/ATP-VSW-DOCK_HTVS_1-002_lib.maegz,confirmed
ATP-HTVS-C36F7D03654F,89441,运行/运行/ATP-VSW/ATP-VSW-DOCK_HTVS_1-001_lib/ATP-VSW-DOCK_HTVS_1-001_lib,confirmed
ATP-HTVS-C3768FC48E4A,87394,运行/运行/ATP-VSW/ATP-VSW-DOCK_HTVS_1-002_lib.maegz,confirmed
ATP-HTVS-C384A8554A98,76354,运行/运行/ATP-VSW/ATP-VSW-DOCK_HTVS_1-002_lib.maegz,confirmed
ATP-HTVS-C39BEF6539AB,4355,运行/运行/ATP-VSW/ATP-VSW-DOCK_HTVS_1-003_lib/ATP-VSW-DOCK_HTVS_1-003_lib.mae,confirmed
ATP-HTVS-C3A30B83BBDA,88483,运行/运行/ATP-VSW/ATP-VSW-DOCK_HTVS_1-003_lib/ATP-VSW-DOCK_HTVS_1-003_lib.mae,confirmed
ATP-HTVS-C3FA166C1ADD,36707,运行/运行/ATP-VSW/ATP-VSW-DOCK_HTVS_1-003_lib/ATP-VSW-DOCK_HTVS_1-003_lib.mae,confirmed
ATP-HTVS-C3FD34132B6A,71490,运行/运行/ATP-VSW/ATP-VSW-DOCK_HTVS_1-002_lib.maegz,confirmed
ATP-HTVS-C40016FC0CB2,70721,运行/运行/ATP-VSW/ATP-VSW-DOCK_HTVS_1-001_lib/ATP-VSW-DOCK_HTVS_1-001_lib,confirmed
ATP-HTVS-C4138656EE80,36610,运行/运行/ATP-VSW/ATP-VSW-DOCK_HTVS_1-002_lib.maegz,confirmed
ATP-HTVS-C445C351F9C8,47970,运行/运行/ATP-VSW/ATP-VSW-DOCK_HTVS_1-002_lib.maegz,confirmed
ATP-HTVS-C4778BDFFC37,75843,运行/运行/ATP-VSW/ATP-VSW-DOCK_HTVS_1-003_lib/ATP-VSW-DOCK_HTVS_1-003_lib.mae,confirmed
ATP-HTVS-C4893C1BFF55,25250,运行/运行/ATP-VSW/ATP-VSW-DOCK_HTVS_1-002_lib.maegz,confirmed
ATP-HTVS-C4C9929F3284,78403,运行/运行/ATP-VSW/ATP-VSW-DOCK_HTVS_1-003_lib/ATP-VSW-DOCK_HTVS_1-003_lib.mae,confirmed
ATP-HTVS-C4D43EEF7CE1,98690,运行/运行/ATP-VSW/ATP-VSW-DOCK_HTVS_1-003_lib/ATP-VSW-DOCK_HTVS_1-003_lib.mae,confirmed
ATP-HTVS-C55276015D5E,97217,运行/运行/ATP-VSW/ATP-VSW-DOCK_HTVS_1-002_lib.maegz,confirmed
ATP-HTVS-C563D945857F,80867,运行/运行/ATP-VSW/ATP-VSW-DOCK_HTVS_1-003_lib/ATP-VSW-DOCK_HTVS_1-003_lib.mae,confirmed
ATP-HTVS-C59D75D09D12,68706,运行/运行/ATP-VSW/ATP-VSW-DOCK_HTVS_1-002_lib.maegz,confirmed
ATP-HTVS-C5A7FD400424,82753,运行/运行/ATP-VSW/ATP-VSW-DOCK_HTVS_1-001_lib/ATP-VSW-DOCK_HTVS_1-001_lib,confirmed
ATP-HTVS-C615FEE5992B,53122,运行/运行/ATP-VSW/ATP-VSW-DOCK_HTVS_1-002_lib.maegz,confirmed
ATP-HTVS-C6A6F28FFA03,82401,运行/运行/ATP-VSW/ATP-VSW-DOCK_HTVS_1-001_lib/ATP-VSW-DOCK_HTVS_1-001_lib,confirmed
ATP-HTVS-C6C7CCEB60F2,73954,运行/运行/ATP-VSW/ATP-VSW-DOCK_HTVS_1-002_lib.maegz,confirmed
ATP-HTVS-C725FB5B69C4,56739,运行/运行/ATP-VSW/ATP-VSW-DOCK_HTVS_1-003_lib/ATP-VSW-DOCK_HTVS_1-003_lib.mae,confirmed
ATP-HTVS-C74806D7CD52,53537,运行/运行/ATP-VSW/ATP-VSW-DOCK_HTVS_1-001_lib/ATP-VSW-DOCK_HTVS_1-001_lib,confirmed
ATP-HTVS-C78E55448419,80034,运行/运行/ATP-VSW/ATP-VSW-DOCK_HTVS_1-002_lib.maegz,confirmed
ATP-HTVS-C7A4A85DE6AC,94051,运行/运行/ATP-VSW/ATP-VSW-DOCK_HTVS_1-003_lib/ATP-VSW-DOCK_HTVS_1-003_lib.mae,confirmed
ATP-HTVS-C7C112B42D2F,79778,运行/运行/ATP-VSW/ATP-VSW-DOCK_HTVS_1-002_lib.maegz,confirmed
ATP-HTVS-C7E1AC016800,99361,运行/运行/ATP-VSW/ATP-VSW-DOCK_HTVS_1-002_lib.maegz,confirmed
ATP-HTVS-C7F6DF534483,73346,运行/运行/ATP-VSW/ATP-VSW-DOCK_HTVS_1-002_lib.maegz,confirmed
ATP-HTVS-C81E0B2D019D,80098,运行/运行/ATP-VSW/ATP-VSW-DOCK_HTVS_1-002_lib.maegz,confirmed
ATP-HTVS-C853ACB1A86B,96802,运行/运行/ATP-VSW/ATP-VSW-DOCK_HTVS_1-003_lib/ATP-VSW-DOCK_HTVS_1-003_lib.mae,confirmed
ATP-HTVS-C88FA91C4E8E,75201,运行/运行/ATP-VSW/ATP-VSW-DOCK_HTVS_1-001_lib/ATP-VSW-DOCK_HTVS_1-001_lib,confirmed
ATP-HTVS-C894FAAE5B10,4706,运行/运行/ATP-VSW/ATP-VSW-DOCK_HTVS_1-002_lib.maegz,confirmed
ATP-HTVS-C8A46F369ED4,99810,运行/运行/ATP-VSW/ATP-VSW-DOCK_HTVS_1-003_lib/ATP-VSW-DOCK_HTVS_1-003_lib.mae,confirmed
ATP-HTVS-C8D8BA0AA9EF,75042,运行/运行/ATP-VSW/ATP-VSW-DOCK_HTVS_1-002_lib.maegz,confirmed
ATP-HTVS-C8F29258BF11,76962,运行/运行/ATP-VSW/ATP-VSW-DOCK_HTVS_1-002_lib.maegz,confirmed
ATP-HTVS-C9013CEACAA9,79266,运行/运行/ATP-VSW/ATP-VSW-DOCK_HTVS_1-002_lib.maegz,confirmed
ATP-HTVS-C924AED67E53,55841,运行/运行/ATP-VSW/ATP-VSW-DOCK_HTVS_1-001_lib/ATP-VSW-DOCK_HTVS_1-001_lib,confirmed
ATP-HTVS-C9308A7164FF,83843,运行/运行/ATP-VSW/ATP-VSW-DOCK_HTVS_1-003_lib/ATP-VSW-DOCK_HTVS_1-003_lib.mae,confirmed
ATP-HTVS-C930A8816DDB,3521,运行/运行/ATP-VSW/ATP-VSW-DOCK_HTVS_1-001_lib/ATP-VSW-DOCK_HTVS_1-001_lib,confirmed
ATP-HTVS-C97E366A40B5,96353,运行/运行/ATP-VSW/ATP-VSW-DOCK_HTVS_1-001_lib/ATP-VSW-DOCK_HTVS_1-001_lib,confirmed
ATP-HTVS-C9B00227BFE8,37217,运行/运行/ATP-VSW/ATP-VSW-DOCK_HTVS_1-001_lib/ATP-VSW-DOCK_HTVS_1-001_lib,confirmed
ATP-HTVS-C9CB4EF32822,20449,运行/运行/ATP-VSW/ATP-VSW-DOCK_HTVS_1-001_lib/ATP-VSW-DOCK_HTVS_1-001_lib,confirmed
ATP-HTVS-C9E144645171,38689,运行/运行/ATP-VSW/ATP-VSW-DOCK_HTVS_1-001_lib/ATP-VSW-DOCK_HTVS_1-001_lib,confirmed
ATP-HTVS-CA08B0F5D119,66561,运行/运行/ATP-VSW/ATP-VSW-DOCK_HTVS_1-001_lib/ATP-VSW-DOCK_HTVS_1-001_lib,confirmed
ATP-HTVS-CA5141603A6E,62146,运行/运行/ATP-VSW/ATP-VSW-DOCK_HTVS_1-002_lib.maegz,confirmed
ATP-HTVS-CA6523C86104,32322,运行/运行/ATP-VSW/ATP-VSW-DOCK_HTVS_1-002_lib.maegz,confirmed
ATP-HTVS-CA9A4676B579,80962,运行/运行/ATP-VSW/ATP-VSW-DOCK_HTVS_1-002_lib.maegz,confirmed
ATP-HTVS-CAF3F282F1EC,86531,运行/运行/ATP-VSW/ATP-VSW-DOCK_HTVS_1-003_lib/ATP-VSW-DOCK_HTVS_1-003_lib.mae,confirmed
ATP-HTVS-CAF437F0E3C3,42177,运行/运行/ATP-VSW/ATP-VSW-DOCK_HTVS_1-001_lib/ATP-VSW-DOCK_HTVS_1-001_lib,confirmed
ATP-HTVS-CB056AB5514A,67811,运行/运行/ATP-VSW/ATP-VSW-DOCK_HTVS_1-003_lib/ATP-VSW-DOCK_HTVS_1-003_lib.mae,confirmed
ATP-HTVS-CB08F8B01966,54499,运行/运行/ATP-VSW/ATP-VSW-DOCK_HTVS_1-003_lib/ATP-VSW-DOCK_HTVS_1-003_lib.mae,confirmed
ATP-HTVS-CB100B4C9F83,73827,运行/运行/ATP-VSW/ATP-VSW-DOCK_HTVS_1-003_lib/ATP-VSW-DOCK_HTVS_1-003_lib.mae,confirmed
ATP-HTVS-CB3D9B3FDDC1,36449,运行/运行/ATP-VSW/ATP-VSW-DOCK_HTVS_1-001_lib/ATP-VSW-DOCK_HTVS_1-001_lib,confirmed
ATP-HTVS-CB3E61D945F3,58177,运行/运行/ATP-VSW/ATP-VSW-DOCK_HTVS_1-001_lib/ATP-VSW-DOCK_HTVS_1-001_lib,confirmed
ATP-HTVS-CB568D2EE5B9,70083,运行/运行/ATP-VSW/ATP-VSW-DOCK_HTVS_1-003_lib/ATP-VSW-DOCK_HTVS_1-003_lib.mae,confirmed
ATP-HTVS-CBC473663EF6,80195,运行/运行/ATP-VSW/ATP-VSW-DOCK_HTVS_1-003_lib/ATP-VSW-DOCK_HTVS_1-003_lib.mae,confirmed
ATP-HTVS-CBCD19AD9C21,69538,运行/运行/ATP-VSW/ATP-VSW-DOCK_HTVS_1-002_lib.maegz,confirmed
ATP-HTVS-CC01DAB978DA,59971,运行/运行/ATP-VSW/ATP-VSW-DOCK_HTVS_1-003_lib/ATP-VSW-DOCK_HTVS_1-003_lib.mae,confirmed
ATP-HTVS-CC453EE4B1F8,68963,运行/运行/ATP-VSW/ATP-VSW-DOCK_HTVS_1-003_lib/ATP-VSW-DOCK_HTVS_1-003_lib.mae,confirmed
ATP-HTVS-CC5603E93E79,80513,运行/运行/ATP-VSW/ATP-VSW-DOCK_HTVS_1-001_lib/ATP-VSW-DOCK_HTVS_1-001_lib,confirmed
ATP-HTVS-CC671C1EED81,79682,运行/运行/ATP-VSW/ATP-VSW-DOCK_HTVS_1-002_lib.maegz,confirmed
ATP-HTVS-CC7A8C42BA33,30369,运行/运行/ATP-VSW/ATP-VSW-DOCK_HTVS_1-001_lib/ATP-VSW-DOCK_HTVS_1-001_lib,confirmed
ATP-HTVS-CC7F9EDA8956,76001,运行/运行/ATP-VSW/ATP-VSW-DOCK_HTVS_1-001_lib/ATP-VSW-DOCK_HTVS_1-001_lib,confirmed
ATP-HTVS-CC86D79AEE13,84610,运行/运行/ATP-VSW/ATP-VSW-DOCK_HTVS_1-002_lib.maegz,confirmed
ATP-HTVS-CCF7E888A475,26563,运行/运行/ATP-VSW/ATP-VSW-DOCK_HTVS_1-003_lib/ATP-VSW-DOCK_HTVS_1-003_lib.mae,confirmed
ATP-HTVS-CD22DC9E9474,28033,运行/运行/ATP-VSW/ATP-VSW-DOCK_HTVS_1-001_lib/ATP-VSW-DOCK_HTVS_1-001_lib,confirmed
ATP-HTVS-CD3E1774443F,28194,运行/运行/ATP-VSW/ATP-VSW-DOCK_HTVS_1-002_lib.maegz,confirmed
ATP-HTVS-CD664E950D6F,34817,运行/运行/ATP-VSW/ATP-VSW-DOCK_HTVS_1-001_lib/ATP-VSW-DOCK_HTVS_1-001_lib,confirmed
ATP-HTVS-CD6AA4CFEADB,78050,运行/运行/ATP-VSW/ATP-VSW-DOCK_HTVS_1-002_lib.maegz,confirmed
ATP-HTVS-CD84540442E8,70081,运行/运行/ATP-VSW/ATP-VSW-DOCK_HTVS_1-001_lib/ATP-VSW-DOCK_HTVS_1-001_lib,confirmed
ATP-HTVS-CDA0FA66D084,72961,运行/运行/ATP-VSW/ATP-VSW-DOCK_HTVS_1-001_lib/ATP-VSW-DOCK_HTVS_1-001_lib,confirmed
ATP-HTVS-CDB030173D15,66242,运行/运行/ATP-VSW/ATP-VSW-DOCK_HTVS_1-002_lib.maegz,confirmed
ATP-HTVS-CDFFE8C73978,78019,运行/运行/ATP-VSW/ATP-VSW-DOCK_HTVS_1-003_lib/ATP-VSW-DOCK_HTVS_1-003_lib.mae,confirmed
ATP-HTVS-CE0C62FD8EFC,70435,运行/运行/ATP-VSW/ATP-VSW-DOCK_HTVS_1-003_lib/ATP-VSW-DOCK_HTVS_1-003_lib.mae,confirmed
ATP-HTVS-CE22382A0684,74817,运行/运行/ATP-VSW/ATP-VSW-DOCK_HTVS_1-001_lib/ATP-VSW-DOCK_HTVS_1-001_lib,confirmed
ATP-HTVS-CE83EECF0A09,37763,运行/运行/ATP-VSW/ATP-VSW-DOCK_HTVS_1-003_lib/ATP-VSW-DOCK_HTVS_1-003_lib.mae,confirmed
ATP-HTVS-CE85F8224252,69185,运行/运行/ATP-VSW/ATP-VSW-DOCK_HTVS_1-001_lib/ATP-VSW-DOCK_HTVS_1-001_lib,confirmed
ATP-HTVS-CEA6734F7F3C,98242,运行/运行/ATP-VSW/ATP-VSW-DOCK_HTVS_1-003_lib/ATP-VSW-DOCK_HTVS_1-003_lib.mae,confirmed
ATP-HTVS-CEB5A32F933D,98433,运行/运行/ATP-VSW/ATP-VSW-DOCK_HTVS_1-002_lib.maegz,confirmed
ATP-HTVS-CEC01CDE00B1,94818,运行/运行/ATP-VSW/ATP-VSW-DOCK_HTVS_1-003_lib/ATP-VSW-DOCK_HTVS_1-003_lib.mae,confirmed
ATP-HTVS-CED8BA7CA394,18338,运行/运行/ATP-VSW/ATP-VSW-DOCK_HTVS_1-002_lib.maegz,confirmed
ATP-HTVS-CEDCE5F1BEB7,20034,运行/运行/ATP-VSW/ATP-VSW-DOCK_HTVS_1-002_lib.maegz,confirmed
ATP-HTVS-CEF12CE4FD32,29538,运行/运行/ATP-VSW/ATP-VSW-DOCK_HTVS_1-002_lib.maegz,confirmed
ATP-HTVS-CF29C556AE01,40739,运行/运行/ATP-VSW/ATP-VSW-DOCK_HTVS_1-003_lib/ATP-VSW-DOCK_HTVS_1-003_lib.mae,confirmed
ATP-HTVS-CF9A421CD50D,33410,运行/运行/ATP-VSW/ATP-VSW-DOCK_HTVS_1-002_lib.maegz,confirmed
ATP-HTVS-CFB2EA2F52FD,81570,运行/运行/ATP-VSW/ATP-VSW-DOCK_HTVS_1-002_lib.maegz,confirmed
ATP-HTVS-D0257FD59117,53153,运行/运行/ATP-VSW/ATP-VSW-DOCK_HTVS_1-001_lib/ATP-VSW-DOCK_HTVS_1-001_lib,confirmed
ATP-HTVS-D02CBBC5B48D,78915,运行/运行/ATP-VSW/ATP-VSW-DOCK_HTVS_1-003_lib/ATP-VSW-DOCK_HTVS_1-003_lib.mae,confirmed
ATP-HTVS-D0CA976BC689,29859,运行/运行/ATP-VSW/ATP-VSW-DOCK_HTVS_1-003_lib/ATP-VSW-DOCK_HTVS_1-003_lib.mae,confirmed
ATP-HTVS-D0D9A6B890A3,89250,运行/运行/ATP-VSW/ATP-VSW-DOCK_HTVS_1-002_lib.maegz,confirmed
ATP-HTVS-D102EB8CAB11,61025,运行/运行/ATP-VSW/ATP-VSW-DOCK_HTVS_1-001_lib/ATP-VSW-DOCK_HTVS_1-001_lib,confirmed
ATP-HTVS-D1462A8BE621,82146,运行/运行/ATP-VSW/ATP-VSW-DOCK_HTVS_1-002_lib.maegz,confirmed
ATP-HTVS-D18D68753065,80611,运行/运行/ATP-VSW/ATP-VSW-DOCK_HTVS_1-003_lib/ATP-VSW-DOCK_HTVS_1-003_lib.mae,confirmed
ATP-HTVS-D190FC844C9E,99170,运行/运行/ATP-VSW/ATP-VSW-DOCK_HTVS_1-003_lib/ATP-VSW-DOCK_HTVS_1-003_lib.mae,confirmed
ATP-HTVS-D1A5509321EA,16609,运行/运行/ATP-VSW/ATP-VSW-DOCK_HTVS_1-001_lib/ATP-VSW-DOCK_HTVS_1-001_lib,confirmed
ATP-HTVS-D1F1286C5AB6,82883,运行/运行/ATP-VSW/ATP-VSW-DOCK_HTVS_1-003_lib/ATP-VSW-DOCK_HTVS_1-003_lib.mae,confirmed
ATP-HTVS-D22CA90FC022,53539,运行/运行/ATP-VSW/ATP-VSW-DOCK_HTVS_1-003_lib/ATP-VSW-DOCK_HTVS_1-003_lib.mae,confirmed
ATP-HTVS-D254F911DFD1,51233,运行/运行/ATP-VSW/ATP-VSW-DOCK_HTVS_1-001_lib/ATP-VSW-DOCK_HTVS_1-001_lib,confirmed
ATP-HTVS-D2D0A1D4326E,73153,运行/运行/ATP-VSW/ATP-VSW-DOCK_HTVS_1-001_lib/ATP-VSW-DOCK_HTVS_1-001_lib,confirmed
ATP-HTVS-D33A0E291F08,23651,运行/运行/ATP-VSW/ATP-VSW-DOCK_HTVS_1-003_lib/ATP-VSW-DOCK_HTVS_1-003_lib.mae,confirmed
ATP-HTVS-D35090C63096,84674,运行/运行/ATP-VSW/ATP-VSW-DOCK_HTVS_1-002_lib.maegz,confirmed
ATP-HTVS-D35FD22B1728,77186,运行/运行/ATP-VSW/ATP-VSW-DOCK_HTVS_1-002_lib.maegz,confirmed
ATP-HTVS-D3717771288C,76993,运行/运行/ATP-VSW/ATP-VSW-DOCK_HTVS_1-001_lib/ATP-VSW-DOCK_HTVS_1-001_lib,confirmed
ATP-HTVS-D38DE888E88F,70401,运行/运行/ATP-VSW/ATP-VSW-DOCK_HTVS_1-001_lib/ATP-VSW-DOCK_HTVS_1-001_lib,confirmed
ATP-HTVS-D3913B8FBCFA,93186,运行/运行/ATP-VSW/ATP-VSW-DOCK_HTVS_1-002_lib.maegz,confirmed
ATP-HTVS-D3B4C31C9E9F,23329,运行/运行/ATP-VSW/ATP-VSW-DOCK_HTVS_1-001_lib/ATP-VSW-DOCK_HTVS_1-001_lib,confirmed
ATP-HTVS-D3B596BB619E,74947,运行/运行/ATP-VSW/ATP-VSW-DOCK_HTVS_1-003_lib/ATP-VSW-DOCK_HTVS_1-003_lib.mae,confirmed
ATP-HTVS-D3D42427DD6F,94017,运行/运行/ATP-VSW/ATP-VSW-DOCK_HTVS_1-001_lib/ATP-VSW-DOCK_HTVS_1-001_lib,confirmed
ATP-HTVS-D41B937429B7,86307,运行/运行/ATP-VSW/ATP-VSW-DOCK_HTVS_1-003_lib/ATP-VSW-DOCK_HTVS_1-003_lib.mae,confirmed
ATP-HTVS-D45BC7EA8057,70339,运行/运行/ATP-VSW/ATP-VSW-DOCK_HTVS_1-003_lib/ATP-VSW-DOCK_HTVS_1-003_lib.mae,confirmed
ATP-HTVS-D4881A2AC8A2,51649,运行/运行/ATP-VSW/ATP-VSW-DOCK_HTVS_1-001_lib/ATP-VSW-DOCK_HTVS_1-001_lib,confirmed
ATP-HTVS-D49B0A10993C,27586,运行/运行/ATP-VSW/ATP-VSW-DOCK_HTVS_1-002_lib.maegz,confirmed
ATP-HTVS-D4AE6553B313,87906,运行/运行/ATP-VSW/ATP-VSW-DOCK_HTVS_1-002_lib.maegz,confirmed
ATP-HTVS-D4B05735BAC4,50594,运行/运行/ATP-VSW/ATP-VSW-DOCK_HTVS_1-002_lib.maegz,confirmed
ATP-HTVS-D4C1A78D47F2,58401,运行/运行/ATP-VSW/ATP-VSW-DOCK_HTVS_1-001_lib/ATP-VSW-DOCK_HTVS_1-001_lib,confirmed
ATP-HTVS-D4F4D34A0DC7,514,运行/运行/ATP-VSW/ATP-VSW-DOCK_HTVS_1-002_lib.maegz,confirmed
ATP-HTVS-D51006C467E8,12578,运行/运行/ATP-VSW/ATP-VSW-DOCK_HTVS_1-002_lib.maegz,confirmed
ATP-HTVS-D52094086515,83715,运行/运行/ATP-VSW/ATP-VSW-DOCK_HTVS_1-003_lib/ATP-VSW-DOCK_HTVS_1-003_lib.mae,confirmed
ATP-HTVS-D53BE49171F7,23619,运行/运行/ATP-VSW/ATP-VSW-DOCK_HTVS_1-003_lib/ATP-VSW-DOCK_HTVS_1-003_lib.mae,confirmed
ATP-HTVS-D57D92118EC0,78850,运行/运行/ATP-VSW/ATP-VSW-DOCK_HTVS_1-002_lib.maegz,confirmed
ATP-HTVS-D57FDE5925BA,51522,运行/运行/ATP-VSW/ATP-VSW-DOCK_HTVS_1-002_lib.maegz,confirmed
ATP-HTVS-D5881C68A9EC,95073,运行/运行/ATP-VSW/ATP-VSW-DOCK_HTVS_1-001_lib/ATP-VSW-DOCK_HTVS_1-001_lib,confirmed
ATP-HTVS-D5ACD41550DD,96737,运行/运行/ATP-VSW/ATP-VSW-DOCK_HTVS_1-002_lib.maegz,confirmed
ATP-HTVS-D5ACDDA463EA,75745,运行/运行/ATP-VSW/ATP-VSW-DOCK_HTVS_1-001_lib/ATP-VSW-DOCK_HTVS_1-001_lib,confirmed
ATP-HTVS-D6043925B579,66273,运行/运行/ATP-VSW/ATP-VSW-DOCK_HTVS_1-001_lib/ATP-VSW-DOCK_HTVS_1-001_lib,confirmed
ATP-HTVS-D60AE40A828F,84162,运行/运行/ATP-VSW/ATP-VSW-DOCK_HTVS_1-002_lib.maegz,confirmed
ATP-HTVS-D63540CFF382,77571,运行/运行/ATP-VSW/ATP-VSW-DOCK_HTVS_1-003_lib/ATP-VSW-DOCK_HTVS_1-003_lib.mae,confirmed
ATP-HTVS-D650FAE25B13,75203,运行/运行/ATP-VSW/ATP-VSW-DOCK_HTVS_1-003_lib/ATP-VSW-DOCK_HTVS_1-003_lib.mae,confirmed
ATP-HTVS-D65E1879A1C4,90530,运行/运行/ATP-VSW/ATP-VSW-DOCK_HTVS_1-002_lib.maegz,confirmed
ATP-HTVS-D67E347CF5B0,32641,运行/运行/ATP-VSW/ATP-VSW-DOCK_HTVS_1-001_lib/ATP-VSW-DOCK_HTVS_1-001_lib,confirmed
ATP-HTVS-D68829BAAF56,35266,运行/运行/ATP-VSW/ATP-VSW-DOCK_HTVS_1-002_lib.maegz,confirmed
ATP-HTVS-D6CA2B69D609,57026,运行/运行/ATP-VSW/ATP-VSW-DOCK_HTVS_1-002_lib.maegz,confirmed
ATP-HTVS-D7583D638CF7,84707,运行/运行/ATP-VSW/ATP-VSW-DOCK_HTVS_1-003_lib/ATP-VSW-DOCK_HTVS_1-003_lib.mae,confirmed
ATP-HTVS-D76C38158727,59906,运行/运行/ATP-VSW/ATP-VSW-DOCK_HTVS_1-002_lib.maegz,confirmed
ATP-HTVS-D773B3DD8BD5,77090,运行/运行/ATP-VSW/ATP-VSW-DOCK_HTVS_1-002_lib.maegz,confirmed
ATP-HTVS-D78134F4C173,91073,运行/运行/ATP-VSW/ATP-VSW-DOCK_HTVS_1-001_lib/ATP-VSW-DOCK_HTVS_1-001_lib,confirmed
ATP-HTVS-D7F859CCB519,2849,运行/运行/ATP-VSW/ATP-VSW-DOCK_HTVS_1-001_lib/ATP-VSW-DOCK_HTVS_1-001_lib,confirmed
ATP-HTVS-D7FBECEDF81C,79746,运行/运行/ATP-VSW/ATP-VSW-DOCK_HTVS_1-002_lib.maegz,confirmed
ATP-HTVS-D806BF0778F9,63233,运行/运行/ATP-VSW/ATP-VSW-DOCK_HTVS_1-001_lib/ATP-VSW-DOCK_HTVS_1-001_lib,confirmed
ATP-HTVS-D820D8B9E61C,28163,运行/运行/ATP-VSW/ATP-VSW-DOCK_HTVS_1-003_lib/ATP-VSW-DOCK_HTVS_1-003_lib.mae,confirmed
ATP-HTVS-D831575BA0F0,75715,运行/运行/ATP-VSW/ATP-VSW-DOCK_HTVS_1-003_lib/ATP-VSW-DOCK_HTVS_1-003_lib.mae,confirmed
ATP-HTVS-D839BC34DAE7,4771,运行/运行/ATP-VSW/ATP-VSW-DOCK_HTVS_1-003_lib/ATP-VSW-DOCK_HTVS_1-003_lib.mae,confirmed
ATP-HTVS-D86CED65A6E1,74497,运行/运行/ATP-VSW/ATP-VSW-DOCK_HTVS_1-001_lib/ATP-VSW-DOCK_HTVS_1-001_lib,confirmed
ATP-HTVS-D8D752145B88,75714,运行/运行/ATP-VSW/ATP-VSW-DOCK_HTVS_1-002_lib.maegz,confirmed
ATP-HTVS-D8E733A39BE5,30819,运行/运行/ATP-VSW/ATP-VSW-DOCK_HTVS_1-003_lib/ATP-VSW-DOCK_HTVS_1-003_lib.mae,confirmed
ATP-HTVS-D9159AF95984,74371,运行/运行/ATP-VSW/ATP-VSW-DOCK_HTVS_1-003_lib/ATP-VSW-DOCK_HTVS_1-003_lib.mae,confirmed
ATP-HTVS-D925B2862DC5,91491,运行/运行/ATP-VSW/ATP-VSW-DOCK_HTVS_1-003_lib/ATP-VSW-DOCK_HTVS_1-003_lib.mae,confirmed
ATP-HTVS-D928A6F83D7E,93473,运行/运行/ATP-VSW/ATP-VSW-DOCK_HTVS_1-001_lib/ATP-VSW-DOCK_HTVS_1-001_lib,confirmed
ATP-HTVS-D93071962BA3,31554,运行/运行/ATP-VSW/ATP-VSW-DOCK_HTVS_1-002_lib.maegz,confirmed
ATP-HTVS-D9724DB0D106,63362,运行/运行/ATP-VSW/ATP-VSW-DOCK_HTVS_1-002_lib.maegz,confirmed
ATP-HTVS-DAC48F0443BB,71459,运行/运行/ATP-VSW/ATP-VSW-DOCK_HTVS_1-003_lib/ATP-VSW-DOCK_HTVS_1-003_lib.mae,confirmed
ATP-HTVS-DADEC6686275,95745,运行/运行/ATP-VSW/ATP-VSW-DOCK_HTVS_1-001_lib/ATP-VSW-DOCK_HTVS_1-001_lib,confirmed
ATP-HTVS-DB2D048ED873,53154,运行/运行/ATP-VSW/ATP-VSW-DOCK_HTVS_1-002_lib.maegz,confirmed
ATP-HTVS-DB45F9B4D40D,94625,运行/运行/ATP-VSW/ATP-VSW-DOCK_HTVS_1-001_lib/ATP-VSW-DOCK_HTVS_1-001_lib,confirmed
ATP-HTVS-DB6DF45B456E,23457,运行/运行/ATP-VSW/ATP-VSW-DOCK_HTVS_1-001_lib/ATP-VSW-DOCK_HTVS_1-001_lib,confirmed
ATP-HTVS-DB94924E5291,95553,运行/运行/ATP-VSW/ATP-VSW-DOCK_HTVS_1-001_lib/ATP-VSW-DOCK_HTVS_1-001_lib,confirmed
ATP-HTVS-DB99DC1A003A,67553,运行/运行/ATP-VSW/ATP-VSW-DOCK_HTVS_1-001_lib/ATP-VSW-DOCK_HTVS_1-001_lib,confirmed
ATP-HTVS-DBA84DBB4449,75299,运行/运行/ATP-VSW/ATP-VSW-DOCK_HTVS_1-003_lib/ATP-VSW-DOCK_HTVS_1-003_lib.mae,confirmed
ATP-HTVS-DBCC5241A393,4707,运行/运行/ATP-VSW/ATP-VSW-DOCK_HTVS_1-003_lib/ATP-VSW-DOCK_HTVS_1-003_lib.mae,confirmed
ATP-HTVS-DC065C207C84,1282,运行/运行/ATP-VSW/ATP-VSW-DOCK_HTVS_1-002_lib.maegz,confirmed
ATP-HTVS-DC18FC237305,12291,运行/运行/ATP-VSW/ATP-VSW-DOCK_HTVS_1-003_lib/ATP-VSW-DOCK_HTVS_1-003_lib.mae,confirmed
ATP-HTVS-DC20B32D34B9,85249,运行/运行/ATP-VSW/ATP-VSW-DOCK_HTVS_1-001_lib/ATP-VSW-DOCK_HTVS_1-001_lib,confirmed
ATP-HTVS-DC6B7BCD18A9,22914,运行/运行/ATP-VSW/ATP-VSW-DOCK_HTVS_1-002_lib.maegz,confirmed
ATP-HTVS-DC74BD16E68F,93697,运行/运行/ATP-VSW/ATP-VSW-DOCK_HTVS_1-001_lib/ATP-VSW-DOCK_HTVS_1-001_lib,confirmed
ATP-HTVS-DCC6353C2378,60993,运行/运行/ATP-VSW/ATP-VSW-DOCK_HTVS_1-001_lib/ATP-VSW-DOCK_HTVS_1-001_lib,confirmed
ATP-HTVS-DCF81E89AD2E,18466,运行/运行/ATP-VSW/ATP-VSW-DOCK_HTVS_1-002_lib.maegz,confirmed
ATP-HTVS-DD1946FA5AC5,93185,运行/运行/ATP-VSW/ATP-VSW-DOCK_HTVS_1-001_lib/ATP-VSW-DOCK_HTVS_1-001_lib,confirmed
ATP-HTVS-DD420CB019C5,66339,运行/运行/ATP-VSW/ATP-VSW-DOCK_HTVS_1-003_lib/ATP-VSW-DOCK_HTVS_1-003_lib.mae,confirmed
ATP-HTVS-DD59A7F9A26E,30113,运行/运行/ATP-VSW/ATP-VSW-DOCK_HTVS_1-001_lib/ATP-VSW-DOCK_HTVS_1-001_lib,confirmed
ATP-HTVS-DD7A369608E2,55074,运行/运行/ATP-VSW/ATP-VSW-DOCK_HTVS_1-002_lib.maegz,confirmed
ATP-HTVS-DDBB6FEB6103,43170,运行/运行/ATP-VSW/ATP-VSW-DOCK_HTVS_1-002_lib.maegz,confirmed
ATP-HTVS-DDC2C96F44C1,78947,运行/运行/ATP-VSW/ATP-VSW-DOCK_HTVS_1-003_lib/ATP-VSW-DOCK_HTVS_1-003_lib.mae,confirmed
ATP-HTVS-DDCEA98BB6BE,81569,运行/运行/ATP-VSW/ATP-VSW-DOCK_HTVS_1-001_lib/ATP-VSW-DOCK_HTVS_1-001_lib,confirmed
ATP-HTVS-DDD75C103081,34241,运行/运行/ATP-VSW/ATP-VSW-DOCK_HTVS_1-001_lib/ATP-VSW-DOCK_HTVS_1-001_lib,confirmed
ATP-HTVS-DDECBBA12C43,32899,运行/运行/ATP-VSW/ATP-VSW-DOCK_HTVS_1-003_lib/ATP-VSW-DOCK_HTVS_1-003_lib.mae,confirmed
ATP-HTVS-DE3670B8C5ED,53473,运行/运行/ATP-VSW/ATP-VSW-DOCK_HTVS_1-001_lib/ATP-VSW-DOCK_HTVS_1-001_lib,confirmed
ATP-HTVS-DED96A59EB26,77315,运行/运行/ATP-VSW/ATP-VSW-DOCK_HTVS_1-003_lib/ATP-VSW-DOCK_HTVS_1-003_lib.mae,confirmed
ATP-HTVS-DF13A29C86DC,74403,运行/运行/ATP-VSW/ATP-VSW-DOCK_HTVS_1-003_lib/ATP-VSW-DOCK_HTVS_1-003_lib.mae,confirmed
ATP-HTVS-DF25A3EF4846,92450,运行/运行/ATP-VSW/ATP-VSW-DOCK_HTVS_1-002_lib.maegz,confirmed
ATP-HTVS-DF2EF65723F2,77667,运行/运行/ATP-VSW/ATP-VSW-DOCK_HTVS_1-003_lib/ATP-VSW-DOCK_HTVS_1-003_lib.mae,confirmed
ATP-HTVS-DF60AB231AB0,75491,运行/运行/ATP-VSW/ATP-VSW-DOCK_HTVS_1-003_lib/ATP-VSW-DOCK_HTVS_1-003_lib.mae,confirmed
ATP-HTVS-DF8AF7E8BFB3,30433,运行/运行/ATP-VSW/ATP-VSW-DOCK_HTVS_1-001_lib/ATP-VSW-DOCK_HTVS_1-001_lib,confirmed
ATP-HTVS-DF95DE08029D,59970,运行/运行/ATP-VSW/ATP-VSW-DOCK_HTVS_1-002_lib.maegz,confirmed
ATP-HTVS-DF96FF74234A,32323,运行/运行/ATP-VSW/ATP-VSW-DOCK_HTVS_1-003_lib/ATP-VSW-DOCK_HTVS_1-003_lib.mae,confirmed
ATP-HTVS-DFB30BBC8B3D,65474,运行/运行/ATP-VSW/ATP-VSW-DOCK_HTVS_1-002_lib.maegz,confirmed
ATP-HTVS-DFD60D9DE448,62242,运行/运行/ATP-VSW/ATP-VSW-DOCK_HTVS_1-002_lib.maegz,confirmed
ATP-HTVS-DFE69C12D963,69825,运行/运行/ATP-VSW/ATP-VSW-DOCK_HTVS_1-001_lib/ATP-VSW-DOCK_HTVS_1-001_lib,confirmed
ATP-HTVS-E0074D38582E,55073,运行/运行/ATP-VSW/ATP-VSW-DOCK_HTVS_1-001_lib/ATP-VSW-DOCK_HTVS_1-001_lib,confirmed
ATP-HTVS-E00D3A602E3C,48993,运行/运行/ATP-VSW/ATP-VSW-DOCK_HTVS_1-001_lib/ATP-VSW-DOCK_HTVS_1-001_lib,confirmed
ATP-HTVS-E027274C2018,1953,运行/运行/ATP-VSW/ATP-VSW-DOCK_HTVS_1-001_lib/ATP-VSW-DOCK_HTVS_1-001_lib,confirmed
ATP-HTVS-E0444895C82B,63873,运行/运行/ATP-VSW/ATP-VSW-DOCK_HTVS_1-001_lib/ATP-VSW-DOCK_HTVS_1-001_lib,confirmed
ATP-HTVS-E05E864FAEC7,61057,运行/运行/ATP-VSW/ATP-VSW-DOCK_HTVS_1-001_lib/ATP-VSW-DOCK_HTVS_1-001_lib,confirmed
ATP-HTVS-E0849D225AC7,3554,运行/运行/ATP-VSW/ATP-VSW-DOCK_HTVS_1-002_lib.maegz,confirmed
ATP-HTVS-E08CF4D489F1,75427,运行/运行/ATP-VSW/ATP-VSW-DOCK_HTVS_1-003_lib/ATP-VSW-DOCK_HTVS_1-003_lib.mae,confirmed
ATP-HTVS-E08F75BAC913,81122,运行/运行/ATP-VSW/ATP-VSW-DOCK_HTVS_1-002_lib.maegz,confirmed
ATP-HTVS-E0D09F3A28CB,93633,运行/运行/ATP-VSW/ATP-VSW-DOCK_HTVS_1-001_lib/ATP-VSW-DOCK_HTVS_1-001_lib,confirmed
ATP-HTVS-E0E8748999A4,82849,运行/运行/ATP-VSW/ATP-VSW-DOCK_HTVS_1-001_lib/ATP-VSW-DOCK_HTVS_1-001_lib,confirmed
ATP-HTVS-E124973F868C,75906,运行/运行/ATP-VSW/ATP-VSW-DOCK_HTVS_1-002_lib.maegz,confirmed
ATP-HTVS-E14A9B461B4E,20705,运行/运行/ATP-VSW/ATP-VSW-DOCK_HTVS_1-001_lib/ATP-VSW-DOCK_HTVS_1-001_lib,confirmed
ATP-HTVS-E1C245C409AF,78465,运行/运行/ATP-VSW/ATP-VSW-DOCK_HTVS_1-001_lib/ATP-VSW-DOCK_HTVS_1-001_lib,confirmed
ATP-HTVS-E1C6EE43BDB1,58563,运行/运行/ATP-VSW/ATP-VSW-DOCK_HTVS_1-003_lib/ATP-VSW-DOCK_HTVS_1-003_lib.mae,confirmed
ATP-HTVS-E1CE322086D6,92705,运行/运行/ATP-VSW/ATP-VSW-DOCK_HTVS_1-001_lib/ATP-VSW-DOCK_HTVS_1-001_lib,confirmed
ATP-HTVS-E1EEBF193F90,39106,运行/运行/ATP-VSW/ATP-VSW-DOCK_HTVS_1-002_lib.maegz,confirmed
ATP-HTVS-E2020C00AE4E,70850,运行/运行/ATP-VSW/ATP-VSW-DOCK_HTVS_1-002_lib.maegz,confirmed
ATP-HTVS-E20398B5FF99,20961,运行/运行/ATP-VSW/ATP-VSW-DOCK_HTVS_1-001_lib/ATP-VSW-DOCK_HTVS_1-001_lib,confirmed
ATP-HTVS-E22DE85EEE62,82273,运行/运行/ATP-VSW/ATP-VSW-DOCK_HTVS_1-001_lib/ATP-VSW-DOCK_HTVS_1-001_lib,confirmed
ATP-HTVS-E2321FC28CB2,69889,运行/运行/ATP-VSW/ATP-VSW-DOCK_HTVS_1-001_lib/ATP-VSW-DOCK_HTVS_1-001_lib,confirmed
ATP-HTVS-E2660D394356,62850,运行/运行/ATP-VSW/ATP-VSW-DOCK_HTVS_1-002_lib.maegz,confirmed
ATP-HTVS-E27332E37A66,84834,运行/运行/ATP-VSW/ATP-VSW-DOCK_HTVS_1-002_lib.maegz,confirmed
ATP-HTVS-E298C966C019,61537,运行/运行/ATP-VSW/ATP-VSW-DOCK_HTVS_1-001_lib/ATP-VSW-DOCK_HTVS_1-001_lib,confirmed
ATP-HTVS-E2A28C61F774,89313,运行/运行/ATP-VSW/ATP-VSW-DOCK_HTVS_1-001_lib/ATP-VSW-DOCK_HTVS_1-001_lib,confirmed
ATP-HTVS-E2AE692EC3A5,69985,运行/运行/ATP-VSW/ATP-VSW-DOCK_HTVS_1-001_lib/ATP-VSW-DOCK_HTVS_1-001_lib,confirmed
ATP-HTVS-E2D3668E21DF,35265,运行/运行/ATP-VSW/ATP-VSW-DOCK_HTVS_1-001_lib/ATP-VSW-DOCK_HTVS_1-001_lib,confirmed
ATP-HTVS-E317819F970C,32035,运行/运行/ATP-VSW/ATP-VSW-DOCK_HTVS_1-003_lib/ATP-VSW-DOCK_HTVS_1-003_lib.mae,confirmed
ATP-HTVS-E340B301DB22,93474,运行/运行/ATP-VSW/ATP-VSW-DOCK_HTVS_1-002_lib.maegz,confirmed
ATP-HTVS-E35DF7DBF452,50818,运行/运行/ATP-VSW/ATP-VSW-DOCK_HTVS_1-002_lib.maegz,confirmed
ATP-HTVS-E366C71D7075,82403,运行/运行/ATP-VSW/ATP-VSW-DOCK_HTVS_1-003_lib/ATP-VSW-DOCK_HTVS_1-003_lib.mae,confirmed
ATP-HTVS-E381363CD12F,95042,运行/运行/ATP-VSW/ATP-VSW-DOCK_HTVS_1-003_lib/ATP-VSW-DOCK_HTVS_1-003_lib.mae,confirmed
ATP-HTVS-E38D6BC47DFC,96385,运行/运行/ATP-VSW/ATP-VSW-DOCK_HTVS_1-001_lib/ATP-VSW-DOCK_HTVS_1-001_lib,confirmed
ATP-HTVS-E3DAAD165412,4865,运行/运行/ATP-VSW/ATP-VSW-DOCK_HTVS_1-001_lib/ATP-VSW-DOCK_HTVS_1-001_lib,confirmed
ATP-HTVS-E3E3C457ADC4,20867,运行/运行/ATP-VSW/ATP-VSW-DOCK_HTVS_1-003_lib/ATP-VSW-DOCK_HTVS_1-003_lib.mae,confirmed
ATP-HTVS-E4024F0AB59A,22913,运行/运行/ATP-VSW/ATP-VSW-DOCK_HTVS_1-001_lib/ATP-VSW-DOCK_HTVS_1-001_lib,confirmed
ATP-HTVS-E41D62FB159D,67521,运行/运行/ATP-VSW/ATP-VSW-DOCK_HTVS_1-001_lib/ATP-VSW-DOCK_HTVS_1-001_lib,confirmed
ATP-HTVS-E4A79D64766C,52865,运行/运行/ATP-VSW/ATP-VSW-DOCK_HTVS_1-001_lib/ATP-VSW-DOCK_HTVS_1-001_lib,confirmed
ATP-HTVS-E4F433E7DDB9,59170,运行/运行/ATP-VSW/ATP-VSW-DOCK_HTVS_1-002_lib.maegz,confirmed
ATP-HTVS-E4F9B23534EC,95617,运行/运行/ATP-VSW/ATP-VSW-DOCK_HTVS_1-001_lib/ATP-VSW-DOCK_HTVS_1-001_lib,confirmed
ATP-HTVS-E50B3258D66C,64642,运行/运行/ATP-VSW/ATP-VSW-DOCK_HTVS_1-002_lib.maegz,confirmed
ATP-HTVS-E5267662EBE5,71810,运行/运行/ATP-VSW/ATP-VSW-DOCK_HTVS_1-002_lib.maegz,confirmed
ATP-HTVS-E53927646B4E,32802,运行/运行/ATP-VSW/ATP-VSW-DOCK_HTVS_1-002_lib.maegz,confirmed
ATP-HTVS-E53B79A527AF,80129,运行/运行/ATP-VSW/ATP-VSW-DOCK_HTVS_1-001_lib/ATP-VSW-DOCK_HTVS_1-001_lib,confirmed
ATP-HTVS-E5655BB07D18,88386,运行/运行/ATP-VSW/ATP-VSW-DOCK_HTVS_1-002_lib.maegz,confirmed
ATP-HTVS-E5C360ABD75A,8321,运行/运行/ATP-VSW/ATP-VSW-DOCK_HTVS_1-001_lib/ATP-VSW-DOCK_HTVS_1-001_lib,confirmed
ATP-HTVS-E60052B60ACE,93731,运行/运行/ATP-VSW/ATP-VSW-DOCK_HTVS_1-003_lib/ATP-VSW-DOCK_HTVS_1-003_lib.mae,confirmed
ATP-HTVS-E624AA265EBA,86593,运行/运行/ATP-VSW/ATP-VSW-DOCK_HTVS_1-001_lib/ATP-VSW-DOCK_HTVS_1-001_lib,confirmed
ATP-HTVS-E6B57BB86B33,99617,运行/运行/ATP-VSW/ATP-VSW-DOCK_HTVS_1-002_lib.maegz,confirmed
ATP-HTVS-E6C07A7730FF,89954,运行/运行/ATP-VSW/ATP-VSW-DOCK_HTVS_1-002_lib.maegz,confirmed
ATP-HTVS-E6E3A92D5598,89731,运行/运行/ATP-VSW/ATP-VSW-DOCK_HTVS_1-003_lib/ATP-VSW-DOCK_HTVS_1-003_lib.mae,confirmed
ATP-HTVS-E6F8A3974F14,60291,运行/运行/ATP-VSW/ATP-VSW-DOCK_HTVS_1-003_lib/ATP-VSW-DOCK_HTVS_1-003_lib.mae,confirmed
ATP-HTVS-E71202E475AE,88195,运行/运行/ATP-VSW/ATP-VSW-DOCK_HTVS_1-003_lib/ATP-VSW-DOCK_HTVS_1-003_lib.mae,confirmed
ATP-HTVS-E78B37070E90,57507,运行/运行/ATP-VSW/ATP-VSW-DOCK_HTVS_1-003_lib/ATP-VSW-DOCK_HTVS_1-003_lib.mae,confirmed
ATP-HTVS-E79C34F2E4E5,5313,运行/运行/ATP-VSW/ATP-VSW-DOCK_HTVS_1-001_lib/ATP-VSW-DOCK_HTVS_1-001_lib,confirmed
ATP-HTVS-E7B44E0E6F2B,46529,运行/运行/ATP-VSW/ATP-VSW-DOCK_HTVS_1-001_lib/ATP-VSW-DOCK_HTVS_1-001_lib,confirmed
ATP-HTVS-E7CE93BF7585,40738,运行/运行/ATP-VSW/ATP-VSW-DOCK_HTVS_1-002_lib.maegz,confirmed
ATP-HTVS-E7DA22DA6C24,30626,运行/运行/ATP-VSW/ATP-VSW-DOCK_HTVS_1-002_lib.maegz,confirmed
ATP-HTVS-E80053830AA7,51267,运行/运行/ATP-VSW/ATP-VSW-DOCK_HTVS_1-003_lib/ATP-VSW-DOCK_HTVS_1-003_lib.mae,confirmed
ATP-HTVS-E80A62EE0257,22690,运行/运行/ATP-VSW/ATP-VSW-DOCK_HTVS_1-002_lib.maegz,confirmed
ATP-HTVS-E82D7E524403,38786,运行/运行/ATP-VSW/ATP-VSW-DOCK_HTVS_1-002_lib.maegz,confirmed
ATP-HTVS-E85A4EEDAC38,71681,运行/运行/ATP-VSW/ATP-VSW-DOCK_HTVS_1-001_lib/ATP-VSW-DOCK_HTVS_1-001_lib,confirmed
ATP-HTVS-E85D4903F0A1,48227,运行/运行/ATP-VSW/ATP-VSW-DOCK_HTVS_1-003_lib/ATP-VSW-DOCK_HTVS_1-003_lib.mae,confirmed
ATP-HTVS-E888CD26917F,61570,运行/运行/ATP-VSW/ATP-VSW-DOCK_HTVS_1-002_lib.maegz,confirmed
ATP-HTVS-E89D68A8E825,49475,运行/运行/ATP-VSW/ATP-VSW-DOCK_HTVS_1-003_lib/ATP-VSW-DOCK_HTVS_1-003_lib.mae,confirmed
ATP-HTVS-E8C4233BC4EE,98946,运行/运行/ATP-VSW/ATP-VSW-DOCK_HTVS_1-003_lib/ATP-VSW-DOCK_HTVS_1-003_lib.mae,confirmed
ATP-HTVS-E8F6FC3C759E,73411,运行/运行/ATP-VSW/ATP-VSW-DOCK_HTVS_1-003_lib/ATP-VSW-DOCK_HTVS_1-003_lib.mae,confirmed
ATP-HTVS-E912078D9741,5571,运行/运行/ATP-VSW/ATP-VSW-DOCK_HTVS_1-003_lib/ATP-VSW-DOCK_HTVS_1-003_lib.mae,confirmed
ATP-HTVS-EAB5C9B34043,90659,运行/运行/ATP-VSW/ATP-VSW-DOCK_HTVS_1-003_lib/ATP-VSW-DOCK_HTVS_1-003_lib.mae,confirmed
ATP-HTVS-EAC68E01988F,55553,运行/运行/ATP-VSW/ATP-VSW-DOCK_HTVS_1-001_lib/ATP-VSW-DOCK_HTVS_1-001_lib,confirmed
ATP-HTVS-EAD1C8AFD4A9,38178,运行/运行/ATP-VSW/ATP-VSW-DOCK_HTVS_1-002_lib.maegz,confirmed
ATP-HTVS-EAE06126CF40,15907,运行/运行/ATP-VSW/ATP-VSW-DOCK_HTVS_1-003_lib/ATP-VSW-DOCK_HTVS_1-003_lib.mae,confirmed
ATP-HTVS-EB0B96E798C5,89859,运行/运行/ATP-VSW/ATP-VSW-DOCK_HTVS_1-003_lib/ATP-VSW-DOCK_HTVS_1-003_lib.mae,confirmed
ATP-HTVS-EB12E3425930,44387,运行/运行/ATP-VSW/ATP-VSW-DOCK_HTVS_1-003_lib/ATP-VSW-DOCK_HTVS_1-003_lib.mae,confirmed
ATP-HTVS-EB1E3022AC0C,49826,运行/运行/ATP-VSW/ATP-VSW-DOCK_HTVS_1-002_lib.maegz,confirmed
ATP-HTVS-EB500473345C,44738,运行/运行/ATP-VSW/ATP-VSW-DOCK_HTVS_1-002_lib.maegz,confirmed
ATP-HTVS-EB51C7366B34,83106,运行/运行/ATP-VSW/ATP-VSW-DOCK_HTVS_1-002_lib.maegz,confirmed
ATP-HTVS-EBA0F745595A,79777,运行/运行/ATP-VSW/ATP-VSW-DOCK_HTVS_1-001_lib/ATP-VSW-DOCK_HTVS_1-001_lib,confirmed
ATP-HTVS-EBADA6179138,70403,运行/运行/ATP-VSW/ATP-VSW-DOCK_HTVS_1-003_lib/ATP-VSW-DOCK_HTVS_1-003_lib.mae,confirmed
ATP-HTVS-EBCFEAF5D9E7,28865,运行/运行/ATP-VSW/ATP-VSW-DOCK_HTVS_1-001_lib/ATP-VSW-DOCK_HTVS_1-001_lib,confirmed
ATP-HTVS-EBFF1A375D8B,77347,运行/运行/ATP-VSW/ATP-VSW-DOCK_HTVS_1-003_lib/ATP-VSW-DOCK_HTVS_1-003_lib.mae,confirmed
ATP-HTVS-EC2D3AD3168F,83201,运行/运行/ATP-VSW/ATP-VSW-DOCK_HTVS_1-001_lib/ATP-VSW-DOCK_HTVS_1-001_lib,confirmed
ATP-HTVS-EC4610FFE6DC,42498,运行/运行/ATP-VSW/ATP-VSW-DOCK_HTVS_1-002_lib.maegz,confirmed
ATP-HTVS-EC5DC094D49F,51715,运行/运行/ATP-VSW/ATP-VSW-DOCK_HTVS_1-003_lib/ATP-VSW-DOCK_HTVS_1-003_lib.mae,confirmed
ATP-HTVS-ECFCDEE54331,47682,运行/运行/ATP-VSW/ATP-VSW-DOCK_HTVS_1-002_lib.maegz,confirmed
ATP-HTVS-ED186549DA4C,82466,运行/运行/ATP-VSW/ATP-VSW-DOCK_HTVS_1-002_lib.maegz,confirmed
ATP-HTVS-ED381154F376,3425,运行/运行/ATP-VSW/ATP-VSW-DOCK_HTVS_1-001_lib/ATP-VSW-DOCK_HTVS_1-001_lib,confirmed
ATP-HTVS-ED9FB8DD8268,75073,运行/运行/ATP-VSW/ATP-VSW-DOCK_HTVS_1-001_lib/ATP-VSW-DOCK_HTVS_1-001_lib,confirmed
ATP-HTVS-EDD9885A2235,72929,运行/运行/ATP-VSW/ATP-VSW-DOCK_HTVS_1-001_lib/ATP-VSW-DOCK_HTVS_1-001_lib,confirmed
ATP-HTVS-EE25A0930777,61857,运行/运行/ATP-VSW/ATP-VSW-DOCK_HTVS_1-001_lib/ATP-VSW-DOCK_HTVS_1-001_lib,confirmed
ATP-HTVS-EE3EC74621FE,36163,运行/运行/ATP-VSW/ATP-VSW-DOCK_HTVS_1-003_lib/ATP-VSW-DOCK_HTVS_1-003_lib.mae,confirmed
ATP-HTVS-EE5B82122D17,84066,运行/运行/ATP-VSW/ATP-VSW-DOCK_HTVS_1-002_lib.maegz,confirmed
ATP-HTVS-EE6CCEFDAAD0,33217,运行/运行/ATP-VSW/ATP-VSW-DOCK_HTVS_1-001_lib/ATP-VSW-DOCK_HTVS_1-001_lib,confirmed
ATP-HTVS-EE8A818A3017,72097,运行/运行/ATP-VSW/ATP-VSW-DOCK_HTVS_1-001_lib/ATP-VSW-DOCK_HTVS_1-001_lib,confirmed
ATP-HTVS-EE9B34D8B24D,20323,运行/运行/ATP-VSW/ATP-VSW-DOCK_HTVS_1-003_lib/ATP-VSW-DOCK_HTVS_1-003_lib.mae,confirmed
ATP-HTVS-EEA70E20167C,92483,运行/运行/ATP-VSW/ATP-VSW-DOCK_HTVS_1-003_lib/ATP-VSW-DOCK_HTVS_1-003_lib.mae,confirmed
ATP-HTVS-EEBB6926EC22,55779,运行/运行/ATP-VSW/ATP-VSW-DOCK_HTVS_1-003_lib/ATP-VSW-DOCK_HTVS_1-003_lib.mae,confirmed
ATP-HTVS-EEE4DEAD393E,83169,运行/运行/ATP-VSW/ATP-VSW-DOCK_HTVS_1-001_lib/ATP-VSW-DOCK_HTVS_1-001_lib,confirmed
ATP-HTVS-EF007D703862,59907,运行/运行/ATP-VSW/ATP-VSW-DOCK_HTVS_1-003_lib/ATP-VSW-DOCK_HTVS_1-003_lib.mae,confirmed
ATP-HTVS-EF0129487CC6,92769,运行/运行/ATP-VSW/ATP-VSW-DOCK_HTVS_1-001_lib/ATP-VSW-DOCK_HTVS_1-001_lib,confirmed
ATP-HTVS-EF17DB58F500,88321,运行/运行/ATP-VSW/ATP-VSW-DOCK_HTVS_1-001_lib/ATP-VSW-DOCK_HTVS_1-001_lib,confirmed
ATP-HTVS-EF3EA56789AA,30145,运行/运行/ATP-VSW/ATP-VSW-DOCK_HTVS_1-001_lib/ATP-VSW-DOCK_HTVS_1-001_lib,confirmed
ATP-HTVS-EF5E324DB424,43521,运行/运行/ATP-VSW/ATP-VSW-DOCK_HTVS_1-001_lib/ATP-VSW-DOCK_HTVS_1-001_lib,confirmed
ATP-HTVS-EFBD886B8952,44611,运行/运行/ATP-VSW/ATP-VSW-DOCK_HTVS_1-003_lib/ATP-VSW-DOCK_HTVS_1-003_lib.mae,confirmed
ATP-HTVS-EFE421C91038,75778,运行/运行/ATP-VSW/ATP-VSW-DOCK_HTVS_1-002_lib.maegz,confirmed
ATP-HTVS-F056EC0EC7E7,77666,运行/运行/ATP-VSW/ATP-VSW-DOCK_HTVS_1-002_lib.maegz,confirmed
ATP-HTVS-F05D07B9382E,64417,运行/运行/ATP-VSW/ATP-VSW-DOCK_HTVS_1-001_lib/ATP-VSW-DOCK_HTVS_1-001_lib,confirmed
ATP-HTVS-F084EE8F7246,75458,运行/运行/ATP-VSW/ATP-VSW-DOCK_HTVS_1-002_lib.maegz,confirmed
ATP-HTVS-F08817EB9A7A,20546,运行/运行/ATP-VSW/ATP-VSW-DOCK_HTVS_1-002_lib.maegz,confirmed
ATP-HTVS-F0989AC93CC9,68962,运行/运行/ATP-VSW/ATP-VSW-DOCK_HTVS_1-002_lib.maegz,confirmed
ATP-HTVS-F0AA189EB18F,6785,运行/运行/ATP-VSW/ATP-VSW-DOCK_HTVS_1-001_lib/ATP-VSW-DOCK_HTVS_1-001_lib,confirmed
ATP-HTVS-F0B899F1EF1B,71170,运行/运行/ATP-VSW/ATP-VSW-DOCK_HTVS_1-002_lib.maegz,confirmed
ATP-HTVS-F0EA8E73CD83,77665,运行/运行/ATP-VSW/ATP-VSW-DOCK_HTVS_1-001_lib/ATP-VSW-DOCK_HTVS_1-001_lib,confirmed
ATP-HTVS-F13E60D2EE86,44546,运行/运行/ATP-VSW/ATP-VSW-DOCK_HTVS_1-002_lib.maegz,confirmed
ATP-HTVS-F15CD1C1F5FF,30753,运行/运行/ATP-VSW/ATP-VSW-DOCK_HTVS_1-001_lib/ATP-VSW-DOCK_HTVS_1-001_lib,confirmed
ATP-HTVS-F1ABC01A08C5,11618,运行/运行/ATP-VSW/ATP-VSW-DOCK_HTVS_1-002_lib.maegz,confirmed
ATP-HTVS-F1D0837E8A30,75426,运行/运行/ATP-VSW/ATP-VSW-DOCK_HTVS_1-002_lib.maegz,confirmed
ATP-HTVS-F1F8D839F8AD,84801,运行/运行/ATP-VSW/ATP-VSW-DOCK_HTVS_1-001_lib/ATP-VSW-DOCK_HTVS_1-001_lib,confirmed
ATP-HTVS-F21E42254560,75617,运行/运行/ATP-VSW/ATP-VSW-DOCK_HTVS_1-001_lib/ATP-VSW-DOCK_HTVS_1-001_lib,confirmed
ATP-HTVS-F223CD517CA5,81858,运行/运行/ATP-VSW/ATP-VSW-DOCK_HTVS_1-002_lib.maegz,confirmed
ATP-HTVS-F256B691D902,35106,运行/运行/ATP-VSW/ATP-VSW-DOCK_HTVS_1-002_lib.maegz,confirmed
ATP-HTVS-F2668BF9E9B1,75713,运行/运行/ATP-VSW/ATP-VSW-DOCK_HTVS_1-001_lib/ATP-VSW-DOCK_HTVS_1-001_lib,confirmed
ATP-HTVS-F282BC43258B,69537,运行/运行/ATP-VSW/ATP-VSW-DOCK_HTVS_1-001_lib/ATP-VSW-DOCK_HTVS_1-001_lib,confirmed
ATP-HTVS-F2D870036CD8,77057,运行/运行/ATP-VSW/ATP-VSW-DOCK_HTVS_1-001_lib/ATP-VSW-DOCK_HTVS_1-001_lib,confirmed
ATP-HTVS-F308899F49E6,52515,运行/运行/ATP-VSW/ATP-VSW-DOCK_HTVS_1-003_lib/ATP-VSW-DOCK_HTVS_1-003_lib.mae,confirmed
ATP-HTVS-F3219ACF1618,57027,运行/运行/ATP-VSW/ATP-VSW-DOCK_HTVS_1-003_lib/ATP-VSW-DOCK_HTVS_1-003_lib.mae,confirmed
ATP-HTVS-F324B4F6FF43,83745,运行/运行/ATP-VSW/ATP-VSW-DOCK_HTVS_1-001_lib/ATP-VSW-DOCK_HTVS_1-001_lib,confirmed
ATP-HTVS-F38CDD17995D,90338,运行/运行/ATP-VSW/ATP-VSW-DOCK_HTVS_1-002_lib.maegz,confirmed
ATP-HTVS-F3AEEA9B80E5,57219,运行/运行/ATP-VSW/ATP-VSW-DOCK_HTVS_1-003_lib/ATP-VSW-DOCK_HTVS_1-003_lib.mae,confirmed
ATP-HTVS-F3E91D83A828,87939,运行/运行/ATP-VSW/ATP-VSW-DOCK_HTVS_1-003_lib/ATP-VSW-DOCK_HTVS_1-003_lib.mae,confirmed
ATP-HTVS-F41515D25613,53155,运行/运行/ATP-VSW/ATP-VSW-DOCK_HTVS_1-003_lib/ATP-VSW-DOCK_HTVS_1-003_lib.mae,confirmed
ATP-HTVS-F41DED161E75,76578,运行/运行/ATP-VSW/ATP-VSW-DOCK_HTVS_1-002_lib.maegz,confirmed
ATP-HTVS-F42EC288DBA1,90369,运行/运行/ATP-VSW/ATP-VSW-DOCK_HTVS_1-001_lib/ATP-VSW-DOCK_HTVS_1-001_lib,confirmed
ATP-HTVS-F451F6F34F85,58210,运行/运行/ATP-VSW/ATP-VSW-DOCK_HTVS_1-002_lib.maegz,confirmed
ATP-HTVS-F4D02DC184DE,81059,运行/运行/ATP-VSW/ATP-VSW-DOCK_HTVS_1-003_lib/ATP-VSW-DOCK_HTVS_1-003_lib.mae,confirmed
ATP-HTVS-F4EB0A3B6A53,75779,运行/运行/ATP-VSW/ATP-VSW-DOCK_HTVS_1-003_lib/ATP-VSW-DOCK_HTVS_1-003_lib.mae,confirmed
ATP-HTVS-F4F3BDD05BAD,69409,运行/运行/ATP-VSW/ATP-VSW-DOCK_HTVS_1-001_lib/ATP-VSW-DOCK_HTVS_1-001_lib,confirmed
ATP-HTVS-F52F884BA0B4,90082,运行/运行/ATP-VSW/ATP-VSW-DOCK_HTVS_1-002_lib.maegz,confirmed
ATP-HTVS-F53B308249C7,20321,运行/运行/ATP-VSW/ATP-VSW-DOCK_HTVS_1-001_lib/ATP-VSW-DOCK_HTVS_1-001_lib,confirmed
ATP-HTVS-F54B40793D2A,97538,运行/运行/ATP-VSW/ATP-VSW-DOCK_HTVS_1-003_lib/ATP-VSW-DOCK_HTVS_1-003_lib.mae,confirmed
ATP-HTVS-F5512CD55A37,82947,运行/运行/ATP-VSW/ATP-VSW-DOCK_HTVS_1-003_lib/ATP-VSW-DOCK_HTVS_1-003_lib.mae,confirmed
ATP-HTVS-F5557C46ACCD,63875,运行/运行/ATP-VSW/ATP-VSW-DOCK_HTVS_1-003_lib/ATP-VSW-DOCK_HTVS_1-003_lib.mae,confirmed
ATP-HTVS-F58C213B60A1,42531,运行/运行/ATP-VSW/ATP-VSW-DOCK_HTVS_1-003_lib/ATP-VSW-DOCK_HTVS_1-003_lib.mae,confirmed
ATP-HTVS-F60BECC0718F,6465,运行/运行/ATP-VSW/ATP-VSW-DOCK_HTVS_1-001_lib/ATP-VSW-DOCK_HTVS_1-001_lib,confirmed
ATP-HTVS-F62C08D65C28,64449,运行/运行/ATP-VSW/ATP-VSW-DOCK_HTVS_1-001_lib/ATP-VSW-DOCK_HTVS_1-001_lib,confirmed
ATP-HTVS-F63C80F910BB,35107,运行/运行/ATP-VSW/ATP-VSW-DOCK_HTVS_1-003_lib/ATP-VSW-DOCK_HTVS_1-003_lib.mae,confirmed
ATP-HTVS-F6463DC49025,85091,运行/运行/ATP-VSW/ATP-VSW-DOCK_HTVS_1-003_lib/ATP-VSW-DOCK_HTVS_1-003_lib.mae,confirmed
ATP-HTVS-F666156B37DE,83426,运行/运行/ATP-VSW/ATP-VSW-DOCK_HTVS_1-002_lib.maegz,confirmed
ATP-HTVS-F6E066811CCA,93985,运行/运行/ATP-VSW/ATP-VSW-DOCK_HTVS_1-001_lib/ATP-VSW-DOCK_HTVS_1-001_lib,confirmed
ATP-HTVS-F716E067906C,34083,运行/运行/ATP-VSW/ATP-VSW-DOCK_HTVS_1-003_lib/ATP-VSW-DOCK_HTVS_1-003_lib.mae,confirmed
ATP-HTVS-F7366BF3987A,91202,运行/运行/ATP-VSW/ATP-VSW-DOCK_HTVS_1-002_lib.maegz,confirmed
ATP-HTVS-F7676420B267,82209,运行/运行/ATP-VSW/ATP-VSW-DOCK_HTVS_1-001_lib/ATP-VSW-DOCK_HTVS_1-001_lib,confirmed
ATP-HTVS-F79E64AB5B06,93986,运行/运行/ATP-VSW/ATP-VSW-DOCK_HTVS_1-003_lib/ATP-VSW-DOCK_HTVS_1-003_lib.mae,confirmed
ATP-HTVS-F7B411FBCEC8,33283,运行/运行/ATP-VSW/ATP-VSW-DOCK_HTVS_1-003_lib/ATP-VSW-DOCK_HTVS_1-003_lib.mae,confirmed
ATP-HTVS-F7CD2DD67DA6,82467,运行/运行/ATP-VSW/ATP-VSW-DOCK_HTVS_1-003_lib/ATP-VSW-DOCK_HTVS_1-003_lib.mae,confirmed
ATP-HTVS-F7D4BFA34903,39425,运行/运行/ATP-VSW/ATP-VSW-DOCK_HTVS_1-001_lib/ATP-VSW-DOCK_HTVS_1-001_lib,confirmed
ATP-HTVS-F7EFD494BF14,96481,运行/运行/ATP-VSW/ATP-VSW-DOCK_HTVS_1-002_lib.maegz,confirmed
ATP-HTVS-F89CD1E9CA34,79201,运行/运行/ATP-VSW/ATP-VSW-DOCK_HTVS_1-001_lib/ATP-VSW-DOCK_HTVS_1-001_lib,confirmed
ATP-HTVS-F8BD3C119C5E,34435,运行/运行/ATP-VSW/ATP-VSW-DOCK_HTVS_1-003_lib/ATP-VSW-DOCK_HTVS_1-003_lib.mae,confirmed
ATP-HTVS-F8C49F655F6D,82083,运行/运行/ATP-VSW/ATP-VSW-DOCK_HTVS_1-003_lib/ATP-VSW-DOCK_HTVS_1-003_lib.mae,confirmed
ATP-HTVS-F8CA9C936D19,66177,运行/运行/ATP-VSW/ATP-VSW-DOCK_HTVS_1-001_lib/ATP-VSW-DOCK_HTVS_1-001_lib,confirmed
ATP-HTVS-F8CD80CEA373,94177,运行/运行/ATP-VSW/ATP-VSW-DOCK_HTVS_1-001_lib/ATP-VSW-DOCK_HTVS_1-001_lib,confirmed
ATP-HTVS-F8D08A3E140C,71809,运行/运行/ATP-VSW/ATP-VSW-DOCK_HTVS_1-001_lib/ATP-VSW-DOCK_HTVS_1-001_lib,confirmed
ATP-HTVS-F8D25E752EF8,79427,运行/运行/ATP-VSW/ATP-VSW-DOCK_HTVS_1-003_lib/ATP-VSW-DOCK_HTVS_1-003_lib.mae,confirmed
ATP-HTVS-F92825C2DD85,36035,运行/运行/ATP-VSW/ATP-VSW-DOCK_HTVS_1-003_lib/ATP-VSW-DOCK_HTVS_1-003_lib.mae,confirmed
ATP-HTVS-F937C5B79A0E,20675,运行/运行/ATP-VSW/ATP-VSW-DOCK_HTVS_1-003_lib/ATP-VSW-DOCK_HTVS_1-003_lib.mae,confirmed
ATP-HTVS-F93F310E89BE,68578,运行/运行/ATP-VSW/ATP-VSW-DOCK_HTVS_1-002_lib.maegz,confirmed
ATP-HTVS-F97015D0DCF4,74337,运行/运行/ATP-VSW/ATP-VSW-DOCK_HTVS_1-001_lib/ATP-VSW-DOCK_HTVS_1-001_lib,confirmed
ATP-HTVS-F99370747DC9,42113,运行/运行/ATP-VSW/ATP-VSW-DOCK_HTVS_1-001_lib/ATP-VSW-DOCK_HTVS_1-001_lib,confirmed
ATP-HTVS-F9B5ED51D5DA,81571,运行/运行/ATP-VSW/ATP-VSW-DOCK_HTVS_1-003_lib/ATP-VSW-DOCK_HTVS_1-003_lib.mae,confirmed
ATP-HTVS-F9EAD73A28F1,29603,运行/运行/ATP-VSW/ATP-VSW-DOCK_HTVS_1-003_lib/ATP-VSW-DOCK_HTVS_1-003_lib.mae,confirmed
ATP-HTVS-F9F42C67BCEC,77858,运行/运行/ATP-VSW/ATP-VSW-DOCK_HTVS_1-002_lib.maegz,confirmed
ATP-HTVS-FA0319FBED9B,77281,运行/运行/ATP-VSW/ATP-VSW-DOCK_HTVS_1-001_lib/ATP-VSW-DOCK_HTVS_1-001_lib,confirmed
ATP-HTVS-FA2DABCA7F05,83075,运行/运行/ATP-VSW/ATP-VSW-DOCK_HTVS_1-003_lib/ATP-VSW-DOCK_HTVS_1-003_lib.mae,confirmed
ATP-HTVS-FAA4B7BBA523,36065,运行/运行/ATP-VSW/ATP-VSW-DOCK_HTVS_1-001_lib/ATP-VSW-DOCK_HTVS_1-001_lib,confirmed
ATP-HTVS-FAB6E8368155,91075,运行/运行/ATP-VSW/ATP-VSW-DOCK_HTVS_1-003_lib/ATP-VSW-DOCK_HTVS_1-003_lib.mae,confirmed
ATP-HTVS-FACA1D344F25,57537,运行/运行/ATP-VSW/ATP-VSW-DOCK_HTVS_1-001_lib/ATP-VSW-DOCK_HTVS_1-001_lib,confirmed
ATP-HTVS-FACA9080893C,78018,运行/运行/ATP-VSW/ATP-VSW-DOCK_HTVS_1-002_lib.maegz,confirmed
ATP-HTVS-FB09B772C34B,61507,运行/运行/ATP-VSW/ATP-VSW-DOCK_HTVS_1-003_lib/ATP-VSW-DOCK_HTVS_1-003_lib.mae,confirmed
ATP-HTVS-FB368C7A9127,88323,运行/运行/ATP-VSW/ATP-VSW-DOCK_HTVS_1-003_lib/ATP-VSW-DOCK_HTVS_1-003_lib.mae,confirmed
ATP-HTVS-FBBE5B904E6C,68643,运行/运行/ATP-VSW/ATP-VSW-DOCK_HTVS_1-003_lib/ATP-VSW-DOCK_HTVS_1-003_lib.mae,confirmed
ATP-HTVS-FBE624773B31,69761,运行/运行/ATP-VSW/ATP-VSW-DOCK_HTVS_1-001_lib/ATP-VSW-DOCK_HTVS_1-001_lib,confirmed
ATP-HTVS-FC258B4525E9,43202,运行/运行/ATP-VSW/ATP-VSW-DOCK_HTVS_1-002_lib.maegz,confirmed
ATP-HTVS-FC28EB1BA5EE,84353,运行/运行/ATP-VSW/ATP-VSW-DOCK_HTVS_1-001_lib/ATP-VSW-DOCK_HTVS_1-001_lib,confirmed
ATP-HTVS-FC30DD28CEC3,23971,运行/运行/ATP-VSW/ATP-VSW-DOCK_HTVS_1-003_lib/ATP-VSW-DOCK_HTVS_1-003_lib.mae,confirmed
ATP-HTVS-FC39CD496C36,2019,运行/运行/ATP-VSW/ATP-VSW-DOCK_HTVS_1-003_lib/ATP-VSW-DOCK_HTVS_1-003_lib.mae,confirmed
ATP-HTVS-FC732D287CB6,71265,运行/运行/ATP-VSW/ATP-VSW-DOCK_HTVS_1-001_lib/ATP-VSW-DOCK_HTVS_1-001_lib,confirmed
ATP-HTVS-FC91B4531E6F,71458,运行/运行/ATP-VSW/ATP-VSW-DOCK_HTVS_1-002_lib.maegz,confirmed
ATP-HTVS-FCCFF683ADF4,53123,运行/运行/ATP-VSW/ATP-VSW-DOCK_HTVS_1-003_lib/ATP-VSW-DOCK_HTVS_1-003_lib.mae,confirmed
ATP-HTVS-FD26B682FD2E,69634,运行/运行/ATP-VSW/ATP-VSW-DOCK_HTVS_1-002_lib.maegz,confirmed
ATP-HTVS-FD637A018D73,72994,运行/运行/ATP-VSW/ATP-VSW-DOCK_HTVS_1-002_lib.maegz,confirmed
ATP-HTVS-FD8D954BBECF,27202,运行/运行/ATP-VSW/ATP-VSW-DOCK_HTVS_1-002_lib.maegz,confirmed
ATP-HTVS-FDA25AF4FB7A,28449,运行/运行/ATP-VSW/ATP-VSW-DOCK_HTVS_1-001_lib/ATP-VSW-DOCK_HTVS_1-001_lib,confirmed
ATP-HTVS-FDB0B4A5AF84,91043,运行/运行/ATP-VSW/ATP-VSW-DOCK_HTVS_1-003_lib/ATP-VSW-DOCK_HTVS_1-003_lib.mae,confirmed
ATP-HTVS-FDB0F1EC6F74,93059,运行/运行/ATP-VSW/ATP-VSW-DOCK_HTVS_1-003_lib/ATP-VSW-DOCK_HTVS_1-003_lib.mae,confirmed
ATP-HTVS-FDDF48EBDCF8,78017,运行/运行/ATP-VSW/ATP-VSW-DOCK_HTVS_1-001_lib/ATP-VSW-DOCK_HTVS_1-001_lib,confirmed
ATP-HTVS-FE1522AA7EF8,69793,运行/运行/ATP-VSW/ATP-VSW-DOCK_HTVS_1-001_lib/ATP-VSW-DOCK_HTVS_1-001_lib,confirmed
ATP-HTVS-FE34E3A925C6,76803,运行/运行/ATP-VSW/ATP-VSW-DOCK_HTVS_1-003_lib/ATP-VSW-DOCK_HTVS_1-003_lib.mae,confirmed
ATP-HTVS-FE46C3AF7461,49283,运行/运行/ATP-VSW/ATP-VSW-DOCK_HTVS_1-003_lib/ATP-VSW-DOCK_HTVS_1-003_lib.mae,confirmed
ATP-HTVS-FE5B2EC4EA23,74370,运行/运行/ATP-VSW/ATP-VSW-DOCK_HTVS_1-002_lib.maegz,confirmed
ATP-HTVS-FE5F78CE8672,67267,运行/运行/ATP-VSW/ATP-VSW-DOCK_HTVS_1-003_lib/ATP-VSW-DOCK_HTVS_1-003_lib.mae,confirmed
ATP-HTVS-FE6FB0E22990,82851,运行/运行/ATP-VSW/ATP-VSW-DOCK_HTVS_1-003_lib/ATP-VSW-DOCK_HTVS_1-003_lib.mae,confirmed
ATP-HTVS-FE9A1A55DD78,56195,运行/运行/ATP-VSW/ATP-VSW-DOCK_HTVS_1-003_lib/ATP-VSW-DOCK_HTVS_1-003_lib.mae,confirmed
ATP-HTVS-FEA784CAFC0E,72481,运行/运行/ATP-VSW/ATP-VSW-DOCK_HTVS_1-001_lib/ATP-VSW-DOCK_HTVS_1-001_lib,confirmed
ATP-HTVS-FEB80F9C0A7B,34530,运行/运行/ATP-VSW/ATP-VSW-DOCK_HTVS_1-002_lib.maegz,confirmed
ATP-HTVS-FEE4C5F961F6,56193,运行/运行/ATP-VSW/ATP-VSW-DOCK_HTVS_1-001_lib/ATP-VSW-DOCK_HTVS_1-001_lib,confirmed
ATP-HTVS-FF081A1D735D,85411,运行/运行/ATP-VSW/ATP-VSW-DOCK_HTVS_1-003_lib/ATP-VSW-DOCK_HTVS_1-003_lib.mae,confirmed
ATP-HTVS-FF167463AED4,74019,运行/运行/ATP-VSW/ATP-VSW-DOCK_HTVS_1-003_lib/ATP-VSW-DOCK_HTVS_1-003_lib.mae,confirmed
ATP-HTVS-FF1C1E5A01F9,79491,运行/运行/ATP-VSW/ATP-VSW-DOCK_HTVS_1-003_lib/ATP-VSW-DOCK_HTVS_1-003_lib.mae,confirmed
ATP-HTVS-FF63783F1DD1,25825,运行/运行/ATP-VSW/ATP-VSW-DOCK_HTVS_1-001_lib/ATP-VSW-DOCK_HTVS_1-001_lib,confirmed
ATP-HTVS-FF886C71D805,65665,运行/运行/ATP-VSW/ATP-VSW-DOCK_HTVS_1-001_lib/ATP-VSW-DOCK_HTVS_1-001_lib,confirmed
ATP-HTVS-FFCF51BF8290,81826,运行/运行/ATP-VSW/ATP-VSW-DOCK_HTVS_1-002_lib.maegz,confirmed
ATP-HTVS-FFD71C24E98D,18978,运行/运行/ATP-VSW/ATP-VSW-DOCK_HTVS_1-002_lib.maegz,confirmed
ATP-HTVS-FFE3AC9FC45B,90851,运行/运行/ATP-VSW/ATP-VSW-DOCK_HTVS_1-003_lib/ATP-VSW-DOCK_HTVS_1-003_lib.mae,confirmed
ATP-SMI-15737353FB69,29508,作图/作图/2-基于衍生数据库的虚拟筛选/数据/VSW.maegz,confirmed
ATP-SMI-15737353FB69,29508-4,作图/作图/2-基于衍生数据库的虚拟筛选/数据/VSW.maegz,confirmed
ATP-SMI-15737353FB69,Hit7,作图/作图/2-基于衍生数据库的虚拟筛选/数据/VSW.csv;作图/作图/2-基于衍生数据库的虚拟筛选/数据/VSW.maegz,confirmed
ATP-SMI-15737353FB69,m_270004bbb____8628186____7548060,作图/作图/2-基于衍生数据库的虚拟筛选/数据/VSW.maegz,confirmed
ATP-SMI-15737353FB69,m_270004bbb____8628186____7548060-4,作图/作图/2-基于衍生数据库的虚拟筛选/数据/VSW.maegz,confirmed
ATP-SMI-15737353FB69,O[C@H]1CC[N@@H+](Cc2ccccc2C[NH2+]Cc2cn(Cc3ccccc3)nc2-c2ccccc2)C1,作图/作图/2-基于衍生数据库的虚拟筛选/数据/VSW.csv,confirmed
ATP-SMI-1EDF03AEDEF9,ATP-REF-IN2,ATP-Navigator/data/molecules.csv;ATP-Navigator/data/systems.csv;运行/运行/ATP-Ref-MD1/MD.cms,confirmed
ATP-SMI-1EDF03AEDEF9,IN-2,作图/作图/2-基于衍生数据库的虚拟筛选/数据/ADMET.xlsx;运行/运行/ATP-Ref-MD1/MD.cms,confirmed
ATP-SMI-4417138BF81D,[NH3+]C[C@@H](Nc1nc2ccccc2cc1C(=O)Nc1ccccc1)c1cccc(Cl)c1,作图/作图/2-基于衍生数据库的虚拟筛选/数据/VSW.csv,confirmed
ATP-SMI-4417138BF81D,90158,作图/作图/2-基于衍生数据库的虚拟筛选/数据/VSW.maegz,confirmed
ATP-SMI-4417138BF81D,90158-2,作图/作图/2-基于衍生数据库的虚拟筛选/数据/VSW.maegz,confirmed
ATP-SMI-4417138BF81D,Hit17,作图/作图/2-基于衍生数据库的虚拟筛选/数据/VSW.csv;作图/作图/2-基于衍生数据库的虚拟筛选/数据/VSW.maegz,confirmed
ATP-SMI-4417138BF81D,rxn207____EMOL6253876____EMOL2720785,作图/作图/2-基于衍生数据库的虚拟筛选/数据/VSW.maegz,confirmed
ATP-SMI-4417138BF81D,rxn207____EMOL6253876____EMOL2720785-2,作图/作图/2-基于衍生数据库的虚拟筛选/数据/VSW.maegz,confirmed
ATP-SMI-5B36D3E11A3B,91074,作图/作图/2-基于衍生数据库的虚拟筛选/数据/VSW.maegz;运行/运行/ATP-VSW/ATP-VSW-DOCK_HTVS_1-002_lib.maegz,confirmed
ATP-SMI-5B36D3E11A3B,91074-2,作图/作图/2-基于衍生数据库的虚拟筛选/数据/VSW.maegz,confirmed
ATP-SMI-5B36D3E11A3B,ATP-HTVS-AC71774ACC4B,运行/运行/ATP-VSW/ATP-VSW-DOCK_HTVS_1-002_lib.maegz,confirmed
ATP-SMI-5B36D3E11A3B,C[NH+](C)Cc1ccc(CNc2csc(C(=O)N[C@H](C[NH3+])c3ccccc3)c2)cc1,作图/作图/2-基于衍生数据库的虚拟筛选/数据/VSW.csv,confirmed
ATP-SMI-5B36D3E11A3B,Hit13,作图/作图/2-基于衍生数据库的虚拟筛选/数据/VSW.csv;作图/作图/2-基于衍生数据库的虚拟筛选/数据/VSW.maegz,confirmed
ATP-SMI-5B36D3E11A3B,rxn512b____EMOL44391395____EMOL720738____EMOL50155899,作图/作图/2-基于衍生数据库的虚拟筛选/数据/VSW.maegz,confirmed
ATP-SMI-5B36D3E11A3B,rxn512b____EMOL44391395____EMOL720738____EMOL50155899-2,作图/作图/2-基于衍生数据库的虚拟筛选/数据/VSW.maegz,confirmed
ATP-SMI-5D3E7B6B6796,56519,作图/作图/2-基于衍生数据库的虚拟筛选/数据/VSW.maegz,confirmed
ATP-SMI-5D3E7B6B6796,56519-1,作图/作图/2-基于衍生数据库的虚拟筛选/数据/VSW.maegz,confirmed
ATP-SMI-5D3E7B6B6796,Hit4,作图/作图/2-基于衍生数据库的虚拟筛选/数据/VSW.csv;作图/作图/2-基于衍生数据库的虚拟筛选/数据/VSW.maegz,confirmed
ATP-SMI-5D3E7B6B6796,m_270004bbb____17804130____8127862-1,作图/作图/2-基于衍生数据库的虚拟筛选/数据/VSW.maegz,confirmed
ATP-SMI-5D3E7B6B6796,O=[N+]([O-])c1ccc(C[NH2+]Cc2cc(OCc3ccccc3)c3ccccc3c2)c(O)c1,作图/作图/2-基于衍生数据库的虚拟筛选/数据/VSW.csv,confirmed
ATP-SMI-5D3E7B6B6796,Top-4,作图/作图/2-基于衍生数据库的虚拟筛选/数据/VSW.maegz,confirmed
ATP-SMI-775D33706F04,91072,作图/作图/2-基于衍生数据库的虚拟筛选/数据/VSW.maegz,confirmed
ATP-SMI-775D33706F04,91072-2,作图/作图/2-基于衍生数据库的虚拟筛选/数据/VSW.maegz,confirmed
ATP-SMI-775D33706F04,C[NH+](C)Cc1cccc(CNc2ccsc2C(=O)N[C@H](C[NH3+])c2ccccc2)c1,作图/作图/2-基于衍生数据库的虚拟筛选/数据/VSW.csv,confirmed
ATP-SMI-775D33706F04,Hit14,作图/作图/2-基于衍生数据库的虚拟筛选/数据/VSW.csv;作图/作图/2-基于衍生数据库的虚拟筛选/数据/VSW.maegz,confirmed
ATP-SMI-775D33706F04,rxn512b____EMOL44391395____EMOL525138____EMOL2873214,作图/作图/2-基于衍生数据库的虚拟筛选/数据/VSW.maegz,confirmed
ATP-SMI-775D33706F04,rxn512b____EMOL44391395____EMOL525138____EMOL2873214-2,作图/作图/2-基于衍生数据库的虚拟筛选/数据/VSW.maegz,confirmed
ATP-SMI-874C2DE25FE4,27063,作图/作图/2-基于衍生数据库的虚拟筛选/数据/VSW.maegz;运行/运行/ATP-Top1-MD2/MD.cms,confirmed
ATP-SMI-874C2DE25FE4,27063-1,作图/作图/2-基于衍生数据库的虚拟筛选/数据/VSW.maegz;运行/运行/ATP-Top1-MD2/MD.cms,confirmed
ATP-SMI-874C2DE25FE4,466,表征/466-H1-D2O.pdf;表征/466-H1-DMSO.pdf;表征/466-LCMS.pdf,probable
ATP-SMI-874C2DE25FE4,ATP-CHAR-466,ATP-Navigator/data/molecules.csv;表征/466-H1-D2O.pdf;表征/466-H1-DMSO.pdf;表征/466-LCMS.pdf,probable
ATP-SMI-874C2DE25FE4,ATP-HIT-MD-001,ATP-Navigator/data/systems.csv;作图/作图/1-阳性化合物和蛋白的MD/图-3/Hit.csv;运行/运行/ATP-Top1-MD2/MD.cms,confirmed
ATP-SMI-874C2DE25FE4,ATP-PDB-E630DDE8CA00,ATP-Navigator/data/molecules.csv;作图/作图/2-基于衍生数据库的虚拟筛选/数据/Top-3.pdb,confirmed
ATP-SMI-874C2DE25FE4,ATP-Top1,运行/运行/ATP-Top1-MD2/MD.cms,confirmed
ATP-SMI-874C2DE25FE4,ATP-Top1-MD2,运行/运行/ATP-Top1-MD2/MD.cms,confirmed
ATP-SMI-874C2DE25FE4,Cc1ccc(-c2nn(Cc3ccccc3)cc2C[NH2+]Cc2ccccc2C[N@H+]2CC[C@@H](O)C2)cc1,作图/作图/2-基于衍生数据库的虚拟筛选/数据/VSW.csv,confirmed
ATP-SMI-874C2DE25FE4,HIT,ATP酶抑制剂的修饰改造.pptx;作图/作图/1-阳性化合物和蛋白的MD/图-3/Hit.csv;运行/运行/ATP-Top1-MD2/MD.cms,confirmed
ATP-SMI-874C2DE25FE4,Hit3,作图/作图/2-基于衍生数据库的虚拟筛选/数据/VSW.csv;作图/作图/2-基于衍生数据库的虚拟筛选/数据/VSW.maegz;ATP酶抑制剂的修饰改造.pptx,confirmed
ATP-SMI-874C2DE25FE4,m_270004bbb____8628186____7547626-1,作图/作图/2-基于衍生数据库的虚拟筛选/数据/VSW.maegz,confirmed
ATP-SMI-874C2DE25FE4,Top-3,作图/作图/2-基于衍生数据库的虚拟筛选/数据/VSW.maegz;作图/作图/2-基于衍生数据库的虚拟筛选/数据/Top-3.pdb;运行/运行/ATP-Top1-MD2/MD.cms,confirmed
ATP-SMI-91E7552C2382,23289,作图/作图/2-基于衍生数据库的虚拟筛选/数据/VSW.maegz,confirmed
ATP-SMI-91E7552C2382,23289-1,作图/作图/2-基于衍生数据库的虚拟筛选/数据/VSW.maegz,confirmed
ATP-SMI-91E7552C2382,COc1cc(C[NH2+]Cc2cccc(C[NH+](C)C)c2)cc(O)c1OCc1ccccc1,作图/作图/2-基于衍生数据库的虚拟筛选/数据/VSW.csv,confirmed
ATP-SMI-91E7552C2382,Hit16,作图/作图/2-基于衍生数据库的虚拟筛选/数据/VSW.csv;作图/作图/2-基于衍生数据库的虚拟筛选/数据/VSW.maegz,confirmed
ATP-SMI-91E7552C2382,m_270004bbb____8349656____24720040,作图/作图/2-基于衍生数据库的虚拟筛选/数据/VSW.maegz,confirmed
ATP-SMI-91E7552C2382,m_270004bbb____8349656____24720040-1,作图/作图/2-基于衍生数据库的虚拟筛选/数据/VSW.maegz,confirmed
ATP-SMI-94F73967C042,71800,作图/作图/2-基于衍生数据库的虚拟筛选/数据/VSW.maegz,confirmed
ATP-SMI-94F73967C042,71800-1,作图/作图/2-基于衍生数据库的虚拟筛选/数据/VSW.maegz,confirmed
ATP-SMI-94F73967C042,C[NH+](C)Cc1ccc(CNc2cc(C(=O)N(CC[NH3+])c3ccccc3)sc2Cl)cc1,作图/作图/2-基于衍生数据库的虚拟筛选/数据/VSW.csv,confirmed
ATP-SMI-94F73967C042,Hit12,作图/作图/2-基于衍生数据库的虚拟筛选/数据/VSW.csv;作图/作图/2-基于衍生数据库的虚拟筛选/数据/VSW.maegz,confirmed
ATP-SMI-94F73967C042,rxn512b____EMOL530647____EMOL44846536____EMOL50155899,作图/作图/2-基于衍生数据库的虚拟筛选/数据/VSW.maegz,confirmed
ATP-SMI-94F73967C042,rxn512b____EMOL530647____EMOL44846536____EMOL50155899-1,作图/作图/2-基于衍生数据库的虚拟筛选/数据/VSW.maegz,confirmed
ATP-SMI-96FD6257D8BA,57003,作图/作图/2-基于衍生数据库的虚拟筛选/数据/VSW.maegz,confirmed
ATP-SMI-96FD6257D8BA,57003-1,作图/作图/2-基于衍生数据库的虚拟筛选/数据/VSW.maegz,confirmed
ATP-SMI-96FD6257D8BA,C[NH+]1CCN(c2ccc(CC[NH2+]Cc3cn(-c4ccccc4)nc3-c3cccnc3)cc2)CC1,作图/作图/2-基于衍生数据库的虚拟筛选/数据/VSW.csv,confirmed
ATP-SMI-96FD6257D8BA,Hit5,作图/作图/2-基于衍生数据库的虚拟筛选/数据/VSW.csv;作图/作图/2-基于衍生数据库的虚拟筛选/数据/VSW.maegz,confirmed
ATP-SMI-96FD6257D8BA,m_270004bbb____14047552____7547738-1,作图/作图/2-基于衍生数据库的虚拟筛选/数据/VSW.maegz,confirmed
ATP-SMI-96FD6257D8BA,Top-5,作图/作图/2-基于衍生数据库的虚拟筛选/数据/VSW.maegz,confirmed
ATP-SMI-9DA3213A09E8,20304,作图/作图/2-基于衍生数据库的虚拟筛选/数据/VSW.maegz,confirmed
ATP-SMI-9DA3213A09E8,20304-1,作图/作图/2-基于衍生数据库的虚拟筛选/数据/VSW.maegz,confirmed
ATP-SMI-9DA3213A09E8,C[NH+](C)Cc1ccc(C[NH2+]Cc2cc(C(=O)N[C@@H](C#N)c3ccccc3)ccn2)cc1,作图/作图/2-基于衍生数据库的虚拟筛选/数据/VSW.csv,confirmed
ATP-SMI-9DA3213A09E8,Hit1,作图/作图/2-基于衍生数据库的虚拟筛选/数据/VSW.csv;作图/作图/2-基于衍生数据库的虚拟筛选/数据/VSW.maegz,confirmed
ATP-SMI-9DA3213A09E8,Top-1,作图/作图/2-基于衍生数据库的虚拟筛选/数据/VSW.maegz,confirmed
ATP-SMI-9DA3213A09E8,WXDL_10D____AK00665____WXCD00265364____QS5063-1,作图/作图/2-基于衍生数据库的虚拟筛选/数据/VSW.maegz,confirmed
ATP-SMI-BF69AB71C1A4,84919,作图/作图/2-基于衍生数据库的虚拟筛选/数据/VSW.maegz,confirmed
ATP-SMI-BF69AB71C1A4,84919-1,作图/作图/2-基于衍生数据库的虚拟筛选/数据/VSW.maegz,confirmed
ATP-SMI-BF69AB71C1A4,C[NH+](C)Cc1cccc(CNc2cc(C(=O)N[C@@H](C[NH3+])c3ccccc3)sc2Cl)c1,作图/作图/2-基于衍生数据库的虚拟筛选/数据/VSW.csv,confirmed
ATP-SMI-BF69AB71C1A4,Hit8,作图/作图/2-基于衍生数据库的虚拟筛选/数据/VSW.csv;作图/作图/2-基于衍生数据库的虚拟筛选/数据/VSW.maegz,confirmed
ATP-SMI-BF69AB71C1A4,rxn512b____EMOL44391395____EMOL44846536____EMOL2873214,作图/作图/2-基于衍生数据库的虚拟筛选/数据/VSW.maegz,confirmed
ATP-SMI-BF69AB71C1A4,rxn512b____EMOL44391395____EMOL44846536____EMOL2873214-1,作图/作图/2-基于衍生数据库的虚拟筛选/数据/VSW.maegz,confirmed
ATP-SMI-C3308BEE03AC,84927,作图/作图/2-基于衍生数据库的虚拟筛选/数据/VSW.maegz,confirmed
ATP-SMI-C3308BEE03AC,84927-2,作图/作图/2-基于衍生数据库的虚拟筛选/数据/VSW.maegz,confirmed
ATP-SMI-C3308BEE03AC,C[NH+](C)Cc1ccc(CNc2cc(C(=O)N[C@H](C[NH3+])c3ccccc3)sc2Cl)cc1,作图/作图/2-基于衍生数据库的虚拟筛选/数据/VSW.csv,confirmed
ATP-SMI-C3308BEE03AC,Hit10,作图/作图/2-基于衍生数据库的虚拟筛选/数据/VSW.csv;作图/作图/2-基于衍生数据库的虚拟筛选/数据/VSW.maegz,confirmed
ATP-SMI-C3308BEE03AC,rxn512b____EMOL44391395____EMOL44846536____EMOL50155899,作图/作图/2-基于衍生数据库的虚拟筛选/数据/VSW.maegz,confirmed
ATP-SMI-C3308BEE03AC,rxn512b____EMOL44391395____EMOL44846536____EMOL50155899-2,作图/作图/2-基于衍生数据库的虚拟筛选/数据/VSW.maegz,confirmed
ATP-SMI-C93E6EC67CDB,91771,作图/作图/2-基于衍生数据库的虚拟筛选/数据/VSW.maegz,confirmed
ATP-SMI-C93E6EC67CDB,91771-2,作图/作图/2-基于衍生数据库的虚拟筛选/数据/VSW.maegz,confirmed
ATP-SMI-C93E6EC67CDB,C[NH2+]C[C@@H](NC(=O)c1cc(NCc2cccc(C[NH+](C)C)c2)c(Cl)s1)c1ccccc1,作图/作图/2-基于衍生数据库的虚拟筛选/数据/VSW.csv,confirmed
ATP-SMI-C93E6EC67CDB,Hit2,作图/作图/2-基于衍生数据库的虚拟筛选/数据/VSW.csv;作图/作图/2-基于衍生数据库的虚拟筛选/数据/VSW.maegz,confirmed
ATP-SMI-C93E6EC67CDB,rxn512b____EMOL42975864____EMOL44846536____EMOL2873214-2,作图/作图/2-基于衍生数据库的虚拟筛选/数据/VSW.maegz,confirmed
ATP-SMI-C93E6EC67CDB,Top-2,作图/作图/2-基于衍生数据库的虚拟筛选/数据/VSW.maegz,confirmed
ATP-SMI-CDED936B42F4,33710,作图/作图/2-基于衍生数据库的虚拟筛选/数据/VSW.maegz,confirmed
ATP-SMI-CDED936B42F4,33710-2,作图/作图/2-基于衍生数据库的虚拟筛选/数据/VSW.maegz,confirmed
ATP-SMI-CDED936B42F4,Hit11,作图/作图/2-基于衍生数据库的虚拟筛选/数据/VSW.csv;作图/作图/2-基于衍生数据库的虚拟筛选/数据/VSW.maegz,confirmed
ATP-SMI-CDED936B42F4,m_270004bbb____24793762____8127862,作图/作图/2-基于衍生数据库的虚拟筛选/数据/VSW.maegz,confirmed
ATP-SMI-CDED936B42F4,m_270004bbb____24793762____8127862-2,作图/作图/2-基于衍生数据库的虚拟筛选/数据/VSW.maegz,confirmed
ATP-SMI-CDED936B42F4,Oc1cccc([C@H](O)C[NH2+]Cc2cc(OCc3ccccc3)c3ccccc3c2)c1,作图/作图/2-基于衍生数据库的虚拟筛选/数据/VSW.csv,confirmed
ATP-SMI-CFA68A98711F,34890,作图/作图/2-基于衍生数据库的虚拟筛选/数据/VSW.maegz,confirmed
ATP-SMI-CFA68A98711F,34890-1,作图/作图/2-基于衍生数据库的虚拟筛选/数据/VSW.maegz,confirmed
ATP-SMI-CFA68A98711F,Hit15,作图/作图/2-基于衍生数据库的虚拟筛选/数据/VSW.csv;作图/作图/2-基于衍生数据库的虚拟筛选/数据/VSW.maegz,confirmed
ATP-SMI-CFA68A98711F,m_207dba____17850802____7963830,作图/作图/2-基于衍生数据库的虚拟筛选/数据/VSW.maegz,confirmed
ATP-SMI-CFA68A98711F,m_207dba____17850802____7963830-1,作图/作图/2-基于衍生数据库的虚拟筛选/数据/VSW.maegz,confirmed
ATP-SMI-CFA68A98711F,Oc1ccc(C[NH2+]Cc2cc(OCc3ccccc3)c3ccccc3c2)cc1O,作图/作图/2-基于衍生数据库的虚拟筛选/数据/VSW.csv,confirmed
ATP-SMI-E9798004BA11,65938,作图/作图/2-基于衍生数据库的虚拟筛选/数据/VSW.maegz,confirmed
ATP-SMI-E9798004BA11,65938-1,作图/作图/2-基于衍生数据库的虚拟筛选/数据/VSW.maegz,confirmed
ATP-SMI-E9798004BA11,COc1cc(C[NH2+]Cc2ccccc2NCC[NH+](C)C)cc(O)c1OCc1ccccc1,作图/作图/2-基于衍生数据库的虚拟筛选/数据/VSW.csv,confirmed
ATP-SMI-E9798004BA11,Hit6,作图/作图/2-基于衍生数据库的虚拟筛选/数据/VSW.csv;作图/作图/2-基于衍生数据库的虚拟筛选/数据/VSW.maegz,confirmed
ATP-SMI-E9798004BA11,m_270004bbb____25289958____24720040,作图/作图/2-基于衍生数据库的虚拟筛选/数据/VSW.maegz,confirmed
ATP-SMI-E9798004BA11,m_270004bbb____25289958____24720040-1,作图/作图/2-基于衍生数据库的虚拟筛选/数据/VSW.maegz,confirmed
ATP-SMI-FCA9CDF3313B,3339,作图/作图/2-基于衍生数据库的虚拟筛选/数据/VSW.maegz,confirmed
ATP-SMI-FCA9CDF3313B,3339-1,作图/作图/2-基于衍生数据库的虚拟筛选/数据/VSW.maegz,confirmed
ATP-SMI-FCA9CDF3313B,Cc1ccc([C@H](CNc2nc(N(CC[NH3+])c3cccc(Cl)c3)nc3ccccc23)[NH+](C)C)cc1,作图/作图/2-基于衍生数据库的虚拟筛选/数据/VSW.csv,confirmed
ATP-SMI-FCA9CDF3313B,Hit9,作图/作图/2-基于衍生数据库的虚拟筛选/数据/VSW.csv;作图/作图/2-基于衍生数据库的虚拟筛选/数据/VSW.maegz,confirmed
ATP-SMI-FCA9CDF3313B,YAS_R007____OTV5753507____OTV1142656____OTV7020410266,作图/作图/2-基于衍生数据库的虚拟筛选/数据/VSW.maegz,confirmed
ATP-SMI-FCA9CDF3313B,YAS_R007____OTV5753507____OTV1142656____OTV7020410266-1,作图/作图/2-基于衍生数据库的虚拟筛选/数据/VSW.maegz,confirmed
