canonical_id,compound_code,title,variant,pose_index,source_file,canonical_smiles,canonical_smiles_nonisomeric,scaffold,molecular_formula,formal_charge,heavy_atom_count,atom_count_with_h,conformer_count,smiles_sha256,glide_docking_score,glide_emodel,glide_ligand_efficiency,pose_count,variant_count,unique_variant_structures,structure_join_status,extraction_status
ATP-HTVS-0009DAEDE04F,79971,rxn502b____EMOL6884260____EMOL7515103____EMOL712348,79971-2,586,运行/运行/ATP-VSW/ATP-VSW-DOCK_HTVS_1-003_lib/ATP-VSW-DOCK_HTVS_1-003_lib.mae,N#CCN(c1ccccc1)c1cnc(NC(=O)CCc2ccc(S)cc2)c2ccccc12,N#CCN(c1ccccc1)c1cnc(NC(=O)CCc2ccc(S)cc2)c2ccccc12,O=C(CCc1ccccc1)Nc1ncc(Nc2ccccc2)c2ccccc12,C26H22N4OS,0.0,32.0,54.0,1.0,4781d177e946e6d885085836c3f6d97958067afc6759b407ff9fab9886c0e493,-3.58525470579908,-50.6046984272226,-0.112039209556221,1,1,1,matched,complete
ATP-HTVS-0015C54A99C8,82625,rxn502b____EMOL5415347____EMOL13728749____EMOL331212734,82625-2,485,运行/运行/ATP-VSW/ATP-VSW-DOCK_HTVS_1-001_lib/ATP-VSW-DOCK_HTVS_1-001_lib,C[NH+](C)Cc1ccccc1C(=O)Nc1c(N[C@H](C#N)c2c(F)cccc2F)cnc2ccccc12,C[NH+](C)Cc1ccccc1C(=O)Nc1c(NC(C#N)c2c(F)cccc2F)cnc2ccccc12,O=C(Nc1c(NCc2ccccc2)cnc2ccccc12)c1ccccc1,C27H24F2N5O+,1.0,35.0,59.0,1.0,cddee62fded08fb3cc3af3d043bf9a4ac92313e44962b1b8cf1437ae15dcfcd0,-3.84066710724475,-54.6541829923864,-0.109733345921279,6,6,6,matched,complete
ATP-HTVS-003E4D952AAC,76899,rxn502b____EMOL5415347____EMOL13728749____EMOL725587,76899-2,368,运行/运行/ATP-VSW/ATP-VSW-DOCK_HTVS_1-003_lib/ATP-VSW-DOCK_HTVS_1-003_lib.mae,CC(=O)[C@@H](Nc1cnc2ccccc2c1NC(=O)c1ccccc1C[NH+](C)C)c1ccccc1,CC(=O)C(Nc1cnc2ccccc2c1NC(=O)c1ccccc1C[NH+](C)C)c1ccccc1,O=C(Nc1c(NCc2ccccc2)cnc2ccccc12)c1ccccc1,C28H29N4O2+,1.0,34.0,63.0,1.0,7f19982b6f9391c10214c0ae81218d9518bc894c8ec395710ffb42af61b7cf5e,-4.13615387037502,-54.9996939825513,-0.121651584422795,6,6,6,matched,complete
ATP-HTVS-005EEA24BFEA,69987,rxn502b____EMOL5415347____EMOL44466703____EMOL24630243,69987-2,298,运行/运行/ATP-VSW/ATP-VSW-DOCK_HTVS_1-003_lib/ATP-VSW-DOCK_HTVS_1-003_lib.mae,CN(c1cc2ccccc2nc1NC(=O)c1ccccc1C[NH+](C)C)[C@H](C#N)c1ccccc1,CN(c1cc2ccccc2nc1NC(=O)c1ccccc1C[NH+](C)C)C(C#N)c1ccccc1,O=C(Nc1nc2ccccc2cc1NCc1ccccc1)c1ccccc1,C28H28N5O+,1.0,34.0,62.0,1.0,35f280d14bd4243bff3899ed17273e4719ee3efcc673b118fb070fb404f8dd15,-4.35640294669943,-56.6134278699844,-0.128129498432336,4,4,4,matched,complete
ATP-HTVS-0063E4174F09,34081,m_270004bda____24170338____19565760,34081-1,1397,运行/运行/ATP-VSW/ATP-VSW-DOCK_HTVS_1-001_lib/ATP-VSW-DOCK_HTVS_1-001_lib,O=C1CN(Cc2ccc(Cl)cc2I)[C@H](c2ccccc2)c2ccccc2N1,O=C1CN(Cc2ccc(Cl)cc2I)C(c2ccccc2)c2ccccc2N1,O=C1CN(Cc2ccccc2)C(c2ccccc2)c2ccccc2N1,C22H18ClIN2O,0.0,27.0,45.0,1.0,dd80b3e93993afe93b3c4b2b121699880cd86b273c4e99b05d63bbf297417866,-1.03468293307069,-36.9869611189895,-0.0383215901137294,2,2,2,matched,complete
ATP-HTVS-0079D40D2121,29921,m_2230bbb____22404310____7471132,29921-4,686,运行/运行/ATP-VSW/ATP-VSW-DOCK_HTVS_1-001_lib/ATP-VSW-DOCK_HTVS_1-001_lib,Cc1ccccc1C[C@@H](CO)NCc1nc2ccccc2c(-c2ccccc2)c1Cl,Cc1ccccc1CC(CO)NCc1nc2ccccc2c(-c2ccccc2)c1Cl,c1ccc(CCNCc2cc(-c3ccccc3)c3ccccc3n2)cc1,C26H25ClN2O,0.0,30.0,55.0,1.0,e6abae2f8b2ca1c296b57940157c14cf476f2475cc10ddbfb564ed36452c002b,-3.34092399123274,-42.5313617909771,-0.111364133041091,1,1,1,matched,complete
ATP-HTVS-007D6F34F923,30817,m_282030aaa____21928560____23157418____21973156,30817-2,628,运行/运行/ATP-VSW/ATP-VSW-DOCK_HTVS_1-001_lib/ATP-VSW-DOCK_HTVS_1-001_lib,C[NH+](C)Cc1ccccc1CNc1nc2ccccc2nc1N[C@@H](CCO)c1ccccc1,C[NH+](C)Cc1ccccc1CNc1nc2ccccc2nc1NC(CCO)c1ccccc1,c1ccc(CNc2nc3ccccc3nc2NCc2ccccc2)cc1,C27H32N5O+,1.0,33.0,65.0,1.0,5303980bfd162aa33e46fa4ba8a3efdddc880bebc4edb5a52ff6057ac5c3fb1f,-3.4850388695678,-45.0104956361892,-0.105607238471752,4,4,4,matched,complete
ATP-HTVS-00C8034698A8,34403,m_270004bbb____15775648____24720718,34403-1,18,运行/运行/ATP-VSW/ATP-VSW-DOCK_HTVS_1-003_lib/ATP-VSW-DOCK_HTVS_1-003_lib.mae,C[NH+](C)Cc1ccc(CC[NH2+]Cc2nc(-c3ccco3)n3ccccc23)cc1,C[NH+](C)Cc1ccc(CC[NH2+]Cc2nc(-c3ccco3)n3ccccc23)cc1,c1ccc(CC[NH2+]Cc2nc(-c3ccco3)n3ccccc23)cc1,C23H28N4O+2,2.0,28.0,56.0,1.0,c2a2717a2ac5eeb1a7c7aa5defb626e785f265562157c21b8ade7dcce1c47d79,-5.81163963281027,-67.4370508101919,-0.207558558314652,2,2,2,matched,complete
ATP-HTVS-00F86A54285D,38369,m_282030aaa____21930538____22360182____21973156,38369-1,464,运行/运行/ATP-VSW/ATP-VSW-DOCK_HTVS_1-001_lib/ATP-VSW-DOCK_HTVS_1-001_lib,C[NH+](C)Cc1ccccc1CNc1nc(NCc2ccccc2CO)[nH+]c2ccccc12,C[NH+](C)Cc1ccccc1CNc1nc(NCc2ccccc2CO)[nH+]c2ccccc12,c1ccc(CNc2nc(NCc3ccccc3)c3ccccc3[nH+]2)cc1,C26H31N5O+2,2.0,32.0,63.0,1.0,55ddb78d8e57d70bf54ad1480f6654a008c83eabf3758e13c6a9c7d654ee0ce6,-3.90724208104371,-49.0435976915142,-0.122101315032616,3,3,3,matched,complete
ATP-HTVS-011A966B3F21,59203,m_269862bba____21537480____13192834,59203-1,28,运行/运行/ATP-VSW/ATP-VSW-DOCK_HTVS_1-003_lib/ATP-VSW-DOCK_HTVS_1-003_lib.mae,Cc1cccc(C[C@@H](CO)C[NH2+][C@H](c2ccccn2)c2cc3ccccc3o2)c1,Cc1cccc(CC(CO)C[NH2+]C(c2ccccn2)c2cc3ccccc3o2)c1,c1ccc(CCC[NH2+]C(c2ccccn2)c2cc3ccccc3o2)cc1,C25H27N2O2+,1.0,29.0,56.0,1.0,673f0c39077d27010bdabfb22908af5531ce036d966bbdc585cf774228e4956f,-5.69314528862896,-56.459517369037,-0.196315354780309,2,2,2,matched,complete
ATP-HTVS-0125A5267C6C,70530,rxn502b____EMOL490868____EMOL7515103____EMOL2873214,70530-1,251,运行/运行/ATP-VSW/ATP-VSW-DOCK_HTVS_1-002_lib.maegz,C[NH+](C)Cc1cccc(CNc2cnc(NC(=O)c3ccc(O)cc3)c3ccccc23)c1,C[NH+](C)Cc1cccc(CNc2cnc(NC(=O)c3ccc(O)cc3)c3ccccc23)c1,O=C(Nc1ncc(NCc2ccccc2)c2ccccc12)c1ccccc1,C26H27N4O2+,1.0,32.0,59.0,1.0,a71f05d8995ae74787d4047a17690e77821122f0bfb87f56fd17ff3bcd32e956,-4.51418145101,-58.5210689917541,-0.141068170344062,3,3,3,matched,complete
ATP-HTVS-0161AEC2E23E,48867,m_269862bba____24386160____7200598,48867-1,161,运行/运行/ATP-VSW/ATP-VSW-DOCK_HTVS_1-003_lib/ATP-VSW-DOCK_HTVS_1-003_lib.mae,C[C@@H]([NH2+]Cc1ccccc1C[NH+](C)C)c1ccc(-c2ccccc2[N+](=O)[O-])s1,CC([NH2+]Cc1ccccc1C[NH+](C)C)c1ccc(-c2ccccc2[N+](=O)[O-])s1,c1ccc(C[NH2+]Cc2ccc(-c3ccccc3)s2)cc1,C22H27N3O2S+2,2.0,28.0,55.0,1.0,892aff2214d0278519b98367ccb71609ce294e6f741acfd7a4ffb1e68d4f7763,-4.83483869865031,-58.5792915755031,-0.172672810666082,6,6,6,matched,complete
ATP-HTVS-017DA1C05B1D,98562,rxn503b____EMOL3801098____EMOL7515103____EMOL1468452,98562-4,256,运行/运行/ATP-VSW/ATP-VSW-DOCK_HTVS_1-003_lib/ATP-VSW-DOCK_HTVS_1-003_lib.mae,C[C@H]([NH2+]CC#Cc1cnc(NC(=O)Cc2ccccc2C#N)c2ccccc12)c1ccccc1,CC([NH2+]CC#Cc1cnc(NC(=O)Cc2ccccc2C#N)c2ccccc12)c1ccccc1,O=C(Cc1ccccc1)Nc1ncc(C#CC[NH2+]Cc2ccccc2)c2ccccc12,C29H25N4O+,1.0,34.0,59.0,1.0,4702bfe7f560ac150984c3aaea321b8669401e4034ec3bef34cbb4c930544edb,-4.47627817522789,-59.9010911131155,-0.131655240447879,2,2,2,matched,complete
ATP-HTVS-01DF3EF44742,99137,rxn514b____EMOL483896____EMOL17240199____EMOL4279023,99137-1,265,运行/运行/ATP-VSW/ATP-VSW-DOCK_HTVS_1-002_lib.maegz,C[NH+](C)Cc1cccc(Nc2cnccc2C(=O)N(CCO)c2ccccc2)c1,C[NH+](C)Cc1cccc(Nc2cnccc2C(=O)N(CCO)c2ccccc2)c1,O=C(Nc1ccccc1)c1ccncc1Nc1ccccc1,C23H27N4O2+,1.0,29.0,56.0,1.0,492f03673cfbade1de1177c331b5391f7b9cd0f271cbda27dc3ff3ae88dda32d,-4.47878814702221,-55.4649608836707,-0.154440970586973,2,2,2,matched,complete
ATP-HTVS-01E9987F6BBC,40801,m_270004bda____24170338____18240806,40801-2,1346,运行/运行/ATP-VSW/ATP-VSW-DOCK_HTVS_1-001_lib/ATP-VSW-DOCK_HTVS_1-001_lib,O=C1CN(Cc2c(F)ccc(F)c2F)[C@@H](c2ccccc2)c2ccccc2N1,O=C1CN(Cc2c(F)ccc(F)c2F)C(c2ccccc2)c2ccccc2N1,O=C1CN(Cc2ccccc2)C(c2ccccc2)c2ccccc2N1,C22H17F3N2O,0.0,28.0,45.0,1.0,6a42119277ef197c166122a1d3f691e2feb57ccd3e750990f2699453918e379e,-1.40856773004933,-30.9108722522088,-0.0503059903589045,2,2,2,matched,complete
ATP-HTVS-02393E0D1A46,72513,rxn502c____EMOL478180____EMOL44472687____EMOL44834539,72513-2,177,运行/运行/ATP-VSW/ATP-VSW-DOCK_HTVS_1-001_lib/ATP-VSW-DOCK_HTVS_1-001_lib,Cc1cccc([C@H](O)CNc2c(NC(=O)c3ccccc3)c[nH+]c3ccccc23)c1,Cc1cccc(C(O)CNc2c(NC(=O)c3ccccc3)c[nH+]c3ccccc23)c1,O=C(Nc1c[nH+]c2ccccc2c1NCCc1ccccc1)c1ccccc1,C25H24N3O2+,1.0,30.0,54.0,1.0,40901b0634ea659b299b45a04d889c34dce22d65794c31fb2020945312de8927,-4.68860698749509,-55.092002197439,-0.15628689958317,4,4,4,matched,complete
ATP-HTVS-02527EDCA73D,62593,m_270004bbb____8293672____7549102,62593-3,70,运行/运行/ATP-VSW/ATP-VSW-DOCK_HTVS_1-001_lib/ATP-VSW-DOCK_HTVS_1-001_lib,O[C@@H](C[NH2+]Cc1nc2ccccc2n1Cc1ccc(Cl)cc1)c1cccc(Cl)c1,OC(C[NH2+]Cc1nc2ccccc2n1Cc1ccc(Cl)cc1)c1cccc(Cl)c1,c1ccc(CC[NH2+]Cc2nc3ccccc3n2Cc2ccccc2)cc1,C23H22Cl2N3O+,1.0,29.0,51.0,1.0,dbf6ec3d6b2ca4bd1538170bb0d323faa7d5aec1d01467fc6e465af13a40b9e1,-5.15716390255472,-66.1946803693274,-0.177833238019128,3,3,3,matched,complete
ATP-HTVS-0258CCAE4910,3905,YAS_R001____OTV6666760____OTV7020701068,3905-1,523,运行/运行/ATP-VSW/ATP-VSW-DOCK_HTVS_1-001_lib/ATP-VSW-DOCK_HTVS_1-001_lib,C[NH+](C)CCNc1ccc(CNC(=O)c2cn(-c3ccccc3)c(=O)c3ccccc23)cc1,C[NH+](C)CCNc1ccc(CNC(=O)c2cn(-c3ccccc3)c(=O)c3ccccc23)cc1,O=C(NCc1ccccc1)c1cn(-c2ccccc2)c(=O)c2ccccc12,C27H29N4O2+,1.0,33.0,62.0,1.0,f11fc6418d2df50d88e855978d6178250db241981c95b7c56deb1c15895d9204,-3.77278250253085,-50.5591658454155,-0.114326742500935,1,1,1,matched,complete
ATP-HTVS-027CB3113620,20194,WXCD003____AN3784____LN05333710____AK00809,20194-3,976,运行/运行/ATP-VSW/ATP-VSW-DOCK_HTVS_1-002_lib.maegz,CC[C@H](c1ccccc1)N(C)C(=O)c1nn2ccccc2c1C(=O)NCc1ccc(CN(C)C)cc1,CCC(c1ccccc1)N(C)C(=O)c1nn2ccccc2c1C(=O)NCc1ccc(CN(C)C)cc1,O=C(NCc1ccccc1)c1nn2ccccc2c1C(=O)NCc1ccccc1,C29H33N5O2,0.0,36.0,69.0,1.0,86f267d0388b5bb7acdb0b3926217b3cbd4e28bfe865b2cf6391a52251dc534b,-2.49226291162582,-48.8819427274015,-0.0692295253229396,1,1,1,matched,complete
ATP-HTVS-0282D10141FD,57825,m_270004bbb____8292364____10709854,57825-1,163,运行/运行/ATP-VSW/ATP-VSW-DOCK_HTVS_1-001_lib/ATP-VSW-DOCK_HTVS_1-001_lib,Cc1cccc(O)c1C[NH2+]Cc1cn(-c2ccccc2)nc1-c1ccncc1,Cc1cccc(O)c1C[NH2+]Cc1cn(-c2ccccc2)nc1-c1ccncc1,c1ccc(C[NH2+]Cc2cn(-c3ccccc3)nc2-c2ccncc2)cc1,C23H23N4O+,1.0,28.0,51.0,1.0,8887586c6675b854447dea693dc28f88b4f8044087b828dd98403aaff28bce21,-4.7455117172325,-59.8543821490941,-0.169482561329732,3,3,3,matched,complete
ATP-HTVS-028F2DC4E032,96994,rxn318____EMOL50155899____EMOL481226____EMOL476827,96994-1,192,运行/运行/ATP-VSW/ATP-VSW-DOCK_HTVS_1-003_lib/ATP-VSW-DOCK_HTVS_1-003_lib.mae,C[NH+](C)Cc1ccc(Cn2c(-c3ccccc3Br)nc3cccc(F)c3c2=O)cc1,C[NH+](C)Cc1ccc(Cn2c(-c3ccccc3Br)nc3cccc(F)c3c2=O)cc1,O=c1c2ccccc2nc(-c2ccccc2)n1Cc1ccccc1,C24H22BrFN3O+,1.0,30.0,52.0,1.0,b383f8463bc4b437ad7540e9d911ae6a267a63ed4c3ec08eba1c774d80075748,-4.69863757955225,-55.6062228854202,-0.156621252651742,2,2,2,matched,complete
ATP-HTVS-02AC8E798E60,89826,rxn112____EMOL628199____EMOL932560,89826-1,340,运行/运行/ATP-VSW/ATP-VSW-DOCK_HTVS_1-002_lib.maegz,C[NH+](C)[C@H](Cc1cc(-c2ccncc2)nc2ccccc12)c1ccccc1Cl,C[NH+](C)C(Cc1cc(-c2ccncc2)nc2ccccc12)c1ccccc1Cl,c1ccc(CCc2cc(-c3ccncc3)nc3ccccc23)cc1,C24H23ClN3+,1.0,28.0,51.0,1.0,0686de0e2510a7fc663e89ba7b8a50ef54042ef72844e1cb69f2e960ffaf03f4,-4.27581637536966,-45.1966953343057,-0.152707727691774,3,3,3,matched,complete
ATP-HTVS-02BB8772E392,54466,m_270004bda____24170338____21415512,54466-2,1246,运行/运行/ATP-VSW/ATP-VSW-DOCK_HTVS_1-002_lib.maegz,Cc1c(CN2CC(=O)Nc3ccccc3[C@@H]2c2ccccc2)cccc1C(F)(F)F,Cc1c(CN2CC(=O)Nc3ccccc3C2c2ccccc2)cccc1C(F)(F)F,O=C1CN(Cc2ccccc2)C(c2ccccc2)c2ccccc2N1,C24H21F3N2O,0.0,30.0,51.0,1.0,dbf08f7072d1e4da5bc3ebdb56be10f09edee562f30bf9201b6d91175937b766,-1.68205076672122,-31.5168580619952,-0.0560683588907072,2,2,2,matched,complete
ATP-HTVS-02DF9A19852D,45889,m_270004bbb____23845970____24720860,45889-2,106,运行/运行/ATP-VSW/ATP-VSW-DOCK_HTVS_1-001_lib/ATP-VSW-DOCK_HTVS_1-001_lib,c1ccc(Cn2c(C[NH2+]CC[C@@H](c3ccccc3)[NH+]3CCCC3)nc3ccccc32)cc1,c1ccc(Cn2c(C[NH2+]CCC(c3ccccc3)[NH+]3CCCC3)nc3ccccc32)cc1,c1ccc(Cn2c(C[NH2+]CCC(c3ccccc3)[NH+]3CCCC3)nc3ccccc32)cc1,C28H34N4+2,2.0,32.0,66.0,1.0,68b62c4c1f804ae68f6acf85c4fafb818f5a925527a7e6ea2d67099992920d73,-4.97657782986944,-56.3434563490727,-0.15551805718342,1,1,1,matched,complete
ATP-HTVS-0362648F57EF,78755,rxn512b____EMOL31531197____EMOL44846536____EMOL50155899,78755-1,432,运行/运行/ATP-VSW/ATP-VSW-DOCK_HTVS_1-003_lib/ATP-VSW-DOCK_HTVS_1-003_lib.mae,Cc1ccc(N(C)C(=O)c2cc(NCc3ccc(C[NH+](C)C)cc3)c(Cl)s2)cc1Cl,Cc1ccc(N(C)C(=O)c2cc(NCc3ccc(C[NH+](C)C)cc3)c(Cl)s2)cc1Cl,O=C(Nc1ccccc1)c1cc(NCc2ccccc2)cs1,C23H26Cl2N3OS+,1.0,30.0,56.0,1.0,2013b977dd7dba4fc3c4d0aaa24f5edf25390a34d2fac1c1c69d4298f073f1c3,-3.94325468056887,-48.7928910151211,-0.131441822685629,1,1,1,matched,complete
ATP-HTVS-03C3664644A2,98497,rxn502c____EMOL521529____EMOL49259969____EMOL36790511,98497-2,385,运行/运行/ATP-VSW/ATP-VSW-DOCK_HTVS_1-002_lib.maegz,C[C@@H](C#N)N(c1ccccc1)c1c(CN(C)C(=O)Cc2ccc(O)cc2)sc2ccccc12,CC(C#N)N(c1ccccc1)c1c(CN(C)C(=O)Cc2ccc(O)cc2)sc2ccccc12,O=C(Cc1ccccc1)NCc1sc2ccccc2c1Nc1ccccc1,C27H25N3O2S,0.0,33.0,58.0,1.0,bc41131a993f3869159ea40b90428633d8d324c7e00f9ebe2533d02d017bbc64,-4.15070282757494,-48.038259212933,-0.125778873562877,2,2,2,matched,complete
ATP-HTVS-03F3A1A9B60E,77378,rxn512b____EMOL2735375____EMOL525138____EMOL50155899,77378-1,852,运行/运行/ATP-VSW/ATP-VSW-DOCK_HTVS_1-002_lib.maegz,CN(C(=O)c1sccc1NCc1ccc(C[NH+](C)C)cc1)c1ccccc1N,CN(C(=O)c1sccc1NCc1ccc(C[NH+](C)C)cc1)c1ccccc1N,O=C(Nc1ccccc1)c1sccc1NCc1ccccc1,C22H27N4OS+,1.0,28.0,55.0,1.0,592323f4fe6455cd46ec991c6d61fd28cb086826a8718355bb6b3c155637ff21,-2.87454592440143,-37.9721997690578,-0.102662354442908,2,2,2,matched,complete
ATP-HTVS-0438281B0112,75297,rxn102c____EMOL1087657____EMOL44691345,75297-1,370,运行/运行/ATP-VSW/ATP-VSW-DOCK_HTVS_1-001_lib/ATP-VSW-DOCK_HTVS_1-001_lib,C[NH+](C)Cc1ccccc1Nc1nc2ccccc2nc1-c1ccccc1,C[NH+](C)Cc1ccccc1Nc1nc2ccccc2nc1-c1ccccc1,c1ccc(Nc2nc3ccccc3nc2-c2ccccc2)cc1,C23H23N4+,1.0,27.0,50.0,1.0,889d3461ddbd7a2604d7e4dc5f3282b2f70859a253e859c4f7c59e0870194908,-4.14983282792689,-49.46300019774,-0.15369751214544,2,2,2,matched,complete
ATP-HTVS-0460857F35D6,52162,m_270004bbb____8295050____7548060,52162-2,789,运行/运行/ATP-VSW/ATP-VSW-DOCK_HTVS_1-002_lib.maegz,OCCOc1ccc(CNCc2cn(Cc3ccccc3)nc2-c2ccccc2)cc1,OCCOc1ccc(CNCc2cn(Cc3ccccc3)nc2-c2ccccc2)cc1,c1ccc(CNCc2cn(Cc3ccccc3)nc2-c2ccccc2)cc1,C26H27N3O2,0.0,31.0,58.0,1.0,b1c7bcc77e0c067cdfbe87d2d5f099543b34308b5afd2552227c15caa3e92312,-3.06745979615094,-48.96232051033,-0.0989503160048689,1,1,1,matched,complete
ATP-HTVS-04621B482D9F,87427,rxn512b____EMOL36822768____EMOL525138____EMOL50155899,87427-1,235,运行/运行/ATP-VSW/ATP-VSW-DOCK_HTVS_1-003_lib/ATP-VSW-DOCK_HTVS_1-003_lib.mae,C[NH+](C)Cc1ccc(CNc2ccsc2C(=O)N(C#N)c2ccccc2)cc1,C[NH+](C)Cc1ccc(CNc2ccsc2C(=O)N(C#N)c2ccccc2)cc1,O=C(Nc1ccccc1)c1sccc1NCc1ccccc1,C22H23N4OS+,1.0,28.0,51.0,1.0,ee8bfc5050d3214c61482adb7a4bf6eac865fa7bbcebce8213784598d7be99a0,-4.54855997419821,-59.2014913731764,-0.162448570507079,2,2,2,matched,complete
ATP-HTVS-04BA495CA0A4,22531,m_2230bbb____22403556____7471132,22531-4,785,运行/运行/ATP-VSW/ATP-VSW-DOCK_HTVS_1-003_lib/ATP-VSW-DOCK_HTVS_1-003_lib.mae,Cc1cccc([C@@H](CN(C)C)[NH2+]Cc2nc3ccccc3c(-c3ccccc3)c2Cl)c1,Cc1cccc(C(CN(C)C)[NH2+]Cc2nc3ccccc3c(-c3ccccc3)c2Cl)c1,c1ccc(C[NH2+]Cc2cc(-c3ccccc3)c3ccccc3n2)cc1,C27H29ClN3+,1.0,31.0,60.0,1.0,ecc0fe2130341aefeacb42403b813fdee4af29e897b9b523b248b28cfcdd6630,-3.00531349655571,-45.3693798795769,-0.0969455966630874,1,1,1,matched,complete
ATP-HTVS-052AF9B11E6A,34531,m_270004bbb____10118640____24721296,34531-8,1339,运行/运行/ATP-VSW/ATP-VSW-DOCK_HTVS_1-003_lib/ATP-VSW-DOCK_HTVS_1-003_lib.mae,CCCN(C)[C@H](CNCc1ccc(OCc2ccccc2)cn1)c1ccc(Cl)cc1,CCCN(C)C(CNCc1ccc(OCc2ccccc2)cn1)c1ccc(Cl)cc1,c1ccc(CCNCc2ccc(OCc3ccccc3)cn2)cc1,C25H30ClN3O,0.0,30.0,60.0,1.0,4ba03a2afe402b089a6be2a61e09ff0c9f3cf93d415a7851030b23feae4df606,-1.36010897797717,-39.4537155581784,-0.0453369659325724,1,1,1,matched,complete
ATP-HTVS-053279755E30,96641,rxn502a____EMOL1018066____EMOL45980405____EMOL50155899,96641-3,1151,运行/运行/ATP-VSW/ATP-VSW-DOCK_HTVS_1-002_lib.maegz,CN(C(=O)CC(C)(C)c1ccccc1)c1[nH+]cccc1NCc1ccc(C[NH+](C)C)cc1,CN(C(=O)CC(C)(C)c1ccccc1)c1[nH+]cccc1NCc1ccc(C[NH+](C)C)cc1,O=C(CCc1ccccc1)Nc1[nH+]cccc1NCc1ccccc1,C27H36N4O+2,2.0,32.0,68.0,1.0,76021b40f7dbe2ff680cdf9eac9dc4771789bcccef83b6aa913eb27e4a9449d9,-2.01240354385726,-54.4504209319484,-0.0628876107455393,1,1,1,matched,complete
ATP-HTVS-0587EECAF94B,71363,rxn512b____EMOL480996____EMOL525138____EMOL50155899,71363-1,425,运行/运行/ATP-VSW/ATP-VSW-DOCK_HTVS_1-003_lib/ATP-VSW-DOCK_HTVS_1-003_lib.mae,CN(Cc1ccccc1)C(=O)c1sccc1NCc1ccc(C[NH+](C)C)cc1,CN(Cc1ccccc1)C(=O)c1sccc1NCc1ccc(C[NH+](C)C)cc1,O=C(NCc1ccccc1)c1sccc1NCc1ccccc1,C23H28N3OS+,1.0,28.0,56.0,1.0,31d8f90c0a7096373c290cf57057df8b9be2be552abd7b4a619f4269294b2c61,-3.96144137791356,-46.9757584802366,-0.141480049211199,2,2,2,matched,complete
ATP-HTVS-05A72EDFB57A,38883,m_270004cbb____12219716____10544606,38883-2,10,运行/运行/ATP-VSW/ATP-VSW-DOCK_HTVS_1-003_lib/ATP-VSW-DOCK_HTVS_1-003_lib.mae,O=C1c2ccccc2[C@@H](C[NH2+]Cc2cccc(O)c2Cl)N1Cc1ccccc1,O=C1c2ccccc2C(C[NH2+]Cc2cccc(O)c2Cl)N1Cc1ccccc1,O=C1c2ccccc2C(C[NH2+]Cc2ccccc2)N1Cc1ccccc1,C23H22ClN2O2+,1.0,28.0,50.0,1.0,bcb192a490cbb7a7f63c8764d866cab6b40566c293c8d9692a2896c947d44b35,-5.97314811529865,-70.8662796281026,-0.213326718403523,6,6,6,matched,complete
ATP-HTVS-05E9E2FC066B,70657,rxn502b____EMOL5415347____EMOL30488121____EMOL49839592,70657-1,167,运行/运行/ATP-VSW/ATP-VSW-DOCK_HTVS_1-001_lib/ATP-VSW-DOCK_HTVS_1-001_lib,CCN(c1c(NC(=O)c2ccccc2C[NH+](C)C)c[nH+]c2ccccc12)[C@@H](C#N)c1ccccc1,CCN(c1c(NC(=O)c2ccccc2C[NH+](C)C)c[nH+]c2ccccc12)C(C#N)c1ccccc1,O=C(Nc1c[nH+]c2ccccc2c1NCc1ccccc1)c1ccccc1,C29H31N5O+2,2.0,35.0,66.0,1.0,cdac06b5549d85411f3d7d5ed67ce94f6a7c159b79645c31546963dc4d27ad57,-4.72622512874464,-59.4569042870394,-0.135035003678418,8,8,8,matched,complete
ATP-HTVS-0659C124A83C,70241,rxn102a____EMOL29932549____EMOL50155899,70241-1,647,运行/运行/ATP-VSW/ATP-VSW-DOCK_HTVS_1-001_lib/ATP-VSW-DOCK_HTVS_1-001_lib,C[NH+](C)Cc1ccc(CNc2cc(CO)nc(Cl)c2OCc2ccccc2)cc1,C[NH+](C)Cc1ccc(CNc2cc(CO)nc(Cl)c2OCc2ccccc2)cc1,c1ccc(CNc2ccncc2OCc2ccccc2)cc1,C23H27ClN3O2+,1.0,29.0,56.0,1.0,fbd37441cfda3ceb10b7e29b47107c0cf87cdb1b59ab12527aa97a487c904531,-3.45404571440084,-47.529841060372,-0.119105024634512,3,3,3,matched,complete
ATP-HTVS-069ABDEDA86E,60193,m_282030aaa____21929760____22360182____21965376,60193-1,324,运行/运行/ATP-VSW/ATP-VSW-DOCK_HTVS_1-001_lib/ATP-VSW-DOCK_HTVS_1-001_lib,C[NH+](C)Cc1ccc(CNc2nc(NCc3cccc(OCC#N)c3)c3ccccc3[nH+]2)cc1,C[NH+](C)Cc1ccc(CNc2nc(NCc3cccc(OCC#N)c3)c3ccccc3[nH+]2)cc1,c1ccc(CNc2nc(NCc3ccccc3)c3ccccc3[nH+]2)cc1,C27H30N6O+2,2.0,34.0,64.0,1.0,2d5dadb374a9b484659a997685dd41985908c13ce6982ce21ea43acf9d6a1874,-4.26179409221933,-61.8340585265105,-0.125346885065274,3,3,3,matched,complete
ATP-HTVS-06CA19E03C57,93825,rxn502b____EMOL711278____EMOL30488121____EMOL109645890,93825-1,326,运行/运行/ATP-VSW/ATP-VSW-DOCK_HTVS_1-001_lib/ATP-VSW-DOCK_HTVS_1-001_lib,CC(=O)c1ccccc1C(=O)Nc1c[nH+]c2ccccc2c1NCCc1ccc(N(C)C)cc1,CC(=O)c1ccccc1C(=O)Nc1c[nH+]c2ccccc2c1NCCc1ccc(N(C)C)cc1,O=C(Nc1c[nH+]c2ccccc2c1NCCc1ccccc1)c1ccccc1,C28H29N4O2+,1.0,34.0,63.0,1.0,ff0e0272012c6da9d36643b6052d4da95cf46cddf8d1d48f7668227580fb9d6b,-4.2587937861896,-52.7624347732222,-0.125258640770282,2,2,2,matched,complete
ATP-HTVS-06E5BAB39855,49667,m_270004bbb____24790256____24720860,49667-4,61,运行/运行/ATP-VSW/ATP-VSW-DOCK_HTVS_1-003_lib/ATP-VSW-DOCK_HTVS_1-003_lib.mae,OC[C@H](Cc1ccccc1Cl)[NH2+]Cc1nc2ccccc2n1Cc1ccccc1,OCC(Cc1ccccc1Cl)[NH2+]Cc1nc2ccccc2n1Cc1ccccc1,c1ccc(CC[NH2+]Cc2nc3ccccc3n2Cc2ccccc2)cc1,C24H25ClN3O+,1.0,29.0,54.0,1.0,30b945868f678602fb3cfc26a6862055bee26c3a32da3b17c1116f00ea4ece85,-5.39055779577526,-64.8122088300706,-0.185881303302595,6,6,6,matched,complete
ATP-HTVS-071084F9408F,96642,rxn502a____EMOL1018066____EMOL45981693____EMOL2873214,96642-1,301,运行/运行/ATP-VSW/ATP-VSW-DOCK_HTVS_1-003_lib/ATP-VSW-DOCK_HTVS_1-003_lib.mae,CN(C(=O)CC(C)(C)c1ccccc1)c1cc(NCc2cccc(C[NH+](C)C)c2)cc[nH+]1,CN(C(=O)CC(C)(C)c1ccccc1)c1cc(NCc2cccc(C[NH+](C)C)c2)cc[nH+]1,O=C(CCc1ccccc1)Nc1cc(NCc2ccccc2)cc[nH+]1,C27H36N4O+2,2.0,32.0,68.0,1.0,c47f29805b3312ce2528c1bfdcedb1fa0c0ef1ac8cc4aeeb142b51893eaa8b81,-4.35035063556848,-61.5973101102697,-0.135948457361515,1,1,1,matched,complete
ATP-HTVS-0715C99C3A28,99362,rxn512b____EMOL493827____EMOL49851977____EMOL2873214,99362-1,315,运行/运行/ATP-VSW/ATP-VSW-DOCK_HTVS_1-003_lib/ATP-VSW-DOCK_HTVS_1-003_lib.mae,C[NH+](C)Cc1cccc(CNc2cc(Cl)sc2C(=O)Nc2ccc(N)cc2)c1,C[NH+](C)Cc1cccc(CNc2cc(Cl)sc2C(=O)Nc2ccc(N)cc2)c1,O=C(Nc1ccccc1)c1sccc1NCc1ccccc1,C21H24ClN4OS+,1.0,28.0,52.0,1.0,7b2a95fa5217df212738137ad3af4cbec5363d86d7d94eea56965c4c2c41cbb6,-4.31020815903779,-55.3897642554351,-0.153936005679921,2,2,2,matched,complete
ATP-HTVS-0743B9964B99,20417,WXDL_14____AG3393____LN00173385____BT9925,20417-1,306,运行/运行/ATP-VSW/ATP-VSW-DOCK_HTVS_1-001_lib/ATP-VSW-DOCK_HTVS_1-001_lib,CN(C(=O)c1cc(-c2ccc(C[NH+](C)C)c(F)c2)nc2ccccc12)c1cccc(N)c1,CN(C(=O)c1cc(-c2ccc(C[NH+](C)C)c(F)c2)nc2ccccc12)c1cccc(N)c1,O=C(Nc1ccccc1)c1cc(-c2ccccc2)nc2ccccc12,C26H26FN4O+,1.0,32.0,58.0,1.0,1e0dbab9d55622cfe3b0ebfac6e879e0c479b389cf59d305368e45ed50347e2a,-4.32395435766192,-51.9132670064163,-0.135123573676935,2,2,2,matched,complete
ATP-HTVS-07D9286D8737,76898,rxn502b____EMOL18624763____EMOL13728749____EMOL725587,76898-1,358,运行/运行/ATP-VSW/ATP-VSW-DOCK_HTVS_1-002_lib.maegz,CC(=O)[C@H](Nc1cnc2ccccc2c1NC(=O)c1ccc(C[NH+](C)C)cc1)c1ccccc1,CC(=O)C(Nc1cnc2ccccc2c1NC(=O)c1ccc(C[NH+](C)C)cc1)c1ccccc1,O=C(Nc1c(NCc2ccccc2)cnc2ccccc12)c1ccccc1,C28H29N4O2+,1.0,34.0,63.0,1.0,ef6641f6f5c51a2f205774ecbdfab4cd5082efe0bf1ec82251abfbb84dbb9181,-4.23957689882345,-55.5601222637043,-0.12469343820069,6,6,6,matched,complete
ATP-HTVS-07F3737128F1,86945,rxn502b____EMOL532087____EMOL44466703____EMOL49839592,86945-2,836,运行/运行/ATP-VSW/ATP-VSW-DOCK_HTVS_1-001_lib/ATP-VSW-DOCK_HTVS_1-001_lib,CCN(c1cc2ccccc2nc1NC(=O)c1ccc(C)cc1)[C@H](C#N)c1ccccc1,CCN(c1cc2ccccc2nc1NC(=O)c1ccc(C)cc1)C(C#N)c1ccccc1,O=C(Nc1nc2ccccc2cc1NCc1ccccc1)c1ccccc1,C27H24N4O,0.0,32.0,56.0,1.0,dd7dda4b99ee144a16d52c908fb7bf26d9042cfaed623b29f69be097c3bcd066,-2.91614400004075,-37.65744136832,-0.0911295000012733,1,1,1,matched,complete
ATP-HTVS-08126335CB19,67841,m_271304bca____21474272____9304626,67841-4,1014,运行/运行/ATP-VSW/ATP-VSW-DOCK_HTVS_1-001_lib/ATP-VSW-DOCK_HTVS_1-001_lib,Cc1ccc(C[C@H](NCc2ccc(OCc3ccccc3)c(OCc3ccccc3)c2)C(=O)[O-])cc1,Cc1ccc(CC(NCc2ccc(OCc3ccccc3)c(OCc3ccccc3)c2)C(=O)[O-])cc1,c1ccc(CCNCc2ccc(OCc3ccccc3)c(OCc3ccccc3)c2)cc1,C31H30NO4-,-1.0,36.0,66.0,1.0,29a73ba6e8d49e4953cd2fd68913fcc108f7c4a4b1f8202d6382d1a9d24d3243,-2.40929881919301,-49.2760243651721,-0.0669249671998058,1,1,1,matched,complete
ATP-HTVS-081D95190B15,78402,rxn503b____EMOL530803____EMOL13728749____EMOL313110234,78402-3,20,运行/运行/ATP-VSW/ATP-VSW-DOCK_HTVS_1-002_lib.maegz,[NH3+][C@@H](C#Cc1cnc2ccccc2c1NC(=O)C#Cc1ccccc1)Cc1cccc(F)c1,[NH3+]C(C#Cc1cnc2ccccc2c1NC(=O)C#Cc1ccccc1)Cc1cccc(F)c1,O=C(C#Cc1ccccc1)Nc1c(C#CCCc2ccccc2)cnc2ccccc12,C28H21FN3O+,1.0,33.0,54.0,1.0,f4338ea306706acc9b06e247eac7ef46d2226f8f06c38e63e6da67cdb2d25866,-6.07449494060147,-72.9698357861518,-0.184075604260651,3,3,3,matched,complete
ATP-HTVS-08266C4344A3,88675,rxn503b____EMOL495084____EMOL13728749____EMOL313110234,88675-4,70,运行/运行/ATP-VSW/ATP-VSW-DOCK_HTVS_1-003_lib/ATP-VSW-DOCK_HTVS_1-003_lib.mae,[NH3+][C@H](C#Cc1cnc2ccccc2c1NC(=O)c1cc(F)cc(F)c1)Cc1cccc(F)c1,[NH3+]C(C#Cc1cnc2ccccc2c1NC(=O)c1cc(F)cc(F)c1)Cc1cccc(F)c1,O=C(Nc1c(C#CCCc2ccccc2)cnc2ccccc12)c1ccccc1,C26H19F3N3O+,1.0,33.0,52.0,1.0,ad30df540c98deb6d19c84b1e825d5516da4ec5a0c3621e313b911926818025f,-5.33799910271163,-66.2000393142394,-0.161757548567019,2,2,2,matched,complete
ATP-HTVS-0852D38F8C28,46851,m_2430bbb____22528438____13420474,46851-1,1301,运行/运行/ATP-VSW/ATP-VSW-DOCK_HTVS_1-003_lib/ATP-VSW-DOCK_HTVS_1-003_lib.mae,CN(Cc1ccc(C[NH+](C)C)cc1)C(=O)Nc1c(-c2ccccc2)c2cc(Cl)ccc2[nH]c1=O,CN(Cc1ccc(C[NH+](C)C)cc1)C(=O)Nc1c(-c2ccccc2)c2cc(Cl)ccc2[nH]c1=O,O=C(NCc1ccccc1)Nc1c(-c2ccccc2)c2ccccc2[nH]c1=O,C27H28ClN4O2+,1.0,34.0,62.0,1.0,923634bb510ab6c943b1393f19ee86b28eec1845849e998d3b7f0ef717dcaa0f,-1.52630325310868,-40.9668901617089,-0.0448912721502554,2,2,2,matched,complete
ATP-HTVS-08590B5C6743,87873,rxn505a____EMOL5415347____EMOL313123100____EMOL539496,87873-1,127,运行/运行/ATP-VSW/ATP-VSW-DOCK_HTVS_1-001_lib/ATP-VSW-DOCK_HTVS_1-001_lib,C[NH+](C)Cc1ccccc1C(=O)Nc1ncc(C#Cc2cccc(O)c2)nc1-c1ccccc1,C[NH+](C)Cc1ccccc1C(=O)Nc1ncc(C#Cc2cccc(O)c2)nc1-c1ccccc1,O=C(Nc1ncc(C#Cc2ccccc2)nc1-c1ccccc1)c1ccccc1,C28H25N4O2+,1.0,34.0,59.0,1.0,bcebbaaa9e4fb666933513167d95f2dec6aa6579556119754f608d8413e7af94,-4.88985591725625,-65.5046489240446,-0.143819291684007,2,2,2,matched,complete
ATP-HTVS-086F5E4227DC,20162,WXDL_15E____QS5063____LN00213588____BT4994,20162-1,147,运行/运行/ATP-VSW/ATP-VSW-DOCK_HTVS_1-002_lib.maegz,C[NH+](C)Cc1ccc(CNc2ccc(-c3ccc(C#N)cc3)s2)cc1,C[NH+](C)Cc1ccc(CNc2ccc(-c3ccc(C#N)cc3)s2)cc1,c1ccc(CNc2ccc(-c3ccccc3)s2)cc1,C21H22N3S+,1.0,25.0,47.0,1.0,2abe98c384252ed51aa004748627b87e2df46ce44be494cd12bc5dbac4e978b9,-4.91629733977056,-54.2576435533922,-0.196651893590822,2,2,2,matched,complete
ATP-HTVS-08A6E1F87809,61538,m_282030aaa____21929760____22360182____21961622,61538-1,373,运行/运行/ATP-VSW/ATP-VSW-DOCK_HTVS_1-002_lib.maegz,Cc1c(N)cccc1CNc1nc(NCc2ccc(C[NH+](C)C)cc2)c2ccccc2[nH+]1,Cc1c(N)cccc1CNc1nc(NCc2ccc(C[NH+](C)C)cc2)c2ccccc2[nH+]1,c1ccc(CNc2nc(NCc3ccccc3)c3ccccc3[nH+]2)cc1,C26H32N6+2,2.0,32.0,64.0,1.0,c11d92a5c016d66202d25cf98ee8db2f3eef0234754fee43165afe7886a3fe1c,-4.18003369774354,-56.382920881429,-0.130626053054486,3,3,3,matched,complete
ATP-HTVS-093491EAEBEC,53250,m_282030aaa____21896940____22360182____21941646,53250-1,521,运行/运行/ATP-VSW/ATP-VSW-DOCK_HTVS_1-002_lib.maegz,C[NH+](C)Cc1cc(F)ccc1CNc1nc(NCc2ccc(N)cc2Cl)c2ccccc2[nH+]1,C[NH+](C)Cc1cc(F)ccc1CNc1nc(NCc2ccc(N)cc2Cl)c2ccccc2[nH+]1,c1ccc(CNc2nc(NCc3ccccc3)c3ccccc3[nH+]2)cc1,C25H28ClFN6+2,2.0,33.0,61.0,1.0,bc25b841209e920bdc836e033bc67aacbcaf15f23c6ae9ad4755586689271fb7,-3.78030398240935,-50.4945348347977,-0.114554666133617,3,3,3,matched,complete
ATP-HTVS-09A5DA8CBD66,30690,m_282030aaa____21930822____22360182____21967972,30690-2,324,运行/运行/ATP-VSW/ATP-VSW-DOCK_HTVS_1-002_lib.maegz,C[NH+](C)Cc1ccc(CCNc2nc(NC[C@H](c3ccccc3)[NH+](C)C)c3ccccc3[nH+]2)cc1,C[NH+](C)Cc1ccc(CCNc2nc(NCC(c3ccccc3)[NH+](C)C)c3ccccc3[nH+]2)cc1,c1ccc(CCNc2nc(NCCc3ccccc3)c3ccccc3[nH+]2)cc1,C29H39N6+3,3.0,35.0,74.0,1.0,cbdea01b3812b07d2c6d93dd524e54c27ce27b61860acc5e9ede45e8ea00936b,-4.32064354787896,-60.6444571175641,-0.123446958510827,2,2,2,matched,complete
ATP-HTVS-09A833AE3D1D,90339,rxn501b____EMOL5415347____EMOL44466703____EMOL728493,90339-1,547,运行/运行/ATP-VSW/ATP-VSW-DOCK_HTVS_1-003_lib/ATP-VSW-DOCK_HTVS_1-003_lib.mae,C[NH+](C)Cc1ccccc1C(=O)Nc1nc2ccccc2cc1-c1ccnc(Cl)c1,C[NH+](C)Cc1ccccc1C(=O)Nc1nc2ccccc2cc1-c1ccnc(Cl)c1,O=C(Nc1nc2ccccc2cc1-c1ccncc1)c1ccccc1,C24H22ClN4O+,1.0,30.0,52.0,1.0,f3a6cb15f09c8fd1db6ffe149101324b8ddbde28df4d3c89479f2c2bb65ca004,-3.68111560471429,-49.8120821041142,-0.122703853490476,2,2,2,matched,complete
ATP-HTVS-09F9B4EC4E97,20514,WXDL_15E____QS1365____LN00190257____BT4142,20514-1,437,运行/运行/ATP-VSW/ATP-VSW-DOCK_HTVS_1-002_lib.maegz,CCCc1ccc(C[NH2+]Cc2ncc(-c3ccccc3C)cn2)cc1,CCCc1ccc(C[NH2+]Cc2ncc(-c3ccccc3C)cn2)cc1,c1ccc(C[NH2+]Cc2ncc(-c3ccccc3)cn2)cc1,C22H26N3+,1.0,25.0,51.0,1.0,5be499ab26899b435e7be44a6b88906a88b9baae46fd2c6b3d0432efd37c633e,-4.0071540234108,-48.4057268442472,-0.160286160936432,2,2,2,matched,complete
ATP-HTVS-0A1AFDA96BE3,90754,rxn207____EMOL952557____EMOL480996,90754-1,368,运行/运行/ATP-VSW/ATP-VSW-DOCK_HTVS_1-002_lib.maegz,CN(Cc1ccccc1)[C@H]1C(=O)N(Cc2ccccc2)c2ccccc21,CN(Cc1ccccc1)C1C(=O)N(Cc2ccccc2)c2ccccc21,O=C1C(NCc2ccccc2)c2ccccc2N1Cc1ccccc1,C23H22N2O,0.0,26.0,48.0,1.0,f24362c937ece97a443e2056975061beb57f17588f3d508f02539fa0373bd162,-4.20118108704855,-34.9248241088317,-0.161583887963406,6,6,6,matched,complete
ATP-HTVS-0A1D74055304,29089,m_270004bbb____15507316____21002124,29089-1,67,运行/运行/ATP-VSW/ATP-VSW-DOCK_HTVS_1-001_lib/ATP-VSW-DOCK_HTVS_1-001_lib,OCc1ccc(CC[NH2+]Cc2c(OCc3ccccc3)ccc3ccccc23)cc1,OCc1ccc(CC[NH2+]Cc2c(OCc3ccccc3)ccc3ccccc23)cc1,c1ccc(CC[NH2+]Cc2c(OCc3ccccc3)ccc3ccccc23)cc1,C27H28NO2+,1.0,30.0,58.0,1.0,a6ff3a48987edfbacc4e4ca3d4423f0b0a36e211756031a6235dc56eeba838f4,-5.16115024103222,-57.242043070056,-0.172038341367741,1,1,1,matched,complete
ATP-HTVS-0A30D9D79A37,89123,rxn502c____EMOL478180____EMOL44472687____EMOL5415369,89123-2,1218,运行/运行/ATP-VSW/ATP-VSW-DOCK_HTVS_1-003_lib/ATP-VSW-DOCK_HTVS_1-003_lib.mae,CN(Cc1ccccc1C[NH+]1CCCC1)c1c(NC(=O)c2ccccc2)cnc2ccccc12,CN(Cc1ccccc1C[NH+]1CCCC1)c1c(NC(=O)c2ccccc2)cnc2ccccc12,O=C(Nc1cnc2ccccc2c1NCc1ccccc1C[NH+]1CCCC1)c1ccccc1,C29H31N4O+,1.0,34.0,65.0,1.0,86640f26c210545cf6f3d8bbd13dfd6376853bf2a50d848e8dcdb0537f5c6d88,-1.8144976552467,-47.5659593905205,-0.0533675780954911,1,1,1,matched,complete
ATP-HTVS-0A53D5277C22,24418,m_2230bbb____22403994____7471132,24418-6,1148,运行/运行/ATP-VSW/ATP-VSW-DOCK_HTVS_1-002_lib.maegz,COc1ccc([C@@H](CN(C)C)NCc2nc3ccccc3c(-c3ccccc3)c2Cl)cc1,COc1ccc(C(CN(C)C)NCc2nc3ccccc3c(-c3ccccc3)c2Cl)cc1,c1ccc(CNCc2cc(-c3ccccc3)c3ccccc3n2)cc1,C27H28ClN3O,0.0,32.0,60.0,1.0,017027f785bdff23c563b8b05f676cb96ab0f37675ee8ba0521c655cff5c2add,-2.02757734796739,-42.3316779919538,-0.063361792123981,1,1,1,matched,complete
ATP-HTVS-0A81E0DFACE9,19938,WXDL_15E____QS5063____LN00190257____BT4141,19938-1,181,运行/运行/ATP-VSW/ATP-VSW-DOCK_HTVS_1-002_lib.maegz,COc1ccccc1-c1cnc(C[NH2+]Cc2ccc(C[NH+](C)C)cc2)nc1,COc1ccccc1-c1cnc(C[NH2+]Cc2ccc(C[NH+](C)C)cc2)nc1,c1ccc(C[NH2+]Cc2ncc(-c3ccccc3)cn2)cc1,C22H28N4O+2,2.0,27.0,55.0,1.0,d290294c28d60935e1207114b6d600460041a2d30775dcca01d98afa041d14cc,-4.7467795765273,-60.1248076411135,-0.175806650982492,4,4,4,matched,complete
ATP-HTVS-0A8B3D0EFFB7,1954,YAS_R004____OTV2825775____OTV999855____OTV1055862,1954-3,114,运行/运行/ATP-VSW/ATP-VSW-DOCK_HTVS_1-002_lib.maegz,Cc1ccc([C@@H](O)CNc2cc(-c3ccncc3)[nH+]c3c(F)cccc23)cc1,Cc1ccc(C(O)CNc2cc(-c3ccncc3)[nH+]c3c(F)cccc23)cc1,c1ccc(CCNc2cc(-c3ccncc3)[nH+]c3ccccc23)cc1,C23H21FN3O+,1.0,28.0,49.0,1.0,71c677891b222e029e0dd6c36d06726c63342590a2318226e7e62dc8c99a684e,-5.05094522348199,-63.7455179271545,-0.180390900838643,4,4,4,matched,complete
ATP-HTVS-0A8D2667A5C6,69794,rxn502b____EMOL492715____EMOL13728749____EMOL50155899,69794-1,650,运行/运行/ATP-VSW/ATP-VSW-DOCK_HTVS_1-002_lib.maegz,C[NH+](C)Cc1ccc(CNc2cnc3ccccc3c2NC(=O)Cc2cccc(Cl)c2)cc1,C[NH+](C)Cc1ccc(CNc2cnc3ccccc3c2NC(=O)Cc2cccc(Cl)c2)cc1,O=C(Cc1ccccc1)Nc1c(NCc2ccccc2)cnc2ccccc12,C27H28ClN4O+,1.0,33.0,61.0,1.0,c02cdae4872d980e3f9a290dae4b02c52e45fa196e33bcaa494b0d04e08ba51e,-3.43908277029645,-48.4115454776529,-0.104214629402923,3,3,3,matched,complete
ATP-HTVS-0AAFA8CB92ED,43169,m_282030aaa____21928756____22360182____21973156,43169-1,138,运行/运行/ATP-VSW/ATP-VSW-DOCK_HTVS_1-001_lib/ATP-VSW-DOCK_HTVS_1-001_lib,C[NH+](C)Cc1ccccc1CNc1nc(NCCc2ccc(N)cc2)c2ccccc2[nH+]1,C[NH+](C)Cc1ccccc1CNc1nc(NCCc2ccc(N)cc2)c2ccccc2[nH+]1,c1ccc(CCNc2nc(NCc3ccccc3)[nH+]c3ccccc23)cc1,C26H32N6+2,2.0,32.0,64.0,1.0,c1d2edf67e80d493f5fbddd220a1f9989f049130d821adcfe86be94cf8a432b3,-4.84593814132737,-57.9677303367685,-0.15143556691648,4,4,4,matched,complete
ATP-HTVS-0AE85D2EF5B8,94338,rxn505a____EMOL5415347____EMOL313123100____EMOL29480358,94338-1,85,运行/运行/ATP-VSW/ATP-VSW-DOCK_HTVS_1-003_lib/ATP-VSW-DOCK_HTVS_1-003_lib.mae,C[NH+](C)Cc1ccccc1C(=O)Nc1ncc(C#Cc2ccccc2C[NH3+])nc1-c1ccccc1,C[NH+](C)Cc1ccccc1C(=O)Nc1ncc(C#Cc2ccccc2C[NH3+])nc1-c1ccccc1,O=C(Nc1ncc(C#Cc2ccccc2)nc1-c1ccccc1)c1ccccc1,C29H29N5O+2,2.0,35.0,64.0,1.0,f60b5a705540bf28e33a98d0624dcc15a230525685b91889c9095b29bd558c83,-5.19876401981564,-63.7117791308191,-0.148536114851876,3,3,3,matched,complete
ATP-HTVS-0B0619B736F3,87937,rxn502b____EMOL495084____EMOL44466703____EMOL712348,87937-1,602,运行/运行/ATP-VSW/ATP-VSW-DOCK_HTVS_1-001_lib/ATP-VSW-DOCK_HTVS_1-001_lib,N#CCN(c1ccccc1)c1cc2ccccc2nc1NC(=O)c1cc(F)cc(F)c1,N#CCN(c1ccccc1)c1cc2ccccc2nc1NC(=O)c1cc(F)cc(F)c1,O=C(Nc1nc2ccccc2cc1Nc1ccccc1)c1ccccc1,C24H16F2N4O,0.0,31.0,47.0,1.0,2602128c5df23e8ee2123f4e19d757f5d0138d8928240383d42d7aa529d58460,-3.55560968432524,-38.8285340087152,-0.114697086591137,1,1,1,matched,complete
ATP-HTVS-0B15CB8240E3,99809,rxn503b____EMOL711278____EMOL44466703____EMOL317509298,99809-2,462,运行/运行/ATP-VSW/ATP-VSW-DOCK_HTVS_1-002_lib.maegz,CC(=O)c1ccccc1C(=O)Nc1nc2ccccc2cc1C#CCN[C@@H](C)c1ccccc1F,CC(=O)c1ccccc1C(=O)Nc1nc2ccccc2cc1C#CCNC(C)c1ccccc1F,O=C(Nc1nc2ccccc2cc1C#CCNCc1ccccc1)c1ccccc1,C29H24FN3O2,0.0,35.0,59.0,1.0,6f2ecfa69a86e1be78e107c65515570c04e6a82e8e4f011ef51b2b0eda93950b,-3.92893107291661,-47.4690797661857,-0.112255173511903,2,2,2,matched,complete
ATP-HTVS-0B527D484045,76929,rxn102c____EMOL331057570____EMOL76738571,76929-2,171,运行/运行/ATP-VSW/ATP-VSW-DOCK_HTVS_1-001_lib/ATP-VSW-DOCK_HTVS_1-001_lib,C[C@H](Nc1cc(Cl)ccc1[C@H](C[NH3+])N(C)C)c1cc2cccc(Cl)c2c(=O)n1-c1ccccc1,CC(Nc1cc(Cl)ccc1C(C[NH3+])N(C)C)c1cc2cccc(Cl)c2c(=O)n1-c1ccccc1,O=c1c2ccccc2cc(CNc2ccccc2)n1-c1ccccc1,C27H29Cl2N4O+,1.0,34.0,63.0,1.0,564b5ac70e2689e451954ed88e5400c9c8fcfd6bde530cf0efc208104e075ba1,-4.70705017394486,-55.5841397223898,-0.138442652174849,7,7,7,matched,complete
ATP-HTVS-0B76E6A2B6F2,90146,rxn512b____EMOL36790511____EMOL719673____EMOL8314610,90146-2,590,运行/运行/ATP-VSW/ATP-VSW-DOCK_HTVS_1-002_lib.maegz,C[C@@H](C#N)N(C(=O)c1[nH]c2ccccc2c1Nc1ccc(NCCO)cc1)c1ccccc1,CC(C#N)N(C(=O)c1[nH]c2ccccc2c1Nc1ccc(NCCO)cc1)c1ccccc1,O=C(Nc1ccccc1)c1[nH]c2ccccc2c1Nc1ccccc1,C26H25N5O2,0.0,33.0,58.0,1.0,16a4f7fdaa4efcdaeada1612d20786bc76121a737c231662900f1ab0bf448dce,-3.61221120442026,-42.4349045557508,-0.109460945588493,4,4,4,matched,complete
ATP-HTVS-0BEF59EEEAC9,79426,rxn512b____EMOL299981165____EMOL2730731____EMOL6185419,79426-1,333,运行/运行/ATP-VSW/ATP-VSW-DOCK_HTVS_1-002_lib.maegz,O=C1CN(Cc2cccc(C(=O)NCCO)c2)[C@H](c2ccccc2)c2ccccc2N1,O=C1CN(Cc2cccc(C(=O)NCCO)c2)C(c2ccccc2)c2ccccc2N1,O=C1CN(Cc2ccccc2)C(c2ccccc2)c2ccccc2N1,C25H25N3O3,0.0,31.0,56.0,1.0,49d247b53249abc10b28531cc20bf5c153e58009419d9a04d0d47827439acf46,-4.29629478093592,-52.7084743062581,-0.138590154223739,2,2,2,matched,complete
ATP-HTVS-0C1598B702AE,55106,m_270004bbb____25289960____24720836,55106-1,751,运行/运行/ATP-VSW/ATP-VSW-DOCK_HTVS_1-002_lib.maegz,COCCNc1ccccc1C[NH2+]Cc1c(-c2ccccc2)cc2ccccn12,COCCNc1ccccc1C[NH2+]Cc1c(-c2ccccc2)cc2ccccn12,c1ccc(C[NH2+]Cc2c(-c3ccccc3)cc3ccccn23)cc1,C25H28N3O+,1.0,29.0,57.0,1.0,f810ce7ffc0e2692bcad5be59760554a593be2f9d325c0fb71331176118fd06a,-3.15858840715297,-43.0168181551,-0.108916841625964,1,1,1,matched,complete
ATP-HTVS-0C253F9D7643,68259,m_275532bba____13829954____13834314,68259-1,575,运行/运行/ATP-VSW/ATP-VSW-DOCK_HTVS_1-003_lib/ATP-VSW-DOCK_HTVS_1-003_lib.mae,O=C([O-])C[N@H+](Cc1ccc(Cl)cc1)Cc1cc(OCc2ccccc2)c2ccccc2c1,O=C([O-])C[NH+](Cc1ccc(Cl)cc1)Cc1cc(OCc2ccccc2)c2ccccc2c1,c1ccc(C[NH2+]Cc2cc(OCc3ccccc3)c3ccccc3c2)cc1,C27H24ClNO3,0.0,32.0,56.0,1.0,2791b2699f0d94deece492d4be055563b1342b117854ee1722840b019f1d7c74,-3.61118922669315,-38.4343742731,-0.112849663334161,3,3,3,matched,complete
ATP-HTVS-0C40F7CB6A92,58402,m_270004bbb____21537754____7547806,58402-1,124,运行/运行/ATP-VSW/ATP-VSW-DOCK_HTVS_1-002_lib.maegz,Cc1ccc([C@@](C)(CO)C[NH2+]Cc2cn(-c3ccccc3)nc2-c2ccncc2)cc1,Cc1ccc(C(C)(CO)C[NH2+]Cc2cn(-c3ccccc3)nc2-c2ccncc2)cc1,c1ccc(CC[NH2+]Cc2cn(-c3ccccc3)nc2-c2ccncc2)cc1,C26H29N4O+,1.0,31.0,60.0,1.0,95e85d74b21f5cbd3bc98e0b8b00c3b91ea66d0d339ea0dad8164942905c0855,-5.00496722494702,-62.6638864710403,-0.161450555643452,2,2,2,matched,complete
ATP-HTVS-0C765FB89CD3,40065,m_282030aaa____21898568____23157418____21950844,40065-1,381,运行/运行/ATP-VSW/ATP-VSW-DOCK_HTVS_1-001_lib/ATP-VSW-DOCK_HTVS_1-001_lib,CC[N@@H+](C)Cc1cccc(CNc2nc3ccccc3nc2N(C)CCc2cccc([N+](=O)[O-])c2)c1,CC[NH+](C)Cc1cccc(CNc2nc3ccccc3nc2N(C)CCc2cccc([N+](=O)[O-])c2)c1,c1ccc(CCNc2nc3ccccc3nc2NCc2ccccc2)cc1,C28H33N6O2+,1.0,36.0,69.0,1.0,a83e1b608330515077b6ae93cf80ac565d3ea1d2cae8892ae5df284817ebeae4,-4.11182705426906,-55.5511585372151,-0.114217418174141,1,1,1,matched,complete
ATP-HTVS-0C924C2A1F00,82563,rxn502b____EMOL31406107____EMOL30488121____EMOL324170366,82563-1,424,运行/运行/ATP-VSW/ATP-VSW-DOCK_HTVS_1-003_lib/ATP-VSW-DOCK_HTVS_1-003_lib.mae,O=C(Nc1c[nH+]c2ccccc2c1NCc1ccc(NCCO)cc1)c1cccc(CS)c1,O=C(Nc1c[nH+]c2ccccc2c1NCc1ccc(NCCO)cc1)c1cccc(CS)c1,O=C(Nc1c[nH+]c2ccccc2c1NCc1ccccc1)c1ccccc1,C26H27N4O2S+,1.0,33.0,60.0,1.0,77bef98acf97aa9bc2f06a1c5ab26e91c10569c9c9a7e5a06df50ec07f4cf6ce,-3.96699931810985,-54.9601935646489,-0.120212100548783,3,3,3,matched,complete
ATP-HTVS-0CA591B42E29,85378,rxn403____EMOL2873214____EMOL24201912____EMOL31600616,85378-1,59,运行/运行/ATP-VSW/ATP-VSW-DOCK_HTVS_1-002_lib.maegz,C[NH+](C)Cc1cccc(CN[C@H](C#Cc2ccc(C(=O)[O-])cc2)c2coc3ccccc23)c1,C[NH+](C)Cc1cccc(CNC(C#Cc2ccc(C(=O)[O-])cc2)c2coc3ccccc23)c1,C(#CC(NCc1ccccc1)c1coc2ccccc12)c1ccccc1,C28H26N2O3,0.0,33.0,59.0,1.0,e8dc6d7b1c209949e1b704fd8ae77342d66168478e63f7984b2a0a81876cdc05,-5.49807264992147,-64.2999270521427,-0.166608262118833,6,6,6,matched,complete
ATP-HTVS-0CB0406266F3,38243,m_22bbg____2531250____4713108,38243-1,646,运行/运行/ATP-VSW/ATP-VSW-DOCK_HTVS_1-003_lib/ATP-VSW-DOCK_HTVS_1-003_lib.mae,CN(Cc1ccc(C[NH+](C)C)cc1)C(=O)Cn1c(COc2ccc(Cl)cc2)nc2ccccc21,CN(Cc1ccc(C[NH+](C)C)cc1)C(=O)Cn1c(COc2ccc(Cl)cc2)nc2ccccc21,O=C(Cn1c(COc2ccccc2)nc2ccccc21)NCc1ccccc1,C27H30ClN4O2+,1.0,34.0,64.0,1.0,f3cbd2e2a08d64209eecaf3731d85ca09369518afef48dade19f2254042b9feb,-3.43878014204707,-49.0220309933886,-0.101140592413149,2,2,2,matched,complete
ATP-HTVS-0CBFB91815ED,70274,rxn502c____EMOL300009321____EMOL49259969____EMOL2873214,70274-2,266,运行/运行/ATP-VSW/ATP-VSW-DOCK_HTVS_1-002_lib.maegz,CN(Cc1sc2ccccc2c1NCc1cccc(C[NH+](C)C)c1)C(=O)[C@@H](O)c1ccccc1,CN(Cc1sc2ccccc2c1NCc1cccc(C[NH+](C)C)c1)C(=O)C(O)c1ccccc1,O=C(Cc1ccccc1)NCc1sc2ccccc2c1NCc1ccccc1,C28H32N3O2S+,1.0,34.0,66.0,1.0,f110e179125ff433f2d5e8c8505d05480ae1b7ac0b5e2915269d75bf9bcf4f46,-4.4755885529581,-58.5228708252662,-0.131634957439944,4,4,4,matched,complete
ATP-HTVS-0CC0B448CED2,38179,m_270004bbb____24793076____7547738,38179-1,371,运行/运行/ATP-VSW/ATP-VSW-DOCK_HTVS_1-003_lib/ATP-VSW-DOCK_HTVS_1-003_lib.mae,c1ccc(-n2cc(C[NH2+]Cc3ccccc3C[NH+]3CCCC3)c(-c3cccnc3)n2)cc1,c1ccc(-n2cc(C[NH2+]Cc3ccccc3C[NH+]3CCCC3)c(-c3cccnc3)n2)cc1,c1ccc(-n2cc(C[NH2+]Cc3ccccc3C[NH+]3CCCC3)c(-c3cccnc3)n2)cc1,C27H31N5+2,2.0,32.0,63.0,1.0,5a7e21fe4e7ea7e9c1defb2698e9cb40e907dc3c5418166db25afb014e03f2d5,-4.12199800493643,-62.0143418741274,-0.128812437654263,3,3,3,matched,complete
ATP-HTVS-0CD00DCFE488,46273,m_22bbg____4595258____4713108,46273-5,1425,运行/运行/ATP-VSW/ATP-VSW-DOCK_HTVS_1-001_lib/ATP-VSW-DOCK_HTVS_1-001_lib,CC(C)N(C)Cc1cccc(CNC(=O)Cn2c(COc3ccc(Cl)cc3)nc3ccccc32)c1,CC(C)N(C)Cc1cccc(CNC(=O)Cn2c(COc3ccc(Cl)cc3)nc3ccccc32)c1,O=C(Cn1c(COc2ccccc2)nc2ccccc21)NCc1ccccc1,C28H31ClN4O2,0.0,35.0,66.0,1.0,9694ee57aaaf297cb8a8faf97ff478684eb3f7ca7a3d6816146e921a5079d89e,-0.727471403035266,-44.628343818208,-0.020784897229579,1,1,1,matched,complete
ATP-HTVS-0CE67B896AED,99842,rxn512c____EMOL2726699____EMOL36725275____EMOL45491381,99842-1,247,运行/运行/ATP-VSW/ATP-VSW-DOCK_HTVS_1-003_lib/ATP-VSW-DOCK_HTVS_1-003_lib.mae,CNc1cccc(CNC(=O)c2cnc3ccc(F)cc3c2N(C)c2ccccc2F)c1,CNc1cccc(CNC(=O)c2cnc3ccc(F)cc3c2N(C)c2ccccc2F)c1,O=C(NCc1ccccc1)c1cnc2ccccc2c1Nc1ccccc1,C25H22F2N4O,0.0,32.0,54.0,1.0,979ad6d8987c87b466e5f4a253d5d6bfbfddc6e455cb3f0f9641cc5d14c5db3f,-4.50629604942923,-50.5871120043856,-0.140821751544663,1,1,1,matched,complete
ATP-HTVS-0D57BDDB1211,69729,rxn502b____EMOL41255284____EMOL30488121____EMOL2873214,69729-4,1108,运行/运行/ATP-VSW/ATP-VSW-DOCK_HTVS_1-001_lib/ATP-VSW-DOCK_HTVS_1-001_lib,CN(C)Cc1cccc(CNc2c(NC(=O)[C@@H](F)c3ccc(Cl)cc3)c[nH+]c3ccccc23)c1,CN(C)Cc1cccc(CNc2c(NC(=O)C(F)c3ccc(Cl)cc3)c[nH+]c3ccccc23)c1,O=C(Cc1ccccc1)Nc1c[nH+]c2ccccc2c1NCc1ccccc1,C27H27ClFN4O+,1.0,34.0,61.0,1.0,b01bb054782dff840285d4e99182718194833b2842b7d7a1d8c5b7ac8394a1f9,-2.14571084498983,-49.1786875505482,-0.0631091424997008,1,1,1,matched,complete
ATP-HTVS-0D83F5E9F976,52769,m_282030aaa____21930070____22360182____21968066,52769-1,629,运行/运行/ATP-VSW/ATP-VSW-DOCK_HTVS_1-001_lib/ATP-VSW-DOCK_HTVS_1-001_lib,CC[N@@H+](C)Cc1cccc(CNc2nc(NCc3ccccc3C#N)c3ccccc3[nH+]2)c1,CC[NH+](C)Cc1cccc(CNc2nc(NCc3ccccc3C#N)c3ccccc3[nH+]2)c1,c1ccc(CNc2nc(NCc3ccccc3)c3ccccc3[nH+]2)cc1,C27H30N6+2,2.0,33.0,63.0,1.0,144ff16666b4939066afd658443060683360268618aa8e8b4f73ceac6f03abcd,-3.48376880382318,-47.5584914002139,-0.105568751631005,3,3,3,matched,complete
ATP-HTVS-0D8C52C362EE,73825,rxn512b____EMOL1197208____EMOL44846536____EMOL2873214,73825-1,1005,运行/运行/ATP-VSW/ATP-VSW-DOCK_HTVS_1-001_lib/ATP-VSW-DOCK_HTVS_1-001_lib,C#CCN(Cc1ccccc1)C(=O)c1cc(NCc2cccc(C[NH+](C)C)c2)c(Cl)s1,C#CCN(Cc1ccccc1)C(=O)c1cc(NCc2cccc(C[NH+](C)C)c2)c(Cl)s1,O=C(NCc1ccccc1)c1cc(NCc2ccccc2)cs1,C25H27ClN3OS+,1.0,31.0,58.0,1.0,8dba37b9128a51edde4128c4003051d417b0ba7e3c28f14de0f840f8e07c5e5c,-2.43691677875083,-40.7573780375361,-0.0786102186693818,1,1,1,matched,complete
ATP-HTVS-0DE7571C9DAC,43267,m_270004bbb____25289968____24714512,43267-1,213,运行/运行/ATP-VSW/ATP-VSW-DOCK_HTVS_1-003_lib/ATP-VSW-DOCK_HTVS_1-003_lib.mae,Cc1c(Cl)cccc1OCc1ccc(C[NH2+]Cc2ccccc2NCCO)o1,Cc1c(Cl)cccc1OCc1ccc(C[NH2+]Cc2ccccc2NCCO)o1,c1ccc(C[NH2+]Cc2ccc(COc3ccccc3)o2)cc1,C22H26ClN2O3+,1.0,28.0,54.0,1.0,8aaab2caf01ca5b3b57e965fc07c6a4eebe4461fcca14c0bd28c5db68a512b76,-4.60852371036615,-60.149561869567,-0.164590132513077,2,2,2,matched,complete
ATP-HTVS-0E6472D072C2,1473,YAS_R006____OTV5753507____OTV7118560689____OTV1000393,1473-2,479,运行/运行/ATP-VSW/ATP-VSW-DOCK_HTVS_1-001_lib/ATP-VSW-DOCK_HTVS_1-001_lib,C[NH+](C)[C@H](CNc1nc(C(C)(C)c2ccccc2)nc2ccccc12)c1ccc(O)cc1,C[NH+](C)C(CNc1nc(C(C)(C)c2ccccc2)nc2ccccc12)c1ccc(O)cc1,c1ccc(CCNc2nc(Cc3ccccc3)nc3ccccc23)cc1,C27H31N4O+,1.0,32.0,63.0,1.0,05fde02e13f437072436c17675ac020542048d4158fe4daca0bbcb6ba22f3db0,-3.87174706925944,-49.2471311293904,-0.120992095914358,2,2,2,matched,complete
ATP-HTVS-0E76F39BB090,32387,m_282030aaa____21930836____23157418____21940090,32387-1,142,运行/运行/ATP-VSW/ATP-VSW-DOCK_HTVS_1-003_lib/ATP-VSW-DOCK_HTVS_1-003_lib.mae,C[NH+](C)Cc1cccc(CNc2nc3ccccc3nc2NCc2ccccc2N)c1,C[NH+](C)Cc1cccc(CNc2nc3ccccc3nc2NCc2ccccc2N)c1,c1ccc(CNc2nc3ccccc3nc2NCc2ccccc2)cc1,C25H29N6+,1.0,31.0,60.0,1.0,a82524be5df4b0112e90c7e2c70693ef566724cf47e40092a3bbce283ffb3e5c,-4.91384379869376,-58.6012419369321,-0.158511090280444,2,2,2,matched,complete
ATP-HTVS-0E779CFB9E8D,92771,rxn501c____EMOL18624763____EMOL713289____EMOL717321,92771-2,206,运行/运行/ATP-VSW/ATP-VSW-DOCK_HTVS_1-003_lib/ATP-VSW-DOCK_HTVS_1-003_lib.mae,C[NH+](C)Cc1ccc(C(=O)Nc2ccc([C@@H](C#N)c3ccccc3)c(-c3ccc(C[NH3+])cc3)c2)cc1,C[NH+](C)Cc1ccc(C(=O)Nc2ccc(C(C#N)c3ccccc3)c(-c3ccc(C[NH3+])cc3)c2)cc1,O=C(Nc1ccc(Cc2ccccc2)c(-c2ccccc2)c1)c1ccccc1,C31H32N4O+2,2.0,36.0,68.0,1.0,9d601274ef6e2a2188e0f57bc498b6adc8e6f0afb9b629a2ece12d4a83b53cbc,-4.64095293720157,-63.1806058705071,-0.12891535936671,6,6,6,matched,complete
ATP-HTVS-0EB7A7111FDE,80385,rxn502c____EMOL491633____EMOL49259969____EMOL324170366,80385-1,881,运行/运行/ATP-VSW/ATP-VSW-DOCK_HTVS_1-001_lib/ATP-VSW-DOCK_HTVS_1-001_lib,CN(Cc1sc2ccccc2c1NCc1ccc(NCCO)cc1)C(=O)c1cc(F)ccc1F,CN(Cc1sc2ccccc2c1NCc1ccc(NCCO)cc1)C(=O)c1cc(F)ccc1F,O=C(NCc1sc2ccccc2c1NCc1ccccc1)c1ccccc1,C26H25F2N3O2S,0.0,34.0,59.0,1.0,6c4fcea2f66b45ebad01a3c39851276cc04514d367b4f6cd491e6ac8133ef515,-2.77832980422911,-43.08168217003,-0.0817155824773269,1,1,1,matched,complete
ATP-HTVS-0F3A12BD04AB,91361,rxn502b____EMOL92488516____EMOL30488121____EMOL324170366,91361-1,14,运行/运行/ATP-VSW/ATP-VSW-DOCK_HTVS_1-001_lib/ATP-VSW-DOCK_HTVS_1-001_lib,CC(=O)c1ccc(CC(=O)Nc2c[nH+]c3ccccc3c2NCc2ccc(NCCO)cc2)c(F)c1,CC(=O)c1ccc(CC(=O)Nc2c[nH+]c3ccccc3c2NCc2ccc(NCCO)cc2)c(F)c1,O=C(Cc1ccccc1)Nc1c[nH+]c2ccccc2c1NCc1ccccc1,C28H28FN4O3+,1.0,36.0,64.0,1.0,b7f1521547a7fc1afe0b701029bcf4fe9920977e6518ff33511fdd7f083acf40,-6.07159898960278,-63.739707722394,-0.168655527488966,3,3,3,matched,complete
ATP-HTVS-0F469DA925F8,70337,rxn502b____EMOL93405211____EMOL13728749____EMOL2873214,70337-1,446,运行/运行/ATP-VSW/ATP-VSW-DOCK_HTVS_1-001_lib/ATP-VSW-DOCK_HTVS_1-001_lib,C#Cc1ccc(C(=O)Nc2c(NCc3cccc(C[NH+](C)C)c3)cnc3ccccc23)cc1,C#Cc1ccc(C(=O)Nc2c(NCc3cccc(C[NH+](C)C)c3)cnc3ccccc23)cc1,O=C(Nc1c(NCc2ccccc2)cnc2ccccc12)c1ccccc1,C28H27N4O+,1.0,33.0,60.0,1.0,d3167598ac40b3e7b7928af33d603703a30490bc91395a529104ccf64bd353ea,-3.94088849150865,-54.6717879670747,-0.11942086337905,3,3,3,matched,complete
ATP-HTVS-0F46F3379ABF,71235,rxn502b____EMOL526127____EMOL44466703____EMOL2873214,71235-1,450,运行/运行/ATP-VSW/ATP-VSW-DOCK_HTVS_1-003_lib/ATP-VSW-DOCK_HTVS_1-003_lib.mae,C[NH+](C)Cc1cccc(CNc2cc3ccccc3nc2NC(=O)Cc2cccc(C#N)c2)c1,C[NH+](C)Cc1cccc(CNc2cc3ccccc3nc2NC(=O)Cc2cccc(C#N)c2)c1,O=C(Cc1ccccc1)Nc1nc2ccccc2cc1NCc1ccccc1,C28H28N5O+,1.0,34.0,62.0,1.0,b6ff13829361ae77ca91db4e621a1ec3ed2e638df9b749ee2c678c71500ed05d,-3.90607429563462,-55.712542429727,-0.1148845381069,2,2,2,matched,complete
ATP-HTVS-0F4AF3905209,96993,rxn318____EMOL2873214____EMOL484550____EMOL476827,96993-1,622,运行/运行/ATP-VSW/ATP-VSW-DOCK_HTVS_1-002_lib.maegz,C[NH+](C)Cc1cccc(Cn2c(-c3cccc(Br)c3)nc3cccc(F)c3c2=O)c1,C[NH+](C)Cc1cccc(Cn2c(-c3cccc(Br)c3)nc3cccc(F)c3c2=O)c1,O=c1c2ccccc2nc(-c2ccccc2)n1Cc1ccccc1,C24H22BrFN3O+,1.0,30.0,52.0,1.0,fa86cf694a80e08a2bd227a99618fa9fef6a5d40c0464243a64b164cab6d13ac,-3.52113327150541,-48.0480775284475,-0.11737110905018,2,2,2,matched,complete
ATP-HTVS-0F6915EAEEA3,79267,rxn207____EMOL46100666____EMOL50155899,79267-2,11,运行/运行/ATP-VSW/ATP-VSW-DOCK_HTVS_1-003_lib/ATP-VSW-DOCK_HTVS_1-003_lib.mae,C[C@H]([NH2+]Cc1ccc(C[NH+](C)C)cc1)c1cn(Cc2cccc(C(F)(F)F)c2)nn1,CC([NH2+]Cc1ccc(C[NH+](C)C)cc1)c1cn(Cc2cccc(C(F)(F)F)c2)nn1,c1ccc(C[NH2+]Cc2cn(Cc3ccccc3)nn2)cc1,C22H28F3N5+2,2.0,30.0,58.0,1.0,b011a484beaa783190069f4e61c78e4b84cfbe965c10cdb47e9821c721ac9c02,-5.92798196044923,-73.4342709886305,-0.197599398681641,8,8,8,matched,complete
ATP-HTVS-0F755B78CCFB,95490,rxn502b____EMOL18624763____EMOL7515103____EMOL324170366,95490-1,299,运行/运行/ATP-VSW/ATP-VSW-DOCK_HTVS_1-003_lib/ATP-VSW-DOCK_HTVS_1-003_lib.mae,C[NH+](C)Cc1ccc(C(=O)Nc2ncc(NCc3ccc(NCCO)cc3)c3ccccc23)cc1,C[NH+](C)Cc1ccc(C(=O)Nc2ncc(NCc3ccc(NCCO)cc3)c3ccccc23)cc1,O=C(Nc1ncc(NCc2ccccc2)c2ccccc12)c1ccccc1,C28H32N5O2+,1.0,35.0,67.0,1.0,2e88cb0c8caa27d6e06036c24908de918055b0e158be34f8488d3bcdbe8b91bf,-4.35514726578573,-56.5757556488366,-0.12443277902245,3,3,3,matched,complete
ATP-HTVS-0F900EB338B9,82082,rxn502b____EMOL31412043____EMOL13728749____EMOL8314610,82082-1,98,运行/运行/ATP-VSW/ATP-VSW-DOCK_HTVS_1-002_lib.maegz,CN(CC(=O)Nc1c(Nc2ccc(NCCO)cc2)cnc2ccccc12)c1ccccc1,CN(CC(=O)Nc1c(Nc2ccc(NCCO)cc2)cnc2ccccc12)c1ccccc1,O=C(CNc1ccccc1)Nc1c(Nc2ccccc2)cnc2ccccc12,C26H27N5O2,0.0,33.0,60.0,1.0,0d264a6b224256d096a165126860963fd5c3fa8d776d2ead6206a3c62a10e444,-5.14238362081274,-63.0581528893747,-0.155829806691295,3,3,3,matched,complete
ATP-HTVS-0FD0361A2408,93698,rxn502a____EMOL45480251____EMOL729060____EMOL2873214,93698-1,312,运行/运行/ATP-VSW/ATP-VSW-DOCK_HTVS_1-002_lib.maegz,C[NH+](C)Cc1cccc(CNc2cc(F)cnc2NC(=O)C(F)(F)c2ccccc2)c1,C[NH+](C)Cc1cccc(CNc2cc(F)cnc2NC(=O)C(F)(F)c2ccccc2)c1,O=C(Cc1ccccc1)Nc1ncccc1NCc1ccccc1,C23H24F3N4O+,1.0,31.0,55.0,1.0,384630ef7430b5e96e1072105e346e71063f62e041b3c6ef803f98f94ac19e20,-4.34741831969368,-50.2960139239232,-0.14023930063528,2,2,2,matched,complete
ATP-HTVS-0FDC7A3FF1CA,47107,m_270004bbb____8289034____24714838,47107-1,15,运行/运行/ATP-VSW/ATP-VSW-DOCK_HTVS_1-003_lib/ATP-VSW-DOCK_HTVS_1-003_lib.mae,CC[NH+](CC)Cc1ccccc1C[NH2+]Cc1cn(CCC#N)nc1-c1ccc(Cl)cc1,CC[NH+](CC)Cc1ccccc1C[NH2+]Cc1cn(CCC#N)nc1-c1ccc(Cl)cc1,c1ccc(C[NH2+]Cc2c[nH]nc2-c2ccccc2)cc1,C25H32ClN5+2,2.0,31.0,63.0,1.0,12d1c3c3d51ea90fd50c65f49c0b708fa47bb293d6690469bc1053b1d3ef39f8,-5.88013714765497,-74.6354308276943,-0.189681843472741,3,3,3,matched,complete
ATP-HTVS-103E90EA5971,80961,rxn512b____EMOL109726771____EMOL720738____EMOL2873214,80961-1,243,运行/运行/ATP-VSW/ATP-VSW-DOCK_HTVS_1-001_lib/ATP-VSW-DOCK_HTVS_1-001_lib,C[C@H](c1ccc(Cl)cc1)N(C)C(=O)c1cc(NCc2cccc(C[NH+](C)C)c2)cs1,CC(c1ccc(Cl)cc1)N(C)C(=O)c1cc(NCc2cccc(C[NH+](C)C)c2)cs1,O=C(NCc1ccccc1)c1cc(NCc2ccccc2)cs1,C24H29ClN3OS+,1.0,30.0,59.0,1.0,4065a516171a3d9dcc9a470a619abe1bf8728dfc5bc41cc61ae9250cd28ff740,-4.4936951823295,-50.3464775594708,-0.149789839410983,2,2,2,matched,complete
ATP-HTVS-106685DD3ACA,70754,rxn502b____EMOL48663751____EMOL13728749____EMOL50155899,70754-1,432,运行/运行/ATP-VSW/ATP-VSW-DOCK_HTVS_1-002_lib.maegz,C[NH+](C)Cc1ccc(CNc2cnc3ccccc3c2NC(=O)c2cccc(F)c2F)cc1,C[NH+](C)Cc1ccc(CNc2cnc3ccccc3c2NC(=O)c2cccc(F)c2F)cc1,O=C(Nc1c(NCc2ccccc2)cnc2ccccc12)c1ccccc1,C26H25F2N4O+,1.0,33.0,58.0,1.0,5b0405adff082eee9337a2bfbdae727be6b5f90bcf2ffafa2def4a8d863d5c49,-4.01924083094669,-51.9995054284043,-0.121795176695354,2,2,2,matched,complete
ATP-HTVS-10900B51E20F,58209,m_270004bbb____8289034____7548972,58209-1,104,运行/运行/ATP-VSW/ATP-VSW-DOCK_HTVS_1-001_lib/ATP-VSW-DOCK_HTVS_1-001_lib,CC[NH+](CC)Cc1ccccc1C[NH2+]Cc1csc(N(C(C)=O)c2ccc(C)cc2)n1,CC[NH+](CC)Cc1ccccc1C[NH2+]Cc1csc(N(C(C)=O)c2ccc(C)cc2)n1,c1ccc(C[NH2+]Cc2csc(Nc3ccccc3)n2)cc1,C25H34N4OS+2,2.0,31.0,65.0,1.0,2927b8519de1ab37b1d5887476d1017d87d4fadf5ecea2a3a9c92e8ee267d339,-4.99358231560657,-65.751973065355,-0.161083300503438,3,3,3,matched,complete
ATP-HTVS-109B405B023F,43907,m_270004bda____24170338____16896454,43907-2,1335,运行/运行/ATP-VSW/ATP-VSW-DOCK_HTVS_1-003_lib/ATP-VSW-DOCK_HTVS_1-003_lib.mae,CC(C)Oc1ccc(CN2CC(=O)Nc3ccccc3[C@@H]2c2ccccc2)c(Cl)c1,CC(C)Oc1ccc(CN2CC(=O)Nc3ccccc3C2c2ccccc2)c(Cl)c1,O=C1CN(Cc2ccccc2)C(c2ccccc2)c2ccccc2N1,C25H25ClN2O2,0.0,30.0,55.0,1.0,861022010dfb51752d9afd080a5fc473d4c26e39825f20236bd344dbbaf0dc76,-1.38503096339242,-34.4179119572302,-0.0461676987797473,1,1,1,matched,complete
ATP-HTVS-10A4E2B2EADA,92833,rxn502c____EMOL18624763____EMOL36251210____EMOL493903,92833-1,219,运行/运行/ATP-VSW/ATP-VSW-DOCK_HTVS_1-001_lib/ATP-VSW-DOCK_HTVS_1-001_lib,C[NH+](C)Cc1ccc(C(=O)Nc2nccc(Nc3ccccc3N)c2C(=O)c2ccccc2)cc1,C[NH+](C)Cc1ccc(C(=O)Nc2nccc(Nc3ccccc3N)c2C(=O)c2ccccc2)cc1,O=C(Nc1nccc(Nc2ccccc2)c1C(=O)c1ccccc1)c1ccccc1,C28H28N5O2+,1.0,35.0,63.0,1.0,7f81d6bf9695ce367c1e036475aba73099394388478ff55c5aa05b0d04cf8dcd,-4.57477617344155,-61.4719107830289,-0.130707890669759,4,4,4,matched,complete
ATP-HTVS-11489B74AE1C,69539,rxn502b____EMOL299976369____EMOL30488121____EMOL2873214,69539-1,108,运行/运行/ATP-VSW/ATP-VSW-DOCK_HTVS_1-003_lib/ATP-VSW-DOCK_HTVS_1-003_lib.mae,C[NH+](C)Cc1cccc(CNc2c(NC(=O)[C@](C)(O)c3ccccc3)c[nH+]c3ccccc23)c1,C[NH+](C)Cc1cccc(CNc2c(NC(=O)C(C)(O)c3ccccc3)c[nH+]c3ccccc23)c1,O=C(Cc1ccccc1)Nc1c[nH+]c2ccccc2c1NCc1ccccc1,C28H32N4O2+2,2.0,34.0,66.0,1.0,a94efcd1fcccf9a02be67259743b23e46ca6550d4d06efa55b08c9ca334a1d3c,-5.03834344879853,-67.4943659905862,-0.148186572023486,6,6,6,matched,complete
ATP-HTVS-115B93EFBC96,98209,rxn502b____EMOL15318088____EMOL44466703____EMOL24630243,98209-2,575,运行/运行/ATP-VSW/ATP-VSW-DOCK_HTVS_1-002_lib.maegz,CN(c1cc2ccccc2nc1NC(=O)COc1ccccc1Cl)[C@H](C#N)c1ccccc1,CN(c1cc2ccccc2nc1NC(=O)COc1ccccc1Cl)C(C#N)c1ccccc1,O=C(COc1ccccc1)Nc1nc2ccccc2cc1NCc1ccccc1,C26H21ClN4O2,0.0,33.0,54.0,1.0,3e8064801670d42dc51f518780adac4db791fc15040f275ea4e37ff18cd342cd,-3.64122190653447,-45.2467029710364,-0.110340057773772,2,2,2,matched,complete
ATP-HTVS-11C14F34C5FE,35233,m_2230bbb____8627196____7471132,35233-3,368,运行/运行/ATP-VSW/ATP-VSW-DOCK_HTVS_1-001_lib/ATP-VSW-DOCK_HTVS_1-001_lib,OC[C@H](NCc1nc2ccccc2c(-c2ccccc2)c1Cl)c1cccc(F)c1,OCC(NCc1nc2ccccc2c(-c2ccccc2)c1Cl)c1cccc(F)c1,c1ccc(CNCc2cc(-c3ccccc3)c3ccccc3n2)cc1,C24H20ClFN2O,0.0,29.0,49.0,1.0,5c744ad87ae1fc7ec469b930fd65692c50e8793c72dd2c52a53230bb13eae440,-4.15555608176031,-50.3542293081544,-0.14329503730208,2,2,2,matched,complete
ATP-HTVS-11CEFB3A39DF,61475,m_270004bbb____8292364____7547234,61475-1,109,运行/运行/ATP-VSW/ATP-VSW-DOCK_HTVS_1-003_lib/ATP-VSW-DOCK_HTVS_1-003_lib.mae,CN(CCC#N)c1ccc(C[NH2+]Cc2cn(-c3ccccc3)nc2-c2ccncc2)cc1,CN(CCC#N)c1ccc(C[NH2+]Cc2cn(-c3ccccc3)nc2-c2ccncc2)cc1,c1ccc(C[NH2+]Cc2cn(-c3ccccc3)nc2-c2ccncc2)cc1,C26H27N6+,1.0,32.0,59.0,1.0,506a9813ea8db2edb0a23be0b25cd55c0b1a1ba9754f34604f70d8cdef5a1ca7,-5.0306086001535,-62.3765019665557,-0.157206518754797,2,2,2,matched,complete
ATP-HTVS-11E35EA06531,61505,m_282030aaa____21898820____22360182____21973156,61505-1,335,运行/运行/ATP-VSW/ATP-VSW-DOCK_HTVS_1-001_lib/ATP-VSW-DOCK_HTVS_1-001_lib,Cc1ccc(N)cc1CNc1nc(NCc2ccccc2C[NH+](C)C)[nH+]c2ccccc12,Cc1ccc(N)cc1CNc1nc(NCc2ccccc2C[NH+](C)C)[nH+]c2ccccc12,c1ccc(CNc2nc(NCc3ccccc3)c3ccccc3[nH+]2)cc1,C26H32N6+2,2.0,32.0,64.0,1.0,1f79746b2fa682cc28e8cb055f56559150ae93f2c94507413421593337b9b1e9,-4.23623957512344,-60.7845737129318,-0.132382486722608,3,3,3,matched,complete
ATP-HTVS-125A7E13CFB1,85089,rxn502b____EMOL331054254____EMOL30488121____EMOL36790511,85089-1,760,运行/运行/ATP-VSW/ATP-VSW-DOCK_HTVS_1-001_lib/ATP-VSW-DOCK_HTVS_1-001_lib,C[C@H](C#N)N(c1ccccc1)c1c(NC(=O)[C@@H](c2ccc(Cl)cc2)N(C)C)cnc2ccccc12,CC(C#N)N(c1ccccc1)c1c(NC(=O)C(c2ccc(Cl)cc2)N(C)C)cnc2ccccc12,O=C(Cc1ccccc1)Nc1cnc2ccccc2c1Nc1ccccc1,C28H26ClN5O,0.0,35.0,61.0,1.0,3d3326fdc06e79734dc1b3212540a552b3b421722cb28b729c78a258fcd0e5cd,-3.1340226312072,-39.8342706755565,-0.0895435037487771,11,11,11,matched,complete
ATP-HTVS-12CEF0BA8B10,31426,m_282030aaa____21903914____23157418____21973156,31426-1,377,运行/运行/ATP-VSW/ATP-VSW-DOCK_HTVS_1-002_lib.maegz,CN(CCOc1cccc(C#N)c1)c1nc2ccccc2nc1NCc1ccccc1C[NH+](C)C,CN(CCOc1cccc(C#N)c1)c1nc2ccccc2nc1NCc1ccccc1C[NH+](C)C,c1ccc(CNc2nc3ccccc3nc2NCCOc2ccccc2)cc1,C28H31N6O+,1.0,35.0,66.0,1.0,8cb712c75b3e45c04f176393a9a7dd9d03bae92b6d71954762fd9905083b34f4,-4.16872499718825,-59.0469464752855,-0.119106428491093,2,2,2,matched,complete
ATP-HTVS-132672672DF9,95778,rxn502b____EMOL18624763____EMOL44466703____EMOL324170366,95778-1,273,运行/运行/ATP-VSW/ATP-VSW-DOCK_HTVS_1-003_lib/ATP-VSW-DOCK_HTVS_1-003_lib.mae,C[NH+](C)Cc1ccc(C(=O)Nc2nc3ccccc3cc2NCc2ccc(NCCO)cc2)cc1,C[NH+](C)Cc1ccc(C(=O)Nc2nc3ccccc3cc2NCc2ccc(NCCO)cc2)cc1,O=C(Nc1nc2ccccc2cc1NCc1ccccc1)c1ccccc1,C28H32N5O2+,1.0,35.0,67.0,1.0,848b4ec8dc8c5d859c8cfaead57035b724f41cdc146a5b33d875f7a0712963b9,-4.42873461631719,-53.2355695757021,-0.12653527475192,3,3,3,matched,complete
ATP-HTVS-132BACAA4698,82561,rxn502b____EMOL494614____EMOL30488121____EMOL324170366,82561-1,159,运行/运行/ATP-VSW/ATP-VSW-DOCK_HTVS_1-001_lib/ATP-VSW-DOCK_HTVS_1-001_lib,N#Cc1ccc(C(=O)Nc2c[nH+]c3ccccc3c2NCc2ccc(NCCO)cc2)cc1,N#Cc1ccc(C(=O)Nc2c[nH+]c3ccccc3c2NCc2ccc(NCCO)cc2)cc1,O=C(Nc1c[nH+]c2ccccc2c1NCc1ccccc1)c1ccccc1,C26H24N5O2+,1.0,33.0,57.0,1.0,c9e1a240066ec027664a00ae56b2b8ae9f7db57f50842890b9a0fdfc47e4d887,-4.75722904561426,-63.2446763712107,-0.144158455927705,3,3,3,matched,complete
ATP-HTVS-134FC0CB3694,71041,rxn502b____EMOL36771238____EMOL30488121____EMOL50155899,71041-1,213,运行/运行/ATP-VSW/ATP-VSW-DOCK_HTVS_1-001_lib/ATP-VSW-DOCK_HTVS_1-001_lib,C[NH+](C)Cc1ccc(CNc2c(NC(=O)Cc3ccc(Cl)cc3F)c[nH+]c3ccccc23)cc1,C[NH+](C)Cc1ccc(CNc2c(NC(=O)Cc3ccc(Cl)cc3F)c[nH+]c3ccccc23)cc1,O=C(Cc1ccccc1)Nc1c[nH+]c2ccccc2c1NCc1ccccc1,C27H28ClFN4O+2,2.0,34.0,62.0,1.0,826a19fc302c332725add7876c33b6b36968b3da9eed1985c5b934da1a27d063,-4.5836821116938,-61.2808188170411,-0.1348141797557,2,2,2,matched,complete
ATP-HTVS-1356F7D69808,27907,m_2430bbb____22525962____12219700,27907-1,176,运行/运行/ATP-VSW/ATP-VSW-DOCK_HTVS_1-003_lib/ATP-VSW-DOCK_HTVS_1-003_lib.mae,C[NH+](C)Cc1ccc(NC(=O)NC[C@H]2c3ccccc3C(=O)N2Cc2ccccc2)c(F)c1,C[NH+](C)Cc1ccc(NC(=O)NCC2c3ccccc3C(=O)N2Cc2ccccc2)c(F)c1,O=C(NCC1c2ccccc2C(=O)N1Cc1ccccc1)Nc1ccccc1,C26H28FN4O2+,1.0,33.0,61.0,1.0,d08e0296790af4639adc8e2a5f9e464d52314c6548fa457fbadfe0c3d2c383a0,-4.76216215558839,-61.029566429269,-0.144307944108739,4,4,4,matched,complete
ATP-HTVS-1373BD200FA0,72865,rxn502b____EMOL20754534____EMOL7515103____EMOL50155899,72865-3,289,运行/运行/ATP-VSW/ATP-VSW-DOCK_HTVS_1-001_lib/ATP-VSW-DOCK_HTVS_1-001_lib,CC(=O)c1ccc(CC(=O)Nc2[nH+]cc(NCc3ccc(C[NH+](C)C)cc3)c3ccccc23)cc1,CC(=O)c1ccc(CC(=O)Nc2[nH+]cc(NCc3ccc(C[NH+](C)C)cc3)c3ccccc23)cc1,O=C(Cc1ccccc1)Nc1[nH+]cc(NCc2ccccc2)c2ccccc12,C29H32N4O2+2,2.0,35.0,67.0,1.0,41a575a5c2557b3071aa3ffc0276ea145fdb09bfe3fd3cb3da197a79b4b3a684,-4.37759148920313,-83.1223367657138,-0.125074042548661,3,3,3,matched,complete
ATP-HTVS-1377A1139B97,96002,rxn503b____EMOL711278____EMOL44466703____EMOL1197208,96002-2,198,运行/运行/ATP-VSW/ATP-VSW-DOCK_HTVS_1-003_lib/ATP-VSW-DOCK_HTVS_1-003_lib.mae,CC(=O)c1ccccc1C(=O)Nc1nc2ccccc2cc1C#CC[NH2+]Cc1ccccc1,CC(=O)c1ccccc1C(=O)Nc1nc2ccccc2cc1C#CC[NH2+]Cc1ccccc1,O=C(Nc1nc2ccccc2cc1C#CC[NH2+]Cc1ccccc1)c1ccccc1,C28H24N3O2+,1.0,33.0,57.0,1.0,2d048fb38a877a2502d63aa1f03b3156a9c277abdad02b29e47300c3e1bb2872,-4.68563003207059,-60.593942794337,-0.141988788850624,2,2,2,matched,complete
ATP-HTVS-138C9DBD3419,68321,m_2230bec____12332212____6362664,68321-1,119,运行/运行/ATP-VSW/ATP-VSW-DOCK_HTVS_1-001_lib/ATP-VSW-DOCK_HTVS_1-001_lib,CC[N@@H+](CCOc1ccc(OC)c2ccccc12)Cc1ccc(C[NH+](C)C)cc1,CC[NH+](CCOc1ccc(OC)c2ccccc12)Cc1ccc(C[NH+](C)C)cc1,c1ccc(C[NH2+]CCOc2cccc3ccccc23)cc1,C25H34N2O2+2,2.0,29.0,63.0,1.0,48b4d37b3655a04520b13ab06b9f357a99222bac36b8f77d66373c031b5b867c,-4.92660496634571,-62.7514309410915,-0.16988292987399,4,4,4,matched,complete
ATP-HTVS-13A5AE9C2B6A,88258,rxn512b____EMOL43482592____EMOL2730731____EMOL44693140,88258-6,524,运行/运行/ATP-VSW/ATP-VSW-DOCK_HTVS_1-002_lib.maegz,C#C[C@H](C)NC(=O)c1cccc(CNCc2[nH+]c3ccccc3n2Cc2ccccc2)c1,C#CC(C)NC(=O)c1cccc(CNCc2[nH+]c3ccccc3n2Cc2ccccc2)c1,c1ccc(CNCc2[nH+]c3ccccc3n2Cc2ccccc2)cc1,C27H27N4O+,1.0,32.0,59.0,1.0,434d21b61d5eec15525a162aaeb5e4f97de59894893ba63762dc29ba1f461f42,-3.76780447123084,-63.5196844911292,-0.117743889725964,1,1,1,matched,complete
ATP-HTVS-1402A7ED8177,450,YAS_R004____OTV1509977____OTV7113231893____OTV7020431351,450-1,112,运行/运行/ATP-VSW/ATP-VSW-DOCK_HTVS_1-002_lib.maegz,C[NH+](C)[C@@H](CNc1cc(COc2ccccc2)[nH+]c2ccc(O)cc12)c1ccc(F)cc1,C[NH+](C)C(CNc1cc(COc2ccccc2)[nH+]c2ccc(O)cc12)c1ccc(F)cc1,c1ccc(CCNc2cc(COc3ccccc3)[nH+]c3ccccc23)cc1,C26H28FN3O2+2,2.0,32.0,60.0,1.0,5ad46e20d3a93079e6c0ed665bc7bcbfbeaa10b8d17ec325b578319799e7b18b,-5.06327281392812,-64.8546970376858,-0.158227275435254,3,3,3,matched,complete
ATP-HTVS-143D46541936,71362,rxn512b____EMOL480996____EMOL720738____EMOL50155899,71362-1,488,运行/运行/ATP-VSW/ATP-VSW-DOCK_HTVS_1-002_lib.maegz,CN(Cc1ccccc1)C(=O)c1cc(NCc2ccc(C[NH+](C)C)cc2)cs1,CN(Cc1ccccc1)C(=O)c1cc(NCc2ccc(C[NH+](C)C)cc2)cs1,O=C(NCc1ccccc1)c1cc(NCc2ccccc2)cs1,C23H28N3OS+,1.0,28.0,56.0,1.0,e9d143e37ac3f95547db4a7102c0f78d087fc2accba69de4646edec658d114be,-3.86812266389345,-46.4248273611836,-0.138147237996194,2,2,2,matched,complete
ATP-HTVS-1449F4F4BA71,89058,rxn102c____EMOL36904858____EMOL195078550,89058-1,11,运行/运行/ATP-VSW/ATP-VSW-DOCK_HTVS_1-002_lib.maegz,Cc1ccc(C(=O)c2cnc3ccc(F)cc3c2N(CC[NH3+])Cc2ccc(F)cc2)cc1,Cc1ccc(C(=O)c2cnc3ccc(F)cc3c2N(CC[NH3+])Cc2ccc(F)cc2)cc1,O=C(c1ccccc1)c1cnc2ccccc2c1NCc1ccccc1,C26H24F2N3O+,1.0,32.0,56.0,1.0,747b5df5d554e4c3f79f4f1db42f0d8ca1f458894fe28823be7ad8a9bfdec4ad,-6.21958526920677,-66.3580188940401,-0.194362039662711,1,1,1,matched,complete
ATP-HTVS-14724C615932,53281,m_2230bbb____22397410____10178420,53281-4,704,运行/运行/ATP-VSW/ATP-VSW-DOCK_HTVS_1-001_lib/ATP-VSW-DOCK_HTVS_1-001_lib,Cc1cc(C)c(C[NH2+][C@@H](Cc2ccccc2)CN(C)C)c(OCc2ccccc2)n1,Cc1cc(C)c(C[NH2+]C(Cc2ccccc2)CN(C)C)c(OCc2ccccc2)n1,c1ccc(CC[NH2+]Cc2cccnc2OCc2ccccc2)cc1,C26H34N3O+,1.0,30.0,64.0,1.0,a0897ecf5c1bdb54ec6caea39384f846ace83539396f56614c91e8038f6150e8,-3.29507612750316,-43.5467267636306,-0.109835870916772,3,3,3,matched,complete
ATP-HTVS-14AE04B6952B,40129,m_282030aaa____21930060____22360182____21979096,40129-2,253,运行/运行/ATP-VSW/ATP-VSW-DOCK_HTVS_1-001_lib/ATP-VSW-DOCK_HTVS_1-001_lib,CC(C)Nc1ccc(CNc2nc(N[C@@H](CC(N)=O)c3ccccc3)c3ccccc3[nH+]2)cc1,CC(C)Nc1ccc(CNc2nc(NC(CC(N)=O)c3ccccc3)c3ccccc3[nH+]2)cc1,c1ccc(CNc2nc(NCc3ccccc3)c3ccccc3[nH+]2)cc1,C27H31N6O+,1.0,34.0,65.0,1.0,27b1335ba700a1a7f0a0d8ea3ae8bea444a2dcecd8f3560372fda3141b8b3f72,-4.47370169161169,-58.1175284022461,-0.131579461517991,6,6,6,matched,complete
ATP-HTVS-14BA2D75CE49,449,YAS_R004____OTV998841____OTV7113231893____OTV7020431351,449-5,608,运行/运行/ATP-VSW/ATP-VSW-DOCK_HTVS_1-001_lib/ATP-VSW-DOCK_HTVS_1-001_lib,C[NH+](C)[C@@H](CNc1cc(COc2ccccc2)[nH+]c2c([O-])cccc12)c1ccc(F)cc1,C[NH+](C)C(CNc1cc(COc2ccccc2)[nH+]c2c([O-])cccc12)c1ccc(F)cc1,c1ccc(CCNc2cc(COc3ccccc3)[nH+]c3ccccc23)cc1,C26H27FN3O2+,1.0,32.0,59.0,1.0,b56012416961fb16507852d33f568abd98a4fccaf69440bfa6b77fe4991905d8,-3.54257727891752,-62.8720721267896,-0.110705539966173,2,2,2,matched,complete
ATP-HTVS-1551732D1515,43266,m_270004bbb____25289968____24714584,43266-1,489,运行/运行/ATP-VSW/ATP-VSW-DOCK_HTVS_1-002_lib.maegz,Cc1cc(OCc2ccc(C[NH2+]Cc3ccccc3NCCO)o2)ccc1Cl,Cc1cc(OCc2ccc(C[NH2+]Cc3ccccc3NCCO)o2)ccc1Cl,c1ccc(C[NH2+]Cc2ccc(COc3ccccc3)o2)cc1,C22H26ClN2O3+,1.0,28.0,54.0,1.0,85fb8e7be6f1ea4ebb318295f1139ec01b7fcae2039ce286ad13698d8d3d20a0,-3.86577494528237,-49.6417597580242,-0.138063390902942,2,2,2,matched,complete
ATP-HTVS-159795FE363C,92387,rxn503b____EMOL3801098____EMOL44466703____EMOL313110234,92387-4,78,运行/运行/ATP-VSW/ATP-VSW-DOCK_HTVS_1-003_lib/ATP-VSW-DOCK_HTVS_1-003_lib.mae,N#Cc1ccccc1CC(=O)Nc1nc2ccccc2cc1C#C[C@@H]([NH3+])Cc1cccc(F)c1,N#Cc1ccccc1CC(=O)Nc1nc2ccccc2cc1C#CC([NH3+])Cc1cccc(F)c1,O=C(Cc1ccccc1)Nc1nc2ccccc2cc1C#CCCc1ccccc1,C28H22FN4O+,1.0,34.0,56.0,1.0,6a250537bc75895deb42fb3fdbb76245660b1480516b48f4d0ada0a4f704d586,-5.28912059855985,-70.173303496339,-0.155562370545878,4,4,4,matched,complete
ATP-HTVS-159959ECB567,70723,rxn502b____EMOL495084____EMOL30488121____EMOL2873214,70723-1,80,运行/运行/ATP-VSW/ATP-VSW-DOCK_HTVS_1-003_lib/ATP-VSW-DOCK_HTVS_1-003_lib.mae,C[NH+](C)Cc1cccc(CNc2c(NC(=O)c3cc(F)cc(F)c3)c[nH+]c3ccccc23)c1,C[NH+](C)Cc1cccc(CNc2c(NC(=O)c3cc(F)cc(F)c3)c[nH+]c3ccccc23)c1,O=C(Nc1c[nH+]c2ccccc2c1NCc1ccccc1)c1ccccc1,C26H26F2N4O+2,2.0,33.0,59.0,1.0,f7ec511837ef0cd18412157aec54a13c99488204cbfb85cc96ab3906e6c4caec,-5.28054980478574,-67.1634415808605,-0.160016660751083,3,3,3,matched,complete
ATP-HTVS-159CD8CCFA6D,50978,m_270004bbb____12219716____11986586,50978-1,63,运行/运行/ATP-VSW/ATP-VSW-DOCK_HTVS_1-002_lib.maegz,COc1cccc(F)c1C[NH2+]C[C@H]1c2ccccc2C(=O)N1Cc1ccccc1,COc1cccc(F)c1C[NH2+]CC1c2ccccc2C(=O)N1Cc1ccccc1,O=C1c2ccccc2C(C[NH2+]Cc2ccccc2)N1Cc1ccccc1,C24H24FN2O2+,1.0,29.0,53.0,1.0,dd5e971d98e318ae1d3c1f28c55d57535a6814b579202167b5532ce872e52fb5,-5.41069228280643,-62.1685233474437,-0.186575595958843,4,4,4,matched,complete
ATP-HTVS-159F0F821AF9,96098,rxn512b____EMOL524429____EMOL49851977____EMOL2873214,96098-1,385,运行/运行/ATP-VSW/ATP-VSW-DOCK_HTVS_1-003_lib/ATP-VSW-DOCK_HTVS_1-003_lib.mae,C#Cc1ccccc1NC(=O)c1sc(Cl)cc1NCc1cccc(C[NH+](C)C)c1,C#Cc1ccccc1NC(=O)c1sc(Cl)cc1NCc1cccc(C[NH+](C)C)c1,O=C(Nc1ccccc1)c1sccc1NCc1ccccc1,C23H23ClN3OS+,1.0,29.0,52.0,1.0,5d3fbb14dbc1d7e7c6365767a9169f10169ce5460f79d92fa526f3fac628618d,-4.07684671932549,-52.017984471473,-0.140580921356051,1,1,1,matched,complete
ATP-HTVS-15A0030054C0,69441,rxn502b____EMOL530803____EMOL13728749____EMOL50155899,69441-1,325,运行/运行/ATP-VSW/ATP-VSW-DOCK_HTVS_1-001_lib/ATP-VSW-DOCK_HTVS_1-001_lib,C[NH+](C)Cc1ccc(CNc2cnc3ccccc3c2NC(=O)C#Cc2ccccc2)cc1,C[NH+](C)Cc1ccc(CNc2cnc3ccccc3c2NC(=O)C#Cc2ccccc2)cc1,O=C(C#Cc1ccccc1)Nc1c(NCc2ccccc2)cnc2ccccc12,C28H27N4O+,1.0,33.0,60.0,1.0,b52c0d2cb0f7d59a830be932764b390b454130a5916fd2ca8d2cff995055dffe,-4.26158179087582,-53.656851486986,-0.129138842147752,3,3,3,matched,complete
ATP-HTVS-15F2A5DBBD51,68225,m_270004bca____10206044____24714584,68225-1,24,运行/运行/ATP-VSW/ATP-VSW-DOCK_HTVS_1-001_lib/ATP-VSW-DOCK_HTVS_1-001_lib,CC[N@H+](Cc1ccc(C[NH+](C)C)cc1)Cc1ccc(COc2ccc(Cl)c(C)c2)o1,CC[NH+](Cc1ccc(C[NH+](C)C)cc1)Cc1ccc(COc2ccc(Cl)c(C)c2)o1,c1ccc(C[NH2+]Cc2ccc(COc3ccccc3)o2)cc1,C25H33ClN2O2+2,2.0,30.0,63.0,1.0,67f52cf09aa35a1abc90aac2de8b28b325f8f2021811d8ef3b166d8c40f7bc79,-5.75577483810029,-64.7490636896547,-0.19185916127001,2,2,2,matched,complete
ATP-HTVS-15FA43506D9E,31298,m_270004bca____10206044____7547868,31298-2,321,运行/运行/ATP-VSW/ATP-VSW-DOCK_HTVS_1-002_lib.maegz,CC[N@@H+](Cc1ccc(C[NH+](C)C)cc1)Cc1cn(Cc2ccccc2)nc1-c1cccnc1,CC[NH+](Cc1ccc(C[NH+](C)C)cc1)Cc1cn(Cc2ccccc2)nc1-c1cccnc1,c1ccc(C[NH2+]Cc2cn(Cc3ccccc3)nc2-c2cccnc2)cc1,C28H35N5+2,2.0,33.0,68.0,1.0,7a0087d6773d9f2e56141015585a214eefde3f177140c3027144f6750a1f540d,-4.32346194669473,-59.0035260207319,-0.131013998384689,4,4,4,matched,complete
ATP-HTVS-16140744D8E5,56385,m_66bab____89515____89991,56385-1,652,运行/运行/ATP-VSW/ATP-VSW-DOCK_HTVS_1-001_lib/ATP-VSW-DOCK_HTVS_1-001_lib,Cc1ccc(CN2C(=O)c3ccccc3N[C@H]2c2ccccc2I)cc1,Cc1ccc(CN2C(=O)c3ccccc3NC2c2ccccc2I)cc1,O=C1c2ccccc2NC(c2ccccc2)N1Cc1ccccc1,C22H19IN2O,0.0,26.0,45.0,1.0,12fdbe5d6c304435ecd57c377f7531c60329c12520dfc77cc01915835e3057c1,-3.44500000443843,-40.9303666633015,-0.132500000170709,1,1,1,matched,complete
ATP-HTVS-16316C23D1E4,71169,rxn502b____EMOL31412043____EMOL13728749____EMOL2868412,71169-1,449,运行/运行/ATP-VSW/ATP-VSW-DOCK_HTVS_1-001_lib/ATP-VSW-DOCK_HTVS_1-001_lib,CC[NH+](CC)Cc1ccc(CNc2cnc3ccccc3c2NC(=O)CN(C)c2ccccc2)cc1,CC[NH+](CC)Cc1ccc(CNc2cnc3ccccc3c2NC(=O)CN(C)c2ccccc2)cc1,O=C(CNc1ccccc1)Nc1c(NCc2ccccc2)cnc2ccccc12,C30H36N5O+,1.0,36.0,72.0,1.0,5ba70004bea63c370b0836fdd034f271f7c48cddcd01176c76d51943d70e576c,-3.9335371092757,-55.0808405019254,-0.109264919702103,2,2,2,matched,complete
ATP-HTVS-167535894C2D,33218,m_282030aaa____21926464____23157418____21976814,33218-1,360,运行/运行/ATP-VSW/ATP-VSW-DOCK_HTVS_1-002_lib.maegz,CN(Cc1ccc(N)[nH+]c1)c1nc2ccccc2nc1NCCc1ccc(C[NH+](C)C)cc1,CN(Cc1ccc(N)[nH+]c1)c1nc2ccccc2nc1NCCc1ccc(C[NH+](C)C)cc1,c1ccc(CCNc2nc3ccccc3nc2NCc2ccc[nH+]c2)cc1,C26H33N7+2,2.0,33.0,66.0,1.0,2912969ae715d6edd34a977ef90ef4ce7afe1a27d65ac776e0e0a9eac3ace6ba,-4.2337937922233,-59.2063733114773,-0.128296781582524,3,3,3,matched,complete
ATP-HTVS-169071BECF96,81441,rxn502b____EMOL31528114____EMOL30488121____EMOL712348,81441-1,646,运行/运行/ATP-VSW/ATP-VSW-DOCK_HTVS_1-001_lib/ATP-VSW-DOCK_HTVS_1-001_lib,Cc1cccc(Cl)c1C(=O)Nc1cnc2ccccc2c1N(CC#N)c1ccccc1,Cc1cccc(Cl)c1C(=O)Nc1cnc2ccccc2c1N(CC#N)c1ccccc1,O=C(Nc1cnc2ccccc2c1Nc1ccccc1)c1ccccc1,C25H19ClN4O,0.0,31.0,50.0,1.0,bb6dc79908e1e786a6c7afd6f745a17e01b371693f6e61d592b13397653c529b,-3.45555133972806,-41.4521422986407,-0.111469398055744,2,2,2,matched,complete
ATP-HTVS-16A35D40F1B5,38337,m_282030aaa____21931794____22360182____21968946,38337-5,1083,运行/运行/ATP-VSW/ATP-VSW-DOCK_HTVS_1-001_lib/ATP-VSW-DOCK_HTVS_1-001_lib,COC[C@H](Nc1nc(NCc2ccc(F)c(C[NH+](C)C)c2)nc2ccccc12)c1ccccc1,COCC(Nc1nc(NCc2ccc(F)c(C[NH+](C)C)c2)nc2ccccc12)c1ccccc1,c1ccc(CNc2nc(NCc3ccccc3)c3ccccc3n2)cc1,C27H31FN5O+,1.0,34.0,65.0,1.0,3e7136cfc40efc43b198293c94d6e64dc5af7b4098a1ac29866addad408bf04c,-2.22015345546122,-60.5671494351541,-0.065298631042977,1,1,1,matched,complete
ATP-HTVS-16AC68300479,69859,rxn512c____EMOL36364556____EMOL526741____EMOL50155899,69859-1,524,运行/运行/ATP-VSW/ATP-VSW-DOCK_HTVS_1-003_lib/ATP-VSW-DOCK_HTVS_1-003_lib.mae,CN(C(=O)c1sc2cc(F)ccc2c1NCc1ccc(C[NH+](C)C)cc1)c1cccc(O)c1,CN(C(=O)c1sc2cc(F)ccc2c1NCc1ccc(C[NH+](C)C)cc1)c1cccc(O)c1,O=C(Nc1ccccc1)c1sc2ccccc2c1NCc1ccccc1,C26H27FN3O2S+,1.0,33.0,60.0,1.0,01e09ee75a4b9f169b135f1eddc2d814bca45920b3b88924ed2aa4876124ef60,-3.75054118131307,-49.6752465462227,-0.113652763070093,1,1,1,matched,complete
ATP-HTVS-16D62B7C6E45,82339,rxn102c____EMOL30152961____EMOL2873068,82339-1,320,运行/运行/ATP-VSW/ATP-VSW-DOCK_HTVS_1-003_lib/ATP-VSW-DOCK_HTVS_1-003_lib.mae,C[NH+](C)Cc1ccc(Nc2nc(CO)ccc2OCc2ccccc2)cc1,C[NH+](C)Cc1ccc(Nc2nc(CO)ccc2OCc2ccccc2)cc1,c1ccc(COc2cccnc2Nc2ccccc2)cc1,C22H26N3O2+,1.0,27.0,53.0,1.0,51f0dc79dc518e675815b9ce8524dd3417dc7d4920e84b13926fc43285cc7815,-4.29624229911156,-51.9973432357683,-0.15912008515228,3,3,3,matched,complete
ATP-HTVS-16D892EEAEA4,74883,rxn502b____EMOL5415347____EMOL30488121____EMOL2866855,74883-1,133,运行/运行/ATP-VSW/ATP-VSW-DOCK_HTVS_1-003_lib/ATP-VSW-DOCK_HTVS_1-003_lib.mae,C[NH+](C)Cc1ccccc1C(=O)Nc1c[nH+]c2ccccc2c1NCCSc1ccccc1,C[NH+](C)Cc1ccccc1C(=O)Nc1c[nH+]c2ccccc2c1NCCSc1ccccc1,O=C(Nc1c[nH+]c2ccccc2c1NCCSc1ccccc1)c1ccccc1,C27H30N4OS+2,2.0,33.0,63.0,1.0,da25cc40a2cf2810265d5b88b10c428eac4d481b5da7cde0f7ff3dd5ca4f9df2,-4.95125760465499,-66.7586042437076,-0.150038109231969,3,3,3,matched,complete
ATP-HTVS-1714ADEB4D31,82945,rxn503b____EMOL478035____EMOL30488121____EMOL317506007,82945-4,518,运行/运行/ATP-VSW/ATP-VSW-DOCK_HTVS_1-001_lib/ATP-VSW-DOCK_HTVS_1-001_lib,C[C@H](NCC#Cc1c(NC(=O)c2ccccc2O)cnc2ccccc12)c1ccc(F)cc1,CC(NCC#Cc1c(NC(=O)c2ccccc2O)cnc2ccccc12)c1ccc(F)cc1,O=C(Nc1cnc2ccccc2c1C#CCNCc1ccccc1)c1ccccc1,C27H22FN3O2,0.0,33.0,55.0,1.0,3baeeb6aebc87c23285ebfdf8a18daf480976dd7fb684b83610fb809f8a3af60,-3.77942895653008,-51.7740852176992,-0.114528150197881,2,2,2,matched,complete
ATP-HTVS-17511F2B790B,26499,m_282030aaa____21926464____22360182____21941646,26499-1,444,运行/运行/ATP-VSW/ATP-VSW-DOCK_HTVS_1-003_lib/ATP-VSW-DOCK_HTVS_1-003_lib.mae,C[NH+](C)Cc1ccc(CCNc2nc(NCc3ccc(N)cc3Cl)[nH+]c3ccccc23)cc1,C[NH+](C)Cc1ccc(CCNc2nc(NCc3ccc(N)cc3Cl)[nH+]c3ccccc23)cc1,c1ccc(CCNc2nc(NCc3ccccc3)[nH+]c3ccccc23)cc1,C26H31ClN6+2,2.0,33.0,64.0,1.0,5c8855d7fd5e187d15200ae419992bbdb846105df67c4fda0eb0a3244755aa63,-3.92368364209873,-50.3432505548079,-0.118899504306022,2,2,2,matched,complete
ATP-HTVS-1776C87C4427,90243,rxn502a____EMOL530803____EMOL54476413____EMOL50155899,90243-1,386,运行/运行/ATP-VSW/ATP-VSW-DOCK_HTVS_1-003_lib/ATP-VSW-DOCK_HTVS_1-003_lib.mae,C[NH+](C)Cc1ccc(CNc2cc(NC(=O)C#Cc3ccccc3)ncc2F)cc1,C[NH+](C)Cc1ccc(CNc2cc(NC(=O)C#Cc3ccccc3)ncc2F)cc1,O=C(C#Cc1ccccc1)Nc1cc(NCc2ccccc2)ccn1,C24H24FN4O+,1.0,30.0,54.0,1.0,4580920dbde9ef2a538df6f22988540a38b05e95b0f7c28cd4482c03119c9696,-4.07652503564157,-46.0910798785088,-0.135884167854719,2,2,2,matched,complete
ATP-HTVS-17940C77D749,73155,rxn207____EMOL41348343____EMOL6185419,73155-1,1330,运行/运行/ATP-VSW/ATP-VSW-DOCK_HTVS_1-003_lib/ATP-VSW-DOCK_HTVS_1-003_lib.mae,C#C[C@H](c1ccccc1Cl)N1CC(=O)Nc2ccccc2[C@H]1c1ccccc1,C#CC(c1ccccc1Cl)N1CC(=O)Nc2ccccc2C1c1ccccc1,O=C1CN(Cc2ccccc2)C(c2ccccc2)c2ccccc2N1,C24H19ClN2O,0.0,28.0,47.0,1.0,51af7e033fbc4a15d812e34ede7f537fabfb73ced2379db97c6509a1a02c353b,-1.41615362191532,-31.5625390156763,-0.0505769150684043,3,3,3,matched,complete
ATP-HTVS-17A38785E483,22881,m_270004bbb____12219716____16529880,22881-2,143,运行/运行/ATP-VSW/ATP-VSW-DOCK_HTVS_1-001_lib/ATP-VSW-DOCK_HTVS_1-001_lib,O=C1c2ccccc2[C@@H](C[NH2+]Cc2ccc(CCF)cc2)N1Cc1ccccc1,O=C1c2ccccc2C(C[NH2+]Cc2ccc(CCF)cc2)N1Cc1ccccc1,O=C1c2ccccc2C(C[NH2+]Cc2ccccc2)N1Cc1ccccc1,C25H26FN2O+,1.0,29.0,55.0,1.0,fd28ae10e224ae5db8693dc9bda811fe1b4f76471cbfd9ed460ed4ff629da696,-4.82600227547684,-51.9515027005008,-0.166413871568167,1,1,1,matched,complete
ATP-HTVS-17C024B1EE7E,46369,m_27bbd____602508____21058254,46369-2,572,运行/运行/ATP-VSW/ATP-VSW-DOCK_HTVS_1-001_lib/ATP-VSW-DOCK_HTVS_1-001_lib,O[C@H](CNc1nc(-c2ccc(Br)cc2)nc2ccccc12)c1ccccc1F,OC(CNc1nc(-c2ccc(Br)cc2)nc2ccccc12)c1ccccc1F,c1ccc(CCNc2nc(-c3ccccc3)nc3ccccc23)cc1,C22H17BrFN3O,0.0,28.0,45.0,1.0,f2fc7da9b7ef303cf21b5a25ac785fb90ccc1c5267bee053ff116b03c1f625c7,-3.63222262321622,-41.3466203490605,-0.129722236543437,1,1,1,matched,complete
ATP-HTVS-17D20C07D7F4,84579,rxn503c____EMOL490868____EMOL49259969____EMOL313110234,84579-2,588,运行/运行/ATP-VSW/ATP-VSW-DOCK_HTVS_1-003_lib/ATP-VSW-DOCK_HTVS_1-003_lib.mae,CN(Cc1sc2ccccc2c1C#C[C@@H](N)Cc1cccc(F)c1)C(=O)c1ccc(O)cc1,CN(Cc1sc2ccccc2c1C#CC(N)Cc1cccc(F)c1)C(=O)c1ccc(O)cc1,O=C(NCc1sc2ccccc2c1C#CCCc1ccccc1)c1ccccc1,C27H23FN2O2S,0.0,33.0,56.0,1.0,b4fc8e9a03fb11f66f5bbbdadf2db58fef3b64049c89040deb02e5f28e58b312,-3.57264819833477,-51.3331998840989,-0.108262066616205,1,1,1,matched,complete
ATP-HTVS-17FF806DFA04,81121,rxn502b____EMOL43611080____EMOL30488121____EMOL50155899,81121-1,230,运行/运行/ATP-VSW/ATP-VSW-DOCK_HTVS_1-001_lib/ATP-VSW-DOCK_HTVS_1-001_lib,COC(=O)c1cccc(C(=O)Nc2c[nH+]c3ccccc3c2NCc2ccc(C[NH+](C)C)cc2)c1F,COC(=O)c1cccc(C(=O)Nc2c[nH+]c3ccccc3c2NCc2ccc(C[NH+](C)C)cc2)c1F,O=C(Nc1c[nH+]c2ccccc2c1NCc1ccccc1)c1ccccc1,C28H29FN4O3+2,2.0,36.0,65.0,1.0,2e9aa6a75df9818d955031af5d6a5406125eb02cb322b2c1e3c0bcc9ae6fc10a,-4.53086050427011,-59.2773008571599,-0.125857236229725,3,3,3,matched,complete
ATP-HTVS-18044BD9974D,64643,m_282030aaa____21931302____22360182____21967972,64643-1,401,运行/运行/ATP-VSW/ATP-VSW-DOCK_HTVS_1-003_lib/ATP-VSW-DOCK_HTVS_1-003_lib.mae,C[NH+](C)Cc1ccc(CCNc2nc(NCc3ccc4c(c3)OCO4)[nH+]c3ccccc23)cc1,C[NH+](C)Cc1ccc(CCNc2nc(NCc3ccc4c(c3)OCO4)[nH+]c3ccccc23)cc1,c1ccc(CCNc2nc(NCc3ccc4c(c3)OCO4)[nH+]c3ccccc23)cc1,C27H31N5O2+2,2.0,34.0,65.0,1.0,042f54e2d29664c1bde28133f38fe2f2d766ca1c2c6f38aaf5c323970bcb5598,-4.02113095192044,-55.3263606457034,-0.118268557409425,3,3,3,matched,complete
ATP-HTVS-1817E5512E7A,88034,rxn502b____EMOL491302____EMOL7515103____EMOL324170366,88034-1,563,运行/运行/ATP-VSW/ATP-VSW-DOCK_HTVS_1-002_lib.maegz,CCCc1ccc(C(=O)Nc2ncc(NCc3ccc(NCCO)cc3)c3ccccc23)cc1,CCCc1ccc(C(=O)Nc2ncc(NCc3ccc(NCCO)cc3)c3ccccc23)cc1,O=C(Nc1ncc(NCc2ccccc2)c2ccccc12)c1ccccc1,C28H30N4O2,0.0,34.0,64.0,1.0,3bfaa5d4a22159f03f31b564e4de11941b14694f103d6e5811f548a70157f4a1,-3.67639043964646,-41.4345034221348,-0.108129130577837,2,2,2,matched,complete
ATP-HTVS-18265C9EB86B,7299,a4____35077____222282,7299-1,153,运行/运行/ATP-VSW/ATP-VSW-DOCK_HTVS_1-003_lib/ATP-VSW-DOCK_HTVS_1-003_lib.mae,C[NH+](C)Cc1cc(CNc2ncccc2OCc2ccccc2)ccc1O,C[NH+](C)Cc1cc(CNc2ncccc2OCc2ccccc2)ccc1O,c1ccc(CNc2ncccc2OCc2ccccc2)cc1,C22H26N3O2+,1.0,27.0,53.0,1.0,38bdc231f6fa771d59943589b54e26a31eb4d502e855171e012c37db93ef3dbf,-4.85844997584357,-57.1686222205673,-0.17994259169791,4,4,4,matched,complete
ATP-HTVS-185EDA97C211,76994,rxn502b____EMOL5415347____EMOL7515103____EMOL725587,76994-1,155,运行/运行/ATP-VSW/ATP-VSW-DOCK_HTVS_1-002_lib.maegz,CC(=O)[C@H](Nc1cnc(NC(=O)c2ccccc2C[NH+](C)C)c2ccccc12)c1ccccc1,CC(=O)C(Nc1cnc(NC(=O)c2ccccc2C[NH+](C)C)c2ccccc12)c1ccccc1,O=C(Nc1ncc(NCc2ccccc2)c2ccccc12)c1ccccc1,C28H29N4O2+,1.0,34.0,63.0,1.0,718fe20261d9269c5341894708844b04bef7e3257daf50a61280dfd0f3f894f0,-4.88499758951559,-58.5343083120855,-0.143676399691635,4,4,4,matched,complete
ATP-HTVS-18A7589C7FB7,94049,rxn503b____EMOL49845460____EMOL13728749____EMOL317509042,94049-4,192,运行/运行/ATP-VSW/ATP-VSW-DOCK_HTVS_1-001_lib/ATP-VSW-DOCK_HTVS_1-001_lib,C[C@H]([NH2+]CC#Cc1cnc2ccccc2c1NC(=O)Cc1ccc(C#N)c(Cl)c1)c1cccc(F)c1,CC([NH2+]CC#Cc1cnc2ccccc2c1NC(=O)Cc1ccc(C#N)c(Cl)c1)c1cccc(F)c1,O=C(Cc1ccccc1)Nc1c(C#CC[NH2+]Cc2ccccc2)cnc2ccccc12,C29H23ClFN4O+,1.0,36.0,59.0,1.0,c8408ef6cbeda12699948e9b554ea3338f9df243c1f98b7bd472b537f4399986,-4.66481018694111,-65.2951514816303,-0.129578060748364,2,2,2,matched,complete
ATP-HTVS-18AAC668D3EC,81058,rxn502b____EMOL511643____EMOL13728749____EMOL712348,81058-1,702,运行/运行/ATP-VSW/ATP-VSW-DOCK_HTVS_1-002_lib.maegz,N#CCN(c1ccccc1)c1cnc2ccccc2c1NC(=O)c1cccc(F)c1,N#CCN(c1ccccc1)c1cnc2ccccc2c1NC(=O)c1cccc(F)c1,O=C(Nc1c(Nc2ccccc2)cnc2ccccc12)c1ccccc1,C24H17FN4O,0.0,30.0,47.0,1.0,ac5ed771241dce0e9eda25dae9a33df95f0899b77e0df977cf34023fa77642d0,-3.28459744012558,-39.0483366741448,-0.109486581337519,1,1,1,matched,complete
ATP-HTVS-18CFABF6753A,53793,m_282030aaa____21894442____22360182____21940090,53793-1,247,运行/运行/ATP-VSW/ATP-VSW-DOCK_HTVS_1-001_lib/ATP-VSW-DOCK_HTVS_1-001_lib,CN(CC(=O)NCc1ccccc1)c1nc(NCc2cccc(C[NH+](C)C)c2)c2ccccc2[nH+]1,CN(CC(=O)NCc1ccccc1)c1nc(NCc2cccc(C[NH+](C)C)c2)c2ccccc2[nH+]1,O=C(CNc1nc(NCc2ccccc2)c2ccccc2[nH+]1)NCc1ccccc1,C28H34N6O+2,2.0,35.0,69.0,1.0,066fb1b80a7c8572d0859df15579061e393aa313b564e4fcf6acdf2ef8101727,-4.48878660048069,-58.7639612499029,-0.12825104572802,3,3,3,matched,complete
ATP-HTVS-18FDFF56F821,38785,m_282030aaa____21928796____22360182____21968058,38785-1,609,运行/运行/ATP-VSW/ATP-VSW-DOCK_HTVS_1-001_lib/ATP-VSW-DOCK_HTVS_1-001_lib,C[NH+](C)Cc1cccc(CNc2nc(NCc3ccc(N)c(Cl)c3)c3ccccc3[nH+]2)c1,C[NH+](C)Cc1cccc(CNc2nc(NCc3ccc(N)c(Cl)c3)c3ccccc3[nH+]2)c1,c1ccc(CNc2nc(NCc3ccccc3)c3ccccc3[nH+]2)cc1,C25H29ClN6+2,2.0,32.0,61.0,1.0,04c78dd306713348fe51e3f2f07a2b14bd45fa3f851461df65c743bc5a1eaae8,-3.54183362214925,-48.6553216916525,-0.110682300692164,3,3,3,matched,complete
ATP-HTVS-190A8EA9B17C,31297,m_269862bca____7199958____10542754,31297-3,46,运行/运行/ATP-VSW/ATP-VSW-DOCK_HTVS_1-001_lib/ATP-VSW-DOCK_HTVS_1-001_lib,C[C@H]([NH2+][C@H](C)c1nc(-c2ccc(F)c(Cl)c2)cs1)c1cccc(C[NH+](C)C)c1,CC([NH2+]C(C)c1nc(-c2ccc(F)c(Cl)c2)cs1)c1cccc(C[NH+](C)C)c1,c1ccc(C[NH2+]Cc2nc(-c3ccccc3)cs2)cc1,C22H27ClFN3S+2,2.0,28.0,55.0,1.0,b3293ff40fdca2ba0688dc473adba350885fd4beed7a10533aa5e67b1d66e146,-5.31774251887787,-62.8181457647497,-0.18991937567421,6,6,6,matched,complete
ATP-HTVS-1928ECDAF189,20003,WXCD003____AN0033____LN05333710____AK00809,20003-1,526,运行/运行/ATP-VSW/ATP-VSW-DOCK_HTVS_1-003_lib/ATP-VSW-DOCK_HTVS_1-003_lib.mae,CN(Cc1ccccc1)C(=O)c1c(C(=O)NCc2ccc(C[NH+](C)C)cc2)nn2ccccc12,CN(Cc1ccccc1)C(=O)c1c(C(=O)NCc2ccc(C[NH+](C)C)cc2)nn2ccccc12,O=C(NCc1ccccc1)c1nn2ccccc2c1C(=O)NCc1ccccc1,C27H30N5O2+,1.0,34.0,64.0,1.0,c574f773f7f2d44667d752f3e64f99bdfb8b38ef5d6d3798f39493ec3b997a28,-3.73769009275821,-52.8867394326439,-0.109932061551712,2,2,2,matched,complete
ATP-HTVS-193F5213E1F4,63266,m_270004bbb____24792668____13441680,63266-1,65,运行/运行/ATP-VSW/ATP-VSW-DOCK_HTVS_1-002_lib.maegz,Cc1ccc2nc(-c3ccc(F)cc3)c(C[NH2+]Cc3ccc(F)cc3C[NH+](C)C)n2c1,Cc1ccc2nc(-c3ccc(F)cc3)c(C[NH2+]Cc3ccc(F)cc3C[NH+](C)C)n2c1,c1ccc(C[NH2+]Cc2c(-c3ccccc3)nc3ccccn23)cc1,C25H28F2N4+2,2.0,31.0,59.0,1.0,45e32e3ac1c39cf508fc40ffd00809d9e8e04bcca51cec4cfa0724fdf98d2b69,-5.4077521026514,-76.6871894850057,-0.174443616214561,3,3,3,matched,complete
ATP-HTVS-1940D4055FE9,82787,rxn403____EMOL530587____EMOL720244____EMOL317509042,82787-2,164,运行/运行/ATP-VSW/ATP-VSW-DOCK_HTVS_1-003_lib/ATP-VSW-DOCK_HTVS_1-003_lib.mae,C[C@@H](NCC#C[C@H](NCC(=O)c1ccccc1)c1cc2ccccc2s1)c1cccc(F)c1,CC(NCC#CC(NCC(=O)c1ccccc1)c1cc2ccccc2s1)c1cccc(F)c1,O=C(CNC(C#CCNCc1ccccc1)c1cc2ccccc2s1)c1ccccc1,C28H25FN2OS,0.0,33.0,58.0,1.0,2496f84172e8c8313cec3d0d7fba4e9dbfda400f604d75a13ee98c2f37d789f9,-4.81153592350679,-56.8780808205168,-0.145804118894145,1,1,1,matched,complete
ATP-HTVS-1952D56C5A08,95489,rxn502b____EMOL5415347____EMOL7515103____EMOL324170366,95489-1,625,运行/运行/ATP-VSW/ATP-VSW-DOCK_HTVS_1-001_lib/ATP-VSW-DOCK_HTVS_1-001_lib,C[NH+](C)Cc1ccccc1C(=O)Nc1ncc(NCc2ccc(NCCO)cc2)c2ccccc12,C[NH+](C)Cc1ccccc1C(=O)Nc1ncc(NCc2ccc(NCCO)cc2)c2ccccc12,O=C(Nc1ncc(NCc2ccccc2)c2ccccc12)c1ccccc1,C28H32N5O2+,1.0,35.0,67.0,1.0,c8bebbe88a4d24caebf77b68d3f70aa54dfb66f03be0015221caef914ffde37a,-3.49607907335307,-56.0259912133187,-0.0998879735243735,3,3,3,matched,complete
ATP-HTVS-196468D2BF96,87299,rxn503b____EMOL525400____EMOL30488121____EMOL317506007,87299-3,177,运行/运行/ATP-VSW/ATP-VSW-DOCK_HTVS_1-003_lib/ATP-VSW-DOCK_HTVS_1-003_lib.mae,C[C@@H]([NH2+]CC#Cc1c(NC(=O)Cc2ccc(C#N)cc2)cnc2ccccc12)c1ccc(F)cc1,CC([NH2+]CC#Cc1c(NC(=O)Cc2ccc(C#N)cc2)cnc2ccccc12)c1ccc(F)cc1,O=C(Cc1ccccc1)Nc1cnc2ccccc2c1C#CC[NH2+]Cc1ccccc1,C29H24FN4O+,1.0,35.0,59.0,1.0,1edca0c9f86a2e2b4ce956eaade43f46c8031fd57a6fc5ca3ca8bbbd58e163bc,-4.75946844775766,-62.5798223920512,-0.135984812793076,2,2,2,matched,complete
ATP-HTVS-19D22C817A74,93507,rxn403____EMOL50155899____EMOL721951____EMOL31600616,93507-4,209,运行/运行/ATP-VSW/ATP-VSW-DOCK_HTVS_1-003_lib/ATP-VSW-DOCK_HTVS_1-003_lib.mae,Cc1c([C@H](C#Cc2ccc(C(=O)[O-])cc2)[NH2+]Cc2ccc(C[NH+](C)C)cc2)sc2ccccc12,Cc1c(C(C#Cc2ccc(C(=O)[O-])cc2)[NH2+]Cc2ccc(C[NH+](C)C)cc2)sc2ccccc12,C(#CC([NH2+]Cc1ccccc1)c1cc2ccccc2s1)c1ccccc1,C29H29N2O2S+,1.0,34.0,63.0,1.0,2a511508714a312343548ec134bb410c64a709e9ac262ba777b2668b72dacd17,-4.63545781705695,-66.9720024688035,-0.136336994619322,8,8,8,matched,complete
ATP-HTVS-19D9965850C9,38370,m_282030aaa____21930538____22360182____21973156,38370-1,313,运行/运行/ATP-VSW/ATP-VSW-DOCK_HTVS_1-002_lib.maegz,C[NH+](C)Cc1ccccc1CNc1nc(NCc2ccccc2CO)c2ccccc2[nH+]1,C[NH+](C)Cc1ccccc1CNc1nc(NCc2ccccc2CO)c2ccccc2[nH+]1,c1ccc(CNc2nc(NCc3ccccc3)c3ccccc3[nH+]2)cc1,C26H31N5O+2,2.0,32.0,63.0,1.0,dc42601e72d50718e238897f09ae18ab332d479a235e9e75bc3d66ae0415fc7b,-4.34190893737063,-53.5539153778495,-0.135684654292832,3,3,3,matched,complete
ATP-HTVS-19DB56372FFA,71203,rxn502b____EMOL526127____EMOL7515103____EMOL50155899,71203-3,125,运行/运行/ATP-VSW/ATP-VSW-DOCK_HTVS_1-003_lib/ATP-VSW-DOCK_HTVS_1-003_lib.mae,C[NH+](C)Cc1ccc(CNc2c[nH+]c(NC(=O)Cc3cccc(C#N)c3)c3ccccc23)cc1,C[NH+](C)Cc1ccc(CNc2c[nH+]c(NC(=O)Cc3cccc(C#N)c3)c3ccccc23)cc1,O=C(Cc1ccccc1)Nc1[nH+]cc(NCc2ccccc2)c2ccccc12,C28H29N5O+2,2.0,34.0,63.0,1.0,546d35288c46b7f52f761a20642c2aabfae071e8c5f143f4901d42ce1b7796d5,-4.98827267664352,-93.4700908897772,-0.146713902254221,3,3,3,matched,complete
ATP-HTVS-19E5DD3F936E,48931,m_282030aaa____21919794____22360182____21958062,48931-4,601,运行/运行/ATP-VSW/ATP-VSW-DOCK_HTVS_1-003_lib/ATP-VSW-DOCK_HTVS_1-003_lib.mae,CC(C)[NH2+]c1cccc(CNc2nc(N[C@@H](C)c3cccc(C#N)c3)c3ccccc3[nH+]2)c1,CC(C)[NH2+]c1cccc(CNc2nc(NC(C)c3cccc(C#N)c3)c3ccccc3[nH+]2)c1,c1ccc(CNc2nc(NCc3ccccc3)c3ccccc3[nH+]2)cc1,C27H30N6+2,2.0,33.0,63.0,1.0,4ec7fab7cf3139b8b1ee569fe65967bea2d16098d0a3e8a7052162fd2e1e99ff,-3.53201472588921,-70.0377688127332,-0.10703074926937,1,1,1,matched,complete
ATP-HTVS-19E7C62EA548,27651,m_270004bbb____24792668____24720270,27651-1,45,运行/运行/ATP-VSW/ATP-VSW-DOCK_HTVS_1-003_lib/ATP-VSW-DOCK_HTVS_1-003_lib.mae,COc1ccccc1OCc1ccc(C[NH2+]Cc2ccc(F)cc2C[NH+](C)C)o1,COc1ccccc1OCc1ccc(C[NH2+]Cc2ccc(F)cc2C[NH+](C)C)o1,c1ccc(C[NH2+]Cc2ccc(COc3ccccc3)o2)cc1,C23H29FN2O3+2,2.0,29.0,58.0,1.0,533b360972e6a18bbc986dcc00bf4a557b9267e640dd4c49ada2684bf2cc489a,-5.5831877775816,-76.1679313164231,-0.192523716468331,3,3,3,matched,complete
ATP-HTVS-1A821EC4699A,87905,rxn512a____EMOL2873214____EMOL42767269____EMOL37358747,87905-1,440,运行/运行/ATP-VSW/ATP-VSW-DOCK_HTVS_1-001_lib/ATP-VSW-DOCK_HTVS_1-001_lib,C[NH+](C)Cc1cccc(CNc2cccnc2C(=O)N(CC#N)Cc2ccc(F)cc2)c1,C[NH+](C)Cc1cccc(CNc2cccnc2C(=O)N(CC#N)Cc2ccc(F)cc2)c1,O=C(NCc1ccccc1)c1ncccc1NCc1ccccc1,C25H27FN5O+,1.0,32.0,59.0,1.0,3baf98bc994a060bc992e59cb57ed11097d73c284d51de9a1a655b99872519f2,-3.94813074125732,-50.3155807103239,-0.123379085664291,2,2,2,matched,complete
ATP-HTVS-1A8854DD1E1A,4003,YAS_R005____OTV5753507____OTV2848234____OTV1055870,4003-3,1311,运行/运行/ATP-VSW/ATP-VSW-DOCK_HTVS_1-003_lib/ATP-VSW-DOCK_HTVS_1-003_lib.mae,Cc1nc2ccccc2c(NC[C@H](O)c2cccc(Cl)c2)c1C(=O)Nc1ccccc1,Cc1nc2ccccc2c(NCC(O)c2cccc(Cl)c2)c1C(=O)Nc1ccccc1,O=C(Nc1ccccc1)c1cnc2ccccc2c1NCCc1ccccc1,C25H22ClN3O2,0.0,31.0,53.0,1.0,4b71e38a2e1e4eef3b486a4bd6c8c1903b2a6621f94804f2142534a7e2613bc9,-1.4760904096421,-49.7731518528056,-0.0476158196658741,1,1,1,matched,complete
ATP-HTVS-1AA1BAAE4A01,84386,rxn502b____EMOL911931____EMOL30488121____EMOL2868412,84386-1,215,运行/运行/ATP-VSW/ATP-VSW-DOCK_HTVS_1-002_lib.maegz,CC[NH+](CC)Cc1ccc(CNc2c(NC(=O)c3ccc(C#N)c(F)c3)c[nH+]c3ccccc23)cc1,CC[NH+](CC)Cc1ccc(CNc2c(NC(=O)c3ccc(C#N)c(F)c3)c[nH+]c3ccccc23)cc1,O=C(Nc1c[nH+]c2ccccc2c1NCc1ccccc1)c1ccccc1,C29H30FN5O+2,2.0,36.0,66.0,1.0,375c857a5c021b98e2e246c5c2e3be1bdc670a7c8f7e6253a628e1efe32c1260,-4.60521932510959,-62.3819232464128,-0.127922759030822,3,3,3,matched,complete
ATP-HTVS-1ACF073F315C,44323,m_271304bba____13807932____9305042,44323-1,29,运行/运行/ATP-VSW/ATP-VSW-DOCK_HTVS_1-003_lib/ATP-VSW-DOCK_HTVS_1-003_lib.mae,O=C([O-])CCCc1ccc(C[NH2+]Cc2cn(Cc3ccccc3)nc2-c2ccc(Cl)cc2)cc1,O=C([O-])CCCc1ccc(C[NH2+]Cc2cn(Cc3ccccc3)nc2-c2ccc(Cl)cc2)cc1,c1ccc(C[NH2+]Cc2cn(Cc3ccccc3)nc2-c2ccccc2)cc1,C28H28ClN3O2,0.0,34.0,62.0,1.0,ce601901152b5a0486a37902957914dff80e3827d1667b0d60b05289c7110378,-5.67982151086328,-73.9397617101853,-0.16705357384892,2,2,2,matched,complete
ATP-HTVS-1AEE198E3D8C,1538,YAS_R028____OTV2128104____OTV998841____OTV1268163____OTV1055862,1538-2,228,运行/运行/ATP-VSW/ATP-VSW-DOCK_HTVS_1-002_lib.maegz,Cc1ccc([C@H](O)CNc2cc(N(C)Cc3ccccc3)nc(Nc3ccccc3O)[nH+]2)cc1,Cc1ccc(C(O)CNc2cc(N(C)Cc3ccccc3)nc(Nc3ccccc3O)[nH+]2)cc1,c1ccc(CCNc2cc(NCc3ccccc3)nc(Nc3ccccc3)[nH+]2)cc1,C27H30N5O2+,1.0,34.0,64.0,1.0,7cd89f0ea6a27989e4e0f24b0440967ec981ac8c888fff86f41f270425d9c8b2,-4.57250055963347,-55.4095022056049,-0.134485310577455,2,2,2,matched,complete
ATP-HTVS-1B05407455E5,40642,m_269862bba____15775646____7201246,40642-1,243,运行/运行/ATP-VSW/ATP-VSW-DOCK_HTVS_1-002_lib.maegz,COc1ccc(-c2nc(C)c([C@@H](C)[NH2+]CCc3ccc(C[NH+](C)C)cc3)s2)cc1,COc1ccc(-c2nc(C)c(C(C)[NH2+]CCc3ccc(C[NH+](C)C)cc3)s2)cc1,c1ccc(CC[NH2+]Cc2cnc(-c3ccccc3)s2)cc1,C24H33N3OS+2,2.0,29.0,62.0,1.0,3a56b884d758092e2df4c306ac29e68be79b1d90413979fbe719ad7f3d174c8a,-4.53372223897668,-56.6246053433371,-0.156335249619886,5,5,5,matched,complete
ATP-HTVS-1B1248DF0721,71426,rxn502b____EMOL1843611____EMOL44466703____EMOL50155899,71426-2,423,运行/运行/ATP-VSW/ATP-VSW-DOCK_HTVS_1-002_lib.maegz,C[NH+](C)Cc1ccc(CNc2cc3ccccc3nc2NC(=O)[C@H](C#N)Cc2ccccc2)cc1,C[NH+](C)Cc1ccc(CNc2cc3ccccc3nc2NC(=O)C(C#N)Cc2ccccc2)cc1,O=C(CCc1ccccc1)Nc1nc2ccccc2cc1NCc1ccccc1,C29H30N5O+,1.0,35.0,65.0,1.0,a482ca7632bf01af7eda7513c2c58e9d5020a33c7a3b45514fb24e9a75499fb9,-4.03567341540009,-51.346382579393,-0.115304954725717,3,3,3,matched,complete
ATP-HTVS-1B366D2FDBBA,81123,rxn502b____EMOL277332666____EMOL13728749____EMOL2873214,81123-3,521,运行/运行/ATP-VSW/ATP-VSW-DOCK_HTVS_1-003_lib/ATP-VSW-DOCK_HTVS_1-003_lib.mae,COC(=O)c1ccc(F)cc1C(=O)Nc1c(NCc2cccc(C[NH+](C)C)c2)c[nH+]c2ccccc12,COC(=O)c1ccc(F)cc1C(=O)Nc1c(NCc2cccc(C[NH+](C)C)c2)c[nH+]c2ccccc12,O=C(Nc1c(NCc2ccccc2)c[nH+]c2ccccc12)c1ccccc1,C28H29FN4O3+2,2.0,36.0,65.0,1.0,49baaaecafce5aed133bd7542fa98173f18d4be25e5a1d882b7428113c123df5,-3.7617370020744,-72.9336139156438,-0.104492694502067,4,4,4,matched,complete
ATP-HTVS-1B509C27CE75,60833,m_282030aaa____21900712____23157418____21967972,60833-3,813,运行/运行/ATP-VSW/ATP-VSW-DOCK_HTVS_1-001_lib/ATP-VSW-DOCK_HTVS_1-001_lib,C[C@@H](Nc1nc2ccccc2nc1NCCc1ccc(CN(C)C)cc1)c1cncc(F)c1,CC(Nc1nc2ccccc2nc1NCCc1ccc(CN(C)C)cc1)c1cncc(F)c1,c1ccc(CCNc2nc3ccccc3nc2NCc2cccnc2)cc1,C26H29FN6,0.0,33.0,62.0,1.0,1c62f8aeef991658df8676d53a72dee0e2eab841096449f3dec30b1eea0f1849,-2.95866885265271,-50.0736691778987,-0.0896566318985668,1,1,1,matched,complete
ATP-HTVS-1B60B6D0433D,66017,m_282030aaa____21928468____22360182____21968946,66017-1,480,运行/运行/ATP-VSW/ATP-VSW-DOCK_HTVS_1-001_lib/ATP-VSW-DOCK_HTVS_1-001_lib,C[NH+](C)Cc1cc(CNc2nc(NCc3ccc([N+](=O)[O-])cc3)[nH+]c3ccccc23)ccc1F,C[NH+](C)Cc1cc(CNc2nc(NCc3ccc([N+](=O)[O-])cc3)[nH+]c3ccccc23)ccc1F,c1ccc(CNc2nc(NCc3ccccc3)c3ccccc3[nH+]2)cc1,C25H27FN6O2+2,2.0,34.0,61.0,1.0,40b9aee2a62ab3917ff6dc25780520257e0ab3d7c6e48b8ba1221dfc860272fe,-3.8549943186462,-54.7790110819328,-0.113382185842535,3,3,3,matched,complete
ATP-HTVS-1B84D304C2ED,89921,rxn512b____EMOL712348____EMOL337714226____EMOL3728368,89921-1,234,运行/运行/ATP-VSW/ATP-VSW-DOCK_HTVS_1-001_lib/ATP-VSW-DOCK_HTVS_1-001_lib,Cc1nc(F)c(C(=O)Nc2cccc(C[NH+](C)C)c2)cc1N(CC#N)c1ccccc1,Cc1nc(F)c(C(=O)Nc2cccc(C[NH+](C)C)c2)cc1N(CC#N)c1ccccc1,O=C(Nc1ccccc1)c1cncc(Nc2ccccc2)c1,C24H25FN5O+,1.0,31.0,56.0,1.0,341c0be8871639b3308e6f6b5c22c56bf78a542f378c10cbf3cf31e59a8b0117,-4.5155421637591,-54.9408554158185,-0.145662650443842,2,2,2,matched,complete
ATP-HTVS-1B9CB386F0F9,22755,m_269862bba____12219714____7200476,22755-7,1085,运行/运行/ATP-VSW/ATP-VSW-DOCK_HTVS_1-003_lib/ATP-VSW-DOCK_HTVS_1-003_lib.mae,Cc1ccccc1[C@H](C)NC[C@H]1c2ccccc2C(=O)N1Cc1ccccc1,Cc1ccccc1C(C)NCC1c2ccccc2C(=O)N1Cc1ccccc1,O=C1c2ccccc2C(CNCc2ccccc2)N1Cc1ccccc1,C25H26N2O,0.0,28.0,54.0,1.0,c95be2b4b45b5238a4e69539f9b36a5b50511bd6561f657164360dbb51bc17ac,-2.1833100640541,-40.4442267220038,-0.0779753594305035,3,3,3,matched,complete
ATP-HTVS-1C066C79A7D0,44515,m_270004bbb____23846038____24720040,44515-2,545,运行/运行/ATP-VSW/ATP-VSW-DOCK_HTVS_1-003_lib/ATP-VSW-DOCK_HTVS_1-003_lib.mae,COc1cc(C[NH2+]C[C@@H](C[NH+](C)C)c2ccccc2)cc(O)c1OCc1ccccc1,COc1cc(C[NH2+]CC(C[NH+](C)C)c2ccccc2)cc(O)c1OCc1ccccc1,c1ccc(CC[NH2+]Cc2ccc(OCc3ccccc3)cc2)cc1,C26H34N2O3+2,2.0,31.0,65.0,1.0,561ee765c6484f9c34d2a2c1541df86e36f71723195c8356328cda3af19d5ceb,-3.68331279187064,-40.2279779495853,-0.118816541673246,5,5,5,matched,complete
ATP-HTVS-1C1B7F9BB8FF,77346,rxn512b____EMOL44691280____EMOL525138____EMOL50155899,77346-1,213,运行/运行/ATP-VSW/ATP-VSW-DOCK_HTVS_1-002_lib.maegz,CN(C(=O)c1sccc1NCc1ccc(C[NH+](C)C)cc1)c1ccc(O)cc1,CN(C(=O)c1sccc1NCc1ccc(C[NH+](C)C)cc1)c1ccc(O)cc1,O=C(Nc1ccccc1)c1sccc1NCc1ccccc1,C22H26N3O2S+,1.0,28.0,54.0,1.0,13979912834004668a77494722d47dd25edc95395d10c1f9b1c637b4c26bc2f7,-4.60996629174081,-52.7755411939018,-0.164641653276458,2,2,2,matched,complete
ATP-HTVS-1C463A9823EA,77731,rxn502b____EMOL18624763____EMOL30488121____EMOL6255027,77731-1,291,运行/运行/ATP-VSW/ATP-VSW-DOCK_HTVS_1-003_lib/ATP-VSW-DOCK_HTVS_1-003_lib.mae,CN(CC(=O)N(C)c1ccccc1)c1c(NC(=O)c2ccc(C[NH+](C)C)cc2)c[nH+]c2ccccc12,CN(CC(=O)N(C)c1ccccc1)c1c(NC(=O)c2ccc(C[NH+](C)C)cc2)c[nH+]c2ccccc12,O=C(CNc1c(NC(=O)c2ccccc2)c[nH+]c2ccccc12)Nc1ccccc1,C29H33N5O2+2,2.0,36.0,69.0,1.0,afde0705a857e0d498966e5536f2ee4ec8f9489b133640fd344e5e73d3e19dad,-4.36776645444333,-62.6805227291112,-0.121326845956759,3,3,3,matched,complete
ATP-HTVS-1C4EC58A3066,92899,rxn502c____EMOL478180____EMOL44472687____EMOL18628026,92899-2,223,运行/运行/ATP-VSW/ATP-VSW-DOCK_HTVS_1-003_lib/ATP-VSW-DOCK_HTVS_1-003_lib.mae,N#C[C@H](Cc1ccccc1)Nc1c(NC(=O)c2ccccc2)c[nH+]c2ccccc12,N#CC(Cc1ccccc1)Nc1c(NC(=O)c2ccccc2)c[nH+]c2ccccc12,O=C(Nc1c[nH+]c2ccccc2c1NCCc1ccccc1)c1ccccc1,C25H21N4O+,1.0,30.0,51.0,1.0,569d938abc9f32561eea17eb74c5e5e2ce504fc0d3d8350f164e81e2e47e2539,-4.57375810894154,-58.9202621578181,-0.152458603631385,5,5,5,matched,complete
ATP-HTVS-1C71F28794EF,86081,rxn502b____EMOL49828571____EMOL30488121____EMOL36822768,86081-1,698,运行/运行/ATP-VSW/ATP-VSW-DOCK_HTVS_1-001_lib/ATP-VSW-DOCK_HTVS_1-001_lib,CC(C)(C(=O)Nc1cnc2ccccc2c1N(C#N)c1ccccc1)c1ccc(Cl)cc1,CC(C)(C(=O)Nc1cnc2ccccc2c1N(C#N)c1ccccc1)c1ccc(Cl)cc1,O=C(Cc1ccccc1)Nc1cnc2ccccc2c1Nc1ccccc1,C26H21ClN4O,0.0,32.0,53.0,1.0,f7992fb00472e04f60408b44831b9a3e21172e427a5c06827c77037d58b4727c,-3.31265923241522,-43.5446292846427,-0.103520601012976,1,1,1,matched,complete
ATP-HTVS-1C9D0B7FE190,98594,rxn207____EMOL44480024____EMOL42652158,98594-2,427,运行/运行/ATP-VSW/ATP-VSW-DOCK_HTVS_1-003_lib/ATP-VSW-DOCK_HTVS_1-003_lib.mae,COc1ccc([C@H](C)n2c(-c3ccccc3)cc(=O)c3cc(F)ccc32)c(C[NH+](C)C)c1,COc1ccc(C(C)n2c(-c3ccccc3)cc(=O)c3cc(F)ccc32)c(C[NH+](C)C)c1,O=c1cc(-c2ccccc2)n(Cc2ccccc2)c2ccccc12,C27H28FN2O2+,1.0,32.0,60.0,1.0,ae507b4d627063f252f2aaa003347bef5314a4798c0091c13ba3a812be2f3e53,-3.95778110112639,-47.3640413558882,-0.1236806594102,3,3,3,matched,complete
ATP-HTVS-1CAAE7675504,51651,m_282030aaa____21930070____22360182____21938720,51651-1,217,运行/运行/ATP-VSW/ATP-VSW-DOCK_HTVS_1-003_lib/ATP-VSW-DOCK_HTVS_1-003_lib.mae,CC[N@@H+](C)Cc1cccc(CNc2nc(NCc3ccc(F)cc3N)c3ccccc3[nH+]2)c1,CC[NH+](C)Cc1cccc(CNc2nc(NCc3ccc(F)cc3N)c3ccccc3[nH+]2)c1,c1ccc(CNc2nc(NCc3ccccc3)c3ccccc3[nH+]2)cc1,C26H31FN6+2,2.0,33.0,64.0,1.0,bec7818922acecb2adc0751a9f586e4d9dc727ff02b17f5687f7767a26868eb1,-4.60608640578991,-59.0280050271726,-0.139578375933027,4,4,4,matched,complete
ATP-HTVS-1CF603621065,85794,rxn207____EMOL976199____EMOL2720785,85794-2,657,运行/运行/ATP-VSW/ATP-VSW-DOCK_HTVS_1-002_lib.maegz,Cc1ccc([C@@H](C#N)Nc2nc3ccccc3cc2C(=O)Nc2ccccc2)cc1,Cc1ccc(C(C#N)Nc2nc3ccccc3cc2C(=O)Nc2ccccc2)cc1,O=C(Nc1ccccc1)c1cc2ccccc2nc1NCc1ccccc1,C25H20N4O,0.0,30.0,50.0,1.0,b48cd7ed3a66723a7f1fa06772170767a1f82eb194655141e5ac5ef239405d5a,-3.42917628372208,-42.1779907100165,-0.114305876124069,1,1,1,matched,complete
ATP-HTVS-1D0FF5192E4C,80545,rxn502b____EMOL32441976____EMOL30488121____EMOL2873214,80545-1,68,运行/运行/ATP-VSW/ATP-VSW-DOCK_HTVS_1-001_lib/ATP-VSW-DOCK_HTVS_1-001_lib,COC(=O)Nc1cccc(C(=O)Nc2c[nH+]c3ccccc3c2NCc2cccc(C[NH+](C)C)c2)c1,COC(=O)Nc1cccc(C(=O)Nc2c[nH+]c3ccccc3c2NCc2cccc(C[NH+](C)C)c2)c1,O=C(Nc1c[nH+]c2ccccc2c1NCc1ccccc1)c1ccccc1,C28H31N5O3+2,2.0,36.0,67.0,1.0,e7c6f55aad2d50c23c91733124d248f65c7c72b3aa7a13aa96c8de37720fbf27,-5.16069768672787,-64.5370528617815,-0.143352713520218,3,3,3,matched,complete
ATP-HTVS-1D1DA7871618,20226,WXDL_14____AN0004____LN00173385____BT1883,20226-1,562,运行/运行/ATP-VSW/ATP-VSW-DOCK_HTVS_1-002_lib.maegz,C[NH+](C)Cc1cccc(-c2cc(C(=O)N(CCO)Cc3ccccc3)c3ccccc3n2)c1,C[NH+](C)Cc1cccc(-c2cc(C(=O)N(CCO)Cc3ccccc3)c3ccccc3n2)c1,O=C(NCc1ccccc1)c1cc(-c2ccccc2)nc2ccccc12,C28H30N3O2+,1.0,33.0,63.0,1.0,9f1f341918999f1cb8f2e0cd1df58b146f4514655cbd93c06bb033f419393f31,-3.67743152136295,-49.5974173518265,-0.11143731882918,2,2,2,matched,complete
ATP-HTVS-1D28793FB59B,57954,m_270004bbb____8289964____7547738,57954-4,540,运行/运行/ATP-VSW/ATP-VSW-DOCK_HTVS_1-002_lib.maegz,Clc1cccc([C@@H](C[NH2+]Cc2cn(-c3ccccc3)nc2-c2cccnc2)N2CCCC2)c1,Clc1cccc(C(C[NH2+]Cc2cn(-c3ccccc3)nc2-c2cccnc2)N2CCCC2)c1,c1ccc(C(C[NH2+]Cc2cn(-c3ccccc3)nc2-c2cccnc2)N2CCCC2)cc1,C27H29ClN5+,1.0,33.0,62.0,1.0,d34d7a50e2f02fd0e8d961ba6de320fec3d98849bd7f9d14ce4e409bab8221f7,-3.73559927193115,-53.0534460522669,-0.113199977937308,3,3,3,matched,complete
ATP-HTVS-1D3C11D6B0D4,95330,rxn503b____EMOL44817445____EMOL13728749____EMOL1197208,95330-2,16,运行/运行/ATP-VSW/ATP-VSW-DOCK_HTVS_1-003_lib/ATP-VSW-DOCK_HTVS_1-003_lib.mae,N#Cc1cc(C(=O)Nc2c(C#CC[NH2+]Cc3ccccc3)cnc3ccccc23)ccc1Cl,N#Cc1cc(C(=O)Nc2c(C#CC[NH2+]Cc3ccccc3)cnc3ccccc23)ccc1Cl,O=C(Nc1c(C#CC[NH2+]Cc2ccccc2)cnc2ccccc12)c1ccccc1,C27H20ClN4O+,1.0,33.0,53.0,1.0,883c671fb2a2c24f9d9a32dfd18be828b902377a97423d54aa55e971a2cdb51a,-5.87800754081715,-76.2557263328141,-0.178121440630823,2,2,2,matched,complete
ATP-HTVS-1DC16EDC7F4D,32451,m_270004bbb____8353320____13425708,32451-1,52,运行/运行/ATP-VSW/ATP-VSW-DOCK_HTVS_1-003_lib/ATP-VSW-DOCK_HTVS_1-003_lib.mae,C[NH+](C)Cc1ccccc1C[NH2+]Cc1c(-c2ccc(F)cc2)nc2ccc(F)cn12,C[NH+](C)Cc1ccccc1C[NH2+]Cc1c(-c2ccc(F)cc2)nc2ccc(F)cn12,c1ccc(C[NH2+]Cc2c(-c3ccccc3)nc3ccccn23)cc1,C24H26F2N4+2,2.0,30.0,56.0,1.0,f08b38a776a78ea2a1df9ffb724cabb11541618be8673071cd0aa0f772e9969e,-5.49655662372381,-68.5726896743255,-0.183218554124127,4,4,4,matched,complete
ATP-HTVS-1DC6D2F4A05D,67233,m_282030aaa____21893406____22360182____21974936,67233-1,428,运行/运行/ATP-VSW/ATP-VSW-DOCK_HTVS_1-001_lib/ATP-VSW-DOCK_HTVS_1-001_lib,C[NH+](C)Cc1cc(F)ccc1CNc1nc(NCc2ccc(CO)cc2F)c2ccccc2[nH+]1,C[NH+](C)Cc1cc(F)ccc1CNc1nc(NCc2ccc(CO)cc2F)c2ccccc2[nH+]1,c1ccc(CNc2nc(NCc3ccccc3)c3ccccc3[nH+]2)cc1,C26H29F2N5O+2,2.0,34.0,63.0,1.0,4629aaa3e8cb697ca6a46ec777f1c69cd55e0dde337b8a5e561b10f2fc9d1406,-3.9843455195567,-49.1477731089787,-0.117186632928138,2,2,2,matched,complete
ATP-HTVS-1DD46A13AEBB,58369,m_66bab____1138680____10542260,58369-2,536,运行/运行/ATP-VSW/ATP-VSW-DOCK_HTVS_1-001_lib/ATP-VSW-DOCK_HTVS_1-001_lib,O=C1c2ccccc2N[C@H](c2ccccc2Cl)N1Cc1ccccc1,O=C1c2ccccc2NC(c2ccccc2Cl)N1Cc1ccccc1,O=C1c2ccccc2NC(c2ccccc2)N1Cc1ccccc1,C21H17ClN2O,0.0,25.0,42.0,1.0,e91bb33a8f3a6368caef435a2fc456455d6af1090214556bb4245a2a54a18b81,-3.75454992945662,-39.8658635578459,-0.150181997178265,2,2,2,matched,complete
ATP-HTVS-1E20B63FDE5F,82850,rxn502b____EMOL43473091____EMOL13728749____EMOL2873214,82850-1,425,运行/运行/ATP-VSW/ATP-VSW-DOCK_HTVS_1-002_lib.maegz,C[NH+](C)Cc1cccc(CNc2cnc3ccccc3c2NC(=O)Cc2ncccc2Cl)c1,C[NH+](C)Cc1cccc(CNc2cnc3ccccc3c2NC(=O)Cc2ncccc2Cl)c1,O=C(Cc1ccccn1)Nc1c(NCc2ccccc2)cnc2ccccc12,C26H27ClN5O+,1.0,33.0,60.0,1.0,7b08419d46ca9b0d5b23e930c38fd577ef65a1f1af220b138b212486e99c0256,-4.03302644202815,-53.616173879545,-0.122212922485702,3,3,3,matched,complete
ATP-HTVS-1E475A4B97CE,20387,WXDL_14____AN0004____LN00173385____BT9925,20387-1,326,运行/运行/ATP-VSW/ATP-VSW-DOCK_HTVS_1-003_lib/ATP-VSW-DOCK_HTVS_1-003_lib.mae,C[NH+](C)Cc1ccc(-c2cc(C(=O)N(CCO)Cc3ccccc3)c3ccccc3n2)cc1F,C[NH+](C)Cc1ccc(-c2cc(C(=O)N(CCO)Cc3ccccc3)c3ccccc3n2)cc1F,O=C(NCc1ccccc1)c1cc(-c2ccccc2)nc2ccccc12,C28H29FN3O2+,1.0,34.0,63.0,1.0,db568c81fbf5b40507f0e825fd9b37e72041a70a16ff4490c7fd99c05580903a,-4.27826615907258,-54.5327055493223,-0.125831357619782,2,2,2,matched,complete
ATP-HTVS-1E5A6A308B25,86881,rxn502a____EMOL505868____EMOL81846330____EMOL50155899,86881-1,509,运行/运行/ATP-VSW/ATP-VSW-DOCK_HTVS_1-001_lib/ATP-VSW-DOCK_HTVS_1-001_lib,CN(C(=O)c1ccccc1F)c1ccncc1NCc1ccc(C[NH+](C)C)cc1,CN(C(=O)c1ccccc1F)c1ccncc1NCc1ccc(C[NH+](C)C)cc1,O=C(Nc1ccncc1NCc1ccccc1)c1ccccc1,C23H26FN4O+,1.0,29.0,55.0,1.0,88f5d4cb731e5ecd5f15423f57350957b2012355133f40712335badfac9e0a49,-3.79637454853526,-46.3653360197829,-0.130909467190871,3,3,3,matched,complete
ATP-HTVS-1EBFDE0160CD,86882,rxn501c____EMOL18624763____EMOL713289____EMOL517104,86882-2,163,运行/运行/ATP-VSW/ATP-VSW-DOCK_HTVS_1-002_lib.maegz,C[NH+](C)Cc1ccc(C(=O)Nc2ccc([C@@H](C#N)c3ccccc3)c(-c3cccc(O)c3)c2)cc1,C[NH+](C)Cc1ccc(C(=O)Nc2ccc(C(C#N)c3ccccc3)c(-c3cccc(O)c3)c2)cc1,O=C(Nc1ccc(Cc2ccccc2)c(-c2ccccc2)c1)c1ccccc1,C30H28N3O2+,1.0,35.0,63.0,1.0,5b0413359fa65e63aa09a9a4bbbaa48e77b5f0179b799f12513cbb3e30330599,-4.82272061344761,-56.1572850180054,-0.137792017527075,4,4,4,matched,complete
ATP-HTVS-1F874564E13F,80035,rxn512b____EMOL477532____EMOL44846536____EMOL50155899,80035-1,530,运行/运行/ATP-VSW/ATP-VSW-DOCK_HTVS_1-003_lib/ATP-VSW-DOCK_HTVS_1-003_lib.mae,C[NH+](C)Cc1ccc(CNc2cc(C(=O)Nc3ccccc3)sc2Cl)cc1,C[NH+](C)Cc1ccc(CNc2cc(C(=O)Nc3ccccc3)sc2Cl)cc1,O=C(Nc1ccccc1)c1cc(NCc2ccccc2)cs1,C21H23ClN3OS+,1.0,27.0,50.0,1.0,7d49cbfdedf8f9ad2aef1d1faf5ce30598cc9f71204d988de819929440ae8e0c,-3.72808344435626,-46.4295346290166,-0.138077164605787,2,2,2,matched,complete
ATP-HTVS-1F9A02273F27,69026,rxn512c____EMOL24630243____EMOL36725275____EMOL50155899,69026-2,222,运行/运行/ATP-VSW/ATP-VSW-DOCK_HTVS_1-002_lib.maegz,CN(c1c(C(=O)NCc2ccc(C[NH+](C)C)cc2)cnc2ccc(F)cc12)[C@H](C#N)c1ccccc1,CN(c1c(C(=O)NCc2ccc(C[NH+](C)C)cc2)cnc2ccc(F)cc12)C(C#N)c1ccccc1,O=C(NCc1ccccc1)c1cnc2ccccc2c1NCc1ccccc1,C29H29FN5O+,1.0,36.0,65.0,1.0,b9e3b65ef709dfd1d987f538b10f9d9a5b57e22f31d2a62fd400d26919f7d898,-4.58450927429136,-57.0081730221698,-0.127347479841427,4,4,4,matched,complete
ATP-HTVS-1FAE7495FCDD,91266,rxn502c____EMOL478180____EMOL44472687____EMOL44456332,91266-1,131,运行/运行/ATP-VSW/ATP-VSW-DOCK_HTVS_1-002_lib.maegz,C#Cc1ccc(CNc2c(NC(=O)c3ccccc3)c[nH+]c3ccccc23)cc1,C#Cc1ccc(CNc2c(NC(=O)c3ccccc3)c[nH+]c3ccccc23)cc1,O=C(Nc1c[nH+]c2ccccc2c1NCc1ccccc1)c1ccccc1,C25H20N3O+,1.0,29.0,49.0,1.0,c3f1fe0330e910b9d0d5c354a492ef9ecffb57a78dc7dbf6d926d510a2b87010,-4.97918472610383,-54.5740080951109,-0.171696025038063,2,2,2,matched,complete
ATP-HTVS-1FED3714464D,70306,rxn502c____EMOL31600616____EMOL29936549____EMOL50155899,70306-1,323,运行/运行/ATP-VSW/ATP-VSW-DOCK_HTVS_1-002_lib.maegz,C#Cc1ccc(C(=O)Nc2ncc(NCc3ccc(C[NH+](C)C)cc3)c3ccccc23)cc1,C#Cc1ccc(C(=O)Nc2ncc(NCc3ccc(C[NH+](C)C)cc3)c3ccccc23)cc1,O=C(Nc1ncc(NCc2ccccc2)c2ccccc12)c1ccccc1,C28H27N4O+,1.0,33.0,60.0,1.0,f597f786b66bea9ff7e53326e26a29dc4af98ee29ce6a2cfd4210cd0ff86188f,-4.32176616689075,-45.6525608101817,-0.130962611117902,1,1,1,matched,complete
ATP-HTVS-1FF6C325CA7A,86530,rxn502b____EMOL5849923____EMOL30488121____EMOL712348,86530-1,640,运行/运行/ATP-VSW/ATP-VSW-DOCK_HTVS_1-002_lib.maegz,N#CCN(c1ccccc1)c1c(NC(=O)c2cccc(C[NH+]3CCCC3)c2)cnc2ccccc12,N#CCN(c1ccccc1)c1c(NC(=O)c2cccc(C[NH+]3CCCC3)c2)cnc2ccccc12,O=C(Nc1cnc2ccccc2c1Nc1ccccc1)c1cccc(C[NH+]2CCCC2)c1,C29H28N5O+,1.0,35.0,63.0,1.0,588eb0853b6977a730c166f3dacb70711a8bfbdd886536eadd31521103c52b70,-3.48306168637278,-47.2449322063395,-0.0995160481820794,3,3,3,matched,complete
ATP-HTVS-203210320F32,88033,rxn502b____EMOL810697____EMOL7515103____EMOL324170366,88033-1,560,运行/运行/ATP-VSW/ATP-VSW-DOCK_HTVS_1-001_lib/ATP-VSW-DOCK_HTVS_1-001_lib,O=C(Nc1ncc(NCc2ccc(NCCO)cc2)c2ccccc12)c1cccc(C2CC2)c1,O=C(Nc1ncc(NCc2ccc(NCCO)cc2)c2ccccc12)c1cccc(C2CC2)c1,O=C(Nc1ncc(NCc2ccccc2)c2ccccc12)c1cccc(C2CC2)c1,C28H28N4O2,0.0,34.0,62.0,1.0,5bef4e8321cc98b6543843478b61af466e9cffc3feb0633aaaa33e790eda9e25,-3.67749536382082,-46.4430099615147,-0.108161628347671,2,2,2,matched,complete
ATP-HTVS-20B250E7AB9A,20673,Shen____49239300____723237____40180766,20673-1,11,运行/运行/ATP-VSW/ATP-VSW-DOCK_HTVS_1-001_lib/ATP-VSW-DOCK_HTVS_1-001_lib,C[C@](N)(C(=O)n1nc(-c2ccc(F)cc2F)cc1CC[NH2+]Cc1ccccc1)c1ccccc1,CC(N)(C(=O)n1nc(-c2ccc(F)cc2F)cc1CC[NH2+]Cc1ccccc1)c1ccccc1,O=C(Cc1ccccc1)n1nc(-c2ccccc2)cc1CC[NH2+]Cc1ccccc1,C27H27F2N4O+,1.0,34.0,61.0,1.0,e7d5d6082c040bb3eed9f4db64b9946deb61c50dffc7a31947370e9ec6ddbf22,-6.11096576140097,-64.4450664407168,-0.179734287100029,4,4,4,matched,complete
ATP-HTVS-20FB50B88593,58595,m_527dbb____15754304____23177588,58595-1,412,运行/运行/ATP-VSW/ATP-VSW-DOCK_HTVS_1-003_lib/ATP-VSW-DOCK_HTVS_1-003_lib.mae,C#CCN(C)Cc1cccc(C(=O)Nc2ccnc(SCc3ccccc3)c2)c1,C#CCN(C)Cc1cccc(C(=O)Nc2ccnc(SCc3ccccc3)c2)c1,O=C(Nc1ccnc(SCc2ccccc2)c1)c1ccccc1,C24H23N3OS,0.0,29.0,52.0,1.0,6776219d03c767f19de760f46102fe32c84a7a5d98ed96b47092b924cfeabb05,-3.99504551780237,-52.6420873244172,-0.137760190269047,1,1,1,matched,complete
ATP-HTVS-2118F57CAFF1,72385,rxn502b____EMOL500425____EMOL30488121____EMOL2873214,72385-1,329,运行/运行/ATP-VSW/ATP-VSW-DOCK_HTVS_1-001_lib/ATP-VSW-DOCK_HTVS_1-001_lib,C[NH+](C)Cc1cccc(CNc2c(NC(=O)c3c(Cl)cccc3Cl)c[nH+]c3ccccc23)c1,C[NH+](C)Cc1cccc(CNc2c(NC(=O)c3c(Cl)cccc3Cl)c[nH+]c3ccccc23)c1,O=C(Nc1c[nH+]c2ccccc2c1NCc1ccccc1)c1ccccc1,C26H26Cl2N4O+2,2.0,33.0,59.0,1.0,0060c855a0b2a50b226eff45d0cc0961be121bfcb09c6953676d5a77b2ccac9e,-4.2535308868053,-54.3807590526421,-0.128894875357736,2,2,2,matched,complete
ATP-HTVS-2125555B1DA5,84706,rxn513b____EMOL108753565____EMOL719673____EMOL32444209,84706-1,329,运行/运行/ATP-VSW/ATP-VSW-DOCK_HTVS_1-002_lib.maegz,C[NH2+]Cc1ccc(CNC(=O)c2[nH]c3ccccc3c2C#CCOc2ccccc2F)cc1,C[NH2+]Cc1ccc(CNC(=O)c2[nH]c3ccccc3c2C#CCOc2ccccc2F)cc1,O=C(NCc1ccccc1)c1[nH]c2ccccc2c1C#CCOc1ccccc1,C27H25FN3O2+,1.0,33.0,58.0,1.0,c0ea68fe32b1e8c79513dd671b92e44ad7ef69d1a2697a31c507754df3ea2ef1,-4.30569328835689,-54.5073962517703,-0.130475554192633,1,1,1,matched,complete
ATP-HTVS-217395D9F0A5,49825,m_282030aaa____21930822____22360182____21940090,49825-1,376,运行/运行/ATP-VSW/ATP-VSW-DOCK_HTVS_1-001_lib/ATP-VSW-DOCK_HTVS_1-001_lib,C[NH+](C)Cc1cccc(CNc2nc(NC[C@@H](c3ccccc3)[NH+](C)C)[nH+]c3ccccc23)c1,C[NH+](C)Cc1cccc(CNc2nc(NCC(c3ccccc3)[NH+](C)C)[nH+]c3ccccc23)c1,c1ccc(CCNc2nc(NCc3ccccc3)c3ccccc3[nH+]2)cc1,C28H37N6+3,3.0,34.0,71.0,1.0,f00ce5395f5a1d4079a0665ec7776abb1fbe49de19d792c1454ac5f0b7088863,-4.13221768042895,-62.8063069821191,-0.121535814130263,4,4,4,matched,complete
ATP-HTVS-217B57A40B61,22753,m_44daa____12219686____18683674,22753-2,183,运行/运行/ATP-VSW/ATP-VSW-DOCK_HTVS_1-001_lib/ATP-VSW-DOCK_HTVS_1-001_lib,Cc1ccc([C@@H](C)[NH2+]C[C@@H]2c3ccccc3C(=O)N2Cc2ccccc2)cc1,Cc1ccc(C(C)[NH2+]CC2c3ccccc3C(=O)N2Cc2ccccc2)cc1,O=C1c2ccccc2C(C[NH2+]Cc2ccccc2)N1Cc1ccccc1,C25H27N2O+,1.0,28.0,55.0,1.0,35784d315b1b17e0deff9520369eb9d2bcf358ffcee66e9c8a8e34b67c6b1c9d,-4.67922983872584,-52.1318068792861,-0.167115351383066,3,3,3,matched,complete
ATP-HTVS-218E3E4A28A7,95618,rxn501c____EMOL18624763____EMOL713289____EMOL2796733,95618-1,288,运行/运行/ATP-VSW/ATP-VSW-DOCK_HTVS_1-003_lib/ATP-VSW-DOCK_HTVS_1-003_lib.mae,C[NH+](C)Cc1ccc(C(=O)Nc2ccc([C@H](C#N)c3ccccc3)c(-c3cc(O)cc(F)c3)c2)cc1,C[NH+](C)Cc1ccc(C(=O)Nc2ccc(C(C#N)c3ccccc3)c(-c3cc(O)cc(F)c3)c2)cc1,O=C(Nc1ccc(Cc2ccccc2)c(-c2ccccc2)c1)c1ccccc1,C30H27FN3O2+,1.0,36.0,63.0,1.0,7c7fca4cf2ecd95ceb927619f99dcc1c53fddf0dec6e04fd9be5a69bd83fc60d,-4.3836149192389,-54.1996887537967,-0.121767081089969,4,4,4,matched,complete
ATP-HTVS-21B7BD60A2C7,81347,rxn512c____EMOL300138311____EMOL36725275____EMOL36790511,81347-1,735,运行/运行/ATP-VSW/ATP-VSW-DOCK_HTVS_1-003_lib/ATP-VSW-DOCK_HTVS_1-003_lib.mae,CNc1cccc(Nc2c(C(=O)N(c3ccccc3)[C@H](C)C#N)cnc3ccc(F)cc23)c1,CNc1cccc(Nc2c(C(=O)N(c3ccccc3)C(C)C#N)cnc3ccc(F)cc23)c1,O=C(Nc1ccccc1)c1cnc2ccccc2c1Nc1ccccc1,C26H22FN5O,0.0,33.0,55.0,1.0,738190e2bf35015aa4ca88d8d2c6bed5fc0c2e50f7179e4687994bf35aa261d1,-3.14434477210409,-37.7952574779072,-0.0952831749122453,1,1,1,matched,complete
ATP-HTVS-21B7E8D8DA00,84930,rxn512b____EMOL44390368____EMOL49851977____EMOL50155899,84930-1,182,运行/运行/ATP-VSW/ATP-VSW-DOCK_HTVS_1-002_lib.maegz,C[NH+](C)Cc1ccc(CNc2cc(Cl)sc2C(=O)N[C@@H](C#N)c2ccccc2)cc1,C[NH+](C)Cc1ccc(CNc2cc(Cl)sc2C(=O)NC(C#N)c2ccccc2)cc1,O=C(NCc1ccccc1)c1sccc1NCc1ccccc1,C23H24ClN4OS+,1.0,30.0,54.0,1.0,da7beff0351de734474c5d66511f3a68e9988dc0c7eee485491fed37c0fd4875,-4.74104503430893,-59.6760595575157,-0.158034834476964,4,4,4,matched,complete
ATP-HTVS-21BB1C807E7E,36099,m_270004bbb____8290290____21435080,36099-1,152,运行/运行/ATP-VSW/ATP-VSW-DOCK_HTVS_1-003_lib/ATP-VSW-DOCK_HTVS_1-003_lib.mae,C[C@@H](O)Cc1ccc(C[NH2+]Cc2cccnc2OCc2ccccc2)cc1,CC(O)Cc1ccc(C[NH2+]Cc2cccnc2OCc2ccccc2)cc1,c1ccc(C[NH2+]Cc2cccnc2OCc2ccccc2)cc1,C23H27N2O2+,1.0,27.0,54.0,1.0,b6ba5abea20908f75b70900e6fb67975d57a424e794ebe837ae025d8259ea879,-4.86452904460303,-57.8263807260111,-0.180167742392705,2,2,2,matched,complete
ATP-HTVS-21D2D8C367A1,93506,rxn403____EMOL50155899____EMOL4338979____EMOL31600616,93506-4,223,运行/运行/ATP-VSW/ATP-VSW-DOCK_HTVS_1-002_lib.maegz,Cc1sc2ccccc2c1[C@H](C#Cc1ccc(C(=O)[O-])cc1)[NH2+]Cc1ccc(C[NH+](C)C)cc1,Cc1sc2ccccc2c1C(C#Cc1ccc(C(=O)[O-])cc1)[NH2+]Cc1ccc(C[NH+](C)C)cc1,C(#CC([NH2+]Cc1ccccc1)c1csc2ccccc12)c1ccccc1,C29H29N2O2S+,1.0,34.0,63.0,1.0,f270d54fa4196e5393fc5227db574fee1a4519b8cfa984cdff65da9eee13b333,-4.58217851065818,-76.1978192964376,-0.134769956195829,6,6,6,matched,complete
ATP-HTVS-22634BBBCB97,66019,m_282030aaa____21903596____22360182____21974936,66019-3,916,运行/运行/ATP-VSW/ATP-VSW-DOCK_HTVS_1-003_lib/ATP-VSW-DOCK_HTVS_1-003_lib.mae,CCNc1ccc(CNc2nc(NCc3ccc(F)cc3CN(C)C)[nH+]c3ccccc23)cc1,CCNc1ccc(CNc2nc(NCc3ccc(F)cc3CN(C)C)[nH+]c3ccccc23)cc1,c1ccc(CNc2nc(NCc3ccccc3)c3ccccc3[nH+]2)cc1,C27H32FN6+,1.0,34.0,66.0,1.0,f4e7efced4e4bb0c8c4d5758ea1d1e0cc5b8c8fc02cc1a971c049f59d31df513,-2.64904714563674,-53.9125582320271,-0.0779131513422572,2,2,2,matched,complete
ATP-HTVS-2275AB855C30,82946,rxn503b____EMOL490868____EMOL13728749____EMOL317506007,82946-3,234,运行/运行/ATP-VSW/ATP-VSW-DOCK_HTVS_1-002_lib.maegz,C[C@@H]([NH2+]CC#Cc1cnc2ccccc2c1NC(=O)c1ccc(O)cc1)c1ccc(F)cc1,CC([NH2+]CC#Cc1cnc2ccccc2c1NC(=O)c1ccc(O)cc1)c1ccc(F)cc1,O=C(Nc1c(C#CC[NH2+]Cc2ccccc2)cnc2ccccc12)c1ccccc1,C27H23FN3O2+,1.0,33.0,56.0,1.0,dd1df59092d93a35f01de3f958a76b26777500cba0a58b6b52bd17c203fb1c64,-4.55068115608745,-59.7286215630765,-0.137899428972347,6,6,6,matched,complete
ATP-HTVS-22C0C64F65E9,35330,m_22bbg____12219680____24595926,35330-1,203,运行/运行/ATP-VSW/ATP-VSW-DOCK_HTVS_1-002_lib.maegz,CC[N@@H+](C)Cc1cccc(C(=O)NC[C@H]2c3ccccc3C(=O)N2Cc2ccccc2)c1,CC[NH+](C)Cc1cccc(C(=O)NCC2c3ccccc3C(=O)N2Cc2ccccc2)c1,O=C(NCC1c2ccccc2C(=O)N1Cc1ccccc1)c1ccccc1,C27H30N3O2+,1.0,32.0,62.0,1.0,e5698c236f9dbdd3627637ce4f51f99230e41c916e3ab8237e697d6e2021fbaa,-4.66340162849872,-54.9125341420587,-0.145731300890585,6,6,6,matched,complete
ATP-HTVS-22E2482E2999,48354,m_282030aaa____21905842____22360182____21945542,48354-1,45,运行/运行/ATP-VSW/ATP-VSW-DOCK_HTVS_1-002_lib.maegz,C[NH+](C)Cc1ccc(CNc2nc(NCc3ccc(F)c(CO)c3)[nH+]c3ccccc23)cc1,C[NH+](C)Cc1ccc(CNc2nc(NCc3ccc(F)c(CO)c3)[nH+]c3ccccc23)cc1,c1ccc(CNc2nc(NCc3ccccc3)c3ccccc3[nH+]2)cc1,C26H30FN5O+2,2.0,33.0,63.0,1.0,98723a00454a64e4662ce211b808b871e072b7046bf0a1a539ee127d79d8b05f,-5.66681419218853,-69.3446426208868,-0.171721642187531,3,3,3,matched,complete
ATP-HTVS-22E536A2C0FA,57601,m_2430bbb____22523280____21660874,57601-1,300,运行/运行/ATP-VSW/ATP-VSW-DOCK_HTVS_1-001_lib/ATP-VSW-DOCK_HTVS_1-001_lib,C[NH+](C)Cc1ccccc1NC(=O)NCCc1nc2ccccc2n1-c1ccccc1,C[NH+](C)Cc1ccccc1NC(=O)NCCc1nc2ccccc2n1-c1ccccc1,O=C(NCCc1nc2ccccc2n1-c1ccccc1)Nc1ccccc1,C25H28N5O+,1.0,31.0,59.0,1.0,f5f6ed0860d8024001a7116d2314750f2b2c6494d18c77f24a62fb3a008fb9b4,-4.34738871908122,-58.8795770306017,-0.140238345776814,3,3,3,matched,complete
ATP-HTVS-22FAF80E23F8,94401,rxn504c____EMOL713989____EMOL38934952____EMOL830635,94401-2,569,运行/运行/ATP-VSW/ATP-VSW-DOCK_HTVS_1-001_lib/ATP-VSW-DOCK_HTVS_1-001_lib,CC(=O)Nc1ccc(CCNc2[nH+]nc(-c3ccccc3)c3ccccc23)cc1,CC(=O)Nc1ccc(CCNc2[nH+]nc(-c3ccccc3)c3ccccc23)cc1,c1ccc(CCNc2[nH+]nc(-c3ccccc3)c3ccccc23)cc1,C24H23N4O+,1.0,29.0,52.0,1.0,7347b74a4dec72c22b6cfe5a79c55e75113c314da7dcf85c9d05b3e6019320a0,-3.63891699807897,-50.8566290128258,-0.125479896485482,1,1,1,matched,complete
ATP-HTVS-23113A9B9381,33411,m_282030aaa____21931854____22360182____21968946,33411-4,1080,运行/运行/ATP-VSW/ATP-VSW-DOCK_HTVS_1-003_lib/ATP-VSW-DOCK_HTVS_1-003_lib.mae,C[C@H](Nc1nc(NCc2ccc(F)c(CN(C)C)c2)[nH+]c2ccccc12)c1ccccc1F,CC(Nc1nc(NCc2ccc(F)c(CN(C)C)c2)[nH+]c2ccccc12)c1ccccc1F,c1ccc(CNc2nc(NCc3ccccc3)c3ccccc3[nH+]2)cc1,C26H28F2N5+,1.0,33.0,61.0,1.0,4577adaf89241b80d3388e9f1a7b197ee608698db1c1c3da9394b5346778400a,-2.18838654799351,-38.7452271374655,-0.0663147438785913,1,1,1,matched,complete
ATP-HTVS-2368A2FD4D76,87745,rxn502b____EMOL5415347____EMOL13728749____EMOL37339719,87745-1,412,运行/运行/ATP-VSW/ATP-VSW-DOCK_HTVS_1-001_lib/ATP-VSW-DOCK_HTVS_1-001_lib,COc1ccc([C@H](C#N)Nc2cnc3ccccc3c2NC(=O)c2ccccc2C[NH+](C)C)cc1,COc1ccc(C(C#N)Nc2cnc3ccccc3c2NC(=O)c2ccccc2C[NH+](C)C)cc1,O=C(Nc1c(NCc2ccccc2)cnc2ccccc12)c1ccccc1,C28H28N5O2+,1.0,35.0,63.0,1.0,ac6ccc62831be6866268c3f39288a44af2d8070d929881e2386419d1a29de173,-4.02253006518207,-54.3333970175554,-0.114929430433773,6,6,6,matched,complete
ATP-HTVS-239E0EA8BC65,54689,m_2430bbb____15754306____22584540,54689-1,404,运行/运行/ATP-VSW/ATP-VSW-DOCK_HTVS_1-001_lib/ATP-VSW-DOCK_HTVS_1-001_lib,C[NH+](C)Cc1ccc(NC(=O)Nc2ccnc(SCc3ccccc3)c2)cc1Cl,C[NH+](C)Cc1ccc(NC(=O)Nc2ccnc(SCc3ccccc3)c2)cc1Cl,O=C(Nc1ccccc1)Nc1ccnc(SCc2ccccc2)c1,C22H24ClN4OS+,1.0,29.0,53.0,1.0,5745a33b3c96dac13b9ce15b312c44485b7161f29bf9d9b7ea05acae7e6af3e1,-4.04262620061258,-53.6751274240424,-0.139400903469399,3,3,3,matched,complete
ATP-HTVS-23EBF8E8F6E9,86787,rxn502b____EMOL3728885____EMOL7515103____EMOL24630243,86787-5,468,运行/运行/ATP-VSW/ATP-VSW-DOCK_HTVS_1-003_lib/ATP-VSW-DOCK_HTVS_1-003_lib.mae,CN(c1cnc(NC(=O)[C@@H](c2ccccc2)[NH+](C)C)c2ccccc12)[C@@H](C#N)c1ccccc1,CN(c1cnc(NC(=O)C(c2ccccc2)[NH+](C)C)c2ccccc12)C(C#N)c1ccccc1,O=C(Cc1ccccc1)Nc1ncc(NCc2ccccc2)c2ccccc12,C28H28N5O+,1.0,34.0,62.0,1.0,1da36a10fa936a54003363180447af0790bd6a4ab22774bc36a48220ab5cfb6c,-3.87515742667407,-63.3180469166161,-0.11397521843159,16,16,16,matched,complete
ATP-HTVS-23EDEB47FF93,71874,rxn502b____EMOL43467976____EMOL7515103____EMOL50155899,71874-1,253,运行/运行/ATP-VSW/ATP-VSW-DOCK_HTVS_1-002_lib.maegz,C[NH+](C)Cc1ccc(CNc2cnc(NC(=O)c3ccccc3C#N)c3ccccc23)cc1,C[NH+](C)Cc1ccc(CNc2cnc(NC(=O)c3ccccc3C#N)c3ccccc23)cc1,O=C(Nc1ncc(NCc2ccccc2)c2ccccc12)c1ccccc1,C27H26N5O+,1.0,33.0,59.0,1.0,d06d12e59469535a15486ae76120f9205ef1a085d99cb23ca6036cd696be2605,-4.51334298919268,-52.8101461613677,-0.136767969369475,2,2,2,matched,complete
ATP-HTVS-23F526837945,92834,rxn502c____EMOL5415347____EMOL36251210____EMOL493827,92834-1,303,运行/运行/ATP-VSW/ATP-VSW-DOCK_HTVS_1-002_lib.maegz,C[NH+](C)Cc1ccccc1C(=O)Nc1nccc(Nc2ccc(N)cc2)c1C(=O)c1ccccc1,C[NH+](C)Cc1ccccc1C(=O)Nc1nccc(Nc2ccc(N)cc2)c1C(=O)c1ccccc1,O=C(Nc1nccc(Nc2ccccc2)c1C(=O)c1ccccc1)c1ccccc1,C28H28N5O2+,1.0,35.0,63.0,1.0,55659cc3892f0486574c28c6c2fc65227dee7554d695e4b2c2361893fa2d4a25,-4.36904068807982,-52.977292598772,-0.124829733945138,6,6,6,matched,complete
ATP-HTVS-244A9AEB7273,5347,a4____241569____411479,5347-4,20,运行/运行/ATP-VSW/ATP-VSW-DOCK_HTVS_1-003_lib/ATP-VSW-DOCK_HTVS_1-003_lib.mae,C[C@@H](c1ccc(C[NH2+]C[C@@H]2c3ccccc3C(=O)N2Cc2ccccc2)cc1)[NH+](C)C,CC(c1ccc(C[NH2+]CC2c3ccccc3C(=O)N2Cc2ccccc2)cc1)[NH+](C)C,O=C1c2ccccc2C(C[NH2+]Cc2ccccc2)N1Cc1ccccc1,C27H33N3O+2,2.0,31.0,64.0,1.0,8296bbdf77216113beaa67b323d08f589c35cab3e61eae8af90d171e1c966a02,-5.75459768677577,-64.335167297941,-0.18563218344438,12,12,12,matched,complete
ATP-HTVS-247B97B4CA47,61825,m_270004bbb____24794408____24720450,61825-2,86,运行/运行/ATP-VSW/ATP-VSW-DOCK_HTVS_1-001_lib/ATP-VSW-DOCK_HTVS_1-001_lib,COc1cc2ccccc2c(CNc2ccc(Cl)c(C[N@H+](C)CCO)c2)c1OC,COc1cc2ccccc2c(CNc2ccc(Cl)c(C[NH+](C)CCO)c2)c1OC,c1ccc(NCc2cccc3ccccc23)cc1,C23H28ClN2O3+,1.0,29.0,57.0,1.0,6f0549073b91575e9deeed9e188a5bd037c2281c0eb6b8be7a73972477d89931,-5.08465606620702,-59.2471558659647,-0.175332967800242,3,3,3,matched,complete
ATP-HTVS-2485F4B11063,64065,m_270004bbb____21531102____7549102,64065-3,28,运行/运行/ATP-VSW/ATP-VSW-DOCK_HTVS_1-001_lib/ATP-VSW-DOCK_HTVS_1-001_lib,Cc1cc([C@@H](O)C[NH2+]Cc2nc3ccccc3n2Cc2ccc(Cl)cc2)ccc1F,Cc1cc(C(O)C[NH2+]Cc2nc3ccccc3n2Cc2ccc(Cl)cc2)ccc1F,c1ccc(CC[NH2+]Cc2nc3ccccc3n2Cc2ccccc2)cc1,C24H24ClFN3O+,1.0,30.0,54.0,1.0,3406362737303f0893aff1e3449e26b2ede8d94e52a681f6ddfa0f232aa7b993,-5.66278016806593,-68.4987843000542,-0.188759338935531,3,3,3,matched,complete
ATP-HTVS-24E588DA0D03,95714,rxn502b____EMOL18624763____EMOL30488121____EMOL45491381,95714-1,210,运行/运行/ATP-VSW/ATP-VSW-DOCK_HTVS_1-003_lib/ATP-VSW-DOCK_HTVS_1-003_lib.mae,CNc1cccc(CNc2c(NC(=O)c3ccc(C[NH+](C)C)cc3)c[nH+]c3ccccc23)c1,CNc1cccc(CNc2c(NC(=O)c3ccc(C[NH+](C)C)cc3)c[nH+]c3ccccc23)c1,O=C(Nc1c[nH+]c2ccccc2c1NCc1ccccc1)c1ccccc1,C27H31N5O+2,2.0,33.0,64.0,1.0,de8985e141fa642b0ab96716c0773ffed042fa8faf427190fee0cf523ddfe006,-4.62906080972694,-63.4674983597452,-0.140274569991726,3,3,3,matched,complete
ATP-HTVS-2507C3370FB9,84259,rxn502b____EMOL48579575____EMOL13728749____EMOL2868412,84259-2,339,运行/运行/ATP-VSW/ATP-VSW-DOCK_HTVS_1-003_lib/ATP-VSW-DOCK_HTVS_1-003_lib.mae,CC[NH+](CC)Cc1ccc(CNc2c[nH+]c3ccccc3c2NC(=O)c2ccc(C(C)=O)cc2)cc1,CC[NH+](CC)Cc1ccc(CNc2c[nH+]c3ccccc3c2NC(=O)c2ccc(C(C)=O)cc2)cc1,O=C(Nc1c(NCc2ccccc2)c[nH+]c2ccccc12)c1ccccc1,C30H34N4O2+2,2.0,36.0,70.0,1.0,0d33a6718509101d3ea490362cde911ffca2ad608178f793232beb9f2a4b4ed0,-4.2291968922238,-74.4248475742579,-0.117477691450661,3,3,3,matched,complete
ATP-HTVS-255C97768CDB,63778,m_282030aaa____21933780____22360182____21940090,63778-1,452,运行/运行/ATP-VSW/ATP-VSW-DOCK_HTVS_1-002_lib.maegz,C[NH+](C)Cc1cccc(CNc2nc(NCC(=O)Nc3cccc(F)c3)c3ccccc3[nH+]2)c1,C[NH+](C)Cc1cccc(CNc2nc(NCC(=O)Nc3cccc(F)c3)c3ccccc3[nH+]2)c1,O=C(CNc1nc(NCc2ccccc2)[nH+]c2ccccc12)Nc1ccccc1,C26H29FN6O+2,2.0,34.0,63.0,1.0,8a2ae62fa1fddc67edafcd9ec2075d37791be7387fa5397206f2e53b1d1a3563,-3.95866292265843,-54.3289341256079,-0.11643126243113,2,2,2,matched,complete
ATP-HTVS-258E82C8B178,35362,m_270004bbb____25290082____12209754,35362-1,168,运行/运行/ATP-VSW/ATP-VSW-DOCK_HTVS_1-002_lib.maegz,CCNc1ccccc1C[NH2+]Cc1csc(N(C(C)=O)c2ccccc2)n1,CCNc1ccccc1C[NH2+]Cc1csc(N(C(C)=O)c2ccccc2)n1,c1ccc(C[NH2+]Cc2csc(Nc3ccccc3)n2)cc1,C21H25N4OS+,1.0,27.0,52.0,1.0,a105c8e52d44242bcd40a9f921ed793405c21d19c938a028bb9ca063af841581,-4.79198758585312,-60.6332813387122,-0.177481021698264,2,2,2,matched,complete
ATP-HTVS-2598958FABEA,76961,rxn502b____EMOL11467954____EMOL13728749____EMOL2873214,76961-1,139,运行/运行/ATP-VSW/ATP-VSW-DOCK_HTVS_1-001_lib/ATP-VSW-DOCK_HTVS_1-001_lib,Cc1ccc(C)c(C(=O)Nc2c(NCc3cccc(C[NH+](C)C)c3)cnc3ccccc23)c1,Cc1ccc(C)c(C(=O)Nc2c(NCc3cccc(C[NH+](C)C)c3)cnc3ccccc23)c1,O=C(Nc1c(NCc2ccccc2)cnc2ccccc12)c1ccccc1,C28H31N4O+,1.0,33.0,64.0,1.0,16b1610640a2b8435e9a953236cfdcd4f1a72dee07a7ec430aa5d316f0370133,-4.84376240773032,-56.5319203633269,-0.146780679022131,3,3,3,matched,complete
ATP-HTVS-25BEFE000F10,95682,rxn502a____EMOL486955____EMOL45980405____EMOL50155899,95682-1,342,运行/运行/ATP-VSW/ATP-VSW-DOCK_HTVS_1-003_lib/ATP-VSW-DOCK_HTVS_1-003_lib.mae,CN(C(=O)Cc1ccccc1Cl)c1ncccc1NCc1ccc(C[NH+](C)C)cc1,CN(C(=O)Cc1ccccc1Cl)c1ncccc1NCc1ccc(C[NH+](C)C)cc1,O=C(Cc1ccccc1)Nc1ncccc1NCc1ccccc1,C24H28ClN4O+,1.0,30.0,58.0,1.0,be26e5e7f71a6fa5004d7ce1ad3221b4482e75551d3d38705bb5c89d225db854,-4.22544251153651,-58.122273301915,-0.140848083717884,3,3,3,matched,complete
ATP-HTVS-26104959C4F1,79713,rxn502b____EMOL535380____EMOL13728749____EMOL38100949,79713-1,162,运行/运行/ATP-VSW/ATP-VSW-DOCK_HTVS_1-001_lib/ATP-VSW-DOCK_HTVS_1-001_lib,C[NH2+]CCc1ccc(Nc2cnc3ccccc3c2NC(=O)[C@H](Br)c2ccccc2)cc1,C[NH2+]CCc1ccc(Nc2cnc3ccccc3c2NC(=O)C(Br)c2ccccc2)cc1,O=C(Cc1ccccc1)Nc1c(Nc2ccccc2)cnc2ccccc12,C26H26BrN4O+,1.0,32.0,58.0,1.0,079a133901068da787864e7edd826787a30b26b86c7e2304c95f008ba80b5d3f,-4.74613420248316,-64.7211689301056,-0.148316693827599,1,1,1,matched,complete
ATP-HTVS-2641D0EED03A,61889,m_66bab____89515____10542024,61889-1,439,运行/运行/ATP-VSW/ATP-VSW-DOCK_HTVS_1-001_lib/ATP-VSW-DOCK_HTVS_1-001_lib,Cc1ccc(CN2C(=O)c3ccccc3N[C@H]2c2ccccc2)cc1,Cc1ccc(CN2C(=O)c3ccccc3NC2c2ccccc2)cc1,O=C1c2ccccc2NC(c2ccccc2)N1Cc1ccccc1,C22H20N2O,0.0,25.0,45.0,1.0,0aa8f25783beb8a87b226959651c62cd78d722528925814f349d0349a56e794a,-3.94843068410777,-40.3080020334513,-0.157937227364311,2,2,2,matched,complete
ATP-HTVS-267F6CCD1B36,79811,rxn101____EMOL44691345____EMOL31508813,79811-1,336,运行/运行/ATP-VSW/ATP-VSW-DOCK_HTVS_1-003_lib/ATP-VSW-DOCK_HTVS_1-003_lib.mae,C[NH+](C)Cc1ccccc1NC(=O)c1cn(-c2ccccc2)c(=O)c2ccccc12,C[NH+](C)Cc1ccccc1NC(=O)c1cn(-c2ccccc2)c(=O)c2ccccc12,O=C(Nc1ccccc1)c1cn(-c2ccccc2)c(=O)c2ccccc12,C25H24N3O2+,1.0,30.0,54.0,1.0,52602a969127121c9dd809d77e2eafd4c303e2313f44637ac0e132feb4725754,-4.24209775183825,-47.3810892916614,-0.141403258394608,2,2,2,matched,complete
ATP-HTVS-2699169FE698,4866,YAS_R012____OTV5753507____OTV2889217____OTV7020410266,4866-4,757,运行/运行/ATP-VSW/ATP-VSW-DOCK_HTVS_1-002_lib.maegz,Cc1ccc([C@@H](CNC(=O)c2cc(=O)c3ccccc3n2CCc2ccccc2)N(C)C)cc1,Cc1ccc(C(CNC(=O)c2cc(=O)c3ccccc3n2CCc2ccccc2)N(C)C)cc1,O=C(NCCc1ccccc1)c1cc(=O)c2ccccc2n1CCc1ccccc1,C29H31N3O2,0.0,34.0,65.0,1.0,543c5961fc958002b4d530d4616e7767705d2097a192d4ec41a7895154eb0ab0,-3.14832764757807,-51.2387403041924,-0.0925978719875903,2,2,2,matched,complete
ATP-HTVS-269AF530E7D7,62595,m_270004bbb____8296882____7549102,62595-6,683,运行/运行/ATP-VSW/ATP-VSW-DOCK_HTVS_1-003_lib/ATP-VSW-DOCK_HTVS_1-003_lib.mae,O[C@H](CNCc1[nH+]c2ccccc2n1Cc1ccc(Cl)cc1)c1ccccc1Cl,OC(CNCc1[nH+]c2ccccc2n1Cc1ccc(Cl)cc1)c1ccccc1Cl,c1ccc(CCNCc2[nH+]c3ccccc3n2Cc2ccccc2)cc1,C23H22Cl2N3O+,1.0,29.0,51.0,1.0,e8105aa8a37d98a4f77ebdaf9cd9e5fd3f400d91c3e940e4993d58a9d3696dd7,-3.31438144217332,-56.0307012698798,-0.114289015247356,1,1,1,matched,complete
ATP-HTVS-27050A3A08BE,12355,a4____28655____20262,12355-1,187,运行/运行/ATP-VSW/ATP-VSW-DOCK_HTVS_1-003_lib/ATP-VSW-DOCK_HTVS_1-003_lib.mae,C[NH+](C)Cc1ccc(C[NH2+]Cc2c(-c3ccccc3)[nH]c3ccccc23)cc1,C[NH+](C)Cc1ccc(C[NH2+]Cc2c(-c3ccccc3)[nH]c3ccccc23)cc1,c1ccc(C[NH2+]Cc2c(-c3ccccc3)[nH]c3ccccc23)cc1,C25H29N3+2,2.0,28.0,57.0,1.0,5c2eef6e5aba698bddb8020bf783c333e56e045d9cbcb52bee341c1923d15f6a,-4.70799181464544,-59.4303672830964,-0.168142564808766,1,1,1,matched,complete
ATP-HTVS-27135ACF267B,59107,m_274952bba____12996510____12611784____19965296,59107-3,351,运行/运行/ATP-VSW/ATP-VSW-DOCK_HTVS_1-003_lib/ATP-VSW-DOCK_HTVS_1-003_lib.mae,C[C@H](c1ccc(Cl)cc1)n1cc(C[N@H+](C)Cc2ccc(C[NH+](C)C)cc2)nn1,CC(c1ccc(Cl)cc1)n1cc(C[NH+](C)Cc2ccc(C[NH+](C)C)cc2)nn1,c1ccc(C[NH2+]Cc2cn(Cc3ccccc3)nn2)cc1,C22H30ClN5+2,2.0,28.0,58.0,1.0,4a4730be8851fd79767557bf4bc024b5074f1c9792f7c49188bbf07f7ec5adca,-4.19816809497186,-60.2946898564072,-0.149934574820423,12,12,12,matched,complete
ATP-HTVS-27537703FBA2,53635,m_282030aaa____21896940____23157418____21939938,53635-2,1234,运行/运行/ATP-VSW/ATP-VSW-DOCK_HTVS_1-003_lib/ATP-VSW-DOCK_HTVS_1-003_lib.mae,CN(C)Cc1cc(F)ccc1CNc1nc2ccccc2nc1NCc1c(N)cccc1F,CN(C)Cc1cc(F)ccc1CNc1nc2ccccc2nc1NCc1c(N)cccc1F,c1ccc(CNc2nc3ccccc3nc2NCc2ccccc2)cc1,C25H26F2N6,0.0,33.0,59.0,1.0,fc2e0301e953f1ab4144c2ff57cd56ea9df3f13f9a328cc427d350967d27d198,-1.76403197384115,-41.185100220377,-0.0534555143588228,1,1,1,matched,complete
ATP-HTVS-277F9700EDE9,62211,m_270004bbb____25289958____24720750,62211-1,264,运行/运行/ATP-VSW/ATP-VSW-DOCK_HTVS_1-003_lib/ATP-VSW-DOCK_HTVS_1-003_lib.mae,C[NH+](C)CCNc1ccccc1C[NH2+]Cc1c(-c2ccccc2)nc2ccccn12,C[NH+](C)CCNc1ccccc1C[NH2+]Cc1c(-c2ccccc2)nc2ccccn12,c1ccc(C[NH2+]Cc2c(-c3ccccc3)nc3ccccn23)cc1,C25H31N5+2,2.0,30.0,61.0,1.0,4d25e537063e913e1e7172b09566a9356cfdb10051069fbe005ccf500031c6cc,-4.46033636090095,-61.1384296581622,-0.148677878696698,3,3,3,matched,complete
ATP-HTVS-27B53DA4C14D,50115,m_282030aaa____21912298____23157418____21940090,50115-1,335,运行/运行/ATP-VSW/ATP-VSW-DOCK_HTVS_1-003_lib/ATP-VSW-DOCK_HTVS_1-003_lib.mae,C[NH+](C)Cc1cccc(CNc2nc3ccccc3nc2NCc2ccc(CO)c(F)c2)c1,C[NH+](C)Cc1cccc(CNc2nc3ccccc3nc2NCc2ccc(CO)c(F)c2)c1,c1ccc(CNc2nc3ccccc3nc2NCc2ccccc2)cc1,C26H29FN5O+,1.0,33.0,62.0,1.0,73f9146923b7dcc204b81102befdba12ea7539307861f46ee8d37a77e586384e,-4.24285460340491,-54.2409660544965,-0.128571351618331,2,2,2,matched,complete
ATP-HTVS-27BC230C206A,95937,rxn503b____EMOL44385606____EMOL44466703____EMOL1197208,95937-1,232,运行/运行/ATP-VSW/ATP-VSW-DOCK_HTVS_1-001_lib/ATP-VSW-DOCK_HTVS_1-001_lib,N#Cc1c(F)cccc1C(=O)Nc1nc2ccccc2cc1C#CCNCc1ccccc1,N#Cc1c(F)cccc1C(=O)Nc1nc2ccccc2cc1C#CCNCc1ccccc1,O=C(Nc1nc2ccccc2cc1C#CCNCc1ccccc1)c1ccccc1,C27H19FN4O,0.0,33.0,52.0,1.0,65e246d269586a7f7885e266137c70728219b765d4c60eba7050669dc5f58916,-4.5255986912866,-49.7468512356098,-0.137139354281412,3,3,3,matched,complete
ATP-HTVS-27E43B44E6A8,92067,rxn502b____EMOL5759977____EMOL13728749____EMOL36822768,92067-3,754,运行/运行/ATP-VSW/ATP-VSW-DOCK_HTVS_1-003_lib/ATP-VSW-DOCK_HTVS_1-003_lib.mae,CC[NH+](CC)[C@@H](C(=O)Nc1c(N(C#N)c2ccccc2)cnc2ccccc12)c1ccccc1,CC[NH+](CC)C(C(=O)Nc1c(N(C#N)c2ccccc2)cnc2ccccc12)c1ccccc1,O=C(Cc1ccccc1)Nc1c(Nc2ccccc2)cnc2ccccc12,C28H28N5O+,1.0,34.0,62.0,1.0,1c4f6c3f34dae50d4f3c3fc97f1ebea2ba78412eeec89e8e2e49d669c08c74a7,-3.08375895148985,-47.020560082907,-0.0906987926908779,4,4,4,matched,complete
ATP-HTVS-27FE3E1C2A9E,72194,rxn502b____EMOL511643____EMOL30488121____EMOL2868412,72194-3,1099,运行/运行/ATP-VSW/ATP-VSW-DOCK_HTVS_1-002_lib.maegz,CCN(CC)Cc1ccc(CNc2c(NC(=O)c3cccc(F)c3)c[nH+]c3ccccc23)cc1,CCN(CC)Cc1ccc(CNc2c(NC(=O)c3cccc(F)c3)c[nH+]c3ccccc23)cc1,O=C(Nc1c[nH+]c2ccccc2c1NCc1ccccc1)c1ccccc1,C28H30FN4O+,1.0,34.0,64.0,1.0,4bd01ccff51aed91c9d384b3e38d28da57beb459ffbd46f9775203304784764d,-2.17959898057809,-54.8161288042314,-0.0641058523699437,1,1,1,matched,complete
ATP-HTVS-2801EC41FD47,97569,rxn512b____EMOL43295714____EMOL486006____EMOL32179963,97569-2,607,运行/运行/ATP-VSW/ATP-VSW-DOCK_HTVS_1-002_lib.maegz,C[C@H](CF)Nc1ccccc1CC(=O)N1c2ccccc2C(=O)C[C@H]1c1ccc(F)cc1,CC(CF)Nc1ccccc1CC(=O)N1c2ccccc2C(=O)CC1c1ccc(F)cc1,O=C1CC(c2ccccc2)N(C(=O)Cc2ccccc2)c2ccccc21,C26H24F2N2O2,0.0,32.0,56.0,1.0,7d9f1e845395b1c1d74b4532f1a15c9191080b8d3d36b18cfaa5060bb241fc8b,-3.54789906091208,-42.7944328930879,-0.110871845653502,1,1,1,matched,complete
ATP-HTVS-2818D10B14C2,35009,m_270004bbb____8156864____24721296,35009-2,220,运行/运行/ATP-VSW/ATP-VSW-DOCK_HTVS_1-001_lib/ATP-VSW-DOCK_HTVS_1-001_lib,Cc1ccc(C[NH+](C)C)cc1NCc1ccc(OCc2ccccc2)cn1,Cc1ccc(C[NH+](C)C)cc1NCc1ccc(OCc2ccccc2)cn1,c1ccc(COc2ccc(CNc3ccccc3)nc2)cc1,C23H28N3O+,1.0,27.0,55.0,1.0,18ed88f20396634e588583f9a925c8fddb2f22f536df6e1bc94902f02cd7bce2,-4.57000787430811,-57.5081625132948,-0.1692595509003,1,1,1,matched,complete
ATP-HTVS-286379397336,30625,m_282030aaa____21909402____22360182____21979096,30625-2,621,运行/运行/ATP-VSW/ATP-VSW-DOCK_HTVS_1-001_lib/ATP-VSW-DOCK_HTVS_1-001_lib,CC(C)[NH2+]c1ccc(CNc2nc(N(C)Cc3ccccc3S(N)(=O)=O)[nH+]c3ccccc23)cc1,CC(C)[NH2+]c1ccc(CNc2nc(N(C)Cc3ccccc3S(N)(=O)=O)[nH+]c3ccccc23)cc1,c1ccc(CNc2nc(NCc3ccccc3)c3ccccc3[nH+]2)cc1,C26H32N6O2S+2,2.0,35.0,67.0,1.0,cce591bc21bcbfded41b4ebc26361b67d94dd798db4474a456858026765d834b,-3.50002117519494,-59.6279345506507,-0.10000060500557,2,2,2,matched,complete
ATP-HTVS-28D90B8D287A,81475,rxn502b____EMOL20754534____EMOL13728749____EMOL2868412,81475-1,265,运行/运行/ATP-VSW/ATP-VSW-DOCK_HTVS_1-003_lib/ATP-VSW-DOCK_HTVS_1-003_lib.mae,CC[NH+](CC)Cc1ccc(CNc2cnc3ccccc3c2NC(=O)Cc2ccc(C(C)=O)cc2)cc1,CC[NH+](CC)Cc1ccc(CNc2cnc3ccccc3c2NC(=O)Cc2ccc(C(C)=O)cc2)cc1,O=C(Cc1ccccc1)Nc1c(NCc2ccccc2)cnc2ccccc12,C31H35N4O2+,1.0,37.0,72.0,1.0,b9e5d3f7972e61b41096f124400e0ad9b7f94124634bf977b98df85c9799e9fb,-4.45658966501272,-61.1478994391247,-0.120448369324668,3,3,3,matched,complete
ATP-HTVS-28F6129F8E3C,70305,rxn502b____EMOL31600582____EMOL7515103____EMOL2873214,70305-1,282,运行/运行/ATP-VSW/ATP-VSW-DOCK_HTVS_1-001_lib/ATP-VSW-DOCK_HTVS_1-001_lib,C#Cc1cccc(C(=O)Nc2ncc(NCc3cccc(C[NH+](C)C)c3)c3ccccc23)c1,C#Cc1cccc(C(=O)Nc2ncc(NCc3cccc(C[NH+](C)C)c3)c3ccccc23)c1,O=C(Nc1ncc(NCc2ccccc2)c2ccccc12)c1ccccc1,C28H27N4O+,1.0,33.0,60.0,1.0,7f383a8c923f422d0bd042207e83155c13572141c6c6022f9a6f5c0f12c56922,-4.409200336205,-52.3277746409302,-0.133612131400152,1,1,1,matched,complete
ATP-HTVS-2912F4F66BA1,81186,rxn512b____EMOL24630243____EMOL719673____EMOL31232878,81186-2,574,运行/运行/ATP-VSW/ATP-VSW-DOCK_HTVS_1-002_lib.maegz,CN(C(=O)c1[nH]c2ccccc2c1Nc1ccc(CC[NH+](C)C)cc1)[C@H](C#N)c1ccccc1,CN(C(=O)c1[nH]c2ccccc2c1Nc1ccc(CC[NH+](C)C)cc1)C(C#N)c1ccccc1,O=C(NCc1ccccc1)c1[nH]c2ccccc2c1Nc1ccccc1,C28H30N5O+,1.0,34.0,64.0,1.0,21e522c89235fb6ab997db1e912f8fb21b34a2e5e18c718dd038e6f12ef6db92,-3.6441329314009,-47.8551244322816,-0.10718038033532,1,1,1,matched,complete
ATP-HTVS-291AE177F52E,43107,m_282030aaa____21928180____22360182____21973156,43107-2,292,运行/运行/ATP-VSW/ATP-VSW-DOCK_HTVS_1-003_lib/ATP-VSW-DOCK_HTVS_1-003_lib.mae,C[C@H](Nc1nc(NCc2ccccc2C[NH+](C)C)c2ccccc2[nH+]1)c1ccc(C#N)cc1,CC(Nc1nc(NCc2ccccc2C[NH+](C)C)c2ccccc2[nH+]1)c1ccc(C#N)cc1,c1ccc(CNc2nc(NCc3ccccc3)c3ccccc3[nH+]2)cc1,C27H30N6+2,2.0,33.0,63.0,1.0,4763e2a3a7d03e92a14d3f8a5e132fd82f3c2187df9128022aeea34a64d8f4be,-4.36716167786867,-56.9506711799767,-0.132338232662687,5,5,5,matched,complete
ATP-HTVS-2A14F6A33EFE,2018,YAS_R004____OTV5753507____OTV2084332____OTV7020410266,2018-2,82,运行/运行/ATP-VSW/ATP-VSW-DOCK_HTVS_1-002_lib.maegz,Cc1ccc([C@@H](CNc2cc(-c3cccnc3)[nH+]c3ccccc23)[NH+](C)C)cc1,Cc1ccc(C(CNc2cc(-c3cccnc3)[nH+]c3ccccc23)[NH+](C)C)cc1,c1ccc(CCNc2cc(-c3cccnc3)[nH+]c3ccccc23)cc1,C25H28N4+2,2.0,29.0,57.0,1.0,25d3a20e359a54a41e2061b3d88e2cf93eaa2b27de9a7091611ab52014e0941f,-5.24980933887412,-56.7204997801902,-0.181027908237039,6,6,6,matched,complete
ATP-HTVS-2A420AE0278C,57730,m_2430bbb____22525962____2308808,57730-1,566,运行/运行/ATP-VSW/ATP-VSW-DOCK_HTVS_1-002_lib.maegz,C[NH+](C)Cc1ccc(NC(=O)NCc2cn(-c3ccccc3)nc2-c2ccncc2)c(F)c1,C[NH+](C)Cc1ccc(NC(=O)NCc2cn(-c3ccccc3)nc2-c2ccncc2)c(F)c1,O=C(NCc1cn(-c2ccccc2)nc1-c1ccncc1)Nc1ccccc1,C25H26FN6O+,1.0,33.0,59.0,1.0,5396d36bf84e820657fb947f950095f6cb0931cb281db488d8b391e8122cef83,-3.66995424935913,-52.2841273363255,-0.111210734829065,2,2,2,matched,complete
ATP-HTVS-2A473A7CBE48,82306,rxn512b____EMOL17281285____EMOL525138____EMOL2873214,82306-1,554,运行/运行/ATP-VSW/ATP-VSW-DOCK_HTVS_1-002_lib.maegz,CN(C(=O)c1sccc1NCc1cccc(C[NH+](C)C)c1)c1ccc(C#N)cc1,CN(C(=O)c1sccc1NCc1cccc(C[NH+](C)C)c1)c1ccc(C#N)cc1,O=C(Nc1ccccc1)c1sccc1NCc1ccccc1,C23H25N4OS+,1.0,29.0,54.0,1.0,621ba80c6d533f21973990afaaca2949cef61cde636c3e862169dff03ea01bca,-3.69621438825461,-50.570867793281,-0.127455668560504,2,2,2,matched,complete
ATP-HTVS-2A6980A94AB8,12579,a2____240755____31946,12579-2,112,运行/运行/ATP-VSW/ATP-VSW-DOCK_HTVS_1-003_lib/ATP-VSW-DOCK_HTVS_1-003_lib.mae,Oc1ccc([C@H](O)CNc2cc(-c3ccccc3)nc(-c3ccccc3)n2)cc1,Oc1ccc(C(O)CNc2cc(-c3ccccc3)nc(-c3ccccc3)n2)cc1,c1ccc(CCNc2cc(-c3ccccc3)nc(-c3ccccc3)n2)cc1,C24H21N3O2,0.0,29.0,50.0,1.0,f3ad760ccdb21deeff15fbc05cc03ae839f60405d55279fbb429f55f14721461,-5.02705879123109,-54.1413686472508,-0.173346854870038,2,2,2,matched,complete
ATP-HTVS-2A91244EC1AD,33347,m_282030aaa____21894442____23157418____21967972,33347-1,123,运行/运行/ATP-VSW/ATP-VSW-DOCK_HTVS_1-003_lib/ATP-VSW-DOCK_HTVS_1-003_lib.mae,CN(CC(=O)NCc1ccccc1)c1nc2ccccc2nc1NCCc1ccc(C[NH+](C)C)cc1,CN(CC(=O)NCc1ccccc1)c1nc2ccccc2nc1NCCc1ccc(C[NH+](C)C)cc1,O=C(CNc1nc2ccccc2nc1NCCc1ccccc1)NCc1ccccc1,C29H35N6O+,1.0,36.0,71.0,1.0,8dc978827c4bfabc1405eba469920eec35642fa8677ca0184519b81eef897e0d,-5.00113179091921,-61.841117693726,-0.138920327525534,1,1,1,matched,complete
ATP-HTVS-2AC4031F681F,85858,rxn512c____EMOL43295677____EMOL493239____EMOL44693140,85858-3,582,运行/运行/ATP-VSW/ATP-VSW-DOCK_HTVS_1-002_lib.maegz,CC#CCNC(=O)c1ccc(CNCc2[nH+]c3ccccc3n2Cc2ccccc2)cc1,CC#CCNC(=O)c1ccc(CNCc2[nH+]c3ccccc3n2Cc2ccccc2)cc1,c1ccc(CNCc2[nH+]c3ccccc3n2Cc2ccccc2)cc1,C27H27N4O+,1.0,32.0,59.0,1.0,198ed9dd0ff85cabee6413aa0c9e27a262bcbc5cfd0a883551fbfa0a2a87e861,-3.63036145484555,-61.2403805998914,-0.113448795463924,1,1,1,matched,complete
ATP-HTVS-2AD5F3716208,34434,m_269862bba____8257516____13192834,34434-2,4,运行/运行/ATP-VSW/ATP-VSW-DOCK_HTVS_1-002_lib.maegz,O[C@H](C[NH2+][C@H](c1ccccn1)c1cc2ccccc2o1)c1cccc(Cl)c1,OC(C[NH2+]C(c1ccccn1)c1cc2ccccc2o1)c1cccc(Cl)c1,c1ccc(CC[NH2+]C(c2ccccn2)c2cc3ccccc3o2)cc1,C22H20ClN2O2+,1.0,27.0,47.0,1.0,e4dc91d60cf2efb432543d32335634140ba485e01eaa171b0c76f60d6e1b91ca,-6.46875032106379,-73.5658722356571,-0.239583345224585,8,8,8,matched,complete
ATP-HTVS-2AFCB32282C0,34529,m_27bbd____62062____24798446,34529-1,469,运行/运行/ATP-VSW/ATP-VSW-DOCK_HTVS_1-001_lib/ATP-VSW-DOCK_HTVS_1-001_lib,C[NH+](C)[C@@H](CNc1nc2ccccc2n1CC(=O)c1ccccc1)c1cccc(F)c1,C[NH+](C)C(CNc1nc2ccccc2n1CC(=O)c1ccccc1)c1cccc(F)c1,O=C(Cn1c(NCCc2ccccc2)nc2ccccc21)c1ccccc1,C25H26FN4O+,1.0,31.0,57.0,1.0,a5f91cfe17a7fdebec79de4cb8afe74cdc8a911ecf7bd0c52ba7335b9ac40b69,-3.8960089217014,-54.5803811213538,-0.125677707151658,7,7,7,matched,complete
ATP-HTVS-2B2381835080,40034,m_188690bcc____7326552____21807720,40034-2,818,运行/运行/ATP-VSW/ATP-VSW-DOCK_HTVS_1-002_lib.maegz,CN(C(=O)c1cc(NCc2ccccc2)nc2ccccc12)[C@H](C(=O)[O-])c1ccccc1,CN(C(=O)c1cc(NCc2ccccc2)nc2ccccc12)C(C(=O)[O-])c1ccccc1,O=C(NCc1ccccc1)c1cc(NCc2ccccc2)nc2ccccc12,C26H22N3O3-,-1.0,32.0,54.0,1.0,6b5a88809cf0a05b35f5494bd35df9d5448ce8f5bc17df0cc68c9d6eeb18628e,-2.9945143731801,-39.3520426588905,-0.0935785741618781,1,1,1,matched,complete
ATP-HTVS-2B54247B4108,84161,rxn502b____EMOL44385606____EMOL7515103____EMOL2868412,84161-1,535,运行/运行/ATP-VSW/ATP-VSW-DOCK_HTVS_1-001_lib/ATP-VSW-DOCK_HTVS_1-001_lib,CCN(CC)Cc1ccc(CNc2cnc(NC(=O)c3cccc(F)c3C#N)c3ccccc23)cc1,CCN(CC)Cc1ccc(CNc2cnc(NC(=O)c3cccc(F)c3C#N)c3ccccc23)cc1,O=C(Nc1ncc(NCc2ccccc2)c2ccccc12)c1ccccc1,C29H28FN5O,0.0,36.0,64.0,1.0,f9a10f831f3283899c1b000dbfc117a455525bcadbe783861783aacbe1764fd6,-3.75512751001344,-46.914762918847,-0.104309097500373,1,1,1,matched,complete
ATP-HTVS-2B683AA1DF30,89507,rxn512b____EMOL484455____EMOL10439745____EMOL2873214,89507-1,253,运行/运行/ATP-VSW/ATP-VSW-DOCK_HTVS_1-003_lib/ATP-VSW-DOCK_HTVS_1-003_lib.mae,C[NH+](C)Cc1cccc(CNc2cscc2C(=O)NCc2ccccc2F)c1,C[NH+](C)Cc1cccc(CNc2cscc2C(=O)NCc2ccccc2F)c1,O=C(NCc1ccccc1)c1cscc1NCc1ccccc1,C22H25FN3OS+,1.0,28.0,53.0,1.0,a0dfdde44c6838b16ffa549c47dde96c85491c84ed40be1031c158c6b3299582,-4.48351303923302,-51.5188081505007,-0.160125465686894,2,2,2,matched,complete
ATP-HTVS-2B725536FCE2,99329,rxn512c____EMOL300961701____EMOL36725275____EMOL24630243,99329-1,533,运行/运行/ATP-VSW/ATP-VSW-DOCK_HTVS_1-002_lib.maegz,CNc1cccc(N(C)c2c(C(=O)N(C)[C@@H](C#N)c3ccccc3)cnc3ccc(F)cc23)c1,CNc1cccc(N(C)c2c(C(=O)N(C)C(C#N)c3ccccc3)cnc3ccc(F)cc23)c1,O=C(NCc1ccccc1)c1cnc2ccccc2c1Nc1ccccc1,C27H24FN5O,0.0,34.0,58.0,1.0,0b509f3f7b00c17b83c891e8522afe63cb60d932971b61e0f510a2445adf1e4f,-3.74931666490995,-48.054883628844,-0.110274019556175,2,2,2,matched,complete
ATP-HTVS-2B784D1D7344,72482,rxn512c____EMOL25685613____EMOL43362984____EMOL2873214,72482-4,1363,运行/运行/ATP-VSW/ATP-VSW-DOCK_HTVS_1-002_lib.maegz,C[C@@H](c1ccccc1)N(C)C(=O)c1c(NCc2cccc(CN(C)C)c2)c2ccccc2[nH]c1=O,CC(c1ccccc1)N(C)C(=O)c1c(NCc2cccc(CN(C)C)c2)c2ccccc2[nH]c1=O,O=C(NCc1ccccc1)c1c(NCc2ccccc2)c2ccccc2[nH]c1=O,C29H32N4O2,0.0,35.0,67.0,1.0,fb5a336676bffef39472410a132709cabd56f767c98399ac3a4f442a05e20c49,-1.12001739879818,-39.3622354025544,-0.0320004971085195,1,1,1,matched,complete
ATP-HTVS-2C366CB23264,58529,m_274952bba____12996510____12611784____19964924,58529-2,170,运行/运行/ATP-VSW/ATP-VSW-DOCK_HTVS_1-001_lib/ATP-VSW-DOCK_HTVS_1-001_lib,C[NH+](C)Cc1ccc(C[N@@H+](C)Cc2cn(-c3cccc(Cl)c3)nn2)cc1,C[NH+](C)Cc1ccc(C[NH+](C)Cc2cn(-c3cccc(Cl)c3)nn2)cc1,c1ccc(C[NH2+]Cc2cn(-c3ccccc3)nn2)cc1,C20H26ClN5+2,2.0,26.0,52.0,1.0,6235425153590794eaeef3e1f80592a250ea60596cf939ba5d3c7ecab378243b,-4.72014352318489,-61.8665339507815,-0.181543981660957,6,6,6,matched,complete
ATP-HTVS-2C5504015D66,57538,m_269862dba____8258838____13192834,57538-4,21,运行/运行/ATP-VSW/ATP-VSW-DOCK_HTVS_1-002_lib.maegz,O[C@H](C[NH2+][C@@H](c1ccccn1)c1cc2ccccc2o1)c1c(F)cccc1F,OC(C[NH2+]C(c1ccccn1)c1cc2ccccc2o1)c1c(F)cccc1F,c1ccc(CC[NH2+]C(c2ccccn2)c2cc3ccccc3o2)cc1,C22H19F2N2O2+,1.0,28.0,47.0,1.0,7fbb251eddffa83bce36ac7e6c992425b229bc87cafea339b9b7458311e028a6,-6.06653263710345,-65.6914952569206,-0.216661879896552,8,8,8,matched,complete
ATP-HTVS-2C72C850E8DC,37538,m_2708bba____23827856____12219706,37538-1,106,运行/运行/ATP-VSW/ATP-VSW-DOCK_HTVS_1-002_lib.maegz,CC(C)Nc1ccc(CNC(=O)NC[C@H]2c3ccccc3C(=O)N2Cc2ccccc2)cc1,CC(C)Nc1ccc(CNC(=O)NCC2c3ccccc3C(=O)N2Cc2ccccc2)cc1,O=C(NCc1ccccc1)NCC1c2ccccc2C(=O)N1Cc1ccccc1,C27H30N4O2,0.0,33.0,63.0,1.0,53bba8223dd37385e156110e15e76d16f5f1568b5e5cec1ee14d99be6972c7f9,-5.09073610364331,-58.5735533100538,-0.154264730413434,4,4,4,matched,complete
ATP-HTVS-2C852BECD08A,27585,m_270004bbb____8349656____24714838,27585-1,45,运行/运行/ATP-VSW/ATP-VSW-DOCK_HTVS_1-001_lib/ATP-VSW-DOCK_HTVS_1-001_lib,C[NH+](C)Cc1cccc(C[NH2+]Cc2cn(CCC#N)nc2-c2ccc(Cl)cc2)c1,C[NH+](C)Cc1cccc(C[NH2+]Cc2cn(CCC#N)nc2-c2ccc(Cl)cc2)c1,c1ccc(C[NH2+]Cc2c[nH]nc2-c2ccccc2)cc1,C23H28ClN5+2,2.0,29.0,57.0,1.0,3f4fc2d0e768ace925a9f2ea9507004cd08de013202be8f04faab3f4ff8a1b17,-5.32917125483599,-69.7692678771774,-0.183764526028827,3,3,3,matched,complete
ATP-HTVS-2C8A8FE641B8,72034,rxn502b____EMOL631885____EMOL30488121____EMOL2873214,72034-1,365,运行/运行/ATP-VSW/ATP-VSW-DOCK_HTVS_1-002_lib.maegz,Cc1cc(C(=O)Nc2c[nH+]c3ccccc3c2NCc2cccc(C[NH+](C)C)c2)ccc1Cl,Cc1cc(C(=O)Nc2c[nH+]c3ccccc3c2NCc2cccc(C[NH+](C)C)c2)ccc1Cl,O=C(Nc1c[nH+]c2ccccc2c1NCc1ccccc1)c1ccccc1,C27H29ClN4O+2,2.0,33.0,62.0,1.0,bfaca3fbd58c8a72d2950dde8afe16568bf941de2caa0e61239024b614bf9bbb,-4.21524671014147,-57.0034346322153,-0.127734748792166,2,2,2,matched,complete
ATP-HTVS-2CB691E3F247,42273,m_207cba____9359662____12342900,42273-2,668,运行/运行/ATP-VSW/ATP-VSW-DOCK_HTVS_1-001_lib/ATP-VSW-DOCK_HTVS_1-001_lib,CCCNc1ccc(CNCc2c(Oc3ccc(F)cc3)nc3ccccn23)cc1,CCCNc1ccc(CNCc2c(Oc3ccc(F)cc3)nc3ccccn23)cc1,c1ccc(CNCc2c(Oc3ccccc3)nc3ccccn23)cc1,C24H25FN4O,0.0,30.0,55.0,1.0,9c4709cb936b9ace7f3d82f387b456349fab8a5a5f26a26fe15f80ad0c677fa8,-3.38635953523702,-47.2457492416612,-0.112878651174567,1,1,1,matched,complete
ATP-HTVS-2CD40FD4C79D,61539,m_282030aaa____21928796____22360182____21977402,61539-1,451,运行/运行/ATP-VSW/ATP-VSW-DOCK_HTVS_1-003_lib/ATP-VSW-DOCK_HTVS_1-003_lib.mae,Cc1cc(N)ccc1CNc1nc(NCc2cccc(C[NH+](C)C)c2)c2ccccc2[nH+]1,Cc1cc(N)ccc1CNc1nc(NCc2cccc(C[NH+](C)C)c2)c2ccccc2[nH+]1,c1ccc(CNc2nc(NCc3ccccc3)c3ccccc3[nH+]2)cc1,C26H32N6+2,2.0,32.0,64.0,1.0,5fdc74528551b2de8800ac7d197295cb4375bebe3b6eb381ddc9bca34e47cc70,-3.90604274600031,-51.663719739674,-0.12206383581251,4,4,4,matched,complete
ATP-HTVS-2CDCEBF2F10D,77889,rxn503b____EMOL5415347____EMOL44466703____EMOL41348147,77889-1,344,运行/运行/ATP-VSW/ATP-VSW-DOCK_HTVS_1-001_lib/ATP-VSW-DOCK_HTVS_1-001_lib,C[NH+](C)Cc1ccccc1C(=O)Nc1nc2ccccc2cc1C#CC(=O)c1cccc(Cl)c1,C[NH+](C)Cc1ccccc1C(=O)Nc1nc2ccccc2cc1C#CC(=O)c1cccc(Cl)c1,O=C(C#Cc1cc2ccccc2nc1NC(=O)c1ccccc1)c1ccccc1,C28H23ClN3O2+,1.0,34.0,57.0,1.0,435230b1c1482bee63557897e554d64f694b208f2d09690d7a698fc987c31720,-4.21433846910375,-57.9040104737492,-0.123951131444228,2,2,2,matched,complete
ATP-HTVS-2D0B83E336C6,42274,m_270004bda____24171218____24721432,42274-2,1230,运行/运行/ATP-VSW/ATP-VSW-DOCK_HTVS_1-002_lib.maegz,CN(CCO)c1ccc(CN2CC(=O)Nc3ccc(Cl)cc3[C@H]2c2ccccc2F)cc1,CN(CCO)c1ccc(CN2CC(=O)Nc3ccc(Cl)cc3C2c2ccccc2F)cc1,O=C1CN(Cc2ccccc2)C(c2ccccc2)c2ccccc2N1,C25H25ClFN3O2,0.0,32.0,57.0,1.0,9766dd7b2855f42b48a6df52950e823e73c2507ab880298ad40659c5a63c6e9a,-1.71288152632491,-37.8196016485085,-0.0535275476976535,6,6,6,matched,complete
ATP-HTVS-2D571D26B6AC,90529,rxn514b____EMOL975329____EMOL1836585____EMOL4279023,90529-1,423,运行/运行/ATP-VSW/ATP-VSW-DOCK_HTVS_1-001_lib/ATP-VSW-DOCK_HTVS_1-001_lib,CCCN(C(=O)c1sccc1Nc1cccc(C[NH+](C)C)c1)c1ccccc1,CCCN(C(=O)c1sccc1Nc1cccc(C[NH+](C)C)c1)c1ccccc1,O=C(Nc1ccccc1)c1sccc1Nc1ccccc1,C23H28N3OS+,1.0,28.0,56.0,1.0,2c9e4236a94c37b1f4c3fef7910cfadcddb43493b6ad6b31c065b5ec2d43596a,-4.00028605360224,-48.63784153549,-0.142867359057223,1,1,1,matched,complete
ATP-HTVS-2D5D363D0DBE,30818,m_282030aaa____21931794____23157418____21973156,30818-1,278,运行/运行/ATP-VSW/ATP-VSW-DOCK_HTVS_1-002_lib.maegz,COC[C@H](Nc1nc2ccccc2nc1NCc1ccccc1C[NH+](C)C)c1ccccc1,COCC(Nc1nc2ccccc2nc1NCc1ccccc1C[NH+](C)C)c1ccccc1,c1ccc(CNc2nc3ccccc3nc2NCc2ccccc2)cc1,C27H32N5O+,1.0,33.0,65.0,1.0,2c765b1039b2ef94e9332d14cda6aab3d77c6684011fb62b47f11f891e09c206,-4.43765946592724,-60.2751723619836,-0.134474529270522,1,1,1,matched,complete
ATP-HTVS-2DA674675DE4,42977,m_270166bbb____16815746____21058258,42977-4,1392,运行/运行/ATP-VSW/ATP-VSW-DOCK_HTVS_1-001_lib/ATP-VSW-DOCK_HTVS_1-001_lib,CCc1ccccc1[C@H](N)CNc1nc(-c2ccc(Br)cc2)nc2ccccc12,CCc1ccccc1C(N)CNc1nc(-c2ccc(Br)cc2)nc2ccccc12,c1ccc(CCNc2nc(-c3ccccc3)nc3ccccc23)cc1,C24H23BrN4,0.0,29.0,52.0,1.0,f9c913cbfd5b8bb778d7b19a4e2d81eb54f7b6fd2cb2799aad48af4551e2866e,-1.06394517209285,-40.6846081700378,-0.0366877645549257,1,1,1,matched,complete
ATP-HTVS-2DB2F1DB5A18,61571,m_270004bda____24170772____7454752,61571-1,1327,运行/运行/ATP-VSW/ATP-VSW-DOCK_HTVS_1-003_lib/ATP-VSW-DOCK_HTVS_1-003_lib.mae,CCOc1cccc(CN2CC(=O)Nc3ccc(Br)cc3[C@H]2c2ccccc2)c1,CCOc1cccc(CN2CC(=O)Nc3ccc(Br)cc3C2c2ccccc2)c1,O=C1CN(Cc2ccccc2)C(c2ccccc2)c2ccccc2N1,C24H23BrN2O2,0.0,29.0,52.0,1.0,513137f9ea3b2757a0ec3cfc1a57a434601b4bb15b797f43521aeb11654929e9,-1.42005166263302,-36.1829132815753,-0.0489672987114835,2,2,2,matched,complete
ATP-HTVS-2DB2F8E5543E,82081,rxn502b____EMOL31412043____EMOL30488121____EMOL8314610,82081-1,447,运行/运行/ATP-VSW/ATP-VSW-DOCK_HTVS_1-001_lib/ATP-VSW-DOCK_HTVS_1-001_lib,CN(CC(=O)Nc1c[nH+]c2ccccc2c1Nc1ccc(NCCO)cc1)c1ccccc1,CN(CC(=O)Nc1c[nH+]c2ccccc2c1Nc1ccc(NCCO)cc1)c1ccccc1,O=C(CNc1ccccc1)Nc1c[nH+]c2ccccc2c1Nc1ccccc1,C26H28N5O2+,1.0,33.0,61.0,1.0,cfd91c8eca0e822f1a0c791b382a0225cf9c6fb3e3be1d5db692814352828765,-3.93640990047433,-51.3948689865476,-0.119285148499222,4,4,4,matched,complete
ATP-HTVS-2DBBB7EE3EAF,40130,m_282030aaa____21930060____22360182____21979096,40130-2,122,运行/运行/ATP-VSW/ATP-VSW-DOCK_HTVS_1-002_lib.maegz,CC(C)Nc1ccc(CNc2nc(N[C@@H](CC(N)=O)c3ccccc3)[nH+]c3ccccc23)cc1,CC(C)Nc1ccc(CNc2nc(NC(CC(N)=O)c3ccccc3)[nH+]c3ccccc23)cc1,c1ccc(CNc2nc(NCc3ccccc3)c3ccccc3[nH+]2)cc1,C27H31N6O+,1.0,34.0,65.0,1.0,7044963803aa4dcb9f29526eaf6e2b30131649cc4bf9b8e60dcdbe5d89040957,-5.00875136571722,-53.2660088347248,-0.147316216638742,6,6,6,matched,complete
ATP-HTVS-2E0BAC8D644B,87746,rxn502b____EMOL18624763____EMOL13728749____EMOL37339719,87746-2,296,运行/运行/ATP-VSW/ATP-VSW-DOCK_HTVS_1-002_lib.maegz,COc1ccc([C@@H](C#N)Nc2cnc3ccccc3c2NC(=O)c2ccc(C[NH+](C)C)cc2)cc1,COc1ccc(C(C#N)Nc2cnc3ccccc3c2NC(=O)c2ccc(C[NH+](C)C)cc2)cc1,O=C(Nc1c(NCc2ccccc2)cnc2ccccc12)c1ccccc1,C28H28N5O2+,1.0,35.0,63.0,1.0,f0d105ac6b9339df980cfbb1c1c38ab1e73a04d3e313f589de725676ca023a1f,-4.39510740702187,-51.3141781266171,-0.125574497343482,6,6,6,matched,complete
ATP-HTVS-2E3C44D093AA,17857,a4____267243____411479,17857-1,252,运行/运行/ATP-VSW/ATP-VSW-DOCK_HTVS_1-001_lib/ATP-VSW-DOCK_HTVS_1-001_lib,C[C@H](c1ccc(CNc2ccc(Oc3ccccc3F)nc2)cc1)[NH+](C)C,CC(c1ccc(CNc2ccc(Oc3ccccc3F)nc2)cc1)[NH+](C)C,c1ccc(CNc2ccc(Oc3ccccc3)nc2)cc1,C22H25FN3O+,1.0,27.0,52.0,1.0,5521889040d8afb6b9271fce0c006068bd4e75d6bad059f79acd6e72653d8b7f,-4.47457655044689,-50.3535045889829,-0.165725057423959,2,2,2,matched,complete
ATP-HTVS-2E3E6C1A8749,91843,rxn502c____EMOL521529____EMOL49259969____EMOL24630243,91843-1,100,运行/运行/ATP-VSW/ATP-VSW-DOCK_HTVS_1-003_lib/ATP-VSW-DOCK_HTVS_1-003_lib.mae,CN(Cc1sc2ccccc2c1N(C)[C@@H](C#N)c1ccccc1)C(=O)Cc1ccc(O)cc1,CN(Cc1sc2ccccc2c1N(C)C(C#N)c1ccccc1)C(=O)Cc1ccc(O)cc1,O=C(Cc1ccccc1)NCc1sc2ccccc2c1NCc1ccccc1,C27H25N3O2S,0.0,33.0,58.0,1.0,07e796efe928b394cd1a2a9213bbe6e857e269c17856d8c8625b1df4fadc9d58,-5.1012505243429,-58.6503185155842,-0.154583349222512,2,2,2,matched,complete
ATP-HTVS-2E4BDA1C28D9,99937,rxn512b____EMOL712348____EMOL719673____EMOL5415369,99937-1,959,运行/运行/ATP-VSW/ATP-VSW-DOCK_HTVS_1-002_lib.maegz,CN(Cc1ccccc1C[NH+]1CCCC1)c1c(C(=O)N(CC#N)c2ccccc2)[nH]c2ccccc12,CN(Cc1ccccc1C[NH+]1CCCC1)c1c(C(=O)N(CC#N)c2ccccc2)[nH]c2ccccc12,O=C(Nc1ccccc1)c1[nH]c2ccccc2c1NCc1ccccc1C[NH+]1CCCC1,C30H32N5O+,1.0,36.0,68.0,1.0,d33cbddcf507ac5095c373a386f8ac19af7a3b2237615b6786827744fcba1ccf,-2.55762200684525,-38.1964554946318,-0.0710450557457015,1,1,1,matched,complete
ATP-HTVS-2E7AE7689BA0,25602,m_282030aaa____21930854____22360182____21945542,25602-2,1340,运行/运行/ATP-VSW/ATP-VSW-DOCK_HTVS_1-002_lib.maegz,CN(C)Cc1ccc(CNc2nc(NCc3ccc(F)cc3)[nH+]c3ccccc23)cc1,CN(C)Cc1ccc(CNc2nc(NCc3ccc(F)cc3)[nH+]c3ccccc23)cc1,c1ccc(CNc2nc(NCc3ccccc3)c3ccccc3[nH+]2)cc1,C25H27FN5+,1.0,31.0,58.0,1.0,b399edf44c3b15715011e3f63831e73326d67dd669ab8643fb478143c21eb53d,-1.29539637949352,-39.7633437128641,-0.0417869799836619,1,1,1,matched,complete
ATP-HTVS-2ECA33AB7628,73634,rxn512b____EMOL530647____EMOL525138____EMOL2873214,73634-1,166,运行/运行/ATP-VSW/ATP-VSW-DOCK_HTVS_1-002_lib.maegz,C[NH+](C)Cc1cccc(CNc2ccsc2C(=O)N(CC[NH3+])c2ccccc2)c1,C[NH+](C)Cc1cccc(CNc2ccsc2C(=O)N(CC[NH3+])c2ccccc2)c1,O=C(Nc1ccccc1)c1sccc1NCc1ccccc1,C23H30N4OS+2,2.0,29.0,59.0,1.0,2ffdddf2eadd4ea23768b5673e9252f62f5d05a860b40f2cb879063911080e99,-4.80153473462974,-58.2995376203933,-0.165570163263094,2,2,2,matched,complete
ATP-HTVS-2EE3FF4CB435,49219,m_270004bca____10206040____7547162,49219-3,857,运行/运行/ATP-VSW/ATP-VSW-DOCK_HTVS_1-003_lib/ATP-VSW-DOCK_HTVS_1-003_lib.mae,COc1cc(CN(C)Cc2ccc(C[NH+](C)C)cc2)cc(Br)c1OCc1ccccc1,COc1cc(CN(C)Cc2ccc(C[NH+](C)C)cc2)cc(Br)c1OCc1ccccc1,c1ccc(CNCc2ccc(OCc3ccccc3)cc2)cc1,C26H32BrN2O2+,1.0,31.0,63.0,1.0,208edec8e0cd534dbb773f4e53f7c06feb31ae015eec97d14906280735c00fe3,-2.77759502533193,-47.8777379528161,-0.0895998395268363,1,1,1,matched,complete
ATP-HTVS-2F35A8572662,23459,m_270004bbb____8288884____24720270,23459-1,390,运行/运行/ATP-VSW/ATP-VSW-DOCK_HTVS_1-003_lib/ATP-VSW-DOCK_HTVS_1-003_lib.mae,COc1ccccc1OCc1ccc(C[NH2+]Cc2ccc(C[NH+](C)C)cc2)o1,COc1ccccc1OCc1ccc(C[NH2+]Cc2ccc(C[NH+](C)C)cc2)o1,c1ccc(C[NH2+]Cc2ccc(COc3ccccc3)o2)cc1,C23H30N2O3+2,2.0,28.0,58.0,1.0,3980053a116129b1c946a35f694c16714529d4d02c49b87439c31107b10f9efe,-4.070623198666,-53.0847811945997,-0.145379399952357,3,3,3,matched,complete
ATP-HTVS-2F483D9FE7EF,3937,YAS_R005____OTV5753507____OTV2848234____OTV1000393,3937-4,64,运行/运行/ATP-VSW/ATP-VSW-DOCK_HTVS_1-001_lib/ATP-VSW-DOCK_HTVS_1-001_lib,Cc1[nH]c2ccccc2/c(=[NH+]/C[C@H](c2ccc(O)cc2)[NH+](C)C)c1C(=O)Nc1ccccc1,Cc1[nH]c2ccccc2c(=[NH+]CC(c2ccc(O)cc2)[NH+](C)C)c1C(=O)Nc1ccccc1,O=C(Nc1ccccc1)c1c[nH]c2ccccc2c1=[NH+]CCc1ccccc1,C27H30N4O2+2,2.0,33.0,63.0,1.0,3ae89ec089e9543a69e739f263e9d4583ee0d195b134b3cd26829d2090d60343,-5.18208981650727,-72.730995913319,-0.157033024742644,9,9,9,matched,complete
ATP-HTVS-2F9574F7896C,85185,rxn502b____EMOL3728885____EMOL44466703____EMOL712348,85185-3,128,运行/运行/ATP-VSW/ATP-VSW-DOCK_HTVS_1-001_lib/ATP-VSW-DOCK_HTVS_1-001_lib,C[NH+](C)[C@@H](C(=O)Nc1nc2ccccc2cc1N(CC#N)c1ccccc1)c1ccccc1,C[NH+](C)C(C(=O)Nc1nc2ccccc2cc1N(CC#N)c1ccccc1)c1ccccc1,O=C(Cc1ccccc1)Nc1nc2ccccc2cc1Nc1ccccc1,C27H26N5O+,1.0,33.0,59.0,1.0,75de4096049e8e0f6e580d0088cc620753a8d9b327a8e7d16118cd40e22888f8,-4.88693887294164,-66.2668791834284,-0.148089056755807,4,4,4,matched,complete
ATP-HTVS-2F9E11536268,92386,rxn503b____EMOL526127____EMOL44466703____EMOL313110234,92386-3,94,运行/运行/ATP-VSW/ATP-VSW-DOCK_HTVS_1-002_lib.maegz,N#Cc1cccc(CC(=O)Nc2nc3ccccc3cc2C#C[C@H]([NH3+])Cc2cccc(F)c2)c1,N#Cc1cccc(CC(=O)Nc2nc3ccccc3cc2C#CC([NH3+])Cc2cccc(F)c2)c1,O=C(Cc1ccccc1)Nc1nc2ccccc2cc1C#CCCc1ccccc1,C28H22FN4O+,1.0,34.0,56.0,1.0,05ddc82ea8f4a104f79978c342c0a38c95f8cec4c6487cfa42ae5a7b7888369b,-5.14884966862369,-64.8317672289205,-0.15143675495952,4,4,4,matched,complete
ATP-HTVS-2FD0321978A1,47427,m_270004bda____24171218____7548392,47427-1,1285,运行/运行/ATP-VSW/ATP-VSW-DOCK_HTVS_1-003_lib/ATP-VSW-DOCK_HTVS_1-003_lib.mae,C[NH+]1CCN(c2ccc(CN3CC(=O)Nc4ccc(Cl)cc4[C@@H]3c3ccccc3F)cc2F)CC1,C[NH+]1CCN(c2ccc(CN3CC(=O)Nc4ccc(Cl)cc4C3c3ccccc3F)cc2F)CC1,O=C1CN(Cc2ccc(N3CC[NH2+]CC3)cc2)C(c2ccccc2)c2ccccc2N1,C27H28ClF2N4O+,1.0,35.0,63.0,1.0,ae9897643c9777e1e90bb3194fc0c466d3f4b0d8da553b4852fbbaffcb3dd002,-1.59297605584643,-42.408160924102,-0.0455136015956123,4,4,4,matched,complete
ATP-HTVS-2FDBF4F6464D,85218,rxn503b____EMOL521529____EMOL13728749____EMOL313110234,85218-3,56,运行/运行/ATP-VSW/ATP-VSW-DOCK_HTVS_1-002_lib.maegz,[NH3+][C@@H](C#Cc1cnc2ccccc2c1NC(=O)Cc1ccc(O)cc1)Cc1cccc(F)c1,[NH3+]C(C#Cc1cnc2ccccc2c1NC(=O)Cc1ccc(O)cc1)Cc1cccc(F)c1,O=C(Cc1ccccc1)Nc1c(C#CCCc2ccccc2)cnc2ccccc12,C27H23FN3O2+,1.0,33.0,56.0,1.0,96b33135130c4b9e6e1205529fd3bcf2a6670d586d8a57b6e43fe12d2aec3ab4,-5.5539810490699,-72.3716877953212,-0.168302456032421,4,4,4,matched,complete
ATP-HTVS-2FF622879777,92707,rxn502b____EMOL528443____EMOL13728749____EMOL36790511,92707-1,539,运行/运行/ATP-VSW/ATP-VSW-DOCK_HTVS_1-003_lib/ATP-VSW-DOCK_HTVS_1-003_lib.mae,C[C@H](C#N)N(c1ccccc1)c1cnc2ccccc2c1NC(=O)c1ccc([S-])cc1,CC(C#N)N(c1ccccc1)c1cnc2ccccc2c1NC(=O)c1ccc([S-])cc1,O=C(Nc1c(Nc2ccccc2)cnc2ccccc12)c1ccccc1,C25H19N4OS-,-1.0,31.0,50.0,1.0,b08145a122701f1888bb9c966f1e860aa04b2599692bce36a10a8ca24f3da574,-3.69766458878502,-39.2854703768845,-0.119279502864033,2,2,2,matched,complete
ATP-HTVS-30270CEE1891,59297,m_282030aaa____21917230____22360182____21974936,59297-1,345,运行/运行/ATP-VSW/ATP-VSW-DOCK_HTVS_1-001_lib/ATP-VSW-DOCK_HTVS_1-001_lib,C[C@@H](Nc1nc(NCc2ccc(F)cc2C[NH+](C)C)[nH+]c2ccccc12)c1cccc(C#N)c1,CC(Nc1nc(NCc2ccc(F)cc2C[NH+](C)C)[nH+]c2ccccc12)c1cccc(C#N)c1,c1ccc(CNc2nc(NCc3ccccc3)c3ccccc3[nH+]2)cc1,C27H29FN6+2,2.0,34.0,63.0,1.0,bfb232f3267ff0f592e36da16728c820bfab9dd22ecd681b97f17a57eeef189e,-4.21263417633159,-60.0092379953294,-0.123901005186223,4,4,4,matched,complete
ATP-HTVS-305D97AD9924,74114,rxn502b____EMOL56751027____EMOL44466703____EMOL50155899,74114-1,500,运行/运行/ATP-VSW/ATP-VSW-DOCK_HTVS_1-002_lib.maegz,CC(=O)c1cccc(C(=O)Nc2nc3ccccc3cc2NCc2ccc(C[NH+](C)C)cc2)c1,CC(=O)c1cccc(C(=O)Nc2nc3ccccc3cc2NCc2ccc(C[NH+](C)C)cc2)c1,O=C(Nc1nc2ccccc2cc1NCc1ccccc1)c1ccccc1,C28H29N4O2+,1.0,34.0,63.0,1.0,709fb43ea2f2949a5582a6092684fcaba738ebfceca83eba8f943cd75be81ed0,-3.83900291155566,-51.3853489381142,-0.112911850339872,2,2,2,matched,complete
ATP-HTVS-30920D5A25EC,68290,m_270004cbb____8294988____8366624,68290-2,66,运行/运行/ATP-VSW/ATP-VSW-DOCK_HTVS_1-002_lib.maegz,CC[N@H+](C)Cc1cccc(C[NH2+]Cc2cn(C)nc2-c2ccc(C#N)cc2)c1,CC[NH+](C)Cc1cccc(C[NH2+]Cc2cn(C)nc2-c2ccc(C#N)cc2)c1,c1ccc(C[NH2+]Cc2c[nH]nc2-c2ccccc2)cc1,C23H29N5+2,2.0,28.0,57.0,1.0,832cd11a880d9cae1b46eabd0a8c99faa852a49bd850bacf69a9c18f6d8e71ce,-5.40486676914334,-68.5058494812994,-0.193030956040834,5,5,5,matched,complete
ATP-HTVS-30B3F39EA660,48035,m_282030aaa____21926464____22360182____21963750,48035-1,370,运行/运行/ATP-VSW/ATP-VSW-DOCK_HTVS_1-003_lib/ATP-VSW-DOCK_HTVS_1-003_lib.mae,C[NH+](C)Cc1ccc(CCNc2nc(NCC(=O)NCc3ccccc3)[nH+]c3ccccc23)cc1,C[NH+](C)Cc1ccc(CCNc2nc(NCC(=O)NCc3ccccc3)[nH+]c3ccccc23)cc1,O=C(CNc1nc(NCCc2ccccc2)c2ccccc2[nH+]1)NCc1ccccc1,C28H34N6O+2,2.0,35.0,69.0,1.0,c03a2e9b696b2d032601c57ae1a3cc3d7003b5dbc1bffcacb42a7fe2e44cfc1b,-4.12517906913131,-58.5787520807019,-0.117862259118037,2,2,2,matched,complete
ATP-HTVS-30BD0ED907F3,32770,m_282030aaa____21894442____22360182____21967972,32770-1,143,运行/运行/ATP-VSW/ATP-VSW-DOCK_HTVS_1-002_lib.maegz,CN(CC(=O)NCc1ccccc1)c1nc(NCCc2ccc(C[NH+](C)C)cc2)[nH+]c2ccccc12,CN(CC(=O)NCc1ccccc1)c1nc(NCCc2ccc(C[NH+](C)C)cc2)[nH+]c2ccccc12,O=C(CNc1nc(NCCc2ccccc2)[nH+]c2ccccc12)NCc1ccccc1,C29H36N6O+2,2.0,36.0,72.0,1.0,1cc19e4697ff1971c4d5ec0a9c271bd7a53e8b45d48e76904dd16a2adfbd6b79,-4.92501627768015,-64.4863444941326,-0.136806007713338,3,3,3,matched,complete
ATP-HTVS-30D2448AA284,71137,rxn502b____EMOL32280493____EMOL44466703____EMOL2873214,71137-1,244,运行/运行/ATP-VSW/ATP-VSW-DOCK_HTVS_1-001_lib/ATP-VSW-DOCK_HTVS_1-001_lib,COc1ccccc1CC(=O)Nc1nc2ccccc2cc1NCc1cccc(C[NH+](C)C)c1,COc1ccccc1CC(=O)Nc1nc2ccccc2cc1NCc1cccc(C[NH+](C)C)c1,O=C(Cc1ccccc1)Nc1nc2ccccc2cc1NCc1ccccc1,C28H31N4O2+,1.0,34.0,65.0,1.0,4d0169cfd8b06abab5da0f233e00bd21916fce9bb749f392cd980946fd32fc6f,-4.4917818030911,-50.3838215954668,-0.132111229502679,2,2,2,matched,complete
ATP-HTVS-3100283A95A9,60066,m_282030aaa____21933634____23157418____21936776,60066-1,401,运行/运行/ATP-VSW/ATP-VSW-DOCK_HTVS_1-002_lib.maegz,CN(Cc1ccc(C[NH+](C)C)cc1)c1nc2ccccc2nc1NCc1c(N)cccc1Cl,CN(Cc1ccc(C[NH+](C)C)cc1)c1nc2ccccc2nc1NCc1c(N)cccc1Cl,c1ccc(CNc2nc3ccccc3nc2NCc2ccccc2)cc1,C26H30ClN6+,1.0,33.0,63.0,1.0,4012d0b8df1d04bb1ac3949edccbed5dcac1fa796891d21a72adbbd44b975fbc,-4.09687910409603,-55.0987269753034,-0.124147851639274,1,1,1,matched,complete
ATP-HTVS-313D067647DC,54849,m_270004bda____24170338____24720656,54849-1,834,运行/运行/ATP-VSW/ATP-VSW-DOCK_HTVS_1-001_lib/ATP-VSW-DOCK_HTVS_1-001_lib,Cc1c(CN2CC(=O)Nc3ccccc3[C@H]2c2ccccc2)cc(F)cc1[N+](=O)[O-],Cc1c(CN2CC(=O)Nc3ccccc3C2c2ccccc2)cc(F)cc1[N+](=O)[O-],O=C1CN(Cc2ccccc2)C(c2ccccc2)c2ccccc2N1,C23H20FN3O3,0.0,30.0,50.0,1.0,3255a8bacd6b1392aaa6a7c98bac5d8841d361b0bca874f82480182bde1ffd19,-2.92076872489903,-36.0323553959262,-0.0973589574966343,2,2,2,matched,complete
ATP-HTVS-31B048FE5E9A,99298,rxn502b____EMOL512495____EMOL7515103____EMOL906257,99298-1,404,运行/运行/ATP-VSW/ATP-VSW-DOCK_HTVS_1-003_lib/ATP-VSW-DOCK_HTVS_1-003_lib.mae,N#C[C@H](Nc1cnc(NC(=O)Cc2ccc(F)cc2)c2ccccc12)c1ccc(F)cc1,N#CC(Nc1cnc(NC(=O)Cc2ccc(F)cc2)c2ccccc12)c1ccc(F)cc1,O=C(Cc1ccccc1)Nc1ncc(NCc2ccccc2)c2ccccc12,C25H18F2N4O,0.0,32.0,50.0,1.0,f275ad700814aa352d6a66798b57029099fff6436e0b2bd9cd2f0a4a7b53367f,-4.0113738311198,-46.2314291642817,-0.125355432222494,1,1,1,matched,complete
ATP-HTVS-322651E221E8,67842,m_271304bba____16914328____9304626,67842-2,351,运行/运行/ATP-VSW/ATP-VSW-DOCK_HTVS_1-002_lib.maegz,Cc1cccc(C[C@H]([NH2+]Cc2ccc(OCc3ccccc3)c(OCc3ccccc3)c2)C(=O)[O-])c1,Cc1cccc(CC([NH2+]Cc2ccc(OCc3ccccc3)c(OCc3ccccc3)c2)C(=O)[O-])c1,c1ccc(CC[NH2+]Cc2ccc(OCc3ccccc3)c(OCc3ccccc3)c2)cc1,C31H31NO4,0.0,36.0,67.0,1.0,533466bc947a758e5bf9f81042f741ade2e11225c5bb1278cdb14748b6250d86,-4.25380853854629,-40.8744479271027,-0.118161348292953,2,2,2,matched,complete
ATP-HTVS-323526AAC152,84355,rxn502b____EMOL5759763____EMOL30488121____EMOL44153840,84355-1,135,运行/运行/ATP-VSW/ATP-VSW-DOCK_HTVS_1-003_lib/ATP-VSW-DOCK_HTVS_1-003_lib.mae,CC[NH+](CC)Cc1cccc(CNc2c(NC(=O)c3cc(F)cc(C#N)c3)c[nH+]c3ccccc23)c1,CC[NH+](CC)Cc1cccc(CNc2c(NC(=O)c3cc(F)cc(C#N)c3)c[nH+]c3ccccc23)c1,O=C(Nc1c[nH+]c2ccccc2c1NCc1ccccc1)c1ccccc1,C29H30FN5O+2,2.0,36.0,66.0,1.0,40c90df992cb67bf7b959c0b070d69dbacffca4eb5e8c6e14714c24e77a05e67,-4.9462186774937,-71.1813197609134,-0.137394963263714,3,3,3,matched,complete
ATP-HTVS-3254A7EDB406,72033,rxn502b____EMOL631885____EMOL30488121____EMOL50155899,72033-1,489,运行/运行/ATP-VSW/ATP-VSW-DOCK_HTVS_1-001_lib/ATP-VSW-DOCK_HTVS_1-001_lib,Cc1cc(C(=O)Nc2c[nH+]c3ccccc3c2NCc2ccc(C[NH+](C)C)cc2)ccc1Cl,Cc1cc(C(=O)Nc2c[nH+]c3ccccc3c2NCc2ccc(C[NH+](C)C)cc2)ccc1Cl,O=C(Nc1c[nH+]c2ccccc2c1NCc1ccccc1)c1ccccc1,C27H29ClN4O+2,2.0,33.0,62.0,1.0,1626e04b8e53827c336193047adc4d8699097a86d65f80374579543d88f4a86c,-3.83573268873361,-56.6190536222305,-0.116234323901019,3,3,3,matched,complete
ATP-HTVS-327AC6849941,85090,rxn502b____EMOL331054254____EMOL13728749____EMOL36790511,85090-2,701,运行/运行/ATP-VSW/ATP-VSW-DOCK_HTVS_1-002_lib.maegz,C[C@H](C#N)N(c1ccccc1)c1cnc2ccccc2c1NC(=O)[C@H](c1ccc(Cl)cc1)N(C)C,CC(C#N)N(c1ccccc1)c1cnc2ccccc2c1NC(=O)C(c1ccc(Cl)cc1)N(C)C,O=C(Cc1ccccc1)Nc1c(Nc2ccccc2)cnc2ccccc12,C28H26ClN5O,0.0,35.0,61.0,1.0,8382ae6b0fa019425e0c6e9fcabb9921faa80033c562415abb5ce272ce0e15eb,-3.2895630535721,-42.8223443065946,-0.0939875158163458,8,8,8,matched,complete
ATP-HTVS-32D1D0195572,89443,rxn502a____EMOL512495____EMOL81846330____EMOL2873214,89443-1,115,运行/运行/ATP-VSW/ATP-VSW-DOCK_HTVS_1-003_lib/ATP-VSW-DOCK_HTVS_1-003_lib.mae,CN(C(=O)Cc1ccc(F)cc1)c1ccncc1NCc1cccc(C[NH+](C)C)c1,CN(C(=O)Cc1ccc(F)cc1)c1ccncc1NCc1cccc(C[NH+](C)C)c1,O=C(Cc1ccccc1)Nc1ccncc1NCc1ccccc1,C24H28FN4O+,1.0,30.0,58.0,1.0,408cd3958c3b4862de7c8b7704474b99fb499c27f630ae28810bd471a8c13a42,-5.01774885186118,-57.1883471842104,-0.167258295062039,3,3,3,matched,complete
ATP-HTVS-33706D459A7A,91618,rxn502b____EMOL30151713____EMOL13728749____EMOL712348,91618-1,600,运行/运行/ATP-VSW/ATP-VSW-DOCK_HTVS_1-002_lib.maegz,C[NH+]1CCN(c2ccc(F)cc2C(=O)Nc2c(N(CC#N)c3ccccc3)cnc3ccccc23)CC1,C[NH+]1CCN(c2ccc(F)cc2C(=O)Nc2c(N(CC#N)c3ccccc3)cnc3ccccc23)CC1,O=C(Nc1c(Nc2ccccc2)cnc2ccccc12)c1ccccc1N1CC[NH2+]CC1,C29H28FN6O+,1.0,37.0,65.0,1.0,894ced9738c619a43bd089c6875f1f7e99d3cc719a11f6757c066c32d333ee73,-3.58202856024223,-50.3177332339519,-0.0968115827092495,2,2,2,matched,complete
ATP-HTVS-337D10985B1B,47106,m_270004bbb____8288962____24714838,47106-1,499,运行/运行/ATP-VSW/ATP-VSW-DOCK_HTVS_1-002_lib.maegz,CC[NH+](CC)Cc1ccc(C[NH2+]Cc2cn(CCC#N)nc2-c2ccc(Cl)cc2)cc1,CC[NH+](CC)Cc1ccc(C[NH2+]Cc2cn(CCC#N)nc2-c2ccc(Cl)cc2)cc1,c1ccc(C[NH2+]Cc2c[nH]nc2-c2ccccc2)cc1,C25H32ClN5+2,2.0,31.0,63.0,1.0,f6ad8f726e7e7c43bbc1331cac12fa72526e40f0b670944303982f37665a3285,-3.84044138129612,-51.0797704220336,-0.123885205848262,3,3,3,matched,complete
ATP-HTVS-33BC72D3D2BF,81217,rxn102b____EMOL32179295____EMOL2873214,81217-1,540,运行/运行/ATP-VSW/ATP-VSW-DOCK_HTVS_1-001_lib/ATP-VSW-DOCK_HTVS_1-001_lib,C[NH+](C)Cc1cccc(CNc2cnc(N)c(OCc3ccccc3)n2)c1,C[NH+](C)Cc1cccc(CNc2cnc(N)c(OCc3ccccc3)n2)c1,c1ccc(CNc2cncc(OCc3ccccc3)n2)cc1,C21H26N5O+,1.0,27.0,53.0,1.0,cdeefd933cdcfe91a4e17235277405bcddeb50e729ee00390940d2763e2cc4ba,-3.74541522522029,-54.3442874373854,-0.138719082415566,2,2,2,matched,complete
ATP-HTVS-34AD6DA38229,96929,rxn503c____EMOL3801098____EMOL49259969____EMOL317509298,96929-4,509,运行/运行/ATP-VSW/ATP-VSW-DOCK_HTVS_1-002_lib.maegz,C[C@H]([NH2+]CC#Cc1c(CN(C)C(=O)Cc2ccccc2C#N)sc2ccccc12)c1ccccc1F,CC([NH2+]CC#Cc1c(CN(C)C(=O)Cc2ccccc2C#N)sc2ccccc12)c1ccccc1F,O=C(Cc1ccccc1)NCc1sc2ccccc2c1C#CC[NH2+]Cc1ccccc1,C30H27FN3OS+,1.0,36.0,63.0,1.0,e6b5d9a430898ffd3fdb1f5e9e304dd8c3d6287541262e121fa7d3d7f07f0d61,-3.81980623817494,-54.1978638963871,-0.106105728838193,2,2,2,matched,complete
ATP-HTVS-34E58924FFDD,63425,m_282030aaa____21890570____23157418____21973156,63425-1,468,运行/运行/ATP-VSW/ATP-VSW-DOCK_HTVS_1-001_lib/ATP-VSW-DOCK_HTVS_1-001_lib,C[NH+](C)Cc1ccccc1CNc1nc2ccccc2nc1NCc1cccc(S(N)(=O)=O)c1,C[NH+](C)Cc1ccccc1CNc1nc2ccccc2nc1NCc1cccc(S(N)(=O)=O)c1,c1ccc(CNc2nc3ccccc3nc2NCc2ccccc2)cc1,C25H29N6O2S+,1.0,34.0,63.0,1.0,9aeb96821d5c82ec51ee803eef08b2bc4368d8acecc8207aededef1009c77309,-3.89709667639251,-49.7109748439383,-0.114620490482133,2,2,2,matched,complete
ATP-HTVS-351CA3F2F79F,84738,rxn512c____EMOL525080____EMOL43362984____EMOL44691345,84738-2,1444,运行/运行/ATP-VSW/ATP-VSW-DOCK_HTVS_1-002_lib.maegz,CN(C)Cc1ccccc1Nc1c(C(=O)N(C)Cc2cccc(F)c2)c(=O)[nH]c2ccccc12,CN(C)Cc1ccccc1Nc1c(C(=O)N(C)Cc2cccc(F)c2)c(=O)[nH]c2ccccc12,O=C(NCc1ccccc1)c1c(Nc2ccccc2)c2ccccc2[nH]c1=O,C27H27FN4O2,0.0,34.0,61.0,1.0,10e97ba1c8c702e1d9cebf6501cf50d0c61c99f208b4fedb576643930774e0ac,0.243459768400692,-38.0055092240261,0.0071605814235497,1,1,1,matched,complete
ATP-HTVS-35279CDCCBE9,29026,m_207bba____2691116____121435,29026-2,180,运行/运行/ATP-VSW/ATP-VSW-DOCK_HTVS_1-002_lib.maegz,Cc1cccc(-c2nn(Cc3ccccc3)cc2CNCc2ccccc2O)c1,Cc1cccc(-c2nn(Cc3ccccc3)cc2CNCc2ccccc2O)c1,c1ccc(CNCc2cn(Cc3ccccc3)nc2-c2ccccc2)cc1,C25H25N3O,0.0,29.0,54.0,1.0,09973d188249ba11510dafef1deee3480c1eda812cbb8a534949ac667334216f,-4.75400232538984,-57.1161146772023,-0.163931114668615,1,1,1,matched,complete
ATP-HTVS-354B8B3BDEB4,62498,m_270004bbb____9746926____16711616,62498-2,1105,运行/运行/ATP-VSW/ATP-VSW-DOCK_HTVS_1-002_lib.maegz,CN(C)Cc1cc(NCc2c(-c3ccccc3)nn3ccccc23)ccc1Cl,CN(C)Cc1cc(NCc2c(-c3ccccc3)nn3ccccc23)ccc1Cl,c1ccc(NCc2c(-c3ccccc3)nn3ccccc23)cc1,C23H23ClN4,0.0,28.0,51.0,1.0,af22052afe23299503d6f10e463028a2e44f36df6b4023f19eb4c433f2b3d780,-2.16189403409841,-41.0651428194345,-0.0772105012178003,1,1,1,matched,complete
ATP-HTVS-3565F86F920E,47203,m_527bbb____859864____334622,47203-2,681,运行/运行/ATP-VSW/ATP-VSW-DOCK_HTVS_1-003_lib/ATP-VSW-DOCK_HTVS_1-003_lib.mae,CN(C)Cc1ccccc1CNC(=O)c1cc(-c2nc3ccccc3s2)nc2ccccc12,CN(C)Cc1ccccc1CNC(=O)c1cc(-c2nc3ccccc3s2)nc2ccccc12,O=C(NCc1ccccc1)c1cc(-c2nc3ccccc3s2)nc2ccccc12,C27H24N4OS,0.0,33.0,57.0,1.0,41dfbfbb420441d697944fd988e6c8bb63966aa0392da781faba44912594e972,-3.316784259701,-58.7338091131229,-0.100508613930333,1,1,1,matched,complete
ATP-HTVS-357411F5F88B,74113,rxn502c____EMOL474653____EMOL44472687____EMOL50155899,74113-1,351,运行/运行/ATP-VSW/ATP-VSW-DOCK_HTVS_1-001_lib/ATP-VSW-DOCK_HTVS_1-001_lib,CC(=O)c1ccc(C(=O)Nc2c[nH+]c3ccccc3c2NCc2ccc(C[NH+](C)C)cc2)cc1,CC(=O)c1ccc(C(=O)Nc2c[nH+]c3ccccc3c2NCc2ccc(C[NH+](C)C)cc2)cc1,O=C(Nc1c[nH+]c2ccccc2c1NCc1ccccc1)c1ccccc1,C28H30N4O2+2,2.0,34.0,64.0,1.0,311085f569abf19a8bab9d5225ebcdf90dab27ec1892ebd8392c9a8c70909182,-4.19577157448646,-55.7543887763345,-0.123405046308425,3,3,3,matched,complete
ATP-HTVS-35C3F0A919D0,82019,rxn503b____EMOL521529____EMOL7515103____EMOL317509298,82019-4,439,运行/运行/ATP-VSW/ATP-VSW-DOCK_HTVS_1-003_lib/ATP-VSW-DOCK_HTVS_1-003_lib.mae,C[C@H]([NH2+]CC#Cc1cnc(NC(=O)Cc2ccc(O)cc2)c2ccccc12)c1ccccc1F,CC([NH2+]CC#Cc1cnc(NC(=O)Cc2ccc(O)cc2)c2ccccc12)c1ccccc1F,O=C(Cc1ccccc1)Nc1ncc(C#CC[NH2+]Cc2ccccc2)c2ccccc12,C28H25FN3O2+,1.0,34.0,59.0,1.0,63ae3339395b6ba628086bc79c5bfb2385a61903f8b1ae09ef713b3d09be3010,-3.92972442664194,-57.9837372946552,-0.115580130195351,1,1,1,matched,complete
ATP-HTVS-35F96912410D,85538,rxn403____EMOL906257____EMOL514874____EMOL1197208,85538-3,559,运行/运行/ATP-VSW/ATP-VSW-DOCK_HTVS_1-002_lib.maegz,N#C[C@@H](N[C@H](C#CCNCc1ccccc1)c1csc2ccccc12)c1ccc(F)cc1,N#CC(NC(C#CCNCc1ccccc1)c1csc2ccccc12)c1ccc(F)cc1,C(#CC(NCc1ccccc1)c1csc2ccccc12)CNCc1ccccc1,C27H22FN3S,0.0,32.0,54.0,1.0,15b7188d656ff7f2c04c87cfbe38eefc3ea5924248a497e594e18cddde032ca0,-3.68509788036763,-46.6540582088469,-0.115159308761488,1,1,1,matched,complete
ATP-HTVS-362E300BB66B,5762,a4____33703____436756,5762-1,276,运行/运行/ATP-VSW/ATP-VSW-DOCK_HTVS_1-002_lib.maegz,C[C@@H]([NH2+]Cc1ccccc1OCC[NH+](C)C)c1cc2cccc(Cl)c2c(=O)n1-c1ccccc1,CC([NH2+]Cc1ccccc1OCC[NH+](C)C)c1cc2cccc(Cl)c2c(=O)n1-c1ccccc1,O=c1c2ccccc2cc(C[NH2+]Cc2ccccc2)n1-c1ccccc1,C28H32ClN3O2+2,2.0,34.0,66.0,1.0,bc3ff4dccfc4a8664f7f420632c9e616762292e5255b89eca74b9f11e4c5f3c2,-4.44153497713176,-64.5179440810586,-0.130633381680346,8,8,8,matched,complete
ATP-HTVS-3634D47351B0,22754,m_44daa____12219686____6202036,22754-2,57,运行/运行/ATP-VSW/ATP-VSW-DOCK_HTVS_1-002_lib.maegz,Cc1cccc([C@@H](C)[NH2+]C[C@@H]2c3ccccc3C(=O)N2Cc2ccccc2)c1,Cc1cccc(C(C)[NH2+]CC2c3ccccc3C(=O)N2Cc2ccccc2)c1,O=C1c2ccccc2C(C[NH2+]Cc2ccccc2)N1Cc1ccccc1,C25H27N2O+,1.0,28.0,55.0,1.0,b9e82c1050656bff4a4cd1e3433b11ad7d1a99a4fb9a3e4a9963a29ff7c63147,-5.52014451029596,-64.6221300220167,-0.197148018224856,4,4,4,matched,complete
ATP-HTVS-3654BFD7575B,81409,rxn512b____EMOL49832880____EMOL10439745____EMOL50155899,81409-1,547,运行/运行/ATP-VSW/ATP-VSW-DOCK_HTVS_1-001_lib/ATP-VSW-DOCK_HTVS_1-001_lib,C[NH+](C)Cc1ccc(CNc2cscc2C(=O)N(CC[NH3+])c2ccc(Cl)cc2)cc1,C[NH+](C)Cc1ccc(CNc2cscc2C(=O)N(CC[NH3+])c2ccc(Cl)cc2)cc1,O=C(Nc1ccccc1)c1cscc1NCc1ccccc1,C23H29ClN4OS+2,2.0,30.0,59.0,1.0,d1ad613f8c425d35273a6036a3ef0366e6b6f2633d2454c0542d54c88736c91c,-3.71645058261148,-41.8590397198016,-0.123881686087049,2,2,2,matched,complete
ATP-HTVS-366F4BAC4B87,78434,rxn501c____EMOL18624763____EMOL36251210____EMOL508816,78434-1,433,运行/运行/ATP-VSW/ATP-VSW-DOCK_HTVS_1-002_lib.maegz,COc1ccccc1-c1ccnc(NC(=O)c2ccc(C[NH+](C)C)cc2)c1C(=O)c1ccccc1,COc1ccccc1-c1ccnc(NC(=O)c2ccc(C[NH+](C)C)cc2)c1C(=O)c1ccccc1,O=C(Nc1nccc(-c2ccccc2)c1C(=O)c1ccccc1)c1ccccc1,C29H28N3O3+,1.0,35.0,63.0,1.0,ab4eff54c039a841a1119b4563474fa8a0a08d221c3d467d1ad2a4caf2426ae4,-4.01338528609497,-55.772668747131,-0.114668151031285,2,2,2,matched,complete
ATP-HTVS-3676162553B8,62241,m_272430bbb____11579062____10044798,62241-1,102,运行/运行/ATP-VSW/ATP-VSW-DOCK_HTVS_1-001_lib/ATP-VSW-DOCK_HTVS_1-001_lib,[NH3+]Cc1ccc(CNC(=O)c2oc3ccccc3c2CSc2ccc(F)cc2)cc1,[NH3+]Cc1ccc(CNC(=O)c2oc3ccccc3c2CSc2ccc(F)cc2)cc1,O=C(NCc1ccccc1)c1oc2ccccc2c1CSc1ccccc1,C24H22FN2O2S+,1.0,30.0,52.0,1.0,209ef84d957830dabf0b2b00de92031af77cec3d6976d5d8ecbd2770d3de6735,-5.01328621734618,-59.4033006479844,-0.167109540578206,2,2,2,matched,complete
ATP-HTVS-368B62E0C748,29569,m_2230bdc____17849930____9106708,29569-1,1347,运行/运行/ATP-VSW/ATP-VSW-DOCK_HTVS_1-001_lib/ATP-VSW-DOCK_HTVS_1-001_lib,O=C1CN(Cc2c(F)cccc2F)[C@H](c2ccccc2)c2ccccc2N1,O=C1CN(Cc2c(F)cccc2F)C(c2ccccc2)c2ccccc2N1,O=C1CN(Cc2ccccc2)C(c2ccccc2)c2ccccc2N1,C22H18F2N2O,0.0,27.0,45.0,1.0,43222d86ca01f7b79088b79e72eac92a9a1c715c4ff8432d3a3f0f59940b142d,-1.40309381742981,-33.0563612098904,-0.0519664376825856,2,2,2,matched,complete
ATP-HTVS-369F0F09D6A7,81955,rxn502b____EMOL31412043____EMOL30488121____EMOL38100949,81955-2,231,运行/运行/ATP-VSW/ATP-VSW-DOCK_HTVS_1-003_lib/ATP-VSW-DOCK_HTVS_1-003_lib.mae,C[NH2+]CCc1ccc(Nc2c(NC(=O)CN(C)c3ccccc3)cnc3ccccc23)cc1,C[NH2+]CCc1ccc(Nc2c(NC(=O)CN(C)c3ccccc3)cnc3ccccc23)cc1,O=C(CNc1ccccc1)Nc1cnc2ccccc2c1Nc1ccccc1,C27H30N5O+,1.0,33.0,63.0,1.0,201dc08e1621e14230b4e05250af88952d552e2c3972f397fa6119ff81eb5a57,-4.56461486732011,-64.7905322006899,-0.138321662646064,2,2,2,matched,complete
ATP-HTVS-36CDFE25DCA8,48866,m_270004beb____23853920____7548542,48866-2,231,运行/运行/ATP-VSW/ATP-VSW-DOCK_HTVS_1-002_lib.maegz,C[C@H]([NH2+]Cc1ccc(-c2ccccc2[N+](=O)[O-])s1)c1ccc(C[NH+](C)C)cc1,CC([NH2+]Cc1ccc(-c2ccccc2[N+](=O)[O-])s1)c1ccc(C[NH+](C)C)cc1,c1ccc(C[NH2+]Cc2ccc(-c3ccccc3)s2)cc1,C22H27N3O2S+2,2.0,28.0,55.0,1.0,866a994e2c4aaf9884ab0d8240de35eae2dd0cb18f67cc001806fc1585d78842,-4.56079973996032,-58.9625305778213,-0.162885704998583,5,5,5,matched,complete
ATP-HTVS-37164D6EE04D,58531,m_2230bbb____22404674____7466350,58531-2,40,运行/运行/ATP-VSW/ATP-VSW-DOCK_HTVS_1-003_lib/ATP-VSW-DOCK_HTVS_1-003_lib.mae,Cc1cccc2sc(N(Cc3ccccc3)C(=O)C[NH2+][C@@H](C)c3ccc(C[NH+](C)C)cc3)nc12,Cc1cccc2sc(N(Cc3ccccc3)C(=O)C[NH2+]C(C)c3ccc(C[NH+](C)C)cc3)nc12,O=C(C[NH2+]Cc1ccccc1)N(Cc1ccccc1)c1nc2ccccc2s1,C28H34N4OS+2,2.0,34.0,68.0,1.0,f327f9d259891b106d8bfdc6f5e7a5604cc47bd06c40271925b998eb73053d80,-5.62296516979156,-73.5877646182805,-0.165381328523281,8,8,8,matched,complete
ATP-HTVS-375881F1CECF,69635,rxn502b____EMOL530620____EMOL4363915____EMOL50155899,69635-1,629,运行/运行/ATP-VSW/ATP-VSW-DOCK_HTVS_1-003_lib/ATP-VSW-DOCK_HTVS_1-003_lib.mae,C[NH+](C)Cc1ccc(CNc2cnc(NC(=O)Cc3ccccc3)c(-n3cccc3)c2)cc1,C[NH+](C)Cc1ccc(CNc2cnc(NC(=O)Cc3ccccc3)c(-n3cccc3)c2)cc1,O=C(Cc1ccccc1)Nc1ncc(NCc2ccccc2)cc1-n1cccc1,C27H30N5O+,1.0,33.0,63.0,1.0,2b1f44f99ff372b9f61d141ae969b0093adbc01d2aaf378c54bcee7956b0e67e,-3.48036158988344,-51.3374971206298,-0.105465502723741,2,2,2,matched,complete
ATP-HTVS-37921E17B72D,72225,rxn502b____EMOL480530____EMOL13728749____EMOL42769518,72225-2,203,运行/运行/ATP-VSW/ATP-VSW-DOCK_HTVS_1-001_lib/ATP-VSW-DOCK_HTVS_1-001_lib,Cc1ccc([C@@H](O)CNc2cnc3ccccc3c2NC(=O)[C@@H](Cl)c2ccccc2)cc1,Cc1ccc(C(O)CNc2cnc3ccccc3c2NC(=O)C(Cl)c2ccccc2)cc1,O=C(Cc1ccccc1)Nc1c(NCCc2ccccc2)cnc2ccccc12,C26H24ClN3O2,0.0,32.0,56.0,1.0,151c260dad0e4f4395cbc9373cf2629120927799ea3faf0f2a651424d2ec0859,-4.62169262245687,-52.2697849952163,-0.144427894451777,6,6,6,matched,complete
ATP-HTVS-37A579E82C38,28641,m_282030aaa____21930922____23157418____21940090,28641-1,328,运行/运行/ATP-VSW/ATP-VSW-DOCK_HTVS_1-001_lib/ATP-VSW-DOCK_HTVS_1-001_lib,C[NH+](C)Cc1cccc(CNc2nc3ccccc3nc2NCc2ccccc2Cl)c1,C[NH+](C)Cc1cccc(CNc2nc3ccccc3nc2NCc2ccccc2Cl)c1,c1ccc(CNc2nc3ccccc3nc2NCc2ccccc2)cc1,C25H27ClN5+,1.0,31.0,58.0,1.0,4127a9a25349a06d7ea780b6277a00bba3cb5981dad71e5c694695fca7f68322,-4.25561128381459,-55.187527173081,-0.137277783348858,1,1,1,matched,complete
ATP-HTVS-37D34080A09D,36291,m_270004bbb____8350152____7547626,36291-2,185,运行/运行/ATP-VSW/ATP-VSW-DOCK_HTVS_1-003_lib/ATP-VSW-DOCK_HTVS_1-003_lib.mae,Cc1ccc(-c2nn(Cc3ccccc3)cc2C[NH2+]C[C@H](c2cccnc2)N(C)C)cc1,Cc1ccc(-c2nn(Cc3ccccc3)cc2C[NH2+]CC(c2cccnc2)N(C)C)cc1,c1ccc(Cn2cc(C[NH2+]CCc3cccnc3)c(-c3ccccc3)n2)cc1,C27H32N5+,1.0,32.0,64.0,1.0,d6a7a5fd21f0f2b701638376b585e9efd1970cb8fa58a510e8a0a260ea390d4b,-4.73466550433163,-59.03521909745,-0.147958297010363,4,4,4,matched,complete
ATP-HTVS-37EC6A305554,73986,rxn502b____EMOL3891207____EMOL44466703____EMOL712348,73986-1,173,运行/运行/ATP-VSW/ATP-VSW-DOCK_HTVS_1-002_lib.maegz,CCc1ccc(CC(=O)Nc2nc3ccccc3cc2N(CC#N)c2ccccc2)cc1,CCc1ccc(CC(=O)Nc2nc3ccccc3cc2N(CC#N)c2ccccc2)cc1,O=C(Cc1ccccc1)Nc1nc2ccccc2cc1Nc1ccccc1,C27H24N4O,0.0,32.0,56.0,1.0,16b6aa9847e2ae0d6589dd166efc3c625178202085938fcafa44ecc91c34456d,-4.77778887211193,-54.4395848520174,-0.149305902253498,1,1,1,matched,complete
ATP-HTVS-37F8BE6B2288,68929,rxn512c____EMOL712348____EMOL36725275____EMOL2873214,68929-1,97,运行/运行/ATP-VSW/ATP-VSW-DOCK_HTVS_1-001_lib/ATP-VSW-DOCK_HTVS_1-001_lib,C[NH+](C)Cc1cccc(CNC(=O)c2cnc3ccc(F)cc3c2N(CC#N)c2ccccc2)c1,C[NH+](C)Cc1cccc(CNC(=O)c2cnc3ccc(F)cc3c2N(CC#N)c2ccccc2)c1,O=C(NCc1ccccc1)c1cnc2ccccc2c1Nc1ccccc1,C28H27FN5O+,1.0,35.0,62.0,1.0,d92bbe61e38f73b6e6659ac8b7ab71afdbc9764db85dc73cb46b58bdc5943ba8,-5.04750284427241,-65.4401207183943,-0.144214366979212,2,2,2,matched,complete
ATP-HTVS-381C421540AF,67234,m_282030aaa____21893406____22360182____21968946,67234-3,403,运行/运行/ATP-VSW/ATP-VSW-DOCK_HTVS_1-002_lib.maegz,C[NH+](C)Cc1cc(CNc2nc(NCc3ccc(CO)cc3F)c3ccccc3n2)ccc1F,C[NH+](C)Cc1cc(CNc2nc(NCc3ccc(CO)cc3F)c3ccccc3n2)ccc1F,c1ccc(CNc2nc(NCc3ccccc3)c3ccccc3n2)cc1,C26H28F2N5O+,1.0,34.0,62.0,1.0,fa0aa691c4d287b1ec090709954a202a118ac9330afcd237aefe45b851e7cf79,-4.09567655452952,-77.0087823478602,-0.120461075133221,2,2,2,matched,complete
ATP-HTVS-38928739B049,49763,m_2230bdc____14772912____8254050,49763-2,1239,运行/运行/ATP-VSW/ATP-VSW-DOCK_HTVS_1-003_lib/ATP-VSW-DOCK_HTVS_1-003_lib.mae,O=C1CN(Cc2cccc(F)c2Cl)[C@H](c2ccccc2F)c2cc(Cl)ccc2N1,O=C1CN(Cc2cccc(F)c2Cl)C(c2ccccc2F)c2cc(Cl)ccc2N1,O=C1CN(Cc2ccccc2)C(c2ccccc2)c2ccccc2N1,C22H16Cl2F2N2O,0.0,29.0,45.0,1.0,8e022905f5609a8315a919c69e5bd8cef5103ae90398d0f23f7852118877945b,-1.75347106647538,-35.2024452550815,-0.0604645195336337,2,2,2,matched,complete
ATP-HTVS-389B4B823B19,92545,rxn502b____EMOL50474468____EMOL30488121____EMOL24630243,92545-1,565,运行/运行/ATP-VSW/ATP-VSW-DOCK_HTVS_1-001_lib/ATP-VSW-DOCK_HTVS_1-001_lib,Cc1cc(F)c(C(=O)Nc2c[nH+]c3ccccc3c2N(C)[C@@H](C#N)c2ccccc2)c(Cl)c1,Cc1cc(F)c(C(=O)Nc2c[nH+]c3ccccc3c2N(C)C(C#N)c2ccccc2)c(Cl)c1,O=C(Nc1c[nH+]c2ccccc2c1NCc1ccccc1)c1ccccc1,C26H21ClFN4O+,1.0,33.0,54.0,1.0,f5eb59a083941aa416e36d8541f0dab672963902942c163c3333baa4277d4d9d,-3.66019273289197,-51.3983927442172,-0.110914931299757,4,4,4,matched,complete
ATP-HTVS-38AA30AE7592,4258,YAS_R004____OTV5753507____OTV1506397____OTV1000393,4258-2,159,运行/运行/ATP-VSW/ATP-VSW-DOCK_HTVS_1-002_lib.maegz,C[NH+](C)[C@H](CNc1cc(-c2ccc(F)cc2)[nH+]c2ccccc12)c1ccc(O)cc1,C[NH+](C)C(CNc1cc(-c2ccc(F)cc2)[nH+]c2ccccc12)c1ccc(O)cc1,c1ccc(CCNc2cc(-c3ccccc3)[nH+]c3ccccc23)cc1,C25H26FN3O+2,2.0,30.0,56.0,1.0,22e466ef2de98a597e6cfe7ab3064e7d36223bc5e5d043710896711d2ab7ef46,-4.86895670152561,-57.0277827476058,-0.16229855671752,5,5,5,matched,complete
ATP-HTVS-38B17C32C2B1,90305,rxn512c____EMOL36086203____EMOL43362984____EMOL50155899,90305-1,976,运行/运行/ATP-VSW/ATP-VSW-DOCK_HTVS_1-001_lib/ATP-VSW-DOCK_HTVS_1-001_lib,CN(C(=O)c1c(NCc2ccc(C[NH+](C)C)cc2)c2ccccc2[nH]c1=O)c1cccnc1,CN(C(=O)c1c(NCc2ccc(C[NH+](C)C)cc2)c2ccccc2[nH]c1=O)c1cccnc1,O=C(Nc1cccnc1)c1c(NCc2ccccc2)c2ccccc2[nH]c1=O,C26H28N5O2+,1.0,33.0,61.0,1.0,f39f56e29d7091629785fe9487561f7929e95ba958a2c807749249b4c8f3a39d,-2.51345438485887,-46.2194191752048,-0.0761652843896627,2,2,2,matched,complete
ATP-HTVS-38BDED367A54,94307,rxn505a____EMOL5415347____EMOL313123100____EMOL523161,94307-1,254,运行/运行/ATP-VSW/ATP-VSW-DOCK_HTVS_1-003_lib/ATP-VSW-DOCK_HTVS_1-003_lib.mae,C[NH+](C)Cc1ccccc1C(=O)Nc1ncc(C#Cc2ccc(C#N)cc2)nc1-c1ccccc1,C[NH+](C)Cc1ccccc1C(=O)Nc1ncc(C#Cc2ccc(C#N)cc2)nc1-c1ccccc1,O=C(Nc1ncc(C#Cc2ccccc2)nc1-c1ccccc1)c1ccccc1,C29H24N5O+,1.0,35.0,59.0,1.0,8a46bba26066f1914090199fbfb2bed9527b06cadf37643c7b3b2c50f95b3a35,-4.48054021797437,-62.3031144414977,-0.128015434799268,2,2,2,matched,complete
ATP-HTVS-391C9D64EC7D,20547,WXDL_15E____QS1365____LN00190257____BT2076,20547-1,67,运行/运行/ATP-VSW/ATP-VSW-DOCK_HTVS_1-003_lib/ATP-VSW-DOCK_HTVS_1-003_lib.mae,CCCc1ccc(C[NH2+]Cc2ncc(-c3cccc(O)c3)cn2)cc1,CCCc1ccc(C[NH2+]Cc2ncc(-c3cccc(O)c3)cn2)cc1,c1ccc(C[NH2+]Cc2ncc(-c3ccccc3)cn2)cc1,C21H24N3O+,1.0,25.0,49.0,1.0,16f6b04aa5f8c9a0991c3fc85f06b3e3b5ef8543194b815bdad73df4053b562b,-5.35635909721554,-55.4975139939915,-0.214254363888622,2,2,2,matched,complete
ATP-HTVS-394457ED9ABE,67073,m_270004bca____18336990____7547738,67073-7,966,运行/运行/ATP-VSW/ATP-VSW-DOCK_HTVS_1-001_lib/ATP-VSW-DOCK_HTVS_1-001_lib,CCOCCN(CC)Cc1ccc(C[N@@H+](C)Cc2cn(-c3ccccc3)nc2-c2cccnc2)cc1,CCOCCN(CC)Cc1ccc(C[NH+](C)Cc2cn(-c3ccccc3)nc2-c2cccnc2)cc1,c1ccc(C[NH2+]Cc2cn(-c3ccccc3)nc2-c2cccnc2)cc1,C30H38N5O+,1.0,36.0,74.0,1.0,508fb2b5cbc288034aa3b2f4ae6b90d8ac5743e30e3c3148ec5e14e49ad9bce4,-2.53753789034158,-55.7077704073714,-0.0704871636205995,2,2,2,matched,complete
ATP-HTVS-3966CEFE893D,72705,rxn512b____EMOL712348____EMOL719673____EMOL44153840,72705-2,1412,运行/运行/ATP-VSW/ATP-VSW-DOCK_HTVS_1-001_lib/ATP-VSW-DOCK_HTVS_1-001_lib,CCN(CC)Cc1cccc(CNc2c(C(=O)N(CC#N)c3ccccc3)[nH]c3ccccc23)c1,CCN(CC)Cc1cccc(CNc2c(C(=O)N(CC#N)c3ccccc3)[nH]c3ccccc23)c1,O=C(Nc1ccccc1)c1[nH]c2ccccc2c1NCc1ccccc1,C29H31N5O,0.0,35.0,66.0,1.0,3fe6da94185753a791942fdf5bb32e83fe1968af5197264d0de8c1533adaf6a8,-0.810725355427255,-33.2756779270711,-0.0231635815836359,1,1,1,matched,complete
ATP-HTVS-397149B089BD,39490,m_270004bbb____25290078____7547616,39490-1,28,运行/运行/ATP-VSW/ATP-VSW-DOCK_HTVS_1-002_lib.maegz,Cc1cccc(-c2nn(Cc3ccccc3)cc2C[NH2+]Cc2cccc3c2CCN3)c1,Cc1cccc(-c2nn(Cc3ccccc3)cc2C[NH2+]Cc2cccc3c2CCN3)c1,c1ccc(Cn2cc(C[NH2+]Cc3cccc4c3CCN4)c(-c3ccccc3)n2)cc1,C27H29N4+,1.0,31.0,60.0,1.0,d43cc4984acf45159e74ee7c2a3397e7b23016e0df8a9ce12cf6e3163f438f98,-5.85385473217396,-68.4572736756004,-0.188834023618515,1,1,1,matched,complete
ATP-HTVS-3991B5D40CBE,95969,rxn512b____EMOL300028928____EMOL719673____EMOL2868412,95969-2,1409,运行/运行/ATP-VSW/ATP-VSW-DOCK_HTVS_1-001_lib/ATP-VSW-DOCK_HTVS_1-001_lib,CCN(CC)Cc1ccc(CNc2c(C(=O)N(CC(=O)OC)c3ccccc3)[nH]c3ccccc23)cc1,CCN(CC)Cc1ccc(CNc2c(C(=O)N(CC(=O)OC)c3ccccc3)[nH]c3ccccc23)cc1,O=C(Nc1ccccc1)c1[nH]c2ccccc2c1NCc1ccccc1,C30H34N4O3,0.0,37.0,71.0,1.0,fa5d1932133138ac1e641b9a22d8a22e08e9d6794b736fe4ac98ac9716630d28,-0.876885055141267,-44.0840764976058,-0.0236995960848991,1,1,1,matched,complete
ATP-HTVS-39B6454C3B57,69027,rxn512c____EMOL24630243____EMOL36725275____EMOL2873214,69027-1,171,运行/运行/ATP-VSW/ATP-VSW-DOCK_HTVS_1-003_lib/ATP-VSW-DOCK_HTVS_1-003_lib.mae,CN(c1c(C(=O)NCc2cccc(C[NH+](C)C)c2)cnc2ccc(F)cc12)[C@@H](C#N)c1ccccc1,CN(c1c(C(=O)NCc2cccc(C[NH+](C)C)c2)cnc2ccc(F)cc12)C(C#N)c1ccccc1,O=C(NCc1ccccc1)c1cnc2ccccc2c1NCc1ccccc1,C29H29FN5O+,1.0,36.0,65.0,1.0,a0a4976b41bf4775b3139b2744db8c15f9d7b04ec5f2d87c6f19ac58fd8ed798,-4.7740120789223,-66.2668344784719,-0.132611446636731,6,6,6,matched,complete
ATP-HTVS-39C66FA1D927,91619,rxn502b____EMOL30151713____EMOL30488121____EMOL712348,91619-1,909,运行/运行/ATP-VSW/ATP-VSW-DOCK_HTVS_1-003_lib/ATP-VSW-DOCK_HTVS_1-003_lib.mae,C[NH+]1CCN(c2ccc(F)cc2C(=O)Nc2cnc3ccccc3c2N(CC#N)c2ccccc2)CC1,C[NH+]1CCN(c2ccc(F)cc2C(=O)Nc2cnc3ccccc3c2N(CC#N)c2ccccc2)CC1,O=C(Nc1cnc2ccccc2c1Nc1ccccc1)c1ccccc1N1CC[NH2+]CC1,C29H28FN6O+,1.0,37.0,65.0,1.0,ffeecf22c48325891933666929dfdb3fe9ec64f63cdcac018160cf8b70bd41c8,-2.65834069502136,-31.9905066769521,-0.0718470458113881,3,3,3,matched,complete
ATP-HTVS-3A2C3DD6A630,99105,rxn514b____EMOL300091282____EMOL1836585____EMOL2732950,99105-1,167,运行/运行/ATP-VSW/ATP-VSW-DOCK_HTVS_1-002_lib.maegz,C[NH+](C)Cc1ccc(Nc2ccsc2C(=O)N(CC#N)Cc2ccccc2)cc1,C[NH+](C)Cc1ccc(Nc2ccsc2C(=O)N(CC#N)Cc2ccccc2)cc1,O=C(NCc1ccccc1)c1sccc1Nc1ccccc1,C23H25N4OS+,1.0,29.0,54.0,1.0,acc32906bd7eb3b939cfb4d549914dd06f9ff6dda8d5dda853cf46184a2d5297,-4.79414075359446,-53.8017108832078,-0.165315198399809,2,2,2,matched,complete
ATP-HTVS-3A4856D72337,84225,rxn502b____EMOL711278____EMOL44466703____EMOL44153840,84225-1,347,运行/运行/ATP-VSW/ATP-VSW-DOCK_HTVS_1-001_lib/ATP-VSW-DOCK_HTVS_1-001_lib,CC[NH+](CC)Cc1cccc(CNc2cc3ccccc3nc2NC(=O)c2ccccc2C(C)=O)c1,CC[NH+](CC)Cc1cccc(CNc2cc3ccccc3nc2NC(=O)c2ccccc2C(C)=O)c1,O=C(Nc1nc2ccccc2cc1NCc1ccccc1)c1ccccc1,C30H33N4O2+,1.0,36.0,69.0,1.0,7a24e43b95c3c539993bc3fe53a778dce8ae395da79d27263600ba3c46b8e728,-4.20593604890683,-55.1420612647931,-0.116831556914079,1,1,1,matched,complete
ATP-HTVS-3A71FF84034D,20131,WXDL_15E____QS5063____LN00174727____BT3078,20131-1,37,运行/运行/ATP-VSW/ATP-VSW-DOCK_HTVS_1-003_lib/ATP-VSW-DOCK_HTVS_1-003_lib.mae,C[NH+](C)Cc1ccc(C[NH2+]Cc2ccc(-c3cc(F)ccc3F)cn2)cc1,C[NH+](C)Cc1ccc(C[NH2+]Cc2ccc(-c3cc(F)ccc3F)cn2)cc1,c1ccc(C[NH2+]Cc2ccc(-c3ccccc3)cn2)cc1,C22H25F2N3+2,2.0,27.0,52.0,1.0,c5e856dea31b8ddeaa151bde02f83a5d0a27faecfccf8266e7bed50684d373c1,-5.65337754442706,-64.2936041751864,-0.209384353497298,3,3,3,matched,complete
ATP-HTVS-3A7288617524,95746,rxn501b____EMOL5415347____EMOL30488121____EMOL24586444,95746-1,353,运行/运行/ATP-VSW/ATP-VSW-DOCK_HTVS_1-003_lib/ATP-VSW-DOCK_HTVS_1-003_lib.mae,C[NH+](C)Cc1ccccc1C(=O)Nc1cnc2ccccc2c1-c1cc(Cl)nc(Cl)c1,C[NH+](C)Cc1ccccc1C(=O)Nc1cnc2ccccc2c1-c1cc(Cl)nc(Cl)c1,O=C(Nc1cnc2ccccc2c1-c1ccncc1)c1ccccc1,C24H21Cl2N4O+,1.0,31.0,52.0,1.0,8c7d25895ab6024de1d76dee1e09cbddc2f255ec69709ac9564d90e88c252aaa,-4.18835185540106,-61.9243327276044,-0.135108124367776,2,2,2,matched,complete
ATP-HTVS-3A96A568DDAE,89089,rxn503b____EMOL487561____EMOL13728749____EMOL313110234,89089-2,853,运行/运行/ATP-VSW/ATP-VSW-DOCK_HTVS_1-001_lib/ATP-VSW-DOCK_HTVS_1-001_lib,N[C@H](C#Cc1cnc2ccccc2c1NC(=O)c1ccc(C(F)(F)F)cc1)Cc1cccc(F)c1,NC(C#Cc1cnc2ccccc2c1NC(=O)c1ccc(C(F)(F)F)cc1)Cc1cccc(F)c1,O=C(Nc1c(C#CCCc2ccccc2)cnc2ccccc12)c1ccccc1,C27H19F4N3O,0.0,35.0,54.0,1.0,ef1cb24ec5e8b63146a40ede9867d12447c94dfa25eaa8d87406e51c1e643b53,-2.87247311627957,-39.3459111983484,-0.0820706604651305,1,1,1,matched,complete
ATP-HTVS-3AF3BD852D4F,90753,rxn502b____EMOL480530____EMOL44466703____EMOL18628026,90753-1,207,运行/运行/ATP-VSW/ATP-VSW-DOCK_HTVS_1-001_lib/ATP-VSW-DOCK_HTVS_1-001_lib,N#C[C@@H](Cc1ccccc1)Nc1cc2ccccc2nc1NC(=O)[C@H](Cl)c1ccccc1,N#CC(Cc1ccccc1)Nc1cc2ccccc2nc1NC(=O)C(Cl)c1ccccc1,O=C(Cc1ccccc1)Nc1nc2ccccc2cc1NCCc1ccccc1,C26H21ClN4O,0.0,32.0,53.0,1.0,98cb21f9eebae33e4fd9771ab1cdea9e24c28ac5cb5e3f2f56ea956de5adb671,-4.60081449875776,-44.8079096336265,-0.14377545308618,1,1,1,matched,complete
ATP-HTVS-3B1236037689,83073,rxn502b____EMOL18624763____EMOL30488121____EMOL4851670,83073-1,59,运行/运行/ATP-VSW/ATP-VSW-DOCK_HTVS_1-001_lib/ATP-VSW-DOCK_HTVS_1-001_lib,C[NH+](C)Cc1ccc(C(=O)Nc2c[nH+]c3ccccc3c2NCC(=O)c2ccc(Cl)cc2)cc1,C[NH+](C)Cc1ccc(C(=O)Nc2c[nH+]c3ccccc3c2NCC(=O)c2ccc(Cl)cc2)cc1,O=C(CNc1c(NC(=O)c2ccccc2)c[nH+]c2ccccc12)c1ccccc1,C27H27ClN4O2+2,2.0,34.0,61.0,1.0,885595b3bd9afc84e63f50f2c055e73922f6a0fadf933faac8bce0fdf863aa15,-5.21467093159992,-74.249323262801,-0.153372674458821,4,4,4,matched,complete
ATP-HTVS-3B2E01AF7BF8,38881,m_2230bbc____7912878____804490,38881-1,34,运行/运行/ATP-VSW/ATP-VSW-DOCK_HTVS_1-001_lib/ATP-VSW-DOCK_HTVS_1-001_lib,Cc1ccc(OCc2nc(C[N@H+](C)Cc3ccc(C[NH+](C)C)cc3)cs2)cc1,Cc1ccc(OCc2nc(C[NH+](C)Cc3ccc(C[NH+](C)C)cc3)cs2)cc1,c1ccc(C[NH2+]Cc2csc(COc3ccccc3)n2)cc1,C23H31N3OS+2,2.0,28.0,59.0,1.0,ff5261215ace64d5a89d1d437c0d1e4f3ffbd3c78e5d260495b64220c36420dc,-5.55679982869003,-67.0153283836445,-0.19845713673893,6,6,6,matched,complete
ATP-HTVS-3B360A484FEF,85474,rxn512b____EMOL36790511____EMOL719673____EMOL932560,85474-4,594,运行/运行/ATP-VSW/ATP-VSW-DOCK_HTVS_1-002_lib.maegz,C[C@@H](C#N)N(C(=O)c1[nH]c2ccccc2c1NC[C@H](c1ccccc1Cl)[NH+](C)C)c1ccccc1,CC(C#N)N(C(=O)c1[nH]c2ccccc2c1NCC(c1ccccc1Cl)[NH+](C)C)c1ccccc1,O=C(Nc1ccccc1)c1[nH]c2ccccc2c1NCCc1ccccc1,C28H29ClN5O+,1.0,35.0,64.0,1.0,c1b55a70bddd7a0c09fa71cdd76b82bcfd39e945bbda2b07f5b0e56da89ac84d,-3.60133061218091,-47.681479468463,-0.102895160348026,7,7,7,matched,complete
ATP-HTVS-3B3954EE8C13,84897,rxn503b____EMOL32279559____EMOL13728749____EMOL313110234,84897-3,4,运行/运行/ATP-VSW/ATP-VSW-DOCK_HTVS_1-001_lib/ATP-VSW-DOCK_HTVS_1-001_lib,[NH3+][C@@H](C#Cc1cnc2ccccc2c1NC(=O)C#Cc1cccc(F)c1)Cc1cccc(F)c1,[NH3+]C(C#Cc1cnc2ccccc2c1NC(=O)C#Cc1cccc(F)c1)Cc1cccc(F)c1,O=C(C#Cc1ccccc1)Nc1c(C#CCCc2ccccc2)cnc2ccccc12,C28H20F2N3O+,1.0,34.0,54.0,1.0,df81067913d31d9636bdc745c903c26d5f494eab4f3f570e7fa64e5048992523,-6.32225078624524,-74.5739171032211,-0.185948552536625,1,1,1,matched,complete
ATP-HTVS-3B500C8F5D3A,77442,rxn512b____EMOL29781770____EMOL2730731____EMOL6185419,77442-2,681,运行/运行/ATP-VSW/ATP-VSW-DOCK_HTVS_1-002_lib.maegz,C#CCCNC(=O)c1cccc(CN2CC(=O)Nc3ccccc3[C@@H]2c2ccccc2)c1,C#CCCNC(=O)c1cccc(CN2CC(=O)Nc3ccccc3C2c2ccccc2)c1,O=C1CN(Cc2ccccc2)C(c2ccccc2)c2ccccc2N1,C27H25N3O2,0.0,32.0,57.0,1.0,0e91dab9d9e3d37f970a7b00b73a623f1e2d9980884fba21de7982e5867d8ddd,-3.3589120722721,-38.5602398582314,-0.104966002258503,2,2,2,matched,complete
ATP-HTVS-3B52AE15A314,74081,rxn512b____EMOL507327____EMOL2730731____EMOL6185419,74081-1,458,运行/运行/ATP-VSW/ATP-VSW-DOCK_HTVS_1-001_lib/ATP-VSW-DOCK_HTVS_1-001_lib,O=C1CN(Cc2cccc(C(=O)NCCF)c2)[C@H](c2ccccc2)c2ccccc2N1,O=C1CN(Cc2cccc(C(=O)NCCF)c2)C(c2ccccc2)c2ccccc2N1,O=C1CN(Cc2ccccc2)C(c2ccccc2)c2ccccc2N1,C25H24FN3O2,0.0,31.0,55.0,1.0,2ccdfbbc14a195b8afb430f3bcfd10e7855042f9f00e5d49ad2fe51de0f941c8,-3.91827207669053,-41.4163860663168,-0.12639587344163,2,2,2,matched,complete
ATP-HTVS-3B591F4F1DA1,4259,YAS_R004____OTV5753507____OTV1901890____OTV1000393,4259-1,63,运行/运行/ATP-VSW/ATP-VSW-DOCK_HTVS_1-003_lib/ATP-VSW-DOCK_HTVS_1-003_lib.mae,C[NH+](C)[C@@H](CNc1cc(-c2ccccc2F)[nH+]c2ccccc12)c1ccc(O)cc1,C[NH+](C)C(CNc1cc(-c2ccccc2F)[nH+]c2ccccc12)c1ccc(O)cc1,c1ccc(CCNc2cc(-c3ccccc3)[nH+]c3ccccc23)cc1,C25H26FN3O+2,2.0,30.0,56.0,1.0,9c99c1cb6556a6e03c0b58753eb06c5bc4c00fe237e60b423d86b3538a0a1c86,-5.37618783153956,-70.3428924520855,-0.179206261051319,6,6,6,matched,complete
ATP-HTVS-3B615F85BA41,73953,rxn502c____EMOL492224____EMOL29936549____EMOL50155899,73953-1,151,运行/运行/ATP-VSW/ATP-VSW-DOCK_HTVS_1-001_lib/ATP-VSW-DOCK_HTVS_1-001_lib,CC(=O)c1cccc(C(=O)Nc2ncc(NCc3ccc(C[NH+](C)C)cc3)c3ccccc23)c1,CC(=O)c1cccc(C(=O)Nc2ncc(NCc3ccc(C[NH+](C)C)cc3)c3ccccc23)c1,O=C(Nc1ncc(NCc2ccccc2)c2ccccc12)c1ccccc1,C28H29N4O2+,1.0,34.0,63.0,1.0,4f22e7d655f5a33a3515be6811edd55d13be1901fb3dfc3ff528210a8a846082,-4.78799657709764,-54.3517072199617,-0.140823428738166,2,2,2,matched,complete
ATP-HTVS-3B760C3B8D5C,71811,rxn502b____EMOL485008____EMOL30488121____EMOL50155899,71811-1,93,运行/运行/ATP-VSW/ATP-VSW-DOCK_HTVS_1-003_lib/ATP-VSW-DOCK_HTVS_1-003_lib.mae,COc1ccccc1C(=O)Nc1c[nH+]c2ccccc2c1NCc1ccc(C[NH+](C)C)cc1,COc1ccccc1C(=O)Nc1c[nH+]c2ccccc2c1NCc1ccc(C[NH+](C)C)cc1,O=C(Nc1c[nH+]c2ccccc2c1NCc1ccccc1)c1ccccc1,C27H30N4O2+2,2.0,33.0,63.0,1.0,50f90f60d0e584d22e111b2b68fe8c39487eeb43db5d06510743a9dd8ddb965d,-5.14442994870982,-64.6561977718829,-0.15589181662757,3,3,3,matched,complete
ATP-HTVS-3B9AE635146A,63874,m_282030aaa____21927700____23157418____21977402,63874-1,344,运行/运行/ATP-VSW/ATP-VSW-DOCK_HTVS_1-002_lib.maegz,Cc1cc(N)ccc1CNc1nc2ccccc2nc1NCc1ccccc1C[NH+](C)C,Cc1cc(N)ccc1CNc1nc2ccccc2nc1NCc1ccccc1C[NH+](C)C,c1ccc(CNc2nc3ccccc3nc2NCc2ccccc2)cc1,C26H31N6+,1.0,32.0,63.0,1.0,16857c7a78efe6317c75782ff46700580c3de0b9932a40f007cc1b26ea8af412,-4.26933921246392,-56.1717994301912,-0.133416850389497,3,3,3,matched,complete
ATP-HTVS-3BC1681A99C2,35363,m_270004bbb____23868358____12209754,35363-1,50,运行/运行/ATP-VSW/ATP-VSW-DOCK_HTVS_1-003_lib/ATP-VSW-DOCK_HTVS_1-003_lib.mae,CCNc1ccc(C[NH2+]Cc2csc(N(C(C)=O)c3ccccc3)n2)cc1,CCNc1ccc(C[NH2+]Cc2csc(N(C(C)=O)c3ccccc3)n2)cc1,c1ccc(C[NH2+]Cc2csc(Nc3ccccc3)n2)cc1,C21H25N4OS+,1.0,27.0,52.0,1.0,c03753247225fb1cfda4e3146aa6058e0e057dd9a5ecaa1994b93d4a9c18d4f5,-5.51048708846831,-66.5016520958377,-0.204092114387715,2,2,2,matched,complete
ATP-HTVS-3BCB6D34D9FC,82627,rxn512b____EMOL480996____EMOL44846536____EMOL45491381,82627-1,515,运行/运行/ATP-VSW/ATP-VSW-DOCK_HTVS_1-003_lib/ATP-VSW-DOCK_HTVS_1-003_lib.mae,CNc1cccc(CNc2cc(C(=O)N(C)Cc3ccccc3)sc2Cl)c1,CNc1cccc(CNc2cc(C(=O)N(C)Cc3ccccc3)sc2Cl)c1,O=C(NCc1ccccc1)c1cc(NCc2ccccc2)cs1,C21H22ClN3OS,0.0,27.0,49.0,1.0,c997c590c9fb331ebb2520694e56f4cab2afebb39eeb96904a60d9bb465aa831,-3.77091312601177,-42.9853242817757,-0.139663449111547,1,1,1,matched,complete
ATP-HTVS-3BEA167C6DE4,61442,m_270004bca____10206040____24715140,61442-1,88,运行/运行/ATP-VSW/ATP-VSW-DOCK_HTVS_1-002_lib.maegz,C[NH+](C)Cc1ccc(C[N@@H+](C)Cc2cn(CCC#N)nc2-c2ccccc2Br)cc1,C[NH+](C)Cc1ccc(C[NH+](C)Cc2cn(CCC#N)nc2-c2ccccc2Br)cc1,c1ccc(C[NH2+]Cc2c[nH]nc2-c2ccccc2)cc1,C24H30BrN5+2,2.0,30.0,60.0,1.0,a7ddb738f6ae9e6bbfd3b70a287dbabb9e19de69e52358ba0330c65f4043ea84,-5.22632509337337,-67.6581658284412,-0.174210836445779,6,6,6,matched,complete
ATP-HTVS-3BFEB00B17A1,96386,rxn502b____EMOL530620____EMOL30488121____EMOL49863303,96386-1,762,运行/运行/ATP-VSW/ATP-VSW-DOCK_HTVS_1-003_lib/ATP-VSW-DOCK_HTVS_1-003_lib.mae,C#Cc1ccc(C[C@@H](Nc2c(NC(=O)Cc3ccccc3)c[nH+]c3ccccc23)C(=O)[O-])cc1,C#Cc1ccc(CC(Nc2c(NC(=O)Cc3ccccc3)c[nH+]c3ccccc23)C(=O)[O-])cc1,O=C(Cc1ccccc1)Nc1c[nH+]c2ccccc2c1NCCc1ccccc1,C28H23N3O3,0.0,34.0,57.0,1.0,08cb9325c1d79886b37aa95e40cbab6d5cbb4c514f0a0164a3db51fdb4494ab7,-3.05692705921609,-42.4506414375321,-0.0899096193887086,2,2,2,matched,complete
ATP-HTVS-3C30D082388E,37539,m_270004bbb____25289968____24720750,37539-1,466,运行/运行/ATP-VSW/ATP-VSW-DOCK_HTVS_1-003_lib/ATP-VSW-DOCK_HTVS_1-003_lib.mae,OCCNc1ccccc1C[NH2+]Cc1c(-c2ccccc2)nc2ccccn12,OCCNc1ccccc1C[NH2+]Cc1c(-c2ccccc2)nc2ccccn12,c1ccc(C[NH2+]Cc2c(-c3ccccc3)nc3ccccn23)cc1,C23H25N4O+,1.0,28.0,53.0,1.0,8f4aba2d03e447d9981a75cada0a4c47aab376c0c91e437732e54ecac004acc4,-3.87803402041954,-52.240522084774,-0.138501215014984,3,3,3,matched,complete
ATP-HTVS-3C5237794D05,44097,m_22bce____20904800____24596716,44097-1,87,运行/运行/ATP-VSW/ATP-VSW-DOCK_HTVS_1-001_lib/ATP-VSW-DOCK_HTVS_1-001_lib,C[NH+](C)Cc1ccc(Br)cc1NC(=O)c1cc(-c2cccnc2)nc2ccccc12,C[NH+](C)Cc1ccc(Br)cc1NC(=O)c1cc(-c2cccnc2)nc2ccccc12,O=C(Nc1ccccc1)c1cc(-c2cccnc2)nc2ccccc12,C24H22BrN4O+,1.0,30.0,52.0,1.0,e5280d596b6b49e1f48f66fbe67b5739d9689a5eb46dd13cc65bb2de525626d2,-5.07722467557056,-62.0071122460417,-0.169240822519019,2,2,2,matched,complete
ATP-HTVS-3D55EC2CCC26,92001,rxn512b____EMOL712348____EMOL337737221____EMOL2873214,92001-1,108,运行/运行/ATP-VSW/ATP-VSW-DOCK_HTVS_1-001_lib/ATP-VSW-DOCK_HTVS_1-001_lib,Cc1nc(F)cc(C(=O)NCc2cccc(C[NH+](C)C)c2)c1N(CC#N)c1ccccc1,Cc1nc(F)cc(C(=O)NCc2cccc(C[NH+](C)C)c2)c1N(CC#N)c1ccccc1,O=C(NCc1ccccc1)c1ccncc1Nc1ccccc1,C25H27FN5O+,1.0,32.0,59.0,1.0,bdf58c40cb698dec69400749e607a68afd543b5289fc61a500d864cc83fa180c,-4.96741474429546,-50.3892903980928,-0.155231710759233,2,2,2,matched,complete
ATP-HTVS-3D580430A1F8,89410,rxn502b____EMOL70144015____EMOL13728749____EMOL49839592,89410-3,422,运行/运行/ATP-VSW/ATP-VSW-DOCK_HTVS_1-002_lib.maegz,CCN(c1c[nH+]c2ccccc2c1NC(=O)c1ccc(OCC[NH+](C)C)cc1)[C@@H](C#N)c1ccccc1,CCN(c1c[nH+]c2ccccc2c1NC(=O)c1ccc(OCC[NH+](C)C)cc1)C(C#N)c1ccccc1,O=C(Nc1c(NCc2ccccc2)c[nH+]c2ccccc12)c1ccccc1,C30H33N5O2+2,2.0,37.0,70.0,1.0,3d2ab7326ba31955163365ccb97e2d3ee21e3a168672c627f78ccf1b188664f5,-4.03828325377154,-64.8903940579007,-0.109142790642474,5,5,5,matched,complete
ATP-HTVS-3D9456613EE7,71427,rxn502b____EMOL1843611____EMOL30488121____EMOL50155899,71427-2,139,运行/运行/ATP-VSW/ATP-VSW-DOCK_HTVS_1-003_lib/ATP-VSW-DOCK_HTVS_1-003_lib.mae,C[NH+](C)Cc1ccc(CNc2c(NC(=O)[C@H](C#N)Cc3ccccc3)c[nH+]c3ccccc23)cc1,C[NH+](C)Cc1ccc(CNc2c(NC(=O)C(C#N)Cc3ccccc3)c[nH+]c3ccccc23)cc1,O=C(CCc1ccccc1)Nc1c[nH+]c2ccccc2c1NCc1ccccc1,C29H31N5O+2,2.0,35.0,66.0,1.0,1953aeb447a2a05a43e85a4bd154888ba8da774fbe399f16ef4934ba1a31b3dc,-4.92433878231059,-63.9297398164038,-0.140695393780303,6,6,6,matched,complete
ATP-HTVS-3DA95123E47A,56993,m_270004bbb____15722580____8300602,56993-3,876,运行/运行/ATP-VSW/ATP-VSW-DOCK_HTVS_1-001_lib/ATP-VSW-DOCK_HTVS_1-001_lib,C[NH+]1CCN(c2ccc(CNCc3oc4ccc(F)cc4c3-c3ccccc3)cc2)CC1,C[NH+]1CCN(c2ccc(CNCc3oc4ccc(F)cc4c3-c3ccccc3)cc2)CC1,c1ccc(-c2c(CNCc3ccc(N4CC[NH2+]CC4)cc3)oc3ccccc23)cc1,C27H29FN3O+,1.0,32.0,61.0,1.0,0d74964bb3ab2ec77b2fea840021ce2fbe3c11c1fd0b87cbb616f61a1fde1a90,-2.79904934128025,-57.4656386140984,-0.0874702919150079,1,1,1,matched,complete
ATP-HTVS-3DABA9A3BF24,35619,m_282030aaa____21890430____22360182____21945542,35619-5,825,运行/运行/ATP-VSW/ATP-VSW-DOCK_HTVS_1-003_lib/ATP-VSW-DOCK_HTVS_1-003_lib.mae,CN(C)Cc1ccc(CNc2nc(N[C@@H](C[S@@](C)=O)c3ccccc3)c3ccccc3[nH+]2)cc1,CN(C)Cc1ccc(CNc2nc(NC(CS(C)=O)c3ccccc3)c3ccccc3[nH+]2)cc1,c1ccc(CNc2nc(NCc3ccccc3)c3ccccc3[nH+]2)cc1,C27H32N5OS+,1.0,34.0,66.0,1.0,0e5275b1abc53c72b2a2756ea352fec1fdf1f9340af5c8db421009dd2595a47c,-2.86234116642759,-55.2459846397225,-0.0841865048949292,4,4,4,matched,complete
ATP-HTVS-3DB1B8B928B3,68034,m_270004beb____10209904____24720040,68034-1,118,运行/运行/ATP-VSW/ATP-VSW-DOCK_HTVS_1-002_lib.maegz,COc1cc(CN[C@@H](C[NH+](C)C)c2ccc(F)cc2)cc(O)c1OCc1ccccc1,COc1cc(CNC(C[NH+](C)C)c2ccc(F)cc2)cc(O)c1OCc1ccccc1,c1ccc(CNCc2ccc(OCc3ccccc3)cc2)cc1,C25H30FN2O3+,1.0,31.0,61.0,1.0,ef57c798c0276275f126ab5d7b7f5e479d9cf7107c98461c79d693a07c41315e,-5.01712861315892,-62.1920556971841,-0.161842858488997,5,5,5,matched,complete
ATP-HTVS-3DDAC51E87DA,72514,rxn502c____EMOL530620____EMOL49259969____EMOL324170366,72514-1,435,运行/运行/ATP-VSW/ATP-VSW-DOCK_HTVS_1-002_lib.maegz,CN(Cc1sc2ccccc2c1NCc1ccc(NCCO)cc1)C(=O)Cc1ccccc1,CN(Cc1sc2ccccc2c1NCc1ccc(NCCO)cc1)C(=O)Cc1ccccc1,O=C(Cc1ccccc1)NCc1sc2ccccc2c1NCc1ccccc1,C27H29N3O2S,0.0,33.0,62.0,1.0,7e8c1168b6e79eb371cf2c5fe82077c7d632c9f432633449d8c51e59448eac25,-4.00842325765357,-53.4057209442611,-0.121467371444047,1,1,1,matched,complete
ATP-HTVS-3E3A2065ACC9,14370,a4____241131____9264,14370-1,178,运行/运行/ATP-VSW/ATP-VSW-DOCK_HTVS_1-002_lib.maegz,Cc1ccc(C[NH2+]Cc2cn(-c3ccccc3)nc2-c2ccc(F)cc2)cc1O,Cc1ccc(C[NH2+]Cc2cn(-c3ccccc3)nc2-c2ccc(F)cc2)cc1O,c1ccc(C[NH2+]Cc2cn(-c3ccccc3)nc2-c2ccccc2)cc1,C24H23FN3O+,1.0,29.0,52.0,1.0,dcbe555da459b08b920c2708b2a1ca70698ae200a951dcbf81b520a84d5a625b,-4.76204452470596,-58.9140697128815,-0.164208431886412,1,1,1,matched,complete
ATP-HTVS-3E4E6B1035DE,50531,m_271304bba____9304164____13059962,50531-1,332,运行/运行/ATP-VSW/ATP-VSW-DOCK_HTVS_1-003_lib/ATP-VSW-DOCK_HTVS_1-003_lib.mae,Cc1cccc(C[C@H](C[NH2+]Cc2cc(OCc3ccccc3)c3ccccc3c2)C(=O)[O-])c1,Cc1cccc(CC(C[NH2+]Cc2cc(OCc3ccccc3)c3ccccc3c2)C(=O)[O-])c1,c1ccc(CCC[NH2+]Cc2cc(OCc3ccccc3)c3ccccc3c2)cc1,C29H29NO3,0.0,33.0,62.0,1.0,bf68213a458f87381ff87cb72bd21dde10b7feb29903a9b04b749e782fea8748,-4.25094305295474,-49.5067934936272,-0.128816456150144,1,1,1,matched,complete
ATP-HTVS-3E51FD2FD256,56033,m_270004bbb____24792668____20640242,56033-1,105,运行/运行/ATP-VSW/ATP-VSW-DOCK_HTVS_1-001_lib/ATP-VSW-DOCK_HTVS_1-001_lib,C[NH+](C)Cc1cc(F)ccc1C[NH2+]Cc1ccc(Oc2ccc(Br)cc2)nc1,C[NH+](C)Cc1cc(F)ccc1C[NH2+]Cc1ccc(Oc2ccc(Br)cc2)nc1,c1ccc(C[NH2+]Cc2ccc(Oc3ccccc3)nc2)cc1,C22H25BrFN3O+2,2.0,28.0,53.0,1.0,4562c0ed9ec0cc6cf025729b64e67e180d1b130039a47aa0aa8691331e5c6471,-4.99026263354057,-61.5079304498979,-0.178223665483592,3,3,3,matched,complete
ATP-HTVS-3E71027F124F,67650,m_270004bbb____24792678____7547234,67650-1,22,运行/运行/ATP-VSW/ATP-VSW-DOCK_HTVS_1-002_lib.maegz,CN(CCC#N)c1ccc(C[NH2+]Cc2cn(C)nc2OCc2ccccc2)cc1,CN(CCC#N)c1ccc(C[NH2+]Cc2cn(C)nc2OCc2ccccc2)cc1,c1ccc(C[NH2+]Cc2c[nH]nc2OCc2ccccc2)cc1,C23H28N5O+,1.0,29.0,57.0,1.0,e076c0b26a0b1d93b13f6a0bf2ff36a769eee2c5902aec920333c4e27e621e7e,-6.04277285789881,-69.3043907606955,-0.20837147785858,3,3,3,matched,complete
ATP-HTVS-3E71DFC624D6,82465,rxn502b____EMOL527362____EMOL30488121____EMOL2873214,82465-1,27,运行/运行/ATP-VSW/ATP-VSW-DOCK_HTVS_1-001_lib/ATP-VSW-DOCK_HTVS_1-001_lib,C[NH+](C)Cc1cccc(CNc2c(NC(=O)CCc3ccc4c(c3)OCO4)c[nH+]c3ccccc23)c1,C[NH+](C)Cc1cccc(CNc2c(NC(=O)CCc3ccc4c(c3)OCO4)c[nH+]c3ccccc23)c1,O=C(CCc1ccc2c(c1)OCO2)Nc1c[nH+]c2ccccc2c1NCc1ccccc1,C29H32N4O3+2,2.0,36.0,68.0,1.0,419ce394e07b7cf425b3cf4a326126db6c0b6745ab947403f806afff4e02c3a9,-5.69093713493627,-70.8107132818678,-0.158081587081563,3,3,3,matched,complete
ATP-HTVS-3EAEA7611BE9,52738,m_270004bbb____16497484____24720860,52738-2,979,运行/运行/ATP-VSW/ATP-VSW-DOCK_HTVS_1-002_lib.maegz,Cc1ccc(CCNCc2nc3ccccc3n2Cc2ccccc2)cc1C#N,Cc1ccc(CCNCc2nc3ccccc3n2Cc2ccccc2)cc1C#N,c1ccc(CCNCc2nc3ccccc3n2Cc2ccccc2)cc1,C25H24N4,0.0,29.0,53.0,1.0,21213b467b325fc21d42d7485319877ad650c2013f617c1eb549c6064e7aec5a,-2.48516848408361,-46.2148936520913,-0.0856954649684003,1,1,1,matched,complete
ATP-HTVS-3ED7BF8E1128,59586,m_270004bbb____12219716____16665050,59586-1,52,运行/运行/ATP-VSW/ATP-VSW-DOCK_HTVS_1-002_lib.maegz,Cc1cc(F)c(C[NH2+]C[C@H]2c3ccccc3C(=O)N2Cc2ccccc2)c(Br)c1,Cc1cc(F)c(C[NH2+]CC2c3ccccc3C(=O)N2Cc2ccccc2)c(Br)c1,O=C1c2ccccc2C(C[NH2+]Cc2ccccc2)N1Cc1ccccc1,C24H23BrFN2O+,1.0,29.0,52.0,1.0,e548e6981448d71f61f62b2c0788d7a24e15f5345cfbf56ce7c469ec646b3181,-5.58421481194661,-65.4770900494282,-0.192559131446435,1,1,1,matched,complete
ATP-HTVS-3F61FE181838,65473,m_270004bbb____21668748____7547616,65473-4,746,运行/运行/ATP-VSW/ATP-VSW-DOCK_HTVS_1-001_lib/ATP-VSW-DOCK_HTVS_1-001_lib,Cc1cccc(-c2nn(Cc3ccccc3)cc2CNC[C@H](c2cccnc2)[NH+]2CCCC2)c1,Cc1cccc(-c2nn(Cc3ccccc3)cc2CNCC(c2cccnc2)[NH+]2CCCC2)c1,c1ccc(Cn2cc(CNCC(c3cccnc3)[NH+]3CCCC3)c(-c3ccccc3)n2)cc1,C29H34N5+,1.0,34.0,68.0,1.0,58a51eb4dc3b9f633960f5ef076ce90365feaa8a7d1fce03b6d8ac53c7645f4c,-3.18080804827734,-49.970366568151,-0.0935531778905099,1,1,1,matched,complete
ATP-HTVS-3F7C0C4A7C85,44483,m_282030aaa____21928180____23157418____21940090,44483-1,244,运行/运行/ATP-VSW/ATP-VSW-DOCK_HTVS_1-003_lib/ATP-VSW-DOCK_HTVS_1-003_lib.mae,C[C@@H](Nc1nc2ccccc2nc1NCc1cccc(C[NH+](C)C)c1)c1ccc(C#N)cc1,CC(Nc1nc2ccccc2nc1NCc1cccc(C[NH+](C)C)c1)c1ccc(C#N)cc1,c1ccc(CNc2nc3ccccc3nc2NCc2ccccc2)cc1,C27H29N6+,1.0,33.0,62.0,1.0,5fe492e6733a76b247da6b578996cd0e04a14b3b40fb524595497c9fd4bad471,-4.51870913472249,-53.9519708779897,-0.136930579840075,3,3,3,matched,complete
ATP-HTVS-3FE2C8D8A747,85473,rxn512b____EMOL36790511____EMOL719673____EMOL13081280,85473-3,490,运行/运行/ATP-VSW/ATP-VSW-DOCK_HTVS_1-001_lib/ATP-VSW-DOCK_HTVS_1-001_lib,C[C@@H](C#N)N(C(=O)c1[nH]c2ccccc2c1NC[C@@H](c1ccc(Cl)cc1)[NH+](C)C)c1ccccc1,CC(C#N)N(C(=O)c1[nH]c2ccccc2c1NCC(c1ccc(Cl)cc1)[NH+](C)C)c1ccccc1,O=C(Nc1ccccc1)c1[nH]c2ccccc2c1NCCc1ccccc1,C28H29ClN5O+,1.0,35.0,64.0,1.0,8c25771f2a1bb910f7cf6b4eed5f42f1afe541fd734a2c35c6c1da6be859cc70,-3.83062090527101,-54.2866253205066,-0.109446311579172,4,4,4,matched,complete
ATP-HTVS-3FE3F52D89A6,78210,rxn502b____EMOL509335____EMOL7515103____EMOL324170366,78210-1,889,运行/运行/ATP-VSW/ATP-VSW-DOCK_HTVS_1-002_lib.maegz,O=C(Nc1ncc(NCc2ccc(NCCO)cc2)c2ccccc12)c1cccc([S-])c1,O=C(Nc1ncc(NCc2ccc(NCCO)cc2)c2ccccc12)c1cccc([S-])c1,O=C(Nc1ncc(NCc2ccccc2)c2ccccc12)c1ccccc1,C25H23N4O2S-,-1.0,32.0,55.0,1.0,9fdfa11b3f2f14008ee9552093a202289ca013bf5d71a37b2f3e2b6fdb74f38e,-2.78535707475528,-39.9888620383896,-0.0870424085861026,3,3,3,matched,complete
ATP-HTVS-3FEB13A0176D,79265,rxn403____EMOL44390368____EMOL720244____EMOL1197208,79265-6,12,运行/运行/ATP-VSW/ATP-VSW-DOCK_HTVS_1-001_lib/ATP-VSW-DOCK_HTVS_1-001_lib,N#C[C@H](N[C@@H](C#CC[NH2+]Cc1ccccc1)c1cc2ccccc2s1)c1ccccc1,N#CC(NC(C#CC[NH2+]Cc1ccccc1)c1cc2ccccc2s1)c1ccccc1,C(#CC(NCc1ccccc1)c1cc2ccccc2s1)C[NH2+]Cc1ccccc1,C27H24N3S+,1.0,31.0,55.0,1.0,41046c1225213bbdf4ab486131303f0eee0a972113c257111dc0d9ee7e276217,-6.10497051782088,-76.755817942428,-0.196934532832932,4,4,4,matched,complete
ATP-HTVS-4019997F6E4F,28866,m_282030aaa____21926476____22360182____21967972,28866-1,304,运行/运行/ATP-VSW/ATP-VSW-DOCK_HTVS_1-002_lib.maegz,C[NH+](C)Cc1ccc(CCNc2nc(NCCOc3cccc(C#N)c3)c3ccccc3[nH+]2)cc1,C[NH+](C)Cc1ccc(CCNc2nc(NCCOc3cccc(C#N)c3)c3ccccc3[nH+]2)cc1,c1ccc(CCNc2nc(NCCOc3ccccc3)c3ccccc3[nH+]2)cc1,C28H32N6O+2,2.0,35.0,67.0,1.0,61f425aaae1b13d7e0ce9f6610b992ca1a466043904340aec38eae3c9e54eb06,-4.36889418856391,-59.4691333360342,-0.124825548244683,1,1,1,matched,complete
ATP-HTVS-403847D949CB,95233,rxn502a____EMOL478278____EMOL45981693____EMOL2873214,95233-1,133,运行/运行/ATP-VSW/ATP-VSW-DOCK_HTVS_1-001_lib/ATP-VSW-DOCK_HTVS_1-001_lib,CN(C(=O)c1ccc(Br)cc1)c1cc(NCc2cccc(C[NH+](C)C)c2)ccn1,CN(C(=O)c1ccc(Br)cc1)c1cc(NCc2cccc(C[NH+](C)C)c2)ccn1,O=C(Nc1cc(NCc2ccccc2)ccn1)c1ccccc1,C23H26BrN4O+,1.0,29.0,55.0,1.0,c72f3a0c23aff2e81988f2578e31f9d18bf56b38470e60f9a6a859b2086265c5,-4.87086214172474,-60.1353193774246,-0.16796076350775,3,3,3,matched,complete
ATP-HTVS-4042CFA848C2,91587,rxn512b____EMOL44815102____EMOL44846536____EMOL50155899,91587-4,1313,运行/运行/ATP-VSW/ATP-VSW-DOCK_HTVS_1-003_lib/ATP-VSW-DOCK_HTVS_1-003_lib.mae,C[C@H](NC(=O)c1cc(NCc2ccc(CN(C)C)cc2)c(Cl)s1)c1ccc(Cl)cc1,CC(NC(=O)c1cc(NCc2ccc(CN(C)C)cc2)c(Cl)s1)c1ccc(Cl)cc1,O=C(NCc1ccccc1)c1cc(NCc2ccccc2)cs1,C23H25Cl2N3OS,0.0,30.0,55.0,1.0,5d879eb73d3d713177f3bb9f09e5a70913eda71d55cfeb79b91dd29be8585a06,-1.47067840689923,-40.945348474369,-0.0490226135633076,1,1,1,matched,complete
ATP-HTVS-404DE520584C,71713,rxn502b____EMOL908292____EMOL30488121____EMOL2873214,71713-1,153,运行/运行/ATP-VSW/ATP-VSW-DOCK_HTVS_1-001_lib/ATP-VSW-DOCK_HTVS_1-001_lib,C[NH+](C)Cc1cccc(CNc2c(NC(=O)c3cccc(F)c3Cl)c[nH+]c3ccccc23)c1,C[NH+](C)Cc1cccc(CNc2c(NC(=O)c3cccc(F)c3Cl)c[nH+]c3ccccc23)c1,O=C(Nc1c[nH+]c2ccccc2c1NCc1ccccc1)c1ccccc1,C26H26ClFN4O+2,2.0,33.0,59.0,1.0,fdadb9ae2be4b8fb7f7270ee5272ad1142832460ac6c55000cd714608b6c1a88,-4.78069389832173,-59.8261137643325,-0.144869512070356,2,2,2,matched,complete
ATP-HTVS-40806E2DA49D,71074,rxn502c____EMOL478180____EMOL29936549____EMOL2873068,71074-1,636,运行/运行/ATP-VSW/ATP-VSW-DOCK_HTVS_1-002_lib.maegz,C[NH+](C)Cc1ccc(Nc2cnc(NC(=O)c3ccccc3)c3ccccc23)cc1,C[NH+](C)Cc1ccc(Nc2cnc(NC(=O)c3ccccc3)c3ccccc23)cc1,O=C(Nc1ncc(Nc2ccccc2)c2ccccc12)c1ccccc1,C25H25N4O+,1.0,30.0,55.0,1.0,280b26581d1965330aef9108e97aaefa3c14a6e1cbab8d7a54165d40311edb64,-3.48778814053638,-46.4799174318863,-0.116259604684546,2,2,2,matched,complete
ATP-HTVS-40CB5FD4F4D8,94114,rxn502a____EMOL480289____EMOL44468894____EMOL2873214,94114-1,163,运行/运行/ATP-VSW/ATP-VSW-DOCK_HTVS_1-003_lib/ATP-VSW-DOCK_HTVS_1-003_lib.mae,C[NH+](C)Cc1cccc(CNc2ccc(NC(=O)c3ccc(F)cc3)nc2F)c1,C[NH+](C)Cc1cccc(CNc2ccc(NC(=O)c3ccc(F)cc3)nc2F)c1,O=C(Nc1ccc(NCc2ccccc2)cn1)c1ccccc1,C22H23F2N4O+,1.0,29.0,52.0,1.0,df4a2fc32ea96f1b0ea68d1d3384a09d7ca76721254f1b9ecb76f890a8504aa2,-4.82706740620175,-54.7452486159382,-0.166450600213853,2,2,2,matched,complete
ATP-HTVS-40E764CABCB1,58370,m_66bab____89518____10970556,58370-1,346,运行/运行/ATP-VSW/ATP-VSW-DOCK_HTVS_1-002_lib.maegz,O=C1c2ccccc2N[C@@H](c2ccc(Cl)cc2)N1Cc1ccccc1,O=C1c2ccccc2NC(c2ccc(Cl)cc2)N1Cc1ccccc1,O=C1c2ccccc2NC(c2ccccc2)N1Cc1ccccc1,C21H17ClN2O,0.0,25.0,42.0,1.0,4bd6838f84996d5e50e2e0acfd83b49b3b967b0074bcb3670c11c1af6acdfe6e,-4.26714661104976,-42.7504481163411,-0.17068586444199,2,2,2,matched,complete
ATP-HTVS-410A75CF1522,26210,m_282030aaa____21926464____22360182____21953206,26210-1,144,运行/运行/ATP-VSW/ATP-VSW-DOCK_HTVS_1-002_lib.maegz,C[NH+](C)Cc1ccc(CCNc2nc(NCc3ccc(CO)cc3)[nH+]c3ccccc23)cc1,C[NH+](C)Cc1ccc(CCNc2nc(NCc3ccc(CO)cc3)[nH+]c3ccccc23)cc1,c1ccc(CCNc2nc(NCc3ccccc3)[nH+]c3ccccc23)cc1,C27H33N5O+2,2.0,33.0,66.0,1.0,b04079af0d082e92d9f75a794c762d5af7ecbdb15565de5f2252957673ca8577,-4.92172580803418,-63.7327214914981,-0.149143206304066,2,2,2,matched,complete
ATP-HTVS-41202D3CA1C8,23139,m_270004bbb____8288884____7548986,23139-1,56,运行/运行/ATP-VSW/ATP-VSW-DOCK_HTVS_1-003_lib/ATP-VSW-DOCK_HTVS_1-003_lib.mae,Cc1ccc(OCc2nc(C[NH2+]Cc3ccc(C[NH+](C)C)cc3)cs2)cc1,Cc1ccc(OCc2nc(C[NH2+]Cc3ccc(C[NH+](C)C)cc3)cs2)cc1,c1ccc(C[NH2+]Cc2csc(COc3ccccc3)n2)cc1,C22H29N3OS+2,2.0,27.0,56.0,1.0,f61283786beabc4ee571aaa7f6d97d98bfbae29bdc48923134ac685bb566606f,-5.44286236205763,-69.6742387620427,-0.201587494891023,4,4,4,matched,complete
ATP-HTVS-4128F66E5F96,34562,m_282030aaa____21892664____22360182____21940090,34562-4,1268,运行/运行/ATP-VSW/ATP-VSW-DOCK_HTVS_1-002_lib.maegz,C[C@H](Nc1nc(NCc2cccc(CN(C)C)c2)c2ccccc2[nH+]1)c1cccc(F)c1F,CC(Nc1nc(NCc2cccc(CN(C)C)c2)c2ccccc2[nH+]1)c1cccc(F)c1F,c1ccc(CNc2nc(NCc3ccccc3)c3ccccc3[nH+]2)cc1,C26H28F2N5+,1.0,33.0,61.0,1.0,3a405895010dc6ed729d228b5b5fc11fd16e391b434947acd12e14963f8edfdb,-1.59177629781537,-43.2404808320695,-0.0482356453883446,1,1,1,matched,complete
ATP-HTVS-418CD17BC8B0,70595,rxn502b____EMOL49828490____EMOL44466703____EMOL2873214,70595-2,1153,运行/运行/ATP-VSW/ATP-VSW-DOCK_HTVS_1-003_lib/ATP-VSW-DOCK_HTVS_1-003_lib.mae,CN(C)Cc1cccc(CNc2cc3ccccc3nc2NC(=O)c2ccccc2[S-])c1,CN(C)Cc1cccc(CNc2cc3ccccc3nc2NC(=O)c2ccccc2[S-])c1,O=C(Nc1nc2ccccc2cc1NCc1ccccc1)c1ccccc1,C26H25N4OS-,-1.0,32.0,57.0,1.0,6ba0ee770f50776fc091f223b602702180f60b1a56995e0df3515c7c99654867,-2.01145088281975,-43.3785977782049,-0.0628578400881173,1,1,1,matched,complete
ATP-HTVS-41A031E7C6D2,27299,m_282030aaa____21931854____22360182____21940090,27299-2,268,运行/运行/ATP-VSW/ATP-VSW-DOCK_HTVS_1-003_lib/ATP-VSW-DOCK_HTVS_1-003_lib.mae,C[C@H](Nc1nc(NCc2cccc(C[NH+](C)C)c2)c2ccccc2[nH+]1)c1ccccc1F,CC(Nc1nc(NCc2cccc(C[NH+](C)C)c2)c2ccccc2[nH+]1)c1ccccc1F,c1ccc(CNc2nc(NCc3ccccc3)c3ccccc3[nH+]2)cc1,C26H30FN5+2,2.0,32.0,62.0,1.0,e325a1ca837dbc63bc6620ff4d822874886f979ea84aec550509adb4fe6c073c,-4.44995463980795,-54.2596500787755,-0.139061082493998,2,2,2,matched,complete
ATP-HTVS-41C13ED6AFFD,83554,rxn207____EMOL44467252____EMOL50155899,83554-2,38,运行/运行/ATP-VSW/ATP-VSW-DOCK_HTVS_1-002_lib.maegz,COc1ccc(Cn2cc([C@H](C)[NH2+]Cc3ccc(C[NH+](C)C)cc3)nn2)cc1,COc1ccc(Cn2cc(C(C)[NH2+]Cc3ccc(C[NH+](C)C)cc3)nn2)cc1,c1ccc(C[NH2+]Cc2cn(Cc3ccccc3)nn2)cc1,C22H31N5O+2,2.0,28.0,59.0,1.0,96e79f064889944c33099d245a2ef098a4901612b11a0c48c4223e65578c242e,-5.73485067766242,-71.2404362574258,-0.204816095630801,8,8,8,matched,complete
ATP-HTVS-41DBD56D77D4,56386,m_66bab____89515____9985196,56386-1,696,运行/运行/ATP-VSW/ATP-VSW-DOCK_HTVS_1-002_lib.maegz,Cc1ccc(CN2C(=O)c3ccccc3N[C@H]2c2cccc(I)c2)cc1,Cc1ccc(CN2C(=O)c3ccccc3NC2c2cccc(I)c2)cc1,O=C1c2ccccc2NC(c2ccccc2)N1Cc1ccccc1,C22H19IN2O,0.0,26.0,45.0,1.0,b83ac38fed591f1708b6e3e5af23b80524ce39b38fd4903c190a2db8458e1f84,-3.30626984612687,-40.5778446827316,-0.127164224851034,1,1,1,matched,complete
ATP-HTVS-41DE369552E3,91201,rxn503b____EMOL478035____EMOL30488121____EMOL1468452,91201-7,392,运行/运行/ATP-VSW/ATP-VSW-DOCK_HTVS_1-001_lib/ATP-VSW-DOCK_HTVS_1-001_lib,C[C@@H]([NH2+]CC#Cc1c(NC(=O)c2ccccc2O)cnc2ccccc12)c1ccccc1,CC([NH2+]CC#Cc1c(NC(=O)c2ccccc2O)cnc2ccccc12)c1ccccc1,O=C(Nc1cnc2ccccc2c1C#CC[NH2+]Cc1ccccc1)c1ccccc1,C27H24N3O2+,1.0,32.0,56.0,1.0,3708bfba2c6271fe063dccb50aa7b37e828f8da8a341298b10f7f973348f3181,-4.07355133035679,-63.8451325614801,-0.12729847907365,4,4,4,matched,complete
ATP-HTVS-41DF5C276515,95649,rxn502b____EMOL518529____EMOL30488121____EMOL712348,95649-1,604,运行/运行/ATP-VSW/ATP-VSW-DOCK_HTVS_1-001_lib/ATP-VSW-DOCK_HTVS_1-001_lib,COc1cc(CC(=O)Nc2cnc3ccccc3c2N(CC#N)c2ccccc2)ccc1O,COc1cc(CC(=O)Nc2cnc3ccccc3c2N(CC#N)c2ccccc2)ccc1O,O=C(Cc1ccccc1)Nc1cnc2ccccc2c1Nc1ccccc1,C26H22N4O3,0.0,33.0,55.0,1.0,dbe56d6d1cf9d5eba4505eaf62d482c572e392a762d8c34d47ac7e87a71d424c,-3.55185647299314,-42.3868348583919,-0.107632014333126,2,2,2,matched,complete
ATP-HTVS-41EB9DEAB7C9,91683,rxn512c____EMOL530647____EMOL523944____EMOL906257,91683-2,9,运行/运行/ATP-VSW/ATP-VSW-DOCK_HTVS_1-003_lib/ATP-VSW-DOCK_HTVS_1-003_lib.mae,N#C[C@@H](Nc1c(C(=O)N(CC[NH3+])c2ccccc2)sc2ccccc12)c1ccc(F)cc1,N#CC(Nc1c(C(=O)N(CC[NH3+])c2ccccc2)sc2ccccc12)c1ccc(F)cc1,O=C(Nc1ccccc1)c1sc2ccccc2c1NCc1ccccc1,C25H22FN4OS+,1.0,32.0,54.0,1.0,d466c69f011508c4e3eaf8a9fce09d834be80b8e07415d0e60ee78bd18d7db95,-6.00527091150475,-64.870083424457,-0.187664715984523,2,2,2,matched,complete
ATP-HTVS-420A833C3906,29570,m_270004bda____24170338____7548896,29570-2,1286,运行/运行/ATP-VSW/ATP-VSW-DOCK_HTVS_1-002_lib.maegz,O=C1CN(Cc2cccc(F)c2F)[C@@H](c2ccccc2)c2ccccc2N1,O=C1CN(Cc2cccc(F)c2F)C(c2ccccc2)c2ccccc2N1,O=C1CN(Cc2ccccc2)C(c2ccccc2)c2ccccc2N1,C22H18F2N2O,0.0,27.0,45.0,1.0,162ba6d0225ff6cdf73cc153ac995241664e5199c96ff057616ba1c2fea9fad1,-1.52740875756109,-36.2506197730485,-0.0565706947244847,2,2,2,matched,complete
ATP-HTVS-425F81D77C05,85634,rxn502b____EMOL18624763____EMOL44466703____EMOL2859841,85634-1,217,运行/运行/ATP-VSW/ATP-VSW-DOCK_HTVS_1-002_lib.maegz,C[NH+](C)Cc1ccc(C(=O)Nc2nc3ccccc3cc2N(CC(=O)NN)c2ccc(F)cc2)cc1,C[NH+](C)Cc1ccc(C(=O)Nc2nc3ccccc3cc2N(CC(=O)NN)c2ccc(F)cc2)cc1,O=C(Nc1nc2ccccc2cc1Nc1ccccc1)c1ccccc1,C27H28FN6O2+,1.0,36.0,64.0,1.0,7517e7d345d06b107b2a2e1b177b1f9789f10d04f286d545ecc0da8888541f3d,-4.60340827905249,-61.7147888212144,-0.127872452195903,2,2,2,matched,complete
ATP-HTVS-429B4D57A2D0,56417,m_2708bba____6009228____6950696,56417-1,450,运行/运行/ATP-VSW/ATP-VSW-DOCK_HTVS_1-001_lib/ATP-VSW-DOCK_HTVS_1-001_lib,COc1cc(CNC(=O)NCc2cccc(NC(C)C)c2)c2ccccc2n1,COc1cc(CNC(=O)NCc2cccc(NC(C)C)c2)c2ccccc2n1,O=C(NCc1ccccc1)NCc1ccnc2ccccc12,C22H26N4O2,0.0,28.0,54.0,1.0,f60ffda20350b40d4e7053f99c46657af7a2aa91881aa3f67a46b25026a432b1,-3.93352685457372,-45.7591490499298,-0.140483101949061,2,2,2,matched,complete
ATP-HTVS-42E232F3C181,95425,rxn502a____EMOL43450422____EMOL43618924____EMOL2873214,95425-1,495,运行/运行/ATP-VSW/ATP-VSW-DOCK_HTVS_1-001_lib/ATP-VSW-DOCK_HTVS_1-001_lib,C#Cc1ccccc1C(=O)N(C)c1ccc(NCc2cccc(C[NH+](C)C)c2)cn1,C#Cc1ccccc1C(=O)N(C)c1ccc(NCc2cccc(C[NH+](C)C)c2)cn1,O=C(Nc1ccc(NCc2ccccc2)cn1)c1ccccc1,C25H27N4O+,1.0,30.0,57.0,1.0,15e6d218564696faac516b1abf9ad2e6436231fee509e73c88105b65856f1541,-3.81884371568142,-45.5478974689827,-0.127294790522714,2,2,2,matched,complete
ATP-HTVS-4313C7EF8265,78307,rxn512b____EMOL31412115____EMOL44846536____EMOL50155899,78307-1,246,运行/运行/ATP-VSW/ATP-VSW-DOCK_HTVS_1-003_lib/ATP-VSW-DOCK_HTVS_1-003_lib.mae,CN(C(=O)c1cc(NCc2ccc(C[NH+](C)C)cc2)c(Cl)s1)c1cccc(C#N)c1,CN(C(=O)c1cc(NCc2ccc(C[NH+](C)C)cc2)c(Cl)s1)c1cccc(C#N)c1,O=C(Nc1ccccc1)c1cc(NCc2ccccc2)cs1,C23H24ClN4OS+,1.0,30.0,54.0,1.0,e7e2f8adc5f91b7ea51eefaac5975cd9588add74257d35dccec713db7d753c7c,-4.51531622944651,-54.5943622284829,-0.15051054098155,2,2,2,matched,complete
ATP-HTVS-43145D4CE45B,93187,rxn502a____EMOL882167____EMOL43618924____EMOL50155899,93187-1,214,运行/运行/ATP-VSW/ATP-VSW-DOCK_HTVS_1-003_lib/ATP-VSW-DOCK_HTVS_1-003_lib.mae,CN(C(=O)C(C)(C)c1ccccc1)c1ccc(NCc2ccc(C[NH+](C)C)cc2)cn1,CN(C(=O)C(C)(C)c1ccccc1)c1ccc(NCc2ccc(C[NH+](C)C)cc2)cn1,O=C(Cc1ccccc1)Nc1ccc(NCc2ccccc2)cn1,C26H33N4O+,1.0,31.0,64.0,1.0,f63aaab31d3004b5539976437f46037c8ad0a05dbe4965b80ad6c86d63cbd8b2,-4.60812034415477,-44.9772042879175,-0.148649043359831,3,3,3,matched,complete
ATP-HTVS-4322FF013EE1,94306,rxn502b____EMOL1542108____EMOL13728749____EMOL36822768,94306-1,369,运行/运行/ATP-VSW/ATP-VSW-DOCK_HTVS_1-003_lib/ATP-VSW-DOCK_HTVS_1-003_lib.mae,C[NH+](C)CCOc1ccccc1C(=O)Nc1c(N(C#N)c2ccccc2)cnc2ccccc12,C[NH+](C)CCOc1ccccc1C(=O)Nc1c(N(C#N)c2ccccc2)cnc2ccccc12,O=C(Nc1c(Nc2ccccc2)cnc2ccccc12)c1ccccc1,C27H26N5O2+,1.0,34.0,60.0,1.0,dee45aaf50f1e28eb487177cad7d8f9396a61cdc37806597b32e936cafc7cc86,-4.13092325497253,-50.7937490523073,-0.12149774279331,2,2,2,matched,complete
ATP-HTVS-433854F3CEDF,69123,rxn502b____EMOL480530____EMOL13728749____EMOL2873214,69123-1,180,运行/运行/ATP-VSW/ATP-VSW-DOCK_HTVS_1-003_lib/ATP-VSW-DOCK_HTVS_1-003_lib.mae,C[NH+](C)Cc1cccc(CNc2cnc3ccccc3c2NC(=O)[C@H](Cl)c2ccccc2)c1,C[NH+](C)Cc1cccc(CNc2cnc3ccccc3c2NC(=O)C(Cl)c2ccccc2)c1,O=C(Cc1ccccc1)Nc1c(NCc2ccccc2)cnc2ccccc12,C27H28ClN4O+,1.0,33.0,61.0,1.0,b52f031ab782293d521aa66089b39e5cb6abc13ab4253bd13790a4117395c407,-4.75281141532495,-61.3691891737065,-0.14402458834318,4,4,4,matched,complete
ATP-HTVS-4340E5ABA707,45635,m_44daa____12219686____9164678,45635-1,64,运行/运行/ATP-VSW/ATP-VSW-DOCK_HTVS_1-003_lib/ATP-VSW-DOCK_HTVS_1-003_lib.mae,C[C@@H]([NH2+]C[C@H]1c2ccccc2C(=O)N1Cc1ccccc1)c1cccc(C#N)c1,CC([NH2+]CC1c2ccccc2C(=O)N1Cc1ccccc1)c1cccc(C#N)c1,O=C1c2ccccc2C(C[NH2+]Cc2ccccc2)N1Cc1ccccc1,C25H24N3O+,1.0,29.0,53.0,1.0,3eb85ac33a88bbae1970b9064eafdf7d9c5a80de1aa97203c7e66bc26a6b435d,-5.37424942440475,-58.0407617503412,-0.185318945669129,8,8,8,matched,complete
ATP-HTVS-4382948120BD,74115,rxn502c____EMOL492224____EMOL44472687____EMOL50155899,74115-1,149,运行/运行/ATP-VSW/ATP-VSW-DOCK_HTVS_1-003_lib/ATP-VSW-DOCK_HTVS_1-003_lib.mae,CC(=O)c1cccc(C(=O)Nc2c[nH+]c3ccccc3c2NCc2ccc(C[NH+](C)C)cc2)c1,CC(=O)c1cccc(C(=O)Nc2c[nH+]c3ccccc3c2NCc2ccc(C[NH+](C)C)cc2)c1,O=C(Nc1c[nH+]c2ccccc2c1NCc1ccccc1)c1ccccc1,C28H30N4O2+2,2.0,34.0,64.0,1.0,95993c01722d0fd148c831413e3cf00a7b354810f29879a8943a5a48d7619eb3,-4.87880406948413,-61.0256946196544,-0.143494237337769,3,3,3,matched,complete
ATP-HTVS-43D1BB82511C,88481,rxn502b____EMOL5849923____EMOL30488121____EMOL24630243,88481-1,36,运行/运行/ATP-VSW/ATP-VSW-DOCK_HTVS_1-001_lib/ATP-VSW-DOCK_HTVS_1-001_lib,CN(c1c(NC(=O)c2cccc(C[NH+]3CCCC3)c2)c[nH+]c2ccccc12)[C@@H](C#N)c1ccccc1,CN(c1c(NC(=O)c2cccc(C[NH+]3CCCC3)c2)c[nH+]c2ccccc12)C(C#N)c1ccccc1,O=C(Nc1c[nH+]c2ccccc2c1NCc1ccccc1)c1cccc(C[NH+]2CCCC2)c1,C30H31N5O+2,2.0,36.0,67.0,1.0,d33c5b47af3a5ebed7d108bd5f122c3e647eae4c2da3a823830b3bc5518ec0a1,-5.54449315498084,-76.6800236555195,-0.154013698749468,6,6,6,matched,complete
ATP-HTVS-43DC0EBD36ED,75233,rxn207____EMOL722295____EMOL2873214,75233-3,191,运行/运行/ATP-VSW/ATP-VSW-DOCK_HTVS_1-001_lib/ATP-VSW-DOCK_HTVS_1-001_lib,Cc1nc(-c2ccc(Cl)cc2)sc1[C@@H](C)NCc1cccc(C[NH+](C)C)c1,Cc1nc(-c2ccc(Cl)cc2)sc1C(C)NCc1cccc(C[NH+](C)C)c1,c1ccc(CNCc2cnc(-c3ccccc3)s2)cc1,C22H27ClN3S+,1.0,27.0,54.0,1.0,30d9a8036a7ee0bb12c68dc66aa71e2766430be1e685aedaa5aa0230b10c4b4e,-4.66778385561318,-55.9598519061139,-0.172880883541229,3,3,3,matched,complete
ATP-HTVS-43DEA6C9D172,31907,m_270004bbb____12219716____12296670,31907-1,60,运行/运行/ATP-VSW/ATP-VSW-DOCK_HTVS_1-003_lib/ATP-VSW-DOCK_HTVS_1-003_lib.mae,O=C1c2ccccc2[C@H](C[NH2+]Cc2cccc3c2NCCC3)N1Cc1ccccc1,O=C1c2ccccc2C(C[NH2+]Cc2cccc3c2NCCC3)N1Cc1ccccc1,O=C1c2ccccc2C(C[NH2+]Cc2cccc3c2NCCC3)N1Cc1ccccc1,C26H28N3O+,1.0,30.0,58.0,1.0,9e16a87628f6d8f83c3f96ccdf90451df4b6a91be079b723a25ec818ef9082f2,-5.40917104855102,-59.0968795765127,-0.180305701618367,4,4,4,matched,complete
ATP-HTVS-43E54E69D2FC,49761,m_2230bdc____14772912____666388,49761-2,1331,运行/运行/ATP-VSW/ATP-VSW-DOCK_HTVS_1-001_lib/ATP-VSW-DOCK_HTVS_1-001_lib,O=C1CN(Cc2ccc(F)cc2Cl)[C@H](c2ccccc2F)c2cc(Cl)ccc2N1,O=C1CN(Cc2ccc(F)cc2Cl)C(c2ccccc2F)c2cc(Cl)ccc2N1,O=C1CN(Cc2ccccc2)C(c2ccccc2)c2ccccc2N1,C22H16Cl2F2N2O,0.0,29.0,45.0,1.0,c2cecced7d360b97e1ba4a67246c28d85cc38c99478dc18c05bc190bae6e8d06,-1.47586439099717,-33.2876245176287,-0.0508918755516265,2,2,2,matched,complete
ATP-HTVS-440AFC8B752D,31650,m_270004bda____24171218____7548352,31650-2,1145,运行/运行/ATP-VSW/ATP-VSW-DOCK_HTVS_1-002_lib.maegz,C[NH+](C)CCOc1ccc(CN2CC(=O)Nc3ccc(Cl)cc3[C@H]2c2ccccc2F)cc1,C[NH+](C)CCOc1ccc(CN2CC(=O)Nc3ccc(Cl)cc3C2c2ccccc2F)cc1,O=C1CN(Cc2ccccc2)C(c2ccccc2)c2ccccc2N1,C26H28ClFN3O2+,1.0,33.0,61.0,1.0,290c67ce2aa94804e7e19c4ec1569d2a2fae8aa44e60c877346370c0057a21f4,-2.03160493086571,-42.6806759727562,-0.0615637857838093,4,4,4,matched,complete
ATP-HTVS-4415AB646F99,82497,rxn502b____EMOL18624763____EMOL45476013____EMOL300091282,82497-2,1152,运行/运行/ATP-VSW/ATP-VSW-DOCK_HTVS_1-001_lib/ATP-VSW-DOCK_HTVS_1-001_lib,CN(C)Cc1ccc(C(=O)NCc2ccc(N(CC#N)Cc3ccccc3)c3ccccc23)cc1,CN(C)Cc1ccc(C(=O)NCc2ccc(N(CC#N)Cc3ccccc3)c3ccccc23)cc1,O=C(NCc1ccc(NCc2ccccc2)c2ccccc12)c1ccccc1,C30H30N4O,0.0,35.0,65.0,1.0,d0e2524a78becf13a174e4c2ef90dfae24b2110718a042f22696932bcbbd8acc,-1.99049961236672,-46.02192868589,-0.0568714174961921,1,1,1,matched,complete
ATP-HTVS-4418320CDB75,92835,rxn502c____EMOL18624763____EMOL36251210____EMOL493827,92835-1,610,运行/运行/ATP-VSW/ATP-VSW-DOCK_HTVS_1-003_lib/ATP-VSW-DOCK_HTVS_1-003_lib.mae,C[NH+](C)Cc1ccc(C(=O)Nc2nccc(Nc3ccc(N)cc3)c2C(=O)c2ccccc2)cc1,C[NH+](C)Cc1ccc(C(=O)Nc2nccc(Nc3ccc(N)cc3)c2C(=O)c2ccccc2)cc1,O=C(Nc1nccc(Nc2ccccc2)c1C(=O)c1ccccc1)c1ccccc1,C28H28N5O2+,1.0,35.0,63.0,1.0,403d9a2e7bd07927bad316865e9d830efeed47643b47673b155b7f33e275fae6,-3.52108650206718,-50.4177500874403,-0.100602471487634,3,3,3,matched,complete
ATP-HTVS-442C36D59863,49602,m_270004bbb____21660890____8300602,49602-1,47,运行/运行/ATP-VSW/ATP-VSW-DOCK_HTVS_1-002_lib.maegz,C[NH+]1CCN(c2ccc(C[NH2+]CCc3nc4ccccc4n3-c3ccccc3)cc2)CC1,C[NH+]1CCN(c2ccc(C[NH2+]CCc3nc4ccccc4n3-c3ccccc3)cc2)CC1,c1ccc(-n2c(CC[NH2+]Cc3ccc(N4CC[NH2+]CC4)cc3)nc3ccccc32)cc1,C27H33N5+2,2.0,32.0,65.0,1.0,960b0c61adb899c0711df3682dd7b09a1d4d56e9ae3909e5b165b633615b7336,-5.63752501034488,-72.8266453918685,-0.176172656573278,1,1,1,matched,complete
ATP-HTVS-443BC3733DB7,97250,rxn503b____EMOL44596394____EMOL30488121____EMOL317509042,97250-2,505,运行/运行/ATP-VSW/ATP-VSW-DOCK_HTVS_1-003_lib/ATP-VSW-DOCK_HTVS_1-003_lib.mae,C[C@H](NCC#Cc1c(NC(=O)c2ccc(C#N)c(Cl)c2)cnc2ccccc12)c1cccc(F)c1,CC(NCC#Cc1c(NC(=O)c2ccc(C#N)c(Cl)c2)cnc2ccccc12)c1cccc(F)c1,O=C(Nc1cnc2ccccc2c1C#CCNCc1ccccc1)c1ccccc1,C28H20ClFN4O,0.0,35.0,55.0,1.0,aaf922ce65c670a2b01e3300fa5348387cddcbfa05c06aefcae63af8b8af3710,-3.79226143644072,-48.1337627087955,-0.108350326755449,2,2,2,matched,complete
ATP-HTVS-445D8195943B,74209,rxn502b____EMOL43478294____EMOL7515103____EMOL2873214,74209-1,801,运行/运行/ATP-VSW/ATP-VSW-DOCK_HTVS_1-001_lib/ATP-VSW-DOCK_HTVS_1-001_lib,CN(C)Cc1cccc(CNc2cnc(NC(=O)c3cc(F)ccc3C#N)c3ccccc23)c1,CN(C)Cc1cccc(CNc2cnc(NC(=O)c3cc(F)ccc3C#N)c3ccccc23)c1,O=C(Nc1ncc(NCc2ccccc2)c2ccccc12)c1ccccc1,C27H24FN5O,0.0,34.0,58.0,1.0,9db2790edf8696c7d076e98faefa7ab059ad2bf1a49f701b397c826a3bb14d22,-2.99892868060241,-45.2933762771318,-0.0882037847236003,1,1,1,matched,complete
ATP-HTVS-44A2C719C105,82307,rxn512b____EMOL17281285____EMOL10439745____EMOL2873214,82307-1,496,运行/运行/ATP-VSW/ATP-VSW-DOCK_HTVS_1-003_lib/ATP-VSW-DOCK_HTVS_1-003_lib.mae,CN(C(=O)c1cscc1NCc1cccc(C[NH+](C)C)c1)c1ccc(C#N)cc1,CN(C(=O)c1cscc1NCc1cccc(C[NH+](C)C)c1)c1ccc(C#N)cc1,O=C(Nc1ccccc1)c1cscc1NCc1ccccc1,C23H25N4OS+,1.0,29.0,54.0,1.0,f4886aa0354f0ac6350804829bb2789ea11fda120a8d244131077f21bb76ad01,-3.81365800673213,-50.4402083910959,-0.131505448508004,2,2,2,matched,complete
ATP-HTVS-44A5767B4738,74882,rxn502b____EMOL5415347____EMOL13728749____EMOL2866855,74882-2,1081,运行/运行/ATP-VSW/ATP-VSW-DOCK_HTVS_1-002_lib.maegz,CN(C)Cc1ccccc1C(=O)Nc1c(NCCSc2ccccc2)cnc2ccccc12,CN(C)Cc1ccccc1C(=O)Nc1c(NCCSc2ccccc2)cnc2ccccc12,O=C(Nc1c(NCCSc2ccccc2)cnc2ccccc12)c1ccccc1,C27H28N4OS,0.0,33.0,61.0,1.0,58b6015657b118adac5e714c1a7bafc371610d7f04ac5835cbc6a6ab4155291e,-2.23090589847899,-53.3838353375018,-0.0676032090448179,2,2,2,matched,complete
ATP-HTVS-44ACC7CEC3D6,83425,rxn512b____EMOL10352850____EMOL525138____EMOL2873214,83425-1,519,运行/运行/ATP-VSW/ATP-VSW-DOCK_HTVS_1-001_lib/ATP-VSW-DOCK_HTVS_1-001_lib,CN(C(=O)c1sccc1NCc1cccc(C[NH+](C)C)c1)c1ccc(Cl)cc1N,CN(C(=O)c1sccc1NCc1cccc(C[NH+](C)C)c1)c1ccc(Cl)cc1N,O=C(Nc1ccccc1)c1sccc1NCc1ccccc1,C22H26ClN4OS+,1.0,29.0,55.0,1.0,c5d52e0fa8e99920f61e9ec7ae7a14d115b426ad8b66f4cc2c9aef47018ec81f,-3.77799119400494,-49.6804968914337,-0.130275558413963,2,2,2,matched,complete
ATP-HTVS-44DE29768EEE,17571,a2____240755____48395,17571-1,30,运行/运行/ATP-VSW/ATP-VSW-DOCK_HTVS_1-003_lib/ATP-VSW-DOCK_HTVS_1-003_lib.mae,Oc1ccc([C@@H](O)CNc2nc(-c3ccccc3)c3ccccc3n2)cc1,Oc1ccc(C(O)CNc2nc(-c3ccccc3)c3ccccc3n2)cc1,c1ccc(CCNc2nc(-c3ccccc3)c3ccccc3n2)cc1,C22H19N3O2,0.0,27.0,46.0,1.0,87b5ef0e9cc3895dcf291138dc091697afe13670ddd563acfe169411feecd059,-5.67669422905585,-44.0287756829473,-0.210247934409476,4,4,4,matched,complete
ATP-HTVS-4503BC70E7F0,38561,m_270004bbb____21531152____24720860,38561-4,114,运行/运行/ATP-VSW/ATP-VSW-DOCK_HTVS_1-001_lib/ATP-VSW-DOCK_HTVS_1-001_lib,Cc1ccc(F)c([C@H](O)C[NH2+]Cc2nc3ccccc3n2Cc2ccccc2)c1,Cc1ccc(F)c(C(O)C[NH2+]Cc2nc3ccccc3n2Cc2ccccc2)c1,c1ccc(CC[NH2+]Cc2nc3ccccc3n2Cc2ccccc2)cc1,C24H25FN3O+,1.0,29.0,54.0,1.0,d96670f2e982e5dc796d15328b5d71f75424088027ab1314d5e7142af6ac3ae9,-4.93238473626858,-61.7307907732962,-0.170082232285124,6,6,6,matched,complete
ATP-HTVS-450A55DE989E,48930,m_282030aaa____21928180____22360182____21960652,48930-6,1427,运行/运行/ATP-VSW/ATP-VSW-DOCK_HTVS_1-002_lib.maegz,CC(C)Nc1cccc(CNc2nc(N[C@@H](C)c3ccc(C#N)cc3)nc3ccccc23)c1,CC(C)Nc1cccc(CNc2nc(NC(C)c3ccc(C#N)cc3)nc3ccccc23)c1,c1ccc(CNc2nc(NCc3ccccc3)c3ccccc3n2)cc1,C27H28N6,0.0,33.0,61.0,1.0,1397c417cb9ce410b3a8a6dd84fc59045ded33e658cb1f9ca48dfb3ea27a9f33,-0.485217582185325,-36.8276576233691,-0.014703563096525,1,1,1,matched,complete
ATP-HTVS-458F3EB1794A,20674,Shen____49239300____722046____40180766,20674-1,46,运行/运行/ATP-VSW/ATP-VSW-DOCK_HTVS_1-002_lib.maegz,C[C@](N)(C(=O)n1nc(-c2ccc(F)c(F)c2)cc1CC[NH2+]Cc1ccccc1)c1ccccc1,CC(N)(C(=O)n1nc(-c2ccc(F)c(F)c2)cc1CC[NH2+]Cc1ccccc1)c1ccccc1,O=C(Cc1ccccc1)n1nc(-c2ccccc2)cc1CC[NH2+]Cc1ccccc1,C27H27F2N4O+,1.0,34.0,61.0,1.0,5da8dfb2781d5b69aee195fc321cacdcdcc75e5251312afa7c4ef13c441430f5,-5.66081942024154,-60.4130313550102,-0.166494688830634,3,3,3,matched,complete
ATP-HTVS-45908092458F,47809,m_282030aaa____21926464____23157418____21963750,47809-1,204,运行/运行/ATP-VSW/ATP-VSW-DOCK_HTVS_1-001_lib/ATP-VSW-DOCK_HTVS_1-001_lib,C[NH+](C)Cc1ccc(CCNc2nc3ccccc3nc2NCC(=O)NCc2ccccc2)cc1,C[NH+](C)Cc1ccc(CCNc2nc3ccccc3nc2NCC(=O)NCc2ccccc2)cc1,O=C(CNc1nc2ccccc2nc1NCCc1ccccc1)NCc1ccccc1,C28H33N6O+,1.0,35.0,68.0,1.0,fef1c72750ee7772c135cb8e7c5b565c2220fd970310590f5205e986a62f69d5,-4.61060269011311,-57.8112094253082,-0.131731505431803,2,2,2,matched,complete
ATP-HTVS-459B7E30FD80,76673,rxn512c____EMOL476551____EMOL523944____EMOL2873214,76673-1,211,运行/运行/ATP-VSW/ATP-VSW-DOCK_HTVS_1-001_lib/ATP-VSW-DOCK_HTVS_1-001_lib,C[NH+](C)Cc1cccc(CNc2c(C(=O)Nc3ccc(C#N)cc3)sc3ccccc23)c1,C[NH+](C)Cc1cccc(CNc2c(C(=O)Nc3ccc(C#N)cc3)sc3ccccc23)c1,O=C(Nc1ccccc1)c1sc2ccccc2c1NCc1ccccc1,C26H25N4OS+,1.0,32.0,57.0,1.0,d14fd83d42d8ce8103f67529288049492364f899a07a3622ba8a75e209a0a422,-4.59371584733431,-60.7881003260564,-0.143553620229197,2,2,2,matched,complete
ATP-HTVS-45A004EDB829,35234,m_2230bbb____8627194____7471132,35234-2,48,运行/运行/ATP-VSW/ATP-VSW-DOCK_HTVS_1-002_lib.maegz,OC[C@@H]([NH2+]Cc1nc2ccccc2c(-c2ccccc2)c1Cl)c1ccccc1F,OCC([NH2+]Cc1nc2ccccc2c(-c2ccccc2)c1Cl)c1ccccc1F,c1ccc(C[NH2+]Cc2cc(-c3ccccc3)c3ccccc3n2)cc1,C24H21ClFN2O+,1.0,29.0,50.0,1.0,dade62f82e988f5519a7411f76fd7d502ff6e1b3a7f266594fd8df5b852b0a13,-5.63462685379644,-62.9329991873774,-0.194297477717119,3,3,3,matched,complete
ATP-HTVS-45C9FDCE5200,67554,m_22bbe____21011074____24596716,67554-1,169,运行/运行/ATP-VSW/ATP-VSW-DOCK_HTVS_1-002_lib.maegz,C[NH+](C)CCc1cccc(NC(=O)c2cc(-c3cccnc3)nc3ccccc23)c1,C[NH+](C)CCc1cccc(NC(=O)c2cc(-c3cccnc3)nc3ccccc23)c1,O=C(Nc1ccccc1)c1cc(-c2cccnc2)nc2ccccc12,C25H25N4O+,1.0,30.0,55.0,1.0,761bae981b6ab3f550f41c7ffeb8a72fc5fe8f3963bf4d147510c866df77c5c1,-4.79069052465564,-55.6425218259484,-0.159689684155188,1,1,1,matched,complete
ATP-HTVS-45EC04A30F13,45571,m_270004bca____10206040____7547108,45571-3,891,运行/运行/ATP-VSW/ATP-VSW-DOCK_HTVS_1-003_lib/ATP-VSW-DOCK_HTVS_1-003_lib.mae,COc1ccc(CN(C)Cc2ccc(C[NH+](C)C)cc2)cc1OCc1ccccc1,COc1ccc(CN(C)Cc2ccc(C[NH+](C)C)cc2)cc1OCc1ccccc1,c1ccc(CNCc2cccc(OCc3ccccc3)c2)cc1,C26H33N2O2+,1.0,30.0,63.0,1.0,c409d68115f537c88e3a1ffcc1bc0f83465b37a1e370a4c4d4e56894ac0c563e,-2.71323008229637,-47.7911999534366,-0.0904410027432123,1,1,1,matched,complete
ATP-HTVS-461088EC3581,13442,a4____33703____58185,13442-3,993,运行/运行/ATP-VSW/ATP-VSW-DOCK_HTVS_1-002_lib.maegz,COc1cccc(CN[C@H](C)c2cc3cccc(Cl)c3c(=O)n2-c2ccccc2)c1,COc1cccc(CNC(C)c2cc3cccc(Cl)c3c(=O)n2-c2ccccc2)c1,O=c1c2ccccc2cc(CNCc2ccccc2)n1-c1ccccc1,C25H23ClN2O2,0.0,30.0,53.0,1.0,7e41de4064ab44e8a52813923edc9e13fc0afe36d200b4bf3c8346ff72a74231,-2.44915932591984,-40.5978917579968,-0.081638644197328,1,1,1,matched,complete
ATP-HTVS-4630C8488F7C,77025,rxn502b____EMOL50253349____EMOL13728749____EMOL2873214,77025-1,293,运行/运行/ATP-VSW/ATP-VSW-DOCK_HTVS_1-001_lib/ATP-VSW-DOCK_HTVS_1-001_lib,Cc1ccc(C(=O)Nc2c(NCc3cccc(C[NH+](C)C)c3)cnc3ccccc23)cc1[S-],Cc1ccc(C(=O)Nc2c(NCc3cccc(C[NH+](C)C)c3)cnc3ccccc23)cc1[S-],O=C(Nc1c(NCc2ccccc2)cnc2ccccc12)c1ccccc1,C27H28N4OS,0.0,33.0,61.0,1.0,eb80efe245c26491bab383d18691a1a84aaf50112a901dff6b95175ff96044a9,-4.36397363292611,-54.6223748982855,-0.132241625240185,4,4,4,matched,complete
ATP-HTVS-464A50F6807A,88514,rxn502b____EMOL521529____EMOL7515103____EMOL36822768,88514-1,410,运行/运行/ATP-VSW/ATP-VSW-DOCK_HTVS_1-002_lib.maegz,N#CN(c1ccccc1)c1cnc(NC(=O)Cc2ccc(O)cc2)c2ccccc12,N#CN(c1ccccc1)c1cnc(NC(=O)Cc2ccc(O)cc2)c2ccccc12,O=C(Cc1ccccc1)Nc1ncc(Nc2ccccc2)c2ccccc12,C24H18N4O2,0.0,30.0,48.0,1.0,7c4f9e4069528ecb2d4fb04e57af378bb7e4af3499db1dd02fd48a6f60899836,-4.0729361307378,-50.8585906180499,-0.13576453769126,1,1,1,matched,complete
ATP-HTVS-464DF81034BD,92994,rxn512c____EMOL511441____EMOL44845843____EMOL2873214,92994-1,26,运行/运行/ATP-VSW/ATP-VSW-DOCK_HTVS_1-002_lib.maegz,C[NH+](C)Cc1cccc(CNc2c(C(=O)Nc3cccc(F)c3)sc3ncccc23)c1,C[NH+](C)Cc1cccc(CNc2c(C(=O)Nc3cccc(F)c3)sc3ncccc23)c1,O=C(Nc1ccccc1)c1sc2ncccc2c1NCc1ccccc1,C24H24FN4OS+,1.0,31.0,55.0,1.0,63003c4a438beb57f2e7dc1c053453d0ebc03c72a2bf14e47807db632fa702e7,-5.9427851521281,-69.3848093734606,-0.191702746842842,2,2,2,matched,complete
ATP-HTVS-4697491C32F9,77698,rxn502b____EMOL3801098____EMOL30488121____EMOL2868412,77698-1,353,运行/运行/ATP-VSW/ATP-VSW-DOCK_HTVS_1-002_lib.maegz,CC[NH+](CC)Cc1ccc(CNc2c(NC(=O)Cc3ccccc3C#N)c[nH+]c3ccccc23)cc1,CC[NH+](CC)Cc1ccc(CNc2c(NC(=O)Cc3ccccc3C#N)c[nH+]c3ccccc23)cc1,O=C(Cc1ccccc1)Nc1c[nH+]c2ccccc2c1NCc1ccccc1,C30H33N5O+2,2.0,36.0,69.0,1.0,349b533536cacea553af598c96d915d1b79b58e89dbf4f22d8b4a1b6f5a3fa21,-4.2474975969623,-60.9082787404004,-0.117986044360064,3,3,3,matched,complete
ATP-HTVS-4697A006B393,56194,m_11dba____625054____140639,56194-2,427,运行/运行/ATP-VSW/ATP-VSW-DOCK_HTVS_1-002_lib.maegz,C[NH+](C)Cc1cccc(NC(=O)Cn2c(Cc3ccccc3)[nH+]c3ccccc32)c1,C[NH+](C)Cc1cccc(NC(=O)Cn2c(Cc3ccccc3)[nH+]c3ccccc32)c1,O=C(Cn1c(Cc2ccccc2)[nH+]c2ccccc21)Nc1ccccc1,C25H28N4O+2,2.0,30.0,58.0,1.0,69a800759964d82d9dbb58b8c8858cbc41388bf5e51a1b097baaa7827dda6619,-4.02395167822352,-68.5309056484236,-0.134131722607451,2,2,2,matched,complete
ATP-HTVS-469EEFA86A0D,60513,m_270004bbb____24794128____24721958,60513-1,80,运行/运行/ATP-VSW/ATP-VSW-DOCK_HTVS_1-001_lib/ATP-VSW-DOCK_HTVS_1-001_lib,CC(C)Nc1ccccc1C[NH2+]C[C@@H](O)Cn1ccc2ccccc2c1=O,CC(C)Nc1ccccc1C[NH2+]CC(O)Cn1ccc2ccccc2c1=O,O=c1c2ccccc2ccn1CCC[NH2+]Cc1ccccc1,C22H28N3O2+,1.0,27.0,55.0,1.0,220f83aafea828c77daa11ffe6221195ea30a3d449940d7c4a64546be9aa31da,-5.1114067324417,-56.308568796597,-0.189311360460804,2,2,2,matched,complete
ATP-HTVS-46A91AAE2D1D,82529,rxn207____EMOL908924____EMOL6185419,82529-2,1372,运行/运行/ATP-VSW/ATP-VSW-DOCK_HTVS_1-001_lib/ATP-VSW-DOCK_HTVS_1-001_lib,Cc1ccc(F)c([C@H](C)N2CC(=O)Nc3ccccc3[C@H]2c2ccccc2)c1F,Cc1ccc(F)c(C(C)N2CC(=O)Nc3ccccc3C2c2ccccc2)c1F,O=C1CN(Cc2ccccc2)C(c2ccccc2)c2ccccc2N1,C24H22F2N2O,0.0,29.0,51.0,1.0,68cd224c47eefad1a0e9a405b7c0a8d5f387b85f715efeff6ec0e6653828c67b,-1.23008682170189,-31.2994749525353,-0.0424167869552375,7,7,7,matched,complete
ATP-HTVS-46F5C2C02CE5,81411,rxn512b____EMOL37359883____EMOL720738____EMOL2873214,81411-1,91,运行/运行/ATP-VSW/ATP-VSW-DOCK_HTVS_1-003_lib/ATP-VSW-DOCK_HTVS_1-003_lib.mae,C[NH+](C)Cc1cccc(CNc2csc(C(=O)N(CC#N)c3ccc(Cl)cc3)c2)c1,C[NH+](C)Cc1cccc(CNc2csc(C(=O)N(CC#N)c3ccc(Cl)cc3)c2)c1,O=C(Nc1ccccc1)c1cc(NCc2ccccc2)cs1,C23H24ClN4OS+,1.0,30.0,54.0,1.0,b8cac5af519d7d97113e0366df11c7f21581bb9994ab04c56fa31253c88f7009,-5.15240839453565,-53.9382988107596,-0.171746946484522,2,2,2,matched,complete
ATP-HTVS-471B66EC874A,78945,rxn502b____EMOL480988____EMOL13728749____EMOL24630243,78945-2,530,运行/运行/ATP-VSW/ATP-VSW-DOCK_HTVS_1-001_lib/ATP-VSW-DOCK_HTVS_1-001_lib,CN(c1cnc2ccccc2c1NC(=O)c1ccccc1Cl)[C@H](C#N)c1ccccc1,CN(c1cnc2ccccc2c1NC(=O)c1ccccc1Cl)C(C#N)c1ccccc1,O=C(Nc1c(NCc2ccccc2)cnc2ccccc12)c1ccccc1,C25H19ClN4O,0.0,31.0,50.0,1.0,42841c9b42e57658f6f2731d872c04d493327eb90bb97ff3392ff390e388a567,-3.76479820066214,-40.2755620019573,-0.121445103247166,2,2,2,matched,complete
ATP-HTVS-471CA8009E10,94562,rxn502b____EMOL31416150____EMOL44466703____EMOL24630243,94562-2,422,运行/运行/ATP-VSW/ATP-VSW-DOCK_HTVS_1-003_lib/ATP-VSW-DOCK_HTVS_1-003_lib.mae,CN(c1cc2ccccc2nc1NC(=O)c1ccc([S-])c(Cl)c1)[C@H](C#N)c1ccccc1,CN(c1cc2ccccc2nc1NC(=O)c1ccc([S-])c(Cl)c1)C(C#N)c1ccccc1,O=C(Nc1nc2ccccc2cc1NCc1ccccc1)c1ccccc1,C25H18ClN4OS-,-1.0,32.0,50.0,1.0,02727ea132fc98ba5eac41bc15c4f9432754d863d72a1605a59d4550c68c158a,-3.97060511347441,-43.2686365824004,-0.124081409796075,1,1,1,matched,complete
ATP-HTVS-472161FD1CB3,82882,rxn512b____EMOL30099731____EMOL525138____EMOL2873214,82882-2,945,运行/运行/ATP-VSW/ATP-VSW-DOCK_HTVS_1-002_lib.maegz,Cc1ccc(Cl)cc1N(C)C(=O)c1sccc1NCc1cccc(CN(C)C)c1,Cc1ccc(Cl)cc1N(C)C(=O)c1sccc1NCc1cccc(CN(C)C)c1,O=C(Nc1ccccc1)c1sccc1NCc1ccccc1,C23H26ClN3OS,0.0,29.0,55.0,1.0,e58c14053976779f17769393d0b5c408d6c105e8dd38d8d955e3aa75961cd622,-2.60245460393226,-46.6646186308319,-0.0897398139286987,1,1,1,matched,complete
ATP-HTVS-47220BE834AE,78051,rxn502b____EMOL18624763____EMOL44466703____EMOL37358567,78051-1,46,运行/运行/ATP-VSW/ATP-VSW-DOCK_HTVS_1-003_lib/ATP-VSW-DOCK_HTVS_1-003_lib.mae,C[NH+](C)Cc1ccc(C(=O)Nc2nc3ccccc3cc2N(CC#N)Cc2cccc(Cl)c2)cc1,C[NH+](C)Cc1ccc(C(=O)Nc2nc3ccccc3cc2N(CC#N)Cc2cccc(Cl)c2)cc1,O=C(Nc1nc2ccccc2cc1NCc1ccccc1)c1ccccc1,C28H27ClN5O+,1.0,35.0,62.0,1.0,bc27bcb5b49d08d19549177296772efcbac73bf644e7768f74b96f653917eb43,-5.55803664405348,-65.145499253772,-0.158801046972956,2,2,2,matched,complete
ATP-HTVS-47675EC0C4D5,67843,m_271304bca____21474278____9304626,67843-1,59,运行/运行/ATP-VSW/ATP-VSW-DOCK_HTVS_1-003_lib/ATP-VSW-DOCK_HTVS_1-003_lib.mae,Cc1ccccc1C[C@@H]([NH2+]Cc1ccc(OCc2ccccc2)c(OCc2ccccc2)c1)C(=O)[O-],Cc1ccccc1CC([NH2+]Cc1ccc(OCc2ccccc2)c(OCc2ccccc2)c1)C(=O)[O-],c1ccc(CC[NH2+]Cc2ccc(OCc3ccccc3)c(OCc3ccccc3)c2)cc1,C31H31NO4,0.0,36.0,67.0,1.0,104f0db0da19482419e3f8ce716ab4acca425b5fe8b755527800b00d645e1237,-5.4109022547373,-70.3021273315893,-0.150302840409369,1,1,1,matched,complete
ATP-HTVS-47A17AC8C7BD,41059,m_270166bbb____16815452____16818234,41059-2,120,运行/运行/ATP-VSW/ATP-VSW-DOCK_HTVS_1-003_lib/ATP-VSW-DOCK_HTVS_1-003_lib.mae,CC(C)c1ccc([C@H]([NH3+])CNc2nc(-c3ccccc3)nc3ccccc23)cc1,CC(C)c1ccc(C([NH3+])CNc2nc(-c3ccccc3)nc3ccccc23)cc1,c1ccc(CCNc2nc(-c3ccccc3)nc3ccccc23)cc1,C25H27N4+,1.0,29.0,56.0,1.0,77eaec8b76547ad62465c72a123e9d1f36511bd06d98ad5e4fe36c7798f278eb,-5.0080116053514,-57.175930136089,-0.172690055356945,1,1,1,matched,complete
ATP-HTVS-47BAC8FD9A9F,73409,rxn512c____EMOL493903____EMOL523944____EMOL2873214,73409-1,174,运行/运行/ATP-VSW/ATP-VSW-DOCK_HTVS_1-001_lib/ATP-VSW-DOCK_HTVS_1-001_lib,C[NH+](C)Cc1cccc(CNc2c(C(=O)Nc3ccccc3N)sc3ccccc23)c1,C[NH+](C)Cc1cccc(CNc2c(C(=O)Nc3ccccc3N)sc3ccccc23)c1,O=C(Nc1ccccc1)c1sc2ccccc2c1NCc1ccccc1,C25H27N4OS+,1.0,31.0,58.0,1.0,f1f369dd804d4c2f7ac2cfef5e69922cf91750e9446988b16c5d6b8ad965cfc5,-4.6952770336704,-60.472490936297,-0.151460549473239,2,2,2,matched,complete
ATP-HTVS-4862FE6420AB,72898,rxn502b____EMOL20754534____EMOL30488121____EMOL2873214,72898-1,115,运行/运行/ATP-VSW/ATP-VSW-DOCK_HTVS_1-002_lib.maegz,CC(=O)c1ccc(CC(=O)Nc2c[nH+]c3ccccc3c2NCc2cccc(C[NH+](C)C)c2)cc1,CC(=O)c1ccc(CC(=O)Nc2c[nH+]c3ccccc3c2NCc2cccc(C[NH+](C)C)c2)cc1,O=C(Cc1ccccc1)Nc1c[nH+]c2ccccc2c1NCc1ccccc1,C29H32N4O2+2,2.0,35.0,67.0,1.0,6d245ae65126f0577c402437358477df7cff9844d44106f84ba25531501c4c79,-5.04320666313949,-65.5324406078987,-0.144091618946843,3,3,3,matched,complete
ATP-HTVS-48C487957C1E,66849,m_11bca____235000____2768258,66849-1,486,运行/运行/ATP-VSW/ATP-VSW-DOCK_HTVS_1-001_lib/ATP-VSW-DOCK_HTVS_1-001_lib,NC(=O)CN(C(=O)c1sc2ccccc2c1CSc1ccccc1Cl)c1ccccc1,NC(=O)CN(C(=O)c1sc2ccccc2c1CSc1ccccc1Cl)c1ccccc1,O=C(Nc1ccccc1)c1sc2ccccc2c1CSc1ccccc1,C24H19ClN2O2S2,0.0,31.0,50.0,1.0,676a5ff5085be80c65265e41e138de02bb0408946a41118b3dfced0f9f302c27,-3.83958463930576,-49.1344063258033,-0.123857569009863,1,1,1,matched,complete
ATP-HTVS-48ECC7021683,96033,rxn512b____EMOL480127____EMOL720738____EMOL2873214,96033-1,284,运行/运行/ATP-VSW/ATP-VSW-DOCK_HTVS_1-001_lib/ATP-VSW-DOCK_HTVS_1-001_lib,C[NH+](C)Cc1cccc(CNc2csc(C(=O)NCc3cccc(Cl)c3)c2)c1,C[NH+](C)Cc1cccc(CNc2csc(C(=O)NCc3cccc(Cl)c3)c2)c1,O=C(NCc1ccccc1)c1cc(NCc2ccccc2)cs1,C22H25ClN3OS+,1.0,28.0,53.0,1.0,80bbc45bda50e366b84f6207d8e9e61c91842329bc049702a76f38e44cbfbb5b,-4.40656122353877,-54.5891864684167,-0.157377186554956,2,2,2,matched,complete
ATP-HTVS-491BAB709F49,88482,rxn502b____EMOL36726524____EMOL44466703____EMOL24630243,88482-1,381,运行/运行/ATP-VSW/ATP-VSW-DOCK_HTVS_1-002_lib.maegz,CN(c1cc2ccccc2nc1NC(=O)c1ccc(C[NH+]2CCCC2)cc1)[C@@H](C#N)c1ccccc1,CN(c1cc2ccccc2nc1NC(=O)c1ccc(C[NH+]2CCCC2)cc1)C(C#N)c1ccccc1,O=C(Nc1nc2ccccc2cc1NCc1ccccc1)c1ccc(C[NH+]2CCCC2)cc1,C30H30N5O+,1.0,36.0,66.0,1.0,a6e3b053a203c83cf086980845a66f8794bc54fd6926c616b3c6c650bfb8203f,-4.15817163114907,-54.6335326207413,-0.115504767531919,4,4,4,matched,complete
ATP-HTVS-4920657FA6C2,47234,m_2430bbb____22529248____15775634,47234-1,798,运行/运行/ATP-VSW/ATP-VSW-DOCK_HTVS_1-002_lib.maegz,CN(C)Cc1ccc(CCNC(=O)/N=c2\[nH]c3ccccc3n2Cc2ccccc2)cc1,CN(C)Cc1ccc(CCNC(=O)N=c2[nH]c3ccccc3n2Cc2ccccc2)cc1,O=C(N=c1[nH]c2ccccc2n1Cc1ccccc1)NCCc1ccccc1,C26H29N5O,0.0,32.0,61.0,1.0,a8027c83f1333a4577c04ed1259e86b994261d060dbd75485409c0232f2fd066,-3.04995452842007,-41.7410406165385,-0.0953110790131272,1,1,1,matched,complete
ATP-HTVS-494FFDA3E05A,79810,rxn101____EMOL2873068____EMOL31508813,79810-1,546,运行/运行/ATP-VSW/ATP-VSW-DOCK_HTVS_1-002_lib.maegz,C[NH+](C)Cc1ccc(NC(=O)c2cn(-c3ccccc3)c(=O)c3ccccc23)cc1,C[NH+](C)Cc1ccc(NC(=O)c2cn(-c3ccccc3)c(=O)c3ccccc23)cc1,O=C(Nc1ccccc1)c1cn(-c2ccccc2)c(=O)c2ccccc12,C25H24N3O2+,1.0,30.0,54.0,1.0,ccfdcfea0db44e3782eb0f6675ff4487e016a16a12d4c9e76f6ea646794aaf48,-3.71641509158904,-50.2861476016817,-0.123880503052968,2,2,2,matched,complete
ATP-HTVS-4991CDEEDD30,76385,rxn403____EMOL50155899____EMOL514739____EMOL525215,76385-4,115,运行/运行/ATP-VSW/ATP-VSW-DOCK_HTVS_1-001_lib/ATP-VSW-DOCK_HTVS_1-001_lib,C[NH+](C)Cc1ccc(C[NH2+][C@@H](C#Cc2cccc(O)c2)c2cc3ccccc3o2)cc1,C[NH+](C)Cc1ccc(C[NH2+]C(C#Cc2cccc(O)c2)c2cc3ccccc3o2)cc1,C(#CC([NH2+]Cc1ccccc1)c1cc2ccccc2o1)c1ccccc1,C27H28N2O2+2,2.0,31.0,59.0,1.0,c468da5e576c77b1886b60c721c7a1536b5c7321a8f1abcef22030f739e5d25f,-4.93109589081269,-66.5773380329027,-0.159067609381054,2,2,2,matched,complete
ATP-HTVS-49CF595ADD5C,20834,N-ArylationHeterocycle____821571____76754741,20834-1,409,运行/运行/ATP-VSW/ATP-VSW-DOCK_HTVS_1-002_lib.maegz,C[NH+](C)Cc1ccc(-n2c3ccccc3c(=O)n2Cc2ccccc2)cc1,C[NH+](C)Cc1ccc(-n2c3ccccc3c(=O)n2Cc2ccccc2)cc1,O=c1c2ccccc2n(-c2ccccc2)n1Cc1ccccc1,C23H24N3O+,1.0,27.0,51.0,1.0,0e832a75c92ed739b855fb8150645174f636c7cc4442c4f7aa0a22bb60afa24b,-4.07488023381237,-48.3863676554856,-0.150921490141199,2,2,2,matched,complete
ATP-HTVS-49D68E9248AF,44739,m_270004beb____8289658____8127862,44739-4,26,运行/运行/ATP-VSW/ATP-VSW-DOCK_HTVS_1-003_lib/ATP-VSW-DOCK_HTVS_1-003_lib.mae,NC(=O)[C@@H]([NH2+]Cc1cc(OCc2ccccc2)c2ccccc2c1)c1ccccc1,NC(=O)C([NH2+]Cc1cc(OCc2ccccc2)c2ccccc2c1)c1ccccc1,c1ccc(C[NH2+]Cc2cc(OCc3ccccc3)c3ccccc3c2)cc1,C26H25N2O2+,1.0,30.0,55.0,1.0,4fdf194a16b2124eb8ce00b9cd94a0d609421c6090aa1642beae71f488efba1b,-5.70465144918072,-82.03637329651,-0.190155048306024,4,4,4,matched,complete
ATP-HTVS-4A1EB194D3B6,11747,a4____241569____63347,11747-1,154,运行/运行/ATP-VSW/ATP-VSW-DOCK_HTVS_1-003_lib/ATP-VSW-DOCK_HTVS_1-003_lib.mae,Cc1ccc(Br)cc1C[NH2+]C[C@H]1c2ccccc2C(=O)N1Cc1ccccc1,Cc1ccc(Br)cc1C[NH2+]CC1c2ccccc2C(=O)N1Cc1ccccc1,O=C1c2ccccc2C(C[NH2+]Cc2ccccc2)N1Cc1ccccc1,C24H24BrN2O+,1.0,28.0,52.0,1.0,e6390a13fb6485141360a4c89704ec839491b195a798ccc10bded7cab2e7240e,-4.85779636585634,-58.770982437344,-0.173492727352012,3,3,3,matched,complete
ATP-HTVS-4A28AAEEA14A,71714,rxn502b____EMOL906848____EMOL30488121____EMOL2873214,71714-1,107,运行/运行/ATP-VSW/ATP-VSW-DOCK_HTVS_1-002_lib.maegz,C[NH+](C)Cc1cccc(CNc2c(NC(=O)c3cc(F)ccc3Cl)c[nH+]c3ccccc23)c1,C[NH+](C)Cc1cccc(CNc2c(NC(=O)c3cc(F)ccc3Cl)c[nH+]c3ccccc23)c1,O=C(Nc1c[nH+]c2ccccc2c1NCc1ccccc1)c1ccccc1,C26H26ClFN4O+2,2.0,33.0,59.0,1.0,2979fa8a63415ecb23a481391cfe17799ca1356ab0335cf6538476193bb4977e,-5.08545475115908,-65.2643329292591,-0.154104689429063,2,2,2,matched,complete
ATP-HTVS-4A3DC7D9F888,95777,rxn502b____EMOL5415347____EMOL30488121____EMOL324170366,95777-1,157,运行/运行/ATP-VSW/ATP-VSW-DOCK_HTVS_1-001_lib/ATP-VSW-DOCK_HTVS_1-001_lib,C[NH+](C)Cc1ccccc1C(=O)Nc1c[nH+]c2ccccc2c1NCc1ccc(NCCO)cc1,C[NH+](C)Cc1ccccc1C(=O)Nc1c[nH+]c2ccccc2c1NCc1ccc(NCCO)cc1,O=C(Nc1c[nH+]c2ccccc2c1NCc1ccccc1)c1ccccc1,C28H33N5O2+2,2.0,35.0,68.0,1.0,697f462627d8f49a191cba00a2bfcce2d37e203d2dffb31a78f9059849989b6a,-4.77335035771705,-64.2776828625454,-0.136381438791916,4,4,4,matched,complete
ATP-HTVS-4A7957865725,86657,rxn102b____EMOL37561843____EMOL27480028,86657-1,638,运行/运行/ATP-VSW/ATP-VSW-DOCK_HTVS_1-001_lib/ATP-VSW-DOCK_HTVS_1-001_lib,C[NH+](C)Cc1c(N)cccc1Nc1nc(Br)c2ccccc2c1-c1ccccc1,C[NH+](C)Cc1c(N)cccc1Nc1nc(Br)c2ccccc2c1-c1ccccc1,c1ccc(Nc2ncc3ccccc3c2-c2ccccc2)cc1,C24H24BrN4+,1.0,29.0,53.0,1.0,f5b729f0351fa6200b935b4b7cb5c359ef398660c6cc9238a04c996ad3ae2abd,-3.47010221209868,-43.8910059762525,-0.11965869696892,2,2,2,matched,complete
ATP-HTVS-4AC739BE8539,83970,rxn502b____EMOL49863568____EMOL13728749____EMOL44153840,83970-2,894,运行/运行/ATP-VSW/ATP-VSW-DOCK_HTVS_1-002_lib.maegz,CC[NH+](CC)Cc1cccc(CNc2c[nH]c3ccccc3/c2=[NH+]/C(=O)c2cccc(C#N)c2Cl)c1,CC[NH+](CC)Cc1cccc(CNc2c[nH]c3ccccc3c2=[NH+]C(=O)c2cccc(C#N)c2Cl)c1,O=C([NH+]=c1c(NCc2ccccc2)c[nH]c2ccccc12)c1ccccc1,C29H30ClN5O+2,2.0,36.0,66.0,1.0,81ddb7aff6406f2f401ea8f69ed19abc39647045a36e2e59d4a5a2c9024c898f,-2.77467908775875,-62.1541682398112,-0.0770744191044097,2,2,2,matched,complete
ATP-HTVS-4AC96F3AF657,25826,m_270004bbb____12219716____13607588,25826-1,69,运行/运行/ATP-VSW/ATP-VSW-DOCK_HTVS_1-002_lib.maegz,CCNC(=O)c1ccccc1C[NH2+]C[C@H]1c2ccccc2C(=O)N1Cc1ccccc1,CCNC(=O)c1ccccc1C[NH2+]CC1c2ccccc2C(=O)N1Cc1ccccc1,O=C1c2ccccc2C(C[NH2+]Cc2ccccc2)N1Cc1ccccc1,C26H28N3O2+,1.0,31.0,59.0,1.0,08db1cdf6e8c6f7e32f520be3b6cd75f5ef8978cd86f9540bfc62c804423ed7a,-5.37701549450929,-65.8385751553087,-0.173452112726106,4,4,4,matched,complete
ATP-HTVS-4AF467728185,61602,m_270006bbb____11615466____8405570,61602-1,110,运行/运行/ATP-VSW/ATP-VSW-DOCK_HTVS_1-002_lib.maegz,C[NH2+]Cc1ccc(CNC(=O)c2cc(-c3ccncc3)nc3ccccc23)cc1,C[NH2+]Cc1ccc(CNC(=O)c2cc(-c3ccncc3)nc3ccccc23)cc1,O=C(NCc1ccccc1)c1cc(-c2ccncc2)nc2ccccc12,C24H23N4O+,1.0,29.0,52.0,1.0,914f3834e77fead1d3eaa39ed795546a7f75e05604e1321139af17d06ff53706,-5.0736909948387,-61.1108041406794,-0.17495486189099,2,2,2,matched,complete
ATP-HTVS-4AF9C9C46A6A,50882,m_527bcb____9985270____214828,50882-2,318,运行/运行/ATP-VSW/ATP-VSW-DOCK_HTVS_1-002_lib.maegz,COc1ccc([C@@H](C[NH+](C)C)NC(=O)Cn2c(COc3ccccc3)nc3ccccc32)cc1,COc1ccc(C(C[NH+](C)C)NC(=O)Cn2c(COc3ccccc3)nc3ccccc32)cc1,O=C(Cn1c(COc2ccccc2)nc2ccccc21)NCc1ccccc1,C27H31N4O3+,1.0,34.0,65.0,1.0,0bd04bb498dfee61c7d0cc346993bc43fd74db41c3853932c82c7995c2e624e7,-4.33034179670516,-55.0834739626182,-0.12736299402074,4,4,4,matched,complete
ATP-HTVS-4B144E96CFBE,75490,rxn502b____EMOL488417____EMOL7515103____EMOL108753565,75490-1,18,运行/运行/ATP-VSW/ATP-VSW-DOCK_HTVS_1-002_lib.maegz,C[NH2+]Cc1ccc(CNc2cnc(NC(=O)Cc3ccccc3F)c3ccccc23)cc1,C[NH2+]Cc1ccc(CNc2cnc(NC(=O)Cc3ccccc3F)c3ccccc23)cc1,O=C(Cc1ccccc1)Nc1ncc(NCc2ccccc2)c2ccccc12,C26H26FN4O+,1.0,32.0,58.0,1.0,8c1afeb324c8ae34acd0a3165c9ae257d5634f09c14b1716c9dd0002f073c2ad,-6.09847068944256,-70.1814095711037,-0.19057720904508,3,3,3,matched,complete
ATP-HTVS-4B5D35D2395E,61409,m_282030aaa____21930070____23157418____21958062,61409-1,330,运行/运行/ATP-VSW/ATP-VSW-DOCK_HTVS_1-001_lib/ATP-VSW-DOCK_HTVS_1-001_lib,CC[N@@H+](C)Cc1cccc(CNc2nc3ccccc3nc2N[C@H](C)c2cccc(C#N)c2)c1,CC[NH+](C)Cc1cccc(CNc2nc3ccccc3nc2NC(C)c2cccc(C#N)c2)c1,c1ccc(CNc2nc3ccccc3nc2NCc2ccccc2)cc1,C28H31N6+,1.0,34.0,65.0,1.0,4d13a30a0688a4685d2742e1d7b0a9754226c79f849005fb6a2bbcfe578bfc65,-4.24902805223689,-52.8013357494076,-0.124971413301085,3,3,3,matched,complete
ATP-HTVS-4B689B6ED6C6,95234,rxn502a____EMOL481226____EMOL45980405____EMOL2873214,95234-1,522,运行/运行/ATP-VSW/ATP-VSW-DOCK_HTVS_1-003_lib/ATP-VSW-DOCK_HTVS_1-003_lib.mae,CN(C(=O)c1ccccc1Br)c1ncccc1NCc1cccc(C[NH+](C)C)c1,CN(C(=O)c1ccccc1Br)c1ncccc1NCc1cccc(C[NH+](C)C)c1,O=C(Nc1ncccc1NCc1ccccc1)c1ccccc1,C23H26BrN4O+,1.0,29.0,55.0,1.0,cede75307019796e849717fd041736de2cd83954ad6e26ca835a5aab3a97ed70,-3.75595679724793,-52.2439926947416,-0.129515751629239,2,2,2,matched,complete
ATP-HTVS-4B898DE9EBD2,87971,rxn503b____EMOL525400____EMOL7515103____EMOL317509042,87971-4,238,运行/运行/ATP-VSW/ATP-VSW-DOCK_HTVS_1-003_lib/ATP-VSW-DOCK_HTVS_1-003_lib.mae,C[C@H]([NH2+]CC#Cc1cnc(NC(=O)Cc2ccc(C#N)cc2)c2ccccc12)c1cccc(F)c1,CC([NH2+]CC#Cc1cnc(NC(=O)Cc2ccc(C#N)cc2)c2ccccc12)c1cccc(F)c1,O=C(Cc1ccccc1)Nc1ncc(C#CC[NH2+]Cc2ccccc2)c2ccccc12,C29H24FN4O+,1.0,35.0,59.0,1.0,3b60323b560c24f886bd1fcbddde55a2eb2ae62d58c5a29922775ae3a82dbc96,-4.5337690678731,-65.4446637689312,-0.129536259082089,1,1,1,matched,complete
ATP-HTVS-4BBA1A792A2F,70529,rxn502b____EMOL519605____EMOL7515103____EMOL2873214,70529-1,160,运行/运行/ATP-VSW/ATP-VSW-DOCK_HTVS_1-001_lib/ATP-VSW-DOCK_HTVS_1-001_lib,C[NH+](C)Cc1cccc(CNc2cnc(NC(=O)c3cccc(O)c3)c3ccccc23)c1,C[NH+](C)Cc1cccc(CNc2cnc(NC(=O)c3cccc(O)c3)c3ccccc23)c1,O=C(Nc1ncc(NCc2ccccc2)c2ccccc12)c1ccccc1,C26H27N4O2+,1.0,32.0,59.0,1.0,929e2901f8f8fa57e3ea484891b17f70816af67b2beeb0b940796c5dd67a2337,-4.75445047012433,-58.3478681879916,-0.148576577191385,2,2,2,matched,complete
ATP-HTVS-4BCACD3FB587,71139,rxn502b____EMOL32280493____EMOL30488121____EMOL50155899,71139-3,927,运行/运行/ATP-VSW/ATP-VSW-DOCK_HTVS_1-003_lib/ATP-VSW-DOCK_HTVS_1-003_lib.mae,COc1ccccc1CC(=O)Nc1cnc2ccccc2c1NCc1ccc(C[NH+](C)C)cc1,COc1ccccc1CC(=O)Nc1cnc2ccccc2c1NCc1ccc(C[NH+](C)C)cc1,O=C(Cc1ccccc1)Nc1cnc2ccccc2c1NCc1ccccc1,C28H31N4O2+,1.0,34.0,65.0,1.0,5a96791e616ad1314fd487e740b0123ef2cf1cba9e17802f17f3954e755518e2,-2.63140354448131,-61.5401480875518,-0.0773942218965092,2,2,2,matched,complete
ATP-HTVS-4BE062240422,80833,rxn502b____EMOL50897851____EMOL7515103____EMOL2873214,80833-1,586,运行/运行/ATP-VSW/ATP-VSW-DOCK_HTVS_1-001_lib/ATP-VSW-DOCK_HTVS_1-001_lib,COC(=O)Cc1ccc(C(=O)Nc2ncc(NCc3cccc(C[NH+](C)C)c3)c3ccccc23)cc1,COC(=O)Cc1ccc(C(=O)Nc2ncc(NCc3cccc(C[NH+](C)C)c3)c3ccccc23)cc1,O=C(Nc1ncc(NCc2ccccc2)c2ccccc12)c1ccccc1,C29H31N4O3+,1.0,36.0,67.0,1.0,148af4d2132822258035b231a8afda45f2cf192b3a8a2bbfd757f6af21b321e3,-3.60181278136993,-51.6803413903456,-0.100050355038054,2,2,2,matched,complete
ATP-HTVS-4BFDBDCB8AC3,81857,rxn502a____EMOL530620____EMOL43618924____EMOL2873214,81857-1,383,运行/运行/ATP-VSW/ATP-VSW-DOCK_HTVS_1-001_lib/ATP-VSW-DOCK_HTVS_1-001_lib,CN(C(=O)Cc1ccccc1)c1ccc(NCc2cccc(C[NH+](C)C)c2)cn1,CN(C(=O)Cc1ccccc1)c1ccc(NCc2cccc(C[NH+](C)C)c2)cn1,O=C(Cc1ccccc1)Nc1ccc(NCc2ccccc2)cn1,C24H29N4O+,1.0,29.0,58.0,1.0,5711f351976baafae93828a6533be9427127d93673cb16d4863809d3b8964a16,-4.09028534747273,-52.2637708525007,-0.141044322326646,3,3,3,matched,complete
ATP-HTVS-4C04B46E023C,67139,m_282030aaa____21892234____22360182____21973156,67139-1,406,运行/运行/ATP-VSW/ATP-VSW-DOCK_HTVS_1-003_lib/ATP-VSW-DOCK_HTVS_1-003_lib.mae,Cc1cc(CNc2nc(NCc3ccccc3C[NH+](C)C)c3ccccc3[nH+]2)ccc1CO,Cc1cc(CNc2nc(NCc3ccccc3C[NH+](C)C)c3ccccc3[nH+]2)ccc1CO,c1ccc(CNc2nc(NCc3ccccc3)c3ccccc3[nH+]2)cc1,C27H33N5O+2,2.0,33.0,66.0,1.0,bc09ed9bbb007386d5b08fc7f2fac5a31e5755ed7ee4141362608b9a1dd47c88,-4.00518449043666,-51.4913189008692,-0.121369226982929,3,3,3,matched,complete
ATP-HTVS-4C091C5F609D,74754,rxn512c____EMOL36822768____EMOL523944____EMOL2868412,74754-1,505,运行/运行/ATP-VSW/ATP-VSW-DOCK_HTVS_1-002_lib.maegz,CC[NH+](CC)Cc1ccc(CNc2c(C(=O)N(C#N)c3ccccc3)sc3ccccc23)cc1,CC[NH+](CC)Cc1ccc(CNc2c(C(=O)N(C#N)c3ccccc3)sc3ccccc23)cc1,O=C(Nc1ccccc1)c1sc2ccccc2c1NCc1ccccc1,C28H29N4OS+,1.0,34.0,63.0,1.0,1373c5a8ccd115abfa76737df4d02f981dbfb213c66a393983a5febbe86eb38c,-3.82166575294196,-50.4225992078861,-0.112401933910058,2,2,2,matched,complete
ATP-HTVS-4C511AF0E5BD,37027,m_269862dba____7199298____10542750,37027-5,189,运行/运行/ATP-VSW/ATP-VSW-DOCK_HTVS_1-003_lib/ATP-VSW-DOCK_HTVS_1-003_lib.mae,COc1ccc(-c2ccc(C[NH2+][C@H](C)c3ccc(CN(C)C)cc3)s2)cc1,COc1ccc(-c2ccc(C[NH2+]C(C)c3ccc(CN(C)C)cc3)s2)cc1,c1ccc(C[NH2+]Cc2ccc(-c3ccccc3)s2)cc1,C23H29N2OS+,1.0,27.0,56.0,1.0,69091d870d67dde3cd282e12bc854d11ef4e77e6aba8b5a784bed5bfb0cae16a,-4.70375095023499,-68.5518208554626,-0.174212998156852,1,1,1,matched,complete
ATP-HTVS-4C6C1EFD2AA2,72065,rxn502b____EMOL39304293____EMOL30488121____EMOL2873214,72065-1,435,运行/运行/ATP-VSW/ATP-VSW-DOCK_HTVS_1-001_lib/ATP-VSW-DOCK_HTVS_1-001_lib,C[NH+](C)Cc1cccc(CNc2c(NC(=O)c3ccc([S-])c(F)c3)c[nH+]c3ccccc23)c1,C[NH+](C)Cc1cccc(CNc2c(NC(=O)c3ccc([S-])c(F)c3)c[nH+]c3ccccc23)c1,O=C(Nc1c[nH+]c2ccccc2c1NCc1ccccc1)c1ccccc1,C26H26FN4OS+,1.0,33.0,59.0,1.0,46d33468d6c8acfb11e585f4ff630bd29a9212b09864f73260a460b98f15586f,-3.9503569591684,-50.4893925490169,-0.119707786641467,3,3,3,matched,complete
ATP-HTVS-4CC80B7019B2,75234,rxn207____EMOL722295____EMOL50155899,75234-2,95,运行/运行/ATP-VSW/ATP-VSW-DOCK_HTVS_1-002_lib.maegz,Cc1nc(-c2ccc(Cl)cc2)sc1[C@H](C)[NH2+]Cc1ccc(C[NH+](C)C)cc1,Cc1nc(-c2ccc(Cl)cc2)sc1C(C)[NH2+]Cc1ccc(C[NH+](C)C)cc1,c1ccc(C[NH2+]Cc2cnc(-c3ccccc3)s2)cc1,C22H28ClN3S+2,2.0,27.0,55.0,1.0,e0311271cf1a4c78412d676fa8f704856427cf4b8ad5c9819a7e1868d3a61105,-5.14583920167387,-63.8969530238085,-0.190586637099032,3,3,3,matched,complete
ATP-HTVS-4CFD3E435A48,60227,m_270004bbb____8292808____7547806,60227-1,38,运行/运行/ATP-VSW/ATP-VSW-DOCK_HTVS_1-003_lib/ATP-VSW-DOCK_HTVS_1-003_lib.mae,CN(C)c1ccc(CC[NH2+]Cc2cn(-c3ccccc3)nc2-c2ccncc2)cc1,CN(C)c1ccc(CC[NH2+]Cc2cn(-c3ccccc3)nc2-c2ccncc2)cc1,c1ccc(CC[NH2+]Cc2cn(-c3ccccc3)nc2-c2ccncc2)cc1,C25H28N5+,1.0,30.0,58.0,1.0,82a4bab1c3ce05b8ba725b9804e9f56f7f1b24f6f379b490b4c138ff23018e0f,-5.64869376221623,-67.0785151942278,-0.188289792073874,1,1,1,matched,complete
ATP-HTVS-4D1ED9B826E8,4419,YAS_R012____OTV5753507____OTV2889217____OTV7020431351,4419-3,750,运行/运行/ATP-VSW/ATP-VSW-DOCK_HTVS_1-003_lib/ATP-VSW-DOCK_HTVS_1-003_lib.mae,CN(C)[C@@H](CNC(=O)c1cc(=O)c2ccccc2n1CCc1ccccc1)c1ccc(F)cc1,CN(C)C(CNC(=O)c1cc(=O)c2ccccc2n1CCc1ccccc1)c1ccc(F)cc1,O=C(NCCc1ccccc1)c1cc(=O)c2ccccc2n1CCc1ccccc1,C28H28FN3O2,0.0,34.0,62.0,1.0,3da27beaa0ced8ccac6788ee9fe85378092dfd21b3ef5f21ccd4fd0b9bd5ad88,-3.09401990408603,-50.3915583809404,-0.0910005854142951,1,1,1,matched,complete
ATP-HTVS-4D974321991D,51619,m_282030aaa____21930914____22360182____21974936,51619-2,1096,运行/运行/ATP-VSW/ATP-VSW-DOCK_HTVS_1-003_lib/ATP-VSW-DOCK_HTVS_1-003_lib.mae,COc1ccc(CNc2nc(NCc3ccc(F)cc3CN(C)C)c3ccccc3[nH+]2)cc1,COc1ccc(CNc2nc(NCc3ccc(F)cc3CN(C)C)c3ccccc3[nH+]2)cc1,c1ccc(CNc2nc(NCc3ccccc3)c3ccccc3[nH+]2)cc1,C26H29FN5O+,1.0,33.0,62.0,1.0,c6204a0dcc80183507e4029cf3f4650a878338a3607033c5ebb3dd3df449c077,-2.16155537020466,-49.7809690158686,-0.0655016778849896,1,1,1,matched,complete
ATP-HTVS-4DC88D9567D5,69986,rxn502b____EMOL5415347____EMOL30488121____EMOL24630243,69986-1,227,运行/运行/ATP-VSW/ATP-VSW-DOCK_HTVS_1-002_lib.maegz,CN(c1c(NC(=O)c2ccccc2C[NH+](C)C)c[nH+]c2ccccc12)[C@@H](C#N)c1ccccc1,CN(c1c(NC(=O)c2ccccc2C[NH+](C)C)c[nH+]c2ccccc12)C(C#N)c1ccccc1,O=C(Nc1c[nH+]c2ccccc2c1NCc1ccccc1)c1ccccc1,C28H29N5O+2,2.0,34.0,63.0,1.0,08ed5bc9a8f074de0a1933d742531575852ca52cf49d4c1322a2568db9d2962a,-4.57272995839587,-57.649067115949,-0.134492057599878,8,8,8,matched,complete
ATP-HTVS-4DE86EAA2D32,76034,rxn403____EMOL50155899____EMOL4867949____EMOL517880,76034-2,64,运行/运行/ATP-VSW/ATP-VSW-DOCK_HTVS_1-002_lib.maegz,C[NH+](C)Cc1ccc(CN[C@@H](C#Cc2ccncc2)c2[nH+]ccn2OCc2ccccc2)cc1,C[NH+](C)Cc1ccc(CNC(C#Cc2ccncc2)c2[nH+]ccn2OCc2ccccc2)cc1,C(#CC(NCc1ccccc1)c1[nH+]ccn1OCc1ccccc1)c1ccncc1,C28H31N5O+2,2.0,34.0,65.0,1.0,fbc1276b277853ba9182691a2f48b2f83a25d98be1a822c3e4b0b9ead3a282cf,-5.40904442602518,-71.7519664418948,-0.159089541941917,8,8,8,matched,complete
ATP-HTVS-4E16F03E37A9,70275,rxn502c____EMOL300009321____EMOL49259969____EMOL50155899,70275-1,617,运行/运行/ATP-VSW/ATP-VSW-DOCK_HTVS_1-003_lib/ATP-VSW-DOCK_HTVS_1-003_lib.mae,CN(Cc1sc2ccccc2c1NCc1ccc(C[NH+](C)C)cc1)C(=O)[C@H](O)c1ccccc1,CN(Cc1sc2ccccc2c1NCc1ccc(C[NH+](C)C)cc1)C(=O)C(O)c1ccccc1,O=C(Cc1ccccc1)NCc1sc2ccccc2c1NCc1ccccc1,C28H32N3O2S+,1.0,34.0,66.0,1.0,1b542bf6189733d557abeca925f2b24bb79e50212e9ae573c8682fd061941fd4,-3.51409520180293,-52.7629279597222,-0.103355741229498,4,4,4,matched,complete
ATP-HTVS-4E652792F62F,84931,rxn512b____EMOL50241152____EMOL49851977____EMOL2873214,84931-1,423,运行/运行/ATP-VSW/ATP-VSW-DOCK_HTVS_1-003_lib/ATP-VSW-DOCK_HTVS_1-003_lib.mae,C#C[C@@H](NC(=O)c1sc(Cl)cc1NCc1cccc(C[NH+](C)C)c1)c1ccccc1,C#CC(NC(=O)c1sc(Cl)cc1NCc1cccc(C[NH+](C)C)c1)c1ccccc1,O=C(NCc1ccccc1)c1sccc1NCc1ccccc1,C24H25ClN3OS+,1.0,30.0,55.0,1.0,99e0f833cece937578da68597a13073dd4dc04b74a9dcec8843a59b9048b3710,-3.96789359037915,-56.2205361315999,-0.132263119679305,1,1,1,matched,complete
ATP-HTVS-4E825B07A9DF,20418,WXDL_14____AG3393____LN00173385____BT3166,20418-1,235,运行/运行/ATP-VSW/ATP-VSW-DOCK_HTVS_1-002_lib.maegz,CN(C(=O)c1cc(-c2cccc(C[NH+](C)C)c2F)nc2ccccc12)c1cccc(N)c1,CN(C(=O)c1cc(-c2cccc(C[NH+](C)C)c2F)nc2ccccc12)c1cccc(N)c1,O=C(Nc1ccccc1)c1cc(-c2ccccc2)nc2ccccc12,C26H26FN4O+,1.0,32.0,58.0,1.0,7e5dbd6033d9a1d06a1dd6e8c64ea0a8d74eab3bb3b3ca66b54312072c4c96a6,-4.54758226872434,-55.1598248108325,-0.142111945897636,2,2,2,matched,complete
ATP-HTVS-4E9E59A3DA5E,69218,rxn512c____EMOL24630243____EMOL523944____EMOL50155899,69218-4,1305,运行/运行/ATP-VSW/ATP-VSW-DOCK_HTVS_1-002_lib.maegz,CN(C)Cc1ccc(CNc2c(C(=O)N(C)[C@H](C#N)c3ccccc3)sc3ccccc23)cc1,CN(C)Cc1ccc(CNc2c(C(=O)N(C)C(C#N)c3ccccc3)sc3ccccc23)cc1,O=C(NCc1ccccc1)c1sc2ccccc2c1NCc1ccccc1,C28H28N4OS,0.0,34.0,62.0,1.0,cd4e09e2a2bd483b7ac844c8f53eff5629ec7d22fea5ab75e67b0d4260780f2c,-1.45009554591698,-42.5609740955798,-0.0426498689975583,2,2,2,matched,complete
ATP-HTVS-4EA46F6E6AE0,20450,WXCD001____AK00809____LN00144600____SB0092,20450-3,1077,运行/运行/ATP-VSW/ATP-VSW-DOCK_HTVS_1-002_lib.maegz,CN(C)Cc1ccc(CNC(=O)C[C@@H](Cc2csc3ccccc23)NC(=O)Cc2ccccc2)cc1,CN(C)Cc1ccc(CNC(=O)CC(Cc2csc3ccccc23)NC(=O)Cc2ccccc2)cc1,O=C(CC(Cc1csc2ccccc12)NC(=O)Cc1ccccc1)NCc1ccccc1,C30H33N3O2S,0.0,36.0,69.0,1.0,c834b5fa34666731d7c528bfb780299f3afa3230f6d6f3058779e25e7c29c490,-2.24459138248723,-48.2999973313019,-0.0623497606246454,1,1,1,matched,complete
ATP-HTVS-4EF6126AB2D8,89666,rxn512c____EMOL530647____EMOL523944____EMOL31407295,89666-2,39,运行/运行/ATP-VSW/ATP-VSW-DOCK_HTVS_1-002_lib.maegz,CC[N@H+](Cc1cccc(C)c1)c1c(C(=O)N(CC[NH3+])c2ccccc2)sc2ccccc12,CC[NH+](Cc1cccc(C)c1)c1c(C(=O)N(CC[NH3+])c2ccccc2)sc2ccccc12,O=C(Nc1ccccc1)c1sc2ccccc2c1[NH2+]Cc1ccccc1,C27H31N3OS+2,2.0,32.0,63.0,1.0,ffa688878505763508f0a814f1282e5873ed84befa6c10317486367bc82770d6,-5.72493211292033,-75.8276859341689,-0.17890412852876,2,2,2,matched,complete
ATP-HTVS-4F22ABB48DC5,71586,rxn512c____EMOL884318____EMOL523944____EMOL50155899,71586-1,755,运行/运行/ATP-VSW/ATP-VSW-DOCK_HTVS_1-002_lib.maegz,COC(=O)c1ccc(N(C)C(=O)c2sc3ccccc3c2NCc2ccc(C[NH+](C)C)cc2)cc1,COC(=O)c1ccc(N(C)C(=O)c2sc3ccccc3c2NCc2ccc(C[NH+](C)C)cc2)cc1,O=C(Nc1ccccc1)c1sc2ccccc2c1NCc1ccccc1,C28H30N3O3S+,1.0,35.0,65.0,1.0,e6ad85dd7d0c360b50b43b1d88f24a90b24999f6074fe692d38f416cf382cfde,-3.15489676990073,-31.9511492714056,-0.0901399077114494,2,2,2,matched,complete
ATP-HTVS-4F450E2E91A2,68579,m_282030aaa____21898562____23157418____21974936,68579-1,136,运行/运行/ATP-VSW/ATP-VSW-DOCK_HTVS_1-003_lib/ATP-VSW-DOCK_HTVS_1-003_lib.mae,C[NH+](C)Cc1cc(F)ccc1CNc1nc2ccccc2nc1NCc1ccc(C#N)c(Cl)c1,C[NH+](C)Cc1cc(F)ccc1CNc1nc2ccccc2nc1NCc1ccc(C#N)c(Cl)c1,c1ccc(CNc2nc3ccccc3nc2NCc2ccccc2)cc1,C26H25ClFN6+,1.0,34.0,59.0,1.0,d2340eab144db8f7ed33496274378d464019633d1af761001a45820fddd33bf1,-4.9457723187918,-64.9224860079775,-0.145463891729171,1,1,1,matched,complete
ATP-HTVS-4F5A90394674,95681,rxn502a____EMOL486955____EMOL81846330____EMOL2873214,95681-1,579,运行/运行/ATP-VSW/ATP-VSW-DOCK_HTVS_1-001_lib/ATP-VSW-DOCK_HTVS_1-001_lib,CN(C(=O)Cc1ccccc1Cl)c1ccncc1NCc1cccc(C[NH+](C)C)c1,CN(C(=O)Cc1ccccc1Cl)c1ccncc1NCc1cccc(C[NH+](C)C)c1,O=C(Cc1ccccc1)Nc1ccncc1NCc1ccccc1,C24H28ClN4O+,1.0,30.0,58.0,1.0,e0995cb939cac518ee26d439e3b9dab6b1cf7a7b989361f5ab2eee92c54d113c,-3.62268826025007,-51.3370025780857,-0.120756275341669,3,3,3,matched,complete
ATP-HTVS-4F9099514318,87875,rxn505a____EMOL18624763____EMOL313123100____EMOL539496,87875-1,1063,运行/运行/ATP-VSW/ATP-VSW-DOCK_HTVS_1-003_lib/ATP-VSW-DOCK_HTVS_1-003_lib.mae,C[NH+](C)Cc1ccc(C(=O)Nc2ncc(C#Cc3cccc(O)c3)nc2-c2ccccc2)cc1,C[NH+](C)Cc1ccc(C(=O)Nc2ncc(C#Cc3cccc(O)c3)nc2-c2ccccc2)cc1,O=C(Nc1ncc(C#Cc2ccccc2)nc1-c1ccccc1)c1ccccc1,C28H25N4O2+,1.0,34.0,59.0,1.0,8548850047eaa9c96a238d104dff774b287e27b169c3f4fc7f68b0a7dd79c47a,-2.24190123643593,-43.4563227097701,-0.0659382716598803,2,2,2,matched,complete
ATP-HTVS-4F9E5F08F37F,89571,rxn503b____EMOL43467976____EMOL44466703____EMOL317509042,89571-4,317,运行/运行/ATP-VSW/ATP-VSW-DOCK_HTVS_1-003_lib/ATP-VSW-DOCK_HTVS_1-003_lib.mae,C[C@H]([NH2+]CC#Cc1cc2ccccc2nc1NC(=O)c1ccccc1C#N)c1cccc(F)c1,CC([NH2+]CC#Cc1cc2ccccc2nc1NC(=O)c1ccccc1C#N)c1cccc(F)c1,O=C(Nc1nc2ccccc2cc1C#CC[NH2+]Cc1ccccc1)c1ccccc1,C28H22FN4O+,1.0,34.0,56.0,1.0,737060d20476b8ab14dcb4cd971ecdfe370462336988ae0fbbf741d6a5fc21c2,-4.3077129247582,-59.0170811481892,-0.126697438963477,3,3,3,matched,complete
ATP-HTVS-4FCAA645F202,97537,rxn502c____EMOL478180____EMOL44472687____EMOL906257,97537-1,479,运行/运行/ATP-VSW/ATP-VSW-DOCK_HTVS_1-002_lib.maegz,N#C[C@H](Nc1c(NC(=O)c2ccccc2)c[nH+]c2ccccc12)c1ccc(F)cc1,N#CC(Nc1c(NC(=O)c2ccccc2)c[nH+]c2ccccc12)c1ccc(F)cc1,O=C(Nc1c[nH+]c2ccccc2c1NCc1ccccc1)c1ccccc1,C24H18FN4O+,1.0,30.0,48.0,1.0,ae8531eafb42519d8041cb4dd293dd08ade4d83b3a4b56866597b56dfa01fa4c,-3.88704986552746,-52.4673857697171,-0.129568328850915,4,4,4,matched,complete
ATP-HTVS-4FDD59ABF895,4961,YAS_R016____OTV5753507____OTV1220423____OTV2848234,4961-1,553,运行/运行/ATP-VSW/ATP-VSW-DOCK_HTVS_1-001_lib/ATP-VSW-DOCK_HTVS_1-001_lib,CC(C)N(C(=O)c1cc(CC(=O)Nc2ccccc2)nc2ccccc12)c1ccccc1,CC(C)N(C(=O)c1cc(CC(=O)Nc2ccccc2)nc2ccccc12)c1ccccc1,O=C(Cc1cc(C(=O)Nc2ccccc2)c2ccccc2n1)Nc1ccccc1,C27H25N3O2,0.0,32.0,57.0,1.0,f63769a4632a58ed3a2bb545e878a947b63dec9a6854c5b44efcdc94e173629a,-3.70166899493297,-46.5230501882568,-0.115677156091655,1,1,1,matched,complete
ATP-HTVS-505E03B882A0,11617,a4____332543____18622,11617-1,504,运行/运行/ATP-VSW/ATP-VSW-DOCK_HTVS_1-001_lib/ATP-VSW-DOCK_HTVS_1-001_lib,C[NH+](C)Cc1ccc(CNc2cccnc2Oc2ccc(F)cc2)cc1,C[NH+](C)Cc1ccc(CNc2cccnc2Oc2ccc(F)cc2)cc1,c1ccc(CNc2cccnc2Oc2ccccc2)cc1,C21H23FN3O+,1.0,26.0,49.0,1.0,e1a2c56b62a2453e848cc2ce8f904910a50d8ed4429ba1c883e8668c1da8cfa3,-3.80434624440615,-46.4807046028738,-0.146321009400236,2,2,2,matched,complete
ATP-HTVS-507C96D672B3,5570,a4____241569____182810,5570-1,40,运行/运行/ATP-VSW/ATP-VSW-DOCK_HTVS_1-002_lib.maegz,C[NH+](C)CCOc1cccc(C[NH2+]C[C@H]2c3ccccc3C(=O)N2Cc2ccccc2)c1,C[NH+](C)CCOc1cccc(C[NH2+]CC2c3ccccc3C(=O)N2Cc2ccccc2)c1,O=C1c2ccccc2C(C[NH2+]Cc2ccccc2)N1Cc1ccccc1,C27H33N3O2+2,2.0,32.0,65.0,1.0,bb5c7af76c4fc04add374d5a6d54dc3811f407ccd71cdcf845d913cb05a8aa70,-5.71813257964719,-72.2284527356341,-0.178691643113975,6,6,6,matched,complete
ATP-HTVS-508A27B63548,61411,m_282030aaa____21928180____23157418____21950844,61411-1,92,运行/运行/ATP-VSW/ATP-VSW-DOCK_HTVS_1-003_lib/ATP-VSW-DOCK_HTVS_1-003_lib.mae,CC[N@@H+](C)Cc1cccc(CNc2nc3ccccc3nc2N[C@H](C)c2ccc(C#N)cc2)c1,CC[NH+](C)Cc1cccc(CNc2nc3ccccc3nc2NC(C)c2ccc(C#N)cc2)c1,c1ccc(CNc2nc3ccccc3nc2NCc2ccccc2)cc1,C28H31N6+,1.0,34.0,65.0,1.0,00e6518ef48059de13f6f3bfe497a82e971388d47cfc47d1346774d4b148050b,-5.15063493037038,-61.8257158215222,-0.151489262657952,2,2,2,matched,complete
ATP-HTVS-50911053B2F5,79745,rxn502b____EMOL535380____EMOL44466703____EMOL8314610,79745-4,541,运行/运行/ATP-VSW/ATP-VSW-DOCK_HTVS_1-001_lib/ATP-VSW-DOCK_HTVS_1-001_lib,O=C(Nc1nc2ccccc2cc1Nc1ccc([NH2+]CCO)cc1)[C@@H](Br)c1ccccc1,O=C(Nc1nc2ccccc2cc1Nc1ccc([NH2+]CCO)cc1)C(Br)c1ccccc1,O=C(Cc1ccccc1)Nc1nc2ccccc2cc1Nc1ccccc1,C25H24BrN4O2+,1.0,32.0,56.0,1.0,00ab1ece7c45d4cccf08b7c5d92dd37e946ac57105603e762c98aac00cf137fb,-3.73858985895772,-64.8918090379503,-0.116830933092429,4,4,4,matched,complete
ATP-HTVS-50DD7346FE25,89505,rxn512b____EMOL480026____EMOL720738____EMOL2873214,89505-1,406,运行/运行/ATP-VSW/ATP-VSW-DOCK_HTVS_1-001_lib/ATP-VSW-DOCK_HTVS_1-001_lib,C[NH+](C)Cc1cccc(CNc2csc(C(=O)NCc3cccc(F)c3)c2)c1,C[NH+](C)Cc1cccc(CNc2csc(C(=O)NCc3cccc(F)c3)c2)c1,O=C(NCc1ccccc1)c1cc(NCc2ccccc2)cs1,C22H25FN3OS+,1.0,28.0,53.0,1.0,12558d2a99feda123ccb18770902d480f861408484b3627594023765bc964d5e,-4.03709772507433,-49.1991027248084,-0.144182061609797,2,2,2,matched,complete
ATP-HTVS-510C24ACBA66,94817,rxn505a____EMOL18624763____EMOL313123100____EMOL49780033,94817-1,1103,运行/运行/ATP-VSW/ATP-VSW-DOCK_HTVS_1-001_lib/ATP-VSW-DOCK_HTVS_1-001_lib,C[NH+](C)Cc1ccc(C(=O)Nc2ncc(C#Cc3ccccc3NN)nc2-c2ccccc2)cc1,C[NH+](C)Cc1ccc(C(=O)Nc2ncc(C#Cc3ccccc3NN)nc2-c2ccccc2)cc1,O=C(Nc1ncc(C#Cc2ccccc2)nc1-c1ccccc1)c1ccccc1,C28H27N6O+,1.0,35.0,62.0,1.0,b5b9a2f7d740d826b22c04a2f821180efeae10e49448a508fddd8c3fcac1d390,-2.16502644605714,-45.034770843568,-0.0618578984587753,2,2,2,matched,complete
ATP-HTVS-512766A3F074,87874,rxn505b____EMOL18624763____EMOL313123100____EMOL485990,87874-1,1140,运行/运行/ATP-VSW/ATP-VSW-DOCK_HTVS_1-002_lib.maegz,C[NH+](C)Cc1ccc(C(=O)Nc2ncc(C#Cc3ccc(O)cc3)nc2-c2ccccc2)cc1,C[NH+](C)Cc1ccc(C(=O)Nc2ncc(C#Cc3ccc(O)cc3)nc2-c2ccccc2)cc1,O=C(Nc1ncc(C#Cc2ccccc2)nc1-c1ccccc1)c1ccccc1,C28H25N4O2+,1.0,34.0,59.0,1.0,d654584a2fccb8f99da8ee30f557a0a85ccee2b60eb9cf9562ceb53395e6d95f,-2.05307596639122,-32.1095936068084,-0.0603845872468005,2,2,2,matched,complete
ATP-HTVS-512BF8EF5FA0,50785,m_282030aaa____21926464____23157418____21966774,50785-2,1055,运行/运行/ATP-VSW/ATP-VSW-DOCK_HTVS_1-001_lib/ATP-VSW-DOCK_HTVS_1-001_lib,CN(C)Cc1ccc(CCNc2nc3ccccc3nc2NCC#Cc2cccnc2)cc1,CN(C)Cc1ccc(CCNc2nc3ccccc3nc2NCC#Cc2cccnc2)cc1,C(#Cc1cccnc1)CNc1nc2ccccc2nc1NCCc1ccccc1,C27H28N6,0.0,33.0,61.0,1.0,211b680d9edc817078701d696a60eef8c66490a3c4aa25264c6beafefbd8487e,-2.30799305500322,-47.4611176857711,-0.0699391834849462,1,1,1,matched,complete
ATP-HTVS-512DB2E888C1,97313,rxn503b____EMOL1959427____EMOL30488121____EMOL313110234,97313-4,92,运行/运行/ATP-VSW/ATP-VSW-DOCK_HTVS_1-002_lib.maegz,[NH3+][C@H](C#Cc1c(NC(=O)c2ccc(CS)cc2)cnc2ccccc12)Cc1cccc(F)c1,[NH3+]C(C#Cc1c(NC(=O)c2ccc(CS)cc2)cnc2ccccc12)Cc1cccc(F)c1,O=C(Nc1cnc2ccccc2c1C#CCCc1ccccc1)c1ccccc1,C27H23FN3OS+,1.0,33.0,56.0,1.0,79c643888e4586e1b74dad54586bd9b08cecf22dfe909ab698f1b58554a42a52,-5.17019705043283,-61.2953224045838,-0.156672637891904,1,1,1,matched,complete
ATP-HTVS-514A7FD93F10,90115,rxn102b____EMOL723898____EMOL6283223,90115-2,716,运行/运行/ATP-VSW/ATP-VSW-DOCK_HTVS_1-003_lib/ATP-VSW-DOCK_HTVS_1-003_lib.mae,Cc1ccccc1C[C@H](Nc1nc(N)c(Cc2ccccc2)c2ccccc12)C(=O)[O-],Cc1ccccc1CC(Nc1nc(N)c(Cc2ccccc2)c2ccccc12)C(=O)[O-],c1ccc(CCNc2ncc(Cc3ccccc3)c3ccccc23)cc1,C26H24N3O2-,-1.0,31.0,55.0,1.0,b73015c067f3b24b14c505a4fef6a90c14ed500f0c26a69eb1eb7e7ac57049d9,-3.19134530307272,-39.3270402639663,-0.102946622679765,1,1,1,matched,complete
ATP-HTVS-515F0CC44DE0,70113,rxn502b____EMOL480988____EMOL13728749____EMOL50155899,70113-3,1383,运行/运行/ATP-VSW/ATP-VSW-DOCK_HTVS_1-001_lib/ATP-VSW-DOCK_HTVS_1-001_lib,CN(C)Cc1ccc(CNc2cnc3ccccc3c2NC(=O)c2ccccc2Cl)cc1,CN(C)Cc1ccc(CNc2cnc3ccccc3c2NC(=O)c2ccccc2Cl)cc1,O=C(Nc1c(NCc2ccccc2)cnc2ccccc12)c1ccccc1,C26H25ClN4O,0.0,32.0,57.0,1.0,7f63372c44df7c120ef286d7b5c3e26c38b3366894076bf1b1e736c610730da8,-1.11964385990209,-40.5913260020272,-0.0349888706219403,1,1,1,matched,complete
ATP-HTVS-51861E5F66D2,67938,m_282030aaa____21930964____22360182____21940090,67938-2,160,运行/运行/ATP-VSW/ATP-VSW-DOCK_HTVS_1-002_lib.maegz,C[NH+](C)Cc1cccc(CNc2nc(NCc3cccc[nH+]3)[nH+]c3ccccc23)c1,C[NH+](C)Cc1cccc(CNc2nc(NCc3cccc[nH+]3)[nH+]c3ccccc23)c1,c1ccc(CNc2nc(NCc3cccc[nH+]3)[nH+]c3ccccc23)cc1,C24H29N6+3,3.0,30.0,59.0,1.0,13260ecbc98aa2dada0a997a1c30243f56d3758d3eaf3aa751c73c1fadfc454c,-4.86805691570754,-73.8996792423164,-0.162268563856918,5,5,5,matched,complete
ATP-HTVS-518A2BC6902B,53057,m_274952bba____12996510____12611784____19964910,53057-2,226,运行/运行/ATP-VSW/ATP-VSW-DOCK_HTVS_1-001_lib/ATP-VSW-DOCK_HTVS_1-001_lib,C[NH+](C)Cc1ccc(C[N@@H+](C)Cc2cn(-c3cccc(Br)c3)nn2)cc1,C[NH+](C)Cc1ccc(C[NH+](C)Cc2cn(-c3cccc(Br)c3)nn2)cc1,c1ccc(C[NH2+]Cc2cn(-c3ccccc3)nn2)cc1,C20H26BrN5+2,2.0,26.0,52.0,1.0,85d84b3ef578edd2c24373736a292e09331cda466c77d4da584288a76754d05d,-4.53556201259022,-62.4803626942508,-0.174444692791932,6,6,6,matched,complete
ATP-HTVS-5192BC4864D4,70497,rxn502c____EMOL300009321____EMOL29936549____EMOL2868412,70497-2,222,运行/运行/ATP-VSW/ATP-VSW-DOCK_HTVS_1-001_lib/ATP-VSW-DOCK_HTVS_1-001_lib,CC[NH+](CC)Cc1ccc(CNc2cnc(NC(=O)[C@@H](O)c3ccccc3)c3ccccc23)cc1,CC[NH+](CC)Cc1ccc(CNc2cnc(NC(=O)C(O)c3ccccc3)c3ccccc23)cc1,O=C(Cc1ccccc1)Nc1ncc(NCc2ccccc2)c2ccccc12,C29H33N4O2+,1.0,35.0,68.0,1.0,9eff1a1f0e79164d5cf773b84b945e2e7fda6dc19230f51696397c7120ebcd3b,-4.55831101802539,-56.5992337235882,-0.130237457657868,5,5,5,matched,complete
ATP-HTVS-51A8EA31A006,90307,rxn512c____EMOL488509____EMOL43362984____EMOL2873214,90307-1,1132,运行/运行/ATP-VSW/ATP-VSW-DOCK_HTVS_1-003_lib/ATP-VSW-DOCK_HTVS_1-003_lib.mae,CN(C(=O)c1c(NCc2cccc(C[NH+](C)C)c2)c2ccccc2[nH]c1=O)c1ccccn1,CN(C(=O)c1c(NCc2cccc(C[NH+](C)C)c2)c2ccccc2[nH]c1=O)c1ccccn1,O=C(Nc1ccccn1)c1c(NCc2ccccc2)c2ccccc2[nH]c1=O,C26H28N5O2+,1.0,33.0,61.0,1.0,f8a31c5e26c70bf02d80cc1400a6bb4f637908c10b5fd38d7121ead8d416e21a,-2.07323333519145,-49.3253329087922,-0.0628252525815591,3,3,3,matched,complete
ATP-HTVS-51D7DCB6F8E8,85793,rxn502b____EMOL511643____EMOL30488121____EMOL8314610,85793-2,430,运行/运行/ATP-VSW/ATP-VSW-DOCK_HTVS_1-001_lib/ATP-VSW-DOCK_HTVS_1-001_lib,O=C(Nc1c[nH+]c2ccccc2c1Nc1ccc(NCCO)cc1)c1cccc(F)c1,O=C(Nc1c[nH+]c2ccccc2c1Nc1ccc(NCCO)cc1)c1cccc(F)c1,O=C(Nc1c[nH+]c2ccccc2c1Nc1ccccc1)c1ccccc1,C24H22FN4O2+,1.0,31.0,53.0,1.0,8583259042ed66456901c2634b27fee6241647e26f0650d5507cf45b124ee93b,-3.97125230999212,-53.5914876055516,-0.128104913225552,3,3,3,matched,complete
ATP-HTVS-51FD2328387A,515,YAS_R004____OTV998841____OTV7113231893____OTV7020410266,515-5,556,运行/运行/ATP-VSW/ATP-VSW-DOCK_HTVS_1-003_lib/ATP-VSW-DOCK_HTVS_1-003_lib.mae,Cc1ccc([C@H](CNc2cc(COc3ccccc3)[nH+]c3c([O-])cccc23)[NH+](C)C)cc1,Cc1ccc(C(CNc2cc(COc3ccccc3)[nH+]c3c([O-])cccc23)[NH+](C)C)cc1,c1ccc(CCNc2cc(COc3ccccc3)[nH+]c3ccccc23)cc1,C27H30N3O2+,1.0,32.0,62.0,1.0,75d4ffdb22855ccc098473e1f18be0a9eec3d8959dbc94d7fea3b60479d6f543,-3.66917737483488,-59.2254077123586,-0.11466179296359,3,3,3,matched,complete
ATP-HTVS-523F9B5BEE3B,72899,rxn502b____EMOL20754534____EMOL13728749____EMOL2873214,72899-1,128,运行/运行/ATP-VSW/ATP-VSW-DOCK_HTVS_1-003_lib/ATP-VSW-DOCK_HTVS_1-003_lib.mae,CC(=O)c1ccc(CC(=O)Nc2c(NCc3cccc(C[NH+](C)C)c3)cnc3ccccc23)cc1,CC(=O)c1ccc(CC(=O)Nc2c(NCc3cccc(C[NH+](C)C)c3)cnc3ccccc23)cc1,O=C(Cc1ccccc1)Nc1c(NCc2ccccc2)cnc2ccccc12,C29H31N4O2+,1.0,35.0,66.0,1.0,5b246cfe5a72d0dc034c8066f68635f1d8f0101ecc5cfe21c84a2f4c9f1f0781,-4.98086634625415,-62.8118902618096,-0.142310467035833,3,3,3,matched,complete
ATP-HTVS-52495E42CB55,54529,m_282030aaa____21916804____22360182____21973156,54529-1,332,运行/运行/ATP-VSW/ATP-VSW-DOCK_HTVS_1-001_lib/ATP-VSW-DOCK_HTVS_1-001_lib,C[C@@H](Nc1nc(NCc2ccccc2C[NH+](C)C)c2ccccc2[nH+]1)c1ccc(C#N)cc1F,CC(Nc1nc(NCc2ccccc2C[NH+](C)C)c2ccccc2[nH+]1)c1ccc(C#N)cc1F,c1ccc(CNc2nc(NCc3ccccc3)c3ccccc3[nH+]2)cc1,C27H29FN6+2,2.0,34.0,63.0,1.0,92bfbcde1783f6e482d1fbd68b436299583a37ad25d7278dcb16a83a63bf6a30,-4.24639373005308,-47.7772357690729,-0.124893933236855,4,4,4,matched,complete
ATP-HTVS-524A2C000135,32450,m_270004bbb____8349656____13425708,32450-2,689,运行/运行/ATP-VSW/ATP-VSW-DOCK_HTVS_1-002_lib.maegz,C[NH+](C)Cc1cccc(CNCc2c(-c3ccc(F)cc3)nc3ccc(F)cn23)c1,C[NH+](C)Cc1cccc(CNCc2c(-c3ccc(F)cc3)nc3ccc(F)cn23)c1,c1ccc(CNCc2c(-c3ccccc3)nc3ccccn23)cc1,C24H25F2N4+,1.0,30.0,55.0,1.0,39bdb4bffcee884d140213f38a6d91d14d121160195b4c581d26df5731effc10,-3.33972778406477,-52.1754990096115,-0.111324259468826,3,3,3,matched,complete
ATP-HTVS-52625044C5D9,31809,m_282030aaa____21931890____22360182____21940090,31809-6,1410,运行/运行/ATP-VSW/ATP-VSW-DOCK_HTVS_1-001_lib/ATP-VSW-DOCK_HTVS_1-001_lib,C[C@H](Nc1nc(NCc2cccc(C[NH+](C)C)c2)nc2ccccc12)c1ccc(Br)cc1,CC(Nc1nc(NCc2cccc(C[NH+](C)C)c2)nc2ccccc12)c1ccc(Br)cc1,c1ccc(CNc2nc(NCc3ccccc3)c3ccccc3n2)cc1,C26H29BrN5+,1.0,32.0,61.0,1.0,351e8db04ca3a613f3905d168a8bd2d02a943bf83482cca50cf4c994be4cb8be,-0.872092791012185,-42.5444419014099,-0.0272528997191308,1,1,1,matched,complete
ATP-HTVS-52816E9DAB39,70209,rxn502b____EMOL530620____EMOL7515103____EMOL44153840,70209-2,667,运行/运行/ATP-VSW/ATP-VSW-DOCK_HTVS_1-001_lib/ATP-VSW-DOCK_HTVS_1-001_lib,CCN(CC)Cc1cccc(CNc2cnc(NC(=O)Cc3ccccc3)c3ccccc23)c1,CCN(CC)Cc1cccc(CNc2cnc(NC(=O)Cc3ccccc3)c3ccccc23)c1,O=C(Cc1ccccc1)Nc1ncc(NCc2ccccc2)c2ccccc12,C29H32N4O,0.0,34.0,66.0,1.0,5e4b41d93e01a122cafc7e917b5a2e7da35c22c74b686ae557bd4ac948a153bd,-3.39630258537511,-63.4590406022389,-0.0998912525110326,2,2,2,matched,complete
ATP-HTVS-52B20567BA88,12577,a2____240755____114735,12577-2,240,运行/运行/ATP-VSW/ATP-VSW-DOCK_HTVS_1-001_lib/ATP-VSW-DOCK_HTVS_1-001_lib,Oc1ccc([C@H](O)CNc2cnc(-c3ccccc3)c(-c3ccccc3)n2)cc1,Oc1ccc(C(O)CNc2cnc(-c3ccccc3)c(-c3ccccc3)n2)cc1,c1ccc(CCNc2cnc(-c3ccccc3)c(-c3ccccc3)n2)cc1,C24H21N3O2,0.0,29.0,50.0,1.0,f45058629b3e27f190d15273eb2385e9b7c77e3ec1ec7cfb2eff560dacea3652,-4.50267727696198,-47.3900665791538,-0.155264733688344,2,2,2,matched,complete
ATP-HTVS-52BA94C773EB,97153,rxn503b____EMOL14063046____EMOL44466703____EMOL317509298,97153-4,356,运行/运行/ATP-VSW/ATP-VSW-DOCK_HTVS_1-002_lib.maegz,C[C@H]([NH2+]CC#Cc1cc2ccccc2nc1NC(=O)c1cc(Cl)cc(C#N)c1)c1ccccc1F,CC([NH2+]CC#Cc1cc2ccccc2nc1NC(=O)c1cc(Cl)cc(C#N)c1)c1ccccc1F,O=C(Nc1nc2ccccc2cc1C#CC[NH2+]Cc1ccccc1)c1ccccc1,C28H21ClFN4O+,1.0,35.0,56.0,1.0,3ce4ce4bad9a4f7193c942603a61c9fc264235ce1a52bd51053eb0f0e5000d5c,-4.24212693476088,-55.7714846663128,-0.121203626707454,1,1,1,matched,complete
ATP-HTVS-52CC222D68E9,81987,rxn502a____EMOL530620____EMOL729060____EMOL50155899,81987-1,295,运行/运行/ATP-VSW/ATP-VSW-DOCK_HTVS_1-003_lib/ATP-VSW-DOCK_HTVS_1-003_lib.mae,C[NH+](C)Cc1ccc(CNc2cc(F)cnc2NC(=O)Cc2ccccc2)cc1,C[NH+](C)Cc1ccc(CNc2cc(F)cnc2NC(=O)Cc2ccccc2)cc1,O=C(Cc1ccccc1)Nc1ncccc1NCc1ccccc1,C23H26FN4O+,1.0,29.0,55.0,1.0,683519c8c89b5e525de28c7afce0653e83ac230101ee467de1d13675c64ea66e,-4.35969023596325,-51.4369833379612,-0.150334146067698,2,2,2,matched,complete
ATP-HTVS-52D7AA6D1B75,23138,m_270004bbb____8353320____7548986,23138-1,322,运行/运行/ATP-VSW/ATP-VSW-DOCK_HTVS_1-002_lib.maegz,Cc1ccc(OCc2nc(C[NH2+]Cc3ccccc3C[NH+](C)C)cs2)cc1,Cc1ccc(OCc2nc(C[NH2+]Cc3ccccc3C[NH+](C)C)cs2)cc1,c1ccc(C[NH2+]Cc2csc(COc3ccccc3)n2)cc1,C22H29N3OS+2,2.0,27.0,56.0,1.0,11e402eb58e16e5d4269c3b1ef289abb0fbd4e63ac5a17bc8c6a955c595bf4be,-4.32193306910399,-53.3033668720812,-0.160071595152,4,4,4,matched,complete
ATP-HTVS-52F407909F9A,88994,rxn112____EMOL300011657____EMOL193759265,88994-2,87,运行/运行/ATP-VSW/ATP-VSW-DOCK_HTVS_1-002_lib.maegz,CN(C)c1ccc([C@@H](O)Cc2cc(-c3ccccn3)nc3ccccc23)cc1,CN(C)c1ccc(C(O)Cc2cc(-c3ccccn3)nc3ccccc23)cc1,c1ccc(CCc2cc(-c3ccccn3)nc3ccccc23)cc1,C24H23N3O,0.0,28.0,51.0,1.0,4e74d1cfe474c740f15b441c6f93e9055926a7dfe2b52d72525623fede7c088e,-5.22710969195354,-49.1415830681174,-0.186682488998341,2,2,2,matched,complete
ATP-HTVS-53075BACB2C6,93475,rxn512b____EMOL906257____EMOL49851977____EMOL2873214,93475-1,165,运行/运行/ATP-VSW/ATP-VSW-DOCK_HTVS_1-003_lib/ATP-VSW-DOCK_HTVS_1-003_lib.mae,C[NH+](C)Cc1cccc(CNc2cc(Cl)sc2C(=O)N[C@@H](C#N)c2ccc(F)cc2)c1,C[NH+](C)Cc1cccc(CNc2cc(Cl)sc2C(=O)NC(C#N)c2ccc(F)cc2)c1,O=C(NCc1ccccc1)c1sccc1NCc1ccccc1,C23H23ClFN4OS+,1.0,31.0,54.0,1.0,f1a94efd7c0e3b20d6efd42a00c3ceb9b054be2beb9e0ff610aa4c795e45a3bb,-4.80489479019906,-60.1419867735007,-0.154996606135453,4,4,4,matched,complete
ATP-HTVS-531A4B252985,78049,rxn502b____EMOL18624763____EMOL30488121____EMOL37358567,78049-1,312,运行/运行/ATP-VSW/ATP-VSW-DOCK_HTVS_1-001_lib/ATP-VSW-DOCK_HTVS_1-001_lib,C[NH+](C)Cc1ccc(C(=O)Nc2c[nH+]c3ccccc3c2N(CC#N)Cc2cccc(Cl)c2)cc1,C[NH+](C)Cc1ccc(C(=O)Nc2c[nH+]c3ccccc3c2N(CC#N)Cc2cccc(Cl)c2)cc1,O=C(Nc1c[nH+]c2ccccc2c1NCc1ccccc1)c1ccccc1,C28H28ClN5O+2,2.0,35.0,63.0,1.0,59ca2cfe367c51449dcbbf4c71a7eb857b169a56f98fe246c1b03537d1c0bf75,-4.3066981691611,-62.2239054805078,-0.123048519118889,4,4,4,matched,complete
ATP-HTVS-531EE93584A6,1955,YAS_R004____OTV2825775____OTV1051744____OTV1055862,1955-2,175,运行/运行/ATP-VSW/ATP-VSW-DOCK_HTVS_1-003_lib/ATP-VSW-DOCK_HTVS_1-003_lib.mae,Cc1ccc([C@H](O)CNc2cc(-c3ccccn3)nc3c(F)cccc23)cc1,Cc1ccc(C(O)CNc2cc(-c3ccccn3)nc3c(F)cccc23)cc1,c1ccc(CCNc2cc(-c3ccccn3)nc3ccccc23)cc1,C23H20FN3O,0.0,28.0,48.0,1.0,7729eadbf527097c0513032363e43e9372d3e0a21a332be2238a10ec292cd7c7,-4.76411348371322,-49.9861308942964,-0.170146910132615,2,2,2,matched,complete
ATP-HTVS-532EC38BED39,25314,m_282030aaa____21926464____22360182____21950834,25314-1,441,运行/运行/ATP-VSW/ATP-VSW-DOCK_HTVS_1-002_lib.maegz,C[NH+](C)Cc1ccc(CCNc2nc(N[C@H](CC(N)=O)c3ccccc3)c3ccccc3[nH+]2)cc1,C[NH+](C)Cc1ccc(CCNc2nc(NC(CC(N)=O)c3ccccc3)c3ccccc3[nH+]2)cc1,c1ccc(CCNc2nc(NCc3ccccc3)c3ccccc3[nH+]2)cc1,C28H34N6O+2,2.0,35.0,69.0,1.0,0d595c278fd5205230a39d335ba76c82a071970a7f8a1058c167f1dd95875afc,-3.99743382120538,-55.5786884747263,-0.114212394891582,6,6,6,matched,complete
ATP-HTVS-5359DC82CCCB,23171,m_270004bbb____8299102____21002124,23171-4,1098,运行/运行/ATP-VSW/ATP-VSW-DOCK_HTVS_1-003_lib/ATP-VSW-DOCK_HTVS_1-003_lib.mae,Cc1ccc([C@H](O)CNCc2c(OCc3ccccc3)ccc3ccccc23)cc1,Cc1ccc(C(O)CNCc2c(OCc3ccccc3)ccc3ccccc23)cc1,c1ccc(CCNCc2c(OCc3ccccc3)ccc3ccccc23)cc1,C27H27NO2,0.0,30.0,57.0,1.0,7c46d11301124cce871b2bf483bfa7e7ca7728e2b86c165c13713c0db344e2e0,-2.1582596766007,-47.3027441185052,-0.0719419892200232,1,1,1,matched,complete
ATP-HTVS-53CB9D69C030,33121,m_270004bca____24158756____7547734,33121-6,761,运行/运行/ATP-VSW/ATP-VSW-DOCK_HTVS_1-001_lib/ATP-VSW-DOCK_HTVS_1-001_lib,C=CC[N@H+](C)Cc1ccc(CN(C)Cc2cn(-c3ccccc3)nc2-c2cccc(Cl)c2)cc1,C=CC[NH+](C)Cc1ccc(CN(C)Cc2cn(-c3ccccc3)nc2-c2cccc(Cl)c2)cc1,c1ccc(CNCc2cn(-c3ccccc3)nc2-c2ccccc2)cc1,C29H32ClN4+,1.0,34.0,66.0,1.0,3a929a785b07476e4afc160794c27abdd44f075d0e826bf2e763ff6fb486a873,-3.13087056742927,-51.8474947184766,-0.092084428453802,1,1,1,matched,complete
ATP-HTVS-5401EBEC1B21,77091,rxn502b____EMOL480353____EMOL13728749____EMOL932560,77091-1,419,运行/运行/ATP-VSW/ATP-VSW-DOCK_HTVS_1-003_lib/ATP-VSW-DOCK_HTVS_1-003_lib.mae,C[NH+](C)[C@@H](CNc1cnc2ccccc2c1NC(=O)c1ccccc1)c1ccccc1Cl,C[NH+](C)C(CNc1cnc2ccccc2c1NC(=O)c1ccccc1)c1ccccc1Cl,O=C(Nc1c(NCCc2ccccc2)cnc2ccccc12)c1ccccc1,C26H26ClN4O+,1.0,32.0,58.0,1.0,b79e04f7e5da5f4e2e242e141b32da5bb0bcf83f9d8cdd4837b18ed123f22a65,-3.97850563115708,-53.4195685145261,-0.124328300973659,6,6,6,matched,complete
ATP-HTVS-54143804256C,38146,m_2230bbb____22404674____681478,38146-2,49,运行/运行/ATP-VSW/ATP-VSW-DOCK_HTVS_1-002_lib.maegz,CC(=O)N(c1nc(C[NH2+][C@@H](C)c2ccc(C[NH+](C)C)cc2)cs1)c1ccccc1F,CC(=O)N(c1nc(C[NH2+]C(C)c2ccc(C[NH+](C)C)cc2)cs1)c1ccccc1F,c1ccc(C[NH2+]Cc2csc(Nc3ccccc3)n2)cc1,C23H29FN4OS+2,2.0,30.0,59.0,1.0,267aa9d15d3efe71e3cc6e9b55bb15b84566bdc3822e75b184a4845d744b6c6d,-5.62338343586215,-78.1254984595799,-0.187446114528738,8,8,8,matched,complete
ATP-HTVS-5425AB1A5C10,35457,m_282030aaa____21928162____23157418____21940090,35457-2,387,运行/运行/ATP-VSW/ATP-VSW-DOCK_HTVS_1-001_lib/ATP-VSW-DOCK_HTVS_1-001_lib,C[C@H](Nc1nc2ccccc2nc1NCc1cccc(C[NH+](C)C)c1)c1cc(F)ccc1F,CC(Nc1nc2ccccc2nc1NCc1cccc(C[NH+](C)C)c1)c1cc(F)ccc1F,c1ccc(CNc2nc3ccccc3nc2NCc2ccccc2)cc1,C26H28F2N5+,1.0,33.0,61.0,1.0,680da3b444ff1a80bef1ee8e9881bbeb992ed31a83152527075efb3d0adf1d0e,-4.0848627410535,-54.1283987659999,-0.123783719425864,1,1,1,matched,complete
ATP-HTVS-542A37ED863C,14243,a1____51052____400834,14243-2,569,运行/运行/ATP-VSW/ATP-VSW-DOCK_HTVS_1-003_lib/ATP-VSW-DOCK_HTVS_1-003_lib.mae,Cc1ccc(Oc2cc(C(=O)N(C)c3ccccc3)[nH+]c3ccccc23)cc1,Cc1ccc(Oc2cc(C(=O)N(C)c3ccccc3)[nH+]c3ccccc23)cc1,O=C(Nc1ccccc1)c1cc(Oc2ccccc2)c2ccccc2[nH+]1,C24H21N2O2+,1.0,28.0,49.0,1.0,cefcc7c5efe6e2ff2580a0b9b021409bff35a4219b8f1dc9f8c3b0f019d752ea,-3.62532293838666,-47.6790657138249,-0.129475819228095,1,1,1,matched,complete
ATP-HTVS-542AD0F295EC,98561,rxn512b____EMOL8314610____EMOL477682____EMOL2739194,98561-1,306,运行/运行/ATP-VSW/ATP-VSW-DOCK_HTVS_1-002_lib.maegz,O=C(CCn1c(-c2ccccc2)cc(=O)c2ccccc21)Nc1ccc(NCCO)cc1,O=C(CCn1c(-c2ccccc2)cc(=O)c2ccccc21)Nc1ccc(NCCO)cc1,O=C(CCn1c(-c2ccccc2)cc(=O)c2ccccc21)Nc1ccccc1,C26H25N3O3,0.0,32.0,57.0,1.0,0552a5414a70dad1a8a6114a4ab225aec3797b257a272665007d483e44280cf7,-4.3642374173137,-56.3757615763168,-0.136382419291053,1,1,1,matched,complete
ATP-HTVS-545253A9A90F,83842,rxn502b____EMOL1542108____EMOL7515103____EMOL24630243,83842-2,449,运行/运行/ATP-VSW/ATP-VSW-DOCK_HTVS_1-002_lib.maegz,CN(c1cnc(NC(=O)c2ccccc2OCC[NH+](C)C)c2ccccc12)[C@H](C#N)c1ccccc1,CN(c1cnc(NC(=O)c2ccccc2OCC[NH+](C)C)c2ccccc12)C(C#N)c1ccccc1,O=C(Nc1ncc(NCc2ccccc2)c2ccccc12)c1ccccc1,C29H30N5O2+,1.0,36.0,66.0,1.0,db22fddfe1c65e12c3ea05ca355a394b2fea271974cdbc3411e70fb1ba8b9ee4,-3.97688013494276,-55.084592498435,-0.110468892637299,4,4,4,matched,complete
ATP-HTVS-5494A1B9D9EC,67939,m_282030aaa____21930962____22360182____21940090,67939-2,226,运行/运行/ATP-VSW/ATP-VSW-DOCK_HTVS_1-003_lib/ATP-VSW-DOCK_HTVS_1-003_lib.mae,C[NH+](C)Cc1cccc(CNc2nc(NCc3cc[nH+]cc3)[nH+]c3ccccc23)c1,C[NH+](C)Cc1cccc(CNc2nc(NCc3cc[nH+]cc3)[nH+]c3ccccc23)c1,c1ccc(CNc2nc(NCc3cc[nH+]cc3)[nH+]c3ccccc23)cc1,C24H29N6+3,3.0,30.0,59.0,1.0,ac03a59c2eb00f8176cf4c43e15155441c698894b36e14832fb79400890c35a8,-4.57214515526941,-64.8267016313409,-0.15240483850898,5,5,5,matched,complete
ATP-HTVS-54A1786C1F00,83457,rxn503b____EMOL491815____EMOL44466703____EMOL313110234,83457-7,6,运行/运行/ATP-VSW/ATP-VSW-DOCK_HTVS_1-001_lib/ATP-VSW-DOCK_HTVS_1-001_lib,[NH3+][C@H](C#Cc1cc2ccccc2nc1NC(=O)[C@H](O)c1ccc(Cl)cc1)Cc1cccc(F)c1,[NH3+]C(C#Cc1cc2ccccc2nc1NC(=O)C(O)c1ccc(Cl)cc1)Cc1cccc(F)c1,O=C(Cc1ccccc1)Nc1nc2ccccc2cc1C#CCCc1ccccc1,C27H22ClFN3O2+,1.0,34.0,56.0,1.0,c356d23b17ed861bfc335cc6ea45ac1ee725422a1de11237299e14fefe2012a2,-6.26897481874173,-82.4643768815005,-0.184381612315933,8,8,8,matched,complete
ATP-HTVS-54E64C0F11AA,71361,rxn512b____EMOL480996____EMOL10439745____EMOL50155899,71361-1,89,运行/运行/ATP-VSW/ATP-VSW-DOCK_HTVS_1-001_lib/ATP-VSW-DOCK_HTVS_1-001_lib,CN(Cc1ccccc1)C(=O)c1cscc1NCc1ccc(C[NH+](C)C)cc1,CN(Cc1ccccc1)C(=O)c1cscc1NCc1ccc(C[NH+](C)C)cc1,O=C(NCc1ccccc1)c1cscc1NCc1ccccc1,C23H28N3OS+,1.0,28.0,56.0,1.0,2ea7fc816cfe3c1443fa2b4ebbb5a61508a438f9e5980328adcaa506dc1c3a32,-5.07565913399705,-53.8120403650111,-0.181273540499895,2,2,2,matched,complete
ATP-HTVS-54ED83DE83DA,86306,rxn502b____EMOL5415347____EMOL13728749____EMOL17149431,86306-4,1337,运行/运行/ATP-VSW/ATP-VSW-DOCK_HTVS_1-002_lib.maegz,C[C@@H](c1ccccc1)N(C)c1cnc2ccccc2c1NC(=O)c1ccccc1CN(C)C,CC(c1ccccc1)N(C)c1cnc2ccccc2c1NC(=O)c1ccccc1CN(C)C,O=C(Nc1c(NCc2ccccc2)cnc2ccccc12)c1ccccc1,C28H30N4O,0.0,33.0,63.0,1.0,a502602d8fc956f9d33a218725da786f03956a7aedbac9c1032b60e520d5f1b5,-1.32076819684562,-40.4920236756336,-0.0400232786922917,1,1,1,matched,complete
ATP-HTVS-553AACDE3786,19939,WXDL_15E____QS5063____LN00190257____BT0852,19939-1,58,运行/运行/ATP-VSW/ATP-VSW-DOCK_HTVS_1-003_lib/ATP-VSW-DOCK_HTVS_1-003_lib.mae,COc1cccc(-c2cnc(C[NH2+]Cc3ccc(C[NH+](C)C)cc3)nc2)c1,COc1cccc(-c2cnc(C[NH2+]Cc3ccc(C[NH+](C)C)cc3)nc2)c1,c1ccc(C[NH2+]Cc2ncc(-c3ccccc3)cn2)cc1,C22H28N4O+2,2.0,27.0,55.0,1.0,66e89068eac07b1f9e252aa7980986b8b6715ab27d841cdd7f58712ff3b28b55,-5.42432199151396,-69.8345992445995,-0.200900814500517,4,4,4,matched,complete
ATP-HTVS-555FA00075E9,85825,rxn502b____EMOL44462884____EMOL30488121____EMOL49839592,85825-3,91,运行/运行/ATP-VSW/ATP-VSW-DOCK_HTVS_1-001_lib/ATP-VSW-DOCK_HTVS_1-001_lib,CCN(c1c(NC(=O)[C@H](O)Cc2ccc(Cl)cc2)c[nH+]c2ccccc12)[C@H](C#N)c1ccccc1,CCN(c1c(NC(=O)C(O)Cc2ccc(Cl)cc2)c[nH+]c2ccccc12)C(C#N)c1ccccc1,O=C(CCc1ccccc1)Nc1c[nH+]c2ccccc2c1NCc1ccccc1,C28H26ClN4O2+,1.0,35.0,61.0,1.0,af27bd2b8c0a114ea20d63abc81e90a01e714f754f0d22e760a329a43e1e028c,-5.07013627124325,-57.8028575991006,-0.144861036321236,6,6,6,matched,complete
ATP-HTVS-5589B4ED8BC3,58051,m_270004dbb____18237028____7547806,58051-1,207,运行/运行/ATP-VSW/ATP-VSW-DOCK_HTVS_1-003_lib/ATP-VSW-DOCK_HTVS_1-003_lib.mae,Fc1cccc(Br)c1C[NH2+]Cc1cn(-c2ccccc2)nc1-c1ccncc1,Fc1cccc(Br)c1C[NH2+]Cc1cn(-c2ccccc2)nc1-c1ccncc1,c1ccc(C[NH2+]Cc2cn(-c3ccccc3)nc2-c2ccncc2)cc1,C22H19BrFN4+,1.0,28.0,47.0,1.0,7630a07c922aa1d30ca68aab7cfd2faae43e7d95d986e846e069d6cc715b4279,-4.64091671545693,-61.4425398190807,-0.165747025552033,1,1,1,matched,complete
ATP-HTVS-559A97C754E4,23137,m_270004bbb____8349656____7548986,23137-1,212,运行/运行/ATP-VSW/ATP-VSW-DOCK_HTVS_1-001_lib/ATP-VSW-DOCK_HTVS_1-001_lib,Cc1ccc(OCc2nc(C[NH2+]Cc3cccc(C[NH+](C)C)c3)cs2)cc1,Cc1ccc(OCc2nc(C[NH2+]Cc3cccc(C[NH+](C)C)c3)cs2)cc1,c1ccc(C[NH2+]Cc2csc(COc3ccccc3)n2)cc1,C22H29N3OS+2,2.0,27.0,56.0,1.0,b6beda3e6bad8ffb060ca40a066085b7432458de9c61842a9767920426ff2735,-4.59022117165874,-56.997380133879,-0.170008191542916,4,4,4,matched,complete
ATP-HTVS-55C340552E65,92289,rxn501b____EMOL18624763____EMOL44466703____EMOL530468,92289-1,365,运行/运行/ATP-VSW/ATP-VSW-DOCK_HTVS_1-001_lib/ATP-VSW-DOCK_HTVS_1-001_lib,C[NH+](C)Cc1ccc(C(=O)Nc2nc3ccccc3cc2-c2ccccc2)cc1,C[NH+](C)Cc1ccc(C(=O)Nc2nc3ccccc3cc2-c2ccccc2)cc1,O=C(Nc1nc2ccccc2cc1-c1ccccc1)c1ccccc1,C25H24N3O+,1.0,29.0,53.0,1.0,71cb3fb4fad98eae9a5bb3a95a22a7cb3d5dca40155974fb5bc789c22d31fa96,-4.16592419071402,-46.2895002932897,-0.143652558300483,2,2,2,matched,complete
ATP-HTVS-560CD6AB75AE,93730,rxn102c____EMOL480022____EMOL6185419,93730-1,336,运行/运行/ATP-VSW/ATP-VSW-DOCK_HTVS_1-002_lib.maegz,C[NH2+]Cc1ccccc1N1CC(=O)Nc2ccccc2[C@H]1c1ccccc1,C[NH2+]Cc1ccccc1N1CC(=O)Nc2ccccc2C1c1ccccc1,O=C1CN(c2ccccc2)C(c2ccccc2)c2ccccc2N1,C23H24N3O+,1.0,27.0,51.0,1.0,894fea38e335b9cf1d4a25a55fc4e4e9067dd90e7c70088645c245daf7d2725f,-4.28847132496355,-52.2644358246386,-0.158832271294946,4,4,4,matched,complete
ATP-HTVS-56362DCB1C38,56802,m_282030aaa____21926464____23157418____21950004,56802-1,145,运行/运行/ATP-VSW/ATP-VSW-DOCK_HTVS_1-002_lib.maegz,C[NH+](C)Cc1ccc(CCNc2nc3ccccc3nc2NCc2cncc(Cl)c2)cc1,C[NH+](C)Cc1ccc(CCNc2nc3ccccc3nc2NCc2cncc(Cl)c2)cc1,c1ccc(CCNc2nc3ccccc3nc2NCc2cccnc2)cc1,C25H28ClN6+,1.0,32.0,60.0,1.0,0a067999dd96a25ba103e1ad784f32af3663588bdd660dc508513d0cff0ca16a,-4.92077579272637,-62.1504155622213,-0.153774243522699,1,1,1,matched,complete
ATP-HTVS-563DC51EEC46,75746,rxn512c____EMOL24630243____EMOL36725275____EMOL25678448,75746-3,581,运行/运行/ATP-VSW/ATP-VSW-DOCK_HTVS_1-002_lib.maegz,CC[NH+](CC)Cc1ccc(NC(=O)c2c[nH+]c3ccc(F)cc3c2N(C)[C@@H](C#N)c2ccccc2)cc1,CC[NH+](CC)Cc1ccc(NC(=O)c2c[nH+]c3ccc(F)cc3c2N(C)C(C#N)c2ccccc2)cc1,O=C(Nc1ccccc1)c1c[nH+]c2ccccc2c1NCc1ccccc1,C30H32FN5O+2,2.0,37.0,69.0,1.0,ad2cfe2f2f32f8c1bf937438b88d13119e0ae5eceeb6b2efce75b9cbf336f9bf,-3.63307419776756,-57.762142231641,-0.0981911945342583,2,2,2,matched,complete
ATP-HTVS-5658ECC62B06,77859,rxn512b____EMOL480615____EMOL44846536____EMOL50155899,77859-1,261,运行/运行/ATP-VSW/ATP-VSW-DOCK_HTVS_1-003_lib/ATP-VSW-DOCK_HTVS_1-003_lib.mae,C[NH+](C)Cc1ccc(CNc2cc(C(=O)NCc3ccccc3)sc2Cl)cc1,C[NH+](C)Cc1ccc(CNc2cc(C(=O)NCc3ccccc3)sc2Cl)cc1,O=C(NCc1ccccc1)c1cc(NCc2ccccc2)cs1,C22H25ClN3OS+,1.0,28.0,53.0,1.0,8ed2d9a3da74eed5cf40e08ba77020ae5b0fdc4c4995b68343ed6ee84dd6fdfb,-4.46626985467977,-53.6742105438087,-0.159509637667135,2,2,2,matched,complete
ATP-HTVS-5694EB72FE49,38083,m_2230bdc____17849930____20058632,38083-1,1271,运行/运行/ATP-VSW/ATP-VSW-DOCK_HTVS_1-003_lib/ATP-VSW-DOCK_HTVS_1-003_lib.mae,O=C1CN(Cc2c(F)cc(Cl)cc2F)[C@H](c2ccccc2)c2ccccc2N1,O=C1CN(Cc2c(F)cc(Cl)cc2F)C(c2ccccc2)c2ccccc2N1,O=C1CN(Cc2ccccc2)C(c2ccccc2)c2ccccc2N1,C22H17ClF2N2O,0.0,28.0,45.0,1.0,3f07de5ef25f5d2034515c36ee7d0e2081dabb7c1658eea6a295bd5c43ecd5da,-1.63937460228471,-31.4523400201049,-0.0585490929387396,2,2,2,matched,complete
ATP-HTVS-569AAE7497B4,63426,m_282030aaa____21928796____23157418____21945356,63426-1,395,运行/运行/ATP-VSW/ATP-VSW-DOCK_HTVS_1-002_lib.maegz,C[NH+](C)Cc1cccc(CNc2nc3ccccc3nc2NCc2ccc(S(N)(=O)=O)cc2)c1,C[NH+](C)Cc1cccc(CNc2nc3ccccc3nc2NCc2ccc(S(N)(=O)=O)cc2)c1,c1ccc(CNc2nc3ccccc3nc2NCc2ccccc2)cc1,C25H29N6O2S+,1.0,34.0,63.0,1.0,5a9a26b36045984af38ebf929e4632de1debdbdc56c050ba3a46b222ac6f0a74,-4.11476854006704,-57.5771599089367,-0.121022604119619,2,2,2,matched,complete
ATP-HTVS-56BFCD0C6B29,72193,rxn502b____EMOL511643____EMOL13728749____EMOL2868412,72193-3,1242,运行/运行/ATP-VSW/ATP-VSW-DOCK_HTVS_1-001_lib/ATP-VSW-DOCK_HTVS_1-001_lib,CCN(CC)Cc1ccc(CNc2cnc3ccccc3c2NC(=O)c2cccc(F)c2)cc1,CCN(CC)Cc1ccc(CNc2cnc3ccccc3c2NC(=O)c2cccc(F)c2)cc1,O=C(Nc1c(NCc2ccccc2)cnc2ccccc12)c1ccccc1,C28H29FN4O,0.0,34.0,63.0,1.0,a50a4778c538c9abefb77544b78a2a07e2a2a8b980ba070d46e2df233336d2fd,-1.75816803631129,-49.3947961552519,-0.0517108245973908,1,1,1,matched,complete
ATP-HTVS-57132EA8AA79,36161,m_282030aaa____21926464____23157418____21937252,36161-1,552,运行/运行/ATP-VSW/ATP-VSW-DOCK_HTVS_1-001_lib/ATP-VSW-DOCK_HTVS_1-001_lib,Cc1ccc(CNc2nc3ccccc3nc2NCCc2ccc(C[NH+](C)C)cc2)c(N)c1,Cc1ccc(CNc2nc3ccccc3nc2NCCc2ccc(C[NH+](C)C)cc2)c(N)c1,c1ccc(CCNc2nc3ccccc3nc2NCc2ccccc2)cc1,C27H33N6+,1.0,33.0,66.0,1.0,0d38ad037067c0dea010dd6eb7e1081eb2a219b4c32e45a825e3d9960ef1b2ff,-3.70349317721879,-45.391852519058,-0.112227065976327,2,2,2,matched,complete
ATP-HTVS-572BFDBE8187,1059,YAS_R006____OTV5753507____OTV7113231893____OTV1055862,1059-1,548,运行/运行/ATP-VSW/ATP-VSW-DOCK_HTVS_1-003_lib/ATP-VSW-DOCK_HTVS_1-003_lib.mae,Cc1ccc([C@@H](O)CNc2nc(COc3ccccc3)nc3ccccc23)cc1,Cc1ccc(C(O)CNc2nc(COc3ccccc3)nc3ccccc23)cc1,c1ccc(CCNc2nc(COc3ccccc3)nc3ccccc23)cc1,C24H23N3O2,0.0,29.0,52.0,1.0,a5e60b5e2179ad77f597f1d929067d3340ed6400ff672c5d268df876440072b6,-3.67871721653425,-42.53149595384,-0.126852317811526,3,3,3,matched,complete
ATP-HTVS-57A1B32CE9AA,90337,rxn501b____EMOL5415347____EMOL13728749____EMOL299961778,90337-1,301,运行/运行/ATP-VSW/ATP-VSW-DOCK_HTVS_1-001_lib/ATP-VSW-DOCK_HTVS_1-001_lib,C[NH+](C)Cc1ccccc1C(=O)Nc1c(-c2ccncc2Cl)cnc2ccccc12,C[NH+](C)Cc1ccccc1C(=O)Nc1c(-c2ccncc2Cl)cnc2ccccc12,O=C(Nc1c(-c2ccncc2)cnc2ccccc12)c1ccccc1,C24H22ClN4O+,1.0,30.0,52.0,1.0,78d32c2c3ef0ab2ecb90a1987fc04cefc8bf9bc9b9aaf9505217a67164e7f677,-4.34038989314633,-51.4605635870527,-0.144679663104878,3,3,3,matched,complete
ATP-HTVS-57B04A124BC1,76577,rxn502b____EMOL31412043____EMOL44466703____EMOL24630243,76577-1,311,运行/运行/ATP-VSW/ATP-VSW-DOCK_HTVS_1-001_lib/ATP-VSW-DOCK_HTVS_1-001_lib,CN(CC(=O)Nc1nc2ccccc2cc1N(C)[C@@H](C#N)c1ccccc1)c1ccccc1,CN(CC(=O)Nc1nc2ccccc2cc1N(C)C(C#N)c1ccccc1)c1ccccc1,O=C(CNc1ccccc1)Nc1nc2ccccc2cc1NCc1ccccc1,C27H25N5O,0.0,33.0,58.0,1.0,439f71665569ed025c9b2e39ecd0de529ffbf6043fe90d85971b6b463ea99ed1,-4.30882911599628,-48.6430810480572,-0.130570579272614,2,2,2,matched,complete
ATP-HTVS-57C145E4C4AF,91107,rxn502b____EMOL877306____EMOL30488121____EMOL2873214,91107-1,51,运行/运行/ATP-VSW/ATP-VSW-DOCK_HTVS_1-003_lib/ATP-VSW-DOCK_HTVS_1-003_lib.mae,C[NH+](C)Cc1cccc(CNc2c(NC(=O)c3csc(Cl)c3)c[nH+]c3ccccc23)c1,C[NH+](C)Cc1cccc(CNc2c(NC(=O)c3csc(Cl)c3)c[nH+]c3ccccc23)c1,O=C(Nc1c[nH+]c2ccccc2c1NCc1ccccc1)c1ccsc1,C24H25ClN4OS+2,2.0,31.0,56.0,1.0,c85feb1b0efea404fead661bacb326f1692763bab0b018a8dc44a26400bf3f50,-5.49820002806304,-69.2147831431905,-0.17736129122784,3,3,3,matched,complete
ATP-HTVS-57CD8A84B862,69666,rxn502c____EMOL480530____EMOL49259969____EMOL50155899,69666-2,301,运行/运行/ATP-VSW/ATP-VSW-DOCK_HTVS_1-002_lib.maegz,CN(Cc1sc2ccccc2c1NCc1ccc(C[NH+](C)C)cc1)C(=O)[C@@H](Cl)c1ccccc1,CN(Cc1sc2ccccc2c1NCc1ccc(C[NH+](C)C)cc1)C(=O)C(Cl)c1ccccc1,O=C(Cc1ccccc1)NCc1sc2ccccc2c1NCc1ccccc1,C28H31ClN3OS+,1.0,34.0,65.0,1.0,593006789f299fe14bdc6aa02d1a9df1862fc43117d1cfed224b175b722dc39b,-4.37433145905507,-50.657770870131,-0.128656807619267,4,4,4,matched,complete
ATP-HTVS-5801E8FB792E,25635,m_270004bbb____23868216____7547738,25635-1,94,运行/运行/ATP-VSW/ATP-VSW-DOCK_HTVS_1-003_lib/ATP-VSW-DOCK_HTVS_1-003_lib.mae,CNc1ccccc1C[NH2+]Cc1cn(-c2ccccc2)nc1-c1cccnc1,CNc1ccccc1C[NH2+]Cc1cn(-c2ccccc2)nc1-c1cccnc1,c1ccc(C[NH2+]Cc2cn(-c3ccccc3)nc2-c2cccnc2)cc1,C23H24N5+,1.0,28.0,52.0,1.0,8c21bff7a5436371f37f23c3bcec5d3bbedc16c721d945db1acd59b0e74f0d74,-5.14154727999399,-62.1502316701078,-0.183626688571214,2,2,2,matched,complete
ATP-HTVS-5850FC4068A9,89729,rxn512b____EMOL511441____EMOL15801711____EMOL2873214,89729-1,239,运行/运行/ATP-VSW/ATP-VSW-DOCK_HTVS_1-001_lib/ATP-VSW-DOCK_HTVS_1-001_lib,C[NH+](C)Cc1cccc(CNc2csc(CC(=O)Nc3cccc(F)c3)c2)c1,C[NH+](C)Cc1cccc(CNc2csc(CC(=O)Nc3cccc(F)c3)c2)c1,O=C(Cc1cc(NCc2ccccc2)cs1)Nc1ccccc1,C22H25FN3OS+,1.0,28.0,53.0,1.0,916aca04f4abf9fa6060dd1e65cc6ec1a065d81a0a8075cdd445ca4d44c950c0,-4.50273982707113,-60.2577067934981,-0.160812136681112,2,2,2,matched,complete
ATP-HTVS-586B19FEBC2D,72769,rxn502b____EMOL529866____EMOL13728749____EMOL50155899,72769-1,124,运行/运行/ATP-VSW/ATP-VSW-DOCK_HTVS_1-001_lib/ATP-VSW-DOCK_HTVS_1-001_lib,C[NH+](C)Cc1ccc(CNc2cnc3ccccc3c2NC(=O)Cc2ccc([N+](=O)[O-])cc2)cc1,C[NH+](C)Cc1ccc(CNc2cnc3ccccc3c2NC(=O)Cc2ccc([N+](=O)[O-])cc2)cc1,O=C(Cc1ccccc1)Nc1c(NCc2ccccc2)cnc2ccccc12,C27H28N5O3+,1.0,35.0,63.0,1.0,9038468d6b886c4304c57f48064444ba38ea61ea01f4d243f5411a219b2714ca,-4.90860704877042,-60.3165756941356,-0.140245915679155,3,3,3,matched,complete
ATP-HTVS-5890B3ABBA42,51713,m_282030aaa____21902366____22360182____21968946,51713-1,424,运行/运行/ATP-VSW/ATP-VSW-DOCK_HTVS_1-001_lib/ATP-VSW-DOCK_HTVS_1-001_lib,CNc1ccc(CNc2nc(NCc3ccc(F)c(C[NH+](C)C)c3)[nH+]c3ccccc23)cc1,CNc1ccc(CNc2nc(NCc3ccc(F)c(C[NH+](C)C)c3)[nH+]c3ccccc23)cc1,c1ccc(CNc2nc(NCc3ccccc3)c3ccccc3[nH+]2)cc1,C26H31FN6+2,2.0,33.0,64.0,1.0,a4581dc36db18eb1648ab13cb33fe5fc969908600a9dd4f0c7d5756860ae45bf,-3.99840567748148,-55.3815511418918,-0.12116380840853,3,3,3,matched,complete
ATP-HTVS-58BA49956E55,50050,m_282030aaa____21928106____23157418____21973156,50050-1,810,运行/运行/ATP-VSW/ATP-VSW-DOCK_HTVS_1-002_lib.maegz,COCc1cccc(CNc2nc3ccccc3nc2NCc2ccccc2C[NH+](C)C)c1,COCc1cccc(CNc2nc3ccccc3nc2NCc2ccccc2C[NH+](C)C)c1,c1ccc(CNc2nc3ccccc3nc2NCc2ccccc2)cc1,C27H32N5O+,1.0,33.0,65.0,1.0,6ed9ca54d78a15bb5ce6706a0e020a22eec52884f04f332415abdda669212fad,-3.01212044077228,-38.2073472630922,-0.0912763769930993,2,2,2,matched,complete
ATP-HTVS-590B92626142,45217,m_207dba____5167038____4862614,45217-4,871,运行/运行/ATP-VSW/ATP-VSW-DOCK_HTVS_1-001_lib/ATP-VSW-DOCK_HTVS_1-001_lib,COc1ccc(OCc2nc(CNCc3cccc(C[N@H+](C)C(C)C)c3)cs2)cc1,COc1ccc(OCc2nc(CNCc3cccc(C[NH+](C)C(C)C)c3)cs2)cc1,c1ccc(CNCc2csc(COc3ccccc3)n2)cc1,C24H32N3O2S+,1.0,30.0,62.0,1.0,024fcaf73b49e686362e98898d4bd7e4057a223af8b925b141ad8c8f0517e4a6,-2.81135612994034,-47.4555512549375,-0.0937118709980112,3,3,3,matched,complete
ATP-HTVS-593FD885E4E3,89665,rxn512c____EMOL530647____EMOL523944____EMOL17023805,89665-2,303,运行/运行/ATP-VSW/ATP-VSW-DOCK_HTVS_1-001_lib/ATP-VSW-DOCK_HTVS_1-001_lib,CC[N@H+](Cc1ccccc1C)c1c(C(=O)N(CC[NH3+])c2ccccc2)sc2ccccc12,CC[NH+](Cc1ccccc1C)c1c(C(=O)N(CC[NH3+])c2ccccc2)sc2ccccc12,O=C(Nc1ccccc1)c1sc2ccccc2c1[NH2+]Cc1ccccc1,C27H31N3OS+2,2.0,32.0,63.0,1.0,2e08759248eea930bd8149a703ee368faa189b2cf54bfd66d285d42b1c0a1bb3,-4.33455882161783,-58.8941785398292,-0.135454963175557,3,3,3,matched,complete
ATP-HTVS-595807F16B2C,73795,rxn512b____EMOL24630243____EMOL49851977____EMOL2873214,73795-1,248,运行/运行/ATP-VSW/ATP-VSW-DOCK_HTVS_1-003_lib/ATP-VSW-DOCK_HTVS_1-003_lib.mae,CN(C(=O)c1sc(Cl)cc1NCc1cccc(C[NH+](C)C)c1)[C@@H](C#N)c1ccccc1,CN(C(=O)c1sc(Cl)cc1NCc1cccc(C[NH+](C)C)c1)C(C#N)c1ccccc1,O=C(NCc1ccccc1)c1sccc1NCc1ccccc1,C24H26ClN4OS+,1.0,31.0,57.0,1.0,cf6550a4443b593d98ef10b69c956684610f67ca36e5c7005401c4a91d4d335e,-4.50392406934781,-59.6427478878978,-0.145287873204768,4,4,4,matched,complete
ATP-HTVS-5993E100A2C1,94626,rxn514b____EMOL2739194____EMOL17362570____EMOL975590,94626-1,274,运行/运行/ATP-VSW/ATP-VSW-DOCK_HTVS_1-003_lib/ATP-VSW-DOCK_HTVS_1-003_lib.mae,C[NH+](C)Cc1ccccc1NCC(C)(C)C(=O)n1c(-c2ccccc2)cc(=O)c2ccccc21,C[NH+](C)Cc1ccccc1NCC(C)(C)C(=O)n1c(-c2ccccc2)cc(=O)c2ccccc21,O=C(CCNc1ccccc1)n1c(-c2ccccc2)cc(=O)c2ccccc21,C29H32N3O2+,1.0,34.0,66.0,1.0,0bc79ac575e78429dd21c5d48c25533db09d1b7e6244304271ce771e2e0b7a86,-4.42551578845515,-54.0016626074489,-0.13016222907221,1,1,1,matched,complete
ATP-HTVS-59B1C5906543,73635,rxn512b____EMOL483896____EMOL525138____EMOL50155899,73635-1,224,运行/运行/ATP-VSW/ATP-VSW-DOCK_HTVS_1-003_lib/ATP-VSW-DOCK_HTVS_1-003_lib.mae,C[NH+](C)Cc1ccc(CNc2ccsc2C(=O)N(CCO)c2ccccc2)cc1,C[NH+](C)Cc1ccc(CNc2ccsc2C(=O)N(CCO)c2ccccc2)cc1,O=C(Nc1ccccc1)c1sccc1NCc1ccccc1,C23H28N3O2S+,1.0,29.0,57.0,1.0,a5ed9d54e36ffbc06a601c886875199871450609701397998c61646901f8f272,-4.57317795157002,-47.0474091345326,-0.157695791433449,2,2,2,matched,complete
ATP-HTVS-59B957CB7E9F,77507,rxn502c____EMOL519605____EMOL49259969____EMOL44153840,77507-1,498,运行/运行/ATP-VSW/ATP-VSW-DOCK_HTVS_1-003_lib/ATP-VSW-DOCK_HTVS_1-003_lib.mae,CC[NH+](CC)Cc1cccc(CNc2c(CN(C)C(=O)c3cccc(O)c3)sc3ccccc23)c1,CC[NH+](CC)Cc1cccc(CNc2c(CN(C)C(=O)c3cccc(O)c3)sc3ccccc23)c1,O=C(NCc1sc2ccccc2c1NCc1ccccc1)c1ccccc1,C29H34N3O2S+,1.0,35.0,69.0,1.0,64cdbf33e81081a0def9f84784cc6c4578c7d621039fadd5b1696aa05ef108f6,-3.81034889998009,-53.5458408535165,-0.108867111428003,1,1,1,matched,complete
ATP-HTVS-59E59E09D09E,55489,m_282030aaa____21894442____23157418____21940090,55489-1,580,运行/运行/ATP-VSW/ATP-VSW-DOCK_HTVS_1-001_lib/ATP-VSW-DOCK_HTVS_1-001_lib,CN(CC(=O)NCc1ccccc1)c1nc2ccccc2nc1NCc1cccc(C[NH+](C)C)c1,CN(CC(=O)NCc1ccccc1)c1nc2ccccc2nc1NCc1cccc(C[NH+](C)C)c1,O=C(CNc1nc2ccccc2nc1NCc1ccccc1)NCc1ccccc1,C28H33N6O+,1.0,35.0,68.0,1.0,1b261eea844dff1125c8806b17ac685b16d71913845ff0d29b0cb2fc8afd963f,-3.6193170272175,-58.5123129583285,-0.1034090579205,2,2,2,matched,complete
ATP-HTVS-5A1C186863E4,25313,m_282030aaa____21890430____22360182____21967972,25313-9,1223,运行/运行/ATP-VSW/ATP-VSW-DOCK_HTVS_1-001_lib/ATP-VSW-DOCK_HTVS_1-001_lib,C[NH+](C)Cc1ccc(CCNc2nc(N[C@@H](C[S@@](C)=O)c3ccccc3)c3ccccc3n2)cc1,C[NH+](C)Cc1ccc(CCNc2nc(NC(CS(C)=O)c3ccccc3)c3ccccc3n2)cc1,c1ccc(CCNc2nc(NCc3ccccc3)c3ccccc3n2)cc1,C28H34N5OS+,1.0,35.0,69.0,1.0,973dba4ae892358261ad6158a3e90d01e80767a91bb8d72ec92eca7dab6f4277,-1.80644285330172,-52.6561319337399,-0.0516126529514777,2,2,2,matched,complete
ATP-HTVS-5A2EB4E9D835,63779,m_282030aaa____21933780____22360182____21945542,63779-1,34,运行/运行/ATP-VSW/ATP-VSW-DOCK_HTVS_1-003_lib/ATP-VSW-DOCK_HTVS_1-003_lib.mae,C[NH+](C)Cc1ccc(CNc2nc(NCC(=O)Nc3cccc(F)c3)[nH+]c3ccccc23)cc1,C[NH+](C)Cc1ccc(CNc2nc(NCC(=O)Nc3cccc(F)c3)[nH+]c3ccccc23)cc1,O=C(CNc1nc(NCc2ccccc2)c2ccccc2[nH+]1)Nc1ccccc1,C26H29FN6O+2,2.0,34.0,63.0,1.0,3815e7e96fc81ff96500e75cc82e0d2b10f79bfb796c8f4a648deab798a56b7f,-5.66214009987454,-66.9305295650397,-0.166533532349251,1,1,1,matched,complete
ATP-HTVS-5A38D2E65B38,77890,rxn503b____EMOL18624763____EMOL30488121____EMOL41348343,77890-1,300,运行/运行/ATP-VSW/ATP-VSW-DOCK_HTVS_1-002_lib.maegz,C[NH+](C)Cc1ccc(C(=O)Nc2cnc3ccccc3c2C#CC(=O)c2ccccc2Cl)cc1,C[NH+](C)Cc1ccc(C(=O)Nc2cnc3ccccc3c2C#CC(=O)c2ccccc2Cl)cc1,O=C(C#Cc1c(NC(=O)c2ccccc2)cnc2ccccc12)c1ccccc1,C28H23ClN3O2+,1.0,34.0,57.0,1.0,3cbf0b1f1f56c74a7d194a43351d3353a3d784515b2e7b9b31fa01c04e1f8156,-4.37969883780927,-54.462976241602,-0.128814671700273,2,2,2,matched,complete
ATP-HTVS-5A3D1DB8098B,55105,m_282030aaa____21899930____22360182____21940090,55105-2,321,运行/运行/ATP-VSW/ATP-VSW-DOCK_HTVS_1-001_lib/ATP-VSW-DOCK_HTVS_1-001_lib,C[NH+](C)Cc1cccc(CNc2nc(NC[C@@H](CO)c3cccc(F)c3)[nH+]c3ccccc23)c1,C[NH+](C)Cc1cccc(CNc2nc(NCC(CO)c3cccc(F)c3)[nH+]c3ccccc23)c1,c1ccc(CCNc2nc(NCc3ccccc3)c3ccccc3[nH+]2)cc1,C27H32FN5O+2,2.0,34.0,66.0,1.0,cfda8560d2233101f9c691b8458e19ed53b403172ae0f1285d4f440de7de73d4,-4.2751000959887,-55.2942034713343,-0.125738238117315,6,6,6,matched,complete
ATP-HTVS-5A74948D5858,90114,rxn102b____EMOL723898____EMOL6283227,90114-1,602,运行/运行/ATP-VSW/ATP-VSW-DOCK_HTVS_1-002_lib.maegz,Cc1cccc(C[C@@H](Nc2nc(N)c(Cc3ccccc3)c3ccccc23)C(=O)[O-])c1,Cc1cccc(CC(Nc2nc(N)c(Cc3ccccc3)c3ccccc23)C(=O)[O-])c1,c1ccc(CCNc2ncc(Cc3ccccc3)c3ccccc23)cc1,C26H24N3O2-,-1.0,31.0,55.0,1.0,1ccf23a3dfbcfce60bdf668db20601f5d61e95030e7df15b2e6845a7acd49123,-3.57609795684587,-40.3083821161133,-0.115357998607931,1,1,1,matched,complete
ATP-HTVS-5AAA6558FE6F,81315,rxn502b____EMOL18624763____EMOL44466703____EMOL18628026,81315-1,314,运行/运行/ATP-VSW/ATP-VSW-DOCK_HTVS_1-003_lib/ATP-VSW-DOCK_HTVS_1-003_lib.mae,C[NH+](C)Cc1ccc(C(=O)Nc2nc3ccccc3cc2N[C@@H](C#N)Cc2ccccc2)cc1,C[NH+](C)Cc1ccc(C(=O)Nc2nc3ccccc3cc2NC(C#N)Cc2ccccc2)cc1,O=C(Nc1nc2ccccc2cc1NCCc1ccccc1)c1ccccc1,C28H28N5O+,1.0,34.0,62.0,1.0,d10731276397ecd8b7d14e2ad07fcb7bf4996ff540f0ad914d6ac956fca5bc72,-4.31511428369591,-51.8140148659191,-0.126915125991056,4,4,4,matched,complete
ATP-HTVS-5AC0D5CB90EF,60835,m_2230bdc____14772912____19436808,60835-2,1238,运行/运行/ATP-VSW/ATP-VSW-DOCK_HTVS_1-003_lib/ATP-VSW-DOCK_HTVS_1-003_lib.mae,C=C(CN1CC(=O)Nc2ccc(Cl)cc2[C@H]1c1ccccc1F)c1ccccc1,C=C(CN1CC(=O)Nc2ccc(Cl)cc2C1c1ccccc1F)c1ccccc1,C=C(CN1CC(=O)Nc2ccccc2C1c1ccccc1)c1ccccc1,C24H20ClFN2O,0.0,29.0,49.0,1.0,703ca22ca7fd096758ec26a8ea4ce2deb52eb28701979f1f46adfcd38bd18b96,-1.75853160780959,-32.9208827329578,-0.0606390209589514,5,5,5,matched,complete
ATP-HTVS-5B1B34F83C18,97985,rxn318____EMOL195078550____EMOL481226____EMOL476666,97985-2,990,运行/运行/ATP-VSW/ATP-VSW-DOCK_HTVS_1-002_lib.maegz,O=c1c2cc(Cl)ccc2nc(-c2ccccc2Br)n1CCNCc1ccc(F)cc1,O=c1c2cc(Cl)ccc2nc(-c2ccccc2Br)n1CCNCc1ccc(F)cc1,O=c1c2ccccc2nc(-c2ccccc2)n1CCNCc1ccccc1,C23H18BrClFN3O,0.0,30.0,48.0,1.0,6b4bc0afd82c9f9425b586de51b6158dca6ccbc128836b608cc73b59e1be2f93,-2.46053830436546,-44.4476215642281,-0.0820179434788488,1,1,1,matched,complete
ATP-HTVS-5B32A3AFA3A9,56418,m_2708bba____6009228____23885438,56418-2,526,运行/运行/ATP-VSW/ATP-VSW-DOCK_HTVS_1-002_lib.maegz,COc1cc(CNC(=O)NCc2ccc([NH2+]C(C)C)cc2)c2ccccc2n1,COc1cc(CNC(=O)NCc2ccc([NH2+]C(C)C)cc2)c2ccccc2n1,O=C(NCc1ccccc1)NCc1ccnc2ccccc12,C22H27N4O2+,1.0,28.0,55.0,1.0,205fba90f0842ee318f905bb1559d10dffabe005113cbedf6be3ca83459144f8,-3.76487956836908,-49.53434425777,-0.13445998458461,2,2,2,matched,complete
ATP-HTVS-5B9C564ED935,40865,m_270004bbb____8349710____7548352,40865-1,275,运行/运行/ATP-VSW/ATP-VSW-DOCK_HTVS_1-001_lib/ATP-VSW-DOCK_HTVS_1-001_lib,C[NH+](C)CCOc1ccc(C[NH2+]Cc2ccnc(OCc3ccccc3)c2)cc1,C[NH+](C)CCOc1ccc(C[NH2+]Cc2ccnc(OCc3ccccc3)c2)cc1,c1ccc(C[NH2+]Cc2ccnc(OCc3ccccc3)c2)cc1,C24H31N3O2+2,2.0,29.0,60.0,1.0,e504de607c214b0ca8aff135977c0aff7ae742c7a895af2aa0978f9aa2252042,-4.41592975128322,-61.4695639838706,-0.152273439699421,1,1,1,matched,complete
ATP-HTVS-5BC6D09DB3F1,87234,rxn512b____EMOL43295714____EMOL486012____EMOL44693140,87234-3,1078,运行/运行/ATP-VSW/ATP-VSW-DOCK_HTVS_1-002_lib.maegz,C[C@H](CF)Nc1cccc(CC(=O)NCc2[nH+]c3ccccc3n2Cc2ccccc2)c1,CC(CF)Nc1cccc(CC(=O)NCc2[nH+]c3ccccc3n2Cc2ccccc2)c1,O=C(Cc1ccccc1)NCc1[nH+]c2ccccc2n1Cc1ccccc1,C26H28FN4O+,1.0,32.0,60.0,1.0,126b6a6cf9437de0907bd9db43778fcb2e59ee336955b59eac35c6bd67714594,-2.24325432904981,-51.3419653949423,-0.0701016977828065,2,2,2,matched,complete
ATP-HTVS-5BCFBB048AA1,79809,rxn502b____EMOL48572200____EMOL30488121____EMOL324170366,79809-1,270,运行/运行/ATP-VSW/ATP-VSW-DOCK_HTVS_1-001_lib/ATP-VSW-DOCK_HTVS_1-001_lib,CC(F)(F)c1ccc(C(=O)Nc2c[nH+]c3ccccc3c2NCc2ccc(NCCO)cc2)cc1,CC(F)(F)c1ccc(C(=O)Nc2c[nH+]c3ccccc3c2NCc2ccc(NCCO)cc2)cc1,O=C(Nc1c[nH+]c2ccccc2c1NCc1ccccc1)c1ccccc1,C27H27F2N4O2+,1.0,35.0,62.0,1.0,2a12cfc77d121f2c97572d4aefc0b5e31f7ca629299efa18b2e413440fc3dce7,-4.44417172328184,-60.5830066640177,-0.12697633495091,3,3,3,matched,complete
ATP-HTVS-5BE3914F361A,91171,rxn503b____EMOL480467____EMOL7515103____EMOL1197208,91171-2,31,运行/运行/ATP-VSW/ATP-VSW-DOCK_HTVS_1-003_lib/ATP-VSW-DOCK_HTVS_1-003_lib.mae,O=C(Cc1ccccc1[N+](=O)[O-])Nc1ncc(C#CC[NH2+]Cc2ccccc2)c2ccccc12,O=C(Cc1ccccc1[N+](=O)[O-])Nc1ncc(C#CC[NH2+]Cc2ccccc2)c2ccccc12,O=C(Cc1ccccc1)Nc1ncc(C#CC[NH2+]Cc2ccccc2)c2ccccc12,C27H23N4O3+,1.0,34.0,57.0,1.0,71e0d268a9dd94b6ca23062e90b70ec33fae7f40faec0f61d87a6041cd065c16,-5.67579047127189,-76.6206406293649,-0.166935013860938,2,2,2,matched,complete
ATP-HTVS-5BF5224E50DC,52739,m_270004bbb____15772974____24720860,52739-1,86,运行/运行/ATP-VSW/ATP-VSW-DOCK_HTVS_1-003_lib/ATP-VSW-DOCK_HTVS_1-003_lib.mae,Cc1cc(CC[NH2+]Cc2nc3ccccc3n2Cc2ccccc2)ccc1C#N,Cc1cc(CC[NH2+]Cc2nc3ccccc3n2Cc2ccccc2)ccc1C#N,c1ccc(CC[NH2+]Cc2nc3ccccc3n2Cc2ccccc2)cc1,C25H25N4+,1.0,29.0,54.0,1.0,02db08f5a167436c7470deb82f78dfb0301fc9cad2b4e043e12fb7ae76835f41,-5.19166155522709,-62.7676493198777,-0.17902281224921,2,2,2,matched,complete
ATP-HTVS-5BFD90183104,77187,rxn502c____EMOL24281530____EMOL44472687____EMOL2873214,77187-2,800,运行/运行/ATP-VSW/ATP-VSW-DOCK_HTVS_1-003_lib/ATP-VSW-DOCK_HTVS_1-003_lib.mae,COC(=O)c1ccccc1C(=O)Nc1cnc2ccccc2c1NCc1cccc(C[NH+](C)C)c1,COC(=O)c1ccccc1C(=O)Nc1cnc2ccccc2c1NCc1cccc(C[NH+](C)C)c1,O=C(Nc1cnc2ccccc2c1NCc1ccccc1)c1ccccc1,C28H29N4O3+,1.0,35.0,64.0,1.0,9fe3f5c0e61106bfd9bf66601e939b07d50f85472da85cb3d4b3e4e5e69eb14f,-2.94120134952684,-57.1013633838698,-0.0840343242721955,3,3,3,matched,complete
ATP-HTVS-5C08F16C0BFC,24993,m_282030aaa____21926588____22360182____21973156,24993-2,1424,运行/运行/ATP-VSW/ATP-VSW-DOCK_HTVS_1-001_lib/ATP-VSW-DOCK_HTVS_1-001_lib,CN(C)Cc1ccccc1CNc1nc(N(C)Cc2ccccc2[N+](=O)[O-])[nH+]c2ccccc12,CN(C)Cc1ccccc1CNc1nc(N(C)Cc2ccccc2[N+](=O)[O-])[nH+]c2ccccc12,c1ccc(CNc2nc(NCc3ccccc3)c3ccccc3[nH+]2)cc1,C26H29N6O2+,1.0,34.0,63.0,1.0,b171e1bea106c9b7a685d549a9a59feb5f55fc60a108d6bf5ef67d2df341f47f,-0.740346838781324,-36.6782668768235,-0.0217749070229801,1,1,1,matched,complete
ATP-HTVS-5C1A90E0608A,85537,rxn403____EMOL906257____EMOL720244____EMOL1197208,85537-3,215,运行/运行/ATP-VSW/ATP-VSW-DOCK_HTVS_1-001_lib/ATP-VSW-DOCK_HTVS_1-001_lib,N#C[C@@H](N[C@H](C#CCNCc1ccccc1)c1cc2ccccc2s1)c1ccc(F)cc1,N#CC(NC(C#CCNCc1ccccc1)c1cc2ccccc2s1)c1ccc(F)cc1,C(#CC(NCc1ccccc1)c1cc2ccccc2s1)CNCc1ccccc1,C27H22FN3S,0.0,32.0,54.0,1.0,7a032bcb05c2416104aeba8812e1795eacbfb08620faac6cc7043df258f63b04,-4.57813248647456,-55.3769677272312,-0.14306664020233,2,2,2,matched,complete
ATP-HTVS-5C2621A0B526,36290,m_270004bbb____8350152____7547616,36290-2,220,运行/运行/ATP-VSW/ATP-VSW-DOCK_HTVS_1-002_lib.maegz,Cc1cccc(-c2nn(Cc3ccccc3)cc2C[NH2+]C[C@H](c2cccnc2)N(C)C)c1,Cc1cccc(-c2nn(Cc3ccccc3)cc2C[NH2+]CC(c2cccnc2)N(C)C)c1,c1ccc(Cn2cc(C[NH2+]CCc3cccnc3)c(-c3ccccc3)n2)cc1,C27H32N5+,1.0,32.0,64.0,1.0,2e0037fd3fe3eb89a8b389e367b5a8b3c85c7ffd396454ce46e45f284b15ebef,-4.59011384543317,-61.106380221543,-0.143441057669787,4,4,4,matched,complete
ATP-HTVS-5C29B6179A0F,95362,rxn502b____EMOL36726524____EMOL30488121____EMOL49839592,95362-1,319,运行/运行/ATP-VSW/ATP-VSW-DOCK_HTVS_1-003_lib/ATP-VSW-DOCK_HTVS_1-003_lib.mae,CCN(c1c(NC(=O)c2ccc(C[NH+]3CCCC3)cc2)c[nH+]c2ccccc12)[C@@H](C#N)c1ccccc1,CCN(c1c(NC(=O)c2ccc(C[NH+]3CCCC3)cc2)c[nH+]c2ccccc12)C(C#N)c1ccccc1,O=C(Nc1c[nH+]c2ccccc2c1NCc1ccccc1)c1ccc(C[NH+]2CCCC2)cc1,C31H33N5O+2,2.0,37.0,70.0,1.0,c631987202a8c33ab5cba70033d68b620f60e7e0ebe32ce4e67091a9c372bb54,-4.29786321202716,-60.1045617584387,-0.116158465189923,5,5,5,matched,complete
ATP-HTVS-5CE7EF7F1B66,84354,rxn502b____EMOL908682____EMOL13728749____EMOL2868412,84354-1,522,运行/运行/ATP-VSW/ATP-VSW-DOCK_HTVS_1-002_lib.maegz,CC[NH+](CC)Cc1ccc(CNc2cnc3ccccc3c2NC(=O)c2ccc(F)c(C#N)c2)cc1,CC[NH+](CC)Cc1ccc(CNc2cnc3ccccc3c2NC(=O)c2ccc(F)c(C#N)c2)cc1,O=C(Nc1c(NCc2ccccc2)cnc2ccccc12)c1ccccc1,C29H29FN5O+,1.0,36.0,65.0,1.0,ff3e6516dd6146c6976d0b73d06fb912e7be853bb23747642455649283701a18,-3.76988573921246,-52.9423905169973,-0.104719048311457,3,3,3,matched,complete
ATP-HTVS-5CEF79319D6B,72323,rxn502b____EMOL18624763____EMOL13728749____EMOL300091282,72323-1,193,运行/运行/ATP-VSW/ATP-VSW-DOCK_HTVS_1-003_lib/ATP-VSW-DOCK_HTVS_1-003_lib.mae,C[NH+](C)Cc1ccc(C(=O)Nc2c(N(CC#N)Cc3ccccc3)cnc3ccccc23)cc1,C[NH+](C)Cc1ccc(C(=O)Nc2c(N(CC#N)Cc3ccccc3)cnc3ccccc23)cc1,O=C(Nc1c(NCc2ccccc2)cnc2ccccc12)c1ccccc1,C28H28N5O+,1.0,34.0,62.0,1.0,7358dc3ced7a8934ee034f17038c370d9840368553a858bf21b8b307a250d12c,-4.69577605445255,-60.0965085220917,-0.138111060425075,3,3,3,matched,complete
ATP-HTVS-5CF527C7FD25,87938,rxn502b____EMOL493148____EMOL44466703____EMOL712348,87938-1,549,运行/运行/ATP-VSW/ATP-VSW-DOCK_HTVS_1-002_lib.maegz,N#CCN(c1ccccc1)c1cc2ccccc2nc1NC(=O)c1ccc(F)c(F)c1,N#CCN(c1ccccc1)c1cc2ccccc2nc1NC(=O)c1ccc(F)c(F)c1,O=C(Nc1nc2ccccc2cc1Nc1ccccc1)c1ccccc1,C24H16F2N4O,0.0,31.0,47.0,1.0,14d067ed1688ad53749b0216154f94eb05c9014ead2d16408deade7d9d9b4525,-3.71512132658056,-41.2990816443703,-0.119842623438083,1,1,1,matched,complete
ATP-HTVS-5CFA0109773F,85506,rxn102c____EMOL2797927____EMOL42768006,85506-1,516,运行/运行/ATP-VSW/ATP-VSW-DOCK_HTVS_1-002_lib.maegz,CN(Cc1ccccc1N)c1ncc(C(=O)N(C)c2ccc(Cl)cc2)c2ccccc12,CN(Cc1ccccc1N)c1ncc(C(=O)N(C)c2ccc(Cl)cc2)c2ccccc12,O=C(Nc1ccccc1)c1cnc(NCc2ccccc2)c2ccccc12,C25H23ClN4O,0.0,31.0,54.0,1.0,3a208f3d038d40f63eaabe85da0a32009ff0f776704d7ada439d07c62edaf24f,-3.7902907060125,-46.4513305250333,-0.122267442129435,1,1,1,matched,complete
ATP-HTVS-5D344E99E653,87266,rxn503b____EMOL3801098____EMOL30488121____EMOL317506007,87266-4,446,运行/运行/ATP-VSW/ATP-VSW-DOCK_HTVS_1-002_lib.maegz,C[C@H]([NH2+]CC#Cc1c(NC(=O)Cc2ccccc2C#N)cnc2ccccc12)c1ccc(F)cc1,CC([NH2+]CC#Cc1c(NC(=O)Cc2ccccc2C#N)cnc2ccccc12)c1ccc(F)cc1,O=C(Cc1ccccc1)Nc1cnc2ccccc2c1C#CC[NH2+]Cc1ccccc1,C29H24FN4O+,1.0,35.0,59.0,1.0,23e380533a80a49b4dab43e9cb5afb1b21af70905f569809d92c760304767a87,-3.97982714639169,-57.4640327778831,-0.113709347039763,2,2,2,matched,complete
ATP-HTVS-5D5940BED632,70627,rxn502b____EMOL532087____EMOL13728749____EMOL2873214,70627-1,333,运行/运行/ATP-VSW/ATP-VSW-DOCK_HTVS_1-003_lib/ATP-VSW-DOCK_HTVS_1-003_lib.mae,Cc1ccc(C(=O)Nc2c(NCc3cccc(C[NH+](C)C)c3)cnc3ccccc23)cc1,Cc1ccc(C(=O)Nc2c(NCc3cccc(C[NH+](C)C)c3)cnc3ccccc23)cc1,O=C(Nc1c(NCc2ccccc2)cnc2ccccc12)c1ccccc1,C27H29N4O+,1.0,32.0,61.0,1.0,602676971868b236458320b1185ed031d6cab0083c32443b41fa58188ccec9e5,-4.24933834696087,-53.9820962529186,-0.132791823342527,3,3,3,matched,complete
ATP-HTVS-5D5A320A0101,84833,rxn502b____EMOL331054254____EMOL30488121____EMOL24630243,84833-4,273,运行/运行/ATP-VSW/ATP-VSW-DOCK_HTVS_1-001_lib/ATP-VSW-DOCK_HTVS_1-001_lib,CN(C)[C@H](C(=O)Nc1c[nH+]c2ccccc2c1N(C)[C@H](C#N)c1ccccc1)c1ccc(Cl)cc1,CN(C)C(C(=O)Nc1c[nH+]c2ccccc2c1N(C)C(C#N)c1ccccc1)c1ccc(Cl)cc1,O=C(Cc1ccccc1)Nc1c[nH+]c2ccccc2c1NCc1ccccc1,C28H27ClN5O+,1.0,35.0,62.0,1.0,086ed68480f7778e45f823a9b0dcc364a2047daa947d28954d9697f84dc6b418,-4.43394181580623,-58.5650988811594,-0.126684051880178,15,15,15,matched,complete
ATP-HTVS-5D7D5B0AFE50,31266,m_270004bbb____23846038____7547680,31266-2,586,运行/运行/ATP-VSW/ATP-VSW-DOCK_HTVS_1-002_lib.maegz,C[NH+](C)C[C@H](C[NH2+]Cc1cn(-c2ccccc2)nc1-c1cccs1)c1ccccc1,C[NH+](C)CC(C[NH2+]Cc1cn(-c2ccccc2)nc1-c1cccs1)c1ccccc1,c1ccc(CC[NH2+]Cc2cn(-c3ccccc3)nc2-c2cccs2)cc1,C25H30N4S+2,2.0,30.0,60.0,1.0,4881d5a83cbc0414d0ba7194edb8eae45af8babcbe2b602c7a8d40439f8c9959,-3.62323809277179,-37.7149084050717,-0.120774603092393,2,2,2,matched,complete
ATP-HTVS-5DA5A3EB6624,30594,m_270004bbb____23868218____7547832,30594-2,898,运行/运行/ATP-VSW/ATP-VSW-DOCK_HTVS_1-002_lib.maegz,Cc1ccc(CNCc2cn(Cc3ccccc3)nc2-c2ccc(Cl)cc2)cc1N,Cc1ccc(CNCc2cn(Cc3ccccc3)nc2-c2ccc(Cl)cc2)cc1N,c1ccc(CNCc2cn(Cc3ccccc3)nc2-c2ccccc2)cc1,C25H25ClN4,0.0,30.0,55.0,1.0,63f280e6f350c6f96f69cff6ef77eb11e9645e75eeef29b509bc634c0b662fba,-2.75550012588011,-50.4182580934277,-0.0918500041960038,1,1,1,matched,complete
ATP-HTVS-5DB20AD11BEB,83713,rxn512c____EMOL712348____EMOL43362984____EMOL3728368,83713-1,811,运行/运行/ATP-VSW/ATP-VSW-DOCK_HTVS_1-001_lib/ATP-VSW-DOCK_HTVS_1-001_lib,C[NH+](C)Cc1cccc(Nc2c(C(=O)N(CC#N)c3ccccc3)c(=O)[nH]c3ccccc23)c1,C[NH+](C)Cc1cccc(Nc2c(C(=O)N(CC#N)c3ccccc3)c(=O)[nH]c3ccccc23)c1,O=C(Nc1ccccc1)c1c(Nc2ccccc2)c2ccccc2[nH]c1=O,C27H26N5O2+,1.0,34.0,60.0,1.0,ec71fdb64e1ec0764fdcd08828e084904a0125c38a2531f79a6f8ce2fd2621b6,-2.96261088991814,-44.3824092128763,-0.0871356144093571,2,2,2,matched,complete
ATP-HTVS-5E187255B48D,81057,rxn502b____EMOL505868____EMOL30488121____EMOL712348,81057-1,643,运行/运行/ATP-VSW/ATP-VSW-DOCK_HTVS_1-001_lib/ATP-VSW-DOCK_HTVS_1-001_lib,N#CCN(c1ccccc1)c1c(NC(=O)c2ccccc2F)cnc2ccccc12,N#CCN(c1ccccc1)c1c(NC(=O)c2ccccc2F)cnc2ccccc12,O=C(Nc1cnc2ccccc2c1Nc1ccccc1)c1ccccc1,C24H17FN4O,0.0,30.0,47.0,1.0,19de5a88b539e903ca4c8232afd0a698de33a5187da81ead98dcd0f595e25570,-3.46280176737967,-42.1502838360727,-0.115426725579322,2,2,2,matched,complete
ATP-HTVS-5E1B9EFD9407,87298,rxn503b____EMOL526127____EMOL13728749____EMOL317509298,87298-2,282,运行/运行/ATP-VSW/ATP-VSW-DOCK_HTVS_1-002_lib.maegz,C[C@H](NCC#Cc1cnc2ccccc2c1NC(=O)Cc1cccc(C#N)c1)c1ccccc1F,CC(NCC#Cc1cnc2ccccc2c1NC(=O)Cc1cccc(C#N)c1)c1ccccc1F,O=C(Cc1ccccc1)Nc1c(C#CCNCc2ccccc2)cnc2ccccc12,C29H23FN4O,0.0,35.0,58.0,1.0,9af20fe0d05579a53f95f5fb2c36d90c8a729dcb5e80b90629b23339aae0d26d,-4.43349458355397,-53.2255536867379,-0.126671273815828,3,3,3,matched,complete
ATP-HTVS-5E389E326DA0,50337,m_270004bbb____8288526____7547452,50337-2,238,运行/运行/ATP-VSW/ATP-VSW-DOCK_HTVS_1-001_lib/ATP-VSW-DOCK_HTVS_1-001_lib,CN(C)[C@H](C[NH2+]Cc1c2ccccc2cc2ccccc12)c1cccc(F)c1,CN(C)C(C[NH2+]Cc1c2ccccc2cc2ccccc12)c1cccc(F)c1,c1ccc(CC[NH2+]Cc2c3ccccc3cc3ccccc23)cc1,C25H26FN2+,1.0,28.0,54.0,1.0,6a6c2bc12e769b25dab7d53d607492acf00840d18e7074cdd0962d4ec2fe9883,-4.50304525647943,-48.4158133730522,-0.160823044874265,2,2,2,matched,complete
ATP-HTVS-5E561F95C670,44705,m_22bbb____625056____59141,44705-1,74,运行/运行/ATP-VSW/ATP-VSW-DOCK_HTVS_1-001_lib/ATP-VSW-DOCK_HTVS_1-001_lib,C[NH+](C)Cc1cccc(NC(=O)c2cc(-c3ccccn3)nc3ccccc23)c1,C[NH+](C)Cc1cccc(NC(=O)c2cc(-c3ccccn3)nc3ccccc23)c1,O=C(Nc1ccccc1)c1cc(-c2ccccn2)nc2ccccc12,C24H23N4O+,1.0,29.0,52.0,1.0,ac18c8ef5a187cd08b825ae21bff11378391db79c3a9d38fe8f1a2b1df3a2dbc,-5.14077625711294,-61.2739164348649,-0.177268146796998,2,2,2,matched,complete
ATP-HTVS-5E6DF5CA027C,40866,m_270004bbb____10120114____7548352,40866-1,54,运行/运行/ATP-VSW/ATP-VSW-DOCK_HTVS_1-002_lib.maegz,C[NH+](C)CCOc1ccc(C[NH2+]Cc2ccncc2OCc2ccccc2)cc1,C[NH+](C)CCOc1ccc(C[NH2+]Cc2ccncc2OCc2ccccc2)cc1,c1ccc(C[NH2+]Cc2ccncc2OCc2ccccc2)cc1,C24H31N3O2+2,2.0,29.0,60.0,1.0,f34b13b33ad04ccdbeb700ec1aab9e738ef768392b04976fe59a66fae0aab5e4,-5.56952994029835,-71.5840831192684,-0.192052756562012,4,4,4,matched,complete
ATP-HTVS-5EB936FA5BDD,88803,rxn102c____EMOL1296417____EMOL725234,88803-1,392,运行/运行/ATP-VSW/ATP-VSW-DOCK_HTVS_1-003_lib/ATP-VSW-DOCK_HTVS_1-003_lib.mae,C[NH+]1CCN(c2ccccc2CNc2nc(-c3ccccc3)c3ccccc3n2)CC1,C[NH+]1CCN(c2ccccc2CNc2nc(-c3ccccc3)c3ccccc3n2)CC1,c1ccc(-c2nc(NCc3ccccc3N3CC[NH2+]CC3)nc3ccccc23)cc1,C26H28N5+,1.0,31.0,59.0,1.0,c8282854a780afdd2a72f812b8bdfcec5a9dbbb91a9ea55180db3bb6a47483a0,-4.06045114259907,-50.4159426776721,-0.130982294922551,2,2,2,matched,complete
ATP-HTVS-5EF6359E179A,71329,rxn502b____EMOL5415347____EMOL7515103____EMOL36822768,71329-1,187,运行/运行/ATP-VSW/ATP-VSW-DOCK_HTVS_1-001_lib/ATP-VSW-DOCK_HTVS_1-001_lib,C[NH+](C)Cc1ccccc1C(=O)Nc1ncc(N(C#N)c2ccccc2)c2ccccc12,C[NH+](C)Cc1ccccc1C(=O)Nc1ncc(N(C#N)c2ccccc2)c2ccccc12,O=C(Nc1ncc(Nc2ccccc2)c2ccccc12)c1ccccc1,C26H24N5O+,1.0,32.0,56.0,1.0,e82081f90baaeab0de83390feb396b400c0e51948ee7dc9005ca3ee3f57931af,-4.67392440734825,-57.8042537342803,-0.146060137729633,2,2,2,matched,complete
ATP-HTVS-5F569EDABC80,82754,rxn502b____EMOL331054254____EMOL13728749____EMOL712348,82754-3,723,运行/运行/ATP-VSW/ATP-VSW-DOCK_HTVS_1-002_lib.maegz,C[NH+](C)[C@@H](C(=O)Nc1c(N(CC#N)c2ccccc2)cnc2ccccc12)c1ccc(Cl)cc1,C[NH+](C)C(C(=O)Nc1c(N(CC#N)c2ccccc2)cnc2ccccc12)c1ccc(Cl)cc1,O=C(Cc1ccccc1)Nc1c(Nc2ccccc2)cnc2ccccc12,C27H25ClN5O+,1.0,34.0,59.0,1.0,87a0bae39057dbd269a267474892db25e468f8fd77745278890c6571e5169363,-3.23381446655106,-53.7371426400224,-0.0951121901926782,4,4,4,matched,complete
ATP-HTVS-5FA879ADA4FF,77314,rxn502b____EMOL32280493____EMOL13728749____EMOL2868412,77314-1,727,运行/运行/ATP-VSW/ATP-VSW-DOCK_HTVS_1-002_lib.maegz,CC[NH+](CC)Cc1ccc(CNc2cnc3ccccc3c2NC(=O)Cc2ccccc2OC)cc1,CC[NH+](CC)Cc1ccc(CNc2cnc3ccccc3c2NC(=O)Cc2ccccc2OC)cc1,O=C(Cc1ccccc1)Nc1c(NCc2ccccc2)cnc2ccccc12,C30H35N4O2+,1.0,36.0,71.0,1.0,d0535dbd50fd3f1dffb76f9af3a6bf2d8319cb9f06b0ee8acec8d284f5cce43a,-3.2287697992891,-44.8556604410232,-0.0896880499802529,2,2,2,matched,complete
ATP-HTVS-6012FFC9E47E,77729,rxn502b____EMOL18624763____EMOL13728749____EMOL6255027,77729-1,684,运行/运行/ATP-VSW/ATP-VSW-DOCK_HTVS_1-001_lib/ATP-VSW-DOCK_HTVS_1-001_lib,CN(CC(=O)N(C)c1ccccc1)c1cnc2ccccc2c1NC(=O)c1ccc(C[NH+](C)C)cc1,CN(CC(=O)N(C)c1ccccc1)c1cnc2ccccc2c1NC(=O)c1ccc(C[NH+](C)C)cc1,O=C(CNc1cnc2ccccc2c1NC(=O)c1ccccc1)Nc1ccccc1,C29H32N5O2+,1.0,36.0,68.0,1.0,46aba01d3caec9f0999612c2fd37b7c287b40f4bead91b9ba762a461fa9c96e8,-3.3461811795043,-51.0440883736726,-0.0929494772084528,3,3,3,matched,complete
ATP-HTVS-601F520459A4,94209,rxn514b____EMOL525080____EMOL1836585____EMOL45981440,94209-1,705,运行/运行/ATP-VSW/ATP-VSW-DOCK_HTVS_1-001_lib/ATP-VSW-DOCK_HTVS_1-001_lib,CN(Cc1cccc(F)c1)C(=O)c1sccc1Nc1ccc(C[NH+](C)C)cc1Cl,CN(Cc1cccc(F)c1)C(=O)c1sccc1Nc1ccc(C[NH+](C)C)cc1Cl,O=C(NCc1ccccc1)c1sccc1Nc1ccccc1,C22H24ClFN3OS+,1.0,29.0,53.0,1.0,2ddae8d83a86e3cceb0c75c9dd5b2b4f6ddd228e6de41f66e304b29eff2491cc,-3.2928013737602,-40.3338354258229,-0.113544874957248,1,1,1,matched,complete
ATP-HTVS-602F8E6702A7,98337,rxn512b____EMOL712348____EMOL719673____EMOL64015596,98337-1,571,运行/运行/ATP-VSW/ATP-VSW-DOCK_HTVS_1-002_lib.maegz,CN(Cc1ccc(N2CC[NH+](C)CC2)cc1)c1c(C(=O)N(CC#N)c2ccccc2)[nH]c2ccccc12,CN(Cc1ccc(N2CC[NH+](C)CC2)cc1)c1c(C(=O)N(CC#N)c2ccccc2)[nH]c2ccccc12,O=C(Nc1ccccc1)c1[nH]c2ccccc2c1NCc1ccc(N2CC[NH2+]CC2)cc1,C30H33N6O+,1.0,37.0,70.0,1.0,0656cfe02b0af79a9334faf408a763cb5c7fb9c469043aceef373e1b3835eab1,-3.66335870608387,-47.0574163601042,-0.0990096947590235,3,3,3,matched,complete
ATP-HTVS-60B21D6CE655,20227,WXDL_14____AN0004____LN00173385____BT1629,20227-1,651,运行/运行/ATP-VSW/ATP-VSW-DOCK_HTVS_1-003_lib/ATP-VSW-DOCK_HTVS_1-003_lib.mae,C[NH+](C)Cc1ccc(-c2cc(C(=O)N(CCO)Cc3ccccc3)c3ccccc3n2)cc1,C[NH+](C)Cc1ccc(-c2cc(C(=O)N(CCO)Cc3ccccc3)c3ccccc3n2)cc1,O=C(NCc1ccccc1)c1cc(-c2ccccc2)nc2ccccc12,C28H30N3O2+,1.0,33.0,63.0,1.0,849fc00bd12451e1e6ed992ef05af5eb0a1254715afaee8cebb13a7968787104,-3.42210988009747,-46.9018453059281,-0.103700299396893,2,2,2,matched,complete
ATP-HTVS-60B70570E761,62883,m_270004bca____10206040____7547124,62883-3,388,运行/运行/ATP-VSW/ATP-VSW-DOCK_HTVS_1-003_lib/ATP-VSW-DOCK_HTVS_1-003_lib.mae,COc1cc(CN(C)Cc2ccc(C[NH+](C)C)cc2)ccc1OCc1ccc(F)cc1,COc1cc(CN(C)Cc2ccc(C[NH+](C)C)cc2)ccc1OCc1ccc(F)cc1,c1ccc(CNCc2ccc(OCc3ccccc3)cc2)cc1,C26H32FN2O2+,1.0,31.0,63.0,1.0,5ca44397db281dd96f400477ad1c30d0f986107778223fd8155dae88f45ecf1b,-4.07446621007503,-53.1815440374823,-0.131434393873388,1,1,1,matched,complete
ATP-HTVS-60C7695B6F0C,73410,rxn512c____EMOL530714____EMOL523944____EMOL50155899,73410-1,27,运行/运行/ATP-VSW/ATP-VSW-DOCK_HTVS_1-002_lib.maegz,C[NH+](C)Cc1ccc(CNc2c(C(=O)Nc3cccc(N)c3)sc3ccccc23)cc1,C[NH+](C)Cc1ccc(CNc2c(C(=O)Nc3cccc(N)c3)sc3ccccc23)cc1,O=C(Nc1ccccc1)c1sc2ccccc2c1NCc1ccccc1,C25H27N4OS+,1.0,31.0,58.0,1.0,7bd0d8dde4f48ea2193b9493ce2152e5122b44b3ca4fccd7992f1d96c7c79d9c,-5.86770542169608,-62.3622559848945,-0.189280820054712,2,2,2,matched,complete
ATP-HTVS-60D4F7FF4B6B,48865,m_270004beb____23853920____7548658,48865-1,5,运行/运行/ATP-VSW/ATP-VSW-DOCK_HTVS_1-001_lib/ATP-VSW-DOCK_HTVS_1-001_lib,C[C@@H]([NH2+]Cc1ccc(-c2ccc([N+](=O)[O-])cc2)s1)c1ccc(C[NH+](C)C)cc1,CC([NH2+]Cc1ccc(-c2ccc([N+](=O)[O-])cc2)s1)c1ccc(C[NH+](C)C)cc1,c1ccc(C[NH2+]Cc2ccc(-c3ccccc3)s2)cc1,C22H27N3O2S+2,2.0,28.0,55.0,1.0,42bd4c9133463b64029048a748c0f74b1939b49eb1406560eb4e8c2d1a976fa3,-6.28370093518969,-77.708544089105,-0.224417890542489,6,6,6,matched,complete
ATP-HTVS-60F8B74A0D7C,66018,m_282030aaa____21928468____22360182____21974936,66018-1,123,运行/运行/ATP-VSW/ATP-VSW-DOCK_HTVS_1-002_lib.maegz,C[NH+](C)Cc1cc(F)ccc1CNc1nc(NCc2ccc([N+](=O)[O-])cc2)[nH+]c2ccccc12,C[NH+](C)Cc1cc(F)ccc1CNc1nc(NCc2ccc([N+](=O)[O-])cc2)[nH+]c2ccccc12,c1ccc(CNc2nc(NCc3ccccc3)c3ccccc3[nH+]2)cc1,C25H27FN6O2+2,2.0,34.0,61.0,1.0,41926998e4861d359b644a38b0d792c13f2ba4d309d29e03862ffdbf13072aee,-5.0072187217735,-61.4976003096635,-0.147271138875691,2,2,2,matched,complete
ATP-HTVS-6168063B3267,35105,m_282030aaa____21927700____23157418____21952560,35105-2,189,运行/运行/ATP-VSW/ATP-VSW-DOCK_HTVS_1-001_lib/ATP-VSW-DOCK_HTVS_1-001_lib,C[C@H](Nc1nc2ccccc2nc1NCc1ccccc1C[NH+](C)C)c1ccccc1N,CC(Nc1nc2ccccc2nc1NCc1ccccc1C[NH+](C)C)c1ccccc1N,c1ccc(CNc2nc3ccccc3nc2NCc2ccccc2)cc1,C26H31N6+,1.0,32.0,63.0,1.0,f7a1a652f5cde18fc7f4d4c376646f0621ee4b96cb26828d22866a1b29f70b48,-4.66858866643274,-58.6143557748247,-0.145893395826023,4,4,4,matched,complete
ATP-HTVS-61A3D13E339F,4770,YAS_R001____OTV6666766____OTV2248677,4770-1,129,运行/运行/ATP-VSW/ATP-VSW-DOCK_HTVS_1-002_lib.maegz,[NH3+]Cc1ccc(CNC(=O)c2cn(Cc3ccccc3)c(=O)c3ccccc23)c(F)c1,[NH3+]Cc1ccc(CNC(=O)c2cn(Cc3ccccc3)c(=O)c3ccccc23)c(F)c1,O=C(NCc1ccccc1)c1cn(Cc2ccccc2)c(=O)c2ccccc12,C25H23FN3O2+,1.0,31.0,54.0,1.0,08221195d848cc7e8d9339add4fb58147dd2f5301c76da5e5e0b4ca72d9e4d60,-4.98689241876596,-54.2261263907772,-0.160867497379547,2,2,2,matched,complete
ATP-HTVS-62207831F6CB,69763,rxn512c____EMOL24630243____EMOL526741____EMOL2873214,69763-3,1386,运行/运行/ATP-VSW/ATP-VSW-DOCK_HTVS_1-003_lib/ATP-VSW-DOCK_HTVS_1-003_lib.mae,CN(C)Cc1cccc(CNc2c(C(=O)N(C)[C@@H](C#N)c3ccccc3)sc3cc(F)ccc23)c1,CN(C)Cc1cccc(CNc2c(C(=O)N(C)C(C#N)c3ccccc3)sc3cc(F)ccc23)c1,O=C(NCc1ccccc1)c1sc2ccccc2c1NCc1ccccc1,C28H27FN4OS,0.0,35.0,62.0,1.0,1e170ca8adddfe88da1703f0b295492455f451edb8eca27d710e76614157249b,-1.01278276002394,-37.3903477589392,-0.0289366502863981,1,1,1,matched,complete
ATP-HTVS-6227313DC6E5,72418,rxn502b____EMOL530620____EMOL13728749____EMOL108753565,72418-1,62,运行/运行/ATP-VSW/ATP-VSW-DOCK_HTVS_1-002_lib.maegz,C[NH2+]Cc1ccc(CNc2cnc3ccccc3c2NC(=O)Cc2ccccc2)cc1,C[NH2+]Cc1ccc(CNc2cnc3ccccc3c2NC(=O)Cc2ccccc2)cc1,O=C(Cc1ccccc1)Nc1c(NCc2ccccc2)cnc2ccccc12,C26H27N4O+,1.0,31.0,58.0,1.0,c9fc1f3f5bd4b179a58cad6df36a54eb8cea3aa7c7af560b4f7c73a433a3942e,-5.41139131934922,-58.5496970419392,-0.174561010301588,3,3,3,matched,complete
ATP-HTVS-6286382C1C45,71299,rxn502c____EMOL480962____EMOL49259969____EMOL2873214,71299-2,1018,运行/运行/ATP-VSW/ATP-VSW-DOCK_HTVS_1-003_lib/ATP-VSW-DOCK_HTVS_1-003_lib.mae,CN(C)Cc1cccc(CNc2c(CN(C)C(=O)CCc3ccccc3)sc3ccccc23)c1,CN(C)Cc1cccc(CNc2c(CN(C)C(=O)CCc3ccccc3)sc3ccccc23)c1,O=C(CCc1ccccc1)NCc1sc2ccccc2c1NCc1ccccc1,C29H33N3OS,0.0,34.0,67.0,1.0,d94bb35b489b1f517c6afedbc7d5bed448796488530bba79ba33cde166d86384,-2.33960549225046,-52.9013488673855,-0.0688119262426606,1,1,1,matched,complete
ATP-HTVS-62D29CE4051A,17858,a4____313171____411479,17858-3,1021,运行/运行/ATP-VSW/ATP-VSW-DOCK_HTVS_1-002_lib.maegz,C[C@H](c1ccc(CNc2cccnc2Oc2ccccc2F)cc1)N(C)C,CC(c1ccc(CNc2cccnc2Oc2ccccc2F)cc1)N(C)C,c1ccc(CNc2cccnc2Oc2ccccc2)cc1,C22H24FN3O,0.0,27.0,51.0,1.0,36e19d5364f387fc40140d0122259505ed27270a48d8ebeeba9c04607611edae,-2.40287405166579,-35.6798666148484,-0.0889953352468813,2,2,2,matched,complete
ATP-HTVS-631C0C315D5A,76739,rxn207____EMOL1936181____EMOL76738571,76739-1,279,运行/运行/ATP-VSW/ATP-VSW-DOCK_HTVS_1-003_lib/ATP-VSW-DOCK_HTVS_1-003_lib.mae,C[C@@H](N[C@H](CC[NH+](C)C)c1ccc(O)cc1)c1cc2cccc(Cl)c2c(=O)n1-c1ccccc1,CC(NC(CC[NH+](C)C)c1ccc(O)cc1)c1cc2cccc(Cl)c2c(=O)n1-c1ccccc1,O=c1c2ccccc2cc(CNCc2ccccc2)n1-c1ccccc1,C28H31ClN3O2+,1.0,34.0,65.0,1.0,9dfe6e2901cab7d2a0507d979299f35d2b2ae5b56f70b95802e7593b5899c8d7,-4.41458575350106,-59.1456814224846,-0.129840757455914,8,8,8,matched,complete
ATP-HTVS-638532F00CCB,72737,rxn502b____EMOL480467____EMOL7515103____EMOL50155899,72737-1,699,运行/运行/ATP-VSW/ATP-VSW-DOCK_HTVS_1-001_lib/ATP-VSW-DOCK_HTVS_1-001_lib,C[NH+](C)Cc1ccc(CNc2cnc(NC(=O)Cc3ccccc3[N+](=O)[O-])c3ccccc23)cc1,C[NH+](C)Cc1ccc(CNc2cnc(NC(=O)Cc3ccccc3[N+](=O)[O-])c3ccccc23)cc1,O=C(Cc1ccccc1)Nc1ncc(NCc2ccccc2)c2ccccc12,C27H28N5O3+,1.0,35.0,63.0,1.0,2bd389060f32323e717c46d866f100130b79034e129f859b007e23e67e96f221,-3.30192032259965,-50.5446903646923,-0.0943405806457042,3,3,3,matched,complete
ATP-HTVS-63A2B85F1850,85570,rxn502c____EMOL483931____EMOL49259969____EMOL324170366,85570-1,639,运行/运行/ATP-VSW/ATP-VSW-DOCK_HTVS_1-002_lib.maegz,CN(Cc1sc2ccccc2c1NCc1ccc(NCCO)cc1)C(=O)c1cccc(C#N)c1,CN(Cc1sc2ccccc2c1NCc1ccc(NCCO)cc1)C(=O)c1cccc(C#N)c1,O=C(NCc1sc2ccccc2c1NCc1ccccc1)c1ccccc1,C27H26N4O2S,0.0,34.0,60.0,1.0,0057107c056c5bce3b9f8c1d863a56ef7f63d07fa81774f149115f14963cffcd,-3.48496606644906,-49.8407839702021,-0.102499001954384,1,1,1,matched,complete
ATP-HTVS-63DD1309BB6A,79362,rxn502b____EMOL43467976____EMOL7515103____EMOL2868412,79362-1,687,运行/运行/ATP-VSW/ATP-VSW-DOCK_HTVS_1-002_lib.maegz,CCN(CC)Cc1ccc(CNc2cnc(NC(=O)c3ccccc3C#N)c3ccccc23)cc1,CCN(CC)Cc1ccc(CNc2cnc(NC(=O)c3ccccc3C#N)c3ccccc23)cc1,O=C(Nc1ncc(NCc2ccccc2)c2ccccc12)c1ccccc1,C29H29N5O,0.0,35.0,64.0,1.0,c9191e68a1090831866628f05f4217df52816dae77f72b7c12e64c36133c860c,-3.34205032023594,-48.0562545767221,-0.0954871520067412,1,1,1,matched,complete
ATP-HTVS-63DFF8A88018,1537,YAS_R028____OTV2128104____OTV1106784____OTV1268163____OTV1055862,1537-3,150,运行/运行/ATP-VSW/ATP-VSW-DOCK_HTVS_1-001_lib/ATP-VSW-DOCK_HTVS_1-001_lib,Cc1ccc([C@@H](O)CNc2cc(N(C)Cc3ccccc3)[nH+]c(Nc3cccc(O)c3)n2)cc1,Cc1ccc(C(O)CNc2cc(N(C)Cc3ccccc3)[nH+]c(Nc3cccc(O)c3)n2)cc1,c1ccc(CCNc2cc(NCc3ccccc3)[nH+]c(Nc3ccccc3)n2)cc1,C27H30N5O2+,1.0,34.0,64.0,1.0,7b3cfff4d6fe05e556e64895ab02d6b832fe9e32a23e3048256b4945771b1334,-4.7943360024633,-69.9816452273727,-0.141009882425391,3,3,3,matched,complete
ATP-HTVS-63E5F33A32FB,23458,m_270004bbb____8353320____24720270,23458-1,170,运行/运行/ATP-VSW/ATP-VSW-DOCK_HTVS_1-002_lib.maegz,COc1ccccc1OCc1ccc(C[NH2+]Cc2ccccc2C[NH+](C)C)o1,COc1ccccc1OCc1ccc(C[NH2+]Cc2ccccc2C[NH+](C)C)o1,c1ccc(C[NH2+]Cc2ccc(COc3ccccc3)o2)cc1,C23H30N2O3+2,2.0,28.0,58.0,1.0,1ffa10ae6469b8fa07bcdcffa63b02b65f7faeb0e4afc5361e20220e8188b53a,-4.78876578704874,-60.0672244207911,-0.171027349537455,3,3,3,matched,complete
ATP-HTVS-64561A556005,76449,rxn502b____EMOL18624763____EMOL44466703____EMOL2871571,76449-1,168,运行/运行/ATP-VSW/ATP-VSW-DOCK_HTVS_1-001_lib/ATP-VSW-DOCK_HTVS_1-001_lib,C[NH+](C)Cc1ccc(C(=O)Nc2nc3ccccc3cc2N(CC(N)=O)c2ccccc2)cc1,C[NH+](C)Cc1ccc(C(=O)Nc2nc3ccccc3cc2N(CC(N)=O)c2ccccc2)cc1,O=C(Nc1nc2ccccc2cc1Nc1ccccc1)c1ccccc1,C27H28N5O2+,1.0,34.0,62.0,1.0,de15684617cfbbb5878099a64fb5c22ef90730102ab948ac32fe8367e004647a,-4.72497821014762,-53.198406270851,-0.138969947357283,2,2,2,matched,complete
ATP-HTVS-6480B695D089,74689,rxn102c____EMOL331057570____EMOL27484968,74689-5,993,运行/运行/ATP-VSW/ATP-VSW-DOCK_HTVS_1-001_lib/ATP-VSW-DOCK_HTVS_1-001_lib,C[NH+](C)[C@@H](CN)c1ccc(Cl)cc1Nc1[nH+]c(-c2ccc(Cl)cc2)cn1/N=C/c1ccccc1,C[NH+](C)C(CN)c1ccc(Cl)cc1Nc1[nH+]c(-c2ccc(Cl)cc2)cn1N=Cc1ccccc1,C(=Nn1cc(-c2ccccc2)[nH+]c1Nc1ccccc1)c1ccccc1,C26H28Cl2N6+2,2.0,34.0,62.0,1.0,a713448a861730951e8322cd3793729d31352419b3231e8268b6261a922ede5b,-2.45925339690874,-62.2213458758756,-0.0723309822620216,1,1,1,matched,complete
ATP-HTVS-64A2B9E187D2,31651,m_270004bda____24171218____24720380,31651-2,1081,运行/运行/ATP-VSW/ATP-VSW-DOCK_HTVS_1-003_lib/ATP-VSW-DOCK_HTVS_1-003_lib.mae,C[NH+](C)CCOc1cccc(CN2CC(=O)Nc3ccc(Cl)cc3[C@H]2c2ccccc2F)c1,C[NH+](C)CCOc1cccc(CN2CC(=O)Nc3ccc(Cl)cc3C2c2ccccc2F)c1,O=C1CN(Cc2ccccc2)C(c2ccccc2)c2ccccc2N1,C26H28ClFN3O2+,1.0,33.0,61.0,1.0,dc8178618ed443f11d2c74d2ce28bf4e928e094202003c79b40514beb58f1e54,-2.18765448061502,-42.6561925743303,-0.066292560018637,4,4,4,matched,complete
ATP-HTVS-64F4A1A461ED,76035,rxn403____EMOL2873214____EMOL4867949____EMOL517880,76035-1,79,运行/运行/ATP-VSW/ATP-VSW-DOCK_HTVS_1-003_lib/ATP-VSW-DOCK_HTVS_1-003_lib.mae,C[NH+](C)Cc1cccc(CN[C@H](C#Cc2ccncc2)c2[nH+]ccn2OCc2ccccc2)c1,C[NH+](C)Cc1cccc(CNC(C#Cc2ccncc2)c2[nH+]ccn2OCc2ccccc2)c1,C(#CC(NCc1ccccc1)c1[nH+]ccn1OCc1ccccc1)c1ccncc1,C28H31N5O+2,2.0,34.0,65.0,1.0,d6fb5c34c195d9c7b16f842b0244d75ba4463296c64e73c945ded0b91a28bcf9,-5.28790429343209,-71.7241767782238,-0.15552659686565,8,8,8,matched,complete
ATP-HTVS-651F2B2980F4,15906,a4____269397____430368,15906-1,60,运行/运行/ATP-VSW/ATP-VSW-DOCK_HTVS_1-002_lib.maegz,C[C@H](c1cccc(C[NH2+]C[C@H](c2cccs2)c2c[nH]c3ccccc23)c1)[NH+](C)C,CC(c1cccc(C[NH2+]CC(c2cccs2)c2c[nH]c3ccccc23)c1)[NH+](C)C,c1ccc(C[NH2+]CC(c2cccs2)c2c[nH]c3ccccc23)cc1,C25H31N3S+2,2.0,29.0,60.0,1.0,dcd368fb6d59a013555797430db725c65b03513949616126d4ecd45f8cbed303,-5.47772488910743,-67.4888736685244,-0.188887065141636,6,6,6,matched,complete
ATP-HTVS-65263582E7F4,36450,m_2708bba____23824752____12219706,36450-2,179,运行/运行/ATP-VSW/ATP-VSW-DOCK_HTVS_1-002_lib.maegz,Cc1cccc([C@@H](C[NH+](C)C)NC(=O)NC[C@H]2c3ccccc3C(=O)N2Cc2ccccc2)c1,Cc1cccc(C(C[NH+](C)C)NC(=O)NCC2c3ccccc3C(=O)N2Cc2ccccc2)c1,O=C(NCc1ccccc1)NCC1c2ccccc2C(=O)N1Cc1ccccc1,C28H33N4O2+,1.0,34.0,67.0,1.0,949ff67025f3f55c4942a91b7f363bb2cdf21437f5966e82dffb144fcd3947f2,-4.75411914859557,-54.9764822611121,-0.139827033782223,4,4,4,matched,complete
ATP-HTVS-654FE4E3AAA7,28929,m_27bbd____1281192____6388738,28929-1,394,运行/运行/ATP-VSW/ATP-VSW-DOCK_HTVS_1-001_lib/ATP-VSW-DOCK_HTVS_1-001_lib,CC[N@@H+](C)Cc1cccc(CNc2cc(C(=O)N(C)c3ccccc3)ccn2)c1,CC[NH+](C)Cc1cccc(CNc2cc(C(=O)N(C)c3ccccc3)ccn2)c1,O=C(Nc1ccccc1)c1ccnc(NCc2ccccc2)c1,C24H29N4O+,1.0,29.0,58.0,1.0,d05e2a7f7ca4a8c3f228cfaef745241388eda1f1453abc86016a634c789e0479,-4.06858602331891,-47.6220047626857,-0.140296069769618,3,3,3,matched,complete
ATP-HTVS-655331016ABF,30146,m_282030aaa____21912298____22360182____21967972,30146-1,185,运行/运行/ATP-VSW/ATP-VSW-DOCK_HTVS_1-002_lib.maegz,C[NH+](C)Cc1ccc(CCNc2nc(NCc3ccc(CO)c(F)c3)c3ccccc3[nH+]2)cc1,C[NH+](C)Cc1ccc(CCNc2nc(NCc3ccc(CO)c(F)c3)c3ccccc3[nH+]2)cc1,c1ccc(CCNc2nc(NCc3ccccc3)c3ccccc3[nH+]2)cc1,C27H32FN5O+2,2.0,34.0,66.0,1.0,815e5ec8a784a39e3cbbd40e040c16e6070af2fa0ee0d2d521a7a34ad9fa81b9,-4.73818123002512,-55.6011771354262,-0.139358271471327,1,1,1,matched,complete
ATP-HTVS-656A250247D8,81986,rxn512b____EMOL36822768____EMOL44846536____EMOL2873214,81986-1,151,运行/运行/ATP-VSW/ATP-VSW-DOCK_HTVS_1-002_lib.maegz,C[NH+](C)Cc1cccc(CNc2cc(C(=O)N(C#N)c3ccccc3)sc2Cl)c1,C[NH+](C)Cc1cccc(CNc2cc(C(=O)N(C#N)c3ccccc3)sc2Cl)c1,O=C(Nc1ccccc1)c1cc(NCc2ccccc2)cs1,C22H22ClN4OS+,1.0,29.0,51.0,1.0,c1214f45398debf93a378bdd5570270daa8fa6d8f948d5959b34804db644fca7,-4.89528858906576,-68.0000716327241,-0.168803054795371,2,2,2,matched,complete
ATP-HTVS-657E323E2351,76481,rxn502b____EMOL5415347____EMOL7515103____EMOL2871571,76481-1,443,运行/运行/ATP-VSW/ATP-VSW-DOCK_HTVS_1-001_lib/ATP-VSW-DOCK_HTVS_1-001_lib,C[NH+](C)Cc1ccccc1C(=O)Nc1ncc(N(CC(N)=O)c2ccccc2)c2ccccc12,C[NH+](C)Cc1ccccc1C(=O)Nc1ncc(N(CC(N)=O)c2ccccc2)c2ccccc12,O=C(Nc1ncc(Nc2ccccc2)c2ccccc12)c1ccccc1,C27H28N5O2+,1.0,34.0,62.0,1.0,27063c77ad25b5142161c9520aeb0f988c8e4a5e2ae6f34d1ca622ceb8fed009,-3.94729667946488,-51.372925610914,-0.116096961160732,2,2,2,matched,complete
ATP-HTVS-65B75474615F,40449,m_270166bbb____16815466____16818234,40449-1,371,运行/运行/ATP-VSW/ATP-VSW-DOCK_HTVS_1-001_lib/ATP-VSW-DOCK_HTVS_1-001_lib,Nc1ccc(CCNc2nc(-c3ccccc3)nc3ccccc23)cc1,Nc1ccc(CCNc2nc(-c3ccccc3)nc3ccccc23)cc1,c1ccc(CCNc2nc(-c3ccccc3)nc3ccccc23)cc1,C22H20N4,0.0,26.0,46.0,1.0,103d6862c4a6bb6af7a754b90c24df4e161c820bf3303f1d9a011d6eb5fdf439,-4.14954648610879,-42.1845827909258,-0.159597941773415,2,2,2,matched,complete
ATP-HTVS-65F1321BFD60,23330,m_2230bdc____17849930____14472260,23330-2,1297,运行/运行/ATP-VSW/ATP-VSW-DOCK_HTVS_1-002_lib.maegz,Cc1ccc(F)c(CN2CC(=O)Nc3ccccc3[C@@H]2c2ccccc2)c1,Cc1ccc(F)c(CN2CC(=O)Nc3ccccc3C2c2ccccc2)c1,O=C1CN(Cc2ccccc2)C(c2ccccc2)c2ccccc2N1,C23H21FN2O,0.0,27.0,48.0,1.0,7d2ae0c21dda524442ec476c21ff99a581a92c4b599fd47cd3b521a492bd75cd,-1.48038393582607,-34.3007226200572,-0.0548290346602248,2,2,2,matched,complete
ATP-HTVS-65F4836C7042,84577,rxn503c____EMOL478035____EMOL49259969____EMOL313110234,84577-4,2,运行/运行/ATP-VSW/ATP-VSW-DOCK_HTVS_1-001_lib/ATP-VSW-DOCK_HTVS_1-001_lib,CN(Cc1sc2ccccc2c1C#C[C@@H]([NH3+])Cc1cccc(F)c1)C(=O)c1ccccc1O,CN(Cc1sc2ccccc2c1C#CC([NH3+])Cc1cccc(F)c1)C(=O)c1ccccc1O,O=C(NCc1sc2ccccc2c1C#CCCc1ccccc1)c1ccccc1,C27H24FN2O2S+,1.0,33.0,57.0,1.0,8a95bd9ac77713fed2335a4550456e22c2f582b2821581d553b757da027803c1,-6.71312251253104,-81.2037236211537,-0.203427954925183,1,1,1,matched,complete
ATP-HTVS-6612EA4E183C,54530,m_282030aaa____21916804____22360182____21940090,54530-1,461,运行/运行/ATP-VSW/ATP-VSW-DOCK_HTVS_1-002_lib.maegz,C[C@@H](Nc1nc(NCc2cccc(C[NH+](C)C)c2)c2ccccc2[nH+]1)c1ccc(C#N)cc1F,CC(Nc1nc(NCc2cccc(C[NH+](C)C)c2)c2ccccc2[nH+]1)c1ccc(C#N)cc1F,c1ccc(CNc2nc(NCc3ccccc3)c3ccccc3[nH+]2)cc1,C27H29FN6+2,2.0,34.0,63.0,1.0,f4d8233aa89167422a291dbfc488fe8cf52f9f19f5dc82f0356d10f90857bb40,-3.92958280169648,-61.2343102695839,-0.115575964755779,5,5,5,matched,complete
ATP-HTVS-665A86DAD15F,78754,rxn512b____EMOL31531197____EMOL49851977____EMOL50155899,78754-1,557,运行/运行/ATP-VSW/ATP-VSW-DOCK_HTVS_1-002_lib.maegz,Cc1ccc(N(C)C(=O)c2sc(Cl)cc2NCc2ccc(C[NH+](C)C)cc2)cc1Cl,Cc1ccc(N(C)C(=O)c2sc(Cl)cc2NCc2ccc(C[NH+](C)C)cc2)cc1Cl,O=C(Nc1ccccc1)c1sccc1NCc1ccccc1,C23H26Cl2N3OS+,1.0,30.0,56.0,1.0,bd38a31a4bac9156081abf77e25780d341503abb7c0b6a98d3992d0cb19f46d8,-3.69184794846987,-46.3541455171647,-0.123061598282329,1,1,1,matched,complete
ATP-HTVS-66618B00A972,44098,m_270004bbb____24792670____7548988,44098-1,2,运行/运行/ATP-VSW/ATP-VSW-DOCK_HTVS_1-002_lib.maegz,CC[N@@H+](C)Cc1cc(F)ccc1C[NH2+]Cc1csc(COc2ccc(OC)cc2)n1,CC[NH+](C)Cc1cc(F)ccc1C[NH2+]Cc1csc(COc2ccc(OC)cc2)n1,c1ccc(C[NH2+]Cc2csc(COc3ccccc3)n2)cc1,C23H30FN3O2S+2,2.0,30.0,60.0,1.0,b1f1c4077dd92869d16ffe95949c30cf97b0cae54281c26f84869b933d3962db,-6.72891028700809,-91.0861709159544,-0.224297009566936,5,5,5,matched,complete
ATP-HTVS-667EB58ED22D,21090,m_27bbd____15775612____61045,21090-2,1172,运行/运行/ATP-VSW/ATP-VSW-DOCK_HTVS_1-002_lib.maegz,CN(C)Cc1ccc(CCNc2nc(-c3ccccc3)nc3ccccc23)cc1,CN(C)Cc1ccc(CCNc2nc(-c3ccccc3)nc3ccccc23)cc1,c1ccc(CCNc2nc(-c3ccccc3)nc3ccccc23)cc1,C25H26N4,0.0,29.0,55.0,1.0,85475b03f691b5e1605f88cd12ae93b3fb9e99b31fc83fcc661c1e14877ac0c3,-1.95139084828723,-43.5987755312203,-0.0672893395961112,1,1,1,matched,complete
ATP-HTVS-669A511FBD29,90914,rxn403____EMOL530587____EMOL514874____EMOL1468452,90914-4,241,运行/运行/ATP-VSW/ATP-VSW-DOCK_HTVS_1-002_lib.maegz,C[C@H](NCC#C[C@H](NCC(=O)c1ccccc1)c1csc2ccccc12)c1ccccc1,CC(NCC#CC(NCC(=O)c1ccccc1)c1csc2ccccc12)c1ccccc1,O=C(CNC(C#CCNCc1ccccc1)c1csc2ccccc12)c1ccccc1,C28H26N2OS,0.0,32.0,58.0,1.0,4269254b5c06b57eb87b6cc8af7743f96cd4e5584720b674452095dc1ab0183a,-4.53832172271697,-54.7412159754631,-0.141822553834905,2,2,2,matched,complete
ATP-HTVS-66A9CC424D71,24770,m_270004bbb____8349656____7548984,24770-1,238,运行/运行/ATP-VSW/ATP-VSW-DOCK_HTVS_1-002_lib.maegz,C[NH+](C)Cc1cccc(C[NH2+]Cc2csc(COc3ccc(Cl)cc3)n2)c1,C[NH+](C)Cc1cccc(C[NH2+]Cc2csc(COc3ccc(Cl)cc3)n2)c1,c1ccc(C[NH2+]Cc2csc(COc3ccccc3)n2)cc1,C21H26ClN3OS+2,2.0,27.0,53.0,1.0,ab12d5eaf992d9dd320ea99c20fc6d9021d004e0481b33ed1ddcec9249ada5a1,-4.54344253054898,-61.3522598092811,-0.168275649279592,4,4,4,matched,complete
ATP-HTVS-66BD7620CABA,87457,rxn502b____EMOL725548____EMOL7515103____EMOL36790511,87457-2,600,运行/运行/ATP-VSW/ATP-VSW-DOCK_HTVS_1-001_lib/ATP-VSW-DOCK_HTVS_1-001_lib,C[C@@H](C#N)N(c1ccccc1)c1cnc(NC(=O)c2ccccc2N2CC[NH+](C)CC2)c2ccccc12,CC(C#N)N(c1ccccc1)c1cnc(NC(=O)c2ccccc2N2CC[NH+](C)CC2)c2ccccc12,O=C(Nc1ncc(Nc2ccccc2)c2ccccc12)c1ccccc1N1CC[NH2+]CC1,C30H31N6O+,1.0,37.0,68.0,1.0,f048905cf43b0936ab448299b8c361ab9139d440307359c036c813eaac80df6f,-3.56273417083815,-51.7540257571195,-0.0962901127253554,4,4,4,matched,complete
ATP-HTVS-66EE35E24140,84065,rxn502b____EMOL711278____EMOL7515103____EMOL44153840,84065-1,291,运行/运行/ATP-VSW/ATP-VSW-DOCK_HTVS_1-001_lib/ATP-VSW-DOCK_HTVS_1-001_lib,CC[NH+](CC)Cc1cccc(CNc2cnc(NC(=O)c3ccccc3C(C)=O)c3ccccc23)c1,CC[NH+](CC)Cc1cccc(CNc2cnc(NC(=O)c3ccccc3C(C)=O)c3ccccc23)c1,O=C(Nc1ncc(NCc2ccccc2)c2ccccc12)c1ccccc1,C30H33N4O2+,1.0,36.0,69.0,1.0,a542a1ff9bb1b5de80fe07f84828134124a43c53aafa5d15e6e54905a7595890,-4.37572311945801,-59.8604619979971,-0.121547864429389,1,1,1,matched,complete
ATP-HTVS-66FFB530802B,85635,rxn502b____EMOL18624763____EMOL13728749____EMOL2859841,85635-1,525,运行/运行/ATP-VSW/ATP-VSW-DOCK_HTVS_1-003_lib/ATP-VSW-DOCK_HTVS_1-003_lib.mae,C[NH+](C)Cc1ccc(C(=O)Nc2c(N(CC(=O)NN)c3ccc(F)cc3)cnc3ccccc23)cc1,C[NH+](C)Cc1ccc(C(=O)Nc2c(N(CC(=O)NN)c3ccc(F)cc3)cnc3ccccc23)cc1,O=C(Nc1c(Nc2ccccc2)cnc2ccccc12)c1ccccc1,C27H28FN6O2+,1.0,36.0,64.0,1.0,2f2480241ee25c375104939cdb0264f2fb439d4d451b509f18da87f3875fae47,-3.74817258135611,-50.7489760699954,-0.10411590503767,2,2,2,matched,complete
ATP-HTVS-67024B617AFA,96930,rxn503c____EMOL525400____EMOL49259969____EMOL317509298,96930-3,104,运行/运行/ATP-VSW/ATP-VSW-DOCK_HTVS_1-003_lib/ATP-VSW-DOCK_HTVS_1-003_lib.mae,C[C@@H]([NH2+]CC#Cc1c(CN(C)C(=O)Cc2ccc(C#N)cc2)sc2ccccc12)c1ccccc1F,CC([NH2+]CC#Cc1c(CN(C)C(=O)Cc2ccc(C#N)cc2)sc2ccccc12)c1ccccc1F,O=C(Cc1ccccc1)NCc1sc2ccccc2c1C#CC[NH2+]Cc1ccccc1,C30H27FN3OS+,1.0,36.0,63.0,1.0,95ab9c9917388f92ef0908f226f9806f3226ca47b8af4f9f5b1c557674dd770b,-5.08429538675973,-68.3476419171071,-0.141230427409993,2,2,2,matched,complete
ATP-HTVS-673A54B483CC,85827,rxn502b____EMOL44462884____EMOL44466703____EMOL49839592,85827-2,531,运行/运行/ATP-VSW/ATP-VSW-DOCK_HTVS_1-003_lib/ATP-VSW-DOCK_HTVS_1-003_lib.mae,CCN(c1cc2ccccc2nc1NC(=O)[C@@H](O)Cc1ccc(Cl)cc1)[C@@H](C#N)c1ccccc1,CCN(c1cc2ccccc2nc1NC(=O)C(O)Cc1ccc(Cl)cc1)C(C#N)c1ccccc1,O=C(CCc1ccccc1)Nc1nc2ccccc2cc1NCc1ccccc1,C28H25ClN4O2,0.0,35.0,60.0,1.0,6f5703ee9da2e594671633a0e7ee4bd863c022cf1907fa052a553049ddc1263f,-3.724929712115,-47.5660250840437,-0.106426563203286,3,3,3,matched,complete
ATP-HTVS-675C8FFFA49B,85475,rxn502b____EMOL511643____EMOL7515103____EMOL38100949,85475-1,130,运行/运行/ATP-VSW/ATP-VSW-DOCK_HTVS_1-003_lib/ATP-VSW-DOCK_HTVS_1-003_lib.mae,C[NH2+]CCc1ccc(Nc2cnc(NC(=O)c3cccc(F)c3)c3ccccc23)cc1,C[NH2+]CCc1ccc(Nc2cnc(NC(=O)c3cccc(F)c3)c3ccccc23)cc1,O=C(Nc1ncc(Nc2ccccc2)c2ccccc12)c1ccccc1,C25H24FN4O+,1.0,31.0,55.0,1.0,099bd826dbc61f4bccf93de064082b85eadef673b770528146416c7ee84ae236,-4.96576841477222,-56.5600821402235,-0.160186077895878,1,1,1,matched,complete
ATP-HTVS-675D7E7E37EF,84769,rxn101____EMOL108753642____EMOL30145481,84769-1,286,运行/运行/ATP-VSW/ATP-VSW-DOCK_HTVS_1-001_lib/ATP-VSW-DOCK_HTVS_1-001_lib,CC(C)Nc1ccccc1NC(=O)Cn1c(=O)nc(-c2ccccc2)c2ccccc21,CC(C)Nc1ccccc1NC(=O)Cn1c(=O)nc(-c2ccccc2)c2ccccc21,O=C(Cn1c(=O)nc(-c2ccccc2)c2ccccc21)Nc1ccccc1,C25H24N4O2,0.0,31.0,55.0,1.0,9995b0986e6a51fc5971d88f6c02e65bd09549e1f8bf7a253a37810298b4782e,-4.39095491270896,-54.4867991019564,-0.141643706861579,1,1,1,matched,complete
ATP-HTVS-676B1F951E41,75489,rxn207____EMOL46100660____EMOL50155899,75489-2,223,运行/运行/ATP-VSW/ATP-VSW-DOCK_HTVS_1-001_lib/ATP-VSW-DOCK_HTVS_1-001_lib,C[C@H]([NH2+]Cc1ccc(C[NH+](C)C)cc1)c1cn(Cc2ccc(Cl)cc2)nn1,CC([NH2+]Cc1ccc(C[NH+](C)C)cc1)c1cn(Cc2ccc(Cl)cc2)nn1,c1ccc(C[NH2+]Cc2cn(Cc3ccccc3)nn2)cc1,C21H28ClN5+2,2.0,27.0,55.0,1.0,a0a43c221049ab2beca7b67ed367339b8b6ab2ce3c097ef68c8d7036376d1788,-4.55198972157874,-60.0946332898022,-0.168592211910324,8,8,8,matched,complete
ATP-HTVS-6778D00A26F1,88097,rxn502b____EMOL39304293____EMOL30488121____EMOL44834539,88097-2,414,运行/运行/ATP-VSW/ATP-VSW-DOCK_HTVS_1-001_lib/ATP-VSW-DOCK_HTVS_1-001_lib,Cc1cccc([C@H](O)CNc2c(NC(=O)c3ccc([S-])c(F)c3)c[nH+]c3ccccc23)c1,Cc1cccc(C(O)CNc2c(NC(=O)c3ccc([S-])c(F)c3)c[nH+]c3ccccc23)c1,O=C(Nc1c[nH+]c2ccccc2c1NCCc1ccccc1)c1ccccc1,C25H22FN3O2S,0.0,32.0,54.0,1.0,fd34d7dcfd7aaedf36fc5c52cd6bd2185a057ec04d81a4ab5bec99f836291234,-4.02076398578119,-46.2745950083228,-0.125648874555662,4,4,4,matched,complete
ATP-HTVS-677D6479829E,40802,m_270004bda____24170338____7548748,40802-1,1284,运行/运行/ATP-VSW/ATP-VSW-DOCK_HTVS_1-002_lib.maegz,O=C1CN(Cc2cc(F)c(F)c(F)c2)[C@H](c2ccccc2)c2ccccc2N1,O=C1CN(Cc2cc(F)c(F)c(F)c2)C(c2ccccc2)c2ccccc2N1,O=C1CN(Cc2ccccc2)C(c2ccccc2)c2ccccc2N1,C22H17F3N2O,0.0,28.0,45.0,1.0,c629b140636caa3f9abf843f04157c5eb623f57d0b6200f592598dec86f96c35,-1.53874169064262,-33.74494545109,-0.0549550603800935,2,2,2,matched,complete
ATP-HTVS-67830652660F,76674,rxn512c____EMOL476547____EMOL523944____EMOL50155899,76674-1,609,运行/运行/ATP-VSW/ATP-VSW-DOCK_HTVS_1-002_lib.maegz,C[NH+](C)Cc1ccc(CNc2c(C(=O)Nc3ccccc3C#N)sc3ccccc23)cc1,C[NH+](C)Cc1ccc(CNc2c(C(=O)Nc3ccccc3C#N)sc3ccccc23)cc1,O=C(Nc1ccccc1)c1sc2ccccc2c1NCc1ccccc1,C26H25N4OS+,1.0,32.0,57.0,1.0,9ff233fd46ce211e53e56529d5bc86c7f5c7619645e9517a14e8279fb7200ee4,-3.54475322945027,-48.8447928602056,-0.110773538420321,2,2,2,matched,complete
ATP-HTVS-67B30DFDD52C,28355,m_282030aaa____21909402____22360182____21940090,28355-1,219,运行/运行/ATP-VSW/ATP-VSW-DOCK_HTVS_1-003_lib/ATP-VSW-DOCK_HTVS_1-003_lib.mae,CN(Cc1ccccc1S(N)(=O)=O)c1nc(NCc2cccc(C[NH+](C)C)c2)c2ccccc2[nH+]1,CN(Cc1ccccc1S(N)(=O)=O)c1nc(NCc2cccc(C[NH+](C)C)c2)c2ccccc2[nH+]1,c1ccc(CNc2nc(NCc3ccccc3)c3ccccc3[nH+]2)cc1,C26H32N6O2S+2,2.0,35.0,67.0,1.0,3b247e6f02bcfe1d0ec88d2e99ad03468b6d9c2ab7e8d826b0e5af405b2b1c6e,-4.59460586724192,-63.2577044295945,-0.131274453349769,2,2,2,matched,complete
ATP-HTVS-67E3C63FBC34,48897,m_2230bdc____17849930____22384506,48897-1,1235,运行/运行/ATP-VSW/ATP-VSW-DOCK_HTVS_1-001_lib/ATP-VSW-DOCK_HTVS_1-001_lib,CCc1cccc(CC)c1CN1CC(=O)Nc2ccccc2[C@H]1c1ccccc1,CCc1cccc(CC)c1CN1CC(=O)Nc2ccccc2C1c1ccccc1,O=C1CN(Cc2ccccc2)C(c2ccccc2)c2ccccc2N1,C26H28N2O,0.0,29.0,57.0,1.0,b3b51fdab75f8ecfcde2c6bb82a3a232bd5570c2f7ba144a598749431d7c1a5f,-1.77896313754051,-34.6942370866472,-0.0613435564669141,2,2,2,matched,complete
ATP-HTVS-67F14CF2E487,89249,rxn514b____EMOL480996____EMOL17095497____EMOL975590,89249-1,218,运行/运行/ATP-VSW/ATP-VSW-DOCK_HTVS_1-001_lib/ATP-VSW-DOCK_HTVS_1-001_lib,CN(Cc1ccccc1)C(=O)c1ncccc1Nc1ccccc1C[NH+](C)C,CN(Cc1ccccc1)C(=O)c1ncccc1Nc1ccccc1C[NH+](C)C,O=C(NCc1ccccc1)c1ncccc1Nc1ccccc1,C23H27N4O+,1.0,28.0,55.0,1.0,2fd9375a252c425a099863ded02c6af73de4fcb93b4cfda4511866ab3c033491,-4.57556517881541,-58.3212318098203,-0.16341304210055,2,2,2,matched,complete
ATP-HTVS-6804FBE9529D,53249,m_282030aaa____21896940____22360182____21936236,53249-1,277,运行/运行/ATP-VSW/ATP-VSW-DOCK_HTVS_1-001_lib/ATP-VSW-DOCK_HTVS_1-001_lib,C[NH+](C)Cc1cc(F)ccc1CNc1nc(NCc2cccc(Cl)c2N)c2ccccc2[nH+]1,C[NH+](C)Cc1cc(F)ccc1CNc1nc(NCc2cccc(Cl)c2N)c2ccccc2[nH+]1,c1ccc(CNc2nc(NCc3ccccc3)c3ccccc3[nH+]2)cc1,C25H28ClFN6+2,2.0,33.0,61.0,1.0,b6ed4a897ad26bfb9b3f2f86d25d8fadf6bb3999ca5ebf5174c0ed579d918099,-4.41470929805527,-56.2017671097351,-0.133779069638039,2,2,2,matched,complete
ATP-HTVS-681E21A5C336,90402,rxn102b____EMOL4279023____EMOL1362850,90402-1,1198,运行/运行/ATP-VSW/ATP-VSW-DOCK_HTVS_1-002_lib.maegz,C[NH+](C)Cc1cccc(N2c3ccccc3C(=O)N[C@H]2c2ccc(Cl)c(Cl)c2)c1,C[NH+](C)Cc1cccc(N2c3ccccc3C(=O)NC2c2ccc(Cl)c(Cl)c2)c1,O=C1NC(c2ccccc2)N(c2ccccc2)c2ccccc21,C23H22Cl2N3O+,1.0,29.0,51.0,1.0,84b29aeb3f69ae90f722c357a992bf978371986631cb44e548a7ddb162a48d03,-1.83227151274136,-41.2159977814119,-0.0631817763014262,4,4,4,matched,complete
ATP-HTVS-684B476D1E6A,72322,rxn502b____EMOL5415347____EMOL13728749____EMOL300091282,72322-1,507,运行/运行/ATP-VSW/ATP-VSW-DOCK_HTVS_1-002_lib.maegz,C[NH+](C)Cc1ccccc1C(=O)Nc1c(N(CC#N)Cc2ccccc2)cnc2ccccc12,C[NH+](C)Cc1ccccc1C(=O)Nc1c(N(CC#N)Cc2ccccc2)cnc2ccccc12,O=C(Nc1c(NCc2ccccc2)cnc2ccccc12)c1ccccc1,C28H28N5O+,1.0,34.0,62.0,1.0,9b0c54a36f4ebb3369c0e65c9032d49e1932267a68969cf8b78fee06a91675b4,-3.82090535284981,-50.3023019272835,-0.112379569201465,3,3,3,matched,complete
ATP-HTVS-68829DCC26F9,24002,m_527bbb____6951180____214828,24002-1,458,运行/运行/ATP-VSW/ATP-VSW-DOCK_HTVS_1-002_lib.maegz,CC(C)Nc1cccc(CNC(=O)Cn2c(COc3ccccc3)nc3ccccc32)c1,CC(C)Nc1cccc(CNC(=O)Cn2c(COc3ccccc3)nc3ccccc32)c1,O=C(Cn1c(COc2ccccc2)nc2ccccc21)NCc1ccccc1,C26H28N4O2,0.0,32.0,60.0,1.0,67fcd961639d828eb5743bbc31601d53d7c532ed91e8e68d283e804837f4bf1e,-3.94739536879907,-49.6435234813753,-0.123356105274971,3,3,3,matched,complete
ATP-HTVS-68B1DBF07479,3426,YAS_R006____OTV5753507____OTV0107930010____OTV1000393,3426-1,288,运行/运行/ATP-VSW/ATP-VSW-DOCK_HTVS_1-002_lib.maegz,C[NH+](C)[C@@H](CNc1nc(COc2ccccc2Cl)nc2ccccc12)c1ccc(O)cc1,C[NH+](C)C(CNc1nc(COc2ccccc2Cl)nc2ccccc12)c1ccc(O)cc1,c1ccc(CCNc2nc(COc3ccccc3)nc3ccccc23)cc1,C25H26ClN4O2+,1.0,32.0,58.0,1.0,440e7a68bb7a2d7328f8ea83039ee2b253f0cb454634dda21c809a3502397107,-4.41596673342604,-63.0689369794787,-0.137998960419564,3,3,3,matched,complete
ATP-HTVS-69239F8CDE40,84739,rxn512c____EMOL525078____EMOL43362984____EMOL3728368,84739-1,764,运行/运行/ATP-VSW/ATP-VSW-DOCK_HTVS_1-003_lib/ATP-VSW-DOCK_HTVS_1-003_lib.mae,CN(Cc1ccccc1F)C(=O)c1c(Nc2cccc(C[NH+](C)C)c2)c2ccccc2[nH]c1=O,CN(Cc1ccccc1F)C(=O)c1c(Nc2cccc(C[NH+](C)C)c2)c2ccccc2[nH]c1=O,O=C(NCc1ccccc1)c1c(Nc2ccccc2)c2ccccc2[nH]c1=O,C27H28FN4O2+,1.0,34.0,62.0,1.0,ee38ad87122a787161ca8600a1d2c3c08b30f41d3107cf702be0677a9f096bb0,-3.05381731133593,-52.4154061044254,-0.0898181562157628,2,2,2,matched,complete
ATP-HTVS-694143BD68F7,98210,rxn502b____EMOL15318088____EMOL30488121____EMOL24630243,98210-2,395,运行/运行/ATP-VSW/ATP-VSW-DOCK_HTVS_1-003_lib/ATP-VSW-DOCK_HTVS_1-003_lib.mae,CN(c1c(NC(=O)COc2ccccc2Cl)c[nH+]c2ccccc12)[C@H](C#N)c1ccccc1,CN(c1c(NC(=O)COc2ccccc2Cl)c[nH+]c2ccccc12)C(C#N)c1ccccc1,O=C(COc1ccccc1)Nc1c[nH+]c2ccccc2c1NCc1ccccc1,C26H22ClN4O2+,1.0,33.0,55.0,1.0,202f8d37e0d6becf11fa2df313142762a4fdb064f5cfd3fa00f07077f3c65620,-4.03896671740241,-53.3404301694437,-0.122392930830376,4,4,4,matched,complete
ATP-HTVS-697A85B30C1D,5217,YAS_R012____OTV5753507____OTV1778944____OTV7020410249,5217-3,1197,运行/运行/ATP-VSW/ATP-VSW-DOCK_HTVS_1-001_lib/ATP-VSW-DOCK_HTVS_1-001_lib,CCN(CC)[C@@H](CNC(=O)c1cc(=O)c2ccccc2n1Cc1ccc(C)cc1)c1ccccc1,CCN(CC)C(CNC(=O)c1cc(=O)c2ccccc2n1Cc1ccc(C)cc1)c1ccccc1,O=C(NCCc1ccccc1)c1cc(=O)c2ccccc2n1Cc1ccccc1,C30H33N3O2,0.0,35.0,68.0,1.0,3781f393d70e01a5182c63acbc0358a222ef57d270573d7d4eece170a4e62598,-1.88928429654037,-36.8802676550361,-0.0539795513297249,1,1,1,matched,complete
ATP-HTVS-69A2FC5C8ACC,16515,a4____269872____2778,16515-1,134,运行/运行/ATP-VSW/ATP-VSW-DOCK_HTVS_1-003_lib/ATP-VSW-DOCK_HTVS_1-003_lib.mae,Cc1cc(C[NH2+]Cc2cn(-c3ccccc3)nc2-c2ccncc2)ccc1O,Cc1cc(C[NH2+]Cc2cn(-c3ccccc3)nc2-c2ccncc2)ccc1O,c1ccc(C[NH2+]Cc2cn(-c3ccccc3)nc2-c2ccncc2)cc1,C23H23N4O+,1.0,28.0,51.0,1.0,f200d356f0a331e91cd57a458ad64668d2e80703650c2d9eba39814be42291d1,-4.95097795180845,-59.1862398072811,-0.176820641136016,2,2,2,matched,complete
ATP-HTVS-69AD6B8D3733,52643,m_270004bbb____13774140____24720860,52643-1,17,运行/运行/ATP-VSW/ATP-VSW-DOCK_HTVS_1-003_lib/ATP-VSW-DOCK_HTVS_1-003_lib.mae,C[NH+](C)Cc1ccc(C[NH2+]Cc2nc3ccccc3n2Cc2ccccc2)s1,C[NH+](C)Cc1ccc(C[NH2+]Cc2nc3ccccc3n2Cc2ccccc2)s1,c1ccc(Cn2c(C[NH2+]Cc3cccs3)nc3ccccc32)cc1,C23H28N4S+2,2.0,28.0,56.0,1.0,767b312090845d5bcadc6f10b72ac4de285612e09b0b27b8d0731d45ba5401d0,-5.81187938311954,-75.267637529148,-0.207567120825698,3,3,3,matched,complete
ATP-HTVS-69DE697C6F69,70082,rxn512b____EMOL24630243____EMOL719673____EMOL50155899,70082-2,411,运行/运行/ATP-VSW/ATP-VSW-DOCK_HTVS_1-002_lib.maegz,CN(C(=O)c1[nH]c2ccccc2c1NCc1ccc(C[NH+](C)C)cc1)[C@H](C#N)c1ccccc1,CN(C(=O)c1[nH]c2ccccc2c1NCc1ccc(C[NH+](C)C)cc1)C(C#N)c1ccccc1,O=C(NCc1ccccc1)c1[nH]c2ccccc2c1NCc1ccccc1,C28H30N5O+,1.0,34.0,64.0,1.0,81be18e79bc66fb64de44af4b5b0bed89ddd54f359422f4cd1ed628d451e24f9,-4.07146256267476,-51.982107635778,-0.119748898902199,4,4,4,matched,complete
ATP-HTVS-6A46373CBB09,79298,rxn502b____EMOL480530____EMOL7515103____EMOL8314610,79298-1,676,运行/运行/ATP-VSW/ATP-VSW-DOCK_HTVS_1-002_lib.maegz,O=C(Nc1ncc(Nc2ccc(NCCO)cc2)c2ccccc12)[C@H](Cl)c1ccccc1,O=C(Nc1ncc(Nc2ccc(NCCO)cc2)c2ccccc12)C(Cl)c1ccccc1,O=C(Cc1ccccc1)Nc1ncc(Nc2ccccc2)c2ccccc12,C25H23ClN4O2,0.0,32.0,55.0,1.0,419e84359347174e32566fb3a7aa16ed487b299c30c9806f405550cc20ef0824,-3.37109203600224,-44.8425245948505,-0.10534662612507,4,4,4,matched,complete
ATP-HTVS-6A615EE15C98,5634,a4____241131____222282,5634-3,347,运行/运行/ATP-VSW/ATP-VSW-DOCK_HTVS_1-002_lib.maegz,CN(C)Cc1cc(C[NH2+]Cc2cn(-c3ccccc3)nc2-c2ccc(F)cc2)ccc1O,CN(C)Cc1cc(C[NH2+]Cc2cn(-c3ccccc3)nc2-c2ccc(F)cc2)ccc1O,c1ccc(C[NH2+]Cc2cn(-c3ccccc3)nc2-c2ccccc2)cc1,C26H28FN4O+,1.0,32.0,60.0,1.0,c1d15d3dcde21c41e86e469a34381fd3ad27ef328ceac9d3aa0a67dbdb880bf9,-4.26265472494235,-66.6133508240223,-0.133207960154449,2,2,2,matched,complete
ATP-HTVS-6A632AA0CEB9,45283,m_270004bbb____8288884____13441680,45283-4,886,运行/运行/ATP-VSW/ATP-VSW-DOCK_HTVS_1-003_lib/ATP-VSW-DOCK_HTVS_1-003_lib.mae,Cc1ccc2nc(-c3ccc(F)cc3)c(C[NH2+]Cc3ccc(CN(C)C)cc3)n2c1,Cc1ccc2nc(-c3ccc(F)cc3)c(C[NH2+]Cc3ccc(CN(C)C)cc3)n2c1,c1ccc(C[NH2+]Cc2c(-c3ccccc3)nc3ccccn23)cc1,C25H28FN4+,1.0,30.0,58.0,1.0,9b7554bdb130f3241469a223bd862a2b015b538d3b84447ffb14cf4c3370005e,-2.71843646918018,-53.1969225113399,-0.0906145489726726,1,1,1,matched,complete
ATP-HTVS-6A75058F52BE,28289,m_207dba____5167038____134021,28289-2,140,运行/运行/ATP-VSW/ATP-VSW-DOCK_HTVS_1-001_lib/ATP-VSW-DOCK_HTVS_1-001_lib,CC(C)[N@@H+](C)Cc1cccc(C[NH2+]Cc2cn(-c3ccccc3)nc2-c2ccc([N+](=O)[O-])cc2)c1,CC(C)[NH+](C)Cc1cccc(C[NH2+]Cc2cn(-c3ccccc3)nc2-c2ccc([N+](=O)[O-])cc2)c1,c1ccc(C[NH2+]Cc2cn(-c3ccccc3)nc2-c2ccccc2)cc1,C28H33N5O2+2,2.0,35.0,68.0,1.0,4051af668683903c38a0664c6d313dcc61c1dd08696408e2c4475c30405a13c5,-4.84010222744144,-60.7623363419196,-0.138288635069755,1,1,1,matched,complete
ATP-HTVS-6A7606C4C92F,92290,rxn501b____EMOL5415347____EMOL13728749____EMOL530468,92290-1,314,运行/运行/ATP-VSW/ATP-VSW-DOCK_HTVS_1-002_lib.maegz,C[NH+](C)Cc1ccccc1C(=O)Nc1c(-c2ccccc2)cnc2ccccc12,C[NH+](C)Cc1ccccc1C(=O)Nc1c(-c2ccccc2)cnc2ccccc12,O=C(Nc1c(-c2ccccc2)cnc2ccccc12)c1ccccc1,C25H24N3O+,1.0,29.0,53.0,1.0,75f2d98033de82a9e547f6a9b761db71b9d4e64c322ebb6a50d8a56724c87da1,-4.34154304727115,-45.1801962370164,-0.149708380940385,3,3,3,matched,complete
ATP-HTVS-6A9F3E67E2B3,32321,m_270004bbb____8353320____7548974,32321-1,55,运行/运行/ATP-VSW/ATP-VSW-DOCK_HTVS_1-001_lib/ATP-VSW-DOCK_HTVS_1-001_lib,CC(=O)N(c1ccc(Cl)cc1)c1nc(C[NH2+]Cc2ccccc2C[NH+](C)C)cs1,CC(=O)N(c1ccc(Cl)cc1)c1nc(C[NH2+]Cc2ccccc2C[NH+](C)C)cs1,c1ccc(C[NH2+]Cc2csc(Nc3ccccc3)n2)cc1,C22H27ClN4OS+2,2.0,29.0,56.0,1.0,1b6e493276c8930dba21085a920cd3610636463af73706c170778e084d2c27bb,-5.24384455386127,-68.7880721078871,-0.180822225995216,4,4,4,matched,complete
ATP-HTVS-6AEF3DDEB613,24577,m_27bbd____895130____24798446,24577-3,999,运行/运行/ATP-VSW/ATP-VSW-DOCK_HTVS_1-001_lib/ATP-VSW-DOCK_HTVS_1-001_lib,CCN(CC)Cc1cccc(CNc2[nH+]c3ccccc3n2CC(=O)c2ccccc2)c1,CCN(CC)Cc1cccc(CNc2[nH+]c3ccccc3n2CC(=O)c2ccccc2)c1,O=C(Cn1c(NCc2ccccc2)[nH+]c2ccccc21)c1ccccc1,C27H31N4O+,1.0,32.0,63.0,1.0,50efdbc4bc86630363b562dca25c6e4ae2b15562d812f11b97d9a08c69332076,-2.44931978858572,-56.3633796399379,-0.0765412433933039,1,1,1,matched,complete
ATP-HTVS-6B0687E57A6A,39265,m_2230beb____22393922____14187374,39265-2,13,运行/运行/ATP-VSW/ATP-VSW-DOCK_HTVS_1-001_lib/ATP-VSW-DOCK_HTVS_1-001_lib,OCc1ccccc1CC[NH2+][C@@H](c1ccccc1)c1cc2ccccc2o1,OCc1ccccc1CC[NH2+]C(c1ccccc1)c1cc2ccccc2o1,c1ccc(CC[NH2+]C(c2ccccc2)c2cc3ccccc3o2)cc1,C24H24NO2+,1.0,27.0,51.0,1.0,96f0533a86b1f1f054bad5331442ade586233a78037ca69d0311eafa60eb3e6b,-6.08880138359782,-61.0160961140363,-0.225511162355475,4,4,4,matched,complete
ATP-HTVS-6B1624881868,95842,rxn514b____EMOL2726699____EMOL17240199____EMOL2732950,95842-1,367,运行/运行/ATP-VSW/ATP-VSW-DOCK_HTVS_1-003_lib/ATP-VSW-DOCK_HTVS_1-003_lib.mae,CN(C(=O)c1ccncc1Nc1ccc(C[NH+](C)C)cc1)c1ccccc1F,CN(C(=O)c1ccncc1Nc1ccc(C[NH+](C)C)cc1)c1ccccc1F,O=C(Nc1ccccc1)c1ccncc1Nc1ccccc1,C22H24FN4O+,1.0,28.0,52.0,1.0,1e4149f9e8d3cbbcee387c56e66cdb439efcab2148527507d5f7eeea7d89145c,-4.13656720225586,-46.5334283436305,-0.147734542937709,2,2,2,matched,complete
ATP-HTVS-6B545AE439E8,71073,rxn502c____EMOL478180____EMOL29936549____EMOL3728368,71073-1,281,运行/运行/ATP-VSW/ATP-VSW-DOCK_HTVS_1-001_lib/ATP-VSW-DOCK_HTVS_1-001_lib,C[NH+](C)Cc1cccc(Nc2cnc(NC(=O)c3ccccc3)c3ccccc23)c1,C[NH+](C)Cc1cccc(Nc2cnc(NC(=O)c3ccccc3)c3ccccc23)c1,O=C(Nc1ncc(Nc2ccccc2)c2ccccc12)c1ccccc1,C25H25N4O+,1.0,30.0,55.0,1.0,f031ac9f3efd9813606e1cdc4ed830da55ed2aecfae7cab81e1b295ad36d278f,-4.40948614392813,-56.4645979386001,-0.146982871464271,2,2,2,matched,complete
ATP-HTVS-6B6B8E0C727E,97122,rxn512b____EMOL5758830____EMOL15801711____EMOL2873214,97122-1,354,运行/运行/ATP-VSW/ATP-VSW-DOCK_HTVS_1-003_lib/ATP-VSW-DOCK_HTVS_1-003_lib.mae,C[NH+](C)Cc1cccc(CNc2csc(CC(=O)NC(C)(C)c3ccccc3)c2)c1,C[NH+](C)Cc1cccc(CNc2csc(CC(=O)NC(C)(C)c3ccccc3)c2)c1,O=C(Cc1cc(NCc2ccccc2)cs1)NCc1ccccc1,C25H32N3OS+,1.0,30.0,62.0,1.0,373b6553c5e8f500c0c3b5af4b17965362b631e362632c0d209e4a1fac0ea11b,-4.18703629984588,-50.8292498261185,-0.139567876661529,2,2,2,matched,complete
ATP-HTVS-6B709F2DA304,63171,m_270004bbb____24792678____7548188,63171-2,1150,运行/运行/ATP-VSW/ATP-VSW-DOCK_HTVS_1-003_lib/ATP-VSW-DOCK_HTVS_1-003_lib.mae,CC(C)Oc1ccc(CNCc2cn(C)nc2OCc2ccccc2)cc1,CC(C)Oc1ccc(CNCc2cn(C)nc2OCc2ccccc2)cc1,c1ccc(CNCc2c[nH]nc2OCc2ccccc2)cc1,C22H27N3O2,0.0,27.0,54.0,1.0,5153d3aa8cbe4e9311beb86f704135a058f4f041afac3adf2da0953ae390aff2,-2.03028213054911,-44.9236652452657,-0.0751956344647818,2,2,2,matched,complete
ATP-HTVS-6BE395388015,5218,YAS_R012____OTV5753507____OTV998646____OTV7020410249,5218-4,1332,运行/运行/ATP-VSW/ATP-VSW-DOCK_HTVS_1-002_lib.maegz,CCN(CC)[C@H](CNC(=O)c1cc(=O)c2ccccc2n1Cc1cccc(C)c1)c1ccccc1,CCN(CC)C(CNC(=O)c1cc(=O)c2ccccc2n1Cc1cccc(C)c1)c1ccccc1,O=C(NCCc1ccccc1)c1cc(=O)c2ccccc2n1Cc1ccccc1,C30H33N3O2,0.0,35.0,68.0,1.0,a96d615098b8ca0dc531aec43cedb195fb8706de9baacaea649d3b91008fd627,-1.36676737681333,-38.5695923761955,-0.0390504964803809,2,2,2,matched,complete
ATP-HTVS-6BFC96102A75,91009,rxn502b____EMOL495084____EMOL30488121____EMOL36790511,91009-3,1269,运行/运行/ATP-VSW/ATP-VSW-DOCK_HTVS_1-001_lib/ATP-VSW-DOCK_HTVS_1-001_lib,C[C@H](C#N)N(c1ccccc1)c1c(NC(=O)c2cc(F)cc(F)c2)c[nH+]c2ccccc12,CC(C#N)N(c1ccccc1)c1c(NC(=O)c2cc(F)cc(F)c2)c[nH+]c2ccccc12,O=C(Nc1c[nH+]c2ccccc2c1Nc1ccccc1)c1ccccc1,C25H19F2N4O+,1.0,32.0,51.0,1.0,efceea1879a6ec4757ebb8dfc5fe6830299fe258cdcfc164eb262733d11e01c6,-1.68091476433484,-49.1443290436311,-0.0525285863854638,1,1,1,matched,complete
ATP-HTVS-6C10A5B04019,55619,m_282030aaa____21919794____22360182____21958260,55619-3,1303,运行/运行/ATP-VSW/ATP-VSW-DOCK_HTVS_1-003_lib/ATP-VSW-DOCK_HTVS_1-003_lib.mae,CC(C)Nc1cccc(CNc2nc(NCc3ccc(CCO)cc3)nc3ccccc23)c1,CC(C)Nc1cccc(CNc2nc(NCc3ccc(CCO)cc3)nc3ccccc23)c1,c1ccc(CNc2nc(NCc3ccccc3)c3ccccc3n2)cc1,C27H31N5O,0.0,33.0,64.0,1.0,ab159a217af74fa3fd80525deff028c272258d92cbff29528effac8c2ec1acbf,-1.51439635407655,-46.5999461872161,-0.0458907986083802,1,1,1,matched,complete
ATP-HTVS-6C50DB0A272F,98305,rxn514b____EMOL17149431____EMOL17240199____EMOL2732950,98305-2,330,运行/运行/ATP-VSW/ATP-VSW-DOCK_HTVS_1-002_lib.maegz,C[C@@H](c1ccccc1)N(C)C(=O)c1ccncc1Nc1ccc(C[NH+](C)C)cc1,CC(c1ccccc1)N(C)C(=O)c1ccncc1Nc1ccc(C[NH+](C)C)cc1,O=C(NCc1ccccc1)c1ccncc1Nc1ccccc1,C24H29N4O+,1.0,29.0,58.0,1.0,9188b30311ca7fc6402e4bf0b55ea8a06e76dab54d95e466ede46d5d61744750,-4.30263290393674,-50.7338000651737,-0.148366651859887,4,4,4,matched,complete
ATP-HTVS-6C7D9744EE21,70402,rxn512c____EMOL712348____EMOL36725275____EMOL3728368,70402-1,193,运行/运行/ATP-VSW/ATP-VSW-DOCK_HTVS_1-002_lib.maegz,C[NH+](C)Cc1cccc(NC(=O)c2cnc3ccc(F)cc3c2N(CC#N)c2ccccc2)c1,C[NH+](C)Cc1cccc(NC(=O)c2cnc3ccc(F)cc3c2N(CC#N)c2ccccc2)c1,O=C(Nc1ccccc1)c1cnc2ccccc2c1Nc1ccccc1,C27H25FN5O+,1.0,34.0,59.0,1.0,df41463efea16290b83898eb22faa2af6a9491112731059fc50cb50c9061a4d7,-4.69955578174187,-58.5693205676919,-0.138222228874761,2,2,2,matched,complete
ATP-HTVS-6C953A1E72F9,84770,rxn502c____EMOL490868____EMOL49259969____EMOL42769518,84770-1,109,运行/运行/ATP-VSW/ATP-VSW-DOCK_HTVS_1-002_lib.maegz,Cc1ccc([C@@H](O)CNc2c(CN(C)C(=O)c3ccc(O)cc3)sc3ccccc23)cc1,Cc1ccc(C(O)CNc2c(CN(C)C(=O)c3ccc(O)cc3)sc3ccccc23)cc1,O=C(NCc1sc2ccccc2c1NCCc1ccccc1)c1ccccc1,C26H26N2O3S,0.0,32.0,58.0,1.0,31dedf72c5ca2dbb68a422ed54d4866ece07aacce1472575f97671bcd3779a22,-5.08175360039616,-60.0111563234682,-0.15880480001238,4,4,4,matched,complete
ATP-HTVS-6C98FCD8FCFE,96322,rxn512c____EMOL483896____EMOL523944____EMOL14063112,96322-2,1024,运行/运行/ATP-VSW/ATP-VSW-DOCK_HTVS_1-003_lib/ATP-VSW-DOCK_HTVS_1-003_lib.mae,COC(=O)[C@@H](Nc1c(C(=O)N(CCO)c2ccccc2)sc2ccccc12)c1ccccc1C,COC(=O)C(Nc1c(C(=O)N(CCO)c2ccccc2)sc2ccccc12)c1ccccc1C,O=C(Nc1ccccc1)c1sc2ccccc2c1NCc1ccccc1,C27H26N2O4S,0.0,34.0,60.0,1.0,1dd6edfbb51f0a33b569f7508200ab0bdc3b52efde9fb619b72fa54b7daa7e89,-2.33099136472721,-34.6809975558904,-0.0685585695508003,2,2,2,matched,complete
ATP-HTVS-6CCE19BA0E53,41123,m_270004dbb____8156874____24720450,41123-1,436,运行/运行/ATP-VSW/ATP-VSW-DOCK_HTVS_1-003_lib/ATP-VSW-DOCK_HTVS_1-003_lib.mae,COc1cc2ccccc2c(CNc2ccc(C[NH+](C)C)c(F)c2)c1OC,COc1cc2ccccc2c(CNc2ccc(C[NH+](C)C)c(F)c2)c1OC,c1ccc(NCc2cccc3ccccc23)cc1,C22H26FN2O2+,1.0,27.0,53.0,1.0,80c8962f6fc6eaaec0f831162062a55709e415c9dee15f8026f1108449c132c4,-3.93577551738666,-45.1715265273953,-0.145769463606913,2,2,2,matched,complete
ATP-HTVS-6D0E62C9397C,87907,rxn512a____EMOL50155899____EMOL8295720____EMOL37358747,87907-1,546,运行/运行/ATP-VSW/ATP-VSW-DOCK_HTVS_1-003_lib/ATP-VSW-DOCK_HTVS_1-003_lib.mae,C[NH+](C)Cc1ccc(CNc2cncc(C(=O)N(CC#N)Cc3ccc(F)cc3)c2)cc1,C[NH+](C)Cc1ccc(CNc2cncc(C(=O)N(CC#N)Cc3ccc(F)cc3)c2)cc1,O=C(NCc1ccccc1)c1cncc(NCc2ccccc2)c1,C25H27FN5O+,1.0,32.0,59.0,1.0,05ac8f4b8915d0ddbde8fb92ca6b426b463b6c4e4ea493d9342413d646192075,-3.6815938860764,-48.1044807280576,-0.115049808939887,2,2,2,matched,complete
ATP-HTVS-6D22B46DE244,25601,m_282030aaa____21930854____22360182____21940090,25601-1,248,运行/运行/ATP-VSW/ATP-VSW-DOCK_HTVS_1-001_lib/ATP-VSW-DOCK_HTVS_1-001_lib,C[NH+](C)Cc1cccc(CNc2nc(NCc3ccc(F)cc3)c3ccccc3[nH+]2)c1,C[NH+](C)Cc1cccc(CNc2nc(NCc3ccc(F)cc3)c3ccccc3[nH+]2)c1,c1ccc(CNc2nc(NCc3ccccc3)c3ccccc3[nH+]2)cc1,C25H28FN5+2,2.0,31.0,59.0,1.0,0c6e9c32c96e86a0b3cfae69705bb41a9c8df9ca591c61fe407bd0bcd5bf6db4,-4.48541249538658,-55.6041830987675,-0.144690725657632,2,2,2,matched,complete
ATP-HTVS-6D2ED4476584,96450,rxn502b____EMOL18624763____EMOL13728749____EMOL10367123,96450-1,411,运行/运行/ATP-VSW/ATP-VSW-DOCK_HTVS_1-003_lib/ATP-VSW-DOCK_HTVS_1-003_lib.mae,C[NH+](C)Cc1ccc(C(=O)Nc2c(NCc3cccc(C#N)c3)cnc3ccccc23)cc1,C[NH+](C)Cc1ccc(C(=O)Nc2c(NCc3cccc(C#N)c3)cnc3ccccc23)cc1,O=C(Nc1c(NCc2ccccc2)cnc2ccccc12)c1ccccc1,C27H26N5O+,1.0,33.0,59.0,1.0,5a881302b97ee17898bafc4c2151998bf8610ba83790eca4db361f7eaf0c2877,-4.00003509298641,-50.9186140135459,-0.121213184635952,3,3,3,matched,complete
ATP-HTVS-6D4BCDFA1C91,75521,rxn502b____EMOL530620____EMOL44466703____EMOL932560,75521-2,82,运行/运行/ATP-VSW/ATP-VSW-DOCK_HTVS_1-001_lib/ATP-VSW-DOCK_HTVS_1-001_lib,C[NH+](C)[C@H](CNc1cc2ccccc2nc1NC(=O)Cc1ccccc1)c1ccccc1Cl,C[NH+](C)C(CNc1cc2ccccc2nc1NC(=O)Cc1ccccc1)c1ccccc1Cl,O=C(Cc1ccccc1)Nc1nc2ccccc2cc1NCCc1ccccc1,C27H28ClN4O+,1.0,33.0,61.0,1.0,ac5d7f1b5eed95ad877ce71857a9902e931fd067a8d1f1ae88beca63c403559b,-5.09850908229164,-59.9706094502529,-0.154500275220959,2,2,2,matched,complete
ATP-HTVS-6D7E0E0D5192,75362,rxn502b____EMOL480530____EMOL30488121____EMOL932909,75362-2,130,运行/运行/ATP-VSW/ATP-VSW-DOCK_HTVS_1-002_lib.maegz,O=C(Nc1c[nH+]c2ccccc2c1NC[C@@H](O)c1ccccc1Cl)[C@H](Cl)c1ccccc1,O=C(Nc1c[nH+]c2ccccc2c1NCC(O)c1ccccc1Cl)C(Cl)c1ccccc1,O=C(Cc1ccccc1)Nc1c[nH+]c2ccccc2c1NCCc1ccccc1,C25H22Cl2N3O2+,1.0,32.0,54.0,1.0,43b3fcc787efbc88bfa3fbe37ca49c042f664225e83894f67dabf1b52468f8a1,-4.9844932944252,-59.6337364209535,-0.155765415450788,7,7,7,matched,complete
ATP-HTVS-6E0FE1B5DEAA,65857,m_282030aaa____21927484____22360182____21974936,65857-2,1165,运行/运行/ATP-VSW/ATP-VSW-DOCK_HTVS_1-001_lib/ATP-VSW-DOCK_HTVS_1-001_lib,CN(C)Cc1cc(F)ccc1CNc1nc(NCC(=O)Nc2ccccc2)[nH+]c2ccccc12,CN(C)Cc1cc(F)ccc1CNc1nc(NCC(=O)Nc2ccccc2)[nH+]c2ccccc12,O=C(CNc1nc(NCc2ccccc2)c2ccccc2[nH+]1)Nc1ccccc1,C26H28FN6O+,1.0,34.0,62.0,1.0,9adeaff952eb2065fa57bff74a88d4c8fb29daef7e46a064b393b16eb6fd82c0,-1.95498268451728,-42.7331359600195,-0.0574994907210965,1,1,1,matched,complete
ATP-HTVS-6E162A247368,73633,rxn512b____EMOL975329____EMOL525138____EMOL2873214,73633-1,636,运行/运行/ATP-VSW/ATP-VSW-DOCK_HTVS_1-001_lib/ATP-VSW-DOCK_HTVS_1-001_lib,CCCN(C(=O)c1sccc1NCc1cccc(C[NH+](C)C)c1)c1ccccc1,CCCN(C(=O)c1sccc1NCc1cccc(C[NH+](C)C)c1)c1ccccc1,O=C(Nc1ccccc1)c1sccc1NCc1ccccc1,C24H30N3OS+,1.0,29.0,59.0,1.0,8a2058ed52f96c498050d21684e27631d1808be2c3747d55a9ce43950f74f90e,-3.47604211570554,-44.7251291236668,-0.119863521231226,2,2,2,matched,complete
ATP-HTVS-6E22C1143CC0,63683,m_270004bbb____8292364____14924994,63683-2,529,运行/运行/ATP-VSW/ATP-VSW-DOCK_HTVS_1-003_lib/ATP-VSW-DOCK_HTVS_1-003_lib.mae,C#Cc1cccc(CNCc2cn(-c3ccccc3)nc2-c2ccncc2)c1,C#Cc1cccc(CNCc2cn(-c3ccccc3)nc2-c2ccncc2)c1,c1ccc(CNCc2cn(-c3ccccc3)nc2-c2ccncc2)cc1,C24H20N4,0.0,28.0,48.0,1.0,0915ba599f5341bb5eb17d00a37324ed2e749ebf62ad13a7d48c030fee3c0483,-3.72830328205575,-56.7388841137048,-0.133153688644848,1,1,1,matched,complete
ATP-HTVS-6E53E23A0DE7,86883,rxn501c____EMOL18624763____EMOL713289____EMOL517106,86883-2,147,运行/运行/ATP-VSW/ATP-VSW-DOCK_HTVS_1-003_lib/ATP-VSW-DOCK_HTVS_1-003_lib.mae,C[NH+](C)Cc1ccc(C(=O)Nc2ccc([C@@H](C#N)c3ccccc3)c(-c3ccc(O)cc3)c2)cc1,C[NH+](C)Cc1ccc(C(=O)Nc2ccc(C(C#N)c3ccccc3)c(-c3ccc(O)cc3)c2)cc1,O=C(Nc1ccc(Cc2ccccc2)c(-c2ccccc2)c1)c1ccccc1,C30H28N3O2+,1.0,35.0,63.0,1.0,c12990f389b63a7e05ea62e6c53ca1642ca0a2a3d59b40e370fa07019fad621c,-4.88500832388325,-57.7356687103482,-0.139571666396664,4,4,4,matched,complete
ATP-HTVS-6E858FDBC7BE,81090,rxn403____EMOL44390368____EMOL720244____EMOL317509042,81090-1,445,运行/运行/ATP-VSW/ATP-VSW-DOCK_HTVS_1-002_lib.maegz,C[C@@H](NCC#C[C@H](N[C@@H](C#N)c1ccccc1)c1cc2ccccc2s1)c1cccc(F)c1,CC(NCC#CC(NC(C#N)c1ccccc1)c1cc2ccccc2s1)c1cccc(F)c1,C(#CC(NCc1ccccc1)c1cc2ccccc2s1)CNCc1ccccc1,C28H24FN3S,0.0,33.0,57.0,1.0,88a466ec3ed61ca4dd64f14114ccdece22038a7766bed96b85dc0b7d316a6583,-3.98554458005606,-49.4922296705414,-0.120774078183517,1,1,1,matched,complete
ATP-HTVS-6E87A6CCCD27,96001,rxn503c____EMOL474653____EMOL44472687____EMOL1197208,96001-2,360,运行/运行/ATP-VSW/ATP-VSW-DOCK_HTVS_1-001_lib/ATP-VSW-DOCK_HTVS_1-001_lib,CC(=O)c1ccc(C(=O)Nc2cnc3ccccc3c2C#CC[NH2+]Cc2ccccc2)cc1,CC(=O)c1ccc(C(=O)Nc2cnc3ccccc3c2C#CC[NH2+]Cc2ccccc2)cc1,O=C(Nc1cnc2ccccc2c1C#CC[NH2+]Cc1ccccc1)c1ccccc1,C28H24N3O2+,1.0,33.0,57.0,1.0,2382706322b0696c7011d1d19babe738c5d4569c3f991dfc8757e2581f4b42d7,-4.17570217850514,-54.3284030608446,-0.126536429651671,2,2,2,matched,complete
ATP-HTVS-6EB205788321,70434,rxn207____EMOL44457831____EMOL6185419,70434-1,1265,运行/运行/ATP-VSW/ATP-VSW-DOCK_HTVS_1-002_lib.maegz,CNc1ccccc1[C@@H](C)N1CC(=O)Nc2ccccc2[C@H]1c1ccccc1,CNc1ccccc1C(C)N1CC(=O)Nc2ccccc2C1c1ccccc1,O=C1CN(Cc2ccccc2)C(c2ccccc2)c2ccccc2N1,C24H25N3O,0.0,28.0,53.0,1.0,17fd59f25e1de44e88fc009f46d958c053494b2b7f1c1aac303215b0f223ebcb,-1.60752349582625,-31.2146357453147,-0.0574115534223662,8,8,8,matched,complete
ATP-HTVS-6EF9F712D3BB,38274,m_270004bbb____8288884____20640242,38274-1,10,运行/运行/ATP-VSW/ATP-VSW-DOCK_HTVS_1-002_lib.maegz,C[NH+](C)Cc1ccc(C[NH2+]Cc2ccc(Oc3ccc(Br)cc3)nc2)cc1,C[NH+](C)Cc1ccc(C[NH2+]Cc2ccc(Oc3ccc(Br)cc3)nc2)cc1,c1ccc(C[NH2+]Cc2ccc(Oc3ccccc3)nc2)cc1,C22H26BrN3O+2,2.0,27.0,53.0,1.0,d97a48efe0fc958a1df80d1f66ea30e72c65ccf0cc7600e3c01b0f3ab43de357,-6.27229934947262,-79.2707187193982,-0.232307383313801,4,4,4,matched,complete
ATP-HTVS-6F05C87B1F67,70785,rxn502b____EMOL5809732____EMOL30488121____EMOL2873214,70785-6,1071,运行/运行/ATP-VSW/ATP-VSW-DOCK_HTVS_1-001_lib/ATP-VSW-DOCK_HTVS_1-001_lib,COC(=O)[C@H](C(=O)Nc1cnc2ccccc2c1NCc1cccc(C[NH+](C)C)c1)c1ccccc1,COC(=O)C(C(=O)Nc1cnc2ccccc2c1NCc1cccc(C[NH+](C)C)c1)c1ccccc1,O=C(Cc1ccccc1)Nc1cnc2ccccc2c1NCc1ccccc1,C29H31N4O3+,1.0,36.0,67.0,1.0,4891880f728f5764c5e9b23d7f76871ff6991110503857ab26367b56a7a74c72,-2.24887284598629,-56.0471221020161,-0.0624686901662858,2,2,2,matched,complete
ATP-HTVS-6F07AE7177E0,48289,m_270006bbb____11615382____8411686,48289-1,18,运行/运行/ATP-VSW/ATP-VSW-DOCK_HTVS_1-001_lib/ATP-VSW-DOCK_HTVS_1-001_lib,[NH3+][C@@H](CNC(=O)c1oc2ccccc2c1CSc1ccccc1F)c1ccccc1,[NH3+]C(CNC(=O)c1oc2ccccc2c1CSc1ccccc1F)c1ccccc1,O=C(NCCc1ccccc1)c1oc2ccccc2c1CSc1ccccc1,C24H22FN2O2S+,1.0,30.0,52.0,1.0,90d212bcc9be2597eb9df2a0dcedfd507ee9687f4f85fe26e979285688eaef89,-5.8894698694767,-60.9397548460465,-0.19631566231589,3,3,3,matched,complete
ATP-HTVS-6F1494FEFC60,84675,rxn503b____EMOL3801098____EMOL13728749____EMOL1197208,84675-2,66,运行/运行/ATP-VSW/ATP-VSW-DOCK_HTVS_1-003_lib/ATP-VSW-DOCK_HTVS_1-003_lib.mae,N#Cc1ccccc1CC(=O)Nc1c(C#CC[NH2+]Cc2ccccc2)cnc2ccccc12,N#Cc1ccccc1CC(=O)Nc1c(C#CC[NH2+]Cc2ccccc2)cnc2ccccc12,O=C(Cc1ccccc1)Nc1c(C#CC[NH2+]Cc2ccccc2)cnc2ccccc12,C28H23N4O+,1.0,33.0,56.0,1.0,2d1e990e1afc9d6e461167e1a38ffddad654ba0eb63602d9668d45452951f534,-5.35850679518457,-69.134540095394,-0.162378993793472,2,2,2,matched,complete
ATP-HTVS-6F734E803CC4,90177,rxn502b____EMOL32280493____EMOL44466703____EMOL24630243,90177-2,696,运行/运行/ATP-VSW/ATP-VSW-DOCK_HTVS_1-001_lib/ATP-VSW-DOCK_HTVS_1-001_lib,COc1ccccc1CC(=O)Nc1nc2ccccc2cc1N(C)[C@H](C#N)c1ccccc1,COc1ccccc1CC(=O)Nc1nc2ccccc2cc1N(C)C(C#N)c1ccccc1,O=C(Cc1ccccc1)Nc1nc2ccccc2cc1NCc1ccccc1,C27H24N4O2,0.0,33.0,57.0,1.0,9788104375939b62bfe4ac91a20009c5948bf52d73e108f5b1f580bbdf8bb52d,-3.31592375333773,-46.0824139271766,-0.100482537979931,2,2,2,matched,complete
ATP-HTVS-6F858A0E8812,50979,m_270004bbb____12219716____11686696,50979-1,21,运行/运行/ATP-VSW/ATP-VSW-DOCK_HTVS_1-003_lib/ATP-VSW-DOCK_HTVS_1-003_lib.mae,COc1ccc(C[NH2+]C[C@H]2c3ccccc3C(=O)N2Cc2ccccc2)c(F)c1,COc1ccc(C[NH2+]CC2c3ccccc3C(=O)N2Cc2ccccc2)c(F)c1,O=C1c2ccccc2C(C[NH2+]Cc2ccccc2)N1Cc1ccccc1,C24H24FN2O2+,1.0,29.0,53.0,1.0,32ad93dbda54c21d753a7aff5d2ead3d658772e43763146addc20147ac687b52,-5.74835431316884,-66.2425284057559,-0.198219114247202,4,4,4,matched,complete
ATP-HTVS-6FE04A77CC41,71777,rxn502b____EMOL485008____EMOL7515103____EMOL2873214,71777-1,56,运行/运行/ATP-VSW/ATP-VSW-DOCK_HTVS_1-001_lib/ATP-VSW-DOCK_HTVS_1-001_lib,COc1ccccc1C(=O)Nc1ncc(NCc2cccc(C[NH+](C)C)c2)c2ccccc12,COc1ccccc1C(=O)Nc1ncc(NCc2cccc(C[NH+](C)C)c2)c2ccccc12,O=C(Nc1ncc(NCc2ccccc2)c2ccccc12)c1ccccc1,C27H29N4O2+,1.0,33.0,62.0,1.0,ca89aeb1ce55bf53c4c0965b37a77ba09f0adebf693fb1ef51de3a76456ced00,-5.24355766827584,-58.8276964872523,-0.15889568691745,2,2,2,matched,complete
ATP-HTVS-702B49CD2E82,75043,rxn207____EMOL1096385____EMOL530647,75043-1,587,运行/运行/ATP-VSW/ATP-VSW-DOCK_HTVS_1-003_lib/ATP-VSW-DOCK_HTVS_1-003_lib.mae,[NH3+]CCN(c1ccccc1)c1c(NCc2ccccc2)c(Cl)c(O)c2ccccc12,[NH3+]CCN(c1ccccc1)c1c(NCc2ccccc2)c(Cl)c(O)c2ccccc12,c1ccc(CNc2ccc3ccccc3c2Nc2ccccc2)cc1,C25H25ClN3O+,1.0,30.0,55.0,1.0,5db20f8df0b487a62c647650b042d879520760cecd3950a308d69138ffb9b0f1,-3.57940560478986,-43.251889426158,-0.119313520159662,1,1,1,matched,complete
ATP-HTVS-7075BC6FC110,40003,m_282030aaa____21929760____22360182____21976216,40003-1,183,运行/运行/ATP-VSW/ATP-VSW-DOCK_HTVS_1-003_lib/ATP-VSW-DOCK_HTVS_1-003_lib.mae,CN(Cc1cccnc1Cl)c1nc(NCc2ccc(C[NH+](C)C)cc2)[nH+]c2ccccc12,CN(Cc1cccnc1Cl)c1nc(NCc2ccc(C[NH+](C)C)cc2)[nH+]c2ccccc12,c1ccc(CNc2nc(NCc3cccnc3)c3ccccc3[nH+]2)cc1,C25H29ClN6+2,2.0,32.0,61.0,1.0,3e81c29d14566a56243f9787065666ce75555a68aac242350e668de37e0e6774,-4.74222818605179,-61.7212821236135,-0.148194630814118,2,2,2,matched,complete
ATP-HTVS-708569B81B35,91521,rxn513b____EMOL50155899____EMOL719673____EMOL40864115,91521-2,331,运行/运行/ATP-VSW/ATP-VSW-DOCK_HTVS_1-001_lib/ATP-VSW-DOCK_HTVS_1-001_lib,C[NH+](C)Cc1ccc(CNC(=O)c2[nH]c3ccccc3c2C#C[C@@H](O)c2cccc(Cl)c2)cc1,C[NH+](C)Cc1ccc(CNC(=O)c2[nH]c3ccccc3c2C#CC(O)c2cccc(Cl)c2)cc1,O=C(NCc1ccccc1)c1[nH]c2ccccc2c1C#CCc1ccccc1,C28H27ClN3O2+,1.0,34.0,61.0,1.0,fddf203b1e34004bdf3ae02e3b97ace82f10a68b906a57ab1da8bc15dd7b1e8c,-4.2478476367007,-57.3836369056492,-0.12493669519708,3,3,3,matched,complete
ATP-HTVS-70C7181F988B,22946,m_270004bbb____8294988____7549102,22946-2,596,运行/运行/ATP-VSW/ATP-VSW-DOCK_HTVS_1-002_lib.maegz,CC[N@H+](C)Cc1cccc(CNCc2nc3ccccc3n2Cc2ccc(Cl)cc2)c1,CC[NH+](C)Cc1cccc(CNCc2nc3ccccc3n2Cc2ccc(Cl)cc2)c1,c1ccc(CNCc2nc3ccccc3n2Cc2ccccc2)cc1,C26H30ClN4+,1.0,31.0,61.0,1.0,d69a9dee9c66cb819f0d96e7d85826b8ddf4d35f795628a1300a55cac0a16a5c,-3.59148496402518,-53.3916556412657,-0.115854353678232,2,2,2,matched,complete
ATP-HTVS-70E37A6C21BA,87747,rxn502b____EMOL5415347____EMOL44466703____EMOL37339719,87747-2,300,运行/运行/ATP-VSW/ATP-VSW-DOCK_HTVS_1-003_lib/ATP-VSW-DOCK_HTVS_1-003_lib.mae,COc1ccc([C@@H](C#N)Nc2cc3ccccc3nc2NC(=O)c2ccccc2C[NH+](C)C)cc1,COc1ccc(C(C#N)Nc2cc3ccccc3nc2NC(=O)c2ccccc2C[NH+](C)C)cc1,O=C(Nc1nc2ccccc2cc1NCc1ccccc1)c1ccccc1,C28H28N5O2+,1.0,35.0,63.0,1.0,d94b7abd9369c73c5967c5b97aa0206f8966df27c8f107fe05dd885021749a02,-4.35087995786348,-53.9673674265126,-0.124310855938956,4,4,4,matched,complete
ATP-HTVS-7191B1059E2A,91041,rxn502c____EMOL478180____EMOL1839538____EMOL50155899,91041-1,618,运行/运行/ATP-VSW/ATP-VSW-DOCK_HTVS_1-001_lib/ATP-VSW-DOCK_HTVS_1-001_lib,Cc1cc(NC(=O)c2ccccc2)ncc1NCc1ccc(C[NH+](C)C)cc1,Cc1cc(NC(=O)c2ccccc2)ncc1NCc1ccc(C[NH+](C)C)cc1,O=C(Nc1ccc(NCc2ccccc2)cn1)c1ccccc1,C23H27N4O+,1.0,28.0,55.0,1.0,046d3d6961200493f1bc81a07e9ee2ae978a45f35aac1df9fbaad46bc5453077,-3.50652486081889,-42.7841241292846,-0.125233030743532,2,2,2,matched,complete
ATP-HTVS-71BAC3B18036,84419,rxn502b____EMOL911931____EMOL44466703____EMOL44153840,84419-1,613,运行/运行/ATP-VSW/ATP-VSW-DOCK_HTVS_1-003_lib/ATP-VSW-DOCK_HTVS_1-003_lib.mae,CC[NH+](CC)Cc1cccc(CNc2cc3ccccc3nc2NC(=O)c2ccc(C#N)c(F)c2)c1,CC[NH+](CC)Cc1cccc(CNc2cc3ccccc3nc2NC(=O)c2ccc(C#N)c(F)c2)c1,O=C(Nc1nc2ccccc2cc1NCc1ccccc1)c1ccccc1,C29H29FN5O+,1.0,36.0,65.0,1.0,f96b7883c66eb64e3a991a485bc3c5ca159df82c07de577b564578982b28204e,-3.52001493936005,-51.5535283824957,-0.0977781927600015,2,2,2,matched,complete
ATP-HTVS-71BF5DD28E53,57729,m_2230beb____22393922____22378236,57729-7,951,运行/运行/ATP-VSW/ATP-VSW-DOCK_HTVS_1-001_lib/ATP-VSW-DOCK_HTVS_1-001_lib,O[C@@H](CN[C@@H](c1ccccc1)c1cc2ccccc2o1)c1ccc(F)c(Cl)c1,OC(CNC(c1ccccc1)c1cc2ccccc2o1)c1ccc(F)c(Cl)c1,c1ccc(CCNC(c2ccccc2)c2cc3ccccc3o2)cc1,C23H19ClFNO2,0.0,28.0,47.0,1.0,5b19f3bcb93cb43af40840a20949dfa074a17f84fcb4030912bdccce3d0a1667,-2.57161786217853,-45.7748447370023,-0.0918434950778047,2,2,2,matched,complete
ATP-HTVS-71D6C35FE659,77570,rxn502b____EMOL49828498____EMOL13728749____EMOL712348,77570-2,678,运行/运行/ATP-VSW/ATP-VSW-DOCK_HTVS_1-002_lib.maegz,C[C@H](C(=O)Nc1c(N(CC#N)c2ccccc2)cnc2ccccc12)c1ccc(Cl)cc1,CC(C(=O)Nc1c(N(CC#N)c2ccccc2)cnc2ccccc12)c1ccc(Cl)cc1,O=C(Cc1ccccc1)Nc1c(Nc2ccccc2)cnc2ccccc12,C26H21ClN4O,0.0,32.0,53.0,1.0,982b637358cf73b738a528e7d4d3297cb90d1099b0885019757c50fc1f970636,-3.36599142927644,-42.3932225513105,-0.105187232164889,1,1,1,matched,complete
ATP-HTVS-7201DD4C282A,6657,a2____102774____250005,6657-1,224,运行/运行/ATP-VSW/ATP-VSW-DOCK_HTVS_1-001_lib/ATP-VSW-DOCK_HTVS_1-001_lib,C[NH+](C)Cc1ccccc1Nc1nc(-c2ccccc2)nc2ccccc12,C[NH+](C)Cc1ccccc1Nc1nc(-c2ccccc2)nc2ccccc12,c1ccc(Nc2nc(-c3ccccc3)nc3ccccc23)cc1,C23H23N4+,1.0,27.0,50.0,1.0,d08f64791276e690952303922406dd71f02a79858cf77189cbe582f1bd7515b0,-4.54898540263524,-54.8401121146213,-0.168480940838342,2,2,2,matched,complete
ATP-HTVS-72573E055255,65475,m_527bbb____18052162____214828,65475-1,443,运行/运行/ATP-VSW/ATP-VSW-DOCK_HTVS_1-003_lib/ATP-VSW-DOCK_HTVS_1-003_lib.mae,Cc1ccc(NNC(=O)Cn2c(COc3ccccc3)nc3ccccc32)cc1F,Cc1ccc(NNC(=O)Cn2c(COc3ccccc3)nc3ccccc32)cc1F,O=C(Cn1c(COc2ccccc2)nc2ccccc21)NNc1ccccc1,C23H21FN4O2,0.0,30.0,51.0,1.0,e6254c3a64d3178174abb4f75f10a4a1588eff16de26d0bae893f86b31023b91,-3.92562679842299,-48.9313381964031,-0.1308542266141,2,2,2,matched,complete
ATP-HTVS-72B2F4D4EA61,85379,rxn403____EMOL2873214____EMOL514739____EMOL31600616,85379-2,141,运行/运行/ATP-VSW/ATP-VSW-DOCK_HTVS_1-003_lib/ATP-VSW-DOCK_HTVS_1-003_lib.mae,C[NH+](C)Cc1cccc(CN[C@@H](C#Cc2ccc(C(=O)[O-])cc2)c2cc3ccccc3o2)c1,C[NH+](C)Cc1cccc(CNC(C#Cc2ccc(C(=O)[O-])cc2)c2cc3ccccc3o2)c1,C(#CC(NCc1ccccc1)c1cc2ccccc2o1)c1ccccc1,C28H26N2O3,0.0,33.0,59.0,1.0,d9b817ccef91bb3b7e7b7f062a0f7c6c7db86bb5110c9e45241f0f07e1397562,-4.91391215989633,-52.3914796928715,-0.148906429087767,8,8,8,matched,complete
ATP-HTVS-72BD9FFCF62D,59458,m_270166bbb____18184680____17625580,59458-2,30,运行/运行/ATP-VSW/ATP-VSW-DOCK_HTVS_1-002_lib.maegz,[NH3+][C@H](CNc1nc(NCc2ccccc2)c2ccccc2[nH+]1)c1ccccc1Br,[NH3+]C(CNc1nc(NCc2ccccc2)c2ccccc2[nH+]1)c1ccccc1Br,c1ccc(CCNc2nc(NCc3ccccc3)c3ccccc3[nH+]2)cc1,C23H24BrN5+2,2.0,29.0,53.0,1.0,44244880cef697a4b2c1a02319669306fb60f45a2f321b303c3a891fbb436d7e,-5.81227878859071,-68.6468013924651,-0.200423406503128,6,6,6,matched,complete
ATP-HTVS-72D66A1ED57F,85633,rxn502b____EMOL5415347____EMOL44466703____EMOL2859841,85633-1,338,运行/运行/ATP-VSW/ATP-VSW-DOCK_HTVS_1-001_lib/ATP-VSW-DOCK_HTVS_1-001_lib,C[NH+](C)Cc1ccccc1C(=O)Nc1nc2ccccc2cc1N(CC(=O)NN)c1ccc(F)cc1,C[NH+](C)Cc1ccccc1C(=O)Nc1nc2ccccc2cc1N(CC(=O)NN)c1ccc(F)cc1,O=C(Nc1nc2ccccc2cc1Nc1ccccc1)c1ccccc1,C27H28FN6O2+,1.0,36.0,64.0,1.0,8627cc2e0a6d964e4d488942564d4bee55ba728f9df8826766536da41ba127b1,-4.22519133387632,-53.4215516098665,-0.117366425941009,1,1,1,matched,complete
ATP-HTVS-72E6B3102DA2,29953,m_282030aaa____21928956____23157418____21940090,29953-2,1290,运行/运行/ATP-VSW/ATP-VSW-DOCK_HTVS_1-001_lib/ATP-VSW-DOCK_HTVS_1-001_lib,CN(C)Cc1cccc(CNc2nc3ccccc3nc2NCc2ccc(Br)cc2)c1,CN(C)Cc1cccc(CNc2nc3ccccc3nc2NCc2ccc(Br)cc2)c1,c1ccc(CNc2nc3ccccc3nc2NCc2ccccc2)cc1,C25H26BrN5,0.0,31.0,57.0,1.0,43ac19eb6477e8f1f3def9cc281428ae46c9214ad62634c696c091029b586905,-1.61026209167292,-45.7707298345224,-0.051943938441062,1,1,1,matched,complete
ATP-HTVS-7317133B38FB,3522,YAS_R006____OTV5753507____OTV1048435____OTV1000393,3522-8,289,运行/运行/ATP-VSW/ATP-VSW-DOCK_HTVS_1-002_lib.maegz,C[C@@H](Cc1ccccc1)c1nc(NC[C@H](c2ccc(O)cc2)[NH+](C)C)c2ccccc2n1,CC(Cc1ccccc1)c1nc(NCC(c2ccc(O)cc2)[NH+](C)C)c2ccccc2n1,c1ccc(CCNc2nc(CCc3ccccc3)nc3ccccc23)cc1,C27H31N4O+,1.0,32.0,63.0,1.0,4d0c77f5e8da1b4ccb0a17a4735be757dd0101b6f0435cb5ba72601358f1feba,-4.41507729181029,-62.1069914876301,-0.137971165369071,6,6,6,matched,complete
ATP-HTVS-73425E104865,17794,a1____269872____134,17794-1,337,运行/运行/ATP-VSW/ATP-VSW-DOCK_HTVS_1-002_lib.maegz,C[NH+](C)Cc1ccc(C(=O)NCc2cn(-c3ccccc3)nc2-c2ccncc2)cc1,C[NH+](C)Cc1ccc(C(=O)NCc2cn(-c3ccccc3)nc2-c2ccncc2)cc1,O=C(NCc1cn(-c2ccccc2)nc1-c1ccncc1)c1ccccc1,C25H26N5O+,1.0,31.0,57.0,1.0,d10240c2a3ee0396cb970e87b79b48906586bc17dbc24ad81ac054c3d837441e,-4.28499138555534,-51.8005863798448,-0.138225528566301,2,2,2,matched,complete
ATP-HTVS-736CCC940701,87841,rxn505b____EMOL487485____EMOL531122____EMOL12033097,87841-1,202,运行/运行/ATP-VSW/ATP-VSW-DOCK_HTVS_1-001_lib/ATP-VSW-DOCK_HTVS_1-001_lib,C[NH+](C)Cc1cc(O)ccc1C#CCNC(=O)c1cc(-c2ccccc2)nc2ccccc12,C[NH+](C)Cc1cc(O)ccc1C#CCNC(=O)c1cc(-c2ccccc2)nc2ccccc12,O=C(NCC#Cc1ccccc1)c1cc(-c2ccccc2)nc2ccccc12,C28H26N3O2+,1.0,33.0,59.0,1.0,b52290bbcf274df435b09a565754640a9c0429f9d5bac9db3f355e9cfc40ac02,-4.63018250986832,-55.9437795321198,-0.140308560905101,3,3,3,matched,complete
ATP-HTVS-738A9E09AC53,76002,rxn502b____EMOL512495____EMOL44466703____EMOL36790511,76002-1,643,运行/运行/ATP-VSW/ATP-VSW-DOCK_HTVS_1-002_lib.maegz,C[C@H](C#N)N(c1ccccc1)c1cc2ccccc2nc1NC(=O)Cc1ccc(F)cc1,CC(C#N)N(c1ccccc1)c1cc2ccccc2nc1NC(=O)Cc1ccc(F)cc1,O=C(Cc1ccccc1)Nc1nc2ccccc2cc1Nc1ccccc1,C26H21FN4O,0.0,32.0,53.0,1.0,5451994197c56d02801de8aef09b54709822320d24a6257e499b34957a60a179,-3.47106866595984,-44.6295292115256,-0.108470895811245,1,1,1,matched,complete
ATP-HTVS-7398D4493E72,77633,rxn102b____EMOL12033097____EMOL76738571,77633-1,103,运行/运行/ATP-VSW/ATP-VSW-DOCK_HTVS_1-001_lib/ATP-VSW-DOCK_HTVS_1-001_lib,C[C@@H](Nc1ccc(O)cc1C[NH+](C)C)c1cc2cccc(Cl)c2c(=O)n1-c1ccccc1,CC(Nc1ccc(O)cc1C[NH+](C)C)c1cc2cccc(Cl)c2c(=O)n1-c1ccccc1,O=c1c2ccccc2cc(CNc2ccccc2)n1-c1ccccc1,C26H27ClN3O2+,1.0,32.0,59.0,1.0,f5a2cf67f4c0deb5a13b9ac30ac7664282a06ada96f364f02aca4a862fcd7114,-5.00867591595487,-55.5454411449037,-0.15652112237359,4,4,4,matched,complete
ATP-HTVS-73D804AB38E4,60195,m_282030aaa____21933754____22360182____21940090,60195-1,535,运行/运行/ATP-VSW/ATP-VSW-DOCK_HTVS_1-003_lib/ATP-VSW-DOCK_HTVS_1-003_lib.mae,C[NH+](C)Cc1cccc(CNc2nc(NCc3ccc(OCCO)cc3)c3ccccc3[nH+]2)c1,C[NH+](C)Cc1cccc(CNc2nc(NCc3ccc(OCCO)cc3)c3ccccc3[nH+]2)c1,c1ccc(CNc2nc(NCc3ccccc3)c3ccccc3[nH+]2)cc1,C27H33N5O2+2,2.0,34.0,67.0,1.0,c1d7c93edc09a6f78f27807c4e1e76f35af14f91d587679e2b4584198f0656ed,-3.71118681470914,-51.1113957348762,-0.109152553373798,3,3,3,matched,complete
ATP-HTVS-7418424385E1,74179,rxn512b____EMOL31407316____EMOL44846536____EMOL2873214,74179-1,538,运行/运行/ATP-VSW/ATP-VSW-DOCK_HTVS_1-003_lib/ATP-VSW-DOCK_HTVS_1-003_lib.mae,CCN(C(=O)c1cc(NCc2cccc(C[NH+](C)C)c2)c(Cl)s1)c1ccccc1Cl,CCN(C(=O)c1cc(NCc2cccc(C[NH+](C)C)c2)c(Cl)s1)c1ccccc1Cl,O=C(Nc1ccccc1)c1cc(NCc2ccccc2)cs1,C23H26Cl2N3OS+,1.0,30.0,56.0,1.0,b7fc3517075bd92c39de7ceaf7e8cf87bb6ab600c3884cfc89b1986fdf391f8f,-3.69780098901514,-50.2301543821306,-0.123260032967171,2,2,2,matched,complete
ATP-HTVS-74641C70E223,90850,rxn502b____EMOL489760____EMOL30488121____EMOL24630243,90850-2,412,运行/运行/ATP-VSW/ATP-VSW-DOCK_HTVS_1-002_lib.maegz,CN(c1c(NC(=O)c2cccc(Cl)c2Cl)c[nH+]c2ccccc12)[C@H](C#N)c1ccccc1,CN(c1c(NC(=O)c2cccc(Cl)c2Cl)c[nH+]c2ccccc12)C(C#N)c1ccccc1,O=C(Nc1c[nH+]c2ccccc2c1NCc1ccccc1)c1ccccc1,C25H19Cl2N4O+,1.0,32.0,51.0,1.0,9fd2a8c6488bdb90cde13c01592854bc5896e7f55e84fd4fa2c28dbbea5fa599,-4.07128760060566,-55.84110868769,-0.127227737518927,3,3,3,matched,complete
ATP-HTVS-74C5B06FA80B,35331,m_22bbg____12219680____24598008,35331-3,410,运行/运行/ATP-VSW/ATP-VSW-DOCK_HTVS_1-003_lib/ATP-VSW-DOCK_HTVS_1-003_lib.mae,CC[N@@H+](C)Cc1ccc(C(=O)NC[C@@H]2c3ccccc3C(=O)N2Cc2ccccc2)cc1,CC[NH+](C)Cc1ccc(C(=O)NCC2c3ccccc3C(=O)N2Cc2ccccc2)cc1,O=C(NCC1c2ccccc2C(=O)N1Cc1ccccc1)c1ccccc1,C27H30N3O2+,1.0,32.0,62.0,1.0,2d74fff55cdf67922d1fdb630159808211f22cc462c593bfd5a306f86048816e,-4.00048611288079,-60.2913953650556,-0.125015191027525,6,6,6,matched,complete
ATP-HTVS-74E2CC654FC3,78466,rxn502c____EMOL43450422____EMOL49259969____EMOL324170366,78466-1,335,运行/运行/ATP-VSW/ATP-VSW-DOCK_HTVS_1-002_lib.maegz,C#Cc1ccccc1C(=O)N(C)Cc1sc2ccccc2c1NCc1ccc(NCCO)cc1,C#Cc1ccccc1C(=O)N(C)Cc1sc2ccccc2c1NCc1ccc(NCCO)cc1,O=C(NCc1sc2ccccc2c1NCc1ccccc1)c1ccccc1,C28H27N3O2S,0.0,34.0,61.0,1.0,a5a49c99ee0d3f2341cae5f2f3727749d147e7540f855f4c85fc4b0b19552c09,-4.29443214148555,-58.710188057703,-0.126306827690752,1,1,1,matched,complete
ATP-HTVS-750E4CFCB0FA,69826,rxn512c____EMOL17281285____EMOL523944____EMOL50155899,69826-1,615,运行/运行/ATP-VSW/ATP-VSW-DOCK_HTVS_1-002_lib.maegz,CN(C(=O)c1sc2ccccc2c1NCc1ccc(C[NH+](C)C)cc1)c1ccc(C#N)cc1,CN(C(=O)c1sc2ccccc2c1NCc1ccc(C[NH+](C)C)cc1)c1ccc(C#N)cc1,O=C(Nc1ccccc1)c1sc2ccccc2c1NCc1ccccc1,C27H27N4OS+,1.0,33.0,60.0,1.0,90e71ad38ce3340389bea3716bb876d95abce2b2acfcc0bccb0931a8da108b74,-3.5320177631311,-43.8845879327794,-0.107030841307003,2,2,2,matched,complete
ATP-HTVS-7598FFEE7603,72739,rxn502b____EMOL529866____EMOL7515103____EMOL2873214,72739-1,680,运行/运行/ATP-VSW/ATP-VSW-DOCK_HTVS_1-003_lib/ATP-VSW-DOCK_HTVS_1-003_lib.mae,C[NH+](C)Cc1cccc(CNc2cnc(NC(=O)Cc3ccc([N+](=O)[O-])cc3)c3ccccc23)c1,C[NH+](C)Cc1cccc(CNc2cnc(NC(=O)Cc3ccc([N+](=O)[O-])cc3)c3ccccc23)c1,O=C(Cc1ccccc1)Nc1ncc(NCc2ccccc2)c2ccccc12,C27H28N5O3+,1.0,35.0,63.0,1.0,e763fabaaa144cc0ee2ebdda2b60e2af8862b6b884b84ce4b6143b34dd39d0d1,-3.31860378293044,-52.7771324448456,-0.0948172509408696,3,3,3,matched,complete
ATP-HTVS-75A4DAB7424E,78401,rxn503b____EMOL530803____EMOL30488121____EMOL313110234,78401-4,179,运行/运行/ATP-VSW/ATP-VSW-DOCK_HTVS_1-001_lib/ATP-VSW-DOCK_HTVS_1-001_lib,[NH3+][C@H](C#Cc1c(NC(=O)C#Cc2ccccc2)cnc2ccccc12)Cc1cccc(F)c1,[NH3+]C(C#Cc1c(NC(=O)C#Cc2ccccc2)cnc2ccccc12)Cc1cccc(F)c1,O=C(C#Cc1ccccc1)Nc1cnc2ccccc2c1C#CCCc1ccccc1,C28H21FN3O+,1.0,33.0,54.0,1.0,dc54ad9da236e4e058243d668db980dc05f0d1b212a3f1fd093aa52f9ff4f237,-4.68169985382182,-60.1878489508081,-0.141869692540055,2,2,2,matched,complete
ATP-HTVS-75AC094BF9E0,89827,rxn112____EMOL300011913____EMOL13081280,89827-1,453,运行/运行/ATP-VSW/ATP-VSW-DOCK_HTVS_1-003_lib/ATP-VSW-DOCK_HTVS_1-003_lib.mae,C[NH+](C)[C@H](Cc1cc(-c2cccnc2)nc2ccccc12)c1ccc(Cl)cc1,C[NH+](C)C(Cc1cc(-c2cccnc2)nc2ccccc12)c1ccc(Cl)cc1,c1ccc(CCc2cc(-c3cccnc3)nc3ccccc23)cc1,C24H23ClN3+,1.0,28.0,51.0,1.0,9d4880b41cdcb6d07e8b7cffc4f7bd34c059b5db84bd598dee9ce93c483114dc,-3.90237637645863,-42.4435672079987,-0.139370584873522,3,3,3,matched,complete
ATP-HTVS-75B300C751D2,33282,m_270004bbb____12902882____24720860,33282-2,307,运行/运行/ATP-VSW/ATP-VSW-DOCK_HTVS_1-002_lib.maegz,C[NH+]1CCN(c2ccc(C[NH2+]Cc3nc4ccccc4n3Cc3ccccc3)cc2)CC1,C[NH+]1CCN(c2ccc(C[NH2+]Cc3nc4ccccc4n3Cc3ccccc3)cc2)CC1,c1ccc(Cn2c(C[NH2+]Cc3ccc(N4CC[NH2+]CC4)cc3)nc3ccccc32)cc1,C27H33N5+2,2.0,32.0,65.0,1.0,6f8846232add5cf2c32edda4c001258de0fa0c95dff0e18793461075562f84aa,-4.36361801713931,-58.8435118485734,-0.136363063035604,3,3,3,matched,complete
ATP-HTVS-75F52EFCCD23,94273,rxn512b____EMOL712348____EMOL337714226____EMOL108753642,94273-1,584,运行/运行/ATP-VSW/ATP-VSW-DOCK_HTVS_1-001_lib/ATP-VSW-DOCK_HTVS_1-001_lib,Cc1nc(F)c(C(=O)Nc2ccccc2NC(C)C)cc1N(CC#N)c1ccccc1,Cc1nc(F)c(C(=O)Nc2ccccc2NC(C)C)cc1N(CC#N)c1ccccc1,O=C(Nc1ccccc1)c1cncc(Nc2ccccc2)c1,C24H24FN5O,0.0,31.0,55.0,1.0,0ce0132aa54a20d1d25eb369ac9445b803ff7258313545a9b68850792aea6555,-3.60273850692444,-37.7802492385363,-0.116217371191111,1,1,1,matched,complete
ATP-HTVS-76416D54A342,23331,m_2230bdc____17849930____22389014,23331-1,1292,运行/运行/ATP-VSW/ATP-VSW-DOCK_HTVS_1-003_lib/ATP-VSW-DOCK_HTVS_1-003_lib.mae,Cc1cc(F)cc(CN2CC(=O)Nc3ccccc3[C@H]2c2ccccc2)c1,Cc1cc(F)cc(CN2CC(=O)Nc3ccccc3C2c2ccccc2)c1,O=C1CN(Cc2ccccc2)C(c2ccccc2)c2ccccc2N1,C23H21FN2O,0.0,27.0,48.0,1.0,e378bc78ff1dbafabab411dbc47064565650702796ae994d58f313750e46096d,-1.56425662177434,-32.762166705109,-0.0579354304360867,2,2,2,matched,complete
ATP-HTVS-767E37D8A78C,74498,rxn512b____EMOL2735375____EMOL49851977____EMOL50155899,74498-1,692,运行/运行/ATP-VSW/ATP-VSW-DOCK_HTVS_1-002_lib.maegz,CN(C(=O)c1sc(Cl)cc1NCc1ccc(C[NH+](C)C)cc1)c1ccccc1N,CN(C(=O)c1sc(Cl)cc1NCc1ccc(C[NH+](C)C)cc1)c1ccccc1N,O=C(Nc1ccccc1)c1sccc1NCc1ccccc1,C22H26ClN4OS+,1.0,29.0,55.0,1.0,d411796efd3ae39ab653277a7b7e7a40ba15d7eb1f3ed28f8147b399ce254f25,-3.33590904639428,-45.9428834834749,-0.115031346427389,2,2,2,matched,complete
ATP-HTVS-7694DCD97798,36195,m_270004beb____23852590____8127862,36195-3,448,运行/运行/ATP-VSW/ATP-VSW-DOCK_HTVS_1-003_lib/ATP-VSW-DOCK_HTVS_1-003_lib.mae,OC[C@H](NCc1cc(OCc2ccccc2)c2ccccc2c1)c1cccc(F)c1F,OCC(NCc1cc(OCc2ccccc2)c2ccccc2c1)c1cccc(F)c1F,c1ccc(CNCc2cc(OCc3ccccc3)c3ccccc3c2)cc1,C26H23F2NO2,0.0,31.0,54.0,1.0,03a1440b07219aa7e080ac6cc5f5d5fd1eee65b6b92cc97f0e452ce36b774d64,-3.91202102521058,-45.4478723270165,-0.126194226619696,1,1,1,matched,complete
ATP-HTVS-76CE1997AF40,20163,WXDL_15E____QS5063____LN00213588____BT1207,20163-1,380,运行/运行/ATP-VSW/ATP-VSW-DOCK_HTVS_1-003_lib/ATP-VSW-DOCK_HTVS_1-003_lib.mae,C[NH+](C)Cc1ccc(CNc2ccc(-c3cccc(C#N)c3)s2)cc1,C[NH+](C)Cc1ccc(CNc2ccc(-c3cccc(C#N)c3)s2)cc1,c1ccc(CNc2ccc(-c3ccccc3)s2)cc1,C21H22N3S+,1.0,25.0,47.0,1.0,7534c7548c2af2cb04ed69d18c54f19e9f2e0ab4d64fa7e1c46a08ef05c564e7,-4.09464764435884,-46.7267524314471,-0.163785905774354,2,2,2,matched,complete
ATP-HTVS-76EB0BEAC1B9,37825,m_282030aaa____21929760____22360182____21938720,37825-1,391,运行/运行/ATP-VSW/ATP-VSW-DOCK_HTVS_1-001_lib/ATP-VSW-DOCK_HTVS_1-001_lib,C[NH+](C)Cc1ccc(CNc2nc(NCc3ccc(F)cc3N)c3ccccc3[nH+]2)cc1,C[NH+](C)Cc1ccc(CNc2nc(NCc3ccc(F)cc3N)c3ccccc3[nH+]2)cc1,c1ccc(CNc2nc(NCc3ccccc3)c3ccccc3[nH+]2)cc1,C25H29FN6+2,2.0,32.0,61.0,1.0,fd1d51412b1f3478545284cdf671ba00bc13b15452fe561d018a04bac26c8afc,-4.07456484266098,-58.2088318688466,-0.127330151333156,3,3,3,matched,complete
ATP-HTVS-772EF906400E,20706,Shen____49239300____25682267____40180766,20706-2,36,运行/运行/ATP-VSW/ATP-VSW-DOCK_HTVS_1-002_lib.maegz,Cc1cc(-c2cc(CC[NH2+]Cc3ccccc3)n(C(=O)[C@@](C)(N)c3ccccc3)n2)ccc1F,Cc1cc(-c2cc(CC[NH2+]Cc3ccccc3)n(C(=O)C(C)(N)c3ccccc3)n2)ccc1F,O=C(Cc1ccccc1)n1nc(-c2ccccc2)cc1CC[NH2+]Cc1ccccc1,C28H30FN4O+,1.0,34.0,64.0,1.0,1b23aa5bd76597407697d06cb53df6370edd05bd76ede6803540e7caea2c82cf,-5.7472783149045,-62.6506891430113,-0.169037597497191,3,3,3,matched,complete
ATP-HTVS-773D20A649CC,79681,rxn502b____EMOL44385606____EMOL4363915____EMOL50155899,79681-3,1045,运行/运行/ATP-VSW/ATP-VSW-DOCK_HTVS_1-001_lib/ATP-VSW-DOCK_HTVS_1-001_lib,C[NH+](C)Cc1ccc(CNc2cnc(NC(=O)c3cccc(F)c3C#N)c(-n3cccc3)c2)cc1,C[NH+](C)Cc1ccc(CNc2cnc(NC(=O)c3cccc(F)c3C#N)c(-n3cccc3)c2)cc1,O=C(Nc1ncc(NCc2ccccc2)cc1-n1cccc1)c1ccccc1,C27H26FN6O+,1.0,35.0,61.0,1.0,6092cf858674312ea313861a813a16524b779c9cfcf55f1e524398fb54e4018c,-2.3269318805952,-49.5551504907303,-0.0664837680170058,1,1,1,matched,complete
ATP-HTVS-7743C5ABCFDD,93987,rxn502b____EMOL511643____EMOL13728749____EMOL36822768,93987-1,713,运行/运行/ATP-VSW/ATP-VSW-DOCK_HTVS_1-003_lib/ATP-VSW-DOCK_HTVS_1-003_lib.mae,N#CN(c1ccccc1)c1cnc2ccccc2c1NC(=O)c1cccc(F)c1,N#CN(c1ccccc1)c1cnc2ccccc2c1NC(=O)c1cccc(F)c1,O=C(Nc1c(Nc2ccccc2)cnc2ccccc12)c1ccccc1,C23H15FN4O,0.0,29.0,44.0,1.0,ea9a4f0a87a76b469f86f2514b7099a14752374017ac3749be3a61527ac23fa1,-3.20517045360338,-38.5209565934185,-0.110523119089772,2,2,2,matched,complete
ATP-HTVS-7752C713B971,90178,rxn102c____EMOL2799272____EMOL42975864,90178-2,97,运行/运行/ATP-VSW/ATP-VSW-DOCK_HTVS_1-002_lib.maegz,CN(C[C@@H]([NH3+])c1ccccc1)c1ncc(C(=O)Nc2ccc(Cl)cc2)c2ccccc12,CN(CC([NH3+])c1ccccc1)c1ncc(C(=O)Nc2ccc(Cl)cc2)c2ccccc12,O=C(Nc1ccccc1)c1cnc(NCCc2ccccc2)c2ccccc12,C25H24ClN4O+,1.0,31.0,55.0,1.0,495d7e129aff0e6782b0be9de732bd6e5a213b1053e942004a9d87ac3b1f568c,-5.14328146211405,-59.5579691589335,-0.165912305229485,2,2,2,matched,complete
ATP-HTVS-776FBC5F0312,98786,rxn512c____EMOL488509____EMOL44845843____EMOL2873214,98786-1,366,运行/运行/ATP-VSW/ATP-VSW-DOCK_HTVS_1-003_lib/ATP-VSW-DOCK_HTVS_1-003_lib.mae,CN(C(=O)c1sc2ncccc2c1NCc1cccc(C[NH+](C)C)c1)c1ccccn1,CN(C(=O)c1sc2ncccc2c1NCc1cccc(C[NH+](C)C)c1)c1ccccn1,O=C(Nc1ccccn1)c1sc2ncccc2c1NCc1ccccc1,C24H26N5OS+,1.0,31.0,57.0,1.0,a8102de43a8051d78cacf1bf4da75ab79f494576dbb0ab167ba2d4969f7f241b,-4.1395812723486,-59.661173250877,-0.133534879753181,3,3,3,matched,complete
ATP-HTVS-77ED8C900CC0,79747,rxn502b____EMOL535380____EMOL30488121____EMOL8314610,79747-4,143,运行/运行/ATP-VSW/ATP-VSW-DOCK_HTVS_1-003_lib/ATP-VSW-DOCK_HTVS_1-003_lib.mae,O=C(Nc1c[nH+]c2ccccc2c1Nc1ccc(NCCO)cc1)[C@@H](Br)c1ccccc1,O=C(Nc1c[nH+]c2ccccc2c1Nc1ccc(NCCO)cc1)C(Br)c1ccccc1,O=C(Cc1ccccc1)Nc1c[nH+]c2ccccc2c1Nc1ccccc1,C25H24BrN4O2+,1.0,32.0,56.0,1.0,8cd5511443b636c43f9f4ee9e6d00d6e76806accd08eecaeded7237bd7aa2f40,-4.90849767233527,-63.7422871690515,-0.153390552260477,8,8,8,matched,complete
ATP-HTVS-77F3EA8C01D2,80162,rxn102c____EMOL13081280____EMOL50763906,80162-2,269,运行/运行/ATP-VSW/ATP-VSW-DOCK_HTVS_1-002_lib.maegz,CN(C)[C@H](C[NH3+])c1ccc(Nc2[nH+]c(-c3ccccc3)cn2/N=C/c2ccc(Cl)cc2)cc1,CN(C)C(C[NH3+])c1ccc(Nc2[nH+]c(-c3ccccc3)cn2N=Cc2ccc(Cl)cc2)cc1,C(=Nn1cc(-c2ccccc2)[nH+]c1Nc1ccccc1)c1ccccc1,C26H29ClN6+2,2.0,33.0,62.0,1.0,6df048ba0b011aeab5a2b0681ced225446b618f9242664cc4a3625bb907a99b4,-4.46870218514675,-53.6703495116105,-0.13541521773172,6,6,6,matched,complete
ATP-HTVS-780990BE0E68,83747,rxn503b____EMOL519605____EMOL7515103____EMOL317509042,83747-3,1,运行/运行/ATP-VSW/ATP-VSW-DOCK_HTVS_1-003_lib/ATP-VSW-DOCK_HTVS_1-003_lib.mae,C[C@@H]([NH2+]CC#Cc1cnc(NC(=O)c2cccc(O)c2)c2ccccc12)c1cccc(F)c1,CC([NH2+]CC#Cc1cnc(NC(=O)c2cccc(O)c2)c2ccccc12)c1cccc(F)c1,O=C(Nc1ncc(C#CC[NH2+]Cc2ccccc2)c2ccccc12)c1ccccc1,C27H23FN3O2+,1.0,33.0,56.0,1.0,3695393c714d5eac85e6e41c832b335b5b7ff98256b32d075ce008b041c4352c,-6.80803117503607,-92.0530939366025,-0.206303975001093,4,4,4,matched,complete
ATP-HTVS-7820955A714C,43682,m_270004bbb____13159934____7547806,43682-2,78,运行/运行/ATP-VSW/ATP-VSW-DOCK_HTVS_1-002_lib.maegz,C[C@@](O)(C[NH2+]Cc1cn(-c2ccccc2)nc1-c1ccncc1)c1cccc(F)c1,CC(O)(C[NH2+]Cc1cn(-c2ccccc2)nc1-c1ccncc1)c1cccc(F)c1,c1ccc(CC[NH2+]Cc2cn(-c3ccccc3)nc2-c2ccncc2)cc1,C24H24FN4O+,1.0,30.0,54.0,1.0,b1b5924a378376fd58194b669229440d6f794fb855482db7c7451a6ce197f632,-5.31391102473887,-63.1544836508943,-0.177130367491296,2,2,2,matched,complete
ATP-HTVS-78252FECAF69,68547,m_270004bbb____23868360____7547868,68547-1,162,运行/运行/ATP-VSW/ATP-VSW-DOCK_HTVS_1-003_lib/ATP-VSW-DOCK_HTVS_1-003_lib.mae,CCNc1cc(C[NH2+]Cc2cn(Cc3ccccc3)nc2-c2cccnc2)ccn1,CCNc1cc(C[NH2+]Cc2cn(Cc3ccccc3)nc2-c2cccnc2)ccn1,c1ccc(Cn2cc(C[NH2+]Cc3ccncc3)c(-c3cccnc3)n2)cc1,C24H27N6+,1.0,30.0,57.0,1.0,60bd55d1e6ac03c7414673d422889807813066c02436dac435cc1fa88cbac001,-4.83265705311331,-63.905597386291,-0.16108856843711,3,3,3,matched,complete
ATP-HTVS-792F02E01A4E,94081,rxn512c____EMOL712348____EMOL43362984____EMOL31232878,94081-1,1115,运行/运行/ATP-VSW/ATP-VSW-DOCK_HTVS_1-001_lib/ATP-VSW-DOCK_HTVS_1-001_lib,C[NH+](C)CCc1ccc(Nc2c(C(=O)N(CC#N)c3ccccc3)c(=O)[nH]c3ccccc23)cc1,C[NH+](C)CCc1ccc(Nc2c(C(=O)N(CC#N)c3ccccc3)c(=O)[nH]c3ccccc23)cc1,O=C(Nc1ccccc1)c1c(Nc2ccccc2)c2ccccc2[nH]c1=O,C28H28N5O2+,1.0,35.0,63.0,1.0,793aecb621d39f3a639a26ed28dc8c0b910d16c8464a8ba9c7cfd740f91b295c,-2.13154706187298,-47.6904716217473,-0.0609013446249423,1,1,1,matched,complete
ATP-HTVS-794646D3B9C8,91617,rxn502b____EMOL30151713____EMOL44466703____EMOL712348,91617-1,895,运行/运行/ATP-VSW/ATP-VSW-DOCK_HTVS_1-001_lib/ATP-VSW-DOCK_HTVS_1-001_lib,C[NH+]1CCN(c2ccc(F)cc2C(=O)Nc2nc3ccccc3cc2N(CC#N)c2ccccc2)CC1,C[NH+]1CCN(c2ccc(F)cc2C(=O)Nc2nc3ccccc3cc2N(CC#N)c2ccccc2)CC1,O=C(Nc1nc2ccccc2cc1Nc1ccccc1)c1ccccc1N1CC[NH2+]CC1,C29H28FN6O+,1.0,37.0,65.0,1.0,044e8e6b6922161826f35316c1c9d63d5cefcdf1af5f7ea60196056262dbb2fa,-2.75290965763502,-45.5388272854323,-0.0744029637198653,2,2,2,matched,complete
ATP-HTVS-795FA74A51DE,66529,m_270004bbb____12219716____13581236,66529-1,42,运行/运行/ATP-VSW/ATP-VSW-DOCK_HTVS_1-001_lib/ATP-VSW-DOCK_HTVS_1-001_lib,CN(C)C(=O)c1ccc(C[NH2+]C[C@H]2c3ccccc3C(=O)N2Cc2ccccc2)cc1,CN(C)C(=O)c1ccc(C[NH2+]CC2c3ccccc3C(=O)N2Cc2ccccc2)cc1,O=C1c2ccccc2C(C[NH2+]Cc2ccccc2)N1Cc1ccccc1,C26H28N3O2+,1.0,31.0,59.0,1.0,180527171dadf25cdd4a01f9ebe71820bc8e0f9544ed7a65d9208401689e0e9c,-5.39740696215501,-67.540358831719,-0.174109902005,4,4,4,matched,complete
ATP-HTVS-79A32C942736,68642,rxn207____EMOL36800047____EMOL50155899,68642-12,943,运行/运行/ATP-VSW/ATP-VSW-DOCK_HTVS_1-002_lib.maegz,Cc1nc2ccccn2c1[C@@H](CSc1ccccc1)[NH2+]Cc1ccc(CN(C)C)cc1,Cc1nc2ccccn2c1C(CSc1ccccc1)[NH2+]Cc1ccc(CN(C)C)cc1,c1ccc(C[NH2+]C(CSc2ccccc2)c2cnc3ccccn23)cc1,C26H31N4S+,1.0,31.0,62.0,1.0,5fc868b7f3af1fd86c653bb57186c2d528e5f96e40211cc711d3bea1480d2ff9,-2.6041470784389,-58.8981012779826,-0.0840047444657708,2,2,2,matched,complete
ATP-HTVS-79BEB139CB8F,55745,m_270004bbb____15775648____7548542,55745-1,180,运行/运行/ATP-VSW/ATP-VSW-DOCK_HTVS_1-001_lib/ATP-VSW-DOCK_HTVS_1-001_lib,C[NH+](C)Cc1ccc(CC[NH2+]Cc2ccc(-c3ccccc3[N+](=O)[O-])s2)cc1,C[NH+](C)Cc1ccc(CC[NH2+]Cc2ccc(-c3ccccc3[N+](=O)[O-])s2)cc1,c1ccc(CC[NH2+]Cc2ccc(-c3ccccc3)s2)cc1,C22H27N3O2S+2,2.0,28.0,55.0,1.0,9be0a760c5c65dc5f3a4f2c97db17bbd9ee1da4bce6b0bbecd52ee6ed3ec3f85,-4.68131743987993,-60.76163379398,-0.16718990856714,3,3,3,matched,complete
ATP-HTVS-79C7807006E2,74402,rxn502b____EMOL911931____EMOL13728749____EMOL2873214,74402-1,297,运行/运行/ATP-VSW/ATP-VSW-DOCK_HTVS_1-002_lib.maegz,C[NH+](C)Cc1cccc(CNc2cnc3ccccc3c2NC(=O)c2ccc(C#N)c(F)c2)c1,C[NH+](C)Cc1cccc(CNc2cnc3ccccc3c2NC(=O)c2ccc(C#N)c(F)c2)c1,O=C(Nc1c(NCc2ccccc2)cnc2ccccc12)c1ccccc1,C27H25FN5O+,1.0,34.0,59.0,1.0,83722e1a7e90b2605927eb1ed20764ca8cb4b53d9ea49a9dc79636b19ab6a3ab,-4.3946210399897,-56.0660554826752,-0.129253559999697,3,3,3,matched,complete
ATP-HTVS-79E4EBD82D6A,63777,m_282030aaa____21912438____22360182____21945542,63777-2,1255,运行/运行/ATP-VSW/ATP-VSW-DOCK_HTVS_1-001_lib/ATP-VSW-DOCK_HTVS_1-001_lib,CN(C)Cc1ccc(CNc2nc(NCC(=O)Nc3ccc(F)cc3)c3ccccc3[nH+]2)cc1,CN(C)Cc1ccc(CNc2nc(NCC(=O)Nc3ccc(F)cc3)c3ccccc3[nH+]2)cc1,O=C(CNc1nc(NCc2ccccc2)[nH+]c2ccccc12)Nc1ccccc1,C26H28FN6O+,1.0,34.0,62.0,1.0,484da6dcdbfefdebaff8085b0f5985a6061f2f1d96c751cce1e7eeb703a228a9,-1.73332368143626,-50.0222869272585,-0.0509801082775372,1,1,1,matched,complete
ATP-HTVS-79EE8ED1543F,88993,rxn112____EMOL628199____EMOL193759265,88993-1,272,运行/运行/ATP-VSW/ATP-VSW-DOCK_HTVS_1-001_lib/ATP-VSW-DOCK_HTVS_1-001_lib,CN(C)c1ccc([C@H](O)Cc2cc(-c3ccncc3)nc3ccccc23)cc1,CN(C)c1ccc(C(O)Cc2cc(-c3ccncc3)nc3ccccc23)cc1,c1ccc(CCc2cc(-c3ccncc3)nc3ccccc23)cc1,C24H23N3O,0.0,28.0,51.0,1.0,3d42bd4a56135e87af3cc132bbed0f7f3124b0607f4e1b0a323467cb63465588,-4.43936529244241,-43.0075744917789,-0.158548760444372,4,4,4,matched,complete
ATP-HTVS-7A394D6CE484,99713,rxn102b____EMOL316258031____EMOL42620813,99713-4,450,运行/运行/ATP-VSW/ATP-VSW-DOCK_HTVS_1-002_lib.maegz,C#CC[NH2+][C@@H](C)c1ccccc1Nc1nc2ccccc2cc1S(=O)(=O)c1ccccc1,C#CC[NH2+]C(C)c1ccccc1Nc1nc2ccccc2cc1S(=O)(=O)c1ccccc1,O=S(=O)(c1ccccc1)c1cc2ccccc2nc1Nc1ccccc1,C26H24N3O2S+,1.0,32.0,56.0,1.0,95d8a46a364a60236893f30aba02a221fec9a11f5639bc83d35eeca8726e33dd,-3.97450067174064,-51.7208726967115,-0.124203145991895,4,4,4,matched,complete
ATP-HTVS-7A7B7DA644AB,49827,m_282030aaa____21930822____22360182____21973156,49827-5,715,运行/运行/ATP-VSW/ATP-VSW-DOCK_HTVS_1-003_lib/ATP-VSW-DOCK_HTVS_1-003_lib.mae,CN(C)Cc1ccccc1CNc1nc(NC[C@@H](c2ccccc2)[NH+](C)C)[nH+]c2ccccc12,CN(C)Cc1ccccc1CNc1nc(NCC(c2ccccc2)[NH+](C)C)[nH+]c2ccccc12,c1ccc(CCNc2nc(NCc3ccccc3)c3ccccc3[nH+]2)cc1,C28H36N6+2,2.0,34.0,70.0,1.0,395c35d78b203ea459b07053df2a159416863fa2eced4eec2426e1b88ac64947,-3.20173177617402,-58.0315393735379,-0.0941685816521771,3,3,3,matched,complete
ATP-HTVS-7A7BCDC0632F,1539,YAS_R028____OTV2128104____OTV1509977____OTV1268163____OTV1055862,1539-1,252,运行/运行/ATP-VSW/ATP-VSW-DOCK_HTVS_1-003_lib/ATP-VSW-DOCK_HTVS_1-003_lib.mae,Cc1ccc([C@@H](O)CNc2cc(N(C)Cc3ccccc3)nc(Nc3ccc(O)cc3)[nH+]2)cc1,Cc1ccc(C(O)CNc2cc(N(C)Cc3ccccc3)nc(Nc3ccc(O)cc3)[nH+]2)cc1,c1ccc(CCNc2cc(NCc3ccccc3)nc(Nc3ccccc3)[nH+]2)cc1,C27H30N5O2+,1.0,34.0,64.0,1.0,6aee582f3edd0d16844d9d029f2fef64652db28243590d08aa3d4b2447fbea4c,-4.49099959428896,-57.4550040982628,-0.13208822336144,3,3,3,matched,complete
ATP-HTVS-7AB1442FC022,28993,m_270004bca____17609654____24720860,28993-4,73,运行/运行/ATP-VSW/ATP-VSW-DOCK_HTVS_1-001_lib/ATP-VSW-DOCK_HTVS_1-001_lib,COCC[N@@H+](C)Cc1ccc(C[N@@H+](C)Cc2nc3ccccc3n2Cc2ccccc2)cc1,COCC[NH+](C)Cc1ccc(C[NH+](C)Cc2nc3ccccc3n2Cc2ccccc2)cc1,c1ccc(C[NH2+]Cc2nc3ccccc3n2Cc2ccccc2)cc1,C28H36N4O+2,2.0,33.0,69.0,1.0,191d6ef272b17c6330cf58a0e5f50edb91450f3251ce29fe643eb90aba51b5de,-5.14316799646612,-69.5942145469287,-0.155853575650488,11,11,11,matched,complete
ATP-HTVS-7ABEAEA32F74,93505,rxn403____EMOL2873214____EMOL721951____EMOL31600616,93505-3,200,运行/运行/ATP-VSW/ATP-VSW-DOCK_HTVS_1-001_lib/ATP-VSW-DOCK_HTVS_1-001_lib,Cc1c([C@@H](C#Cc2ccc(C(=O)[O-])cc2)[NH2+]Cc2cccc(C[NH+](C)C)c2)sc2ccccc12,Cc1c(C(C#Cc2ccc(C(=O)[O-])cc2)[NH2+]Cc2cccc(C[NH+](C)C)c2)sc2ccccc12,C(#CC([NH2+]Cc1ccccc1)c1cc2ccccc2s1)c1ccccc1,C29H29N2O2S+,1.0,34.0,63.0,1.0,9cf64d7b3212022a255a1629fdd1db37cc24c48c668cbcf1ec6d799d6ba56087,-4.63795800751344,-69.1250634916916,-0.136410529632748,8,8,8,matched,complete
ATP-HTVS-7ACA80837BCE,95906,rxn503b____EMOL911925____EMOL44466703____EMOL1197208,95906-2,490,运行/运行/ATP-VSW/ATP-VSW-DOCK_HTVS_1-003_lib/ATP-VSW-DOCK_HTVS_1-003_lib.mae,N#Cc1ccc(F)c(C(=O)Nc2nc3ccccc3cc2C#CC[NH2+]Cc2ccccc2)c1,N#Cc1ccc(F)c(C(=O)Nc2nc3ccccc3cc2C#CC[NH2+]Cc2ccccc2)c1,O=C(Nc1nc2ccccc2cc1C#CC[NH2+]Cc1ccccc1)c1ccccc1,C27H20FN4O+,1.0,33.0,53.0,1.0,08405ed4aa85a83297ddb20954ac042e91f5f679baa1bc98131fa05b3ad2ad39,-3.82497392346877,-51.1561034874626,-0.115908300711175,2,2,2,matched,complete
ATP-HTVS-7AEE8A51E1B1,46561,m_270166bbb____16815432____16818234,46561-1,50,运行/运行/ATP-VSW/ATP-VSW-DOCK_HTVS_1-001_lib/ATP-VSW-DOCK_HTVS_1-001_lib,[NH3+]CCc1ccc(CNc2nc(-c3ccccc3)nc3ccccc23)cc1,[NH3+]CCc1ccc(CNc2nc(-c3ccccc3)nc3ccccc23)cc1,c1ccc(CNc2nc(-c3ccccc3)nc3ccccc23)cc1,C23H23N4+,1.0,27.0,50.0,1.0,09c626e1a7c7be5285cd0e3616a801435bd2f6556bba2a159cf418fa077dda02,-5.27944754786965,-56.9787806278817,-0.195535094365543,1,1,1,matched,complete
ATP-HTVS-7AFD271A302C,56897,m_270004bca____10206040____24714838,56897-2,337,运行/运行/ATP-VSW/ATP-VSW-DOCK_HTVS_1-001_lib/ATP-VSW-DOCK_HTVS_1-001_lib,C[NH+](C)Cc1ccc(C[N@H+](C)Cc2cn(CCC#N)nc2-c2ccc(Cl)cc2)cc1,C[NH+](C)Cc1ccc(C[NH+](C)Cc2cn(CCC#N)nc2-c2ccc(Cl)cc2)cc1,c1ccc(C[NH2+]Cc2c[nH]nc2-c2ccccc2)cc1,C24H30ClN5+2,2.0,30.0,60.0,1.0,293b6c55c141aecdc2624dae825b0785e82588c166592e2c2a7296876b2da0fb,-4.22779938077392,-57.742043844349,-0.140926646025797,6,6,6,matched,complete
ATP-HTVS-7B1416FC1373,96097,rxn512b____EMOL524429____EMOL44846536____EMOL2873214,96097-1,118,运行/运行/ATP-VSW/ATP-VSW-DOCK_HTVS_1-001_lib/ATP-VSW-DOCK_HTVS_1-001_lib,C#Cc1ccccc1NC(=O)c1cc(NCc2cccc(C[NH+](C)C)c2)c(Cl)s1,C#Cc1ccccc1NC(=O)c1cc(NCc2cccc(C[NH+](C)C)c2)c(Cl)s1,O=C(Nc1ccccc1)c1cc(NCc2ccccc2)cs1,C23H23ClN3OS+,1.0,29.0,52.0,1.0,e86642febd140a06046b86aee3079298407c635ce638f8fffed01d16cf7bf59e,-4.92847526415293,-69.2799551262821,-0.169947422901825,2,2,2,matched,complete
ATP-HTVS-7B85D20A61B3,83969,rxn502b____EMOL44817445____EMOL13728749____EMOL2868412,83969-2,800,运行/运行/ATP-VSW/ATP-VSW-DOCK_HTVS_1-001_lib/ATP-VSW-DOCK_HTVS_1-001_lib,CC[NH+](CC)Cc1ccc(CNc2c[nH+]c3ccccc3c2NC(=O)c2ccc(Cl)c(C#N)c2)cc1,CC[NH+](CC)Cc1ccc(CNc2c[nH+]c3ccccc3c2NC(=O)c2ccc(Cl)c(C#N)c2)cc1,O=C(Nc1c(NCc2ccccc2)c[nH+]c2ccccc12)c1ccccc1,C29H30ClN5O+2,2.0,36.0,66.0,1.0,619a1502be9088e892ff874f696fddb8bcdeae14ca0bda03855f70a0a0293e87,-3.00335568874899,-62.3976070047929,-0.0834265469096943,2,2,2,matched,complete
ATP-HTVS-7B98CE40EDFD,70307,rxn502b____EMOL43450422____EMOL7515103____EMOL50155899,70307-1,438,运行/运行/ATP-VSW/ATP-VSW-DOCK_HTVS_1-003_lib/ATP-VSW-DOCK_HTVS_1-003_lib.mae,C#Cc1ccccc1C(=O)Nc1ncc(NCc2ccc(C[NH+](C)C)cc2)c2ccccc12,C#Cc1ccccc1C(=O)Nc1ncc(NCc2ccc(C[NH+](C)C)cc2)c2ccccc12,O=C(Nc1ncc(NCc2ccccc2)c2ccccc12)c1ccccc1,C28H27N4O+,1.0,33.0,60.0,1.0,0889ade9b75de0bc632b1ba232638a5888b62f3443a1e21e8e56d58e29ce5ea3,-3.93400441519171,-48.6248757214798,-0.11921225500581,1,1,1,matched,complete
ATP-HTVS-7BBDEC1762B0,28193,m_282030aaa____21931282____22360182____21945542,28193-1,544,运行/运行/ATP-VSW/ATP-VSW-DOCK_HTVS_1-001_lib/ATP-VSW-DOCK_HTVS_1-001_lib,C[NH+](C)Cc1ccc(CNc2nc(NCc3ccc(Cl)cc3)c3ccccc3[nH+]2)cc1,C[NH+](C)Cc1ccc(CNc2nc(NCc3ccc(Cl)cc3)c3ccccc3[nH+]2)cc1,c1ccc(CNc2nc(NCc3ccccc3)c3ccccc3[nH+]2)cc1,C25H28ClN5+2,2.0,31.0,59.0,1.0,e04ba8246247d87e3a3c68e1e3a43f4df88b28c380129230f4779edd9929e6ba,-3.72446897652609,-47.7555202925161,-0.1201441605331,2,2,2,matched,complete
ATP-HTVS-7BEC4E93BD87,81249,rxn502b____EMOL509335____EMOL30488121____EMOL109645890,81249-1,515,运行/运行/ATP-VSW/ATP-VSW-DOCK_HTVS_1-001_lib/ATP-VSW-DOCK_HTVS_1-001_lib,CN(C)c1ccc(CCNc2c(NC(=O)c3cccc([S-])c3)c[nH+]c3ccccc23)cc1,CN(C)c1ccc(CCNc2c(NC(=O)c3cccc([S-])c3)c[nH+]c3ccccc23)cc1,O=C(Nc1c[nH+]c2ccccc2c1NCCc1ccccc1)c1ccccc1,C26H26N4OS,0.0,32.0,58.0,1.0,1e0d70474e6444efde3ec2e52c677b616b064b1ffcd4679bb9f4c9c06c367144,-3.78499474999287,-51.2481807548723,-0.118281085937277,2,2,2,matched,complete
ATP-HTVS-7BF7B7486D45,67138,m_282030aaa____21892234____22360182____21940090,67138-1,553,运行/运行/ATP-VSW/ATP-VSW-DOCK_HTVS_1-002_lib.maegz,Cc1cc(CNc2nc(NCc3cccc(C[NH+](C)C)c3)[nH+]c3ccccc23)ccc1CO,Cc1cc(CNc2nc(NCc3cccc(C[NH+](C)C)c3)[nH+]c3ccccc23)ccc1CO,c1ccc(CNc2nc(NCc3ccccc3)c3ccccc3[nH+]2)cc1,C27H33N5O+2,2.0,33.0,66.0,1.0,deaa472f2148a2d65b05cea1a9020efef814639638843af3fde59c2932601907,-3.69880272033171,-53.1305076672119,-0.112084930919143,3,3,3,matched,complete
ATP-HTVS-7C2B62D08873,63427,m_282030aaa____21921182____23157418____21940090,63427-1,495,运行/运行/ATP-VSW/ATP-VSW-DOCK_HTVS_1-003_lib/ATP-VSW-DOCK_HTVS_1-003_lib.mae,C[NH+](C)Cc1cccc(CNc2nc3ccccc3nc2NCc2ccccc2S(N)(=O)=O)c1,C[NH+](C)Cc1cccc(CNc2nc3ccccc3nc2NCc2ccccc2S(N)(=O)=O)c1,c1ccc(CNc2nc3ccccc3nc2NCc2ccccc2)cc1,C25H29N6O2S+,1.0,34.0,63.0,1.0,14d1114ada564453bfbb636c029806a805e19421ffd61e9407d3ab8d1d36790f,-3.81730885515424,-52.009009293826,-0.112273789857478,2,2,2,matched,complete
ATP-HTVS-7C2D6468D489,82402,rxn502b____EMOL5759977____EMOL30488121____EMOL24630243,82402-1,494,运行/运行/ATP-VSW/ATP-VSW-DOCK_HTVS_1-002_lib.maegz,CCN(CC)[C@@H](C(=O)Nc1c[nH+]c2ccccc2c1N(C)[C@@H](C#N)c1ccccc1)c1ccccc1,CCN(CC)C(C(=O)Nc1c[nH+]c2ccccc2c1N(C)C(C#N)c1ccccc1)c1ccccc1,O=C(Cc1ccccc1)Nc1c[nH+]c2ccccc2c1NCc1ccccc1,C30H32N5O+,1.0,36.0,68.0,1.0,f21c567503eb9872f7dfb4b30ea91b1c3b90341f1c13bebe86d968818ee614bc,-3.85298473893764,-51.7373952677446,-0.107027353859379,11,11,11,matched,complete
ATP-HTVS-7C58C2B4F3B5,20035,WXDL_15E____QS5063____LN00174727____BT0555,20035-1,290,运行/运行/ATP-VSW/ATP-VSW-DOCK_HTVS_1-003_lib/ATP-VSW-DOCK_HTVS_1-003_lib.mae,C[NH+](C)Cc1ccc(C[NH2+]Cc2ccc(-c3ccc(O)cc3)cn2)cc1,C[NH+](C)Cc1ccc(C[NH2+]Cc2ccc(-c3ccc(O)cc3)cn2)cc1,c1ccc(C[NH2+]Cc2ccc(-c3ccccc3)cn2)cc1,C22H27N3O+2,2.0,26.0,53.0,1.0,d386f7a814cb65acbd25ae35e23a269e3475b9c78d1cf20785fe136d59d3661a,-4.37677132058803,-53.2794239208948,-0.168337358484155,3,3,3,matched,complete
ATP-HTVS-7C6049B0D6CE,73154,rxn207____EMOL41348147____EMOL6185419,73154-1,1306,运行/运行/ATP-VSW/ATP-VSW-DOCK_HTVS_1-002_lib.maegz,C#C[C@H](c1cccc(Cl)c1)N1CC(=O)Nc2ccccc2[C@H]1c1ccccc1,C#CC(c1cccc(Cl)c1)N1CC(=O)Nc2ccccc2C1c1ccccc1,O=C1CN(Cc2ccccc2)C(c2ccccc2)c2ccccc2N1,C24H19ClN2O,0.0,28.0,47.0,1.0,1d9d7f41f81b30d7b242b3e27a0c024221ed8f1c232e7b266d96257f22b60848,-1.44991480964365,-32.5880850248636,-0.0517826717729875,4,4,4,matched,complete
ATP-HTVS-7C6F09AC1D4C,90306,rxn512c____EMOL36086203____EMOL43362984____EMOL2873214,90306-1,815,运行/运行/ATP-VSW/ATP-VSW-DOCK_HTVS_1-002_lib.maegz,CN(C(=O)c1c(NCc2cccc(C[NH+](C)C)c2)c2ccccc2[nH]c1=O)c1cccnc1,CN(C(=O)c1c(NCc2cccc(C[NH+](C)C)c2)c2ccccc2[nH]c1=O)c1cccnc1,O=C(Nc1cccnc1)c1c(NCc2ccccc2)c2ccccc2[nH]c1=O,C26H28N5O2+,1.0,33.0,61.0,1.0,cbe7fabad8418a00199c2413712d3ce6b6864155eac57125f0ba736fadf5694e,-3.00244647884665,-44.0396101960236,-0.0909832266317168,2,2,2,matched,complete
ATP-HTVS-7CA2ECE32076,86177,rxn512b____EMOL299981165____EMOL49775718____EMOL6185419,86177-2,736,运行/运行/ATP-VSW/ATP-VSW-DOCK_HTVS_1-001_lib/ATP-VSW-DOCK_HTVS_1-001_lib,O=C1CN(Cc2cccc(C(=O)NCCO)c2F)[C@@H](c2ccccc2)c2ccccc2N1,O=C1CN(Cc2cccc(C(=O)NCCO)c2F)C(c2ccccc2)c2ccccc2N1,O=C1CN(Cc2ccccc2)C(c2ccccc2)c2ccccc2N1,C25H24FN3O3,0.0,32.0,56.0,1.0,fa059f78ba77b92ac9240367bf20d3c7af063949e8e062250d05edf01d39056c,-3.21743759404709,-50.9577798744265,-0.100544924813972,2,2,2,matched,complete
ATP-HTVS-7CD79F872AFC,67937,m_282030aaa____21930964____22360182____21940090,67937-4,107,运行/运行/ATP-VSW/ATP-VSW-DOCK_HTVS_1-001_lib/ATP-VSW-DOCK_HTVS_1-001_lib,C[NH+](C)Cc1cccc(CNc2n/c(=[NH+]\Cc3cccc[nH+]3)c3ccccc3[nH]2)c1,C[NH+](C)Cc1cccc(CNc2nc(=[NH+]Cc3cccc[nH+]3)c3ccccc3[nH]2)c1,c1ccc(CNc2nc(=[NH+]Cc3cccc[nH+]3)c3ccccc3[nH]2)cc1,C24H29N6+3,3.0,30.0,59.0,1.0,9c4d88f23d0417956f18a3c883cc0f5e8a5a68a2cc2d89159e5bb2f30ad849d1,-4.97033467445703,-86.4197689975467,-0.165677822481901,4,4,4,matched,complete
ATP-HTVS-7CF383CE087B,75810,rxn513b____EMOL50155899____EMOL719673____EMOL4853387,75810-1,233,运行/运行/ATP-VSW/ATP-VSW-DOCK_HTVS_1-002_lib.maegz,C[NH+](C)Cc1ccc(CNC(=O)c2[nH]c3ccccc3c2C#CCOc2ccccc2CO)cc1,C[NH+](C)Cc1ccc(CNC(=O)c2[nH]c3ccccc3c2C#CCOc2ccccc2CO)cc1,O=C(NCc1ccccc1)c1[nH]c2ccccc2c1C#CCOc1ccccc1,C29H30N3O3+,1.0,35.0,65.0,1.0,9c116debb633b744e28baa03a65d78427d31ba1737a02f6c743c913dd74cbd52,-4.55159596203046,-58.5502704218698,-0.130045598915156,2,2,2,matched,complete
ATP-HTVS-7D198ACE4CB8,50529,m_271304bba____9304166____13059962,50529-2,416,运行/运行/ATP-VSW/ATP-VSW-DOCK_HTVS_1-001_lib/ATP-VSW-DOCK_HTVS_1-001_lib,Cc1ccccc1C[C@@H](C[NH2+]Cc1cc(OCc2ccccc2)c2ccccc2c1)C(=O)[O-],Cc1ccccc1CC(C[NH2+]Cc1cc(OCc2ccccc2)c2ccccc2c1)C(=O)[O-],c1ccc(CCC[NH2+]Cc2cc(OCc3ccccc3)c3ccccc3c2)cc1,C29H29NO3,0.0,33.0,62.0,1.0,db2becea1bf3240712a9046288a107092c65167942cc9b626c4b99920bd66003,-4.01760011912656,-48.0407418108722,-0.12174545815535,1,1,1,matched,complete
ATP-HTVS-7D1C8522A3FA,27619,m_270004bda____24170772____7548352,27619-1,1270,运行/运行/ATP-VSW/ATP-VSW-DOCK_HTVS_1-003_lib/ATP-VSW-DOCK_HTVS_1-003_lib.mae,C[NH+](C)CCOc1ccc(CN2CC(=O)Nc3ccc(Br)cc3[C@H]2c2ccccc2)cc1,C[NH+](C)CCOc1ccc(CN2CC(=O)Nc3ccc(Br)cc3C2c2ccccc2)cc1,O=C1CN(Cc2ccccc2)C(c2ccccc2)c2ccccc2N1,C26H29BrN3O2+,1.0,32.0,61.0,1.0,bea0309524186316010627cf8f6194ad0ea0128362187def0f9db06aca0a404a,-1.64612587880599,-42.4310737692509,-0.0514414337126873,4,4,4,matched,complete
ATP-HTVS-7D663BEE19BA,79617,rxn501c____EMOL18624763____EMOL36251210____EMOL2796733,79617-1,433,运行/运行/ATP-VSW/ATP-VSW-DOCK_HTVS_1-001_lib/ATP-VSW-DOCK_HTVS_1-001_lib,C[NH+](C)Cc1ccc(C(=O)Nc2nccc(-c3cc(O)cc(F)c3)c2C(=O)c2ccccc2)cc1,C[NH+](C)Cc1ccc(C(=O)Nc2nccc(-c3cc(O)cc(F)c3)c2C(=O)c2ccccc2)cc1,O=C(Nc1nccc(-c2ccccc2)c1C(=O)c1ccccc1)c1ccccc1,C28H25FN3O3+,1.0,35.0,60.0,1.0,ae4f1230f39ef36a1e141dbe6cc3e05382efdc50ceb06a20e9d11276387e9fdb,-3.95975102541382,-56.2393793639839,-0.113135743583252,2,2,2,matched,complete
ATP-HTVS-7DAC8816801F,84385,rxn502b____EMOL911931____EMOL30488121____EMOL44153840,84385-1,184,运行/运行/ATP-VSW/ATP-VSW-DOCK_HTVS_1-001_lib/ATP-VSW-DOCK_HTVS_1-001_lib,CC[NH+](CC)Cc1cccc(CNc2c(NC(=O)c3ccc(C#N)c(F)c3)c[nH+]c3ccccc23)c1,CC[NH+](CC)Cc1cccc(CNc2c(NC(=O)c3ccc(C#N)c(F)c3)c[nH+]c3ccccc23)c1,O=C(Nc1c[nH+]c2ccccc2c1NCc1ccccc1)c1ccccc1,C29H30FN5O+2,2.0,36.0,66.0,1.0,cff7d64d6eb59a5fb5d6c6bc397eede79e2d58c5f7e81350edb23598de1300cf,-4.67551403282601,-65.7657765086058,-0.129875389800722,3,3,3,matched,complete
ATP-HTVS-7DBCC72663B9,59649,m_22bbc____21205718____59608,59649-1,206,运行/运行/ATP-VSW/ATP-VSW-DOCK_HTVS_1-001_lib/ATP-VSW-DOCK_HTVS_1-001_lib,C[NH+](C)CCNc1ccccc1CNC(=O)c1nn(Cc2ccccc2)c(=O)c2ccccc12,C[NH+](C)CCNc1ccccc1CNC(=O)c1nn(Cc2ccccc2)c(=O)c2ccccc12,O=C(NCc1ccccc1)c1nn(Cc2ccccc2)c(=O)c2ccccc12,C27H30N5O2+,1.0,34.0,64.0,1.0,bdd6090f052e34137323469d079d0da019376ee88ea7b857904bdd6623656f53,-4.60134720554815,-60.8724763807455,-0.135333741339651,1,1,1,matched,complete
ATP-HTVS-7DD2E8BA0428,80835,rxn512c____EMOL714785____EMOL36725275____EMOL50155899,80835-1,303,运行/运行/ATP-VSW/ATP-VSW-DOCK_HTVS_1-003_lib/ATP-VSW-DOCK_HTVS_1-003_lib.mae,CN(c1ccccc1O)c1c(C(=O)NCc2ccc(C[NH+](C)C)cc2)cnc2ccc(F)cc12,CN(c1ccccc1O)c1c(C(=O)NCc2ccc(C[NH+](C)C)cc2)cnc2ccc(F)cc12,O=C(NCc1ccccc1)c1cnc2ccccc2c1Nc1ccccc1,C27H28FN4O2+,1.0,34.0,62.0,1.0,ef4a48eea1fa68e7e4a36f1428eda072ee3f2aa3a22d4fdf541ec8e134120816,-4.34532901289307,-59.0870740549477,-0.127803794496855,2,2,2,matched,complete
ATP-HTVS-7DE0A46CB904,32482,m_282030aaa____21926464____22360182____21969014,32482-2,720,运行/运行/ATP-VSW/ATP-VSW-DOCK_HTVS_1-002_lib.maegz,C[NH+](C)Cc1ccc(CCNc2nc(N[C@H](CF)c3ccc(C#N)cc3)c3ccccc3[nH+]2)cc1,C[NH+](C)Cc1ccc(CCNc2nc(NC(CF)c3ccc(C#N)cc3)c3ccccc3[nH+]2)cc1,c1ccc(CCNc2nc(NCc3ccccc3)c3ccccc3[nH+]2)cc1,C28H31FN6+2,2.0,35.0,66.0,1.0,3c9120702f41c7ca4210d653cd780edbef32d3e1bc6eba83e4e08e6418175301,-3.23906717612951,-50.1340755980582,-0.0925447764608432,2,2,2,matched,complete
ATP-HTVS-7DE5D821A3A4,82179,rxn502a____EMOL487485____EMOL299960698____EMOL25691896,82179-1,77,运行/运行/ATP-VSW/ATP-VSW-DOCK_HTVS_1-003_lib/ATP-VSW-DOCK_HTVS_1-003_lib.mae,C[C@H](C[NH3+])Nc1ccc(CNC(=O)c2cc(-c3ccccc3)nc3ccccc23)cc1,CC(C[NH3+])Nc1ccc(CNC(=O)c2cc(-c3ccccc3)nc3ccccc23)cc1,O=C(NCc1ccccc1)c1cc(-c2ccccc2)nc2ccccc12,C26H27N4O+,1.0,31.0,58.0,1.0,eacc149b14dba7e738587df243b4033f15b1817e81afcdc0421d8b6ba5e53ede,-5.29463490469927,-64.5526247638134,-0.170794674345138,2,2,2,matched,complete
ATP-HTVS-7EF53BD61533,95426,rxn502a____EMOL31600582____EMOL81846330____EMOL2873214,95426-1,356,运行/运行/ATP-VSW/ATP-VSW-DOCK_HTVS_1-003_lib/ATP-VSW-DOCK_HTVS_1-003_lib.mae,C#Cc1cccc(C(=O)N(C)c2ccncc2NCc2cccc(C[NH+](C)C)c2)c1,C#Cc1cccc(C(=O)N(C)c2ccncc2NCc2cccc(C[NH+](C)C)c2)c1,O=C(Nc1ccncc1NCc1ccccc1)c1ccccc1,C25H27N4O+,1.0,30.0,57.0,1.0,5a7f04262e4741fb6d18f24c28ccaeed8d96b251beb60ee0076231d3e85d803b,-4.18412501910755,-51.6617342344724,-0.139470833970252,3,3,3,matched,complete
ATP-HTVS-7EF96EA99BCF,95361,rxn502b____EMOL5849923____EMOL30488121____EMOL49839592,95361-1,228,运行/运行/ATP-VSW/ATP-VSW-DOCK_HTVS_1-001_lib/ATP-VSW-DOCK_HTVS_1-001_lib,CCN(c1c(NC(=O)c2cccc(C[NH+]3CCCC3)c2)c[nH+]c2ccccc12)[C@@H](C#N)c1ccccc1,CCN(c1c(NC(=O)c2cccc(C[NH+]3CCCC3)c2)c[nH+]c2ccccc12)C(C#N)c1ccccc1,O=C(Nc1c[nH+]c2ccccc2c1NCc1ccccc1)c1cccc(C[NH+]2CCCC2)c1,C31H33N5O+2,2.0,37.0,70.0,1.0,f06a59570c64bf1f80a7afb5a9d81db6a4b1062a944b19999a85ee251ebd951e,-4.53121069133092,-63.7180829767676,-0.122465153819755,6,6,6,matched,complete
ATP-HTVS-7F35209A363C,80099,rxn512c____EMOL477532____EMOL43362984____EMOL50155899,80099-1,1296,运行/运行/ATP-VSW/ATP-VSW-DOCK_HTVS_1-003_lib/ATP-VSW-DOCK_HTVS_1-003_lib.mae,C[NH+](C)Cc1ccc(CNc2c(C(=O)Nc3ccccc3)c(=O)[nH]c3ccccc23)cc1,C[NH+](C)Cc1ccc(CNc2c(C(=O)Nc3ccccc3)c(=O)[nH]c3ccccc23)cc1,O=C(Nc1ccccc1)c1c(NCc2ccccc2)c2ccccc2[nH]c1=O,C26H27N4O2+,1.0,32.0,59.0,1.0,744fd27cfcabe5159f50f760a6f71c7d165b6cae1bb118d30b6211c75ba9def4,-1.55091589110866,-43.3541955377044,-0.0484661215971458,2,2,2,matched,complete
ATP-HTVS-7F4769B54268,71043,rxn512c____EMOL24630243____EMOL36725275____EMOL108753642,71043-2,602,运行/运行/ATP-VSW/ATP-VSW-DOCK_HTVS_1-003_lib/ATP-VSW-DOCK_HTVS_1-003_lib.mae,CC(C)Nc1ccccc1NC(=O)c1cnc2ccc(F)cc2c1N(C)[C@H](C#N)c1ccccc1,CC(C)Nc1ccccc1NC(=O)c1cnc2ccc(F)cc2c1N(C)C(C#N)c1ccccc1,O=C(Nc1ccccc1)c1cnc2ccccc2c1NCc1ccccc1,C28H26FN5O,0.0,35.0,61.0,1.0,f8d6dbe37096fc72c3437bcf804347582a0885e25711a6448a0ee95afb84f2e1,-3.53029755710693,-46.5569001307957,-0.10086564448877,2,2,2,matched,complete
ATP-HTVS-7F76552361A7,92449,rxn102b____EMOL4279023____EMOL36800816,92449-3,743,运行/运行/ATP-VSW/ATP-VSW-DOCK_HTVS_1-001_lib/ATP-VSW-DOCK_HTVS_1-001_lib,C[NH+](C)Cc1cccc(Nc2[nH+]cccc2OCc2ccc(Br)cc2)c1,C[NH+](C)Cc1cccc(Nc2[nH+]cccc2OCc2ccc(Br)cc2)c1,c1ccc(COc2ccc[nH+]c2Nc2ccccc2)cc1,C21H24BrN3O+2,2.0,26.0,50.0,1.0,a644941025a9147dab4d0abcb26353207ccc26c88d49d42799d74439c9af8d5c,-3.18626509149358,-59.380766005445,-0.122548657365138,1,1,1,matched,complete
ATP-HTVS-7F7812FC41A5,72321,rxn502b____EMOL18624763____EMOL44466703____EMOL300091282,72321-1,620,运行/运行/ATP-VSW/ATP-VSW-DOCK_HTVS_1-001_lib/ATP-VSW-DOCK_HTVS_1-001_lib,C[NH+](C)Cc1ccc(C(=O)Nc2nc3ccccc3cc2N(CC#N)Cc2ccccc2)cc1,C[NH+](C)Cc1ccc(C(=O)Nc2nc3ccccc3cc2N(CC#N)Cc2ccccc2)cc1,O=C(Nc1nc2ccccc2cc1NCc1ccccc1)c1ccccc1,C28H28N5O+,1.0,34.0,62.0,1.0,4d04b5da9b96d03a05130d38df7286e2bc9032a5b2e6410cc860a1e61b8942b8,-3.50273563289439,-48.8326115492232,-0.1030216362616,2,2,2,matched,complete
ATP-HTVS-7F83928F0467,70722,rxn502b____EMOL493145____EMOL30488121____EMOL50155899,70722-1,140,运行/运行/ATP-VSW/ATP-VSW-DOCK_HTVS_1-002_lib.maegz,C[NH+](C)Cc1ccc(CNc2c(NC(=O)c3ccc(F)cc3F)c[nH+]c3ccccc23)cc1,C[NH+](C)Cc1ccc(CNc2c(NC(=O)c3ccc(F)cc3F)c[nH+]c3ccccc23)cc1,O=C(Nc1c[nH+]c2ccccc2c1NCc1ccccc1)c1ccccc1,C26H26F2N4O+2,2.0,33.0,59.0,1.0,89c015d690383c62af435e8033355ccdb5f89df0b3afc9f11e4f63d1bf46d851,-4.93183795499032,-61.6731783308125,-0.149449634999707,3,3,3,matched,complete
ATP-HTVS-800B0B068CC6,45569,m_2230bbc____678300____18339498,45569-3,37,运行/运行/ATP-VSW/ATP-VSW-DOCK_HTVS_1-001_lib/ATP-VSW-DOCK_HTVS_1-001_lib,COc1cc(CN(C)Cc2cccc(C[NH+](C)C)c2)ccc1OCc1ccccc1,COc1cc(CN(C)Cc2cccc(C[NH+](C)C)c2)ccc1OCc1ccccc1,c1ccc(CNCc2ccc(OCc3ccccc3)cc2)cc1,C26H33N2O2+,1.0,30.0,63.0,1.0,09469d61badd2984262dff6266e46bce4b00fa7e451b1c182836431e124f7e50,-5.46030312381141,-65.3666576720351,-0.182010104127047,2,2,2,matched,complete
ATP-HTVS-8033922A69C0,25505,m_270004bbb____23846038____7547806,25505-2,30,运行/运行/ATP-VSW/ATP-VSW-DOCK_HTVS_1-001_lib/ATP-VSW-DOCK_HTVS_1-001_lib,C[NH+](C)C[C@H](C[NH2+]Cc1cn(-c2ccccc2)nc1-c1ccncc1)c1ccccc1,C[NH+](C)CC(C[NH2+]Cc1cn(-c2ccccc2)nc1-c1ccncc1)c1ccccc1,c1ccc(CC[NH2+]Cc2cn(-c3ccccc3)nc2-c2ccncc2)cc1,C26H31N5+2,2.0,31.0,62.0,1.0,6171138ecd904c364ad3a3ddf1542cbd2b099719296f8cc0a01a97f132730eab,-5.6399666862665,-70.3259005160283,-0.181934409234403,6,6,6,matched,complete
ATP-HTVS-8095E17D3127,20707,Shen____49239300____25682265____40180766,20707-1,7,运行/运行/ATP-VSW/ATP-VSW-DOCK_HTVS_1-003_lib/ATP-VSW-DOCK_HTVS_1-003_lib.mae,Cc1cc(F)ccc1-c1cc(CC[NH2+]Cc2ccccc2)n(C(=O)[C@](C)(N)c2ccccc2)n1,Cc1cc(F)ccc1-c1cc(CC[NH2+]Cc2ccccc2)n(C(=O)C(C)(N)c2ccccc2)n1,O=C(Cc1ccccc1)n1nc(-c2ccccc2)cc1CC[NH2+]Cc1ccccc1,C28H30FN4O+,1.0,34.0,64.0,1.0,553730c31652ae306de1b5475849e9ddf6a549fcb22eb9fbda3579513920cd40,-6.0765389489099,-70.4852768180276,-0.178721733791468,4,4,4,matched,complete
ATP-HTVS-80A1BADD16E7,72066,rxn502b____EMOL39304293____EMOL44466703____EMOL2873214,72066-1,530,运行/运行/ATP-VSW/ATP-VSW-DOCK_HTVS_1-002_lib.maegz,C[NH+](C)Cc1cccc(CNc2cc3ccccc3nc2NC(=O)c2ccc([S-])c(F)c2)c1,C[NH+](C)Cc1cccc(CNc2cc3ccccc3nc2NC(=O)c2ccc([S-])c(F)c2)c1,O=C(Nc1nc2ccccc2cc1NCc1ccccc1)c1ccccc1,C26H25FN4OS,0.0,33.0,58.0,1.0,372338cb0c1caa354c5c1cbba08b73c62455a0ef7cc5b2c653ed831c5e16d4ae,-3.75469145667868,-50.5332932354075,-0.113778528990263,1,1,1,matched,complete
ATP-HTVS-818D9CFDFCEA,71330,rxn502b____EMOL18624763____EMOL7515103____EMOL36822768,71330-1,508,运行/运行/ATP-VSW/ATP-VSW-DOCK_HTVS_1-002_lib.maegz,C[NH+](C)Cc1ccc(C(=O)Nc2ncc(N(C#N)c3ccccc3)c3ccccc23)cc1,C[NH+](C)Cc1ccc(C(=O)Nc2ncc(N(C#N)c3ccccc3)c3ccccc23)cc1,O=C(Nc1ncc(Nc2ccccc2)c2ccccc12)c1ccccc1,C26H24N5O+,1.0,32.0,56.0,1.0,fd57d0a9c9142f857f42c677e95e99ab85ad2fc04c9b8a7aa4bad8bbedd81fdf,-3.81981118052559,-51.2893480195442,-0.119369099391425,2,2,2,matched,complete
ATP-HTVS-81A5FD53922A,40450,m_270166bbb____16815466____16818434,40450-1,390,运行/运行/ATP-VSW/ATP-VSW-DOCK_HTVS_1-002_lib.maegz,Nc1ccc(CCNc2nc(-c3ccccc3)c3ccccc3n2)cc1,Nc1ccc(CCNc2nc(-c3ccccc3)c3ccccc3n2)cc1,c1ccc(CCNc2nc(-c3ccccc3)c3ccccc3n2)cc1,C22H20N4,0.0,26.0,46.0,1.0,20ca9c712fb6395f6658c0215f97d20100208cf5b903c8b384ff4b81eb796698,-4.14399062967975,-47.0926936687223,-0.159384254987683,2,2,2,matched,complete
ATP-HTVS-81EE647F8CA6,20322,WXDL_15E____QS5063____LN00171853____BT1646,20322-1,154,运行/运行/ATP-VSW/ATP-VSW-DOCK_HTVS_1-002_lib.maegz,C[NH+](C)Cc1ccc(CNc2nc(-c3ccccc3O)cs2)cc1,C[NH+](C)Cc1ccc(CNc2nc(-c3ccccc3O)cs2)cc1,c1ccc(CNc2nc(-c3ccccc3)cs2)cc1,C19H22N3OS+,1.0,24.0,46.0,1.0,2ab995101c5b80c46c90c10aafa06afb7aff6a44ad39b5343e7a8ee5d2eded6d,-4.88584457685571,-56.858764263219,-0.203576857368988,4,4,4,matched,complete
ATP-HTVS-81F0F4B0A07A,32545,m_270004bbb____24792678____7548352,32545-1,245,运行/运行/ATP-VSW/ATP-VSW-DOCK_HTVS_1-001_lib/ATP-VSW-DOCK_HTVS_1-001_lib,Cn1cc(C[NH2+]Cc2ccc(OCC[NH+](C)C)cc2)c(OCc2ccccc2)n1,Cn1cc(C[NH2+]Cc2ccc(OCC[NH+](C)C)cc2)c(OCc2ccccc2)n1,c1ccc(C[NH2+]Cc2c[nH]nc2OCc2ccccc2)cc1,C23H32N4O2+2,2.0,29.0,61.0,1.0,f5357e530d476e44f908846b91cd0209193b886ef591b5a7805fb276d914103e,-4.49149454506483,-57.9632825616788,-0.154879122243615,4,4,4,matched,complete
ATP-HTVS-821B647876F5,39105,m_282030aaa____21927212____22360182____21940090,39105-3,663,运行/运行/ATP-VSW/ATP-VSW-DOCK_HTVS_1-001_lib/ATP-VSW-DOCK_HTVS_1-001_lib,C[NH+](C)Cc1cccc(CNc2nc(NCc3ccc(F)c(Br)c3)nc3ccccc23)c1,C[NH+](C)Cc1cccc(CNc2nc(NCc3ccc(F)c(Br)c3)nc3ccccc23)c1,c1ccc(CNc2nc(NCc3ccccc3)c3ccccc3n2)cc1,C25H26BrFN5+,1.0,32.0,58.0,1.0,812b94fc44a1aee232a8c361cec3574543536a6070f44657558c3f93c78a7525,-3.40400913375614,-66.5053713165367,-0.106375285429879,2,2,2,matched,complete
ATP-HTVS-822192B7646A,57442,m_282030aaa____21927700____23157418____21970126,57442-1,209,运行/运行/ATP-VSW/ATP-VSW-DOCK_HTVS_1-002_lib.maegz,C[NH+](C)Cc1ccccc1CNc1nc2ccccc2nc1N[C@H](CC(N)=O)c1ccccc1Cl,C[NH+](C)Cc1ccccc1CNc1nc2ccccc2nc1NC(CC(N)=O)c1ccccc1Cl,c1ccc(CNc2nc3ccccc3nc2NCc2ccccc2)cc1,C27H30ClN6O+,1.0,35.0,65.0,1.0,bf2e2b7731b88a0fa9e8e81af5e8588b0c9fcd5d50a61cc01c32cb22a724fc59,-4.61788324268741,-63.9776147693817,-0.13193952121964,4,4,4,matched,complete
ATP-HTVS-824DD36F4E64,69665,rxn502c____EMOL480530____EMOL49259969____EMOL2873214,69665-1,246,运行/运行/ATP-VSW/ATP-VSW-DOCK_HTVS_1-001_lib/ATP-VSW-DOCK_HTVS_1-001_lib,CN(Cc1sc2ccccc2c1NCc1cccc(C[NH+](C)C)c1)C(=O)[C@H](Cl)c1ccccc1,CN(Cc1sc2ccccc2c1NCc1cccc(C[NH+](C)C)c1)C(=O)C(Cl)c1ccccc1,O=C(Cc1ccccc1)NCc1sc2ccccc2c1NCc1ccccc1,C28H31ClN3OS+,1.0,34.0,65.0,1.0,0d0045b198f1d090922e6082aa5bca2a880e8f544a25f72c8e9a04ee3277ef54,-4.49121683703249,-62.2757712221944,-0.132094612853897,2,2,2,matched,complete
ATP-HTVS-8313972BDCAD,69219,rxn512c____EMOL24630243____EMOL523944____EMOL2873214,69219-2,373,运行/运行/ATP-VSW/ATP-VSW-DOCK_HTVS_1-003_lib/ATP-VSW-DOCK_HTVS_1-003_lib.mae,CN(C(=O)c1sc2ccccc2c1NCc1cccc(C[NH+](C)C)c1)[C@H](C#N)c1ccccc1,CN(C(=O)c1sc2ccccc2c1NCc1cccc(C[NH+](C)C)c1)C(C#N)c1ccccc1,O=C(NCc1ccccc1)c1sc2ccccc2c1NCc1ccccc1,C28H29N4OS+,1.0,34.0,63.0,1.0,b350751a321f0b79de6a8e152532f6a8239218b8d852060fbdf2e333e690af44,-4.11342890582325,-48.478677428043,-0.120983203112449,2,2,2,matched,complete
ATP-HTVS-83530B88E656,71585,rxn512c____EMOL884318____EMOL523944____EMOL2873214,71585-2,1390,运行/运行/ATP-VSW/ATP-VSW-DOCK_HTVS_1-001_lib/ATP-VSW-DOCK_HTVS_1-001_lib,COC(=O)c1ccc(N(C)C(=O)c2sc3ccccc3c2NCc2cccc(CN(C)C)c2)cc1,COC(=O)c1ccc(N(C)C(=O)c2sc3ccccc3c2NCc2cccc(CN(C)C)c2)cc1,O=C(Nc1ccccc1)c1sc2ccccc2c1NCc1ccccc1,C28H29N3O3S,0.0,35.0,64.0,1.0,9c505708a4a8b522f8126645a64fa87dfb79d62cce447b7d8d461c199deed3d6,-1.07559731526357,-41.6711770656472,-0.0307313518646734,1,1,1,matched,complete
ATP-HTVS-8365FF7884A6,64321,m_269862bba____11568786____13192834,64321-2,29,运行/运行/ATP-VSW/ATP-VSW-DOCK_HTVS_1-001_lib/ATP-VSW-DOCK_HTVS_1-001_lib,OCc1ccc(C[NH2+][C@@H](c2ccccn2)c2cc3ccccc3o2)cc1,OCc1ccc(C[NH2+]C(c2ccccn2)c2cc3ccccc3o2)cc1,c1ccc(C[NH2+]C(c2ccccn2)c2cc3ccccc3o2)cc1,C22H21N2O2+,1.0,26.0,47.0,1.0,02faa5cfb541667c69621475224d2c1ab56ce9403a177ba12acfe78c79be1d65,-5.64828858454572,-68.0057644325372,-0.217241868636374,4,4,4,matched,complete
ATP-HTVS-83768D529230,81825,rxn512b____EMOL477532____EMOL15801711____EMOL50155899,81825-1,20,运行/运行/ATP-VSW/ATP-VSW-DOCK_HTVS_1-001_lib/ATP-VSW-DOCK_HTVS_1-001_lib,C[NH+](C)Cc1ccc(CNc2csc(CC(=O)Nc3ccccc3)c2)cc1,C[NH+](C)Cc1ccc(CNc2csc(CC(=O)Nc3ccccc3)c2)cc1,O=C(Cc1cc(NCc2ccccc2)cs1)Nc1ccccc1,C22H26N3OS+,1.0,27.0,53.0,1.0,778819cfecba440f316f9276629f2efdef2fb83cdffa710dca5b3b2f90a13a60,-5.83755543127655,-62.0989872418523,-0.216205756713946,2,2,2,matched,complete
ATP-HTVS-837D7A211A0E,67522,m_282030aaa____21928106____22360182____21950844,67522-1,982,运行/运行/ATP-VSW/ATP-VSW-DOCK_HTVS_1-002_lib.maegz,CC[N@@H+](C)Cc1cccc(CNc2nc(NCc3cccc(COC)c3)c3ccccc3[nH+]2)c1,CC[NH+](C)Cc1cccc(CNc2nc(NCc3cccc(COC)c3)c3ccccc3[nH+]2)c1,c1ccc(CNc2nc(NCc3ccccc3)c3ccccc3[nH+]2)cc1,C28H35N5O+2,2.0,34.0,69.0,1.0,af23275bee09749c66829016ecbafb0583bed824928aec2b36f405629ee7e914,-2.48290298083652,-12.7737663363053,-0.0730265582598975,1,1,1,matched,complete
ATP-HTVS-83F3A5AEE880,84835,rxn502b____EMOL331054254____EMOL13728749____EMOL24630243,84835-3,487,运行/运行/ATP-VSW/ATP-VSW-DOCK_HTVS_1-003_lib/ATP-VSW-DOCK_HTVS_1-003_lib.mae,CN(C)[C@@H](C(=O)Nc1c(N(C)[C@H](C#N)c2ccccc2)cnc2ccccc12)c1ccc(Cl)cc1,CN(C)C(C(=O)Nc1c(N(C)C(C#N)c2ccccc2)cnc2ccccc12)c1ccc(Cl)cc1,O=C(Cc1ccccc1)Nc1c(NCc2ccccc2)cnc2ccccc12,C28H26ClN5O,0.0,35.0,61.0,1.0,57bae5e890b75832bf46e79634fbdf004ec757e0d91cf064812385e0414fec95,-3.832317397121,-45.1084450923381,-0.109494782774886,11,11,11,matched,complete
ATP-HTVS-83F819F668B2,38177,m_270004bbb____8288996____7547738,38177-1,194,运行/运行/ATP-VSW/ATP-VSW-DOCK_HTVS_1-001_lib/ATP-VSW-DOCK_HTVS_1-001_lib,c1ccc(-n2cc(C[NH2+]Cc3ccc(C[NH+]4CCCC4)cc3)c(-c3cccnc3)n2)cc1,c1ccc(-n2cc(C[NH2+]Cc3ccc(C[NH+]4CCCC4)cc3)c(-c3cccnc3)n2)cc1,c1ccc(-n2cc(C[NH2+]Cc3ccc(C[NH+]4CCCC4)cc3)c(-c3cccnc3)n2)cc1,C27H31N5+2,2.0,32.0,63.0,1.0,abb2d7ad63d7ba779f8e7f89bacac8b25f3520624a94b30a54077fe582d27325,-4.65765628534695,-70.2812593877612,-0.145551758917092,3,3,3,matched,complete
ATP-HTVS-83F93451062F,20931,Shen____81861399____24192957____54629193,20931-1,799,运行/运行/ATP-VSW/ATP-VSW-DOCK_HTVS_1-003_lib/ATP-VSW-DOCK_HTVS_1-003_lib.mae,Cc1ccc(CCc2cc([C@](C)(OC(N)=O)c3ccccc3)n(-c3ccc(N)c([S-])c3)n2)cc1,Cc1ccc(CCc2cc(C(C)(OC(N)=O)c3ccccc3)n(-c3ccc(N)c([S-])c3)n2)cc1,c1ccc(CCc2cc(Cc3ccccc3)n(-c3ccccc3)n2)cc1,C27H27N4O2S-,-1.0,34.0,61.0,1.0,af058a8da7e775740e75b938447d7ae638664ce90498bac2997b2c2f29eeff86,-2.94361589478714,-36.0407206486403,-0.0865769380819747,6,6,6,matched,complete
ATP-HTVS-8409CD5E0FE2,36418,m_270004bbb____12219716____7547528,36418-1,271,运行/运行/ATP-VSW/ATP-VSW-DOCK_HTVS_1-002_lib.maegz,COc1ccccc1C[NH2+]C[C@H]1c2ccccc2C(=O)N1Cc1ccccc1,COc1ccccc1C[NH2+]CC1c2ccccc2C(=O)N1Cc1ccccc1,O=C1c2ccccc2C(C[NH2+]Cc2ccccc2)N1Cc1ccccc1,C24H25N2O2+,1.0,28.0,53.0,1.0,abfb23b8de7bc1d3ebade3ec22224260b58bf1d429867ced2cc213fc9c75a4ab,-4.45251687073815,-49.945879496096,-0.15901845966922,4,4,4,matched,complete
ATP-HTVS-842E20B26D61,12419,a1____35420____398704,12419-2,205,运行/运行/ATP-VSW/ATP-VSW-DOCK_HTVS_1-003_lib/ATP-VSW-DOCK_HTVS_1-003_lib.mae,C[NH+](C)C[C@@H](NC(=O)Cc1nn(Cc2ccccc2)c(=O)c2ccccc12)c1ccccc1,C[NH+](C)CC(NC(=O)Cc1nn(Cc2ccccc2)c(=O)c2ccccc12)c1ccccc1,O=C(Cc1nn(Cc2ccccc2)c(=O)c2ccccc12)NCc1ccccc1,C27H29N4O2+,1.0,33.0,62.0,1.0,8e9ec1bb00e0cd639e117500b1c37c891a3ae0c94da429a2c413a2848b04d147,-4.65100043510243,-51.1189669341676,-0.140939407124316,4,4,4,matched,complete
ATP-HTVS-84AF7025C22A,80514,rxn501c____EMOL5415347____EMOL36251210____EMOL109726415,80514-1,207,运行/运行/ATP-VSW/ATP-VSW-DOCK_HTVS_1-002_lib.maegz,Cc1c(N)cccc1-c1ccnc(NC(=O)c2ccccc2C[NH+](C)C)c1C(=O)c1ccccc1,Cc1c(N)cccc1-c1ccnc(NC(=O)c2ccccc2C[NH+](C)C)c1C(=O)c1ccccc1,O=C(Nc1nccc(-c2ccccc2)c1C(=O)c1ccccc1)c1ccccc1,C29H29N4O2+,1.0,35.0,64.0,1.0,fcd1b4a23dceb4f5d5790bc790cdceaa849c2f0dc908e16db4f7c8e0f9d79dc3,-4.63953362123763,-57.5977598532725,-0.132558103463932,2,2,2,matched,complete
ATP-HTVS-84B0A2EEAAE5,32771,m_282030aaa____21894442____22360182____21967972,32771-1,347,运行/运行/ATP-VSW/ATP-VSW-DOCK_HTVS_1-003_lib/ATP-VSW-DOCK_HTVS_1-003_lib.mae,CN(CC(=O)NCc1ccccc1)c1nc(NCCc2ccc(C[NH+](C)C)cc2)c2ccccc2[nH+]1,CN(CC(=O)NCc1ccccc1)c1nc(NCCc2ccc(C[NH+](C)C)cc2)c2ccccc2[nH+]1,O=C(CNc1nc(NCCc2ccccc2)c2ccccc2[nH+]1)NCc1ccccc1,C29H36N6O+2,2.0,36.0,72.0,1.0,f9f5cf15224e4f99e16fcbd0a70a531b81079e7b6023f4a96a775167acd78f6e,-4.20457787107913,-58.70738819508,-0.116793829752198,3,3,3,matched,complete
ATP-HTVS-84B7FD2F846A,21121,m_282030aaa____21931274____22360182____21940090,21121-1,550,运行/运行/ATP-VSW/ATP-VSW-DOCK_HTVS_1-001_lib/ATP-VSW-DOCK_HTVS_1-001_lib,CN(Cc1ccccc1)c1nc(NCc2cccc(C[NH+](C)C)c2)[nH+]c2ccccc12,CN(Cc1ccccc1)c1nc(NCc2cccc(C[NH+](C)C)c2)[nH+]c2ccccc12,c1ccc(CNc2nc(NCc3ccccc3)c3ccccc3[nH+]2)cc1,C26H31N5+2,2.0,31.0,62.0,1.0,a663652dc389a167dc834d6fbe6dee7f6165b35dd99cd2de1aaa22f5b38d5903,-3.71237336752773,-48.711992875241,-0.119753979597669,1,1,1,matched,complete
ATP-HTVS-84C0F320BB18,20865,N-ArylationHeterocycle____206845508____45772004,20865-1,132,运行/运行/ATP-VSW/ATP-VSW-DOCK_HTVS_1-001_lib/ATP-VSW-DOCK_HTVS_1-001_lib,O/N=C(/Cc1nc2ccccc2n1/C=C/c1ccc(F)cc1)c1ccccc1,ON=C(Cc1nc2ccccc2n1C=Cc1ccc(F)cc1)c1ccccc1,N=C(Cc1nc2ccccc2n1C=Cc1ccccc1)c1ccccc1,C23H18FN3O,0.0,28.0,46.0,1.0,82fe2ee94fd6157eb88df13bf755c4c0388c47f39f3867e3afbd5f40a8baed17,-4.87355304658918,-51.1261141694905,-0.174055465949614,1,1,1,matched,complete
ATP-HTVS-8521C9576B2F,26626,m_269862bba____12219714____15158006,26626-4,132,运行/运行/ATP-VSW/ATP-VSW-DOCK_HTVS_1-002_lib.maegz,Cc1ccc([C@H]([NH2+]C[C@H]2c3ccccc3C(=O)N2Cc2ccccc2)[C@H](C)O)cc1,Cc1ccc(C([NH2+]CC2c3ccccc3C(=O)N2Cc2ccccc2)C(C)O)cc1,O=C1c2ccccc2C(C[NH2+]Cc2ccccc2)N1Cc1ccccc1,C26H29N2O2+,1.0,30.0,59.0,1.0,f0c47d1a871dd0081cb1bada0f16fc8211df7e231ce438345756f42d8a222a86,-4.97652262939337,-60.5237635181334,-0.165884087646446,8,8,8,matched,complete
ATP-HTVS-85577F90127E,51907,m_282030aaa____21932362____23157418____21968946,51907-1,596,运行/运行/ATP-VSW/ATP-VSW-DOCK_HTVS_1-003_lib/ATP-VSW-DOCK_HTVS_1-003_lib.mae,C[C@@H](Nc1nc2ccccc2nc1NCc1ccc(F)c(C[NH+](C)C)c1)c1ccc(N(C)C)cc1,CC(Nc1nc2ccccc2nc1NCc1ccc(F)c(C[NH+](C)C)c1)c1ccc(N(C)C)cc1,c1ccc(CNc2nc3ccccc3nc2NCc2ccccc2)cc1,C28H34FN6+,1.0,35.0,69.0,1.0,51310328ac2eb8819a13c516b19d8eb0d01a94809d83b00c4ef97b1b4eb1f41a,-3.55311571776964,-48.5487339267409,-0.101517591936275,1,1,1,matched,complete
ATP-HTVS-8567A07E89C1,63170,m_270004bbb____24792678____7548510,63170-2,973,运行/运行/ATP-VSW/ATP-VSW-DOCK_HTVS_1-002_lib.maegz,CC(C)Oc1cccc(CNCc2cn(C)nc2OCc2ccccc2)c1,CC(C)Oc1cccc(CNCc2cn(C)nc2OCc2ccccc2)c1,c1ccc(CNCc2c[nH]nc2OCc2ccccc2)cc1,C22H27N3O2,0.0,27.0,54.0,1.0,d31e78deac49b1046904b2564f681af4d9c1388acdf2cb8196194b8cefd5f7a8,-2.50018919377021,-41.7576299783086,-0.092599599769267,2,2,2,matched,complete
ATP-HTVS-85B092CE3CD6,31969,m_270004bbb____12219716____20614926,31969-2,26,运行/运行/ATP-VSW/ATP-VSW-DOCK_HTVS_1-001_lib/ATP-VSW-DOCK_HTVS_1-001_lib,Cc1cc(Cl)c(O)c(C[NH2+]C[C@@H]2c3ccccc3C(=O)N2Cc2ccccc2)c1,Cc1cc(Cl)c(O)c(C[NH2+]CC2c3ccccc3C(=O)N2Cc2ccccc2)c1,O=C1c2ccccc2C(C[NH2+]Cc2ccccc2)N1Cc1ccccc1,C24H24ClN2O2+,1.0,29.0,53.0,1.0,e9aa0c5c2be2271baa018e326b94ac47818c983732a6428529129fcf802b8e1d,-5.69994203184896,-70.5726981459496,-0.196549725236171,6,6,6,matched,complete
ATP-HTVS-85D8FA1817A9,28450,m_2230bdc____17849930____22142522,28450-2,1136,运行/运行/ATP-VSW/ATP-VSW-DOCK_HTVS_1-002_lib.maegz,CCc1ccc(F)cc1CN1CC(=O)Nc2ccccc2[C@@H]1c1ccccc1,CCc1ccc(F)cc1CN1CC(=O)Nc2ccccc2C1c1ccccc1,O=C1CN(Cc2ccccc2)C(c2ccccc2)c2ccccc2N1,C24H23FN2O,0.0,28.0,51.0,1.0,a8f97aa1589cf2dae92ac3b4fabc5cebd98d2a1dd3f4a74939abb4f77ed69e4d,-2.06592112971382,-34.7867621742689,-0.0737828974897792,2,2,2,matched,complete
ATP-HTVS-85E208BF5C05,38787,m_282030aaa____21924698____22360182____21940090,38787-1,146,运行/运行/ATP-VSW/ATP-VSW-DOCK_HTVS_1-003_lib/ATP-VSW-DOCK_HTVS_1-003_lib.mae,C[NH+](C)Cc1cccc(CNc2nc(NCc3c(N)cccc3Cl)[nH+]c3ccccc23)c1,C[NH+](C)Cc1cccc(CNc2nc(NCc3c(N)cccc3Cl)[nH+]c3ccccc23)c1,c1ccc(CNc2nc(NCc3ccccc3)c3ccccc3[nH+]2)cc1,C25H29ClN6+2,2.0,32.0,61.0,1.0,2e44700b2e31a406e1ac5641e89b233154bf1c34fa9fa104c56464fd3dd9f8db,-4.89150687801089,-66.4369782962791,-0.15285958993784,3,3,3,matched,complete
ATP-HTVS-8667D2FB5617,48353,m_282030aaa____21905842____22360182____21940090,48353-1,79,运行/运行/ATP-VSW/ATP-VSW-DOCK_HTVS_1-001_lib/ATP-VSW-DOCK_HTVS_1-001_lib,C[NH+](C)Cc1cccc(CNc2nc(NCc3ccc(F)c(CO)c3)c3ccccc3[nH+]2)c1,C[NH+](C)Cc1cccc(CNc2nc(NCc3ccc(F)c(CO)c3)c3ccccc3[nH+]2)c1,c1ccc(CNc2nc(NCc3ccccc3)c3ccccc3[nH+]2)cc1,C26H30FN5O+2,2.0,33.0,63.0,1.0,c7b63adbd678e96f38da48647143bfcb973948220d1ccdc163253984163bf621,-5.117556133224,-60.6377754227468,-0.155077458582546,3,3,3,matched,complete
ATP-HTVS-866AD4D93294,90531,rxn514b____EMOL483896____EMOL1836585____EMOL975590,90531-1,312,运行/运行/ATP-VSW/ATP-VSW-DOCK_HTVS_1-003_lib/ATP-VSW-DOCK_HTVS_1-003_lib.mae,C[NH+](C)Cc1ccccc1Nc1ccsc1C(=O)N(CCO)c1ccccc1,C[NH+](C)Cc1ccccc1Nc1ccsc1C(=O)N(CCO)c1ccccc1,O=C(Nc1ccccc1)c1sccc1Nc1ccccc1,C22H26N3O2S+,1.0,28.0,54.0,1.0,d621ccbc8fc4c387e8111a1cf9de4298161db1ef64c8d66d6caeb1b01d9e636a,-4.31974923306793,-52.1085787730958,-0.154276758323855,2,2,2,matched,complete
ATP-HTVS-86939B89774E,41027,m_2230bdc____17849930____13779374,41027-1,1349,运行/运行/ATP-VSW/ATP-VSW-DOCK_HTVS_1-003_lib/ATP-VSW-DOCK_HTVS_1-003_lib.mae,Cc1cccc(CN2CC(=O)Nc3ccccc3[C@H]2c2ccccc2)c1[N+](=O)[O-],Cc1cccc(CN2CC(=O)Nc3ccccc3C2c2ccccc2)c1[N+](=O)[O-],O=C1CN(Cc2ccccc2)C(c2ccccc2)c2ccccc2N1,C23H21N3O3,0.0,29.0,50.0,1.0,742cf0736a6a499d9e81ae6411e5253bfdc861550377901062fb6e83beceae06,-1.33205607693031,-32.4898982238822,-0.0459329681700106,2,2,2,matched,complete
ATP-HTVS-869F8AF38162,90401,rxn502b____EMOL18624763____EMOL4363915____EMOL18628026,90401-2,25,运行/运行/ATP-VSW/ATP-VSW-DOCK_HTVS_1-001_lib/ATP-VSW-DOCK_HTVS_1-001_lib,C[NH+](C)Cc1ccc(C(=O)Nc2ncc(N[C@H](C#N)Cc3ccccc3)cc2-n2cccc2)cc1,C[NH+](C)Cc1ccc(C(=O)Nc2ncc(NC(C#N)Cc3ccccc3)cc2-n2cccc2)cc1,O=C(Nc1ncc(NCCc2ccccc2)cc1-n1cccc1)c1ccccc1,C28H29N6O+,1.0,35.0,64.0,1.0,070c5e88ec9bd8381890ffa319ec4af352aafb6f8c19d16c08607a8d1489bb20,-5.74701459234187,-73.261375537131,-0.164200416924053,4,4,4,matched,complete
ATP-HTVS-86B60B8C3F13,91042,rxn502a____EMOL480353____EMOL42780653____EMOL2873214,91042-2,194,运行/运行/ATP-VSW/ATP-VSW-DOCK_HTVS_1-002_lib.maegz,Cc1[nH+]ccc(NC(=O)c2ccccc2)c1NCc1cccc(C[NH+](C)C)c1,Cc1[nH+]ccc(NC(=O)c2ccccc2)c1NCc1cccc(C[NH+](C)C)c1,O=C(Nc1cc[nH+]cc1NCc1ccccc1)c1ccccc1,C23H28N4O+2,2.0,28.0,56.0,1.0,92d1488285ba26305c77b8e213f27ead2d49f1eda6b8139781deba633da98dde,-4.69609106885546,-71.0801661443041,-0.167717538173409,4,4,4,matched,complete
ATP-HTVS-86C3058B81C7,98306,rxn514b____EMOL17149431____EMOL39928332____EMOL975590,98306-2,286,运行/运行/ATP-VSW/ATP-VSW-DOCK_HTVS_1-003_lib/ATP-VSW-DOCK_HTVS_1-003_lib.mae,C[C@@H](c1ccccc1)N(C)C(=O)c1cc(Nc2ccccc2C[NH+](C)C)ccn1,CC(c1ccccc1)N(C)C(=O)c1cc(Nc2ccccc2C[NH+](C)C)ccn1,O=C(NCc1ccccc1)c1cc(Nc2ccccc2)ccn1,C24H29N4O+,1.0,29.0,58.0,1.0,2671d4e4948c5ebf398ea0f9aa29d41c02e5a49763c2eed882ca9d8a4f53a6a4,-4.38734613859549,-54.6199871247795,-0.151287797882603,4,4,4,matched,complete
ATP-HTVS-86DDC209E59E,63042,m_270004bbb____24792678____24720692,63042-1,133,运行/运行/ATP-VSW/ATP-VSW-DOCK_HTVS_1-002_lib.maegz,CCc1cc(C[NH2+]Cc2cn(C)nc2OCc2ccccc2)ccc1F,CCc1cc(C[NH2+]Cc2cn(C)nc2OCc2ccccc2)ccc1F,c1ccc(C[NH2+]Cc2c[nH]nc2OCc2ccccc2)cc1,C21H25FN3O+,1.0,26.0,51.0,1.0,b5fc9e93022c6e5d504d5407b071dee46c70ec616b6c3a3657a1078666af784e,-4.96699344701445,-55.5548287954154,-0.191038209500556,1,1,1,matched,complete
ATP-HTVS-87B93A696720,77730,rxn502b____EMOL18624763____EMOL44466703____EMOL6255027,77730-1,393,运行/运行/ATP-VSW/ATP-VSW-DOCK_HTVS_1-002_lib.maegz,CN(CC(=O)N(C)c1ccccc1)c1cc2ccccc2nc1NC(=O)c1ccc(C[NH+](C)C)cc1,CN(CC(=O)N(C)c1ccccc1)c1cc2ccccc2nc1NC(=O)c1ccc(C[NH+](C)C)cc1,O=C(CNc1cc2ccccc2nc1NC(=O)c1ccccc1)Nc1ccccc1,C29H32N5O2+,1.0,36.0,68.0,1.0,6f9e45c560bcf756f22af8538e60ab52d26950a8b89812a437567da851c7323d,-4.12205411178146,-58.1879220404748,-0.114501503105041,2,2,2,matched,complete
ATP-HTVS-87F6BDFAEB44,451,YAS_R004____OTV1106784____OTV7113231893____OTV7020431351,451-1,98,运行/运行/ATP-VSW/ATP-VSW-DOCK_HTVS_1-003_lib/ATP-VSW-DOCK_HTVS_1-003_lib.mae,C[NH+](C)[C@@H](CNc1cc(COc2ccccc2)[nH]c2cc(=O)ccc1-2)c1ccc(F)cc1,C[NH+](C)C(CNc1cc(COc2ccccc2)[nH]c2cc(=O)ccc1-2)c1ccc(F)cc1,O=c1ccc2c(NCCc3ccccc3)cc(COc3ccccc3)[nH]c-2c1,C26H27FN3O2+,1.0,32.0,59.0,1.0,7b0aca0db6e35b16aea6b063be89de69e14570450ef864efe9320380099b39fd,-5.11291456585507,-60.1490988008867,-0.159778580182971,4,4,4,matched,complete
ATP-HTVS-8843DC2573F9,5091,YAS_R012____OTV5753507____OTV1500436____OTV7020431351,5091-2,166,运行/运行/ATP-VSW/ATP-VSW-DOCK_HTVS_1-003_lib/ATP-VSW-DOCK_HTVS_1-003_lib.mae,C[NH+](C)[C@H](CNC(=O)c1cc(=O)c2ccccc2n1C[C@H](O)c1ccccc1)c1ccc(F)cc1,C[NH+](C)C(CNC(=O)c1cc(=O)c2ccccc2n1CC(O)c1ccccc1)c1ccc(F)cc1,O=C(NCCc1ccccc1)c1cc(=O)c2ccccc2n1CCc1ccccc1,C28H29FN3O3+,1.0,35.0,64.0,1.0,b61e7cbe11f44644559411f4bf4c911a60c3f0d4de818de6a59cbf2bc9e922e7,-4.80139620770383,-59.3487955725046,-0.137182748791538,8,8,8,matched,complete
ATP-HTVS-88509AB3E069,48258,m_282030aaa____21928106____22360182____21940090,48258-1,471,运行/运行/ATP-VSW/ATP-VSW-DOCK_HTVS_1-002_lib.maegz,COCc1cccc(CNc2nc(NCc3cccc(C[NH+](C)C)c3)[nH+]c3ccccc23)c1,COCc1cccc(CNc2nc(NCc3cccc(C[NH+](C)C)c3)[nH+]c3ccccc23)c1,c1ccc(CNc2nc(NCc3ccccc3)c3ccccc3[nH+]2)cc1,C27H33N5O+2,2.0,33.0,66.0,1.0,fe9d005fd5f36903784fb42336b203e5930e366d8f18860bb9c7b790132ebbbc,-3.91429947815711,-51.3785627791246,-0.118615135701731,2,2,2,matched,complete
ATP-HTVS-8884805DC746,43842,m_282030aaa____21919794____22360182____21939754,43842-3,1070,运行/运行/ATP-VSW/ATP-VSW-DOCK_HTVS_1-002_lib.maegz,CC(C)Nc1cccc(CNc2nc(NCc3ccc(C#N)cc3)nc3ccccc23)c1,CC(C)Nc1cccc(CNc2nc(NCc3ccc(C#N)cc3)nc3ccccc23)c1,c1ccc(CNc2nc(NCc3ccccc3)c3ccccc3n2)cc1,C26H26N6,0.0,32.0,58.0,1.0,b82b98ef76bce8f280a6b0bb23efa8e3fe6c4a4917b17ec6f1af3312b2ab5d7f,-2.27199096008959,-53.0153525136807,-0.0709997175027998,1,1,1,matched,complete
ATP-HTVS-8892C512F7BC,71491,rxn502b____EMOL18624763____EMOL7515103____EMOL37359883,71491-1,611,运行/运行/ATP-VSW/ATP-VSW-DOCK_HTVS_1-003_lib/ATP-VSW-DOCK_HTVS_1-003_lib.mae,C[NH+](C)Cc1ccc(C(=O)Nc2ncc(N(CC#N)c3ccc(Cl)cc3)c3ccccc23)cc1,C[NH+](C)Cc1ccc(C(=O)Nc2ncc(N(CC#N)c3ccc(Cl)cc3)c3ccccc23)cc1,O=C(Nc1ncc(Nc2ccccc2)c2ccccc12)c1ccccc1,C27H25ClN5O+,1.0,34.0,59.0,1.0,400caae074938db991472f55dd35aba7edf41f8fdd2c86d33a88c7671924db57,-3.52094598678312,-49.2497722643159,-0.103557234905386,2,2,2,matched,complete
ATP-HTVS-88F2ADA8327D,84033,rxn502b____EMOL70144015____EMOL30488121____EMOL24630243,84033-1,268,运行/运行/ATP-VSW/ATP-VSW-DOCK_HTVS_1-001_lib/ATP-VSW-DOCK_HTVS_1-001_lib,CN(c1c(NC(=O)c2ccc(OCC[NH+](C)C)cc2)c[nH+]c2ccccc12)[C@@H](C#N)c1ccccc1,CN(c1c(NC(=O)c2ccc(OCC[NH+](C)C)cc2)c[nH+]c2ccccc12)C(C#N)c1ccccc1,O=C(Nc1c[nH+]c2ccccc2c1NCc1ccccc1)c1ccccc1,C29H31N5O2+2,2.0,36.0,67.0,1.0,f51fc20fb6c2e7337c1b1c842739608fa000294656a7438525b8f8741d877377,-4.44922561351867,-61.3144715659559,-0.123589600375519,6,6,6,matched,complete
ATP-HTVS-891CD438FA2D,65635,m_11bba____22174476____214826,65635-3,936,运行/运行/ATP-VSW/ATP-VSW-DOCK_HTVS_1-003_lib/ATP-VSW-DOCK_HTVS_1-003_lib.mae,CC[N@@H+](C)c1ccccc1CNC(=O)Cn1c(COc2ccccc2)nc2ccccc21,CC[NH+](C)c1ccccc1CNC(=O)Cn1c(COc2ccccc2)nc2ccccc21,O=C(Cn1c(COc2ccccc2)nc2ccccc21)NCc1ccccc1,C26H29N4O2+,1.0,32.0,61.0,1.0,2b4de08ea0c0bdb44e96812bb6e4d73d0e19970e81cfccfdacc06a09a7df9b8d,-2.59995777661064,-57.5015427586215,-0.0812486805190824,1,1,1,matched,complete
ATP-HTVS-892E5C6BD7E4,94849,rxn512b____EMOL712348____EMOL719673____EMOL17023805,94849-1,862,运行/运行/ATP-VSW/ATP-VSW-DOCK_HTVS_1-001_lib/ATP-VSW-DOCK_HTVS_1-001_lib,CCN(Cc1ccccc1C)c1c(C(=O)N(CC#N)c2ccccc2)[nH]c2ccccc12,CCN(Cc1ccccc1C)c1c(C(=O)N(CC#N)c2ccccc2)[nH]c2ccccc12,O=C(Nc1ccccc1)c1[nH]c2ccccc2c1NCc1ccccc1,C27H26N4O,0.0,32.0,58.0,1.0,e7e8436452edaef2abc4713bb925d759d193f4ffd96df5f7d4eff8cef403cc07,-2.82877717099983,-32.4235533531421,-0.0883992865937446,1,1,1,matched,complete
ATP-HTVS-89495CC893EC,89889,rxn102c____EMOL1087657____EMOL725234,89889-2,786,运行/运行/ATP-VSW/ATP-VSW-DOCK_HTVS_1-001_lib/ATP-VSW-DOCK_HTVS_1-001_lib,CN1CCN(c2ccccc2CNc2nc3ccccc3nc2-c2ccccc2)CC1,CN1CCN(c2ccccc2CNc2nc3ccccc3nc2-c2ccccc2)CC1,c1ccc(-c2nc3ccccc3nc2NCc2ccccc2N2CCNCC2)cc1,C26H27N5,0.0,31.0,58.0,1.0,cb00b3976384ee5f578454e61052b19c4e742e2a469b9f459a87b0c137318390,-3.04680898488259,-41.2691872143553,-0.0982841608026644,1,1,1,matched,complete
ATP-HTVS-894F1E46B14F,48034,m_282030aaa____21926464____22360182____21963750,48034-1,442,运行/运行/ATP-VSW/ATP-VSW-DOCK_HTVS_1-002_lib.maegz,C[NH+](C)Cc1ccc(CCNc2nc(NCC(=O)NCc3ccccc3)c3ccccc3[nH+]2)cc1,C[NH+](C)Cc1ccc(CCNc2nc(NCC(=O)NCc3ccccc3)c3ccccc3[nH+]2)cc1,O=C(CNc1nc(NCCc2ccccc2)[nH+]c2ccccc12)NCc1ccccc1,C28H34N6O+2,2.0,35.0,69.0,1.0,d8f929243801e35f6b5cd292dd0bef4a23717d57c3ca53b5e1b2e7bece07c551,-3.9960269719394,-62.6432516315479,-0.114172199198269,2,2,2,matched,complete
ATP-HTVS-896D1EC960E1,28451,m_2230bdc____17849930____22384736,28451-1,1251,运行/运行/ATP-VSW/ATP-VSW-DOCK_HTVS_1-003_lib/ATP-VSW-DOCK_HTVS_1-003_lib.mae,CCc1cc(CN2CC(=O)Nc3ccccc3[C@H]2c2ccccc2)ccc1F,CCc1cc(CN2CC(=O)Nc3ccccc3C2c2ccccc2)ccc1F,O=C1CN(Cc2ccccc2)C(c2ccccc2)c2ccccc2N1,C24H23FN2O,0.0,28.0,51.0,1.0,d3012d773c8c4b4429b3c8e76c94643ed4978eca9001a272532ef98e4e73b824,-1.70708224199109,-32.6338711387799,-0.0609672229282533,2,2,2,matched,complete
ATP-HTVS-898AE5CA69D9,41922,m_282030aaa____21928408____22360182____21950844,41922-3,1418,运行/运行/ATP-VSW/ATP-VSW-DOCK_HTVS_1-002_lib.maegz,CCN(C)Cc1cccc(CNc2nc(NCc3cccc(C)c3)[nH+]c3ccccc23)c1,CCN(C)Cc1cccc(CNc2nc(NCc3cccc(C)c3)[nH+]c3ccccc23)c1,c1ccc(CNc2nc(NCc3ccccc3)c3ccccc3[nH+]2)cc1,C27H32N5+,1.0,32.0,64.0,1.0,359b6d6ff4f476ac85577bc4a796167cf6a1d2bc3f48a5b92c1e03a01f85e7e3,-0.632866293840059,-37.7642100166445,-0.0197770716825019,1,1,1,matched,complete
ATP-HTVS-89936433B7DC,96034,rxn512b____EMOL490712____EMOL720738____EMOL50155899,96034-1,255,运行/运行/ATP-VSW/ATP-VSW-DOCK_HTVS_1-003_lib/ATP-VSW-DOCK_HTVS_1-003_lib.mae,C[NH+](C)Cc1ccc(CNc2csc(C(=O)NCc3ccc(Cl)cc3)c2)cc1,C[NH+](C)Cc1ccc(CNc2csc(C(=O)NCc3ccc(Cl)cc3)c2)cc1,O=C(NCc1ccccc1)c1cc(NCc2ccccc2)cs1,C22H25ClN3OS+,1.0,28.0,53.0,1.0,2095c274568de6ac5e01b9e219934e67f77da8c4c641709b252b4fd2ccefbc13,-4.48006968537548,-53.2513565606298,-0.16000248876341,2,2,2,matched,complete
ATP-HTVS-89F3E6A1D8C1,75298,rxn102c____EMOL1087657____EMOL2873068,75298-1,275,运行/运行/ATP-VSW/ATP-VSW-DOCK_HTVS_1-002_lib.maegz,C[NH+](C)Cc1ccc(Nc2nc3ccccc3nc2-c2ccccc2)cc1,C[NH+](C)Cc1ccc(Nc2nc3ccccc3nc2-c2ccccc2)cc1,c1ccc(Nc2nc3ccccc3nc2-c2ccccc2)cc1,C23H23N4+,1.0,27.0,50.0,1.0,1ae344503cf01f756c37ce65f7e097a5c8b9ec94f578d4fef7f3445e1a8ba89c,-4.44180638518081,-50.3294943921767,-0.164511347599289,2,2,2,matched,complete
ATP-HTVS-8A7A96DBFC1E,81218,rxn102b____EMOL32179295____EMOL50155899,81218-1,171,运行/运行/ATP-VSW/ATP-VSW-DOCK_HTVS_1-002_lib.maegz,C[NH+](C)Cc1ccc(CNc2cnc(N)c(OCc3ccccc3)n2)cc1,C[NH+](C)Cc1ccc(CNc2cnc(N)c(OCc3ccccc3)n2)cc1,c1ccc(CNc2cncc(OCc3ccccc3)n2)cc1,C21H26N5O+,1.0,27.0,53.0,1.0,1acf0640e243c59f6199daae4ff5cbd19377a32b818011df7aec8263f4bde66f,-4.78532559102007,-56.5871030383247,-0.177234281148891,2,2,2,matched,complete
ATP-HTVS-8A89FEC9078D,30274,m_282030aaa____21926588____23157418____21968946,30274-2,1058,运行/运行/ATP-VSW/ATP-VSW-DOCK_HTVS_1-002_lib.maegz,CN(C)Cc1cc(CNc2nc3ccccc3nc2N(C)Cc2ccccc2[N+](=O)[O-])ccc1F,CN(C)Cc1cc(CNc2nc3ccccc3nc2N(C)Cc2ccccc2[N+](=O)[O-])ccc1F,c1ccc(CNc2nc3ccccc3nc2NCc2ccccc2)cc1,C26H27FN6O2,0.0,35.0,62.0,1.0,fbbbaf44a4b647b59c10ac0cca65a6e9a2140269f180c96d6ac5feb6137e6e57,-2.30937731399655,-49.9335676499551,-0.0659822089713299,1,1,1,matched,complete
ATP-HTVS-8B2F0F11D1D9,80515,rxn501c____EMOL18624763____EMOL36251210____EMOL299978170,80515-1,449,运行/运行/ATP-VSW/ATP-VSW-DOCK_HTVS_1-003_lib/ATP-VSW-DOCK_HTVS_1-003_lib.mae,Cc1ccc(-c2ccnc(NC(=O)c3ccc(C[NH+](C)C)cc3)c2C(=O)c2ccccc2)cc1N,Cc1ccc(-c2ccnc(NC(=O)c3ccc(C[NH+](C)C)cc3)c2C(=O)c2ccccc2)cc1N,O=C(Nc1nccc(-c2ccccc2)c1C(=O)c1ccccc1)c1ccccc1,C29H29N4O2+,1.0,35.0,64.0,1.0,9ddff4af2e224f869325462990c2e9cb3cd2bcfb5912f75c4424f9feb43926d1,-3.90926623222998,-54.4741507180224,-0.111693320920857,2,2,2,matched,complete
ATP-HTVS-8B5B7778DF28,95554,rxn502a____EMOL18624763____EMOL48574100____EMOL712348,95554-1,486,运行/运行/ATP-VSW/ATP-VSW-DOCK_HTVS_1-003_lib/ATP-VSW-DOCK_HTVS_1-003_lib.mae,C[NH+](C)Cc1ccc(C(=O)Nc2cc(F)c(N(CC#N)c3ccccc3)cn2)cc1,C[NH+](C)Cc1ccc(C(=O)Nc2cc(F)c(N(CC#N)c3ccccc3)cn2)cc1,O=C(Nc1ccc(Nc2ccccc2)cn1)c1ccccc1,C23H23FN5O+,1.0,30.0,53.0,1.0,7447cfda7eae2d7a3ccf7113b831f708e541ec1b2960db45ce2fbb744699a5ec,-3.83445232620567,-46.3591898960815,-0.127815077540189,2,2,2,matched,complete
ATP-HTVS-8BC83C5D0DE9,33889,m_282030aaa____21931164____22360182____21945542,33889-3,1249,运行/运行/ATP-VSW/ATP-VSW-DOCK_HTVS_1-001_lib/ATP-VSW-DOCK_HTVS_1-001_lib,CN(C)c1ccccc1CNc1nc(NCc2ccc(C[NH+](C)C)cc2)c2ccccc2n1,CN(C)c1ccccc1CNc1nc(NCc2ccc(C[NH+](C)C)cc2)c2ccccc2n1,c1ccc(CNc2nc(NCc3ccccc3)c3ccccc3n2)cc1,C27H33N6+,1.0,33.0,66.0,1.0,3ff159f545ecacd14807f0cbb6f2851099d500975f90fc8b240023ac7cde061a,-1.74762747950328,-54.3636593702527,-0.0529584084697962,1,1,1,matched,complete
ATP-HTVS-8BE0537C7CD3,54531,m_282030aaa____21916804____22360182____21973156,54531-5,458,运行/运行/ATP-VSW/ATP-VSW-DOCK_HTVS_1-003_lib/ATP-VSW-DOCK_HTVS_1-003_lib.mae,C[C@@H](Nc1nc(NCc2ccccc2C[NH+](C)C)nc2ccccc12)c1ccc(C#N)cc1F,CC(Nc1nc(NCc2ccccc2C[NH+](C)C)nc2ccccc12)c1ccc(C#N)cc1F,c1ccc(CNc2nc(NCc3ccccc3)c3ccccc3n2)cc1,C27H28FN6+,1.0,34.0,62.0,1.0,a4632da2cde897925398bd3f45475d51de2696b026b41e9695a69ade893ba75a,-3.88835833556001,-71.656821873534,-0.114363480457647,6,6,6,matched,complete
ATP-HTVS-8BF32585E280,72579,rxn502b____EMOL535380____EMOL13728749____EMOL44834539,72579-1,398,运行/运行/ATP-VSW/ATP-VSW-DOCK_HTVS_1-003_lib/ATP-VSW-DOCK_HTVS_1-003_lib.mae,Cc1cccc([C@@H](O)CNc2cnc3ccccc3c2NC(=O)[C@H](Br)c2ccccc2)c1,Cc1cccc(C(O)CNc2cnc3ccccc3c2NC(=O)C(Br)c2ccccc2)c1,O=C(Cc1ccccc1)Nc1c(NCCc2ccccc2)cnc2ccccc12,C26H24BrN3O2,0.0,32.0,56.0,1.0,bac8bee79297462c2616537b3f27b7e8439e7586b415dbcda946dc415cc40166,-4.02835975515627,-52.0275428589472,-0.125886242348633,4,4,4,matched,complete
ATP-HTVS-8BFFC6150277,53633,m_282030aaa____21893714____23157418____21970420,53633-1,117,运行/运行/ATP-VSW/ATP-VSW-DOCK_HTVS_1-001_lib/ATP-VSW-DOCK_HTVS_1-001_lib,C[NH+](C)Cc1cc(CNc2nc3ccccc3nc2NCc2cccc(N)c2F)ccc1F,C[NH+](C)Cc1cc(CNc2nc3ccccc3nc2NCc2cccc(N)c2F)ccc1F,c1ccc(CNc2nc3ccccc3nc2NCc2ccccc2)cc1,C25H27F2N6+,1.0,33.0,60.0,1.0,5159471b754f2587069c3aa40d7d3f92ab5e2cd6e734a7c338a52550504139b4,-4.92968303389123,-61.8175961583498,-0.14938433436034,2,2,2,matched,complete
ATP-HTVS-8C1C7F16DF05,82530,rxn502b____EMOL488417____EMOL7515103____EMOL38100949,82530-1,126,运行/运行/ATP-VSW/ATP-VSW-DOCK_HTVS_1-002_lib.maegz,C[NH2+]CCc1ccc(Nc2cnc(NC(=O)Cc3ccccc3F)c3ccccc23)cc1,C[NH2+]CCc1ccc(Nc2cnc(NC(=O)Cc3ccccc3F)c3ccccc23)cc1,O=C(Cc1ccccc1)Nc1ncc(Nc2ccccc2)c2ccccc12,C26H26FN4O+,1.0,32.0,58.0,1.0,6d0dfb0e0331a572d310787ceeca031a03453def23915ea97f1063767a5effe3,-5.00025924119878,-56.9010209791618,-0.156258101287462,2,2,2,matched,complete
ATP-HTVS-8C32683EF27B,27521,m_527bbb____22314902____156076,27521-1,142,运行/运行/ATP-VSW/ATP-VSW-DOCK_HTVS_1-001_lib/ATP-VSW-DOCK_HTVS_1-001_lib,C[NH+](C)Cc1cc(CNC(=O)c2nn(Cc3ccccc3)c(=O)c3ccccc23)ccc1F,C[NH+](C)Cc1cc(CNC(=O)c2nn(Cc3ccccc3)c(=O)c3ccccc23)ccc1F,O=C(NCc1ccccc1)c1nn(Cc2ccccc2)c(=O)c2ccccc12,C26H26FN4O2+,1.0,33.0,59.0,1.0,7d2492be1842738c9f5ce5b5dc8c14ca7a2ddab56ef08344e224899ef7c42e01,-4.82787383653408,-58.4220517092617,-0.146299207167699,2,2,2,matched,complete
ATP-HTVS-8CA7F3DFAEDE,5090,YAS_R001____OTV6666760____OTV7020410094,5090-1,408,运行/运行/ATP-VSW/ATP-VSW-DOCK_HTVS_1-002_lib.maegz,C[NH+](C)[C@@H](CNC(=O)c1cn(-c2ccccc2)c(=O)c2ccccc12)c1ccccc1,C[NH+](C)C(CNC(=O)c1cn(-c2ccccc2)c(=O)c2ccccc12)c1ccccc1,O=C(NCCc1ccccc1)c1cn(-c2ccccc2)c(=O)c2ccccc12,C26H26N3O2+,1.0,31.0,57.0,1.0,cb491f18c74caac2aa6e2c5ba7746c1fc58fbd110cd46435e77640afd3e58333,-4.07577782355127,-52.1520092877642,-0.131476703985525,4,4,4,matched,complete
ATP-HTVS-8D220C5D1AB9,73921,rxn502b____EMOL44240795____EMOL7515103____EMOL2873214,73921-1,419,运行/运行/ATP-VSW/ATP-VSW-DOCK_HTVS_1-001_lib/ATP-VSW-DOCK_HTVS_1-001_lib,C[NH+](C)Cc1cccc(CNc2cnc(NC(=O)c3cc(C#N)ccc3Cl)c3ccccc23)c1,C[NH+](C)Cc1cccc(CNc2cnc(NC(=O)c3cc(C#N)ccc3Cl)c3ccccc23)c1,O=C(Nc1ncc(NCc2ccccc2)c2ccccc12)c1ccccc1,C27H25ClN5O+,1.0,34.0,59.0,1.0,cc6b81d25f61a18c01fd5315579c06689abfa2fcdacc645d9cc51aa9fa282db5,-4.01019919635247,-57.6257457974359,-0.117947035186837,2,2,2,matched,complete
ATP-HTVS-8D32545BC421,99618,rxn512b____EMOL515310____EMOL15801711____EMOL2873214,99618-1,614,运行/运行/ATP-VSW/ATP-VSW-DOCK_HTVS_1-003_lib/ATP-VSW-DOCK_HTVS_1-003_lib.mae,C#Cc1cccc(NC(=O)Cc2cc(NCc3cccc(C[NH+](C)C)c3)cs2)c1,C#Cc1cccc(NC(=O)Cc2cc(NCc3cccc(C[NH+](C)C)c3)cs2)c1,O=C(Cc1cc(NCc2ccccc2)cs1)Nc1ccccc1,C24H26N3OS+,1.0,29.0,55.0,1.0,4317606c70c179e62878acef86245b0222802b7564ff989456dec90bf8882018,-3.51788261263812,-49.5731037571794,-0.121306296987521,2,2,2,matched,complete
ATP-HTVS-8D4A93BCC2C7,20193,WXCD003____AN2206____LN05333710____AK00809,20193-1,242,运行/运行/ATP-VSW/ATP-VSW-DOCK_HTVS_1-001_lib/ATP-VSW-DOCK_HTVS_1-001_lib,CN(Cc1ccccc1Cl)C(=O)c1c(C(=O)NCc2ccc(C[NH+](C)C)cc2)nn2ccccc12,CN(Cc1ccccc1Cl)C(=O)c1c(C(=O)NCc2ccc(C[NH+](C)C)cc2)nn2ccccc12,O=C(NCc1ccccc1)c1nn2ccccc2c1C(=O)NCc1ccccc1,C27H29ClN5O2+,1.0,35.0,64.0,1.0,24dcc87384624d15a3ea874571b142b646a428b014cb3b49f9cbb3e99afd468e,-4.4938529235344,-62.560530537949,-0.128395797815268,2,2,2,matched,complete
ATP-HTVS-8D6261309289,77506,rxn512c____EMOL36790511____EMOL36725275____EMOL8314610,77506-2,83,运行/运行/ATP-VSW/ATP-VSW-DOCK_HTVS_1-002_lib.maegz,C[C@@H](C#N)N(c1ccccc1)c1c(C(=O)Nc2ccc(NCCO)cc2)cnc2ccc(F)cc12,CC(C#N)N(c1ccccc1)c1c(C(=O)Nc2ccc(NCCO)cc2)cnc2ccc(F)cc12,O=C(Nc1ccccc1)c1cnc2ccccc2c1Nc1ccccc1,C27H24FN5O2,0.0,35.0,59.0,1.0,13981d7e39dd9df641282440478dedb7ec4924c12afa9260f34344813555717d,-5.24954616744269,-61.9892525023617,-0.149987033355505,2,2,2,matched,complete
ATP-HTVS-8DFE2090913E,89730,rxn512b____EMOL511418____EMOL15801711____EMOL50155899,89730-1,375,运行/运行/ATP-VSW/ATP-VSW-DOCK_HTVS_1-002_lib.maegz,C[NH+](C)Cc1ccc(CNc2csc(CC(=O)Nc3ccccc3F)c2)cc1,C[NH+](C)Cc1ccc(CNc2csc(CC(=O)Nc3ccccc3F)c2)cc1,O=C(Cc1cc(NCc2ccccc2)cs1)Nc1ccccc1,C22H25FN3OS+,1.0,28.0,53.0,1.0,387f9282475ee5893addf9ad9be68a600dec67a3ad22f5de5e24f9d48558ab6e,-4.17485932143846,-47.333559782564,-0.149102118622802,2,2,2,matched,complete
ATP-HTVS-8E104651B898,59169,m_270004beb____17607246____24720860,59169-4,276,运行/运行/ATP-VSW/ATP-VSW-DOCK_HTVS_1-001_lib/ATP-VSW-DOCK_HTVS_1-001_lib,Cc1ccc([C@H](O)[C@H](C)NCc2nc3ccccc3n2Cc2ccccc2)cc1F,Cc1ccc(C(O)C(C)NCc2nc3ccccc3n2Cc2ccccc2)cc1F,c1ccc(CCNCc2nc3ccccc3n2Cc2ccccc2)cc1,C25H26FN3O,0.0,30.0,56.0,1.0,9e7aa45cd2bbf0cd3a2cb7768ab03f49eb10d666673359b05f454f8b446f0d9d,-4.4147734230415,-46.6115532442362,-0.147159114101383,5,5,5,matched,complete
ATP-HTVS-8E17E50AE6CE,18721,a4____27429____249703,18721-2,101,运行/运行/ATP-VSW/ATP-VSW-DOCK_HTVS_1-001_lib/ATP-VSW-DOCK_HTVS_1-001_lib,OC[C@@H]([NH2+]Cc1cn(Cc2ccccc2Cl)nc1-c1ccccc1)c1ccc(Br)cc1,OCC([NH2+]Cc1cn(Cc2ccccc2Cl)nc1-c1ccccc1)c1ccc(Br)cc1,c1ccc(C[NH2+]Cc2cn(Cc3ccccc3)nc2-c2ccccc2)cc1,C25H24BrClN3O+,1.0,31.0,55.0,1.0,97b17ca7f35ee22c1fe0dc2e1bd13d4ace07edd9caba79412a4771d2102f8438,-5.01745075970374,-69.311508839539,-0.161853250313024,1,1,1,matched,complete
ATP-HTVS-8E1A44B1E9FD,75361,rxn502b____EMOL480530____EMOL30488121____EMOL50274538,75361-3,10,运行/运行/ATP-VSW/ATP-VSW-DOCK_HTVS_1-001_lib/ATP-VSW-DOCK_HTVS_1-001_lib,O=C(Nc1c[nH+]c2ccccc2c1NC[C@H](O)c1ccc(Cl)cc1)[C@@H](Cl)c1ccccc1,O=C(Nc1c[nH+]c2ccccc2c1NCC(O)c1ccc(Cl)cc1)C(Cl)c1ccccc1,O=C(Cc1ccccc1)Nc1c[nH+]c2ccccc2c1NCCc1ccccc1,C25H22Cl2N3O2+,1.0,32.0,54.0,1.0,4c0bf60e02c48fabca3ff9e8146687670c1b5f4e8c1376d502004d82da6b27f0,-6.11153668182053,-65.7783338141528,-0.190985521306892,3,3,3,matched,complete
ATP-HTVS-8E25FC822191,86497,rxn502b____EMOL18624763____EMOL30488121____EMOL49836578,86497-5,733,运行/运行/ATP-VSW/ATP-VSW-DOCK_HTVS_1-001_lib/ATP-VSW-DOCK_HTVS_1-001_lib,C=C[C@@H](Nc1c(NC(=O)c2ccc(CN(C)C)cc2)c[nH+]c2ccccc12)c1ccccc1,C=CC(Nc1c(NC(=O)c2ccc(CN(C)C)cc2)c[nH+]c2ccccc12)c1ccccc1,O=C(Nc1c[nH+]c2ccccc2c1NCc1ccccc1)c1ccccc1,C28H29N4O+,1.0,33.0,62.0,1.0,595d36ada8adbe75fa579f163de24836d5d9a6aa62e933b1dbd23e1919f04bb3,-3.22209609675136,-53.836494607464,-0.0976392756591322,1,1,1,matched,complete
ATP-HTVS-8E36F3F2ACA8,64322,m_2230bbb____22400558____680630,64322-1,327,运行/运行/ATP-VSW/ATP-VSW-DOCK_HTVS_1-002_lib.maegz,C[NH+](C)C[C@H](NCc1c(-c2ccccc2)nc2ccccn12)c1ccc(F)cc1,C[NH+](C)CC(NCc1c(-c2ccccc2)nc2ccccn12)c1ccc(F)cc1,c1ccc(CNCc2c(-c3ccccc3)nc3ccccn23)cc1,C24H26FN4+,1.0,29.0,55.0,1.0,45a5ae874adc6c111f3e4321237ba17154e39e19ba83ce51d6b0725a12317bea,-4.30783461554105,-47.7635259085519,-0.148546021225553,8,8,8,matched,complete
ATP-HTVS-8E3D409F2843,55746,m_270004bbb____15775648____7548658,55746-1,17,运行/运行/ATP-VSW/ATP-VSW-DOCK_HTVS_1-002_lib.maegz,C[NH+](C)Cc1ccc(CC[NH2+]Cc2ccc(-c3ccc([N+](=O)[O-])cc3)s2)cc1,C[NH+](C)Cc1ccc(CC[NH2+]Cc2ccc(-c3ccc([N+](=O)[O-])cc3)s2)cc1,c1ccc(CC[NH2+]Cc2ccc(-c3ccccc3)s2)cc1,C22H27N3O2S+2,2.0,28.0,55.0,1.0,6b100bff1dbff29a4fa77b5c9a8228ebe797a8ab491b6765f7b36c23ba9c4a16,-6.11799496353664,-75.4137911742097,-0.218499820126308,3,3,3,matched,complete
ATP-HTVS-8E434DB2B88E,94115,rxn502a____EMOL511643____EMOL54476413____EMOL50155899,94115-1,447,运行/运行/ATP-VSW/ATP-VSW-DOCK_HTVS_1-003_lib/ATP-VSW-DOCK_HTVS_1-003_lib.mae,C[NH+](C)Cc1ccc(CNc2cc(NC(=O)c3cccc(F)c3)ncc2F)cc1,C[NH+](C)Cc1ccc(CNc2cc(NC(=O)c3cccc(F)c3)ncc2F)cc1,O=C(Nc1cc(NCc2ccccc2)ccn1)c1ccccc1,C22H23F2N4O+,1.0,29.0,52.0,1.0,3d5fec54f5d72da5ec4c8a2a7c4b0aa2f8cd4de3309eac10952aa392d96e8389,-3.91474211257816,-46.1178001328189,-0.134991107330281,2,2,2,matched,complete
ATP-HTVS-8E5D0C8C0586,48226,m_270004bbb____12219716____24720650,48226-4,1179,运行/运行/ATP-VSW/ATP-VSW-DOCK_HTVS_1-002_lib.maegz,O=C1c2ccccc2[C@@H](CNCc2cc(C3CC3)ccc2F)N1Cc1ccccc1,O=C1c2ccccc2C(CNCc2cc(C3CC3)ccc2F)N1Cc1ccccc1,O=C1c2ccccc2C(CNCc2cccc(C3CC3)c2)N1Cc1ccccc1,C26H25FN2O,0.0,30.0,55.0,1.0,45f21cd8769612cc184075b8d2614a6a08a848e35bb8ea06a55dc78212e4ac1e,-1.92434302270637,-37.0130501273686,-0.0641447674235457,1,1,1,matched,complete
ATP-HTVS-8E6E87523B7B,64451,m_527bbb____6585758____4971430,64451-1,379,运行/运行/ATP-VSW/ATP-VSW-DOCK_HTVS_1-003_lib/ATP-VSW-DOCK_HTVS_1-003_lib.mae,CN(Cc1ccc([S@@](C)=O)cc1)C(=O)c1cc(NCc2ccccc2)nc2ccccc12,CN(Cc1ccc(S(C)=O)cc1)C(=O)c1cc(NCc2ccccc2)nc2ccccc12,O=C(NCc1ccccc1)c1cc(NCc2ccccc2)nc2ccccc12,C26H25N3O2S,0.0,32.0,57.0,1.0,7a1a1abfdf0141e4b48731aa58671417276142d4d46a7df282fb661a458bc2da,-4.09525814398742,-46.9934345437035,-0.127976816999607,2,2,2,matched,complete
ATP-HTVS-8E7556763F42,90403,rxn102b____EMOL975590____EMOL1362850,90403-2,1160,运行/运行/ATP-VSW/ATP-VSW-DOCK_HTVS_1-003_lib/ATP-VSW-DOCK_HTVS_1-003_lib.mae,C[NH+](C)Cc1ccccc1N1c2ccccc2C(=O)N[C@@H]1c1ccc(Cl)c(Cl)c1,C[NH+](C)Cc1ccccc1N1c2ccccc2C(=O)NC1c1ccc(Cl)c(Cl)c1,O=C1NC(c2ccccc2)N(c2ccccc2)c2ccccc21,C23H22Cl2N3O+,1.0,29.0,51.0,1.0,2b8f672f2499fcb8ac85713ae00275d23918a709dd115bc952b8b3b3ef536464,-1.99068628487857,-39.0019480936806,-0.068644354650985,4,4,4,matched,complete
ATP-HTVS-8EB0CBA3C42A,28354,m_282030aaa____21909402____22360182____21945542,28354-1,744,运行/运行/ATP-VSW/ATP-VSW-DOCK_HTVS_1-002_lib.maegz,CN(Cc1ccccc1S(N)(=O)=O)c1nc(NCc2ccc(C[NH+](C)C)cc2)[nH+]c2ccccc12,CN(Cc1ccccc1S(N)(=O)=O)c1nc(NCc2ccc(C[NH+](C)C)cc2)[nH+]c2ccccc12,c1ccc(CNc2nc(NCc3ccccc3)c3ccccc3[nH+]2)cc1,C26H32N6O2S+2,2.0,35.0,67.0,1.0,e814c63a2ad05ff5507bd4c9a8858bb48138d598b7a990f8fb5b1b5a159b6033,-3.17605029065516,-49.8274359359807,-0.0907442940187189,2,2,2,matched,complete
ATP-HTVS-8EBB5954A050,85187,rxn502b____EMOL3728885____EMOL13728749____EMOL712348,85187-2,591,运行/运行/ATP-VSW/ATP-VSW-DOCK_HTVS_1-003_lib/ATP-VSW-DOCK_HTVS_1-003_lib.mae,CN(C)[C@H](C(=O)Nc1c(N(CC#N)c2ccccc2)cnc2ccccc12)c1ccccc1,CN(C)C(C(=O)Nc1c(N(CC#N)c2ccccc2)cnc2ccccc12)c1ccccc1,O=C(Cc1ccccc1)Nc1c(Nc2ccccc2)cnc2ccccc12,C27H25N5O,0.0,33.0,58.0,1.0,137008072112cbbad27eba16b05139c59715114c7c1a7aaad8b78b831a511ee9,-3.56939813924896,-44.1918188492898,-0.108163579977241,4,4,4,matched,complete
ATP-HTVS-8ECA82FC9C79,20066,WXDL_15E____QS5063____LN00171853____BT2957,20066-1,298,运行/运行/ATP-VSW/ATP-VSW-DOCK_HTVS_1-002_lib.maegz,C[NH+](C)Cc1ccc(CNc2nc(-c3ccccc3)cs2)cc1,C[NH+](C)Cc1ccc(CNc2nc(-c3ccccc3)cs2)cc1,c1ccc(CNc2nc(-c3ccccc3)cs2)cc1,C19H22N3S+,1.0,23.0,45.0,1.0,e767122ebdec59979ecbbc8504444d4847f6038a950398dccb75cf080f8ed47a,-4.38884417403909,-45.5717023608258,-0.190819311914743,2,2,2,matched,complete
ATP-HTVS-8EDB8C766CED,78306,rxn512b____EMOL17281285____EMOL44846536____EMOL2873214,78306-1,688,运行/运行/ATP-VSW/ATP-VSW-DOCK_HTVS_1-002_lib.maegz,CN(C(=O)c1cc(NCc2cccc(C[NH+](C)C)c2)c(Cl)s1)c1ccc(C#N)cc1,CN(C(=O)c1cc(NCc2cccc(C[NH+](C)C)c2)c(Cl)s1)c1ccc(C#N)cc1,O=C(Nc1ccccc1)c1cc(NCc2ccccc2)cs1,C23H24ClN4OS+,1.0,30.0,54.0,1.0,9b57bb8b4a140d5c3fbe42a76971fcfb36fd60315edbb044c619094e4999855f,-3.34082382228686,-49.1377992617968,-0.111360794076229,2,2,2,matched,complete
ATP-HTVS-8EE5F01B86B2,66145,m_2230bdc____17849930____666704,66145-1,1275,运行/运行/ATP-VSW/ATP-VSW-DOCK_HTVS_1-001_lib/ATP-VSW-DOCK_HTVS_1-001_lib,N#Cc1cccc(CN2CC(=O)Nc3ccccc3[C@H]2c2ccccc2)c1,N#Cc1cccc(CN2CC(=O)Nc3ccccc3C2c2ccccc2)c1,O=C1CN(Cc2ccccc2)C(c2ccccc2)c2ccccc2N1,C23H19N3O,0.0,27.0,46.0,1.0,d661fae60f6606546fb618057f8e7c457a1a7030fd11c740e892bf28b48cc2ca,-1.66247542751148,-34.3394809330867,-0.0615731639819068,2,2,2,matched,complete
ATP-HTVS-8F383301D999,83458,rxn503b____EMOL299973501____EMOL44466703____EMOL313110234,83458-7,6,运行/运行/ATP-VSW/ATP-VSW-DOCK_HTVS_1-002_lib.maegz,[NH3+][C@H](C#Cc1cc2ccccc2nc1NC(=O)[C@H](O)c1cccc(Cl)c1)Cc1cccc(F)c1,[NH3+]C(C#Cc1cc2ccccc2nc1NC(=O)C(O)c1cccc(Cl)c1)Cc1cccc(F)c1,O=C(Cc1ccccc1)Nc1nc2ccccc2cc1C#CCCc1ccccc1,C27H22ClFN3O2+,1.0,34.0,56.0,1.0,50a9a87e910a1d4c605468f6524d2e6869a606ad6d46c7ab6178e3f4404c0249,-6.30624062048678,-84.5025834650897,-0.185477665308435,8,8,8,matched,complete
ATP-HTVS-8F7863C4F42C,32898,m_270004bbb____8290542____16711616,32898-1,148,运行/运行/ATP-VSW/ATP-VSW-DOCK_HTVS_1-002_lib.maegz,CC[NH+](CC)Cc1cccc(C[NH2+]Cc2c(-c3ccccc3)nn3ccccc23)c1,CC[NH+](CC)Cc1cccc(C[NH2+]Cc2c(-c3ccccc3)nn3ccccc23)c1,c1ccc(C[NH2+]Cc2c(-c3ccccc3)nn3ccccc23)cc1,C26H32N4+2,2.0,30.0,62.0,1.0,0029feff42a65111acfd6f3bfac335c3f887396988db68701ee4a7b8d3dd276b,-4.9087904899498,-60.204476123715,-0.163626349664993,1,1,1,matched,complete
ATP-HTVS-8F8686BB907F,97314,rxn503b____EMOL483931____EMOL13728749____EMOL313110234,97314-3,239,运行/运行/ATP-VSW/ATP-VSW-DOCK_HTVS_1-003_lib/ATP-VSW-DOCK_HTVS_1-003_lib.mae,N#Cc1cccc(C(=O)Nc2c(C#C[C@H]([NH3+])Cc3cccc(F)c3)cnc3ccccc23)c1,N#Cc1cccc(C(=O)Nc2c(C#CC([NH3+])Cc3cccc(F)c3)cnc3ccccc23)c1,O=C(Nc1c(C#CCCc2ccccc2)cnc2ccccc12)c1ccccc1,C27H20FN4O+,1.0,33.0,53.0,1.0,cef3660e88a555472ef3c541120ef9a9efbae778da7e0eed8b2185cbe57554eb,-4.53135217453925,-61.1460713694533,-0.137313702258765,4,4,4,matched,complete
ATP-HTVS-8FAB3387FC95,74083,rxn512b____EMOL507327____EMOL1939773____EMOL6185419,74083-2,705,运行/运行/ATP-VSW/ATP-VSW-DOCK_HTVS_1-003_lib/ATP-VSW-DOCK_HTVS_1-003_lib.mae,O=C1CN(Cc2ccccc2C(=O)NCCF)[C@@H](c2ccccc2)c2ccccc2N1,O=C1CN(Cc2ccccc2C(=O)NCCF)C(c2ccccc2)c2ccccc2N1,O=C1CN(Cc2ccccc2)C(c2ccccc2)c2ccccc2N1,C25H24FN3O2,0.0,31.0,55.0,1.0,2f098aef44e150761b5342640f0a976b43c86c98e51019fca8ba56448dd4a803,-3.23460333570709,-39.6491176414882,-0.104342043087326,2,2,2,matched,complete
ATP-HTVS-8FAC22D1DEE3,83011,rxn512b____EMOL480996____EMOL720738____EMOL44691345,83011-1,89,运行/运行/ATP-VSW/ATP-VSW-DOCK_HTVS_1-003_lib/ATP-VSW-DOCK_HTVS_1-003_lib.mae,CN(Cc1ccccc1)C(=O)c1cc(Nc2ccccc2C[NH+](C)C)cs1,CN(Cc1ccccc1)C(=O)c1cc(Nc2ccccc2C[NH+](C)C)cs1,O=C(NCc1ccccc1)c1cc(Nc2ccccc2)cs1,C22H26N3OS+,1.0,27.0,53.0,1.0,39b3d1132a5cffe241c4692f249bd4657c239a3277017aaeb5636d64a122f9a4,-5.16915453027666,-63.2780150778616,-0.191450167788025,2,2,2,matched,complete
ATP-HTVS-8FAD4DDE14EC,4418,YAS_R014____OTV5753507____OTV2889217____OTV7020431351,4418-1,572,运行/运行/ATP-VSW/ATP-VSW-DOCK_HTVS_1-002_lib.maegz,C[NH+](C)[C@@H](CNC(=O)c1cn(CCc2ccccc2)c2ccccc2c1=O)c1ccc(F)cc1,C[NH+](C)C(CNC(=O)c1cn(CCc2ccccc2)c2ccccc2c1=O)c1ccc(F)cc1,O=C(NCCc1ccccc1)c1cn(CCc2ccccc2)c2ccccc2c1=O,C28H29FN3O2+,1.0,34.0,63.0,1.0,5485fffc4b80820bdb6cecd1152420325c90d78657cea0fda809943f20d63b37,-3.65197518750528,-51.6340762276709,-0.107411034926626,2,2,2,matched,complete
ATP-HTVS-8FCE9ABFEDC9,96578,rxn502b____EMOL480289____EMOL30488121____EMOL64015596,96578-1,218,运行/运行/ATP-VSW/ATP-VSW-DOCK_HTVS_1-003_lib/ATP-VSW-DOCK_HTVS_1-003_lib.mae,CN(Cc1ccc(N2CC[NH+](C)CC2)cc1)c1c(NC(=O)c2ccc(F)cc2)c[nH+]c2ccccc12,CN(Cc1ccc(N2CC[NH+](C)CC2)cc1)c1c(NC(=O)c2ccc(F)cc2)c[nH+]c2ccccc12,O=C(Nc1c[nH+]c2ccccc2c1NCc1ccc(N2CC[NH2+]CC2)cc1)c1ccccc1,C29H32FN5O+2,2.0,36.0,68.0,1.0,9ea6e7bb9f67f32a57f371bbd71a6c68ec448cc94fe7b236c7e905c2fa6d7de1,-4.59612623883549,-63.466419535093,-0.127670173300986,4,4,4,matched,complete
ATP-HTVS-8FFDF10521D1,34625,m_270004bbb____8294988____24714838,34625-1,85,运行/运行/ATP-VSW/ATP-VSW-DOCK_HTVS_1-001_lib/ATP-VSW-DOCK_HTVS_1-001_lib,CC[N@@H+](C)Cc1cccc(C[NH2+]Cc2cn(CCC#N)nc2-c2ccc(Cl)cc2)c1,CC[NH+](C)Cc1cccc(C[NH2+]Cc2cn(CCC#N)nc2-c2ccc(Cl)cc2)c1,c1ccc(C[NH2+]Cc2c[nH]nc2-c2ccccc2)cc1,C24H30ClN5+2,2.0,30.0,60.0,1.0,3925b12fac35466084783905eb98bfa32efbc83cc2866fa4a055bcb39a8568a3,-5.08473991012253,-68.087701409091,-0.169491330337418,5,5,5,matched,complete
ATP-HTVS-903509DD9171,38371,m_282030aaa____21933454____22360182____21945542,38371-1,340,运行/运行/ATP-VSW/ATP-VSW-DOCK_HTVS_1-003_lib/ATP-VSW-DOCK_HTVS_1-003_lib.mae,C[NH+](C)Cc1ccc(CNc2nc(NCc3ccc(C#N)cc3)[nH+]c3ccccc23)cc1,C[NH+](C)Cc1ccc(CNc2nc(NCc3ccc(C#N)cc3)[nH+]c3ccccc23)cc1,c1ccc(CNc2nc(NCc3ccccc3)c3ccccc3[nH+]2)cc1,C26H28N6+2,2.0,32.0,60.0,1.0,f54b048ad1aa2cf4ad2ed8c9cef6bf74d60047268ff5b8c9d8326344cc8444b7,-4.22794294026844,-49.8853435225978,-0.132123216883389,3,3,3,matched,complete
ATP-HTVS-906C5B8F4575,46978,m_270004bbb____23846038____24720270,46978-4,939,运行/运行/ATP-VSW/ATP-VSW-DOCK_HTVS_1-002_lib.maegz,COc1ccccc1OCc1ccc(C[NH2+]C[C@@H](CN(C)C)c2ccccc2)o1,COc1ccccc1OCc1ccc(C[NH2+]CC(CN(C)C)c2ccccc2)o1,c1ccc(CC[NH2+]Cc2ccc(COc3ccccc3)o2)cc1,C24H31N2O3+,1.0,29.0,60.0,1.0,7feaa5833a09745a28700b19bb6eb70a682040219069759ed7516fd7ce65cc79,-2.60771824273476,-56.4811916404559,-0.0899213187149916,1,1,1,matched,complete
ATP-HTVS-9071C340676C,91907,rxn512b____EMOL331034537____EMOL477682____EMOL2739194,91907-1,249,运行/运行/ATP-VSW/ATP-VSW-DOCK_HTVS_1-003_lib/ATP-VSW-DOCK_HTVS_1-003_lib.mae,CC[NH+](CC)Cc1cccc(NC(=O)CCn2c(-c3ccccc3)cc(=O)c3ccccc32)c1,CC[NH+](CC)Cc1cccc(NC(=O)CCn2c(-c3ccccc3)cc(=O)c3ccccc32)c1,O=C(CCn1c(-c2ccccc2)cc(=O)c2ccccc21)Nc1ccccc1,C29H32N3O2+,1.0,34.0,66.0,1.0,0cdef84e26d88017c3292f2df53878e54b19dda44ea2d393e80ab37f66c06a98,-4.4993105710441,-52.2116233422404,-0.132332663854238,2,2,2,matched,complete
ATP-HTVS-90D8E935D6BA,70531,rxn512c____EMOL35875322____EMOL526741____EMOL50155899,70531-1,572,运行/运行/ATP-VSW/ATP-VSW-DOCK_HTVS_1-003_lib/ATP-VSW-DOCK_HTVS_1-003_lib.mae,CN(C(=O)c1sc2cc(F)ccc2c1NCc1ccc(C[NH+](C)C)cc1)c1ccccc1C#N,CN(C(=O)c1sc2cc(F)ccc2c1NCc1ccc(C[NH+](C)C)cc1)c1ccccc1C#N,O=C(Nc1ccccc1)c1sc2ccccc2c1NCc1ccccc1,C27H26FN4OS+,1.0,34.0,60.0,1.0,b472f0ee4337575903bec96f30a08e698f85ea781f8ab1065466168b4bd6ec9b,-3.61586634816549,-43.9865079029073,-0.106349010240161,2,2,2,matched,complete
ATP-HTVS-90E2293F5662,27587,m_270004bbb____8353320____24714838,27587-1,517,运行/运行/ATP-VSW/ATP-VSW-DOCK_HTVS_1-003_lib/ATP-VSW-DOCK_HTVS_1-003_lib.mae,C[NH+](C)Cc1ccccc1C[NH2+]Cc1cn(CCC#N)nc1-c1ccc(Cl)cc1,C[NH+](C)Cc1ccccc1C[NH2+]Cc1cn(CCC#N)nc1-c1ccc(Cl)cc1,c1ccc(C[NH2+]Cc2c[nH]nc2-c2ccccc2)cc1,C23H28ClN5+2,2.0,29.0,57.0,1.0,da6753f6dacbf21b1497c249567eb9f999d366c9dc8f717dd655b2d8a860aea2,-3.76904070186571,-48.7697230915227,-0.12996692075399,3,3,3,matched,complete
ATP-HTVS-90F616328265,99169,rxn514b____EMOL712348____EMOL17240199____EMOL975590,99169-1,469,运行/运行/ATP-VSW/ATP-VSW-DOCK_HTVS_1-002_lib.maegz,C[NH+](C)Cc1ccccc1Nc1cnccc1C(=O)N(CC#N)c1ccccc1,C[NH+](C)Cc1ccccc1Nc1cnccc1C(=O)N(CC#N)c1ccccc1,O=C(Nc1ccccc1)c1ccncc1Nc1ccccc1,C23H24N5O+,1.0,29.0,53.0,1.0,4b4f407220b501be22edc579caedf579961f2a8ecfe63b4b4a9a12b3dd590816,-3.91551756697436,-51.4215168992074,-0.135017847137047,2,2,2,matched,complete
ATP-HTVS-9118BAC0F3E5,49857,m_527bbb____20840648____4971430,49857-1,261,运行/运行/ATP-VSW/ATP-VSW-DOCK_HTVS_1-001_lib/ATP-VSW-DOCK_HTVS_1-001_lib,CN(Cc1ccc(CO)cc1)C(=O)c1cc(NCc2ccccc2)nc2ccccc12,CN(Cc1ccc(CO)cc1)C(=O)c1cc(NCc2ccccc2)nc2ccccc12,O=C(NCc1ccccc1)c1cc(NCc2ccccc2)nc2ccccc12,C26H25N3O2,0.0,31.0,56.0,1.0,bfde75ee181096bc5814645e60ed3b8a3ad559e132c0fa81fb2c82bed9faec89,-4.45713464556693,-55.1382020181378,-0.143778536953772,1,1,1,matched,complete
ATP-HTVS-9126C22B6E5D,23649,m_527bbb____15775628____214828,23649-1,297,运行/运行/ATP-VSW/ATP-VSW-DOCK_HTVS_1-001_lib/ATP-VSW-DOCK_HTVS_1-001_lib,C[NH+](C)Cc1ccc(CCNC(=O)Cn2c(COc3ccccc3)nc3ccccc32)cc1,C[NH+](C)Cc1ccc(CCNC(=O)Cn2c(COc3ccccc3)nc3ccccc32)cc1,O=C(Cn1c(COc2ccccc2)nc2ccccc21)NCCc1ccccc1,C27H31N4O2+,1.0,33.0,64.0,1.0,609e384426d8b6e652d5b6d1c80e5623b84893c5e7407fa8bec329f48105949c,-4.35085127506382,-54.7864194148713,-0.131843978032237,2,2,2,matched,complete
ATP-HTVS-91559CC1A0CF,77345,rxn512b____EMOL714785____EMOL525138____EMOL50155899,77345-1,181,运行/运行/ATP-VSW/ATP-VSW-DOCK_HTVS_1-001_lib/ATP-VSW-DOCK_HTVS_1-001_lib,CN(C(=O)c1sccc1NCc1ccc(C[NH+](C)C)cc1)c1ccccc1O,CN(C(=O)c1sccc1NCc1ccc(C[NH+](C)C)cc1)c1ccccc1O,O=C(Nc1ccccc1)c1sccc1NCc1ccccc1,C22H26N3O2S+,1.0,28.0,54.0,1.0,644aadde2bd2c6973703b082320f234fce227ff579156893532a1217cc53dd99,-4.680774902516,-55.3940998993297,-0.167170532232714,2,2,2,matched,complete
ATP-HTVS-915EA674EB52,76033,rxn502b____EMOL509335____EMOL13728749____EMOL44153840,76033-2,763,运行/运行/ATP-VSW/ATP-VSW-DOCK_HTVS_1-001_lib/ATP-VSW-DOCK_HTVS_1-001_lib,CC[NH+](CC)Cc1cccc(CNc2c[nH+]c3ccccc3c2NC(=O)c2cccc([S-])c2)c1,CC[NH+](CC)Cc1cccc(CNc2c[nH+]c3ccccc3c2NC(=O)c2cccc([S-])c2)c1,O=C(Nc1c(NCc2ccccc2)c[nH+]c2ccccc12)c1ccccc1,C28H31N4OS+,1.0,34.0,65.0,1.0,f3fcf517792148aa3b2d78b20246ea0e3b59b1dc3917420d9fb57df3397f6ba3,-3.12601315930246,-62.1191203456084,-0.0919415635088959,1,1,1,matched,complete
ATP-HTVS-917D65E68C1C,37603,m_2230bec____12332212____7690348,37603-3,475,运行/运行/ATP-VSW/ATP-VSW-DOCK_HTVS_1-003_lib/ATP-VSW-DOCK_HTVS_1-003_lib.mae,CC[N@@H+](Cc1ccc(C[NH+](C)C)cc1)Cc1cc(C)nc(-c2ccc(Cl)cc2)n1,CC[NH+](Cc1ccc(C[NH+](C)C)cc1)Cc1cc(C)nc(-c2ccc(Cl)cc2)n1,c1ccc(C[NH2+]Cc2ccnc(-c3ccccc3)n2)cc1,C24H31ClN4+2,2.0,29.0,60.0,1.0,0ce9fcf830dd339e005274fd65a19ea0ee6561fdad53a872066b392175fa312c,-3.85121697689063,-54.226521825649,-0.132800585410022,6,6,6,matched,complete
ATP-HTVS-917EA3B617CA,53634,m_282030aaa____21896940____23157418____21938720,53634-1,55,运行/运行/ATP-VSW/ATP-VSW-DOCK_HTVS_1-002_lib.maegz,C[NH+](C)Cc1cc(F)ccc1CNc1nc2ccccc2nc1NCc1ccc(F)cc1N,C[NH+](C)Cc1cc(F)ccc1CNc1nc2ccccc2nc1NCc1ccc(F)cc1N,c1ccc(CNc2nc3ccccc3nc2NCc2ccccc2)cc1,C25H27F2N6+,1.0,33.0,60.0,1.0,c2e1e349d6dce3f5218234bdb17d6bb3a2d7e39406fc953e21fe6514e9217618,-5.55670999827466,-58.8969858154502,-0.168385151462868,1,1,1,matched,complete
ATP-HTVS-91FB2566E9C6,66147,m_282030aaa____21930070____22360182____21978800,66147-2,578,运行/运行/ATP-VSW/ATP-VSW-DOCK_HTVS_1-003_lib/ATP-VSW-DOCK_HTVS_1-003_lib.mae,CC[N@H+](C)Cc1cccc(CNc2nc(NCc3ccc([N+](=O)[O-])cc3)c3ccccc3[nH+]2)c1,CC[NH+](C)Cc1cccc(CNc2nc(NCc3ccc([N+](=O)[O-])cc3)c3ccccc3[nH+]2)c1,c1ccc(CNc2nc(NCc3ccccc3)c3ccccc3[nH+]2)cc1,C26H30N6O2+2,2.0,34.0,64.0,1.0,4114b0e0b203c4270bbb847ce944b4068da5293b7fa49228aca8d4b286cbfa78,-3.60648204518161,-51.5055295236918,-0.106073001328871,5,5,5,matched,complete
ATP-HTVS-91FE8B97AF5D,74274,rxn512b____EMOL523557____EMOL10439745____EMOL2873214,74274-1,187,运行/运行/ATP-VSW/ATP-VSW-DOCK_HTVS_1-002_lib.maegz,CN(Cc1ccc(F)cc1)C(=O)c1cscc1NCc1cccc(C[NH+](C)C)c1,CN(Cc1ccc(F)cc1)C(=O)c1cscc1NCc1cccc(C[NH+](C)C)c1,O=C(NCc1ccccc1)c1cscc1NCc1ccccc1,C23H27FN3OS+,1.0,29.0,56.0,1.0,8320c95627ccb8c1497ef00f6ea2134b1eb9eecc2f3d8d5b473f82404f26cb34,-4.73078737167212,-59.8249372637231,-0.163130599023177,1,1,1,matched,complete
ATP-HTVS-925A357E73C9,83553,rxn207____EMOL44467252____EMOL2873214,83553-1,53,运行/运行/ATP-VSW/ATP-VSW-DOCK_HTVS_1-001_lib/ATP-VSW-DOCK_HTVS_1-001_lib,COc1ccc(Cn2cc([C@@H](C)[NH2+]Cc3cccc(C[NH+](C)C)c3)nn2)cc1,COc1ccc(Cn2cc(C(C)[NH2+]Cc3cccc(C[NH+](C)C)c3)nn2)cc1,c1ccc(C[NH2+]Cc2cn(Cc3ccccc3)nn2)cc1,C22H31N5O+2,2.0,28.0,59.0,1.0,8a61dacd13635f11a0e33e673eae7816e18587b32b85800ea97bad032f0b5114,-5.27050292570935,-65.398833652597,-0.188232247346763,8,8,8,matched,complete
ATP-HTVS-9261E8E7C16B,37826,m_282030aaa____21928796____22360182____21970420,37826-1,338,运行/运行/ATP-VSW/ATP-VSW-DOCK_HTVS_1-002_lib.maegz,C[NH+](C)Cc1cccc(CNc2nc(NCc3cccc(N)c3F)[nH+]c3ccccc23)c1,C[NH+](C)Cc1cccc(CNc2nc(NCc3cccc(N)c3F)[nH+]c3ccccc23)c1,c1ccc(CNc2nc(NCc3ccccc3)c3ccccc3[nH+]2)cc1,C25H29FN6+2,2.0,32.0,61.0,1.0,0589bac14e73c1aa4f9cf24969ceeafb83f839bef300c8d60f54a07d6605e342,-4.28268244897226,-53.7228523346883,-0.133833826530383,3,3,3,matched,complete
ATP-HTVS-9279E9D3CA8E,26337,m_27bbd____15775612____9316198,26337-1,327,运行/运行/ATP-VSW/ATP-VSW-DOCK_HTVS_1-001_lib/ATP-VSW-DOCK_HTVS_1-001_lib,C[NH+](C)Cc1ccc(CCNc2nc(-c3ccccn3)nc3ccccc23)cc1,C[NH+](C)Cc1ccc(CCNc2nc(-c3ccccn3)nc3ccccc23)cc1,c1ccc(CCNc2nc(-c3ccccn3)nc3ccccc23)cc1,C24H26N5+,1.0,29.0,55.0,1.0,1c65096541c0fa3d398d568cc930b7bb8a63a5e3b45901a6c248ffe91d65c681,-4.25826048465034,-51.6799611313978,-0.146836568436219,2,2,2,matched,complete
ATP-HTVS-928F3709654C,80577,rxn501c____EMOL18624763____EMOL36251210____EMOL32273941,80577-1,265,运行/运行/ATP-VSW/ATP-VSW-DOCK_HTVS_1-001_lib/ATP-VSW-DOCK_HTVS_1-001_lib,Cc1cc(-c2ccnc(NC(=O)c3ccc(C[NH+](C)C)cc3)c2C(=O)c2ccccc2)ccc1O,Cc1cc(-c2ccnc(NC(=O)c3ccc(C[NH+](C)C)cc3)c2C(=O)c2ccccc2)ccc1O,O=C(Nc1nccc(-c2ccccc2)c1C(=O)c1ccccc1)c1ccccc1,C29H28N3O3+,1.0,35.0,63.0,1.0,f525681fcce51c2c37e48d5097ab9ecb5607d11b53d4507779f0fb84163552e1,-4.45239168748071,-61.2764719517008,-0.127211191070877,2,2,2,matched,complete
ATP-HTVS-92BA88CED8DA,20033,WXDL_15E____QS5063____LN00174727____BT2076,20033-1,8,运行/运行/ATP-VSW/ATP-VSW-DOCK_HTVS_1-001_lib/ATP-VSW-DOCK_HTVS_1-001_lib,C[NH+](C)Cc1ccc(C[NH2+]Cc2ccc(-c3cccc(O)c3)cn2)cc1,C[NH+](C)Cc1ccc(C[NH2+]Cc2ccc(-c3cccc(O)c3)cn2)cc1,c1ccc(C[NH2+]Cc2ccc(-c3ccccc3)cn2)cc1,C22H27N3O+2,2.0,26.0,53.0,1.0,ac1a2ff911294e9e938985c5009eca8cd2e5ec4ccb0444abd2afc937de222eb2,-6.1795954276148,-71.8208229639052,-0.237676747215954,3,3,3,matched,complete
ATP-HTVS-92C487CB2C4B,64961,m_270004bbb____8290930____24720860,64961-4,255,运行/运行/ATP-VSW/ATP-VSW-DOCK_HTVS_1-001_lib/ATP-VSW-DOCK_HTVS_1-001_lib,C[NH+](C)C[C@H](Cc1ccccc1)NCc1[nH+]c2ccccc2n1Cc1ccccc1,C[NH+](C)CC(Cc1ccccc1)NCc1[nH+]c2ccccc2n1Cc1ccccc1,c1ccc(CCNCc2[nH+]c3ccccc3n2Cc2ccccc2)cc1,C26H32N4+2,2.0,30.0,62.0,1.0,ec61564a29b39614b708115fabe39b8e6504dd259275b75903ef40b3c3ab4d39,-4.47030229665557,-67.7635885756377,-0.149010076555186,6,6,6,matched,complete
ATP-HTVS-92D1D8A066E2,26498,m_282030aaa____21926464____22360182____21936236,26498-2,922,运行/运行/ATP-VSW/ATP-VSW-DOCK_HTVS_1-002_lib.maegz,CN(C)Cc1ccc(CCNc2nc(NCc3cccc(Cl)c3N)[nH+]c3ccccc23)cc1,CN(C)Cc1ccc(CCNc2nc(NCc3cccc(Cl)c3N)[nH+]c3ccccc23)cc1,c1ccc(CCNc2nc(NCc3ccccc3)[nH+]c3ccccc23)cc1,C26H30ClN6+,1.0,33.0,63.0,1.0,f695b789ebac6a93290790bd56ac8b6c5a035f5b9ff2c8368e1bac9b657f418d,-2.65640299054939,-55.7384140280348,-0.0804970603196785,2,2,2,matched,complete
ATP-HTVS-92F0D0267220,45570,m_270004bca____10206040____24720332,45570-1,225,运行/运行/ATP-VSW/ATP-VSW-DOCK_HTVS_1-002_lib.maegz,COc1cccc(C[N@H+](C)Cc2ccc(C[NH+](C)C)cc2)c1OCc1ccccc1,COc1cccc(C[NH+](C)Cc2ccc(C[NH+](C)C)cc2)c1OCc1ccccc1,c1ccc(C[NH2+]Cc2ccccc2OCc2ccccc2)cc1,C26H34N2O2+2,2.0,30.0,64.0,1.0,5eb96b6486c2f39b20fc74dd447d2b2c823d0dec3dc16bc565b1c927ad528c3c,-4.57744836383982,-61.9509242200854,-0.152581612127994,1,1,1,matched,complete
ATP-HTVS-9352BEE24C86,93634,rxn102c____EMOL4852476____EMOL720506,93634-2,79,运行/运行/ATP-VSW/ATP-VSW-DOCK_HTVS_1-002_lib.maegz,C[NH+]1CCN(c2ccc(CNc3cccc([C@@H](C#N)c4ccccc4)n3)cc2)CC1,C[NH+]1CCN(c2ccc(CNc3cccc(C(C#N)c4ccccc4)n3)cc2)CC1,c1ccc(Cc2cccc(NCc3ccc(N4CC[NH2+]CC4)cc3)n2)cc1,C25H28N5+,1.0,30.0,58.0,1.0,c4f67b7356063ade417fac7b4d73dde1f52ef188e03cfc895733b33f819548ef,-5.27203094462307,-63.6345776459061,-0.175734364820769,4,4,4,matched,complete
ATP-HTVS-9360F17A3EC6,75329,rxn502b____EMOL505868____EMOL30488121____EMOL109645890,75329-1,111,运行/运行/ATP-VSW/ATP-VSW-DOCK_HTVS_1-001_lib/ATP-VSW-DOCK_HTVS_1-001_lib,CN(C)c1ccc(CCNc2c(NC(=O)c3ccccc3F)c[nH+]c3ccccc23)cc1,CN(C)c1ccc(CCNc2c(NC(=O)c3ccccc3F)c[nH+]c3ccccc23)cc1,O=C(Nc1c[nH+]c2ccccc2c1NCCc1ccccc1)c1ccccc1,C26H26FN4O+,1.0,32.0,58.0,1.0,55a3b78860f13a01385b3a58698f883903cdc71f7a83984ac703e00b37b38049,-4.94808290662811,-59.8636611014379,-0.154627590832128,2,2,2,matched,complete
ATP-HTVS-9393AACC3570,45122,m_270004bbb____8296362____13581306,45122-2,402,运行/运行/ATP-VSW/ATP-VSW-DOCK_HTVS_1-002_lib.maegz,CCNC(=O)c1ccc(CNCc2cn(-c3ccccc3)nc2-c2ccc(F)cc2)cc1,CCNC(=O)c1ccc(CNCc2cn(-c3ccccc3)nc2-c2ccc(F)cc2)cc1,c1ccc(CNCc2cn(-c3ccccc3)nc2-c2ccccc2)cc1,C26H25FN4O,0.0,32.0,57.0,1.0,7fae573a2c16765a33dd8004aaf34b1c0259fbca4ed1bd751a329fa560f7587f,-4.09612916239728,-62.8445510804983,-0.128004036324915,1,1,1,matched,complete
ATP-HTVS-93C7314F95B0,68035,m_270004bda____24170338____7549178,68035-1,1245,运行/运行/ATP-VSW/ATP-VSW-DOCK_HTVS_1-003_lib/ATP-VSW-DOCK_HTVS_1-003_lib.mae,COc1ccc(CN2CC(=O)Nc3ccccc3[C@H]2c2ccccc2)cc1C#N,COc1ccc(CN2CC(=O)Nc3ccccc3C2c2ccccc2)cc1C#N,O=C1CN(Cc2ccccc2)C(c2ccccc2)c2ccccc2N1,C24H21N3O2,0.0,29.0,50.0,1.0,51151d9d7629aabf9f86cedd47d70a0d98ad78a40e94f5ef986a2708827acda8,-1.73857734327022,-30.4667967839902,-0.059950942871387,2,2,2,matched,complete
ATP-HTVS-93CB38BE3680,47971,m_527dbb____9746914____156372,47971-1,90,运行/运行/ATP-VSW/ATP-VSW-DOCK_HTVS_1-003_lib/ATP-VSW-DOCK_HTVS_1-003_lib.mae,C[NH+](C)Cc1cc(NC(=O)c2cc(-c3ccncc3)nc3ccccc23)ccc1Cl,C[NH+](C)Cc1cc(NC(=O)c2cc(-c3ccncc3)nc3ccccc23)ccc1Cl,O=C(Nc1ccccc1)c1cc(-c2ccncc2)nc2ccccc12,C24H22ClN4O+,1.0,30.0,52.0,1.0,f7fb08cefae000ae32427761682fb764284d6bb613d1a0f4466bf0429d84e32b,-5.15580573349618,-65.6561459799993,-0.171860191116539,2,2,2,matched,complete
ATP-HTVS-93E6D0793690,63681,m_270004bbb____16771676____7547806,63681-1,158,运行/运行/ATP-VSW/ATP-VSW-DOCK_HTVS_1-001_lib/ATP-VSW-DOCK_HTVS_1-001_lib,C#Cc1ccccc1C[NH2+]Cc1cn(-c2ccccc2)nc1-c1ccncc1,C#Cc1ccccc1C[NH2+]Cc1cn(-c2ccccc2)nc1-c1ccncc1,c1ccc(C[NH2+]Cc2cn(-c3ccccc3)nc2-c2ccncc2)cc1,C24H21N4+,1.0,28.0,49.0,1.0,739e500d5225ebf14f72beee5c324a48e62b3dbc83cee0d2407f76bb8e074cbf,-4.7710526005952,-62.2971649871882,-0.170394735735543,1,1,1,matched,complete
ATP-HTVS-94036CD3F111,91106,rxn502b____EMOL32179358____EMOL30488121____EMOL2873214,91106-3,887,运行/运行/ATP-VSW/ATP-VSW-DOCK_HTVS_1-002_lib.maegz,CN(C)Cc1cccc(CNc2c(NC(=O)c3ccsc3Cl)c[nH+]c3ccccc23)c1,CN(C)Cc1cccc(CNc2c(NC(=O)c3ccsc3Cl)c[nH+]c3ccccc23)c1,O=C(Nc1c[nH+]c2ccccc2c1NCc1ccccc1)c1ccsc1,C24H24ClN4OS+,1.0,31.0,55.0,1.0,3211fca70f8abba2f3d2f88c7a49c6ea24eac3d23c695b28d1ea12720157c511,-2.79144307709762,-52.9466728713571,-0.0900465508741167,1,1,1,matched,complete
ATP-HTVS-94448DA501C0,79074,rxn512c____EMOL299969148____EMOL526741____EMOL2873214,79074-1,250,运行/运行/ATP-VSW/ATP-VSW-DOCK_HTVS_1-002_lib.maegz,C[NH+](C)Cc1cccc(CNc2c(C(=O)NCc3ccc(C#N)cc3)sc3cc(F)ccc23)c1,C[NH+](C)Cc1cccc(CNc2c(C(=O)NCc3ccc(C#N)cc3)sc3cc(F)ccc23)c1,O=C(NCc1ccccc1)c1sc2ccccc2c1NCc1ccccc1,C27H26FN4OS+,1.0,34.0,60.0,1.0,67e1a5b029620d0761f5cdeb703882b35d4d06aac7c65481956e6d5a86a46055,-4.51449028526668,-63.6636565803081,-0.132779126037255,1,1,1,matched,complete
ATP-HTVS-9480C2297FB5,70563,rxn502b____EMOL490868____EMOL44466703____EMOL2873214,70563-1,276,运行/运行/ATP-VSW/ATP-VSW-DOCK_HTVS_1-003_lib/ATP-VSW-DOCK_HTVS_1-003_lib.mae,C[NH+](C)Cc1cccc(CNc2cc3ccccc3nc2NC(=O)c2ccc(O)cc2)c1,C[NH+](C)Cc1cccc(CNc2cc3ccccc3nc2NC(=O)c2ccc(O)cc2)c1,O=C(Nc1nc2ccccc2cc1NCc1ccccc1)c1ccccc1,C26H27N4O2+,1.0,32.0,59.0,1.0,80cab4a78a5446c39895104bf7082acb9b9ae1291c631cf53ce079ca0629de29,-4.42481376111799,-57.3185510109165,-0.138275430034937,3,3,3,matched,complete
ATP-HTVS-94941B52F5EC,56161,m_282030aaa____21917492____23157418____21967972,56161-2,655,运行/运行/ATP-VSW/ATP-VSW-DOCK_HTVS_1-001_lib/ATP-VSW-DOCK_HTVS_1-001_lib,COc1cc(C#N)ccc1CNc1nc2ccccc2nc1NCCc1ccc(CN(C)C)cc1,COc1cc(C#N)ccc1CNc1nc2ccccc2nc1NCCc1ccc(CN(C)C)cc1,c1ccc(CCNc2nc3ccccc3nc2NCc2ccccc2)cc1,C28H30N6O,0.0,35.0,65.0,1.0,bf891f56ea394e20d6ae6d2048e0fdf573c5989ef41c09668427ca4b9e470ebc,-3.43266651054237,-56.3621625622454,-0.0980761860154964,1,1,1,matched,complete
ATP-HTVS-94D8827D88B0,51299,m_527bcb____7557140____4971430,51299-1,706,运行/运行/ATP-VSW/ATP-VSW-DOCK_HTVS_1-003_lib/ATP-VSW-DOCK_HTVS_1-003_lib.mae,CC[C@@H](O)CN(Cc1ccccc1)C(=O)c1cc(NCc2ccccc2)nc2ccccc12,CCC(O)CN(Cc1ccccc1)C(=O)c1cc(NCc2ccccc2)nc2ccccc12,O=C(NCc1ccccc1)c1cc(NCc2ccccc2)nc2ccccc12,C28H29N3O2,0.0,33.0,62.0,1.0,9de81c1a2a7a37ed1aaf3a1926b06761ed25df12ec27eb94c7de778410505685,-3.23224548519724,-43.441706814993,-0.0979468328847648,1,1,1,matched,complete
ATP-HTVS-94FDA1BF8648,94914,rxn502b____EMOL15318088____EMOL13728749____EMOL712348,94914-1,571,运行/运行/ATP-VSW/ATP-VSW-DOCK_HTVS_1-003_lib/ATP-VSW-DOCK_HTVS_1-003_lib.mae,N#CCN(c1ccccc1)c1cnc2ccccc2c1NC(=O)COc1ccccc1Cl,N#CCN(c1ccccc1)c1cnc2ccccc2c1NC(=O)COc1ccccc1Cl,O=C(COc1ccccc1)Nc1c(Nc2ccccc2)cnc2ccccc12,C25H19ClN4O2,0.0,32.0,51.0,1.0,1f7a342858aa3c86ed4c638e413b6da99aa2797b8eaa5a9df9ae8c41c523df76,-3.61857230261687,-45.9743240990207,-0.113080384456777,1,1,1,matched,complete
ATP-HTVS-9505CBC4E7EE,64641,m_282030aaa____21906104____22360182____21967972,64641-2,1281,运行/运行/ATP-VSW/ATP-VSW-DOCK_HTVS_1-001_lib/ATP-VSW-DOCK_HTVS_1-001_lib,CN(C)Cc1ccc(CCNc2nc(NCc3cccc4c3OCO4)[nH+]c3ccccc23)cc1,CN(C)Cc1ccc(CCNc2nc(NCc3cccc4c3OCO4)[nH+]c3ccccc23)cc1,c1ccc(CCNc2nc(NCc3cccc4c3OCO4)[nH+]c3ccccc23)cc1,C27H30N5O2+,1.0,34.0,64.0,1.0,99f23b191267824358cfa7a8ef7b3bc0f5c9688e06a1a43c619fea25c188b8d8,-1.65167439484376,-46.6112705450574,-0.0485786586718752,1,1,1,matched,complete
ATP-HTVS-952C6901247D,71138,rxn502b____EMOL32280493____EMOL30488121____EMOL2873214,71138-1,176,运行/运行/ATP-VSW/ATP-VSW-DOCK_HTVS_1-002_lib.maegz,COc1ccccc1CC(=O)Nc1c[nH+]c2ccccc2c1NCc1cccc(C[NH+](C)C)c1,COc1ccccc1CC(=O)Nc1c[nH+]c2ccccc2c1NCc1cccc(C[NH+](C)C)c1,O=C(Cc1ccccc1)Nc1c[nH+]c2ccccc2c1NCc1ccccc1,C28H32N4O2+2,2.0,34.0,66.0,1.0,0f79832167537f99ec669acd59a7333fc9185f47c56304353c88ee601cb491b9,-4.77328082745397,-66.4762951039562,-0.140390612572176,3,3,3,matched,complete
ATP-HTVS-9548848ABB82,37537,m_2708bba____6950698____12219706,37537-1,505,运行/运行/ATP-VSW/ATP-VSW-DOCK_HTVS_1-001_lib/ATP-VSW-DOCK_HTVS_1-001_lib,CC(C)Nc1cccc(CNC(=O)NC[C@H]2c3ccccc3C(=O)N2Cc2ccccc2)c1,CC(C)Nc1cccc(CNC(=O)NCC2c3ccccc3C(=O)N2Cc2ccccc2)c1,O=C(NCc1ccccc1)NCC1c2ccccc2C(=O)N1Cc1ccccc1,C27H30N4O2,0.0,33.0,63.0,1.0,385e84e612ccdcde0363ace362394512ec01eefaa3a8e741995e99bb33b1785d,-3.80376357856523,-42.920291518113,-0.115265562986825,4,4,4,matched,complete
ATP-HTVS-954980F32CB7,55906,m_2230bbb____22404674____681058,55906-1,153,运行/运行/ATP-VSW/ATP-VSW-DOCK_HTVS_1-002_lib.maegz,CCc1ccccc1N(C(C)=O)c1nc(C[NH2+][C@H](C)c2ccc(C[NH+](C)C)cc2)cs1,CCc1ccccc1N(C(C)=O)c1nc(C[NH2+]C(C)c2ccc(C[NH+](C)C)cc2)cs1,c1ccc(C[NH2+]Cc2csc(Nc3ccccc3)n2)cc1,C25H34N4OS+2,2.0,31.0,65.0,1.0,7dd2d4a67e48e9ad27c0b8fcd674ff50139a792c461b8ca53bd431c3ed653e22,-4.89048614238512,-63.0662923637616,-0.157757617496294,8,8,8,matched,complete
ATP-HTVS-95B9B67075F0,77443,rxn512c____EMOL29781770____EMOL493239____EMOL6185419,77443-2,577,运行/运行/ATP-VSW/ATP-VSW-DOCK_HTVS_1-003_lib/ATP-VSW-DOCK_HTVS_1-003_lib.mae,C#CCCNC(=O)c1ccc(CN2CC(=O)Nc3ccccc3[C@@H]2c2ccccc2)cc1,C#CCCNC(=O)c1ccc(CN2CC(=O)Nc3ccccc3C2c2ccccc2)cc1,O=C1CN(Cc2ccccc2)C(c2ccccc2)c2ccccc2N1,C27H25N3O2,0.0,32.0,57.0,1.0,e5fb0475148229d8a2ec437e147b6803710d704fc0b80dca1294ed65e0b80ba0,-3.60768913216631,-45.8727894693332,-0.112740285380197,2,2,2,matched,complete
ATP-HTVS-95C9BC6D1CE7,79202,rxn102a____EMOL31260559____EMOL324170366,79202-1,174,运行/运行/ATP-VSW/ATP-VSW-DOCK_HTVS_1-002_lib.maegz,OCCNc1ccc(CNc2ccc(OCc3ccccc3)c(Br)n2)cc1,OCCNc1ccc(CNc2ccc(OCc3ccccc3)c(Br)n2)cc1,c1ccc(CNc2ccc(OCc3ccccc3)cn2)cc1,C21H22BrN3O2,0.0,27.0,49.0,1.0,c4263f1e70f82b9552a853f156028902feed9150c959252f900268e82cd552ce,-4.77672736272663,-54.6932695019907,-0.176915828249135,2,2,2,matched,complete
ATP-HTVS-95D1FAD4F080,71875,rxn502b____EMOL483931____EMOL7515103____EMOL2873214,71875-1,662,运行/运行/ATP-VSW/ATP-VSW-DOCK_HTVS_1-003_lib/ATP-VSW-DOCK_HTVS_1-003_lib.mae,C[NH+](C)Cc1cccc(CNc2cnc(NC(=O)c3cccc(C#N)c3)c3ccccc23)c1,C[NH+](C)Cc1cccc(CNc2cnc(NC(=O)c3cccc(C#N)c3)c3ccccc23)c1,O=C(Nc1ncc(NCc2ccccc2)c2ccccc12)c1ccccc1,C27H26N5O+,1.0,33.0,59.0,1.0,3253f776202dc36508533a45ef1f72459981d06dda5034f718c28c3dd4ff3da6,-3.36505156641546,-50.9708866269472,-0.101971259588347,2,2,2,matched,complete
ATP-HTVS-95D98DD03D76,71298,rxn502c____EMOL480962____EMOL49259969____EMOL50155899,71298-2,1194,运行/运行/ATP-VSW/ATP-VSW-DOCK_HTVS_1-002_lib.maegz,CN(C)Cc1ccc(CNc2c(CN(C)C(=O)CCc3ccccc3)sc3ccccc23)cc1,CN(C)Cc1ccc(CNc2c(CN(C)C(=O)CCc3ccccc3)sc3ccccc23)cc1,O=C(CCc1ccccc1)NCc1sc2ccccc2c1NCc1ccccc1,C29H33N3OS,0.0,34.0,67.0,1.0,750e42556009ba0f54cbe6c6fc1a2a157698151448fd24b3f33997eb5b1a19e9,-1.84497504190729,-50.7033692552917,-0.0542639718208027,1,1,1,matched,complete
ATP-HTVS-95EE858F8EEC,89953,rxn502b____EMOL497269____EMOL13728749____EMOL44153840,89953-3,1365,运行/运行/ATP-VSW/ATP-VSW-DOCK_HTVS_1-001_lib/ATP-VSW-DOCK_HTVS_1-001_lib,CCN(CC)Cc1cccc(CNc2cnc3ccccc3c2NC(=O)c2ccccc2C(=O)OC)c1,CCN(CC)Cc1cccc(CNc2cnc3ccccc3c2NC(=O)c2ccccc2C(=O)OC)c1,O=C(Nc1c(NCc2ccccc2)cnc2ccccc12)c1ccccc1,C30H32N4O3,0.0,37.0,69.0,1.0,8d178e7e7925ece0ab48d1c755dd4102ad78c92d46c6defb31b105f68cb48d42,-1.27996467838941,-49.5534499422651,-0.0345936399564704,1,1,1,matched,complete
ATP-HTVS-96035055C171,32801,m_270004bbb____12219716____12427640,32801-2,19,运行/运行/ATP-VSW/ATP-VSW-DOCK_HTVS_1-001_lib/ATP-VSW-DOCK_HTVS_1-001_lib,CC(=O)Nc1cccc(C[NH2+]C[C@@H]2c3ccccc3C(=O)N2Cc2ccccc2)c1,CC(=O)Nc1cccc(C[NH2+]CC2c3ccccc3C(=O)N2Cc2ccccc2)c1,O=C1c2ccccc2C(C[NH2+]Cc2ccccc2)N1Cc1ccccc1,C25H26N3O2+,1.0,30.0,56.0,1.0,24560b199a02aae6559d60fae2ed19b3e085bf77d4eab4e409bf988fabeeb259,-5.8406342578885,-65.7822923424317,-0.194687808596283,4,4,4,matched,complete
ATP-HTVS-9640828E0D0B,57411,m_270004bca____24158016____24720860,57411-3,670,运行/运行/ATP-VSW/ATP-VSW-DOCK_HTVS_1-003_lib/ATP-VSW-DOCK_HTVS_1-003_lib.mae,C[N@@H+](Cc1cccc(Cl)c1)Cc1nc2ccccc2n1Cc1ccccc1,C[NH+](Cc1cccc(Cl)c1)Cc1nc2ccccc2n1Cc1ccccc1,c1ccc(C[NH2+]Cc2nc3ccccc3n2Cc2ccccc2)cc1,C23H23ClN3+,1.0,27.0,50.0,1.0,bf1dc525ecfd9ca940f5e961750519190ce6de69d5fdb319965d6461ea3d10d4,-3.35213698024349,-50.114489438443,-0.1241532214905,1,1,1,matched,complete
ATP-HTVS-96C7A2856398,57953,m_270004bbb____18361122____7547806,57953-1,463,运行/运行/ATP-VSW/ATP-VSW-DOCK_HTVS_1-001_lib/ATP-VSW-DOCK_HTVS_1-001_lib,Clc1ccc([C@H](C[NH2+]Cc2cn(-c3ccccc3)nc2-c2ccncc2)N2CCCC2)cc1,Clc1ccc(C(C[NH2+]Cc2cn(-c3ccccc3)nc2-c2ccncc2)N2CCCC2)cc1,c1ccc(C(C[NH2+]Cc2cn(-c3ccccc3)nc2-c2ccncc2)N2CCCC2)cc1,C27H29ClN5+,1.0,33.0,62.0,1.0,6bcd6bf83b14b040657ad852019fdea9a19248563e1b3dc35979fcf527468d16,-3.90880903018788,-59.1311810070669,-0.118448758490542,3,3,3,matched,complete
ATP-HTVS-9702CFD2E9A2,81985,rxn512b____EMOL36822768____EMOL49851977____EMOL2873214,81985-1,93,运行/运行/ATP-VSW/ATP-VSW-DOCK_HTVS_1-001_lib/ATP-VSW-DOCK_HTVS_1-001_lib,C[NH+](C)Cc1cccc(CNc2cc(Cl)sc2C(=O)N(C#N)c2ccccc2)c1,C[NH+](C)Cc1cccc(CNc2cc(Cl)sc2C(=O)N(C#N)c2ccccc2)c1,O=C(Nc1ccccc1)c1sccc1NCc1ccccc1,C22H22ClN4OS+,1.0,29.0,51.0,1.0,bab39790791036b232282100bd78c390e1b638a5d3172c5087ab3d70ad2a3b14,-5.06834388681742,-58.846638425403,-0.174770478855773,2,2,2,matched,complete
ATP-HTVS-970FBD5470AF,37921,m_270004bda____24170338____10641794,37921-2,1265,运行/运行/ATP-VSW/ATP-VSW-DOCK_HTVS_1-001_lib/ATP-VSW-DOCK_HTVS_1-001_lib,C[C@H](CN1CC(=O)Nc2ccccc2[C@H]1c1ccccc1)c1cc(F)cc(F)c1,CC(CN1CC(=O)Nc2ccccc2C1c1ccccc1)c1cc(F)cc(F)c1,O=C1CN(CCc2ccccc2)C(c2ccccc2)c2ccccc2N1,C24H22F2N2O,0.0,29.0,51.0,1.0,74a1e1f2fb76433ed7acf79289a293fa907bc454c2ec145b5e90bac041e13737,-1.69707213270437,-28.6889692548751,-0.0585197287139439,5,5,5,matched,complete
ATP-HTVS-970FD2D7162F,57698,m_271304bba____16969956____21002128,57698-1,138,运行/运行/ATP-VSW/ATP-VSW-DOCK_HTVS_1-002_lib.maegz,C[C@@H]([NH2+]Cc1c(OCc2ccccc2)ccc2ccccc12)c1ccc(C(=O)[O-])cc1,CC([NH2+]Cc1c(OCc2ccccc2)ccc2ccccc12)c1ccc(C(=O)[O-])cc1,c1ccc(C[NH2+]Cc2c(OCc3ccccc3)ccc3ccccc23)cc1,C27H25NO3,0.0,31.0,56.0,1.0,206446091d89abc0ce19c942a724e85a400be976b374b868c24836988cbc9866,-4.93997564537262,-55.48367817601,-0.159354053076536,4,4,4,matched,complete
ATP-HTVS-971CA853FA9A,47075,m_270004bda____24171218____24594508,47075-1,1170,运行/运行/ATP-VSW/ATP-VSW-DOCK_HTVS_1-003_lib/ATP-VSW-DOCK_HTVS_1-003_lib.mae,Cn1cccc1/C=C/CN1CC(=O)Nc2ccc(Cl)cc2[C@@H]1c1ccccc1F,Cn1cccc1C=CCN1CC(=O)Nc2ccc(Cl)cc2C1c1ccccc1F,O=C1CN(CC=Cc2ccc[nH]2)C(c2ccccc2)c2ccccc2N1,C23H21ClFN3O,0.0,29.0,50.0,1.0,dd28fc82fe8c29174d41793cefa60def9f36b9ffcb633a2a51d121935e863130,-1.95528776146002,-33.8337532647172,-0.0674237159124146,2,2,2,matched,complete
ATP-HTVS-976CFBCF515D,13249,a4____404852____300740,13249-2,225,运行/运行/ATP-VSW/ATP-VSW-DOCK_HTVS_1-001_lib/ATP-VSW-DOCK_HTVS_1-001_lib,Cc1ccccc1[C@@H](C[NH2+]Cc1cn(-c2ccccc2)nc1-c1ccc([N+](=O)[O-])cc1)N(C)C,Cc1ccccc1C(C[NH2+]Cc1cn(-c2ccccc2)nc1-c1ccc([N+](=O)[O-])cc1)N(C)C,c1ccc(CC[NH2+]Cc2cn(-c3ccccc3)nc2-c2ccccc2)cc1,C27H30N5O2+,1.0,34.0,64.0,1.0,cec7afd01f3179fd15760b7d930c4df832dfb096e26a65d0c52b2be03391ed95,-4.53790384148156,-61.3876081130803,-0.133467760043575,5,5,5,matched,complete
ATP-HTVS-9774402850E8,78433,rxn501c____EMOL5415347____EMOL36251210____EMOL506383,78433-2,1268,运行/运行/ATP-VSW/ATP-VSW-DOCK_HTVS_1-001_lib/ATP-VSW-DOCK_HTVS_1-001_lib,COc1ccc(-c2ccnc(NC(=O)c3ccccc3CN(C)C)c2C(=O)c2ccccc2)cc1,COc1ccc(-c2ccnc(NC(=O)c3ccccc3CN(C)C)c2C(=O)c2ccccc2)cc1,O=C(Nc1nccc(-c2ccccc2)c1C(=O)c1ccccc1)c1ccccc1,C29H27N3O3,0.0,35.0,62.0,1.0,ca2f59050a8a82f79601046d61cd46a98d40dffa8fca0fde293988b27fa836fa,-1.68224263464737,-45.8845158127247,-0.0480640752756392,2,2,2,matched,complete
ATP-HTVS-980C1FC6FC1E,30689,m_282030aaa____21930822____22360182____21967972,30689-5,887,运行/运行/ATP-VSW/ATP-VSW-DOCK_HTVS_1-001_lib/ATP-VSW-DOCK_HTVS_1-001_lib,CN(C)Cc1ccc(CCNc2nc(NC[C@@H](c3ccccc3)[NH+](C)C)[nH+]c3ccccc23)cc1,CN(C)Cc1ccc(CCNc2nc(NCC(c3ccccc3)[NH+](C)C)[nH+]c3ccccc23)cc1,c1ccc(CCNc2nc(NCCc3ccccc3)c3ccccc3[nH+]2)cc1,C29H38N6+2,2.0,35.0,73.0,1.0,0cc13fc090de55f7358a34c9e1b0afd45c7109cd5e79817a11361fd674652216,-2.76518341494562,-55.7115201897683,-0.0790052404270177,1,1,1,matched,complete
ATP-HTVS-985FC5CCBDCC,91523,rxn513b____EMOL50155899____EMOL719673____EMOL38277732,91523-1,23,运行/运行/ATP-VSW/ATP-VSW-DOCK_HTVS_1-003_lib/ATP-VSW-DOCK_HTVS_1-003_lib.mae,C[NH+](C)Cc1ccc(CNC(=O)c2[nH]c3ccccc3c2C#C[C@@H](O)c2ccccc2Cl)cc1,C[NH+](C)Cc1ccc(CNC(=O)c2[nH]c3ccccc3c2C#CC(O)c2ccccc2Cl)cc1,O=C(NCc1ccccc1)c1[nH]c2ccccc2c1C#CCc1ccccc1,C28H27ClN3O2+,1.0,34.0,61.0,1.0,86e1a80830dc12fce6c429c88c3b27e7ca3499748a8f12ec234f0d90aaa87616,-5.71487107256953,-69.3941253525573,-0.168084443310869,4,4,4,matched,complete
ATP-HTVS-986AE7271DA8,70049,rxn502b____EMOL18624763____EMOL7515103____EMOL36790511,70049-2,319,运行/运行/ATP-VSW/ATP-VSW-DOCK_HTVS_1-001_lib/ATP-VSW-DOCK_HTVS_1-001_lib,C[C@@H](C#N)N(c1ccccc1)c1cnc(NC(=O)c2ccc(C[NH+](C)C)cc2)c2ccccc12,CC(C#N)N(c1ccccc1)c1cnc(NC(=O)c2ccc(C[NH+](C)C)cc2)c2ccccc12,O=C(Nc1ncc(Nc2ccccc2)c2ccccc12)c1ccccc1,C28H28N5O+,1.0,34.0,62.0,1.0,a1a63403922d7a98a5979a87f3148a73c2feec6a3ce56539ce5d48239f880fe0,-4.27746207723396,-54.9053001407525,-0.12580770815394,4,4,4,matched,complete
ATP-HTVS-9898F3268698,61313,m_2230bbb____22404674____10176856,61313-6,805,运行/运行/ATP-VSW/ATP-VSW-DOCK_HTVS_1-001_lib/ATP-VSW-DOCK_HTVS_1-001_lib,C[C@H]([NH2+]Cc1cccc(SCc2ccccc2)c1)c1ccc(CN(C)C)cc1,CC([NH2+]Cc1cccc(SCc2ccccc2)c1)c1ccc(CN(C)C)cc1,c1ccc(C[NH2+]Cc2cccc(SCc3ccccc3)c2)cc1,C25H31N2S+,1.0,28.0,59.0,1.0,bec4a6a9dba0660a55e26d2d2e38ca909fa0725f43aaf2520b8f356bf5ab568f,-2.98447795196858,-53.5920836300579,-0.106588498284592,1,1,1,matched,complete
ATP-HTVS-98A0502BF743,60257,m_269862bba____10120112____7201160,60257-1,66,运行/运行/ATP-VSW/ATP-VSW-DOCK_HTVS_1-001_lib/ATP-VSW-DOCK_HTVS_1-001_lib,C[C@@H]([NH2+]Cc1ccncc1OCc1ccccc1)c1ccc(OCC[NH+](C)C)cc1,CC([NH2+]Cc1ccncc1OCc1ccccc1)c1ccc(OCC[NH+](C)C)cc1,c1ccc(C[NH2+]Cc2ccncc2OCc2ccccc2)cc1,C25H33N3O2+2,2.0,30.0,63.0,1.0,28081f911bdd852ee99a76160571fa605ae08bfa1f4eb620e503ac360e500d4b,-5.16291107795336,-63.6080672169194,-0.172097035931779,6,6,6,matched,complete
ATP-HTVS-98C6C787C9CA,97922,rxn503b____EMOL911925____EMOL30488121____EMOL317509042,97922-3,236,运行/运行/ATP-VSW/ATP-VSW-DOCK_HTVS_1-003_lib/ATP-VSW-DOCK_HTVS_1-003_lib.mae,C[C@@H]([NH2+]CC#Cc1c(NC(=O)c2cc(C#N)ccc2F)cnc2ccccc12)c1cccc(F)c1,CC([NH2+]CC#Cc1c(NC(=O)c2cc(C#N)ccc2F)cnc2ccccc12)c1cccc(F)c1,O=C(Nc1cnc2ccccc2c1C#CC[NH2+]Cc1ccccc1)c1ccccc1,C28H21F2N4O+,1.0,35.0,56.0,1.0,409b017df9afdef45b276ea554b162d309aa86f17d7e9b311603383d48144d08,-4.54109621763806,-62.2347068148506,-0.12974560621823,4,4,4,matched,complete
ATP-HTVS-98E751432A52,90242,rxn502a____EMOL530803____EMOL44820718____EMOL2873214,90242-1,8,运行/运行/ATP-VSW/ATP-VSW-DOCK_HTVS_1-002_lib.maegz,C[NH+](C)Cc1cccc(CNc2cnc(NC(=O)C#Cc3ccccc3)c(F)c2)c1,C[NH+](C)Cc1cccc(CNc2cnc(NC(=O)C#Cc3ccccc3)c(F)c2)c1,O=C(C#Cc1ccccc1)Nc1ccc(NCc2ccccc2)cn1,C24H24FN4O+,1.0,30.0,54.0,1.0,30424986ccd188d9a66fa37e578d93259dd8a037870a2067fef349f30555bd3c,-6.28735821177687,-74.9584661938304,-0.209578607059229,1,1,1,matched,complete
ATP-HTVS-98EFE7D538B2,77379,rxn512b____EMOL300138311____EMOL525138____EMOL2873214,77379-1,262,运行/运行/ATP-VSW/ATP-VSW-DOCK_HTVS_1-003_lib/ATP-VSW-DOCK_HTVS_1-003_lib.mae,CN(C(=O)c1sccc1NCc1cccc(C[NH+](C)C)c1)c1cccc(N)c1,CN(C(=O)c1sccc1NCc1cccc(C[NH+](C)C)c1)c1cccc(N)c1,O=C(Nc1ccccc1)c1sccc1NCc1ccccc1,C22H27N4OS+,1.0,28.0,55.0,1.0,b220836716a15344a50f403a433599d3e9ef7eb48af60ee948d151ae890b9513,-4.46443026285238,-53.5200563038444,-0.159443937959014,2,2,2,matched,complete
ATP-HTVS-99217F2350A2,27618,m_270004bda____24170772____24720380,27618-1,1315,运行/运行/ATP-VSW/ATP-VSW-DOCK_HTVS_1-002_lib.maegz,C[NH+](C)CCOc1cccc(CN2CC(=O)Nc3ccc(Br)cc3[C@H]2c2ccccc2)c1,C[NH+](C)CCOc1cccc(CN2CC(=O)Nc3ccc(Br)cc3C2c2ccccc2)c1,O=C1CN(Cc2ccccc2)C(c2ccccc2)c2ccccc2N1,C26H29BrN3O2+,1.0,32.0,61.0,1.0,c5ac4ae89f40ae7362422154e81b89ef0aabe3a82ceef78af025bce0157cf85c,-1.4304558968226,-38.0274856923147,-0.0447017467757064,4,4,4,matched,complete
ATP-HTVS-99483DBEAA78,20963,Shen____49239300____93458992____40180766,20963-2,2,运行/运行/ATP-VSW/ATP-VSW-DOCK_HTVS_1-003_lib/ATP-VSW-DOCK_HTVS_1-003_lib.mae,C[C@@](N)(C(=O)n1nc(-c2ccncc2)cc1CC[NH2+]Cc1ccccc1)c1ccccc1,CC(N)(C(=O)n1nc(-c2ccncc2)cc1CC[NH2+]Cc1ccccc1)c1ccccc1,O=C(Cc1ccccc1)n1nc(-c2ccncc2)cc1CC[NH2+]Cc1ccccc1,C26H28N5O+,1.0,32.0,60.0,1.0,d5ddbb6d31e4b64f5ff9fbf3d0118de1e4f33bfadcdd988f798b9f29db1e2ff0,-6.3660091336744,-69.8981356964555,-0.198937785427325,4,4,4,matched,complete
ATP-HTVS-9967BD998929,72578,rxn502b____EMOL535380____EMOL30488121____EMOL42769518,72578-1,128,运行/运行/ATP-VSW/ATP-VSW-DOCK_HTVS_1-002_lib.maegz,Cc1ccc([C@@H](O)CNc2c(NC(=O)[C@H](Br)c3ccccc3)c[nH+]c3ccccc23)cc1,Cc1ccc(C(O)CNc2c(NC(=O)C(Br)c3ccccc3)c[nH+]c3ccccc23)cc1,O=C(Cc1ccccc1)Nc1c[nH+]c2ccccc2c1NCCc1ccccc1,C26H25BrN3O2+,1.0,32.0,57.0,1.0,815d9ac0c601b511fa0a91abf125a3e8c48756965377622e801c310a21cc42db,-4.99163821619935,-59.3031441089647,-0.15598869425623,4,4,4,matched,complete
ATP-HTVS-99B36318F637,6081,a4____45926____276639,6081-2,137,运行/运行/ATP-VSW/ATP-VSW-DOCK_HTVS_1-001_lib/ATP-VSW-DOCK_HTVS_1-001_lib,C[C@H](O)c1ccc(C[NH2+]Cc2cn(Cc3ccccc3)nc2-c2ccccc2)cc1,CC(O)c1ccc(C[NH2+]Cc2cn(Cc3ccccc3)nc2-c2ccccc2)cc1,c1ccc(C[NH2+]Cc2cn(Cc3ccccc3)nc2-c2ccccc2)cc1,C26H28N3O+,1.0,30.0,58.0,1.0,e9ddbdea65e7c2b1adb21f2b1b9eb7b73b728a509cf3368c2edb098832f7779f,-4.85891735735908,-62.9891645982317,-0.161963911911969,3,3,3,matched,complete
ATP-HTVS-99E4671812AC,87393,rxn502b____EMOL18624763____EMOL44466703____EMOL530647,87393-1,57,运行/运行/ATP-VSW/ATP-VSW-DOCK_HTVS_1-001_lib/ATP-VSW-DOCK_HTVS_1-001_lib,C[NH+](C)Cc1ccc(C(=O)Nc2nc3ccccc3cc2N(CC[NH3+])c2ccccc2)cc1,C[NH+](C)Cc1ccc(C(=O)Nc2nc3ccccc3cc2N(CC[NH3+])c2ccccc2)cc1,O=C(Nc1nc2ccccc2cc1Nc1ccccc1)c1ccccc1,C27H31N5O+2,2.0,33.0,64.0,1.0,3eace3b8457afcfc4b502656468aba7d5196cbb89e24845f84902c8cd04708ac,-5.21773634407887,-67.5052291260755,-0.158113222547844,2,2,2,matched,complete
ATP-HTVS-9A332D1A0286,27617,m_22bbc____21205742____16783554,27617-1,525,运行/运行/ATP-VSW/ATP-VSW-DOCK_HTVS_1-001_lib/ATP-VSW-DOCK_HTVS_1-001_lib,O=C(NCc1ccccc1NCCO)c1cc(NCc2ccccc2)nc2ccccc12,O=C(NCc1ccccc1NCCO)c1cc(NCc2ccccc2)nc2ccccc12,O=C(NCc1ccccc1)c1cc(NCc2ccccc2)nc2ccccc12,C26H26N4O2,0.0,32.0,58.0,1.0,68cb1716d743a2d24178e02449856d0aeea11cb105014b46fd91956633b4a6b1,-3.77220722696342,-44.782731033644,-0.117881475842607,1,1,1,matched,complete
ATP-HTVS-9A3A5E055FE2,67235,m_282030aaa____21905842____22360182____21974936,67235-1,116,运行/运行/ATP-VSW/ATP-VSW-DOCK_HTVS_1-003_lib/ATP-VSW-DOCK_HTVS_1-003_lib.mae,C[NH+](C)Cc1cc(F)ccc1CNc1nc(NCc2ccc(F)c(CO)c2)c2ccccc2[nH+]1,C[NH+](C)Cc1cc(F)ccc1CNc1nc(NCc2ccc(F)c(CO)c2)c2ccccc2[nH+]1,c1ccc(CNc2nc(NCc3ccccc3)c3ccccc3[nH+]2)cc1,C26H29F2N5O+2,2.0,34.0,63.0,1.0,e41350d331a4ebc69c3eaa21d7aef34ccf3f21a91ba9c48868b3fd85dacd8caa,-5.01552846270557,-66.7299995425724,-0.147515543020752,3,3,3,matched,complete
ATP-HTVS-9A75570B0E27,83009,rxn512b____EMOL480996____EMOL720738____EMOL2873068,83009-1,216,运行/运行/ATP-VSW/ATP-VSW-DOCK_HTVS_1-001_lib/ATP-VSW-DOCK_HTVS_1-001_lib,CN(Cc1ccccc1)C(=O)c1cc(Nc2ccc(C[NH+](C)C)cc2)cs1,CN(Cc1ccccc1)C(=O)c1cc(Nc2ccc(C[NH+](C)C)cc2)cs1,O=C(NCc1ccccc1)c1cc(Nc2ccccc2)cs1,C22H26N3OS+,1.0,27.0,53.0,1.0,78f9f2c1a733fb292a19a3023608a5db82a4b62f8b84a271e2125baec49701df,-4.5760706909973,-50.2558723656217,-0.169484099666567,2,2,2,matched,complete
ATP-HTVS-9A76BB66DB1D,70498,rxn102c____EMOL4851523____EMOL42769518,70498-1,232,运行/运行/ATP-VSW/ATP-VSW-DOCK_HTVS_1-002_lib.maegz,Cc1ccc([C@@H](O)CNc2nc3ccccc3nc2Cc2ccccc2)cc1,Cc1ccc(C(O)CNc2nc3ccccc3nc2Cc2ccccc2)cc1,c1ccc(CCNc2nc3ccccc3nc2Cc2ccccc2)cc1,C24H23N3O,0.0,28.0,51.0,1.0,85ccffd108ec4cb79544e0c1448e0fc38c2e82d26ac4f1687054212700ad6979,-4.55268185778533,-48.8140226561306,-0.16259578063519,2,2,2,matched,complete
ATP-HTVS-9A86ECE1052E,19937,WXDL_15E____QS5063____LN00190257____BT1525,19937-1,369,运行/运行/ATP-VSW/ATP-VSW-DOCK_HTVS_1-001_lib/ATP-VSW-DOCK_HTVS_1-001_lib,CSc1ccc(-c2cnc(C[NH2+]Cc3ccc(C[NH+](C)C)cc3)nc2)cc1,CSc1ccc(-c2cnc(C[NH2+]Cc3ccc(C[NH+](C)C)cc3)nc2)cc1,c1ccc(C[NH2+]Cc2ncc(-c3ccccc3)cn2)cc1,C22H28N4S+2,2.0,27.0,55.0,1.0,da970c0f4172e245d4a42885768ac5bb37a4835d3b1cc9093d09252e30a1a0d1,-4.15115908446999,-54.7387377954025,-0.153746632758148,4,4,4,matched,complete
ATP-HTVS-9AD82B0B5D2D,80610,rxn503b____EMOL299973501____EMOL7515103____EMOL317509042,80610-3,273,运行/运行/ATP-VSW/ATP-VSW-DOCK_HTVS_1-002_lib.maegz,C[C@H](NCC#Cc1cnc(NC(=O)[C@H](O)c2cccc(Cl)c2)c2ccccc12)c1cccc(F)c1,CC(NCC#Cc1cnc(NC(=O)C(O)c2cccc(Cl)c2)c2ccccc12)c1cccc(F)c1,O=C(Cc1ccccc1)Nc1ncc(C#CCNCc2ccccc2)c2ccccc12,C28H23ClFN3O2,0.0,35.0,58.0,1.0,bf02be9a3d85becce65bbf6c90e7caac6b4f4cd3ded258bc0c6cb0ede46b5d92,-4.44533651227417,-58.147056015217,-0.127009614636405,2,2,2,matched,complete
ATP-HTVS-9AEFC257B6AB,94850,rxn502b____EMOL11467954____EMOL7515103____EMOL324170366,94850-1,202,运行/运行/ATP-VSW/ATP-VSW-DOCK_HTVS_1-003_lib/ATP-VSW-DOCK_HTVS_1-003_lib.mae,Cc1ccc(C)c(C(=O)Nc2ncc(NCc3ccc(NCCO)cc3)c3ccccc23)c1,Cc1ccc(C)c(C(=O)Nc2ncc(NCc3ccc(NCCO)cc3)c3ccccc23)c1,O=C(Nc1ncc(NCc2ccccc2)c2ccccc12)c1ccccc1,C27H28N4O2,0.0,33.0,61.0,1.0,e211e0b292003cdeafe536f190c7e2b956971a614e0ca6c9c7adff2c0c3563fe,-4.66862510912702,-57.1870457790554,-0.141473488155364,2,2,2,matched,complete
ATP-HTVS-9AF19AD81321,95841,rxn514b____EMOL2726699____EMOL40480322____EMOL4279023,95841-1,315,运行/运行/ATP-VSW/ATP-VSW-DOCK_HTVS_1-001_lib/ATP-VSW-DOCK_HTVS_1-001_lib,CN(C(=O)c1ccnc(Nc2cccc(C[NH+](C)C)c2)c1)c1ccccc1F,CN(C(=O)c1ccnc(Nc2cccc(C[NH+](C)C)c2)c1)c1ccccc1F,O=C(Nc1ccccc1)c1ccnc(Nc2ccccc2)c1,C22H24FN4O+,1.0,28.0,52.0,1.0,2e01078ba7c64b8590fa1b657059594b0ecd505f0bcd820b04f43e8fa738f7ad,-4.2878788677618,-52.7648686055336,-0.153138530991493,2,2,2,matched,complete
ATP-HTVS-9B930A3F277B,46658,m_270004bbb____8349702____8127862,46658-5,547,运行/运行/ATP-VSW/ATP-VSW-DOCK_HTVS_1-002_lib.maegz,CN1CCN(Cc2ccccc2C[NH2+]Cc2cc(OCc3ccccc3)c3ccccc3c2)CC1,CN1CCN(Cc2ccccc2C[NH2+]Cc2cc(OCc3ccccc3)c3ccccc3c2)CC1,c1ccc(COc2cc(C[NH2+]Cc3ccccc3CN3CCNCC3)cc3ccccc23)cc1,C31H36N3O+,1.0,35.0,71.0,1.0,18f2eddf52d469d6bb3e59df243154db367bc9849eb829b156d1c320e47bf76d,-3.71626239896153,-77.3328627158956,-0.106178925684615,2,2,2,matched,complete
ATP-HTVS-9BFBB44B9744,92161,rxn112____EMOL42620905____EMOL45491381,92161-1,1187,运行/运行/ATP-VSW/ATP-VSW-DOCK_HTVS_1-001_lib/ATP-VSW-DOCK_HTVS_1-001_lib,CNc1cccc(Cc2c(-c3ccc(C)cc3)c(=O)[nH]c3ccccc23)c1,CNc1cccc(Cc2c(-c3ccc(C)cc3)c(=O)[nH]c3ccccc23)c1,O=c1[nH]c2ccccc2c(Cc2ccccc2)c1-c1ccccc1,C24H22N2O,0.0,27.0,49.0,1.0,7f97e8e6609ccc6456c1ca6fd890b8d656d4b5213f0d4ab795acf27772dd18c9,-1.907532346584,-34.2814084254932,-0.0706493461697776,1,1,1,matched,complete
ATP-HTVS-9C0CB662701B,22849,m_270004bbb____15775648____24721296,22849-1,51,运行/运行/ATP-VSW/ATP-VSW-DOCK_HTVS_1-001_lib/ATP-VSW-DOCK_HTVS_1-001_lib,C[NH+](C)Cc1ccc(CC[NH2+]Cc2ccc(OCc3ccccc3)cn2)cc1,C[NH+](C)Cc1ccc(CC[NH2+]Cc2ccc(OCc3ccccc3)cn2)cc1,c1ccc(CC[NH2+]Cc2ccc(OCc3ccccc3)cn2)cc1,C24H31N3O+2,2.0,28.0,59.0,1.0,951b26a40b9e384b5802f109cead00a27c8944dabbd245521150e9c28480c7b2,-5.27526288431442,-64.9889446745129,-0.188402245868372,3,3,3,matched,complete
ATP-HTVS-9C2287A2D630,61441,m_207bba____13165696____121449,61441-4,131,运行/运行/ATP-VSW/ATP-VSW-DOCK_HTVS_1-001_lib/ATP-VSW-DOCK_HTVS_1-001_lib,C[NH+](C)CC[C@H]([NH2+]Cc1cn(Cc2ccccc2)nc1-c1ccc(Cl)cc1)c1cccnc1,C[NH+](C)CCC([NH2+]Cc1cn(Cc2ccccc2)nc1-c1ccc(Cl)cc1)c1cccnc1,c1ccc(Cn2cc(C[NH2+]Cc3cccnc3)c(-c3ccccc3)n2)cc1,C27H32ClN5+2,2.0,33.0,65.0,1.0,a7d7d9b236bb8960f36e991c3be6e0f3f2821c34ad0f2c850e1a27fec7acdb0c,-4.873583143251,-66.5852394770476,-0.147684337674273,1,1,1,matched,complete
ATP-HTVS-9C588CAB6516,96290,rxn102b____EMOL934546____EMOL44693140,96290-2,107,运行/运行/ATP-VSW/ATP-VSW-DOCK_HTVS_1-003_lib/ATP-VSW-DOCK_HTVS_1-003_lib.mae,COc1ccc(NCc2[nH+]c3ccccc3n2Cc2ccccc2)cc1C[NH+](C)C,COc1ccc(NCc2[nH+]c3ccccc3n2Cc2ccccc2)cc1C[NH+](C)C,c1ccc(Cn2c(CNc3ccccc3)[nH+]c3ccccc32)cc1,C25H30N4O+2,2.0,30.0,60.0,1.0,3b5713cafda2fd3c8e53352b3a8b1e1056856586db491fd2ea0e6bc0f2bde7be,-5.04518264614156,-66.3499405832691,-0.168172754871385,2,2,2,matched,complete
ATP-HTVS-9C7CAB1133CD,78305,rxn512b____EMOL31412115____EMOL49851977____EMOL50155899,78305-1,494,运行/运行/ATP-VSW/ATP-VSW-DOCK_HTVS_1-001_lib/ATP-VSW-DOCK_HTVS_1-001_lib,CN(C(=O)c1sc(Cl)cc1NCc1ccc(C[NH+](C)C)cc1)c1cccc(C#N)c1,CN(C(=O)c1sc(Cl)cc1NCc1ccc(C[NH+](C)C)cc1)c1cccc(C#N)c1,O=C(Nc1ccccc1)c1sccc1NCc1ccccc1,C23H24ClN4OS+,1.0,30.0,54.0,1.0,b9db8e61deaf5a95cf5303853a529e8a2886feb3b4de42eb04db6f48f548af8e,-3.81902247195702,-48.4903256614545,-0.127300749065234,2,2,2,matched,complete
ATP-HTVS-9C9650448F2C,83841,rxn502b____EMOL70144015____EMOL7515103____EMOL24630243,83841-2,305,运行/运行/ATP-VSW/ATP-VSW-DOCK_HTVS_1-001_lib/ATP-VSW-DOCK_HTVS_1-001_lib,CN(c1cnc(NC(=O)c2ccc(OCC[NH+](C)C)cc2)c2ccccc12)[C@H](C#N)c1ccccc1,CN(c1cnc(NC(=O)c2ccc(OCC[NH+](C)C)cc2)c2ccccc12)C(C#N)c1ccccc1,O=C(Nc1ncc(NCc2ccccc2)c2ccccc12)c1ccccc1,C29H30N5O2+,1.0,36.0,66.0,1.0,939a2832a1a109b1a2414adc85cac3fbdd84ca879f6a5a054afe5b9c150ab01c,-4.32686774353319,-54.7401367261938,-0.1201907706537,4,4,4,matched,complete
ATP-HTVS-9CB3B225923C,39555,m_27bjd____9173960____131187,39555-1,323,运行/运行/ATP-VSW/ATP-VSW-DOCK_HTVS_1-003_lib/ATP-VSW-DOCK_HTVS_1-003_lib.mae,Cc1cccc(C[C@H](CO)Nc2nc(-c3ccccc3)c3ccccc3n2)c1,Cc1cccc(CC(CO)Nc2nc(-c3ccccc3)c3ccccc3n2)c1,c1ccc(CCNc2nc(-c3ccccc3)c3ccccc3n2)cc1,C24H23N3O,0.0,28.0,51.0,1.0,f0fe10cbaec28e23bb5d1e913cbf0dbb3a744232d042c35708b079cf4208ce76,-4.2827899685835,-39.4261438281826,-0.152956784592268,2,2,2,matched,complete
ATP-HTVS-9CE7151F0CF5,20835,N-ArylationHeterocycle____37094440____31229383,20835-1,703,运行/运行/ATP-VSW/ATP-VSW-DOCK_HTVS_1-003_lib/ATP-VSW-DOCK_HTVS_1-003_lib.mae,C[NH+](C)Cc1cccc(-n2c(=O)c3ccccc3n2Cc2ccccc2)c1,C[NH+](C)Cc1cccc(-n2c(=O)c3ccccc3n2Cc2ccccc2)c1,O=c1c2ccccc2n(Cc2ccccc2)n1-c1ccccc1,C23H24N3O+,1.0,27.0,51.0,1.0,f7a880254480a3170a3bb117c2b0ea96978502205fc4daca8453e626abbf3639,-3.24024954661665,-36.3162906394893,-0.120009242467283,2,2,2,matched,complete
ATP-HTVS-9D3CA67459E0,67746,m_2230bbc____17609644____7465806,67746-7,855,运行/运行/ATP-VSW/ATP-VSW-DOCK_HTVS_1-002_lib.maegz,CCn1c(-c2ccccc2)c(C(=O)CN(C)Cc2ccc(CN(C)CCOC)cc2)c2ccccc21,CCn1c(-c2ccccc2)c(C(=O)CN(C)Cc2ccc(CN(C)CCOC)cc2)c2ccccc21,O=C(CNCc1ccccc1)c1c(-c2ccccc2)[nH]c2ccccc12,C31H37N3O2,0.0,36.0,73.0,1.0,87c9d450a58d7c574b2d20653aa21d9d77415de8a4a9e885c02b08be01ebbf5b,-2.86212066257139,-52.9551411895564,-0.0795033517380943,3,3,3,matched,complete
ATP-HTVS-9D856A339FA1,23650,m_270004bbb____25289968____7547744,23650-2,1229,运行/运行/ATP-VSW/ATP-VSW-DOCK_HTVS_1-002_lib.maegz,Cc1ccc(-c2nn(-c3ccccc3)cc2CNCc2ccccc2NCCO)cc1,Cc1ccc(-c2nn(-c3ccccc3)cc2CNCc2ccccc2NCCO)cc1,c1ccc(CNCc2cn(-c3ccccc3)nc2-c2ccccc2)cc1,C26H28N4O,0.0,31.0,59.0,1.0,c0e05451449b5ec62632ab0430f9a3bec67ee4cb0fa8f7265f988e16127eebd9,-1.725732429658,-45.9778262690155,-0.055668788053484,1,1,1,matched,complete
ATP-HTVS-9D863030CFC5,78209,rxn502b____EMOL49828490____EMOL7515103____EMOL324170366,78209-1,589,运行/运行/ATP-VSW/ATP-VSW-DOCK_HTVS_1-001_lib/ATP-VSW-DOCK_HTVS_1-001_lib,O=C(Nc1ncc(NCc2ccc(NCCO)cc2)c2ccccc12)c1ccccc1[S-],O=C(Nc1ncc(NCc2ccc(NCCO)cc2)c2ccccc12)c1ccccc1[S-],O=C(Nc1ncc(NCc2ccccc2)c2ccccc12)c1ccccc1,C25H23N4O2S-,-1.0,32.0,55.0,1.0,04ded798c9b905089310151f6c13790b6927e7389cc6e3cc228565f475c2cf4f,-3.5934851545959,-43.8913225477756,-0.112296411081122,2,2,2,matched,complete
ATP-HTVS-9DA78F477298,97857,rxn503b____EMOL5759763____EMOL13728749____EMOL317509298,97857-4,134,运行/运行/ATP-VSW/ATP-VSW-DOCK_HTVS_1-002_lib.maegz,C[C@H]([NH2+]CC#Cc1cnc2ccccc2c1NC(=O)c1cc(F)cc(C#N)c1)c1ccccc1F,CC([NH2+]CC#Cc1cnc2ccccc2c1NC(=O)c1cc(F)cc(C#N)c1)c1ccccc1F,O=C(Nc1c(C#CC[NH2+]Cc2ccccc2)cnc2ccccc12)c1ccccc1,C28H21F2N4O+,1.0,35.0,56.0,1.0,14535dc0c29467e5a2025e460dd4c56daa4ee47103d82f94d59fb282b62251e7,-4.96402619211755,-67.967095430415,-0.141829319774787,4,4,4,matched,complete
ATP-HTVS-9DADF577E8AC,41122,m_270004dbb____8156874____24720236,41122-1,255,运行/运行/ATP-VSW/ATP-VSW-DOCK_HTVS_1-002_lib.maegz,COc1cc(CNc2ccc(C[NH+](C)C)c(F)c2)c(OC)c2ccccc12,COc1cc(CNc2ccc(C[NH+](C)C)c(F)c2)c(OC)c2ccccc12,c1ccc(NCc2ccc3ccccc3c2)cc1,C22H26FN2O2+,1.0,27.0,53.0,1.0,8d1c5ae133ec080c9b810b68902006bc288f886e13d25212c82d97d7041540d4,-4.5049171298659,-47.0574516340365,-0.166848782587626,2,2,2,matched,complete
ATP-HTVS-9DBDBA397665,91489,rxn207____EMOL2869317____EMOL36552477,91489-3,1288,运行/运行/ATP-VSW/ATP-VSW-DOCK_HTVS_1-001_lib/ATP-VSW-DOCK_HTVS_1-001_lib,Cc1ccc([C@@H](NCc2cc(OCc3ccccc3)cc(OCc3ccccc3)c2)C(=O)[O-])cc1,Cc1ccc(C(NCc2cc(OCc3ccccc3)cc(OCc3ccccc3)c2)C(=O)[O-])cc1,c1ccc(CNCc2cc(OCc3ccccc3)cc(OCc3ccccc3)c2)cc1,C30H28NO4-,-1.0,35.0,63.0,1.0,20d35d022e768290197e6c671eed89a1d8015d7e058de3ec9d0f6b55e174abe4,-1.6179247319782,-47.5618304912712,-0.0462264209136627,1,1,1,matched,complete
ATP-HTVS-9DFA3785F0DB,83778,rxn101____EMOL45491381____EMOL31508813,83778-1,759,运行/运行/ATP-VSW/ATP-VSW-DOCK_HTVS_1-002_lib.maegz,CNc1cccc(CNC(=O)c2cn(-c3ccccc3)c(=O)c3ccccc23)c1,CNc1cccc(CNC(=O)c2cn(-c3ccccc3)c(=O)c3ccccc23)c1,O=C(NCc1ccccc1)c1cn(-c2ccccc2)c(=O)c2ccccc12,C24H21N3O2,0.0,29.0,50.0,1.0,8b9ed6f32ca98a203f957b30ab0137a611ce7c72425b37118fcd610e3b38664c,-3.13995854180973,-41.4067737006346,-0.108274432476198,1,1,1,matched,complete
ATP-HTVS-9E45A7CB1B23,24003,m_22bbc____21205748____214827,24003-2,1015,运行/运行/ATP-VSW/ATP-VSW-DOCK_HTVS_1-003_lib/ATP-VSW-DOCK_HTVS_1-003_lib.mae,CC(C)Nc1ccc(CNC(=O)Cn2c(COc3ccccc3)[nH+]c3ccccc32)cc1,CC(C)Nc1ccc(CNC(=O)Cn2c(COc3ccccc3)[nH+]c3ccccc32)cc1,O=C(Cn1c(COc2ccccc2)[nH+]c2ccccc21)NCc1ccccc1,C26H29N4O2+,1.0,32.0,61.0,1.0,94fe3ef6d94068e30c52626b1519640c17317e1e43ba9f88349da917e0b5b182,-2.34711079073836,-60.4037752137658,-0.0733472122105736,1,1,1,matched,complete
ATP-HTVS-9E60DE94BDF0,48290,m_270006bbb____11615382____8411684,48290-2,214,运行/运行/ATP-VSW/ATP-VSW-DOCK_HTVS_1-002_lib.maegz,[NH3+][C@H](CNC(=O)c1oc2ccccc2c1CSc1ccc(F)cc1)c1ccccc1,[NH3+]C(CNC(=O)c1oc2ccccc2c1CSc1ccc(F)cc1)c1ccccc1,O=C(NCCc1ccccc1)c1oc2ccccc2c1CSc1ccccc1,C24H22FN2O2S+,1.0,30.0,52.0,1.0,b0d12b904374b784e0b38f8b53fe5be6282bf558cb205a00e7bed2f7d6dbb053,-4.60884128417233,-48.9464735488035,-0.153628042805744,4,4,4,matched,complete
ATP-HTVS-9F0B8180A605,37283,m_270004bda____24170338____11759814,37283-1,1042,运行/运行/ATP-VSW/ATP-VSW-DOCK_HTVS_1-003_lib/ATP-VSW-DOCK_HTVS_1-003_lib.mae,CCc1cccc(CN2CC(=O)Nc3ccccc3[C@H]2c2ccccc2)c1O,CCc1cccc(CN2CC(=O)Nc3ccccc3C2c2ccccc2)c1O,O=C1CN(Cc2ccccc2)C(c2ccccc2)c2ccccc2N1,C24H24N2O2,0.0,28.0,52.0,1.0,4be6bde339791f77e729c9860a2371543105cbe0b51b8e14db4044111c1b6cc7,-2.28715026993037,-37.8446490882812,-0.0816839382117991,2,2,2,matched,complete
ATP-HTVS-9F37D3A44946,93826,rxn502c____EMOL816037____EMOL49259969____EMOL49839592,93826-2,309,运行/运行/ATP-VSW/ATP-VSW-DOCK_HTVS_1-003_lib/ATP-VSW-DOCK_HTVS_1-003_lib.mae,CCN(c1c(CN(C)C(=O)c2ccc(C[NH+](C)C)o2)sc2ccccc12)[C@H](C#N)c1ccccc1,CCN(c1c(CN(C)C(=O)c2ccc(C[NH+](C)C)o2)sc2ccccc12)C(C#N)c1ccccc1,O=C(NCc1sc2ccccc2c1NCc1ccccc1)c1ccco1,C28H31N4O2S+,1.0,35.0,66.0,1.0,00ed61fa76dd02a50ef6cc0a3e9698824e4ae4444119fdb67b9ffe2371a41816,-4.33739838467517,-56.356236448222,-0.123925668133576,2,2,2,matched,complete
ATP-HTVS-9F5103B68EB9,61826,m_270004bbb____24794408____24720236,61826-1,192,运行/运行/ATP-VSW/ATP-VSW-DOCK_HTVS_1-002_lib.maegz,COc1cc(CNc2ccc(Cl)c(C[N@@H+](C)CCO)c2)c(OC)c2ccccc12,COc1cc(CNc2ccc(Cl)c(C[NH+](C)CCO)c2)c(OC)c2ccccc12,c1ccc(NCc2ccc3ccccc3c2)cc1,C23H28ClN2O3+,1.0,29.0,57.0,1.0,ee1774312fc76e919ab578e1e05ada4c2b75b4a74be8af0bb03d4c8342c845e2,-4.70043332703515,-58.3308130336418,-0.162083907828798,3,3,3,matched,complete
ATP-HTVS-9F7EB006111C,2945,YAS_R007____OTV5753507____OTV1038608____OTV1055862,2945-2,362,运行/运行/ATP-VSW/ATP-VSW-DOCK_HTVS_1-001_lib/ATP-VSW-DOCK_HTVS_1-001_lib,Cc1ccc([C@H](O)CNc2nc(NCc3ccccc3)[nH+]c3ccccc23)cc1,Cc1ccc(C(O)CNc2nc(NCc3ccccc3)[nH+]c3ccccc23)cc1,c1ccc(CCNc2nc(NCc3ccccc3)[nH+]c3ccccc23)cc1,C24H25N4O+,1.0,29.0,54.0,1.0,608e02b8927557818bbbd6d9aa19a2940faecdae566e6f7c8637a25e853ecade,-4.1751952883003,-48.3356447327339,-0.1439722513207,2,2,2,matched,complete
ATP-HTVS-9F81472CEEC6,90627,rxn503b____EMOL494614____EMOL7515103____EMOL317506007,90627-3,442,运行/运行/ATP-VSW/ATP-VSW-DOCK_HTVS_1-003_lib/ATP-VSW-DOCK_HTVS_1-003_lib.mae,C[C@@H]([NH2+]CC#Cc1cnc(NC(=O)c2ccc(C#N)cc2)c2ccccc12)c1ccc(F)cc1,CC([NH2+]CC#Cc1cnc(NC(=O)c2ccc(C#N)cc2)c2ccccc12)c1ccc(F)cc1,O=C(Nc1ncc(C#CC[NH2+]Cc2ccccc2)c2ccccc12)c1ccccc1,C28H22FN4O+,1.0,34.0,56.0,1.0,9e1c8c2f2c177d6bf3090295ecab5422587e6ebdb55632315dc36a3877c62a48,-3.92700618408481,-58.1070099489716,-0.115500181884847,4,4,4,matched,complete
ATP-HTVS-9F81613398D9,73347,rxn502b____EMOL48663751____EMOL4363915____EMOL2873214,73347-1,507,运行/运行/ATP-VSW/ATP-VSW-DOCK_HTVS_1-003_lib/ATP-VSW-DOCK_HTVS_1-003_lib.mae,C[NH+](C)Cc1cccc(CNc2cnc(NC(=O)c3cccc(F)c3F)c(-n3cccc3)c2)c1,C[NH+](C)Cc1cccc(CNc2cnc(NC(=O)c3cccc(F)c3F)c(-n3cccc3)c2)c1,O=C(Nc1ncc(NCc2ccccc2)cc1-n1cccc1)c1ccccc1,C26H26F2N5O+,1.0,34.0,60.0,1.0,7488f863b67d7a7a5d48ab51db5c5aae46a2576b06569870905a663d64210fef,-3.79144316095327,-52.7863914397812,-0.111513034145685,1,1,1,matched,complete
ATP-HTVS-9F8F78EE592C,70659,rxn502b____EMOL18624763____EMOL30488121____EMOL49839592,70659-2,124,运行/运行/ATP-VSW/ATP-VSW-DOCK_HTVS_1-003_lib/ATP-VSW-DOCK_HTVS_1-003_lib.mae,CCN(c1c(NC(=O)c2ccc(C[NH+](C)C)cc2)c[nH+]c2ccccc12)[C@H](C#N)c1ccccc1,CCN(c1c(NC(=O)c2ccc(C[NH+](C)C)cc2)c[nH+]c2ccccc12)C(C#N)c1ccccc1,O=C(Nc1c[nH+]c2ccccc2c1NCc1ccccc1)c1ccccc1,C29H31N5O+2,2.0,35.0,66.0,1.0,9f01e9f51751457d125ae6bf4ddbd4ddc56fde54495427ed07ba02f950b51dde,-4.99304401130794,-67.4943494085336,-0.142658400323084,8,8,8,matched,complete
ATP-HTVS-9F9A426F6493,36611,m_282030aaa____21928796____23157418____21950834,36611-2,289,运行/运行/ATP-VSW/ATP-VSW-DOCK_HTVS_1-003_lib/ATP-VSW-DOCK_HTVS_1-003_lib.mae,C[NH+](C)Cc1cccc(CNc2nc3ccccc3nc2N[C@@H](CC(N)=O)c2ccccc2)c1,C[NH+](C)Cc1cccc(CNc2nc3ccccc3nc2NC(CC(N)=O)c2ccccc2)c1,c1ccc(CNc2nc3ccccc3nc2NCc2ccccc2)cc1,C27H31N6O+,1.0,34.0,65.0,1.0,e3a5b32325446eb7bc6be33ff6dc4ce2b5cbf142bdbe0826a3c9be3d4d571c5b,-4.38124201372767,-61.7162971829157,-0.128860059227284,4,4,4,matched,complete
ATP-HTVS-A05CBA531631,30147,m_282030aaa____21893406____22360182____21967972,30147-1,170,运行/运行/ATP-VSW/ATP-VSW-DOCK_HTVS_1-003_lib/ATP-VSW-DOCK_HTVS_1-003_lib.mae,C[NH+](C)Cc1ccc(CCNc2nc(NCc3ccc(CO)cc3F)[nH+]c3ccccc23)cc1,C[NH+](C)Cc1ccc(CCNc2nc(NCc3ccc(CO)cc3F)[nH+]c3ccccc23)cc1,c1ccc(CCNc2nc(NCc3ccccc3)[nH+]c3ccccc23)cc1,C27H32FN5O+2,2.0,34.0,66.0,1.0,765d870773fdd33b82bddb37acdc2766ed1081d56990adc85a8c99a4b21a392c,-4.77909505067104,-65.8961752780511,-0.140561619137384,2,2,2,matched,complete
ATP-HTVS-A0BE83379585,57251,m_527bbb____9173210____4065512,57251-1,541,运行/运行/ATP-VSW/ATP-VSW-DOCK_HTVS_1-003_lib/ATP-VSW-DOCK_HTVS_1-003_lib.mae,Cc1ccc2nc(-c3cccnc3)cc(C(=O)NCc3ccc(CC[NH+](C)C)cc3)c2c1,Cc1ccc2nc(-c3cccnc3)cc(C(=O)NCc3ccc(CC[NH+](C)C)cc3)c2c1,O=C(NCc1ccccc1)c1cc(-c2cccnc2)nc2ccccc12,C27H29N4O+,1.0,32.0,61.0,1.0,d37857739e639a7f1d70302a41a79bce89b7092c64fbe088d34a2a710e6b3e49,-3.689922438493,-48.9698803436967,-0.115310076202906,1,1,1,matched,complete
ATP-HTVS-A0DD4911ADFC,80834,rxn502b____EMOL36369022____EMOL7515103____EMOL2873214,80834-1,737,运行/运行/ATP-VSW/ATP-VSW-DOCK_HTVS_1-002_lib.maegz,C[NH+](C)Cc1cccc(CNc2cnc(NC(=O)c3ccccc3C3(C#N)CC3)c3ccccc23)c1,C[NH+](C)Cc1cccc(CNc2cnc(NC(=O)c3ccccc3C3(C#N)CC3)c3ccccc23)c1,O=C(Nc1ncc(NCc2ccccc2)c2ccccc12)c1ccccc1C1CC1,C30H30N5O+,1.0,36.0,66.0,1.0,867d1f23b37d3d0197ce3658b73d4b39b2fe718aa3634da030c8572aa283fab1,-3.1859202757174,-50.0823694226374,-0.0884977854365946,2,2,2,matched,complete
ATP-HTVS-A10345D75118,25475,m_282030aaa____21915056____23157418____21940090,25475-1,201,运行/运行/ATP-VSW/ATP-VSW-DOCK_HTVS_1-003_lib/ATP-VSW-DOCK_HTVS_1-003_lib.mae,CN(Cc1ccc([S@@](C)=O)cc1)c1nc2ccccc2nc1NCc1cccc(C[NH+](C)C)c1,CN(Cc1ccc(S(C)=O)cc1)c1nc2ccccc2nc1NCc1cccc(C[NH+](C)C)c1,c1ccc(CNc2nc3ccccc3nc2NCc2ccccc2)cc1,C27H32N5OS+,1.0,34.0,66.0,1.0,3084bc20052254c5bcbc90bdd612cf814ea6e89542a000d79a71439f019b77a7,-4.67048245005305,-62.7459027455756,-0.137367130883913,4,4,4,matched,complete
ATP-HTVS-A11F200701F2,51714,m_282030aaa____21902366____22360182____21974936,51714-1,230,运行/运行/ATP-VSW/ATP-VSW-DOCK_HTVS_1-002_lib.maegz,CNc1ccc(CNc2nc(NCc3ccc(F)cc3C[NH+](C)C)c3ccccc3[nH+]2)cc1,CNc1ccc(CNc2nc(NCc3ccc(F)cc3C[NH+](C)C)c3ccccc3[nH+]2)cc1,c1ccc(CNc2nc(NCc3ccccc3)c3ccccc3[nH+]2)cc1,C26H31FN6+2,2.0,33.0,64.0,1.0,89631824f9a0b5a64095b25101c566190c7d9582be1118f0d04832db46e72907,-4.56467270844264,-65.2910111483779,-0.138323415407353,2,2,2,matched,complete
ATP-HTVS-A12862845571,36162,m_282030aaa____21926464____23157418____21941636,36162-1,175,运行/运行/ATP-VSW/ATP-VSW-DOCK_HTVS_1-002_lib.maegz,Cc1cc(CNc2nc3ccccc3nc2NCCc2ccc(C[NH+](C)C)cc2)ccc1N,Cc1cc(CNc2nc3ccccc3nc2NCCc2ccc(C[NH+](C)C)cc2)ccc1N,c1ccc(CCNc2nc3ccccc3nc2NCc2ccccc2)cc1,C27H33N6+,1.0,33.0,66.0,1.0,9b5b8a3d138beae9ebe8e71df3ed3fb08043bd2119fe0d611441290cc31b409e,-4.7765234933544,-61.4231053470673,-0.144743136162254,3,3,3,matched,complete
ATP-HTVS-A1381500D8FF,28897,m_2230bdc____17849930____16809130,28897-1,989,运行/运行/ATP-VSW/ATP-VSW-DOCK_HTVS_1-001_lib/ATP-VSW-DOCK_HTVS_1-001_lib,CC(C)Oc1ccc(CN2CC(=O)Nc3ccccc3[C@H]2c2ccccc2)cc1,CC(C)Oc1ccc(CN2CC(=O)Nc3ccccc3C2c2ccccc2)cc1,O=C1CN(Cc2ccccc2)C(c2ccccc2)c2ccccc2N1,C25H26N2O2,0.0,29.0,55.0,1.0,0893b569ce51fe51cbcbe46927b6323026928336527b3e486de30dcbeed0d996,-2.47390943571033,-37.8141460974156,-0.0853072219210459,2,2,2,matched,complete
ATP-HTVS-A1F737581FBF,84547,rxn305____EMOL17003114____EMOL6199905,84547-1,101,运行/运行/ATP-VSW/ATP-VSW-DOCK_HTVS_1-003_lib/ATP-VSW-DOCK_HTVS_1-003_lib.mae,c1ccc(C[NH2+]CCc2nc3ccccc3n2Cc2ccccc2)cc1,c1ccc(C[NH2+]CCc2nc3ccccc3n2Cc2ccccc2)cc1,c1ccc(C[NH2+]CCc2nc3ccccc3n2Cc2ccccc2)cc1,C23H24N3+,1.0,26.0,50.0,1.0,540a0390ff9ba521dfbfa62dd7a6471e047432b5784f9c39b951439aa6bdda78,-5.09248195268047,-57.4406922387946,-0.19586469048771,1,1,1,matched,complete
ATP-HTVS-A20FC30C18FA,37827,m_282030aaa____21928796____22360182____21939938,37827-1,532,运行/运行/ATP-VSW/ATP-VSW-DOCK_HTVS_1-003_lib/ATP-VSW-DOCK_HTVS_1-003_lib.mae,C[NH+](C)Cc1cccc(CNc2nc(NCc3c(N)cccc3F)[nH+]c3ccccc23)c1,C[NH+](C)Cc1cccc(CNc2nc(NCc3c(N)cccc3F)[nH+]c3ccccc23)c1,c1ccc(CNc2nc(NCc3ccccc3)c3ccccc3[nH+]2)cc1,C25H29FN6+2,2.0,32.0,61.0,1.0,8045286956b4097c1550c036d7671ff67c7aab6cb1420ed73e8a46ef20b80a65,-3.72303822103631,-49.1081745608989,-0.116344944407385,3,3,3,matched,complete
ATP-HTVS-A257C47BE0F3,3587,YAS_R016____OTV5753507____OTV1000393____OTV2848234,3587-1,208,运行/运行/ATP-VSW/ATP-VSW-DOCK_HTVS_1-003_lib/ATP-VSW-DOCK_HTVS_1-003_lib.mae,C[NH+](C)[C@@H](CNC(=O)c1cc(CC(=O)Nc2ccccc2)nc2ccccc12)c1ccc(O)cc1,C[NH+](C)C(CNC(=O)c1cc(CC(=O)Nc2ccccc2)nc2ccccc12)c1ccc(O)cc1,O=C(Cc1cc(C(=O)NCCc2ccccc2)c2ccccc2n1)Nc1ccccc1,C28H29N4O3+,1.0,35.0,64.0,1.0,da7bb9d2af7517e761d69936d70349958259b865240dd90588323e19603d045b,-4.6397364602869,-60.0159308359305,-0.13256389886534,4,4,4,matched,complete
ATP-HTVS-A25C4EA68E32,90658,rxn502b____EMOL18624763____EMOL30488121____EMOL477532,90658-2,397,运行/运行/ATP-VSW/ATP-VSW-DOCK_HTVS_1-002_lib.maegz,C[NH+](C)Cc1ccc(C(=O)Nc2c[nH+]c3ccccc3c2Nc2ccccc2)cc1,C[NH+](C)Cc1ccc(C(=O)Nc2c[nH+]c3ccccc3c2Nc2ccccc2)cc1,O=C(Nc1c[nH+]c2ccccc2c1Nc1ccccc1)c1ccccc1,C25H26N4O+2,2.0,30.0,56.0,1.0,fbc0969c52507795adac694413f647db17483b6d61c608029059aa98e8ba47dc,-4.11001446067938,-55.452681617608,-0.137000482022646,4,4,4,matched,complete
ATP-HTVS-A27D1CDFC59C,12003,a4____174475____300740,12003-4,813,运行/运行/ATP-VSW/ATP-VSW-DOCK_HTVS_1-003_lib/ATP-VSW-DOCK_HTVS_1-003_lib.mae,CC[N@H+](Cc1ccc(CN(C)C)cc1)Cc1cn(-c2ccccc2)nc1-c1ccc([N+](=O)[O-])cc1,CC[NH+](Cc1ccc(CN(C)C)cc1)Cc1cn(-c2ccccc2)nc1-c1ccc([N+](=O)[O-])cc1,c1ccc(C[NH2+]Cc2cn(-c3ccccc3)nc2-c2ccccc2)cc1,C28H32N5O2+,1.0,35.0,67.0,1.0,cc5854007f88fcfb9621a8652435f77bd33579cb9e145360c5fcf75bdaa980ab,-2.90530563951609,-54.6520963038377,-0.0830087325576027,1,1,1,matched,complete
ATP-HTVS-A286808FA942,81442,rxn502b____EMOL918492____EMOL44466703____EMOL712348,81442-1,248,运行/运行/ATP-VSW/ATP-VSW-DOCK_HTVS_1-002_lib.maegz,Cc1ccc(C(=O)Nc2nc3ccccc3cc2N(CC#N)c2ccccc2)c(Cl)c1,Cc1ccc(C(=O)Nc2nc3ccccc3cc2N(CC#N)c2ccccc2)c(Cl)c1,O=C(Nc1nc2ccccc2cc1Nc1ccccc1)c1ccccc1,C25H19ClN4O,0.0,31.0,50.0,1.0,80ad3f1e1fe4a065b8a7154e8ed02cd85919215c0c9d805d59972507ada7a07c,-4.51886797041443,-38.814975228856,-0.145769934529498,1,1,1,matched,complete
ATP-HTVS-A28F95EF9540,45281,m_2230bdc____17626620____7347192,45281-1,1419,运行/运行/ATP-VSW/ATP-VSW-DOCK_HTVS_1-001_lib/ATP-VSW-DOCK_HTVS_1-001_lib,CC(C)(C#N)c1ccccc1CN1CC(=O)Nc2ccc(Br)cc2[C@H]1c1ccccc1,CC(C)(C#N)c1ccccc1CN1CC(=O)Nc2ccc(Br)cc2C1c1ccccc1,O=C1CN(Cc2ccccc2)C(c2ccccc2)c2ccccc2N1,C26H24BrN3O,0.0,31.0,55.0,1.0,49a83b6ddcaac384a5e60891e3ec106b441262661a332980597a9c4c243834b0,-0.786560204974218,-30.4630335672802,-0.025372909837878,2,2,2,matched,complete
ATP-HTVS-A2CFD20ABAD2,83203,rxn502b____EMOL525400____EMOL30488121____EMOL109645890,83203-3,523,运行/运行/ATP-VSW/ATP-VSW-DOCK_HTVS_1-003_lib/ATP-VSW-DOCK_HTVS_1-003_lib.mae,CN(C)c1ccc(CCNc2c(NC(=O)Cc3ccc(C#N)cc3)cnc3ccccc23)cc1,CN(C)c1ccc(CCNc2c(NC(=O)Cc3ccc(C#N)cc3)cnc3ccccc23)cc1,O=C(Cc1ccccc1)Nc1cnc2ccccc2c1NCCc1ccccc1,C28H27N5O,0.0,34.0,61.0,1.0,a80a247d3464a5783764dd24fdf1a24afee34612dbe4fd8b78c68454ab93281f,-3.7514730124561,-65.0178465236753,-0.110337441542826,2,2,2,matched,complete
ATP-HTVS-A2EC0CC51325,66753,m_270004bbb____25289968____7547724,66753-1,75,运行/运行/ATP-VSW/ATP-VSW-DOCK_HTVS_1-001_lib/ATP-VSW-DOCK_HTVS_1-001_lib,N#CCCn1cc(C[NH2+]Cc2ccccc2NCCO)c(-c2ccccc2)n1,N#CCCn1cc(C[NH2+]Cc2ccccc2NCCO)c(-c2ccccc2)n1,c1ccc(C[NH2+]Cc2c[nH]nc2-c2ccccc2)cc1,C22H26N5O+,1.0,28.0,54.0,1.0,f36e0df197dbd8526aa1afde8531318ea94228b3655e4515175b513432e3e149,-5.13011357087378,-64.8720130342123,-0.183218341816921,2,2,2,matched,complete
ATP-HTVS-A2ECE24B89CB,24515,m_282030aaa____21933634____22360182____21958566,24515-1,278,运行/运行/ATP-VSW/ATP-VSW-DOCK_HTVS_1-003_lib/ATP-VSW-DOCK_HTVS_1-003_lib.mae,CN(Cc1cccc(N)c1)c1nc(N(C)Cc2ccc(C[NH+](C)C)cc2)c2ccccc2[nH+]1,CN(Cc1cccc(N)c1)c1nc(N(C)Cc2ccc(C[NH+](C)C)cc2)c2ccccc2[nH+]1,c1ccc(CNc2nc(NCc3ccccc3)c3ccccc3[nH+]2)cc1,C27H34N6+2,2.0,33.0,67.0,1.0,4bdca548906f1ca9e1d5dca84ec6a6a9a47af7e7ef3af82db65171b98476b892,-4.42055691359543,-59.8654149096636,-0.133956270108952,1,1,1,matched,complete
ATP-HTVS-A2FDB4A8FB56,72417,rxn502b____EMOL530620____EMOL44466703____EMOL108753565,72417-1,141,运行/运行/ATP-VSW/ATP-VSW-DOCK_HTVS_1-001_lib/ATP-VSW-DOCK_HTVS_1-001_lib,C[NH2+]Cc1ccc(CNc2cc3ccccc3nc2NC(=O)Cc2ccccc2)cc1,C[NH2+]Cc1ccc(CNc2cc3ccccc3nc2NC(=O)Cc2ccccc2)cc1,O=C(Cc1ccccc1)Nc1nc2ccccc2cc1NCc1ccccc1,C26H27N4O+,1.0,31.0,58.0,1.0,fa1a8c2614358a17b445ce3372c4a504c6b1560cf5c1f936fcd8db305253d845,-4.82971998702599,-62.1287653093936,-0.155797418936322,2,2,2,matched,complete
ATP-HTVS-A305C0BD9D10,76386,rxn403____EMOL2873214____EMOL514739____EMOL525215,76386-2,125,运行/运行/ATP-VSW/ATP-VSW-DOCK_HTVS_1-002_lib.maegz,C[NH+](C)Cc1cccc(CN[C@@H](C#Cc2cccc(O)c2)c2cc3ccccc3o2)c1,C[NH+](C)Cc1cccc(CNC(C#Cc2cccc(O)c2)c2cc3ccccc3o2)c1,C(#CC(NCc1ccccc1)c1cc2ccccc2o1)c1ccccc1,C27H27N2O2+,1.0,31.0,58.0,1.0,85177022748657592dd87277eb48d81109df95ce72f52a3cb2a8713c3529e08f,-5.00305377577559,-56.7494334167593,-0.161388831476632,2,2,2,matched,complete
ATP-HTVS-A343C43AF9EC,23169,m_270004bbb____8295396____21002124,23169-3,1239,运行/运行/ATP-VSW/ATP-VSW-DOCK_HTVS_1-001_lib/ATP-VSW-DOCK_HTVS_1-001_lib,Cc1ccccc1[C@@H](O)CNCc1c(OCc2ccccc2)ccc2ccccc12,Cc1ccccc1C(O)CNCc1c(OCc2ccccc2)ccc2ccccc12,c1ccc(CCNCc2c(OCc3ccccc3)ccc3ccccc23)cc1,C27H27NO2,0.0,30.0,57.0,1.0,daa59c146fd25f80db94fbf5aef1e4abfc8c7a7e4e7dfc49d6ac9b54d892e16a,-1.75974619112291,-46.1485219978101,-0.0586582063707636,1,1,1,matched,complete
ATP-HTVS-A345DB3E7236,69795,rxn502b____EMOL492715____EMOL30488121____EMOL50155899,69795-2,1039,运行/运行/ATP-VSW/ATP-VSW-DOCK_HTVS_1-003_lib/ATP-VSW-DOCK_HTVS_1-003_lib.mae,CN(C)Cc1ccc(CNc2c(NC(=O)Cc3cccc(Cl)c3)c[nH+]c3ccccc23)cc1,CN(C)Cc1ccc(CNc2c(NC(=O)Cc3cccc(Cl)c3)c[nH+]c3ccccc23)cc1,O=C(Cc1ccccc1)Nc1c[nH+]c2ccccc2c1NCc1ccccc1,C27H28ClN4O+,1.0,33.0,61.0,1.0,085ad7bf5705dddbd425389a553132eed26e5a15bbb623718b2ade830c5f9a4b,-2.29234877703406,-51.1324019668529,-0.0694651144555776,1,1,1,matched,complete
ATP-HTVS-A361D156A19C,49762,m_2230bdc____14772912____9173500,49762-2,1355,运行/运行/ATP-VSW/ATP-VSW-DOCK_HTVS_1-002_lib.maegz,O=C1CN(Cc2cccc(Cl)c2F)[C@H](c2ccccc2F)c2cc(Cl)ccc2N1,O=C1CN(Cc2cccc(Cl)c2F)C(c2ccccc2F)c2cc(Cl)ccc2N1,O=C1CN(Cc2ccccc2)C(c2ccccc2)c2ccccc2N1,C22H16Cl2F2N2O,0.0,29.0,45.0,1.0,ac166d2da04f02b0f4bcbb91398cbcb3eb7d9247739b3e2fe15d9297a8475347,-1.19288878012677,-29.9015028336052,-0.0411340958664402,2,2,2,matched,complete
ATP-HTVS-A38ED211E8B3,94083,rxn512c____EMOL530647____EMOL43362984____EMOL31232878,94083-1,1171,运行/运行/ATP-VSW/ATP-VSW-DOCK_HTVS_1-003_lib/ATP-VSW-DOCK_HTVS_1-003_lib.mae,C[NH+](C)CCc1ccc(Nc2c(C(=O)N(CC[NH3+])c3ccccc3)c(=O)[nH]c3ccccc23)cc1,C[NH+](C)CCc1ccc(Nc2c(C(=O)N(CC[NH3+])c3ccccc3)c(=O)[nH]c3ccccc23)cc1,O=C(Nc1ccccc1)c1c(Nc2ccccc2)c2ccccc2[nH]c1=O,C28H33N5O2+2,2.0,35.0,68.0,1.0,963e5d70b3eb59a37fe8fa8d7cb684a899a6f02ac6d3604ffb78fe88b558542c,-1.9539239976085,-45.4361447030342,-0.0558263999316714,1,1,1,matched,complete
ATP-HTVS-A3A98DB30213,66146,m_282030aaa____21930070____22360182____21948120,66146-2,281,运行/运行/ATP-VSW/ATP-VSW-DOCK_HTVS_1-002_lib.maegz,CC[N@H+](C)Cc1cccc(CNc2nc(NCc3ccccc3[N+](=O)[O-])c3ccccc3[nH+]2)c1,CC[NH+](C)Cc1cccc(CNc2nc(NCc3ccccc3[N+](=O)[O-])c3ccccc3[nH+]2)c1,c1ccc(CNc2nc(NCc3ccccc3)c3ccccc3[nH+]2)cc1,C26H30N6O2+2,2.0,34.0,64.0,1.0,5456b2692ba3e5b431b3f0d311cd2f5e7b3aec707fd4534b99a0a342d0ca2d2a,-4.43364552155635,-59.1876752808573,-0.130401338869304,4,4,4,matched,complete
ATP-HTVS-A3FFA90B66AA,58403,m_270004beb____8295862____24720860,58403-7,32,运行/运行/ATP-VSW/ATP-VSW-DOCK_HTVS_1-003_lib/ATP-VSW-DOCK_HTVS_1-003_lib.mae,C[C@H]([NH2+]Cc1nc2ccccc2n1Cc1ccccc1)[C@H](O)c1ccc(Br)cc1,CC([NH2+]Cc1nc2ccccc2n1Cc1ccccc1)C(O)c1ccc(Br)cc1,c1ccc(CC[NH2+]Cc2nc3ccccc3n2Cc2ccccc2)cc1,C24H25BrN3O+,1.0,29.0,54.0,1.0,a383a316a50badfb83bcca48d184bf69fec7366cfcfd5d3e3f8912bb69e704d6,-5.67375171778163,-67.750893020697,-0.195646610957987,2,2,2,matched,complete
ATP-HTVS-A44EAAD38847,47618,m_2230bbb____8643106____18339498,47618-5,719,运行/运行/ATP-VSW/ATP-VSW-DOCK_HTVS_1-002_lib.maegz,CN(C)Cc1cccc(C[NH2+][C@@H](Cn2cnc3ccccc32)c2ccc(F)cc2)c1,CN(C)Cc1cccc(C[NH2+]C(Cn2cnc3ccccc32)c2ccc(F)cc2)c1,c1ccc(C[NH2+]C(Cn2cnc3ccccc32)c2ccccc2)cc1,C25H28FN4+,1.0,30.0,58.0,1.0,1c86d8f8681af1bf53e127db087b543673b85b60ce6a27ba8e7c7279192cf3cf,-3.24160266592602,-59.9573901477724,-0.108053422197534,4,4,4,matched,complete
ATP-HTVS-A459F36766D8,51650,m_282030aaa____21930070____22360182____21939938,51650-1,502,运行/运行/ATP-VSW/ATP-VSW-DOCK_HTVS_1-002_lib.maegz,CC[N@@H+](C)Cc1cccc(CNc2nc(NCc3c(N)cccc3F)[nH+]c3ccccc23)c1,CC[NH+](C)Cc1cccc(CNc2nc(NCc3c(N)cccc3F)[nH+]c3ccccc23)c1,c1ccc(CNc2nc(NCc3ccccc3)c3ccccc3[nH+]2)cc1,C26H31FN6+2,2.0,33.0,64.0,1.0,bd3a284efa8899313d04e978990a630f407cb81bd6b4618760fc5a78041da3e2,-3.83139864407395,-54.3149749783018,-0.116102989214362,5,5,5,matched,complete
ATP-HTVS-A4810EBC0F15,61601,m_270006bbb____11732418____8405570,61601-1,176,运行/运行/ATP-VSW/ATP-VSW-DOCK_HTVS_1-001_lib/ATP-VSW-DOCK_HTVS_1-001_lib,C[NH2+]Cc1ccccc1CNC(=O)c1cc(-c2ccncc2)nc2ccccc12,C[NH2+]Cc1ccccc1CNC(=O)c1cc(-c2ccncc2)nc2ccccc12,O=C(NCc1ccccc1)c1cc(-c2ccncc2)nc2ccccc12,C24H23N4O+,1.0,29.0,52.0,1.0,a4a723b13f50a8f372176234a07e348bdc7f6df188091819878eb26099a3266a,-4.69140925514017,-57.3841968364379,-0.161772732935868,2,2,2,matched,complete
ATP-HTVS-A4BDF0A6C58A,61058,m_207bba____12219688____109736,61058-2,44,运行/运行/ATP-VSW/ATP-VSW-DOCK_HTVS_1-002_lib.maegz,COc1ccc(C[NH2+]C[C@@H]2c3ccccc3C(=O)N2Cc2ccccc2)c(OC)c1,COc1ccc(C[NH2+]CC2c3ccccc3C(=O)N2Cc2ccccc2)c(OC)c1,O=C1c2ccccc2C(C[NH2+]Cc2ccccc2)N1Cc1ccccc1,C25H27N2O3+,1.0,30.0,57.0,1.0,9c97509cc1abd4bd9e3dd02cf391ebb1beab7d412395cbb09f75469b316865e8,-5.67800417241926,-60.3127744351112,-0.189266805747309,4,4,4,matched,complete
ATP-HTVS-A4F2667C3349,72738,rxn502b____EMOL480467____EMOL7515103____EMOL2873214,72738-1,523,运行/运行/ATP-VSW/ATP-VSW-DOCK_HTVS_1-002_lib.maegz,C[NH+](C)Cc1cccc(CNc2cnc(NC(=O)Cc3ccccc3[N+](=O)[O-])c3ccccc23)c1,C[NH+](C)Cc1cccc(CNc2cnc(NC(=O)Cc3ccccc3[N+](=O)[O-])c3ccccc23)c1,O=C(Cc1ccccc1)Nc1ncc(NCc2ccccc2)c2ccccc12,C27H28N5O3+,1.0,35.0,63.0,1.0,86d1041d521a954ca152b5404484535c98e0f96a2f75395e763aa2bdfed3ba4f,-3.7697979650076,-53.5319232448538,-0.107708513285931,3,3,3,matched,complete
ATP-HTVS-A521B3182CFE,21155,m_282030aaa____21917614____22360182____21967972,21155-1,234,运行/运行/ATP-VSW/ATP-VSW-DOCK_HTVS_1-003_lib/ATP-VSW-DOCK_HTVS_1-003_lib.mae,CN(Cc1cccc(N)c1)c1nc(NCCc2ccc(C[NH+](C)C)cc2)[nH+]c2ccccc12,CN(Cc1cccc(N)c1)c1nc(NCCc2ccc(C[NH+](C)C)cc2)[nH+]c2ccccc12,c1ccc(CCNc2nc(NCc3ccccc3)c3ccccc3[nH+]2)cc1,C27H34N6+2,2.0,33.0,67.0,1.0,180cca08cdd066ff5731662f1becb94567a39c661e48122c6981fbeb210f11a9,-4.55660398916924,-56.8563737136709,-0.138078908762704,1,1,1,matched,complete
ATP-HTVS-A5353E166184,71683,rxn502b____EMOL485774____EMOL30488121____EMOL50155899,71683-1,485,运行/运行/ATP-VSW/ATP-VSW-DOCK_HTVS_1-003_lib/ATP-VSW-DOCK_HTVS_1-003_lib.mae,C[NH+](C)Cc1ccc(CNc2c(NC(=O)c3c(F)cccc3Cl)c[nH+]c3ccccc23)cc1,C[NH+](C)Cc1ccc(CNc2c(NC(=O)c3c(F)cccc3Cl)c[nH+]c3ccccc23)cc1,O=C(Nc1c[nH+]c2ccccc2c1NCc1ccccc1)c1ccccc1,C26H26ClFN4O+2,2.0,33.0,59.0,1.0,b4bbcf9b89d859bf02c214a1a15a7330c70fff36521276e80706c88b517c8091,-3.8367353083768,-57.1185627107943,-0.116264706314448,3,3,3,matched,complete
ATP-HTVS-A53B334F5824,50977,m_270004bbb____12219716____7548208,50977-2,21,运行/运行/ATP-VSW/ATP-VSW-DOCK_HTVS_1-001_lib/ATP-VSW-DOCK_HTVS_1-001_lib,COc1ccc(C[NH2+]C[C@@H]2c3ccccc3C(=O)N2Cc2ccccc2)cc1F,COc1ccc(C[NH2+]CC2c3ccccc3C(=O)N2Cc2ccccc2)cc1F,O=C1c2ccccc2C(C[NH2+]Cc2ccccc2)N1Cc1ccccc1,C24H24FN2O2+,1.0,29.0,53.0,1.0,cf35e5901a362f2d19376449f69ed9e10b13ead63882c09b18019956a347bc28,-5.82573794113561,-67.4934468604438,-0.200887515211573,4,4,4,matched,complete
ATP-HTVS-A5A2B8D72F00,38882,m_270004bbb____12219716____7548602,38882-1,73,运行/运行/ATP-VSW/ATP-VSW-DOCK_HTVS_1-002_lib.maegz,O=C1c2ccccc2[C@H](C[NH2+]Cc2cc(Cl)ccc2O)N1Cc1ccccc1,O=C1c2ccccc2C(C[NH2+]Cc2cc(Cl)ccc2O)N1Cc1ccccc1,O=C1c2ccccc2C(C[NH2+]Cc2ccccc2)N1Cc1ccccc1,C23H22ClN2O2+,1.0,28.0,50.0,1.0,57498fb39b1e65601378e34783fb957aac14d25359e5de486158126715e36447,-5.3545965868063,-63.2350854509372,-0.191235592385939,6,6,6,matched,complete
ATP-HTVS-A5C0EA33BE09,60675,m_270004bbb____24792668____24720908,60675-1,95,运行/运行/ATP-VSW/ATP-VSW-DOCK_HTVS_1-003_lib/ATP-VSW-DOCK_HTVS_1-003_lib.mae,C[NH+](C)Cc1cc(F)ccc1C[NH2+]Cc1c(-c2ccccc2)[nH]c2ccccc12,C[NH+](C)Cc1cc(F)ccc1C[NH2+]Cc1c(-c2ccccc2)[nH]c2ccccc12,c1ccc(C[NH2+]Cc2c(-c3ccccc3)[nH]c3ccccc23)cc1,C25H28FN3+2,2.0,29.0,57.0,1.0,5630623a411ac94cecf2c642fb41c9d9f034e899ec06b69f77447218238ee57b,-5.13859875976645,-67.254397553413,-0.177193060681602,2,2,2,matched,complete
ATP-HTVS-A6599D500180,29250,m_207bba____12219688____13612918,29250-3,997,运行/运行/ATP-VSW/ATP-VSW-DOCK_HTVS_1-002_lib.maegz,O=C1c2ccccc2[C@H](CNCc2c(Cl)cccc2Br)N1Cc1ccccc1,O=C1c2ccccc2C(CNCc2c(Cl)cccc2Br)N1Cc1ccccc1,O=C1c2ccccc2C(CNCc2ccccc2)N1Cc1ccccc1,C23H20BrClN2O,0.0,28.0,48.0,1.0,46b3ca89411be92f7e8908616192f68c21e2cb02a04881d5a2f9b87f5faa39f3,-2.44374790629876,-45.534146649585,-0.0872767109392413,1,1,1,matched,complete
ATP-HTVS-A67C5EBB60CA,75841,rxn503b____EMOL480289____EMOL44466703____EMOL1197208,75841-2,296,运行/运行/ATP-VSW/ATP-VSW-DOCK_HTVS_1-001_lib/ATP-VSW-DOCK_HTVS_1-001_lib,O=C(Nc1nc2ccccc2cc1C#CC[NH2+]Cc1ccccc1)c1ccc(F)cc1,O=C(Nc1nc2ccccc2cc1C#CC[NH2+]Cc1ccccc1)c1ccc(F)cc1,O=C(Nc1nc2ccccc2cc1C#CC[NH2+]Cc1ccccc1)c1ccccc1,C26H21FN3O+,1.0,31.0,52.0,1.0,a0a94450c20b9883926f7e42456c0cc4df0b421d96212fb5c37518f6b26a350b,-4.35137881696567,-56.7593314064498,-0.140367058611796,1,1,1,matched,complete
ATP-HTVS-A67DD6FB98A9,70562,rxn502b____EMOL519605____EMOL44466703____EMOL50155899,70562-1,254,运行/运行/ATP-VSW/ATP-VSW-DOCK_HTVS_1-002_lib.maegz,C[NH+](C)Cc1ccc(CNc2cc3ccccc3nc2NC(=O)c2cccc(O)c2)cc1,C[NH+](C)Cc1ccc(CNc2cc3ccccc3nc2NC(=O)c2cccc(O)c2)cc1,O=C(Nc1nc2ccccc2cc1NCc1ccccc1)c1ccccc1,C26H27N4O2+,1.0,32.0,59.0,1.0,b7c98c846c411dfc819e1551c2597cc7596a1c5f826c85d250e682ef1befb833,-4.50992221844652,-60.1590128737545,-0.140935069326454,2,2,2,matched,complete
ATP-HTVS-A6800539A705,75618,rxn502b____EMOL44750519____EMOL44466703____EMOL50155899,75618-2,1139,运行/运行/ATP-VSW/ATP-VSW-DOCK_HTVS_1-002_lib.maegz,COC(=O)c1ccccc1CC(=O)Nc1nc2ccccc2cc1NCc1ccc(CN(C)C)cc1,COC(=O)c1ccccc1CC(=O)Nc1nc2ccccc2cc1NCc1ccc(CN(C)C)cc1,O=C(Cc1ccccc1)Nc1nc2ccccc2cc1NCc1ccccc1,C29H30N4O3,0.0,36.0,66.0,1.0,6d3628716a06f84eb43081f2e4949a3a1bc61206c321f0b94661bfcc40b7d5f2,-2.05448620479741,-42.7083030387076,-0.0570690612443726,1,1,1,matched,complete
ATP-HTVS-A693217A85AE,38275,m_270004bbb____8349656____20640242,38275-1,377,运行/运行/ATP-VSW/ATP-VSW-DOCK_HTVS_1-003_lib/ATP-VSW-DOCK_HTVS_1-003_lib.mae,C[NH+](C)Cc1cccc(C[NH2+]Cc2ccc(Oc3ccc(Br)cc3)nc2)c1,C[NH+](C)Cc1cccc(C[NH2+]Cc2ccc(Oc3ccc(Br)cc3)nc2)c1,c1ccc(C[NH2+]Cc2ccc(Oc3ccccc3)nc2)cc1,C22H26BrN3O+2,2.0,27.0,53.0,1.0,b8bf982e9f833356bafb514092d7304378bf076eb00720d0296659fd8396b895,-4.10042496262914,-56.8296953517665,-0.151867591208487,3,3,3,matched,complete
ATP-HTVS-A6940AB4AD1D,24387,m_270004bbb____25289968____24720450,24387-1,184,运行/运行/ATP-VSW/ATP-VSW-DOCK_HTVS_1-003_lib/ATP-VSW-DOCK_HTVS_1-003_lib.mae,COc1cc2ccccc2c(C[NH2+]Cc2ccccc2NCCO)c1OC,COc1cc2ccccc2c(C[NH2+]Cc2ccccc2NCCO)c1OC,c1ccc(C[NH2+]Cc2cccc3ccccc23)cc1,C22H27N2O3+,1.0,27.0,54.0,1.0,47cc0f5a18a12cc9b48f2c5f7b3f618e492e386a80386e255ccf052e5e0e44cc,-4.73510659521291,-54.7395030311656,-0.175374318341219,2,2,2,matched,complete
ATP-HTVS-A6CB9DE84F6F,84034,rxn502b____EMOL1542108____EMOL44466703____EMOL24630243,84034-2,608,运行/运行/ATP-VSW/ATP-VSW-DOCK_HTVS_1-002_lib.maegz,CN(c1cc2ccccc2nc1NC(=O)c1ccccc1OCC[NH+](C)C)[C@H](C#N)c1ccccc1,CN(c1cc2ccccc2nc1NC(=O)c1ccccc1OCC[NH+](C)C)C(C#N)c1ccccc1,O=C(Nc1nc2ccccc2cc1NCc1ccccc1)c1ccccc1,C29H30N5O2+,1.0,36.0,66.0,1.0,8539e97ff80d62ab794e923f8d788203e76fa9512fc69acb6e85541699e2264c,-3.54487212404472,-54.0734810917042,-0.0984686701123534,3,3,3,matched,complete
ATP-HTVS-A6D74CA540BA,89537,rxn503b____EMOL483931____EMOL30488121____EMOL317509298,89537-2,126,运行/运行/ATP-VSW/ATP-VSW-DOCK_HTVS_1-001_lib/ATP-VSW-DOCK_HTVS_1-001_lib,C[C@H](NCC#Cc1c(NC(=O)c2cccc(C#N)c2)cnc2ccccc12)c1ccccc1F,CC(NCC#Cc1c(NC(=O)c2cccc(C#N)c2)cnc2ccccc12)c1ccccc1F,O=C(Nc1cnc2ccccc2c1C#CCNCc1ccccc1)c1ccccc1,C28H21FN4O,0.0,34.0,55.0,1.0,1fcc00b8d045d1944f490110787345548d1d6483aac79a3369cb958653c0036f,-4.89429447555377,-55.5449028911453,-0.143949837516287,4,4,4,matched,complete
ATP-HTVS-A7093622CBF0,20771,Timmer____107103830____107684799____54823033,20771-3,328,运行/运行/ATP-VSW/ATP-VSW-DOCK_HTVS_1-003_lib/ATP-VSW-DOCK_HTVS_1-003_lib.mae,CO[C@@](NC(=O)[C@@H](C)c1ccc(NC(C)C)cc1)(C(=O)NCc1ccccc1)c1coc2ccccc12,COC(NC(=O)C(C)c1ccc(NC(C)C)cc1)(C(=O)NCc1ccccc1)c1coc2ccccc12,O=C(Cc1ccccc1)NC(C(=O)NCc1ccccc1)c1coc2ccccc12,C30H33N3O4,0.0,37.0,70.0,1.0,a8e2778cbb505f79e2ca86f1c801f8197d9ef3ded71175b1cb28d54533ea77d1,-4.26839239430932,-54.8947430764578,-0.115361956602955,4,4,4,matched,complete
ATP-HTVS-A719F0D3C4DA,74594,rxn502b____EMOL530620____EMOL7515103____EMOL13315001,74594-1,119,运行/运行/ATP-VSW/ATP-VSW-DOCK_HTVS_1-002_lib.maegz,C[C@](O)(CNc1cnc(NC(=O)Cc2ccccc2)c2ccccc12)c1ccc(Cl)cc1,CC(O)(CNc1cnc(NC(=O)Cc2ccccc2)c2ccccc12)c1ccc(Cl)cc1,O=C(Cc1ccccc1)Nc1ncc(NCCc2ccccc2)c2ccccc12,C26H24ClN3O2,0.0,32.0,56.0,1.0,36a06befa9c32b0b272eb338f9180abfeff2eaded72e427fb237622d27bb3944,-5.01693312909944,-54.1271642963405,-0.156779160284357,1,1,1,matched,complete
ATP-HTVS-A7693842EDE7,83074,rxn502b____EMOL18624763____EMOL44466703____EMOL4851670,83074-1,189,运行/运行/ATP-VSW/ATP-VSW-DOCK_HTVS_1-002_lib.maegz,C[NH+](C)Cc1ccc(C(=O)Nc2nc3ccccc3cc2NCC(=O)c2ccc(Cl)cc2)cc1,C[NH+](C)Cc1ccc(C(=O)Nc2nc3ccccc3cc2NCC(=O)c2ccc(Cl)cc2)cc1,O=C(CNc1cc2ccccc2nc1NC(=O)c1ccccc1)c1ccccc1,C27H26ClN4O2+,1.0,34.0,60.0,1.0,e9ec3bca0a83920f5c59c455eeab7d62dd18065a91a299fd1e233fbc666256f2,-4.72015322020726,-61.1567406605928,-0.138828035888449,2,2,2,matched,complete
ATP-HTVS-A7BD7D96AE57,4451,YAS_R001____OTV6666766____OTV7020410063,4451-1,704,运行/运行/ATP-VSW/ATP-VSW-DOCK_HTVS_1-003_lib/ATP-VSW-DOCK_HTVS_1-003_lib.mae,O=C(Nc1ccccc1I)c1cn(Cc2ccccc2)c(=O)c2ccccc12,O=C(Nc1ccccc1I)c1cn(Cc2ccccc2)c(=O)c2ccccc12,O=C(Nc1ccccc1)c1cn(Cc2ccccc2)c(=O)c2ccccc12,C23H17IN2O2,0.0,28.0,45.0,1.0,2c37e433be29cdf44bcf033578602afc9a70030d5809bad020014e3ccd0b5d72,-3.23974100367522,-47.0727541132976,-0.115705035845544,1,1,1,matched,complete
ATP-HTVS-A7EE593102BF,33505,m_2230bbb____22397410____7471132,33505-6,1379,运行/运行/ATP-VSW/ATP-VSW-DOCK_HTVS_1-001_lib/ATP-VSW-DOCK_HTVS_1-001_lib,CN(C)C[C@H](Cc1ccccc1)NCc1nc2ccccc2c(-c2ccccc2)c1Cl,CN(C)CC(Cc1ccccc1)NCc1nc2ccccc2c(-c2ccccc2)c1Cl,c1ccc(CCNCc2cc(-c3ccccc3)c3ccccc3n2)cc1,C27H28ClN3,0.0,31.0,59.0,1.0,222d5899086f76ab2f061bf992d99bd7f9ea9aa17b84433015d572b1591a02d5,-1.16981472407605,-41.8393009280971,-0.0377359588411628,1,1,1,matched,complete
ATP-HTVS-A8111C46748E,73794,rxn512b____EMOL24630243____EMOL44846536____EMOL2873214,73794-2,286,运行/运行/ATP-VSW/ATP-VSW-DOCK_HTVS_1-002_lib.maegz,CN(C(=O)c1cc(NCc2cccc(C[NH+](C)C)c2)c(Cl)s1)[C@H](C#N)c1ccccc1,CN(C(=O)c1cc(NCc2cccc(C[NH+](C)C)c2)c(Cl)s1)C(C#N)c1ccccc1,O=C(NCc1ccccc1)c1cc(NCc2ccccc2)cs1,C24H26ClN4OS+,1.0,31.0,57.0,1.0,fa4f915c009f56280be35e3f6386d66577618115624cbdea60b7a2ac244f3d20,-4.42029981576778,-54.6529673488955,-0.14259031663767,4,4,4,matched,complete
ATP-HTVS-A820F1D60548,63138,m_270004bbb____24792668____18718090,63138-2,460,运行/运行/ATP-VSW/ATP-VSW-DOCK_HTVS_1-002_lib.maegz,C[NH+](C)Cc1cc(F)ccc1CNCc1cnn(Cc2ccccc2C(F)(F)F)c1,C[NH+](C)Cc1cc(F)ccc1CNCc1cnn(Cc2ccccc2C(F)(F)F)c1,c1ccc(CNCc2cnn(Cc3ccccc3)c2)cc1,C22H25F4N4+,1.0,30.0,55.0,1.0,24702def250078e71ff8bb2320ad4bd54a3b63f169f60bbb5ab0d69df4a31699,-3.93131506625959,-55.5509218003793,-0.131043835541986,3,3,3,matched,complete
ATP-HTVS-A844998385F9,77505,rxn102c____EMOL330509100____EMOL324170366,77505-1,235,运行/运行/ATP-VSW/ATP-VSW-DOCK_HTVS_1-001_lib/ATP-VSW-DOCK_HTVS_1-001_lib,Cc1cc(NCc2ccc(NCCO)cc2)[nH+]cc1OCc1ccccc1,Cc1cc(NCc2ccc(NCCO)cc2)[nH+]cc1OCc1ccccc1,c1ccc(CNc2ccc(OCc3ccccc3)c[nH+]2)cc1,C22H26N3O2+,1.0,27.0,53.0,1.0,93b1189eda4d16845749cbe1f11d83f753001e6bb80c8c7ab9b25c08ff1d0ea8,-4.51285774535421,-57.9013912339693,-0.167142879457563,3,3,3,matched,complete
ATP-HTVS-A845026C7E40,91522,rxn513b____EMOL2873214____EMOL719673____EMOL38277732,91522-1,85,运行/运行/ATP-VSW/ATP-VSW-DOCK_HTVS_1-002_lib.maegz,C[NH+](C)Cc1cccc(CNC(=O)c2[nH]c3ccccc3c2C#C[C@@H](O)c2ccccc2Cl)c1,C[NH+](C)Cc1cccc(CNC(=O)c2[nH]c3ccccc3c2C#CC(O)c2ccccc2Cl)c1,O=C(NCc1ccccc1)c1[nH]c2ccccc2c1C#CCc1ccccc1,C28H27ClN3O2+,1.0,34.0,61.0,1.0,031ac05e7fa4db224895aeb7ada64b2f9b9d101fa045044cb084f60473727426,-5.2426641656798,-68.9584267284682,-0.154196004872935,2,2,2,matched,complete
ATP-HTVS-A8555051B7A8,26369,m_270004bbb____25290082____9705990,26369-2,1118,运行/运行/ATP-VSW/ATP-VSW-DOCK_HTVS_1-001_lib/ATP-VSW-DOCK_HTVS_1-001_lib,CCNc1ccccc1CNCc1ccc(N(C)c2ccccc2)nc1,CCNc1ccccc1CNCc1ccc(N(C)c2ccccc2)nc1,c1ccc(CNCc2ccc(Nc3ccccc3)nc2)cc1,C22H26N4,0.0,26.0,52.0,1.0,31664d8f5c773064c63871ad0c73a0dcca991df8f4d4347a9b81fa9b1351c964,-2.12228992442095,-40.9214726208926,-0.0816265355546519,1,1,1,matched,complete
ATP-HTVS-A86A798575A4,98241,rxn318____EMOL50155899____EMOL478180____EMOL917339,98241-1,186,运行/运行/ATP-VSW/ATP-VSW-DOCK_HTVS_1-002_lib.maegz,C[NH+](C)Cc1ccc(Cn2c(-c3ccccc3)nc3c(F)cccc3c2=O)cc1,C[NH+](C)Cc1ccc(Cn2c(-c3ccccc3)nc3c(F)cccc3c2=O)cc1,O=c1c2ccccc2nc(-c2ccccc2)n1Cc1ccccc1,C24H23FN3O+,1.0,29.0,52.0,1.0,2c9824ce82e9d1cb247e2c2af1f717e314acd6201c306c4ae6343b1d8e4c66ef,-4.73478467522841,-52.0224750386884,-0.163268437076842,2,2,2,matched,complete
ATP-HTVS-A89DA5D53108,97121,rxn502b____EMOL1315007____EMOL7515103____EMOL324170366,97121-1,455,运行/运行/ATP-VSW/ATP-VSW-DOCK_HTVS_1-002_lib.maegz,COc1ccccc1OCC(=O)Nc1ncc(NCc2ccc(NCCO)cc2)c2ccccc12,COc1ccccc1OCC(=O)Nc1ncc(NCc2ccc(NCCO)cc2)c2ccccc12,O=C(COc1ccccc1)Nc1ncc(NCc2ccccc2)c2ccccc12,C27H28N4O4,0.0,35.0,63.0,1.0,7ffa1da222eaf3156bf530c12ee7cdd99fae67d063caab2e2f6aa9dc607ae04d,-3.9489168676843,-57.4615738032413,-0.112826196219552,4,4,4,matched,complete
ATP-HTVS-A8B79B8D9CE4,98466,rxn503b____EMOL14063046____EMOL7515103____EMOL317509298,98466-1,642,运行/运行/ATP-VSW/ATP-VSW-DOCK_HTVS_1-003_lib/ATP-VSW-DOCK_HTVS_1-003_lib.mae,C[C@@H](NCC#Cc1cnc(NC(=O)c2cc(Cl)cc(C#N)c2)c2ccccc12)c1ccccc1F,CC(NCC#Cc1cnc(NC(=O)c2cc(Cl)cc(C#N)c2)c2ccccc12)c1ccccc1F,O=C(Nc1ncc(C#CCNCc2ccccc2)c2ccccc12)c1ccccc1,C28H20ClFN4O,0.0,35.0,55.0,1.0,10df9c098245b21ea4633705bad47ca20cfdcf744a24e807647e275981da57ad,-3.44496498682886,-48.3949696206784,-0.0984275710522531,1,1,1,matched,complete
ATP-HTVS-A8F9662136B7,83170,rxn512c____EMOL25685613____EMOL43362984____EMOL44691345,83170-4,1440,运行/运行/ATP-VSW/ATP-VSW-DOCK_HTVS_1-002_lib.maegz,C[C@@H](c1ccccc1)N(C)C(=O)c1c(Nc2ccccc2CN(C)C)c2ccccc2[nH]c1=O,CC(c1ccccc1)N(C)C(=O)c1c(Nc2ccccc2CN(C)C)c2ccccc2[nH]c1=O,O=C(NCc1ccccc1)c1c(Nc2ccccc2)c2ccccc2[nH]c1=O,C28H30N4O2,0.0,34.0,64.0,1.0,00effd806d6c7527d11e51d54b216fd08f509b18e873564c3b9b2679ff7fb6ff,0.0208565069133784,-36.4594227805216,0.0006134266739228,1,1,1,matched,complete
ATP-HTVS-A8FD4BE75532,89409,rxn502b____EMOL70144015____EMOL44466703____EMOL49839592,89409-2,445,运行/运行/ATP-VSW/ATP-VSW-DOCK_HTVS_1-001_lib/ATP-VSW-DOCK_HTVS_1-001_lib,CCN(c1cc2ccccc2nc1NC(=O)c1ccc(OCC[NH+](C)C)cc1)[C@H](C#N)c1ccccc1,CCN(c1cc2ccccc2nc1NC(=O)c1ccc(OCC[NH+](C)C)cc1)C(C#N)c1ccccc1,O=C(Nc1nc2ccccc2cc1NCc1ccccc1)c1ccccc1,C30H32N5O2+,1.0,37.0,69.0,1.0,fbb761c50f353decba57ef6c7bbd2404a594b5120b2c643d185636301abc4463,-3.94151463345872,-51.1582365213193,-0.106527422525911,3,3,3,matched,complete
ATP-HTVS-A9326BC55FC3,99138,rxn514b____EMOL712348____EMOL40480322____EMOL4279023,99138-1,54,运行/运行/ATP-VSW/ATP-VSW-DOCK_HTVS_1-003_lib/ATP-VSW-DOCK_HTVS_1-003_lib.mae,C[NH+](C)Cc1cccc(Nc2cc(C(=O)N(CC#N)c3ccccc3)ccn2)c1,C[NH+](C)Cc1cccc(Nc2cc(C(=O)N(CC#N)c3ccccc3)ccn2)c1,O=C(Nc1ccccc1)c1ccnc(Nc2ccccc2)c1,C23H24N5O+,1.0,29.0,53.0,1.0,a68a5220662b3346c135d8587d029f671a6f39cbdc7702a677746bdc39737d9e,-5.46522448944822,-50.5418504554075,-0.188456016877525,2,2,2,matched,complete
ATP-HTVS-A949B56C75C5,93891,rxn502b____EMOL502826____EMOL7515103____EMOL712348,93891-1,263,运行/运行/ATP-VSW/ATP-VSW-DOCK_HTVS_1-003_lib/ATP-VSW-DOCK_HTVS_1-003_lib.mae,N#CCN(c1ccccc1)c1cnc(NC(=O)Cc2ccc(O)c(O)c2)c2ccccc12,N#CCN(c1ccccc1)c1cnc(NC(=O)Cc2ccc(O)c(O)c2)c2ccccc12,O=C(Cc1ccccc1)Nc1ncc(Nc2ccccc2)c2ccccc12,C25H20N4O3,0.0,32.0,52.0,1.0,ba0cba6a5281de0d7f9e66865497a5cd05699cb4503caf7c8d18f9ee2db6b430,-4.46330346008272,-51.1007839741004,-0.139478233127585,1,1,1,matched,complete
ATP-HTVS-A9572D0B6B20,80417,rxn512b____EMOL108753642____EMOL719673____EMOL49839592,80417-2,546,运行/运行/ATP-VSW/ATP-VSW-DOCK_HTVS_1-001_lib/ATP-VSW-DOCK_HTVS_1-001_lib,CCN(c1c(C(=O)Nc2ccccc2NC(C)C)[nH]c2ccccc12)[C@H](C#N)c1ccccc1,CCN(c1c(C(=O)Nc2ccccc2NC(C)C)[nH]c2ccccc12)C(C#N)c1ccccc1,O=C(Nc1ccccc1)c1[nH]c2ccccc2c1NCc1ccccc1,C28H29N5O,0.0,34.0,63.0,1.0,7b8933f59ee5f54d4b2bb1f718b565acd94981363356d6b129d578ecbc726ac3,-3.71882034268651,-48.7395690783397,-0.109377068902544,1,1,1,matched,complete
ATP-HTVS-A95E57B9EC2C,50113,m_282030aaa____21905842____23157418____21973156,50113-1,41,运行/运行/ATP-VSW/ATP-VSW-DOCK_HTVS_1-001_lib/ATP-VSW-DOCK_HTVS_1-001_lib,C[NH+](C)Cc1ccccc1CNc1nc2ccccc2nc1NCc1ccc(F)c(CO)c1,C[NH+](C)Cc1ccccc1CNc1nc2ccccc2nc1NCc1ccc(F)c(CO)c1,c1ccc(CNc2nc3ccccc3nc2NCc2ccccc2)cc1,C26H29FN5O+,1.0,33.0,62.0,1.0,1f7307e928e9333c62878cff72152fbfb498c210406f06857e447647cab2b573,-5.40719847311577,-64.3975655961039,-0.163854499185326,2,2,2,matched,complete
ATP-HTVS-A9E2ECE51DBC,47937,m_270004bbb____25289960____24720750,47937-1,531,运行/运行/ATP-VSW/ATP-VSW-DOCK_HTVS_1-001_lib/ATP-VSW-DOCK_HTVS_1-001_lib,COCCNc1ccccc1C[NH2+]Cc1c(-c2ccccc2)nc2ccccn12,COCCNc1ccccc1C[NH2+]Cc1c(-c2ccccc2)nc2ccccn12,c1ccc(C[NH2+]Cc2c(-c3ccccc3)nc3ccccn23)cc1,C24H27N4O+,1.0,29.0,56.0,1.0,3e6d445dba89de5f0d366cd4a51b944c15f97c40e11cc0f6fdb9225edd53eab4,-3.76447660133586,-46.5010956759187,-0.129809537977099,3,3,3,matched,complete
ATP-HTVS-AAAC0953A4ED,31555,m_2230bdc____17849930____10391580,31555-2,1426,运行/运行/ATP-VSW/ATP-VSW-DOCK_HTVS_1-003_lib/ATP-VSW-DOCK_HTVS_1-003_lib.mae,O=C1CN(Cc2cc(Cl)ccc2Br)[C@@H](c2ccccc2)c2ccccc2N1,O=C1CN(Cc2cc(Cl)ccc2Br)C(c2ccccc2)c2ccccc2N1,O=C1CN(Cc2ccccc2)C(c2ccccc2)c2ccccc2N1,C22H18BrClN2O,0.0,27.0,45.0,1.0,aa47b86b46a9da1f97b6c555216c33aecd5f13ea677c45e246478ac00164ec62,-0.588563074596018,-28.4541548214682,-0.0217986323924451,1,1,1,matched,complete
ATP-HTVS-AACA343AA4DE,52321,m_282030aaa____21906080____23157418____21950844,52321-3,417,运行/运行/ATP-VSW/ATP-VSW-DOCK_HTVS_1-001_lib/ATP-VSW-DOCK_HTVS_1-001_lib,CC[N@@H+](C)Cc1cccc(CNc2nc3ccccc3nc2N[C@@H](CCO)c2ccccc2F)c1,CC[NH+](C)Cc1cccc(CNc2nc3ccccc3nc2NC(CCO)c2ccccc2F)c1,c1ccc(CNc2nc3ccccc3nc2NCc2ccccc2)cc1,C28H33FN5O+,1.0,35.0,68.0,1.0,7596fc9a9c84133d7d3a79dacc76f9067ed979bec7b4ed72eb3cf1a09a98a144,-4.01744952870307,-54.6890826323465,-0.114784272248659,2,2,2,matched,complete
ATP-HTVS-AAD4045BFE18,82595,rxn512b____EMOL29704305____EMOL719673____EMOL24630243,82595-2,250,运行/运行/ATP-VSW/ATP-VSW-DOCK_HTVS_1-003_lib/ATP-VSW-DOCK_HTVS_1-003_lib.mae,CCNc1ccccc1NC(=O)c1[nH]c2ccccc2c1N(C)[C@H](C#N)c1ccccc1,CCNc1ccccc1NC(=O)c1[nH]c2ccccc2c1N(C)C(C#N)c1ccccc1,O=C(Nc1ccccc1)c1[nH]c2ccccc2c1NCc1ccccc1,C26H25N5O,0.0,32.0,57.0,1.0,357c65355d66abb1c469b1844355cf33e09d6ed8d67412f332b806b436d421da,-4.49578463356492,-48.8736996674409,-0.140493269798904,2,2,2,matched,complete
ATP-HTVS-AAEC409DC9E3,32515,m_282030aaa____21931874____23157418____21940090,32515-4,1323,运行/运行/ATP-VSW/ATP-VSW-DOCK_HTVS_1-003_lib/ATP-VSW-DOCK_HTVS_1-003_lib.mae,C[C@H](Nc1nc2ccccc2nc1NCc1cccc(CN(C)C)c1)c1ccccc1Br,CC(Nc1nc2ccccc2nc1NCc1cccc(CN(C)C)c1)c1ccccc1Br,c1ccc(CNc2nc3ccccc3nc2NCc2ccccc2)cc1,C26H28BrN5,0.0,32.0,60.0,1.0,72b396e01ffe9b385d7e052f6ca39bc53b9d32bc2dccb9a28e19231b4cb584db,-1.44060854903555,-41.5917043838365,-0.0450190171573608,1,1,1,matched,complete
ATP-HTVS-AB4BD250F7B6,81346,rxn512c____EMOL2735375____EMOL36725275____EMOL36790511,81346-4,414,运行/运行/ATP-VSW/ATP-VSW-DOCK_HTVS_1-002_lib.maegz,C[NH2+]c1ccccc1Nc1c(C(=O)N(c2ccccc2)[C@@H](C)C#N)cnc2ccc(F)cc12,C[NH2+]c1ccccc1Nc1c(C(=O)N(c2ccccc2)C(C)C#N)cnc2ccc(F)cc12,O=C(Nc1ccccc1)c1cnc2ccccc2c1Nc1ccccc1,C26H23FN5O+,1.0,33.0,56.0,1.0,1fa26b1460a4a5cff5bb956939c5b9b62c80d7e735d06df080c34877184ad98c,-4.06295298997816,-55.3277819241313,-0.123119787575096,3,3,3,matched,complete
ATP-HTVS-AB5753B8B47E,40737,m_2230bdc____17849930____680324,40737-2,1240,运行/运行/ATP-VSW/ATP-VSW-DOCK_HTVS_1-001_lib/ATP-VSW-DOCK_HTVS_1-001_lib,COc1ccccc1CN1CC(=O)Nc2ccccc2[C@@H]1c1ccccc1,COc1ccccc1CN1CC(=O)Nc2ccccc2C1c1ccccc1,O=C1CN(Cc2ccccc2)C(c2ccccc2)c2ccccc2N1,C23H22N2O2,0.0,27.0,49.0,1.0,e43bc4de79951a28b17aa4156f53b8a2e09dfb28db28ce8f174463202b44844e,-1.75897795990058,-31.5203773289439,-0.0651473318481696,2,2,2,matched,complete
ATP-HTVS-AB5D2E649063,94019,rxn502a____EMOL299976369____EMOL45981693____EMOL50155899,94019-2,72,运行/运行/ATP-VSW/ATP-VSW-DOCK_HTVS_1-003_lib/ATP-VSW-DOCK_HTVS_1-003_lib.mae,CN(C(=O)[C@@](C)(O)c1ccccc1)c1cc(NCc2ccc(C[NH+](C)C)cc2)cc[nH+]1,CN(C(=O)C(C)(O)c1ccccc1)c1cc(NCc2ccc(C[NH+](C)C)cc2)cc[nH+]1,O=C(Cc1ccccc1)Nc1cc(NCc2ccccc2)cc[nH+]1,C25H32N4O2+2,2.0,31.0,63.0,1.0,8c3533296f79c9041c7312faabc253b8aa3be5da01e1b635ee13125ed53038cf,-5.32685969970335,-64.2291214076719,-0.171834183861398,6,6,6,matched,complete
ATP-HTVS-AB6A0F8FBF12,18977,a4____190530____159047,18977-1,302,运行/运行/ATP-VSW/ATP-VSW-DOCK_HTVS_1-001_lib/ATP-VSW-DOCK_HTVS_1-001_lib,CNS(=O)(=O)Cc1ccccc1C[NH2+]Cc1cn(Cc2ccccc2)nc1-c1ccc(C)cc1,CNS(=O)(=O)Cc1ccccc1C[NH2+]Cc1cn(Cc2ccccc2)nc1-c1ccc(C)cc1,c1ccc(C[NH2+]Cc2cn(Cc3ccccc3)nc2-c2ccccc2)cc1,C27H31N4O2S+,1.0,34.0,65.0,1.0,477b8094231b4379db604190534b03456038a796469698d6de88cd46d0dafd1b,-4.33841653766758,-56.5665501165079,-0.127600486401988,2,2,2,matched,complete
ATP-HTVS-ABB27A5BB422,32386,m_282030aaa____21912752____23157418____21940090,32386-3,474,运行/运行/ATP-VSW/ATP-VSW-DOCK_HTVS_1-002_lib.maegz,C[NH+](C)Cc1cccc(CNc2nc3ccccc3nc2NCc2ccc([NH3+])cc2)c1,C[NH+](C)Cc1cccc(CNc2nc3ccccc3nc2NCc2ccc([NH3+])cc2)c1,c1ccc(CNc2nc3ccccc3nc2NCc2ccccc2)cc1,C25H30N6+2,2.0,31.0,61.0,1.0,817c78b88d0343c5a5e76ca423056d270b0fef37f909f6d39fb05b889170b521,-3.90038730659021,-69.6755737143333,-0.125818945373878,3,3,3,matched,complete
ATP-HTVS-AC48CD61B4D9,74881,rxn502b____EMOL18624763____EMOL44466703____EMOL2866855,74881-1,98,运行/运行/ATP-VSW/ATP-VSW-DOCK_HTVS_1-001_lib/ATP-VSW-DOCK_HTVS_1-001_lib,C[NH+](C)Cc1ccc(C(=O)Nc2nc3ccccc3cc2NCCSc2ccccc2)cc1,C[NH+](C)Cc1ccc(C(=O)Nc2nc3ccccc3cc2NCCSc2ccccc2)cc1,O=C(Nc1nc2ccccc2cc1NCCSc1ccccc1)c1ccccc1,C27H29N4OS+,1.0,33.0,62.0,1.0,6896523c57cd16ab82868b1d4658dce22d339d7d07304ec5a4d7afa878059b76,-5.04243611504985,-60.1270596227061,-0.15280109439545,2,2,2,matched,complete
ATP-HTVS-AC6C82062264,64258,m_270004bbb____24792668____7547884,64258-4,1357,运行/运行/ATP-VSW/ATP-VSW-DOCK_HTVS_1-002_lib.maegz,Cc1nn(Cc2ccc(F)cc2)c(Cl)c1CNCc1ccc(F)cc1CN(C)C,Cc1nn(Cc2ccc(F)cc2)c(Cl)c1CNCc1ccc(F)cc1CN(C)C,c1ccc(CNCc2cnn(Cc3ccccc3)c2)cc1,C22H25ClF2N4,0.0,29.0,54.0,1.0,2b81e6a8ab10f978d437fd97f1c3f12091e26ac2d35a451d3c28b14328f87fa1,-1.17766950734732,-43.5405638884715,-0.0406092933568041,1,1,1,matched,complete
ATP-HTVS-AC71774ACC4B,91074,rxn512b____EMOL44391395____EMOL720738____EMOL50155899,91074-2,1,运行/运行/ATP-VSW/ATP-VSW-DOCK_HTVS_1-002_lib.maegz,C[NH+](C)Cc1ccc(CNc2csc(C(=O)N[C@H](C[NH3+])c3ccccc3)c2)cc1,C[NH+](C)Cc1ccc(CNc2csc(C(=O)NC(C[NH3+])c3ccccc3)c2)cc1,O=C(NCc1ccccc1)c1cc(NCc2ccccc2)cs1,C23H30N4OS+2,2.0,29.0,59.0,1.0,fe5472341941a311d5fd8a259ed39af175a17206c32ac0bd50f1457ef3e43c56,-6.96005044741765,-71.2195467999549,-0.240001739566126,4,4,4,matched,complete
ATP-HTVS-ACBE41267A18,4290,YAS_R006____OTV5753507____OTV7018930011____OTV1000393,4290-2,37,运行/运行/ATP-VSW/ATP-VSW-DOCK_HTVS_1-002_lib.maegz,C[NH+](C)[C@H](CNc1nc(CCc2ccc(Cl)cc2)nc2ccccc12)c1ccc(O)cc1,C[NH+](C)C(CNc1nc(CCc2ccc(Cl)cc2)nc2ccccc12)c1ccc(O)cc1,c1ccc(CCNc2nc(CCc3ccccc3)nc3ccccc23)cc1,C26H28ClN4O+,1.0,32.0,60.0,1.0,bf3c99de213f5f3f149f25acc6c30ea2994511539950b62e258f6bb6456f3407,-5.74492062292097,-74.5657415462983,-0.17952876946628,3,3,3,matched,complete
ATP-HTVS-AD26772F5837,35617,m_282030aaa____21927700____22360182____21950834,35617-2,442,运行/运行/ATP-VSW/ATP-VSW-DOCK_HTVS_1-001_lib/ATP-VSW-DOCK_HTVS_1-001_lib,C[NH+](C)Cc1ccccc1CNc1nc(N[C@@H](CC(N)=O)c2ccccc2)c2ccccc2[nH+]1,C[NH+](C)Cc1ccccc1CNc1nc(NC(CC(N)=O)c2ccccc2)c2ccccc2[nH+]1,c1ccc(CNc2nc(NCc3ccccc3)c3ccccc3[nH+]2)cc1,C27H32N6O+2,2.0,34.0,66.0,1.0,a51c16324bc2b3a90017c0ded9a5b017613d23133249a83e66a515ce9fe9aae2,-3.9477833682894,-60.8250705420895,-0.116111275537923,6,6,6,matched,complete
ATP-HTVS-AD556EC8B5E3,32131,m_44daa____15775616____90990,32131-5,880,运行/运行/ATP-VSW/ATP-VSW-DOCK_HTVS_1-003_lib/ATP-VSW-DOCK_HTVS_1-003_lib.mae,CN(C)Cc1ccc(CCN[C@@H](C(=O)c2c[nH]c3ccccc23)c2ccccc2)cc1,CN(C)Cc1ccc(CCNC(C(=O)c2c[nH]c3ccccc23)c2ccccc2)cc1,O=C(c1c[nH]c2ccccc12)C(NCCc1ccccc1)c1ccccc1,C27H29N3O,0.0,31.0,60.0,1.0,dfe6236281ad7bab76f83999b69f9aba1fecfd47f195466832f799b73eedd1a4,-2.72511908216225,-51.3722722578727,-0.0879070671665242,1,1,1,matched,complete
ATP-HTVS-AD7BC7F537E7,96482,rxn102b____EMOL4895078____EMOL3728368,96482-1,227,运行/运行/ATP-VSW/ATP-VSW-DOCK_HTVS_1-003_lib/ATP-VSW-DOCK_HTVS_1-003_lib.mae,C[NH+](C)Cc1cccc(Nc2nc(N)c(-c3ccccc3)c3cccc(F)c23)c1,C[NH+](C)Cc1cccc(Nc2nc(N)c(-c3ccccc3)c3cccc(F)c23)c1,c1ccc(Nc2ncc(-c3ccccc3)c3ccccc23)cc1,C24H24FN4+,1.0,29.0,53.0,1.0,c3214c8208a8ec7867cc350037fb4da14625ce8988c6b9dea298bcbe06f3dc39,-4.57187278929286,-49.1629933849283,-0.157650785837685,2,2,2,matched,complete
ATP-HTVS-AD7D334F30DB,88673,rxn503b____EMOL491633____EMOL44466703____EMOL313110234,88673-4,94,运行/运行/ATP-VSW/ATP-VSW-DOCK_HTVS_1-001_lib/ATP-VSW-DOCK_HTVS_1-001_lib,[NH3+][C@H](C#Cc1cc2ccccc2nc1NC(=O)c1cc(F)ccc1F)Cc1cccc(F)c1,[NH3+]C(C#Cc1cc2ccccc2nc1NC(=O)c1cc(F)ccc1F)Cc1cccc(F)c1,O=C(Nc1nc2ccccc2cc1C#CCCc1ccccc1)c1ccccc1,C26H19F3N3O+,1.0,33.0,52.0,1.0,a6171d7334885c9c30bbed565c64e967ba651058e8c92a4cc5aa361cf1a931c2,-5.06400722066418,-62.9042576581173,-0.153454764262551,2,2,2,matched,complete
ATP-HTVS-AD7FACE11FDD,91810,rxn512b____EMOL45491381____EMOL337714226____EMOL712348,91810-1,16,运行/运行/ATP-VSW/ATP-VSW-DOCK_HTVS_1-002_lib.maegz,CNc1cccc(CNc2cc(C(=O)N(CC#N)c3ccccc3)c(F)nc2C)c1,CNc1cccc(CNc2cc(C(=O)N(CC#N)c3ccccc3)c(F)nc2C)c1,O=C(Nc1ccccc1)c1cncc(NCc2ccccc2)c1,C23H22FN5O,0.0,30.0,52.0,1.0,b9e946c28bcbcd6b0a2096691077f80b363385ec2fc9bea19113fd6cf8cec4d8,-6.12358752538851,-58.7337888001011,-0.204119584179617,1,1,1,matched,complete
ATP-HTVS-AD7FBCC01633,85217,rxn503b____EMOL521529____EMOL44466703____EMOL313110234,85217-4,3,运行/运行/ATP-VSW/ATP-VSW-DOCK_HTVS_1-001_lib/ATP-VSW-DOCK_HTVS_1-001_lib,[NH3+][C@H](C#Cc1cc2ccccc2nc1NC(=O)Cc1ccc(O)cc1)Cc1cccc(F)c1,[NH3+]C(C#Cc1cc2ccccc2nc1NC(=O)Cc1ccc(O)cc1)Cc1cccc(F)c1,O=C(Cc1ccccc1)Nc1nc2ccccc2cc1C#CCCc1ccccc1,C27H23FN3O2+,1.0,33.0,56.0,1.0,86012d81fae6eee11b44a7c398d6388c9980f73b56b92c44ce4f6ef415c6c141,-6.49299466235293,-79.6232006914258,-0.196757414010695,4,4,4,matched,complete
ATP-HTVS-ADC6A568E437,96738,rxn502a____EMOL512495____EMOL728867____EMOL50155899,96738-2,53,运行/运行/ATP-VSW/ATP-VSW-DOCK_HTVS_1-003_lib/ATP-VSW-DOCK_HTVS_1-003_lib.mae,Cc1cc(NC(=O)Cc2ccc(F)cc2)[nH+]cc1NCc1ccc(C[NH+](C)C)cc1,Cc1cc(NC(=O)Cc2ccc(F)cc2)[nH+]cc1NCc1ccc(C[NH+](C)C)cc1,O=C(Cc1ccccc1)Nc1ccc(NCc2ccccc2)c[nH+]1,C24H29FN4O+2,2.0,30.0,59.0,1.0,bd790d23addec0c76e5fc7c65814bd42c8d96a729bcfdcd85568c48976e93a96,-5.4809890158961,-81.6502722655199,-0.182699633863203,4,4,4,matched,complete
ATP-HTVS-ADEEA10F1B91,88065,rxn503b____EMOL494614____EMOL44466703____EMOL1197208,88065-1,427,运行/运行/ATP-VSW/ATP-VSW-DOCK_HTVS_1-001_lib/ATP-VSW-DOCK_HTVS_1-001_lib,N#Cc1ccc(C(=O)Nc2nc3ccccc3cc2C#CCNCc2ccccc2)cc1,N#Cc1ccc(C(=O)Nc2nc3ccccc3cc2C#CCNCc2ccccc2)cc1,O=C(Nc1nc2ccccc2cc1C#CCNCc1ccccc1)c1ccccc1,C27H20N4O,0.0,32.0,52.0,1.0,8584dd4bc185ff1ada3c637d3f3cb2c141bdf1e8a166344374ff7641bd6e23ef,-3.98446061595605,-48.2791562066089,-0.124514394248626,2,2,2,matched,complete
ATP-HTVS-ADF1B73D9E23,85507,rxn502b____EMOL502826____EMOL7515103____EMOL2868412,85507-1,673,运行/运行/ATP-VSW/ATP-VSW-DOCK_HTVS_1-003_lib/ATP-VSW-DOCK_HTVS_1-003_lib.mae,CC[NH+](CC)Cc1ccc(CNc2cnc(NC(=O)Cc3ccc(O)c(O)c3)c3ccccc23)cc1,CC[NH+](CC)Cc1ccc(CNc2cnc(NC(=O)Cc3ccc(O)c(O)c3)c3ccccc23)cc1,O=C(Cc1ccccc1)Nc1ncc(NCc2ccccc2)c2ccccc12,C29H33N4O3+,1.0,36.0,69.0,1.0,fd934c21f051c0cb5bbe3458e13953250c35453668d96bfd75441b666513dba6,-3.33624518864466,-50.1164881268813,-0.0926734774623515,3,3,3,matched,complete
ATP-HTVS-ADFEB0A5CD8C,55939,m_2230bdc____17626620____22993900,55939-3,1352,运行/运行/ATP-VSW/ATP-VSW-DOCK_HTVS_1-003_lib/ATP-VSW-DOCK_HTVS_1-003_lib.mae,C[C@H](CN1CC(=O)Nc2ccc(Br)cc2[C@H]1c1ccccc1)c1ccccc1,CC(CN1CC(=O)Nc2ccc(Br)cc2C1c1ccccc1)c1ccccc1,O=C1CN(CCc2ccccc2)C(c2ccccc2)c2ccccc2N1,C24H23BrN2O,0.0,28.0,51.0,1.0,5ae272b518a1af30ac4443319f18bc2fb574c6f783f41849be7f3628ede6a602,-1.29496616502486,-28.8076284740774,-0.0462487916080308,3,3,3,matched,complete
ATP-HTVS-AE2593E94038,97890,rxn503b____EMOL908682____EMOL30488121____EMOL317509042,97890-4,199,运行/运行/ATP-VSW/ATP-VSW-DOCK_HTVS_1-003_lib/ATP-VSW-DOCK_HTVS_1-003_lib.mae,C[C@H]([NH2+]CC#Cc1c(NC(=O)c2ccc(F)c(C#N)c2)cnc2ccccc12)c1cccc(F)c1,CC([NH2+]CC#Cc1c(NC(=O)c2ccc(F)c(C#N)c2)cnc2ccccc12)c1cccc(F)c1,O=C(Nc1cnc2ccccc2c1C#CC[NH2+]Cc1ccccc1)c1ccccc1,C28H21F2N4O+,1.0,35.0,56.0,1.0,4544fb257301c2939b00d45b8c79fe9cc84074b27846ba4796ed2bbbef291611,-4.68275958095835,-62.6506721497965,-0.133793130884524,2,2,2,matched,complete
ATP-HTVS-AE73BF67DB9D,5410,a4____241569____385177,5410-2,84,运行/运行/ATP-VSW/ATP-VSW-DOCK_HTVS_1-002_lib.maegz,COc1ccc(C[NH2+]C[C@@H]2c3ccccc3C(=O)N2Cc2ccccc2)cc1C[NH+](C)C,COc1ccc(C[NH2+]CC2c3ccccc3C(=O)N2Cc2ccccc2)cc1C[NH+](C)C,O=C1c2ccccc2C(C[NH2+]Cc2ccccc2)N1Cc1ccccc1,C27H33N3O2+2,2.0,32.0,65.0,1.0,edad36d8fd67df03a8ee0559e56f02310b7fcc9b7b6156a8a2b632d403e62ed5,-5.24479053059663,-63.9031165772481,-0.163899704081145,6,6,6,matched,complete
ATP-HTVS-AE7F15E1977E,5761,a4____33703____182810,5761-4,879,运行/运行/ATP-VSW/ATP-VSW-DOCK_HTVS_1-001_lib/ATP-VSW-DOCK_HTVS_1-001_lib,C[C@H](NCc1cccc(OCC[NH+](C)C)c1)c1cc2cccc(Cl)c2c(=O)n1-c1ccccc1,CC(NCc1cccc(OCC[NH+](C)C)c1)c1cc2cccc(Cl)c2c(=O)n1-c1ccccc1,O=c1c2ccccc2cc(CNCc2ccccc2)n1-c1ccccc1,C28H31ClN3O2+,1.0,34.0,65.0,1.0,87ad9e790374d585c9c90924fb1cbff411bee1ec52b9bd795ea3f4e28733d15f,-2.78181395560203,-48.1902249437475,-0.0818180575177068,2,2,2,matched,complete
ATP-HTVS-AE8349DE7653,92993,rxn512c____EMOL511418____EMOL44845843____EMOL50155899,92993-1,264,运行/运行/ATP-VSW/ATP-VSW-DOCK_HTVS_1-001_lib/ATP-VSW-DOCK_HTVS_1-001_lib,C[NH+](C)Cc1ccc(CNc2c(C(=O)Nc3ccccc3F)sc3ncccc23)cc1,C[NH+](C)Cc1ccc(CNc2c(C(=O)Nc3ccccc3F)sc3ncccc23)cc1,O=C(Nc1ccccc1)c1sc2ncccc2c1NCc1ccccc1,C24H24FN4OS+,1.0,31.0,55.0,1.0,3baf18ad0b952d3746857fc2e397849f8f69d37fa952a10367d52a9b65373330,-4.45419286011156,-56.4131498346456,-0.14368364064876,2,2,2,matched,complete
ATP-HTVS-AEA5EF37F369,76161,rxn403____EMOL2873214____EMOL49239917____EMOL516769,76161-6,542,运行/运行/ATP-VSW/ATP-VSW-DOCK_HTVS_1-001_lib/ATP-VSW-DOCK_HTVS_1-001_lib,C[NH+](C)Cc1cccc(C[NH2+][C@@H](C#Cc2cccnc2)c2cncc(OCc3ccccc3)c2)c1,C[NH+](C)Cc1cccc(C[NH2+]C(C#Cc2cccnc2)c2cncc(OCc3ccccc3)c2)c1,C(#CC([NH2+]Cc1ccccc1)c1cncc(OCc2ccccc2)c1)c1cccnc1,C30H32N4O+2,2.0,35.0,67.0,1.0,09df125f100955a869813b07009329c700fb872b386688b46b67a22e502c8551,-3.73581852107815,-77.5180705087892,-0.106737672030804,2,2,2,matched,complete
ATP-HTVS-AEC4D9F1E0F4,72001,rxn502b____EMOL1959427____EMOL44466703____EMOL2873214,72001-1,47,运行/运行/ATP-VSW/ATP-VSW-DOCK_HTVS_1-001_lib/ATP-VSW-DOCK_HTVS_1-001_lib,C[NH+](C)Cc1cccc(CNc2cc3ccccc3nc2NC(=O)c2ccc(CS)cc2)c1,C[NH+](C)Cc1cccc(CNc2cc3ccccc3nc2NC(=O)c2ccc(CS)cc2)c1,O=C(Nc1nc2ccccc2cc1NCc1ccccc1)c1ccccc1,C27H29N4OS+,1.0,33.0,62.0,1.0,fec9e446f23af3687881f930c143780cf5a5b1b55ab43d9adef46adec90f7df9,-5.315303887102,-62.1373937012796,-0.161069814760667,1,1,1,matched,complete
ATP-HTVS-AEE242E516D8,90657,rxn502b____EMOL18624763____EMOL44466703____EMOL477532,90657-1,250,运行/运行/ATP-VSW/ATP-VSW-DOCK_HTVS_1-001_lib/ATP-VSW-DOCK_HTVS_1-001_lib,C[NH+](C)Cc1ccc(C(=O)Nc2nc3ccccc3cc2Nc2ccccc2)cc1,C[NH+](C)Cc1ccc(C(=O)Nc2nc3ccccc3cc2Nc2ccccc2)cc1,O=C(Nc1nc2ccccc2cc1Nc1ccccc1)c1ccccc1,C25H25N4O+,1.0,30.0,55.0,1.0,893318b0bd8b831aaaa40587939168cf69b16e5c77dfad42ba534825e07cf2ce,-4.48133910608213,-51.4920496029568,-0.149377970202738,2,2,2,matched,complete
ATP-HTVS-AF0D06B60C3E,79234,rxn502b____EMOL480988____EMOL30488121____EMOL36790511,79234-2,501,运行/运行/ATP-VSW/ATP-VSW-DOCK_HTVS_1-002_lib.maegz,C[C@@H](C#N)N(c1ccccc1)c1c(NC(=O)c2ccccc2Cl)cnc2ccccc12,CC(C#N)N(c1ccccc1)c1c(NC(=O)c2ccccc2Cl)cnc2ccccc12,O=C(Nc1cnc2ccccc2c1Nc1ccccc1)c1ccccc1,C25H19ClN4O,0.0,31.0,50.0,1.0,75cbb3030509c5b5b77f48f42a4d8badedf62cb3fdc4d142ae3a1df7876f088a,-3.83687277027258,-49.5136962076324,-0.123770089363632,2,2,2,matched,complete
ATP-HTVS-AF24076E5CF3,48513,m_22dcb____4784852____24594302,48513-2,601,运行/运行/ATP-VSW/ATP-VSW-DOCK_HTVS_1-001_lib/ATP-VSW-DOCK_HTVS_1-001_lib,CCN(C(=O)Cc1ccc(C[NH+](C)C)cc1)[C@@H](c1cccnc1)c1csc2ccccc12,CCN(C(=O)Cc1ccc(C[NH+](C)C)cc1)C(c1cccnc1)c1csc2ccccc12,O=C(Cc1ccccc1)NC(c1cccnc1)c1csc2ccccc12,C27H30N3OS+,1.0,32.0,62.0,1.0,d1cb6e632de1232637a637e5c2d093e467b470b383957482946f2e8fb9ca19f0,-3.55872693725179,-50.612582353423,-0.111210216789119,4,4,4,matched,complete
ATP-HTVS-AF546DDC8B5A,39811,m_270004bbb____24791870____24720860,39811-1,151,运行/运行/ATP-VSW/ATP-VSW-DOCK_HTVS_1-003_lib/ATP-VSW-DOCK_HTVS_1-003_lib.mae,Cc1ccc(CC[NH2+]Cc2nc3ccccc3n2Cc2ccccc2)cc1O,Cc1ccc(CC[NH2+]Cc2nc3ccccc3n2Cc2ccccc2)cc1O,c1ccc(CC[NH2+]Cc2nc3ccccc3n2Cc2ccccc2)cc1,C24H26N3O+,1.0,28.0,54.0,1.0,4f3965bc7b5d81b71c02f9e4991f548ea9f1464411eb56cb63ed7b915b68258a,-4.86728037701619,-54.2643923009347,-0.173831442036293,3,3,3,matched,complete
ATP-HTVS-AF6DFEAC4438,77891,rxn503b____EMOL5415347____EMOL30488121____EMOL41348129,77891-2,1003,运行/运行/ATP-VSW/ATP-VSW-DOCK_HTVS_1-003_lib/ATP-VSW-DOCK_HTVS_1-003_lib.mae,CN(C)Cc1ccccc1C(=O)Nc1cnc2ccccc2c1C#CC(=O)c1ccc(Cl)cc1,CN(C)Cc1ccccc1C(=O)Nc1cnc2ccccc2c1C#CC(=O)c1ccc(Cl)cc1,O=C(C#Cc1c(NC(=O)c2ccccc2)cnc2ccccc12)c1ccccc1,C28H22ClN3O2,0.0,34.0,56.0,1.0,f4e749098ce58e594f5762a782b1df59c01d3a20f95a7956b5e5c0a0005c982c,-2.37944568393426,-49.1410183096129,-0.0699836965863018,1,1,1,matched,complete
ATP-HTVS-AFAE325C96BD,30114,m_270004bda____24170772____24721592,30114-1,1028,运行/运行/ATP-VSW/ATP-VSW-DOCK_HTVS_1-002_lib.maegz,CN(C)c1cccc(CN2CC(=O)Nc3ccc(Br)cc3[C@H]2c2ccccc2)c1,CN(C)c1cccc(CN2CC(=O)Nc3ccc(Br)cc3C2c2ccccc2)c1,O=C1CN(Cc2ccccc2)C(c2ccccc2)c2ccccc2N1,C24H24BrN3O,0.0,29.0,53.0,1.0,78a3ae874c93a7075f08317b5962c37319db4df228f033b36fcbaa431a34a7ad,-2.38484101860534,-39.0463043868465,-0.0822358971932874,2,2,2,matched,complete
ATP-HTVS-AFB94CABAED0,95970,rxn512b____EMOL300028928____EMOL719673____EMOL44153840,95970-1,851,运行/运行/ATP-VSW/ATP-VSW-DOCK_HTVS_1-003_lib/ATP-VSW-DOCK_HTVS_1-003_lib.mae,CC[NH+](CC)Cc1cccc(CNc2c(C(=O)N(CC(=O)OC)c3ccccc3)[nH]c3ccccc23)c1,CC[NH+](CC)Cc1cccc(CNc2c(C(=O)N(CC(=O)OC)c3ccccc3)[nH]c3ccccc23)c1,O=C(Nc1ccccc1)c1[nH]c2ccccc2c1NCc1ccccc1,C30H35N4O3+,1.0,37.0,72.0,1.0,38b88bb44d5ffec46ea5290424cf6b6cab46e4394cd19a1da83c686a58d175e2,-2.78583389446771,-34.4409384466492,-0.0752928079585866,1,1,1,matched,complete
ATP-HTVS-AFD6D96F704F,43106,m_282030aaa____21917230____22360182____21973156,43106-2,361,运行/运行/ATP-VSW/ATP-VSW-DOCK_HTVS_1-002_lib.maegz,C[C@H](Nc1nc(NCc2ccccc2C[NH+](C)C)[nH+]c2ccccc12)c1cccc(C#N)c1,CC(Nc1nc(NCc2ccccc2C[NH+](C)C)[nH+]c2ccccc12)c1cccc(C#N)c1,c1ccc(CNc2nc(NCc3ccccc3)c3ccccc3[nH+]2)cc1,C27H30N6+2,2.0,33.0,63.0,1.0,dc60758b69df8cfcbb2fd5f7a65bd37951d9ef05af13f4e35525220eb36c76b6,-4.23026736447771,-55.6291777188769,-0.128189920135688,6,6,6,matched,complete
ATP-HTVS-AFF6C4F7FD39,48355,m_282030aaa____21905842____22360182____21940090,48355-1,269,运行/运行/ATP-VSW/ATP-VSW-DOCK_HTVS_1-003_lib/ATP-VSW-DOCK_HTVS_1-003_lib.mae,C[NH+](C)Cc1cccc(CNc2nc(NCc3ccc(F)c(CO)c3)[nH+]c3ccccc23)c1,C[NH+](C)Cc1cccc(CNc2nc(NCc3ccc(F)c(CO)c3)[nH+]c3ccccc23)c1,c1ccc(CNc2nc(NCc3ccccc3)c3ccccc3[nH+]2)cc1,C26H30FN5O+2,2.0,33.0,63.0,1.0,a427338c2fd36038c0d71f71a96409cd2b90f18a0fb00db5d60cb3994f3a5461,-4.44908939680874,-58.474528118956,-0.134820890812386,3,3,3,matched,complete
ATP-HTVS-B00F3517908E,71715,rxn502b____EMOL908292____EMOL13728749____EMOL2873214,71715-1,212,运行/运行/ATP-VSW/ATP-VSW-DOCK_HTVS_1-003_lib/ATP-VSW-DOCK_HTVS_1-003_lib.mae,C[NH+](C)Cc1cccc(CNc2cnc3ccccc3c2NC(=O)c2cccc(F)c2Cl)c1,C[NH+](C)Cc1cccc(CNc2cnc3ccccc3c2NC(=O)c2cccc(F)c2Cl)c1,O=C(Nc1c(NCc2ccccc2)cnc2ccccc12)c1ccccc1,C26H25ClFN4O+,1.0,33.0,58.0,1.0,eaaa2d2c60d50e2dab0e0126eb54a2da3370232ecbadd81a04295e11c1c61c04,-4.61374684570078,-63.6524674968382,-0.139810510475781,2,2,2,matched,complete
ATP-HTVS-B0742D29E2ED,92481,rxn502a____EMOL480990____EMOL45981693____EMOL2873214,92481-1,396,运行/运行/ATP-VSW/ATP-VSW-DOCK_HTVS_1-001_lib/ATP-VSW-DOCK_HTVS_1-001_lib,CN(C(=O)c1ccc(Cl)cc1)c1cc(NCc2cccc(C[NH+](C)C)c2)ccn1,CN(C(=O)c1ccc(Cl)cc1)c1cc(NCc2cccc(C[NH+](C)C)c2)ccn1,O=C(Nc1cc(NCc2ccccc2)ccn1)c1ccccc1,C23H26ClN4O+,1.0,29.0,55.0,1.0,71ffe62d54abad3fe3bffecbf7f519e2e838eb2b59cce6f2d87f94eb28c69ff1,-4.05631519762372,-48.0311146613797,-0.139872937849094,3,3,3,matched,complete
ATP-HTVS-B0A71AB87D72,74467,rxn512b____EMOL714785____EMOL44846536____EMOL2873214,74467-1,3,运行/运行/ATP-VSW/ATP-VSW-DOCK_HTVS_1-003_lib/ATP-VSW-DOCK_HTVS_1-003_lib.mae,CN(C(=O)c1cc(NCc2cccc(C[NH+](C)C)c2)c(Cl)s1)c1ccccc1O,CN(C(=O)c1cc(NCc2cccc(C[NH+](C)C)c2)c(Cl)s1)c1ccccc1O,O=C(Nc1ccccc1)c1cc(NCc2ccccc2)cs1,C22H25ClN3O2S+,1.0,29.0,54.0,1.0,3cbe254ac1354f4b7d291d246997fdc42c0faf52b8eacf5108ed9de0ce74309f,-6.3559887442052,-66.4920935829204,-0.219172025662248,2,2,2,matched,complete
ATP-HTVS-B0AB4541452E,78753,rxn512b____EMOL30099731____EMOL44846536____EMOL2873214,78753-1,493,运行/运行/ATP-VSW/ATP-VSW-DOCK_HTVS_1-001_lib/ATP-VSW-DOCK_HTVS_1-001_lib,Cc1ccc(Cl)cc1N(C)C(=O)c1cc(NCc2cccc(C[NH+](C)C)c2)c(Cl)s1,Cc1ccc(Cl)cc1N(C)C(=O)c1cc(NCc2cccc(C[NH+](C)C)c2)c(Cl)s1,O=C(Nc1ccccc1)c1cc(NCc2ccccc2)cs1,C23H26Cl2N3OS+,1.0,30.0,56.0,1.0,1f90eb285211ff6940c08ef0f47f5fd69c746c9fc155b201ed8d98b27acbd835,-3.82146121477881,-49.7160772074381,-0.127382040492627,1,1,1,matched,complete
ATP-HTVS-B0B19F009301,74529,rxn502b____EMOL527437____EMOL44466703____EMOL712348,74529-1,965,运行/运行/ATP-VSW/ATP-VSW-DOCK_HTVS_1-001_lib/ATP-VSW-DOCK_HTVS_1-001_lib,N#CCN(c1ccccc1)c1cc2ccccc2nc1NC(=O)Cc1ccc([S-])cc1,N#CCN(c1ccccc1)c1cc2ccccc2nc1NC(=O)Cc1ccc([S-])cc1,O=C(Cc1ccccc1)Nc1nc2ccccc2cc1Nc1ccccc1,C25H19N4OS-,-1.0,31.0,50.0,1.0,dcf6bb9ed179e9080108622499c599b0c161687e716983bb745e345dafcac1a3,-2.53889303403204,-34.8159461474924,-0.0818997752913563,2,2,2,matched,complete
ATP-HTVS-B107F9A324A3,20065,WXDL_15E____QS5063____LN00172681____BT2957,20065-1,99,运行/运行/ATP-VSW/ATP-VSW-DOCK_HTVS_1-001_lib/ATP-VSW-DOCK_HTVS_1-001_lib,C[NH+](C)Cc1ccc(CNc2ncc(-c3ccccc3)s2)cc1,C[NH+](C)Cc1ccc(CNc2ncc(-c3ccccc3)s2)cc1,c1ccc(CNc2ncc(-c3ccccc3)s2)cc1,C19H22N3S+,1.0,23.0,45.0,1.0,72650d52c6268b212d2c6e615a199d0c344764fa4134a57a940ebb80520b8a0a,-5.04000059047914,-50.7681606584339,-0.219130460455615,2,2,2,matched,complete
ATP-HTVS-B13A57A9D1F9,98178,rxn207____EMOL10224202____EMOL6185419,98178-4,1278,运行/运行/ATP-VSW/ATP-VSW-DOCK_HTVS_1-003_lib/ATP-VSW-DOCK_HTVS_1-003_lib.mae,Cc1ccc(CC[C@H](C)N2CC(=O)Nc3ccccc3[C@@H]2c2ccccc2)cc1,Cc1ccc(CCC(C)N2CC(=O)Nc3ccccc3C2c2ccccc2)cc1,O=C1CN(CCCc2ccccc2)C(c2ccccc2)c2ccccc2N1,C26H28N2O,0.0,29.0,57.0,1.0,8de04f511bb057345a6799417b770699773cfb3f4e164b3484c7b31afedb8c75,-1.61421560434641,-35.8924832178737,-0.0556626070464279,1,1,1,matched,complete
ATP-HTVS-B13D85D04AEE,97953,rxn503b____EMOL892106____EMOL44466703____EMOL317509042,97953-3,135,运行/运行/ATP-VSW/ATP-VSW-DOCK_HTVS_1-002_lib.maegz,C[C@@H]([NH2+]CC#Cc1cc2ccccc2nc1NC(=O)c1ccc(C#N)cc1F)c1cccc(F)c1,CC([NH2+]CC#Cc1cc2ccccc2nc1NC(=O)c1ccc(C#N)cc1F)c1cccc(F)c1,O=C(Nc1nc2ccccc2cc1C#CC[NH2+]Cc1ccccc1)c1ccccc1,C28H21F2N4O+,1.0,35.0,56.0,1.0,c511ca3167d146add2ccaae229a6ca85e15918368057db4e60a0cc91bde212af,-4.96308509293148,-66.8012055040585,-0.141802431226614,1,1,1,matched,complete
ATP-HTVS-B16CEB425A58,94497,rxn503b____EMOL518545____EMOL30488121____EMOL313110234,94497-4,71,运行/运行/ATP-VSW/ATP-VSW-DOCK_HTVS_1-001_lib/ATP-VSW-DOCK_HTVS_1-001_lib,[NH3+][C@H](C#Cc1c(NC(=O)c2cccc(Cl)c2F)cnc2ccccc12)Cc1cccc(F)c1,[NH3+]C(C#Cc1c(NC(=O)c2cccc(Cl)c2F)cnc2ccccc12)Cc1cccc(F)c1,O=C(Nc1cnc2ccccc2c1C#CCCc1ccccc1)c1ccccc1,C26H19ClF2N3O+,1.0,33.0,52.0,1.0,9c393328e4a3face9b5b2299b104cded11a92c0cba90724dca8a17e003136d1a,-5.15097789395059,-62.813831949006,-0.156090239210624,2,2,2,matched,complete
ATP-HTVS-B1D0FF1C8AAB,46850,m_270004bbb____11963946____7547832,46850-1,50,运行/运行/ATP-VSW/ATP-VSW-DOCK_HTVS_1-002_lib.maegz,CC(=O)NCc1ccc(C[NH2+]Cc2cn(Cc3ccccc3)nc2-c2ccc(Cl)cc2)cc1,CC(=O)NCc1ccc(C[NH2+]Cc2cn(Cc3ccccc3)nc2-c2ccc(Cl)cc2)cc1,c1ccc(C[NH2+]Cc2cn(Cc3ccccc3)nc2-c2ccccc2)cc1,C27H28ClN4O+,1.0,33.0,61.0,1.0,3dff921713f1982a477abb7780964809ff001e6ba9dc1bea2d73f4c0ffc9fe7f,-5.60971624453893,-74.5466535779889,-0.169991401349665,1,1,1,matched,complete
ATP-HTVS-B1DCCC83FEFE,30595,m_11dba____134712____214826,30595-1,576,运行/运行/ATP-VSW/ATP-VSW-DOCK_HTVS_1-003_lib/ATP-VSW-DOCK_HTVS_1-003_lib.mae,CC[NH+](CC)Cc1ccc(CNC(=O)Cn2c(COc3ccccc3)nc3ccccc32)cc1,CC[NH+](CC)Cc1ccc(CNC(=O)Cn2c(COc3ccccc3)nc3ccccc32)cc1,O=C(Cn1c(COc2ccccc2)nc2ccccc21)NCc1ccccc1,C28H33N4O2+,1.0,34.0,67.0,1.0,2e1c312db97cdd2becf8ae74d8779e87cec4d4ef186005a162d76e15c55fd506,-3.60920673182249,-52.7969396236932,-0.10615313917125,2,2,2,matched,complete
ATP-HTVS-B1E26FAB67D9,85443,rxn102c____EMOL982815____EMOL27507560,85443-3,527,运行/运行/ATP-VSW/ATP-VSW-DOCK_HTVS_1-003_lib/ATP-VSW-DOCK_HTVS_1-003_lib.mae,C[NH+](C)[C@@H](C#N)c1ccc(Nc2nc(Oc3ccc(F)cc3)cc(Oc3ccc(F)cc3)n2)cc1,C[NH+](C)C(C#N)c1ccc(Nc2nc(Oc3ccc(F)cc3)cc(Oc3ccc(F)cc3)n2)cc1,c1ccc(Nc2nc(Oc3ccccc3)cc(Oc3ccccc3)n2)cc1,C26H22F2N5O2+,1.0,35.0,57.0,1.0,34d81392aea69ac0a857fed0990a7e8fc69eb1a6d525b57791d09adcd4cc5fcb,-3.73712231452672,-63.4089599591055,-0.106774923272192,1,1,1,matched,complete
ATP-HTVS-B1FBA11D65B8,53251,m_282030aaa____21896940____22360182____21936774,53251-1,462,运行/运行/ATP-VSW/ATP-VSW-DOCK_HTVS_1-003_lib/ATP-VSW-DOCK_HTVS_1-003_lib.mae,C[NH+](C)Cc1cc(F)ccc1CNc1nc(NCc2ccc(Cl)cc2N)[nH+]c2ccccc12,C[NH+](C)Cc1cc(F)ccc1CNc1nc(NCc2ccc(Cl)cc2N)[nH+]c2ccccc12,c1ccc(CNc2nc(NCc3ccccc3)c3ccccc3[nH+]2)cc1,C25H28ClFN6+2,2.0,33.0,61.0,1.0,689ed77a6f9b8106d23cb4f1e98ebcc0524869fbb909a15b7274e8f062ac5834,-3.88074631091063,-52.0941655770037,-0.117598373057898,3,3,3,matched,complete
ATP-HTVS-B23516995CCF,60194,m_282030aaa____21933754____22360182____21973156,60194-1,190,运行/运行/ATP-VSW/ATP-VSW-DOCK_HTVS_1-002_lib.maegz,C[NH+](C)Cc1ccccc1CNc1nc(NCc2ccc(OCCO)cc2)[nH+]c2ccccc12,C[NH+](C)Cc1ccccc1CNc1nc(NCc2ccc(OCCO)cc2)[nH+]c2ccccc12,c1ccc(CNc2nc(NCc3ccccc3)c3ccccc3[nH+]2)cc1,C27H33N5O2+2,2.0,34.0,67.0,1.0,2a8c55ca743ed5e463c3b6d686b486c594b952e992c5012dbfe93ca6768d0a80,-4.7190851020773,-60.1741020465913,-0.138796620649332,3,3,3,matched,complete
ATP-HTVS-B262751D15E7,44706,m_22bcb____10638332____24596716,44706-1,137,运行/运行/ATP-VSW/ATP-VSW-DOCK_HTVS_1-002_lib.maegz,C[NH+](C)Cc1ccccc1NC(=O)c1cc(-c2cccnc2)nc2ccccc12,C[NH+](C)Cc1ccccc1NC(=O)c1cc(-c2cccnc2)nc2ccccc12,O=C(Nc1ccccc1)c1cc(-c2cccnc2)nc2ccccc12,C24H23N4O+,1.0,29.0,52.0,1.0,ff633e29bbaf96881e4019dc5fb28a53ad0ddf702426f800a7aacff7564a087b,-4.95029821446355,-62.3023070039533,-0.170699938429778,2,2,2,matched,complete
ATP-HTVS-B278BB2953A5,37281,m_270004bbb____25289958____24721296,37281-1,294,运行/运行/ATP-VSW/ATP-VSW-DOCK_HTVS_1-001_lib/ATP-VSW-DOCK_HTVS_1-001_lib,C[NH+](C)CCNc1ccccc1C[NH2+]Cc1ccc(OCc2ccccc2)cn1,C[NH+](C)CCNc1ccccc1C[NH2+]Cc1ccc(OCc2ccccc2)cn1,c1ccc(C[NH2+]Cc2ccc(OCc3ccccc3)cn2)cc1,C24H32N4O+2,2.0,29.0,61.0,1.0,6761ed1f761dc6019c1f2084ff6af1f16f77500727ff49a2600a89afc8547133,-4.35664288623461,-54.4902664504592,-0.150229065042573,2,2,2,matched,complete
ATP-HTVS-B31ECD8B9A27,61603,m_270006bbb____11732418____8405714,61603-1,12,运行/运行/ATP-VSW/ATP-VSW-DOCK_HTVS_1-003_lib/ATP-VSW-DOCK_HTVS_1-003_lib.mae,C[NH2+]Cc1ccccc1CNC(=O)c1cc(-c2ccccn2)nc2ccccc12,C[NH2+]Cc1ccccc1CNC(=O)c1cc(-c2ccccn2)nc2ccccc12,O=C(NCc1ccccc1)c1cc(-c2ccccn2)nc2ccccc12,C24H23N4O+,1.0,29.0,52.0,1.0,0c4c56429cabafceac8843e2afef83baa50250453b3f0e1395c88a85fe1d329c,-5.92766230536446,-64.8042054828537,-0.204402148460843,2,2,2,matched,complete
ATP-HTVS-B34C30ECDBCB,67107,m_27bbd____15775612____11349750,67107-2,1255,运行/运行/ATP-VSW/ATP-VSW-DOCK_HTVS_1-003_lib/ATP-VSW-DOCK_HTVS_1-003_lib.mae,CN(C)Cc1ccc(CCNc2cc(-c3ccccc3)nc3ccnn23)cc1,CN(C)Cc1ccc(CCNc2cc(-c3ccccc3)nc3ccnn23)cc1,c1ccc(CCNc2cc(-c3ccccc3)nc3ccnn23)cc1,C23H25N5,0.0,28.0,53.0,1.0,7427275d269e4681eec14fe54f662343f42596a1c46c91fb88a3cf1a48dade11,-1.69642127106037,-39.3934473881573,-0.0605864739664419,1,1,1,matched,complete
ATP-HTVS-B36D0C358EAD,4321,YAS_R001____OTV6666766____OTV7020694045,4321-1,361,运行/运行/ATP-VSW/ATP-VSW-DOCK_HTVS_1-001_lib/ATP-VSW-DOCK_HTVS_1-001_lib,C[NH+](C)[C@@H](CNC(=O)c1cn(Cc2ccccc2)c(=O)c2ccccc12)c1ccc2c(c1)OCO2,C[NH+](C)C(CNC(=O)c1cn(Cc2ccccc2)c(=O)c2ccccc12)c1ccc2c(c1)OCO2,O=C(NCCc1ccc2c(c1)OCO2)c1cn(Cc2ccccc2)c(=O)c2ccccc12,C28H28N3O4+,1.0,35.0,63.0,1.0,9b4cb6ec094b74faa104018d1d900c38d2b90ab0b132face02d36384fbea73e4,-4.17567819093712,-58.7854394464084,-0.119305091169632,4,4,4,matched,complete
ATP-HTVS-B383260168BF,80993,rxn102c____EMOL331057570____EMOL1127984,80993-1,263,运行/运行/ATP-VSW/ATP-VSW-DOCK_HTVS_1-001_lib/ATP-VSW-DOCK_HTVS_1-001_lib,CN(C)[C@@H](C[NH3+])c1ccc(Nc2nc(-c3ccccc3)cc(-c3ccccc3)n2)cc1Cl,CN(C)C(C[NH3+])c1ccc(Nc2nc(-c3ccccc3)cc(-c3ccccc3)n2)cc1Cl,c1ccc(Nc2nc(-c3ccccc3)cc(-c3ccccc3)n2)cc1,C26H27ClN5+,1.0,32.0,59.0,1.0,c86f6110678eadef068220796cb9a1fbaed23affb8993ac304b240877d846d17,-4.45475962306661,-44.7607822732554,-0.139211238220832,4,4,4,matched,complete
ATP-HTVS-B3F47181DC5D,83746,rxn503b____EMOL519605____EMOL7515103____EMOL317506007,83746-3,32,运行/运行/ATP-VSW/ATP-VSW-DOCK_HTVS_1-002_lib.maegz,C[C@@H]([NH2+]CC#Cc1cnc(NC(=O)c2cccc(O)c2)c2ccccc12)c1ccc(F)cc1,CC([NH2+]CC#Cc1cnc(NC(=O)c2cccc(O)c2)c2ccccc12)c1ccc(F)cc1,O=C(Nc1ncc(C#CC[NH2+]Cc2ccccc2)c2ccccc12)c1ccccc1,C27H23FN3O2+,1.0,33.0,56.0,1.0,72a7e07af1db96861938625696c3b062e43e9fff3fa84218a89c75eb1036bfe0,-5.78131733089386,-75.7616082785423,-0.175191434269511,4,4,4,matched,complete
ATP-HTVS-B3FE097D1043,69827,rxn512c____EMOL31412115____EMOL523944____EMOL2873214,69827-1,196,运行/运行/ATP-VSW/ATP-VSW-DOCK_HTVS_1-003_lib/ATP-VSW-DOCK_HTVS_1-003_lib.mae,CN(C(=O)c1sc2ccccc2c1NCc1cccc(C[NH+](C)C)c1)c1cccc(C#N)c1,CN(C(=O)c1sc2ccccc2c1NCc1cccc(C[NH+](C)C)c1)c1cccc(C#N)c1,O=C(Nc1ccccc1)c1sc2ccccc2c1NCc1ccccc1,C27H27N4OS+,1.0,33.0,60.0,1.0,d893f2ada0c6b8922fd447a6db9453d392dc53e0e747014452b43a83e0fe7547,-4.68627525540222,-58.2655915824116,-0.142008341072794,2,2,2,matched,complete
ATP-HTVS-B41566EF3893,35267,m_282030aaa____21926464____22360182____21977402,35267-1,188,运行/运行/ATP-VSW/ATP-VSW-DOCK_HTVS_1-003_lib/ATP-VSW-DOCK_HTVS_1-003_lib.mae,Cc1cc(N)ccc1CNc1nc(NCCc2ccc(C[NH+](C)C)cc2)c2ccccc2[nH+]1,Cc1cc(N)ccc1CNc1nc(NCCc2ccc(C[NH+](C)C)cc2)c2ccccc2[nH+]1,c1ccc(CCNc2nc(NCc3ccccc3)[nH+]c3ccccc23)cc1,C27H34N6+2,2.0,33.0,67.0,1.0,84d36e6d724166db9c7d2b26922f261cd43c057a8ec1a00a0e901d3312940c36,-4.70580987896128,-62.9773895446477,-0.142600299362463,4,4,4,matched,complete
ATP-HTVS-B46E603BFCD4,92482,rxn502a____EMOL480988____EMOL45981693____EMOL50155899,92482-1,259,运行/运行/ATP-VSW/ATP-VSW-DOCK_HTVS_1-002_lib.maegz,CN(C(=O)c1ccccc1Cl)c1cc(NCc2ccc(C[NH+](C)C)cc2)ccn1,CN(C(=O)c1ccccc1Cl)c1cc(NCc2ccc(C[NH+](C)C)cc2)ccn1,O=C(Nc1cc(NCc2ccccc2)ccn1)c1ccccc1,C23H26ClN4O+,1.0,29.0,55.0,1.0,a59cbf56f0a0c84883e3ff609cb185482a84c1dab38fa208da8cad82776f0cf2,-4.49674664045134,-54.2761871434472,-0.155060228981081,3,3,3,matched,complete
ATP-HTVS-B476F40F800C,74499,rxn512b____EMOL718308____EMOL44846536____EMOL2873214,74499-1,519,运行/运行/ATP-VSW/ATP-VSW-DOCK_HTVS_1-003_lib/ATP-VSW-DOCK_HTVS_1-003_lib.mae,CN(C(=O)c1cc(NCc2cccc(C[NH+](C)C)c2)c(Cl)s1)c1ccc(N)cc1,CN(C(=O)c1cc(NCc2cccc(C[NH+](C)C)c2)c(Cl)s1)c1ccc(N)cc1,O=C(Nc1ccccc1)c1cc(NCc2ccccc2)cs1,C22H26ClN4OS+,1.0,29.0,55.0,1.0,d768f36fcdac4d28f028484c85faad1c0ec2abab86c6ee0127f63a34467c66ff,-3.765788618152,-51.0358214601696,-0.129854779936276,2,2,2,matched,complete
ATP-HTVS-B47DAEDE372B,98082,rxn503b____EMOL500425____EMOL30488121____EMOL313110234,98082-3,656,运行/运行/ATP-VSW/ATP-VSW-DOCK_HTVS_1-003_lib/ATP-VSW-DOCK_HTVS_1-003_lib.mae,[NH3+][C@@H](C#Cc1c(NC(=O)c2c(Cl)cccc2Cl)cnc2ccccc12)Cc1cccc(F)c1,[NH3+]C(C#Cc1c(NC(=O)c2c(Cl)cccc2Cl)cnc2ccccc12)Cc1cccc(F)c1,O=C(Nc1cnc2ccccc2c1C#CCCc1ccccc1)c1ccccc1,C26H19Cl2FN3O+,1.0,33.0,52.0,1.0,0feb5b78592ee21fe4e9b9c96044945e4ae7837daacf6a28b87410c97b0a33be,-3.39530927196781,-47.7939950831956,-0.1028881597566,1,1,1,matched,complete
ATP-HTVS-B48F3FD049EC,23970,m_269862bba____7193238____13192834,23970-5,1220,运行/运行/ATP-VSW/ATP-VSW-DOCK_HTVS_1-002_lib.maegz,CCN(CC)Cc1ccc(C[NH2+][C@H](c2ccccn2)c2cc3ccccc3o2)cc1,CCN(CC)Cc1ccc(C[NH2+]C(c2ccccn2)c2cc3ccccc3o2)cc1,c1ccc(C[NH2+]C(c2ccccn2)c2cc3ccccc3o2)cc1,C26H30N3O+,1.0,30.0,60.0,1.0,b50f73110ddf3fcf1497018bf59de7fb9ecb2eed46ff28dc7b0bdc3538d7177a,-1.74699328530656,-44.7410944471617,-0.0582331095102185,1,1,1,matched,complete
ATP-HTVS-B4E8E29A2CD9,62147,m_2430dbb____9142264____2308808,62147-1,230,运行/运行/ATP-VSW/ATP-VSW-DOCK_HTVS_1-003_lib/ATP-VSW-DOCK_HTVS_1-003_lib.mae,C[NH+](C)CCc1ccccc1NC(=O)NCc1cn(-c2ccccc2)nc1-c1ccncc1,C[NH+](C)CCc1ccccc1NC(=O)NCc1cn(-c2ccccc2)nc1-c1ccncc1,O=C(NCc1cn(-c2ccccc2)nc1-c1ccncc1)Nc1ccccc1,C26H29N6O+,1.0,33.0,62.0,1.0,b07590e88c008753066437072333d667f9006fe8048ce1b4d86617bb49b37630,-4.5674968213852,-56.8807802950237,-0.13840899458743,1,1,1,matched,complete
ATP-HTVS-B4F34B52DEEF,77313,rxn503c____EMOL300009321____EMOL44472687____EMOL1468452,77313-7,63,运行/运行/ATP-VSW/ATP-VSW-DOCK_HTVS_1-001_lib/ATP-VSW-DOCK_HTVS_1-001_lib,C[C@@H]([NH2+]CC#Cc1c(NC(=O)[C@@H](O)c2ccccc2)cnc2ccccc12)c1ccccc1,CC([NH2+]CC#Cc1c(NC(=O)C(O)c2ccccc2)cnc2ccccc12)c1ccccc1,O=C(Cc1ccccc1)Nc1cnc2ccccc2c1C#CC[NH2+]Cc1ccccc1,C28H26N3O2+,1.0,33.0,59.0,1.0,55b41ebc06199443f79a414598c224c3e307e2bf2689ab55e6336be53d2b1584,-5.18852571458463,-73.5570697403787,-0.15722805195711,8,8,8,matched,complete
ATP-HTVS-B4FC20780B21,37219,m_2230bbb____22404674____681770,37219-1,69,运行/运行/ATP-VSW/ATP-VSW-DOCK_HTVS_1-003_lib/ATP-VSW-DOCK_HTVS_1-003_lib.mae,COc1ccc(Br)cc1-c1nc(C[NH2+][C@H](C)c2ccc(C[NH+](C)C)cc2)cs1,COc1ccc(Br)cc1-c1nc(C[NH2+]C(C)c2ccc(C[NH+](C)C)cc2)cs1,c1ccc(C[NH2+]Cc2csc(-c3ccccc3)n2)cc1,C22H28BrN3OS+2,2.0,28.0,56.0,1.0,11fff15223dfc984726327674ceb3d47f7e9df088b1847dc0c27f7dcb0d1984f,-5.33877522679831,-67.4781020967497,-0.190670543814225,5,5,5,matched,complete
ATP-HTVS-B51F80196405,56163,m_2230bdc____17626620____4433608,56163-2,1421,运行/运行/ATP-VSW/ATP-VSW-DOCK_HTVS_1-003_lib/ATP-VSW-DOCK_HTVS_1-003_lib.mae,CNC(=O)c1ccc(CN2CC(=O)Nc3ccc(Br)cc3[C@@H]2c2ccccc2)cc1,CNC(=O)c1ccc(CN2CC(=O)Nc3ccc(Br)cc3C2c2ccccc2)cc1,O=C1CN(Cc2ccccc2)C(c2ccccc2)c2ccccc2N1,C24H22BrN3O2,0.0,30.0,52.0,1.0,81d634d8dbac1849af2d0f4a742ee40ea8c0c5038af5d363255cfa0cf024e4e1,-0.684467516068333,-35.4053930503277,-0.0228155838689444,2,2,2,matched,complete
ATP-HTVS-B56D8AC3A406,90241,rxn502a____EMOL530803____EMOL50277192____EMOL2873214,90241-1,169,运行/运行/ATP-VSW/ATP-VSW-DOCK_HTVS_1-001_lib/ATP-VSW-DOCK_HTVS_1-001_lib,C[NH+](C)Cc1cccc(CNc2c(F)cncc2NC(=O)C#Cc2ccccc2)c1,C[NH+](C)Cc1cccc(CNc2c(F)cncc2NC(=O)C#Cc2ccccc2)c1,O=C(C#Cc1ccccc1)Nc1cnccc1NCc1ccccc1,C24H24FN4O+,1.0,30.0,54.0,1.0,d4c16591e9e0cee0856c690798024fb9492040a9c25f0d617a54b25df421958e,-4.72167488833657,-53.2004556159598,-0.157389162944552,3,3,3,matched,complete
ATP-HTVS-B586963EE7FB,61506,m_282030aaa____21905082____22360182____21973156,61506-1,822,运行/运行/ATP-VSW/ATP-VSW-DOCK_HTVS_1-002_lib.maegz,Cc1cc(N)cc(CNc2nc(NCc3ccccc3C[NH+](C)C)[nH+]c3ccccc23)c1,Cc1cc(N)cc(CNc2nc(NCc3ccccc3C[NH+](C)C)[nH+]c3ccccc23)c1,c1ccc(CNc2nc(NCc3ccccc3)c3ccccc3[nH+]2)cc1,C26H32N6+2,2.0,32.0,64.0,1.0,83b7812f8dabe461413fb887cb71f2b0e1438e65e59b6cdeb87553cccf8328fb,-2.98151074575669,-40.7638919754841,-0.0931722108048967,3,3,3,matched,complete
ATP-HTVS-B5A4F958CC31,90915,rxn403____EMOL530587____EMOL720244____EMOL1468452,90915-4,211,运行/运行/ATP-VSW/ATP-VSW-DOCK_HTVS_1-003_lib/ATP-VSW-DOCK_HTVS_1-003_lib.mae,C[C@H](NCC#C[C@H](NCC(=O)c1ccccc1)c1cc2ccccc2s1)c1ccccc1,CC(NCC#CC(NCC(=O)c1ccccc1)c1cc2ccccc2s1)c1ccccc1,O=C(CNC(C#CCNCc1ccccc1)c1cc2ccccc2s1)c1ccccc1,C28H26N2OS,0.0,32.0,58.0,1.0,dea2e8affa08a5b392acf110fa509179bc56392dd845f7e69c46c9ac738718ea,-4.61871911693587,-51.5953924890356,-0.144334972404246,2,2,2,matched,complete
ATP-HTVS-B612A35BE18C,36227,m_270004bbb____12219716____14937976,36227-2,296,运行/运行/ATP-VSW/ATP-VSW-DOCK_HTVS_1-003_lib/ATP-VSW-DOCK_HTVS_1-003_lib.mae,O=C1c2ccccc2[C@@H](C[NH2+]Cc2ccccc2C(F)F)N1Cc1ccccc1,O=C1c2ccccc2C(C[NH2+]Cc2ccccc2C(F)F)N1Cc1ccccc1,O=C1c2ccccc2C(C[NH2+]Cc2ccccc2)N1Cc1ccccc1,C24H23F2N2O+,1.0,29.0,52.0,1.0,6d2705383d06fc73f87dade3f9b26c850157467b2cd6998d378a39b2c4b84607,-4.35963998063379,-50.4197538648781,-0.150332413125303,2,2,2,matched,complete
ATP-HTVS-B6233BB79AF7,58179,m_282030aaa____21933634____22360182____21936774,58179-1,648,运行/运行/ATP-VSW/ATP-VSW-DOCK_HTVS_1-003_lib/ATP-VSW-DOCK_HTVS_1-003_lib.mae,CN(Cc1ccc(C[NH+](C)C)cc1)c1nc(NCc2ccc(Cl)cc2N)c2ccccc2[nH+]1,CN(Cc1ccc(C[NH+](C)C)cc1)c1nc(NCc2ccc(Cl)cc2N)c2ccccc2[nH+]1,c1ccc(CNc2nc(NCc3ccccc3)c3ccccc3[nH+]2)cc1,C26H31ClN6+2,2.0,33.0,64.0,1.0,404a9dac73ff60d2b78546b300077e6a06da8aab9c0b004d319210b7b1bd2ab0,-3.43284093977183,-51.0371543908584,-0.104025483023389,1,1,1,matched,complete
ATP-HTVS-B64EA431F59B,47873,m_2430bbb____22523280____742118,47873-2,972,运行/运行/ATP-VSW/ATP-VSW-DOCK_HTVS_1-001_lib/ATP-VSW-DOCK_HTVS_1-001_lib,CN(C)Cc1ccccc1NC(=O)NCc1cn(-c2ccccc2)nc1-c1ccccc1,CN(C)Cc1ccccc1NC(=O)NCc1cn(-c2ccccc2)nc1-c1ccccc1,O=C(NCc1cn(-c2ccccc2)nc1-c1ccccc1)Nc1ccccc1,C26H27N5O,0.0,32.0,59.0,1.0,4592c4b5a37e76e518519b259aaa2e4f8a1be160bb84d009fc5667b331bbf7d4,-2.52173005455312,-45.6154357827395,-0.0788040642047849,1,1,1,matched,complete
ATP-HTVS-B64FB026F9D3,80449,rxn502b____EMOL32441976____EMOL7515103____EMOL50155899,80449-1,267,运行/运行/ATP-VSW/ATP-VSW-DOCK_HTVS_1-001_lib/ATP-VSW-DOCK_HTVS_1-001_lib,COC(=O)Nc1cccc(C(=O)Nc2ncc(NCc3ccc(C[NH+](C)C)cc3)c3ccccc23)c1,COC(=O)Nc1cccc(C(=O)Nc2ncc(NCc3ccc(C[NH+](C)C)cc3)c3ccccc23)c1,O=C(Nc1ncc(NCc2ccccc2)c2ccccc12)c1ccccc1,C28H30N5O3+,1.0,36.0,66.0,1.0,65dfb6c335d7dd8bb3fe289604d1fc632548a1db001c657cb74a556f5105b063,-4.45029079262428,-51.5334756810636,-0.123619188684008,2,2,2,matched,complete
ATP-HTVS-B6843249DE88,60162,m_527bbb____9173210____159332,60162-1,512,运行/运行/ATP-VSW/ATP-VSW-DOCK_HTVS_1-002_lib.maegz,C[NH+](C)CCc1ccc(CNC(=O)c2occc2CSc2ccccc2)cc1,C[NH+](C)CCc1ccc(CNC(=O)c2occc2CSc2ccccc2)cc1,O=C(NCc1ccccc1)c1occc1CSc1ccccc1,C23H27N2O2S+,1.0,28.0,55.0,1.0,6b1ddbe99f7378446b025e9d77477d366ed26f3e769147295e58a7c0de88064a,-3.80964674006807,-54.0665579131734,-0.136058812145288,1,1,1,matched,complete
ATP-HTVS-B685FDB22E51,6466,a1____400656____398704,6466-1,1007,运行/运行/ATP-VSW/ATP-VSW-DOCK_HTVS_1-002_lib.maegz,CN(Cc1ccccc1C[NH+](C)C)C(=O)Cc1nn(Cc2ccccc2)c(=O)c2ccccc12,CN(Cc1ccccc1C[NH+](C)C)C(=O)Cc1nn(Cc2ccccc2)c(=O)c2ccccc12,O=C(Cc1nn(Cc2ccccc2)c(=O)c2ccccc12)NCc1ccccc1,C28H31N4O2+,1.0,34.0,65.0,1.0,d2d97f98e3ff919e4cc4bf38e141f9aa2504323e683c331a50db8b43bcec2a3b,-2.43146582223229,-38.1379616119094,-0.0715137006538909,2,2,2,matched,complete
ATP-HTVS-B699C037922C,89506,rxn512b____EMOL484455____EMOL525138____EMOL50155899,89506-2,801,运行/运行/ATP-VSW/ATP-VSW-DOCK_HTVS_1-002_lib.maegz,CN(C)Cc1ccc(CNc2ccsc2C(=O)NCc2ccccc2F)cc1,CN(C)Cc1ccc(CNc2ccsc2C(=O)NCc2ccccc2F)cc1,O=C(NCc1ccccc1)c1sccc1NCc1ccccc1,C22H24FN3OS,0.0,28.0,52.0,1.0,75c864de59650f898562f8991655acf2c8f1c8a33deb94e14a05d83ce70e08d1,-3.03470016563841,-50.6741532363122,-0.1083821487728,1,1,1,matched,complete
ATP-HTVS-B6BB4D9D6C90,17793,a1____269872____222288,17793-1,116,运行/运行/ATP-VSW/ATP-VSW-DOCK_HTVS_1-001_lib/ATP-VSW-DOCK_HTVS_1-001_lib,C[NH+](C)Cc1cccc(C(=O)NCc2cn(-c3ccccc3)nc2-c2ccncc2)c1,C[NH+](C)Cc1cccc(C(=O)NCc2cn(-c3ccccc3)nc2-c2ccncc2)c1,O=C(NCc1cn(-c2ccccc2)nc1-c1ccncc1)c1ccccc1,C25H26N5O+,1.0,31.0,57.0,1.0,4c8563b40b38cb53c919ee22f7cbb57851394bbfe244838659c92d70ff16c63a,-4.93015311685867,-59.7028951065694,-0.159037197318022,2,2,2,matched,complete
ATP-HTVS-B6C483C4EE45,81410,rxn512b____EMOL49832880____EMOL525138____EMOL50155899,81410-1,74,运行/运行/ATP-VSW/ATP-VSW-DOCK_HTVS_1-002_lib.maegz,C[NH+](C)Cc1ccc(CNc2ccsc2C(=O)N(CC[NH3+])c2ccc(Cl)cc2)cc1,C[NH+](C)Cc1ccc(CNc2ccsc2C(=O)N(CC[NH3+])c2ccc(Cl)cc2)cc1,O=C(Nc1ccccc1)c1sccc1NCc1ccccc1,C23H29ClN4OS+2,2.0,30.0,59.0,1.0,513f635ff87721a3035e6222ccb562d772d2b1cbfcabcad2c02e96921c021060,-5.34115308557005,-61.9787017407744,-0.178038436185668,2,2,2,matched,complete
ATP-HTVS-B7334B97F240,76226,rxn502b____EMOL43467976____EMOL4363915____EMOL50155899,76226-1,99,运行/运行/ATP-VSW/ATP-VSW-DOCK_HTVS_1-002_lib.maegz,C[NH+](C)Cc1ccc(CNc2c[nH]/c(=N\C(=O)c3ccccc3C#N)c(-n3cccc3)c2)cc1,C[NH+](C)Cc1ccc(CNc2c[nH]c(=NC(=O)c3ccccc3C#N)c(-n3cccc3)c2)cc1,O=C(N=c1[nH]cc(NCc2ccccc2)cc1-n1cccc1)c1ccccc1,C27H27N6O+,1.0,34.0,61.0,1.0,c3cf1f13477be2cbcf6eb1c71b2cb38fc293b0a865a9ed320cf1c4ad182ed7c8,-5.14055156452424,-56.7211414978634,-0.151192693074242,3,3,3,matched,complete
ATP-HTVS-B7368E70BBC8,27201,m_270004bbb____23846716____24721296,27201-2,40,运行/运行/ATP-VSW/ATP-VSW-DOCK_HTVS_1-001_lib/ATP-VSW-DOCK_HTVS_1-001_lib,C[NH+](C)C[C@H](C[NH2+]Cc1ccc(OCc2ccccc2)cn1)c1ccc(Cl)cc1,C[NH+](C)CC(C[NH2+]Cc1ccc(OCc2ccccc2)cn1)c1ccc(Cl)cc1,c1ccc(CC[NH2+]Cc2ccc(OCc3ccccc3)cn2)cc1,C24H30ClN3O+2,2.0,29.0,59.0,1.0,02622232e1466c3a151465ddc9171c045732ca7083cbfe34b0132a4f99ecd8af,-5.42596798797349,-66.4654144150471,-0.187102344412879,2,2,2,matched,complete
ATP-HTVS-B7604789CEBF,58530,m_274952bba____12996510____12611784____19964966,58530-3,142,运行/运行/ATP-VSW/ATP-VSW-DOCK_HTVS_1-002_lib.maegz,C[NH+](C)Cc1ccc(C[N@H+](C)Cc2cn(-c3ccccc3Cl)nn2)cc1,C[NH+](C)Cc1ccc(C[NH+](C)Cc2cn(-c3ccccc3Cl)nn2)cc1,c1ccc(C[NH2+]Cc2cn(-c3ccccc3)nn2)cc1,C20H26ClN5+2,2.0,26.0,52.0,1.0,1f3ccf9bc71551d6d4f2e1c66d1659a4e0e28e24961ad43c38ae4cbb46674f18,-4.92788953230995,-62.5674454035075,-0.189534212781152,6,6,6,matched,complete
ATP-HTVS-B77025854F9D,70979,rxn207____EMOL952557____EMOL42769518,70979-4,87,运行/运行/ATP-VSW/ATP-VSW-DOCK_HTVS_1-003_lib/ATP-VSW-DOCK_HTVS_1-003_lib.mae,Cc1ccc([C@H](O)C[NH2+][C@@H]2C(=O)N(Cc3ccccc3)c3ccccc32)cc1,Cc1ccc(C(O)C[NH2+]C2C(=O)N(Cc3ccccc3)c3ccccc32)cc1,O=C1C([NH2+]CCc2ccccc2)c2ccccc2N1Cc1ccccc1,C24H25N2O2+,1.0,28.0,53.0,1.0,121fd3e32b19f1cbfa3820fe8073c6c3508256ca863478c8c301c9d52055654e,-5.18063790977782,-59.0172234472535,-0.185022782492065,8,8,8,matched,complete
ATP-HTVS-B798CBAC6C44,96577,rxn102c____EMOL2797927____EMOL36822768,96577-1,830,运行/运行/ATP-VSW/ATP-VSW-DOCK_HTVS_1-002_lib.maegz,CN(C(=O)c1cnc(N(C#N)c2ccccc2)c2ccccc12)c1ccc(Cl)cc1,CN(C(=O)c1cnc(N(C#N)c2ccccc2)c2ccccc12)c1ccc(Cl)cc1,O=C(Nc1ccccc1)c1cnc(Nc2ccccc2)c2ccccc12,C24H17ClN4O,0.0,30.0,47.0,1.0,ad1798337b50be23379c1de91d8767b950fe4c36e0818906b452166bb6618136,-2.94710029951005,-37.7048522112834,-0.098236676650335,1,1,1,matched,complete
ATP-HTVS-B7AB07A15A31,78435,rxn501c____EMOL18624763____EMOL36251210____EMOL508369,78435-1,397,运行/运行/ATP-VSW/ATP-VSW-DOCK_HTVS_1-003_lib/ATP-VSW-DOCK_HTVS_1-003_lib.mae,COc1cccc(-c2ccnc(NC(=O)c3ccc(C[NH+](C)C)cc3)c2C(=O)c2ccccc2)c1,COc1cccc(-c2ccnc(NC(=O)c3ccc(C[NH+](C)C)cc3)c2C(=O)c2ccccc2)c1,O=C(Nc1nccc(-c2ccccc2)c1C(=O)c1ccccc1)c1ccccc1,C29H28N3O3+,1.0,35.0,63.0,1.0,c78b762c04df44ae2c3882f500bc5beced0658a63ccf18b50a75433c3c16d2eb,-4.03672743264643,-56.3416046347021,-0.115335069504184,2,2,2,matched,complete
ATP-HTVS-B7C68EF5FFDC,82755,rxn502b____EMOL331054254____EMOL30488121____EMOL712348,82755-1,355,运行/运行/ATP-VSW/ATP-VSW-DOCK_HTVS_1-003_lib/ATP-VSW-DOCK_HTVS_1-003_lib.mae,CN(C)[C@@H](C(=O)Nc1cnc2ccccc2c1N(CC#N)c1ccccc1)c1ccc(Cl)cc1,CN(C)C(C(=O)Nc1cnc2ccccc2c1N(CC#N)c1ccccc1)c1ccc(Cl)cc1,O=C(Cc1ccccc1)Nc1cnc2ccccc2c1Nc1ccccc1,C27H24ClN5O,0.0,34.0,58.0,1.0,d144f452c67844fab24eb26f030c61a803947047dde0b6292fd2edde19871046,-4.18675195228413,-50.8794989414612,-0.123139763302474,6,6,6,matched,complete
ATP-HTVS-B7CF3B4EBACD,53986,m_270004bbb____18360870____7547868,53986-2,388,运行/运行/ATP-VSW/ATP-VSW-DOCK_HTVS_1-002_lib.maegz,Fc1ccc([C@@H](C[NH2+]Cc2cn(Cc3ccccc3)nc2-c2cccnc2)N2CCCC2)cc1,Fc1ccc(C(C[NH2+]Cc2cn(Cc3ccccc3)nc2-c2cccnc2)N2CCCC2)cc1,c1ccc(Cn2cc(C[NH2+]CC(c3ccccc3)N3CCCC3)c(-c3cccnc3)n2)cc1,C28H31FN5+,1.0,34.0,65.0,1.0,77035a1e4c47cff43b01779c4344fba860f61c0a0f67692d0766a935c20cfed5,-4.14533704989545,-57.2782030348361,-0.121921677938102,3,3,3,matched,complete
ATP-HTVS-B7FF2C0C64E6,74275,rxn512b____EMOL525080____EMOL525138____EMOL50155899,74275-1,245,运行/运行/ATP-VSW/ATP-VSW-DOCK_HTVS_1-003_lib/ATP-VSW-DOCK_HTVS_1-003_lib.mae,CN(Cc1cccc(F)c1)C(=O)c1sccc1NCc1ccc(C[NH+](C)C)cc1,CN(Cc1cccc(F)c1)C(=O)c1sccc1NCc1ccc(C[NH+](C)C)cc1,O=C(NCc1ccccc1)c1sccc1NCc1ccccc1,C23H27FN3OS+,1.0,29.0,56.0,1.0,127af32cb07aab7b8672bb84e1d2e3514c59275f06890ad5ae08606551ea3100,-4.51580519988092,-51.5497818980986,-0.155717420685549,2,2,2,matched,complete
ATP-HTVS-B8017292FA6C,98081,rxn503b____EMOL489760____EMOL44466703____EMOL313110234,98081-2,853,运行/运行/ATP-VSW/ATP-VSW-DOCK_HTVS_1-002_lib.maegz,N[C@H](C#Cc1cc2ccccc2nc1NC(=O)c1cccc(Cl)c1Cl)Cc1cccc(F)c1,NC(C#Cc1cc2ccccc2nc1NC(=O)c1cccc(Cl)c1Cl)Cc1cccc(F)c1,O=C(Nc1nc2ccccc2cc1C#CCCc1ccccc1)c1ccccc1,C26H18Cl2FN3O,0.0,33.0,51.0,1.0,606881404eb6b8aa5e9d2fd77d1204ab098f78349d5858e9a98a02c0acfc65a7,-2.87306696057149,-36.6647874415429,-0.0870626351688329,1,1,1,matched,complete
ATP-HTVS-B8459B836830,67074,m_270004bca____18336990____7547806,67074-6,568,运行/运行/ATP-VSW/ATP-VSW-DOCK_HTVS_1-002_lib.maegz,CCOCC[N@@H+](CC)Cc1ccc(CN(C)Cc2cn(-c3ccccc3)nc2-c2ccncc2)cc1,CCOCC[NH+](CC)Cc1ccc(CN(C)Cc2cn(-c3ccccc3)nc2-c2ccncc2)cc1,c1ccc(CNCc2cn(-c3ccccc3)nc2-c2ccncc2)cc1,C30H38N5O+,1.0,36.0,74.0,1.0,40b7f90c075ca75a5ab9b4589e97a86d8a6932faf8742d812bb1db6ac8adab88,-3.6689567085858,-53.7373642973991,-0.101915464127383,3,3,3,matched,complete
ATP-HTVS-B847417F307C,85761,rxn503b____EMOL512495____EMOL30488121____EMOL979173,85761-1,38,运行/运行/ATP-VSW/ATP-VSW-DOCK_HTVS_1-001_lib/ATP-VSW-DOCK_HTVS_1-001_lib,O=C(Cc1ccc(F)cc1)Nc1cnc2ccccc2c1C#CC(=O)c1ccccc1,O=C(Cc1ccc(F)cc1)Nc1cnc2ccccc2c1C#CC(=O)c1ccccc1,O=C(Cc1ccccc1)Nc1cnc2ccccc2c1C#CC(=O)c1ccccc1,C26H17FN2O2,0.0,31.0,48.0,1.0,5d423083815c3d52213a39f350afdffcddaa8f200966e8568e3a8e860ef6ccde,-5.45752917124397,-58.3856096255299,-0.176049328104644,1,1,1,matched,complete
ATP-HTVS-B860A68943EF,83874,rxn102c____EMOL109726771____EMOL6185419,83874-3,614,运行/运行/ATP-VSW/ATP-VSW-DOCK_HTVS_1-002_lib.maegz,C[NH2+][C@@H](C)c1ccc(N2CC(=O)Nc3ccccc3[C@H]2c2ccccc2)cc1,C[NH2+]C(C)c1ccc(N2CC(=O)Nc3ccccc3C2c2ccccc2)cc1,O=C1CN(c2ccccc2)C(c2ccccc2)c2ccccc2N1,C24H26N3O+,1.0,28.0,54.0,1.0,e81e66cecb2da86b71fb62e21c7d28328ecb6ea6d3ee4c562046034543a55b96,-3.53485465298697,-45.5717022487167,-0.126244809035249,8,8,8,matched,complete
ATP-HTVS-B88C39A42AA7,71075,rxn502c____EMOL478180____EMOL29936549____EMOL44691345,71075-1,516,运行/运行/ATP-VSW/ATP-VSW-DOCK_HTVS_1-003_lib/ATP-VSW-DOCK_HTVS_1-003_lib.mae,C[NH+](C)Cc1ccccc1Nc1cnc(NC(=O)c2ccccc2)c2ccccc12,C[NH+](C)Cc1ccccc1Nc1cnc(NC(=O)c2ccccc2)c2ccccc12,O=C(Nc1ncc(Nc2ccccc2)c2ccccc12)c1ccccc1,C25H25N4O+,1.0,30.0,55.0,1.0,e6dacf4dee42aecfeb4c25451c578d218570de972fb9ae02b29bb9ef11a967b4,-3.76935999597459,-48.5475691290542,-0.125645333199153,2,2,2,matched,complete
ATP-HTVS-B8A979A70D7E,85859,rxn502c____EMOL18624763____EMOL42620711____EMOL480996,85859-1,304,运行/运行/ATP-VSW/ATP-VSW-DOCK_HTVS_1-003_lib/ATP-VSW-DOCK_HTVS_1-003_lib.mae,Cc1ccc(-n2ncc(N(C)C(=O)c3ccc(C[NH+](C)C)cc3)c(N(C)Cc3ccccc3)c2=O)cc1,Cc1ccc(-n2ncc(N(C)C(=O)c3ccc(C[NH+](C)C)cc3)c(N(C)Cc3ccccc3)c2=O)cc1,O=C(Nc1cnn(-c2ccccc2)c(=O)c1NCc1ccccc1)c1ccccc1,C30H34N5O2+,1.0,37.0,71.0,1.0,1e7a86483d3cb571ab746c6b7738314dd934225ec47cc763b9b56681ce634e51,-4.34397423992911,-55.7196355362471,-0.117404709187273,1,1,1,matched,complete
ATP-HTVS-B8D4F4CA2980,25249,m_270004bbb____8288884____12209754,25249-1,58,运行/运行/ATP-VSW/ATP-VSW-DOCK_HTVS_1-001_lib/ATP-VSW-DOCK_HTVS_1-001_lib,CC(=O)N(c1ccccc1)c1nc(C[NH2+]Cc2ccc(C[NH+](C)C)cc2)cs1,CC(=O)N(c1ccccc1)c1nc(C[NH2+]Cc2ccc(C[NH+](C)C)cc2)cs1,c1ccc(C[NH2+]Cc2csc(Nc3ccccc3)n2)cc1,C22H28N4OS+2,2.0,28.0,56.0,1.0,3bd5fd105612a3c21b99cdb138a0073241b134e1c860d079a92a0a68ffec24bc,-5.21646540592077,-68.6263836161337,-0.186302335925742,4,4,4,matched,complete
ATP-HTVS-B976229D01A0,68866,rxn207____EMOL630614____EMOL2873214,68866-5,1287,运行/运行/ATP-VSW/ATP-VSW-DOCK_HTVS_1-002_lib.maegz,CN(C)Cc1cccc(C[NH2+]c2c(Nc3ccccc3)c(Cl)c([O-])c3ccccc23)c1,CN(C)Cc1cccc(C[NH2+]c2c(Nc3ccccc3)c(Cl)c([O-])c3ccccc23)c1,c1ccc(C[NH2+]c2c(Nc3ccccc3)ccc3ccccc23)cc1,C26H26ClN3O,0.0,31.0,57.0,1.0,0c660de76baad54669c088ca36c5e3388c3b6bdfac3c091144c1e839a1e0bfca,-1.51856162395666,-40.4702444120418,-0.0489858588373116,1,1,1,matched,complete
ATP-HTVS-B989B97EF6F5,36002,m_270004bbb____8288962____24714512,36002-1,25,运行/运行/ATP-VSW/ATP-VSW-DOCK_HTVS_1-002_lib.maegz,CC[NH+](CC)Cc1ccc(C[NH2+]Cc2ccc(COc3cccc(Cl)c3C)o2)cc1,CC[NH+](CC)Cc1ccc(C[NH2+]Cc2ccc(COc3cccc(Cl)c3C)o2)cc1,c1ccc(C[NH2+]Cc2ccc(COc3ccccc3)o2)cc1,C25H33ClN2O2+2,2.0,30.0,63.0,1.0,24ee3e20b416b08d13d15983532e5cf2adf1b0a1a377de22fbdd6fa059f1a16a,-5.98566530002566,-74.3863254202456,-0.199522176667522,1,1,1,matched,complete
ATP-HTVS-B99F6A8D80C4,82786,rxn403____EMOL530587____EMOL514874____EMOL317506007,82786-3,451,运行/运行/ATP-VSW/ATP-VSW-DOCK_HTVS_1-002_lib.maegz,C[C@H](NCC#C[C@@H](NCC(=O)c1ccccc1)c1csc2ccccc12)c1ccc(F)cc1,CC(NCC#CC(NCC(=O)c1ccccc1)c1csc2ccccc12)c1ccc(F)cc1,O=C(CNC(C#CCNCc1ccccc1)c1csc2ccccc12)c1ccccc1,C28H25FN2OS,0.0,33.0,58.0,1.0,aa396a0b73ea6253b0d86b35c7d8a676745d8f2215bb283d5cd7ad8d6261e6c6,-3.96977830419514,-56.8134182093237,-0.120296312248338,1,1,1,matched,complete
ATP-HTVS-B9C46F2E092C,80163,rxn102c____EMOL3728737____EMOL50763906,80163-5,551,运行/运行/ATP-VSW/ATP-VSW-DOCK_HTVS_1-003_lib/ATP-VSW-DOCK_HTVS_1-003_lib.mae,C[NH+](C)[C@@H](C#N)c1ccccc1Nc1[nH+]c(-c2ccccc2)cn1/N=C/c1ccc(Cl)cc1,C[NH+](C)C(C#N)c1ccccc1Nc1[nH+]c(-c2ccccc2)cn1N=Cc1ccc(Cl)cc1,C(=Nn1cc(-c2ccccc2)[nH+]c1Nc1ccccc1)c1ccccc1,C26H25ClN6+2,2.0,33.0,58.0,1.0,bf9c2b86e86f0ceb0ac05f99222e9584ee93244eab8f2463766bcf171cb40f36,-3.67328330366518,-67.1874262481528,-0.111311615262581,2,2,2,matched,complete
ATP-HTVS-B9E16686FC4A,78977,rxn502b____EMOL485008____EMOL7515103____EMOL44153840,78977-2,1162,运行/运行/ATP-VSW/ATP-VSW-DOCK_HTVS_1-001_lib/ATP-VSW-DOCK_HTVS_1-001_lib,CCN(CC)Cc1cccc(CNc2cnc(NC(=O)c3ccccc3OC)c3ccccc23)c1,CCN(CC)Cc1cccc(CNc2cnc(NC(=O)c3ccccc3OC)c3ccccc23)c1,O=C(Nc1ncc(NCc2ccccc2)c2ccccc12)c1ccccc1,C29H32N4O2,0.0,35.0,67.0,1.0,e26c38338e39d5fda457bfa5d7f11eeee31de66d7db8e3e77a35e82034465214,-1.96871524107972,-55.1872860611566,-0.056249006887992,1,1,1,matched,complete
ATP-HTVS-BA05F8BAE026,80994,rxn102c____EMOL331057570____EMOL1127984,80994-1,237,运行/运行/ATP-VSW/ATP-VSW-DOCK_HTVS_1-002_lib.maegz,CN(C)[C@@H](C[NH3+])c1ccc(Cl)cc1Nc1nc(-c2ccccc2)cc(-c2ccccc2)n1,CN(C)C(C[NH3+])c1ccc(Cl)cc1Nc1nc(-c2ccccc2)cc(-c2ccccc2)n1,c1ccc(Nc2nc(-c3ccccc3)cc(-c3ccccc3)n2)cc1,C26H27ClN5+,1.0,32.0,59.0,1.0,ce65f10d420678a66e21d21ebbee400882f1bb89939059ccccf639689fc43e77,-4.54604709625599,-47.8269979215369,-0.142063971758,4,4,4,matched,complete
ATP-HTVS-BA0E3BFA8388,95713,rxn502b____EMOL5415347____EMOL30488121____EMOL45491381,95713-1,84,运行/运行/ATP-VSW/ATP-VSW-DOCK_HTVS_1-001_lib/ATP-VSW-DOCK_HTVS_1-001_lib,CNc1cccc(CNc2c(NC(=O)c3ccccc3C[NH+](C)C)c[nH+]c3ccccc23)c1,CNc1cccc(CNc2c(NC(=O)c3ccccc3C[NH+](C)C)c[nH+]c3ccccc23)c1,O=C(Nc1c[nH+]c2ccccc2c1NCc1ccccc1)c1ccccc1,C27H31N5O+2,2.0,33.0,64.0,1.0,614352fe3c4fce23f5823d79d9b6200a9ae3d7122caf3ab7dca22260b9e43a2d,-5.08693232449439,-66.7321698370058,-0.154149464378618,3,3,3,matched,complete
ATP-HTVS-BAB35535B111,81859,rxn502a____EMOL530620____EMOL81846330____EMOL2873214,81859-1,345,运行/运行/ATP-VSW/ATP-VSW-DOCK_HTVS_1-003_lib/ATP-VSW-DOCK_HTVS_1-003_lib.mae,CN(C(=O)Cc1ccccc1)c1ccncc1NCc1cccc(C[NH+](C)C)c1,CN(C(=O)Cc1ccccc1)c1ccncc1NCc1cccc(C[NH+](C)C)c1,O=C(Cc1ccccc1)Nc1ccncc1NCc1ccccc1,C24H29N4O+,1.0,29.0,58.0,1.0,84a03a4c098a1fe2f5e73fd7a297d8322dfbb10fbf7c29fb03cb817080153692,-4.21154858734404,-51.579130577294,-0.145225813356691,3,3,3,matched,complete
ATP-HTVS-BAD00D53E534,97889,rxn503b____EMOL911931____EMOL30488121____EMOL317509042,97889-2,466,运行/运行/ATP-VSW/ATP-VSW-DOCK_HTVS_1-002_lib.maegz,C[C@H](NCC#Cc1c(NC(=O)c2ccc(C#N)c(F)c2)cnc2ccccc12)c1cccc(F)c1,CC(NCC#Cc1c(NC(=O)c2ccc(C#N)c(F)c2)cnc2ccccc12)c1cccc(F)c1,O=C(Nc1cnc2ccccc2c1C#CCNCc1ccccc1)c1ccccc1,C28H20F2N4O,0.0,35.0,55.0,1.0,36ca85e3ce1753a51e633154c2ba107128625fd8b8b2beb8bd4b83667e170f10,-3.92227530838364,-45.0314226001826,-0.112065008810961,3,3,3,matched,complete
ATP-HTVS-BAE9605F8CCC,24769,m_270004bbb____8288884____7548984,24769-2,279,运行/运行/ATP-VSW/ATP-VSW-DOCK_HTVS_1-001_lib/ATP-VSW-DOCK_HTVS_1-001_lib,C[NH+](C)Cc1ccc(CNCc2csc(COc3ccc(Cl)cc3)n2)cc1,C[NH+](C)Cc1ccc(CNCc2csc(COc3ccc(Cl)cc3)n2)cc1,c1ccc(CNCc2csc(COc3ccccc3)n2)cc1,C21H25ClN3OS+,1.0,27.0,52.0,1.0,270b5e130bb0ba0bdacc58d582136e09282bf66e9d40038db3b2ce1b58a24eb6,-4.41173546626797,-56.3373500010158,-0.163397609861777,3,3,3,matched,complete
ATP-HTVS-BAF1AE5D2B14,74082,rxn512c____EMOL507327____EMOL493239____EMOL6185419,74082-1,299,运行/运行/ATP-VSW/ATP-VSW-DOCK_HTVS_1-002_lib.maegz,O=C1CN(Cc2ccc(C(=O)NCCF)cc2)[C@H](c2ccccc2)c2ccccc2N1,O=C1CN(Cc2ccc(C(=O)NCCF)cc2)C(c2ccccc2)c2ccccc2N1,O=C1CN(Cc2ccccc2)C(c2ccccc2)c2ccccc2N1,C25H24FN3O2,0.0,31.0,55.0,1.0,6b1e8dc408e146fdbac6150124942144c192e8b23cb6b97c1f7e812bb51a614d,-4.38001977581335,-45.8438388642929,-0.141290960510108,2,2,2,matched,complete
ATP-HTVS-BAFA4202ACED,96321,rxn512c____EMOL530647____EMOL523944____EMOL14063112,96321-2,759,运行/运行/ATP-VSW/ATP-VSW-DOCK_HTVS_1-001_lib/ATP-VSW-DOCK_HTVS_1-001_lib,COC(=O)[C@@H](Nc1c(C(=O)N(CC[NH3+])c2ccccc2)sc2ccccc12)c1ccccc1C,COC(=O)C(Nc1c(C(=O)N(CC[NH3+])c2ccccc2)sc2ccccc12)c1ccccc1C,O=C(Nc1ccccc1)c1sc2ccccc2c1NCc1ccccc1,C27H28N3O3S+,1.0,34.0,62.0,1.0,21420e9297016af440510405a098dc5417fb526513767deb9fc7eea07a5f7b3a,-3.14289673283571,-37.1652802434045,-0.0924381392010504,1,1,1,matched,complete
ATP-HTVS-BB0F51DCED8B,87587,rxn502b____EMOL331054767____EMOL30488121____EMOL24630243,87587-8,841,运行/运行/ATP-VSW/ATP-VSW-DOCK_HTVS_1-003_lib/ATP-VSW-DOCK_HTVS_1-003_lib.mae,CCCC[N@@H+](C)[C@@H](C(=O)Nc1c[nH+]c2ccccc2c1N(C)[C@@H](C#N)c1ccccc1)c1ccccc1,CCCC[NH+](C)C(C(=O)Nc1c[nH+]c2ccccc2c1N(C)C(C#N)c1ccccc1)c1ccccc1,O=C(Cc1ccccc1)Nc1c[nH+]c2ccccc2c1NCc1ccccc1,C31H35N5O+2,2.0,37.0,72.0,1.0,e1e4903ddf385043c81def46fd115a4326c01b3f47e1da641d024724f46386f0,-2.81848001304951,-51.2542618918563,-0.0761751354878246,2,2,2,matched,complete
ATP-HTVS-BB2B7EB3D06A,85442,rxn102c____EMOL13081280____EMOL27507560,85442-2,208,运行/运行/ATP-VSW/ATP-VSW-DOCK_HTVS_1-002_lib.maegz,CN(C)[C@H](C[NH3+])c1ccc(Nc2nc(Oc3ccc(F)cc3)cc(Oc3ccc(F)cc3)n2)cc1,CN(C)C(C[NH3+])c1ccc(Nc2nc(Oc3ccc(F)cc3)cc(Oc3ccc(F)cc3)n2)cc1,c1ccc(Nc2nc(Oc3ccccc3)cc(Oc3ccccc3)n2)cc1,C26H26F2N5O2+,1.0,35.0,61.0,1.0,485e0750288a31c2bd68780d44a381675ce99e16ff5163df305a1f347ef1e358,-4.62863292885777,-49.634571736643,-0.132246655110222,4,4,4,matched,complete
ATP-HTVS-BB30DC3CF26F,67810,m_22bbg____323828____134270,67810-1,357,运行/运行/ATP-VSW/ATP-VSW-DOCK_HTVS_1-002_lib.maegz,C[NH+](C)Cc1cccc(CNC(=O)c2cn(Cc3ccccc3)nc2-c2cccnc2)c1,C[NH+](C)Cc1cccc(CNC(=O)c2cn(Cc3ccccc3)nc2-c2cccnc2)c1,O=C(NCc1ccccc1)c1cn(Cc2ccccc2)nc1-c1cccnc1,C26H28N5O+,1.0,32.0,60.0,1.0,27374b6b0b32cd972ab61ef595709c87b72a4794b389d4e619130c64654497f6,-4.24182037069851,-54.3337521758697,-0.132556886584329,2,2,2,matched,complete
ATP-HTVS-BB3EB03EB4C6,57699,m_271304bba____16969956____13059962,57699-1,157,运行/运行/ATP-VSW/ATP-VSW-DOCK_HTVS_1-003_lib/ATP-VSW-DOCK_HTVS_1-003_lib.mae,C[C@@H]([NH2+]Cc1cc(OCc2ccccc2)c2ccccc2c1)c1ccc(C(=O)[O-])cc1,CC([NH2+]Cc1cc(OCc2ccccc2)c2ccccc2c1)c1ccc(C(=O)[O-])cc1,c1ccc(C[NH2+]Cc2cc(OCc3ccccc3)c3ccccc3c2)cc1,C27H25NO3,0.0,31.0,56.0,1.0,138e0414193f272befd5f2b9c0607f2e50e3730c26784f1c94f960fb1d1a3953,-4.84510867006185,-57.3277206861302,-0.156293828066511,4,4,4,matched,complete
ATP-HTVS-BB81D0256EE3,80641,rxn512c____EMOL476547____EMOL526741____EMOL50155899,80641-1,386,运行/运行/ATP-VSW/ATP-VSW-DOCK_HTVS_1-001_lib/ATP-VSW-DOCK_HTVS_1-001_lib,C[NH+](C)Cc1ccc(CNc2c(C(=O)Nc3ccccc3C#N)sc3cc(F)ccc23)cc1,C[NH+](C)Cc1ccc(CNc2c(C(=O)Nc3ccccc3C#N)sc3cc(F)ccc23)cc1,O=C(Nc1ccccc1)c1sc2ccccc2c1NCc1ccccc1,C26H24FN4OS+,1.0,33.0,57.0,1.0,e52d042e75f43e4074af0ad2903086e24baae4551d30414c9eb54fdb79e9daaa,-4.08595230146298,-55.9617671574063,-0.123816736407969,2,2,2,matched,complete
ATP-HTVS-BBA3AD223423,28035,m_2230bdc____17849930____666246,28035-1,1256,运行/运行/ATP-VSW/ATP-VSW-DOCK_HTVS_1-003_lib/ATP-VSW-DOCK_HTVS_1-003_lib.mae,O=C1CN(Cc2ccc(F)cc2Br)[C@H](c2ccccc2)c2ccccc2N1,O=C1CN(Cc2ccc(F)cc2Br)C(c2ccccc2)c2ccccc2N1,O=C1CN(Cc2ccccc2)C(c2ccccc2)c2ccccc2N1,C22H18BrFN2O,0.0,27.0,45.0,1.0,4bdc33cedb5564220900216a7e39be39941766e75cd069f97ce05b8e2ff2a6e8,-1.69188024939488,-37.2537940565202,-0.0626622314590696,2,2,2,matched,complete
ATP-HTVS-BBB01994AF2B,80578,rxn501c____EMOL5415347____EMOL36251210____EMOL32273941,80578-1,498,运行/运行/ATP-VSW/ATP-VSW-DOCK_HTVS_1-002_lib.maegz,Cc1cc(-c2ccnc(NC(=O)c3ccccc3C[NH+](C)C)c2C(=O)c2ccccc2)ccc1O,Cc1cc(-c2ccnc(NC(=O)c3ccccc3C[NH+](C)C)c2C(=O)c2ccccc2)ccc1O,O=C(Nc1nccc(-c2ccccc2)c1C(=O)c1ccccc1)c1ccccc1,C29H28N3O3+,1.0,35.0,63.0,1.0,765d6ed46c8f16322640d1f63a0c22a21f2ae7fe14fb578c184d4fa044d1efbd,-3.84304552480272,-56.5429268644126,-0.109801300708649,3,3,3,matched,complete
ATP-HTVS-BBE6E61B6745,84578,rxn503c____EMOL519605____EMOL49259969____EMOL313110234,84578-3,51,运行/运行/ATP-VSW/ATP-VSW-DOCK_HTVS_1-002_lib.maegz,CN(Cc1sc2ccccc2c1C#C[C@H]([NH3+])Cc1cccc(F)c1)C(=O)c1cccc(O)c1,CN(Cc1sc2ccccc2c1C#CC([NH3+])Cc1cccc(F)c1)C(=O)c1cccc(O)c1,O=C(NCc1sc2ccccc2c1C#CCCc1ccccc1)c1ccccc1,C27H24FN2O2S+,1.0,33.0,57.0,1.0,aefb8f348e654fa6972249a73f1fcfb030a909554b13586c43deaf75368ebec2,-5.58651505166429,-71.6063547876468,-0.169288334898918,4,4,4,matched,complete
ATP-HTVS-BBF7556FA5C3,44579,m_282030aaa____21923044____23157418____21973156,44579-1,302,运行/运行/ATP-VSW/ATP-VSW-DOCK_HTVS_1-003_lib/ATP-VSW-DOCK_HTVS_1-003_lib.mae,C[NH+](C)Cc1ccccc1CNc1nc2ccccc2nc1NC/C=C/c1ccccc1,C[NH+](C)Cc1ccccc1CNc1nc2ccccc2nc1NCC=Cc1ccccc1,C(=Cc1ccccc1)CNc1nc2ccccc2nc1NCc1ccccc1,C27H30N5+,1.0,32.0,62.0,1.0,7494b9cd059523cc959f1e3835cca43a939dab9b65753a7dae2d78296675c0e5,-4.34751111528671,-49.2502657660813,-0.13585972235271,1,1,1,matched,complete
ATP-HTVS-BC2B8699145A,70561,rxn502b____EMOL490868____EMOL13728749____EMOL2873214,70561-3,290,运行/运行/ATP-VSW/ATP-VSW-DOCK_HTVS_1-001_lib/ATP-VSW-DOCK_HTVS_1-001_lib,C[NH+](C)Cc1cccc(CNc2c[nH+]c3ccccc3c2NC(=O)c2ccc(O)cc2)c1,C[NH+](C)Cc1cccc(CNc2c[nH+]c3ccccc3c2NC(=O)c2ccc(O)cc2)c1,O=C(Nc1c(NCc2ccccc2)c[nH+]c2ccccc12)c1ccccc1,C26H28N4O2+2,2.0,32.0,60.0,1.0,a3a198e03b3b1a3e5c30e2c7c009a450d16c51d893adfe1d1354839523f5a87b,-4.37742163323633,-72.5943915871988,-0.136794426038635,4,4,4,matched,complete
ATP-HTVS-BCAE8AB499DF,82881,rxn512b____EMOL30099731____EMOL720738____EMOL50155899,82881-1,188,运行/运行/ATP-VSW/ATP-VSW-DOCK_HTVS_1-001_lib/ATP-VSW-DOCK_HTVS_1-001_lib,Cc1ccc(Cl)cc1N(C)C(=O)c1cc(NCc2ccc(C[NH+](C)C)cc2)cs1,Cc1ccc(Cl)cc1N(C)C(=O)c1cc(NCc2ccc(C[NH+](C)C)cc2)cs1,O=C(Nc1ccccc1)c1cc(NCc2ccccc2)cs1,C23H27ClN3OS+,1.0,29.0,56.0,1.0,f844c4700503d7c5096d33747256f532d61b38b3b64a9adf403f7d49527b7c79,-4.67362578889828,-54.888144664367,-0.16115950996201,2,2,2,matched,complete
ATP-HTVS-BCB25216F396,83875,rxn102c____EMOL31407338____EMOL6185419,83875-4,504,运行/运行/ATP-VSW/ATP-VSW-DOCK_HTVS_1-003_lib/ATP-VSW-DOCK_HTVS_1-003_lib.mae,C[NH2+][C@@H](C)c1ccccc1N1CC(=O)Nc2ccccc2[C@@H]1c1ccccc1,C[NH2+]C(C)c1ccccc1N1CC(=O)Nc2ccccc2C1c1ccccc1,O=C1CN(c2ccccc2)C(c2ccccc2)c2ccccc2N1,C24H26N3O+,1.0,28.0,54.0,1.0,b4bae255752e5b3ae7e43313d98abb1551eafd707e877119771435272324e94c,-3.79590351023867,-40.9897187612995,-0.135567982508524,8,8,8,matched,complete
ATP-HTVS-BCB37E169801,66851,m_270004bbb____23845862____7547806,66851-1,359,运行/运行/ATP-VSW/ATP-VSW-DOCK_HTVS_1-003_lib/ATP-VSW-DOCK_HTVS_1-003_lib.mae,C[C@@H](C[NH2+]Cc1cn(-c2ccccc2)nc1-c1ccncc1)c1ccc(Cl)cc1,CC(C[NH2+]Cc1cn(-c2ccccc2)nc1-c1ccncc1)c1ccc(Cl)cc1,c1ccc(CC[NH2+]Cc2cn(-c3ccccc3)nc2-c2ccncc2)cc1,C24H24ClN4+,1.0,29.0,53.0,1.0,6e42448b2a97b73273fd90f90f84445be4ed5c5e0e2a2a0bebd163db2c36b84a,-4.16870856746876,-47.9472612930332,-0.143748571292026,1,1,1,matched,complete
ATP-HTVS-BCEA86BEEC0A,20258,WXVL021____AG0443____SC0838,20258-1,369,运行/运行/ATP-VSW/ATP-VSW-DOCK_HTVS_1-002_lib.maegz,C[NH+](C)Cc1ccc(NC(=O)c2cccnc2SCc2ccccc2)cc1,C[NH+](C)Cc1ccc(NC(=O)c2cccnc2SCc2ccccc2)cc1,O=C(Nc1ccccc1)c1cccnc1SCc1ccccc1,C22H24N3OS+,1.0,27.0,51.0,1.0,8b5908e42ea4f870667f156918b59206a958c415a8a4b307fd32ac069fb188ad,-4.19299991827439,-53.7779550045582,-0.155296293269422,2,2,2,matched,complete
ATP-HTVS-BD03C735BC89,84035,rxn502b____EMOL1542108____EMOL30488121____EMOL24630243,84035-1,110,运行/运行/ATP-VSW/ATP-VSW-DOCK_HTVS_1-003_lib/ATP-VSW-DOCK_HTVS_1-003_lib.mae,CN(c1c(NC(=O)c2ccccc2OCC[NH+](C)C)c[nH+]c2ccccc12)[C@@H](C#N)c1ccccc1,CN(c1c(NC(=O)c2ccccc2OCC[NH+](C)C)c[nH+]c2ccccc12)C(C#N)c1ccccc1,O=C(Nc1c[nH+]c2ccccc2c1NCc1ccccc1)c1ccccc1,C29H31N5O2+2,2.0,36.0,67.0,1.0,b7098cebb509fcb5a399a2d29169921efb117f75cb1622c279dd5eadb8b47c2b,-5.03019699353881,-69.8374861636147,-0.139727694264967,6,6,6,matched,complete
ATP-HTVS-BD0B30D0980B,63267,m_207bba____22314892____13441678,63267-1,364,运行/运行/ATP-VSW/ATP-VSW-DOCK_HTVS_1-003_lib/ATP-VSW-DOCK_HTVS_1-003_lib.mae,Cc1ccc2nc(-c3ccc(F)cc3)c(C[NH2+]Cc3ccc(F)c(C[NH+](C)C)c3)n2c1,Cc1ccc2nc(-c3ccc(F)cc3)c(C[NH2+]Cc3ccc(F)c(C[NH+](C)C)c3)n2c1,c1ccc(C[NH2+]Cc2c(-c3ccccc3)nc3ccccn23)cc1,C25H28F2N4+2,2.0,31.0,59.0,1.0,c4c79f5ec1539b3e2562e0bf936a9f47907654de2d73ecb7f317db9f67075405,-4.15222294271607,-60.2045072003023,-0.133942675571486,4,4,4,matched,complete
ATP-HTVS-BD172DBF0B92,62243,m_272430bbb____11579062____10044804,62243-1,174,运行/运行/ATP-VSW/ATP-VSW-DOCK_HTVS_1-003_lib/ATP-VSW-DOCK_HTVS_1-003_lib.mae,[NH3+]Cc1ccc(CNC(=O)c2oc3ccccc3c2CSc2ccccc2F)cc1,[NH3+]Cc1ccc(CNC(=O)c2oc3ccccc3c2CSc2ccccc2F)cc1,O=C(NCc1ccccc1)c1oc2ccccc2c1CSc1ccccc1,C24H22FN2O2S+,1.0,30.0,52.0,1.0,58f7539ca5f8896e34f479d35181ae58dad636a6a66a252b33aac152ac77bf59,-4.76562162183844,-62.8178645939904,-0.158854054061281,2,2,2,matched,complete
ATP-HTVS-BD1ED4B7B841,91779,rxn502b____EMOL530620____EMOL30488121____EMOL906257,91779-1,140,运行/运行/ATP-VSW/ATP-VSW-DOCK_HTVS_1-003_lib/ATP-VSW-DOCK_HTVS_1-003_lib.mae,N#C[C@H](Nc1c(NC(=O)Cc2ccccc2)c[nH+]c2ccccc12)c1ccc(F)cc1,N#CC(Nc1c(NC(=O)Cc2ccccc2)c[nH+]c2ccccc12)c1ccc(F)cc1,O=C(Cc1ccccc1)Nc1c[nH+]c2ccccc2c1NCc1ccccc1,C25H20FN4O+,1.0,31.0,51.0,1.0,77deeb99f40b0e84fc08e652d6c30faf17e46358ce6dc9eff606c50fa98e2fbb,-4.92262054324652,-55.8530964696738,-0.158794211072468,4,4,4,matched,complete
ATP-HTVS-BD741E539D0D,23235,m_270004beb____23853920____7549102,23235-2,482,运行/运行/ATP-VSW/ATP-VSW-DOCK_HTVS_1-003_lib/ATP-VSW-DOCK_HTVS_1-003_lib.mae,C[C@H](NCc1nc2ccccc2n1Cc1ccc(Cl)cc1)c1ccc(C[NH+](C)C)cc1,CC(NCc1nc2ccccc2n1Cc1ccc(Cl)cc1)c1ccc(C[NH+](C)C)cc1,c1ccc(CNCc2nc3ccccc3n2Cc2ccccc2)cc1,C26H30ClN4+,1.0,31.0,61.0,1.0,393ec1fe891b985e670b5c6e4ada4048ec7cc39bf26d30f34efc755c5bf2e4c9,-3.84537338697277,-56.5986803680077,-0.124044302805573,3,3,3,matched,complete
ATP-HTVS-BD9D807D92EC,94305,rxn502b____EMOL70144015____EMOL44466703____EMOL36822768,94305-1,353,运行/运行/ATP-VSW/ATP-VSW-DOCK_HTVS_1-001_lib/ATP-VSW-DOCK_HTVS_1-001_lib,C[NH+](C)CCOc1ccc(C(=O)Nc2nc3ccccc3cc2N(C#N)c2ccccc2)cc1,C[NH+](C)CCOc1ccc(C(=O)Nc2nc3ccccc3cc2N(C#N)c2ccccc2)cc1,O=C(Nc1nc2ccccc2cc1Nc1ccccc1)c1ccccc1,C27H26N5O2+,1.0,34.0,60.0,1.0,9a8c47336292de27b86c0f7793b5608f510235bd5408cb5597424283703501a0,-4.18926681226364,-51.8584247311165,-0.12321372977246,2,2,2,matched,complete
ATP-HTVS-BDB37C4B0D07,53090,m_270004bbb____23846038____24720332,53090-2,247,运行/运行/ATP-VSW/ATP-VSW-DOCK_HTVS_1-002_lib.maegz,COc1cccc(C[NH2+]C[C@@H](C[NH+](C)C)c2ccccc2)c1OCc1ccccc1,COc1cccc(C[NH2+]CC(C[NH+](C)C)c2ccccc2)c1OCc1ccccc1,c1ccc(CC[NH2+]Cc2ccccc2OCc2ccccc2)cc1,C26H34N2O2+2,2.0,30.0,64.0,1.0,17958a1c20d4a3a14538846d0e0502e2e581bb0b369d95b3eb575f0f2b3695d7,-4.51999018850765,-59.7768117811202,-0.150666339616922,2,2,2,matched,complete
ATP-HTVS-BDBBABCD42A1,50114,m_282030aaa____21912298____23157418____21973156,50114-1,511,运行/运行/ATP-VSW/ATP-VSW-DOCK_HTVS_1-002_lib.maegz,C[NH+](C)Cc1ccccc1CNc1nc2ccccc2nc1NCc1ccc(CO)c(F)c1,C[NH+](C)Cc1ccccc1CNc1nc2ccccc2nc1NCc1ccc(CO)c(F)c1,c1ccc(CNc2nc3ccccc3nc2NCc2ccccc2)cc1,C26H29FN5O+,1.0,33.0,62.0,1.0,01bc180768f201d044092b8ae9d96f71f4ee49c41e69deed19945119dc47ebea,-3.81030635408713,-50.3268098975854,-0.115463828911731,2,2,2,matched,complete
ATP-HTVS-BDBFEED18423,61698,m_282030aaa____21926464____23157418____21972246,61698-1,280,运行/运行/ATP-VSW/ATP-VSW-DOCK_HTVS_1-002_lib.maegz,C[NH+](C)Cc1ccc(CCNc2nc3ccccc3nc2NCc2ccncc2Br)cc1,C[NH+](C)Cc1ccc(CCNc2nc3ccccc3nc2NCc2ccncc2Br)cc1,c1ccc(CCNc2nc3ccccc3nc2NCc2ccncc2)cc1,C25H28BrN6+,1.0,32.0,60.0,1.0,16bac7c8705b733ae12d595471b44615d91aeb4d4d6af89f0da7d821cef908e1,-4.43424907842881,-60.5685949378551,-0.1385702837009,1,1,1,matched,complete
ATP-HTVS-BDC9F9AD9B20,33281,m_270004bbb____8334716____24720860,33281-1,357,运行/运行/ATP-VSW/ATP-VSW-DOCK_HTVS_1-001_lib/ATP-VSW-DOCK_HTVS_1-001_lib,C[NH+]1CCN(c2ccccc2C[NH2+]Cc2nc3ccccc3n2Cc2ccccc2)CC1,C[NH+]1CCN(c2ccccc2C[NH2+]Cc2nc3ccccc3n2Cc2ccccc2)CC1,c1ccc(Cn2c(C[NH2+]Cc3ccccc3N3CC[NH2+]CC3)nc3ccccc32)cc1,C27H33N5+2,2.0,32.0,65.0,1.0,2b91ae381aa4c9e1dc95b3ff76274f755d6d67e70b53faacfa3608aa0aa91369,-4.18169794448799,-62.2720130919426,-0.13067806076525,4,4,4,matched,complete
ATP-HTVS-BDD1C4453981,38147,m_2230cbb____22404674____7471122,38147-2,14,运行/运行/ATP-VSW/ATP-VSW-DOCK_HTVS_1-003_lib/ATP-VSW-DOCK_HTVS_1-003_lib.mae,CC(=O)N(c1ccc(F)cc1)c1nc(C[NH2+][C@@H](C)c2ccc(C[NH+](C)C)cc2)cs1,CC(=O)N(c1ccc(F)cc1)c1nc(C[NH2+]C(C)c2ccc(C[NH+](C)C)cc2)cs1,c1ccc(C[NH2+]Cc2csc(Nc3ccccc3)n2)cc1,C23H29FN4OS+2,2.0,30.0,59.0,1.0,4936c557256f6101f6ac9885482af7881dcc83b24749fe7ee2210beab3a7f65f,-5.88652840899261,-79.0188537244773,-0.196217613633087,8,8,8,matched,complete
ATP-HTVS-BE0949FFEA46,84483,rxn101____EMOL108753642____EMOL32175678,84483-1,542,运行/运行/ATP-VSW/ATP-VSW-DOCK_HTVS_1-003_lib/ATP-VSW-DOCK_HTVS_1-003_lib.mae,CC(C)Nc1ccccc1NC(=O)Cc1nn(-c2ccccc2)c(=O)c2ccccc12,CC(C)Nc1ccccc1NC(=O)Cc1nn(-c2ccccc2)c(=O)c2ccccc12,O=C(Cc1nn(-c2ccccc2)c(=O)c2ccccc12)Nc1ccccc1,C25H24N4O2,0.0,31.0,55.0,1.0,78542b8b0d20d9a5627dadb019f34edf92431e6af1b5f5ed89f724288c2e9cc4,-3.68716995690758,-43.4311070214996,-0.118940966351857,2,2,2,matched,complete
ATP-HTVS-BE25F64FE980,42785,m_282030aaa____21890704____22360182____21940090,42785-6,1185,运行/运行/ATP-VSW/ATP-VSW-DOCK_HTVS_1-001_lib/ATP-VSW-DOCK_HTVS_1-001_lib,CSc1ccc([C@H](C)Nc2nc(NCc3cccc(C[NH+](C)C)c3)c3ccccc3n2)cc1,CSc1ccc(C(C)Nc2nc(NCc3cccc(C[NH+](C)C)c3)c3ccccc3n2)cc1,c1ccc(CNc2nc(NCc3ccccc3)c3ccccc3n2)cc1,C27H32N5S+,1.0,33.0,65.0,1.0,577660d99cf73d0310dfc4dd9a1fb6cce0eeb924378b8ff8841f12f276e68620,-1.91461633591276,-53.5373649422353,-0.0580186768458411,1,1,1,matched,complete
ATP-HTVS-BE2C9D7D83B9,57441,m_282030aaa____21929760____23157418____21970126,57441-1,199,运行/运行/ATP-VSW/ATP-VSW-DOCK_HTVS_1-001_lib/ATP-VSW-DOCK_HTVS_1-001_lib,C[NH+](C)Cc1ccc(CNc2nc3ccccc3nc2N[C@H](CC(N)=O)c2ccccc2Cl)cc1,C[NH+](C)Cc1ccc(CNc2nc3ccccc3nc2NC(CC(N)=O)c2ccccc2Cl)cc1,c1ccc(CNc2nc3ccccc3nc2NCc2ccccc2)cc1,C27H30ClN6O+,1.0,35.0,65.0,1.0,c510e3b13308ee2ef4b5a66e65662faa8b626413399d8857ebc0179e15ae00b4,-4.64152924608722,-54.8677156613163,-0.132615121316778,4,4,4,matched,complete
ATP-HTVS-BE963CFE3042,38017,m_282030aaa____21899824____22360182____21952560,38017-5,1247,运行/运行/ATP-VSW/ATP-VSW-DOCK_HTVS_1-001_lib/ATP-VSW-DOCK_HTVS_1-001_lib,CC(C)Nc1ccc(CNc2nc(N[C@H](C)c3ccccc3N)c3ccccc3n2)cc1,CC(C)Nc1ccc(CNc2nc(NC(C)c3ccccc3N)c3ccccc3n2)cc1,c1ccc(CNc2nc(NCc3ccccc3)c3ccccc3n2)cc1,C26H30N6,0.0,32.0,62.0,1.0,30ecd2565d7a41cfb4ac4c8de7311c49e4a53b05d9d29e6a192751033360be7e,-1.74970143665166,-47.1054849182385,-0.0546781698953643,1,1,1,matched,complete
ATP-HTVS-BEC4D7C74EFC,70658,rxn502b____EMOL18624763____EMOL44466703____EMOL49839592,70658-2,258,运行/运行/ATP-VSW/ATP-VSW-DOCK_HTVS_1-002_lib.maegz,CCN(c1cc2ccccc2nc1NC(=O)c1ccc(C[NH+](C)C)cc1)[C@H](C#N)c1ccccc1,CCN(c1cc2ccccc2nc1NC(=O)c1ccc(C[NH+](C)C)cc1)C(C#N)c1ccccc1,O=C(Nc1nc2ccccc2cc1NCc1ccccc1)c1ccccc1,C29H30N5O+,1.0,35.0,65.0,1.0,4803f4ee1b6f7176c747f4d28c612548fd51eafc0dd45a77bdc22875d917d4e3,-4.49742141125466,-56.1888890636907,-0.128497754607276,4,4,4,matched,complete
ATP-HTVS-BECDF8C854B5,82305,rxn512b____EMOL31412115____EMOL10439745____EMOL2873214,82305-1,665,运行/运行/ATP-VSW/ATP-VSW-DOCK_HTVS_1-001_lib/ATP-VSW-DOCK_HTVS_1-001_lib,CN(C(=O)c1cscc1NCc1cccc(C[NH+](C)C)c1)c1cccc(C#N)c1,CN(C(=O)c1cscc1NCc1cccc(C[NH+](C)C)c1)c1cccc(C#N)c1,O=C(Nc1ccccc1)c1cscc1NCc1ccccc1,C23H25N4OS+,1.0,29.0,54.0,1.0,b2213296e5dcc4e65cb2baa227ddd552e34e66ea703dfffc5c7befb4a7622725,-3.4006914794541,-46.4856748073129,-0.117265223429452,2,2,2,matched,complete
ATP-HTVS-BF2AFCF05426,93699,rxn502a____EMOL45480251____EMOL44820718____EMOL2873214,93699-1,272,运行/运行/ATP-VSW/ATP-VSW-DOCK_HTVS_1-003_lib/ATP-VSW-DOCK_HTVS_1-003_lib.mae,C[NH+](C)Cc1cccc(CNc2cnc(NC(=O)C(F)(F)c3ccccc3)c(F)c2)c1,C[NH+](C)Cc1cccc(CNc2cnc(NC(=O)C(F)(F)c3ccccc3)c(F)c2)c1,O=C(Cc1ccccc1)Nc1ccc(NCc2ccccc2)cn1,C23H24F3N4O+,1.0,31.0,55.0,1.0,4bb397a5ae259d2f6a325aa72ef6c3a9fb7b88d5c8dac9012e58dd7f3964f6cd,-4.4310060927735,-53.5808172526899,-0.142935680412048,2,2,2,matched,complete
ATP-HTVS-BF383207F30E,28642,m_282030aaa____21931304____23157418____21940090,28642-1,320,运行/运行/ATP-VSW/ATP-VSW-DOCK_HTVS_1-002_lib.maegz,C[NH+](C)Cc1cccc(CNc2nc3ccccc3nc2NCc2cccc(Cl)c2)c1,C[NH+](C)Cc1cccc(CNc2nc3ccccc3nc2NCc2cccc(Cl)c2)c1,c1ccc(CNc2nc3ccccc3nc2NCc2ccccc2)cc1,C25H27ClN5+,1.0,31.0,58.0,1.0,4282c0107b3717706ad60ace0b5ad3824251887c3d387cc310ff2599992d760f,-4.32594192164637,-56.4467695536273,-0.139546513601496,1,1,1,matched,complete
ATP-HTVS-BF68A4285DB1,42338,m_282030aaa____21906080____22360182____21960652,42338-3,1411,运行/运行/ATP-VSW/ATP-VSW-DOCK_HTVS_1-002_lib.maegz,CC(C)[NH2+]c1cccc(CNc2nc(N[C@H](CCO)c3ccccc3F)c3ccccc3[nH+]2)c1,CC(C)[NH2+]c1cccc(CNc2nc(NC(CCO)c3ccccc3F)c3ccccc3[nH+]2)c1,c1ccc(CNc2nc(NCc3ccccc3)c3ccccc3[nH+]2)cc1,C27H32FN5O+2,2.0,34.0,66.0,1.0,60f2e1cc2bc79c150185b31cd2830b80e124475b92c4a16482c909fd9219402e,-0.69909794854046,-40.0652440341636,-0.0205617043688371,1,1,1,matched,complete
ATP-HTVS-BF6C9643780C,85186,rxn502b____EMOL3728885____EMOL30488121____EMOL712348,85186-3,341,运行/运行/ATP-VSW/ATP-VSW-DOCK_HTVS_1-002_lib.maegz,C[NH+](C)[C@@H](C(=O)Nc1cnc2ccccc2c1N(CC#N)c1ccccc1)c1ccccc1,C[NH+](C)C(C(=O)Nc1cnc2ccccc2c1N(CC#N)c1ccccc1)c1ccccc1,O=C(Cc1ccccc1)Nc1cnc2ccccc2c1Nc1ccccc1,C27H26N5O+,1.0,33.0,59.0,1.0,7a941570cf140a12313b6bcac62b9a8f6b6fca6cce912cb3c533b70f7ca3b812,-4.27434813981764,-59.7167083275907,-0.129525701206595,6,6,6,matched,complete
ATP-HTVS-BF826A7B469A,89442,rxn502a____EMOL488417____EMOL45980405____EMOL2873214,89442-1,196,运行/运行/ATP-VSW/ATP-VSW-DOCK_HTVS_1-002_lib.maegz,CN(C(=O)Cc1ccccc1F)c1ncccc1NCc1cccc(C[NH+](C)C)c1,CN(C(=O)Cc1ccccc1F)c1ncccc1NCc1cccc(C[NH+](C)C)c1,O=C(Cc1ccccc1)Nc1ncccc1NCc1ccccc1,C24H28FN4O+,1.0,30.0,58.0,1.0,c7298c890a0276de15c2a7f313526fe810bb8d1e67247e9d944f5acad41639a3,-4.68870420142709,-49.7433137792273,-0.15629014004757,3,3,3,matched,complete
ATP-HTVS-BF8F947D0493,34082,m_270004bda____24170338____9819920,34082-1,1347,运行/运行/ATP-VSW/ATP-VSW-DOCK_HTVS_1-002_lib.maegz,O=C1CN(Cc2ccc(I)cc2Cl)[C@H](c2ccccc2)c2ccccc2N1,O=C1CN(Cc2ccc(I)cc2Cl)C(c2ccccc2)c2ccccc2N1,O=C1CN(Cc2ccccc2)C(c2ccccc2)c2ccccc2N1,C22H18ClIN2O,0.0,27.0,45.0,1.0,e2e3c0f76aae40146eb2e1c9aed3aafc0b99476ce4c7d259d41844a58e288713,-1.23886534961818,-38.1715675578316,-0.0458839018377103,2,2,2,matched,complete
ATP-HTVS-BFC0901B6A3C,76930,rxn512b____EMOL45491381____EMOL719673____EMOL712348,76930-1,136,运行/运行/ATP-VSW/ATP-VSW-DOCK_HTVS_1-002_lib.maegz,CNc1cccc(CNC(=O)c2[nH]c3ccccc3c2N(CC#N)c2ccccc2)c1,CNc1cccc(CNC(=O)c2[nH]c3ccccc3c2N(CC#N)c2ccccc2)c1,O=C(NCc1ccccc1)c1[nH]c2ccccc2c1Nc1ccccc1,C25H23N5O,0.0,31.0,54.0,1.0,15c24ff960d1f9e5ac78ca3370f16fa0cb3862dc4a0f7327cce42b63886e7339,-4.96051399141447,-55.9136050787615,-0.160016580368209,1,1,1,matched,complete
ATP-HTVS-BFD5BCAF9717,52961,m_527bbb____282812____155570,52961-1,22,运行/运行/ATP-VSW/ATP-VSW-DOCK_HTVS_1-001_lib/ATP-VSW-DOCK_HTVS_1-001_lib,O=C(NNc1ccccc1)c1oc2ccccc2c1COc1ccccc1,O=C(NNc1ccccc1)c1oc2ccccc2c1COc1ccccc1,O=C(NNc1ccccc1)c1oc2ccccc2c1COc1ccccc1,C22H18N2O3,0.0,27.0,45.0,1.0,d1d82725c319ca70c293bc0b44b2c8d414cb63607e8647ea94697401c7586fc7,-5.80036295368171,-61.8122132037875,-0.214828257543767,1,1,1,matched,complete
ATP-HTVS-BFEA0E4C0B7C,74657,rxn502b____EMOL530803____EMOL30488121____EMOL44834539,74657-2,186,运行/运行/ATP-VSW/ATP-VSW-DOCK_HTVS_1-001_lib/ATP-VSW-DOCK_HTVS_1-001_lib,Cc1cccc([C@H](O)CNc2c(NC(=O)C#Cc3ccccc3)c[nH+]c3ccccc23)c1,Cc1cccc(C(O)CNc2c(NC(=O)C#Cc3ccccc3)c[nH+]c3ccccc23)c1,O=C(C#Cc1ccccc1)Nc1c[nH+]c2ccccc2c1NCCc1ccccc1,C27H24N3O2+,1.0,32.0,56.0,1.0,a0d8337299eba926e7ca7624dc051c830f20767b724df1041568d5befd70223b,-4.67397594012222,-54.2342042634871,-0.146061748128819,4,4,4,matched,complete
ATP-HTVS-C038EE4FCBA5,94113,rxn502a____EMOL505868____EMOL44820720____EMOL2873214,94113-1,422,运行/运行/ATP-VSW/ATP-VSW-DOCK_HTVS_1-001_lib/ATP-VSW-DOCK_HTVS_1-001_lib,C[NH+](C)Cc1cccc(CNc2ccnc(NC(=O)c3ccccc3F)c2F)c1,C[NH+](C)Cc1cccc(CNc2ccnc(NC(=O)c3ccccc3F)c2F)c1,O=C(Nc1cc(NCc2ccccc2)ccn1)c1ccccc1,C22H23F2N4O+,1.0,29.0,52.0,1.0,a155274bd1f27643ffab4038dcc9dac1afa0a847948e3fcf49a4de3d3ba96114,-4.00424778339918,-50.0002548409879,-0.138077509772386,2,2,2,matched,complete
ATP-HTVS-C0568328686F,39681,m_282030aaa____21932016____22360182____21973156,39681-1,688,运行/运行/ATP-VSW/ATP-VSW-DOCK_HTVS_1-001_lib/ATP-VSW-DOCK_HTVS_1-001_lib,COc1ccc(CN(C)c2nc(NCc3ccccc3C[NH+](C)C)c3ccccc3[nH+]2)c(OC)c1,COc1ccc(CN(C)c2nc(NCc3ccccc3C[NH+](C)C)c3ccccc3[nH+]2)c(OC)c1,c1ccc(CNc2nc(NCc3ccccc3)c3ccccc3[nH+]2)cc1,C28H35N5O2+2,2.0,35.0,70.0,1.0,3bb573dcf58996c2a4edaba19af12a7561b1e803d05f428d0362a35b1f72bc41,-3.33357646445703,-48.0751951796821,-0.0952450418416295,1,1,1,matched,complete
ATP-HTVS-C0772D58369C,99330,rxn512c____EMOL36772515____EMOL36725275____EMOL24630243,99330-1,476,运行/运行/ATP-VSW/ATP-VSW-DOCK_HTVS_1-003_lib/ATP-VSW-DOCK_HTVS_1-003_lib.mae,CNc1ccccc1N(C)c1c(C(=O)N(C)[C@@H](C#N)c2ccccc2)cnc2ccc(F)cc12,CNc1ccccc1N(C)c1c(C(=O)N(C)C(C#N)c2ccccc2)cnc2ccc(F)cc12,O=C(NCc1ccccc1)c1cnc2ccccc2c1Nc1ccccc1,C27H24FN5O,0.0,34.0,58.0,1.0,883bfc298b6c8174c507b80f276bc3a35cead9349475a148197525a662bba36e,-3.8510538606858,-48.3112368828541,-0.113266290020171,3,3,3,matched,complete
ATP-HTVS-C09627CFBEE5,62882,m_2230bbc____9869382____18339498,62882-5,1009,运行/运行/ATP-VSW/ATP-VSW-DOCK_HTVS_1-002_lib.maegz,COc1cccc(C[N@@H+](C)Cc2cccc(CN(C)C)c2)c1OCc1ccccc1F,COc1cccc(C[NH+](C)Cc2cccc(CN(C)C)c2)c1OCc1ccccc1F,c1ccc(C[NH2+]Cc2ccccc2OCc2ccccc2)cc1,C26H32FN2O2+,1.0,31.0,63.0,1.0,eb6de335ac6b0995de29f84be6088a0b62331ea5f1450e6c1c782b209e689e30,-2.42274528700733,-46.6280130124694,-0.07815307377443,1,1,1,matched,complete
ATP-HTVS-C0A883403093,80579,rxn501c____EMOL18624763____EMOL36251210____EMOL32273938,80579-1,550,运行/运行/ATP-VSW/ATP-VSW-DOCK_HTVS_1-003_lib/ATP-VSW-DOCK_HTVS_1-003_lib.mae,Cc1ccc(O)c(-c2ccnc(NC(=O)c3ccc(C[NH+](C)C)cc3)c2C(=O)c2ccccc2)c1,Cc1ccc(O)c(-c2ccnc(NC(=O)c3ccc(C[NH+](C)C)cc3)c2C(=O)c2ccccc2)c1,O=C(Nc1nccc(-c2ccccc2)c1C(=O)c1ccccc1)c1ccccc1,C29H28N3O3+,1.0,35.0,63.0,1.0,8c2da2f2b14fe1c6dd2d8b7e5ca9f6b12823e95988059c0edd0982ce23b3249d,-3.67454644381269,-53.2007058668033,-0.104987041251791,2,2,2,matched,complete
ATP-HTVS-C0ADD803E371,28353,m_282030aaa____21909402____22360182____21945542,28353-1,491,运行/运行/ATP-VSW/ATP-VSW-DOCK_HTVS_1-001_lib/ATP-VSW-DOCK_HTVS_1-001_lib,CN(Cc1ccccc1S(N)(=O)=O)c1nc(NCc2ccc(C[NH+](C)C)cc2)c2ccccc2[nH+]1,CN(Cc1ccccc1S(N)(=O)=O)c1nc(NCc2ccc(C[NH+](C)C)cc2)c2ccccc2[nH+]1,c1ccc(CNc2nc(NCc3ccccc3)c3ccccc3[nH+]2)cc1,C26H32N6O2S+2,2.0,35.0,67.0,1.0,54cd698febd2fdbdcabca1db0f057a240e808dd2f4d26fb737e01e06c6f9f1ee,-3.82925563980246,-55.9928134816815,-0.109407303994356,2,2,2,matched,complete
ATP-HTVS-C0B01F645FC7,95074,rxn502b____EMOL723163____EMOL30488121____EMOL324170366,95074-1,190,运行/运行/ATP-VSW/ATP-VSW-DOCK_HTVS_1-003_lib/ATP-VSW-DOCK_HTVS_1-003_lib.mae,Cc1cccc(C(=O)Nc2c[nH+]c3ccccc3c2NCc2ccc(NCCO)cc2)c1C,Cc1cccc(C(=O)Nc2c[nH+]c3ccccc3c2NCc2ccc(NCCO)cc2)c1C,O=C(Nc1c[nH+]c2ccccc2c1NCc1ccccc1)c1ccccc1,C27H29N4O2+,1.0,33.0,62.0,1.0,8b86a60b83fb6294c1383bc5496959db469ea92d6b1a6005f50c34ae5169e1b4,-4.70281595890032,-59.3245033333177,-0.142509574512131,3,3,3,matched,complete
ATP-HTVS-C0E7239EA73D,94018,rxn502a____EMOL299976369____EMOL45980405____EMOL2873214,94018-1,414,运行/运行/ATP-VSW/ATP-VSW-DOCK_HTVS_1-003_lib/ATP-VSW-DOCK_HTVS_1-003_lib.mae,CN(C(=O)[C@](C)(O)c1ccccc1)c1ncccc1NCc1cccc(C[NH+](C)C)c1,CN(C(=O)C(C)(O)c1ccccc1)c1ncccc1NCc1cccc(C[NH+](C)C)c1,O=C(Cc1ccccc1)Nc1ncccc1NCc1ccccc1,C25H31N4O2+,1.0,31.0,62.0,1.0,23d5886800649658e78298cfd76e199c72aa2fab24f3283b2ee38165750911eb,-3.98574645093938,-54.3734105165478,-0.128572466159335,5,5,5,matched,complete
ATP-HTVS-C10AA91B306E,67713,m_270004bca____10206040____8628052,67713-2,112,运行/运行/ATP-VSW/ATP-VSW-DOCK_HTVS_1-001_lib/ATP-VSW-DOCK_HTVS_1-001_lib,C[NH+](C)Cc1ccc(C[N@H+](C)Cc2ccc(-c3cccc(C(F)(F)F)c3)o2)cc1,C[NH+](C)Cc1ccc(C[NH+](C)Cc2ccc(-c3cccc(C(F)(F)F)c3)o2)cc1,c1ccc(C[NH2+]Cc2ccc(-c3ccccc3)o2)cc1,C23H27F3N2O+2,2.0,29.0,56.0,1.0,de5dd91e5de044e179f055232b712bc87c6aa6fc5c960231e98dd380750c0647,-4.94411529805242,-56.1870998909142,-0.170486734415601,2,2,2,matched,complete
ATP-HTVS-C12B4C379970,35235,m_269982bbb____22505392____7398250,35235-2,97,运行/运行/ATP-VSW/ATP-VSW-DOCK_HTVS_1-003_lib/ATP-VSW-DOCK_HTVS_1-003_lib.mae,[NH3+]C[C@@H](NCc1nc2ccccc2c(-c2ccccc2)c1Cl)c1ccccc1F,[NH3+]CC(NCc1nc2ccccc2c(-c2ccccc2)c1Cl)c1ccccc1F,c1ccc(CNCc2cc(-c3ccccc3)c3ccccc3n2)cc1,C24H22ClFN3+,1.0,29.0,51.0,1.0,1023e41c9272a774df9168f29af2d434c28a6cba2b95bf5749ce17b5885fa55b,-5.12059473422699,-55.740961658493,-0.176572232214724,4,4,4,matched,complete
ATP-HTVS-C13B253881A4,36801,m_270004bbb____23822498____24720860,36801-3,1040,运行/运行/ATP-VSW/ATP-VSW-DOCK_HTVS_1-001_lib/ATP-VSW-DOCK_HTVS_1-001_lib,Fc1ccc(CCNCc2[nH+]c3ccccc3n2Cc2ccccc2)c(Cl)c1,Fc1ccc(CCNCc2[nH+]c3ccccc3n2Cc2ccccc2)c(Cl)c1,c1ccc(CCNCc2[nH+]c3ccccc3n2Cc2ccccc2)cc1,C23H22ClFN3+,1.0,28.0,50.0,1.0,0dfe7054bbb0c5defd0b5dbc9662553d02ecc6d94ce640895ce50e1f7b102687,-2.34016426002997,-51.8359681314992,-0.0835772950010704,1,1,1,matched,complete
ATP-HTVS-C1848F46B113,80386,rxn502c____EMOL495084____EMOL49259969____EMOL324170366,80386-1,610,运行/运行/ATP-VSW/ATP-VSW-DOCK_HTVS_1-002_lib.maegz,CN(Cc1sc2ccccc2c1NCc1ccc(NCCO)cc1)C(=O)c1cc(F)cc(F)c1,CN(Cc1sc2ccccc2c1NCc1ccc(NCCO)cc1)C(=O)c1cc(F)cc(F)c1,O=C(NCc1sc2ccccc2c1NCc1ccccc1)c1ccccc1,C26H25F2N3O2S,0.0,34.0,59.0,1.0,fdf521e497f24254e1796d80a441033bfff4b02fe691ab7eeb7e285cc6b6e396,-3.54019421024101,-51.6823885280857,-0.104123359124735,1,1,1,matched,complete
ATP-HTVS-C188770C1FD9,20962,Shen____49239300____48860522____40180766,20962-2,14,运行/运行/ATP-VSW/ATP-VSW-DOCK_HTVS_1-002_lib.maegz,C[C@@](N)(C(=O)n1nc(-c2cccnc2)cc1CC[NH2+]Cc1ccccc1)c1ccccc1,CC(N)(C(=O)n1nc(-c2cccnc2)cc1CC[NH2+]Cc1ccccc1)c1ccccc1,O=C(Cc1ccccc1)n1nc(-c2cccnc2)cc1CC[NH2+]Cc1ccccc1,C26H28N5O+,1.0,32.0,60.0,1.0,4e10233be5bcea8f51fb6ff07c0db81d4c52197aa6ea94c052c00f38805bd87a,-6.16994376737702,-73.770083785871,-0.192810742730532,4,4,4,matched,complete
ATP-HTVS-C1AB9EDC96AF,72801,rxn101____EMOL50155899____EMOL31508819,72801-1,88,运行/运行/ATP-VSW/ATP-VSW-DOCK_HTVS_1-001_lib/ATP-VSW-DOCK_HTVS_1-001_lib,C[NH+](C)Cc1ccc(CNC(=O)c2cn(-c3ccc(F)cc3)c(=O)c3ccccc23)cc1,C[NH+](C)Cc1ccc(CNC(=O)c2cn(-c3ccc(F)cc3)c(=O)c3ccccc23)cc1,O=C(NCc1ccccc1)c1cn(-c2ccccc2)c(=O)c2ccccc12,C26H25FN3O2+,1.0,32.0,57.0,1.0,bf0a51ff739d28ea924053435ac8d16b6088307a6ca1628116f198f179737aa5,-5.07570022737249,-60.6722612430555,-0.15861563210539,2,2,2,matched,complete
ATP-HTVS-C2A68E9F7CC7,44385,m_207bba____1273488____21002122,44385-1,52,运行/运行/ATP-VSW/ATP-VSW-DOCK_HTVS_1-001_lib/ATP-VSW-DOCK_HTVS_1-001_lib,CNS(=O)(=O)Cc1ccc(C[NH2+]Cc2c(OCc3ccccc3)ccc3ccccc23)cc1,CNS(=O)(=O)Cc1ccc(C[NH2+]Cc2c(OCc3ccccc3)ccc3ccccc23)cc1,c1ccc(C[NH2+]Cc2c(OCc3ccccc3)ccc3ccccc23)cc1,C27H29N2O3S+,1.0,33.0,62.0,1.0,3ad043d7a75cfd29a0ee07ad4d0b832e0765ac2bfa9c5539fb286e0355af0175,-5.27344187307121,-68.3999368579204,-0.159801268880946,2,2,2,matched,complete
ATP-HTVS-C2B7985A0F3E,34305,m_22bbg____15706010____4713108,34305-2,1192,运行/运行/ATP-VSW/ATP-VSW-DOCK_HTVS_1-001_lib/ATP-VSW-DOCK_HTVS_1-001_lib,CN(C)Cc1cc(CNC(=O)Cn2c(COc3ccc(Cl)cc3)nc3ccccc32)ccc1F,CN(C)Cc1cc(CNC(=O)Cn2c(COc3ccc(Cl)cc3)nc3ccccc32)ccc1F,O=C(Cn1c(COc2ccccc2)nc2ccccc21)NCc1ccccc1,C26H26ClFN4O2,0.0,34.0,60.0,1.0,605a6083908db090f26a1084b102f589aa1a186b1952cc68baa59b01dd5cac06,-1.89602568145125,-43.7824730390272,-0.0557654612191544,1,1,1,matched,complete
ATP-HTVS-C302107B3554,71682,rxn502b____EMOL4849440____EMOL30488121____EMOL50155899,71682-1,102,运行/运行/ATP-VSW/ATP-VSW-DOCK_HTVS_1-002_lib.maegz,C[NH+](C)Cc1ccc(CNc2c(NC(=O)c3ccc(Cl)c(F)c3)c[nH+]c3ccccc23)cc1,C[NH+](C)Cc1ccc(CNc2c(NC(=O)c3ccc(Cl)c(F)c3)c[nH+]c3ccccc23)cc1,O=C(Nc1c[nH+]c2ccccc2c1NCc1ccccc1)c1ccccc1,C26H26ClFN4O+2,2.0,33.0,59.0,1.0,632ed17665ab8def74ce9c39136483ad74b3ca2dcdd52c15f1009d0eb089caa9,-5.11823752682086,-63.7843805493612,-0.155098106873359,3,3,3,matched,complete
ATP-HTVS-C31215E10DA6,83714,rxn512c____EMOL483896____EMOL43362984____EMOL3728368,83714-1,1240,运行/运行/ATP-VSW/ATP-VSW-DOCK_HTVS_1-002_lib.maegz,C[NH+](C)Cc1cccc(Nc2c(C(=O)N(CCO)c3ccccc3)c(=O)[nH]c3ccccc23)c1,C[NH+](C)Cc1cccc(Nc2c(C(=O)N(CCO)c3ccccc3)c(=O)[nH]c3ccccc23)c1,O=C(Nc1ccccc1)c1c(Nc2ccccc2)c2ccccc2[nH]c1=O,C27H29N4O3+,1.0,34.0,63.0,1.0,15c1422bea301659f91f398e15086cec45716150c79200ff6c73a7bf60f02aa8,-1.69145997331556,-42.4757526194749,-0.0497488227445754,2,2,2,matched,complete
ATP-HTVS-C36315435956,60258,m_269862bba____10120112____7201114,60258-1,53,运行/运行/ATP-VSW/ATP-VSW-DOCK_HTVS_1-002_lib.maegz,C[C@@H]([NH2+]Cc1ccncc1OCc1ccccc1)c1cccc(OCC[NH+](C)C)c1,CC([NH2+]Cc1ccncc1OCc1ccccc1)c1cccc(OCC[NH+](C)C)c1,c1ccc(C[NH2+]Cc2ccncc2OCc2ccccc2)cc1,C25H33N3O2+2,2.0,30.0,63.0,1.0,dde1b705e0c645ea566255a781c150511974e2f00c281aad2544a34f0ed8960b,-5.57643667589892,-75.6992882341396,-0.185881222529964,6,6,6,matched,complete
ATP-HTVS-C36F7D03654F,89441,rxn502a____EMOL491637____EMOL45981693____EMOL2873214,89441-1,456,运行/运行/ATP-VSW/ATP-VSW-DOCK_HTVS_1-001_lib/ATP-VSW-DOCK_HTVS_1-001_lib,CN(C(=O)Cc1cccc(F)c1)c1cc(NCc2cccc(C[NH+](C)C)c2)cc[nH+]1,CN(C(=O)Cc1cccc(F)c1)c1cc(NCc2cccc(C[NH+](C)C)c2)cc[nH+]1,O=C(Cc1ccccc1)Nc1cc(NCc2ccccc2)cc[nH+]1,C24H29FN4O+2,2.0,30.0,59.0,1.0,ec36410fdc7c8c8af8d67fcf6822af53a4533fe8ab6645566f0f97a5e4ce9d93,-3.92056252497989,-52.2770114205998,-0.13068541749933,3,3,3,matched,complete
ATP-HTVS-C3768FC48E4A,87394,rxn502b____EMOL5415347____EMOL13728749____EMOL530647,87394-1,684,运行/运行/ATP-VSW/ATP-VSW-DOCK_HTVS_1-002_lib.maegz,C[NH+](C)Cc1ccccc1C(=O)Nc1c(N(CC[NH3+])c2ccccc2)cnc2ccccc12,C[NH+](C)Cc1ccccc1C(=O)Nc1c(N(CC[NH3+])c2ccccc2)cnc2ccccc12,O=C(Nc1c(Nc2ccccc2)cnc2ccccc12)c1ccccc1,C27H31N5O+2,2.0,33.0,64.0,1.0,075a96649408e55dc3f0caa2929d1abbc3fa3d16f8dbe4fe282788be5edfcf4c,-3.35011967294826,-50.5886813101318,-0.101518777968129,2,2,2,matched,complete
ATP-HTVS-C384A8554A98,76354,rxn502b____EMOL521529____EMOL30488121____EMOL324170366,76354-1,263,运行/运行/ATP-VSW/ATP-VSW-DOCK_HTVS_1-002_lib.maegz,O=C(Cc1ccc(O)cc1)Nc1c[nH+]c2ccccc2c1NCc1ccc(NCCO)cc1,O=C(Cc1ccc(O)cc1)Nc1c[nH+]c2ccccc2c1NCc1ccc(NCCO)cc1,O=C(Cc1ccccc1)Nc1c[nH+]c2ccccc2c1NCc1ccccc1,C26H27N4O3+,1.0,33.0,60.0,1.0,51bf29799658bf482a095c525f7b2751149899eb25fe41bdcc951952ec44e567,-4.48305828387813,-58.1349297459816,-0.13585025102661,3,3,3,matched,complete
ATP-HTVS-C39BEF6539AB,4355,YAS_R016____OTV2825775____OTV999670____OTV2848234,4355-1,313,运行/运行/ATP-VSW/ATP-VSW-DOCK_HTVS_1-003_lib/ATP-VSW-DOCK_HTVS_1-003_lib.mae,CN(C(=O)c1cc(CC(=O)Nc2ccccc2)nc2c(F)cccc12)c1ccccc1,CN(C(=O)c1cc(CC(=O)Nc2ccccc2)nc2c(F)cccc12)c1ccccc1,O=C(Cc1cc(C(=O)Nc2ccccc2)c2ccccc2n1)Nc1ccccc1,C25H20FN3O2,0.0,31.0,51.0,1.0,dfe90be62416606af89314a4d7f1759c7574d91024002b2b9cbbeb347b4b6a97,-4.31685156247328,-48.5071415652921,-0.139253276208816,1,1,1,matched,complete
ATP-HTVS-C3A30B83BBDA,88483,rxn502b____EMOL36726524____EMOL30488121____EMOL24630243,88483-1,343,运行/运行/ATP-VSW/ATP-VSW-DOCK_HTVS_1-003_lib/ATP-VSW-DOCK_HTVS_1-003_lib.mae,CN(c1c(NC(=O)c2ccc(C[NH+]3CCCC3)cc2)c[nH+]c2ccccc12)[C@@H](C#N)c1ccccc1,CN(c1c(NC(=O)c2ccc(C[NH+]3CCCC3)cc2)c[nH+]c2ccccc12)C(C#N)c1ccccc1,O=C(Nc1c[nH+]c2ccccc2c1NCc1ccccc1)c1ccc(C[NH+]2CCCC2)cc1,C30H31N5O+2,2.0,36.0,67.0,1.0,48e5dd293907bae8a1a0299bd9ae66401b038f8a91aee15bb48fac2968af4c40,-4.22063932831933,-56.8191852230345,-0.117239981342204,6,6,6,matched,complete
ATP-HTVS-C3FA166C1ADD,36707,m_270004bbb____8296926____21002124,36707-2,44,运行/运行/ATP-VSW/ATP-VSW-DOCK_HTVS_1-003_lib/ATP-VSW-DOCK_HTVS_1-003_lib.mae,O[C@H](C[NH2+]Cc1c(OCc2ccccc2)ccc2ccccc12)c1c(F)cccc1F,OC(C[NH2+]Cc1c(OCc2ccccc2)ccc2ccccc12)c1c(F)cccc1F,c1ccc(CC[NH2+]Cc2c(OCc3ccccc3)ccc3ccccc23)cc1,C26H24F2NO2+,1.0,31.0,55.0,1.0,840db105d955c41f142f5422cebab7d5ff15c56c3246f2e6d5b71c8a2efa3d11,-5.58366280221691,-58.3429672176785,-0.180118154910223,1,1,1,matched,complete
ATP-HTVS-C3FD34132B6A,71490,rxn502b____EMOL5415347____EMOL7515103____EMOL37359883,71490-1,514,运行/运行/ATP-VSW/ATP-VSW-DOCK_HTVS_1-002_lib.maegz,C[NH+](C)Cc1ccccc1C(=O)Nc1ncc(N(CC#N)c2ccc(Cl)cc2)c2ccccc12,C[NH+](C)Cc1ccccc1C(=O)Nc1ncc(N(CC#N)c2ccc(Cl)cc2)c2ccccc12,O=C(Nc1ncc(Nc2ccccc2)c2ccccc12)c1ccccc1,C27H25ClN5O+,1.0,34.0,59.0,1.0,b30b4104731cd8650cc287c7a33d22ffff97021f0140390e4c4f44782b69ff8b,-3.79369634306654,-54.9517316215851,-0.111579304207839,2,2,2,matched,complete
ATP-HTVS-C40016FC0CB2,70721,rxn512c____EMOL523557____EMOL523944____EMOL324170366,70721-1,689,运行/运行/ATP-VSW/ATP-VSW-DOCK_HTVS_1-001_lib/ATP-VSW-DOCK_HTVS_1-001_lib,CN(Cc1ccc(F)cc1)C(=O)c1sc2ccccc2c1NCc1ccc(NCCO)cc1,CN(Cc1ccc(F)cc1)C(=O)c1sc2ccccc2c1NCc1ccc(NCCO)cc1,O=C(NCc1ccccc1)c1sc2ccccc2c1NCc1ccccc1,C26H26FN3O2S,0.0,33.0,59.0,1.0,9f1ad210ee9221d95d4bfafb59ef293cba0ba34278e8c217c31fa420e07b27e1,-3.33282165450451,-45.9340988569363,-0.100994595591046,1,1,1,matched,complete
ATP-HTVS-C4138656EE80,36610,m_282030aaa____21910250____23157418____21940090,36610-3,1052,运行/运行/ATP-VSW/ATP-VSW-DOCK_HTVS_1-002_lib.maegz,CN(C)Cc1cccc(CNc2nc3ccccc3nc2N[C@H](CCC#N)c2ccccc2)c1,CN(C)Cc1cccc(CNc2nc3ccccc3nc2NC(CCC#N)c2ccccc2)c1,c1ccc(CNc2nc3ccccc3nc2NCc2ccccc2)cc1,C28H30N6,0.0,34.0,64.0,1.0,545de35a14605a3bd5a6f9fb88100b260cdf35deb572d1d863ae5df9f0fd5d02,-2.31996789636805,-50.0343342381025,-0.068234349893178,1,1,1,matched,complete
ATP-HTVS-C445C351F9C8,47970,m_527dbb____9746914____156471,47970-1,100,运行/运行/ATP-VSW/ATP-VSW-DOCK_HTVS_1-002_lib.maegz,C[NH+](C)Cc1cc(NC(=O)c2cc(-c3ccccn3)nc3ccccc23)ccc1Cl,C[NH+](C)Cc1cc(NC(=O)c2cc(-c3ccccn3)nc3ccccc23)ccc1Cl,O=C(Nc1ccccc1)c1cc(-c2ccccn2)nc2ccccc12,C24H22ClN4O+,1.0,30.0,52.0,1.0,28b8eb2767481be23c6d707aa6d0ad4bb3ed14b8e6ac451e07274c50c1087e50,-5.13308090245661,-63.6456392148064,-0.171102696748554,2,2,2,matched,complete
ATP-HTVS-C4778BDFFC37,75843,rxn503b____EMOL505868____EMOL30488121____EMOL1197208,75843-2,197,运行/运行/ATP-VSW/ATP-VSW-DOCK_HTVS_1-003_lib/ATP-VSW-DOCK_HTVS_1-003_lib.mae,O=C(Nc1cnc2ccccc2c1C#CC[NH2+]Cc1ccccc1)c1ccccc1F,O=C(Nc1cnc2ccccc2c1C#CC[NH2+]Cc1ccccc1)c1ccccc1F,O=C(Nc1cnc2ccccc2c1C#CC[NH2+]Cc1ccccc1)c1ccccc1,C26H21FN3O+,1.0,31.0,52.0,1.0,d57d890bae80388d0742967c9dc7df816094bc8fe1fdbeb311c9d341019d2450,-4.68613605229959,-57.6000383934267,-0.151165679106438,2,2,2,matched,complete
ATP-HTVS-C4893C1BFF55,25250,m_270004bbb____8353320____12209754,25250-1,127,运行/运行/ATP-VSW/ATP-VSW-DOCK_HTVS_1-002_lib.maegz,CC(=O)N(c1ccccc1)c1nc(C[NH2+]Cc2ccccc2C[NH+](C)C)cs1,CC(=O)N(c1ccccc1)c1nc(C[NH2+]Cc2ccccc2C[NH+](C)C)cs1,c1ccc(C[NH2+]Cc2csc(Nc3ccccc3)n2)cc1,C22H28N4OS+2,2.0,28.0,56.0,1.0,81835323cb3df0e9c97426420350abbcacf51eb2082676050804bb5adeba9b9d,-4.99523382378739,-65.6119438044914,-0.178401207992407,4,4,4,matched,complete
ATP-HTVS-C4C9929F3284,78403,rxn503b____EMOL530803____EMOL44466703____EMOL313110234,78403-4,160,运行/运行/ATP-VSW/ATP-VSW-DOCK_HTVS_1-003_lib/ATP-VSW-DOCK_HTVS_1-003_lib.mae,[NH3+][C@H](C#Cc1cc2ccccc2nc1NC(=O)C#Cc1ccccc1)Cc1cccc(F)c1,[NH3+]C(C#Cc1cc2ccccc2nc1NC(=O)C#Cc1ccccc1)Cc1cccc(F)c1,O=C(C#Cc1ccccc1)Nc1nc2ccccc2cc1C#CCCc1ccccc1,C28H21FN3O+,1.0,33.0,54.0,1.0,fdc2d16d7f9ad9b859754e146a2ff914edce81ee92c578aa4bda4d705a3e927f,-4.84075174673338,-63.7273885417746,-0.146689446870709,2,2,2,matched,complete
ATP-HTVS-C4D43EEF7CE1,98690,rxn502c____EMOL490868____EMOL42620711____EMOL50155899,98690-1,430,运行/运行/ATP-VSW/ATP-VSW-DOCK_HTVS_1-003_lib/ATP-VSW-DOCK_HTVS_1-003_lib.mae,Cc1ccc(-n2ncc(N(C)C(=O)c3ccc(O)cc3)c(NCc3ccc(C[NH+](C)C)cc3)c2=O)cc1,Cc1ccc(-n2ncc(N(C)C(=O)c3ccc(O)cc3)c(NCc3ccc(C[NH+](C)C)cc3)c2=O)cc1,O=C(Nc1cnn(-c2ccccc2)c(=O)c1NCc1ccccc1)c1ccccc1,C29H32N5O3+,1.0,37.0,69.0,1.0,024d9f978833b1c81b090f298e152e76af6bcf22ccbd6e129054bc6db228b705,-3.9511278073873,-56.4322737619297,-0.106787238037495,2,2,2,matched,complete
ATP-HTVS-C55276015D5E,97217,rxn503b____EMOL44817445____EMOL30488121____EMOL317506007,97217-3,156,运行/运行/ATP-VSW/ATP-VSW-DOCK_HTVS_1-002_lib.maegz,C[C@@H]([NH2+]CC#Cc1c(NC(=O)c2ccc(Cl)c(C#N)c2)cnc2ccccc12)c1ccc(F)cc1,CC([NH2+]CC#Cc1c(NC(=O)c2ccc(Cl)c(C#N)c2)cnc2ccccc12)c1ccc(F)cc1,O=C(Nc1cnc2ccccc2c1C#CC[NH2+]Cc1ccccc1)c1ccccc1,C28H21ClFN4O+,1.0,35.0,56.0,1.0,386b94d7ac60e9ef29ead486e55d48282c6a903d0939a06ff6670409249b1255,-4.88121159396972,-67.5342317370333,-0.139463188399135,3,3,3,matched,complete
ATP-HTVS-C563D945857F,80867,rxn512c____EMOL718308____EMOL36725275____EMOL2873214,80867-1,150,运行/运行/ATP-VSW/ATP-VSW-DOCK_HTVS_1-003_lib/ATP-VSW-DOCK_HTVS_1-003_lib.mae,CN(c1ccc(N)cc1)c1c(C(=O)NCc2cccc(C[NH+](C)C)c2)cnc2ccc(F)cc12,CN(c1ccc(N)cc1)c1c(C(=O)NCc2cccc(C[NH+](C)C)c2)cnc2ccc(F)cc12,O=C(NCc1ccccc1)c1cnc2ccccc2c1Nc1ccccc1,C27H29FN5O+,1.0,34.0,63.0,1.0,9169f143468054b13720d808b331f43a37afb9c33c27a9e561de8309d7119150,-4.87323135287313,-59.9250667645845,-0.143330333908033,3,3,3,matched,complete
ATP-HTVS-C59D75D09D12,68706,rxn207____EMOL1096385____EMOL50155899,68706-2,1272,运行/运行/ATP-VSW/ATP-VSW-DOCK_HTVS_1-002_lib.maegz,CN(C)Cc1ccc(CNc2c(NCc3ccccc3)c(Cl)c(O)c3ccccc23)cc1,CN(C)Cc1ccc(CNc2c(NCc3ccccc3)c(Cl)c(O)c3ccccc23)cc1,c1ccc(CNc2ccc3ccccc3c2NCc2ccccc2)cc1,C27H28ClN3O,0.0,32.0,60.0,1.0,d19e6f94526b4a819f014ee94a5d5dcb8c4ef1ee5a8581e7e9f22f9fd66e410c,-1.57949634567105,-44.5067979310159,-0.0493592608022203,1,1,1,matched,complete
ATP-HTVS-C5A7FD400424,82753,rxn502b____EMOL331054254____EMOL44466703____EMOL712348,82753-2,466,运行/运行/ATP-VSW/ATP-VSW-DOCK_HTVS_1-001_lib/ATP-VSW-DOCK_HTVS_1-001_lib,CN(C)[C@H](C(=O)Nc1nc2ccccc2cc1N(CC#N)c1ccccc1)c1ccc(Cl)cc1,CN(C)C(C(=O)Nc1nc2ccccc2cc1N(CC#N)c1ccccc1)c1ccc(Cl)cc1,O=C(Cc1ccccc1)Nc1nc2ccccc2cc1Nc1ccccc1,C27H24ClN5O,0.0,34.0,58.0,1.0,1fdb3268b04d2a7451143fb4284ff9b43481b8bc453443da17e493b3c60f5ecc,-3.9000690078777,-48.8277085736931,-0.114707911996403,4,4,4,matched,complete
ATP-HTVS-C615FEE5992B,53122,m_2230bbb____22399256____7471132,53122-4,33,运行/运行/ATP-VSW/ATP-VSW-DOCK_HTVS_1-002_lib.maegz,C[NH+](C)CC[C@H]([NH2+]Cc1nc2ccccc2c(-c2ccccc2)c1Cl)c1cccnc1,C[NH+](C)CCC([NH2+]Cc1nc2ccccc2c(-c2ccccc2)c1Cl)c1cccnc1,c1ccc(-c2cc(C[NH2+]Cc3cccnc3)nc3ccccc23)cc1,C26H29ClN4+2,2.0,31.0,60.0,1.0,6659ff1bd3a05dce73efe0f7ed60a537ec7b542d31afa7190d68698efeb5fdf7,-5.76824194553614,-78.0108871225159,-0.186072320823746,4,4,4,matched,complete
ATP-HTVS-C6A6F28FFA03,82401,rxn502b____EMOL5759977____EMOL44466703____EMOL24630243,82401-6,522,运行/运行/ATP-VSW/ATP-VSW-DOCK_HTVS_1-001_lib/ATP-VSW-DOCK_HTVS_1-001_lib,CC[NH+](CC)[C@@H](C(=O)Nc1nc2ccccc2cc1N(C)[C@H](C#N)c1ccccc1)c1ccccc1,CC[NH+](CC)C(C(=O)Nc1nc2ccccc2cc1N(C)C(C#N)c1ccccc1)c1ccccc1,O=C(Cc1ccccc1)Nc1nc2ccccc2cc1NCc1ccccc1,C30H32N5O+,1.0,36.0,68.0,1.0,22d7c55d2b7e4b28bba624a31317d4e656c5c5cf1f08853495b1dba28e1f6259,-3.77514195999955,-56.9582205455987,-0.104865054444432,3,3,3,matched,complete
ATP-HTVS-C6C7CCEB60F2,73954,rxn502c____EMOL492224____EMOL29936549____EMOL2873214,73954-1,710,运行/运行/ATP-VSW/ATP-VSW-DOCK_HTVS_1-002_lib.maegz,CC(=O)c1cccc(C(=O)Nc2ncc(NCc3cccc(C[NH+](C)C)c3)c3ccccc23)c1,CC(=O)c1cccc(C(=O)Nc2ncc(NCc3cccc(C[NH+](C)C)c3)c3ccccc23)c1,O=C(Nc1ncc(NCc2ccccc2)c2ccccc12)c1ccccc1,C28H29N4O2+,1.0,34.0,63.0,1.0,91d2ac4bd1186d15a5bd34cb91f191f89be2b7f5f4deb44a6797a25707854b7e,-3.27279384994009,-49.26374323282,-0.0962586426452966,2,2,2,matched,complete
ATP-HTVS-C725FB5B69C4,56739,m_27bbd____62037____12053100,56739-2,399,运行/运行/ATP-VSW/ATP-VSW-DOCK_HTVS_1-003_lib/ATP-VSW-DOCK_HTVS_1-003_lib.mae,COc1ccccc1[C@@H](CNc1nc(Oc2ccccc2)c2ccccc2n1)[NH+](C)C,COc1ccccc1C(CNc1nc(Oc2ccccc2)c2ccccc2n1)[NH+](C)C,c1ccc(CCNc2nc(Oc3ccccc3)c3ccccc3n2)cc1,C25H27N4O2+,1.0,31.0,58.0,1.0,d68404767e6fc4c82f324c85132fdd17853cf94cfe1be45cdf50a187c872b57a,-4.02408206899178,-45.3795252718406,-0.129809098999735,6,6,6,matched,complete
ATP-HTVS-C74806D7CD52,53537,m_282030aaa____21906106____22360182____21973156,53537-1,348,运行/运行/ATP-VSW/ATP-VSW-DOCK_HTVS_1-001_lib/ATP-VSW-DOCK_HTVS_1-001_lib,C[NH+](C)Cc1ccccc1CNc1nc(NCCc2cccc(C#N)c2)c2ccccc2[nH+]1,C[NH+](C)Cc1ccccc1CNc1nc(NCCc2cccc(C#N)c2)c2ccccc2[nH+]1,c1ccc(CCNc2nc(NCc3ccccc3)[nH+]c3ccccc23)cc1,C27H30N6+2,2.0,33.0,63.0,1.0,9c6c1a0618964d39ae3074c8485d6f97be4c1e1f82d950728611621368dcb3ac,-4.2029284089822,-57.0882357791913,-0.127361466938854,3,3,3,matched,complete
ATP-HTVS-C78E55448419,80034,rxn512b____EMOL477532____EMOL44846536____EMOL2873214,80034-1,210,运行/运行/ATP-VSW/ATP-VSW-DOCK_HTVS_1-002_lib.maegz,C[NH+](C)Cc1cccc(CNc2cc(C(=O)Nc3ccccc3)sc2Cl)c1,C[NH+](C)Cc1cccc(CNc2cc(C(=O)Nc3ccccc3)sc2Cl)c1,O=C(Nc1ccccc1)c1cc(NCc2ccccc2)cs1,C21H23ClN3OS+,1.0,27.0,50.0,1.0,0327c07f23394eef586ba42f0c78e3db7083ff583b2d51af33bdf9302ac9cc2b,-4.6121830386589,-60.9583703893288,-0.170821594024404,2,2,2,matched,complete
ATP-HTVS-C7A4A85DE6AC,94051,rxn503b____EMOL49845460____EMOL30488121____EMOL317506007,94051-3,195,运行/运行/ATP-VSW/ATP-VSW-DOCK_HTVS_1-003_lib/ATP-VSW-DOCK_HTVS_1-003_lib.mae,C[C@@H]([NH2+]CC#Cc1c(NC(=O)Cc2ccc(C#N)c(Cl)c2)cnc2ccccc12)c1ccc(F)cc1,CC([NH2+]CC#Cc1c(NC(=O)Cc2ccc(C#N)c(Cl)c2)cnc2ccccc12)c1ccc(F)cc1,O=C(Cc1ccccc1)Nc1cnc2ccccc2c1C#CC[NH2+]Cc1ccccc1,C29H23ClFN4O+,1.0,36.0,59.0,1.0,a9d68ae07a7cefde6514aa2d15bc2991e47fd72b0b9e011dc55fce16284d9348,-4.68875267131703,-66.1943096680932,-0.130243129758806,2,2,2,matched,complete
ATP-HTVS-C7C112B42D2F,79778,rxn502b____EMOL492715____EMOL7515103____EMOL36822768,79778-1,476,运行/运行/ATP-VSW/ATP-VSW-DOCK_HTVS_1-002_lib.maegz,N#CN(c1ccccc1)c1cnc(NC(=O)Cc2cccc(Cl)c2)c2ccccc12,N#CN(c1ccccc1)c1cnc(NC(=O)Cc2cccc(Cl)c2)c2ccccc12,O=C(Cc1ccccc1)Nc1ncc(Nc2ccccc2)c2ccccc12,C24H17ClN4O,0.0,30.0,47.0,1.0,4210e42c8ef6d09606469ee208eec3c1bd1027a02ad07c1a46cfa6f309e0c700,-3.89780127969631,-47.6229277578113,-0.12992670932321,1,1,1,matched,complete
ATP-HTVS-C7E1AC016800,99361,rxn512b____EMOL493903____EMOL44846536____EMOL50155899,99361-1,91,运行/运行/ATP-VSW/ATP-VSW-DOCK_HTVS_1-002_lib.maegz,C[NH+](C)Cc1ccc(CNc2cc(C(=O)Nc3ccccc3N)sc2Cl)cc1,C[NH+](C)Cc1ccc(CNc2cc(C(=O)Nc3ccccc3N)sc2Cl)cc1,O=C(Nc1ccccc1)c1cc(NCc2ccccc2)cs1,C21H24ClN4OS+,1.0,28.0,52.0,1.0,71537a475a1de1c70a3660eda7b3534463a414f17c7ee9f129bbbf8501cb12c9,-5.17568981140632,-57.806120990074,-0.184846064693083,2,2,2,matched,complete
ATP-HTVS-C7F6DF534483,73346,rxn502b____EMOL493145____EMOL4363915____EMOL2873214,73346-1,211,运行/运行/ATP-VSW/ATP-VSW-DOCK_HTVS_1-002_lib.maegz,C[NH+](C)Cc1cccc(CNc2cnc(NC(=O)c3ccc(F)cc3F)c(-n3cccc3)c2)c1,C[NH+](C)Cc1cccc(CNc2cnc(NC(=O)c3ccc(F)cc3F)c(-n3cccc3)c2)c1,O=C(Nc1ncc(NCc2ccccc2)cc1-n1cccc1)c1ccccc1,C26H26F2N5O+,1.0,34.0,60.0,1.0,aa86cd2f64fa0d0839622942999df0cef5e084decf21310596f5e22a53fd1a84,-4.61152888374666,-59.4812369440445,-0.135633202463137,1,1,1,matched,complete
ATP-HTVS-C81E0B2D019D,80098,rxn512c____EMOL477532____EMOL43362984____EMOL2873214,80098-1,1051,运行/运行/ATP-VSW/ATP-VSW-DOCK_HTVS_1-002_lib.maegz,C[NH+](C)Cc1cccc(CNc2c(C(=O)Nc3ccccc3)c(=O)[nH]c3ccccc23)c1,C[NH+](C)Cc1cccc(CNc2c(C(=O)Nc3ccccc3)c(=O)[nH]c3ccccc23)c1,O=C(Nc1ccccc1)c1c(NCc2ccccc2)c2ccccc2[nH]c1=O,C26H27N4O2+,1.0,32.0,59.0,1.0,e999e17ed988c7bac42e8b5d92943f10b9afed5f1172260b5c6f9a7298f682df,-2.32050689496983,-44.7798546227221,-0.0725158404678073,1,1,1,matched,complete
ATP-HTVS-C853ACB1A86B,96802,rxn512c____EMOL530647____EMOL36725275____EMOL44153840,96802-1,416,运行/运行/ATP-VSW/ATP-VSW-DOCK_HTVS_1-003_lib/ATP-VSW-DOCK_HTVS_1-003_lib.mae,CC[NH+](CC)Cc1cccc(CNC(=O)c2cnc3ccc(F)cc3c2N(CC[NH3+])c2ccccc2)c1,CC[NH+](CC)Cc1cccc(CNC(=O)c2cnc3ccc(F)cc3c2N(CC[NH3+])c2ccccc2)c1,O=C(NCc1ccccc1)c1cnc2ccccc2c1Nc1ccccc1,C30H36FN5O+2,2.0,37.0,73.0,1.0,b7ac09b6a29a7f872ef26ec7b82dbf24c6e87b1453a1458eb007e0b37a6d407d,-3.98143174497173,-58.9872513457894,-0.107606263377614,2,2,2,matched,complete
ATP-HTVS-C88FA91C4E8E,75201,rxn512b____EMOL24630243____EMOL719673____EMOL324170366,75201-1,136,运行/运行/ATP-VSW/ATP-VSW-DOCK_HTVS_1-001_lib/ATP-VSW-DOCK_HTVS_1-001_lib,CN(C(=O)c1[nH]c2ccccc2c1NCc1ccc(NCCO)cc1)[C@@H](C#N)c1ccccc1,CN(C(=O)c1[nH]c2ccccc2c1NCc1ccc(NCCO)cc1)C(C#N)c1ccccc1,O=C(NCc1ccccc1)c1[nH]c2ccccc2c1NCc1ccccc1,C27H27N5O2,0.0,34.0,61.0,1.0,74e941b3cba7533c1c7cb01884e40c74e9d6ed42eff04fefe6fb0f2691408863,-4.86911471981752,-55.2906132094545,-0.143209256465221,2,2,2,matched,complete
ATP-HTVS-C894FAAE5B10,4706,YAS_R001____OTV6666767____OTV7020410249,4706-2,475,运行/运行/ATP-VSW/ATP-VSW-DOCK_HTVS_1-002_lib.maegz,CC[NH+](CC)[C@H](CNC(=O)c1cn(Cc2ccc(OC)cc2)c(=O)c2ccccc12)c1ccccc1,CC[NH+](CC)C(CNC(=O)c1cn(Cc2ccc(OC)cc2)c(=O)c2ccccc12)c1ccccc1,O=C(NCCc1ccccc1)c1cn(Cc2ccccc2)c(=O)c2ccccc12,C30H34N3O3+,1.0,36.0,70.0,1.0,2df94122ca9667927a5e7879841863e3df5eaed7642bdf9f99b682d4947beb08,-3.89827983630935,-48.9920317222555,-0.108285551008593,4,4,4,matched,complete
ATP-HTVS-C8A46F369ED4,99810,rxn503b____EMOL48579575____EMOL44466703____EMOL317509042,99810-2,334,运行/运行/ATP-VSW/ATP-VSW-DOCK_HTVS_1-003_lib/ATP-VSW-DOCK_HTVS_1-003_lib.mae,CC(=O)c1ccc(C(=O)Nc2nc3ccccc3cc2C#CCN[C@@H](C)c2cccc(F)c2)cc1,CC(=O)c1ccc(C(=O)Nc2nc3ccccc3cc2C#CCNC(C)c2cccc(F)c2)cc1,O=C(Nc1nc2ccccc2cc1C#CCNCc1ccccc1)c1ccccc1,C29H24FN3O2,0.0,35.0,59.0,1.0,c9b1c22d80a3e0c190d5420eb1302c366031a059c08cd1b65b882374c3170fcd,-4.24832739262732,-48.2225524107882,-0.121380782646495,3,3,3,matched,complete
ATP-HTVS-C8D8BA0AA9EF,75042,rxn207____EMOL1096385____EMOL712348,75042-1,539,运行/运行/ATP-VSW/ATP-VSW-DOCK_HTVS_1-002_lib.maegz,N#CCN(c1ccccc1)c1c(NCc2ccccc2)c(Cl)c(O)c2ccccc12,N#CCN(c1ccccc1)c1c(NCc2ccccc2)c(Cl)c(O)c2ccccc12,c1ccc(CNc2ccc3ccccc3c2Nc2ccccc2)cc1,C25H20ClN3O,0.0,30.0,50.0,1.0,4fef481953c2fc52866fe520aa992fb99c0e9b316db7897d9fd6bf46ddbe10fd,-3.73644929906704,-41.9428973928296,-0.124548309968901,1,1,1,matched,complete
ATP-HTVS-C8F29258BF11,76962,rxn502b____EMOL723163____EMOL13728749____EMOL2873214,76962-1,257,运行/运行/ATP-VSW/ATP-VSW-DOCK_HTVS_1-002_lib.maegz,Cc1cccc(C(=O)Nc2c(NCc3cccc(C[NH+](C)C)c3)cnc3ccccc23)c1C,Cc1cccc(C(=O)Nc2c(NCc3cccc(C[NH+](C)C)c3)cnc3ccccc23)c1C,O=C(Nc1c(NCc2ccccc2)cnc2ccccc12)c1ccccc1,C28H31N4O+,1.0,33.0,64.0,1.0,88ff279ec90ce07d39bd2581c4fe5ee4dda77100d6c09235b4e1fab6864d7097,-4.49751414684722,-60.1628498009599,-0.136288307480219,3,3,3,matched,complete
ATP-HTVS-C9013CEACAA9,79266,rxn403____EMOL44390368____EMOL514874____EMOL1197208,79266-5,34,运行/运行/ATP-VSW/ATP-VSW-DOCK_HTVS_1-002_lib.maegz,N#C[C@H](N[C@H](C#CC[NH2+]Cc1ccccc1)c1csc2ccccc12)c1ccccc1,N#CC(NC(C#CC[NH2+]Cc1ccccc1)c1csc2ccccc12)c1ccccc1,C(#CC(NCc1ccccc1)c1csc2ccccc12)C[NH2+]Cc1ccccc1,C27H24N3S+,1.0,31.0,55.0,1.0,50dbdbeac5ef39fe708d5d5f4bb7334303187ea944cc09dfcfea81b65bf32d3c,-5.74968572661554,-72.5942283250522,-0.18547373311663,4,4,4,matched,complete
ATP-HTVS-C924AED67E53,55841,m_270004bbb____12219548____7547744,55841-1,61,运行/运行/ATP-VSW/ATP-VSW-DOCK_HTVS_1-001_lib/ATP-VSW-DOCK_HTVS_1-001_lib,Cc1ccc(-c2nn(-c3ccccc3)cc2C[NH2+]Cc2cc(C)ccc2O)cc1,Cc1ccc(-c2nn(-c3ccccc3)cc2C[NH2+]Cc2cc(C)ccc2O)cc1,c1ccc(C[NH2+]Cc2cn(-c3ccccc3)nc2-c2ccccc2)cc1,C25H26N3O+,1.0,29.0,55.0,1.0,2ce3d970e49d252dd2d742c6110172d3dd80140843fda9c614783b2a3c71d430,-5.19276246888143,-61.5193753419328,-0.179060774789015,1,1,1,matched,complete
ATP-HTVS-C9308A7164FF,83843,rxn502b____EMOL480988____EMOL44466703____EMOL49839592,83843-1,677,运行/运行/ATP-VSW/ATP-VSW-DOCK_HTVS_1-003_lib/ATP-VSW-DOCK_HTVS_1-003_lib.mae,CCN(c1cc2ccccc2nc1NC(=O)c1ccccc1Cl)[C@@H](C#N)c1ccccc1,CCN(c1cc2ccccc2nc1NC(=O)c1ccccc1Cl)C(C#N)c1ccccc1,O=C(Nc1nc2ccccc2cc1NCc1ccccc1)c1ccccc1,C26H21ClN4O,0.0,32.0,53.0,1.0,f96b4759da213daaa88d4353bee90d60b2d6dafafe4b8db0f3da16ee24b29eb2,-3.32075076430814,-41.808100024325,-0.103773461384629,1,1,1,matched,complete
ATP-HTVS-C930A8816DDB,3521,YAS_R005____OTV5753507____OTV2848234____OTV7020431351,3521-4,690,运行/运行/ATP-VSW/ATP-VSW-DOCK_HTVS_1-001_lib/ATP-VSW-DOCK_HTVS_1-001_lib,Cc1[nH+]c2ccccc2c(NC[C@H](c2ccc(F)cc2)N(C)C)c1C(=O)Nc1ccccc1,Cc1[nH+]c2ccccc2c(NCC(c2ccc(F)cc2)N(C)C)c1C(=O)Nc1ccccc1,O=C(Nc1ccccc1)c1c[nH+]c2ccccc2c1NCCc1ccccc1,C27H28FN4O+,1.0,33.0,61.0,1.0,b4e690d9d62265db2f005121e92a6a15b9cbd2b54de9488e381a6667d7864c32,-3.33047635479598,-54.1377741074353,-0.100923525902908,1,1,1,matched,complete
ATP-HTVS-C97E366A40B5,96353,rxn102b____EMOL27480028____EMOL42769518,96353-2,269,运行/运行/ATP-VSW/ATP-VSW-DOCK_HTVS_1-001_lib/ATP-VSW-DOCK_HTVS_1-001_lib,Cc1ccc([C@H](O)CNc2nc(N)c(-c3ccccc3)c3ccccc23)cc1,Cc1ccc(C(O)CNc2nc(N)c(-c3ccccc3)c3ccccc23)cc1,c1ccc(CCNc2ncc(-c3ccccc3)c3ccccc23)cc1,C24H23N3O,0.0,28.0,51.0,1.0,d4dd9ebd31843a11d31bd17134e0910175d9244fef9ba6f00f1452c76eb1d9ad,-4.4448835340533,-45.7574054704433,-0.158745840501903,4,4,4,matched,complete
ATP-HTVS-C9B00227BFE8,37217,m_270004bbb____23846038____9705990,37217-4,842,运行/运行/ATP-VSW/ATP-VSW-DOCK_HTVS_1-001_lib/ATP-VSW-DOCK_HTVS_1-001_lib,CN(c1ccccc1)c1ccc(CNC[C@@H](C[NH+](C)C)c2ccccc2)cn1,CN(c1ccccc1)c1ccc(CNCC(C[NH+](C)C)c2ccccc2)cn1,c1ccc(CCNCc2ccc(Nc3ccccc3)nc2)cc1,C24H31N4+,1.0,28.0,59.0,1.0,4ea6e510f19f94079200a30e2d03bf7b77355d5327ad4f6bbabbacbac3cc0d3d,-2.90394642746198,-44.6284244226478,-0.103712372409356,4,4,4,matched,complete
ATP-HTVS-C9CB4EF32822,20449,WXDL_15E____QS5063____LN00171853____BT0972,20449-1,69,运行/运行/ATP-VSW/ATP-VSW-DOCK_HTVS_1-001_lib/ATP-VSW-DOCK_HTVS_1-001_lib,C#Cc1cccc(-c2csc(NCc3ccc(C[NH+](C)C)cc3)n2)c1,C#Cc1cccc(-c2csc(NCc3ccc(C[NH+](C)C)cc3)n2)c1,c1ccc(CNc2nc(-c3ccccc3)cs2)cc1,C21H22N3S+,1.0,25.0,47.0,1.0,319bdb8e5ccdd12838c3cc74959dace3f8c0514c94cae1a0ab2149edee4cedda,-5.15927092847907,-57.2073068511294,-0.206370837139163,1,1,1,matched,complete
ATP-HTVS-C9E144645171,38689,m_282030aaa____21928984____23157418____21974936,38689-1,193,运行/运行/ATP-VSW/ATP-VSW-DOCK_HTVS_1-001_lib/ATP-VSW-DOCK_HTVS_1-001_lib,CN(Cc1cc[nH+]cc1)c1nc2ccccc2nc1NCc1ccc(F)cc1C[NH+](C)C,CN(Cc1cc[nH+]cc1)c1nc2ccccc2nc1NCc1ccc(F)cc1C[NH+](C)C,c1ccc(CNc2nc3ccccc3nc2NCc2cc[nH+]cc2)cc1,C25H29FN6+2,2.0,32.0,61.0,1.0,79c4116b264fcfd7fa2982dbd685b844314ec290c2d24d75d53852d92c17d8dd,-4.65773122074291,-67.2312989712577,-0.145554100648216,4,4,4,matched,complete
ATP-HTVS-CA08B0F5D119,66561,m_269862bba____7196292____7200218,66561-2,196,运行/运行/ATP-VSW/ATP-VSW-DOCK_HTVS_1-001_lib/ATP-VSW-DOCK_HTVS_1-001_lib,C[C@H]([NH2+]Cc1cn(-c2ccccc2)nc1-c1ccncc1)c1ccc(F)cc1,CC([NH2+]Cc1cn(-c2ccccc2)nc1-c1ccncc1)c1ccc(F)cc1,c1ccc(C[NH2+]Cc2cn(-c3ccccc3)nc2-c2ccncc2)cc1,C23H22FN4+,1.0,28.0,50.0,1.0,25c18a2f87c5e295f791a7fe2af0845b5136214477a5ffa729f1b06e9322ed04,-4.65171139688695,-58.3843190638695,-0.16613254988882,2,2,2,matched,complete
ATP-HTVS-CA5141603A6E,62146,m_2430bbb____22524256____2308808,62146-1,150,运行/运行/ATP-VSW/ATP-VSW-DOCK_HTVS_1-002_lib.maegz,C[NH+](C)CCc1cccc(NC(=O)NCc2cn(-c3ccccc3)nc2-c2ccncc2)c1,C[NH+](C)CCc1cccc(NC(=O)NCc2cn(-c3ccccc3)nc2-c2ccncc2)c1,O=C(NCc1cn(-c2ccccc2)nc1-c1ccncc1)Nc1ccccc1,C26H29N6O+,1.0,33.0,62.0,1.0,d6ed9028ebbcdbb3839f0ae433f06c31281489c535d7453677b4267231c06d5e,-4.90388421149219,-59.0903042791071,-0.1486025518634,1,1,1,matched,complete
ATP-HTVS-CA6523C86104,32322,m_270004bbb____8349656____7548974,32322-1,70,运行/运行/ATP-VSW/ATP-VSW-DOCK_HTVS_1-002_lib.maegz,CC(=O)N(c1ccc(Cl)cc1)c1nc(C[NH2+]Cc2cccc(C[NH+](C)C)c2)cs1,CC(=O)N(c1ccc(Cl)cc1)c1nc(C[NH2+]Cc2cccc(C[NH+](C)C)c2)cs1,c1ccc(C[NH2+]Cc2csc(Nc3ccccc3)n2)cc1,C22H27ClN4OS+2,2.0,29.0,56.0,1.0,ff91914fb37534ee373ab6e5804a22edd377ce94ab1c21c1b6fad654fb61a64c,-5.36272096910221,-72.0531597015136,-0.184921412727663,4,4,4,matched,complete
ATP-HTVS-CA9A4676B579,80962,rxn512b____EMOL31407338____EMOL720738____EMOL50155899,80962-2,283,运行/运行/ATP-VSW/ATP-VSW-DOCK_HTVS_1-002_lib.maegz,C[C@@H](c1ccccc1Cl)N(C)C(=O)c1cc(NCc2ccc(C[NH+](C)C)cc2)cs1,CC(c1ccccc1Cl)N(C)C(=O)c1cc(NCc2ccc(C[NH+](C)C)cc2)cs1,O=C(NCc1ccccc1)c1cc(NCc2ccccc2)cs1,C24H29ClN3OS+,1.0,30.0,59.0,1.0,3b9b87d2fc82a7309e71243de88eb4ce36b0dbda042e72e467ee6468e06c4fb3,-4.43323012373762,-50.097389944285,-0.147774337457921,4,4,4,matched,complete
ATP-HTVS-CAF3F282F1EC,86531,rxn502b____EMOL5849923____EMOL44466703____EMOL712348,86531-1,421,运行/运行/ATP-VSW/ATP-VSW-DOCK_HTVS_1-003_lib/ATP-VSW-DOCK_HTVS_1-003_lib.mae,N#CCN(c1ccccc1)c1cc2ccccc2nc1NC(=O)c1cccc(C[NH+]2CCCC2)c1,N#CCN(c1ccccc1)c1cc2ccccc2nc1NC(=O)c1cccc(C[NH+]2CCCC2)c1,O=C(Nc1nc2ccccc2cc1Nc1ccccc1)c1cccc(C[NH+]2CCCC2)c1,C29H28N5O+,1.0,35.0,63.0,1.0,93461bc1eba8f11a134dd0ce761fdf3ddece9c11f1e1bedde756083ffe174249,-3.97421151737285,-53.1475746154684,-0.113548900496367,2,2,2,matched,complete
ATP-HTVS-CAF437F0E3C3,42177,m_282030aaa____21928796____22360182____21938740,42177-1,730,运行/运行/ATP-VSW/ATP-VSW-DOCK_HTVS_1-001_lib/ATP-VSW-DOCK_HTVS_1-001_lib,C[NH+](C)Cc1cccc(CNc2nc(NCc3ccc(Br)cc3N)c3ccccc3[nH+]2)c1,C[NH+](C)Cc1cccc(CNc2nc(NCc3ccc(Br)cc3N)c3ccccc3[nH+]2)c1,c1ccc(CNc2nc(NCc3ccccc3)c3ccccc3[nH+]2)cc1,C25H29BrN6+2,2.0,32.0,61.0,1.0,4b4106b654230812ac9d71eb09fa2f77be42c5b4b94b376967c78c4ae1cf8c38,-3.23209657193131,-49.0407148155851,-0.101003017872853,2,2,2,matched,complete
ATP-HTVS-CB056AB5514A,67811,m_22bbg____4836914____134270,67811-1,503,运行/运行/ATP-VSW/ATP-VSW-DOCK_HTVS_1-003_lib/ATP-VSW-DOCK_HTVS_1-003_lib.mae,C[NH+](C)Cc1ccccc1CNC(=O)c1cn(Cc2ccccc2)nc1-c1cccnc1,C[NH+](C)Cc1ccccc1CNC(=O)c1cn(Cc2ccccc2)nc1-c1cccnc1,O=C(NCc1ccccc1)c1cn(Cc2ccccc2)nc1-c1cccnc1,C26H28N5O+,1.0,32.0,60.0,1.0,313c419deac2979bef8fc6bf52114b45e94b7a92fa93eaaa451ebd0a87ac0b13,-3.7961501197549,-49.5474982085601,-0.118629691242341,2,2,2,matched,complete
ATP-HTVS-CB08F8B01966,54499,m_282030aaa____21890430____23157418____21942374,54499-4,480,运行/运行/ATP-VSW/ATP-VSW-DOCK_HTVS_1-003_lib/ATP-VSW-DOCK_HTVS_1-003_lib.mae,CN(Cc1ccc(C[NH+](C)C)cc1)c1nc2ccccc2nc1N[C@H](C[S@](C)=O)c1ccccc1,CN(Cc1ccc(C[NH+](C)C)cc1)c1nc2ccccc2nc1NC(CS(C)=O)c1ccccc1,c1ccc(CNc2nc3ccccc3nc2NCc2ccccc2)cc1,C28H34N5OS+,1.0,35.0,69.0,1.0,f75127061d3e434c0adc40415272a9a05d6f821cb27d7848264aaa0754e1fb3e,-3.84717354528031,-54.3557231305095,-0.109919244150866,3,3,3,matched,complete
ATP-HTVS-CB100B4C9F83,73827,rxn502c____EMOL17362509____EMOL49259969____EMOL50155899,73827-1,452,运行/运行/ATP-VSW/ATP-VSW-DOCK_HTVS_1-003_lib/ATP-VSW-DOCK_HTVS_1-003_lib.mae,CN(Cc1sc2ccccc2c1NCc1ccc(C[NH+](C)C)cc1)C(=O)C[C@@H](C#N)c1ccccc1,CN(Cc1sc2ccccc2c1NCc1ccc(C[NH+](C)C)cc1)C(=O)CC(C#N)c1ccccc1,O=C(CCc1ccccc1)NCc1sc2ccccc2c1NCc1ccccc1,C30H33N4OS+,1.0,36.0,69.0,1.0,14f826d9a78c444a402bd3f530dfefb9a8ce0074fdfe50383cceccac12ac43f4,-3.90428610347139,-59.9718077762706,-0.108452391763094,4,4,4,matched,complete
ATP-HTVS-CB3D9B3FDDC1,36449,m_2708bba____23824234____12219706,36449-3,9,运行/运行/ATP-VSW/ATP-VSW-DOCK_HTVS_1-001_lib/ATP-VSW-DOCK_HTVS_1-001_lib,C[C@@H](NC(=O)NC[C@@H]1c2ccccc2C(=O)N1Cc1ccccc1)c1ccc(C[NH+](C)C)cc1,CC(NC(=O)NCC1c2ccccc2C(=O)N1Cc1ccccc1)c1ccc(C[NH+](C)C)cc1,O=C(NCc1ccccc1)NCC1c2ccccc2C(=O)N1Cc1ccccc1,C28H33N4O2+,1.0,34.0,67.0,1.0,c57c7bd0300afcd248b4d348e59c8f48cf58d34c5954942e8690331db50eb68d,-6.14683554395361,-72.2598374868886,-0.180789280704518,8,8,8,matched,complete
ATP-HTVS-CB3E61D945F3,58177,m_282030aaa____21933634____22360182____21940840,58177-1,77,运行/运行/ATP-VSW/ATP-VSW-DOCK_HTVS_1-001_lib/ATP-VSW-DOCK_HTVS_1-001_lib,CN(Cc1ccc(C[NH+](C)C)cc1)c1nc(NCc2cc(N)ccc2Cl)[nH+]c2ccccc12,CN(Cc1ccc(C[NH+](C)C)cc1)c1nc(NCc2cc(N)ccc2Cl)[nH+]c2ccccc12,c1ccc(CNc2nc(NCc3ccccc3)c3ccccc3[nH+]2)cc1,C26H31ClN6+2,2.0,33.0,64.0,1.0,7709f7a935dfbb7944cf6c9cd7f36ac53bcaea1d9654c2ef65f45d74c29e6084,-5.11977045755017,-65.689071032938,-0.155144559319702,2,2,2,matched,complete
ATP-HTVS-CB568D2EE5B9,70083,rxn512b____EMOL24630243____EMOL719673____EMOL2873214,70083-1,271,运行/运行/ATP-VSW/ATP-VSW-DOCK_HTVS_1-003_lib/ATP-VSW-DOCK_HTVS_1-003_lib.mae,CN(C(=O)c1[nH]c2ccccc2c1NCc1cccc(C[NH+](C)C)c1)[C@@H](C#N)c1ccccc1,CN(C(=O)c1[nH]c2ccccc2c1NCc1cccc(C[NH+](C)C)c1)C(C#N)c1ccccc1,O=C(NCc1ccccc1)c1[nH]c2ccccc2c1NCc1ccccc1,C28H30N5O+,1.0,34.0,64.0,1.0,16c4ac53b4e298a7bf383a31046080d1198789f7519cb718d8771bcda2f4f18f,-4.44396008836852,-48.1600848193618,-0.130704708481427,4,4,4,matched,complete
ATP-HTVS-CBC473663EF6,80195,rxn102c____EMOL3728737____EMOL6185419,80195-3,1104,运行/运行/ATP-VSW/ATP-VSW-DOCK_HTVS_1-003_lib/ATP-VSW-DOCK_HTVS_1-003_lib.mae,CN(C)[C@H](C#N)c1ccccc1N1CC(=O)Nc2ccccc2[C@H]1c1ccccc1,CN(C)C(C#N)c1ccccc1N1CC(=O)Nc2ccccc2C1c1ccccc1,O=C1CN(c2ccccc2)C(c2ccccc2)c2ccccc2N1,C25H24N4O,0.0,30.0,54.0,1.0,582e4b5426a7625fd48056ceaf6213f1f5dcf155c63f82d463047aa217804632,-2.14068046674945,-38.2578923539924,-0.0713560155583149,8,8,8,matched,complete
ATP-HTVS-CBCD19AD9C21,69538,rxn502b____EMOL299976369____EMOL13728749____EMOL50155899,69538-3,201,运行/运行/ATP-VSW/ATP-VSW-DOCK_HTVS_1-002_lib.maegz,C[NH+](C)Cc1ccc(CNc2c[nH+]c3ccccc3c2NC(=O)[C@](C)(O)c2ccccc2)cc1,C[NH+](C)Cc1ccc(CNc2c[nH+]c3ccccc3c2NC(=O)C(C)(O)c2ccccc2)cc1,O=C(Cc1ccccc1)Nc1c(NCc2ccccc2)c[nH+]c2ccccc12,C28H32N4O2+2,2.0,34.0,66.0,1.0,dd744c07caf8a0ce12ba259d53cff793a36d15d90e93d57f198ab13a0c4a8d02,-4.67336178707906,-70.4039679321124,-0.137451817267031,6,6,6,matched,complete
ATP-HTVS-CC01DAB978DA,59971,m_2230bdc____14772912____665832,59971-1,1416,运行/运行/ATP-VSW/ATP-VSW-DOCK_HTVS_1-003_lib/ATP-VSW-DOCK_HTVS_1-003_lib.mae,O=C1CN(Cc2cccc(F)c2F)[C@@H](c2ccccc2F)c2cc(Cl)ccc2N1,O=C1CN(Cc2cccc(F)c2F)C(c2ccccc2F)c2cc(Cl)ccc2N1,O=C1CN(Cc2ccccc2)C(c2ccccc2)c2ccccc2N1,C22H16ClF3N2O,0.0,29.0,45.0,1.0,c2297a332ffb92f4602a99677dc581b21c618973d6fed20762ba882b160d0daf,-0.748416709305098,-34.4951005705949,-0.0258074727346585,2,2,2,matched,complete
ATP-HTVS-CC453EE4B1F8,68963,rxn502b____EMOL530620____EMOL13728749____EMOL50155899,68963-1,502,运行/运行/ATP-VSW/ATP-VSW-DOCK_HTVS_1-003_lib/ATP-VSW-DOCK_HTVS_1-003_lib.mae,C[NH+](C)Cc1ccc(CNc2cnc3ccccc3c2NC(=O)Cc2ccccc2)cc1,C[NH+](C)Cc1ccc(CNc2cnc3ccccc3c2NC(=O)Cc2ccccc2)cc1,O=C(Cc1ccccc1)Nc1c(NCc2ccccc2)cnc2ccccc12,C27H29N4O+,1.0,32.0,61.0,1.0,900ced78b7416487a38b9732f0f67d6713b585ae9907e122ffa8c7bda5f7af95,-3.79631961051079,-52.4843679103678,-0.118634987828462,3,3,3,matched,complete
ATP-HTVS-CC5603E93E79,80513,rxn501c____EMOL5415347____EMOL36251210____EMOL44813384,80513-1,728,运行/运行/ATP-VSW/ATP-VSW-DOCK_HTVS_1-001_lib/ATP-VSW-DOCK_HTVS_1-001_lib,Cc1ccc(N)cc1-c1ccnc(NC(=O)c2ccccc2C[NH+](C)C)c1C(=O)c1ccccc1,Cc1ccc(N)cc1-c1ccnc(NC(=O)c2ccccc2C[NH+](C)C)c1C(=O)c1ccccc1,O=C(Nc1nccc(-c2ccccc2)c1C(=O)c1ccccc1)c1ccccc1,C29H29N4O2+,1.0,35.0,64.0,1.0,8970204e0c299bb905c34cccb1e01b50f70caf17ce17b60863ec5aeea71dd1f9,-3.24559475660891,-51.8530416109762,-0.0927312787602547,2,2,2,matched,complete
ATP-HTVS-CC671C1EED81,79682,rxn502b____EMOL44385606____EMOL4363915____EMOL2873214,79682-3,545,运行/运行/ATP-VSW/ATP-VSW-DOCK_HTVS_1-002_lib.maegz,C[NH+](C)Cc1cccc(CNc2cnc(NC(=O)c3cccc(F)c3C#N)c(-n3cccc3)c2)c1,C[NH+](C)Cc1cccc(CNc2cnc(NC(=O)c3cccc(F)c3C#N)c(-n3cccc3)c2)c1,O=C(Nc1ncc(NCc2ccccc2)cc1-n1cccc1)c1ccccc1,C27H26FN6O+,1.0,35.0,61.0,1.0,a843713f72246b62ee717ada17a9adf5bb1012c3595add7fb62878f566c44a7e,-3.71821758572312,-66.4908827964015,-0.106234788163518,1,1,1,matched,complete
ATP-HTVS-CC7A8C42BA33,30369,m_270004bbb____12219716____16529394,30369-1,60,运行/运行/ATP-VSW/ATP-VSW-DOCK_HTVS_1-001_lib/ATP-VSW-DOCK_HTVS_1-001_lib,COc1cccc(C[NH2+]C[C@H]2c3ccccc3C(=O)N2Cc2ccccc2)c1C,COc1cccc(C[NH2+]CC2c3ccccc3C(=O)N2Cc2ccccc2)c1C,O=C1c2ccccc2C(C[NH2+]Cc2ccccc2)N1Cc1ccccc1,C25H27N2O2+,1.0,29.0,56.0,1.0,d709088a66d91ff5c278f8e2af9e7ef17f18452404584b20c769ec144e15f3e4,-5.20679757905425,-59.2089516762757,-0.179544744105319,4,4,4,matched,complete
ATP-HTVS-CC7F9EDA8956,76001,rxn502b____EMOL512495____EMOL30488121____EMOL36790511,76001-2,651,运行/运行/ATP-VSW/ATP-VSW-DOCK_HTVS_1-001_lib/ATP-VSW-DOCK_HTVS_1-001_lib,C[C@@H](C#N)N(c1ccccc1)c1c(NC(=O)Cc2ccc(F)cc2)cnc2ccccc12,CC(C#N)N(c1ccccc1)c1c(NC(=O)Cc2ccc(F)cc2)cnc2ccccc12,O=C(Cc1ccccc1)Nc1cnc2ccccc2c1Nc1ccccc1,C26H21FN4O,0.0,32.0,53.0,1.0,4c19f7b96729120e575586545163fd76c152cc764d2edeab3f1682a6f07e225e,-3.44713850604227,-43.5308012489978,-0.107723078313821,2,2,2,matched,complete
ATP-HTVS-CC86D79AEE13,84610,rxn101____EMOL108753642____EMOL587032,84610-1,612,运行/运行/ATP-VSW/ATP-VSW-DOCK_HTVS_1-002_lib.maegz,CC(C)Nc1ccccc1NC(=O)Cn1nc(-c2ccccc2)c2ccccc2c1=O,CC(C)Nc1ccccc1NC(=O)Cn1nc(-c2ccccc2)c2ccccc2c1=O,O=C(Cn1nc(-c2ccccc2)c2ccccc2c1=O)Nc1ccccc1,C25H24N4O2,0.0,31.0,55.0,1.0,0aa119ac430791f359080a19b3ad04f90e29096e249702c21a673472ed01b3ec,-3.53810568119934,-43.8466519908911,-0.114132441329011,2,2,2,matched,complete
ATP-HTVS-CCF7E888A475,26563,m_270004bbb____12219716____7547104,26563-1,169,运行/运行/ATP-VSW/ATP-VSW-DOCK_HTVS_1-003_lib/ATP-VSW-DOCK_HTVS_1-003_lib.mae,Cc1ccc(C)c(C[NH2+]C[C@H]2c3ccccc3C(=O)N2Cc2ccccc2)c1,Cc1ccc(C)c(C[NH2+]CC2c3ccccc3C(=O)N2Cc2ccccc2)c1,O=C1c2ccccc2C(C[NH2+]Cc2ccccc2)N1Cc1ccccc1,C25H27N2O+,1.0,28.0,55.0,1.0,96b2d1eefd791bbfc2303b488eb9e35f7fdbf1a7b8a4d353baa452a7a5c9f2ef,-4.78282286595245,-54.7279498747133,-0.170815102355445,1,1,1,matched,complete
ATP-HTVS-CD22DC9E9474,28033,m_270004bbb____24792668____7548982,28033-3,393,运行/运行/ATP-VSW/ATP-VSW-DOCK_HTVS_1-001_lib/ATP-VSW-DOCK_HTVS_1-001_lib,CN(C)Cc1cc(F)ccc1C[NH2+]Cc1csc(-c2ccc(C(F)(F)F)cc2)n1,CN(C)Cc1cc(F)ccc1C[NH2+]Cc1csc(-c2ccc(C(F)(F)F)cc2)n1,c1ccc(C[NH2+]Cc2csc(-c3ccccc3)n2)cc1,C21H22F4N3S+,1.0,29.0,51.0,1.0,abc1ebfbca845d703f1af0efd7e556b60d8ddccee867ce5b8193ca323af96f2d,-4.0707600408721,-63.5573878602116,-0.140371035892141,1,1,1,matched,complete
ATP-HTVS-CD3E1774443F,28194,m_282030aaa____21931282____22360182____21945542,28194-2,1352,运行/运行/ATP-VSW/ATP-VSW-DOCK_HTVS_1-002_lib.maegz,CN(C)Cc1ccc(CNc2nc(NCc3ccc(Cl)cc3)[nH+]c3ccccc23)cc1,CN(C)Cc1ccc(CNc2nc(NCc3ccc(Cl)cc3)[nH+]c3ccccc23)cc1,c1ccc(CNc2nc(NCc3ccccc3)c3ccccc3[nH+]2)cc1,C25H27ClN5+,1.0,31.0,58.0,1.0,993a7b75a6e8d9513dc996de6ba60c34a01ca98cb8f5d642e8fb9effb42524d8,-1.21657362244702,-43.8905912271063,-0.0392443104015168,1,1,1,matched,complete
ATP-HTVS-CD664E950D6F,34817,m_270004bbb____13774140____7548060,34817-3,812,运行/运行/ATP-VSW/ATP-VSW-DOCK_HTVS_1-001_lib/ATP-VSW-DOCK_HTVS_1-001_lib,C[NH+](C)Cc1ccc(CNCc2cn(Cc3ccccc3)nc2-c2ccccc2)s1,C[NH+](C)Cc1ccc(CNCc2cn(Cc3ccccc3)nc2-c2ccccc2)s1,c1ccc(Cn2cc(CNCc3cccs3)c(-c3ccccc3)n2)cc1,C25H29N4S+,1.0,30.0,59.0,1.0,fc5ef0fdfa2c22555b95cfb05723ae3edacdb557bc4760caff5401a7dfcf78ad,-2.96165827463395,-61.7685529290985,-0.0987219424877985,1,1,1,matched,complete
ATP-HTVS-CD6AA4CFEADB,78050,rxn502b____EMOL5415347____EMOL13728749____EMOL37358567,78050-1,569,运行/运行/ATP-VSW/ATP-VSW-DOCK_HTVS_1-002_lib.maegz,C[NH+](C)Cc1ccccc1C(=O)Nc1c(N(CC#N)Cc2cccc(Cl)c2)cnc2ccccc12,C[NH+](C)Cc1ccccc1C(=O)Nc1c(N(CC#N)Cc2cccc(Cl)c2)cnc2ccccc12,O=C(Nc1c(NCc2ccccc2)cnc2ccccc12)c1ccccc1,C28H27ClN5O+,1.0,35.0,62.0,1.0,5eb0dabc131b8168ce1f9aa18d79668213b065dd7ad38d319614465547b1545e,-3.6662971730648,-50.1337250869312,-0.104751347801852,3,3,3,matched,complete
ATP-HTVS-CD84540442E8,70081,rxn502b____EMOL1836734____EMOL13728749____EMOL2873214,70081-3,1222,运行/运行/ATP-VSW/ATP-VSW-DOCK_HTVS_1-001_lib/ATP-VSW-DOCK_HTVS_1-001_lib,C[C@@H](C(=O)Nc1c(NCc2cccc(CN(C)C)c2)cnc2ccccc12)c1ccccc1Cl,CC(C(=O)Nc1c(NCc2cccc(CN(C)C)c2)cnc2ccccc12)c1ccccc1Cl,O=C(Cc1ccccc1)Nc1c(NCc2ccccc2)cnc2ccccc12,C28H29ClN4O,0.0,34.0,63.0,1.0,7a4f10bfc3ea9cf4c9f7740800cc40e685d857ae9d0bbf8c747bf5b21bcc11f7,-1.80982414018258,-47.4090660294643,-0.0532301217700758,1,1,1,matched,complete
ATP-HTVS-CDA0FA66D084,72961,rxn502b____EMOL882167____EMOL7515103____EMOL324170366,72961-2,532,运行/运行/ATP-VSW/ATP-VSW-DOCK_HTVS_1-001_lib/ATP-VSW-DOCK_HTVS_1-001_lib,CC(C)(C(=O)Nc1[nH+]cc(NCc2ccc(NCCO)cc2)c2ccccc12)c1ccccc1,CC(C)(C(=O)Nc1[nH+]cc(NCc2ccc(NCCO)cc2)c2ccccc12)c1ccccc1,O=C(Cc1ccccc1)Nc1[nH+]cc(NCc2ccccc2)c2ccccc12,C28H31N4O2+,1.0,34.0,65.0,1.0,ca6096f41c142c0525b2a2b2afbe46dd114ca8bb6d13ead807ec38e29dbc611c,-3.76343356077996,-59.3438735640345,-0.110689222375881,2,2,2,matched,complete
ATP-HTVS-CDB030173D15,66242,m_207bea____9164602____134021,66242-8,659,运行/运行/ATP-VSW/ATP-VSW-DOCK_HTVS_1-002_lib.maegz,Cc1ccccc1[C@@H]([C@H](C)NCc1cn(-c2ccccc2)nc1-c1ccc([N+](=O)[O-])cc1)[NH+](C)C,Cc1ccccc1C(C(C)NCc1cn(-c2ccccc2)nc1-c1ccc([N+](=O)[O-])cc1)[NH+](C)C,c1ccc(CCNCc2cn(-c3ccccc3)nc2-c2ccccc2)cc1,C28H32N5O2+,1.0,35.0,67.0,1.0,b822b1703509dde000bf8d08707677c727605993f236cf697899eafed503c771,-3.41617352779804,-52.2679139056019,-0.0976049579370867,4,4,4,matched,complete
ATP-HTVS-CDFFE8C73978,78019,rxn502b____EMOL521529____EMOL44466703____EMOL712348,78019-1,293,运行/运行/ATP-VSW/ATP-VSW-DOCK_HTVS_1-003_lib/ATP-VSW-DOCK_HTVS_1-003_lib.mae,N#CCN(c1ccccc1)c1cc2ccccc2nc1NC(=O)Cc1ccc(O)cc1,N#CCN(c1ccccc1)c1cc2ccccc2nc1NC(=O)Cc1ccc(O)cc1,O=C(Cc1ccccc1)Nc1nc2ccccc2cc1Nc1ccccc1,C25H20N4O2,0.0,31.0,51.0,1.0,12f6ba968dccc2c93ca1ca68a5e7d5e3aa2fb550b332095ab87221f47d078a16,-4.36252175128327,-53.245219747588,-0.140726508105912,1,1,1,matched,complete
ATP-HTVS-CE0C62FD8EFC,70435,rxn207____EMOL11537876____EMOL6185419,70435-3,998,运行/运行/ATP-VSW/ATP-VSW-DOCK_HTVS_1-003_lib/ATP-VSW-DOCK_HTVS_1-003_lib.mae,CNc1ccc([C@H](C)N2CC(=O)Nc3ccccc3[C@H]2c2ccccc2)cc1,CNc1ccc(C(C)N2CC(=O)Nc3ccccc3C2c2ccccc2)cc1,O=C1CN(Cc2ccccc2)C(c2ccccc2)c2ccccc2N1,C24H25N3O,0.0,28.0,53.0,1.0,071cac7ce81bf45fb26915ea9e275e59843264770fb74de08538418426409b9c,-2.39527106590892,-34.6736942279638,-0.085545395211033,8,8,8,matched,complete
ATP-HTVS-CE22382A0684,74817,rxn502b____EMOL527437____EMOL7515103____EMOL712348,74817-1,656,运行/运行/ATP-VSW/ATP-VSW-DOCK_HTVS_1-001_lib/ATP-VSW-DOCK_HTVS_1-001_lib,N#CCN(c1ccccc1)c1cnc(NC(=O)Cc2ccc([S-])cc2)c2ccccc12,N#CCN(c1ccccc1)c1cnc(NC(=O)Cc2ccc([S-])cc2)c2ccccc12,O=C(Cc1ccccc1)Nc1ncc(Nc2ccccc2)c2ccccc12,C25H19N4OS-,-1.0,31.0,50.0,1.0,307fa0470724a8d817eee19a45051e44d50ab6d41e2e33c951f97dce95f4e067,-3.43201661646533,-38.8046891350615,-0.110710213434365,1,1,1,matched,complete
ATP-HTVS-CE83EECF0A09,37763,m_270004bbb____24551606____24720860,37763-1,83,运行/运行/ATP-VSW/ATP-VSW-DOCK_HTVS_1-003_lib/ATP-VSW-DOCK_HTVS_1-003_lib.mae,O[C@@H](CNCc1nc2ccccc2n1Cc1ccccc1)c1ccc(Br)cc1,OC(CNCc1nc2ccccc2n1Cc1ccccc1)c1ccc(Br)cc1,c1ccc(CCNCc2nc3ccccc3n2Cc2ccccc2)cc1,C23H22BrN3O,0.0,28.0,50.0,1.0,8b50be42aa00280df4111e1dcd31e0e1ce6c201bfa10d65730bc4cb7624e4c06,-5.2437526469637,-56.1035947653896,-0.187276880248704,6,6,6,matched,complete
ATP-HTVS-CE85F8224252,69185,rxn207____EMOL36800188____EMOL50155899,69185-12,765,运行/运行/ATP-VSW/ATP-VSW-DOCK_HTVS_1-001_lib/ATP-VSW-DOCK_HTVS_1-001_lib,Cc1ccn2c([C@@H](CSc3ccccc3)[NH2+]Cc3ccc(CN(C)C)cc3)c(C)nc2c1,Cc1ccn2c(C(CSc3ccccc3)[NH2+]Cc3ccc(CN(C)C)cc3)c(C)nc2c1,c1ccc(C[NH2+]C(CSc2ccccc2)c2cnc3ccccn23)cc1,C27H33N4S+,1.0,32.0,65.0,1.0,dcfe7d5a532a59d2d4d14c8c149b1f53dce0a7cd57ef1e82a9721a49234aad1d,-3.11993802242903,-72.3079943638895,-0.0974980632009073,1,1,1,matched,complete
ATP-HTVS-CEA6734F7F3C,98242,rxn318____EMOL2873214____EMOL478180____EMOL476827,98242-1,331,运行/运行/ATP-VSW/ATP-VSW-DOCK_HTVS_1-003_lib/ATP-VSW-DOCK_HTVS_1-003_lib.mae,C[NH+](C)Cc1cccc(Cn2c(-c3ccccc3)nc3cccc(F)c3c2=O)c1,C[NH+](C)Cc1cccc(Cn2c(-c3ccccc3)nc3cccc(F)c3c2=O)c1,O=c1c2ccccc2nc(-c2ccccc2)n1Cc1ccccc1,C24H23FN3O+,1.0,29.0,52.0,1.0,fbb1b5dff4f46347fe49052cb884d628d58e0cd3b61b0e883331067d76ee0e0d,-4.2522223659495,-49.033218105006,-0.146628357446535,2,2,2,matched,complete
ATP-HTVS-CEB5A32F933D,98433,rxn512b____EMOL32441547____EMOL476131____EMOL17406302,98433-1,464,运行/运行/ATP-VSW/ATP-VSW-DOCK_HTVS_1-002_lib.maegz,CCNc1ccc(F)cc1NC(=O)CN1c2ccccc2CC(=O)c2ccccc21,CCNc1ccc(F)cc1NC(=O)CN1c2ccccc2CC(=O)c2ccccc21,O=C(CN1c2ccccc2CC(=O)c2ccccc21)Nc1ccccc1,C24H22FN3O2,0.0,30.0,52.0,1.0,1558de96c7ad97a3170d08e03ea81d5ca9ed864c049b46faf503bd9a09c35a31,-3.92654421518424,-35.5181795321481,-0.130884807172808,2,2,2,matched,complete
ATP-HTVS-CEC01CDE00B1,94818,rxn505a____EMOL5415347____EMOL313123100____EMOL49780033,94818-2,970,运行/运行/ATP-VSW/ATP-VSW-DOCK_HTVS_1-003_lib/ATP-VSW-DOCK_HTVS_1-003_lib.mae,CN(C)Cc1ccccc1C(=O)Nc1ncc(C#Cc2ccccc2NN)nc1-c1ccccc1,CN(C)Cc1ccccc1C(=O)Nc1ncc(C#Cc2ccccc2NN)nc1-c1ccccc1,O=C(Nc1ncc(C#Cc2ccccc2)nc1-c1ccccc1)c1ccccc1,C28H26N6O,0.0,35.0,61.0,1.0,1983297ab133140472cd3107f6deaaa6f3c814a0298c77318af97af3679836c6,-2.47877349878223,-45.3261663544708,-0.0708220999652065,1,1,1,matched,complete
ATP-HTVS-CED8BA7CA394,18338,a4____43299____222282,18338-1,165,运行/运行/ATP-VSW/ATP-VSW-DOCK_HTVS_1-002_lib.maegz,C[NH+](C)Cc1cc(CNc2nccnc2OCc2ccccc2)ccc1O,C[NH+](C)Cc1cc(CNc2nccnc2OCc2ccccc2)ccc1O,c1ccc(CNc2nccnc2OCc2ccccc2)cc1,C21H25N4O2+,1.0,27.0,52.0,1.0,ad4904477754781442d9a4fa427da04d13af5e28c8ada6d80ac3674c41bb02d2,-4.81695529199606,-58.0469010416773,-0.17840575155541,2,2,2,matched,complete
ATP-HTVS-CEDCE5F1BEB7,20034,WXDL_15E____QS5063____LN00244457____BT0555,20034-1,3,运行/运行/ATP-VSW/ATP-VSW-DOCK_HTVS_1-002_lib.maegz,C[NH+](C)Cc1ccc(C[NH2+]Cc2ccc(-c3ccc(O)cc3)nc2)cc1,C[NH+](C)Cc1ccc(C[NH2+]Cc2ccc(-c3ccc(O)cc3)nc2)cc1,c1ccc(C[NH2+]Cc2ccc(-c3ccccc3)nc2)cc1,C22H27N3O+2,2.0,26.0,53.0,1.0,767480049c9203543d78e208928f99945ebba7fa1f2cb522acb0fd62d20d7031,-6.66143670294278,-75.0111691161288,-0.256209103959338,4,4,4,matched,complete
ATP-HTVS-CEF12CE4FD32,29538,m_2230bdc____17626620____17756524,29538-2,1075,运行/运行/ATP-VSW/ATP-VSW-DOCK_HTVS_1-002_lib.maegz,Cc1cccc(C#CCN2CC(=O)Nc3ccc(Br)cc3[C@@H]2c2ccccc2)c1,Cc1cccc(C#CCN2CC(=O)Nc3ccc(Br)cc3C2c2ccccc2)c1,O=C1CN(CC#Cc2ccccc2)C(c2ccccc2)c2ccccc2N1,C25H21BrN2O,0.0,29.0,50.0,1.0,84884479b35e7982ce0ea86eb6db3f518978c9905c8063de4dce381e7cc73b7b,-2.24834136114208,-36.3876794322915,-0.0775290124531752,1,1,1,matched,complete
ATP-HTVS-CF29C556AE01,40739,m_2230bdc____17849930____8678234,40739-1,1156,运行/运行/ATP-VSW/ATP-VSW-DOCK_HTVS_1-003_lib/ATP-VSW-DOCK_HTVS_1-003_lib.mae,COc1ccc(CN2CC(=O)Nc3ccccc3[C@H]2c2ccccc2)cc1,COc1ccc(CN2CC(=O)Nc3ccccc3C2c2ccccc2)cc1,O=C1CN(Cc2ccccc2)C(c2ccccc2)c2ccccc2N1,C23H22N2O2,0.0,27.0,49.0,1.0,d35bfb2a4db0895c069be685db84e72aaaba11c156e08ae66f996bb6105fc460,-2.00586969933456,-32.3396433842273,-0.0742914703457244,2,2,2,matched,complete
ATP-HTVS-CF9A421CD50D,33410,m_282030aaa____21931854____22360182____21968946,33410-4,1372,运行/运行/ATP-VSW/ATP-VSW-DOCK_HTVS_1-002_lib.maegz,C[C@H](Nc1nc(NCc2ccc(F)c(CN(C)C)c2)c2ccccc2[nH+]1)c1ccccc1F,CC(Nc1nc(NCc2ccc(F)c(CN(C)C)c2)c2ccccc2[nH+]1)c1ccccc1F,c1ccc(CNc2nc(NCc3ccccc3)c3ccccc3[nH+]2)cc1,C26H28F2N5+,1.0,33.0,61.0,1.0,f8c56afff9c4448ac8486e10027c794dea141925bcfeedfcede77a1060152170,-1.05740362215688,-36.2855250187447,-0.032042534004754,1,1,1,matched,complete
ATP-HTVS-CFB2EA2F52FD,81570,rxn502b____EMOL44690203____EMOL44466703____EMOL44153840,81570-2,1011,运行/运行/ATP-VSW/ATP-VSW-DOCK_HTVS_1-002_lib.maegz,CCN(CC)Cc1cccc(CNc2cc3ccccc3nc2NC(=O)Cc2ccc(F)c(C#N)c2)c1,CCN(CC)Cc1cccc(CNc2cc3ccccc3nc2NC(=O)Cc2ccc(F)c(C#N)c2)c1,O=C(Cc1ccccc1)Nc1nc2ccccc2cc1NCc1ccccc1,C30H30FN5O,0.0,37.0,67.0,1.0,a3c06eff612f35e15854d8d5e834af2991ca14a0bfe2121712d38bf08616b511,-2.42071655020174,-60.0480148280577,-0.0654247716270742,1,1,1,matched,complete
ATP-HTVS-D0257FD59117,53153,m_282030aaa____21930070____22360182____21940840,53153-1,407,运行/运行/ATP-VSW/ATP-VSW-DOCK_HTVS_1-001_lib/ATP-VSW-DOCK_HTVS_1-001_lib,CC[N@@H+](C)Cc1cccc(CNc2nc(NCc3cc(N)ccc3Cl)c3ccccc3[nH+]2)c1,CC[NH+](C)Cc1cccc(CNc2nc(NCc3cc(N)ccc3Cl)c3ccccc3[nH+]2)c1,c1ccc(CNc2nc(NCc3ccccc3)c3ccccc3[nH+]2)cc1,C26H31ClN6+2,2.0,33.0,64.0,1.0,3d22507352c40f7b48267f5d2234b0bc5e997ca49034c5465b8bce595be3c993,-4.03161320793368,-53.5136222774622,-0.122170097210112,4,4,4,matched,complete
ATP-HTVS-D02CBBC5B48D,78915,rxn512b____EMOL108753642____EMOL476131____EMOL42652158,78915-1,330,运行/运行/ATP-VSW/ATP-VSW-DOCK_HTVS_1-003_lib/ATP-VSW-DOCK_HTVS_1-003_lib.mae,CC(C)Nc1ccccc1NC(=O)Cn1c(-c2ccccc2)cc(=O)c2cc(F)ccc21,CC(C)Nc1ccccc1NC(=O)Cn1c(-c2ccccc2)cc(=O)c2cc(F)ccc21,O=C(Cn1c(-c2ccccc2)cc(=O)c2ccccc21)Nc1ccccc1,C26H24FN3O2,0.0,32.0,56.0,1.0,98bd5667dfd36c34f8862ff2c145672f0044f05e29a584e051fbb72f2e3e8322,-4.25313707773474,-47.8632620094564,-0.132910533679211,2,2,2,matched,complete
ATP-HTVS-D0CA976BC689,29859,m_282030aaa____21898562____22360182____21967972,29859-1,84,运行/运行/ATP-VSW/ATP-VSW-DOCK_HTVS_1-003_lib/ATP-VSW-DOCK_HTVS_1-003_lib.mae,C[NH+](C)Cc1ccc(CCNc2nc(NCc3ccc(C#N)c(Cl)c3)[nH+]c3ccccc23)cc1,C[NH+](C)Cc1ccc(CCNc2nc(NCc3ccc(C#N)c(Cl)c3)[nH+]c3ccccc23)cc1,c1ccc(CCNc2nc(NCc3ccccc3)[nH+]c3ccccc23)cc1,C27H29ClN6+2,2.0,34.0,63.0,1.0,90e06488c8c47d34635f021ff8bdac68438d4846bf0e3c32dfc07370767d9d89,-5.23766327600711,-63.8215030901103,-0.154048919882562,3,3,3,matched,complete
ATP-HTVS-D0D9A6B890A3,89250,rxn514b____EMOL480996____EMOL36751001____EMOL2732950,89250-1,267,运行/运行/ATP-VSW/ATP-VSW-DOCK_HTVS_1-002_lib.maegz,CN(Cc1ccccc1)C(=O)c1cnccc1Nc1ccc(C[NH+](C)C)cc1,CN(Cc1ccccc1)C(=O)c1cnccc1Nc1ccc(C[NH+](C)C)cc1,O=C(NCc1ccccc1)c1cnccc1Nc1ccccc1,C23H27N4O+,1.0,28.0,55.0,1.0,dc64d3173a13e9895a8d2deeae5ccddff5f6cf489319ff10c73dbb302c23497a,-4.47491828141522,-56.2998586942285,-0.159818510050544,3,3,3,matched,complete
ATP-HTVS-D102EB8CAB11,61025,m_2708bba____10812878____23885712,61025-1,209,运行/运行/ATP-VSW/ATP-VSW-DOCK_HTVS_1-001_lib/ATP-VSW-DOCK_HTVS_1-001_lib,C[NH+](C)Cc1cc(F)ccc1CNC(=O)N[C@H](Cc1ccccc1)c1nc2ccccc2s1,C[NH+](C)Cc1cc(F)ccc1CNC(=O)NC(Cc1ccccc1)c1nc2ccccc2s1,O=C(NCc1ccccc1)NC(Cc1ccccc1)c1nc2ccccc2s1,C26H28FN4OS+,1.0,33.0,61.0,1.0,26a49df2ebb828d956d3207c73d9f184f93867b6226e97e5e84da88c5abb4731,-4.5956258992815,-54.5740789056748,-0.139261390887318,2,2,2,matched,complete
ATP-HTVS-D1462A8BE621,82146,rxn503b____EMOL495084____EMOL13728749____EMOL1197208,82146-2,12,运行/运行/ATP-VSW/ATP-VSW-DOCK_HTVS_1-002_lib.maegz,O=C(Nc1c(C#CC[NH2+]Cc2ccccc2)cnc2ccccc12)c1cc(F)cc(F)c1,O=C(Nc1c(C#CC[NH2+]Cc2ccccc2)cnc2ccccc12)c1cc(F)cc(F)c1,O=C(Nc1c(C#CC[NH2+]Cc2ccccc2)cnc2ccccc12)c1ccccc1,C26H20F2N3O+,1.0,32.0,52.0,1.0,54ab8e7ba74d1137959f7ad5d7ac279dc2b605a3eabf65d7f157716d3aa55cb7,-6.20349380011338,-81.3678391834086,-0.193859181253543,1,1,1,matched,complete
ATP-HTVS-D18D68753065,80611,rxn503b____EMOL299973501____EMOL7515103____EMOL317509298,80611-8,122,运行/运行/ATP-VSW/ATP-VSW-DOCK_HTVS_1-003_lib/ATP-VSW-DOCK_HTVS_1-003_lib.mae,C[C@H]([NH2+]CC#Cc1cnc(NC(=O)[C@@H](O)c2cccc(Cl)c2)c2ccccc12)c1ccccc1F,CC([NH2+]CC#Cc1cnc(NC(=O)C(O)c2cccc(Cl)c2)c2ccccc12)c1ccccc1F,O=C(Cc1ccccc1)Nc1ncc(C#CC[NH2+]Cc2ccccc2)c2ccccc12,C28H24ClFN3O2+,1.0,35.0,59.0,1.0,bfbdcf49aa3600c45a150f0f90d090780f69b5f940a08bbbecc5daf66cd0cfa5,-5.00335048544487,-67.4944936694677,-0.142952871012711,2,2,2,matched,complete
ATP-HTVS-D190FC844C9E,99170,rxn514b____EMOL483896____EMOL39928332____EMOL2732950,99170-1,57,运行/运行/ATP-VSW/ATP-VSW-DOCK_HTVS_1-003_lib/ATP-VSW-DOCK_HTVS_1-003_lib.mae,C[NH+](C)Cc1ccc(Nc2ccnc(C(=O)N(CCO)c3ccccc3)c2)cc1,C[NH+](C)Cc1ccc(Nc2ccnc(C(=O)N(CCO)c3ccccc3)c2)cc1,O=C(Nc1ccccc1)c1cc(Nc2ccccc2)ccn1,C23H27N4O2+,1.0,29.0,56.0,1.0,9e303599384f0283dc424cd5850d91fba1fddb64e997a4736e4a1a318c98f20b,-5.42546207840677,-59.9947694059387,-0.187084899255406,3,3,3,matched,complete
ATP-HTVS-D1A5509321EA,16609,a4____239806____55126,16609-3,986,运行/运行/ATP-VSW/ATP-VSW-DOCK_HTVS_1-001_lib/ATP-VSW-DOCK_HTVS_1-001_lib,COc1cc(CNc2cc(-c3ccccc3)nc3ccccc23)cc(CN(C)C)c1O,COc1cc(CNc2cc(-c3ccccc3)nc3ccccc23)cc(CN(C)C)c1O,c1ccc(CNc2cc(-c3ccccc3)nc3ccccc23)cc1,C26H27N3O2,0.0,31.0,58.0,1.0,08a3cefdf7e0cb6ccf7b6474aa0d71e497af121eb7eed12ff83df42833fc9c19,-2.4792369401016,-41.4213046189331,-0.0799753851645678,2,2,2,matched,complete
ATP-HTVS-D1F1286C5AB6,82883,rxn512b____EMOL31531197____EMOL525138____EMOL2873214,82883-1,382,运行/运行/ATP-VSW/ATP-VSW-DOCK_HTVS_1-003_lib/ATP-VSW-DOCK_HTVS_1-003_lib.mae,Cc1ccc(N(C)C(=O)c2sccc2NCc2cccc(C[NH+](C)C)c2)cc1Cl,Cc1ccc(N(C)C(=O)c2sccc2NCc2cccc(C[NH+](C)C)c2)cc1Cl,O=C(Nc1ccccc1)c1sccc1NCc1ccccc1,C23H27ClN3OS+,1.0,29.0,56.0,1.0,43a7c251cf12b6b8bdd4807f23ed832e4977e5d2009a20cef6d4c0ee1b43d444,-4.08209968594408,-44.1492836333898,-0.140762058136003,1,1,1,matched,complete
ATP-HTVS-D22CA90FC022,53539,m_282030aaa____21906106____22360182____21940090,53539-1,297,运行/运行/ATP-VSW/ATP-VSW-DOCK_HTVS_1-003_lib/ATP-VSW-DOCK_HTVS_1-003_lib.mae,C[NH+](C)Cc1cccc(CNc2nc(NCCc3cccc(C#N)c3)[nH+]c3ccccc23)c1,C[NH+](C)Cc1cccc(CNc2nc(NCCc3cccc(C#N)c3)[nH+]c3ccccc23)c1,c1ccc(CCNc2nc(NCc3ccccc3)c3ccccc3[nH+]2)cc1,C27H30N6+2,2.0,33.0,63.0,1.0,5a34252b199ca5f28312b808d3e542005f804925dd662401b03353e815ccd0ef,-4.35679635618629,-58.6738814520534,-0.132024132005645,3,3,3,matched,complete
ATP-HTVS-D254F911DFD1,51233,m_34bea____17833588____18339488,51233-2,1031,运行/运行/ATP-VSW/ATP-VSW-DOCK_HTVS_1-001_lib/ATP-VSW-DOCK_HTVS_1-001_lib,CN(C)Cc1cccc(Cn2c(=O)n(-c3ccccc3)c3ccccc32)c1,CN(C)Cc1cccc(Cn2c(=O)n(-c3ccccc3)c3ccccc32)c1,O=c1n(Cc2ccccc2)c2ccccc2n1-c1ccccc1,C23H23N3O,0.0,27.0,50.0,1.0,501b34d9d9b0e2df24cd5c7a1ea4347cd199ee01d162e894a97b695ee678f683,-2.35641003399288,-38.4185754711798,-0.0872744457034401,1,1,1,matched,complete
ATP-HTVS-D2D0A1D4326E,73153,rxn502b____EMOL5415347____EMOL44466703____EMOL44390368,73153-1,452,运行/运行/ATP-VSW/ATP-VSW-DOCK_HTVS_1-001_lib/ATP-VSW-DOCK_HTVS_1-001_lib,C[NH+](C)Cc1ccccc1C(=O)Nc1nc2ccccc2cc1N[C@@H](C#N)c1ccccc1,C[NH+](C)Cc1ccccc1C(=O)Nc1nc2ccccc2cc1NC(C#N)c1ccccc1,O=C(Nc1nc2ccccc2cc1NCc1ccccc1)c1ccccc1,C27H26N5O+,1.0,33.0,59.0,1.0,37baabe881a6f503051c4a9c39becd8225c8a0c3d051c29a93f9b97bce580203,-3.92845206483102,-54.6721748890327,-0.119044001964576,4,4,4,matched,complete
ATP-HTVS-D33A0E291F08,23651,m_270004bbb____25289968____7547578,23651-1,111,运行/运行/ATP-VSW/ATP-VSW-DOCK_HTVS_1-003_lib/ATP-VSW-DOCK_HTVS_1-003_lib.mae,Cc1ccccc1-c1nn(-c2ccccc2)cc1C[NH2+]Cc1ccccc1NCCO,Cc1ccccc1-c1nn(-c2ccccc2)cc1C[NH2+]Cc1ccccc1NCCO,c1ccc(C[NH2+]Cc2cn(-c3ccccc3)nc2-c2ccccc2)cc1,C26H29N4O+,1.0,31.0,60.0,1.0,833a405eadfcbe2d5e57d03532ea25478648b6beb8826383cc57c90147c1815f,-5.02808595155106,-63.8699788181224,-0.162196321017776,1,1,1,matched,complete
ATP-HTVS-D35090C63096,84674,rxn503b____EMOL3801098____EMOL30488121____EMOL1197208,84674-1,325,运行/运行/ATP-VSW/ATP-VSW-DOCK_HTVS_1-002_lib.maegz,N#Cc1ccccc1CC(=O)Nc1cnc2ccccc2c1C#CCNCc1ccccc1,N#Cc1ccccc1CC(=O)Nc1cnc2ccccc2c1C#CCNCc1ccccc1,O=C(Cc1ccccc1)Nc1cnc2ccccc2c1C#CCNCc1ccccc1,C28H22N4O,0.0,33.0,55.0,1.0,19a08404ee1e101469b383dfc3dd132923a77c3e7736cf109c868459ba4680fa,-4.31843743575544,-61.127703824249,-0.130861740477438,2,2,2,matched,complete
ATP-HTVS-D35FD22B1728,77186,rxn502b____EMOL497927____EMOL44466703____EMOL50155899,77186-1,654,运行/运行/ATP-VSW/ATP-VSW-DOCK_HTVS_1-002_lib.maegz,COC(=O)c1ccc(C(=O)Nc2nc3ccccc3cc2NCc2ccc(C[NH+](C)C)cc2)cc1,COC(=O)c1ccc(C(=O)Nc2nc3ccccc3cc2NCc2ccc(C[NH+](C)C)cc2)cc1,O=C(Nc1nc2ccccc2cc1NCc1ccccc1)c1ccccc1,C28H29N4O3+,1.0,35.0,64.0,1.0,1b5845faa37e7d772c42a7d8868c0514b28ee841c6afc9f9cc75472be086be0b,-3.43240787781769,-48.6863103428071,-0.0980687965090768,2,2,2,matched,complete
ATP-HTVS-D3717771288C,76993,rxn502b____EMOL18624763____EMOL7515103____EMOL725587,76993-1,314,运行/运行/ATP-VSW/ATP-VSW-DOCK_HTVS_1-001_lib/ATP-VSW-DOCK_HTVS_1-001_lib,CC(=O)[C@H](Nc1cnc(NC(=O)c2ccc(C[NH+](C)C)cc2)c2ccccc12)c1ccccc1,CC(=O)C(Nc1cnc(NC(=O)c2ccc(C[NH+](C)C)cc2)c2ccccc12)c1ccccc1,O=C(Nc1ncc(NCc2ccccc2)c2ccccc12)c1ccccc1,C28H29N4O2+,1.0,34.0,63.0,1.0,ca3ae9095ecdf01a6287439b8d2f698bcbe2abd5dc737d38c689f4b881fa0739,-4.2970203136861,-54.7069844699816,-0.126382950402532,4,4,4,matched,complete
ATP-HTVS-D38DE888E88F,70401,rxn512c____EMOL712348____EMOL36725275____EMOL2873068,70401-1,120,运行/运行/ATP-VSW/ATP-VSW-DOCK_HTVS_1-001_lib/ATP-VSW-DOCK_HTVS_1-001_lib,C[NH+](C)Cc1ccc(NC(=O)c2cnc3ccc(F)cc3c2N(CC#N)c2ccccc2)cc1,C[NH+](C)Cc1ccc(NC(=O)c2cnc3ccc(F)cc3c2N(CC#N)c2ccccc2)cc1,O=C(Nc1ccccc1)c1cnc2ccccc2c1Nc1ccccc1,C27H25FN5O+,1.0,34.0,59.0,1.0,ea3595bd9d24e0b41af2c39ebfa65862124e2fde9d4345bedccbcbff79cbf72f,-4.92632171049192,-61.3711934673792,-0.144891815014468,2,2,2,matched,complete
ATP-HTVS-D3913B8FBCFA,93186,rxn502a____EMOL882167____EMOL81846330____EMOL2873214,93186-1,315,运行/运行/ATP-VSW/ATP-VSW-DOCK_HTVS_1-002_lib.maegz,CN(C(=O)C(C)(C)c1ccccc1)c1ccncc1NCc1cccc(C[NH+](C)C)c1,CN(C(=O)C(C)(C)c1ccccc1)c1ccncc1NCc1cccc(C[NH+](C)C)c1,O=C(Cc1ccccc1)Nc1ccncc1NCc1ccccc1,C26H33N4O+,1.0,31.0,64.0,1.0,f7a319ebf9e47ce7f80dff8813b91b8286c390876790db1b3ee52aca04a7c2ff,-4.33952237599034,-56.4708002740998,-0.139984592773882,3,3,3,matched,complete
ATP-HTVS-D3B4C31C9E9F,23329,m_2230bdc____17849930____22388964,23329-1,1282,运行/运行/ATP-VSW/ATP-VSW-DOCK_HTVS_1-001_lib/ATP-VSW-DOCK_HTVS_1-001_lib,Cc1ccc(CN2CC(=O)Nc3ccccc3[C@H]2c2ccccc2)cc1F,Cc1ccc(CN2CC(=O)Nc3ccccc3C2c2ccccc2)cc1F,O=C1CN(Cc2ccccc2)C(c2ccccc2)c2ccccc2N1,C23H21FN2O,0.0,27.0,48.0,1.0,325fdf829c563f612dc9e1bca4cf92ffd6ff95b864861e5f5828f1787d5d0df0,-1.64897298703425,-33.495902906426,-0.0610730735938611,2,2,2,matched,complete
ATP-HTVS-D3B596BB619E,74947,rxn502c____EMOL39121351____EMOL49259969____EMOL50155899,74947-2,1276,运行/运行/ATP-VSW/ATP-VSW-DOCK_HTVS_1-003_lib/ATP-VSW-DOCK_HTVS_1-003_lib.mae,Cc1ccc(CCC(=O)N(C)Cc2sc3ccccc3c2NCc2ccc(CN(C)C)cc2)cc1,Cc1ccc(CCC(=O)N(C)Cc2sc3ccccc3c2NCc2ccc(CN(C)C)cc2)cc1,O=C(CCc1ccccc1)NCc1sc2ccccc2c1NCc1ccccc1,C30H35N3OS,0.0,35.0,70.0,1.0,a3b874bfea622427b54c1146ac590ba0347a8d3b84850a2dd66cd34973c46339,-1.62863861474141,-48.5582873664137,-0.0465325318497546,1,1,1,matched,complete
ATP-HTVS-D3D42427DD6F,94017,rxn502a____EMOL299976369____EMOL81846330____EMOL2873214,94017-1,236,运行/运行/ATP-VSW/ATP-VSW-DOCK_HTVS_1-001_lib/ATP-VSW-DOCK_HTVS_1-001_lib,CN(C(=O)[C@](C)(O)c1ccccc1)c1ccncc1NCc1cccc(C[NH+](C)C)c1,CN(C(=O)C(C)(O)c1ccccc1)c1ccncc1NCc1cccc(C[NH+](C)C)c1,O=C(Cc1ccccc1)Nc1ccncc1NCc1ccccc1,C25H31N4O2+,1.0,31.0,62.0,1.0,b41eda7f0e80e1af3dbacca70505453ba89de0b63b8d3db53843302702f0fdb9,-4.50769007972124,-56.628861465952,-0.145409357410363,6,6,6,matched,complete
ATP-HTVS-D41B937429B7,86307,rxn502b____EMOL5415347____EMOL30488121____EMOL17149431,86307-3,1166,运行/运行/ATP-VSW/ATP-VSW-DOCK_HTVS_1-003_lib/ATP-VSW-DOCK_HTVS_1-003_lib.mae,C[C@H](c1ccccc1)N(C)c1c(NC(=O)c2ccccc2CN(C)C)c[nH+]c2ccccc12,CC(c1ccccc1)N(C)c1c(NC(=O)c2ccccc2CN(C)C)c[nH+]c2ccccc12,O=C(Nc1c[nH+]c2ccccc2c1NCc1ccccc1)c1ccccc1,C28H31N4O+,1.0,33.0,64.0,1.0,cf38a74e283906b5f6d16967ef83f9218a2ee1a7d8f9f4cc1076779b4209c04b,-1.9721019793734,-43.5877543852064,-0.059760666041618,1,1,1,matched,complete
ATP-HTVS-D45BC7EA8057,70339,rxn502b____EMOL93405211____EMOL44466703____EMOL2873214,70339-1,361,运行/运行/ATP-VSW/ATP-VSW-DOCK_HTVS_1-003_lib/ATP-VSW-DOCK_HTVS_1-003_lib.mae,C#Cc1ccc(C(=O)Nc2nc3ccccc3cc2NCc2cccc(C[NH+](C)C)c2)cc1,C#Cc1ccc(C(=O)Nc2nc3ccccc3cc2NCc2cccc(C[NH+](C)C)c2)cc1,O=C(Nc1nc2ccccc2cc1NCc1ccccc1)c1ccccc1,C28H27N4O+,1.0,33.0,60.0,1.0,23566067513bf4fc73449329c8ae77820358a41fed1975ff0d2b72b9459a2de4,-4.16539956201146,-53.7830439072332,-0.126224229151862,2,2,2,matched,complete
ATP-HTVS-D4881A2AC8A2,51649,m_282030aaa____21930070____22360182____21970420,51649-2,231,运行/运行/ATP-VSW/ATP-VSW-DOCK_HTVS_1-001_lib/ATP-VSW-DOCK_HTVS_1-001_lib,CC[N@H+](C)Cc1cccc(CNc2nc(NCc3cccc(N)c3F)[nH+]c3ccccc23)c1,CC[NH+](C)Cc1cccc(CNc2nc(NCc3cccc(N)c3F)[nH+]c3ccccc23)c1,c1ccc(CNc2nc(NCc3ccccc3)c3ccccc3[nH+]2)cc1,C26H31FN6+2,2.0,33.0,64.0,1.0,79a29ed8eb41668d8e30720364252b2437e69dad620006d2a702205508e84828,-4.52900937993916,-56.5236966793196,-0.137242708483005,5,5,5,matched,complete
ATP-HTVS-D49B0A10993C,27586,m_270004bbb____8288884____24714838,27586-1,29,运行/运行/ATP-VSW/ATP-VSW-DOCK_HTVS_1-002_lib.maegz,C[NH+](C)Cc1ccc(C[NH2+]Cc2cn(CCC#N)nc2-c2ccc(Cl)cc2)cc1,C[NH+](C)Cc1ccc(C[NH2+]Cc2cn(CCC#N)nc2-c2ccc(Cl)cc2)cc1,c1ccc(C[NH2+]Cc2c[nH]nc2-c2ccccc2)cc1,C23H28ClN5+2,2.0,29.0,57.0,1.0,642be8dfed0bea6f20daaba91d7ef413de94156a3f7e6b114ca5a192d1f36140,-5.82548848966351,-73.481856335332,-0.200878913436673,3,3,3,matched,complete
ATP-HTVS-D4AE6553B313,87906,rxn512a____EMOL2873214____EMOL8295720____EMOL37358747,87906-1,291,运行/运行/ATP-VSW/ATP-VSW-DOCK_HTVS_1-002_lib.maegz,C[NH+](C)Cc1cccc(CNc2cncc(C(=O)N(CC#N)Cc3ccc(F)cc3)c2)c1,C[NH+](C)Cc1cccc(CNc2cncc(C(=O)N(CC#N)Cc3ccc(F)cc3)c2)c1,O=C(NCc1ccccc1)c1cncc(NCc2ccccc2)c1,C25H27FN5O+,1.0,32.0,59.0,1.0,be43600764f9fe4c949827f473cfa4ee417fbf18eed00aee0c442b0c0e038d32,-4.39906438237233,-55.7843300432533,-0.137470761949135,2,2,2,matched,complete
ATP-HTVS-D4B05735BAC4,50594,m_2230bbb____22403268____22391698,50594-2,184,运行/运行/ATP-VSW/ATP-VSW-DOCK_HTVS_1-002_lib.maegz,Cc1ccccc1[C@@H](C[NH+](C)C)NCc1nc2ccccc2c2ccccc12,Cc1ccccc1C(C[NH+](C)C)NCc1nc2ccccc2c2ccccc12,c1ccc(CNCc2nc3ccccc3c3ccccc23)cc1,C25H28N3+,1.0,28.0,56.0,1.0,b585a279ac9500e8a8e056e8ad0e504d07c6a087db6c29bd60be2a1a01705ee3,-4.73948519107454,-49.1719030921698,-0.169267328252662,8,8,8,matched,complete
ATP-HTVS-D4C1A78D47F2,58401,m_270004bbb____21537754____7547738,58401-2,39,运行/运行/ATP-VSW/ATP-VSW-DOCK_HTVS_1-001_lib/ATP-VSW-DOCK_HTVS_1-001_lib,Cc1ccc([C@](C)(CO)C[NH2+]Cc2cn(-c3ccccc3)nc2-c2cccnc2)cc1,Cc1ccc(C(C)(CO)C[NH2+]Cc2cn(-c3ccccc3)nc2-c2cccnc2)cc1,c1ccc(CC[NH2+]Cc2cn(-c3ccccc3)nc2-c2cccnc2)cc1,C26H29N4O+,1.0,31.0,60.0,1.0,a94bc47344941c78bdd1cf7f60f33dca80424441ec751e47f57faf04a6d8e71f,-5.42769533688179,-69.2416035386176,-0.175086946351026,2,2,2,matched,complete
ATP-HTVS-D4F4D34A0DC7,514,YAS_R004____OTV1509977____OTV7113231893____OTV7020410266,514-1,89,运行/运行/ATP-VSW/ATP-VSW-DOCK_HTVS_1-002_lib.maegz,Cc1ccc([C@H](CNc2cc(COc3ccccc3)[nH+]c3ccc(O)cc23)[NH+](C)C)cc1,Cc1ccc(C(CNc2cc(COc3ccccc3)[nH+]c3ccc(O)cc23)[NH+](C)C)cc1,c1ccc(CCNc2cc(COc3ccccc3)[nH+]c3ccccc23)cc1,C27H31N3O2+2,2.0,32.0,63.0,1.0,cc7ef4765ea93d0b7e903168f455c93cfaff2ada22adf8ffce0ffbec36776654,-5.21896454262999,-67.7443215499391,-0.163092641957187,3,3,3,matched,complete
ATP-HTVS-D51006C467E8,12578,a2____240755____43628,12578-1,177,运行/运行/ATP-VSW/ATP-VSW-DOCK_HTVS_1-002_lib.maegz,Oc1ccc([C@@H](O)CNc2nc(-c3ccccc3)cc(-c3ccccc3)n2)cc1,Oc1ccc(C(O)CNc2nc(-c3ccccc3)cc(-c3ccccc3)n2)cc1,c1ccc(CCNc2nc(-c3ccccc3)cc(-c3ccccc3)n2)cc1,C24H21N3O2,0.0,29.0,50.0,1.0,093f2b7ff9a72a7274c806a8fc7c038a201b403ac208e6c62d9b5467f1d57f41,-4.76852189732815,-51.5930484121862,-0.16443178956304,2,2,2,matched,complete
ATP-HTVS-D52094086515,83715,rxn512c____EMOL483896____EMOL43362984____EMOL44691345,83715-1,1308,运行/运行/ATP-VSW/ATP-VSW-DOCK_HTVS_1-003_lib/ATP-VSW-DOCK_HTVS_1-003_lib.mae,C[NH+](C)Cc1ccccc1Nc1c(C(=O)N(CCO)c2ccccc2)c(=O)[nH]c2ccccc12,C[NH+](C)Cc1ccccc1Nc1c(C(=O)N(CCO)c2ccccc2)c(=O)[nH]c2ccccc12,O=C(Nc1ccccc1)c1c(Nc2ccccc2)c2ccccc2[nH]c1=O,C27H29N4O3+,1.0,34.0,63.0,1.0,9fc2d49694306d82645651b6cc6a3a41e1ee659b95eb0e11c5ccfbec03024210,-1.49805717730069,-39.3226915765287,-0.0440605052147262,2,2,2,matched,complete
ATP-HTVS-D53BE49171F7,23619,m_207bba____13440778____121441,23619-1,39,运行/运行/ATP-VSW/ATP-VSW-DOCK_HTVS_1-003_lib/ATP-VSW-DOCK_HTVS_1-003_lib.mae,Cc1ccc(-c2nn(Cc3ccccc3)cc2C[NH2+]Cc2ccc(CCO)cc2)cc1,Cc1ccc(-c2nn(Cc3ccccc3)cc2C[NH2+]Cc2ccc(CCO)cc2)cc1,c1ccc(C[NH2+]Cc2cn(Cc3ccccc3)nc2-c2ccccc2)cc1,C27H30N3O+,1.0,31.0,61.0,1.0,c6b1c4256a964ad48986d0d81c84a0520a651058d81d0847e6f459edfae8fbf4,-5.64347715414461,-66.3860054242299,-0.182047650133697,1,1,1,matched,complete
ATP-HTVS-D57D92118EC0,78850,rxn207____EMOL1096385____EMOL2735375,78850-2,729,运行/运行/ATP-VSW/ATP-VSW-DOCK_HTVS_1-002_lib.maegz,CN(c1ccccc1[NH3+])c1c(NCc2ccccc2)c(Cl)c(O)c2ccccc12,CN(c1ccccc1[NH3+])c1c(NCc2ccccc2)c(Cl)c(O)c2ccccc12,c1ccc(CNc2ccc3ccccc3c2Nc2ccccc2)cc1,C24H23ClN3O+,1.0,29.0,52.0,1.0,dbbdc11d7da4f30f0dad30979f232d931b7c22de358aa9388b0869f9b44e624f,-3.20181709833612,-54.5260040491866,-0.110407486149521,1,1,1,matched,complete
ATP-HTVS-D57FDE5925BA,51522,m_270004bbb____23868216____24720270,51522-1,90,运行/运行/ATP-VSW/ATP-VSW-DOCK_HTVS_1-002_lib.maegz,CNc1ccccc1C[NH2+]Cc1ccc(COc2ccccc2OC)o1,CNc1ccccc1C[NH2+]Cc1ccc(COc2ccccc2OC)o1,c1ccc(C[NH2+]Cc2ccc(COc3ccccc3)o2)cc1,C21H25N2O3+,1.0,26.0,51.0,1.0,c882d4cf445cd9cbc8e366aab7535742fcfd06c9c520e9502634d69f26113952,-5.21548994923698,-57.5849993332974,-0.200595767278345,1,1,1,matched,complete
ATP-HTVS-D5881C68A9EC,95073,rxn502b____EMOL11467954____EMOL30488121____EMOL324170366,95073-1,229,运行/运行/ATP-VSW/ATP-VSW-DOCK_HTVS_1-001_lib/ATP-VSW-DOCK_HTVS_1-001_lib,Cc1ccc(C)c(C(=O)Nc2c[nH+]c3ccccc3c2NCc2ccc(NCCO)cc2)c1,Cc1ccc(C)c(C(=O)Nc2c[nH+]c3ccccc3c2NCc2ccc(NCCO)cc2)c1,O=C(Nc1c[nH+]c2ccccc2c1NCc1ccccc1)c1ccccc1,C27H29N4O2+,1.0,33.0,62.0,1.0,fc0e71c2c4aa82d38e6e865bbbc97a69b125a00bd68ece21ab948294b43f79ea,-4.53106856940061,-60.2193497814202,-0.137305108163655,3,3,3,matched,complete
ATP-HTVS-D5ACD41550DD,96737,rxn502a____EMOL512495____EMOL44391168____EMOL2873214,96737-2,394,运行/运行/ATP-VSW/ATP-VSW-DOCK_HTVS_1-002_lib.maegz,Cc1cc(NC(=O)Cc2ccc(F)cc2)c(NCc2cccc(C[NH+](C)C)c2)c[nH+]1,Cc1cc(NC(=O)Cc2ccc(F)cc2)c(NCc2cccc(C[NH+](C)C)c2)c[nH+]1,O=C(Cc1ccccc1)Nc1cc[nH+]cc1NCc1ccccc1,C24H29FN4O+2,2.0,30.0,59.0,1.0,6091ad24d859fbceb6193e73e4feabd360f92393d49c4f40d7847ad69fb725ab,-4.11681389386405,-69.1290020160059,-0.137227129795468,4,4,4,matched,complete
ATP-HTVS-D5ACDDA463EA,75745,rxn512c____EMOL24630243____EMOL36725275____EMOL331034537,75745-1,398,运行/运行/ATP-VSW/ATP-VSW-DOCK_HTVS_1-001_lib/ATP-VSW-DOCK_HTVS_1-001_lib,CC[NH+](CC)Cc1cccc(NC(=O)c2cnc3ccc(F)cc3c2N(C)[C@@H](C#N)c2ccccc2)c1,CC[NH+](CC)Cc1cccc(NC(=O)c2cnc3ccc(F)cc3c2N(C)C(C#N)c2ccccc2)c1,O=C(Nc1ccccc1)c1cnc2ccccc2c1NCc1ccccc1,C30H31FN5O+,1.0,37.0,68.0,1.0,7602b8b74320b5ff075d2926b6b22de5900e552209f7a467070fc2e1072b5fc6,-4.05447384765626,-56.6689783796122,-0.10958037426098,4,4,4,matched,complete
ATP-HTVS-D6043925B579,66273,m_270004bbb____16500566____7548060,66273-2,1,运行/运行/ATP-VSW/ATP-VSW-DOCK_HTVS_1-001_lib/ATP-VSW-DOCK_HTVS_1-001_lib,O[C@H](C[NH2+]Cc1cn(Cc2ccccc2)nc1-c1ccccc1)c1ccc(F)cc1F,OC(C[NH2+]Cc1cn(Cc2ccccc2)nc1-c1ccccc1)c1ccc(F)cc1F,c1ccc(CC[NH2+]Cc2cn(Cc3ccccc3)nc2-c2ccccc2)cc1,C25H24F2N3O+,1.0,31.0,55.0,1.0,3d2472c3aebdf4c4069a7387e19e4b365be17af87e24938cdce2a70cc24bc7ee,-6.72217226588382,-78.00728371634,-0.216844266641413,1,1,1,matched,complete
ATP-HTVS-D60AE40A828F,84162,rxn502b____EMOL44385606____EMOL7515103____EMOL44153840,84162-1,721,运行/运行/ATP-VSW/ATP-VSW-DOCK_HTVS_1-002_lib.maegz,CCN(CC)Cc1cccc(CNc2cnc(NC(=O)c3cccc(F)c3C#N)c3ccccc23)c1,CCN(CC)Cc1cccc(CNc2cnc(NC(=O)c3cccc(F)c3C#N)c3ccccc23)c1,O=C(Nc1ncc(NCc2ccccc2)c2ccccc12)c1ccccc1,C29H28FN5O,0.0,36.0,64.0,1.0,bdaa50036acb08d86ca0d2f355ec22c6d58ae8fbc25d175cc5496b5b1c9576a9,-3.23776842830741,-46.6475281021491,-0.0899380118974279,1,1,1,matched,complete
ATP-HTVS-D63540CFF382,77571,rxn502b____EMOL49828498____EMOL30488121____EMOL712348,77571-2,562,运行/运行/ATP-VSW/ATP-VSW-DOCK_HTVS_1-003_lib/ATP-VSW-DOCK_HTVS_1-003_lib.mae,C[C@H](C(=O)Nc1cnc2ccccc2c1N(CC#N)c1ccccc1)c1ccc(Cl)cc1,CC(C(=O)Nc1cnc2ccccc2c1N(CC#N)c1ccccc1)c1ccc(Cl)cc1,O=C(Cc1ccccc1)Nc1cnc2ccccc2c1Nc1ccccc1,C26H21ClN4O,0.0,32.0,53.0,1.0,3b6d3f00d99868330956d4bb9eabba50195db42215a46fdc8af04f86afa39759,-3.65322939348428,-45.7630296895378,-0.114163418546384,2,2,2,matched,complete
ATP-HTVS-D650FAE25B13,75203,rxn102c____EMOL42620563____EMOL50155899,75203-3,329,运行/运行/ATP-VSW/ATP-VSW-DOCK_HTVS_1-003_lib/ATP-VSW-DOCK_HTVS_1-003_lib.mae,CN(Cc1ccccc1)c1cc(NCc2ccc(C[NH+](C)C)cc2)[nH+]c(N)n1,CN(Cc1ccccc1)c1cc(NCc2ccc(C[NH+](C)C)cc2)[nH+]c(N)n1,c1ccc(CNc2cc(NCc3ccccc3)[nH+]cn2)cc1,C22H30N6+2,2.0,28.0,58.0,1.0,25cbf3b920ef40e1de041c411dfe36dc08792d49a861038b2a0985a03c3141f4,-4.25804006821489,-52.7108449602358,-0.152072859579103,6,6,6,matched,complete
ATP-HTVS-D65E1879A1C4,90530,rxn514b____EMOL530647____EMOL1836585____EMOL2732950,90530-1,19,运行/运行/ATP-VSW/ATP-VSW-DOCK_HTVS_1-002_lib.maegz,C[NH+](C)Cc1ccc(Nc2ccsc2C(=O)N(CC[NH3+])c2ccccc2)cc1,C[NH+](C)Cc1ccc(Nc2ccsc2C(=O)N(CC[NH3+])c2ccccc2)cc1,O=C(Nc1ccccc1)c1sccc1Nc1ccccc1,C22H28N4OS+2,2.0,28.0,56.0,1.0,be4faabb96dec5cd8fb629dcf926359d1c7d7311813da8598b1f18699fd72006,-6.09719447125168,-64.0638253768425,-0.217756945401846,2,2,2,matched,complete
ATP-HTVS-D67E347CF5B0,32641,m_527bcb____564576____4971430,32641-1,664,运行/运行/ATP-VSW/ATP-VSW-DOCK_HTVS_1-001_lib/ATP-VSW-DOCK_HTVS_1-001_lib,O=C(c1cc(NCc2ccccc2)nc2ccccc12)N(CCO)Cc1ccccc1,O=C(c1cc(NCc2ccccc2)nc2ccccc12)N(CCO)Cc1ccccc1,O=C(NCc1ccccc1)c1cc(NCc2ccccc2)nc2ccccc12,C26H25N3O2,0.0,31.0,56.0,1.0,8a501cf52063cc065190f2aeb364303f551983694a9f7115928420a10b1a48e6,-3.40291076255363,-43.7911638362799,-0.109771314921085,1,1,1,matched,complete
ATP-HTVS-D68829BAAF56,35266,m_282030aaa____21898820____22360182____21967972,35266-1,482,运行/运行/ATP-VSW/ATP-VSW-DOCK_HTVS_1-002_lib.maegz,Cc1ccc(N)cc1CNc1nc(NCCc2ccc(C[NH+](C)C)cc2)c2ccccc2[nH+]1,Cc1ccc(N)cc1CNc1nc(NCCc2ccc(C[NH+](C)C)cc2)c2ccccc2[nH+]1,c1ccc(CCNc2nc(NCc3ccccc3)[nH+]c3ccccc23)cc1,C27H34N6+2,2.0,33.0,67.0,1.0,1538d9dbb405bbc0067b9435b9945305d5b96bc683f0807af837e42679cc2c72,-3.8828199346424,-49.5148697261245,-0.117661210140679,3,3,3,matched,complete
ATP-HTVS-D6CA2B69D609,57026,m_2230bdc____14772912____22389152,57026-1,1356,运行/运行/ATP-VSW/ATP-VSW-DOCK_HTVS_1-002_lib.maegz,C#Cc1ccc(CN2CC(=O)Nc3ccc(Cl)cc3[C@@H]2c2ccccc2F)cc1,C#Cc1ccc(CN2CC(=O)Nc3ccc(Cl)cc3C2c2ccccc2F)cc1,O=C1CN(Cc2ccccc2)C(c2ccccc2)c2ccccc2N1,C24H18ClFN2O,0.0,29.0,47.0,1.0,135bf8dbcb80a212efe2d33efb97628e7577afc02513cc7cf70a6e544f01952b,-1.18273573419558,-36.4162555961859,-0.0407839908343303,2,2,2,matched,complete
ATP-HTVS-D7583D638CF7,84707,rxn513b____EMOL108753565____EMOL719673____EMOL32444451,84707-1,4,运行/运行/ATP-VSW/ATP-VSW-DOCK_HTVS_1-003_lib/ATP-VSW-DOCK_HTVS_1-003_lib.mae,C[NH2+]Cc1ccc(CNC(=O)c2[nH]c3ccccc3c2C#CCOc2ccc(F)cc2)cc1,C[NH2+]Cc1ccc(CNC(=O)c2[nH]c3ccccc3c2C#CCOc2ccc(F)cc2)cc1,O=C(NCc1ccccc1)c1[nH]c2ccccc2c1C#CCOc1ccccc1,C27H25FN3O2+,1.0,33.0,58.0,1.0,60915cfe5f761b2e209d39a8f44b1e2758531826b7dd723a2b28ea3de3b54e75,-6.28779750813501,-71.7058956444102,-0.190539318428334,1,1,1,matched,complete
ATP-HTVS-D76C38158727,59906,m_2230bdc____17626620____16613390,59906-2,940,运行/运行/ATP-VSW/ATP-VSW-DOCK_HTVS_1-002_lib.maegz,CC(=O)Nc1ccc(CN2CC(=O)Nc3ccc(Br)cc3[C@@H]2c2ccccc2)cc1,CC(=O)Nc1ccc(CN2CC(=O)Nc3ccc(Br)cc3C2c2ccccc2)cc1,O=C1CN(Cc2ccccc2)C(c2ccccc2)c2ccccc2N1,C24H22BrN3O2,0.0,30.0,52.0,1.0,563f46b4ac10c4ba2657367a41096947fd510a1c0907e2ee2f550c86d5793962,-2.60692667317235,-45.3275916723798,-0.0868975557724116,2,2,2,matched,complete
ATP-HTVS-D773B3DD8BD5,77090,rxn502b____EMOL480353____EMOL30488121____EMOL13081280,77090-2,108,运行/运行/ATP-VSW/ATP-VSW-DOCK_HTVS_1-002_lib.maegz,C[NH+](C)[C@H](CNc1c(NC(=O)c2ccccc2)c[nH+]c2ccccc12)c1ccc(Cl)cc1,C[NH+](C)C(CNc1c(NC(=O)c2ccccc2)c[nH+]c2ccccc12)c1ccc(Cl)cc1,O=C(Nc1c[nH+]c2ccccc2c1NCCc1ccccc1)c1ccccc1,C26H27ClN4O+2,2.0,32.0,59.0,1.0,e4a251e24b3d1e7fc384ff22516fc3701a06a68eda78bf7931b1f2452b2d35ed,-5.08229830193062,-61.7550332611195,-0.158821821935332,6,6,6,matched,complete
ATP-HTVS-D78134F4C173,91073,rxn512b____EMOL509166____EMOL720738____EMOL2873214,91073-1,283,运行/运行/ATP-VSW/ATP-VSW-DOCK_HTVS_1-001_lib/ATP-VSW-DOCK_HTVS_1-001_lib,CC[C@@H](NC(=O)c1cc(NCc2cccc(C[NH+](C)C)c2)cs1)c1ccccc1,CCC(NC(=O)c1cc(NCc2cccc(C[NH+](C)C)c2)cs1)c1ccccc1,O=C(NCc1ccccc1)c1cc(NCc2ccccc2)cs1,C24H30N3OS+,1.0,29.0,59.0,1.0,005c99ddf00bd1bbafa957f1ac0e7656575f79e3c0a491171a96016be760ecce,-4.407585640984,-55.5775741619544,-0.151985711758069,4,4,4,matched,complete
ATP-HTVS-D7F859CCB519,2849,YAS_R001____OTV11186010____OTV1133304,2849-1,134,运行/运行/ATP-VSW/ATP-VSW-DOCK_HTVS_1-001_lib/ATP-VSW-DOCK_HTVS_1-001_lib,COc1ccccc1Cn1cc(C(=O)Nc2ccc(C[NH+](C)C)c(Cl)c2)c2ccccc2c1=O,COc1ccccc1Cn1cc(C(=O)Nc2ccc(C[NH+](C)C)c(Cl)c2)c2ccccc2c1=O,O=C(Nc1ccccc1)c1cn(Cc2ccccc2)c(=O)c2ccccc12,C27H27ClN3O3+,1.0,34.0,61.0,1.0,09672a4a9d646863d799d8e7af0395f95c21c7fb3a29b5dfb9ffbe31cd05225c,-4.87012516392093,-59.5877300643291,-0.143238975409439,2,2,2,matched,complete
ATP-HTVS-D7FBECEDF81C,79746,rxn502b____EMOL535380____EMOL13728749____EMOL8314610,79746-2,606,运行/运行/ATP-VSW/ATP-VSW-DOCK_HTVS_1-002_lib.maegz,O=C(Nc1c(Nc2ccc(NCCO)cc2)cnc2ccccc12)[C@@H](Br)c1ccccc1,O=C(Nc1c(Nc2ccc(NCCO)cc2)cnc2ccccc12)C(Br)c1ccccc1,O=C(Cc1ccccc1)Nc1c(Nc2ccccc2)cnc2ccccc12,C25H23BrN4O2,0.0,32.0,55.0,1.0,ef009afa7e5716e39f3a6e3c5a66e71da8b2ee507f3fb3a4bb084461bac2bcc7,-3.55469757761565,-52.4669220848365,-0.111084299300489,4,4,4,matched,complete
ATP-HTVS-D806BF0778F9,63233,m_270004bbb____8350422____7454738,63233-1,32,运行/运行/ATP-VSW/ATP-VSW-DOCK_HTVS_1-001_lib/ATP-VSW-DOCK_HTVS_1-001_lib,OCc1cc(C[NH2+]Cc2cn(-c3ccccc3)nc2-c2ccc(F)cc2)ccc1F,OCc1cc(C[NH2+]Cc2cn(-c3ccccc3)nc2-c2ccc(F)cc2)ccc1F,c1ccc(C[NH2+]Cc2cn(-c3ccccc3)nc2-c2ccccc2)cc1,C24H22F2N3O+,1.0,30.0,52.0,1.0,c4350c9a60a66eda9e720baa2cde92cf5acf6f7452efee7ef43952e4fc5828fd,-5.62999992545103,-67.1238813032034,-0.187666664181701,1,1,1,matched,complete
ATP-HTVS-D820D8B9E61C,28163,m_270004bbb____24794408____7547616,28163-3,1064,运行/运行/ATP-VSW/ATP-VSW-DOCK_HTVS_1-003_lib/ATP-VSW-DOCK_HTVS_1-003_lib.mae,Cc1cccc(-c2nn(Cc3ccccc3)cc2CNc2ccc(Cl)c(CN(C)CCO)c2)c1,Cc1cccc(-c2nn(Cc3ccccc3)cc2CNc2ccc(Cl)c(CN(C)CCO)c2)c1,c1ccc(Cn2cc(CNc3ccccc3)c(-c3ccccc3)n2)cc1,C28H31ClN4O,0.0,34.0,65.0,1.0,55c3d365dc90c17f04baf136a46d1a08e904d3f52c36cacbebaeac9cf63ddece,-2.23831012040962,-49.3048478222778,-0.0658326506002828,1,1,1,matched,complete
ATP-HTVS-D831575BA0F0,75715,rxn502b____EMOL490868____EMOL7515103____EMOL44153840,75715-1,321,运行/运行/ATP-VSW/ATP-VSW-DOCK_HTVS_1-003_lib/ATP-VSW-DOCK_HTVS_1-003_lib.mae,CC[NH+](CC)Cc1cccc(CNc2cnc(NC(=O)c3ccc(O)cc3)c3ccccc23)c1,CC[NH+](CC)Cc1cccc(CNc2cnc(NC(=O)c3ccc(O)cc3)c3ccccc23)c1,O=C(Nc1ncc(NCc2ccccc2)c2ccccc12)c1ccccc1,C28H31N4O2+,1.0,34.0,65.0,1.0,e4a74c035f7cf45bbcd6024a7e4664346d5f96012a95d1fb003a63aaccb245db,-4.29069442724693,-54.0900515835526,-0.126196894919027,3,3,3,matched,complete
ATP-HTVS-D839BC34DAE7,4771,YAS_R001____OTV6666766____OTV2248677,4771-1,156,运行/运行/ATP-VSW/ATP-VSW-DOCK_HTVS_1-003_lib/ATP-VSW-DOCK_HTVS_1-003_lib.mae,[NH3+]Cc1ccc(CNC(=O)c2cn(Cc3ccccc3)c(=O)c3ccccc23)cc1F,[NH3+]Cc1ccc(CNC(=O)c2cn(Cc3ccccc3)c(=O)c3ccccc23)cc1F,O=C(NCc1ccccc1)c1cn(Cc2ccccc2)c(=O)c2ccccc12,C25H23FN3O2+,1.0,31.0,54.0,1.0,20aa5eef197f80448c57d0015fc4dcdce829db597531b2cf408cc43e9e373e96,-4.84626190652642,-56.6202191685847,-0.156331029242788,2,2,2,matched,complete
ATP-HTVS-D86CED65A6E1,74497,rxn512b____EMOL300138311____EMOL49851977____EMOL50155899,74497-1,514,运行/运行/ATP-VSW/ATP-VSW-DOCK_HTVS_1-001_lib/ATP-VSW-DOCK_HTVS_1-001_lib,CN(C(=O)c1sc(Cl)cc1NCc1ccc(C[NH+](C)C)cc1)c1cccc(N)c1,CN(C(=O)c1sc(Cl)cc1NCc1ccc(C[NH+](C)C)cc1)c1cccc(N)c1,O=C(Nc1ccccc1)c1sccc1NCc1ccccc1,C22H26ClN4OS+,1.0,29.0,55.0,1.0,2a8866fd8ea60d28434d7c9a456423c535ab24cc081c53528335336e94ae0368,-3.78551089234466,-44.3484848287376,-0.130534858356712,2,2,2,matched,complete
ATP-HTVS-D8D752145B88,75714,rxn502b____EMOL490868____EMOL7515103____EMOL2868412,75714-1,277,运行/运行/ATP-VSW/ATP-VSW-DOCK_HTVS_1-002_lib.maegz,CC[NH+](CC)Cc1ccc(CNc2cnc(NC(=O)c3ccc(O)cc3)c3ccccc23)cc1,CC[NH+](CC)Cc1ccc(CNc2cnc(NC(=O)c3ccc(O)cc3)c3ccccc23)cc1,O=C(Nc1ncc(NCc2ccccc2)c2ccccc12)c1ccccc1,C28H31N4O2+,1.0,34.0,65.0,1.0,bdbe1b12cdbe41f1ecd6f6c0453e8f6d485d5c5a6421f4f079432a451dc2b6cb,-4.44081208819953,-57.8097230429878,-0.130612120241163,3,3,3,matched,complete
ATP-HTVS-D8E733A39BE5,30819,m_282030aaa____21931794____23157418____21940090,30819-1,225,运行/运行/ATP-VSW/ATP-VSW-DOCK_HTVS_1-003_lib/ATP-VSW-DOCK_HTVS_1-003_lib.mae,COC[C@H](Nc1nc2ccccc2nc1NCc1cccc(C[NH+](C)C)c1)c1ccccc1,COCC(Nc1nc2ccccc2nc1NCc1cccc(C[NH+](C)C)c1)c1ccccc1,c1ccc(CNc2nc3ccccc3nc2NCc2ccccc2)cc1,C27H32N5O+,1.0,33.0,65.0,1.0,eb8f882eaa2618ec2f759bf7bc5b03c8a87896f20f693fea2e3fdeb4e8e3a47f,-4.5721480278722,-57.5595518678503,-0.138549940238552,1,1,1,matched,complete
ATP-HTVS-D9159AF95984,74371,rxn502b____EMOL44385606____EMOL30488121____EMOL50155899,74371-1,117,运行/运行/ATP-VSW/ATP-VSW-DOCK_HTVS_1-003_lib/ATP-VSW-DOCK_HTVS_1-003_lib.mae,C[NH+](C)Cc1ccc(CNc2c(NC(=O)c3cccc(F)c3C#N)c[nH+]c3ccccc23)cc1,C[NH+](C)Cc1ccc(CNc2c(NC(=O)c3cccc(F)c3C#N)c[nH+]c3ccccc23)cc1,O=C(Nc1c[nH+]c2ccccc2c1NCc1ccccc1)c1ccccc1,C27H26FN5O+2,2.0,34.0,60.0,1.0,e012a8ee8aaaa5d0939993ea06e4faee05becfd4fad2f85203be5332a30bf7e1,-5.01054631170562,-60.469175230348,-0.147369009167812,4,4,3,matched,complete
ATP-HTVS-D925B2862DC5,91491,rxn512c____EMOL712348____EMOL36725275____EMOL31531512,91491-1,194,运行/运行/ATP-VSW/ATP-VSW-DOCK_HTVS_1-003_lib/ATP-VSW-DOCK_HTVS_1-003_lib.mae,N#CCN(c1ccccc1)c1c(C(=O)NCc2ccc3c(c2)CCN3)cnc2ccc(F)cc12,N#CCN(c1ccccc1)c1c(C(=O)NCc2ccc3c(c2)CCN3)cnc2ccc(F)cc12,O=C(NCc1ccc2c(c1)CCN2)c1cnc2ccccc2c1Nc1ccccc1,C27H22FN5O,0.0,34.0,56.0,1.0,76f841b34ba727fd14be6700695f54c90458ed567d3021f15723891eb3bb9ffa,-4.69242408376268,-56.044589598569,-0.138012473051844,1,1,1,matched,complete
ATP-HTVS-D928A6F83D7E,93473,rxn512b____EMOL906257____EMOL44846536____EMOL50155899,93473-1,583,运行/运行/ATP-VSW/ATP-VSW-DOCK_HTVS_1-001_lib/ATP-VSW-DOCK_HTVS_1-001_lib,C[NH+](C)Cc1ccc(CNc2cc(C(=O)N[C@@H](C#N)c3ccc(F)cc3)sc2Cl)cc1,C[NH+](C)Cc1ccc(CNc2cc(C(=O)NC(C#N)c3ccc(F)cc3)sc2Cl)cc1,O=C(NCc1ccccc1)c1cc(NCc2ccccc2)cs1,C23H23ClFN4OS+,1.0,31.0,54.0,1.0,82fda7457b20469d49b88c6095aaf6b2607b4acbd4d9753cad8d338318d04896,-3.60796794272557,-53.2548520791499,-0.116386062668567,4,4,4,matched,complete
ATP-HTVS-D93071962BA3,31554,m_2230bdc____17849930____21069056,31554-1,1376,运行/运行/ATP-VSW/ATP-VSW-DOCK_HTVS_1-002_lib.maegz,O=C1CN(Cc2c(Cl)cccc2Br)[C@H](c2ccccc2)c2ccccc2N1,O=C1CN(Cc2c(Cl)cccc2Br)C(c2ccccc2)c2ccccc2N1,O=C1CN(Cc2ccccc2)C(c2ccccc2)c2ccccc2N1,C22H18BrClN2O,0.0,27.0,45.0,1.0,eb972f3922c8d1684c68a6b143334adb4ba1fa278731a3ba7096a6a9d606dc07,-1.03589809512659,-29.9721891873251,-0.0383665961157997,2,2,2,matched,complete
ATP-HTVS-D9724DB0D106,63362,m_27bbb____23573896____131187,63362-2,825,运行/运行/ATP-VSW/ATP-VSW-DOCK_HTVS_1-002_lib.maegz,OC[C@H](Cc1ccc(I)cc1)Nc1nc(-c2ccccc2)c2ccccc2n1,OCC(Cc1ccc(I)cc1)Nc1nc(-c2ccccc2)c2ccccc2n1,c1ccc(CCNc2nc(-c3ccccc3)c3ccccc3n2)cc1,C23H20IN3O,0.0,28.0,48.0,1.0,8a719f0c2e6faea388a775335fc727b2421ebbd30e93fa9341fb88c977d3ca38,-2.96625419656371,-40.5077248650315,-0.105937649877275,1,1,1,matched,complete
ATP-HTVS-DAC48F0443BB,71459,rxn502b____EMOL532494____EMOL44466703____EMOL36790511,71459-1,664,运行/运行/ATP-VSW/ATP-VSW-DOCK_HTVS_1-003_lib/ATP-VSW-DOCK_HTVS_1-003_lib.mae,Cc1ccc(CC(=O)Nc2nc3ccccc3cc2N(c2ccccc2)[C@H](C)C#N)cc1,Cc1ccc(CC(=O)Nc2nc3ccccc3cc2N(c2ccccc2)C(C)C#N)cc1,O=C(Cc1ccccc1)Nc1nc2ccccc2cc1Nc1ccccc1,C27H24N4O,0.0,32.0,56.0,1.0,08b19a274ae5b3c8631ab9a2a6609ff3fc35cfc681dc505ce09e21fb1d84a71f,-3.36244492137731,-44.7129452543687,-0.105076403793041,2,2,2,matched,complete
ATP-HTVS-DADEC6686275,95745,rxn501b____EMOL5415347____EMOL44466703____EMOL1839456,95745-1,513,运行/运行/ATP-VSW/ATP-VSW-DOCK_HTVS_1-001_lib/ATP-VSW-DOCK_HTVS_1-001_lib,C[NH+](C)Cc1ccccc1C(=O)Nc1nc2ccccc2cc1-c1ccnc(Cl)c1Cl,C[NH+](C)Cc1ccccc1C(=O)Nc1nc2ccccc2cc1-c1ccnc(Cl)c1Cl,O=C(Nc1nc2ccccc2cc1-c1ccncc1)c1ccccc1,C24H21Cl2N4O+,1.0,31.0,52.0,1.0,c11843a0ed88e33786e99e24ce35be3ccfeef36cfe2db94c07adfad8d320d4d2,-3.79004662301231,-52.7922196648696,-0.122259568484268,2,2,2,matched,complete
ATP-HTVS-DB2D048ED873,53154,m_282030aaa____21930070____22360182____21941646,53154-1,202,运行/运行/ATP-VSW/ATP-VSW-DOCK_HTVS_1-002_lib.maegz,CC[N@@H+](C)Cc1cccc(CNc2nc(NCc3ccc(N)cc3Cl)[nH+]c3ccccc23)c1,CC[NH+](C)Cc1cccc(CNc2nc(NCc3ccc(N)cc3Cl)[nH+]c3ccccc23)c1,c1ccc(CNc2nc(NCc3ccccc3)c3ccccc3[nH+]2)cc1,C26H31ClN6+2,2.0,33.0,64.0,1.0,0964bb71ef069a895d5058f11aae2789cf689835ba1e8787b42b7ab709123727,-4.67156677562386,-63.6135391717084,-0.141562629564359,5,5,5,matched,complete
ATP-HTVS-DB45F9B4D40D,94625,rxn514b____EMOL2739194____EMOL2737150____EMOL975590,94625-1,510,运行/运行/ATP-VSW/ATP-VSW-DOCK_HTVS_1-001_lib/ATP-VSW-DOCK_HTVS_1-001_lib,C[NH+](C)Cc1ccccc1NC(C)(C)CC(=O)n1c(-c2ccccc2)cc(=O)c2ccccc21,C[NH+](C)Cc1ccccc1NC(C)(C)CC(=O)n1c(-c2ccccc2)cc(=O)c2ccccc21,O=C(CCNc1ccccc1)n1c(-c2ccccc2)cc(=O)c2ccccc21,C29H32N3O2+,1.0,34.0,66.0,1.0,3145e7102f1aaecf0906dade2ebf09c2152541ac92091c3479db854b2f953166,-3.79592199451117,-51.6688947229575,-0.111644764544446,2,2,2,matched,complete
ATP-HTVS-DB6DF45B456E,23457,m_270004bbb____8349656____24720270,23457-1,76,运行/运行/ATP-VSW/ATP-VSW-DOCK_HTVS_1-001_lib/ATP-VSW-DOCK_HTVS_1-001_lib,COc1ccccc1OCc1ccc(C[NH2+]Cc2cccc(C[NH+](C)C)c2)o1,COc1ccccc1OCc1ccc(C[NH2+]Cc2cccc(C[NH+](C)C)c2)o1,c1ccc(C[NH2+]Cc2ccc(COc3ccccc3)o2)cc1,C23H30N2O3+2,2.0,28.0,58.0,1.0,c42543c0325d374bf4ef167155a40e6b9dae8967a1943e779c82ad41601d1350,-5.12756462447033,-62.7268205220777,-0.183127308016797,3,3,3,matched,complete
ATP-HTVS-DB94924E5291,95553,rxn501c____EMOL5415347____EMOL713289____EMOL261548662,95553-1,359,运行/运行/ATP-VSW/ATP-VSW-DOCK_HTVS_1-001_lib/ATP-VSW-DOCK_HTVS_1-001_lib,C[NH+](C)Cc1ccccc1C(=O)Nc1ccc([C@H](C#N)c2ccccc2)c(-c2cccc(N)c2F)c1,C[NH+](C)Cc1ccccc1C(=O)Nc1ccc(C(C#N)c2ccccc2)c(-c2cccc(N)c2F)c1,O=C(Nc1ccc(Cc2ccccc2)c(-c2ccccc2)c1)c1ccccc1,C30H28FN4O+,1.0,36.0,64.0,1.0,49b22082e06604aa0f4f445a96a64a4199598874eef0e8ef3d658f99c9730a0c,-4.17672555543197,-50.7271152611219,-0.116020154317555,4,4,4,matched,complete
ATP-HTVS-DB99DC1A003A,67553,m_22bbe____21011074____59141,67553-1,152,运行/运行/ATP-VSW/ATP-VSW-DOCK_HTVS_1-001_lib/ATP-VSW-DOCK_HTVS_1-001_lib,C[NH+](C)CCc1cccc(NC(=O)c2cc(-c3ccccn3)nc3ccccc23)c1,C[NH+](C)CCc1cccc(NC(=O)c2cc(-c3ccccn3)nc3ccccc23)c1,O=C(Nc1ccccc1)c1cc(-c2ccccn2)nc2ccccc12,C25H25N4O+,1.0,30.0,55.0,1.0,5bfb64d7e1ef878d23b5be796963e8ca67cf15029087ba3389d901832bcfc6f8,-4.78607981738936,-60.8600764218528,-0.159535993912979,1,1,1,matched,complete
ATP-HTVS-DBA84DBB4449,75299,rxn102c____EMOL1087657____EMOL3728368,75299-1,305,运行/运行/ATP-VSW/ATP-VSW-DOCK_HTVS_1-003_lib/ATP-VSW-DOCK_HTVS_1-003_lib.mae,C[NH+](C)Cc1cccc(Nc2nc3ccccc3nc2-c2ccccc2)c1,C[NH+](C)Cc1cccc(Nc2nc3ccccc3nc2-c2ccccc2)c1,c1ccc(Nc2nc3ccccc3nc2-c2ccccc2)cc1,C23H23N4+,1.0,27.0,50.0,1.0,aad663248d19d9fadeac28cf33d0a6b3742ae8b79eb4c89759ad9d3399181054,-4.34363774423427,-52.9254066301065,-0.160875472008677,2,2,2,matched,complete
ATP-HTVS-DBCC5241A393,4707,YAS_R001____OTV11186010____OTV7020410249,4707-2,307,运行/运行/ATP-VSW/ATP-VSW-DOCK_HTVS_1-003_lib/ATP-VSW-DOCK_HTVS_1-003_lib.mae,CC[NH+](CC)[C@H](CNC(=O)c1cn(Cc2ccccc2OC)c(=O)c2ccccc12)c1ccccc1,CC[NH+](CC)C(CNC(=O)c1cn(Cc2ccccc2OC)c(=O)c2ccccc12)c1ccccc1,O=C(NCCc1ccccc1)c1cn(Cc2ccccc2)c(=O)c2ccccc12,C30H34N3O3+,1.0,36.0,70.0,1.0,45a50d6d10cf1894de11efabd038f1c0d954cbdd993f219d8a71183238bbcacc,-4.3403287678026,-56.5436558772362,-0.120564687994517,3,3,3,matched,complete
ATP-HTVS-DC065C207C84,1282,YAS_R016____OTV5753507____OTV1000393____OTV2125330,1282-4,529,运行/运行/ATP-VSW/ATP-VSW-DOCK_HTVS_1-002_lib.maegz,CN(C)[C@H](CNC(=O)c1cc(COc2ccc(Cl)cc2)nc2ccccc12)c1ccc(O)cc1,CN(C)C(CNC(=O)c1cc(COc2ccc(Cl)cc2)nc2ccccc12)c1ccc(O)cc1,O=C(NCCc1ccccc1)c1cc(COc2ccccc2)nc2ccccc12,C27H26ClN3O3,0.0,34.0,60.0,1.0,68d655dd8f08b0544771fdcc1f150df33f7cc07e29b5f28b23b1449648533a7d,-3.75492037208767,-57.670264692876,-0.110438834473167,1,1,1,matched,complete
ATP-HTVS-DC18FC237305,12291,a4____181840____300740,12291-1,229,运行/运行/ATP-VSW/ATP-VSW-DOCK_HTVS_1-003_lib/ATP-VSW-DOCK_HTVS_1-003_lib.mae,CN(C)[C@@H](C[NH2+]Cc1cn(-c2ccccc2)nc1-c1ccc([N+](=O)[O-])cc1)c1cccc(F)c1,CN(C)C(C[NH2+]Cc1cn(-c2ccccc2)nc1-c1ccc([N+](=O)[O-])cc1)c1cccc(F)c1,c1ccc(CC[NH2+]Cc2cn(-c3ccccc3)nc2-c2ccccc2)cc1,C26H27FN5O2+,1.0,34.0,61.0,1.0,854564c009a0f23bcd42e1c9562703a2ab3c7264567b18d49f6fbf54a9e2444a,-4.56770157901695,-52.2980247137088,-0.134344164088734,4,4,4,matched,complete
ATP-HTVS-DC20B32D34B9,85249,rxn512c____EMOL486434____EMOL526741____EMOL2873214,85249-1,434,运行/运行/ATP-VSW/ATP-VSW-DOCK_HTVS_1-001_lib/ATP-VSW-DOCK_HTVS_1-001_lib,C[NH+](C)Cc1cccc(CNc2c(C(=O)Nc3ccc([N+](=O)[O-])cc3)sc3cc(F)ccc23)c1,C[NH+](C)Cc1cccc(CNc2c(C(=O)Nc3ccc([N+](=O)[O-])cc3)sc3cc(F)ccc23)c1,O=C(Nc1ccccc1)c1sc2ccccc2c1NCc1ccccc1,C25H24FN4O3S+,1.0,34.0,58.0,1.0,036575b2bcd5c5d49dc3bf6a86794c484968528f4a06a59209ba0fe77b15f5aa,-3.95074018980102,-49.221713265501,-0.116198240876501,2,2,2,matched,complete
ATP-HTVS-DC6B7BCD18A9,22914,m_269862bba____21655320____10542754,22914-1,72,运行/运行/ATP-VSW/ATP-VSW-DOCK_HTVS_1-002_lib.maegz,COc1cc(CC[NH2+][C@H](C)c2cccc(C[NH+](C)C)c2)c(OC)c2ccccc12,COc1cc(CC[NH2+]C(C)c2cccc(C[NH+](C)C)c2)c(OC)c2ccccc12,c1ccc(C[NH2+]CCc2ccc3ccccc3c2)cc1,C25H34N2O2+2,2.0,29.0,63.0,1.0,44991ee9988c0301318fa450aa6a8c80cdfb0723ddb3e9b20eec3d993dd11d63,-5.36206198882795,-58.113811619424,-0.184898689269929,5,5,5,matched,complete
ATP-HTVS-DC74BD16E68F,93697,rxn502a____EMOL45480251____EMOL44468894____EMOL50155899,93697-1,121,运行/运行/ATP-VSW/ATP-VSW-DOCK_HTVS_1-001_lib/ATP-VSW-DOCK_HTVS_1-001_lib,C[NH+](C)Cc1ccc(CNc2ccc(NC(=O)C(F)(F)c3ccccc3)nc2F)cc1,C[NH+](C)Cc1ccc(CNc2ccc(NC(=O)C(F)(F)c3ccccc3)nc2F)cc1,O=C(Cc1ccccc1)Nc1ccc(NCc2ccccc2)cn1,C23H24F3N4O+,1.0,31.0,55.0,1.0,7d5f2531581ef9b61b8a52fa5515c64261aad312bb71e8e2786eb591f16a2739,-4.9195203402618,-52.8198841962977,-0.158694204524574,2,2,2,matched,complete
ATP-HTVS-DCC6353C2378,60993,m_270004bbb____24497020____24720450,60993-1,197,运行/运行/ATP-VSW/ATP-VSW-DOCK_HTVS_1-001_lib/ATP-VSW-DOCK_HTVS_1-001_lib,COc1cc2ccccc2c(C[NH2+]Cc2cc(F)ccc2N2CC[NH+](C)CC2)c1OC,COc1cc2ccccc2c(C[NH2+]Cc2cc(F)ccc2N2CC[NH+](C)CC2)c1OC,c1ccc(N2CC[NH2+]CC2)c(C[NH2+]Cc2cccc3ccccc23)c1,C25H32FN3O2+2,2.0,31.0,63.0,1.0,a9a8ffe073a72ba4726ae8b39fd0544bd951232c8d4fd2da43a08f681adb3500,-4.64956227007196,-58.4030082682518,-0.149985879679741,4,4,4,matched,complete
ATP-HTVS-DCF81E89AD2E,18466,a1____58183____286425,18466-1,536,运行/运行/ATP-VSW/ATP-VSW-DOCK_HTVS_1-002_lib.maegz,O=C(NCc1ccc(CO)cc1)c1oc2ccccc2c1CSc1ccccc1Cl,O=C(NCc1ccc(CO)cc1)c1oc2ccccc2c1CSc1ccccc1Cl,O=C(NCc1ccccc1)c1oc2ccccc2c1CSc1ccccc1,C24H20ClNO3S,0.0,30.0,50.0,1.0,3078fc1cae2da19e3e92b83c9182123ec85920b4d358d8aad13eb9bd9a624ccf,-3.74027643486455,-50.5697643487443,-0.124675881162152,1,1,1,matched,complete
ATP-HTVS-DD1946FA5AC5,93185,rxn502a____EMOL882167____EMOL45980405____EMOL50155899,93185-1,816,运行/运行/ATP-VSW/ATP-VSW-DOCK_HTVS_1-001_lib/ATP-VSW-DOCK_HTVS_1-001_lib,CN(C(=O)C(C)(C)c1ccccc1)c1ncccc1NCc1ccc(C[NH+](C)C)cc1,CN(C(=O)C(C)(C)c1ccccc1)c1ncccc1NCc1ccc(C[NH+](C)C)cc1,O=C(Cc1ccccc1)Nc1ncccc1NCc1ccccc1,C26H33N4O+,1.0,31.0,64.0,1.0,359a8f0de41374291d348eb743bc1e3c70fe650a2e7c6bcee0b17f91aec4c0c5,-2.95789127203458,-38.6467688597857,-0.0954158474849866,3,3,3,matched,complete
ATP-HTVS-DD420CB019C5,66339,m_270004bbb____25344900____24720860,66339-1,68,运行/运行/ATP-VSW/ATP-VSW-DOCK_HTVS_1-003_lib/ATP-VSW-DOCK_HTVS_1-003_lib.mae,c1ccc(Cn2c(C[NH2+]Cc3cccc4c3NCCC4)nc3ccccc32)cc1,c1ccc(Cn2c(C[NH2+]Cc3cccc4c3NCCC4)nc3ccccc32)cc1,c1ccc(Cn2c(C[NH2+]Cc3cccc4c3NCCC4)nc3ccccc32)cc1,C25H27N4+,1.0,29.0,56.0,1.0,3637a9222c649cd4e5a72de0a536a9e4c066f7429afbeec801e068e0fa9d1375,-5.35440637487841,-60.8067364221428,-0.184634702582014,3,3,3,matched,complete
ATP-HTVS-DD59A7F9A26E,30113,m_270004bda____24170772____7547454,30113-1,1254,运行/运行/ATP-VSW/ATP-VSW-DOCK_HTVS_1-001_lib/ATP-VSW-DOCK_HTVS_1-001_lib,CN(C)c1ccc(CN2CC(=O)Nc3ccc(Br)cc3[C@H]2c2ccccc2)cc1,CN(C)c1ccc(CN2CC(=O)Nc3ccc(Br)cc3C2c2ccccc2)cc1,O=C1CN(Cc2ccccc2)C(c2ccccc2)c2ccccc2N1,C24H24BrN3O,0.0,29.0,53.0,1.0,65448df66a427b064673d023a8c23bcbe6078135cdfff466c489bbb5decb1aa6,-1.73410397426099,-37.764933735594,-0.0597966887676203,2,2,2,matched,complete
ATP-HTVS-DD7A369608E2,55074,m_271304bba____14772142____9305016,55074-1,113,运行/运行/ATP-VSW/ATP-VSW-DOCK_HTVS_1-002_lib.maegz,O=C([O-])CCc1ccccc1C[NH2+]Cc1cn(Cc2ccccc2)nc1-c1ccccc1,O=C([O-])CCc1ccccc1C[NH2+]Cc1cn(Cc2ccccc2)nc1-c1ccccc1,c1ccc(C[NH2+]Cc2cn(Cc3ccccc3)nc2-c2ccccc2)cc1,C27H27N3O2,0.0,32.0,59.0,1.0,adbaf55de4026a77b754ee8196741ef28ea66395946e41b7f837f0e242fef089,-5.05648671631932,-58.6673822635665,-0.158015209884979,2,2,2,matched,complete
ATP-HTVS-DDBB6FEB6103,43170,m_270004bbb____15722580____21435080,43170-2,7,运行/运行/ATP-VSW/ATP-VSW-DOCK_HTVS_1-002_lib.maegz,C[C@H](O)Cc1ccc(C[NH2+]Cc2oc3ccc(F)cc3c2-c2ccccc2)cc1,CC(O)Cc1ccc(C[NH2+]Cc2oc3ccc(F)cc3c2-c2ccccc2)cc1,c1ccc(C[NH2+]Cc2oc3ccccc3c2-c2ccccc2)cc1,C25H25FNO2+,1.0,29.0,54.0,1.0,4a0759120509f44ac4f0e4233a820e66d8eac0f6335001c9b5b6e27261533dde,-6.29318849134732,-71.7115134165612,-0.217006499701632,2,2,2,matched,complete
ATP-HTVS-DDC2C96F44C1,78947,rxn502b____EMOL480988____EMOL30488121____EMOL24630243,78947-1,408,运行/运行/ATP-VSW/ATP-VSW-DOCK_HTVS_1-003_lib/ATP-VSW-DOCK_HTVS_1-003_lib.mae,CN(c1c(NC(=O)c2ccccc2Cl)c[nH+]c2ccccc12)[C@@H](C#N)c1ccccc1,CN(c1c(NC(=O)c2ccccc2Cl)c[nH+]c2ccccc12)C(C#N)c1ccccc1,O=C(Nc1c[nH+]c2ccccc2c1NCc1ccccc1)c1ccccc1,C25H20ClN4O+,1.0,31.0,51.0,1.0,5784baa209ca055b2b2f92c5d4f229e345c558cbebfd0b6e2b47ee9fb386be61,-4.0020476853332,-51.5528887506228,-0.129098312430103,4,4,4,matched,complete
ATP-HTVS-DDCEA98BB6BE,81569,rxn502b____EMOL44690203____EMOL13728749____EMOL44153840,81569-2,1094,运行/运行/ATP-VSW/ATP-VSW-DOCK_HTVS_1-001_lib/ATP-VSW-DOCK_HTVS_1-001_lib,CCN(CC)Cc1cccc(CNc2cnc3ccccc3c2NC(=O)Cc2ccc(F)c(C#N)c2)c1,CCN(CC)Cc1cccc(CNc2cnc3ccccc3c2NC(=O)Cc2ccc(F)c(C#N)c2)c1,O=C(Cc1ccccc1)Nc1c(NCc2ccccc2)cnc2ccccc12,C30H30FN5O,0.0,37.0,67.0,1.0,b2bb786787f1f0b3361016c16388b0d7a93c24ece8f92dd1f8ee530214176f98,-2.19391511950083,-50.7560670693152,-0.0592950032297521,1,1,1,matched,complete
ATP-HTVS-DDD75C103081,34241,m_270004bbb____23846716____9705990,34241-2,298,运行/运行/ATP-VSW/ATP-VSW-DOCK_HTVS_1-001_lib/ATP-VSW-DOCK_HTVS_1-001_lib,CN(c1ccccc1)c1ccc(C[NH2+]C[C@@H](C[NH+](C)C)c2ccc(Cl)cc2)cn1,CN(c1ccccc1)c1ccc(C[NH2+]CC(C[NH+](C)C)c2ccc(Cl)cc2)cn1,c1ccc(CC[NH2+]Cc2ccc(Nc3ccccc3)nc2)cc1,C24H31ClN4+2,2.0,29.0,60.0,1.0,e8a296c1663c86bb2d56fd030bd0353422fe1d1b7fac1bb58623b5e7c49a207c,-4.35008608882417,-53.1505327050647,-0.150002968580144,2,2,2,matched,complete
ATP-HTVS-DDECBBA12C43,32899,m_270004bbb____8289034____16711616,32899-1,479,运行/运行/ATP-VSW/ATP-VSW-DOCK_HTVS_1-003_lib/ATP-VSW-DOCK_HTVS_1-003_lib.mae,CC[NH+](CC)Cc1ccccc1C[NH2+]Cc1c(-c2ccccc2)nn2ccccc12,CC[NH+](CC)Cc1ccccc1C[NH2+]Cc1c(-c2ccccc2)nn2ccccc12,c1ccc(C[NH2+]Cc2c(-c3ccccc3)nn3ccccc23)cc1,C26H32N4+2,2.0,30.0,62.0,1.0,798255fd9cd10a4c9e691a2f445d694bb1cf9fbc7c2491fbac7be39821a5c656,-3.84825256124743,-56.8146471400977,-0.128275085374914,3,3,3,matched,complete
ATP-HTVS-DE3670B8C5ED,53473,m_271304bca____8910674____9304626,53473-2,767,运行/运行/ATP-VSW/ATP-VSW-DOCK_HTVS_1-001_lib/ATP-VSW-DOCK_HTVS_1-001_lib,Cc1ccc([C@H]([NH2+]Cc2ccc(OCc3ccccc3)c(OCc3ccccc3)c2)C(=O)[O-])cc1,Cc1ccc(C([NH2+]Cc2ccc(OCc3ccccc3)c(OCc3ccccc3)c2)C(=O)[O-])cc1,c1ccc(C[NH2+]Cc2ccc(OCc3ccccc3)c(OCc3ccccc3)c2)cc1,C30H29NO4,0.0,35.0,64.0,1.0,305fd85c82cc8209455a11fb1b8f79fa5cb355eb86aab780e42481e7bef6bd52,-3.1188645256653,-39.2236459712807,-0.0891104150190086,4,4,4,matched,complete
ATP-HTVS-DED96A59EB26,77315,rxn502b____EMOL32280493____EMOL13728749____EMOL44153840,77315-1,473,运行/运行/ATP-VSW/ATP-VSW-DOCK_HTVS_1-003_lib/ATP-VSW-DOCK_HTVS_1-003_lib.mae,CC[NH+](CC)Cc1cccc(CNc2cnc3ccccc3c2NC(=O)Cc2ccccc2OC)c1,CC[NH+](CC)Cc1cccc(CNc2cnc3ccccc3c2NC(=O)Cc2ccccc2OC)c1,O=C(Cc1ccccc1)Nc1c(NCc2ccccc2)cnc2ccccc12,C30H35N4O2+,1.0,36.0,71.0,1.0,25c827d092b2902ff268fb9af2466fb8cfaa01e1b3851587b7e15922708d97f6,-3.8615472601887,-57.0186439465282,-0.107265201671908,2,2,2,matched,complete
ATP-HTVS-DF13A29C86DC,74403,rxn502b____EMOL44385606____EMOL44466703____EMOL50155899,74403-1,178,运行/运行/ATP-VSW/ATP-VSW-DOCK_HTVS_1-003_lib/ATP-VSW-DOCK_HTVS_1-003_lib.mae,C[NH+](C)Cc1ccc(CNc2cc3ccccc3nc2NC(=O)c2cccc(F)c2C#N)cc1,C[NH+](C)Cc1ccc(CNc2cc3ccccc3nc2NC(=O)c2cccc(F)c2C#N)cc1,O=C(Nc1nc2ccccc2cc1NCc1ccccc1)c1ccccc1,C27H25FN5O+,1.0,34.0,59.0,1.0,bd6925f82350e488a0d32d2685da5107230492bbf60b12e1e0453be082791d9c,-4.75652940885682,-59.1908967608156,-0.139897923789907,2,2,2,matched,complete
ATP-HTVS-DF25A3EF4846,92450,rxn102b____EMOL2732950____EMOL36800816,92450-1,205,运行/运行/ATP-VSW/ATP-VSW-DOCK_HTVS_1-002_lib.maegz,C[NH+](C)Cc1ccc(Nc2ncccc2OCc2ccc(Br)cc2)cc1,C[NH+](C)Cc1ccc(Nc2ncccc2OCc2ccc(Br)cc2)cc1,c1ccc(COc2cccnc2Nc2ccccc2)cc1,C21H23BrN3O+,1.0,26.0,49.0,1.0,b1352c6143fd6bd1c3029bdfd3f40479dd1fb3ba07ab218ec789f947bf116f69,-4.65282161841121,-49.0743248850451,-0.178954677631201,2,2,2,matched,complete
ATP-HTVS-DF2EF65723F2,77667,rxn502c____EMOL707808____EMOL49259969____EMOL50155899,77667-1,409,运行/运行/ATP-VSW/ATP-VSW-DOCK_HTVS_1-003_lib/ATP-VSW-DOCK_HTVS_1-003_lib.mae,CN(Cc1sc2ccccc2c1NCc1ccc(C[NH+](C)C)cc1)C(=O)Cn1cccc1,CN(Cc1sc2ccccc2c1NCc1ccc(C[NH+](C)C)cc1)C(=O)Cn1cccc1,O=C(Cn1cccc1)NCc1sc2ccccc2c1NCc1ccccc1,C26H31N4OS+,1.0,32.0,63.0,1.0,e90715f885fced6808684e87f6662df88dc6e49345c030a9792773e86092e97c,-4.00197921522981,-50.5336576893958,-0.125061850475932,2,2,2,matched,complete
ATP-HTVS-DF60AB231AB0,75491,rxn502b____EMOL491637____EMOL7515103____EMOL108753565,75491-1,114,运行/运行/ATP-VSW/ATP-VSW-DOCK_HTVS_1-003_lib/ATP-VSW-DOCK_HTVS_1-003_lib.mae,C[NH2+]Cc1ccc(CNc2cnc(NC(=O)Cc3cccc(F)c3)c3ccccc23)cc1,C[NH2+]Cc1ccc(CNc2cnc(NC(=O)Cc3cccc(F)c3)c3ccccc23)cc1,O=C(Cc1ccccc1)Nc1ncc(NCc2ccccc2)c2ccccc12,C26H26FN4O+,1.0,32.0,58.0,1.0,2fd23ba2cd8f387f8833bc1c3a26d94fa2fe7a18619d67f1a6ea5fde2f2bf9f4,-5.02117396049861,-53.6502447260645,-0.156911686265582,2,2,2,matched,complete
ATP-HTVS-DF8AF7E8BFB3,30433,m_270004bbb____12219716____9143636,30433-4,16,运行/运行/ATP-VSW/ATP-VSW-DOCK_HTVS_1-001_lib/ATP-VSW-DOCK_HTVS_1-001_lib,C[C@H](C[NH2+]C[C@@H]1c2ccccc2C(=O)N1Cc1ccccc1)c1ccccc1,CC(C[NH2+]CC1c2ccccc2C(=O)N1Cc1ccccc1)c1ccccc1,O=C1c2ccccc2C(C[NH2+]CCc2ccccc2)N1Cc1ccccc1,C25H27N2O+,1.0,28.0,55.0,1.0,1a9520e279cf5c4da3ae5244e4cc7261e1c8b3147014c4d01332d4ff3dc2d90f,-5.97841732994679,-60.571791015161,-0.213514904640957,2,2,2,matched,complete
ATP-HTVS-DF95DE08029D,59970,m_2230bdc____14772912____666418,59970-2,1271,运行/运行/ATP-VSW/ATP-VSW-DOCK_HTVS_1-002_lib.maegz,O=C1CN(Cc2ccc(F)c(F)c2)[C@H](c2ccccc2F)c2cc(Cl)ccc2N1,O=C1CN(Cc2ccc(F)c(F)c2)C(c2ccccc2F)c2cc(Cl)ccc2N1,O=C1CN(Cc2ccccc2)C(c2ccccc2)c2ccccc2N1,C22H16ClF3N2O,0.0,29.0,45.0,1.0,3b4b42d8e4d539fca9448b28db0a856ff59ba52a583ede3cc430b40d6244ae12,-1.58336500416447,-36.2967608986172,-0.0545987932470507,2,2,2,matched,complete
ATP-HTVS-DF96FF74234A,32323,m_270004bbb____8288884____7548974,32323-1,24,运行/运行/ATP-VSW/ATP-VSW-DOCK_HTVS_1-003_lib/ATP-VSW-DOCK_HTVS_1-003_lib.mae,CC(=O)N(c1ccc(Cl)cc1)c1nc(C[NH2+]Cc2ccc(C[NH+](C)C)cc2)cs1,CC(=O)N(c1ccc(Cl)cc1)c1nc(C[NH2+]Cc2ccc(C[NH+](C)C)cc2)cs1,c1ccc(C[NH2+]Cc2csc(Nc3ccccc3)n2)cc1,C22H27ClN4OS+2,2.0,29.0,56.0,1.0,9e5b5cc82fd16ea7215589dfe533dd9cffcab854485844f79bdd27f3f427ff8d,-5.71357845935537,-72.222316622921,-0.197019946874323,4,4,4,matched,complete
ATP-HTVS-DFB30BBC8B3D,65474,m_270004bbb____21668748____7547626,65474-1,424,运行/运行/ATP-VSW/ATP-VSW-DOCK_HTVS_1-002_lib.maegz,Cc1ccc(-c2nn(Cc3ccccc3)cc2C[NH2+]C[C@@H](c2cccnc2)N2CCCC2)cc1,Cc1ccc(-c2nn(Cc3ccccc3)cc2C[NH2+]CC(c2cccnc2)N2CCCC2)cc1,c1ccc(Cn2cc(C[NH2+]CC(c3cccnc3)N3CCCC3)c(-c3ccccc3)n2)cc1,C29H34N5+,1.0,34.0,68.0,1.0,297cff67e969c28beeb4ec432bd789ed5823a8f09b1cb0aff534792625cf6135,-4.03350461774628,-58.5774598597626,-0.118632488757244,2,2,2,matched,complete
ATP-HTVS-DFD60D9DE448,62242,m_272430bbb____11499548____10044804,62242-1,224,运行/运行/ATP-VSW/ATP-VSW-DOCK_HTVS_1-002_lib.maegz,[NH3+]Cc1ccccc1CNC(=O)c1oc2ccccc2c1CSc1ccccc1F,[NH3+]Cc1ccccc1CNC(=O)c1oc2ccccc2c1CSc1ccccc1F,O=C(NCc1ccccc1)c1oc2ccccc2c1CSc1ccccc1,C24H22FN2O2S+,1.0,30.0,52.0,1.0,921255c39ddc776d9b0dfcd76528197ff0a9240073b95ac593b7e094eaf1b7d4,-4.57804859655042,-61.299650187474,-0.152601619885014,2,2,2,matched,complete
ATP-HTVS-DFE69C12D963,69825,rxn512c____EMOL35875322____EMOL523944____EMOL2873214,69825-1,511,运行/运行/ATP-VSW/ATP-VSW-DOCK_HTVS_1-001_lib/ATP-VSW-DOCK_HTVS_1-001_lib,CN(C(=O)c1sc2ccccc2c1NCc1cccc(C[NH+](C)C)c1)c1ccccc1C#N,CN(C(=O)c1sc2ccccc2c1NCc1cccc(C[NH+](C)C)c1)c1ccccc1C#N,O=C(Nc1ccccc1)c1sc2ccccc2c1NCc1ccccc1,C27H27N4OS+,1.0,33.0,60.0,1.0,269dab81f6a3894e48be7bc9d257e8a7fe4bd26d57f3367058c65eefb1842643,-3.79268187707389,-48.8012169348933,-0.114929753850724,2,2,2,matched,complete
ATP-HTVS-E0074D38582E,55073,m_271304bba____12332452____9305016,55073-1,317,运行/运行/ATP-VSW/ATP-VSW-DOCK_HTVS_1-001_lib/ATP-VSW-DOCK_HTVS_1-001_lib,O=C([O-])CCc1cccc(C[NH2+]Cc2cn(Cc3ccccc3)nc2-c2ccccc2)c1,O=C([O-])CCc1cccc(C[NH2+]Cc2cn(Cc3ccccc3)nc2-c2ccccc2)c1,c1ccc(C[NH2+]Cc2cn(Cc3ccccc3)nc2-c2ccccc2)cc1,C27H27N3O2,0.0,32.0,59.0,1.0,f602528e963b0c09309109f526aab9665cb64b927a0f4ff880ca41e31c02164c,-4.28399404678728,-52.8625642317771,-0.133874813962103,2,2,2,matched,complete
ATP-HTVS-E00D3A602E3C,48993,m_282030aaa____21928756____22360182____21960652,48993-1,528,运行/运行/ATP-VSW/ATP-VSW-DOCK_HTVS_1-001_lib/ATP-VSW-DOCK_HTVS_1-001_lib,CC(C)Nc1cccc(CNc2nc(NCCc3ccc(N)cc3)c3ccccc3[nH+]2)c1,CC(C)Nc1cccc(CNc2nc(NCCc3ccc(N)cc3)c3ccccc3[nH+]2)c1,c1ccc(CCNc2nc(NCc3ccccc3)[nH+]c3ccccc23)cc1,C26H31N6+,1.0,32.0,63.0,1.0,76fe824ae3dd1bea02072788026215bfc11d665ec5161fffaaf3a0071c107c5a,-3.76791451201623,-42.5970048058077,-0.117747328500507,4,4,4,matched,complete
ATP-HTVS-E027274C2018,1953,YAS_R004____OTV1506428____OTV2084332____OTV1055862,1953-1,336,运行/运行/ATP-VSW/ATP-VSW-DOCK_HTVS_1-001_lib/ATP-VSW-DOCK_HTVS_1-001_lib,Cc1ccc([C@@H](O)CNc2cc(-c3cccnc3)[nH+]c3ccc(F)cc23)cc1,Cc1ccc(C(O)CNc2cc(-c3cccnc3)[nH+]c3ccc(F)cc23)cc1,c1ccc(CCNc2cc(-c3cccnc3)[nH+]c3ccccc23)cc1,C23H21FN3O+,1.0,28.0,49.0,1.0,6e1cb4819b21e78bb7b15c0860a0e1ba0ca2e791c4aac16c3de9573e612d3c35,-4.22789681101212,-50.8994192800299,-0.150996314679004,4,4,4,matched,complete
ATP-HTVS-E0444895C82B,63873,m_282030aaa____21928796____23157418____21941636,63873-1,259,运行/运行/ATP-VSW/ATP-VSW-DOCK_HTVS_1-001_lib/ATP-VSW-DOCK_HTVS_1-001_lib,Cc1cc(CNc2nc3ccccc3nc2NCc2cccc(C[NH+](C)C)c2)ccc1N,Cc1cc(CNc2nc3ccccc3nc2NCc2cccc(C[NH+](C)C)c2)ccc1N,c1ccc(CNc2nc3ccccc3nc2NCc2ccccc2)cc1,C26H31N6+,1.0,32.0,63.0,1.0,e49d7684afc4f2c0a2d1f8718ee9fd38c79de5c8290c47945a9d402e58dd5625,-4.46030894923791,-56.0531601511727,-0.139384654663685,3,3,3,matched,complete
ATP-HTVS-E05E864FAEC7,61057,m_270004bbb____12219716____10115208,61057-1,405,运行/运行/ATP-VSW/ATP-VSW-DOCK_HTVS_1-001_lib/ATP-VSW-DOCK_HTVS_1-001_lib,COc1cccc(OC)c1C[NH2+]C[C@H]1c2ccccc2C(=O)N1Cc1ccccc1,COc1cccc(OC)c1C[NH2+]CC1c2ccccc2C(=O)N1Cc1ccccc1,O=C1c2ccccc2C(C[NH2+]Cc2ccccc2)N1Cc1ccccc1,C25H27N2O3+,1.0,30.0,57.0,1.0,1d2ca4a1ab225802d63e9ff2d513b4eea3fb1c1df0332508cf48a2392c1a3898,-4.04070251326538,-49.0219709562361,-0.134690083775513,4,4,4,matched,complete
ATP-HTVS-E0849D225AC7,3554,YAT_R021a____OTV1262439____OTV0133160093____OTV999670,3554-1,292,运行/运行/ATP-VSW/ATP-VSW-DOCK_HTVS_1-002_lib.maegz,Cc1ccc(NC(=O)COc2ccc3ccccc3c2C(=O)N(C)c2ccccc2)cc1,Cc1ccc(NC(=O)COc2ccc3ccccc3c2C(=O)N(C)c2ccccc2)cc1,O=C(COc1ccc2ccccc2c1C(=O)Nc1ccccc1)Nc1ccccc1,C27H24N2O3,0.0,32.0,56.0,1.0,0eb59cccff6033647aaed0b415c5e6bc728264f4b4f400afc09a35652ba31df5,-4.39783568323463,-51.1261346093552,-0.137432365101082,1,1,1,matched,complete
ATP-HTVS-E08CF4D489F1,75427,rxn102c____EMOL49832880____EMOL27484968,75427-1,75,运行/运行/ATP-VSW/ATP-VSW-DOCK_HTVS_1-003_lib/ATP-VSW-DOCK_HTVS_1-003_lib.mae,[NH3+]CCNc1ccc(Nc2[nH+]c(-c3ccc(Cl)cc3)cn2/N=C/c2ccccc2)cc1,[NH3+]CCNc1ccc(Nc2[nH+]c(-c3ccc(Cl)cc3)cn2N=Cc2ccccc2)cc1,C(=Nn1cc(-c2ccccc2)[nH+]c1Nc1ccccc1)c1ccccc1,C24H25ClN6+2,2.0,31.0,56.0,1.0,352f8e527abb7155a0f3ad9d78ab029496b1da81dff52e46d8a575ef6526e3e9,-5.31324249686981,-61.0805469386267,-0.171394919253865,2,2,2,matched,complete
ATP-HTVS-E08F75BAC913,81122,rxn502b____EMOL2730723____EMOL13728749____EMOL50155899,81122-1,814,运行/运行/ATP-VSW/ATP-VSW-DOCK_HTVS_1-002_lib.maegz,COC(=O)c1cc(F)cc(C(=O)Nc2c(NCc3ccc(C[NH+](C)C)cc3)cnc3ccccc23)c1,COC(=O)c1cc(F)cc(C(=O)Nc2c(NCc3ccc(C[NH+](C)C)cc3)cnc3ccccc23)c1,O=C(Nc1c(NCc2ccccc2)cnc2ccccc12)c1ccccc1,C28H28FN4O3+,1.0,36.0,64.0,1.0,6b2d264ee23f7b0ee524a71e1e944bb5090938e69baf4b137ba19691f8f418c2,-3.00245958119247,-46.8244028245603,-0.0834016550331242,3,3,3,matched,complete
ATP-HTVS-E0D09F3A28CB,93633,rxn102c____EMOL4852476____EMOL725234,93633-2,122,运行/运行/ATP-VSW/ATP-VSW-DOCK_HTVS_1-001_lib/ATP-VSW-DOCK_HTVS_1-001_lib,C[NH+]1CCN(c2ccccc2CNc2cccc([C@@H](C#N)c3ccccc3)n2)CC1,C[NH+]1CCN(c2ccccc2CNc2cccc(C(C#N)c3ccccc3)n2)CC1,c1ccc(Cc2cccc(NCc3ccccc3N3CC[NH2+]CC3)n2)cc1,C25H28N5+,1.0,30.0,58.0,1.0,673cd7a9582e956cad410c1e3c196c1910f878d3feae6fc58494d82046a076a2,-4.91671011948012,-52.0389283341498,-0.163890337316004,4,4,4,matched,complete
ATP-HTVS-E0E8748999A4,82849,rxn502b____EMOL4351685____EMOL13728749____EMOL50155899,82849-1,148,运行/运行/ATP-VSW/ATP-VSW-DOCK_HTVS_1-001_lib/ATP-VSW-DOCK_HTVS_1-001_lib,C[NH+](C)Cc1ccc(CNc2cnc3ccccc3c2NC(=O)Cc2cccc(Cl)n2)cc1,C[NH+](C)Cc1ccc(CNc2cnc3ccccc3c2NC(=O)Cc2cccc(Cl)n2)cc1,O=C(Cc1ccccn1)Nc1c(NCc2ccccc2)cnc2ccccc12,C26H27ClN5O+,1.0,33.0,60.0,1.0,9f27c5ab2a2549e5e3c0cae2d689281768a0b90915e6bbc924f663a43dfb5953,-4.79768009667288,-63.3405000601848,-0.145384245353724,3,3,3,matched,complete
ATP-HTVS-E124973F868C,75906,rxn502c____EMOL44385606____EMOL49259969____EMOL50155899,75906-1,68,运行/运行/ATP-VSW/ATP-VSW-DOCK_HTVS_1-002_lib.maegz,CN(Cc1sc2ccccc2c1NCc1ccc(C[NH+](C)C)cc1)C(=O)c1cccc(F)c1C#N,CN(Cc1sc2ccccc2c1NCc1ccc(C[NH+](C)C)cc1)C(=O)c1cccc(F)c1C#N,O=C(NCc1sc2ccccc2c1NCc1ccccc1)c1ccccc1,C28H28FN4OS+,1.0,35.0,63.0,1.0,73f8112f410cd3c2c52b717757b2ad5b9143bb3ea95f7ee028c5c88ec98444cb,-5.38528221036345,-65.0229926963734,-0.153865206010384,2,2,2,matched,complete
ATP-HTVS-E14A9B461B4E,20705,Shen____49239300____25682261____40180766,20705-2,7,运行/运行/ATP-VSW/ATP-VSW-DOCK_HTVS_1-001_lib/ATP-VSW-DOCK_HTVS_1-001_lib,Cc1c(F)cccc1-c1cc(CC[NH2+]Cc2ccccc2)n(C(=O)[C@@](C)(N)c2ccccc2)n1,Cc1c(F)cccc1-c1cc(CC[NH2+]Cc2ccccc2)n(C(=O)C(C)(N)c2ccccc2)n1,O=C(Cc1ccccc1)n1nc(-c2ccccc2)cc1CC[NH2+]Cc1ccccc1,C28H30FN4O+,1.0,34.0,64.0,1.0,7c1d27b9ea9db217a6092617d4b896610ef6fb22a22c47a24dc3bcab2b1d11c1,-6.20297626676873,-66.9054750427596,-0.182440478434374,3,3,3,matched,complete
ATP-HTVS-E1C245C409AF,78465,rxn502c____EMOL31600582____EMOL49259969____EMOL324170366,78465-1,755,运行/运行/ATP-VSW/ATP-VSW-DOCK_HTVS_1-001_lib/ATP-VSW-DOCK_HTVS_1-001_lib,C#Cc1cccc(C(=O)N(C)Cc2sc3ccccc3c2NCc2ccc(NCCO)cc2)c1,C#Cc1cccc(C(=O)N(C)Cc2sc3ccccc3c2NCc2ccc(NCCO)cc2)c1,O=C(NCc1sc2ccccc2c1NCc1ccccc1)c1ccccc1,C28H27N3O2S,0.0,34.0,61.0,1.0,401947371db7e5647e398bda8078cbb2486e5a0edb94f4976736dc93745ea1d1,-3.15659262772222,-48.9050110051162,-0.0928409596388889,1,1,1,matched,complete
ATP-HTVS-E1C6EE43BDB1,58563,m_282030aaa____21933634____23157418____21938276,58563-1,337,运行/运行/ATP-VSW/ATP-VSW-DOCK_HTVS_1-003_lib/ATP-VSW-DOCK_HTVS_1-003_lib.mae,CNc1ccc(CNc2nc3ccccc3nc2N(C)Cc2ccc(C[NH+](C)C)cc2)cc1,CNc1ccc(CNc2nc3ccccc3nc2N(C)Cc2ccc(C[NH+](C)C)cc2)cc1,c1ccc(CNc2nc3ccccc3nc2NCc2ccccc2)cc1,C27H33N6+,1.0,33.0,66.0,1.0,a41a835ca8d8b68f8f7cf1acee490fdbe7131fb11ee1014f380d38f84336f369,-4.2350556188793,-49.8756017797284,-0.128335018753918,3,3,3,matched,complete
ATP-HTVS-E1CE322086D6,92705,rxn502b____EMOL509335____EMOL30488121____EMOL36790511,92705-3,803,运行/运行/ATP-VSW/ATP-VSW-DOCK_HTVS_1-001_lib/ATP-VSW-DOCK_HTVS_1-001_lib,C[C@H](C#N)N(c1ccccc1)c1c(NC(=O)c2cccc([S-])c2)c[nH+]c2ccccc12,CC(C#N)N(c1ccccc1)c1c(NC(=O)c2cccc([S-])c2)c[nH+]c2ccccc12,O=C(Nc1c[nH+]c2ccccc2c1Nc1ccccc1)c1ccccc1,C25H20N4OS,0.0,31.0,51.0,1.0,4fdf94a28e79fc483f58097839fd419e2bc3de805359a077acc447464b42e0e6,-2.99405186690572,-57.4190792984357,-0.0965823182872811,6,6,6,matched,complete
ATP-HTVS-E1EEBF193F90,39106,m_282030aaa____21914690____22360182____21940090,39106-1,473,运行/运行/ATP-VSW/ATP-VSW-DOCK_HTVS_1-002_lib.maegz,C[NH+](C)Cc1cccc(CNc2nc(NCc3c(F)cccc3Br)c3ccccc3[nH+]2)c1,C[NH+](C)Cc1cccc(CNc2nc(NCc3c(F)cccc3Br)c3ccccc3[nH+]2)c1,c1ccc(CNc2nc(NCc3ccccc3)c3ccccc3[nH+]2)cc1,C25H27BrFN5+2,2.0,32.0,59.0,1.0,65203fdac031a44265a8941d5279db3e625b2e3929aa60b70b32240c93f88a20,-3.90988889867968,-51.9278948617931,-0.12218402808374,1,1,1,matched,complete
ATP-HTVS-E2020C00AE4E,70850,rxn502b____EMOL1014130____EMOL30488121____EMOL712348,70850-1,525,运行/运行/ATP-VSW/ATP-VSW-DOCK_HTVS_1-002_lib.maegz,Cc1ccccc1CC(=O)Nc1cnc2ccccc2c1N(CC#N)c1ccccc1,Cc1ccccc1CC(=O)Nc1cnc2ccccc2c1N(CC#N)c1ccccc1,O=C(Cc1ccccc1)Nc1cnc2ccccc2c1Nc1ccccc1,C26H22N4O,0.0,31.0,53.0,1.0,f9e9c3c4b02c14e060f17e59f5805debdb9b796bff28d302b790448f386c0fbd,-3.76574555444761,-44.0672948258289,-0.121475663046697,2,2,2,matched,complete
ATP-HTVS-E20398B5FF99,20961,Shen____49239300____530956____40180766,20961-2,484,运行/运行/ATP-VSW/ATP-VSW-DOCK_HTVS_1-001_lib/ATP-VSW-DOCK_HTVS_1-001_lib,C[C@@](N)(C(=O)n1nc(-c2ccccn2)cc1CC[NH2+]Cc1ccccc1)c1ccccc1,CC(N)(C(=O)n1nc(-c2ccccn2)cc1CC[NH2+]Cc1ccccc1)c1ccccc1,O=C(Cc1ccccc1)n1nc(-c2ccccn2)cc1CC[NH2+]Cc1ccccc1,C26H28N5O+,1.0,32.0,60.0,1.0,ae4742e511b0bc7ee4c86fdd6877209be23dfaa8b58ae0e7fb6f0ab92cacd243,-3.85077388713946,-43.1786225743577,-0.120336683973108,4,4,4,matched,complete
ATP-HTVS-E22DE85EEE62,82273,rxn102c____EMOL30152961____EMOL324170366,82273-1,190,运行/运行/ATP-VSW/ATP-VSW-DOCK_HTVS_1-001_lib/ATP-VSW-DOCK_HTVS_1-001_lib,OCCNc1ccc(CNc2[nH+]c(CO)ccc2OCc2ccccc2)cc1,OCCNc1ccc(CNc2[nH+]c(CO)ccc2OCc2ccccc2)cc1,c1ccc(CNc2[nH+]cccc2OCc2ccccc2)cc1,C22H26N3O3+,1.0,28.0,54.0,1.0,24879f37c31d36a7b7dd5d038af5f54c447d2f03b72b692aa02ce659984ec02f,-4.66828346953391,-56.3561957092435,-0.166724409626211,2,2,2,matched,complete
ATP-HTVS-E2321FC28CB2,69889,rxn102c____EMOL1087657____EMOL50155899,69889-1,421,运行/运行/ATP-VSW/ATP-VSW-DOCK_HTVS_1-001_lib/ATP-VSW-DOCK_HTVS_1-001_lib,C[NH+](C)Cc1ccc(CNc2nc3ccccc3nc2-c2ccccc2)cc1,C[NH+](C)Cc1ccc(CNc2nc3ccccc3nc2-c2ccccc2)cc1,c1ccc(CNc2nc3ccccc3nc2-c2ccccc2)cc1,C24H25N4+,1.0,28.0,53.0,1.0,db7ca3136d581c4196350b07651ec631beec2de4b45877263e8bc16c66be07bf,-4.0080424672651,-49.4170682646387,-0.143144373830896,1,1,1,matched,complete
ATP-HTVS-E2660D394356,62850,m_282030aaa____21899930____22360182____21979096,62850-4,270,运行/运行/ATP-VSW/ATP-VSW-DOCK_HTVS_1-002_lib.maegz,CC(C)[NH2+]c1ccc(CNc2nc(NC[C@@H](CO)c3cccc(F)c3)c3ccccc3[nH+]2)cc1,CC(C)[NH2+]c1ccc(CNc2nc(NCC(CO)c3cccc(F)c3)c3ccccc3[nH+]2)cc1,c1ccc(CCNc2nc(NCc3ccccc3)[nH+]c3ccccc23)cc1,C27H32FN5O+2,2.0,34.0,66.0,1.0,467c9a72124318cf132c3e53eeb1261f7ca93d54b5606976ce91bcefb2164b68,-4.45302527368801,-62.3093043951037,-0.130971331579059,2,2,2,matched,complete
ATP-HTVS-E27332E37A66,84834,rxn502b____EMOL331054254____EMOL44466703____EMOL24630243,84834-4,413,运行/运行/ATP-VSW/ATP-VSW-DOCK_HTVS_1-002_lib.maegz,CN(C)[C@H](C(=O)Nc1nc2ccccc2cc1N(C)[C@H](C#N)c1ccccc1)c1ccc(Cl)cc1,CN(C)C(C(=O)Nc1nc2ccccc2cc1N(C)C(C#N)c1ccccc1)c1ccc(Cl)cc1,O=C(Cc1ccccc1)Nc1nc2ccccc2cc1NCc1ccccc1,C28H26ClN5O,0.0,35.0,61.0,1.0,dcfa78ee632b51cbb1ea4001f0e4e01cf7940847509d4b6544efab59e687b4fb,-4.06971303384061,-53.9294620663381,-0.116277515252589,11,11,11,matched,complete
ATP-HTVS-E298C966C019,61537,m_282030aaa____21929760____22360182____21977402,61537-1,201,运行/运行/ATP-VSW/ATP-VSW-DOCK_HTVS_1-001_lib/ATP-VSW-DOCK_HTVS_1-001_lib,Cc1cc(N)ccc1CNc1nc(NCc2ccc(C[NH+](C)C)cc2)[nH+]c2ccccc12,Cc1cc(N)ccc1CNc1nc(NCc2ccc(C[NH+](C)C)cc2)[nH+]c2ccccc12,c1ccc(CNc2nc(NCc3ccccc3)c3ccccc3[nH+]2)cc1,C26H32N6+2,2.0,32.0,64.0,1.0,a129ed6e52c23f8f9cde815eeb207250a24cbe870637ee364e9702c6d78d298a,-4.6360237373466,-56.8056092903448,-0.144875741792081,4,4,4,matched,complete
ATP-HTVS-E2A28C61F774,89313,rxn502b____EMOL5415347____EMOL44466703____EMOL36798766,89313-1,538,运行/运行/ATP-VSW/ATP-VSW-DOCK_HTVS_1-001_lib/ATP-VSW-DOCK_HTVS_1-001_lib,C[NH+](C)Cc1ccccc1C(=O)Nc1nc2ccccc2cc1N/C(=C\C#N)c1ccc(Cl)cc1,C[NH+](C)Cc1ccccc1C(=O)Nc1nc2ccccc2cc1NC(=CC#N)c1ccc(Cl)cc1,C=C(Nc1cc2ccccc2nc1NC(=O)c1ccccc1)c1ccccc1,C28H25ClN5O+,1.0,35.0,60.0,1.0,2045ec7a0ed4677711236f8c32f5953a951f606cd1a38f127f0689c3b0e809dc,-3.74761987849398,-55.313091844141,-0.107074853671256,2,2,2,matched,complete
ATP-HTVS-E2AE692EC3A5,69985,rxn502b____EMOL18624763____EMOL44466703____EMOL24630243,69985-2,354,运行/运行/ATP-VSW/ATP-VSW-DOCK_HTVS_1-001_lib/ATP-VSW-DOCK_HTVS_1-001_lib,CN(c1cc2ccccc2nc1NC(=O)c1ccc(C[NH+](C)C)cc1)[C@H](C#N)c1ccccc1,CN(c1cc2ccccc2nc1NC(=O)c1ccc(C[NH+](C)C)cc1)C(C#N)c1ccccc1,O=C(Nc1nc2ccccc2cc1NCc1ccccc1)c1ccccc1,C28H28N5O+,1.0,34.0,62.0,1.0,bd1529082caa37c4518d906dd838aeb2366a38d80b43ac1dedde89806ded6208,-4.18650402862766,-50.4831701714512,-0.123132471430225,4,4,4,matched,complete
ATP-HTVS-E2D3668E21DF,35265,m_282030aaa____21905082____22360182____21967972,35265-1,592,运行/运行/ATP-VSW/ATP-VSW-DOCK_HTVS_1-001_lib/ATP-VSW-DOCK_HTVS_1-001_lib,Cc1cc(N)cc(CNc2nc(NCCc3ccc(C[NH+](C)C)cc3)c3ccccc3[nH+]2)c1,Cc1cc(N)cc(CNc2nc(NCCc3ccc(C[NH+](C)C)cc3)c3ccccc3[nH+]2)c1,c1ccc(CCNc2nc(NCc3ccccc3)[nH+]c3ccccc23)cc1,C27H34N6+2,2.0,33.0,67.0,1.0,870e5a252998e49dbfd688a82b44b788de68854e6d3927003b3c25afb45244f1,-3.58715888640679,-51.3979703023732,-0.108701784436569,3,3,3,matched,complete
ATP-HTVS-E317819F970C,32035,m_282030aaa____21928704____22360182____21940090,32035-3,1002,运行/运行/ATP-VSW/ATP-VSW-DOCK_HTVS_1-003_lib/ATP-VSW-DOCK_HTVS_1-003_lib.mae,C[NH+](C)Cc1cccc(CNc2nc(NCc3cc(F)cc(F)c3)c3ccccc3n2)c1,C[NH+](C)Cc1cccc(CNc2nc(NCc3cc(F)cc(F)c3)c3ccccc3n2)c1,c1ccc(CNc2nc(NCc3ccccc3)c3ccccc3n2)cc1,C25H26F2N5+,1.0,32.0,58.0,1.0,61883c6af7bf02d93e57c45d6b3e7f8b9dbb97bdfa6749c14a826c47dec9dc6f,-2.380741576248,-45.8237588079404,-0.07439817425775,1,1,1,matched,complete
ATP-HTVS-E340B301DB22,93474,rxn512b____EMOL906257____EMOL49851977____EMOL50155899,93474-1,157,运行/运行/ATP-VSW/ATP-VSW-DOCK_HTVS_1-002_lib.maegz,C[NH+](C)Cc1ccc(CNc2cc(Cl)sc2C(=O)N[C@@H](C#N)c2ccc(F)cc2)cc1,C[NH+](C)Cc1ccc(CNc2cc(Cl)sc2C(=O)NC(C#N)c2ccc(F)cc2)cc1,O=C(NCc1ccccc1)c1sccc1NCc1ccccc1,C23H23ClFN4OS+,1.0,31.0,54.0,1.0,668d86efd1e6c09870625c30cbd08fdc76213889f0dc7cb68d124ae545b6b7af,-4.88086551481484,-58.8482731011994,-0.157447274671447,4,4,4,matched,complete
ATP-HTVS-E35DF7DBF452,50818,m_2430bbb____22526218____22586948,50818-2,294,运行/运行/ATP-VSW/ATP-VSW-DOCK_HTVS_1-002_lib.maegz,O=C(NCc1ccccc1NCCO)Nc1[nH+]c2ccccc2n1CCCc1ccccc1,O=C(NCc1ccccc1NCCO)Nc1[nH+]c2ccccc2n1CCCc1ccccc1,O=C(NCc1ccccc1)Nc1[nH+]c2ccccc2n1CCCc1ccccc1,C26H30N5O2+,1.0,33.0,63.0,1.0,129813d70a5c70acd08c5b27af778e7a5651291feea7cfeaa2f9b3184a109f23,-4.3975102751983,-63.1984268849627,-0.133257887127221,2,2,2,matched,complete
ATP-HTVS-E366C71D7075,82403,rxn502b____EMOL5759977____EMOL13728749____EMOL24630243,82403-7,277,运行/运行/ATP-VSW/ATP-VSW-DOCK_HTVS_1-003_lib/ATP-VSW-DOCK_HTVS_1-003_lib.mae,CC[NH+](CC)[C@H](C(=O)Nc1c(N(C)[C@@H](C#N)c2ccccc2)cnc2ccccc12)c1ccccc1,CC[NH+](CC)C(C(=O)Nc1c(N(C)C(C#N)c2ccccc2)cnc2ccccc12)c1ccccc1,O=C(Cc1ccccc1)Nc1c(NCc2ccccc2)cnc2ccccc12,C30H32N5O+,1.0,36.0,68.0,1.0,c6c58eb11cab53a40ba5879afbf133eacd04c2b294bef794ef8234531cd5770d,-4.42124865920338,-58.2923986245629,-0.122812462755649,11,11,11,matched,complete
ATP-HTVS-E381363CD12F,95042,rxn512c____EMOL36790511____EMOL36725275____EMOL6215666,95042-2,216,运行/运行/ATP-VSW/ATP-VSW-DOCK_HTVS_1-003_lib/ATP-VSW-DOCK_HTVS_1-003_lib.mae,C[C@@H](C#N)N(c1ccccc1)c1c(C(=O)N(CC[NH+](C)C)c2ccccc2)cnc2ccc(F)cc12,CC(C#N)N(c1ccccc1)c1c(C(=O)N(CC[NH+](C)C)c2ccccc2)cnc2ccc(F)cc12,O=C(Nc1ccccc1)c1cnc2ccccc2c1Nc1ccccc1,C29H29FN5O+,1.0,36.0,65.0,1.0,4bc46925e255c7863d6012c58923fb9390a0fd07c328559de9fad2fa92c3bf4e,-4.60702306309411,-52.9185994534449,-0.127972862863725,3,3,3,matched,complete
ATP-HTVS-E38D6BC47DFC,96385,rxn502b____EMOL530620____EMOL13728749____EMOL49863303,96385-1,461,运行/运行/ATP-VSW/ATP-VSW-DOCK_HTVS_1-001_lib/ATP-VSW-DOCK_HTVS_1-001_lib,C#Cc1ccc(C[C@@H](Nc2cnc3ccccc3c2NC(=O)Cc2ccccc2)C(=O)[O-])cc1,C#Cc1ccc(CC(Nc2cnc3ccccc3c2NC(=O)Cc2ccccc2)C(=O)[O-])cc1,O=C(Cc1ccccc1)Nc1c(NCCc2ccccc2)cnc2ccccc12,C28H22N3O3-,-1.0,34.0,56.0,1.0,f2b4697e50e3a5b5a58cac631219a5b959da6404c48645a3f19552c757becdf1,-3.9129454134309,-49.561068012436,-0.115086629806791,4,4,4,matched,complete
ATP-HTVS-E3DAAD165412,4865,YAS_R014____OTV5753507____OTV2889217____OTV7020410266,4865-2,499,运行/运行/ATP-VSW/ATP-VSW-DOCK_HTVS_1-001_lib/ATP-VSW-DOCK_HTVS_1-001_lib,Cc1ccc([C@@H](CNC(=O)c2cn(CCc3ccccc3)c3ccccc3c2=O)[NH+](C)C)cc1,Cc1ccc(C(CNC(=O)c2cn(CCc3ccccc3)c3ccccc3c2=O)[NH+](C)C)cc1,O=C(NCCc1ccccc1)c1cn(CCc2ccccc2)c2ccccc2c1=O,C29H32N3O2+,1.0,34.0,66.0,1.0,d4210d4223a13322ebd56a0026b8f698786a40720b003c45c5e7557c1f25a195,-3.81299423918562,-54.3701854203262,-0.112146889387812,1,1,1,matched,complete
ATP-HTVS-E3E3C457ADC4,20867,N-ArylationHeterocycle____96400727____6834858,20867-1,8,运行/运行/ATP-VSW/ATP-VSW-DOCK_HTVS_1-003_lib/ATP-VSW-DOCK_HTVS_1-003_lib.mae,[NH3+][C@H](Cc1ccc(O)cc1)c1nc2ccccc2n1/C=C/c1ccccn1,[NH3+]C(Cc1ccc(O)cc1)c1nc2ccccc2n1C=Cc1ccccn1,C(=Cn1c(CCc2ccccc2)nc2ccccc21)c1ccccn1,C22H21N4O+,1.0,27.0,48.0,1.0,4d577099ad8b6258776b1fd2bc9a1e71bcc3c4797ba97bc1b241b98183dfeaad,-6.02590230095753,-67.1478226898295,-0.223181566702131,4,4,4,matched,complete
ATP-HTVS-E4024F0AB59A,22913,m_269862bba____21655320____10542750,22913-3,726,运行/运行/ATP-VSW/ATP-VSW-DOCK_HTVS_1-001_lib/ATP-VSW-DOCK_HTVS_1-001_lib,COc1cc(CC[NH2+][C@H](C)c2ccc(CN(C)C)cc2)c(OC)c2ccccc12,COc1cc(CC[NH2+]C(C)c2ccc(CN(C)C)cc2)c(OC)c2ccccc12,c1ccc(C[NH2+]CCc2ccc3ccccc3c2)cc1,C25H33N2O2+,1.0,29.0,62.0,1.0,2ac9bf3574d42474c748015a1e2bbdc0497753cdea6926b064f64c3c6646eeab,-3.24827750228818,-54.9102437181084,-0.11200956904442,2,2,2,matched,complete
ATP-HTVS-E41D62FB159D,67521,m_282030aaa____21930070____22360182____21958260,67521-2,558,运行/运行/ATP-VSW/ATP-VSW-DOCK_HTVS_1-001_lib/ATP-VSW-DOCK_HTVS_1-001_lib,CC[N@H+](C)Cc1cccc(CNc2nc(NCc3ccc(CCO)cc3)c3ccccc3[nH+]2)c1,CC[NH+](C)Cc1cccc(CNc2nc(NCc3ccc(CCO)cc3)c3ccccc3[nH+]2)c1,c1ccc(CNc2nc(NCc3ccccc3)c3ccccc3[nH+]2)cc1,C28H35N5O+2,2.0,34.0,69.0,1.0,ea89331809e9b8c39ed5a094582ec3a3cf8e2d49fa80361b863902174902a7cc,-3.68823270883204,-52.9350518047553,-0.108477432612707,4,4,4,matched,complete
ATP-HTVS-E4A79D64766C,52865,m_282030aaa____21922106____22360182____21968946,52865-1,257,运行/运行/ATP-VSW/ATP-VSW-DOCK_HTVS_1-001_lib/ATP-VSW-DOCK_HTVS_1-001_lib,C[NH+](C)Cc1cc(CNc2nc(NCc3cccc(CO)c3)c3ccccc3[nH+]2)ccc1F,C[NH+](C)Cc1cc(CNc2nc(NCc3cccc(CO)c3)c3ccccc3[nH+]2)ccc1F,c1ccc(CNc2nc(NCc3ccccc3)c3ccccc3[nH+]2)cc1,C26H30FN5O+2,2.0,33.0,63.0,1.0,ca14e2abc3745bfe4c32a989f1faa7af8a345358160dfba2410f89e4ab1926ad,-4.46919804041955,-56.7074965339145,-0.135430243649077,3,3,3,matched,complete
ATP-HTVS-E4F433E7DDB9,59170,m_270004bbb____24792668____14597188,59170-1,149,运行/运行/ATP-VSW/ATP-VSW-DOCK_HTVS_1-002_lib.maegz,C[NH+](C)Cc1cc(F)ccc1C[NH2+]Cc1c(-c2ccccc2)nc2ncccn12,C[NH+](C)Cc1cc(F)ccc1C[NH2+]Cc1c(-c2ccccc2)nc2ncccn12,c1ccc(C[NH2+]Cc2c(-c3ccccc3)nc3ncccn23)cc1,C23H26FN5+2,2.0,29.0,55.0,1.0,85f0615a6442183db7fc5fd3cfebb32b1ffc4afac696e57108e4a300f3efb81f,-4.90464186367557,-66.4170378997643,-0.169125581506054,4,4,4,matched,complete
ATP-HTVS-E4F9B23534EC,95617,rxn501c____EMOL18624763____EMOL713289____EMOL17116155,95617-3,616,运行/运行/ATP-VSW/ATP-VSW-DOCK_HTVS_1-001_lib/ATP-VSW-DOCK_HTVS_1-001_lib,CN(C)Cc1ccc(C(=O)Nc2ccc([C@H](C#N)c3ccccc3)c(-c3cccc(F)c3O)c2)cc1,CN(C)Cc1ccc(C(=O)Nc2ccc(C(C#N)c3ccccc3)c(-c3cccc(F)c3O)c2)cc1,O=C(Nc1ccc(Cc2ccccc2)c(-c2ccccc2)c1)c1ccccc1,C30H26FN3O2,0.0,36.0,62.0,1.0,bcc1d5f6226be94027cd80bebeb48f60430216df9ad070ebf0c6dd3b629f163d,-3.51572361824398,-54.8852022134927,-0.097658989395666,3,3,3,matched,complete
ATP-HTVS-E50B3258D66C,64642,m_282030aaa____21931302____22360182____21967972,64642-2,986,运行/运行/ATP-VSW/ATP-VSW-DOCK_HTVS_1-002_lib.maegz,CN(C)Cc1ccc(CCNc2nc(NCc3ccc4c(c3)OCO4)c3ccccc3[nH+]2)cc1,CN(C)Cc1ccc(CCNc2nc(NCc3ccc4c(c3)OCO4)c3ccccc3[nH+]2)cc1,c1ccc(CCNc2nc(NCc3ccc4c(c3)OCO4)c3ccccc3[nH+]2)cc1,C27H30N5O2+,1.0,34.0,64.0,1.0,cfed2f3efc8cfdfc1a51dd17acd23a4bb27ffb5586b8481bd89b84dba1969895,-2.4636696100415,-46.538082662158,-0.0724608708835734,1,1,1,matched,complete
ATP-HTVS-E5267662EBE5,71810,rxn502b____EMOL485008____EMOL13728749____EMOL50155899,71810-1,583,运行/运行/ATP-VSW/ATP-VSW-DOCK_HTVS_1-002_lib.maegz,COc1ccccc1C(=O)Nc1c(NCc2ccc(C[NH+](C)C)cc2)cnc2ccccc12,COc1ccccc1C(=O)Nc1c(NCc2ccc(C[NH+](C)C)cc2)cnc2ccccc12,O=C(Nc1c(NCc2ccccc2)cnc2ccccc12)c1ccccc1,C27H29N4O2+,1.0,33.0,62.0,1.0,b9ec7447fbe5208cf5d2dfcb973687c9b59d2b7a5d246efae130ce4ed3d5feed,-3.62888426083183,-52.2813973019623,-0.109966189722177,3,3,3,matched,complete
ATP-HTVS-E53927646B4E,32802,m_270004bbb____12219716____7678070,32802-1,328,运行/运行/ATP-VSW/ATP-VSW-DOCK_HTVS_1-002_lib.maegz,CC(=O)Nc1ccccc1C[NH2+]C[C@H]1c2ccccc2C(=O)N1Cc1ccccc1,CC(=O)Nc1ccccc1C[NH2+]CC1c2ccccc2C(=O)N1Cc1ccccc1,O=C1c2ccccc2C(C[NH2+]Cc2ccccc2)N1Cc1ccccc1,C25H26N3O2+,1.0,30.0,56.0,1.0,9ed88119425a303f63ac0e60c89a7d7a8ae6954588f2140e5cb0a52416955149,-4.30726377424627,-53.8748161994173,-0.143575459141542,4,4,4,matched,complete
ATP-HTVS-E53B79A527AF,80129,rxn502b____EMOL507679____EMOL30488121____EMOL36822768,80129-1,649,运行/运行/ATP-VSW/ATP-VSW-DOCK_HTVS_1-001_lib/ATP-VSW-DOCK_HTVS_1-001_lib,Cc1ccccc1CCC(=O)Nc1cnc2ccccc2c1N(C#N)c1ccccc1,Cc1ccccc1CCC(=O)Nc1cnc2ccccc2c1N(C#N)c1ccccc1,O=C(CCc1ccccc1)Nc1cnc2ccccc2c1Nc1ccccc1,C26H22N4O,0.0,31.0,53.0,1.0,f8149b91ded698fae885633a8a64f0bea0b476e21fdc642192ceabc98473051e,-3.45286661265263,-39.7755605586459,-0.111382793956536,1,1,1,matched,complete
ATP-HTVS-E5655BB07D18,88386,rxn502b____EMOL5415347____EMOL30488121____EMOL523557,88386-2,1020,运行/运行/ATP-VSW/ATP-VSW-DOCK_HTVS_1-002_lib.maegz,CN(C)Cc1ccccc1C(=O)Nc1c[nH+]c2ccccc2c1N(C)Cc1ccc(F)cc1,CN(C)Cc1ccccc1C(=O)Nc1c[nH+]c2ccccc2c1N(C)Cc1ccc(F)cc1,O=C(Nc1c[nH+]c2ccccc2c1NCc1ccccc1)c1ccccc1,C27H28FN4O+,1.0,33.0,61.0,1.0,e73bb62d35373fa1ae0a744aee48a0c5efd31fc7f35dab89291e13c1e666aef9,-2.40295274839722,-49.6711302858369,-0.0728167499514309,1,1,1,matched,complete
ATP-HTVS-E5C360ABD75A,8321,a1____54790____409552,8321-1,612,运行/运行/ATP-VSW/ATP-VSW-DOCK_HTVS_1-001_lib/ATP-VSW-DOCK_HTVS_1-001_lib,CC[NH+](CC)Cc1cccc(NC(=O)c2cn(Cc3ccccc3)c(=O)c3ccccc23)c1,CC[NH+](CC)Cc1cccc(NC(=O)c2cn(Cc3ccccc3)c(=O)c3ccccc23)c1,O=C(Nc1ccccc1)c1cn(Cc2ccccc2)c(=O)c2ccccc12,C28H30N3O2+,1.0,33.0,63.0,1.0,7883ff324b18a69dbba9481b8a1532a0421bd0841d0e6d48421c006191b06121,-3.52526447251425,-49.5736155961619,-0.106826196136796,1,1,1,matched,complete
ATP-HTVS-E60052B60ACE,93731,rxn102c____EMOL724419____EMOL6185419,93731-1,563,运行/运行/ATP-VSW/ATP-VSW-DOCK_HTVS_1-003_lib/ATP-VSW-DOCK_HTVS_1-003_lib.mae,C[NH2+]Cc1ccc(N2CC(=O)Nc3ccccc3[C@H]2c2ccccc2)cc1,C[NH2+]Cc1ccc(N2CC(=O)Nc3ccccc3C2c2ccccc2)cc1,O=C1CN(c2ccccc2)C(c2ccccc2)c2ccccc2N1,C23H24N3O+,1.0,27.0,51.0,1.0,4b9825834ea82b961edab0c407a0b3fface9d37e408f14678ed088218911b3db,-3.64853374409515,-45.867283897203,-0.135130879410931,4,4,4,matched,complete
ATP-HTVS-E624AA265EBA,86593,rxn207____EMOL42767466____EMOL76738571,86593-2,135,运行/运行/ATP-VSW/ATP-VSW-DOCK_HTVS_1-001_lib/ATP-VSW-DOCK_HTVS_1-001_lib,C[NH2+]CC[C@@H](N[C@@H](C)c1cc2cccc(Cl)c2c(=O)n1-c1ccccc1)c1ccccc1,C[NH2+]CCC(NC(C)c1cc2cccc(Cl)c2c(=O)n1-c1ccccc1)c1ccccc1,O=c1c2ccccc2cc(CNCc2ccccc2)n1-c1ccccc1,C27H29ClN3O+,1.0,32.0,61.0,1.0,6c645a7a4d8d833bf9123535d8306ed0a19f2f0437cd53bf099d4c84c79ece32,-4.86913996148569,-59.3836231192248,-0.152160623796428,8,8,8,matched,complete
ATP-HTVS-E6B57BB86B33,99617,rxn512b____EMOL510742____EMOL15801711____EMOL50155899,99617-1,561,运行/运行/ATP-VSW/ATP-VSW-DOCK_HTVS_1-002_lib.maegz,C#Cc1ccc(NC(=O)Cc2cc(NCc3ccc(C[NH+](C)C)cc3)cs2)cc1,C#Cc1ccc(NC(=O)Cc2cc(NCc3ccc(C[NH+](C)C)cc3)cs2)cc1,O=C(Cc1cc(NCc2ccccc2)cs1)Nc1ccccc1,C24H26N3OS+,1.0,29.0,55.0,1.0,ce663e5c4591c71e39a2364b1322f3fe01c73947ee12ba47853db11f3364ec78,-3.67945981059551,-47.2032774632295,-0.126877924503293,2,2,2,matched,complete
ATP-HTVS-E6C07A7730FF,89954,rxn502b____EMOL497927____EMOL30488121____EMOL2868412,89954-1,158,运行/运行/ATP-VSW/ATP-VSW-DOCK_HTVS_1-002_lib.maegz,CC[NH+](CC)Cc1ccc(CNc2c(NC(=O)c3ccc(C(=O)OC)cc3)c[nH+]c3ccccc23)cc1,CC[NH+](CC)Cc1ccc(CNc2c(NC(=O)c3ccc(C(=O)OC)cc3)c[nH+]c3ccccc23)cc1,O=C(Nc1c[nH+]c2ccccc2c1NCc1ccccc1)c1ccccc1,C30H34N4O3+2,2.0,37.0,71.0,1.0,3cced4c1d97dd9b25675a5d8ec7b516beae966cfb9bdc55d5cc3d8d3a262f412,-4.87965236205765,-66.1020943749904,-0.131882496271828,3,3,3,matched,complete
ATP-HTVS-E6E3A92D5598,89731,rxn512b____EMOL511418____EMOL15801711____EMOL2873214,89731-1,251,运行/运行/ATP-VSW/ATP-VSW-DOCK_HTVS_1-003_lib/ATP-VSW-DOCK_HTVS_1-003_lib.mae,C[NH+](C)Cc1cccc(CNc2csc(CC(=O)Nc3ccccc3F)c2)c1,C[NH+](C)Cc1cccc(CNc2csc(CC(=O)Nc3ccccc3F)c2)c1,O=C(Cc1cc(NCc2ccccc2)cs1)Nc1ccccc1,C22H25FN3OS+,1.0,28.0,53.0,1.0,11688b5179f871822c60f881be3b0f18166baf89d4107d7af5933e34b166959c,-4.49457141831627,-60.1989052905841,-0.16052040779701,2,2,2,matched,complete
ATP-HTVS-E6F8A3974F14,60291,m_2708bba____23832064____6950696,60291-2,237,运行/运行/ATP-VSW/ATP-VSW-DOCK_HTVS_1-003_lib/ATP-VSW-DOCK_HTVS_1-003_lib.mae,CC(C)Nc1cccc(CNC(=O)N[C@@H](Cc2ccccc2)c2nc3ccccc3o2)c1,CC(C)Nc1cccc(CNC(=O)NC(Cc2ccccc2)c2nc3ccccc3o2)c1,O=C(NCc1ccccc1)NC(Cc1ccccc1)c1nc2ccccc2o1,C26H28N4O2,0.0,32.0,60.0,1.0,33989bdef1cd23f56d6008f87993ee32557c87b2449f18c6e9209d3e5192216f,-4.53541760878247,-52.8593327282262,-0.141731800274452,2,2,2,matched,complete
ATP-HTVS-E71202E475AE,88195,rxn203____EMOL44691345____EMOL42077534,88195-1,6,运行/运行/ATP-VSW/ATP-VSW-DOCK_HTVS_1-003_lib/ATP-VSW-DOCK_HTVS_1-003_lib.mae,Cc1cc(OCc2ccccc2)ncc1NC(=O)Nc1ccccc1C[NH+](C)C,Cc1cc(OCc2ccccc2)ncc1NC(=O)Nc1ccccc1C[NH+](C)C,O=C(Nc1ccccc1)Nc1ccc(OCc2ccccc2)nc1,C23H27N4O2+,1.0,29.0,56.0,1.0,143bfd39dca5f31f83d90fcd0a8109d163b9388abb0ded7c04cbbb83d67c2dc5,-6.19841322737428,-76.9737524478758,-0.213738387150837,2,2,2,matched,complete
ATP-HTVS-E78B37070E90,57507,m_270004bbb____21660890____13581200,57507-1,391,运行/运行/ATP-VSW/ATP-VSW-DOCK_HTVS_1-003_lib/ATP-VSW-DOCK_HTVS_1-003_lib.mae,CCc1ccccc1C[NH2+]CCc1nc2ccccc2n1-c1ccccc1,CCc1ccccc1C[NH2+]CCc1nc2ccccc2n1-c1ccccc1,c1ccc(C[NH2+]CCc2nc3ccccc3n2-c2ccccc2)cc1,C24H26N3+,1.0,27.0,53.0,1.0,f9223410dc9881466d9a6d637e0d54437e3eabb4a83c51f4499fc8a5744525bd,-4.06093430256796,-51.4605413038991,-0.150404974169184,1,1,1,matched,complete
ATP-HTVS-E79C34F2E4E5,5313,YAS_R012____OTV5753507____OTV998643____OTV7020410267,5313-4,1299,运行/运行/ATP-VSW/ATP-VSW-DOCK_HTVS_1-001_lib/ATP-VSW-DOCK_HTVS_1-001_lib,CCN(CC)[C@H](CNC(=O)c1cc(=O)c2ccccc2n1Cc1cccc(OC)c1)c1ccc(C)cc1,CCN(CC)C(CNC(=O)c1cc(=O)c2ccccc2n1Cc1cccc(OC)c1)c1ccc(C)cc1,O=C(NCCc1ccccc1)c1cc(=O)c2ccccc2n1Cc1ccccc1,C31H35N3O3,0.0,37.0,72.0,1.0,abb78cbda036b34f66796869c18f191e2971329d323da4a4be4cfa2dc15ed631,-1.57894444888753,-44.5183162503377,-0.0426741742942576,1,1,1,matched,complete
ATP-HTVS-E7B44E0E6F2B,46529,m_270166bbb____16815848____17625580,46529-1,23,运行/运行/ATP-VSW/ATP-VSW-DOCK_HTVS_1-001_lib/ATP-VSW-DOCK_HTVS_1-001_lib,C[NH2+]Cc1ccccc1CNc1nc(NCc2ccccc2)c2ccccc2[nH+]1,C[NH2+]Cc1ccccc1CNc1nc(NCc2ccccc2)c2ccccc2[nH+]1,c1ccc(CNc2nc(NCc3ccccc3)c3ccccc3[nH+]2)cc1,C24H27N5+2,2.0,29.0,56.0,1.0,7984e878faf8eb487d9a0ed8998e9ff59ba6b322127dada675ffeef2f8f04ddb,-5.76445509076332,-67.9718150243121,-0.198774313474597,3,3,3,matched,complete
ATP-HTVS-E7CE93BF7585,40738,m_2230bdc____17849930____666466,40738-2,1257,运行/运行/ATP-VSW/ATP-VSW-DOCK_HTVS_1-002_lib.maegz,COc1cccc(CN2CC(=O)Nc3ccccc3[C@@H]2c2ccccc2)c1,COc1cccc(CN2CC(=O)Nc3ccccc3C2c2ccccc2)c1,O=C1CN(Cc2ccccc2)C(c2ccccc2)c2ccccc2N1,C23H22N2O2,0.0,27.0,49.0,1.0,d20aa6a86ee2d692f06c2cb8efb86dccccf06da351f88386b5680728f1b81b19,-1.64839354279438,-31.188749032053,-0.0610516126960882,2,2,2,matched,complete
ATP-HTVS-E7DA22DA6C24,30626,m_282030aaa____21909402____22360182____21979096,30626-1,404,运行/运行/ATP-VSW/ATP-VSW-DOCK_HTVS_1-002_lib.maegz,CC(C)Nc1ccc(CNc2nc(N(C)Cc3ccccc3S(N)(=O)=O)c3ccccc3[nH+]2)cc1,CC(C)Nc1ccc(CNc2nc(N(C)Cc3ccccc3S(N)(=O)=O)c3ccccc3[nH+]2)cc1,c1ccc(CNc2nc(NCc3ccccc3)c3ccccc3[nH+]2)cc1,C26H31N6O2S+,1.0,35.0,66.0,1.0,c7bfff552746d4258f2e5a6da07007c0d699872047fe4d8762921bdb4d2c58ab,-4.08974936083922,-52.3312346150377,-0.116849981738263,2,2,2,matched,complete
ATP-HTVS-E80053830AA7,51267,m_34bea____10269714____18339488,51267-1,22,运行/运行/ATP-VSW/ATP-VSW-DOCK_HTVS_1-003_lib/ATP-VSW-DOCK_HTVS_1-003_lib.mae,C[NH+](C)Cc1cccc(CO/N=C(/N)c2cn(Cc3ccccc3)nn2)c1,C[NH+](C)Cc1cccc(CON=C(N)c2cn(Cc3ccccc3)nn2)c1,C(=NOCc1ccccc1)c1cn(Cc2ccccc2)nn1,C20H25N6O+,1.0,27.0,52.0,1.0,b4393a3847f6a64e69530289ad627c42bd653477cbe6652fff35c168fedc2113,-5.71676491929545,-56.5328763089103,-0.21173203404798,2,2,2,matched,complete
ATP-HTVS-E80A62EE0257,22690,m_270004bbb____15775648____7547684,22690-2,589,运行/运行/ATP-VSW/ATP-VSW-DOCK_HTVS_1-002_lib.maegz,CN(C)Cc1ccc(CC[NH2+]Cc2cn(-c3ccccc3)nc2-c2ccccc2)cc1,CN(C)Cc1ccc(CC[NH2+]Cc2cn(-c3ccccc3)nc2-c2ccccc2)cc1,c1ccc(CC[NH2+]Cc2cn(-c3ccccc3)nc2-c2ccccc2)cc1,C27H31N4+,1.0,31.0,62.0,1.0,d2cec230e38c3f77a4b752706ac05078d75322da3260b8d817b99e9f5b3e2999,-3.61534941826967,-58.8188812008407,-0.116624174782893,1,1,1,matched,complete
ATP-HTVS-E82D7E524403,38786,m_282030aaa____21928796____22360182____21941646,38786-1,101,运行/运行/ATP-VSW/ATP-VSW-DOCK_HTVS_1-002_lib.maegz,C[NH+](C)Cc1cccc(CNc2nc(NCc3ccc(N)cc3Cl)[nH+]c3ccccc23)c1,C[NH+](C)Cc1cccc(CNc2nc(NCc3ccc(N)cc3Cl)[nH+]c3ccccc23)c1,c1ccc(CNc2nc(NCc3ccccc3)c3ccccc3[nH+]2)cc1,C25H29ClN6+2,2.0,32.0,61.0,1.0,0b5fd980b7de97775461657de7a9d483f58165780d3528331f7fdc8db08338a5,-5.12016903990044,-62.5486938553255,-0.160005282496889,3,3,3,matched,complete
ATP-HTVS-E85A4EEDAC38,71681,rxn502b____EMOL567199____EMOL13728749____EMOL2873214,71681-1,208,运行/运行/ATP-VSW/ATP-VSW-DOCK_HTVS_1-001_lib/ATP-VSW-DOCK_HTVS_1-001_lib,C[NH+](C)Cc1cccc(CNc2cnc3ccccc3c2NC(=O)c2cc(F)cc(Cl)c2)c1,C[NH+](C)Cc1cccc(CNc2cnc3ccccc3c2NC(=O)c2cc(F)cc(Cl)c2)c1,O=C(Nc1c(NCc2ccccc2)cnc2ccccc12)c1ccccc1,C26H25ClFN4O+,1.0,33.0,58.0,1.0,abcfbda26394dfa1be4e00057b53b9661d37a252061dbd133cd852c99b75b031,-4.5976362464148,-63.932645085799,-0.139322310497418,3,3,3,matched,complete
ATP-HTVS-E85D4903F0A1,48227,m_270004bbb____23846716____7548984,48227-4,1198,运行/运行/ATP-VSW/ATP-VSW-DOCK_HTVS_1-003_lib/ATP-VSW-DOCK_HTVS_1-003_lib.mae,C[NH+](C)C[C@H](CNCc1csc(COc2ccc(Cl)cc2)n1)c1ccc(Cl)cc1,C[NH+](C)CC(CNCc1csc(COc2ccc(Cl)cc2)n1)c1ccc(Cl)cc1,c1ccc(CCNCc2csc(COc3ccccc3)n2)cc1,C22H26Cl2N3OS+,1.0,29.0,55.0,1.0,998ac7e3b2fd8b7beaa72423c39dd7e5ec75d8c320b4ccb31fcc57f3786b1000,-1.88450407350739,-46.158236843581,-0.0649828990864617,1,1,1,matched,complete
ATP-HTVS-E888CD26917F,61570,m_270004bda____24170772____7547522,61570-1,1388,运行/运行/ATP-VSW/ATP-VSW-DOCK_HTVS_1-002_lib.maegz,CCOc1ccc(CN2CC(=O)Nc3ccc(Br)cc3[C@H]2c2ccccc2)cc1,CCOc1ccc(CN2CC(=O)Nc3ccc(Br)cc3C2c2ccccc2)cc1,O=C1CN(Cc2ccccc2)C(c2ccccc2)c2ccccc2N1,C24H23BrN2O2,0.0,29.0,52.0,1.0,a055b448dba8c5c1c716bb32dfdb5ff8d621b94fa68c42c7d2483ccf8c159aff,-0.962964554494509,-34.7794445237231,-0.0332056742929141,2,2,2,matched,complete
ATP-HTVS-E89D68A8E825,49475,m_282030aaa____21928534____22360182____21968946,49475-1,341,运行/运行/ATP-VSW/ATP-VSW-DOCK_HTVS_1-003_lib/ATP-VSW-DOCK_HTVS_1-003_lib.mae,C[NH+](C)Cc1cc(CNc2nc(NCc3cc(Cl)ccc3F)c3ccccc3[nH+]2)ccc1F,C[NH+](C)Cc1cc(CNc2nc(NCc3cc(Cl)ccc3F)c3ccccc3[nH+]2)ccc1F,c1ccc(CNc2nc(NCc3ccccc3)c3ccccc3[nH+]2)cc1,C25H26ClF2N5+2,2.0,33.0,59.0,1.0,64dfa6cdcf2546d8cc7712b87b55138c25bb8779406d39b2c28b8f0c211c2fad,-4.2274951356254,-61.3224770711372,-0.12810591320077,1,1,1,matched,complete
ATP-HTVS-E8C4233BC4EE,98946,rxn502b____EMOL4849440____EMOL30488121____EMOL36822768,98946-1,616,运行/运行/ATP-VSW/ATP-VSW-DOCK_HTVS_1-003_lib/ATP-VSW-DOCK_HTVS_1-003_lib.mae,N#CN(c1ccccc1)c1c(NC(=O)c2ccc(Cl)c(F)c2)cnc2ccccc12,N#CN(c1ccccc1)c1c(NC(=O)c2ccc(Cl)c(F)c2)cnc2ccccc12,O=C(Nc1cnc2ccccc2c1Nc1ccccc1)c1ccccc1,C23H14ClFN4O,0.0,30.0,44.0,1.0,2f3c9260d2095325efa6ecd564bae50b1dc04240238b8d188b88d0d076f5b435,-3.51487161851092,-44.090943320536,-0.117162387283697,1,1,1,matched,complete
ATP-HTVS-E8F6FC3C759E,73411,rxn512c____EMOL493827____EMOL523944____EMOL50155899,73411-1,42,运行/运行/ATP-VSW/ATP-VSW-DOCK_HTVS_1-003_lib/ATP-VSW-DOCK_HTVS_1-003_lib.mae,C[NH+](C)Cc1ccc(CNc2c(C(=O)Nc3ccc(N)cc3)sc3ccccc23)cc1,C[NH+](C)Cc1ccc(CNc2c(C(=O)Nc3ccc(N)cc3)sc3ccccc23)cc1,O=C(Nc1ccccc1)c1sc2ccccc2c1NCc1ccccc1,C25H27N4OS+,1.0,31.0,58.0,1.0,20c7260490a458d0fddea40f19f4d2fa3bc8665adb5d5261195ca9f93d61b03a,-5.59610293047994,-62.4120695538345,-0.180519449370321,2,2,2,matched,complete
ATP-HTVS-E912078D9741,5571,a4____241569____436756,5571-1,96,运行/运行/ATP-VSW/ATP-VSW-DOCK_HTVS_1-003_lib/ATP-VSW-DOCK_HTVS_1-003_lib.mae,C[NH+](C)CCOc1ccccc1C[NH2+]C[C@H]1c2ccccc2C(=O)N1Cc1ccccc1,C[NH+](C)CCOc1ccccc1C[NH2+]CC1c2ccccc2C(=O)N1Cc1ccccc1,O=C1c2ccccc2C(C[NH2+]Cc2ccccc2)N1Cc1ccccc1,C27H33N3O2+2,2.0,32.0,65.0,1.0,95c06f857e54a3647ed21d0106864efd6b62b79e5f3ac6a3970b427098b8f084,-5.12427567475619,-64.6534164147664,-0.160133614836131,6,6,6,matched,complete
ATP-HTVS-EAB5C9B34043,90659,rxn502b____EMOL5415347____EMOL30488121____EMOL477532,90659-1,158,运行/运行/ATP-VSW/ATP-VSW-DOCK_HTVS_1-003_lib/ATP-VSW-DOCK_HTVS_1-003_lib.mae,C[NH+](C)Cc1ccccc1C(=O)Nc1cnc2ccccc2c1Nc1ccccc1,C[NH+](C)Cc1ccccc1C(=O)Nc1cnc2ccccc2c1Nc1ccccc1,O=C(Nc1cnc2ccccc2c1Nc1ccccc1)c1ccccc1,C25H25N4O+,1.0,30.0,55.0,1.0,8472877d096e735c7f136dd86f9dc9a135f6400518259282c9a86e5124efd9b9,-4.8450897655797,-53.7019553145515,-0.16150299218599,4,4,4,matched,complete
ATP-HTVS-EAC68E01988F,55553,m_282030aaa____21930824____22360182____21973156,55553-1,334,运行/运行/ATP-VSW/ATP-VSW-DOCK_HTVS_1-001_lib/ATP-VSW-DOCK_HTVS_1-001_lib,Cc1ccc(NC(=O)CN(C)c2nc(NCc3ccccc3C[NH+](C)C)c3ccccc3[nH+]2)cc1,Cc1ccc(NC(=O)CN(C)c2nc(NCc3ccccc3C[NH+](C)C)c3ccccc3[nH+]2)cc1,O=C(CNc1nc(NCc2ccccc2)c2ccccc2[nH+]1)Nc1ccccc1,C28H34N6O+2,2.0,35.0,69.0,1.0,7f721d8b5b1a966c1c4e969e9334be755f94692460f4cefcac128f4b05e35edf,-4.23709203964056,-53.4351865267353,-0.121059772561159,1,1,1,matched,complete
ATP-HTVS-EAD1C8AFD4A9,38178,m_270004bbb____8349660____7547806,38178-1,81,运行/运行/ATP-VSW/ATP-VSW-DOCK_HTVS_1-002_lib.maegz,c1ccc(-n2cc(C[NH2+]Cc3cccc(C[NH+]4CCCC4)c3)c(-c3ccncc3)n2)cc1,c1ccc(-n2cc(C[NH2+]Cc3cccc(C[NH+]4CCCC4)c3)c(-c3ccncc3)n2)cc1,c1ccc(-n2cc(C[NH2+]Cc3cccc(C[NH+]4CCCC4)c3)c(-c3ccncc3)n2)cc1,C27H31N5+2,2.0,32.0,63.0,1.0,8bef1eb9b2007ab89e87da1d5f1583d03c69e26d5866faab1b1011b73f442f36,-5.26198123496492,-74.0618767567845,-0.164436913592654,2,2,2,matched,complete
ATP-HTVS-EAE06126CF40,15907,a4____269397____411479,15907-5,836,运行/运行/ATP-VSW/ATP-VSW-DOCK_HTVS_1-003_lib/ATP-VSW-DOCK_HTVS_1-003_lib.mae,C[C@H](c1ccc(CNC[C@H](c2cccs2)c2c[nH]c3ccccc23)cc1)[NH+](C)C,CC(c1ccc(CNCC(c2cccs2)c2c[nH]c3ccccc23)cc1)[NH+](C)C,c1ccc(CNCC(c2cccs2)c2c[nH]c3ccccc23)cc1,C25H30N3S+,1.0,29.0,59.0,1.0,90010deabae4b3719e87b1e15a9bf4ee3bf749cdd80e670b2f75031a743b6953,-2.83752079490687,-54.6196092922147,-0.0978455446519611,2,2,2,matched,complete
ATP-HTVS-EB0B96E798C5,89859,rxn102c____EMOL49832880____EMOL44693140,89859-2,25,运行/运行/ATP-VSW/ATP-VSW-DOCK_HTVS_1-003_lib/ATP-VSW-DOCK_HTVS_1-003_lib.mae,[NH3+]CCNc1ccc(NCc2[nH+]c3ccccc3n2Cc2ccccc2)cc1,[NH3+]CCNc1ccc(NCc2[nH+]c3ccccc3n2Cc2ccccc2)cc1,c1ccc(Cn2c(CNc3ccccc3)[nH+]c3ccccc32)cc1,C23H27N5+2,2.0,28.0,55.0,1.0,997b5610a72273e52cfb6580a3e18cb0dfc0719d14ef1c44dd68373222491a19,-5.70566668218131,-73.4881046462893,-0.203773810077904,2,2,2,matched,complete
ATP-HTVS-EB12E3425930,44387,m_207bba____3310522____7963830,44387-2,940,运行/运行/ATP-VSW/ATP-VSW-DOCK_HTVS_1-003_lib/ATP-VSW-DOCK_HTVS_1-003_lib.mae,CNS(=O)(=O)Cc1ccccc1CNCc1cc(OCc2ccccc2)c2ccccc2c1,CNS(=O)(=O)Cc1ccccc1CNCc1cc(OCc2ccccc2)c2ccccc2c1,c1ccc(CNCc2cc(OCc3ccccc3)c3ccccc3c2)cc1,C27H28N2O3S,0.0,33.0,61.0,1.0,2787f3ea91133a3a3c67065e00fab9ff7a06ebad6631ec5cfb6bfba2aea6c0f7,-2.57688650787329,-49.5682108436395,-0.0780874699355543,1,1,1,matched,complete
ATP-HTVS-EB1E3022AC0C,49826,m_282030aaa____21930822____22360182____21945542,49826-2,204,运行/运行/ATP-VSW/ATP-VSW-DOCK_HTVS_1-002_lib.maegz,C[NH+](C)Cc1ccc(CNc2nc(NC[C@H](c3ccccc3)[NH+](C)C)[nH+]c3ccccc23)cc1,C[NH+](C)Cc1ccc(CNc2nc(NCC(c3ccccc3)[NH+](C)C)[nH+]c3ccccc23)cc1,c1ccc(CCNc2nc(NCc3ccccc3)c3ccccc3[nH+]2)cc1,C28H37N6+3,3.0,34.0,71.0,1.0,e8f3596824fa0e5a5fe8004a1e564aca105e9aafdeb37f65af4f7cd99609da16,-4.65351111779992,-64.6433814185193,-0.136867974052939,3,3,3,matched,complete
ATP-HTVS-EB500473345C,44738,m_2230bec____12332212____681304,44738-2,398,运行/运行/ATP-VSW/ATP-VSW-DOCK_HTVS_1-002_lib.maegz,CC[N@@H+](Cc1ccc(C[NH+](C)C)cc1)Cc1nc2ccccc2c(-c2ccccc2)c1C(=O)OC,CC[NH+](Cc1ccc(C[NH+](C)C)cc1)Cc1nc2ccccc2c(-c2ccccc2)c1C(=O)OC,c1ccc(C[NH2+]Cc2cc(-c3ccccc3)c3ccccc3n2)cc1,C30H35N3O2+2,2.0,35.0,70.0,1.0,28a617107d029b2b985d1a8b488e73fcd56d3f145b5dd2d8b97291861db603c6,-4.1077202743778,-54.2275076562018,-0.117363436410794,4,4,4,matched,complete
ATP-HTVS-EB51C7366B34,83106,rxn502b____EMOL39121351____EMOL7515103____EMOL300091282,83106-2,736,运行/运行/ATP-VSW/ATP-VSW-DOCK_HTVS_1-002_lib.maegz,Cc1ccc(CCC(=O)Nc2[nH+]cc(N(CC#N)Cc3ccccc3)c3ccccc23)cc1,Cc1ccc(CCC(=O)Nc2[nH+]cc(N(CC#N)Cc3ccccc3)c3ccccc23)cc1,O=C(CCc1ccccc1)Nc1[nH+]cc(NCc2ccccc2)c2ccccc12,C28H27N4O+,1.0,33.0,60.0,1.0,c5b8d1634774fbc035e5563326846f70f86dfef02bc8e9ac1863e9c1e8417c3c,-3.1878307179681,-62.6005590168376,-0.0966009308475182,1,1,1,matched,complete
ATP-HTVS-EBA0F745595A,79777,rxn512b____EMOL2726699____EMOL15801711____EMOL2873214,79777-1,313,运行/运行/ATP-VSW/ATP-VSW-DOCK_HTVS_1-001_lib/ATP-VSW-DOCK_HTVS_1-001_lib,CN(C(=O)Cc1cc(NCc2cccc(C[NH+](C)C)c2)cs1)c1ccccc1F,CN(C(=O)Cc1cc(NCc2cccc(C[NH+](C)C)c2)cs1)c1ccccc1F,O=C(Cc1cc(NCc2ccccc2)cs1)Nc1ccccc1,C23H27FN3OS+,1.0,29.0,56.0,1.0,8add2426f1ff61361b1ed0e3874855e7ac0f1738dbe4230290e38df516e49aeb,-4.29967640451544,-52.8431535472073,-0.148264703603981,2,2,2,matched,complete
ATP-HTVS-EBADA6179138,70403,rxn512c____EMOL712348____EMOL36725275____EMOL44691345,70403-1,350,运行/运行/ATP-VSW/ATP-VSW-DOCK_HTVS_1-003_lib/ATP-VSW-DOCK_HTVS_1-003_lib.mae,C[NH+](C)Cc1ccccc1NC(=O)c1cnc2ccc(F)cc2c1N(CC#N)c1ccccc1,C[NH+](C)Cc1ccccc1NC(=O)c1cnc2ccc(F)cc2c1N(CC#N)c1ccccc1,O=C(Nc1ccccc1)c1cnc2ccccc2c1Nc1ccccc1,C27H25FN5O+,1.0,34.0,59.0,1.0,ac35e53ed541ab36c4913e036d5e332a6d3be7a058951bf58623093a043e8a2d,-4.19996272104053,-59.3070036981023,-0.123528315324721,2,2,2,matched,complete
ATP-HTVS-EBCFEAF5D9E7,28865,m_282030aaa____21926476____22360182____21967972,28865-3,1095,运行/运行/ATP-VSW/ATP-VSW-DOCK_HTVS_1-001_lib/ATP-VSW-DOCK_HTVS_1-001_lib,C[NH+](C)Cc1ccc(CCNc2nc(NCCOc3cccc(C#N)c3)nc3ccccc23)cc1,C[NH+](C)Cc1ccc(CCNc2nc(NCCOc3cccc(C#N)c3)nc3ccccc23)cc1,c1ccc(CCNc2nc(NCCOc3ccccc3)nc3ccccc23)cc1,C28H31N6O+,1.0,35.0,66.0,1.0,0bce2cd75ea3ec1670aecbae7f8cd019572691dc842030c668b3795112673680,-2.18718306264558,-56.4204533974125,-0.0624909446470166,1,1,1,matched,complete
ATP-HTVS-EBFF1A375D8B,77347,rxn512b____EMOL725587____EMOL719673____EMOL2873214,77347-4,1178,运行/运行/ATP-VSW/ATP-VSW-DOCK_HTVS_1-003_lib/ATP-VSW-DOCK_HTVS_1-003_lib.mae,CC(=O)[C@@H](NC(=O)c1[nH]c2ccccc2c1NCc1cccc(CN(C)C)c1)c1ccccc1,CC(=O)C(NC(=O)c1[nH]c2ccccc2c1NCc1cccc(CN(C)C)c1)c1ccccc1,O=C(NCc1ccccc1)c1[nH]c2ccccc2c1NCc1ccccc1,C28H30N4O2,0.0,34.0,64.0,1.0,f050354b93e4f8794de9a5b3cb0cf323f41f542b6dd7377db7ea53fe44bfa6f1,-1.94035670481426,-46.1758512083773,-0.0570693148474782,1,1,1,matched,complete
ATP-HTVS-EC2D3AD3168F,83201,rxn502b____EMOL3801098____EMOL30488121____EMOL109645890,83201-1,125,运行/运行/ATP-VSW/ATP-VSW-DOCK_HTVS_1-001_lib/ATP-VSW-DOCK_HTVS_1-001_lib,CN(C)c1ccc(CCNc2c(NC(=O)Cc3ccccc3C#N)c[nH+]c3ccccc23)cc1,CN(C)c1ccc(CCNc2c(NC(=O)Cc3ccccc3C#N)c[nH+]c3ccccc23)cc1,O=C(Cc1ccccc1)Nc1c[nH+]c2ccccc2c1NCCc1ccccc1,C28H28N5O+,1.0,34.0,62.0,1.0,274e8620bf879353bd8475caa78fd8caa7f0d30cab0a8889b72c563921b817d3,-4.90218858600317,-57.8257604927821,-0.144182017235387,2,2,2,matched,complete
ATP-HTVS-EC4610FFE6DC,42498,m_270004bbb____15775648____24715140,42498-2,105,运行/运行/ATP-VSW/ATP-VSW-DOCK_HTVS_1-002_lib.maegz,CN(C)Cc1ccc(CC[NH2+]Cc2cn(CCC#N)nc2-c2ccccc2Br)cc1,CN(C)Cc1ccc(CC[NH2+]Cc2cn(CCC#N)nc2-c2ccccc2Br)cc1,c1ccc(CC[NH2+]Cc2c[nH]nc2-c2ccccc2)cc1,C24H29BrN5+,1.0,30.0,59.0,1.0,3ba206af8977feaed664438e5cf9096847b3a6d986e9bd613a2e014a3ab689bb,-5.09256497052492,-79.1397747021874,-0.169752165684164,2,2,2,matched,complete
ATP-HTVS-EC5DC094D49F,51715,m_282030aaa____21924026____22360182____21974936,51715-1,429,运行/运行/ATP-VSW/ATP-VSW-DOCK_HTVS_1-003_lib/ATP-VSW-DOCK_HTVS_1-003_lib.mae,CNc1ccccc1CNc1nc(NCc2ccc(F)cc2C[NH+](C)C)[nH+]c2ccccc12,CNc1ccccc1CNc1nc(NCc2ccc(F)cc2C[NH+](C)C)[nH+]c2ccccc12,c1ccc(CNc2nc(NCc3ccccc3)c3ccccc3[nH+]2)cc1,C26H31FN6+2,2.0,33.0,64.0,1.0,b5f8d4abe2fc71163a4760dca91d62ecaa81d750ecd371bf46b90098da766577,-3.95306964923428,-51.4026607176105,-0.119789989370736,2,2,2,matched,complete
ATP-HTVS-ECFCDEE54331,47682,m_282030aaa____21890682____22360182____21973156,47682-1,420,运行/运行/ATP-VSW/ATP-VSW-DOCK_HTVS_1-002_lib.maegz,CN(CC(=O)Nc1cccc(Cl)c1)c1nc(NCc2ccccc2C[NH+](C)C)[nH+]c2ccccc12,CN(CC(=O)Nc1cccc(Cl)c1)c1nc(NCc2ccccc2C[NH+](C)C)[nH+]c2ccccc12,O=C(CNc1nc(NCc2ccccc2)[nH+]c2ccccc12)Nc1ccccc1,C27H31ClN6O+2,2.0,35.0,66.0,1.0,45fc8410f324eaeef12d412216b88985ab7e147d18291a88d2030d0bcd272020,-4.042763070411,-56.6773874811626,-0.115507516297457,1,1,1,matched,complete
ATP-HTVS-ED186549DA4C,82466,rxn502b____EMOL527362____EMOL44466703____EMOL50155899,82466-1,287,运行/运行/ATP-VSW/ATP-VSW-DOCK_HTVS_1-002_lib.maegz,C[NH+](C)Cc1ccc(CNc2cc3ccccc3nc2NC(=O)CCc2ccc3c(c2)OCO3)cc1,C[NH+](C)Cc1ccc(CNc2cc3ccccc3nc2NC(=O)CCc2ccc3c(c2)OCO3)cc1,O=C(CCc1ccc2c(c1)OCO2)Nc1nc2ccccc2cc1NCc1ccccc1,C29H31N4O3+,1.0,36.0,67.0,1.0,0cec10aacec0933230f757b04333cf4923193a65795a82ce4c3f08efb9891ffc,-4.41724015866286,-59.0957063695128,-0.122701115518413,2,2,2,matched,complete
ATP-HTVS-ED381154F376,3425,YAS_R006____OTV5753507____OTV999465____OTV1000393,3425-1,182,运行/运行/ATP-VSW/ATP-VSW-DOCK_HTVS_1-001_lib/ATP-VSW-DOCK_HTVS_1-001_lib,C[NH+](C)[C@@H](CNc1nc(COc2ccc(Cl)cc2)nc2ccccc12)c1ccc(O)cc1,C[NH+](C)C(CNc1nc(COc2ccc(Cl)cc2)nc2ccccc12)c1ccc(O)cc1,c1ccc(CCNc2nc(COc3ccccc3)nc3ccccc23)cc1,C25H26ClN4O2+,1.0,32.0,58.0,1.0,60ae88cde2bbb156fcdd63bd888eeee47c01a109d7af0af06b01b01d3a5beea7,-4.6795303145686,-64.4189010662159,-0.146235322330269,3,3,3,matched,complete
ATP-HTVS-ED9FB8DD8268,75073,rxn502b____EMOL502826____EMOL13728749____EMOL2873214,75073-1,221,运行/运行/ATP-VSW/ATP-VSW-DOCK_HTVS_1-001_lib/ATP-VSW-DOCK_HTVS_1-001_lib,C[NH+](C)Cc1cccc(CNc2cnc3ccccc3c2NC(=O)Cc2ccc(O)c(O)c2)c1,C[NH+](C)Cc1cccc(CNc2cnc3ccccc3c2NC(=O)Cc2ccc(O)c(O)c2)c1,O=C(Cc1ccccc1)Nc1c(NCc2ccccc2)cnc2ccccc12,C27H29N4O3+,1.0,34.0,63.0,1.0,2ce8c14b46e25732d6a188b229a16cd9640b9299e680f5e08f6762047e41f984,-4.56936701355203,-64.7186530425283,-0.134393147457413,3,3,3,matched,complete
ATP-HTVS-EDD9885A2235,72929,rxn502b____EMOL492715____EMOL13728749____EMOL712348,72929-1,475,运行/运行/ATP-VSW/ATP-VSW-DOCK_HTVS_1-001_lib/ATP-VSW-DOCK_HTVS_1-001_lib,N#CCN(c1ccccc1)c1cnc2ccccc2c1NC(=O)Cc1cccc(Cl)c1,N#CCN(c1ccccc1)c1cnc2ccccc2c1NC(=O)Cc1cccc(Cl)c1,O=C(Cc1ccccc1)Nc1c(Nc2ccccc2)cnc2ccccc12,C25H19ClN4O,0.0,31.0,50.0,1.0,cb914eb0f1c02faa02247d6a1d1b7159897f4fad7961c0741193687479369ef8,-3.88292151444989,-46.4415679980133,-0.12525553272419,1,1,1,matched,complete
ATP-HTVS-EE25A0930777,61857,m_2230bbb____17853394____10178420,61857-4,502,运行/运行/ATP-VSW/ATP-VSW-DOCK_HTVS_1-001_lib/ATP-VSW-DOCK_HTVS_1-001_lib,Cc1cc(C)c(CN[C@H](CO)c2cccc(N(C)C)c2)c(OCc2ccccc2)n1,Cc1cc(C)c(CNC(CO)c2cccc(N(C)C)c2)c(OCc2ccccc2)n1,c1ccc(CNCc2cccnc2OCc2ccccc2)cc1,C25H31N3O2,0.0,30.0,61.0,1.0,d594296da2daf135ecebfbd6cfa5701cb06a9026f045734e99be8ec3ec14587c,-3.80601852357787,-57.4784577901668,-0.126867284119262,1,1,1,matched,complete
ATP-HTVS-EE3EC74621FE,36163,m_282030aaa____21926464____23157418____21961622,36163-1,316,运行/运行/ATP-VSW/ATP-VSW-DOCK_HTVS_1-003_lib/ATP-VSW-DOCK_HTVS_1-003_lib.mae,Cc1c(N)cccc1CNc1nc2ccccc2nc1NCCc1ccc(C[NH+](C)C)cc1,Cc1c(N)cccc1CNc1nc2ccccc2nc1NCCc1ccc(C[NH+](C)C)cc1,c1ccc(CCNc2nc3ccccc3nc2NCc2ccccc2)cc1,C27H33N6+,1.0,33.0,66.0,1.0,feb99866185eac4f92fe240d8845da89c6e0eeb2fd823538f77be2cf4b0de639,-4.30814574338597,-58.3617500761572,-0.130549871011696,2,2,2,matched,complete
ATP-HTVS-EE5B82122D17,84066,rxn502c____EMOL492224____EMOL29936549____EMOL2868412,84066-1,809,运行/运行/ATP-VSW/ATP-VSW-DOCK_HTVS_1-002_lib.maegz,CC[NH+](CC)Cc1ccc(CNc2cnc(NC(=O)c3cccc(C(C)=O)c3)c3ccccc23)cc1,CC[NH+](CC)Cc1ccc(CNc2cnc(NC(=O)c3cccc(C(C)=O)c3)c3ccccc23)cc1,O=C(Nc1ncc(NCc2ccccc2)c2ccccc12)c1ccccc1,C30H33N4O2+,1.0,36.0,69.0,1.0,f254122ba83ad173fe11c698016665c5d2c4a110e63d74b9be755cdc724072c1,-3.01399039773604,-41.0636520594772,-0.0837219554926678,2,2,2,matched,complete
ATP-HTVS-EE6CCEFDAAD0,33217,m_270004bbb____25289968____7547452,33217-1,217,运行/运行/ATP-VSW/ATP-VSW-DOCK_HTVS_1-001_lib/ATP-VSW-DOCK_HTVS_1-001_lib,OCCNc1ccccc1C[NH2+]Cc1c2ccccc2cc2ccccc12,OCCNc1ccccc1C[NH2+]Cc1c2ccccc2cc2ccccc12,c1ccc(C[NH2+]Cc2c3ccccc3cc3ccccc23)cc1,C24H25N2O+,1.0,27.0,52.0,1.0,00b7a7cc5073fdc7f25c4b6303bac019f9cbbfd3053ea7971ed30b4da5d901ce,-4.57569410141658,-50.9003501291124,-0.169470151904318,2,2,2,matched,complete
ATP-HTVS-EE8A818A3017,72097,rxn403____EMOL8314610____EMOL24201912____EMOL530791,72097-4,815,运行/运行/ATP-VSW/ATP-VSW-DOCK_HTVS_1-001_lib/ATP-VSW-DOCK_HTVS_1-001_lib,OCC[NH2+]c1ccc(N[C@@H](C#CCOc2ccccc2)c2coc3ccccc23)cc1,OCC[NH2+]c1ccc(NC(C#CCOc2ccccc2)c2coc3ccccc23)cc1,C(#CC(Nc1ccccc1)c1coc2ccccc12)COc1ccccc1,C26H25N2O3+,1.0,31.0,56.0,1.0,bf49b3a17ac2e51124cf8ecbe06ed4a3d92e9f8a8e5677a564534d7ceb6e9ef0,-2.95811246750271,-48.2899721449823,-0.095422982822668,1,1,1,matched,complete
ATP-HTVS-EE9B34D8B24D,20323,WXDL_15E____QS5063____LN00171853____BT0555,20323-1,118,运行/运行/ATP-VSW/ATP-VSW-DOCK_HTVS_1-003_lib/ATP-VSW-DOCK_HTVS_1-003_lib.mae,C[NH+](C)Cc1ccc(CNc2nc(-c3ccc(O)cc3)cs2)cc1,C[NH+](C)Cc1ccc(CNc2nc(-c3ccc(O)cc3)cs2)cc1,c1ccc(CNc2nc(-c3ccccc3)cs2)cc1,C19H22N3OS+,1.0,24.0,46.0,1.0,42565dcff122fda47d655ba955150dd46ef669440c022eafc5998ffac2ae849c,-5.010070405463,-53.895510802044,-0.208752933560958,2,2,2,matched,complete
ATP-HTVS-EEA70E20167C,92483,rxn502a____EMOL480990____EMOL43618924____EMOL2873214,92483-1,381,运行/运行/ATP-VSW/ATP-VSW-DOCK_HTVS_1-003_lib/ATP-VSW-DOCK_HTVS_1-003_lib.mae,CN(C(=O)c1ccc(Cl)cc1)c1ccc(NCc2cccc(C[NH+](C)C)c2)cn1,CN(C(=O)c1ccc(Cl)cc1)c1ccc(NCc2cccc(C[NH+](C)C)c2)cn1,O=C(Nc1ccc(NCc2ccccc2)cn1)c1ccccc1,C23H26ClN4O+,1.0,29.0,55.0,1.0,0771d7a37e9b95db8c1804ed74d0fdfb14f82fc327c2a7ef41c9abc796b8aef8,-4.09027336744338,-50.390102741916,-0.141043909222186,2,2,2,matched,complete
ATP-HTVS-EEBB6926EC22,55779,m_269862bba____7196292____7200142,55779-3,770,运行/运行/ATP-VSW/ATP-VSW-DOCK_HTVS_1-003_lib/ATP-VSW-DOCK_HTVS_1-003_lib.mae,C[C@@H](NCc1cn(-c2ccccc2)nc1-c1ccncc1)c1ccc(Br)cc1,CC(NCc1cn(-c2ccccc2)nc1-c1ccncc1)c1ccc(Br)cc1,c1ccc(CNCc2cn(-c3ccccc3)nc2-c2ccncc2)cc1,C23H21BrN4,0.0,28.0,49.0,1.0,8aa00c5561bb6290835053a0ca3a0aeb45ba18b5558bc3ca57c8dd5e3e233bc8,-3.04212579975428,-50.9176783701368,-0.108647349991224,1,1,1,matched,complete
ATP-HTVS-EEE4DEAD393E,83169,rxn512c____EMOL25685613____EMOL43362984____EMOL3728368,83169-3,1449,运行/运行/ATP-VSW/ATP-VSW-DOCK_HTVS_1-001_lib/ATP-VSW-DOCK_HTVS_1-001_lib,C[C@H](c1ccccc1)N(C)C(=O)c1c(Nc2cccc(CN(C)C)c2)c2ccccc2[nH]c1=O,CC(c1ccccc1)N(C)C(=O)c1c(Nc2cccc(CN(C)C)c2)c2ccccc2[nH]c1=O,O=C(NCc1ccccc1)c1c(Nc2ccccc2)c2ccccc2[nH]c1=O,C28H30N4O2,0.0,34.0,64.0,1.0,4ce704af04bdc865b646d310bdcf5ab79cea1f6731b37a4a7af3fbd64cc8b562,0.1640437805725,-39.7847986895887,0.0048248170756617,1,1,1,matched,complete
ATP-HTVS-EF007D703862,59907,m_2230bdc____17626620____15113324,59907-1,1318,运行/运行/ATP-VSW/ATP-VSW-DOCK_HTVS_1-003_lib/ATP-VSW-DOCK_HTVS_1-003_lib.mae,CC(=O)Nc1ccccc1CN1CC(=O)Nc2ccc(Br)cc2[C@H]1c1ccccc1,CC(=O)Nc1ccccc1CN1CC(=O)Nc2ccc(Br)cc2C1c1ccccc1,O=C1CN(Cc2ccccc2)C(c2ccccc2)c2ccccc2N1,C24H22BrN3O2,0.0,30.0,52.0,1.0,b2cd6ccaadc3ce9bca043945acca75ee8c4754c7fd4f125f7b34b47867b88679,-1.45833639657194,-36.2856965106608,-0.0486112132190646,2,2,2,matched,complete
ATP-HTVS-EF0129487CC6,92769,rxn501c____EMOL18624763____EMOL713289____EMOL728416,92769-1,96,运行/运行/ATP-VSW/ATP-VSW-DOCK_HTVS_1-001_lib/ATP-VSW-DOCK_HTVS_1-001_lib,C[NH+](C)Cc1ccc(C(=O)Nc2ccc([C@H](C#N)c3ccccc3)c(-c3cccc(C[NH3+])c3)c2)cc1,C[NH+](C)Cc1ccc(C(=O)Nc2ccc(C(C#N)c3ccccc3)c(-c3cccc(C[NH3+])c3)c2)cc1,O=C(Nc1ccc(Cc2ccccc2)c(-c2ccccc2)c1)c1ccccc1,C31H32N4O+2,2.0,36.0,68.0,1.0,905e2a8526a6b3cdcff5580043b5450cf6a3e57c3bc564fb6fa8ff4e9e97f894,-5.05644438511691,-59.4061000710125,-0.14045678847547,6,6,6,matched,complete
ATP-HTVS-EF17DB58F500,88321,rxn502b____EMOL30405402____EMOL30488121____EMOL906257,88321-1,227,运行/运行/ATP-VSW/ATP-VSW-DOCK_HTVS_1-001_lib/ATP-VSW-DOCK_HTVS_1-001_lib,CC[NH+](CC)Cc1ccc(C(=O)Nc2c[nH+]c3ccccc3c2N[C@@H](C#N)c2ccc(F)cc2)cc1,CC[NH+](CC)Cc1ccc(C(=O)Nc2c[nH+]c3ccccc3c2NC(C#N)c2ccc(F)cc2)cc1,O=C(Nc1c[nH+]c2ccccc2c1NCc1ccccc1)c1ccccc1,C29H30FN5O+2,2.0,36.0,66.0,1.0,3bebbeb710c9e8a7e4d0877f5543d1b5eda44fc7a86d76ff6474d8f472a4cb2f,-4.53325018419689,-62.1809784510771,-0.125923616227691,7,7,7,matched,complete
ATP-HTVS-EF3EA56789AA,30145,m_282030aaa____21926464____22360182____21944940,30145-2,695,运行/运行/ATP-VSW/ATP-VSW-DOCK_HTVS_1-001_lib/ATP-VSW-DOCK_HTVS_1-001_lib,CN(C)Cc1ccc(CCNc2nc(NCc3ccc(C#N)cc3F)[nH+]c3ccccc23)cc1,CN(C)Cc1ccc(CCNc2nc(NCc3ccc(C#N)cc3F)[nH+]c3ccccc23)cc1,c1ccc(CCNc2nc(NCc3ccccc3)[nH+]c3ccccc23)cc1,C27H28FN6+,1.0,34.0,62.0,1.0,24d00f28aac3ef51425a3035de4fe521786885a4b2df268c732f4cf4e6717c82,-3.31985533975518,-60.6489122179791,-0.0976428041104466,2,2,2,matched,complete
ATP-HTVS-EF5E324DB424,43521,m_11bba____3307916____54761,43521-2,1059,运行/运行/ATP-VSW/ATP-VSW-DOCK_HTVS_1-001_lib/ATP-VSW-DOCK_HTVS_1-001_lib,CN1CCN(c2ccccc2CNC(=O)c2oc3ccccc3c2COc2ccccc2)CC1,CN1CCN(c2ccccc2CNC(=O)c2oc3ccccc3c2COc2ccccc2)CC1,O=C(NCc1ccccc1N1CCNCC1)c1oc2ccccc2c1COc1ccccc1,C28H29N3O3,0.0,34.0,63.0,1.0,5160c706f8efef75389ab03a6c2bddca993899cfd7073006eeb3e3a9ac9e6095,-2.2978468768913,-48.9511783136573,-0.0675837316732736,1,1,1,matched,complete
ATP-HTVS-EFBD886B8952,44611,m_270004bbb____23868334____9705990,44611-1,62,运行/运行/ATP-VSW/ATP-VSW-DOCK_HTVS_1-003_lib/ATP-VSW-DOCK_HTVS_1-003_lib.mae,CCCC[N@@H+](CC)Cc1cccc(C[NH2+]Cc2ccc(N(C)c3ccccc3)nc2)c1,CCCC[NH+](CC)Cc1cccc(C[NH2+]Cc2ccc(N(C)c3ccccc3)nc2)c1,c1ccc(C[NH2+]Cc2ccc(Nc3ccccc3)nc2)cc1,C27H38N4+2,2.0,31.0,69.0,1.0,70992134dec2e16f19fad320b14654f8bcee28003c5823377ef8e5643231cb42,-5.38965192191034,-69.6213472966081,-0.173859739416463,1,1,1,matched,complete
ATP-HTVS-EFE421C91038,75778,rxn502b____EMOL530803____EMOL30488121____EMOL108753565,75778-1,58,运行/运行/ATP-VSW/ATP-VSW-DOCK_HTVS_1-002_lib.maegz,C[NH2+]Cc1ccc(CNc2c(NC(=O)C#Cc3ccccc3)c[nH+]c3ccccc23)cc1,C[NH2+]Cc1ccc(CNc2c(NC(=O)C#Cc3ccccc3)c[nH+]c3ccccc23)cc1,O=C(C#Cc1ccccc1)Nc1c[nH+]c2ccccc2c1NCc1ccccc1,C27H26N4O+2,2.0,32.0,58.0,1.0,54fe0d81928b2e1dc59eb15f833582b7c638717e906d6a566b375cb07117c569,-5.50975727056192,-64.8266599026476,-0.17217991470506,3,3,3,matched,complete
ATP-HTVS-F056EC0EC7E7,77666,rxn102b____EMOL37561843____EMOL76738571,77666-2,374,运行/运行/ATP-VSW/ATP-VSW-DOCK_HTVS_1-002_lib.maegz,C[C@H](Nc1cccc(N)c1C[NH+](C)C)c1cc2cccc(Cl)c2c(=O)n1-c1ccccc1,CC(Nc1cccc(N)c1C[NH+](C)C)c1cc2cccc(Cl)c2c(=O)n1-c1ccccc1,O=c1c2ccccc2cc(CNc2ccccc2)n1-c1ccccc1,C26H28ClN4O+,1.0,32.0,60.0,1.0,e6cf87fcc0065f99a6a02b9a2b02e9c563f5c817f7b86b910c7174c42e7939f6,-4.17598752066853,-53.5242333483364,-0.130499610020892,4,4,4,matched,complete
ATP-HTVS-F05D07B9382E,64417,m_270004beb____23855432____24720860,64417-5,1271,运行/运行/ATP-VSW/ATP-VSW-DOCK_HTVS_1-001_lib/ATP-VSW-DOCK_HTVS_1-001_lib,CCN(CC)C[C@H](NCc1nc2ccccc2n1Cc1ccccc1)c1ccccc1,CCN(CC)CC(NCc1nc2ccccc2n1Cc1ccccc1)c1ccccc1,c1ccc(CNCc2nc3ccccc3n2Cc2ccccc2)cc1,C27H32N4,0.0,31.0,63.0,1.0,baba34ace52fd28b0a5384b5eebb9095dbe09803d60a1341d02c3bc631c2158f,-1.67195748938188,-39.037123747113,-0.0539341125607059,1,1,1,matched,complete
ATP-HTVS-F084EE8F7246,75458,rxn102c____EMOL50415677____EMOL50155899,75458-1,349,运行/运行/ATP-VSW/ATP-VSW-DOCK_HTVS_1-002_lib.maegz,C[NH+](C)Cc1ccc(CNc2cc(Cl)c(C(=O)c3ccccc3)c(Cl)n2)cc1,C[NH+](C)Cc1ccc(CNc2cc(Cl)c(C(=O)c3ccccc3)c(Cl)n2)cc1,O=C(c1ccccc1)c1ccc(NCc2ccccc2)nc1,C22H22Cl2N3O+,1.0,28.0,50.0,1.0,72702543a9cf2f294724419e463e45346869e4c94cfb641e7414b329b56503b7,-4.25499738938492,-53.6925433007531,-0.151964192478033,1,1,1,matched,complete
ATP-HTVS-F08817EB9A7A,20546,WXDL_15E____QS1365____LN00190257____BT1646,20546-1,15,运行/运行/ATP-VSW/ATP-VSW-DOCK_HTVS_1-002_lib.maegz,CCCc1ccc(C[NH2+]Cc2ncc(-c3ccccc3O)cn2)cc1,CCCc1ccc(C[NH2+]Cc2ncc(-c3ccccc3O)cn2)cc1,c1ccc(C[NH2+]Cc2ncc(-c3ccccc3)cn2)cc1,C21H24N3O+,1.0,25.0,49.0,1.0,968d683e07fad7ac27eb71129a9e64de3375e2fd1d1706e55f6fa55a72b99c4f,-6.13430839064474,-68.2732878337483,-0.24537233562579,2,2,2,matched,complete
ATP-HTVS-F0989AC93CC9,68962,rxn502b____EMOL530620____EMOL30488121____EMOL2873214,68962-1,383,运行/运行/ATP-VSW/ATP-VSW-DOCK_HTVS_1-002_lib.maegz,C[NH+](C)Cc1cccc(CNc2c(NC(=O)Cc3ccccc3)c[nH+]c3ccccc23)c1,C[NH+](C)Cc1cccc(CNc2c(NC(=O)Cc3ccccc3)c[nH+]c3ccccc23)c1,O=C(Cc1ccccc1)Nc1c[nH+]c2ccccc2c1NCc1ccccc1,C27H30N4O+2,2.0,32.0,62.0,1.0,49214c6ed28c397778cf848bbb844f5b4e94016322feab8227c968f336ee9020,-4.15684865021333,-59.0926871514379,-0.129901520319166,3,3,3,matched,complete
ATP-HTVS-F0AA189EB18F,6785,a1____95059____409552,6785-1,482,运行/运行/ATP-VSW/ATP-VSW-DOCK_HTVS_1-001_lib/ATP-VSW-DOCK_HTVS_1-001_lib,C[NH+](C)CCc1ccc(NC(=O)c2cn(Cc3ccccc3)c(=O)c3ccccc23)cc1,C[NH+](C)CCc1ccc(NC(=O)c2cn(Cc3ccccc3)c(=O)c3ccccc23)cc1,O=C(Nc1ccccc1)c1cn(Cc2ccccc2)c(=O)c2ccccc12,C27H28N3O2+,1.0,32.0,60.0,1.0,9cd74b1e0e2ce738626b39fb7a7a070f8918ad5afad6dcd91de2ad4de5623d13,-3.85177825993768,-48.642793364177,-0.120368070623053,1,1,1,matched,complete
ATP-HTVS-F0B899F1EF1B,71170,rxn502b____EMOL31412043____EMOL44466703____EMOL44153840,71170-1,611,运行/运行/ATP-VSW/ATP-VSW-DOCK_HTVS_1-002_lib.maegz,CC[NH+](CC)Cc1cccc(CNc2cc3ccccc3nc2NC(=O)CN(C)c2ccccc2)c1,CC[NH+](CC)Cc1cccc(CNc2cc3ccccc3nc2NC(=O)CN(C)c2ccccc2)c1,O=C(CNc1ccccc1)Nc1nc2ccccc2cc1NCc1ccccc1,C30H36N5O+,1.0,36.0,72.0,1.0,cc4771a711e67d3b82e711d96957fe76e89c7346bbc7a7131cf1fb668e6e192a,-3.53965621934154,-58.6267941761561,-0.0983237838705984,2,2,2,matched,complete
ATP-HTVS-F0EA8E73CD83,77665,rxn512b____EMOL49832880____EMOL44846536____EMOL2873214,77665-1,44,运行/运行/ATP-VSW/ATP-VSW-DOCK_HTVS_1-001_lib/ATP-VSW-DOCK_HTVS_1-001_lib,C[NH+](C)Cc1cccc(CNc2cc(C(=O)N(CC[NH3+])c3ccc(Cl)cc3)sc2Cl)c1,C[NH+](C)Cc1cccc(CNc2cc(C(=O)N(CC[NH3+])c3ccc(Cl)cc3)sc2Cl)c1,O=C(Nc1ccccc1)c1cc(NCc2ccccc2)cs1,C23H28Cl2N4OS+2,2.0,31.0,59.0,1.0,3079d8ca7ef25cfaeb1e3234a4fe28d4acda555d6cc34ba99ed8be1672c665b7,-5.33587701286716,-67.0791932089223,-0.172125064931199,2,2,2,matched,complete
ATP-HTVS-F13E60D2EE86,44546,m_2230bbc____17609644____679992,44546-4,146,运行/运行/ATP-VSW/ATP-VSW-DOCK_HTVS_1-002_lib.maegz,COCC[N@@H+](C)Cc1ccc(C[N@H+](C)Cc2cn(-c3ccccc3)nc2-c2ccccc2)cc1,COCC[NH+](C)Cc1ccc(C[NH+](C)Cc2cn(-c3ccccc3)nc2-c2ccccc2)cc1,c1ccc(C[NH2+]Cc2cn(-c3ccccc3)nc2-c2ccccc2)cc1,C29H36N4O+2,2.0,34.0,70.0,1.0,cd868de686f8bd94cf5a4eec402111f5eda43b81cc261f6f2cc3e06296d025ba,-4.91807100360852,-67.5056481932784,-0.144649147164956,6,6,6,matched,complete
ATP-HTVS-F15CD1C1F5FF,30753,m_282030aaa____21893406____23157418____21967972,30753-2,603,运行/运行/ATP-VSW/ATP-VSW-DOCK_HTVS_1-001_lib/ATP-VSW-DOCK_HTVS_1-001_lib,CN(C)Cc1ccc(CCNc2nc3ccccc3nc2NCc2ccc(CO)cc2F)cc1,CN(C)Cc1ccc(CCNc2nc3ccccc3nc2NCc2ccc(CO)cc2F)cc1,c1ccc(CCNc2nc3ccccc3nc2NCc2ccccc2)cc1,C27H30FN5O,0.0,34.0,64.0,1.0,dc3f0a795bbe6ddae854f51db40e8ba4570570113ead08026f59a01c789babd4,-3.55377124897857,-57.1999512960298,-0.104522683793487,1,1,1,matched,complete
ATP-HTVS-F1ABC01A08C5,11618,a4____267243____18622,11618-1,542,运行/运行/ATP-VSW/ATP-VSW-DOCK_HTVS_1-002_lib.maegz,C[NH+](C)Cc1ccc(CNc2ccc(Oc3ccccc3F)nc2)cc1,C[NH+](C)Cc1ccc(CNc2ccc(Oc3ccccc3F)nc2)cc1,c1ccc(CNc2ccc(Oc3ccccc3)nc2)cc1,C21H23FN3O+,1.0,26.0,49.0,1.0,e3bc249ef26a7ca0cea316caf5d6a4a08af72659ee5f3be1fa5f62f644010982,-3.72761112959487,-47.7098975437341,-0.143369658830572,2,2,2,matched,complete
ATP-HTVS-F1D0837E8A30,75426,rxn512b____EMOL36790511____EMOL719673____EMOL324170366,75426-2,630,运行/运行/ATP-VSW/ATP-VSW-DOCK_HTVS_1-002_lib.maegz,C[C@@H](C#N)N(C(=O)c1[nH]c2ccccc2c1NCc1ccc(NCCO)cc1)c1ccccc1,CC(C#N)N(C(=O)c1[nH]c2ccccc2c1NCc1ccc(NCCO)cc1)c1ccccc1,O=C(Nc1ccccc1)c1[nH]c2ccccc2c1NCc1ccccc1,C27H27N5O2,0.0,34.0,61.0,1.0,0ea2dc023aae9dfdf208b74da6f67ea1ef7348428f7689ddff9ca114fb6b7549,-3.50945086652733,-47.0369825318933,-0.103219143133157,2,2,2,matched,complete
ATP-HTVS-F1F8D839F8AD,84801,rxn502b____EMOL526127____EMOL30488121____EMOL42769518,84801-2,173,运行/运行/ATP-VSW/ATP-VSW-DOCK_HTVS_1-001_lib/ATP-VSW-DOCK_HTVS_1-001_lib,Cc1ccc([C@H](O)CNc2c(NC(=O)Cc3cccc(C#N)c3)c[nH+]c3ccccc23)cc1,Cc1ccc(C(O)CNc2c(NC(=O)Cc3cccc(C#N)c3)c[nH+]c3ccccc23)cc1,O=C(Cc1ccccc1)Nc1c[nH+]c2ccccc2c1NCCc1ccccc1,C27H25N4O2+,1.0,33.0,58.0,1.0,c622a0af379535e751c87434192f703d323119216b52cfe3a1014eba5c2b541c,-4.69620533607906,-58.3446918574686,-0.142309252608457,4,4,4,matched,complete
ATP-HTVS-F21E42254560,75617,rxn502b____EMOL44750519____EMOL13728749____EMOL2873214,75617-1,341,运行/运行/ATP-VSW/ATP-VSW-DOCK_HTVS_1-001_lib/ATP-VSW-DOCK_HTVS_1-001_lib,COC(=O)c1ccccc1CC(=O)Nc1c(NCc2cccc(C[NH+](C)C)c2)cnc2ccccc12,COC(=O)c1ccccc1CC(=O)Nc1c(NCc2cccc(C[NH+](C)C)c2)cnc2ccccc12,O=C(Cc1ccccc1)Nc1c(NCc2ccccc2)cnc2ccccc12,C29H31N4O3+,1.0,36.0,67.0,1.0,577bc9f23b6007eedd45628d1f790d311bef0965076327515c20611b9337ab5f,-4.22164955833975,-61.300574311234,-0.117268043287215,3,3,3,matched,complete
ATP-HTVS-F223CD517CA5,81858,rxn502a____EMOL530620____EMOL43618924____EMOL50155899,81858-1,367,运行/运行/ATP-VSW/ATP-VSW-DOCK_HTVS_1-002_lib.maegz,CN(C(=O)Cc1ccccc1)c1ccc(NCc2ccc(C[NH+](C)C)cc2)cn1,CN(C(=O)Cc1ccccc1)c1ccc(NCc2ccc(C[NH+](C)C)cc2)cn1,O=C(Cc1ccccc1)Nc1ccc(NCc2ccccc2)cn1,C24H29N4O+,1.0,29.0,58.0,1.0,f31935829d9bb767f87446aecbf1d8f04f191b37db2b60826afa0a86ca43a897,-4.20311933833737,-53.0338612952,-0.14493514959784,3,3,3,matched,complete
ATP-HTVS-F256B691D902,35106,m_282030aaa____21929760____23157418____21952560,35106-2,188,运行/运行/ATP-VSW/ATP-VSW-DOCK_HTVS_1-002_lib.maegz,C[C@H](Nc1nc2ccccc2nc1NCc1ccc(C[NH+](C)C)cc1)c1ccccc1N,CC(Nc1nc2ccccc2nc1NCc1ccc(C[NH+](C)C)cc1)c1ccccc1N,c1ccc(CNc2nc3ccccc3nc2NCc2ccccc2)cc1,C26H31N6+,1.0,32.0,63.0,1.0,8c983187fafee6c13259e44e01af340642ec32b12fe8779e70418c8f786b13b6,-4.72978086017516,-55.1808765574482,-0.147805651880474,4,4,4,matched,complete
ATP-HTVS-F2668BF9E9B1,75713,rxn502b____EMOL519605____EMOL7515103____EMOL44153840,75713-1,175,运行/运行/ATP-VSW/ATP-VSW-DOCK_HTVS_1-001_lib/ATP-VSW-DOCK_HTVS_1-001_lib,CC[NH+](CC)Cc1cccc(CNc2cnc(NC(=O)c3cccc(O)c3)c3ccccc23)c1,CC[NH+](CC)Cc1cccc(CNc2cnc(NC(=O)c3cccc(O)c3)c3ccccc23)c1,O=C(Nc1ncc(NCc2ccccc2)c2ccccc12)c1ccccc1,C28H31N4O2+,1.0,34.0,65.0,1.0,cb8face028a1fb1ea2b1e5c3a93a12253464f004735c1625dc5e31958f9daefc,-4.69242197859573,-59.3123212556858,-0.138012411135169,2,2,2,matched,complete
ATP-HTVS-F282BC43258B,69537,rxn502b____EMOL299976369____EMOL44466703____EMOL50155899,69537-1,195,运行/运行/ATP-VSW/ATP-VSW-DOCK_HTVS_1-001_lib/ATP-VSW-DOCK_HTVS_1-001_lib,C[NH+](C)Cc1ccc(CNc2cc3ccccc3nc2NC(=O)[C@](C)(O)c2ccccc2)cc1,C[NH+](C)Cc1ccc(CNc2cc3ccccc3nc2NC(=O)C(C)(O)c2ccccc2)cc1,O=C(Cc1ccccc1)Nc1nc2ccccc2cc1NCc1ccccc1,C28H31N4O2+,1.0,34.0,65.0,1.0,708285c8571f27b5eadb045eb9184209e6563fa49c768b13bf5800f6842babed,-4.65415368223412,-62.005115913355,-0.136886873006886,7,7,7,matched,complete
ATP-HTVS-F2D870036CD8,77057,rxn512b____EMOL918461____EMOL720738____EMOL2873214,77057-1,375,运行/运行/ATP-VSW/ATP-VSW-DOCK_HTVS_1-001_lib/ATP-VSW-DOCK_HTVS_1-001_lib,CCN(C(=O)c1cc(NCc2cccc(C[NH+](C)C)c2)cs1)c1ccc(Cl)cc1,CCN(C(=O)c1cc(NCc2cccc(C[NH+](C)C)c2)cs1)c1ccc(Cl)cc1,O=C(Nc1ccccc1)c1cc(NCc2ccccc2)cs1,C23H27ClN3OS+,1.0,29.0,56.0,1.0,d6ca5708535032a43931f2b29013c3824a7294de5ff9d2025a50327fe2ef002e,-4.14134457074988,-49.1736028755182,-0.142804985198272,2,2,2,matched,complete
ATP-HTVS-F308899F49E6,52515,m_270004bbb____23868358____11947658,52515-1,13,运行/运行/ATP-VSW/ATP-VSW-DOCK_HTVS_1-003_lib/ATP-VSW-DOCK_HTVS_1-003_lib.mae,CCNc1ccc(C[NH2+]Cc2ccc(Oc3ccc(F)cc3)nc2)cc1,CCNc1ccc(C[NH2+]Cc2ccc(Oc3ccc(F)cc3)nc2)cc1,c1ccc(C[NH2+]Cc2ccc(Oc3ccccc3)nc2)cc1,C21H23FN3O+,1.0,26.0,49.0,1.0,387b258a096c92dc10b8c7705d26537b40c47bd685b47d8aaf847f77c6b829a1,-5.90641594276411,-68.9546692034337,-0.227169843952466,2,2,2,matched,complete
ATP-HTVS-F3219ACF1618,57027,m_2230bdc____14772912____17630868,57027-2,1368,运行/运行/ATP-VSW/ATP-VSW-DOCK_HTVS_1-003_lib/ATP-VSW-DOCK_HTVS_1-003_lib.mae,C#Cc1cccc(CN2CC(=O)Nc3ccc(Cl)cc3[C@H]2c2ccccc2F)c1,C#Cc1cccc(CN2CC(=O)Nc3ccc(Cl)cc3C2c2ccccc2F)c1,O=C1CN(Cc2ccccc2)C(c2ccccc2)c2ccccc2N1,C24H18ClFN2O,0.0,29.0,47.0,1.0,5fa3a8e689685c805f1307c43b685da9845443cc3d4d01ba14b5cdeb082ba288,-1.20375238340169,-35.6401951302313,-0.0415087028759205,2,2,2,matched,complete
ATP-HTVS-F324B4F6FF43,83745,rxn503b____EMOL490868____EMOL7515103____EMOL317506007,83745-3,342,运行/运行/ATP-VSW/ATP-VSW-DOCK_HTVS_1-001_lib/ATP-VSW-DOCK_HTVS_1-001_lib,C[C@@H]([NH2+]CC#Cc1cnc(NC(=O)c2ccc(O)cc2)c2ccccc12)c1ccc(F)cc1,CC([NH2+]CC#Cc1cnc(NC(=O)c2ccc(O)cc2)c2ccccc12)c1ccc(F)cc1,O=C(Nc1ncc(C#CC[NH2+]Cc2ccccc2)c2ccccc12)c1ccccc1,C27H23FN3O2+,1.0,33.0,56.0,1.0,6d86c0e8f911ba06f65aa9605c71429a6624642d070a61ce7cc3723f3e17d5db,-4.21986392684796,-59.11687611553,-0.127874664449938,6,6,6,matched,complete
ATP-HTVS-F38CDD17995D,90338,rxn501b____EMOL5415347____EMOL30488121____EMOL728493,90338-1,481,运行/运行/ATP-VSW/ATP-VSW-DOCK_HTVS_1-002_lib.maegz,C[NH+](C)Cc1ccccc1C(=O)Nc1cnc2ccccc2c1-c1ccnc(Cl)c1,C[NH+](C)Cc1ccccc1C(=O)Nc1cnc2ccccc2c1-c1ccnc(Cl)c1,O=C(Nc1cnc2ccccc2c1-c1ccncc1)c1ccccc1,C24H22ClN4O+,1.0,30.0,52.0,1.0,97780ed2029406d61a1ed27e58bc5f0b427b40002448651ca78d2285e82140ae,-3.88286039918579,-47.8560173708087,-0.12942867997286,2,2,2,matched,complete
ATP-HTVS-F3AEEA9B80E5,57219,m_282030aaa____21928184____23157418____21967972,57219-1,440,运行/运行/ATP-VSW/ATP-VSW-DOCK_HTVS_1-003_lib/ATP-VSW-DOCK_HTVS_1-003_lib.mae,C[NH+](C)Cc1ccc(CCNc2nc3ccccc3nc2NCc2ccsc2)cc1,C[NH+](C)Cc1ccc(CCNc2nc3ccccc3nc2NCc2ccsc2)cc1,c1ccc(CCNc2nc3ccccc3nc2NCc2ccsc2)cc1,C24H28N5S+,1.0,30.0,58.0,1.0,9cf2496d9c85a4e7bafacd380bfb8455c09d327df3c1a96ea0200b193f333d9e,-3.92942222083981,-51.2028208357135,-0.13098074069466,1,1,1,matched,complete
ATP-HTVS-F3E91D83A828,87939,rxn512c____EMOL44391395____EMOL36725275____EMOL2873214,87939-1,82,运行/运行/ATP-VSW/ATP-VSW-DOCK_HTVS_1-003_lib/ATP-VSW-DOCK_HTVS_1-003_lib.mae,C[NH+](C)Cc1cccc(CNC(=O)c2cnc3ccc(F)cc3c2N[C@@H](C[NH3+])c2ccccc2)c1,C[NH+](C)Cc1cccc(CNC(=O)c2cnc3ccc(F)cc3c2NC(C[NH3+])c2ccccc2)c1,O=C(NCc1ccccc1)c1cnc2ccccc2c1NCc1ccccc1,C28H32FN5O+2,2.0,35.0,67.0,1.0,c09e564ce1d419efc8f2238402d35b4cd48cb4079e7fe8aa279a641807cdc247,-5.25887809152394,-65.0335498993179,-0.150253659757827,6,6,6,matched,complete
ATP-HTVS-F41515D25613,53155,m_282030aaa____21930070____22360182____21936776,53155-2,324,运行/运行/ATP-VSW/ATP-VSW-DOCK_HTVS_1-003_lib/ATP-VSW-DOCK_HTVS_1-003_lib.mae,CC[N@H+](C)Cc1cccc(CNc2nc(NCc3c(N)cccc3Cl)c3ccccc3[nH+]2)c1,CC[NH+](C)Cc1cccc(CNc2nc(NCc3c(N)cccc3Cl)c3ccccc3[nH+]2)c1,c1ccc(CNc2nc(NCc3ccccc3)c3ccccc3[nH+]2)cc1,C26H31ClN6+2,2.0,33.0,64.0,1.0,f341e899c5e8f567cd40c40b617f8bc24aa2ad16362095484f218d22e8d50365,-4.28040575580285,-57.2150547760048,-0.129709265327359,3,3,3,matched,complete
ATP-HTVS-F41DED161E75,76578,rxn502b____EMOL31412043____EMOL13728749____EMOL24630243,76578-1,541,运行/运行/ATP-VSW/ATP-VSW-DOCK_HTVS_1-002_lib.maegz,CN(CC(=O)Nc1c(N(C)[C@@H](C#N)c2ccccc2)cnc2ccccc12)c1ccccc1,CN(CC(=O)Nc1c(N(C)C(C#N)c2ccccc2)cnc2ccccc12)c1ccccc1,O=C(CNc1ccccc1)Nc1c(NCc2ccccc2)cnc2ccccc12,C27H25N5O,0.0,33.0,58.0,1.0,bfc517e501b20ca95644308558744c285d1e56cb63c80df12e6455a821b5b7a8,-3.7305205679544,-46.7217118998459,-0.1130460778168,4,4,4,matched,complete
ATP-HTVS-F42EC288DBA1,90369,rxn502b____EMOL509335____EMOL7515103____EMOL712348,90369-1,545,运行/运行/ATP-VSW/ATP-VSW-DOCK_HTVS_1-001_lib/ATP-VSW-DOCK_HTVS_1-001_lib,N#CCN(c1ccccc1)c1cnc(NC(=O)c2cccc([S-])c2)c2ccccc12,N#CCN(c1ccccc1)c1cnc(NC(=O)c2cccc([S-])c2)c2ccccc12,O=C(Nc1ncc(Nc2ccccc2)c2ccccc12)c1ccccc1,C24H17N4OS-,-1.0,30.0,47.0,1.0,49b62f215bf30b2b115beb323f916077b17fcddff30b27fe7c3d674d130a89f9,-3.72053981529953,-44.1200338186823,-0.124017993843318,2,2,2,matched,complete
ATP-HTVS-F451F6F34F85,58210,m_270004bbb____8290542____7548972,58210-1,206,运行/运行/ATP-VSW/ATP-VSW-DOCK_HTVS_1-002_lib.maegz,CC[NH+](CC)Cc1cccc(C[NH2+]Cc2csc(N(C(C)=O)c3ccc(C)cc3)n2)c1,CC[NH+](CC)Cc1cccc(C[NH2+]Cc2csc(N(C(C)=O)c3ccc(C)cc3)n2)c1,c1ccc(C[NH2+]Cc2csc(Nc3ccccc3)n2)cc1,C25H34N4OS+2,2.0,31.0,65.0,1.0,117d0ea80f451d87ffdaed680621e6558ced01bff0e15b677079626203a70f88,-4.63991074421646,-57.0010312527605,-0.149674540136015,3,3,3,matched,complete
ATP-HTVS-F4D02DC184DE,81059,rxn502b____EMOL511643____EMOL44466703____EMOL712348,81059-1,709,运行/运行/ATP-VSW/ATP-VSW-DOCK_HTVS_1-003_lib/ATP-VSW-DOCK_HTVS_1-003_lib.mae,N#CCN(c1ccccc1)c1cc2ccccc2nc1NC(=O)c1cccc(F)c1,N#CCN(c1ccccc1)c1cc2ccccc2nc1NC(=O)c1cccc(F)c1,O=C(Nc1nc2ccccc2cc1Nc1ccccc1)c1ccccc1,C24H17FN4O,0.0,30.0,47.0,1.0,380eae2d4a89e3f49ac92858fb76b40d18f442bed1d79ed0bedf6a6143dd21c0,-3.22024671180756,-35.7957614080415,-0.107341557060252,1,1,1,matched,complete
ATP-HTVS-F4EB0A3B6A53,75779,rxn502b____EMOL530803____EMOL44466703____EMOL108753565,75779-1,203,运行/运行/ATP-VSW/ATP-VSW-DOCK_HTVS_1-003_lib/ATP-VSW-DOCK_HTVS_1-003_lib.mae,C[NH2+]Cc1ccc(CNc2cc3ccccc3nc2NC(=O)C#Cc2ccccc2)cc1,C[NH2+]Cc1ccc(CNc2cc3ccccc3nc2NC(=O)C#Cc2ccccc2)cc1,O=C(C#Cc1ccccc1)Nc1nc2ccccc2cc1NCc1ccccc1,C27H25N4O+,1.0,32.0,57.0,1.0,23a27e81db1939c51daa4a6ccdef6ede73c45ba1093bda226bd407eeadc96d22,-4.66033177755915,-57.4586376213766,-0.145635368048723,2,2,2,matched,complete
ATP-HTVS-F4F3BDD05BAD,69409,rxn502b____EMOL488417____EMOL44466703____EMOL2873214,69409-1,287,运行/运行/ATP-VSW/ATP-VSW-DOCK_HTVS_1-001_lib/ATP-VSW-DOCK_HTVS_1-001_lib,C[NH+](C)Cc1cccc(CNc2cc3ccccc3nc2NC(=O)Cc2ccccc2F)c1,C[NH+](C)Cc1cccc(CNc2cc3ccccc3nc2NC(=O)Cc2ccccc2F)c1,O=C(Cc1ccccc1)Nc1nc2ccccc2cc1NCc1ccccc1,C27H28FN4O+,1.0,33.0,61.0,1.0,b050cd0eb109db9d86844d32661d3abb825cbaed49c8f500b24a009c64468533,-4.39094801528708,-56.2748186634443,-0.133059030766275,2,2,2,matched,complete
ATP-HTVS-F52F884BA0B4,90082,rxn502b____EMOL30555823____EMOL30488121____EMOL712348,90082-1,621,运行/运行/ATP-VSW/ATP-VSW-DOCK_HTVS_1-002_lib.maegz,Cc1c(F)ccc(C(=O)Nc2cnc3ccccc3c2N(CC#N)c2ccccc2)c1Cl,Cc1c(F)ccc(C(=O)Nc2cnc3ccccc3c2N(CC#N)c2ccccc2)c1Cl,O=C(Nc1cnc2ccccc2c1Nc1ccccc1)c1ccccc1,C25H18ClFN4O,0.0,32.0,50.0,1.0,be047d4ddadbd71e35d11aaa7b4ff3b0a77d1ed6343f4b1a46a60be720a5eabd,-3.52590892019094,-42.4128435103234,-0.110184653755967,2,2,2,matched,complete
ATP-HTVS-F53B308249C7,20321,WXDL_15E____QS5063____LN00175450____BT0555,20321-1,48,运行/运行/ATP-VSW/ATP-VSW-DOCK_HTVS_1-001_lib/ATP-VSW-DOCK_HTVS_1-001_lib,C[NH+](C)Cc1ccc(CNc2csc(-c3ccc(O)cc3)n2)cc1,C[NH+](C)Cc1ccc(CNc2csc(-c3ccc(O)cc3)n2)cc1,c1ccc(CNc2csc(-c3ccccc3)n2)cc1,C19H22N3OS+,1.0,24.0,46.0,1.0,6cea824b71587135465090e2e988d32247d75d48d3ff6687d9a0de13a4d607e1,-5.31349569153296,-52.1249323985218,-0.221395653813873,2,2,2,matched,complete
ATP-HTVS-F54B40793D2A,97538,rxn502b____EMOL480353____EMOL13728749____EMOL906257,97538-1,701,运行/运行/ATP-VSW/ATP-VSW-DOCK_HTVS_1-003_lib/ATP-VSW-DOCK_HTVS_1-003_lib.mae,N#C[C@H](Nc1cnc2ccccc2c1NC(=O)c1ccccc1)c1ccc(F)cc1,N#CC(Nc1cnc2ccccc2c1NC(=O)c1ccccc1)c1ccc(F)cc1,O=C(Nc1c(NCc2ccccc2)cnc2ccccc12)c1ccccc1,C24H17FN4O,0.0,30.0,47.0,1.0,41c0d1d01dfa12213b047df5a744957ab430125941084b999fc80829b26fd0e3,-3.24803738895674,-39.1380790247411,-0.108267912965225,4,4,4,matched,complete
ATP-HTVS-F5512CD55A37,82947,rxn503b____EMOL478035____EMOL13728749____EMOL317506007,82947-7,48,运行/运行/ATP-VSW/ATP-VSW-DOCK_HTVS_1-003_lib/ATP-VSW-DOCK_HTVS_1-003_lib.mae,C[C@@H]([NH2+]CC#Cc1cnc2ccccc2c1NC(=O)c1ccccc1O)c1ccc(F)cc1,CC([NH2+]CC#Cc1cnc2ccccc2c1NC(=O)c1ccccc1O)c1ccc(F)cc1,O=C(Nc1c(C#CC[NH2+]Cc2ccccc2)cnc2ccccc12)c1ccccc1,C27H23FN3O2+,1.0,33.0,56.0,1.0,6dec4ff61f5cb1a6a76433030f245b2599f4cc0c675c43e4c7cafbe5d94fce09,-5.54335713777072,-82.873224452584,-0.167980519326385,4,4,4,matched,complete
ATP-HTVS-F5557C46ACCD,63875,m_282030aaa____21927700____23157418____21961622,63875-1,631,运行/运行/ATP-VSW/ATP-VSW-DOCK_HTVS_1-003_lib/ATP-VSW-DOCK_HTVS_1-003_lib.mae,Cc1c(N)cccc1CNc1nc2ccccc2nc1NCc1ccccc1C[NH+](C)C,Cc1c(N)cccc1CNc1nc2ccccc2nc1NCc1ccccc1C[NH+](C)C,c1ccc(CNc2nc3ccccc3nc2NCc2ccccc2)cc1,C26H31N6+,1.0,32.0,63.0,1.0,e4288ba06c2dacece420ee20fd21f6d5183267b37b7633e3ab7a7d4f001fe39c,-3.46951061383426,-44.6057195532744,-0.10842220668232,2,2,2,matched,complete
ATP-HTVS-F58C213B60A1,42531,m_282030aaa____21903914____22360182____21942374,42531-1,372,运行/运行/ATP-VSW/ATP-VSW-DOCK_HTVS_1-003_lib/ATP-VSW-DOCK_HTVS_1-003_lib.mae,CN(Cc1ccc(C[NH+](C)C)cc1)c1nc(N(C)CCOc2cccc(C#N)c2)c2ccccc2[nH+]1,CN(Cc1ccc(C[NH+](C)C)cc1)c1nc(N(C)CCOc2cccc(C#N)c2)c2ccccc2[nH+]1,c1ccc(CNc2nc(NCCOc3ccccc3)c3ccccc3[nH+]2)cc1,C29H34N6O+2,2.0,36.0,70.0,1.0,2bb26295ca7e2fac99b7866c63eb0124e695b087844c307db1fea09f1bd73967,-4.1206241145774,-58.6920666789745,-0.114461780960483,2,2,2,matched,complete
ATP-HTVS-F60BECC0718F,6465,a1____190061____398704,6465-1,562,运行/运行/ATP-VSW/ATP-VSW-DOCK_HTVS_1-001_lib/ATP-VSW-DOCK_HTVS_1-001_lib,CN(Cc1ccc(C[NH+](C)C)cc1)C(=O)Cc1nn(Cc2ccccc2)c(=O)c2ccccc12,CN(Cc1ccc(C[NH+](C)C)cc1)C(=O)Cc1nn(Cc2ccccc2)c(=O)c2ccccc12,O=C(Cc1nn(Cc2ccccc2)c(=O)c2ccccc12)NCc1ccccc1,C28H31N4O2+,1.0,34.0,65.0,1.0,bed3ef86aede22127fae543fd647aa934463a19d26f06746c2d18f74bb02b3ad,-3.6664122264029,-53.6154856968767,-0.107835653717732,2,2,2,matched,complete
ATP-HTVS-F62C08D65C28,64449,m_271304bca____8910674____9304714,64449-2,448,运行/运行/ATP-VSW/ATP-VSW-DOCK_HTVS_1-001_lib/ATP-VSW-DOCK_HTVS_1-001_lib,Cc1ccc(-c2nn(-c3ccccc3)cc2C[NH2+][C@H](C(=O)[O-])c2ccc(C)cc2)cc1,Cc1ccc(-c2nn(-c3ccccc3)cc2C[NH2+]C(C(=O)[O-])c2ccc(C)cc2)cc1,c1ccc(C[NH2+]Cc2cn(-c3ccccc3)nc2-c2ccccc2)cc1,C26H25N3O2,0.0,31.0,56.0,1.0,6fac803cbeaf4d968c94387c1223c3d8e9fd5da00e990c40e6fb46972eebb923,-3.93550920768678,-43.5681926451951,-0.12695190992538,4,4,4,matched,complete
ATP-HTVS-F63C80F910BB,35107,m_282030aaa____21890570____22360182____21967972,35107-1,27,运行/运行/ATP-VSW/ATP-VSW-DOCK_HTVS_1-003_lib/ATP-VSW-DOCK_HTVS_1-003_lib.mae,C[NH+](C)Cc1ccc(CCNc2nc(NCc3cccc(S(N)(=O)=O)c3)c3ccccc3[nH+]2)cc1,C[NH+](C)Cc1ccc(CCNc2nc(NCc3cccc(S(N)(=O)=O)c3)c3ccccc3[nH+]2)cc1,c1ccc(CCNc2nc(NCc3ccccc3)c3ccccc3[nH+]2)cc1,C26H32N6O2S+2,2.0,35.0,67.0,1.0,732c44b5707975194eb4b8f21b1babf7816d6323ea09ef5277d24c01430255b9,-5.69704200641799,-71.4516582197664,-0.1627726287548,3,3,3,matched,complete
ATP-HTVS-F6463DC49025,85091,rxn502b____EMOL331054254____EMOL44466703____EMOL36790511,85091-2,676,运行/运行/ATP-VSW/ATP-VSW-DOCK_HTVS_1-003_lib/ATP-VSW-DOCK_HTVS_1-003_lib.mae,C[C@H](C#N)N(c1ccccc1)c1cc2ccccc2nc1NC(=O)[C@H](c1ccc(Cl)cc1)N(C)C,CC(C#N)N(c1ccccc1)c1cc2ccccc2nc1NC(=O)C(c1ccc(Cl)cc1)N(C)C,O=C(Cc1ccccc1)Nc1nc2ccccc2cc1Nc1ccccc1,C28H26ClN5O,0.0,35.0,61.0,1.0,b946f4ad7980a0a29aa37fe486de84b5f51041ac50c09ed050ec48c29fcf1b2c,-3.32162740343645,-47.4246470557929,-0.0949036400981842,6,6,6,matched,complete
ATP-HTVS-F666156B37DE,83426,rxn512b____EMOL10352850____EMOL525138____EMOL50155899,83426-1,492,运行/运行/ATP-VSW/ATP-VSW-DOCK_HTVS_1-002_lib.maegz,CN(C(=O)c1sccc1NCc1ccc(C[NH+](C)C)cc1)c1ccc(Cl)cc1N,CN(C(=O)c1sccc1NCc1ccc(C[NH+](C)C)cc1)c1ccc(Cl)cc1N,O=C(Nc1ccccc1)c1sccc1NCc1ccccc1,C22H26ClN4OS+,1.0,29.0,55.0,1.0,8c165421668110fb73e131899e93056ac7400f38924f93ddafb07ebd57e24e33,-3.86252714637769,-48.1888141295187,-0.133190591254403,2,2,2,matched,complete
ATP-HTVS-F6E066811CCA,93985,rxn502b____EMOL505868____EMOL30488121____EMOL36822768,93985-1,457,运行/运行/ATP-VSW/ATP-VSW-DOCK_HTVS_1-001_lib/ATP-VSW-DOCK_HTVS_1-001_lib,N#CN(c1ccccc1)c1c(NC(=O)c2ccccc2F)cnc2ccccc12,N#CN(c1ccccc1)c1c(NC(=O)c2ccccc2F)cnc2ccccc12,O=C(Nc1cnc2ccccc2c1Nc1ccccc1)c1ccccc1,C23H15FN4O,0.0,29.0,44.0,1.0,59e56af30177da88004aa719bc5dffbdf6dde91f0f4f173807846f5610739aa8,-3.91958239876819,-45.7829195049488,-0.135158013750627,1,1,1,matched,complete
ATP-HTVS-F716E067906C,34083,m_270004bda____24170338____24715276,34083-2,1419,运行/运行/ATP-VSW/ATP-VSW-DOCK_HTVS_1-003_lib/ATP-VSW-DOCK_HTVS_1-003_lib.mae,O=C1CN(Cc2cc(Cl)cc(I)c2)[C@@H](c2ccccc2)c2ccccc2N1,O=C1CN(Cc2cc(Cl)cc(I)c2)C(c2ccccc2)c2ccccc2N1,O=C1CN(Cc2ccccc2)C(c2ccccc2)c2ccccc2N1,C22H18ClIN2O,0.0,27.0,45.0,1.0,5692c397a8e388f1f52a5af2d94945fcdf70a70c685091298a43a937bca106a2,-0.724581891030828,-33.5880532008721,-0.0268363663344751,1,1,1,matched,complete
ATP-HTVS-F7366BF3987A,91202,rxn503b____EMOL519605____EMOL30488121____EMOL1468452,91202-3,317,运行/运行/ATP-VSW/ATP-VSW-DOCK_HTVS_1-002_lib.maegz,C[C@@H]([NH2+]CC#Cc1c(NC(=O)c2cccc(O)c2)cnc2ccccc12)c1ccccc1,CC([NH2+]CC#Cc1c(NC(=O)c2cccc(O)c2)cnc2ccccc12)c1ccccc1,O=C(Nc1cnc2ccccc2c1C#CC[NH2+]Cc1ccccc1)c1ccccc1,C27H24N3O2+,1.0,32.0,56.0,1.0,5254c8feddd09a583a5c4a9e4fefc88dc33053836e31d4de51e109438d43fe53,-4.33624818808883,-63.2724281162352,-0.135507755877776,4,4,4,matched,complete
ATP-HTVS-F7676420B267,82209,rxn502b____EMOL6884260____EMOL30488121____EMOL324170366,82209-2,471,运行/运行/ATP-VSW/ATP-VSW-DOCK_HTVS_1-001_lib/ATP-VSW-DOCK_HTVS_1-001_lib,O=C(CCc1ccc(S)cc1)Nc1c[nH+]c2ccccc2c1NCc1ccc(NCCO)cc1,O=C(CCc1ccc(S)cc1)Nc1c[nH+]c2ccccc2c1NCc1ccc(NCCO)cc1,O=C(CCc1ccccc1)Nc1c[nH+]c2ccccc2c1NCc1ccccc1,C27H29N4O2S+,1.0,34.0,63.0,1.0,ae6e946f57f9163186a99536f9e90ac9602c7a82e43a45b04f47aeca89591773,-3.88893989519298,-63.8539482008089,-0.114380585152735,4,4,4,matched,complete
ATP-HTVS-F79E64AB5B06,93986,rxn502b____EMOL511643____EMOL44466703____EMOL36822768,93986-1,672,运行/运行/ATP-VSW/ATP-VSW-DOCK_HTVS_1-003_lib/ATP-VSW-DOCK_HTVS_1-003_lib.mae,N#CN(c1ccccc1)c1cc2ccccc2nc1NC(=O)c1cccc(F)c1,N#CN(c1ccccc1)c1cc2ccccc2nc1NC(=O)c1cccc(F)c1,O=C(Nc1nc2ccccc2cc1Nc1ccccc1)c1ccccc1,C23H15FN4O,0.0,29.0,44.0,1.0,db68d72a42f69df45ac38f51aca5f58d14c18124f6f2b8fcac0994c396bc0e48,-3.33716751499667,-41.4416087694916,-0.115074741896437,1,1,1,matched,complete
ATP-HTVS-F7B411FBCEC8,33283,m_270004bda____24170338____10266226,33283-2,1367,运行/运行/ATP-VSW/ATP-VSW-DOCK_HTVS_1-003_lib/ATP-VSW-DOCK_HTVS_1-003_lib.mae,O=C1CN(Cc2cc(Br)cc(Br)c2)[C@@H](c2ccccc2)c2ccccc2N1,O=C1CN(Cc2cc(Br)cc(Br)c2)C(c2ccccc2)c2ccccc2N1,O=C1CN(Cc2ccccc2)C(c2ccccc2)c2ccccc2N1,C22H18Br2N2O,0.0,27.0,45.0,1.0,e0cffd8c76a3928739aff45db13e8dc7eaf6a906d2e83cee89d2c3b16e2fee92,-1.20724597120847,-34.9941157494444,-0.0447128137484619,2,2,2,matched,complete
ATP-HTVS-F7CD2DD67DA6,82467,rxn502b____EMOL527362____EMOL30488121____EMOL50155899,82467-1,106,运行/运行/ATP-VSW/ATP-VSW-DOCK_HTVS_1-003_lib/ATP-VSW-DOCK_HTVS_1-003_lib.mae,C[NH+](C)Cc1ccc(CNc2c(NC(=O)CCc3ccc4c(c3)OCO4)c[nH+]c3ccccc23)cc1,C[NH+](C)Cc1ccc(CNc2c(NC(=O)CCc3ccc4c(c3)OCO4)c[nH+]c3ccccc23)cc1,O=C(CCc1ccc2c(c1)OCO2)Nc1c[nH+]c2ccccc2c1NCc1ccccc1,C29H32N4O3+2,2.0,36.0,68.0,1.0,fbe8b3b7a6d9ebb2095d6dc6ffaa8fad6b7a0d969bc379f13436bcba1b531c6d,-5.07414639241721,-64.2839050834701,-0.140948510900478,3,3,3,matched,complete
ATP-HTVS-F7D4BFA34903,39425,m_270004bbb____15775648____24714838,39425-1,109,运行/运行/ATP-VSW/ATP-VSW-DOCK_HTVS_1-001_lib/ATP-VSW-DOCK_HTVS_1-001_lib,C[NH+](C)Cc1ccc(CC[NH2+]Cc2cn(CCC#N)nc2-c2ccc(Cl)cc2)cc1,C[NH+](C)Cc1ccc(CC[NH2+]Cc2cn(CCC#N)nc2-c2ccc(Cl)cc2)cc1,c1ccc(CC[NH2+]Cc2c[nH]nc2-c2ccccc2)cc1,C24H30ClN5+2,2.0,30.0,60.0,1.0,6b9816f41570170b595c541037939900b7b0c0bfdf7207ea85606849812c67f8,-4.96526412391853,-64.1778807914821,-0.165508804130618,2,2,2,matched,complete
ATP-HTVS-F7EFD494BF14,96481,rxn102b____EMOL4895078____EMOL2873068,96481-1,378,运行/运行/ATP-VSW/ATP-VSW-DOCK_HTVS_1-002_lib.maegz,C[NH+](C)Cc1ccc(Nc2nc(N)c(-c3ccccc3)c3cccc(F)c23)cc1,C[NH+](C)Cc1ccc(Nc2nc(N)c(-c3ccccc3)c3cccc(F)c23)cc1,c1ccc(Nc2ncc(-c3ccccc3)c3ccccc23)cc1,C24H24FN4+,1.0,29.0,53.0,1.0,71516f4e280d1548ebfb9571aecb0546fb4e9f3e158858e46cc66d3718fefa07,-4.16730979791928,-45.1024897188762,-0.143700337859286,2,2,2,matched,complete
ATP-HTVS-F89CD1E9CA34,79201,rxn102b____EMOL337788616____EMOL324170366,79201-2,680,运行/运行/ATP-VSW/ATP-VSW-DOCK_HTVS_1-001_lib/ATP-VSW-DOCK_HTVS_1-001_lib,OCCNc1ccc(CNc2c[nH+]cc(Br)c2OCc2ccccc2)cc1,OCCNc1ccc(CNc2c[nH+]cc(Br)c2OCc2ccccc2)cc1,c1ccc(CNc2c[nH+]ccc2OCc2ccccc2)cc1,C21H23BrN3O2+,1.0,27.0,50.0,1.0,d3f0a16d01e4799886a7a1dad68339097d0997af3da5b8092c0a3d4d26425768,-3.35177627367656,-57.4722449291886,-0.124139861988021,3,3,3,matched,complete
ATP-HTVS-F8BD3C119C5E,34435,m_269862dba____8258832____13192834,34435-4,5,运行/运行/ATP-VSW/ATP-VSW-DOCK_HTVS_1-003_lib/ATP-VSW-DOCK_HTVS_1-003_lib.mae,O[C@H](C[NH2+][C@@H](c1ccccn1)c1cc2ccccc2o1)c1ccccc1Cl,OC(C[NH2+]C(c1ccccn1)c1cc2ccccc2o1)c1ccccc1Cl,c1ccc(CC[NH2+]C(c2ccccn2)c2cc3ccccc3o2)cc1,C22H20ClN2O2+,1.0,27.0,47.0,1.0,371050705d42a5aa333d1fc6bac7adec7455000f6a9af41bb19305e09a1efc5d,-6.25521085706323,-70.1475610683062,-0.231674476187527,8,8,8,matched,complete
ATP-HTVS-F8C49F655F6D,82083,rxn502b____EMOL31412043____EMOL44466703____EMOL8314610,82083-1,49,运行/运行/ATP-VSW/ATP-VSW-DOCK_HTVS_1-003_lib/ATP-VSW-DOCK_HTVS_1-003_lib.mae,CN(CC(=O)Nc1nc2ccccc2cc1Nc1ccc(NCCO)cc1)c1ccccc1,CN(CC(=O)Nc1nc2ccccc2cc1Nc1ccc(NCCO)cc1)c1ccccc1,O=C(CNc1ccccc1)Nc1nc2ccccc2cc1Nc1ccccc1,C26H27N5O2,0.0,33.0,60.0,1.0,199ae87fef5a3e05c180e0b8ef14b005e949d3414c803893afd8041efb42d710,-5.52359989451645,-67.6292854126251,-0.167381814985347,3,3,3,matched,complete
ATP-HTVS-F8CA9C936D19,66177,m_2230bbb____22404674____7471612,66177-1,62,运行/运行/ATP-VSW/ATP-VSW-DOCK_HTVS_1-001_lib/ATP-VSW-DOCK_HTVS_1-001_lib,C[C@@H]([NH2+]Cc1csc(CC(=O)Nc2ccccc2)n1)c1ccc(C[NH+](C)C)cc1,CC([NH2+]Cc1csc(CC(=O)Nc2ccccc2)n1)c1ccc(C[NH+](C)C)cc1,O=C(Cc1nc(C[NH2+]Cc2ccccc2)cs1)Nc1ccccc1,C23H30N4OS+2,2.0,29.0,59.0,1.0,cf48c22ceac7fe5bbbadcc0278393ff60d93a75dbb45578a46039a5089db1384,-5.1904878490302,-67.9816771257431,-0.178982339621731,8,8,8,matched,complete
ATP-HTVS-F8CD80CEA373,94177,rxn512b____EMOL36822768____EMOL719673____EMOL49832880,94177-1,613,运行/运行/ATP-VSW/ATP-VSW-DOCK_HTVS_1-001_lib/ATP-VSW-DOCK_HTVS_1-001_lib,N#CN(C(=O)c1[nH]c2ccccc2c1NCCNc1ccc(Cl)cc1)c1ccccc1,N#CN(C(=O)c1[nH]c2ccccc2c1NCCNc1ccc(Cl)cc1)c1ccccc1,O=C(Nc1ccccc1)c1[nH]c2ccccc2c1NCCNc1ccccc1,C24H20ClN5O,0.0,31.0,51.0,1.0,c48a7fc683fbd98d189d81900f8c138e50b4e2da1b152ad9a96f0328aa9ccf09,-3.51786680946636,-40.090172678231,-0.113479574498915,1,1,1,matched,complete
ATP-HTVS-F8D08A3E140C,71809,rxn502b____EMOL485008____EMOL44466703____EMOL50155899,71809-1,402,运行/运行/ATP-VSW/ATP-VSW-DOCK_HTVS_1-001_lib/ATP-VSW-DOCK_HTVS_1-001_lib,COc1ccccc1C(=O)Nc1nc2ccccc2cc1NCc1ccc(C[NH+](C)C)cc1,COc1ccccc1C(=O)Nc1nc2ccccc2cc1NCc1ccc(C[NH+](C)C)cc1,O=C(Nc1nc2ccccc2cc1NCc1ccccc1)c1ccccc1,C27H29N4O2+,1.0,33.0,62.0,1.0,79753cf12a513b7b7e017816c5cb9c4007797ffe3b6fce55db8d6c28eaa6154a,-4.04917486199149,-51.7179964983557,-0.122702268545197,2,2,2,matched,complete
ATP-HTVS-F8D25E752EF8,79427,rxn512b____EMOL299981165____EMOL1939773____EMOL6185419,79427-1,671,运行/运行/ATP-VSW/ATP-VSW-DOCK_HTVS_1-003_lib/ATP-VSW-DOCK_HTVS_1-003_lib.mae,O=C1CN(Cc2ccccc2C(=O)NCCO)[C@H](c2ccccc2)c2ccccc2N1,O=C1CN(Cc2ccccc2C(=O)NCCO)C(c2ccccc2)c2ccccc2N1,O=C1CN(Cc2ccccc2)C(c2ccccc2)c2ccccc2N1,C25H25N3O3,0.0,31.0,56.0,1.0,d50fd0eeff7f214aa48c5d7735cca2461b4095258d5171c47b0eee4b1282a992,-3.34273397361502,-39.070020243579,-0.10783012818113,2,2,2,matched,complete
ATP-HTVS-F92825C2DD85,36035,m_27bbd____15507288____24798446,36035-2,311,运行/运行/ATP-VSW/ATP-VSW-DOCK_HTVS_1-003_lib/ATP-VSW-DOCK_HTVS_1-003_lib.mae,O=C(Cn1c(NCCc2ccc(CO)cc2)nc2ccccc21)c1ccccc1,O=C(Cn1c(NCCc2ccc(CO)cc2)nc2ccccc21)c1ccccc1,O=C(Cn1c(NCCc2ccccc2)nc2ccccc21)c1ccccc1,C24H23N3O2,0.0,29.0,52.0,1.0,01c081559ab61eeff754a247a23f9aacdd5ca515002cb49d95ef0ff57e418845,-4.32588501956729,-53.844337245829,-0.149168448950596,2,2,2,matched,complete
ATP-HTVS-F937C5B79A0E,20675,Shen____49239300____6251622____40180766,20675-1,33,运行/运行/ATP-VSW/ATP-VSW-DOCK_HTVS_1-003_lib/ATP-VSW-DOCK_HTVS_1-003_lib.mae,C[C@](N)(C(=O)n1nc(-c2cccc(F)c2F)cc1CC[NH2+]Cc1ccccc1)c1ccccc1,CC(N)(C(=O)n1nc(-c2cccc(F)c2F)cc1CC[NH2+]Cc1ccccc1)c1ccccc1,O=C(Cc1ccccc1)n1nc(-c2ccccc2)cc1CC[NH2+]Cc1ccccc1,C27H27F2N4O+,1.0,34.0,61.0,1.0,c45d05f664a801c0992a77dd3fd3b2616bf2806db686c53b01ff3c0fb0af85ee,-5.66648269514303,-65.438928708499,-0.166661255739501,4,4,4,matched,complete
ATP-HTVS-F93F310E89BE,68578,m_282030aaa____21898562____23157418____21968946,68578-1,249,运行/运行/ATP-VSW/ATP-VSW-DOCK_HTVS_1-002_lib.maegz,C[NH+](C)Cc1cc(CNc2nc3ccccc3nc2NCc2ccc(C#N)c(Cl)c2)ccc1F,C[NH+](C)Cc1cc(CNc2nc3ccccc3nc2NCc2ccc(C#N)c(Cl)c2)ccc1F,c1ccc(CNc2nc3ccccc3nc2NCc2ccccc2)cc1,C26H25ClFN6+,1.0,34.0,59.0,1.0,49327b38ebc55bfd8c4de22056bc8e4ab6595bd1945f0e8a4e42a203fede6840,-4.51798694248071,-59.4478305293315,-0.132881968896492,2,2,2,matched,complete
ATP-HTVS-F97015D0DCF4,74337,rxn502b____EMOL5759763____EMOL30488121____EMOL2873214,74337-1,563,运行/运行/ATP-VSW/ATP-VSW-DOCK_HTVS_1-001_lib/ATP-VSW-DOCK_HTVS_1-001_lib,C[NH+](C)Cc1cccc(CNc2c(NC(=O)c3cc(F)cc(C#N)c3)c[nH+]c3ccccc23)c1,C[NH+](C)Cc1cccc(CNc2c(NC(=O)c3cc(F)cc(C#N)c3)c[nH+]c3ccccc23)c1,O=C(Nc1c[nH+]c2ccccc2c1NCc1ccccc1)c1ccccc1,C27H26FN5O+2,2.0,34.0,60.0,1.0,d286dd761539e9caf69c428efb24742e40e85acb0e84f06ce33870409b53aedb,-3.66122677714146,-50.8637415052059,-0.107683140504161,3,3,3,matched,complete
ATP-HTVS-F99370747DC9,42113,m_282030aaa____21928408____22360182____21968946,42113-2,984,运行/运行/ATP-VSW/ATP-VSW-DOCK_HTVS_1-001_lib/ATP-VSW-DOCK_HTVS_1-001_lib,Cc1cccc(CNc2nc(NCc3ccc(F)c(CN(C)C)c3)c3ccccc3[nH+]2)c1,Cc1cccc(CNc2nc(NCc3ccc(F)c(CN(C)C)c3)c3ccccc3[nH+]2)c1,c1ccc(CNc2nc(NCc3ccccc3)c3ccccc3[nH+]2)cc1,C26H29FN5+,1.0,32.0,61.0,1.0,38fb482130b5a072c774aaada376a951b8efa16d9b997e9b9846037501562053,-2.48476670519994,-46.7098766033081,-0.0776489595374982,1,1,1,matched,complete
ATP-HTVS-F9B5ED51D5DA,81571,rxn502b____EMOL44690203____EMOL13728749____EMOL2868412,81571-1,186,运行/运行/ATP-VSW/ATP-VSW-DOCK_HTVS_1-003_lib/ATP-VSW-DOCK_HTVS_1-003_lib.mae,CC[NH+](CC)Cc1ccc(CNc2cnc3ccccc3c2NC(=O)Cc2ccc(F)c(C#N)c2)cc1,CC[NH+](CC)Cc1ccc(CNc2cnc3ccccc3c2NC(=O)Cc2ccc(F)c(C#N)c2)cc1,O=C(Cc1ccccc1)Nc1c(NCc2ccccc2)cnc2ccccc12,C30H31FN5O+,1.0,37.0,68.0,1.0,0ce94c2f691d384de2fef186d4bbdc1e63399b60729c073f82f8cb16fb7632e8,-4.73144566594342,-64.4171149976154,-0.127876909890363,1,1,1,matched,complete
ATP-HTVS-F9EAD73A28F1,29603,m_270004bbb____8289108____24720860,29603-5,915,运行/运行/ATP-VSW/ATP-VSW-DOCK_HTVS_1-003_lib/ATP-VSW-DOCK_HTVS_1-003_lib.mae,CCN(CC)[C@@H](CNCc1nc2ccccc2n1Cc1ccccc1)c1cccc(OC)c1,CCN(CC)C(CNCc1nc2ccccc2n1Cc1ccccc1)c1cccc(OC)c1,c1ccc(CCNCc2nc3ccccc3n2Cc2ccccc2)cc1,C28H34N4O,0.0,33.0,67.0,1.0,01392844696f10117a7bd1c5bf34b4ca2587640d194223c25198a491dd2c2292,-2.64915801521619,-48.8135949854298,-0.0802775156126118,4,4,4,matched,complete
ATP-HTVS-F9F42C67BCEC,77858,rxn512b____EMOL480615____EMOL44846536____EMOL2873214,77858-1,531,运行/运行/ATP-VSW/ATP-VSW-DOCK_HTVS_1-002_lib.maegz,C[NH+](C)Cc1cccc(CNc2cc(C(=O)NCc3ccccc3)sc2Cl)c1,C[NH+](C)Cc1cccc(CNc2cc(C(=O)NCc3ccccc3)sc2Cl)c1,O=C(NCc1ccccc1)c1cc(NCc2ccccc2)cs1,C22H25ClN3OS+,1.0,28.0,53.0,1.0,9a33b3af15c5d37f717a8881cabc70d5ab217471f3fb0001c3665779a376192f,-3.75454372119379,-53.253467619534,-0.134090847185492,2,2,2,matched,complete
ATP-HTVS-FA0319FBED9B,77281,rxn512c____EMOL24630243____EMOL36725275____EMOL38100949,77281-3,65,运行/运行/ATP-VSW/ATP-VSW-DOCK_HTVS_1-001_lib/ATP-VSW-DOCK_HTVS_1-001_lib,C[NH2+]CCc1ccc(NC(=O)c2c[nH+]c3ccc(F)cc3c2N(C)[C@@H](C#N)c2ccccc2)cc1,C[NH2+]CCc1ccc(NC(=O)c2c[nH+]c3ccc(F)cc3c2N(C)C(C#N)c2ccccc2)cc1,O=C(Nc1ccccc1)c1c[nH+]c2ccccc2c1NCc1ccccc1,C28H28FN5O+2,2.0,35.0,63.0,1.0,1e0201daf3b445ff9154dba497919ddf6e0cbed3f9b2489cf7eda38fd0806fcd,-5.17905081615349,-74.1890371304594,-0.147972880461528,4,4,4,matched,complete
ATP-HTVS-FA2DABCA7F05,83075,rxn502b____EMOL5415347____EMOL13728749____EMOL6253876,83075-1,375,运行/运行/ATP-VSW/ATP-VSW-DOCK_HTVS_1-003_lib/ATP-VSW-DOCK_HTVS_1-003_lib.mae,C[NH+](C)Cc1ccccc1C(=O)Nc1c(NCC(=O)c2cccc(Cl)c2)cnc2ccccc12,C[NH+](C)Cc1ccccc1C(=O)Nc1c(NCC(=O)c2cccc(Cl)c2)cnc2ccccc12,O=C(CNc1cnc2ccccc2c1NC(=O)c1ccccc1)c1ccccc1,C27H26ClN4O2+,1.0,34.0,60.0,1.0,53644699a59985dfd0213a57b5d6218edb7ef9fcf08a960fcac6297e9dd77518,-4.11034688848641,-57.574656301877,-0.120892555543718,3,3,3,matched,complete
ATP-HTVS-FAA4B7BBA523,36065,m_2430bbb____22523374____22584490,36065-1,274,运行/运行/ATP-VSW/ATP-VSW-DOCK_HTVS_1-001_lib/ATP-VSW-DOCK_HTVS_1-001_lib,C[NH+](C)Cc1cccc(NC(=O)Nc2cc(-c3ccccc3)nc3ccccc23)c1,C[NH+](C)Cc1cccc(NC(=O)Nc2cc(-c3ccccc3)nc3ccccc23)c1,O=C(Nc1ccccc1)Nc1cc(-c2ccccc2)nc2ccccc12,C25H25N4O+,1.0,30.0,55.0,1.0,8a118aebfc668846ec7266a823918c317ce3a86a920904d9e1503172f7cb4f69,-4.42208158051949,-53.9411836197129,-0.14740271935065,3,3,3,matched,complete
ATP-HTVS-FAB6E8368155,91075,rxn512b____EMOL49836578____EMOL720738____EMOL2873214,91075-1,243,运行/运行/ATP-VSW/ATP-VSW-DOCK_HTVS_1-003_lib/ATP-VSW-DOCK_HTVS_1-003_lib.mae,C=C[C@@H](NC(=O)c1cc(NCc2cccc(C[NH+](C)C)c2)cs1)c1ccccc1,C=CC(NC(=O)c1cc(NCc2cccc(C[NH+](C)C)c2)cs1)c1ccccc1,O=C(NCc1ccccc1)c1cc(NCc2ccccc2)cs1,C24H28N3OS+,1.0,29.0,57.0,1.0,3d6a8413658f30e1f7dd0ae905ae286af2b2d4dd22549dcb53d00c6c07d8038c,-4.52193757739847,-54.7182349383731,-0.155928881979258,4,4,4,matched,complete
ATP-HTVS-FACA1D344F25,57537,m_282030aaa____21922220____22360182____21945542,57537-1,155,运行/运行/ATP-VSW/ATP-VSW-DOCK_HTVS_1-001_lib/ATP-VSW-DOCK_HTVS_1-001_lib,Cc1ccncc1CN(C)c1nc(NCc2ccc(C[NH+](C)C)cc2)[nH+]c2ccccc12,Cc1ccncc1CN(C)c1nc(NCc2ccc(C[NH+](C)C)cc2)[nH+]c2ccccc12,c1ccc(CNc2nc(NCc3cccnc3)c3ccccc3[nH+]2)cc1,C26H32N6+2,2.0,32.0,64.0,1.0,9e1d16a3bf07c3549028f41b64c86073f88071416c735d1ca6dd5b309a180a74,-4.7778429954561,-57.1984338645483,-0.149307593608003,3,3,3,matched,complete
ATP-HTVS-FACA9080893C,78018,rxn502b____EMOL17362509____EMOL44466703____EMOL44153840,78018-3,1408,运行/运行/ATP-VSW/ATP-VSW-DOCK_HTVS_1-002_lib.maegz,CCN(CC)Cc1cccc(CNc2cc3ccccc3nc2NC(=O)C[C@@H](C#N)c2ccccc2)c1,CCN(CC)Cc1cccc(CNc2cc3ccccc3nc2NC(=O)CC(C#N)c2ccccc2)c1,O=C(CCc1ccccc1)Nc1nc2ccccc2cc1NCc1ccccc1,C31H33N5O,0.0,37.0,70.0,1.0,7c89b9327c6048b388d1367240dbce6be321e7a4f4108a10a6de87ba1e344f46,-0.732116905532498,-41.269128225434,-0.0197869433927702,1,1,1,matched,complete
ATP-HTVS-FB09B772C34B,61507,m_282030aaa____21927700____22360182____21941636,61507-1,647,运行/运行/ATP-VSW/ATP-VSW-DOCK_HTVS_1-003_lib/ATP-VSW-DOCK_HTVS_1-003_lib.mae,Cc1cc(CNc2nc(NCc3ccccc3C[NH+](C)C)[nH+]c3ccccc23)ccc1N,Cc1cc(CNc2nc(NCc3ccccc3C[NH+](C)C)[nH+]c3ccccc23)ccc1N,c1ccc(CNc2nc(NCc3ccccc3)c3ccccc3[nH+]2)cc1,C26H32N6+2,2.0,32.0,64.0,1.0,c5bf4a6667e86ae00e6208e8407dcda42026b021e80d8b9f500e250b5178722d,-3.43346422373664,-45.2517193309119,-0.10729575699177,4,4,4,matched,complete
ATP-HTVS-FB368C7A9127,88323,rxn102b____EMOL44816020____EMOL42974869,88323-1,580,运行/运行/ATP-VSW/ATP-VSW-DOCK_HTVS_1-003_lib/ATP-VSW-DOCK_HTVS_1-003_lib.mae,C[NH+](C)Cc1cc(N2CCC(=O)N(Cc3ccc(Cl)cc3)c3ccccc32)ccc1F,C[NH+](C)Cc1cc(N2CCC(=O)N(Cc3ccc(Cl)cc3)c3ccccc32)ccc1F,O=C1CCN(c2ccccc2)c2ccccc2N1Cc1ccccc1,C25H26ClFN3O+,1.0,31.0,57.0,1.0,fd59918a9f4cc0f6f26303fcb6e10d02e3c157687a61f079810dd9a8371225f7,-3.59794683884504,-46.9895459818391,-0.116062801253066,1,1,1,matched,complete
ATP-HTVS-FBBE5B904E6C,68643,rxn207____EMOL36800047____EMOL2873214,68643-6,155,运行/运行/ATP-VSW/ATP-VSW-DOCK_HTVS_1-003_lib/ATP-VSW-DOCK_HTVS_1-003_lib.mae,Cc1[nH+]c2ccccn2c1[C@@H](CSc1ccccc1)NCc1cccc(C[NH+](C)C)c1,Cc1[nH+]c2ccccn2c1C(CSc1ccccc1)NCc1cccc(C[NH+](C)C)c1,c1ccc(CNC(CSc2ccccc2)c2c[nH+]c3ccccn23)cc1,C26H32N4S+2,2.0,31.0,63.0,1.0,6fbb4dca34f92644e3b29890c0658a2d7b9f43da1ef8aed644a946b23a1f17b8,-4.84821828314652,-69.7100409413642,-0.156394138166017,6,6,6,matched,complete
ATP-HTVS-FBE624773B31,69761,rxn502b____EMOL5415347____EMOL13728749____EMOL712348,69761-1,653,运行/运行/ATP-VSW/ATP-VSW-DOCK_HTVS_1-001_lib/ATP-VSW-DOCK_HTVS_1-001_lib,C[NH+](C)Cc1ccccc1C(=O)Nc1c(N(CC#N)c2ccccc2)cnc2ccccc12,C[NH+](C)Cc1ccccc1C(=O)Nc1c(N(CC#N)c2ccccc2)cnc2ccccc12,O=C(Nc1c(Nc2ccccc2)cnc2ccccc12)c1ccccc1,C27H26N5O+,1.0,33.0,59.0,1.0,7225b1d99fcece034d0614cf70217f1f066c74bb388e31d9f25eb4dfe3062d61,-3.4399363541087,-48.5199899464733,-0.104240495579052,2,2,2,matched,complete
ATP-HTVS-FC258B4525E9,43202,m_270004bbb____8289034____7548988,43202-1,364,运行/运行/ATP-VSW/ATP-VSW-DOCK_HTVS_1-002_lib.maegz,CC[NH+](CC)Cc1ccccc1C[NH2+]Cc1csc(COc2ccc(OC)cc2)n1,CC[NH+](CC)Cc1ccccc1C[NH2+]Cc1csc(COc2ccc(OC)cc2)n1,c1ccc(C[NH2+]Cc2csc(COc3ccccc3)n2)cc1,C24H33N3O2S+2,2.0,30.0,63.0,1.0,f9304b46dca3433bd1b7d72a942bc58d45f033a092766458d9a1ac0538cfa68e,-4.21756373878038,-58.1390007558846,-0.140585457959346,2,2,2,matched,complete
ATP-HTVS-FC28EB1BA5EE,84353,rxn502b____EMOL43478294____EMOL13728749____EMOL44153840,84353-1,415,运行/运行/ATP-VSW/ATP-VSW-DOCK_HTVS_1-001_lib/ATP-VSW-DOCK_HTVS_1-001_lib,CC[NH+](CC)Cc1cccc(CNc2cnc3ccccc3c2NC(=O)c2cc(F)ccc2C#N)c1,CC[NH+](CC)Cc1cccc(CNc2cnc3ccccc3c2NC(=O)c2cc(F)ccc2C#N)c1,O=C(Nc1c(NCc2ccccc2)cnc2ccccc12)c1ccccc1,C29H29FN5O+,1.0,36.0,65.0,1.0,4fe205a4932f925fbb9caa6b3c823f80fe8d94d727ffd37358788578cc3bf16a,-4.01867650326417,-59.3916451467762,-0.111629902868449,2,2,2,matched,complete
ATP-HTVS-FC30DD28CEC3,23971,m_2230bbc____17609644____7471132,23971-1,266,运行/运行/ATP-VSW/ATP-VSW-DOCK_HTVS_1-003_lib/ATP-VSW-DOCK_HTVS_1-003_lib.mae,COCC[N@H+](C)Cc1ccc(C[N@@H+](C)Cc2nc3ccccc3c(-c3ccccc3)c2Cl)cc1,COCC[NH+](C)Cc1ccc(C[NH+](C)Cc2nc3ccccc3c(-c3ccccc3)c2Cl)cc1,c1ccc(C[NH2+]Cc2cc(-c3ccccc3)c3ccccc3n2)cc1,C29H34ClN3O+2,2.0,34.0,68.0,1.0,871fcbd10eaaf49663faa8bca159f132d20e574b92e2cbd1d7bb5b817887b1b1,-4.45263911953867,-65.4760027305098,-0.130959974104079,2,2,2,matched,complete
ATP-HTVS-FC39CD496C36,2019,YAS_R004____OTV5753507____OTV1051744____OTV7020410266,2019-4,778,运行/运行/ATP-VSW/ATP-VSW-DOCK_HTVS_1-003_lib/ATP-VSW-DOCK_HTVS_1-003_lib.mae,Cc1ccc([C@@H](CNc2cc(-c3ccccn3)[nH+]c3ccccc23)[NH+](C)C)cc1,Cc1ccc(C(CNc2cc(-c3ccccn3)[nH+]c3ccccc23)[NH+](C)C)cc1,c1ccc(CCNc2cc(-c3ccccn3)[nH+]c3ccccc23)cc1,C25H28N4+2,2.0,29.0,57.0,1.0,49c3f59aba3abc1a1d16fcaea5141a09e3a06d12407aa0f31cae0e6b3ddd939d,-3.02395128541612,-55.5318374347935,-0.104274182255728,2,2,2,matched,complete
ATP-HTVS-FC732D287CB6,71265,rxn502b____EMOL525400____EMOL44466703____EMOL50155899,71265-1,35,运行/运行/ATP-VSW/ATP-VSW-DOCK_HTVS_1-001_lib/ATP-VSW-DOCK_HTVS_1-001_lib,C[NH+](C)Cc1ccc(CNc2cc3ccccc3nc2NC(=O)Cc2ccc(C#N)cc2)cc1,C[NH+](C)Cc1ccc(CNc2cc3ccccc3nc2NC(=O)Cc2ccc(C#N)cc2)cc1,O=C(Cc1ccccc1)Nc1nc2ccccc2cc1NCc1ccccc1,C28H28N5O+,1.0,34.0,62.0,1.0,4ae261569cb5cc86396c866f8ac1565876684fbc2199114aadaca9b59ef52f1b,-5.55592145779039,-64.3385248089745,-0.163409454640894,2,2,2,matched,complete
ATP-HTVS-FC91B4531E6F,71458,rxn502b____EMOL532494____EMOL13728749____EMOL36790511,71458-1,532,运行/运行/ATP-VSW/ATP-VSW-DOCK_HTVS_1-002_lib.maegz,Cc1ccc(CC(=O)Nc2c(N(c3ccccc3)[C@H](C)C#N)cnc3ccccc23)cc1,Cc1ccc(CC(=O)Nc2c(N(c3ccccc3)C(C)C#N)cnc3ccccc23)cc1,O=C(Cc1ccccc1)Nc1c(Nc2ccccc2)cnc2ccccc12,C27H24N4O,0.0,32.0,56.0,1.0,31444f421d8735fe2f24bb6b0ece2b5b871ccce7a2d2b989a3b91df8b7f876a0,-3.75103745705692,-44.0924592681402,-0.117219920533029,1,1,1,matched,complete
ATP-HTVS-FCCFF683ADF4,53123,m_270004bda____24171218____18240682,53123-1,1071,运行/运行/ATP-VSW/ATP-VSW-DOCK_HTVS_1-003_lib/ATP-VSW-DOCK_HTVS_1-003_lib.mae,N#CCCCc1ccc(CN2CC(=O)Nc3ccc(Cl)cc3[C@@H]2c2ccccc2F)cc1,N#CCCCc1ccc(CN2CC(=O)Nc3ccc(Cl)cc3C2c2ccccc2F)cc1,O=C1CN(Cc2ccccc2)C(c2ccccc2)c2ccccc2N1,C26H23ClFN3O,0.0,32.0,55.0,1.0,601589791bcd7639b05829c174b4cd95da9891e873d3991dcf351e3f2d83f057,-2.21908390745017,-42.1544873659625,-0.0693463721078178,2,2,2,matched,complete
ATP-HTVS-FD26B682FD2E,69634,rxn502b____EMOL530620____EMOL4363915____EMOL2873214,69634-1,295,运行/运行/ATP-VSW/ATP-VSW-DOCK_HTVS_1-002_lib.maegz,C[NH+](C)Cc1cccc(CNc2cnc(NC(=O)Cc3ccccc3)c(-n3cccc3)c2)c1,C[NH+](C)Cc1cccc(CNc2cnc(NC(=O)Cc3ccccc3)c(-n3cccc3)c2)c1,O=C(Cc1ccccc1)Nc1ncc(NCc2ccccc2)cc1-n1cccc1,C27H30N5O+,1.0,33.0,63.0,1.0,74bc0ace4e2f979b2377f7bca58c550ef5573f455c5a89b51c44560ae0695ce0,-4.3951611416954,-54.9463495232519,-0.133186701263497,1,1,1,matched,complete
ATP-HTVS-FD637A018D73,72994,rxn502c____EMOL483931____EMOL49259969____EMOL2873214,72994-1,372,运行/运行/ATP-VSW/ATP-VSW-DOCK_HTVS_1-002_lib.maegz,CN(Cc1sc2ccccc2c1NCc1cccc(C[NH+](C)C)c1)C(=O)c1cccc(C#N)c1,CN(Cc1sc2ccccc2c1NCc1cccc(C[NH+](C)C)c1)C(=O)c1cccc(C#N)c1,O=C(NCc1sc2ccccc2c1NCc1ccccc1)c1ccccc1,C28H29N4OS+,1.0,34.0,63.0,1.0,bcdc9d3a6805d7ec5155d43e8303f8bf20e824763dfa5bdc0572cbbc277f3304,-4.18338748528722,-64.6304466575339,-0.123040808390801,2,2,2,matched,complete
ATP-HTVS-FD8D954BBECF,27202,m_270004bbb____24792668____16711616,27202-1,77,运行/运行/ATP-VSW/ATP-VSW-DOCK_HTVS_1-002_lib.maegz,C[NH+](C)Cc1cc(F)ccc1C[NH2+]Cc1c(-c2ccccc2)nn2ccccc12,C[NH+](C)Cc1cc(F)ccc1C[NH2+]Cc1c(-c2ccccc2)nn2ccccc12,c1ccc(C[NH2+]Cc2c(-c3ccccc3)nn3ccccc23)cc1,C24H27FN4+2,2.0,29.0,56.0,1.0,c122708aad0b9d5bbaa3e09b9489f5856ca84510a0e1e9a1a2ba070ccb719087,-5.32017851323543,-76.0487183004272,-0.183454431490877,4,4,4,matched,complete
ATP-HTVS-FDA25AF4FB7A,28449,m_2230bdc____17849930____22993542,28449-2,1205,运行/运行/ATP-VSW/ATP-VSW-DOCK_HTVS_1-001_lib/ATP-VSW-DOCK_HTVS_1-001_lib,CCc1cc(F)ccc1CN1CC(=O)Nc2ccccc2[C@@H]1c1ccccc1,CCc1cc(F)ccc1CN1CC(=O)Nc2ccccc2C1c1ccccc1,O=C1CN(Cc2ccccc2)C(c2ccccc2)c2ccccc2N1,C24H23FN2O,0.0,28.0,51.0,1.0,1231a92b1faf4c550d6e9938e4587c2241653651a76061b8e1b26a4249ce051c,-1.86073470843373,-36.7267910714606,-0.0664548110154903,2,2,2,matched,complete
ATP-HTVS-FDB0B4A5AF84,91043,rxn502a____EMOL480353____EMOL42780653____EMOL50155899,91043-1,393,运行/运行/ATP-VSW/ATP-VSW-DOCK_HTVS_1-003_lib/ATP-VSW-DOCK_HTVS_1-003_lib.mae,Cc1nccc(NC(=O)c2ccccc2)c1NCc1ccc(C[NH+](C)C)cc1,Cc1nccc(NC(=O)c2ccccc2)c1NCc1ccc(C[NH+](C)C)cc1,O=C(Nc1ccncc1NCc1ccccc1)c1ccccc1,C23H27N4O+,1.0,28.0,55.0,1.0,06e9b2ed4db035516538097085a54d15e330a67c4ae12ccb2d8bc8cfd5de4401,-4.0570925598645,-46.2482249053567,-0.144896162852304,4,4,4,matched,complete
ATP-HTVS-FDB0F1EC6F74,93059,rxn512b____EMOL525124____EMOL49775718____EMOL6185419,93059-2,55,运行/运行/ATP-VSW/ATP-VSW-DOCK_HTVS_1-003_lib/ATP-VSW-DOCK_HTVS_1-003_lib.mae,CSCCNC(=O)c1cccc(CN2CC(=O)Nc3ccccc3[C@@H]2c2ccccc2)c1F,CSCCNC(=O)c1cccc(CN2CC(=O)Nc3ccccc3C2c2ccccc2)c1F,O=C1CN(Cc2ccccc2)C(c2ccccc2)c2ccccc2N1,C26H26FN3O2S,0.0,33.0,59.0,1.0,f4fe6eaec8952c7e362d4b2971f502d016c9db6294f3f456e2b711814995f5cc,-5.45391423146877,-50.4792388263007,-0.165270128226326,2,2,2,matched,complete
ATP-HTVS-FDDF48EBDCF8,78017,rxn502b____EMOL17362509____EMOL13728749____EMOL44153840,78017-1,262,运行/运行/ATP-VSW/ATP-VSW-DOCK_HTVS_1-001_lib/ATP-VSW-DOCK_HTVS_1-001_lib,CC[NH+](CC)Cc1cccc(CNc2cnc3ccccc3c2NC(=O)C[C@@H](C#N)c2ccccc2)c1,CC[NH+](CC)Cc1cccc(CNc2cnc3ccccc3c2NC(=O)CC(C#N)c2ccccc2)c1,O=C(CCc1ccccc1)Nc1c(NCc2ccccc2)cnc2ccccc12,C31H34N5O+,1.0,37.0,71.0,1.0,ac884e85e822511d1f9466d113163234e8038b58cb4a4c988487a7c3ce4f31f1,-4.45599054129568,-61.5960473243176,-0.120432176791775,5,5,5,matched,complete
ATP-HTVS-FE1522AA7EF8,69793,rxn102c____EMOL1296417____EMOL2873214,69793-1,299,运行/运行/ATP-VSW/ATP-VSW-DOCK_HTVS_1-001_lib/ATP-VSW-DOCK_HTVS_1-001_lib,C[NH+](C)Cc1cccc(CNc2nc(-c3ccccc3)c3ccccc3n2)c1,C[NH+](C)Cc1cccc(CNc2nc(-c3ccccc3)c3ccccc3n2)c1,c1ccc(CNc2nc(-c3ccccc3)c3ccccc3n2)cc1,C24H25N4+,1.0,28.0,53.0,1.0,6ea50b50b6b426766533b919f200c4939bb758984f05a70fcba452d04e47330f,-4.34980457228018,-53.4812619897726,-0.155350163295721,2,2,2,matched,complete
ATP-HTVS-FE34E3A925C6,76803,rxn512b____EMOL300091282____EMOL525138____EMOL50155899,76803-1,459,运行/运行/ATP-VSW/ATP-VSW-DOCK_HTVS_1-003_lib/ATP-VSW-DOCK_HTVS_1-003_lib.mae,C[NH+](C)Cc1ccc(CNc2ccsc2C(=O)N(CC#N)Cc2ccccc2)cc1,C[NH+](C)Cc1ccc(CNc2ccsc2C(=O)N(CC#N)Cc2ccccc2)cc1,O=C(NCc1ccccc1)c1sccc1NCc1ccccc1,C24H27N4OS+,1.0,30.0,57.0,1.0,4006caf3efd0c6681845c46f6379d743ca0eef86bc2cc6179761e99aa5105cfe,-3.88785421325528,-46.5056119096555,-0.129595140441843,2,2,2,matched,complete
ATP-HTVS-FE46C3AF7461,49283,m_271304bba____13807932____9305016,49283-1,232,运行/运行/ATP-VSW/ATP-VSW-DOCK_HTVS_1-003_lib/ATP-VSW-DOCK_HTVS_1-003_lib.mae,O=C([O-])CCCc1ccc(C[NH2+]Cc2cn(Cc3ccccc3)nc2-c2ccccc2)cc1,O=C([O-])CCCc1ccc(C[NH2+]Cc2cn(Cc3ccccc3)nc2-c2ccccc2)cc1,c1ccc(C[NH2+]Cc2cn(Cc3ccccc3)nc2-c2ccccc2)cc1,C28H29N3O2,0.0,33.0,62.0,1.0,f8e9d5ce6b7ce604b5ca64e75012fd2cf2296f5c2e6e1cfea9dbcf09e9da22e0,-4.56034552065314,-59.5303811122622,-0.138192288504641,2,2,2,matched,complete
ATP-HTVS-FE5B2EC4EA23,74370,rxn502b____EMOL43478294____EMOL44466703____EMOL2873214,74370-1,199,运行/运行/ATP-VSW/ATP-VSW-DOCK_HTVS_1-002_lib.maegz,C[NH+](C)Cc1cccc(CNc2cc3ccccc3nc2NC(=O)c2cc(F)ccc2C#N)c1,C[NH+](C)Cc1cccc(CNc2cc3ccccc3nc2NC(=O)c2cc(F)ccc2C#N)c1,O=C(Nc1nc2ccccc2cc1NCc1ccccc1)c1ccccc1,C27H25FN5O+,1.0,34.0,59.0,1.0,6dd357abb5628f518ab8eea84fe80c07bcb505618eaa2ffe29d9f60e30d216b3,-4.67979509796644,-57.8769279151588,-0.13764103229313,2,2,2,matched,complete
ATP-HTVS-FE5F78CE8672,67267,m_270004bbb____10120114____7547110,67267-1,132,运行/运行/ATP-VSW/ATP-VSW-DOCK_HTVS_1-003_lib/ATP-VSW-DOCK_HTVS_1-003_lib.mae,CC(C)(C)c1ccc(C[NH2+]Cc2ccncc2OCc2ccccc2)cc1,CC(C)(C)c1ccc(C[NH2+]Cc2ccncc2OCc2ccccc2)cc1,c1ccc(C[NH2+]Cc2ccncc2OCc2ccccc2)cc1,C24H29N2O+,1.0,27.0,56.0,1.0,c44e4e35f6116790626d001f05ca27f25dfb59a1c8fabc05cc211b8a22fdd59d,-4.95711055598277,-58.328271123065,-0.183596687258621,1,1,1,matched,complete
ATP-HTVS-FE6FB0E22990,82851,rxn502b____EMOL4351685____EMOL30488121____EMOL2873214,82851-1,168,运行/运行/ATP-VSW/ATP-VSW-DOCK_HTVS_1-003_lib/ATP-VSW-DOCK_HTVS_1-003_lib.mae,C[NH+](C)Cc1cccc(CNc2c(NC(=O)Cc3cccc(Cl)n3)c[nH+]c3ccccc23)c1,C[NH+](C)Cc1cccc(CNc2c(NC(=O)Cc3cccc(Cl)n3)c[nH+]c3ccccc23)c1,O=C(Cc1ccccn1)Nc1c[nH+]c2ccccc2c1NCc1ccccc1,C26H28ClN5O+2,2.0,33.0,61.0,1.0,d580a9280ad0c76df30a7eab7fa9d9618e21fffddc855ddac135e10bc987e04c,-4.7968813911865,-69.3128673454361,-0.145360042157167,3,3,3,matched,complete
ATP-HTVS-FE9A1A55DD78,56195,m_11bba____4862800____140639,56195-1,228,运行/运行/ATP-VSW/ATP-VSW-DOCK_HTVS_1-003_lib/ATP-VSW-DOCK_HTVS_1-003_lib.mae,C[NH+](C)Cc1ccc(NC(=O)Cn2c(Cc3ccccc3)nc3ccccc32)cc1,C[NH+](C)Cc1ccc(NC(=O)Cn2c(Cc3ccccc3)nc3ccccc32)cc1,O=C(Cn1c(Cc2ccccc2)nc2ccccc21)Nc1ccccc1,C25H27N4O+,1.0,30.0,57.0,1.0,072d4c75188578697b562e1760e2ae558c2e3e1be3d32e0f386c7d506ee07332,-4.57127764880107,-55.1662269688735,-0.152375921626702,3,3,3,matched,complete
ATP-HTVS-FEA784CAFC0E,72481,rxn502b____EMOL480530____EMOL7515103____EMOL44834539,72481-7,1292,运行/运行/ATP-VSW/ATP-VSW-DOCK_HTVS_1-001_lib/ATP-VSW-DOCK_HTVS_1-001_lib,Cc1cccc([C@H](O)CNc2c[nH]/c(=N/C(=O)[C@H](Cl)c3ccccc3)c3ccccc23)c1,Cc1cccc(C(O)CNc2c[nH]c(=NC(=O)C(Cl)c3ccccc3)c3ccccc23)c1,O=C(Cc1ccccc1)N=c1[nH]cc(NCCc2ccccc2)c2ccccc12,C26H24ClN3O2,0.0,32.0,56.0,1.0,22cf3a50653c880821605203cfdea63e82044e364da445d0f8e2d741f597399c,-1.60612474839051,-50.9430153025265,-0.0501913983872033,1,1,1,matched,complete
ATP-HTVS-FEB80F9C0A7B,34530,m_27bbd____1033258____24798446,34530-4,279,运行/运行/ATP-VSW/ATP-VSW-DOCK_HTVS_1-002_lib.maegz,C[NH+](C)[C@H](CNc1[nH+]c2ccccc2n1CC(=O)c1ccccc1)c1ccc(F)cc1,C[NH+](C)C(CNc1[nH+]c2ccccc2n1CC(=O)c1ccccc1)c1ccc(F)cc1,O=C(Cn1c(NCCc2ccccc2)[nH+]c2ccccc21)c1ccccc1,C25H27FN4O+2,2.0,31.0,58.0,1.0,49d0ec809e37ff2bb425b7a7c447fa2c45c6bd7db25a448f90bd55dd0d69a1ae,-4.43602883433728,-64.6185832810986,-0.143097704333461,7,7,7,matched,complete
ATP-HTVS-FEE4C5F961F6,56193,m_270004bca____18239542____7549102,56193-9,1279,运行/运行/ATP-VSW/ATP-VSW-DOCK_HTVS_1-001_lib/ATP-VSW-DOCK_HTVS_1-001_lib,CCN(CCOC)Cc1ccc(CN(C)Cc2nc3ccccc3n2Cc2ccc(Cl)cc2)cc1,CCN(CCOC)Cc1ccc(CN(C)Cc2nc3ccccc3n2Cc2ccc(Cl)cc2)cc1,c1ccc(CNCc2nc3ccccc3n2Cc2ccccc2)cc1,C29H35ClN4O,0.0,35.0,70.0,1.0,5554e39c64aacc0fd6633259a6cd091adf8f488a37440d5d2a9f3aa9fa52621a,-1.65273942795434,-45.3694004159461,-0.0472211265129812,1,1,1,matched,complete
ATP-HTVS-FF081A1D735D,85411,rxn502b____EMOL480353____EMOL7515103____EMOL48601815,85411-1,179,运行/运行/ATP-VSW/ATP-VSW-DOCK_HTVS_1-003_lib/ATP-VSW-DOCK_HTVS_1-003_lib.mae,CNc1cc(Cl)ccc1Nc1cnc(NC(=O)c2ccccc2)c2ccccc12,CNc1cc(Cl)ccc1Nc1cnc(NC(=O)c2ccccc2)c2ccccc12,O=C(Nc1ncc(Nc2ccccc2)c2ccccc12)c1ccccc1,C23H19ClN4O,0.0,29.0,48.0,1.0,ac13d507f8f73ae316b2c691029bffcf1ed9c2f8a28c184632859b21f5de997f,-4.75510008332164,-49.0330677357213,-0.163968968390401,2,2,2,matched,complete
ATP-HTVS-FF167463AED4,74019,rxn502b____EMOL49863568____EMOL30488121____EMOL50155899,74019-1,148,运行/运行/ATP-VSW/ATP-VSW-DOCK_HTVS_1-003_lib/ATP-VSW-DOCK_HTVS_1-003_lib.mae,C[NH+](C)Cc1ccc(CNc2c(NC(=O)c3cccc(C#N)c3Cl)c[nH+]c3ccccc23)cc1,C[NH+](C)Cc1ccc(CNc2c(NC(=O)c3cccc(C#N)c3Cl)c[nH+]c3ccccc23)cc1,O=C(Nc1c[nH+]c2ccccc2c1NCc1ccccc1)c1ccccc1,C27H26ClN5O+2,2.0,34.0,60.0,1.0,bef7879ee8fcd75a97ddf4f4b4e51a40379c655e460cdca6255c1ba95ffe9abc,-4.88399342983979,-61.7474262697853,-0.143646865583523,3,3,3,matched,complete
ATP-HTVS-FF1C1E5A01F9,79491,rxn502b____EMOL31406107____EMOL30488121____EMOL2868412,79491-1,407,运行/运行/ATP-VSW/ATP-VSW-DOCK_HTVS_1-003_lib/ATP-VSW-DOCK_HTVS_1-003_lib.mae,CC[NH+](CC)Cc1ccc(CNc2c(NC(=O)c3cccc(CS)c3)c[nH+]c3ccccc23)cc1,CC[NH+](CC)Cc1ccc(CNc2c(NC(=O)c3cccc(CS)c3)c[nH+]c3ccccc23)cc1,O=C(Nc1c[nH+]c2ccccc2c1NCc1ccccc1)c1ccccc1,C29H34N4OS+2,2.0,35.0,69.0,1.0,eae6d60d111ee0c4da20921b8f4f9ac2ec069f2a1ba18558db45915645a3c87b,-4.00357618948129,-60.0188331640352,-0.114387891128037,1,1,1,matched,complete
ATP-HTVS-FF63783F1DD1,25825,m_270004bbb____12219716____13763922,25825-2,81,运行/运行/ATP-VSW/ATP-VSW-DOCK_HTVS_1-001_lib/ATP-VSW-DOCK_HTVS_1-001_lib,CCNC(=O)c1cccc(C[NH2+]C[C@@H]2c3ccccc3C(=O)N2Cc2ccccc2)c1,CCNC(=O)c1cccc(C[NH2+]CC2c3ccccc3C(=O)N2Cc2ccccc2)c1,O=C1c2ccccc2C(C[NH2+]Cc2ccccc2)N1Cc1ccccc1,C26H28N3O2+,1.0,31.0,59.0,1.0,e6e79b8edca9ec7d714afc5b4107562a8964f52392a5560597e0a5b016ec363b,-5.10529777735234,-63.2754508392628,-0.164687025075882,4,4,4,matched,complete
ATP-HTVS-FF886C71D805,65665,m_275592aca____19666570____18923942____14129818,65665-2,166,运行/运行/ATP-VSW/ATP-VSW-DOCK_HTVS_1-001_lib/ATP-VSW-DOCK_HTVS_1-001_lib,C[C@@H](CN(C)C(=O)c1oc2ccccc2c1COc1ccccc1)NC(=O)c1ccccc1C[NH+](C)C,CC(CN(C)C(=O)c1oc2ccccc2c1COc1ccccc1)NC(=O)c1ccccc1C[NH+](C)C,O=C(NCCNC(=O)c1oc2ccccc2c1COc1ccccc1)c1ccccc1,C30H34N3O4+,1.0,37.0,71.0,1.0,9582a0f5f90011cd53c271b157c248df1983d8b7780bd48e61d170f1e38958fb,-4.73008693975647,-62.6301822129996,-0.127840187560986,1,1,1,matched,complete
ATP-HTVS-FFCF51BF8290,81826,rxn512b____EMOL477532____EMOL15801711____EMOL2873214,81826-1,497,运行/运行/ATP-VSW/ATP-VSW-DOCK_HTVS_1-002_lib.maegz,C[NH+](C)Cc1cccc(CNc2csc(CC(=O)Nc3ccccc3)c2)c1,C[NH+](C)Cc1cccc(CNc2csc(CC(=O)Nc3ccccc3)c2)c1,O=C(Cc1cc(NCc2ccccc2)cs1)Nc1ccccc1,C22H26N3OS+,1.0,27.0,53.0,1.0,530472d2438cd50030dd42a8aede22be929427ef3af70fabcb83f86a05c655a6,-3.84560850291888,-53.6655711086508,-0.142429944552551,2,2,2,matched,complete
ATP-HTVS-FFD71C24E98D,18978,a4____190530____161881,18978-1,219,运行/运行/ATP-VSW/ATP-VSW-DOCK_HTVS_1-002_lib.maegz,CNS(=O)(=O)Cc1ccccc1C[NH2+]Cc1cn(Cc2ccccc2)nc1-c1cccc(C)c1,CNS(=O)(=O)Cc1ccccc1C[NH2+]Cc1cn(Cc2ccccc2)nc1-c1cccc(C)c1,c1ccc(C[NH2+]Cc2cn(Cc3ccccc3)nc2-c2ccccc2)cc1,C27H31N4O2S+,1.0,34.0,65.0,1.0,97b924b447d9719a0fbe8bd31c5f082ce0a1f2172ccedcd4ac10450bde3857ca,-4.59867026837176,-61.0661775072157,-0.135255007893287,2,2,2,matched,complete
ATP-HTVS-FFE3AC9FC45B,90851,rxn502b____EMOL500427____EMOL30488121____EMOL24630243,90851-1,434,运行/运行/ATP-VSW/ATP-VSW-DOCK_HTVS_1-003_lib/ATP-VSW-DOCK_HTVS_1-003_lib.mae,CN(c1c(NC(=O)c2cc(Cl)cc(Cl)c2)c[nH+]c2ccccc12)[C@@H](C#N)c1ccccc1,CN(c1c(NC(=O)c2cc(Cl)cc(Cl)c2)c[nH+]c2ccccc12)C(C#N)c1ccccc1,O=C(Nc1c[nH+]c2ccccc2c1NCc1ccccc1)c1ccccc1,C25H19Cl2N4O+,1.0,32.0,51.0,1.0,05e99f749f634139e514b8d3a96621cd4fc0de37a77ef42cdb0d506f18cf3104,-3.9403001603173,-52.7092545294305,-0.123134380009916,2,2,2,matched,complete
