canonical_id,stage,score,source_file
ATP-SMI-15737353FB69,ADMET,6,作图/作图/2-基于衍生数据库的虚拟筛选/数据/ADMET.xlsx
ATP-SMI-1EDF03AEDEF9,ADMET,8,作图/作图/2-基于衍生数据库的虚拟筛选/数据/ADMET.xlsx
ATP-SMI-4417138BF81D,ADMET,8,作图/作图/2-基于衍生数据库的虚拟筛选/数据/ADMET.xlsx
ATP-SMI-5B36D3E11A3B,ADMET,7,作图/作图/2-基于衍生数据库的虚拟筛选/数据/ADMET.xlsx
ATP-SMI-5D3E7B6B6796,ADMET,8,作图/作图/2-基于衍生数据库的虚拟筛选/数据/ADMET.xlsx
ATP-SMI-775D33706F04,ADMET,7,作图/作图/2-基于衍生数据库的虚拟筛选/数据/ADMET.xlsx
ATP-SMI-874C2DE25FE4,ADMET,5,作图/作图/2-基于衍生数据库的虚拟筛选/数据/ADMET.xlsx
ATP-SMI-91E7552C2382,ADMET,7,作图/作图/2-基于衍生数据库的虚拟筛选/数据/ADMET.xlsx
ATP-SMI-94F73967C042,ADMET,7,作图/作图/2-基于衍生数据库的虚拟筛选/数据/ADMET.xlsx
ATP-SMI-96FD6257D8BA,ADMET,8,作图/作图/2-基于衍生数据库的虚拟筛选/数据/ADMET.xlsx
ATP-SMI-9DA3213A09E8,ADMET,8,作图/作图/2-基于衍生数据库的虚拟筛选/数据/ADMET.xlsx
ATP-SMI-BF69AB71C1A4,ADMET,7,作图/作图/2-基于衍生数据库的虚拟筛选/数据/ADMET.xlsx
ATP-SMI-C3308BEE03AC,ADMET,7,作图/作图/2-基于衍生数据库的虚拟筛选/数据/ADMET.xlsx
ATP-SMI-C93E6EC67CDB,ADMET,7,作图/作图/2-基于衍生数据库的虚拟筛选/数据/ADMET.xlsx
ATP-SMI-CDED936B42F4,ADMET,7,作图/作图/2-基于衍生数据库的虚拟筛选/数据/ADMET.xlsx
ATP-SMI-CFA68A98711F,ADMET,9,作图/作图/2-基于衍生数据库的虚拟筛选/数据/ADMET.xlsx
ATP-SMI-E9798004BA11,ADMET,6,作图/作图/2-基于衍生数据库的虚拟筛选/数据/ADMET.xlsx
ATP-SMI-FCA9CDF3313B,ADMET,7,作图/作图/2-基于衍生数据库的虚拟筛选/数据/ADMET.xlsx
ATP-HTVS-0009DAEDE04F,HTVS,-3.58525470579908,运行/运行/ATP-VSW/ATP-VSW-DOCK_HTVS_1-003_lib/ATP-VSW-DOCK_HTVS_1-003_lib.mae
ATP-HTVS-0015C54A99C8,HTVS,-3.84066710724475,运行/运行/ATP-VSW/ATP-VSW-DOCK_HTVS_1-001_lib/ATP-VSW-DOCK_HTVS_1-001_lib
ATP-HTVS-0015C54A99C8,HTVS,-3.81260017118305,运行/运行/ATP-VSW/ATP-VSW-DOCK_HTVS_1-001_lib/ATP-VSW-DOCK_HTVS_1-001_lib
ATP-HTVS-0015C54A99C8,HTVS,-2.40302535148596,运行/运行/ATP-VSW/ATP-VSW-DOCK_HTVS_1-001_lib/ATP-VSW-DOCK_HTVS_1-001_lib
ATP-HTVS-0015C54A99C8,HTVS,-2.01163726220462,运行/运行/ATP-VSW/ATP-VSW-DOCK_HTVS_1-001_lib/ATP-VSW-DOCK_HTVS_1-001_lib
ATP-HTVS-0015C54A99C8,HTVS,-1.77691793567558,运行/运行/ATP-VSW/ATP-VSW-DOCK_HTVS_1-001_lib/ATP-VSW-DOCK_HTVS_1-001_lib
ATP-HTVS-0015C54A99C8,HTVS,-1.53762116704211,运行/运行/ATP-VSW/ATP-VSW-DOCK_HTVS_1-001_lib/ATP-VSW-DOCK_HTVS_1-001_lib
ATP-HTVS-003E4D952AAC,HTVS,-4.13615387037502,运行/运行/ATP-VSW/ATP-VSW-DOCK_HTVS_1-003_lib/ATP-VSW-DOCK_HTVS_1-003_lib.mae
ATP-HTVS-003E4D952AAC,HTVS,-3.96135753394356,运行/运行/ATP-VSW/ATP-VSW-DOCK_HTVS_1-003_lib/ATP-VSW-DOCK_HTVS_1-003_lib.mae
ATP-HTVS-003E4D952AAC,HTVS,-3.85093500462413,运行/运行/ATP-VSW/ATP-VSW-DOCK_HTVS_1-003_lib/ATP-VSW-DOCK_HTVS_1-003_lib.mae
ATP-HTVS-003E4D952AAC,HTVS,-2.81232717105313,运行/运行/ATP-VSW/ATP-VSW-DOCK_HTVS_1-003_lib/ATP-VSW-DOCK_HTVS_1-003_lib.mae
ATP-HTVS-003E4D952AAC,HTVS,-2.64512268532993,运行/运行/ATP-VSW/ATP-VSW-DOCK_HTVS_1-003_lib/ATP-VSW-DOCK_HTVS_1-003_lib.mae
ATP-HTVS-003E4D952AAC,HTVS,-1.87142440865764,运行/运行/ATP-VSW/ATP-VSW-DOCK_HTVS_1-003_lib/ATP-VSW-DOCK_HTVS_1-003_lib.mae
ATP-HTVS-005EEA24BFEA,HTVS,-4.35640294669943,运行/运行/ATP-VSW/ATP-VSW-DOCK_HTVS_1-003_lib/ATP-VSW-DOCK_HTVS_1-003_lib.mae
ATP-HTVS-005EEA24BFEA,HTVS,-3.1840549499627,运行/运行/ATP-VSW/ATP-VSW-DOCK_HTVS_1-003_lib/ATP-VSW-DOCK_HTVS_1-003_lib.mae
ATP-HTVS-005EEA24BFEA,HTVS,-2.07302556697141,运行/运行/ATP-VSW/ATP-VSW-DOCK_HTVS_1-003_lib/ATP-VSW-DOCK_HTVS_1-003_lib.mae
ATP-HTVS-005EEA24BFEA,HTVS,-1.53574588154644,运行/运行/ATP-VSW/ATP-VSW-DOCK_HTVS_1-003_lib/ATP-VSW-DOCK_HTVS_1-003_lib.mae
ATP-HTVS-0063E4174F09,HTVS,-1.03468293307069,运行/运行/ATP-VSW/ATP-VSW-DOCK_HTVS_1-001_lib/ATP-VSW-DOCK_HTVS_1-001_lib
ATP-HTVS-0063E4174F09,HTVS,0.239290636197166,运行/运行/ATP-VSW/ATP-VSW-DOCK_HTVS_1-001_lib/ATP-VSW-DOCK_HTVS_1-001_lib
ATP-HTVS-0079D40D2121,HTVS,-3.34092399123274,运行/运行/ATP-VSW/ATP-VSW-DOCK_HTVS_1-001_lib/ATP-VSW-DOCK_HTVS_1-001_lib
ATP-HTVS-007D6F34F923,HTVS,-3.4850388695678,运行/运行/ATP-VSW/ATP-VSW-DOCK_HTVS_1-001_lib/ATP-VSW-DOCK_HTVS_1-001_lib
ATP-HTVS-007D6F34F923,HTVS,-3.02953822153422,运行/运行/ATP-VSW/ATP-VSW-DOCK_HTVS_1-001_lib/ATP-VSW-DOCK_HTVS_1-001_lib
ATP-HTVS-007D6F34F923,HTVS,-1.74647551840086,运行/运行/ATP-VSW/ATP-VSW-DOCK_HTVS_1-001_lib/ATP-VSW-DOCK_HTVS_1-001_lib
ATP-HTVS-007D6F34F923,HTVS,-1.57402555235185,运行/运行/ATP-VSW/ATP-VSW-DOCK_HTVS_1-001_lib/ATP-VSW-DOCK_HTVS_1-001_lib
ATP-HTVS-00C8034698A8,HTVS,-5.81163963281027,运行/运行/ATP-VSW/ATP-VSW-DOCK_HTVS_1-003_lib/ATP-VSW-DOCK_HTVS_1-003_lib.mae
ATP-HTVS-00C8034698A8,HTVS,-4.34088550229078,运行/运行/ATP-VSW/ATP-VSW-DOCK_HTVS_1-003_lib/ATP-VSW-DOCK_HTVS_1-003_lib.mae
ATP-HTVS-00F86A54285D,HTVS,-3.90724208104371,运行/运行/ATP-VSW/ATP-VSW-DOCK_HTVS_1-001_lib/ATP-VSW-DOCK_HTVS_1-001_lib
ATP-HTVS-00F86A54285D,HTVS,-1.9767386256534,运行/运行/ATP-VSW/ATP-VSW-DOCK_HTVS_1-001_lib/ATP-VSW-DOCK_HTVS_1-001_lib
ATP-HTVS-00F86A54285D,HTVS,-1.79643206351916,运行/运行/ATP-VSW/ATP-VSW-DOCK_HTVS_1-001_lib/ATP-VSW-DOCK_HTVS_1-001_lib
ATP-HTVS-011A966B3F21,HTVS,-5.69314528862896,运行/运行/ATP-VSW/ATP-VSW-DOCK_HTVS_1-003_lib/ATP-VSW-DOCK_HTVS_1-003_lib.mae
ATP-HTVS-011A966B3F21,HTVS,-2.09746892073619,运行/运行/ATP-VSW/ATP-VSW-DOCK_HTVS_1-003_lib/ATP-VSW-DOCK_HTVS_1-003_lib.mae
ATP-HTVS-0125A5267C6C,HTVS,-4.51418145101,运行/运行/ATP-VSW/ATP-VSW-DOCK_HTVS_1-002_lib.maegz
ATP-HTVS-0125A5267C6C,HTVS,-2.42265323142305,运行/运行/ATP-VSW/ATP-VSW-DOCK_HTVS_1-002_lib.maegz
ATP-HTVS-0125A5267C6C,HTVS,-2.40573993703173,运行/运行/ATP-VSW/ATP-VSW-DOCK_HTVS_1-002_lib.maegz
ATP-HTVS-0161AEC2E23E,HTVS,-4.83483869865031,运行/运行/ATP-VSW/ATP-VSW-DOCK_HTVS_1-003_lib/ATP-VSW-DOCK_HTVS_1-003_lib.mae
ATP-HTVS-0161AEC2E23E,HTVS,-4.10965605091423,运行/运行/ATP-VSW/ATP-VSW-DOCK_HTVS_1-003_lib/ATP-VSW-DOCK_HTVS_1-003_lib.mae
ATP-HTVS-0161AEC2E23E,HTVS,-2.72700621853685,运行/运行/ATP-VSW/ATP-VSW-DOCK_HTVS_1-003_lib/ATP-VSW-DOCK_HTVS_1-003_lib.mae
ATP-HTVS-0161AEC2E23E,HTVS,-2.65711287440246,运行/运行/ATP-VSW/ATP-VSW-DOCK_HTVS_1-003_lib/ATP-VSW-DOCK_HTVS_1-003_lib.mae
ATP-HTVS-0161AEC2E23E,HTVS,-2.31871702897704,运行/运行/ATP-VSW/ATP-VSW-DOCK_HTVS_1-003_lib/ATP-VSW-DOCK_HTVS_1-003_lib.mae
ATP-HTVS-0161AEC2E23E,HTVS,-1.51266285159953,运行/运行/ATP-VSW/ATP-VSW-DOCK_HTVS_1-003_lib/ATP-VSW-DOCK_HTVS_1-003_lib.mae
ATP-HTVS-017DA1C05B1D,HTVS,-4.47627817522789,运行/运行/ATP-VSW/ATP-VSW-DOCK_HTVS_1-003_lib/ATP-VSW-DOCK_HTVS_1-003_lib.mae
ATP-HTVS-017DA1C05B1D,HTVS,-4.18165293496056,运行/运行/ATP-VSW/ATP-VSW-DOCK_HTVS_1-003_lib/ATP-VSW-DOCK_HTVS_1-003_lib.mae
ATP-HTVS-01DF3EF44742,HTVS,-4.47878814702221,运行/运行/ATP-VSW/ATP-VSW-DOCK_HTVS_1-002_lib.maegz
ATP-HTVS-01DF3EF44742,HTVS,-2.44130904251181,运行/运行/ATP-VSW/ATP-VSW-DOCK_HTVS_1-002_lib.maegz
ATP-HTVS-01E9987F6BBC,HTVS,-1.40856773004933,运行/运行/ATP-VSW/ATP-VSW-DOCK_HTVS_1-001_lib/ATP-VSW-DOCK_HTVS_1-001_lib
ATP-HTVS-01E9987F6BBC,HTVS,-0.677692530957854,运行/运行/ATP-VSW/ATP-VSW-DOCK_HTVS_1-001_lib/ATP-VSW-DOCK_HTVS_1-001_lib
ATP-HTVS-02393E0D1A46,HTVS,-4.68860698749509,运行/运行/ATP-VSW/ATP-VSW-DOCK_HTVS_1-001_lib/ATP-VSW-DOCK_HTVS_1-001_lib
ATP-HTVS-02393E0D1A46,HTVS,-3.62526937942632,运行/运行/ATP-VSW/ATP-VSW-DOCK_HTVS_1-001_lib/ATP-VSW-DOCK_HTVS_1-001_lib
ATP-HTVS-02393E0D1A46,HTVS,-2.64623913427507,运行/运行/ATP-VSW/ATP-VSW-DOCK_HTVS_1-001_lib/ATP-VSW-DOCK_HTVS_1-001_lib
ATP-HTVS-02393E0D1A46,HTVS,-2.39638970699226,运行/运行/ATP-VSW/ATP-VSW-DOCK_HTVS_1-001_lib/ATP-VSW-DOCK_HTVS_1-001_lib
ATP-HTVS-02527EDCA73D,HTVS,-5.15716390255472,运行/运行/ATP-VSW/ATP-VSW-DOCK_HTVS_1-001_lib/ATP-VSW-DOCK_HTVS_1-001_lib
ATP-HTVS-02527EDCA73D,HTVS,-4.82522296942826,运行/运行/ATP-VSW/ATP-VSW-DOCK_HTVS_1-001_lib/ATP-VSW-DOCK_HTVS_1-001_lib
ATP-HTVS-02527EDCA73D,HTVS,-4.60978103959386,运行/运行/ATP-VSW/ATP-VSW-DOCK_HTVS_1-001_lib/ATP-VSW-DOCK_HTVS_1-001_lib
ATP-HTVS-0258CCAE4910,HTVS,-3.77278250253085,运行/运行/ATP-VSW/ATP-VSW-DOCK_HTVS_1-001_lib/ATP-VSW-DOCK_HTVS_1-001_lib
ATP-HTVS-027CB3113620,HTVS,-2.49226291162582,运行/运行/ATP-VSW/ATP-VSW-DOCK_HTVS_1-002_lib.maegz
ATP-HTVS-0282D10141FD,HTVS,-4.7455117172325,运行/运行/ATP-VSW/ATP-VSW-DOCK_HTVS_1-001_lib/ATP-VSW-DOCK_HTVS_1-001_lib
ATP-HTVS-0282D10141FD,HTVS,-3.42017321993642,运行/运行/ATP-VSW/ATP-VSW-DOCK_HTVS_1-001_lib/ATP-VSW-DOCK_HTVS_1-001_lib
ATP-HTVS-0282D10141FD,HTVS,-1.78040640719635,运行/运行/ATP-VSW/ATP-VSW-DOCK_HTVS_1-001_lib/ATP-VSW-DOCK_HTVS_1-001_lib
ATP-HTVS-028F2DC4E032,HTVS,-4.69863757955225,运行/运行/ATP-VSW/ATP-VSW-DOCK_HTVS_1-003_lib/ATP-VSW-DOCK_HTVS_1-003_lib.mae
ATP-HTVS-028F2DC4E032,HTVS,-2.2125295956232,运行/运行/ATP-VSW/ATP-VSW-DOCK_HTVS_1-003_lib/ATP-VSW-DOCK_HTVS_1-003_lib.mae
ATP-HTVS-02AC8E798E60,HTVS,-4.27581637536966,运行/运行/ATP-VSW/ATP-VSW-DOCK_HTVS_1-002_lib.maegz
ATP-HTVS-02AC8E798E60,HTVS,-2.57291917082921,运行/运行/ATP-VSW/ATP-VSW-DOCK_HTVS_1-002_lib.maegz
ATP-HTVS-02AC8E798E60,HTVS,-1.64530602404243,运行/运行/ATP-VSW/ATP-VSW-DOCK_HTVS_1-002_lib.maegz
ATP-HTVS-02BB8772E392,HTVS,-1.68205076672122,运行/运行/ATP-VSW/ATP-VSW-DOCK_HTVS_1-002_lib.maegz
ATP-HTVS-02BB8772E392,HTVS,-1.67421302861449,运行/运行/ATP-VSW/ATP-VSW-DOCK_HTVS_1-002_lib.maegz
ATP-HTVS-02DF9A19852D,HTVS,-4.97657782986944,运行/运行/ATP-VSW/ATP-VSW-DOCK_HTVS_1-001_lib/ATP-VSW-DOCK_HTVS_1-001_lib
ATP-HTVS-0362648F57EF,HTVS,-3.94325468056887,运行/运行/ATP-VSW/ATP-VSW-DOCK_HTVS_1-003_lib/ATP-VSW-DOCK_HTVS_1-003_lib.mae
ATP-HTVS-03C3664644A2,HTVS,-4.15070282757494,运行/运行/ATP-VSW/ATP-VSW-DOCK_HTVS_1-002_lib.maegz
ATP-HTVS-03C3664644A2,HTVS,-3.17095359397542,运行/运行/ATP-VSW/ATP-VSW-DOCK_HTVS_1-002_lib.maegz
ATP-HTVS-03F3A1A9B60E,HTVS,-2.87454592440143,运行/运行/ATP-VSW/ATP-VSW-DOCK_HTVS_1-002_lib.maegz
ATP-HTVS-03F3A1A9B60E,HTVS,-1.9587491131134,运行/运行/ATP-VSW/ATP-VSW-DOCK_HTVS_1-002_lib.maegz
ATP-HTVS-0438281B0112,HTVS,-4.14983282792689,运行/运行/ATP-VSW/ATP-VSW-DOCK_HTVS_1-001_lib/ATP-VSW-DOCK_HTVS_1-001_lib
ATP-HTVS-0438281B0112,HTVS,-2.43809108805463,运行/运行/ATP-VSW/ATP-VSW-DOCK_HTVS_1-001_lib/ATP-VSW-DOCK_HTVS_1-001_lib
ATP-HTVS-0460857F35D6,HTVS,-3.06745979615094,运行/运行/ATP-VSW/ATP-VSW-DOCK_HTVS_1-002_lib.maegz
ATP-HTVS-04621B482D9F,HTVS,-4.54855997419821,运行/运行/ATP-VSW/ATP-VSW-DOCK_HTVS_1-003_lib/ATP-VSW-DOCK_HTVS_1-003_lib.mae
ATP-HTVS-04621B482D9F,HTVS,-1.70053326062319,运行/运行/ATP-VSW/ATP-VSW-DOCK_HTVS_1-003_lib/ATP-VSW-DOCK_HTVS_1-003_lib.mae
ATP-HTVS-04BA495CA0A4,HTVS,-3.00531349655571,运行/运行/ATP-VSW/ATP-VSW-DOCK_HTVS_1-003_lib/ATP-VSW-DOCK_HTVS_1-003_lib.mae
ATP-HTVS-052AF9B11E6A,HTVS,-1.36010897797717,运行/运行/ATP-VSW/ATP-VSW-DOCK_HTVS_1-003_lib/ATP-VSW-DOCK_HTVS_1-003_lib.mae
ATP-HTVS-053279755E30,HTVS,-2.01240354385726,运行/运行/ATP-VSW/ATP-VSW-DOCK_HTVS_1-002_lib.maegz
ATP-HTVS-0587EECAF94B,HTVS,-3.96144137791356,运行/运行/ATP-VSW/ATP-VSW-DOCK_HTVS_1-003_lib/ATP-VSW-DOCK_HTVS_1-003_lib.mae
ATP-HTVS-0587EECAF94B,HTVS,-1.47677110896036,运行/运行/ATP-VSW/ATP-VSW-DOCK_HTVS_1-003_lib/ATP-VSW-DOCK_HTVS_1-003_lib.mae
ATP-HTVS-05A72EDFB57A,HTVS,-5.97314811529865,运行/运行/ATP-VSW/ATP-VSW-DOCK_HTVS_1-003_lib/ATP-VSW-DOCK_HTVS_1-003_lib.mae
ATP-HTVS-05A72EDFB57A,HTVS,-4.96012650059948,运行/运行/ATP-VSW/ATP-VSW-DOCK_HTVS_1-003_lib/ATP-VSW-DOCK_HTVS_1-003_lib.mae
ATP-HTVS-05A72EDFB57A,HTVS,-3.78087994770328,运行/运行/ATP-VSW/ATP-VSW-DOCK_HTVS_1-003_lib/ATP-VSW-DOCK_HTVS_1-003_lib.mae
ATP-HTVS-05A72EDFB57A,HTVS,-3.10918668015397,运行/运行/ATP-VSW/ATP-VSW-DOCK_HTVS_1-003_lib/ATP-VSW-DOCK_HTVS_1-003_lib.mae
ATP-HTVS-05A72EDFB57A,HTVS,-3.10772088425599,运行/运行/ATP-VSW/ATP-VSW-DOCK_HTVS_1-003_lib/ATP-VSW-DOCK_HTVS_1-003_lib.mae
ATP-HTVS-05A72EDFB57A,HTVS,-2.46499448959672,运行/运行/ATP-VSW/ATP-VSW-DOCK_HTVS_1-003_lib/ATP-VSW-DOCK_HTVS_1-003_lib.mae
ATP-HTVS-05E9E2FC066B,HTVS,-4.72622512874464,运行/运行/ATP-VSW/ATP-VSW-DOCK_HTVS_1-001_lib/ATP-VSW-DOCK_HTVS_1-001_lib
ATP-HTVS-05E9E2FC066B,HTVS,-3.375264557184,运行/运行/ATP-VSW/ATP-VSW-DOCK_HTVS_1-001_lib/ATP-VSW-DOCK_HTVS_1-001_lib
ATP-HTVS-05E9E2FC066B,HTVS,-3.16154229615463,运行/运行/ATP-VSW/ATP-VSW-DOCK_HTVS_1-001_lib/ATP-VSW-DOCK_HTVS_1-001_lib
ATP-HTVS-05E9E2FC066B,HTVS,-2.62600070886647,运行/运行/ATP-VSW/ATP-VSW-DOCK_HTVS_1-001_lib/ATP-VSW-DOCK_HTVS_1-001_lib
ATP-HTVS-05E9E2FC066B,HTVS,-2.36480146589559,运行/运行/ATP-VSW/ATP-VSW-DOCK_HTVS_1-001_lib/ATP-VSW-DOCK_HTVS_1-001_lib
ATP-HTVS-05E9E2FC066B,HTVS,-1.46199997001258,运行/运行/ATP-VSW/ATP-VSW-DOCK_HTVS_1-001_lib/ATP-VSW-DOCK_HTVS_1-001_lib
ATP-HTVS-05E9E2FC066B,HTVS,-0.832186979448156,运行/运行/ATP-VSW/ATP-VSW-DOCK_HTVS_1-001_lib/ATP-VSW-DOCK_HTVS_1-001_lib
ATP-HTVS-05E9E2FC066B,HTVS,-0.740429639636178,运行/运行/ATP-VSW/ATP-VSW-DOCK_HTVS_1-001_lib/ATP-VSW-DOCK_HTVS_1-001_lib
ATP-HTVS-0659C124A83C,HTVS,-3.45404571440084,运行/运行/ATP-VSW/ATP-VSW-DOCK_HTVS_1-001_lib/ATP-VSW-DOCK_HTVS_1-001_lib
ATP-HTVS-0659C124A83C,HTVS,-2.48572753714194,运行/运行/ATP-VSW/ATP-VSW-DOCK_HTVS_1-001_lib/ATP-VSW-DOCK_HTVS_1-001_lib
ATP-HTVS-0659C124A83C,HTVS,-1.91885195680244,运行/运行/ATP-VSW/ATP-VSW-DOCK_HTVS_1-001_lib/ATP-VSW-DOCK_HTVS_1-001_lib
ATP-HTVS-069ABDEDA86E,HTVS,-4.26179409221933,运行/运行/ATP-VSW/ATP-VSW-DOCK_HTVS_1-001_lib/ATP-VSW-DOCK_HTVS_1-001_lib
ATP-HTVS-069ABDEDA86E,HTVS,-1.89564891377359,运行/运行/ATP-VSW/ATP-VSW-DOCK_HTVS_1-001_lib/ATP-VSW-DOCK_HTVS_1-001_lib
ATP-HTVS-069ABDEDA86E,HTVS,-1.42711269303631,运行/运行/ATP-VSW/ATP-VSW-DOCK_HTVS_1-001_lib/ATP-VSW-DOCK_HTVS_1-001_lib
ATP-HTVS-06CA19E03C57,HTVS,-4.2587937861896,运行/运行/ATP-VSW/ATP-VSW-DOCK_HTVS_1-001_lib/ATP-VSW-DOCK_HTVS_1-001_lib
ATP-HTVS-06CA19E03C57,HTVS,-2.98373838200371,运行/运行/ATP-VSW/ATP-VSW-DOCK_HTVS_1-001_lib/ATP-VSW-DOCK_HTVS_1-001_lib
ATP-HTVS-06E5BAB39855,HTVS,-5.39055779577526,运行/运行/ATP-VSW/ATP-VSW-DOCK_HTVS_1-003_lib/ATP-VSW-DOCK_HTVS_1-003_lib.mae
ATP-HTVS-06E5BAB39855,HTVS,-5.32101913261146,运行/运行/ATP-VSW/ATP-VSW-DOCK_HTVS_1-003_lib/ATP-VSW-DOCK_HTVS_1-003_lib.mae
ATP-HTVS-06E5BAB39855,HTVS,-3.87989617627303,运行/运行/ATP-VSW/ATP-VSW-DOCK_HTVS_1-003_lib/ATP-VSW-DOCK_HTVS_1-003_lib.mae
ATP-HTVS-06E5BAB39855,HTVS,-3.71923646754274,运行/运行/ATP-VSW/ATP-VSW-DOCK_HTVS_1-003_lib/ATP-VSW-DOCK_HTVS_1-003_lib.mae
ATP-HTVS-06E5BAB39855,HTVS,-3.08118014564502,运行/运行/ATP-VSW/ATP-VSW-DOCK_HTVS_1-003_lib/ATP-VSW-DOCK_HTVS_1-003_lib.mae
ATP-HTVS-06E5BAB39855,HTVS,-2.9373350650814,运行/运行/ATP-VSW/ATP-VSW-DOCK_HTVS_1-003_lib/ATP-VSW-DOCK_HTVS_1-003_lib.mae
ATP-HTVS-071084F9408F,HTVS,-4.35035063556848,运行/运行/ATP-VSW/ATP-VSW-DOCK_HTVS_1-003_lib/ATP-VSW-DOCK_HTVS_1-003_lib.mae
ATP-HTVS-0715C99C3A28,HTVS,-4.31020815903779,运行/运行/ATP-VSW/ATP-VSW-DOCK_HTVS_1-003_lib/ATP-VSW-DOCK_HTVS_1-003_lib.mae
ATP-HTVS-0715C99C3A28,HTVS,-2.25965026950558,运行/运行/ATP-VSW/ATP-VSW-DOCK_HTVS_1-003_lib/ATP-VSW-DOCK_HTVS_1-003_lib.mae
ATP-HTVS-0743B9964B99,HTVS,-4.32395435766192,运行/运行/ATP-VSW/ATP-VSW-DOCK_HTVS_1-001_lib/ATP-VSW-DOCK_HTVS_1-001_lib
ATP-HTVS-0743B9964B99,HTVS,-2.56684606877109,运行/运行/ATP-VSW/ATP-VSW-DOCK_HTVS_1-001_lib/ATP-VSW-DOCK_HTVS_1-001_lib
ATP-HTVS-07D9286D8737,HTVS,-4.23957689882345,运行/运行/ATP-VSW/ATP-VSW-DOCK_HTVS_1-002_lib.maegz
ATP-HTVS-07D9286D8737,HTVS,-3.74611963021975,运行/运行/ATP-VSW/ATP-VSW-DOCK_HTVS_1-002_lib.maegz
ATP-HTVS-07D9286D8737,HTVS,-3.62417298686507,运行/运行/ATP-VSW/ATP-VSW-DOCK_HTVS_1-002_lib.maegz
ATP-HTVS-07D9286D8737,HTVS,-2.07124293575545,运行/运行/ATP-VSW/ATP-VSW-DOCK_HTVS_1-002_lib.maegz
ATP-HTVS-07D9286D8737,HTVS,-1.91692012285911,运行/运行/ATP-VSW/ATP-VSW-DOCK_HTVS_1-002_lib.maegz
ATP-HTVS-07D9286D8737,HTVS,-1.89443191577343,运行/运行/ATP-VSW/ATP-VSW-DOCK_HTVS_1-002_lib.maegz
ATP-HTVS-07F3737128F1,HTVS,-2.91614400004075,运行/运行/ATP-VSW/ATP-VSW-DOCK_HTVS_1-001_lib/ATP-VSW-DOCK_HTVS_1-001_lib
ATP-HTVS-08126335CB19,HTVS,-2.40929881919301,运行/运行/ATP-VSW/ATP-VSW-DOCK_HTVS_1-001_lib/ATP-VSW-DOCK_HTVS_1-001_lib
ATP-HTVS-081D95190B15,HTVS,-6.07449494060147,运行/运行/ATP-VSW/ATP-VSW-DOCK_HTVS_1-002_lib.maegz
ATP-HTVS-081D95190B15,HTVS,-5.71382373818647,运行/运行/ATP-VSW/ATP-VSW-DOCK_HTVS_1-002_lib.maegz
ATP-HTVS-081D95190B15,HTVS,-3.07472994765743,运行/运行/ATP-VSW/ATP-VSW-DOCK_HTVS_1-002_lib.maegz
ATP-HTVS-08266C4344A3,HTVS,-5.33799910271163,运行/运行/ATP-VSW/ATP-VSW-DOCK_HTVS_1-003_lib/ATP-VSW-DOCK_HTVS_1-003_lib.mae
ATP-HTVS-08266C4344A3,HTVS,-3.08908161904315,运行/运行/ATP-VSW/ATP-VSW-DOCK_HTVS_1-003_lib/ATP-VSW-DOCK_HTVS_1-003_lib.mae
ATP-HTVS-0852D38F8C28,HTVS,-1.52630325310868,运行/运行/ATP-VSW/ATP-VSW-DOCK_HTVS_1-003_lib/ATP-VSW-DOCK_HTVS_1-003_lib.mae
ATP-HTVS-0852D38F8C28,HTVS,0.351368709615173,运行/运行/ATP-VSW/ATP-VSW-DOCK_HTVS_1-003_lib/ATP-VSW-DOCK_HTVS_1-003_lib.mae
ATP-HTVS-08590B5C6743,HTVS,-4.88985591725625,运行/运行/ATP-VSW/ATP-VSW-DOCK_HTVS_1-001_lib/ATP-VSW-DOCK_HTVS_1-001_lib
ATP-HTVS-08590B5C6743,HTVS,-2.92970481319089,运行/运行/ATP-VSW/ATP-VSW-DOCK_HTVS_1-001_lib/ATP-VSW-DOCK_HTVS_1-001_lib
ATP-HTVS-086F5E4227DC,HTVS,-4.91629733977056,运行/运行/ATP-VSW/ATP-VSW-DOCK_HTVS_1-002_lib.maegz
ATP-HTVS-086F5E4227DC,HTVS,-2.34362232590977,运行/运行/ATP-VSW/ATP-VSW-DOCK_HTVS_1-002_lib.maegz
ATP-HTVS-08A6E1F87809,HTVS,-4.18003369774354,运行/运行/ATP-VSW/ATP-VSW-DOCK_HTVS_1-002_lib.maegz
ATP-HTVS-08A6E1F87809,HTVS,-2.21946587552376,运行/运行/ATP-VSW/ATP-VSW-DOCK_HTVS_1-002_lib.maegz
ATP-HTVS-08A6E1F87809,HTVS,-1.65675415020806,运行/运行/ATP-VSW/ATP-VSW-DOCK_HTVS_1-002_lib.maegz
ATP-HTVS-093491EAEBEC,HTVS,-3.78030398240935,运行/运行/ATP-VSW/ATP-VSW-DOCK_HTVS_1-002_lib.maegz
ATP-HTVS-093491EAEBEC,HTVS,-2.43251952643014,运行/运行/ATP-VSW/ATP-VSW-DOCK_HTVS_1-002_lib.maegz
ATP-HTVS-093491EAEBEC,HTVS,-2.12437596835423,运行/运行/ATP-VSW/ATP-VSW-DOCK_HTVS_1-002_lib.maegz
ATP-HTVS-09A5DA8CBD66,HTVS,-4.32064354787896,运行/运行/ATP-VSW/ATP-VSW-DOCK_HTVS_1-002_lib.maegz
ATP-HTVS-09A5DA8CBD66,HTVS,-1.98219097922701,运行/运行/ATP-VSW/ATP-VSW-DOCK_HTVS_1-002_lib.maegz
ATP-HTVS-09A833AE3D1D,HTVS,-3.68111560471429,运行/运行/ATP-VSW/ATP-VSW-DOCK_HTVS_1-003_lib/ATP-VSW-DOCK_HTVS_1-003_lib.mae
ATP-HTVS-09A833AE3D1D,HTVS,-2.0153850174694,运行/运行/ATP-VSW/ATP-VSW-DOCK_HTVS_1-003_lib/ATP-VSW-DOCK_HTVS_1-003_lib.mae
ATP-HTVS-09F9B4EC4E97,HTVS,-4.0071540234108,运行/运行/ATP-VSW/ATP-VSW-DOCK_HTVS_1-002_lib.maegz
ATP-HTVS-09F9B4EC4E97,HTVS,-3.02909682695394,运行/运行/ATP-VSW/ATP-VSW-DOCK_HTVS_1-002_lib.maegz
ATP-HTVS-0A1AFDA96BE3,HTVS,-4.20118108704855,运行/运行/ATP-VSW/ATP-VSW-DOCK_HTVS_1-002_lib.maegz
ATP-HTVS-0A1AFDA96BE3,HTVS,-3.45788986484103,运行/运行/ATP-VSW/ATP-VSW-DOCK_HTVS_1-002_lib.maegz
ATP-HTVS-0A1AFDA96BE3,HTVS,-3.28408252653777,运行/运行/ATP-VSW/ATP-VSW-DOCK_HTVS_1-002_lib.maegz
ATP-HTVS-0A1AFDA96BE3,HTVS,-3.15846086473572,运行/运行/ATP-VSW/ATP-VSW-DOCK_HTVS_1-002_lib.maegz
ATP-HTVS-0A1AFDA96BE3,HTVS,-2.90087912072413,运行/运行/ATP-VSW/ATP-VSW-DOCK_HTVS_1-002_lib.maegz
ATP-HTVS-0A1AFDA96BE3,HTVS,-2.63611380158136,运行/运行/ATP-VSW/ATP-VSW-DOCK_HTVS_1-002_lib.maegz
ATP-HTVS-0A1D74055304,HTVS,-5.16115024103222,运行/运行/ATP-VSW/ATP-VSW-DOCK_HTVS_1-001_lib/ATP-VSW-DOCK_HTVS_1-001_lib
ATP-HTVS-0A30D9D79A37,HTVS,-1.8144976552467,运行/运行/ATP-VSW/ATP-VSW-DOCK_HTVS_1-003_lib/ATP-VSW-DOCK_HTVS_1-003_lib.mae
ATP-HTVS-0A53D5277C22,HTVS,-2.02757734796739,运行/运行/ATP-VSW/ATP-VSW-DOCK_HTVS_1-002_lib.maegz
ATP-HTVS-0A81E0DFACE9,HTVS,-4.7467795765273,运行/运行/ATP-VSW/ATP-VSW-DOCK_HTVS_1-002_lib.maegz
ATP-HTVS-0A81E0DFACE9,HTVS,-2.94930160619102,运行/运行/ATP-VSW/ATP-VSW-DOCK_HTVS_1-002_lib.maegz
ATP-HTVS-0A81E0DFACE9,HTVS,-2.81671941989355,运行/运行/ATP-VSW/ATP-VSW-DOCK_HTVS_1-002_lib.maegz
ATP-HTVS-0A81E0DFACE9,HTVS,-1.38898249078532,运行/运行/ATP-VSW/ATP-VSW-DOCK_HTVS_1-002_lib.maegz
ATP-HTVS-0A8B3D0EFFB7,HTVS,-5.05094522348199,运行/运行/ATP-VSW/ATP-VSW-DOCK_HTVS_1-002_lib.maegz
ATP-HTVS-0A8B3D0EFFB7,HTVS,-4.3977024070255,运行/运行/ATP-VSW/ATP-VSW-DOCK_HTVS_1-002_lib.maegz
ATP-HTVS-0A8B3D0EFFB7,HTVS,-4.26731576726206,运行/运行/ATP-VSW/ATP-VSW-DOCK_HTVS_1-002_lib.maegz
ATP-HTVS-0A8B3D0EFFB7,HTVS,-3.92200025538874,运行/运行/ATP-VSW/ATP-VSW-DOCK_HTVS_1-002_lib.maegz
ATP-HTVS-0A8D2667A5C6,HTVS,-3.43908277029645,运行/运行/ATP-VSW/ATP-VSW-DOCK_HTVS_1-002_lib.maegz
ATP-HTVS-0A8D2667A5C6,HTVS,-3.23460833457427,运行/运行/ATP-VSW/ATP-VSW-DOCK_HTVS_1-002_lib.maegz
ATP-HTVS-0A8D2667A5C6,HTVS,-2.37437126066662,运行/运行/ATP-VSW/ATP-VSW-DOCK_HTVS_1-002_lib.maegz
ATP-HTVS-0AAFA8CB92ED,HTVS,-4.84593814132737,运行/运行/ATP-VSW/ATP-VSW-DOCK_HTVS_1-001_lib/ATP-VSW-DOCK_HTVS_1-001_lib
ATP-HTVS-0AAFA8CB92ED,HTVS,-3.08920563042881,运行/运行/ATP-VSW/ATP-VSW-DOCK_HTVS_1-001_lib/ATP-VSW-DOCK_HTVS_1-001_lib
ATP-HTVS-0AAFA8CB92ED,HTVS,-3.05702506400277,运行/运行/ATP-VSW/ATP-VSW-DOCK_HTVS_1-001_lib/ATP-VSW-DOCK_HTVS_1-001_lib
ATP-HTVS-0AAFA8CB92ED,HTVS,-1.7543783066729,运行/运行/ATP-VSW/ATP-VSW-DOCK_HTVS_1-001_lib/ATP-VSW-DOCK_HTVS_1-001_lib
ATP-HTVS-0AE85D2EF5B8,HTVS,-5.19876401981564,运行/运行/ATP-VSW/ATP-VSW-DOCK_HTVS_1-003_lib/ATP-VSW-DOCK_HTVS_1-003_lib.mae
ATP-HTVS-0AE85D2EF5B8,HTVS,-2.89347294971622,运行/运行/ATP-VSW/ATP-VSW-DOCK_HTVS_1-003_lib/ATP-VSW-DOCK_HTVS_1-003_lib.mae
ATP-HTVS-0AE85D2EF5B8,HTVS,-1.03839538688646,运行/运行/ATP-VSW/ATP-VSW-DOCK_HTVS_1-003_lib/ATP-VSW-DOCK_HTVS_1-003_lib.mae
ATP-HTVS-0B0619B736F3,HTVS,-3.55560968432524,运行/运行/ATP-VSW/ATP-VSW-DOCK_HTVS_1-001_lib/ATP-VSW-DOCK_HTVS_1-001_lib
ATP-HTVS-0B15CB8240E3,HTVS,-3.92893107291661,运行/运行/ATP-VSW/ATP-VSW-DOCK_HTVS_1-002_lib.maegz
ATP-HTVS-0B15CB8240E3,HTVS,-3.57770713693649,运行/运行/ATP-VSW/ATP-VSW-DOCK_HTVS_1-002_lib.maegz
ATP-HTVS-0B527D484045,HTVS,-4.70705017394486,运行/运行/ATP-VSW/ATP-VSW-DOCK_HTVS_1-001_lib/ATP-VSW-DOCK_HTVS_1-001_lib
ATP-HTVS-0B527D484045,HTVS,-3.03023537589827,运行/运行/ATP-VSW/ATP-VSW-DOCK_HTVS_1-001_lib/ATP-VSW-DOCK_HTVS_1-001_lib
ATP-HTVS-0B527D484045,HTVS,-2.53661074394067,运行/运行/ATP-VSW/ATP-VSW-DOCK_HTVS_1-001_lib/ATP-VSW-DOCK_HTVS_1-001_lib
ATP-HTVS-0B527D484045,HTVS,-2.19440514207563,运行/运行/ATP-VSW/ATP-VSW-DOCK_HTVS_1-001_lib/ATP-VSW-DOCK_HTVS_1-001_lib
ATP-HTVS-0B527D484045,HTVS,-2.16332986500707,运行/运行/ATP-VSW/ATP-VSW-DOCK_HTVS_1-001_lib/ATP-VSW-DOCK_HTVS_1-001_lib
ATP-HTVS-0B527D484045,HTVS,-1.82393379215086,运行/运行/ATP-VSW/ATP-VSW-DOCK_HTVS_1-001_lib/ATP-VSW-DOCK_HTVS_1-001_lib
ATP-HTVS-0B527D484045,HTVS,-1.533046952126,运行/运行/ATP-VSW/ATP-VSW-DOCK_HTVS_1-001_lib/ATP-VSW-DOCK_HTVS_1-001_lib
ATP-HTVS-0B76E6A2B6F2,HTVS,-3.61221120442026,运行/运行/ATP-VSW/ATP-VSW-DOCK_HTVS_1-002_lib.maegz
ATP-HTVS-0B76E6A2B6F2,HTVS,-3.35076883880094,运行/运行/ATP-VSW/ATP-VSW-DOCK_HTVS_1-002_lib.maegz
ATP-HTVS-0B76E6A2B6F2,HTVS,-2.32598906106983,运行/运行/ATP-VSW/ATP-VSW-DOCK_HTVS_1-002_lib.maegz
ATP-HTVS-0B76E6A2B6F2,HTVS,-1.57054844408638,运行/运行/ATP-VSW/ATP-VSW-DOCK_HTVS_1-002_lib.maegz
ATP-HTVS-0BEF59EEEAC9,HTVS,-4.29629478093592,运行/运行/ATP-VSW/ATP-VSW-DOCK_HTVS_1-002_lib.maegz
ATP-HTVS-0BEF59EEEAC9,HTVS,-4.17385873588529,运行/运行/ATP-VSW/ATP-VSW-DOCK_HTVS_1-002_lib.maegz
ATP-HTVS-0C1598B702AE,HTVS,-3.15858840715297,运行/运行/ATP-VSW/ATP-VSW-DOCK_HTVS_1-002_lib.maegz
ATP-HTVS-0C253F9D7643,HTVS,-3.61118922669315,运行/运行/ATP-VSW/ATP-VSW-DOCK_HTVS_1-003_lib/ATP-VSW-DOCK_HTVS_1-003_lib.mae
ATP-HTVS-0C253F9D7643,HTVS,-3.54566148769984,运行/运行/ATP-VSW/ATP-VSW-DOCK_HTVS_1-003_lib/ATP-VSW-DOCK_HTVS_1-003_lib.mae
ATP-HTVS-0C253F9D7643,HTVS,-1.33492475855839,运行/运行/ATP-VSW/ATP-VSW-DOCK_HTVS_1-003_lib/ATP-VSW-DOCK_HTVS_1-003_lib.mae
ATP-HTVS-0C40F7CB6A92,HTVS,-5.00496722494702,运行/运行/ATP-VSW/ATP-VSW-DOCK_HTVS_1-002_lib.maegz
ATP-HTVS-0C40F7CB6A92,HTVS,-4.60119971576837,运行/运行/ATP-VSW/ATP-VSW-DOCK_HTVS_1-002_lib.maegz
ATP-HTVS-0C765FB89CD3,HTVS,-4.11182705426906,运行/运行/ATP-VSW/ATP-VSW-DOCK_HTVS_1-001_lib/ATP-VSW-DOCK_HTVS_1-001_lib
ATP-HTVS-0C924C2A1F00,HTVS,-3.96699931810985,运行/运行/ATP-VSW/ATP-VSW-DOCK_HTVS_1-003_lib/ATP-VSW-DOCK_HTVS_1-003_lib.mae
ATP-HTVS-0C924C2A1F00,HTVS,-3.5025729592741,运行/运行/ATP-VSW/ATP-VSW-DOCK_HTVS_1-003_lib/ATP-VSW-DOCK_HTVS_1-003_lib.mae
ATP-HTVS-0C924C2A1F00,HTVS,-2.71356109063351,运行/运行/ATP-VSW/ATP-VSW-DOCK_HTVS_1-003_lib/ATP-VSW-DOCK_HTVS_1-003_lib.mae
ATP-HTVS-0CA591B42E29,HTVS,-5.49807264992147,运行/运行/ATP-VSW/ATP-VSW-DOCK_HTVS_1-002_lib.maegz
ATP-HTVS-0CA591B42E29,HTVS,-4.35469377629888,运行/运行/ATP-VSW/ATP-VSW-DOCK_HTVS_1-002_lib.maegz
ATP-HTVS-0CA591B42E29,HTVS,-3.66931869696968,运行/运行/ATP-VSW/ATP-VSW-DOCK_HTVS_1-002_lib.maegz
ATP-HTVS-0CA591B42E29,HTVS,-3.5360201560859,运行/运行/ATP-VSW/ATP-VSW-DOCK_HTVS_1-002_lib.maegz
ATP-HTVS-0CA591B42E29,HTVS,-2.29617455719545,运行/运行/ATP-VSW/ATP-VSW-DOCK_HTVS_1-002_lib.maegz
ATP-HTVS-0CA591B42E29,HTVS,-2.18655891173874,运行/运行/ATP-VSW/ATP-VSW-DOCK_HTVS_1-002_lib.maegz
ATP-HTVS-0CB0406266F3,HTVS,-3.43878014204707,运行/运行/ATP-VSW/ATP-VSW-DOCK_HTVS_1-003_lib/ATP-VSW-DOCK_HTVS_1-003_lib.mae
ATP-HTVS-0CB0406266F3,HTVS,-3.4229743836796,运行/运行/ATP-VSW/ATP-VSW-DOCK_HTVS_1-003_lib/ATP-VSW-DOCK_HTVS_1-003_lib.mae
ATP-HTVS-0CBFB91815ED,HTVS,-4.4755885529581,运行/运行/ATP-VSW/ATP-VSW-DOCK_HTVS_1-002_lib.maegz
ATP-HTVS-0CBFB91815ED,HTVS,-3.86451975534913,运行/运行/ATP-VSW/ATP-VSW-DOCK_HTVS_1-002_lib.maegz
ATP-HTVS-0CBFB91815ED,HTVS,-1.70886026704393,运行/运行/ATP-VSW/ATP-VSW-DOCK_HTVS_1-002_lib.maegz
ATP-HTVS-0CBFB91815ED,HTVS,-1.4124708066188,运行/运行/ATP-VSW/ATP-VSW-DOCK_HTVS_1-002_lib.maegz
ATP-HTVS-0CC0B448CED2,HTVS,-4.12199800493643,运行/运行/ATP-VSW/ATP-VSW-DOCK_HTVS_1-003_lib/ATP-VSW-DOCK_HTVS_1-003_lib.mae
ATP-HTVS-0CC0B448CED2,HTVS,-3.88850252378185,运行/运行/ATP-VSW/ATP-VSW-DOCK_HTVS_1-003_lib/ATP-VSW-DOCK_HTVS_1-003_lib.mae
ATP-HTVS-0CC0B448CED2,HTVS,-2.79746046386101,运行/运行/ATP-VSW/ATP-VSW-DOCK_HTVS_1-003_lib/ATP-VSW-DOCK_HTVS_1-003_lib.mae
ATP-HTVS-0CD00DCFE488,HTVS,-0.727471403035266,运行/运行/ATP-VSW/ATP-VSW-DOCK_HTVS_1-001_lib/ATP-VSW-DOCK_HTVS_1-001_lib
ATP-HTVS-0CE67B896AED,HTVS,-4.50629604942923,运行/运行/ATP-VSW/ATP-VSW-DOCK_HTVS_1-003_lib/ATP-VSW-DOCK_HTVS_1-003_lib.mae
ATP-HTVS-0D57BDDB1211,HTVS,-2.14571084498983,运行/运行/ATP-VSW/ATP-VSW-DOCK_HTVS_1-001_lib/ATP-VSW-DOCK_HTVS_1-001_lib
ATP-HTVS-0D83F5E9F976,HTVS,-3.48376880382318,运行/运行/ATP-VSW/ATP-VSW-DOCK_HTVS_1-001_lib/ATP-VSW-DOCK_HTVS_1-001_lib
ATP-HTVS-0D83F5E9F976,HTVS,-2.17365354175834,运行/运行/ATP-VSW/ATP-VSW-DOCK_HTVS_1-001_lib/ATP-VSW-DOCK_HTVS_1-001_lib
ATP-HTVS-0D83F5E9F976,HTVS,-1.92388568180508,运行/运行/ATP-VSW/ATP-VSW-DOCK_HTVS_1-001_lib/ATP-VSW-DOCK_HTVS_1-001_lib
ATP-HTVS-0D8C52C362EE,HTVS,-2.43691677875083,运行/运行/ATP-VSW/ATP-VSW-DOCK_HTVS_1-001_lib/ATP-VSW-DOCK_HTVS_1-001_lib
ATP-HTVS-0DE7571C9DAC,HTVS,-4.60852371036615,运行/运行/ATP-VSW/ATP-VSW-DOCK_HTVS_1-003_lib/ATP-VSW-DOCK_HTVS_1-003_lib.mae
ATP-HTVS-0DE7571C9DAC,HTVS,-2.85570020729883,运行/运行/ATP-VSW/ATP-VSW-DOCK_HTVS_1-003_lib/ATP-VSW-DOCK_HTVS_1-003_lib.mae
ATP-HTVS-0E6472D072C2,HTVS,-3.87174706925944,运行/运行/ATP-VSW/ATP-VSW-DOCK_HTVS_1-001_lib/ATP-VSW-DOCK_HTVS_1-001_lib
ATP-HTVS-0E6472D072C2,HTVS,-1.17421277769543,运行/运行/ATP-VSW/ATP-VSW-DOCK_HTVS_1-001_lib/ATP-VSW-DOCK_HTVS_1-001_lib
ATP-HTVS-0E76F39BB090,HTVS,-4.91384379869376,运行/运行/ATP-VSW/ATP-VSW-DOCK_HTVS_1-003_lib/ATP-VSW-DOCK_HTVS_1-003_lib.mae
ATP-HTVS-0E76F39BB090,HTVS,-2.03400314918159,运行/运行/ATP-VSW/ATP-VSW-DOCK_HTVS_1-003_lib/ATP-VSW-DOCK_HTVS_1-003_lib.mae
ATP-HTVS-0E779CFB9E8D,HTVS,-4.64095293720157,运行/运行/ATP-VSW/ATP-VSW-DOCK_HTVS_1-003_lib/ATP-VSW-DOCK_HTVS_1-003_lib.mae
ATP-HTVS-0E779CFB9E8D,HTVS,-4.20192697750293,运行/运行/ATP-VSW/ATP-VSW-DOCK_HTVS_1-003_lib/ATP-VSW-DOCK_HTVS_1-003_lib.mae
ATP-HTVS-0E779CFB9E8D,HTVS,-3.36419079690832,运行/运行/ATP-VSW/ATP-VSW-DOCK_HTVS_1-003_lib/ATP-VSW-DOCK_HTVS_1-003_lib.mae
ATP-HTVS-0E779CFB9E8D,HTVS,-3.2951290347995,运行/运行/ATP-VSW/ATP-VSW-DOCK_HTVS_1-003_lib/ATP-VSW-DOCK_HTVS_1-003_lib.mae
ATP-HTVS-0E779CFB9E8D,HTVS,-3.03835650500817,运行/运行/ATP-VSW/ATP-VSW-DOCK_HTVS_1-003_lib/ATP-VSW-DOCK_HTVS_1-003_lib.mae
ATP-HTVS-0E779CFB9E8D,HTVS,-2.6691972862009,运行/运行/ATP-VSW/ATP-VSW-DOCK_HTVS_1-003_lib/ATP-VSW-DOCK_HTVS_1-003_lib.mae
ATP-HTVS-0EB7A7111FDE,HTVS,-2.77832980422911,运行/运行/ATP-VSW/ATP-VSW-DOCK_HTVS_1-001_lib/ATP-VSW-DOCK_HTVS_1-001_lib
ATP-HTVS-0F3A12BD04AB,HTVS,-6.07159898960278,运行/运行/ATP-VSW/ATP-VSW-DOCK_HTVS_1-001_lib/ATP-VSW-DOCK_HTVS_1-001_lib
ATP-HTVS-0F3A12BD04AB,HTVS,-3.49779930838099,运行/运行/ATP-VSW/ATP-VSW-DOCK_HTVS_1-001_lib/ATP-VSW-DOCK_HTVS_1-001_lib
ATP-HTVS-0F3A12BD04AB,HTVS,-2.44353651042944,运行/运行/ATP-VSW/ATP-VSW-DOCK_HTVS_1-001_lib/ATP-VSW-DOCK_HTVS_1-001_lib
ATP-HTVS-0F469DA925F8,HTVS,-3.94088849150865,运行/运行/ATP-VSW/ATP-VSW-DOCK_HTVS_1-001_lib/ATP-VSW-DOCK_HTVS_1-001_lib
ATP-HTVS-0F469DA925F8,HTVS,-2.69708895733181,运行/运行/ATP-VSW/ATP-VSW-DOCK_HTVS_1-001_lib/ATP-VSW-DOCK_HTVS_1-001_lib
ATP-HTVS-0F469DA925F8,HTVS,-1.66097316181057,运行/运行/ATP-VSW/ATP-VSW-DOCK_HTVS_1-001_lib/ATP-VSW-DOCK_HTVS_1-001_lib
ATP-HTVS-0F46F3379ABF,HTVS,-3.90607429563462,运行/运行/ATP-VSW/ATP-VSW-DOCK_HTVS_1-003_lib/ATP-VSW-DOCK_HTVS_1-003_lib.mae
ATP-HTVS-0F46F3379ABF,HTVS,-2.52232217597568,运行/运行/ATP-VSW/ATP-VSW-DOCK_HTVS_1-003_lib/ATP-VSW-DOCK_HTVS_1-003_lib.mae
ATP-HTVS-0F4AF3905209,HTVS,-3.52113327150541,运行/运行/ATP-VSW/ATP-VSW-DOCK_HTVS_1-002_lib.maegz
ATP-HTVS-0F4AF3905209,HTVS,-1.49132433895057,运行/运行/ATP-VSW/ATP-VSW-DOCK_HTVS_1-002_lib.maegz
ATP-HTVS-0F6915EAEEA3,HTVS,-5.92798196044923,运行/运行/ATP-VSW/ATP-VSW-DOCK_HTVS_1-003_lib/ATP-VSW-DOCK_HTVS_1-003_lib.mae
ATP-HTVS-0F6915EAEEA3,HTVS,-5.61921058692253,运行/运行/ATP-VSW/ATP-VSW-DOCK_HTVS_1-003_lib/ATP-VSW-DOCK_HTVS_1-003_lib.mae
ATP-HTVS-0F6915EAEEA3,HTVS,-3.93526959205378,运行/运行/ATP-VSW/ATP-VSW-DOCK_HTVS_1-003_lib/ATP-VSW-DOCK_HTVS_1-003_lib.mae
ATP-HTVS-0F6915EAEEA3,HTVS,-3.14095600017525,运行/运行/ATP-VSW/ATP-VSW-DOCK_HTVS_1-003_lib/ATP-VSW-DOCK_HTVS_1-003_lib.mae
ATP-HTVS-0F6915EAEEA3,HTVS,-2.90848355453065,运行/运行/ATP-VSW/ATP-VSW-DOCK_HTVS_1-003_lib/ATP-VSW-DOCK_HTVS_1-003_lib.mae
ATP-HTVS-0F6915EAEEA3,HTVS,-2.50906188682435,运行/运行/ATP-VSW/ATP-VSW-DOCK_HTVS_1-003_lib/ATP-VSW-DOCK_HTVS_1-003_lib.mae
ATP-HTVS-0F6915EAEEA3,HTVS,-2.16737499312884,运行/运行/ATP-VSW/ATP-VSW-DOCK_HTVS_1-003_lib/ATP-VSW-DOCK_HTVS_1-003_lib.mae
ATP-HTVS-0F6915EAEEA3,HTVS,-2.04878949103574,运行/运行/ATP-VSW/ATP-VSW-DOCK_HTVS_1-003_lib/ATP-VSW-DOCK_HTVS_1-003_lib.mae
ATP-HTVS-0F755B78CCFB,HTVS,-4.35514726578573,运行/运行/ATP-VSW/ATP-VSW-DOCK_HTVS_1-003_lib/ATP-VSW-DOCK_HTVS_1-003_lib.mae
ATP-HTVS-0F755B78CCFB,HTVS,-2.90691148812357,运行/运行/ATP-VSW/ATP-VSW-DOCK_HTVS_1-003_lib/ATP-VSW-DOCK_HTVS_1-003_lib.mae
ATP-HTVS-0F755B78CCFB,HTVS,-2.38571223083476,运行/运行/ATP-VSW/ATP-VSW-DOCK_HTVS_1-003_lib/ATP-VSW-DOCK_HTVS_1-003_lib.mae
ATP-HTVS-0F900EB338B9,HTVS,-5.14238362081274,运行/运行/ATP-VSW/ATP-VSW-DOCK_HTVS_1-002_lib.maegz
ATP-HTVS-0F900EB338B9,HTVS,-3.88498320172389,运行/运行/ATP-VSW/ATP-VSW-DOCK_HTVS_1-002_lib.maegz
ATP-HTVS-0F900EB338B9,HTVS,-3.27892748524236,运行/运行/ATP-VSW/ATP-VSW-DOCK_HTVS_1-002_lib.maegz
ATP-HTVS-0FD0361A2408,HTVS,-4.34741831969368,运行/运行/ATP-VSW/ATP-VSW-DOCK_HTVS_1-002_lib.maegz
ATP-HTVS-0FD0361A2408,HTVS,-2.04538855452035,运行/运行/ATP-VSW/ATP-VSW-DOCK_HTVS_1-002_lib.maegz
ATP-HTVS-0FDC7A3FF1CA,HTVS,-5.88013714765497,运行/运行/ATP-VSW/ATP-VSW-DOCK_HTVS_1-003_lib/ATP-VSW-DOCK_HTVS_1-003_lib.mae
ATP-HTVS-0FDC7A3FF1CA,HTVS,-3.6717575697529,运行/运行/ATP-VSW/ATP-VSW-DOCK_HTVS_1-003_lib/ATP-VSW-DOCK_HTVS_1-003_lib.mae
ATP-HTVS-0FDC7A3FF1CA,HTVS,-1.86463845476919,运行/运行/ATP-VSW/ATP-VSW-DOCK_HTVS_1-003_lib/ATP-VSW-DOCK_HTVS_1-003_lib.mae
ATP-HTVS-103E90EA5971,HTVS,-4.4936951823295,运行/运行/ATP-VSW/ATP-VSW-DOCK_HTVS_1-001_lib/ATP-VSW-DOCK_HTVS_1-001_lib
ATP-HTVS-103E90EA5971,HTVS,-3.2438028751637,运行/运行/ATP-VSW/ATP-VSW-DOCK_HTVS_1-001_lib/ATP-VSW-DOCK_HTVS_1-001_lib
ATP-HTVS-106685DD3ACA,HTVS,-4.01924083094669,运行/运行/ATP-VSW/ATP-VSW-DOCK_HTVS_1-002_lib.maegz
ATP-HTVS-106685DD3ACA,HTVS,-3.50172529263742,运行/运行/ATP-VSW/ATP-VSW-DOCK_HTVS_1-002_lib.maegz
ATP-HTVS-10900B51E20F,HTVS,-4.99358231560657,运行/运行/ATP-VSW/ATP-VSW-DOCK_HTVS_1-001_lib/ATP-VSW-DOCK_HTVS_1-001_lib
ATP-HTVS-10900B51E20F,HTVS,-3.46471976244002,运行/运行/ATP-VSW/ATP-VSW-DOCK_HTVS_1-001_lib/ATP-VSW-DOCK_HTVS_1-001_lib
ATP-HTVS-10900B51E20F,HTVS,-2.35252104009026,运行/运行/ATP-VSW/ATP-VSW-DOCK_HTVS_1-001_lib/ATP-VSW-DOCK_HTVS_1-001_lib
ATP-HTVS-109B405B023F,HTVS,-1.38503096339242,运行/运行/ATP-VSW/ATP-VSW-DOCK_HTVS_1-003_lib/ATP-VSW-DOCK_HTVS_1-003_lib.mae
ATP-HTVS-10A4E2B2EADA,HTVS,-4.57477617344155,运行/运行/ATP-VSW/ATP-VSW-DOCK_HTVS_1-001_lib/ATP-VSW-DOCK_HTVS_1-001_lib
ATP-HTVS-10A4E2B2EADA,HTVS,-4.28088898762834,运行/运行/ATP-VSW/ATP-VSW-DOCK_HTVS_1-001_lib/ATP-VSW-DOCK_HTVS_1-001_lib
ATP-HTVS-10A4E2B2EADA,HTVS,-3.30025753055792,运行/运行/ATP-VSW/ATP-VSW-DOCK_HTVS_1-001_lib/ATP-VSW-DOCK_HTVS_1-001_lib
ATP-HTVS-10A4E2B2EADA,HTVS,-1.81370403391164,运行/运行/ATP-VSW/ATP-VSW-DOCK_HTVS_1-001_lib/ATP-VSW-DOCK_HTVS_1-001_lib
ATP-HTVS-11489B74AE1C,HTVS,-5.03834344879853,运行/运行/ATP-VSW/ATP-VSW-DOCK_HTVS_1-003_lib/ATP-VSW-DOCK_HTVS_1-003_lib.mae
ATP-HTVS-11489B74AE1C,HTVS,-4.98329217847963,运行/运行/ATP-VSW/ATP-VSW-DOCK_HTVS_1-003_lib/ATP-VSW-DOCK_HTVS_1-003_lib.mae
ATP-HTVS-11489B74AE1C,HTVS,-3.26210689837671,运行/运行/ATP-VSW/ATP-VSW-DOCK_HTVS_1-003_lib/ATP-VSW-DOCK_HTVS_1-003_lib.mae
ATP-HTVS-11489B74AE1C,HTVS,-2.6673962933407,运行/运行/ATP-VSW/ATP-VSW-DOCK_HTVS_1-003_lib/ATP-VSW-DOCK_HTVS_1-003_lib.mae
ATP-HTVS-11489B74AE1C,HTVS,-2.04837973319523,运行/运行/ATP-VSW/ATP-VSW-DOCK_HTVS_1-003_lib/ATP-VSW-DOCK_HTVS_1-003_lib.mae
ATP-HTVS-11489B74AE1C,HTVS,-1.7626477955208,运行/运行/ATP-VSW/ATP-VSW-DOCK_HTVS_1-003_lib/ATP-VSW-DOCK_HTVS_1-003_lib.mae
ATP-HTVS-115B93EFBC96,HTVS,-3.64122190653447,运行/运行/ATP-VSW/ATP-VSW-DOCK_HTVS_1-002_lib.maegz
ATP-HTVS-115B93EFBC96,HTVS,-3.41384135361157,运行/运行/ATP-VSW/ATP-VSW-DOCK_HTVS_1-002_lib.maegz
ATP-HTVS-11C14F34C5FE,HTVS,-4.15555608176031,运行/运行/ATP-VSW/ATP-VSW-DOCK_HTVS_1-001_lib/ATP-VSW-DOCK_HTVS_1-001_lib
ATP-HTVS-11C14F34C5FE,HTVS,-3.34484242509087,运行/运行/ATP-VSW/ATP-VSW-DOCK_HTVS_1-001_lib/ATP-VSW-DOCK_HTVS_1-001_lib
ATP-HTVS-11CEFB3A39DF,HTVS,-5.0306086001535,运行/运行/ATP-VSW/ATP-VSW-DOCK_HTVS_1-003_lib/ATP-VSW-DOCK_HTVS_1-003_lib.mae
ATP-HTVS-11CEFB3A39DF,HTVS,-3.83676043612024,运行/运行/ATP-VSW/ATP-VSW-DOCK_HTVS_1-003_lib/ATP-VSW-DOCK_HTVS_1-003_lib.mae
ATP-HTVS-11E35EA06531,HTVS,-4.23623957512344,运行/运行/ATP-VSW/ATP-VSW-DOCK_HTVS_1-001_lib/ATP-VSW-DOCK_HTVS_1-001_lib
ATP-HTVS-11E35EA06531,HTVS,-2.30987212583743,运行/运行/ATP-VSW/ATP-VSW-DOCK_HTVS_1-001_lib/ATP-VSW-DOCK_HTVS_1-001_lib
ATP-HTVS-11E35EA06531,HTVS,-2.07949496268804,运行/运行/ATP-VSW/ATP-VSW-DOCK_HTVS_1-001_lib/ATP-VSW-DOCK_HTVS_1-001_lib
ATP-HTVS-125A7E13CFB1,HTVS,-3.1340226312072,运行/运行/ATP-VSW/ATP-VSW-DOCK_HTVS_1-001_lib/ATP-VSW-DOCK_HTVS_1-001_lib
ATP-HTVS-125A7E13CFB1,HTVS,-3.08446268032769,运行/运行/ATP-VSW/ATP-VSW-DOCK_HTVS_1-001_lib/ATP-VSW-DOCK_HTVS_1-001_lib
ATP-HTVS-125A7E13CFB1,HTVS,-3.04178889654374,运行/运行/ATP-VSW/ATP-VSW-DOCK_HTVS_1-001_lib/ATP-VSW-DOCK_HTVS_1-001_lib
ATP-HTVS-125A7E13CFB1,HTVS,-2.5813824274187,运行/运行/ATP-VSW/ATP-VSW-DOCK_HTVS_1-001_lib/ATP-VSW-DOCK_HTVS_1-001_lib
ATP-HTVS-125A7E13CFB1,HTVS,-2.56932141864693,运行/运行/ATP-VSW/ATP-VSW-DOCK_HTVS_1-001_lib/ATP-VSW-DOCK_HTVS_1-001_lib
ATP-HTVS-125A7E13CFB1,HTVS,-2.48080410348062,运行/运行/ATP-VSW/ATP-VSW-DOCK_HTVS_1-001_lib/ATP-VSW-DOCK_HTVS_1-001_lib
ATP-HTVS-125A7E13CFB1,HTVS,-2.30994014445817,运行/运行/ATP-VSW/ATP-VSW-DOCK_HTVS_1-001_lib/ATP-VSW-DOCK_HTVS_1-001_lib
ATP-HTVS-125A7E13CFB1,HTVS,-2.01156647513459,运行/运行/ATP-VSW/ATP-VSW-DOCK_HTVS_1-001_lib/ATP-VSW-DOCK_HTVS_1-001_lib
ATP-HTVS-125A7E13CFB1,HTVS,-1.99848448566288,运行/运行/ATP-VSW/ATP-VSW-DOCK_HTVS_1-001_lib/ATP-VSW-DOCK_HTVS_1-001_lib
ATP-HTVS-125A7E13CFB1,HTVS,-1.93373404255042,运行/运行/ATP-VSW/ATP-VSW-DOCK_HTVS_1-001_lib/ATP-VSW-DOCK_HTVS_1-001_lib
ATP-HTVS-125A7E13CFB1,HTVS,-1.82896513995801,运行/运行/ATP-VSW/ATP-VSW-DOCK_HTVS_1-001_lib/ATP-VSW-DOCK_HTVS_1-001_lib
ATP-HTVS-12CEF0BA8B10,HTVS,-4.16872499718825,运行/运行/ATP-VSW/ATP-VSW-DOCK_HTVS_1-002_lib.maegz
ATP-HTVS-12CEF0BA8B10,HTVS,-2.56600576120236,运行/运行/ATP-VSW/ATP-VSW-DOCK_HTVS_1-002_lib.maegz
ATP-HTVS-132672672DF9,HTVS,-4.42873461631719,运行/运行/ATP-VSW/ATP-VSW-DOCK_HTVS_1-003_lib/ATP-VSW-DOCK_HTVS_1-003_lib.mae
ATP-HTVS-132672672DF9,HTVS,-2.33626548157136,运行/运行/ATP-VSW/ATP-VSW-DOCK_HTVS_1-003_lib/ATP-VSW-DOCK_HTVS_1-003_lib.mae
ATP-HTVS-132672672DF9,HTVS,-1.76914175387303,运行/运行/ATP-VSW/ATP-VSW-DOCK_HTVS_1-003_lib/ATP-VSW-DOCK_HTVS_1-003_lib.mae
ATP-HTVS-132BACAA4698,HTVS,-4.75722904561426,运行/运行/ATP-VSW/ATP-VSW-DOCK_HTVS_1-001_lib/ATP-VSW-DOCK_HTVS_1-001_lib
ATP-HTVS-132BACAA4698,HTVS,-3.46941580661232,运行/运行/ATP-VSW/ATP-VSW-DOCK_HTVS_1-001_lib/ATP-VSW-DOCK_HTVS_1-001_lib
ATP-HTVS-132BACAA4698,HTVS,-2.5262168783534,运行/运行/ATP-VSW/ATP-VSW-DOCK_HTVS_1-001_lib/ATP-VSW-DOCK_HTVS_1-001_lib
ATP-HTVS-134FC0CB3694,HTVS,-4.5836821116938,运行/运行/ATP-VSW/ATP-VSW-DOCK_HTVS_1-001_lib/ATP-VSW-DOCK_HTVS_1-001_lib
ATP-HTVS-134FC0CB3694,HTVS,-1.93106473754527,运行/运行/ATP-VSW/ATP-VSW-DOCK_HTVS_1-001_lib/ATP-VSW-DOCK_HTVS_1-001_lib
ATP-HTVS-1356F7D69808,HTVS,-4.76216215558839,运行/运行/ATP-VSW/ATP-VSW-DOCK_HTVS_1-003_lib/ATP-VSW-DOCK_HTVS_1-003_lib.mae
ATP-HTVS-1356F7D69808,HTVS,-4.2773493920778,运行/运行/ATP-VSW/ATP-VSW-DOCK_HTVS_1-003_lib/ATP-VSW-DOCK_HTVS_1-003_lib.mae
ATP-HTVS-1356F7D69808,HTVS,-2.494955933943,运行/运行/ATP-VSW/ATP-VSW-DOCK_HTVS_1-003_lib/ATP-VSW-DOCK_HTVS_1-003_lib.mae
ATP-HTVS-1356F7D69808,HTVS,-1.6013804489559,运行/运行/ATP-VSW/ATP-VSW-DOCK_HTVS_1-003_lib/ATP-VSW-DOCK_HTVS_1-003_lib.mae
ATP-HTVS-1373BD200FA0,HTVS,-4.37759148920313,运行/运行/ATP-VSW/ATP-VSW-DOCK_HTVS_1-001_lib/ATP-VSW-DOCK_HTVS_1-001_lib
ATP-HTVS-1373BD200FA0,HTVS,-3.88179698001931,运行/运行/ATP-VSW/ATP-VSW-DOCK_HTVS_1-001_lib/ATP-VSW-DOCK_HTVS_1-001_lib
ATP-HTVS-1373BD200FA0,HTVS,-1.92051095363119,运行/运行/ATP-VSW/ATP-VSW-DOCK_HTVS_1-001_lib/ATP-VSW-DOCK_HTVS_1-001_lib
ATP-HTVS-1377A1139B97,HTVS,-4.68563003207059,运行/运行/ATP-VSW/ATP-VSW-DOCK_HTVS_1-003_lib/ATP-VSW-DOCK_HTVS_1-003_lib.mae
ATP-HTVS-1377A1139B97,HTVS,-3.13765542968573,运行/运行/ATP-VSW/ATP-VSW-DOCK_HTVS_1-003_lib/ATP-VSW-DOCK_HTVS_1-003_lib.mae
ATP-HTVS-138C9DBD3419,HTVS,-4.92660496634571,运行/运行/ATP-VSW/ATP-VSW-DOCK_HTVS_1-001_lib/ATP-VSW-DOCK_HTVS_1-001_lib
ATP-HTVS-138C9DBD3419,HTVS,-2.67849464049393,运行/运行/ATP-VSW/ATP-VSW-DOCK_HTVS_1-001_lib/ATP-VSW-DOCK_HTVS_1-001_lib
ATP-HTVS-138C9DBD3419,HTVS,-2.66335888118192,运行/运行/ATP-VSW/ATP-VSW-DOCK_HTVS_1-001_lib/ATP-VSW-DOCK_HTVS_1-001_lib
ATP-HTVS-138C9DBD3419,HTVS,-2.10345927965501,运行/运行/ATP-VSW/ATP-VSW-DOCK_HTVS_1-001_lib/ATP-VSW-DOCK_HTVS_1-001_lib
ATP-HTVS-13A5AE9C2B6A,HTVS,-3.76780447123084,运行/运行/ATP-VSW/ATP-VSW-DOCK_HTVS_1-002_lib.maegz
ATP-HTVS-1402A7ED8177,HTVS,-5.06327281392812,运行/运行/ATP-VSW/ATP-VSW-DOCK_HTVS_1-002_lib.maegz
ATP-HTVS-1402A7ED8177,HTVS,-4.02009962549317,运行/运行/ATP-VSW/ATP-VSW-DOCK_HTVS_1-002_lib.maegz
ATP-HTVS-1402A7ED8177,HTVS,-3.02885679434821,运行/运行/ATP-VSW/ATP-VSW-DOCK_HTVS_1-002_lib.maegz
ATP-HTVS-143D46541936,HTVS,-3.86812266389345,运行/运行/ATP-VSW/ATP-VSW-DOCK_HTVS_1-002_lib.maegz
ATP-HTVS-143D46541936,HTVS,-2.4936880862258,运行/运行/ATP-VSW/ATP-VSW-DOCK_HTVS_1-002_lib.maegz
ATP-HTVS-1449F4F4BA71,HTVS,-6.21958526920677,运行/运行/ATP-VSW/ATP-VSW-DOCK_HTVS_1-002_lib.maegz
ATP-HTVS-14724C615932,HTVS,-3.29507612750316,运行/运行/ATP-VSW/ATP-VSW-DOCK_HTVS_1-001_lib/ATP-VSW-DOCK_HTVS_1-001_lib
ATP-HTVS-14724C615932,HTVS,-2.84915109069242,运行/运行/ATP-VSW/ATP-VSW-DOCK_HTVS_1-001_lib/ATP-VSW-DOCK_HTVS_1-001_lib
ATP-HTVS-14724C615932,HTVS,-1.42480968820504,运行/运行/ATP-VSW/ATP-VSW-DOCK_HTVS_1-001_lib/ATP-VSW-DOCK_HTVS_1-001_lib
ATP-HTVS-14AE04B6952B,HTVS,-4.47370169161169,运行/运行/ATP-VSW/ATP-VSW-DOCK_HTVS_1-001_lib/ATP-VSW-DOCK_HTVS_1-001_lib
ATP-HTVS-14AE04B6952B,HTVS,-3.88849642089656,运行/运行/ATP-VSW/ATP-VSW-DOCK_HTVS_1-001_lib/ATP-VSW-DOCK_HTVS_1-001_lib
ATP-HTVS-14AE04B6952B,HTVS,-3.5143322695042,运行/运行/ATP-VSW/ATP-VSW-DOCK_HTVS_1-001_lib/ATP-VSW-DOCK_HTVS_1-001_lib
ATP-HTVS-14AE04B6952B,HTVS,-2.80124405228942,运行/运行/ATP-VSW/ATP-VSW-DOCK_HTVS_1-001_lib/ATP-VSW-DOCK_HTVS_1-001_lib
ATP-HTVS-14AE04B6952B,HTVS,-1.69620826470871,运行/运行/ATP-VSW/ATP-VSW-DOCK_HTVS_1-001_lib/ATP-VSW-DOCK_HTVS_1-001_lib
ATP-HTVS-14AE04B6952B,HTVS,-1.49688362749842,运行/运行/ATP-VSW/ATP-VSW-DOCK_HTVS_1-001_lib/ATP-VSW-DOCK_HTVS_1-001_lib
ATP-HTVS-14BA2D75CE49,HTVS,-3.54257727891752,运行/运行/ATP-VSW/ATP-VSW-DOCK_HTVS_1-001_lib/ATP-VSW-DOCK_HTVS_1-001_lib
ATP-HTVS-14BA2D75CE49,HTVS,-3.26109732659467,运行/运行/ATP-VSW/ATP-VSW-DOCK_HTVS_1-001_lib/ATP-VSW-DOCK_HTVS_1-001_lib
ATP-HTVS-1551732D1515,HTVS,-3.86577494528237,运行/运行/ATP-VSW/ATP-VSW-DOCK_HTVS_1-002_lib.maegz
ATP-HTVS-1551732D1515,HTVS,-3.24494870480591,运行/运行/ATP-VSW/ATP-VSW-DOCK_HTVS_1-002_lib.maegz
ATP-HTVS-159795FE363C,HTVS,-5.28912059855985,运行/运行/ATP-VSW/ATP-VSW-DOCK_HTVS_1-003_lib/ATP-VSW-DOCK_HTVS_1-003_lib.mae
ATP-HTVS-159795FE363C,HTVS,-4.75153254843822,运行/运行/ATP-VSW/ATP-VSW-DOCK_HTVS_1-003_lib/ATP-VSW-DOCK_HTVS_1-003_lib.mae
ATP-HTVS-159795FE363C,HTVS,-4.08032056567813,运行/运行/ATP-VSW/ATP-VSW-DOCK_HTVS_1-003_lib/ATP-VSW-DOCK_HTVS_1-003_lib.mae
ATP-HTVS-159795FE363C,HTVS,-3.52393290478133,运行/运行/ATP-VSW/ATP-VSW-DOCK_HTVS_1-003_lib/ATP-VSW-DOCK_HTVS_1-003_lib.mae
ATP-HTVS-159959ECB567,HTVS,-5.28054980478574,运行/运行/ATP-VSW/ATP-VSW-DOCK_HTVS_1-003_lib/ATP-VSW-DOCK_HTVS_1-003_lib.mae
ATP-HTVS-159959ECB567,HTVS,-3.05064764608577,运行/运行/ATP-VSW/ATP-VSW-DOCK_HTVS_1-003_lib/ATP-VSW-DOCK_HTVS_1-003_lib.mae
ATP-HTVS-159959ECB567,HTVS,-2.64168888784825,运行/运行/ATP-VSW/ATP-VSW-DOCK_HTVS_1-003_lib/ATP-VSW-DOCK_HTVS_1-003_lib.mae
ATP-HTVS-159CD8CCFA6D,HTVS,-5.41069228280643,运行/运行/ATP-VSW/ATP-VSW-DOCK_HTVS_1-002_lib.maegz
ATP-HTVS-159CD8CCFA6D,HTVS,-4.47921058608739,运行/运行/ATP-VSW/ATP-VSW-DOCK_HTVS_1-002_lib.maegz
ATP-HTVS-159CD8CCFA6D,HTVS,-4.33752898811156,运行/运行/ATP-VSW/ATP-VSW-DOCK_HTVS_1-002_lib.maegz
ATP-HTVS-159CD8CCFA6D,HTVS,-1.56524088586548,运行/运行/ATP-VSW/ATP-VSW-DOCK_HTVS_1-002_lib.maegz
ATP-HTVS-159F0F821AF9,HTVS,-4.07684671932549,运行/运行/ATP-VSW/ATP-VSW-DOCK_HTVS_1-003_lib/ATP-VSW-DOCK_HTVS_1-003_lib.mae
ATP-HTVS-15A0030054C0,HTVS,-4.26158179087582,运行/运行/ATP-VSW/ATP-VSW-DOCK_HTVS_1-001_lib/ATP-VSW-DOCK_HTVS_1-001_lib
ATP-HTVS-15A0030054C0,HTVS,-3.44802891522261,运行/运行/ATP-VSW/ATP-VSW-DOCK_HTVS_1-001_lib/ATP-VSW-DOCK_HTVS_1-001_lib
ATP-HTVS-15A0030054C0,HTVS,-2.58465219226624,运行/运行/ATP-VSW/ATP-VSW-DOCK_HTVS_1-001_lib/ATP-VSW-DOCK_HTVS_1-001_lib
ATP-HTVS-15F2A5DBBD51,HTVS,-5.75577483810029,运行/运行/ATP-VSW/ATP-VSW-DOCK_HTVS_1-001_lib/ATP-VSW-DOCK_HTVS_1-001_lib
ATP-HTVS-15F2A5DBBD51,HTVS,-1.98416992031259,运行/运行/ATP-VSW/ATP-VSW-DOCK_HTVS_1-001_lib/ATP-VSW-DOCK_HTVS_1-001_lib
ATP-HTVS-15FA43506D9E,HTVS,-4.32346194669473,运行/运行/ATP-VSW/ATP-VSW-DOCK_HTVS_1-002_lib.maegz
ATP-HTVS-15FA43506D9E,HTVS,-3.08454348338136,运行/运行/ATP-VSW/ATP-VSW-DOCK_HTVS_1-002_lib.maegz
ATP-HTVS-15FA43506D9E,HTVS,-2.37427073273075,运行/运行/ATP-VSW/ATP-VSW-DOCK_HTVS_1-002_lib.maegz
ATP-HTVS-15FA43506D9E,HTVS,-0.81950664533112,运行/运行/ATP-VSW/ATP-VSW-DOCK_HTVS_1-002_lib.maegz
ATP-HTVS-16140744D8E5,HTVS,-3.44500000443843,运行/运行/ATP-VSW/ATP-VSW-DOCK_HTVS_1-001_lib/ATP-VSW-DOCK_HTVS_1-001_lib
ATP-HTVS-16316C23D1E4,HTVS,-3.9335371092757,运行/运行/ATP-VSW/ATP-VSW-DOCK_HTVS_1-001_lib/ATP-VSW-DOCK_HTVS_1-001_lib
ATP-HTVS-16316C23D1E4,HTVS,-3.64386434171112,运行/运行/ATP-VSW/ATP-VSW-DOCK_HTVS_1-001_lib/ATP-VSW-DOCK_HTVS_1-001_lib
ATP-HTVS-167535894C2D,HTVS,-4.2337937922233,运行/运行/ATP-VSW/ATP-VSW-DOCK_HTVS_1-002_lib.maegz
ATP-HTVS-167535894C2D,HTVS,-3.36630490384857,运行/运行/ATP-VSW/ATP-VSW-DOCK_HTVS_1-002_lib.maegz
ATP-HTVS-167535894C2D,HTVS,-3.13585727594143,运行/运行/ATP-VSW/ATP-VSW-DOCK_HTVS_1-002_lib.maegz
ATP-HTVS-169071BECF96,HTVS,-3.45555133972806,运行/运行/ATP-VSW/ATP-VSW-DOCK_HTVS_1-001_lib/ATP-VSW-DOCK_HTVS_1-001_lib
ATP-HTVS-169071BECF96,HTVS,-1.91255687622754,运行/运行/ATP-VSW/ATP-VSW-DOCK_HTVS_1-001_lib/ATP-VSW-DOCK_HTVS_1-001_lib
ATP-HTVS-16A35D40F1B5,HTVS,-2.22015345546122,运行/运行/ATP-VSW/ATP-VSW-DOCK_HTVS_1-001_lib/ATP-VSW-DOCK_HTVS_1-001_lib
ATP-HTVS-16AC68300479,HTVS,-3.75054118131307,运行/运行/ATP-VSW/ATP-VSW-DOCK_HTVS_1-003_lib/ATP-VSW-DOCK_HTVS_1-003_lib.mae
ATP-HTVS-16D62B7C6E45,HTVS,-4.29624229911156,运行/运行/ATP-VSW/ATP-VSW-DOCK_HTVS_1-003_lib/ATP-VSW-DOCK_HTVS_1-003_lib.mae
ATP-HTVS-16D62B7C6E45,HTVS,-1.82316339645422,运行/运行/ATP-VSW/ATP-VSW-DOCK_HTVS_1-003_lib/ATP-VSW-DOCK_HTVS_1-003_lib.mae
ATP-HTVS-16D62B7C6E45,HTVS,-1.71651060500597,运行/运行/ATP-VSW/ATP-VSW-DOCK_HTVS_1-003_lib/ATP-VSW-DOCK_HTVS_1-003_lib.mae
ATP-HTVS-16D892EEAEA4,HTVS,-4.95125760465499,运行/运行/ATP-VSW/ATP-VSW-DOCK_HTVS_1-003_lib/ATP-VSW-DOCK_HTVS_1-003_lib.mae
ATP-HTVS-16D892EEAEA4,HTVS,-2.74482383218658,运行/运行/ATP-VSW/ATP-VSW-DOCK_HTVS_1-003_lib/ATP-VSW-DOCK_HTVS_1-003_lib.mae
ATP-HTVS-16D892EEAEA4,HTVS,-2.537655263443,运行/运行/ATP-VSW/ATP-VSW-DOCK_HTVS_1-003_lib/ATP-VSW-DOCK_HTVS_1-003_lib.mae
ATP-HTVS-1714ADEB4D31,HTVS,-3.77942895653008,运行/运行/ATP-VSW/ATP-VSW-DOCK_HTVS_1-001_lib/ATP-VSW-DOCK_HTVS_1-001_lib
ATP-HTVS-1714ADEB4D31,HTVS,-2.70955674480178,运行/运行/ATP-VSW/ATP-VSW-DOCK_HTVS_1-001_lib/ATP-VSW-DOCK_HTVS_1-001_lib
ATP-HTVS-17511F2B790B,HTVS,-3.92368364209873,运行/运行/ATP-VSW/ATP-VSW-DOCK_HTVS_1-003_lib/ATP-VSW-DOCK_HTVS_1-003_lib.mae
ATP-HTVS-17511F2B790B,HTVS,-2.99527764954443,运行/运行/ATP-VSW/ATP-VSW-DOCK_HTVS_1-003_lib/ATP-VSW-DOCK_HTVS_1-003_lib.mae
ATP-HTVS-1776C87C4427,HTVS,-4.07652503564157,运行/运行/ATP-VSW/ATP-VSW-DOCK_HTVS_1-003_lib/ATP-VSW-DOCK_HTVS_1-003_lib.mae
ATP-HTVS-1776C87C4427,HTVS,-1.4011158951502,运行/运行/ATP-VSW/ATP-VSW-DOCK_HTVS_1-003_lib/ATP-VSW-DOCK_HTVS_1-003_lib.mae
ATP-HTVS-17940C77D749,HTVS,-1.41615362191532,运行/运行/ATP-VSW/ATP-VSW-DOCK_HTVS_1-003_lib/ATP-VSW-DOCK_HTVS_1-003_lib.mae
ATP-HTVS-17940C77D749,HTVS,-1.23015353533761,运行/运行/ATP-VSW/ATP-VSW-DOCK_HTVS_1-003_lib/ATP-VSW-DOCK_HTVS_1-003_lib.mae
ATP-HTVS-17940C77D749,HTVS,-0.917767432108977,运行/运行/ATP-VSW/ATP-VSW-DOCK_HTVS_1-003_lib/ATP-VSW-DOCK_HTVS_1-003_lib.mae
ATP-HTVS-17A38785E483,HTVS,-4.82600227547684,运行/运行/ATP-VSW/ATP-VSW-DOCK_HTVS_1-001_lib/ATP-VSW-DOCK_HTVS_1-001_lib
ATP-HTVS-17C024B1EE7E,HTVS,-3.63222262321622,运行/运行/ATP-VSW/ATP-VSW-DOCK_HTVS_1-001_lib/ATP-VSW-DOCK_HTVS_1-001_lib
ATP-HTVS-17D20C07D7F4,HTVS,-3.57264819833477,运行/运行/ATP-VSW/ATP-VSW-DOCK_HTVS_1-003_lib/ATP-VSW-DOCK_HTVS_1-003_lib.mae
ATP-HTVS-17FF806DFA04,HTVS,-4.53086050427011,运行/运行/ATP-VSW/ATP-VSW-DOCK_HTVS_1-001_lib/ATP-VSW-DOCK_HTVS_1-001_lib
ATP-HTVS-17FF806DFA04,HTVS,-3.12775789531736,运行/运行/ATP-VSW/ATP-VSW-DOCK_HTVS_1-001_lib/ATP-VSW-DOCK_HTVS_1-001_lib
ATP-HTVS-17FF806DFA04,HTVS,-2.24071051916112,运行/运行/ATP-VSW/ATP-VSW-DOCK_HTVS_1-001_lib/ATP-VSW-DOCK_HTVS_1-001_lib
ATP-HTVS-18044BD9974D,HTVS,-4.02113095192044,运行/运行/ATP-VSW/ATP-VSW-DOCK_HTVS_1-003_lib/ATP-VSW-DOCK_HTVS_1-003_lib.mae
ATP-HTVS-18044BD9974D,HTVS,-1.95731543661536,运行/运行/ATP-VSW/ATP-VSW-DOCK_HTVS_1-003_lib/ATP-VSW-DOCK_HTVS_1-003_lib.mae
ATP-HTVS-18044BD9974D,HTVS,-1.92780111046017,运行/运行/ATP-VSW/ATP-VSW-DOCK_HTVS_1-003_lib/ATP-VSW-DOCK_HTVS_1-003_lib.mae
ATP-HTVS-1817E5512E7A,HTVS,-3.67639043964646,运行/运行/ATP-VSW/ATP-VSW-DOCK_HTVS_1-002_lib.maegz
ATP-HTVS-1817E5512E7A,HTVS,-1.86396956124474,运行/运行/ATP-VSW/ATP-VSW-DOCK_HTVS_1-002_lib.maegz
ATP-HTVS-18265C9EB86B,HTVS,-4.85844997584357,运行/运行/ATP-VSW/ATP-VSW-DOCK_HTVS_1-003_lib/ATP-VSW-DOCK_HTVS_1-003_lib.mae
ATP-HTVS-18265C9EB86B,HTVS,-2.54238379607741,运行/运行/ATP-VSW/ATP-VSW-DOCK_HTVS_1-003_lib/ATP-VSW-DOCK_HTVS_1-003_lib.mae
ATP-HTVS-18265C9EB86B,HTVS,-1.93637012197786,运行/运行/ATP-VSW/ATP-VSW-DOCK_HTVS_1-003_lib/ATP-VSW-DOCK_HTVS_1-003_lib.mae
ATP-HTVS-18265C9EB86B,HTVS,-1.61040119186046,运行/运行/ATP-VSW/ATP-VSW-DOCK_HTVS_1-003_lib/ATP-VSW-DOCK_HTVS_1-003_lib.mae
ATP-HTVS-185EDA97C211,HTVS,-4.88499758951559,运行/运行/ATP-VSW/ATP-VSW-DOCK_HTVS_1-002_lib.maegz
ATP-HTVS-185EDA97C211,HTVS,-4.24529413859243,运行/运行/ATP-VSW/ATP-VSW-DOCK_HTVS_1-002_lib.maegz
ATP-HTVS-185EDA97C211,HTVS,-1.76921531984983,运行/运行/ATP-VSW/ATP-VSW-DOCK_HTVS_1-002_lib.maegz
ATP-HTVS-185EDA97C211,HTVS,-1.72835868285107,运行/运行/ATP-VSW/ATP-VSW-DOCK_HTVS_1-002_lib.maegz
ATP-HTVS-18A7589C7FB7,HTVS,-4.66481018694111,运行/运行/ATP-VSW/ATP-VSW-DOCK_HTVS_1-001_lib/ATP-VSW-DOCK_HTVS_1-001_lib
ATP-HTVS-18A7589C7FB7,HTVS,-3.76951042682518,运行/运行/ATP-VSW/ATP-VSW-DOCK_HTVS_1-001_lib/ATP-VSW-DOCK_HTVS_1-001_lib
ATP-HTVS-18AAC668D3EC,HTVS,-3.28459744012558,运行/运行/ATP-VSW/ATP-VSW-DOCK_HTVS_1-002_lib.maegz
ATP-HTVS-18CFABF6753A,HTVS,-4.48878660048069,运行/运行/ATP-VSW/ATP-VSW-DOCK_HTVS_1-001_lib/ATP-VSW-DOCK_HTVS_1-001_lib
ATP-HTVS-18CFABF6753A,HTVS,-3.08781839513696,运行/运行/ATP-VSW/ATP-VSW-DOCK_HTVS_1-001_lib/ATP-VSW-DOCK_HTVS_1-001_lib
ATP-HTVS-18CFABF6753A,HTVS,-1.7491175591926,运行/运行/ATP-VSW/ATP-VSW-DOCK_HTVS_1-001_lib/ATP-VSW-DOCK_HTVS_1-001_lib
ATP-HTVS-18FDFF56F821,HTVS,-3.54183362214925,运行/运行/ATP-VSW/ATP-VSW-DOCK_HTVS_1-001_lib/ATP-VSW-DOCK_HTVS_1-001_lib
ATP-HTVS-18FDFF56F821,HTVS,-2.21648806345878,运行/运行/ATP-VSW/ATP-VSW-DOCK_HTVS_1-001_lib/ATP-VSW-DOCK_HTVS_1-001_lib
ATP-HTVS-18FDFF56F821,HTVS,-2.08999037595252,运行/运行/ATP-VSW/ATP-VSW-DOCK_HTVS_1-001_lib/ATP-VSW-DOCK_HTVS_1-001_lib
ATP-HTVS-190A8EA9B17C,HTVS,-5.31774251887787,运行/运行/ATP-VSW/ATP-VSW-DOCK_HTVS_1-001_lib/ATP-VSW-DOCK_HTVS_1-001_lib
ATP-HTVS-190A8EA9B17C,HTVS,-4.70091616212456,运行/运行/ATP-VSW/ATP-VSW-DOCK_HTVS_1-001_lib/ATP-VSW-DOCK_HTVS_1-001_lib
ATP-HTVS-190A8EA9B17C,HTVS,-3.66022746560861,运行/运行/ATP-VSW/ATP-VSW-DOCK_HTVS_1-001_lib/ATP-VSW-DOCK_HTVS_1-001_lib
ATP-HTVS-190A8EA9B17C,HTVS,-3.28067080277733,运行/运行/ATP-VSW/ATP-VSW-DOCK_HTVS_1-001_lib/ATP-VSW-DOCK_HTVS_1-001_lib
ATP-HTVS-190A8EA9B17C,HTVS,-2.85475241826706,运行/运行/ATP-VSW/ATP-VSW-DOCK_HTVS_1-001_lib/ATP-VSW-DOCK_HTVS_1-001_lib
ATP-HTVS-190A8EA9B17C,HTVS,-0.695985995661585,运行/运行/ATP-VSW/ATP-VSW-DOCK_HTVS_1-001_lib/ATP-VSW-DOCK_HTVS_1-001_lib
ATP-HTVS-1928ECDAF189,HTVS,-3.73769009275821,运行/运行/ATP-VSW/ATP-VSW-DOCK_HTVS_1-003_lib/ATP-VSW-DOCK_HTVS_1-003_lib.mae
ATP-HTVS-1928ECDAF189,HTVS,-1.87798668227954,运行/运行/ATP-VSW/ATP-VSW-DOCK_HTVS_1-003_lib/ATP-VSW-DOCK_HTVS_1-003_lib.mae
ATP-HTVS-193F5213E1F4,HTVS,-5.4077521026514,运行/运行/ATP-VSW/ATP-VSW-DOCK_HTVS_1-002_lib.maegz
ATP-HTVS-193F5213E1F4,HTVS,-3.16668503004688,运行/运行/ATP-VSW/ATP-VSW-DOCK_HTVS_1-002_lib.maegz
ATP-HTVS-193F5213E1F4,HTVS,-1.99240133027828,运行/运行/ATP-VSW/ATP-VSW-DOCK_HTVS_1-002_lib.maegz
ATP-HTVS-1940D4055FE9,HTVS,-4.81153592350679,运行/运行/ATP-VSW/ATP-VSW-DOCK_HTVS_1-003_lib/ATP-VSW-DOCK_HTVS_1-003_lib.mae
ATP-HTVS-1952D56C5A08,HTVS,-3.49607907335307,运行/运行/ATP-VSW/ATP-VSW-DOCK_HTVS_1-001_lib/ATP-VSW-DOCK_HTVS_1-001_lib
ATP-HTVS-1952D56C5A08,HTVS,-3.29919139896935,运行/运行/ATP-VSW/ATP-VSW-DOCK_HTVS_1-001_lib/ATP-VSW-DOCK_HTVS_1-001_lib
ATP-HTVS-1952D56C5A08,HTVS,-2.84464012707565,运行/运行/ATP-VSW/ATP-VSW-DOCK_HTVS_1-001_lib/ATP-VSW-DOCK_HTVS_1-001_lib
ATP-HTVS-196468D2BF96,HTVS,-4.75946844775766,运行/运行/ATP-VSW/ATP-VSW-DOCK_HTVS_1-003_lib/ATP-VSW-DOCK_HTVS_1-003_lib.mae
ATP-HTVS-196468D2BF96,HTVS,-3.82216618033308,运行/运行/ATP-VSW/ATP-VSW-DOCK_HTVS_1-003_lib/ATP-VSW-DOCK_HTVS_1-003_lib.mae
ATP-HTVS-19D22C817A74,HTVS,-4.63545781705695,运行/运行/ATP-VSW/ATP-VSW-DOCK_HTVS_1-003_lib/ATP-VSW-DOCK_HTVS_1-003_lib.mae
ATP-HTVS-19D22C817A74,HTVS,-4.20532942149468,运行/运行/ATP-VSW/ATP-VSW-DOCK_HTVS_1-003_lib/ATP-VSW-DOCK_HTVS_1-003_lib.mae
ATP-HTVS-19D22C817A74,HTVS,-4.075527337958,运行/运行/ATP-VSW/ATP-VSW-DOCK_HTVS_1-003_lib/ATP-VSW-DOCK_HTVS_1-003_lib.mae
ATP-HTVS-19D22C817A74,HTVS,-3.66855941046302,运行/运行/ATP-VSW/ATP-VSW-DOCK_HTVS_1-003_lib/ATP-VSW-DOCK_HTVS_1-003_lib.mae
ATP-HTVS-19D22C817A74,HTVS,-2.72504966328115,运行/运行/ATP-VSW/ATP-VSW-DOCK_HTVS_1-003_lib/ATP-VSW-DOCK_HTVS_1-003_lib.mae
ATP-HTVS-19D22C817A74,HTVS,-2.19613280139202,运行/运行/ATP-VSW/ATP-VSW-DOCK_HTVS_1-003_lib/ATP-VSW-DOCK_HTVS_1-003_lib.mae
ATP-HTVS-19D22C817A74,HTVS,-1.95382756737408,运行/运行/ATP-VSW/ATP-VSW-DOCK_HTVS_1-003_lib/ATP-VSW-DOCK_HTVS_1-003_lib.mae
ATP-HTVS-19D22C817A74,HTVS,-1.73856253701402,运行/运行/ATP-VSW/ATP-VSW-DOCK_HTVS_1-003_lib/ATP-VSW-DOCK_HTVS_1-003_lib.mae
ATP-HTVS-19D9965850C9,HTVS,-4.34190893737063,运行/运行/ATP-VSW/ATP-VSW-DOCK_HTVS_1-002_lib.maegz
ATP-HTVS-19D9965850C9,HTVS,-2.63235599716109,运行/运行/ATP-VSW/ATP-VSW-DOCK_HTVS_1-002_lib.maegz
ATP-HTVS-19D9965850C9,HTVS,-2.08954259936998,运行/运行/ATP-VSW/ATP-VSW-DOCK_HTVS_1-002_lib.maegz
ATP-HTVS-19DB56372FFA,HTVS,-4.98827267664352,运行/运行/ATP-VSW/ATP-VSW-DOCK_HTVS_1-003_lib/ATP-VSW-DOCK_HTVS_1-003_lib.mae
ATP-HTVS-19DB56372FFA,HTVS,-3.57174020167307,运行/运行/ATP-VSW/ATP-VSW-DOCK_HTVS_1-003_lib/ATP-VSW-DOCK_HTVS_1-003_lib.mae
ATP-HTVS-19DB56372FFA,HTVS,-1.57364621985984,运行/运行/ATP-VSW/ATP-VSW-DOCK_HTVS_1-003_lib/ATP-VSW-DOCK_HTVS_1-003_lib.mae
ATP-HTVS-19E5DD3F936E,HTVS,-3.53201472588921,运行/运行/ATP-VSW/ATP-VSW-DOCK_HTVS_1-003_lib/ATP-VSW-DOCK_HTVS_1-003_lib.mae
ATP-HTVS-19E7C62EA548,HTVS,-5.5831877775816,运行/运行/ATP-VSW/ATP-VSW-DOCK_HTVS_1-003_lib/ATP-VSW-DOCK_HTVS_1-003_lib.mae
ATP-HTVS-19E7C62EA548,HTVS,-2.90956592909016,运行/运行/ATP-VSW/ATP-VSW-DOCK_HTVS_1-003_lib/ATP-VSW-DOCK_HTVS_1-003_lib.mae
ATP-HTVS-19E7C62EA548,HTVS,-2.33791273480395,运行/运行/ATP-VSW/ATP-VSW-DOCK_HTVS_1-003_lib/ATP-VSW-DOCK_HTVS_1-003_lib.mae
ATP-HTVS-1A821EC4699A,HTVS,-3.94813074125732,运行/运行/ATP-VSW/ATP-VSW-DOCK_HTVS_1-001_lib/ATP-VSW-DOCK_HTVS_1-001_lib
ATP-HTVS-1A821EC4699A,HTVS,-3.25396635138004,运行/运行/ATP-VSW/ATP-VSW-DOCK_HTVS_1-001_lib/ATP-VSW-DOCK_HTVS_1-001_lib
ATP-HTVS-1A8854DD1E1A,HTVS,-1.4760904096421,运行/运行/ATP-VSW/ATP-VSW-DOCK_HTVS_1-003_lib/ATP-VSW-DOCK_HTVS_1-003_lib.mae
ATP-HTVS-1AA1BAAE4A01,HTVS,-4.60521932510959,运行/运行/ATP-VSW/ATP-VSW-DOCK_HTVS_1-002_lib.maegz
ATP-HTVS-1AA1BAAE4A01,HTVS,-2.73408378766865,运行/运行/ATP-VSW/ATP-VSW-DOCK_HTVS_1-002_lib.maegz
ATP-HTVS-1AA1BAAE4A01,HTVS,-1.92854200793273,运行/运行/ATP-VSW/ATP-VSW-DOCK_HTVS_1-002_lib.maegz
ATP-HTVS-1ACF073F315C,HTVS,-5.67982151086328,运行/运行/ATP-VSW/ATP-VSW-DOCK_HTVS_1-003_lib/ATP-VSW-DOCK_HTVS_1-003_lib.mae
ATP-HTVS-1ACF073F315C,HTVS,-3.49972200247131,运行/运行/ATP-VSW/ATP-VSW-DOCK_HTVS_1-003_lib/ATP-VSW-DOCK_HTVS_1-003_lib.mae
ATP-HTVS-1AEE198E3D8C,HTVS,-4.57250055963347,运行/运行/ATP-VSW/ATP-VSW-DOCK_HTVS_1-002_lib.maegz
ATP-HTVS-1AEE198E3D8C,HTVS,-3.47378222440377,运行/运行/ATP-VSW/ATP-VSW-DOCK_HTVS_1-002_lib.maegz
ATP-HTVS-1B05407455E5,HTVS,-4.53372223897668,运行/运行/ATP-VSW/ATP-VSW-DOCK_HTVS_1-002_lib.maegz
ATP-HTVS-1B05407455E5,HTVS,-3.1839721080012,运行/运行/ATP-VSW/ATP-VSW-DOCK_HTVS_1-002_lib.maegz
ATP-HTVS-1B05407455E5,HTVS,-2.84966535891399,运行/运行/ATP-VSW/ATP-VSW-DOCK_HTVS_1-002_lib.maegz
ATP-HTVS-1B05407455E5,HTVS,-2.30073361655081,运行/运行/ATP-VSW/ATP-VSW-DOCK_HTVS_1-002_lib.maegz
ATP-HTVS-1B05407455E5,HTVS,-1.46372768442092,运行/运行/ATP-VSW/ATP-VSW-DOCK_HTVS_1-002_lib.maegz
ATP-HTVS-1B1248DF0721,HTVS,-4.03567341540009,运行/运行/ATP-VSW/ATP-VSW-DOCK_HTVS_1-002_lib.maegz
ATP-HTVS-1B1248DF0721,HTVS,-2.33158151156733,运行/运行/ATP-VSW/ATP-VSW-DOCK_HTVS_1-002_lib.maegz
ATP-HTVS-1B1248DF0721,HTVS,-2.00008885082359,运行/运行/ATP-VSW/ATP-VSW-DOCK_HTVS_1-002_lib.maegz
ATP-HTVS-1B366D2FDBBA,HTVS,-3.7617370020744,运行/运行/ATP-VSW/ATP-VSW-DOCK_HTVS_1-003_lib/ATP-VSW-DOCK_HTVS_1-003_lib.mae
ATP-HTVS-1B366D2FDBBA,HTVS,-3.45455562410965,运行/运行/ATP-VSW/ATP-VSW-DOCK_HTVS_1-003_lib/ATP-VSW-DOCK_HTVS_1-003_lib.mae
ATP-HTVS-1B366D2FDBBA,HTVS,-3.16026079722513,运行/运行/ATP-VSW/ATP-VSW-DOCK_HTVS_1-003_lib/ATP-VSW-DOCK_HTVS_1-003_lib.mae
ATP-HTVS-1B366D2FDBBA,HTVS,-1.14283959916657,运行/运行/ATP-VSW/ATP-VSW-DOCK_HTVS_1-003_lib/ATP-VSW-DOCK_HTVS_1-003_lib.mae
ATP-HTVS-1B509C27CE75,HTVS,-2.95866885265271,运行/运行/ATP-VSW/ATP-VSW-DOCK_HTVS_1-001_lib/ATP-VSW-DOCK_HTVS_1-001_lib
ATP-HTVS-1B60B6D0433D,HTVS,-3.8549943186462,运行/运行/ATP-VSW/ATP-VSW-DOCK_HTVS_1-001_lib/ATP-VSW-DOCK_HTVS_1-001_lib
ATP-HTVS-1B60B6D0433D,HTVS,-3.42473961968753,运行/运行/ATP-VSW/ATP-VSW-DOCK_HTVS_1-001_lib/ATP-VSW-DOCK_HTVS_1-001_lib
ATP-HTVS-1B60B6D0433D,HTVS,-2.6898294733436,运行/运行/ATP-VSW/ATP-VSW-DOCK_HTVS_1-001_lib/ATP-VSW-DOCK_HTVS_1-001_lib
ATP-HTVS-1B84D304C2ED,HTVS,-4.5155421637591,运行/运行/ATP-VSW/ATP-VSW-DOCK_HTVS_1-001_lib/ATP-VSW-DOCK_HTVS_1-001_lib
ATP-HTVS-1B84D304C2ED,HTVS,-2.10135434799836,运行/运行/ATP-VSW/ATP-VSW-DOCK_HTVS_1-001_lib/ATP-VSW-DOCK_HTVS_1-001_lib
ATP-HTVS-1B9CB386F0F9,HTVS,-2.1833100640541,运行/运行/ATP-VSW/ATP-VSW-DOCK_HTVS_1-003_lib/ATP-VSW-DOCK_HTVS_1-003_lib.mae
ATP-HTVS-1B9CB386F0F9,HTVS,-2.18063296419443,运行/运行/ATP-VSW/ATP-VSW-DOCK_HTVS_1-003_lib/ATP-VSW-DOCK_HTVS_1-003_lib.mae
ATP-HTVS-1B9CB386F0F9,HTVS,-2.10541997468307,运行/运行/ATP-VSW/ATP-VSW-DOCK_HTVS_1-003_lib/ATP-VSW-DOCK_HTVS_1-003_lib.mae
ATP-HTVS-1C066C79A7D0,HTVS,-3.68331279187064,运行/运行/ATP-VSW/ATP-VSW-DOCK_HTVS_1-003_lib/ATP-VSW-DOCK_HTVS_1-003_lib.mae
ATP-HTVS-1C066C79A7D0,HTVS,-2.77856679009064,运行/运行/ATP-VSW/ATP-VSW-DOCK_HTVS_1-003_lib/ATP-VSW-DOCK_HTVS_1-003_lib.mae
ATP-HTVS-1C066C79A7D0,HTVS,-2.74479479687678,运行/运行/ATP-VSW/ATP-VSW-DOCK_HTVS_1-003_lib/ATP-VSW-DOCK_HTVS_1-003_lib.mae
ATP-HTVS-1C066C79A7D0,HTVS,-2.65163004638186,运行/运行/ATP-VSW/ATP-VSW-DOCK_HTVS_1-003_lib/ATP-VSW-DOCK_HTVS_1-003_lib.mae
ATP-HTVS-1C066C79A7D0,HTVS,-2.09192727318321,运行/运行/ATP-VSW/ATP-VSW-DOCK_HTVS_1-003_lib/ATP-VSW-DOCK_HTVS_1-003_lib.mae
ATP-HTVS-1C1B7F9BB8FF,HTVS,-4.60996629174081,运行/运行/ATP-VSW/ATP-VSW-DOCK_HTVS_1-002_lib.maegz
ATP-HTVS-1C1B7F9BB8FF,HTVS,-2.58648925440562,运行/运行/ATP-VSW/ATP-VSW-DOCK_HTVS_1-002_lib.maegz
ATP-HTVS-1C463A9823EA,HTVS,-4.36776645444333,运行/运行/ATP-VSW/ATP-VSW-DOCK_HTVS_1-003_lib/ATP-VSW-DOCK_HTVS_1-003_lib.mae
ATP-HTVS-1C463A9823EA,HTVS,-2.73660417947662,运行/运行/ATP-VSW/ATP-VSW-DOCK_HTVS_1-003_lib/ATP-VSW-DOCK_HTVS_1-003_lib.mae
ATP-HTVS-1C463A9823EA,HTVS,-1.98857207232395,运行/运行/ATP-VSW/ATP-VSW-DOCK_HTVS_1-003_lib/ATP-VSW-DOCK_HTVS_1-003_lib.mae
ATP-HTVS-1C4EC58A3066,HTVS,-4.57375810894154,运行/运行/ATP-VSW/ATP-VSW-DOCK_HTVS_1-003_lib/ATP-VSW-DOCK_HTVS_1-003_lib.mae
ATP-HTVS-1C4EC58A3066,HTVS,-3.50582634403242,运行/运行/ATP-VSW/ATP-VSW-DOCK_HTVS_1-003_lib/ATP-VSW-DOCK_HTVS_1-003_lib.mae
ATP-HTVS-1C4EC58A3066,HTVS,-3.14142371786935,运行/运行/ATP-VSW/ATP-VSW-DOCK_HTVS_1-003_lib/ATP-VSW-DOCK_HTVS_1-003_lib.mae
ATP-HTVS-1C4EC58A3066,HTVS,-3.07473202362478,运行/运行/ATP-VSW/ATP-VSW-DOCK_HTVS_1-003_lib/ATP-VSW-DOCK_HTVS_1-003_lib.mae
ATP-HTVS-1C4EC58A3066,HTVS,-2.64368725190421,运行/运行/ATP-VSW/ATP-VSW-DOCK_HTVS_1-003_lib/ATP-VSW-DOCK_HTVS_1-003_lib.mae
ATP-HTVS-1C71F28794EF,HTVS,-3.31265923241522,运行/运行/ATP-VSW/ATP-VSW-DOCK_HTVS_1-001_lib/ATP-VSW-DOCK_HTVS_1-001_lib
ATP-HTVS-1C9D0B7FE190,HTVS,-3.95778110112639,运行/运行/ATP-VSW/ATP-VSW-DOCK_HTVS_1-003_lib/ATP-VSW-DOCK_HTVS_1-003_lib.mae
ATP-HTVS-1C9D0B7FE190,HTVS,-3.61123788713375,运行/运行/ATP-VSW/ATP-VSW-DOCK_HTVS_1-003_lib/ATP-VSW-DOCK_HTVS_1-003_lib.mae
ATP-HTVS-1C9D0B7FE190,HTVS,-1.12606599732244,运行/运行/ATP-VSW/ATP-VSW-DOCK_HTVS_1-003_lib/ATP-VSW-DOCK_HTVS_1-003_lib.mae
ATP-HTVS-1CAAE7675504,HTVS,-4.60608640578991,运行/运行/ATP-VSW/ATP-VSW-DOCK_HTVS_1-003_lib/ATP-VSW-DOCK_HTVS_1-003_lib.mae
ATP-HTVS-1CAAE7675504,HTVS,-4.4727102431016,运行/运行/ATP-VSW/ATP-VSW-DOCK_HTVS_1-003_lib/ATP-VSW-DOCK_HTVS_1-003_lib.mae
ATP-HTVS-1CAAE7675504,HTVS,-2.69114402159587,运行/运行/ATP-VSW/ATP-VSW-DOCK_HTVS_1-003_lib/ATP-VSW-DOCK_HTVS_1-003_lib.mae
ATP-HTVS-1CAAE7675504,HTVS,-2.68170557773418,运行/运行/ATP-VSW/ATP-VSW-DOCK_HTVS_1-003_lib/ATP-VSW-DOCK_HTVS_1-003_lib.mae
ATP-HTVS-1CF603621065,HTVS,-3.42917628372208,运行/运行/ATP-VSW/ATP-VSW-DOCK_HTVS_1-002_lib.maegz
ATP-HTVS-1D0FF5192E4C,HTVS,-5.16069768672787,运行/运行/ATP-VSW/ATP-VSW-DOCK_HTVS_1-001_lib/ATP-VSW-DOCK_HTVS_1-001_lib
ATP-HTVS-1D0FF5192E4C,HTVS,-2.97678488217707,运行/运行/ATP-VSW/ATP-VSW-DOCK_HTVS_1-001_lib/ATP-VSW-DOCK_HTVS_1-001_lib
ATP-HTVS-1D0FF5192E4C,HTVS,-2.92915197875036,运行/运行/ATP-VSW/ATP-VSW-DOCK_HTVS_1-001_lib/ATP-VSW-DOCK_HTVS_1-001_lib
ATP-HTVS-1D1DA7871618,HTVS,-3.67743152136295,运行/运行/ATP-VSW/ATP-VSW-DOCK_HTVS_1-002_lib.maegz
ATP-HTVS-1D1DA7871618,HTVS,-3.1766398602857,运行/运行/ATP-VSW/ATP-VSW-DOCK_HTVS_1-002_lib.maegz
ATP-HTVS-1D28793FB59B,HTVS,-3.73559927193115,运行/运行/ATP-VSW/ATP-VSW-DOCK_HTVS_1-002_lib.maegz
ATP-HTVS-1D28793FB59B,HTVS,-3.13025940415642,运行/运行/ATP-VSW/ATP-VSW-DOCK_HTVS_1-002_lib.maegz
ATP-HTVS-1D28793FB59B,HTVS,-3.05191846149861,运行/运行/ATP-VSW/ATP-VSW-DOCK_HTVS_1-002_lib.maegz
ATP-HTVS-1D3C11D6B0D4,HTVS,-5.87800754081715,运行/运行/ATP-VSW/ATP-VSW-DOCK_HTVS_1-003_lib/ATP-VSW-DOCK_HTVS_1-003_lib.mae
ATP-HTVS-1D3C11D6B0D4,HTVS,-4.44895955797923,运行/运行/ATP-VSW/ATP-VSW-DOCK_HTVS_1-003_lib/ATP-VSW-DOCK_HTVS_1-003_lib.mae
ATP-HTVS-1DC16EDC7F4D,HTVS,-5.49655662372381,运行/运行/ATP-VSW/ATP-VSW-DOCK_HTVS_1-003_lib/ATP-VSW-DOCK_HTVS_1-003_lib.mae
ATP-HTVS-1DC16EDC7F4D,HTVS,-3.9833908657059,运行/运行/ATP-VSW/ATP-VSW-DOCK_HTVS_1-003_lib/ATP-VSW-DOCK_HTVS_1-003_lib.mae
ATP-HTVS-1DC16EDC7F4D,HTVS,-2.40140609216159,运行/运行/ATP-VSW/ATP-VSW-DOCK_HTVS_1-003_lib/ATP-VSW-DOCK_HTVS_1-003_lib.mae
ATP-HTVS-1DC16EDC7F4D,HTVS,-2.36924739269417,运行/运行/ATP-VSW/ATP-VSW-DOCK_HTVS_1-003_lib/ATP-VSW-DOCK_HTVS_1-003_lib.mae
ATP-HTVS-1DC6D2F4A05D,HTVS,-3.9843455195567,运行/运行/ATP-VSW/ATP-VSW-DOCK_HTVS_1-001_lib/ATP-VSW-DOCK_HTVS_1-001_lib
ATP-HTVS-1DC6D2F4A05D,HTVS,-2.58064703512081,运行/运行/ATP-VSW/ATP-VSW-DOCK_HTVS_1-001_lib/ATP-VSW-DOCK_HTVS_1-001_lib
ATP-HTVS-1DD46A13AEBB,HTVS,-3.75454992945662,运行/运行/ATP-VSW/ATP-VSW-DOCK_HTVS_1-001_lib/ATP-VSW-DOCK_HTVS_1-001_lib
ATP-HTVS-1DD46A13AEBB,HTVS,-3.31454100796962,运行/运行/ATP-VSW/ATP-VSW-DOCK_HTVS_1-001_lib/ATP-VSW-DOCK_HTVS_1-001_lib
ATP-HTVS-1E20B63FDE5F,HTVS,-4.03302644202815,运行/运行/ATP-VSW/ATP-VSW-DOCK_HTVS_1-002_lib.maegz
ATP-HTVS-1E20B63FDE5F,HTVS,-3.24259245725003,运行/运行/ATP-VSW/ATP-VSW-DOCK_HTVS_1-002_lib.maegz
ATP-HTVS-1E20B63FDE5F,HTVS,-1.73531062274338,运行/运行/ATP-VSW/ATP-VSW-DOCK_HTVS_1-002_lib.maegz
ATP-HTVS-1E475A4B97CE,HTVS,-4.27826615907258,运行/运行/ATP-VSW/ATP-VSW-DOCK_HTVS_1-003_lib/ATP-VSW-DOCK_HTVS_1-003_lib.mae
ATP-HTVS-1E475A4B97CE,HTVS,-2.26342154628626,运行/运行/ATP-VSW/ATP-VSW-DOCK_HTVS_1-003_lib/ATP-VSW-DOCK_HTVS_1-003_lib.mae
ATP-HTVS-1E5A6A308B25,HTVS,-3.79637454853526,运行/运行/ATP-VSW/ATP-VSW-DOCK_HTVS_1-001_lib/ATP-VSW-DOCK_HTVS_1-001_lib
ATP-HTVS-1E5A6A308B25,HTVS,-2.99732541036723,运行/运行/ATP-VSW/ATP-VSW-DOCK_HTVS_1-001_lib/ATP-VSW-DOCK_HTVS_1-001_lib
ATP-HTVS-1E5A6A308B25,HTVS,-1.78180329994617,运行/运行/ATP-VSW/ATP-VSW-DOCK_HTVS_1-001_lib/ATP-VSW-DOCK_HTVS_1-001_lib
ATP-HTVS-1EBFDE0160CD,HTVS,-4.82272061344761,运行/运行/ATP-VSW/ATP-VSW-DOCK_HTVS_1-002_lib.maegz
ATP-HTVS-1EBFDE0160CD,HTVS,-4.04729202036078,运行/运行/ATP-VSW/ATP-VSW-DOCK_HTVS_1-002_lib.maegz
ATP-HTVS-1EBFDE0160CD,HTVS,-3.15733222187401,运行/运行/ATP-VSW/ATP-VSW-DOCK_HTVS_1-002_lib.maegz
ATP-HTVS-1EBFDE0160CD,HTVS,-2.20717992297319,运行/运行/ATP-VSW/ATP-VSW-DOCK_HTVS_1-002_lib.maegz
ATP-HTVS-1F874564E13F,HTVS,-3.72808344435626,运行/运行/ATP-VSW/ATP-VSW-DOCK_HTVS_1-003_lib/ATP-VSW-DOCK_HTVS_1-003_lib.mae
ATP-HTVS-1F874564E13F,HTVS,-2.14259307187674,运行/运行/ATP-VSW/ATP-VSW-DOCK_HTVS_1-003_lib/ATP-VSW-DOCK_HTVS_1-003_lib.mae
ATP-HTVS-1F9A02273F27,HTVS,-4.58450927429136,运行/运行/ATP-VSW/ATP-VSW-DOCK_HTVS_1-002_lib.maegz
ATP-HTVS-1F9A02273F27,HTVS,-4.48695964794433,运行/运行/ATP-VSW/ATP-VSW-DOCK_HTVS_1-002_lib.maegz
ATP-HTVS-1F9A02273F27,HTVS,-2.44079308857507,运行/运行/ATP-VSW/ATP-VSW-DOCK_HTVS_1-002_lib.maegz
ATP-HTVS-1F9A02273F27,HTVS,-2.16196933664807,运行/运行/ATP-VSW/ATP-VSW-DOCK_HTVS_1-002_lib.maegz
ATP-HTVS-1FAE7495FCDD,HTVS,-4.97918472610383,运行/运行/ATP-VSW/ATP-VSW-DOCK_HTVS_1-002_lib.maegz
ATP-HTVS-1FAE7495FCDD,HTVS,-2.3393508108684,运行/运行/ATP-VSW/ATP-VSW-DOCK_HTVS_1-002_lib.maegz
ATP-HTVS-1FED3714464D,HTVS,-4.32176616689075,运行/运行/ATP-VSW/ATP-VSW-DOCK_HTVS_1-002_lib.maegz
ATP-HTVS-1FF6C325CA7A,HTVS,-3.48306168637278,运行/运行/ATP-VSW/ATP-VSW-DOCK_HTVS_1-002_lib.maegz
ATP-HTVS-1FF6C325CA7A,HTVS,-2.43356605337093,运行/运行/ATP-VSW/ATP-VSW-DOCK_HTVS_1-002_lib.maegz
ATP-HTVS-1FF6C325CA7A,HTVS,-1.04009588990702,运行/运行/ATP-VSW/ATP-VSW-DOCK_HTVS_1-002_lib.maegz
ATP-HTVS-203210320F32,HTVS,-3.67749536382082,运行/运行/ATP-VSW/ATP-VSW-DOCK_HTVS_1-001_lib/ATP-VSW-DOCK_HTVS_1-001_lib
ATP-HTVS-203210320F32,HTVS,-2.59362910369487,运行/运行/ATP-VSW/ATP-VSW-DOCK_HTVS_1-001_lib/ATP-VSW-DOCK_HTVS_1-001_lib
ATP-HTVS-20B250E7AB9A,HTVS,-6.11096576140097,运行/运行/ATP-VSW/ATP-VSW-DOCK_HTVS_1-001_lib/ATP-VSW-DOCK_HTVS_1-001_lib
ATP-HTVS-20B250E7AB9A,HTVS,-5.90855726888813,运行/运行/ATP-VSW/ATP-VSW-DOCK_HTVS_1-001_lib/ATP-VSW-DOCK_HTVS_1-001_lib
ATP-HTVS-20B250E7AB9A,HTVS,-3.04911780524772,运行/运行/ATP-VSW/ATP-VSW-DOCK_HTVS_1-001_lib/ATP-VSW-DOCK_HTVS_1-001_lib
ATP-HTVS-20B250E7AB9A,HTVS,-2.24028161043406,运行/运行/ATP-VSW/ATP-VSW-DOCK_HTVS_1-001_lib/ATP-VSW-DOCK_HTVS_1-001_lib
ATP-HTVS-20FB50B88593,HTVS,-3.99504551780237,运行/运行/ATP-VSW/ATP-VSW-DOCK_HTVS_1-003_lib/ATP-VSW-DOCK_HTVS_1-003_lib.mae
ATP-HTVS-2118F57CAFF1,HTVS,-4.2535308868053,运行/运行/ATP-VSW/ATP-VSW-DOCK_HTVS_1-001_lib/ATP-VSW-DOCK_HTVS_1-001_lib
ATP-HTVS-2118F57CAFF1,HTVS,-3.14396148722355,运行/运行/ATP-VSW/ATP-VSW-DOCK_HTVS_1-001_lib/ATP-VSW-DOCK_HTVS_1-001_lib
ATP-HTVS-2125555B1DA5,HTVS,-4.30569328835689,运行/运行/ATP-VSW/ATP-VSW-DOCK_HTVS_1-002_lib.maegz
ATP-HTVS-217395D9F0A5,HTVS,-4.13221768042895,运行/运行/ATP-VSW/ATP-VSW-DOCK_HTVS_1-001_lib/ATP-VSW-DOCK_HTVS_1-001_lib
ATP-HTVS-217395D9F0A5,HTVS,-2.43801964171179,运行/运行/ATP-VSW/ATP-VSW-DOCK_HTVS_1-001_lib/ATP-VSW-DOCK_HTVS_1-001_lib
ATP-HTVS-217395D9F0A5,HTVS,-2.24006193473798,运行/运行/ATP-VSW/ATP-VSW-DOCK_HTVS_1-001_lib/ATP-VSW-DOCK_HTVS_1-001_lib
ATP-HTVS-217395D9F0A5,HTVS,-1.92877548824272,运行/运行/ATP-VSW/ATP-VSW-DOCK_HTVS_1-001_lib/ATP-VSW-DOCK_HTVS_1-001_lib
ATP-HTVS-217B57A40B61,HTVS,-4.67922983872584,运行/运行/ATP-VSW/ATP-VSW-DOCK_HTVS_1-001_lib/ATP-VSW-DOCK_HTVS_1-001_lib
ATP-HTVS-217B57A40B61,HTVS,-2.64782455478807,运行/运行/ATP-VSW/ATP-VSW-DOCK_HTVS_1-001_lib/ATP-VSW-DOCK_HTVS_1-001_lib
ATP-HTVS-217B57A40B61,HTVS,-2.40031963701259,运行/运行/ATP-VSW/ATP-VSW-DOCK_HTVS_1-001_lib/ATP-VSW-DOCK_HTVS_1-001_lib
ATP-HTVS-218E3E4A28A7,HTVS,-4.3836149192389,运行/运行/ATP-VSW/ATP-VSW-DOCK_HTVS_1-003_lib/ATP-VSW-DOCK_HTVS_1-003_lib.mae
ATP-HTVS-218E3E4A28A7,HTVS,-3.79863985484983,运行/运行/ATP-VSW/ATP-VSW-DOCK_HTVS_1-003_lib/ATP-VSW-DOCK_HTVS_1-003_lib.mae
ATP-HTVS-218E3E4A28A7,HTVS,-3.05607313625005,运行/运行/ATP-VSW/ATP-VSW-DOCK_HTVS_1-003_lib/ATP-VSW-DOCK_HTVS_1-003_lib.mae
ATP-HTVS-218E3E4A28A7,HTVS,-2.18724124477389,运行/运行/ATP-VSW/ATP-VSW-DOCK_HTVS_1-003_lib/ATP-VSW-DOCK_HTVS_1-003_lib.mae
ATP-HTVS-21B7BD60A2C7,HTVS,-3.14434477210409,运行/运行/ATP-VSW/ATP-VSW-DOCK_HTVS_1-003_lib/ATP-VSW-DOCK_HTVS_1-003_lib.mae
ATP-HTVS-21B7E8D8DA00,HTVS,-4.74104503430893,运行/运行/ATP-VSW/ATP-VSW-DOCK_HTVS_1-002_lib.maegz
ATP-HTVS-21B7E8D8DA00,HTVS,-3.915030334506,运行/运行/ATP-VSW/ATP-VSW-DOCK_HTVS_1-002_lib.maegz
ATP-HTVS-21B7E8D8DA00,HTVS,-2.85257314106657,运行/运行/ATP-VSW/ATP-VSW-DOCK_HTVS_1-002_lib.maegz
ATP-HTVS-21B7E8D8DA00,HTVS,-1.68308579731705,运行/运行/ATP-VSW/ATP-VSW-DOCK_HTVS_1-002_lib.maegz
ATP-HTVS-21BB1C807E7E,HTVS,-4.86452904460303,运行/运行/ATP-VSW/ATP-VSW-DOCK_HTVS_1-003_lib/ATP-VSW-DOCK_HTVS_1-003_lib.mae
ATP-HTVS-21BB1C807E7E,HTVS,-2.42368266325422,运行/运行/ATP-VSW/ATP-VSW-DOCK_HTVS_1-003_lib/ATP-VSW-DOCK_HTVS_1-003_lib.mae
ATP-HTVS-21D2D8C367A1,HTVS,-4.58217851065818,运行/运行/ATP-VSW/ATP-VSW-DOCK_HTVS_1-002_lib.maegz
ATP-HTVS-21D2D8C367A1,HTVS,-4.18631837364582,运行/运行/ATP-VSW/ATP-VSW-DOCK_HTVS_1-002_lib.maegz
ATP-HTVS-21D2D8C367A1,HTVS,-3.7004636200249,运行/运行/ATP-VSW/ATP-VSW-DOCK_HTVS_1-002_lib.maegz
ATP-HTVS-21D2D8C367A1,HTVS,-3.6454864213163,运行/运行/ATP-VSW/ATP-VSW-DOCK_HTVS_1-002_lib.maegz
ATP-HTVS-21D2D8C367A1,HTVS,-2.55139604167585,运行/运行/ATP-VSW/ATP-VSW-DOCK_HTVS_1-002_lib.maegz
ATP-HTVS-21D2D8C367A1,HTVS,-1.80784951533552,运行/运行/ATP-VSW/ATP-VSW-DOCK_HTVS_1-002_lib.maegz
ATP-HTVS-22634BBBCB97,HTVS,-2.64904714563674,运行/运行/ATP-VSW/ATP-VSW-DOCK_HTVS_1-003_lib/ATP-VSW-DOCK_HTVS_1-003_lib.mae
ATP-HTVS-22634BBBCB97,HTVS,-1.35127187256112,运行/运行/ATP-VSW/ATP-VSW-DOCK_HTVS_1-003_lib/ATP-VSW-DOCK_HTVS_1-003_lib.mae
ATP-HTVS-2275AB855C30,HTVS,-4.55068115608745,运行/运行/ATP-VSW/ATP-VSW-DOCK_HTVS_1-002_lib.maegz
ATP-HTVS-2275AB855C30,HTVS,-4.32844241217237,运行/运行/ATP-VSW/ATP-VSW-DOCK_HTVS_1-002_lib.maegz
ATP-HTVS-2275AB855C30,HTVS,-4.08139186516922,运行/运行/ATP-VSW/ATP-VSW-DOCK_HTVS_1-002_lib.maegz
ATP-HTVS-2275AB855C30,HTVS,-4.0482485253191,运行/运行/ATP-VSW/ATP-VSW-DOCK_HTVS_1-002_lib.maegz
ATP-HTVS-2275AB855C30,HTVS,-1.74629086979385,运行/运行/ATP-VSW/ATP-VSW-DOCK_HTVS_1-002_lib.maegz
ATP-HTVS-2275AB855C30,HTVS,-1.41647955281276,运行/运行/ATP-VSW/ATP-VSW-DOCK_HTVS_1-002_lib.maegz
ATP-HTVS-22C0C64F65E9,HTVS,-4.66340162849872,运行/运行/ATP-VSW/ATP-VSW-DOCK_HTVS_1-002_lib.maegz
ATP-HTVS-22C0C64F65E9,HTVS,-4.49352723313954,运行/运行/ATP-VSW/ATP-VSW-DOCK_HTVS_1-002_lib.maegz
ATP-HTVS-22C0C64F65E9,HTVS,-4.42038246509004,运行/运行/ATP-VSW/ATP-VSW-DOCK_HTVS_1-002_lib.maegz
ATP-HTVS-22C0C64F65E9,HTVS,-4.15354189942017,运行/运行/ATP-VSW/ATP-VSW-DOCK_HTVS_1-002_lib.maegz
ATP-HTVS-22C0C64F65E9,HTVS,-2.08546814479152,运行/运行/ATP-VSW/ATP-VSW-DOCK_HTVS_1-002_lib.maegz
ATP-HTVS-22C0C64F65E9,HTVS,-1.56298665472418,运行/运行/ATP-VSW/ATP-VSW-DOCK_HTVS_1-002_lib.maegz
ATP-HTVS-22E2482E2999,HTVS,-5.66681419218853,运行/运行/ATP-VSW/ATP-VSW-DOCK_HTVS_1-002_lib.maegz
ATP-HTVS-22E2482E2999,HTVS,-2.937047944333,运行/运行/ATP-VSW/ATP-VSW-DOCK_HTVS_1-002_lib.maegz
ATP-HTVS-22E2482E2999,HTVS,-1.6543152792085,运行/运行/ATP-VSW/ATP-VSW-DOCK_HTVS_1-002_lib.maegz
ATP-HTVS-22E536A2C0FA,HTVS,-4.34738871908122,运行/运行/ATP-VSW/ATP-VSW-DOCK_HTVS_1-001_lib/ATP-VSW-DOCK_HTVS_1-001_lib
ATP-HTVS-22E536A2C0FA,HTVS,-3.89995980845995,运行/运行/ATP-VSW/ATP-VSW-DOCK_HTVS_1-001_lib/ATP-VSW-DOCK_HTVS_1-001_lib
ATP-HTVS-22E536A2C0FA,HTVS,-2.38923055961541,运行/运行/ATP-VSW/ATP-VSW-DOCK_HTVS_1-001_lib/ATP-VSW-DOCK_HTVS_1-001_lib
ATP-HTVS-22FAF80E23F8,HTVS,-3.63891699807897,运行/运行/ATP-VSW/ATP-VSW-DOCK_HTVS_1-001_lib/ATP-VSW-DOCK_HTVS_1-001_lib
ATP-HTVS-23113A9B9381,HTVS,-2.18838654799351,运行/运行/ATP-VSW/ATP-VSW-DOCK_HTVS_1-003_lib/ATP-VSW-DOCK_HTVS_1-003_lib.mae
ATP-HTVS-2368A2FD4D76,HTVS,-4.02253006518207,运行/运行/ATP-VSW/ATP-VSW-DOCK_HTVS_1-001_lib/ATP-VSW-DOCK_HTVS_1-001_lib
ATP-HTVS-2368A2FD4D76,HTVS,-4.00869296595795,运行/运行/ATP-VSW/ATP-VSW-DOCK_HTVS_1-001_lib/ATP-VSW-DOCK_HTVS_1-001_lib
ATP-HTVS-2368A2FD4D76,HTVS,-2.54875503744463,运行/运行/ATP-VSW/ATP-VSW-DOCK_HTVS_1-001_lib/ATP-VSW-DOCK_HTVS_1-001_lib
ATP-HTVS-2368A2FD4D76,HTVS,-2.53998593140662,运行/运行/ATP-VSW/ATP-VSW-DOCK_HTVS_1-001_lib/ATP-VSW-DOCK_HTVS_1-001_lib
ATP-HTVS-2368A2FD4D76,HTVS,-2.09038565773505,运行/运行/ATP-VSW/ATP-VSW-DOCK_HTVS_1-001_lib/ATP-VSW-DOCK_HTVS_1-001_lib
ATP-HTVS-2368A2FD4D76,HTVS,-1.51943185885116,运行/运行/ATP-VSW/ATP-VSW-DOCK_HTVS_1-001_lib/ATP-VSW-DOCK_HTVS_1-001_lib
ATP-HTVS-239E0EA8BC65,HTVS,-4.04262620061258,运行/运行/ATP-VSW/ATP-VSW-DOCK_HTVS_1-001_lib/ATP-VSW-DOCK_HTVS_1-001_lib
ATP-HTVS-239E0EA8BC65,HTVS,-3.8360665472733,运行/运行/ATP-VSW/ATP-VSW-DOCK_HTVS_1-001_lib/ATP-VSW-DOCK_HTVS_1-001_lib
ATP-HTVS-239E0EA8BC65,HTVS,-2.00247912092733,运行/运行/ATP-VSW/ATP-VSW-DOCK_HTVS_1-001_lib/ATP-VSW-DOCK_HTVS_1-001_lib
ATP-HTVS-23EBF8E8F6E9,HTVS,-3.87515742667407,运行/运行/ATP-VSW/ATP-VSW-DOCK_HTVS_1-003_lib/ATP-VSW-DOCK_HTVS_1-003_lib.mae
ATP-HTVS-23EBF8E8F6E9,HTVS,-3.45480480129452,运行/运行/ATP-VSW/ATP-VSW-DOCK_HTVS_1-003_lib/ATP-VSW-DOCK_HTVS_1-003_lib.mae
ATP-HTVS-23EBF8E8F6E9,HTVS,-3.1140688869977,运行/运行/ATP-VSW/ATP-VSW-DOCK_HTVS_1-003_lib/ATP-VSW-DOCK_HTVS_1-003_lib.mae
ATP-HTVS-23EBF8E8F6E9,HTVS,-3.08099532410112,运行/运行/ATP-VSW/ATP-VSW-DOCK_HTVS_1-003_lib/ATP-VSW-DOCK_HTVS_1-003_lib.mae
ATP-HTVS-23EBF8E8F6E9,HTVS,-3.04372481613236,运行/运行/ATP-VSW/ATP-VSW-DOCK_HTVS_1-003_lib/ATP-VSW-DOCK_HTVS_1-003_lib.mae
ATP-HTVS-23EBF8E8F6E9,HTVS,-3.03619406034332,运行/运行/ATP-VSW/ATP-VSW-DOCK_HTVS_1-003_lib/ATP-VSW-DOCK_HTVS_1-003_lib.mae
ATP-HTVS-23EBF8E8F6E9,HTVS,-2.56373992181648,运行/运行/ATP-VSW/ATP-VSW-DOCK_HTVS_1-003_lib/ATP-VSW-DOCK_HTVS_1-003_lib.mae
ATP-HTVS-23EBF8E8F6E9,HTVS,-2.3713813343356,运行/运行/ATP-VSW/ATP-VSW-DOCK_HTVS_1-003_lib/ATP-VSW-DOCK_HTVS_1-003_lib.mae
ATP-HTVS-23EBF8E8F6E9,HTVS,-2.32398393708,运行/运行/ATP-VSW/ATP-VSW-DOCK_HTVS_1-003_lib/ATP-VSW-DOCK_HTVS_1-003_lib.mae
ATP-HTVS-23EBF8E8F6E9,HTVS,-2.23170346380615,运行/运行/ATP-VSW/ATP-VSW-DOCK_HTVS_1-003_lib/ATP-VSW-DOCK_HTVS_1-003_lib.mae
ATP-HTVS-23EBF8E8F6E9,HTVS,-2.15536091094974,运行/运行/ATP-VSW/ATP-VSW-DOCK_HTVS_1-003_lib/ATP-VSW-DOCK_HTVS_1-003_lib.mae
ATP-HTVS-23EBF8E8F6E9,HTVS,-2.10287865772485,运行/运行/ATP-VSW/ATP-VSW-DOCK_HTVS_1-003_lib/ATP-VSW-DOCK_HTVS_1-003_lib.mae
ATP-HTVS-23EBF8E8F6E9,HTVS,-1.94180458534785,运行/运行/ATP-VSW/ATP-VSW-DOCK_HTVS_1-003_lib/ATP-VSW-DOCK_HTVS_1-003_lib.mae
ATP-HTVS-23EBF8E8F6E9,HTVS,-1.85073560657255,运行/运行/ATP-VSW/ATP-VSW-DOCK_HTVS_1-003_lib/ATP-VSW-DOCK_HTVS_1-003_lib.mae
ATP-HTVS-23EBF8E8F6E9,HTVS,-1.47178405174159,运行/运行/ATP-VSW/ATP-VSW-DOCK_HTVS_1-003_lib/ATP-VSW-DOCK_HTVS_1-003_lib.mae
ATP-HTVS-23EBF8E8F6E9,HTVS,-1.25871767816714,运行/运行/ATP-VSW/ATP-VSW-DOCK_HTVS_1-003_lib/ATP-VSW-DOCK_HTVS_1-003_lib.mae
ATP-HTVS-23EDEB47FF93,HTVS,-4.51334298919268,运行/运行/ATP-VSW/ATP-VSW-DOCK_HTVS_1-002_lib.maegz
ATP-HTVS-23EDEB47FF93,HTVS,-2.41926152053543,运行/运行/ATP-VSW/ATP-VSW-DOCK_HTVS_1-002_lib.maegz
ATP-HTVS-23F526837945,HTVS,-4.36904068807982,运行/运行/ATP-VSW/ATP-VSW-DOCK_HTVS_1-002_lib.maegz
ATP-HTVS-23F526837945,HTVS,-3.68300579842287,运行/运行/ATP-VSW/ATP-VSW-DOCK_HTVS_1-002_lib.maegz
ATP-HTVS-23F526837945,HTVS,-2.63818000937302,运行/运行/ATP-VSW/ATP-VSW-DOCK_HTVS_1-002_lib.maegz
ATP-HTVS-23F526837945,HTVS,-1.71036958209519,运行/运行/ATP-VSW/ATP-VSW-DOCK_HTVS_1-002_lib.maegz
ATP-HTVS-23F526837945,HTVS,-1.51576122954586,运行/运行/ATP-VSW/ATP-VSW-DOCK_HTVS_1-002_lib.maegz
ATP-HTVS-23F526837945,HTVS,-1.44089521216008,运行/运行/ATP-VSW/ATP-VSW-DOCK_HTVS_1-002_lib.maegz
ATP-HTVS-244A9AEB7273,HTVS,-5.75459768677577,运行/运行/ATP-VSW/ATP-VSW-DOCK_HTVS_1-003_lib/ATP-VSW-DOCK_HTVS_1-003_lib.mae
ATP-HTVS-244A9AEB7273,HTVS,-5.29919466049723,运行/运行/ATP-VSW/ATP-VSW-DOCK_HTVS_1-003_lib/ATP-VSW-DOCK_HTVS_1-003_lib.mae
ATP-HTVS-244A9AEB7273,HTVS,-5.26284074642839,运行/运行/ATP-VSW/ATP-VSW-DOCK_HTVS_1-003_lib/ATP-VSW-DOCK_HTVS_1-003_lib.mae
ATP-HTVS-244A9AEB7273,HTVS,-4.77315156905206,运行/运行/ATP-VSW/ATP-VSW-DOCK_HTVS_1-003_lib/ATP-VSW-DOCK_HTVS_1-003_lib.mae
ATP-HTVS-244A9AEB7273,HTVS,-4.2345957584275,运行/运行/ATP-VSW/ATP-VSW-DOCK_HTVS_1-003_lib/ATP-VSW-DOCK_HTVS_1-003_lib.mae
ATP-HTVS-244A9AEB7273,HTVS,-3.45331932771978,运行/运行/ATP-VSW/ATP-VSW-DOCK_HTVS_1-003_lib/ATP-VSW-DOCK_HTVS_1-003_lib.mae
ATP-HTVS-244A9AEB7273,HTVS,-3.40092901299565,运行/运行/ATP-VSW/ATP-VSW-DOCK_HTVS_1-003_lib/ATP-VSW-DOCK_HTVS_1-003_lib.mae
ATP-HTVS-244A9AEB7273,HTVS,-3.18834542586448,运行/运行/ATP-VSW/ATP-VSW-DOCK_HTVS_1-003_lib/ATP-VSW-DOCK_HTVS_1-003_lib.mae
ATP-HTVS-244A9AEB7273,HTVS,-3.08724935910354,运行/运行/ATP-VSW/ATP-VSW-DOCK_HTVS_1-003_lib/ATP-VSW-DOCK_HTVS_1-003_lib.mae
ATP-HTVS-244A9AEB7273,HTVS,-2.88036345047651,运行/运行/ATP-VSW/ATP-VSW-DOCK_HTVS_1-003_lib/ATP-VSW-DOCK_HTVS_1-003_lib.mae
ATP-HTVS-244A9AEB7273,HTVS,-2.45570782645618,运行/运行/ATP-VSW/ATP-VSW-DOCK_HTVS_1-003_lib/ATP-VSW-DOCK_HTVS_1-003_lib.mae
ATP-HTVS-244A9AEB7273,HTVS,-1.70656923487056,运行/运行/ATP-VSW/ATP-VSW-DOCK_HTVS_1-003_lib/ATP-VSW-DOCK_HTVS_1-003_lib.mae
ATP-HTVS-247B97B4CA47,HTVS,-5.08465606620702,运行/运行/ATP-VSW/ATP-VSW-DOCK_HTVS_1-001_lib/ATP-VSW-DOCK_HTVS_1-001_lib
ATP-HTVS-247B97B4CA47,HTVS,-4.73160431435181,运行/运行/ATP-VSW/ATP-VSW-DOCK_HTVS_1-001_lib/ATP-VSW-DOCK_HTVS_1-001_lib
ATP-HTVS-247B97B4CA47,HTVS,-2.28152756341423,运行/运行/ATP-VSW/ATP-VSW-DOCK_HTVS_1-001_lib/ATP-VSW-DOCK_HTVS_1-001_lib
ATP-HTVS-2485F4B11063,HTVS,-5.66278016806593,运行/运行/ATP-VSW/ATP-VSW-DOCK_HTVS_1-001_lib/ATP-VSW-DOCK_HTVS_1-001_lib
ATP-HTVS-2485F4B11063,HTVS,-4.47843445642271,运行/运行/ATP-VSW/ATP-VSW-DOCK_HTVS_1-001_lib/ATP-VSW-DOCK_HTVS_1-001_lib
ATP-HTVS-2485F4B11063,HTVS,-3.43128404162023,运行/运行/ATP-VSW/ATP-VSW-DOCK_HTVS_1-001_lib/ATP-VSW-DOCK_HTVS_1-001_lib
ATP-HTVS-24E588DA0D03,HTVS,-4.62906080972694,运行/运行/ATP-VSW/ATP-VSW-DOCK_HTVS_1-003_lib/ATP-VSW-DOCK_HTVS_1-003_lib.mae
ATP-HTVS-24E588DA0D03,HTVS,-3.0110153613786,运行/运行/ATP-VSW/ATP-VSW-DOCK_HTVS_1-003_lib/ATP-VSW-DOCK_HTVS_1-003_lib.mae
ATP-HTVS-24E588DA0D03,HTVS,-2.3683471420116,运行/运行/ATP-VSW/ATP-VSW-DOCK_HTVS_1-003_lib/ATP-VSW-DOCK_HTVS_1-003_lib.mae
ATP-HTVS-2507C3370FB9,HTVS,-4.2291968922238,运行/运行/ATP-VSW/ATP-VSW-DOCK_HTVS_1-003_lib/ATP-VSW-DOCK_HTVS_1-003_lib.mae
ATP-HTVS-2507C3370FB9,HTVS,-3.30041426791502,运行/运行/ATP-VSW/ATP-VSW-DOCK_HTVS_1-003_lib/ATP-VSW-DOCK_HTVS_1-003_lib.mae
ATP-HTVS-2507C3370FB9,HTVS,0.531921929782425,运行/运行/ATP-VSW/ATP-VSW-DOCK_HTVS_1-003_lib/ATP-VSW-DOCK_HTVS_1-003_lib.mae
ATP-HTVS-255C97768CDB,HTVS,-3.95866292265843,运行/运行/ATP-VSW/ATP-VSW-DOCK_HTVS_1-002_lib.maegz
ATP-HTVS-255C97768CDB,HTVS,-2.31818764764397,运行/运行/ATP-VSW/ATP-VSW-DOCK_HTVS_1-002_lib.maegz
ATP-HTVS-258E82C8B178,HTVS,-4.79198758585312,运行/运行/ATP-VSW/ATP-VSW-DOCK_HTVS_1-002_lib.maegz
ATP-HTVS-258E82C8B178,HTVS,-2.31930053222935,运行/运行/ATP-VSW/ATP-VSW-DOCK_HTVS_1-002_lib.maegz
ATP-HTVS-2598958FABEA,HTVS,-4.84376240773032,运行/运行/ATP-VSW/ATP-VSW-DOCK_HTVS_1-001_lib/ATP-VSW-DOCK_HTVS_1-001_lib
ATP-HTVS-2598958FABEA,HTVS,-3.52733871488664,运行/运行/ATP-VSW/ATP-VSW-DOCK_HTVS_1-001_lib/ATP-VSW-DOCK_HTVS_1-001_lib
ATP-HTVS-2598958FABEA,HTVS,-1.7961245446407,运行/运行/ATP-VSW/ATP-VSW-DOCK_HTVS_1-001_lib/ATP-VSW-DOCK_HTVS_1-001_lib
ATP-HTVS-25BEFE000F10,HTVS,-4.22544251153651,运行/运行/ATP-VSW/ATP-VSW-DOCK_HTVS_1-003_lib/ATP-VSW-DOCK_HTVS_1-003_lib.mae
ATP-HTVS-25BEFE000F10,HTVS,-2.15960382475898,运行/运行/ATP-VSW/ATP-VSW-DOCK_HTVS_1-003_lib/ATP-VSW-DOCK_HTVS_1-003_lib.mae
ATP-HTVS-25BEFE000F10,HTVS,-1.74233541846819,运行/运行/ATP-VSW/ATP-VSW-DOCK_HTVS_1-003_lib/ATP-VSW-DOCK_HTVS_1-003_lib.mae
ATP-HTVS-26104959C4F1,HTVS,-4.74613420248316,运行/运行/ATP-VSW/ATP-VSW-DOCK_HTVS_1-001_lib/ATP-VSW-DOCK_HTVS_1-001_lib
ATP-HTVS-2641D0EED03A,HTVS,-3.94843068410777,运行/运行/ATP-VSW/ATP-VSW-DOCK_HTVS_1-001_lib/ATP-VSW-DOCK_HTVS_1-001_lib
ATP-HTVS-2641D0EED03A,HTVS,-3.52664971871717,运行/运行/ATP-VSW/ATP-VSW-DOCK_HTVS_1-001_lib/ATP-VSW-DOCK_HTVS_1-001_lib
ATP-HTVS-267F6CCD1B36,HTVS,-4.24209775183825,运行/运行/ATP-VSW/ATP-VSW-DOCK_HTVS_1-003_lib/ATP-VSW-DOCK_HTVS_1-003_lib.mae
ATP-HTVS-267F6CCD1B36,HTVS,-1.94252764112217,运行/运行/ATP-VSW/ATP-VSW-DOCK_HTVS_1-003_lib/ATP-VSW-DOCK_HTVS_1-003_lib.mae
ATP-HTVS-2699169FE698,HTVS,-3.14832764757807,运行/运行/ATP-VSW/ATP-VSW-DOCK_HTVS_1-002_lib.maegz
ATP-HTVS-2699169FE698,HTVS,-2.16468546506703,运行/运行/ATP-VSW/ATP-VSW-DOCK_HTVS_1-002_lib.maegz
ATP-HTVS-269AF530E7D7,HTVS,-3.31438144217332,运行/运行/ATP-VSW/ATP-VSW-DOCK_HTVS_1-003_lib/ATP-VSW-DOCK_HTVS_1-003_lib.mae
ATP-HTVS-27050A3A08BE,HTVS,-4.70799181464544,运行/运行/ATP-VSW/ATP-VSW-DOCK_HTVS_1-003_lib/ATP-VSW-DOCK_HTVS_1-003_lib.mae
ATP-HTVS-27135ACF267B,HTVS,-4.19816809497186,运行/运行/ATP-VSW/ATP-VSW-DOCK_HTVS_1-003_lib/ATP-VSW-DOCK_HTVS_1-003_lib.mae
ATP-HTVS-27135ACF267B,HTVS,-4.15371596223573,运行/运行/ATP-VSW/ATP-VSW-DOCK_HTVS_1-003_lib/ATP-VSW-DOCK_HTVS_1-003_lib.mae
ATP-HTVS-27135ACF267B,HTVS,-3.92899575310609,运行/运行/ATP-VSW/ATP-VSW-DOCK_HTVS_1-003_lib/ATP-VSW-DOCK_HTVS_1-003_lib.mae
ATP-HTVS-27135ACF267B,HTVS,-3.56738387655894,运行/运行/ATP-VSW/ATP-VSW-DOCK_HTVS_1-003_lib/ATP-VSW-DOCK_HTVS_1-003_lib.mae
ATP-HTVS-27135ACF267B,HTVS,-3.50130038013264,运行/运行/ATP-VSW/ATP-VSW-DOCK_HTVS_1-003_lib/ATP-VSW-DOCK_HTVS_1-003_lib.mae
ATP-HTVS-27135ACF267B,HTVS,-3.30172287036863,运行/运行/ATP-VSW/ATP-VSW-DOCK_HTVS_1-003_lib/ATP-VSW-DOCK_HTVS_1-003_lib.mae
ATP-HTVS-27135ACF267B,HTVS,-2.82494046101335,运行/运行/ATP-VSW/ATP-VSW-DOCK_HTVS_1-003_lib/ATP-VSW-DOCK_HTVS_1-003_lib.mae
ATP-HTVS-27135ACF267B,HTVS,-2.2375794260588,运行/运行/ATP-VSW/ATP-VSW-DOCK_HTVS_1-003_lib/ATP-VSW-DOCK_HTVS_1-003_lib.mae
ATP-HTVS-27135ACF267B,HTVS,-1.86060488855361,运行/运行/ATP-VSW/ATP-VSW-DOCK_HTVS_1-003_lib/ATP-VSW-DOCK_HTVS_1-003_lib.mae
ATP-HTVS-27135ACF267B,HTVS,-1.61354587362011,运行/运行/ATP-VSW/ATP-VSW-DOCK_HTVS_1-003_lib/ATP-VSW-DOCK_HTVS_1-003_lib.mae
ATP-HTVS-27135ACF267B,HTVS,-1.57370010223875,运行/运行/ATP-VSW/ATP-VSW-DOCK_HTVS_1-003_lib/ATP-VSW-DOCK_HTVS_1-003_lib.mae
ATP-HTVS-27135ACF267B,HTVS,-1.33834363791497,运行/运行/ATP-VSW/ATP-VSW-DOCK_HTVS_1-003_lib/ATP-VSW-DOCK_HTVS_1-003_lib.mae
ATP-HTVS-27537703FBA2,HTVS,-1.76403197384115,运行/运行/ATP-VSW/ATP-VSW-DOCK_HTVS_1-003_lib/ATP-VSW-DOCK_HTVS_1-003_lib.mae
ATP-HTVS-277F9700EDE9,HTVS,-4.46033636090095,运行/运行/ATP-VSW/ATP-VSW-DOCK_HTVS_1-003_lib/ATP-VSW-DOCK_HTVS_1-003_lib.mae
ATP-HTVS-277F9700EDE9,HTVS,-3.85614776673223,运行/运行/ATP-VSW/ATP-VSW-DOCK_HTVS_1-003_lib/ATP-VSW-DOCK_HTVS_1-003_lib.mae
ATP-HTVS-277F9700EDE9,HTVS,-3.00780805940115,运行/运行/ATP-VSW/ATP-VSW-DOCK_HTVS_1-003_lib/ATP-VSW-DOCK_HTVS_1-003_lib.mae
ATP-HTVS-27B53DA4C14D,HTVS,-4.24285460340491,运行/运行/ATP-VSW/ATP-VSW-DOCK_HTVS_1-003_lib/ATP-VSW-DOCK_HTVS_1-003_lib.mae
ATP-HTVS-27B53DA4C14D,HTVS,-3.17883925089388,运行/运行/ATP-VSW/ATP-VSW-DOCK_HTVS_1-003_lib/ATP-VSW-DOCK_HTVS_1-003_lib.mae
ATP-HTVS-27BC230C206A,HTVS,-4.5255986912866,运行/运行/ATP-VSW/ATP-VSW-DOCK_HTVS_1-001_lib/ATP-VSW-DOCK_HTVS_1-001_lib
ATP-HTVS-27BC230C206A,HTVS,-3.98657369317552,运行/运行/ATP-VSW/ATP-VSW-DOCK_HTVS_1-001_lib/ATP-VSW-DOCK_HTVS_1-001_lib
ATP-HTVS-27BC230C206A,HTVS,-1.60436830032056,运行/运行/ATP-VSW/ATP-VSW-DOCK_HTVS_1-001_lib/ATP-VSW-DOCK_HTVS_1-001_lib
ATP-HTVS-27E43B44E6A8,HTVS,-3.08375895148985,运行/运行/ATP-VSW/ATP-VSW-DOCK_HTVS_1-003_lib/ATP-VSW-DOCK_HTVS_1-003_lib.mae
ATP-HTVS-27E43B44E6A8,HTVS,-2.51633868143335,运行/运行/ATP-VSW/ATP-VSW-DOCK_HTVS_1-003_lib/ATP-VSW-DOCK_HTVS_1-003_lib.mae
ATP-HTVS-27E43B44E6A8,HTVS,-1.79099506224826,运行/运行/ATP-VSW/ATP-VSW-DOCK_HTVS_1-003_lib/ATP-VSW-DOCK_HTVS_1-003_lib.mae
ATP-HTVS-27E43B44E6A8,HTVS,-1.00000687005442,运行/运行/ATP-VSW/ATP-VSW-DOCK_HTVS_1-003_lib/ATP-VSW-DOCK_HTVS_1-003_lib.mae
ATP-HTVS-27FE3E1C2A9E,HTVS,-2.17959898057809,运行/运行/ATP-VSW/ATP-VSW-DOCK_HTVS_1-002_lib.maegz
ATP-HTVS-2801EC41FD47,HTVS,-3.54789906091208,运行/运行/ATP-VSW/ATP-VSW-DOCK_HTVS_1-002_lib.maegz
ATP-HTVS-2818D10B14C2,HTVS,-4.57000787430811,运行/运行/ATP-VSW/ATP-VSW-DOCK_HTVS_1-001_lib/ATP-VSW-DOCK_HTVS_1-001_lib
ATP-HTVS-286379397336,HTVS,-3.50002117519494,运行/运行/ATP-VSW/ATP-VSW-DOCK_HTVS_1-001_lib/ATP-VSW-DOCK_HTVS_1-001_lib
ATP-HTVS-286379397336,HTVS,-2.74563603474891,运行/运行/ATP-VSW/ATP-VSW-DOCK_HTVS_1-001_lib/ATP-VSW-DOCK_HTVS_1-001_lib
ATP-HTVS-28D90B8D287A,HTVS,-4.45658966501272,运行/运行/ATP-VSW/ATP-VSW-DOCK_HTVS_1-003_lib/ATP-VSW-DOCK_HTVS_1-003_lib.mae
ATP-HTVS-28D90B8D287A,HTVS,-3.35774947031583,运行/运行/ATP-VSW/ATP-VSW-DOCK_HTVS_1-003_lib/ATP-VSW-DOCK_HTVS_1-003_lib.mae
ATP-HTVS-28D90B8D287A,HTVS,-1.25909515096053,运行/运行/ATP-VSW/ATP-VSW-DOCK_HTVS_1-003_lib/ATP-VSW-DOCK_HTVS_1-003_lib.mae
ATP-HTVS-28F6129F8E3C,HTVS,-4.409200336205,运行/运行/ATP-VSW/ATP-VSW-DOCK_HTVS_1-001_lib/ATP-VSW-DOCK_HTVS_1-001_lib
ATP-HTVS-2912F4F66BA1,HTVS,-3.6441329314009,运行/运行/ATP-VSW/ATP-VSW-DOCK_HTVS_1-002_lib.maegz
ATP-HTVS-291AE177F52E,HTVS,-4.36716167786867,运行/运行/ATP-VSW/ATP-VSW-DOCK_HTVS_1-003_lib/ATP-VSW-DOCK_HTVS_1-003_lib.mae
ATP-HTVS-291AE177F52E,HTVS,-3.35704178317604,运行/运行/ATP-VSW/ATP-VSW-DOCK_HTVS_1-003_lib/ATP-VSW-DOCK_HTVS_1-003_lib.mae
ATP-HTVS-291AE177F52E,HTVS,-2.40158230112742,运行/运行/ATP-VSW/ATP-VSW-DOCK_HTVS_1-003_lib/ATP-VSW-DOCK_HTVS_1-003_lib.mae
ATP-HTVS-291AE177F52E,HTVS,-1.76397575280214,运行/运行/ATP-VSW/ATP-VSW-DOCK_HTVS_1-003_lib/ATP-VSW-DOCK_HTVS_1-003_lib.mae
ATP-HTVS-291AE177F52E,HTVS,-1.58933669022291,运行/运行/ATP-VSW/ATP-VSW-DOCK_HTVS_1-003_lib/ATP-VSW-DOCK_HTVS_1-003_lib.mae
ATP-HTVS-2A14F6A33EFE,HTVS,-5.24980933887412,运行/运行/ATP-VSW/ATP-VSW-DOCK_HTVS_1-002_lib.maegz
ATP-HTVS-2A14F6A33EFE,HTVS,-4.4885059593253,运行/运行/ATP-VSW/ATP-VSW-DOCK_HTVS_1-002_lib.maegz
ATP-HTVS-2A14F6A33EFE,HTVS,-2.73181364535022,运行/运行/ATP-VSW/ATP-VSW-DOCK_HTVS_1-002_lib.maegz
ATP-HTVS-2A14F6A33EFE,HTVS,-2.61484411399263,运行/运行/ATP-VSW/ATP-VSW-DOCK_HTVS_1-002_lib.maegz
ATP-HTVS-2A14F6A33EFE,HTVS,-2.24997340688969,运行/运行/ATP-VSW/ATP-VSW-DOCK_HTVS_1-002_lib.maegz
ATP-HTVS-2A14F6A33EFE,HTVS,-2.20429528040631,运行/运行/ATP-VSW/ATP-VSW-DOCK_HTVS_1-002_lib.maegz
ATP-HTVS-2A420AE0278C,HTVS,-3.66995424935913,运行/运行/ATP-VSW/ATP-VSW-DOCK_HTVS_1-002_lib.maegz
ATP-HTVS-2A420AE0278C,HTVS,-2.62707829020751,运行/运行/ATP-VSW/ATP-VSW-DOCK_HTVS_1-002_lib.maegz
ATP-HTVS-2A473A7CBE48,HTVS,-3.69621438825461,运行/运行/ATP-VSW/ATP-VSW-DOCK_HTVS_1-002_lib.maegz
ATP-HTVS-2A473A7CBE48,HTVS,-2.09068601722597,运行/运行/ATP-VSW/ATP-VSW-DOCK_HTVS_1-002_lib.maegz
ATP-HTVS-2A6980A94AB8,HTVS,-5.02705879123109,运行/运行/ATP-VSW/ATP-VSW-DOCK_HTVS_1-003_lib/ATP-VSW-DOCK_HTVS_1-003_lib.mae
ATP-HTVS-2A6980A94AB8,HTVS,-4.92863003682001,运行/运行/ATP-VSW/ATP-VSW-DOCK_HTVS_1-003_lib/ATP-VSW-DOCK_HTVS_1-003_lib.mae
ATP-HTVS-2A91244EC1AD,HTVS,-5.00113179091921,运行/运行/ATP-VSW/ATP-VSW-DOCK_HTVS_1-003_lib/ATP-VSW-DOCK_HTVS_1-003_lib.mae
ATP-HTVS-2AC4031F681F,HTVS,-3.63036145484555,运行/运行/ATP-VSW/ATP-VSW-DOCK_HTVS_1-002_lib.maegz
ATP-HTVS-2AD5F3716208,HTVS,-6.46875032106379,运行/运行/ATP-VSW/ATP-VSW-DOCK_HTVS_1-002_lib.maegz
ATP-HTVS-2AD5F3716208,HTVS,-6.03572977936077,运行/运行/ATP-VSW/ATP-VSW-DOCK_HTVS_1-002_lib.maegz
ATP-HTVS-2AD5F3716208,HTVS,-5.79206277088801,运行/运行/ATP-VSW/ATP-VSW-DOCK_HTVS_1-002_lib.maegz
ATP-HTVS-2AD5F3716208,HTVS,-5.32548263777806,运行/运行/ATP-VSW/ATP-VSW-DOCK_HTVS_1-002_lib.maegz
ATP-HTVS-2AD5F3716208,HTVS,-3.20140750068074,运行/运行/ATP-VSW/ATP-VSW-DOCK_HTVS_1-002_lib.maegz
ATP-HTVS-2AD5F3716208,HTVS,-3.18095004423507,运行/运行/ATP-VSW/ATP-VSW-DOCK_HTVS_1-002_lib.maegz
ATP-HTVS-2AD5F3716208,HTVS,-2.91610169176203,运行/运行/ATP-VSW/ATP-VSW-DOCK_HTVS_1-002_lib.maegz
ATP-HTVS-2AD5F3716208,HTVS,-1.85140080821477,运行/运行/ATP-VSW/ATP-VSW-DOCK_HTVS_1-002_lib.maegz
ATP-HTVS-2AFCB32282C0,HTVS,-3.8960089217014,运行/运行/ATP-VSW/ATP-VSW-DOCK_HTVS_1-001_lib/ATP-VSW-DOCK_HTVS_1-001_lib
ATP-HTVS-2AFCB32282C0,HTVS,-3.88396946172701,运行/运行/ATP-VSW/ATP-VSW-DOCK_HTVS_1-001_lib/ATP-VSW-DOCK_HTVS_1-001_lib
ATP-HTVS-2AFCB32282C0,HTVS,-3.25273928356551,运行/运行/ATP-VSW/ATP-VSW-DOCK_HTVS_1-001_lib/ATP-VSW-DOCK_HTVS_1-001_lib
ATP-HTVS-2AFCB32282C0,HTVS,-1.54278784401393,运行/运行/ATP-VSW/ATP-VSW-DOCK_HTVS_1-001_lib/ATP-VSW-DOCK_HTVS_1-001_lib
ATP-HTVS-2AFCB32282C0,HTVS,-1.50409654992548,运行/运行/ATP-VSW/ATP-VSW-DOCK_HTVS_1-001_lib/ATP-VSW-DOCK_HTVS_1-001_lib
ATP-HTVS-2AFCB32282C0,HTVS,-1.48799918000163,运行/运行/ATP-VSW/ATP-VSW-DOCK_HTVS_1-001_lib/ATP-VSW-DOCK_HTVS_1-001_lib
ATP-HTVS-2AFCB32282C0,HTVS,-1.39175753745656,运行/运行/ATP-VSW/ATP-VSW-DOCK_HTVS_1-001_lib/ATP-VSW-DOCK_HTVS_1-001_lib
ATP-HTVS-2B2381835080,HTVS,-2.9945143731801,运行/运行/ATP-VSW/ATP-VSW-DOCK_HTVS_1-002_lib.maegz
ATP-HTVS-2B54247B4108,HTVS,-3.75512751001344,运行/运行/ATP-VSW/ATP-VSW-DOCK_HTVS_1-001_lib/ATP-VSW-DOCK_HTVS_1-001_lib
ATP-HTVS-2B683AA1DF30,HTVS,-4.48351303923302,运行/运行/ATP-VSW/ATP-VSW-DOCK_HTVS_1-003_lib/ATP-VSW-DOCK_HTVS_1-003_lib.mae
ATP-HTVS-2B683AA1DF30,HTVS,-2.25119164521006,运行/运行/ATP-VSW/ATP-VSW-DOCK_HTVS_1-003_lib/ATP-VSW-DOCK_HTVS_1-003_lib.mae
ATP-HTVS-2B725536FCE2,HTVS,-3.74931666490995,运行/运行/ATP-VSW/ATP-VSW-DOCK_HTVS_1-002_lib.maegz
ATP-HTVS-2B725536FCE2,HTVS,-2.64110518769869,运行/运行/ATP-VSW/ATP-VSW-DOCK_HTVS_1-002_lib.maegz
ATP-HTVS-2B784D1D7344,HTVS,-1.12001739879818,运行/运行/ATP-VSW/ATP-VSW-DOCK_HTVS_1-002_lib.maegz
ATP-HTVS-2C366CB23264,HTVS,-4.72014352318489,运行/运行/ATP-VSW/ATP-VSW-DOCK_HTVS_1-001_lib/ATP-VSW-DOCK_HTVS_1-001_lib
ATP-HTVS-2C366CB23264,HTVS,-4.24333627311487,运行/运行/ATP-VSW/ATP-VSW-DOCK_HTVS_1-001_lib/ATP-VSW-DOCK_HTVS_1-001_lib
ATP-HTVS-2C366CB23264,HTVS,-3.87834536527558,运行/运行/ATP-VSW/ATP-VSW-DOCK_HTVS_1-001_lib/ATP-VSW-DOCK_HTVS_1-001_lib
ATP-HTVS-2C366CB23264,HTVS,-2.3294303026647,运行/运行/ATP-VSW/ATP-VSW-DOCK_HTVS_1-001_lib/ATP-VSW-DOCK_HTVS_1-001_lib
ATP-HTVS-2C366CB23264,HTVS,-2.04420563548282,运行/运行/ATP-VSW/ATP-VSW-DOCK_HTVS_1-001_lib/ATP-VSW-DOCK_HTVS_1-001_lib
ATP-HTVS-2C366CB23264,HTVS,-1.66054183764854,运行/运行/ATP-VSW/ATP-VSW-DOCK_HTVS_1-001_lib/ATP-VSW-DOCK_HTVS_1-001_lib
ATP-HTVS-2C5504015D66,HTVS,-6.06653263710345,运行/运行/ATP-VSW/ATP-VSW-DOCK_HTVS_1-002_lib.maegz
ATP-HTVS-2C5504015D66,HTVS,-5.98974497051113,运行/运行/ATP-VSW/ATP-VSW-DOCK_HTVS_1-002_lib.maegz
ATP-HTVS-2C5504015D66,HTVS,-5.74840630207651,运行/运行/ATP-VSW/ATP-VSW-DOCK_HTVS_1-002_lib.maegz
ATP-HTVS-2C5504015D66,HTVS,-4.9289449851227,运行/运行/ATP-VSW/ATP-VSW-DOCK_HTVS_1-002_lib.maegz
ATP-HTVS-2C5504015D66,HTVS,-4.3684022921666,运行/运行/ATP-VSW/ATP-VSW-DOCK_HTVS_1-002_lib.maegz
ATP-HTVS-2C5504015D66,HTVS,-3.50541412893605,运行/运行/ATP-VSW/ATP-VSW-DOCK_HTVS_1-002_lib.maegz
ATP-HTVS-2C5504015D66,HTVS,-3.43035969488048,运行/运行/ATP-VSW/ATP-VSW-DOCK_HTVS_1-002_lib.maegz
ATP-HTVS-2C5504015D66,HTVS,-2.83825250683402,运行/运行/ATP-VSW/ATP-VSW-DOCK_HTVS_1-002_lib.maegz
ATP-HTVS-2C72C850E8DC,HTVS,-5.09073610364331,运行/运行/ATP-VSW/ATP-VSW-DOCK_HTVS_1-002_lib.maegz
ATP-HTVS-2C72C850E8DC,HTVS,-3.99357693552684,运行/运行/ATP-VSW/ATP-VSW-DOCK_HTVS_1-002_lib.maegz
ATP-HTVS-2C72C850E8DC,HTVS,-2.90942386713295,运行/运行/ATP-VSW/ATP-VSW-DOCK_HTVS_1-002_lib.maegz
ATP-HTVS-2C72C850E8DC,HTVS,-2.08193075815702,运行/运行/ATP-VSW/ATP-VSW-DOCK_HTVS_1-002_lib.maegz
ATP-HTVS-2C852BECD08A,HTVS,-5.32917125483599,运行/运行/ATP-VSW/ATP-VSW-DOCK_HTVS_1-001_lib/ATP-VSW-DOCK_HTVS_1-001_lib
ATP-HTVS-2C852BECD08A,HTVS,-3.49297627883036,运行/运行/ATP-VSW/ATP-VSW-DOCK_HTVS_1-001_lib/ATP-VSW-DOCK_HTVS_1-001_lib
ATP-HTVS-2C852BECD08A,HTVS,-3.27572659968793,运行/运行/ATP-VSW/ATP-VSW-DOCK_HTVS_1-001_lib/ATP-VSW-DOCK_HTVS_1-001_lib
ATP-HTVS-2C8A8FE641B8,HTVS,-4.21524671014147,运行/运行/ATP-VSW/ATP-VSW-DOCK_HTVS_1-002_lib.maegz
ATP-HTVS-2C8A8FE641B8,HTVS,-3.24953212197888,运行/运行/ATP-VSW/ATP-VSW-DOCK_HTVS_1-002_lib.maegz
ATP-HTVS-2CB691E3F247,HTVS,-3.38635953523702,运行/运行/ATP-VSW/ATP-VSW-DOCK_HTVS_1-001_lib/ATP-VSW-DOCK_HTVS_1-001_lib
ATP-HTVS-2CD40FD4C79D,HTVS,-3.90604274600031,运行/运行/ATP-VSW/ATP-VSW-DOCK_HTVS_1-003_lib/ATP-VSW-DOCK_HTVS_1-003_lib.mae
ATP-HTVS-2CD40FD4C79D,HTVS,-2.72375033877759,运行/运行/ATP-VSW/ATP-VSW-DOCK_HTVS_1-003_lib/ATP-VSW-DOCK_HTVS_1-003_lib.mae
ATP-HTVS-2CD40FD4C79D,HTVS,-2.49601229872258,运行/运行/ATP-VSW/ATP-VSW-DOCK_HTVS_1-003_lib/ATP-VSW-DOCK_HTVS_1-003_lib.mae
ATP-HTVS-2CD40FD4C79D,HTVS,-2.35402133431558,运行/运行/ATP-VSW/ATP-VSW-DOCK_HTVS_1-003_lib/ATP-VSW-DOCK_HTVS_1-003_lib.mae
ATP-HTVS-2CDCEBF2F10D,HTVS,-4.21433846910375,运行/运行/ATP-VSW/ATP-VSW-DOCK_HTVS_1-001_lib/ATP-VSW-DOCK_HTVS_1-001_lib
ATP-HTVS-2CDCEBF2F10D,HTVS,-2.54264563729129,运行/运行/ATP-VSW/ATP-VSW-DOCK_HTVS_1-001_lib/ATP-VSW-DOCK_HTVS_1-001_lib
ATP-HTVS-2D0B83E336C6,HTVS,-1.71288152632491,运行/运行/ATP-VSW/ATP-VSW-DOCK_HTVS_1-002_lib.maegz
ATP-HTVS-2D0B83E336C6,HTVS,-1.19782800792537,运行/运行/ATP-VSW/ATP-VSW-DOCK_HTVS_1-002_lib.maegz
ATP-HTVS-2D0B83E336C6,HTVS,-0.529807080499591,运行/运行/ATP-VSW/ATP-VSW-DOCK_HTVS_1-002_lib.maegz
ATP-HTVS-2D0B83E336C6,HTVS,-0.493298299845383,运行/运行/ATP-VSW/ATP-VSW-DOCK_HTVS_1-002_lib.maegz
ATP-HTVS-2D0B83E336C6,HTVS,-0.397435999771676,运行/运行/ATP-VSW/ATP-VSW-DOCK_HTVS_1-002_lib.maegz
ATP-HTVS-2D0B83E336C6,HTVS,0.990607094687908,运行/运行/ATP-VSW/ATP-VSW-DOCK_HTVS_1-002_lib.maegz
ATP-HTVS-2D571D26B6AC,HTVS,-4.00028605360224,运行/运行/ATP-VSW/ATP-VSW-DOCK_HTVS_1-001_lib/ATP-VSW-DOCK_HTVS_1-001_lib
ATP-HTVS-2D5D363D0DBE,HTVS,-4.43765946592724,运行/运行/ATP-VSW/ATP-VSW-DOCK_HTVS_1-002_lib.maegz
ATP-HTVS-2DA674675DE4,HTVS,-1.06394517209285,运行/运行/ATP-VSW/ATP-VSW-DOCK_HTVS_1-001_lib/ATP-VSW-DOCK_HTVS_1-001_lib
ATP-HTVS-2DB2F1DB5A18,HTVS,-1.42005166263302,运行/运行/ATP-VSW/ATP-VSW-DOCK_HTVS_1-003_lib/ATP-VSW-DOCK_HTVS_1-003_lib.mae
ATP-HTVS-2DB2F1DB5A18,HTVS,-0.827879487977561,运行/运行/ATP-VSW/ATP-VSW-DOCK_HTVS_1-003_lib/ATP-VSW-DOCK_HTVS_1-003_lib.mae
ATP-HTVS-2DB2F8E5543E,HTVS,-3.93640990047433,运行/运行/ATP-VSW/ATP-VSW-DOCK_HTVS_1-001_lib/ATP-VSW-DOCK_HTVS_1-001_lib
ATP-HTVS-2DB2F8E5543E,HTVS,-3.29812508468324,运行/运行/ATP-VSW/ATP-VSW-DOCK_HTVS_1-001_lib/ATP-VSW-DOCK_HTVS_1-001_lib
ATP-HTVS-2DB2F8E5543E,HTVS,-2.08824264727956,运行/运行/ATP-VSW/ATP-VSW-DOCK_HTVS_1-001_lib/ATP-VSW-DOCK_HTVS_1-001_lib
ATP-HTVS-2DB2F8E5543E,HTVS,-1.91779161023935,运行/运行/ATP-VSW/ATP-VSW-DOCK_HTVS_1-001_lib/ATP-VSW-DOCK_HTVS_1-001_lib
ATP-HTVS-2DBBB7EE3EAF,HTVS,-5.00875136571722,运行/运行/ATP-VSW/ATP-VSW-DOCK_HTVS_1-002_lib.maegz
ATP-HTVS-2DBBB7EE3EAF,HTVS,-4.10721999366528,运行/运行/ATP-VSW/ATP-VSW-DOCK_HTVS_1-002_lib.maegz
ATP-HTVS-2DBBB7EE3EAF,HTVS,-3.51424422265348,运行/运行/ATP-VSW/ATP-VSW-DOCK_HTVS_1-002_lib.maegz
ATP-HTVS-2DBBB7EE3EAF,HTVS,-3.19160930032375,运行/运行/ATP-VSW/ATP-VSW-DOCK_HTVS_1-002_lib.maegz
ATP-HTVS-2DBBB7EE3EAF,HTVS,-1.88020614083557,运行/运行/ATP-VSW/ATP-VSW-DOCK_HTVS_1-002_lib.maegz
ATP-HTVS-2DBBB7EE3EAF,HTVS,-1.70172553380766,运行/运行/ATP-VSW/ATP-VSW-DOCK_HTVS_1-002_lib.maegz
ATP-HTVS-2E0BAC8D644B,HTVS,-4.39510740702187,运行/运行/ATP-VSW/ATP-VSW-DOCK_HTVS_1-002_lib.maegz
ATP-HTVS-2E0BAC8D644B,HTVS,-3.38164211551502,运行/运行/ATP-VSW/ATP-VSW-DOCK_HTVS_1-002_lib.maegz
ATP-HTVS-2E0BAC8D644B,HTVS,-3.1262906204188,运行/运行/ATP-VSW/ATP-VSW-DOCK_HTVS_1-002_lib.maegz
ATP-HTVS-2E0BAC8D644B,HTVS,-2.7310910773492,运行/运行/ATP-VSW/ATP-VSW-DOCK_HTVS_1-002_lib.maegz
ATP-HTVS-2E0BAC8D644B,HTVS,-2.31894164028293,运行/运行/ATP-VSW/ATP-VSW-DOCK_HTVS_1-002_lib.maegz
ATP-HTVS-2E0BAC8D644B,HTVS,-1.19498622385672,运行/运行/ATP-VSW/ATP-VSW-DOCK_HTVS_1-002_lib.maegz
ATP-HTVS-2E3C44D093AA,HTVS,-4.47457655044689,运行/运行/ATP-VSW/ATP-VSW-DOCK_HTVS_1-001_lib/ATP-VSW-DOCK_HTVS_1-001_lib
ATP-HTVS-2E3C44D093AA,HTVS,-2.07943328590616,运行/运行/ATP-VSW/ATP-VSW-DOCK_HTVS_1-001_lib/ATP-VSW-DOCK_HTVS_1-001_lib
ATP-HTVS-2E3E6C1A8749,HTVS,-5.1012505243429,运行/运行/ATP-VSW/ATP-VSW-DOCK_HTVS_1-003_lib/ATP-VSW-DOCK_HTVS_1-003_lib.mae
ATP-HTVS-2E3E6C1A8749,HTVS,-4.89771094121071,运行/运行/ATP-VSW/ATP-VSW-DOCK_HTVS_1-003_lib/ATP-VSW-DOCK_HTVS_1-003_lib.mae
ATP-HTVS-2E4BDA1C28D9,HTVS,-2.55762200684525,运行/运行/ATP-VSW/ATP-VSW-DOCK_HTVS_1-002_lib.maegz
ATP-HTVS-2E7AE7689BA0,HTVS,-1.29539637949352,运行/运行/ATP-VSW/ATP-VSW-DOCK_HTVS_1-002_lib.maegz
ATP-HTVS-2ECA33AB7628,HTVS,-4.80153473462974,运行/运行/ATP-VSW/ATP-VSW-DOCK_HTVS_1-002_lib.maegz
ATP-HTVS-2ECA33AB7628,HTVS,-3.05056391167846,运行/运行/ATP-VSW/ATP-VSW-DOCK_HTVS_1-002_lib.maegz
ATP-HTVS-2EE3FF4CB435,HTVS,-2.77759502533193,运行/运行/ATP-VSW/ATP-VSW-DOCK_HTVS_1-003_lib/ATP-VSW-DOCK_HTVS_1-003_lib.mae
ATP-HTVS-2F35A8572662,HTVS,-4.070623198666,运行/运行/ATP-VSW/ATP-VSW-DOCK_HTVS_1-003_lib/ATP-VSW-DOCK_HTVS_1-003_lib.mae
ATP-HTVS-2F35A8572662,HTVS,-3.71220737340435,运行/运行/ATP-VSW/ATP-VSW-DOCK_HTVS_1-003_lib/ATP-VSW-DOCK_HTVS_1-003_lib.mae
ATP-HTVS-2F35A8572662,HTVS,-2.88224459988604,运行/运行/ATP-VSW/ATP-VSW-DOCK_HTVS_1-003_lib/ATP-VSW-DOCK_HTVS_1-003_lib.mae
ATP-HTVS-2F483D9FE7EF,HTVS,-5.18208981650727,运行/运行/ATP-VSW/ATP-VSW-DOCK_HTVS_1-001_lib/ATP-VSW-DOCK_HTVS_1-001_lib
ATP-HTVS-2F483D9FE7EF,HTVS,-5.06361171265392,运行/运行/ATP-VSW/ATP-VSW-DOCK_HTVS_1-001_lib/ATP-VSW-DOCK_HTVS_1-001_lib
ATP-HTVS-2F483D9FE7EF,HTVS,-4.52474096776385,运行/运行/ATP-VSW/ATP-VSW-DOCK_HTVS_1-001_lib/ATP-VSW-DOCK_HTVS_1-001_lib
ATP-HTVS-2F483D9FE7EF,HTVS,-4.45739582459733,运行/运行/ATP-VSW/ATP-VSW-DOCK_HTVS_1-001_lib/ATP-VSW-DOCK_HTVS_1-001_lib
ATP-HTVS-2F483D9FE7EF,HTVS,-2.82290607873153,运行/运行/ATP-VSW/ATP-VSW-DOCK_HTVS_1-001_lib/ATP-VSW-DOCK_HTVS_1-001_lib
ATP-HTVS-2F483D9FE7EF,HTVS,-2.43234315152707,运行/运行/ATP-VSW/ATP-VSW-DOCK_HTVS_1-001_lib/ATP-VSW-DOCK_HTVS_1-001_lib
ATP-HTVS-2F483D9FE7EF,HTVS,-2.34689271416123,运行/运行/ATP-VSW/ATP-VSW-DOCK_HTVS_1-001_lib/ATP-VSW-DOCK_HTVS_1-001_lib
ATP-HTVS-2F483D9FE7EF,HTVS,-2.08952114019676,运行/运行/ATP-VSW/ATP-VSW-DOCK_HTVS_1-001_lib/ATP-VSW-DOCK_HTVS_1-001_lib
ATP-HTVS-2F483D9FE7EF,HTVS,-1.7298213780402,运行/运行/ATP-VSW/ATP-VSW-DOCK_HTVS_1-001_lib/ATP-VSW-DOCK_HTVS_1-001_lib
ATP-HTVS-2F9574F7896C,HTVS,-4.88693887294164,运行/运行/ATP-VSW/ATP-VSW-DOCK_HTVS_1-001_lib/ATP-VSW-DOCK_HTVS_1-001_lib
ATP-HTVS-2F9574F7896C,HTVS,-3.62863309919143,运行/运行/ATP-VSW/ATP-VSW-DOCK_HTVS_1-001_lib/ATP-VSW-DOCK_HTVS_1-001_lib
ATP-HTVS-2F9574F7896C,HTVS,-2.95828643063723,运行/运行/ATP-VSW/ATP-VSW-DOCK_HTVS_1-001_lib/ATP-VSW-DOCK_HTVS_1-001_lib
ATP-HTVS-2F9574F7896C,HTVS,-2.53736106364462,运行/运行/ATP-VSW/ATP-VSW-DOCK_HTVS_1-001_lib/ATP-VSW-DOCK_HTVS_1-001_lib
ATP-HTVS-2F9E11536268,HTVS,-5.14884966862369,运行/运行/ATP-VSW/ATP-VSW-DOCK_HTVS_1-002_lib.maegz
ATP-HTVS-2F9E11536268,HTVS,-4.71408842796273,运行/运行/ATP-VSW/ATP-VSW-DOCK_HTVS_1-002_lib.maegz
ATP-HTVS-2F9E11536268,HTVS,-4.27654065880495,运行/运行/ATP-VSW/ATP-VSW-DOCK_HTVS_1-002_lib.maegz
ATP-HTVS-2F9E11536268,HTVS,-4.01047380119725,运行/运行/ATP-VSW/ATP-VSW-DOCK_HTVS_1-002_lib.maegz
ATP-HTVS-2FD0321978A1,HTVS,-1.59297605584643,运行/运行/ATP-VSW/ATP-VSW-DOCK_HTVS_1-003_lib/ATP-VSW-DOCK_HTVS_1-003_lib.mae
ATP-HTVS-2FD0321978A1,HTVS,-1.23594493874361,运行/运行/ATP-VSW/ATP-VSW-DOCK_HTVS_1-003_lib/ATP-VSW-DOCK_HTVS_1-003_lib.mae
ATP-HTVS-2FD0321978A1,HTVS,0.304819554622761,运行/运行/ATP-VSW/ATP-VSW-DOCK_HTVS_1-003_lib/ATP-VSW-DOCK_HTVS_1-003_lib.mae
ATP-HTVS-2FD0321978A1,HTVS,0.460219241922072,运行/运行/ATP-VSW/ATP-VSW-DOCK_HTVS_1-003_lib/ATP-VSW-DOCK_HTVS_1-003_lib.mae
ATP-HTVS-2FDBF4F6464D,HTVS,-5.5539810490699,运行/运行/ATP-VSW/ATP-VSW-DOCK_HTVS_1-002_lib.maegz
ATP-HTVS-2FDBF4F6464D,HTVS,-5.36264596175472,运行/运行/ATP-VSW/ATP-VSW-DOCK_HTVS_1-002_lib.maegz
ATP-HTVS-2FDBF4F6464D,HTVS,-4.67836750770687,运行/运行/ATP-VSW/ATP-VSW-DOCK_HTVS_1-002_lib.maegz
ATP-HTVS-2FDBF4F6464D,HTVS,-3.7387255078928,运行/运行/ATP-VSW/ATP-VSW-DOCK_HTVS_1-002_lib.maegz
ATP-HTVS-2FF622879777,HTVS,-3.69766458878502,运行/运行/ATP-VSW/ATP-VSW-DOCK_HTVS_1-003_lib/ATP-VSW-DOCK_HTVS_1-003_lib.mae
ATP-HTVS-2FF622879777,HTVS,-2.76552065743075,运行/运行/ATP-VSW/ATP-VSW-DOCK_HTVS_1-003_lib/ATP-VSW-DOCK_HTVS_1-003_lib.mae
ATP-HTVS-30270CEE1891,HTVS,-4.21263417633159,运行/运行/ATP-VSW/ATP-VSW-DOCK_HTVS_1-001_lib/ATP-VSW-DOCK_HTVS_1-001_lib
ATP-HTVS-30270CEE1891,HTVS,-3.0967030695408,运行/运行/ATP-VSW/ATP-VSW-DOCK_HTVS_1-001_lib/ATP-VSW-DOCK_HTVS_1-001_lib
ATP-HTVS-30270CEE1891,HTVS,-2.36557337131408,运行/运行/ATP-VSW/ATP-VSW-DOCK_HTVS_1-001_lib/ATP-VSW-DOCK_HTVS_1-001_lib
ATP-HTVS-30270CEE1891,HTVS,-2.14282080093998,运行/运行/ATP-VSW/ATP-VSW-DOCK_HTVS_1-001_lib/ATP-VSW-DOCK_HTVS_1-001_lib
ATP-HTVS-305D97AD9924,HTVS,-3.83900291155566,运行/运行/ATP-VSW/ATP-VSW-DOCK_HTVS_1-002_lib.maegz
ATP-HTVS-305D97AD9924,HTVS,-2.83892404002304,运行/运行/ATP-VSW/ATP-VSW-DOCK_HTVS_1-002_lib.maegz
ATP-HTVS-30920D5A25EC,HTVS,-5.40486676914334,运行/运行/ATP-VSW/ATP-VSW-DOCK_HTVS_1-002_lib.maegz
ATP-HTVS-30920D5A25EC,HTVS,-4.81924441221333,运行/运行/ATP-VSW/ATP-VSW-DOCK_HTVS_1-002_lib.maegz
ATP-HTVS-30920D5A25EC,HTVS,-3.43469472450422,运行/运行/ATP-VSW/ATP-VSW-DOCK_HTVS_1-002_lib.maegz
ATP-HTVS-30920D5A25EC,HTVS,-3.31319017249742,运行/运行/ATP-VSW/ATP-VSW-DOCK_HTVS_1-002_lib.maegz
ATP-HTVS-30920D5A25EC,HTVS,-1.98231967588087,运行/运行/ATP-VSW/ATP-VSW-DOCK_HTVS_1-002_lib.maegz
ATP-HTVS-30B3F39EA660,HTVS,-4.12517906913131,运行/运行/ATP-VSW/ATP-VSW-DOCK_HTVS_1-003_lib/ATP-VSW-DOCK_HTVS_1-003_lib.mae
ATP-HTVS-30B3F39EA660,HTVS,-2.00886811676724,运行/运行/ATP-VSW/ATP-VSW-DOCK_HTVS_1-003_lib/ATP-VSW-DOCK_HTVS_1-003_lib.mae
ATP-HTVS-30BD0ED907F3,HTVS,-4.92501627768015,运行/运行/ATP-VSW/ATP-VSW-DOCK_HTVS_1-002_lib.maegz
ATP-HTVS-30BD0ED907F3,HTVS,-3.17924076981331,运行/运行/ATP-VSW/ATP-VSW-DOCK_HTVS_1-002_lib.maegz
ATP-HTVS-30BD0ED907F3,HTVS,-3.1375638054859,运行/运行/ATP-VSW/ATP-VSW-DOCK_HTVS_1-002_lib.maegz
ATP-HTVS-30D2448AA284,HTVS,-4.4917818030911,运行/运行/ATP-VSW/ATP-VSW-DOCK_HTVS_1-001_lib/ATP-VSW-DOCK_HTVS_1-001_lib
ATP-HTVS-30D2448AA284,HTVS,-2.22043862398962,运行/运行/ATP-VSW/ATP-VSW-DOCK_HTVS_1-001_lib/ATP-VSW-DOCK_HTVS_1-001_lib
ATP-HTVS-3100283A95A9,HTVS,-4.09687910409603,运行/运行/ATP-VSW/ATP-VSW-DOCK_HTVS_1-002_lib.maegz
ATP-HTVS-313D067647DC,HTVS,-2.92076872489903,运行/运行/ATP-VSW/ATP-VSW-DOCK_HTVS_1-001_lib/ATP-VSW-DOCK_HTVS_1-001_lib
ATP-HTVS-313D067647DC,HTVS,0.457856822380175,运行/运行/ATP-VSW/ATP-VSW-DOCK_HTVS_1-001_lib/ATP-VSW-DOCK_HTVS_1-001_lib
ATP-HTVS-31B048FE5E9A,HTVS,-4.0113738311198,运行/运行/ATP-VSW/ATP-VSW-DOCK_HTVS_1-003_lib/ATP-VSW-DOCK_HTVS_1-003_lib.mae
ATP-HTVS-322651E221E8,HTVS,-4.25380853854629,运行/运行/ATP-VSW/ATP-VSW-DOCK_HTVS_1-002_lib.maegz
ATP-HTVS-322651E221E8,HTVS,-2.06597915531968,运行/运行/ATP-VSW/ATP-VSW-DOCK_HTVS_1-002_lib.maegz
ATP-HTVS-323526AAC152,HTVS,-4.9462186774937,运行/运行/ATP-VSW/ATP-VSW-DOCK_HTVS_1-003_lib/ATP-VSW-DOCK_HTVS_1-003_lib.mae
ATP-HTVS-323526AAC152,HTVS,-3.12873298252859,运行/运行/ATP-VSW/ATP-VSW-DOCK_HTVS_1-003_lib/ATP-VSW-DOCK_HTVS_1-003_lib.mae
ATP-HTVS-323526AAC152,HTVS,-1.21106207723197,运行/运行/ATP-VSW/ATP-VSW-DOCK_HTVS_1-003_lib/ATP-VSW-DOCK_HTVS_1-003_lib.mae
ATP-HTVS-3254A7EDB406,HTVS,-3.83573268873361,运行/运行/ATP-VSW/ATP-VSW-DOCK_HTVS_1-001_lib/ATP-VSW-DOCK_HTVS_1-001_lib
ATP-HTVS-3254A7EDB406,HTVS,-2.83338344030261,运行/运行/ATP-VSW/ATP-VSW-DOCK_HTVS_1-001_lib/ATP-VSW-DOCK_HTVS_1-001_lib
ATP-HTVS-3254A7EDB406,HTVS,-2.5328561424208,运行/运行/ATP-VSW/ATP-VSW-DOCK_HTVS_1-001_lib/ATP-VSW-DOCK_HTVS_1-001_lib
ATP-HTVS-327AC6849941,HTVS,-3.2895630535721,运行/运行/ATP-VSW/ATP-VSW-DOCK_HTVS_1-002_lib.maegz
ATP-HTVS-327AC6849941,HTVS,-2.85804503138915,运行/运行/ATP-VSW/ATP-VSW-DOCK_HTVS_1-002_lib.maegz
ATP-HTVS-327AC6849941,HTVS,-2.82758419183727,运行/运行/ATP-VSW/ATP-VSW-DOCK_HTVS_1-002_lib.maegz
ATP-HTVS-327AC6849941,HTVS,-2.81884111256292,运行/运行/ATP-VSW/ATP-VSW-DOCK_HTVS_1-002_lib.maegz
ATP-HTVS-327AC6849941,HTVS,-2.76368611310109,运行/运行/ATP-VSW/ATP-VSW-DOCK_HTVS_1-002_lib.maegz
ATP-HTVS-327AC6849941,HTVS,-2.28269093380261,运行/运行/ATP-VSW/ATP-VSW-DOCK_HTVS_1-002_lib.maegz
ATP-HTVS-327AC6849941,HTVS,-2.21242483867753,运行/运行/ATP-VSW/ATP-VSW-DOCK_HTVS_1-002_lib.maegz
ATP-HTVS-327AC6849941,HTVS,-2.19337455688726,运行/运行/ATP-VSW/ATP-VSW-DOCK_HTVS_1-002_lib.maegz
ATP-HTVS-32D1D0195572,HTVS,-5.01774885186118,运行/运行/ATP-VSW/ATP-VSW-DOCK_HTVS_1-003_lib/ATP-VSW-DOCK_HTVS_1-003_lib.mae
ATP-HTVS-32D1D0195572,HTVS,-3.21408280832065,运行/运行/ATP-VSW/ATP-VSW-DOCK_HTVS_1-003_lib/ATP-VSW-DOCK_HTVS_1-003_lib.mae
ATP-HTVS-32D1D0195572,HTVS,-2.20686724281826,运行/运行/ATP-VSW/ATP-VSW-DOCK_HTVS_1-003_lib/ATP-VSW-DOCK_HTVS_1-003_lib.mae
ATP-HTVS-33706D459A7A,HTVS,-3.58202856024223,运行/运行/ATP-VSW/ATP-VSW-DOCK_HTVS_1-002_lib.maegz
ATP-HTVS-33706D459A7A,HTVS,-1.84693142900066,运行/运行/ATP-VSW/ATP-VSW-DOCK_HTVS_1-002_lib.maegz
ATP-HTVS-337D10985B1B,HTVS,-3.84044138129612,运行/运行/ATP-VSW/ATP-VSW-DOCK_HTVS_1-002_lib.maegz
ATP-HTVS-337D10985B1B,HTVS,-2.58003293499831,运行/运行/ATP-VSW/ATP-VSW-DOCK_HTVS_1-002_lib.maegz
ATP-HTVS-337D10985B1B,HTVS,-2.41238554827605,运行/运行/ATP-VSW/ATP-VSW-DOCK_HTVS_1-002_lib.maegz
ATP-HTVS-33BC72D3D2BF,HTVS,-3.74541522522029,运行/运行/ATP-VSW/ATP-VSW-DOCK_HTVS_1-001_lib/ATP-VSW-DOCK_HTVS_1-001_lib
ATP-HTVS-33BC72D3D2BF,HTVS,-1.86030520174744,运行/运行/ATP-VSW/ATP-VSW-DOCK_HTVS_1-001_lib/ATP-VSW-DOCK_HTVS_1-001_lib
ATP-HTVS-34AD6DA38229,HTVS,-3.81980623817494,运行/运行/ATP-VSW/ATP-VSW-DOCK_HTVS_1-002_lib.maegz
ATP-HTVS-34AD6DA38229,HTVS,-2.81668931497876,运行/运行/ATP-VSW/ATP-VSW-DOCK_HTVS_1-002_lib.maegz
ATP-HTVS-34E58924FFDD,HTVS,-3.89709667639251,运行/运行/ATP-VSW/ATP-VSW-DOCK_HTVS_1-001_lib/ATP-VSW-DOCK_HTVS_1-001_lib
ATP-HTVS-34E58924FFDD,HTVS,-1.47917691304727,运行/运行/ATP-VSW/ATP-VSW-DOCK_HTVS_1-001_lib/ATP-VSW-DOCK_HTVS_1-001_lib
ATP-HTVS-351CA3F2F79F,HTVS,0.243459768400692,运行/运行/ATP-VSW/ATP-VSW-DOCK_HTVS_1-002_lib.maegz
ATP-HTVS-35279CDCCBE9,HTVS,-4.75400232538984,运行/运行/ATP-VSW/ATP-VSW-DOCK_HTVS_1-002_lib.maegz
ATP-HTVS-354B8B3BDEB4,HTVS,-2.16189403409841,运行/运行/ATP-VSW/ATP-VSW-DOCK_HTVS_1-002_lib.maegz
ATP-HTVS-3565F86F920E,HTVS,-3.316784259701,运行/运行/ATP-VSW/ATP-VSW-DOCK_HTVS_1-003_lib/ATP-VSW-DOCK_HTVS_1-003_lib.mae
ATP-HTVS-357411F5F88B,HTVS,-4.19577157448646,运行/运行/ATP-VSW/ATP-VSW-DOCK_HTVS_1-001_lib/ATP-VSW-DOCK_HTVS_1-001_lib
ATP-HTVS-357411F5F88B,HTVS,-2.78265236164706,运行/运行/ATP-VSW/ATP-VSW-DOCK_HTVS_1-001_lib/ATP-VSW-DOCK_HTVS_1-001_lib
ATP-HTVS-357411F5F88B,HTVS,-2.34200543097247,运行/运行/ATP-VSW/ATP-VSW-DOCK_HTVS_1-001_lib/ATP-VSW-DOCK_HTVS_1-001_lib
ATP-HTVS-35C3F0A919D0,HTVS,-3.92972442664194,运行/运行/ATP-VSW/ATP-VSW-DOCK_HTVS_1-003_lib/ATP-VSW-DOCK_HTVS_1-003_lib.mae
ATP-HTVS-35F96912410D,HTVS,-3.68509788036763,运行/运行/ATP-VSW/ATP-VSW-DOCK_HTVS_1-002_lib.maegz
ATP-HTVS-362E300BB66B,HTVS,-4.44153497713176,运行/运行/ATP-VSW/ATP-VSW-DOCK_HTVS_1-002_lib.maegz
ATP-HTVS-362E300BB66B,HTVS,-3.63524371694326,运行/运行/ATP-VSW/ATP-VSW-DOCK_HTVS_1-002_lib.maegz
ATP-HTVS-362E300BB66B,HTVS,-3.19200120025053,运行/运行/ATP-VSW/ATP-VSW-DOCK_HTVS_1-002_lib.maegz
ATP-HTVS-362E300BB66B,HTVS,-3.09956593822446,运行/运行/ATP-VSW/ATP-VSW-DOCK_HTVS_1-002_lib.maegz
ATP-HTVS-362E300BB66B,HTVS,-2.24826461429304,运行/运行/ATP-VSW/ATP-VSW-DOCK_HTVS_1-002_lib.maegz
ATP-HTVS-362E300BB66B,HTVS,-1.42989082569829,运行/运行/ATP-VSW/ATP-VSW-DOCK_HTVS_1-002_lib.maegz
ATP-HTVS-362E300BB66B,HTVS,-1.36024437024843,运行/运行/ATP-VSW/ATP-VSW-DOCK_HTVS_1-002_lib.maegz
ATP-HTVS-362E300BB66B,HTVS,-0.875990606036623,运行/运行/ATP-VSW/ATP-VSW-DOCK_HTVS_1-002_lib.maegz
ATP-HTVS-3634D47351B0,HTVS,-5.52014451029596,运行/运行/ATP-VSW/ATP-VSW-DOCK_HTVS_1-002_lib.maegz
ATP-HTVS-3634D47351B0,HTVS,-3.4702106845433,运行/运行/ATP-VSW/ATP-VSW-DOCK_HTVS_1-002_lib.maegz
ATP-HTVS-3634D47351B0,HTVS,-2.39457194429964,运行/运行/ATP-VSW/ATP-VSW-DOCK_HTVS_1-002_lib.maegz
ATP-HTVS-3634D47351B0,HTVS,-2.01947481331549,运行/运行/ATP-VSW/ATP-VSW-DOCK_HTVS_1-002_lib.maegz
ATP-HTVS-3654BFD7575B,HTVS,-3.71645058261148,运行/运行/ATP-VSW/ATP-VSW-DOCK_HTVS_1-001_lib/ATP-VSW-DOCK_HTVS_1-001_lib
ATP-HTVS-3654BFD7575B,HTVS,-2.88246892443443,运行/运行/ATP-VSW/ATP-VSW-DOCK_HTVS_1-001_lib/ATP-VSW-DOCK_HTVS_1-001_lib
ATP-HTVS-366F4BAC4B87,HTVS,-4.01338528609497,运行/运行/ATP-VSW/ATP-VSW-DOCK_HTVS_1-002_lib.maegz
ATP-HTVS-366F4BAC4B87,HTVS,-1.16086520407314,运行/运行/ATP-VSW/ATP-VSW-DOCK_HTVS_1-002_lib.maegz
ATP-HTVS-3676162553B8,HTVS,-5.01328621734618,运行/运行/ATP-VSW/ATP-VSW-DOCK_HTVS_1-001_lib/ATP-VSW-DOCK_HTVS_1-001_lib
ATP-HTVS-3676162553B8,HTVS,-2.47057091376615,运行/运行/ATP-VSW/ATP-VSW-DOCK_HTVS_1-001_lib/ATP-VSW-DOCK_HTVS_1-001_lib
ATP-HTVS-368B62E0C748,HTVS,-1.40309381742981,运行/运行/ATP-VSW/ATP-VSW-DOCK_HTVS_1-001_lib/ATP-VSW-DOCK_HTVS_1-001_lib
ATP-HTVS-368B62E0C748,HTVS,-1.19781903657099,运行/运行/ATP-VSW/ATP-VSW-DOCK_HTVS_1-001_lib/ATP-VSW-DOCK_HTVS_1-001_lib
ATP-HTVS-369F0F09D6A7,HTVS,-4.56461486732011,运行/运行/ATP-VSW/ATP-VSW-DOCK_HTVS_1-003_lib/ATP-VSW-DOCK_HTVS_1-003_lib.mae
ATP-HTVS-369F0F09D6A7,HTVS,-3.6032438379583,运行/运行/ATP-VSW/ATP-VSW-DOCK_HTVS_1-003_lib/ATP-VSW-DOCK_HTVS_1-003_lib.mae
ATP-HTVS-36CDFE25DCA8,HTVS,-4.56079973996032,运行/运行/ATP-VSW/ATP-VSW-DOCK_HTVS_1-002_lib.maegz
ATP-HTVS-36CDFE25DCA8,HTVS,-3.81348193698498,运行/运行/ATP-VSW/ATP-VSW-DOCK_HTVS_1-002_lib.maegz
ATP-HTVS-36CDFE25DCA8,HTVS,-3.09922367244317,运行/运行/ATP-VSW/ATP-VSW-DOCK_HTVS_1-002_lib.maegz
ATP-HTVS-36CDFE25DCA8,HTVS,-3.03013840667647,运行/运行/ATP-VSW/ATP-VSW-DOCK_HTVS_1-002_lib.maegz
ATP-HTVS-36CDFE25DCA8,HTVS,-2.64986695082299,运行/运行/ATP-VSW/ATP-VSW-DOCK_HTVS_1-002_lib.maegz
ATP-HTVS-37164D6EE04D,HTVS,-5.62296516979156,运行/运行/ATP-VSW/ATP-VSW-DOCK_HTVS_1-003_lib/ATP-VSW-DOCK_HTVS_1-003_lib.mae
ATP-HTVS-37164D6EE04D,HTVS,-5.36265558215247,运行/运行/ATP-VSW/ATP-VSW-DOCK_HTVS_1-003_lib/ATP-VSW-DOCK_HTVS_1-003_lib.mae
ATP-HTVS-37164D6EE04D,HTVS,-3.83159978783544,运行/运行/ATP-VSW/ATP-VSW-DOCK_HTVS_1-003_lib/ATP-VSW-DOCK_HTVS_1-003_lib.mae
ATP-HTVS-37164D6EE04D,HTVS,-3.81320037204232,运行/运行/ATP-VSW/ATP-VSW-DOCK_HTVS_1-003_lib/ATP-VSW-DOCK_HTVS_1-003_lib.mae
ATP-HTVS-37164D6EE04D,HTVS,-3.30798890711048,运行/运行/ATP-VSW/ATP-VSW-DOCK_HTVS_1-003_lib/ATP-VSW-DOCK_HTVS_1-003_lib.mae
ATP-HTVS-37164D6EE04D,HTVS,-2.29057982343051,运行/运行/ATP-VSW/ATP-VSW-DOCK_HTVS_1-003_lib/ATP-VSW-DOCK_HTVS_1-003_lib.mae
ATP-HTVS-37164D6EE04D,HTVS,-0.930725172948441,运行/运行/ATP-VSW/ATP-VSW-DOCK_HTVS_1-003_lib/ATP-VSW-DOCK_HTVS_1-003_lib.mae
ATP-HTVS-37164D6EE04D,HTVS,-0.912440903382971,运行/运行/ATP-VSW/ATP-VSW-DOCK_HTVS_1-003_lib/ATP-VSW-DOCK_HTVS_1-003_lib.mae
ATP-HTVS-375881F1CECF,HTVS,-3.48036158988344,运行/运行/ATP-VSW/ATP-VSW-DOCK_HTVS_1-003_lib/ATP-VSW-DOCK_HTVS_1-003_lib.mae
ATP-HTVS-375881F1CECF,HTVS,-2.51179006609279,运行/运行/ATP-VSW/ATP-VSW-DOCK_HTVS_1-003_lib/ATP-VSW-DOCK_HTVS_1-003_lib.mae
ATP-HTVS-37921E17B72D,HTVS,-4.62169262245687,运行/运行/ATP-VSW/ATP-VSW-DOCK_HTVS_1-001_lib/ATP-VSW-DOCK_HTVS_1-001_lib
ATP-HTVS-37921E17B72D,HTVS,-4.19480460641308,运行/运行/ATP-VSW/ATP-VSW-DOCK_HTVS_1-001_lib/ATP-VSW-DOCK_HTVS_1-001_lib
ATP-HTVS-37921E17B72D,HTVS,-2.8953168616845,运行/运行/ATP-VSW/ATP-VSW-DOCK_HTVS_1-001_lib/ATP-VSW-DOCK_HTVS_1-001_lib
ATP-HTVS-37921E17B72D,HTVS,-2.81706905903911,运行/运行/ATP-VSW/ATP-VSW-DOCK_HTVS_1-001_lib/ATP-VSW-DOCK_HTVS_1-001_lib
ATP-HTVS-37921E17B72D,HTVS,-2.20058085549098,运行/运行/ATP-VSW/ATP-VSW-DOCK_HTVS_1-001_lib/ATP-VSW-DOCK_HTVS_1-001_lib
ATP-HTVS-37921E17B72D,HTVS,-1.99743397008909,运行/运行/ATP-VSW/ATP-VSW-DOCK_HTVS_1-001_lib/ATP-VSW-DOCK_HTVS_1-001_lib
ATP-HTVS-37A579E82C38,HTVS,-4.25561128381459,运行/运行/ATP-VSW/ATP-VSW-DOCK_HTVS_1-001_lib/ATP-VSW-DOCK_HTVS_1-001_lib
ATP-HTVS-37D34080A09D,HTVS,-4.73466550433163,运行/运行/ATP-VSW/ATP-VSW-DOCK_HTVS_1-003_lib/ATP-VSW-DOCK_HTVS_1-003_lib.mae
ATP-HTVS-37D34080A09D,HTVS,-4.35984228889877,运行/运行/ATP-VSW/ATP-VSW-DOCK_HTVS_1-003_lib/ATP-VSW-DOCK_HTVS_1-003_lib.mae
ATP-HTVS-37D34080A09D,HTVS,-3.35741890728929,运行/运行/ATP-VSW/ATP-VSW-DOCK_HTVS_1-003_lib/ATP-VSW-DOCK_HTVS_1-003_lib.mae
ATP-HTVS-37D34080A09D,HTVS,-1.41671619660497,运行/运行/ATP-VSW/ATP-VSW-DOCK_HTVS_1-003_lib/ATP-VSW-DOCK_HTVS_1-003_lib.mae
ATP-HTVS-37EC6A305554,HTVS,-4.77778887211193,运行/运行/ATP-VSW/ATP-VSW-DOCK_HTVS_1-002_lib.maegz
ATP-HTVS-37F8BE6B2288,HTVS,-5.04750284427241,运行/运行/ATP-VSW/ATP-VSW-DOCK_HTVS_1-001_lib/ATP-VSW-DOCK_HTVS_1-001_lib
ATP-HTVS-37F8BE6B2288,HTVS,-2.35885152202363,运行/运行/ATP-VSW/ATP-VSW-DOCK_HTVS_1-001_lib/ATP-VSW-DOCK_HTVS_1-001_lib
ATP-HTVS-381C421540AF,HTVS,-4.09567655452952,运行/运行/ATP-VSW/ATP-VSW-DOCK_HTVS_1-002_lib.maegz
ATP-HTVS-381C421540AF,HTVS,-3.66499811662214,运行/运行/ATP-VSW/ATP-VSW-DOCK_HTVS_1-002_lib.maegz
ATP-HTVS-38928739B049,HTVS,-1.75347106647538,运行/运行/ATP-VSW/ATP-VSW-DOCK_HTVS_1-003_lib/ATP-VSW-DOCK_HTVS_1-003_lib.mae
ATP-HTVS-38928739B049,HTVS,-0.969007103342127,运行/运行/ATP-VSW/ATP-VSW-DOCK_HTVS_1-003_lib/ATP-VSW-DOCK_HTVS_1-003_lib.mae
ATP-HTVS-389B4B823B19,HTVS,-3.66019273289197,运行/运行/ATP-VSW/ATP-VSW-DOCK_HTVS_1-001_lib/ATP-VSW-DOCK_HTVS_1-001_lib
ATP-HTVS-389B4B823B19,HTVS,-3.14825439524982,运行/运行/ATP-VSW/ATP-VSW-DOCK_HTVS_1-001_lib/ATP-VSW-DOCK_HTVS_1-001_lib
ATP-HTVS-389B4B823B19,HTVS,-2.59798486002457,运行/运行/ATP-VSW/ATP-VSW-DOCK_HTVS_1-001_lib/ATP-VSW-DOCK_HTVS_1-001_lib
ATP-HTVS-389B4B823B19,HTVS,-2.50333050711337,运行/运行/ATP-VSW/ATP-VSW-DOCK_HTVS_1-001_lib/ATP-VSW-DOCK_HTVS_1-001_lib
ATP-HTVS-38AA30AE7592,HTVS,-4.86895670152561,运行/运行/ATP-VSW/ATP-VSW-DOCK_HTVS_1-002_lib.maegz
ATP-HTVS-38AA30AE7592,HTVS,-3.67522113586948,运行/运行/ATP-VSW/ATP-VSW-DOCK_HTVS_1-002_lib.maegz
ATP-HTVS-38AA30AE7592,HTVS,-3.05975421670463,运行/运行/ATP-VSW/ATP-VSW-DOCK_HTVS_1-002_lib.maegz
ATP-HTVS-38AA30AE7592,HTVS,-2.51619811032738,运行/运行/ATP-VSW/ATP-VSW-DOCK_HTVS_1-002_lib.maegz
ATP-HTVS-38AA30AE7592,HTVS,-2.34071218181379,运行/运行/ATP-VSW/ATP-VSW-DOCK_HTVS_1-002_lib.maegz
ATP-HTVS-38B17C32C2B1,HTVS,-2.51345438485887,运行/运行/ATP-VSW/ATP-VSW-DOCK_HTVS_1-001_lib/ATP-VSW-DOCK_HTVS_1-001_lib
ATP-HTVS-38B17C32C2B1,HTVS,1.35919986872306,运行/运行/ATP-VSW/ATP-VSW-DOCK_HTVS_1-001_lib/ATP-VSW-DOCK_HTVS_1-001_lib
ATP-HTVS-38BDED367A54,HTVS,-4.48054021797437,运行/运行/ATP-VSW/ATP-VSW-DOCK_HTVS_1-003_lib/ATP-VSW-DOCK_HTVS_1-003_lib.mae
ATP-HTVS-38BDED367A54,HTVS,-2.60754630026276,运行/运行/ATP-VSW/ATP-VSW-DOCK_HTVS_1-003_lib/ATP-VSW-DOCK_HTVS_1-003_lib.mae
ATP-HTVS-391C9D64EC7D,HTVS,-5.35635909721554,运行/运行/ATP-VSW/ATP-VSW-DOCK_HTVS_1-003_lib/ATP-VSW-DOCK_HTVS_1-003_lib.mae
ATP-HTVS-391C9D64EC7D,HTVS,-3.42664120154027,运行/运行/ATP-VSW/ATP-VSW-DOCK_HTVS_1-003_lib/ATP-VSW-DOCK_HTVS_1-003_lib.mae
ATP-HTVS-394457ED9ABE,HTVS,-2.53753789034158,运行/运行/ATP-VSW/ATP-VSW-DOCK_HTVS_1-001_lib/ATP-VSW-DOCK_HTVS_1-001_lib
ATP-HTVS-394457ED9ABE,HTVS,-1.66587518469781,运行/运行/ATP-VSW/ATP-VSW-DOCK_HTVS_1-001_lib/ATP-VSW-DOCK_HTVS_1-001_lib
ATP-HTVS-3966CEFE893D,HTVS,-0.810725355427255,运行/运行/ATP-VSW/ATP-VSW-DOCK_HTVS_1-001_lib/ATP-VSW-DOCK_HTVS_1-001_lib
ATP-HTVS-397149B089BD,HTVS,-5.85385473217396,运行/运行/ATP-VSW/ATP-VSW-DOCK_HTVS_1-002_lib.maegz
ATP-HTVS-3991B5D40CBE,HTVS,-0.876885055141267,运行/运行/ATP-VSW/ATP-VSW-DOCK_HTVS_1-001_lib/ATP-VSW-DOCK_HTVS_1-001_lib
ATP-HTVS-39B6454C3B57,HTVS,-4.7740120789223,运行/运行/ATP-VSW/ATP-VSW-DOCK_HTVS_1-003_lib/ATP-VSW-DOCK_HTVS_1-003_lib.mae
ATP-HTVS-39B6454C3B57,HTVS,-3.84696274651983,运行/运行/ATP-VSW/ATP-VSW-DOCK_HTVS_1-003_lib/ATP-VSW-DOCK_HTVS_1-003_lib.mae
ATP-HTVS-39B6454C3B57,HTVS,-3.70686933778278,运行/运行/ATP-VSW/ATP-VSW-DOCK_HTVS_1-003_lib/ATP-VSW-DOCK_HTVS_1-003_lib.mae
ATP-HTVS-39B6454C3B57,HTVS,-2.86841180150849,运行/运行/ATP-VSW/ATP-VSW-DOCK_HTVS_1-003_lib/ATP-VSW-DOCK_HTVS_1-003_lib.mae
ATP-HTVS-39B6454C3B57,HTVS,-2.78438007434578,运行/运行/ATP-VSW/ATP-VSW-DOCK_HTVS_1-003_lib/ATP-VSW-DOCK_HTVS_1-003_lib.mae
ATP-HTVS-39B6454C3B57,HTVS,-2.18481161468625,运行/运行/ATP-VSW/ATP-VSW-DOCK_HTVS_1-003_lib/ATP-VSW-DOCK_HTVS_1-003_lib.mae
ATP-HTVS-39C66FA1D927,HTVS,-2.65834069502136,运行/运行/ATP-VSW/ATP-VSW-DOCK_HTVS_1-003_lib/ATP-VSW-DOCK_HTVS_1-003_lib.mae
ATP-HTVS-39C66FA1D927,HTVS,-2.43399835065276,运行/运行/ATP-VSW/ATP-VSW-DOCK_HTVS_1-003_lib/ATP-VSW-DOCK_HTVS_1-003_lib.mae
ATP-HTVS-39C66FA1D927,HTVS,-2.17351341158622,运行/运行/ATP-VSW/ATP-VSW-DOCK_HTVS_1-003_lib/ATP-VSW-DOCK_HTVS_1-003_lib.mae
ATP-HTVS-3A2C3DD6A630,HTVS,-4.79414075359446,运行/运行/ATP-VSW/ATP-VSW-DOCK_HTVS_1-002_lib.maegz
ATP-HTVS-3A2C3DD6A630,HTVS,-1.47961136412808,运行/运行/ATP-VSW/ATP-VSW-DOCK_HTVS_1-002_lib.maegz
ATP-HTVS-3A4856D72337,HTVS,-4.20593604890683,运行/运行/ATP-VSW/ATP-VSW-DOCK_HTVS_1-001_lib/ATP-VSW-DOCK_HTVS_1-001_lib
ATP-HTVS-3A71FF84034D,HTVS,-5.65337754442706,运行/运行/ATP-VSW/ATP-VSW-DOCK_HTVS_1-003_lib/ATP-VSW-DOCK_HTVS_1-003_lib.mae
ATP-HTVS-3A71FF84034D,HTVS,-4.55991755565303,运行/运行/ATP-VSW/ATP-VSW-DOCK_HTVS_1-003_lib/ATP-VSW-DOCK_HTVS_1-003_lib.mae
ATP-HTVS-3A71FF84034D,HTVS,-3.01908735342494,运行/运行/ATP-VSW/ATP-VSW-DOCK_HTVS_1-003_lib/ATP-VSW-DOCK_HTVS_1-003_lib.mae
ATP-HTVS-3A7288617524,HTVS,-4.18835185540106,运行/运行/ATP-VSW/ATP-VSW-DOCK_HTVS_1-003_lib/ATP-VSW-DOCK_HTVS_1-003_lib.mae
ATP-HTVS-3A7288617524,HTVS,-3.00397733905359,运行/运行/ATP-VSW/ATP-VSW-DOCK_HTVS_1-003_lib/ATP-VSW-DOCK_HTVS_1-003_lib.mae
ATP-HTVS-3A96A568DDAE,HTVS,-2.87247311627957,运行/运行/ATP-VSW/ATP-VSW-DOCK_HTVS_1-001_lib/ATP-VSW-DOCK_HTVS_1-001_lib
ATP-HTVS-3AF3BD852D4F,HTVS,-4.60081449875776,运行/运行/ATP-VSW/ATP-VSW-DOCK_HTVS_1-001_lib/ATP-VSW-DOCK_HTVS_1-001_lib
ATP-HTVS-3B1236037689,HTVS,-5.21467093159992,运行/运行/ATP-VSW/ATP-VSW-DOCK_HTVS_1-001_lib/ATP-VSW-DOCK_HTVS_1-001_lib
ATP-HTVS-3B1236037689,HTVS,-3.15974600503654,运行/运行/ATP-VSW/ATP-VSW-DOCK_HTVS_1-001_lib/ATP-VSW-DOCK_HTVS_1-001_lib
ATP-HTVS-3B1236037689,HTVS,-2.90176465329785,运行/运行/ATP-VSW/ATP-VSW-DOCK_HTVS_1-001_lib/ATP-VSW-DOCK_HTVS_1-001_lib
ATP-HTVS-3B1236037689,HTVS,-1.15334377488881,运行/运行/ATP-VSW/ATP-VSW-DOCK_HTVS_1-001_lib/ATP-VSW-DOCK_HTVS_1-001_lib
ATP-HTVS-3B2E01AF7BF8,HTVS,-5.55679982869003,运行/运行/ATP-VSW/ATP-VSW-DOCK_HTVS_1-001_lib/ATP-VSW-DOCK_HTVS_1-001_lib
ATP-HTVS-3B2E01AF7BF8,HTVS,-4.31989378164707,运行/运行/ATP-VSW/ATP-VSW-DOCK_HTVS_1-001_lib/ATP-VSW-DOCK_HTVS_1-001_lib
ATP-HTVS-3B2E01AF7BF8,HTVS,-3.11585735650735,运行/运行/ATP-VSW/ATP-VSW-DOCK_HTVS_1-001_lib/ATP-VSW-DOCK_HTVS_1-001_lib
ATP-HTVS-3B2E01AF7BF8,HTVS,-2.61207668807138,运行/运行/ATP-VSW/ATP-VSW-DOCK_HTVS_1-001_lib/ATP-VSW-DOCK_HTVS_1-001_lib
ATP-HTVS-3B2E01AF7BF8,HTVS,-2.16972572955532,运行/运行/ATP-VSW/ATP-VSW-DOCK_HTVS_1-001_lib/ATP-VSW-DOCK_HTVS_1-001_lib
ATP-HTVS-3B2E01AF7BF8,HTVS,-1.08180080309043,运行/运行/ATP-VSW/ATP-VSW-DOCK_HTVS_1-001_lib/ATP-VSW-DOCK_HTVS_1-001_lib
ATP-HTVS-3B360A484FEF,HTVS,-3.60133061218091,运行/运行/ATP-VSW/ATP-VSW-DOCK_HTVS_1-002_lib.maegz
ATP-HTVS-3B360A484FEF,HTVS,-3.41437482334921,运行/运行/ATP-VSW/ATP-VSW-DOCK_HTVS_1-002_lib.maegz
ATP-HTVS-3B360A484FEF,HTVS,-3.12718663193749,运行/运行/ATP-VSW/ATP-VSW-DOCK_HTVS_1-002_lib.maegz
ATP-HTVS-3B360A484FEF,HTVS,-2.11455419404657,运行/运行/ATP-VSW/ATP-VSW-DOCK_HTVS_1-002_lib.maegz
ATP-HTVS-3B360A484FEF,HTVS,-1.54729589177328,运行/运行/ATP-VSW/ATP-VSW-DOCK_HTVS_1-002_lib.maegz
ATP-HTVS-3B360A484FEF,HTVS,-0.907004724741677,运行/运行/ATP-VSW/ATP-VSW-DOCK_HTVS_1-002_lib.maegz
ATP-HTVS-3B360A484FEF,HTVS,0.174200126401307,运行/运行/ATP-VSW/ATP-VSW-DOCK_HTVS_1-002_lib.maegz
ATP-HTVS-3B3954EE8C13,HTVS,-6.32225078624524,运行/运行/ATP-VSW/ATP-VSW-DOCK_HTVS_1-001_lib/ATP-VSW-DOCK_HTVS_1-001_lib
ATP-HTVS-3B500C8F5D3A,HTVS,-3.3589120722721,运行/运行/ATP-VSW/ATP-VSW-DOCK_HTVS_1-002_lib.maegz
ATP-HTVS-3B500C8F5D3A,HTVS,-3.26998969893281,运行/运行/ATP-VSW/ATP-VSW-DOCK_HTVS_1-002_lib.maegz
ATP-HTVS-3B52AE15A314,HTVS,-3.91827207669053,运行/运行/ATP-VSW/ATP-VSW-DOCK_HTVS_1-001_lib/ATP-VSW-DOCK_HTVS_1-001_lib
ATP-HTVS-3B52AE15A314,HTVS,-3.24801617330381,运行/运行/ATP-VSW/ATP-VSW-DOCK_HTVS_1-001_lib/ATP-VSW-DOCK_HTVS_1-001_lib
ATP-HTVS-3B591F4F1DA1,HTVS,-5.37618783153956,运行/运行/ATP-VSW/ATP-VSW-DOCK_HTVS_1-003_lib/ATP-VSW-DOCK_HTVS_1-003_lib.mae
ATP-HTVS-3B591F4F1DA1,HTVS,-4.92928775362063,运行/运行/ATP-VSW/ATP-VSW-DOCK_HTVS_1-003_lib/ATP-VSW-DOCK_HTVS_1-003_lib.mae
ATP-HTVS-3B591F4F1DA1,HTVS,-4.52961863917031,运行/运行/ATP-VSW/ATP-VSW-DOCK_HTVS_1-003_lib/ATP-VSW-DOCK_HTVS_1-003_lib.mae
ATP-HTVS-3B591F4F1DA1,HTVS,-3.93727613548102,运行/运行/ATP-VSW/ATP-VSW-DOCK_HTVS_1-003_lib/ATP-VSW-DOCK_HTVS_1-003_lib.mae
ATP-HTVS-3B591F4F1DA1,HTVS,-2.78929633442557,运行/运行/ATP-VSW/ATP-VSW-DOCK_HTVS_1-003_lib/ATP-VSW-DOCK_HTVS_1-003_lib.mae
ATP-HTVS-3B591F4F1DA1,HTVS,-2.71403593127019,运行/运行/ATP-VSW/ATP-VSW-DOCK_HTVS_1-003_lib/ATP-VSW-DOCK_HTVS_1-003_lib.mae
ATP-HTVS-3B615F85BA41,HTVS,-4.78799657709764,运行/运行/ATP-VSW/ATP-VSW-DOCK_HTVS_1-001_lib/ATP-VSW-DOCK_HTVS_1-001_lib
ATP-HTVS-3B615F85BA41,HTVS,-2.96692265717434,运行/运行/ATP-VSW/ATP-VSW-DOCK_HTVS_1-001_lib/ATP-VSW-DOCK_HTVS_1-001_lib
ATP-HTVS-3B760C3B8D5C,HTVS,-5.14442994870982,运行/运行/ATP-VSW/ATP-VSW-DOCK_HTVS_1-003_lib/ATP-VSW-DOCK_HTVS_1-003_lib.mae
ATP-HTVS-3B760C3B8D5C,HTVS,-2.66390710571996,运行/运行/ATP-VSW/ATP-VSW-DOCK_HTVS_1-003_lib/ATP-VSW-DOCK_HTVS_1-003_lib.mae
ATP-HTVS-3B760C3B8D5C,HTVS,-2.34114138309353,运行/运行/ATP-VSW/ATP-VSW-DOCK_HTVS_1-003_lib/ATP-VSW-DOCK_HTVS_1-003_lib.mae
ATP-HTVS-3B9AE635146A,HTVS,-4.26933921246392,运行/运行/ATP-VSW/ATP-VSW-DOCK_HTVS_1-002_lib.maegz
ATP-HTVS-3B9AE635146A,HTVS,-2.47371757164143,运行/运行/ATP-VSW/ATP-VSW-DOCK_HTVS_1-002_lib.maegz
ATP-HTVS-3B9AE635146A,HTVS,-2.02294969755199,运行/运行/ATP-VSW/ATP-VSW-DOCK_HTVS_1-002_lib.maegz
ATP-HTVS-3BC1681A99C2,HTVS,-5.51048708846831,运行/运行/ATP-VSW/ATP-VSW-DOCK_HTVS_1-003_lib/ATP-VSW-DOCK_HTVS_1-003_lib.mae
ATP-HTVS-3BC1681A99C2,HTVS,-2.19533923855401,运行/运行/ATP-VSW/ATP-VSW-DOCK_HTVS_1-003_lib/ATP-VSW-DOCK_HTVS_1-003_lib.mae
ATP-HTVS-3BCB6D34D9FC,HTVS,-3.77091312601177,运行/运行/ATP-VSW/ATP-VSW-DOCK_HTVS_1-003_lib/ATP-VSW-DOCK_HTVS_1-003_lib.mae
ATP-HTVS-3BEA167C6DE4,HTVS,-5.22632509337337,运行/运行/ATP-VSW/ATP-VSW-DOCK_HTVS_1-002_lib.maegz
ATP-HTVS-3BEA167C6DE4,HTVS,-5.11144825073897,运行/运行/ATP-VSW/ATP-VSW-DOCK_HTVS_1-002_lib.maegz
ATP-HTVS-3BEA167C6DE4,HTVS,-2.83387675947776,运行/运行/ATP-VSW/ATP-VSW-DOCK_HTVS_1-002_lib.maegz
ATP-HTVS-3BEA167C6DE4,HTVS,-2.59472972891216,运行/运行/ATP-VSW/ATP-VSW-DOCK_HTVS_1-002_lib.maegz
ATP-HTVS-3BEA167C6DE4,HTVS,-2.48394996740438,运行/运行/ATP-VSW/ATP-VSW-DOCK_HTVS_1-002_lib.maegz
ATP-HTVS-3BEA167C6DE4,HTVS,-1.412808586246,运行/运行/ATP-VSW/ATP-VSW-DOCK_HTVS_1-002_lib.maegz
ATP-HTVS-3BFEB00B17A1,HTVS,-3.05692705921609,运行/运行/ATP-VSW/ATP-VSW-DOCK_HTVS_1-003_lib/ATP-VSW-DOCK_HTVS_1-003_lib.mae
ATP-HTVS-3BFEB00B17A1,HTVS,-1.72422521596645,运行/运行/ATP-VSW/ATP-VSW-DOCK_HTVS_1-003_lib/ATP-VSW-DOCK_HTVS_1-003_lib.mae
ATP-HTVS-3C30D082388E,HTVS,-3.87803402041954,运行/运行/ATP-VSW/ATP-VSW-DOCK_HTVS_1-003_lib/ATP-VSW-DOCK_HTVS_1-003_lib.mae
ATP-HTVS-3C30D082388E,HTVS,-3.67272222921014,运行/运行/ATP-VSW/ATP-VSW-DOCK_HTVS_1-003_lib/ATP-VSW-DOCK_HTVS_1-003_lib.mae
ATP-HTVS-3C30D082388E,HTVS,-2.72169994322916,运行/运行/ATP-VSW/ATP-VSW-DOCK_HTVS_1-003_lib/ATP-VSW-DOCK_HTVS_1-003_lib.mae
ATP-HTVS-3C5237794D05,HTVS,-5.07722467557056,运行/运行/ATP-VSW/ATP-VSW-DOCK_HTVS_1-001_lib/ATP-VSW-DOCK_HTVS_1-001_lib
ATP-HTVS-3C5237794D05,HTVS,-3.03450609324661,运行/运行/ATP-VSW/ATP-VSW-DOCK_HTVS_1-001_lib/ATP-VSW-DOCK_HTVS_1-001_lib
ATP-HTVS-3D55EC2CCC26,HTVS,-4.96741474429546,运行/运行/ATP-VSW/ATP-VSW-DOCK_HTVS_1-001_lib/ATP-VSW-DOCK_HTVS_1-001_lib
ATP-HTVS-3D55EC2CCC26,HTVS,-0.498756815165586,运行/运行/ATP-VSW/ATP-VSW-DOCK_HTVS_1-001_lib/ATP-VSW-DOCK_HTVS_1-001_lib
ATP-HTVS-3D580430A1F8,HTVS,-4.03828325377154,运行/运行/ATP-VSW/ATP-VSW-DOCK_HTVS_1-002_lib.maegz
ATP-HTVS-3D580430A1F8,HTVS,-3.99133580983762,运行/运行/ATP-VSW/ATP-VSW-DOCK_HTVS_1-002_lib.maegz
ATP-HTVS-3D580430A1F8,HTVS,-3.97707652342693,运行/运行/ATP-VSW/ATP-VSW-DOCK_HTVS_1-002_lib.maegz
ATP-HTVS-3D580430A1F8,HTVS,-0.689142755559275,运行/运行/ATP-VSW/ATP-VSW-DOCK_HTVS_1-002_lib.maegz
ATP-HTVS-3D580430A1F8,HTVS,-0.628069505806916,运行/运行/ATP-VSW/ATP-VSW-DOCK_HTVS_1-002_lib.maegz
ATP-HTVS-3D9456613EE7,HTVS,-4.92433878231059,运行/运行/ATP-VSW/ATP-VSW-DOCK_HTVS_1-003_lib/ATP-VSW-DOCK_HTVS_1-003_lib.mae
ATP-HTVS-3D9456613EE7,HTVS,-4.58385301826962,运行/运行/ATP-VSW/ATP-VSW-DOCK_HTVS_1-003_lib/ATP-VSW-DOCK_HTVS_1-003_lib.mae
ATP-HTVS-3D9456613EE7,HTVS,-3.35325117920441,运行/运行/ATP-VSW/ATP-VSW-DOCK_HTVS_1-003_lib/ATP-VSW-DOCK_HTVS_1-003_lib.mae
ATP-HTVS-3D9456613EE7,HTVS,-3.00681656609507,运行/运行/ATP-VSW/ATP-VSW-DOCK_HTVS_1-003_lib/ATP-VSW-DOCK_HTVS_1-003_lib.mae
ATP-HTVS-3D9456613EE7,HTVS,-2.77285337234573,运行/运行/ATP-VSW/ATP-VSW-DOCK_HTVS_1-003_lib/ATP-VSW-DOCK_HTVS_1-003_lib.mae
ATP-HTVS-3D9456613EE7,HTVS,-2.57076405047527,运行/运行/ATP-VSW/ATP-VSW-DOCK_HTVS_1-003_lib/ATP-VSW-DOCK_HTVS_1-003_lib.mae
ATP-HTVS-3DA95123E47A,HTVS,-2.79904934128025,运行/运行/ATP-VSW/ATP-VSW-DOCK_HTVS_1-001_lib/ATP-VSW-DOCK_HTVS_1-001_lib
ATP-HTVS-3DABA9A3BF24,HTVS,-2.86234116642759,运行/运行/ATP-VSW/ATP-VSW-DOCK_HTVS_1-003_lib/ATP-VSW-DOCK_HTVS_1-003_lib.mae
ATP-HTVS-3DABA9A3BF24,HTVS,-2.59953165783407,运行/运行/ATP-VSW/ATP-VSW-DOCK_HTVS_1-003_lib/ATP-VSW-DOCK_HTVS_1-003_lib.mae
ATP-HTVS-3DABA9A3BF24,HTVS,-2.40491880234342,运行/运行/ATP-VSW/ATP-VSW-DOCK_HTVS_1-003_lib/ATP-VSW-DOCK_HTVS_1-003_lib.mae
ATP-HTVS-3DABA9A3BF24,HTVS,-1.98023263033349,运行/运行/ATP-VSW/ATP-VSW-DOCK_HTVS_1-003_lib/ATP-VSW-DOCK_HTVS_1-003_lib.mae
ATP-HTVS-3DB1B8B928B3,HTVS,-5.01712861315892,运行/运行/ATP-VSW/ATP-VSW-DOCK_HTVS_1-002_lib.maegz
ATP-HTVS-3DB1B8B928B3,HTVS,-2.7257027686859,运行/运行/ATP-VSW/ATP-VSW-DOCK_HTVS_1-002_lib.maegz
ATP-HTVS-3DB1B8B928B3,HTVS,-2.58698215861044,运行/运行/ATP-VSW/ATP-VSW-DOCK_HTVS_1-002_lib.maegz
ATP-HTVS-3DB1B8B928B3,HTVS,-0.962159981700921,运行/运行/ATP-VSW/ATP-VSW-DOCK_HTVS_1-002_lib.maegz
ATP-HTVS-3DB1B8B928B3,HTVS,1.12989543458399,运行/运行/ATP-VSW/ATP-VSW-DOCK_HTVS_1-002_lib.maegz
ATP-HTVS-3DDAC51E87DA,HTVS,-4.00842325765357,运行/运行/ATP-VSW/ATP-VSW-DOCK_HTVS_1-002_lib.maegz
ATP-HTVS-3E3A2065ACC9,HTVS,-4.76204452470596,运行/运行/ATP-VSW/ATP-VSW-DOCK_HTVS_1-002_lib.maegz
ATP-HTVS-3E4E6B1035DE,HTVS,-4.25094305295474,运行/运行/ATP-VSW/ATP-VSW-DOCK_HTVS_1-003_lib/ATP-VSW-DOCK_HTVS_1-003_lib.mae
ATP-HTVS-3E51FD2FD256,HTVS,-4.99026263354057,运行/运行/ATP-VSW/ATP-VSW-DOCK_HTVS_1-001_lib/ATP-VSW-DOCK_HTVS_1-001_lib
ATP-HTVS-3E51FD2FD256,HTVS,-3.59155137738614,运行/运行/ATP-VSW/ATP-VSW-DOCK_HTVS_1-001_lib/ATP-VSW-DOCK_HTVS_1-001_lib
ATP-HTVS-3E51FD2FD256,HTVS,-3.03830869083701,运行/运行/ATP-VSW/ATP-VSW-DOCK_HTVS_1-001_lib/ATP-VSW-DOCK_HTVS_1-001_lib
ATP-HTVS-3E71027F124F,HTVS,-6.04277285789881,运行/运行/ATP-VSW/ATP-VSW-DOCK_HTVS_1-002_lib.maegz
ATP-HTVS-3E71027F124F,HTVS,-2.75281779623404,运行/运行/ATP-VSW/ATP-VSW-DOCK_HTVS_1-002_lib.maegz
ATP-HTVS-3E71027F124F,HTVS,-2.68149051841608,运行/运行/ATP-VSW/ATP-VSW-DOCK_HTVS_1-002_lib.maegz
ATP-HTVS-3E71DFC624D6,HTVS,-5.69093713493627,运行/运行/ATP-VSW/ATP-VSW-DOCK_HTVS_1-001_lib/ATP-VSW-DOCK_HTVS_1-001_lib
ATP-HTVS-3E71DFC624D6,HTVS,-2.96778688419595,运行/运行/ATP-VSW/ATP-VSW-DOCK_HTVS_1-001_lib/ATP-VSW-DOCK_HTVS_1-001_lib
ATP-HTVS-3E71DFC624D6,HTVS,-2.74089595454876,运行/运行/ATP-VSW/ATP-VSW-DOCK_HTVS_1-001_lib/ATP-VSW-DOCK_HTVS_1-001_lib
ATP-HTVS-3EAEA7611BE9,HTVS,-2.48516848408361,运行/运行/ATP-VSW/ATP-VSW-DOCK_HTVS_1-002_lib.maegz
ATP-HTVS-3ED7BF8E1128,HTVS,-5.58421481194661,运行/运行/ATP-VSW/ATP-VSW-DOCK_HTVS_1-002_lib.maegz
ATP-HTVS-3F61FE181838,HTVS,-3.18080804827734,运行/运行/ATP-VSW/ATP-VSW-DOCK_HTVS_1-001_lib/ATP-VSW-DOCK_HTVS_1-001_lib
ATP-HTVS-3F7C0C4A7C85,HTVS,-4.51870913472249,运行/运行/ATP-VSW/ATP-VSW-DOCK_HTVS_1-003_lib/ATP-VSW-DOCK_HTVS_1-003_lib.mae
ATP-HTVS-3F7C0C4A7C85,HTVS,-3.03615016122195,运行/运行/ATP-VSW/ATP-VSW-DOCK_HTVS_1-003_lib/ATP-VSW-DOCK_HTVS_1-003_lib.mae
ATP-HTVS-3F7C0C4A7C85,HTVS,-2.60778648259901,运行/运行/ATP-VSW/ATP-VSW-DOCK_HTVS_1-003_lib/ATP-VSW-DOCK_HTVS_1-003_lib.mae
ATP-HTVS-3FE2C8D8A747,HTVS,-3.83062090527101,运行/运行/ATP-VSW/ATP-VSW-DOCK_HTVS_1-001_lib/ATP-VSW-DOCK_HTVS_1-001_lib
ATP-HTVS-3FE2C8D8A747,HTVS,-1.91519368053681,运行/运行/ATP-VSW/ATP-VSW-DOCK_HTVS_1-001_lib/ATP-VSW-DOCK_HTVS_1-001_lib
ATP-HTVS-3FE2C8D8A747,HTVS,-1.24415892363864,运行/运行/ATP-VSW/ATP-VSW-DOCK_HTVS_1-001_lib/ATP-VSW-DOCK_HTVS_1-001_lib
ATP-HTVS-3FE2C8D8A747,HTVS,-0.793379770523822,运行/运行/ATP-VSW/ATP-VSW-DOCK_HTVS_1-001_lib/ATP-VSW-DOCK_HTVS_1-001_lib
ATP-HTVS-3FE3F52D89A6,HTVS,-2.78535707475528,运行/运行/ATP-VSW/ATP-VSW-DOCK_HTVS_1-002_lib.maegz
ATP-HTVS-3FE3F52D89A6,HTVS,-2.77504992384901,运行/运行/ATP-VSW/ATP-VSW-DOCK_HTVS_1-002_lib.maegz
ATP-HTVS-3FE3F52D89A6,HTVS,-2.71626482596085,运行/运行/ATP-VSW/ATP-VSW-DOCK_HTVS_1-002_lib.maegz
ATP-HTVS-3FEB13A0176D,HTVS,-6.10497051782088,运行/运行/ATP-VSW/ATP-VSW-DOCK_HTVS_1-001_lib/ATP-VSW-DOCK_HTVS_1-001_lib
ATP-HTVS-3FEB13A0176D,HTVS,-4.67509386670223,运行/运行/ATP-VSW/ATP-VSW-DOCK_HTVS_1-001_lib/ATP-VSW-DOCK_HTVS_1-001_lib
ATP-HTVS-3FEB13A0176D,HTVS,-3.69194545410902,运行/运行/ATP-VSW/ATP-VSW-DOCK_HTVS_1-001_lib/ATP-VSW-DOCK_HTVS_1-001_lib
ATP-HTVS-3FEB13A0176D,HTVS,-3.48574206050786,运行/运行/ATP-VSW/ATP-VSW-DOCK_HTVS_1-001_lib/ATP-VSW-DOCK_HTVS_1-001_lib
ATP-HTVS-4019997F6E4F,HTVS,-4.36889418856391,运行/运行/ATP-VSW/ATP-VSW-DOCK_HTVS_1-002_lib.maegz
ATP-HTVS-403847D949CB,HTVS,-4.87086214172474,运行/运行/ATP-VSW/ATP-VSW-DOCK_HTVS_1-001_lib/ATP-VSW-DOCK_HTVS_1-001_lib
ATP-HTVS-403847D949CB,HTVS,-3.36924215052337,运行/运行/ATP-VSW/ATP-VSW-DOCK_HTVS_1-001_lib/ATP-VSW-DOCK_HTVS_1-001_lib
ATP-HTVS-403847D949CB,HTVS,-1.30860407770432,运行/运行/ATP-VSW/ATP-VSW-DOCK_HTVS_1-001_lib/ATP-VSW-DOCK_HTVS_1-001_lib
ATP-HTVS-4042CFA848C2,HTVS,-1.47067840689923,运行/运行/ATP-VSW/ATP-VSW-DOCK_HTVS_1-003_lib/ATP-VSW-DOCK_HTVS_1-003_lib.mae
ATP-HTVS-404DE520584C,HTVS,-4.78069389832173,运行/运行/ATP-VSW/ATP-VSW-DOCK_HTVS_1-001_lib/ATP-VSW-DOCK_HTVS_1-001_lib
ATP-HTVS-404DE520584C,HTVS,-3.58294899540738,运行/运行/ATP-VSW/ATP-VSW-DOCK_HTVS_1-001_lib/ATP-VSW-DOCK_HTVS_1-001_lib
ATP-HTVS-40806E2DA49D,HTVS,-3.48778814053638,运行/运行/ATP-VSW/ATP-VSW-DOCK_HTVS_1-002_lib.maegz
ATP-HTVS-40806E2DA49D,HTVS,-1.59760592048391,运行/运行/ATP-VSW/ATP-VSW-DOCK_HTVS_1-002_lib.maegz
ATP-HTVS-40CB5FD4F4D8,HTVS,-4.82706740620175,运行/运行/ATP-VSW/ATP-VSW-DOCK_HTVS_1-003_lib/ATP-VSW-DOCK_HTVS_1-003_lib.mae
ATP-HTVS-40CB5FD4F4D8,HTVS,-2.52532944189962,运行/运行/ATP-VSW/ATP-VSW-DOCK_HTVS_1-003_lib/ATP-VSW-DOCK_HTVS_1-003_lib.mae
ATP-HTVS-40E764CABCB1,HTVS,-4.26714661104976,运行/运行/ATP-VSW/ATP-VSW-DOCK_HTVS_1-002_lib.maegz
ATP-HTVS-40E764CABCB1,HTVS,-4.15916894948539,运行/运行/ATP-VSW/ATP-VSW-DOCK_HTVS_1-002_lib.maegz
ATP-HTVS-410A75CF1522,HTVS,-4.92172580803418,运行/运行/ATP-VSW/ATP-VSW-DOCK_HTVS_1-002_lib.maegz
ATP-HTVS-410A75CF1522,HTVS,-3.30447767159824,运行/运行/ATP-VSW/ATP-VSW-DOCK_HTVS_1-002_lib.maegz
ATP-HTVS-41202D3CA1C8,HTVS,-5.44286236205763,运行/运行/ATP-VSW/ATP-VSW-DOCK_HTVS_1-003_lib/ATP-VSW-DOCK_HTVS_1-003_lib.mae
ATP-HTVS-41202D3CA1C8,HTVS,-3.2140569532415,运行/运行/ATP-VSW/ATP-VSW-DOCK_HTVS_1-003_lib/ATP-VSW-DOCK_HTVS_1-003_lib.mae
ATP-HTVS-41202D3CA1C8,HTVS,-2.98504964388349,运行/运行/ATP-VSW/ATP-VSW-DOCK_HTVS_1-003_lib/ATP-VSW-DOCK_HTVS_1-003_lib.mae
ATP-HTVS-41202D3CA1C8,HTVS,-0.963635934856363,运行/运行/ATP-VSW/ATP-VSW-DOCK_HTVS_1-003_lib/ATP-VSW-DOCK_HTVS_1-003_lib.mae
ATP-HTVS-4128F66E5F96,HTVS,-1.59177629781537,运行/运行/ATP-VSW/ATP-VSW-DOCK_HTVS_1-002_lib.maegz
ATP-HTVS-418CD17BC8B0,HTVS,-2.01145088281975,运行/运行/ATP-VSW/ATP-VSW-DOCK_HTVS_1-003_lib/ATP-VSW-DOCK_HTVS_1-003_lib.mae
ATP-HTVS-41A031E7C6D2,HTVS,-4.44995463980795,运行/运行/ATP-VSW/ATP-VSW-DOCK_HTVS_1-003_lib/ATP-VSW-DOCK_HTVS_1-003_lib.mae
ATP-HTVS-41A031E7C6D2,HTVS,-1.81350252267495,运行/运行/ATP-VSW/ATP-VSW-DOCK_HTVS_1-003_lib/ATP-VSW-DOCK_HTVS_1-003_lib.mae
ATP-HTVS-41C13ED6AFFD,HTVS,-5.73485067766242,运行/运行/ATP-VSW/ATP-VSW-DOCK_HTVS_1-002_lib.maegz
ATP-HTVS-41C13ED6AFFD,HTVS,-5.71723612341582,运行/运行/ATP-VSW/ATP-VSW-DOCK_HTVS_1-002_lib.maegz
ATP-HTVS-41C13ED6AFFD,HTVS,-4.29908133049132,运行/运行/ATP-VSW/ATP-VSW-DOCK_HTVS_1-002_lib.maegz
ATP-HTVS-41C13ED6AFFD,HTVS,-3.51144025640989,运行/运行/ATP-VSW/ATP-VSW-DOCK_HTVS_1-002_lib.maegz
ATP-HTVS-41C13ED6AFFD,HTVS,-3.41260450488381,运行/运行/ATP-VSW/ATP-VSW-DOCK_HTVS_1-002_lib.maegz
ATP-HTVS-41C13ED6AFFD,HTVS,-3.10197719523317,运行/运行/ATP-VSW/ATP-VSW-DOCK_HTVS_1-002_lib.maegz
ATP-HTVS-41C13ED6AFFD,HTVS,-2.19636225049155,运行/运行/ATP-VSW/ATP-VSW-DOCK_HTVS_1-002_lib.maegz
ATP-HTVS-41C13ED6AFFD,HTVS,-0.999834841884216,运行/运行/ATP-VSW/ATP-VSW-DOCK_HTVS_1-002_lib.maegz
ATP-HTVS-41DBD56D77D4,HTVS,-3.30626984612687,运行/运行/ATP-VSW/ATP-VSW-DOCK_HTVS_1-002_lib.maegz
ATP-HTVS-41DE369552E3,HTVS,-4.07355133035679,运行/运行/ATP-VSW/ATP-VSW-DOCK_HTVS_1-001_lib/ATP-VSW-DOCK_HTVS_1-001_lib
ATP-HTVS-41DE369552E3,HTVS,-3.74598882195705,运行/运行/ATP-VSW/ATP-VSW-DOCK_HTVS_1-001_lib/ATP-VSW-DOCK_HTVS_1-001_lib
ATP-HTVS-41DE369552E3,HTVS,-3.32967978438087,运行/运行/ATP-VSW/ATP-VSW-DOCK_HTVS_1-001_lib/ATP-VSW-DOCK_HTVS_1-001_lib
ATP-HTVS-41DE369552E3,HTVS,-2.91066418753391,运行/运行/ATP-VSW/ATP-VSW-DOCK_HTVS_1-001_lib/ATP-VSW-DOCK_HTVS_1-001_lib
ATP-HTVS-41DF5C276515,HTVS,-3.55185647299314,运行/运行/ATP-VSW/ATP-VSW-DOCK_HTVS_1-001_lib/ATP-VSW-DOCK_HTVS_1-001_lib
ATP-HTVS-41DF5C276515,HTVS,-2.71765119572006,运行/运行/ATP-VSW/ATP-VSW-DOCK_HTVS_1-001_lib/ATP-VSW-DOCK_HTVS_1-001_lib
ATP-HTVS-41EB9DEAB7C9,HTVS,-6.00527091150475,运行/运行/ATP-VSW/ATP-VSW-DOCK_HTVS_1-003_lib/ATP-VSW-DOCK_HTVS_1-003_lib.mae
ATP-HTVS-41EB9DEAB7C9,HTVS,-5.00810814898836,运行/运行/ATP-VSW/ATP-VSW-DOCK_HTVS_1-003_lib/ATP-VSW-DOCK_HTVS_1-003_lib.mae
ATP-HTVS-420A833C3906,HTVS,-1.52740875756109,运行/运行/ATP-VSW/ATP-VSW-DOCK_HTVS_1-002_lib.maegz
ATP-HTVS-420A833C3906,HTVS,-1.43966007144789,运行/运行/ATP-VSW/ATP-VSW-DOCK_HTVS_1-002_lib.maegz
ATP-HTVS-425F81D77C05,HTVS,-4.60340827905249,运行/运行/ATP-VSW/ATP-VSW-DOCK_HTVS_1-002_lib.maegz
ATP-HTVS-425F81D77C05,HTVS,-1.91089896925437,运行/运行/ATP-VSW/ATP-VSW-DOCK_HTVS_1-002_lib.maegz
ATP-HTVS-429B4D57A2D0,HTVS,-3.93352685457372,运行/运行/ATP-VSW/ATP-VSW-DOCK_HTVS_1-001_lib/ATP-VSW-DOCK_HTVS_1-001_lib
ATP-HTVS-429B4D57A2D0,HTVS,-2.13248289084619,运行/运行/ATP-VSW/ATP-VSW-DOCK_HTVS_1-001_lib/ATP-VSW-DOCK_HTVS_1-001_lib
ATP-HTVS-42E232F3C181,HTVS,-3.81884371568142,运行/运行/ATP-VSW/ATP-VSW-DOCK_HTVS_1-001_lib/ATP-VSW-DOCK_HTVS_1-001_lib
ATP-HTVS-42E232F3C181,HTVS,-1.83466587587182,运行/运行/ATP-VSW/ATP-VSW-DOCK_HTVS_1-001_lib/ATP-VSW-DOCK_HTVS_1-001_lib
ATP-HTVS-4313C7EF8265,HTVS,-4.51531622944651,运行/运行/ATP-VSW/ATP-VSW-DOCK_HTVS_1-003_lib/ATP-VSW-DOCK_HTVS_1-003_lib.mae
ATP-HTVS-4313C7EF8265,HTVS,-2.88302856773746,运行/运行/ATP-VSW/ATP-VSW-DOCK_HTVS_1-003_lib/ATP-VSW-DOCK_HTVS_1-003_lib.mae
ATP-HTVS-43145D4CE45B,HTVS,-4.60812034415477,运行/运行/ATP-VSW/ATP-VSW-DOCK_HTVS_1-003_lib/ATP-VSW-DOCK_HTVS_1-003_lib.mae
ATP-HTVS-43145D4CE45B,HTVS,-3.87878272700964,运行/运行/ATP-VSW/ATP-VSW-DOCK_HTVS_1-003_lib/ATP-VSW-DOCK_HTVS_1-003_lib.mae
ATP-HTVS-43145D4CE45B,HTVS,-1.13014549653697,运行/运行/ATP-VSW/ATP-VSW-DOCK_HTVS_1-003_lib/ATP-VSW-DOCK_HTVS_1-003_lib.mae
ATP-HTVS-4322FF013EE1,HTVS,-4.13092325497253,运行/运行/ATP-VSW/ATP-VSW-DOCK_HTVS_1-003_lib/ATP-VSW-DOCK_HTVS_1-003_lib.mae
ATP-HTVS-4322FF013EE1,HTVS,-1.81382392150491,运行/运行/ATP-VSW/ATP-VSW-DOCK_HTVS_1-003_lib/ATP-VSW-DOCK_HTVS_1-003_lib.mae
ATP-HTVS-433854F3CEDF,HTVS,-4.75281141532495,运行/运行/ATP-VSW/ATP-VSW-DOCK_HTVS_1-003_lib/ATP-VSW-DOCK_HTVS_1-003_lib.mae
ATP-HTVS-433854F3CEDF,HTVS,-3.18120077201704,运行/运行/ATP-VSW/ATP-VSW-DOCK_HTVS_1-003_lib/ATP-VSW-DOCK_HTVS_1-003_lib.mae
ATP-HTVS-433854F3CEDF,HTVS,-1.93955106033646,运行/运行/ATP-VSW/ATP-VSW-DOCK_HTVS_1-003_lib/ATP-VSW-DOCK_HTVS_1-003_lib.mae
ATP-HTVS-433854F3CEDF,HTVS,-1.92686885378186,运行/运行/ATP-VSW/ATP-VSW-DOCK_HTVS_1-003_lib/ATP-VSW-DOCK_HTVS_1-003_lib.mae
ATP-HTVS-4340E5ABA707,HTVS,-5.37424942440475,运行/运行/ATP-VSW/ATP-VSW-DOCK_HTVS_1-003_lib/ATP-VSW-DOCK_HTVS_1-003_lib.mae
ATP-HTVS-4340E5ABA707,HTVS,-4.59144755246639,运行/运行/ATP-VSW/ATP-VSW-DOCK_HTVS_1-003_lib/ATP-VSW-DOCK_HTVS_1-003_lib.mae
ATP-HTVS-4340E5ABA707,HTVS,-4.39730325617331,运行/运行/ATP-VSW/ATP-VSW-DOCK_HTVS_1-003_lib/ATP-VSW-DOCK_HTVS_1-003_lib.mae
ATP-HTVS-4340E5ABA707,HTVS,-4.38380106197936,运行/运行/ATP-VSW/ATP-VSW-DOCK_HTVS_1-003_lib/ATP-VSW-DOCK_HTVS_1-003_lib.mae
ATP-HTVS-4340E5ABA707,HTVS,-2.89674503843452,运行/运行/ATP-VSW/ATP-VSW-DOCK_HTVS_1-003_lib/ATP-VSW-DOCK_HTVS_1-003_lib.mae
ATP-HTVS-4340E5ABA707,HTVS,-2.36637139259352,运行/运行/ATP-VSW/ATP-VSW-DOCK_HTVS_1-003_lib/ATP-VSW-DOCK_HTVS_1-003_lib.mae
ATP-HTVS-4340E5ABA707,HTVS,-2.11486739712551,运行/运行/ATP-VSW/ATP-VSW-DOCK_HTVS_1-003_lib/ATP-VSW-DOCK_HTVS_1-003_lib.mae
ATP-HTVS-4340E5ABA707,HTVS,-2.03601634970481,运行/运行/ATP-VSW/ATP-VSW-DOCK_HTVS_1-003_lib/ATP-VSW-DOCK_HTVS_1-003_lib.mae
ATP-HTVS-4382948120BD,HTVS,-4.87880406948413,运行/运行/ATP-VSW/ATP-VSW-DOCK_HTVS_1-003_lib/ATP-VSW-DOCK_HTVS_1-003_lib.mae
ATP-HTVS-4382948120BD,HTVS,-4.27961501304695,运行/运行/ATP-VSW/ATP-VSW-DOCK_HTVS_1-003_lib/ATP-VSW-DOCK_HTVS_1-003_lib.mae
ATP-HTVS-4382948120BD,HTVS,-3.36641321868042,运行/运行/ATP-VSW/ATP-VSW-DOCK_HTVS_1-003_lib/ATP-VSW-DOCK_HTVS_1-003_lib.mae
ATP-HTVS-43D1BB82511C,HTVS,-5.54449315498084,运行/运行/ATP-VSW/ATP-VSW-DOCK_HTVS_1-001_lib/ATP-VSW-DOCK_HTVS_1-001_lib
ATP-HTVS-43D1BB82511C,HTVS,-5.02845424700771,运行/运行/ATP-VSW/ATP-VSW-DOCK_HTVS_1-001_lib/ATP-VSW-DOCK_HTVS_1-001_lib
ATP-HTVS-43D1BB82511C,HTVS,-2.65910867647149,运行/运行/ATP-VSW/ATP-VSW-DOCK_HTVS_1-001_lib/ATP-VSW-DOCK_HTVS_1-001_lib
ATP-HTVS-43D1BB82511C,HTVS,-2.3026182593649,运行/运行/ATP-VSW/ATP-VSW-DOCK_HTVS_1-001_lib/ATP-VSW-DOCK_HTVS_1-001_lib
ATP-HTVS-43D1BB82511C,HTVS,-1.49274548278785,运行/运行/ATP-VSW/ATP-VSW-DOCK_HTVS_1-001_lib/ATP-VSW-DOCK_HTVS_1-001_lib
ATP-HTVS-43D1BB82511C,HTVS,-0.949257347920567,运行/运行/ATP-VSW/ATP-VSW-DOCK_HTVS_1-001_lib/ATP-VSW-DOCK_HTVS_1-001_lib
ATP-HTVS-43DC0EBD36ED,HTVS,-4.66778385561318,运行/运行/ATP-VSW/ATP-VSW-DOCK_HTVS_1-001_lib/ATP-VSW-DOCK_HTVS_1-001_lib
ATP-HTVS-43DC0EBD36ED,HTVS,-2.62387921698618,运行/运行/ATP-VSW/ATP-VSW-DOCK_HTVS_1-001_lib/ATP-VSW-DOCK_HTVS_1-001_lib
ATP-HTVS-43DC0EBD36ED,HTVS,-1.52640727838489,运行/运行/ATP-VSW/ATP-VSW-DOCK_HTVS_1-001_lib/ATP-VSW-DOCK_HTVS_1-001_lib
ATP-HTVS-43DEA6C9D172,HTVS,-5.40917104855102,运行/运行/ATP-VSW/ATP-VSW-DOCK_HTVS_1-003_lib/ATP-VSW-DOCK_HTVS_1-003_lib.mae
ATP-HTVS-43DEA6C9D172,HTVS,-5.31622269251403,运行/运行/ATP-VSW/ATP-VSW-DOCK_HTVS_1-003_lib/ATP-VSW-DOCK_HTVS_1-003_lib.mae
ATP-HTVS-43DEA6C9D172,HTVS,-1.61036370023111,运行/运行/ATP-VSW/ATP-VSW-DOCK_HTVS_1-003_lib/ATP-VSW-DOCK_HTVS_1-003_lib.mae
ATP-HTVS-43DEA6C9D172,HTVS,-1.60677428522099,运行/运行/ATP-VSW/ATP-VSW-DOCK_HTVS_1-003_lib/ATP-VSW-DOCK_HTVS_1-003_lib.mae
ATP-HTVS-43E54E69D2FC,HTVS,-1.47586439099717,运行/运行/ATP-VSW/ATP-VSW-DOCK_HTVS_1-001_lib/ATP-VSW-DOCK_HTVS_1-001_lib
ATP-HTVS-43E54E69D2FC,HTVS,-0.907631361724376,运行/运行/ATP-VSW/ATP-VSW-DOCK_HTVS_1-001_lib/ATP-VSW-DOCK_HTVS_1-001_lib
ATP-HTVS-440AFC8B752D,HTVS,-2.03160493086571,运行/运行/ATP-VSW/ATP-VSW-DOCK_HTVS_1-002_lib.maegz
ATP-HTVS-440AFC8B752D,HTVS,-1.64743834184868,运行/运行/ATP-VSW/ATP-VSW-DOCK_HTVS_1-002_lib.maegz
ATP-HTVS-440AFC8B752D,HTVS,0.74736478467543,运行/运行/ATP-VSW/ATP-VSW-DOCK_HTVS_1-002_lib.maegz
ATP-HTVS-440AFC8B752D,HTVS,1.04648405829575,运行/运行/ATP-VSW/ATP-VSW-DOCK_HTVS_1-002_lib.maegz
ATP-HTVS-4415AB646F99,HTVS,-1.99049961236672,运行/运行/ATP-VSW/ATP-VSW-DOCK_HTVS_1-001_lib/ATP-VSW-DOCK_HTVS_1-001_lib
ATP-HTVS-4418320CDB75,HTVS,-3.52108650206718,运行/运行/ATP-VSW/ATP-VSW-DOCK_HTVS_1-003_lib/ATP-VSW-DOCK_HTVS_1-003_lib.mae
ATP-HTVS-4418320CDB75,HTVS,-2.51399497122748,运行/运行/ATP-VSW/ATP-VSW-DOCK_HTVS_1-003_lib/ATP-VSW-DOCK_HTVS_1-003_lib.mae
ATP-HTVS-4418320CDB75,HTVS,-2.2444966376532,运行/运行/ATP-VSW/ATP-VSW-DOCK_HTVS_1-003_lib/ATP-VSW-DOCK_HTVS_1-003_lib.mae
ATP-HTVS-442C36D59863,HTVS,-5.63752501034488,运行/运行/ATP-VSW/ATP-VSW-DOCK_HTVS_1-002_lib.maegz
ATP-HTVS-443BC3733DB7,HTVS,-3.79226143644072,运行/运行/ATP-VSW/ATP-VSW-DOCK_HTVS_1-003_lib/ATP-VSW-DOCK_HTVS_1-003_lib.mae
ATP-HTVS-443BC3733DB7,HTVS,-3.48448314998525,运行/运行/ATP-VSW/ATP-VSW-DOCK_HTVS_1-003_lib/ATP-VSW-DOCK_HTVS_1-003_lib.mae
ATP-HTVS-445D8195943B,HTVS,-2.99892868060241,运行/运行/ATP-VSW/ATP-VSW-DOCK_HTVS_1-001_lib/ATP-VSW-DOCK_HTVS_1-001_lib
ATP-HTVS-44A2C719C105,HTVS,-3.81365800673213,运行/运行/ATP-VSW/ATP-VSW-DOCK_HTVS_1-003_lib/ATP-VSW-DOCK_HTVS_1-003_lib.mae
ATP-HTVS-44A2C719C105,HTVS,-1.53022153521514,运行/运行/ATP-VSW/ATP-VSW-DOCK_HTVS_1-003_lib/ATP-VSW-DOCK_HTVS_1-003_lib.mae
ATP-HTVS-44A5767B4738,HTVS,-2.23090589847899,运行/运行/ATP-VSW/ATP-VSW-DOCK_HTVS_1-002_lib.maegz
ATP-HTVS-44A5767B4738,HTVS,-1.44196419983136,运行/运行/ATP-VSW/ATP-VSW-DOCK_HTVS_1-002_lib.maegz
ATP-HTVS-44ACC7CEC3D6,HTVS,-3.77799119400494,运行/运行/ATP-VSW/ATP-VSW-DOCK_HTVS_1-001_lib/ATP-VSW-DOCK_HTVS_1-001_lib
ATP-HTVS-44ACC7CEC3D6,HTVS,-1.92688850895173,运行/运行/ATP-VSW/ATP-VSW-DOCK_HTVS_1-001_lib/ATP-VSW-DOCK_HTVS_1-001_lib
ATP-HTVS-44DE29768EEE,HTVS,-5.67669422905585,运行/运行/ATP-VSW/ATP-VSW-DOCK_HTVS_1-003_lib/ATP-VSW-DOCK_HTVS_1-003_lib.mae
ATP-HTVS-44DE29768EEE,HTVS,-4.01117782911238,运行/运行/ATP-VSW/ATP-VSW-DOCK_HTVS_1-003_lib/ATP-VSW-DOCK_HTVS_1-003_lib.mae
ATP-HTVS-44DE29768EEE,HTVS,-1.8667999859272,运行/运行/ATP-VSW/ATP-VSW-DOCK_HTVS_1-003_lib/ATP-VSW-DOCK_HTVS_1-003_lib.mae
ATP-HTVS-44DE29768EEE,HTVS,-1.46317362802975,运行/运行/ATP-VSW/ATP-VSW-DOCK_HTVS_1-003_lib/ATP-VSW-DOCK_HTVS_1-003_lib.mae
ATP-HTVS-4503BC70E7F0,HTVS,-4.93238473626858,运行/运行/ATP-VSW/ATP-VSW-DOCK_HTVS_1-001_lib/ATP-VSW-DOCK_HTVS_1-001_lib
ATP-HTVS-4503BC70E7F0,HTVS,-4.26484346643751,运行/运行/ATP-VSW/ATP-VSW-DOCK_HTVS_1-001_lib/ATP-VSW-DOCK_HTVS_1-001_lib
ATP-HTVS-4503BC70E7F0,HTVS,-3.92483849823046,运行/运行/ATP-VSW/ATP-VSW-DOCK_HTVS_1-001_lib/ATP-VSW-DOCK_HTVS_1-001_lib
ATP-HTVS-4503BC70E7F0,HTVS,-3.91678407973518,运行/运行/ATP-VSW/ATP-VSW-DOCK_HTVS_1-001_lib/ATP-VSW-DOCK_HTVS_1-001_lib
ATP-HTVS-4503BC70E7F0,HTVS,-3.70021185333472,运行/运行/ATP-VSW/ATP-VSW-DOCK_HTVS_1-001_lib/ATP-VSW-DOCK_HTVS_1-001_lib
ATP-HTVS-4503BC70E7F0,HTVS,-3.4747735774051,运行/运行/ATP-VSW/ATP-VSW-DOCK_HTVS_1-001_lib/ATP-VSW-DOCK_HTVS_1-001_lib
ATP-HTVS-450A55DE989E,HTVS,-0.485217582185325,运行/运行/ATP-VSW/ATP-VSW-DOCK_HTVS_1-002_lib.maegz
ATP-HTVS-458F3EB1794A,HTVS,-5.66081942024154,运行/运行/ATP-VSW/ATP-VSW-DOCK_HTVS_1-002_lib.maegz
ATP-HTVS-458F3EB1794A,HTVS,-5.0167373138315,运行/运行/ATP-VSW/ATP-VSW-DOCK_HTVS_1-002_lib.maegz
ATP-HTVS-458F3EB1794A,HTVS,-2.60342867131881,运行/运行/ATP-VSW/ATP-VSW-DOCK_HTVS_1-002_lib.maegz
ATP-HTVS-45908092458F,HTVS,-4.61060269011311,运行/运行/ATP-VSW/ATP-VSW-DOCK_HTVS_1-001_lib/ATP-VSW-DOCK_HTVS_1-001_lib
ATP-HTVS-45908092458F,HTVS,-1.94234655074109,运行/运行/ATP-VSW/ATP-VSW-DOCK_HTVS_1-001_lib/ATP-VSW-DOCK_HTVS_1-001_lib
ATP-HTVS-459B7E30FD80,HTVS,-4.59371584733431,运行/运行/ATP-VSW/ATP-VSW-DOCK_HTVS_1-001_lib/ATP-VSW-DOCK_HTVS_1-001_lib
ATP-HTVS-459B7E30FD80,HTVS,-2.91629478472858,运行/运行/ATP-VSW/ATP-VSW-DOCK_HTVS_1-001_lib/ATP-VSW-DOCK_HTVS_1-001_lib
ATP-HTVS-45A004EDB829,HTVS,-5.63462685379644,运行/运行/ATP-VSW/ATP-VSW-DOCK_HTVS_1-002_lib.maegz
ATP-HTVS-45A004EDB829,HTVS,-3.52077453684199,运行/运行/ATP-VSW/ATP-VSW-DOCK_HTVS_1-002_lib.maegz
ATP-HTVS-45A004EDB829,HTVS,-3.38738450768414,运行/运行/ATP-VSW/ATP-VSW-DOCK_HTVS_1-002_lib.maegz
ATP-HTVS-45C9FDCE5200,HTVS,-4.79069052465564,运行/运行/ATP-VSW/ATP-VSW-DOCK_HTVS_1-002_lib.maegz
ATP-HTVS-45EC04A30F13,HTVS,-2.71323008229637,运行/运行/ATP-VSW/ATP-VSW-DOCK_HTVS_1-003_lib/ATP-VSW-DOCK_HTVS_1-003_lib.mae
ATP-HTVS-461088EC3581,HTVS,-2.44915932591984,运行/运行/ATP-VSW/ATP-VSW-DOCK_HTVS_1-002_lib.maegz
ATP-HTVS-4630C8488F7C,HTVS,-4.36397363292611,运行/运行/ATP-VSW/ATP-VSW-DOCK_HTVS_1-001_lib/ATP-VSW-DOCK_HTVS_1-001_lib
ATP-HTVS-4630C8488F7C,HTVS,-2.60594077460675,运行/运行/ATP-VSW/ATP-VSW-DOCK_HTVS_1-001_lib/ATP-VSW-DOCK_HTVS_1-001_lib
ATP-HTVS-4630C8488F7C,HTVS,-2.43009674744253,运行/运行/ATP-VSW/ATP-VSW-DOCK_HTVS_1-001_lib/ATP-VSW-DOCK_HTVS_1-001_lib
ATP-HTVS-4630C8488F7C,HTVS,-0.796352476688551,运行/运行/ATP-VSW/ATP-VSW-DOCK_HTVS_1-001_lib/ATP-VSW-DOCK_HTVS_1-001_lib
ATP-HTVS-464A50F6807A,HTVS,-4.0729361307378,运行/运行/ATP-VSW/ATP-VSW-DOCK_HTVS_1-002_lib.maegz
ATP-HTVS-464DF81034BD,HTVS,-5.9427851521281,运行/运行/ATP-VSW/ATP-VSW-DOCK_HTVS_1-002_lib.maegz
ATP-HTVS-464DF81034BD,HTVS,-2.8539338712401,运行/运行/ATP-VSW/ATP-VSW-DOCK_HTVS_1-002_lib.maegz
ATP-HTVS-4697491C32F9,HTVS,-4.2474975969623,运行/运行/ATP-VSW/ATP-VSW-DOCK_HTVS_1-002_lib.maegz
ATP-HTVS-4697491C32F9,HTVS,-2.60014303661694,运行/运行/ATP-VSW/ATP-VSW-DOCK_HTVS_1-002_lib.maegz
ATP-HTVS-4697491C32F9,HTVS,-1.10069027751827,运行/运行/ATP-VSW/ATP-VSW-DOCK_HTVS_1-002_lib.maegz
ATP-HTVS-4697A006B393,HTVS,-4.02395167822352,运行/运行/ATP-VSW/ATP-VSW-DOCK_HTVS_1-002_lib.maegz
ATP-HTVS-4697A006B393,HTVS,-2.84437010534582,运行/运行/ATP-VSW/ATP-VSW-DOCK_HTVS_1-002_lib.maegz
ATP-HTVS-469EEFA86A0D,HTVS,-5.1114067324417,运行/运行/ATP-VSW/ATP-VSW-DOCK_HTVS_1-001_lib/ATP-VSW-DOCK_HTVS_1-001_lib
ATP-HTVS-469EEFA86A0D,HTVS,-4.47029692246819,运行/运行/ATP-VSW/ATP-VSW-DOCK_HTVS_1-001_lib/ATP-VSW-DOCK_HTVS_1-001_lib
ATP-HTVS-46A91AAE2D1D,HTVS,-1.23008682170189,运行/运行/ATP-VSW/ATP-VSW-DOCK_HTVS_1-001_lib/ATP-VSW-DOCK_HTVS_1-001_lib
ATP-HTVS-46A91AAE2D1D,HTVS,-0.793508497630256,运行/运行/ATP-VSW/ATP-VSW-DOCK_HTVS_1-001_lib/ATP-VSW-DOCK_HTVS_1-001_lib
ATP-HTVS-46A91AAE2D1D,HTVS,-0.678544045306778,运行/运行/ATP-VSW/ATP-VSW-DOCK_HTVS_1-001_lib/ATP-VSW-DOCK_HTVS_1-001_lib
ATP-HTVS-46A91AAE2D1D,HTVS,-0.218529521675545,运行/运行/ATP-VSW/ATP-VSW-DOCK_HTVS_1-001_lib/ATP-VSW-DOCK_HTVS_1-001_lib
ATP-HTVS-46A91AAE2D1D,HTVS,0.387359847037794,运行/运行/ATP-VSW/ATP-VSW-DOCK_HTVS_1-001_lib/ATP-VSW-DOCK_HTVS_1-001_lib
ATP-HTVS-46A91AAE2D1D,HTVS,1.22060228649422,运行/运行/ATP-VSW/ATP-VSW-DOCK_HTVS_1-001_lib/ATP-VSW-DOCK_HTVS_1-001_lib
ATP-HTVS-46A91AAE2D1D,HTVS,1.56205012844883,运行/运行/ATP-VSW/ATP-VSW-DOCK_HTVS_1-001_lib/ATP-VSW-DOCK_HTVS_1-001_lib
ATP-HTVS-46F5C2C02CE5,HTVS,-5.15240839453565,运行/运行/ATP-VSW/ATP-VSW-DOCK_HTVS_1-003_lib/ATP-VSW-DOCK_HTVS_1-003_lib.mae
ATP-HTVS-46F5C2C02CE5,HTVS,-2.1658546016572,运行/运行/ATP-VSW/ATP-VSW-DOCK_HTVS_1-003_lib/ATP-VSW-DOCK_HTVS_1-003_lib.mae
ATP-HTVS-471B66EC874A,HTVS,-3.76479820066214,运行/运行/ATP-VSW/ATP-VSW-DOCK_HTVS_1-001_lib/ATP-VSW-DOCK_HTVS_1-001_lib
ATP-HTVS-471B66EC874A,HTVS,-1.69735821439038,运行/运行/ATP-VSW/ATP-VSW-DOCK_HTVS_1-001_lib/ATP-VSW-DOCK_HTVS_1-001_lib
ATP-HTVS-471CA8009E10,HTVS,-3.97060511347441,运行/运行/ATP-VSW/ATP-VSW-DOCK_HTVS_1-003_lib/ATP-VSW-DOCK_HTVS_1-003_lib.mae
ATP-HTVS-472161FD1CB3,HTVS,-2.60245460393226,运行/运行/ATP-VSW/ATP-VSW-DOCK_HTVS_1-002_lib.maegz
ATP-HTVS-47220BE834AE,HTVS,-5.55803664405348,运行/运行/ATP-VSW/ATP-VSW-DOCK_HTVS_1-003_lib/ATP-VSW-DOCK_HTVS_1-003_lib.mae
ATP-HTVS-47220BE834AE,HTVS,-1.80165685032798,运行/运行/ATP-VSW/ATP-VSW-DOCK_HTVS_1-003_lib/ATP-VSW-DOCK_HTVS_1-003_lib.mae
ATP-HTVS-47675EC0C4D5,HTVS,-5.4109022547373,运行/运行/ATP-VSW/ATP-VSW-DOCK_HTVS_1-003_lib/ATP-VSW-DOCK_HTVS_1-003_lib.mae
ATP-HTVS-47A17AC8C7BD,HTVS,-5.0080116053514,运行/运行/ATP-VSW/ATP-VSW-DOCK_HTVS_1-003_lib/ATP-VSW-DOCK_HTVS_1-003_lib.mae
ATP-HTVS-47BAC8FD9A9F,HTVS,-4.6952770336704,运行/运行/ATP-VSW/ATP-VSW-DOCK_HTVS_1-001_lib/ATP-VSW-DOCK_HTVS_1-001_lib
ATP-HTVS-47BAC8FD9A9F,HTVS,-1.9395327366541,运行/运行/ATP-VSW/ATP-VSW-DOCK_HTVS_1-001_lib/ATP-VSW-DOCK_HTVS_1-001_lib
ATP-HTVS-4862FE6420AB,HTVS,-5.04320666313949,运行/运行/ATP-VSW/ATP-VSW-DOCK_HTVS_1-002_lib.maegz
ATP-HTVS-4862FE6420AB,HTVS,-3.24565242593832,运行/运行/ATP-VSW/ATP-VSW-DOCK_HTVS_1-002_lib.maegz
ATP-HTVS-4862FE6420AB,HTVS,-3.06378124648941,运行/运行/ATP-VSW/ATP-VSW-DOCK_HTVS_1-002_lib.maegz
ATP-HTVS-48C487957C1E,HTVS,-3.83958463930576,运行/运行/ATP-VSW/ATP-VSW-DOCK_HTVS_1-001_lib/ATP-VSW-DOCK_HTVS_1-001_lib
ATP-HTVS-48ECC7021683,HTVS,-4.40656122353877,运行/运行/ATP-VSW/ATP-VSW-DOCK_HTVS_1-001_lib/ATP-VSW-DOCK_HTVS_1-001_lib
ATP-HTVS-48ECC7021683,HTVS,-2.27857480353612,运行/运行/ATP-VSW/ATP-VSW-DOCK_HTVS_1-001_lib/ATP-VSW-DOCK_HTVS_1-001_lib
ATP-HTVS-491BAB709F49,HTVS,-4.15817163114907,运行/运行/ATP-VSW/ATP-VSW-DOCK_HTVS_1-002_lib.maegz
ATP-HTVS-491BAB709F49,HTVS,-3.79348758042898,运行/运行/ATP-VSW/ATP-VSW-DOCK_HTVS_1-002_lib.maegz
ATP-HTVS-491BAB709F49,HTVS,-1.06938461546895,运行/运行/ATP-VSW/ATP-VSW-DOCK_HTVS_1-002_lib.maegz
ATP-HTVS-491BAB709F49,HTVS,-0.580712434964625,运行/运行/ATP-VSW/ATP-VSW-DOCK_HTVS_1-002_lib.maegz
ATP-HTVS-4920657FA6C2,HTVS,-3.04995452842007,运行/运行/ATP-VSW/ATP-VSW-DOCK_HTVS_1-002_lib.maegz
ATP-HTVS-494FFDA3E05A,HTVS,-3.71641509158904,运行/运行/ATP-VSW/ATP-VSW-DOCK_HTVS_1-002_lib.maegz
ATP-HTVS-494FFDA3E05A,HTVS,-3.15571483978083,运行/运行/ATP-VSW/ATP-VSW-DOCK_HTVS_1-002_lib.maegz
ATP-HTVS-4991CDEEDD30,HTVS,-4.93109589081269,运行/运行/ATP-VSW/ATP-VSW-DOCK_HTVS_1-001_lib/ATP-VSW-DOCK_HTVS_1-001_lib
ATP-HTVS-4991CDEEDD30,HTVS,-4.81442472954819,运行/运行/ATP-VSW/ATP-VSW-DOCK_HTVS_1-001_lib/ATP-VSW-DOCK_HTVS_1-001_lib
ATP-HTVS-49CF595ADD5C,HTVS,-4.07488023381237,运行/运行/ATP-VSW/ATP-VSW-DOCK_HTVS_1-002_lib.maegz
ATP-HTVS-49CF595ADD5C,HTVS,-2.02810545106079,运行/运行/ATP-VSW/ATP-VSW-DOCK_HTVS_1-002_lib.maegz
ATP-HTVS-49D68E9248AF,HTVS,-5.70465144918072,运行/运行/ATP-VSW/ATP-VSW-DOCK_HTVS_1-003_lib/ATP-VSW-DOCK_HTVS_1-003_lib.mae
ATP-HTVS-49D68E9248AF,HTVS,-5.07801813526121,运行/运行/ATP-VSW/ATP-VSW-DOCK_HTVS_1-003_lib/ATP-VSW-DOCK_HTVS_1-003_lib.mae
ATP-HTVS-49D68E9248AF,HTVS,-4.74803220704524,运行/运行/ATP-VSW/ATP-VSW-DOCK_HTVS_1-003_lib/ATP-VSW-DOCK_HTVS_1-003_lib.mae
ATP-HTVS-49D68E9248AF,HTVS,-4.60783076642035,运行/运行/ATP-VSW/ATP-VSW-DOCK_HTVS_1-003_lib/ATP-VSW-DOCK_HTVS_1-003_lib.mae
ATP-HTVS-4A1EB194D3B6,HTVS,-4.85779636585634,运行/运行/ATP-VSW/ATP-VSW-DOCK_HTVS_1-003_lib/ATP-VSW-DOCK_HTVS_1-003_lib.mae
ATP-HTVS-4A1EB194D3B6,HTVS,-2.00238539603513,运行/运行/ATP-VSW/ATP-VSW-DOCK_HTVS_1-003_lib/ATP-VSW-DOCK_HTVS_1-003_lib.mae
ATP-HTVS-4A1EB194D3B6,HTVS,-1.88443027345727,运行/运行/ATP-VSW/ATP-VSW-DOCK_HTVS_1-003_lib/ATP-VSW-DOCK_HTVS_1-003_lib.mae
ATP-HTVS-4A28AAEEA14A,HTVS,-5.08545475115908,运行/运行/ATP-VSW/ATP-VSW-DOCK_HTVS_1-002_lib.maegz
ATP-HTVS-4A28AAEEA14A,HTVS,-3.46382824424205,运行/运行/ATP-VSW/ATP-VSW-DOCK_HTVS_1-002_lib.maegz
ATP-HTVS-4A3DC7D9F888,HTVS,-4.77335035771705,运行/运行/ATP-VSW/ATP-VSW-DOCK_HTVS_1-001_lib/ATP-VSW-DOCK_HTVS_1-001_lib
ATP-HTVS-4A3DC7D9F888,HTVS,-3.08281805319968,运行/运行/ATP-VSW/ATP-VSW-DOCK_HTVS_1-001_lib/ATP-VSW-DOCK_HTVS_1-001_lib
ATP-HTVS-4A3DC7D9F888,HTVS,-3.02432994983716,运行/运行/ATP-VSW/ATP-VSW-DOCK_HTVS_1-001_lib/ATP-VSW-DOCK_HTVS_1-001_lib
ATP-HTVS-4A3DC7D9F888,HTVS,-2.09317715852771,运行/运行/ATP-VSW/ATP-VSW-DOCK_HTVS_1-001_lib/ATP-VSW-DOCK_HTVS_1-001_lib
ATP-HTVS-4A7957865725,HTVS,-3.47010221209868,运行/运行/ATP-VSW/ATP-VSW-DOCK_HTVS_1-001_lib/ATP-VSW-DOCK_HTVS_1-001_lib
ATP-HTVS-4A7957865725,HTVS,-1.76656411151418,运行/运行/ATP-VSW/ATP-VSW-DOCK_HTVS_1-001_lib/ATP-VSW-DOCK_HTVS_1-001_lib
ATP-HTVS-4AC739BE8539,HTVS,-2.77467908775875,运行/运行/ATP-VSW/ATP-VSW-DOCK_HTVS_1-002_lib.maegz
ATP-HTVS-4AC739BE8539,HTVS,-0.439025970435969,运行/运行/ATP-VSW/ATP-VSW-DOCK_HTVS_1-002_lib.maegz
ATP-HTVS-4AC96F3AF657,HTVS,-5.37701549450929,运行/运行/ATP-VSW/ATP-VSW-DOCK_HTVS_1-002_lib.maegz
ATP-HTVS-4AC96F3AF657,HTVS,-4.02120309753415,运行/运行/ATP-VSW/ATP-VSW-DOCK_HTVS_1-002_lib.maegz
ATP-HTVS-4AC96F3AF657,HTVS,-2.82376299652709,运行/运行/ATP-VSW/ATP-VSW-DOCK_HTVS_1-002_lib.maegz
ATP-HTVS-4AC96F3AF657,HTVS,-2.00221706478219,运行/运行/ATP-VSW/ATP-VSW-DOCK_HTVS_1-002_lib.maegz
ATP-HTVS-4AF467728185,HTVS,-5.0736909948387,运行/运行/ATP-VSW/ATP-VSW-DOCK_HTVS_1-002_lib.maegz
ATP-HTVS-4AF467728185,HTVS,-2.8315847966767,运行/运行/ATP-VSW/ATP-VSW-DOCK_HTVS_1-002_lib.maegz
ATP-HTVS-4AF9C9C46A6A,HTVS,-4.33034179670516,运行/运行/ATP-VSW/ATP-VSW-DOCK_HTVS_1-002_lib.maegz
ATP-HTVS-4AF9C9C46A6A,HTVS,-4.07853168955538,运行/运行/ATP-VSW/ATP-VSW-DOCK_HTVS_1-002_lib.maegz
ATP-HTVS-4AF9C9C46A6A,HTVS,-2.97995655798244,运行/运行/ATP-VSW/ATP-VSW-DOCK_HTVS_1-002_lib.maegz
ATP-HTVS-4AF9C9C46A6A,HTVS,-2.02764428102112,运行/运行/ATP-VSW/ATP-VSW-DOCK_HTVS_1-002_lib.maegz
ATP-HTVS-4B144E96CFBE,HTVS,-6.09847068944256,运行/运行/ATP-VSW/ATP-VSW-DOCK_HTVS_1-002_lib.maegz
ATP-HTVS-4B144E96CFBE,HTVS,-4.93911057914988,运行/运行/ATP-VSW/ATP-VSW-DOCK_HTVS_1-002_lib.maegz
ATP-HTVS-4B144E96CFBE,HTVS,-1.42649186399522,运行/运行/ATP-VSW/ATP-VSW-DOCK_HTVS_1-002_lib.maegz
ATP-HTVS-4B5D35D2395E,HTVS,-4.24902805223689,运行/运行/ATP-VSW/ATP-VSW-DOCK_HTVS_1-001_lib/ATP-VSW-DOCK_HTVS_1-001_lib
ATP-HTVS-4B5D35D2395E,HTVS,-2.68161129262882,运行/运行/ATP-VSW/ATP-VSW-DOCK_HTVS_1-001_lib/ATP-VSW-DOCK_HTVS_1-001_lib
ATP-HTVS-4B5D35D2395E,HTVS,-1.81025124724207,运行/运行/ATP-VSW/ATP-VSW-DOCK_HTVS_1-001_lib/ATP-VSW-DOCK_HTVS_1-001_lib
ATP-HTVS-4B689B6ED6C6,HTVS,-3.75595679724793,运行/运行/ATP-VSW/ATP-VSW-DOCK_HTVS_1-003_lib/ATP-VSW-DOCK_HTVS_1-003_lib.mae
ATP-HTVS-4B689B6ED6C6,HTVS,-1.6892740027646,运行/运行/ATP-VSW/ATP-VSW-DOCK_HTVS_1-003_lib/ATP-VSW-DOCK_HTVS_1-003_lib.mae
ATP-HTVS-4B898DE9EBD2,HTVS,-4.5337690678731,运行/运行/ATP-VSW/ATP-VSW-DOCK_HTVS_1-003_lib/ATP-VSW-DOCK_HTVS_1-003_lib.mae
ATP-HTVS-4BBA1A792A2F,HTVS,-4.75445047012433,运行/运行/ATP-VSW/ATP-VSW-DOCK_HTVS_1-001_lib/ATP-VSW-DOCK_HTVS_1-001_lib
ATP-HTVS-4BBA1A792A2F,HTVS,-2.55959073707468,运行/运行/ATP-VSW/ATP-VSW-DOCK_HTVS_1-001_lib/ATP-VSW-DOCK_HTVS_1-001_lib
ATP-HTVS-4BCACD3FB587,HTVS,-2.63140354448131,运行/运行/ATP-VSW/ATP-VSW-DOCK_HTVS_1-003_lib/ATP-VSW-DOCK_HTVS_1-003_lib.mae
ATP-HTVS-4BCACD3FB587,HTVS,-2.39363671065574,运行/运行/ATP-VSW/ATP-VSW-DOCK_HTVS_1-003_lib/ATP-VSW-DOCK_HTVS_1-003_lib.mae
ATP-HTVS-4BE062240422,HTVS,-3.60181278136993,运行/运行/ATP-VSW/ATP-VSW-DOCK_HTVS_1-001_lib/ATP-VSW-DOCK_HTVS_1-001_lib
ATP-HTVS-4BE062240422,HTVS,-2.20394555648948,运行/运行/ATP-VSW/ATP-VSW-DOCK_HTVS_1-001_lib/ATP-VSW-DOCK_HTVS_1-001_lib
ATP-HTVS-4BFDBDCB8AC3,HTVS,-4.09028534747273,运行/运行/ATP-VSW/ATP-VSW-DOCK_HTVS_1-001_lib/ATP-VSW-DOCK_HTVS_1-001_lib
ATP-HTVS-4BFDBDCB8AC3,HTVS,-3.27317217487841,运行/运行/ATP-VSW/ATP-VSW-DOCK_HTVS_1-001_lib/ATP-VSW-DOCK_HTVS_1-001_lib
ATP-HTVS-4BFDBDCB8AC3,HTVS,-1.70549196889091,运行/运行/ATP-VSW/ATP-VSW-DOCK_HTVS_1-001_lib/ATP-VSW-DOCK_HTVS_1-001_lib
ATP-HTVS-4C04B46E023C,HTVS,-4.00518449043666,运行/运行/ATP-VSW/ATP-VSW-DOCK_HTVS_1-003_lib/ATP-VSW-DOCK_HTVS_1-003_lib.mae
ATP-HTVS-4C04B46E023C,HTVS,-2.17120111701195,运行/运行/ATP-VSW/ATP-VSW-DOCK_HTVS_1-003_lib/ATP-VSW-DOCK_HTVS_1-003_lib.mae
ATP-HTVS-4C04B46E023C,HTVS,-1.17442834925383,运行/运行/ATP-VSW/ATP-VSW-DOCK_HTVS_1-003_lib/ATP-VSW-DOCK_HTVS_1-003_lib.mae
ATP-HTVS-4C091C5F609D,HTVS,-3.82166575294196,运行/运行/ATP-VSW/ATP-VSW-DOCK_HTVS_1-002_lib.maegz
ATP-HTVS-4C091C5F609D,HTVS,-1.38080117502618,运行/运行/ATP-VSW/ATP-VSW-DOCK_HTVS_1-002_lib.maegz
ATP-HTVS-4C511AF0E5BD,HTVS,-4.70375095023499,运行/运行/ATP-VSW/ATP-VSW-DOCK_HTVS_1-003_lib/ATP-VSW-DOCK_HTVS_1-003_lib.mae
ATP-HTVS-4C6C1EFD2AA2,HTVS,-3.9503569591684,运行/运行/ATP-VSW/ATP-VSW-DOCK_HTVS_1-001_lib/ATP-VSW-DOCK_HTVS_1-001_lib
ATP-HTVS-4C6C1EFD2AA2,HTVS,-2.52066895236972,运行/运行/ATP-VSW/ATP-VSW-DOCK_HTVS_1-001_lib/ATP-VSW-DOCK_HTVS_1-001_lib
ATP-HTVS-4C6C1EFD2AA2,HTVS,-2.38857795789421,运行/运行/ATP-VSW/ATP-VSW-DOCK_HTVS_1-001_lib/ATP-VSW-DOCK_HTVS_1-001_lib
ATP-HTVS-4CC80B7019B2,HTVS,-5.14583920167387,运行/运行/ATP-VSW/ATP-VSW-DOCK_HTVS_1-002_lib.maegz
ATP-HTVS-4CC80B7019B2,HTVS,-4.00472833274474,运行/运行/ATP-VSW/ATP-VSW-DOCK_HTVS_1-002_lib.maegz
ATP-HTVS-4CC80B7019B2,HTVS,-2.53277854860835,运行/运行/ATP-VSW/ATP-VSW-DOCK_HTVS_1-002_lib.maegz
ATP-HTVS-4CFD3E435A48,HTVS,-5.64869376221623,运行/运行/ATP-VSW/ATP-VSW-DOCK_HTVS_1-003_lib/ATP-VSW-DOCK_HTVS_1-003_lib.mae
ATP-HTVS-4D1ED9B826E8,HTVS,-3.09401990408603,运行/运行/ATP-VSW/ATP-VSW-DOCK_HTVS_1-003_lib/ATP-VSW-DOCK_HTVS_1-003_lib.mae
ATP-HTVS-4D974321991D,HTVS,-2.16155537020466,运行/运行/ATP-VSW/ATP-VSW-DOCK_HTVS_1-003_lib/ATP-VSW-DOCK_HTVS_1-003_lib.mae
ATP-HTVS-4DC88D9567D5,HTVS,-4.57272995839587,运行/运行/ATP-VSW/ATP-VSW-DOCK_HTVS_1-002_lib.maegz
ATP-HTVS-4DC88D9567D5,HTVS,-4.35935862010757,运行/运行/ATP-VSW/ATP-VSW-DOCK_HTVS_1-002_lib.maegz
ATP-HTVS-4DC88D9567D5,HTVS,-3.09100514561629,运行/运行/ATP-VSW/ATP-VSW-DOCK_HTVS_1-002_lib.maegz
ATP-HTVS-4DC88D9567D5,HTVS,-2.6739227791514,运行/运行/ATP-VSW/ATP-VSW-DOCK_HTVS_1-002_lib.maegz
ATP-HTVS-4DC88D9567D5,HTVS,-2.27400885136819,运行/运行/ATP-VSW/ATP-VSW-DOCK_HTVS_1-002_lib.maegz
ATP-HTVS-4DC88D9567D5,HTVS,-2.27339468780078,运行/运行/ATP-VSW/ATP-VSW-DOCK_HTVS_1-002_lib.maegz
ATP-HTVS-4DC88D9567D5,HTVS,-1.4972666993531,运行/运行/ATP-VSW/ATP-VSW-DOCK_HTVS_1-002_lib.maegz
ATP-HTVS-4DC88D9567D5,HTVS,-1.08149714409981,运行/运行/ATP-VSW/ATP-VSW-DOCK_HTVS_1-002_lib.maegz
ATP-HTVS-4DE86EAA2D32,HTVS,-5.40904442602518,运行/运行/ATP-VSW/ATP-VSW-DOCK_HTVS_1-002_lib.maegz
ATP-HTVS-4DE86EAA2D32,HTVS,-4.21064879115232,运行/运行/ATP-VSW/ATP-VSW-DOCK_HTVS_1-002_lib.maegz
ATP-HTVS-4DE86EAA2D32,HTVS,-4.18991972740055,运行/运行/ATP-VSW/ATP-VSW-DOCK_HTVS_1-002_lib.maegz
ATP-HTVS-4DE86EAA2D32,HTVS,-4.13157615886774,运行/运行/ATP-VSW/ATP-VSW-DOCK_HTVS_1-002_lib.maegz
ATP-HTVS-4DE86EAA2D32,HTVS,-3.6096220494651,运行/运行/ATP-VSW/ATP-VSW-DOCK_HTVS_1-002_lib.maegz
ATP-HTVS-4DE86EAA2D32,HTVS,-2.80746106357144,运行/运行/ATP-VSW/ATP-VSW-DOCK_HTVS_1-002_lib.maegz
ATP-HTVS-4DE86EAA2D32,HTVS,-2.10544090392892,运行/运行/ATP-VSW/ATP-VSW-DOCK_HTVS_1-002_lib.maegz
ATP-HTVS-4DE86EAA2D32,HTVS,-1.38712257901733,运行/运行/ATP-VSW/ATP-VSW-DOCK_HTVS_1-002_lib.maegz
ATP-HTVS-4E16F03E37A9,HTVS,-3.51409520180293,运行/运行/ATP-VSW/ATP-VSW-DOCK_HTVS_1-003_lib/ATP-VSW-DOCK_HTVS_1-003_lib.mae
ATP-HTVS-4E16F03E37A9,HTVS,-3.44037371503155,运行/运行/ATP-VSW/ATP-VSW-DOCK_HTVS_1-003_lib/ATP-VSW-DOCK_HTVS_1-003_lib.mae
ATP-HTVS-4E16F03E37A9,HTVS,-2.07837972512716,运行/运行/ATP-VSW/ATP-VSW-DOCK_HTVS_1-003_lib/ATP-VSW-DOCK_HTVS_1-003_lib.mae
ATP-HTVS-4E16F03E37A9,HTVS,-1.62865749137275,运行/运行/ATP-VSW/ATP-VSW-DOCK_HTVS_1-003_lib/ATP-VSW-DOCK_HTVS_1-003_lib.mae
ATP-HTVS-4E652792F62F,HTVS,-3.96789359037915,运行/运行/ATP-VSW/ATP-VSW-DOCK_HTVS_1-003_lib/ATP-VSW-DOCK_HTVS_1-003_lib.mae
ATP-HTVS-4E825B07A9DF,HTVS,-4.54758226872434,运行/运行/ATP-VSW/ATP-VSW-DOCK_HTVS_1-002_lib.maegz
ATP-HTVS-4E825B07A9DF,HTVS,-1.95388044338638,运行/运行/ATP-VSW/ATP-VSW-DOCK_HTVS_1-002_lib.maegz
ATP-HTVS-4E9E59A3DA5E,HTVS,-1.45009554591698,运行/运行/ATP-VSW/ATP-VSW-DOCK_HTVS_1-002_lib.maegz
ATP-HTVS-4E9E59A3DA5E,HTVS,-1.00803234830904,运行/运行/ATP-VSW/ATP-VSW-DOCK_HTVS_1-002_lib.maegz
ATP-HTVS-4EA46F6E6AE0,HTVS,-2.24459138248723,运行/运行/ATP-VSW/ATP-VSW-DOCK_HTVS_1-002_lib.maegz
ATP-HTVS-4EF6126AB2D8,HTVS,-5.72493211292033,运行/运行/ATP-VSW/ATP-VSW-DOCK_HTVS_1-002_lib.maegz
ATP-HTVS-4EF6126AB2D8,HTVS,-5.1143798116206,运行/运行/ATP-VSW/ATP-VSW-DOCK_HTVS_1-002_lib.maegz
ATP-HTVS-4F22ABB48DC5,HTVS,-3.15489676990073,运行/运行/ATP-VSW/ATP-VSW-DOCK_HTVS_1-002_lib.maegz
ATP-HTVS-4F22ABB48DC5,HTVS,-1.83400865364042,运行/运行/ATP-VSW/ATP-VSW-DOCK_HTVS_1-002_lib.maegz
ATP-HTVS-4F450E2E91A2,HTVS,-4.9457723187918,运行/运行/ATP-VSW/ATP-VSW-DOCK_HTVS_1-003_lib/ATP-VSW-DOCK_HTVS_1-003_lib.mae
ATP-HTVS-4F5A90394674,HTVS,-3.62268826025007,运行/运行/ATP-VSW/ATP-VSW-DOCK_HTVS_1-001_lib/ATP-VSW-DOCK_HTVS_1-001_lib
ATP-HTVS-4F5A90394674,HTVS,-2.921729722271,运行/运行/ATP-VSW/ATP-VSW-DOCK_HTVS_1-001_lib/ATP-VSW-DOCK_HTVS_1-001_lib
ATP-HTVS-4F5A90394674,HTVS,-1.90370929313168,运行/运行/ATP-VSW/ATP-VSW-DOCK_HTVS_1-001_lib/ATP-VSW-DOCK_HTVS_1-001_lib
ATP-HTVS-4F9099514318,HTVS,-2.24190123643593,运行/运行/ATP-VSW/ATP-VSW-DOCK_HTVS_1-003_lib/ATP-VSW-DOCK_HTVS_1-003_lib.mae
ATP-HTVS-4F9099514318,HTVS,-0.777444366315452,运行/运行/ATP-VSW/ATP-VSW-DOCK_HTVS_1-003_lib/ATP-VSW-DOCK_HTVS_1-003_lib.mae
ATP-HTVS-4F9E5F08F37F,HTVS,-4.3077129247582,运行/运行/ATP-VSW/ATP-VSW-DOCK_HTVS_1-003_lib/ATP-VSW-DOCK_HTVS_1-003_lib.mae
ATP-HTVS-4F9E5F08F37F,HTVS,-3.9547333296914,运行/运行/ATP-VSW/ATP-VSW-DOCK_HTVS_1-003_lib/ATP-VSW-DOCK_HTVS_1-003_lib.mae
ATP-HTVS-4F9E5F08F37F,HTVS,-3.173203657076,运行/运行/ATP-VSW/ATP-VSW-DOCK_HTVS_1-003_lib/ATP-VSW-DOCK_HTVS_1-003_lib.mae
ATP-HTVS-4FCAA645F202,HTVS,-3.88704986552746,运行/运行/ATP-VSW/ATP-VSW-DOCK_HTVS_1-002_lib.maegz
ATP-HTVS-4FCAA645F202,HTVS,-3.37409389413073,运行/运行/ATP-VSW/ATP-VSW-DOCK_HTVS_1-002_lib.maegz
ATP-HTVS-4FCAA645F202,HTVS,-3.23204187449161,运行/运行/ATP-VSW/ATP-VSW-DOCK_HTVS_1-002_lib.maegz
ATP-HTVS-4FCAA645F202,HTVS,-2.44854922434757,运行/运行/ATP-VSW/ATP-VSW-DOCK_HTVS_1-002_lib.maegz
ATP-HTVS-4FDD59ABF895,HTVS,-3.70166899493297,运行/运行/ATP-VSW/ATP-VSW-DOCK_HTVS_1-001_lib/ATP-VSW-DOCK_HTVS_1-001_lib
ATP-HTVS-505E03B882A0,HTVS,-3.80434624440615,运行/运行/ATP-VSW/ATP-VSW-DOCK_HTVS_1-001_lib/ATP-VSW-DOCK_HTVS_1-001_lib
ATP-HTVS-505E03B882A0,HTVS,-2.16392481819272,运行/运行/ATP-VSW/ATP-VSW-DOCK_HTVS_1-001_lib/ATP-VSW-DOCK_HTVS_1-001_lib
ATP-HTVS-507C96D672B3,HTVS,-5.71813257964719,运行/运行/ATP-VSW/ATP-VSW-DOCK_HTVS_1-002_lib.maegz
ATP-HTVS-507C96D672B3,HTVS,-5.32284882406495,运行/运行/ATP-VSW/ATP-VSW-DOCK_HTVS_1-002_lib.maegz
ATP-HTVS-507C96D672B3,HTVS,-3.59140172791042,运行/运行/ATP-VSW/ATP-VSW-DOCK_HTVS_1-002_lib.maegz
ATP-HTVS-507C96D672B3,HTVS,-2.99369079595363,运行/运行/ATP-VSW/ATP-VSW-DOCK_HTVS_1-002_lib.maegz
ATP-HTVS-507C96D672B3,HTVS,-2.54156099005006,运行/运行/ATP-VSW/ATP-VSW-DOCK_HTVS_1-002_lib.maegz
ATP-HTVS-507C96D672B3,HTVS,-2.51303345733654,运行/运行/ATP-VSW/ATP-VSW-DOCK_HTVS_1-002_lib.maegz
ATP-HTVS-508A27B63548,HTVS,-5.15063493037038,运行/运行/ATP-VSW/ATP-VSW-DOCK_HTVS_1-003_lib/ATP-VSW-DOCK_HTVS_1-003_lib.mae
ATP-HTVS-508A27B63548,HTVS,-2.06286442952055,运行/运行/ATP-VSW/ATP-VSW-DOCK_HTVS_1-003_lib/ATP-VSW-DOCK_HTVS_1-003_lib.mae
ATP-HTVS-50911053B2F5,HTVS,-3.73858985895772,运行/运行/ATP-VSW/ATP-VSW-DOCK_HTVS_1-001_lib/ATP-VSW-DOCK_HTVS_1-001_lib
ATP-HTVS-50911053B2F5,HTVS,-3.51685980326381,运行/运行/ATP-VSW/ATP-VSW-DOCK_HTVS_1-001_lib/ATP-VSW-DOCK_HTVS_1-001_lib
ATP-HTVS-50911053B2F5,HTVS,-3.33938604182549,运行/运行/ATP-VSW/ATP-VSW-DOCK_HTVS_1-001_lib/ATP-VSW-DOCK_HTVS_1-001_lib
ATP-HTVS-50911053B2F5,HTVS,-2.31178056723853,运行/运行/ATP-VSW/ATP-VSW-DOCK_HTVS_1-001_lib/ATP-VSW-DOCK_HTVS_1-001_lib
ATP-HTVS-50DD7346FE25,HTVS,-4.03709772507433,运行/运行/ATP-VSW/ATP-VSW-DOCK_HTVS_1-001_lib/ATP-VSW-DOCK_HTVS_1-001_lib
ATP-HTVS-50DD7346FE25,HTVS,-2.73138778776548,运行/运行/ATP-VSW/ATP-VSW-DOCK_HTVS_1-001_lib/ATP-VSW-DOCK_HTVS_1-001_lib
ATP-HTVS-510C24ACBA66,HTVS,-2.16502644605714,运行/运行/ATP-VSW/ATP-VSW-DOCK_HTVS_1-001_lib/ATP-VSW-DOCK_HTVS_1-001_lib
ATP-HTVS-510C24ACBA66,HTVS,-0.0513333303338521,运行/运行/ATP-VSW/ATP-VSW-DOCK_HTVS_1-001_lib/ATP-VSW-DOCK_HTVS_1-001_lib
ATP-HTVS-512766A3F074,HTVS,-2.05307596639122,运行/运行/ATP-VSW/ATP-VSW-DOCK_HTVS_1-002_lib.maegz
ATP-HTVS-512766A3F074,HTVS,-0.304726922852251,运行/运行/ATP-VSW/ATP-VSW-DOCK_HTVS_1-002_lib.maegz
ATP-HTVS-512BF8EF5FA0,HTVS,-2.30799305500322,运行/运行/ATP-VSW/ATP-VSW-DOCK_HTVS_1-001_lib/ATP-VSW-DOCK_HTVS_1-001_lib
ATP-HTVS-512DB2E888C1,HTVS,-5.17019705043283,运行/运行/ATP-VSW/ATP-VSW-DOCK_HTVS_1-002_lib.maegz
ATP-HTVS-514A7FD93F10,HTVS,-3.19134530307272,运行/运行/ATP-VSW/ATP-VSW-DOCK_HTVS_1-003_lib/ATP-VSW-DOCK_HTVS_1-003_lib.mae
ATP-HTVS-515F0CC44DE0,HTVS,-1.11964385990209,运行/运行/ATP-VSW/ATP-VSW-DOCK_HTVS_1-001_lib/ATP-VSW-DOCK_HTVS_1-001_lib
ATP-HTVS-51861E5F66D2,HTVS,-4.86805691570754,运行/运行/ATP-VSW/ATP-VSW-DOCK_HTVS_1-002_lib.maegz
ATP-HTVS-51861E5F66D2,HTVS,-4.12433757842474,运行/运行/ATP-VSW/ATP-VSW-DOCK_HTVS_1-002_lib.maegz
ATP-HTVS-51861E5F66D2,HTVS,-3.52847142680639,运行/运行/ATP-VSW/ATP-VSW-DOCK_HTVS_1-002_lib.maegz
ATP-HTVS-51861E5F66D2,HTVS,-3.03042238913145,运行/运行/ATP-VSW/ATP-VSW-DOCK_HTVS_1-002_lib.maegz
ATP-HTVS-51861E5F66D2,HTVS,-0.787879932887129,运行/运行/ATP-VSW/ATP-VSW-DOCK_HTVS_1-002_lib.maegz
ATP-HTVS-518A2BC6902B,HTVS,-4.53556201259022,运行/运行/ATP-VSW/ATP-VSW-DOCK_HTVS_1-001_lib/ATP-VSW-DOCK_HTVS_1-001_lib
ATP-HTVS-518A2BC6902B,HTVS,-4.08817390507149,运行/运行/ATP-VSW/ATP-VSW-DOCK_HTVS_1-001_lib/ATP-VSW-DOCK_HTVS_1-001_lib
ATP-HTVS-518A2BC6902B,HTVS,-3.71563262962778,运行/运行/ATP-VSW/ATP-VSW-DOCK_HTVS_1-001_lib/ATP-VSW-DOCK_HTVS_1-001_lib
ATP-HTVS-518A2BC6902B,HTVS,-3.05008691987446,运行/运行/ATP-VSW/ATP-VSW-DOCK_HTVS_1-001_lib/ATP-VSW-DOCK_HTVS_1-001_lib
ATP-HTVS-518A2BC6902B,HTVS,-2.4069715658798,运行/运行/ATP-VSW/ATP-VSW-DOCK_HTVS_1-001_lib/ATP-VSW-DOCK_HTVS_1-001_lib
ATP-HTVS-518A2BC6902B,HTVS,-1.51022259133248,运行/运行/ATP-VSW/ATP-VSW-DOCK_HTVS_1-001_lib/ATP-VSW-DOCK_HTVS_1-001_lib
ATP-HTVS-5192BC4864D4,HTVS,-4.55831101802539,运行/运行/ATP-VSW/ATP-VSW-DOCK_HTVS_1-001_lib/ATP-VSW-DOCK_HTVS_1-001_lib
ATP-HTVS-5192BC4864D4,HTVS,-4.50444685139921,运行/运行/ATP-VSW/ATP-VSW-DOCK_HTVS_1-001_lib/ATP-VSW-DOCK_HTVS_1-001_lib
ATP-HTVS-5192BC4864D4,HTVS,-4.41079440486247,运行/运行/ATP-VSW/ATP-VSW-DOCK_HTVS_1-001_lib/ATP-VSW-DOCK_HTVS_1-001_lib
ATP-HTVS-5192BC4864D4,HTVS,-3.85472986078856,运行/运行/ATP-VSW/ATP-VSW-DOCK_HTVS_1-001_lib/ATP-VSW-DOCK_HTVS_1-001_lib
ATP-HTVS-5192BC4864D4,HTVS,-2.74958047289373,运行/运行/ATP-VSW/ATP-VSW-DOCK_HTVS_1-001_lib/ATP-VSW-DOCK_HTVS_1-001_lib
ATP-HTVS-51A8EA31A006,HTVS,-2.07323333519145,运行/运行/ATP-VSW/ATP-VSW-DOCK_HTVS_1-003_lib/ATP-VSW-DOCK_HTVS_1-003_lib.mae
ATP-HTVS-51A8EA31A006,HTVS,-0.727517074960573,运行/运行/ATP-VSW/ATP-VSW-DOCK_HTVS_1-003_lib/ATP-VSW-DOCK_HTVS_1-003_lib.mae
ATP-HTVS-51A8EA31A006,HTVS,0.0515499297050201,运行/运行/ATP-VSW/ATP-VSW-DOCK_HTVS_1-003_lib/ATP-VSW-DOCK_HTVS_1-003_lib.mae
ATP-HTVS-51D7DCB6F8E8,HTVS,-3.97125230999212,运行/运行/ATP-VSW/ATP-VSW-DOCK_HTVS_1-001_lib/ATP-VSW-DOCK_HTVS_1-001_lib
ATP-HTVS-51D7DCB6F8E8,HTVS,-3.51734487038448,运行/运行/ATP-VSW/ATP-VSW-DOCK_HTVS_1-001_lib/ATP-VSW-DOCK_HTVS_1-001_lib
ATP-HTVS-51D7DCB6F8E8,HTVS,-1.97728005521034,运行/运行/ATP-VSW/ATP-VSW-DOCK_HTVS_1-001_lib/ATP-VSW-DOCK_HTVS_1-001_lib
ATP-HTVS-51FD2328387A,HTVS,-3.66917737483488,运行/运行/ATP-VSW/ATP-VSW-DOCK_HTVS_1-003_lib/ATP-VSW-DOCK_HTVS_1-003_lib.mae
ATP-HTVS-51FD2328387A,HTVS,-3.2045113888043,运行/运行/ATP-VSW/ATP-VSW-DOCK_HTVS_1-003_lib/ATP-VSW-DOCK_HTVS_1-003_lib.mae
ATP-HTVS-51FD2328387A,HTVS,-2.84958604738089,运行/运行/ATP-VSW/ATP-VSW-DOCK_HTVS_1-003_lib/ATP-VSW-DOCK_HTVS_1-003_lib.mae
ATP-HTVS-523F9B5BEE3B,HTVS,-4.98086634625415,运行/运行/ATP-VSW/ATP-VSW-DOCK_HTVS_1-003_lib/ATP-VSW-DOCK_HTVS_1-003_lib.mae
ATP-HTVS-523F9B5BEE3B,HTVS,-3.83872989795051,运行/运行/ATP-VSW/ATP-VSW-DOCK_HTVS_1-003_lib/ATP-VSW-DOCK_HTVS_1-003_lib.mae
ATP-HTVS-523F9B5BEE3B,HTVS,-2.05739666560148,运行/运行/ATP-VSW/ATP-VSW-DOCK_HTVS_1-003_lib/ATP-VSW-DOCK_HTVS_1-003_lib.mae
ATP-HTVS-52495E42CB55,HTVS,-4.24639373005308,运行/运行/ATP-VSW/ATP-VSW-DOCK_HTVS_1-001_lib/ATP-VSW-DOCK_HTVS_1-001_lib
ATP-HTVS-52495E42CB55,HTVS,-2.69874756736303,运行/运行/ATP-VSW/ATP-VSW-DOCK_HTVS_1-001_lib/ATP-VSW-DOCK_HTVS_1-001_lib
ATP-HTVS-52495E42CB55,HTVS,-2.02188262162201,运行/运行/ATP-VSW/ATP-VSW-DOCK_HTVS_1-001_lib/ATP-VSW-DOCK_HTVS_1-001_lib
ATP-HTVS-52495E42CB55,HTVS,-1.55180619643583,运行/运行/ATP-VSW/ATP-VSW-DOCK_HTVS_1-001_lib/ATP-VSW-DOCK_HTVS_1-001_lib
ATP-HTVS-524A2C000135,HTVS,-3.33972778406477,运行/运行/ATP-VSW/ATP-VSW-DOCK_HTVS_1-002_lib.maegz
ATP-HTVS-524A2C000135,HTVS,-3.33012582816375,运行/运行/ATP-VSW/ATP-VSW-DOCK_HTVS_1-002_lib.maegz
ATP-HTVS-524A2C000135,HTVS,-1.83096934110981,运行/运行/ATP-VSW/ATP-VSW-DOCK_HTVS_1-002_lib.maegz
ATP-HTVS-52625044C5D9,HTVS,-0.872092791012185,运行/运行/ATP-VSW/ATP-VSW-DOCK_HTVS_1-001_lib/ATP-VSW-DOCK_HTVS_1-001_lib
ATP-HTVS-52816E9DAB39,HTVS,-3.39630258537511,运行/运行/ATP-VSW/ATP-VSW-DOCK_HTVS_1-001_lib/ATP-VSW-DOCK_HTVS_1-001_lib
ATP-HTVS-52816E9DAB39,HTVS,-3.3641619948352,运行/运行/ATP-VSW/ATP-VSW-DOCK_HTVS_1-001_lib/ATP-VSW-DOCK_HTVS_1-001_lib
ATP-HTVS-52B20567BA88,HTVS,-4.50267727696198,运行/运行/ATP-VSW/ATP-VSW-DOCK_HTVS_1-001_lib/ATP-VSW-DOCK_HTVS_1-001_lib
ATP-HTVS-52B20567BA88,HTVS,-4.45138922601707,运行/运行/ATP-VSW/ATP-VSW-DOCK_HTVS_1-001_lib/ATP-VSW-DOCK_HTVS_1-001_lib
ATP-HTVS-52BA94C773EB,HTVS,-4.24212693476088,运行/运行/ATP-VSW/ATP-VSW-DOCK_HTVS_1-002_lib.maegz
ATP-HTVS-52CC222D68E9,HTVS,-4.35969023596325,运行/运行/ATP-VSW/ATP-VSW-DOCK_HTVS_1-003_lib/ATP-VSW-DOCK_HTVS_1-003_lib.mae
ATP-HTVS-52CC222D68E9,HTVS,-2.40277651420577,运行/运行/ATP-VSW/ATP-VSW-DOCK_HTVS_1-003_lib/ATP-VSW-DOCK_HTVS_1-003_lib.mae
ATP-HTVS-52D7AA6D1B75,HTVS,-4.32193306910399,运行/运行/ATP-VSW/ATP-VSW-DOCK_HTVS_1-002_lib.maegz
ATP-HTVS-52D7AA6D1B75,HTVS,-3.46093792063128,运行/运行/ATP-VSW/ATP-VSW-DOCK_HTVS_1-002_lib.maegz
ATP-HTVS-52D7AA6D1B75,HTVS,-2.48943831076158,运行/运行/ATP-VSW/ATP-VSW-DOCK_HTVS_1-002_lib.maegz
ATP-HTVS-52D7AA6D1B75,HTVS,-0.961473322698196,运行/运行/ATP-VSW/ATP-VSW-DOCK_HTVS_1-002_lib.maegz
ATP-HTVS-52F407909F9A,HTVS,-5.22710969195354,运行/运行/ATP-VSW/ATP-VSW-DOCK_HTVS_1-002_lib.maegz
ATP-HTVS-52F407909F9A,HTVS,-4.52092156733238,运行/运行/ATP-VSW/ATP-VSW-DOCK_HTVS_1-002_lib.maegz
ATP-HTVS-53075BACB2C6,HTVS,-4.80489479019906,运行/运行/ATP-VSW/ATP-VSW-DOCK_HTVS_1-003_lib/ATP-VSW-DOCK_HTVS_1-003_lib.mae
ATP-HTVS-53075BACB2C6,HTVS,-3.32021389692125,运行/运行/ATP-VSW/ATP-VSW-DOCK_HTVS_1-003_lib/ATP-VSW-DOCK_HTVS_1-003_lib.mae
ATP-HTVS-53075BACB2C6,HTVS,-1.88363147157204,运行/运行/ATP-VSW/ATP-VSW-DOCK_HTVS_1-003_lib/ATP-VSW-DOCK_HTVS_1-003_lib.mae
ATP-HTVS-53075BACB2C6,HTVS,-1.78798296834042,运行/运行/ATP-VSW/ATP-VSW-DOCK_HTVS_1-003_lib/ATP-VSW-DOCK_HTVS_1-003_lib.mae
ATP-HTVS-531A4B252985,HTVS,-4.3066981691611,运行/运行/ATP-VSW/ATP-VSW-DOCK_HTVS_1-001_lib/ATP-VSW-DOCK_HTVS_1-001_lib
ATP-HTVS-531A4B252985,HTVS,-3.21841585430696,运行/运行/ATP-VSW/ATP-VSW-DOCK_HTVS_1-001_lib/ATP-VSW-DOCK_HTVS_1-001_lib
ATP-HTVS-531A4B252985,HTVS,-2.63051256047001,运行/运行/ATP-VSW/ATP-VSW-DOCK_HTVS_1-001_lib/ATP-VSW-DOCK_HTVS_1-001_lib
ATP-HTVS-531A4B252985,HTVS,-0.785544768839478,运行/运行/ATP-VSW/ATP-VSW-DOCK_HTVS_1-001_lib/ATP-VSW-DOCK_HTVS_1-001_lib
ATP-HTVS-531EE93584A6,HTVS,-4.76411348371322,运行/运行/ATP-VSW/ATP-VSW-DOCK_HTVS_1-003_lib/ATP-VSW-DOCK_HTVS_1-003_lib.mae
ATP-HTVS-531EE93584A6,HTVS,-4.70091191516857,运行/运行/ATP-VSW/ATP-VSW-DOCK_HTVS_1-003_lib/ATP-VSW-DOCK_HTVS_1-003_lib.mae
ATP-HTVS-532EC38BED39,HTVS,-3.99743382120538,运行/运行/ATP-VSW/ATP-VSW-DOCK_HTVS_1-002_lib.maegz
ATP-HTVS-532EC38BED39,HTVS,-3.92827417804395,运行/运行/ATP-VSW/ATP-VSW-DOCK_HTVS_1-002_lib.maegz
ATP-HTVS-532EC38BED39,HTVS,-3.60534690636483,运行/运行/ATP-VSW/ATP-VSW-DOCK_HTVS_1-002_lib.maegz
ATP-HTVS-532EC38BED39,HTVS,-2.65690445571271,运行/运行/ATP-VSW/ATP-VSW-DOCK_HTVS_1-002_lib.maegz
ATP-HTVS-532EC38BED39,HTVS,-1.76337686450484,运行/运行/ATP-VSW/ATP-VSW-DOCK_HTVS_1-002_lib.maegz
ATP-HTVS-532EC38BED39,HTVS,-1.03667880879349,运行/运行/ATP-VSW/ATP-VSW-DOCK_HTVS_1-002_lib.maegz
ATP-HTVS-5359DC82CCCB,HTVS,-2.1582596766007,运行/运行/ATP-VSW/ATP-VSW-DOCK_HTVS_1-003_lib/ATP-VSW-DOCK_HTVS_1-003_lib.mae
ATP-HTVS-53CB9D69C030,HTVS,-3.13087056742927,运行/运行/ATP-VSW/ATP-VSW-DOCK_HTVS_1-001_lib/ATP-VSW-DOCK_HTVS_1-001_lib
ATP-HTVS-5401EBEC1B21,HTVS,-3.97850563115708,运行/运行/ATP-VSW/ATP-VSW-DOCK_HTVS_1-003_lib/ATP-VSW-DOCK_HTVS_1-003_lib.mae
ATP-HTVS-5401EBEC1B21,HTVS,-3.36717950945483,运行/运行/ATP-VSW/ATP-VSW-DOCK_HTVS_1-003_lib/ATP-VSW-DOCK_HTVS_1-003_lib.mae
ATP-HTVS-5401EBEC1B21,HTVS,-2.31476217271073,运行/运行/ATP-VSW/ATP-VSW-DOCK_HTVS_1-003_lib/ATP-VSW-DOCK_HTVS_1-003_lib.mae
ATP-HTVS-5401EBEC1B21,HTVS,-1.68338445829225,运行/运行/ATP-VSW/ATP-VSW-DOCK_HTVS_1-003_lib/ATP-VSW-DOCK_HTVS_1-003_lib.mae
ATP-HTVS-5401EBEC1B21,HTVS,-1.36847336630267,运行/运行/ATP-VSW/ATP-VSW-DOCK_HTVS_1-003_lib/ATP-VSW-DOCK_HTVS_1-003_lib.mae
ATP-HTVS-5401EBEC1B21,HTVS,-1.35658166426703,运行/运行/ATP-VSW/ATP-VSW-DOCK_HTVS_1-003_lib/ATP-VSW-DOCK_HTVS_1-003_lib.mae
ATP-HTVS-54143804256C,HTVS,-5.62338343586215,运行/运行/ATP-VSW/ATP-VSW-DOCK_HTVS_1-002_lib.maegz
ATP-HTVS-54143804256C,HTVS,-5.15884465363833,运行/运行/ATP-VSW/ATP-VSW-DOCK_HTVS_1-002_lib.maegz
ATP-HTVS-54143804256C,HTVS,-3.78046424757521,运行/运行/ATP-VSW/ATP-VSW-DOCK_HTVS_1-002_lib.maegz
ATP-HTVS-54143804256C,HTVS,-3.52776709588827,运行/运行/ATP-VSW/ATP-VSW-DOCK_HTVS_1-002_lib.maegz
ATP-HTVS-54143804256C,HTVS,-3.06231789201591,运行/运行/ATP-VSW/ATP-VSW-DOCK_HTVS_1-002_lib.maegz
ATP-HTVS-54143804256C,HTVS,-2.39191034519765,运行/运行/ATP-VSW/ATP-VSW-DOCK_HTVS_1-002_lib.maegz
ATP-HTVS-54143804256C,HTVS,-2.1559081923438,运行/运行/ATP-VSW/ATP-VSW-DOCK_HTVS_1-002_lib.maegz
ATP-HTVS-54143804256C,HTVS,-0.649231117896978,运行/运行/ATP-VSW/ATP-VSW-DOCK_HTVS_1-002_lib.maegz
ATP-HTVS-5425AB1A5C10,HTVS,-4.0848627410535,运行/运行/ATP-VSW/ATP-VSW-DOCK_HTVS_1-001_lib/ATP-VSW-DOCK_HTVS_1-001_lib
ATP-HTVS-542A37ED863C,HTVS,-3.62532293838666,运行/运行/ATP-VSW/ATP-VSW-DOCK_HTVS_1-003_lib/ATP-VSW-DOCK_HTVS_1-003_lib.mae
ATP-HTVS-542AD0F295EC,HTVS,-4.3642374173137,运行/运行/ATP-VSW/ATP-VSW-DOCK_HTVS_1-002_lib.maegz
ATP-HTVS-545253A9A90F,HTVS,-3.97688013494276,运行/运行/ATP-VSW/ATP-VSW-DOCK_HTVS_1-002_lib.maegz
ATP-HTVS-545253A9A90F,HTVS,-3.69262560870766,运行/运行/ATP-VSW/ATP-VSW-DOCK_HTVS_1-002_lib.maegz
ATP-HTVS-545253A9A90F,HTVS,-1.93690745933823,运行/运行/ATP-VSW/ATP-VSW-DOCK_HTVS_1-002_lib.maegz
ATP-HTVS-545253A9A90F,HTVS,-1.02268123334953,运行/运行/ATP-VSW/ATP-VSW-DOCK_HTVS_1-002_lib.maegz
ATP-HTVS-5494A1B9D9EC,HTVS,-4.57214515526941,运行/运行/ATP-VSW/ATP-VSW-DOCK_HTVS_1-003_lib/ATP-VSW-DOCK_HTVS_1-003_lib.mae
ATP-HTVS-5494A1B9D9EC,HTVS,-4.33576989507574,运行/运行/ATP-VSW/ATP-VSW-DOCK_HTVS_1-003_lib/ATP-VSW-DOCK_HTVS_1-003_lib.mae
ATP-HTVS-5494A1B9D9EC,HTVS,-2.92431477680424,运行/运行/ATP-VSW/ATP-VSW-DOCK_HTVS_1-003_lib/ATP-VSW-DOCK_HTVS_1-003_lib.mae
ATP-HTVS-5494A1B9D9EC,HTVS,-2.51538759461766,运行/运行/ATP-VSW/ATP-VSW-DOCK_HTVS_1-003_lib/ATP-VSW-DOCK_HTVS_1-003_lib.mae
ATP-HTVS-5494A1B9D9EC,HTVS,-1.93104319127547,运行/运行/ATP-VSW/ATP-VSW-DOCK_HTVS_1-003_lib/ATP-VSW-DOCK_HTVS_1-003_lib.mae
ATP-HTVS-54A1786C1F00,HTVS,-6.26897481874173,运行/运行/ATP-VSW/ATP-VSW-DOCK_HTVS_1-001_lib/ATP-VSW-DOCK_HTVS_1-001_lib
ATP-HTVS-54A1786C1F00,HTVS,-5.63471929937117,运行/运行/ATP-VSW/ATP-VSW-DOCK_HTVS_1-001_lib/ATP-VSW-DOCK_HTVS_1-001_lib
ATP-HTVS-54A1786C1F00,HTVS,-5.30244550526732,运行/运行/ATP-VSW/ATP-VSW-DOCK_HTVS_1-001_lib/ATP-VSW-DOCK_HTVS_1-001_lib
ATP-HTVS-54A1786C1F00,HTVS,-4.87640459569655,运行/运行/ATP-VSW/ATP-VSW-DOCK_HTVS_1-001_lib/ATP-VSW-DOCK_HTVS_1-001_lib
ATP-HTVS-54A1786C1F00,HTVS,-4.77985450624547,运行/运行/ATP-VSW/ATP-VSW-DOCK_HTVS_1-001_lib/ATP-VSW-DOCK_HTVS_1-001_lib
ATP-HTVS-54A1786C1F00,HTVS,-4.02600061836559,运行/运行/ATP-VSW/ATP-VSW-DOCK_HTVS_1-001_lib/ATP-VSW-DOCK_HTVS_1-001_lib
ATP-HTVS-54A1786C1F00,HTVS,-3.80107766050468,运行/运行/ATP-VSW/ATP-VSW-DOCK_HTVS_1-001_lib/ATP-VSW-DOCK_HTVS_1-001_lib
ATP-HTVS-54A1786C1F00,HTVS,-3.25517541475123,运行/运行/ATP-VSW/ATP-VSW-DOCK_HTVS_1-001_lib/ATP-VSW-DOCK_HTVS_1-001_lib
ATP-HTVS-54E64C0F11AA,HTVS,-5.07565913399705,运行/运行/ATP-VSW/ATP-VSW-DOCK_HTVS_1-001_lib/ATP-VSW-DOCK_HTVS_1-001_lib
ATP-HTVS-54E64C0F11AA,HTVS,-1.59977088352221,运行/运行/ATP-VSW/ATP-VSW-DOCK_HTVS_1-001_lib/ATP-VSW-DOCK_HTVS_1-001_lib
ATP-HTVS-54ED83DE83DA,HTVS,-1.32076819684562,运行/运行/ATP-VSW/ATP-VSW-DOCK_HTVS_1-002_lib.maegz
ATP-HTVS-553AACDE3786,HTVS,-5.42432199151396,运行/运行/ATP-VSW/ATP-VSW-DOCK_HTVS_1-003_lib/ATP-VSW-DOCK_HTVS_1-003_lib.mae
ATP-HTVS-553AACDE3786,HTVS,-3.67161995466764,运行/运行/ATP-VSW/ATP-VSW-DOCK_HTVS_1-003_lib/ATP-VSW-DOCK_HTVS_1-003_lib.mae
ATP-HTVS-553AACDE3786,HTVS,-3.59190705966423,运行/运行/ATP-VSW/ATP-VSW-DOCK_HTVS_1-003_lib/ATP-VSW-DOCK_HTVS_1-003_lib.mae
ATP-HTVS-553AACDE3786,HTVS,-1.57037480941445,运行/运行/ATP-VSW/ATP-VSW-DOCK_HTVS_1-003_lib/ATP-VSW-DOCK_HTVS_1-003_lib.mae
ATP-HTVS-555FA00075E9,HTVS,-5.07013627124325,运行/运行/ATP-VSW/ATP-VSW-DOCK_HTVS_1-001_lib/ATP-VSW-DOCK_HTVS_1-001_lib
ATP-HTVS-555FA00075E9,HTVS,-4.48202109750973,运行/运行/ATP-VSW/ATP-VSW-DOCK_HTVS_1-001_lib/ATP-VSW-DOCK_HTVS_1-001_lib
ATP-HTVS-555FA00075E9,HTVS,-4.08721907465419,运行/运行/ATP-VSW/ATP-VSW-DOCK_HTVS_1-001_lib/ATP-VSW-DOCK_HTVS_1-001_lib
ATP-HTVS-555FA00075E9,HTVS,-2.66395596906452,运行/运行/ATP-VSW/ATP-VSW-DOCK_HTVS_1-001_lib/ATP-VSW-DOCK_HTVS_1-001_lib
ATP-HTVS-555FA00075E9,HTVS,-0.800483890576258,运行/运行/ATP-VSW/ATP-VSW-DOCK_HTVS_1-001_lib/ATP-VSW-DOCK_HTVS_1-001_lib
ATP-HTVS-555FA00075E9,HTVS,-0.590634653354406,运行/运行/ATP-VSW/ATP-VSW-DOCK_HTVS_1-001_lib/ATP-VSW-DOCK_HTVS_1-001_lib
ATP-HTVS-5589B4ED8BC3,HTVS,-4.64091671545693,运行/运行/ATP-VSW/ATP-VSW-DOCK_HTVS_1-003_lib/ATP-VSW-DOCK_HTVS_1-003_lib.mae
ATP-HTVS-559A97C754E4,HTVS,-4.59022117165874,运行/运行/ATP-VSW/ATP-VSW-DOCK_HTVS_1-001_lib/ATP-VSW-DOCK_HTVS_1-001_lib
ATP-HTVS-559A97C754E4,HTVS,-3.56398747381447,运行/运行/ATP-VSW/ATP-VSW-DOCK_HTVS_1-001_lib/ATP-VSW-DOCK_HTVS_1-001_lib
ATP-HTVS-559A97C754E4,HTVS,-3.37565168653558,运行/运行/ATP-VSW/ATP-VSW-DOCK_HTVS_1-001_lib/ATP-VSW-DOCK_HTVS_1-001_lib
ATP-HTVS-559A97C754E4,HTVS,-2.8829793691474,运行/运行/ATP-VSW/ATP-VSW-DOCK_HTVS_1-001_lib/ATP-VSW-DOCK_HTVS_1-001_lib
ATP-HTVS-55C340552E65,HTVS,-4.16592419071402,运行/运行/ATP-VSW/ATP-VSW-DOCK_HTVS_1-001_lib/ATP-VSW-DOCK_HTVS_1-001_lib
ATP-HTVS-55C340552E65,HTVS,-2.22740298134094,运行/运行/ATP-VSW/ATP-VSW-DOCK_HTVS_1-001_lib/ATP-VSW-DOCK_HTVS_1-001_lib
ATP-HTVS-560CD6AB75AE,HTVS,-4.28847132496355,运行/运行/ATP-VSW/ATP-VSW-DOCK_HTVS_1-002_lib.maegz
ATP-HTVS-560CD6AB75AE,HTVS,-4.15025502807058,运行/运行/ATP-VSW/ATP-VSW-DOCK_HTVS_1-002_lib.maegz
ATP-HTVS-560CD6AB75AE,HTVS,-1.23592359997818,运行/运行/ATP-VSW/ATP-VSW-DOCK_HTVS_1-002_lib.maegz
ATP-HTVS-560CD6AB75AE,HTVS,0.44183848990453,运行/运行/ATP-VSW/ATP-VSW-DOCK_HTVS_1-002_lib.maegz
ATP-HTVS-56362DCB1C38,HTVS,-4.92077579272637,运行/运行/ATP-VSW/ATP-VSW-DOCK_HTVS_1-002_lib.maegz
ATP-HTVS-563DC51EEC46,HTVS,-3.63307419776756,运行/运行/ATP-VSW/ATP-VSW-DOCK_HTVS_1-002_lib.maegz
ATP-HTVS-563DC51EEC46,HTVS,-1.50866578487948,运行/运行/ATP-VSW/ATP-VSW-DOCK_HTVS_1-002_lib.maegz
ATP-HTVS-5658ECC62B06,HTVS,-4.46626985467977,运行/运行/ATP-VSW/ATP-VSW-DOCK_HTVS_1-003_lib/ATP-VSW-DOCK_HTVS_1-003_lib.mae
ATP-HTVS-5658ECC62B06,HTVS,-2.97693591841395,运行/运行/ATP-VSW/ATP-VSW-DOCK_HTVS_1-003_lib/ATP-VSW-DOCK_HTVS_1-003_lib.mae
ATP-HTVS-5694EB72FE49,HTVS,-1.63937460228471,运行/运行/ATP-VSW/ATP-VSW-DOCK_HTVS_1-003_lib/ATP-VSW-DOCK_HTVS_1-003_lib.mae
ATP-HTVS-5694EB72FE49,HTVS,-0.967145779588929,运行/运行/ATP-VSW/ATP-VSW-DOCK_HTVS_1-003_lib/ATP-VSW-DOCK_HTVS_1-003_lib.mae
ATP-HTVS-569AAE7497B4,HTVS,-4.11476854006704,运行/运行/ATP-VSW/ATP-VSW-DOCK_HTVS_1-002_lib.maegz
ATP-HTVS-569AAE7497B4,HTVS,-2.15212531468707,运行/运行/ATP-VSW/ATP-VSW-DOCK_HTVS_1-002_lib.maegz
ATP-HTVS-56BFCD0C6B29,HTVS,-1.75816803631129,运行/运行/ATP-VSW/ATP-VSW-DOCK_HTVS_1-001_lib/ATP-VSW-DOCK_HTVS_1-001_lib
ATP-HTVS-57132EA8AA79,HTVS,-3.70349317721879,运行/运行/ATP-VSW/ATP-VSW-DOCK_HTVS_1-001_lib/ATP-VSW-DOCK_HTVS_1-001_lib
ATP-HTVS-57132EA8AA79,HTVS,-1.88627441477647,运行/运行/ATP-VSW/ATP-VSW-DOCK_HTVS_1-001_lib/ATP-VSW-DOCK_HTVS_1-001_lib
ATP-HTVS-572BFDBE8187,HTVS,-3.67871721653425,运行/运行/ATP-VSW/ATP-VSW-DOCK_HTVS_1-003_lib/ATP-VSW-DOCK_HTVS_1-003_lib.mae
ATP-HTVS-572BFDBE8187,HTVS,-3.59344985096794,运行/运行/ATP-VSW/ATP-VSW-DOCK_HTVS_1-003_lib/ATP-VSW-DOCK_HTVS_1-003_lib.mae
ATP-HTVS-572BFDBE8187,HTVS,-2.24713892914703,运行/运行/ATP-VSW/ATP-VSW-DOCK_HTVS_1-003_lib/ATP-VSW-DOCK_HTVS_1-003_lib.mae
ATP-HTVS-57A1B32CE9AA,HTVS,-4.34038989314633,运行/运行/ATP-VSW/ATP-VSW-DOCK_HTVS_1-001_lib/ATP-VSW-DOCK_HTVS_1-001_lib
ATP-HTVS-57A1B32CE9AA,HTVS,-2.35003087173593,运行/运行/ATP-VSW/ATP-VSW-DOCK_HTVS_1-001_lib/ATP-VSW-DOCK_HTVS_1-001_lib
ATP-HTVS-57A1B32CE9AA,HTVS,-1.66792178793521,运行/运行/ATP-VSW/ATP-VSW-DOCK_HTVS_1-001_lib/ATP-VSW-DOCK_HTVS_1-001_lib
ATP-HTVS-57B04A124BC1,HTVS,-4.30882911599628,运行/运行/ATP-VSW/ATP-VSW-DOCK_HTVS_1-001_lib/ATP-VSW-DOCK_HTVS_1-001_lib
ATP-HTVS-57B04A124BC1,HTVS,-3.3470808065042,运行/运行/ATP-VSW/ATP-VSW-DOCK_HTVS_1-001_lib/ATP-VSW-DOCK_HTVS_1-001_lib
ATP-HTVS-57C145E4C4AF,HTVS,-5.49820002806304,运行/运行/ATP-VSW/ATP-VSW-DOCK_HTVS_1-003_lib/ATP-VSW-DOCK_HTVS_1-003_lib.mae
ATP-HTVS-57C145E4C4AF,HTVS,-2.93520570151969,运行/运行/ATP-VSW/ATP-VSW-DOCK_HTVS_1-003_lib/ATP-VSW-DOCK_HTVS_1-003_lib.mae
ATP-HTVS-57C145E4C4AF,HTVS,-2.27012539259959,运行/运行/ATP-VSW/ATP-VSW-DOCK_HTVS_1-003_lib/ATP-VSW-DOCK_HTVS_1-003_lib.mae
ATP-HTVS-57CD8A84B862,HTVS,-4.37433145905507,运行/运行/ATP-VSW/ATP-VSW-DOCK_HTVS_1-002_lib.maegz
ATP-HTVS-57CD8A84B862,HTVS,-3.09292112178197,运行/运行/ATP-VSW/ATP-VSW-DOCK_HTVS_1-002_lib.maegz
ATP-HTVS-57CD8A84B862,HTVS,-2.06508791747004,运行/运行/ATP-VSW/ATP-VSW-DOCK_HTVS_1-002_lib.maegz
ATP-HTVS-57CD8A84B862,HTVS,-1.44696432284881,运行/运行/ATP-VSW/ATP-VSW-DOCK_HTVS_1-002_lib.maegz
ATP-HTVS-5801E8FB792E,HTVS,-5.14154727999399,运行/运行/ATP-VSW/ATP-VSW-DOCK_HTVS_1-003_lib/ATP-VSW-DOCK_HTVS_1-003_lib.mae
ATP-HTVS-5801E8FB792E,HTVS,-2.85225031922321,运行/运行/ATP-VSW/ATP-VSW-DOCK_HTVS_1-003_lib/ATP-VSW-DOCK_HTVS_1-003_lib.mae
ATP-HTVS-5850FC4068A9,HTVS,-4.50273982707113,运行/运行/ATP-VSW/ATP-VSW-DOCK_HTVS_1-001_lib/ATP-VSW-DOCK_HTVS_1-001_lib
ATP-HTVS-5850FC4068A9,HTVS,-2.82696013241817,运行/运行/ATP-VSW/ATP-VSW-DOCK_HTVS_1-001_lib/ATP-VSW-DOCK_HTVS_1-001_lib
ATP-HTVS-586B19FEBC2D,HTVS,-4.90860704877042,运行/运行/ATP-VSW/ATP-VSW-DOCK_HTVS_1-001_lib/ATP-VSW-DOCK_HTVS_1-001_lib
ATP-HTVS-586B19FEBC2D,HTVS,-3.25782068362088,运行/运行/ATP-VSW/ATP-VSW-DOCK_HTVS_1-001_lib/ATP-VSW-DOCK_HTVS_1-001_lib
ATP-HTVS-586B19FEBC2D,HTVS,-1.85942320609073,运行/运行/ATP-VSW/ATP-VSW-DOCK_HTVS_1-001_lib/ATP-VSW-DOCK_HTVS_1-001_lib
ATP-HTVS-5890B3ABBA42,HTVS,-3.99840567748148,运行/运行/ATP-VSW/ATP-VSW-DOCK_HTVS_1-001_lib/ATP-VSW-DOCK_HTVS_1-001_lib
ATP-HTVS-5890B3ABBA42,HTVS,-3.43576803548672,运行/运行/ATP-VSW/ATP-VSW-DOCK_HTVS_1-001_lib/ATP-VSW-DOCK_HTVS_1-001_lib
ATP-HTVS-5890B3ABBA42,HTVS,-2.14065828999173,运行/运行/ATP-VSW/ATP-VSW-DOCK_HTVS_1-001_lib/ATP-VSW-DOCK_HTVS_1-001_lib
ATP-HTVS-58BA49956E55,HTVS,-3.01212044077228,运行/运行/ATP-VSW/ATP-VSW-DOCK_HTVS_1-002_lib.maegz
ATP-HTVS-58BA49956E55,HTVS,-1.3412654664776,运行/运行/ATP-VSW/ATP-VSW-DOCK_HTVS_1-002_lib.maegz
ATP-HTVS-590B92626142,HTVS,-2.81135612994034,运行/运行/ATP-VSW/ATP-VSW-DOCK_HTVS_1-001_lib/ATP-VSW-DOCK_HTVS_1-001_lib
ATP-HTVS-590B92626142,HTVS,-2.45343342724729,运行/运行/ATP-VSW/ATP-VSW-DOCK_HTVS_1-001_lib/ATP-VSW-DOCK_HTVS_1-001_lib
ATP-HTVS-590B92626142,HTVS,-2.16815995830876,运行/运行/ATP-VSW/ATP-VSW-DOCK_HTVS_1-001_lib/ATP-VSW-DOCK_HTVS_1-001_lib
ATP-HTVS-593FD885E4E3,HTVS,-4.33455882161783,运行/运行/ATP-VSW/ATP-VSW-DOCK_HTVS_1-001_lib/ATP-VSW-DOCK_HTVS_1-001_lib
ATP-HTVS-593FD885E4E3,HTVS,-4.26402602493487,运行/运行/ATP-VSW/ATP-VSW-DOCK_HTVS_1-001_lib/ATP-VSW-DOCK_HTVS_1-001_lib
ATP-HTVS-593FD885E4E3,HTVS,-3.15908016552483,运行/运行/ATP-VSW/ATP-VSW-DOCK_HTVS_1-001_lib/ATP-VSW-DOCK_HTVS_1-001_lib
ATP-HTVS-595807F16B2C,HTVS,-4.50392406934781,运行/运行/ATP-VSW/ATP-VSW-DOCK_HTVS_1-003_lib/ATP-VSW-DOCK_HTVS_1-003_lib.mae
ATP-HTVS-595807F16B2C,HTVS,-3.87491169423339,运行/运行/ATP-VSW/ATP-VSW-DOCK_HTVS_1-003_lib/ATP-VSW-DOCK_HTVS_1-003_lib.mae
ATP-HTVS-595807F16B2C,HTVS,-2.42741453329148,运行/运行/ATP-VSW/ATP-VSW-DOCK_HTVS_1-003_lib/ATP-VSW-DOCK_HTVS_1-003_lib.mae
ATP-HTVS-595807F16B2C,HTVS,-2.02457204698889,运行/运行/ATP-VSW/ATP-VSW-DOCK_HTVS_1-003_lib/ATP-VSW-DOCK_HTVS_1-003_lib.mae
ATP-HTVS-5993E100A2C1,HTVS,-4.42551578845515,运行/运行/ATP-VSW/ATP-VSW-DOCK_HTVS_1-003_lib/ATP-VSW-DOCK_HTVS_1-003_lib.mae
ATP-HTVS-59B1C5906543,HTVS,-4.57317795157002,运行/运行/ATP-VSW/ATP-VSW-DOCK_HTVS_1-003_lib/ATP-VSW-DOCK_HTVS_1-003_lib.mae
ATP-HTVS-59B1C5906543,HTVS,-1.54746658750155,运行/运行/ATP-VSW/ATP-VSW-DOCK_HTVS_1-003_lib/ATP-VSW-DOCK_HTVS_1-003_lib.mae
ATP-HTVS-59B957CB7E9F,HTVS,-3.81034889998009,运行/运行/ATP-VSW/ATP-VSW-DOCK_HTVS_1-003_lib/ATP-VSW-DOCK_HTVS_1-003_lib.mae
ATP-HTVS-59E59E09D09E,HTVS,-3.6193170272175,运行/运行/ATP-VSW/ATP-VSW-DOCK_HTVS_1-001_lib/ATP-VSW-DOCK_HTVS_1-001_lib
ATP-HTVS-59E59E09D09E,HTVS,-3.05619679287158,运行/运行/ATP-VSW/ATP-VSW-DOCK_HTVS_1-001_lib/ATP-VSW-DOCK_HTVS_1-001_lib
ATP-HTVS-5A1C186863E4,HTVS,-1.80644285330172,运行/运行/ATP-VSW/ATP-VSW-DOCK_HTVS_1-001_lib/ATP-VSW-DOCK_HTVS_1-001_lib
ATP-HTVS-5A1C186863E4,HTVS,-1.5511225913632,运行/运行/ATP-VSW/ATP-VSW-DOCK_HTVS_1-001_lib/ATP-VSW-DOCK_HTVS_1-001_lib
ATP-HTVS-5A2EB4E9D835,HTVS,-5.66214009987454,运行/运行/ATP-VSW/ATP-VSW-DOCK_HTVS_1-003_lib/ATP-VSW-DOCK_HTVS_1-003_lib.mae
ATP-HTVS-5A38D2E65B38,HTVS,-4.37969883780927,运行/运行/ATP-VSW/ATP-VSW-DOCK_HTVS_1-002_lib.maegz
ATP-HTVS-5A38D2E65B38,HTVS,-2.46995061765067,运行/运行/ATP-VSW/ATP-VSW-DOCK_HTVS_1-002_lib.maegz
ATP-HTVS-5A3D1DB8098B,HTVS,-4.2751000959887,运行/运行/ATP-VSW/ATP-VSW-DOCK_HTVS_1-001_lib/ATP-VSW-DOCK_HTVS_1-001_lib
ATP-HTVS-5A3D1DB8098B,HTVS,-3.95020403762397,运行/运行/ATP-VSW/ATP-VSW-DOCK_HTVS_1-001_lib/ATP-VSW-DOCK_HTVS_1-001_lib
ATP-HTVS-5A3D1DB8098B,HTVS,-2.59508726668332,运行/运行/ATP-VSW/ATP-VSW-DOCK_HTVS_1-001_lib/ATP-VSW-DOCK_HTVS_1-001_lib
ATP-HTVS-5A3D1DB8098B,HTVS,-2.53447948893193,运行/运行/ATP-VSW/ATP-VSW-DOCK_HTVS_1-001_lib/ATP-VSW-DOCK_HTVS_1-001_lib
ATP-HTVS-5A3D1DB8098B,HTVS,-1.6670532098443,运行/运行/ATP-VSW/ATP-VSW-DOCK_HTVS_1-001_lib/ATP-VSW-DOCK_HTVS_1-001_lib
ATP-HTVS-5A3D1DB8098B,HTVS,-1.39438423095872,运行/运行/ATP-VSW/ATP-VSW-DOCK_HTVS_1-001_lib/ATP-VSW-DOCK_HTVS_1-001_lib
ATP-HTVS-5A74948D5858,HTVS,-3.57609795684587,运行/运行/ATP-VSW/ATP-VSW-DOCK_HTVS_1-002_lib.maegz
ATP-HTVS-5AAA6558FE6F,HTVS,-4.31511428369591,运行/运行/ATP-VSW/ATP-VSW-DOCK_HTVS_1-003_lib/ATP-VSW-DOCK_HTVS_1-003_lib.mae
ATP-HTVS-5AAA6558FE6F,HTVS,-4.16304285363972,运行/运行/ATP-VSW/ATP-VSW-DOCK_HTVS_1-003_lib/ATP-VSW-DOCK_HTVS_1-003_lib.mae
ATP-HTVS-5AAA6558FE6F,HTVS,-2.7861052529565,运行/运行/ATP-VSW/ATP-VSW-DOCK_HTVS_1-003_lib/ATP-VSW-DOCK_HTVS_1-003_lib.mae
ATP-HTVS-5AAA6558FE6F,HTVS,-2.4216732686628,运行/运行/ATP-VSW/ATP-VSW-DOCK_HTVS_1-003_lib/ATP-VSW-DOCK_HTVS_1-003_lib.mae
ATP-HTVS-5AC0D5CB90EF,HTVS,-1.75853160780959,运行/运行/ATP-VSW/ATP-VSW-DOCK_HTVS_1-003_lib/ATP-VSW-DOCK_HTVS_1-003_lib.mae
ATP-HTVS-5AC0D5CB90EF,HTVS,-1.02759382507953,运行/运行/ATP-VSW/ATP-VSW-DOCK_HTVS_1-003_lib/ATP-VSW-DOCK_HTVS_1-003_lib.mae
ATP-HTVS-5AC0D5CB90EF,HTVS,-0.0184615524672678,运行/运行/ATP-VSW/ATP-VSW-DOCK_HTVS_1-003_lib/ATP-VSW-DOCK_HTVS_1-003_lib.mae
ATP-HTVS-5AC0D5CB90EF,HTVS,0.0971967411169761,运行/运行/ATP-VSW/ATP-VSW-DOCK_HTVS_1-003_lib/ATP-VSW-DOCK_HTVS_1-003_lib.mae
ATP-HTVS-5AC0D5CB90EF,HTVS,1.79836047769889,运行/运行/ATP-VSW/ATP-VSW-DOCK_HTVS_1-003_lib/ATP-VSW-DOCK_HTVS_1-003_lib.mae
ATP-HTVS-5B1B34F83C18,HTVS,-2.46053830436546,运行/运行/ATP-VSW/ATP-VSW-DOCK_HTVS_1-002_lib.maegz
ATP-HTVS-5B32A3AFA3A9,HTVS,-3.76487956836908,运行/运行/ATP-VSW/ATP-VSW-DOCK_HTVS_1-002_lib.maegz
ATP-HTVS-5B32A3AFA3A9,HTVS,-3.71281731216374,运行/运行/ATP-VSW/ATP-VSW-DOCK_HTVS_1-002_lib.maegz
ATP-HTVS-5B9C564ED935,HTVS,-4.41592975128322,运行/运行/ATP-VSW/ATP-VSW-DOCK_HTVS_1-001_lib/ATP-VSW-DOCK_HTVS_1-001_lib
ATP-HTVS-5BC6D09DB3F1,HTVS,-2.24325432904981,运行/运行/ATP-VSW/ATP-VSW-DOCK_HTVS_1-002_lib.maegz
ATP-HTVS-5BC6D09DB3F1,HTVS,-2.14004209595013,运行/运行/ATP-VSW/ATP-VSW-DOCK_HTVS_1-002_lib.maegz
ATP-HTVS-5BCFBB048AA1,HTVS,-4.44417172328184,运行/运行/ATP-VSW/ATP-VSW-DOCK_HTVS_1-001_lib/ATP-VSW-DOCK_HTVS_1-001_lib
ATP-HTVS-5BCFBB048AA1,HTVS,-2.61278983020624,运行/运行/ATP-VSW/ATP-VSW-DOCK_HTVS_1-001_lib/ATP-VSW-DOCK_HTVS_1-001_lib
ATP-HTVS-5BCFBB048AA1,HTVS,-2.47771589413169,运行/运行/ATP-VSW/ATP-VSW-DOCK_HTVS_1-001_lib/ATP-VSW-DOCK_HTVS_1-001_lib
ATP-HTVS-5BE3914F361A,HTVS,-5.67579047127189,运行/运行/ATP-VSW/ATP-VSW-DOCK_HTVS_1-003_lib/ATP-VSW-DOCK_HTVS_1-003_lib.mae
ATP-HTVS-5BE3914F361A,HTVS,-3.26928520011986,运行/运行/ATP-VSW/ATP-VSW-DOCK_HTVS_1-003_lib/ATP-VSW-DOCK_HTVS_1-003_lib.mae
ATP-HTVS-5BF5224E50DC,HTVS,-5.19166155522709,运行/运行/ATP-VSW/ATP-VSW-DOCK_HTVS_1-003_lib/ATP-VSW-DOCK_HTVS_1-003_lib.mae
ATP-HTVS-5BF5224E50DC,HTVS,-2.3657754099621,运行/运行/ATP-VSW/ATP-VSW-DOCK_HTVS_1-003_lib/ATP-VSW-DOCK_HTVS_1-003_lib.mae
ATP-HTVS-5BFD90183104,HTVS,-2.94120134952684,运行/运行/ATP-VSW/ATP-VSW-DOCK_HTVS_1-003_lib/ATP-VSW-DOCK_HTVS_1-003_lib.mae
ATP-HTVS-5BFD90183104,HTVS,-2.74768177556631,运行/运行/ATP-VSW/ATP-VSW-DOCK_HTVS_1-003_lib/ATP-VSW-DOCK_HTVS_1-003_lib.mae
ATP-HTVS-5BFD90183104,HTVS,-1.67516163147556,运行/运行/ATP-VSW/ATP-VSW-DOCK_HTVS_1-003_lib/ATP-VSW-DOCK_HTVS_1-003_lib.mae
ATP-HTVS-5C08F16C0BFC,HTVS,-0.740346838781324,运行/运行/ATP-VSW/ATP-VSW-DOCK_HTVS_1-001_lib/ATP-VSW-DOCK_HTVS_1-001_lib
ATP-HTVS-5C1A90E0608A,HTVS,-4.57813248647456,运行/运行/ATP-VSW/ATP-VSW-DOCK_HTVS_1-001_lib/ATP-VSW-DOCK_HTVS_1-001_lib
ATP-HTVS-5C1A90E0608A,HTVS,-3.9248949389173,运行/运行/ATP-VSW/ATP-VSW-DOCK_HTVS_1-001_lib/ATP-VSW-DOCK_HTVS_1-001_lib
ATP-HTVS-5C2621A0B526,HTVS,-4.59011384543317,运行/运行/ATP-VSW/ATP-VSW-DOCK_HTVS_1-002_lib.maegz
ATP-HTVS-5C2621A0B526,HTVS,-3.82756813069274,运行/运行/ATP-VSW/ATP-VSW-DOCK_HTVS_1-002_lib.maegz
ATP-HTVS-5C2621A0B526,HTVS,-3.63911594308909,运行/运行/ATP-VSW/ATP-VSW-DOCK_HTVS_1-002_lib.maegz
ATP-HTVS-5C2621A0B526,HTVS,-0.186112401204561,运行/运行/ATP-VSW/ATP-VSW-DOCK_HTVS_1-002_lib.maegz
ATP-HTVS-5C29B6179A0F,HTVS,-4.29786321202716,运行/运行/ATP-VSW/ATP-VSW-DOCK_HTVS_1-003_lib/ATP-VSW-DOCK_HTVS_1-003_lib.mae
ATP-HTVS-5C29B6179A0F,HTVS,-3.79666476748279,运行/运行/ATP-VSW/ATP-VSW-DOCK_HTVS_1-003_lib/ATP-VSW-DOCK_HTVS_1-003_lib.mae
ATP-HTVS-5C29B6179A0F,HTVS,-1.93459658416471,运行/运行/ATP-VSW/ATP-VSW-DOCK_HTVS_1-003_lib/ATP-VSW-DOCK_HTVS_1-003_lib.mae
ATP-HTVS-5C29B6179A0F,HTVS,-1.67603065985988,运行/运行/ATP-VSW/ATP-VSW-DOCK_HTVS_1-003_lib/ATP-VSW-DOCK_HTVS_1-003_lib.mae
ATP-HTVS-5C29B6179A0F,HTVS,-1.46788850483011,运行/运行/ATP-VSW/ATP-VSW-DOCK_HTVS_1-003_lib/ATP-VSW-DOCK_HTVS_1-003_lib.mae
ATP-HTVS-5CE7EF7F1B66,HTVS,-3.76988573921246,运行/运行/ATP-VSW/ATP-VSW-DOCK_HTVS_1-002_lib.maegz
ATP-HTVS-5CE7EF7F1B66,HTVS,-3.43733583272661,运行/运行/ATP-VSW/ATP-VSW-DOCK_HTVS_1-002_lib.maegz
ATP-HTVS-5CE7EF7F1B66,HTVS,-1.23911304084145,运行/运行/ATP-VSW/ATP-VSW-DOCK_HTVS_1-002_lib.maegz
ATP-HTVS-5CEF79319D6B,HTVS,-4.69577605445255,运行/运行/ATP-VSW/ATP-VSW-DOCK_HTVS_1-003_lib/ATP-VSW-DOCK_HTVS_1-003_lib.mae
ATP-HTVS-5CEF79319D6B,HTVS,-2.97970858237258,运行/运行/ATP-VSW/ATP-VSW-DOCK_HTVS_1-003_lib/ATP-VSW-DOCK_HTVS_1-003_lib.mae
ATP-HTVS-5CEF79319D6B,HTVS,-2.72570308625292,运行/运行/ATP-VSW/ATP-VSW-DOCK_HTVS_1-003_lib/ATP-VSW-DOCK_HTVS_1-003_lib.mae
ATP-HTVS-5CF527C7FD25,HTVS,-3.71512132658056,运行/运行/ATP-VSW/ATP-VSW-DOCK_HTVS_1-002_lib.maegz
ATP-HTVS-5CFA0109773F,HTVS,-3.7902907060125,运行/运行/ATP-VSW/ATP-VSW-DOCK_HTVS_1-002_lib.maegz
ATP-HTVS-5D344E99E653,HTVS,-3.97982714639169,运行/运行/ATP-VSW/ATP-VSW-DOCK_HTVS_1-002_lib.maegz
ATP-HTVS-5D344E99E653,HTVS,-3.89375662197892,运行/运行/ATP-VSW/ATP-VSW-DOCK_HTVS_1-002_lib.maegz
ATP-HTVS-5D5940BED632,HTVS,-4.24933834696087,运行/运行/ATP-VSW/ATP-VSW-DOCK_HTVS_1-003_lib/ATP-VSW-DOCK_HTVS_1-003_lib.mae
ATP-HTVS-5D5940BED632,HTVS,-3.18791485377542,运行/运行/ATP-VSW/ATP-VSW-DOCK_HTVS_1-003_lib/ATP-VSW-DOCK_HTVS_1-003_lib.mae
ATP-HTVS-5D5940BED632,HTVS,-2.04473113453796,运行/运行/ATP-VSW/ATP-VSW-DOCK_HTVS_1-003_lib/ATP-VSW-DOCK_HTVS_1-003_lib.mae
ATP-HTVS-5D5A320A0101,HTVS,-4.43394181580623,运行/运行/ATP-VSW/ATP-VSW-DOCK_HTVS_1-001_lib/ATP-VSW-DOCK_HTVS_1-001_lib
ATP-HTVS-5D5A320A0101,HTVS,-4.14651366319235,运行/运行/ATP-VSW/ATP-VSW-DOCK_HTVS_1-001_lib/ATP-VSW-DOCK_HTVS_1-001_lib
ATP-HTVS-5D5A320A0101,HTVS,-3.57448142111478,运行/运行/ATP-VSW/ATP-VSW-DOCK_HTVS_1-001_lib/ATP-VSW-DOCK_HTVS_1-001_lib
ATP-HTVS-5D5A320A0101,HTVS,-3.4220703194739,运行/运行/ATP-VSW/ATP-VSW-DOCK_HTVS_1-001_lib/ATP-VSW-DOCK_HTVS_1-001_lib
ATP-HTVS-5D5A320A0101,HTVS,-3.2211281868154,运行/运行/ATP-VSW/ATP-VSW-DOCK_HTVS_1-001_lib/ATP-VSW-DOCK_HTVS_1-001_lib
ATP-HTVS-5D5A320A0101,HTVS,-3.21226707401506,运行/运行/ATP-VSW/ATP-VSW-DOCK_HTVS_1-001_lib/ATP-VSW-DOCK_HTVS_1-001_lib
ATP-HTVS-5D5A320A0101,HTVS,-3.05151665459178,运行/运行/ATP-VSW/ATP-VSW-DOCK_HTVS_1-001_lib/ATP-VSW-DOCK_HTVS_1-001_lib
ATP-HTVS-5D5A320A0101,HTVS,-2.93311322403667,运行/运行/ATP-VSW/ATP-VSW-DOCK_HTVS_1-001_lib/ATP-VSW-DOCK_HTVS_1-001_lib
ATP-HTVS-5D5A320A0101,HTVS,-1.8673834659391,运行/运行/ATP-VSW/ATP-VSW-DOCK_HTVS_1-001_lib/ATP-VSW-DOCK_HTVS_1-001_lib
ATP-HTVS-5D5A320A0101,HTVS,-1.55509300071954,运行/运行/ATP-VSW/ATP-VSW-DOCK_HTVS_1-001_lib/ATP-VSW-DOCK_HTVS_1-001_lib
ATP-HTVS-5D5A320A0101,HTVS,-1.47814755325553,运行/运行/ATP-VSW/ATP-VSW-DOCK_HTVS_1-001_lib/ATP-VSW-DOCK_HTVS_1-001_lib
ATP-HTVS-5D5A320A0101,HTVS,-1.29227413512726,运行/运行/ATP-VSW/ATP-VSW-DOCK_HTVS_1-001_lib/ATP-VSW-DOCK_HTVS_1-001_lib
ATP-HTVS-5D5A320A0101,HTVS,-1.26782573696182,运行/运行/ATP-VSW/ATP-VSW-DOCK_HTVS_1-001_lib/ATP-VSW-DOCK_HTVS_1-001_lib
ATP-HTVS-5D5A320A0101,HTVS,-1.2293305707602,运行/运行/ATP-VSW/ATP-VSW-DOCK_HTVS_1-001_lib/ATP-VSW-DOCK_HTVS_1-001_lib
ATP-HTVS-5D5A320A0101,HTVS,-1.04509111590692,运行/运行/ATP-VSW/ATP-VSW-DOCK_HTVS_1-001_lib/ATP-VSW-DOCK_HTVS_1-001_lib
ATP-HTVS-5D7D5B0AFE50,HTVS,-3.62323809277179,运行/运行/ATP-VSW/ATP-VSW-DOCK_HTVS_1-002_lib.maegz
ATP-HTVS-5D7D5B0AFE50,HTVS,-2.22415013125875,运行/运行/ATP-VSW/ATP-VSW-DOCK_HTVS_1-002_lib.maegz
ATP-HTVS-5DA5A3EB6624,HTVS,-2.75550012588011,运行/运行/ATP-VSW/ATP-VSW-DOCK_HTVS_1-002_lib.maegz
ATP-HTVS-5DB20AD11BEB,HTVS,-2.96261088991814,运行/运行/ATP-VSW/ATP-VSW-DOCK_HTVS_1-001_lib/ATP-VSW-DOCK_HTVS_1-001_lib
ATP-HTVS-5DB20AD11BEB,HTVS,0.688349404560556,运行/运行/ATP-VSW/ATP-VSW-DOCK_HTVS_1-001_lib/ATP-VSW-DOCK_HTVS_1-001_lib
ATP-HTVS-5E187255B48D,HTVS,-3.46280176737967,运行/运行/ATP-VSW/ATP-VSW-DOCK_HTVS_1-001_lib/ATP-VSW-DOCK_HTVS_1-001_lib
ATP-HTVS-5E187255B48D,HTVS,-2.76516627327575,运行/运行/ATP-VSW/ATP-VSW-DOCK_HTVS_1-001_lib/ATP-VSW-DOCK_HTVS_1-001_lib
ATP-HTVS-5E1B9EFD9407,HTVS,-4.43349458355397,运行/运行/ATP-VSW/ATP-VSW-DOCK_HTVS_1-002_lib.maegz
ATP-HTVS-5E1B9EFD9407,HTVS,-4.11383198566641,运行/运行/ATP-VSW/ATP-VSW-DOCK_HTVS_1-002_lib.maegz
ATP-HTVS-5E1B9EFD9407,HTVS,-4.0041265658358,运行/运行/ATP-VSW/ATP-VSW-DOCK_HTVS_1-002_lib.maegz
ATP-HTVS-5E389E326DA0,HTVS,-4.50304525647943,运行/运行/ATP-VSW/ATP-VSW-DOCK_HTVS_1-001_lib/ATP-VSW-DOCK_HTVS_1-001_lib
ATP-HTVS-5E389E326DA0,HTVS,-3.88998030351073,运行/运行/ATP-VSW/ATP-VSW-DOCK_HTVS_1-001_lib/ATP-VSW-DOCK_HTVS_1-001_lib
ATP-HTVS-5E561F95C670,HTVS,-5.14077625711294,运行/运行/ATP-VSW/ATP-VSW-DOCK_HTVS_1-001_lib/ATP-VSW-DOCK_HTVS_1-001_lib
ATP-HTVS-5E561F95C670,HTVS,-2.02938424088815,运行/运行/ATP-VSW/ATP-VSW-DOCK_HTVS_1-001_lib/ATP-VSW-DOCK_HTVS_1-001_lib
ATP-HTVS-5E6DF5CA027C,HTVS,-5.56952994029835,运行/运行/ATP-VSW/ATP-VSW-DOCK_HTVS_1-002_lib.maegz
ATP-HTVS-5E6DF5CA027C,HTVS,-3.95479139134478,运行/运行/ATP-VSW/ATP-VSW-DOCK_HTVS_1-002_lib.maegz
ATP-HTVS-5E6DF5CA027C,HTVS,-3.60765588819631,运行/运行/ATP-VSW/ATP-VSW-DOCK_HTVS_1-002_lib.maegz
ATP-HTVS-5E6DF5CA027C,HTVS,-3.16895362607029,运行/运行/ATP-VSW/ATP-VSW-DOCK_HTVS_1-002_lib.maegz
ATP-HTVS-5EB936FA5BDD,HTVS,-4.06045114259907,运行/运行/ATP-VSW/ATP-VSW-DOCK_HTVS_1-003_lib/ATP-VSW-DOCK_HTVS_1-003_lib.mae
ATP-HTVS-5EB936FA5BDD,HTVS,-2.11804130776291,运行/运行/ATP-VSW/ATP-VSW-DOCK_HTVS_1-003_lib/ATP-VSW-DOCK_HTVS_1-003_lib.mae
ATP-HTVS-5EF6359E179A,HTVS,-4.67392440734825,运行/运行/ATP-VSW/ATP-VSW-DOCK_HTVS_1-001_lib/ATP-VSW-DOCK_HTVS_1-001_lib
ATP-HTVS-5EF6359E179A,HTVS,-2.68886869645282,运行/运行/ATP-VSW/ATP-VSW-DOCK_HTVS_1-001_lib/ATP-VSW-DOCK_HTVS_1-001_lib
ATP-HTVS-5F569EDABC80,HTVS,-3.23381446655106,运行/运行/ATP-VSW/ATP-VSW-DOCK_HTVS_1-002_lib.maegz
ATP-HTVS-5F569EDABC80,HTVS,-3.2289645589714,运行/运行/ATP-VSW/ATP-VSW-DOCK_HTVS_1-002_lib.maegz
ATP-HTVS-5F569EDABC80,HTVS,-3.0183937175015,运行/运行/ATP-VSW/ATP-VSW-DOCK_HTVS_1-002_lib.maegz
ATP-HTVS-5F569EDABC80,HTVS,-2.52598676921908,运行/运行/ATP-VSW/ATP-VSW-DOCK_HTVS_1-002_lib.maegz
ATP-HTVS-5FA879ADA4FF,HTVS,-3.2287697992891,运行/运行/ATP-VSW/ATP-VSW-DOCK_HTVS_1-002_lib.maegz
ATP-HTVS-5FA879ADA4FF,HTVS,-1.07747011477322,运行/运行/ATP-VSW/ATP-VSW-DOCK_HTVS_1-002_lib.maegz
ATP-HTVS-6012FFC9E47E,HTVS,-3.3461811795043,运行/运行/ATP-VSW/ATP-VSW-DOCK_HTVS_1-001_lib/ATP-VSW-DOCK_HTVS_1-001_lib
ATP-HTVS-6012FFC9E47E,HTVS,-2.42234165114614,运行/运行/ATP-VSW/ATP-VSW-DOCK_HTVS_1-001_lib/ATP-VSW-DOCK_HTVS_1-001_lib
ATP-HTVS-6012FFC9E47E,HTVS,-1.46080298952784,运行/运行/ATP-VSW/ATP-VSW-DOCK_HTVS_1-001_lib/ATP-VSW-DOCK_HTVS_1-001_lib
ATP-HTVS-601F520459A4,HTVS,-3.2928013737602,运行/运行/ATP-VSW/ATP-VSW-DOCK_HTVS_1-001_lib/ATP-VSW-DOCK_HTVS_1-001_lib
ATP-HTVS-602F8E6702A7,HTVS,-3.66335870608387,运行/运行/ATP-VSW/ATP-VSW-DOCK_HTVS_1-002_lib.maegz
ATP-HTVS-602F8E6702A7,HTVS,-3.0764568153993,运行/运行/ATP-VSW/ATP-VSW-DOCK_HTVS_1-002_lib.maegz
ATP-HTVS-602F8E6702A7,HTVS,-1.91680811249784,运行/运行/ATP-VSW/ATP-VSW-DOCK_HTVS_1-002_lib.maegz
ATP-HTVS-60B21D6CE655,HTVS,-3.42210988009747,运行/运行/ATP-VSW/ATP-VSW-DOCK_HTVS_1-003_lib/ATP-VSW-DOCK_HTVS_1-003_lib.mae
ATP-HTVS-60B21D6CE655,HTVS,-1.67816944579626,运行/运行/ATP-VSW/ATP-VSW-DOCK_HTVS_1-003_lib/ATP-VSW-DOCK_HTVS_1-003_lib.mae
ATP-HTVS-60B70570E761,HTVS,-4.07446621007503,运行/运行/ATP-VSW/ATP-VSW-DOCK_HTVS_1-003_lib/ATP-VSW-DOCK_HTVS_1-003_lib.mae
ATP-HTVS-60C7695B6F0C,HTVS,-5.86770542169608,运行/运行/ATP-VSW/ATP-VSW-DOCK_HTVS_1-002_lib.maegz
ATP-HTVS-60C7695B6F0C,HTVS,-2.84574281738325,运行/运行/ATP-VSW/ATP-VSW-DOCK_HTVS_1-002_lib.maegz
ATP-HTVS-60D4F7FF4B6B,HTVS,-6.28370093518969,运行/运行/ATP-VSW/ATP-VSW-DOCK_HTVS_1-001_lib/ATP-VSW-DOCK_HTVS_1-001_lib
ATP-HTVS-60D4F7FF4B6B,HTVS,-4.93980030401532,运行/运行/ATP-VSW/ATP-VSW-DOCK_HTVS_1-001_lib/ATP-VSW-DOCK_HTVS_1-001_lib
ATP-HTVS-60D4F7FF4B6B,HTVS,-4.22451087091718,运行/运行/ATP-VSW/ATP-VSW-DOCK_HTVS_1-001_lib/ATP-VSW-DOCK_HTVS_1-001_lib
ATP-HTVS-60D4F7FF4B6B,HTVS,-4.20208145047234,运行/运行/ATP-VSW/ATP-VSW-DOCK_HTVS_1-001_lib/ATP-VSW-DOCK_HTVS_1-001_lib
ATP-HTVS-60D4F7FF4B6B,HTVS,-3.00922833426337,运行/运行/ATP-VSW/ATP-VSW-DOCK_HTVS_1-001_lib/ATP-VSW-DOCK_HTVS_1-001_lib
ATP-HTVS-60D4F7FF4B6B,HTVS,-2.93479582513652,运行/运行/ATP-VSW/ATP-VSW-DOCK_HTVS_1-001_lib/ATP-VSW-DOCK_HTVS_1-001_lib
ATP-HTVS-60F8B74A0D7C,HTVS,-5.0072187217735,运行/运行/ATP-VSW/ATP-VSW-DOCK_HTVS_1-002_lib.maegz
ATP-HTVS-60F8B74A0D7C,HTVS,-2.88244511229135,运行/运行/ATP-VSW/ATP-VSW-DOCK_HTVS_1-002_lib.maegz
ATP-HTVS-6168063B3267,HTVS,-4.66858866643274,运行/运行/ATP-VSW/ATP-VSW-DOCK_HTVS_1-001_lib/ATP-VSW-DOCK_HTVS_1-001_lib
ATP-HTVS-6168063B3267,HTVS,-4.17798260722713,运行/运行/ATP-VSW/ATP-VSW-DOCK_HTVS_1-001_lib/ATP-VSW-DOCK_HTVS_1-001_lib
ATP-HTVS-6168063B3267,HTVS,-2.62316677078289,运行/运行/ATP-VSW/ATP-VSW-DOCK_HTVS_1-001_lib/ATP-VSW-DOCK_HTVS_1-001_lib
ATP-HTVS-6168063B3267,HTVS,-0.781313066945396,运行/运行/ATP-VSW/ATP-VSW-DOCK_HTVS_1-001_lib/ATP-VSW-DOCK_HTVS_1-001_lib
ATP-HTVS-61A3D13E339F,HTVS,-4.98689241876596,运行/运行/ATP-VSW/ATP-VSW-DOCK_HTVS_1-002_lib.maegz
ATP-HTVS-61A3D13E339F,HTVS,-3.38808680277934,运行/运行/ATP-VSW/ATP-VSW-DOCK_HTVS_1-002_lib.maegz
ATP-HTVS-62207831F6CB,HTVS,-1.01278276002394,运行/运行/ATP-VSW/ATP-VSW-DOCK_HTVS_1-003_lib/ATP-VSW-DOCK_HTVS_1-003_lib.mae
ATP-HTVS-6227313DC6E5,HTVS,-5.41139131934922,运行/运行/ATP-VSW/ATP-VSW-DOCK_HTVS_1-002_lib.maegz
ATP-HTVS-6227313DC6E5,HTVS,-3.10974088109233,运行/运行/ATP-VSW/ATP-VSW-DOCK_HTVS_1-002_lib.maegz
ATP-HTVS-6227313DC6E5,HTVS,-2.07454901505829,运行/运行/ATP-VSW/ATP-VSW-DOCK_HTVS_1-002_lib.maegz
ATP-HTVS-6286382C1C45,HTVS,-2.33960549225046,运行/运行/ATP-VSW/ATP-VSW-DOCK_HTVS_1-003_lib/ATP-VSW-DOCK_HTVS_1-003_lib.mae
ATP-HTVS-62D29CE4051A,HTVS,-2.40287405166579,运行/运行/ATP-VSW/ATP-VSW-DOCK_HTVS_1-002_lib.maegz
ATP-HTVS-62D29CE4051A,HTVS,-1.69442945923806,运行/运行/ATP-VSW/ATP-VSW-DOCK_HTVS_1-002_lib.maegz
ATP-HTVS-631C0C315D5A,HTVS,-4.41458575350106,运行/运行/ATP-VSW/ATP-VSW-DOCK_HTVS_1-003_lib/ATP-VSW-DOCK_HTVS_1-003_lib.mae
ATP-HTVS-631C0C315D5A,HTVS,-4.08001748461029,运行/运行/ATP-VSW/ATP-VSW-DOCK_HTVS_1-003_lib/ATP-VSW-DOCK_HTVS_1-003_lib.mae
ATP-HTVS-631C0C315D5A,HTVS,-3.89677556825483,运行/运行/ATP-VSW/ATP-VSW-DOCK_HTVS_1-003_lib/ATP-VSW-DOCK_HTVS_1-003_lib.mae
ATP-HTVS-631C0C315D5A,HTVS,-3.8650348038,运行/运行/ATP-VSW/ATP-VSW-DOCK_HTVS_1-003_lib/ATP-VSW-DOCK_HTVS_1-003_lib.mae
ATP-HTVS-631C0C315D5A,HTVS,-3.47190301706228,运行/运行/ATP-VSW/ATP-VSW-DOCK_HTVS_1-003_lib/ATP-VSW-DOCK_HTVS_1-003_lib.mae
ATP-HTVS-631C0C315D5A,HTVS,-3.46459301276934,运行/运行/ATP-VSW/ATP-VSW-DOCK_HTVS_1-003_lib/ATP-VSW-DOCK_HTVS_1-003_lib.mae
ATP-HTVS-631C0C315D5A,HTVS,-3.40096188519768,运行/运行/ATP-VSW/ATP-VSW-DOCK_HTVS_1-003_lib/ATP-VSW-DOCK_HTVS_1-003_lib.mae
ATP-HTVS-631C0C315D5A,HTVS,-3.30393279665479,运行/运行/ATP-VSW/ATP-VSW-DOCK_HTVS_1-003_lib/ATP-VSW-DOCK_HTVS_1-003_lib.mae
ATP-HTVS-638532F00CCB,HTVS,-3.30192032259965,运行/运行/ATP-VSW/ATP-VSW-DOCK_HTVS_1-001_lib/ATP-VSW-DOCK_HTVS_1-001_lib
ATP-HTVS-638532F00CCB,HTVS,-2.51230722037918,运行/运行/ATP-VSW/ATP-VSW-DOCK_HTVS_1-001_lib/ATP-VSW-DOCK_HTVS_1-001_lib
ATP-HTVS-638532F00CCB,HTVS,-2.39083915323745,运行/运行/ATP-VSW/ATP-VSW-DOCK_HTVS_1-001_lib/ATP-VSW-DOCK_HTVS_1-001_lib
ATP-HTVS-63A2B85F1850,HTVS,-3.48496606644906,运行/运行/ATP-VSW/ATP-VSW-DOCK_HTVS_1-002_lib.maegz
ATP-HTVS-63DD1309BB6A,HTVS,-3.34205032023594,运行/运行/ATP-VSW/ATP-VSW-DOCK_HTVS_1-002_lib.maegz
ATP-HTVS-63DFF8A88018,HTVS,-4.7943360024633,运行/运行/ATP-VSW/ATP-VSW-DOCK_HTVS_1-001_lib/ATP-VSW-DOCK_HTVS_1-001_lib
ATP-HTVS-63DFF8A88018,HTVS,-4.05466116816291,运行/运行/ATP-VSW/ATP-VSW-DOCK_HTVS_1-001_lib/ATP-VSW-DOCK_HTVS_1-001_lib
ATP-HTVS-63DFF8A88018,HTVS,-3.71447033564878,运行/运行/ATP-VSW/ATP-VSW-DOCK_HTVS_1-001_lib/ATP-VSW-DOCK_HTVS_1-001_lib
ATP-HTVS-63E5F33A32FB,HTVS,-4.78876578704874,运行/运行/ATP-VSW/ATP-VSW-DOCK_HTVS_1-002_lib.maegz
ATP-HTVS-63E5F33A32FB,HTVS,-4.15994087969112,运行/运行/ATP-VSW/ATP-VSW-DOCK_HTVS_1-002_lib.maegz
ATP-HTVS-63E5F33A32FB,HTVS,-2.09181652567236,运行/运行/ATP-VSW/ATP-VSW-DOCK_HTVS_1-002_lib.maegz
ATP-HTVS-64561A556005,HTVS,-4.72497821014762,运行/运行/ATP-VSW/ATP-VSW-DOCK_HTVS_1-001_lib/ATP-VSW-DOCK_HTVS_1-001_lib
ATP-HTVS-64561A556005,HTVS,-2.45016960531249,运行/运行/ATP-VSW/ATP-VSW-DOCK_HTVS_1-001_lib/ATP-VSW-DOCK_HTVS_1-001_lib
ATP-HTVS-6480B695D089,HTVS,-2.45925339690874,运行/运行/ATP-VSW/ATP-VSW-DOCK_HTVS_1-001_lib/ATP-VSW-DOCK_HTVS_1-001_lib
ATP-HTVS-64A2B9E187D2,HTVS,-2.18765448061502,运行/运行/ATP-VSW/ATP-VSW-DOCK_HTVS_1-003_lib/ATP-VSW-DOCK_HTVS_1-003_lib.mae
ATP-HTVS-64A2B9E187D2,HTVS,-1.82183834778973,运行/运行/ATP-VSW/ATP-VSW-DOCK_HTVS_1-003_lib/ATP-VSW-DOCK_HTVS_1-003_lib.mae
ATP-HTVS-64A2B9E187D2,HTVS,0.29284912598723,运行/运行/ATP-VSW/ATP-VSW-DOCK_HTVS_1-003_lib/ATP-VSW-DOCK_HTVS_1-003_lib.mae
ATP-HTVS-64A2B9E187D2,HTVS,0.71844178561214,运行/运行/ATP-VSW/ATP-VSW-DOCK_HTVS_1-003_lib/ATP-VSW-DOCK_HTVS_1-003_lib.mae
ATP-HTVS-64F4A1A461ED,HTVS,-5.28790429343209,运行/运行/ATP-VSW/ATP-VSW-DOCK_HTVS_1-003_lib/ATP-VSW-DOCK_HTVS_1-003_lib.mae
ATP-HTVS-64F4A1A461ED,HTVS,-5.11246003209568,运行/运行/ATP-VSW/ATP-VSW-DOCK_HTVS_1-003_lib/ATP-VSW-DOCK_HTVS_1-003_lib.mae
ATP-HTVS-64F4A1A461ED,HTVS,-3.56463089516631,运行/运行/ATP-VSW/ATP-VSW-DOCK_HTVS_1-003_lib/ATP-VSW-DOCK_HTVS_1-003_lib.mae
ATP-HTVS-64F4A1A461ED,HTVS,-3.391032742063,运行/运行/ATP-VSW/ATP-VSW-DOCK_HTVS_1-003_lib/ATP-VSW-DOCK_HTVS_1-003_lib.mae
ATP-HTVS-64F4A1A461ED,HTVS,-3.16033121711088,运行/运行/ATP-VSW/ATP-VSW-DOCK_HTVS_1-003_lib/ATP-VSW-DOCK_HTVS_1-003_lib.mae
ATP-HTVS-64F4A1A461ED,HTVS,-2.36652086211111,运行/运行/ATP-VSW/ATP-VSW-DOCK_HTVS_1-003_lib/ATP-VSW-DOCK_HTVS_1-003_lib.mae
ATP-HTVS-64F4A1A461ED,HTVS,-2.3475049251705,运行/运行/ATP-VSW/ATP-VSW-DOCK_HTVS_1-003_lib/ATP-VSW-DOCK_HTVS_1-003_lib.mae
ATP-HTVS-64F4A1A461ED,HTVS,-1.01555325495795,运行/运行/ATP-VSW/ATP-VSW-DOCK_HTVS_1-003_lib/ATP-VSW-DOCK_HTVS_1-003_lib.mae
ATP-HTVS-651F2B2980F4,HTVS,-5.47772488910743,运行/运行/ATP-VSW/ATP-VSW-DOCK_HTVS_1-002_lib.maegz
ATP-HTVS-651F2B2980F4,HTVS,-4.69354697412549,运行/运行/ATP-VSW/ATP-VSW-DOCK_HTVS_1-002_lib.maegz
ATP-HTVS-651F2B2980F4,HTVS,-4.27099570731349,运行/运行/ATP-VSW/ATP-VSW-DOCK_HTVS_1-002_lib.maegz
ATP-HTVS-651F2B2980F4,HTVS,-3.67490224632885,运行/运行/ATP-VSW/ATP-VSW-DOCK_HTVS_1-002_lib.maegz
ATP-HTVS-651F2B2980F4,HTVS,-2.92728536283059,运行/运行/ATP-VSW/ATP-VSW-DOCK_HTVS_1-002_lib.maegz
ATP-HTVS-651F2B2980F4,HTVS,-2.4636281584112,运行/运行/ATP-VSW/ATP-VSW-DOCK_HTVS_1-002_lib.maegz
ATP-HTVS-65263582E7F4,HTVS,-4.75411914859557,运行/运行/ATP-VSW/ATP-VSW-DOCK_HTVS_1-002_lib.maegz
ATP-HTVS-65263582E7F4,HTVS,-4.58769057088631,运行/运行/ATP-VSW/ATP-VSW-DOCK_HTVS_1-002_lib.maegz
ATP-HTVS-65263582E7F4,HTVS,-4.51369017759395,运行/运行/ATP-VSW/ATP-VSW-DOCK_HTVS_1-002_lib.maegz
ATP-HTVS-65263582E7F4,HTVS,-4.49886837806461,运行/运行/ATP-VSW/ATP-VSW-DOCK_HTVS_1-002_lib.maegz
ATP-HTVS-654FE4E3AAA7,HTVS,-4.06858602331891,运行/运行/ATP-VSW/ATP-VSW-DOCK_HTVS_1-001_lib/ATP-VSW-DOCK_HTVS_1-001_lib
ATP-HTVS-654FE4E3AAA7,HTVS,-3.63312290695434,运行/运行/ATP-VSW/ATP-VSW-DOCK_HTVS_1-001_lib/ATP-VSW-DOCK_HTVS_1-001_lib
ATP-HTVS-654FE4E3AAA7,HTVS,-0.892142838522384,运行/运行/ATP-VSW/ATP-VSW-DOCK_HTVS_1-001_lib/ATP-VSW-DOCK_HTVS_1-001_lib
ATP-HTVS-655331016ABF,HTVS,-4.73818123002512,运行/运行/ATP-VSW/ATP-VSW-DOCK_HTVS_1-002_lib.maegz
ATP-HTVS-656A250247D8,HTVS,-4.89528858906576,运行/运行/ATP-VSW/ATP-VSW-DOCK_HTVS_1-002_lib.maegz
ATP-HTVS-656A250247D8,HTVS,-1.58493951165484,运行/运行/ATP-VSW/ATP-VSW-DOCK_HTVS_1-002_lib.maegz
ATP-HTVS-657E323E2351,HTVS,-3.94729667946488,运行/运行/ATP-VSW/ATP-VSW-DOCK_HTVS_1-001_lib/ATP-VSW-DOCK_HTVS_1-001_lib
ATP-HTVS-657E323E2351,HTVS,-2.66707159794237,运行/运行/ATP-VSW/ATP-VSW-DOCK_HTVS_1-001_lib/ATP-VSW-DOCK_HTVS_1-001_lib
ATP-HTVS-65B75474615F,HTVS,-4.14954648610879,运行/运行/ATP-VSW/ATP-VSW-DOCK_HTVS_1-001_lib/ATP-VSW-DOCK_HTVS_1-001_lib
ATP-HTVS-65B75474615F,HTVS,-2.94603425674793,运行/运行/ATP-VSW/ATP-VSW-DOCK_HTVS_1-001_lib/ATP-VSW-DOCK_HTVS_1-001_lib
ATP-HTVS-65F1321BFD60,HTVS,-1.48038393582607,运行/运行/ATP-VSW/ATP-VSW-DOCK_HTVS_1-002_lib.maegz
ATP-HTVS-65F1321BFD60,HTVS,-1.12173076082671,运行/运行/ATP-VSW/ATP-VSW-DOCK_HTVS_1-002_lib.maegz
ATP-HTVS-65F4836C7042,HTVS,-6.71312251253104,运行/运行/ATP-VSW/ATP-VSW-DOCK_HTVS_1-001_lib/ATP-VSW-DOCK_HTVS_1-001_lib
ATP-HTVS-6612EA4E183C,HTVS,-3.92958280169648,运行/运行/ATP-VSW/ATP-VSW-DOCK_HTVS_1-002_lib.maegz
ATP-HTVS-6612EA4E183C,HTVS,-2.80889765398646,运行/运行/ATP-VSW/ATP-VSW-DOCK_HTVS_1-002_lib.maegz
ATP-HTVS-6612EA4E183C,HTVS,-2.49116554408737,运行/运行/ATP-VSW/ATP-VSW-DOCK_HTVS_1-002_lib.maegz
ATP-HTVS-6612EA4E183C,HTVS,-2.0913917574266,运行/运行/ATP-VSW/ATP-VSW-DOCK_HTVS_1-002_lib.maegz
ATP-HTVS-6612EA4E183C,HTVS,-1.76638157080437,运行/运行/ATP-VSW/ATP-VSW-DOCK_HTVS_1-002_lib.maegz
ATP-HTVS-665A86DAD15F,HTVS,-3.69184794846987,运行/运行/ATP-VSW/ATP-VSW-DOCK_HTVS_1-002_lib.maegz
ATP-HTVS-66618B00A972,HTVS,-6.72891028700809,运行/运行/ATP-VSW/ATP-VSW-DOCK_HTVS_1-002_lib.maegz
ATP-HTVS-66618B00A972,HTVS,-5.71257606663519,运行/运行/ATP-VSW/ATP-VSW-DOCK_HTVS_1-002_lib.maegz
ATP-HTVS-66618B00A972,HTVS,-4.05079758329336,运行/运行/ATP-VSW/ATP-VSW-DOCK_HTVS_1-002_lib.maegz
ATP-HTVS-66618B00A972,HTVS,-3.80780729385045,运行/运行/ATP-VSW/ATP-VSW-DOCK_HTVS_1-002_lib.maegz
ATP-HTVS-66618B00A972,HTVS,-2.84638583845112,运行/运行/ATP-VSW/ATP-VSW-DOCK_HTVS_1-002_lib.maegz
ATP-HTVS-667EB58ED22D,HTVS,-1.95139084828723,运行/运行/ATP-VSW/ATP-VSW-DOCK_HTVS_1-002_lib.maegz
ATP-HTVS-669A511FBD29,HTVS,-4.53832172271697,运行/运行/ATP-VSW/ATP-VSW-DOCK_HTVS_1-002_lib.maegz
ATP-HTVS-669A511FBD29,HTVS,-3.2190206617588,运行/运行/ATP-VSW/ATP-VSW-DOCK_HTVS_1-002_lib.maegz
ATP-HTVS-66A9CC424D71,HTVS,-4.54344253054898,运行/运行/ATP-VSW/ATP-VSW-DOCK_HTVS_1-002_lib.maegz
ATP-HTVS-66A9CC424D71,HTVS,-3.29424061274329,运行/运行/ATP-VSW/ATP-VSW-DOCK_HTVS_1-002_lib.maegz
ATP-HTVS-66A9CC424D71,HTVS,-2.28706175781205,运行/运行/ATP-VSW/ATP-VSW-DOCK_HTVS_1-002_lib.maegz
ATP-HTVS-66A9CC424D71,HTVS,-1.0066444284835,运行/运行/ATP-VSW/ATP-VSW-DOCK_HTVS_1-002_lib.maegz
ATP-HTVS-66BD7620CABA,HTVS,-3.56273417083815,运行/运行/ATP-VSW/ATP-VSW-DOCK_HTVS_1-001_lib/ATP-VSW-DOCK_HTVS_1-001_lib
ATP-HTVS-66BD7620CABA,HTVS,-3.32722673173909,运行/运行/ATP-VSW/ATP-VSW-DOCK_HTVS_1-001_lib/ATP-VSW-DOCK_HTVS_1-001_lib
ATP-HTVS-66BD7620CABA,HTVS,-2.45886531014597,运行/运行/ATP-VSW/ATP-VSW-DOCK_HTVS_1-001_lib/ATP-VSW-DOCK_HTVS_1-001_lib
ATP-HTVS-66BD7620CABA,HTVS,-2.28040414084328,运行/运行/ATP-VSW/ATP-VSW-DOCK_HTVS_1-001_lib/ATP-VSW-DOCK_HTVS_1-001_lib
ATP-HTVS-66EE35E24140,HTVS,-4.37572311945801,运行/运行/ATP-VSW/ATP-VSW-DOCK_HTVS_1-001_lib/ATP-VSW-DOCK_HTVS_1-001_lib
ATP-HTVS-66FFB530802B,HTVS,-3.74817258135611,运行/运行/ATP-VSW/ATP-VSW-DOCK_HTVS_1-003_lib/ATP-VSW-DOCK_HTVS_1-003_lib.mae
ATP-HTVS-66FFB530802B,HTVS,-1.42672601329403,运行/运行/ATP-VSW/ATP-VSW-DOCK_HTVS_1-003_lib/ATP-VSW-DOCK_HTVS_1-003_lib.mae
ATP-HTVS-67024B617AFA,HTVS,-5.08429538675973,运行/运行/ATP-VSW/ATP-VSW-DOCK_HTVS_1-003_lib/ATP-VSW-DOCK_HTVS_1-003_lib.mae
ATP-HTVS-67024B617AFA,HTVS,-3.1665334937578,运行/运行/ATP-VSW/ATP-VSW-DOCK_HTVS_1-003_lib/ATP-VSW-DOCK_HTVS_1-003_lib.mae
ATP-HTVS-673A54B483CC,HTVS,-3.724929712115,运行/运行/ATP-VSW/ATP-VSW-DOCK_HTVS_1-003_lib/ATP-VSW-DOCK_HTVS_1-003_lib.mae
ATP-HTVS-673A54B483CC,HTVS,-1.30690114429115,运行/运行/ATP-VSW/ATP-VSW-DOCK_HTVS_1-003_lib/ATP-VSW-DOCK_HTVS_1-003_lib.mae
ATP-HTVS-673A54B483CC,HTVS,-0.827423731068362,运行/运行/ATP-VSW/ATP-VSW-DOCK_HTVS_1-003_lib/ATP-VSW-DOCK_HTVS_1-003_lib.mae
ATP-HTVS-675C8FFFA49B,HTVS,-4.96576841477222,运行/运行/ATP-VSW/ATP-VSW-DOCK_HTVS_1-003_lib/ATP-VSW-DOCK_HTVS_1-003_lib.mae
ATP-HTVS-675D7E7E37EF,HTVS,-4.39095491270896,运行/运行/ATP-VSW/ATP-VSW-DOCK_HTVS_1-001_lib/ATP-VSW-DOCK_HTVS_1-001_lib
ATP-HTVS-676B1F951E41,HTVS,-4.55198972157874,运行/运行/ATP-VSW/ATP-VSW-DOCK_HTVS_1-001_lib/ATP-VSW-DOCK_HTVS_1-001_lib
ATP-HTVS-676B1F951E41,HTVS,-4.16370363625269,运行/运行/ATP-VSW/ATP-VSW-DOCK_HTVS_1-001_lib/ATP-VSW-DOCK_HTVS_1-001_lib
ATP-HTVS-676B1F951E41,HTVS,-4.02176474458339,运行/运行/ATP-VSW/ATP-VSW-DOCK_HTVS_1-001_lib/ATP-VSW-DOCK_HTVS_1-001_lib
ATP-HTVS-676B1F951E41,HTVS,-3.61783858616856,运行/运行/ATP-VSW/ATP-VSW-DOCK_HTVS_1-001_lib/ATP-VSW-DOCK_HTVS_1-001_lib
ATP-HTVS-676B1F951E41,HTVS,-2.92204655762741,运行/运行/ATP-VSW/ATP-VSW-DOCK_HTVS_1-001_lib/ATP-VSW-DOCK_HTVS_1-001_lib
ATP-HTVS-676B1F951E41,HTVS,-2.8859889657514,运行/运行/ATP-VSW/ATP-VSW-DOCK_HTVS_1-001_lib/ATP-VSW-DOCK_HTVS_1-001_lib
ATP-HTVS-676B1F951E41,HTVS,-2.14825260907135,运行/运行/ATP-VSW/ATP-VSW-DOCK_HTVS_1-001_lib/ATP-VSW-DOCK_HTVS_1-001_lib
ATP-HTVS-676B1F951E41,HTVS,-1.67410677981401,运行/运行/ATP-VSW/ATP-VSW-DOCK_HTVS_1-001_lib/ATP-VSW-DOCK_HTVS_1-001_lib
ATP-HTVS-6778D00A26F1,HTVS,-4.02076398578119,运行/运行/ATP-VSW/ATP-VSW-DOCK_HTVS_1-001_lib/ATP-VSW-DOCK_HTVS_1-001_lib
ATP-HTVS-6778D00A26F1,HTVS,-3.61187888194667,运行/运行/ATP-VSW/ATP-VSW-DOCK_HTVS_1-001_lib/ATP-VSW-DOCK_HTVS_1-001_lib
ATP-HTVS-6778D00A26F1,HTVS,-1.45398596238908,运行/运行/ATP-VSW/ATP-VSW-DOCK_HTVS_1-001_lib/ATP-VSW-DOCK_HTVS_1-001_lib
ATP-HTVS-6778D00A26F1,HTVS,-1.41736533575805,运行/运行/ATP-VSW/ATP-VSW-DOCK_HTVS_1-001_lib/ATP-VSW-DOCK_HTVS_1-001_lib
ATP-HTVS-677D6479829E,HTVS,-1.53874169064262,运行/运行/ATP-VSW/ATP-VSW-DOCK_HTVS_1-002_lib.maegz
ATP-HTVS-677D6479829E,HTVS,-0.938389169793922,运行/运行/ATP-VSW/ATP-VSW-DOCK_HTVS_1-002_lib.maegz
ATP-HTVS-67830652660F,HTVS,-3.54475322945027,运行/运行/ATP-VSW/ATP-VSW-DOCK_HTVS_1-002_lib.maegz
ATP-HTVS-67830652660F,HTVS,-1.7715595421442,运行/运行/ATP-VSW/ATP-VSW-DOCK_HTVS_1-002_lib.maegz
ATP-HTVS-67B30DFDD52C,HTVS,-4.59460586724192,运行/运行/ATP-VSW/ATP-VSW-DOCK_HTVS_1-003_lib/ATP-VSW-DOCK_HTVS_1-003_lib.mae
ATP-HTVS-67B30DFDD52C,HTVS,-2.07909158995768,运行/运行/ATP-VSW/ATP-VSW-DOCK_HTVS_1-003_lib/ATP-VSW-DOCK_HTVS_1-003_lib.mae
ATP-HTVS-67E3C63FBC34,HTVS,-1.77896313754051,运行/运行/ATP-VSW/ATP-VSW-DOCK_HTVS_1-001_lib/ATP-VSW-DOCK_HTVS_1-001_lib
ATP-HTVS-67E3C63FBC34,HTVS,-1.47841249075298,运行/运行/ATP-VSW/ATP-VSW-DOCK_HTVS_1-001_lib/ATP-VSW-DOCK_HTVS_1-001_lib
ATP-HTVS-67F14CF2E487,HTVS,-4.57556517881541,运行/运行/ATP-VSW/ATP-VSW-DOCK_HTVS_1-001_lib/ATP-VSW-DOCK_HTVS_1-001_lib
ATP-HTVS-67F14CF2E487,HTVS,-0.998062609224214,运行/运行/ATP-VSW/ATP-VSW-DOCK_HTVS_1-001_lib/ATP-VSW-DOCK_HTVS_1-001_lib
ATP-HTVS-6804FBE9529D,HTVS,-4.41470929805527,运行/运行/ATP-VSW/ATP-VSW-DOCK_HTVS_1-001_lib/ATP-VSW-DOCK_HTVS_1-001_lib
ATP-HTVS-6804FBE9529D,HTVS,-2.42125808588562,运行/运行/ATP-VSW/ATP-VSW-DOCK_HTVS_1-001_lib/ATP-VSW-DOCK_HTVS_1-001_lib
ATP-HTVS-681E21A5C336,HTVS,-1.83227151274136,运行/运行/ATP-VSW/ATP-VSW-DOCK_HTVS_1-002_lib.maegz
ATP-HTVS-681E21A5C336,HTVS,-1.7680613882192,运行/运行/ATP-VSW/ATP-VSW-DOCK_HTVS_1-002_lib.maegz
ATP-HTVS-681E21A5C336,HTVS,0.126590373384249,运行/运行/ATP-VSW/ATP-VSW-DOCK_HTVS_1-002_lib.maegz
ATP-HTVS-681E21A5C336,HTVS,0.193874640677507,运行/运行/ATP-VSW/ATP-VSW-DOCK_HTVS_1-002_lib.maegz
ATP-HTVS-684B476D1E6A,HTVS,-3.82090535284981,运行/运行/ATP-VSW/ATP-VSW-DOCK_HTVS_1-002_lib.maegz
ATP-HTVS-684B476D1E6A,HTVS,-2.66781285428781,运行/运行/ATP-VSW/ATP-VSW-DOCK_HTVS_1-002_lib.maegz
ATP-HTVS-684B476D1E6A,HTVS,-2.12430169539487,运行/运行/ATP-VSW/ATP-VSW-DOCK_HTVS_1-002_lib.maegz
ATP-HTVS-68829DCC26F9,HTVS,-3.94739536879907,运行/运行/ATP-VSW/ATP-VSW-DOCK_HTVS_1-002_lib.maegz
ATP-HTVS-68829DCC26F9,HTVS,-2.9880617453209,运行/运行/ATP-VSW/ATP-VSW-DOCK_HTVS_1-002_lib.maegz
ATP-HTVS-68829DCC26F9,HTVS,-1.69324461195298,运行/运行/ATP-VSW/ATP-VSW-DOCK_HTVS_1-002_lib.maegz
ATP-HTVS-68B1DBF07479,HTVS,-4.41596673342604,运行/运行/ATP-VSW/ATP-VSW-DOCK_HTVS_1-002_lib.maegz
ATP-HTVS-68B1DBF07479,HTVS,-2.44266018430673,运行/运行/ATP-VSW/ATP-VSW-DOCK_HTVS_1-002_lib.maegz
ATP-HTVS-68B1DBF07479,HTVS,-2.27625154973449,运行/运行/ATP-VSW/ATP-VSW-DOCK_HTVS_1-002_lib.maegz
ATP-HTVS-69239F8CDE40,HTVS,-3.05381731133593,运行/运行/ATP-VSW/ATP-VSW-DOCK_HTVS_1-003_lib/ATP-VSW-DOCK_HTVS_1-003_lib.mae
ATP-HTVS-69239F8CDE40,HTVS,0.363388464344094,运行/运行/ATP-VSW/ATP-VSW-DOCK_HTVS_1-003_lib/ATP-VSW-DOCK_HTVS_1-003_lib.mae
ATP-HTVS-694143BD68F7,HTVS,-4.03896671740241,运行/运行/ATP-VSW/ATP-VSW-DOCK_HTVS_1-003_lib/ATP-VSW-DOCK_HTVS_1-003_lib.mae
ATP-HTVS-694143BD68F7,HTVS,-3.22941195975672,运行/运行/ATP-VSW/ATP-VSW-DOCK_HTVS_1-003_lib/ATP-VSW-DOCK_HTVS_1-003_lib.mae
ATP-HTVS-694143BD68F7,HTVS,-3.15389949194837,运行/运行/ATP-VSW/ATP-VSW-DOCK_HTVS_1-003_lib/ATP-VSW-DOCK_HTVS_1-003_lib.mae
ATP-HTVS-694143BD68F7,HTVS,-3.04296367569009,运行/运行/ATP-VSW/ATP-VSW-DOCK_HTVS_1-003_lib/ATP-VSW-DOCK_HTVS_1-003_lib.mae
ATP-HTVS-697A85B30C1D,HTVS,-1.88928429654037,运行/运行/ATP-VSW/ATP-VSW-DOCK_HTVS_1-001_lib/ATP-VSW-DOCK_HTVS_1-001_lib
ATP-HTVS-69A2FC5C8ACC,HTVS,-4.95097795180845,运行/运行/ATP-VSW/ATP-VSW-DOCK_HTVS_1-003_lib/ATP-VSW-DOCK_HTVS_1-003_lib.mae
ATP-HTVS-69A2FC5C8ACC,HTVS,-2.73612359140571,运行/运行/ATP-VSW/ATP-VSW-DOCK_HTVS_1-003_lib/ATP-VSW-DOCK_HTVS_1-003_lib.mae
ATP-HTVS-69AD6B8D3733,HTVS,-5.81187938311954,运行/运行/ATP-VSW/ATP-VSW-DOCK_HTVS_1-003_lib/ATP-VSW-DOCK_HTVS_1-003_lib.mae
ATP-HTVS-69AD6B8D3733,HTVS,-3.94489354488412,运行/运行/ATP-VSW/ATP-VSW-DOCK_HTVS_1-003_lib/ATP-VSW-DOCK_HTVS_1-003_lib.mae
ATP-HTVS-69AD6B8D3733,HTVS,-1.4992949183419,运行/运行/ATP-VSW/ATP-VSW-DOCK_HTVS_1-003_lib/ATP-VSW-DOCK_HTVS_1-003_lib.mae
ATP-HTVS-69DE697C6F69,HTVS,-4.07146256267476,运行/运行/ATP-VSW/ATP-VSW-DOCK_HTVS_1-002_lib.maegz
ATP-HTVS-69DE697C6F69,HTVS,-3.86911569318267,运行/运行/ATP-VSW/ATP-VSW-DOCK_HTVS_1-002_lib.maegz
ATP-HTVS-69DE697C6F69,HTVS,-1.37675909160024,运行/运行/ATP-VSW/ATP-VSW-DOCK_HTVS_1-002_lib.maegz
ATP-HTVS-69DE697C6F69,HTVS,-1.03256704600185,运行/运行/ATP-VSW/ATP-VSW-DOCK_HTVS_1-002_lib.maegz
ATP-HTVS-6A46373CBB09,HTVS,-3.37109203600224,运行/运行/ATP-VSW/ATP-VSW-DOCK_HTVS_1-002_lib.maegz
ATP-HTVS-6A46373CBB09,HTVS,-2.63557380035928,运行/运行/ATP-VSW/ATP-VSW-DOCK_HTVS_1-002_lib.maegz
ATP-HTVS-6A46373CBB09,HTVS,-2.22743190824165,运行/运行/ATP-VSW/ATP-VSW-DOCK_HTVS_1-002_lib.maegz
ATP-HTVS-6A46373CBB09,HTVS,-1.68425060259692,运行/运行/ATP-VSW/ATP-VSW-DOCK_HTVS_1-002_lib.maegz
ATP-HTVS-6A615EE15C98,HTVS,-4.26265472494235,运行/运行/ATP-VSW/ATP-VSW-DOCK_HTVS_1-002_lib.maegz
ATP-HTVS-6A615EE15C98,HTVS,-3.275450994136,运行/运行/ATP-VSW/ATP-VSW-DOCK_HTVS_1-002_lib.maegz
ATP-HTVS-6A632AA0CEB9,HTVS,-2.71843646918018,运行/运行/ATP-VSW/ATP-VSW-DOCK_HTVS_1-003_lib/ATP-VSW-DOCK_HTVS_1-003_lib.mae
ATP-HTVS-6A75058F52BE,HTVS,-4.84010222744144,运行/运行/ATP-VSW/ATP-VSW-DOCK_HTVS_1-001_lib/ATP-VSW-DOCK_HTVS_1-001_lib
ATP-HTVS-6A7606C4C92F,HTVS,-4.34154304727115,运行/运行/ATP-VSW/ATP-VSW-DOCK_HTVS_1-002_lib.maegz
ATP-HTVS-6A7606C4C92F,HTVS,-2.49237061953631,运行/运行/ATP-VSW/ATP-VSW-DOCK_HTVS_1-002_lib.maegz
ATP-HTVS-6A7606C4C92F,HTVS,-0.651442865825303,运行/运行/ATP-VSW/ATP-VSW-DOCK_HTVS_1-002_lib.maegz
ATP-HTVS-6A9F3E67E2B3,HTVS,-5.24384455386127,运行/运行/ATP-VSW/ATP-VSW-DOCK_HTVS_1-001_lib/ATP-VSW-DOCK_HTVS_1-001_lib
ATP-HTVS-6A9F3E67E2B3,HTVS,-4.16780402598404,运行/运行/ATP-VSW/ATP-VSW-DOCK_HTVS_1-001_lib/ATP-VSW-DOCK_HTVS_1-001_lib
ATP-HTVS-6A9F3E67E2B3,HTVS,-3.58236091096021,运行/运行/ATP-VSW/ATP-VSW-DOCK_HTVS_1-001_lib/ATP-VSW-DOCK_HTVS_1-001_lib
ATP-HTVS-6A9F3E67E2B3,HTVS,-1.39833222143638,运行/运行/ATP-VSW/ATP-VSW-DOCK_HTVS_1-001_lib/ATP-VSW-DOCK_HTVS_1-001_lib
ATP-HTVS-6AEF3DDEB613,HTVS,-2.44931978858572,运行/运行/ATP-VSW/ATP-VSW-DOCK_HTVS_1-001_lib/ATP-VSW-DOCK_HTVS_1-001_lib
ATP-HTVS-6B0687E57A6A,HTVS,-6.08880138359782,运行/运行/ATP-VSW/ATP-VSW-DOCK_HTVS_1-001_lib/ATP-VSW-DOCK_HTVS_1-001_lib
ATP-HTVS-6B0687E57A6A,HTVS,-5.99842345493781,运行/运行/ATP-VSW/ATP-VSW-DOCK_HTVS_1-001_lib/ATP-VSW-DOCK_HTVS_1-001_lib
ATP-HTVS-6B0687E57A6A,HTVS,-3.54958774321413,运行/运行/ATP-VSW/ATP-VSW-DOCK_HTVS_1-001_lib/ATP-VSW-DOCK_HTVS_1-001_lib
ATP-HTVS-6B0687E57A6A,HTVS,-2.41964694687342,运行/运行/ATP-VSW/ATP-VSW-DOCK_HTVS_1-001_lib/ATP-VSW-DOCK_HTVS_1-001_lib
ATP-HTVS-6B1624881868,HTVS,-4.13656720225586,运行/运行/ATP-VSW/ATP-VSW-DOCK_HTVS_1-003_lib/ATP-VSW-DOCK_HTVS_1-003_lib.mae
ATP-HTVS-6B1624881868,HTVS,-1.8463167778128,运行/运行/ATP-VSW/ATP-VSW-DOCK_HTVS_1-003_lib/ATP-VSW-DOCK_HTVS_1-003_lib.mae
ATP-HTVS-6B545AE439E8,HTVS,-4.40948614392813,运行/运行/ATP-VSW/ATP-VSW-DOCK_HTVS_1-001_lib/ATP-VSW-DOCK_HTVS_1-001_lib
ATP-HTVS-6B545AE439E8,HTVS,-0.259879882335279,运行/运行/ATP-VSW/ATP-VSW-DOCK_HTVS_1-001_lib/ATP-VSW-DOCK_HTVS_1-001_lib
ATP-HTVS-6B6B8E0C727E,HTVS,-4.18703629984588,运行/运行/ATP-VSW/ATP-VSW-DOCK_HTVS_1-003_lib/ATP-VSW-DOCK_HTVS_1-003_lib.mae
ATP-HTVS-6B6B8E0C727E,HTVS,-1.5551697290919,运行/运行/ATP-VSW/ATP-VSW-DOCK_HTVS_1-003_lib/ATP-VSW-DOCK_HTVS_1-003_lib.mae
ATP-HTVS-6B709F2DA304,HTVS,-2.03028213054911,运行/运行/ATP-VSW/ATP-VSW-DOCK_HTVS_1-003_lib/ATP-VSW-DOCK_HTVS_1-003_lib.mae
ATP-HTVS-6B709F2DA304,HTVS,-1.85392076538819,运行/运行/ATP-VSW/ATP-VSW-DOCK_HTVS_1-003_lib/ATP-VSW-DOCK_HTVS_1-003_lib.mae
ATP-HTVS-6BE395388015,HTVS,-1.36676737681333,运行/运行/ATP-VSW/ATP-VSW-DOCK_HTVS_1-002_lib.maegz
ATP-HTVS-6BE395388015,HTVS,-0.692711729890215,运行/运行/ATP-VSW/ATP-VSW-DOCK_HTVS_1-002_lib.maegz
ATP-HTVS-6BFC96102A75,HTVS,-1.68091476433484,运行/运行/ATP-VSW/ATP-VSW-DOCK_HTVS_1-001_lib/ATP-VSW-DOCK_HTVS_1-001_lib
ATP-HTVS-6C10A5B04019,HTVS,-1.51439635407655,运行/运行/ATP-VSW/ATP-VSW-DOCK_HTVS_1-003_lib/ATP-VSW-DOCK_HTVS_1-003_lib.mae
ATP-HTVS-6C50DB0A272F,HTVS,-4.30263290393674,运行/运行/ATP-VSW/ATP-VSW-DOCK_HTVS_1-002_lib.maegz
ATP-HTVS-6C50DB0A272F,HTVS,-4.02168490738181,运行/运行/ATP-VSW/ATP-VSW-DOCK_HTVS_1-002_lib.maegz
ATP-HTVS-6C50DB0A272F,HTVS,-2.11638037255297,运行/运行/ATP-VSW/ATP-VSW-DOCK_HTVS_1-002_lib.maegz
ATP-HTVS-6C50DB0A272F,HTVS,-1.40438876400261,运行/运行/ATP-VSW/ATP-VSW-DOCK_HTVS_1-002_lib.maegz
ATP-HTVS-6C7D9744EE21,HTVS,-4.69955578174187,运行/运行/ATP-VSW/ATP-VSW-DOCK_HTVS_1-002_lib.maegz
ATP-HTVS-6C7D9744EE21,HTVS,-3.12794689671687,运行/运行/ATP-VSW/ATP-VSW-DOCK_HTVS_1-002_lib.maegz
ATP-HTVS-6C953A1E72F9,HTVS,-5.08175360039616,运行/运行/ATP-VSW/ATP-VSW-DOCK_HTVS_1-002_lib.maegz
ATP-HTVS-6C953A1E72F9,HTVS,-5.02644609990287,运行/运行/ATP-VSW/ATP-VSW-DOCK_HTVS_1-002_lib.maegz
ATP-HTVS-6C953A1E72F9,HTVS,-2.376172087121,运行/运行/ATP-VSW/ATP-VSW-DOCK_HTVS_1-002_lib.maegz
ATP-HTVS-6C953A1E72F9,HTVS,-1.53804962609091,运行/运行/ATP-VSW/ATP-VSW-DOCK_HTVS_1-002_lib.maegz
ATP-HTVS-6C98FCD8FCFE,HTVS,-2.33099136472721,运行/运行/ATP-VSW/ATP-VSW-DOCK_HTVS_1-003_lib/ATP-VSW-DOCK_HTVS_1-003_lib.mae
ATP-HTVS-6C98FCD8FCFE,HTVS,-2.28612204059778,运行/运行/ATP-VSW/ATP-VSW-DOCK_HTVS_1-003_lib/ATP-VSW-DOCK_HTVS_1-003_lib.mae
ATP-HTVS-6CCE19BA0E53,HTVS,-3.93577551738666,运行/运行/ATP-VSW/ATP-VSW-DOCK_HTVS_1-003_lib/ATP-VSW-DOCK_HTVS_1-003_lib.mae
ATP-HTVS-6CCE19BA0E53,HTVS,-1.95035905831359,运行/运行/ATP-VSW/ATP-VSW-DOCK_HTVS_1-003_lib/ATP-VSW-DOCK_HTVS_1-003_lib.mae
ATP-HTVS-6D0E62C9397C,HTVS,-3.6815938860764,运行/运行/ATP-VSW/ATP-VSW-DOCK_HTVS_1-003_lib/ATP-VSW-DOCK_HTVS_1-003_lib.mae
ATP-HTVS-6D0E62C9397C,HTVS,-1.86965124117452,运行/运行/ATP-VSW/ATP-VSW-DOCK_HTVS_1-003_lib/ATP-VSW-DOCK_HTVS_1-003_lib.mae
ATP-HTVS-6D22B46DE244,HTVS,-4.48541249538658,运行/运行/ATP-VSW/ATP-VSW-DOCK_HTVS_1-001_lib/ATP-VSW-DOCK_HTVS_1-001_lib
ATP-HTVS-6D22B46DE244,HTVS,-1.59712291313066,运行/运行/ATP-VSW/ATP-VSW-DOCK_HTVS_1-001_lib/ATP-VSW-DOCK_HTVS_1-001_lib
ATP-HTVS-6D2ED4476584,HTVS,-4.00003509298641,运行/运行/ATP-VSW/ATP-VSW-DOCK_HTVS_1-003_lib/ATP-VSW-DOCK_HTVS_1-003_lib.mae
ATP-HTVS-6D2ED4476584,HTVS,-3.44135022329891,运行/运行/ATP-VSW/ATP-VSW-DOCK_HTVS_1-003_lib/ATP-VSW-DOCK_HTVS_1-003_lib.mae
ATP-HTVS-6D2ED4476584,HTVS,-2.18474593998068,运行/运行/ATP-VSW/ATP-VSW-DOCK_HTVS_1-003_lib/ATP-VSW-DOCK_HTVS_1-003_lib.mae
ATP-HTVS-6D4BCDFA1C91,HTVS,-5.09850908229164,运行/运行/ATP-VSW/ATP-VSW-DOCK_HTVS_1-001_lib/ATP-VSW-DOCK_HTVS_1-001_lib
ATP-HTVS-6D4BCDFA1C91,HTVS,-4.04609788153233,运行/运行/ATP-VSW/ATP-VSW-DOCK_HTVS_1-001_lib/ATP-VSW-DOCK_HTVS_1-001_lib
ATP-HTVS-6D7E0E0D5192,HTVS,-4.9844932944252,运行/运行/ATP-VSW/ATP-VSW-DOCK_HTVS_1-002_lib.maegz
ATP-HTVS-6D7E0E0D5192,HTVS,-4.74011673842533,运行/运行/ATP-VSW/ATP-VSW-DOCK_HTVS_1-002_lib.maegz
ATP-HTVS-6D7E0E0D5192,HTVS,-4.35542941205003,运行/运行/ATP-VSW/ATP-VSW-DOCK_HTVS_1-002_lib.maegz
ATP-HTVS-6D7E0E0D5192,HTVS,-3.76144757426157,运行/运行/ATP-VSW/ATP-VSW-DOCK_HTVS_1-002_lib.maegz
ATP-HTVS-6D7E0E0D5192,HTVS,-3.0168596793986,运行/运行/ATP-VSW/ATP-VSW-DOCK_HTVS_1-002_lib.maegz
ATP-HTVS-6D7E0E0D5192,HTVS,-2.51981957812543,运行/运行/ATP-VSW/ATP-VSW-DOCK_HTVS_1-002_lib.maegz
ATP-HTVS-6D7E0E0D5192,HTVS,-1.45128041998867,运行/运行/ATP-VSW/ATP-VSW-DOCK_HTVS_1-002_lib.maegz
ATP-HTVS-6E0FE1B5DEAA,HTVS,-1.95498268451728,运行/运行/ATP-VSW/ATP-VSW-DOCK_HTVS_1-001_lib/ATP-VSW-DOCK_HTVS_1-001_lib
ATP-HTVS-6E162A247368,HTVS,-3.47604211570554,运行/运行/ATP-VSW/ATP-VSW-DOCK_HTVS_1-001_lib/ATP-VSW-DOCK_HTVS_1-001_lib
ATP-HTVS-6E162A247368,HTVS,-1.30378907785713,运行/运行/ATP-VSW/ATP-VSW-DOCK_HTVS_1-001_lib/ATP-VSW-DOCK_HTVS_1-001_lib
ATP-HTVS-6E22C1143CC0,HTVS,-3.72830328205575,运行/运行/ATP-VSW/ATP-VSW-DOCK_HTVS_1-003_lib/ATP-VSW-DOCK_HTVS_1-003_lib.mae
ATP-HTVS-6E53E23A0DE7,HTVS,-4.88500832388325,运行/运行/ATP-VSW/ATP-VSW-DOCK_HTVS_1-003_lib/ATP-VSW-DOCK_HTVS_1-003_lib.mae
ATP-HTVS-6E53E23A0DE7,HTVS,-3.51163932488167,运行/运行/ATP-VSW/ATP-VSW-DOCK_HTVS_1-003_lib/ATP-VSW-DOCK_HTVS_1-003_lib.mae
ATP-HTVS-6E53E23A0DE7,HTVS,-2.5486518054418,运行/运行/ATP-VSW/ATP-VSW-DOCK_HTVS_1-003_lib/ATP-VSW-DOCK_HTVS_1-003_lib.mae
ATP-HTVS-6E53E23A0DE7,HTVS,-2.14144758958742,运行/运行/ATP-VSW/ATP-VSW-DOCK_HTVS_1-003_lib/ATP-VSW-DOCK_HTVS_1-003_lib.mae
ATP-HTVS-6E858FDBC7BE,HTVS,-3.98554458005606,运行/运行/ATP-VSW/ATP-VSW-DOCK_HTVS_1-002_lib.maegz
ATP-HTVS-6E87A6CCCD27,HTVS,-4.17570217850514,运行/运行/ATP-VSW/ATP-VSW-DOCK_HTVS_1-001_lib/ATP-VSW-DOCK_HTVS_1-001_lib
ATP-HTVS-6E87A6CCCD27,HTVS,-3.97742869658371,运行/运行/ATP-VSW/ATP-VSW-DOCK_HTVS_1-001_lib/ATP-VSW-DOCK_HTVS_1-001_lib
ATP-HTVS-6EB205788321,HTVS,-1.60752349582625,运行/运行/ATP-VSW/ATP-VSW-DOCK_HTVS_1-002_lib.maegz
ATP-HTVS-6EB205788321,HTVS,-1.48218346593841,运行/运行/ATP-VSW/ATP-VSW-DOCK_HTVS_1-002_lib.maegz
ATP-HTVS-6EB205788321,HTVS,-0.944112810960459,运行/运行/ATP-VSW/ATP-VSW-DOCK_HTVS_1-002_lib.maegz
ATP-HTVS-6EB205788321,HTVS,-0.687516611785512,运行/运行/ATP-VSW/ATP-VSW-DOCK_HTVS_1-002_lib.maegz
ATP-HTVS-6EB205788321,HTVS,-0.368033982786137,运行/运行/ATP-VSW/ATP-VSW-DOCK_HTVS_1-002_lib.maegz
ATP-HTVS-6EB205788321,HTVS,-0.195415001277437,运行/运行/ATP-VSW/ATP-VSW-DOCK_HTVS_1-002_lib.maegz
ATP-HTVS-6EB205788321,HTVS,0.323157237204337,运行/运行/ATP-VSW/ATP-VSW-DOCK_HTVS_1-002_lib.maegz
ATP-HTVS-6EB205788321,HTVS,0.70563335848834,运行/运行/ATP-VSW/ATP-VSW-DOCK_HTVS_1-002_lib.maegz
ATP-HTVS-6EF9F712D3BB,HTVS,-6.27229934947262,运行/运行/ATP-VSW/ATP-VSW-DOCK_HTVS_1-002_lib.maegz
ATP-HTVS-6EF9F712D3BB,HTVS,-3.38172489161098,运行/运行/ATP-VSW/ATP-VSW-DOCK_HTVS_1-002_lib.maegz
ATP-HTVS-6EF9F712D3BB,HTVS,-2.69509745678986,运行/运行/ATP-VSW/ATP-VSW-DOCK_HTVS_1-002_lib.maegz
ATP-HTVS-6EF9F712D3BB,HTVS,-0.49851899389729,运行/运行/ATP-VSW/ATP-VSW-DOCK_HTVS_1-002_lib.maegz
ATP-HTVS-6F05C87B1F67,HTVS,-2.24887284598629,运行/运行/ATP-VSW/ATP-VSW-DOCK_HTVS_1-001_lib/ATP-VSW-DOCK_HTVS_1-001_lib
ATP-HTVS-6F05C87B1F67,HTVS,-2.2021307297563,运行/运行/ATP-VSW/ATP-VSW-DOCK_HTVS_1-001_lib/ATP-VSW-DOCK_HTVS_1-001_lib
ATP-HTVS-6F07AE7177E0,HTVS,-5.8894698694767,运行/运行/ATP-VSW/ATP-VSW-DOCK_HTVS_1-001_lib/ATP-VSW-DOCK_HTVS_1-001_lib
ATP-HTVS-6F07AE7177E0,HTVS,-2.34788064276813,运行/运行/ATP-VSW/ATP-VSW-DOCK_HTVS_1-001_lib/ATP-VSW-DOCK_HTVS_1-001_lib
ATP-HTVS-6F07AE7177E0,HTVS,-1.98291048085275,运行/运行/ATP-VSW/ATP-VSW-DOCK_HTVS_1-001_lib/ATP-VSW-DOCK_HTVS_1-001_lib
ATP-HTVS-6F1494FEFC60,HTVS,-5.35850679518457,运行/运行/ATP-VSW/ATP-VSW-DOCK_HTVS_1-003_lib/ATP-VSW-DOCK_HTVS_1-003_lib.mae
ATP-HTVS-6F1494FEFC60,HTVS,-3.59517376692006,运行/运行/ATP-VSW/ATP-VSW-DOCK_HTVS_1-003_lib/ATP-VSW-DOCK_HTVS_1-003_lib.mae
ATP-HTVS-6F734E803CC4,HTVS,-3.31592375333773,运行/运行/ATP-VSW/ATP-VSW-DOCK_HTVS_1-001_lib/ATP-VSW-DOCK_HTVS_1-001_lib
ATP-HTVS-6F734E803CC4,HTVS,-3.15537420268453,运行/运行/ATP-VSW/ATP-VSW-DOCK_HTVS_1-001_lib/ATP-VSW-DOCK_HTVS_1-001_lib
ATP-HTVS-6F858A0E8812,HTVS,-5.74835431316884,运行/运行/ATP-VSW/ATP-VSW-DOCK_HTVS_1-003_lib/ATP-VSW-DOCK_HTVS_1-003_lib.mae
ATP-HTVS-6F858A0E8812,HTVS,-5.65782105276333,运行/运行/ATP-VSW/ATP-VSW-DOCK_HTVS_1-003_lib/ATP-VSW-DOCK_HTVS_1-003_lib.mae
ATP-HTVS-6F858A0E8812,HTVS,-2.69353422877806,运行/运行/ATP-VSW/ATP-VSW-DOCK_HTVS_1-003_lib/ATP-VSW-DOCK_HTVS_1-003_lib.mae
ATP-HTVS-6F858A0E8812,HTVS,-2.64409421883934,运行/运行/ATP-VSW/ATP-VSW-DOCK_HTVS_1-003_lib/ATP-VSW-DOCK_HTVS_1-003_lib.mae
ATP-HTVS-6FE04A77CC41,HTVS,-5.24355766827584,运行/运行/ATP-VSW/ATP-VSW-DOCK_HTVS_1-001_lib/ATP-VSW-DOCK_HTVS_1-001_lib
ATP-HTVS-6FE04A77CC41,HTVS,-2.42183211097882,运行/运行/ATP-VSW/ATP-VSW-DOCK_HTVS_1-001_lib/ATP-VSW-DOCK_HTVS_1-001_lib
ATP-HTVS-702B49CD2E82,HTVS,-3.57940560478986,运行/运行/ATP-VSW/ATP-VSW-DOCK_HTVS_1-003_lib/ATP-VSW-DOCK_HTVS_1-003_lib.mae
ATP-HTVS-7075BC6FC110,HTVS,-4.74222818605179,运行/运行/ATP-VSW/ATP-VSW-DOCK_HTVS_1-003_lib/ATP-VSW-DOCK_HTVS_1-003_lib.mae
ATP-HTVS-7075BC6FC110,HTVS,-2.71407507575631,运行/运行/ATP-VSW/ATP-VSW-DOCK_HTVS_1-003_lib/ATP-VSW-DOCK_HTVS_1-003_lib.mae
ATP-HTVS-708569B81B35,HTVS,-4.2478476367007,运行/运行/ATP-VSW/ATP-VSW-DOCK_HTVS_1-001_lib/ATP-VSW-DOCK_HTVS_1-001_lib
ATP-HTVS-708569B81B35,HTVS,-3.16208145140245,运行/运行/ATP-VSW/ATP-VSW-DOCK_HTVS_1-001_lib/ATP-VSW-DOCK_HTVS_1-001_lib
ATP-HTVS-708569B81B35,HTVS,-2.29535045977711,运行/运行/ATP-VSW/ATP-VSW-DOCK_HTVS_1-001_lib/ATP-VSW-DOCK_HTVS_1-001_lib
ATP-HTVS-70C7181F988B,HTVS,-3.59148496402518,运行/运行/ATP-VSW/ATP-VSW-DOCK_HTVS_1-002_lib.maegz
ATP-HTVS-70C7181F988B,HTVS,-1.4424521170296,运行/运行/ATP-VSW/ATP-VSW-DOCK_HTVS_1-002_lib.maegz
ATP-HTVS-70E37A6C21BA,HTVS,-4.35087995786348,运行/运行/ATP-VSW/ATP-VSW-DOCK_HTVS_1-003_lib/ATP-VSW-DOCK_HTVS_1-003_lib.mae
ATP-HTVS-70E37A6C21BA,HTVS,-3.61454389667617,运行/运行/ATP-VSW/ATP-VSW-DOCK_HTVS_1-003_lib/ATP-VSW-DOCK_HTVS_1-003_lib.mae
ATP-HTVS-70E37A6C21BA,HTVS,-2.73522130501065,运行/运行/ATP-VSW/ATP-VSW-DOCK_HTVS_1-003_lib/ATP-VSW-DOCK_HTVS_1-003_lib.mae
ATP-HTVS-70E37A6C21BA,HTVS,-2.54277771338338,运行/运行/ATP-VSW/ATP-VSW-DOCK_HTVS_1-003_lib/ATP-VSW-DOCK_HTVS_1-003_lib.mae
ATP-HTVS-7191B1059E2A,HTVS,-3.50652486081889,运行/运行/ATP-VSW/ATP-VSW-DOCK_HTVS_1-001_lib/ATP-VSW-DOCK_HTVS_1-001_lib
ATP-HTVS-7191B1059E2A,HTVS,-1.24139638811539,运行/运行/ATP-VSW/ATP-VSW-DOCK_HTVS_1-001_lib/ATP-VSW-DOCK_HTVS_1-001_lib
ATP-HTVS-71BAC3B18036,HTVS,-3.52001493936005,运行/运行/ATP-VSW/ATP-VSW-DOCK_HTVS_1-003_lib/ATP-VSW-DOCK_HTVS_1-003_lib.mae
ATP-HTVS-71BAC3B18036,HTVS,-2.89661461785785,运行/运行/ATP-VSW/ATP-VSW-DOCK_HTVS_1-003_lib/ATP-VSW-DOCK_HTVS_1-003_lib.mae
ATP-HTVS-71BF5DD28E53,HTVS,-2.57161786217853,运行/运行/ATP-VSW/ATP-VSW-DOCK_HTVS_1-001_lib/ATP-VSW-DOCK_HTVS_1-001_lib
ATP-HTVS-71BF5DD28E53,HTVS,-1.02608921991653,运行/运行/ATP-VSW/ATP-VSW-DOCK_HTVS_1-001_lib/ATP-VSW-DOCK_HTVS_1-001_lib
ATP-HTVS-71D6C35FE659,HTVS,-3.36599142927644,运行/运行/ATP-VSW/ATP-VSW-DOCK_HTVS_1-002_lib.maegz
ATP-HTVS-7201DD4C282A,HTVS,-4.54898540263524,运行/运行/ATP-VSW/ATP-VSW-DOCK_HTVS_1-001_lib/ATP-VSW-DOCK_HTVS_1-001_lib
ATP-HTVS-7201DD4C282A,HTVS,-3.03466341604994,运行/运行/ATP-VSW/ATP-VSW-DOCK_HTVS_1-001_lib/ATP-VSW-DOCK_HTVS_1-001_lib
ATP-HTVS-72573E055255,HTVS,-3.92562679842299,运行/运行/ATP-VSW/ATP-VSW-DOCK_HTVS_1-003_lib/ATP-VSW-DOCK_HTVS_1-003_lib.mae
ATP-HTVS-72573E055255,HTVS,-3.62702803493265,运行/运行/ATP-VSW/ATP-VSW-DOCK_HTVS_1-003_lib/ATP-VSW-DOCK_HTVS_1-003_lib.mae
ATP-HTVS-72B2F4D4EA61,HTVS,-4.91391215989633,运行/运行/ATP-VSW/ATP-VSW-DOCK_HTVS_1-003_lib/ATP-VSW-DOCK_HTVS_1-003_lib.mae
ATP-HTVS-72B2F4D4EA61,HTVS,-4.41126247828019,运行/运行/ATP-VSW/ATP-VSW-DOCK_HTVS_1-003_lib/ATP-VSW-DOCK_HTVS_1-003_lib.mae
ATP-HTVS-72B2F4D4EA61,HTVS,-4.21586312724823,运行/运行/ATP-VSW/ATP-VSW-DOCK_HTVS_1-003_lib/ATP-VSW-DOCK_HTVS_1-003_lib.mae
ATP-HTVS-72B2F4D4EA61,HTVS,-3.98093519683758,运行/运行/ATP-VSW/ATP-VSW-DOCK_HTVS_1-003_lib/ATP-VSW-DOCK_HTVS_1-003_lib.mae
ATP-HTVS-72B2F4D4EA61,HTVS,-2.89544404184695,运行/运行/ATP-VSW/ATP-VSW-DOCK_HTVS_1-003_lib/ATP-VSW-DOCK_HTVS_1-003_lib.mae
ATP-HTVS-72B2F4D4EA61,HTVS,-2.66549716121092,运行/运行/ATP-VSW/ATP-VSW-DOCK_HTVS_1-003_lib/ATP-VSW-DOCK_HTVS_1-003_lib.mae
ATP-HTVS-72B2F4D4EA61,HTVS,-2.40128339934148,运行/运行/ATP-VSW/ATP-VSW-DOCK_HTVS_1-003_lib/ATP-VSW-DOCK_HTVS_1-003_lib.mae
ATP-HTVS-72B2F4D4EA61,HTVS,-1.67203851929097,运行/运行/ATP-VSW/ATP-VSW-DOCK_HTVS_1-003_lib/ATP-VSW-DOCK_HTVS_1-003_lib.mae
ATP-HTVS-72BD9FFCF62D,HTVS,-5.81227878859071,运行/运行/ATP-VSW/ATP-VSW-DOCK_HTVS_1-002_lib.maegz
ATP-HTVS-72BD9FFCF62D,HTVS,-4.23809663141596,运行/运行/ATP-VSW/ATP-VSW-DOCK_HTVS_1-002_lib.maegz
ATP-HTVS-72BD9FFCF62D,HTVS,-4.04666918527807,运行/运行/ATP-VSW/ATP-VSW-DOCK_HTVS_1-002_lib.maegz
ATP-HTVS-72BD9FFCF62D,HTVS,-3.48557031332592,运行/运行/ATP-VSW/ATP-VSW-DOCK_HTVS_1-002_lib.maegz
ATP-HTVS-72BD9FFCF62D,HTVS,-3.05472745349138,运行/运行/ATP-VSW/ATP-VSW-DOCK_HTVS_1-002_lib.maegz
ATP-HTVS-72BD9FFCF62D,HTVS,-1.44188059576803,运行/运行/ATP-VSW/ATP-VSW-DOCK_HTVS_1-002_lib.maegz
ATP-HTVS-72D66A1ED57F,HTVS,-4.22519133387632,运行/运行/ATP-VSW/ATP-VSW-DOCK_HTVS_1-001_lib/ATP-VSW-DOCK_HTVS_1-001_lib
ATP-HTVS-72E6B3102DA2,HTVS,-1.61026209167292,运行/运行/ATP-VSW/ATP-VSW-DOCK_HTVS_1-001_lib/ATP-VSW-DOCK_HTVS_1-001_lib
ATP-HTVS-7317133B38FB,HTVS,-4.41507729181029,运行/运行/ATP-VSW/ATP-VSW-DOCK_HTVS_1-002_lib.maegz
ATP-HTVS-7317133B38FB,HTVS,-3.0954161346876,运行/运行/ATP-VSW/ATP-VSW-DOCK_HTVS_1-002_lib.maegz
ATP-HTVS-7317133B38FB,HTVS,-2.11123176068444,运行/运行/ATP-VSW/ATP-VSW-DOCK_HTVS_1-002_lib.maegz
ATP-HTVS-7317133B38FB,HTVS,-1.12289411898988,运行/运行/ATP-VSW/ATP-VSW-DOCK_HTVS_1-002_lib.maegz
ATP-HTVS-7317133B38FB,HTVS,-1.0309140195591,运行/运行/ATP-VSW/ATP-VSW-DOCK_HTVS_1-002_lib.maegz
ATP-HTVS-7317133B38FB,HTVS,-0.391449995938641,运行/运行/ATP-VSW/ATP-VSW-DOCK_HTVS_1-002_lib.maegz
ATP-HTVS-73425E104865,HTVS,-4.28499138555534,运行/运行/ATP-VSW/ATP-VSW-DOCK_HTVS_1-002_lib.maegz
ATP-HTVS-73425E104865,HTVS,-2.56627330610671,运行/运行/ATP-VSW/ATP-VSW-DOCK_HTVS_1-002_lib.maegz
ATP-HTVS-736CCC940701,HTVS,-4.63018250986832,运行/运行/ATP-VSW/ATP-VSW-DOCK_HTVS_1-001_lib/ATP-VSW-DOCK_HTVS_1-001_lib
ATP-HTVS-736CCC940701,HTVS,-3.54415467023668,运行/运行/ATP-VSW/ATP-VSW-DOCK_HTVS_1-001_lib/ATP-VSW-DOCK_HTVS_1-001_lib
ATP-HTVS-736CCC940701,HTVS,-1.83926000897457,运行/运行/ATP-VSW/ATP-VSW-DOCK_HTVS_1-001_lib/ATP-VSW-DOCK_HTVS_1-001_lib
ATP-HTVS-738A9E09AC53,HTVS,-3.47106866595984,运行/运行/ATP-VSW/ATP-VSW-DOCK_HTVS_1-002_lib.maegz
ATP-HTVS-7398D4493E72,HTVS,-5.00867591595487,运行/运行/ATP-VSW/ATP-VSW-DOCK_HTVS_1-001_lib/ATP-VSW-DOCK_HTVS_1-001_lib
ATP-HTVS-7398D4493E72,HTVS,-4.9567268819093,运行/运行/ATP-VSW/ATP-VSW-DOCK_HTVS_1-001_lib/ATP-VSW-DOCK_HTVS_1-001_lib
ATP-HTVS-7398D4493E72,HTVS,-1.75470157252728,运行/运行/ATP-VSW/ATP-VSW-DOCK_HTVS_1-001_lib/ATP-VSW-DOCK_HTVS_1-001_lib
ATP-HTVS-7398D4493E72,HTVS,-0.721053178798306,运行/运行/ATP-VSW/ATP-VSW-DOCK_HTVS_1-001_lib/ATP-VSW-DOCK_HTVS_1-001_lib
ATP-HTVS-73D804AB38E4,HTVS,-3.71118681470914,运行/运行/ATP-VSW/ATP-VSW-DOCK_HTVS_1-003_lib/ATP-VSW-DOCK_HTVS_1-003_lib.mae
ATP-HTVS-73D804AB38E4,HTVS,-3.15521858249635,运行/运行/ATP-VSW/ATP-VSW-DOCK_HTVS_1-003_lib/ATP-VSW-DOCK_HTVS_1-003_lib.mae
ATP-HTVS-73D804AB38E4,HTVS,-1.83726127145892,运行/运行/ATP-VSW/ATP-VSW-DOCK_HTVS_1-003_lib/ATP-VSW-DOCK_HTVS_1-003_lib.mae
ATP-HTVS-7418424385E1,HTVS,-3.69780098901514,运行/运行/ATP-VSW/ATP-VSW-DOCK_HTVS_1-003_lib/ATP-VSW-DOCK_HTVS_1-003_lib.mae
ATP-HTVS-7418424385E1,HTVS,-2.21004844464729,运行/运行/ATP-VSW/ATP-VSW-DOCK_HTVS_1-003_lib/ATP-VSW-DOCK_HTVS_1-003_lib.mae
ATP-HTVS-74641C70E223,HTVS,-4.07128760060566,运行/运行/ATP-VSW/ATP-VSW-DOCK_HTVS_1-002_lib.maegz
ATP-HTVS-74641C70E223,HTVS,-2.61257440482373,运行/运行/ATP-VSW/ATP-VSW-DOCK_HTVS_1-002_lib.maegz
ATP-HTVS-74641C70E223,HTVS,-2.41006309005696,运行/运行/ATP-VSW/ATP-VSW-DOCK_HTVS_1-002_lib.maegz
ATP-HTVS-74C5B06FA80B,HTVS,-4.00048611288079,运行/运行/ATP-VSW/ATP-VSW-DOCK_HTVS_1-003_lib/ATP-VSW-DOCK_HTVS_1-003_lib.mae
ATP-HTVS-74C5B06FA80B,HTVS,-3.86919322844387,运行/运行/ATP-VSW/ATP-VSW-DOCK_HTVS_1-003_lib/ATP-VSW-DOCK_HTVS_1-003_lib.mae
ATP-HTVS-74C5B06FA80B,HTVS,-3.5662507027556,运行/运行/ATP-VSW/ATP-VSW-DOCK_HTVS_1-003_lib/ATP-VSW-DOCK_HTVS_1-003_lib.mae
ATP-HTVS-74C5B06FA80B,HTVS,-3.45712560507566,运行/运行/ATP-VSW/ATP-VSW-DOCK_HTVS_1-003_lib/ATP-VSW-DOCK_HTVS_1-003_lib.mae
ATP-HTVS-74C5B06FA80B,HTVS,-1.82976245777072,运行/运行/ATP-VSW/ATP-VSW-DOCK_HTVS_1-003_lib/ATP-VSW-DOCK_HTVS_1-003_lib.mae
ATP-HTVS-74C5B06FA80B,HTVS,-1.08425076984621,运行/运行/ATP-VSW/ATP-VSW-DOCK_HTVS_1-003_lib/ATP-VSW-DOCK_HTVS_1-003_lib.mae
ATP-HTVS-74E2CC654FC3,HTVS,-4.29443214148555,运行/运行/ATP-VSW/ATP-VSW-DOCK_HTVS_1-002_lib.maegz
ATP-HTVS-750E4CFCB0FA,HTVS,-3.5320177631311,运行/运行/ATP-VSW/ATP-VSW-DOCK_HTVS_1-002_lib.maegz
ATP-HTVS-750E4CFCB0FA,HTVS,-1.41906414647888,运行/运行/ATP-VSW/ATP-VSW-DOCK_HTVS_1-002_lib.maegz
ATP-HTVS-7598FFEE7603,HTVS,-3.31860378293044,运行/运行/ATP-VSW/ATP-VSW-DOCK_HTVS_1-003_lib/ATP-VSW-DOCK_HTVS_1-003_lib.mae
ATP-HTVS-7598FFEE7603,HTVS,-1.34154758683531,运行/运行/ATP-VSW/ATP-VSW-DOCK_HTVS_1-003_lib/ATP-VSW-DOCK_HTVS_1-003_lib.mae
ATP-HTVS-7598FFEE7603,HTVS,-1.19365767209328,运行/运行/ATP-VSW/ATP-VSW-DOCK_HTVS_1-003_lib/ATP-VSW-DOCK_HTVS_1-003_lib.mae
ATP-HTVS-75A4DAB7424E,HTVS,-4.68169985382182,运行/运行/ATP-VSW/ATP-VSW-DOCK_HTVS_1-001_lib/ATP-VSW-DOCK_HTVS_1-001_lib
ATP-HTVS-75A4DAB7424E,HTVS,-4.17129965478467,运行/运行/ATP-VSW/ATP-VSW-DOCK_HTVS_1-001_lib/ATP-VSW-DOCK_HTVS_1-001_lib
ATP-HTVS-75AC094BF9E0,HTVS,-3.90237637645863,运行/运行/ATP-VSW/ATP-VSW-DOCK_HTVS_1-003_lib/ATP-VSW-DOCK_HTVS_1-003_lib.mae
ATP-HTVS-75AC094BF9E0,HTVS,-1.23640464176218,运行/运行/ATP-VSW/ATP-VSW-DOCK_HTVS_1-003_lib/ATP-VSW-DOCK_HTVS_1-003_lib.mae
ATP-HTVS-75AC094BF9E0,HTVS,-1.12810376275993,运行/运行/ATP-VSW/ATP-VSW-DOCK_HTVS_1-003_lib/ATP-VSW-DOCK_HTVS_1-003_lib.mae
ATP-HTVS-75B300C751D2,HTVS,-4.36361801713931,运行/运行/ATP-VSW/ATP-VSW-DOCK_HTVS_1-002_lib.maegz
ATP-HTVS-75B300C751D2,HTVS,-3.94942824485272,运行/运行/ATP-VSW/ATP-VSW-DOCK_HTVS_1-002_lib.maegz
ATP-HTVS-75B300C751D2,HTVS,-3.62389370889932,运行/运行/ATP-VSW/ATP-VSW-DOCK_HTVS_1-002_lib.maegz
ATP-HTVS-75F52EFCCD23,HTVS,-3.60273850692444,运行/运行/ATP-VSW/ATP-VSW-DOCK_HTVS_1-001_lib/ATP-VSW-DOCK_HTVS_1-001_lib
ATP-HTVS-76416D54A342,HTVS,-1.56425662177434,运行/运行/ATP-VSW/ATP-VSW-DOCK_HTVS_1-003_lib/ATP-VSW-DOCK_HTVS_1-003_lib.mae
ATP-HTVS-76416D54A342,HTVS,-1.44820987156431,运行/运行/ATP-VSW/ATP-VSW-DOCK_HTVS_1-003_lib/ATP-VSW-DOCK_HTVS_1-003_lib.mae
ATP-HTVS-767E37D8A78C,HTVS,-3.33590904639428,运行/运行/ATP-VSW/ATP-VSW-DOCK_HTVS_1-002_lib.maegz
ATP-HTVS-767E37D8A78C,HTVS,-2.16497666552447,运行/运行/ATP-VSW/ATP-VSW-DOCK_HTVS_1-002_lib.maegz
ATP-HTVS-7694DCD97798,HTVS,-3.91202102521058,运行/运行/ATP-VSW/ATP-VSW-DOCK_HTVS_1-003_lib/ATP-VSW-DOCK_HTVS_1-003_lib.mae
ATP-HTVS-76CE1997AF40,HTVS,-4.09464764435884,运行/运行/ATP-VSW/ATP-VSW-DOCK_HTVS_1-003_lib/ATP-VSW-DOCK_HTVS_1-003_lib.mae
ATP-HTVS-76CE1997AF40,HTVS,-2.47815510158432,运行/运行/ATP-VSW/ATP-VSW-DOCK_HTVS_1-003_lib/ATP-VSW-DOCK_HTVS_1-003_lib.mae
ATP-HTVS-76EB0BEAC1B9,HTVS,-4.07456484266098,运行/运行/ATP-VSW/ATP-VSW-DOCK_HTVS_1-001_lib/ATP-VSW-DOCK_HTVS_1-001_lib
ATP-HTVS-76EB0BEAC1B9,HTVS,-1.97401595244806,运行/运行/ATP-VSW/ATP-VSW-DOCK_HTVS_1-001_lib/ATP-VSW-DOCK_HTVS_1-001_lib
ATP-HTVS-76EB0BEAC1B9,HTVS,-1.90515072688714,运行/运行/ATP-VSW/ATP-VSW-DOCK_HTVS_1-001_lib/ATP-VSW-DOCK_HTVS_1-001_lib
ATP-HTVS-772EF906400E,HTVS,-5.7472783149045,运行/运行/ATP-VSW/ATP-VSW-DOCK_HTVS_1-002_lib.maegz
ATP-HTVS-772EF906400E,HTVS,-5.38675753008255,运行/运行/ATP-VSW/ATP-VSW-DOCK_HTVS_1-002_lib.maegz
ATP-HTVS-772EF906400E,HTVS,-1.97609377549137,运行/运行/ATP-VSW/ATP-VSW-DOCK_HTVS_1-002_lib.maegz
ATP-HTVS-773D20A649CC,HTVS,-2.3269318805952,运行/运行/ATP-VSW/ATP-VSW-DOCK_HTVS_1-001_lib/ATP-VSW-DOCK_HTVS_1-001_lib
ATP-HTVS-7743C5ABCFDD,HTVS,-3.20517045360338,运行/运行/ATP-VSW/ATP-VSW-DOCK_HTVS_1-003_lib/ATP-VSW-DOCK_HTVS_1-003_lib.mae
ATP-HTVS-7743C5ABCFDD,HTVS,-1.00928302996528,运行/运行/ATP-VSW/ATP-VSW-DOCK_HTVS_1-003_lib/ATP-VSW-DOCK_HTVS_1-003_lib.mae
ATP-HTVS-7752C713B971,HTVS,-5.14328146211405,运行/运行/ATP-VSW/ATP-VSW-DOCK_HTVS_1-002_lib.maegz
ATP-HTVS-7752C713B971,HTVS,-4.25435971768154,运行/运行/ATP-VSW/ATP-VSW-DOCK_HTVS_1-002_lib.maegz
ATP-HTVS-776FBC5F0312,HTVS,-4.1395812723486,运行/运行/ATP-VSW/ATP-VSW-DOCK_HTVS_1-003_lib/ATP-VSW-DOCK_HTVS_1-003_lib.mae
ATP-HTVS-776FBC5F0312,HTVS,-3.91582402078114,运行/运行/ATP-VSW/ATP-VSW-DOCK_HTVS_1-003_lib/ATP-VSW-DOCK_HTVS_1-003_lib.mae
ATP-HTVS-776FBC5F0312,HTVS,-0.772672423510702,运行/运行/ATP-VSW/ATP-VSW-DOCK_HTVS_1-003_lib/ATP-VSW-DOCK_HTVS_1-003_lib.mae
ATP-HTVS-77ED8C900CC0,HTVS,-4.90849767233527,运行/运行/ATP-VSW/ATP-VSW-DOCK_HTVS_1-003_lib/ATP-VSW-DOCK_HTVS_1-003_lib.mae
ATP-HTVS-77ED8C900CC0,HTVS,-4.47396327481076,运行/运行/ATP-VSW/ATP-VSW-DOCK_HTVS_1-003_lib/ATP-VSW-DOCK_HTVS_1-003_lib.mae
ATP-HTVS-77ED8C900CC0,HTVS,-3.87724297527733,运行/运行/ATP-VSW/ATP-VSW-DOCK_HTVS_1-003_lib/ATP-VSW-DOCK_HTVS_1-003_lib.mae
ATP-HTVS-77ED8C900CC0,HTVS,-3.77283852374944,运行/运行/ATP-VSW/ATP-VSW-DOCK_HTVS_1-003_lib/ATP-VSW-DOCK_HTVS_1-003_lib.mae
ATP-HTVS-77ED8C900CC0,HTVS,-3.30199801022294,运行/运行/ATP-VSW/ATP-VSW-DOCK_HTVS_1-003_lib/ATP-VSW-DOCK_HTVS_1-003_lib.mae
ATP-HTVS-77ED8C900CC0,HTVS,-3.29688509970883,运行/运行/ATP-VSW/ATP-VSW-DOCK_HTVS_1-003_lib/ATP-VSW-DOCK_HTVS_1-003_lib.mae
ATP-HTVS-77ED8C900CC0,HTVS,-2.97045185948726,运行/运行/ATP-VSW/ATP-VSW-DOCK_HTVS_1-003_lib/ATP-VSW-DOCK_HTVS_1-003_lib.mae
ATP-HTVS-77ED8C900CC0,HTVS,-2.4825937856649,运行/运行/ATP-VSW/ATP-VSW-DOCK_HTVS_1-003_lib/ATP-VSW-DOCK_HTVS_1-003_lib.mae
ATP-HTVS-77F3EA8C01D2,HTVS,-4.46870218514675,运行/运行/ATP-VSW/ATP-VSW-DOCK_HTVS_1-002_lib.maegz
ATP-HTVS-77F3EA8C01D2,HTVS,-3.35407727813891,运行/运行/ATP-VSW/ATP-VSW-DOCK_HTVS_1-002_lib.maegz
ATP-HTVS-77F3EA8C01D2,HTVS,-3.13599025262217,运行/运行/ATP-VSW/ATP-VSW-DOCK_HTVS_1-002_lib.maegz
ATP-HTVS-77F3EA8C01D2,HTVS,-3.11682000885603,运行/运行/ATP-VSW/ATP-VSW-DOCK_HTVS_1-002_lib.maegz
ATP-HTVS-77F3EA8C01D2,HTVS,-1.92531303749452,运行/运行/ATP-VSW/ATP-VSW-DOCK_HTVS_1-002_lib.maegz
ATP-HTVS-77F3EA8C01D2,HTVS,-1.45884019228117,运行/运行/ATP-VSW/ATP-VSW-DOCK_HTVS_1-002_lib.maegz
ATP-HTVS-780990BE0E68,HTVS,-6.80803117503607,运行/运行/ATP-VSW/ATP-VSW-DOCK_HTVS_1-003_lib/ATP-VSW-DOCK_HTVS_1-003_lib.mae
ATP-HTVS-780990BE0E68,HTVS,-4.4253921442643,运行/运行/ATP-VSW/ATP-VSW-DOCK_HTVS_1-003_lib/ATP-VSW-DOCK_HTVS_1-003_lib.mae
ATP-HTVS-780990BE0E68,HTVS,-3.66969958890122,运行/运行/ATP-VSW/ATP-VSW-DOCK_HTVS_1-003_lib/ATP-VSW-DOCK_HTVS_1-003_lib.mae
ATP-HTVS-780990BE0E68,HTVS,-1.92173454701096,运行/运行/ATP-VSW/ATP-VSW-DOCK_HTVS_1-003_lib/ATP-VSW-DOCK_HTVS_1-003_lib.mae
ATP-HTVS-7820955A714C,HTVS,-5.31391102473887,运行/运行/ATP-VSW/ATP-VSW-DOCK_HTVS_1-002_lib.maegz
ATP-HTVS-7820955A714C,HTVS,-5.0355999868,运行/运行/ATP-VSW/ATP-VSW-DOCK_HTVS_1-002_lib.maegz
ATP-HTVS-78252FECAF69,HTVS,-4.83265705311331,运行/运行/ATP-VSW/ATP-VSW-DOCK_HTVS_1-003_lib/ATP-VSW-DOCK_HTVS_1-003_lib.mae
ATP-HTVS-78252FECAF69,HTVS,-2.31693039687273,运行/运行/ATP-VSW/ATP-VSW-DOCK_HTVS_1-003_lib/ATP-VSW-DOCK_HTVS_1-003_lib.mae
ATP-HTVS-78252FECAF69,HTVS,-1.90331624114872,运行/运行/ATP-VSW/ATP-VSW-DOCK_HTVS_1-003_lib/ATP-VSW-DOCK_HTVS_1-003_lib.mae
ATP-HTVS-792F02E01A4E,HTVS,-2.13154706187298,运行/运行/ATP-VSW/ATP-VSW-DOCK_HTVS_1-001_lib/ATP-VSW-DOCK_HTVS_1-001_lib
ATP-HTVS-794646D3B9C8,HTVS,-2.75290965763502,运行/运行/ATP-VSW/ATP-VSW-DOCK_HTVS_1-001_lib/ATP-VSW-DOCK_HTVS_1-001_lib
ATP-HTVS-794646D3B9C8,HTVS,-1.78797580167536,运行/运行/ATP-VSW/ATP-VSW-DOCK_HTVS_1-001_lib/ATP-VSW-DOCK_HTVS_1-001_lib
ATP-HTVS-795FA74A51DE,HTVS,-5.39740696215501,运行/运行/ATP-VSW/ATP-VSW-DOCK_HTVS_1-001_lib/ATP-VSW-DOCK_HTVS_1-001_lib
ATP-HTVS-795FA74A51DE,HTVS,-5.06977318827234,运行/运行/ATP-VSW/ATP-VSW-DOCK_HTVS_1-001_lib/ATP-VSW-DOCK_HTVS_1-001_lib
ATP-HTVS-795FA74A51DE,HTVS,-3.36556129342922,运行/运行/ATP-VSW/ATP-VSW-DOCK_HTVS_1-001_lib/ATP-VSW-DOCK_HTVS_1-001_lib
ATP-HTVS-795FA74A51DE,HTVS,-2.75948995705264,运行/运行/ATP-VSW/ATP-VSW-DOCK_HTVS_1-001_lib/ATP-VSW-DOCK_HTVS_1-001_lib
ATP-HTVS-79A32C942736,HTVS,-2.6041470784389,运行/运行/ATP-VSW/ATP-VSW-DOCK_HTVS_1-002_lib.maegz
ATP-HTVS-79A32C942736,HTVS,-2.22807561380259,运行/运行/ATP-VSW/ATP-VSW-DOCK_HTVS_1-002_lib.maegz
ATP-HTVS-79BEB139CB8F,HTVS,-4.68131743987993,运行/运行/ATP-VSW/ATP-VSW-DOCK_HTVS_1-001_lib/ATP-VSW-DOCK_HTVS_1-001_lib
ATP-HTVS-79BEB139CB8F,HTVS,-3.7592292051357,运行/运行/ATP-VSW/ATP-VSW-DOCK_HTVS_1-001_lib/ATP-VSW-DOCK_HTVS_1-001_lib
ATP-HTVS-79BEB139CB8F,HTVS,-1.38848490362901,运行/运行/ATP-VSW/ATP-VSW-DOCK_HTVS_1-001_lib/ATP-VSW-DOCK_HTVS_1-001_lib
ATP-HTVS-79C7807006E2,HTVS,-4.3946210399897,运行/运行/ATP-VSW/ATP-VSW-DOCK_HTVS_1-002_lib.maegz
ATP-HTVS-79C7807006E2,HTVS,-2.2362296323545,运行/运行/ATP-VSW/ATP-VSW-DOCK_HTVS_1-002_lib.maegz
ATP-HTVS-79C7807006E2,HTVS,-1.67505220914944,运行/运行/ATP-VSW/ATP-VSW-DOCK_HTVS_1-002_lib.maegz
ATP-HTVS-79E4EBD82D6A,HTVS,-1.73332368143626,运行/运行/ATP-VSW/ATP-VSW-DOCK_HTVS_1-001_lib/ATP-VSW-DOCK_HTVS_1-001_lib
ATP-HTVS-79EE8ED1543F,HTVS,-4.43936529244241,运行/运行/ATP-VSW/ATP-VSW-DOCK_HTVS_1-001_lib/ATP-VSW-DOCK_HTVS_1-001_lib
ATP-HTVS-79EE8ED1543F,HTVS,-4.04998523736265,运行/运行/ATP-VSW/ATP-VSW-DOCK_HTVS_1-001_lib/ATP-VSW-DOCK_HTVS_1-001_lib
ATP-HTVS-79EE8ED1543F,HTVS,-2.89586110059595,运行/运行/ATP-VSW/ATP-VSW-DOCK_HTVS_1-001_lib/ATP-VSW-DOCK_HTVS_1-001_lib
ATP-HTVS-79EE8ED1543F,HTVS,-2.81109381606496,运行/运行/ATP-VSW/ATP-VSW-DOCK_HTVS_1-001_lib/ATP-VSW-DOCK_HTVS_1-001_lib
ATP-HTVS-7A394D6CE484,HTVS,-3.97450067174064,运行/运行/ATP-VSW/ATP-VSW-DOCK_HTVS_1-002_lib.maegz
ATP-HTVS-7A394D6CE484,HTVS,-3.37613316641646,运行/运行/ATP-VSW/ATP-VSW-DOCK_HTVS_1-002_lib.maegz
ATP-HTVS-7A394D6CE484,HTVS,-3.10393295351232,运行/运行/ATP-VSW/ATP-VSW-DOCK_HTVS_1-002_lib.maegz
ATP-HTVS-7A394D6CE484,HTVS,-2.41991172883985,运行/运行/ATP-VSW/ATP-VSW-DOCK_HTVS_1-002_lib.maegz
ATP-HTVS-7A7B7DA644AB,HTVS,-3.20173177617402,运行/运行/ATP-VSW/ATP-VSW-DOCK_HTVS_1-003_lib/ATP-VSW-DOCK_HTVS_1-003_lib.mae
ATP-HTVS-7A7B7DA644AB,HTVS,-2.78579273747122,运行/运行/ATP-VSW/ATP-VSW-DOCK_HTVS_1-003_lib/ATP-VSW-DOCK_HTVS_1-003_lib.mae
ATP-HTVS-7A7B7DA644AB,HTVS,-2.23763957019721,运行/运行/ATP-VSW/ATP-VSW-DOCK_HTVS_1-003_lib/ATP-VSW-DOCK_HTVS_1-003_lib.mae
ATP-HTVS-7A7BCDC0632F,HTVS,-4.49099959428896,运行/运行/ATP-VSW/ATP-VSW-DOCK_HTVS_1-003_lib/ATP-VSW-DOCK_HTVS_1-003_lib.mae
ATP-HTVS-7A7BCDC0632F,HTVS,-4.0379748197698,运行/运行/ATP-VSW/ATP-VSW-DOCK_HTVS_1-003_lib/ATP-VSW-DOCK_HTVS_1-003_lib.mae
ATP-HTVS-7A7BCDC0632F,HTVS,-2.81424735869247,运行/运行/ATP-VSW/ATP-VSW-DOCK_HTVS_1-003_lib/ATP-VSW-DOCK_HTVS_1-003_lib.mae
ATP-HTVS-7AB1442FC022,HTVS,-5.14316799646612,运行/运行/ATP-VSW/ATP-VSW-DOCK_HTVS_1-001_lib/ATP-VSW-DOCK_HTVS_1-001_lib
ATP-HTVS-7AB1442FC022,HTVS,-3.74974096694197,运行/运行/ATP-VSW/ATP-VSW-DOCK_HTVS_1-001_lib/ATP-VSW-DOCK_HTVS_1-001_lib
ATP-HTVS-7AB1442FC022,HTVS,-3.70141971438756,运行/运行/ATP-VSW/ATP-VSW-DOCK_HTVS_1-001_lib/ATP-VSW-DOCK_HTVS_1-001_lib
ATP-HTVS-7AB1442FC022,HTVS,-3.46719252710057,运行/运行/ATP-VSW/ATP-VSW-DOCK_HTVS_1-001_lib/ATP-VSW-DOCK_HTVS_1-001_lib
ATP-HTVS-7AB1442FC022,HTVS,-3.45938572637261,运行/运行/ATP-VSW/ATP-VSW-DOCK_HTVS_1-001_lib/ATP-VSW-DOCK_HTVS_1-001_lib
ATP-HTVS-7AB1442FC022,HTVS,-3.41697700550836,运行/运行/ATP-VSW/ATP-VSW-DOCK_HTVS_1-001_lib/ATP-VSW-DOCK_HTVS_1-001_lib
ATP-HTVS-7AB1442FC022,HTVS,-3.363242991111,运行/运行/ATP-VSW/ATP-VSW-DOCK_HTVS_1-001_lib/ATP-VSW-DOCK_HTVS_1-001_lib
ATP-HTVS-7AB1442FC022,HTVS,-3.18177249780727,运行/运行/ATP-VSW/ATP-VSW-DOCK_HTVS_1-001_lib/ATP-VSW-DOCK_HTVS_1-001_lib
ATP-HTVS-7AB1442FC022,HTVS,-2.57110717393182,运行/运行/ATP-VSW/ATP-VSW-DOCK_HTVS_1-001_lib/ATP-VSW-DOCK_HTVS_1-001_lib
ATP-HTVS-7AB1442FC022,HTVS,-2.09968899241053,运行/运行/ATP-VSW/ATP-VSW-DOCK_HTVS_1-001_lib/ATP-VSW-DOCK_HTVS_1-001_lib
ATP-HTVS-7AB1442FC022,HTVS,-1.42961929832421,运行/运行/ATP-VSW/ATP-VSW-DOCK_HTVS_1-001_lib/ATP-VSW-DOCK_HTVS_1-001_lib
ATP-HTVS-7ABEAEA32F74,HTVS,-4.63795800751344,运行/运行/ATP-VSW/ATP-VSW-DOCK_HTVS_1-001_lib/ATP-VSW-DOCK_HTVS_1-001_lib
ATP-HTVS-7ABEAEA32F74,HTVS,-4.4140391113462,运行/运行/ATP-VSW/ATP-VSW-DOCK_HTVS_1-001_lib/ATP-VSW-DOCK_HTVS_1-001_lib
ATP-HTVS-7ABEAEA32F74,HTVS,-4.02660769766673,运行/运行/ATP-VSW/ATP-VSW-DOCK_HTVS_1-001_lib/ATP-VSW-DOCK_HTVS_1-001_lib
ATP-HTVS-7ABEAEA32F74,HTVS,-3.3759379100319,运行/运行/ATP-VSW/ATP-VSW-DOCK_HTVS_1-001_lib/ATP-VSW-DOCK_HTVS_1-001_lib
ATP-HTVS-7ABEAEA32F74,HTVS,-2.87953645954915,运行/运行/ATP-VSW/ATP-VSW-DOCK_HTVS_1-001_lib/ATP-VSW-DOCK_HTVS_1-001_lib
ATP-HTVS-7ABEAEA32F74,HTVS,-2.57301275860627,运行/运行/ATP-VSW/ATP-VSW-DOCK_HTVS_1-001_lib/ATP-VSW-DOCK_HTVS_1-001_lib
ATP-HTVS-7ABEAEA32F74,HTVS,-2.54854643889054,运行/运行/ATP-VSW/ATP-VSW-DOCK_HTVS_1-001_lib/ATP-VSW-DOCK_HTVS_1-001_lib
ATP-HTVS-7ABEAEA32F74,HTVS,-2.01801112871396,运行/运行/ATP-VSW/ATP-VSW-DOCK_HTVS_1-001_lib/ATP-VSW-DOCK_HTVS_1-001_lib
ATP-HTVS-7ACA80837BCE,HTVS,-3.82497392346877,运行/运行/ATP-VSW/ATP-VSW-DOCK_HTVS_1-003_lib/ATP-VSW-DOCK_HTVS_1-003_lib.mae
ATP-HTVS-7ACA80837BCE,HTVS,-2.62427346713794,运行/运行/ATP-VSW/ATP-VSW-DOCK_HTVS_1-003_lib/ATP-VSW-DOCK_HTVS_1-003_lib.mae
ATP-HTVS-7AEE8A51E1B1,HTVS,-5.27944754786965,运行/运行/ATP-VSW/ATP-VSW-DOCK_HTVS_1-001_lib/ATP-VSW-DOCK_HTVS_1-001_lib
ATP-HTVS-7AFD271A302C,HTVS,-4.22779938077392,运行/运行/ATP-VSW/ATP-VSW-DOCK_HTVS_1-001_lib/ATP-VSW-DOCK_HTVS_1-001_lib
ATP-HTVS-7AFD271A302C,HTVS,-4.12081080463213,运行/运行/ATP-VSW/ATP-VSW-DOCK_HTVS_1-001_lib/ATP-VSW-DOCK_HTVS_1-001_lib
ATP-HTVS-7AFD271A302C,HTVS,-3.48046422545513,运行/运行/ATP-VSW/ATP-VSW-DOCK_HTVS_1-001_lib/ATP-VSW-DOCK_HTVS_1-001_lib
ATP-HTVS-7AFD271A302C,HTVS,-2.28250051857648,运行/运行/ATP-VSW/ATP-VSW-DOCK_HTVS_1-001_lib/ATP-VSW-DOCK_HTVS_1-001_lib
ATP-HTVS-7AFD271A302C,HTVS,-2.1762249417349,运行/运行/ATP-VSW/ATP-VSW-DOCK_HTVS_1-001_lib/ATP-VSW-DOCK_HTVS_1-001_lib
ATP-HTVS-7AFD271A302C,HTVS,-1.47656309492443,运行/运行/ATP-VSW/ATP-VSW-DOCK_HTVS_1-001_lib/ATP-VSW-DOCK_HTVS_1-001_lib
ATP-HTVS-7B1416FC1373,HTVS,-4.92847526415293,运行/运行/ATP-VSW/ATP-VSW-DOCK_HTVS_1-001_lib/ATP-VSW-DOCK_HTVS_1-001_lib
ATP-HTVS-7B1416FC1373,HTVS,-2.33661582890961,运行/运行/ATP-VSW/ATP-VSW-DOCK_HTVS_1-001_lib/ATP-VSW-DOCK_HTVS_1-001_lib
ATP-HTVS-7B85D20A61B3,HTVS,-3.00335568874899,运行/运行/ATP-VSW/ATP-VSW-DOCK_HTVS_1-001_lib/ATP-VSW-DOCK_HTVS_1-001_lib
ATP-HTVS-7B85D20A61B3,HTVS,-0.957628690695947,运行/运行/ATP-VSW/ATP-VSW-DOCK_HTVS_1-001_lib/ATP-VSW-DOCK_HTVS_1-001_lib
ATP-HTVS-7B98CE40EDFD,HTVS,-3.93400441519171,运行/运行/ATP-VSW/ATP-VSW-DOCK_HTVS_1-003_lib/ATP-VSW-DOCK_HTVS_1-003_lib.mae
ATP-HTVS-7BBDEC1762B0,HTVS,-3.72446897652609,运行/运行/ATP-VSW/ATP-VSW-DOCK_HTVS_1-001_lib/ATP-VSW-DOCK_HTVS_1-001_lib
ATP-HTVS-7BBDEC1762B0,HTVS,-1.94663785837678,运行/运行/ATP-VSW/ATP-VSW-DOCK_HTVS_1-001_lib/ATP-VSW-DOCK_HTVS_1-001_lib
ATP-HTVS-7BEC4E93BD87,HTVS,-3.78499474999287,运行/运行/ATP-VSW/ATP-VSW-DOCK_HTVS_1-001_lib/ATP-VSW-DOCK_HTVS_1-001_lib
ATP-HTVS-7BEC4E93BD87,HTVS,-2.92302861920267,运行/运行/ATP-VSW/ATP-VSW-DOCK_HTVS_1-001_lib/ATP-VSW-DOCK_HTVS_1-001_lib
ATP-HTVS-7BF7B7486D45,HTVS,-3.69880272033171,运行/运行/ATP-VSW/ATP-VSW-DOCK_HTVS_1-002_lib.maegz
ATP-HTVS-7BF7B7486D45,HTVS,-3.52956443003635,运行/运行/ATP-VSW/ATP-VSW-DOCK_HTVS_1-002_lib.maegz
ATP-HTVS-7BF7B7486D45,HTVS,-1.75438756893855,运行/运行/ATP-VSW/ATP-VSW-DOCK_HTVS_1-002_lib.maegz
ATP-HTVS-7C2B62D08873,HTVS,-3.81730885515424,运行/运行/ATP-VSW/ATP-VSW-DOCK_HTVS_1-003_lib/ATP-VSW-DOCK_HTVS_1-003_lib.mae
ATP-HTVS-7C2B62D08873,HTVS,-2.69873864787299,运行/运行/ATP-VSW/ATP-VSW-DOCK_HTVS_1-003_lib/ATP-VSW-DOCK_HTVS_1-003_lib.mae
ATP-HTVS-7C2D6468D489,HTVS,-3.85298473893764,运行/运行/ATP-VSW/ATP-VSW-DOCK_HTVS_1-002_lib.maegz
ATP-HTVS-7C2D6468D489,HTVS,-3.69587491340329,运行/运行/ATP-VSW/ATP-VSW-DOCK_HTVS_1-002_lib.maegz
ATP-HTVS-7C2D6468D489,HTVS,-3.42596043465451,运行/运行/ATP-VSW/ATP-VSW-DOCK_HTVS_1-002_lib.maegz
ATP-HTVS-7C2D6468D489,HTVS,-3.27931040356953,运行/运行/ATP-VSW/ATP-VSW-DOCK_HTVS_1-002_lib.maegz
ATP-HTVS-7C2D6468D489,HTVS,-3.10635616478293,运行/运行/ATP-VSW/ATP-VSW-DOCK_HTVS_1-002_lib.maegz
ATP-HTVS-7C2D6468D489,HTVS,-3.08539468243396,运行/运行/ATP-VSW/ATP-VSW-DOCK_HTVS_1-002_lib.maegz
ATP-HTVS-7C2D6468D489,HTVS,-2.46305637405687,运行/运行/ATP-VSW/ATP-VSW-DOCK_HTVS_1-002_lib.maegz
ATP-HTVS-7C2D6468D489,HTVS,-1.57007394626722,运行/运行/ATP-VSW/ATP-VSW-DOCK_HTVS_1-002_lib.maegz
ATP-HTVS-7C2D6468D489,HTVS,-1.55827640103121,运行/运行/ATP-VSW/ATP-VSW-DOCK_HTVS_1-002_lib.maegz
ATP-HTVS-7C2D6468D489,HTVS,-1.39297438895815,运行/运行/ATP-VSW/ATP-VSW-DOCK_HTVS_1-002_lib.maegz
ATP-HTVS-7C2D6468D489,HTVS,-1.23843762465327,运行/运行/ATP-VSW/ATP-VSW-DOCK_HTVS_1-002_lib.maegz
ATP-HTVS-7C58C2B4F3B5,HTVS,-4.37677132058803,运行/运行/ATP-VSW/ATP-VSW-DOCK_HTVS_1-003_lib/ATP-VSW-DOCK_HTVS_1-003_lib.mae
ATP-HTVS-7C58C2B4F3B5,HTVS,-3.89765279197997,运行/运行/ATP-VSW/ATP-VSW-DOCK_HTVS_1-003_lib/ATP-VSW-DOCK_HTVS_1-003_lib.mae
ATP-HTVS-7C58C2B4F3B5,HTVS,-3.13261261376091,运行/运行/ATP-VSW/ATP-VSW-DOCK_HTVS_1-003_lib/ATP-VSW-DOCK_HTVS_1-003_lib.mae
ATP-HTVS-7C6049B0D6CE,HTVS,-1.44991480964365,运行/运行/ATP-VSW/ATP-VSW-DOCK_HTVS_1-002_lib.maegz
ATP-HTVS-7C6049B0D6CE,HTVS,-0.997588348461001,运行/运行/ATP-VSW/ATP-VSW-DOCK_HTVS_1-002_lib.maegz
ATP-HTVS-7C6049B0D6CE,HTVS,-0.94424523255045,运行/运行/ATP-VSW/ATP-VSW-DOCK_HTVS_1-002_lib.maegz
ATP-HTVS-7C6049B0D6CE,HTVS,-0.867211988858574,运行/运行/ATP-VSW/ATP-VSW-DOCK_HTVS_1-002_lib.maegz
ATP-HTVS-7C6F09AC1D4C,HTVS,-3.00244647884665,运行/运行/ATP-VSW/ATP-VSW-DOCK_HTVS_1-002_lib.maegz
ATP-HTVS-7C6F09AC1D4C,HTVS,-0.273477574420249,运行/运行/ATP-VSW/ATP-VSW-DOCK_HTVS_1-002_lib.maegz
ATP-HTVS-7CA2ECE32076,HTVS,-3.21743759404709,运行/运行/ATP-VSW/ATP-VSW-DOCK_HTVS_1-001_lib/ATP-VSW-DOCK_HTVS_1-001_lib
ATP-HTVS-7CA2ECE32076,HTVS,-1.97023491095491,运行/运行/ATP-VSW/ATP-VSW-DOCK_HTVS_1-001_lib/ATP-VSW-DOCK_HTVS_1-001_lib
ATP-HTVS-7CD79F872AFC,HTVS,-4.97033467445703,运行/运行/ATP-VSW/ATP-VSW-DOCK_HTVS_1-001_lib/ATP-VSW-DOCK_HTVS_1-001_lib
ATP-HTVS-7CD79F872AFC,HTVS,-4.80940126129765,运行/运行/ATP-VSW/ATP-VSW-DOCK_HTVS_1-001_lib/ATP-VSW-DOCK_HTVS_1-001_lib
ATP-HTVS-7CD79F872AFC,HTVS,-3.25847044328598,运行/运行/ATP-VSW/ATP-VSW-DOCK_HTVS_1-001_lib/ATP-VSW-DOCK_HTVS_1-001_lib
ATP-HTVS-7CD79F872AFC,HTVS,-3.07273554386586,运行/运行/ATP-VSW/ATP-VSW-DOCK_HTVS_1-001_lib/ATP-VSW-DOCK_HTVS_1-001_lib
ATP-HTVS-7CF383CE087B,HTVS,-4.55159596203046,运行/运行/ATP-VSW/ATP-VSW-DOCK_HTVS_1-002_lib.maegz
ATP-HTVS-7CF383CE087B,HTVS,-0.65398976746721,运行/运行/ATP-VSW/ATP-VSW-DOCK_HTVS_1-002_lib.maegz
ATP-HTVS-7D198ACE4CB8,HTVS,-4.01760011912656,运行/运行/ATP-VSW/ATP-VSW-DOCK_HTVS_1-001_lib/ATP-VSW-DOCK_HTVS_1-001_lib
ATP-HTVS-7D1C8522A3FA,HTVS,-1.64612587880599,运行/运行/ATP-VSW/ATP-VSW-DOCK_HTVS_1-003_lib/ATP-VSW-DOCK_HTVS_1-003_lib.mae
ATP-HTVS-7D1C8522A3FA,HTVS,-1.1928381595548,运行/运行/ATP-VSW/ATP-VSW-DOCK_HTVS_1-003_lib/ATP-VSW-DOCK_HTVS_1-003_lib.mae
ATP-HTVS-7D1C8522A3FA,HTVS,0.325834120717464,运行/运行/ATP-VSW/ATP-VSW-DOCK_HTVS_1-003_lib/ATP-VSW-DOCK_HTVS_1-003_lib.mae
ATP-HTVS-7D1C8522A3FA,HTVS,1.33941013034345,运行/运行/ATP-VSW/ATP-VSW-DOCK_HTVS_1-003_lib/ATP-VSW-DOCK_HTVS_1-003_lib.mae
ATP-HTVS-7D663BEE19BA,HTVS,-3.95975102541382,运行/运行/ATP-VSW/ATP-VSW-DOCK_HTVS_1-001_lib/ATP-VSW-DOCK_HTVS_1-001_lib
ATP-HTVS-7D663BEE19BA,HTVS,-1.97499836402834,运行/运行/ATP-VSW/ATP-VSW-DOCK_HTVS_1-001_lib/ATP-VSW-DOCK_HTVS_1-001_lib
ATP-HTVS-7DAC8816801F,HTVS,-4.67551403282601,运行/运行/ATP-VSW/ATP-VSW-DOCK_HTVS_1-001_lib/ATP-VSW-DOCK_HTVS_1-001_lib
ATP-HTVS-7DAC8816801F,HTVS,-3.62477193118718,运行/运行/ATP-VSW/ATP-VSW-DOCK_HTVS_1-001_lib/ATP-VSW-DOCK_HTVS_1-001_lib
ATP-HTVS-7DAC8816801F,HTVS,-2.04603630940678,运行/运行/ATP-VSW/ATP-VSW-DOCK_HTVS_1-001_lib/ATP-VSW-DOCK_HTVS_1-001_lib
ATP-HTVS-7DBCC72663B9,HTVS,-4.60134720554815,运行/运行/ATP-VSW/ATP-VSW-DOCK_HTVS_1-001_lib/ATP-VSW-DOCK_HTVS_1-001_lib
ATP-HTVS-7DD2E8BA0428,HTVS,-4.34532901289307,运行/运行/ATP-VSW/ATP-VSW-DOCK_HTVS_1-003_lib/ATP-VSW-DOCK_HTVS_1-003_lib.mae
ATP-HTVS-7DD2E8BA0428,HTVS,-2.77529116463288,运行/运行/ATP-VSW/ATP-VSW-DOCK_HTVS_1-003_lib/ATP-VSW-DOCK_HTVS_1-003_lib.mae
ATP-HTVS-7DE0A46CB904,HTVS,-3.23906717612951,运行/运行/ATP-VSW/ATP-VSW-DOCK_HTVS_1-002_lib.maegz
ATP-HTVS-7DE0A46CB904,HTVS,-1.74949090057358,运行/运行/ATP-VSW/ATP-VSW-DOCK_HTVS_1-002_lib.maegz
ATP-HTVS-7DE5D821A3A4,HTVS,-5.29463490469927,运行/运行/ATP-VSW/ATP-VSW-DOCK_HTVS_1-003_lib/ATP-VSW-DOCK_HTVS_1-003_lib.mae
ATP-HTVS-7DE5D821A3A4,HTVS,-4.80128015155583,运行/运行/ATP-VSW/ATP-VSW-DOCK_HTVS_1-003_lib/ATP-VSW-DOCK_HTVS_1-003_lib.mae
ATP-HTVS-7EF53BD61533,HTVS,-4.18412501910755,运行/运行/ATP-VSW/ATP-VSW-DOCK_HTVS_1-003_lib/ATP-VSW-DOCK_HTVS_1-003_lib.mae
ATP-HTVS-7EF53BD61533,HTVS,-3.35524233703854,运行/运行/ATP-VSW/ATP-VSW-DOCK_HTVS_1-003_lib/ATP-VSW-DOCK_HTVS_1-003_lib.mae
ATP-HTVS-7EF53BD61533,HTVS,-2.0533988898963,运行/运行/ATP-VSW/ATP-VSW-DOCK_HTVS_1-003_lib/ATP-VSW-DOCK_HTVS_1-003_lib.mae
ATP-HTVS-7EF96EA99BCF,HTVS,-4.53121069133092,运行/运行/ATP-VSW/ATP-VSW-DOCK_HTVS_1-001_lib/ATP-VSW-DOCK_HTVS_1-001_lib
ATP-HTVS-7EF96EA99BCF,HTVS,-3.823972851537,运行/运行/ATP-VSW/ATP-VSW-DOCK_HTVS_1-001_lib/ATP-VSW-DOCK_HTVS_1-001_lib
ATP-HTVS-7EF96EA99BCF,HTVS,-2.57215871812581,运行/运行/ATP-VSW/ATP-VSW-DOCK_HTVS_1-001_lib/ATP-VSW-DOCK_HTVS_1-001_lib
ATP-HTVS-7EF96EA99BCF,HTVS,-1.8543480437734,运行/运行/ATP-VSW/ATP-VSW-DOCK_HTVS_1-001_lib/ATP-VSW-DOCK_HTVS_1-001_lib
ATP-HTVS-7EF96EA99BCF,HTVS,-1.19628892895742,运行/运行/ATP-VSW/ATP-VSW-DOCK_HTVS_1-001_lib/ATP-VSW-DOCK_HTVS_1-001_lib
ATP-HTVS-7EF96EA99BCF,HTVS,-0.712529894064093,运行/运行/ATP-VSW/ATP-VSW-DOCK_HTVS_1-001_lib/ATP-VSW-DOCK_HTVS_1-001_lib
ATP-HTVS-7F35209A363C,HTVS,-1.55091589110866,运行/运行/ATP-VSW/ATP-VSW-DOCK_HTVS_1-003_lib/ATP-VSW-DOCK_HTVS_1-003_lib.mae
ATP-HTVS-7F35209A363C,HTVS,-0.642350050854196,运行/运行/ATP-VSW/ATP-VSW-DOCK_HTVS_1-003_lib/ATP-VSW-DOCK_HTVS_1-003_lib.mae
ATP-HTVS-7F4769B54268,HTVS,-3.53029755710693,运行/运行/ATP-VSW/ATP-VSW-DOCK_HTVS_1-003_lib/ATP-VSW-DOCK_HTVS_1-003_lib.mae
ATP-HTVS-7F4769B54268,HTVS,-3.03609201860582,运行/运行/ATP-VSW/ATP-VSW-DOCK_HTVS_1-003_lib/ATP-VSW-DOCK_HTVS_1-003_lib.mae
ATP-HTVS-7F76552361A7,HTVS,-3.18626509149358,运行/运行/ATP-VSW/ATP-VSW-DOCK_HTVS_1-001_lib/ATP-VSW-DOCK_HTVS_1-001_lib
ATP-HTVS-7F7812FC41A5,HTVS,-3.50273563289439,运行/运行/ATP-VSW/ATP-VSW-DOCK_HTVS_1-001_lib/ATP-VSW-DOCK_HTVS_1-001_lib
ATP-HTVS-7F7812FC41A5,HTVS,-1.97998376658504,运行/运行/ATP-VSW/ATP-VSW-DOCK_HTVS_1-001_lib/ATP-VSW-DOCK_HTVS_1-001_lib
ATP-HTVS-7F83928F0467,HTVS,-4.93183795499032,运行/运行/ATP-VSW/ATP-VSW-DOCK_HTVS_1-002_lib.maegz
ATP-HTVS-7F83928F0467,HTVS,-3.04816142758499,运行/运行/ATP-VSW/ATP-VSW-DOCK_HTVS_1-002_lib.maegz
ATP-HTVS-7F83928F0467,HTVS,-2.82475647858798,运行/运行/ATP-VSW/ATP-VSW-DOCK_HTVS_1-002_lib.maegz
ATP-HTVS-800B0B068CC6,HTVS,-5.46030312381141,运行/运行/ATP-VSW/ATP-VSW-DOCK_HTVS_1-001_lib/ATP-VSW-DOCK_HTVS_1-001_lib
ATP-HTVS-800B0B068CC6,HTVS,-0.917454398154741,运行/运行/ATP-VSW/ATP-VSW-DOCK_HTVS_1-001_lib/ATP-VSW-DOCK_HTVS_1-001_lib
ATP-HTVS-8033922A69C0,HTVS,-5.6399666862665,运行/运行/ATP-VSW/ATP-VSW-DOCK_HTVS_1-001_lib/ATP-VSW-DOCK_HTVS_1-001_lib
ATP-HTVS-8033922A69C0,HTVS,-4.18618463948427,运行/运行/ATP-VSW/ATP-VSW-DOCK_HTVS_1-001_lib/ATP-VSW-DOCK_HTVS_1-001_lib
ATP-HTVS-8033922A69C0,HTVS,-2.57329088726854,运行/运行/ATP-VSW/ATP-VSW-DOCK_HTVS_1-001_lib/ATP-VSW-DOCK_HTVS_1-001_lib
ATP-HTVS-8033922A69C0,HTVS,-2.51875212768673,运行/运行/ATP-VSW/ATP-VSW-DOCK_HTVS_1-001_lib/ATP-VSW-DOCK_HTVS_1-001_lib
ATP-HTVS-8033922A69C0,HTVS,-1.75388713325037,运行/运行/ATP-VSW/ATP-VSW-DOCK_HTVS_1-001_lib/ATP-VSW-DOCK_HTVS_1-001_lib
ATP-HTVS-8033922A69C0,HTVS,-0.438440383600582,运行/运行/ATP-VSW/ATP-VSW-DOCK_HTVS_1-001_lib/ATP-VSW-DOCK_HTVS_1-001_lib
ATP-HTVS-8095E17D3127,HTVS,-6.0765389489099,运行/运行/ATP-VSW/ATP-VSW-DOCK_HTVS_1-003_lib/ATP-VSW-DOCK_HTVS_1-003_lib.mae
ATP-HTVS-8095E17D3127,HTVS,-5.59141564177138,运行/运行/ATP-VSW/ATP-VSW-DOCK_HTVS_1-003_lib/ATP-VSW-DOCK_HTVS_1-003_lib.mae
ATP-HTVS-8095E17D3127,HTVS,-2.79718768091985,运行/运行/ATP-VSW/ATP-VSW-DOCK_HTVS_1-003_lib/ATP-VSW-DOCK_HTVS_1-003_lib.mae
ATP-HTVS-8095E17D3127,HTVS,-2.10848541419955,运行/运行/ATP-VSW/ATP-VSW-DOCK_HTVS_1-003_lib/ATP-VSW-DOCK_HTVS_1-003_lib.mae
ATP-HTVS-80A1BADD16E7,HTVS,-3.75469145667868,运行/运行/ATP-VSW/ATP-VSW-DOCK_HTVS_1-002_lib.maegz
ATP-HTVS-818D9CFDFCEA,HTVS,-3.81981118052559,运行/运行/ATP-VSW/ATP-VSW-DOCK_HTVS_1-002_lib.maegz
ATP-HTVS-818D9CFDFCEA,HTVS,-2.74925301187932,运行/运行/ATP-VSW/ATP-VSW-DOCK_HTVS_1-002_lib.maegz
ATP-HTVS-81A5FD53922A,HTVS,-4.14399062967975,运行/运行/ATP-VSW/ATP-VSW-DOCK_HTVS_1-002_lib.maegz
ATP-HTVS-81A5FD53922A,HTVS,-3.34669562878929,运行/运行/ATP-VSW/ATP-VSW-DOCK_HTVS_1-002_lib.maegz
ATP-HTVS-81EE647F8CA6,HTVS,-4.88584457685571,运行/运行/ATP-VSW/ATP-VSW-DOCK_HTVS_1-002_lib.maegz
ATP-HTVS-81EE647F8CA6,HTVS,-3.61632251836141,运行/运行/ATP-VSW/ATP-VSW-DOCK_HTVS_1-002_lib.maegz
ATP-HTVS-81EE647F8CA6,HTVS,-2.00088535026209,运行/运行/ATP-VSW/ATP-VSW-DOCK_HTVS_1-002_lib.maegz
ATP-HTVS-81EE647F8CA6,HTVS,-1.64561753736325,运行/运行/ATP-VSW/ATP-VSW-DOCK_HTVS_1-002_lib.maegz
ATP-HTVS-81F0F4B0A07A,HTVS,-4.49149454506483,运行/运行/ATP-VSW/ATP-VSW-DOCK_HTVS_1-001_lib/ATP-VSW-DOCK_HTVS_1-001_lib
ATP-HTVS-81F0F4B0A07A,HTVS,-2.77853351620899,运行/运行/ATP-VSW/ATP-VSW-DOCK_HTVS_1-001_lib/ATP-VSW-DOCK_HTVS_1-001_lib
ATP-HTVS-81F0F4B0A07A,HTVS,-2.54016858627092,运行/运行/ATP-VSW/ATP-VSW-DOCK_HTVS_1-001_lib/ATP-VSW-DOCK_HTVS_1-001_lib
ATP-HTVS-81F0F4B0A07A,HTVS,-2.23174336649125,运行/运行/ATP-VSW/ATP-VSW-DOCK_HTVS_1-001_lib/ATP-VSW-DOCK_HTVS_1-001_lib
ATP-HTVS-821B647876F5,HTVS,-3.40400913375614,运行/运行/ATP-VSW/ATP-VSW-DOCK_HTVS_1-001_lib/ATP-VSW-DOCK_HTVS_1-001_lib
ATP-HTVS-821B647876F5,HTVS,-1.88978587395834,运行/运行/ATP-VSW/ATP-VSW-DOCK_HTVS_1-001_lib/ATP-VSW-DOCK_HTVS_1-001_lib
ATP-HTVS-822192B7646A,HTVS,-4.61788324268741,运行/运行/ATP-VSW/ATP-VSW-DOCK_HTVS_1-002_lib.maegz
ATP-HTVS-822192B7646A,HTVS,-4.24413949835587,运行/运行/ATP-VSW/ATP-VSW-DOCK_HTVS_1-002_lib.maegz
ATP-HTVS-822192B7646A,HTVS,-1.30677287603579,运行/运行/ATP-VSW/ATP-VSW-DOCK_HTVS_1-002_lib.maegz
ATP-HTVS-822192B7646A,HTVS,-1.03864731325092,运行/运行/ATP-VSW/ATP-VSW-DOCK_HTVS_1-002_lib.maegz
ATP-HTVS-824DD36F4E64,HTVS,-4.49121683703249,运行/运行/ATP-VSW/ATP-VSW-DOCK_HTVS_1-001_lib/ATP-VSW-DOCK_HTVS_1-001_lib
ATP-HTVS-824DD36F4E64,HTVS,-1.62572396727046,运行/运行/ATP-VSW/ATP-VSW-DOCK_HTVS_1-001_lib/ATP-VSW-DOCK_HTVS_1-001_lib
ATP-HTVS-8313972BDCAD,HTVS,-4.11342890582325,运行/运行/ATP-VSW/ATP-VSW-DOCK_HTVS_1-003_lib/ATP-VSW-DOCK_HTVS_1-003_lib.mae
ATP-HTVS-8313972BDCAD,HTVS,-1.56051576089527,运行/运行/ATP-VSW/ATP-VSW-DOCK_HTVS_1-003_lib/ATP-VSW-DOCK_HTVS_1-003_lib.mae
ATP-HTVS-83530B88E656,HTVS,-1.07559731526357,运行/运行/ATP-VSW/ATP-VSW-DOCK_HTVS_1-001_lib/ATP-VSW-DOCK_HTVS_1-001_lib
ATP-HTVS-8365FF7884A6,HTVS,-5.64828858454572,运行/运行/ATP-VSW/ATP-VSW-DOCK_HTVS_1-001_lib/ATP-VSW-DOCK_HTVS_1-001_lib
ATP-HTVS-8365FF7884A6,HTVS,-5.24580900735124,运行/运行/ATP-VSW/ATP-VSW-DOCK_HTVS_1-001_lib/ATP-VSW-DOCK_HTVS_1-001_lib
ATP-HTVS-8365FF7884A6,HTVS,-3.83925434248364,运行/运行/ATP-VSW/ATP-VSW-DOCK_HTVS_1-001_lib/ATP-VSW-DOCK_HTVS_1-001_lib
ATP-HTVS-8365FF7884A6,HTVS,-3.62505792615634,运行/运行/ATP-VSW/ATP-VSW-DOCK_HTVS_1-001_lib/ATP-VSW-DOCK_HTVS_1-001_lib
ATP-HTVS-83768D529230,HTVS,-5.83755543127655,运行/运行/ATP-VSW/ATP-VSW-DOCK_HTVS_1-001_lib/ATP-VSW-DOCK_HTVS_1-001_lib
ATP-HTVS-83768D529230,HTVS,-2.65215993926916,运行/运行/ATP-VSW/ATP-VSW-DOCK_HTVS_1-001_lib/ATP-VSW-DOCK_HTVS_1-001_lib
ATP-HTVS-837D7A211A0E,HTVS,-2.48290298083652,运行/运行/ATP-VSW/ATP-VSW-DOCK_HTVS_1-002_lib.maegz
ATP-HTVS-83F3A5AEE880,HTVS,-3.832317397121,运行/运行/ATP-VSW/ATP-VSW-DOCK_HTVS_1-003_lib/ATP-VSW-DOCK_HTVS_1-003_lib.mae
ATP-HTVS-83F3A5AEE880,HTVS,-3.64759431817892,运行/运行/ATP-VSW/ATP-VSW-DOCK_HTVS_1-003_lib/ATP-VSW-DOCK_HTVS_1-003_lib.mae
ATP-HTVS-83F3A5AEE880,HTVS,-3.41591012220391,运行/运行/ATP-VSW/ATP-VSW-DOCK_HTVS_1-003_lib/ATP-VSW-DOCK_HTVS_1-003_lib.mae
ATP-HTVS-83F3A5AEE880,HTVS,-3.04898743120136,运行/运行/ATP-VSW/ATP-VSW-DOCK_HTVS_1-003_lib/ATP-VSW-DOCK_HTVS_1-003_lib.mae
ATP-HTVS-83F3A5AEE880,HTVS,-2.79606263444683,运行/运行/ATP-VSW/ATP-VSW-DOCK_HTVS_1-003_lib/ATP-VSW-DOCK_HTVS_1-003_lib.mae
ATP-HTVS-83F3A5AEE880,HTVS,-2.6304971928816,运行/运行/ATP-VSW/ATP-VSW-DOCK_HTVS_1-003_lib/ATP-VSW-DOCK_HTVS_1-003_lib.mae
ATP-HTVS-83F3A5AEE880,HTVS,-2.58116932378292,运行/运行/ATP-VSW/ATP-VSW-DOCK_HTVS_1-003_lib/ATP-VSW-DOCK_HTVS_1-003_lib.mae
ATP-HTVS-83F3A5AEE880,HTVS,-2.27585524115644,运行/运行/ATP-VSW/ATP-VSW-DOCK_HTVS_1-003_lib/ATP-VSW-DOCK_HTVS_1-003_lib.mae
ATP-HTVS-83F3A5AEE880,HTVS,-1.88857365143463,运行/运行/ATP-VSW/ATP-VSW-DOCK_HTVS_1-003_lib/ATP-VSW-DOCK_HTVS_1-003_lib.mae
ATP-HTVS-83F3A5AEE880,HTVS,-1.84735520857387,运行/运行/ATP-VSW/ATP-VSW-DOCK_HTVS_1-003_lib/ATP-VSW-DOCK_HTVS_1-003_lib.mae
ATP-HTVS-83F3A5AEE880,HTVS,-1.63767810807077,运行/运行/ATP-VSW/ATP-VSW-DOCK_HTVS_1-003_lib/ATP-VSW-DOCK_HTVS_1-003_lib.mae
ATP-HTVS-83F819F668B2,HTVS,-4.65765628534695,运行/运行/ATP-VSW/ATP-VSW-DOCK_HTVS_1-001_lib/ATP-VSW-DOCK_HTVS_1-001_lib
ATP-HTVS-83F819F668B2,HTVS,-3.0528010854534,运行/运行/ATP-VSW/ATP-VSW-DOCK_HTVS_1-001_lib/ATP-VSW-DOCK_HTVS_1-001_lib
ATP-HTVS-83F819F668B2,HTVS,-1.11206155177001,运行/运行/ATP-VSW/ATP-VSW-DOCK_HTVS_1-001_lib/ATP-VSW-DOCK_HTVS_1-001_lib
ATP-HTVS-83F93451062F,HTVS,-2.94361589478714,运行/运行/ATP-VSW/ATP-VSW-DOCK_HTVS_1-003_lib/ATP-VSW-DOCK_HTVS_1-003_lib.mae
ATP-HTVS-83F93451062F,HTVS,-2.3098518393334,运行/运行/ATP-VSW/ATP-VSW-DOCK_HTVS_1-003_lib/ATP-VSW-DOCK_HTVS_1-003_lib.mae
ATP-HTVS-83F93451062F,HTVS,-2.25269646780562,运行/运行/ATP-VSW/ATP-VSW-DOCK_HTVS_1-003_lib/ATP-VSW-DOCK_HTVS_1-003_lib.mae
ATP-HTVS-83F93451062F,HTVS,-2.12386428648964,运行/运行/ATP-VSW/ATP-VSW-DOCK_HTVS_1-003_lib/ATP-VSW-DOCK_HTVS_1-003_lib.mae
ATP-HTVS-83F93451062F,HTVS,-1.96977790806201,运行/运行/ATP-VSW/ATP-VSW-DOCK_HTVS_1-003_lib/ATP-VSW-DOCK_HTVS_1-003_lib.mae
ATP-HTVS-83F93451062F,HTVS,-0.721119384845214,运行/运行/ATP-VSW/ATP-VSW-DOCK_HTVS_1-003_lib/ATP-VSW-DOCK_HTVS_1-003_lib.mae
ATP-HTVS-8409CD5E0FE2,HTVS,-4.45251687073815,运行/运行/ATP-VSW/ATP-VSW-DOCK_HTVS_1-002_lib.maegz
ATP-HTVS-8409CD5E0FE2,HTVS,-3.91997555040793,运行/运行/ATP-VSW/ATP-VSW-DOCK_HTVS_1-002_lib.maegz
ATP-HTVS-8409CD5E0FE2,HTVS,-3.64021375360185,运行/运行/ATP-VSW/ATP-VSW-DOCK_HTVS_1-002_lib.maegz
ATP-HTVS-8409CD5E0FE2,HTVS,-2.83393873122887,运行/运行/ATP-VSW/ATP-VSW-DOCK_HTVS_1-002_lib.maegz
ATP-HTVS-842E20B26D61,HTVS,-4.65100043510243,运行/运行/ATP-VSW/ATP-VSW-DOCK_HTVS_1-003_lib/ATP-VSW-DOCK_HTVS_1-003_lib.mae
ATP-HTVS-842E20B26D61,HTVS,-4.46985898025415,运行/运行/ATP-VSW/ATP-VSW-DOCK_HTVS_1-003_lib/ATP-VSW-DOCK_HTVS_1-003_lib.mae
ATP-HTVS-842E20B26D61,HTVS,-2.85346355985822,运行/运行/ATP-VSW/ATP-VSW-DOCK_HTVS_1-003_lib/ATP-VSW-DOCK_HTVS_1-003_lib.mae
ATP-HTVS-842E20B26D61,HTVS,-1.2584125677989,运行/运行/ATP-VSW/ATP-VSW-DOCK_HTVS_1-003_lib/ATP-VSW-DOCK_HTVS_1-003_lib.mae
ATP-HTVS-84AF7025C22A,HTVS,-4.63953362123763,运行/运行/ATP-VSW/ATP-VSW-DOCK_HTVS_1-002_lib.maegz
ATP-HTVS-84AF7025C22A,HTVS,-2.63573282348912,运行/运行/ATP-VSW/ATP-VSW-DOCK_HTVS_1-002_lib.maegz
ATP-HTVS-84B0A2EEAAE5,HTVS,-4.20457787107913,运行/运行/ATP-VSW/ATP-VSW-DOCK_HTVS_1-003_lib/ATP-VSW-DOCK_HTVS_1-003_lib.mae
ATP-HTVS-84B0A2EEAAE5,HTVS,-2.65958895124074,运行/运行/ATP-VSW/ATP-VSW-DOCK_HTVS_1-003_lib/ATP-VSW-DOCK_HTVS_1-003_lib.mae
ATP-HTVS-84B0A2EEAAE5,HTVS,-1.81448416894631,运行/运行/ATP-VSW/ATP-VSW-DOCK_HTVS_1-003_lib/ATP-VSW-DOCK_HTVS_1-003_lib.mae
ATP-HTVS-84B7FD2F846A,HTVS,-3.71237336752773,运行/运行/ATP-VSW/ATP-VSW-DOCK_HTVS_1-001_lib/ATP-VSW-DOCK_HTVS_1-001_lib
ATP-HTVS-84C0F320BB18,HTVS,-4.87355304658918,运行/运行/ATP-VSW/ATP-VSW-DOCK_HTVS_1-001_lib/ATP-VSW-DOCK_HTVS_1-001_lib
ATP-HTVS-8521C9576B2F,HTVS,-4.97652262939337,运行/运行/ATP-VSW/ATP-VSW-DOCK_HTVS_1-002_lib.maegz
ATP-HTVS-8521C9576B2F,HTVS,-4.68135137978261,运行/运行/ATP-VSW/ATP-VSW-DOCK_HTVS_1-002_lib.maegz
ATP-HTVS-8521C9576B2F,HTVS,-3.72400819364181,运行/运行/ATP-VSW/ATP-VSW-DOCK_HTVS_1-002_lib.maegz
ATP-HTVS-8521C9576B2F,HTVS,-3.1756402320027,运行/运行/ATP-VSW/ATP-VSW-DOCK_HTVS_1-002_lib.maegz
ATP-HTVS-8521C9576B2F,HTVS,-3.15951190013772,运行/运行/ATP-VSW/ATP-VSW-DOCK_HTVS_1-002_lib.maegz
ATP-HTVS-8521C9576B2F,HTVS,-2.38530711553152,运行/运行/ATP-VSW/ATP-VSW-DOCK_HTVS_1-002_lib.maegz
ATP-HTVS-8521C9576B2F,HTVS,-1.99094916133427,运行/运行/ATP-VSW/ATP-VSW-DOCK_HTVS_1-002_lib.maegz
ATP-HTVS-8521C9576B2F,HTVS,-1.59184245205752,运行/运行/ATP-VSW/ATP-VSW-DOCK_HTVS_1-002_lib.maegz
ATP-HTVS-85577F90127E,HTVS,-3.55311571776964,运行/运行/ATP-VSW/ATP-VSW-DOCK_HTVS_1-003_lib/ATP-VSW-DOCK_HTVS_1-003_lib.mae
ATP-HTVS-8567A07E89C1,HTVS,-2.50018919377021,运行/运行/ATP-VSW/ATP-VSW-DOCK_HTVS_1-002_lib.maegz
ATP-HTVS-8567A07E89C1,HTVS,-2.10486438527351,运行/运行/ATP-VSW/ATP-VSW-DOCK_HTVS_1-002_lib.maegz
ATP-HTVS-85B092CE3CD6,HTVS,-5.69994203184896,运行/运行/ATP-VSW/ATP-VSW-DOCK_HTVS_1-001_lib/ATP-VSW-DOCK_HTVS_1-001_lib
ATP-HTVS-85B092CE3CD6,HTVS,-5.09576810410745,运行/运行/ATP-VSW/ATP-VSW-DOCK_HTVS_1-001_lib/ATP-VSW-DOCK_HTVS_1-001_lib
ATP-HTVS-85B092CE3CD6,HTVS,-4.73384223972521,运行/运行/ATP-VSW/ATP-VSW-DOCK_HTVS_1-001_lib/ATP-VSW-DOCK_HTVS_1-001_lib
ATP-HTVS-85B092CE3CD6,HTVS,-3.590427038516,运行/运行/ATP-VSW/ATP-VSW-DOCK_HTVS_1-001_lib/ATP-VSW-DOCK_HTVS_1-001_lib
ATP-HTVS-85B092CE3CD6,HTVS,-3.20020979395058,运行/运行/ATP-VSW/ATP-VSW-DOCK_HTVS_1-001_lib/ATP-VSW-DOCK_HTVS_1-001_lib
ATP-HTVS-85B092CE3CD6,HTVS,-2.36706653473229,运行/运行/ATP-VSW/ATP-VSW-DOCK_HTVS_1-001_lib/ATP-VSW-DOCK_HTVS_1-001_lib
ATP-HTVS-85D8FA1817A9,HTVS,-2.06592112971382,运行/运行/ATP-VSW/ATP-VSW-DOCK_HTVS_1-002_lib.maegz
ATP-HTVS-85D8FA1817A9,HTVS,-0.911302462598044,运行/运行/ATP-VSW/ATP-VSW-DOCK_HTVS_1-002_lib.maegz
ATP-HTVS-85E208BF5C05,HTVS,-4.89150687801089,运行/运行/ATP-VSW/ATP-VSW-DOCK_HTVS_1-003_lib/ATP-VSW-DOCK_HTVS_1-003_lib.mae
ATP-HTVS-85E208BF5C05,HTVS,-2.64313506576604,运行/运行/ATP-VSW/ATP-VSW-DOCK_HTVS_1-003_lib/ATP-VSW-DOCK_HTVS_1-003_lib.mae
ATP-HTVS-85E208BF5C05,HTVS,-1.94515655938375,运行/运行/ATP-VSW/ATP-VSW-DOCK_HTVS_1-003_lib/ATP-VSW-DOCK_HTVS_1-003_lib.mae
ATP-HTVS-8667D2FB5617,HTVS,-5.117556133224,运行/运行/ATP-VSW/ATP-VSW-DOCK_HTVS_1-001_lib/ATP-VSW-DOCK_HTVS_1-001_lib
ATP-HTVS-8667D2FB5617,HTVS,-2.84171542438256,运行/运行/ATP-VSW/ATP-VSW-DOCK_HTVS_1-001_lib/ATP-VSW-DOCK_HTVS_1-001_lib
ATP-HTVS-8667D2FB5617,HTVS,-1.78348220554961,运行/运行/ATP-VSW/ATP-VSW-DOCK_HTVS_1-001_lib/ATP-VSW-DOCK_HTVS_1-001_lib
ATP-HTVS-866AD4D93294,HTVS,-4.31974923306793,运行/运行/ATP-VSW/ATP-VSW-DOCK_HTVS_1-003_lib/ATP-VSW-DOCK_HTVS_1-003_lib.mae
ATP-HTVS-866AD4D93294,HTVS,0.376379665217438,运行/运行/ATP-VSW/ATP-VSW-DOCK_HTVS_1-003_lib/ATP-VSW-DOCK_HTVS_1-003_lib.mae
ATP-HTVS-86939B89774E,HTVS,-1.33205607693031,运行/运行/ATP-VSW/ATP-VSW-DOCK_HTVS_1-003_lib/ATP-VSW-DOCK_HTVS_1-003_lib.mae
ATP-HTVS-86939B89774E,HTVS,-0.472657572372465,运行/运行/ATP-VSW/ATP-VSW-DOCK_HTVS_1-003_lib/ATP-VSW-DOCK_HTVS_1-003_lib.mae
ATP-HTVS-869F8AF38162,HTVS,-5.74701459234187,运行/运行/ATP-VSW/ATP-VSW-DOCK_HTVS_1-001_lib/ATP-VSW-DOCK_HTVS_1-001_lib
ATP-HTVS-869F8AF38162,HTVS,-5.58572650598899,运行/运行/ATP-VSW/ATP-VSW-DOCK_HTVS_1-001_lib/ATP-VSW-DOCK_HTVS_1-001_lib
ATP-HTVS-869F8AF38162,HTVS,-2.63518069114188,运行/运行/ATP-VSW/ATP-VSW-DOCK_HTVS_1-001_lib/ATP-VSW-DOCK_HTVS_1-001_lib
ATP-HTVS-869F8AF38162,HTVS,-1.79343303680675,运行/运行/ATP-VSW/ATP-VSW-DOCK_HTVS_1-001_lib/ATP-VSW-DOCK_HTVS_1-001_lib
ATP-HTVS-86B60B8C3F13,HTVS,-4.69609106885546,运行/运行/ATP-VSW/ATP-VSW-DOCK_HTVS_1-002_lib.maegz
ATP-HTVS-86B60B8C3F13,HTVS,-3.94878350730791,运行/运行/ATP-VSW/ATP-VSW-DOCK_HTVS_1-002_lib.maegz
ATP-HTVS-86B60B8C3F13,HTVS,-1.16117791195986,运行/运行/ATP-VSW/ATP-VSW-DOCK_HTVS_1-002_lib.maegz
ATP-HTVS-86B60B8C3F13,HTVS,-1.08629268868255,运行/运行/ATP-VSW/ATP-VSW-DOCK_HTVS_1-002_lib.maegz
ATP-HTVS-86C3058B81C7,HTVS,-4.38734613859549,运行/运行/ATP-VSW/ATP-VSW-DOCK_HTVS_1-003_lib/ATP-VSW-DOCK_HTVS_1-003_lib.mae
ATP-HTVS-86C3058B81C7,HTVS,-4.09756491516524,运行/运行/ATP-VSW/ATP-VSW-DOCK_HTVS_1-003_lib/ATP-VSW-DOCK_HTVS_1-003_lib.mae
ATP-HTVS-86C3058B81C7,HTVS,-1.65628431830476,运行/运行/ATP-VSW/ATP-VSW-DOCK_HTVS_1-003_lib/ATP-VSW-DOCK_HTVS_1-003_lib.mae
ATP-HTVS-86C3058B81C7,HTVS,-1.44884686469431,运行/运行/ATP-VSW/ATP-VSW-DOCK_HTVS_1-003_lib/ATP-VSW-DOCK_HTVS_1-003_lib.mae
ATP-HTVS-86DDC209E59E,HTVS,-4.96699344701445,运行/运行/ATP-VSW/ATP-VSW-DOCK_HTVS_1-002_lib.maegz
ATP-HTVS-87B93A696720,HTVS,-4.12205411178146,运行/运行/ATP-VSW/ATP-VSW-DOCK_HTVS_1-002_lib.maegz
ATP-HTVS-87B93A696720,HTVS,-1.70267194653659,运行/运行/ATP-VSW/ATP-VSW-DOCK_HTVS_1-002_lib.maegz
ATP-HTVS-87F6BDFAEB44,HTVS,-5.11291456585507,运行/运行/ATP-VSW/ATP-VSW-DOCK_HTVS_1-003_lib/ATP-VSW-DOCK_HTVS_1-003_lib.mae
ATP-HTVS-87F6BDFAEB44,HTVS,-4.98066690887812,运行/运行/ATP-VSW/ATP-VSW-DOCK_HTVS_1-003_lib/ATP-VSW-DOCK_HTVS_1-003_lib.mae
ATP-HTVS-87F6BDFAEB44,HTVS,-2.59210268831732,运行/运行/ATP-VSW/ATP-VSW-DOCK_HTVS_1-003_lib/ATP-VSW-DOCK_HTVS_1-003_lib.mae
ATP-HTVS-87F6BDFAEB44,HTVS,-2.31362910880875,运行/运行/ATP-VSW/ATP-VSW-DOCK_HTVS_1-003_lib/ATP-VSW-DOCK_HTVS_1-003_lib.mae
ATP-HTVS-8843DC2573F9,HTVS,-4.80139620770383,运行/运行/ATP-VSW/ATP-VSW-DOCK_HTVS_1-003_lib/ATP-VSW-DOCK_HTVS_1-003_lib.mae
ATP-HTVS-8843DC2573F9,HTVS,-4.18316255944171,运行/运行/ATP-VSW/ATP-VSW-DOCK_HTVS_1-003_lib/ATP-VSW-DOCK_HTVS_1-003_lib.mae
ATP-HTVS-8843DC2573F9,HTVS,-3.69566560581437,运行/运行/ATP-VSW/ATP-VSW-DOCK_HTVS_1-003_lib/ATP-VSW-DOCK_HTVS_1-003_lib.mae
ATP-HTVS-8843DC2573F9,HTVS,-3.26076303231152,运行/运行/ATP-VSW/ATP-VSW-DOCK_HTVS_1-003_lib/ATP-VSW-DOCK_HTVS_1-003_lib.mae
ATP-HTVS-8843DC2573F9,HTVS,-3.17238874585819,运行/运行/ATP-VSW/ATP-VSW-DOCK_HTVS_1-003_lib/ATP-VSW-DOCK_HTVS_1-003_lib.mae
ATP-HTVS-8843DC2573F9,HTVS,-2.98906447552401,运行/运行/ATP-VSW/ATP-VSW-DOCK_HTVS_1-003_lib/ATP-VSW-DOCK_HTVS_1-003_lib.mae
ATP-HTVS-8843DC2573F9,HTVS,-2.57020522606629,运行/运行/ATP-VSW/ATP-VSW-DOCK_HTVS_1-003_lib/ATP-VSW-DOCK_HTVS_1-003_lib.mae
ATP-HTVS-8843DC2573F9,HTVS,-2.39688927907255,运行/运行/ATP-VSW/ATP-VSW-DOCK_HTVS_1-003_lib/ATP-VSW-DOCK_HTVS_1-003_lib.mae
ATP-HTVS-88509AB3E069,HTVS,-3.91429947815711,运行/运行/ATP-VSW/ATP-VSW-DOCK_HTVS_1-002_lib.maegz
ATP-HTVS-88509AB3E069,HTVS,-1.7276704507168,运行/运行/ATP-VSW/ATP-VSW-DOCK_HTVS_1-002_lib.maegz
ATP-HTVS-8884805DC746,HTVS,-2.27199096008959,运行/运行/ATP-VSW/ATP-VSW-DOCK_HTVS_1-002_lib.maegz
ATP-HTVS-8892C512F7BC,HTVS,-3.52094598678312,运行/运行/ATP-VSW/ATP-VSW-DOCK_HTVS_1-003_lib/ATP-VSW-DOCK_HTVS_1-003_lib.mae
ATP-HTVS-8892C512F7BC,HTVS,-1.76977259011233,运行/运行/ATP-VSW/ATP-VSW-DOCK_HTVS_1-003_lib/ATP-VSW-DOCK_HTVS_1-003_lib.mae
ATP-HTVS-88F2ADA8327D,HTVS,-4.44922561351867,运行/运行/ATP-VSW/ATP-VSW-DOCK_HTVS_1-001_lib/ATP-VSW-DOCK_HTVS_1-001_lib
ATP-HTVS-88F2ADA8327D,HTVS,-4.31853046815633,运行/运行/ATP-VSW/ATP-VSW-DOCK_HTVS_1-001_lib/ATP-VSW-DOCK_HTVS_1-001_lib
ATP-HTVS-88F2ADA8327D,HTVS,-3.28178543319406,运行/运行/ATP-VSW/ATP-VSW-DOCK_HTVS_1-001_lib/ATP-VSW-DOCK_HTVS_1-001_lib
ATP-HTVS-88F2ADA8327D,HTVS,-2.08945839781853,运行/运行/ATP-VSW/ATP-VSW-DOCK_HTVS_1-001_lib/ATP-VSW-DOCK_HTVS_1-001_lib
ATP-HTVS-88F2ADA8327D,HTVS,-1.73509466182059,运行/运行/ATP-VSW/ATP-VSW-DOCK_HTVS_1-001_lib/ATP-VSW-DOCK_HTVS_1-001_lib
ATP-HTVS-88F2ADA8327D,HTVS,-1.50565167778781,运行/运行/ATP-VSW/ATP-VSW-DOCK_HTVS_1-001_lib/ATP-VSW-DOCK_HTVS_1-001_lib
ATP-HTVS-891CD438FA2D,HTVS,-2.59995777661064,运行/运行/ATP-VSW/ATP-VSW-DOCK_HTVS_1-003_lib/ATP-VSW-DOCK_HTVS_1-003_lib.mae
ATP-HTVS-892E5C6BD7E4,HTVS,-2.82877717099983,运行/运行/ATP-VSW/ATP-VSW-DOCK_HTVS_1-001_lib/ATP-VSW-DOCK_HTVS_1-001_lib
ATP-HTVS-89495CC893EC,HTVS,-3.04680898488259,运行/运行/ATP-VSW/ATP-VSW-DOCK_HTVS_1-001_lib/ATP-VSW-DOCK_HTVS_1-001_lib
ATP-HTVS-894F1E46B14F,HTVS,-3.9960269719394,运行/运行/ATP-VSW/ATP-VSW-DOCK_HTVS_1-002_lib.maegz
ATP-HTVS-894F1E46B14F,HTVS,-2.91795976620215,运行/运行/ATP-VSW/ATP-VSW-DOCK_HTVS_1-002_lib.maegz
ATP-HTVS-896D1EC960E1,HTVS,-1.70708224199109,运行/运行/ATP-VSW/ATP-VSW-DOCK_HTVS_1-003_lib/ATP-VSW-DOCK_HTVS_1-003_lib.mae
ATP-HTVS-896D1EC960E1,HTVS,-1.37421194930697,运行/运行/ATP-VSW/ATP-VSW-DOCK_HTVS_1-003_lib/ATP-VSW-DOCK_HTVS_1-003_lib.mae
ATP-HTVS-898AE5CA69D9,HTVS,-0.632866293840059,运行/运行/ATP-VSW/ATP-VSW-DOCK_HTVS_1-002_lib.maegz
ATP-HTVS-89936433B7DC,HTVS,-4.48006968537548,运行/运行/ATP-VSW/ATP-VSW-DOCK_HTVS_1-003_lib/ATP-VSW-DOCK_HTVS_1-003_lib.mae
ATP-HTVS-89936433B7DC,HTVS,-2.81919658505321,运行/运行/ATP-VSW/ATP-VSW-DOCK_HTVS_1-003_lib/ATP-VSW-DOCK_HTVS_1-003_lib.mae
ATP-HTVS-89F3E6A1D8C1,HTVS,-4.44180638518081,运行/运行/ATP-VSW/ATP-VSW-DOCK_HTVS_1-002_lib.maegz
ATP-HTVS-89F3E6A1D8C1,HTVS,-2.33923453103918,运行/运行/ATP-VSW/ATP-VSW-DOCK_HTVS_1-002_lib.maegz
ATP-HTVS-8A7A96DBFC1E,HTVS,-4.78532559102007,运行/运行/ATP-VSW/ATP-VSW-DOCK_HTVS_1-002_lib.maegz
ATP-HTVS-8A7A96DBFC1E,HTVS,-1.95179294522398,运行/运行/ATP-VSW/ATP-VSW-DOCK_HTVS_1-002_lib.maegz
ATP-HTVS-8A89FEC9078D,HTVS,-2.30937731399655,运行/运行/ATP-VSW/ATP-VSW-DOCK_HTVS_1-002_lib.maegz
ATP-HTVS-8B2F0F11D1D9,HTVS,-3.90926623222998,运行/运行/ATP-VSW/ATP-VSW-DOCK_HTVS_1-003_lib/ATP-VSW-DOCK_HTVS_1-003_lib.mae
ATP-HTVS-8B2F0F11D1D9,HTVS,-2.11340147597518,运行/运行/ATP-VSW/ATP-VSW-DOCK_HTVS_1-003_lib/ATP-VSW-DOCK_HTVS_1-003_lib.mae
ATP-HTVS-8B5B7778DF28,HTVS,-3.83445232620567,运行/运行/ATP-VSW/ATP-VSW-DOCK_HTVS_1-003_lib/ATP-VSW-DOCK_HTVS_1-003_lib.mae
ATP-HTVS-8B5B7778DF28,HTVS,-2.96568791900917,运行/运行/ATP-VSW/ATP-VSW-DOCK_HTVS_1-003_lib/ATP-VSW-DOCK_HTVS_1-003_lib.mae
ATP-HTVS-8BC83C5D0DE9,HTVS,-1.74762747950328,运行/运行/ATP-VSW/ATP-VSW-DOCK_HTVS_1-001_lib/ATP-VSW-DOCK_HTVS_1-001_lib
ATP-HTVS-8BE0537C7CD3,HTVS,-3.88835833556001,运行/运行/ATP-VSW/ATP-VSW-DOCK_HTVS_1-003_lib/ATP-VSW-DOCK_HTVS_1-003_lib.mae
ATP-HTVS-8BE0537C7CD3,HTVS,-3.76328008656772,运行/运行/ATP-VSW/ATP-VSW-DOCK_HTVS_1-003_lib/ATP-VSW-DOCK_HTVS_1-003_lib.mae
ATP-HTVS-8BE0537C7CD3,HTVS,-3.52462384661732,运行/运行/ATP-VSW/ATP-VSW-DOCK_HTVS_1-003_lib/ATP-VSW-DOCK_HTVS_1-003_lib.mae
ATP-HTVS-8BE0537C7CD3,HTVS,-2.31035493247609,运行/运行/ATP-VSW/ATP-VSW-DOCK_HTVS_1-003_lib/ATP-VSW-DOCK_HTVS_1-003_lib.mae
ATP-HTVS-8BE0537C7CD3,HTVS,-1.73802752058279,运行/运行/ATP-VSW/ATP-VSW-DOCK_HTVS_1-003_lib/ATP-VSW-DOCK_HTVS_1-003_lib.mae
ATP-HTVS-8BE0537C7CD3,HTVS,-1.44692031750154,运行/运行/ATP-VSW/ATP-VSW-DOCK_HTVS_1-003_lib/ATP-VSW-DOCK_HTVS_1-003_lib.mae
ATP-HTVS-8BF32585E280,HTVS,-4.02835975515627,运行/运行/ATP-VSW/ATP-VSW-DOCK_HTVS_1-003_lib/ATP-VSW-DOCK_HTVS_1-003_lib.mae
ATP-HTVS-8BF32585E280,HTVS,-3.39093594770024,运行/运行/ATP-VSW/ATP-VSW-DOCK_HTVS_1-003_lib/ATP-VSW-DOCK_HTVS_1-003_lib.mae
ATP-HTVS-8BF32585E280,HTVS,-3.14492154587155,运行/运行/ATP-VSW/ATP-VSW-DOCK_HTVS_1-003_lib/ATP-VSW-DOCK_HTVS_1-003_lib.mae
ATP-HTVS-8BF32585E280,HTVS,-2.13042728787434,运行/运行/ATP-VSW/ATP-VSW-DOCK_HTVS_1-003_lib/ATP-VSW-DOCK_HTVS_1-003_lib.mae
ATP-HTVS-8BFFC6150277,HTVS,-4.92968303389123,运行/运行/ATP-VSW/ATP-VSW-DOCK_HTVS_1-001_lib/ATP-VSW-DOCK_HTVS_1-001_lib
ATP-HTVS-8BFFC6150277,HTVS,-2.78464707918187,运行/运行/ATP-VSW/ATP-VSW-DOCK_HTVS_1-001_lib/ATP-VSW-DOCK_HTVS_1-001_lib
ATP-HTVS-8C1C7F16DF05,HTVS,-5.00025924119878,运行/运行/ATP-VSW/ATP-VSW-DOCK_HTVS_1-002_lib.maegz
ATP-HTVS-8C1C7F16DF05,HTVS,-3.06563373683059,运行/运行/ATP-VSW/ATP-VSW-DOCK_HTVS_1-002_lib.maegz
ATP-HTVS-8C32683EF27B,HTVS,-4.82787383653408,运行/运行/ATP-VSW/ATP-VSW-DOCK_HTVS_1-001_lib/ATP-VSW-DOCK_HTVS_1-001_lib
ATP-HTVS-8C32683EF27B,HTVS,-2.57770518204606,运行/运行/ATP-VSW/ATP-VSW-DOCK_HTVS_1-001_lib/ATP-VSW-DOCK_HTVS_1-001_lib
ATP-HTVS-8CA7F3DFAEDE,HTVS,-4.07577782355127,运行/运行/ATP-VSW/ATP-VSW-DOCK_HTVS_1-002_lib.maegz
ATP-HTVS-8CA7F3DFAEDE,HTVS,-3.78733247180706,运行/运行/ATP-VSW/ATP-VSW-DOCK_HTVS_1-002_lib.maegz
ATP-HTVS-8CA7F3DFAEDE,HTVS,-2.89055232985431,运行/运行/ATP-VSW/ATP-VSW-DOCK_HTVS_1-002_lib.maegz
ATP-HTVS-8CA7F3DFAEDE,HTVS,-2.15209839416967,运行/运行/ATP-VSW/ATP-VSW-DOCK_HTVS_1-002_lib.maegz
ATP-HTVS-8D220C5D1AB9,HTVS,-4.01019919635247,运行/运行/ATP-VSW/ATP-VSW-DOCK_HTVS_1-001_lib/ATP-VSW-DOCK_HTVS_1-001_lib
ATP-HTVS-8D220C5D1AB9,HTVS,-1.51516412746372,运行/运行/ATP-VSW/ATP-VSW-DOCK_HTVS_1-001_lib/ATP-VSW-DOCK_HTVS_1-001_lib
ATP-HTVS-8D32545BC421,HTVS,-3.51788261263812,运行/运行/ATP-VSW/ATP-VSW-DOCK_HTVS_1-003_lib/ATP-VSW-DOCK_HTVS_1-003_lib.mae
ATP-HTVS-8D32545BC421,HTVS,-1.35742352666833,运行/运行/ATP-VSW/ATP-VSW-DOCK_HTVS_1-003_lib/ATP-VSW-DOCK_HTVS_1-003_lib.mae
ATP-HTVS-8D4A93BCC2C7,HTVS,-4.4938529235344,运行/运行/ATP-VSW/ATP-VSW-DOCK_HTVS_1-001_lib/ATP-VSW-DOCK_HTVS_1-001_lib
ATP-HTVS-8D4A93BCC2C7,HTVS,-1.96322833167993,运行/运行/ATP-VSW/ATP-VSW-DOCK_HTVS_1-001_lib/ATP-VSW-DOCK_HTVS_1-001_lib
ATP-HTVS-8D6261309289,HTVS,-5.24954616744269,运行/运行/ATP-VSW/ATP-VSW-DOCK_HTVS_1-002_lib.maegz
ATP-HTVS-8D6261309289,HTVS,-4.77819626477481,运行/运行/ATP-VSW/ATP-VSW-DOCK_HTVS_1-002_lib.maegz
ATP-HTVS-8DFE2090913E,HTVS,-4.17485932143846,运行/运行/ATP-VSW/ATP-VSW-DOCK_HTVS_1-002_lib.maegz
ATP-HTVS-8DFE2090913E,HTVS,-2.37537525435429,运行/运行/ATP-VSW/ATP-VSW-DOCK_HTVS_1-002_lib.maegz
ATP-HTVS-8E104651B898,HTVS,-4.4147734230415,运行/运行/ATP-VSW/ATP-VSW-DOCK_HTVS_1-001_lib/ATP-VSW-DOCK_HTVS_1-001_lib
ATP-HTVS-8E104651B898,HTVS,-4.05200214557214,运行/运行/ATP-VSW/ATP-VSW-DOCK_HTVS_1-001_lib/ATP-VSW-DOCK_HTVS_1-001_lib
ATP-HTVS-8E104651B898,HTVS,-3.9330128498047,运行/运行/ATP-VSW/ATP-VSW-DOCK_HTVS_1-001_lib/ATP-VSW-DOCK_HTVS_1-001_lib
ATP-HTVS-8E104651B898,HTVS,-2.37016251508905,运行/运行/ATP-VSW/ATP-VSW-DOCK_HTVS_1-001_lib/ATP-VSW-DOCK_HTVS_1-001_lib
ATP-HTVS-8E104651B898,HTVS,-1.65686127332828,运行/运行/ATP-VSW/ATP-VSW-DOCK_HTVS_1-001_lib/ATP-VSW-DOCK_HTVS_1-001_lib
ATP-HTVS-8E17E50AE6CE,HTVS,-5.01745075970374,运行/运行/ATP-VSW/ATP-VSW-DOCK_HTVS_1-001_lib/ATP-VSW-DOCK_HTVS_1-001_lib
ATP-HTVS-8E1A44B1E9FD,HTVS,-6.11153668182053,运行/运行/ATP-VSW/ATP-VSW-DOCK_HTVS_1-001_lib/ATP-VSW-DOCK_HTVS_1-001_lib
ATP-HTVS-8E1A44B1E9FD,HTVS,-3.70997540527936,运行/运行/ATP-VSW/ATP-VSW-DOCK_HTVS_1-001_lib/ATP-VSW-DOCK_HTVS_1-001_lib
ATP-HTVS-8E1A44B1E9FD,HTVS,-3.16429755384968,运行/运行/ATP-VSW/ATP-VSW-DOCK_HTVS_1-001_lib/ATP-VSW-DOCK_HTVS_1-001_lib
ATP-HTVS-8E25FC822191,HTVS,-3.22209609675136,运行/运行/ATP-VSW/ATP-VSW-DOCK_HTVS_1-001_lib/ATP-VSW-DOCK_HTVS_1-001_lib
ATP-HTVS-8E36F3F2ACA8,HTVS,-4.30783461554105,运行/运行/ATP-VSW/ATP-VSW-DOCK_HTVS_1-002_lib.maegz
ATP-HTVS-8E36F3F2ACA8,HTVS,-3.73740302638511,运行/运行/ATP-VSW/ATP-VSW-DOCK_HTVS_1-002_lib.maegz
ATP-HTVS-8E36F3F2ACA8,HTVS,-3.64063988590906,运行/运行/ATP-VSW/ATP-VSW-DOCK_HTVS_1-002_lib.maegz
ATP-HTVS-8E36F3F2ACA8,HTVS,-2.9416029445205,运行/运行/ATP-VSW/ATP-VSW-DOCK_HTVS_1-002_lib.maegz
ATP-HTVS-8E36F3F2ACA8,HTVS,-1.92519966030251,运行/运行/ATP-VSW/ATP-VSW-DOCK_HTVS_1-002_lib.maegz
ATP-HTVS-8E36F3F2ACA8,HTVS,-1.80331997478465,运行/运行/ATP-VSW/ATP-VSW-DOCK_HTVS_1-002_lib.maegz
ATP-HTVS-8E36F3F2ACA8,HTVS,-1.73073284863501,运行/运行/ATP-VSW/ATP-VSW-DOCK_HTVS_1-002_lib.maegz
ATP-HTVS-8E36F3F2ACA8,HTVS,-0.807961668925991,运行/运行/ATP-VSW/ATP-VSW-DOCK_HTVS_1-002_lib.maegz
ATP-HTVS-8E3D409F2843,HTVS,-6.11799496353664,运行/运行/ATP-VSW/ATP-VSW-DOCK_HTVS_1-002_lib.maegz
ATP-HTVS-8E3D409F2843,HTVS,-3.84761681248662,运行/运行/ATP-VSW/ATP-VSW-DOCK_HTVS_1-002_lib.maegz
ATP-HTVS-8E3D409F2843,HTVS,-1.99728372338805,运行/运行/ATP-VSW/ATP-VSW-DOCK_HTVS_1-002_lib.maegz
ATP-HTVS-8E434DB2B88E,HTVS,-3.91474211257816,运行/运行/ATP-VSW/ATP-VSW-DOCK_HTVS_1-003_lib/ATP-VSW-DOCK_HTVS_1-003_lib.mae
ATP-HTVS-8E434DB2B88E,HTVS,-1.74636445178625,运行/运行/ATP-VSW/ATP-VSW-DOCK_HTVS_1-003_lib/ATP-VSW-DOCK_HTVS_1-003_lib.mae
ATP-HTVS-8E5D0C8C0586,HTVS,-1.92434302270637,运行/运行/ATP-VSW/ATP-VSW-DOCK_HTVS_1-002_lib.maegz
ATP-HTVS-8E6E87523B7B,HTVS,-4.09525814398742,运行/运行/ATP-VSW/ATP-VSW-DOCK_HTVS_1-003_lib/ATP-VSW-DOCK_HTVS_1-003_lib.mae
ATP-HTVS-8E6E87523B7B,HTVS,-3.68426412798416,运行/运行/ATP-VSW/ATP-VSW-DOCK_HTVS_1-003_lib/ATP-VSW-DOCK_HTVS_1-003_lib.mae
ATP-HTVS-8E7556763F42,HTVS,-1.99068628487857,运行/运行/ATP-VSW/ATP-VSW-DOCK_HTVS_1-003_lib/ATP-VSW-DOCK_HTVS_1-003_lib.mae
ATP-HTVS-8E7556763F42,HTVS,-1.94425646732768,运行/运行/ATP-VSW/ATP-VSW-DOCK_HTVS_1-003_lib/ATP-VSW-DOCK_HTVS_1-003_lib.mae
ATP-HTVS-8E7556763F42,HTVS,0.0677586753185029,运行/运行/ATP-VSW/ATP-VSW-DOCK_HTVS_1-003_lib/ATP-VSW-DOCK_HTVS_1-003_lib.mae
ATP-HTVS-8E7556763F42,HTVS,0.798160778066861,运行/运行/ATP-VSW/ATP-VSW-DOCK_HTVS_1-003_lib/ATP-VSW-DOCK_HTVS_1-003_lib.mae
ATP-HTVS-8EB0CBA3C42A,HTVS,-3.17605029065516,运行/运行/ATP-VSW/ATP-VSW-DOCK_HTVS_1-002_lib.maegz
ATP-HTVS-8EB0CBA3C42A,HTVS,-1.42170235306764,运行/运行/ATP-VSW/ATP-VSW-DOCK_HTVS_1-002_lib.maegz
ATP-HTVS-8EBB5954A050,HTVS,-3.56939813924896,运行/运行/ATP-VSW/ATP-VSW-DOCK_HTVS_1-003_lib/ATP-VSW-DOCK_HTVS_1-003_lib.mae
ATP-HTVS-8EBB5954A050,HTVS,-3.49450920953853,运行/运行/ATP-VSW/ATP-VSW-DOCK_HTVS_1-003_lib/ATP-VSW-DOCK_HTVS_1-003_lib.mae
ATP-HTVS-8EBB5954A050,HTVS,-2.91391127376297,运行/运行/ATP-VSW/ATP-VSW-DOCK_HTVS_1-003_lib/ATP-VSW-DOCK_HTVS_1-003_lib.mae
ATP-HTVS-8EBB5954A050,HTVS,-2.70851841098411,运行/运行/ATP-VSW/ATP-VSW-DOCK_HTVS_1-003_lib/ATP-VSW-DOCK_HTVS_1-003_lib.mae
ATP-HTVS-8ECA82FC9C79,HTVS,-4.38884417403909,运行/运行/ATP-VSW/ATP-VSW-DOCK_HTVS_1-002_lib.maegz
ATP-HTVS-8ECA82FC9C79,HTVS,-2.22205924500628,运行/运行/ATP-VSW/ATP-VSW-DOCK_HTVS_1-002_lib.maegz
ATP-HTVS-8EDB8C766CED,HTVS,-3.34082382228686,运行/运行/ATP-VSW/ATP-VSW-DOCK_HTVS_1-002_lib.maegz
ATP-HTVS-8EDB8C766CED,HTVS,-2.78882798264791,运行/运行/ATP-VSW/ATP-VSW-DOCK_HTVS_1-002_lib.maegz
ATP-HTVS-8EE5F01B86B2,HTVS,-1.66247542751148,运行/运行/ATP-VSW/ATP-VSW-DOCK_HTVS_1-001_lib/ATP-VSW-DOCK_HTVS_1-001_lib
ATP-HTVS-8EE5F01B86B2,HTVS,-1.11843485013062,运行/运行/ATP-VSW/ATP-VSW-DOCK_HTVS_1-001_lib/ATP-VSW-DOCK_HTVS_1-001_lib
ATP-HTVS-8F383301D999,HTVS,-6.30624062048678,运行/运行/ATP-VSW/ATP-VSW-DOCK_HTVS_1-002_lib.maegz
ATP-HTVS-8F383301D999,HTVS,-6.17282201871536,运行/运行/ATP-VSW/ATP-VSW-DOCK_HTVS_1-002_lib.maegz
ATP-HTVS-8F383301D999,HTVS,-5.4443090062279,运行/运行/ATP-VSW/ATP-VSW-DOCK_HTVS_1-002_lib.maegz
ATP-HTVS-8F383301D999,HTVS,-5.14363555006644,运行/运行/ATP-VSW/ATP-VSW-DOCK_HTVS_1-002_lib.maegz
ATP-HTVS-8F383301D999,HTVS,-4.30075585482274,运行/运行/ATP-VSW/ATP-VSW-DOCK_HTVS_1-002_lib.maegz
ATP-HTVS-8F383301D999,HTVS,-3.52613909755289,运行/运行/ATP-VSW/ATP-VSW-DOCK_HTVS_1-002_lib.maegz
ATP-HTVS-8F383301D999,HTVS,-3.43102115517732,运行/运行/ATP-VSW/ATP-VSW-DOCK_HTVS_1-002_lib.maegz
ATP-HTVS-8F383301D999,HTVS,-3.39448408369379,运行/运行/ATP-VSW/ATP-VSW-DOCK_HTVS_1-002_lib.maegz
ATP-HTVS-8F7863C4F42C,HTVS,-4.9087904899498,运行/运行/ATP-VSW/ATP-VSW-DOCK_HTVS_1-002_lib.maegz
ATP-HTVS-8F8686BB907F,HTVS,-4.53135217453925,运行/运行/ATP-VSW/ATP-VSW-DOCK_HTVS_1-003_lib/ATP-VSW-DOCK_HTVS_1-003_lib.mae
ATP-HTVS-8F8686BB907F,HTVS,-4.39347243679608,运行/运行/ATP-VSW/ATP-VSW-DOCK_HTVS_1-003_lib/ATP-VSW-DOCK_HTVS_1-003_lib.mae
ATP-HTVS-8F8686BB907F,HTVS,-3.80566589548307,运行/运行/ATP-VSW/ATP-VSW-DOCK_HTVS_1-003_lib/ATP-VSW-DOCK_HTVS_1-003_lib.mae
ATP-HTVS-8F8686BB907F,HTVS,-3.55721970698097,运行/运行/ATP-VSW/ATP-VSW-DOCK_HTVS_1-003_lib/ATP-VSW-DOCK_HTVS_1-003_lib.mae
ATP-HTVS-8FAB3387FC95,HTVS,-3.23460333570709,运行/运行/ATP-VSW/ATP-VSW-DOCK_HTVS_1-003_lib/ATP-VSW-DOCK_HTVS_1-003_lib.mae
ATP-HTVS-8FAB3387FC95,HTVS,-2.76742299538749,运行/运行/ATP-VSW/ATP-VSW-DOCK_HTVS_1-003_lib/ATP-VSW-DOCK_HTVS_1-003_lib.mae
ATP-HTVS-8FAC22D1DEE3,HTVS,-5.16915453027666,运行/运行/ATP-VSW/ATP-VSW-DOCK_HTVS_1-003_lib/ATP-VSW-DOCK_HTVS_1-003_lib.mae
ATP-HTVS-8FAC22D1DEE3,HTVS,-2.17504010047196,运行/运行/ATP-VSW/ATP-VSW-DOCK_HTVS_1-003_lib/ATP-VSW-DOCK_HTVS_1-003_lib.mae
ATP-HTVS-8FAD4DDE14EC,HTVS,-3.65197518750528,运行/运行/ATP-VSW/ATP-VSW-DOCK_HTVS_1-002_lib.maegz
ATP-HTVS-8FAD4DDE14EC,HTVS,-2.14826792253122,运行/运行/ATP-VSW/ATP-VSW-DOCK_HTVS_1-002_lib.maegz
ATP-HTVS-8FCE9ABFEDC9,HTVS,-4.59612623883549,运行/运行/ATP-VSW/ATP-VSW-DOCK_HTVS_1-003_lib/ATP-VSW-DOCK_HTVS_1-003_lib.mae
ATP-HTVS-8FCE9ABFEDC9,HTVS,-2.83891720712344,运行/运行/ATP-VSW/ATP-VSW-DOCK_HTVS_1-003_lib/ATP-VSW-DOCK_HTVS_1-003_lib.mae
ATP-HTVS-8FCE9ABFEDC9,HTVS,-2.52562833782581,运行/运行/ATP-VSW/ATP-VSW-DOCK_HTVS_1-003_lib/ATP-VSW-DOCK_HTVS_1-003_lib.mae
ATP-HTVS-8FCE9ABFEDC9,HTVS,-0.681953446577354,运行/运行/ATP-VSW/ATP-VSW-DOCK_HTVS_1-003_lib/ATP-VSW-DOCK_HTVS_1-003_lib.mae
ATP-HTVS-8FFDF10521D1,HTVS,-5.08473991012253,运行/运行/ATP-VSW/ATP-VSW-DOCK_HTVS_1-001_lib/ATP-VSW-DOCK_HTVS_1-001_lib
ATP-HTVS-8FFDF10521D1,HTVS,-4.11768547930014,运行/运行/ATP-VSW/ATP-VSW-DOCK_HTVS_1-001_lib/ATP-VSW-DOCK_HTVS_1-001_lib
ATP-HTVS-8FFDF10521D1,HTVS,-3.4535860513803,运行/运行/ATP-VSW/ATP-VSW-DOCK_HTVS_1-001_lib/ATP-VSW-DOCK_HTVS_1-001_lib
ATP-HTVS-8FFDF10521D1,HTVS,-3.10061568280751,运行/运行/ATP-VSW/ATP-VSW-DOCK_HTVS_1-001_lib/ATP-VSW-DOCK_HTVS_1-001_lib
ATP-HTVS-8FFDF10521D1,HTVS,-2.51228573570024,运行/运行/ATP-VSW/ATP-VSW-DOCK_HTVS_1-001_lib/ATP-VSW-DOCK_HTVS_1-001_lib
ATP-HTVS-903509DD9171,HTVS,-4.22794294026844,运行/运行/ATP-VSW/ATP-VSW-DOCK_HTVS_1-003_lib/ATP-VSW-DOCK_HTVS_1-003_lib.mae
ATP-HTVS-903509DD9171,HTVS,-2.88316404411719,运行/运行/ATP-VSW/ATP-VSW-DOCK_HTVS_1-003_lib/ATP-VSW-DOCK_HTVS_1-003_lib.mae
ATP-HTVS-903509DD9171,HTVS,-2.86693822160533,运行/运行/ATP-VSW/ATP-VSW-DOCK_HTVS_1-003_lib/ATP-VSW-DOCK_HTVS_1-003_lib.mae
ATP-HTVS-906C5B8F4575,HTVS,-2.60771824273476,运行/运行/ATP-VSW/ATP-VSW-DOCK_HTVS_1-002_lib.maegz
ATP-HTVS-9071C340676C,HTVS,-4.4993105710441,运行/运行/ATP-VSW/ATP-VSW-DOCK_HTVS_1-003_lib/ATP-VSW-DOCK_HTVS_1-003_lib.mae
ATP-HTVS-9071C340676C,HTVS,-1.93730037610692,运行/运行/ATP-VSW/ATP-VSW-DOCK_HTVS_1-003_lib/ATP-VSW-DOCK_HTVS_1-003_lib.mae
ATP-HTVS-90D8E935D6BA,HTVS,-3.61586634816549,运行/运行/ATP-VSW/ATP-VSW-DOCK_HTVS_1-003_lib/ATP-VSW-DOCK_HTVS_1-003_lib.mae
ATP-HTVS-90D8E935D6BA,HTVS,-1.79590805242358,运行/运行/ATP-VSW/ATP-VSW-DOCK_HTVS_1-003_lib/ATP-VSW-DOCK_HTVS_1-003_lib.mae
ATP-HTVS-90E2293F5662,HTVS,-3.76904070186571,运行/运行/ATP-VSW/ATP-VSW-DOCK_HTVS_1-003_lib/ATP-VSW-DOCK_HTVS_1-003_lib.mae
ATP-HTVS-90E2293F5662,HTVS,-3.52693075594198,运行/运行/ATP-VSW/ATP-VSW-DOCK_HTVS_1-003_lib/ATP-VSW-DOCK_HTVS_1-003_lib.mae
ATP-HTVS-90E2293F5662,HTVS,-2.64598681059857,运行/运行/ATP-VSW/ATP-VSW-DOCK_HTVS_1-003_lib/ATP-VSW-DOCK_HTVS_1-003_lib.mae
ATP-HTVS-90F616328265,HTVS,-3.91551756697436,运行/运行/ATP-VSW/ATP-VSW-DOCK_HTVS_1-002_lib.maegz
ATP-HTVS-90F616328265,HTVS,-2.33962493440567,运行/运行/ATP-VSW/ATP-VSW-DOCK_HTVS_1-002_lib.maegz
ATP-HTVS-9118BAC0F3E5,HTVS,-4.45713464556693,运行/运行/ATP-VSW/ATP-VSW-DOCK_HTVS_1-001_lib/ATP-VSW-DOCK_HTVS_1-001_lib
ATP-HTVS-9126C22B6E5D,HTVS,-4.35085127506382,运行/运行/ATP-VSW/ATP-VSW-DOCK_HTVS_1-001_lib/ATP-VSW-DOCK_HTVS_1-001_lib
ATP-HTVS-9126C22B6E5D,HTVS,-2.27956882656221,运行/运行/ATP-VSW/ATP-VSW-DOCK_HTVS_1-001_lib/ATP-VSW-DOCK_HTVS_1-001_lib
ATP-HTVS-91559CC1A0CF,HTVS,-4.680774902516,运行/运行/ATP-VSW/ATP-VSW-DOCK_HTVS_1-001_lib/ATP-VSW-DOCK_HTVS_1-001_lib
ATP-HTVS-91559CC1A0CF,HTVS,-2.74912233935692,运行/运行/ATP-VSW/ATP-VSW-DOCK_HTVS_1-001_lib/ATP-VSW-DOCK_HTVS_1-001_lib
ATP-HTVS-915EA674EB52,HTVS,-3.12601315930246,运行/运行/ATP-VSW/ATP-VSW-DOCK_HTVS_1-001_lib/ATP-VSW-DOCK_HTVS_1-001_lib
ATP-HTVS-917D65E68C1C,HTVS,-3.85121697689063,运行/运行/ATP-VSW/ATP-VSW-DOCK_HTVS_1-003_lib/ATP-VSW-DOCK_HTVS_1-003_lib.mae
ATP-HTVS-917D65E68C1C,HTVS,-3.66900707857247,运行/运行/ATP-VSW/ATP-VSW-DOCK_HTVS_1-003_lib/ATP-VSW-DOCK_HTVS_1-003_lib.mae
ATP-HTVS-917D65E68C1C,HTVS,-3.04199826872693,运行/运行/ATP-VSW/ATP-VSW-DOCK_HTVS_1-003_lib/ATP-VSW-DOCK_HTVS_1-003_lib.mae
ATP-HTVS-917D65E68C1C,HTVS,-2.68129885033273,运行/运行/ATP-VSW/ATP-VSW-DOCK_HTVS_1-003_lib/ATP-VSW-DOCK_HTVS_1-003_lib.mae
ATP-HTVS-917D65E68C1C,HTVS,-2.30074257449574,运行/运行/ATP-VSW/ATP-VSW-DOCK_HTVS_1-003_lib/ATP-VSW-DOCK_HTVS_1-003_lib.mae
ATP-HTVS-917D65E68C1C,HTVS,-2.26986886523745,运行/运行/ATP-VSW/ATP-VSW-DOCK_HTVS_1-003_lib/ATP-VSW-DOCK_HTVS_1-003_lib.mae
ATP-HTVS-917EA3B617CA,HTVS,-5.55670999827466,运行/运行/ATP-VSW/ATP-VSW-DOCK_HTVS_1-002_lib.maegz
ATP-HTVS-91FB2566E9C6,HTVS,-3.60648204518161,运行/运行/ATP-VSW/ATP-VSW-DOCK_HTVS_1-003_lib/ATP-VSW-DOCK_HTVS_1-003_lib.mae
ATP-HTVS-91FB2566E9C6,HTVS,-3.18305755236505,运行/运行/ATP-VSW/ATP-VSW-DOCK_HTVS_1-003_lib/ATP-VSW-DOCK_HTVS_1-003_lib.mae
ATP-HTVS-91FB2566E9C6,HTVS,-2.32590249619753,运行/运行/ATP-VSW/ATP-VSW-DOCK_HTVS_1-003_lib/ATP-VSW-DOCK_HTVS_1-003_lib.mae
ATP-HTVS-91FB2566E9C6,HTVS,-2.31220337769442,运行/运行/ATP-VSW/ATP-VSW-DOCK_HTVS_1-003_lib/ATP-VSW-DOCK_HTVS_1-003_lib.mae
ATP-HTVS-91FB2566E9C6,HTVS,-1.25452854036522,运行/运行/ATP-VSW/ATP-VSW-DOCK_HTVS_1-003_lib/ATP-VSW-DOCK_HTVS_1-003_lib.mae
ATP-HTVS-91FE8B97AF5D,HTVS,-4.73078737167212,运行/运行/ATP-VSW/ATP-VSW-DOCK_HTVS_1-002_lib.maegz
ATP-HTVS-925A357E73C9,HTVS,-5.27050292570935,运行/运行/ATP-VSW/ATP-VSW-DOCK_HTVS_1-001_lib/ATP-VSW-DOCK_HTVS_1-001_lib
ATP-HTVS-925A357E73C9,HTVS,-4.50259214284386,运行/运行/ATP-VSW/ATP-VSW-DOCK_HTVS_1-001_lib/ATP-VSW-DOCK_HTVS_1-001_lib
ATP-HTVS-925A357E73C9,HTVS,-3.80467979076955,运行/运行/ATP-VSW/ATP-VSW-DOCK_HTVS_1-001_lib/ATP-VSW-DOCK_HTVS_1-001_lib
ATP-HTVS-925A357E73C9,HTVS,-3.19095853607544,运行/运行/ATP-VSW/ATP-VSW-DOCK_HTVS_1-001_lib/ATP-VSW-DOCK_HTVS_1-001_lib
ATP-HTVS-925A357E73C9,HTVS,-2.91374596032434,运行/运行/ATP-VSW/ATP-VSW-DOCK_HTVS_1-001_lib/ATP-VSW-DOCK_HTVS_1-001_lib
ATP-HTVS-925A357E73C9,HTVS,-2.80443641517254,运行/运行/ATP-VSW/ATP-VSW-DOCK_HTVS_1-001_lib/ATP-VSW-DOCK_HTVS_1-001_lib
ATP-HTVS-925A357E73C9,HTVS,-1.61843383192355,运行/运行/ATP-VSW/ATP-VSW-DOCK_HTVS_1-001_lib/ATP-VSW-DOCK_HTVS_1-001_lib
ATP-HTVS-925A357E73C9,HTVS,-0.657430220024839,运行/运行/ATP-VSW/ATP-VSW-DOCK_HTVS_1-001_lib/ATP-VSW-DOCK_HTVS_1-001_lib
ATP-HTVS-9261E8E7C16B,HTVS,-4.28268244897226,运行/运行/ATP-VSW/ATP-VSW-DOCK_HTVS_1-002_lib.maegz
ATP-HTVS-9261E8E7C16B,HTVS,-3.14792102056326,运行/运行/ATP-VSW/ATP-VSW-DOCK_HTVS_1-002_lib.maegz
ATP-HTVS-9261E8E7C16B,HTVS,-2.84747907559368,运行/运行/ATP-VSW/ATP-VSW-DOCK_HTVS_1-002_lib.maegz
ATP-HTVS-9279E9D3CA8E,HTVS,-4.25826048465034,运行/运行/ATP-VSW/ATP-VSW-DOCK_HTVS_1-001_lib/ATP-VSW-DOCK_HTVS_1-001_lib
ATP-HTVS-9279E9D3CA8E,HTVS,-2.07762996315614,运行/运行/ATP-VSW/ATP-VSW-DOCK_HTVS_1-001_lib/ATP-VSW-DOCK_HTVS_1-001_lib
ATP-HTVS-928F3709654C,HTVS,-4.45239168748071,运行/运行/ATP-VSW/ATP-VSW-DOCK_HTVS_1-001_lib/ATP-VSW-DOCK_HTVS_1-001_lib
ATP-HTVS-928F3709654C,HTVS,-1.25307963445078,运行/运行/ATP-VSW/ATP-VSW-DOCK_HTVS_1-001_lib/ATP-VSW-DOCK_HTVS_1-001_lib
ATP-HTVS-92BA88CED8DA,HTVS,-6.1795954276148,运行/运行/ATP-VSW/ATP-VSW-DOCK_HTVS_1-001_lib/ATP-VSW-DOCK_HTVS_1-001_lib
ATP-HTVS-92BA88CED8DA,HTVS,-3.76598039522502,运行/运行/ATP-VSW/ATP-VSW-DOCK_HTVS_1-001_lib/ATP-VSW-DOCK_HTVS_1-001_lib
ATP-HTVS-92BA88CED8DA,HTVS,-2.54480302497607,运行/运行/ATP-VSW/ATP-VSW-DOCK_HTVS_1-001_lib/ATP-VSW-DOCK_HTVS_1-001_lib
ATP-HTVS-92C487CB2C4B,HTVS,-4.47030229665557,运行/运行/ATP-VSW/ATP-VSW-DOCK_HTVS_1-001_lib/ATP-VSW-DOCK_HTVS_1-001_lib
ATP-HTVS-92C487CB2C4B,HTVS,-4.3549537437465,运行/运行/ATP-VSW/ATP-VSW-DOCK_HTVS_1-001_lib/ATP-VSW-DOCK_HTVS_1-001_lib
ATP-HTVS-92C487CB2C4B,HTVS,-3.87520465416303,运行/运行/ATP-VSW/ATP-VSW-DOCK_HTVS_1-001_lib/ATP-VSW-DOCK_HTVS_1-001_lib
ATP-HTVS-92C487CB2C4B,HTVS,-2.89379534322099,运行/运行/ATP-VSW/ATP-VSW-DOCK_HTVS_1-001_lib/ATP-VSW-DOCK_HTVS_1-001_lib
ATP-HTVS-92C487CB2C4B,HTVS,-1.89511054746234,运行/运行/ATP-VSW/ATP-VSW-DOCK_HTVS_1-001_lib/ATP-VSW-DOCK_HTVS_1-001_lib
ATP-HTVS-92C487CB2C4B,HTVS,-1.70179571335236,运行/运行/ATP-VSW/ATP-VSW-DOCK_HTVS_1-001_lib/ATP-VSW-DOCK_HTVS_1-001_lib
ATP-HTVS-92D1D8A066E2,HTVS,-2.65640299054939,运行/运行/ATP-VSW/ATP-VSW-DOCK_HTVS_1-002_lib.maegz
ATP-HTVS-92D1D8A066E2,HTVS,-2.11902400435862,运行/运行/ATP-VSW/ATP-VSW-DOCK_HTVS_1-002_lib.maegz
ATP-HTVS-92F0D0267220,HTVS,-4.57744836383982,运行/运行/ATP-VSW/ATP-VSW-DOCK_HTVS_1-002_lib.maegz
ATP-HTVS-9352BEE24C86,HTVS,-5.27203094462307,运行/运行/ATP-VSW/ATP-VSW-DOCK_HTVS_1-002_lib.maegz
ATP-HTVS-9352BEE24C86,HTVS,-4.8419756958227,运行/运行/ATP-VSW/ATP-VSW-DOCK_HTVS_1-002_lib.maegz
ATP-HTVS-9352BEE24C86,HTVS,-2.14304994590427,运行/运行/ATP-VSW/ATP-VSW-DOCK_HTVS_1-002_lib.maegz
ATP-HTVS-9352BEE24C86,HTVS,-2.08566301205896,运行/运行/ATP-VSW/ATP-VSW-DOCK_HTVS_1-002_lib.maegz
ATP-HTVS-9360F17A3EC6,HTVS,-4.94808290662811,运行/运行/ATP-VSW/ATP-VSW-DOCK_HTVS_1-001_lib/ATP-VSW-DOCK_HTVS_1-001_lib
ATP-HTVS-9360F17A3EC6,HTVS,-2.93343724639864,运行/运行/ATP-VSW/ATP-VSW-DOCK_HTVS_1-001_lib/ATP-VSW-DOCK_HTVS_1-001_lib
ATP-HTVS-9393AACC3570,HTVS,-4.09612916239728,运行/运行/ATP-VSW/ATP-VSW-DOCK_HTVS_1-002_lib.maegz
ATP-HTVS-93C7314F95B0,HTVS,-1.73857734327022,运行/运行/ATP-VSW/ATP-VSW-DOCK_HTVS_1-003_lib/ATP-VSW-DOCK_HTVS_1-003_lib.mae
ATP-HTVS-93C7314F95B0,HTVS,-0.923958973416057,运行/运行/ATP-VSW/ATP-VSW-DOCK_HTVS_1-003_lib/ATP-VSW-DOCK_HTVS_1-003_lib.mae
ATP-HTVS-93CB38BE3680,HTVS,-5.15580573349618,运行/运行/ATP-VSW/ATP-VSW-DOCK_HTVS_1-003_lib/ATP-VSW-DOCK_HTVS_1-003_lib.mae
ATP-HTVS-93CB38BE3680,HTVS,-2.27350382790071,运行/运行/ATP-VSW/ATP-VSW-DOCK_HTVS_1-003_lib/ATP-VSW-DOCK_HTVS_1-003_lib.mae
ATP-HTVS-93E6D0793690,HTVS,-4.7710526005952,运行/运行/ATP-VSW/ATP-VSW-DOCK_HTVS_1-001_lib/ATP-VSW-DOCK_HTVS_1-001_lib
ATP-HTVS-94036CD3F111,HTVS,-2.79144307709762,运行/运行/ATP-VSW/ATP-VSW-DOCK_HTVS_1-002_lib.maegz
ATP-HTVS-94448DA501C0,HTVS,-4.51449028526668,运行/运行/ATP-VSW/ATP-VSW-DOCK_HTVS_1-002_lib.maegz
ATP-HTVS-9480C2297FB5,HTVS,-4.42481376111799,运行/运行/ATP-VSW/ATP-VSW-DOCK_HTVS_1-003_lib/ATP-VSW-DOCK_HTVS_1-003_lib.mae
ATP-HTVS-9480C2297FB5,HTVS,-2.99637888918931,运行/运行/ATP-VSW/ATP-VSW-DOCK_HTVS_1-003_lib/ATP-VSW-DOCK_HTVS_1-003_lib.mae
ATP-HTVS-9480C2297FB5,HTVS,-1.75943605819553,运行/运行/ATP-VSW/ATP-VSW-DOCK_HTVS_1-003_lib/ATP-VSW-DOCK_HTVS_1-003_lib.mae
ATP-HTVS-94941B52F5EC,HTVS,-3.43266651054237,运行/运行/ATP-VSW/ATP-VSW-DOCK_HTVS_1-001_lib/ATP-VSW-DOCK_HTVS_1-001_lib
ATP-HTVS-94D8827D88B0,HTVS,-3.23224548519724,运行/运行/ATP-VSW/ATP-VSW-DOCK_HTVS_1-003_lib/ATP-VSW-DOCK_HTVS_1-003_lib.mae
ATP-HTVS-94FDA1BF8648,HTVS,-3.61857230261687,运行/运行/ATP-VSW/ATP-VSW-DOCK_HTVS_1-003_lib/ATP-VSW-DOCK_HTVS_1-003_lib.mae
ATP-HTVS-9505CBC4E7EE,HTVS,-1.65167439484376,运行/运行/ATP-VSW/ATP-VSW-DOCK_HTVS_1-001_lib/ATP-VSW-DOCK_HTVS_1-001_lib
ATP-HTVS-952C6901247D,HTVS,-4.77328082745397,运行/运行/ATP-VSW/ATP-VSW-DOCK_HTVS_1-002_lib.maegz
ATP-HTVS-952C6901247D,HTVS,-3.5095856951886,运行/运行/ATP-VSW/ATP-VSW-DOCK_HTVS_1-002_lib.maegz
ATP-HTVS-952C6901247D,HTVS,-2.43269012357935,运行/运行/ATP-VSW/ATP-VSW-DOCK_HTVS_1-002_lib.maegz
ATP-HTVS-9548848ABB82,HTVS,-3.80376357856523,运行/运行/ATP-VSW/ATP-VSW-DOCK_HTVS_1-001_lib/ATP-VSW-DOCK_HTVS_1-001_lib
ATP-HTVS-9548848ABB82,HTVS,-3.5955836772268,运行/运行/ATP-VSW/ATP-VSW-DOCK_HTVS_1-001_lib/ATP-VSW-DOCK_HTVS_1-001_lib
ATP-HTVS-9548848ABB82,HTVS,-2.25859414317189,运行/运行/ATP-VSW/ATP-VSW-DOCK_HTVS_1-001_lib/ATP-VSW-DOCK_HTVS_1-001_lib
ATP-HTVS-9548848ABB82,HTVS,-1.89001520728219,运行/运行/ATP-VSW/ATP-VSW-DOCK_HTVS_1-001_lib/ATP-VSW-DOCK_HTVS_1-001_lib
ATP-HTVS-954980F32CB7,HTVS,-4.89048614238512,运行/运行/ATP-VSW/ATP-VSW-DOCK_HTVS_1-002_lib.maegz
ATP-HTVS-954980F32CB7,HTVS,-4.15776048467731,运行/运行/ATP-VSW/ATP-VSW-DOCK_HTVS_1-002_lib.maegz
ATP-HTVS-954980F32CB7,HTVS,-3.58685110296843,运行/运行/ATP-VSW/ATP-VSW-DOCK_HTVS_1-002_lib.maegz
ATP-HTVS-954980F32CB7,HTVS,-3.18096554621622,运行/运行/ATP-VSW/ATP-VSW-DOCK_HTVS_1-002_lib.maegz
ATP-HTVS-954980F32CB7,HTVS,-2.91755510734906,运行/运行/ATP-VSW/ATP-VSW-DOCK_HTVS_1-002_lib.maegz
ATP-HTVS-954980F32CB7,HTVS,-2.81317672841872,运行/运行/ATP-VSW/ATP-VSW-DOCK_HTVS_1-002_lib.maegz
ATP-HTVS-954980F32CB7,HTVS,-1.02716148533247,运行/运行/ATP-VSW/ATP-VSW-DOCK_HTVS_1-002_lib.maegz
ATP-HTVS-954980F32CB7,HTVS,-0.0202421408533584,运行/运行/ATP-VSW/ATP-VSW-DOCK_HTVS_1-002_lib.maegz
ATP-HTVS-95B9B67075F0,HTVS,-3.60768913216631,运行/运行/ATP-VSW/ATP-VSW-DOCK_HTVS_1-003_lib/ATP-VSW-DOCK_HTVS_1-003_lib.mae
ATP-HTVS-95B9B67075F0,HTVS,-2.97845583797743,运行/运行/ATP-VSW/ATP-VSW-DOCK_HTVS_1-003_lib/ATP-VSW-DOCK_HTVS_1-003_lib.mae
ATP-HTVS-95C9BC6D1CE7,HTVS,-4.77672736272663,运行/运行/ATP-VSW/ATP-VSW-DOCK_HTVS_1-002_lib.maegz
ATP-HTVS-95C9BC6D1CE7,HTVS,-2.19491241312032,运行/运行/ATP-VSW/ATP-VSW-DOCK_HTVS_1-002_lib.maegz
ATP-HTVS-95D1FAD4F080,HTVS,-3.36505156641546,运行/运行/ATP-VSW/ATP-VSW-DOCK_HTVS_1-003_lib/ATP-VSW-DOCK_HTVS_1-003_lib.mae
ATP-HTVS-95D1FAD4F080,HTVS,-1.43761994809075,运行/运行/ATP-VSW/ATP-VSW-DOCK_HTVS_1-003_lib/ATP-VSW-DOCK_HTVS_1-003_lib.mae
ATP-HTVS-95D98DD03D76,HTVS,-1.84497504190729,运行/运行/ATP-VSW/ATP-VSW-DOCK_HTVS_1-002_lib.maegz
ATP-HTVS-95EE858F8EEC,HTVS,-1.27996467838941,运行/运行/ATP-VSW/ATP-VSW-DOCK_HTVS_1-001_lib/ATP-VSW-DOCK_HTVS_1-001_lib
ATP-HTVS-96035055C171,HTVS,-5.8406342578885,运行/运行/ATP-VSW/ATP-VSW-DOCK_HTVS_1-001_lib/ATP-VSW-DOCK_HTVS_1-001_lib
ATP-HTVS-96035055C171,HTVS,-4.39850372367366,运行/运行/ATP-VSW/ATP-VSW-DOCK_HTVS_1-001_lib/ATP-VSW-DOCK_HTVS_1-001_lib
ATP-HTVS-96035055C171,HTVS,-2.76607715461729,运行/运行/ATP-VSW/ATP-VSW-DOCK_HTVS_1-001_lib/ATP-VSW-DOCK_HTVS_1-001_lib
ATP-HTVS-96035055C171,HTVS,-2.75922038864731,运行/运行/ATP-VSW/ATP-VSW-DOCK_HTVS_1-001_lib/ATP-VSW-DOCK_HTVS_1-001_lib
ATP-HTVS-9640828E0D0B,HTVS,-3.35213698024349,运行/运行/ATP-VSW/ATP-VSW-DOCK_HTVS_1-003_lib/ATP-VSW-DOCK_HTVS_1-003_lib.mae
ATP-HTVS-96C7A2856398,HTVS,-3.90880903018788,运行/运行/ATP-VSW/ATP-VSW-DOCK_HTVS_1-001_lib/ATP-VSW-DOCK_HTVS_1-001_lib
ATP-HTVS-96C7A2856398,HTVS,-3.45715640357428,运行/运行/ATP-VSW/ATP-VSW-DOCK_HTVS_1-001_lib/ATP-VSW-DOCK_HTVS_1-001_lib
ATP-HTVS-96C7A2856398,HTVS,-2.69192747404929,运行/运行/ATP-VSW/ATP-VSW-DOCK_HTVS_1-001_lib/ATP-VSW-DOCK_HTVS_1-001_lib
ATP-HTVS-9702CFD2E9A2,HTVS,-5.06834388681742,运行/运行/ATP-VSW/ATP-VSW-DOCK_HTVS_1-001_lib/ATP-VSW-DOCK_HTVS_1-001_lib
ATP-HTVS-9702CFD2E9A2,HTVS,-1.96789073284589,运行/运行/ATP-VSW/ATP-VSW-DOCK_HTVS_1-001_lib/ATP-VSW-DOCK_HTVS_1-001_lib
ATP-HTVS-970FBD5470AF,HTVS,-1.69707213270437,运行/运行/ATP-VSW/ATP-VSW-DOCK_HTVS_1-001_lib/ATP-VSW-DOCK_HTVS_1-001_lib
ATP-HTVS-970FBD5470AF,HTVS,-0.498361553786254,运行/运行/ATP-VSW/ATP-VSW-DOCK_HTVS_1-001_lib/ATP-VSW-DOCK_HTVS_1-001_lib
ATP-HTVS-970FBD5470AF,HTVS,-0.495522755025583,运行/运行/ATP-VSW/ATP-VSW-DOCK_HTVS_1-001_lib/ATP-VSW-DOCK_HTVS_1-001_lib
ATP-HTVS-970FBD5470AF,HTVS,-0.0959031576882558,运行/运行/ATP-VSW/ATP-VSW-DOCK_HTVS_1-001_lib/ATP-VSW-DOCK_HTVS_1-001_lib
ATP-HTVS-970FBD5470AF,HTVS,0.0373307618777028,运行/运行/ATP-VSW/ATP-VSW-DOCK_HTVS_1-001_lib/ATP-VSW-DOCK_HTVS_1-001_lib
ATP-HTVS-970FD2D7162F,HTVS,-4.93997564537262,运行/运行/ATP-VSW/ATP-VSW-DOCK_HTVS_1-002_lib.maegz
ATP-HTVS-970FD2D7162F,HTVS,-4.67987055246851,运行/运行/ATP-VSW/ATP-VSW-DOCK_HTVS_1-002_lib.maegz
ATP-HTVS-970FD2D7162F,HTVS,-2.71484013443582,运行/运行/ATP-VSW/ATP-VSW-DOCK_HTVS_1-002_lib.maegz
ATP-HTVS-970FD2D7162F,HTVS,-1.7579035916631,运行/运行/ATP-VSW/ATP-VSW-DOCK_HTVS_1-002_lib.maegz
ATP-HTVS-971CA853FA9A,HTVS,-1.95528776146002,运行/运行/ATP-VSW/ATP-VSW-DOCK_HTVS_1-003_lib/ATP-VSW-DOCK_HTVS_1-003_lib.mae
ATP-HTVS-971CA853FA9A,HTVS,-0.222584889352528,运行/运行/ATP-VSW/ATP-VSW-DOCK_HTVS_1-003_lib/ATP-VSW-DOCK_HTVS_1-003_lib.mae
ATP-HTVS-976CFBCF515D,HTVS,-4.53790384148156,运行/运行/ATP-VSW/ATP-VSW-DOCK_HTVS_1-001_lib/ATP-VSW-DOCK_HTVS_1-001_lib
ATP-HTVS-976CFBCF515D,HTVS,-3.97036224245204,运行/运行/ATP-VSW/ATP-VSW-DOCK_HTVS_1-001_lib/ATP-VSW-DOCK_HTVS_1-001_lib
ATP-HTVS-976CFBCF515D,HTVS,-3.91152009760642,运行/运行/ATP-VSW/ATP-VSW-DOCK_HTVS_1-001_lib/ATP-VSW-DOCK_HTVS_1-001_lib
ATP-HTVS-976CFBCF515D,HTVS,-3.63632296976619,运行/运行/ATP-VSW/ATP-VSW-DOCK_HTVS_1-001_lib/ATP-VSW-DOCK_HTVS_1-001_lib
ATP-HTVS-976CFBCF515D,HTVS,-2.28626276648239,运行/运行/ATP-VSW/ATP-VSW-DOCK_HTVS_1-001_lib/ATP-VSW-DOCK_HTVS_1-001_lib
ATP-HTVS-9774402850E8,HTVS,-1.68224263464737,运行/运行/ATP-VSW/ATP-VSW-DOCK_HTVS_1-001_lib/ATP-VSW-DOCK_HTVS_1-001_lib
ATP-HTVS-9774402850E8,HTVS,-1.62881444409395,运行/运行/ATP-VSW/ATP-VSW-DOCK_HTVS_1-001_lib/ATP-VSW-DOCK_HTVS_1-001_lib
ATP-HTVS-980C1FC6FC1E,HTVS,-2.76518341494562,运行/运行/ATP-VSW/ATP-VSW-DOCK_HTVS_1-001_lib/ATP-VSW-DOCK_HTVS_1-001_lib
ATP-HTVS-985FC5CCBDCC,HTVS,-5.71487107256953,运行/运行/ATP-VSW/ATP-VSW-DOCK_HTVS_1-003_lib/ATP-VSW-DOCK_HTVS_1-003_lib.mae
ATP-HTVS-985FC5CCBDCC,HTVS,-4.67478404847491,运行/运行/ATP-VSW/ATP-VSW-DOCK_HTVS_1-003_lib/ATP-VSW-DOCK_HTVS_1-003_lib.mae
ATP-HTVS-985FC5CCBDCC,HTVS,-3.51356538133514,运行/运行/ATP-VSW/ATP-VSW-DOCK_HTVS_1-003_lib/ATP-VSW-DOCK_HTVS_1-003_lib.mae
ATP-HTVS-985FC5CCBDCC,HTVS,-3.13070141395296,运行/运行/ATP-VSW/ATP-VSW-DOCK_HTVS_1-003_lib/ATP-VSW-DOCK_HTVS_1-003_lib.mae
ATP-HTVS-986AE7271DA8,HTVS,-4.27746207723396,运行/运行/ATP-VSW/ATP-VSW-DOCK_HTVS_1-001_lib/ATP-VSW-DOCK_HTVS_1-001_lib
ATP-HTVS-986AE7271DA8,HTVS,-3.65653094360409,运行/运行/ATP-VSW/ATP-VSW-DOCK_HTVS_1-001_lib/ATP-VSW-DOCK_HTVS_1-001_lib
ATP-HTVS-986AE7271DA8,HTVS,-2.6827418396744,运行/运行/ATP-VSW/ATP-VSW-DOCK_HTVS_1-001_lib/ATP-VSW-DOCK_HTVS_1-001_lib
ATP-HTVS-986AE7271DA8,HTVS,-1.23920584294703,运行/运行/ATP-VSW/ATP-VSW-DOCK_HTVS_1-001_lib/ATP-VSW-DOCK_HTVS_1-001_lib
ATP-HTVS-9898F3268698,HTVS,-2.98447795196858,运行/运行/ATP-VSW/ATP-VSW-DOCK_HTVS_1-001_lib/ATP-VSW-DOCK_HTVS_1-001_lib
ATP-HTVS-98A0502BF743,HTVS,-5.16291107795336,运行/运行/ATP-VSW/ATP-VSW-DOCK_HTVS_1-001_lib/ATP-VSW-DOCK_HTVS_1-001_lib
ATP-HTVS-98A0502BF743,HTVS,-5.11871093374554,运行/运行/ATP-VSW/ATP-VSW-DOCK_HTVS_1-001_lib/ATP-VSW-DOCK_HTVS_1-001_lib
ATP-HTVS-98A0502BF743,HTVS,-3.08475481504315,运行/运行/ATP-VSW/ATP-VSW-DOCK_HTVS_1-001_lib/ATP-VSW-DOCK_HTVS_1-001_lib
ATP-HTVS-98A0502BF743,HTVS,-2.89336727252026,运行/运行/ATP-VSW/ATP-VSW-DOCK_HTVS_1-001_lib/ATP-VSW-DOCK_HTVS_1-001_lib
ATP-HTVS-98A0502BF743,HTVS,-2.85644511297908,运行/运行/ATP-VSW/ATP-VSW-DOCK_HTVS_1-001_lib/ATP-VSW-DOCK_HTVS_1-001_lib
ATP-HTVS-98A0502BF743,HTVS,-1.18831378962629,运行/运行/ATP-VSW/ATP-VSW-DOCK_HTVS_1-001_lib/ATP-VSW-DOCK_HTVS_1-001_lib
ATP-HTVS-98C6C787C9CA,HTVS,-4.54109621763806,运行/运行/ATP-VSW/ATP-VSW-DOCK_HTVS_1-003_lib/ATP-VSW-DOCK_HTVS_1-003_lib.mae
ATP-HTVS-98C6C787C9CA,HTVS,-4.52604693891484,运行/运行/ATP-VSW/ATP-VSW-DOCK_HTVS_1-003_lib/ATP-VSW-DOCK_HTVS_1-003_lib.mae
ATP-HTVS-98C6C787C9CA,HTVS,-4.40986268942621,运行/运行/ATP-VSW/ATP-VSW-DOCK_HTVS_1-003_lib/ATP-VSW-DOCK_HTVS_1-003_lib.mae
ATP-HTVS-98C6C787C9CA,HTVS,-3.1191076564212,运行/运行/ATP-VSW/ATP-VSW-DOCK_HTVS_1-003_lib/ATP-VSW-DOCK_HTVS_1-003_lib.mae
ATP-HTVS-98E751432A52,HTVS,-6.28735821177687,运行/运行/ATP-VSW/ATP-VSW-DOCK_HTVS_1-002_lib.maegz
ATP-HTVS-98EFE7D538B2,HTVS,-4.46443026285238,运行/运行/ATP-VSW/ATP-VSW-DOCK_HTVS_1-003_lib/ATP-VSW-DOCK_HTVS_1-003_lib.mae
ATP-HTVS-98EFE7D538B2,HTVS,-2.33771449752579,运行/运行/ATP-VSW/ATP-VSW-DOCK_HTVS_1-003_lib/ATP-VSW-DOCK_HTVS_1-003_lib.mae
ATP-HTVS-99217F2350A2,HTVS,-1.4304558968226,运行/运行/ATP-VSW/ATP-VSW-DOCK_HTVS_1-002_lib.maegz
ATP-HTVS-99217F2350A2,HTVS,-1.28429734672827,运行/运行/ATP-VSW/ATP-VSW-DOCK_HTVS_1-002_lib.maegz
ATP-HTVS-99217F2350A2,HTVS,0.406667384824555,运行/运行/ATP-VSW/ATP-VSW-DOCK_HTVS_1-002_lib.maegz
ATP-HTVS-99217F2350A2,HTVS,0.563231413799196,运行/运行/ATP-VSW/ATP-VSW-DOCK_HTVS_1-002_lib.maegz
ATP-HTVS-99483DBEAA78,HTVS,-6.3660091336744,运行/运行/ATP-VSW/ATP-VSW-DOCK_HTVS_1-003_lib/ATP-VSW-DOCK_HTVS_1-003_lib.mae
ATP-HTVS-99483DBEAA78,HTVS,-3.25092562317395,运行/运行/ATP-VSW/ATP-VSW-DOCK_HTVS_1-003_lib/ATP-VSW-DOCK_HTVS_1-003_lib.mae
ATP-HTVS-99483DBEAA78,HTVS,-2.09182576003361,运行/运行/ATP-VSW/ATP-VSW-DOCK_HTVS_1-003_lib/ATP-VSW-DOCK_HTVS_1-003_lib.mae
ATP-HTVS-99483DBEAA78,HTVS,-1.2434606179725,运行/运行/ATP-VSW/ATP-VSW-DOCK_HTVS_1-003_lib/ATP-VSW-DOCK_HTVS_1-003_lib.mae
ATP-HTVS-9967BD998929,HTVS,-4.99163821619935,运行/运行/ATP-VSW/ATP-VSW-DOCK_HTVS_1-002_lib.maegz
ATP-HTVS-9967BD998929,HTVS,-4.53995610386901,运行/运行/ATP-VSW/ATP-VSW-DOCK_HTVS_1-002_lib.maegz
ATP-HTVS-9967BD998929,HTVS,-1.90358481417559,运行/运行/ATP-VSW/ATP-VSW-DOCK_HTVS_1-002_lib.maegz
ATP-HTVS-9967BD998929,HTVS,-1.69898331199608,运行/运行/ATP-VSW/ATP-VSW-DOCK_HTVS_1-002_lib.maegz
ATP-HTVS-99B36318F637,HTVS,-4.85891735735908,运行/运行/ATP-VSW/ATP-VSW-DOCK_HTVS_1-001_lib/ATP-VSW-DOCK_HTVS_1-001_lib
ATP-HTVS-99B36318F637,HTVS,-4.77596307231129,运行/运行/ATP-VSW/ATP-VSW-DOCK_HTVS_1-001_lib/ATP-VSW-DOCK_HTVS_1-001_lib
ATP-HTVS-99B36318F637,HTVS,-3.50357035294599,运行/运行/ATP-VSW/ATP-VSW-DOCK_HTVS_1-001_lib/ATP-VSW-DOCK_HTVS_1-001_lib
ATP-HTVS-99E4671812AC,HTVS,-5.21773634407887,运行/运行/ATP-VSW/ATP-VSW-DOCK_HTVS_1-001_lib/ATP-VSW-DOCK_HTVS_1-001_lib
ATP-HTVS-99E4671812AC,HTVS,-2.31305248066604,运行/运行/ATP-VSW/ATP-VSW-DOCK_HTVS_1-001_lib/ATP-VSW-DOCK_HTVS_1-001_lib
ATP-HTVS-9A332D1A0286,HTVS,-3.77220722696342,运行/运行/ATP-VSW/ATP-VSW-DOCK_HTVS_1-001_lib/ATP-VSW-DOCK_HTVS_1-001_lib
ATP-HTVS-9A3A5E055FE2,HTVS,-5.01552846270557,运行/运行/ATP-VSW/ATP-VSW-DOCK_HTVS_1-003_lib/ATP-VSW-DOCK_HTVS_1-003_lib.mae
ATP-HTVS-9A3A5E055FE2,HTVS,-2.65304005932535,运行/运行/ATP-VSW/ATP-VSW-DOCK_HTVS_1-003_lib/ATP-VSW-DOCK_HTVS_1-003_lib.mae
ATP-HTVS-9A3A5E055FE2,HTVS,-2.42948808701729,运行/运行/ATP-VSW/ATP-VSW-DOCK_HTVS_1-003_lib/ATP-VSW-DOCK_HTVS_1-003_lib.mae
ATP-HTVS-9A75570B0E27,HTVS,-4.5760706909973,运行/运行/ATP-VSW/ATP-VSW-DOCK_HTVS_1-001_lib/ATP-VSW-DOCK_HTVS_1-001_lib
ATP-HTVS-9A75570B0E27,HTVS,-2.22865913246879,运行/运行/ATP-VSW/ATP-VSW-DOCK_HTVS_1-001_lib/ATP-VSW-DOCK_HTVS_1-001_lib
ATP-HTVS-9A76BB66DB1D,HTVS,-4.55268185778533,运行/运行/ATP-VSW/ATP-VSW-DOCK_HTVS_1-002_lib.maegz
ATP-HTVS-9A76BB66DB1D,HTVS,-3.71874490280872,运行/运行/ATP-VSW/ATP-VSW-DOCK_HTVS_1-002_lib.maegz
ATP-HTVS-9A86ECE1052E,HTVS,-4.15115908446999,运行/运行/ATP-VSW/ATP-VSW-DOCK_HTVS_1-001_lib/ATP-VSW-DOCK_HTVS_1-001_lib
ATP-HTVS-9A86ECE1052E,HTVS,-3.499758712176,运行/运行/ATP-VSW/ATP-VSW-DOCK_HTVS_1-001_lib/ATP-VSW-DOCK_HTVS_1-001_lib
ATP-HTVS-9A86ECE1052E,HTVS,-2.43399530124741,运行/运行/ATP-VSW/ATP-VSW-DOCK_HTVS_1-001_lib/ATP-VSW-DOCK_HTVS_1-001_lib
ATP-HTVS-9A86ECE1052E,HTVS,-1.37571514528189,运行/运行/ATP-VSW/ATP-VSW-DOCK_HTVS_1-001_lib/ATP-VSW-DOCK_HTVS_1-001_lib
ATP-HTVS-9AD82B0B5D2D,HTVS,-4.44533651227417,运行/运行/ATP-VSW/ATP-VSW-DOCK_HTVS_1-002_lib.maegz
ATP-HTVS-9AD82B0B5D2D,HTVS,-3.39556828595453,运行/运行/ATP-VSW/ATP-VSW-DOCK_HTVS_1-002_lib.maegz
ATP-HTVS-9AEFC257B6AB,HTVS,-4.66862510912702,运行/运行/ATP-VSW/ATP-VSW-DOCK_HTVS_1-003_lib/ATP-VSW-DOCK_HTVS_1-003_lib.mae
ATP-HTVS-9AEFC257B6AB,HTVS,-2.07693178622704,运行/运行/ATP-VSW/ATP-VSW-DOCK_HTVS_1-003_lib/ATP-VSW-DOCK_HTVS_1-003_lib.mae
ATP-HTVS-9AF19AD81321,HTVS,-4.2878788677618,运行/运行/ATP-VSW/ATP-VSW-DOCK_HTVS_1-001_lib/ATP-VSW-DOCK_HTVS_1-001_lib
ATP-HTVS-9AF19AD81321,HTVS,-2.77737570021145,运行/运行/ATP-VSW/ATP-VSW-DOCK_HTVS_1-001_lib/ATP-VSW-DOCK_HTVS_1-001_lib
ATP-HTVS-9B930A3F277B,HTVS,-3.71626239896153,运行/运行/ATP-VSW/ATP-VSW-DOCK_HTVS_1-002_lib.maegz
ATP-HTVS-9B930A3F277B,HTVS,-2.44784163759522,运行/运行/ATP-VSW/ATP-VSW-DOCK_HTVS_1-002_lib.maegz
ATP-HTVS-9BFBB44B9744,HTVS,-1.907532346584,运行/运行/ATP-VSW/ATP-VSW-DOCK_HTVS_1-001_lib/ATP-VSW-DOCK_HTVS_1-001_lib
ATP-HTVS-9C0CB662701B,HTVS,-5.27526288431442,运行/运行/ATP-VSW/ATP-VSW-DOCK_HTVS_1-001_lib/ATP-VSW-DOCK_HTVS_1-001_lib
ATP-HTVS-9C0CB662701B,HTVS,-2.59017582814416,运行/运行/ATP-VSW/ATP-VSW-DOCK_HTVS_1-001_lib/ATP-VSW-DOCK_HTVS_1-001_lib
ATP-HTVS-9C0CB662701B,HTVS,-2.45534202053299,运行/运行/ATP-VSW/ATP-VSW-DOCK_HTVS_1-001_lib/ATP-VSW-DOCK_HTVS_1-001_lib
ATP-HTVS-9C2287A2D630,HTVS,-4.873583143251,运行/运行/ATP-VSW/ATP-VSW-DOCK_HTVS_1-001_lib/ATP-VSW-DOCK_HTVS_1-001_lib
ATP-HTVS-9C588CAB6516,HTVS,-5.04518264614156,运行/运行/ATP-VSW/ATP-VSW-DOCK_HTVS_1-003_lib/ATP-VSW-DOCK_HTVS_1-003_lib.mae
ATP-HTVS-9C588CAB6516,HTVS,-2.72364240801627,运行/运行/ATP-VSW/ATP-VSW-DOCK_HTVS_1-003_lib/ATP-VSW-DOCK_HTVS_1-003_lib.mae
ATP-HTVS-9C7CAB1133CD,HTVS,-3.81902247195702,运行/运行/ATP-VSW/ATP-VSW-DOCK_HTVS_1-001_lib/ATP-VSW-DOCK_HTVS_1-001_lib
ATP-HTVS-9C7CAB1133CD,HTVS,-1.78414238059387,运行/运行/ATP-VSW/ATP-VSW-DOCK_HTVS_1-001_lib/ATP-VSW-DOCK_HTVS_1-001_lib
ATP-HTVS-9C9650448F2C,HTVS,-4.32686774353319,运行/运行/ATP-VSW/ATP-VSW-DOCK_HTVS_1-001_lib/ATP-VSW-DOCK_HTVS_1-001_lib
ATP-HTVS-9C9650448F2C,HTVS,-3.97091860775634,运行/运行/ATP-VSW/ATP-VSW-DOCK_HTVS_1-001_lib/ATP-VSW-DOCK_HTVS_1-001_lib
ATP-HTVS-9C9650448F2C,HTVS,-1.35418594501243,运行/运行/ATP-VSW/ATP-VSW-DOCK_HTVS_1-001_lib/ATP-VSW-DOCK_HTVS_1-001_lib
ATP-HTVS-9C9650448F2C,HTVS,-0.792535345913661,运行/运行/ATP-VSW/ATP-VSW-DOCK_HTVS_1-001_lib/ATP-VSW-DOCK_HTVS_1-001_lib
ATP-HTVS-9CB3B225923C,HTVS,-4.2827899685835,运行/运行/ATP-VSW/ATP-VSW-DOCK_HTVS_1-003_lib/ATP-VSW-DOCK_HTVS_1-003_lib.mae
ATP-HTVS-9CB3B225923C,HTVS,-3.5200264493476,运行/运行/ATP-VSW/ATP-VSW-DOCK_HTVS_1-003_lib/ATP-VSW-DOCK_HTVS_1-003_lib.mae
ATP-HTVS-9CE7151F0CF5,HTVS,-3.24024954661665,运行/运行/ATP-VSW/ATP-VSW-DOCK_HTVS_1-003_lib/ATP-VSW-DOCK_HTVS_1-003_lib.mae
ATP-HTVS-9CE7151F0CF5,HTVS,-2.11462522129678,运行/运行/ATP-VSW/ATP-VSW-DOCK_HTVS_1-003_lib/ATP-VSW-DOCK_HTVS_1-003_lib.mae
ATP-HTVS-9D3CA67459E0,HTVS,-2.86212066257139,运行/运行/ATP-VSW/ATP-VSW-DOCK_HTVS_1-002_lib.maegz
ATP-HTVS-9D3CA67459E0,HTVS,-1.83046346492807,运行/运行/ATP-VSW/ATP-VSW-DOCK_HTVS_1-002_lib.maegz
ATP-HTVS-9D3CA67459E0,HTVS,-1.31027566152688,运行/运行/ATP-VSW/ATP-VSW-DOCK_HTVS_1-002_lib.maegz
ATP-HTVS-9D856A339FA1,HTVS,-1.725732429658,运行/运行/ATP-VSW/ATP-VSW-DOCK_HTVS_1-002_lib.maegz
ATP-HTVS-9D863030CFC5,HTVS,-3.5934851545959,运行/运行/ATP-VSW/ATP-VSW-DOCK_HTVS_1-001_lib/ATP-VSW-DOCK_HTVS_1-001_lib
ATP-HTVS-9D863030CFC5,HTVS,-1.24341341251429,运行/运行/ATP-VSW/ATP-VSW-DOCK_HTVS_1-001_lib/ATP-VSW-DOCK_HTVS_1-001_lib
ATP-HTVS-9DA78F477298,HTVS,-4.96402619211755,运行/运行/ATP-VSW/ATP-VSW-DOCK_HTVS_1-002_lib.maegz
ATP-HTVS-9DA78F477298,HTVS,-4.54688048936142,运行/运行/ATP-VSW/ATP-VSW-DOCK_HTVS_1-002_lib.maegz
ATP-HTVS-9DA78F477298,HTVS,-4.52735499819242,运行/运行/ATP-VSW/ATP-VSW-DOCK_HTVS_1-002_lib.maegz
ATP-HTVS-9DA78F477298,HTVS,-3.27954324481354,运行/运行/ATP-VSW/ATP-VSW-DOCK_HTVS_1-002_lib.maegz
ATP-HTVS-9DADF577E8AC,HTVS,-4.5049171298659,运行/运行/ATP-VSW/ATP-VSW-DOCK_HTVS_1-002_lib.maegz
ATP-HTVS-9DADF577E8AC,HTVS,-2.87156632294564,运行/运行/ATP-VSW/ATP-VSW-DOCK_HTVS_1-002_lib.maegz
ATP-HTVS-9DBDBA397665,HTVS,-1.6179247319782,运行/运行/ATP-VSW/ATP-VSW-DOCK_HTVS_1-001_lib/ATP-VSW-DOCK_HTVS_1-001_lib
ATP-HTVS-9DFA3785F0DB,HTVS,-3.13995854180973,运行/运行/ATP-VSW/ATP-VSW-DOCK_HTVS_1-002_lib.maegz
ATP-HTVS-9E45A7CB1B23,HTVS,-2.34711079073836,运行/运行/ATP-VSW/ATP-VSW-DOCK_HTVS_1-003_lib/ATP-VSW-DOCK_HTVS_1-003_lib.mae
ATP-HTVS-9E60DE94BDF0,HTVS,-4.60884128417233,运行/运行/ATP-VSW/ATP-VSW-DOCK_HTVS_1-002_lib.maegz
ATP-HTVS-9E60DE94BDF0,HTVS,-4.14466792319694,运行/运行/ATP-VSW/ATP-VSW-DOCK_HTVS_1-002_lib.maegz
ATP-HTVS-9E60DE94BDF0,HTVS,-1.56286582987407,运行/运行/ATP-VSW/ATP-VSW-DOCK_HTVS_1-002_lib.maegz
ATP-HTVS-9E60DE94BDF0,HTVS,-1.35015702858204,运行/运行/ATP-VSW/ATP-VSW-DOCK_HTVS_1-002_lib.maegz
ATP-HTVS-9F0B8180A605,HTVS,-2.28715026993037,运行/运行/ATP-VSW/ATP-VSW-DOCK_HTVS_1-003_lib/ATP-VSW-DOCK_HTVS_1-003_lib.mae
ATP-HTVS-9F0B8180A605,HTVS,-1.00177484331881,运行/运行/ATP-VSW/ATP-VSW-DOCK_HTVS_1-003_lib/ATP-VSW-DOCK_HTVS_1-003_lib.mae
ATP-HTVS-9F37D3A44946,HTVS,-4.33739838467517,运行/运行/ATP-VSW/ATP-VSW-DOCK_HTVS_1-003_lib/ATP-VSW-DOCK_HTVS_1-003_lib.mae
ATP-HTVS-9F37D3A44946,HTVS,-3.44105379965114,运行/运行/ATP-VSW/ATP-VSW-DOCK_HTVS_1-003_lib/ATP-VSW-DOCK_HTVS_1-003_lib.mae
ATP-HTVS-9F5103B68EB9,HTVS,-4.70043332703515,运行/运行/ATP-VSW/ATP-VSW-DOCK_HTVS_1-002_lib.maegz
ATP-HTVS-9F5103B68EB9,HTVS,-4.57324374086189,运行/运行/ATP-VSW/ATP-VSW-DOCK_HTVS_1-002_lib.maegz
ATP-HTVS-9F5103B68EB9,HTVS,-1.6454747482484,运行/运行/ATP-VSW/ATP-VSW-DOCK_HTVS_1-002_lib.maegz
ATP-HTVS-9F7EB006111C,HTVS,-4.1751952883003,运行/运行/ATP-VSW/ATP-VSW-DOCK_HTVS_1-001_lib/ATP-VSW-DOCK_HTVS_1-001_lib
ATP-HTVS-9F7EB006111C,HTVS,-4.02769135304353,运行/运行/ATP-VSW/ATP-VSW-DOCK_HTVS_1-001_lib/ATP-VSW-DOCK_HTVS_1-001_lib
ATP-HTVS-9F81472CEEC6,HTVS,-3.92700618408481,运行/运行/ATP-VSW/ATP-VSW-DOCK_HTVS_1-003_lib/ATP-VSW-DOCK_HTVS_1-003_lib.mae
ATP-HTVS-9F81472CEEC6,HTVS,-3.66128590298718,运行/运行/ATP-VSW/ATP-VSW-DOCK_HTVS_1-003_lib/ATP-VSW-DOCK_HTVS_1-003_lib.mae
ATP-HTVS-9F81472CEEC6,HTVS,-3.65812621798938,运行/运行/ATP-VSW/ATP-VSW-DOCK_HTVS_1-003_lib/ATP-VSW-DOCK_HTVS_1-003_lib.mae
ATP-HTVS-9F81472CEEC6,HTVS,-1.65008245647061,运行/运行/ATP-VSW/ATP-VSW-DOCK_HTVS_1-003_lib/ATP-VSW-DOCK_HTVS_1-003_lib.mae
ATP-HTVS-9F81613398D9,HTVS,-3.79144316095327,运行/运行/ATP-VSW/ATP-VSW-DOCK_HTVS_1-003_lib/ATP-VSW-DOCK_HTVS_1-003_lib.mae
ATP-HTVS-9F8F78EE592C,HTVS,-4.99304401130794,运行/运行/ATP-VSW/ATP-VSW-DOCK_HTVS_1-003_lib/ATP-VSW-DOCK_HTVS_1-003_lib.mae
ATP-HTVS-9F8F78EE592C,HTVS,-4.33829320471499,运行/运行/ATP-VSW/ATP-VSW-DOCK_HTVS_1-003_lib/ATP-VSW-DOCK_HTVS_1-003_lib.mae
ATP-HTVS-9F8F78EE592C,HTVS,-3.08287775750636,运行/运行/ATP-VSW/ATP-VSW-DOCK_HTVS_1-003_lib/ATP-VSW-DOCK_HTVS_1-003_lib.mae
ATP-HTVS-9F8F78EE592C,HTVS,-2.40374305040028,运行/运行/ATP-VSW/ATP-VSW-DOCK_HTVS_1-003_lib/ATP-VSW-DOCK_HTVS_1-003_lib.mae
ATP-HTVS-9F8F78EE592C,HTVS,-2.30345470494387,运行/运行/ATP-VSW/ATP-VSW-DOCK_HTVS_1-003_lib/ATP-VSW-DOCK_HTVS_1-003_lib.mae
ATP-HTVS-9F8F78EE592C,HTVS,-1.55150729650728,运行/运行/ATP-VSW/ATP-VSW-DOCK_HTVS_1-003_lib/ATP-VSW-DOCK_HTVS_1-003_lib.mae
ATP-HTVS-9F8F78EE592C,HTVS,-1.36493218200542,运行/运行/ATP-VSW/ATP-VSW-DOCK_HTVS_1-003_lib/ATP-VSW-DOCK_HTVS_1-003_lib.mae
ATP-HTVS-9F8F78EE592C,HTVS,-0.501277890921016,运行/运行/ATP-VSW/ATP-VSW-DOCK_HTVS_1-003_lib/ATP-VSW-DOCK_HTVS_1-003_lib.mae
ATP-HTVS-9F9A426F6493,HTVS,-4.38124201372767,运行/运行/ATP-VSW/ATP-VSW-DOCK_HTVS_1-003_lib/ATP-VSW-DOCK_HTVS_1-003_lib.mae
ATP-HTVS-9F9A426F6493,HTVS,-4.20252939002645,运行/运行/ATP-VSW/ATP-VSW-DOCK_HTVS_1-003_lib/ATP-VSW-DOCK_HTVS_1-003_lib.mae
ATP-HTVS-9F9A426F6493,HTVS,-2.85755577204122,运行/运行/ATP-VSW/ATP-VSW-DOCK_HTVS_1-003_lib/ATP-VSW-DOCK_HTVS_1-003_lib.mae
ATP-HTVS-9F9A426F6493,HTVS,-1.84384047405044,运行/运行/ATP-VSW/ATP-VSW-DOCK_HTVS_1-003_lib/ATP-VSW-DOCK_HTVS_1-003_lib.mae
ATP-HTVS-A05CBA531631,HTVS,-4.77909505067104,运行/运行/ATP-VSW/ATP-VSW-DOCK_HTVS_1-003_lib/ATP-VSW-DOCK_HTVS_1-003_lib.mae
ATP-HTVS-A05CBA531631,HTVS,-2.34847232327565,运行/运行/ATP-VSW/ATP-VSW-DOCK_HTVS_1-003_lib/ATP-VSW-DOCK_HTVS_1-003_lib.mae
ATP-HTVS-A0BE83379585,HTVS,-3.689922438493,运行/运行/ATP-VSW/ATP-VSW-DOCK_HTVS_1-003_lib/ATP-VSW-DOCK_HTVS_1-003_lib.mae
ATP-HTVS-A0DD4911ADFC,HTVS,-3.1859202757174,运行/运行/ATP-VSW/ATP-VSW-DOCK_HTVS_1-002_lib.maegz
ATP-HTVS-A0DD4911ADFC,HTVS,-1.67251205906227,运行/运行/ATP-VSW/ATP-VSW-DOCK_HTVS_1-002_lib.maegz
ATP-HTVS-A10345D75118,HTVS,-4.67048245005305,运行/运行/ATP-VSW/ATP-VSW-DOCK_HTVS_1-003_lib/ATP-VSW-DOCK_HTVS_1-003_lib.mae
ATP-HTVS-A10345D75118,HTVS,-4.40860945318254,运行/运行/ATP-VSW/ATP-VSW-DOCK_HTVS_1-003_lib/ATP-VSW-DOCK_HTVS_1-003_lib.mae
ATP-HTVS-A10345D75118,HTVS,-2.76864484429071,运行/运行/ATP-VSW/ATP-VSW-DOCK_HTVS_1-003_lib/ATP-VSW-DOCK_HTVS_1-003_lib.mae
ATP-HTVS-A10345D75118,HTVS,-2.40058574093681,运行/运行/ATP-VSW/ATP-VSW-DOCK_HTVS_1-003_lib/ATP-VSW-DOCK_HTVS_1-003_lib.mae
ATP-HTVS-A11F200701F2,HTVS,-4.56467270844264,运行/运行/ATP-VSW/ATP-VSW-DOCK_HTVS_1-002_lib.maegz
ATP-HTVS-A11F200701F2,HTVS,-2.30236595277042,运行/运行/ATP-VSW/ATP-VSW-DOCK_HTVS_1-002_lib.maegz
ATP-HTVS-A12862845571,HTVS,-4.7765234933544,运行/运行/ATP-VSW/ATP-VSW-DOCK_HTVS_1-002_lib.maegz
ATP-HTVS-A12862845571,HTVS,-2.71205558882935,运行/运行/ATP-VSW/ATP-VSW-DOCK_HTVS_1-002_lib.maegz
ATP-HTVS-A12862845571,HTVS,-2.48510829865577,运行/运行/ATP-VSW/ATP-VSW-DOCK_HTVS_1-002_lib.maegz
ATP-HTVS-A1381500D8FF,HTVS,-2.47390943571033,运行/运行/ATP-VSW/ATP-VSW-DOCK_HTVS_1-001_lib/ATP-VSW-DOCK_HTVS_1-001_lib
ATP-HTVS-A1381500D8FF,HTVS,-1.32375479629207,运行/运行/ATP-VSW/ATP-VSW-DOCK_HTVS_1-001_lib/ATP-VSW-DOCK_HTVS_1-001_lib
ATP-HTVS-A1F737581FBF,HTVS,-5.09248195268047,运行/运行/ATP-VSW/ATP-VSW-DOCK_HTVS_1-003_lib/ATP-VSW-DOCK_HTVS_1-003_lib.mae
ATP-HTVS-A20FC30C18FA,HTVS,-3.72303822103631,运行/运行/ATP-VSW/ATP-VSW-DOCK_HTVS_1-003_lib/ATP-VSW-DOCK_HTVS_1-003_lib.mae
ATP-HTVS-A20FC30C18FA,HTVS,-2.00914257532522,运行/运行/ATP-VSW/ATP-VSW-DOCK_HTVS_1-003_lib/ATP-VSW-DOCK_HTVS_1-003_lib.mae
ATP-HTVS-A20FC30C18FA,HTVS,-1.49248601441373,运行/运行/ATP-VSW/ATP-VSW-DOCK_HTVS_1-003_lib/ATP-VSW-DOCK_HTVS_1-003_lib.mae
ATP-HTVS-A257C47BE0F3,HTVS,-4.6397364602869,运行/运行/ATP-VSW/ATP-VSW-DOCK_HTVS_1-003_lib/ATP-VSW-DOCK_HTVS_1-003_lib.mae
ATP-HTVS-A257C47BE0F3,HTVS,-4.39763739434257,运行/运行/ATP-VSW/ATP-VSW-DOCK_HTVS_1-003_lib/ATP-VSW-DOCK_HTVS_1-003_lib.mae
ATP-HTVS-A257C47BE0F3,HTVS,-3.07650927153355,运行/运行/ATP-VSW/ATP-VSW-DOCK_HTVS_1-003_lib/ATP-VSW-DOCK_HTVS_1-003_lib.mae
ATP-HTVS-A257C47BE0F3,HTVS,-2.914900557118,运行/运行/ATP-VSW/ATP-VSW-DOCK_HTVS_1-003_lib/ATP-VSW-DOCK_HTVS_1-003_lib.mae
ATP-HTVS-A25C4EA68E32,HTVS,-4.11001446067938,运行/运行/ATP-VSW/ATP-VSW-DOCK_HTVS_1-002_lib.maegz
ATP-HTVS-A25C4EA68E32,HTVS,-3.30771328225926,运行/运行/ATP-VSW/ATP-VSW-DOCK_HTVS_1-002_lib.maegz
ATP-HTVS-A25C4EA68E32,HTVS,-1.67468185396579,运行/运行/ATP-VSW/ATP-VSW-DOCK_HTVS_1-002_lib.maegz
ATP-HTVS-A25C4EA68E32,HTVS,-1.50832961335198,运行/运行/ATP-VSW/ATP-VSW-DOCK_HTVS_1-002_lib.maegz
ATP-HTVS-A27D1CDFC59C,HTVS,-2.90530563951609,运行/运行/ATP-VSW/ATP-VSW-DOCK_HTVS_1-003_lib/ATP-VSW-DOCK_HTVS_1-003_lib.mae
ATP-HTVS-A286808FA942,HTVS,-4.51886797041443,运行/运行/ATP-VSW/ATP-VSW-DOCK_HTVS_1-002_lib.maegz
ATP-HTVS-A28F95EF9540,HTVS,-0.786560204974218,运行/运行/ATP-VSW/ATP-VSW-DOCK_HTVS_1-001_lib/ATP-VSW-DOCK_HTVS_1-001_lib
ATP-HTVS-A28F95EF9540,HTVS,-0.623163818541779,运行/运行/ATP-VSW/ATP-VSW-DOCK_HTVS_1-001_lib/ATP-VSW-DOCK_HTVS_1-001_lib
ATP-HTVS-A2CFD20ABAD2,HTVS,-3.7514730124561,运行/运行/ATP-VSW/ATP-VSW-DOCK_HTVS_1-003_lib/ATP-VSW-DOCK_HTVS_1-003_lib.mae
ATP-HTVS-A2CFD20ABAD2,HTVS,-3.64379959924229,运行/运行/ATP-VSW/ATP-VSW-DOCK_HTVS_1-003_lib/ATP-VSW-DOCK_HTVS_1-003_lib.mae
ATP-HTVS-A2EC0CC51325,HTVS,-5.13011357087378,运行/运行/ATP-VSW/ATP-VSW-DOCK_HTVS_1-001_lib/ATP-VSW-DOCK_HTVS_1-001_lib
ATP-HTVS-A2EC0CC51325,HTVS,-2.14555154788575,运行/运行/ATP-VSW/ATP-VSW-DOCK_HTVS_1-001_lib/ATP-VSW-DOCK_HTVS_1-001_lib
ATP-HTVS-A2ECE24B89CB,HTVS,-4.42055691359543,运行/运行/ATP-VSW/ATP-VSW-DOCK_HTVS_1-003_lib/ATP-VSW-DOCK_HTVS_1-003_lib.mae
ATP-HTVS-A2FDB4A8FB56,HTVS,-4.82971998702599,运行/运行/ATP-VSW/ATP-VSW-DOCK_HTVS_1-001_lib/ATP-VSW-DOCK_HTVS_1-001_lib
ATP-HTVS-A2FDB4A8FB56,HTVS,-1.95067336274069,运行/运行/ATP-VSW/ATP-VSW-DOCK_HTVS_1-001_lib/ATP-VSW-DOCK_HTVS_1-001_lib
ATP-HTVS-A305C0BD9D10,HTVS,-5.00305377577559,运行/运行/ATP-VSW/ATP-VSW-DOCK_HTVS_1-002_lib.maegz
ATP-HTVS-A305C0BD9D10,HTVS,-2.25516766692367,运行/运行/ATP-VSW/ATP-VSW-DOCK_HTVS_1-002_lib.maegz
ATP-HTVS-A343C43AF9EC,HTVS,-1.75974619112291,运行/运行/ATP-VSW/ATP-VSW-DOCK_HTVS_1-001_lib/ATP-VSW-DOCK_HTVS_1-001_lib
ATP-HTVS-A345DB3E7236,HTVS,-2.29234877703406,运行/运行/ATP-VSW/ATP-VSW-DOCK_HTVS_1-003_lib/ATP-VSW-DOCK_HTVS_1-003_lib.mae
ATP-HTVS-A361D156A19C,HTVS,-1.19288878012677,运行/运行/ATP-VSW/ATP-VSW-DOCK_HTVS_1-002_lib.maegz
ATP-HTVS-A361D156A19C,HTVS,-1.12189143323706,运行/运行/ATP-VSW/ATP-VSW-DOCK_HTVS_1-002_lib.maegz
ATP-HTVS-A38ED211E8B3,HTVS,-1.9539239976085,运行/运行/ATP-VSW/ATP-VSW-DOCK_HTVS_1-003_lib/ATP-VSW-DOCK_HTVS_1-003_lib.mae
ATP-HTVS-A3A98DB30213,HTVS,-4.43364552155635,运行/运行/ATP-VSW/ATP-VSW-DOCK_HTVS_1-002_lib.maegz
ATP-HTVS-A3A98DB30213,HTVS,-4.37142511232574,运行/运行/ATP-VSW/ATP-VSW-DOCK_HTVS_1-002_lib.maegz
ATP-HTVS-A3A98DB30213,HTVS,-1.98181900211253,运行/运行/ATP-VSW/ATP-VSW-DOCK_HTVS_1-002_lib.maegz
ATP-HTVS-A3A98DB30213,HTVS,-1.72966057064335,运行/运行/ATP-VSW/ATP-VSW-DOCK_HTVS_1-002_lib.maegz
ATP-HTVS-A3FFA90B66AA,HTVS,-5.67375171778163,运行/运行/ATP-VSW/ATP-VSW-DOCK_HTVS_1-003_lib/ATP-VSW-DOCK_HTVS_1-003_lib.mae
ATP-HTVS-A3FFA90B66AA,HTVS,-3.45833987661456,运行/运行/ATP-VSW/ATP-VSW-DOCK_HTVS_1-003_lib/ATP-VSW-DOCK_HTVS_1-003_lib.mae
ATP-HTVS-A44EAAD38847,HTVS,-3.24160266592602,运行/运行/ATP-VSW/ATP-VSW-DOCK_HTVS_1-002_lib.maegz
ATP-HTVS-A44EAAD38847,HTVS,-3.18281484701733,运行/运行/ATP-VSW/ATP-VSW-DOCK_HTVS_1-002_lib.maegz
ATP-HTVS-A44EAAD38847,HTVS,-3.0375931604986,运行/运行/ATP-VSW/ATP-VSW-DOCK_HTVS_1-002_lib.maegz
ATP-HTVS-A44EAAD38847,HTVS,-1.82392410624945,运行/运行/ATP-VSW/ATP-VSW-DOCK_HTVS_1-002_lib.maegz
ATP-HTVS-A459F36766D8,HTVS,-3.83139864407395,运行/运行/ATP-VSW/ATP-VSW-DOCK_HTVS_1-002_lib.maegz
ATP-HTVS-A459F36766D8,HTVS,-3.61865691684181,运行/运行/ATP-VSW/ATP-VSW-DOCK_HTVS_1-002_lib.maegz
ATP-HTVS-A459F36766D8,HTVS,-3.30030388281136,运行/运行/ATP-VSW/ATP-VSW-DOCK_HTVS_1-002_lib.maegz
ATP-HTVS-A459F36766D8,HTVS,-2.58509293297835,运行/运行/ATP-VSW/ATP-VSW-DOCK_HTVS_1-002_lib.maegz
ATP-HTVS-A459F36766D8,HTVS,-2.16681510569981,运行/运行/ATP-VSW/ATP-VSW-DOCK_HTVS_1-002_lib.maegz
ATP-HTVS-A4810EBC0F15,HTVS,-4.69140925514017,运行/运行/ATP-VSW/ATP-VSW-DOCK_HTVS_1-001_lib/ATP-VSW-DOCK_HTVS_1-001_lib
ATP-HTVS-A4810EBC0F15,HTVS,-1.60130057067415,运行/运行/ATP-VSW/ATP-VSW-DOCK_HTVS_1-001_lib/ATP-VSW-DOCK_HTVS_1-001_lib
ATP-HTVS-A4BDF0A6C58A,HTVS,-5.67800417241926,运行/运行/ATP-VSW/ATP-VSW-DOCK_HTVS_1-002_lib.maegz
ATP-HTVS-A4BDF0A6C58A,HTVS,-5.26512084608254,运行/运行/ATP-VSW/ATP-VSW-DOCK_HTVS_1-002_lib.maegz
ATP-HTVS-A4BDF0A6C58A,HTVS,-3.10588022093402,运行/运行/ATP-VSW/ATP-VSW-DOCK_HTVS_1-002_lib.maegz
ATP-HTVS-A4BDF0A6C58A,HTVS,-2.45164298313504,运行/运行/ATP-VSW/ATP-VSW-DOCK_HTVS_1-002_lib.maegz
ATP-HTVS-A4F2667C3349,HTVS,-3.7697979650076,运行/运行/ATP-VSW/ATP-VSW-DOCK_HTVS_1-002_lib.maegz
ATP-HTVS-A4F2667C3349,HTVS,-3.28326780865523,运行/运行/ATP-VSW/ATP-VSW-DOCK_HTVS_1-002_lib.maegz
ATP-HTVS-A4F2667C3349,HTVS,-1.5721652416949,运行/运行/ATP-VSW/ATP-VSW-DOCK_HTVS_1-002_lib.maegz
ATP-HTVS-A521B3182CFE,HTVS,-4.55660398916924,运行/运行/ATP-VSW/ATP-VSW-DOCK_HTVS_1-003_lib/ATP-VSW-DOCK_HTVS_1-003_lib.mae
ATP-HTVS-A5353E166184,HTVS,-3.8367353083768,运行/运行/ATP-VSW/ATP-VSW-DOCK_HTVS_1-003_lib/ATP-VSW-DOCK_HTVS_1-003_lib.mae
ATP-HTVS-A5353E166184,HTVS,-2.31761740914473,运行/运行/ATP-VSW/ATP-VSW-DOCK_HTVS_1-003_lib/ATP-VSW-DOCK_HTVS_1-003_lib.mae
ATP-HTVS-A5353E166184,HTVS,-2.2694762937608,运行/运行/ATP-VSW/ATP-VSW-DOCK_HTVS_1-003_lib/ATP-VSW-DOCK_HTVS_1-003_lib.mae
ATP-HTVS-A53B334F5824,HTVS,-5.82573794113561,运行/运行/ATP-VSW/ATP-VSW-DOCK_HTVS_1-001_lib/ATP-VSW-DOCK_HTVS_1-001_lib
ATP-HTVS-A53B334F5824,HTVS,-5.14507010107983,运行/运行/ATP-VSW/ATP-VSW-DOCK_HTVS_1-001_lib/ATP-VSW-DOCK_HTVS_1-001_lib
ATP-HTVS-A53B334F5824,HTVS,-3.47962941498813,运行/运行/ATP-VSW/ATP-VSW-DOCK_HTVS_1-001_lib/ATP-VSW-DOCK_HTVS_1-001_lib
ATP-HTVS-A53B334F5824,HTVS,-2.50324846751182,运行/运行/ATP-VSW/ATP-VSW-DOCK_HTVS_1-001_lib/ATP-VSW-DOCK_HTVS_1-001_lib
ATP-HTVS-A5A2B8D72F00,HTVS,-5.3545965868063,运行/运行/ATP-VSW/ATP-VSW-DOCK_HTVS_1-002_lib.maegz
ATP-HTVS-A5A2B8D72F00,HTVS,-4.84696093248089,运行/运行/ATP-VSW/ATP-VSW-DOCK_HTVS_1-002_lib.maegz
ATP-HTVS-A5A2B8D72F00,HTVS,-3.37888934002388,运行/运行/ATP-VSW/ATP-VSW-DOCK_HTVS_1-002_lib.maegz
ATP-HTVS-A5A2B8D72F00,HTVS,-2.84079417713369,运行/运行/ATP-VSW/ATP-VSW-DOCK_HTVS_1-002_lib.maegz
ATP-HTVS-A5A2B8D72F00,HTVS,-2.34532249376848,运行/运行/ATP-VSW/ATP-VSW-DOCK_HTVS_1-002_lib.maegz
ATP-HTVS-A5A2B8D72F00,HTVS,-1.65121600650316,运行/运行/ATP-VSW/ATP-VSW-DOCK_HTVS_1-002_lib.maegz
ATP-HTVS-A5C0EA33BE09,HTVS,-5.13859875976645,运行/运行/ATP-VSW/ATP-VSW-DOCK_HTVS_1-003_lib/ATP-VSW-DOCK_HTVS_1-003_lib.mae
ATP-HTVS-A5C0EA33BE09,HTVS,-2.34616778053282,运行/运行/ATP-VSW/ATP-VSW-DOCK_HTVS_1-003_lib/ATP-VSW-DOCK_HTVS_1-003_lib.mae
ATP-HTVS-A6599D500180,HTVS,-2.44374790629876,运行/运行/ATP-VSW/ATP-VSW-DOCK_HTVS_1-002_lib.maegz
ATP-HTVS-A67C5EBB60CA,HTVS,-4.35137881696567,运行/运行/ATP-VSW/ATP-VSW-DOCK_HTVS_1-001_lib/ATP-VSW-DOCK_HTVS_1-001_lib
ATP-HTVS-A67DD6FB98A9,HTVS,-4.50992221844652,运行/运行/ATP-VSW/ATP-VSW-DOCK_HTVS_1-002_lib.maegz
ATP-HTVS-A67DD6FB98A9,HTVS,-3.44638530692631,运行/运行/ATP-VSW/ATP-VSW-DOCK_HTVS_1-002_lib.maegz
ATP-HTVS-A6800539A705,HTVS,-2.05448620479741,运行/运行/ATP-VSW/ATP-VSW-DOCK_HTVS_1-002_lib.maegz
ATP-HTVS-A693217A85AE,HTVS,-4.10042496262914,运行/运行/ATP-VSW/ATP-VSW-DOCK_HTVS_1-003_lib/ATP-VSW-DOCK_HTVS_1-003_lib.mae
ATP-HTVS-A693217A85AE,HTVS,-3.03350721796468,运行/运行/ATP-VSW/ATP-VSW-DOCK_HTVS_1-003_lib/ATP-VSW-DOCK_HTVS_1-003_lib.mae
ATP-HTVS-A693217A85AE,HTVS,-2.91294410512246,运行/运行/ATP-VSW/ATP-VSW-DOCK_HTVS_1-003_lib/ATP-VSW-DOCK_HTVS_1-003_lib.mae
ATP-HTVS-A6940AB4AD1D,HTVS,-4.73510659521291,运行/运行/ATP-VSW/ATP-VSW-DOCK_HTVS_1-003_lib/ATP-VSW-DOCK_HTVS_1-003_lib.mae
ATP-HTVS-A6940AB4AD1D,HTVS,-2.73179573223949,运行/运行/ATP-VSW/ATP-VSW-DOCK_HTVS_1-003_lib/ATP-VSW-DOCK_HTVS_1-003_lib.mae
ATP-HTVS-A6CB9DE84F6F,HTVS,-3.54487212404472,运行/运行/ATP-VSW/ATP-VSW-DOCK_HTVS_1-002_lib.maegz
ATP-HTVS-A6CB9DE84F6F,HTVS,-3.33811953634015,运行/运行/ATP-VSW/ATP-VSW-DOCK_HTVS_1-002_lib.maegz
ATP-HTVS-A6CB9DE84F6F,HTVS,-1.26842287467601,运行/运行/ATP-VSW/ATP-VSW-DOCK_HTVS_1-002_lib.maegz
ATP-HTVS-A6D74CA540BA,HTVS,-4.89429447555377,运行/运行/ATP-VSW/ATP-VSW-DOCK_HTVS_1-001_lib/ATP-VSW-DOCK_HTVS_1-001_lib
ATP-HTVS-A6D74CA540BA,HTVS,-4.21537810680689,运行/运行/ATP-VSW/ATP-VSW-DOCK_HTVS_1-001_lib/ATP-VSW-DOCK_HTVS_1-001_lib
ATP-HTVS-A6D74CA540BA,HTVS,-4.12666892799242,运行/运行/ATP-VSW/ATP-VSW-DOCK_HTVS_1-001_lib/ATP-VSW-DOCK_HTVS_1-001_lib
ATP-HTVS-A6D74CA540BA,HTVS,-3.91751175047301,运行/运行/ATP-VSW/ATP-VSW-DOCK_HTVS_1-001_lib/ATP-VSW-DOCK_HTVS_1-001_lib
ATP-HTVS-A7093622CBF0,HTVS,-4.26839239430932,运行/运行/ATP-VSW/ATP-VSW-DOCK_HTVS_1-003_lib/ATP-VSW-DOCK_HTVS_1-003_lib.mae
ATP-HTVS-A7093622CBF0,HTVS,-3.49101446628352,运行/运行/ATP-VSW/ATP-VSW-DOCK_HTVS_1-003_lib/ATP-VSW-DOCK_HTVS_1-003_lib.mae
ATP-HTVS-A7093622CBF0,HTVS,-2.79782995810828,运行/运行/ATP-VSW/ATP-VSW-DOCK_HTVS_1-003_lib/ATP-VSW-DOCK_HTVS_1-003_lib.mae
ATP-HTVS-A7093622CBF0,HTVS,-1.96557539836967,运行/运行/ATP-VSW/ATP-VSW-DOCK_HTVS_1-003_lib/ATP-VSW-DOCK_HTVS_1-003_lib.mae
ATP-HTVS-A719F0D3C4DA,HTVS,-5.01693312909944,运行/运行/ATP-VSW/ATP-VSW-DOCK_HTVS_1-002_lib.maegz
ATP-HTVS-A7693842EDE7,HTVS,-4.72015322020726,运行/运行/ATP-VSW/ATP-VSW-DOCK_HTVS_1-002_lib.maegz
ATP-HTVS-A7693842EDE7,HTVS,-2.4055109558496,运行/运行/ATP-VSW/ATP-VSW-DOCK_HTVS_1-002_lib.maegz
ATP-HTVS-A7BD7D96AE57,HTVS,-3.23974100367522,运行/运行/ATP-VSW/ATP-VSW-DOCK_HTVS_1-003_lib/ATP-VSW-DOCK_HTVS_1-003_lib.mae
ATP-HTVS-A7EE593102BF,HTVS,-1.16981472407605,运行/运行/ATP-VSW/ATP-VSW-DOCK_HTVS_1-001_lib/ATP-VSW-DOCK_HTVS_1-001_lib
ATP-HTVS-A8111C46748E,HTVS,-4.42029981576778,运行/运行/ATP-VSW/ATP-VSW-DOCK_HTVS_1-002_lib.maegz
ATP-HTVS-A8111C46748E,HTVS,-3.02866750247246,运行/运行/ATP-VSW/ATP-VSW-DOCK_HTVS_1-002_lib.maegz
ATP-HTVS-A8111C46748E,HTVS,-2.20444469383849,运行/运行/ATP-VSW/ATP-VSW-DOCK_HTVS_1-002_lib.maegz
ATP-HTVS-A8111C46748E,HTVS,-2.12480489503574,运行/运行/ATP-VSW/ATP-VSW-DOCK_HTVS_1-002_lib.maegz
ATP-HTVS-A820F1D60548,HTVS,-3.93131506625959,运行/运行/ATP-VSW/ATP-VSW-DOCK_HTVS_1-002_lib.maegz
ATP-HTVS-A820F1D60548,HTVS,-3.09962715318951,运行/运行/ATP-VSW/ATP-VSW-DOCK_HTVS_1-002_lib.maegz
ATP-HTVS-A820F1D60548,HTVS,-0.504119013107027,运行/运行/ATP-VSW/ATP-VSW-DOCK_HTVS_1-002_lib.maegz
ATP-HTVS-A844998385F9,HTVS,-4.51285774535421,运行/运行/ATP-VSW/ATP-VSW-DOCK_HTVS_1-001_lib/ATP-VSW-DOCK_HTVS_1-001_lib
ATP-HTVS-A844998385F9,HTVS,-4.18228117877474,运行/运行/ATP-VSW/ATP-VSW-DOCK_HTVS_1-001_lib/ATP-VSW-DOCK_HTVS_1-001_lib
ATP-HTVS-A844998385F9,HTVS,-0.457455241203077,运行/运行/ATP-VSW/ATP-VSW-DOCK_HTVS_1-001_lib/ATP-VSW-DOCK_HTVS_1-001_lib
ATP-HTVS-A845026C7E40,HTVS,-5.2426641656798,运行/运行/ATP-VSW/ATP-VSW-DOCK_HTVS_1-002_lib.maegz
ATP-HTVS-A845026C7E40,HTVS,-2.92801886903572,运行/运行/ATP-VSW/ATP-VSW-DOCK_HTVS_1-002_lib.maegz
ATP-HTVS-A8555051B7A8,HTVS,-2.12228992442095,运行/运行/ATP-VSW/ATP-VSW-DOCK_HTVS_1-001_lib/ATP-VSW-DOCK_HTVS_1-001_lib
ATP-HTVS-A86A798575A4,HTVS,-4.73478467522841,运行/运行/ATP-VSW/ATP-VSW-DOCK_HTVS_1-002_lib.maegz
ATP-HTVS-A86A798575A4,HTVS,-1.93255236198711,运行/运行/ATP-VSW/ATP-VSW-DOCK_HTVS_1-002_lib.maegz
ATP-HTVS-A89DA5D53108,HTVS,-3.9489168676843,运行/运行/ATP-VSW/ATP-VSW-DOCK_HTVS_1-002_lib.maegz
ATP-HTVS-A89DA5D53108,HTVS,-2.65337554130008,运行/运行/ATP-VSW/ATP-VSW-DOCK_HTVS_1-002_lib.maegz
ATP-HTVS-A89DA5D53108,HTVS,-2.46256230357736,运行/运行/ATP-VSW/ATP-VSW-DOCK_HTVS_1-002_lib.maegz
ATP-HTVS-A89DA5D53108,HTVS,-2.04366171075749,运行/运行/ATP-VSW/ATP-VSW-DOCK_HTVS_1-002_lib.maegz
ATP-HTVS-A8B79B8D9CE4,HTVS,-3.44496498682886,运行/运行/ATP-VSW/ATP-VSW-DOCK_HTVS_1-003_lib/ATP-VSW-DOCK_HTVS_1-003_lib.mae
ATP-HTVS-A8F9662136B7,HTVS,0.0208565069133784,运行/运行/ATP-VSW/ATP-VSW-DOCK_HTVS_1-002_lib.maegz
ATP-HTVS-A8FD4BE75532,HTVS,-3.94151463345872,运行/运行/ATP-VSW/ATP-VSW-DOCK_HTVS_1-001_lib/ATP-VSW-DOCK_HTVS_1-001_lib
ATP-HTVS-A8FD4BE75532,HTVS,-1.5974784458884,运行/运行/ATP-VSW/ATP-VSW-DOCK_HTVS_1-001_lib/ATP-VSW-DOCK_HTVS_1-001_lib
ATP-HTVS-A8FD4BE75532,HTVS,-0.881654337962666,运行/运行/ATP-VSW/ATP-VSW-DOCK_HTVS_1-001_lib/ATP-VSW-DOCK_HTVS_1-001_lib
ATP-HTVS-A9326BC55FC3,HTVS,-5.46522448944822,运行/运行/ATP-VSW/ATP-VSW-DOCK_HTVS_1-003_lib/ATP-VSW-DOCK_HTVS_1-003_lib.mae
ATP-HTVS-A9326BC55FC3,HTVS,-1.91309165139472,运行/运行/ATP-VSW/ATP-VSW-DOCK_HTVS_1-003_lib/ATP-VSW-DOCK_HTVS_1-003_lib.mae
ATP-HTVS-A949B56C75C5,HTVS,-4.46330346008272,运行/运行/ATP-VSW/ATP-VSW-DOCK_HTVS_1-003_lib/ATP-VSW-DOCK_HTVS_1-003_lib.mae
ATP-HTVS-A9572D0B6B20,HTVS,-3.71882034268651,运行/运行/ATP-VSW/ATP-VSW-DOCK_HTVS_1-001_lib/ATP-VSW-DOCK_HTVS_1-001_lib
ATP-HTVS-A95E57B9EC2C,HTVS,-5.40719847311577,运行/运行/ATP-VSW/ATP-VSW-DOCK_HTVS_1-001_lib/ATP-VSW-DOCK_HTVS_1-001_lib
ATP-HTVS-A95E57B9EC2C,HTVS,-2.81950431730377,运行/运行/ATP-VSW/ATP-VSW-DOCK_HTVS_1-001_lib/ATP-VSW-DOCK_HTVS_1-001_lib
ATP-HTVS-A9E2ECE51DBC,HTVS,-3.76447660133586,运行/运行/ATP-VSW/ATP-VSW-DOCK_HTVS_1-001_lib/ATP-VSW-DOCK_HTVS_1-001_lib
ATP-HTVS-A9E2ECE51DBC,HTVS,-2.93714843912096,运行/运行/ATP-VSW/ATP-VSW-DOCK_HTVS_1-001_lib/ATP-VSW-DOCK_HTVS_1-001_lib
ATP-HTVS-A9E2ECE51DBC,HTVS,-2.12905994400475,运行/运行/ATP-VSW/ATP-VSW-DOCK_HTVS_1-001_lib/ATP-VSW-DOCK_HTVS_1-001_lib
ATP-HTVS-AAAC0953A4ED,HTVS,-0.588563074596018,运行/运行/ATP-VSW/ATP-VSW-DOCK_HTVS_1-003_lib/ATP-VSW-DOCK_HTVS_1-003_lib.mae
ATP-HTVS-AACA343AA4DE,HTVS,-4.01744952870307,运行/运行/ATP-VSW/ATP-VSW-DOCK_HTVS_1-001_lib/ATP-VSW-DOCK_HTVS_1-001_lib
ATP-HTVS-AACA343AA4DE,HTVS,-2.80205752989861,运行/运行/ATP-VSW/ATP-VSW-DOCK_HTVS_1-001_lib/ATP-VSW-DOCK_HTVS_1-001_lib
ATP-HTVS-AAD4045BFE18,HTVS,-4.49578463356492,运行/运行/ATP-VSW/ATP-VSW-DOCK_HTVS_1-003_lib/ATP-VSW-DOCK_HTVS_1-003_lib.mae
ATP-HTVS-AAD4045BFE18,HTVS,-4.16756592154461,运行/运行/ATP-VSW/ATP-VSW-DOCK_HTVS_1-003_lib/ATP-VSW-DOCK_HTVS_1-003_lib.mae
ATP-HTVS-AAEC409DC9E3,HTVS,-1.44060854903555,运行/运行/ATP-VSW/ATP-VSW-DOCK_HTVS_1-003_lib/ATP-VSW-DOCK_HTVS_1-003_lib.mae
ATP-HTVS-AB4BD250F7B6,HTVS,-4.06295298997816,运行/运行/ATP-VSW/ATP-VSW-DOCK_HTVS_1-002_lib.maegz
ATP-HTVS-AB4BD250F7B6,HTVS,-4.03970623044195,运行/运行/ATP-VSW/ATP-VSW-DOCK_HTVS_1-002_lib.maegz
ATP-HTVS-AB4BD250F7B6,HTVS,-3.09293360974843,运行/运行/ATP-VSW/ATP-VSW-DOCK_HTVS_1-002_lib.maegz
ATP-HTVS-AB5753B8B47E,HTVS,-1.75897795990058,运行/运行/ATP-VSW/ATP-VSW-DOCK_HTVS_1-001_lib/ATP-VSW-DOCK_HTVS_1-001_lib
ATP-HTVS-AB5753B8B47E,HTVS,-1.33694086094886,运行/运行/ATP-VSW/ATP-VSW-DOCK_HTVS_1-001_lib/ATP-VSW-DOCK_HTVS_1-001_lib
ATP-HTVS-AB5D2E649063,HTVS,-5.32685969970335,运行/运行/ATP-VSW/ATP-VSW-DOCK_HTVS_1-003_lib/ATP-VSW-DOCK_HTVS_1-003_lib.mae
ATP-HTVS-AB5D2E649063,HTVS,-3.87940753408424,运行/运行/ATP-VSW/ATP-VSW-DOCK_HTVS_1-003_lib/ATP-VSW-DOCK_HTVS_1-003_lib.mae
ATP-HTVS-AB5D2E649063,HTVS,-3.49543044089116,运行/运行/ATP-VSW/ATP-VSW-DOCK_HTVS_1-003_lib/ATP-VSW-DOCK_HTVS_1-003_lib.mae
ATP-HTVS-AB5D2E649063,HTVS,-3.24247477988064,运行/运行/ATP-VSW/ATP-VSW-DOCK_HTVS_1-003_lib/ATP-VSW-DOCK_HTVS_1-003_lib.mae
ATP-HTVS-AB5D2E649063,HTVS,-2.19160941873129,运行/运行/ATP-VSW/ATP-VSW-DOCK_HTVS_1-003_lib/ATP-VSW-DOCK_HTVS_1-003_lib.mae
ATP-HTVS-AB5D2E649063,HTVS,-1.97553370914506,运行/运行/ATP-VSW/ATP-VSW-DOCK_HTVS_1-003_lib/ATP-VSW-DOCK_HTVS_1-003_lib.mae
ATP-HTVS-AB6A0F8FBF12,HTVS,-4.33841653766758,运行/运行/ATP-VSW/ATP-VSW-DOCK_HTVS_1-001_lib/ATP-VSW-DOCK_HTVS_1-001_lib
ATP-HTVS-AB6A0F8FBF12,HTVS,-2.95222531946094,运行/运行/ATP-VSW/ATP-VSW-DOCK_HTVS_1-001_lib/ATP-VSW-DOCK_HTVS_1-001_lib
ATP-HTVS-ABB27A5BB422,HTVS,-3.90038730659021,运行/运行/ATP-VSW/ATP-VSW-DOCK_HTVS_1-002_lib.maegz
ATP-HTVS-ABB27A5BB422,HTVS,-3.8705564272634,运行/运行/ATP-VSW/ATP-VSW-DOCK_HTVS_1-002_lib.maegz
ATP-HTVS-ABB27A5BB422,HTVS,-2.07272384128257,运行/运行/ATP-VSW/ATP-VSW-DOCK_HTVS_1-002_lib.maegz
ATP-HTVS-AC48CD61B4D9,HTVS,-5.04243611504985,运行/运行/ATP-VSW/ATP-VSW-DOCK_HTVS_1-001_lib/ATP-VSW-DOCK_HTVS_1-001_lib
ATP-HTVS-AC48CD61B4D9,HTVS,-2.23475714042133,运行/运行/ATP-VSW/ATP-VSW-DOCK_HTVS_1-001_lib/ATP-VSW-DOCK_HTVS_1-001_lib
ATP-HTVS-AC6C82062264,HTVS,-1.17766950734732,运行/运行/ATP-VSW/ATP-VSW-DOCK_HTVS_1-002_lib.maegz
ATP-HTVS-AC71774ACC4B,HTVS,-6.96005044741765,运行/运行/ATP-VSW/ATP-VSW-DOCK_HTVS_1-002_lib.maegz
ATP-HTVS-AC71774ACC4B,HTVS,-6.38096437146291,运行/运行/ATP-VSW/ATP-VSW-DOCK_HTVS_1-002_lib.maegz
ATP-HTVS-AC71774ACC4B,HTVS,-2.68585159340554,运行/运行/ATP-VSW/ATP-VSW-DOCK_HTVS_1-002_lib.maegz
ATP-HTVS-AC71774ACC4B,HTVS,-2.32891969151147,运行/运行/ATP-VSW/ATP-VSW-DOCK_HTVS_1-002_lib.maegz
ATP-HTVS-ACBE41267A18,HTVS,-5.74492062292097,运行/运行/ATP-VSW/ATP-VSW-DOCK_HTVS_1-002_lib.maegz
ATP-HTVS-ACBE41267A18,HTVS,-2.53275207900005,运行/运行/ATP-VSW/ATP-VSW-DOCK_HTVS_1-002_lib.maegz
ATP-HTVS-ACBE41267A18,HTVS,-1.75635681103384,运行/运行/ATP-VSW/ATP-VSW-DOCK_HTVS_1-002_lib.maegz
ATP-HTVS-AD26772F5837,HTVS,-3.9477833682894,运行/运行/ATP-VSW/ATP-VSW-DOCK_HTVS_1-001_lib/ATP-VSW-DOCK_HTVS_1-001_lib
ATP-HTVS-AD26772F5837,HTVS,-3.47734724068392,运行/运行/ATP-VSW/ATP-VSW-DOCK_HTVS_1-001_lib/ATP-VSW-DOCK_HTVS_1-001_lib
ATP-HTVS-AD26772F5837,HTVS,-2.62026307934687,运行/运行/ATP-VSW/ATP-VSW-DOCK_HTVS_1-001_lib/ATP-VSW-DOCK_HTVS_1-001_lib
ATP-HTVS-AD26772F5837,HTVS,-2.0187643051457,运行/运行/ATP-VSW/ATP-VSW-DOCK_HTVS_1-001_lib/ATP-VSW-DOCK_HTVS_1-001_lib
ATP-HTVS-AD26772F5837,HTVS,-1.51685309352049,运行/运行/ATP-VSW/ATP-VSW-DOCK_HTVS_1-001_lib/ATP-VSW-DOCK_HTVS_1-001_lib
ATP-HTVS-AD26772F5837,HTVS,-1.05041069849546,运行/运行/ATP-VSW/ATP-VSW-DOCK_HTVS_1-001_lib/ATP-VSW-DOCK_HTVS_1-001_lib
ATP-HTVS-AD556EC8B5E3,HTVS,-2.72511908216225,运行/运行/ATP-VSW/ATP-VSW-DOCK_HTVS_1-003_lib/ATP-VSW-DOCK_HTVS_1-003_lib.mae
ATP-HTVS-AD7BC7F537E7,HTVS,-4.57187278929286,运行/运行/ATP-VSW/ATP-VSW-DOCK_HTVS_1-003_lib/ATP-VSW-DOCK_HTVS_1-003_lib.mae
ATP-HTVS-AD7BC7F537E7,HTVS,-3.13928473506009,运行/运行/ATP-VSW/ATP-VSW-DOCK_HTVS_1-003_lib/ATP-VSW-DOCK_HTVS_1-003_lib.mae
ATP-HTVS-AD7D334F30DB,HTVS,-5.06400722066418,运行/运行/ATP-VSW/ATP-VSW-DOCK_HTVS_1-001_lib/ATP-VSW-DOCK_HTVS_1-001_lib
ATP-HTVS-AD7D334F30DB,HTVS,-3.60264146093057,运行/运行/ATP-VSW/ATP-VSW-DOCK_HTVS_1-001_lib/ATP-VSW-DOCK_HTVS_1-001_lib
ATP-HTVS-AD7FACE11FDD,HTVS,-6.12358752538851,运行/运行/ATP-VSW/ATP-VSW-DOCK_HTVS_1-002_lib.maegz
ATP-HTVS-AD7FBCC01633,HTVS,-6.49299466235293,运行/运行/ATP-VSW/ATP-VSW-DOCK_HTVS_1-001_lib/ATP-VSW-DOCK_HTVS_1-001_lib
ATP-HTVS-AD7FBCC01633,HTVS,-4.47066755682317,运行/运行/ATP-VSW/ATP-VSW-DOCK_HTVS_1-001_lib/ATP-VSW-DOCK_HTVS_1-001_lib
ATP-HTVS-AD7FBCC01633,HTVS,-4.22209572806585,运行/运行/ATP-VSW/ATP-VSW-DOCK_HTVS_1-001_lib/ATP-VSW-DOCK_HTVS_1-001_lib
ATP-HTVS-AD7FBCC01633,HTVS,-3.8169512763493,运行/运行/ATP-VSW/ATP-VSW-DOCK_HTVS_1-001_lib/ATP-VSW-DOCK_HTVS_1-001_lib
ATP-HTVS-ADC6A568E437,HTVS,-5.4809890158961,运行/运行/ATP-VSW/ATP-VSW-DOCK_HTVS_1-003_lib/ATP-VSW-DOCK_HTVS_1-003_lib.mae
ATP-HTVS-ADC6A568E437,HTVS,-4.30713326201397,运行/运行/ATP-VSW/ATP-VSW-DOCK_HTVS_1-003_lib/ATP-VSW-DOCK_HTVS_1-003_lib.mae
ATP-HTVS-ADC6A568E437,HTVS,-3.84897708799496,运行/运行/ATP-VSW/ATP-VSW-DOCK_HTVS_1-003_lib/ATP-VSW-DOCK_HTVS_1-003_lib.mae
ATP-HTVS-ADC6A568E437,HTVS,-2.14317342491992,运行/运行/ATP-VSW/ATP-VSW-DOCK_HTVS_1-003_lib/ATP-VSW-DOCK_HTVS_1-003_lib.mae
ATP-HTVS-ADEEA10F1B91,HTVS,-3.98446061595605,运行/运行/ATP-VSW/ATP-VSW-DOCK_HTVS_1-001_lib/ATP-VSW-DOCK_HTVS_1-001_lib
ATP-HTVS-ADEEA10F1B91,HTVS,-3.26176133781761,运行/运行/ATP-VSW/ATP-VSW-DOCK_HTVS_1-001_lib/ATP-VSW-DOCK_HTVS_1-001_lib
ATP-HTVS-ADF1B73D9E23,HTVS,-3.33624518864466,运行/运行/ATP-VSW/ATP-VSW-DOCK_HTVS_1-003_lib/ATP-VSW-DOCK_HTVS_1-003_lib.mae
ATP-HTVS-ADF1B73D9E23,HTVS,-2.06275326956112,运行/运行/ATP-VSW/ATP-VSW-DOCK_HTVS_1-003_lib/ATP-VSW-DOCK_HTVS_1-003_lib.mae
ATP-HTVS-ADF1B73D9E23,HTVS,-1.69084568929824,运行/运行/ATP-VSW/ATP-VSW-DOCK_HTVS_1-003_lib/ATP-VSW-DOCK_HTVS_1-003_lib.mae
ATP-HTVS-ADFEB0A5CD8C,HTVS,-1.29496616502486,运行/运行/ATP-VSW/ATP-VSW-DOCK_HTVS_1-003_lib/ATP-VSW-DOCK_HTVS_1-003_lib.mae
ATP-HTVS-ADFEB0A5CD8C,HTVS,-0.96644481622207,运行/运行/ATP-VSW/ATP-VSW-DOCK_HTVS_1-003_lib/ATP-VSW-DOCK_HTVS_1-003_lib.mae
ATP-HTVS-ADFEB0A5CD8C,HTVS,-0.762794649042567,运行/运行/ATP-VSW/ATP-VSW-DOCK_HTVS_1-003_lib/ATP-VSW-DOCK_HTVS_1-003_lib.mae
ATP-HTVS-AE2593E94038,HTVS,-4.68275958095835,运行/运行/ATP-VSW/ATP-VSW-DOCK_HTVS_1-003_lib/ATP-VSW-DOCK_HTVS_1-003_lib.mae
ATP-HTVS-AE2593E94038,HTVS,-3.46073201405503,运行/运行/ATP-VSW/ATP-VSW-DOCK_HTVS_1-003_lib/ATP-VSW-DOCK_HTVS_1-003_lib.mae
ATP-HTVS-AE73BF67DB9D,HTVS,-5.24479053059663,运行/运行/ATP-VSW/ATP-VSW-DOCK_HTVS_1-002_lib.maegz
ATP-HTVS-AE73BF67DB9D,HTVS,-4.5368906953159,运行/运行/ATP-VSW/ATP-VSW-DOCK_HTVS_1-002_lib.maegz
ATP-HTVS-AE73BF67DB9D,HTVS,-3.71558141646724,运行/运行/ATP-VSW/ATP-VSW-DOCK_HTVS_1-002_lib.maegz
ATP-HTVS-AE73BF67DB9D,HTVS,-3.36446986303806,运行/运行/ATP-VSW/ATP-VSW-DOCK_HTVS_1-002_lib.maegz
ATP-HTVS-AE73BF67DB9D,HTVS,-2.86207156103756,运行/运行/ATP-VSW/ATP-VSW-DOCK_HTVS_1-002_lib.maegz
ATP-HTVS-AE73BF67DB9D,HTVS,-2.38852562145493,运行/运行/ATP-VSW/ATP-VSW-DOCK_HTVS_1-002_lib.maegz
ATP-HTVS-AE7F15E1977E,HTVS,-2.78181395560203,运行/运行/ATP-VSW/ATP-VSW-DOCK_HTVS_1-001_lib/ATP-VSW-DOCK_HTVS_1-001_lib
ATP-HTVS-AE7F15E1977E,HTVS,-1.82904971489043,运行/运行/ATP-VSW/ATP-VSW-DOCK_HTVS_1-001_lib/ATP-VSW-DOCK_HTVS_1-001_lib
ATP-HTVS-AE8349DE7653,HTVS,-4.45419286011156,运行/运行/ATP-VSW/ATP-VSW-DOCK_HTVS_1-001_lib/ATP-VSW-DOCK_HTVS_1-001_lib
ATP-HTVS-AE8349DE7653,HTVS,-3.01501637138907,运行/运行/ATP-VSW/ATP-VSW-DOCK_HTVS_1-001_lib/ATP-VSW-DOCK_HTVS_1-001_lib
ATP-HTVS-AEA5EF37F369,HTVS,-3.73581852107815,运行/运行/ATP-VSW/ATP-VSW-DOCK_HTVS_1-001_lib/ATP-VSW-DOCK_HTVS_1-001_lib
ATP-HTVS-AEA5EF37F369,HTVS,-3.59521680130617,运行/运行/ATP-VSW/ATP-VSW-DOCK_HTVS_1-001_lib/ATP-VSW-DOCK_HTVS_1-001_lib
ATP-HTVS-AEC4D9F1E0F4,HTVS,-5.315303887102,运行/运行/ATP-VSW/ATP-VSW-DOCK_HTVS_1-001_lib/ATP-VSW-DOCK_HTVS_1-001_lib
ATP-HTVS-AEE242E516D8,HTVS,-4.48133910608213,运行/运行/ATP-VSW/ATP-VSW-DOCK_HTVS_1-001_lib/ATP-VSW-DOCK_HTVS_1-001_lib
ATP-HTVS-AEE242E516D8,HTVS,-2.42273620917891,运行/运行/ATP-VSW/ATP-VSW-DOCK_HTVS_1-001_lib/ATP-VSW-DOCK_HTVS_1-001_lib
ATP-HTVS-AF0D06B60C3E,HTVS,-3.83687277027258,运行/运行/ATP-VSW/ATP-VSW-DOCK_HTVS_1-002_lib.maegz
ATP-HTVS-AF0D06B60C3E,HTVS,-0.956209164661022,运行/运行/ATP-VSW/ATP-VSW-DOCK_HTVS_1-002_lib.maegz
ATP-HTVS-AF24076E5CF3,HTVS,-3.55872693725179,运行/运行/ATP-VSW/ATP-VSW-DOCK_HTVS_1-001_lib/ATP-VSW-DOCK_HTVS_1-001_lib
ATP-HTVS-AF24076E5CF3,HTVS,-3.47722036534106,运行/运行/ATP-VSW/ATP-VSW-DOCK_HTVS_1-001_lib/ATP-VSW-DOCK_HTVS_1-001_lib
ATP-HTVS-AF24076E5CF3,HTVS,-1.69033981480264,运行/运行/ATP-VSW/ATP-VSW-DOCK_HTVS_1-001_lib/ATP-VSW-DOCK_HTVS_1-001_lib
ATP-HTVS-AF24076E5CF3,HTVS,-0.775631025418457,运行/运行/ATP-VSW/ATP-VSW-DOCK_HTVS_1-001_lib/ATP-VSW-DOCK_HTVS_1-001_lib
ATP-HTVS-AF546DDC8B5A,HTVS,-4.86728037701619,运行/运行/ATP-VSW/ATP-VSW-DOCK_HTVS_1-003_lib/ATP-VSW-DOCK_HTVS_1-003_lib.mae
ATP-HTVS-AF546DDC8B5A,HTVS,-2.67404226296912,运行/运行/ATP-VSW/ATP-VSW-DOCK_HTVS_1-003_lib/ATP-VSW-DOCK_HTVS_1-003_lib.mae
ATP-HTVS-AF546DDC8B5A,HTVS,-2.08836826819886,运行/运行/ATP-VSW/ATP-VSW-DOCK_HTVS_1-003_lib/ATP-VSW-DOCK_HTVS_1-003_lib.mae
ATP-HTVS-AF6DFEAC4438,HTVS,-2.37944568393426,运行/运行/ATP-VSW/ATP-VSW-DOCK_HTVS_1-003_lib/ATP-VSW-DOCK_HTVS_1-003_lib.mae
ATP-HTVS-AFAE325C96BD,HTVS,-2.38484101860534,运行/运行/ATP-VSW/ATP-VSW-DOCK_HTVS_1-002_lib.maegz
ATP-HTVS-AFAE325C96BD,HTVS,-1.65890055748216,运行/运行/ATP-VSW/ATP-VSW-DOCK_HTVS_1-002_lib.maegz
ATP-HTVS-AFB94CABAED0,HTVS,-2.78583389446771,运行/运行/ATP-VSW/ATP-VSW-DOCK_HTVS_1-003_lib/ATP-VSW-DOCK_HTVS_1-003_lib.mae
ATP-HTVS-AFD6D96F704F,HTVS,-4.23026736447771,运行/运行/ATP-VSW/ATP-VSW-DOCK_HTVS_1-002_lib.maegz
ATP-HTVS-AFD6D96F704F,HTVS,-3.63420388628821,运行/运行/ATP-VSW/ATP-VSW-DOCK_HTVS_1-002_lib.maegz
ATP-HTVS-AFD6D96F704F,HTVS,-2.66760401306221,运行/运行/ATP-VSW/ATP-VSW-DOCK_HTVS_1-002_lib.maegz
ATP-HTVS-AFD6D96F704F,HTVS,-2.26387917179809,运行/运行/ATP-VSW/ATP-VSW-DOCK_HTVS_1-002_lib.maegz
ATP-HTVS-AFD6D96F704F,HTVS,-1.70821599067543,运行/运行/ATP-VSW/ATP-VSW-DOCK_HTVS_1-002_lib.maegz
ATP-HTVS-AFD6D96F704F,HTVS,-1.58826202338713,运行/运行/ATP-VSW/ATP-VSW-DOCK_HTVS_1-002_lib.maegz
ATP-HTVS-AFF6C4F7FD39,HTVS,-4.44908939680874,运行/运行/ATP-VSW/ATP-VSW-DOCK_HTVS_1-003_lib/ATP-VSW-DOCK_HTVS_1-003_lib.mae
ATP-HTVS-AFF6C4F7FD39,HTVS,-2.78037697855722,运行/运行/ATP-VSW/ATP-VSW-DOCK_HTVS_1-003_lib/ATP-VSW-DOCK_HTVS_1-003_lib.mae
ATP-HTVS-AFF6C4F7FD39,HTVS,-2.6348267387832,运行/运行/ATP-VSW/ATP-VSW-DOCK_HTVS_1-003_lib/ATP-VSW-DOCK_HTVS_1-003_lib.mae
ATP-HTVS-B00F3517908E,HTVS,-4.61374684570078,运行/运行/ATP-VSW/ATP-VSW-DOCK_HTVS_1-003_lib/ATP-VSW-DOCK_HTVS_1-003_lib.mae
ATP-HTVS-B00F3517908E,HTVS,-2.76945017041313,运行/运行/ATP-VSW/ATP-VSW-DOCK_HTVS_1-003_lib/ATP-VSW-DOCK_HTVS_1-003_lib.mae
ATP-HTVS-B0742D29E2ED,HTVS,-4.05631519762372,运行/运行/ATP-VSW/ATP-VSW-DOCK_HTVS_1-001_lib/ATP-VSW-DOCK_HTVS_1-001_lib
ATP-HTVS-B0742D29E2ED,HTVS,-3.21298261681647,运行/运行/ATP-VSW/ATP-VSW-DOCK_HTVS_1-001_lib/ATP-VSW-DOCK_HTVS_1-001_lib
ATP-HTVS-B0742D29E2ED,HTVS,-2.31391008978146,运行/运行/ATP-VSW/ATP-VSW-DOCK_HTVS_1-001_lib/ATP-VSW-DOCK_HTVS_1-001_lib
ATP-HTVS-B0A71AB87D72,HTVS,-6.3559887442052,运行/运行/ATP-VSW/ATP-VSW-DOCK_HTVS_1-003_lib/ATP-VSW-DOCK_HTVS_1-003_lib.mae
ATP-HTVS-B0A71AB87D72,HTVS,-2.92409521590199,运行/运行/ATP-VSW/ATP-VSW-DOCK_HTVS_1-003_lib/ATP-VSW-DOCK_HTVS_1-003_lib.mae
ATP-HTVS-B0AB4541452E,HTVS,-3.82146121477881,运行/运行/ATP-VSW/ATP-VSW-DOCK_HTVS_1-001_lib/ATP-VSW-DOCK_HTVS_1-001_lib
ATP-HTVS-B0B19F009301,HTVS,-2.53889303403204,运行/运行/ATP-VSW/ATP-VSW-DOCK_HTVS_1-001_lib/ATP-VSW-DOCK_HTVS_1-001_lib
ATP-HTVS-B0B19F009301,HTVS,-2.13765923454151,运行/运行/ATP-VSW/ATP-VSW-DOCK_HTVS_1-001_lib/ATP-VSW-DOCK_HTVS_1-001_lib
ATP-HTVS-B107F9A324A3,HTVS,-5.04000059047914,运行/运行/ATP-VSW/ATP-VSW-DOCK_HTVS_1-001_lib/ATP-VSW-DOCK_HTVS_1-001_lib
ATP-HTVS-B107F9A324A3,HTVS,-2.13520094532741,运行/运行/ATP-VSW/ATP-VSW-DOCK_HTVS_1-001_lib/ATP-VSW-DOCK_HTVS_1-001_lib
ATP-HTVS-B13A57A9D1F9,HTVS,-1.61421560434641,运行/运行/ATP-VSW/ATP-VSW-DOCK_HTVS_1-003_lib/ATP-VSW-DOCK_HTVS_1-003_lib.mae
ATP-HTVS-B13D85D04AEE,HTVS,-4.96308509293148,运行/运行/ATP-VSW/ATP-VSW-DOCK_HTVS_1-002_lib.maegz
ATP-HTVS-B16CEB425A58,HTVS,-5.15097789395059,运行/运行/ATP-VSW/ATP-VSW-DOCK_HTVS_1-001_lib/ATP-VSW-DOCK_HTVS_1-001_lib
ATP-HTVS-B16CEB425A58,HTVS,-3.94846731680034,运行/运行/ATP-VSW/ATP-VSW-DOCK_HTVS_1-001_lib/ATP-VSW-DOCK_HTVS_1-001_lib
ATP-HTVS-B1D0FF1C8AAB,HTVS,-5.60971624453893,运行/运行/ATP-VSW/ATP-VSW-DOCK_HTVS_1-002_lib.maegz
ATP-HTVS-B1DCCC83FEFE,HTVS,-3.60920673182249,运行/运行/ATP-VSW/ATP-VSW-DOCK_HTVS_1-003_lib/ATP-VSW-DOCK_HTVS_1-003_lib.mae
ATP-HTVS-B1DCCC83FEFE,HTVS,-1.63256457348165,运行/运行/ATP-VSW/ATP-VSW-DOCK_HTVS_1-003_lib/ATP-VSW-DOCK_HTVS_1-003_lib.mae
ATP-HTVS-B1E26FAB67D9,HTVS,-3.73712231452672,运行/运行/ATP-VSW/ATP-VSW-DOCK_HTVS_1-003_lib/ATP-VSW-DOCK_HTVS_1-003_lib.mae
ATP-HTVS-B1FBA11D65B8,HTVS,-3.88074631091063,运行/运行/ATP-VSW/ATP-VSW-DOCK_HTVS_1-003_lib/ATP-VSW-DOCK_HTVS_1-003_lib.mae
ATP-HTVS-B1FBA11D65B8,HTVS,-3.12942423462597,运行/运行/ATP-VSW/ATP-VSW-DOCK_HTVS_1-003_lib/ATP-VSW-DOCK_HTVS_1-003_lib.mae
ATP-HTVS-B1FBA11D65B8,HTVS,-2.52793567683606,运行/运行/ATP-VSW/ATP-VSW-DOCK_HTVS_1-003_lib/ATP-VSW-DOCK_HTVS_1-003_lib.mae
ATP-HTVS-B23516995CCF,HTVS,-4.7190851020773,运行/运行/ATP-VSW/ATP-VSW-DOCK_HTVS_1-002_lib.maegz
ATP-HTVS-B23516995CCF,HTVS,-2.2352992100008,运行/运行/ATP-VSW/ATP-VSW-DOCK_HTVS_1-002_lib.maegz
ATP-HTVS-B23516995CCF,HTVS,-1.5019920263913,运行/运行/ATP-VSW/ATP-VSW-DOCK_HTVS_1-002_lib.maegz
ATP-HTVS-B262751D15E7,HTVS,-4.95029821446355,运行/运行/ATP-VSW/ATP-VSW-DOCK_HTVS_1-002_lib.maegz
ATP-HTVS-B262751D15E7,HTVS,-1.99235982675027,运行/运行/ATP-VSW/ATP-VSW-DOCK_HTVS_1-002_lib.maegz
ATP-HTVS-B278BB2953A5,HTVS,-4.35664288623461,运行/运行/ATP-VSW/ATP-VSW-DOCK_HTVS_1-001_lib/ATP-VSW-DOCK_HTVS_1-001_lib
ATP-HTVS-B278BB2953A5,HTVS,-2.92291139289643,运行/运行/ATP-VSW/ATP-VSW-DOCK_HTVS_1-001_lib/ATP-VSW-DOCK_HTVS_1-001_lib
ATP-HTVS-B31ECD8B9A27,HTVS,-5.92766230536446,运行/运行/ATP-VSW/ATP-VSW-DOCK_HTVS_1-003_lib/ATP-VSW-DOCK_HTVS_1-003_lib.mae
ATP-HTVS-B31ECD8B9A27,HTVS,-1.16999859140759,运行/运行/ATP-VSW/ATP-VSW-DOCK_HTVS_1-003_lib/ATP-VSW-DOCK_HTVS_1-003_lib.mae
ATP-HTVS-B34C30ECDBCB,HTVS,-1.69642127106037,运行/运行/ATP-VSW/ATP-VSW-DOCK_HTVS_1-003_lib/ATP-VSW-DOCK_HTVS_1-003_lib.mae
ATP-HTVS-B36D0C358EAD,HTVS,-4.17567819093712,运行/运行/ATP-VSW/ATP-VSW-DOCK_HTVS_1-001_lib/ATP-VSW-DOCK_HTVS_1-001_lib
ATP-HTVS-B36D0C358EAD,HTVS,-4.02429924055875,运行/运行/ATP-VSW/ATP-VSW-DOCK_HTVS_1-001_lib/ATP-VSW-DOCK_HTVS_1-001_lib
ATP-HTVS-B36D0C358EAD,HTVS,-3.0937996433197,运行/运行/ATP-VSW/ATP-VSW-DOCK_HTVS_1-001_lib/ATP-VSW-DOCK_HTVS_1-001_lib
ATP-HTVS-B36D0C358EAD,HTVS,-2.21502969215214,运行/运行/ATP-VSW/ATP-VSW-DOCK_HTVS_1-001_lib/ATP-VSW-DOCK_HTVS_1-001_lib
ATP-HTVS-B383260168BF,HTVS,-4.45475962306661,运行/运行/ATP-VSW/ATP-VSW-DOCK_HTVS_1-001_lib/ATP-VSW-DOCK_HTVS_1-001_lib
ATP-HTVS-B383260168BF,HTVS,-2.34876557613149,运行/运行/ATP-VSW/ATP-VSW-DOCK_HTVS_1-001_lib/ATP-VSW-DOCK_HTVS_1-001_lib
ATP-HTVS-B383260168BF,HTVS,-2.28200955012806,运行/运行/ATP-VSW/ATP-VSW-DOCK_HTVS_1-001_lib/ATP-VSW-DOCK_HTVS_1-001_lib
ATP-HTVS-B383260168BF,HTVS,-2.05269868495803,运行/运行/ATP-VSW/ATP-VSW-DOCK_HTVS_1-001_lib/ATP-VSW-DOCK_HTVS_1-001_lib
ATP-HTVS-B3F47181DC5D,HTVS,-5.78131733089386,运行/运行/ATP-VSW/ATP-VSW-DOCK_HTVS_1-002_lib.maegz
ATP-HTVS-B3F47181DC5D,HTVS,-4.27245508893193,运行/运行/ATP-VSW/ATP-VSW-DOCK_HTVS_1-002_lib.maegz
ATP-HTVS-B3F47181DC5D,HTVS,-3.47951428426054,运行/运行/ATP-VSW/ATP-VSW-DOCK_HTVS_1-002_lib.maegz
ATP-HTVS-B3F47181DC5D,HTVS,-1.4792444278004,运行/运行/ATP-VSW/ATP-VSW-DOCK_HTVS_1-002_lib.maegz
ATP-HTVS-B3FE097D1043,HTVS,-4.68627525540222,运行/运行/ATP-VSW/ATP-VSW-DOCK_HTVS_1-003_lib/ATP-VSW-DOCK_HTVS_1-003_lib.mae
ATP-HTVS-B3FE097D1043,HTVS,-0.881089720337743,运行/运行/ATP-VSW/ATP-VSW-DOCK_HTVS_1-003_lib/ATP-VSW-DOCK_HTVS_1-003_lib.mae
ATP-HTVS-B41566EF3893,HTVS,-4.70580987896128,运行/运行/ATP-VSW/ATP-VSW-DOCK_HTVS_1-003_lib/ATP-VSW-DOCK_HTVS_1-003_lib.mae
ATP-HTVS-B41566EF3893,HTVS,-2.96264901538572,运行/运行/ATP-VSW/ATP-VSW-DOCK_HTVS_1-003_lib/ATP-VSW-DOCK_HTVS_1-003_lib.mae
ATP-HTVS-B41566EF3893,HTVS,-2.87458811543528,运行/运行/ATP-VSW/ATP-VSW-DOCK_HTVS_1-003_lib/ATP-VSW-DOCK_HTVS_1-003_lib.mae
ATP-HTVS-B41566EF3893,HTVS,-0.868072040659171,运行/运行/ATP-VSW/ATP-VSW-DOCK_HTVS_1-003_lib/ATP-VSW-DOCK_HTVS_1-003_lib.mae
ATP-HTVS-B46E603BFCD4,HTVS,-4.49674664045134,运行/运行/ATP-VSW/ATP-VSW-DOCK_HTVS_1-002_lib.maegz
ATP-HTVS-B46E603BFCD4,HTVS,-3.27441653064744,运行/运行/ATP-VSW/ATP-VSW-DOCK_HTVS_1-002_lib.maegz
ATP-HTVS-B46E603BFCD4,HTVS,-1.47175075581335,运行/运行/ATP-VSW/ATP-VSW-DOCK_HTVS_1-002_lib.maegz
ATP-HTVS-B476F40F800C,HTVS,-3.765788618152,运行/运行/ATP-VSW/ATP-VSW-DOCK_HTVS_1-003_lib/ATP-VSW-DOCK_HTVS_1-003_lib.mae
ATP-HTVS-B476F40F800C,HTVS,-1.500377220544,运行/运行/ATP-VSW/ATP-VSW-DOCK_HTVS_1-003_lib/ATP-VSW-DOCK_HTVS_1-003_lib.mae
ATP-HTVS-B47DAEDE372B,HTVS,-3.39530927196781,运行/运行/ATP-VSW/ATP-VSW-DOCK_HTVS_1-003_lib/ATP-VSW-DOCK_HTVS_1-003_lib.mae
ATP-HTVS-B48F3FD049EC,HTVS,-1.74699328530656,运行/运行/ATP-VSW/ATP-VSW-DOCK_HTVS_1-002_lib.maegz
ATP-HTVS-B4E8E29A2CD9,HTVS,-4.5674968213852,运行/运行/ATP-VSW/ATP-VSW-DOCK_HTVS_1-003_lib/ATP-VSW-DOCK_HTVS_1-003_lib.mae
ATP-HTVS-B4F34B52DEEF,HTVS,-5.18852571458463,运行/运行/ATP-VSW/ATP-VSW-DOCK_HTVS_1-001_lib/ATP-VSW-DOCK_HTVS_1-001_lib
ATP-HTVS-B4F34B52DEEF,HTVS,-4.79596600841616,运行/运行/ATP-VSW/ATP-VSW-DOCK_HTVS_1-001_lib/ATP-VSW-DOCK_HTVS_1-001_lib
ATP-HTVS-B4F34B52DEEF,HTVS,-4.74643950523513,运行/运行/ATP-VSW/ATP-VSW-DOCK_HTVS_1-001_lib/ATP-VSW-DOCK_HTVS_1-001_lib
ATP-HTVS-B4F34B52DEEF,HTVS,-4.46123194849663,运行/运行/ATP-VSW/ATP-VSW-DOCK_HTVS_1-001_lib/ATP-VSW-DOCK_HTVS_1-001_lib
ATP-HTVS-B4F34B52DEEF,HTVS,-3.81748836150728,运行/运行/ATP-VSW/ATP-VSW-DOCK_HTVS_1-001_lib/ATP-VSW-DOCK_HTVS_1-001_lib
ATP-HTVS-B4F34B52DEEF,HTVS,-3.79871549340265,运行/运行/ATP-VSW/ATP-VSW-DOCK_HTVS_1-001_lib/ATP-VSW-DOCK_HTVS_1-001_lib
ATP-HTVS-B4F34B52DEEF,HTVS,-3.498871854718,运行/运行/ATP-VSW/ATP-VSW-DOCK_HTVS_1-001_lib/ATP-VSW-DOCK_HTVS_1-001_lib
ATP-HTVS-B4F34B52DEEF,HTVS,-3.22378279228276,运行/运行/ATP-VSW/ATP-VSW-DOCK_HTVS_1-001_lib/ATP-VSW-DOCK_HTVS_1-001_lib
ATP-HTVS-B4FC20780B21,HTVS,-5.33877522679831,运行/运行/ATP-VSW/ATP-VSW-DOCK_HTVS_1-003_lib/ATP-VSW-DOCK_HTVS_1-003_lib.mae
ATP-HTVS-B4FC20780B21,HTVS,-5.00790403035421,运行/运行/ATP-VSW/ATP-VSW-DOCK_HTVS_1-003_lib/ATP-VSW-DOCK_HTVS_1-003_lib.mae
ATP-HTVS-B4FC20780B21,HTVS,-3.28212557331269,运行/运行/ATP-VSW/ATP-VSW-DOCK_HTVS_1-003_lib/ATP-VSW-DOCK_HTVS_1-003_lib.mae
ATP-HTVS-B4FC20780B21,HTVS,-2.44136425504645,运行/运行/ATP-VSW/ATP-VSW-DOCK_HTVS_1-003_lib/ATP-VSW-DOCK_HTVS_1-003_lib.mae
ATP-HTVS-B4FC20780B21,HTVS,-0.73500127747476,运行/运行/ATP-VSW/ATP-VSW-DOCK_HTVS_1-003_lib/ATP-VSW-DOCK_HTVS_1-003_lib.mae
ATP-HTVS-B51F80196405,HTVS,-0.684467516068333,运行/运行/ATP-VSW/ATP-VSW-DOCK_HTVS_1-003_lib/ATP-VSW-DOCK_HTVS_1-003_lib.mae
ATP-HTVS-B51F80196405,HTVS,-0.628579217449449,运行/运行/ATP-VSW/ATP-VSW-DOCK_HTVS_1-003_lib/ATP-VSW-DOCK_HTVS_1-003_lib.mae
ATP-HTVS-B56D8AC3A406,HTVS,-4.72167488833657,运行/运行/ATP-VSW/ATP-VSW-DOCK_HTVS_1-001_lib/ATP-VSW-DOCK_HTVS_1-001_lib
ATP-HTVS-B56D8AC3A406,HTVS,-3.62736368211118,运行/运行/ATP-VSW/ATP-VSW-DOCK_HTVS_1-001_lib/ATP-VSW-DOCK_HTVS_1-001_lib
ATP-HTVS-B56D8AC3A406,HTVS,-1.18605144979266,运行/运行/ATP-VSW/ATP-VSW-DOCK_HTVS_1-001_lib/ATP-VSW-DOCK_HTVS_1-001_lib
ATP-HTVS-B586963EE7FB,HTVS,-2.98151074575669,运行/运行/ATP-VSW/ATP-VSW-DOCK_HTVS_1-002_lib.maegz
ATP-HTVS-B586963EE7FB,HTVS,-2.7012387168358,运行/运行/ATP-VSW/ATP-VSW-DOCK_HTVS_1-002_lib.maegz
ATP-HTVS-B586963EE7FB,HTVS,-2.04818239812864,运行/运行/ATP-VSW/ATP-VSW-DOCK_HTVS_1-002_lib.maegz
ATP-HTVS-B5A4F958CC31,HTVS,-4.61871911693587,运行/运行/ATP-VSW/ATP-VSW-DOCK_HTVS_1-003_lib/ATP-VSW-DOCK_HTVS_1-003_lib.mae
ATP-HTVS-B5A4F958CC31,HTVS,-4.11266116443884,运行/运行/ATP-VSW/ATP-VSW-DOCK_HTVS_1-003_lib/ATP-VSW-DOCK_HTVS_1-003_lib.mae
ATP-HTVS-B612A35BE18C,HTVS,-4.35963998063379,运行/运行/ATP-VSW/ATP-VSW-DOCK_HTVS_1-003_lib/ATP-VSW-DOCK_HTVS_1-003_lib.mae
ATP-HTVS-B612A35BE18C,HTVS,-2.41468561810488,运行/运行/ATP-VSW/ATP-VSW-DOCK_HTVS_1-003_lib/ATP-VSW-DOCK_HTVS_1-003_lib.mae
ATP-HTVS-B6233BB79AF7,HTVS,-3.43284093977183,运行/运行/ATP-VSW/ATP-VSW-DOCK_HTVS_1-003_lib/ATP-VSW-DOCK_HTVS_1-003_lib.mae
ATP-HTVS-B64EA431F59B,HTVS,-2.52173005455312,运行/运行/ATP-VSW/ATP-VSW-DOCK_HTVS_1-001_lib/ATP-VSW-DOCK_HTVS_1-001_lib
ATP-HTVS-B64FB026F9D3,HTVS,-4.45029079262428,运行/运行/ATP-VSW/ATP-VSW-DOCK_HTVS_1-001_lib/ATP-VSW-DOCK_HTVS_1-001_lib
ATP-HTVS-B64FB026F9D3,HTVS,-1.38674174363085,运行/运行/ATP-VSW/ATP-VSW-DOCK_HTVS_1-001_lib/ATP-VSW-DOCK_HTVS_1-001_lib
ATP-HTVS-B6843249DE88,HTVS,-3.80964674006807,运行/运行/ATP-VSW/ATP-VSW-DOCK_HTVS_1-002_lib.maegz
ATP-HTVS-B685FDB22E51,HTVS,-2.43146582223229,运行/运行/ATP-VSW/ATP-VSW-DOCK_HTVS_1-002_lib.maegz
ATP-HTVS-B685FDB22E51,HTVS,-0.979617600221848,运行/运行/ATP-VSW/ATP-VSW-DOCK_HTVS_1-002_lib.maegz
ATP-HTVS-B699C037922C,HTVS,-3.03470016563841,运行/运行/ATP-VSW/ATP-VSW-DOCK_HTVS_1-002_lib.maegz
ATP-HTVS-B6BB4D9D6C90,HTVS,-4.93015311685867,运行/运行/ATP-VSW/ATP-VSW-DOCK_HTVS_1-001_lib/ATP-VSW-DOCK_HTVS_1-001_lib
ATP-HTVS-B6BB4D9D6C90,HTVS,-2.76827155132155,运行/运行/ATP-VSW/ATP-VSW-DOCK_HTVS_1-001_lib/ATP-VSW-DOCK_HTVS_1-001_lib
ATP-HTVS-B6C483C4EE45,HTVS,-5.34115308557005,运行/运行/ATP-VSW/ATP-VSW-DOCK_HTVS_1-002_lib.maegz
ATP-HTVS-B6C483C4EE45,HTVS,-2.98210073343226,运行/运行/ATP-VSW/ATP-VSW-DOCK_HTVS_1-002_lib.maegz
ATP-HTVS-B7334B97F240,HTVS,-5.14055156452424,运行/运行/ATP-VSW/ATP-VSW-DOCK_HTVS_1-002_lib.maegz
ATP-HTVS-B7334B97F240,HTVS,-3.37644452922333,运行/运行/ATP-VSW/ATP-VSW-DOCK_HTVS_1-002_lib.maegz
ATP-HTVS-B7334B97F240,HTVS,-2.7798495174952,运行/运行/ATP-VSW/ATP-VSW-DOCK_HTVS_1-002_lib.maegz
ATP-HTVS-B7368E70BBC8,HTVS,-5.42596798797349,运行/运行/ATP-VSW/ATP-VSW-DOCK_HTVS_1-001_lib/ATP-VSW-DOCK_HTVS_1-001_lib
ATP-HTVS-B7368E70BBC8,HTVS,-1.91599537091659,运行/运行/ATP-VSW/ATP-VSW-DOCK_HTVS_1-001_lib/ATP-VSW-DOCK_HTVS_1-001_lib
ATP-HTVS-B7604789CEBF,HTVS,-4.92788953230995,运行/运行/ATP-VSW/ATP-VSW-DOCK_HTVS_1-002_lib.maegz
ATP-HTVS-B7604789CEBF,HTVS,-3.52910093143803,运行/运行/ATP-VSW/ATP-VSW-DOCK_HTVS_1-002_lib.maegz
ATP-HTVS-B7604789CEBF,HTVS,-3.30470046056096,运行/运行/ATP-VSW/ATP-VSW-DOCK_HTVS_1-002_lib.maegz
ATP-HTVS-B7604789CEBF,HTVS,-3.24305030989064,运行/运行/ATP-VSW/ATP-VSW-DOCK_HTVS_1-002_lib.maegz
ATP-HTVS-B7604789CEBF,HTVS,-1.97225641349399,运行/运行/ATP-VSW/ATP-VSW-DOCK_HTVS_1-002_lib.maegz
ATP-HTVS-B7604789CEBF,HTVS,-1.02941488527958,运行/运行/ATP-VSW/ATP-VSW-DOCK_HTVS_1-002_lib.maegz
ATP-HTVS-B77025854F9D,HTVS,-5.18063790977782,运行/运行/ATP-VSW/ATP-VSW-DOCK_HTVS_1-003_lib/ATP-VSW-DOCK_HTVS_1-003_lib.mae
ATP-HTVS-B77025854F9D,HTVS,-5.08743730878304,运行/运行/ATP-VSW/ATP-VSW-DOCK_HTVS_1-003_lib/ATP-VSW-DOCK_HTVS_1-003_lib.mae
ATP-HTVS-B77025854F9D,HTVS,-5.02493096357986,运行/运行/ATP-VSW/ATP-VSW-DOCK_HTVS_1-003_lib/ATP-VSW-DOCK_HTVS_1-003_lib.mae
ATP-HTVS-B77025854F9D,HTVS,-4.53039540641979,运行/运行/ATP-VSW/ATP-VSW-DOCK_HTVS_1-003_lib/ATP-VSW-DOCK_HTVS_1-003_lib.mae
ATP-HTVS-B77025854F9D,HTVS,-3.52754898155774,运行/运行/ATP-VSW/ATP-VSW-DOCK_HTVS_1-003_lib/ATP-VSW-DOCK_HTVS_1-003_lib.mae
ATP-HTVS-B77025854F9D,HTVS,-3.52395032507745,运行/运行/ATP-VSW/ATP-VSW-DOCK_HTVS_1-003_lib/ATP-VSW-DOCK_HTVS_1-003_lib.mae
ATP-HTVS-B77025854F9D,HTVS,-2.85185741738872,运行/运行/ATP-VSW/ATP-VSW-DOCK_HTVS_1-003_lib/ATP-VSW-DOCK_HTVS_1-003_lib.mae
ATP-HTVS-B77025854F9D,HTVS,-2.03826181812795,运行/运行/ATP-VSW/ATP-VSW-DOCK_HTVS_1-003_lib/ATP-VSW-DOCK_HTVS_1-003_lib.mae
ATP-HTVS-B798CBAC6C44,HTVS,-2.94710029951005,运行/运行/ATP-VSW/ATP-VSW-DOCK_HTVS_1-002_lib.maegz
ATP-HTVS-B7AB07A15A31,HTVS,-4.03672743264643,运行/运行/ATP-VSW/ATP-VSW-DOCK_HTVS_1-003_lib/ATP-VSW-DOCK_HTVS_1-003_lib.mae
ATP-HTVS-B7AB07A15A31,HTVS,-2.56399356092597,运行/运行/ATP-VSW/ATP-VSW-DOCK_HTVS_1-003_lib/ATP-VSW-DOCK_HTVS_1-003_lib.mae
ATP-HTVS-B7C68EF5FFDC,HTVS,-4.18675195228413,运行/运行/ATP-VSW/ATP-VSW-DOCK_HTVS_1-003_lib/ATP-VSW-DOCK_HTVS_1-003_lib.mae
ATP-HTVS-B7C68EF5FFDC,HTVS,-3.89580899514399,运行/运行/ATP-VSW/ATP-VSW-DOCK_HTVS_1-003_lib/ATP-VSW-DOCK_HTVS_1-003_lib.mae
ATP-HTVS-B7C68EF5FFDC,HTVS,-2.78599858982043,运行/运行/ATP-VSW/ATP-VSW-DOCK_HTVS_1-003_lib/ATP-VSW-DOCK_HTVS_1-003_lib.mae
ATP-HTVS-B7C68EF5FFDC,HTVS,-2.50388976930879,运行/运行/ATP-VSW/ATP-VSW-DOCK_HTVS_1-003_lib/ATP-VSW-DOCK_HTVS_1-003_lib.mae
ATP-HTVS-B7C68EF5FFDC,HTVS,-2.18302689351622,运行/运行/ATP-VSW/ATP-VSW-DOCK_HTVS_1-003_lib/ATP-VSW-DOCK_HTVS_1-003_lib.mae
ATP-HTVS-B7C68EF5FFDC,HTVS,-1.99674851737158,运行/运行/ATP-VSW/ATP-VSW-DOCK_HTVS_1-003_lib/ATP-VSW-DOCK_HTVS_1-003_lib.mae
ATP-HTVS-B7CF3B4EBACD,HTVS,-4.14533704989545,运行/运行/ATP-VSW/ATP-VSW-DOCK_HTVS_1-002_lib.maegz
ATP-HTVS-B7CF3B4EBACD,HTVS,-4.00801683325856,运行/运行/ATP-VSW/ATP-VSW-DOCK_HTVS_1-002_lib.maegz
ATP-HTVS-B7CF3B4EBACD,HTVS,-3.00538389877424,运行/运行/ATP-VSW/ATP-VSW-DOCK_HTVS_1-002_lib.maegz
ATP-HTVS-B7FF2C0C64E6,HTVS,-4.51580519988092,运行/运行/ATP-VSW/ATP-VSW-DOCK_HTVS_1-003_lib/ATP-VSW-DOCK_HTVS_1-003_lib.mae
ATP-HTVS-B7FF2C0C64E6,HTVS,-2.33320562614836,运行/运行/ATP-VSW/ATP-VSW-DOCK_HTVS_1-003_lib/ATP-VSW-DOCK_HTVS_1-003_lib.mae
ATP-HTVS-B8017292FA6C,HTVS,-2.87306696057149,运行/运行/ATP-VSW/ATP-VSW-DOCK_HTVS_1-002_lib.maegz
ATP-HTVS-B8459B836830,HTVS,-3.6689567085858,运行/运行/ATP-VSW/ATP-VSW-DOCK_HTVS_1-002_lib.maegz
ATP-HTVS-B8459B836830,HTVS,-3.00620338872277,运行/运行/ATP-VSW/ATP-VSW-DOCK_HTVS_1-002_lib.maegz
ATP-HTVS-B8459B836830,HTVS,-0.284263640866163,运行/运行/ATP-VSW/ATP-VSW-DOCK_HTVS_1-002_lib.maegz
ATP-HTVS-B847417F307C,HTVS,-5.45752917124397,运行/运行/ATP-VSW/ATP-VSW-DOCK_HTVS_1-001_lib/ATP-VSW-DOCK_HTVS_1-001_lib
ATP-HTVS-B860A68943EF,HTVS,-3.53485465298697,运行/运行/ATP-VSW/ATP-VSW-DOCK_HTVS_1-002_lib.maegz
ATP-HTVS-B860A68943EF,HTVS,-3.06697623176819,运行/运行/ATP-VSW/ATP-VSW-DOCK_HTVS_1-002_lib.maegz
ATP-HTVS-B860A68943EF,HTVS,-2.31070864998808,运行/运行/ATP-VSW/ATP-VSW-DOCK_HTVS_1-002_lib.maegz
ATP-HTVS-B860A68943EF,HTVS,-1.84044409800498,运行/运行/ATP-VSW/ATP-VSW-DOCK_HTVS_1-002_lib.maegz
ATP-HTVS-B860A68943EF,HTVS,-0.764165942022812,运行/运行/ATP-VSW/ATP-VSW-DOCK_HTVS_1-002_lib.maegz
ATP-HTVS-B860A68943EF,HTVS,-0.0139950114603313,运行/运行/ATP-VSW/ATP-VSW-DOCK_HTVS_1-002_lib.maegz
ATP-HTVS-B860A68943EF,HTVS,0.265212252742696,运行/运行/ATP-VSW/ATP-VSW-DOCK_HTVS_1-002_lib.maegz
ATP-HTVS-B860A68943EF,HTVS,0.613986694815554,运行/运行/ATP-VSW/ATP-VSW-DOCK_HTVS_1-002_lib.maegz
ATP-HTVS-B88C39A42AA7,HTVS,-3.76935999597459,运行/运行/ATP-VSW/ATP-VSW-DOCK_HTVS_1-003_lib/ATP-VSW-DOCK_HTVS_1-003_lib.mae
ATP-HTVS-B88C39A42AA7,HTVS,-2.3493286413015,运行/运行/ATP-VSW/ATP-VSW-DOCK_HTVS_1-003_lib/ATP-VSW-DOCK_HTVS_1-003_lib.mae
ATP-HTVS-B8A979A70D7E,HTVS,-4.34397423992911,运行/运行/ATP-VSW/ATP-VSW-DOCK_HTVS_1-003_lib/ATP-VSW-DOCK_HTVS_1-003_lib.mae
ATP-HTVS-B8D4F4CA2980,HTVS,-5.21646540592077,运行/运行/ATP-VSW/ATP-VSW-DOCK_HTVS_1-001_lib/ATP-VSW-DOCK_HTVS_1-001_lib
ATP-HTVS-B8D4F4CA2980,HTVS,-4.20625063815206,运行/运行/ATP-VSW/ATP-VSW-DOCK_HTVS_1-001_lib/ATP-VSW-DOCK_HTVS_1-001_lib
ATP-HTVS-B8D4F4CA2980,HTVS,-3.18493055255021,运行/运行/ATP-VSW/ATP-VSW-DOCK_HTVS_1-001_lib/ATP-VSW-DOCK_HTVS_1-001_lib
ATP-HTVS-B8D4F4CA2980,HTVS,-1.78041282576637,运行/运行/ATP-VSW/ATP-VSW-DOCK_HTVS_1-001_lib/ATP-VSW-DOCK_HTVS_1-001_lib
ATP-HTVS-B976229D01A0,HTVS,-1.51856162395666,运行/运行/ATP-VSW/ATP-VSW-DOCK_HTVS_1-002_lib.maegz
ATP-HTVS-B989B97EF6F5,HTVS,-5.98566530002566,运行/运行/ATP-VSW/ATP-VSW-DOCK_HTVS_1-002_lib.maegz
ATP-HTVS-B99F6A8D80C4,HTVS,-3.96977830419514,运行/运行/ATP-VSW/ATP-VSW-DOCK_HTVS_1-002_lib.maegz
ATP-HTVS-B9C46F2E092C,HTVS,-3.67328330366518,运行/运行/ATP-VSW/ATP-VSW-DOCK_HTVS_1-003_lib/ATP-VSW-DOCK_HTVS_1-003_lib.mae
ATP-HTVS-B9C46F2E092C,HTVS,-2.49295901481652,运行/运行/ATP-VSW/ATP-VSW-DOCK_HTVS_1-003_lib/ATP-VSW-DOCK_HTVS_1-003_lib.mae
ATP-HTVS-B9E16686FC4A,HTVS,-1.96871524107972,运行/运行/ATP-VSW/ATP-VSW-DOCK_HTVS_1-001_lib/ATP-VSW-DOCK_HTVS_1-001_lib
ATP-HTVS-BA05F8BAE026,HTVS,-4.54604709625599,运行/运行/ATP-VSW/ATP-VSW-DOCK_HTVS_1-002_lib.maegz
ATP-HTVS-BA05F8BAE026,HTVS,-3.38760953002636,运行/运行/ATP-VSW/ATP-VSW-DOCK_HTVS_1-002_lib.maegz
ATP-HTVS-BA05F8BAE026,HTVS,-2.39588791971972,运行/运行/ATP-VSW/ATP-VSW-DOCK_HTVS_1-002_lib.maegz
ATP-HTVS-BA05F8BAE026,HTVS,-1.42785942327448,运行/运行/ATP-VSW/ATP-VSW-DOCK_HTVS_1-002_lib.maegz
ATP-HTVS-BA0E3BFA8388,HTVS,-5.08693232449439,运行/运行/ATP-VSW/ATP-VSW-DOCK_HTVS_1-001_lib/ATP-VSW-DOCK_HTVS_1-001_lib
ATP-HTVS-BA0E3BFA8388,HTVS,-2.93869924427021,运行/运行/ATP-VSW/ATP-VSW-DOCK_HTVS_1-001_lib/ATP-VSW-DOCK_HTVS_1-001_lib
ATP-HTVS-BA0E3BFA8388,HTVS,-2.68349736308599,运行/运行/ATP-VSW/ATP-VSW-DOCK_HTVS_1-001_lib/ATP-VSW-DOCK_HTVS_1-001_lib
ATP-HTVS-BAB35535B111,HTVS,-4.21154858734404,运行/运行/ATP-VSW/ATP-VSW-DOCK_HTVS_1-003_lib/ATP-VSW-DOCK_HTVS_1-003_lib.mae
ATP-HTVS-BAB35535B111,HTVS,-3.3194021059514,运行/运行/ATP-VSW/ATP-VSW-DOCK_HTVS_1-003_lib/ATP-VSW-DOCK_HTVS_1-003_lib.mae
ATP-HTVS-BAB35535B111,HTVS,-1.22031607105906,运行/运行/ATP-VSW/ATP-VSW-DOCK_HTVS_1-003_lib/ATP-VSW-DOCK_HTVS_1-003_lib.mae
ATP-HTVS-BAD00D53E534,HTVS,-3.92227530838364,运行/运行/ATP-VSW/ATP-VSW-DOCK_HTVS_1-002_lib.maegz
ATP-HTVS-BAD00D53E534,HTVS,-3.59231294662185,运行/运行/ATP-VSW/ATP-VSW-DOCK_HTVS_1-002_lib.maegz
ATP-HTVS-BAD00D53E534,HTVS,-3.34366711911843,运行/运行/ATP-VSW/ATP-VSW-DOCK_HTVS_1-002_lib.maegz
ATP-HTVS-BAE9605F8CCC,HTVS,-4.41173546626797,运行/运行/ATP-VSW/ATP-VSW-DOCK_HTVS_1-001_lib/ATP-VSW-DOCK_HTVS_1-001_lib
ATP-HTVS-BAE9605F8CCC,HTVS,-3.36146387938579,运行/运行/ATP-VSW/ATP-VSW-DOCK_HTVS_1-001_lib/ATP-VSW-DOCK_HTVS_1-001_lib
ATP-HTVS-BAE9605F8CCC,HTVS,-1.72707163244711,运行/运行/ATP-VSW/ATP-VSW-DOCK_HTVS_1-001_lib/ATP-VSW-DOCK_HTVS_1-001_lib
ATP-HTVS-BAF1AE5D2B14,HTVS,-4.38001977581335,运行/运行/ATP-VSW/ATP-VSW-DOCK_HTVS_1-002_lib.maegz
ATP-HTVS-BAF1AE5D2B14,HTVS,-3.75975549674394,运行/运行/ATP-VSW/ATP-VSW-DOCK_HTVS_1-002_lib.maegz
ATP-HTVS-BAFA4202ACED,HTVS,-3.14289673283571,运行/运行/ATP-VSW/ATP-VSW-DOCK_HTVS_1-001_lib/ATP-VSW-DOCK_HTVS_1-001_lib
ATP-HTVS-BB0F51DCED8B,HTVS,-2.81848001304951,运行/运行/ATP-VSW/ATP-VSW-DOCK_HTVS_1-003_lib/ATP-VSW-DOCK_HTVS_1-003_lib.mae
ATP-HTVS-BB0F51DCED8B,HTVS,-1.46274270938305,运行/运行/ATP-VSW/ATP-VSW-DOCK_HTVS_1-003_lib/ATP-VSW-DOCK_HTVS_1-003_lib.mae
ATP-HTVS-BB2B7EB3D06A,HTVS,-4.62863292885777,运行/运行/ATP-VSW/ATP-VSW-DOCK_HTVS_1-002_lib.maegz
ATP-HTVS-BB2B7EB3D06A,HTVS,-4.60351191577258,运行/运行/ATP-VSW/ATP-VSW-DOCK_HTVS_1-002_lib.maegz
ATP-HTVS-BB2B7EB3D06A,HTVS,-2.44153310554775,运行/运行/ATP-VSW/ATP-VSW-DOCK_HTVS_1-002_lib.maegz
ATP-HTVS-BB2B7EB3D06A,HTVS,-2.07106503640632,运行/运行/ATP-VSW/ATP-VSW-DOCK_HTVS_1-002_lib.maegz
ATP-HTVS-BB30DC3CF26F,HTVS,-4.24182037069851,运行/运行/ATP-VSW/ATP-VSW-DOCK_HTVS_1-002_lib.maegz
ATP-HTVS-BB30DC3CF26F,HTVS,-2.03342102424887,运行/运行/ATP-VSW/ATP-VSW-DOCK_HTVS_1-002_lib.maegz
ATP-HTVS-BB3EB03EB4C6,HTVS,-4.84510867006185,运行/运行/ATP-VSW/ATP-VSW-DOCK_HTVS_1-003_lib/ATP-VSW-DOCK_HTVS_1-003_lib.mae
ATP-HTVS-BB3EB03EB4C6,HTVS,-4.6547089433311,运行/运行/ATP-VSW/ATP-VSW-DOCK_HTVS_1-003_lib/ATP-VSW-DOCK_HTVS_1-003_lib.mae
ATP-HTVS-BB3EB03EB4C6,HTVS,-2.84363911208833,运行/运行/ATP-VSW/ATP-VSW-DOCK_HTVS_1-003_lib/ATP-VSW-DOCK_HTVS_1-003_lib.mae
ATP-HTVS-BB3EB03EB4C6,HTVS,-2.6728757437094,运行/运行/ATP-VSW/ATP-VSW-DOCK_HTVS_1-003_lib/ATP-VSW-DOCK_HTVS_1-003_lib.mae
ATP-HTVS-BB81D0256EE3,HTVS,-4.08595230146298,运行/运行/ATP-VSW/ATP-VSW-DOCK_HTVS_1-001_lib/ATP-VSW-DOCK_HTVS_1-001_lib
ATP-HTVS-BB81D0256EE3,HTVS,-2.75573140443634,运行/运行/ATP-VSW/ATP-VSW-DOCK_HTVS_1-001_lib/ATP-VSW-DOCK_HTVS_1-001_lib
ATP-HTVS-BBA3AD223423,HTVS,-1.69188024939488,运行/运行/ATP-VSW/ATP-VSW-DOCK_HTVS_1-003_lib/ATP-VSW-DOCK_HTVS_1-003_lib.mae
ATP-HTVS-BBA3AD223423,HTVS,-1.25887952757326,运行/运行/ATP-VSW/ATP-VSW-DOCK_HTVS_1-003_lib/ATP-VSW-DOCK_HTVS_1-003_lib.mae
ATP-HTVS-BBB01994AF2B,HTVS,-3.84304552480272,运行/运行/ATP-VSW/ATP-VSW-DOCK_HTVS_1-002_lib.maegz
ATP-HTVS-BBB01994AF2B,HTVS,-2.90763439343146,运行/运行/ATP-VSW/ATP-VSW-DOCK_HTVS_1-002_lib.maegz
ATP-HTVS-BBB01994AF2B,HTVS,-1.61959045068249,运行/运行/ATP-VSW/ATP-VSW-DOCK_HTVS_1-002_lib.maegz
ATP-HTVS-BBE6E61B6745,HTVS,-5.58651505166429,运行/运行/ATP-VSW/ATP-VSW-DOCK_HTVS_1-002_lib.maegz
ATP-HTVS-BBE6E61B6745,HTVS,-4.52180076894688,运行/运行/ATP-VSW/ATP-VSW-DOCK_HTVS_1-002_lib.maegz
ATP-HTVS-BBE6E61B6745,HTVS,-4.40912155463712,运行/运行/ATP-VSW/ATP-VSW-DOCK_HTVS_1-002_lib.maegz
ATP-HTVS-BBE6E61B6745,HTVS,-3.8815240122869,运行/运行/ATP-VSW/ATP-VSW-DOCK_HTVS_1-002_lib.maegz
ATP-HTVS-BBF7556FA5C3,HTVS,-4.34751111528671,运行/运行/ATP-VSW/ATP-VSW-DOCK_HTVS_1-003_lib/ATP-VSW-DOCK_HTVS_1-003_lib.mae
ATP-HTVS-BC2B8699145A,HTVS,-4.37742163323633,运行/运行/ATP-VSW/ATP-VSW-DOCK_HTVS_1-001_lib/ATP-VSW-DOCK_HTVS_1-001_lib
ATP-HTVS-BC2B8699145A,HTVS,-4.19768849458746,运行/运行/ATP-VSW/ATP-VSW-DOCK_HTVS_1-001_lib/ATP-VSW-DOCK_HTVS_1-001_lib
ATP-HTVS-BC2B8699145A,HTVS,-1.88849802024117,运行/运行/ATP-VSW/ATP-VSW-DOCK_HTVS_1-001_lib/ATP-VSW-DOCK_HTVS_1-001_lib
ATP-HTVS-BC2B8699145A,HTVS,-1.48389519522357,运行/运行/ATP-VSW/ATP-VSW-DOCK_HTVS_1-001_lib/ATP-VSW-DOCK_HTVS_1-001_lib
ATP-HTVS-BCAE8AB499DF,HTVS,-4.67362578889828,运行/运行/ATP-VSW/ATP-VSW-DOCK_HTVS_1-001_lib/ATP-VSW-DOCK_HTVS_1-001_lib
ATP-HTVS-BCAE8AB499DF,HTVS,-1.94347118490546,运行/运行/ATP-VSW/ATP-VSW-DOCK_HTVS_1-001_lib/ATP-VSW-DOCK_HTVS_1-001_lib
ATP-HTVS-BCB25216F396,HTVS,-3.79590351023867,运行/运行/ATP-VSW/ATP-VSW-DOCK_HTVS_1-003_lib/ATP-VSW-DOCK_HTVS_1-003_lib.mae
ATP-HTVS-BCB25216F396,HTVS,-3.46269117528962,运行/运行/ATP-VSW/ATP-VSW-DOCK_HTVS_1-003_lib/ATP-VSW-DOCK_HTVS_1-003_lib.mae
ATP-HTVS-BCB25216F396,HTVS,-3.00728468002206,运行/运行/ATP-VSW/ATP-VSW-DOCK_HTVS_1-003_lib/ATP-VSW-DOCK_HTVS_1-003_lib.mae
ATP-HTVS-BCB25216F396,HTVS,-2.24191080521604,运行/运行/ATP-VSW/ATP-VSW-DOCK_HTVS_1-003_lib/ATP-VSW-DOCK_HTVS_1-003_lib.mae
ATP-HTVS-BCB25216F396,HTVS,-0.763531251024502,运行/运行/ATP-VSW/ATP-VSW-DOCK_HTVS_1-003_lib/ATP-VSW-DOCK_HTVS_1-003_lib.mae
ATP-HTVS-BCB25216F396,HTVS,-0.174848536371788,运行/运行/ATP-VSW/ATP-VSW-DOCK_HTVS_1-003_lib/ATP-VSW-DOCK_HTVS_1-003_lib.mae
ATP-HTVS-BCB25216F396,HTVS,0.321973713123026,运行/运行/ATP-VSW/ATP-VSW-DOCK_HTVS_1-003_lib/ATP-VSW-DOCK_HTVS_1-003_lib.mae
ATP-HTVS-BCB25216F396,HTVS,0.567310969718402,运行/运行/ATP-VSW/ATP-VSW-DOCK_HTVS_1-003_lib/ATP-VSW-DOCK_HTVS_1-003_lib.mae
ATP-HTVS-BCB37E169801,HTVS,-4.16870856746876,运行/运行/ATP-VSW/ATP-VSW-DOCK_HTVS_1-003_lib/ATP-VSW-DOCK_HTVS_1-003_lib.mae
ATP-HTVS-BCEA86BEEC0A,HTVS,-4.19299991827439,运行/运行/ATP-VSW/ATP-VSW-DOCK_HTVS_1-002_lib.maegz
ATP-HTVS-BCEA86BEEC0A,HTVS,-2.43575206866911,运行/运行/ATP-VSW/ATP-VSW-DOCK_HTVS_1-002_lib.maegz
ATP-HTVS-BD03C735BC89,HTVS,-5.03019699353881,运行/运行/ATP-VSW/ATP-VSW-DOCK_HTVS_1-003_lib/ATP-VSW-DOCK_HTVS_1-003_lib.mae
ATP-HTVS-BD03C735BC89,HTVS,-3.6217760199443,运行/运行/ATP-VSW/ATP-VSW-DOCK_HTVS_1-003_lib/ATP-VSW-DOCK_HTVS_1-003_lib.mae
ATP-HTVS-BD03C735BC89,HTVS,-2.5755446445946,运行/运行/ATP-VSW/ATP-VSW-DOCK_HTVS_1-003_lib/ATP-VSW-DOCK_HTVS_1-003_lib.mae
ATP-HTVS-BD03C735BC89,HTVS,-2.50761122684543,运行/运行/ATP-VSW/ATP-VSW-DOCK_HTVS_1-003_lib/ATP-VSW-DOCK_HTVS_1-003_lib.mae
ATP-HTVS-BD03C735BC89,HTVS,-2.25309598735676,运行/运行/ATP-VSW/ATP-VSW-DOCK_HTVS_1-003_lib/ATP-VSW-DOCK_HTVS_1-003_lib.mae
ATP-HTVS-BD03C735BC89,HTVS,-2.12304130878864,运行/运行/ATP-VSW/ATP-VSW-DOCK_HTVS_1-003_lib/ATP-VSW-DOCK_HTVS_1-003_lib.mae
ATP-HTVS-BD0B30D0980B,HTVS,-4.15222294271607,运行/运行/ATP-VSW/ATP-VSW-DOCK_HTVS_1-003_lib/ATP-VSW-DOCK_HTVS_1-003_lib.mae
ATP-HTVS-BD0B30D0980B,HTVS,-3.82651697812804,运行/运行/ATP-VSW/ATP-VSW-DOCK_HTVS_1-003_lib/ATP-VSW-DOCK_HTVS_1-003_lib.mae
ATP-HTVS-BD0B30D0980B,HTVS,-3.16242376173205,运行/运行/ATP-VSW/ATP-VSW-DOCK_HTVS_1-003_lib/ATP-VSW-DOCK_HTVS_1-003_lib.mae
ATP-HTVS-BD0B30D0980B,HTVS,-0.956458733396108,运行/运行/ATP-VSW/ATP-VSW-DOCK_HTVS_1-003_lib/ATP-VSW-DOCK_HTVS_1-003_lib.mae
ATP-HTVS-BD172DBF0B92,HTVS,-4.76562162183844,运行/运行/ATP-VSW/ATP-VSW-DOCK_HTVS_1-003_lib/ATP-VSW-DOCK_HTVS_1-003_lib.mae
ATP-HTVS-BD172DBF0B92,HTVS,-2.85466700777488,运行/运行/ATP-VSW/ATP-VSW-DOCK_HTVS_1-003_lib/ATP-VSW-DOCK_HTVS_1-003_lib.mae
ATP-HTVS-BD1ED4B7B841,HTVS,-4.92262054324652,运行/运行/ATP-VSW/ATP-VSW-DOCK_HTVS_1-003_lib/ATP-VSW-DOCK_HTVS_1-003_lib.mae
ATP-HTVS-BD1ED4B7B841,HTVS,-4.14069384965852,运行/运行/ATP-VSW/ATP-VSW-DOCK_HTVS_1-003_lib/ATP-VSW-DOCK_HTVS_1-003_lib.mae
ATP-HTVS-BD1ED4B7B841,HTVS,-2.37752525487133,运行/运行/ATP-VSW/ATP-VSW-DOCK_HTVS_1-003_lib/ATP-VSW-DOCK_HTVS_1-003_lib.mae
ATP-HTVS-BD1ED4B7B841,HTVS,-2.33164854688495,运行/运行/ATP-VSW/ATP-VSW-DOCK_HTVS_1-003_lib/ATP-VSW-DOCK_HTVS_1-003_lib.mae
ATP-HTVS-BD741E539D0D,HTVS,-3.84537338697277,运行/运行/ATP-VSW/ATP-VSW-DOCK_HTVS_1-003_lib/ATP-VSW-DOCK_HTVS_1-003_lib.mae
ATP-HTVS-BD741E539D0D,HTVS,-3.0910176485343,运行/运行/ATP-VSW/ATP-VSW-DOCK_HTVS_1-003_lib/ATP-VSW-DOCK_HTVS_1-003_lib.mae
ATP-HTVS-BD741E539D0D,HTVS,-2.28389665574058,运行/运行/ATP-VSW/ATP-VSW-DOCK_HTVS_1-003_lib/ATP-VSW-DOCK_HTVS_1-003_lib.mae
ATP-HTVS-BD9D807D92EC,HTVS,-4.18926681226364,运行/运行/ATP-VSW/ATP-VSW-DOCK_HTVS_1-001_lib/ATP-VSW-DOCK_HTVS_1-001_lib
ATP-HTVS-BD9D807D92EC,HTVS,-1.16267638900222,运行/运行/ATP-VSW/ATP-VSW-DOCK_HTVS_1-001_lib/ATP-VSW-DOCK_HTVS_1-001_lib
ATP-HTVS-BDB37C4B0D07,HTVS,-4.51999018850765,运行/运行/ATP-VSW/ATP-VSW-DOCK_HTVS_1-002_lib.maegz
ATP-HTVS-BDB37C4B0D07,HTVS,-2.89253387754765,运行/运行/ATP-VSW/ATP-VSW-DOCK_HTVS_1-002_lib.maegz
ATP-HTVS-BDBBABCD42A1,HTVS,-3.81030635408713,运行/运行/ATP-VSW/ATP-VSW-DOCK_HTVS_1-002_lib.maegz
ATP-HTVS-BDBBABCD42A1,HTVS,-3.51880666600197,运行/运行/ATP-VSW/ATP-VSW-DOCK_HTVS_1-002_lib.maegz
ATP-HTVS-BDBFEED18423,HTVS,-4.43424907842881,运行/运行/ATP-VSW/ATP-VSW-DOCK_HTVS_1-002_lib.maegz
ATP-HTVS-BDC9F9AD9B20,HTVS,-4.18169794448799,运行/运行/ATP-VSW/ATP-VSW-DOCK_HTVS_1-001_lib/ATP-VSW-DOCK_HTVS_1-001_lib
ATP-HTVS-BDC9F9AD9B20,HTVS,-3.94949437057165,运行/运行/ATP-VSW/ATP-VSW-DOCK_HTVS_1-001_lib/ATP-VSW-DOCK_HTVS_1-001_lib
ATP-HTVS-BDC9F9AD9B20,HTVS,-3.90647787373704,运行/运行/ATP-VSW/ATP-VSW-DOCK_HTVS_1-001_lib/ATP-VSW-DOCK_HTVS_1-001_lib
ATP-HTVS-BDC9F9AD9B20,HTVS,-3.02697820756999,运行/运行/ATP-VSW/ATP-VSW-DOCK_HTVS_1-001_lib/ATP-VSW-DOCK_HTVS_1-001_lib
ATP-HTVS-BDD1C4453981,HTVS,-5.88652840899261,运行/运行/ATP-VSW/ATP-VSW-DOCK_HTVS_1-003_lib/ATP-VSW-DOCK_HTVS_1-003_lib.mae
ATP-HTVS-BDD1C4453981,HTVS,-5.66185826143957,运行/运行/ATP-VSW/ATP-VSW-DOCK_HTVS_1-003_lib/ATP-VSW-DOCK_HTVS_1-003_lib.mae
ATP-HTVS-BDD1C4453981,HTVS,-4.19493119465022,运行/运行/ATP-VSW/ATP-VSW-DOCK_HTVS_1-003_lib/ATP-VSW-DOCK_HTVS_1-003_lib.mae
ATP-HTVS-BDD1C4453981,HTVS,-3.31477200759468,运行/运行/ATP-VSW/ATP-VSW-DOCK_HTVS_1-003_lib/ATP-VSW-DOCK_HTVS_1-003_lib.mae
ATP-HTVS-BDD1C4453981,HTVS,-2.69115048240827,运行/运行/ATP-VSW/ATP-VSW-DOCK_HTVS_1-003_lib/ATP-VSW-DOCK_HTVS_1-003_lib.mae
ATP-HTVS-BDD1C4453981,HTVS,-2.21598221458162,运行/运行/ATP-VSW/ATP-VSW-DOCK_HTVS_1-003_lib/ATP-VSW-DOCK_HTVS_1-003_lib.mae
ATP-HTVS-BDD1C4453981,HTVS,-1.26065979012411,运行/运行/ATP-VSW/ATP-VSW-DOCK_HTVS_1-003_lib/ATP-VSW-DOCK_HTVS_1-003_lib.mae
ATP-HTVS-BDD1C4453981,HTVS,-0.830301283779935,运行/运行/ATP-VSW/ATP-VSW-DOCK_HTVS_1-003_lib/ATP-VSW-DOCK_HTVS_1-003_lib.mae
ATP-HTVS-BE0949FFEA46,HTVS,-3.68716995690758,运行/运行/ATP-VSW/ATP-VSW-DOCK_HTVS_1-003_lib/ATP-VSW-DOCK_HTVS_1-003_lib.mae
ATP-HTVS-BE0949FFEA46,HTVS,-1.66126544388537,运行/运行/ATP-VSW/ATP-VSW-DOCK_HTVS_1-003_lib/ATP-VSW-DOCK_HTVS_1-003_lib.mae
ATP-HTVS-BE25F64FE980,HTVS,-1.91461633591276,运行/运行/ATP-VSW/ATP-VSW-DOCK_HTVS_1-001_lib/ATP-VSW-DOCK_HTVS_1-001_lib
ATP-HTVS-BE2C9D7D83B9,HTVS,-4.64152924608722,运行/运行/ATP-VSW/ATP-VSW-DOCK_HTVS_1-001_lib/ATP-VSW-DOCK_HTVS_1-001_lib
ATP-HTVS-BE2C9D7D83B9,HTVS,-4.32306006661598,运行/运行/ATP-VSW/ATP-VSW-DOCK_HTVS_1-001_lib/ATP-VSW-DOCK_HTVS_1-001_lib
ATP-HTVS-BE2C9D7D83B9,HTVS,-2.46170089547698,运行/运行/ATP-VSW/ATP-VSW-DOCK_HTVS_1-001_lib/ATP-VSW-DOCK_HTVS_1-001_lib
ATP-HTVS-BE2C9D7D83B9,HTVS,-2.2276012260911,运行/运行/ATP-VSW/ATP-VSW-DOCK_HTVS_1-001_lib/ATP-VSW-DOCK_HTVS_1-001_lib
ATP-HTVS-BE963CFE3042,HTVS,-1.74970143665166,运行/运行/ATP-VSW/ATP-VSW-DOCK_HTVS_1-001_lib/ATP-VSW-DOCK_HTVS_1-001_lib
ATP-HTVS-BEC4D7C74EFC,HTVS,-4.49742141125466,运行/运行/ATP-VSW/ATP-VSW-DOCK_HTVS_1-002_lib.maegz
ATP-HTVS-BEC4D7C74EFC,HTVS,-4.25331453044346,运行/运行/ATP-VSW/ATP-VSW-DOCK_HTVS_1-002_lib.maegz
ATP-HTVS-BEC4D7C74EFC,HTVS,-1.83837052638212,运行/运行/ATP-VSW/ATP-VSW-DOCK_HTVS_1-002_lib.maegz
ATP-HTVS-BEC4D7C74EFC,HTVS,-1.56370207285192,运行/运行/ATP-VSW/ATP-VSW-DOCK_HTVS_1-002_lib.maegz
ATP-HTVS-BECDF8C854B5,HTVS,-3.4006914794541,运行/运行/ATP-VSW/ATP-VSW-DOCK_HTVS_1-001_lib/ATP-VSW-DOCK_HTVS_1-001_lib
ATP-HTVS-BECDF8C854B5,HTVS,-2.03029912371994,运行/运行/ATP-VSW/ATP-VSW-DOCK_HTVS_1-001_lib/ATP-VSW-DOCK_HTVS_1-001_lib
ATP-HTVS-BF2AFCF05426,HTVS,-4.4310060927735,运行/运行/ATP-VSW/ATP-VSW-DOCK_HTVS_1-003_lib/ATP-VSW-DOCK_HTVS_1-003_lib.mae
ATP-HTVS-BF2AFCF05426,HTVS,-2.06201662103955,运行/运行/ATP-VSW/ATP-VSW-DOCK_HTVS_1-003_lib/ATP-VSW-DOCK_HTVS_1-003_lib.mae
ATP-HTVS-BF383207F30E,HTVS,-4.32594192164637,运行/运行/ATP-VSW/ATP-VSW-DOCK_HTVS_1-002_lib.maegz
ATP-HTVS-BF68A4285DB1,HTVS,-0.69909794854046,运行/运行/ATP-VSW/ATP-VSW-DOCK_HTVS_1-002_lib.maegz
ATP-HTVS-BF6C9643780C,HTVS,-4.27434813981764,运行/运行/ATP-VSW/ATP-VSW-DOCK_HTVS_1-002_lib.maegz
ATP-HTVS-BF6C9643780C,HTVS,-4.02433699329696,运行/运行/ATP-VSW/ATP-VSW-DOCK_HTVS_1-002_lib.maegz
ATP-HTVS-BF6C9643780C,HTVS,-2.94706496938845,运行/运行/ATP-VSW/ATP-VSW-DOCK_HTVS_1-002_lib.maegz
ATP-HTVS-BF6C9643780C,HTVS,-2.60464566297208,运行/运行/ATP-VSW/ATP-VSW-DOCK_HTVS_1-002_lib.maegz
ATP-HTVS-BF6C9643780C,HTVS,-2.34736115449602,运行/运行/ATP-VSW/ATP-VSW-DOCK_HTVS_1-002_lib.maegz
ATP-HTVS-BF6C9643780C,HTVS,-1.72917688686008,运行/运行/ATP-VSW/ATP-VSW-DOCK_HTVS_1-002_lib.maegz
ATP-HTVS-BF826A7B469A,HTVS,-4.68870420142709,运行/运行/ATP-VSW/ATP-VSW-DOCK_HTVS_1-002_lib.maegz
ATP-HTVS-BF826A7B469A,HTVS,-2.58582515559126,运行/运行/ATP-VSW/ATP-VSW-DOCK_HTVS_1-002_lib.maegz
ATP-HTVS-BF826A7B469A,HTVS,-2.18785606677961,运行/运行/ATP-VSW/ATP-VSW-DOCK_HTVS_1-002_lib.maegz
ATP-HTVS-BF8F947D0493,HTVS,-1.23886534961818,运行/运行/ATP-VSW/ATP-VSW-DOCK_HTVS_1-002_lib.maegz
ATP-HTVS-BF8F947D0493,HTVS,-0.712324445566798,运行/运行/ATP-VSW/ATP-VSW-DOCK_HTVS_1-002_lib.maegz
ATP-HTVS-BFC0901B6A3C,HTVS,-4.96051399141447,运行/运行/ATP-VSW/ATP-VSW-DOCK_HTVS_1-002_lib.maegz
ATP-HTVS-BFD5BCAF9717,HTVS,-5.80036295368171,运行/运行/ATP-VSW/ATP-VSW-DOCK_HTVS_1-001_lib/ATP-VSW-DOCK_HTVS_1-001_lib
ATP-HTVS-BFEA0E4C0B7C,HTVS,-4.67397594012222,运行/运行/ATP-VSW/ATP-VSW-DOCK_HTVS_1-001_lib/ATP-VSW-DOCK_HTVS_1-001_lib
ATP-HTVS-BFEA0E4C0B7C,HTVS,-3.6671427481735,运行/运行/ATP-VSW/ATP-VSW-DOCK_HTVS_1-001_lib/ATP-VSW-DOCK_HTVS_1-001_lib
ATP-HTVS-BFEA0E4C0B7C,HTVS,-2.76752586355578,运行/运行/ATP-VSW/ATP-VSW-DOCK_HTVS_1-001_lib/ATP-VSW-DOCK_HTVS_1-001_lib
ATP-HTVS-BFEA0E4C0B7C,HTVS,-1.94061020127294,运行/运行/ATP-VSW/ATP-VSW-DOCK_HTVS_1-001_lib/ATP-VSW-DOCK_HTVS_1-001_lib
ATP-HTVS-C038EE4FCBA5,HTVS,-4.00424778339918,运行/运行/ATP-VSW/ATP-VSW-DOCK_HTVS_1-001_lib/ATP-VSW-DOCK_HTVS_1-001_lib
ATP-HTVS-C038EE4FCBA5,HTVS,-2.43786741680483,运行/运行/ATP-VSW/ATP-VSW-DOCK_HTVS_1-001_lib/ATP-VSW-DOCK_HTVS_1-001_lib
ATP-HTVS-C0568328686F,HTVS,-3.33357646445703,运行/运行/ATP-VSW/ATP-VSW-DOCK_HTVS_1-001_lib/ATP-VSW-DOCK_HTVS_1-001_lib
ATP-HTVS-C0772D58369C,HTVS,-3.8510538606858,运行/运行/ATP-VSW/ATP-VSW-DOCK_HTVS_1-003_lib/ATP-VSW-DOCK_HTVS_1-003_lib.mae
ATP-HTVS-C0772D58369C,HTVS,-2.95668464048874,运行/运行/ATP-VSW/ATP-VSW-DOCK_HTVS_1-003_lib/ATP-VSW-DOCK_HTVS_1-003_lib.mae
ATP-HTVS-C0772D58369C,HTVS,-2.40313900888628,运行/运行/ATP-VSW/ATP-VSW-DOCK_HTVS_1-003_lib/ATP-VSW-DOCK_HTVS_1-003_lib.mae
ATP-HTVS-C09627CFBEE5,HTVS,-2.42274528700733,运行/运行/ATP-VSW/ATP-VSW-DOCK_HTVS_1-002_lib.maegz
ATP-HTVS-C0A883403093,HTVS,-3.67454644381269,运行/运行/ATP-VSW/ATP-VSW-DOCK_HTVS_1-003_lib/ATP-VSW-DOCK_HTVS_1-003_lib.mae
ATP-HTVS-C0A883403093,HTVS,-1.41822952050546,运行/运行/ATP-VSW/ATP-VSW-DOCK_HTVS_1-003_lib/ATP-VSW-DOCK_HTVS_1-003_lib.mae
ATP-HTVS-C0ADD803E371,HTVS,-3.82925563980246,运行/运行/ATP-VSW/ATP-VSW-DOCK_HTVS_1-001_lib/ATP-VSW-DOCK_HTVS_1-001_lib
ATP-HTVS-C0ADD803E371,HTVS,-2.3806787852649,运行/运行/ATP-VSW/ATP-VSW-DOCK_HTVS_1-001_lib/ATP-VSW-DOCK_HTVS_1-001_lib
ATP-HTVS-C0B01F645FC7,HTVS,-4.70281595890032,运行/运行/ATP-VSW/ATP-VSW-DOCK_HTVS_1-003_lib/ATP-VSW-DOCK_HTVS_1-003_lib.mae
ATP-HTVS-C0B01F645FC7,HTVS,-3.53549446028574,运行/运行/ATP-VSW/ATP-VSW-DOCK_HTVS_1-003_lib/ATP-VSW-DOCK_HTVS_1-003_lib.mae
ATP-HTVS-C0B01F645FC7,HTVS,-2.64749393967368,运行/运行/ATP-VSW/ATP-VSW-DOCK_HTVS_1-003_lib/ATP-VSW-DOCK_HTVS_1-003_lib.mae
ATP-HTVS-C0E7239EA73D,HTVS,-3.98574645093938,运行/运行/ATP-VSW/ATP-VSW-DOCK_HTVS_1-003_lib/ATP-VSW-DOCK_HTVS_1-003_lib.mae
ATP-HTVS-C0E7239EA73D,HTVS,-3.02230738277732,运行/运行/ATP-VSW/ATP-VSW-DOCK_HTVS_1-003_lib/ATP-VSW-DOCK_HTVS_1-003_lib.mae
ATP-HTVS-C0E7239EA73D,HTVS,-2.61990516729645,运行/运行/ATP-VSW/ATP-VSW-DOCK_HTVS_1-003_lib/ATP-VSW-DOCK_HTVS_1-003_lib.mae
ATP-HTVS-C0E7239EA73D,HTVS,-2.23030338965092,运行/运行/ATP-VSW/ATP-VSW-DOCK_HTVS_1-003_lib/ATP-VSW-DOCK_HTVS_1-003_lib.mae
ATP-HTVS-C0E7239EA73D,HTVS,-1.60704180755673,运行/运行/ATP-VSW/ATP-VSW-DOCK_HTVS_1-003_lib/ATP-VSW-DOCK_HTVS_1-003_lib.mae
ATP-HTVS-C10AA91B306E,HTVS,-4.94411529805242,运行/运行/ATP-VSW/ATP-VSW-DOCK_HTVS_1-001_lib/ATP-VSW-DOCK_HTVS_1-001_lib
ATP-HTVS-C10AA91B306E,HTVS,-4.44083524072678,运行/运行/ATP-VSW/ATP-VSW-DOCK_HTVS_1-001_lib/ATP-VSW-DOCK_HTVS_1-001_lib
ATP-HTVS-C12B4C379970,HTVS,-5.12059473422699,运行/运行/ATP-VSW/ATP-VSW-DOCK_HTVS_1-003_lib/ATP-VSW-DOCK_HTVS_1-003_lib.mae
ATP-HTVS-C12B4C379970,HTVS,-4.45164215111297,运行/运行/ATP-VSW/ATP-VSW-DOCK_HTVS_1-003_lib/ATP-VSW-DOCK_HTVS_1-003_lib.mae
ATP-HTVS-C12B4C379970,HTVS,-3.63987959601312,运行/运行/ATP-VSW/ATP-VSW-DOCK_HTVS_1-003_lib/ATP-VSW-DOCK_HTVS_1-003_lib.mae
ATP-HTVS-C12B4C379970,HTVS,-3.16637475778253,运行/运行/ATP-VSW/ATP-VSW-DOCK_HTVS_1-003_lib/ATP-VSW-DOCK_HTVS_1-003_lib.mae
ATP-HTVS-C13B253881A4,HTVS,-2.34016426002997,运行/运行/ATP-VSW/ATP-VSW-DOCK_HTVS_1-001_lib/ATP-VSW-DOCK_HTVS_1-001_lib
ATP-HTVS-C1848F46B113,HTVS,-3.54019421024101,运行/运行/ATP-VSW/ATP-VSW-DOCK_HTVS_1-002_lib.maegz
ATP-HTVS-C188770C1FD9,HTVS,-6.16994376737702,运行/运行/ATP-VSW/ATP-VSW-DOCK_HTVS_1-002_lib.maegz
ATP-HTVS-C188770C1FD9,HTVS,-5.01451617103893,运行/运行/ATP-VSW/ATP-VSW-DOCK_HTVS_1-002_lib.maegz
ATP-HTVS-C188770C1FD9,HTVS,-2.61482770634512,运行/运行/ATP-VSW/ATP-VSW-DOCK_HTVS_1-002_lib.maegz
ATP-HTVS-C188770C1FD9,HTVS,-2.06385168757839,运行/运行/ATP-VSW/ATP-VSW-DOCK_HTVS_1-002_lib.maegz
ATP-HTVS-C1AB9EDC96AF,HTVS,-5.07570022737249,运行/运行/ATP-VSW/ATP-VSW-DOCK_HTVS_1-001_lib/ATP-VSW-DOCK_HTVS_1-001_lib
ATP-HTVS-C1AB9EDC96AF,HTVS,-1.79016545978344,运行/运行/ATP-VSW/ATP-VSW-DOCK_HTVS_1-001_lib/ATP-VSW-DOCK_HTVS_1-001_lib
ATP-HTVS-C2A68E9F7CC7,HTVS,-5.27344187307121,运行/运行/ATP-VSW/ATP-VSW-DOCK_HTVS_1-001_lib/ATP-VSW-DOCK_HTVS_1-001_lib
ATP-HTVS-C2A68E9F7CC7,HTVS,-2.07816646825965,运行/运行/ATP-VSW/ATP-VSW-DOCK_HTVS_1-001_lib/ATP-VSW-DOCK_HTVS_1-001_lib
ATP-HTVS-C2B7985A0F3E,HTVS,-1.89602568145125,运行/运行/ATP-VSW/ATP-VSW-DOCK_HTVS_1-001_lib/ATP-VSW-DOCK_HTVS_1-001_lib
ATP-HTVS-C302107B3554,HTVS,-5.11823752682086,运行/运行/ATP-VSW/ATP-VSW-DOCK_HTVS_1-002_lib.maegz
ATP-HTVS-C302107B3554,HTVS,-3.19356215878424,运行/运行/ATP-VSW/ATP-VSW-DOCK_HTVS_1-002_lib.maegz
ATP-HTVS-C302107B3554,HTVS,-2.00891458948255,运行/运行/ATP-VSW/ATP-VSW-DOCK_HTVS_1-002_lib.maegz
ATP-HTVS-C31215E10DA6,HTVS,-1.69145997331556,运行/运行/ATP-VSW/ATP-VSW-DOCK_HTVS_1-002_lib.maegz
ATP-HTVS-C31215E10DA6,HTVS,0.938231162897611,运行/运行/ATP-VSW/ATP-VSW-DOCK_HTVS_1-002_lib.maegz
ATP-HTVS-C36315435956,HTVS,-5.57643667589892,运行/运行/ATP-VSW/ATP-VSW-DOCK_HTVS_1-002_lib.maegz
ATP-HTVS-C36315435956,HTVS,-5.07262718344469,运行/运行/ATP-VSW/ATP-VSW-DOCK_HTVS_1-002_lib.maegz
ATP-HTVS-C36315435956,HTVS,-3.39395227564824,运行/运行/ATP-VSW/ATP-VSW-DOCK_HTVS_1-002_lib.maegz
ATP-HTVS-C36315435956,HTVS,-3.38994056914366,运行/运行/ATP-VSW/ATP-VSW-DOCK_HTVS_1-002_lib.maegz
ATP-HTVS-C36315435956,HTVS,-2.91592384068343,运行/运行/ATP-VSW/ATP-VSW-DOCK_HTVS_1-002_lib.maegz
ATP-HTVS-C36315435956,HTVS,-2.41007021452371,运行/运行/ATP-VSW/ATP-VSW-DOCK_HTVS_1-002_lib.maegz
ATP-HTVS-C36F7D03654F,HTVS,-3.92056252497989,运行/运行/ATP-VSW/ATP-VSW-DOCK_HTVS_1-001_lib/ATP-VSW-DOCK_HTVS_1-001_lib
ATP-HTVS-C36F7D03654F,HTVS,-2.35872293417213,运行/运行/ATP-VSW/ATP-VSW-DOCK_HTVS_1-001_lib/ATP-VSW-DOCK_HTVS_1-001_lib
ATP-HTVS-C36F7D03654F,HTVS,-2.33581514035094,运行/运行/ATP-VSW/ATP-VSW-DOCK_HTVS_1-001_lib/ATP-VSW-DOCK_HTVS_1-001_lib
ATP-HTVS-C3768FC48E4A,HTVS,-3.35011967294826,运行/运行/ATP-VSW/ATP-VSW-DOCK_HTVS_1-002_lib.maegz
ATP-HTVS-C3768FC48E4A,HTVS,-2.5031256343621,运行/运行/ATP-VSW/ATP-VSW-DOCK_HTVS_1-002_lib.maegz
ATP-HTVS-C384A8554A98,HTVS,-4.48305828387813,运行/运行/ATP-VSW/ATP-VSW-DOCK_HTVS_1-002_lib.maegz
ATP-HTVS-C384A8554A98,HTVS,-2.96009517568476,运行/运行/ATP-VSW/ATP-VSW-DOCK_HTVS_1-002_lib.maegz
ATP-HTVS-C384A8554A98,HTVS,-2.70885376640024,运行/运行/ATP-VSW/ATP-VSW-DOCK_HTVS_1-002_lib.maegz
ATP-HTVS-C39BEF6539AB,HTVS,-4.31685156247328,运行/运行/ATP-VSW/ATP-VSW-DOCK_HTVS_1-003_lib/ATP-VSW-DOCK_HTVS_1-003_lib.mae
ATP-HTVS-C3A30B83BBDA,HTVS,-4.22063932831933,运行/运行/ATP-VSW/ATP-VSW-DOCK_HTVS_1-003_lib/ATP-VSW-DOCK_HTVS_1-003_lib.mae
ATP-HTVS-C3A30B83BBDA,HTVS,-4.07064366685952,运行/运行/ATP-VSW/ATP-VSW-DOCK_HTVS_1-003_lib/ATP-VSW-DOCK_HTVS_1-003_lib.mae
ATP-HTVS-C3A30B83BBDA,HTVS,-3.24863533773512,运行/运行/ATP-VSW/ATP-VSW-DOCK_HTVS_1-003_lib/ATP-VSW-DOCK_HTVS_1-003_lib.mae
ATP-HTVS-C3A30B83BBDA,HTVS,-2.60852088300806,运行/运行/ATP-VSW/ATP-VSW-DOCK_HTVS_1-003_lib/ATP-VSW-DOCK_HTVS_1-003_lib.mae
ATP-HTVS-C3A30B83BBDA,HTVS,-2.17238251976608,运行/运行/ATP-VSW/ATP-VSW-DOCK_HTVS_1-003_lib/ATP-VSW-DOCK_HTVS_1-003_lib.mae
ATP-HTVS-C3A30B83BBDA,HTVS,-0.968590058747399,运行/运行/ATP-VSW/ATP-VSW-DOCK_HTVS_1-003_lib/ATP-VSW-DOCK_HTVS_1-003_lib.mae
ATP-HTVS-C3FA166C1ADD,HTVS,-5.58366280221691,运行/运行/ATP-VSW/ATP-VSW-DOCK_HTVS_1-003_lib/ATP-VSW-DOCK_HTVS_1-003_lib.mae
ATP-HTVS-C3FD34132B6A,HTVS,-3.79369634306654,运行/运行/ATP-VSW/ATP-VSW-DOCK_HTVS_1-002_lib.maegz
ATP-HTVS-C3FD34132B6A,HTVS,-2.40517180339713,运行/运行/ATP-VSW/ATP-VSW-DOCK_HTVS_1-002_lib.maegz
ATP-HTVS-C40016FC0CB2,HTVS,-3.33282165450451,运行/运行/ATP-VSW/ATP-VSW-DOCK_HTVS_1-001_lib/ATP-VSW-DOCK_HTVS_1-001_lib
ATP-HTVS-C4138656EE80,HTVS,-2.31996789636805,运行/运行/ATP-VSW/ATP-VSW-DOCK_HTVS_1-002_lib.maegz
ATP-HTVS-C445C351F9C8,HTVS,-5.13308090245661,运行/运行/ATP-VSW/ATP-VSW-DOCK_HTVS_1-002_lib.maegz
ATP-HTVS-C445C351F9C8,HTVS,-2.84097448882006,运行/运行/ATP-VSW/ATP-VSW-DOCK_HTVS_1-002_lib.maegz
ATP-HTVS-C4778BDFFC37,HTVS,-4.68613605229959,运行/运行/ATP-VSW/ATP-VSW-DOCK_HTVS_1-003_lib/ATP-VSW-DOCK_HTVS_1-003_lib.mae
ATP-HTVS-C4778BDFFC37,HTVS,-3.98698136680317,运行/运行/ATP-VSW/ATP-VSW-DOCK_HTVS_1-003_lib/ATP-VSW-DOCK_HTVS_1-003_lib.mae
ATP-HTVS-C4893C1BFF55,HTVS,-4.99523382378739,运行/运行/ATP-VSW/ATP-VSW-DOCK_HTVS_1-002_lib.maegz
ATP-HTVS-C4893C1BFF55,HTVS,-3.49981900469325,运行/运行/ATP-VSW/ATP-VSW-DOCK_HTVS_1-002_lib.maegz
ATP-HTVS-C4893C1BFF55,HTVS,-2.9200883233746,运行/运行/ATP-VSW/ATP-VSW-DOCK_HTVS_1-002_lib.maegz
ATP-HTVS-C4893C1BFF55,HTVS,-2.47043628444787,运行/运行/ATP-VSW/ATP-VSW-DOCK_HTVS_1-002_lib.maegz
ATP-HTVS-C4C9929F3284,HTVS,-4.84075174673338,运行/运行/ATP-VSW/ATP-VSW-DOCK_HTVS_1-003_lib/ATP-VSW-DOCK_HTVS_1-003_lib.mae
ATP-HTVS-C4C9929F3284,HTVS,-3.16914850762419,运行/运行/ATP-VSW/ATP-VSW-DOCK_HTVS_1-003_lib/ATP-VSW-DOCK_HTVS_1-003_lib.mae
ATP-HTVS-C4D43EEF7CE1,HTVS,-3.9511278073873,运行/运行/ATP-VSW/ATP-VSW-DOCK_HTVS_1-003_lib/ATP-VSW-DOCK_HTVS_1-003_lib.mae
ATP-HTVS-C4D43EEF7CE1,HTVS,-2.23697282223187,运行/运行/ATP-VSW/ATP-VSW-DOCK_HTVS_1-003_lib/ATP-VSW-DOCK_HTVS_1-003_lib.mae
ATP-HTVS-C55276015D5E,HTVS,-4.88121159396972,运行/运行/ATP-VSW/ATP-VSW-DOCK_HTVS_1-002_lib.maegz
ATP-HTVS-C55276015D5E,HTVS,-3.87795753668461,运行/运行/ATP-VSW/ATP-VSW-DOCK_HTVS_1-002_lib.maegz
ATP-HTVS-C55276015D5E,HTVS,-3.55656399770311,运行/运行/ATP-VSW/ATP-VSW-DOCK_HTVS_1-002_lib.maegz
ATP-HTVS-C563D945857F,HTVS,-4.87323135287313,运行/运行/ATP-VSW/ATP-VSW-DOCK_HTVS_1-003_lib/ATP-VSW-DOCK_HTVS_1-003_lib.mae
ATP-HTVS-C563D945857F,HTVS,-3.57261296753707,运行/运行/ATP-VSW/ATP-VSW-DOCK_HTVS_1-003_lib/ATP-VSW-DOCK_HTVS_1-003_lib.mae
ATP-HTVS-C563D945857F,HTVS,-2.92049556558761,运行/运行/ATP-VSW/ATP-VSW-DOCK_HTVS_1-003_lib/ATP-VSW-DOCK_HTVS_1-003_lib.mae
ATP-HTVS-C59D75D09D12,HTVS,-1.57949634567105,运行/运行/ATP-VSW/ATP-VSW-DOCK_HTVS_1-002_lib.maegz
ATP-HTVS-C5A7FD400424,HTVS,-3.9000690078777,运行/运行/ATP-VSW/ATP-VSW-DOCK_HTVS_1-001_lib/ATP-VSW-DOCK_HTVS_1-001_lib
ATP-HTVS-C5A7FD400424,HTVS,-3.35140312676066,运行/运行/ATP-VSW/ATP-VSW-DOCK_HTVS_1-001_lib/ATP-VSW-DOCK_HTVS_1-001_lib
ATP-HTVS-C5A7FD400424,HTVS,-3.28820456801169,运行/运行/ATP-VSW/ATP-VSW-DOCK_HTVS_1-001_lib/ATP-VSW-DOCK_HTVS_1-001_lib
ATP-HTVS-C5A7FD400424,HTVS,-3.255222698975,运行/运行/ATP-VSW/ATP-VSW-DOCK_HTVS_1-001_lib/ATP-VSW-DOCK_HTVS_1-001_lib
ATP-HTVS-C615FEE5992B,HTVS,-5.76824194553614,运行/运行/ATP-VSW/ATP-VSW-DOCK_HTVS_1-002_lib.maegz
ATP-HTVS-C615FEE5992B,HTVS,-5.23081933212417,运行/运行/ATP-VSW/ATP-VSW-DOCK_HTVS_1-002_lib.maegz
ATP-HTVS-C615FEE5992B,HTVS,-4.05919044512704,运行/运行/ATP-VSW/ATP-VSW-DOCK_HTVS_1-002_lib.maegz
ATP-HTVS-C615FEE5992B,HTVS,-3.33891290868814,运行/运行/ATP-VSW/ATP-VSW-DOCK_HTVS_1-002_lib.maegz
ATP-HTVS-C6A6F28FFA03,HTVS,-3.77514195999955,运行/运行/ATP-VSW/ATP-VSW-DOCK_HTVS_1-001_lib/ATP-VSW-DOCK_HTVS_1-001_lib
ATP-HTVS-C6A6F28FFA03,HTVS,-3.54266689052619,运行/运行/ATP-VSW/ATP-VSW-DOCK_HTVS_1-001_lib/ATP-VSW-DOCK_HTVS_1-001_lib
ATP-HTVS-C6A6F28FFA03,HTVS,-2.58883333030533,运行/运行/ATP-VSW/ATP-VSW-DOCK_HTVS_1-001_lib/ATP-VSW-DOCK_HTVS_1-001_lib
ATP-HTVS-C6C7CCEB60F2,HTVS,-3.27279384994009,运行/运行/ATP-VSW/ATP-VSW-DOCK_HTVS_1-002_lib.maegz
ATP-HTVS-C6C7CCEB60F2,HTVS,-3.00209264641101,运行/运行/ATP-VSW/ATP-VSW-DOCK_HTVS_1-002_lib.maegz
ATP-HTVS-C725FB5B69C4,HTVS,-4.02408206899178,运行/运行/ATP-VSW/ATP-VSW-DOCK_HTVS_1-003_lib/ATP-VSW-DOCK_HTVS_1-003_lib.mae
ATP-HTVS-C725FB5B69C4,HTVS,-3.44615446410321,运行/运行/ATP-VSW/ATP-VSW-DOCK_HTVS_1-003_lib/ATP-VSW-DOCK_HTVS_1-003_lib.mae
ATP-HTVS-C725FB5B69C4,HTVS,-2.42145031580009,运行/运行/ATP-VSW/ATP-VSW-DOCK_HTVS_1-003_lib/ATP-VSW-DOCK_HTVS_1-003_lib.mae
ATP-HTVS-C725FB5B69C4,HTVS,-1.7726147707054,运行/运行/ATP-VSW/ATP-VSW-DOCK_HTVS_1-003_lib/ATP-VSW-DOCK_HTVS_1-003_lib.mae
ATP-HTVS-C725FB5B69C4,HTVS,-1.40995691400605,运行/运行/ATP-VSW/ATP-VSW-DOCK_HTVS_1-003_lib/ATP-VSW-DOCK_HTVS_1-003_lib.mae
ATP-HTVS-C725FB5B69C4,HTVS,-1.07357613607714,运行/运行/ATP-VSW/ATP-VSW-DOCK_HTVS_1-003_lib/ATP-VSW-DOCK_HTVS_1-003_lib.mae
ATP-HTVS-C74806D7CD52,HTVS,-4.2029284089822,运行/运行/ATP-VSW/ATP-VSW-DOCK_HTVS_1-001_lib/ATP-VSW-DOCK_HTVS_1-001_lib
ATP-HTVS-C74806D7CD52,HTVS,-1.87547025759364,运行/运行/ATP-VSW/ATP-VSW-DOCK_HTVS_1-001_lib/ATP-VSW-DOCK_HTVS_1-001_lib
ATP-HTVS-C74806D7CD52,HTVS,-1.46637919212631,运行/运行/ATP-VSW/ATP-VSW-DOCK_HTVS_1-001_lib/ATP-VSW-DOCK_HTVS_1-001_lib
ATP-HTVS-C78E55448419,HTVS,-4.6121830386589,运行/运行/ATP-VSW/ATP-VSW-DOCK_HTVS_1-002_lib.maegz
ATP-HTVS-C78E55448419,HTVS,-2.16099234866792,运行/运行/ATP-VSW/ATP-VSW-DOCK_HTVS_1-002_lib.maegz
ATP-HTVS-C7A4A85DE6AC,HTVS,-4.68875267131703,运行/运行/ATP-VSW/ATP-VSW-DOCK_HTVS_1-003_lib/ATP-VSW-DOCK_HTVS_1-003_lib.mae
ATP-HTVS-C7A4A85DE6AC,HTVS,-3.77727097374513,运行/运行/ATP-VSW/ATP-VSW-DOCK_HTVS_1-003_lib/ATP-VSW-DOCK_HTVS_1-003_lib.mae
ATP-HTVS-C7C112B42D2F,HTVS,-3.89780127969631,运行/运行/ATP-VSW/ATP-VSW-DOCK_HTVS_1-002_lib.maegz
ATP-HTVS-C7E1AC016800,HTVS,-5.17568981140632,运行/运行/ATP-VSW/ATP-VSW-DOCK_HTVS_1-002_lib.maegz
ATP-HTVS-C7E1AC016800,HTVS,-2.21630891321447,运行/运行/ATP-VSW/ATP-VSW-DOCK_HTVS_1-002_lib.maegz
ATP-HTVS-C7F6DF534483,HTVS,-4.61152888374666,运行/运行/ATP-VSW/ATP-VSW-DOCK_HTVS_1-002_lib.maegz
ATP-HTVS-C81E0B2D019D,HTVS,-2.32050689496983,运行/运行/ATP-VSW/ATP-VSW-DOCK_HTVS_1-002_lib.maegz
ATP-HTVS-C853ACB1A86B,HTVS,-3.98143174497173,运行/运行/ATP-VSW/ATP-VSW-DOCK_HTVS_1-003_lib/ATP-VSW-DOCK_HTVS_1-003_lib.mae
ATP-HTVS-C853ACB1A86B,HTVS,-2.06934366000665,运行/运行/ATP-VSW/ATP-VSW-DOCK_HTVS_1-003_lib/ATP-VSW-DOCK_HTVS_1-003_lib.mae
ATP-HTVS-C88FA91C4E8E,HTVS,-4.86911471981752,运行/运行/ATP-VSW/ATP-VSW-DOCK_HTVS_1-001_lib/ATP-VSW-DOCK_HTVS_1-001_lib
ATP-HTVS-C88FA91C4E8E,HTVS,-4.14482592386545,运行/运行/ATP-VSW/ATP-VSW-DOCK_HTVS_1-001_lib/ATP-VSW-DOCK_HTVS_1-001_lib
ATP-HTVS-C894FAAE5B10,HTVS,-3.89827983630935,运行/运行/ATP-VSW/ATP-VSW-DOCK_HTVS_1-002_lib.maegz
ATP-HTVS-C894FAAE5B10,HTVS,-3.09263649981039,运行/运行/ATP-VSW/ATP-VSW-DOCK_HTVS_1-002_lib.maegz
ATP-HTVS-C894FAAE5B10,HTVS,-2.58540695000385,运行/运行/ATP-VSW/ATP-VSW-DOCK_HTVS_1-002_lib.maegz
ATP-HTVS-C894FAAE5B10,HTVS,-1.40183008092311,运行/运行/ATP-VSW/ATP-VSW-DOCK_HTVS_1-002_lib.maegz
ATP-HTVS-C8A46F369ED4,HTVS,-4.24832739262732,运行/运行/ATP-VSW/ATP-VSW-DOCK_HTVS_1-003_lib/ATP-VSW-DOCK_HTVS_1-003_lib.mae
ATP-HTVS-C8A46F369ED4,HTVS,-4.02003392581409,运行/运行/ATP-VSW/ATP-VSW-DOCK_HTVS_1-003_lib/ATP-VSW-DOCK_HTVS_1-003_lib.mae
ATP-HTVS-C8A46F369ED4,HTVS,-3.88228135396001,运行/运行/ATP-VSW/ATP-VSW-DOCK_HTVS_1-003_lib/ATP-VSW-DOCK_HTVS_1-003_lib.mae
ATP-HTVS-C8D8BA0AA9EF,HTVS,-3.73644929906704,运行/运行/ATP-VSW/ATP-VSW-DOCK_HTVS_1-002_lib.maegz
ATP-HTVS-C8F29258BF11,HTVS,-4.49751414684722,运行/运行/ATP-VSW/ATP-VSW-DOCK_HTVS_1-002_lib.maegz
ATP-HTVS-C8F29258BF11,HTVS,-3.92282435029229,运行/运行/ATP-VSW/ATP-VSW-DOCK_HTVS_1-002_lib.maegz
ATP-HTVS-C8F29258BF11,HTVS,-1.79913374503083,运行/运行/ATP-VSW/ATP-VSW-DOCK_HTVS_1-002_lib.maegz
ATP-HTVS-C9013CEACAA9,HTVS,-5.74968572661554,运行/运行/ATP-VSW/ATP-VSW-DOCK_HTVS_1-002_lib.maegz
ATP-HTVS-C9013CEACAA9,HTVS,-4.56877312987249,运行/运行/ATP-VSW/ATP-VSW-DOCK_HTVS_1-002_lib.maegz
ATP-HTVS-C9013CEACAA9,HTVS,-4.35240129644835,运行/运行/ATP-VSW/ATP-VSW-DOCK_HTVS_1-002_lib.maegz
ATP-HTVS-C9013CEACAA9,HTVS,-3.93567797533499,运行/运行/ATP-VSW/ATP-VSW-DOCK_HTVS_1-002_lib.maegz
ATP-HTVS-C924AED67E53,HTVS,-5.19276246888143,运行/运行/ATP-VSW/ATP-VSW-DOCK_HTVS_1-001_lib/ATP-VSW-DOCK_HTVS_1-001_lib
ATP-HTVS-C9308A7164FF,HTVS,-3.32075076430814,运行/运行/ATP-VSW/ATP-VSW-DOCK_HTVS_1-003_lib/ATP-VSW-DOCK_HTVS_1-003_lib.mae
ATP-HTVS-C930A8816DDB,HTVS,-3.33047635479598,运行/运行/ATP-VSW/ATP-VSW-DOCK_HTVS_1-001_lib/ATP-VSW-DOCK_HTVS_1-001_lib
ATP-HTVS-C97E366A40B5,HTVS,-4.4448835340533,运行/运行/ATP-VSW/ATP-VSW-DOCK_HTVS_1-001_lib/ATP-VSW-DOCK_HTVS_1-001_lib
ATP-HTVS-C97E366A40B5,HTVS,-4.09698412115979,运行/运行/ATP-VSW/ATP-VSW-DOCK_HTVS_1-001_lib/ATP-VSW-DOCK_HTVS_1-001_lib
ATP-HTVS-C97E366A40B5,HTVS,-3.62758721902787,运行/运行/ATP-VSW/ATP-VSW-DOCK_HTVS_1-001_lib/ATP-VSW-DOCK_HTVS_1-001_lib
ATP-HTVS-C97E366A40B5,HTVS,-3.39705104665499,运行/运行/ATP-VSW/ATP-VSW-DOCK_HTVS_1-001_lib/ATP-VSW-DOCK_HTVS_1-001_lib
ATP-HTVS-C9B00227BFE8,HTVS,-2.90394642746198,运行/运行/ATP-VSW/ATP-VSW-DOCK_HTVS_1-001_lib/ATP-VSW-DOCK_HTVS_1-001_lib
ATP-HTVS-C9B00227BFE8,HTVS,-2.81831227004222,运行/运行/ATP-VSW/ATP-VSW-DOCK_HTVS_1-001_lib/ATP-VSW-DOCK_HTVS_1-001_lib
ATP-HTVS-C9B00227BFE8,HTVS,-2.64768411923618,运行/运行/ATP-VSW/ATP-VSW-DOCK_HTVS_1-001_lib/ATP-VSW-DOCK_HTVS_1-001_lib
ATP-HTVS-C9B00227BFE8,HTVS,-2.25967857183627,运行/运行/ATP-VSW/ATP-VSW-DOCK_HTVS_1-001_lib/ATP-VSW-DOCK_HTVS_1-001_lib
ATP-HTVS-C9CB4EF32822,HTVS,-5.15927092847907,运行/运行/ATP-VSW/ATP-VSW-DOCK_HTVS_1-001_lib/ATP-VSW-DOCK_HTVS_1-001_lib
ATP-HTVS-C9E144645171,HTVS,-4.65773122074291,运行/运行/ATP-VSW/ATP-VSW-DOCK_HTVS_1-001_lib/ATP-VSW-DOCK_HTVS_1-001_lib
ATP-HTVS-C9E144645171,HTVS,-3.77944561359313,运行/运行/ATP-VSW/ATP-VSW-DOCK_HTVS_1-001_lib/ATP-VSW-DOCK_HTVS_1-001_lib
ATP-HTVS-C9E144645171,HTVS,-2.30472402448977,运行/运行/ATP-VSW/ATP-VSW-DOCK_HTVS_1-001_lib/ATP-VSW-DOCK_HTVS_1-001_lib
ATP-HTVS-C9E144645171,HTVS,0.0799819605869239,运行/运行/ATP-VSW/ATP-VSW-DOCK_HTVS_1-001_lib/ATP-VSW-DOCK_HTVS_1-001_lib
ATP-HTVS-CA08B0F5D119,HTVS,-4.65171139688695,运行/运行/ATP-VSW/ATP-VSW-DOCK_HTVS_1-001_lib/ATP-VSW-DOCK_HTVS_1-001_lib
ATP-HTVS-CA08B0F5D119,HTVS,-2.86790765411601,运行/运行/ATP-VSW/ATP-VSW-DOCK_HTVS_1-001_lib/ATP-VSW-DOCK_HTVS_1-001_lib
ATP-HTVS-CA5141603A6E,HTVS,-4.90388421149219,运行/运行/ATP-VSW/ATP-VSW-DOCK_HTVS_1-002_lib.maegz
ATP-HTVS-CA6523C86104,HTVS,-5.36272096910221,运行/运行/ATP-VSW/ATP-VSW-DOCK_HTVS_1-002_lib.maegz
ATP-HTVS-CA6523C86104,HTVS,-4.00327080873479,运行/运行/ATP-VSW/ATP-VSW-DOCK_HTVS_1-002_lib.maegz
ATP-HTVS-CA6523C86104,HTVS,-3.56566987310543,运行/运行/ATP-VSW/ATP-VSW-DOCK_HTVS_1-002_lib.maegz
ATP-HTVS-CA6523C86104,HTVS,-0.712681576645958,运行/运行/ATP-VSW/ATP-VSW-DOCK_HTVS_1-002_lib.maegz
ATP-HTVS-CA9A4676B579,HTVS,-4.43323012373762,运行/运行/ATP-VSW/ATP-VSW-DOCK_HTVS_1-002_lib.maegz
ATP-HTVS-CA9A4676B579,HTVS,-4.22246302102622,运行/运行/ATP-VSW/ATP-VSW-DOCK_HTVS_1-002_lib.maegz
ATP-HTVS-CA9A4676B579,HTVS,-1.9541068476127,运行/运行/ATP-VSW/ATP-VSW-DOCK_HTVS_1-002_lib.maegz
ATP-HTVS-CA9A4676B579,HTVS,-1.82725807935234,运行/运行/ATP-VSW/ATP-VSW-DOCK_HTVS_1-002_lib.maegz
ATP-HTVS-CAF3F282F1EC,HTVS,-3.97421151737285,运行/运行/ATP-VSW/ATP-VSW-DOCK_HTVS_1-003_lib/ATP-VSW-DOCK_HTVS_1-003_lib.mae
ATP-HTVS-CAF3F282F1EC,HTVS,-0.748792614486587,运行/运行/ATP-VSW/ATP-VSW-DOCK_HTVS_1-003_lib/ATP-VSW-DOCK_HTVS_1-003_lib.mae
ATP-HTVS-CAF437F0E3C3,HTVS,-3.23209657193131,运行/运行/ATP-VSW/ATP-VSW-DOCK_HTVS_1-001_lib/ATP-VSW-DOCK_HTVS_1-001_lib
ATP-HTVS-CAF437F0E3C3,HTVS,-2.1945497988965,运行/运行/ATP-VSW/ATP-VSW-DOCK_HTVS_1-001_lib/ATP-VSW-DOCK_HTVS_1-001_lib
ATP-HTVS-CB056AB5514A,HTVS,-3.7961501197549,运行/运行/ATP-VSW/ATP-VSW-DOCK_HTVS_1-003_lib/ATP-VSW-DOCK_HTVS_1-003_lib.mae
ATP-HTVS-CB056AB5514A,HTVS,-3.33516279948425,运行/运行/ATP-VSW/ATP-VSW-DOCK_HTVS_1-003_lib/ATP-VSW-DOCK_HTVS_1-003_lib.mae
ATP-HTVS-CB08F8B01966,HTVS,-3.84717354528031,运行/运行/ATP-VSW/ATP-VSW-DOCK_HTVS_1-003_lib/ATP-VSW-DOCK_HTVS_1-003_lib.mae
ATP-HTVS-CB08F8B01966,HTVS,-3.52863980588721,运行/运行/ATP-VSW/ATP-VSW-DOCK_HTVS_1-003_lib/ATP-VSW-DOCK_HTVS_1-003_lib.mae
ATP-HTVS-CB08F8B01966,HTVS,-1.7094288060087,运行/运行/ATP-VSW/ATP-VSW-DOCK_HTVS_1-003_lib/ATP-VSW-DOCK_HTVS_1-003_lib.mae
ATP-HTVS-CB100B4C9F83,HTVS,-3.90428610347139,运行/运行/ATP-VSW/ATP-VSW-DOCK_HTVS_1-003_lib/ATP-VSW-DOCK_HTVS_1-003_lib.mae
ATP-HTVS-CB100B4C9F83,HTVS,-3.33322666135077,运行/运行/ATP-VSW/ATP-VSW-DOCK_HTVS_1-003_lib/ATP-VSW-DOCK_HTVS_1-003_lib.mae
ATP-HTVS-CB100B4C9F83,HTVS,-2.25552096450515,运行/运行/ATP-VSW/ATP-VSW-DOCK_HTVS_1-003_lib/ATP-VSW-DOCK_HTVS_1-003_lib.mae
ATP-HTVS-CB100B4C9F83,HTVS,-2.09332496795668,运行/运行/ATP-VSW/ATP-VSW-DOCK_HTVS_1-003_lib/ATP-VSW-DOCK_HTVS_1-003_lib.mae
ATP-HTVS-CB3D9B3FDDC1,HTVS,-6.14683554395361,运行/运行/ATP-VSW/ATP-VSW-DOCK_HTVS_1-001_lib/ATP-VSW-DOCK_HTVS_1-001_lib
ATP-HTVS-CB3D9B3FDDC1,HTVS,-5.07354867870823,运行/运行/ATP-VSW/ATP-VSW-DOCK_HTVS_1-001_lib/ATP-VSW-DOCK_HTVS_1-001_lib
ATP-HTVS-CB3D9B3FDDC1,HTVS,-3.85108500535867,运行/运行/ATP-VSW/ATP-VSW-DOCK_HTVS_1-001_lib/ATP-VSW-DOCK_HTVS_1-001_lib
ATP-HTVS-CB3D9B3FDDC1,HTVS,-3.69910734110555,运行/运行/ATP-VSW/ATP-VSW-DOCK_HTVS_1-001_lib/ATP-VSW-DOCK_HTVS_1-001_lib
ATP-HTVS-CB3D9B3FDDC1,HTVS,-2.70952344881607,运行/运行/ATP-VSW/ATP-VSW-DOCK_HTVS_1-001_lib/ATP-VSW-DOCK_HTVS_1-001_lib
ATP-HTVS-CB3D9B3FDDC1,HTVS,-2.40123884867804,运行/运行/ATP-VSW/ATP-VSW-DOCK_HTVS_1-001_lib/ATP-VSW-DOCK_HTVS_1-001_lib
ATP-HTVS-CB3D9B3FDDC1,HTVS,-1.56781332281446,运行/运行/ATP-VSW/ATP-VSW-DOCK_HTVS_1-001_lib/ATP-VSW-DOCK_HTVS_1-001_lib
ATP-HTVS-CB3D9B3FDDC1,HTVS,-1.48720717721154,运行/运行/ATP-VSW/ATP-VSW-DOCK_HTVS_1-001_lib/ATP-VSW-DOCK_HTVS_1-001_lib
ATP-HTVS-CB3E61D945F3,HTVS,-5.11977045755017,运行/运行/ATP-VSW/ATP-VSW-DOCK_HTVS_1-001_lib/ATP-VSW-DOCK_HTVS_1-001_lib
ATP-HTVS-CB3E61D945F3,HTVS,-1.90563409889563,运行/运行/ATP-VSW/ATP-VSW-DOCK_HTVS_1-001_lib/ATP-VSW-DOCK_HTVS_1-001_lib
ATP-HTVS-CB568D2EE5B9,HTVS,-4.44396008836852,运行/运行/ATP-VSW/ATP-VSW-DOCK_HTVS_1-003_lib/ATP-VSW-DOCK_HTVS_1-003_lib.mae
ATP-HTVS-CB568D2EE5B9,HTVS,-3.86651643361031,运行/运行/ATP-VSW/ATP-VSW-DOCK_HTVS_1-003_lib/ATP-VSW-DOCK_HTVS_1-003_lib.mae
ATP-HTVS-CB568D2EE5B9,HTVS,-2.77198538603606,运行/运行/ATP-VSW/ATP-VSW-DOCK_HTVS_1-003_lib/ATP-VSW-DOCK_HTVS_1-003_lib.mae
ATP-HTVS-CB568D2EE5B9,HTVS,-2.11941368795115,运行/运行/ATP-VSW/ATP-VSW-DOCK_HTVS_1-003_lib/ATP-VSW-DOCK_HTVS_1-003_lib.mae
ATP-HTVS-CBC473663EF6,HTVS,-2.14068046674945,运行/运行/ATP-VSW/ATP-VSW-DOCK_HTVS_1-003_lib/ATP-VSW-DOCK_HTVS_1-003_lib.mae
ATP-HTVS-CBC473663EF6,HTVS,-1.65847116354522,运行/运行/ATP-VSW/ATP-VSW-DOCK_HTVS_1-003_lib/ATP-VSW-DOCK_HTVS_1-003_lib.mae
ATP-HTVS-CBC473663EF6,HTVS,-1.45516659257511,运行/运行/ATP-VSW/ATP-VSW-DOCK_HTVS_1-003_lib/ATP-VSW-DOCK_HTVS_1-003_lib.mae
ATP-HTVS-CBC473663EF6,HTVS,-1.35932790116546,运行/运行/ATP-VSW/ATP-VSW-DOCK_HTVS_1-003_lib/ATP-VSW-DOCK_HTVS_1-003_lib.mae
ATP-HTVS-CBC473663EF6,HTVS,-1.24304181190344,运行/运行/ATP-VSW/ATP-VSW-DOCK_HTVS_1-003_lib/ATP-VSW-DOCK_HTVS_1-003_lib.mae
ATP-HTVS-CBC473663EF6,HTVS,-1.00351123151452,运行/运行/ATP-VSW/ATP-VSW-DOCK_HTVS_1-003_lib/ATP-VSW-DOCK_HTVS_1-003_lib.mae
ATP-HTVS-CBC473663EF6,HTVS,-0.655274419676215,运行/运行/ATP-VSW/ATP-VSW-DOCK_HTVS_1-003_lib/ATP-VSW-DOCK_HTVS_1-003_lib.mae
ATP-HTVS-CBC473663EF6,HTVS,0.112690995193719,运行/运行/ATP-VSW/ATP-VSW-DOCK_HTVS_1-003_lib/ATP-VSW-DOCK_HTVS_1-003_lib.mae
ATP-HTVS-CBCD19AD9C21,HTVS,-4.67336178707906,运行/运行/ATP-VSW/ATP-VSW-DOCK_HTVS_1-002_lib.maegz
ATP-HTVS-CBCD19AD9C21,HTVS,-4.61018420657507,运行/运行/ATP-VSW/ATP-VSW-DOCK_HTVS_1-002_lib.maegz
ATP-HTVS-CBCD19AD9C21,HTVS,-3.91090560979001,运行/运行/ATP-VSW/ATP-VSW-DOCK_HTVS_1-002_lib.maegz
ATP-HTVS-CBCD19AD9C21,HTVS,-3.15015516004768,运行/运行/ATP-VSW/ATP-VSW-DOCK_HTVS_1-002_lib.maegz
ATP-HTVS-CBCD19AD9C21,HTVS,-2.77479582018321,运行/运行/ATP-VSW/ATP-VSW-DOCK_HTVS_1-002_lib.maegz
ATP-HTVS-CBCD19AD9C21,HTVS,-1.23490145317291,运行/运行/ATP-VSW/ATP-VSW-DOCK_HTVS_1-002_lib.maegz
ATP-HTVS-CC01DAB978DA,HTVS,-0.748416709305098,运行/运行/ATP-VSW/ATP-VSW-DOCK_HTVS_1-003_lib/ATP-VSW-DOCK_HTVS_1-003_lib.mae
ATP-HTVS-CC01DAB978DA,HTVS,-0.574569334806675,运行/运行/ATP-VSW/ATP-VSW-DOCK_HTVS_1-003_lib/ATP-VSW-DOCK_HTVS_1-003_lib.mae
ATP-HTVS-CC453EE4B1F8,HTVS,-3.79631961051079,运行/运行/ATP-VSW/ATP-VSW-DOCK_HTVS_1-003_lib/ATP-VSW-DOCK_HTVS_1-003_lib.mae
ATP-HTVS-CC453EE4B1F8,HTVS,-3.59646727335691,运行/运行/ATP-VSW/ATP-VSW-DOCK_HTVS_1-003_lib/ATP-VSW-DOCK_HTVS_1-003_lib.mae
ATP-HTVS-CC453EE4B1F8,HTVS,-1.90632842660836,运行/运行/ATP-VSW/ATP-VSW-DOCK_HTVS_1-003_lib/ATP-VSW-DOCK_HTVS_1-003_lib.mae
ATP-HTVS-CC5603E93E79,HTVS,-3.24559475660891,运行/运行/ATP-VSW/ATP-VSW-DOCK_HTVS_1-001_lib/ATP-VSW-DOCK_HTVS_1-001_lib
ATP-HTVS-CC5603E93E79,HTVS,-1.57733449901861,运行/运行/ATP-VSW/ATP-VSW-DOCK_HTVS_1-001_lib/ATP-VSW-DOCK_HTVS_1-001_lib
ATP-HTVS-CC671C1EED81,HTVS,-3.71821758572312,运行/运行/ATP-VSW/ATP-VSW-DOCK_HTVS_1-002_lib.maegz
ATP-HTVS-CC7A8C42BA33,HTVS,-5.20679757905425,运行/运行/ATP-VSW/ATP-VSW-DOCK_HTVS_1-001_lib/ATP-VSW-DOCK_HTVS_1-001_lib
ATP-HTVS-CC7A8C42BA33,HTVS,-4.6460087608193,运行/运行/ATP-VSW/ATP-VSW-DOCK_HTVS_1-001_lib/ATP-VSW-DOCK_HTVS_1-001_lib
ATP-HTVS-CC7A8C42BA33,HTVS,-2.5045779978464,运行/运行/ATP-VSW/ATP-VSW-DOCK_HTVS_1-001_lib/ATP-VSW-DOCK_HTVS_1-001_lib
ATP-HTVS-CC7A8C42BA33,HTVS,-2.18392874730983,运行/运行/ATP-VSW/ATP-VSW-DOCK_HTVS_1-001_lib/ATP-VSW-DOCK_HTVS_1-001_lib
ATP-HTVS-CC7F9EDA8956,HTVS,-3.44713850604227,运行/运行/ATP-VSW/ATP-VSW-DOCK_HTVS_1-001_lib/ATP-VSW-DOCK_HTVS_1-001_lib
ATP-HTVS-CC7F9EDA8956,HTVS,-2.91414700879951,运行/运行/ATP-VSW/ATP-VSW-DOCK_HTVS_1-001_lib/ATP-VSW-DOCK_HTVS_1-001_lib
ATP-HTVS-CC86D79AEE13,HTVS,-3.53810568119934,运行/运行/ATP-VSW/ATP-VSW-DOCK_HTVS_1-002_lib.maegz
ATP-HTVS-CC86D79AEE13,HTVS,-1.29424802608454,运行/运行/ATP-VSW/ATP-VSW-DOCK_HTVS_1-002_lib.maegz
ATP-HTVS-CCF7E888A475,HTVS,-4.78282286595245,运行/运行/ATP-VSW/ATP-VSW-DOCK_HTVS_1-003_lib/ATP-VSW-DOCK_HTVS_1-003_lib.mae
ATP-HTVS-CD22DC9E9474,HTVS,-4.0707600408721,运行/运行/ATP-VSW/ATP-VSW-DOCK_HTVS_1-001_lib/ATP-VSW-DOCK_HTVS_1-001_lib
ATP-HTVS-CD3E1774443F,HTVS,-1.21657362244702,运行/运行/ATP-VSW/ATP-VSW-DOCK_HTVS_1-002_lib.maegz
ATP-HTVS-CD664E950D6F,HTVS,-2.96165827463395,运行/运行/ATP-VSW/ATP-VSW-DOCK_HTVS_1-001_lib/ATP-VSW-DOCK_HTVS_1-001_lib
ATP-HTVS-CD6AA4CFEADB,HTVS,-3.6662971730648,运行/运行/ATP-VSW/ATP-VSW-DOCK_HTVS_1-002_lib.maegz
ATP-HTVS-CD6AA4CFEADB,HTVS,-2.18094185014998,运行/运行/ATP-VSW/ATP-VSW-DOCK_HTVS_1-002_lib.maegz
ATP-HTVS-CD6AA4CFEADB,HTVS,-1.43307784292066,运行/运行/ATP-VSW/ATP-VSW-DOCK_HTVS_1-002_lib.maegz
ATP-HTVS-CD84540442E8,HTVS,-1.80982414018258,运行/运行/ATP-VSW/ATP-VSW-DOCK_HTVS_1-001_lib/ATP-VSW-DOCK_HTVS_1-001_lib
ATP-HTVS-CDA0FA66D084,HTVS,-3.76343356077996,运行/运行/ATP-VSW/ATP-VSW-DOCK_HTVS_1-001_lib/ATP-VSW-DOCK_HTVS_1-001_lib
ATP-HTVS-CDA0FA66D084,HTVS,-1.55476972638401,运行/运行/ATP-VSW/ATP-VSW-DOCK_HTVS_1-001_lib/ATP-VSW-DOCK_HTVS_1-001_lib
ATP-HTVS-CDB030173D15,HTVS,-3.41617352779804,运行/运行/ATP-VSW/ATP-VSW-DOCK_HTVS_1-002_lib.maegz
ATP-HTVS-CDB030173D15,HTVS,-3.09016771530751,运行/运行/ATP-VSW/ATP-VSW-DOCK_HTVS_1-002_lib.maegz
ATP-HTVS-CDB030173D15,HTVS,-2.96305713765682,运行/运行/ATP-VSW/ATP-VSW-DOCK_HTVS_1-002_lib.maegz
ATP-HTVS-CDB030173D15,HTVS,-0.881878111998021,运行/运行/ATP-VSW/ATP-VSW-DOCK_HTVS_1-002_lib.maegz
ATP-HTVS-CDFFE8C73978,HTVS,-4.36252175128327,运行/运行/ATP-VSW/ATP-VSW-DOCK_HTVS_1-003_lib/ATP-VSW-DOCK_HTVS_1-003_lib.mae
ATP-HTVS-CE0C62FD8EFC,HTVS,-2.39527106590892,运行/运行/ATP-VSW/ATP-VSW-DOCK_HTVS_1-003_lib/ATP-VSW-DOCK_HTVS_1-003_lib.mae
ATP-HTVS-CE0C62FD8EFC,HTVS,-1.40562450569518,运行/运行/ATP-VSW/ATP-VSW-DOCK_HTVS_1-003_lib/ATP-VSW-DOCK_HTVS_1-003_lib.mae
ATP-HTVS-CE0C62FD8EFC,HTVS,-1.30157343910596,运行/运行/ATP-VSW/ATP-VSW-DOCK_HTVS_1-003_lib/ATP-VSW-DOCK_HTVS_1-003_lib.mae
ATP-HTVS-CE0C62FD8EFC,HTVS,-1.12947092531252,运行/运行/ATP-VSW/ATP-VSW-DOCK_HTVS_1-003_lib/ATP-VSW-DOCK_HTVS_1-003_lib.mae
ATP-HTVS-CE0C62FD8EFC,HTVS,-0.364008733647672,运行/运行/ATP-VSW/ATP-VSW-DOCK_HTVS_1-003_lib/ATP-VSW-DOCK_HTVS_1-003_lib.mae
ATP-HTVS-CE0C62FD8EFC,HTVS,-0.176658074082629,运行/运行/ATP-VSW/ATP-VSW-DOCK_HTVS_1-003_lib/ATP-VSW-DOCK_HTVS_1-003_lib.mae
ATP-HTVS-CE0C62FD8EFC,HTVS,0.361046237899907,运行/运行/ATP-VSW/ATP-VSW-DOCK_HTVS_1-003_lib/ATP-VSW-DOCK_HTVS_1-003_lib.mae
ATP-HTVS-CE0C62FD8EFC,HTVS,1.02581802732567,运行/运行/ATP-VSW/ATP-VSW-DOCK_HTVS_1-003_lib/ATP-VSW-DOCK_HTVS_1-003_lib.mae
ATP-HTVS-CE22382A0684,HTVS,-3.43201661646533,运行/运行/ATP-VSW/ATP-VSW-DOCK_HTVS_1-001_lib/ATP-VSW-DOCK_HTVS_1-001_lib
ATP-HTVS-CE83EECF0A09,HTVS,-5.2437526469637,运行/运行/ATP-VSW/ATP-VSW-DOCK_HTVS_1-003_lib/ATP-VSW-DOCK_HTVS_1-003_lib.mae
ATP-HTVS-CE83EECF0A09,HTVS,-5.17351268049249,运行/运行/ATP-VSW/ATP-VSW-DOCK_HTVS_1-003_lib/ATP-VSW-DOCK_HTVS_1-003_lib.mae
ATP-HTVS-CE83EECF0A09,HTVS,-3.76899203113485,运行/运行/ATP-VSW/ATP-VSW-DOCK_HTVS_1-003_lib/ATP-VSW-DOCK_HTVS_1-003_lib.mae
ATP-HTVS-CE83EECF0A09,HTVS,-3.67697690629417,运行/运行/ATP-VSW/ATP-VSW-DOCK_HTVS_1-003_lib/ATP-VSW-DOCK_HTVS_1-003_lib.mae
ATP-HTVS-CE83EECF0A09,HTVS,-3.54848718473373,运行/运行/ATP-VSW/ATP-VSW-DOCK_HTVS_1-003_lib/ATP-VSW-DOCK_HTVS_1-003_lib.mae
ATP-HTVS-CE83EECF0A09,HTVS,-2.76202415642001,运行/运行/ATP-VSW/ATP-VSW-DOCK_HTVS_1-003_lib/ATP-VSW-DOCK_HTVS_1-003_lib.mae
ATP-HTVS-CE85F8224252,HTVS,-3.11993802242903,运行/运行/ATP-VSW/ATP-VSW-DOCK_HTVS_1-001_lib/ATP-VSW-DOCK_HTVS_1-001_lib
ATP-HTVS-CEA6734F7F3C,HTVS,-4.2522223659495,运行/运行/ATP-VSW/ATP-VSW-DOCK_HTVS_1-003_lib/ATP-VSW-DOCK_HTVS_1-003_lib.mae
ATP-HTVS-CEA6734F7F3C,HTVS,-2.06609085349692,运行/运行/ATP-VSW/ATP-VSW-DOCK_HTVS_1-003_lib/ATP-VSW-DOCK_HTVS_1-003_lib.mae
ATP-HTVS-CEB5A32F933D,HTVS,-3.92654421518424,运行/运行/ATP-VSW/ATP-VSW-DOCK_HTVS_1-002_lib.maegz
ATP-HTVS-CEB5A32F933D,HTVS,-3.25678626082269,运行/运行/ATP-VSW/ATP-VSW-DOCK_HTVS_1-002_lib.maegz
ATP-HTVS-CEC01CDE00B1,HTVS,-2.47877349878223,运行/运行/ATP-VSW/ATP-VSW-DOCK_HTVS_1-003_lib/ATP-VSW-DOCK_HTVS_1-003_lib.mae
ATP-HTVS-CED8BA7CA394,HTVS,-4.81695529199606,运行/运行/ATP-VSW/ATP-VSW-DOCK_HTVS_1-002_lib.maegz
ATP-HTVS-CED8BA7CA394,HTVS,-2.42399622922956,运行/运行/ATP-VSW/ATP-VSW-DOCK_HTVS_1-002_lib.maegz
ATP-HTVS-CEDCE5F1BEB7,HTVS,-6.66143670294278,运行/运行/ATP-VSW/ATP-VSW-DOCK_HTVS_1-002_lib.maegz
ATP-HTVS-CEDCE5F1BEB7,HTVS,-4.89174401584296,运行/运行/ATP-VSW/ATP-VSW-DOCK_HTVS_1-002_lib.maegz
ATP-HTVS-CEDCE5F1BEB7,HTVS,-4.01983534147138,运行/运行/ATP-VSW/ATP-VSW-DOCK_HTVS_1-002_lib.maegz
ATP-HTVS-CEDCE5F1BEB7,HTVS,-1.67443038176328,运行/运行/ATP-VSW/ATP-VSW-DOCK_HTVS_1-002_lib.maegz
ATP-HTVS-CEF12CE4FD32,HTVS,-2.24834136114208,运行/运行/ATP-VSW/ATP-VSW-DOCK_HTVS_1-002_lib.maegz
ATP-HTVS-CF29C556AE01,HTVS,-2.00586969933456,运行/运行/ATP-VSW/ATP-VSW-DOCK_HTVS_1-003_lib/ATP-VSW-DOCK_HTVS_1-003_lib.mae
ATP-HTVS-CF29C556AE01,HTVS,-1.75180080829648,运行/运行/ATP-VSW/ATP-VSW-DOCK_HTVS_1-003_lib/ATP-VSW-DOCK_HTVS_1-003_lib.mae
ATP-HTVS-CF9A421CD50D,HTVS,-1.05740362215688,运行/运行/ATP-VSW/ATP-VSW-DOCK_HTVS_1-002_lib.maegz
ATP-HTVS-CFB2EA2F52FD,HTVS,-2.42071655020174,运行/运行/ATP-VSW/ATP-VSW-DOCK_HTVS_1-002_lib.maegz
ATP-HTVS-D0257FD59117,HTVS,-4.03161320793368,运行/运行/ATP-VSW/ATP-VSW-DOCK_HTVS_1-001_lib/ATP-VSW-DOCK_HTVS_1-001_lib
ATP-HTVS-D0257FD59117,HTVS,-3.75819575051358,运行/运行/ATP-VSW/ATP-VSW-DOCK_HTVS_1-001_lib/ATP-VSW-DOCK_HTVS_1-001_lib
ATP-HTVS-D0257FD59117,HTVS,-1.71501578208762,运行/运行/ATP-VSW/ATP-VSW-DOCK_HTVS_1-001_lib/ATP-VSW-DOCK_HTVS_1-001_lib
ATP-HTVS-D0257FD59117,HTVS,-1.61491573591118,运行/运行/ATP-VSW/ATP-VSW-DOCK_HTVS_1-001_lib/ATP-VSW-DOCK_HTVS_1-001_lib
ATP-HTVS-D02CBBC5B48D,HTVS,-4.25313707773474,运行/运行/ATP-VSW/ATP-VSW-DOCK_HTVS_1-003_lib/ATP-VSW-DOCK_HTVS_1-003_lib.mae
ATP-HTVS-D02CBBC5B48D,HTVS,-1.7022585029004,运行/运行/ATP-VSW/ATP-VSW-DOCK_HTVS_1-003_lib/ATP-VSW-DOCK_HTVS_1-003_lib.mae
ATP-HTVS-D0CA976BC689,HTVS,-5.23766327600711,运行/运行/ATP-VSW/ATP-VSW-DOCK_HTVS_1-003_lib/ATP-VSW-DOCK_HTVS_1-003_lib.mae
ATP-HTVS-D0CA976BC689,HTVS,-2.54659609512779,运行/运行/ATP-VSW/ATP-VSW-DOCK_HTVS_1-003_lib/ATP-VSW-DOCK_HTVS_1-003_lib.mae
ATP-HTVS-D0CA976BC689,HTVS,-1.39298343648853,运行/运行/ATP-VSW/ATP-VSW-DOCK_HTVS_1-003_lib/ATP-VSW-DOCK_HTVS_1-003_lib.mae
ATP-HTVS-D0D9A6B890A3,HTVS,-4.47491828141522,运行/运行/ATP-VSW/ATP-VSW-DOCK_HTVS_1-002_lib.maegz
ATP-HTVS-D0D9A6B890A3,HTVS,-3.51970092925062,运行/运行/ATP-VSW/ATP-VSW-DOCK_HTVS_1-002_lib.maegz
ATP-HTVS-D0D9A6B890A3,HTVS,-2.13045273068096,运行/运行/ATP-VSW/ATP-VSW-DOCK_HTVS_1-002_lib.maegz
ATP-HTVS-D102EB8CAB11,HTVS,-4.5956258992815,运行/运行/ATP-VSW/ATP-VSW-DOCK_HTVS_1-001_lib/ATP-VSW-DOCK_HTVS_1-001_lib
ATP-HTVS-D102EB8CAB11,HTVS,-2.66167119053733,运行/运行/ATP-VSW/ATP-VSW-DOCK_HTVS_1-001_lib/ATP-VSW-DOCK_HTVS_1-001_lib
ATP-HTVS-D1462A8BE621,HTVS,-6.20349380011338,运行/运行/ATP-VSW/ATP-VSW-DOCK_HTVS_1-002_lib.maegz
ATP-HTVS-D18D68753065,HTVS,-5.00335048544487,运行/运行/ATP-VSW/ATP-VSW-DOCK_HTVS_1-003_lib/ATP-VSW-DOCK_HTVS_1-003_lib.mae
ATP-HTVS-D18D68753065,HTVS,-3.77550798969275,运行/运行/ATP-VSW/ATP-VSW-DOCK_HTVS_1-003_lib/ATP-VSW-DOCK_HTVS_1-003_lib.mae
ATP-HTVS-D190FC844C9E,HTVS,-5.42546207840677,运行/运行/ATP-VSW/ATP-VSW-DOCK_HTVS_1-003_lib/ATP-VSW-DOCK_HTVS_1-003_lib.mae
ATP-HTVS-D190FC844C9E,HTVS,-3.27646688609669,运行/运行/ATP-VSW/ATP-VSW-DOCK_HTVS_1-003_lib/ATP-VSW-DOCK_HTVS_1-003_lib.mae
ATP-HTVS-D190FC844C9E,HTVS,-1.89606733255797,运行/运行/ATP-VSW/ATP-VSW-DOCK_HTVS_1-003_lib/ATP-VSW-DOCK_HTVS_1-003_lib.mae
ATP-HTVS-D1A5509321EA,HTVS,-2.4792369401016,运行/运行/ATP-VSW/ATP-VSW-DOCK_HTVS_1-001_lib/ATP-VSW-DOCK_HTVS_1-001_lib
ATP-HTVS-D1A5509321EA,HTVS,-1.43262996783325,运行/运行/ATP-VSW/ATP-VSW-DOCK_HTVS_1-001_lib/ATP-VSW-DOCK_HTVS_1-001_lib
ATP-HTVS-D1F1286C5AB6,HTVS,-4.08209968594408,运行/运行/ATP-VSW/ATP-VSW-DOCK_HTVS_1-003_lib/ATP-VSW-DOCK_HTVS_1-003_lib.mae
ATP-HTVS-D22CA90FC022,HTVS,-4.35679635618629,运行/运行/ATP-VSW/ATP-VSW-DOCK_HTVS_1-003_lib/ATP-VSW-DOCK_HTVS_1-003_lib.mae
ATP-HTVS-D22CA90FC022,HTVS,-3.05123423318468,运行/运行/ATP-VSW/ATP-VSW-DOCK_HTVS_1-003_lib/ATP-VSW-DOCK_HTVS_1-003_lib.mae
ATP-HTVS-D22CA90FC022,HTVS,-2.4547277370475,运行/运行/ATP-VSW/ATP-VSW-DOCK_HTVS_1-003_lib/ATP-VSW-DOCK_HTVS_1-003_lib.mae
ATP-HTVS-D254F911DFD1,HTVS,-2.35641003399288,运行/运行/ATP-VSW/ATP-VSW-DOCK_HTVS_1-001_lib/ATP-VSW-DOCK_HTVS_1-001_lib
ATP-HTVS-D2D0A1D4326E,HTVS,-3.92845206483102,运行/运行/ATP-VSW/ATP-VSW-DOCK_HTVS_1-001_lib/ATP-VSW-DOCK_HTVS_1-001_lib
ATP-HTVS-D2D0A1D4326E,HTVS,-3.77570014710824,运行/运行/ATP-VSW/ATP-VSW-DOCK_HTVS_1-001_lib/ATP-VSW-DOCK_HTVS_1-001_lib
ATP-HTVS-D2D0A1D4326E,HTVS,-2.05746755632242,运行/运行/ATP-VSW/ATP-VSW-DOCK_HTVS_1-001_lib/ATP-VSW-DOCK_HTVS_1-001_lib
ATP-HTVS-D2D0A1D4326E,HTVS,-1.71496887357051,运行/运行/ATP-VSW/ATP-VSW-DOCK_HTVS_1-001_lib/ATP-VSW-DOCK_HTVS_1-001_lib
ATP-HTVS-D33A0E291F08,HTVS,-5.02808595155106,运行/运行/ATP-VSW/ATP-VSW-DOCK_HTVS_1-003_lib/ATP-VSW-DOCK_HTVS_1-003_lib.mae
ATP-HTVS-D35090C63096,HTVS,-4.31843743575544,运行/运行/ATP-VSW/ATP-VSW-DOCK_HTVS_1-002_lib.maegz
ATP-HTVS-D35090C63096,HTVS,-3.82892112299576,运行/运行/ATP-VSW/ATP-VSW-DOCK_HTVS_1-002_lib.maegz
ATP-HTVS-D35FD22B1728,HTVS,-3.43240787781769,运行/运行/ATP-VSW/ATP-VSW-DOCK_HTVS_1-002_lib.maegz
ATP-HTVS-D35FD22B1728,HTVS,-1.74995813379798,运行/运行/ATP-VSW/ATP-VSW-DOCK_HTVS_1-002_lib.maegz
ATP-HTVS-D3717771288C,HTVS,-4.2970203136861,运行/运行/ATP-VSW/ATP-VSW-DOCK_HTVS_1-001_lib/ATP-VSW-DOCK_HTVS_1-001_lib
ATP-HTVS-D3717771288C,HTVS,-3.81283102041315,运行/运行/ATP-VSW/ATP-VSW-DOCK_HTVS_1-001_lib/ATP-VSW-DOCK_HTVS_1-001_lib
ATP-HTVS-D3717771288C,HTVS,-2.17999263717383,运行/运行/ATP-VSW/ATP-VSW-DOCK_HTVS_1-001_lib/ATP-VSW-DOCK_HTVS_1-001_lib
ATP-HTVS-D3717771288C,HTVS,-1.10699801458678,运行/运行/ATP-VSW/ATP-VSW-DOCK_HTVS_1-001_lib/ATP-VSW-DOCK_HTVS_1-001_lib
ATP-HTVS-D38DE888E88F,HTVS,-4.92632171049192,运行/运行/ATP-VSW/ATP-VSW-DOCK_HTVS_1-001_lib/ATP-VSW-DOCK_HTVS_1-001_lib
ATP-HTVS-D38DE888E88F,HTVS,-3.27731364711076,运行/运行/ATP-VSW/ATP-VSW-DOCK_HTVS_1-001_lib/ATP-VSW-DOCK_HTVS_1-001_lib
ATP-HTVS-D3913B8FBCFA,HTVS,-4.33952237599034,运行/运行/ATP-VSW/ATP-VSW-DOCK_HTVS_1-002_lib.maegz
ATP-HTVS-D3913B8FBCFA,HTVS,-1.88424138446293,运行/运行/ATP-VSW/ATP-VSW-DOCK_HTVS_1-002_lib.maegz
ATP-HTVS-D3913B8FBCFA,HTVS,-1.88110599089453,运行/运行/ATP-VSW/ATP-VSW-DOCK_HTVS_1-002_lib.maegz
ATP-HTVS-D3B4C31C9E9F,HTVS,-1.64897298703425,运行/运行/ATP-VSW/ATP-VSW-DOCK_HTVS_1-001_lib/ATP-VSW-DOCK_HTVS_1-001_lib
ATP-HTVS-D3B4C31C9E9F,HTVS,-0.575516178155522,运行/运行/ATP-VSW/ATP-VSW-DOCK_HTVS_1-001_lib/ATP-VSW-DOCK_HTVS_1-001_lib
ATP-HTVS-D3B596BB619E,HTVS,-1.62863861474141,运行/运行/ATP-VSW/ATP-VSW-DOCK_HTVS_1-003_lib/ATP-VSW-DOCK_HTVS_1-003_lib.mae
ATP-HTVS-D3D42427DD6F,HTVS,-4.50769007972124,运行/运行/ATP-VSW/ATP-VSW-DOCK_HTVS_1-001_lib/ATP-VSW-DOCK_HTVS_1-001_lib
ATP-HTVS-D3D42427DD6F,HTVS,-3.94809307722071,运行/运行/ATP-VSW/ATP-VSW-DOCK_HTVS_1-001_lib/ATP-VSW-DOCK_HTVS_1-001_lib
ATP-HTVS-D3D42427DD6F,HTVS,-3.325255626187,运行/运行/ATP-VSW/ATP-VSW-DOCK_HTVS_1-001_lib/ATP-VSW-DOCK_HTVS_1-001_lib
ATP-HTVS-D3D42427DD6F,HTVS,-3.27492247223765,运行/运行/ATP-VSW/ATP-VSW-DOCK_HTVS_1-001_lib/ATP-VSW-DOCK_HTVS_1-001_lib
ATP-HTVS-D3D42427DD6F,HTVS,-2.03577625065716,运行/运行/ATP-VSW/ATP-VSW-DOCK_HTVS_1-001_lib/ATP-VSW-DOCK_HTVS_1-001_lib
ATP-HTVS-D3D42427DD6F,HTVS,-1.97924806400369,运行/运行/ATP-VSW/ATP-VSW-DOCK_HTVS_1-001_lib/ATP-VSW-DOCK_HTVS_1-001_lib
ATP-HTVS-D41B937429B7,HTVS,-1.9721019793734,运行/运行/ATP-VSW/ATP-VSW-DOCK_HTVS_1-003_lib/ATP-VSW-DOCK_HTVS_1-003_lib.mae
ATP-HTVS-D45BC7EA8057,HTVS,-4.16539956201146,运行/运行/ATP-VSW/ATP-VSW-DOCK_HTVS_1-003_lib/ATP-VSW-DOCK_HTVS_1-003_lib.mae
ATP-HTVS-D45BC7EA8057,HTVS,-2.09273855882026,运行/运行/ATP-VSW/ATP-VSW-DOCK_HTVS_1-003_lib/ATP-VSW-DOCK_HTVS_1-003_lib.mae
ATP-HTVS-D4881A2AC8A2,HTVS,-4.52900937993916,运行/运行/ATP-VSW/ATP-VSW-DOCK_HTVS_1-001_lib/ATP-VSW-DOCK_HTVS_1-001_lib
ATP-HTVS-D4881A2AC8A2,HTVS,-4.0843844186505,运行/运行/ATP-VSW/ATP-VSW-DOCK_HTVS_1-001_lib/ATP-VSW-DOCK_HTVS_1-001_lib
ATP-HTVS-D4881A2AC8A2,HTVS,-2.45691753768335,运行/运行/ATP-VSW/ATP-VSW-DOCK_HTVS_1-001_lib/ATP-VSW-DOCK_HTVS_1-001_lib
ATP-HTVS-D4881A2AC8A2,HTVS,-1.85199875312511,运行/运行/ATP-VSW/ATP-VSW-DOCK_HTVS_1-001_lib/ATP-VSW-DOCK_HTVS_1-001_lib
ATP-HTVS-D4881A2AC8A2,HTVS,-1.84868833253554,运行/运行/ATP-VSW/ATP-VSW-DOCK_HTVS_1-001_lib/ATP-VSW-DOCK_HTVS_1-001_lib
ATP-HTVS-D49B0A10993C,HTVS,-5.82548848966351,运行/运行/ATP-VSW/ATP-VSW-DOCK_HTVS_1-002_lib.maegz
ATP-HTVS-D49B0A10993C,HTVS,-3.87008721231871,运行/运行/ATP-VSW/ATP-VSW-DOCK_HTVS_1-002_lib.maegz
ATP-HTVS-D49B0A10993C,HTVS,-2.88547782424413,运行/运行/ATP-VSW/ATP-VSW-DOCK_HTVS_1-002_lib.maegz
ATP-HTVS-D4AE6553B313,HTVS,-4.39906438237233,运行/运行/ATP-VSW/ATP-VSW-DOCK_HTVS_1-002_lib.maegz
ATP-HTVS-D4AE6553B313,HTVS,-2.37508909643512,运行/运行/ATP-VSW/ATP-VSW-DOCK_HTVS_1-002_lib.maegz
ATP-HTVS-D4B05735BAC4,HTVS,-4.73948519107454,运行/运行/ATP-VSW/ATP-VSW-DOCK_HTVS_1-002_lib.maegz
ATP-HTVS-D4B05735BAC4,HTVS,-4.08801507445331,运行/运行/ATP-VSW/ATP-VSW-DOCK_HTVS_1-002_lib.maegz
ATP-HTVS-D4B05735BAC4,HTVS,-3.97716067642903,运行/运行/ATP-VSW/ATP-VSW-DOCK_HTVS_1-002_lib.maegz
ATP-HTVS-D4B05735BAC4,HTVS,-3.78623043749479,运行/运行/ATP-VSW/ATP-VSW-DOCK_HTVS_1-002_lib.maegz
ATP-HTVS-D4B05735BAC4,HTVS,-3.23343800911643,运行/运行/ATP-VSW/ATP-VSW-DOCK_HTVS_1-002_lib.maegz
ATP-HTVS-D4B05735BAC4,HTVS,-2.77933068190754,运行/运行/ATP-VSW/ATP-VSW-DOCK_HTVS_1-002_lib.maegz
ATP-HTVS-D4B05735BAC4,HTVS,-2.34522914013143,运行/运行/ATP-VSW/ATP-VSW-DOCK_HTVS_1-002_lib.maegz
ATP-HTVS-D4B05735BAC4,HTVS,-1.68214014494577,运行/运行/ATP-VSW/ATP-VSW-DOCK_HTVS_1-002_lib.maegz
ATP-HTVS-D4C1A78D47F2,HTVS,-5.42769533688179,运行/运行/ATP-VSW/ATP-VSW-DOCK_HTVS_1-001_lib/ATP-VSW-DOCK_HTVS_1-001_lib
ATP-HTVS-D4C1A78D47F2,HTVS,-5.35540581584508,运行/运行/ATP-VSW/ATP-VSW-DOCK_HTVS_1-001_lib/ATP-VSW-DOCK_HTVS_1-001_lib
ATP-HTVS-D4F4D34A0DC7,HTVS,-5.21896454262999,运行/运行/ATP-VSW/ATP-VSW-DOCK_HTVS_1-002_lib.maegz
ATP-HTVS-D4F4D34A0DC7,HTVS,-2.7706852532134,运行/运行/ATP-VSW/ATP-VSW-DOCK_HTVS_1-002_lib.maegz
ATP-HTVS-D4F4D34A0DC7,HTVS,-2.63903375990808,运行/运行/ATP-VSW/ATP-VSW-DOCK_HTVS_1-002_lib.maegz
ATP-HTVS-D51006C467E8,HTVS,-4.76852189732815,运行/运行/ATP-VSW/ATP-VSW-DOCK_HTVS_1-002_lib.maegz
ATP-HTVS-D51006C467E8,HTVS,-4.47303824046358,运行/运行/ATP-VSW/ATP-VSW-DOCK_HTVS_1-002_lib.maegz
ATP-HTVS-D52094086515,HTVS,-1.49805717730069,运行/运行/ATP-VSW/ATP-VSW-DOCK_HTVS_1-003_lib/ATP-VSW-DOCK_HTVS_1-003_lib.mae
ATP-HTVS-D52094086515,HTVS,1.0206038289783,运行/运行/ATP-VSW/ATP-VSW-DOCK_HTVS_1-003_lib/ATP-VSW-DOCK_HTVS_1-003_lib.mae
ATP-HTVS-D53BE49171F7,HTVS,-5.64347715414461,运行/运行/ATP-VSW/ATP-VSW-DOCK_HTVS_1-003_lib/ATP-VSW-DOCK_HTVS_1-003_lib.mae
ATP-HTVS-D57D92118EC0,HTVS,-3.20181709833612,运行/运行/ATP-VSW/ATP-VSW-DOCK_HTVS_1-002_lib.maegz
ATP-HTVS-D57FDE5925BA,HTVS,-5.21548994923698,运行/运行/ATP-VSW/ATP-VSW-DOCK_HTVS_1-002_lib.maegz
ATP-HTVS-D5881C68A9EC,HTVS,-4.53106856940061,运行/运行/ATP-VSW/ATP-VSW-DOCK_HTVS_1-001_lib/ATP-VSW-DOCK_HTVS_1-001_lib
ATP-HTVS-D5881C68A9EC,HTVS,-3.29509785616315,运行/运行/ATP-VSW/ATP-VSW-DOCK_HTVS_1-001_lib/ATP-VSW-DOCK_HTVS_1-001_lib
ATP-HTVS-D5881C68A9EC,HTVS,-2.67576954858377,运行/运行/ATP-VSW/ATP-VSW-DOCK_HTVS_1-001_lib/ATP-VSW-DOCK_HTVS_1-001_lib
ATP-HTVS-D5ACD41550DD,HTVS,-4.11681389386405,运行/运行/ATP-VSW/ATP-VSW-DOCK_HTVS_1-002_lib.maegz
ATP-HTVS-D5ACD41550DD,HTVS,-3.74575171831352,运行/运行/ATP-VSW/ATP-VSW-DOCK_HTVS_1-002_lib.maegz
ATP-HTVS-D5ACD41550DD,HTVS,-2.72282583016824,运行/运行/ATP-VSW/ATP-VSW-DOCK_HTVS_1-002_lib.maegz
ATP-HTVS-D5ACD41550DD,HTVS,-1.97918841861162,运行/运行/ATP-VSW/ATP-VSW-DOCK_HTVS_1-002_lib.maegz
ATP-HTVS-D5ACDDA463EA,HTVS,-4.05447384765626,运行/运行/ATP-VSW/ATP-VSW-DOCK_HTVS_1-001_lib/ATP-VSW-DOCK_HTVS_1-001_lib
ATP-HTVS-D5ACDDA463EA,HTVS,-4.01529448613577,运行/运行/ATP-VSW/ATP-VSW-DOCK_HTVS_1-001_lib/ATP-VSW-DOCK_HTVS_1-001_lib
ATP-HTVS-D5ACDDA463EA,HTVS,-1.03812268876972,运行/运行/ATP-VSW/ATP-VSW-DOCK_HTVS_1-001_lib/ATP-VSW-DOCK_HTVS_1-001_lib
ATP-HTVS-D5ACDDA463EA,HTVS,-0.602299673017398,运行/运行/ATP-VSW/ATP-VSW-DOCK_HTVS_1-001_lib/ATP-VSW-DOCK_HTVS_1-001_lib
ATP-HTVS-D6043925B579,HTVS,-6.72217226588382,运行/运行/ATP-VSW/ATP-VSW-DOCK_HTVS_1-001_lib/ATP-VSW-DOCK_HTVS_1-001_lib
ATP-HTVS-D60AE40A828F,HTVS,-3.23776842830741,运行/运行/ATP-VSW/ATP-VSW-DOCK_HTVS_1-002_lib.maegz
ATP-HTVS-D63540CFF382,HTVS,-3.65322939348428,运行/运行/ATP-VSW/ATP-VSW-DOCK_HTVS_1-003_lib/ATP-VSW-DOCK_HTVS_1-003_lib.mae
ATP-HTVS-D63540CFF382,HTVS,-2.72563481239076,运行/运行/ATP-VSW/ATP-VSW-DOCK_HTVS_1-003_lib/ATP-VSW-DOCK_HTVS_1-003_lib.mae
ATP-HTVS-D650FAE25B13,HTVS,-4.25804006821489,运行/运行/ATP-VSW/ATP-VSW-DOCK_HTVS_1-003_lib/ATP-VSW-DOCK_HTVS_1-003_lib.mae
ATP-HTVS-D650FAE25B13,HTVS,-3.66879382081278,运行/运行/ATP-VSW/ATP-VSW-DOCK_HTVS_1-003_lib/ATP-VSW-DOCK_HTVS_1-003_lib.mae
ATP-HTVS-D650FAE25B13,HTVS,-3.58730235471627,运行/运行/ATP-VSW/ATP-VSW-DOCK_HTVS_1-003_lib/ATP-VSW-DOCK_HTVS_1-003_lib.mae
ATP-HTVS-D650FAE25B13,HTVS,-1.33436456309237,运行/运行/ATP-VSW/ATP-VSW-DOCK_HTVS_1-003_lib/ATP-VSW-DOCK_HTVS_1-003_lib.mae
ATP-HTVS-D650FAE25B13,HTVS,-1.1514183346753,运行/运行/ATP-VSW/ATP-VSW-DOCK_HTVS_1-003_lib/ATP-VSW-DOCK_HTVS_1-003_lib.mae
ATP-HTVS-D650FAE25B13,HTVS,-0.400543459354115,运行/运行/ATP-VSW/ATP-VSW-DOCK_HTVS_1-003_lib/ATP-VSW-DOCK_HTVS_1-003_lib.mae
ATP-HTVS-D65E1879A1C4,HTVS,-6.09719447125168,运行/运行/ATP-VSW/ATP-VSW-DOCK_HTVS_1-002_lib.maegz
ATP-HTVS-D65E1879A1C4,HTVS,-3.78359123603504,运行/运行/ATP-VSW/ATP-VSW-DOCK_HTVS_1-002_lib.maegz
ATP-HTVS-D67E347CF5B0,HTVS,-3.40291076255363,运行/运行/ATP-VSW/ATP-VSW-DOCK_HTVS_1-001_lib/ATP-VSW-DOCK_HTVS_1-001_lib
ATP-HTVS-D68829BAAF56,HTVS,-3.8828199346424,运行/运行/ATP-VSW/ATP-VSW-DOCK_HTVS_1-002_lib.maegz
ATP-HTVS-D68829BAAF56,HTVS,-2.17729319863599,运行/运行/ATP-VSW/ATP-VSW-DOCK_HTVS_1-002_lib.maegz
ATP-HTVS-D68829BAAF56,HTVS,-1.9674208058469,运行/运行/ATP-VSW/ATP-VSW-DOCK_HTVS_1-002_lib.maegz
ATP-HTVS-D6CA2B69D609,HTVS,-1.18273573419558,运行/运行/ATP-VSW/ATP-VSW-DOCK_HTVS_1-002_lib.maegz
ATP-HTVS-D6CA2B69D609,HTVS,-0.915960003165384,运行/运行/ATP-VSW/ATP-VSW-DOCK_HTVS_1-002_lib.maegz
ATP-HTVS-D7583D638CF7,HTVS,-6.28779750813501,运行/运行/ATP-VSW/ATP-VSW-DOCK_HTVS_1-003_lib/ATP-VSW-DOCK_HTVS_1-003_lib.mae
ATP-HTVS-D76C38158727,HTVS,-2.60692667317235,运行/运行/ATP-VSW/ATP-VSW-DOCK_HTVS_1-002_lib.maegz
ATP-HTVS-D76C38158727,HTVS,-0.552063991409356,运行/运行/ATP-VSW/ATP-VSW-DOCK_HTVS_1-002_lib.maegz
ATP-HTVS-D773B3DD8BD5,HTVS,-5.08229830193062,运行/运行/ATP-VSW/ATP-VSW-DOCK_HTVS_1-002_lib.maegz
ATP-HTVS-D773B3DD8BD5,HTVS,-4.25566210397211,运行/运行/ATP-VSW/ATP-VSW-DOCK_HTVS_1-002_lib.maegz
ATP-HTVS-D773B3DD8BD5,HTVS,-3.46727506396387,运行/运行/ATP-VSW/ATP-VSW-DOCK_HTVS_1-002_lib.maegz
ATP-HTVS-D773B3DD8BD5,HTVS,-3.36026238307765,运行/运行/ATP-VSW/ATP-VSW-DOCK_HTVS_1-002_lib.maegz
ATP-HTVS-D773B3DD8BD5,HTVS,-2.87736937530796,运行/运行/ATP-VSW/ATP-VSW-DOCK_HTVS_1-002_lib.maegz
ATP-HTVS-D773B3DD8BD5,HTVS,-2.50684908852939,运行/运行/ATP-VSW/ATP-VSW-DOCK_HTVS_1-002_lib.maegz
ATP-HTVS-D78134F4C173,HTVS,-4.407585640984,运行/运行/ATP-VSW/ATP-VSW-DOCK_HTVS_1-001_lib/ATP-VSW-DOCK_HTVS_1-001_lib
ATP-HTVS-D78134F4C173,HTVS,-4.36764782774252,运行/运行/ATP-VSW/ATP-VSW-DOCK_HTVS_1-001_lib/ATP-VSW-DOCK_HTVS_1-001_lib
ATP-HTVS-D78134F4C173,HTVS,-1.83852831627377,运行/运行/ATP-VSW/ATP-VSW-DOCK_HTVS_1-001_lib/ATP-VSW-DOCK_HTVS_1-001_lib
ATP-HTVS-D78134F4C173,HTVS,-1.7459520158972,运行/运行/ATP-VSW/ATP-VSW-DOCK_HTVS_1-001_lib/ATP-VSW-DOCK_HTVS_1-001_lib
ATP-HTVS-D7F859CCB519,HTVS,-4.87012516392093,运行/运行/ATP-VSW/ATP-VSW-DOCK_HTVS_1-001_lib/ATP-VSW-DOCK_HTVS_1-001_lib
ATP-HTVS-D7F859CCB519,HTVS,-2.92525742703286,运行/运行/ATP-VSW/ATP-VSW-DOCK_HTVS_1-001_lib/ATP-VSW-DOCK_HTVS_1-001_lib
ATP-HTVS-D7FBECEDF81C,HTVS,-3.55469757761565,运行/运行/ATP-VSW/ATP-VSW-DOCK_HTVS_1-002_lib.maegz
ATP-HTVS-D7FBECEDF81C,HTVS,-3.20097782612897,运行/运行/ATP-VSW/ATP-VSW-DOCK_HTVS_1-002_lib.maegz
ATP-HTVS-D7FBECEDF81C,HTVS,-3.09352047551843,运行/运行/ATP-VSW/ATP-VSW-DOCK_HTVS_1-002_lib.maegz
ATP-HTVS-D7FBECEDF81C,HTVS,-2.69716452090085,运行/运行/ATP-VSW/ATP-VSW-DOCK_HTVS_1-002_lib.maegz
ATP-HTVS-D806BF0778F9,HTVS,-5.62999992545103,运行/运行/ATP-VSW/ATP-VSW-DOCK_HTVS_1-001_lib/ATP-VSW-DOCK_HTVS_1-001_lib
ATP-HTVS-D820D8B9E61C,HTVS,-2.23831012040962,运行/运行/ATP-VSW/ATP-VSW-DOCK_HTVS_1-003_lib/ATP-VSW-DOCK_HTVS_1-003_lib.mae
ATP-HTVS-D831575BA0F0,HTVS,-4.29069442724693,运行/运行/ATP-VSW/ATP-VSW-DOCK_HTVS_1-003_lib/ATP-VSW-DOCK_HTVS_1-003_lib.mae
ATP-HTVS-D831575BA0F0,HTVS,-2.52379962145997,运行/运行/ATP-VSW/ATP-VSW-DOCK_HTVS_1-003_lib/ATP-VSW-DOCK_HTVS_1-003_lib.mae
ATP-HTVS-D831575BA0F0,HTVS,-1.53262226741218,运行/运行/ATP-VSW/ATP-VSW-DOCK_HTVS_1-003_lib/ATP-VSW-DOCK_HTVS_1-003_lib.mae
ATP-HTVS-D839BC34DAE7,HTVS,-4.84626190652642,运行/运行/ATP-VSW/ATP-VSW-DOCK_HTVS_1-003_lib/ATP-VSW-DOCK_HTVS_1-003_lib.mae
ATP-HTVS-D839BC34DAE7,HTVS,-3.81844385514848,运行/运行/ATP-VSW/ATP-VSW-DOCK_HTVS_1-003_lib/ATP-VSW-DOCK_HTVS_1-003_lib.mae
ATP-HTVS-D86CED65A6E1,HTVS,-3.78551089234466,运行/运行/ATP-VSW/ATP-VSW-DOCK_HTVS_1-001_lib/ATP-VSW-DOCK_HTVS_1-001_lib
ATP-HTVS-D86CED65A6E1,HTVS,-1.83827000286839,运行/运行/ATP-VSW/ATP-VSW-DOCK_HTVS_1-001_lib/ATP-VSW-DOCK_HTVS_1-001_lib
ATP-HTVS-D8D752145B88,HTVS,-4.44081208819953,运行/运行/ATP-VSW/ATP-VSW-DOCK_HTVS_1-002_lib.maegz
ATP-HTVS-D8D752145B88,HTVS,-1.27769594222604,运行/运行/ATP-VSW/ATP-VSW-DOCK_HTVS_1-002_lib.maegz
ATP-HTVS-D8D752145B88,HTVS,-1.00796440247582,运行/运行/ATP-VSW/ATP-VSW-DOCK_HTVS_1-002_lib.maegz
ATP-HTVS-D8E733A39BE5,HTVS,-4.5721480278722,运行/运行/ATP-VSW/ATP-VSW-DOCK_HTVS_1-003_lib/ATP-VSW-DOCK_HTVS_1-003_lib.mae
ATP-HTVS-D9159AF95984,HTVS,-5.01054631170562,运行/运行/ATP-VSW/ATP-VSW-DOCK_HTVS_1-003_lib/ATP-VSW-DOCK_HTVS_1-003_lib.mae
ATP-HTVS-D9159AF95984,HTVS,-3.22985911444931,运行/运行/ATP-VSW/ATP-VSW-DOCK_HTVS_1-003_lib/ATP-VSW-DOCK_HTVS_1-003_lib.mae
ATP-HTVS-D9159AF95984,HTVS,-2.60939683833721,运行/运行/ATP-VSW/ATP-VSW-DOCK_HTVS_1-003_lib/ATP-VSW-DOCK_HTVS_1-003_lib.mae
ATP-HTVS-D9159AF95984,HTVS,-1.84887857461347,运行/运行/ATP-VSW/ATP-VSW-DOCK_HTVS_1-003_lib/ATP-VSW-DOCK_HTVS_1-003_lib.mae
ATP-HTVS-D925B2862DC5,HTVS,-4.69242408376268,运行/运行/ATP-VSW/ATP-VSW-DOCK_HTVS_1-003_lib/ATP-VSW-DOCK_HTVS_1-003_lib.mae
ATP-HTVS-D928A6F83D7E,HTVS,-3.60796794272557,运行/运行/ATP-VSW/ATP-VSW-DOCK_HTVS_1-001_lib/ATP-VSW-DOCK_HTVS_1-001_lib
ATP-HTVS-D928A6F83D7E,HTVS,-3.47857825878482,运行/运行/ATP-VSW/ATP-VSW-DOCK_HTVS_1-001_lib/ATP-VSW-DOCK_HTVS_1-001_lib
ATP-HTVS-D928A6F83D7E,HTVS,-3.18955400558896,运行/运行/ATP-VSW/ATP-VSW-DOCK_HTVS_1-001_lib/ATP-VSW-DOCK_HTVS_1-001_lib
ATP-HTVS-D928A6F83D7E,HTVS,-1.44665058293555,运行/运行/ATP-VSW/ATP-VSW-DOCK_HTVS_1-001_lib/ATP-VSW-DOCK_HTVS_1-001_lib
ATP-HTVS-D93071962BA3,HTVS,-1.03589809512659,运行/运行/ATP-VSW/ATP-VSW-DOCK_HTVS_1-002_lib.maegz
ATP-HTVS-D93071962BA3,HTVS,-0.927378862128493,运行/运行/ATP-VSW/ATP-VSW-DOCK_HTVS_1-002_lib.maegz
ATP-HTVS-D9724DB0D106,HTVS,-2.96625419656371,运行/运行/ATP-VSW/ATP-VSW-DOCK_HTVS_1-002_lib.maegz
ATP-HTVS-DAC48F0443BB,HTVS,-3.36244492137731,运行/运行/ATP-VSW/ATP-VSW-DOCK_HTVS_1-003_lib/ATP-VSW-DOCK_HTVS_1-003_lib.mae
ATP-HTVS-DAC48F0443BB,HTVS,-3.25344871275254,运行/运行/ATP-VSW/ATP-VSW-DOCK_HTVS_1-003_lib/ATP-VSW-DOCK_HTVS_1-003_lib.mae
ATP-HTVS-DADEC6686275,HTVS,-3.79004662301231,运行/运行/ATP-VSW/ATP-VSW-DOCK_HTVS_1-001_lib/ATP-VSW-DOCK_HTVS_1-001_lib
ATP-HTVS-DADEC6686275,HTVS,-1.89886595417916,运行/运行/ATP-VSW/ATP-VSW-DOCK_HTVS_1-001_lib/ATP-VSW-DOCK_HTVS_1-001_lib
ATP-HTVS-DB2D048ED873,HTVS,-4.67156677562386,运行/运行/ATP-VSW/ATP-VSW-DOCK_HTVS_1-002_lib.maegz
ATP-HTVS-DB2D048ED873,HTVS,-3.86331957620631,运行/运行/ATP-VSW/ATP-VSW-DOCK_HTVS_1-002_lib.maegz
ATP-HTVS-DB2D048ED873,HTVS,-2.33756704836847,运行/运行/ATP-VSW/ATP-VSW-DOCK_HTVS_1-002_lib.maegz
ATP-HTVS-DB2D048ED873,HTVS,-1.75073569038988,运行/运行/ATP-VSW/ATP-VSW-DOCK_HTVS_1-002_lib.maegz
ATP-HTVS-DB2D048ED873,HTVS,-1.62488245319105,运行/运行/ATP-VSW/ATP-VSW-DOCK_HTVS_1-002_lib.maegz
ATP-HTVS-DB45F9B4D40D,HTVS,-3.79592199451117,运行/运行/ATP-VSW/ATP-VSW-DOCK_HTVS_1-001_lib/ATP-VSW-DOCK_HTVS_1-001_lib
ATP-HTVS-DB45F9B4D40D,HTVS,-1.46855416391429,运行/运行/ATP-VSW/ATP-VSW-DOCK_HTVS_1-001_lib/ATP-VSW-DOCK_HTVS_1-001_lib
ATP-HTVS-DB6DF45B456E,HTVS,-5.12756462447033,运行/运行/ATP-VSW/ATP-VSW-DOCK_HTVS_1-001_lib/ATP-VSW-DOCK_HTVS_1-001_lib
ATP-HTVS-DB6DF45B456E,HTVS,-2.94986916068991,运行/运行/ATP-VSW/ATP-VSW-DOCK_HTVS_1-001_lib/ATP-VSW-DOCK_HTVS_1-001_lib
ATP-HTVS-DB6DF45B456E,HTVS,-2.20903108164057,运行/运行/ATP-VSW/ATP-VSW-DOCK_HTVS_1-001_lib/ATP-VSW-DOCK_HTVS_1-001_lib
ATP-HTVS-DB94924E5291,HTVS,-4.17672555543197,运行/运行/ATP-VSW/ATP-VSW-DOCK_HTVS_1-001_lib/ATP-VSW-DOCK_HTVS_1-001_lib
ATP-HTVS-DB94924E5291,HTVS,-3.26037119690728,运行/运行/ATP-VSW/ATP-VSW-DOCK_HTVS_1-001_lib/ATP-VSW-DOCK_HTVS_1-001_lib
ATP-HTVS-DB94924E5291,HTVS,-2.3200783511614,运行/运行/ATP-VSW/ATP-VSW-DOCK_HTVS_1-001_lib/ATP-VSW-DOCK_HTVS_1-001_lib
ATP-HTVS-DB94924E5291,HTVS,-1.81417868554505,运行/运行/ATP-VSW/ATP-VSW-DOCK_HTVS_1-001_lib/ATP-VSW-DOCK_HTVS_1-001_lib
ATP-HTVS-DB99DC1A003A,HTVS,-4.78607981738936,运行/运行/ATP-VSW/ATP-VSW-DOCK_HTVS_1-001_lib/ATP-VSW-DOCK_HTVS_1-001_lib
ATP-HTVS-DBA84DBB4449,HTVS,-4.34363774423427,运行/运行/ATP-VSW/ATP-VSW-DOCK_HTVS_1-003_lib/ATP-VSW-DOCK_HTVS_1-003_lib.mae
ATP-HTVS-DBA84DBB4449,HTVS,-2.19204351597401,运行/运行/ATP-VSW/ATP-VSW-DOCK_HTVS_1-003_lib/ATP-VSW-DOCK_HTVS_1-003_lib.mae
ATP-HTVS-DBCC5241A393,HTVS,-4.3403287678026,运行/运行/ATP-VSW/ATP-VSW-DOCK_HTVS_1-003_lib/ATP-VSW-DOCK_HTVS_1-003_lib.mae
ATP-HTVS-DBCC5241A393,HTVS,-3.03962213755277,运行/运行/ATP-VSW/ATP-VSW-DOCK_HTVS_1-003_lib/ATP-VSW-DOCK_HTVS_1-003_lib.mae
ATP-HTVS-DBCC5241A393,HTVS,-1.99383878857898,运行/运行/ATP-VSW/ATP-VSW-DOCK_HTVS_1-003_lib/ATP-VSW-DOCK_HTVS_1-003_lib.mae
ATP-HTVS-DC065C207C84,HTVS,-3.75492037208767,运行/运行/ATP-VSW/ATP-VSW-DOCK_HTVS_1-002_lib.maegz
ATP-HTVS-DC18FC237305,HTVS,-4.56770157901695,运行/运行/ATP-VSW/ATP-VSW-DOCK_HTVS_1-003_lib/ATP-VSW-DOCK_HTVS_1-003_lib.mae
ATP-HTVS-DC18FC237305,HTVS,-3.79197789089792,运行/运行/ATP-VSW/ATP-VSW-DOCK_HTVS_1-003_lib/ATP-VSW-DOCK_HTVS_1-003_lib.mae
ATP-HTVS-DC18FC237305,HTVS,-3.46319563189401,运行/运行/ATP-VSW/ATP-VSW-DOCK_HTVS_1-003_lib/ATP-VSW-DOCK_HTVS_1-003_lib.mae
ATP-HTVS-DC18FC237305,HTVS,-2.06115674376412,运行/运行/ATP-VSW/ATP-VSW-DOCK_HTVS_1-003_lib/ATP-VSW-DOCK_HTVS_1-003_lib.mae
ATP-HTVS-DC20B32D34B9,HTVS,-3.95074018980102,运行/运行/ATP-VSW/ATP-VSW-DOCK_HTVS_1-001_lib/ATP-VSW-DOCK_HTVS_1-001_lib
ATP-HTVS-DC20B32D34B9,HTVS,-3.23186254839512,运行/运行/ATP-VSW/ATP-VSW-DOCK_HTVS_1-001_lib/ATP-VSW-DOCK_HTVS_1-001_lib
ATP-HTVS-DC6B7BCD18A9,HTVS,-5.36206198882795,运行/运行/ATP-VSW/ATP-VSW-DOCK_HTVS_1-002_lib.maegz
ATP-HTVS-DC6B7BCD18A9,HTVS,-3.1756899083544,运行/运行/ATP-VSW/ATP-VSW-DOCK_HTVS_1-002_lib.maegz
ATP-HTVS-DC6B7BCD18A9,HTVS,-2.93591210255774,运行/运行/ATP-VSW/ATP-VSW-DOCK_HTVS_1-002_lib.maegz
ATP-HTVS-DC6B7BCD18A9,HTVS,-2.74142534879497,运行/运行/ATP-VSW/ATP-VSW-DOCK_HTVS_1-002_lib.maegz
ATP-HTVS-DC6B7BCD18A9,HTVS,-1.2496348269525,运行/运行/ATP-VSW/ATP-VSW-DOCK_HTVS_1-002_lib.maegz
ATP-HTVS-DC74BD16E68F,HTVS,-4.9195203402618,运行/运行/ATP-VSW/ATP-VSW-DOCK_HTVS_1-001_lib/ATP-VSW-DOCK_HTVS_1-001_lib
ATP-HTVS-DC74BD16E68F,HTVS,-1.92585381829173,运行/运行/ATP-VSW/ATP-VSW-DOCK_HTVS_1-001_lib/ATP-VSW-DOCK_HTVS_1-001_lib
ATP-HTVS-DCC6353C2378,HTVS,-4.64956227007196,运行/运行/ATP-VSW/ATP-VSW-DOCK_HTVS_1-001_lib/ATP-VSW-DOCK_HTVS_1-001_lib
ATP-HTVS-DCC6353C2378,HTVS,-2.95109652354941,运行/运行/ATP-VSW/ATP-VSW-DOCK_HTVS_1-001_lib/ATP-VSW-DOCK_HTVS_1-001_lib
ATP-HTVS-DCC6353C2378,HTVS,-2.75313820848618,运行/运行/ATP-VSW/ATP-VSW-DOCK_HTVS_1-001_lib/ATP-VSW-DOCK_HTVS_1-001_lib
ATP-HTVS-DCC6353C2378,HTVS,-1.62572392533193,运行/运行/ATP-VSW/ATP-VSW-DOCK_HTVS_1-001_lib/ATP-VSW-DOCK_HTVS_1-001_lib
ATP-HTVS-DCF81E89AD2E,HTVS,-3.74027643486455,运行/运行/ATP-VSW/ATP-VSW-DOCK_HTVS_1-002_lib.maegz
ATP-HTVS-DD1946FA5AC5,HTVS,-2.95789127203458,运行/运行/ATP-VSW/ATP-VSW-DOCK_HTVS_1-001_lib/ATP-VSW-DOCK_HTVS_1-001_lib
ATP-HTVS-DD1946FA5AC5,HTVS,-1.50910909941748,运行/运行/ATP-VSW/ATP-VSW-DOCK_HTVS_1-001_lib/ATP-VSW-DOCK_HTVS_1-001_lib
ATP-HTVS-DD1946FA5AC5,HTVS,-1.12825216797267,运行/运行/ATP-VSW/ATP-VSW-DOCK_HTVS_1-001_lib/ATP-VSW-DOCK_HTVS_1-001_lib
ATP-HTVS-DD420CB019C5,HTVS,-5.35440637487841,运行/运行/ATP-VSW/ATP-VSW-DOCK_HTVS_1-003_lib/ATP-VSW-DOCK_HTVS_1-003_lib.mae
ATP-HTVS-DD420CB019C5,HTVS,-3.78726074186397,运行/运行/ATP-VSW/ATP-VSW-DOCK_HTVS_1-003_lib/ATP-VSW-DOCK_HTVS_1-003_lib.mae
ATP-HTVS-DD420CB019C5,HTVS,-3.50756068518232,运行/运行/ATP-VSW/ATP-VSW-DOCK_HTVS_1-003_lib/ATP-VSW-DOCK_HTVS_1-003_lib.mae
ATP-HTVS-DD59A7F9A26E,HTVS,-1.73410397426099,运行/运行/ATP-VSW/ATP-VSW-DOCK_HTVS_1-001_lib/ATP-VSW-DOCK_HTVS_1-001_lib
ATP-HTVS-DD59A7F9A26E,HTVS,-0.917156166996156,运行/运行/ATP-VSW/ATP-VSW-DOCK_HTVS_1-001_lib/ATP-VSW-DOCK_HTVS_1-001_lib
ATP-HTVS-DD7A369608E2,HTVS,-5.05648671631932,运行/运行/ATP-VSW/ATP-VSW-DOCK_HTVS_1-002_lib.maegz
ATP-HTVS-DD7A369608E2,HTVS,-2.31252930605093,运行/运行/ATP-VSW/ATP-VSW-DOCK_HTVS_1-002_lib.maegz
ATP-HTVS-DDBB6FEB6103,HTVS,-6.29318849134732,运行/运行/ATP-VSW/ATP-VSW-DOCK_HTVS_1-002_lib.maegz
ATP-HTVS-DDBB6FEB6103,HTVS,-6.28235693603967,运行/运行/ATP-VSW/ATP-VSW-DOCK_HTVS_1-002_lib.maegz
ATP-HTVS-DDC2C96F44C1,HTVS,-4.0020476853332,运行/运行/ATP-VSW/ATP-VSW-DOCK_HTVS_1-003_lib/ATP-VSW-DOCK_HTVS_1-003_lib.mae
ATP-HTVS-DDC2C96F44C1,HTVS,-3.77538912623733,运行/运行/ATP-VSW/ATP-VSW-DOCK_HTVS_1-003_lib/ATP-VSW-DOCK_HTVS_1-003_lib.mae
ATP-HTVS-DDC2C96F44C1,HTVS,-2.69492435629504,运行/运行/ATP-VSW/ATP-VSW-DOCK_HTVS_1-003_lib/ATP-VSW-DOCK_HTVS_1-003_lib.mae
ATP-HTVS-DDC2C96F44C1,HTVS,-2.44021321294526,运行/运行/ATP-VSW/ATP-VSW-DOCK_HTVS_1-003_lib/ATP-VSW-DOCK_HTVS_1-003_lib.mae
ATP-HTVS-DDCEA98BB6BE,HTVS,-2.19391511950083,运行/运行/ATP-VSW/ATP-VSW-DOCK_HTVS_1-001_lib/ATP-VSW-DOCK_HTVS_1-001_lib
ATP-HTVS-DDD75C103081,HTVS,-4.35008608882417,运行/运行/ATP-VSW/ATP-VSW-DOCK_HTVS_1-001_lib/ATP-VSW-DOCK_HTVS_1-001_lib
ATP-HTVS-DDD75C103081,HTVS,-3.17036698631723,运行/运行/ATP-VSW/ATP-VSW-DOCK_HTVS_1-001_lib/ATP-VSW-DOCK_HTVS_1-001_lib
ATP-HTVS-DDECBBA12C43,HTVS,-3.84825256124743,运行/运行/ATP-VSW/ATP-VSW-DOCK_HTVS_1-003_lib/ATP-VSW-DOCK_HTVS_1-003_lib.mae
ATP-HTVS-DDECBBA12C43,HTVS,-2.72460697866605,运行/运行/ATP-VSW/ATP-VSW-DOCK_HTVS_1-003_lib/ATP-VSW-DOCK_HTVS_1-003_lib.mae
ATP-HTVS-DDECBBA12C43,HTVS,-2.67246102819702,运行/运行/ATP-VSW/ATP-VSW-DOCK_HTVS_1-003_lib/ATP-VSW-DOCK_HTVS_1-003_lib.mae
ATP-HTVS-DE3670B8C5ED,HTVS,-3.1188645256653,运行/运行/ATP-VSW/ATP-VSW-DOCK_HTVS_1-001_lib/ATP-VSW-DOCK_HTVS_1-001_lib
ATP-HTVS-DE3670B8C5ED,HTVS,-3.04885360945841,运行/运行/ATP-VSW/ATP-VSW-DOCK_HTVS_1-001_lib/ATP-VSW-DOCK_HTVS_1-001_lib
ATP-HTVS-DE3670B8C5ED,HTVS,-2.32061529208968,运行/运行/ATP-VSW/ATP-VSW-DOCK_HTVS_1-001_lib/ATP-VSW-DOCK_HTVS_1-001_lib
ATP-HTVS-DE3670B8C5ED,HTVS,-1.57375175091988,运行/运行/ATP-VSW/ATP-VSW-DOCK_HTVS_1-001_lib/ATP-VSW-DOCK_HTVS_1-001_lib
ATP-HTVS-DED96A59EB26,HTVS,-3.8615472601887,运行/运行/ATP-VSW/ATP-VSW-DOCK_HTVS_1-003_lib/ATP-VSW-DOCK_HTVS_1-003_lib.mae
ATP-HTVS-DED96A59EB26,HTVS,-2.64234415259646,运行/运行/ATP-VSW/ATP-VSW-DOCK_HTVS_1-003_lib/ATP-VSW-DOCK_HTVS_1-003_lib.mae
ATP-HTVS-DF13A29C86DC,HTVS,-4.75652940885682,运行/运行/ATP-VSW/ATP-VSW-DOCK_HTVS_1-003_lib/ATP-VSW-DOCK_HTVS_1-003_lib.mae
ATP-HTVS-DF13A29C86DC,HTVS,-2.70099646203853,运行/运行/ATP-VSW/ATP-VSW-DOCK_HTVS_1-003_lib/ATP-VSW-DOCK_HTVS_1-003_lib.mae
ATP-HTVS-DF25A3EF4846,HTVS,-4.65282161841121,运行/运行/ATP-VSW/ATP-VSW-DOCK_HTVS_1-002_lib.maegz
ATP-HTVS-DF25A3EF4846,HTVS,-2.83184694413421,运行/运行/ATP-VSW/ATP-VSW-DOCK_HTVS_1-002_lib.maegz
ATP-HTVS-DF2EF65723F2,HTVS,-4.00197921522981,运行/运行/ATP-VSW/ATP-VSW-DOCK_HTVS_1-003_lib/ATP-VSW-DOCK_HTVS_1-003_lib.mae
ATP-HTVS-DF2EF65723F2,HTVS,-1.43490082670631,运行/运行/ATP-VSW/ATP-VSW-DOCK_HTVS_1-003_lib/ATP-VSW-DOCK_HTVS_1-003_lib.mae
ATP-HTVS-DF60AB231AB0,HTVS,-5.02117396049861,运行/运行/ATP-VSW/ATP-VSW-DOCK_HTVS_1-003_lib/ATP-VSW-DOCK_HTVS_1-003_lib.mae
ATP-HTVS-DF60AB231AB0,HTVS,-4.76732310057977,运行/运行/ATP-VSW/ATP-VSW-DOCK_HTVS_1-003_lib/ATP-VSW-DOCK_HTVS_1-003_lib.mae
ATP-HTVS-DF8AF7E8BFB3,HTVS,-5.97841732994679,运行/运行/ATP-VSW/ATP-VSW-DOCK_HTVS_1-001_lib/ATP-VSW-DOCK_HTVS_1-001_lib
ATP-HTVS-DF8AF7E8BFB3,HTVS,-4.91103537112518,运行/运行/ATP-VSW/ATP-VSW-DOCK_HTVS_1-001_lib/ATP-VSW-DOCK_HTVS_1-001_lib
ATP-HTVS-DF95DE08029D,HTVS,-1.58336500416447,运行/运行/ATP-VSW/ATP-VSW-DOCK_HTVS_1-002_lib.maegz
ATP-HTVS-DF95DE08029D,HTVS,-1.08376243732286,运行/运行/ATP-VSW/ATP-VSW-DOCK_HTVS_1-002_lib.maegz
ATP-HTVS-DF96FF74234A,HTVS,-5.71357845935537,运行/运行/ATP-VSW/ATP-VSW-DOCK_HTVS_1-003_lib/ATP-VSW-DOCK_HTVS_1-003_lib.mae
ATP-HTVS-DF96FF74234A,HTVS,-3.91818325942708,运行/运行/ATP-VSW/ATP-VSW-DOCK_HTVS_1-003_lib/ATP-VSW-DOCK_HTVS_1-003_lib.mae
ATP-HTVS-DF96FF74234A,HTVS,-2.31775825285725,运行/运行/ATP-VSW/ATP-VSW-DOCK_HTVS_1-003_lib/ATP-VSW-DOCK_HTVS_1-003_lib.mae
ATP-HTVS-DF96FF74234A,HTVS,-0.805489323247408,运行/运行/ATP-VSW/ATP-VSW-DOCK_HTVS_1-003_lib/ATP-VSW-DOCK_HTVS_1-003_lib.mae
ATP-HTVS-DFB30BBC8B3D,HTVS,-4.03350461774628,运行/运行/ATP-VSW/ATP-VSW-DOCK_HTVS_1-002_lib.maegz
ATP-HTVS-DFB30BBC8B3D,HTVS,-2.85369207480679,运行/运行/ATP-VSW/ATP-VSW-DOCK_HTVS_1-002_lib.maegz
ATP-HTVS-DFD60D9DE448,HTVS,-4.57804859655042,运行/运行/ATP-VSW/ATP-VSW-DOCK_HTVS_1-002_lib.maegz
ATP-HTVS-DFD60D9DE448,HTVS,-2.8325126814197,运行/运行/ATP-VSW/ATP-VSW-DOCK_HTVS_1-002_lib.maegz
ATP-HTVS-DFE69C12D963,HTVS,-3.79268187707389,运行/运行/ATP-VSW/ATP-VSW-DOCK_HTVS_1-001_lib/ATP-VSW-DOCK_HTVS_1-001_lib
ATP-HTVS-DFE69C12D963,HTVS,-2.27822884189088,运行/运行/ATP-VSW/ATP-VSW-DOCK_HTVS_1-001_lib/ATP-VSW-DOCK_HTVS_1-001_lib
ATP-HTVS-E0074D38582E,HTVS,-4.28399404678728,运行/运行/ATP-VSW/ATP-VSW-DOCK_HTVS_1-001_lib/ATP-VSW-DOCK_HTVS_1-001_lib
ATP-HTVS-E0074D38582E,HTVS,-2.64232095360764,运行/运行/ATP-VSW/ATP-VSW-DOCK_HTVS_1-001_lib/ATP-VSW-DOCK_HTVS_1-001_lib
ATP-HTVS-E00D3A602E3C,HTVS,-3.76791451201623,运行/运行/ATP-VSW/ATP-VSW-DOCK_HTVS_1-001_lib/ATP-VSW-DOCK_HTVS_1-001_lib
ATP-HTVS-E00D3A602E3C,HTVS,-1.65262321953922,运行/运行/ATP-VSW/ATP-VSW-DOCK_HTVS_1-001_lib/ATP-VSW-DOCK_HTVS_1-001_lib
ATP-HTVS-E00D3A602E3C,HTVS,-1.60905276896964,运行/运行/ATP-VSW/ATP-VSW-DOCK_HTVS_1-001_lib/ATP-VSW-DOCK_HTVS_1-001_lib
ATP-HTVS-E00D3A602E3C,HTVS,-1.32854430006698,运行/运行/ATP-VSW/ATP-VSW-DOCK_HTVS_1-001_lib/ATP-VSW-DOCK_HTVS_1-001_lib
ATP-HTVS-E027274C2018,HTVS,-4.22789681101212,运行/运行/ATP-VSW/ATP-VSW-DOCK_HTVS_1-001_lib/ATP-VSW-DOCK_HTVS_1-001_lib
ATP-HTVS-E027274C2018,HTVS,-4.07587294652738,运行/运行/ATP-VSW/ATP-VSW-DOCK_HTVS_1-001_lib/ATP-VSW-DOCK_HTVS_1-001_lib
ATP-HTVS-E027274C2018,HTVS,-4.05757760540709,运行/运行/ATP-VSW/ATP-VSW-DOCK_HTVS_1-001_lib/ATP-VSW-DOCK_HTVS_1-001_lib
ATP-HTVS-E027274C2018,HTVS,-3.56396890777216,运行/运行/ATP-VSW/ATP-VSW-DOCK_HTVS_1-001_lib/ATP-VSW-DOCK_HTVS_1-001_lib
ATP-HTVS-E0444895C82B,HTVS,-4.46030894923791,运行/运行/ATP-VSW/ATP-VSW-DOCK_HTVS_1-001_lib/ATP-VSW-DOCK_HTVS_1-001_lib
ATP-HTVS-E0444895C82B,HTVS,-3.77568600581423,运行/运行/ATP-VSW/ATP-VSW-DOCK_HTVS_1-001_lib/ATP-VSW-DOCK_HTVS_1-001_lib
ATP-HTVS-E0444895C82B,HTVS,-2.02453865397,运行/运行/ATP-VSW/ATP-VSW-DOCK_HTVS_1-001_lib/ATP-VSW-DOCK_HTVS_1-001_lib
ATP-HTVS-E05E864FAEC7,HTVS,-4.04070251326538,运行/运行/ATP-VSW/ATP-VSW-DOCK_HTVS_1-001_lib/ATP-VSW-DOCK_HTVS_1-001_lib
ATP-HTVS-E05E864FAEC7,HTVS,-3.57965994250089,运行/运行/ATP-VSW/ATP-VSW-DOCK_HTVS_1-001_lib/ATP-VSW-DOCK_HTVS_1-001_lib
ATP-HTVS-E05E864FAEC7,HTVS,-2.4438335873738,运行/运行/ATP-VSW/ATP-VSW-DOCK_HTVS_1-001_lib/ATP-VSW-DOCK_HTVS_1-001_lib
ATP-HTVS-E05E864FAEC7,HTVS,-1.63145916810859,运行/运行/ATP-VSW/ATP-VSW-DOCK_HTVS_1-001_lib/ATP-VSW-DOCK_HTVS_1-001_lib
ATP-HTVS-E0849D225AC7,HTVS,-4.39783568323463,运行/运行/ATP-VSW/ATP-VSW-DOCK_HTVS_1-002_lib.maegz
ATP-HTVS-E08CF4D489F1,HTVS,-5.31324249686981,运行/运行/ATP-VSW/ATP-VSW-DOCK_HTVS_1-003_lib/ATP-VSW-DOCK_HTVS_1-003_lib.mae
ATP-HTVS-E08CF4D489F1,HTVS,-4.47168255014176,运行/运行/ATP-VSW/ATP-VSW-DOCK_HTVS_1-003_lib/ATP-VSW-DOCK_HTVS_1-003_lib.mae
ATP-HTVS-E08F75BAC913,HTVS,-3.00245958119247,运行/运行/ATP-VSW/ATP-VSW-DOCK_HTVS_1-002_lib.maegz
ATP-HTVS-E08F75BAC913,HTVS,-2.95695720531338,运行/运行/ATP-VSW/ATP-VSW-DOCK_HTVS_1-002_lib.maegz
ATP-HTVS-E08F75BAC913,HTVS,-1.49572487353829,运行/运行/ATP-VSW/ATP-VSW-DOCK_HTVS_1-002_lib.maegz
ATP-HTVS-E0D09F3A28CB,HTVS,-4.91671011948012,运行/运行/ATP-VSW/ATP-VSW-DOCK_HTVS_1-001_lib/ATP-VSW-DOCK_HTVS_1-001_lib
ATP-HTVS-E0D09F3A28CB,HTVS,-4.32750376754418,运行/运行/ATP-VSW/ATP-VSW-DOCK_HTVS_1-001_lib/ATP-VSW-DOCK_HTVS_1-001_lib
ATP-HTVS-E0D09F3A28CB,HTVS,-4.27615937260806,运行/运行/ATP-VSW/ATP-VSW-DOCK_HTVS_1-001_lib/ATP-VSW-DOCK_HTVS_1-001_lib
ATP-HTVS-E0D09F3A28CB,HTVS,-2.90217769302904,运行/运行/ATP-VSW/ATP-VSW-DOCK_HTVS_1-001_lib/ATP-VSW-DOCK_HTVS_1-001_lib
ATP-HTVS-E0E8748999A4,HTVS,-4.79768009667288,运行/运行/ATP-VSW/ATP-VSW-DOCK_HTVS_1-001_lib/ATP-VSW-DOCK_HTVS_1-001_lib
ATP-HTVS-E0E8748999A4,HTVS,-2.62238260554825,运行/运行/ATP-VSW/ATP-VSW-DOCK_HTVS_1-001_lib/ATP-VSW-DOCK_HTVS_1-001_lib
ATP-HTVS-E0E8748999A4,HTVS,-2.51556851929025,运行/运行/ATP-VSW/ATP-VSW-DOCK_HTVS_1-001_lib/ATP-VSW-DOCK_HTVS_1-001_lib
ATP-HTVS-E124973F868C,HTVS,-5.38528221036345,运行/运行/ATP-VSW/ATP-VSW-DOCK_HTVS_1-002_lib.maegz
ATP-HTVS-E124973F868C,HTVS,-1.75256655997397,运行/运行/ATP-VSW/ATP-VSW-DOCK_HTVS_1-002_lib.maegz
ATP-HTVS-E14A9B461B4E,HTVS,-6.20297626676873,运行/运行/ATP-VSW/ATP-VSW-DOCK_HTVS_1-001_lib/ATP-VSW-DOCK_HTVS_1-001_lib
ATP-HTVS-E14A9B461B4E,HTVS,-2.35315433344433,运行/运行/ATP-VSW/ATP-VSW-DOCK_HTVS_1-001_lib/ATP-VSW-DOCK_HTVS_1-001_lib
ATP-HTVS-E14A9B461B4E,HTVS,-1.73184810264252,运行/运行/ATP-VSW/ATP-VSW-DOCK_HTVS_1-001_lib/ATP-VSW-DOCK_HTVS_1-001_lib
ATP-HTVS-E1C245C409AF,HTVS,-3.15659262772222,运行/运行/ATP-VSW/ATP-VSW-DOCK_HTVS_1-001_lib/ATP-VSW-DOCK_HTVS_1-001_lib
ATP-HTVS-E1C6EE43BDB1,HTVS,-4.2350556188793,运行/运行/ATP-VSW/ATP-VSW-DOCK_HTVS_1-003_lib/ATP-VSW-DOCK_HTVS_1-003_lib.mae
ATP-HTVS-E1C6EE43BDB1,HTVS,-2.32100482936781,运行/运行/ATP-VSW/ATP-VSW-DOCK_HTVS_1-003_lib/ATP-VSW-DOCK_HTVS_1-003_lib.mae
ATP-HTVS-E1C6EE43BDB1,HTVS,-2.06745444314005,运行/运行/ATP-VSW/ATP-VSW-DOCK_HTVS_1-003_lib/ATP-VSW-DOCK_HTVS_1-003_lib.mae
ATP-HTVS-E1CE322086D6,HTVS,-2.99405186690572,运行/运行/ATP-VSW/ATP-VSW-DOCK_HTVS_1-001_lib/ATP-VSW-DOCK_HTVS_1-001_lib
ATP-HTVS-E1CE322086D6,HTVS,-2.91607618507163,运行/运行/ATP-VSW/ATP-VSW-DOCK_HTVS_1-001_lib/ATP-VSW-DOCK_HTVS_1-001_lib
ATP-HTVS-E1CE322086D6,HTVS,-2.72347206832155,运行/运行/ATP-VSW/ATP-VSW-DOCK_HTVS_1-001_lib/ATP-VSW-DOCK_HTVS_1-001_lib
ATP-HTVS-E1CE322086D6,HTVS,-2.46619592678355,运行/运行/ATP-VSW/ATP-VSW-DOCK_HTVS_1-001_lib/ATP-VSW-DOCK_HTVS_1-001_lib
ATP-HTVS-E1CE322086D6,HTVS,-1.4973772179409,运行/运行/ATP-VSW/ATP-VSW-DOCK_HTVS_1-001_lib/ATP-VSW-DOCK_HTVS_1-001_lib
ATP-HTVS-E1CE322086D6,HTVS,-1.46035722413919,运行/运行/ATP-VSW/ATP-VSW-DOCK_HTVS_1-001_lib/ATP-VSW-DOCK_HTVS_1-001_lib
ATP-HTVS-E1EEBF193F90,HTVS,-3.90988889867968,运行/运行/ATP-VSW/ATP-VSW-DOCK_HTVS_1-002_lib.maegz
ATP-HTVS-E2020C00AE4E,HTVS,-3.76574555444761,运行/运行/ATP-VSW/ATP-VSW-DOCK_HTVS_1-002_lib.maegz
ATP-HTVS-E2020C00AE4E,HTVS,-2.30863601914003,运行/运行/ATP-VSW/ATP-VSW-DOCK_HTVS_1-002_lib.maegz
ATP-HTVS-E20398B5FF99,HTVS,-3.85077388713946,运行/运行/ATP-VSW/ATP-VSW-DOCK_HTVS_1-001_lib/ATP-VSW-DOCK_HTVS_1-001_lib
ATP-HTVS-E20398B5FF99,HTVS,-3.17186252337281,运行/运行/ATP-VSW/ATP-VSW-DOCK_HTVS_1-001_lib/ATP-VSW-DOCK_HTVS_1-001_lib
ATP-HTVS-E20398B5FF99,HTVS,-1.84772418278287,运行/运行/ATP-VSW/ATP-VSW-DOCK_HTVS_1-001_lib/ATP-VSW-DOCK_HTVS_1-001_lib
ATP-HTVS-E20398B5FF99,HTVS,-1.37886624881915,运行/运行/ATP-VSW/ATP-VSW-DOCK_HTVS_1-001_lib/ATP-VSW-DOCK_HTVS_1-001_lib
ATP-HTVS-E22DE85EEE62,HTVS,-4.66828346953391,运行/运行/ATP-VSW/ATP-VSW-DOCK_HTVS_1-001_lib/ATP-VSW-DOCK_HTVS_1-001_lib
ATP-HTVS-E22DE85EEE62,HTVS,-2.99108696993975,运行/运行/ATP-VSW/ATP-VSW-DOCK_HTVS_1-001_lib/ATP-VSW-DOCK_HTVS_1-001_lib
ATP-HTVS-E2321FC28CB2,HTVS,-4.0080424672651,运行/运行/ATP-VSW/ATP-VSW-DOCK_HTVS_1-001_lib/ATP-VSW-DOCK_HTVS_1-001_lib
ATP-HTVS-E2660D394356,HTVS,-4.45302527368801,运行/运行/ATP-VSW/ATP-VSW-DOCK_HTVS_1-002_lib.maegz
ATP-HTVS-E2660D394356,HTVS,-2.77268724931714,运行/运行/ATP-VSW/ATP-VSW-DOCK_HTVS_1-002_lib.maegz
ATP-HTVS-E27332E37A66,HTVS,-4.06971303384061,运行/运行/ATP-VSW/ATP-VSW-DOCK_HTVS_1-002_lib.maegz
ATP-HTVS-E27332E37A66,HTVS,-2.99469379655024,运行/运行/ATP-VSW/ATP-VSW-DOCK_HTVS_1-002_lib.maegz
ATP-HTVS-E27332E37A66,HTVS,-2.97944585531853,运行/运行/ATP-VSW/ATP-VSW-DOCK_HTVS_1-002_lib.maegz
ATP-HTVS-E27332E37A66,HTVS,-2.88913811607797,运行/运行/ATP-VSW/ATP-VSW-DOCK_HTVS_1-002_lib.maegz
ATP-HTVS-E27332E37A66,HTVS,-2.80426865030348,运行/运行/ATP-VSW/ATP-VSW-DOCK_HTVS_1-002_lib.maegz
ATP-HTVS-E27332E37A66,HTVS,-2.66023141703992,运行/运行/ATP-VSW/ATP-VSW-DOCK_HTVS_1-002_lib.maegz
ATP-HTVS-E27332E37A66,HTVS,-2.62167192250114,运行/运行/ATP-VSW/ATP-VSW-DOCK_HTVS_1-002_lib.maegz
ATP-HTVS-E27332E37A66,HTVS,-2.60643862777599,运行/运行/ATP-VSW/ATP-VSW-DOCK_HTVS_1-002_lib.maegz
ATP-HTVS-E27332E37A66,HTVS,-1.93976247652473,运行/运行/ATP-VSW/ATP-VSW-DOCK_HTVS_1-002_lib.maegz
ATP-HTVS-E27332E37A66,HTVS,-1.68783753175005,运行/运行/ATP-VSW/ATP-VSW-DOCK_HTVS_1-002_lib.maegz
ATP-HTVS-E27332E37A66,HTVS,-0.789285848908352,运行/运行/ATP-VSW/ATP-VSW-DOCK_HTVS_1-002_lib.maegz
ATP-HTVS-E298C966C019,HTVS,-4.6360237373466,运行/运行/ATP-VSW/ATP-VSW-DOCK_HTVS_1-001_lib/ATP-VSW-DOCK_HTVS_1-001_lib
ATP-HTVS-E298C966C019,HTVS,-4.05342065848108,运行/运行/ATP-VSW/ATP-VSW-DOCK_HTVS_1-001_lib/ATP-VSW-DOCK_HTVS_1-001_lib
ATP-HTVS-E298C966C019,HTVS,-3.00605304590602,运行/运行/ATP-VSW/ATP-VSW-DOCK_HTVS_1-001_lib/ATP-VSW-DOCK_HTVS_1-001_lib
ATP-HTVS-E298C966C019,HTVS,-2.33646182685537,运行/运行/ATP-VSW/ATP-VSW-DOCK_HTVS_1-001_lib/ATP-VSW-DOCK_HTVS_1-001_lib
ATP-HTVS-E2A28C61F774,HTVS,-3.74761987849398,运行/运行/ATP-VSW/ATP-VSW-DOCK_HTVS_1-001_lib/ATP-VSW-DOCK_HTVS_1-001_lib
ATP-HTVS-E2A28C61F774,HTVS,-0.788454989408929,运行/运行/ATP-VSW/ATP-VSW-DOCK_HTVS_1-001_lib/ATP-VSW-DOCK_HTVS_1-001_lib
ATP-HTVS-E2AE692EC3A5,HTVS,-4.18650402862766,运行/运行/ATP-VSW/ATP-VSW-DOCK_HTVS_1-001_lib/ATP-VSW-DOCK_HTVS_1-001_lib
ATP-HTVS-E2AE692EC3A5,HTVS,-3.72878800505821,运行/运行/ATP-VSW/ATP-VSW-DOCK_HTVS_1-001_lib/ATP-VSW-DOCK_HTVS_1-001_lib
ATP-HTVS-E2AE692EC3A5,HTVS,-1.86888832865118,运行/运行/ATP-VSW/ATP-VSW-DOCK_HTVS_1-001_lib/ATP-VSW-DOCK_HTVS_1-001_lib
ATP-HTVS-E2AE692EC3A5,HTVS,-1.75362319207328,运行/运行/ATP-VSW/ATP-VSW-DOCK_HTVS_1-001_lib/ATP-VSW-DOCK_HTVS_1-001_lib
ATP-HTVS-E2D3668E21DF,HTVS,-3.58715888640679,运行/运行/ATP-VSW/ATP-VSW-DOCK_HTVS_1-001_lib/ATP-VSW-DOCK_HTVS_1-001_lib
ATP-HTVS-E2D3668E21DF,HTVS,-3.19655300251552,运行/运行/ATP-VSW/ATP-VSW-DOCK_HTVS_1-001_lib/ATP-VSW-DOCK_HTVS_1-001_lib
ATP-HTVS-E2D3668E21DF,HTVS,-1.02765832147738,运行/运行/ATP-VSW/ATP-VSW-DOCK_HTVS_1-001_lib/ATP-VSW-DOCK_HTVS_1-001_lib
ATP-HTVS-E317819F970C,HTVS,-2.380741576248,运行/运行/ATP-VSW/ATP-VSW-DOCK_HTVS_1-003_lib/ATP-VSW-DOCK_HTVS_1-003_lib.mae
ATP-HTVS-E340B301DB22,HTVS,-4.88086551481484,运行/运行/ATP-VSW/ATP-VSW-DOCK_HTVS_1-002_lib.maegz
ATP-HTVS-E340B301DB22,HTVS,-4.44637588914006,运行/运行/ATP-VSW/ATP-VSW-DOCK_HTVS_1-002_lib.maegz
ATP-HTVS-E340B301DB22,HTVS,-1.78402930635774,运行/运行/ATP-VSW/ATP-VSW-DOCK_HTVS_1-002_lib.maegz
ATP-HTVS-E340B301DB22,HTVS,-1.68749949319835,运行/运行/ATP-VSW/ATP-VSW-DOCK_HTVS_1-002_lib.maegz
ATP-HTVS-E35DF7DBF452,HTVS,-4.3975102751983,运行/运行/ATP-VSW/ATP-VSW-DOCK_HTVS_1-002_lib.maegz
ATP-HTVS-E35DF7DBF452,HTVS,-3.25920820118965,运行/运行/ATP-VSW/ATP-VSW-DOCK_HTVS_1-002_lib.maegz
ATP-HTVS-E366C71D7075,HTVS,-4.42124865920338,运行/运行/ATP-VSW/ATP-VSW-DOCK_HTVS_1-003_lib/ATP-VSW-DOCK_HTVS_1-003_lib.mae
ATP-HTVS-E366C71D7075,HTVS,-3.82232643751843,运行/运行/ATP-VSW/ATP-VSW-DOCK_HTVS_1-003_lib/ATP-VSW-DOCK_HTVS_1-003_lib.mae
ATP-HTVS-E366C71D7075,HTVS,-3.13600877546427,运行/运行/ATP-VSW/ATP-VSW-DOCK_HTVS_1-003_lib/ATP-VSW-DOCK_HTVS_1-003_lib.mae
ATP-HTVS-E366C71D7075,HTVS,-3.13364091864443,运行/运行/ATP-VSW/ATP-VSW-DOCK_HTVS_1-003_lib/ATP-VSW-DOCK_HTVS_1-003_lib.mae
ATP-HTVS-E366C71D7075,HTVS,-2.65357281409865,运行/运行/ATP-VSW/ATP-VSW-DOCK_HTVS_1-003_lib/ATP-VSW-DOCK_HTVS_1-003_lib.mae
ATP-HTVS-E366C71D7075,HTVS,-2.46558066874307,运行/运行/ATP-VSW/ATP-VSW-DOCK_HTVS_1-003_lib/ATP-VSW-DOCK_HTVS_1-003_lib.mae
ATP-HTVS-E366C71D7075,HTVS,-2.43337689321802,运行/运行/ATP-VSW/ATP-VSW-DOCK_HTVS_1-003_lib/ATP-VSW-DOCK_HTVS_1-003_lib.mae
ATP-HTVS-E366C71D7075,HTVS,-2.08332656238095,运行/运行/ATP-VSW/ATP-VSW-DOCK_HTVS_1-003_lib/ATP-VSW-DOCK_HTVS_1-003_lib.mae
ATP-HTVS-E366C71D7075,HTVS,-1.7454837159752,运行/运行/ATP-VSW/ATP-VSW-DOCK_HTVS_1-003_lib/ATP-VSW-DOCK_HTVS_1-003_lib.mae
ATP-HTVS-E366C71D7075,HTVS,-1.74209925167917,运行/运行/ATP-VSW/ATP-VSW-DOCK_HTVS_1-003_lib/ATP-VSW-DOCK_HTVS_1-003_lib.mae
ATP-HTVS-E366C71D7075,HTVS,-1.22081043688377,运行/运行/ATP-VSW/ATP-VSW-DOCK_HTVS_1-003_lib/ATP-VSW-DOCK_HTVS_1-003_lib.mae
ATP-HTVS-E381363CD12F,HTVS,-4.60702306309411,运行/运行/ATP-VSW/ATP-VSW-DOCK_HTVS_1-003_lib/ATP-VSW-DOCK_HTVS_1-003_lib.mae
ATP-HTVS-E381363CD12F,HTVS,-3.8229922916264,运行/运行/ATP-VSW/ATP-VSW-DOCK_HTVS_1-003_lib/ATP-VSW-DOCK_HTVS_1-003_lib.mae
ATP-HTVS-E381363CD12F,HTVS,-0.791916469590166,运行/运行/ATP-VSW/ATP-VSW-DOCK_HTVS_1-003_lib/ATP-VSW-DOCK_HTVS_1-003_lib.mae
ATP-HTVS-E38D6BC47DFC,HTVS,-3.9129454134309,运行/运行/ATP-VSW/ATP-VSW-DOCK_HTVS_1-001_lib/ATP-VSW-DOCK_HTVS_1-001_lib
ATP-HTVS-E38D6BC47DFC,HTVS,-2.8255680955568,运行/运行/ATP-VSW/ATP-VSW-DOCK_HTVS_1-001_lib/ATP-VSW-DOCK_HTVS_1-001_lib
ATP-HTVS-E38D6BC47DFC,HTVS,-2.36912836620745,运行/运行/ATP-VSW/ATP-VSW-DOCK_HTVS_1-001_lib/ATP-VSW-DOCK_HTVS_1-001_lib
ATP-HTVS-E38D6BC47DFC,HTVS,-2.31403890347206,运行/运行/ATP-VSW/ATP-VSW-DOCK_HTVS_1-001_lib/ATP-VSW-DOCK_HTVS_1-001_lib
ATP-HTVS-E3DAAD165412,HTVS,-3.81299423918562,运行/运行/ATP-VSW/ATP-VSW-DOCK_HTVS_1-001_lib/ATP-VSW-DOCK_HTVS_1-001_lib
ATP-HTVS-E3E3C457ADC4,HTVS,-6.02590230095753,运行/运行/ATP-VSW/ATP-VSW-DOCK_HTVS_1-003_lib/ATP-VSW-DOCK_HTVS_1-003_lib.mae
ATP-HTVS-E3E3C457ADC4,HTVS,-5.54754979504233,运行/运行/ATP-VSW/ATP-VSW-DOCK_HTVS_1-003_lib/ATP-VSW-DOCK_HTVS_1-003_lib.mae
ATP-HTVS-E3E3C457ADC4,HTVS,-5.086196161925,运行/运行/ATP-VSW/ATP-VSW-DOCK_HTVS_1-003_lib/ATP-VSW-DOCK_HTVS_1-003_lib.mae
ATP-HTVS-E3E3C457ADC4,HTVS,-4.28654010339936,运行/运行/ATP-VSW/ATP-VSW-DOCK_HTVS_1-003_lib/ATP-VSW-DOCK_HTVS_1-003_lib.mae
ATP-HTVS-E4024F0AB59A,HTVS,-3.24827750228818,运行/运行/ATP-VSW/ATP-VSW-DOCK_HTVS_1-001_lib/ATP-VSW-DOCK_HTVS_1-001_lib
ATP-HTVS-E4024F0AB59A,HTVS,-1.11863267735917,运行/运行/ATP-VSW/ATP-VSW-DOCK_HTVS_1-001_lib/ATP-VSW-DOCK_HTVS_1-001_lib
ATP-HTVS-E41D62FB159D,HTVS,-3.68823270883204,运行/运行/ATP-VSW/ATP-VSW-DOCK_HTVS_1-001_lib/ATP-VSW-DOCK_HTVS_1-001_lib
ATP-HTVS-E41D62FB159D,HTVS,-3.35691952921122,运行/运行/ATP-VSW/ATP-VSW-DOCK_HTVS_1-001_lib/ATP-VSW-DOCK_HTVS_1-001_lib
ATP-HTVS-E41D62FB159D,HTVS,-2.7549671498327,运行/运行/ATP-VSW/ATP-VSW-DOCK_HTVS_1-001_lib/ATP-VSW-DOCK_HTVS_1-001_lib
ATP-HTVS-E41D62FB159D,HTVS,-1.60567316258723,运行/运行/ATP-VSW/ATP-VSW-DOCK_HTVS_1-001_lib/ATP-VSW-DOCK_HTVS_1-001_lib
ATP-HTVS-E4A79D64766C,HTVS,-4.46919804041955,运行/运行/ATP-VSW/ATP-VSW-DOCK_HTVS_1-001_lib/ATP-VSW-DOCK_HTVS_1-001_lib
ATP-HTVS-E4A79D64766C,HTVS,-2.54560516776405,运行/运行/ATP-VSW/ATP-VSW-DOCK_HTVS_1-001_lib/ATP-VSW-DOCK_HTVS_1-001_lib
ATP-HTVS-E4A79D64766C,HTVS,-2.35517291542733,运行/运行/ATP-VSW/ATP-VSW-DOCK_HTVS_1-001_lib/ATP-VSW-DOCK_HTVS_1-001_lib
ATP-HTVS-E4F433E7DDB9,HTVS,-4.90464186367557,运行/运行/ATP-VSW/ATP-VSW-DOCK_HTVS_1-002_lib.maegz
ATP-HTVS-E4F433E7DDB9,HTVS,-3.71094007670171,运行/运行/ATP-VSW/ATP-VSW-DOCK_HTVS_1-002_lib.maegz
ATP-HTVS-E4F433E7DDB9,HTVS,-3.51288976324391,运行/运行/ATP-VSW/ATP-VSW-DOCK_HTVS_1-002_lib.maegz
ATP-HTVS-E4F433E7DDB9,HTVS,-1.98674056501154,运行/运行/ATP-VSW/ATP-VSW-DOCK_HTVS_1-002_lib.maegz
ATP-HTVS-E4F9B23534EC,HTVS,-3.51572361824398,运行/运行/ATP-VSW/ATP-VSW-DOCK_HTVS_1-001_lib/ATP-VSW-DOCK_HTVS_1-001_lib
ATP-HTVS-E4F9B23534EC,HTVS,-3.16682423522133,运行/运行/ATP-VSW/ATP-VSW-DOCK_HTVS_1-001_lib/ATP-VSW-DOCK_HTVS_1-001_lib
ATP-HTVS-E4F9B23534EC,HTVS,-2.05696863479221,运行/运行/ATP-VSW/ATP-VSW-DOCK_HTVS_1-001_lib/ATP-VSW-DOCK_HTVS_1-001_lib
ATP-HTVS-E50B3258D66C,HTVS,-2.4636696100415,运行/运行/ATP-VSW/ATP-VSW-DOCK_HTVS_1-002_lib.maegz
ATP-HTVS-E5267662EBE5,HTVS,-3.62888426083183,运行/运行/ATP-VSW/ATP-VSW-DOCK_HTVS_1-002_lib.maegz
ATP-HTVS-E5267662EBE5,HTVS,-3.00451441163618,运行/运行/ATP-VSW/ATP-VSW-DOCK_HTVS_1-002_lib.maegz
ATP-HTVS-E5267662EBE5,HTVS,-1.46603933258957,运行/运行/ATP-VSW/ATP-VSW-DOCK_HTVS_1-002_lib.maegz
ATP-HTVS-E53927646B4E,HTVS,-4.30726377424627,运行/运行/ATP-VSW/ATP-VSW-DOCK_HTVS_1-002_lib.maegz
ATP-HTVS-E53927646B4E,HTVS,-4.29592606880303,运行/运行/ATP-VSW/ATP-VSW-DOCK_HTVS_1-002_lib.maegz
ATP-HTVS-E53927646B4E,HTVS,-2.51331927543367,运行/运行/ATP-VSW/ATP-VSW-DOCK_HTVS_1-002_lib.maegz
ATP-HTVS-E53927646B4E,HTVS,-2.3715449446088,运行/运行/ATP-VSW/ATP-VSW-DOCK_HTVS_1-002_lib.maegz
ATP-HTVS-E53B79A527AF,HTVS,-3.45286661265263,运行/运行/ATP-VSW/ATP-VSW-DOCK_HTVS_1-001_lib/ATP-VSW-DOCK_HTVS_1-001_lib
ATP-HTVS-E5655BB07D18,HTVS,-2.40295274839722,运行/运行/ATP-VSW/ATP-VSW-DOCK_HTVS_1-002_lib.maegz
ATP-HTVS-E5C360ABD75A,HTVS,-3.52526447251425,运行/运行/ATP-VSW/ATP-VSW-DOCK_HTVS_1-001_lib/ATP-VSW-DOCK_HTVS_1-001_lib
ATP-HTVS-E60052B60ACE,HTVS,-3.64853374409515,运行/运行/ATP-VSW/ATP-VSW-DOCK_HTVS_1-003_lib/ATP-VSW-DOCK_HTVS_1-003_lib.mae
ATP-HTVS-E60052B60ACE,HTVS,-3.53784253392981,运行/运行/ATP-VSW/ATP-VSW-DOCK_HTVS_1-003_lib/ATP-VSW-DOCK_HTVS_1-003_lib.mae
ATP-HTVS-E60052B60ACE,HTVS,-1.63331283285417,运行/运行/ATP-VSW/ATP-VSW-DOCK_HTVS_1-003_lib/ATP-VSW-DOCK_HTVS_1-003_lib.mae
ATP-HTVS-E60052B60ACE,HTVS,-0.0869759654088016,运行/运行/ATP-VSW/ATP-VSW-DOCK_HTVS_1-003_lib/ATP-VSW-DOCK_HTVS_1-003_lib.mae
ATP-HTVS-E624AA265EBA,HTVS,-4.86913996148569,运行/运行/ATP-VSW/ATP-VSW-DOCK_HTVS_1-001_lib/ATP-VSW-DOCK_HTVS_1-001_lib
ATP-HTVS-E624AA265EBA,HTVS,-4.59389111130432,运行/运行/ATP-VSW/ATP-VSW-DOCK_HTVS_1-001_lib/ATP-VSW-DOCK_HTVS_1-001_lib
ATP-HTVS-E624AA265EBA,HTVS,-3.92091352060852,运行/运行/ATP-VSW/ATP-VSW-DOCK_HTVS_1-001_lib/ATP-VSW-DOCK_HTVS_1-001_lib
ATP-HTVS-E624AA265EBA,HTVS,-3.77242214942618,运行/运行/ATP-VSW/ATP-VSW-DOCK_HTVS_1-001_lib/ATP-VSW-DOCK_HTVS_1-001_lib
ATP-HTVS-E624AA265EBA,HTVS,-3.76883428608289,运行/运行/ATP-VSW/ATP-VSW-DOCK_HTVS_1-001_lib/ATP-VSW-DOCK_HTVS_1-001_lib
ATP-HTVS-E624AA265EBA,HTVS,-3.41252713165805,运行/运行/ATP-VSW/ATP-VSW-DOCK_HTVS_1-001_lib/ATP-VSW-DOCK_HTVS_1-001_lib
ATP-HTVS-E624AA265EBA,HTVS,-3.36930188986638,运行/运行/ATP-VSW/ATP-VSW-DOCK_HTVS_1-001_lib/ATP-VSW-DOCK_HTVS_1-001_lib
ATP-HTVS-E624AA265EBA,HTVS,-2.6490041519652,运行/运行/ATP-VSW/ATP-VSW-DOCK_HTVS_1-001_lib/ATP-VSW-DOCK_HTVS_1-001_lib
ATP-HTVS-E6B57BB86B33,HTVS,-3.67945981059551,运行/运行/ATP-VSW/ATP-VSW-DOCK_HTVS_1-002_lib.maegz
ATP-HTVS-E6B57BB86B33,HTVS,-2.44826869571889,运行/运行/ATP-VSW/ATP-VSW-DOCK_HTVS_1-002_lib.maegz
ATP-HTVS-E6C07A7730FF,HTVS,-4.87965236205765,运行/运行/ATP-VSW/ATP-VSW-DOCK_HTVS_1-002_lib.maegz
ATP-HTVS-E6C07A7730FF,HTVS,-2.79217742993644,运行/运行/ATP-VSW/ATP-VSW-DOCK_HTVS_1-002_lib.maegz
ATP-HTVS-E6C07A7730FF,HTVS,0.780256555736754,运行/运行/ATP-VSW/ATP-VSW-DOCK_HTVS_1-002_lib.maegz
ATP-HTVS-E6E3A92D5598,HTVS,-4.49457141831627,运行/运行/ATP-VSW/ATP-VSW-DOCK_HTVS_1-003_lib/ATP-VSW-DOCK_HTVS_1-003_lib.mae
ATP-HTVS-E6E3A92D5598,HTVS,-2.51231585286719,运行/运行/ATP-VSW/ATP-VSW-DOCK_HTVS_1-003_lib/ATP-VSW-DOCK_HTVS_1-003_lib.mae
ATP-HTVS-E6F8A3974F14,HTVS,-4.53541760878247,运行/运行/ATP-VSW/ATP-VSW-DOCK_HTVS_1-003_lib/ATP-VSW-DOCK_HTVS_1-003_lib.mae
ATP-HTVS-E6F8A3974F14,HTVS,-2.82524688892109,运行/运行/ATP-VSW/ATP-VSW-DOCK_HTVS_1-003_lib/ATP-VSW-DOCK_HTVS_1-003_lib.mae
ATP-HTVS-E71202E475AE,HTVS,-6.19841322737428,运行/运行/ATP-VSW/ATP-VSW-DOCK_HTVS_1-003_lib/ATP-VSW-DOCK_HTVS_1-003_lib.mae
ATP-HTVS-E71202E475AE,HTVS,-2.08483665344507,运行/运行/ATP-VSW/ATP-VSW-DOCK_HTVS_1-003_lib/ATP-VSW-DOCK_HTVS_1-003_lib.mae
ATP-HTVS-E78B37070E90,HTVS,-4.06093430256796,运行/运行/ATP-VSW/ATP-VSW-DOCK_HTVS_1-003_lib/ATP-VSW-DOCK_HTVS_1-003_lib.mae
ATP-HTVS-E79C34F2E4E5,HTVS,-1.57894444888753,运行/运行/ATP-VSW/ATP-VSW-DOCK_HTVS_1-001_lib/ATP-VSW-DOCK_HTVS_1-001_lib
ATP-HTVS-E7B44E0E6F2B,HTVS,-5.76445509076332,运行/运行/ATP-VSW/ATP-VSW-DOCK_HTVS_1-001_lib/ATP-VSW-DOCK_HTVS_1-001_lib
ATP-HTVS-E7B44E0E6F2B,HTVS,-4.28479552867805,运行/运行/ATP-VSW/ATP-VSW-DOCK_HTVS_1-001_lib/ATP-VSW-DOCK_HTVS_1-001_lib
ATP-HTVS-E7B44E0E6F2B,HTVS,-2.16560444238727,运行/运行/ATP-VSW/ATP-VSW-DOCK_HTVS_1-001_lib/ATP-VSW-DOCK_HTVS_1-001_lib
ATP-HTVS-E7CE93BF7585,HTVS,-1.64839354279438,运行/运行/ATP-VSW/ATP-VSW-DOCK_HTVS_1-002_lib.maegz
ATP-HTVS-E7CE93BF7585,HTVS,-1.49371625428296,运行/运行/ATP-VSW/ATP-VSW-DOCK_HTVS_1-002_lib.maegz
ATP-HTVS-E7DA22DA6C24,HTVS,-4.08974936083922,运行/运行/ATP-VSW/ATP-VSW-DOCK_HTVS_1-002_lib.maegz
ATP-HTVS-E7DA22DA6C24,HTVS,-2.38599492759307,运行/运行/ATP-VSW/ATP-VSW-DOCK_HTVS_1-002_lib.maegz
ATP-HTVS-E80053830AA7,HTVS,-5.71676491929545,运行/运行/ATP-VSW/ATP-VSW-DOCK_HTVS_1-003_lib/ATP-VSW-DOCK_HTVS_1-003_lib.mae
ATP-HTVS-E80053830AA7,HTVS,-1.98896891426159,运行/运行/ATP-VSW/ATP-VSW-DOCK_HTVS_1-003_lib/ATP-VSW-DOCK_HTVS_1-003_lib.mae
ATP-HTVS-E80A62EE0257,HTVS,-3.61534941826967,运行/运行/ATP-VSW/ATP-VSW-DOCK_HTVS_1-002_lib.maegz
ATP-HTVS-E82D7E524403,HTVS,-5.12016903990044,运行/运行/ATP-VSW/ATP-VSW-DOCK_HTVS_1-002_lib.maegz
ATP-HTVS-E82D7E524403,HTVS,-3.19810154184409,运行/运行/ATP-VSW/ATP-VSW-DOCK_HTVS_1-002_lib.maegz
ATP-HTVS-E82D7E524403,HTVS,-1.05758425036094,运行/运行/ATP-VSW/ATP-VSW-DOCK_HTVS_1-002_lib.maegz
ATP-HTVS-E85A4EEDAC38,HTVS,-4.5976362464148,运行/运行/ATP-VSW/ATP-VSW-DOCK_HTVS_1-001_lib/ATP-VSW-DOCK_HTVS_1-001_lib
ATP-HTVS-E85A4EEDAC38,HTVS,-3.79133395471106,运行/运行/ATP-VSW/ATP-VSW-DOCK_HTVS_1-001_lib/ATP-VSW-DOCK_HTVS_1-001_lib
ATP-HTVS-E85A4EEDAC38,HTVS,-2.31563121362233,运行/运行/ATP-VSW/ATP-VSW-DOCK_HTVS_1-001_lib/ATP-VSW-DOCK_HTVS_1-001_lib
ATP-HTVS-E85D4903F0A1,HTVS,-1.88450407350739,运行/运行/ATP-VSW/ATP-VSW-DOCK_HTVS_1-003_lib/ATP-VSW-DOCK_HTVS_1-003_lib.mae
ATP-HTVS-E888CD26917F,HTVS,-0.962964554494509,运行/运行/ATP-VSW/ATP-VSW-DOCK_HTVS_1-002_lib.maegz
ATP-HTVS-E888CD26917F,HTVS,-0.7356844545219,运行/运行/ATP-VSW/ATP-VSW-DOCK_HTVS_1-002_lib.maegz
ATP-HTVS-E89D68A8E825,HTVS,-4.2274951356254,运行/运行/ATP-VSW/ATP-VSW-DOCK_HTVS_1-003_lib/ATP-VSW-DOCK_HTVS_1-003_lib.mae
ATP-HTVS-E8C4233BC4EE,HTVS,-3.51487161851092,运行/运行/ATP-VSW/ATP-VSW-DOCK_HTVS_1-003_lib/ATP-VSW-DOCK_HTVS_1-003_lib.mae
ATP-HTVS-E8F6FC3C759E,HTVS,-5.59610293047994,运行/运行/ATP-VSW/ATP-VSW-DOCK_HTVS_1-003_lib/ATP-VSW-DOCK_HTVS_1-003_lib.mae
ATP-HTVS-E8F6FC3C759E,HTVS,-2.46587011065727,运行/运行/ATP-VSW/ATP-VSW-DOCK_HTVS_1-003_lib/ATP-VSW-DOCK_HTVS_1-003_lib.mae
ATP-HTVS-E912078D9741,HTVS,-5.12427567475619,运行/运行/ATP-VSW/ATP-VSW-DOCK_HTVS_1-003_lib/ATP-VSW-DOCK_HTVS_1-003_lib.mae
ATP-HTVS-E912078D9741,HTVS,-4.98407892278476,运行/运行/ATP-VSW/ATP-VSW-DOCK_HTVS_1-003_lib/ATP-VSW-DOCK_HTVS_1-003_lib.mae
ATP-HTVS-E912078D9741,HTVS,-2.6545423986599,运行/运行/ATP-VSW/ATP-VSW-DOCK_HTVS_1-003_lib/ATP-VSW-DOCK_HTVS_1-003_lib.mae
ATP-HTVS-E912078D9741,HTVS,-2.50229842667324,运行/运行/ATP-VSW/ATP-VSW-DOCK_HTVS_1-003_lib/ATP-VSW-DOCK_HTVS_1-003_lib.mae
ATP-HTVS-E912078D9741,HTVS,-1.9334914985276,运行/运行/ATP-VSW/ATP-VSW-DOCK_HTVS_1-003_lib/ATP-VSW-DOCK_HTVS_1-003_lib.mae
ATP-HTVS-E912078D9741,HTVS,-1.14567830345474,运行/运行/ATP-VSW/ATP-VSW-DOCK_HTVS_1-003_lib/ATP-VSW-DOCK_HTVS_1-003_lib.mae
ATP-HTVS-EAB5C9B34043,HTVS,-4.8450897655797,运行/运行/ATP-VSW/ATP-VSW-DOCK_HTVS_1-003_lib/ATP-VSW-DOCK_HTVS_1-003_lib.mae
ATP-HTVS-EAB5C9B34043,HTVS,-3.07140558870123,运行/运行/ATP-VSW/ATP-VSW-DOCK_HTVS_1-003_lib/ATP-VSW-DOCK_HTVS_1-003_lib.mae
ATP-HTVS-EAB5C9B34043,HTVS,-1.79840713116684,运行/运行/ATP-VSW/ATP-VSW-DOCK_HTVS_1-003_lib/ATP-VSW-DOCK_HTVS_1-003_lib.mae
ATP-HTVS-EAB5C9B34043,HTVS,-0.9727505474702,运行/运行/ATP-VSW/ATP-VSW-DOCK_HTVS_1-003_lib/ATP-VSW-DOCK_HTVS_1-003_lib.mae
ATP-HTVS-EAC68E01988F,HTVS,-4.23709203964056,运行/运行/ATP-VSW/ATP-VSW-DOCK_HTVS_1-001_lib/ATP-VSW-DOCK_HTVS_1-001_lib
ATP-HTVS-EAD1C8AFD4A9,HTVS,-5.26198123496492,运行/运行/ATP-VSW/ATP-VSW-DOCK_HTVS_1-002_lib.maegz
ATP-HTVS-EAD1C8AFD4A9,HTVS,-2.33570590584478,运行/运行/ATP-VSW/ATP-VSW-DOCK_HTVS_1-002_lib.maegz
ATP-HTVS-EAE06126CF40,HTVS,-2.83752079490687,运行/运行/ATP-VSW/ATP-VSW-DOCK_HTVS_1-003_lib/ATP-VSW-DOCK_HTVS_1-003_lib.mae
ATP-HTVS-EAE06126CF40,HTVS,-2.25231722305004,运行/运行/ATP-VSW/ATP-VSW-DOCK_HTVS_1-003_lib/ATP-VSW-DOCK_HTVS_1-003_lib.mae
ATP-HTVS-EB0B96E798C5,HTVS,-5.70566668218131,运行/运行/ATP-VSW/ATP-VSW-DOCK_HTVS_1-003_lib/ATP-VSW-DOCK_HTVS_1-003_lib.mae
ATP-HTVS-EB0B96E798C5,HTVS,-4.04138678056751,运行/运行/ATP-VSW/ATP-VSW-DOCK_HTVS_1-003_lib/ATP-VSW-DOCK_HTVS_1-003_lib.mae
ATP-HTVS-EB12E3425930,HTVS,-2.57688650787329,运行/运行/ATP-VSW/ATP-VSW-DOCK_HTVS_1-003_lib/ATP-VSW-DOCK_HTVS_1-003_lib.mae
ATP-HTVS-EB1E3022AC0C,HTVS,-4.65351111779992,运行/运行/ATP-VSW/ATP-VSW-DOCK_HTVS_1-002_lib.maegz
ATP-HTVS-EB1E3022AC0C,HTVS,-2.83249197049468,运行/运行/ATP-VSW/ATP-VSW-DOCK_HTVS_1-002_lib.maegz
ATP-HTVS-EB1E3022AC0C,HTVS,-2.4598479584978,运行/运行/ATP-VSW/ATP-VSW-DOCK_HTVS_1-002_lib.maegz
ATP-HTVS-EB500473345C,HTVS,-4.1077202743778,运行/运行/ATP-VSW/ATP-VSW-DOCK_HTVS_1-002_lib.maegz
ATP-HTVS-EB500473345C,HTVS,-3.94787037585253,运行/运行/ATP-VSW/ATP-VSW-DOCK_HTVS_1-002_lib.maegz
ATP-HTVS-EB500473345C,HTVS,-2.3726182162294,运行/运行/ATP-VSW/ATP-VSW-DOCK_HTVS_1-002_lib.maegz
ATP-HTVS-EB500473345C,HTVS,-0.632847653945669,运行/运行/ATP-VSW/ATP-VSW-DOCK_HTVS_1-002_lib.maegz
ATP-HTVS-EB51C7366B34,HTVS,-3.1878307179681,运行/运行/ATP-VSW/ATP-VSW-DOCK_HTVS_1-002_lib.maegz
ATP-HTVS-EBA0F745595A,HTVS,-4.29967640451544,运行/运行/ATP-VSW/ATP-VSW-DOCK_HTVS_1-001_lib/ATP-VSW-DOCK_HTVS_1-001_lib
ATP-HTVS-EBA0F745595A,HTVS,-2.2460150985977,运行/运行/ATP-VSW/ATP-VSW-DOCK_HTVS_1-001_lib/ATP-VSW-DOCK_HTVS_1-001_lib
ATP-HTVS-EBADA6179138,HTVS,-4.19996272104053,运行/运行/ATP-VSW/ATP-VSW-DOCK_HTVS_1-003_lib/ATP-VSW-DOCK_HTVS_1-003_lib.mae
ATP-HTVS-EBADA6179138,HTVS,-1.93373124566544,运行/运行/ATP-VSW/ATP-VSW-DOCK_HTVS_1-003_lib/ATP-VSW-DOCK_HTVS_1-003_lib.mae
ATP-HTVS-EBCFEAF5D9E7,HTVS,-2.18718306264558,运行/运行/ATP-VSW/ATP-VSW-DOCK_HTVS_1-001_lib/ATP-VSW-DOCK_HTVS_1-001_lib
ATP-HTVS-EBFF1A375D8B,HTVS,-1.94035670481426,运行/运行/ATP-VSW/ATP-VSW-DOCK_HTVS_1-003_lib/ATP-VSW-DOCK_HTVS_1-003_lib.mae
ATP-HTVS-EC2D3AD3168F,HTVS,-4.90218858600317,运行/运行/ATP-VSW/ATP-VSW-DOCK_HTVS_1-001_lib/ATP-VSW-DOCK_HTVS_1-001_lib
ATP-HTVS-EC2D3AD3168F,HTVS,-2.96962190836322,运行/运行/ATP-VSW/ATP-VSW-DOCK_HTVS_1-001_lib/ATP-VSW-DOCK_HTVS_1-001_lib
ATP-HTVS-EC4610FFE6DC,HTVS,-5.09256497052492,运行/运行/ATP-VSW/ATP-VSW-DOCK_HTVS_1-002_lib.maegz
ATP-HTVS-EC4610FFE6DC,HTVS,-4.43231106766992,运行/运行/ATP-VSW/ATP-VSW-DOCK_HTVS_1-002_lib.maegz
ATP-HTVS-EC5DC094D49F,HTVS,-3.95306964923428,运行/运行/ATP-VSW/ATP-VSW-DOCK_HTVS_1-003_lib/ATP-VSW-DOCK_HTVS_1-003_lib.mae
ATP-HTVS-EC5DC094D49F,HTVS,-2.05566564379769,运行/运行/ATP-VSW/ATP-VSW-DOCK_HTVS_1-003_lib/ATP-VSW-DOCK_HTVS_1-003_lib.mae
ATP-HTVS-ECFCDEE54331,HTVS,-4.042763070411,运行/运行/ATP-VSW/ATP-VSW-DOCK_HTVS_1-002_lib.maegz
ATP-HTVS-ED186549DA4C,HTVS,-4.41724015866286,运行/运行/ATP-VSW/ATP-VSW-DOCK_HTVS_1-002_lib.maegz
ATP-HTVS-ED186549DA4C,HTVS,-2.43684880892387,运行/运行/ATP-VSW/ATP-VSW-DOCK_HTVS_1-002_lib.maegz
ATP-HTVS-ED381154F376,HTVS,-4.6795303145686,运行/运行/ATP-VSW/ATP-VSW-DOCK_HTVS_1-001_lib/ATP-VSW-DOCK_HTVS_1-001_lib
ATP-HTVS-ED381154F376,HTVS,-2.13039829974332,运行/运行/ATP-VSW/ATP-VSW-DOCK_HTVS_1-001_lib/ATP-VSW-DOCK_HTVS_1-001_lib
ATP-HTVS-ED381154F376,HTVS,-1.93492495185239,运行/运行/ATP-VSW/ATP-VSW-DOCK_HTVS_1-001_lib/ATP-VSW-DOCK_HTVS_1-001_lib
ATP-HTVS-ED9FB8DD8268,HTVS,-4.56936701355203,运行/运行/ATP-VSW/ATP-VSW-DOCK_HTVS_1-001_lib/ATP-VSW-DOCK_HTVS_1-001_lib
ATP-HTVS-ED9FB8DD8268,HTVS,-3.32987632859344,运行/运行/ATP-VSW/ATP-VSW-DOCK_HTVS_1-001_lib/ATP-VSW-DOCK_HTVS_1-001_lib
ATP-HTVS-ED9FB8DD8268,HTVS,-3.28969374509431,运行/运行/ATP-VSW/ATP-VSW-DOCK_HTVS_1-001_lib/ATP-VSW-DOCK_HTVS_1-001_lib
ATP-HTVS-EDD9885A2235,HTVS,-3.88292151444989,运行/运行/ATP-VSW/ATP-VSW-DOCK_HTVS_1-001_lib/ATP-VSW-DOCK_HTVS_1-001_lib
ATP-HTVS-EE25A0930777,HTVS,-3.80601852357787,运行/运行/ATP-VSW/ATP-VSW-DOCK_HTVS_1-001_lib/ATP-VSW-DOCK_HTVS_1-001_lib
ATP-HTVS-EE3EC74621FE,HTVS,-4.30814574338597,运行/运行/ATP-VSW/ATP-VSW-DOCK_HTVS_1-003_lib/ATP-VSW-DOCK_HTVS_1-003_lib.mae
ATP-HTVS-EE3EC74621FE,HTVS,-2.63349869719984,运行/运行/ATP-VSW/ATP-VSW-DOCK_HTVS_1-003_lib/ATP-VSW-DOCK_HTVS_1-003_lib.mae
ATP-HTVS-EE5B82122D17,HTVS,-3.01399039773604,运行/运行/ATP-VSW/ATP-VSW-DOCK_HTVS_1-002_lib.maegz
ATP-HTVS-EE5B82122D17,HTVS,-0.484174856532078,运行/运行/ATP-VSW/ATP-VSW-DOCK_HTVS_1-002_lib.maegz
ATP-HTVS-EE6CCEFDAAD0,HTVS,-4.57569410141658,运行/运行/ATP-VSW/ATP-VSW-DOCK_HTVS_1-001_lib/ATP-VSW-DOCK_HTVS_1-001_lib
ATP-HTVS-EE6CCEFDAAD0,HTVS,-2.764134339793,运行/运行/ATP-VSW/ATP-VSW-DOCK_HTVS_1-001_lib/ATP-VSW-DOCK_HTVS_1-001_lib
ATP-HTVS-EE8A818A3017,HTVS,-2.95811246750271,运行/运行/ATP-VSW/ATP-VSW-DOCK_HTVS_1-001_lib/ATP-VSW-DOCK_HTVS_1-001_lib
ATP-HTVS-EE9B34D8B24D,HTVS,-5.010070405463,运行/运行/ATP-VSW/ATP-VSW-DOCK_HTVS_1-003_lib/ATP-VSW-DOCK_HTVS_1-003_lib.mae
ATP-HTVS-EE9B34D8B24D,HTVS,-3.51623149631905,运行/运行/ATP-VSW/ATP-VSW-DOCK_HTVS_1-003_lib/ATP-VSW-DOCK_HTVS_1-003_lib.mae
ATP-HTVS-EEA70E20167C,HTVS,-4.09027336744338,运行/运行/ATP-VSW/ATP-VSW-DOCK_HTVS_1-003_lib/ATP-VSW-DOCK_HTVS_1-003_lib.mae
ATP-HTVS-EEA70E20167C,HTVS,-2.23463289616387,运行/运行/ATP-VSW/ATP-VSW-DOCK_HTVS_1-003_lib/ATP-VSW-DOCK_HTVS_1-003_lib.mae
ATP-HTVS-EEBB6926EC22,HTVS,-3.04212579975428,运行/运行/ATP-VSW/ATP-VSW-DOCK_HTVS_1-003_lib/ATP-VSW-DOCK_HTVS_1-003_lib.mae
ATP-HTVS-EEE4DEAD393E,HTVS,0.1640437805725,运行/运行/ATP-VSW/ATP-VSW-DOCK_HTVS_1-001_lib/ATP-VSW-DOCK_HTVS_1-001_lib
ATP-HTVS-EF007D703862,HTVS,-1.45833639657194,运行/运行/ATP-VSW/ATP-VSW-DOCK_HTVS_1-003_lib/ATP-VSW-DOCK_HTVS_1-003_lib.mae
ATP-HTVS-EF007D703862,HTVS,-0.825723316307232,运行/运行/ATP-VSW/ATP-VSW-DOCK_HTVS_1-003_lib/ATP-VSW-DOCK_HTVS_1-003_lib.mae
ATP-HTVS-EF0129487CC6,HTVS,-5.05644438511691,运行/运行/ATP-VSW/ATP-VSW-DOCK_HTVS_1-001_lib/ATP-VSW-DOCK_HTVS_1-001_lib
ATP-HTVS-EF0129487CC6,HTVS,-4.68391812582911,运行/运行/ATP-VSW/ATP-VSW-DOCK_HTVS_1-001_lib/ATP-VSW-DOCK_HTVS_1-001_lib
ATP-HTVS-EF0129487CC6,HTVS,-4.07895339388398,运行/运行/ATP-VSW/ATP-VSW-DOCK_HTVS_1-001_lib/ATP-VSW-DOCK_HTVS_1-001_lib
ATP-HTVS-EF0129487CC6,HTVS,-3.26797093905579,运行/运行/ATP-VSW/ATP-VSW-DOCK_HTVS_1-001_lib/ATP-VSW-DOCK_HTVS_1-001_lib
ATP-HTVS-EF0129487CC6,HTVS,-2.54941551454963,运行/运行/ATP-VSW/ATP-VSW-DOCK_HTVS_1-001_lib/ATP-VSW-DOCK_HTVS_1-001_lib
ATP-HTVS-EF0129487CC6,HTVS,-1.54384658077117,运行/运行/ATP-VSW/ATP-VSW-DOCK_HTVS_1-001_lib/ATP-VSW-DOCK_HTVS_1-001_lib
ATP-HTVS-EF17DB58F500,HTVS,-4.53325018419689,运行/运行/ATP-VSW/ATP-VSW-DOCK_HTVS_1-001_lib/ATP-VSW-DOCK_HTVS_1-001_lib
ATP-HTVS-EF17DB58F500,HTVS,-4.16410670370729,运行/运行/ATP-VSW/ATP-VSW-DOCK_HTVS_1-001_lib/ATP-VSW-DOCK_HTVS_1-001_lib
ATP-HTVS-EF17DB58F500,HTVS,-3.48159348693136,运行/运行/ATP-VSW/ATP-VSW-DOCK_HTVS_1-001_lib/ATP-VSW-DOCK_HTVS_1-001_lib
ATP-HTVS-EF17DB58F500,HTVS,-3.11886969250819,运行/运行/ATP-VSW/ATP-VSW-DOCK_HTVS_1-001_lib/ATP-VSW-DOCK_HTVS_1-001_lib
ATP-HTVS-EF17DB58F500,HTVS,-2.83572602937737,运行/运行/ATP-VSW/ATP-VSW-DOCK_HTVS_1-001_lib/ATP-VSW-DOCK_HTVS_1-001_lib
ATP-HTVS-EF17DB58F500,HTVS,-1.75823737673372,运行/运行/ATP-VSW/ATP-VSW-DOCK_HTVS_1-001_lib/ATP-VSW-DOCK_HTVS_1-001_lib
ATP-HTVS-EF17DB58F500,HTVS,-1.57550135576614,运行/运行/ATP-VSW/ATP-VSW-DOCK_HTVS_1-001_lib/ATP-VSW-DOCK_HTVS_1-001_lib
ATP-HTVS-EF3EA56789AA,HTVS,-3.31985533975518,运行/运行/ATP-VSW/ATP-VSW-DOCK_HTVS_1-001_lib/ATP-VSW-DOCK_HTVS_1-001_lib
ATP-HTVS-EF3EA56789AA,HTVS,-2.23168973734976,运行/运行/ATP-VSW/ATP-VSW-DOCK_HTVS_1-001_lib/ATP-VSW-DOCK_HTVS_1-001_lib
ATP-HTVS-EF5E324DB424,HTVS,-2.2978468768913,运行/运行/ATP-VSW/ATP-VSW-DOCK_HTVS_1-001_lib/ATP-VSW-DOCK_HTVS_1-001_lib
ATP-HTVS-EFBD886B8952,HTVS,-5.38965192191034,运行/运行/ATP-VSW/ATP-VSW-DOCK_HTVS_1-003_lib/ATP-VSW-DOCK_HTVS_1-003_lib.mae
ATP-HTVS-EFE421C91038,HTVS,-5.50975727056192,运行/运行/ATP-VSW/ATP-VSW-DOCK_HTVS_1-002_lib.maegz
ATP-HTVS-EFE421C91038,HTVS,-3.56337674264973,运行/运行/ATP-VSW/ATP-VSW-DOCK_HTVS_1-002_lib.maegz
ATP-HTVS-EFE421C91038,HTVS,-1.91119011320623,运行/运行/ATP-VSW/ATP-VSW-DOCK_HTVS_1-002_lib.maegz
ATP-HTVS-F056EC0EC7E7,HTVS,-4.17598752066853,运行/运行/ATP-VSW/ATP-VSW-DOCK_HTVS_1-002_lib.maegz
ATP-HTVS-F056EC0EC7E7,HTVS,-3.8518027528782,运行/运行/ATP-VSW/ATP-VSW-DOCK_HTVS_1-002_lib.maegz
ATP-HTVS-F056EC0EC7E7,HTVS,-1.56765195342431,运行/运行/ATP-VSW/ATP-VSW-DOCK_HTVS_1-002_lib.maegz
ATP-HTVS-F056EC0EC7E7,HTVS,-1.44505873760838,运行/运行/ATP-VSW/ATP-VSW-DOCK_HTVS_1-002_lib.maegz
ATP-HTVS-F05D07B9382E,HTVS,-1.67195748938188,运行/运行/ATP-VSW/ATP-VSW-DOCK_HTVS_1-001_lib/ATP-VSW-DOCK_HTVS_1-001_lib
ATP-HTVS-F084EE8F7246,HTVS,-4.25499738938492,运行/运行/ATP-VSW/ATP-VSW-DOCK_HTVS_1-002_lib.maegz
ATP-HTVS-F08817EB9A7A,HTVS,-6.13430839064474,运行/运行/ATP-VSW/ATP-VSW-DOCK_HTVS_1-002_lib.maegz
ATP-HTVS-F08817EB9A7A,HTVS,-3.43739822198903,运行/运行/ATP-VSW/ATP-VSW-DOCK_HTVS_1-002_lib.maegz
ATP-HTVS-F0989AC93CC9,HTVS,-4.15684865021333,运行/运行/ATP-VSW/ATP-VSW-DOCK_HTVS_1-002_lib.maegz
ATP-HTVS-F0989AC93CC9,HTVS,-3.11402080628235,运行/运行/ATP-VSW/ATP-VSW-DOCK_HTVS_1-002_lib.maegz
ATP-HTVS-F0989AC93CC9,HTVS,-2.29206095569673,运行/运行/ATP-VSW/ATP-VSW-DOCK_HTVS_1-002_lib.maegz
ATP-HTVS-F0AA189EB18F,HTVS,-3.85177825993768,运行/运行/ATP-VSW/ATP-VSW-DOCK_HTVS_1-001_lib/ATP-VSW-DOCK_HTVS_1-001_lib
ATP-HTVS-F0B899F1EF1B,HTVS,-3.53965621934154,运行/运行/ATP-VSW/ATP-VSW-DOCK_HTVS_1-002_lib.maegz
ATP-HTVS-F0B899F1EF1B,HTVS,-2.27237053269188,运行/运行/ATP-VSW/ATP-VSW-DOCK_HTVS_1-002_lib.maegz
ATP-HTVS-F0EA8E73CD83,HTVS,-5.33587701286716,运行/运行/ATP-VSW/ATP-VSW-DOCK_HTVS_1-001_lib/ATP-VSW-DOCK_HTVS_1-001_lib
ATP-HTVS-F0EA8E73CD83,HTVS,-3.57974832742819,运行/运行/ATP-VSW/ATP-VSW-DOCK_HTVS_1-001_lib/ATP-VSW-DOCK_HTVS_1-001_lib
ATP-HTVS-F13E60D2EE86,HTVS,-4.91807100360852,运行/运行/ATP-VSW/ATP-VSW-DOCK_HTVS_1-002_lib.maegz
ATP-HTVS-F13E60D2EE86,HTVS,-4.31784593501512,运行/运行/ATP-VSW/ATP-VSW-DOCK_HTVS_1-002_lib.maegz
ATP-HTVS-F13E60D2EE86,HTVS,-4.22932581628601,运行/运行/ATP-VSW/ATP-VSW-DOCK_HTVS_1-002_lib.maegz
ATP-HTVS-F13E60D2EE86,HTVS,-4.10294290088055,运行/运行/ATP-VSW/ATP-VSW-DOCK_HTVS_1-002_lib.maegz
ATP-HTVS-F13E60D2EE86,HTVS,-2.64259454018683,运行/运行/ATP-VSW/ATP-VSW-DOCK_HTVS_1-002_lib.maegz
ATP-HTVS-F13E60D2EE86,HTVS,-2.25216591263964,运行/运行/ATP-VSW/ATP-VSW-DOCK_HTVS_1-002_lib.maegz
ATP-HTVS-F15CD1C1F5FF,HTVS,-3.55377124897857,运行/运行/ATP-VSW/ATP-VSW-DOCK_HTVS_1-001_lib/ATP-VSW-DOCK_HTVS_1-001_lib
ATP-HTVS-F1ABC01A08C5,HTVS,-3.72761112959487,运行/运行/ATP-VSW/ATP-VSW-DOCK_HTVS_1-002_lib.maegz
ATP-HTVS-F1ABC01A08C5,HTVS,-1.86862517706989,运行/运行/ATP-VSW/ATP-VSW-DOCK_HTVS_1-002_lib.maegz
ATP-HTVS-F1D0837E8A30,HTVS,-3.50945086652733,运行/运行/ATP-VSW/ATP-VSW-DOCK_HTVS_1-002_lib.maegz
ATP-HTVS-F1D0837E8A30,HTVS,-3.48588629798069,运行/运行/ATP-VSW/ATP-VSW-DOCK_HTVS_1-002_lib.maegz
ATP-HTVS-F1F8D839F8AD,HTVS,-4.69620533607906,运行/运行/ATP-VSW/ATP-VSW-DOCK_HTVS_1-001_lib/ATP-VSW-DOCK_HTVS_1-001_lib
ATP-HTVS-F1F8D839F8AD,HTVS,-3.64847566716333,运行/运行/ATP-VSW/ATP-VSW-DOCK_HTVS_1-001_lib/ATP-VSW-DOCK_HTVS_1-001_lib
ATP-HTVS-F1F8D839F8AD,HTVS,-2.77633102672655,运行/运行/ATP-VSW/ATP-VSW-DOCK_HTVS_1-001_lib/ATP-VSW-DOCK_HTVS_1-001_lib
ATP-HTVS-F1F8D839F8AD,HTVS,-2.6971079774903,运行/运行/ATP-VSW/ATP-VSW-DOCK_HTVS_1-001_lib/ATP-VSW-DOCK_HTVS_1-001_lib
ATP-HTVS-F21E42254560,HTVS,-4.22164955833975,运行/运行/ATP-VSW/ATP-VSW-DOCK_HTVS_1-001_lib/ATP-VSW-DOCK_HTVS_1-001_lib
ATP-HTVS-F21E42254560,HTVS,-2.91593026380977,运行/运行/ATP-VSW/ATP-VSW-DOCK_HTVS_1-001_lib/ATP-VSW-DOCK_HTVS_1-001_lib
ATP-HTVS-F21E42254560,HTVS,-1.95220796581448,运行/运行/ATP-VSW/ATP-VSW-DOCK_HTVS_1-001_lib/ATP-VSW-DOCK_HTVS_1-001_lib
ATP-HTVS-F223CD517CA5,HTVS,-4.20311933833737,运行/运行/ATP-VSW/ATP-VSW-DOCK_HTVS_1-002_lib.maegz
ATP-HTVS-F223CD517CA5,HTVS,-3.89573935654417,运行/运行/ATP-VSW/ATP-VSW-DOCK_HTVS_1-002_lib.maegz
ATP-HTVS-F223CD517CA5,HTVS,-1.77038071125916,运行/运行/ATP-VSW/ATP-VSW-DOCK_HTVS_1-002_lib.maegz
ATP-HTVS-F256B691D902,HTVS,-4.72978086017516,运行/运行/ATP-VSW/ATP-VSW-DOCK_HTVS_1-002_lib.maegz
ATP-HTVS-F256B691D902,HTVS,-4.54065763715705,运行/运行/ATP-VSW/ATP-VSW-DOCK_HTVS_1-002_lib.maegz
ATP-HTVS-F256B691D902,HTVS,-1.40333637014908,运行/运行/ATP-VSW/ATP-VSW-DOCK_HTVS_1-002_lib.maegz
ATP-HTVS-F256B691D902,HTVS,-1.22240894415325,运行/运行/ATP-VSW/ATP-VSW-DOCK_HTVS_1-002_lib.maegz
ATP-HTVS-F2668BF9E9B1,HTVS,-4.69242197859573,运行/运行/ATP-VSW/ATP-VSW-DOCK_HTVS_1-001_lib/ATP-VSW-DOCK_HTVS_1-001_lib
ATP-HTVS-F2668BF9E9B1,HTVS,-1.31440771542633,运行/运行/ATP-VSW/ATP-VSW-DOCK_HTVS_1-001_lib/ATP-VSW-DOCK_HTVS_1-001_lib
ATP-HTVS-F282BC43258B,HTVS,-4.65415368223412,运行/运行/ATP-VSW/ATP-VSW-DOCK_HTVS_1-001_lib/ATP-VSW-DOCK_HTVS_1-001_lib
ATP-HTVS-F282BC43258B,HTVS,-4.32220765749053,运行/运行/ATP-VSW/ATP-VSW-DOCK_HTVS_1-001_lib/ATP-VSW-DOCK_HTVS_1-001_lib
ATP-HTVS-F282BC43258B,HTVS,-3.35243514397216,运行/运行/ATP-VSW/ATP-VSW-DOCK_HTVS_1-001_lib/ATP-VSW-DOCK_HTVS_1-001_lib
ATP-HTVS-F282BC43258B,HTVS,-2.81648946577386,运行/运行/ATP-VSW/ATP-VSW-DOCK_HTVS_1-001_lib/ATP-VSW-DOCK_HTVS_1-001_lib
ATP-HTVS-F282BC43258B,HTVS,-1.86362712383143,运行/运行/ATP-VSW/ATP-VSW-DOCK_HTVS_1-001_lib/ATP-VSW-DOCK_HTVS_1-001_lib
ATP-HTVS-F282BC43258B,HTVS,-1.70379692674215,运行/运行/ATP-VSW/ATP-VSW-DOCK_HTVS_1-001_lib/ATP-VSW-DOCK_HTVS_1-001_lib
ATP-HTVS-F282BC43258B,HTVS,-1.43658287360407,运行/运行/ATP-VSW/ATP-VSW-DOCK_HTVS_1-001_lib/ATP-VSW-DOCK_HTVS_1-001_lib
ATP-HTVS-F2D870036CD8,HTVS,-4.14134457074988,运行/运行/ATP-VSW/ATP-VSW-DOCK_HTVS_1-001_lib/ATP-VSW-DOCK_HTVS_1-001_lib
ATP-HTVS-F2D870036CD8,HTVS,-2.67630017728876,运行/运行/ATP-VSW/ATP-VSW-DOCK_HTVS_1-001_lib/ATP-VSW-DOCK_HTVS_1-001_lib
ATP-HTVS-F308899F49E6,HTVS,-5.90641594276411,运行/运行/ATP-VSW/ATP-VSW-DOCK_HTVS_1-003_lib/ATP-VSW-DOCK_HTVS_1-003_lib.mae
ATP-HTVS-F308899F49E6,HTVS,-2.72567282139228,运行/运行/ATP-VSW/ATP-VSW-DOCK_HTVS_1-003_lib/ATP-VSW-DOCK_HTVS_1-003_lib.mae
ATP-HTVS-F3219ACF1618,HTVS,-1.20375238340169,运行/运行/ATP-VSW/ATP-VSW-DOCK_HTVS_1-003_lib/ATP-VSW-DOCK_HTVS_1-003_lib.mae
ATP-HTVS-F3219ACF1618,HTVS,-0.826893451705551,运行/运行/ATP-VSW/ATP-VSW-DOCK_HTVS_1-003_lib/ATP-VSW-DOCK_HTVS_1-003_lib.mae
ATP-HTVS-F324B4F6FF43,HTVS,-4.21986392684796,运行/运行/ATP-VSW/ATP-VSW-DOCK_HTVS_1-001_lib/ATP-VSW-DOCK_HTVS_1-001_lib
ATP-HTVS-F324B4F6FF43,HTVS,-4.14663009085193,运行/运行/ATP-VSW/ATP-VSW-DOCK_HTVS_1-001_lib/ATP-VSW-DOCK_HTVS_1-001_lib
ATP-HTVS-F324B4F6FF43,HTVS,-3.78204549368504,运行/运行/ATP-VSW/ATP-VSW-DOCK_HTVS_1-001_lib/ATP-VSW-DOCK_HTVS_1-001_lib
ATP-HTVS-F324B4F6FF43,HTVS,-1.7660607764106,运行/运行/ATP-VSW/ATP-VSW-DOCK_HTVS_1-001_lib/ATP-VSW-DOCK_HTVS_1-001_lib
ATP-HTVS-F324B4F6FF43,HTVS,-1.37274113451379,运行/运行/ATP-VSW/ATP-VSW-DOCK_HTVS_1-001_lib/ATP-VSW-DOCK_HTVS_1-001_lib
ATP-HTVS-F324B4F6FF43,HTVS,-1.05222320673948,运行/运行/ATP-VSW/ATP-VSW-DOCK_HTVS_1-001_lib/ATP-VSW-DOCK_HTVS_1-001_lib
ATP-HTVS-F38CDD17995D,HTVS,-3.88286039918579,运行/运行/ATP-VSW/ATP-VSW-DOCK_HTVS_1-002_lib.maegz
ATP-HTVS-F38CDD17995D,HTVS,-1.65304911495398,运行/运行/ATP-VSW/ATP-VSW-DOCK_HTVS_1-002_lib.maegz
ATP-HTVS-F3AEEA9B80E5,HTVS,-3.92942222083981,运行/运行/ATP-VSW/ATP-VSW-DOCK_HTVS_1-003_lib/ATP-VSW-DOCK_HTVS_1-003_lib.mae
ATP-HTVS-F3E91D83A828,HTVS,-5.25887809152394,运行/运行/ATP-VSW/ATP-VSW-DOCK_HTVS_1-003_lib/ATP-VSW-DOCK_HTVS_1-003_lib.mae
ATP-HTVS-F3E91D83A828,HTVS,-4.84362628802998,运行/运行/ATP-VSW/ATP-VSW-DOCK_HTVS_1-003_lib/ATP-VSW-DOCK_HTVS_1-003_lib.mae
ATP-HTVS-F3E91D83A828,HTVS,-4.0216433705757,运行/运行/ATP-VSW/ATP-VSW-DOCK_HTVS_1-003_lib/ATP-VSW-DOCK_HTVS_1-003_lib.mae
ATP-HTVS-F3E91D83A828,HTVS,-3.78641134406611,运行/运行/ATP-VSW/ATP-VSW-DOCK_HTVS_1-003_lib/ATP-VSW-DOCK_HTVS_1-003_lib.mae
ATP-HTVS-F3E91D83A828,HTVS,-3.6856612511484,运行/运行/ATP-VSW/ATP-VSW-DOCK_HTVS_1-003_lib/ATP-VSW-DOCK_HTVS_1-003_lib.mae
ATP-HTVS-F3E91D83A828,HTVS,-1.87501506315407,运行/运行/ATP-VSW/ATP-VSW-DOCK_HTVS_1-003_lib/ATP-VSW-DOCK_HTVS_1-003_lib.mae
ATP-HTVS-F41515D25613,HTVS,-4.28040575580285,运行/运行/ATP-VSW/ATP-VSW-DOCK_HTVS_1-003_lib/ATP-VSW-DOCK_HTVS_1-003_lib.mae
ATP-HTVS-F41515D25613,HTVS,-3.98083795407306,运行/运行/ATP-VSW/ATP-VSW-DOCK_HTVS_1-003_lib/ATP-VSW-DOCK_HTVS_1-003_lib.mae
ATP-HTVS-F41515D25613,HTVS,-2.84386106960719,运行/运行/ATP-VSW/ATP-VSW-DOCK_HTVS_1-003_lib/ATP-VSW-DOCK_HTVS_1-003_lib.mae
ATP-HTVS-F41DED161E75,HTVS,-3.7305205679544,运行/运行/ATP-VSW/ATP-VSW-DOCK_HTVS_1-002_lib.maegz
ATP-HTVS-F41DED161E75,HTVS,-3.08830172423827,运行/运行/ATP-VSW/ATP-VSW-DOCK_HTVS_1-002_lib.maegz
ATP-HTVS-F41DED161E75,HTVS,-2.56215806358979,运行/运行/ATP-VSW/ATP-VSW-DOCK_HTVS_1-002_lib.maegz
ATP-HTVS-F41DED161E75,HTVS,-2.51150293091344,运行/运行/ATP-VSW/ATP-VSW-DOCK_HTVS_1-002_lib.maegz
ATP-HTVS-F42EC288DBA1,HTVS,-3.72053981529953,运行/运行/ATP-VSW/ATP-VSW-DOCK_HTVS_1-001_lib/ATP-VSW-DOCK_HTVS_1-001_lib
ATP-HTVS-F42EC288DBA1,HTVS,-2.30572178191234,运行/运行/ATP-VSW/ATP-VSW-DOCK_HTVS_1-001_lib/ATP-VSW-DOCK_HTVS_1-001_lib
ATP-HTVS-F451F6F34F85,HTVS,-4.63991074421646,运行/运行/ATP-VSW/ATP-VSW-DOCK_HTVS_1-002_lib.maegz
ATP-HTVS-F451F6F34F85,HTVS,-4.44241378452214,运行/运行/ATP-VSW/ATP-VSW-DOCK_HTVS_1-002_lib.maegz
ATP-HTVS-F451F6F34F85,HTVS,-2.72762674475787,运行/运行/ATP-VSW/ATP-VSW-DOCK_HTVS_1-002_lib.maegz
ATP-HTVS-F4D02DC184DE,HTVS,-3.22024671180756,运行/运行/ATP-VSW/ATP-VSW-DOCK_HTVS_1-003_lib/ATP-VSW-DOCK_HTVS_1-003_lib.mae
ATP-HTVS-F4EB0A3B6A53,HTVS,-4.66033177755915,运行/运行/ATP-VSW/ATP-VSW-DOCK_HTVS_1-003_lib/ATP-VSW-DOCK_HTVS_1-003_lib.mae
ATP-HTVS-F4EB0A3B6A53,HTVS,-2.17996449578516,运行/运行/ATP-VSW/ATP-VSW-DOCK_HTVS_1-003_lib/ATP-VSW-DOCK_HTVS_1-003_lib.mae
ATP-HTVS-F4F3BDD05BAD,HTVS,-4.39094801528708,运行/运行/ATP-VSW/ATP-VSW-DOCK_HTVS_1-001_lib/ATP-VSW-DOCK_HTVS_1-001_lib
ATP-HTVS-F4F3BDD05BAD,HTVS,-2.00062649910775,运行/运行/ATP-VSW/ATP-VSW-DOCK_HTVS_1-001_lib/ATP-VSW-DOCK_HTVS_1-001_lib
ATP-HTVS-F52F884BA0B4,HTVS,-3.52590892019094,运行/运行/ATP-VSW/ATP-VSW-DOCK_HTVS_1-002_lib.maegz
ATP-HTVS-F52F884BA0B4,HTVS,-1.70971246983084,运行/运行/ATP-VSW/ATP-VSW-DOCK_HTVS_1-002_lib.maegz
ATP-HTVS-F53B308249C7,HTVS,-5.31349569153296,运行/运行/ATP-VSW/ATP-VSW-DOCK_HTVS_1-001_lib/ATP-VSW-DOCK_HTVS_1-001_lib
ATP-HTVS-F53B308249C7,HTVS,-2.81699358337288,运行/运行/ATP-VSW/ATP-VSW-DOCK_HTVS_1-001_lib/ATP-VSW-DOCK_HTVS_1-001_lib
ATP-HTVS-F54B40793D2A,HTVS,-3.24803738895674,运行/运行/ATP-VSW/ATP-VSW-DOCK_HTVS_1-003_lib/ATP-VSW-DOCK_HTVS_1-003_lib.mae
ATP-HTVS-F54B40793D2A,HTVS,-3.16546914151213,运行/运行/ATP-VSW/ATP-VSW-DOCK_HTVS_1-003_lib/ATP-VSW-DOCK_HTVS_1-003_lib.mae
ATP-HTVS-F54B40793D2A,HTVS,-2.14702800530114,运行/运行/ATP-VSW/ATP-VSW-DOCK_HTVS_1-003_lib/ATP-VSW-DOCK_HTVS_1-003_lib.mae
ATP-HTVS-F54B40793D2A,HTVS,-1.67800913659431,运行/运行/ATP-VSW/ATP-VSW-DOCK_HTVS_1-003_lib/ATP-VSW-DOCK_HTVS_1-003_lib.mae
ATP-HTVS-F5512CD55A37,HTVS,-5.54335713777072,运行/运行/ATP-VSW/ATP-VSW-DOCK_HTVS_1-003_lib/ATP-VSW-DOCK_HTVS_1-003_lib.mae
ATP-HTVS-F5512CD55A37,HTVS,-3.88483432182956,运行/运行/ATP-VSW/ATP-VSW-DOCK_HTVS_1-003_lib/ATP-VSW-DOCK_HTVS_1-003_lib.mae
ATP-HTVS-F5512CD55A37,HTVS,-3.25909577953594,运行/运行/ATP-VSW/ATP-VSW-DOCK_HTVS_1-003_lib/ATP-VSW-DOCK_HTVS_1-003_lib.mae
ATP-HTVS-F5512CD55A37,HTVS,-2.62934183193784,运行/运行/ATP-VSW/ATP-VSW-DOCK_HTVS_1-003_lib/ATP-VSW-DOCK_HTVS_1-003_lib.mae
ATP-HTVS-F5557C46ACCD,HTVS,-3.46951061383426,运行/运行/ATP-VSW/ATP-VSW-DOCK_HTVS_1-003_lib/ATP-VSW-DOCK_HTVS_1-003_lib.mae
ATP-HTVS-F5557C46ACCD,HTVS,-1.80349355163988,运行/运行/ATP-VSW/ATP-VSW-DOCK_HTVS_1-003_lib/ATP-VSW-DOCK_HTVS_1-003_lib.mae
ATP-HTVS-F58C213B60A1,HTVS,-4.1206241145774,运行/运行/ATP-VSW/ATP-VSW-DOCK_HTVS_1-003_lib/ATP-VSW-DOCK_HTVS_1-003_lib.mae
ATP-HTVS-F58C213B60A1,HTVS,-1.92582568153168,运行/运行/ATP-VSW/ATP-VSW-DOCK_HTVS_1-003_lib/ATP-VSW-DOCK_HTVS_1-003_lib.mae
ATP-HTVS-F60BECC0718F,HTVS,-3.6664122264029,运行/运行/ATP-VSW/ATP-VSW-DOCK_HTVS_1-001_lib/ATP-VSW-DOCK_HTVS_1-001_lib
ATP-HTVS-F60BECC0718F,HTVS,-2.19985166143964,运行/运行/ATP-VSW/ATP-VSW-DOCK_HTVS_1-001_lib/ATP-VSW-DOCK_HTVS_1-001_lib
ATP-HTVS-F62C08D65C28,HTVS,-3.93550920768678,运行/运行/ATP-VSW/ATP-VSW-DOCK_HTVS_1-001_lib/ATP-VSW-DOCK_HTVS_1-001_lib
ATP-HTVS-F62C08D65C28,HTVS,-3.79706580109178,运行/运行/ATP-VSW/ATP-VSW-DOCK_HTVS_1-001_lib/ATP-VSW-DOCK_HTVS_1-001_lib
ATP-HTVS-F62C08D65C28,HTVS,-1.34985574552827,运行/运行/ATP-VSW/ATP-VSW-DOCK_HTVS_1-001_lib/ATP-VSW-DOCK_HTVS_1-001_lib
ATP-HTVS-F62C08D65C28,HTVS,-0.561229852363572,运行/运行/ATP-VSW/ATP-VSW-DOCK_HTVS_1-001_lib/ATP-VSW-DOCK_HTVS_1-001_lib
ATP-HTVS-F63C80F910BB,HTVS,-5.69704200641799,运行/运行/ATP-VSW/ATP-VSW-DOCK_HTVS_1-003_lib/ATP-VSW-DOCK_HTVS_1-003_lib.mae
ATP-HTVS-F63C80F910BB,HTVS,-3.72968969190277,运行/运行/ATP-VSW/ATP-VSW-DOCK_HTVS_1-003_lib/ATP-VSW-DOCK_HTVS_1-003_lib.mae
ATP-HTVS-F63C80F910BB,HTVS,-1.8982566282034,运行/运行/ATP-VSW/ATP-VSW-DOCK_HTVS_1-003_lib/ATP-VSW-DOCK_HTVS_1-003_lib.mae
ATP-HTVS-F6463DC49025,HTVS,-3.32162740343645,运行/运行/ATP-VSW/ATP-VSW-DOCK_HTVS_1-003_lib/ATP-VSW-DOCK_HTVS_1-003_lib.mae
ATP-HTVS-F6463DC49025,HTVS,-3.28257210102327,运行/运行/ATP-VSW/ATP-VSW-DOCK_HTVS_1-003_lib/ATP-VSW-DOCK_HTVS_1-003_lib.mae
ATP-HTVS-F6463DC49025,HTVS,-2.78182971622087,运行/运行/ATP-VSW/ATP-VSW-DOCK_HTVS_1-003_lib/ATP-VSW-DOCK_HTVS_1-003_lib.mae
ATP-HTVS-F6463DC49025,HTVS,-2.76273246500446,运行/运行/ATP-VSW/ATP-VSW-DOCK_HTVS_1-003_lib/ATP-VSW-DOCK_HTVS_1-003_lib.mae
ATP-HTVS-F6463DC49025,HTVS,-2.11512073490931,运行/运行/ATP-VSW/ATP-VSW-DOCK_HTVS_1-003_lib/ATP-VSW-DOCK_HTVS_1-003_lib.mae
ATP-HTVS-F6463DC49025,HTVS,-1.52315953846791,运行/运行/ATP-VSW/ATP-VSW-DOCK_HTVS_1-003_lib/ATP-VSW-DOCK_HTVS_1-003_lib.mae
ATP-HTVS-F666156B37DE,HTVS,-3.86252714637769,运行/运行/ATP-VSW/ATP-VSW-DOCK_HTVS_1-002_lib.maegz
ATP-HTVS-F666156B37DE,HTVS,-2.61256943345215,运行/运行/ATP-VSW/ATP-VSW-DOCK_HTVS_1-002_lib.maegz
ATP-HTVS-F6E066811CCA,HTVS,-3.91958239876819,运行/运行/ATP-VSW/ATP-VSW-DOCK_HTVS_1-001_lib/ATP-VSW-DOCK_HTVS_1-001_lib
ATP-HTVS-F716E067906C,HTVS,-0.724581891030828,运行/运行/ATP-VSW/ATP-VSW-DOCK_HTVS_1-003_lib/ATP-VSW-DOCK_HTVS_1-003_lib.mae
ATP-HTVS-F7366BF3987A,HTVS,-4.33624818808883,运行/运行/ATP-VSW/ATP-VSW-DOCK_HTVS_1-002_lib.maegz
ATP-HTVS-F7366BF3987A,HTVS,-4.14966080049521,运行/运行/ATP-VSW/ATP-VSW-DOCK_HTVS_1-002_lib.maegz
ATP-HTVS-F7366BF3987A,HTVS,-3.82160967494979,运行/运行/ATP-VSW/ATP-VSW-DOCK_HTVS_1-002_lib.maegz
ATP-HTVS-F7366BF3987A,HTVS,-3.48863487675756,运行/运行/ATP-VSW/ATP-VSW-DOCK_HTVS_1-002_lib.maegz
ATP-HTVS-F7676420B267,HTVS,-3.88893989519298,运行/运行/ATP-VSW/ATP-VSW-DOCK_HTVS_1-001_lib/ATP-VSW-DOCK_HTVS_1-001_lib
ATP-HTVS-F7676420B267,HTVS,-3.12165772521596,运行/运行/ATP-VSW/ATP-VSW-DOCK_HTVS_1-001_lib/ATP-VSW-DOCK_HTVS_1-001_lib
ATP-HTVS-F7676420B267,HTVS,-2.10258710322128,运行/运行/ATP-VSW/ATP-VSW-DOCK_HTVS_1-001_lib/ATP-VSW-DOCK_HTVS_1-001_lib
ATP-HTVS-F7676420B267,HTVS,-1.73541907898817,运行/运行/ATP-VSW/ATP-VSW-DOCK_HTVS_1-001_lib/ATP-VSW-DOCK_HTVS_1-001_lib
ATP-HTVS-F79E64AB5B06,HTVS,-3.33716751499667,运行/运行/ATP-VSW/ATP-VSW-DOCK_HTVS_1-003_lib/ATP-VSW-DOCK_HTVS_1-003_lib.mae
ATP-HTVS-F7B411FBCEC8,HTVS,-1.20724597120847,运行/运行/ATP-VSW/ATP-VSW-DOCK_HTVS_1-003_lib/ATP-VSW-DOCK_HTVS_1-003_lib.mae
ATP-HTVS-F7B411FBCEC8,HTVS,-1.02803357394038,运行/运行/ATP-VSW/ATP-VSW-DOCK_HTVS_1-003_lib/ATP-VSW-DOCK_HTVS_1-003_lib.mae
ATP-HTVS-F7CD2DD67DA6,HTVS,-5.07414639241721,运行/运行/ATP-VSW/ATP-VSW-DOCK_HTVS_1-003_lib/ATP-VSW-DOCK_HTVS_1-003_lib.mae
ATP-HTVS-F7CD2DD67DA6,HTVS,-2.40085848462281,运行/运行/ATP-VSW/ATP-VSW-DOCK_HTVS_1-003_lib/ATP-VSW-DOCK_HTVS_1-003_lib.mae
ATP-HTVS-F7CD2DD67DA6,HTVS,-2.39446462297581,运行/运行/ATP-VSW/ATP-VSW-DOCK_HTVS_1-003_lib/ATP-VSW-DOCK_HTVS_1-003_lib.mae
ATP-HTVS-F7D4BFA34903,HTVS,-4.96526412391853,运行/运行/ATP-VSW/ATP-VSW-DOCK_HTVS_1-001_lib/ATP-VSW-DOCK_HTVS_1-001_lib
ATP-HTVS-F7D4BFA34903,HTVS,-3.09026703219808,运行/运行/ATP-VSW/ATP-VSW-DOCK_HTVS_1-001_lib/ATP-VSW-DOCK_HTVS_1-001_lib
ATP-HTVS-F7EFD494BF14,HTVS,-4.16730979791928,运行/运行/ATP-VSW/ATP-VSW-DOCK_HTVS_1-002_lib.maegz
ATP-HTVS-F7EFD494BF14,HTVS,-2.22202352734019,运行/运行/ATP-VSW/ATP-VSW-DOCK_HTVS_1-002_lib.maegz
ATP-HTVS-F89CD1E9CA34,HTVS,-3.35177627367656,运行/运行/ATP-VSW/ATP-VSW-DOCK_HTVS_1-001_lib/ATP-VSW-DOCK_HTVS_1-001_lib
ATP-HTVS-F89CD1E9CA34,HTVS,-3.25821434733294,运行/运行/ATP-VSW/ATP-VSW-DOCK_HTVS_1-001_lib/ATP-VSW-DOCK_HTVS_1-001_lib
ATP-HTVS-F89CD1E9CA34,HTVS,-1.45552280877491,运行/运行/ATP-VSW/ATP-VSW-DOCK_HTVS_1-001_lib/ATP-VSW-DOCK_HTVS_1-001_lib
ATP-HTVS-F8BD3C119C5E,HTVS,-6.25521085706323,运行/运行/ATP-VSW/ATP-VSW-DOCK_HTVS_1-003_lib/ATP-VSW-DOCK_HTVS_1-003_lib.mae
ATP-HTVS-F8BD3C119C5E,HTVS,-5.79706264368197,运行/运行/ATP-VSW/ATP-VSW-DOCK_HTVS_1-003_lib/ATP-VSW-DOCK_HTVS_1-003_lib.mae
ATP-HTVS-F8BD3C119C5E,HTVS,-5.33658450808695,运行/运行/ATP-VSW/ATP-VSW-DOCK_HTVS_1-003_lib/ATP-VSW-DOCK_HTVS_1-003_lib.mae
ATP-HTVS-F8BD3C119C5E,HTVS,-4.89257082690124,运行/运行/ATP-VSW/ATP-VSW-DOCK_HTVS_1-003_lib/ATP-VSW-DOCK_HTVS_1-003_lib.mae
ATP-HTVS-F8BD3C119C5E,HTVS,-2.96341282817483,运行/运行/ATP-VSW/ATP-VSW-DOCK_HTVS_1-003_lib/ATP-VSW-DOCK_HTVS_1-003_lib.mae
ATP-HTVS-F8BD3C119C5E,HTVS,-2.57553335723745,运行/运行/ATP-VSW/ATP-VSW-DOCK_HTVS_1-003_lib/ATP-VSW-DOCK_HTVS_1-003_lib.mae
ATP-HTVS-F8BD3C119C5E,HTVS,-2.25858763763028,运行/运行/ATP-VSW/ATP-VSW-DOCK_HTVS_1-003_lib/ATP-VSW-DOCK_HTVS_1-003_lib.mae
ATP-HTVS-F8BD3C119C5E,HTVS,-2.10774033507962,运行/运行/ATP-VSW/ATP-VSW-DOCK_HTVS_1-003_lib/ATP-VSW-DOCK_HTVS_1-003_lib.mae
ATP-HTVS-F8C49F655F6D,HTVS,-5.52359989451645,运行/运行/ATP-VSW/ATP-VSW-DOCK_HTVS_1-003_lib/ATP-VSW-DOCK_HTVS_1-003_lib.mae
ATP-HTVS-F8C49F655F6D,HTVS,-3.70476646907792,运行/运行/ATP-VSW/ATP-VSW-DOCK_HTVS_1-003_lib/ATP-VSW-DOCK_HTVS_1-003_lib.mae
ATP-HTVS-F8C49F655F6D,HTVS,-2.29002790913056,运行/运行/ATP-VSW/ATP-VSW-DOCK_HTVS_1-003_lib/ATP-VSW-DOCK_HTVS_1-003_lib.mae
ATP-HTVS-F8CA9C936D19,HTVS,-5.1904878490302,运行/运行/ATP-VSW/ATP-VSW-DOCK_HTVS_1-001_lib/ATP-VSW-DOCK_HTVS_1-001_lib
ATP-HTVS-F8CA9C936D19,HTVS,-4.11218167678416,运行/运行/ATP-VSW/ATP-VSW-DOCK_HTVS_1-001_lib/ATP-VSW-DOCK_HTVS_1-001_lib
ATP-HTVS-F8CA9C936D19,HTVS,-3.888408151849,运行/运行/ATP-VSW/ATP-VSW-DOCK_HTVS_1-001_lib/ATP-VSW-DOCK_HTVS_1-001_lib
ATP-HTVS-F8CA9C936D19,HTVS,-3.81609922243446,运行/运行/ATP-VSW/ATP-VSW-DOCK_HTVS_1-001_lib/ATP-VSW-DOCK_HTVS_1-001_lib
ATP-HTVS-F8CA9C936D19,HTVS,-2.93555044298552,运行/运行/ATP-VSW/ATP-VSW-DOCK_HTVS_1-001_lib/ATP-VSW-DOCK_HTVS_1-001_lib
ATP-HTVS-F8CA9C936D19,HTVS,-2.70289725200464,运行/运行/ATP-VSW/ATP-VSW-DOCK_HTVS_1-001_lib/ATP-VSW-DOCK_HTVS_1-001_lib
ATP-HTVS-F8CA9C936D19,HTVS,-1.0729345665935,运行/运行/ATP-VSW/ATP-VSW-DOCK_HTVS_1-001_lib/ATP-VSW-DOCK_HTVS_1-001_lib
ATP-HTVS-F8CA9C936D19,HTVS,-0.275093923425925,运行/运行/ATP-VSW/ATP-VSW-DOCK_HTVS_1-001_lib/ATP-VSW-DOCK_HTVS_1-001_lib
ATP-HTVS-F8CD80CEA373,HTVS,-3.51786680946636,运行/运行/ATP-VSW/ATP-VSW-DOCK_HTVS_1-001_lib/ATP-VSW-DOCK_HTVS_1-001_lib
ATP-HTVS-F8D08A3E140C,HTVS,-4.04917486199149,运行/运行/ATP-VSW/ATP-VSW-DOCK_HTVS_1-001_lib/ATP-VSW-DOCK_HTVS_1-001_lib
ATP-HTVS-F8D08A3E140C,HTVS,-1.79689427112413,运行/运行/ATP-VSW/ATP-VSW-DOCK_HTVS_1-001_lib/ATP-VSW-DOCK_HTVS_1-001_lib
ATP-HTVS-F8D25E752EF8,HTVS,-3.34273397361502,运行/运行/ATP-VSW/ATP-VSW-DOCK_HTVS_1-003_lib/ATP-VSW-DOCK_HTVS_1-003_lib.mae
ATP-HTVS-F8D25E752EF8,HTVS,1.44571665516953,运行/运行/ATP-VSW/ATP-VSW-DOCK_HTVS_1-003_lib/ATP-VSW-DOCK_HTVS_1-003_lib.mae
ATP-HTVS-F92825C2DD85,HTVS,-4.32588501956729,运行/运行/ATP-VSW/ATP-VSW-DOCK_HTVS_1-003_lib/ATP-VSW-DOCK_HTVS_1-003_lib.mae
ATP-HTVS-F92825C2DD85,HTVS,-3.94093344133889,运行/运行/ATP-VSW/ATP-VSW-DOCK_HTVS_1-003_lib/ATP-VSW-DOCK_HTVS_1-003_lib.mae
ATP-HTVS-F937C5B79A0E,HTVS,-5.66648269514303,运行/运行/ATP-VSW/ATP-VSW-DOCK_HTVS_1-003_lib/ATP-VSW-DOCK_HTVS_1-003_lib.mae
ATP-HTVS-F937C5B79A0E,HTVS,-3.97775302150207,运行/运行/ATP-VSW/ATP-VSW-DOCK_HTVS_1-003_lib/ATP-VSW-DOCK_HTVS_1-003_lib.mae
ATP-HTVS-F937C5B79A0E,HTVS,-2.82145936127634,运行/运行/ATP-VSW/ATP-VSW-DOCK_HTVS_1-003_lib/ATP-VSW-DOCK_HTVS_1-003_lib.mae
ATP-HTVS-F937C5B79A0E,HTVS,-2.25562420147222,运行/运行/ATP-VSW/ATP-VSW-DOCK_HTVS_1-003_lib/ATP-VSW-DOCK_HTVS_1-003_lib.mae
ATP-HTVS-F93F310E89BE,HTVS,-4.51798694248071,运行/运行/ATP-VSW/ATP-VSW-DOCK_HTVS_1-002_lib.maegz
ATP-HTVS-F93F310E89BE,HTVS,-1.64254294867586,运行/运行/ATP-VSW/ATP-VSW-DOCK_HTVS_1-002_lib.maegz
ATP-HTVS-F97015D0DCF4,HTVS,-3.66122677714146,运行/运行/ATP-VSW/ATP-VSW-DOCK_HTVS_1-001_lib/ATP-VSW-DOCK_HTVS_1-001_lib
ATP-HTVS-F97015D0DCF4,HTVS,-3.00709502984287,运行/运行/ATP-VSW/ATP-VSW-DOCK_HTVS_1-001_lib/ATP-VSW-DOCK_HTVS_1-001_lib
ATP-HTVS-F97015D0DCF4,HTVS,-2.51115683049661,运行/运行/ATP-VSW/ATP-VSW-DOCK_HTVS_1-001_lib/ATP-VSW-DOCK_HTVS_1-001_lib
ATP-HTVS-F99370747DC9,HTVS,-2.48476670519994,运行/运行/ATP-VSW/ATP-VSW-DOCK_HTVS_1-001_lib/ATP-VSW-DOCK_HTVS_1-001_lib
ATP-HTVS-F9B5ED51D5DA,HTVS,-4.73144566594342,运行/运行/ATP-VSW/ATP-VSW-DOCK_HTVS_1-003_lib/ATP-VSW-DOCK_HTVS_1-003_lib.mae
ATP-HTVS-F9EAD73A28F1,HTVS,-2.64915801521619,运行/运行/ATP-VSW/ATP-VSW-DOCK_HTVS_1-003_lib/ATP-VSW-DOCK_HTVS_1-003_lib.mae
ATP-HTVS-F9EAD73A28F1,HTVS,-2.26806637456264,运行/运行/ATP-VSW/ATP-VSW-DOCK_HTVS_1-003_lib/ATP-VSW-DOCK_HTVS_1-003_lib.mae
ATP-HTVS-F9EAD73A28F1,HTVS,-2.17612524319534,运行/运行/ATP-VSW/ATP-VSW-DOCK_HTVS_1-003_lib/ATP-VSW-DOCK_HTVS_1-003_lib.mae
ATP-HTVS-F9EAD73A28F1,HTVS,0.553199765340755,运行/运行/ATP-VSW/ATP-VSW-DOCK_HTVS_1-003_lib/ATP-VSW-DOCK_HTVS_1-003_lib.mae
ATP-HTVS-F9F42C67BCEC,HTVS,-3.75454372119379,运行/运行/ATP-VSW/ATP-VSW-DOCK_HTVS_1-002_lib.maegz
ATP-HTVS-F9F42C67BCEC,HTVS,-2.51489644928596,运行/运行/ATP-VSW/ATP-VSW-DOCK_HTVS_1-002_lib.maegz
ATP-HTVS-FA0319FBED9B,HTVS,-5.17905081615349,运行/运行/ATP-VSW/ATP-VSW-DOCK_HTVS_1-001_lib/ATP-VSW-DOCK_HTVS_1-001_lib
ATP-HTVS-FA0319FBED9B,HTVS,-4.885048033683,运行/运行/ATP-VSW/ATP-VSW-DOCK_HTVS_1-001_lib/ATP-VSW-DOCK_HTVS_1-001_lib
ATP-HTVS-FA0319FBED9B,HTVS,-4.58229927432995,运行/运行/ATP-VSW/ATP-VSW-DOCK_HTVS_1-001_lib/ATP-VSW-DOCK_HTVS_1-001_lib
ATP-HTVS-FA0319FBED9B,HTVS,-4.38518709555152,运行/运行/ATP-VSW/ATP-VSW-DOCK_HTVS_1-001_lib/ATP-VSW-DOCK_HTVS_1-001_lib
ATP-HTVS-FA2DABCA7F05,HTVS,-4.11034688848641,运行/运行/ATP-VSW/ATP-VSW-DOCK_HTVS_1-003_lib/ATP-VSW-DOCK_HTVS_1-003_lib.mae
ATP-HTVS-FA2DABCA7F05,HTVS,-3.21201066402642,运行/运行/ATP-VSW/ATP-VSW-DOCK_HTVS_1-003_lib/ATP-VSW-DOCK_HTVS_1-003_lib.mae
ATP-HTVS-FA2DABCA7F05,HTVS,-1.77625219937107,运行/运行/ATP-VSW/ATP-VSW-DOCK_HTVS_1-003_lib/ATP-VSW-DOCK_HTVS_1-003_lib.mae
ATP-HTVS-FAA4B7BBA523,HTVS,-4.42208158051949,运行/运行/ATP-VSW/ATP-VSW-DOCK_HTVS_1-001_lib/ATP-VSW-DOCK_HTVS_1-001_lib
ATP-HTVS-FAA4B7BBA523,HTVS,-3.67779108256109,运行/运行/ATP-VSW/ATP-VSW-DOCK_HTVS_1-001_lib/ATP-VSW-DOCK_HTVS_1-001_lib
ATP-HTVS-FAA4B7BBA523,HTVS,-3.46794378060964,运行/运行/ATP-VSW/ATP-VSW-DOCK_HTVS_1-001_lib/ATP-VSW-DOCK_HTVS_1-001_lib
ATP-HTVS-FAB6E8368155,HTVS,-4.52193757739847,运行/运行/ATP-VSW/ATP-VSW-DOCK_HTVS_1-003_lib/ATP-VSW-DOCK_HTVS_1-003_lib.mae
ATP-HTVS-FAB6E8368155,HTVS,-4.01718957736519,运行/运行/ATP-VSW/ATP-VSW-DOCK_HTVS_1-003_lib/ATP-VSW-DOCK_HTVS_1-003_lib.mae
ATP-HTVS-FAB6E8368155,HTVS,-2.1312613833936,运行/运行/ATP-VSW/ATP-VSW-DOCK_HTVS_1-003_lib/ATP-VSW-DOCK_HTVS_1-003_lib.mae
ATP-HTVS-FAB6E8368155,HTVS,-1.5831900766604,运行/运行/ATP-VSW/ATP-VSW-DOCK_HTVS_1-003_lib/ATP-VSW-DOCK_HTVS_1-003_lib.mae
ATP-HTVS-FACA1D344F25,HTVS,-4.7778429954561,运行/运行/ATP-VSW/ATP-VSW-DOCK_HTVS_1-001_lib/ATP-VSW-DOCK_HTVS_1-001_lib
ATP-HTVS-FACA1D344F25,HTVS,-3.99088520979404,运行/运行/ATP-VSW/ATP-VSW-DOCK_HTVS_1-001_lib/ATP-VSW-DOCK_HTVS_1-001_lib
ATP-HTVS-FACA1D344F25,HTVS,-2.21380553720553,运行/运行/ATP-VSW/ATP-VSW-DOCK_HTVS_1-001_lib/ATP-VSW-DOCK_HTVS_1-001_lib
ATP-HTVS-FACA9080893C,HTVS,-0.732116905532498,运行/运行/ATP-VSW/ATP-VSW-DOCK_HTVS_1-002_lib.maegz
ATP-HTVS-FB09B772C34B,HTVS,-3.43346422373664,运行/运行/ATP-VSW/ATP-VSW-DOCK_HTVS_1-003_lib/ATP-VSW-DOCK_HTVS_1-003_lib.mae
ATP-HTVS-FB09B772C34B,HTVS,-2.11346360076967,运行/运行/ATP-VSW/ATP-VSW-DOCK_HTVS_1-003_lib/ATP-VSW-DOCK_HTVS_1-003_lib.mae
ATP-HTVS-FB09B772C34B,HTVS,-1.78023741821499,运行/运行/ATP-VSW/ATP-VSW-DOCK_HTVS_1-003_lib/ATP-VSW-DOCK_HTVS_1-003_lib.mae
ATP-HTVS-FB09B772C34B,HTVS,-1.46264018353644,运行/运行/ATP-VSW/ATP-VSW-DOCK_HTVS_1-003_lib/ATP-VSW-DOCK_HTVS_1-003_lib.mae
ATP-HTVS-FB368C7A9127,HTVS,-3.59794683884504,运行/运行/ATP-VSW/ATP-VSW-DOCK_HTVS_1-003_lib/ATP-VSW-DOCK_HTVS_1-003_lib.mae
ATP-HTVS-FBBE5B904E6C,HTVS,-4.84821828314652,运行/运行/ATP-VSW/ATP-VSW-DOCK_HTVS_1-003_lib/ATP-VSW-DOCK_HTVS_1-003_lib.mae
ATP-HTVS-FBBE5B904E6C,HTVS,-4.58253368387947,运行/运行/ATP-VSW/ATP-VSW-DOCK_HTVS_1-003_lib/ATP-VSW-DOCK_HTVS_1-003_lib.mae
ATP-HTVS-FBBE5B904E6C,HTVS,-3.07270313712941,运行/运行/ATP-VSW/ATP-VSW-DOCK_HTVS_1-003_lib/ATP-VSW-DOCK_HTVS_1-003_lib.mae
ATP-HTVS-FBBE5B904E6C,HTVS,-2.71826799732555,运行/运行/ATP-VSW/ATP-VSW-DOCK_HTVS_1-003_lib/ATP-VSW-DOCK_HTVS_1-003_lib.mae
ATP-HTVS-FBBE5B904E6C,HTVS,-1.9764163373547,运行/运行/ATP-VSW/ATP-VSW-DOCK_HTVS_1-003_lib/ATP-VSW-DOCK_HTVS_1-003_lib.mae
ATP-HTVS-FBBE5B904E6C,HTVS,-1.51031726021233,运行/运行/ATP-VSW/ATP-VSW-DOCK_HTVS_1-003_lib/ATP-VSW-DOCK_HTVS_1-003_lib.mae
ATP-HTVS-FBE624773B31,HTVS,-3.4399363541087,运行/运行/ATP-VSW/ATP-VSW-DOCK_HTVS_1-001_lib/ATP-VSW-DOCK_HTVS_1-001_lib
ATP-HTVS-FBE624773B31,HTVS,-1.88533430796778,运行/运行/ATP-VSW/ATP-VSW-DOCK_HTVS_1-001_lib/ATP-VSW-DOCK_HTVS_1-001_lib
ATP-HTVS-FC258B4525E9,HTVS,-4.21756373878038,运行/运行/ATP-VSW/ATP-VSW-DOCK_HTVS_1-002_lib.maegz
ATP-HTVS-FC258B4525E9,HTVS,-2.88378814759499,运行/运行/ATP-VSW/ATP-VSW-DOCK_HTVS_1-002_lib.maegz
ATP-HTVS-FC28EB1BA5EE,HTVS,-4.01867650326417,运行/运行/ATP-VSW/ATP-VSW-DOCK_HTVS_1-001_lib/ATP-VSW-DOCK_HTVS_1-001_lib
ATP-HTVS-FC28EB1BA5EE,HTVS,-0.936759638251089,运行/运行/ATP-VSW/ATP-VSW-DOCK_HTVS_1-001_lib/ATP-VSW-DOCK_HTVS_1-001_lib
ATP-HTVS-FC30DD28CEC3,HTVS,-4.45263911953867,运行/运行/ATP-VSW/ATP-VSW-DOCK_HTVS_1-003_lib/ATP-VSW-DOCK_HTVS_1-003_lib.mae
ATP-HTVS-FC30DD28CEC3,HTVS,-1.65962364356311,运行/运行/ATP-VSW/ATP-VSW-DOCK_HTVS_1-003_lib/ATP-VSW-DOCK_HTVS_1-003_lib.mae
ATP-HTVS-FC39CD496C36,HTVS,-3.02395128541612,运行/运行/ATP-VSW/ATP-VSW-DOCK_HTVS_1-003_lib/ATP-VSW-DOCK_HTVS_1-003_lib.mae
ATP-HTVS-FC39CD496C36,HTVS,-2.13227146570436,运行/运行/ATP-VSW/ATP-VSW-DOCK_HTVS_1-003_lib/ATP-VSW-DOCK_HTVS_1-003_lib.mae
ATP-HTVS-FC732D287CB6,HTVS,-5.55592145779039,运行/运行/ATP-VSW/ATP-VSW-DOCK_HTVS_1-001_lib/ATP-VSW-DOCK_HTVS_1-001_lib
ATP-HTVS-FC732D287CB6,HTVS,-3.3507305865315,运行/运行/ATP-VSW/ATP-VSW-DOCK_HTVS_1-001_lib/ATP-VSW-DOCK_HTVS_1-001_lib
ATP-HTVS-FC91B4531E6F,HTVS,-3.75103745705692,运行/运行/ATP-VSW/ATP-VSW-DOCK_HTVS_1-002_lib.maegz
ATP-HTVS-FCCFF683ADF4,HTVS,-2.21908390745017,运行/运行/ATP-VSW/ATP-VSW-DOCK_HTVS_1-003_lib/ATP-VSW-DOCK_HTVS_1-003_lib.mae
ATP-HTVS-FCCFF683ADF4,HTVS,-1.77187683703233,运行/运行/ATP-VSW/ATP-VSW-DOCK_HTVS_1-003_lib/ATP-VSW-DOCK_HTVS_1-003_lib.mae
ATP-HTVS-FD26B682FD2E,HTVS,-4.3951611416954,运行/运行/ATP-VSW/ATP-VSW-DOCK_HTVS_1-002_lib.maegz
ATP-HTVS-FD637A018D73,HTVS,-4.18338748528722,运行/运行/ATP-VSW/ATP-VSW-DOCK_HTVS_1-002_lib.maegz
ATP-HTVS-FD637A018D73,HTVS,-2.12223762660342,运行/运行/ATP-VSW/ATP-VSW-DOCK_HTVS_1-002_lib.maegz
ATP-HTVS-FD8D954BBECF,HTVS,-5.32017851323543,运行/运行/ATP-VSW/ATP-VSW-DOCK_HTVS_1-002_lib.maegz
ATP-HTVS-FD8D954BBECF,HTVS,-3.58315831636686,运行/运行/ATP-VSW/ATP-VSW-DOCK_HTVS_1-002_lib.maegz
ATP-HTVS-FD8D954BBECF,HTVS,-3.49730116023362,运行/运行/ATP-VSW/ATP-VSW-DOCK_HTVS_1-002_lib.maegz
ATP-HTVS-FD8D954BBECF,HTVS,-1.06495736557942,运行/运行/ATP-VSW/ATP-VSW-DOCK_HTVS_1-002_lib.maegz
ATP-HTVS-FDA25AF4FB7A,HTVS,-1.86073470843373,运行/运行/ATP-VSW/ATP-VSW-DOCK_HTVS_1-001_lib/ATP-VSW-DOCK_HTVS_1-001_lib
ATP-HTVS-FDA25AF4FB7A,HTVS,-1.09782211751771,运行/运行/ATP-VSW/ATP-VSW-DOCK_HTVS_1-001_lib/ATP-VSW-DOCK_HTVS_1-001_lib
ATP-HTVS-FDB0B4A5AF84,HTVS,-4.0570925598645,运行/运行/ATP-VSW/ATP-VSW-DOCK_HTVS_1-003_lib/ATP-VSW-DOCK_HTVS_1-003_lib.mae
ATP-HTVS-FDB0B4A5AF84,HTVS,-3.37602573787486,运行/运行/ATP-VSW/ATP-VSW-DOCK_HTVS_1-003_lib/ATP-VSW-DOCK_HTVS_1-003_lib.mae
ATP-HTVS-FDB0B4A5AF84,HTVS,-1.62230805887644,运行/运行/ATP-VSW/ATP-VSW-DOCK_HTVS_1-003_lib/ATP-VSW-DOCK_HTVS_1-003_lib.mae
ATP-HTVS-FDB0B4A5AF84,HTVS,-1.34304189131248,运行/运行/ATP-VSW/ATP-VSW-DOCK_HTVS_1-003_lib/ATP-VSW-DOCK_HTVS_1-003_lib.mae
ATP-HTVS-FDB0F1EC6F74,HTVS,-5.45391423146877,运行/运行/ATP-VSW/ATP-VSW-DOCK_HTVS_1-003_lib/ATP-VSW-DOCK_HTVS_1-003_lib.mae
ATP-HTVS-FDB0F1EC6F74,HTVS,-3.64409612242262,运行/运行/ATP-VSW/ATP-VSW-DOCK_HTVS_1-003_lib/ATP-VSW-DOCK_HTVS_1-003_lib.mae
ATP-HTVS-FDDF48EBDCF8,HTVS,-4.45599054129568,运行/运行/ATP-VSW/ATP-VSW-DOCK_HTVS_1-001_lib/ATP-VSW-DOCK_HTVS_1-001_lib
ATP-HTVS-FDDF48EBDCF8,HTVS,-3.27907615482219,运行/运行/ATP-VSW/ATP-VSW-DOCK_HTVS_1-001_lib/ATP-VSW-DOCK_HTVS_1-001_lib
ATP-HTVS-FDDF48EBDCF8,HTVS,-3.03907960498889,运行/运行/ATP-VSW/ATP-VSW-DOCK_HTVS_1-001_lib/ATP-VSW-DOCK_HTVS_1-001_lib
ATP-HTVS-FDDF48EBDCF8,HTVS,-2.15712180030417,运行/运行/ATP-VSW/ATP-VSW-DOCK_HTVS_1-001_lib/ATP-VSW-DOCK_HTVS_1-001_lib
ATP-HTVS-FDDF48EBDCF8,HTVS,-2.04309901923254,运行/运行/ATP-VSW/ATP-VSW-DOCK_HTVS_1-001_lib/ATP-VSW-DOCK_HTVS_1-001_lib
ATP-HTVS-FE1522AA7EF8,HTVS,-4.34980457228018,运行/运行/ATP-VSW/ATP-VSW-DOCK_HTVS_1-001_lib/ATP-VSW-DOCK_HTVS_1-001_lib
ATP-HTVS-FE1522AA7EF8,HTVS,-2.54447398185965,运行/运行/ATP-VSW/ATP-VSW-DOCK_HTVS_1-001_lib/ATP-VSW-DOCK_HTVS_1-001_lib
ATP-HTVS-FE34E3A925C6,HTVS,-3.88785421325528,运行/运行/ATP-VSW/ATP-VSW-DOCK_HTVS_1-003_lib/ATP-VSW-DOCK_HTVS_1-003_lib.mae
ATP-HTVS-FE34E3A925C6,HTVS,-1.57637580040519,运行/运行/ATP-VSW/ATP-VSW-DOCK_HTVS_1-003_lib/ATP-VSW-DOCK_HTVS_1-003_lib.mae
ATP-HTVS-FE46C3AF7461,HTVS,-4.56034552065314,运行/运行/ATP-VSW/ATP-VSW-DOCK_HTVS_1-003_lib/ATP-VSW-DOCK_HTVS_1-003_lib.mae
ATP-HTVS-FE46C3AF7461,HTVS,-3.41270170566349,运行/运行/ATP-VSW/ATP-VSW-DOCK_HTVS_1-003_lib/ATP-VSW-DOCK_HTVS_1-003_lib.mae
ATP-HTVS-FE5B2EC4EA23,HTVS,-4.67979509796644,运行/运行/ATP-VSW/ATP-VSW-DOCK_HTVS_1-002_lib.maegz
ATP-HTVS-FE5B2EC4EA23,HTVS,-1.73862567327238,运行/运行/ATP-VSW/ATP-VSW-DOCK_HTVS_1-002_lib.maegz
ATP-HTVS-FE5F78CE8672,HTVS,-4.95711055598277,运行/运行/ATP-VSW/ATP-VSW-DOCK_HTVS_1-003_lib/ATP-VSW-DOCK_HTVS_1-003_lib.mae
ATP-HTVS-FE6FB0E22990,HTVS,-4.7968813911865,运行/运行/ATP-VSW/ATP-VSW-DOCK_HTVS_1-003_lib/ATP-VSW-DOCK_HTVS_1-003_lib.mae
ATP-HTVS-FE6FB0E22990,HTVS,-2.75363933570303,运行/运行/ATP-VSW/ATP-VSW-DOCK_HTVS_1-003_lib/ATP-VSW-DOCK_HTVS_1-003_lib.mae
ATP-HTVS-FE6FB0E22990,HTVS,-1.92218330118887,运行/运行/ATP-VSW/ATP-VSW-DOCK_HTVS_1-003_lib/ATP-VSW-DOCK_HTVS_1-003_lib.mae
ATP-HTVS-FE9A1A55DD78,HTVS,-4.57127764880107,运行/运行/ATP-VSW/ATP-VSW-DOCK_HTVS_1-003_lib/ATP-VSW-DOCK_HTVS_1-003_lib.mae
ATP-HTVS-FE9A1A55DD78,HTVS,-2.9259857431513,运行/运行/ATP-VSW/ATP-VSW-DOCK_HTVS_1-003_lib/ATP-VSW-DOCK_HTVS_1-003_lib.mae
ATP-HTVS-FE9A1A55DD78,HTVS,-0.062486734977327,运行/运行/ATP-VSW/ATP-VSW-DOCK_HTVS_1-003_lib/ATP-VSW-DOCK_HTVS_1-003_lib.mae
ATP-HTVS-FEA784CAFC0E,HTVS,-1.60612474839051,运行/运行/ATP-VSW/ATP-VSW-DOCK_HTVS_1-001_lib/ATP-VSW-DOCK_HTVS_1-001_lib
ATP-HTVS-FEB80F9C0A7B,HTVS,-4.43602883433728,运行/运行/ATP-VSW/ATP-VSW-DOCK_HTVS_1-002_lib.maegz
ATP-HTVS-FEB80F9C0A7B,HTVS,-3.85329470434993,运行/运行/ATP-VSW/ATP-VSW-DOCK_HTVS_1-002_lib.maegz
ATP-HTVS-FEB80F9C0A7B,HTVS,-3.6866584523981,运行/运行/ATP-VSW/ATP-VSW-DOCK_HTVS_1-002_lib.maegz
ATP-HTVS-FEB80F9C0A7B,HTVS,-2.56538213020078,运行/运行/ATP-VSW/ATP-VSW-DOCK_HTVS_1-002_lib.maegz
ATP-HTVS-FEB80F9C0A7B,HTVS,-1.87717568545932,运行/运行/ATP-VSW/ATP-VSW-DOCK_HTVS_1-002_lib.maegz
ATP-HTVS-FEB80F9C0A7B,HTVS,-1.55924134421935,运行/运行/ATP-VSW/ATP-VSW-DOCK_HTVS_1-002_lib.maegz
ATP-HTVS-FEB80F9C0A7B,HTVS,-1.34910087466747,运行/运行/ATP-VSW/ATP-VSW-DOCK_HTVS_1-002_lib.maegz
ATP-HTVS-FEE4C5F961F6,HTVS,-1.65273942795434,运行/运行/ATP-VSW/ATP-VSW-DOCK_HTVS_1-001_lib/ATP-VSW-DOCK_HTVS_1-001_lib
ATP-HTVS-FF081A1D735D,HTVS,-4.75510008332164,运行/运行/ATP-VSW/ATP-VSW-DOCK_HTVS_1-003_lib/ATP-VSW-DOCK_HTVS_1-003_lib.mae
ATP-HTVS-FF081A1D735D,HTVS,-3.52536757354373,运行/运行/ATP-VSW/ATP-VSW-DOCK_HTVS_1-003_lib/ATP-VSW-DOCK_HTVS_1-003_lib.mae
ATP-HTVS-FF167463AED4,HTVS,-4.88399342983979,运行/运行/ATP-VSW/ATP-VSW-DOCK_HTVS_1-003_lib/ATP-VSW-DOCK_HTVS_1-003_lib.mae
ATP-HTVS-FF167463AED4,HTVS,-2.76217907920579,运行/运行/ATP-VSW/ATP-VSW-DOCK_HTVS_1-003_lib/ATP-VSW-DOCK_HTVS_1-003_lib.mae
ATP-HTVS-FF167463AED4,HTVS,-1.90998542808654,运行/运行/ATP-VSW/ATP-VSW-DOCK_HTVS_1-003_lib/ATP-VSW-DOCK_HTVS_1-003_lib.mae
ATP-HTVS-FF1C1E5A01F9,HTVS,-4.00357618948129,运行/运行/ATP-VSW/ATP-VSW-DOCK_HTVS_1-003_lib/ATP-VSW-DOCK_HTVS_1-003_lib.mae
ATP-HTVS-FF63783F1DD1,HTVS,-5.10529777735234,运行/运行/ATP-VSW/ATP-VSW-DOCK_HTVS_1-001_lib/ATP-VSW-DOCK_HTVS_1-001_lib
ATP-HTVS-FF63783F1DD1,HTVS,-4.82480298113945,运行/运行/ATP-VSW/ATP-VSW-DOCK_HTVS_1-001_lib/ATP-VSW-DOCK_HTVS_1-001_lib
ATP-HTVS-FF63783F1DD1,HTVS,-3.94384268422331,运行/运行/ATP-VSW/ATP-VSW-DOCK_HTVS_1-001_lib/ATP-VSW-DOCK_HTVS_1-001_lib
ATP-HTVS-FF63783F1DD1,HTVS,-2.47474705665777,运行/运行/ATP-VSW/ATP-VSW-DOCK_HTVS_1-001_lib/ATP-VSW-DOCK_HTVS_1-001_lib
ATP-HTVS-FF886C71D805,HTVS,-4.73008693975647,运行/运行/ATP-VSW/ATP-VSW-DOCK_HTVS_1-001_lib/ATP-VSW-DOCK_HTVS_1-001_lib
ATP-HTVS-FFCF51BF8290,HTVS,-3.84560850291888,运行/运行/ATP-VSW/ATP-VSW-DOCK_HTVS_1-002_lib.maegz
ATP-HTVS-FFCF51BF8290,HTVS,-2.34230227834389,运行/运行/ATP-VSW/ATP-VSW-DOCK_HTVS_1-002_lib.maegz
ATP-HTVS-FFD71C24E98D,HTVS,-4.59867026837176,运行/运行/ATP-VSW/ATP-VSW-DOCK_HTVS_1-002_lib.maegz
ATP-HTVS-FFD71C24E98D,HTVS,-2.33828570657004,运行/运行/ATP-VSW/ATP-VSW-DOCK_HTVS_1-002_lib.maegz
ATP-HTVS-FFE3AC9FC45B,HTVS,-3.9403001603173,运行/运行/ATP-VSW/ATP-VSW-DOCK_HTVS_1-003_lib/ATP-VSW-DOCK_HTVS_1-003_lib.mae
ATP-HTVS-FFE3AC9FC45B,HTVS,-2.45437352284422,运行/运行/ATP-VSW/ATP-VSW-DOCK_HTVS_1-003_lib/ATP-VSW-DOCK_HTVS_1-003_lib.mae
ATP-HIT-MD-001,MMGBSA,-48.69399718749996,作图/作图/1-阳性化合物和蛋白的MD/图-3/Hit.csv
ATP-REF-IN2,MMGBSA,-38.424995410089956,作图/作图/1-阳性化合物和蛋白的MD/图-3/IN-2.csv
ATP-SMI-15737353FB69,MMGBSA,-51.42,作图/作图/2-基于衍生数据库的虚拟筛选/数据/VSW.csv
ATP-SMI-4417138BF81D,MMGBSA,-33.54,作图/作图/2-基于衍生数据库的虚拟筛选/数据/VSW.csv
ATP-SMI-5B36D3E11A3B,MMGBSA,-44.13,作图/作图/2-基于衍生数据库的虚拟筛选/数据/VSW.csv
ATP-SMI-5D3E7B6B6796,MMGBSA,-54.81,作图/作图/2-基于衍生数据库的虚拟筛选/数据/VSW.csv
ATP-SMI-775D33706F04,MMGBSA,-43,作图/作图/2-基于衍生数据库的虚拟筛选/数据/VSW.csv
ATP-SMI-874C2DE25FE4,MMGBSA,-56.37,作图/作图/2-基于衍生数据库的虚拟筛选/数据/VSW.csv
ATP-SMI-91E7552C2382,MMGBSA,-34.76,作图/作图/2-基于衍生数据库的虚拟筛选/数据/VSW.csv
ATP-SMI-94F73967C042,MMGBSA,-44.48,作图/作图/2-基于衍生数据库的虚拟筛选/数据/VSW.csv
ATP-SMI-96FD6257D8BA,MMGBSA,-52.9,作图/作图/2-基于衍生数据库的虚拟筛选/数据/VSW.csv
ATP-SMI-9DA3213A09E8,MMGBSA,-57.51,作图/作图/2-基于衍生数据库的虚拟筛选/数据/VSW.csv
ATP-SMI-BF69AB71C1A4,MMGBSA,-51.01,作图/作图/2-基于衍生数据库的虚拟筛选/数据/VSW.csv
ATP-SMI-C3308BEE03AC,MMGBSA,-48.06,作图/作图/2-基于衍生数据库的虚拟筛选/数据/VSW.csv
ATP-SMI-C93E6EC67CDB,MMGBSA,-56.56,作图/作图/2-基于衍生数据库的虚拟筛选/数据/VSW.csv
ATP-SMI-CDED936B42F4,MMGBSA,-47.89,作图/作图/2-基于衍生数据库的虚拟筛选/数据/VSW.csv
ATP-SMI-CFA68A98711F,MMGBSA,-37.5,作图/作图/2-基于衍生数据库的虚拟筛选/数据/VSW.csv
ATP-SMI-E9798004BA11,MMGBSA,-51.99,作图/作图/2-基于衍生数据库的虚拟筛选/数据/VSW.csv
ATP-SMI-FCA9CDF3313B,MMGBSA,-48.88,作图/作图/2-基于衍生数据库的虚拟筛选/数据/VSW.csv
