evidence_id,project_id,compound_id,evidence_type,raw_value,normalized_value,unit,protocol_id,tool_version,source_job_id,artifact_hash,timestamp,provenance
ev_bfffc03d4dfcbccc8c942c5e,in2_reconstructed_open_workflow,ATP-RDL-09249830AB23A99B,vina_affinity,-8.503,,kcal/mol,vina_7p3w_v1,1.2.7,job_fc94ff268cf6cc06fa79,1ad81cf9c9a0fd066c3568b553db2a5faad1c92c756469e06cb476dbd93053a1,2026-09-02T19:24:26.171753+00:00,"{""ligand_hash"": ""6257e819edc5f8fceab43e99fdc88973761898c16ae28c2ae7b3b6ffb9e4c66e"", ""origin"": ""tool_execution"", ""pose_hash"": ""1ad81cf9c9a0fd066c3568b553db2a5faad1c92c756469e06cb476dbd93053a1"", ""protocol_id"": ""vina_7p3w_v1"", ""receptor_hash"": ""e5e92ede1b1d000b00a7e5dbe3f3b02f0df0cd63b47dd8a421eeb8bddb1083ed"", ""run_id"": ""in2_smoke_100_v1"", ""scope"": ""open docking evidence; not Glide and not biological activity"", ""tool_id"": ""autodock_vina""}"
ev_2d13ce5682436382b2195108,in2_reconstructed_open_workflow,ATP-RDL-09249830AB23A99B,pose_qc,"{""pose_centroid"": [193.44490909090908, 189.3909696969697, 162.79151515151514], ""pose_count"": 9, ""status"": ""pass""}",,qc_record,vina_7p3w_v1,1.2.7,job_fc94ff268cf6cc06fa79,1ad81cf9c9a0fd066c3568b553db2a5faad1c92c756469e06cb476dbd93053a1,2026-09-02T19:24:26.172754+00:00,"{""ligand_hash"": ""6257e819edc5f8fceab43e99fdc88973761898c16ae28c2ae7b3b6ffb9e4c66e"", ""origin"": ""tool_execution"", ""pose_hash"": ""1ad81cf9c9a0fd066c3568b553db2a5faad1c92c756469e06cb476dbd93053a1"", ""protocol_id"": ""vina_7p3w_v1"", ""receptor_hash"": ""e5e92ede1b1d000b00a7e5dbe3f3b02f0df0cd63b47dd8a421eeb8bddb1083ed"", ""run_id"": ""in2_smoke_100_v1"", ""scope"": ""open docking evidence; not Glide and not biological activity"", ""tool_id"": ""autodock_vina""}"
ev_1c5898f783577b9f52694e6d,in2_reconstructed_open_workflow,ATP-RDL-1B17A0277B3EB6D3,vina_affinity,-8.05,,kcal/mol,vina_7p3w_v1,1.2.7,job_4f4e73674a535af90fc1,e86f49f3658ee862e9672246de711b7de7f8b8fe91ba825a4ec28bda1f6c5b39,2026-09-02T19:24:26.464973+00:00,"{""ligand_hash"": ""f9376c9701f78048a6294706d0a73dd2002f93bb086f3f6f5a6b99d26ff3fbac"", ""origin"": ""tool_execution"", ""pose_hash"": ""e86f49f3658ee862e9672246de711b7de7f8b8fe91ba825a4ec28bda1f6c5b39"", ""protocol_id"": ""vina_7p3w_v1"", ""receptor_hash"": ""e5e92ede1b1d000b00a7e5dbe3f3b02f0df0cd63b47dd8a421eeb8bddb1083ed"", ""run_id"": ""in2_smoke_100_v1"", ""scope"": ""open docking evidence; not Glide and not biological activity"", ""tool_id"": ""autodock_vina""}"
ev_533d6c107bb8087348f5226d,in2_reconstructed_open_workflow,ATP-RDL-1B17A0277B3EB6D3,pose_qc,"{""pose_centroid"": [198.2629142857143, 181.58228571428572, 155.13182857142857], ""pose_count"": 9, ""status"": ""pass""}",,qc_record,vina_7p3w_v1,1.2.7,job_4f4e73674a535af90fc1,e86f49f3658ee862e9672246de711b7de7f8b8fe91ba825a4ec28bda1f6c5b39,2026-09-02T19:24:26.466053+00:00,"{""ligand_hash"": ""f9376c9701f78048a6294706d0a73dd2002f93bb086f3f6f5a6b99d26ff3fbac"", ""origin"": ""tool_execution"", ""pose_hash"": ""e86f49f3658ee862e9672246de711b7de7f8b8fe91ba825a4ec28bda1f6c5b39"", ""protocol_id"": ""vina_7p3w_v1"", ""receptor_hash"": ""e5e92ede1b1d000b00a7e5dbe3f3b02f0df0cd63b47dd8a421eeb8bddb1083ed"", ""run_id"": ""in2_smoke_100_v1"", ""scope"": ""open docking evidence; not Glide and not biological activity"", ""tool_id"": ""autodock_vina""}"
ev_9f140833fcb677dcbce1faec,in2_reconstructed_open_workflow,ATP-RDL-7CBFFB7061716425,vina_affinity,-8.176,,kcal/mol,vina_7p3w_v1,1.2.7,job_8bc1f4fa0b23ea4f764c,18203c1ae698b904ebd683f52ca86044e170c97e8fa007cbd08c06eaa659e3d4,2026-09-02T19:24:28.394379+00:00,"{""ligand_hash"": ""4252ea486380432cbf42df395983b5137c894452b411c84595f38eaf4934b2b8"", ""origin"": ""tool_execution"", ""pose_hash"": ""18203c1ae698b904ebd683f52ca86044e170c97e8fa007cbd08c06eaa659e3d4"", ""protocol_id"": ""vina_7p3w_v1"", ""receptor_hash"": ""e5e92ede1b1d000b00a7e5dbe3f3b02f0df0cd63b47dd8a421eeb8bddb1083ed"", ""run_id"": ""in2_smoke_100_v1"", ""scope"": ""open docking evidence; not Glide and not biological activity"", ""tool_id"": ""autodock_vina""}"
ev_fff9e90f15d787ff5392f1b9,in2_reconstructed_open_workflow,ATP-RDL-7CBFFB7061716425,pose_qc,"{""pose_centroid"": [196.32048484848485, 190.5459090909091, 159.2449696969697], ""pose_count"": 9, ""status"": ""pass""}",,qc_record,vina_7p3w_v1,1.2.7,job_8bc1f4fa0b23ea4f764c,18203c1ae698b904ebd683f52ca86044e170c97e8fa007cbd08c06eaa659e3d4,2026-09-02T19:24:28.395826+00:00,"{""ligand_hash"": ""4252ea486380432cbf42df395983b5137c894452b411c84595f38eaf4934b2b8"", ""origin"": ""tool_execution"", ""pose_hash"": ""18203c1ae698b904ebd683f52ca86044e170c97e8fa007cbd08c06eaa659e3d4"", ""protocol_id"": ""vina_7p3w_v1"", ""receptor_hash"": ""e5e92ede1b1d000b00a7e5dbe3f3b02f0df0cd63b47dd8a421eeb8bddb1083ed"", ""run_id"": ""in2_smoke_100_v1"", ""scope"": ""open docking evidence; not Glide and not biological activity"", ""tool_id"": ""autodock_vina""}"
ev_fa5ee56b0bbbf025406700d1,in2_reconstructed_open_workflow,ATP-RDL-7E4D99F27F6F4500,vina_affinity,-7.476,,kcal/mol,vina_7p3w_v1,1.2.7,job_08740b15a9b1b0186aac,e4a733d97c50ebfaa545ef2610d548bb60bd149178e1eeb00513de4c60a39a65,2026-09-02T19:24:28.498560+00:00,"{""ligand_hash"": ""0f798ec2b40627c6cd9cdf1432fd97a40ccac64e5fc96bd1ee0b836d039a2631"", ""origin"": ""tool_execution"", ""pose_hash"": ""e4a733d97c50ebfaa545ef2610d548bb60bd149178e1eeb00513de4c60a39a65"", ""protocol_id"": ""vina_7p3w_v1"", ""receptor_hash"": ""e5e92ede1b1d000b00a7e5dbe3f3b02f0df0cd63b47dd8a421eeb8bddb1083ed"", ""run_id"": ""in2_smoke_100_v1"", ""scope"": ""open docking evidence; not Glide and not biological activity"", ""tool_id"": ""autodock_vina""}"
ev_d7a4c743cb4b9571831b8d49,in2_reconstructed_open_workflow,ATP-RDL-7E4D99F27F6F4500,pose_qc,"{""pose_centroid"": [194.20185714285714, 188.3510857142857, 161.55725714285714], ""pose_count"": 9, ""status"": ""pass""}",,qc_record,vina_7p3w_v1,1.2.7,job_08740b15a9b1b0186aac,e4a733d97c50ebfaa545ef2610d548bb60bd149178e1eeb00513de4c60a39a65,2026-09-02T19:24:28.500564+00:00,"{""ligand_hash"": ""0f798ec2b40627c6cd9cdf1432fd97a40ccac64e5fc96bd1ee0b836d039a2631"", ""origin"": ""tool_execution"", ""pose_hash"": ""e4a733d97c50ebfaa545ef2610d548bb60bd149178e1eeb00513de4c60a39a65"", ""protocol_id"": ""vina_7p3w_v1"", ""receptor_hash"": ""e5e92ede1b1d000b00a7e5dbe3f3b02f0df0cd63b47dd8a421eeb8bddb1083ed"", ""run_id"": ""in2_smoke_100_v1"", ""scope"": ""open docking evidence; not Glide and not biological activity"", ""tool_id"": ""autodock_vina""}"
ev_2e8b8727c05f67c598e2b94f,in2_reconstructed_open_workflow,ATP-RDL-B943D28D2C2254E2,vina_affinity,-7.59,,kcal/mol,vina_7p3w_v1,1.2.7,job_0e365a40998393998994,5fe1492e0398549e99a1d9073240f5159981b280d54e12653f4d8cddeb8b31f4,2026-09-02T19:24:29.748857+00:00,"{""ligand_hash"": ""2e754ebaea351005bf4b6deb2a2a1a49bbb433dcb297d80c5ce32f5add292870"", ""origin"": ""tool_execution"", ""pose_hash"": ""5fe1492e0398549e99a1d9073240f5159981b280d54e12653f4d8cddeb8b31f4"", ""protocol_id"": ""vina_7p3w_v1"", ""receptor_hash"": ""e5e92ede1b1d000b00a7e5dbe3f3b02f0df0cd63b47dd8a421eeb8bddb1083ed"", ""run_id"": ""in2_smoke_100_v1"", ""scope"": ""open docking evidence; not Glide and not biological activity"", ""tool_id"": ""autodock_vina""}"
ev_2dc09be7af5e2fb0674dbbad,in2_reconstructed_open_workflow,ATP-RDL-B943D28D2C2254E2,pose_qc,"{""pose_centroid"": [193.8964411764706, 187.9990294117647, 161.38750000000002], ""pose_count"": 9, ""status"": ""pass""}",,qc_record,vina_7p3w_v1,1.2.7,job_0e365a40998393998994,5fe1492e0398549e99a1d9073240f5159981b280d54e12653f4d8cddeb8b31f4,2026-09-02T19:24:29.749979+00:00,"{""ligand_hash"": ""2e754ebaea351005bf4b6deb2a2a1a49bbb433dcb297d80c5ce32f5add292870"", ""origin"": ""tool_execution"", ""pose_hash"": ""5fe1492e0398549e99a1d9073240f5159981b280d54e12653f4d8cddeb8b31f4"", ""protocol_id"": ""vina_7p3w_v1"", ""receptor_hash"": ""e5e92ede1b1d000b00a7e5dbe3f3b02f0df0cd63b47dd8a421eeb8bddb1083ed"", ""run_id"": ""in2_smoke_100_v1"", ""scope"": ""open docking evidence; not Glide and not biological activity"", ""tool_id"": ""autodock_vina""}"
ev_de3dd8a554bb1a2e2938b1d4,in2_reconstructed_open_workflow,ATP-RDL-C81613A871495152,vina_affinity,-8.365,,kcal/mol,vina_7p3w_v1,1.2.7,job_fc1c6309787826cd7758,aab75fcd47bd8ceef080d5ae88418de9022c9c528bbc17c835dc9e80b52ac260,2026-09-02T19:24:30.041583+00:00,"{""ligand_hash"": ""d69f1ee4fe80266ac017f0767942d57c6ed163bf3c8d4464af51039313ec27d8"", ""origin"": ""tool_execution"", ""pose_hash"": ""aab75fcd47bd8ceef080d5ae88418de9022c9c528bbc17c835dc9e80b52ac260"", ""protocol_id"": ""vina_7p3w_v1"", ""receptor_hash"": ""e5e92ede1b1d000b00a7e5dbe3f3b02f0df0cd63b47dd8a421eeb8bddb1083ed"", ""run_id"": ""in2_smoke_100_v1"", ""scope"": ""open docking evidence; not Glide and not biological activity"", ""tool_id"": ""autodock_vina""}"
ev_04f5e9b9f2166df2cf52a8cb,in2_reconstructed_open_workflow,ATP-RDL-C81613A871495152,pose_qc,"{""pose_centroid"": [194.134, 188.7420285714286, 162.38105714285712], ""pose_count"": 9, ""status"": ""pass""}",,qc_record,vina_7p3w_v1,1.2.7,job_fc1c6309787826cd7758,aab75fcd47bd8ceef080d5ae88418de9022c9c528bbc17c835dc9e80b52ac260,2026-09-02T19:24:30.049877+00:00,"{""ligand_hash"": ""d69f1ee4fe80266ac017f0767942d57c6ed163bf3c8d4464af51039313ec27d8"", ""origin"": ""tool_execution"", ""pose_hash"": ""aab75fcd47bd8ceef080d5ae88418de9022c9c528bbc17c835dc9e80b52ac260"", ""protocol_id"": ""vina_7p3w_v1"", ""receptor_hash"": ""e5e92ede1b1d000b00a7e5dbe3f3b02f0df0cd63b47dd8a421eeb8bddb1083ed"", ""run_id"": ""in2_smoke_100_v1"", ""scope"": ""open docking evidence; not Glide and not biological activity"", ""tool_id"": ""autodock_vina""}"
ev_04f9906eb8e360bc9777cdf6,in2_reconstructed_open_workflow,ATP-RDL-FC76E2D041DBC392,vina_affinity,-8.574,,kcal/mol,vina_7p3w_v1,1.2.7,job_d1cf671bf3d23c8b3af1,0d3cf81c7ad2094944b637f2983b099292fd809f095d58c9b064a7364cc34526,2026-09-02T19:24:31.359675+00:00,"{""ligand_hash"": ""7015737e4d2abee1f9fb23a86f3220c507153ede2883d1ade7beb1d98740128a"", ""origin"": ""tool_execution"", ""pose_hash"": ""0d3cf81c7ad2094944b637f2983b099292fd809f095d58c9b064a7364cc34526"", ""protocol_id"": ""vina_7p3w_v1"", ""receptor_hash"": ""e5e92ede1b1d000b00a7e5dbe3f3b02f0df0cd63b47dd8a421eeb8bddb1083ed"", ""run_id"": ""in2_smoke_100_v1"", ""scope"": ""open docking evidence; not Glide and not biological activity"", ""tool_id"": ""autodock_vina""}"
ev_0efe6ad200aa65a166fb712a,in2_reconstructed_open_workflow,ATP-RDL-FC76E2D041DBC392,pose_qc,"{""pose_centroid"": [195.4077777777778, 188.99869444444442, 160.56847222222223], ""pose_count"": 9, ""status"": ""pass""}",,qc_record,vina_7p3w_v1,1.2.7,job_d1cf671bf3d23c8b3af1,0d3cf81c7ad2094944b637f2983b099292fd809f095d58c9b064a7364cc34526,2026-09-02T19:24:31.361683+00:00,"{""ligand_hash"": ""7015737e4d2abee1f9fb23a86f3220c507153ede2883d1ade7beb1d98740128a"", ""origin"": ""tool_execution"", ""pose_hash"": ""0d3cf81c7ad2094944b637f2983b099292fd809f095d58c9b064a7364cc34526"", ""protocol_id"": ""vina_7p3w_v1"", ""receptor_hash"": ""e5e92ede1b1d000b00a7e5dbe3f3b02f0df0cd63b47dd8a421eeb8bddb1083ed"", ""run_id"": ""in2_smoke_100_v1"", ""scope"": ""open docking evidence; not Glide and not biological activity"", ""tool_id"": ""autodock_vina""}"
ev_a056a7b528fa04fb1ed9edd7,in2_reconstructed_open_workflow,ATP-RDL-09249830AB23A99B,vina_affinity,-8.503,,kcal/mol,vina_7p3w_v1,1.2.7,job_68b521e380f05e821613,1ad81cf9c9a0fd066c3568b553db2a5faad1c92c756469e06cb476dbd93053a1,2026-09-03T00:09:05.919294+00:00,"{""ligand_hash"": ""6257e819edc5f8fceab43e99fdc88973761898c16ae28c2ae7b3b6ffb9e4c66e"", ""origin"": ""tool_execution"", ""pose_hash"": ""1ad81cf9c9a0fd066c3568b553db2a5faad1c92c756469e06cb476dbd93053a1"", ""protocol_id"": ""vina_7p3w_v1"", ""receptor_hash"": ""e5e92ede1b1d000b00a7e5dbe3f3b02f0df0cd63b47dd8a421eeb8bddb1083ed"", ""run_id"": ""in2-7p3w-smoke-reference-v1"", ""scope"": ""open docking evidence; not Glide and not biological activity"", ""tool_id"": ""autodock_vina""}"
ev_5c043d0ed38547b76559c8a8,in2_reconstructed_open_workflow,ATP-RDL-09249830AB23A99B,pose_qc,"{""pose_centroid"": [193.44490909090908, 189.3909696969697, 162.79151515151514], ""pose_count"": 9, ""status"": ""pass""}",,qc_record,vina_7p3w_v1,1.2.7,job_68b521e380f05e821613,1ad81cf9c9a0fd066c3568b553db2a5faad1c92c756469e06cb476dbd93053a1,2026-09-03T00:09:05.923389+00:00,"{""ligand_hash"": ""6257e819edc5f8fceab43e99fdc88973761898c16ae28c2ae7b3b6ffb9e4c66e"", ""origin"": ""tool_execution"", ""pose_hash"": ""1ad81cf9c9a0fd066c3568b553db2a5faad1c92c756469e06cb476dbd93053a1"", ""protocol_id"": ""vina_7p3w_v1"", ""receptor_hash"": ""e5e92ede1b1d000b00a7e5dbe3f3b02f0df0cd63b47dd8a421eeb8bddb1083ed"", ""run_id"": ""in2-7p3w-smoke-reference-v1"", ""scope"": ""open docking evidence; not Glide and not biological activity"", ""tool_id"": ""autodock_vina""}"
ev_313618774f7b1d99a768222c,in2_reconstructed_open_workflow,ATP-RDL-1B17A0277B3EB6D3,vina_affinity,-8.05,,kcal/mol,vina_7p3w_v1,1.2.7,job_f6023a499e5b87d607e7,e86f49f3658ee862e9672246de711b7de7f8b8fe91ba825a4ec28bda1f6c5b39,2026-09-03T00:09:05.970680+00:00,"{""ligand_hash"": ""f9376c9701f78048a6294706d0a73dd2002f93bb086f3f6f5a6b99d26ff3fbac"", ""origin"": ""tool_execution"", ""pose_hash"": ""e86f49f3658ee862e9672246de711b7de7f8b8fe91ba825a4ec28bda1f6c5b39"", ""protocol_id"": ""vina_7p3w_v1"", ""receptor_hash"": ""e5e92ede1b1d000b00a7e5dbe3f3b02f0df0cd63b47dd8a421eeb8bddb1083ed"", ""run_id"": ""in2-7p3w-smoke-reference-v1"", ""scope"": ""open docking evidence; not Glide and not biological activity"", ""tool_id"": ""autodock_vina""}"
ev_8f17efc920810d33d719d69a,in2_reconstructed_open_workflow,ATP-RDL-1B17A0277B3EB6D3,pose_qc,"{""pose_centroid"": [198.2629142857143, 181.58228571428572, 155.13182857142857], ""pose_count"": 9, ""status"": ""pass""}",,qc_record,vina_7p3w_v1,1.2.7,job_f6023a499e5b87d607e7,e86f49f3658ee862e9672246de711b7de7f8b8fe91ba825a4ec28bda1f6c5b39,2026-09-03T00:09:05.971681+00:00,"{""ligand_hash"": ""f9376c9701f78048a6294706d0a73dd2002f93bb086f3f6f5a6b99d26ff3fbac"", ""origin"": ""tool_execution"", ""pose_hash"": ""e86f49f3658ee862e9672246de711b7de7f8b8fe91ba825a4ec28bda1f6c5b39"", ""protocol_id"": ""vina_7p3w_v1"", ""receptor_hash"": ""e5e92ede1b1d000b00a7e5dbe3f3b02f0df0cd63b47dd8a421eeb8bddb1083ed"", ""run_id"": ""in2-7p3w-smoke-reference-v1"", ""scope"": ""open docking evidence; not Glide and not biological activity"", ""tool_id"": ""autodock_vina""}"
ev_ffeb7f94be8c4642d648a360,in2_reconstructed_open_workflow,ATP-RDL-7CBFFB7061716425,vina_affinity,-8.176,,kcal/mol,vina_7p3w_v1,1.2.7,job_09523f14b2e676c16323,18203c1ae698b904ebd683f52ca86044e170c97e8fa007cbd08c06eaa659e3d4,2026-09-03T00:09:06.000792+00:00,"{""ligand_hash"": ""4252ea486380432cbf42df395983b5137c894452b411c84595f38eaf4934b2b8"", ""origin"": ""tool_execution"", ""pose_hash"": ""18203c1ae698b904ebd683f52ca86044e170c97e8fa007cbd08c06eaa659e3d4"", ""protocol_id"": ""vina_7p3w_v1"", ""receptor_hash"": ""e5e92ede1b1d000b00a7e5dbe3f3b02f0df0cd63b47dd8a421eeb8bddb1083ed"", ""run_id"": ""in2-7p3w-smoke-reference-v1"", ""scope"": ""open docking evidence; not Glide and not biological activity"", ""tool_id"": ""autodock_vina""}"
ev_850206228d41ff28d9d2dc76,in2_reconstructed_open_workflow,ATP-RDL-7CBFFB7061716425,pose_qc,"{""pose_centroid"": [196.32048484848485, 190.5459090909091, 159.2449696969697], ""pose_count"": 9, ""status"": ""pass""}",,qc_record,vina_7p3w_v1,1.2.7,job_09523f14b2e676c16323,18203c1ae698b904ebd683f52ca86044e170c97e8fa007cbd08c06eaa659e3d4,2026-09-03T00:09:06.003310+00:00,"{""ligand_hash"": ""4252ea486380432cbf42df395983b5137c894452b411c84595f38eaf4934b2b8"", ""origin"": ""tool_execution"", ""pose_hash"": ""18203c1ae698b904ebd683f52ca86044e170c97e8fa007cbd08c06eaa659e3d4"", ""protocol_id"": ""vina_7p3w_v1"", ""receptor_hash"": ""e5e92ede1b1d000b00a7e5dbe3f3b02f0df0cd63b47dd8a421eeb8bddb1083ed"", ""run_id"": ""in2-7p3w-smoke-reference-v1"", ""scope"": ""open docking evidence; not Glide and not biological activity"", ""tool_id"": ""autodock_vina""}"
ev_503819eb3b201bb5f8cf1f92,in2_reconstructed_open_workflow,ATP-RDL-7E4D99F27F6F4500,vina_affinity,-7.476,,kcal/mol,vina_7p3w_v1,1.2.7,job_8cc8ff76458f546978ec,e4a733d97c50ebfaa545ef2610d548bb60bd149178e1eeb00513de4c60a39a65,2026-09-03T00:09:06.030188+00:00,"{""ligand_hash"": ""0f798ec2b40627c6cd9cdf1432fd97a40ccac64e5fc96bd1ee0b836d039a2631"", ""origin"": ""tool_execution"", ""pose_hash"": ""e4a733d97c50ebfaa545ef2610d548bb60bd149178e1eeb00513de4c60a39a65"", ""protocol_id"": ""vina_7p3w_v1"", ""receptor_hash"": ""e5e92ede1b1d000b00a7e5dbe3f3b02f0df0cd63b47dd8a421eeb8bddb1083ed"", ""run_id"": ""in2-7p3w-smoke-reference-v1"", ""scope"": ""open docking evidence; not Glide and not biological activity"", ""tool_id"": ""autodock_vina""}"
ev_d50cc7239668ac3191b57ff0,in2_reconstructed_open_workflow,ATP-RDL-7E4D99F27F6F4500,pose_qc,"{""pose_centroid"": [194.20185714285714, 188.3510857142857, 161.55725714285714], ""pose_count"": 9, ""status"": ""pass""}",,qc_record,vina_7p3w_v1,1.2.7,job_8cc8ff76458f546978ec,e4a733d97c50ebfaa545ef2610d548bb60bd149178e1eeb00513de4c60a39a65,2026-09-03T00:09:06.032188+00:00,"{""ligand_hash"": ""0f798ec2b40627c6cd9cdf1432fd97a40ccac64e5fc96bd1ee0b836d039a2631"", ""origin"": ""tool_execution"", ""pose_hash"": ""e4a733d97c50ebfaa545ef2610d548bb60bd149178e1eeb00513de4c60a39a65"", ""protocol_id"": ""vina_7p3w_v1"", ""receptor_hash"": ""e5e92ede1b1d000b00a7e5dbe3f3b02f0df0cd63b47dd8a421eeb8bddb1083ed"", ""run_id"": ""in2-7p3w-smoke-reference-v1"", ""scope"": ""open docking evidence; not Glide and not biological activity"", ""tool_id"": ""autodock_vina""}"
ev_952e129c4bd2777dcb9d33d1,in2_reconstructed_open_workflow,ATP-RDL-B943D28D2C2254E2,vina_affinity,-7.59,,kcal/mol,vina_7p3w_v1,1.2.7,job_1dbd808eb8e0a30ec8d7,5fe1492e0398549e99a1d9073240f5159981b280d54e12653f4d8cddeb8b31f4,2026-09-03T00:09:06.058729+00:00,"{""ligand_hash"": ""2e754ebaea351005bf4b6deb2a2a1a49bbb433dcb297d80c5ce32f5add292870"", ""origin"": ""tool_execution"", ""pose_hash"": ""5fe1492e0398549e99a1d9073240f5159981b280d54e12653f4d8cddeb8b31f4"", ""protocol_id"": ""vina_7p3w_v1"", ""receptor_hash"": ""e5e92ede1b1d000b00a7e5dbe3f3b02f0df0cd63b47dd8a421eeb8bddb1083ed"", ""run_id"": ""in2-7p3w-smoke-reference-v1"", ""scope"": ""open docking evidence; not Glide and not biological activity"", ""tool_id"": ""autodock_vina""}"
ev_cc8c383754695e15a3f6c564,in2_reconstructed_open_workflow,ATP-RDL-B943D28D2C2254E2,pose_qc,"{""pose_centroid"": [193.8964411764706, 187.9990294117647, 161.38750000000002], ""pose_count"": 9, ""status"": ""pass""}",,qc_record,vina_7p3w_v1,1.2.7,job_1dbd808eb8e0a30ec8d7,5fe1492e0398549e99a1d9073240f5159981b280d54e12653f4d8cddeb8b31f4,2026-09-03T00:09:06.060731+00:00,"{""ligand_hash"": ""2e754ebaea351005bf4b6deb2a2a1a49bbb433dcb297d80c5ce32f5add292870"", ""origin"": ""tool_execution"", ""pose_hash"": ""5fe1492e0398549e99a1d9073240f5159981b280d54e12653f4d8cddeb8b31f4"", ""protocol_id"": ""vina_7p3w_v1"", ""receptor_hash"": ""e5e92ede1b1d000b00a7e5dbe3f3b02f0df0cd63b47dd8a421eeb8bddb1083ed"", ""run_id"": ""in2-7p3w-smoke-reference-v1"", ""scope"": ""open docking evidence; not Glide and not biological activity"", ""tool_id"": ""autodock_vina""}"
ev_77d66bf960145375b78e4ebf,in2_reconstructed_open_workflow,ATP-RDL-C81613A871495152,vina_affinity,-8.365,,kcal/mol,vina_7p3w_v1,1.2.7,job_6ddf84928e34340a52f5,aab75fcd47bd8ceef080d5ae88418de9022c9c528bbc17c835dc9e80b52ac260,2026-09-03T00:09:06.089150+00:00,"{""ligand_hash"": ""d69f1ee4fe80266ac017f0767942d57c6ed163bf3c8d4464af51039313ec27d8"", ""origin"": ""tool_execution"", ""pose_hash"": ""aab75fcd47bd8ceef080d5ae88418de9022c9c528bbc17c835dc9e80b52ac260"", ""protocol_id"": ""vina_7p3w_v1"", ""receptor_hash"": ""e5e92ede1b1d000b00a7e5dbe3f3b02f0df0cd63b47dd8a421eeb8bddb1083ed"", ""run_id"": ""in2-7p3w-smoke-reference-v1"", ""scope"": ""open docking evidence; not Glide and not biological activity"", ""tool_id"": ""autodock_vina""}"
ev_14963a24726e06cf2729d42e,in2_reconstructed_open_workflow,ATP-RDL-C81613A871495152,pose_qc,"{""pose_centroid"": [194.134, 188.7420285714286, 162.38105714285712], ""pose_count"": 9, ""status"": ""pass""}",,qc_record,vina_7p3w_v1,1.2.7,job_6ddf84928e34340a52f5,aab75fcd47bd8ceef080d5ae88418de9022c9c528bbc17c835dc9e80b52ac260,2026-09-03T00:09:06.090147+00:00,"{""ligand_hash"": ""d69f1ee4fe80266ac017f0767942d57c6ed163bf3c8d4464af51039313ec27d8"", ""origin"": ""tool_execution"", ""pose_hash"": ""aab75fcd47bd8ceef080d5ae88418de9022c9c528bbc17c835dc9e80b52ac260"", ""protocol_id"": ""vina_7p3w_v1"", ""receptor_hash"": ""e5e92ede1b1d000b00a7e5dbe3f3b02f0df0cd63b47dd8a421eeb8bddb1083ed"", ""run_id"": ""in2-7p3w-smoke-reference-v1"", ""scope"": ""open docking evidence; not Glide and not biological activity"", ""tool_id"": ""autodock_vina""}"
ev_af2b16de0342149af8fe54fa,in2_reconstructed_open_workflow,ATP-RDL-FC76E2D041DBC392,vina_affinity,-8.574,,kcal/mol,vina_7p3w_v1,1.2.7,job_408d5c220c14eb19e2aa,0d3cf81c7ad2094944b637f2983b099292fd809f095d58c9b064a7364cc34526,2026-09-03T00:09:06.117083+00:00,"{""ligand_hash"": ""7015737e4d2abee1f9fb23a86f3220c507153ede2883d1ade7beb1d98740128a"", ""origin"": ""tool_execution"", ""pose_hash"": ""0d3cf81c7ad2094944b637f2983b099292fd809f095d58c9b064a7364cc34526"", ""protocol_id"": ""vina_7p3w_v1"", ""receptor_hash"": ""e5e92ede1b1d000b00a7e5dbe3f3b02f0df0cd63b47dd8a421eeb8bddb1083ed"", ""run_id"": ""in2-7p3w-smoke-reference-v1"", ""scope"": ""open docking evidence; not Glide and not biological activity"", ""tool_id"": ""autodock_vina""}"
ev_c5eb7b5288c4924af953dbd3,in2_reconstructed_open_workflow,ATP-RDL-FC76E2D041DBC392,pose_qc,"{""pose_centroid"": [195.4077777777778, 188.99869444444442, 160.56847222222223], ""pose_count"": 9, ""status"": ""pass""}",,qc_record,vina_7p3w_v1,1.2.7,job_408d5c220c14eb19e2aa,0d3cf81c7ad2094944b637f2983b099292fd809f095d58c9b064a7364cc34526,2026-09-03T00:09:06.119086+00:00,"{""ligand_hash"": ""7015737e4d2abee1f9fb23a86f3220c507153ede2883d1ade7beb1d98740128a"", ""origin"": ""tool_execution"", ""pose_hash"": ""0d3cf81c7ad2094944b637f2983b099292fd809f095d58c9b064a7364cc34526"", ""protocol_id"": ""vina_7p3w_v1"", ""receptor_hash"": ""e5e92ede1b1d000b00a7e5dbe3f3b02f0df0cd63b47dd8a421eeb8bddb1083ed"", ""run_id"": ""in2-7p3w-smoke-reference-v1"", ""scope"": ""open docking evidence; not Glide and not biological activity"", ""tool_id"": ""autodock_vina""}"
ev_928a9b8409e9d2b7c30e1ea2,in2_reconstructed_open_workflow,ATP-RDL-FC76E2D041DBC392,open_mmgbsa_deltaG,-33.9,,kcal/mol,open_mmgbsa_7p3w_v2,OpenMM 8.6.0 + gmx_MMPBSA 1.6.5,job_7e25fc6c7084d053e56b,5aac2886aabd5879d72ba4090459c44eea6678bddfc2eba42cf3cb21a2afbe2d,2026-09-03T07:09:30.263910+00:00,"{""origin"": ""tool_execution"", ""protocol_hash"": ""cb28279704aa51f7530e0e61fc592450d43823fe1e23aad5975a638b82407aab"", ""run_id"": ""in2-7p3w-smoke-reference-v1"", ""scope"": ""comparative screening-level high-cost computational evidence; not activity"", ""source_pose_hash"": ""0d3cf81c7ad2094944b637f2983b099292fd809f095d58c9b064a7364cc34526"", ""source_pose_protocol"": ""vina_7p3w_v1"", ""training"": false, ""workflow"": ""in2_7p3w_reference""}"
ev_3570b8ee276697f01ca3236c,in2_reconstructed_open_workflow,ATP-RDL-FC76E2D041DBC392,open_mmgbsa_uncertainty,2.76,,kcal/mol,open_mmgbsa_7p3w_v2,OpenMM 8.6.0 + gmx_MMPBSA 1.6.5,job_7e25fc6c7084d053e56b,5aac2886aabd5879d72ba4090459c44eea6678bddfc2eba42cf3cb21a2afbe2d,2026-09-03T07:09:30.264912+00:00,"{""origin"": ""tool_execution"", ""protocol_hash"": ""cb28279704aa51f7530e0e61fc592450d43823fe1e23aad5975a638b82407aab"", ""run_id"": ""in2-7p3w-smoke-reference-v1"", ""scope"": ""comparative screening-level high-cost computational evidence; not activity"", ""source_pose_hash"": ""0d3cf81c7ad2094944b637f2983b099292fd809f095d58c9b064a7364cc34526"", ""source_pose_protocol"": ""vina_7p3w_v1"", ""training"": false, ""workflow"": ""in2_7p3w_reference""}"
ev_0f1a4f28c0d9ddcc1dfc9761,in2_reconstructed_open_workflow,ATP-RDL-FC76E2D041DBC392,reference_workflow_priority_score,55.0,,computational_priority_not_probability,reference_decision_a89f1660b634,frozen_existing_priors_plus_transparent_decision_v1,job_71137c3a90b850682b06,9fa10a7368a4c118e2ddfdbb92089119fc491657f20c5f9c4d6d2e959e6c3ffa,2026-09-03T07:10:44.339193+00:00,"{""decision_run_id"": ""decision_41661af007fbb4067a28fe31"", ""origin"": ""frozen_model_output"", ""profile"": ""computational_pre_experimental_v1""}"
ev_6bc006c0ee2af0a95690580e,in2_reconstructed_open_workflow,ATP-RDL-FC76E2D041DBC392,reference_workflow_rank,"{""rank"": 1, ""rank_max"": 1, ""rank_min"": 1}",,rank,reference_decision_a89f1660b634,frozen_existing_priors_plus_transparent_decision_v1,job_71137c3a90b850682b06,9fa10a7368a4c118e2ddfdbb92089119fc491657f20c5f9c4d6d2e959e6c3ffa,2026-09-03T07:10:44.340405+00:00,"{""decision_run_id"": ""decision_41661af007fbb4067a28fe31"", ""origin"": ""frozen_model_output"", ""profile"": ""computational_pre_experimental_v1""}"
ev_2526f864243b72668256122f,in2_reconstructed_open_workflow,ATP-RDL-00B9531D87097990,vina_affinity,-8.235,,kcal/mol,vina_7p3w_v1,1.2.7,job_46e56a69bcb6ec2f5f5e,8359072ccc7ef2edd72df03dfac5fe6a1af8ff8ca09ee2f820a7703ba119666e,2026-09-03T07:57:13.897786+00:00,"{""ligand_hash"": ""e63f1063a06b25fd0905f211e0d1012df5118fa3d9ca49d3996ccf80ad28196c"", ""origin"": ""tool_execution"", ""pose_hash"": ""8359072ccc7ef2edd72df03dfac5fe6a1af8ff8ca09ee2f820a7703ba119666e"", ""protocol_id"": ""vina_7p3w_v1"", ""receptor_hash"": ""e5e92ede1b1d000b00a7e5dbe3f3b02f0df0cd63b47dd8a421eeb8bddb1083ed"", ""run_id"": ""in2-7p3w-development-reference-v1"", ""scope"": ""open docking evidence; not Glide and not biological activity"", ""tool_id"": ""autodock_vina""}"
ev_fead053eb9de4ab3d35ec6c1,in2_reconstructed_open_workflow,ATP-RDL-00B9531D87097990,pose_qc,"{""pose_centroid"": [194.27011428571427, 189.35899999999998, 163.32888571428572], ""pose_count"": 9, ""status"": ""pass""}",,qc_record,vina_7p3w_v1,1.2.7,job_46e56a69bcb6ec2f5f5e,8359072ccc7ef2edd72df03dfac5fe6a1af8ff8ca09ee2f820a7703ba119666e,2026-09-03T07:57:13.906394+00:00,"{""ligand_hash"": ""e63f1063a06b25fd0905f211e0d1012df5118fa3d9ca49d3996ccf80ad28196c"", ""origin"": ""tool_execution"", ""pose_hash"": ""8359072ccc7ef2edd72df03dfac5fe6a1af8ff8ca09ee2f820a7703ba119666e"", ""protocol_id"": ""vina_7p3w_v1"", ""receptor_hash"": ""e5e92ede1b1d000b00a7e5dbe3f3b02f0df0cd63b47dd8a421eeb8bddb1083ed"", ""run_id"": ""in2-7p3w-development-reference-v1"", ""scope"": ""open docking evidence; not Glide and not biological activity"", ""tool_id"": ""autodock_vina""}"
ev_9bb2fae4165c1abbf7ab8975,in2_reconstructed_open_workflow,ATP-RDL-0565AAE1B1B00E0E,vina_affinity,-7.52,,kcal/mol,vina_7p3w_v1,1.2.7,job_c3dbeb2fa808e2d701c6,48dfb77e093e51fc0e0f1ef047e2c1c78faa7e3e2b3524a259a02740fe73cf7d,2026-09-03T07:57:13.999576+00:00,"{""ligand_hash"": ""4bebd99bfc1ed264704b63e23bcbce840016323529b286b8cfa59355a0d578b6"", ""origin"": ""tool_execution"", ""pose_hash"": ""48dfb77e093e51fc0e0f1ef047e2c1c78faa7e3e2b3524a259a02740fe73cf7d"", ""protocol_id"": ""vina_7p3w_v1"", ""receptor_hash"": ""e5e92ede1b1d000b00a7e5dbe3f3b02f0df0cd63b47dd8a421eeb8bddb1083ed"", ""run_id"": ""in2-7p3w-development-reference-v1"", ""scope"": ""open docking evidence; not Glide and not biological activity"", ""tool_id"": ""autodock_vina""}"
ev_38db6f192bca309cfbc1a277,in2_reconstructed_open_workflow,ATP-RDL-0565AAE1B1B00E0E,pose_qc,"{""pose_centroid"": [196.1282285714286, 187.65317142857143, 160.46377142857142], ""pose_count"": 9, ""status"": ""pass""}",,qc_record,vina_7p3w_v1,1.2.7,job_c3dbeb2fa808e2d701c6,48dfb77e093e51fc0e0f1ef047e2c1c78faa7e3e2b3524a259a02740fe73cf7d,2026-09-03T07:57:14.003574+00:00,"{""ligand_hash"": ""4bebd99bfc1ed264704b63e23bcbce840016323529b286b8cfa59355a0d578b6"", ""origin"": ""tool_execution"", ""pose_hash"": ""48dfb77e093e51fc0e0f1ef047e2c1c78faa7e3e2b3524a259a02740fe73cf7d"", ""protocol_id"": ""vina_7p3w_v1"", ""receptor_hash"": ""e5e92ede1b1d000b00a7e5dbe3f3b02f0df0cd63b47dd8a421eeb8bddb1083ed"", ""run_id"": ""in2-7p3w-development-reference-v1"", ""scope"": ""open docking evidence; not Glide and not biological activity"", ""tool_id"": ""autodock_vina""}"
ev_2878f4a1afb7941533750131,in2_reconstructed_open_workflow,ATP-RDL-0584CCA0B989015C,vina_affinity,-7.783,,kcal/mol,vina_7p3w_v1,1.2.7,job_2c5487f7793ed9506a9a,9e70d3d542d1e3e165bcbb0d67e4c56ec9c6956b17e18e8fe08f222575f533cd,2026-09-03T07:57:14.094740+00:00,"{""ligand_hash"": ""1b07ac0254f63afff8105e64945e320f0f8e1120a06c33f621ad3f4c42c44afa"", ""origin"": ""tool_execution"", ""pose_hash"": ""9e70d3d542d1e3e165bcbb0d67e4c56ec9c6956b17e18e8fe08f222575f533cd"", ""protocol_id"": ""vina_7p3w_v1"", ""receptor_hash"": ""e5e92ede1b1d000b00a7e5dbe3f3b02f0df0cd63b47dd8a421eeb8bddb1083ed"", ""run_id"": ""in2-7p3w-development-reference-v1"", ""scope"": ""open docking evidence; not Glide and not biological activity"", ""tool_id"": ""autodock_vina""}"
ev_09719e935afde497a8d1a7de,in2_reconstructed_open_workflow,ATP-RDL-0584CCA0B989015C,pose_qc,"{""pose_centroid"": [195.92894285714286, 188.3056, 161.8887142857143], ""pose_count"": 9, ""status"": ""pass""}",,qc_record,vina_7p3w_v1,1.2.7,job_2c5487f7793ed9506a9a,9e70d3d542d1e3e165bcbb0d67e4c56ec9c6956b17e18e8fe08f222575f533cd,2026-09-03T07:57:14.099894+00:00,"{""ligand_hash"": ""1b07ac0254f63afff8105e64945e320f0f8e1120a06c33f621ad3f4c42c44afa"", ""origin"": ""tool_execution"", ""pose_hash"": ""9e70d3d542d1e3e165bcbb0d67e4c56ec9c6956b17e18e8fe08f222575f533cd"", ""protocol_id"": ""vina_7p3w_v1"", ""receptor_hash"": ""e5e92ede1b1d000b00a7e5dbe3f3b02f0df0cd63b47dd8a421eeb8bddb1083ed"", ""run_id"": ""in2-7p3w-development-reference-v1"", ""scope"": ""open docking evidence; not Glide and not biological activity"", ""tool_id"": ""autodock_vina""}"
ev_95421c1afab7a89b3eda52c9,in2_reconstructed_open_workflow,ATP-RDL-09249830AB23A99B,vina_affinity,-8.503,,kcal/mol,vina_7p3w_v1,1.2.7,job_3e5d014346981c30dd8e,1ad81cf9c9a0fd066c3568b553db2a5faad1c92c756469e06cb476dbd93053a1,2026-09-03T07:57:14.156103+00:00,"{""ligand_hash"": ""6257e819edc5f8fceab43e99fdc88973761898c16ae28c2ae7b3b6ffb9e4c66e"", ""origin"": ""tool_execution"", ""pose_hash"": ""1ad81cf9c9a0fd066c3568b553db2a5faad1c92c756469e06cb476dbd93053a1"", ""protocol_id"": ""vina_7p3w_v1"", ""receptor_hash"": ""e5e92ede1b1d000b00a7e5dbe3f3b02f0df0cd63b47dd8a421eeb8bddb1083ed"", ""run_id"": ""in2-7p3w-development-reference-v1"", ""scope"": ""open docking evidence; not Glide and not biological activity"", ""tool_id"": ""autodock_vina""}"
ev_2f7dad407c902eb7c6de8ef7,in2_reconstructed_open_workflow,ATP-RDL-09249830AB23A99B,pose_qc,"{""pose_centroid"": [193.44490909090908, 189.3909696969697, 162.79151515151514], ""pose_count"": 9, ""status"": ""pass""}",,qc_record,vina_7p3w_v1,1.2.7,job_3e5d014346981c30dd8e,1ad81cf9c9a0fd066c3568b553db2a5faad1c92c756469e06cb476dbd93053a1,2026-09-03T07:57:14.160096+00:00,"{""ligand_hash"": ""6257e819edc5f8fceab43e99fdc88973761898c16ae28c2ae7b3b6ffb9e4c66e"", ""origin"": ""tool_execution"", ""pose_hash"": ""1ad81cf9c9a0fd066c3568b553db2a5faad1c92c756469e06cb476dbd93053a1"", ""protocol_id"": ""vina_7p3w_v1"", ""receptor_hash"": ""e5e92ede1b1d000b00a7e5dbe3f3b02f0df0cd63b47dd8a421eeb8bddb1083ed"", ""run_id"": ""in2-7p3w-development-reference-v1"", ""scope"": ""open docking evidence; not Glide and not biological activity"", ""tool_id"": ""autodock_vina""}"
ev_c969e648e9ad6918a26ff270,in2_reconstructed_open_workflow,ATP-RDL-09AD77A471447DA9,vina_affinity,-7.893,,kcal/mol,vina_7p3w_v1,1.2.7,job_8bc53496e03c809bab21,10afb47b4638d527d4f890cf8928161fd2c4366279fdea29a55dd0dfaa4b4806,2026-09-03T07:57:14.238735+00:00,"{""ligand_hash"": ""853410a8a2f97f2bd12276b4ed73bcf071816eb19acfd95be808ebd906fde295"", ""origin"": ""tool_execution"", ""pose_hash"": ""10afb47b4638d527d4f890cf8928161fd2c4366279fdea29a55dd0dfaa4b4806"", ""protocol_id"": ""vina_7p3w_v1"", ""receptor_hash"": ""e5e92ede1b1d000b00a7e5dbe3f3b02f0df0cd63b47dd8a421eeb8bddb1083ed"", ""run_id"": ""in2-7p3w-development-reference-v1"", ""scope"": ""open docking evidence; not Glide and not biological activity"", ""tool_id"": ""autodock_vina""}"
ev_9dbb680146b0da6bf9de3942,in2_reconstructed_open_workflow,ATP-RDL-09AD77A471447DA9,pose_qc,"{""pose_centroid"": [193.32158823529412, 189.02529411764704, 162.5759117647059], ""pose_count"": 9, ""status"": ""pass""}",,qc_record,vina_7p3w_v1,1.2.7,job_8bc53496e03c809bab21,10afb47b4638d527d4f890cf8928161fd2c4366279fdea29a55dd0dfaa4b4806,2026-09-03T07:57:14.240909+00:00,"{""ligand_hash"": ""853410a8a2f97f2bd12276b4ed73bcf071816eb19acfd95be808ebd906fde295"", ""origin"": ""tool_execution"", ""pose_hash"": ""10afb47b4638d527d4f890cf8928161fd2c4366279fdea29a55dd0dfaa4b4806"", ""protocol_id"": ""vina_7p3w_v1"", ""receptor_hash"": ""e5e92ede1b1d000b00a7e5dbe3f3b02f0df0cd63b47dd8a421eeb8bddb1083ed"", ""run_id"": ""in2-7p3w-development-reference-v1"", ""scope"": ""open docking evidence; not Glide and not biological activity"", ""tool_id"": ""autodock_vina""}"
ev_e675b1585d6b323be51a3a94,in2_reconstructed_open_workflow,ATP-RDL-0F220D2A9D7B48E2,vina_affinity,-8.442,,kcal/mol,vina_7p3w_v1,1.2.7,job_9d1051ecc980349f3d8d,1d736d92d85995f2e43d839e9413ded693771f9aeb85da7d82417629021d547a,2026-09-03T07:57:14.329880+00:00,"{""ligand_hash"": ""2d1fb9ba57bc208e306fbf4dbe53a9e22b3f8045877b27f96179202f0ac757b6"", ""origin"": ""tool_execution"", ""pose_hash"": ""1d736d92d85995f2e43d839e9413ded693771f9aeb85da7d82417629021d547a"", ""protocol_id"": ""vina_7p3w_v1"", ""receptor_hash"": ""e5e92ede1b1d000b00a7e5dbe3f3b02f0df0cd63b47dd8a421eeb8bddb1083ed"", ""run_id"": ""in2-7p3w-development-reference-v1"", ""scope"": ""open docking evidence; not Glide and not biological activity"", ""tool_id"": ""autodock_vina""}"
ev_e0d398fd37093e1546ee42f4,in2_reconstructed_open_workflow,ATP-RDL-0F220D2A9D7B48E2,pose_qc,"{""pose_centroid"": [195.18040000000002, 187.89328571428572, 161.04525714285714], ""pose_count"": 9, ""status"": ""pass""}",,qc_record,vina_7p3w_v1,1.2.7,job_9d1051ecc980349f3d8d,1d736d92d85995f2e43d839e9413ded693771f9aeb85da7d82417629021d547a,2026-09-03T07:57:14.330882+00:00,"{""ligand_hash"": ""2d1fb9ba57bc208e306fbf4dbe53a9e22b3f8045877b27f96179202f0ac757b6"", ""origin"": ""tool_execution"", ""pose_hash"": ""1d736d92d85995f2e43d839e9413ded693771f9aeb85da7d82417629021d547a"", ""protocol_id"": ""vina_7p3w_v1"", ""receptor_hash"": ""e5e92ede1b1d000b00a7e5dbe3f3b02f0df0cd63b47dd8a421eeb8bddb1083ed"", ""run_id"": ""in2-7p3w-development-reference-v1"", ""scope"": ""open docking evidence; not Glide and not biological activity"", ""tool_id"": ""autodock_vina""}"
ev_48d7623d06571ada0ba499de,in2_reconstructed_open_workflow,ATP-RDL-198CB2243DBF82FC,vina_affinity,-8.444,,kcal/mol,vina_7p3w_v1,1.2.7,job_951be960a5f99fb1407d,999c0340827d07db9caa10907e985dd79fe8a0d271d55898c0e02f7c51c97dbd,2026-09-03T07:57:14.398770+00:00,"{""ligand_hash"": ""6cdc32e576c19df49dd19b9b9cdac117073e0b9f5570e7d1bfd83c378fc15e00"", ""origin"": ""tool_execution"", ""pose_hash"": ""999c0340827d07db9caa10907e985dd79fe8a0d271d55898c0e02f7c51c97dbd"", ""protocol_id"": ""vina_7p3w_v1"", ""receptor_hash"": ""e5e92ede1b1d000b00a7e5dbe3f3b02f0df0cd63b47dd8a421eeb8bddb1083ed"", ""run_id"": ""in2-7p3w-development-reference-v1"", ""scope"": ""open docking evidence; not Glide and not biological activity"", ""tool_id"": ""autodock_vina""}"
ev_6877034dd972736fc232f80a,in2_reconstructed_open_workflow,ATP-RDL-198CB2243DBF82FC,pose_qc,"{""pose_centroid"": [193.53476470588234, 189.20929411764706, 162.5036176470588], ""pose_count"": 9, ""status"": ""pass""}",,qc_record,vina_7p3w_v1,1.2.7,job_951be960a5f99fb1407d,999c0340827d07db9caa10907e985dd79fe8a0d271d55898c0e02f7c51c97dbd,2026-09-03T07:57:14.403770+00:00,"{""ligand_hash"": ""6cdc32e576c19df49dd19b9b9cdac117073e0b9f5570e7d1bfd83c378fc15e00"", ""origin"": ""tool_execution"", ""pose_hash"": ""999c0340827d07db9caa10907e985dd79fe8a0d271d55898c0e02f7c51c97dbd"", ""protocol_id"": ""vina_7p3w_v1"", ""receptor_hash"": ""e5e92ede1b1d000b00a7e5dbe3f3b02f0df0cd63b47dd8a421eeb8bddb1083ed"", ""run_id"": ""in2-7p3w-development-reference-v1"", ""scope"": ""open docking evidence; not Glide and not biological activity"", ""tool_id"": ""autodock_vina""}"
ev_c0971ea8c4e2283e2110c148,in2_reconstructed_open_workflow,ATP-RDL-1B17A0277B3EB6D3,vina_affinity,-8.05,,kcal/mol,vina_7p3w_v1,1.2.7,job_a7dac5537ff45369918d,e86f49f3658ee862e9672246de711b7de7f8b8fe91ba825a4ec28bda1f6c5b39,2026-09-03T07:57:14.442629+00:00,"{""ligand_hash"": ""f9376c9701f78048a6294706d0a73dd2002f93bb086f3f6f5a6b99d26ff3fbac"", ""origin"": ""tool_execution"", ""pose_hash"": ""e86f49f3658ee862e9672246de711b7de7f8b8fe91ba825a4ec28bda1f6c5b39"", ""protocol_id"": ""vina_7p3w_v1"", ""receptor_hash"": ""e5e92ede1b1d000b00a7e5dbe3f3b02f0df0cd63b47dd8a421eeb8bddb1083ed"", ""run_id"": ""in2-7p3w-development-reference-v1"", ""scope"": ""open docking evidence; not Glide and not biological activity"", ""tool_id"": ""autodock_vina""}"
ev_d06b304f2ee850a159c8b1d0,in2_reconstructed_open_workflow,ATP-RDL-1B17A0277B3EB6D3,pose_qc,"{""pose_centroid"": [198.2629142857143, 181.58228571428572, 155.13182857142857], ""pose_count"": 9, ""status"": ""pass""}",,qc_record,vina_7p3w_v1,1.2.7,job_a7dac5537ff45369918d,e86f49f3658ee862e9672246de711b7de7f8b8fe91ba825a4ec28bda1f6c5b39,2026-09-03T07:57:14.443630+00:00,"{""ligand_hash"": ""f9376c9701f78048a6294706d0a73dd2002f93bb086f3f6f5a6b99d26ff3fbac"", ""origin"": ""tool_execution"", ""pose_hash"": ""e86f49f3658ee862e9672246de711b7de7f8b8fe91ba825a4ec28bda1f6c5b39"", ""protocol_id"": ""vina_7p3w_v1"", ""receptor_hash"": ""e5e92ede1b1d000b00a7e5dbe3f3b02f0df0cd63b47dd8a421eeb8bddb1083ed"", ""run_id"": ""in2-7p3w-development-reference-v1"", ""scope"": ""open docking evidence; not Glide and not biological activity"", ""tool_id"": ""autodock_vina""}"
ev_e55e3933c77690e65fa1ad73,in2_reconstructed_open_workflow,ATP-RDL-2168501FE5B22A2A,vina_affinity,-8.414,,kcal/mol,vina_7p3w_v1,1.2.7,job_645fe276078b5113d0a3,4c2264abbb2930942ed3631ae39df2117162542d23976882b0f0a0559a1dfe21,2026-09-03T07:57:14.505587+00:00,"{""ligand_hash"": ""cca3d2a268e632c9794c13f31d0e39e869b3d42ab261205a0e8da5e6682e1ec1"", ""origin"": ""tool_execution"", ""pose_hash"": ""4c2264abbb2930942ed3631ae39df2117162542d23976882b0f0a0559a1dfe21"", ""protocol_id"": ""vina_7p3w_v1"", ""receptor_hash"": ""e5e92ede1b1d000b00a7e5dbe3f3b02f0df0cd63b47dd8a421eeb8bddb1083ed"", ""run_id"": ""in2-7p3w-development-reference-v1"", ""scope"": ""open docking evidence; not Glide and not biological activity"", ""tool_id"": ""autodock_vina""}"
ev_6f9ef5806dc08fcd0f48db16,in2_reconstructed_open_workflow,ATP-RDL-2168501FE5B22A2A,pose_qc,"{""pose_centroid"": [193.82063636363637, 189.03266666666664, 163.04130303030303], ""pose_count"": 9, ""status"": ""pass""}",,qc_record,vina_7p3w_v1,1.2.7,job_645fe276078b5113d0a3,4c2264abbb2930942ed3631ae39df2117162542d23976882b0f0a0559a1dfe21,2026-09-03T07:57:14.507587+00:00,"{""ligand_hash"": ""cca3d2a268e632c9794c13f31d0e39e869b3d42ab261205a0e8da5e6682e1ec1"", ""origin"": ""tool_execution"", ""pose_hash"": ""4c2264abbb2930942ed3631ae39df2117162542d23976882b0f0a0559a1dfe21"", ""protocol_id"": ""vina_7p3w_v1"", ""receptor_hash"": ""e5e92ede1b1d000b00a7e5dbe3f3b02f0df0cd63b47dd8a421eeb8bddb1083ed"", ""run_id"": ""in2-7p3w-development-reference-v1"", ""scope"": ""open docking evidence; not Glide and not biological activity"", ""tool_id"": ""autodock_vina""}"
ev_3c1aad5b5f873d415efe11c4,in2_reconstructed_open_workflow,ATP-RDL-27C09D74E52406A5,vina_affinity,-8.349,,kcal/mol,vina_7p3w_v1,1.2.7,job_0addb5e1a538f43de2df,58acadad72982f0403c53171ee6e05d7703942fdb61516d718cbaddd9b0b0b7b,2026-09-03T07:57:14.582497+00:00,"{""ligand_hash"": ""2dc2e9ff3175804a0fc5b355ed5dbf6a152856ee9ef547e1db039af093661d89"", ""origin"": ""tool_execution"", ""pose_hash"": ""58acadad72982f0403c53171ee6e05d7703942fdb61516d718cbaddd9b0b0b7b"", ""protocol_id"": ""vina_7p3w_v1"", ""receptor_hash"": ""e5e92ede1b1d000b00a7e5dbe3f3b02f0df0cd63b47dd8a421eeb8bddb1083ed"", ""run_id"": ""in2-7p3w-development-reference-v1"", ""scope"": ""open docking evidence; not Glide and not biological activity"", ""tool_id"": ""autodock_vina""}"
ev_fe79ec2977bc7c2633380394,in2_reconstructed_open_workflow,ATP-RDL-27C09D74E52406A5,pose_qc,"{""pose_centroid"": [194.42394117647058, 188.68726470588237, 162.1151176470588], ""pose_count"": 9, ""status"": ""pass""}",,qc_record,vina_7p3w_v1,1.2.7,job_0addb5e1a538f43de2df,58acadad72982f0403c53171ee6e05d7703942fdb61516d718cbaddd9b0b0b7b,2026-09-03T07:57:14.583679+00:00,"{""ligand_hash"": ""2dc2e9ff3175804a0fc5b355ed5dbf6a152856ee9ef547e1db039af093661d89"", ""origin"": ""tool_execution"", ""pose_hash"": ""58acadad72982f0403c53171ee6e05d7703942fdb61516d718cbaddd9b0b0b7b"", ""protocol_id"": ""vina_7p3w_v1"", ""receptor_hash"": ""e5e92ede1b1d000b00a7e5dbe3f3b02f0df0cd63b47dd8a421eeb8bddb1083ed"", ""run_id"": ""in2-7p3w-development-reference-v1"", ""scope"": ""open docking evidence; not Glide and not biological activity"", ""tool_id"": ""autodock_vina""}"
ev_0bc564337c60005af2160e0d,in2_reconstructed_open_workflow,ATP-RDL-2D263E83A1935349,vina_affinity,-8.11,,kcal/mol,vina_7p3w_v1,1.2.7,job_cfba0b0ba16091399dcc,cd072483c93a75e9d4dbc29a4d3054ceed002f3d640e8576e907dc9d40bc132f,2026-09-03T07:57:14.647770+00:00,"{""ligand_hash"": ""b6c1a016637e90ed7d1740754e1b3e88cf26c5f9f597ae2e0aae45043409c338"", ""origin"": ""tool_execution"", ""pose_hash"": ""cd072483c93a75e9d4dbc29a4d3054ceed002f3d640e8576e907dc9d40bc132f"", ""protocol_id"": ""vina_7p3w_v1"", ""receptor_hash"": ""e5e92ede1b1d000b00a7e5dbe3f3b02f0df0cd63b47dd8a421eeb8bddb1083ed"", ""run_id"": ""in2-7p3w-development-reference-v1"", ""scope"": ""open docking evidence; not Glide and not biological activity"", ""tool_id"": ""autodock_vina""}"
ev_06994974e2a543584b893415,in2_reconstructed_open_workflow,ATP-RDL-2D263E83A1935349,pose_qc,"{""pose_centroid"": [194.43067647058822, 189.13608823529412, 162.03635294117646], ""pose_count"": 9, ""status"": ""pass""}",,qc_record,vina_7p3w_v1,1.2.7,job_cfba0b0ba16091399dcc,cd072483c93a75e9d4dbc29a4d3054ceed002f3d640e8576e907dc9d40bc132f,2026-09-03T07:57:14.651905+00:00,"{""ligand_hash"": ""b6c1a016637e90ed7d1740754e1b3e88cf26c5f9f597ae2e0aae45043409c338"", ""origin"": ""tool_execution"", ""pose_hash"": ""cd072483c93a75e9d4dbc29a4d3054ceed002f3d640e8576e907dc9d40bc132f"", ""protocol_id"": ""vina_7p3w_v1"", ""receptor_hash"": ""e5e92ede1b1d000b00a7e5dbe3f3b02f0df0cd63b47dd8a421eeb8bddb1083ed"", ""run_id"": ""in2-7p3w-development-reference-v1"", ""scope"": ""open docking evidence; not Glide and not biological activity"", ""tool_id"": ""autodock_vina""}"
ev_8cb91727373b79fd3c5d276a,in2_reconstructed_open_workflow,ATP-RDL-2EEC8D4838645138,vina_affinity,-7.735,,kcal/mol,vina_7p3w_v1,1.2.7,job_145a3bf81e31de21348e,5ba79227248673c1c07c20bfa58e952bcd7243cbf50edc18b4d5e9aa31b143dd,2026-09-03T07:57:14.749149+00:00,"{""ligand_hash"": ""0d53f6b7e9b35a49b31cd96fec7bbed4c9fbcefd85051d75393815fbf8bde43b"", ""origin"": ""tool_execution"", ""pose_hash"": ""5ba79227248673c1c07c20bfa58e952bcd7243cbf50edc18b4d5e9aa31b143dd"", ""protocol_id"": ""vina_7p3w_v1"", ""receptor_hash"": ""e5e92ede1b1d000b00a7e5dbe3f3b02f0df0cd63b47dd8a421eeb8bddb1083ed"", ""run_id"": ""in2-7p3w-development-reference-v1"", ""scope"": ""open docking evidence; not Glide and not biological activity"", ""tool_id"": ""autodock_vina""}"
ev_8b7ded2858516bbb030c0bb2,in2_reconstructed_open_workflow,ATP-RDL-2EEC8D4838645138,pose_qc,"{""pose_centroid"": [195.37982352941177, 188.02335294117646, 159.90732352941177], ""pose_count"": 9, ""status"": ""pass""}",,qc_record,vina_7p3w_v1,1.2.7,job_145a3bf81e31de21348e,5ba79227248673c1c07c20bfa58e952bcd7243cbf50edc18b4d5e9aa31b143dd,2026-09-03T07:57:14.752139+00:00,"{""ligand_hash"": ""0d53f6b7e9b35a49b31cd96fec7bbed4c9fbcefd85051d75393815fbf8bde43b"", ""origin"": ""tool_execution"", ""pose_hash"": ""5ba79227248673c1c07c20bfa58e952bcd7243cbf50edc18b4d5e9aa31b143dd"", ""protocol_id"": ""vina_7p3w_v1"", ""receptor_hash"": ""e5e92ede1b1d000b00a7e5dbe3f3b02f0df0cd63b47dd8a421eeb8bddb1083ed"", ""run_id"": ""in2-7p3w-development-reference-v1"", ""scope"": ""open docking evidence; not Glide and not biological activity"", ""tool_id"": ""autodock_vina""}"
ev_a1ecf7ca547bd7193824723b,in2_reconstructed_open_workflow,ATP-RDL-2EF358B551223DD0,vina_affinity,-8.202,,kcal/mol,vina_7p3w_v1,1.2.7,job_0895f4509b2000d3a34b,c5b457bb2c75e857dee8dd13d0a018243890c5145d06ea9dee08be57d9e268c2,2026-09-03T07:57:14.856733+00:00,"{""ligand_hash"": ""647e53377da7d771826ec1bbe7b5286ac46a0c4b1f73aca743d7bd3ba354b9b1"", ""origin"": ""tool_execution"", ""pose_hash"": ""c5b457bb2c75e857dee8dd13d0a018243890c5145d06ea9dee08be57d9e268c2"", ""protocol_id"": ""vina_7p3w_v1"", ""receptor_hash"": ""e5e92ede1b1d000b00a7e5dbe3f3b02f0df0cd63b47dd8a421eeb8bddb1083ed"", ""run_id"": ""in2-7p3w-development-reference-v1"", ""scope"": ""open docking evidence; not Glide and not biological activity"", ""tool_id"": ""autodock_vina""}"
ev_774fb853d1d05fb9d00a2b24,in2_reconstructed_open_workflow,ATP-RDL-2EF358B551223DD0,pose_qc,"{""pose_centroid"": [195.04497058823532, 188.5745, 161.70014705882355], ""pose_count"": 9, ""status"": ""pass""}",,qc_record,vina_7p3w_v1,1.2.7,job_0895f4509b2000d3a34b,c5b457bb2c75e857dee8dd13d0a018243890c5145d06ea9dee08be57d9e268c2,2026-09-03T07:57:14.860352+00:00,"{""ligand_hash"": ""647e53377da7d771826ec1bbe7b5286ac46a0c4b1f73aca743d7bd3ba354b9b1"", ""origin"": ""tool_execution"", ""pose_hash"": ""c5b457bb2c75e857dee8dd13d0a018243890c5145d06ea9dee08be57d9e268c2"", ""protocol_id"": ""vina_7p3w_v1"", ""receptor_hash"": ""e5e92ede1b1d000b00a7e5dbe3f3b02f0df0cd63b47dd8a421eeb8bddb1083ed"", ""run_id"": ""in2-7p3w-development-reference-v1"", ""scope"": ""open docking evidence; not Glide and not biological activity"", ""tool_id"": ""autodock_vina""}"
ev_dbb773cabb633a2ebe601f79,in2_reconstructed_open_workflow,ATP-RDL-3051F0BC4E36FC9C,vina_affinity,-8.075,,kcal/mol,vina_7p3w_v1,1.2.7,job_824d7aa72441a0f17546,354ee6a00b182aef3147040ba4416a741cde76a9516e241deea66481e028930c,2026-09-03T07:57:14.976794+00:00,"{""ligand_hash"": ""c729cb6bb7979be0a9b20e8586284396023f31146e8fd9a1c83b93e17f41b0fd"", ""origin"": ""tool_execution"", ""pose_hash"": ""354ee6a00b182aef3147040ba4416a741cde76a9516e241deea66481e028930c"", ""protocol_id"": ""vina_7p3w_v1"", ""receptor_hash"": ""e5e92ede1b1d000b00a7e5dbe3f3b02f0df0cd63b47dd8a421eeb8bddb1083ed"", ""run_id"": ""in2-7p3w-development-reference-v1"", ""scope"": ""open docking evidence; not Glide and not biological activity"", ""tool_id"": ""autodock_vina""}"
ev_2ac55fd6aa74455a5ddd04b2,in2_reconstructed_open_workflow,ATP-RDL-3051F0BC4E36FC9C,pose_qc,"{""pose_centroid"": [193.84879999999998, 189.54785714285714, 162.0831142857143], ""pose_count"": 9, ""status"": ""pass""}",,qc_record,vina_7p3w_v1,1.2.7,job_824d7aa72441a0f17546,354ee6a00b182aef3147040ba4416a741cde76a9516e241deea66481e028930c,2026-09-03T07:57:14.978794+00:00,"{""ligand_hash"": ""c729cb6bb7979be0a9b20e8586284396023f31146e8fd9a1c83b93e17f41b0fd"", ""origin"": ""tool_execution"", ""pose_hash"": ""354ee6a00b182aef3147040ba4416a741cde76a9516e241deea66481e028930c"", ""protocol_id"": ""vina_7p3w_v1"", ""receptor_hash"": ""e5e92ede1b1d000b00a7e5dbe3f3b02f0df0cd63b47dd8a421eeb8bddb1083ed"", ""run_id"": ""in2-7p3w-development-reference-v1"", ""scope"": ""open docking evidence; not Glide and not biological activity"", ""tool_id"": ""autodock_vina""}"
ev_399f433cdc37acb14516d56c,in2_reconstructed_open_workflow,ATP-RDL-3106AE4D333DE8DF,vina_affinity,-8.521,,kcal/mol,vina_7p3w_v1,1.2.7,job_4063a7253a8aac9ac9b4,5f4a1df7cadf22a65076df59fe1e7f8e3f29e0ea7a49e7e3a69dba97bb1aab85,2026-09-03T07:57:15.074623+00:00,"{""ligand_hash"": ""df9c6f0d0ab8af4c943c14b5b5e327471374f5b0f817e78a5afcfb6e1379ec35"", ""origin"": ""tool_execution"", ""pose_hash"": ""5f4a1df7cadf22a65076df59fe1e7f8e3f29e0ea7a49e7e3a69dba97bb1aab85"", ""protocol_id"": ""vina_7p3w_v1"", ""receptor_hash"": ""e5e92ede1b1d000b00a7e5dbe3f3b02f0df0cd63b47dd8a421eeb8bddb1083ed"", ""run_id"": ""in2-7p3w-development-reference-v1"", ""scope"": ""open docking evidence; not Glide and not biological activity"", ""tool_id"": ""autodock_vina""}"
ev_3efc8dfac21772e6e88d393b,in2_reconstructed_open_workflow,ATP-RDL-3106AE4D333DE8DF,pose_qc,"{""pose_centroid"": [193.50688235294118, 188.9455588235294, 162.62697058823528], ""pose_count"": 9, ""status"": ""pass""}",,qc_record,vina_7p3w_v1,1.2.7,job_4063a7253a8aac9ac9b4,5f4a1df7cadf22a65076df59fe1e7f8e3f29e0ea7a49e7e3a69dba97bb1aab85,2026-09-03T07:57:15.077641+00:00,"{""ligand_hash"": ""df9c6f0d0ab8af4c943c14b5b5e327471374f5b0f817e78a5afcfb6e1379ec35"", ""origin"": ""tool_execution"", ""pose_hash"": ""5f4a1df7cadf22a65076df59fe1e7f8e3f29e0ea7a49e7e3a69dba97bb1aab85"", ""protocol_id"": ""vina_7p3w_v1"", ""receptor_hash"": ""e5e92ede1b1d000b00a7e5dbe3f3b02f0df0cd63b47dd8a421eeb8bddb1083ed"", ""run_id"": ""in2-7p3w-development-reference-v1"", ""scope"": ""open docking evidence; not Glide and not biological activity"", ""tool_id"": ""autodock_vina""}"
ev_0be42a145c86223c04d52b6f,in2_reconstructed_open_workflow,ATP-RDL-3547F3609812B072,vina_affinity,-8.495,,kcal/mol,vina_7p3w_v1,1.2.7,job_904bfa6d2a8cc7b65e3a,dd3373c2f9aa6f35ff1291b71f18b198f4f45b6991a4da6d146065959a3fc6d4,2026-09-03T07:57:15.176886+00:00,"{""ligand_hash"": ""a612f4ac83edbc5520d21475c9a2f0fb397faec5c50c779585617a947a20281f"", ""origin"": ""tool_execution"", ""pose_hash"": ""dd3373c2f9aa6f35ff1291b71f18b198f4f45b6991a4da6d146065959a3fc6d4"", ""protocol_id"": ""vina_7p3w_v1"", ""receptor_hash"": ""e5e92ede1b1d000b00a7e5dbe3f3b02f0df0cd63b47dd8a421eeb8bddb1083ed"", ""run_id"": ""in2-7p3w-development-reference-v1"", ""scope"": ""open docking evidence; not Glide and not biological activity"", ""tool_id"": ""autodock_vina""}"
ev_186e25a4afef12958bb9dde7,in2_reconstructed_open_workflow,ATP-RDL-3547F3609812B072,pose_qc,"{""pose_centroid"": [194.1179117647059, 188.8959705882353, 162.6246176470588], ""pose_count"": 9, ""status"": ""pass""}",,qc_record,vina_7p3w_v1,1.2.7,job_904bfa6d2a8cc7b65e3a,dd3373c2f9aa6f35ff1291b71f18b198f4f45b6991a4da6d146065959a3fc6d4,2026-09-03T07:57:15.180886+00:00,"{""ligand_hash"": ""a612f4ac83edbc5520d21475c9a2f0fb397faec5c50c779585617a947a20281f"", ""origin"": ""tool_execution"", ""pose_hash"": ""dd3373c2f9aa6f35ff1291b71f18b198f4f45b6991a4da6d146065959a3fc6d4"", ""protocol_id"": ""vina_7p3w_v1"", ""receptor_hash"": ""e5e92ede1b1d000b00a7e5dbe3f3b02f0df0cd63b47dd8a421eeb8bddb1083ed"", ""run_id"": ""in2-7p3w-development-reference-v1"", ""scope"": ""open docking evidence; not Glide and not biological activity"", ""tool_id"": ""autodock_vina""}"
ev_2c4b90332ed06e5ab0025161,in2_reconstructed_open_workflow,ATP-RDL-3A484CAEA9EC8F12,vina_affinity,-7.347,,kcal/mol,vina_7p3w_v1,1.2.7,job_44637f14cd8b1b17f76c,1e1ef71a0af98a471aa9e3b67b6a998da5131d627e09a93b23fea5ab68b7d695,2026-09-03T07:57:15.259322+00:00,"{""ligand_hash"": ""f7a9d112c83b5f1ba83360eca62b85834e28653206f087f6014bdbafbb4ebe12"", ""origin"": ""tool_execution"", ""pose_hash"": ""1e1ef71a0af98a471aa9e3b67b6a998da5131d627e09a93b23fea5ab68b7d695"", ""protocol_id"": ""vina_7p3w_v1"", ""receptor_hash"": ""e5e92ede1b1d000b00a7e5dbe3f3b02f0df0cd63b47dd8a421eeb8bddb1083ed"", ""run_id"": ""in2-7p3w-development-reference-v1"", ""scope"": ""open docking evidence; not Glide and not biological activity"", ""tool_id"": ""autodock_vina""}"
ev_8fb3a1c7a2681673c66c3bd2,in2_reconstructed_open_workflow,ATP-RDL-3A484CAEA9EC8F12,pose_qc,"{""pose_centroid"": [198.54854285714285, 179.93128571428574, 154.54542857142857], ""pose_count"": 9, ""status"": ""pass""}",,qc_record,vina_7p3w_v1,1.2.7,job_44637f14cd8b1b17f76c,1e1ef71a0af98a471aa9e3b67b6a998da5131d627e09a93b23fea5ab68b7d695,2026-09-03T07:57:15.264616+00:00,"{""ligand_hash"": ""f7a9d112c83b5f1ba83360eca62b85834e28653206f087f6014bdbafbb4ebe12"", ""origin"": ""tool_execution"", ""pose_hash"": ""1e1ef71a0af98a471aa9e3b67b6a998da5131d627e09a93b23fea5ab68b7d695"", ""protocol_id"": ""vina_7p3w_v1"", ""receptor_hash"": ""e5e92ede1b1d000b00a7e5dbe3f3b02f0df0cd63b47dd8a421eeb8bddb1083ed"", ""run_id"": ""in2-7p3w-development-reference-v1"", ""scope"": ""open docking evidence; not Glide and not biological activity"", ""tool_id"": ""autodock_vina""}"
ev_fe0df297655275a445937680,in2_reconstructed_open_workflow,ATP-RDL-3C68984737EFB02C,vina_affinity,-8.45,,kcal/mol,vina_7p3w_v1,1.2.7,job_6bdeb174a02fea4dbd3c,b6f05d964f1c045fb7513bcdc96596a3bed4d6624603d4be77f89b64ea1f8aa2,2026-09-03T07:57:15.349557+00:00,"{""ligand_hash"": ""207b27e4699160d545303769575a93c1643827e01e2e1cf67424ce452ac88331"", ""origin"": ""tool_execution"", ""pose_hash"": ""b6f05d964f1c045fb7513bcdc96596a3bed4d6624603d4be77f89b64ea1f8aa2"", ""protocol_id"": ""vina_7p3w_v1"", ""receptor_hash"": ""e5e92ede1b1d000b00a7e5dbe3f3b02f0df0cd63b47dd8a421eeb8bddb1083ed"", ""run_id"": ""in2-7p3w-development-reference-v1"", ""scope"": ""open docking evidence; not Glide and not biological activity"", ""tool_id"": ""autodock_vina""}"
ev_a5885337173deea6c502f471,in2_reconstructed_open_workflow,ATP-RDL-3C68984737EFB02C,pose_qc,"{""pose_centroid"": [194.3764285714286, 188.61325714285715, 162.10154285714285], ""pose_count"": 9, ""status"": ""pass""}",,qc_record,vina_7p3w_v1,1.2.7,job_6bdeb174a02fea4dbd3c,b6f05d964f1c045fb7513bcdc96596a3bed4d6624603d4be77f89b64ea1f8aa2,2026-09-03T07:57:15.353561+00:00,"{""ligand_hash"": ""207b27e4699160d545303769575a93c1643827e01e2e1cf67424ce452ac88331"", ""origin"": ""tool_execution"", ""pose_hash"": ""b6f05d964f1c045fb7513bcdc96596a3bed4d6624603d4be77f89b64ea1f8aa2"", ""protocol_id"": ""vina_7p3w_v1"", ""receptor_hash"": ""e5e92ede1b1d000b00a7e5dbe3f3b02f0df0cd63b47dd8a421eeb8bddb1083ed"", ""run_id"": ""in2-7p3w-development-reference-v1"", ""scope"": ""open docking evidence; not Glide and not biological activity"", ""tool_id"": ""autodock_vina""}"
ev_6be083564a5ca257ccc239bd,in2_reconstructed_open_workflow,ATP-RDL-3CDAC3CF3926BC9C,vina_affinity,-7.471,,kcal/mol,vina_7p3w_v1,1.2.7,job_7e8fd41618233902a466,66fccc80781e96e2485009bee137d0ff3f076ac3c9bbf83aa408505335fb3180,2026-09-03T07:57:15.431121+00:00,"{""ligand_hash"": ""dac869ffedc03eede53edd48f7c05a8fe95237e78c69c4bfa327f4bd90a0ee16"", ""origin"": ""tool_execution"", ""pose_hash"": ""66fccc80781e96e2485009bee137d0ff3f076ac3c9bbf83aa408505335fb3180"", ""protocol_id"": ""vina_7p3w_v1"", ""receptor_hash"": ""e5e92ede1b1d000b00a7e5dbe3f3b02f0df0cd63b47dd8a421eeb8bddb1083ed"", ""run_id"": ""in2-7p3w-development-reference-v1"", ""scope"": ""open docking evidence; not Glide and not biological activity"", ""tool_id"": ""autodock_vina""}"
ev_6bf9155d7d7e56f97cc103b3,in2_reconstructed_open_workflow,ATP-RDL-3CDAC3CF3926BC9C,pose_qc,"{""pose_centroid"": [193.65988235294117, 188.47538235294118, 161.80414705882353], ""pose_count"": 9, ""status"": ""pass""}",,qc_record,vina_7p3w_v1,1.2.7,job_7e8fd41618233902a466,66fccc80781e96e2485009bee137d0ff3f076ac3c9bbf83aa408505335fb3180,2026-09-03T07:57:15.432129+00:00,"{""ligand_hash"": ""dac869ffedc03eede53edd48f7c05a8fe95237e78c69c4bfa327f4bd90a0ee16"", ""origin"": ""tool_execution"", ""pose_hash"": ""66fccc80781e96e2485009bee137d0ff3f076ac3c9bbf83aa408505335fb3180"", ""protocol_id"": ""vina_7p3w_v1"", ""receptor_hash"": ""e5e92ede1b1d000b00a7e5dbe3f3b02f0df0cd63b47dd8a421eeb8bddb1083ed"", ""run_id"": ""in2-7p3w-development-reference-v1"", ""scope"": ""open docking evidence; not Glide and not biological activity"", ""tool_id"": ""autodock_vina""}"
ev_da3535425d71aba1314c9508,in2_reconstructed_open_workflow,ATP-RDL-421B632BB05790AE,vina_affinity,-8.4,,kcal/mol,vina_7p3w_v1,1.2.7,job_8f65a83f0f3ae103b2a2,c3356159367a33cb391b5ed48fe46d35865286b9a79d56b2ec4629e2405224ad,2026-09-03T07:57:15.518228+00:00,"{""ligand_hash"": ""0df68b6f90989a386225c43a43c5cb6a27dc77d10f6505f19ec303f411c5f6c4"", ""origin"": ""tool_execution"", ""pose_hash"": ""c3356159367a33cb391b5ed48fe46d35865286b9a79d56b2ec4629e2405224ad"", ""protocol_id"": ""vina_7p3w_v1"", ""receptor_hash"": ""e5e92ede1b1d000b00a7e5dbe3f3b02f0df0cd63b47dd8a421eeb8bddb1083ed"", ""run_id"": ""in2-7p3w-development-reference-v1"", ""scope"": ""open docking evidence; not Glide and not biological activity"", ""tool_id"": ""autodock_vina""}"
ev_2c1c1d0fcc8ee09ec513d781,in2_reconstructed_open_workflow,ATP-RDL-421B632BB05790AE,pose_qc,"{""pose_centroid"": [194.05223529411765, 188.6779705882353, 162.41973529411763], ""pose_count"": 9, ""status"": ""pass""}",,qc_record,vina_7p3w_v1,1.2.7,job_8f65a83f0f3ae103b2a2,c3356159367a33cb391b5ed48fe46d35865286b9a79d56b2ec4629e2405224ad,2026-09-03T07:57:15.521237+00:00,"{""ligand_hash"": ""0df68b6f90989a386225c43a43c5cb6a27dc77d10f6505f19ec303f411c5f6c4"", ""origin"": ""tool_execution"", ""pose_hash"": ""c3356159367a33cb391b5ed48fe46d35865286b9a79d56b2ec4629e2405224ad"", ""protocol_id"": ""vina_7p3w_v1"", ""receptor_hash"": ""e5e92ede1b1d000b00a7e5dbe3f3b02f0df0cd63b47dd8a421eeb8bddb1083ed"", ""run_id"": ""in2-7p3w-development-reference-v1"", ""scope"": ""open docking evidence; not Glide and not biological activity"", ""tool_id"": ""autodock_vina""}"
ev_8eca76156fe222dccb6182e5,in2_reconstructed_open_workflow,ATP-RDL-45D33411FCB29216,vina_affinity,-8.381,,kcal/mol,vina_7p3w_v1,1.2.7,job_69ba52a5212c73a2843c,58d5b5c34c150faad6fa831cc7abc1fe525ca3fb36009f60f722a3b83295df93,2026-09-03T07:57:15.644273+00:00,"{""ligand_hash"": ""550cce8eb462b2002faab347855abd8db1a07e55cf16c583126117aa1e9aab68"", ""origin"": ""tool_execution"", ""pose_hash"": ""58d5b5c34c150faad6fa831cc7abc1fe525ca3fb36009f60f722a3b83295df93"", ""protocol_id"": ""vina_7p3w_v1"", ""receptor_hash"": ""e5e92ede1b1d000b00a7e5dbe3f3b02f0df0cd63b47dd8a421eeb8bddb1083ed"", ""run_id"": ""in2-7p3w-development-reference-v1"", ""scope"": ""open docking evidence; not Glide and not biological activity"", ""tool_id"": ""autodock_vina""}"
ev_57588e45b4c1f75b4111cab1,in2_reconstructed_open_workflow,ATP-RDL-45D33411FCB29216,pose_qc,"{""pose_centroid"": [194.49522857142856, 188.9127142857143, 162.1076857142857], ""pose_count"": 9, ""status"": ""pass""}",,qc_record,vina_7p3w_v1,1.2.7,job_69ba52a5212c73a2843c,58d5b5c34c150faad6fa831cc7abc1fe525ca3fb36009f60f722a3b83295df93,2026-09-03T07:57:15.648274+00:00,"{""ligand_hash"": ""550cce8eb462b2002faab347855abd8db1a07e55cf16c583126117aa1e9aab68"", ""origin"": ""tool_execution"", ""pose_hash"": ""58d5b5c34c150faad6fa831cc7abc1fe525ca3fb36009f60f722a3b83295df93"", ""protocol_id"": ""vina_7p3w_v1"", ""receptor_hash"": ""e5e92ede1b1d000b00a7e5dbe3f3b02f0df0cd63b47dd8a421eeb8bddb1083ed"", ""run_id"": ""in2-7p3w-development-reference-v1"", ""scope"": ""open docking evidence; not Glide and not biological activity"", ""tool_id"": ""autodock_vina""}"
ev_404e4da04c26b0cd51d7de7a,in2_reconstructed_open_workflow,ATP-RDL-4CAA0A102EC2058D,vina_affinity,-8.258,,kcal/mol,vina_7p3w_v1,1.2.7,job_959b83a8a6a74619234b,54813c8c3b1e3cd19eb70d063d9eaa76fc9e4517264824945506787260b723f6,2026-09-03T07:57:15.765190+00:00,"{""ligand_hash"": ""06cee4d62d5e21786123f6fd0443b375e7f0aa56b175d8e3ca93f2c42ac50432"", ""origin"": ""tool_execution"", ""pose_hash"": ""54813c8c3b1e3cd19eb70d063d9eaa76fc9e4517264824945506787260b723f6"", ""protocol_id"": ""vina_7p3w_v1"", ""receptor_hash"": ""e5e92ede1b1d000b00a7e5dbe3f3b02f0df0cd63b47dd8a421eeb8bddb1083ed"", ""run_id"": ""in2-7p3w-development-reference-v1"", ""scope"": ""open docking evidence; not Glide and not biological activity"", ""tool_id"": ""autodock_vina""}"
ev_a0f42d7a6bcdee7ddfc470c2,in2_reconstructed_open_workflow,ATP-RDL-4CAA0A102EC2058D,pose_qc,"{""pose_centroid"": [194.34267647058823, 188.65597058823528, 162.2623823529412], ""pose_count"": 9, ""status"": ""pass""}",,qc_record,vina_7p3w_v1,1.2.7,job_959b83a8a6a74619234b,54813c8c3b1e3cd19eb70d063d9eaa76fc9e4517264824945506787260b723f6,2026-09-03T07:57:15.770230+00:00,"{""ligand_hash"": ""06cee4d62d5e21786123f6fd0443b375e7f0aa56b175d8e3ca93f2c42ac50432"", ""origin"": ""tool_execution"", ""pose_hash"": ""54813c8c3b1e3cd19eb70d063d9eaa76fc9e4517264824945506787260b723f6"", ""protocol_id"": ""vina_7p3w_v1"", ""receptor_hash"": ""e5e92ede1b1d000b00a7e5dbe3f3b02f0df0cd63b47dd8a421eeb8bddb1083ed"", ""run_id"": ""in2-7p3w-development-reference-v1"", ""scope"": ""open docking evidence; not Glide and not biological activity"", ""tool_id"": ""autodock_vina""}"
ev_5a99019285fd520cf4243c9d,in2_reconstructed_open_workflow,ATP-RDL-5187738B06C5E8C6,vina_affinity,-7.154,,kcal/mol,vina_7p3w_v1,1.2.7,job_04b5a3fac6199e0e4f54,7138bc8375abbad430e7706ce1f1669014acbd8e7f13f953b4a4d0d4e2577975,2026-09-03T07:57:15.900605+00:00,"{""ligand_hash"": ""c11d4a310d269e90c4307574007d393c95fb329f3b4224ef56b245c83efd9e25"", ""origin"": ""tool_execution"", ""pose_hash"": ""7138bc8375abbad430e7706ce1f1669014acbd8e7f13f953b4a4d0d4e2577975"", ""protocol_id"": ""vina_7p3w_v1"", ""receptor_hash"": ""e5e92ede1b1d000b00a7e5dbe3f3b02f0df0cd63b47dd8a421eeb8bddb1083ed"", ""run_id"": ""in2-7p3w-development-reference-v1"", ""scope"": ""open docking evidence; not Glide and not biological activity"", ""tool_id"": ""autodock_vina""}"
ev_42736c28bbce2cde3fe301e8,in2_reconstructed_open_workflow,ATP-RDL-5187738B06C5E8C6,pose_qc,"{""pose_centroid"": [196.27713888888889, 186.73875, 159.74077777777777], ""pose_count"": 9, ""status"": ""pass""}",,qc_record,vina_7p3w_v1,1.2.7,job_04b5a3fac6199e0e4f54,7138bc8375abbad430e7706ce1f1669014acbd8e7f13f953b4a4d0d4e2577975,2026-09-03T07:57:15.904499+00:00,"{""ligand_hash"": ""c11d4a310d269e90c4307574007d393c95fb329f3b4224ef56b245c83efd9e25"", ""origin"": ""tool_execution"", ""pose_hash"": ""7138bc8375abbad430e7706ce1f1669014acbd8e7f13f953b4a4d0d4e2577975"", ""protocol_id"": ""vina_7p3w_v1"", ""receptor_hash"": ""e5e92ede1b1d000b00a7e5dbe3f3b02f0df0cd63b47dd8a421eeb8bddb1083ed"", ""run_id"": ""in2-7p3w-development-reference-v1"", ""scope"": ""open docking evidence; not Glide and not biological activity"", ""tool_id"": ""autodock_vina""}"
ev_9105ad0de3cfd1c162350334,in2_reconstructed_open_workflow,ATP-RDL-55B26073AF24F177,vina_affinity,-8.214,,kcal/mol,vina_7p3w_v1,1.2.7,job_d36629f2e6e5a3fd5507,bd6f184676b5604623b6eaca6f97ed7b46e945f3d65282d279e239cdfc619812,2026-09-03T07:57:16.028798+00:00,"{""ligand_hash"": ""6c5053b029d389860b17cc434868abc4b869b496120b4fc9ffe038e0f274dcfd"", ""origin"": ""tool_execution"", ""pose_hash"": ""bd6f184676b5604623b6eaca6f97ed7b46e945f3d65282d279e239cdfc619812"", ""protocol_id"": ""vina_7p3w_v1"", ""receptor_hash"": ""e5e92ede1b1d000b00a7e5dbe3f3b02f0df0cd63b47dd8a421eeb8bddb1083ed"", ""run_id"": ""in2-7p3w-development-reference-v1"", ""scope"": ""open docking evidence; not Glide and not biological activity"", ""tool_id"": ""autodock_vina""}"
ev_0dfbe562e3c64b2fe670135c,in2_reconstructed_open_workflow,ATP-RDL-55B26073AF24F177,pose_qc,"{""pose_centroid"": [196.09057142857142, 190.17522857142856, 159.17622857142857], ""pose_count"": 9, ""status"": ""pass""}",,qc_record,vina_7p3w_v1,1.2.7,job_d36629f2e6e5a3fd5507,bd6f184676b5604623b6eaca6f97ed7b46e945f3d65282d279e239cdfc619812,2026-09-03T07:57:16.032872+00:00,"{""ligand_hash"": ""6c5053b029d389860b17cc434868abc4b869b496120b4fc9ffe038e0f274dcfd"", ""origin"": ""tool_execution"", ""pose_hash"": ""bd6f184676b5604623b6eaca6f97ed7b46e945f3d65282d279e239cdfc619812"", ""protocol_id"": ""vina_7p3w_v1"", ""receptor_hash"": ""e5e92ede1b1d000b00a7e5dbe3f3b02f0df0cd63b47dd8a421eeb8bddb1083ed"", ""run_id"": ""in2-7p3w-development-reference-v1"", ""scope"": ""open docking evidence; not Glide and not biological activity"", ""tool_id"": ""autodock_vina""}"
ev_67582be9718963176361d978,in2_reconstructed_open_workflow,ATP-RDL-58410A3914BAC138,vina_affinity,-8.705,,kcal/mol,vina_7p3w_v1,1.2.7,job_efc204f5836f9c9d029b,0b373ae3308da780e562ae095ebeb0e707294dc40266acfe2207e8a4edf935b8,2026-09-03T07:57:16.157418+00:00,"{""ligand_hash"": ""5ad65863c939c87553a24e79ba6f10fa71e7928ce3efea00ebcf3adae118276e"", ""origin"": ""tool_execution"", ""pose_hash"": ""0b373ae3308da780e562ae095ebeb0e707294dc40266acfe2207e8a4edf935b8"", ""protocol_id"": ""vina_7p3w_v1"", ""receptor_hash"": ""e5e92ede1b1d000b00a7e5dbe3f3b02f0df0cd63b47dd8a421eeb8bddb1083ed"", ""run_id"": ""in2-7p3w-development-reference-v1"", ""scope"": ""open docking evidence; not Glide and not biological activity"", ""tool_id"": ""autodock_vina""}"
ev_2aa49e666c14b1c1b67b7376,in2_reconstructed_open_workflow,ATP-RDL-58410A3914BAC138,pose_qc,"{""pose_centroid"": [193.777, 189.2019411764706, 162.32885294117648], ""pose_count"": 9, ""status"": ""pass""}",,qc_record,vina_7p3w_v1,1.2.7,job_efc204f5836f9c9d029b,0b373ae3308da780e562ae095ebeb0e707294dc40266acfe2207e8a4edf935b8,2026-09-03T07:57:16.160601+00:00,"{""ligand_hash"": ""5ad65863c939c87553a24e79ba6f10fa71e7928ce3efea00ebcf3adae118276e"", ""origin"": ""tool_execution"", ""pose_hash"": ""0b373ae3308da780e562ae095ebeb0e707294dc40266acfe2207e8a4edf935b8"", ""protocol_id"": ""vina_7p3w_v1"", ""receptor_hash"": ""e5e92ede1b1d000b00a7e5dbe3f3b02f0df0cd63b47dd8a421eeb8bddb1083ed"", ""run_id"": ""in2-7p3w-development-reference-v1"", ""scope"": ""open docking evidence; not Glide and not biological activity"", ""tool_id"": ""autodock_vina""}"
ev_d4de96a789b8b557cfa80c5c,in2_reconstructed_open_workflow,ATP-RDL-6803129D8141E706,vina_affinity,-8.067,,kcal/mol,vina_7p3w_v1,1.2.7,job_e24a47d4e7d184dcc22b,2719db8cd40c75b7220a20f7cd62bb9da695ae983d51ee005a6bfa5a6ef83b3f,2026-09-03T07:57:16.251568+00:00,"{""ligand_hash"": ""437d66b36b2f73e24f919853968e59250b6b3d92a71e353fd5b9d8e67b871656"", ""origin"": ""tool_execution"", ""pose_hash"": ""2719db8cd40c75b7220a20f7cd62bb9da695ae983d51ee005a6bfa5a6ef83b3f"", ""protocol_id"": ""vina_7p3w_v1"", ""receptor_hash"": ""e5e92ede1b1d000b00a7e5dbe3f3b02f0df0cd63b47dd8a421eeb8bddb1083ed"", ""run_id"": ""in2-7p3w-development-reference-v1"", ""scope"": ""open docking evidence; not Glide and not biological activity"", ""tool_id"": ""autodock_vina""}"
ev_74d4bbb604d0d0b76c8f30ea,in2_reconstructed_open_workflow,ATP-RDL-6803129D8141E706,pose_qc,"{""pose_centroid"": [196.2299705882353, 190.72517647058822, 159.4085294117647], ""pose_count"": 9, ""status"": ""pass""}",,qc_record,vina_7p3w_v1,1.2.7,job_e24a47d4e7d184dcc22b,2719db8cd40c75b7220a20f7cd62bb9da695ae983d51ee005a6bfa5a6ef83b3f,2026-09-03T07:57:16.254579+00:00,"{""ligand_hash"": ""437d66b36b2f73e24f919853968e59250b6b3d92a71e353fd5b9d8e67b871656"", ""origin"": ""tool_execution"", ""pose_hash"": ""2719db8cd40c75b7220a20f7cd62bb9da695ae983d51ee005a6bfa5a6ef83b3f"", ""protocol_id"": ""vina_7p3w_v1"", ""receptor_hash"": ""e5e92ede1b1d000b00a7e5dbe3f3b02f0df0cd63b47dd8a421eeb8bddb1083ed"", ""run_id"": ""in2-7p3w-development-reference-v1"", ""scope"": ""open docking evidence; not Glide and not biological activity"", ""tool_id"": ""autodock_vina""}"
ev_2f6db2f56a3446774afc86d2,in2_reconstructed_open_workflow,ATP-RDL-71642F6654637DAC,vina_affinity,-8.444,,kcal/mol,vina_7p3w_v1,1.2.7,job_d1b32c67c14d9d7b19a2,97b4364f47b1e597d1d314fb3f73cd5822bf592af20564a7ddc1c8689a9cda19,2026-09-03T07:57:16.384286+00:00,"{""ligand_hash"": ""c66335076472529bbf5ab2c783b6b744d7554a12ed5624f86b6fe88d8cc6b61d"", ""origin"": ""tool_execution"", ""pose_hash"": ""97b4364f47b1e597d1d314fb3f73cd5822bf592af20564a7ddc1c8689a9cda19"", ""protocol_id"": ""vina_7p3w_v1"", ""receptor_hash"": ""e5e92ede1b1d000b00a7e5dbe3f3b02f0df0cd63b47dd8a421eeb8bddb1083ed"", ""run_id"": ""in2-7p3w-development-reference-v1"", ""scope"": ""open docking evidence; not Glide and not biological activity"", ""tool_id"": ""autodock_vina""}"
ev_cf5449a2bff58314a8c231f1,in2_reconstructed_open_workflow,ATP-RDL-71642F6654637DAC,pose_qc,"{""pose_centroid"": [194.26085714285713, 188.4328285714286, 162.10788571428571], ""pose_count"": 9, ""status"": ""pass""}",,qc_record,vina_7p3w_v1,1.2.7,job_d1b32c67c14d9d7b19a2,97b4364f47b1e597d1d314fb3f73cd5822bf592af20564a7ddc1c8689a9cda19,2026-09-03T07:57:16.390986+00:00,"{""ligand_hash"": ""c66335076472529bbf5ab2c783b6b744d7554a12ed5624f86b6fe88d8cc6b61d"", ""origin"": ""tool_execution"", ""pose_hash"": ""97b4364f47b1e597d1d314fb3f73cd5822bf592af20564a7ddc1c8689a9cda19"", ""protocol_id"": ""vina_7p3w_v1"", ""receptor_hash"": ""e5e92ede1b1d000b00a7e5dbe3f3b02f0df0cd63b47dd8a421eeb8bddb1083ed"", ""run_id"": ""in2-7p3w-development-reference-v1"", ""scope"": ""open docking evidence; not Glide and not biological activity"", ""tool_id"": ""autodock_vina""}"
ev_11467946e3f0c6901371ceff,in2_reconstructed_open_workflow,ATP-RDL-74D6AE6DBFA41E45,vina_affinity,-7.55,,kcal/mol,vina_7p3w_v1,1.2.7,job_de74a08e0a0889b5401e,1ba4daa1bc0faac4bd03f2a91e3ce476d2ed50f6cde718735cfaa9464cf72c15,2026-09-03T07:57:16.505543+00:00,"{""ligand_hash"": ""468b74c6177cea7e6482582e187bdbaf9f867cff7660502dae0a91a8f1c4ba6f"", ""origin"": ""tool_execution"", ""pose_hash"": ""1ba4daa1bc0faac4bd03f2a91e3ce476d2ed50f6cde718735cfaa9464cf72c15"", ""protocol_id"": ""vina_7p3w_v1"", ""receptor_hash"": ""e5e92ede1b1d000b00a7e5dbe3f3b02f0df0cd63b47dd8a421eeb8bddb1083ed"", ""run_id"": ""in2-7p3w-development-reference-v1"", ""scope"": ""open docking evidence; not Glide and not biological activity"", ""tool_id"": ""autodock_vina""}"
ev_6b3fe4081a16c42df4b04730,in2_reconstructed_open_workflow,ATP-RDL-74D6AE6DBFA41E45,pose_qc,"{""pose_centroid"": [193.67714705882352, 188.43864705882353, 161.58367647058824], ""pose_count"": 9, ""status"": ""pass""}",,qc_record,vina_7p3w_v1,1.2.7,job_de74a08e0a0889b5401e,1ba4daa1bc0faac4bd03f2a91e3ce476d2ed50f6cde718735cfaa9464cf72c15,2026-09-03T07:57:16.508960+00:00,"{""ligand_hash"": ""468b74c6177cea7e6482582e187bdbaf9f867cff7660502dae0a91a8f1c4ba6f"", ""origin"": ""tool_execution"", ""pose_hash"": ""1ba4daa1bc0faac4bd03f2a91e3ce476d2ed50f6cde718735cfaa9464cf72c15"", ""protocol_id"": ""vina_7p3w_v1"", ""receptor_hash"": ""e5e92ede1b1d000b00a7e5dbe3f3b02f0df0cd63b47dd8a421eeb8bddb1083ed"", ""run_id"": ""in2-7p3w-development-reference-v1"", ""scope"": ""open docking evidence; not Glide and not biological activity"", ""tool_id"": ""autodock_vina""}"
ev_1a62de5a46caf0ced8f53381,in2_reconstructed_open_workflow,ATP-RDL-7C030B53E8CF8BEC,vina_affinity,-7.704,,kcal/mol,vina_7p3w_v1,1.2.7,job_f7c3334440779babe5c8,12a75d1fa670139a8abe9074378532820d276e3f9313f5cb04d75a723dae3aa8,2026-09-03T07:57:16.619084+00:00,"{""ligand_hash"": ""5b1fbefbdf57e6e9ed6527f1e32f8c1adef5c9ec0f07635c26572d64ad1504ad"", ""origin"": ""tool_execution"", ""pose_hash"": ""12a75d1fa670139a8abe9074378532820d276e3f9313f5cb04d75a723dae3aa8"", ""protocol_id"": ""vina_7p3w_v1"", ""receptor_hash"": ""e5e92ede1b1d000b00a7e5dbe3f3b02f0df0cd63b47dd8a421eeb8bddb1083ed"", ""run_id"": ""in2-7p3w-development-reference-v1"", ""scope"": ""open docking evidence; not Glide and not biological activity"", ""tool_id"": ""autodock_vina""}"
ev_ce12e0dff1703c43dbca1e20,in2_reconstructed_open_workflow,ATP-RDL-7C030B53E8CF8BEC,pose_qc,"{""pose_centroid"": [193.7359696969697, 188.3369696969697, 161.7328484848485], ""pose_count"": 9, ""status"": ""pass""}",,qc_record,vina_7p3w_v1,1.2.7,job_f7c3334440779babe5c8,12a75d1fa670139a8abe9074378532820d276e3f9313f5cb04d75a723dae3aa8,2026-09-03T07:57:16.620587+00:00,"{""ligand_hash"": ""5b1fbefbdf57e6e9ed6527f1e32f8c1adef5c9ec0f07635c26572d64ad1504ad"", ""origin"": ""tool_execution"", ""pose_hash"": ""12a75d1fa670139a8abe9074378532820d276e3f9313f5cb04d75a723dae3aa8"", ""protocol_id"": ""vina_7p3w_v1"", ""receptor_hash"": ""e5e92ede1b1d000b00a7e5dbe3f3b02f0df0cd63b47dd8a421eeb8bddb1083ed"", ""run_id"": ""in2-7p3w-development-reference-v1"", ""scope"": ""open docking evidence; not Glide and not biological activity"", ""tool_id"": ""autodock_vina""}"
ev_58ab9d6ce0fba1f114c2cd77,in2_reconstructed_open_workflow,ATP-RDL-7CBFFB7061716425,vina_affinity,-8.176,,kcal/mol,vina_7p3w_v1,1.2.7,job_34c3e2a616a8a3cf246d,18203c1ae698b904ebd683f52ca86044e170c97e8fa007cbd08c06eaa659e3d4,2026-09-03T07:57:16.691976+00:00,"{""ligand_hash"": ""4252ea486380432cbf42df395983b5137c894452b411c84595f38eaf4934b2b8"", ""origin"": ""tool_execution"", ""pose_hash"": ""18203c1ae698b904ebd683f52ca86044e170c97e8fa007cbd08c06eaa659e3d4"", ""protocol_id"": ""vina_7p3w_v1"", ""receptor_hash"": ""e5e92ede1b1d000b00a7e5dbe3f3b02f0df0cd63b47dd8a421eeb8bddb1083ed"", ""run_id"": ""in2-7p3w-development-reference-v1"", ""scope"": ""open docking evidence; not Glide and not biological activity"", ""tool_id"": ""autodock_vina""}"
ev_b441b50102f2ab63ba9cb96c,in2_reconstructed_open_workflow,ATP-RDL-7CBFFB7061716425,pose_qc,"{""pose_centroid"": [196.32048484848485, 190.5459090909091, 159.2449696969697], ""pose_count"": 9, ""status"": ""pass""}",,qc_record,vina_7p3w_v1,1.2.7,job_34c3e2a616a8a3cf246d,18203c1ae698b904ebd683f52ca86044e170c97e8fa007cbd08c06eaa659e3d4,2026-09-03T07:57:16.696917+00:00,"{""ligand_hash"": ""4252ea486380432cbf42df395983b5137c894452b411c84595f38eaf4934b2b8"", ""origin"": ""tool_execution"", ""pose_hash"": ""18203c1ae698b904ebd683f52ca86044e170c97e8fa007cbd08c06eaa659e3d4"", ""protocol_id"": ""vina_7p3w_v1"", ""receptor_hash"": ""e5e92ede1b1d000b00a7e5dbe3f3b02f0df0cd63b47dd8a421eeb8bddb1083ed"", ""run_id"": ""in2-7p3w-development-reference-v1"", ""scope"": ""open docking evidence; not Glide and not biological activity"", ""tool_id"": ""autodock_vina""}"
ev_7c4b9491d81a172e0f18c938,in2_reconstructed_open_workflow,ATP-RDL-7E4D99F27F6F4500,vina_affinity,-7.476,,kcal/mol,vina_7p3w_v1,1.2.7,job_e5edaa6ea18a31a17325,e4a733d97c50ebfaa545ef2610d548bb60bd149178e1eeb00513de4c60a39a65,2026-09-03T07:57:16.772224+00:00,"{""ligand_hash"": ""0f798ec2b40627c6cd9cdf1432fd97a40ccac64e5fc96bd1ee0b836d039a2631"", ""origin"": ""tool_execution"", ""pose_hash"": ""e4a733d97c50ebfaa545ef2610d548bb60bd149178e1eeb00513de4c60a39a65"", ""protocol_id"": ""vina_7p3w_v1"", ""receptor_hash"": ""e5e92ede1b1d000b00a7e5dbe3f3b02f0df0cd63b47dd8a421eeb8bddb1083ed"", ""run_id"": ""in2-7p3w-development-reference-v1"", ""scope"": ""open docking evidence; not Glide and not biological activity"", ""tool_id"": ""autodock_vina""}"
ev_2239aef1ede7820d68ebaff8,in2_reconstructed_open_workflow,ATP-RDL-7E4D99F27F6F4500,pose_qc,"{""pose_centroid"": [194.20185714285714, 188.3510857142857, 161.55725714285714], ""pose_count"": 9, ""status"": ""pass""}",,qc_record,vina_7p3w_v1,1.2.7,job_e5edaa6ea18a31a17325,e4a733d97c50ebfaa545ef2610d548bb60bd149178e1eeb00513de4c60a39a65,2026-09-03T07:57:16.776287+00:00,"{""ligand_hash"": ""0f798ec2b40627c6cd9cdf1432fd97a40ccac64e5fc96bd1ee0b836d039a2631"", ""origin"": ""tool_execution"", ""pose_hash"": ""e4a733d97c50ebfaa545ef2610d548bb60bd149178e1eeb00513de4c60a39a65"", ""protocol_id"": ""vina_7p3w_v1"", ""receptor_hash"": ""e5e92ede1b1d000b00a7e5dbe3f3b02f0df0cd63b47dd8a421eeb8bddb1083ed"", ""run_id"": ""in2-7p3w-development-reference-v1"", ""scope"": ""open docking evidence; not Glide and not biological activity"", ""tool_id"": ""autodock_vina""}"
ev_2ef588627d1e297bc0f48bd3,in2_reconstructed_open_workflow,ATP-RDL-800C1C16C3011CC1,vina_affinity,-8.047,,kcal/mol,vina_7p3w_v1,1.2.7,job_ba966b24eb727679f288,d2ed5da1e0ecdb2465744aa98ad996e876646a3432c85e3e5a9c4348583085cd,2026-09-03T07:57:16.852807+00:00,"{""ligand_hash"": ""69f44f87738ef8259eb0cdc1483b86b83b13a519ff68b6447d48c9e43743d27f"", ""origin"": ""tool_execution"", ""pose_hash"": ""d2ed5da1e0ecdb2465744aa98ad996e876646a3432c85e3e5a9c4348583085cd"", ""protocol_id"": ""vina_7p3w_v1"", ""receptor_hash"": ""e5e92ede1b1d000b00a7e5dbe3f3b02f0df0cd63b47dd8a421eeb8bddb1083ed"", ""run_id"": ""in2-7p3w-development-reference-v1"", ""scope"": ""open docking evidence; not Glide and not biological activity"", ""tool_id"": ""autodock_vina""}"
ev_bdc6a7833cf865818917d841,in2_reconstructed_open_workflow,ATP-RDL-800C1C16C3011CC1,pose_qc,"{""pose_centroid"": [193.92767647058824, 188.5950588235294, 162.06479411764707], ""pose_count"": 9, ""status"": ""pass""}",,qc_record,vina_7p3w_v1,1.2.7,job_ba966b24eb727679f288,d2ed5da1e0ecdb2465744aa98ad996e876646a3432c85e3e5a9c4348583085cd,2026-09-03T07:57:16.855796+00:00,"{""ligand_hash"": ""69f44f87738ef8259eb0cdc1483b86b83b13a519ff68b6447d48c9e43743d27f"", ""origin"": ""tool_execution"", ""pose_hash"": ""d2ed5da1e0ecdb2465744aa98ad996e876646a3432c85e3e5a9c4348583085cd"", ""protocol_id"": ""vina_7p3w_v1"", ""receptor_hash"": ""e5e92ede1b1d000b00a7e5dbe3f3b02f0df0cd63b47dd8a421eeb8bddb1083ed"", ""run_id"": ""in2-7p3w-development-reference-v1"", ""scope"": ""open docking evidence; not Glide and not biological activity"", ""tool_id"": ""autodock_vina""}"
ev_0dbfdbdf487cf3ef1086f565,in2_reconstructed_open_workflow,ATP-RDL-825F0E537CD877C9,vina_affinity,-7.668,,kcal/mol,vina_7p3w_v1,1.2.7,job_a840d5efb187b9d50769,87427f20907ca377cd9145fb507b866c9fdbef5254eccfec6eaa5be9d1505001,2026-09-03T07:57:16.960625+00:00,"{""ligand_hash"": ""543b5100b4e6fb167f9e399755444b4fb0078ae27f3d5649545929967540f4cc"", ""origin"": ""tool_execution"", ""pose_hash"": ""87427f20907ca377cd9145fb507b866c9fdbef5254eccfec6eaa5be9d1505001"", ""protocol_id"": ""vina_7p3w_v1"", ""receptor_hash"": ""e5e92ede1b1d000b00a7e5dbe3f3b02f0df0cd63b47dd8a421eeb8bddb1083ed"", ""run_id"": ""in2-7p3w-development-reference-v1"", ""scope"": ""open docking evidence; not Glide and not biological activity"", ""tool_id"": ""autodock_vina""}"
ev_ef5c50a4593788ce46ef693b,in2_reconstructed_open_workflow,ATP-RDL-825F0E537CD877C9,pose_qc,"{""pose_centroid"": [196.56270588235293, 190.3134705882353, 159.0184705882353], ""pose_count"": 9, ""status"": ""pass""}",,qc_record,vina_7p3w_v1,1.2.7,job_a840d5efb187b9d50769,87427f20907ca377cd9145fb507b866c9fdbef5254eccfec6eaa5be9d1505001,2026-09-03T07:57:16.964706+00:00,"{""ligand_hash"": ""543b5100b4e6fb167f9e399755444b4fb0078ae27f3d5649545929967540f4cc"", ""origin"": ""tool_execution"", ""pose_hash"": ""87427f20907ca377cd9145fb507b866c9fdbef5254eccfec6eaa5be9d1505001"", ""protocol_id"": ""vina_7p3w_v1"", ""receptor_hash"": ""e5e92ede1b1d000b00a7e5dbe3f3b02f0df0cd63b47dd8a421eeb8bddb1083ed"", ""run_id"": ""in2-7p3w-development-reference-v1"", ""scope"": ""open docking evidence; not Glide and not biological activity"", ""tool_id"": ""autodock_vina""}"
ev_ad4dbb24e57ad4d916d3e7ec,in2_reconstructed_open_workflow,ATP-RDL-83912CC49F67B6C6,vina_affinity,-7.998,,kcal/mol,vina_7p3w_v1,1.2.7,job_0e4d8033397012c05dee,437607f3720331056a80dcb98b687cd043299f5d9ff805dac18ca81d83cfddab,2026-09-03T07:57:17.030181+00:00,"{""ligand_hash"": ""5a406c4836db1043f30a0a14e62e4d8ab33c57abb9f56ae6490168fc71c89e92"", ""origin"": ""tool_execution"", ""pose_hash"": ""437607f3720331056a80dcb98b687cd043299f5d9ff805dac18ca81d83cfddab"", ""protocol_id"": ""vina_7p3w_v1"", ""receptor_hash"": ""e5e92ede1b1d000b00a7e5dbe3f3b02f0df0cd63b47dd8a421eeb8bddb1083ed"", ""run_id"": ""in2-7p3w-development-reference-v1"", ""scope"": ""open docking evidence; not Glide and not biological activity"", ""tool_id"": ""autodock_vina""}"
ev_ab1ed572ab0a1a2b22c71715,in2_reconstructed_open_workflow,ATP-RDL-83912CC49F67B6C6,pose_qc,"{""pose_centroid"": [195.32679411764707, 188.09050000000002, 160.867], ""pose_count"": 9, ""status"": ""pass""}",,qc_record,vina_7p3w_v1,1.2.7,job_0e4d8033397012c05dee,437607f3720331056a80dcb98b687cd043299f5d9ff805dac18ca81d83cfddab,2026-09-03T07:57:17.032175+00:00,"{""ligand_hash"": ""5a406c4836db1043f30a0a14e62e4d8ab33c57abb9f56ae6490168fc71c89e92"", ""origin"": ""tool_execution"", ""pose_hash"": ""437607f3720331056a80dcb98b687cd043299f5d9ff805dac18ca81d83cfddab"", ""protocol_id"": ""vina_7p3w_v1"", ""receptor_hash"": ""e5e92ede1b1d000b00a7e5dbe3f3b02f0df0cd63b47dd8a421eeb8bddb1083ed"", ""run_id"": ""in2-7p3w-development-reference-v1"", ""scope"": ""open docking evidence; not Glide and not biological activity"", ""tool_id"": ""autodock_vina""}"
ev_74e521f68a1786de92abffdb,in2_reconstructed_open_workflow,ATP-RDL-8772E98F1BCF1253,vina_affinity,-8.499,,kcal/mol,vina_7p3w_v1,1.2.7,job_27d31205b0ee0fc3256c,adf8038350e88219e4641eb6832e0eb6de21a8bde5090cff9360b7bf58d73120,2026-09-03T07:57:17.137560+00:00,"{""ligand_hash"": ""eb2246ba03511cc03f46061dffcadd2f79ff7b69c17a459c54fd6990275e1447"", ""origin"": ""tool_execution"", ""pose_hash"": ""adf8038350e88219e4641eb6832e0eb6de21a8bde5090cff9360b7bf58d73120"", ""protocol_id"": ""vina_7p3w_v1"", ""receptor_hash"": ""e5e92ede1b1d000b00a7e5dbe3f3b02f0df0cd63b47dd8a421eeb8bddb1083ed"", ""run_id"": ""in2-7p3w-development-reference-v1"", ""scope"": ""open docking evidence; not Glide and not biological activity"", ""tool_id"": ""autodock_vina""}"
ev_4c032b9e2c696119799ff4ce,in2_reconstructed_open_workflow,ATP-RDL-8772E98F1BCF1253,pose_qc,"{""pose_centroid"": [195.37791428571427, 189.2000285714286, 160.98554285714286], ""pose_count"": 9, ""status"": ""pass""}",,qc_record,vina_7p3w_v1,1.2.7,job_27d31205b0ee0fc3256c,adf8038350e88219e4641eb6832e0eb6de21a8bde5090cff9360b7bf58d73120,2026-09-03T07:57:17.140563+00:00,"{""ligand_hash"": ""eb2246ba03511cc03f46061dffcadd2f79ff7b69c17a459c54fd6990275e1447"", ""origin"": ""tool_execution"", ""pose_hash"": ""adf8038350e88219e4641eb6832e0eb6de21a8bde5090cff9360b7bf58d73120"", ""protocol_id"": ""vina_7p3w_v1"", ""receptor_hash"": ""e5e92ede1b1d000b00a7e5dbe3f3b02f0df0cd63b47dd8a421eeb8bddb1083ed"", ""run_id"": ""in2-7p3w-development-reference-v1"", ""scope"": ""open docking evidence; not Glide and not biological activity"", ""tool_id"": ""autodock_vina""}"
ev_d09bac188852cbb3b727cdc0,in2_reconstructed_open_workflow,ATP-RDL-8ACB7C630BBBD53D,vina_affinity,-7.552,,kcal/mol,vina_7p3w_v1,1.2.7,job_0e349522075acfb37ff5,4f1922c6c63a61312fed5542f65e70403990045130bf6d99aa972508352c0711,2026-09-03T07:57:17.229839+00:00,"{""ligand_hash"": ""bd87413edac19bc76930d336b636fc384d8f7c3b02aa710e5a8a63ea3bb09a29"", ""origin"": ""tool_execution"", ""pose_hash"": ""4f1922c6c63a61312fed5542f65e70403990045130bf6d99aa972508352c0711"", ""protocol_id"": ""vina_7p3w_v1"", ""receptor_hash"": ""e5e92ede1b1d000b00a7e5dbe3f3b02f0df0cd63b47dd8a421eeb8bddb1083ed"", ""run_id"": ""in2-7p3w-development-reference-v1"", ""scope"": ""open docking evidence; not Glide and not biological activity"", ""tool_id"": ""autodock_vina""}"
ev_cdb8a69ecf2b182bbc0a7504,in2_reconstructed_open_workflow,ATP-RDL-8ACB7C630BBBD53D,pose_qc,"{""pose_centroid"": [196.05308571428571, 187.01317142857144, 159.1788], ""pose_count"": 9, ""status"": ""pass""}",,qc_record,vina_7p3w_v1,1.2.7,job_0e349522075acfb37ff5,4f1922c6c63a61312fed5542f65e70403990045130bf6d99aa972508352c0711,2026-09-03T07:57:17.235031+00:00,"{""ligand_hash"": ""bd87413edac19bc76930d336b636fc384d8f7c3b02aa710e5a8a63ea3bb09a29"", ""origin"": ""tool_execution"", ""pose_hash"": ""4f1922c6c63a61312fed5542f65e70403990045130bf6d99aa972508352c0711"", ""protocol_id"": ""vina_7p3w_v1"", ""receptor_hash"": ""e5e92ede1b1d000b00a7e5dbe3f3b02f0df0cd63b47dd8a421eeb8bddb1083ed"", ""run_id"": ""in2-7p3w-development-reference-v1"", ""scope"": ""open docking evidence; not Glide and not biological activity"", ""tool_id"": ""autodock_vina""}"
ev_ec1d835f5b929a6b90813346,in2_reconstructed_open_workflow,ATP-RDL-8F532EB6C9924E81,vina_affinity,-8.347,,kcal/mol,vina_7p3w_v1,1.2.7,job_50626457666199f9d281,7f3fb7e5f7aec5d8484cc468aeaaf647902e05a791b161c2b37803ea2fa549bd,2026-09-03T07:57:17.319811+00:00,"{""ligand_hash"": ""8f9192fca4cbb32f8e734e4beb6ccc0d9a459e85ac79c18787c87c67f78e06ee"", ""origin"": ""tool_execution"", ""pose_hash"": ""7f3fb7e5f7aec5d8484cc468aeaaf647902e05a791b161c2b37803ea2fa549bd"", ""protocol_id"": ""vina_7p3w_v1"", ""receptor_hash"": ""e5e92ede1b1d000b00a7e5dbe3f3b02f0df0cd63b47dd8a421eeb8bddb1083ed"", ""run_id"": ""in2-7p3w-development-reference-v1"", ""scope"": ""open docking evidence; not Glide and not biological activity"", ""tool_id"": ""autodock_vina""}"
ev_8e0b680c187b8c00518f6f01,in2_reconstructed_open_workflow,ATP-RDL-8F532EB6C9924E81,pose_qc,"{""pose_centroid"": [195.73402777777778, 188.1516111111111, 160.3728888888889], ""pose_count"": 9, ""status"": ""pass""}",,qc_record,vina_7p3w_v1,1.2.7,job_50626457666199f9d281,7f3fb7e5f7aec5d8484cc468aeaaf647902e05a791b161c2b37803ea2fa549bd,2026-09-03T07:57:17.320810+00:00,"{""ligand_hash"": ""8f9192fca4cbb32f8e734e4beb6ccc0d9a459e85ac79c18787c87c67f78e06ee"", ""origin"": ""tool_execution"", ""pose_hash"": ""7f3fb7e5f7aec5d8484cc468aeaaf647902e05a791b161c2b37803ea2fa549bd"", ""protocol_id"": ""vina_7p3w_v1"", ""receptor_hash"": ""e5e92ede1b1d000b00a7e5dbe3f3b02f0df0cd63b47dd8a421eeb8bddb1083ed"", ""run_id"": ""in2-7p3w-development-reference-v1"", ""scope"": ""open docking evidence; not Glide and not biological activity"", ""tool_id"": ""autodock_vina""}"
ev_81cf48c9dcd84897f093c3dc,in2_reconstructed_open_workflow,ATP-RDL-95B2FB9F253589BE,vina_affinity,-8.224,,kcal/mol,vina_7p3w_v1,1.2.7,job_7985af2be09a7b1e7312,98bd1f7f25ca321711a3de7b21360a00adbb3cba603e2331e7e9defdb6328dd0,2026-09-03T07:57:17.382307+00:00,"{""ligand_hash"": ""b07cc307d0ef7b4600c633844c5f1c4c773799eb488238bc903bc9b076def49f"", ""origin"": ""tool_execution"", ""pose_hash"": ""98bd1f7f25ca321711a3de7b21360a00adbb3cba603e2331e7e9defdb6328dd0"", ""protocol_id"": ""vina_7p3w_v1"", ""receptor_hash"": ""e5e92ede1b1d000b00a7e5dbe3f3b02f0df0cd63b47dd8a421eeb8bddb1083ed"", ""run_id"": ""in2-7p3w-development-reference-v1"", ""scope"": ""open docking evidence; not Glide and not biological activity"", ""tool_id"": ""autodock_vina""}"
ev_d33640031e04689576dda5ed,in2_reconstructed_open_workflow,ATP-RDL-95B2FB9F253589BE,pose_qc,"{""pose_centroid"": [196.26482857142858, 190.68502857142857, 159.18454285714284], ""pose_count"": 9, ""status"": ""pass""}",,qc_record,vina_7p3w_v1,1.2.7,job_7985af2be09a7b1e7312,98bd1f7f25ca321711a3de7b21360a00adbb3cba603e2331e7e9defdb6328dd0,2026-09-03T07:57:17.386438+00:00,"{""ligand_hash"": ""b07cc307d0ef7b4600c633844c5f1c4c773799eb488238bc903bc9b076def49f"", ""origin"": ""tool_execution"", ""pose_hash"": ""98bd1f7f25ca321711a3de7b21360a00adbb3cba603e2331e7e9defdb6328dd0"", ""protocol_id"": ""vina_7p3w_v1"", ""receptor_hash"": ""e5e92ede1b1d000b00a7e5dbe3f3b02f0df0cd63b47dd8a421eeb8bddb1083ed"", ""run_id"": ""in2-7p3w-development-reference-v1"", ""scope"": ""open docking evidence; not Glide and not biological activity"", ""tool_id"": ""autodock_vina""}"
ev_8b492e33758146ac18160df1,in2_reconstructed_open_workflow,ATP-RDL-969060AE0D7DB5F4,vina_affinity,-7.403,,kcal/mol,vina_7p3w_v1,1.2.7,job_ce858ba4161d8f6e6774,54a52a5952acdbdb9b04dd60f8c6c88662ba40343d08a6de005aad4623f12c1d,2026-09-03T07:57:17.468836+00:00,"{""ligand_hash"": ""2ef12d9858f2e9a99c78fba32386a41a326002ab9e5254dec987f4f011675ea8"", ""origin"": ""tool_execution"", ""pose_hash"": ""54a52a5952acdbdb9b04dd60f8c6c88662ba40343d08a6de005aad4623f12c1d"", ""protocol_id"": ""vina_7p3w_v1"", ""receptor_hash"": ""e5e92ede1b1d000b00a7e5dbe3f3b02f0df0cd63b47dd8a421eeb8bddb1083ed"", ""run_id"": ""in2-7p3w-development-reference-v1"", ""scope"": ""open docking evidence; not Glide and not biological activity"", ""tool_id"": ""autodock_vina""}"
ev_bdca7212c465264222154c59,in2_reconstructed_open_workflow,ATP-RDL-969060AE0D7DB5F4,pose_qc,"{""pose_centroid"": [194.00891176470589, 188.16420588235292, 161.52111764705882], ""pose_count"": 9, ""status"": ""pass""}",,qc_record,vina_7p3w_v1,1.2.7,job_ce858ba4161d8f6e6774,54a52a5952acdbdb9b04dd60f8c6c88662ba40343d08a6de005aad4623f12c1d,2026-09-03T07:57:17.473997+00:00,"{""ligand_hash"": ""2ef12d9858f2e9a99c78fba32386a41a326002ab9e5254dec987f4f011675ea8"", ""origin"": ""tool_execution"", ""pose_hash"": ""54a52a5952acdbdb9b04dd60f8c6c88662ba40343d08a6de005aad4623f12c1d"", ""protocol_id"": ""vina_7p3w_v1"", ""receptor_hash"": ""e5e92ede1b1d000b00a7e5dbe3f3b02f0df0cd63b47dd8a421eeb8bddb1083ed"", ""run_id"": ""in2-7p3w-development-reference-v1"", ""scope"": ""open docking evidence; not Glide and not biological activity"", ""tool_id"": ""autodock_vina""}"
ev_f5a0fcfb709085c7c03c26dc,in2_reconstructed_open_workflow,ATP-RDL-98CE62A058D6C905,vina_affinity,-7.764,,kcal/mol,vina_7p3w_v1,1.2.7,job_8b5fb25c35f44aa0bd13,5480ea9942ca53d1e8b2fb7a77490b4af8697a8209c5d31ac861265438b264d6,2026-09-03T07:57:17.600240+00:00,"{""ligand_hash"": ""1870c654e493ef52d6dc732bc08adffeebda7042968d50a487eac9e715059bf4"", ""origin"": ""tool_execution"", ""pose_hash"": ""5480ea9942ca53d1e8b2fb7a77490b4af8697a8209c5d31ac861265438b264d6"", ""protocol_id"": ""vina_7p3w_v1"", ""receptor_hash"": ""e5e92ede1b1d000b00a7e5dbe3f3b02f0df0cd63b47dd8a421eeb8bddb1083ed"", ""run_id"": ""in2-7p3w-development-reference-v1"", ""scope"": ""open docking evidence; not Glide and not biological activity"", ""tool_id"": ""autodock_vina""}"
ev_923bb5dce480028e004eefff,in2_reconstructed_open_workflow,ATP-RDL-98CE62A058D6C905,pose_qc,"{""pose_centroid"": [193.56915151515153, 188.26409090909092, 161.74118181818181], ""pose_count"": 9, ""status"": ""pass""}",,qc_record,vina_7p3w_v1,1.2.7,job_8b5fb25c35f44aa0bd13,5480ea9942ca53d1e8b2fb7a77490b4af8697a8209c5d31ac861265438b264d6,2026-09-03T07:57:17.601232+00:00,"{""ligand_hash"": ""1870c654e493ef52d6dc732bc08adffeebda7042968d50a487eac9e715059bf4"", ""origin"": ""tool_execution"", ""pose_hash"": ""5480ea9942ca53d1e8b2fb7a77490b4af8697a8209c5d31ac861265438b264d6"", ""protocol_id"": ""vina_7p3w_v1"", ""receptor_hash"": ""e5e92ede1b1d000b00a7e5dbe3f3b02f0df0cd63b47dd8a421eeb8bddb1083ed"", ""run_id"": ""in2-7p3w-development-reference-v1"", ""scope"": ""open docking evidence; not Glide and not biological activity"", ""tool_id"": ""autodock_vina""}"
ev_10590ae2887bb951d23fca39,in2_reconstructed_open_workflow,ATP-RDL-98D2AC6D42EB97D5,vina_affinity,-8.144,,kcal/mol,vina_7p3w_v1,1.2.7,job_bdbe3fb09d63b87a4f46,b0db9c28f7c658b7d1eafa0e4d0ad42cf91af11a06c2c2d7d4a68615e6284b5a,2026-09-03T07:57:17.699631+00:00,"{""ligand_hash"": ""7c6346202d6db41b086ae934c95603af679fa5ae42e7a12d77a6cc7a35bb2ccc"", ""origin"": ""tool_execution"", ""pose_hash"": ""b0db9c28f7c658b7d1eafa0e4d0ad42cf91af11a06c2c2d7d4a68615e6284b5a"", ""protocol_id"": ""vina_7p3w_v1"", ""receptor_hash"": ""e5e92ede1b1d000b00a7e5dbe3f3b02f0df0cd63b47dd8a421eeb8bddb1083ed"", ""run_id"": ""in2-7p3w-development-reference-v1"", ""scope"": ""open docking evidence; not Glide and not biological activity"", ""tool_id"": ""autodock_vina""}"
ev_26fc05fb86a68f4688c4993d,in2_reconstructed_open_workflow,ATP-RDL-98D2AC6D42EB97D5,pose_qc,"{""pose_centroid"": [195.262, 188.1780909090909, 161.29390909090907], ""pose_count"": 9, ""status"": ""pass""}",,qc_record,vina_7p3w_v1,1.2.7,job_bdbe3fb09d63b87a4f46,b0db9c28f7c658b7d1eafa0e4d0ad42cf91af11a06c2c2d7d4a68615e6284b5a,2026-09-03T07:57:17.701626+00:00,"{""ligand_hash"": ""7c6346202d6db41b086ae934c95603af679fa5ae42e7a12d77a6cc7a35bb2ccc"", ""origin"": ""tool_execution"", ""pose_hash"": ""b0db9c28f7c658b7d1eafa0e4d0ad42cf91af11a06c2c2d7d4a68615e6284b5a"", ""protocol_id"": ""vina_7p3w_v1"", ""receptor_hash"": ""e5e92ede1b1d000b00a7e5dbe3f3b02f0df0cd63b47dd8a421eeb8bddb1083ed"", ""run_id"": ""in2-7p3w-development-reference-v1"", ""scope"": ""open docking evidence; not Glide and not biological activity"", ""tool_id"": ""autodock_vina""}"
ev_ad82526a63dca39b062ca0c0,in2_reconstructed_open_workflow,ATP-RDL-998F47727336D401,vina_affinity,-7.687,,kcal/mol,vina_7p3w_v1,1.2.7,job_bf3b8434ccf6ebd8d840,ca964d0bf67dcb488cb2ca67226c14feb79c7600eddc4eaf34d9446c847a22b0,2026-09-03T07:57:17.773489+00:00,"{""ligand_hash"": ""833d5bb23264d2f7a399cecd528575e0f4e141df19e89632bcad8dc0e96f371d"", ""origin"": ""tool_execution"", ""pose_hash"": ""ca964d0bf67dcb488cb2ca67226c14feb79c7600eddc4eaf34d9446c847a22b0"", ""protocol_id"": ""vina_7p3w_v1"", ""receptor_hash"": ""e5e92ede1b1d000b00a7e5dbe3f3b02f0df0cd63b47dd8a421eeb8bddb1083ed"", ""run_id"": ""in2-7p3w-development-reference-v1"", ""scope"": ""open docking evidence; not Glide and not biological activity"", ""tool_id"": ""autodock_vina""}"
ev_8dd805855ab78b76436073bf,in2_reconstructed_open_workflow,ATP-RDL-998F47727336D401,pose_qc,"{""pose_centroid"": [196.54622857142857, 186.25802857142858, 159.7582285714286], ""pose_count"": 9, ""status"": ""pass""}",,qc_record,vina_7p3w_v1,1.2.7,job_bf3b8434ccf6ebd8d840,ca964d0bf67dcb488cb2ca67226c14feb79c7600eddc4eaf34d9446c847a22b0,2026-09-03T07:57:17.774495+00:00,"{""ligand_hash"": ""833d5bb23264d2f7a399cecd528575e0f4e141df19e89632bcad8dc0e96f371d"", ""origin"": ""tool_execution"", ""pose_hash"": ""ca964d0bf67dcb488cb2ca67226c14feb79c7600eddc4eaf34d9446c847a22b0"", ""protocol_id"": ""vina_7p3w_v1"", ""receptor_hash"": ""e5e92ede1b1d000b00a7e5dbe3f3b02f0df0cd63b47dd8a421eeb8bddb1083ed"", ""run_id"": ""in2-7p3w-development-reference-v1"", ""scope"": ""open docking evidence; not Glide and not biological activity"", ""tool_id"": ""autodock_vina""}"
ev_2b167ed53cab508158245d2b,in2_reconstructed_open_workflow,ATP-RDL-9DB1CC1AF16457C7,vina_affinity,-7.499,,kcal/mol,vina_7p3w_v1,1.2.7,job_90137caec6a34509a2a6,a87fc38ebb730c8cd5b3fa94594acdaffc57225d1ce7bf0578920eae8f4c59ab,2026-09-03T07:57:17.836567+00:00,"{""ligand_hash"": ""16c5367c6adf4169acb4d48fda7816b12007bc074f74b66bfadc3d6fd1c9c12c"", ""origin"": ""tool_execution"", ""pose_hash"": ""a87fc38ebb730c8cd5b3fa94594acdaffc57225d1ce7bf0578920eae8f4c59ab"", ""protocol_id"": ""vina_7p3w_v1"", ""receptor_hash"": ""e5e92ede1b1d000b00a7e5dbe3f3b02f0df0cd63b47dd8a421eeb8bddb1083ed"", ""run_id"": ""in2-7p3w-development-reference-v1"", ""scope"": ""open docking evidence; not Glide and not biological activity"", ""tool_id"": ""autodock_vina""}"
ev_deab56f28279491f59239eda,in2_reconstructed_open_workflow,ATP-RDL-9DB1CC1AF16457C7,pose_qc,"{""pose_centroid"": [194.39908571428572, 188.30265714285713, 161.31325714285714], ""pose_count"": 9, ""status"": ""pass""}",,qc_record,vina_7p3w_v1,1.2.7,job_90137caec6a34509a2a6,a87fc38ebb730c8cd5b3fa94594acdaffc57225d1ce7bf0578920eae8f4c59ab,2026-09-03T07:57:17.837967+00:00,"{""ligand_hash"": ""16c5367c6adf4169acb4d48fda7816b12007bc074f74b66bfadc3d6fd1c9c12c"", ""origin"": ""tool_execution"", ""pose_hash"": ""a87fc38ebb730c8cd5b3fa94594acdaffc57225d1ce7bf0578920eae8f4c59ab"", ""protocol_id"": ""vina_7p3w_v1"", ""receptor_hash"": ""e5e92ede1b1d000b00a7e5dbe3f3b02f0df0cd63b47dd8a421eeb8bddb1083ed"", ""run_id"": ""in2-7p3w-development-reference-v1"", ""scope"": ""open docking evidence; not Glide and not biological activity"", ""tool_id"": ""autodock_vina""}"
ev_2608646a1d9f60c7c88dc357,in2_reconstructed_open_workflow,ATP-RDL-A9A80DD21AC4FD80,vina_affinity,-7.862,,kcal/mol,vina_7p3w_v1,1.2.7,job_720e62ce64d888fec7fa,5a2412bd70972ad63f4eca6fe86fa1d52c489696c92207ef02c4412f257ba3b2,2026-09-03T07:57:17.897189+00:00,"{""ligand_hash"": ""469e498edbee1abd95f4f2ed508c18dd42a5f0347d1be0b2082b26c6b2e9ec53"", ""origin"": ""tool_execution"", ""pose_hash"": ""5a2412bd70972ad63f4eca6fe86fa1d52c489696c92207ef02c4412f257ba3b2"", ""protocol_id"": ""vina_7p3w_v1"", ""receptor_hash"": ""e5e92ede1b1d000b00a7e5dbe3f3b02f0df0cd63b47dd8a421eeb8bddb1083ed"", ""run_id"": ""in2-7p3w-development-reference-v1"", ""scope"": ""open docking evidence; not Glide and not biological activity"", ""tool_id"": ""autodock_vina""}"
ev_4971f35b474c0ba61f11abef,in2_reconstructed_open_workflow,ATP-RDL-A9A80DD21AC4FD80,pose_qc,"{""pose_centroid"": [193.79566666666665, 188.21454545454546, 161.55233333333334], ""pose_count"": 9, ""status"": ""pass""}",,qc_record,vina_7p3w_v1,1.2.7,job_720e62ce64d888fec7fa,5a2412bd70972ad63f4eca6fe86fa1d52c489696c92207ef02c4412f257ba3b2,2026-09-03T07:57:17.898199+00:00,"{""ligand_hash"": ""469e498edbee1abd95f4f2ed508c18dd42a5f0347d1be0b2082b26c6b2e9ec53"", ""origin"": ""tool_execution"", ""pose_hash"": ""5a2412bd70972ad63f4eca6fe86fa1d52c489696c92207ef02c4412f257ba3b2"", ""protocol_id"": ""vina_7p3w_v1"", ""receptor_hash"": ""e5e92ede1b1d000b00a7e5dbe3f3b02f0df0cd63b47dd8a421eeb8bddb1083ed"", ""run_id"": ""in2-7p3w-development-reference-v1"", ""scope"": ""open docking evidence; not Glide and not biological activity"", ""tool_id"": ""autodock_vina""}"
ev_9cafb5cd98566edc3f5f56e4,in2_reconstructed_open_workflow,ATP-RDL-B03D44CF93473F34,vina_affinity,-8.326,,kcal/mol,vina_7p3w_v1,1.2.7,job_110af9c85cab5eb2c5b1,fd24421feef2e374fd76c65d6f8d47e503d136be283b86a00273cfd77d5898f5,2026-09-03T07:57:17.966666+00:00,"{""ligand_hash"": ""a76a8dd800c61d8438610049606156d057bb0fb41be619f5ce47711578757f64"", ""origin"": ""tool_execution"", ""pose_hash"": ""fd24421feef2e374fd76c65d6f8d47e503d136be283b86a00273cfd77d5898f5"", ""protocol_id"": ""vina_7p3w_v1"", ""receptor_hash"": ""e5e92ede1b1d000b00a7e5dbe3f3b02f0df0cd63b47dd8a421eeb8bddb1083ed"", ""run_id"": ""in2-7p3w-development-reference-v1"", ""scope"": ""open docking evidence; not Glide and not biological activity"", ""tool_id"": ""autodock_vina""}"
ev_46cf55c7ced25e4e48d0f75e,in2_reconstructed_open_workflow,ATP-RDL-B03D44CF93473F34,pose_qc,"{""pose_centroid"": [194.2100606060606, 189.13433333333333, 162.8323333333333], ""pose_count"": 9, ""status"": ""pass""}",,qc_record,vina_7p3w_v1,1.2.7,job_110af9c85cab5eb2c5b1,fd24421feef2e374fd76c65d6f8d47e503d136be283b86a00273cfd77d5898f5,2026-09-03T07:57:17.968408+00:00,"{""ligand_hash"": ""a76a8dd800c61d8438610049606156d057bb0fb41be619f5ce47711578757f64"", ""origin"": ""tool_execution"", ""pose_hash"": ""fd24421feef2e374fd76c65d6f8d47e503d136be283b86a00273cfd77d5898f5"", ""protocol_id"": ""vina_7p3w_v1"", ""receptor_hash"": ""e5e92ede1b1d000b00a7e5dbe3f3b02f0df0cd63b47dd8a421eeb8bddb1083ed"", ""run_id"": ""in2-7p3w-development-reference-v1"", ""scope"": ""open docking evidence; not Glide and not biological activity"", ""tool_id"": ""autodock_vina""}"
ev_6ef6d2aef5702c3fd064a079,in2_reconstructed_open_workflow,ATP-RDL-B111F49E88645016,vina_affinity,-7.473,,kcal/mol,vina_7p3w_v1,1.2.7,job_1967ab38b0e25d234d9c,d5ed5500369325983eb18f5e04c32979f1e519dffe1019ec8a0c5d3bd0951ca6,2026-09-03T07:57:18.030968+00:00,"{""ligand_hash"": ""0452782eec76471adcf1e11616762d473f2a33fd19d05230befdb0353c12df75"", ""origin"": ""tool_execution"", ""pose_hash"": ""d5ed5500369325983eb18f5e04c32979f1e519dffe1019ec8a0c5d3bd0951ca6"", ""protocol_id"": ""vina_7p3w_v1"", ""receptor_hash"": ""e5e92ede1b1d000b00a7e5dbe3f3b02f0df0cd63b47dd8a421eeb8bddb1083ed"", ""run_id"": ""in2-7p3w-development-reference-v1"", ""scope"": ""open docking evidence; not Glide and not biological activity"", ""tool_id"": ""autodock_vina""}"
ev_64aff212adf50db74febe4e5,in2_reconstructed_open_workflow,ATP-RDL-B111F49E88645016,pose_qc,"{""pose_centroid"": [195.075, 188.00254285714286, 161.06217142857145], ""pose_count"": 9, ""status"": ""pass""}",,qc_record,vina_7p3w_v1,1.2.7,job_1967ab38b0e25d234d9c,d5ed5500369325983eb18f5e04c32979f1e519dffe1019ec8a0c5d3bd0951ca6,2026-09-03T07:57:18.036490+00:00,"{""ligand_hash"": ""0452782eec76471adcf1e11616762d473f2a33fd19d05230befdb0353c12df75"", ""origin"": ""tool_execution"", ""pose_hash"": ""d5ed5500369325983eb18f5e04c32979f1e519dffe1019ec8a0c5d3bd0951ca6"", ""protocol_id"": ""vina_7p3w_v1"", ""receptor_hash"": ""e5e92ede1b1d000b00a7e5dbe3f3b02f0df0cd63b47dd8a421eeb8bddb1083ed"", ""run_id"": ""in2-7p3w-development-reference-v1"", ""scope"": ""open docking evidence; not Glide and not biological activity"", ""tool_id"": ""autodock_vina""}"
ev_c8f85a199527cde21aa6603a,in2_reconstructed_open_workflow,ATP-RDL-B927AF2EAFB809EF,vina_affinity,-8.405,,kcal/mol,vina_7p3w_v1,1.2.7,job_f3170a3a4ee44c7a3247,adeaa90f65672f278bbed3393b1c62f3a698b6b7c407516407cc3d2c9cf60dda,2026-09-03T07:57:18.091229+00:00,"{""ligand_hash"": ""a7fbba2c509deef581537437378c371194328f6ab2cef39cdfbd6a77a75712b7"", ""origin"": ""tool_execution"", ""pose_hash"": ""adeaa90f65672f278bbed3393b1c62f3a698b6b7c407516407cc3d2c9cf60dda"", ""protocol_id"": ""vina_7p3w_v1"", ""receptor_hash"": ""e5e92ede1b1d000b00a7e5dbe3f3b02f0df0cd63b47dd8a421eeb8bddb1083ed"", ""run_id"": ""in2-7p3w-development-reference-v1"", ""scope"": ""open docking evidence; not Glide and not biological activity"", ""tool_id"": ""autodock_vina""}"
ev_7f66cee456b8235c0107a32d,in2_reconstructed_open_workflow,ATP-RDL-B927AF2EAFB809EF,pose_qc,"{""pose_centroid"": [193.95702857142857, 188.69480000000001, 162.4], ""pose_count"": 9, ""status"": ""pass""}",,qc_record,vina_7p3w_v1,1.2.7,job_f3170a3a4ee44c7a3247,adeaa90f65672f278bbed3393b1c62f3a698b6b7c407516407cc3d2c9cf60dda,2026-09-03T07:57:18.092406+00:00,"{""ligand_hash"": ""a7fbba2c509deef581537437378c371194328f6ab2cef39cdfbd6a77a75712b7"", ""origin"": ""tool_execution"", ""pose_hash"": ""adeaa90f65672f278bbed3393b1c62f3a698b6b7c407516407cc3d2c9cf60dda"", ""protocol_id"": ""vina_7p3w_v1"", ""receptor_hash"": ""e5e92ede1b1d000b00a7e5dbe3f3b02f0df0cd63b47dd8a421eeb8bddb1083ed"", ""run_id"": ""in2-7p3w-development-reference-v1"", ""scope"": ""open docking evidence; not Glide and not biological activity"", ""tool_id"": ""autodock_vina""}"
ev_11f11c1f91e55f3439d768b7,in2_reconstructed_open_workflow,ATP-RDL-B943D28D2C2254E2,vina_affinity,-7.59,,kcal/mol,vina_7p3w_v1,1.2.7,job_45e35f853cb5301b68a9,5fe1492e0398549e99a1d9073240f5159981b280d54e12653f4d8cddeb8b31f4,2026-09-03T07:57:18.143321+00:00,"{""ligand_hash"": ""2e754ebaea351005bf4b6deb2a2a1a49bbb433dcb297d80c5ce32f5add292870"", ""origin"": ""tool_execution"", ""pose_hash"": ""5fe1492e0398549e99a1d9073240f5159981b280d54e12653f4d8cddeb8b31f4"", ""protocol_id"": ""vina_7p3w_v1"", ""receptor_hash"": ""e5e92ede1b1d000b00a7e5dbe3f3b02f0df0cd63b47dd8a421eeb8bddb1083ed"", ""run_id"": ""in2-7p3w-development-reference-v1"", ""scope"": ""open docking evidence; not Glide and not biological activity"", ""tool_id"": ""autodock_vina""}"
ev_4b0ad7460d785893491ad7d2,in2_reconstructed_open_workflow,ATP-RDL-B943D28D2C2254E2,pose_qc,"{""pose_centroid"": [193.8964411764706, 187.9990294117647, 161.38750000000002], ""pose_count"": 9, ""status"": ""pass""}",,qc_record,vina_7p3w_v1,1.2.7,job_45e35f853cb5301b68a9,5fe1492e0398549e99a1d9073240f5159981b280d54e12653f4d8cddeb8b31f4,2026-09-03T07:57:18.148313+00:00,"{""ligand_hash"": ""2e754ebaea351005bf4b6deb2a2a1a49bbb433dcb297d80c5ce32f5add292870"", ""origin"": ""tool_execution"", ""pose_hash"": ""5fe1492e0398549e99a1d9073240f5159981b280d54e12653f4d8cddeb8b31f4"", ""protocol_id"": ""vina_7p3w_v1"", ""receptor_hash"": ""e5e92ede1b1d000b00a7e5dbe3f3b02f0df0cd63b47dd8a421eeb8bddb1083ed"", ""run_id"": ""in2-7p3w-development-reference-v1"", ""scope"": ""open docking evidence; not Glide and not biological activity"", ""tool_id"": ""autodock_vina""}"
ev_37ba34f61d464d8d7eb894b3,in2_reconstructed_open_workflow,ATP-RDL-BD446AEE9698FE33,vina_affinity,-8.374,,kcal/mol,vina_7p3w_v1,1.2.7,job_0dbf3e32a8ee9732d0ee,a673365c24e6fb0cce0c4f2c2bcb70116161463b9ed9424b10a98e32e2d0395c,2026-09-03T07:57:18.239346+00:00,"{""ligand_hash"": ""ec26b3dd05a651179961649842f10856c63484a9ae90d36658a35f76ed76611f"", ""origin"": ""tool_execution"", ""pose_hash"": ""a673365c24e6fb0cce0c4f2c2bcb70116161463b9ed9424b10a98e32e2d0395c"", ""protocol_id"": ""vina_7p3w_v1"", ""receptor_hash"": ""e5e92ede1b1d000b00a7e5dbe3f3b02f0df0cd63b47dd8a421eeb8bddb1083ed"", ""run_id"": ""in2-7p3w-development-reference-v1"", ""scope"": ""open docking evidence; not Glide and not biological activity"", ""tool_id"": ""autodock_vina""}"
ev_a33d86e1ca72ed2381f53ed2,in2_reconstructed_open_workflow,ATP-RDL-BD446AEE9698FE33,pose_qc,"{""pose_centroid"": [194.09484848484848, 189.2098787878788, 162.81572727272726], ""pose_count"": 9, ""status"": ""pass""}",,qc_record,vina_7p3w_v1,1.2.7,job_0dbf3e32a8ee9732d0ee,a673365c24e6fb0cce0c4f2c2bcb70116161463b9ed9424b10a98e32e2d0395c,2026-09-03T07:57:18.240421+00:00,"{""ligand_hash"": ""ec26b3dd05a651179961649842f10856c63484a9ae90d36658a35f76ed76611f"", ""origin"": ""tool_execution"", ""pose_hash"": ""a673365c24e6fb0cce0c4f2c2bcb70116161463b9ed9424b10a98e32e2d0395c"", ""protocol_id"": ""vina_7p3w_v1"", ""receptor_hash"": ""e5e92ede1b1d000b00a7e5dbe3f3b02f0df0cd63b47dd8a421eeb8bddb1083ed"", ""run_id"": ""in2-7p3w-development-reference-v1"", ""scope"": ""open docking evidence; not Glide and not biological activity"", ""tool_id"": ""autodock_vina""}"
ev_e1ddd4603795fe01f2b0d924,in2_reconstructed_open_workflow,ATP-RDL-BE8EFC5B7A4D8502,vina_affinity,-8.197,,kcal/mol,vina_7p3w_v1,1.2.7,job_6d281fb5847899d75368,93300c49fe5e6dc29925e1f1c5a4aa837d74a22de019d508cb4ff36702627cc1,2026-09-03T07:57:18.313351+00:00,"{""ligand_hash"": ""2d972d68f759edc20762a963fa6a3681efecd8e5adcda311d7d50aa67b405285"", ""origin"": ""tool_execution"", ""pose_hash"": ""93300c49fe5e6dc29925e1f1c5a4aa837d74a22de019d508cb4ff36702627cc1"", ""protocol_id"": ""vina_7p3w_v1"", ""receptor_hash"": ""e5e92ede1b1d000b00a7e5dbe3f3b02f0df0cd63b47dd8a421eeb8bddb1083ed"", ""run_id"": ""in2-7p3w-development-reference-v1"", ""scope"": ""open docking evidence; not Glide and not biological activity"", ""tool_id"": ""autodock_vina""}"
ev_a373878d59c51b2df20b67fc,in2_reconstructed_open_workflow,ATP-RDL-BE8EFC5B7A4D8502,pose_qc,"{""pose_centroid"": [196.33751515151516, 190.4688787878788, 159.2697878787879], ""pose_count"": 9, ""status"": ""pass""}",,qc_record,vina_7p3w_v1,1.2.7,job_6d281fb5847899d75368,93300c49fe5e6dc29925e1f1c5a4aa837d74a22de019d508cb4ff36702627cc1,2026-09-03T07:57:18.321642+00:00,"{""ligand_hash"": ""2d972d68f759edc20762a963fa6a3681efecd8e5adcda311d7d50aa67b405285"", ""origin"": ""tool_execution"", ""pose_hash"": ""93300c49fe5e6dc29925e1f1c5a4aa837d74a22de019d508cb4ff36702627cc1"", ""protocol_id"": ""vina_7p3w_v1"", ""receptor_hash"": ""e5e92ede1b1d000b00a7e5dbe3f3b02f0df0cd63b47dd8a421eeb8bddb1083ed"", ""run_id"": ""in2-7p3w-development-reference-v1"", ""scope"": ""open docking evidence; not Glide and not biological activity"", ""tool_id"": ""autodock_vina""}"
ev_ade6b7a346c648ffe93461cd,in2_reconstructed_open_workflow,ATP-RDL-C306495B9E11F1BC,vina_affinity,-8.185,,kcal/mol,vina_7p3w_v1,1.2.7,job_bb0ab1a0232316c40526,6bf135e9b460e6496963eef071552fd124e7ba87d72bcc8b952ad1b8f726b4d7,2026-09-03T07:57:18.399846+00:00,"{""ligand_hash"": ""68ae8eeef54da9492279eccfb8027cf602f97c49d5fb7973fbe8cdc0bc8e7af4"", ""origin"": ""tool_execution"", ""pose_hash"": ""6bf135e9b460e6496963eef071552fd124e7ba87d72bcc8b952ad1b8f726b4d7"", ""protocol_id"": ""vina_7p3w_v1"", ""receptor_hash"": ""e5e92ede1b1d000b00a7e5dbe3f3b02f0df0cd63b47dd8a421eeb8bddb1083ed"", ""run_id"": ""in2-7p3w-development-reference-v1"", ""scope"": ""open docking evidence; not Glide and not biological activity"", ""tool_id"": ""autodock_vina""}"
ev_00dff8cb70b9b69cdef04927,in2_reconstructed_open_workflow,ATP-RDL-C306495B9E11F1BC,pose_qc,"{""pose_centroid"": [195.61, 187.7778888888889, 160.54105555555554], ""pose_count"": 9, ""status"": ""pass""}",,qc_record,vina_7p3w_v1,1.2.7,job_bb0ab1a0232316c40526,6bf135e9b460e6496963eef071552fd124e7ba87d72bcc8b952ad1b8f726b4d7,2026-09-03T07:57:18.405255+00:00,"{""ligand_hash"": ""68ae8eeef54da9492279eccfb8027cf602f97c49d5fb7973fbe8cdc0bc8e7af4"", ""origin"": ""tool_execution"", ""pose_hash"": ""6bf135e9b460e6496963eef071552fd124e7ba87d72bcc8b952ad1b8f726b4d7"", ""protocol_id"": ""vina_7p3w_v1"", ""receptor_hash"": ""e5e92ede1b1d000b00a7e5dbe3f3b02f0df0cd63b47dd8a421eeb8bddb1083ed"", ""run_id"": ""in2-7p3w-development-reference-v1"", ""scope"": ""open docking evidence; not Glide and not biological activity"", ""tool_id"": ""autodock_vina""}"
ev_23920591b3a0738f505b035e,in2_reconstructed_open_workflow,ATP-RDL-C7B0FC4CAE17E985,vina_affinity,-8.578,,kcal/mol,vina_7p3w_v1,1.2.7,job_51f59fe11cd7c38e0704,b0aae5110b067ab956faf0d4be5922cda97b659665f2eb42a4364472d4765d60,2026-09-03T07:57:18.485565+00:00,"{""ligand_hash"": ""9d96fe035848080b0071115961769aa12dfa25225d4b2bda285843a8d1155f67"", ""origin"": ""tool_execution"", ""pose_hash"": ""b0aae5110b067ab956faf0d4be5922cda97b659665f2eb42a4364472d4765d60"", ""protocol_id"": ""vina_7p3w_v1"", ""receptor_hash"": ""e5e92ede1b1d000b00a7e5dbe3f3b02f0df0cd63b47dd8a421eeb8bddb1083ed"", ""run_id"": ""in2-7p3w-development-reference-v1"", ""scope"": ""open docking evidence; not Glide and not biological activity"", ""tool_id"": ""autodock_vina""}"
ev_7b45ba42179a3c25118b6cba,in2_reconstructed_open_workflow,ATP-RDL-C7B0FC4CAE17E985,pose_qc,"{""pose_centroid"": [196.33927777777777, 190.0146388888889, 159.462], ""pose_count"": 9, ""status"": ""pass""}",,qc_record,vina_7p3w_v1,1.2.7,job_51f59fe11cd7c38e0704,b0aae5110b067ab956faf0d4be5922cda97b659665f2eb42a4364472d4765d60,2026-09-03T07:57:18.489866+00:00,"{""ligand_hash"": ""9d96fe035848080b0071115961769aa12dfa25225d4b2bda285843a8d1155f67"", ""origin"": ""tool_execution"", ""pose_hash"": ""b0aae5110b067ab956faf0d4be5922cda97b659665f2eb42a4364472d4765d60"", ""protocol_id"": ""vina_7p3w_v1"", ""receptor_hash"": ""e5e92ede1b1d000b00a7e5dbe3f3b02f0df0cd63b47dd8a421eeb8bddb1083ed"", ""run_id"": ""in2-7p3w-development-reference-v1"", ""scope"": ""open docking evidence; not Glide and not biological activity"", ""tool_id"": ""autodock_vina""}"
ev_b15cb9612ca1ae4b53b8bb60,in2_reconstructed_open_workflow,ATP-RDL-C81613A871495152,vina_affinity,-8.365,,kcal/mol,vina_7p3w_v1,1.2.7,job_0fad8ea43f654f1f5d41,aab75fcd47bd8ceef080d5ae88418de9022c9c528bbc17c835dc9e80b52ac260,2026-09-03T07:57:18.542943+00:00,"{""ligand_hash"": ""d69f1ee4fe80266ac017f0767942d57c6ed163bf3c8d4464af51039313ec27d8"", ""origin"": ""tool_execution"", ""pose_hash"": ""aab75fcd47bd8ceef080d5ae88418de9022c9c528bbc17c835dc9e80b52ac260"", ""protocol_id"": ""vina_7p3w_v1"", ""receptor_hash"": ""e5e92ede1b1d000b00a7e5dbe3f3b02f0df0cd63b47dd8a421eeb8bddb1083ed"", ""run_id"": ""in2-7p3w-development-reference-v1"", ""scope"": ""open docking evidence; not Glide and not biological activity"", ""tool_id"": ""autodock_vina""}"
ev_0b2c718ebd045096381c4577,in2_reconstructed_open_workflow,ATP-RDL-C81613A871495152,pose_qc,"{""pose_centroid"": [194.134, 188.7420285714286, 162.38105714285712], ""pose_count"": 9, ""status"": ""pass""}",,qc_record,vina_7p3w_v1,1.2.7,job_0fad8ea43f654f1f5d41,aab75fcd47bd8ceef080d5ae88418de9022c9c528bbc17c835dc9e80b52ac260,2026-09-03T07:57:18.543949+00:00,"{""ligand_hash"": ""d69f1ee4fe80266ac017f0767942d57c6ed163bf3c8d4464af51039313ec27d8"", ""origin"": ""tool_execution"", ""pose_hash"": ""aab75fcd47bd8ceef080d5ae88418de9022c9c528bbc17c835dc9e80b52ac260"", ""protocol_id"": ""vina_7p3w_v1"", ""receptor_hash"": ""e5e92ede1b1d000b00a7e5dbe3f3b02f0df0cd63b47dd8a421eeb8bddb1083ed"", ""run_id"": ""in2-7p3w-development-reference-v1"", ""scope"": ""open docking evidence; not Glide and not biological activity"", ""tool_id"": ""autodock_vina""}"
ev_ff089a770d15d07bc8bd5d99,in2_reconstructed_open_workflow,ATP-RDL-D08871FBB28E318D,vina_affinity,-7.916,,kcal/mol,vina_7p3w_v1,1.2.7,job_1c1534bf2d2a6914f19b,ffae8480b1bf0d0f95dfc31a17a57ed65beb8d0201e06b945571501472694900,2026-09-03T07:57:18.643899+00:00,"{""ligand_hash"": ""07aa4ac407432368c6f4bbfdab241bd7b812c74175898ee95c47b2cd92894d84"", ""origin"": ""tool_execution"", ""pose_hash"": ""ffae8480b1bf0d0f95dfc31a17a57ed65beb8d0201e06b945571501472694900"", ""protocol_id"": ""vina_7p3w_v1"", ""receptor_hash"": ""e5e92ede1b1d000b00a7e5dbe3f3b02f0df0cd63b47dd8a421eeb8bddb1083ed"", ""run_id"": ""in2-7p3w-development-reference-v1"", ""scope"": ""open docking evidence; not Glide and not biological activity"", ""tool_id"": ""autodock_vina""}"
ev_665b5a0ca69cb8655866edbc,in2_reconstructed_open_workflow,ATP-RDL-D08871FBB28E318D,pose_qc,"{""pose_centroid"": [194.734, 188.60955882352943, 161.53323529411765], ""pose_count"": 9, ""status"": ""pass""}",,qc_record,vina_7p3w_v1,1.2.7,job_1c1534bf2d2a6914f19b,ffae8480b1bf0d0f95dfc31a17a57ed65beb8d0201e06b945571501472694900,2026-09-03T07:57:18.647909+00:00,"{""ligand_hash"": ""07aa4ac407432368c6f4bbfdab241bd7b812c74175898ee95c47b2cd92894d84"", ""origin"": ""tool_execution"", ""pose_hash"": ""ffae8480b1bf0d0f95dfc31a17a57ed65beb8d0201e06b945571501472694900"", ""protocol_id"": ""vina_7p3w_v1"", ""receptor_hash"": ""e5e92ede1b1d000b00a7e5dbe3f3b02f0df0cd63b47dd8a421eeb8bddb1083ed"", ""run_id"": ""in2-7p3w-development-reference-v1"", ""scope"": ""open docking evidence; not Glide and not biological activity"", ""tool_id"": ""autodock_vina""}"
ev_0d88eae9d077aae30eba059d,in2_reconstructed_open_workflow,ATP-RDL-D78851C31F8CAA0E,vina_affinity,-7.883,,kcal/mol,vina_7p3w_v1,1.2.7,job_7a533998b9a0cdb49bfa,0f9ecfe0dbe3cb2489002b9716212f7cb183a517ddce904417856afeebaf04b0,2026-09-03T07:57:18.737767+00:00,"{""ligand_hash"": ""eb3cdcaae8a3503f52b353f55f2b387f3d83e86bde21fb248f79dbd93488a914"", ""origin"": ""tool_execution"", ""pose_hash"": ""0f9ecfe0dbe3cb2489002b9716212f7cb183a517ddce904417856afeebaf04b0"", ""protocol_id"": ""vina_7p3w_v1"", ""receptor_hash"": ""e5e92ede1b1d000b00a7e5dbe3f3b02f0df0cd63b47dd8a421eeb8bddb1083ed"", ""run_id"": ""in2-7p3w-development-reference-v1"", ""scope"": ""open docking evidence; not Glide and not biological activity"", ""tool_id"": ""autodock_vina""}"
ev_b4d9dcfb85afbe98cee6c273,in2_reconstructed_open_workflow,ATP-RDL-D78851C31F8CAA0E,pose_qc,"{""pose_centroid"": [193.659, 188.25177142857143, 161.93591428571426], ""pose_count"": 9, ""status"": ""pass""}",,qc_record,vina_7p3w_v1,1.2.7,job_7a533998b9a0cdb49bfa,0f9ecfe0dbe3cb2489002b9716212f7cb183a517ddce904417856afeebaf04b0,2026-09-03T07:57:18.741782+00:00,"{""ligand_hash"": ""eb3cdcaae8a3503f52b353f55f2b387f3d83e86bde21fb248f79dbd93488a914"", ""origin"": ""tool_execution"", ""pose_hash"": ""0f9ecfe0dbe3cb2489002b9716212f7cb183a517ddce904417856afeebaf04b0"", ""protocol_id"": ""vina_7p3w_v1"", ""receptor_hash"": ""e5e92ede1b1d000b00a7e5dbe3f3b02f0df0cd63b47dd8a421eeb8bddb1083ed"", ""run_id"": ""in2-7p3w-development-reference-v1"", ""scope"": ""open docking evidence; not Glide and not biological activity"", ""tool_id"": ""autodock_vina""}"
ev_99203a77af2b1ecce758e4f6,in2_reconstructed_open_workflow,ATP-RDL-E19F409C50B80AF7,vina_affinity,-7.873,,kcal/mol,vina_7p3w_v1,1.2.7,job_599a9fe67165b7e0f995,449e2b2378f4da488bf388a754bacae4a74d897fa87961358605f3e603dacc49,2026-09-03T07:57:18.818932+00:00,"{""ligand_hash"": ""e9d1aa3025b413b9e935eed573eeb707a776a6d6aec69355369ef148238fb24a"", ""origin"": ""tool_execution"", ""pose_hash"": ""449e2b2378f4da488bf388a754bacae4a74d897fa87961358605f3e603dacc49"", ""protocol_id"": ""vina_7p3w_v1"", ""receptor_hash"": ""e5e92ede1b1d000b00a7e5dbe3f3b02f0df0cd63b47dd8a421eeb8bddb1083ed"", ""run_id"": ""in2-7p3w-development-reference-v1"", ""scope"": ""open docking evidence; not Glide and not biological activity"", ""tool_id"": ""autodock_vina""}"
ev_ef208e0adb5b28775078311e,in2_reconstructed_open_workflow,ATP-RDL-E19F409C50B80AF7,pose_qc,"{""pose_centroid"": [196.35832352941176, 190.5885588235294, 159.25638235294116], ""pose_count"": 9, ""status"": ""pass""}",,qc_record,vina_7p3w_v1,1.2.7,job_599a9fe67165b7e0f995,449e2b2378f4da488bf388a754bacae4a74d897fa87961358605f3e603dacc49,2026-09-03T07:57:18.819924+00:00,"{""ligand_hash"": ""e9d1aa3025b413b9e935eed573eeb707a776a6d6aec69355369ef148238fb24a"", ""origin"": ""tool_execution"", ""pose_hash"": ""449e2b2378f4da488bf388a754bacae4a74d897fa87961358605f3e603dacc49"", ""protocol_id"": ""vina_7p3w_v1"", ""receptor_hash"": ""e5e92ede1b1d000b00a7e5dbe3f3b02f0df0cd63b47dd8a421eeb8bddb1083ed"", ""run_id"": ""in2-7p3w-development-reference-v1"", ""scope"": ""open docking evidence; not Glide and not biological activity"", ""tool_id"": ""autodock_vina""}"
ev_9e3693a67f767d8a3e43862d,in2_reconstructed_open_workflow,ATP-RDL-E2EE096F1D74885D,vina_affinity,-7.926,,kcal/mol,vina_7p3w_v1,1.2.7,job_39f127f71a69b06bfc7f,0c7ace9eb2a19deca5adbfed09891cf200a1b14ad4b9e3edc726640298df945f,2026-09-03T07:57:18.876435+00:00,"{""ligand_hash"": ""8e822eb08fc30410e7fc6adb1b60220163d8a8c41c656c70f4a3f149dc9bd625"", ""origin"": ""tool_execution"", ""pose_hash"": ""0c7ace9eb2a19deca5adbfed09891cf200a1b14ad4b9e3edc726640298df945f"", ""protocol_id"": ""vina_7p3w_v1"", ""receptor_hash"": ""e5e92ede1b1d000b00a7e5dbe3f3b02f0df0cd63b47dd8a421eeb8bddb1083ed"", ""run_id"": ""in2-7p3w-development-reference-v1"", ""scope"": ""open docking evidence; not Glide and not biological activity"", ""tool_id"": ""autodock_vina""}"
ev_630d3224a3490de6b1440b85,in2_reconstructed_open_workflow,ATP-RDL-E2EE096F1D74885D,pose_qc,"{""pose_centroid"": [194.08397142857143, 187.87279999999998, 161.29808571428572], ""pose_count"": 9, ""status"": ""pass""}",,qc_record,vina_7p3w_v1,1.2.7,job_39f127f71a69b06bfc7f,0c7ace9eb2a19deca5adbfed09891cf200a1b14ad4b9e3edc726640298df945f,2026-09-03T07:57:18.879429+00:00,"{""ligand_hash"": ""8e822eb08fc30410e7fc6adb1b60220163d8a8c41c656c70f4a3f149dc9bd625"", ""origin"": ""tool_execution"", ""pose_hash"": ""0c7ace9eb2a19deca5adbfed09891cf200a1b14ad4b9e3edc726640298df945f"", ""protocol_id"": ""vina_7p3w_v1"", ""receptor_hash"": ""e5e92ede1b1d000b00a7e5dbe3f3b02f0df0cd63b47dd8a421eeb8bddb1083ed"", ""run_id"": ""in2-7p3w-development-reference-v1"", ""scope"": ""open docking evidence; not Glide and not biological activity"", ""tool_id"": ""autodock_vina""}"
ev_5e782c8fc0ea8ee6322d1d4e,in2_reconstructed_open_workflow,ATP-RDL-EB5772BE51F423EF,vina_affinity,-8.723,,kcal/mol,vina_7p3w_v1,1.2.7,job_2410bce4652c185c113e,4c260e0115ade03d5704953fff3410fd9072ff3bb612deedb6cdf08a953b882f,2026-09-03T07:57:18.951977+00:00,"{""ligand_hash"": ""fc732ce3cc06ec37aef7b5056c9b5ec60c25d31523ad6830d8b9d56423fb3057"", ""origin"": ""tool_execution"", ""pose_hash"": ""4c260e0115ade03d5704953fff3410fd9072ff3bb612deedb6cdf08a953b882f"", ""protocol_id"": ""vina_7p3w_v1"", ""receptor_hash"": ""e5e92ede1b1d000b00a7e5dbe3f3b02f0df0cd63b47dd8a421eeb8bddb1083ed"", ""run_id"": ""in2-7p3w-development-reference-v1"", ""scope"": ""open docking evidence; not Glide and not biological activity"", ""tool_id"": ""autodock_vina""}"
ev_0bf85874c41335c7b3edbe47,in2_reconstructed_open_workflow,ATP-RDL-EB5772BE51F423EF,pose_qc,"{""pose_centroid"": [193.70978787878786, 188.92227272727274, 162.39069696969696], ""pose_count"": 9, ""status"": ""pass""}",,qc_record,vina_7p3w_v1,1.2.7,job_2410bce4652c185c113e,4c260e0115ade03d5704953fff3410fd9072ff3bb612deedb6cdf08a953b882f,2026-09-03T07:57:18.952857+00:00,"{""ligand_hash"": ""fc732ce3cc06ec37aef7b5056c9b5ec60c25d31523ad6830d8b9d56423fb3057"", ""origin"": ""tool_execution"", ""pose_hash"": ""4c260e0115ade03d5704953fff3410fd9072ff3bb612deedb6cdf08a953b882f"", ""protocol_id"": ""vina_7p3w_v1"", ""receptor_hash"": ""e5e92ede1b1d000b00a7e5dbe3f3b02f0df0cd63b47dd8a421eeb8bddb1083ed"", ""run_id"": ""in2-7p3w-development-reference-v1"", ""scope"": ""open docking evidence; not Glide and not biological activity"", ""tool_id"": ""autodock_vina""}"
ev_d965e11fe799e75b362d1075,in2_reconstructed_open_workflow,ATP-RDL-EE453858DE36AA5A,vina_affinity,-8.367,,kcal/mol,vina_7p3w_v1,1.2.7,job_bafd3287454d9464fe1b,5a822d2534389ddd66fc88c4edf3641e9b096fdfa4964328966dce02a851bc0f,2026-09-03T07:57:19.025467+00:00,"{""ligand_hash"": ""62fedf0c1eb669b22714ec022f5f7444ea36eebe3d6c0a559a7ab74414ab4bd5"", ""origin"": ""tool_execution"", ""pose_hash"": ""5a822d2534389ddd66fc88c4edf3641e9b096fdfa4964328966dce02a851bc0f"", ""protocol_id"": ""vina_7p3w_v1"", ""receptor_hash"": ""e5e92ede1b1d000b00a7e5dbe3f3b02f0df0cd63b47dd8a421eeb8bddb1083ed"", ""run_id"": ""in2-7p3w-development-reference-v1"", ""scope"": ""open docking evidence; not Glide and not biological activity"", ""tool_id"": ""autodock_vina""}"
ev_ac2d93f6b6937881cdc7dd54,in2_reconstructed_open_workflow,ATP-RDL-EE453858DE36AA5A,pose_qc,"{""pose_centroid"": [193.6405142857143, 189.3148, 161.8692], ""pose_count"": 9, ""status"": ""pass""}",,qc_record,vina_7p3w_v1,1.2.7,job_bafd3287454d9464fe1b,5a822d2534389ddd66fc88c4edf3641e9b096fdfa4964328966dce02a851bc0f,2026-09-03T07:57:19.030982+00:00,"{""ligand_hash"": ""62fedf0c1eb669b22714ec022f5f7444ea36eebe3d6c0a559a7ab74414ab4bd5"", ""origin"": ""tool_execution"", ""pose_hash"": ""5a822d2534389ddd66fc88c4edf3641e9b096fdfa4964328966dce02a851bc0f"", ""protocol_id"": ""vina_7p3w_v1"", ""receptor_hash"": ""e5e92ede1b1d000b00a7e5dbe3f3b02f0df0cd63b47dd8a421eeb8bddb1083ed"", ""run_id"": ""in2-7p3w-development-reference-v1"", ""scope"": ""open docking evidence; not Glide and not biological activity"", ""tool_id"": ""autodock_vina""}"
ev_6deaed4741298cbde29005cc,in2_reconstructed_open_workflow,ATP-RDL-F5C33231E1830E74,vina_affinity,-8.014,,kcal/mol,vina_7p3w_v1,1.2.7,job_c42d8429c50c58df498c,3b99021dc946056e55bbc33b6fc18270fef4f090a4f231d0e885f8edcbbe76e4,2026-09-03T07:57:19.108710+00:00,"{""ligand_hash"": ""cfed428b70bf4296635aa1f65a20d00e7e0a76afa2d00ab246a1568eab3bf4dd"", ""origin"": ""tool_execution"", ""pose_hash"": ""3b99021dc946056e55bbc33b6fc18270fef4f090a4f231d0e885f8edcbbe76e4"", ""protocol_id"": ""vina_7p3w_v1"", ""receptor_hash"": ""e5e92ede1b1d000b00a7e5dbe3f3b02f0df0cd63b47dd8a421eeb8bddb1083ed"", ""run_id"": ""in2-7p3w-development-reference-v1"", ""scope"": ""open docking evidence; not Glide and not biological activity"", ""tool_id"": ""autodock_vina""}"
ev_573c9c02861a28982f8b776d,in2_reconstructed_open_workflow,ATP-RDL-F5C33231E1830E74,pose_qc,"{""pose_centroid"": [196.5973529411765, 190.5145294117647, 158.76485294117649], ""pose_count"": 9, ""status"": ""pass""}",,qc_record,vina_7p3w_v1,1.2.7,job_c42d8429c50c58df498c,3b99021dc946056e55bbc33b6fc18270fef4f090a4f231d0e885f8edcbbe76e4,2026-09-03T07:57:19.110709+00:00,"{""ligand_hash"": ""cfed428b70bf4296635aa1f65a20d00e7e0a76afa2d00ab246a1568eab3bf4dd"", ""origin"": ""tool_execution"", ""pose_hash"": ""3b99021dc946056e55bbc33b6fc18270fef4f090a4f231d0e885f8edcbbe76e4"", ""protocol_id"": ""vina_7p3w_v1"", ""receptor_hash"": ""e5e92ede1b1d000b00a7e5dbe3f3b02f0df0cd63b47dd8a421eeb8bddb1083ed"", ""run_id"": ""in2-7p3w-development-reference-v1"", ""scope"": ""open docking evidence; not Glide and not biological activity"", ""tool_id"": ""autodock_vina""}"
ev_648ae8289dd8504a22e395da,in2_reconstructed_open_workflow,ATP-RDL-FB5868F2F4D4B709,vina_affinity,-7.278,,kcal/mol,vina_7p3w_v1,1.2.7,job_577f10258d3421cd0095,9e5a1164e80e0442c028c3dbc26b35d1d6f26da7e18f8aaa95afdec350582f8d,2026-09-03T07:57:19.190133+00:00,"{""ligand_hash"": ""424e4f703776f1fc8b9f5e789c73ea57d1ced9b27fb3662222fd3ace618f9077"", ""origin"": ""tool_execution"", ""pose_hash"": ""9e5a1164e80e0442c028c3dbc26b35d1d6f26da7e18f8aaa95afdec350582f8d"", ""protocol_id"": ""vina_7p3w_v1"", ""receptor_hash"": ""e5e92ede1b1d000b00a7e5dbe3f3b02f0df0cd63b47dd8a421eeb8bddb1083ed"", ""run_id"": ""in2-7p3w-development-reference-v1"", ""scope"": ""open docking evidence; not Glide and not biological activity"", ""tool_id"": ""autodock_vina""}"
ev_d1fbd0e2e12284b962f9e061,in2_reconstructed_open_workflow,ATP-RDL-FB5868F2F4D4B709,pose_qc,"{""pose_centroid"": [194.20605882352942, 188.17735294117645, 161.55167647058823], ""pose_count"": 9, ""status"": ""pass""}",,qc_record,vina_7p3w_v1,1.2.7,job_577f10258d3421cd0095,9e5a1164e80e0442c028c3dbc26b35d1d6f26da7e18f8aaa95afdec350582f8d,2026-09-03T07:57:19.193936+00:00,"{""ligand_hash"": ""424e4f703776f1fc8b9f5e789c73ea57d1ced9b27fb3662222fd3ace618f9077"", ""origin"": ""tool_execution"", ""pose_hash"": ""9e5a1164e80e0442c028c3dbc26b35d1d6f26da7e18f8aaa95afdec350582f8d"", ""protocol_id"": ""vina_7p3w_v1"", ""receptor_hash"": ""e5e92ede1b1d000b00a7e5dbe3f3b02f0df0cd63b47dd8a421eeb8bddb1083ed"", ""run_id"": ""in2-7p3w-development-reference-v1"", ""scope"": ""open docking evidence; not Glide and not biological activity"", ""tool_id"": ""autodock_vina""}"
ev_fc0c714b7ace9b171fd248b3,in2_reconstructed_open_workflow,ATP-RDL-FC76E2D041DBC392,vina_affinity,-8.574,,kcal/mol,vina_7p3w_v1,1.2.7,job_eb133680d719b322e32c,0d3cf81c7ad2094944b637f2983b099292fd809f095d58c9b064a7364cc34526,2026-09-03T07:57:19.265993+00:00,"{""ligand_hash"": ""7015737e4d2abee1f9fb23a86f3220c507153ede2883d1ade7beb1d98740128a"", ""origin"": ""tool_execution"", ""pose_hash"": ""0d3cf81c7ad2094944b637f2983b099292fd809f095d58c9b064a7364cc34526"", ""protocol_id"": ""vina_7p3w_v1"", ""receptor_hash"": ""e5e92ede1b1d000b00a7e5dbe3f3b02f0df0cd63b47dd8a421eeb8bddb1083ed"", ""run_id"": ""in2-7p3w-development-reference-v1"", ""scope"": ""open docking evidence; not Glide and not biological activity"", ""tool_id"": ""autodock_vina""}"
ev_9381b51d9b0025a58f145048,in2_reconstructed_open_workflow,ATP-RDL-FC76E2D041DBC392,pose_qc,"{""pose_centroid"": [195.4077777777778, 188.99869444444442, 160.56847222222223], ""pose_count"": 9, ""status"": ""pass""}",,qc_record,vina_7p3w_v1,1.2.7,job_eb133680d719b322e32c,0d3cf81c7ad2094944b637f2983b099292fd809f095d58c9b064a7364cc34526,2026-09-03T07:57:19.266987+00:00,"{""ligand_hash"": ""7015737e4d2abee1f9fb23a86f3220c507153ede2883d1ade7beb1d98740128a"", ""origin"": ""tool_execution"", ""pose_hash"": ""0d3cf81c7ad2094944b637f2983b099292fd809f095d58c9b064a7364cc34526"", ""protocol_id"": ""vina_7p3w_v1"", ""receptor_hash"": ""e5e92ede1b1d000b00a7e5dbe3f3b02f0df0cd63b47dd8a421eeb8bddb1083ed"", ""run_id"": ""in2-7p3w-development-reference-v1"", ""scope"": ""open docking evidence; not Glide and not biological activity"", ""tool_id"": ""autodock_vina""}"
ev_508ee393602dbbcd899a4e61,in2_reconstructed_open_workflow,ATP-RDL-FC76E2D041DBC392,open_mmgbsa_deltaG,-33.9,,kcal/mol,open_mmgbsa_7p3w_v2,OpenMM 8.6.0 + gmx_MMPBSA 1.6.5,job_a8258c3188cba88f0d18,5aac2886aabd5879d72ba4090459c44eea6678bddfc2eba42cf3cb21a2afbe2d,2026-09-03T08:54:12.741520+00:00,"{""origin"": ""tool_execution"", ""protocol_hash"": ""cb28279704aa51f7530e0e61fc592450d43823fe1e23aad5975a638b82407aab"", ""run_id"": ""in2-7p3w-development-reference-v1"", ""scope"": ""comparative screening-level high-cost computational evidence; not activity"", ""source_pose_hash"": ""0d3cf81c7ad2094944b637f2983b099292fd809f095d58c9b064a7364cc34526"", ""source_pose_protocol"": ""vina_7p3w_v1"", ""training"": false, ""workflow"": ""in2_7p3w_reference""}"
ev_fafa6cdfc4720d1e518c4dd9,in2_reconstructed_open_workflow,ATP-RDL-FC76E2D041DBC392,open_mmgbsa_uncertainty,2.76,,kcal/mol,open_mmgbsa_7p3w_v2,OpenMM 8.6.0 + gmx_MMPBSA 1.6.5,job_a8258c3188cba88f0d18,5aac2886aabd5879d72ba4090459c44eea6678bddfc2eba42cf3cb21a2afbe2d,2026-09-03T08:54:12.744026+00:00,"{""origin"": ""tool_execution"", ""protocol_hash"": ""cb28279704aa51f7530e0e61fc592450d43823fe1e23aad5975a638b82407aab"", ""run_id"": ""in2-7p3w-development-reference-v1"", ""scope"": ""comparative screening-level high-cost computational evidence; not activity"", ""source_pose_hash"": ""0d3cf81c7ad2094944b637f2983b099292fd809f095d58c9b064a7364cc34526"", ""source_pose_protocol"": ""vina_7p3w_v1"", ""training"": false, ""workflow"": ""in2_7p3w_reference""}"
ev_58a173d14754a04fe9134b98,in2_reconstructed_open_workflow,ATP-RDL-C7B0FC4CAE17E985,open_mmgbsa_deltaG,-22.96,,kcal/mol,open_mmgbsa_7p3w_v2,OpenMM 8.6.0 + gmx_MMPBSA 1.6.5,job_191c7f640a1603965281,faecf65c22308e05bc62069c81cb404edec13e160c7cd9f56fc4e35332b0bb2e,2026-09-03T08:54:12.781649+00:00,"{""origin"": ""tool_execution"", ""protocol_hash"": ""cb28279704aa51f7530e0e61fc592450d43823fe1e23aad5975a638b82407aab"", ""run_id"": ""in2-7p3w-development-reference-v1"", ""scope"": ""comparative screening-level high-cost computational evidence; not activity"", ""source_pose_hash"": ""b0aae5110b067ab956faf0d4be5922cda97b659665f2eb42a4364472d4765d60"", ""source_pose_protocol"": ""vina_7p3w_v1"", ""training"": false, ""workflow"": ""in2_7p3w_reference""}"
ev_e413fce2b743bc14713fc8ab,in2_reconstructed_open_workflow,ATP-RDL-C7B0FC4CAE17E985,open_mmgbsa_uncertainty,2.44,,kcal/mol,open_mmgbsa_7p3w_v2,OpenMM 8.6.0 + gmx_MMPBSA 1.6.5,job_191c7f640a1603965281,faecf65c22308e05bc62069c81cb404edec13e160c7cd9f56fc4e35332b0bb2e,2026-09-03T08:54:12.782675+00:00,"{""origin"": ""tool_execution"", ""protocol_hash"": ""cb28279704aa51f7530e0e61fc592450d43823fe1e23aad5975a638b82407aab"", ""run_id"": ""in2-7p3w-development-reference-v1"", ""scope"": ""comparative screening-level high-cost computational evidence; not activity"", ""source_pose_hash"": ""b0aae5110b067ab956faf0d4be5922cda97b659665f2eb42a4364472d4765d60"", ""source_pose_protocol"": ""vina_7p3w_v1"", ""training"": false, ""workflow"": ""in2_7p3w_reference""}"
ev_1736d9c1ad131e7480295540,in2_reconstructed_open_workflow,ATP-RDL-C7B0FC4CAE17E985,reference_workflow_priority_score,60.25,,computational_priority_not_probability,reference_decision_a89f1660b634,frozen_existing_priors_plus_transparent_decision_v1,job_cac7933c91d662917f76,2deb5e2f8dc4ac92fa267d3cf83d095a3bfd45e8a82f5ca6b293355d41bc4241,2026-09-03T08:54:13.339018+00:00,"{""decision_run_id"": ""decision_28542102bdbcbe913333066a"", ""origin"": ""frozen_model_output"", ""profile"": ""computational_pre_experimental_v1""}"
ev_fa0b7356c5372be9aae0a26d,in2_reconstructed_open_workflow,ATP-RDL-C7B0FC4CAE17E985,reference_workflow_rank,"{""rank"": 1, ""rank_max"": 1, ""rank_min"": 1}",,rank,reference_decision_a89f1660b634,frozen_existing_priors_plus_transparent_decision_v1,job_cac7933c91d662917f76,2deb5e2f8dc4ac92fa267d3cf83d095a3bfd45e8a82f5ca6b293355d41bc4241,2026-09-03T08:54:13.341023+00:00,"{""decision_run_id"": ""decision_28542102bdbcbe913333066a"", ""origin"": ""frozen_model_output"", ""profile"": ""computational_pre_experimental_v1""}"
ev_ae6a1d349d65987d4671ec89,in2_reconstructed_open_workflow,ATP-RDL-FC76E2D041DBC392,reference_workflow_priority_score,49.75,,computational_priority_not_probability,reference_decision_a89f1660b634,frozen_existing_priors_plus_transparent_decision_v1,job_cac7933c91d662917f76,2deb5e2f8dc4ac92fa267d3cf83d095a3bfd45e8a82f5ca6b293355d41bc4241,2026-09-03T08:54:13.342016+00:00,"{""decision_run_id"": ""decision_28542102bdbcbe913333066a"", ""origin"": ""frozen_model_output"", ""profile"": ""computational_pre_experimental_v1""}"
ev_c94358ddd24925aaf8fe5385,in2_reconstructed_open_workflow,ATP-RDL-FC76E2D041DBC392,reference_workflow_rank,"{""rank"": 2, ""rank_max"": 2, ""rank_min"": 2}",,rank,reference_decision_a89f1660b634,frozen_existing_priors_plus_transparent_decision_v1,job_cac7933c91d662917f76,2deb5e2f8dc4ac92fa267d3cf83d095a3bfd45e8a82f5ca6b293355d41bc4241,2026-09-03T08:54:13.342016+00:00,"{""decision_run_id"": ""decision_28542102bdbcbe913333066a"", ""origin"": ""frozen_model_output"", ""profile"": ""computational_pre_experimental_v1""}"
ev_d964f7b505b83b49a3bfaf46,in2_reconstructed_open_workflow,ATP-RDL-FC76E2D041DBC392,open_mmgbsa_deltaG,-33.9,,kcal/mol,open_mmgbsa_7p3w_v2,OpenMM 8.6.0 + gmx_MMPBSA 1.6.5,job_8a45641ac3a3e3b153b5,5aac2886aabd5879d72ba4090459c44eea6678bddfc2eba42cf3cb21a2afbe2d,2026-09-03T13:32:31.641176+00:00,"{""origin"": ""tool_execution"", ""protocol_hash"": ""cb28279704aa51f7530e0e61fc592450d43823fe1e23aad5975a638b82407aab"", ""run_id"": ""in2-7p3w-smoke-reference-v1"", ""scope"": ""comparative screening-level high-cost computational evidence; not activity"", ""source_pose_hash"": ""0d3cf81c7ad2094944b637f2983b099292fd809f095d58c9b064a7364cc34526"", ""source_pose_protocol"": ""vina_7p3w_v1"", ""training"": false, ""workflow"": ""in2_7p3w_reference""}"
ev_4777dd0d2eefdde499ebd6e0,in2_reconstructed_open_workflow,ATP-RDL-FC76E2D041DBC392,open_mmgbsa_uncertainty,2.76,,kcal/mol,open_mmgbsa_7p3w_v2,OpenMM 8.6.0 + gmx_MMPBSA 1.6.5,job_8a45641ac3a3e3b153b5,5aac2886aabd5879d72ba4090459c44eea6678bddfc2eba42cf3cb21a2afbe2d,2026-09-03T13:32:31.644172+00:00,"{""origin"": ""tool_execution"", ""protocol_hash"": ""cb28279704aa51f7530e0e61fc592450d43823fe1e23aad5975a638b82407aab"", ""run_id"": ""in2-7p3w-smoke-reference-v1"", ""scope"": ""comparative screening-level high-cost computational evidence; not activity"", ""source_pose_hash"": ""0d3cf81c7ad2094944b637f2983b099292fd809f095d58c9b064a7364cc34526"", ""source_pose_protocol"": ""vina_7p3w_v1"", ""training"": false, ""workflow"": ""in2_7p3w_reference""}"
ev_ae9a0a3072881ca3ade082fd,in2_reconstructed_open_workflow,ATP-RDL-FC76E2D041DBC392,open_mmgbsa_deltaG,-33.9,,kcal/mol,open_mmgbsa_7p3w_v2,OpenMM 8.6.0 + gmx_MMPBSA 1.6.5,job_2b920b2e446d2caa44eb,5aac2886aabd5879d72ba4090459c44eea6678bddfc2eba42cf3cb21a2afbe2d,2026-09-03T13:32:42.097570+00:00,"{""origin"": ""tool_execution"", ""protocol_hash"": ""cb28279704aa51f7530e0e61fc592450d43823fe1e23aad5975a638b82407aab"", ""run_id"": ""in2-7p3w-development-reference-v1"", ""scope"": ""comparative screening-level high-cost computational evidence; not activity"", ""source_pose_hash"": ""0d3cf81c7ad2094944b637f2983b099292fd809f095d58c9b064a7364cc34526"", ""source_pose_protocol"": ""vina_7p3w_v1"", ""training"": false, ""workflow"": ""in2_7p3w_reference""}"
ev_4f56f2624ce7d663c3bed3fd,in2_reconstructed_open_workflow,ATP-RDL-FC76E2D041DBC392,open_mmgbsa_uncertainty,2.76,,kcal/mol,open_mmgbsa_7p3w_v2,OpenMM 8.6.0 + gmx_MMPBSA 1.6.5,job_2b920b2e446d2caa44eb,5aac2886aabd5879d72ba4090459c44eea6678bddfc2eba42cf3cb21a2afbe2d,2026-09-03T13:32:42.098570+00:00,"{""origin"": ""tool_execution"", ""protocol_hash"": ""cb28279704aa51f7530e0e61fc592450d43823fe1e23aad5975a638b82407aab"", ""run_id"": ""in2-7p3w-development-reference-v1"", ""scope"": ""comparative screening-level high-cost computational evidence; not activity"", ""source_pose_hash"": ""0d3cf81c7ad2094944b637f2983b099292fd809f095d58c9b064a7364cc34526"", ""source_pose_protocol"": ""vina_7p3w_v1"", ""training"": false, ""workflow"": ""in2_7p3w_reference""}"
ev_06d84b9de688e02de965b9c3,in2_reconstructed_open_workflow,ATP-RDL-C7B0FC4CAE17E985,open_mmgbsa_deltaG,-22.96,,kcal/mol,open_mmgbsa_7p3w_v2,OpenMM 8.6.0 + gmx_MMPBSA 1.6.5,job_3fc3300f5e98d6fa4c15,faecf65c22308e05bc62069c81cb404edec13e160c7cd9f56fc4e35332b0bb2e,2026-09-03T13:32:42.121118+00:00,"{""origin"": ""tool_execution"", ""protocol_hash"": ""cb28279704aa51f7530e0e61fc592450d43823fe1e23aad5975a638b82407aab"", ""run_id"": ""in2-7p3w-development-reference-v1"", ""scope"": ""comparative screening-level high-cost computational evidence; not activity"", ""source_pose_hash"": ""b0aae5110b067ab956faf0d4be5922cda97b659665f2eb42a4364472d4765d60"", ""source_pose_protocol"": ""vina_7p3w_v1"", ""training"": false, ""workflow"": ""in2_7p3w_reference""}"
ev_b5a35172b6e4b4b6f4a00c70,in2_reconstructed_open_workflow,ATP-RDL-C7B0FC4CAE17E985,open_mmgbsa_uncertainty,2.44,,kcal/mol,open_mmgbsa_7p3w_v2,OpenMM 8.6.0 + gmx_MMPBSA 1.6.5,job_3fc3300f5e98d6fa4c15,faecf65c22308e05bc62069c81cb404edec13e160c7cd9f56fc4e35332b0bb2e,2026-09-03T13:32:42.122118+00:00,"{""origin"": ""tool_execution"", ""protocol_hash"": ""cb28279704aa51f7530e0e61fc592450d43823fe1e23aad5975a638b82407aab"", ""run_id"": ""in2-7p3w-development-reference-v1"", ""scope"": ""comparative screening-level high-cost computational evidence; not activity"", ""source_pose_hash"": ""b0aae5110b067ab956faf0d4be5922cda97b659665f2eb42a4364472d4765d60"", ""source_pose_protocol"": ""vina_7p3w_v1"", ""training"": false, ""workflow"": ""in2_7p3w_reference""}"
